backend,method,n_trials,avg_ms,std_ms,p50_ms,p95_ms,min_ms,max_ms
legacy,euler,20,35.19255400015027,4.059863747313955,34.460206500625645,41.51851450023969,29.838757000106853,44.5230889999948
torchdiffeq,euler,20,33.74106004994246,4.984180466604405,31.83361050014355,40.79848234887323,29.32478199909383,50.41927199999918
legacy,midpoint,20,72.05121694996706,14.447141626960505,74.05939799991756,88.67732060025446,47.1405850003066,88.94996299932245
torchdiffeq,midpoint,20,52.328161649893445,6.060148337318036,50.61576400021295,64.97105634898617,47.57575899930089,73.92181099930895
legacy,rk4,20,102.74591850011348,8.027847150850038,99.72211900003458,122.79060835153359,95.59735999937402,125.15168800018728
torchdiffeq,rk4,20,98.49599654990016,7.166754914606923,96.42206199987413,112.19918209899333,89.0620289992512,114.40147400026035
