backend,method,n_trials,avg_ms,std_ms,p50_ms,p95_ms,min_ms,max_ms
legacy,euler,20,67.91909014993962,11.878181729842863,63.537952499928,95.4526980497576,58.51069199979975,99.32909799999834
torchdiffeq,euler,20,66.68422764998923,6.981321216397886,64.222639000036,82.34299700006886,60.294467999938206,84.07017299987274
legacy,midpoint,20,118.6056081499828,6.550445921646134,115.95610900008069,129.39142474974688,111.9939099999101,136.721999999736
torchdiffeq,midpoint,20,145.5917469500264,24.91273019524716,137.32448650011975,189.17201514962017,117.89494599997852,195.21278299998812
legacy,rk4,20,289.2730394499267,56.70883718946497,261.9614425000236,388.2763477997514,229.1424499999266,394.122263999634
torchdiffeq,rk4,20,242.6119725000035,13.374837184165692,239.39052700029606,269.4947387003367,224.54009500006578,269.5132580001882
