backend,method,n_trials,avg_ms,std_ms,p50_ms,p95_ms,min_ms,max_ms
legacy_euler,euler,100,15.524266539960081,0.763046923109444,15.259739000157424,17.101535099664034,13.840481999977783,18.51769399945624
torchdiffeq,euler,100,25.170731300022453,3.5402177584449745,23.909858500246628,31.592920899947785,21.99527799984935,41.14811399995233
torchdiffeq,midpoint,100,38.063822479980445,6.106449891464443,35.9817890002887,51.81267120033226,32.56571299971256,76.43342499977734
torchdiffeq,rk4,100,67.6854744999946,2.9019552092985936,67.46668249979848,71.26145230013208,63.454444999479165,88.97085199987487
