backend,method,n_trials,avg_ms,std_ms,p50_ms,p95_ms,min_ms,max_ms
legacy,euler,20,179.0677964999304,21.915341390317618,168.97584599973925,227.92678135037931,167.22095299883222,246.35606599986204
torchdiffeq,euler,20,189.8600346998137,5.593307985286439,187.97300499954872,203.29204925064914,184.5330340001965,203.90999099981855
legacy,midpoint,20,348.39340664984775,13.689498930743097,341.70108450052794,378.41559779890304,339.00868499949866,383.51454800067586
torchdiffeq,midpoint,20,363.98183400015114,6.505852999929186,361.91151950060885,369.62321399960274,356.4217410003039,388.73126700127614
legacy,rk4,20,710.2349631999459,31.12200898855509,701.3268114997118,758.08793759943,692.6849660012522,834.2505509990588
torchdiffeq,rk4,20,743.9653600501515,19.67836478627635,736.7220144997191,782.5906775507065,728.7016410009528,810.1712209991092
