=== DA_UAV_v1 loading log ===

Loaded:          1299
Failed:          0
Skipped:         0
Without timing:  21

[WARN   ] cand3/seed6/none/fm_only: no per-rollout timing found — avg_time / fm_ms / proj_ms are NaN. The npz never carries timing; it needs diagnostics/*.json.
[WARN   ] cand4/seed6/none/diffuser: no per-rollout timing found — avg_time / fm_ms / proj_ms are NaN. The npz never carries timing; it needs diagnostics/*.json.
[WARN   ] cand4/seed6/none/dpcc-c: no per-rollout timing found — avg_time / fm_ms / proj_ms are NaN. The npz never carries timing; it needs diagnostics/*.json.
[WARN   ] cand4/seed6/none/dpcc-r: no per-rollout timing found — avg_time / fm_ms / proj_ms are NaN. The npz never carries timing; it needs diagnostics/*.json.
[WARN   ] cand4/seed6/none/dpcc-t: no per-rollout timing found — avg_time / fm_ms / proj_ms are NaN. The npz never carries timing; it needs diagnostics/*.json.
[WARN   ] cand10/seed6/none/fm_only: no per-rollout timing found — avg_time / fm_ms / proj_ms are NaN. The npz never carries timing; it needs diagnostics/*.json.
[WARN   ] cand11/seed6/none/diffuser: no per-rollout timing found — avg_time / fm_ms / proj_ms are NaN. The npz never carries timing; it needs diagnostics/*.json.
[WARN   ] cand11/seed6/none/dpcc-c: no per-rollout timing found — avg_time / fm_ms / proj_ms are NaN. The npz never carries timing; it needs diagnostics/*.json.
[WARN   ] cand11/seed6/none/dpcc-r: no per-rollout timing found — avg_time / fm_ms / proj_ms are NaN. The npz never carries timing; it needs diagnostics/*.json.
[WARN   ] cand11/seed6/none/dpcc-t: no per-rollout timing found — avg_time / fm_ms / proj_ms are NaN. The npz never carries timing; it needs diagnostics/*.json.
[WARN   ] cand12/seed6/eval(legacy)/fm_only: no per-rollout timing found — avg_time / fm_ms / proj_ms are NaN. The npz never carries timing; it needs diagnostics/*.json.
[WARN   ] cand20/seed6/none/diffuser: no per-rollout timing found — avg_time / fm_ms / proj_ms are NaN. The npz never carries timing; it needs diagnostics/*.json.
[WARN   ] cand20/seed6/none/dpcc-c: no per-rollout timing found — avg_time / fm_ms / proj_ms are NaN. The npz never carries timing; it needs diagnostics/*.json.
[WARN   ] cand20/seed6/none/dpcc-r: no per-rollout timing found — avg_time / fm_ms / proj_ms are NaN. The npz never carries timing; it needs diagnostics/*.json.
[WARN   ] cand20/seed6/none/dpcc-t: no per-rollout timing found — avg_time / fm_ms / proj_ms are NaN. The npz never carries timing; it needs diagnostics/*.json.
[WARN   ] cand21/seed6/none/diffuser: no per-rollout timing found — avg_time / fm_ms / proj_ms are NaN. The npz never carries timing; it needs diagnostics/*.json.
[WARN   ] cand21/seed6/none/dpcc-c: no per-rollout timing found — avg_time / fm_ms / proj_ms are NaN. The npz never carries timing; it needs diagnostics/*.json.
[WARN   ] cand21/seed6/none/dpcc-r: no per-rollout timing found — avg_time / fm_ms / proj_ms are NaN. The npz never carries timing; it needs diagnostics/*.json.
[WARN   ] cand21/seed6/none/dpcc-t: no per-rollout timing found — avg_time / fm_ms / proj_ms are NaN. The npz never carries timing; it needs diagnostics/*.json.
[WARN   ] cand26/seed6/none/fm_only: no per-rollout timing found — avg_time / fm_ms / proj_ms are NaN. The npz never carries timing; it needs diagnostics/*.json.
[WARN   ] cand27/seed6/none/fm_only: no per-rollout timing found — avg_time / fm_ms / proj_ms are NaN. The npz never carries timing; it needs diagnostics/*.json.
[SKIP   ] cand29/seed6/corridor_hg_bounds+dynamics+geo_bounds+halfspace+obstacles/diffuser: key divergence_reason shape (10,) not tabular
[SKIP   ] cand29/seed6/corridor_hg_bounds+dynamics+geo_bounds+halfspace+obstacles/dpcc-c: key divergence_reason shape (10,) not tabular
[SKIP   ] cand29/seed6/corridor_hg_bounds+dynamics+geo_bounds+halfspace+obstacles/dpcc-c-geo_free: key divergence_reason shape (10,) not tabular
[SKIP   ] cand29/seed6/corridor_hg_bounds+dynamics+geo_bounds+halfspace+obstacles/dpcc-c-tightened: key divergence_reason shape (10,) not tabular
[SKIP   ] cand29/seed6/corridor_hg_bounds+dynamics+geo_bounds+halfspace+obstacles/dpcc-r: key divergence_reason shape (10,) not tabular
[SKIP   ] cand29/seed6/corridor_hg_bounds+dynamics+geo_bounds+halfspace+obstacles/dpcc-r-geo_free: key divergence_reason shape (10,) not tabular
[SKIP   ] cand29/seed6/corridor_hg_bounds+dynamics+geo_bounds+halfspace+obstacles/dpcc-r-tightened: key divergence_reason shape (10,) not tabular
[SKIP   ] cand29/seed6/corridor_hg_bounds+dynamics+geo_bounds+halfspace+obstacles/dpcc-t: key divergence_reason shape (10,) not tabular
[SKIP   ] cand29/seed6/corridor_hg_bounds+dynamics+geo_bounds+halfspace+obstacles/dpcc-t-geo_free: key divergence_reason shape (10,) not tabular
[SKIP   ] cand29/seed6/corridor_hg_bounds+dynamics+geo_bounds+halfspace+obstacles/dpcc-t-tightened: key divergence_reason shape (10,) not tabular
[SKIP   ] cand30/seed6/corridor_hg_bounds+dynamics+geo_bounds+halfspace+obstacles/diffuser: key divergence_reason shape (10,) not tabular
[SKIP   ] cand30/seed6/corridor_hg_bounds+dynamics+geo_bounds+halfspace+obstacles/dpcc-c: key divergence_reason shape (10,) not tabular
[SKIP   ] cand30/seed6/corridor_hg_bounds+dynamics+geo_bounds+halfspace+obstacles/dpcc-c-geo_free: key divergence_reason shape (10,) not tabular
[SKIP   ] cand30/seed6/corridor_hg_bounds+dynamics+geo_bounds+halfspace+obstacles/dpcc-c-tightened: key divergence_reason shape (10,) not tabular
[SKIP   ] cand30/seed6/corridor_hg_bounds+dynamics+geo_bounds+halfspace+obstacles/dpcc-r: key divergence_reason shape (10,) not tabular
[SKIP   ] cand30/seed6/corridor_hg_bounds+dynamics+geo_bounds+halfspace+obstacles/dpcc-r-geo_free: key divergence_reason shape (10,) not tabular
[SKIP   ] cand30/seed6/corridor_hg_bounds+dynamics+geo_bounds+halfspace+obstacles/dpcc-r-tightened: key divergence_reason shape (10,) not tabular
[SKIP   ] cand30/seed6/corridor_hg_bounds+dynamics+geo_bounds+halfspace+obstacles/dpcc-t: key divergence_reason shape (10,) not tabular
[SKIP   ] cand30/seed6/corridor_hg_bounds+dynamics+geo_bounds+halfspace+obstacles/dpcc-t-geo_free: key divergence_reason shape (10,) not tabular
[SKIP   ] cand30/seed6/corridor_hg_bounds+dynamics+geo_bounds+halfspace+obstacles/dpcc-t-tightened: key divergence_reason shape (10,) not tabular
[WARN   ] cand31/seed6/corridor_bounds+dynamics+geo_bounds+halfspace+obstacles/hardflow_new-c: HardFlow arm is DEGENERATE (K=1, A=0.5, n_genuine=0) — this row is sample-then-project, not HardFlow. Do not label it a HardFlow result. See logs_in_develop/aggregated_hardflow_lowK/
[WARN   ] cand31/seed6/corridor_bounds+dynamics+geo_bounds+halfspace+obstacles/hardflow_new-r: HardFlow arm is DEGENERATE (K=1, A=0.5, n_genuine=0) — this row is sample-then-project, not HardFlow. Do not label it a HardFlow result. See logs_in_develop/aggregated_hardflow_lowK/
[WARN   ] cand31/seed6/corridor_bounds+dynamics+geo_bounds+halfspace+obstacles/hardflow_new-t: HardFlow arm is DEGENERATE (K=1, A=0.5, n_genuine=0) — this row is sample-then-project, not HardFlow. Do not label it a HardFlow result. See logs_in_develop/aggregated_hardflow_lowK/
[WARN   ] cand32/seed6/corridor_bounds+dynamics+geo_bounds+halfspace+obstacles/hardflow_new-c: HardFlow arm is DEGENERATE (K=2, A=0.5, n_genuine=0) — this row is sample-then-project, not HardFlow. Do not label it a HardFlow result. See logs_in_develop/aggregated_hardflow_lowK/
[WARN   ] cand32/seed6/corridor_bounds+dynamics+geo_bounds+halfspace+obstacles/hardflow_new-r: HardFlow arm is DEGENERATE (K=2, A=0.5, n_genuine=0) — this row is sample-then-project, not HardFlow. Do not label it a HardFlow result. See logs_in_develop/aggregated_hardflow_lowK/
[WARN   ] cand32/seed6/corridor_bounds+dynamics+geo_bounds+halfspace+obstacles/hardflow_new-t: HardFlow arm is DEGENERATE (K=2, A=0.5, n_genuine=0) — this row is sample-then-project, not HardFlow. Do not label it a HardFlow result. See logs_in_develop/aggregated_hardflow_lowK/
[WARN   ] cand35/seed6/corridor_bounds+dynamics+geo_bounds+halfspace+obstacles/hardflow_new: HardFlow arm is DEGENERATE (K=1, A=0.5, n_genuine=0) — this row is sample-then-project, not HardFlow. Do not label it a HardFlow result. See logs_in_develop/aggregated_hardflow_lowK/
[WARN   ] cand35/seed6/corridor_bounds+dynamics+geo_bounds+halfspace+obstacles/hardflow_new-c: HardFlow arm is DEGENERATE (K=1, A=0.5, n_genuine=0) — this row is sample-then-project, not HardFlow. Do not label it a HardFlow result. See logs_in_develop/aggregated_hardflow_lowK/
[WARN   ] cand35/seed6/corridor_bounds+dynamics+geo_bounds+halfspace+obstacles/hardflow_new-t: HardFlow arm is DEGENERATE (K=1, A=0.5, n_genuine=0) — this row is sample-then-project, not HardFlow. Do not label it a HardFlow result. See logs_in_develop/aggregated_hardflow_lowK/
[WARN   ] cand37/seed6/corridor_bounds+dynamics+geo_bounds+halfspace+obstacles/hardflow_new: HardFlow arm is DEGENERATE (K=2, A=0.5, n_genuine=0) — this row is sample-then-project, not HardFlow. Do not label it a HardFlow result. See logs_in_develop/aggregated_hardflow_lowK/
[WARN   ] cand37/seed6/corridor_bounds+dynamics+geo_bounds+halfspace+obstacles/hardflow_new-c: HardFlow arm is DEGENERATE (K=2, A=0.5, n_genuine=0) — this row is sample-then-project, not HardFlow. Do not label it a HardFlow result. See logs_in_develop/aggregated_hardflow_lowK/
[WARN   ] cand37/seed6/corridor_bounds+dynamics+geo_bounds+halfspace+obstacles/hardflow_new-t: HardFlow arm is DEGENERATE (K=2, A=0.5, n_genuine=0) — this row is sample-then-project, not HardFlow. Do not label it a HardFlow result. See logs_in_develop/aggregated_hardflow_lowK/
[SKIP   ] cand38/seed6/corridor_hg_bounds+dynamics+geo_bounds+halfspace+obstacles/diffuser: key divergence_reason shape (10,) not tabular
[SKIP   ] cand38/seed6/corridor_hg_bounds+dynamics+geo_bounds+halfspace+obstacles/dpcc-c: key divergence_reason shape (10,) not tabular
[SKIP   ] cand38/seed6/corridor_hg_bounds+dynamics+geo_bounds+halfspace+obstacles/dpcc-c-geo_free: key divergence_reason shape (10,) not tabular
[SKIP   ] cand38/seed6/corridor_hg_bounds+dynamics+geo_bounds+halfspace+obstacles/dpcc-c-tightened: key divergence_reason shape (10,) not tabular
[SKIP   ] cand38/seed6/corridor_hg_bounds+dynamics+geo_bounds+halfspace+obstacles/dpcc-r: key divergence_reason shape (10,) not tabular
[SKIP   ] cand38/seed6/corridor_hg_bounds+dynamics+geo_bounds+halfspace+obstacles/dpcc-r-geo_free: key divergence_reason shape (10,) not tabular
[SKIP   ] cand38/seed6/corridor_hg_bounds+dynamics+geo_bounds+halfspace+obstacles/dpcc-r-tightened: key divergence_reason shape (10,) not tabular
[SKIP   ] cand38/seed6/corridor_hg_bounds+dynamics+geo_bounds+halfspace+obstacles/dpcc-t: key divergence_reason shape (10,) not tabular
[SKIP   ] cand38/seed6/corridor_hg_bounds+dynamics+geo_bounds+halfspace+obstacles/dpcc-t-geo_free: key divergence_reason shape (10,) not tabular
[SKIP   ] cand38/seed6/corridor_hg_bounds+dynamics+geo_bounds+halfspace+obstacles/dpcc-t-tightened: key divergence_reason shape (10,) not tabular
[WARN   ] cand41/seed6/corridor_bounds+dynamics+geo_bounds+halfspace+obstacles/hardflow_new: HardFlow arm is DEGENERATE (K=1, A=0.5, n_genuine=0) — this row is sample-then-project, not HardFlow. Do not label it a HardFlow result. See logs_in_develop/aggregated_hardflow_lowK/
[WARN   ] cand41/seed6/corridor_bounds+dynamics+geo_bounds+halfspace+obstacles/hardflow_new-c: HardFlow arm is DEGENERATE (K=1, A=0.5, n_genuine=0) — this row is sample-then-project, not HardFlow. Do not label it a HardFlow result. See logs_in_develop/aggregated_hardflow_lowK/
[WARN   ] cand41/seed6/corridor_bounds+dynamics+geo_bounds+halfspace+obstacles/hardflow_new-t: HardFlow arm is DEGENERATE (K=1, A=0.5, n_genuine=0) — this row is sample-then-project, not HardFlow. Do not label it a HardFlow result. See logs_in_develop/aggregated_hardflow_lowK/
[WARN   ] cand43/seed6/corridor_bounds+dynamics+geo_bounds+halfspace+obstacles/hardflow_new: HardFlow arm is DEGENERATE (K=2, A=0.5, n_genuine=0) — this row is sample-then-project, not HardFlow. Do not label it a HardFlow result. See logs_in_develop/aggregated_hardflow_lowK/
[WARN   ] cand43/seed6/corridor_bounds+dynamics+geo_bounds+halfspace+obstacles/hardflow_new-c: HardFlow arm is DEGENERATE (K=2, A=0.5, n_genuine=0) — this row is sample-then-project, not HardFlow. Do not label it a HardFlow result. See logs_in_develop/aggregated_hardflow_lowK/
[WARN   ] cand43/seed6/corridor_bounds+dynamics+geo_bounds+halfspace+obstacles/hardflow_new-t: HardFlow arm is DEGENERATE (K=2, A=0.5, n_genuine=0) — this row is sample-then-project, not HardFlow. Do not label it a HardFlow result. See logs_in_develop/aggregated_hardflow_lowK/
[SKIP   ] cand44/seed6/corridor_hg_bounds+dynamics+geo_bounds+halfspace+obstacles/diffuser: key divergence_reason shape (10,) not tabular
[SKIP   ] cand44/seed6/corridor_hg_bounds+dynamics+geo_bounds+halfspace+obstacles/dpcc-c: key divergence_reason shape (10,) not tabular
[SKIP   ] cand44/seed6/corridor_hg_bounds+dynamics+geo_bounds+halfspace+obstacles/dpcc-c-geo_free: key divergence_reason shape (10,) not tabular
[SKIP   ] cand44/seed6/corridor_hg_bounds+dynamics+geo_bounds+halfspace+obstacles/dpcc-c-tightened: key divergence_reason shape (10,) not tabular
[SKIP   ] cand44/seed6/corridor_hg_bounds+dynamics+geo_bounds+halfspace+obstacles/dpcc-r: key divergence_reason shape (10,) not tabular
[SKIP   ] cand44/seed6/corridor_hg_bounds+dynamics+geo_bounds+halfspace+obstacles/dpcc-r-geo_free: key divergence_reason shape (10,) not tabular
[SKIP   ] cand44/seed6/corridor_hg_bounds+dynamics+geo_bounds+halfspace+obstacles/dpcc-r-tightened: key divergence_reason shape (10,) not tabular
[SKIP   ] cand44/seed6/corridor_hg_bounds+dynamics+geo_bounds+halfspace+obstacles/dpcc-t: key divergence_reason shape (10,) not tabular
[SKIP   ] cand44/seed6/corridor_hg_bounds+dynamics+geo_bounds+halfspace+obstacles/dpcc-t-geo_free: key divergence_reason shape (10,) not tabular
[SKIP   ] cand44/seed6/corridor_hg_bounds+dynamics+geo_bounds+halfspace+obstacles/dpcc-t-tightened: key divergence_reason shape (10,) not tabular
[SKIP   ] cand46/seed6/pillars_bounds+dynamics+geo_bounds+obstacles/diffuser: key divergence_reason shape (10,) not tabular
[SKIP   ] cand46/seed6/pillars_bounds+dynamics+geo_bounds+obstacles/dpcc-c: key divergence_reason shape (10,) not tabular
[SKIP   ] cand46/seed6/pillars_bounds+dynamics+geo_bounds+obstacles/dpcc-c-geo_free: key divergence_reason shape (10,) not tabular
[SKIP   ] cand46/seed6/pillars_bounds+dynamics+geo_bounds+obstacles/dpcc-c-tightened: key divergence_reason shape (10,) not tabular
[SKIP   ] cand46/seed6/pillars_bounds+dynamics+geo_bounds+obstacles/dpcc-r: key divergence_reason shape (10,) not tabular
[SKIP   ] cand46/seed6/pillars_bounds+dynamics+geo_bounds+obstacles/dpcc-r-geo_free: key divergence_reason shape (10,) not tabular
[SKIP   ] cand46/seed6/pillars_bounds+dynamics+geo_bounds+obstacles/dpcc-r-tightened: key divergence_reason shape (10,) not tabular
[SKIP   ] cand46/seed6/pillars_bounds+dynamics+geo_bounds+obstacles/dpcc-t: key divergence_reason shape (10,) not tabular
[SKIP   ] cand46/seed6/pillars_bounds+dynamics+geo_bounds+obstacles/dpcc-t-geo_free: key divergence_reason shape (10,) not tabular
[SKIP   ] cand46/seed6/pillars_bounds+dynamics+geo_bounds+obstacles/dpcc-t-tightened: key divergence_reason shape (10,) not tabular
[SKIP   ] cand47/seed6/pillars_hg_bounds+dynamics+geo_bounds+obstacles/diffuser: key divergence_reason shape (10,) not tabular
[SKIP   ] cand47/seed6/pillars_hg_bounds+dynamics+geo_bounds+obstacles/dpcc-c: key divergence_reason shape (10,) not tabular
[SKIP   ] cand47/seed6/pillars_hg_bounds+dynamics+geo_bounds+obstacles/dpcc-c-geo_free: key divergence_reason shape (10,) not tabular
[SKIP   ] cand47/seed6/pillars_hg_bounds+dynamics+geo_bounds+obstacles/dpcc-c-tightened: key divergence_reason shape (10,) not tabular
[SKIP   ] cand47/seed6/pillars_hg_bounds+dynamics+geo_bounds+obstacles/dpcc-r: key divergence_reason shape (10,) not tabular
[SKIP   ] cand47/seed6/pillars_hg_bounds+dynamics+geo_bounds+obstacles/dpcc-r-geo_free: key divergence_reason shape (10,) not tabular
[SKIP   ] cand47/seed6/pillars_hg_bounds+dynamics+geo_bounds+obstacles/dpcc-r-tightened: key divergence_reason shape (10,) not tabular
[SKIP   ] cand47/seed6/pillars_hg_bounds+dynamics+geo_bounds+obstacles/dpcc-t: key divergence_reason shape (10,) not tabular
[SKIP   ] cand47/seed6/pillars_hg_bounds+dynamics+geo_bounds+obstacles/dpcc-t-geo_free: key divergence_reason shape (10,) not tabular
[SKIP   ] cand47/seed6/pillars_hg_bounds+dynamics+geo_bounds+obstacles/dpcc-t-tightened: key divergence_reason shape (10,) not tabular
[SKIP   ] cand48/seed6/pillars_bounds+dynamics+geo_bounds+obstacles/diffuser: key divergence_reason shape (10,) not tabular
[SKIP   ] cand48/seed6/pillars_bounds+dynamics+geo_bounds+obstacles/dpcc-c: key divergence_reason shape (10,) not tabular
[SKIP   ] cand48/seed6/pillars_bounds+dynamics+geo_bounds+obstacles/dpcc-c-geo_free: key divergence_reason shape (10,) not tabular
[SKIP   ] cand48/seed6/pillars_bounds+dynamics+geo_bounds+obstacles/dpcc-c-tightened: key divergence_reason shape (10,) not tabular
[SKIP   ] cand48/seed6/pillars_bounds+dynamics+geo_bounds+obstacles/dpcc-r: key divergence_reason shape (10,) not tabular
[SKIP   ] cand48/seed6/pillars_bounds+dynamics+geo_bounds+obstacles/dpcc-r-geo_free: key divergence_reason shape (10,) not tabular
[SKIP   ] cand48/seed6/pillars_bounds+dynamics+geo_bounds+obstacles/dpcc-r-tightened: key divergence_reason shape (10,) not tabular
[SKIP   ] cand48/seed6/pillars_bounds+dynamics+geo_bounds+obstacles/dpcc-t: key divergence_reason shape (10,) not tabular
[SKIP   ] cand48/seed6/pillars_bounds+dynamics+geo_bounds+obstacles/dpcc-t-geo_free: key divergence_reason shape (10,) not tabular
[SKIP   ] cand48/seed6/pillars_bounds+dynamics+geo_bounds+obstacles/dpcc-t-tightened: key divergence_reason shape (10,) not tabular
[SKIP   ] cand49/seed6/pillars_hg_bounds+dynamics+geo_bounds+obstacles/diffuser: key divergence_reason shape (10,) not tabular
[SKIP   ] cand49/seed6/pillars_hg_bounds+dynamics+geo_bounds+obstacles/dpcc-c: key divergence_reason shape (10,) not tabular
[SKIP   ] cand49/seed6/pillars_hg_bounds+dynamics+geo_bounds+obstacles/dpcc-c-geo_free: key divergence_reason shape (10,) not tabular
[SKIP   ] cand49/seed6/pillars_hg_bounds+dynamics+geo_bounds+obstacles/dpcc-c-tightened: key divergence_reason shape (10,) not tabular
[SKIP   ] cand49/seed6/pillars_hg_bounds+dynamics+geo_bounds+obstacles/dpcc-r: key divergence_reason shape (10,) not tabular
[SKIP   ] cand49/seed6/pillars_hg_bounds+dynamics+geo_bounds+obstacles/dpcc-r-geo_free: key divergence_reason shape (10,) not tabular
[SKIP   ] cand49/seed6/pillars_hg_bounds+dynamics+geo_bounds+obstacles/dpcc-r-tightened: key divergence_reason shape (10,) not tabular
[SKIP   ] cand49/seed6/pillars_hg_bounds+dynamics+geo_bounds+obstacles/dpcc-t: key divergence_reason shape (10,) not tabular
[SKIP   ] cand49/seed6/pillars_hg_bounds+dynamics+geo_bounds+obstacles/dpcc-t-geo_free: key divergence_reason shape (10,) not tabular
[SKIP   ] cand49/seed6/pillars_hg_bounds+dynamics+geo_bounds+obstacles/dpcc-t-tightened: key divergence_reason shape (10,) not tabular
[SKIP   ] cand50/seed6/pillars_hg_bounds+dynamics+geo_bounds+obstacles/diffuser: key divergence_reason shape (10,) not tabular
[SKIP   ] cand50/seed6/pillars_hg_bounds+dynamics+geo_bounds+obstacles/dpcc-c: key divergence_reason shape (10,) not tabular
[SKIP   ] cand50/seed6/pillars_hg_bounds+dynamics+geo_bounds+obstacles/dpcc-c-geo_free: key divergence_reason shape (10,) not tabular
[SKIP   ] cand50/seed6/pillars_hg_bounds+dynamics+geo_bounds+obstacles/dpcc-c-tightened: key divergence_reason shape (10,) not tabular
[SKIP   ] cand50/seed6/pillars_hg_bounds+dynamics+geo_bounds+obstacles/dpcc-r: key divergence_reason shape (10,) not tabular
[SKIP   ] cand50/seed6/pillars_hg_bounds+dynamics+geo_bounds+obstacles/dpcc-r-geo_free: key divergence_reason shape (10,) not tabular
[SKIP   ] cand50/seed6/pillars_hg_bounds+dynamics+geo_bounds+obstacles/dpcc-r-tightened: key divergence_reason shape (10,) not tabular
[SKIP   ] cand50/seed6/pillars_hg_bounds+dynamics+geo_bounds+obstacles/dpcc-t: key divergence_reason shape (10,) not tabular
[SKIP   ] cand50/seed6/pillars_hg_bounds+dynamics+geo_bounds+obstacles/dpcc-t-geo_free: key divergence_reason shape (10,) not tabular
[SKIP   ] cand50/seed6/pillars_hg_bounds+dynamics+geo_bounds+obstacles/dpcc-t-tightened: key divergence_reason shape (10,) not tabular
[SKIP   ] cand50/seed6/pillars_hg_bounds+dynamics+geo_bounds+obstacles/hardflow_sls: key divergence_reason shape (10,) not tabular
[SKIP   ] cand50/seed6/pillars_hg_bounds+dynamics+geo_bounds+obstacles/hardflow_sls-c: key divergence_reason shape (10,) not tabular
[SKIP   ] cand50/seed6/pillars_hg_bounds+dynamics+geo_bounds+obstacles/hardflow_sls-c-geo_free: key divergence_reason shape (10,) not tabular
[SKIP   ] cand50/seed6/pillars_hg_bounds+dynamics+geo_bounds+obstacles/hardflow_sls-r: key divergence_reason shape (10,) not tabular
[SKIP   ] cand50/seed6/pillars_hg_bounds+dynamics+geo_bounds+obstacles/hardflow_sls-r-geo_free: key divergence_reason shape (10,) not tabular
[SKIP   ] cand50/seed6/pillars_hg_bounds+dynamics+geo_bounds+obstacles/hardflow_sls-t: key divergence_reason shape (10,) not tabular
[SKIP   ] cand50/seed6/pillars_hg_bounds+dynamics+geo_bounds+obstacles/hardflow_sls-t-geo_free: key divergence_reason shape (10,) not tabular
[SKIP   ] cand51/seed6/pillars_bounds+dynamics+geo_bounds+obstacles/diffuser: key divergence_reason shape (10,) not tabular
[SKIP   ] cand51/seed6/pillars_bounds+dynamics+geo_bounds+obstacles/dpcc-c: key divergence_reason shape (10,) not tabular
[SKIP   ] cand51/seed6/pillars_bounds+dynamics+geo_bounds+obstacles/dpcc-c-geo_free: key divergence_reason shape (10,) not tabular
[SKIP   ] cand51/seed6/pillars_bounds+dynamics+geo_bounds+obstacles/dpcc-c-tightened: key divergence_reason shape (10,) not tabular
[SKIP   ] cand51/seed6/pillars_bounds+dynamics+geo_bounds+obstacles/dpcc-r: key divergence_reason shape (10,) not tabular
[SKIP   ] cand51/seed6/pillars_bounds+dynamics+geo_bounds+obstacles/dpcc-r-geo_free: key divergence_reason shape (10,) not tabular
[SKIP   ] cand51/seed6/pillars_bounds+dynamics+geo_bounds+obstacles/dpcc-r-tightened: key divergence_reason shape (10,) not tabular
[SKIP   ] cand51/seed6/pillars_bounds+dynamics+geo_bounds+obstacles/dpcc-t: key divergence_reason shape (10,) not tabular
[SKIP   ] cand51/seed6/pillars_bounds+dynamics+geo_bounds+obstacles/dpcc-t-geo_free: key divergence_reason shape (10,) not tabular
[SKIP   ] cand51/seed6/pillars_bounds+dynamics+geo_bounds+obstacles/dpcc-t-tightened: key divergence_reason shape (10,) not tabular
[SKIP   ] cand51/seed6/pillars_bounds+dynamics+geo_bounds+obstacles/hardflow_sls: key divergence_reason shape (10,) not tabular
[WARN   ] cand51/seed6/pillars_bounds+dynamics+geo_bounds+obstacles/hardflow_sls: HardFlow arm is DEGENERATE (K=1, A=0.5, n_genuine=0) — this row is sample-then-project, not HardFlow. Do not label it a HardFlow result. See logs_in_develop/aggregated_hardflow_lowK/
[SKIP   ] cand51/seed6/pillars_bounds+dynamics+geo_bounds+obstacles/hardflow_sls-c: key divergence_reason shape (10,) not tabular
[WARN   ] cand51/seed6/pillars_bounds+dynamics+geo_bounds+obstacles/hardflow_sls-c: HardFlow arm is DEGENERATE (K=1, A=0.5, n_genuine=0) — this row is sample-then-project, not HardFlow. Do not label it a HardFlow result. See logs_in_develop/aggregated_hardflow_lowK/
[SKIP   ] cand51/seed6/pillars_bounds+dynamics+geo_bounds+obstacles/hardflow_sls-c-geo_free: key divergence_reason shape (10,) not tabular
[WARN   ] cand51/seed6/pillars_bounds+dynamics+geo_bounds+obstacles/hardflow_sls-c-geo_free: HardFlow arm is DEGENERATE (K=1, A=0.5, n_genuine=0) — this row is sample-then-project, not HardFlow. Do not label it a HardFlow result. See logs_in_develop/aggregated_hardflow_lowK/
[SKIP   ] cand51/seed6/pillars_bounds+dynamics+geo_bounds+obstacles/hardflow_sls-r: key divergence_reason shape (10,) not tabular
[WARN   ] cand51/seed6/pillars_bounds+dynamics+geo_bounds+obstacles/hardflow_sls-r: HardFlow arm is DEGENERATE (K=1, A=0.5, n_genuine=0) — this row is sample-then-project, not HardFlow. Do not label it a HardFlow result. See logs_in_develop/aggregated_hardflow_lowK/
[SKIP   ] cand51/seed6/pillars_bounds+dynamics+geo_bounds+obstacles/hardflow_sls-r-geo_free: key divergence_reason shape (10,) not tabular
[WARN   ] cand51/seed6/pillars_bounds+dynamics+geo_bounds+obstacles/hardflow_sls-r-geo_free: HardFlow arm is DEGENERATE (K=1, A=0.5, n_genuine=0) — this row is sample-then-project, not HardFlow. Do not label it a HardFlow result. See logs_in_develop/aggregated_hardflow_lowK/
[SKIP   ] cand51/seed6/pillars_bounds+dynamics+geo_bounds+obstacles/hardflow_sls-t: key divergence_reason shape (10,) not tabular
[WARN   ] cand51/seed6/pillars_bounds+dynamics+geo_bounds+obstacles/hardflow_sls-t: HardFlow arm is DEGENERATE (K=1, A=0.5, n_genuine=0) — this row is sample-then-project, not HardFlow. Do not label it a HardFlow result. See logs_in_develop/aggregated_hardflow_lowK/
[SKIP   ] cand51/seed6/pillars_bounds+dynamics+geo_bounds+obstacles/hardflow_sls-t-geo_free: key divergence_reason shape (10,) not tabular
[WARN   ] cand51/seed6/pillars_bounds+dynamics+geo_bounds+obstacles/hardflow_sls-t-geo_free: HardFlow arm is DEGENERATE (K=1, A=0.5, n_genuine=0) — this row is sample-then-project, not HardFlow. Do not label it a HardFlow result. See logs_in_develop/aggregated_hardflow_lowK/
[SKIP   ] cand52/seed6/pillars_bounds+dynamics+geo_bounds+obstacles/diffuser: key divergence_reason shape (10,) not tabular
[SKIP   ] cand52/seed6/pillars_bounds+dynamics+geo_bounds+obstacles/dpcc-c: key divergence_reason shape (10,) not tabular
[SKIP   ] cand52/seed6/pillars_bounds+dynamics+geo_bounds+obstacles/dpcc-c-geo_free: key divergence_reason shape (10,) not tabular
[SKIP   ] cand52/seed6/pillars_bounds+dynamics+geo_bounds+obstacles/dpcc-c-tightened: key divergence_reason shape (10,) not tabular
[SKIP   ] cand52/seed6/pillars_bounds+dynamics+geo_bounds+obstacles/dpcc-r: key divergence_reason shape (10,) not tabular
[SKIP   ] cand52/seed6/pillars_bounds+dynamics+geo_bounds+obstacles/dpcc-r-geo_free: key divergence_reason shape (10,) not tabular
[SKIP   ] cand52/seed6/pillars_bounds+dynamics+geo_bounds+obstacles/dpcc-r-tightened: key divergence_reason shape (10,) not tabular
[SKIP   ] cand52/seed6/pillars_bounds+dynamics+geo_bounds+obstacles/dpcc-t: key divergence_reason shape (10,) not tabular
[SKIP   ] cand52/seed6/pillars_bounds+dynamics+geo_bounds+obstacles/dpcc-t-geo_free: key divergence_reason shape (10,) not tabular
[SKIP   ] cand52/seed6/pillars_bounds+dynamics+geo_bounds+obstacles/dpcc-t-tightened: key divergence_reason shape (10,) not tabular
[SKIP   ] cand53/seed6/pillars_bounds+dynamics+geo_bounds+obstacles/diffuser: key divergence_reason shape (10,) not tabular
[SKIP   ] cand53/seed6/pillars_bounds+dynamics+geo_bounds+obstacles/dpcc-c: key divergence_reason shape (10,) not tabular
[SKIP   ] cand53/seed6/pillars_bounds+dynamics+geo_bounds+obstacles/dpcc-c-geo_free: key divergence_reason shape (10,) not tabular
[SKIP   ] cand53/seed6/pillars_bounds+dynamics+geo_bounds+obstacles/dpcc-c-tightened: key divergence_reason shape (10,) not tabular
[SKIP   ] cand53/seed6/pillars_bounds+dynamics+geo_bounds+obstacles/dpcc-r: key divergence_reason shape (10,) not tabular
[SKIP   ] cand53/seed6/pillars_bounds+dynamics+geo_bounds+obstacles/dpcc-r-geo_free: key divergence_reason shape (10,) not tabular
[SKIP   ] cand53/seed6/pillars_bounds+dynamics+geo_bounds+obstacles/dpcc-r-tightened: key divergence_reason shape (10,) not tabular
[SKIP   ] cand53/seed6/pillars_bounds+dynamics+geo_bounds+obstacles/dpcc-t: key divergence_reason shape (10,) not tabular
[SKIP   ] cand53/seed6/pillars_bounds+dynamics+geo_bounds+obstacles/dpcc-t-geo_free: key divergence_reason shape (10,) not tabular
[SKIP   ] cand53/seed6/pillars_bounds+dynamics+geo_bounds+obstacles/dpcc-t-tightened: key divergence_reason shape (10,) not tabular
[SKIP   ] cand53/seed6/pillars_bounds+dynamics+geo_bounds+obstacles/hardflow_sls: key divergence_reason shape (10,) not tabular
[WARN   ] cand53/seed6/pillars_bounds+dynamics+geo_bounds+obstacles/hardflow_sls: HardFlow arm is DEGENERATE (K=2, A=0.5, n_genuine=0) — this row is sample-then-project, not HardFlow. Do not label it a HardFlow result. See logs_in_develop/aggregated_hardflow_lowK/
[SKIP   ] cand53/seed6/pillars_bounds+dynamics+geo_bounds+obstacles/hardflow_sls-c: key divergence_reason shape (10,) not tabular
[WARN   ] cand53/seed6/pillars_bounds+dynamics+geo_bounds+obstacles/hardflow_sls-c: HardFlow arm is DEGENERATE (K=2, A=0.5, n_genuine=0) — this row is sample-then-project, not HardFlow. Do not label it a HardFlow result. See logs_in_develop/aggregated_hardflow_lowK/
[SKIP   ] cand53/seed6/pillars_bounds+dynamics+geo_bounds+obstacles/hardflow_sls-c-geo_free: key divergence_reason shape (10,) not tabular
[WARN   ] cand53/seed6/pillars_bounds+dynamics+geo_bounds+obstacles/hardflow_sls-c-geo_free: HardFlow arm is DEGENERATE (K=2, A=0.5, n_genuine=0) — this row is sample-then-project, not HardFlow. Do not label it a HardFlow result. See logs_in_develop/aggregated_hardflow_lowK/
[SKIP   ] cand53/seed6/pillars_bounds+dynamics+geo_bounds+obstacles/hardflow_sls-r: key divergence_reason shape (10,) not tabular
[WARN   ] cand53/seed6/pillars_bounds+dynamics+geo_bounds+obstacles/hardflow_sls-r: HardFlow arm is DEGENERATE (K=2, A=0.5, n_genuine=0) — this row is sample-then-project, not HardFlow. Do not label it a HardFlow result. See logs_in_develop/aggregated_hardflow_lowK/
[SKIP   ] cand53/seed6/pillars_bounds+dynamics+geo_bounds+obstacles/hardflow_sls-r-geo_free: key divergence_reason shape (10,) not tabular
[WARN   ] cand53/seed6/pillars_bounds+dynamics+geo_bounds+obstacles/hardflow_sls-r-geo_free: HardFlow arm is DEGENERATE (K=2, A=0.5, n_genuine=0) — this row is sample-then-project, not HardFlow. Do not label it a HardFlow result. See logs_in_develop/aggregated_hardflow_lowK/
[SKIP   ] cand53/seed6/pillars_bounds+dynamics+geo_bounds+obstacles/hardflow_sls-t: key divergence_reason shape (10,) not tabular
[WARN   ] cand53/seed6/pillars_bounds+dynamics+geo_bounds+obstacles/hardflow_sls-t: HardFlow arm is DEGENERATE (K=2, A=0.5, n_genuine=0) — this row is sample-then-project, not HardFlow. Do not label it a HardFlow result. See logs_in_develop/aggregated_hardflow_lowK/
[SKIP   ] cand53/seed6/pillars_bounds+dynamics+geo_bounds+obstacles/hardflow_sls-t-geo_free: key divergence_reason shape (10,) not tabular
[WARN   ] cand53/seed6/pillars_bounds+dynamics+geo_bounds+obstacles/hardflow_sls-t-geo_free: HardFlow arm is DEGENERATE (K=2, A=0.5, n_genuine=0) — this row is sample-then-project, not HardFlow. Do not label it a HardFlow result. See logs_in_develop/aggregated_hardflow_lowK/
[SKIP   ] cand54/seed6/pillars_bounds+dynamics+geo_bounds+obstacles/diffuser: key divergence_reason shape (10,) not tabular
[SKIP   ] cand54/seed6/pillars_bounds+dynamics+geo_bounds+obstacles/dpcc-c: key divergence_reason shape (10,) not tabular
[SKIP   ] cand54/seed6/pillars_bounds+dynamics+geo_bounds+obstacles/dpcc-c-geo_free: key divergence_reason shape (10,) not tabular
[SKIP   ] cand54/seed6/pillars_bounds+dynamics+geo_bounds+obstacles/dpcc-c-tightened: key divergence_reason shape (10,) not tabular
[SKIP   ] cand54/seed6/pillars_bounds+dynamics+geo_bounds+obstacles/dpcc-r: key divergence_reason shape (10,) not tabular
[SKIP   ] cand54/seed6/pillars_bounds+dynamics+geo_bounds+obstacles/dpcc-r-geo_free: key divergence_reason shape (10,) not tabular
[SKIP   ] cand54/seed6/pillars_bounds+dynamics+geo_bounds+obstacles/dpcc-r-tightened: key divergence_reason shape (10,) not tabular
[SKIP   ] cand54/seed6/pillars_bounds+dynamics+geo_bounds+obstacles/dpcc-t: key divergence_reason shape (10,) not tabular
[SKIP   ] cand54/seed6/pillars_bounds+dynamics+geo_bounds+obstacles/dpcc-t-geo_free: key divergence_reason shape (10,) not tabular
[SKIP   ] cand54/seed6/pillars_bounds+dynamics+geo_bounds+obstacles/dpcc-t-tightened: key divergence_reason shape (10,) not tabular
[SKIP   ] cand55/seed6/pillars_bounds+dynamics+geo_bounds+obstacles/diffuser: key divergence_reason shape (10,) not tabular
[SKIP   ] cand55/seed6/pillars_bounds+dynamics+geo_bounds+obstacles/dpcc-c: key divergence_reason shape (10,) not tabular
[SKIP   ] cand55/seed6/pillars_bounds+dynamics+geo_bounds+obstacles/dpcc-c-geo_free: key divergence_reason shape (10,) not tabular
[SKIP   ] cand55/seed6/pillars_bounds+dynamics+geo_bounds+obstacles/dpcc-c-tightened: key divergence_reason shape (10,) not tabular
[SKIP   ] cand55/seed6/pillars_bounds+dynamics+geo_bounds+obstacles/dpcc-r: key divergence_reason shape (10,) not tabular
[SKIP   ] cand55/seed6/pillars_bounds+dynamics+geo_bounds+obstacles/dpcc-r-geo_free: key divergence_reason shape (10,) not tabular
[SKIP   ] cand55/seed6/pillars_bounds+dynamics+geo_bounds+obstacles/dpcc-r-tightened: key divergence_reason shape (10,) not tabular
[SKIP   ] cand55/seed6/pillars_bounds+dynamics+geo_bounds+obstacles/dpcc-t: key divergence_reason shape (10,) not tabular
[SKIP   ] cand55/seed6/pillars_bounds+dynamics+geo_bounds+obstacles/dpcc-t-geo_free: key divergence_reason shape (10,) not tabular
[SKIP   ] cand55/seed6/pillars_bounds+dynamics+geo_bounds+obstacles/dpcc-t-tightened: key divergence_reason shape (10,) not tabular
[SKIP   ] cand55/seed6/pillars_bounds+dynamics+geo_bounds+obstacles/hardflow_sls: key divergence_reason shape (10,) not tabular
[SKIP   ] cand55/seed6/pillars_bounds+dynamics+geo_bounds+obstacles/hardflow_sls-c: key divergence_reason shape (10,) not tabular
[SKIP   ] cand55/seed6/pillars_bounds+dynamics+geo_bounds+obstacles/hardflow_sls-c-geo_free: key divergence_reason shape (10,) not tabular
[SKIP   ] cand55/seed6/pillars_bounds+dynamics+geo_bounds+obstacles/hardflow_sls-r: key divergence_reason shape (10,) not tabular
[SKIP   ] cand55/seed6/pillars_bounds+dynamics+geo_bounds+obstacles/hardflow_sls-r-geo_free: key divergence_reason shape (10,) not tabular
[SKIP   ] cand55/seed6/pillars_bounds+dynamics+geo_bounds+obstacles/hardflow_sls-t: key divergence_reason shape (10,) not tabular
[SKIP   ] cand55/seed6/pillars_bounds+dynamics+geo_bounds+obstacles/hardflow_sls-t-geo_free: key divergence_reason shape (10,) not tabular
[SKIP   ] cand57/seed6/pillars_bounds+dynamics+geo_bounds+obstacles/diffuser: key divergence_reason shape (10,) not tabular
[SKIP   ] cand57/seed6/pillars_bounds+dynamics+geo_bounds+obstacles/dpcc-c: key divergence_reason shape (10,) not tabular
[SKIP   ] cand57/seed6/pillars_bounds+dynamics+geo_bounds+obstacles/dpcc-c-geo_free: key divergence_reason shape (10,) not tabular
[SKIP   ] cand57/seed6/pillars_bounds+dynamics+geo_bounds+obstacles/dpcc-c-tightened: key divergence_reason shape (10,) not tabular
[SKIP   ] cand57/seed6/pillars_bounds+dynamics+geo_bounds+obstacles/dpcc-r: key divergence_reason shape (10,) not tabular
[SKIP   ] cand57/seed6/pillars_bounds+dynamics+geo_bounds+obstacles/dpcc-r-geo_free: key divergence_reason shape (10,) not tabular
[SKIP   ] cand57/seed6/pillars_bounds+dynamics+geo_bounds+obstacles/dpcc-r-tightened: key divergence_reason shape (10,) not tabular
[SKIP   ] cand57/seed6/pillars_bounds+dynamics+geo_bounds+obstacles/dpcc-t: key divergence_reason shape (10,) not tabular
[SKIP   ] cand57/seed6/pillars_bounds+dynamics+geo_bounds+obstacles/dpcc-t-geo_free: key divergence_reason shape (10,) not tabular
[SKIP   ] cand57/seed6/pillars_bounds+dynamics+geo_bounds+obstacles/dpcc-t-tightened: key divergence_reason shape (10,) not tabular
[SKIP   ] cand57/seed6/pillars_bounds+dynamics+geo_bounds+obstacles/hardflow_new: key divergence_reason shape (10,) not tabular
[WARN   ] cand57/seed6/pillars_bounds+dynamics+geo_bounds+obstacles/hardflow_new: HardFlow arm is DEGENERATE (K=1, A=0.5, n_genuine=0) — this row is sample-then-project, not HardFlow. Do not label it a HardFlow result. See logs_in_develop/aggregated_hardflow_lowK/
[SKIP   ] cand57/seed6/pillars_bounds+dynamics+geo_bounds+obstacles/hardflow_new-c: key divergence_reason shape (10,) not tabular
[WARN   ] cand57/seed6/pillars_bounds+dynamics+geo_bounds+obstacles/hardflow_new-c: HardFlow arm is DEGENERATE (K=1, A=0.5, n_genuine=0) — this row is sample-then-project, not HardFlow. Do not label it a HardFlow result. See logs_in_develop/aggregated_hardflow_lowK/
[SKIP   ] cand57/seed6/pillars_bounds+dynamics+geo_bounds+obstacles/hardflow_new-c-geo_free: key divergence_reason shape (10,) not tabular
[WARN   ] cand57/seed6/pillars_bounds+dynamics+geo_bounds+obstacles/hardflow_new-c-geo_free: HardFlow arm is DEGENERATE (K=1, A=0.5, n_genuine=0) — this row is sample-then-project, not HardFlow. Do not label it a HardFlow result. See logs_in_develop/aggregated_hardflow_lowK/
[SKIP   ] cand57/seed6/pillars_bounds+dynamics+geo_bounds+obstacles/hardflow_new-r: key divergence_reason shape (10,) not tabular
[WARN   ] cand57/seed6/pillars_bounds+dynamics+geo_bounds+obstacles/hardflow_new-r: HardFlow arm is DEGENERATE (K=1, A=0.5, n_genuine=0) — this row is sample-then-project, not HardFlow. Do not label it a HardFlow result. See logs_in_develop/aggregated_hardflow_lowK/
[SKIP   ] cand57/seed6/pillars_bounds+dynamics+geo_bounds+obstacles/hardflow_new-r-geo_free: key divergence_reason shape (10,) not tabular
[WARN   ] cand57/seed6/pillars_bounds+dynamics+geo_bounds+obstacles/hardflow_new-r-geo_free: HardFlow arm is DEGENERATE (K=1, A=0.5, n_genuine=0) — this row is sample-then-project, not HardFlow. Do not label it a HardFlow result. See logs_in_develop/aggregated_hardflow_lowK/
[SKIP   ] cand57/seed6/pillars_bounds+dynamics+geo_bounds+obstacles/hardflow_new-t: key divergence_reason shape (10,) not tabular
[WARN   ] cand57/seed6/pillars_bounds+dynamics+geo_bounds+obstacles/hardflow_new-t: HardFlow arm is DEGENERATE (K=1, A=0.5, n_genuine=0) — this row is sample-then-project, not HardFlow. Do not label it a HardFlow result. See logs_in_develop/aggregated_hardflow_lowK/
[SKIP   ] cand57/seed6/pillars_bounds+dynamics+geo_bounds+obstacles/hardflow_new-t-geo_free: key divergence_reason shape (10,) not tabular
[WARN   ] cand57/seed6/pillars_bounds+dynamics+geo_bounds+obstacles/hardflow_new-t-geo_free: HardFlow arm is DEGENERATE (K=1, A=0.5, n_genuine=0) — this row is sample-then-project, not HardFlow. Do not label it a HardFlow result. See logs_in_develop/aggregated_hardflow_lowK/
[SKIP   ] cand58/seed6/pillars_bounds+dynamics+geo_bounds+obstacles/diffuser: key divergence_reason shape (10,) not tabular
[SKIP   ] cand58/seed6/pillars_bounds+dynamics+geo_bounds+obstacles/dpcc-c: key divergence_reason shape (10,) not tabular
[SKIP   ] cand58/seed6/pillars_bounds+dynamics+geo_bounds+obstacles/dpcc-r: key divergence_reason shape (10,) not tabular
[SKIP   ] cand58/seed6/pillars_bounds+dynamics+geo_bounds+obstacles/dpcc-r-tightened: key divergence_reason shape (10,) not tabular
[SKIP   ] cand59/seed6/pillars_bounds+dynamics+geo_bounds+obstacles/diffuser: key divergence_reason shape (10,) not tabular
[SKIP   ] cand59/seed6/pillars_bounds+dynamics+geo_bounds+obstacles/dpcc-c: key divergence_reason shape (10,) not tabular
[SKIP   ] cand59/seed6/pillars_bounds+dynamics+geo_bounds+obstacles/dpcc-c-geo_free: key divergence_reason shape (10,) not tabular
[SKIP   ] cand59/seed6/pillars_bounds+dynamics+geo_bounds+obstacles/dpcc-c-tightened: key divergence_reason shape (10,) not tabular
[SKIP   ] cand59/seed6/pillars_bounds+dynamics+geo_bounds+obstacles/dpcc-r: key divergence_reason shape (10,) not tabular
[SKIP   ] cand59/seed6/pillars_bounds+dynamics+geo_bounds+obstacles/dpcc-r-geo_free: key divergence_reason shape (10,) not tabular
[SKIP   ] cand59/seed6/pillars_bounds+dynamics+geo_bounds+obstacles/dpcc-r-tightened: key divergence_reason shape (10,) not tabular
[SKIP   ] cand59/seed6/pillars_bounds+dynamics+geo_bounds+obstacles/dpcc-t: key divergence_reason shape (10,) not tabular
[SKIP   ] cand59/seed6/pillars_bounds+dynamics+geo_bounds+obstacles/dpcc-t-geo_free: key divergence_reason shape (10,) not tabular
[SKIP   ] cand59/seed6/pillars_bounds+dynamics+geo_bounds+obstacles/dpcc-t-tightened: key divergence_reason shape (10,) not tabular
[SKIP   ] cand59/seed6/pillars_bounds+dynamics+geo_bounds+obstacles/hardflow_new: key divergence_reason shape (10,) not tabular
[WARN   ] cand59/seed6/pillars_bounds+dynamics+geo_bounds+obstacles/hardflow_new: HardFlow arm is DEGENERATE (K=2, A=0.5, n_genuine=0) — this row is sample-then-project, not HardFlow. Do not label it a HardFlow result. See logs_in_develop/aggregated_hardflow_lowK/
[SKIP   ] cand59/seed6/pillars_bounds+dynamics+geo_bounds+obstacles/hardflow_new-c: key divergence_reason shape (10,) not tabular
[WARN   ] cand59/seed6/pillars_bounds+dynamics+geo_bounds+obstacles/hardflow_new-c: HardFlow arm is DEGENERATE (K=2, A=0.5, n_genuine=0) — this row is sample-then-project, not HardFlow. Do not label it a HardFlow result. See logs_in_develop/aggregated_hardflow_lowK/
[SKIP   ] cand59/seed6/pillars_bounds+dynamics+geo_bounds+obstacles/hardflow_new-c-geo_free: key divergence_reason shape (10,) not tabular
[WARN   ] cand59/seed6/pillars_bounds+dynamics+geo_bounds+obstacles/hardflow_new-c-geo_free: HardFlow arm is DEGENERATE (K=2, A=0.5, n_genuine=0) — this row is sample-then-project, not HardFlow. Do not label it a HardFlow result. See logs_in_develop/aggregated_hardflow_lowK/
[SKIP   ] cand59/seed6/pillars_bounds+dynamics+geo_bounds+obstacles/hardflow_new-r: key divergence_reason shape (10,) not tabular
[WARN   ] cand59/seed6/pillars_bounds+dynamics+geo_bounds+obstacles/hardflow_new-r: HardFlow arm is DEGENERATE (K=2, A=0.5, n_genuine=0) — this row is sample-then-project, not HardFlow. Do not label it a HardFlow result. See logs_in_develop/aggregated_hardflow_lowK/
[SKIP   ] cand59/seed6/pillars_bounds+dynamics+geo_bounds+obstacles/hardflow_new-r-geo_free: key divergence_reason shape (10,) not tabular
[WARN   ] cand59/seed6/pillars_bounds+dynamics+geo_bounds+obstacles/hardflow_new-r-geo_free: HardFlow arm is DEGENERATE (K=2, A=0.5, n_genuine=0) — this row is sample-then-project, not HardFlow. Do not label it a HardFlow result. See logs_in_develop/aggregated_hardflow_lowK/
[SKIP   ] cand59/seed6/pillars_bounds+dynamics+geo_bounds+obstacles/hardflow_new-t: key divergence_reason shape (10,) not tabular
[WARN   ] cand59/seed6/pillars_bounds+dynamics+geo_bounds+obstacles/hardflow_new-t: HardFlow arm is DEGENERATE (K=2, A=0.5, n_genuine=0) — this row is sample-then-project, not HardFlow. Do not label it a HardFlow result. See logs_in_develop/aggregated_hardflow_lowK/
[SKIP   ] cand59/seed6/pillars_bounds+dynamics+geo_bounds+obstacles/hardflow_new-t-geo_free: key divergence_reason shape (10,) not tabular
[WARN   ] cand59/seed6/pillars_bounds+dynamics+geo_bounds+obstacles/hardflow_new-t-geo_free: HardFlow arm is DEGENERATE (K=2, A=0.5, n_genuine=0) — this row is sample-then-project, not HardFlow. Do not label it a HardFlow result. See logs_in_develop/aggregated_hardflow_lowK/
[SKIP   ] cand60/seed6/pillars_hg_bounds+dynamics+geo_bounds+obstacles/diffuser: key divergence_reason shape (10,) not tabular
[SKIP   ] cand60/seed6/pillars_hg_bounds+dynamics+geo_bounds+obstacles/dpcc-c: key divergence_reason shape (10,) not tabular
[SKIP   ] cand60/seed6/pillars_hg_bounds+dynamics+geo_bounds+obstacles/dpcc-c-geo_free: key divergence_reason shape (10,) not tabular
[SKIP   ] cand60/seed6/pillars_hg_bounds+dynamics+geo_bounds+obstacles/dpcc-c-tightened: key divergence_reason shape (10,) not tabular
[SKIP   ] cand60/seed6/pillars_hg_bounds+dynamics+geo_bounds+obstacles/dpcc-r: key divergence_reason shape (10,) not tabular
[SKIP   ] cand60/seed6/pillars_hg_bounds+dynamics+geo_bounds+obstacles/dpcc-r-geo_free: key divergence_reason shape (10,) not tabular
[SKIP   ] cand60/seed6/pillars_hg_bounds+dynamics+geo_bounds+obstacles/dpcc-r-tightened: key divergence_reason shape (10,) not tabular
[SKIP   ] cand60/seed6/pillars_hg_bounds+dynamics+geo_bounds+obstacles/dpcc-t: key divergence_reason shape (10,) not tabular
[SKIP   ] cand60/seed6/pillars_hg_bounds+dynamics+geo_bounds+obstacles/dpcc-t-geo_free: key divergence_reason shape (10,) not tabular
[SKIP   ] cand60/seed6/pillars_hg_bounds+dynamics+geo_bounds+obstacles/dpcc-t-tightened: key divergence_reason shape (10,) not tabular
[SKIP   ] cand61/seed6/pillars_bounds+dynamics+geo_bounds+obstacles/diffuser: key divergence_reason shape (10,) not tabular
[SKIP   ] cand61/seed6/pillars_bounds+dynamics+geo_bounds+obstacles/dpcc-c: key divergence_reason shape (10,) not tabular
[SKIP   ] cand61/seed6/pillars_bounds+dynamics+geo_bounds+obstacles/dpcc-c-geo_free: key divergence_reason shape (10,) not tabular
[SKIP   ] cand61/seed6/pillars_bounds+dynamics+geo_bounds+obstacles/dpcc-c-tightened: key divergence_reason shape (10,) not tabular
[SKIP   ] cand61/seed6/pillars_bounds+dynamics+geo_bounds+obstacles/dpcc-r: key divergence_reason shape (10,) not tabular
[SKIP   ] cand61/seed6/pillars_bounds+dynamics+geo_bounds+obstacles/dpcc-r-geo_free: key divergence_reason shape (10,) not tabular
[SKIP   ] cand61/seed6/pillars_bounds+dynamics+geo_bounds+obstacles/dpcc-r-tightened: key divergence_reason shape (10,) not tabular
[SKIP   ] cand61/seed6/pillars_bounds+dynamics+geo_bounds+obstacles/dpcc-t: key divergence_reason shape (10,) not tabular
[SKIP   ] cand61/seed6/pillars_bounds+dynamics+geo_bounds+obstacles/dpcc-t-geo_free: key divergence_reason shape (10,) not tabular
[SKIP   ] cand61/seed6/pillars_bounds+dynamics+geo_bounds+obstacles/dpcc-t-tightened: key divergence_reason shape (10,) not tabular
[SKIP   ] cand61/seed6/pillars_bounds+dynamics+geo_bounds+obstacles/hardflow_sls: key divergence_reason shape (10,) not tabular
[SKIP   ] cand61/seed6/pillars_bounds+dynamics+geo_bounds+obstacles/hardflow_sls-c: key divergence_reason shape (10,) not tabular
[SKIP   ] cand61/seed6/pillars_bounds+dynamics+geo_bounds+obstacles/hardflow_sls-c-geo_free: key divergence_reason shape (10,) not tabular
[SKIP   ] cand61/seed6/pillars_bounds+dynamics+geo_bounds+obstacles/hardflow_sls-r: key divergence_reason shape (10,) not tabular
[SKIP   ] cand61/seed6/pillars_bounds+dynamics+geo_bounds+obstacles/hardflow_sls-r-geo_free: key divergence_reason shape (10,) not tabular
[SKIP   ] cand61/seed6/pillars_bounds+dynamics+geo_bounds+obstacles/hardflow_sls-t: key divergence_reason shape (10,) not tabular
[SKIP   ] cand61/seed6/pillars_bounds+dynamics+geo_bounds+obstacles/hardflow_sls-t-geo_free: key divergence_reason shape (10,) not tabular
[SKIP   ] cand62/seed6/pillars_hg_bounds+dynamics+geo_bounds+obstacles/diffuser: key divergence_reason shape (10,) not tabular
[SKIP   ] cand62/seed6/pillars_hg_bounds+dynamics+geo_bounds+obstacles/dpcc-c: key divergence_reason shape (10,) not tabular
[SKIP   ] cand62/seed6/pillars_hg_bounds+dynamics+geo_bounds+obstacles/dpcc-c-geo_free: key divergence_reason shape (10,) not tabular
[SKIP   ] cand62/seed6/pillars_hg_bounds+dynamics+geo_bounds+obstacles/dpcc-c-tightened: key divergence_reason shape (10,) not tabular
[SKIP   ] cand62/seed6/pillars_hg_bounds+dynamics+geo_bounds+obstacles/dpcc-r: key divergence_reason shape (10,) not tabular
[SKIP   ] cand62/seed6/pillars_hg_bounds+dynamics+geo_bounds+obstacles/dpcc-r-geo_free: key divergence_reason shape (10,) not tabular
[SKIP   ] cand62/seed6/pillars_hg_bounds+dynamics+geo_bounds+obstacles/dpcc-r-tightened: key divergence_reason shape (10,) not tabular
[SKIP   ] cand62/seed6/pillars_hg_bounds+dynamics+geo_bounds+obstacles/dpcc-t: key divergence_reason shape (10,) not tabular
[SKIP   ] cand62/seed6/pillars_hg_bounds+dynamics+geo_bounds+obstacles/dpcc-t-geo_free: key divergence_reason shape (10,) not tabular
[SKIP   ] cand62/seed6/pillars_hg_bounds+dynamics+geo_bounds+obstacles/dpcc-t-tightened: key divergence_reason shape (10,) not tabular
[SKIP   ] cand62/seed6/pillars_hg_bounds+dynamics+geo_bounds+obstacles/hardflow_sls: key divergence_reason shape (10,) not tabular
[SKIP   ] cand62/seed6/pillars_hg_bounds+dynamics+geo_bounds+obstacles/hardflow_sls-c: key divergence_reason shape (10,) not tabular
[SKIP   ] cand62/seed6/pillars_hg_bounds+dynamics+geo_bounds+obstacles/hardflow_sls-c-geo_free: key divergence_reason shape (10,) not tabular
[SKIP   ] cand62/seed6/pillars_hg_bounds+dynamics+geo_bounds+obstacles/hardflow_sls-r: key divergence_reason shape (10,) not tabular
[SKIP   ] cand62/seed6/pillars_hg_bounds+dynamics+geo_bounds+obstacles/hardflow_sls-r-geo_free: key divergence_reason shape (10,) not tabular
[SKIP   ] cand62/seed6/pillars_hg_bounds+dynamics+geo_bounds+obstacles/hardflow_sls-t: key divergence_reason shape (10,) not tabular
[SKIP   ] cand62/seed6/pillars_hg_bounds+dynamics+geo_bounds+obstacles/hardflow_sls-t-geo_free: key divergence_reason shape (10,) not tabular
[SKIP   ] cand64/seed6/pillars_bounds+dynamics+geo_bounds+obstacles/diffuser: key divergence_reason shape (10,) not tabular
[SKIP   ] cand64/seed6/pillars_bounds+dynamics+geo_bounds+obstacles/dpcc-c: key divergence_reason shape (10,) not tabular
[SKIP   ] cand64/seed6/pillars_bounds+dynamics+geo_bounds+obstacles/dpcc-c-geo_free: key divergence_reason shape (10,) not tabular
[SKIP   ] cand64/seed6/pillars_bounds+dynamics+geo_bounds+obstacles/dpcc-c-tightened: key divergence_reason shape (10,) not tabular
[SKIP   ] cand64/seed6/pillars_bounds+dynamics+geo_bounds+obstacles/dpcc-r: key divergence_reason shape (10,) not tabular
[SKIP   ] cand64/seed6/pillars_bounds+dynamics+geo_bounds+obstacles/dpcc-r-geo_free: key divergence_reason shape (10,) not tabular
[SKIP   ] cand64/seed6/pillars_bounds+dynamics+geo_bounds+obstacles/dpcc-r-tightened: key divergence_reason shape (10,) not tabular
[SKIP   ] cand64/seed6/pillars_bounds+dynamics+geo_bounds+obstacles/dpcc-t: key divergence_reason shape (10,) not tabular
[SKIP   ] cand64/seed6/pillars_bounds+dynamics+geo_bounds+obstacles/dpcc-t-geo_free: key divergence_reason shape (10,) not tabular
[SKIP   ] cand64/seed6/pillars_bounds+dynamics+geo_bounds+obstacles/dpcc-t-tightened: key divergence_reason shape (10,) not tabular
[SKIP   ] cand64/seed6/pillars_bounds+dynamics+geo_bounds+obstacles/hardflow_sls: key divergence_reason shape (10,) not tabular
[WARN   ] cand64/seed6/pillars_bounds+dynamics+geo_bounds+obstacles/hardflow_sls: HardFlow arm is DEGENERATE (K=1, A=0.5, n_genuine=0) — this row is sample-then-project, not HardFlow. Do not label it a HardFlow result. See logs_in_develop/aggregated_hardflow_lowK/
[SKIP   ] cand64/seed6/pillars_bounds+dynamics+geo_bounds+obstacles/hardflow_sls-c: key divergence_reason shape (10,) not tabular
[WARN   ] cand64/seed6/pillars_bounds+dynamics+geo_bounds+obstacles/hardflow_sls-c: HardFlow arm is DEGENERATE (K=1, A=0.5, n_genuine=0) — this row is sample-then-project, not HardFlow. Do not label it a HardFlow result. See logs_in_develop/aggregated_hardflow_lowK/
[SKIP   ] cand64/seed6/pillars_bounds+dynamics+geo_bounds+obstacles/hardflow_sls-c-geo_free: key divergence_reason shape (10,) not tabular
[WARN   ] cand64/seed6/pillars_bounds+dynamics+geo_bounds+obstacles/hardflow_sls-c-geo_free: HardFlow arm is DEGENERATE (K=1, A=0.5, n_genuine=0) — this row is sample-then-project, not HardFlow. Do not label it a HardFlow result. See logs_in_develop/aggregated_hardflow_lowK/
[SKIP   ] cand64/seed6/pillars_bounds+dynamics+geo_bounds+obstacles/hardflow_sls-r: key divergence_reason shape (10,) not tabular
[WARN   ] cand64/seed6/pillars_bounds+dynamics+geo_bounds+obstacles/hardflow_sls-r: HardFlow arm is DEGENERATE (K=1, A=0.5, n_genuine=0) — this row is sample-then-project, not HardFlow. Do not label it a HardFlow result. See logs_in_develop/aggregated_hardflow_lowK/
[SKIP   ] cand64/seed6/pillars_bounds+dynamics+geo_bounds+obstacles/hardflow_sls-r-geo_free: key divergence_reason shape (10,) not tabular
[WARN   ] cand64/seed6/pillars_bounds+dynamics+geo_bounds+obstacles/hardflow_sls-r-geo_free: HardFlow arm is DEGENERATE (K=1, A=0.5, n_genuine=0) — this row is sample-then-project, not HardFlow. Do not label it a HardFlow result. See logs_in_develop/aggregated_hardflow_lowK/
[SKIP   ] cand64/seed6/pillars_bounds+dynamics+geo_bounds+obstacles/hardflow_sls-t: key divergence_reason shape (10,) not tabular
[WARN   ] cand64/seed6/pillars_bounds+dynamics+geo_bounds+obstacles/hardflow_sls-t: HardFlow arm is DEGENERATE (K=1, A=0.5, n_genuine=0) — this row is sample-then-project, not HardFlow. Do not label it a HardFlow result. See logs_in_develop/aggregated_hardflow_lowK/
[SKIP   ] cand64/seed6/pillars_bounds+dynamics+geo_bounds+obstacles/hardflow_sls-t-geo_free: key divergence_reason shape (10,) not tabular
[WARN   ] cand64/seed6/pillars_bounds+dynamics+geo_bounds+obstacles/hardflow_sls-t-geo_free: HardFlow arm is DEGENERATE (K=1, A=0.5, n_genuine=0) — this row is sample-then-project, not HardFlow. Do not label it a HardFlow result. See logs_in_develop/aggregated_hardflow_lowK/
[SKIP   ] cand65/seed6/pillars_bounds+dynamics+geo_bounds+obstacles/diffuser: key divergence_reason shape (10,) not tabular
[SKIP   ] cand65/seed6/pillars_bounds+dynamics+geo_bounds+obstacles/dpcc-c: key divergence_reason shape (10,) not tabular
[SKIP   ] cand65/seed6/pillars_bounds+dynamics+geo_bounds+obstacles/dpcc-c-geo_free: key divergence_reason shape (10,) not tabular
[SKIP   ] cand65/seed6/pillars_bounds+dynamics+geo_bounds+obstacles/dpcc-c-tightened: key divergence_reason shape (10,) not tabular
[SKIP   ] cand65/seed6/pillars_bounds+dynamics+geo_bounds+obstacles/dpcc-r: key divergence_reason shape (10,) not tabular
[SKIP   ] cand65/seed6/pillars_bounds+dynamics+geo_bounds+obstacles/dpcc-r-geo_free: key divergence_reason shape (10,) not tabular
[SKIP   ] cand65/seed6/pillars_bounds+dynamics+geo_bounds+obstacles/dpcc-r-tightened: key divergence_reason shape (10,) not tabular
[SKIP   ] cand65/seed6/pillars_bounds+dynamics+geo_bounds+obstacles/dpcc-t: key divergence_reason shape (10,) not tabular
[SKIP   ] cand65/seed6/pillars_bounds+dynamics+geo_bounds+obstacles/dpcc-t-geo_free: key divergence_reason shape (10,) not tabular
[SKIP   ] cand65/seed6/pillars_bounds+dynamics+geo_bounds+obstacles/dpcc-t-tightened: key divergence_reason shape (10,) not tabular
[SKIP   ] cand66/seed6/pillars_bounds+dynamics+geo_bounds+obstacles/diffuser: key divergence_reason shape (10,) not tabular
[SKIP   ] cand66/seed6/pillars_bounds+dynamics+geo_bounds+obstacles/dpcc-c: key divergence_reason shape (10,) not tabular
[SKIP   ] cand66/seed6/pillars_bounds+dynamics+geo_bounds+obstacles/dpcc-c-geo_free: key divergence_reason shape (10,) not tabular
[SKIP   ] cand66/seed6/pillars_bounds+dynamics+geo_bounds+obstacles/dpcc-c-tightened: key divergence_reason shape (10,) not tabular
[SKIP   ] cand66/seed6/pillars_bounds+dynamics+geo_bounds+obstacles/dpcc-r: key divergence_reason shape (10,) not tabular
[SKIP   ] cand66/seed6/pillars_bounds+dynamics+geo_bounds+obstacles/dpcc-r-geo_free: key divergence_reason shape (10,) not tabular
[SKIP   ] cand66/seed6/pillars_bounds+dynamics+geo_bounds+obstacles/dpcc-r-tightened: key divergence_reason shape (10,) not tabular
[SKIP   ] cand66/seed6/pillars_bounds+dynamics+geo_bounds+obstacles/dpcc-t: key divergence_reason shape (10,) not tabular
[SKIP   ] cand66/seed6/pillars_bounds+dynamics+geo_bounds+obstacles/dpcc-t-geo_free: key divergence_reason shape (10,) not tabular
[SKIP   ] cand66/seed6/pillars_bounds+dynamics+geo_bounds+obstacles/dpcc-t-tightened: key divergence_reason shape (10,) not tabular
[SKIP   ] cand67/seed6/pillars_bounds+dynamics+geo_bounds+obstacles/diffuser: key divergence_reason shape (10,) not tabular
[SKIP   ] cand67/seed6/pillars_bounds+dynamics+geo_bounds+obstacles/dpcc-c: key divergence_reason shape (10,) not tabular
[SKIP   ] cand67/seed6/pillars_bounds+dynamics+geo_bounds+obstacles/dpcc-c-geo_free: key divergence_reason shape (10,) not tabular
[SKIP   ] cand67/seed6/pillars_bounds+dynamics+geo_bounds+obstacles/dpcc-c-tightened: key divergence_reason shape (10,) not tabular
[SKIP   ] cand67/seed6/pillars_bounds+dynamics+geo_bounds+obstacles/dpcc-r: key divergence_reason shape (10,) not tabular
[SKIP   ] cand67/seed6/pillars_bounds+dynamics+geo_bounds+obstacles/dpcc-r-geo_free: key divergence_reason shape (10,) not tabular
[SKIP   ] cand67/seed6/pillars_bounds+dynamics+geo_bounds+obstacles/dpcc-r-tightened: key divergence_reason shape (10,) not tabular
[SKIP   ] cand67/seed6/pillars_bounds+dynamics+geo_bounds+obstacles/dpcc-t: key divergence_reason shape (10,) not tabular
[SKIP   ] cand67/seed6/pillars_bounds+dynamics+geo_bounds+obstacles/dpcc-t-geo_free: key divergence_reason shape (10,) not tabular
[SKIP   ] cand67/seed6/pillars_bounds+dynamics+geo_bounds+obstacles/dpcc-t-tightened: key divergence_reason shape (10,) not tabular
[SKIP   ] cand67/seed6/pillars_bounds+dynamics+geo_bounds+obstacles/hardflow_sls: key divergence_reason shape (10,) not tabular
[WARN   ] cand67/seed6/pillars_bounds+dynamics+geo_bounds+obstacles/hardflow_sls: HardFlow arm is DEGENERATE (K=2, A=0.5, n_genuine=0) — this row is sample-then-project, not HardFlow. Do not label it a HardFlow result. See logs_in_develop/aggregated_hardflow_lowK/
[SKIP   ] cand67/seed6/pillars_bounds+dynamics+geo_bounds+obstacles/hardflow_sls-c: key divergence_reason shape (10,) not tabular
[WARN   ] cand67/seed6/pillars_bounds+dynamics+geo_bounds+obstacles/hardflow_sls-c: HardFlow arm is DEGENERATE (K=2, A=0.5, n_genuine=0) — this row is sample-then-project, not HardFlow. Do not label it a HardFlow result. See logs_in_develop/aggregated_hardflow_lowK/
[SKIP   ] cand67/seed6/pillars_bounds+dynamics+geo_bounds+obstacles/hardflow_sls-c-geo_free: key divergence_reason shape (10,) not tabular
[WARN   ] cand67/seed6/pillars_bounds+dynamics+geo_bounds+obstacles/hardflow_sls-c-geo_free: HardFlow arm is DEGENERATE (K=2, A=0.5, n_genuine=0) — this row is sample-then-project, not HardFlow. Do not label it a HardFlow result. See logs_in_develop/aggregated_hardflow_lowK/
[SKIP   ] cand67/seed6/pillars_bounds+dynamics+geo_bounds+obstacles/hardflow_sls-r: key divergence_reason shape (10,) not tabular
[WARN   ] cand67/seed6/pillars_bounds+dynamics+geo_bounds+obstacles/hardflow_sls-r: HardFlow arm is DEGENERATE (K=2, A=0.5, n_genuine=0) — this row is sample-then-project, not HardFlow. Do not label it a HardFlow result. See logs_in_develop/aggregated_hardflow_lowK/
[SKIP   ] cand67/seed6/pillars_bounds+dynamics+geo_bounds+obstacles/hardflow_sls-r-geo_free: key divergence_reason shape (10,) not tabular
[WARN   ] cand67/seed6/pillars_bounds+dynamics+geo_bounds+obstacles/hardflow_sls-r-geo_free: HardFlow arm is DEGENERATE (K=2, A=0.5, n_genuine=0) — this row is sample-then-project, not HardFlow. Do not label it a HardFlow result. See logs_in_develop/aggregated_hardflow_lowK/
[SKIP   ] cand67/seed6/pillars_bounds+dynamics+geo_bounds+obstacles/hardflow_sls-t: key divergence_reason shape (10,) not tabular
[WARN   ] cand67/seed6/pillars_bounds+dynamics+geo_bounds+obstacles/hardflow_sls-t: HardFlow arm is DEGENERATE (K=2, A=0.5, n_genuine=0) — this row is sample-then-project, not HardFlow. Do not label it a HardFlow result. See logs_in_develop/aggregated_hardflow_lowK/
[SKIP   ] cand67/seed6/pillars_bounds+dynamics+geo_bounds+obstacles/hardflow_sls-t-geo_free: key divergence_reason shape (10,) not tabular
[WARN   ] cand67/seed6/pillars_bounds+dynamics+geo_bounds+obstacles/hardflow_sls-t-geo_free: HardFlow arm is DEGENERATE (K=2, A=0.5, n_genuine=0) — this row is sample-then-project, not HardFlow. Do not label it a HardFlow result. See logs_in_develop/aggregated_hardflow_lowK/
[SKIP   ] cand68/seed6/pillars_bounds+dynamics+geo_bounds+obstacles/diffuser: key divergence_reason shape (10,) not tabular
[SKIP   ] cand68/seed6/pillars_bounds+dynamics+geo_bounds+obstacles/dpcc-c: key divergence_reason shape (10,) not tabular
[SKIP   ] cand68/seed6/pillars_bounds+dynamics+geo_bounds+obstacles/dpcc-c-geo_free: key divergence_reason shape (10,) not tabular
[SKIP   ] cand68/seed6/pillars_bounds+dynamics+geo_bounds+obstacles/dpcc-c-tightened: key divergence_reason shape (10,) not tabular
[SKIP   ] cand68/seed6/pillars_bounds+dynamics+geo_bounds+obstacles/dpcc-r: key divergence_reason shape (10,) not tabular
[SKIP   ] cand68/seed6/pillars_bounds+dynamics+geo_bounds+obstacles/dpcc-r-geo_free: key divergence_reason shape (10,) not tabular
[SKIP   ] cand68/seed6/pillars_bounds+dynamics+geo_bounds+obstacles/dpcc-r-tightened: key divergence_reason shape (10,) not tabular
[SKIP   ] cand68/seed6/pillars_bounds+dynamics+geo_bounds+obstacles/dpcc-t: key divergence_reason shape (10,) not tabular
[SKIP   ] cand68/seed6/pillars_bounds+dynamics+geo_bounds+obstacles/dpcc-t-geo_free: key divergence_reason shape (10,) not tabular
[SKIP   ] cand68/seed6/pillars_bounds+dynamics+geo_bounds+obstacles/dpcc-t-tightened: key divergence_reason shape (10,) not tabular
[SKIP   ] cand69/seed6/pillars_bounds+dynamics+geo_bounds+obstacles/diffuser: key divergence_reason shape (10,) not tabular
[SKIP   ] cand69/seed6/pillars_bounds+dynamics+geo_bounds+obstacles/dpcc-c: key divergence_reason shape (10,) not tabular
[SKIP   ] cand69/seed6/pillars_bounds+dynamics+geo_bounds+obstacles/dpcc-c-geo_free: key divergence_reason shape (10,) not tabular
[SKIP   ] cand69/seed6/pillars_bounds+dynamics+geo_bounds+obstacles/dpcc-c-tightened: key divergence_reason shape (10,) not tabular
[SKIP   ] cand69/seed6/pillars_bounds+dynamics+geo_bounds+obstacles/dpcc-r: key divergence_reason shape (10,) not tabular
[SKIP   ] cand69/seed6/pillars_bounds+dynamics+geo_bounds+obstacles/dpcc-r-geo_free: key divergence_reason shape (10,) not tabular
[SKIP   ] cand69/seed6/pillars_bounds+dynamics+geo_bounds+obstacles/dpcc-r-tightened: key divergence_reason shape (10,) not tabular
[SKIP   ] cand69/seed6/pillars_bounds+dynamics+geo_bounds+obstacles/dpcc-t: key divergence_reason shape (10,) not tabular
[SKIP   ] cand69/seed6/pillars_bounds+dynamics+geo_bounds+obstacles/dpcc-t-geo_free: key divergence_reason shape (10,) not tabular
[SKIP   ] cand69/seed6/pillars_bounds+dynamics+geo_bounds+obstacles/dpcc-t-tightened: key divergence_reason shape (10,) not tabular
[SKIP   ] cand70/seed6/pillars_hg_bounds+dynamics+geo_bounds+obstacles/diffuser: key divergence_reason shape (10,) not tabular
[SKIP   ] cand70/seed6/pillars_hg_bounds+dynamics+geo_bounds+obstacles/dpcc-c: key divergence_reason shape (10,) not tabular
[SKIP   ] cand70/seed6/pillars_hg_bounds+dynamics+geo_bounds+obstacles/dpcc-c-geo_free: key divergence_reason shape (10,) not tabular
[SKIP   ] cand70/seed6/pillars_hg_bounds+dynamics+geo_bounds+obstacles/dpcc-c-tightened: key divergence_reason shape (10,) not tabular
[SKIP   ] cand70/seed6/pillars_hg_bounds+dynamics+geo_bounds+obstacles/dpcc-r: key divergence_reason shape (10,) not tabular
[SKIP   ] cand70/seed6/pillars_hg_bounds+dynamics+geo_bounds+obstacles/dpcc-r-geo_free: key divergence_reason shape (10,) not tabular
[SKIP   ] cand70/seed6/pillars_hg_bounds+dynamics+geo_bounds+obstacles/dpcc-r-tightened: key divergence_reason shape (10,) not tabular
[SKIP   ] cand70/seed6/pillars_hg_bounds+dynamics+geo_bounds+obstacles/dpcc-t: key divergence_reason shape (10,) not tabular
[SKIP   ] cand70/seed6/pillars_hg_bounds+dynamics+geo_bounds+obstacles/dpcc-t-geo_free: key divergence_reason shape (10,) not tabular
[SKIP   ] cand70/seed6/pillars_hg_bounds+dynamics+geo_bounds+obstacles/dpcc-t-tightened: key divergence_reason shape (10,) not tabular
[SKIP   ] cand71/seed6/pillars_bounds+dynamics+geo_bounds+obstacles/diffuser: key divergence_reason shape (10,) not tabular
[SKIP   ] cand71/seed6/pillars_bounds+dynamics+geo_bounds+obstacles/dpcc-c: key divergence_reason shape (10,) not tabular
[SKIP   ] cand71/seed6/pillars_bounds+dynamics+geo_bounds+obstacles/dpcc-c-geo_free: key divergence_reason shape (10,) not tabular
[SKIP   ] cand71/seed6/pillars_bounds+dynamics+geo_bounds+obstacles/dpcc-c-tightened: key divergence_reason shape (10,) not tabular
[SKIP   ] cand71/seed6/pillars_bounds+dynamics+geo_bounds+obstacles/dpcc-r: key divergence_reason shape (10,) not tabular
[SKIP   ] cand71/seed6/pillars_bounds+dynamics+geo_bounds+obstacles/dpcc-r-geo_free: key divergence_reason shape (10,) not tabular
[SKIP   ] cand71/seed6/pillars_bounds+dynamics+geo_bounds+obstacles/dpcc-r-tightened: key divergence_reason shape (10,) not tabular
[SKIP   ] cand71/seed6/pillars_bounds+dynamics+geo_bounds+obstacles/dpcc-t: key divergence_reason shape (10,) not tabular
[SKIP   ] cand71/seed6/pillars_bounds+dynamics+geo_bounds+obstacles/dpcc-t-geo_free: key divergence_reason shape (10,) not tabular
[SKIP   ] cand71/seed6/pillars_bounds+dynamics+geo_bounds+obstacles/dpcc-t-tightened: key divergence_reason shape (10,) not tabular
[SKIP   ] cand71/seed6/pillars_bounds+dynamics+geo_bounds+obstacles/hardflow_sls: key divergence_reason shape (10,) not tabular
[SKIP   ] cand71/seed6/pillars_bounds+dynamics+geo_bounds+obstacles/hardflow_sls-c: key divergence_reason shape (10,) not tabular
[SKIP   ] cand71/seed6/pillars_bounds+dynamics+geo_bounds+obstacles/hardflow_sls-c-geo_free: key divergence_reason shape (10,) not tabular
[SKIP   ] cand71/seed6/pillars_bounds+dynamics+geo_bounds+obstacles/hardflow_sls-r: key divergence_reason shape (10,) not tabular
[SKIP   ] cand71/seed6/pillars_bounds+dynamics+geo_bounds+obstacles/hardflow_sls-r-geo_free: key divergence_reason shape (10,) not tabular
[SKIP   ] cand71/seed6/pillars_bounds+dynamics+geo_bounds+obstacles/hardflow_sls-t: key divergence_reason shape (10,) not tabular
[SKIP   ] cand71/seed6/pillars_bounds+dynamics+geo_bounds+obstacles/hardflow_sls-t-geo_free: key divergence_reason shape (10,) not tabular
[SKIP   ] cand72/seed6/pillars_bounds+dynamics+geo_bounds+obstacles/diffuser: key divergence_reason shape (10,) not tabular
[SKIP   ] cand72/seed6/pillars_bounds+dynamics+geo_bounds+obstacles/dpcc-c: key divergence_reason shape (10,) not tabular
[SKIP   ] cand72/seed6/pillars_bounds+dynamics+geo_bounds+obstacles/dpcc-c-geo_free: key divergence_reason shape (10,) not tabular
[SKIP   ] cand72/seed6/pillars_bounds+dynamics+geo_bounds+obstacles/dpcc-c-tightened: key divergence_reason shape (10,) not tabular
[SKIP   ] cand72/seed6/pillars_bounds+dynamics+geo_bounds+obstacles/dpcc-r: key divergence_reason shape (10,) not tabular
[SKIP   ] cand72/seed6/pillars_bounds+dynamics+geo_bounds+obstacles/dpcc-r-geo_free: key divergence_reason shape (10,) not tabular
[SKIP   ] cand72/seed6/pillars_bounds+dynamics+geo_bounds+obstacles/dpcc-r-tightened: key divergence_reason shape (10,) not tabular
[SKIP   ] cand72/seed6/pillars_bounds+dynamics+geo_bounds+obstacles/dpcc-t: key divergence_reason shape (10,) not tabular
[SKIP   ] cand72/seed6/pillars_bounds+dynamics+geo_bounds+obstacles/dpcc-t-geo_free: key divergence_reason shape (10,) not tabular
[SKIP   ] cand72/seed6/pillars_bounds+dynamics+geo_bounds+obstacles/dpcc-t-tightened: key divergence_reason shape (10,) not tabular
[SKIP   ] cand73/seed6/pillars_bounds+dynamics+geo_bounds+obstacles/diffuser: key divergence_reason shape (10,) not tabular
[SKIP   ] cand73/seed6/pillars_bounds+dynamics+geo_bounds+obstacles/dpcc-c: key divergence_reason shape (10,) not tabular
[SKIP   ] cand73/seed6/pillars_bounds+dynamics+geo_bounds+obstacles/dpcc-r: key divergence_reason shape (10,) not tabular
[SKIP   ] cand73/seed6/pillars_bounds+dynamics+geo_bounds+obstacles/dpcc-r-tightened: key divergence_reason shape (10,) not tabular
[SKIP   ] cand74/seed6/pillars_hg_bounds+dynamics+geo_bounds+obstacles/diffuser: key divergence_reason shape (10,) not tabular
[SKIP   ] cand74/seed6/pillars_hg_bounds+dynamics+geo_bounds+obstacles/dpcc-c: key divergence_reason shape (10,) not tabular
[SKIP   ] cand74/seed6/pillars_hg_bounds+dynamics+geo_bounds+obstacles/dpcc-c-geo_free: key divergence_reason shape (10,) not tabular
[SKIP   ] cand74/seed6/pillars_hg_bounds+dynamics+geo_bounds+obstacles/dpcc-c-tightened: key divergence_reason shape (10,) not tabular
[SKIP   ] cand74/seed6/pillars_hg_bounds+dynamics+geo_bounds+obstacles/dpcc-r: key divergence_reason shape (10,) not tabular
[SKIP   ] cand74/seed6/pillars_hg_bounds+dynamics+geo_bounds+obstacles/dpcc-r-geo_free: key divergence_reason shape (10,) not tabular
[SKIP   ] cand74/seed6/pillars_hg_bounds+dynamics+geo_bounds+obstacles/dpcc-r-tightened: key divergence_reason shape (10,) not tabular
[SKIP   ] cand74/seed6/pillars_hg_bounds+dynamics+geo_bounds+obstacles/dpcc-t: key divergence_reason shape (10,) not tabular
[SKIP   ] cand74/seed6/pillars_hg_bounds+dynamics+geo_bounds+obstacles/dpcc-t-geo_free: key divergence_reason shape (10,) not tabular
[SKIP   ] cand74/seed6/pillars_hg_bounds+dynamics+geo_bounds+obstacles/dpcc-t-tightened: key divergence_reason shape (10,) not tabular
[SKIP   ] cand74/seed6/pillars_hg_bounds+dynamics+geo_bounds+obstacles/hardflow_sls: key divergence_reason shape (10,) not tabular
[SKIP   ] cand74/seed6/pillars_hg_bounds+dynamics+geo_bounds+obstacles/hardflow_sls-c: key divergence_reason shape (10,) not tabular
[SKIP   ] cand74/seed6/pillars_hg_bounds+dynamics+geo_bounds+obstacles/hardflow_sls-c-geo_free: key divergence_reason shape (10,) not tabular
[SKIP   ] cand74/seed6/pillars_hg_bounds+dynamics+geo_bounds+obstacles/hardflow_sls-r: key divergence_reason shape (10,) not tabular
[SKIP   ] cand74/seed6/pillars_hg_bounds+dynamics+geo_bounds+obstacles/hardflow_sls-r-geo_free: key divergence_reason shape (10,) not tabular
[SKIP   ] cand74/seed6/pillars_hg_bounds+dynamics+geo_bounds+obstacles/hardflow_sls-t: key divergence_reason shape (10,) not tabular
[SKIP   ] cand74/seed6/pillars_hg_bounds+dynamics+geo_bounds+obstacles/hardflow_sls-t-geo_free: key divergence_reason shape (10,) not tabular
[SKIP   ] cand75/seed6/s_curve_bounds+dynamics+geo_bounds+halfspace+obstacles/bounds_free: key divergence_reason shape (5,) not tabular
[SKIP   ] cand75/seed6/s_curve_bounds+dynamics+geo_bounds+halfspace+obstacles/bounds_free-tightened: key divergence_reason shape (5,) not tabular
[SKIP   ] cand75/seed6/s_curve_bounds+dynamics+geo_bounds+halfspace+obstacles/diffuser: key divergence_reason shape (5,) not tabular
[SKIP   ] cand75/seed6/s_curve_bounds+dynamics+geo_bounds+halfspace+obstacles/dpcc-c: key divergence_reason shape (5,) not tabular
[SKIP   ] cand75/seed6/s_curve_bounds+dynamics+geo_bounds+halfspace+obstacles/dpcc-c-tightened: key divergence_reason shape (5,) not tabular
[SKIP   ] cand75/seed6/s_curve_bounds+dynamics+geo_bounds+halfspace+obstacles/dpcc-r: key divergence_reason shape (5,) not tabular
[SKIP   ] cand75/seed6/s_curve_bounds+dynamics+geo_bounds+halfspace+obstacles/dpcc-r-tightened: key divergence_reason shape (5,) not tabular
[SKIP   ] cand75/seed6/s_curve_bounds+dynamics+geo_bounds+halfspace+obstacles/dpcc-t: key divergence_reason shape (5,) not tabular
[SKIP   ] cand75/seed6/s_curve_bounds+dynamics+geo_bounds+halfspace+obstacles/geo_free: key divergence_reason shape (5,) not tabular
[SKIP   ] cand75/seed6/s_curve_bounds+dynamics+geo_bounds+halfspace+obstacles/geo_free-bounds_free: key divergence_reason shape (5,) not tabular
[SKIP   ] cand75/seed6/s_curve_bounds+dynamics+geo_bounds+halfspace+obstacles/geo_free-model_free: key divergence_reason shape (5,) not tabular
[SKIP   ] cand75/seed6/s_curve_bounds+dynamics+geo_bounds+halfspace+obstacles/gradient: key divergence_reason shape (5,) not tabular
[SKIP   ] cand75/seed6/s_curve_bounds+dynamics+geo_bounds+halfspace+obstacles/gradient-tightened: key divergence_reason shape (5,) not tabular
[SKIP   ] cand75/seed6/s_curve_bounds+dynamics+geo_bounds+halfspace+obstacles/model_free: key divergence_reason shape (5,) not tabular
[SKIP   ] cand75/seed6/s_curve_bounds+dynamics+geo_bounds+halfspace+obstacles/model_free-bounds_free: key divergence_reason shape (5,) not tabular
[SKIP   ] cand75/seed6/s_curve_bounds+dynamics+geo_bounds+halfspace+obstacles/model_free-bounds_free-tightened: key divergence_reason shape (5,) not tabular
[SKIP   ] cand75/seed6/s_curve_bounds+dynamics+geo_bounds+halfspace+obstacles/model_free-tightened: key divergence_reason shape (5,) not tabular
[SKIP   ] cand75/seed6/s_curve_bounds+dynamics+geo_bounds+halfspace+obstacles/post_processing: key divergence_reason shape (5,) not tabular
[SKIP   ] cand75/seed6/s_curve_bounds+dynamics+geo_bounds+halfspace+obstacles/post_processing-tightened: key divergence_reason shape (5,) not tabular
[SKIP   ] cand76/seed6/s_curve_bounds+dynamics+geo_bounds+halfspace+obstacles/bounds_free: key divergence_reason shape (5,) not tabular
[SKIP   ] cand76/seed6/s_curve_bounds+dynamics+geo_bounds+halfspace+obstacles/bounds_free-tightened: key divergence_reason shape (5,) not tabular
[SKIP   ] cand76/seed6/s_curve_bounds+dynamics+geo_bounds+halfspace+obstacles/diffuser: key divergence_reason shape (5,) not tabular
[SKIP   ] cand76/seed6/s_curve_bounds+dynamics+geo_bounds+halfspace+obstacles/dpcc-c: key divergence_reason shape (5,) not tabular
[SKIP   ] cand76/seed6/s_curve_bounds+dynamics+geo_bounds+halfspace+obstacles/dpcc-c-tightened: key divergence_reason shape (5,) not tabular
[SKIP   ] cand76/seed6/s_curve_bounds+dynamics+geo_bounds+halfspace+obstacles/dpcc-r: key divergence_reason shape (5,) not tabular
[SKIP   ] cand76/seed6/s_curve_bounds+dynamics+geo_bounds+halfspace+obstacles/dpcc-r-tightened: key divergence_reason shape (5,) not tabular
[SKIP   ] cand76/seed6/s_curve_bounds+dynamics+geo_bounds+halfspace+obstacles/dpcc-t: key divergence_reason shape (5,) not tabular
[SKIP   ] cand76/seed6/s_curve_bounds+dynamics+geo_bounds+halfspace+obstacles/dpcc-t-tightened: key divergence_reason shape (5,) not tabular
[SKIP   ] cand76/seed6/s_curve_bounds+dynamics+geo_bounds+halfspace+obstacles/geo_free: key divergence_reason shape (5,) not tabular
[SKIP   ] cand76/seed6/s_curve_bounds+dynamics+geo_bounds+halfspace+obstacles/geo_free-bounds_free: key divergence_reason shape (5,) not tabular
[SKIP   ] cand76/seed6/s_curve_bounds+dynamics+geo_bounds+halfspace+obstacles/geo_free-model_free: key divergence_reason shape (5,) not tabular
[SKIP   ] cand76/seed6/s_curve_bounds+dynamics+geo_bounds+halfspace+obstacles/gradient: key divergence_reason shape (5,) not tabular
[SKIP   ] cand76/seed6/s_curve_bounds+dynamics+geo_bounds+halfspace+obstacles/gradient-tightened: key divergence_reason shape (5,) not tabular
[SKIP   ] cand76/seed6/s_curve_bounds+dynamics+geo_bounds+halfspace+obstacles/model_free: key divergence_reason shape (5,) not tabular
[SKIP   ] cand76/seed6/s_curve_bounds+dynamics+geo_bounds+halfspace+obstacles/model_free-bounds_free: key divergence_reason shape (5,) not tabular
[SKIP   ] cand76/seed6/s_curve_bounds+dynamics+geo_bounds+halfspace+obstacles/model_free-bounds_free-tightened: key divergence_reason shape (5,) not tabular
[SKIP   ] cand76/seed6/s_curve_bounds+dynamics+geo_bounds+halfspace+obstacles/model_free-tightened: key divergence_reason shape (5,) not tabular
[SKIP   ] cand76/seed6/s_curve_bounds+dynamics+geo_bounds+halfspace+obstacles/post_processing: key divergence_reason shape (5,) not tabular
[SKIP   ] cand76/seed6/s_curve_bounds+dynamics+geo_bounds+halfspace+obstacles/post_processing-tightened: key divergence_reason shape (5,) not tabular
[SKIP   ] cand77/seed6/s_curve_bounds+dynamics+geo_bounds+halfspace+obstacles/bounds_free: key divergence_reason shape (5,) not tabular
[SKIP   ] cand77/seed6/s_curve_bounds+dynamics+geo_bounds+halfspace+obstacles/bounds_free-tightened: key divergence_reason shape (5,) not tabular
[SKIP   ] cand77/seed6/s_curve_bounds+dynamics+geo_bounds+halfspace+obstacles/diffuser: key divergence_reason shape (5,) not tabular
[SKIP   ] cand77/seed6/s_curve_bounds+dynamics+geo_bounds+halfspace+obstacles/dpcc-c: key divergence_reason shape (5,) not tabular
[SKIP   ] cand77/seed6/s_curve_bounds+dynamics+geo_bounds+halfspace+obstacles/dpcc-c-tightened: key divergence_reason shape (5,) not tabular
[SKIP   ] cand77/seed6/s_curve_bounds+dynamics+geo_bounds+halfspace+obstacles/dpcc-r: key divergence_reason shape (5,) not tabular
[SKIP   ] cand77/seed6/s_curve_bounds+dynamics+geo_bounds+halfspace+obstacles/dpcc-r-tightened: key divergence_reason shape (5,) not tabular
[SKIP   ] cand77/seed6/s_curve_bounds+dynamics+geo_bounds+halfspace+obstacles/dpcc-t: key divergence_reason shape (5,) not tabular
[SKIP   ] cand77/seed6/s_curve_bounds+dynamics+geo_bounds+halfspace+obstacles/dpcc-t-tightened: key divergence_reason shape (5,) not tabular
[SKIP   ] cand77/seed6/s_curve_bounds+dynamics+geo_bounds+halfspace+obstacles/geo_free: key divergence_reason shape (5,) not tabular
[SKIP   ] cand77/seed6/s_curve_bounds+dynamics+geo_bounds+halfspace+obstacles/geo_free-bounds_free: key divergence_reason shape (5,) not tabular
[SKIP   ] cand77/seed6/s_curve_bounds+dynamics+geo_bounds+halfspace+obstacles/geo_free-model_free: key divergence_reason shape (5,) not tabular
[SKIP   ] cand77/seed6/s_curve_bounds+dynamics+geo_bounds+halfspace+obstacles/gradient: key divergence_reason shape (5,) not tabular
[SKIP   ] cand77/seed6/s_curve_bounds+dynamics+geo_bounds+halfspace+obstacles/gradient-tightened: key divergence_reason shape (5,) not tabular
[SKIP   ] cand77/seed6/s_curve_bounds+dynamics+geo_bounds+halfspace+obstacles/model_free: key divergence_reason shape (5,) not tabular
[SKIP   ] cand77/seed6/s_curve_bounds+dynamics+geo_bounds+halfspace+obstacles/model_free-bounds_free: key divergence_reason shape (5,) not tabular
[SKIP   ] cand77/seed6/s_curve_bounds+dynamics+geo_bounds+halfspace+obstacles/model_free-bounds_free-tightened: key divergence_reason shape (5,) not tabular
[SKIP   ] cand77/seed6/s_curve_bounds+dynamics+geo_bounds+halfspace+obstacles/model_free-tightened: key divergence_reason shape (5,) not tabular
[SKIP   ] cand77/seed6/s_curve_bounds+dynamics+geo_bounds+halfspace+obstacles/post_processing: key divergence_reason shape (5,) not tabular
[SKIP   ] cand77/seed6/s_curve_bounds+dynamics+geo_bounds+halfspace+obstacles/post_processing-tightened: key divergence_reason shape (5,) not tabular
[SKIP   ] cand78/seed6/s_curve_bounds+dynamics+geo_bounds+halfspace+obstacles/bounds_free: key divergence_reason shape (5,) not tabular
[SKIP   ] cand78/seed6/s_curve_bounds+dynamics+geo_bounds+halfspace+obstacles/bounds_free-tightened: key divergence_reason shape (5,) not tabular
[SKIP   ] cand78/seed6/s_curve_bounds+dynamics+geo_bounds+halfspace+obstacles/diffuser: key divergence_reason shape (5,) not tabular
[SKIP   ] cand78/seed6/s_curve_bounds+dynamics+geo_bounds+halfspace+obstacles/dpcc-c: key divergence_reason shape (5,) not tabular
[SKIP   ] cand78/seed6/s_curve_bounds+dynamics+geo_bounds+halfspace+obstacles/dpcc-c-tightened: key divergence_reason shape (5,) not tabular
[SKIP   ] cand78/seed6/s_curve_bounds+dynamics+geo_bounds+halfspace+obstacles/dpcc-r: key divergence_reason shape (5,) not tabular
[SKIP   ] cand78/seed6/s_curve_bounds+dynamics+geo_bounds+halfspace+obstacles/dpcc-r-tightened: key divergence_reason shape (5,) not tabular
[SKIP   ] cand78/seed6/s_curve_bounds+dynamics+geo_bounds+halfspace+obstacles/dpcc-t: key divergence_reason shape (5,) not tabular
[SKIP   ] cand78/seed6/s_curve_bounds+dynamics+geo_bounds+halfspace+obstacles/dpcc-t-tightened: key divergence_reason shape (5,) not tabular
[SKIP   ] cand78/seed6/s_curve_bounds+dynamics+geo_bounds+halfspace+obstacles/geo_free: key divergence_reason shape (5,) not tabular
[SKIP   ] cand78/seed6/s_curve_bounds+dynamics+geo_bounds+halfspace+obstacles/geo_free-bounds_free: key divergence_reason shape (5,) not tabular
[SKIP   ] cand78/seed6/s_curve_bounds+dynamics+geo_bounds+halfspace+obstacles/geo_free-model_free: key divergence_reason shape (5,) not tabular
[SKIP   ] cand78/seed6/s_curve_bounds+dynamics+geo_bounds+halfspace+obstacles/gradient: key divergence_reason shape (5,) not tabular
[SKIP   ] cand78/seed6/s_curve_bounds+dynamics+geo_bounds+halfspace+obstacles/gradient-tightened: key divergence_reason shape (5,) not tabular
[SKIP   ] cand78/seed6/s_curve_bounds+dynamics+geo_bounds+halfspace+obstacles/model_free: key divergence_reason shape (5,) not tabular
[SKIP   ] cand78/seed6/s_curve_bounds+dynamics+geo_bounds+halfspace+obstacles/model_free-bounds_free: key divergence_reason shape (5,) not tabular
[SKIP   ] cand78/seed6/s_curve_bounds+dynamics+geo_bounds+halfspace+obstacles/model_free-bounds_free-tightened: key divergence_reason shape (5,) not tabular
[SKIP   ] cand78/seed6/s_curve_bounds+dynamics+geo_bounds+halfspace+obstacles/model_free-tightened: key divergence_reason shape (5,) not tabular
[SKIP   ] cand78/seed6/s_curve_bounds+dynamics+geo_bounds+halfspace+obstacles/post_processing: key divergence_reason shape (5,) not tabular
[SKIP   ] cand78/seed6/s_curve_bounds+dynamics+geo_bounds+halfspace+obstacles/post_processing-tightened: key divergence_reason shape (5,) not tabular
[SKIP   ] cand79/seed6/s_curve_bounds+dynamics+geo_bounds+halfspace+obstacles/bounds_free: key divergence_reason shape (5,) not tabular
[SKIP   ] cand79/seed6/s_curve_bounds+dynamics+geo_bounds+halfspace+obstacles/bounds_free-tightened: key divergence_reason shape (5,) not tabular
[SKIP   ] cand79/seed6/s_curve_bounds+dynamics+geo_bounds+halfspace+obstacles/diffuser: key divergence_reason shape (5,) not tabular
[SKIP   ] cand79/seed6/s_curve_bounds+dynamics+geo_bounds+halfspace+obstacles/dpcc-c: key divergence_reason shape (5,) not tabular
[SKIP   ] cand79/seed6/s_curve_bounds+dynamics+geo_bounds+halfspace+obstacles/dpcc-c-tightened: key divergence_reason shape (5,) not tabular
[SKIP   ] cand79/seed6/s_curve_bounds+dynamics+geo_bounds+halfspace+obstacles/dpcc-r: key divergence_reason shape (5,) not tabular
[SKIP   ] cand79/seed6/s_curve_bounds+dynamics+geo_bounds+halfspace+obstacles/dpcc-r-tightened: key divergence_reason shape (5,) not tabular
[SKIP   ] cand79/seed6/s_curve_bounds+dynamics+geo_bounds+halfspace+obstacles/dpcc-t: key divergence_reason shape (5,) not tabular
[SKIP   ] cand79/seed6/s_curve_bounds+dynamics+geo_bounds+halfspace+obstacles/dpcc-t-tightened: key divergence_reason shape (5,) not tabular
[SKIP   ] cand79/seed6/s_curve_bounds+dynamics+geo_bounds+halfspace+obstacles/geo_free: key divergence_reason shape (5,) not tabular
[SKIP   ] cand79/seed6/s_curve_bounds+dynamics+geo_bounds+halfspace+obstacles/geo_free-bounds_free: key divergence_reason shape (5,) not tabular
[SKIP   ] cand79/seed6/s_curve_bounds+dynamics+geo_bounds+halfspace+obstacles/geo_free-model_free: key divergence_reason shape (5,) not tabular
[SKIP   ] cand79/seed6/s_curve_bounds+dynamics+geo_bounds+halfspace+obstacles/gradient: key divergence_reason shape (5,) not tabular
[SKIP   ] cand79/seed6/s_curve_bounds+dynamics+geo_bounds+halfspace+obstacles/gradient-tightened: key divergence_reason shape (5,) not tabular
[SKIP   ] cand79/seed6/s_curve_bounds+dynamics+geo_bounds+halfspace+obstacles/model_free: key divergence_reason shape (5,) not tabular
[SKIP   ] cand79/seed6/s_curve_bounds+dynamics+geo_bounds+halfspace+obstacles/model_free-bounds_free: key divergence_reason shape (5,) not tabular
[SKIP   ] cand79/seed6/s_curve_bounds+dynamics+geo_bounds+halfspace+obstacles/model_free-bounds_free-tightened: key divergence_reason shape (5,) not tabular
[SKIP   ] cand79/seed6/s_curve_bounds+dynamics+geo_bounds+halfspace+obstacles/model_free-tightened: key divergence_reason shape (5,) not tabular
[SKIP   ] cand79/seed6/s_curve_bounds+dynamics+geo_bounds+halfspace+obstacles/post_processing: key divergence_reason shape (5,) not tabular
[SKIP   ] cand79/seed6/s_curve_bounds+dynamics+geo_bounds+halfspace+obstacles/post_processing-tightened: key divergence_reason shape (5,) not tabular
[SKIP   ] cand80/seed6/s_curve_bounds+dynamics+geo_bounds+halfspace+obstacles/bounds_free: key divergence_reason shape (5,) not tabular
[SKIP   ] cand80/seed6/s_curve_bounds+dynamics+geo_bounds+halfspace+obstacles/bounds_free-tightened: key divergence_reason shape (5,) not tabular
[SKIP   ] cand80/seed6/s_curve_bounds+dynamics+geo_bounds+halfspace+obstacles/diffuser: key divergence_reason shape (5,) not tabular
[SKIP   ] cand80/seed6/s_curve_bounds+dynamics+geo_bounds+halfspace+obstacles/dpcc-c: key divergence_reason shape (5,) not tabular
[SKIP   ] cand80/seed6/s_curve_bounds+dynamics+geo_bounds+halfspace+obstacles/dpcc-c-tightened: key divergence_reason shape (5,) not tabular
[SKIP   ] cand80/seed6/s_curve_bounds+dynamics+geo_bounds+halfspace+obstacles/dpcc-r: key divergence_reason shape (5,) not tabular
[SKIP   ] cand80/seed6/s_curve_bounds+dynamics+geo_bounds+halfspace+obstacles/dpcc-r-tightened: key divergence_reason shape (5,) not tabular
[SKIP   ] cand80/seed6/s_curve_bounds+dynamics+geo_bounds+halfspace+obstacles/dpcc-t: key divergence_reason shape (5,) not tabular
[SKIP   ] cand80/seed6/s_curve_bounds+dynamics+geo_bounds+halfspace+obstacles/dpcc-t-tightened: key divergence_reason shape (5,) not tabular
[SKIP   ] cand80/seed6/s_curve_bounds+dynamics+geo_bounds+halfspace+obstacles/geo_free: key divergence_reason shape (5,) not tabular
[SKIP   ] cand80/seed6/s_curve_bounds+dynamics+geo_bounds+halfspace+obstacles/geo_free-bounds_free: key divergence_reason shape (5,) not tabular
[SKIP   ] cand80/seed6/s_curve_bounds+dynamics+geo_bounds+halfspace+obstacles/geo_free-model_free: key divergence_reason shape (5,) not tabular
[SKIP   ] cand80/seed6/s_curve_bounds+dynamics+geo_bounds+halfspace+obstacles/gradient: key divergence_reason shape (5,) not tabular
[SKIP   ] cand80/seed6/s_curve_bounds+dynamics+geo_bounds+halfspace+obstacles/gradient-tightened: key divergence_reason shape (5,) not tabular
[SKIP   ] cand80/seed6/s_curve_bounds+dynamics+geo_bounds+halfspace+obstacles/model_free: key divergence_reason shape (5,) not tabular
[SKIP   ] cand80/seed6/s_curve_bounds+dynamics+geo_bounds+halfspace+obstacles/model_free-bounds_free: key divergence_reason shape (5,) not tabular
[SKIP   ] cand80/seed6/s_curve_bounds+dynamics+geo_bounds+halfspace+obstacles/model_free-bounds_free-tightened: key divergence_reason shape (5,) not tabular
[SKIP   ] cand80/seed6/s_curve_bounds+dynamics+geo_bounds+halfspace+obstacles/model_free-tightened: key divergence_reason shape (5,) not tabular
[SKIP   ] cand80/seed6/s_curve_bounds+dynamics+geo_bounds+halfspace+obstacles/post_processing: key divergence_reason shape (5,) not tabular
[SKIP   ] cand80/seed6/s_curve_bounds+dynamics+geo_bounds+halfspace+obstacles/post_processing-tightened: key divergence_reason shape (5,) not tabular
[SKIP   ] cand81/seed6/s_curve_bounds+dynamics+geo_bounds+halfspace+obstacles/bounds_free: key divergence_reason shape (5,) not tabular
[SKIP   ] cand81/seed6/s_curve_bounds+dynamics+geo_bounds+halfspace+obstacles/bounds_free-tightened: key divergence_reason shape (5,) not tabular
[SKIP   ] cand81/seed6/s_curve_bounds+dynamics+geo_bounds+halfspace+obstacles/diffuser: key divergence_reason shape (5,) not tabular
[SKIP   ] cand81/seed6/s_curve_bounds+dynamics+geo_bounds+halfspace+obstacles/dpcc-c: key divergence_reason shape (5,) not tabular
[SKIP   ] cand81/seed6/s_curve_bounds+dynamics+geo_bounds+halfspace+obstacles/dpcc-c-tightened: key divergence_reason shape (5,) not tabular
[SKIP   ] cand81/seed6/s_curve_bounds+dynamics+geo_bounds+halfspace+obstacles/dpcc-r: key divergence_reason shape (5,) not tabular
[SKIP   ] cand81/seed6/s_curve_bounds+dynamics+geo_bounds+halfspace+obstacles/dpcc-r-tightened: key divergence_reason shape (5,) not tabular
[SKIP   ] cand81/seed6/s_curve_bounds+dynamics+geo_bounds+halfspace+obstacles/dpcc-t: key divergence_reason shape (5,) not tabular
[SKIP   ] cand81/seed6/s_curve_bounds+dynamics+geo_bounds+halfspace+obstacles/dpcc-t-tightened: key divergence_reason shape (5,) not tabular
[SKIP   ] cand81/seed6/s_curve_bounds+dynamics+geo_bounds+halfspace+obstacles/geo_free: key divergence_reason shape (5,) not tabular
[SKIP   ] cand81/seed6/s_curve_bounds+dynamics+geo_bounds+halfspace+obstacles/geo_free-bounds_free: key divergence_reason shape (5,) not tabular
[SKIP   ] cand81/seed6/s_curve_bounds+dynamics+geo_bounds+halfspace+obstacles/geo_free-model_free: key divergence_reason shape (5,) not tabular
[SKIP   ] cand81/seed6/s_curve_bounds+dynamics+geo_bounds+halfspace+obstacles/gradient: key divergence_reason shape (5,) not tabular
[SKIP   ] cand81/seed6/s_curve_bounds+dynamics+geo_bounds+halfspace+obstacles/gradient-tightened: key divergence_reason shape (5,) not tabular
[SKIP   ] cand81/seed6/s_curve_bounds+dynamics+geo_bounds+halfspace+obstacles/model_free: key divergence_reason shape (5,) not tabular
[SKIP   ] cand81/seed6/s_curve_bounds+dynamics+geo_bounds+halfspace+obstacles/model_free-bounds_free: key divergence_reason shape (5,) not tabular
[SKIP   ] cand81/seed6/s_curve_bounds+dynamics+geo_bounds+halfspace+obstacles/model_free-bounds_free-tightened: key divergence_reason shape (5,) not tabular
[SKIP   ] cand81/seed6/s_curve_bounds+dynamics+geo_bounds+halfspace+obstacles/model_free-tightened: key divergence_reason shape (5,) not tabular
[SKIP   ] cand81/seed6/s_curve_bounds+dynamics+geo_bounds+halfspace+obstacles/post_processing: key divergence_reason shape (5,) not tabular
[SKIP   ] cand81/seed6/s_curve_bounds+dynamics+geo_bounds+halfspace+obstacles/post_processing-tightened: key divergence_reason shape (5,) not tabular
[SKIP   ] cand82/seed6/s_curve_bounds+dynamics+geo_bounds+halfspace+obstacles/bounds_free: key divergence_reason shape (5,) not tabular
[SKIP   ] cand82/seed6/s_curve_bounds+dynamics+geo_bounds+halfspace+obstacles/bounds_free-tightened: key divergence_reason shape (5,) not tabular
[SKIP   ] cand82/seed6/s_curve_bounds+dynamics+geo_bounds+halfspace+obstacles/diffuser: key divergence_reason shape (5,) not tabular
[SKIP   ] cand82/seed6/s_curve_bounds+dynamics+geo_bounds+halfspace+obstacles/dpcc-c: key divergence_reason shape (5,) not tabular
[SKIP   ] cand82/seed6/s_curve_bounds+dynamics+geo_bounds+halfspace+obstacles/dpcc-c-tightened: key divergence_reason shape (5,) not tabular
[SKIP   ] cand82/seed6/s_curve_bounds+dynamics+geo_bounds+halfspace+obstacles/dpcc-r: key divergence_reason shape (5,) not tabular
[SKIP   ] cand82/seed6/s_curve_bounds+dynamics+geo_bounds+halfspace+obstacles/dpcc-r-tightened: key divergence_reason shape (5,) not tabular
[SKIP   ] cand82/seed6/s_curve_bounds+dynamics+geo_bounds+halfspace+obstacles/dpcc-t: key divergence_reason shape (5,) not tabular
[SKIP   ] cand82/seed6/s_curve_bounds+dynamics+geo_bounds+halfspace+obstacles/dpcc-t-tightened: key divergence_reason shape (5,) not tabular
[SKIP   ] cand82/seed6/s_curve_bounds+dynamics+geo_bounds+halfspace+obstacles/geo_free: key divergence_reason shape (5,) not tabular
[SKIP   ] cand82/seed6/s_curve_bounds+dynamics+geo_bounds+halfspace+obstacles/geo_free-bounds_free: key divergence_reason shape (5,) not tabular
[SKIP   ] cand82/seed6/s_curve_bounds+dynamics+geo_bounds+halfspace+obstacles/geo_free-model_free: key divergence_reason shape (5,) not tabular
[SKIP   ] cand82/seed6/s_curve_bounds+dynamics+geo_bounds+halfspace+obstacles/gradient: key divergence_reason shape (5,) not tabular
[SKIP   ] cand82/seed6/s_curve_bounds+dynamics+geo_bounds+halfspace+obstacles/gradient-tightened: key divergence_reason shape (5,) not tabular
[SKIP   ] cand82/seed6/s_curve_bounds+dynamics+geo_bounds+halfspace+obstacles/model_free: key divergence_reason shape (5,) not tabular
[SKIP   ] cand82/seed6/s_curve_bounds+dynamics+geo_bounds+halfspace+obstacles/model_free-bounds_free: key divergence_reason shape (5,) not tabular
[SKIP   ] cand82/seed6/s_curve_bounds+dynamics+geo_bounds+halfspace+obstacles/model_free-bounds_free-tightened: key divergence_reason shape (5,) not tabular
[SKIP   ] cand82/seed6/s_curve_bounds+dynamics+geo_bounds+halfspace+obstacles/model_free-tightened: key divergence_reason shape (5,) not tabular
[SKIP   ] cand82/seed6/s_curve_bounds+dynamics+geo_bounds+halfspace+obstacles/post_processing: key divergence_reason shape (5,) not tabular
[SKIP   ] cand82/seed6/s_curve_bounds+dynamics+geo_bounds+halfspace+obstacles/post_processing-tightened: key divergence_reason shape (5,) not tabular
[SKIP   ] cand83/seed6/s_curve_bounds+dynamics+geo_bounds+halfspace+obstacles/bounds_free: key divergence_reason shape (5,) not tabular
[SKIP   ] cand83/seed6/s_curve_bounds+dynamics+geo_bounds+halfspace+obstacles/bounds_free-tightened: key divergence_reason shape (5,) not tabular
[SKIP   ] cand83/seed6/s_curve_bounds+dynamics+geo_bounds+halfspace+obstacles/diffuser: key divergence_reason shape (5,) not tabular
[SKIP   ] cand83/seed6/s_curve_bounds+dynamics+geo_bounds+halfspace+obstacles/dpcc-c: key divergence_reason shape (5,) not tabular
[SKIP   ] cand83/seed6/s_curve_bounds+dynamics+geo_bounds+halfspace+obstacles/dpcc-c-tightened: key divergence_reason shape (5,) not tabular
[SKIP   ] cand83/seed6/s_curve_bounds+dynamics+geo_bounds+halfspace+obstacles/dpcc-r: key divergence_reason shape (5,) not tabular
[SKIP   ] cand83/seed6/s_curve_bounds+dynamics+geo_bounds+halfspace+obstacles/dpcc-r-tightened: key divergence_reason shape (5,) not tabular
[SKIP   ] cand83/seed6/s_curve_bounds+dynamics+geo_bounds+halfspace+obstacles/dpcc-t: key divergence_reason shape (5,) not tabular
[SKIP   ] cand83/seed6/s_curve_bounds+dynamics+geo_bounds+halfspace+obstacles/dpcc-t-tightened: key divergence_reason shape (5,) not tabular
[SKIP   ] cand83/seed6/s_curve_bounds+dynamics+geo_bounds+halfspace+obstacles/geo_free: key divergence_reason shape (5,) not tabular
[SKIP   ] cand83/seed6/s_curve_bounds+dynamics+geo_bounds+halfspace+obstacles/geo_free-bounds_free: key divergence_reason shape (5,) not tabular
[SKIP   ] cand83/seed6/s_curve_bounds+dynamics+geo_bounds+halfspace+obstacles/geo_free-model_free: key divergence_reason shape (5,) not tabular
[SKIP   ] cand83/seed6/s_curve_bounds+dynamics+geo_bounds+halfspace+obstacles/gradient: key divergence_reason shape (5,) not tabular
[SKIP   ] cand83/seed6/s_curve_bounds+dynamics+geo_bounds+halfspace+obstacles/gradient-tightened: key divergence_reason shape (5,) not tabular
[SKIP   ] cand83/seed6/s_curve_bounds+dynamics+geo_bounds+halfspace+obstacles/model_free: key divergence_reason shape (5,) not tabular
[SKIP   ] cand83/seed6/s_curve_bounds+dynamics+geo_bounds+halfspace+obstacles/model_free-bounds_free: key divergence_reason shape (5,) not tabular
[SKIP   ] cand83/seed6/s_curve_bounds+dynamics+geo_bounds+halfspace+obstacles/model_free-bounds_free-tightened: key divergence_reason shape (5,) not tabular
[SKIP   ] cand83/seed6/s_curve_bounds+dynamics+geo_bounds+halfspace+obstacles/model_free-tightened: key divergence_reason shape (5,) not tabular
[SKIP   ] cand83/seed6/s_curve_bounds+dynamics+geo_bounds+halfspace+obstacles/post_processing: key divergence_reason shape (5,) not tabular
[SKIP   ] cand83/seed6/s_curve_bounds+dynamics+geo_bounds+halfspace+obstacles/post_processing-tightened: key divergence_reason shape (5,) not tabular
[SKIP   ] cand84/seed6/s_curve_bounds+dynamics+geo_bounds+halfspace+obstacles/bounds_free: key divergence_reason shape (5,) not tabular
[SKIP   ] cand84/seed6/s_curve_bounds+dynamics+geo_bounds+halfspace+obstacles/bounds_free-tightened: key divergence_reason shape (5,) not tabular
[SKIP   ] cand84/seed6/s_curve_bounds+dynamics+geo_bounds+halfspace+obstacles/diffuser: key divergence_reason shape (5,) not tabular
[SKIP   ] cand84/seed6/s_curve_bounds+dynamics+geo_bounds+halfspace+obstacles/dpcc-c: key divergence_reason shape (5,) not tabular
[SKIP   ] cand84/seed6/s_curve_bounds+dynamics+geo_bounds+halfspace+obstacles/dpcc-c-tightened: key divergence_reason shape (5,) not tabular
[SKIP   ] cand84/seed6/s_curve_bounds+dynamics+geo_bounds+halfspace+obstacles/dpcc-r: key divergence_reason shape (5,) not tabular
[SKIP   ] cand84/seed6/s_curve_bounds+dynamics+geo_bounds+halfspace+obstacles/dpcc-r-tightened: key divergence_reason shape (5,) not tabular
[SKIP   ] cand84/seed6/s_curve_bounds+dynamics+geo_bounds+halfspace+obstacles/dpcc-t: key divergence_reason shape (5,) not tabular
[SKIP   ] cand84/seed6/s_curve_bounds+dynamics+geo_bounds+halfspace+obstacles/dpcc-t-tightened: key divergence_reason shape (5,) not tabular
[SKIP   ] cand84/seed6/s_curve_bounds+dynamics+geo_bounds+halfspace+obstacles/geo_free: key divergence_reason shape (5,) not tabular
[SKIP   ] cand84/seed6/s_curve_bounds+dynamics+geo_bounds+halfspace+obstacles/geo_free-bounds_free: key divergence_reason shape (5,) not tabular
[SKIP   ] cand84/seed6/s_curve_bounds+dynamics+geo_bounds+halfspace+obstacles/geo_free-model_free: key divergence_reason shape (5,) not tabular
[SKIP   ] cand84/seed6/s_curve_bounds+dynamics+geo_bounds+halfspace+obstacles/gradient: key divergence_reason shape (5,) not tabular
[SKIP   ] cand84/seed6/s_curve_bounds+dynamics+geo_bounds+halfspace+obstacles/gradient-tightened: key divergence_reason shape (5,) not tabular
[SKIP   ] cand84/seed6/s_curve_bounds+dynamics+geo_bounds+halfspace+obstacles/model_free: key divergence_reason shape (5,) not tabular
[SKIP   ] cand84/seed6/s_curve_bounds+dynamics+geo_bounds+halfspace+obstacles/model_free-bounds_free: key divergence_reason shape (5,) not tabular
[SKIP   ] cand84/seed6/s_curve_bounds+dynamics+geo_bounds+halfspace+obstacles/model_free-bounds_free-tightened: key divergence_reason shape (5,) not tabular
[SKIP   ] cand84/seed6/s_curve_bounds+dynamics+geo_bounds+halfspace+obstacles/model_free-tightened: key divergence_reason shape (5,) not tabular
[SKIP   ] cand84/seed6/s_curve_bounds+dynamics+geo_bounds+halfspace+obstacles/post_processing: key divergence_reason shape (5,) not tabular
[SKIP   ] cand84/seed6/s_curve_bounds+dynamics+geo_bounds+halfspace+obstacles/post_processing-tightened: key divergence_reason shape (5,) not tabular
[SKIP   ] cand85/seed6/s_curve_bounds+dynamics+geo_bounds+halfspace+obstacles/bounds_free: key divergence_reason shape (5,) not tabular
[SKIP   ] cand85/seed6/s_curve_bounds+dynamics+geo_bounds+halfspace+obstacles/bounds_free-tightened: key divergence_reason shape (5,) not tabular
[SKIP   ] cand85/seed6/s_curve_bounds+dynamics+geo_bounds+halfspace+obstacles/diffuser: key divergence_reason shape (5,) not tabular
[SKIP   ] cand85/seed6/s_curve_bounds+dynamics+geo_bounds+halfspace+obstacles/dpcc-c: key divergence_reason shape (5,) not tabular
[SKIP   ] cand85/seed6/s_curve_bounds+dynamics+geo_bounds+halfspace+obstacles/dpcc-c-tightened: key divergence_reason shape (5,) not tabular
[SKIP   ] cand85/seed6/s_curve_bounds+dynamics+geo_bounds+halfspace+obstacles/dpcc-r: key divergence_reason shape (5,) not tabular
[SKIP   ] cand85/seed6/s_curve_bounds+dynamics+geo_bounds+halfspace+obstacles/dpcc-r-tightened: key divergence_reason shape (5,) not tabular
[SKIP   ] cand85/seed6/s_curve_bounds+dynamics+geo_bounds+halfspace+obstacles/dpcc-t: key divergence_reason shape (5,) not tabular
[SKIP   ] cand85/seed6/s_curve_bounds+dynamics+geo_bounds+halfspace+obstacles/dpcc-t-tightened: key divergence_reason shape (5,) not tabular
[SKIP   ] cand85/seed6/s_curve_bounds+dynamics+geo_bounds+halfspace+obstacles/geo_free: key divergence_reason shape (5,) not tabular
[SKIP   ] cand85/seed6/s_curve_bounds+dynamics+geo_bounds+halfspace+obstacles/geo_free-bounds_free: key divergence_reason shape (5,) not tabular
[SKIP   ] cand85/seed6/s_curve_bounds+dynamics+geo_bounds+halfspace+obstacles/geo_free-model_free: key divergence_reason shape (5,) not tabular
[SKIP   ] cand85/seed6/s_curve_bounds+dynamics+geo_bounds+halfspace+obstacles/gradient: key divergence_reason shape (5,) not tabular
[SKIP   ] cand85/seed6/s_curve_bounds+dynamics+geo_bounds+halfspace+obstacles/gradient-tightened: key divergence_reason shape (5,) not tabular
[SKIP   ] cand85/seed6/s_curve_bounds+dynamics+geo_bounds+halfspace+obstacles/model_free: key divergence_reason shape (5,) not tabular
[SKIP   ] cand85/seed6/s_curve_bounds+dynamics+geo_bounds+halfspace+obstacles/model_free-bounds_free: key divergence_reason shape (5,) not tabular
[SKIP   ] cand85/seed6/s_curve_bounds+dynamics+geo_bounds+halfspace+obstacles/model_free-bounds_free-tightened: key divergence_reason shape (5,) not tabular
[SKIP   ] cand85/seed6/s_curve_bounds+dynamics+geo_bounds+halfspace+obstacles/model_free-tightened: key divergence_reason shape (5,) not tabular
[SKIP   ] cand85/seed6/s_curve_bounds+dynamics+geo_bounds+halfspace+obstacles/post_processing: key divergence_reason shape (5,) not tabular
[SKIP   ] cand85/seed6/s_curve_bounds+dynamics+geo_bounds+halfspace+obstacles/post_processing-tightened: key divergence_reason shape (5,) not tabular
[SKIP   ] cand86/seed6/s_curve_hg_bounds+dynamics+geo_bounds+halfspace+obstacles/diffuser: key divergence_reason shape (10,) not tabular
[SKIP   ] cand86/seed6/s_curve_hg_bounds+dynamics+geo_bounds+halfspace+obstacles/dpcc-c: key divergence_reason shape (10,) not tabular
[SKIP   ] cand86/seed6/s_curve_hg_bounds+dynamics+geo_bounds+halfspace+obstacles/dpcc-c-geo_free: key divergence_reason shape (10,) not tabular
[SKIP   ] cand86/seed6/s_curve_hg_bounds+dynamics+geo_bounds+halfspace+obstacles/dpcc-c-tightened: key divergence_reason shape (10,) not tabular
[SKIP   ] cand86/seed6/s_curve_hg_bounds+dynamics+geo_bounds+halfspace+obstacles/dpcc-r: key divergence_reason shape (10,) not tabular
[SKIP   ] cand86/seed6/s_curve_hg_bounds+dynamics+geo_bounds+halfspace+obstacles/dpcc-r-geo_free: key divergence_reason shape (10,) not tabular
[SKIP   ] cand86/seed6/s_curve_hg_bounds+dynamics+geo_bounds+halfspace+obstacles/dpcc-r-tightened: key divergence_reason shape (10,) not tabular
[SKIP   ] cand86/seed6/s_curve_hg_bounds+dynamics+geo_bounds+halfspace+obstacles/dpcc-t: key divergence_reason shape (10,) not tabular
[SKIP   ] cand86/seed6/s_curve_hg_bounds+dynamics+geo_bounds+halfspace+obstacles/dpcc-t-geo_free: key divergence_reason shape (10,) not tabular
[SKIP   ] cand86/seed6/s_curve_hg_bounds+dynamics+geo_bounds+halfspace+obstacles/dpcc-t-tightened: key divergence_reason shape (10,) not tabular
[SKIP   ] cand87/seed6/s_curve_hg_bounds+dynamics+geo_bounds+halfspace+obstacles/diffuser: key divergence_reason shape (10,) not tabular
[SKIP   ] cand87/seed6/s_curve_hg_bounds+dynamics+geo_bounds+halfspace+obstacles/dpcc-c: key divergence_reason shape (10,) not tabular
[SKIP   ] cand87/seed6/s_curve_hg_bounds+dynamics+geo_bounds+halfspace+obstacles/dpcc-c-geo_free: key divergence_reason shape (10,) not tabular
[SKIP   ] cand87/seed6/s_curve_hg_bounds+dynamics+geo_bounds+halfspace+obstacles/dpcc-c-tightened: key divergence_reason shape (10,) not tabular
[SKIP   ] cand87/seed6/s_curve_hg_bounds+dynamics+geo_bounds+halfspace+obstacles/dpcc-r: key divergence_reason shape (10,) not tabular
[SKIP   ] cand87/seed6/s_curve_hg_bounds+dynamics+geo_bounds+halfspace+obstacles/dpcc-r-geo_free: key divergence_reason shape (10,) not tabular
[SKIP   ] cand87/seed6/s_curve_hg_bounds+dynamics+geo_bounds+halfspace+obstacles/dpcc-r-tightened: key divergence_reason shape (10,) not tabular
[SKIP   ] cand87/seed6/s_curve_hg_bounds+dynamics+geo_bounds+halfspace+obstacles/dpcc-t: key divergence_reason shape (10,) not tabular
[SKIP   ] cand87/seed6/s_curve_hg_bounds+dynamics+geo_bounds+halfspace+obstacles/dpcc-t-geo_free: key divergence_reason shape (10,) not tabular
[SKIP   ] cand87/seed6/s_curve_hg_bounds+dynamics+geo_bounds+halfspace+obstacles/dpcc-t-tightened: key divergence_reason shape (10,) not tabular
[SKIP   ] cand88/seed6/s_curve_hg_bounds+dynamics+geo_bounds+halfspace+obstacles/diffuser: key divergence_reason shape (10,) not tabular
[SKIP   ] cand88/seed6/s_curve_hg_bounds+dynamics+geo_bounds+halfspace+obstacles/dpcc-c: key divergence_reason shape (10,) not tabular
[SKIP   ] cand88/seed6/s_curve_hg_bounds+dynamics+geo_bounds+halfspace+obstacles/dpcc-c-geo_free: key divergence_reason shape (10,) not tabular
[SKIP   ] cand88/seed6/s_curve_hg_bounds+dynamics+geo_bounds+halfspace+obstacles/dpcc-c-tightened: key divergence_reason shape (10,) not tabular
[SKIP   ] cand88/seed6/s_curve_hg_bounds+dynamics+geo_bounds+halfspace+obstacles/dpcc-r: key divergence_reason shape (10,) not tabular
[SKIP   ] cand88/seed6/s_curve_hg_bounds+dynamics+geo_bounds+halfspace+obstacles/dpcc-r-geo_free: key divergence_reason shape (10,) not tabular
[SKIP   ] cand88/seed6/s_curve_hg_bounds+dynamics+geo_bounds+halfspace+obstacles/dpcc-r-tightened: key divergence_reason shape (10,) not tabular
[SKIP   ] cand88/seed6/s_curve_hg_bounds+dynamics+geo_bounds+halfspace+obstacles/dpcc-t: key divergence_reason shape (10,) not tabular
[SKIP   ] cand88/seed6/s_curve_hg_bounds+dynamics+geo_bounds+halfspace+obstacles/dpcc-t-geo_free: key divergence_reason shape (10,) not tabular
[SKIP   ] cand88/seed6/s_curve_hg_bounds+dynamics+geo_bounds+halfspace+obstacles/dpcc-t-tightened: key divergence_reason shape (10,) not tabular
[SKIP   ] cand88/seed6/s_curve_hg_bounds+dynamics+geo_bounds+halfspace+obstacles/hardflow_sls: key divergence_reason shape (10,) not tabular
[SKIP   ] cand88/seed6/s_curve_hg_bounds+dynamics+geo_bounds+halfspace+obstacles/hardflow_sls-c: key divergence_reason shape (10,) not tabular
[SKIP   ] cand88/seed6/s_curve_hg_bounds+dynamics+geo_bounds+halfspace+obstacles/hardflow_sls-c-geo_free: key divergence_reason shape (10,) not tabular
[SKIP   ] cand88/seed6/s_curve_hg_bounds+dynamics+geo_bounds+halfspace+obstacles/hardflow_sls-r: key divergence_reason shape (10,) not tabular
[SKIP   ] cand88/seed6/s_curve_hg_bounds+dynamics+geo_bounds+halfspace+obstacles/hardflow_sls-r-geo_free: key divergence_reason shape (10,) not tabular
[SKIP   ] cand88/seed6/s_curve_hg_bounds+dynamics+geo_bounds+halfspace+obstacles/hardflow_sls-t: key divergence_reason shape (10,) not tabular
[SKIP   ] cand88/seed6/s_curve_hg_bounds+dynamics+geo_bounds+halfspace+obstacles/hardflow_sls-t-geo_free: key divergence_reason shape (10,) not tabular
[SKIP   ] cand89/seed6/s_curve_bounds+dynamics+geo_bounds+halfspace+obstacles/diffuser: key divergence_reason shape (10,) not tabular
[SKIP   ] cand89/seed6/s_curve_bounds+dynamics+geo_bounds+halfspace+obstacles/dpcc-c: key divergence_reason shape (10,) not tabular
[SKIP   ] cand89/seed6/s_curve_bounds+dynamics+geo_bounds+halfspace+obstacles/dpcc-c-geo_free: key divergence_reason shape (10,) not tabular
[SKIP   ] cand89/seed6/s_curve_bounds+dynamics+geo_bounds+halfspace+obstacles/dpcc-c-tightened: key divergence_reason shape (10,) not tabular
[SKIP   ] cand89/seed6/s_curve_bounds+dynamics+geo_bounds+halfspace+obstacles/dpcc-r: key divergence_reason shape (10,) not tabular
[SKIP   ] cand89/seed6/s_curve_bounds+dynamics+geo_bounds+halfspace+obstacles/dpcc-r-geo_free: key divergence_reason shape (10,) not tabular
[SKIP   ] cand89/seed6/s_curve_bounds+dynamics+geo_bounds+halfspace+obstacles/dpcc-r-tightened: key divergence_reason shape (10,) not tabular
[SKIP   ] cand89/seed6/s_curve_bounds+dynamics+geo_bounds+halfspace+obstacles/dpcc-t: key divergence_reason shape (10,) not tabular
[SKIP   ] cand89/seed6/s_curve_bounds+dynamics+geo_bounds+halfspace+obstacles/dpcc-t-geo_free: key divergence_reason shape (10,) not tabular
[SKIP   ] cand89/seed6/s_curve_bounds+dynamics+geo_bounds+halfspace+obstacles/dpcc-t-tightened: key divergence_reason shape (10,) not tabular
[SKIP   ] cand90/seed6/s_curve_bounds+dynamics+geo_bounds+halfspace+obstacles/diffuser: key divergence_reason shape (10,) not tabular
[SKIP   ] cand90/seed6/s_curve_bounds+dynamics+geo_bounds+halfspace+obstacles/dpcc-c: key divergence_reason shape (10,) not tabular
[SKIP   ] cand90/seed6/s_curve_bounds+dynamics+geo_bounds+halfspace+obstacles/dpcc-c-geo_free: key divergence_reason shape (10,) not tabular
[SKIP   ] cand90/seed6/s_curve_bounds+dynamics+geo_bounds+halfspace+obstacles/dpcc-c-tightened: key divergence_reason shape (10,) not tabular
[SKIP   ] cand90/seed6/s_curve_bounds+dynamics+geo_bounds+halfspace+obstacles/dpcc-r: key divergence_reason shape (10,) not tabular
[SKIP   ] cand90/seed6/s_curve_bounds+dynamics+geo_bounds+halfspace+obstacles/dpcc-r-geo_free: key divergence_reason shape (10,) not tabular
[SKIP   ] cand90/seed6/s_curve_bounds+dynamics+geo_bounds+halfspace+obstacles/dpcc-r-tightened: key divergence_reason shape (10,) not tabular
[SKIP   ] cand90/seed6/s_curve_bounds+dynamics+geo_bounds+halfspace+obstacles/dpcc-t: key divergence_reason shape (10,) not tabular
[SKIP   ] cand90/seed6/s_curve_bounds+dynamics+geo_bounds+halfspace+obstacles/dpcc-t-geo_free: key divergence_reason shape (10,) not tabular
[SKIP   ] cand90/seed6/s_curve_bounds+dynamics+geo_bounds+halfspace+obstacles/dpcc-t-tightened: key divergence_reason shape (10,) not tabular
[SKIP   ] cand90/seed6/s_curve_bounds+dynamics+geo_bounds+halfspace+obstacles/hardflow_sls: key divergence_reason shape (10,) not tabular
[SKIP   ] cand90/seed6/s_curve_bounds+dynamics+geo_bounds+halfspace+obstacles/hardflow_sls-c: key divergence_reason shape (10,) not tabular
[SKIP   ] cand90/seed6/s_curve_bounds+dynamics+geo_bounds+halfspace+obstacles/hardflow_sls-c-geo_free: key divergence_reason shape (10,) not tabular
[SKIP   ] cand90/seed6/s_curve_bounds+dynamics+geo_bounds+halfspace+obstacles/hardflow_sls-r: key divergence_reason shape (10,) not tabular
[SKIP   ] cand90/seed6/s_curve_bounds+dynamics+geo_bounds+halfspace+obstacles/hardflow_sls-r-geo_free: key divergence_reason shape (10,) not tabular
[SKIP   ] cand90/seed6/s_curve_bounds+dynamics+geo_bounds+halfspace+obstacles/hardflow_sls-t: key divergence_reason shape (10,) not tabular
[SKIP   ] cand90/seed6/s_curve_bounds+dynamics+geo_bounds+halfspace+obstacles/hardflow_sls-t-geo_free: key divergence_reason shape (10,) not tabular
[SKIP   ] cand91/seed6/s_curve_bounds+dynamics+geo_bounds+halfspace+obstacles/diffuser: key divergence_reason shape (5,) not tabular
[SKIP   ] cand91/seed6/s_curve_bounds+dynamics+geo_bounds+halfspace+obstacles/dpcc-c: key divergence_reason shape (5,) not tabular
[SKIP   ] cand91/seed6/s_curve_bounds+dynamics+geo_bounds+halfspace+obstacles/dpcc-c-tightened: key divergence_reason shape (5,) not tabular
[SKIP   ] cand91/seed6/s_curve_bounds+dynamics+geo_bounds+halfspace+obstacles/dpcc-r: key divergence_reason shape (5,) not tabular
[SKIP   ] cand91/seed6/s_curve_bounds+dynamics+geo_bounds+halfspace+obstacles/dpcc-r-geo_free: key divergence_reason shape (5,) not tabular
[SKIP   ] cand91/seed6/s_curve_bounds+dynamics+geo_bounds+halfspace+obstacles/dpcc-r-tightened: key divergence_reason shape (5,) not tabular
[SKIP   ] cand91/seed6/s_curve_bounds+dynamics+geo_bounds+halfspace+obstacles/dpcc-t: key divergence_reason shape (5,) not tabular
[SKIP   ] cand91/seed6/s_curve_bounds+dynamics+geo_bounds+halfspace+obstacles/dpcc-t-tightened: key divergence_reason shape (5,) not tabular
[SKIP   ] cand92/seed6/s_curve_hg_bounds+dynamics+geo_bounds+halfspace+obstacles/diffuser: key divergence_reason shape (10,) not tabular
[SKIP   ] cand92/seed6/s_curve_hg_bounds+dynamics+geo_bounds+halfspace+obstacles/dpcc-c: key divergence_reason shape (10,) not tabular
[SKIP   ] cand92/seed6/s_curve_hg_bounds+dynamics+geo_bounds+halfspace+obstacles/dpcc-r: key divergence_reason shape (10,) not tabular
[SKIP   ] cand92/seed6/s_curve_hg_bounds+dynamics+geo_bounds+halfspace+obstacles/dpcc-t: key divergence_reason shape (10,) not tabular
[SKIP   ] cand92/seed6/s_curve_hg_bounds+dynamics+geo_bounds+halfspace+obstacles/dpcc-t-geo_free: key divergence_reason shape (10,) not tabular
[SKIP   ] cand92/seed6/s_curve_hg_bounds+dynamics+geo_bounds+halfspace+obstacles/hardflow_sls: key divergence_reason shape (10,) not tabular
[SKIP   ] cand92/seed6/s_curve_hg_bounds+dynamics+geo_bounds+halfspace+obstacles/hardflow_sls-c: key divergence_reason shape (10,) not tabular
[SKIP   ] cand92/seed6/s_curve_hg_bounds+dynamics+geo_bounds+halfspace+obstacles/hardflow_sls-r: key divergence_reason shape (10,) not tabular
[SKIP   ] cand92/seed6/s_curve_hg_bounds+dynamics+geo_bounds+halfspace+obstacles/hardflow_sls-t: key divergence_reason shape (10,) not tabular
[SKIP   ] cand93/seed6/s_curve_hg_bounds+dynamics+geo_bounds+halfspace+obstacles/diffuser: key divergence_reason shape (10,) not tabular
[SKIP   ] cand93/seed6/s_curve_hg_bounds+dynamics+geo_bounds+halfspace+obstacles/dpcc-c: key divergence_reason shape (10,) not tabular
[SKIP   ] cand93/seed6/s_curve_hg_bounds+dynamics+geo_bounds+halfspace+obstacles/dpcc-c-geo_free: key divergence_reason shape (10,) not tabular
[SKIP   ] cand93/seed6/s_curve_hg_bounds+dynamics+geo_bounds+halfspace+obstacles/dpcc-c-tightened: key divergence_reason shape (10,) not tabular
[SKIP   ] cand93/seed6/s_curve_hg_bounds+dynamics+geo_bounds+halfspace+obstacles/dpcc-r: key divergence_reason shape (10,) not tabular
[SKIP   ] cand93/seed6/s_curve_hg_bounds+dynamics+geo_bounds+halfspace+obstacles/dpcc-r-geo_free: key divergence_reason shape (10,) not tabular
[SKIP   ] cand93/seed6/s_curve_hg_bounds+dynamics+geo_bounds+halfspace+obstacles/dpcc-r-tightened: key divergence_reason shape (10,) not tabular
[SKIP   ] cand93/seed6/s_curve_hg_bounds+dynamics+geo_bounds+halfspace+obstacles/dpcc-t: key divergence_reason shape (10,) not tabular
[SKIP   ] cand93/seed6/s_curve_hg_bounds+dynamics+geo_bounds+halfspace+obstacles/dpcc-t-geo_free: key divergence_reason shape (10,) not tabular
[SKIP   ] cand93/seed6/s_curve_hg_bounds+dynamics+geo_bounds+halfspace+obstacles/dpcc-t-tightened: key divergence_reason shape (10,) not tabular
[SKIP   ] cand94/seed6/s_curve_hg_bounds+dynamics+geo_bounds+halfspace+obstacles/diffuser: key divergence_reason shape (3,) not tabular
[SKIP   ] cand94/seed6/s_curve_hg_bounds+dynamics+geo_bounds+halfspace+obstacles/dpcc-r: key divergence_reason shape (3,) not tabular
[SKIP   ] cand94/seed6/s_curve_hg_bounds+dynamics+geo_bounds+halfspace+obstacles/hardflow_sls-r: key divergence_reason shape (3,) not tabular
[SKIP   ] cand95/seed6/s_curve_hg_bounds+dynamics+geo_bounds+halfspace+obstacles/diffuser: key divergence_reason shape (10,) not tabular
[SKIP   ] cand95/seed6/s_curve_hg_bounds+dynamics+geo_bounds+halfspace+obstacles/dpcc-c: key divergence_reason shape (10,) not tabular
[SKIP   ] cand95/seed6/s_curve_hg_bounds+dynamics+geo_bounds+halfspace+obstacles/dpcc-r: key divergence_reason shape (10,) not tabular
[SKIP   ] cand95/seed6/s_curve_hg_bounds+dynamics+geo_bounds+halfspace+obstacles/dpcc-t: key divergence_reason shape (10,) not tabular
[SKIP   ] cand95/seed6/s_curve_hg_bounds+dynamics+geo_bounds+halfspace+obstacles/hardflow_sls: key divergence_reason shape (10,) not tabular
[SKIP   ] cand95/seed6/s_curve_hg_bounds+dynamics+geo_bounds+halfspace+obstacles/hardflow_sls-c: key divergence_reason shape (10,) not tabular
[SKIP   ] cand95/seed6/s_curve_hg_bounds+dynamics+geo_bounds+halfspace+obstacles/hardflow_sls-r: key divergence_reason shape (10,) not tabular
[SKIP   ] cand95/seed6/s_curve_hg_bounds+dynamics+geo_bounds+halfspace+obstacles/hardflow_sls-t: key divergence_reason shape (10,) not tabular
[SKIP   ] cand96/seed6/s_curve_hg_bounds+dynamics+geo_bounds+halfspace+obstacles/diffuser: key divergence_reason shape (10,) not tabular
[SKIP   ] cand96/seed6/s_curve_hg_bounds+dynamics+geo_bounds+halfspace+obstacles/dpcc-c: key divergence_reason shape (10,) not tabular
[SKIP   ] cand96/seed6/s_curve_hg_bounds+dynamics+geo_bounds+halfspace+obstacles/dpcc-c-geo_free: key divergence_reason shape (10,) not tabular
[SKIP   ] cand96/seed6/s_curve_hg_bounds+dynamics+geo_bounds+halfspace+obstacles/dpcc-c-tightened: key divergence_reason shape (10,) not tabular
[SKIP   ] cand96/seed6/s_curve_hg_bounds+dynamics+geo_bounds+halfspace+obstacles/dpcc-r: key divergence_reason shape (10,) not tabular
[SKIP   ] cand96/seed6/s_curve_hg_bounds+dynamics+geo_bounds+halfspace+obstacles/dpcc-r-geo_free: key divergence_reason shape (10,) not tabular
[SKIP   ] cand96/seed6/s_curve_hg_bounds+dynamics+geo_bounds+halfspace+obstacles/dpcc-r-tightened: key divergence_reason shape (10,) not tabular
[SKIP   ] cand96/seed6/s_curve_hg_bounds+dynamics+geo_bounds+halfspace+obstacles/dpcc-t: key divergence_reason shape (10,) not tabular
[SKIP   ] cand96/seed6/s_curve_hg_bounds+dynamics+geo_bounds+halfspace+obstacles/dpcc-t-geo_free: key divergence_reason shape (10,) not tabular
[SKIP   ] cand96/seed6/s_curve_hg_bounds+dynamics+geo_bounds+halfspace+obstacles/dpcc-t-tightened: key divergence_reason shape (10,) not tabular
