backend,method,n_trials,avg_ms,std_ms,p50_ms,p95_ms,min_ms,max_ms
legacy_euler,euler,20,31.873055349933566,1.4738165612866523,31.596774500030733,34.4184511997355,30.332163999446493,36.59372699985397
torchdiffeq,euler,20,32.10815189995628,4.223490087552411,30.860282000048755,38.82767104964842,29.20816999994713,48.262559000249894
torchdiffeq,midpoint,20,32.302120799977274,3.672239155269214,31.596272000115277,39.288322500442526,28.95952699964255,44.89437699976406
torchdiffeq,rk4,20,32.8233302001081,1.646202506391713,32.7131705003012,35.310176299663,30.327670999213296,36.94731700034026
torchdiffeq,dopri5,20,31.10567135013298,3.231299631656034,30.148371999985102,33.34045965034421,29.00845199928881,44.22920100023475
