backend,method,n_trials,avg_ms,std_ms,p50_ms,p95_ms,min_ms,max_ms
legacy_euler,euler,20,117.00416669991682,16.662535147458456,110.17212799970366,161.13529280041803,103.48797299957369,164.70160800054146
torchdiffeq,euler,20,151.90587259990025,12.763559252154302,149.93346149958597,178.31482374958796,135.22388900037186,178.89137400015898
torchdiffeq,midpoint,20,113.72036905013374,15.796307575571008,107.8196440003012,132.92600975000826,104.99191800045082,176.49859099947207
torchdiffeq,rk4,20,110.9305572500034,6.21710799965633,109.41663999983575,125.29314620046534,104.54958899936173,127.8743190005116
torchdiffeq,dopri5,20,111.21897489992989,4.77081443059454,110.07310450031582,120.05069980004919,102.86364200055687,120.46278700017865
