backend,method,n_trials,avg_ms,std_ms,p50_ms,p95_ms,min_ms,max_ms
legacy,euler,20,15.791623199766036,1.7981046239469776,15.090852500179608,18.981246749262937,13.931529998444603,20.84861900038959
torchdiffeq,euler,20,17.338213800030644,2.70242936947069,16.669242500029213,21.405843748743795,15.138650000153575,27.226812000662903
legacy,midpoint,20,38.84284534988183,8.542402721335163,36.53486549956142,54.424696350724844,28.23313899898494,56.43463699925633
torchdiffeq,midpoint,20,45.88237950038092,15.169243258479097,46.07364549974591,66.59062610115143,22.96621999994386,73.36631300131558
legacy,rk4,20,51.81379224995908,5.647645264765726,49.663095000141766,63.216318000195315,46.8861069984996,65.95714400100405
torchdiffeq,rk4,20,50.738474749960005,4.302697812078432,49.28546599967376,57.598255449102005,47.29695899914077,66.02257899976394
