backend,method,n_trials,avg_ms,std_ms,p50_ms,p95_ms,min_ms,max_ms
legacy,euler,20,152.61872444998517,114.79392298656558,114.29008849995625,227.9642415502852,106.83683899969765,638.1673549999505
torchdiffeq,euler,20,126.05726170006619,27.635980601389985,116.41525500021999,172.49805245025988,110.97644100027537,232.05067300023074
legacy,midpoint,20,254.90483280002536,79.81389194104699,227.54549200021756,485.5895790497925,218.32266399997025,501.0639209999681
torchdiffeq,midpoint,20,326.9127544499952,68.59578145466166,314.34664700009307,434.173709350057,231.6624000000047,527.4282999998832
legacy,rk4,20,591.2342356498812,132.25282328648206,573.6183439998968,828.4815999498278,438.55107899980794,837.2648999998091
torchdiffeq,rk4,20,458.3041504000448,23.019538777054372,452.7537300000404,475.5759946000126,439.4611719999375,550.0409010001022
