backend,method,n_trials,avg_ms,std_ms,p50_ms,p95_ms,min_ms,max_ms
legacy_euler,euler,20,159.6065971501048,13.160590002312595,159.99807100024555,178.54653545050496,143.24150900029053,186.98738900002354
torchdiffeq,euler,20,121.19781219998913,20.692804215992208,114.73499200019432,160.32525155042097,106.82204299973819,196.4257939998788
torchdiffeq,midpoint,20,115.88907965006001,8.154056279837816,113.21810500021456,133.7486896502469,107.3804649995509,137.89433100009774
torchdiffeq,rk4,20,113.08102325001528,4.747990597073799,112.05507800013947,124.30694660033623,107.43433700008609,124.33101199985686
torchdiffeq,dopri5,20,136.5207216500039,27.689614747385402,129.03489249993072,179.1448229496382,112.18263699993258,232.9048089995922
