Candidate,FolderName,split,geo,tightened,variant,mask,n_success,success_relaxed,n_success_and_constraints,collision_free_completed,constraint_exec_sat_rate,n_violations,mean_dist_per_rollout,max_phys_error_per_rollout,n_steps,avg_time,avg_time_ms,n_rollouts
1,H8_K20_Meuler_T0.5_Dfm_visual_aligning.models.visual_gaussian_diffusion.VisualFlowMatching_VTrue_mpc4_filmv2,train,combined_5,False,diffuser,all,0.0,,,,,,0.7215146746971152,0.2899603061378002,400.0,0.33086447258790336,330.8644725879033,3
1,H8_K20_Meuler_T0.5_Dfm_visual_aligning.models.visual_gaussian_diffusion.VisualFlowMatching_VTrue_mpc4_filmv2,train,combined_5,False,diffuser,unfrozen,0.0,,,,,,0.7215146746971152,0.2899603061378002,400.0,0.33086447258790336,330.8644725879033,3
1,H8_K20_Meuler_T0.5_Dfm_visual_aligning.models.visual_gaussian_diffusion.VisualFlowMatching_VTrue_mpc4_filmv2,train,combined_5,False,dpcc-r,all,0.0,,0.0,0.0,0.6575,137.0,0.3298389961958814,2.106120199504718,400.0,5.89380774974823,5893.80774974823,1
1,H8_K20_Meuler_T0.5_Dfm_visual_aligning.models.visual_gaussian_diffusion.VisualFlowMatching_VTrue_mpc4_filmv2,train,combined_5,False,dpcc-r,unfrozen,0.0,,0.0,0.0,0.6575,137.0,0.3298389961958814,2.106120199504718,400.0,5.89380774974823,5893.80774974823,1
1,H8_K20_Meuler_T0.5_Dfm_visual_aligning.models.visual_gaussian_diffusion.VisualFlowMatching_VTrue_mpc4_filmv2,train,dynamics_bounds_only,False,diffuser,all,0.0,,,,,,0.7215146746971152,0.2899603061378002,400.0,0.3206335018078486,320.63350180784863,3
1,H8_K20_Meuler_T0.5_Dfm_visual_aligning.models.visual_gaussian_diffusion.VisualFlowMatching_VTrue_mpc4_filmv2,train,dynamics_bounds_only,False,diffuser,unfrozen,0.0,,,,,,0.7215146746971152,0.2899603061378002,400.0,0.3206335018078486,320.63350180784863,3
1,H8_K20_Meuler_T0.5_Dfm_visual_aligning.models.visual_gaussian_diffusion.VisualFlowMatching_VTrue_mpc4_filmv2,train,dynamics_bounds_only,False,dpcc-r,all,0.0,,,,,,0.43218836597063004,1.1358903646469116,400.0,0.4546464298168818,454.64642981688183,3
1,H8_K20_Meuler_T0.5_Dfm_visual_aligning.models.visual_gaussian_diffusion.VisualFlowMatching_VTrue_mpc4_filmv2,train,dynamics_bounds_only,False,dpcc-r,unfrozen,0.0,,,,,,0.43218836597063004,1.1358903646469116,400.0,0.4546464298168818,454.64642981688183,3
1,H8_K20_Meuler_T0.5_Dfm_visual_aligning.models.visual_gaussian_diffusion.VisualFlowMatching_VTrue_mpc4_filmv2,train,dynamics_bounds_only,False,dpcc-c,all,0.0,,,,,,0.6261830565569352,0.6897292770445347,400.0,0.44761466006437933,447.6146600643794,3
1,H8_K20_Meuler_T0.5_Dfm_visual_aligning.models.visual_gaussian_diffusion.VisualFlowMatching_VTrue_mpc4_filmv2,train,dynamics_bounds_only,False,dpcc-c,unfrozen,0.0,,,,,,0.6261830565569352,0.6897292770445347,400.0,0.44761466006437933,447.6146600643794,3
1,H8_K20_Meuler_T0.5_Dfm_visual_aligning.models.visual_gaussian_diffusion.VisualFlowMatching_VTrue_mpc4_filmv2,train,dynamics_bounds_only,False,dpcc-t,all,0.0,,,,,,0.37026984595666695,0.9643313686052958,400.0,0.44398218711217247,443.9821871121724,3
1,H8_K20_Meuler_T0.5_Dfm_visual_aligning.models.visual_gaussian_diffusion.VisualFlowMatching_VTrue_mpc4_filmv2,train,dynamics_bounds_only,False,dpcc-t,unfrozen,0.0,,,,,,0.37026984595666695,0.9643313686052958,400.0,0.44398218711217247,443.9821871121724,3
1,H8_K20_Meuler_T0.5_Dfm_visual_aligning.models.visual_gaussian_diffusion.VisualFlowMatching_VTrue_mpc4_filmv2,train,dynamics_bounds_only,False,dpcc-c-dt0p25,all,0.0,,,,,,0.40901964019677345,0.13927603016297022,400.0,0.44455102006594344,444.5510200659434,3
1,H8_K20_Meuler_T0.5_Dfm_visual_aligning.models.visual_gaussian_diffusion.VisualFlowMatching_VTrue_mpc4_filmv2,train,dynamics_bounds_only,False,dpcc-c-dt0p25,unfrozen,0.0,,,,,,0.40901964019677345,0.13927603016297022,400.0,0.44455102006594344,444.5510200659434,3
1,H8_K20_Meuler_T0.5_Dfm_visual_aligning.models.visual_gaussian_diffusion.VisualFlowMatching_VTrue_mpc4_filmv2,train,dynamics_bounds_only,False,dpcc-c-dt0p5,all,0.0,,,,,,0.5526309868800464,0.7118517272174358,400.0,0.559027396440506,559.027396440506,3
1,H8_K20_Meuler_T0.5_Dfm_visual_aligning.models.visual_gaussian_diffusion.VisualFlowMatching_VTrue_mpc4_filmv2,train,dynamics_bounds_only,False,dpcc-c-dt0p5,unfrozen,0.0,,,,,,0.5526309868800464,0.7118517272174358,400.0,0.559027396440506,559.027396440506,3
1,H8_K20_Meuler_T0.5_Dfm_visual_aligning.models.visual_gaussian_diffusion.VisualFlowMatching_VTrue_mpc4_filmv2,train,dynamics_bounds_only,False,dpcc-c-dt2p0,all,0.0,,,,,,0.40763496853361186,0.9154621958732605,400.0,0.45769571721553803,457.695717215538,3
1,H8_K20_Meuler_T0.5_Dfm_visual_aligning.models.visual_gaussian_diffusion.VisualFlowMatching_VTrue_mpc4_filmv2,train,dynamics_bounds_only,False,dpcc-c-dt2p0,unfrozen,0.0,,,,,,0.40763496853361186,0.9154621958732605,400.0,0.45769571721553803,457.695717215538,3
1,H8_K20_Meuler_T0.5_Dfm_visual_aligning.models.visual_gaussian_diffusion.VisualFlowMatching_VTrue_mpc4_filmv2,train,dynamics_bounds_only,False,dpcc-c-dt4p0,all,0.0,,,,,,0.3817886312171667,1.2195891936620076,400.0,0.4476295624176661,447.62956241766614,3
1,H8_K20_Meuler_T0.5_Dfm_visual_aligning.models.visual_gaussian_diffusion.VisualFlowMatching_VTrue_mpc4_filmv2,train,dynamics_bounds_only,False,dpcc-c-dt4p0,unfrozen,0.0,,,,,,0.3817886312171667,1.2195891936620076,400.0,0.4476295624176661,447.62956241766614,3
1,H8_K20_Meuler_T0.5_Dfm_visual_aligning.models.visual_gaussian_diffusion.VisualFlowMatching_VTrue_mpc4_filmv2,train,dynamics_bounds_only,False,gradient,all,0.0,,,,,,0.37083728471407573,0.9062942465146383,400.0,0.3322829409440358,332.28294094403583,3
1,H8_K20_Meuler_T0.5_Dfm_visual_aligning.models.visual_gaussian_diffusion.VisualFlowMatching_VTrue_mpc4_filmv2,train,dynamics_bounds_only,False,gradient,unfrozen,0.0,,,,,,0.37083728471407573,0.9062942465146383,400.0,0.3322829409440358,332.28294094403583,3
1,H8_K20_Meuler_T0.5_Dfm_visual_aligning.models.visual_gaussian_diffusion.VisualFlowMatching_VTrue_mpc4_filmv2,train,dynamics_bounds_only,False,post_processing,all,0.0,,,,,,0.829600333077649,0.29721611241499585,400.0,0.33210144778092704,332.101447780927,3
1,H8_K20_Meuler_T0.5_Dfm_visual_aligning.models.visual_gaussian_diffusion.VisualFlowMatching_VTrue_mpc4_filmv2,train,dynamics_bounds_only,False,post_processing,unfrozen,0.0,,,,,,0.829600333077649,0.29721611241499585,400.0,0.33210144778092704,332.101447780927,3
1,H8_K20_Meuler_T0.5_Dfm_visual_aligning.models.visual_gaussian_diffusion.VisualFlowMatching_VTrue_mpc4_filmv2,train,dynamics_bounds_only,False,model_free,all,0.0,,,,,,0.7764890176139296,0.3855893338720004,400.0,0.3811763878663381,381.1763878663381,3
1,H8_K20_Meuler_T0.5_Dfm_visual_aligning.models.visual_gaussian_diffusion.VisualFlowMatching_VTrue_mpc4_filmv2,train,dynamics_bounds_only,False,model_free,unfrozen,0.0,,,,,,0.7764890176139296,0.3855893338720004,400.0,0.3811763878663381,381.1763878663381,3
1,H8_K20_Meuler_T0.5_Dfm_visual_aligning.models.visual_gaussian_diffusion.VisualFlowMatching_VTrue_mpc4_filmv2,train,dynamics_only,False,diffuser,all,0.0,,,,,,0.7215146746971152,0.2899603061378002,400.0,0.3209535684188207,320.9535684188207,3
1,H8_K20_Meuler_T0.5_Dfm_visual_aligning.models.visual_gaussian_diffusion.VisualFlowMatching_VTrue_mpc4_filmv2,train,dynamics_only,False,diffuser,unfrozen,0.0,,,,,,0.7215146746971152,0.2899603061378002,400.0,0.3209535684188207,320.9535684188207,3
1,H8_K20_Meuler_T0.5_Dfm_visual_aligning.models.visual_gaussian_diffusion.VisualFlowMatching_VTrue_mpc4_filmv2,train,dynamics_only,False,dpcc-r,all,0.0,,,,,,0.677684123283402,1.0122071703275044,400.0,0.42112617274125413,421.12617274125415,3
1,H8_K20_Meuler_T0.5_Dfm_visual_aligning.models.visual_gaussian_diffusion.VisualFlowMatching_VTrue_mpc4_filmv2,train,dynamics_only,False,dpcc-r,unfrozen,0.0,,,,,,0.677684123283402,1.0122071703275044,400.0,0.42112617274125413,421.12617274125415,3
1,H8_K20_Meuler_T0.5_Dfm_visual_aligning.models.visual_gaussian_diffusion.VisualFlowMatching_VTrue_mpc4_filmv2,train,dynamics_only,False,dpcc-c,all,0.0,,,,,,0.678428083747221,0.6509313409527143,400.0,0.424082133769989,424.082133769989,3
1,H8_K20_Meuler_T0.5_Dfm_visual_aligning.models.visual_gaussian_diffusion.VisualFlowMatching_VTrue_mpc4_filmv2,train,dynamics_only,False,dpcc-c,unfrozen,0.0,,,,,,0.678428083747221,0.6509313409527143,400.0,0.424082133769989,424.082133769989,3
1,H8_K20_Meuler_T0.5_Dfm_visual_aligning.models.visual_gaussian_diffusion.VisualFlowMatching_VTrue_mpc4_filmv2,train,dynamics_only,False,dpcc-t,all,0.0,,,,,,0.8682655435430453,0.6647910177707672,400.0,0.42023960053920745,420.23960053920746,3
1,H8_K20_Meuler_T0.5_Dfm_visual_aligning.models.visual_gaussian_diffusion.VisualFlowMatching_VTrue_mpc4_filmv2,train,dynamics_only,False,dpcc-t,unfrozen,0.0,,,,,,0.8682655435430453,0.6647910177707672,400.0,0.42023960053920745,420.23960053920746,3
1,H8_K20_Meuler_T0.5_Dfm_visual_aligning.models.visual_gaussian_diffusion.VisualFlowMatching_VTrue_mpc4_filmv2,train,dynamics_only,False,dpcc-c-dt0p25,all,0.0,,,,,,0.5146552536065317,0.2598608545958996,400.0,0.4172253123919169,417.22531239191693,3
1,H8_K20_Meuler_T0.5_Dfm_visual_aligning.models.visual_gaussian_diffusion.VisualFlowMatching_VTrue_mpc4_filmv2,train,dynamics_only,False,dpcc-c-dt0p25,unfrozen,0.0,,,,,,0.5146552536065317,0.2598608545958996,400.0,0.4172253123919169,417.22531239191693,3
1,H8_K20_Meuler_T0.5_Dfm_visual_aligning.models.visual_gaussian_diffusion.VisualFlowMatching_VTrue_mpc4_filmv2,train,dynamics_only,False,dpcc-c-dt0p5,all,0.0,,,,,,0.6457655784923709,0.17215431109070778,400.0,0.4252139244476954,425.21392444769543,3
1,H8_K20_Meuler_T0.5_Dfm_visual_aligning.models.visual_gaussian_diffusion.VisualFlowMatching_VTrue_mpc4_filmv2,train,dynamics_only,False,dpcc-c-dt0p5,unfrozen,0.0,,,,,,0.6457655784923709,0.17215431109070778,400.0,0.4252139244476954,425.21392444769543,3
1,H8_K20_Meuler_T0.5_Dfm_visual_aligning.models.visual_gaussian_diffusion.VisualFlowMatching_VTrue_mpc4_filmv2,train,dynamics_only,False,dpcc-c-dt2p0,all,0.0,,,,,,0.6873390461955741,0.9414051373799642,400.0,0.4348919751246771,434.891975124677,3
1,H8_K20_Meuler_T0.5_Dfm_visual_aligning.models.visual_gaussian_diffusion.VisualFlowMatching_VTrue_mpc4_filmv2,train,dynamics_only,False,dpcc-c-dt2p0,unfrozen,0.0,,,,,,0.6873390461955741,0.9414051373799642,400.0,0.4348919751246771,434.891975124677,3
1,H8_K20_Meuler_T0.5_Dfm_visual_aligning.models.visual_gaussian_diffusion.VisualFlowMatching_VTrue_mpc4_filmv2,train,dynamics_only,False,dpcc-c-dt4p0,all,0.0,,,,,,0.3817886312171667,1.1904338995615642,400.0,0.42941887219746905,429.41887219746906,3
1,H8_K20_Meuler_T0.5_Dfm_visual_aligning.models.visual_gaussian_diffusion.VisualFlowMatching_VTrue_mpc4_filmv2,train,dynamics_only,False,dpcc-c-dt4p0,unfrozen,0.0,,,,,,0.3817886312171667,1.1904338995615642,400.0,0.42941887219746905,429.41887219746906,3
1,H8_K20_Meuler_T0.5_Dfm_visual_aligning.models.visual_gaussian_diffusion.VisualFlowMatching_VTrue_mpc4_filmv2,train,dynamics_only,False,gradient,all,0.0,,,,,,0.38431614787097973,0.4643401503562927,400.0,0.3301157154639562,330.1157154639562,3
1,H8_K20_Meuler_T0.5_Dfm_visual_aligning.models.visual_gaussian_diffusion.VisualFlowMatching_VTrue_mpc4_filmv2,train,dynamics_only,False,gradient,unfrozen,0.0,,,,,,0.38431614787097973,0.4643401503562927,400.0,0.3301157154639562,330.1157154639562,3
1,H8_K20_Meuler_T0.5_Dfm_visual_aligning.models.visual_gaussian_diffusion.VisualFlowMatching_VTrue_mpc4_filmv2,train,dynamics_only,False,post_processing,all,0.0,,,,,,0.829600333077649,0.29721611241499585,400.0,0.32124833047389983,321.24833047389984,3
1,H8_K20_Meuler_T0.5_Dfm_visual_aligning.models.visual_gaussian_diffusion.VisualFlowMatching_VTrue_mpc4_filmv2,train,dynamics_only,False,post_processing,unfrozen,0.0,,,,,,0.829600333077649,0.29721611241499585,400.0,0.32124833047389983,321.24833047389984,3
1,H8_K20_Meuler_T0.5_Dfm_visual_aligning.models.visual_gaussian_diffusion.VisualFlowMatching_VTrue_mpc4_filmv2,train,dynamics_only,False,model_free,all,0.0,,,,,,0.829600333077649,0.29721611241499585,400.0,0.32212141474088035,322.1214147408803,3
1,H8_K20_Meuler_T0.5_Dfm_visual_aligning.models.visual_gaussian_diffusion.VisualFlowMatching_VTrue_mpc4_filmv2,train,dynamics_only,False,model_free,unfrozen,0.0,,,,,,0.829600333077649,0.29721611241499585,400.0,0.32212141474088035,322.1214147408803,3
2,H8_K20_Meuler_T0.5_Dfm_visual_aligning.models.visual_gaussian_diffusion.VisualFlowMatching_VTrue_mpc4_filmv2,train,combined_5,False,diffuser,all,0.0,,,,,,0.7215146746971152,0.2899603061378002,400.0,0.32569127062956493,325.69127062956494,3
2,H8_K20_Meuler_T0.5_Dfm_visual_aligning.models.visual_gaussian_diffusion.VisualFlowMatching_VTrue_mpc4_filmv2,train,combined_5,False,diffuser,unfrozen,0.0,,,,,,0.7215146746971152,0.2899603061378002,400.0,0.32569127062956493,325.69127062956494,3
2,H8_K20_Meuler_T0.5_Dfm_visual_aligning.models.visual_gaussian_diffusion.VisualFlowMatching_VTrue_mpc4_filmv2,train,combined_5,False,dpcc-c,all,0.0,,,,,,0.8479497013388014,0.33907049397627514,400.0,13.523708179195722,13523.708179195723,3
2,H8_K20_Meuler_T0.5_Dfm_visual_aligning.models.visual_gaussian_diffusion.VisualFlowMatching_VTrue_mpc4_filmv2,train,combined_5,False,dpcc-c,unfrozen,0.0,,,,,,0.8479497013388014,0.33907049397627514,400.0,13.523708179195722,13523.708179195723,3
2,H8_K20_Meuler_T0.5_Dfm_visual_aligning.models.visual_gaussian_diffusion.VisualFlowMatching_VTrue_mpc4_filmv2,train,combined_5,False,dpcc-t,all,0.0,,,,,,0.8007926579389223,1.56570037206014,400.0,26.701159729560217,26701.159729560215,3
2,H8_K20_Meuler_T0.5_Dfm_visual_aligning.models.visual_gaussian_diffusion.VisualFlowMatching_VTrue_mpc4_filmv2,train,combined_5,False,dpcc-t,unfrozen,0.0,,,,,,0.8007926579389223,1.56570037206014,400.0,26.701159729560217,26701.159729560215,3
2,H8_K20_Meuler_T0.5_Dfm_visual_aligning.models.visual_gaussian_diffusion.VisualFlowMatching_VTrue_mpc4_filmv2,train,combined_5,False,post_processing,all,0.0,,,,,,0.829600333077649,0.29721611241499585,400.0,0.3221530681848526,322.1530681848526,3
2,H8_K20_Meuler_T0.5_Dfm_visual_aligning.models.visual_gaussian_diffusion.VisualFlowMatching_VTrue_mpc4_filmv2,train,combined_5,False,post_processing,unfrozen,0.0,,,,,,0.829600333077649,0.29721611241499585,400.0,0.3221530681848526,322.1530681848526,3
2,H8_K20_Meuler_T0.5_Dfm_visual_aligning.models.visual_gaussian_diffusion.VisualFlowMatching_VTrue_mpc4_filmv2,train,combined_5,False,model_free,all,0.0,,,,,,0.8798340308478441,0.5648359221716722,400.0,0.43777877390384673,437.77877390384674,3
2,H8_K20_Meuler_T0.5_Dfm_visual_aligning.models.visual_gaussian_diffusion.VisualFlowMatching_VTrue_mpc4_filmv2,train,combined_5,False,model_free,unfrozen,0.0,,,,,,0.8798340308478441,0.5648359221716722,400.0,0.43777877390384673,437.77877390384674,3
2,H8_K20_Meuler_T0.5_Dfm_visual_aligning.models.visual_gaussian_diffusion.VisualFlowMatching_VTrue_mpc4_filmv2,train,combined_5-tightened,True,diffuser,all,0.0,,,,,,0.7215146746971152,0.2899603061378002,400.0,0.32984764595826466,329.84764595826465,3
2,H8_K20_Meuler_T0.5_Dfm_visual_aligning.models.visual_gaussian_diffusion.VisualFlowMatching_VTrue_mpc4_filmv2,train,combined_5-tightened,True,diffuser,unfrozen,0.0,,,,,,0.7215146746971152,0.2899603061378002,400.0,0.32984764595826466,329.84764595826465,3
2,H8_K20_Meuler_T0.5_Dfm_visual_aligning.models.visual_gaussian_diffusion.VisualFlowMatching_VTrue_mpc4_filmv2,train,combined_5-tightened,True,dpcc-c,all,0.0,,0.0,0.5,0.72875,108.5,0.44954384657288704,0.8288946772351057,400.0,20.484409590661524,20484.409590661526,2
2,H8_K20_Meuler_T0.5_Dfm_visual_aligning.models.visual_gaussian_diffusion.VisualFlowMatching_VTrue_mpc4_filmv2,train,combined_5-tightened,True,dpcc-c,unfrozen,0.0,,0.0,0.5,0.72875,108.5,0.44954384657288704,0.8288946772351057,400.0,20.484409590661524,20484.409590661526,2
2,H8_K20_Meuler_T0.5_Dfm_visual_aligning.models.visual_gaussian_diffusion.VisualFlowMatching_VTrue_mpc4_filmv2,train,dynamics_only,False,diffuser,all,0.0,,,,,,0.7215146746971152,0.2899603061378002,400.0,0.3173177299896876,317.3177299896876,3
2,H8_K20_Meuler_T0.5_Dfm_visual_aligning.models.visual_gaussian_diffusion.VisualFlowMatching_VTrue_mpc4_filmv2,train,dynamics_only,False,diffuser,unfrozen,0.0,,,,,,0.7215146746971152,0.2899603061378002,400.0,0.3173177299896876,317.3177299896876,3
2,H8_K20_Meuler_T0.5_Dfm_visual_aligning.models.visual_gaussian_diffusion.VisualFlowMatching_VTrue_mpc4_filmv2,train,dynamics_only,False,dpcc-c,all,0.0,,,,,,0.678428083747221,0.6509313409527143,400.0,0.4274794894456863,427.47948944568634,3
2,H8_K20_Meuler_T0.5_Dfm_visual_aligning.models.visual_gaussian_diffusion.VisualFlowMatching_VTrue_mpc4_filmv2,train,dynamics_only,False,dpcc-c,unfrozen,0.0,,,,,,0.678428083747221,0.6509313409527143,400.0,0.4274794894456863,427.47948944568634,3
2,H8_K20_Meuler_T0.5_Dfm_visual_aligning.models.visual_gaussian_diffusion.VisualFlowMatching_VTrue_mpc4_filmv2,train,dynamics_only,False,dpcc-t,all,0.0,,,,,,0.8682655435430453,0.6647910177707672,400.0,0.4196249312162399,419.62493121623993,3
2,H8_K20_Meuler_T0.5_Dfm_visual_aligning.models.visual_gaussian_diffusion.VisualFlowMatching_VTrue_mpc4_filmv2,train,dynamics_only,False,dpcc-t,unfrozen,0.0,,,,,,0.8682655435430453,0.6647910177707672,400.0,0.4196249312162399,419.62493121623993,3
2,H8_K20_Meuler_T0.5_Dfm_visual_aligning.models.visual_gaussian_diffusion.VisualFlowMatching_VTrue_mpc4_filmv2,train,dynamics_only,False,post_processing,all,0.0,,,,,,0.829600333077649,0.29721611241499585,400.0,0.32180018444856007,321.80018444856006,3
2,H8_K20_Meuler_T0.5_Dfm_visual_aligning.models.visual_gaussian_diffusion.VisualFlowMatching_VTrue_mpc4_filmv2,train,dynamics_only,False,post_processing,unfrozen,0.0,,,,,,0.829600333077649,0.29721611241499585,400.0,0.32180018444856007,321.80018444856006,3
2,H8_K20_Meuler_T0.5_Dfm_visual_aligning.models.visual_gaussian_diffusion.VisualFlowMatching_VTrue_mpc4_filmv2,train,dynamics_only,False,model_free,all,0.0,,,,,,0.829600333077649,0.29721611241499585,400.0,0.3213307934999466,321.3307934999466,3
2,H8_K20_Meuler_T0.5_Dfm_visual_aligning.models.visual_gaussian_diffusion.VisualFlowMatching_VTrue_mpc4_filmv2,train,dynamics_only,False,model_free,unfrozen,0.0,,,,,,0.829600333077649,0.29721611241499585,400.0,0.3213307934999466,321.3307934999466,3
3,H8_K20_Meuler_T0.5_Dfm_visual_aligning.models.visual_gaussian_diffusion.VisualFlowMatching_VTrue_mpc4_filmv2,test,combined_5,False,diffuser,all,0.0,0.0,0.0,0.23333333333333334,0.5706666653354963,171.73333333333332,0.4550702993419634,0.9266034459074338,400.0,0.33492422034343083,334.9242203434308,30
3,H8_K20_Meuler_T0.5_Dfm_visual_aligning.models.visual_gaussian_diffusion.VisualFlowMatching_VTrue_mpc4_filmv2,test,combined_5,False,diffuser,unfrozen,0.0,0.0,0.0,0.23333333333333334,0.5706666653354963,171.73333333333332,0.4550702993419634,0.9266034459074338,400.0,0.33492422034343083,334.9242203434308,30
3,H8_K20_Meuler_T0.5_Dfm_visual_aligning.models.visual_gaussian_diffusion.VisualFlowMatching_VTrue_mpc4_filmv2,train,combined_5,False,diffuser,all,0.0,,,,,,0.7215146746971152,0.2899603061378002,400.0,0.33424273610115046,334.2427361011505,3
3,H8_K20_Meuler_T0.5_Dfm_visual_aligning.models.visual_gaussian_diffusion.VisualFlowMatching_VTrue_mpc4_filmv2,train,combined_5,False,diffuser,unfrozen,0.0,,,,,,0.7215146746971152,0.2899603061378002,400.0,0.33424273610115046,334.2427361011505,3
3,H8_K20_Meuler_T0.5_Dfm_visual_aligning.models.visual_gaussian_diffusion.VisualFlowMatching_VTrue_mpc4_filmv2,train,combined_5,False,dpcc-r,all,0.0,,,,,,0.7002808146334978,1.2234371105829875,400.0,11.406844326456389,11406.844326456388,3
3,H8_K20_Meuler_T0.5_Dfm_visual_aligning.models.visual_gaussian_diffusion.VisualFlowMatching_VTrue_mpc4_filmv2,train,combined_5,False,dpcc-r,unfrozen,0.0,,,,,,0.7002808146334978,1.2234371105829875,400.0,11.406844326456389,11406.844326456388,3
3,H8_K20_Meuler_T0.5_Dfm_visual_aligning.models.visual_gaussian_diffusion.VisualFlowMatching_VTrue_mpc4_filmv2,train,combined_5,False,dpcc-c,all,0.0,,,,,,0.6319172220674365,0.426960298170646,400.0,3.873355675737063,3873.355675737063,3
3,H8_K20_Meuler_T0.5_Dfm_visual_aligning.models.visual_gaussian_diffusion.VisualFlowMatching_VTrue_mpc4_filmv2,train,combined_5,False,dpcc-c,unfrozen,0.0,,,,,,0.6319172220674365,0.426960298170646,400.0,3.873355675737063,3873.355675737063,3
3,H8_K20_Meuler_T0.5_Dfm_visual_aligning.models.visual_gaussian_diffusion.VisualFlowMatching_VTrue_mpc4_filmv2,train,combined_5,False,dpcc-t,all,0.0,,,,,,0.373183399363185,1.418899813046058,400.0,2.9228833226362863,2922.8833226362863,3
3,H8_K20_Meuler_T0.5_Dfm_visual_aligning.models.visual_gaussian_diffusion.VisualFlowMatching_VTrue_mpc4_filmv2,train,combined_5,False,dpcc-t,unfrozen,0.0,,,,,,0.373183399363185,1.418899813046058,400.0,2.9228833226362863,2922.8833226362863,3
3,H8_K20_Meuler_T0.5_Dfm_visual_aligning.models.visual_gaussian_diffusion.VisualFlowMatching_VTrue_mpc4_filmv2,train,combined_5,False,dpcc-c-dt0p25,all,0.0,,,,,,0.7272559306129999,0.8796572685241699,400.0,6.4356008362770085,6435.600836277008,3
3,H8_K20_Meuler_T0.5_Dfm_visual_aligning.models.visual_gaussian_diffusion.VisualFlowMatching_VTrue_mpc4_filmv2,train,combined_5,False,dpcc-c-dt0p25,unfrozen,0.0,,,,,,0.7272559306129999,0.8796572685241699,400.0,6.4356008362770085,6435.600836277008,3
3,H8_K20_Meuler_T0.5_Dfm_visual_aligning.models.visual_gaussian_diffusion.VisualFlowMatching_VTrue_mpc4_filmv2,train,combined_5,False,dpcc-c-dt0p5,all,0.0,,,,,,0.6912975818182844,0.7491904472311338,400.0,6.02636699895064,6026.366998950641,3
3,H8_K20_Meuler_T0.5_Dfm_visual_aligning.models.visual_gaussian_diffusion.VisualFlowMatching_VTrue_mpc4_filmv2,train,combined_5,False,dpcc-c-dt0p5,unfrozen,0.0,,,,,,0.6912975818182844,0.7491904472311338,400.0,6.02636699895064,6026.366998950641,3
3,H8_K20_Meuler_T0.5_Dfm_visual_aligning.models.visual_gaussian_diffusion.VisualFlowMatching_VTrue_mpc4_filmv2,train,combined_5,False,dpcc-c-dt2p0,all,0.0,,,,,,0.3561808421238118,0.12072777499755223,400.0,0.9509897663195929,950.9897663195928,3
3,H8_K20_Meuler_T0.5_Dfm_visual_aligning.models.visual_gaussian_diffusion.VisualFlowMatching_VTrue_mpc4_filmv2,train,combined_5,False,dpcc-c-dt2p0,unfrozen,0.0,,,,,,0.3561808421238118,0.12072777499755223,400.0,0.9509897663195929,950.9897663195928,3
3,H8_K20_Meuler_T0.5_Dfm_visual_aligning.models.visual_gaussian_diffusion.VisualFlowMatching_VTrue_mpc4_filmv2,train,combined_5,False,dpcc-c-dt4p0,all,0.0,,,,,,0.38178863120881185,0.14252234995365143,400.0,0.9569171144564946,956.9171144564947,3
3,H8_K20_Meuler_T0.5_Dfm_visual_aligning.models.visual_gaussian_diffusion.VisualFlowMatching_VTrue_mpc4_filmv2,train,combined_5,False,dpcc-c-dt4p0,unfrozen,0.0,,,,,,0.38178863120881185,0.14252234995365143,400.0,0.9569171144564946,956.9171144564947,3
3,H8_K20_Meuler_T0.5_Dfm_visual_aligning.models.visual_gaussian_diffusion.VisualFlowMatching_VTrue_mpc4_filmv2,train,combined_5,False,gradient,all,0.0,,,,,,0.3662397038507888,1.1559464906652768,400.0,0.3555262315273285,355.5262315273285,3
3,H8_K20_Meuler_T0.5_Dfm_visual_aligning.models.visual_gaussian_diffusion.VisualFlowMatching_VTrue_mpc4_filmv2,train,combined_5,False,gradient,unfrozen,0.0,,,,,,0.3662397038507888,1.1559464906652768,400.0,0.3555262315273285,355.5262315273285,3
3,H8_K20_Meuler_T0.5_Dfm_visual_aligning.models.visual_gaussian_diffusion.VisualFlowMatching_VTrue_mpc4_filmv2,train,combined_5,False,post_processing,all,0.0,,,,,,0.829600333077649,0.29721611241499585,400.0,0.33529024322827655,335.29024322827655,3
3,H8_K20_Meuler_T0.5_Dfm_visual_aligning.models.visual_gaussian_diffusion.VisualFlowMatching_VTrue_mpc4_filmv2,train,combined_5,False,post_processing,unfrozen,0.0,,,,,,0.829600333077649,0.29721611241499585,400.0,0.33529024322827655,335.29024322827655,3
3,H8_K20_Meuler_T0.5_Dfm_visual_aligning.models.visual_gaussian_diffusion.VisualFlowMatching_VTrue_mpc4_filmv2,train,combined_5,False,model_free,all,0.0,,,,,,0.8217048079299875,0.5276443051795164,400.0,0.48803242365519206,488.0324236551921,3
3,H8_K20_Meuler_T0.5_Dfm_visual_aligning.models.visual_gaussian_diffusion.VisualFlowMatching_VTrue_mpc4_filmv2,train,combined_5,False,model_free,unfrozen,0.0,,,,,,0.8217048079299875,0.5276443051795164,400.0,0.48803242365519206,488.0324236551921,3
3,H8_K20_Meuler_T0.5_Dfm_visual_aligning.models.visual_gaussian_diffusion.VisualFlowMatching_VTrue_mpc4_filmv2,train,combined_5,False,geo_free,all,0.0,,,,,,0.43218836597063004,1.1358903646469116,400.0,0.455978613893191,455.97861389319104,3
3,H8_K20_Meuler_T0.5_Dfm_visual_aligning.models.visual_gaussian_diffusion.VisualFlowMatching_VTrue_mpc4_filmv2,train,combined_5,False,geo_free,unfrozen,0.0,,,,,,0.43218836597063004,1.1358903646469116,400.0,0.455978613893191,455.97861389319104,3
3,H8_K20_Meuler_T0.5_Dfm_visual_aligning.models.visual_gaussian_diffusion.VisualFlowMatching_VTrue_mpc4_filmv2,train,combined_5,False,bounds_free,all,0.0,,,,,,0.7425068341453461,0.7773287246624628,400.0,19.27528822203477,19275.28822203477,3
3,H8_K20_Meuler_T0.5_Dfm_visual_aligning.models.visual_gaussian_diffusion.VisualFlowMatching_VTrue_mpc4_filmv2,train,combined_5,False,bounds_free,unfrozen,0.0,,,,,,0.7425068341453461,0.7773287246624628,400.0,19.27528822203477,19275.28822203477,3
3,H8_K20_Meuler_T0.5_Dfm_visual_aligning.models.visual_gaussian_diffusion.VisualFlowMatching_VTrue_mpc4_filmv2,train,combined_5,False,geo_free-bounds_free,all,0.0,,,,,,0.677684123283402,1.0122071703275044,400.0,0.44404270490010583,444.0427049001058,3
3,H8_K20_Meuler_T0.5_Dfm_visual_aligning.models.visual_gaussian_diffusion.VisualFlowMatching_VTrue_mpc4_filmv2,train,combined_5,False,geo_free-bounds_free,unfrozen,0.0,,,,,,0.677684123283402,1.0122071703275044,400.0,0.44404270490010583,444.0427049001058,3
3,H8_K20_Meuler_T0.5_Dfm_visual_aligning.models.visual_gaussian_diffusion.VisualFlowMatching_VTrue_mpc4_filmv2,train,combined_5,False,geo_free-model_free,all,0.0,,,,,,0.7764890176139296,0.3855893338720004,400.0,0.3965224746863047,396.52247468630475,3
3,H8_K20_Meuler_T0.5_Dfm_visual_aligning.models.visual_gaussian_diffusion.VisualFlowMatching_VTrue_mpc4_filmv2,train,combined_5,False,geo_free-model_free,unfrozen,0.0,,,,,,0.7764890176139296,0.3855893338720004,400.0,0.3965224746863047,396.52247468630475,3
3,H8_K20_Meuler_T0.5_Dfm_visual_aligning.models.visual_gaussian_diffusion.VisualFlowMatching_VTrue_mpc4_filmv2,train,combined_5-tightened,True,diffuser,all,0.0,,,,,,0.7215146746971152,0.2899603061378002,400.0,0.32391162633895876,323.91162633895874,3
3,H8_K20_Meuler_T0.5_Dfm_visual_aligning.models.visual_gaussian_diffusion.VisualFlowMatching_VTrue_mpc4_filmv2,train,combined_5-tightened,True,diffuser,unfrozen,0.0,,,,,,0.7215146746971152,0.2899603061378002,400.0,0.32391162633895876,323.91162633895874,3
3,H8_K20_Meuler_T0.5_Dfm_visual_aligning.models.visual_gaussian_diffusion.VisualFlowMatching_VTrue_mpc4_filmv2,train,combined_5-tightened,True,dpcc-r,all,0.0,,,,,,0.6012550381714958,0.541690486172835,400.0,11.34413064698378,11344.130646983782,3
3,H8_K20_Meuler_T0.5_Dfm_visual_aligning.models.visual_gaussian_diffusion.VisualFlowMatching_VTrue_mpc4_filmv2,train,combined_5-tightened,True,dpcc-r,unfrozen,0.0,,,,,,0.6012550381714958,0.541690486172835,400.0,11.34413064698378,11344.130646983782,3
3,H8_K20_Meuler_T0.5_Dfm_visual_aligning.models.visual_gaussian_diffusion.VisualFlowMatching_VTrue_mpc4_filmv2,train,combined_5-tightened,True,dpcc-c,all,0.0,,0.0,0.0,0.65,140.0,0.5735915479226871,0.46867114802186943,400.0,2.5323402208089827,2532.340220808983,1
3,H8_K20_Meuler_T0.5_Dfm_visual_aligning.models.visual_gaussian_diffusion.VisualFlowMatching_VTrue_mpc4_filmv2,train,combined_5-tightened,True,dpcc-c,unfrozen,0.0,,0.0,0.0,0.65,140.0,0.5735915479226871,0.46867114802186943,400.0,2.5323402208089827,2532.340220808983,1
4,H8_K20_Meuler_T0.5_Dfm_visual_aligning.models.visual_gaussian_diffusion.VisualFlowMatching_VTrue_mpc4_filmv1,test,combined_5,False,diffuser,all,0.0,0.0,0.0,0.23333333333333334,0.7929166659712792,82.83333333333333,0.29811791453298786,0.6152464312190811,400.0,0.3025400738914808,302.54007389148074,30
4,H8_K20_Meuler_T0.5_Dfm_visual_aligning.models.visual_gaussian_diffusion.VisualFlowMatching_VTrue_mpc4_filmv1,test,combined_5,False,diffuser,unfrozen,0.0,0.0,0.0,0.23333333333333334,0.7929166659712792,82.83333333333333,0.29811791453298786,0.6152464312190811,400.0,0.3025400738914808,302.54007389148074,30
4,H8_K20_Meuler_T0.5_Dfm_visual_aligning.models.visual_gaussian_diffusion.VisualFlowMatching_VTrue_mpc4_filmv1,test,combined_5,False,dpcc-r,all,0.0,0.03333333333333333,0.0,0.23333333333333334,0.88125,47.5,0.30628138866671206,0.09292901245256265,400.0,1.0324603171547253,1032.4603171547253,30
4,H8_K20_Meuler_T0.5_Dfm_visual_aligning.models.visual_gaussian_diffusion.VisualFlowMatching_VTrue_mpc4_filmv1,test,combined_5,False,dpcc-r,unfrozen,0.0,0.03333333333333333,0.0,0.23333333333333334,0.88125,47.5,0.30628138866671206,0.09292901245256265,400.0,1.0324603171547253,1032.4603171547253,30
4,H8_K20_Meuler_T0.5_Dfm_visual_aligning.models.visual_gaussian_diffusion.VisualFlowMatching_VTrue_mpc4_filmv1,test,combined_5,False,dpcc-c,all,0.0,0.03333333333333333,0.0,0.3,0.8657499949137369,53.7,0.3112533450840754,0.10923888397713502,400.0,1.37181846366326,1371.8184636632602,30
4,H8_K20_Meuler_T0.5_Dfm_visual_aligning.models.visual_gaussian_diffusion.VisualFlowMatching_VTrue_mpc4_filmv1,test,combined_5,False,dpcc-c,unfrozen,0.0,0.03333333333333333,0.0,0.3,0.8657499949137369,53.7,0.3112533450840754,0.10923888397713502,400.0,1.37181846366326,1371.8184636632602,30
4,H8_K20_Meuler_T0.5_Dfm_visual_aligning.models.visual_gaussian_diffusion.VisualFlowMatching_VTrue_mpc4_filmv1,test,combined_5,False,dpcc-t,all,0.0,0.0,0.0,0.43333333333333335,0.8909166693687439,43.63333333333333,0.3097080869804145,0.08985661137849092,400.0,1.126349738240242,1126.349738240242,30
4,H8_K20_Meuler_T0.5_Dfm_visual_aligning.models.visual_gaussian_diffusion.VisualFlowMatching_VTrue_mpc4_filmv1,test,combined_5,False,dpcc-t,unfrozen,0.0,0.0,0.0,0.43333333333333335,0.8909166693687439,43.63333333333333,0.3097080869804145,0.08985661137849092,400.0,1.126349738240242,1126.349738240242,30
4,H8_K20_Meuler_T0.5_Dfm_visual_aligning.models.visual_gaussian_diffusion.VisualFlowMatching_VTrue_mpc4_filmv1,test,combined_5,False,gradient,all,0.0,0.06666666666666667,0.0,0.16666666666666666,0.7776666685938836,88.93333333333334,0.3478263373057203,0.4936132668827971,400.0,0.3092764971057574,309.2764971057574,30
4,H8_K20_Meuler_T0.5_Dfm_visual_aligning.models.visual_gaussian_diffusion.VisualFlowMatching_VTrue_mpc4_filmv1,test,combined_5,False,gradient,unfrozen,0.0,0.06666666666666667,0.0,0.16666666666666666,0.7776666685938836,88.93333333333334,0.3478263373057203,0.4936132668827971,400.0,0.3092764971057574,309.2764971057574,30
4,H8_K20_Meuler_T0.5_Dfm_visual_aligning.models.visual_gaussian_diffusion.VisualFlowMatching_VTrue_mpc4_filmv1,test,combined_5,False,post_processing,all,0.0,0.03333333333333333,0.0,0.3,0.8084166655937831,76.63333333333334,0.2797504274835454,0.5604825524613262,400.0,0.29632272426287337,296.32272426287335,30
4,H8_K20_Meuler_T0.5_Dfm_visual_aligning.models.visual_gaussian_diffusion.VisualFlowMatching_VTrue_mpc4_filmv1,test,combined_5,False,post_processing,unfrozen,0.0,0.03333333333333333,0.0,0.3,0.8084166655937831,76.63333333333334,0.2797504274835454,0.5604825524613262,400.0,0.29632272426287337,296.32272426287335,30
4,H8_K20_Meuler_T0.5_Dfm_visual_aligning.models.visual_gaussian_diffusion.VisualFlowMatching_VTrue_mpc4_filmv1,test,combined_5,False,model_free,all,0.0,0.1,0.0,0.3,0.8308333337306977,67.66666666666667,0.27129052856334795,0.5031889031951626,400.0,0.40152659779787064,401.52659779787064,30
4,H8_K20_Meuler_T0.5_Dfm_visual_aligning.models.visual_gaussian_diffusion.VisualFlowMatching_VTrue_mpc4_filmv1,test,combined_5,False,model_free,unfrozen,0.0,0.1,0.0,0.3,0.8308333337306977,67.66666666666667,0.27129052856334795,0.5031889031951626,400.0,0.40152659779787064,401.52659779787064,30
4,H8_K20_Meuler_T0.5_Dfm_visual_aligning.models.visual_gaussian_diffusion.VisualFlowMatching_VTrue_mpc4_filmv1,test,combined_5,False,geo_free,all,0.0,0.03333333333333333,0.0,0.16666666666666666,0.808583336075147,76.56666666666666,0.30904894059397686,0.4001629547526439,400.0,0.4231040953199069,423.1040953199069,30
4,H8_K20_Meuler_T0.5_Dfm_visual_aligning.models.visual_gaussian_diffusion.VisualFlowMatching_VTrue_mpc4_filmv1,test,combined_5,False,geo_free,unfrozen,0.0,0.03333333333333333,0.0,0.16666666666666666,0.808583336075147,76.56666666666666,0.30904894059397686,0.4001629547526439,400.0,0.4231040953199069,423.1040953199069,30
4,H8_K20_Meuler_T0.5_Dfm_visual_aligning.models.visual_gaussian_diffusion.VisualFlowMatching_VTrue_mpc4_filmv1,test,combined_5,False,bounds_free,all,0.0,0.06666666666666667,0.0,0.03333333333333333,0.8092500030994415,76.3,0.34144579940584474,0.05704827879865964,400.0,1.200179504652818,1200.179504652818,30
4,H8_K20_Meuler_T0.5_Dfm_visual_aligning.models.visual_gaussian_diffusion.VisualFlowMatching_VTrue_mpc4_filmv1,test,combined_5,False,bounds_free,unfrozen,0.0,0.06666666666666667,0.0,0.03333333333333333,0.8092500030994415,76.3,0.34144579940584474,0.05704827879865964,400.0,1.200179504652818,1200.179504652818,30
4,H8_K20_Meuler_T0.5_Dfm_visual_aligning.models.visual_gaussian_diffusion.VisualFlowMatching_VTrue_mpc4_filmv1,test,combined_5,False,geo_free-bounds_free,all,0.0,0.06666666666666667,0.0,0.23333333333333334,0.8310000032186509,67.6,0.32509138206006816,0.30427051726728677,400.0,0.3891493050654729,389.1493050654729,30
4,H8_K20_Meuler_T0.5_Dfm_visual_aligning.models.visual_gaussian_diffusion.VisualFlowMatching_VTrue_mpc4_filmv1,test,combined_5,False,geo_free-bounds_free,unfrozen,0.0,0.06666666666666667,0.0,0.23333333333333334,0.8310000032186509,67.6,0.32509138206006816,0.30427051726728677,400.0,0.3891493050654729,389.1493050654729,30
4,H8_K20_Meuler_T0.5_Dfm_visual_aligning.models.visual_gaussian_diffusion.VisualFlowMatching_VTrue_mpc4_filmv1,test,combined_5,False,geo_free-model_free,all,0.0,0.3333333333333333,0.0,0.3333333333333333,0.7566666666666667,97.33333333333333,0.22667084517705863,1.1031936688606085,400.0,0.34886186321576435,348.86186321576434,3
4,H8_K20_Meuler_T0.5_Dfm_visual_aligning.models.visual_gaussian_diffusion.VisualFlowMatching_VTrue_mpc4_filmv1,test,combined_5,False,geo_free-model_free,unfrozen,0.0,0.3333333333333333,0.0,0.3333333333333333,0.7566666666666667,97.33333333333333,0.22667084517705863,1.1031936688606085,400.0,0.34886186321576435,348.86186321576434,3
4,H8_K20_Meuler_T0.5_Dfm_visual_aligning.models.visual_gaussian_diffusion.VisualFlowMatching_VTrue_mpc4_filmv1,train,combined_5,False,diffuser,all,0.0,,,,,,0.3025153503198797,1.164914820343256,400.0,0.28922336796919507,289.22336796919507,3
4,H8_K20_Meuler_T0.5_Dfm_visual_aligning.models.visual_gaussian_diffusion.VisualFlowMatching_VTrue_mpc4_filmv1,train,combined_5,False,diffuser,unfrozen,0.0,,,,,,0.3025153503198797,1.164914820343256,400.0,0.28922336796919507,289.22336796919507,3
4,H8_K20_Meuler_T0.5_Dfm_visual_aligning.models.visual_gaussian_diffusion.VisualFlowMatching_VTrue_mpc4_filmv1,train,combined_5,False,dpcc-c,all,0.0,,,,,,0.32206382895633684,0.8307083050409952,400.0,17.634782639741896,17634.782639741898,3
4,H8_K20_Meuler_T0.5_Dfm_visual_aligning.models.visual_gaussian_diffusion.VisualFlowMatching_VTrue_mpc4_filmv1,train,combined_5,False,dpcc-c,unfrozen,0.0,,,,,,0.32206382895633684,0.8307083050409952,400.0,17.634782639741896,17634.782639741898,3
4,H8_K20_Meuler_T0.5_Dfm_visual_aligning.models.visual_gaussian_diffusion.VisualFlowMatching_VTrue_mpc4_filmv1,train,combined_5,False,dpcc-t,all,0.0,,,,,,0.37170919212353115,0.8559155861536661,400.0,3.815395996570587,3815.395996570587,3
4,H8_K20_Meuler_T0.5_Dfm_visual_aligning.models.visual_gaussian_diffusion.VisualFlowMatching_VTrue_mpc4_filmv1,train,combined_5,False,dpcc-t,unfrozen,0.0,,,,,,0.37170919212353115,0.8559155861536661,400.0,3.815395996570587,3815.395996570587,3
4,H8_K20_Meuler_T0.5_Dfm_visual_aligning.models.visual_gaussian_diffusion.VisualFlowMatching_VTrue_mpc4_filmv1,train,combined_5,False,post_processing,all,0.0,,,,,,0.32601457490319335,1.0446480369816225,400.0,0.28859892566998796,288.598925669988,3
4,H8_K20_Meuler_T0.5_Dfm_visual_aligning.models.visual_gaussian_diffusion.VisualFlowMatching_VTrue_mpc4_filmv1,train,combined_5,False,post_processing,unfrozen,0.0,,,,,,0.32601457490319335,1.0446480369816225,400.0,0.28859892566998796,288.598925669988,3
4,H8_K20_Meuler_T0.5_Dfm_visual_aligning.models.visual_gaussian_diffusion.VisualFlowMatching_VTrue_mpc4_filmv1,train,combined_5,False,model_free,all,0.0,,,,,,0.4713323433441461,0.5440081904331843,400.0,0.37421520908673606,374.215209086736,3
4,H8_K20_Meuler_T0.5_Dfm_visual_aligning.models.visual_gaussian_diffusion.VisualFlowMatching_VTrue_mpc4_filmv1,train,combined_5,False,model_free,unfrozen,0.0,,,,,,0.4713323433441461,0.5440081904331843,400.0,0.37421520908673606,374.215209086736,3
4,H8_K20_Meuler_T0.5_Dfm_visual_aligning.models.visual_gaussian_diffusion.VisualFlowMatching_VTrue_mpc4_filmv1,train,combined_5-tightened,True,diffuser,all,0.0,,,,,,0.30188723589335115,1.1826418774823348,400.0,0.28825011690457664,288.2501169045766,3
4,H8_K20_Meuler_T0.5_Dfm_visual_aligning.models.visual_gaussian_diffusion.VisualFlowMatching_VTrue_mpc4_filmv1,train,combined_5-tightened,True,diffuser,unfrozen,0.0,,,,,,0.30188723589335115,1.1826418774823348,400.0,0.28825011690457664,288.2501169045766,3
4,H8_K20_Meuler_T0.5_Dfm_visual_aligning.models.visual_gaussian_diffusion.VisualFlowMatching_VTrue_mpc4_filmv1,train,combined_5-tightened,True,dpcc-c,all,0.0,,,,,,0.35523684506093284,0.8375359872976939,400.0,9.2186047154665,9218.6047154665,3
4,H8_K20_Meuler_T0.5_Dfm_visual_aligning.models.visual_gaussian_diffusion.VisualFlowMatching_VTrue_mpc4_filmv1,train,combined_5-tightened,True,dpcc-c,unfrozen,0.0,,,,,,0.35523684506093284,0.8375359872976939,400.0,9.2186047154665,9218.6047154665,3
4,H8_K20_Meuler_T0.5_Dfm_visual_aligning.models.visual_gaussian_diffusion.VisualFlowMatching_VTrue_mpc4_filmv1,train,combined_5-tightened,True,dpcc-t,all,0.0,,,,,,0.37094633473336985,0.24576078727841377,400.0,3.6236843377351757,3623.684337735176,3
4,H8_K20_Meuler_T0.5_Dfm_visual_aligning.models.visual_gaussian_diffusion.VisualFlowMatching_VTrue_mpc4_filmv1,train,combined_5-tightened,True,dpcc-t,unfrozen,0.0,,,,,,0.37094633473336985,0.24576078727841377,400.0,3.6236843377351757,3623.684337735176,3
4,H8_K20_Meuler_T0.5_Dfm_visual_aligning.models.visual_gaussian_diffusion.VisualFlowMatching_VTrue_mpc4_filmv1,train,combined_5-tightened,True,post_processing,all,0.0,,,,,,0.32443923199048824,0.5072535729656616,400.0,0.28969261586666106,289.6926158666611,3
4,H8_K20_Meuler_T0.5_Dfm_visual_aligning.models.visual_gaussian_diffusion.VisualFlowMatching_VTrue_mpc4_filmv1,train,combined_5-tightened,True,post_processing,unfrozen,0.0,,,,,,0.32443923199048824,0.5072535729656616,400.0,0.28969261586666106,289.6926158666611,3
4,H8_K20_Meuler_T0.5_Dfm_visual_aligning.models.visual_gaussian_diffusion.VisualFlowMatching_VTrue_mpc4_filmv1,train,combined_5-tightened,True,model_free,all,0.0,,,,,,0.2971450041136135,1.189117116232713,400.0,0.3896504479646683,389.6504479646683,3
4,H8_K20_Meuler_T0.5_Dfm_visual_aligning.models.visual_gaussian_diffusion.VisualFlowMatching_VTrue_mpc4_filmv1,train,combined_5-tightened,True,model_free,unfrozen,0.0,,,,,,0.2971450041136135,1.189117116232713,400.0,0.3896504479646683,389.6504479646683,3
4,H8_K20_Meuler_T0.5_Dfm_visual_aligning.models.visual_gaussian_diffusion.VisualFlowMatching_VTrue_mpc4_filmv1,train,dynamics_only,False,diffuser,all,0.0,,,,,,0.30188723589335115,1.1826418774823348,400.0,0.2876766230662664,287.67662306626636,3
4,H8_K20_Meuler_T0.5_Dfm_visual_aligning.models.visual_gaussian_diffusion.VisualFlowMatching_VTrue_mpc4_filmv1,train,dynamics_only,False,diffuser,unfrozen,0.0,,,,,,0.30188723589335115,1.1826418774823348,400.0,0.2876766230662664,287.67662306626636,3
4,H8_K20_Meuler_T0.5_Dfm_visual_aligning.models.visual_gaussian_diffusion.VisualFlowMatching_VTrue_mpc4_filmv1,train,dynamics_only,False,dpcc-c,all,0.0,,,,,,0.5523518563309314,1.788224418958028,400.0,0.4394723083575567,439.47230835755664,3
4,H8_K20_Meuler_T0.5_Dfm_visual_aligning.models.visual_gaussian_diffusion.VisualFlowMatching_VTrue_mpc4_filmv1,train,dynamics_only,False,dpcc-c,unfrozen,0.0,,,,,,0.5523518563309314,1.788224418958028,400.0,0.4394723083575567,439.47230835755664,3
4,H8_K20_Meuler_T0.5_Dfm_visual_aligning.models.visual_gaussian_diffusion.VisualFlowMatching_VTrue_mpc4_filmv1,train,dynamics_only,False,dpcc-t,all,0.0,,,,,,0.24220520949277172,0.9621868369479974,400.0,0.4253487600882848,425.3487600882848,3
4,H8_K20_Meuler_T0.5_Dfm_visual_aligning.models.visual_gaussian_diffusion.VisualFlowMatching_VTrue_mpc4_filmv1,train,dynamics_only,False,dpcc-t,unfrozen,0.0,,,,,,0.24220520949277172,0.9621868369479974,400.0,0.4253487600882848,425.3487600882848,3
4,H8_K20_Meuler_T0.5_Dfm_visual_aligning.models.visual_gaussian_diffusion.VisualFlowMatching_VTrue_mpc4_filmv1,train,dynamics_only,False,post_processing,all,0.0,,,,,,0.32443923199048824,0.5072535729656616,400.0,0.2890622705221176,289.0622705221176,3
4,H8_K20_Meuler_T0.5_Dfm_visual_aligning.models.visual_gaussian_diffusion.VisualFlowMatching_VTrue_mpc4_filmv1,train,dynamics_only,False,post_processing,unfrozen,0.0,,,,,,0.32443923199048824,0.5072535729656616,400.0,0.2890622705221176,289.0622705221176,3
4,H8_K20_Meuler_T0.5_Dfm_visual_aligning.models.visual_gaussian_diffusion.VisualFlowMatching_VTrue_mpc4_filmv1,train,dynamics_only,False,model_free,all,0.0,,,,,,0.32601457490319335,1.0446480369816225,400.0,0.28936916410923,289.36916410923004,3
4,H8_K20_Meuler_T0.5_Dfm_visual_aligning.models.visual_gaussian_diffusion.VisualFlowMatching_VTrue_mpc4_filmv1,train,dynamics_only,False,model_free,unfrozen,0.0,,,,,,0.32601457490319335,1.0446480369816225,400.0,0.28936916410923,289.36916410923004,3
5,H8_K2_Meuler_T0.5_Dmix_visual_aligning.models.visual_af_diffusion.VisualAlphaFlow_VTrue_mpc4_filmv1_Eaf,train,combined_5,False,diffuser,all,0.0,0.0,0.0,0.0,0.7014368712902069,82.5,0.4403799846613706,0.8214862497523427,247.3,0.028676934340039588,28.676934340039587,10
5,H8_K2_Meuler_T0.5_Dmix_visual_aligning.models.visual_af_diffusion.VisualAlphaFlow_VTrue_mpc4_filmv1_Eaf,train,combined_5,False,diffuser,unfrozen,0.0,0.0,0.0,0.0,0.7014368712902069,82.5,0.4403799846613706,0.8214862497523427,247.3,0.028676934340039588,28.676934340039587,10
5,H8_K2_Meuler_T0.5_Dmix_visual_aligning.models.visual_af_diffusion.VisualAlphaFlow_VTrue_mpc4_filmv1_Eaf,train,combined_5,False,dpcc-r,all,0.0,0.0,0.0,0.3,0.7717499971389771,91.3,0.4822514643196273,0.33845518827438353,400.0,0.06251139295101166,62.51139295101166,10
5,H8_K2_Meuler_T0.5_Dmix_visual_aligning.models.visual_af_diffusion.VisualAlphaFlow_VTrue_mpc4_filmv1_Eaf,train,combined_5,False,dpcc-r,unfrozen,0.0,0.0,0.0,0.3,0.7717499971389771,91.3,0.4822514643196273,0.33845518827438353,400.0,0.06251139295101166,62.51139295101166,10
5,H8_K2_Meuler_T0.5_Dmix_visual_aligning.models.visual_af_diffusion.VisualAlphaFlow_VTrue_mpc4_filmv1_Eaf,train,combined_5,False,dpcc-c,all,0.0,0.0,0.0,0.1,0.7729537844657898,80.6,0.4078714111808486,0.4653647255152464,348.7,0.07743916013041244,77.43916013041243,10
5,H8_K2_Meuler_T0.5_Dmix_visual_aligning.models.visual_af_diffusion.VisualAlphaFlow_VTrue_mpc4_filmv1_Eaf,train,combined_5,False,dpcc-c,unfrozen,0.0,0.0,0.0,0.1,0.7729537844657898,80.6,0.4078714111808486,0.4653647255152464,348.7,0.07743916013041244,77.43916013041243,10
5,H8_K2_Meuler_T0.5_Dmix_visual_aligning.models.visual_af_diffusion.VisualAlphaFlow_VTrue_mpc4_filmv1_Eaf,train,combined_5,False,dpcc-t,all,0.0,0.0,0.0,0.2,0.8344220519065857,62.6,0.35901426128910063,0.22947304844856262,369.3,0.06198965899840645,61.989658998406455,10
5,H8_K2_Meuler_T0.5_Dmix_visual_aligning.models.visual_af_diffusion.VisualAlphaFlow_VTrue_mpc4_filmv1_Eaf,train,combined_5,False,dpcc-t,unfrozen,0.0,0.0,0.0,0.2,0.8344220519065857,62.6,0.35901426128910063,0.22947304844856262,369.3,0.06198965899840645,61.989658998406455,10
5,H8_K2_Meuler_T0.5_Dmix_visual_aligning.models.visual_af_diffusion.VisualAlphaFlow_VTrue_mpc4_filmv1_Eaf,train,combined_5,False,dpcc-c-dt0p25,all,0.0,0.0,0.0,0.2,0.7019800662994384,109.8,0.36349058468671325,0.44538066126406195,377.5,0.09251924422051226,92.51924422051226,10
5,H8_K2_Meuler_T0.5_Dmix_visual_aligning.models.visual_af_diffusion.VisualAlphaFlow_VTrue_mpc4_filmv1_Eaf,train,combined_5,False,dpcc-c-dt0p25,unfrozen,0.0,0.0,0.0,0.2,0.7019800662994384,109.8,0.36349058468671325,0.44538066126406195,377.5,0.09251924422051226,92.51924422051226,10
5,H8_K2_Meuler_T0.5_Dmix_visual_aligning.models.visual_af_diffusion.VisualAlphaFlow_VTrue_mpc4_filmv1_Eaf,train,combined_5,False,dpcc-c-dt0p5,all,0.0,0.0,0.0,0.2,0.8031239867210388,67.8,0.3620285084023422,0.39868239834904673,345.3,0.0653516731894719,65.3516731894719,10
5,H8_K2_Meuler_T0.5_Dmix_visual_aligning.models.visual_af_diffusion.VisualAlphaFlow_VTrue_mpc4_filmv1_Eaf,train,combined_5,False,dpcc-c-dt0p5,unfrozen,0.0,0.0,0.0,0.2,0.8031239867210388,67.8,0.3620285084023422,0.39868239834904673,345.3,0.0653516731894719,65.3516731894719,10
5,H8_K2_Meuler_T0.5_Dmix_visual_aligning.models.visual_af_diffusion.VisualAlphaFlow_VTrue_mpc4_filmv1_Eaf,train,combined_5,False,dpcc-c-dt2p0,all,0.0,0.0,0.0,0.1,0.7550657868385315,93.8,0.4142317697956007,0.17192172408103942,369.5,0.06104499258766784,61.044992587667835,10
5,H8_K2_Meuler_T0.5_Dmix_visual_aligning.models.visual_af_diffusion.VisualAlphaFlow_VTrue_mpc4_filmv1_Eaf,train,combined_5,False,dpcc-c-dt2p0,unfrozen,0.0,0.0,0.0,0.1,0.7550657868385315,93.8,0.4142317697956007,0.17192172408103942,369.5,0.06104499258766784,61.044992587667835,10
5,H8_K2_Meuler_T0.5_Dmix_visual_aligning.models.visual_af_diffusion.VisualAlphaFlow_VTrue_mpc4_filmv1_Eaf,train,combined_5,False,dpcc-c-dt4p0,all,0.0,0.0,0.0,0.0,0.7657079458236694,91.8,0.3837662766776947,0.06298050787299872,370.7,0.048541804013387216,48.541804013387214,10
5,H8_K2_Meuler_T0.5_Dmix_visual_aligning.models.visual_af_diffusion.VisualAlphaFlow_VTrue_mpc4_filmv1_Eaf,train,combined_5,False,dpcc-c-dt4p0,unfrozen,0.0,0.0,0.0,0.0,0.7657079458236694,91.8,0.3837662766776947,0.06298050787299872,370.7,0.048541804013387216,48.541804013387214,10
5,H8_K2_Meuler_T0.5_Dmix_visual_aligning.models.visual_af_diffusion.VisualAlphaFlow_VTrue_mpc4_filmv1_Eaf,train,combined_5,False,gradient,all,0.0,0.0,0.0,0.2,0.8127052798867226,50.4,0.4298246303165053,0.6236163623631,262.5,0.028471462393851538,28.47146239385154,10
5,H8_K2_Meuler_T0.5_Dmix_visual_aligning.models.visual_af_diffusion.VisualAlphaFlow_VTrue_mpc4_filmv1_Eaf,train,combined_5,False,gradient,unfrozen,0.0,0.0,0.0,0.2,0.8127052798867226,50.4,0.4298246303165053,0.6236163623631,262.5,0.028471462393851538,28.47146239385154,10
5,H8_K2_Meuler_T0.5_Dmix_visual_aligning.models.visual_af_diffusion.VisualAlphaFlow_VTrue_mpc4_filmv1_Eaf,train,combined_5,False,post_processing,all,0.0,0.0,0.0,0.3,0.7694999933242798,92.2,0.48225153618427336,0.33868065625429156,400.0,0.062100435376167294,62.1004353761673,10
5,H8_K2_Meuler_T0.5_Dmix_visual_aligning.models.visual_af_diffusion.VisualAlphaFlow_VTrue_mpc4_filmv1_Eaf,train,combined_5,False,post_processing,unfrozen,0.0,0.0,0.0,0.3,0.7694999933242798,92.2,0.48225153618427336,0.33868065625429156,400.0,0.062100435376167294,62.1004353761673,10
5,H8_K2_Meuler_T0.5_Dmix_visual_aligning.models.visual_af_diffusion.VisualAlphaFlow_VTrue_mpc4_filmv1_Eaf,train,combined_5,False,model_free,all,0.0,0.0,0.0,0.1,0.7047561049461365,86.4,0.3478696695107151,0.7320418182760478,286.3,0.03988884505475936,39.88884505475936,10
5,H8_K2_Meuler_T0.5_Dmix_visual_aligning.models.visual_af_diffusion.VisualAlphaFlow_VTrue_mpc4_filmv1_Eaf,train,combined_5,False,model_free,unfrozen,0.0,0.0,0.0,0.1,0.7047561049461365,86.4,0.3478696695107151,0.7320418182760478,286.3,0.03988884505475936,39.88884505475936,10
5,H8_K2_Meuler_T0.5_Dmix_visual_aligning.models.visual_af_diffusion.VisualAlphaFlow_VTrue_mpc4_filmv1_Eaf,train,combined_5,False,geo_free,all,0.0,0.0,0.0,0.1,0.7600808426737785,71.6,0.3987903879349817,0.3707315606996417,293.6,0.04206786499104955,42.067864991049554,10
5,H8_K2_Meuler_T0.5_Dmix_visual_aligning.models.visual_af_diffusion.VisualAlphaFlow_VTrue_mpc4_filmv1_Eaf,train,combined_5,False,geo_free,unfrozen,0.0,0.0,0.0,0.1,0.7600808426737785,71.6,0.3987903879349817,0.3707315606996417,293.6,0.04206786499104955,42.067864991049554,10
5,H8_K2_Meuler_T0.5_Dmix_visual_aligning.models.visual_af_diffusion.VisualAlphaFlow_VTrue_mpc4_filmv1_Eaf,train,combined_5,False,bounds_free,all,0.0,0.0,0.0,0.3,0.8069999992847443,77.2,0.3652287241523273,0.36378972306847573,400.0,0.07160056090354919,71.6005609035492,10
5,H8_K2_Meuler_T0.5_Dmix_visual_aligning.models.visual_af_diffusion.VisualAlphaFlow_VTrue_mpc4_filmv1_Eaf,train,combined_5,False,bounds_free,unfrozen,0.0,0.0,0.0,0.3,0.8069999992847443,77.2,0.3652287241523273,0.36378972306847573,400.0,0.07160056090354919,71.6005609035492,10
5,H8_K2_Meuler_T0.5_Dmix_visual_aligning.models.visual_af_diffusion.VisualAlphaFlow_VTrue_mpc4_filmv1_Eaf,train,combined_5,False,geo_free-bounds_free,all,0.0,0.0,0.0,0.0,0.8124582275748253,51.6,0.3743140463190793,0.3386319553479552,288.3,0.03932933146348559,39.329331463485595,10
5,H8_K2_Meuler_T0.5_Dmix_visual_aligning.models.visual_af_diffusion.VisualAlphaFlow_VTrue_mpc4_filmv1_Eaf,train,combined_5,False,geo_free-bounds_free,unfrozen,0.0,0.0,0.0,0.0,0.8124582275748253,51.6,0.3743140463190793,0.3386319553479552,288.3,0.03932933146348559,39.329331463485595,10
5,H8_K2_Meuler_T0.5_Dmix_visual_aligning.models.visual_af_diffusion.VisualAlphaFlow_VTrue_mpc4_filmv1_Eaf,train,combined_5,False,geo_free-model_free,all,0.0,0.0,0.0,0.1,0.7039244949817658,86.7,0.3583982204033952,0.896736728772521,284.9,0.03490454525766012,34.90454525766012,10
5,H8_K2_Meuler_T0.5_Dmix_visual_aligning.models.visual_af_diffusion.VisualAlphaFlow_VTrue_mpc4_filmv1_Eaf,train,combined_5,False,geo_free-model_free,unfrozen,0.0,0.0,0.0,0.1,0.7039244949817658,86.7,0.3583982204033952,0.896736728772521,284.9,0.03490454525766012,34.90454525766012,10
5,H8_K2_Meuler_T0.5_Dmix_visual_aligning.models.visual_af_diffusion.VisualAlphaFlow_VTrue_mpc4_filmv1_Eaf,train,combined_5,False,model_free-bounds_free,all,0.0,0.0,0.0,0.1,0.70270054936409,86.6,0.3797240103143962,0.8603525873273611,268.8,0.03702659632346682,37.02659632346682,10
5,H8_K2_Meuler_T0.5_Dmix_visual_aligning.models.visual_af_diffusion.VisualAlphaFlow_VTrue_mpc4_filmv1_Eaf,train,combined_5,False,model_free-bounds_free,unfrozen,0.0,0.0,0.0,0.1,0.70270054936409,86.6,0.3797240103143962,0.8603525873273611,268.8,0.03702659632346682,37.02659632346682,10
5,H8_K2_Meuler_T0.5_Dmix_visual_aligning.models.visual_af_diffusion.VisualAlphaFlow_VTrue_mpc4_filmv1_Eaf,train,combined_5-tightened,True,diffuser,all,0.0,0.0,0.0,0.1,0.71327845454216,80.9,0.3343114066969576,0.66081238752231,267.1,0.024197827511357302,24.197827511357303,10
5,H8_K2_Meuler_T0.5_Dmix_visual_aligning.models.visual_af_diffusion.VisualAlphaFlow_VTrue_mpc4_filmv1_Eaf,train,combined_5-tightened,True,diffuser,unfrozen,0.0,0.0,0.0,0.0,0.6814205050468445,89.88888888888889,0.31379878189208527,0.7338510509580374,252.33333333333334,0.026886475012619225,26.886475012619226,9
5,H8_K2_Meuler_T0.5_Dmix_visual_aligning.models.visual_af_diffusion.VisualAlphaFlow_VTrue_mpc4_filmv1_Eaf,train,combined_5-tightened,True,dpcc-r,all,0.0,0.0,0.0,0.7,0.9851040780544281,5.6,0.3742928130162347,0.24310930455103516,383.3,0.05257981489239068,52.57981489239067,10
5,H8_K2_Meuler_T0.5_Dmix_visual_aligning.models.visual_af_diffusion.VisualAlphaFlow_VTrue_mpc4_filmv1_Eaf,train,combined_5-tightened,True,dpcc-r,unfrozen,0.0,0.0,0.0,0.6666666666666666,0.9834489756160312,6.222222222222222,0.35822256669128194,0.26973651432328755,381.44444444444446,0.05842201654710075,58.42201654710075,9
5,H8_K2_Meuler_T0.5_Dmix_visual_aligning.models.visual_af_diffusion.VisualAlphaFlow_VTrue_mpc4_filmv1_Eaf,train,combined_5-tightened,True,dpcc-c,all,0.0,0.0,0.0,0.4,0.9523568689823151,14.9,0.40177123297883643,0.22632175544276834,342.4,0.16812486884144487,168.12486884144488,10
5,H8_K2_Meuler_T0.5_Dmix_visual_aligning.models.visual_af_diffusion.VisualAlphaFlow_VTrue_mpc4_filmv1_Eaf,train,combined_5-tightened,True,dpcc-c,unfrozen,0.0,0.0,0.0,0.3333333333333333,0.9470631877581278,16.555555555555557,0.3887541444275061,0.25108368198076886,336.0,0.18680540982382762,186.80540982382763,9
5,H8_K2_Meuler_T0.5_Dmix_visual_aligning.models.visual_af_diffusion.VisualAlphaFlow_VTrue_mpc4_filmv1_Eaf,train,combined_5-tightened,True,dpcc-t,all,0.0,0.0,0.0,0.6,0.9854912281036377,5.8,0.46512067095057363,0.20619379477575422,399.9,0.07125194822244309,71.25194822244308,10
5,H8_K2_Meuler_T0.5_Dmix_visual_aligning.models.visual_af_diffusion.VisualAlphaFlow_VTrue_mpc4_filmv1_Eaf,train,combined_5-tightened,True,dpcc-t,unfrozen,0.0,0.0,0.0,0.5555555555555556,0.9838791423373752,6.444444444444445,0.4591424088405475,0.22871928123964202,399.8888888888889,0.07916883135827009,79.1688313582701,9
5,H8_K2_Meuler_T0.5_Dmix_visual_aligning.models.visual_af_diffusion.VisualAlphaFlow_VTrue_mpc4_filmv1_Eaf,train,combined_5-tightened,True,dpcc-c-dt0p25,all,0.0,0.0,0.0,0.5,0.9362414062023163,25.4,0.5381788043848228,0.29027971075847747,397.2,0.08146084890245321,81.46084890245321,10
5,H8_K2_Meuler_T0.5_Dmix_visual_aligning.models.visual_af_diffusion.VisualAlphaFlow_VTrue_mpc4_filmv1_Eaf,train,combined_5-tightened,True,dpcc-c-dt0p25,unfrozen,0.0,0.0,0.0,0.4444444444444444,0.9291571180025736,28.22222222222222,0.5403181126563799,0.3221480767760012,396.8888888888889,0.09051205433605912,90.51205433605912,9
5,H8_K2_Meuler_T0.5_Dmix_visual_aligning.models.visual_af_diffusion.VisualAlphaFlow_VTrue_mpc4_filmv1_Eaf,train,combined_5-tightened,True,dpcc-c-dt0p5,all,0.0,0.0,0.0,0.5,0.9243265986442566,28.7,0.34753636104280716,0.5703454659320414,339.9,0.05940182220198405,59.40182220198405,10
5,H8_K2_Meuler_T0.5_Dmix_visual_aligning.models.visual_af_diffusion.VisualAlphaFlow_VTrue_mpc4_filmv1_Eaf,train,combined_5-tightened,True,dpcc-c-dt0p5,unfrozen,0.0,0.0,0.0,0.4444444444444444,0.9159184429380629,31.88888888888889,0.3284931756096959,0.6333322491910722,333.22222222222223,0.06600202466887116,66.00202466887116,9
5,H8_K2_Meuler_T0.5_Dmix_visual_aligning.models.visual_af_diffusion.VisualAlphaFlow_VTrue_mpc4_filmv1_Eaf,train,combined_5-tightened,True,dpcc-c-dt2p0,all,0.0,0.0,0.0,0.5,0.9747500061988831,10.1,0.4017345036059009,0.2009188079275191,400.0,0.04828310716152191,48.28310716152191,10
5,H8_K2_Meuler_T0.5_Dmix_visual_aligning.models.visual_af_diffusion.VisualAlphaFlow_VTrue_mpc4_filmv1_Eaf,train,combined_5-tightened,True,dpcc-c-dt2p0,unfrozen,0.0,0.0,0.0,0.4444444444444444,0.9719444513320923,11.222222222222221,0.3887133340131333,0.22285818474160302,400.0,0.053647896846135454,53.64789684613546,9
5,H8_K2_Meuler_T0.5_Dmix_visual_aligning.models.visual_af_diffusion.VisualAlphaFlow_VTrue_mpc4_filmv1_Eaf,train,combined_5-tightened,True,dpcc-c-dt4p0,all,0.0,0.0,0.0,1.0,1.0,0.0,0.38918159125755275,0.03199484897777438,400.0,0.03946318942308426,39.46318942308426,10
5,H8_K2_Meuler_T0.5_Dmix_visual_aligning.models.visual_af_diffusion.VisualAlphaFlow_VTrue_mpc4_filmv1_Eaf,train,combined_5-tightened,True,dpcc-c-dt4p0,unfrozen,0.0,0.0,0.0,1.0,1.0,0.0,0.3747656536260798,0.035164897019664444,400.0,0.0438479882478714,43.8479882478714,9
5,H8_K2_Meuler_T0.5_Dmix_visual_aligning.models.visual_af_diffusion.VisualAlphaFlow_VTrue_mpc4_filmv1_Eaf,train,combined_5-tightened,True,gradient,all,0.0,0.0,0.0,0.3,0.8252442315220833,48.8,0.3723429211444315,0.40553644923493265,288.0,0.02559300776577391,25.593007765773912,10
5,H8_K2_Meuler_T0.5_Dmix_visual_aligning.models.visual_af_diffusion.VisualAlphaFlow_VTrue_mpc4_filmv1_Eaf,train,combined_5-tightened,True,gradient,unfrozen,0.0,0.0,0.0,0.2222222222222222,0.8058269239134259,54.22222222222222,0.3560560201670563,0.4502111195276181,275.55555555555554,0.028436675295304345,28.436675295304344,9
5,H8_K2_Meuler_T0.5_Dmix_visual_aligning.models.visual_af_diffusion.VisualAlphaFlow_VTrue_mpc4_filmv1_Eaf,train,combined_5-tightened,True,post_processing,all,0.0,0.0,0.0,0.7,0.9851040780544281,5.6,0.37429281301552203,0.2433408104814589,383.3,0.05231728118246999,52.31728118246999,10
5,H8_K2_Meuler_T0.5_Dmix_visual_aligning.models.visual_af_diffusion.VisualAlphaFlow_VTrue_mpc4_filmv1_Eaf,train,combined_5-tightened,True,post_processing,unfrozen,0.0,0.0,0.0,0.6666666666666666,0.9834489756160312,6.222222222222222,0.3582225666904902,0.26999374313486946,381.44444444444446,0.058130312424966656,58.13031242496666,9
5,H8_K2_Meuler_T0.5_Dmix_visual_aligning.models.visual_af_diffusion.VisualAlphaFlow_VTrue_mpc4_filmv1_Eaf,train,combined_5-tightened,True,model_free,all,0.0,0.0,0.0,0.3,0.7092561006546021,84.6,0.34625215651479235,0.7265462734736502,286.3,0.038560831168037116,38.560831168037126,10
5,H8_K2_Meuler_T0.5_Dmix_visual_aligning.models.visual_af_diffusion.VisualAlphaFlow_VTrue_mpc4_filmv1_Eaf,train,combined_5-tightened,True,model_free,unfrozen,0.0,0.0,0.0,0.2222222222222222,0.6769512229495578,94.0,0.3270662816896794,0.806888702015082,273.6666666666667,0.04284536796448569,42.84536796448569,9
5,H8_K2_Meuler_T0.5_Dmix_visual_aligning.models.visual_af_diffusion.VisualAlphaFlow_VTrue_mpc4_filmv1_Eaf,train,combined_5-tightened,True,geo_free,all,0.0,0.0,0.0,0.1,0.7755668863654137,68.6,0.4007967138808642,0.3657388742081821,313.9,0.03812876260777603,38.12876260777603,10
5,H8_K2_Meuler_T0.5_Dmix_visual_aligning.models.visual_af_diffusion.VisualAlphaFlow_VTrue_mpc4_filmv1_Eaf,train,combined_5-tightened,True,geo_free,unfrozen,0.0,0.0,0.0,0.0,0.7506298737393485,76.22222222222223,0.38767134542975923,0.40599159172011745,304.3333333333333,0.04236529178641781,42.365291786417814,9
5,H8_K2_Meuler_T0.5_Dmix_visual_aligning.models.visual_af_diffusion.VisualAlphaFlow_VTrue_mpc4_filmv1_Eaf,train,combined_5-tightened,True,bounds_free,all,0.0,0.0,0.0,0.4,0.9668913125991822,13.2,0.3617146162178121,0.28234202275052667,396.8,0.05685157265812565,56.85157265812565,10
5,H8_K2_Meuler_T0.5_Dmix_visual_aligning.models.visual_af_diffusion.VisualAlphaFlow_VTrue_mpc4_filmv1_Eaf,train,combined_5-tightened,True,bounds_free,unfrozen,0.0,0.0,0.0,0.3333333333333333,0.9632125695546468,14.666666666666666,0.3442467924708124,0.31332842343383366,396.44444444444446,0.06316841406458405,63.16841406458405,9
5,H8_K2_Meuler_T0.5_Dmix_visual_aligning.models.visual_af_diffusion.VisualAlphaFlow_VTrue_mpc4_filmv1_Eaf,train,combined_5-tightened,True,geo_free-bounds_free,all,0.0,0.0,0.0,0.2,0.8309712335467339,48.0,0.38277103912123955,0.43910552812740206,311.0,0.03607520691784306,36.075206917843055,10
5,H8_K2_Meuler_T0.5_Dmix_visual_aligning.models.visual_af_diffusion.VisualAlphaFlow_VTrue_mpc4_filmv1_Eaf,train,combined_5-tightened,True,geo_free-bounds_free,unfrozen,0.0,0.0,0.0,0.1111111111111111,0.8121902594963709,53.333333333333336,0.36764281791906517,0.48751009607480633,301.1111111111111,0.04008356324204784,40.08356324204784,9
5,H8_K2_Meuler_T0.5_Dmix_visual_aligning.models.visual_af_diffusion.VisualAlphaFlow_VTrue_mpc4_filmv1_Eaf,train,combined_5-tightened,True,geo_free-model_free,all,0.0,0.0,0.0,0.2,0.7052560985088349,86.2,0.3364129753753403,0.7264368266798555,286.3,0.031189300736846337,31.189300736846338,10
5,H8_K2_Meuler_T0.5_Dmix_visual_aligning.models.visual_af_diffusion.VisualAlphaFlow_VTrue_mpc4_filmv1_Eaf,train,combined_5-tightened,True,geo_free-model_free,unfrozen,0.0,0.0,0.0,0.1111111111111111,0.6725067761209276,95.77777777777777,0.3161338582013994,0.8067670944664214,273.6666666666667,0.03465477859649593,34.65477859649593,9
5,H8_K2_Meuler_T0.5_Dmix_visual_aligning.models.visual_af_diffusion.VisualAlphaFlow_VTrue_mpc4_filmv1_Eaf,train,combined_5-tightened,True,model_free-bounds_free,all,0.0,0.0,0.0,0.3,0.7092561006546021,84.6,0.34625215651479235,0.7265462734736502,286.3,0.03520300843780843,35.203008437808435,10
5,H8_K2_Meuler_T0.5_Dmix_visual_aligning.models.visual_af_diffusion.VisualAlphaFlow_VTrue_mpc4_filmv1_Eaf,train,combined_5-tightened,True,model_free-bounds_free,unfrozen,0.0,0.0,0.0,0.2222222222222222,0.6769512229495578,94.0,0.3270662816896794,0.806888702015082,273.6666666666667,0.03911445381978715,39.114453819787144,9
6,H8_K100_Meuler_T0.5_Dmix_visual_aligning.models.visual_af_diffusion.VisualAlphaFlow_VTrue_mpc4_filmv1_Eaf,train,combined_5,False,diffuser,all,0.03333333333333333,0.03333333333333333,0.0,0.2,0.7184112002452214,111.8,0.416483111600935,0.5747563565770785,390.73333333333335,0.902035071956004,902.035071956004,30
6,H8_K100_Meuler_T0.5_Dmix_visual_aligning.models.visual_af_diffusion.VisualAlphaFlow_VTrue_mpc4_filmv1_Eaf,train,combined_5,False,diffuser,unfrozen,0.03333333333333333,0.03333333333333333,0.0,0.2,0.7184112002452214,111.8,0.416483111600935,0.5747563565770785,390.73333333333335,0.902035071956004,902.035071956004,30
6,H8_K100_Meuler_T0.5_Dmix_visual_aligning.models.visual_af_diffusion.VisualAlphaFlow_VTrue_mpc4_filmv1_Eaf,train,combined_5,False,dpcc-r,all,0.09090909090909091,0.09090909090909091,0.09090909090909091,0.2727272727272727,0.9661363636363636,13.545454545454545,0.29437539741845514,0.15545997343497636,385.6363636363636,16.419432971270616,16419.432971270617,11
6,H8_K100_Meuler_T0.5_Dmix_visual_aligning.models.visual_af_diffusion.VisualAlphaFlow_VTrue_mpc4_filmv1_Eaf,train,combined_5,False,dpcc-r,unfrozen,0.09090909090909091,0.09090909090909091,0.09090909090909091,0.2727272727272727,0.9661363636363636,13.545454545454545,0.29437539741845514,0.15545997343497636,385.6363636363636,16.419432971270616,16419.432971270617,11
7,H8_K2_Meuler_T0.5_Dmix_visual_aligning.models.visual_af_diffusion.VisualAlphaFlow_VTrue_mpc4_filmv1_Eaf,train,combined_5,False,diffuser,all,0.06666666666666667,0.1,0.03333333333333333,0.2,0.7952654312054316,81.53333333333333,0.33111092869903924,0.4345330953598022,381.53333333333336,0.026803522334934497,26.803522334934495,30
7,H8_K2_Meuler_T0.5_Dmix_visual_aligning.models.visual_af_diffusion.VisualAlphaFlow_VTrue_mpc4_filmv1_Eaf,train,combined_5,False,diffuser,unfrozen,0.06666666666666667,0.1,0.03333333333333333,0.2,0.7952654312054316,81.53333333333333,0.33111092869903924,0.4345330953598022,381.53333333333336,0.026803522334934497,26.803522334934495,30
7,H8_K2_Meuler_T0.5_Dmix_visual_aligning.models.visual_af_diffusion.VisualAlphaFlow_VTrue_mpc4_filmv1_Eaf,train,combined_5,False,dpcc-r,all,0.03333333333333333,0.03333333333333333,0.0,0.36666666666666664,0.9130000015099843,34.7,0.4219847723440667,0.16954703871160745,390.0,0.052704222222169236,52.70422222216924,30
7,H8_K2_Meuler_T0.5_Dmix_visual_aligning.models.visual_af_diffusion.VisualAlphaFlow_VTrue_mpc4_filmv1_Eaf,train,combined_5,False,dpcc-r,unfrozen,0.03333333333333333,0.03333333333333333,0.0,0.36666666666666664,0.9130000015099843,34.7,0.4219847723440667,0.16954703871160745,390.0,0.052704222222169236,52.70422222216924,30
7,H8_K2_Meuler_T0.5_Dmix_visual_aligning.models.visual_af_diffusion.VisualAlphaFlow_VTrue_mpc4_filmv1_Eaf,train,combined_5,False,dpcc-c,all,0.0,0.0,0.0,0.16666666666666666,0.7859166671832403,85.63333333333334,0.3500792128734483,0.11744600577900807,400.0,0.05541328714291254,55.413287142912544,30
7,H8_K2_Meuler_T0.5_Dmix_visual_aligning.models.visual_af_diffusion.VisualAlphaFlow_VTrue_mpc4_filmv1_Eaf,train,combined_5,False,dpcc-c,unfrozen,0.0,0.0,0.0,0.16666666666666666,0.7859166671832403,85.63333333333334,0.3500792128734483,0.11744600577900807,400.0,0.05541328714291254,55.413287142912544,30
7,H8_K2_Meuler_T0.5_Dmix_visual_aligning.models.visual_af_diffusion.VisualAlphaFlow_VTrue_mpc4_filmv1_Eaf,train,combined_5,False,dpcc-t,all,0.0,0.03333333333333333,0.0,0.4,0.86850000222524,52.6,0.3378091493141751,0.12407153534392516,400.0,0.05335719203948974,53.357192039489746,30
7,H8_K2_Meuler_T0.5_Dmix_visual_aligning.models.visual_af_diffusion.VisualAlphaFlow_VTrue_mpc4_filmv1_Eaf,train,combined_5,False,dpcc-t,unfrozen,0.0,0.03333333333333333,0.0,0.4,0.86850000222524,52.6,0.3378091493141751,0.12407153534392516,400.0,0.05335719203948974,53.357192039489746,30
7,H8_K2_Meuler_T0.5_Dmix_visual_aligning.models.visual_af_diffusion.VisualAlphaFlow_VTrue_mpc4_filmv1_Eaf,train,combined_5,False,dpcc-c-dt0p25,all,0.03333333333333333,0.03333333333333333,0.03333333333333333,0.13333333333333333,0.8534166713555654,58.63333333333333,0.3283379607420346,0.09039645058413347,392.56666666666666,0.06185915124831676,61.859151248316756,30
7,H8_K2_Meuler_T0.5_Dmix_visual_aligning.models.visual_af_diffusion.VisualAlphaFlow_VTrue_mpc4_filmv1_Eaf,train,combined_5,False,dpcc-c-dt0p25,unfrozen,0.03333333333333333,0.03333333333333333,0.03333333333333333,0.13333333333333333,0.8534166713555654,58.63333333333333,0.3283379607420346,0.09039645058413347,392.56666666666666,0.06185915124831676,61.859151248316756,30
7,H8_K2_Meuler_T0.5_Dmix_visual_aligning.models.visual_af_diffusion.VisualAlphaFlow_VTrue_mpc4_filmv1_Eaf,train,combined_5,False,dpcc-c-dt0p5,all,0.0,0.0,0.0,0.16666666666666666,0.8321666697661082,67.13333333333334,0.31059482899004104,0.1157373521476984,400.0,0.058757670958836876,58.757670958836876,30
7,H8_K2_Meuler_T0.5_Dmix_visual_aligning.models.visual_af_diffusion.VisualAlphaFlow_VTrue_mpc4_filmv1_Eaf,train,combined_5,False,dpcc-c-dt0p5,unfrozen,0.0,0.0,0.0,0.16666666666666666,0.8321666697661082,67.13333333333334,0.31059482899004104,0.1157373521476984,400.0,0.058757670958836876,58.757670958836876,30
7,H8_K2_Meuler_T0.5_Dmix_visual_aligning.models.visual_af_diffusion.VisualAlphaFlow_VTrue_mpc4_filmv1_Eaf,train,combined_5,False,dpcc-c-dt2p0,all,0.0,0.0,0.0,0.1,0.7621666649977367,95.13333333333334,0.3767826444900554,0.08378111788382132,400.0,0.05121984195709228,51.219841957092285,30
7,H8_K2_Meuler_T0.5_Dmix_visual_aligning.models.visual_af_diffusion.VisualAlphaFlow_VTrue_mpc4_filmv1_Eaf,train,combined_5,False,dpcc-c-dt2p0,unfrozen,0.0,0.0,0.0,0.1,0.7621666649977367,95.13333333333334,0.3767826444900554,0.08378111788382132,400.0,0.05121984195709228,51.219841957092285,30
7,H8_K2_Meuler_T0.5_Dmix_visual_aligning.models.visual_af_diffusion.VisualAlphaFlow_VTrue_mpc4_filmv1_Eaf,train,combined_5,False,dpcc-c-dt4p0,all,0.0,0.0,0.0,0.03333333333333333,0.7924999952316284,83.0,0.3845618586230939,0.05514041967689991,400.0,0.046151298622290296,46.15129862229029,30
7,H8_K2_Meuler_T0.5_Dmix_visual_aligning.models.visual_af_diffusion.VisualAlphaFlow_VTrue_mpc4_filmv1_Eaf,train,combined_5,False,dpcc-c-dt4p0,unfrozen,0.0,0.0,0.0,0.03333333333333333,0.7924999952316284,83.0,0.3845618586230939,0.05514041967689991,400.0,0.046151298622290296,46.15129862229029,30
7,H8_K2_Meuler_T0.5_Dmix_visual_aligning.models.visual_af_diffusion.VisualAlphaFlow_VTrue_mpc4_filmv1_Eaf,train,combined_5,False,hardflow_new-r,all,0.03333333333333333,0.03333333333333333,0.03333333333333333,0.5333333333333333,0.9215833306312561,31.366666666666667,0.33155784750252243,0.11378778809060654,389.56666666666666,0.17754287035095281,177.54287035095282,30
7,H8_K2_Meuler_T0.5_Dmix_visual_aligning.models.visual_af_diffusion.VisualAlphaFlow_VTrue_mpc4_filmv1_Eaf,train,combined_5,False,hardflow_new-r,unfrozen,0.03333333333333333,0.03333333333333333,0.03333333333333333,0.5333333333333333,0.9215833306312561,31.366666666666667,0.33155784750252243,0.11378778809060654,389.56666666666666,0.17754287035095281,177.54287035095282,30
7,H8_K2_Meuler_T0.5_Dmix_visual_aligning.models.visual_af_diffusion.VisualAlphaFlow_VTrue_mpc4_filmv1_Eaf,train,combined_5,False,hardflow_new-c,all,0.0,0.03333333333333333,0.0,0.3333333333333333,0.8569166680177053,57.233333333333334,0.3552692377604123,0.09907470376541218,390.8,0.1919958370795814,191.99583707958138,30
7,H8_K2_Meuler_T0.5_Dmix_visual_aligning.models.visual_af_diffusion.VisualAlphaFlow_VTrue_mpc4_filmv1_Eaf,train,combined_5,False,hardflow_new-c,unfrozen,0.0,0.03333333333333333,0.0,0.3333333333333333,0.8569166680177053,57.233333333333334,0.3552692377604123,0.09907470376541218,390.8,0.1919958370795814,191.99583707958138,30
7,H8_K2_Meuler_T0.5_Dmix_visual_aligning.models.visual_af_diffusion.VisualAlphaFlow_VTrue_mpc4_filmv1_Eaf,train,combined_5,False,hardflow_new-t,all,0.0,0.0,0.0,0.3,0.8654999991257986,53.8,0.34344270477256494,0.13503280524164438,400.0,0.18572061479091642,185.72061479091644,30
7,H8_K2_Meuler_T0.5_Dmix_visual_aligning.models.visual_af_diffusion.VisualAlphaFlow_VTrue_mpc4_filmv1_Eaf,train,combined_5,False,hardflow_new-t,unfrozen,0.0,0.0,0.0,0.3,0.8654999991257986,53.8,0.34344270477256494,0.13503280524164438,400.0,0.18572061479091642,185.72061479091644,30
7,H8_K2_Meuler_T0.5_Dmix_visual_aligning.models.visual_af_diffusion.VisualAlphaFlow_VTrue_mpc4_filmv1_Eaf,train,combined_5,False,gradient,all,0.03333333333333333,0.06666666666666667,0.0,0.26666666666666666,0.8051509350538254,77.7,0.3513977571639575,0.41646002406875293,391.43333333333334,0.028761248609680674,28.76124860968067,30
7,H8_K2_Meuler_T0.5_Dmix_visual_aligning.models.visual_af_diffusion.VisualAlphaFlow_VTrue_mpc4_filmv1_Eaf,train,combined_5,False,gradient,unfrozen,0.03333333333333333,0.06666666666666667,0.0,0.26666666666666666,0.8051509350538254,77.7,0.3513977571639575,0.41646002406875293,391.43333333333334,0.028761248609680674,28.76124860968067,30
7,H8_K2_Meuler_T0.5_Dmix_visual_aligning.models.visual_af_diffusion.VisualAlphaFlow_VTrue_mpc4_filmv1_Eaf,train,combined_5,False,post_processing,all,0.03333333333333333,0.03333333333333333,0.0,0.36666666666666664,0.9150833348433177,33.86666666666667,0.41897619907581435,0.16733376029878855,390.0,0.0529142693678538,52.9142693678538,30
7,H8_K2_Meuler_T0.5_Dmix_visual_aligning.models.visual_af_diffusion.VisualAlphaFlow_VTrue_mpc4_filmv1_Eaf,train,combined_5,False,post_processing,unfrozen,0.03333333333333333,0.03333333333333333,0.0,0.36666666666666664,0.9150833348433177,33.86666666666667,0.41897619907581435,0.16733376029878855,390.0,0.0529142693678538,52.9142693678538,30
7,H8_K2_Meuler_T0.5_Dmix_visual_aligning.models.visual_af_diffusion.VisualAlphaFlow_VTrue_mpc4_filmv1_Eaf,train,combined_5,False,model_free,all,0.0,0.03333333333333333,0.0,0.16666666666666666,0.7614999989668528,95.4,0.3524197917689296,0.4547148125867049,400.0,0.0401250276962916,40.1250276962916,30
7,H8_K2_Meuler_T0.5_Dmix_visual_aligning.models.visual_af_diffusion.VisualAlphaFlow_VTrue_mpc4_filmv1_Eaf,train,combined_5,False,model_free,unfrozen,0.0,0.03333333333333333,0.0,0.16666666666666666,0.7614999989668528,95.4,0.3524197917689296,0.4547148125867049,400.0,0.0401250276962916,40.1250276962916,30
7,H8_K2_Meuler_T0.5_Dmix_visual_aligning.models.visual_af_diffusion.VisualAlphaFlow_VTrue_mpc4_filmv1_Eaf,train,combined_5,False,geo_free,all,0.03333333333333333,0.03333333333333333,0.0,0.26666666666666666,0.7617500002185503,95.2,0.44586855719005986,0.2831613384808103,390.0,0.04184703475236893,41.84703475236893,30
7,H8_K2_Meuler_T0.5_Dmix_visual_aligning.models.visual_af_diffusion.VisualAlphaFlow_VTrue_mpc4_filmv1_Eaf,train,combined_5,False,geo_free,unfrozen,0.03333333333333333,0.03333333333333333,0.0,0.26666666666666666,0.7617500002185503,95.2,0.44586855719005986,0.2831613384808103,390.0,0.04184703475236893,41.84703475236893,30
7,H8_K2_Meuler_T0.5_Dmix_visual_aligning.models.visual_af_diffusion.VisualAlphaFlow_VTrue_mpc4_filmv1_Eaf,train,combined_5,False,bounds_free,all,0.03333333333333333,0.03333333333333333,0.03333333333333333,0.6,0.9315833330154419,27.366666666666667,0.3314301649099115,0.23382770208021006,390.93333333333334,0.048627315854032835,48.62731585403284,30
7,H8_K2_Meuler_T0.5_Dmix_visual_aligning.models.visual_af_diffusion.VisualAlphaFlow_VTrue_mpc4_filmv1_Eaf,train,combined_5,False,bounds_free,unfrozen,0.03333333333333333,0.03333333333333333,0.03333333333333333,0.6,0.9315833330154419,27.366666666666667,0.3314301649099115,0.23382770208021006,390.93333333333334,0.048627315854032835,48.62731585403284,30
7,H8_K2_Meuler_T0.5_Dmix_visual_aligning.models.visual_af_diffusion.VisualAlphaFlow_VTrue_mpc4_filmv1_Eaf,train,combined_5,False,geo_free-bounds_free,all,0.03333333333333333,0.03333333333333333,0.0,0.4666666666666667,0.8177412281433741,71.9,0.4108257400336937,0.2935327636698882,390.46666666666664,0.03913716187707165,39.13716187707165,30
7,H8_K2_Meuler_T0.5_Dmix_visual_aligning.models.visual_af_diffusion.VisualAlphaFlow_VTrue_mpc4_filmv1_Eaf,train,combined_5,False,geo_free-bounds_free,unfrozen,0.03333333333333333,0.03333333333333333,0.0,0.4666666666666667,0.8177412281433741,71.9,0.4108257400336937,0.2935327636698882,390.46666666666664,0.03913716187707165,39.13716187707165,30
7,H8_K2_Meuler_T0.5_Dmix_visual_aligning.models.visual_af_diffusion.VisualAlphaFlow_VTrue_mpc4_filmv1_Eaf,train,combined_5,False,geo_free-model_free,all,0.0,0.03333333333333333,0.0,0.16666666666666666,0.7640833298365275,94.36666666666666,0.3707943471927195,0.4553641963750124,400.0,0.03437777109940846,34.37777109940847,30
7,H8_K2_Meuler_T0.5_Dmix_visual_aligning.models.visual_af_diffusion.VisualAlphaFlow_VTrue_mpc4_filmv1_Eaf,train,combined_5,False,geo_free-model_free,unfrozen,0.0,0.03333333333333333,0.0,0.16666666666666666,0.7640833298365275,94.36666666666666,0.3707943471927195,0.4553641963750124,400.0,0.03437777109940846,34.37777109940847,30
7,H8_K2_Meuler_T0.5_Dmix_visual_aligning.models.visual_af_diffusion.VisualAlphaFlow_VTrue_mpc4_filmv1_Eaf,train,combined_5,False,model_free-bounds_free,all,0.0,0.03333333333333333,0.0,0.16666666666666666,0.7589166641235352,96.43333333333334,0.3623536624862211,0.4542431759337584,400.0,0.03738582694530487,37.38582694530487,30
7,H8_K2_Meuler_T0.5_Dmix_visual_aligning.models.visual_af_diffusion.VisualAlphaFlow_VTrue_mpc4_filmv1_Eaf,train,combined_5,False,model_free-bounds_free,unfrozen,0.0,0.03333333333333333,0.0,0.16666666666666666,0.7589166641235352,96.43333333333334,0.3623536624862211,0.4542431759337584,400.0,0.03738582694530487,37.38582694530487,30
7,H8_K2_Meuler_T0.5_Dmix_visual_aligning.models.visual_af_diffusion.VisualAlphaFlow_VTrue_mpc4_filmv1_Eaf,train,combined_5-tightened,True,diffuser,all,0.03333333333333333,0.03333333333333333,0.0,0.2,0.7956820994615554,81.36666666666666,0.3520719546481404,0.475985543243587,390.26666666666665,0.02327400670228181,23.274006702281813,30
7,H8_K2_Meuler_T0.5_Dmix_visual_aligning.models.visual_af_diffusion.VisualAlphaFlow_VTrue_mpc4_filmv1_Eaf,train,combined_5-tightened,True,diffuser,unfrozen,0.038461538461538464,0.038461538461538464,0.0,0.07692307692307693,0.7642485763017948,93.88461538461539,0.3494541568788593,0.5486811011886368,388.7692307692308,0.026854623118017472,26.854623118017475,26
7,H8_K2_Meuler_T0.5_Dmix_visual_aligning.models.visual_af_diffusion.VisualAlphaFlow_VTrue_mpc4_filmv1_Eaf,train,combined_5-tightened,True,dpcc-r,all,0.0,0.0,0.0,0.8,0.9626666665077209,14.933333333333334,0.38660301193147095,0.13210583999752998,400.0,0.048592543383439386,48.592543383439384,30
7,H8_K2_Meuler_T0.5_Dmix_visual_aligning.models.visual_af_diffusion.VisualAlphaFlow_VTrue_mpc4_filmv1_Eaf,train,combined_5-tightened,True,dpcc-r,unfrozen,0.0,0.0,0.0,0.7692307692307693,0.956923076739678,17.23076923076923,0.38929768451347146,0.1518968282124171,400.0,0.056068319288583905,56.0683192885839,26
7,H8_K2_Meuler_T0.5_Dmix_visual_aligning.models.visual_af_diffusion.VisualAlphaFlow_VTrue_mpc4_filmv1_Eaf,train,combined_5-tightened,True,dpcc-c,all,0.0,0.0,0.0,0.7333333333333333,0.9534166663885116,18.633333333333333,0.3596612124499819,0.11248078867793083,400.0,0.049051201959451035,49.05120195945104,30
7,H8_K2_Meuler_T0.5_Dmix_visual_aligning.models.visual_af_diffusion.VisualAlphaFlow_VTrue_mpc4_filmv1_Eaf,train,combined_5-tightened,True,dpcc-c,unfrozen,0.0,0.0,0.0,0.6923076923076923,0.9462499996790519,21.5,0.358210992804061,0.1292525382282642,400.0,0.0565975407224435,56.597540722443505,26
7,H8_K2_Meuler_T0.5_Dmix_visual_aligning.models.visual_af_diffusion.VisualAlphaFlow_VTrue_mpc4_filmv1_Eaf,train,combined_5-tightened,True,dpcc-t,all,0.0,0.03333333333333333,0.0,0.9333333333333333,0.9973333338896434,1.0666666666666667,0.34860256388032346,0.08706922847777605,400.0,0.04255049190918604,42.55049190918604,30
7,H8_K2_Meuler_T0.5_Dmix_visual_aligning.models.visual_af_diffusion.VisualAlphaFlow_VTrue_mpc4_filmv1_Eaf,train,combined_5-tightened,True,dpcc-t,unfrozen,0.0,0.038461538461538464,0.0,0.9230769230769231,0.9969230775649731,1.2307692307692308,0.34545101368522435,0.09993150722808562,400.0,0.0490967214336762,49.09672143367621,26
7,H8_K2_Meuler_T0.5_Dmix_visual_aligning.models.visual_af_diffusion.VisualAlphaFlow_VTrue_mpc4_filmv1_Eaf,train,combined_5-tightened,True,dpcc-c-dt0p25,all,0.0,0.0,0.0,0.8333333333333334,0.9438333322604497,22.466666666666665,0.3501036568223803,0.1059132115294536,400.0,0.05035037189722061,50.35037189722061,30
7,H8_K2_Meuler_T0.5_Dmix_visual_aligning.models.visual_af_diffusion.VisualAlphaFlow_VTrue_mpc4_filmv1_Eaf,train,combined_5-tightened,True,dpcc-c-dt0p25,unfrozen,0.0,0.0,0.0,0.8076923076923077,0.935192306454365,25.923076923076923,0.3471830440029823,0.12167456459540588,400.0,0.05809658295833147,58.096582958331474,26
7,H8_K2_Meuler_T0.5_Dmix_visual_aligning.models.visual_af_diffusion.VisualAlphaFlow_VTrue_mpc4_filmv1_Eaf,train,combined_5-tightened,True,dpcc-c-dt0p5,all,0.0,0.0,0.0,0.8666666666666667,0.9437500009934108,22.5,0.333178243410976,0.13692529257386923,400.0,0.04772445072730382,47.724450727303825,30
7,H8_K2_Meuler_T0.5_Dmix_visual_aligning.models.visual_af_diffusion.VisualAlphaFlow_VTrue_mpc4_filmv1_Eaf,train,combined_5-tightened,True,dpcc-c-dt0p5,unfrozen,0.0,0.0,0.0,0.8461538461538461,0.9350961549923971,25.96153846153846,0.3276537208359773,0.15745773503127006,400.0,0.055066673916119795,55.0666739161198,26
7,H8_K2_Meuler_T0.5_Dmix_visual_aligning.models.visual_af_diffusion.VisualAlphaFlow_VTrue_mpc4_filmv1_Eaf,train,combined_5-tightened,True,dpcc-c-dt2p0,all,0.0,0.0,0.0,0.5666666666666667,0.9819166660308838,7.233333333333333,0.38765316709685094,0.04961069040000439,400.0,0.04295382505655289,42.95382505655289,30
7,H8_K2_Meuler_T0.5_Dmix_visual_aligning.models.visual_af_diffusion.VisualAlphaFlow_VTrue_mpc4_filmv1_Eaf,train,combined_5-tightened,True,dpcc-c-dt2p0,unfrozen,0.0,0.0,0.0,0.5,0.9791346146510198,8.346153846153847,0.3905094020119869,0.05671011713834909,400.0,0.0495621058344841,49.5621058344841,26
7,H8_K2_Meuler_T0.5_Dmix_visual_aligning.models.visual_af_diffusion.VisualAlphaFlow_VTrue_mpc4_filmv1_Eaf,train,combined_5-tightened,True,dpcc-c-dt4p0,all,0.0,0.0,0.0,0.7,0.9868333359559377,5.266666666666667,0.3845618586245812,0.043941215798258784,400.0,0.03979002430041631,39.79002430041631,30
7,H8_K2_Meuler_T0.5_Dmix_visual_aligning.models.visual_af_diffusion.VisualAlphaFlow_VTrue_mpc4_filmv1_Eaf,train,combined_5-tightened,True,dpcc-c-dt4p0,unfrozen,0.0,0.0,0.0,0.6538461538461539,0.9848076953337743,6.076923076923077,0.38694250762090643,0.05016841567479647,400.0,0.04591156650048035,45.91156650048036,26
7,H8_K2_Meuler_T0.5_Dmix_visual_aligning.models.visual_af_diffusion.VisualAlphaFlow_VTrue_mpc4_filmv1_Eaf,train,combined_5-tightened,True,hardflow_new-r,all,0.0,0.0,0.0,0.9,0.992166664203008,3.1333333333333333,0.3287999471237963,0.11175873739024003,400.0,0.1544477093418439,154.44770934184393,30
7,H8_K2_Meuler_T0.5_Dmix_visual_aligning.models.visual_af_diffusion.VisualAlphaFlow_VTrue_mpc4_filmv1_Eaf,train,combined_5-tightened,True,hardflow_new-r,unfrozen,0.0,0.0,0.0,0.8846153846153846,0.9909615356188554,3.6153846153846154,0.3226018405046161,0.12841940212708253,400.0,0.1782088953944353,178.2088953944353,26
7,H8_K2_Meuler_T0.5_Dmix_visual_aligning.models.visual_af_diffusion.VisualAlphaFlow_VTrue_mpc4_filmv1_Eaf,train,combined_5-tightened,True,hardflow_new-c,all,0.0,0.0,0.0,0.8333333333333334,0.9887500007947286,4.5,0.3127616549662308,0.07418142581979434,400.0,0.15850047107537588,158.50047107537588,30
7,H8_K2_Meuler_T0.5_Dmix_visual_aligning.models.visual_af_diffusion.VisualAlphaFlow_VTrue_mpc4_filmv1_Eaf,train,combined_5-tightened,True,hardflow_new-c,unfrozen,0.0,0.0,0.0,0.8076923076923077,0.9870192316862253,5.1923076923076925,0.3040961187843483,0.08506096569964519,400.0,0.182885158933126,182.885158933126,26
7,H8_K2_Meuler_T0.5_Dmix_visual_aligning.models.visual_af_diffusion.VisualAlphaFlow_VTrue_mpc4_filmv1_Eaf,train,combined_5-tightened,True,hardflow_new-t,all,0.0,0.0,0.0,0.8666666666666667,0.9876666684945424,4.933333333333334,0.3648532060433101,0.13919579138358434,400.0,0.1563616922100385,156.3616922100385,30
7,H8_K2_Meuler_T0.5_Dmix_visual_aligning.models.visual_af_diffusion.VisualAlphaFlow_VTrue_mpc4_filmv1_Eaf,train,combined_5-tightened,True,hardflow_new-t,unfrozen,0.0,0.0,0.0,0.8461538461538461,0.9857692328783182,5.6923076923076925,0.36420175464251664,0.1600775413501721,400.0,0.18041733716542904,180.41733716542905,26
7,H8_K2_Meuler_T0.5_Dmix_visual_aligning.models.visual_af_diffusion.VisualAlphaFlow_VTrue_mpc4_filmv1_Eaf,train,combined_5-tightened,True,gradient,all,0.06666666666666667,0.06666666666666667,0.03333333333333333,0.36666666666666664,0.7854009330272674,85.6,0.3831160696348596,0.37443569749593736,381.1,0.024729413424384807,24.729413424384806,30
7,H8_K2_Meuler_T0.5_Dmix_visual_aligning.models.visual_af_diffusion.VisualAlphaFlow_VTrue_mpc4_filmv1_Eaf,train,combined_5-tightened,True,gradient,unfrozen,0.07692307692307693,0.07692307692307693,0.038461538461538464,0.2692307692307692,0.7523856919545394,98.76923076923077,0.385274289555843,0.43150820224904096,378.1923076923077,0.028533938566597857,28.533938566597854,26
7,H8_K2_Meuler_T0.5_Dmix_visual_aligning.models.visual_af_diffusion.VisualAlphaFlow_VTrue_mpc4_filmv1_Eaf,train,combined_5-tightened,True,post_processing,all,0.0,0.0,0.0,0.8333333333333334,0.9627499997615814,14.9,0.38980464558527206,0.14715940554936727,400.0,0.04880661203463873,48.806612034638725,30
7,H8_K2_Meuler_T0.5_Dmix_visual_aligning.models.visual_af_diffusion.VisualAlphaFlow_VTrue_mpc4_filmv1_Eaf,train,combined_5-tightened,True,post_processing,unfrozen,0.0,0.0,0.0,0.8076923076923077,0.9570192304941324,17.192307692307693,0.3929918771909343,0.1692663269260755,400.0,0.0563153215784293,56.3153215784293,26
7,H8_K2_Meuler_T0.5_Dmix_visual_aligning.models.visual_af_diffusion.VisualAlphaFlow_VTrue_mpc4_filmv1_Eaf,train,combined_5-tightened,True,model_free,all,0.0,0.06666666666666667,0.0,0.26666666666666666,0.770000001291434,92.0,0.3567974097234723,0.4745444832990567,400.0,0.038018306990464525,38.01830699046453,30
7,H8_K2_Meuler_T0.5_Dmix_visual_aligning.models.visual_af_diffusion.VisualAlphaFlow_VTrue_mpc4_filmv1_Eaf,train,combined_5-tightened,True,model_free,unfrozen,0.0,0.07692307692307693,0.0,0.15384615384615385,0.7346153861055007,106.15384615384616,0.35490660504270377,0.5470183397141787,400.0,0.043867277296689836,43.86727729668984,26
7,H8_K2_Meuler_T0.5_Dmix_visual_aligning.models.visual_af_diffusion.VisualAlphaFlow_VTrue_mpc4_filmv1_Eaf,train,combined_5-tightened,True,geo_free,all,0.0,0.0,0.0,0.3333333333333333,0.7584166650970777,96.63333333333334,0.45081437355944937,0.25402598244448504,400.0,0.037481255312760677,37.48125531276067,30
7,H8_K2_Meuler_T0.5_Dmix_visual_aligning.models.visual_af_diffusion.VisualAlphaFlow_VTrue_mpc4_filmv1_Eaf,train,combined_5-tightened,True,geo_free,unfrozen,0.0,0.0,0.0,0.23076923076923078,0.7212499981889358,111.5,0.46338771716113886,0.2925739156512114,400.0,0.04324760228395463,43.24760228395462,26
7,H8_K2_Meuler_T0.5_Dmix_visual_aligning.models.visual_af_diffusion.VisualAlphaFlow_VTrue_mpc4_filmv1_Eaf,train,combined_5-tightened,True,bounds_free,all,0.0,0.0,0.0,0.9,0.990583332379659,3.7666666666666666,0.3409995640240874,0.10206666414936384,400.0,0.03941052500406901,39.41052500406901,30
7,H8_K2_Meuler_T0.5_Dmix_visual_aligning.models.visual_af_diffusion.VisualAlphaFlow_VTrue_mpc4_filmv1_Eaf,train,combined_5-tightened,True,bounds_free,unfrozen,0.0,0.0,0.0,0.8846153846153846,0.9891346142842219,4.346153846153846,0.33667832154341354,0.11723624069530231,400.0,0.0454736826970027,45.4736826970027,26
7,H8_K2_Meuler_T0.5_Dmix_visual_aligning.models.visual_af_diffusion.VisualAlphaFlow_VTrue_mpc4_filmv1_Eaf,train,combined_5-tightened,True,geo_free-bounds_free,all,0.0,0.0,0.0,0.36666666666666664,0.8186666677395503,72.53333333333333,0.39010970030517017,0.27921409010887144,400.0,0.03373896791537603,33.73896791537603,30
7,H8_K2_Meuler_T0.5_Dmix_visual_aligning.models.visual_af_diffusion.VisualAlphaFlow_VTrue_mpc4_filmv1_Eaf,train,combined_5-tightened,True,geo_free-bounds_free,unfrozen,0.0,0.0,0.0,0.2692307692307692,0.7907692320071734,83.6923076923077,0.39334386340620137,0.32163711680242646,400.0,0.03892957836389542,38.929578363895416,26
7,H8_K2_Meuler_T0.5_Dmix_visual_aligning.models.visual_af_diffusion.VisualAlphaFlow_VTrue_mpc4_filmv1_Eaf,train,combined_5-tightened,True,geo_free-model_free,all,0.0,0.06666666666666667,0.0,0.26666666666666666,0.7694166665275891,92.23333333333333,0.3571331024424431,0.4746972473959128,400.0,0.02971114506324132,29.71114506324132,30
7,H8_K2_Meuler_T0.5_Dmix_visual_aligning.models.visual_af_diffusion.VisualAlphaFlow_VTrue_mpc4_filmv1_Eaf,train,combined_5-tightened,True,geo_free-model_free,unfrozen,0.0,0.07692307692307693,0.0,0.15384615384615385,0.7339423075318336,106.42307692307692,0.3552939427953624,0.5471946059797819,400.0,0.03428209045758614,34.28209045758614,26
7,H8_K2_Meuler_T0.5_Dmix_visual_aligning.models.visual_af_diffusion.VisualAlphaFlow_VTrue_mpc4_filmv1_Eaf,train,combined_5-tightened,True,model_free-bounds_free,all,0.0,0.06666666666666667,0.0,0.26666666666666666,0.7694166665275891,92.23333333333333,0.3588936356300542,0.4746182772020499,400.0,0.03522541906436284,35.225419064362846,30
7,H8_K2_Meuler_T0.5_Dmix_visual_aligning.models.visual_af_diffusion.VisualAlphaFlow_VTrue_mpc4_filmv1_Eaf,train,combined_5-tightened,True,model_free-bounds_free,unfrozen,0.0,0.07692307692307693,0.0,0.15384615384615385,0.7339423075318336,106.42307692307692,0.357325327242606,0.5471034865253247,400.0,0.04064471430503405,40.64471430503405,26
8,H8_K2_Meuler_T0.5_Dmix_visual_aligning.models.visual_af_diffusion.VisualAlphaFlow_VTrue_mpc4_filmv2_Eaf,train,combined_5,False,diffuser,all,0.0,0.0,0.0,0.03333333333333333,0.5090833326180776,196.36666666666667,0.38323610656480295,2.1406419480840366,400.0,0.030744292318820955,30.744292318820953,30
8,H8_K2_Meuler_T0.5_Dmix_visual_aligning.models.visual_af_diffusion.VisualAlphaFlow_VTrue_mpc4_filmv2_Eaf,train,combined_5,False,diffuser,unfrozen,0.0,0.0,0.0,0.03333333333333333,0.5090833326180776,196.36666666666667,0.38323610656480295,2.1406419480840366,400.0,0.030744292318820955,30.744292318820953,30
8,H8_K2_Meuler_T0.5_Dmix_visual_aligning.models.visual_af_diffusion.VisualAlphaFlow_VTrue_mpc4_filmv2_Eaf,train,combined_5,False,dpcc-r,all,0.0,0.0,0.0,0.06666666666666667,0.8,80.0,0.4389736215667123,0.7471575630207856,400.0,0.07261709014574687,72.61709014574687,30
8,H8_K2_Meuler_T0.5_Dmix_visual_aligning.models.visual_af_diffusion.VisualAlphaFlow_VTrue_mpc4_filmv2_Eaf,train,combined_5,False,dpcc-r,unfrozen,0.0,0.0,0.0,0.06666666666666667,0.8,80.0,0.4389736215667123,0.7471575630207856,400.0,0.07261709014574687,72.61709014574687,30
8,H8_K2_Meuler_T0.5_Dmix_visual_aligning.models.visual_af_diffusion.VisualAlphaFlow_VTrue_mpc4_filmv2_Eaf,train,combined_5,False,dpcc-c,all,0.0,0.0,0.0,0.23333333333333334,0.816333332657814,73.46666666666667,0.5155591713536363,0.5905485100733737,400.0,0.07223753362894057,72.23753362894058,30
8,H8_K2_Meuler_T0.5_Dmix_visual_aligning.models.visual_af_diffusion.VisualAlphaFlow_VTrue_mpc4_filmv2_Eaf,train,combined_5,False,dpcc-c,unfrozen,0.0,0.0,0.0,0.23333333333333334,0.816333332657814,73.46666666666667,0.5155591713536363,0.5905485100733737,400.0,0.07223753362894057,72.23753362894058,30
8,H8_K2_Meuler_T0.5_Dmix_visual_aligning.models.visual_af_diffusion.VisualAlphaFlow_VTrue_mpc4_filmv2_Eaf,train,combined_5,False,dpcc-t,all,0.0,0.0,0.0,0.23333333333333334,0.9410000065962474,23.6,0.3904243834252788,0.45977286336322626,400.0,0.05986422659953435,59.864226599534355,30
8,H8_K2_Meuler_T0.5_Dmix_visual_aligning.models.visual_af_diffusion.VisualAlphaFlow_VTrue_mpc4_filmv2_Eaf,train,combined_5,False,dpcc-t,unfrozen,0.0,0.0,0.0,0.23333333333333334,0.9410000065962474,23.6,0.3904243834252788,0.45977286336322626,400.0,0.05986422659953435,59.864226599534355,30
8,H8_K2_Meuler_T0.5_Dmix_visual_aligning.models.visual_af_diffusion.VisualAlphaFlow_VTrue_mpc4_filmv2_Eaf,train,combined_5,False,dpcc-c-dt0p25,all,0.0,0.0,0.0,0.0,0.603083336353302,158.76666666666668,0.40439688467424173,1.6811477744330963,400.0,0.12142512381076813,121.42512381076813,30
8,H8_K2_Meuler_T0.5_Dmix_visual_aligning.models.visual_af_diffusion.VisualAlphaFlow_VTrue_mpc4_filmv2_Eaf,train,combined_5,False,dpcc-c-dt0p25,unfrozen,0.0,0.0,0.0,0.0,0.603083336353302,158.76666666666668,0.40439688467424173,1.6811477744330963,400.0,0.12142512381076813,121.42512381076813,30
8,H8_K2_Meuler_T0.5_Dmix_visual_aligning.models.visual_af_diffusion.VisualAlphaFlow_VTrue_mpc4_filmv2_Eaf,train,combined_5,False,dpcc-c-dt0p5,all,0.0,0.0,0.0,0.0,0.5504166702429454,179.83333333333334,0.43050195013300047,1.7729341370364031,400.0,0.12371785187721253,123.71785187721252,30
8,H8_K2_Meuler_T0.5_Dmix_visual_aligning.models.visual_af_diffusion.VisualAlphaFlow_VTrue_mpc4_filmv2_Eaf,train,combined_5,False,dpcc-c-dt0p5,unfrozen,0.0,0.0,0.0,0.0,0.5504166702429454,179.83333333333334,0.43050195013300047,1.7729341370364031,400.0,0.12371785187721253,123.71785187721252,30
8,H8_K2_Meuler_T0.5_Dmix_visual_aligning.models.visual_af_diffusion.VisualAlphaFlow_VTrue_mpc4_filmv2_Eaf,train,combined_5,False,dpcc-c-dt2p0,all,0.0,0.0,0.0,0.7333333333333333,0.9586666663487752,16.533333333333335,0.43416363256717805,0.10343765700235963,400.0,0.05135483245054881,51.354832450548805,30
8,H8_K2_Meuler_T0.5_Dmix_visual_aligning.models.visual_af_diffusion.VisualAlphaFlow_VTrue_mpc4_filmv2_Eaf,train,combined_5,False,dpcc-c-dt2p0,unfrozen,0.0,0.0,0.0,0.7333333333333333,0.9586666663487752,16.533333333333335,0.43416363256717805,0.10343765700235963,400.0,0.05135483245054881,51.354832450548805,30
8,H8_K2_Meuler_T0.5_Dmix_visual_aligning.models.visual_af_diffusion.VisualAlphaFlow_VTrue_mpc4_filmv2_Eaf,train,combined_5,False,dpcc-c-dt4p0,all,0.0,0.0,0.0,0.8666666666666667,0.97349999944369,10.6,0.403495018892876,0.07592737625042598,400.0,0.04888086692492167,48.88086692492167,30
8,H8_K2_Meuler_T0.5_Dmix_visual_aligning.models.visual_af_diffusion.VisualAlphaFlow_VTrue_mpc4_filmv2_Eaf,train,combined_5,False,dpcc-c-dt4p0,unfrozen,0.0,0.0,0.0,0.8666666666666667,0.97349999944369,10.6,0.403495018892876,0.07592737625042598,400.0,0.04888086692492167,48.88086692492167,30
8,H8_K2_Meuler_T0.5_Dmix_visual_aligning.models.visual_af_diffusion.VisualAlphaFlow_VTrue_mpc4_filmv2_Eaf,train,combined_5,False,gradient,all,0.0,0.0,0.0,0.03333333333333333,0.5238333314657211,190.46666666666667,0.38548817961782667,2.0463473916053774,400.0,0.03254164024194082,32.54164024194082,30
8,H8_K2_Meuler_T0.5_Dmix_visual_aligning.models.visual_af_diffusion.VisualAlphaFlow_VTrue_mpc4_filmv2_Eaf,train,combined_5,False,gradient,unfrozen,0.0,0.0,0.0,0.03333333333333333,0.5238333314657211,190.46666666666667,0.38548817961782667,2.0463473916053774,400.0,0.03254164024194082,32.54164024194082,30
8,H8_K2_Meuler_T0.5_Dmix_visual_aligning.models.visual_af_diffusion.VisualAlphaFlow_VTrue_mpc4_filmv2_Eaf,train,combined_5,False,post_processing,all,0.0,0.0,0.0,0.06666666666666667,0.8052500009536743,77.9,0.43897362156719816,0.742374766121308,400.0,0.07216125585635504,72.16125585635503,30
8,H8_K2_Meuler_T0.5_Dmix_visual_aligning.models.visual_af_diffusion.VisualAlphaFlow_VTrue_mpc4_filmv2_Eaf,train,combined_5,False,post_processing,unfrozen,0.0,0.0,0.0,0.06666666666666667,0.8052500009536743,77.9,0.43897362156719816,0.742374766121308,400.0,0.07216125585635504,72.16125585635503,30
8,H8_K2_Meuler_T0.5_Dmix_visual_aligning.models.visual_af_diffusion.VisualAlphaFlow_VTrue_mpc4_filmv2_Eaf,train,combined_5,False,model_free,all,0.0,0.0,0.0,0.0,0.5006666670242945,199.73333333333332,0.3864281396105884,2.1760306457678475,400.0,0.05363620183865229,53.63620183865229,30
8,H8_K2_Meuler_T0.5_Dmix_visual_aligning.models.visual_af_diffusion.VisualAlphaFlow_VTrue_mpc4_filmv2_Eaf,train,combined_5,False,model_free,unfrozen,0.0,0.0,0.0,0.0,0.5006666670242945,199.73333333333332,0.3864281396105884,2.1760306457678475,400.0,0.05363620183865229,53.63620183865229,30
8,H8_K2_Meuler_T0.5_Dmix_visual_aligning.models.visual_af_diffusion.VisualAlphaFlow_VTrue_mpc4_filmv2_Eaf,train,combined_5,False,geo_free,all,0.0,0.0,0.0,0.0,0.8123333354791006,75.06666666666666,0.4424224701053549,0.5782359033823014,400.0,0.04764506324132283,47.64506324132284,30
8,H8_K2_Meuler_T0.5_Dmix_visual_aligning.models.visual_af_diffusion.VisualAlphaFlow_VTrue_mpc4_filmv2_Eaf,train,combined_5,False,geo_free,unfrozen,0.0,0.0,0.0,0.0,0.8123333354791006,75.06666666666666,0.4424224701053549,0.5782359033823014,400.0,0.04764506324132283,47.64506324132284,30
8,H8_K2_Meuler_T0.5_Dmix_visual_aligning.models.visual_af_diffusion.VisualAlphaFlow_VTrue_mpc4_filmv2_Eaf,train,combined_5,False,bounds_free,all,0.0,0.0,0.0,0.0,0.8721666673819224,51.13333333333333,0.3760802718530284,0.5882165869077046,400.0,0.05779354095458985,57.793540954589844,30
8,H8_K2_Meuler_T0.5_Dmix_visual_aligning.models.visual_af_diffusion.VisualAlphaFlow_VTrue_mpc4_filmv2_Eaf,train,combined_5,False,bounds_free,unfrozen,0.0,0.0,0.0,0.0,0.8721666673819224,51.13333333333333,0.3760802718530284,0.5882165869077046,400.0,0.05779354095458985,57.793540954589844,30
8,H8_K2_Meuler_T0.5_Dmix_visual_aligning.models.visual_af_diffusion.VisualAlphaFlow_VTrue_mpc4_filmv2_Eaf,train,combined_5,False,geo_free-bounds_free,all,0.0,0.0,0.0,0.06666666666666667,0.843000003695488,62.8,0.43429472902679545,0.5492602835098902,400.0,0.04258207794030507,42.582077940305076,30
8,H8_K2_Meuler_T0.5_Dmix_visual_aligning.models.visual_af_diffusion.VisualAlphaFlow_VTrue_mpc4_filmv2_Eaf,train,combined_5,False,geo_free-bounds_free,unfrozen,0.0,0.0,0.0,0.06666666666666667,0.843000003695488,62.8,0.43429472902679545,0.5492602835098902,400.0,0.04258207794030507,42.582077940305076,30
8,H8_K2_Meuler_T0.5_Dmix_visual_aligning.models.visual_af_diffusion.VisualAlphaFlow_VTrue_mpc4_filmv2_Eaf,train,combined_5,False,geo_free-model_free,all,0.0,0.0,0.0,0.0,0.5006666670242945,199.73333333333332,0.38642813961071704,2.176179228226344,400.0,0.041174068371454875,41.17406837145487,30
8,H8_K2_Meuler_T0.5_Dmix_visual_aligning.models.visual_af_diffusion.VisualAlphaFlow_VTrue_mpc4_filmv2_Eaf,train,combined_5,False,geo_free-model_free,unfrozen,0.0,0.0,0.0,0.0,0.5006666670242945,199.73333333333332,0.38642813961071704,2.176179228226344,400.0,0.041174068371454875,41.17406837145487,30
8,H8_K2_Meuler_T0.5_Dmix_visual_aligning.models.visual_af_diffusion.VisualAlphaFlow_VTrue_mpc4_filmv2_Eaf,train,combined_5,False,model_free-bounds_free,all,0.0,0.0,0.0,0.0,0.5006666670242945,199.73333333333332,0.38642813961071704,2.176179228226344,400.0,0.0486696786681811,48.6696786681811,30
8,H8_K2_Meuler_T0.5_Dmix_visual_aligning.models.visual_af_diffusion.VisualAlphaFlow_VTrue_mpc4_filmv2_Eaf,train,combined_5,False,model_free-bounds_free,unfrozen,0.0,0.0,0.0,0.0,0.5006666670242945,199.73333333333332,0.38642813961071704,2.176179228226344,400.0,0.0486696786681811,48.6696786681811,30
8,H8_K2_Meuler_T0.5_Dmix_visual_aligning.models.visual_af_diffusion.VisualAlphaFlow_VTrue_mpc4_filmv2_Eaf,train,combined_5-tightened,True,diffuser,all,0.0,0.0,0.0,0.16666666666666666,0.5612499982118606,175.5,0.3807587046280639,1.9015870120376348,400.0,0.027014331996440887,27.014331996440887,30
8,H8_K2_Meuler_T0.5_Dmix_visual_aligning.models.visual_af_diffusion.VisualAlphaFlow_VTrue_mpc4_filmv2_Eaf,train,combined_5-tightened,True,diffuser,unfrozen,0.0,0.0,0.0,0.038461538461538464,0.4937499979367623,202.5,0.38255425300954027,2.1936058728740764,400.0,0.03117038307281641,31.17038307281641,26
8,H8_K2_Meuler_T0.5_Dmix_visual_aligning.models.visual_af_diffusion.VisualAlphaFlow_VTrue_mpc4_filmv2_Eaf,train,combined_5-tightened,True,dpcc-r,all,0.0,0.0,0.0,0.3333333333333333,0.8369166692097981,65.23333333333333,0.4275539276091104,0.8016347190986077,400.0,0.07171782159805298,71.71782159805298,30
8,H8_K2_Meuler_T0.5_Dmix_visual_aligning.models.visual_af_diffusion.VisualAlphaFlow_VTrue_mpc4_filmv2_Eaf,train,combined_5-tightened,True,dpcc-r,unfrozen,0.0,0.0,0.0,0.23076923076923078,0.8118269260113056,75.26923076923077,0.4365487410645939,0.9244301502521222,400.0,0.08275133261313806,82.75133261313805,26
8,H8_K2_Meuler_T0.5_Dmix_visual_aligning.models.visual_af_diffusion.VisualAlphaFlow_VTrue_mpc4_filmv2_Eaf,train,combined_5-tightened,True,dpcc-c,all,0.0,0.0,0.0,0.5666666666666667,0.809333336353302,76.26666666666667,0.4962181970343193,0.5978048223381242,400.0,0.06997135988871257,69.97135988871257,30
8,H8_K2_Meuler_T0.5_Dmix_visual_aligning.models.visual_af_diffusion.VisualAlphaFlow_VTrue_mpc4_filmv2_Eaf,train,combined_5-tightened,True,dpcc-c,unfrozen,0.0,0.0,0.0,0.5,0.7800000034845792,88.0,0.5157767442475273,0.6892418078361795,400.0,0.08073618448697605,80.73618448697604,26
8,H8_K2_Meuler_T0.5_Dmix_visual_aligning.models.visual_af_diffusion.VisualAlphaFlow_VTrue_mpc4_filmv2_Eaf,train,combined_5-tightened,True,dpcc-t,all,0.0,0.0,0.0,0.7333333333333333,0.9744999965031942,10.2,0.4441266544180522,0.38548807529732587,400.0,0.05305758372942607,53.057583729426064,30
8,H8_K2_Meuler_T0.5_Dmix_visual_aligning.models.visual_af_diffusion.VisualAlphaFlow_VTrue_mpc4_filmv2_Eaf,train,combined_5-tightened,True,dpcc-t,unfrozen,0.0,0.0,0.0,0.6923076923076923,0.9705769190421472,11.76923076923077,0.4556711181518345,0.4442609458660277,400.0,0.06122028891856854,61.220288918568535,26
8,H8_K2_Meuler_T0.5_Dmix_visual_aligning.models.visual_af_diffusion.VisualAlphaFlow_VTrue_mpc4_filmv2_Eaf,train,combined_5-tightened,True,dpcc-c-dt0p25,all,0.0,0.0,0.0,0.23333333333333334,0.6301666686932246,147.93333333333334,0.4250726819006562,1.4714482401808102,400.0,0.0993201649983724,99.32016499837239,30
8,H8_K2_Meuler_T0.5_Dmix_visual_aligning.models.visual_af_diffusion.VisualAlphaFlow_VTrue_mpc4_filmv2_Eaf,train,combined_5-tightened,True,dpcc-c-dt0p25,unfrozen,0.0,0.0,0.0,0.11538461538461539,0.5732692331075668,170.69230769230768,0.4336857652471468,1.6972919053469713,400.0,0.11460019038273739,114.60019038273738,26
8,H8_K2_Meuler_T0.5_Dmix_visual_aligning.models.visual_af_diffusion.VisualAlphaFlow_VTrue_mpc4_filmv2_Eaf,train,combined_5-tightened,True,dpcc-c-dt0p5,all,0.0,0.0,0.0,0.13333333333333333,0.5591666678587596,176.33333333333334,0.46848759361634,1.710977016016841,400.0,0.11392936499913534,113.92936499913533,30
8,H8_K2_Meuler_T0.5_Dmix_visual_aligning.models.visual_af_diffusion.VisualAlphaFlow_VTrue_mpc4_filmv2_Eaf,train,combined_5-tightened,True,dpcc-c-dt0p5,unfrozen,0.0,0.0,0.0,0.0,0.49134615522164565,203.46153846153845,0.4837798941498589,1.9736712620808528,400.0,0.13145695961438691,131.45695961438693,26
8,H8_K2_Meuler_T0.5_Dmix_visual_aligning.models.visual_af_diffusion.VisualAlphaFlow_VTrue_mpc4_filmv2_Eaf,train,combined_5-tightened,True,dpcc-c-dt2p0,all,0.0,0.0,0.0,0.9333333333333333,0.9863333324591319,5.466666666666667,0.39830349708152984,0.11494444971904158,400.0,0.043832977751890816,43.832977751890816,30
8,H8_K2_Meuler_T0.5_Dmix_visual_aligning.models.visual_af_diffusion.VisualAlphaFlow_VTrue_mpc4_filmv2_Eaf,train,combined_5-tightened,True,dpcc-c-dt2p0,unfrozen,0.0,0.0,0.0,0.9230769230769231,0.9842307682220752,6.3076923076923075,0.40279824430200095,0.1320952240449305,400.0,0.05057651279064325,50.57651279064325,26
8,H8_K2_Meuler_T0.5_Dmix_visual_aligning.models.visual_af_diffusion.VisualAlphaFlow_VTrue_mpc4_filmv2_Eaf,train,combined_5-tightened,True,dpcc-c-dt4p0,all,0.0,0.0,0.0,1.0,1.0,0.0,0.3845618586214265,0.01721774283796549,400.0,0.041204665521780655,41.20466552178065,30
8,H8_K2_Meuler_T0.5_Dmix_visual_aligning.models.visual_af_diffusion.VisualAlphaFlow_VTrue_mpc4_filmv2_Eaf,train,combined_5-tightened,True,dpcc-c-dt4p0,unfrozen,0.0,0.0,0.0,1.0,1.0,0.0,0.38694250761726645,0.019333639182150364,400.0,0.047543844832823826,47.54384483282383,26
8,H8_K2_Meuler_T0.5_Dmix_visual_aligning.models.visual_af_diffusion.VisualAlphaFlow_VTrue_mpc4_filmv2_Eaf,train,combined_5-tightened,True,gradient,all,0.0,0.0,0.0,0.16666666666666666,0.5745000034570694,170.2,0.38237554120503064,1.8071045618504287,400.0,0.028660543203353882,28.660543203353882,30
8,H8_K2_Meuler_T0.5_Dmix_visual_aligning.models.visual_af_diffusion.VisualAlphaFlow_VTrue_mpc4_filmv2_Eaf,train,combined_5-tightened,True,gradient,unfrozen,0.0,0.0,0.0,0.038461538461538464,0.5090384655273877,196.3846153846154,0.3844198336752711,2.084587661119608,400.0,0.0330698575423314,33.069857542331405,26
8,H8_K2_Meuler_T0.5_Dmix_visual_aligning.models.visual_af_diffusion.VisualAlphaFlow_VTrue_mpc4_filmv2_Eaf,train,combined_5-tightened,True,post_processing,all,0.0,0.0,0.0,0.3333333333333333,0.8369166692097981,65.23333333333333,0.4275539276091104,0.8016347190986077,400.0,0.07204795404275258,72.04795404275258,30
8,H8_K2_Meuler_T0.5_Dmix_visual_aligning.models.visual_af_diffusion.VisualAlphaFlow_VTrue_mpc4_filmv2_Eaf,train,combined_5-tightened,True,post_processing,unfrozen,0.0,0.0,0.0,0.23076923076923078,0.8118269260113056,75.26923076923077,0.4365487410645939,0.9244301502521222,400.0,0.08313225466471451,83.13225466471452,26
8,H8_K2_Meuler_T0.5_Dmix_visual_aligning.models.visual_af_diffusion.VisualAlphaFlow_VTrue_mpc4_filmv2_Eaf,train,combined_5-tightened,True,model_free,all,0.0,0.0,0.0,0.13333333333333333,0.5532499988873799,178.7,0.38313104165075035,1.9307791015754143,400.0,0.052268408834934235,52.268408834934235,30
8,H8_K2_Meuler_T0.5_Dmix_visual_aligning.models.visual_af_diffusion.VisualAlphaFlow_VTrue_mpc4_filmv2_Eaf,train,combined_5-tightened,True,model_free,unfrozen,0.0,0.0,0.0,0.0,0.4845192294854384,206.19230769230768,0.3852915649587939,2.227289053109976,400.0,0.060309702501847195,60.30970250184719,26
8,H8_K2_Meuler_T0.5_Dmix_visual_aligning.models.visual_af_diffusion.VisualAlphaFlow_VTrue_mpc4_filmv2_Eaf,train,combined_5-tightened,True,geo_free,all,0.0,0.0,0.0,0.2,0.8864166696866354,45.43333333333333,0.42522871767895115,0.5187735876689354,400.0,0.04164119678735733,41.64119678735733,30
8,H8_K2_Meuler_T0.5_Dmix_visual_aligning.models.visual_af_diffusion.VisualAlphaFlow_VTrue_mpc4_filmv2_Eaf,train,combined_5-tightened,True,geo_free,unfrozen,0.0,0.0,0.0,0.07692307692307693,0.8689423111768869,52.42307692307692,0.43386580652979484,0.5980519216794234,400.0,0.04804753475464307,48.047534754643074,26
8,H8_K2_Meuler_T0.5_Dmix_visual_aligning.models.visual_af_diffusion.VisualAlphaFlow_VTrue_mpc4_filmv2_Eaf,train,combined_5-tightened,True,bounds_free,all,0.0,0.0,0.0,0.5666666666666667,0.8977500001589457,40.9,0.42210287609275793,0.7054789385447899,400.0,0.05820512469609578,58.20512469609579,30
8,H8_K2_Meuler_T0.5_Dmix_visual_aligning.models.visual_af_diffusion.VisualAlphaFlow_VTrue_mpc4_filmv2_Eaf,train,combined_5-tightened,True,bounds_free,unfrozen,0.0,0.0,0.0,0.5,0.8820192309526297,47.19230769230769,0.43025906623803334,0.8134811726900247,400.0,0.06715975926472591,67.1597592647259,26
8,H8_K2_Meuler_T0.5_Dmix_visual_aligning.models.visual_af_diffusion.VisualAlphaFlow_VTrue_mpc4_filmv2_Eaf,train,combined_5-tightened,True,geo_free-bounds_free,all,0.0,0.0,0.0,0.2,0.8836666703224182,46.53333333333333,0.4477151111820093,0.4838833224028349,400.0,0.03832548364003499,38.325483640034996,30
8,H8_K2_Meuler_T0.5_Dmix_visual_aligning.models.visual_af_diffusion.VisualAlphaFlow_VTrue_mpc4_filmv2_Eaf,train,combined_5-tightened,True,geo_free-bounds_free,unfrozen,0.0,0.0,0.0,0.07692307692307693,0.8657692349874057,53.69230769230769,0.4598116451871696,0.5577939232954612,400.0,0.04422171189234807,44.22171189234807,26
8,H8_K2_Meuler_T0.5_Dmix_visual_aligning.models.visual_af_diffusion.VisualAlphaFlow_VTrue_mpc4_filmv2_Eaf,train,combined_5-tightened,True,geo_free-model_free,all,0.0,0.0,0.0,0.13333333333333333,0.5532499988873799,178.7,0.3831310416502135,1.9308616023510694,400.0,0.03647736614942551,36.47736614942551,30
8,H8_K2_Meuler_T0.5_Dmix_visual_aligning.models.visual_af_diffusion.VisualAlphaFlow_VTrue_mpc4_filmv2_Eaf,train,combined_5-tightened,True,geo_free-model_free,unfrozen,0.0,0.0,0.0,0.0,0.4845192294854384,206.19230769230768,0.38529156495817446,2.227384246312655,400.0,0.04208926863395251,42.08926863395251,26
8,H8_K2_Meuler_T0.5_Dmix_visual_aligning.models.visual_af_diffusion.VisualAlphaFlow_VTrue_mpc4_filmv2_Eaf,train,combined_5-tightened,True,model_free-bounds_free,all,0.0,0.0,0.0,0.13333333333333333,0.5532499988873799,178.7,0.38313104165075035,1.9307791015754143,400.0,0.04715644717216492,47.15644717216492,30
8,H8_K2_Meuler_T0.5_Dmix_visual_aligning.models.visual_af_diffusion.VisualAlphaFlow_VTrue_mpc4_filmv2_Eaf,train,combined_5-tightened,True,model_free-bounds_free,unfrozen,0.0,0.0,0.0,0.0,0.4845192294854384,206.19230769230768,0.3852915649587939,2.227289053109976,400.0,0.05441128519865183,54.411285198651825,26
9,H8_K100_T0.5_Dmix_visual_aligning.models.visual_gaussian_diffusion.VisualGaussianDiffusion_VTrue_mpc4_filmv1_Ediffusion,train,combined_5,False,diffuser,all,0.0,0.0,0.0,0.26666666666666666,0.7165833314259847,113.36666666666666,0.33416198034401606,1.0597587592278919,400.0,1.526639359076818,1526.6393590768178,30
9,H8_K100_T0.5_Dmix_visual_aligning.models.visual_gaussian_diffusion.VisualGaussianDiffusion_VTrue_mpc4_filmv1_Ediffusion,train,combined_5,False,diffuser,unfrozen,0.0,0.0,0.0,0.26666666666666666,0.7165833314259847,113.36666666666666,0.33416198034401606,1.0597587592278919,400.0,1.526639359076818,1526.6393590768178,30
9,H8_K100_T0.5_Dmix_visual_aligning.models.visual_gaussian_diffusion.VisualGaussianDiffusion_VTrue_mpc4_filmv1_Ediffusion,train,combined_5,False,dpcc-r,all,0.0,0.0,0.0,0.3157894736842105,0.8435526315789473,62.578947368421055,0.3030233087319916,0.1264464550726961,400.0,8.515579561559779,8515.579561559778,19
9,H8_K100_T0.5_Dmix_visual_aligning.models.visual_gaussian_diffusion.VisualGaussianDiffusion_VTrue_mpc4_filmv1_Ediffusion,train,combined_5,False,dpcc-r,unfrozen,0.0,0.0,0.0,0.3157894736842105,0.8435526315789473,62.578947368421055,0.3030233087319916,0.1264464550726961,400.0,8.515579561559779,8515.579561559778,19
10,H8_K20_T0.5_Dmix_visual_aligning.models.visual_gaussian_diffusion.VisualGaussianDiffusion_VTrue_mpc4_filmv1_Ediffusion,train,combined_5,False,diffuser,all,0.0,0.0,0.0,0.3,0.657083335518837,137.16666666666666,0.39569795736611835,1.733717143163085,400.0,0.29833341040213907,298.333410402139,30
10,H8_K20_T0.5_Dmix_visual_aligning.models.visual_gaussian_diffusion.VisualGaussianDiffusion_VTrue_mpc4_filmv1_Ediffusion,train,combined_5,False,diffuser,unfrozen,0.0,0.0,0.0,0.3,0.657083335518837,137.16666666666666,0.39569795736611835,1.733717143163085,400.0,0.29833341040213907,298.333410402139,30
10,H8_K20_T0.5_Dmix_visual_aligning.models.visual_gaussian_diffusion.VisualGaussianDiffusion_VTrue_mpc4_filmv1_Ediffusion,train,combined_5,False,dpcc-r,all,0.0,0.06666666666666667,0.0,0.1,0.6749999985098839,130.0,0.3666192248251368,0.5609146181493998,400.0,2.1579368804891903,2157.9368804891906,30
10,H8_K20_T0.5_Dmix_visual_aligning.models.visual_gaussian_diffusion.VisualGaussianDiffusion_VTrue_mpc4_filmv1_Ediffusion,train,combined_5,False,dpcc-r,unfrozen,0.0,0.06666666666666667,0.0,0.1,0.6749999985098839,130.0,0.3666192248251368,0.5609146181493998,400.0,2.1579368804891903,2157.9368804891906,30
10,H8_K20_T0.5_Dmix_visual_aligning.models.visual_gaussian_diffusion.VisualGaussianDiffusion_VTrue_mpc4_filmv1_Ediffusion,train,combined_5,False,dpcc-c,all,0.0,0.03333333333333333,0.0,0.13333333333333333,0.6845000008742015,126.2,0.3839608510408769,0.4922473082939784,400.0,2.1193104134202003,2119.3104134202003,30
10,H8_K20_T0.5_Dmix_visual_aligning.models.visual_gaussian_diffusion.VisualGaussianDiffusion_VTrue_mpc4_filmv1_Ediffusion,train,combined_5,False,dpcc-c,unfrozen,0.0,0.03333333333333333,0.0,0.13333333333333333,0.6845000008742015,126.2,0.3839608510408769,0.4922473082939784,400.0,2.1193104134202003,2119.3104134202003,30
10,H8_K20_T0.5_Dmix_visual_aligning.models.visual_gaussian_diffusion.VisualGaussianDiffusion_VTrue_mpc4_filmv1_Ediffusion,train,combined_5,False,dpcc-t,all,0.0,0.0,0.0,0.1,0.660833332935969,135.66666666666666,0.39595279614947854,0.4605366447319587,400.0,1.820241463124752,1820.241463124752,30
10,H8_K20_T0.5_Dmix_visual_aligning.models.visual_gaussian_diffusion.VisualGaussianDiffusion_VTrue_mpc4_filmv1_Ediffusion,train,combined_5,False,dpcc-t,unfrozen,0.0,0.0,0.0,0.1,0.660833332935969,135.66666666666666,0.39595279614947854,0.4605366447319587,400.0,1.820241463124752,1820.241463124752,30
10,H8_K20_T0.5_Dmix_visual_aligning.models.visual_gaussian_diffusion.VisualGaussianDiffusion_VTrue_mpc4_filmv1_Ediffusion,train,combined_5,False,gradient,all,0.0,0.0,0.0,0.36666666666666664,0.6533333311478297,138.66666666666666,0.4095146298655305,1.0882886695985994,400.0,0.31700391334295275,317.0039133429527,30
10,H8_K20_T0.5_Dmix_visual_aligning.models.visual_gaussian_diffusion.VisualGaussianDiffusion_VTrue_mpc4_filmv1_Ediffusion,train,combined_5,False,gradient,unfrozen,0.0,0.0,0.0,0.36666666666666664,0.6533333311478297,138.66666666666666,0.4095146298655305,1.0882886695985994,400.0,0.31700391334295275,317.0039133429527,30
10,H8_K20_T0.5_Dmix_visual_aligning.models.visual_gaussian_diffusion.VisualGaussianDiffusion_VTrue_mpc4_filmv1_Ediffusion,train,combined_5,False,post_processing,all,0.0,0.0,0.0,0.1111111111111111,0.33416666666666667,266.3333333333333,0.4156958586859133,3.0579807107694696,400.0,0.3790018843279944,379.00188432799445,9
10,H8_K20_T0.5_Dmix_visual_aligning.models.visual_gaussian_diffusion.VisualGaussianDiffusion_VTrue_mpc4_filmv1_Ediffusion,train,combined_5,False,post_processing,unfrozen,0.0,0.0,0.0,0.1111111111111111,0.33416666666666667,266.3333333333333,0.4156958586859133,3.0579807107694696,400.0,0.3790018843279944,379.00188432799445,9
11,H8_K100_Meuler_T0.5_Dmix_visual_aligning.models.visual_fm_diffusion.VisualFlowMatching_VTrue_mpc4_filmv1_Efm,train,combined_5,False,diffuser,all,0.0,0.0,0.0,0.1,0.4108333324392637,235.66666666666666,0.37195409955366876,2.3685390720764796,400.0,1.4259838698307672,1425.9838698307674,30
11,H8_K100_Meuler_T0.5_Dmix_visual_aligning.models.visual_fm_diffusion.VisualFlowMatching_VTrue_mpc4_filmv1_Efm,train,combined_5,False,diffuser,unfrozen,0.0,0.0,0.0,0.1,0.4108333324392637,235.66666666666666,0.37195409955366876,2.3685390720764796,400.0,1.4259838698307672,1425.9838698307674,30
11,H8_K100_Meuler_T0.5_Dmix_visual_aligning.models.visual_fm_diffusion.VisualFlowMatching_VTrue_mpc4_filmv1_Efm,train,combined_5,False,dpcc-r,all,0.0,0.0,0.0,0.13636363636363635,0.6884090909090909,124.63636363636364,0.38908845127576547,0.08166015080310932,400.0,7.700307339646599,7700.3073396466,22
11,H8_K100_Meuler_T0.5_Dmix_visual_aligning.models.visual_fm_diffusion.VisualFlowMatching_VTrue_mpc4_filmv1_Efm,train,combined_5,False,dpcc-r,unfrozen,0.0,0.0,0.0,0.13636363636363635,0.6884090909090909,124.63636363636364,0.38908845127576547,0.08166015080310932,400.0,7.700307339646599,7700.3073396466,22
12,H8_K20_Meuler_T0.2_Dmix_visual_aligning.models.visual_fm_diffusion.VisualFlowMatching_VTrue_mpc4_filmv1_Efm,train,combined_5,False,diffuser,all,0.0,0.0,0.0,0.1,0.5484118312597275,132.6,0.30252077951694534,1.1933139303699136,286.7,0.29496666765779744,294.9666676577975,10
12,H8_K20_Meuler_T0.2_Dmix_visual_aligning.models.visual_fm_diffusion.VisualFlowMatching_VTrue_mpc4_filmv1_Efm,train,combined_5,False,diffuser,unfrozen,0.0,0.0,0.0,0.1,0.5484118312597275,132.6,0.30252077951694534,1.1933139303699136,286.7,0.29496666765779744,294.9666676577975,10
12,H8_K20_Meuler_T0.2_Dmix_visual_aligning.models.visual_fm_diffusion.VisualFlowMatching_VTrue_mpc4_filmv1_Efm,train,combined_5,False,dpcc-r,all,0.0,0.0,0.0,0.0,0.6492500007152557,140.3,0.3839856792907372,0.0816886354237795,400.0,0.4396407427787781,439.6407427787781,10
12,H8_K20_Meuler_T0.2_Dmix_visual_aligning.models.visual_fm_diffusion.VisualFlowMatching_VTrue_mpc4_filmv1_Efm,train,combined_5,False,dpcc-r,unfrozen,0.0,0.0,0.0,0.0,0.6492500007152557,140.3,0.3839856792907372,0.0816886354237795,400.0,0.4396407427787781,439.6407427787781,10
12,H8_K20_Meuler_T0.2_Dmix_visual_aligning.models.visual_fm_diffusion.VisualFlowMatching_VTrue_mpc4_filmv1_Efm,train,combined_5,False,dpcc-c,all,0.0,0.0,0.0,0.0,0.6160000026226043,153.6,0.34784788917831233,0.07346806712448598,400.0,0.48139121347665786,481.39121347665787,10
12,H8_K20_Meuler_T0.2_Dmix_visual_aligning.models.visual_fm_diffusion.VisualFlowMatching_VTrue_mpc4_filmv1_Efm,train,combined_5,False,dpcc-c,unfrozen,0.0,0.0,0.0,0.0,0.6160000026226043,153.6,0.34784788917831233,0.07346806712448598,400.0,0.48139121347665786,481.39121347665787,10
12,H8_K20_Meuler_T0.2_Dmix_visual_aligning.models.visual_fm_diffusion.VisualFlowMatching_VTrue_mpc4_filmv1_Efm,train,combined_5,False,dpcc-t,all,0.0,0.0,0.0,0.0,0.6502500057220459,139.9,0.369957395703367,0.11793628111481666,400.0,0.47167965316772464,471.6796531677246,10
12,H8_K20_Meuler_T0.2_Dmix_visual_aligning.models.visual_fm_diffusion.VisualFlowMatching_VTrue_mpc4_filmv1_Efm,train,combined_5,False,dpcc-t,unfrozen,0.0,0.0,0.0,0.0,0.6502500057220459,139.9,0.369957395703367,0.11793628111481666,400.0,0.47167965316772464,471.6796531677246,10
12,H8_K20_Meuler_T0.2_Dmix_visual_aligning.models.visual_fm_diffusion.VisualFlowMatching_VTrue_mpc4_filmv1_Efm,train,combined_5,False,dpcc-c-dt0p25,all,0.0,0.0,0.0,0.0,0.6697499990463257,132.1,0.40820357601394414,0.23922631032764913,400.0,0.5408324969410896,540.8324969410896,10
12,H8_K20_Meuler_T0.2_Dmix_visual_aligning.models.visual_fm_diffusion.VisualFlowMatching_VTrue_mpc4_filmv1_Efm,train,combined_5,False,dpcc-c-dt0p25,unfrozen,0.0,0.0,0.0,0.0,0.6697499990463257,132.1,0.40820357601394414,0.23922631032764913,400.0,0.5408324969410896,540.8324969410896,10
12,H8_K20_Meuler_T0.2_Dmix_visual_aligning.models.visual_fm_diffusion.VisualFlowMatching_VTrue_mpc4_filmv1_Efm,train,combined_5,False,dpcc-c-dt0p5,all,0.0,0.0,0.0,0.1,0.6812499910593033,127.5,0.3835955302563026,0.22985581159591675,400.0,0.5096717943549156,509.6717943549156,10
12,H8_K20_Meuler_T0.2_Dmix_visual_aligning.models.visual_fm_diffusion.VisualFlowMatching_VTrue_mpc4_filmv1_Efm,train,combined_5,False,dpcc-c-dt0p5,unfrozen,0.0,0.0,0.0,0.1,0.6812499910593033,127.5,0.3835955302563026,0.22985581159591675,400.0,0.5096717943549156,509.6717943549156,10
12,H8_K20_Meuler_T0.2_Dmix_visual_aligning.models.visual_fm_diffusion.VisualFlowMatching_VTrue_mpc4_filmv1_Efm,train,combined_5,False,dpcc-c-dt2p0,all,0.0,0.0,0.0,0.1,0.6977499902248383,120.9,0.3891815912491615,0.08409166280180216,400.0,0.426206134557724,426.206134557724,10
12,H8_K20_Meuler_T0.2_Dmix_visual_aligning.models.visual_fm_diffusion.VisualFlowMatching_VTrue_mpc4_filmv1_Efm,train,combined_5,False,dpcc-c-dt2p0,unfrozen,0.0,0.0,0.0,0.1,0.6977499902248383,120.9,0.3891815912491615,0.08409166280180216,400.0,0.426206134557724,426.206134557724,10
12,H8_K20_Meuler_T0.2_Dmix_visual_aligning.models.visual_fm_diffusion.VisualFlowMatching_VTrue_mpc4_filmv1_Efm,train,combined_5,False,dpcc-c-dt4p0,all,0.0,0.0,0.0,0.2,0.7302500009536743,107.9,0.3925571519880565,0.1527936128899455,400.0,0.37676004314422606,376.7600431442261,10
12,H8_K20_Meuler_T0.2_Dmix_visual_aligning.models.visual_fm_diffusion.VisualFlowMatching_VTrue_mpc4_filmv1_Efm,train,combined_5,False,dpcc-c-dt4p0,unfrozen,0.0,0.0,0.0,0.2,0.7302500009536743,107.9,0.3925571519880565,0.1527936128899455,400.0,0.37676004314422606,376.7600431442261,10
12,H8_K20_Meuler_T0.2_Dmix_visual_aligning.models.visual_fm_diffusion.VisualFlowMatching_VTrue_mpc4_filmv1_Efm,train,combined_5,False,gradient,all,0.0,0.0,0.0,0.1,0.5197849109768867,147.3,0.3726919458344049,1.3516030075028538,273.5,0.301561126325096,301.561126325096,10
12,H8_K20_Meuler_T0.2_Dmix_visual_aligning.models.visual_fm_diffusion.VisualFlowMatching_VTrue_mpc4_filmv1_Efm,train,combined_5,False,gradient,unfrozen,0.0,0.0,0.0,0.1,0.5197849109768867,147.3,0.3726919458344049,1.3516030075028538,273.5,0.301561126325096,301.561126325096,10
12,H8_K20_Meuler_T0.2_Dmix_visual_aligning.models.visual_fm_diffusion.VisualFlowMatching_VTrue_mpc4_filmv1_Efm,train,combined_5,False,post_processing,all,0.0,0.0,0.0,0.0,0.6020000040531158,159.2,0.4033779292948675,0.2613755065947771,400.0,0.33184566390514375,331.84566390514374,10
12,H8_K20_Meuler_T0.2_Dmix_visual_aligning.models.visual_fm_diffusion.VisualFlowMatching_VTrue_mpc4_filmv1_Efm,train,combined_5,False,post_processing,unfrozen,0.0,0.0,0.0,0.0,0.6020000040531158,159.2,0.4033779292948675,0.2613755065947771,400.0,0.33184566390514375,331.84566390514374,10
12,H8_K20_Meuler_T0.2_Dmix_visual_aligning.models.visual_fm_diffusion.VisualFlowMatching_VTrue_mpc4_filmv1_Efm,train,combined_5,False,model_free,all,0.0,0.0,0.0,0.1,0.48803078532218935,147.7,0.3491657680184876,1.1939701864495873,269.8,0.34761184708826903,347.61184708826903,10
12,H8_K20_Meuler_T0.2_Dmix_visual_aligning.models.visual_fm_diffusion.VisualFlowMatching_VTrue_mpc4_filmv1_Efm,train,combined_5,False,model_free,unfrozen,0.0,0.0,0.0,0.1,0.48803078532218935,147.7,0.3491657680184876,1.1939701864495873,269.8,0.34761184708826903,347.61184708826903,10
12,H8_K20_Meuler_T0.2_Dmix_visual_aligning.models.visual_fm_diffusion.VisualFlowMatching_VTrue_mpc4_filmv1_Efm,train,combined_5,False,geo_free,all,0.0,0.0,0.0,0.0,0.4023214474320412,207.1,0.363191680817767,1.4990643795579672,311.5,0.38219900231387466,382.19900231387464,10
12,H8_K20_Meuler_T0.2_Dmix_visual_aligning.models.visual_fm_diffusion.VisualFlowMatching_VTrue_mpc4_filmv1_Efm,train,combined_5,False,geo_free,unfrozen,0.0,0.0,0.0,0.0,0.4023214474320412,207.1,0.363191680817767,1.4990643795579672,311.5,0.38219900231387466,382.19900231387464,10
12,H8_K20_Meuler_T0.2_Dmix_visual_aligning.models.visual_fm_diffusion.VisualFlowMatching_VTrue_mpc4_filmv1_Efm,train,combined_5,False,bounds_free,all,0.0,0.0,0.0,0.0,0.6720000118017196,131.2,0.34906576298351216,0.10232011079788209,400.0,0.6632673206925392,663.2673206925392,10
12,H8_K20_Meuler_T0.2_Dmix_visual_aligning.models.visual_fm_diffusion.VisualFlowMatching_VTrue_mpc4_filmv1_Efm,train,combined_5,False,bounds_free,unfrozen,0.0,0.0,0.0,0.0,0.6720000118017196,131.2,0.34906576298351216,0.10232011079788209,400.0,0.6632673206925392,663.2673206925392,10
12,H8_K20_Meuler_T0.2_Dmix_visual_aligning.models.visual_fm_diffusion.VisualFlowMatching_VTrue_mpc4_filmv1_Efm,train,combined_5,False,geo_free-bounds_free,all,0.0,0.0,0.0,0.1,0.5532643511891365,149.2,0.36352129168483177,1.096203744970262,314.2,0.3585518646550728,358.5518646550728,10
12,H8_K20_Meuler_T0.2_Dmix_visual_aligning.models.visual_fm_diffusion.VisualFlowMatching_VTrue_mpc4_filmv1_Efm,train,combined_5,False,geo_free-bounds_free,unfrozen,0.0,0.0,0.0,0.1,0.5532643511891365,149.2,0.36352129168483177,1.096203744970262,314.2,0.3585518646550728,358.5518646550728,10
12,H8_K20_Meuler_T0.2_Dmix_visual_aligning.models.visual_fm_diffusion.VisualFlowMatching_VTrue_mpc4_filmv1_Efm,train,combined_5,False,geo_free-model_free,all,0.0,0.0,0.0,0.2,0.631323617696762,94.9,0.3490140754379588,0.8488744538277387,276.3,0.3229695736591685,322.96957365916853,10
12,H8_K20_Meuler_T0.2_Dmix_visual_aligning.models.visual_fm_diffusion.VisualFlowMatching_VTrue_mpc4_filmv1_Efm,train,combined_5,False,geo_free-model_free,unfrozen,0.0,0.0,0.0,0.2,0.631323617696762,94.9,0.3490140754379588,0.8488744538277387,276.3,0.3229695736591685,322.96957365916853,10
12,H8_K20_Meuler_T0.2_Dmix_visual_aligning.models.visual_fm_diffusion.VisualFlowMatching_VTrue_mpc4_filmv1_Efm,train,combined_5,False,model_free-bounds_free,all,0.0,0.0,0.0,0.1,0.5336228489875794,133.2,0.35950566267473366,1.2198006698861719,278.2,0.3353278212512536,335.32782125125357,10
12,H8_K20_Meuler_T0.2_Dmix_visual_aligning.models.visual_fm_diffusion.VisualFlowMatching_VTrue_mpc4_filmv1_Efm,train,combined_5,False,model_free-bounds_free,unfrozen,0.0,0.0,0.0,0.1,0.5336228489875794,133.2,0.35950566267473366,1.2198006698861719,278.2,0.3353278212512536,335.32782125125357,10
13,H8_K20_Meuler_T0.5_Dmix_visual_aligning.models.visual_fm_diffusion.VisualFlowMatching_VTrue_mpc4_filmv1_Efm,train,combined_5,False,diffuser,all,0.0,0.0,0.0,0.1,0.4220833346247673,231.16666666666666,0.36351748825740854,2.2924346662436923,400.0,0.29388039670387905,293.88039670387906,30
13,H8_K20_Meuler_T0.5_Dmix_visual_aligning.models.visual_fm_diffusion.VisualFlowMatching_VTrue_mpc4_filmv1_Efm,train,combined_5,False,diffuser,unfrozen,0.0,0.0,0.0,0.1,0.4220833346247673,231.16666666666666,0.36351748825740854,2.2924346662436923,400.0,0.29388039670387905,293.88039670387906,30
13,H8_K20_Meuler_T0.5_Dmix_visual_aligning.models.visual_fm_diffusion.VisualFlowMatching_VTrue_mpc4_filmv1_Efm,train,combined_5,False,dpcc-r,all,0.0,0.0,0.0,0.06666666666666667,0.6559166679779689,137.63333333333333,0.36449529802583813,0.0901709462205569,400.0,1.0729498825867971,1072.949882586797,30
13,H8_K20_Meuler_T0.5_Dmix_visual_aligning.models.visual_fm_diffusion.VisualFlowMatching_VTrue_mpc4_filmv1_Efm,train,combined_5,False,dpcc-r,unfrozen,0.0,0.0,0.0,0.06666666666666667,0.6559166679779689,137.63333333333333,0.36449529802583813,0.0901709462205569,400.0,1.0729498825867971,1072.949882586797,30
13,H8_K20_Meuler_T0.5_Dmix_visual_aligning.models.visual_fm_diffusion.VisualFlowMatching_VTrue_mpc4_filmv1_Efm,train,combined_5,False,dpcc-c,all,0.0,0.0,0.0,0.0,0.6904166668653489,123.83333333333333,0.37905921615305294,0.087097771341602,400.0,1.0990979106227556,1099.0979106227558,30
13,H8_K20_Meuler_T0.5_Dmix_visual_aligning.models.visual_fm_diffusion.VisualFlowMatching_VTrue_mpc4_filmv1_Efm,train,combined_5,False,dpcc-c,unfrozen,0.0,0.0,0.0,0.0,0.6904166668653489,123.83333333333333,0.37905921615305294,0.087097771341602,400.0,1.0990979106227556,1099.0979106227558,30
13,H8_K20_Meuler_T0.5_Dmix_visual_aligning.models.visual_fm_diffusion.VisualFlowMatching_VTrue_mpc4_filmv1_Efm,train,combined_5,False,dpcc-t,all,0.0,0.0,0.0,0.03333333333333333,0.68125,127.5,0.36170526527119873,0.11229480088998874,400.0,1.0659956634640693,1065.9956634640694,30
13,H8_K20_Meuler_T0.5_Dmix_visual_aligning.models.visual_fm_diffusion.VisualFlowMatching_VTrue_mpc4_filmv1_Efm,train,combined_5,False,dpcc-t,unfrozen,0.0,0.0,0.0,0.03333333333333333,0.68125,127.5,0.36170526527119873,0.11229480088998874,400.0,1.0659956634640693,1065.9956634640694,30
13,H8_K20_Meuler_T0.5_Dmix_visual_aligning.models.visual_fm_diffusion.VisualFlowMatching_VTrue_mpc4_filmv1_Efm,train,combined_5,False,gradient,all,0.0,0.0,0.0,0.06666666666666667,0.34625000059604644,261.5,0.3677802058742267,2.535637676715851,400.0,0.30466797534624734,304.6679753462474,30
13,H8_K20_Meuler_T0.5_Dmix_visual_aligning.models.visual_fm_diffusion.VisualFlowMatching_VTrue_mpc4_filmv1_Efm,train,combined_5,False,gradient,unfrozen,0.0,0.0,0.0,0.06666666666666667,0.34625000059604644,261.5,0.3677802058742267,2.535637676715851,400.0,0.30466797534624734,304.6679753462474,30
13,H8_K20_Meuler_T0.5_Dmix_visual_aligning.models.visual_fm_diffusion.VisualFlowMatching_VTrue_mpc4_filmv1_Efm,train,combined_5,False,post_processing,all,0.0,0.0,0.0,0.13333333333333333,0.6804166704416275,127.83333333333333,0.37969613591983425,0.20587937124073505,400.0,0.32316402516762416,323.1640251676242,30
13,H8_K20_Meuler_T0.5_Dmix_visual_aligning.models.visual_fm_diffusion.VisualFlowMatching_VTrue_mpc4_filmv1_Efm,train,combined_5,False,post_processing,unfrozen,0.0,0.0,0.0,0.13333333333333333,0.6804166704416275,127.83333333333333,0.37969613591983425,0.20587937124073505,400.0,0.32316402516762416,323.1640251676242,30
13,H8_K20_Meuler_T0.5_Dmix_visual_aligning.models.visual_fm_diffusion.VisualFlowMatching_VTrue_mpc4_filmv1_Efm,train,combined_5,False,model_free,all,0.0,0.0,0.0,0.1,0.41658333539962766,233.36666666666667,0.3425689469197086,2.3008224699646234,400.0,0.4146305798490842,414.6305798490842,30
13,H8_K20_Meuler_T0.5_Dmix_visual_aligning.models.visual_fm_diffusion.VisualFlowMatching_VTrue_mpc4_filmv1_Efm,train,combined_5,False,model_free,unfrozen,0.0,0.0,0.0,0.1,0.41658333539962766,233.36666666666667,0.3425689469197086,2.3008224699646234,400.0,0.4146305798490842,414.6305798490842,30
13,H8_K20_Meuler_T0.5_Dmix_visual_aligning.models.visual_fm_diffusion.VisualFlowMatching_VTrue_mpc4_filmv1_Efm,train,combined_5,False,geo_free,all,0.0,0.0,0.0,0.13333333333333333,0.38225000103314716,247.1,0.36465142431605524,1.7770633263513447,400.0,0.5165081945856412,516.5081945856413,30
13,H8_K20_Meuler_T0.5_Dmix_visual_aligning.models.visual_fm_diffusion.VisualFlowMatching_VTrue_mpc4_filmv1_Efm,train,combined_5,False,geo_free,unfrozen,0.0,0.0,0.0,0.13333333333333333,0.38225000103314716,247.1,0.36465142431605524,1.7770633263513447,400.0,0.5165081945856412,516.5081945856413,30
13,H8_K20_Meuler_T0.5_Dmix_visual_aligning.models.visual_fm_diffusion.VisualFlowMatching_VTrue_mpc4_filmv1_Efm,train,combined_5,False,bounds_free,all,0.0,0.0,0.0,0.06666666666666667,0.6951666633288066,121.93333333333334,0.3522879279740787,0.0755705556521813,400.0,1.3196472822626433,1319.647282262643,30
13,H8_K20_Meuler_T0.5_Dmix_visual_aligning.models.visual_fm_diffusion.VisualFlowMatching_VTrue_mpc4_filmv1_Efm,train,combined_5,False,bounds_free,unfrozen,0.0,0.0,0.0,0.06666666666666667,0.6951666633288066,121.93333333333334,0.3522879279740787,0.0755705556521813,400.0,1.3196472822626433,1319.647282262643,30
13,H8_K20_Meuler_T0.5_Dmix_visual_aligning.models.visual_fm_diffusion.VisualFlowMatching_VTrue_mpc4_filmv1_Efm,train,combined_5,False,geo_free-bounds_free,all,0.0,0.0,0.0,0.0,0.25275,298.9,0.36394692228146247,1.9150371926447989,400.0,0.4740371078848839,474.0371078848839,10
13,H8_K20_Meuler_T0.5_Dmix_visual_aligning.models.visual_fm_diffusion.VisualFlowMatching_VTrue_mpc4_filmv1_Efm,train,combined_5,False,geo_free-bounds_free,unfrozen,0.0,0.0,0.0,0.0,0.25275,298.9,0.36394692228146247,1.9150371926447989,400.0,0.4740371078848839,474.0371078848839,10
14,H8_K2_Meuler_T0.5_Dmix_visual_aligning.models.visual_mf_diffusion.VisualMeanFlow_VTrue_mpc4_Bdit_Emf,train,combined_5,False,diffuser,all,0.03333333333333333,0.03333333333333333,0.0,0.13333333333333333,0.7054400751988094,117.73333333333333,0.4187393072609448,0.28398367402454217,398.53333333333336,0.03242497500118691,32.424975001186915,30
14,H8_K2_Meuler_T0.5_Dmix_visual_aligning.models.visual_mf_diffusion.VisualMeanFlow_VTrue_mpc4_Bdit_Emf,train,combined_5,False,diffuser,unfrozen,0.03333333333333333,0.03333333333333333,0.0,0.13333333333333333,0.7054400751988094,117.73333333333333,0.4187393072609448,0.28398367402454217,398.53333333333336,0.03242497500118691,32.424975001186915,30
14,H8_K2_Meuler_T0.5_Dmix_visual_aligning.models.visual_mf_diffusion.VisualMeanFlow_VTrue_mpc4_Bdit_Emf,train,combined_5,False,dpcc-r,all,0.0,0.06666666666666667,0.0,0.2,0.8930000027020772,42.8,0.40328963311145033,0.12316795196384192,400.0,0.056660946726799014,56.66094672679901,30
14,H8_K2_Meuler_T0.5_Dmix_visual_aligning.models.visual_mf_diffusion.VisualMeanFlow_VTrue_mpc4_Bdit_Emf,train,combined_5,False,dpcc-r,unfrozen,0.0,0.06666666666666667,0.0,0.2,0.8930000027020772,42.8,0.40328963311145033,0.12316795196384192,400.0,0.056660946726799014,56.66094672679901,30
14,H8_K2_Meuler_T0.5_Dmix_visual_aligning.models.visual_mf_diffusion.VisualMeanFlow_VTrue_mpc4_Bdit_Emf,train,combined_5,False,dpcc-c,all,0.0,0.1,0.0,0.3,0.9195833325386047,32.166666666666664,0.35767987423703546,0.11700500026345254,400.0,0.055961350897947945,55.961350897947945,30
14,H8_K2_Meuler_T0.5_Dmix_visual_aligning.models.visual_mf_diffusion.VisualMeanFlow_VTrue_mpc4_Bdit_Emf,train,combined_5,False,dpcc-c,unfrozen,0.0,0.1,0.0,0.3,0.9195833325386047,32.166666666666664,0.35767987423703546,0.11700500026345254,400.0,0.055961350897947945,55.961350897947945,30
14,H8_K2_Meuler_T0.5_Dmix_visual_aligning.models.visual_mf_diffusion.VisualMeanFlow_VTrue_mpc4_Bdit_Emf,train,combined_5,False,dpcc-t,all,0.0,0.03333333333333333,0.0,0.3,0.9245000024636586,30.2,0.35750143531209405,0.11918661122520764,390.2,0.05624901761948688,56.24901761948687,30
14,H8_K2_Meuler_T0.5_Dmix_visual_aligning.models.visual_mf_diffusion.VisualMeanFlow_VTrue_mpc4_Bdit_Emf,train,combined_5,False,dpcc-t,unfrozen,0.0,0.03333333333333333,0.0,0.3,0.9245000024636586,30.2,0.35750143531209405,0.11918661122520764,390.2,0.05624901761948688,56.24901761948687,30
14,H8_K2_Meuler_T0.5_Dmix_visual_aligning.models.visual_mf_diffusion.VisualMeanFlow_VTrue_mpc4_Bdit_Emf,train,combined_5,False,dpcc-c-dt0p25,all,0.0,0.0,0.0,0.26666666666666666,0.9254166682561239,29.833333333333332,0.37159847110467925,0.16979120646913845,400.0,0.0719466058810552,71.94660588105519,30
14,H8_K2_Meuler_T0.5_Dmix_visual_aligning.models.visual_mf_diffusion.VisualMeanFlow_VTrue_mpc4_Bdit_Emf,train,combined_5,False,dpcc-c-dt0p25,unfrozen,0.0,0.0,0.0,0.26666666666666666,0.9254166682561239,29.833333333333332,0.37159847110467925,0.16979120646913845,400.0,0.0719466058810552,71.94660588105519,30
14,H8_K2_Meuler_T0.5_Dmix_visual_aligning.models.visual_mf_diffusion.VisualMeanFlow_VTrue_mpc4_Bdit_Emf,train,combined_5,False,dpcc-c-dt0p5,all,0.0,0.06666666666666667,0.0,0.16666666666666666,0.9132499953111013,34.7,0.35592325299921584,0.1364430949712793,400.0,0.06412153881788255,64.12153881788254,30
14,H8_K2_Meuler_T0.5_Dmix_visual_aligning.models.visual_mf_diffusion.VisualMeanFlow_VTrue_mpc4_Bdit_Emf,train,combined_5,False,dpcc-c-dt0p5,unfrozen,0.0,0.06666666666666667,0.0,0.16666666666666666,0.9132499953111013,34.7,0.35592325299921584,0.1364430949712793,400.0,0.06412153881788255,64.12153881788254,30
14,H8_K2_Meuler_T0.5_Dmix_visual_aligning.models.visual_mf_diffusion.VisualMeanFlow_VTrue_mpc4_Bdit_Emf,train,combined_5,False,dpcc-c-dt2p0,all,0.0,0.0,0.0,0.13333333333333333,0.8949166675408681,42.03333333333333,0.3799758674798604,0.08089154101908207,400.0,0.055221783300240836,55.22178330024084,30
14,H8_K2_Meuler_T0.5_Dmix_visual_aligning.models.visual_mf_diffusion.VisualMeanFlow_VTrue_mpc4_Bdit_Emf,train,combined_5,False,dpcc-c-dt2p0,unfrozen,0.0,0.0,0.0,0.13333333333333333,0.8949166675408681,42.03333333333333,0.3799758674798604,0.08089154101908207,400.0,0.055221783300240836,55.22178330024084,30
14,H8_K2_Meuler_T0.5_Dmix_visual_aligning.models.visual_mf_diffusion.VisualMeanFlow_VTrue_mpc4_Bdit_Emf,train,combined_5,False,dpcc-c-dt4p0,all,0.0,0.0,0.0,0.23333333333333334,0.9001666665077209,39.93333333333333,0.38636732232927273,0.08865388836711645,400.0,0.05303605568408966,53.03605568408966,30
14,H8_K2_Meuler_T0.5_Dmix_visual_aligning.models.visual_mf_diffusion.VisualMeanFlow_VTrue_mpc4_Bdit_Emf,train,combined_5,False,dpcc-c-dt4p0,unfrozen,0.0,0.0,0.0,0.23333333333333334,0.9001666665077209,39.93333333333333,0.38636732232927273,0.08865388836711645,400.0,0.05303605568408966,53.03605568408966,30
14,H8_K2_Meuler_T0.5_Dmix_visual_aligning.models.visual_mf_diffusion.VisualMeanFlow_VTrue_mpc4_Bdit_Emf,train,combined_5,False,gradient,all,0.06666666666666667,0.13333333333333333,0.03333333333333333,0.16666666666666666,0.7266856362422307,108.86666666666666,0.4567924282710167,0.289659604554375,386.1,0.03467209558646535,34.67209558646535,30
14,H8_K2_Meuler_T0.5_Dmix_visual_aligning.models.visual_mf_diffusion.VisualMeanFlow_VTrue_mpc4_Bdit_Emf,train,combined_5,False,gradient,unfrozen,0.06666666666666667,0.13333333333333333,0.03333333333333333,0.16666666666666666,0.7266856362422307,108.86666666666666,0.4567924282710167,0.289659604554375,386.1,0.03467209558646535,34.67209558646535,30
14,H8_K2_Meuler_T0.5_Dmix_visual_aligning.models.visual_mf_diffusion.VisualMeanFlow_VTrue_mpc4_Bdit_Emf,train,combined_5,False,post_processing,all,0.0,0.06666666666666667,0.0,0.16666666666666666,0.8965000033378601,41.4,0.3925894375845479,0.12067791881660621,400.0,0.05643450796604156,56.434507966041565,30
14,H8_K2_Meuler_T0.5_Dmix_visual_aligning.models.visual_mf_diffusion.VisualMeanFlow_VTrue_mpc4_Bdit_Emf,train,combined_5,False,post_processing,unfrozen,0.0,0.06666666666666667,0.0,0.16666666666666666,0.8965000033378601,41.4,0.3925894375845479,0.12067791881660621,400.0,0.05643450796604156,56.434507966041565,30
14,H8_K2_Meuler_T0.5_Dmix_visual_aligning.models.visual_mf_diffusion.VisualMeanFlow_VTrue_mpc4_Bdit_Emf,train,combined_5,False,model_free,all,0.03333333333333333,0.06666666666666667,0.0,0.06666666666666667,0.7059289624293645,116.03333333333333,0.4434115253271675,0.32119037012259166,390.73333333333335,0.04467925657926362,44.679256579263615,30
14,H8_K2_Meuler_T0.5_Dmix_visual_aligning.models.visual_mf_diffusion.VisualMeanFlow_VTrue_mpc4_Bdit_Emf,train,combined_5,False,model_free,unfrozen,0.03333333333333333,0.06666666666666667,0.0,0.06666666666666667,0.7059289624293645,116.03333333333333,0.4434115253271675,0.32119037012259166,390.73333333333335,0.04467925657926362,44.679256579263615,30
14,H8_K2_Meuler_T0.5_Dmix_visual_aligning.models.visual_mf_diffusion.VisualMeanFlow_VTrue_mpc4_Bdit_Emf,train,combined_5,False,geo_free,all,0.0,0.0,0.0,0.13333333333333333,0.6526666656136513,138.93333333333334,0.4166349238496573,0.1835090052957336,400.0,0.04518148273229599,45.18148273229599,30
14,H8_K2_Meuler_T0.5_Dmix_visual_aligning.models.visual_mf_diffusion.VisualMeanFlow_VTrue_mpc4_Bdit_Emf,train,combined_5,False,geo_free,unfrozen,0.0,0.0,0.0,0.13333333333333333,0.6526666656136513,138.93333333333334,0.4166349238496573,0.1835090052957336,400.0,0.04518148273229599,45.18148273229599,30
14,H8_K2_Meuler_T0.5_Dmix_visual_aligning.models.visual_mf_diffusion.VisualMeanFlow_VTrue_mpc4_Bdit_Emf,train,combined_5,False,bounds_free,all,0.03333333333333333,0.06666666666666667,0.0,0.26666666666666666,0.9203420380751292,31.4,0.32530696107621093,0.12858166160682838,391.1333333333333,0.05016663452938421,50.16663452938421,30
14,H8_K2_Meuler_T0.5_Dmix_visual_aligning.models.visual_mf_diffusion.VisualMeanFlow_VTrue_mpc4_Bdit_Emf,train,combined_5,False,bounds_free,unfrozen,0.03333333333333333,0.06666666666666667,0.0,0.26666666666666666,0.9203420380751292,31.4,0.32530696107621093,0.12858166160682838,391.1333333333333,0.05016663452938421,50.16663452938421,30
14,H8_K2_Meuler_T0.5_Dmix_visual_aligning.models.visual_mf_diffusion.VisualMeanFlow_VTrue_mpc4_Bdit_Emf,train,combined_5,False,geo_free-bounds_free,all,0.03333333333333333,0.06666666666666667,0.0,0.13333333333333333,0.655218067765236,137.0,0.39362561257493933,0.2383466036990285,390.23333333333335,0.043109895861037424,43.10989586103742,30
14,H8_K2_Meuler_T0.5_Dmix_visual_aligning.models.visual_mf_diffusion.VisualMeanFlow_VTrue_mpc4_Bdit_Emf,train,combined_5,False,geo_free-bounds_free,unfrozen,0.03333333333333333,0.06666666666666667,0.0,0.13333333333333333,0.655218067765236,137.0,0.39362561257493933,0.2383466036990285,390.23333333333335,0.043109895861037424,43.10989586103742,30
14,H8_K2_Meuler_T0.5_Dmix_visual_aligning.models.visual_mf_diffusion.VisualMeanFlow_VTrue_mpc4_Bdit_Emf,train,combined_5,False,geo_free-model_free,all,0.03333333333333333,0.03333333333333333,0.0,0.06666666666666667,0.6793456296126048,126.66666666666667,0.45704183004700955,0.3214777703086535,390.73333333333335,0.040072322071575725,40.07232207157573,30
14,H8_K2_Meuler_T0.5_Dmix_visual_aligning.models.visual_mf_diffusion.VisualMeanFlow_VTrue_mpc4_Bdit_Emf,train,combined_5,False,geo_free-model_free,unfrozen,0.03333333333333333,0.03333333333333333,0.0,0.06666666666666667,0.6793456296126048,126.66666666666667,0.45704183004700955,0.3214777703086535,390.73333333333335,0.040072322071575725,40.07232207157573,30
14,H8_K2_Meuler_T0.5_Dmix_visual_aligning.models.visual_mf_diffusion.VisualMeanFlow_VTrue_mpc4_Bdit_Emf,train,combined_5,False,model_free-bounds_free,all,0.03333333333333333,0.06666666666666667,0.0,0.06666666666666667,0.7127622971932094,113.3,0.4459922634417535,0.31969834566116334,390.73333333333335,0.04182870854478064,41.828708544780646,30
14,H8_K2_Meuler_T0.5_Dmix_visual_aligning.models.visual_mf_diffusion.VisualMeanFlow_VTrue_mpc4_Bdit_Emf,train,combined_5,False,model_free-bounds_free,unfrozen,0.03333333333333333,0.06666666666666667,0.0,0.06666666666666667,0.7127622971932094,113.3,0.4459922634417535,0.31969834566116334,390.73333333333335,0.04182870854478064,41.828708544780646,30
14,H8_K2_Meuler_T0.5_Dmix_visual_aligning.models.visual_mf_diffusion.VisualMeanFlow_VTrue_mpc4_Bdit_Emf,train,combined_5-tightened,True,diffuser,all,0.0,0.03333333333333333,0.0,0.23333333333333334,0.6762499953309695,129.5,0.447960455946873,0.3172904300192992,400.0,0.027857736766338348,27.85773676633835,30
14,H8_K2_Meuler_T0.5_Dmix_visual_aligning.models.visual_mf_diffusion.VisualMeanFlow_VTrue_mpc4_Bdit_Emf,train,combined_5-tightened,True,diffuser,unfrozen,0.0,0.038461538461538464,0.0,0.11538461538461539,0.6264423023049648,149.42307692307693,0.46009473530047384,0.36557135516061234,400.0,0.032143542422698096,32.1435424226981,26
14,H8_K2_Meuler_T0.5_Dmix_visual_aligning.models.visual_mf_diffusion.VisualMeanFlow_VTrue_mpc4_Bdit_Emf,train,combined_5-tightened,True,dpcc-r,all,0.0,0.0,0.0,0.8,0.9889999985694885,4.4,0.3387056282048179,0.20180608294904231,400.0,0.05697192180156708,56.97192180156708,30
14,H8_K2_Meuler_T0.5_Dmix_visual_aligning.models.visual_mf_diffusion.VisualMeanFlow_VTrue_mpc4_Bdit_Emf,train,combined_5-tightened,True,dpcc-r,unfrozen,0.0,0.0,0.0,0.7692307692307693,0.9873076906571021,5.076923076923077,0.33403147252117954,0.23232018546416208,400.0,0.06573683284796202,65.736832847962,26
14,H8_K2_Meuler_T0.5_Dmix_visual_aligning.models.visual_mf_diffusion.VisualMeanFlow_VTrue_mpc4_Bdit_Emf,train,combined_5-tightened,True,dpcc-c,all,0.0,0.0,0.0,0.8333333333333334,0.9894166688124338,4.233333333333333,0.3683760848615668,0.0974472600966692,400.0,0.05427604275941848,54.27604275941849,30
14,H8_K2_Meuler_T0.5_Dmix_visual_aligning.models.visual_mf_diffusion.VisualMeanFlow_VTrue_mpc4_Bdit_Emf,train,combined_5-tightened,True,dpcc-c,unfrozen,0.0,0.0,0.0,0.8076923076923077,0.9877884640143468,4.884615384615385,0.36826661481742823,0.11190615909603926,400.0,0.0626262031839444,62.62620318394441,26
14,H8_K2_Meuler_T0.5_Dmix_visual_aligning.models.visual_mf_diffusion.VisualMeanFlow_VTrue_mpc4_Bdit_Emf,train,combined_5-tightened,True,dpcc-t,all,0.03333333333333333,0.06666666666666667,0.03333333333333333,0.8,0.988916665315628,4.433333333333334,0.34503176751151216,0.11333473299940428,392.73333333333335,0.050067578336694736,50.06757833669474,30
14,H8_K2_Meuler_T0.5_Dmix_visual_aligning.models.visual_mf_diffusion.VisualMeanFlow_VTrue_mpc4_Bdit_Emf,train,combined_5-tightened,True,dpcc-t,unfrozen,0.038461538461538464,0.07692307692307693,0.038461538461538464,0.7692307692307693,0.9872115369026477,5.115384615384615,0.34133086402890367,0.13023785859919512,391.61538461538464,0.05777028269618623,57.770282696186236,26
14,H8_K2_Meuler_T0.5_Dmix_visual_aligning.models.visual_mf_diffusion.VisualMeanFlow_VTrue_mpc4_Bdit_Emf,train,combined_5-tightened,True,dpcc-c-dt0p25,all,0.0,0.03333333333333333,0.0,0.6333333333333333,0.9722500026226044,11.1,0.3546870005629153,0.17542324513196944,400.0,0.0746736080845197,74.6736080845197,30
14,H8_K2_Meuler_T0.5_Dmix_visual_aligning.models.visual_mf_diffusion.VisualMeanFlow_VTrue_mpc4_Bdit_Emf,train,combined_5-tightened,True,dpcc-c-dt0p25,unfrozen,0.0,0.038461538461538464,0.0,0.5769230769230769,0.9679807722568512,12.807692307692308,0.3524715175497535,0.2018784495213857,400.0,0.08616185548213812,86.16185548213812,26
14,H8_K2_Meuler_T0.5_Dmix_visual_aligning.models.visual_mf_diffusion.VisualMeanFlow_VTrue_mpc4_Bdit_Emf,train,combined_5-tightened,True,dpcc-c-dt0p5,all,0.0,0.03333333333333333,0.0,0.6666666666666666,0.9705000023047129,11.8,0.3895600735047632,0.18961238140861195,400.0,0.06450104115406673,64.50104115406673,30
14,H8_K2_Meuler_T0.5_Dmix_visual_aligning.models.visual_mf_diffusion.VisualMeanFlow_VTrue_mpc4_Bdit_Emf,train,combined_5-tightened,True,dpcc-c-dt0p5,unfrozen,0.0,0.038461538461538464,0.0,0.6153846153846154,0.9659615411208227,13.615384615384615,0.392709678636501,0.21825052984058857,400.0,0.07442427825469237,74.42427825469237,26
14,H8_K2_Meuler_T0.5_Dmix_visual_aligning.models.visual_mf_diffusion.VisualMeanFlow_VTrue_mpc4_Bdit_Emf,train,combined_5-tightened,True,dpcc-c-dt2p0,all,0.0,0.0,0.0,0.7,0.9842500011126201,6.3,0.37565662758586643,0.1295755660161376,400.0,0.04901617648204168,49.01617648204168,30
14,H8_K2_Meuler_T0.5_Dmix_visual_aligning.models.visual_mf_diffusion.VisualMeanFlow_VTrue_mpc4_Bdit_Emf,train,combined_5-tightened,True,dpcc-c-dt2p0,unfrozen,0.0,0.0,0.0,0.6538461538461539,0.9818269243607154,7.269230769230769,0.376667241037774,0.1489772813108105,400.0,0.05655712671004809,56.55712671004809,26
14,H8_K2_Meuler_T0.5_Dmix_visual_aligning.models.visual_mf_diffusion.VisualMeanFlow_VTrue_mpc4_Bdit_Emf,train,combined_5-tightened,True,dpcc-c-dt4p0,all,0.0,0.0,0.0,0.9333333333333333,0.9970833321412405,1.1666666666666667,0.38640312441497665,0.05223269363244375,400.0,0.04607617686192194,46.076176861921944,30
14,H8_K2_Meuler_T0.5_Dmix_visual_aligning.models.visual_mf_diffusion.VisualMeanFlow_VTrue_mpc4_Bdit_Emf,train,combined_5-tightened,True,dpcc-c-dt4p0,unfrozen,0.0,0.0,0.0,0.9230769230769231,0.9966346140091236,1.3461538461538463,0.3890670450713627,0.05973550548347143,400.0,0.05316481945606378,53.16481945606378,26
14,H8_K2_Meuler_T0.5_Dmix_visual_aligning.models.visual_mf_diffusion.VisualMeanFlow_VTrue_mpc4_Bdit_Emf,train,combined_5-tightened,True,gradient,all,0.03333333333333333,0.03333333333333333,0.0,0.26666666666666666,0.7324559609095256,105.96666666666667,0.4103153253136055,0.2703397021939357,390.76666666666665,0.029984205201389343,29.984205201389344,30
14,H8_K2_Meuler_T0.5_Dmix_visual_aligning.models.visual_mf_diffusion.VisualMeanFlow_VTrue_mpc4_Bdit_Emf,train,combined_5-tightened,True,gradient,unfrozen,0.038461538461538464,0.038461538461538464,0.0,0.15384615384615385,0.691295339510991,122.26923076923077,0.41665804610824214,0.3113974384390391,389.34615384615387,0.034597159847756936,34.597159847756934,26
14,H8_K2_Meuler_T0.5_Dmix_visual_aligning.models.visual_mf_diffusion.VisualMeanFlow_VTrue_mpc4_Bdit_Emf,train,combined_5-tightened,True,post_processing,all,0.0,0.0,0.0,0.7666666666666667,0.9884999990463257,4.6,0.348248689787615,0.20049499409894148,400.0,0.05692387040456136,56.92387040456136,30
14,H8_K2_Meuler_T0.5_Dmix_visual_aligning.models.visual_mf_diffusion.VisualMeanFlow_VTrue_mpc4_Bdit_Emf,train,combined_5-tightened,True,post_processing,unfrozen,0.0,0.0,0.0,0.7307692307692307,0.9867307681303757,5.3076923076923075,0.34504269742440685,0.23080739063712266,400.0,0.06568138892834002,65.68138892834003,26
14,H8_K2_Meuler_T0.5_Dmix_visual_aligning.models.visual_mf_diffusion.VisualMeanFlow_VTrue_mpc4_Bdit_Emf,train,combined_5-tightened,True,model_free,all,0.0,0.0,0.0,0.26666666666666666,0.6888333315650622,124.46666666666667,0.47487505527405494,0.2722772686431805,400.0,0.04068076227108638,40.68076227108637,30
14,H8_K2_Meuler_T0.5_Dmix_visual_aligning.models.visual_mf_diffusion.VisualMeanFlow_VTrue_mpc4_Bdit_Emf,train,combined_5-tightened,True,model_free,unfrozen,0.0,0.0,0.0,0.15384615384615385,0.6409615364212257,143.6153846153846,0.49115004221645303,0.31363309203432155,400.0,0.04693934108202274,46.93934108202274,26
14,H8_K2_Meuler_T0.5_Dmix_visual_aligning.models.visual_mf_diffusion.VisualMeanFlow_VTrue_mpc4_Bdit_Emf,train,combined_5-tightened,True,geo_free,all,0.0,0.0,0.0,0.2,0.5916666676600774,163.33333333333334,0.40213729074576476,0.27139888759702446,400.0,0.0391296089887619,39.1296089887619,30
14,H8_K2_Meuler_T0.5_Dmix_visual_aligning.models.visual_mf_diffusion.VisualMeanFlow_VTrue_mpc4_Bdit_Emf,train,combined_5-tightened,True,geo_free,unfrozen,0.0,0.0,0.0,0.07692307692307693,0.5288461549923971,188.46153846153845,0.4072218523761182,0.312619575442603,400.0,0.04514954883318681,45.14954883318681,26
14,H8_K2_Meuler_T0.5_Dmix_visual_aligning.models.visual_mf_diffusion.VisualMeanFlow_VTrue_mpc4_Bdit_Emf,train,combined_5-tightened,True,bounds_free,all,0.03333333333333333,0.06666666666666667,0.03333333333333333,0.8,0.991916666428248,3.2333333333333334,0.3391770452443192,0.14917159751057624,390.96666666666664,0.044954273419632776,44.95427341963277,30
14,H8_K2_Meuler_T0.5_Dmix_visual_aligning.models.visual_mf_diffusion.VisualMeanFlow_VTrue_mpc4_Bdit_Emf,train,combined_5-tightened,True,bounds_free,unfrozen,0.038461538461538464,0.07692307692307693,0.038461538461538464,0.7692307692307693,0.9906730766479785,3.730769230769231,0.3345754152590657,0.17158808688131663,389.5769230769231,0.051870315484191666,51.870315484191664,26
14,H8_K2_Meuler_T0.5_Dmix_visual_aligning.models.visual_mf_diffusion.VisualMeanFlow_VTrue_mpc4_Bdit_Emf,train,combined_5-tightened,True,geo_free-bounds_free,all,0.0,0.0,0.0,0.23333333333333334,0.6609166661898295,135.63333333333333,0.3842523593487602,0.22897579527149597,400.0,0.037333662033081055,37.333662033081055,30
14,H8_K2_Meuler_T0.5_Dmix_visual_aligning.models.visual_mf_diffusion.VisualMeanFlow_VTrue_mpc4_Bdit_Emf,train,combined_5-tightened,True,geo_free-bounds_free,unfrozen,0.0,0.0,0.0,0.11538461538461539,0.6087499994498032,156.5,0.3865853930718821,0.2636698535285317,400.0,0.04307730234586275,43.077302345862755,26
14,H8_K2_Meuler_T0.5_Dmix_visual_aligning.models.visual_mf_diffusion.VisualMeanFlow_VTrue_mpc4_Bdit_Emf,train,combined_5-tightened,True,geo_free-model_free,all,0.0,0.0,0.0,0.26666666666666666,0.6792499974370003,128.3,0.47636125762006526,0.2723792857180039,400.0,0.03449264585971833,34.49264585971832,30
14,H8_K2_Meuler_T0.5_Dmix_visual_aligning.models.visual_mf_diffusion.VisualMeanFlow_VTrue_mpc4_Bdit_Emf,train,combined_5-tightened,True,geo_free-model_free,unfrozen,0.0,0.0,0.0,0.15384615384615385,0.6299038431965388,148.03846153846155,0.49286489107723414,0.3137508040437332,400.0,0.03979920676121345,39.79920676121345,26
14,H8_K2_Meuler_T0.5_Dmix_visual_aligning.models.visual_mf_diffusion.VisualMeanFlow_VTrue_mpc4_Bdit_Emf,train,combined_5-tightened,True,model_free-bounds_free,all,0.0,0.0,0.0,0.23333333333333334,0.6781666651368141,128.73333333333332,0.46499164402480075,0.29171166631082696,400.0,0.03831533640623093,38.31533640623093,30
14,H8_K2_Meuler_T0.5_Dmix_visual_aligning.models.visual_mf_diffusion.VisualMeanFlow_VTrue_mpc4_Bdit_Emf,train,combined_5-tightened,True,model_free-bounds_free,unfrozen,0.0,0.0,0.0,0.11538461538461539,0.6286538443886317,148.53846153846155,0.4797461061596213,0.336057397035452,400.0,0.04421000354565107,44.21000354565107,26
15,H8_K2_Meuler_T0.5_Dmix_visual_aligning.models.visual_mf_diffusion.VisualMeanFlow_VTrue_mpc4_Bmf_dit_Emf,train,combined_5,False,diffuser,all,0.0,0.1,0.0,0.3,0.8189494967460632,39.7,0.38380336301270385,0.22386422231793404,237.5,0.026053116836405953,26.053116836405955,10
15,H8_K2_Meuler_T0.5_Dmix_visual_aligning.models.visual_mf_diffusion.VisualMeanFlow_VTrue_mpc4_Bmf_dit_Emf,train,combined_5,False,diffuser,unfrozen,0.0,0.1,0.0,0.3,0.8189494967460632,39.7,0.38380336301270385,0.22386422231793404,237.5,0.026053116836405953,26.053116836405955,10
15,H8_K2_Meuler_T0.5_Dmix_visual_aligning.models.visual_mf_diffusion.VisualMeanFlow_VTrue_mpc4_Bmf_dit_Emf,train,combined_5,False,dpcc-r,all,0.0,0.0,0.0,0.1,0.9252761125564575,28.5,0.4156815876507446,0.14364246428012847,342.6,0.07141730963370232,71.41730963370233,10
15,H8_K2_Meuler_T0.5_Dmix_visual_aligning.models.visual_mf_diffusion.VisualMeanFlow_VTrue_mpc4_Bmf_dit_Emf,train,combined_5,False,dpcc-r,unfrozen,0.0,0.0,0.0,0.1,0.9252761125564575,28.5,0.4156815876507446,0.14364246428012847,342.6,0.07141730963370232,71.41730963370233,10
15,H8_K2_Meuler_T0.5_Dmix_visual_aligning.models.visual_mf_diffusion.VisualMeanFlow_VTrue_mpc4_Bmf_dit_Emf,train,combined_5,False,dpcc-c,all,0.0,0.0,0.0,0.2,0.8549999952316284,58.0,0.5086533107103511,0.1814824104309082,342.0,0.06147434737812927,61.474347378129266,10
15,H8_K2_Meuler_T0.5_Dmix_visual_aligning.models.visual_mf_diffusion.VisualMeanFlow_VTrue_mpc4_Bmf_dit_Emf,train,combined_5,False,dpcc-c,unfrozen,0.0,0.0,0.0,0.2,0.8549999952316284,58.0,0.5086533107103511,0.1814824104309082,342.0,0.06147434737812927,61.474347378129266,10
15,H8_K2_Meuler_T0.5_Dmix_visual_aligning.models.visual_mf_diffusion.VisualMeanFlow_VTrue_mpc4_Bmf_dit_Emf,train,combined_5,False,dpcc-t,all,0.0,0.0,0.0,0.4,0.9201136350631713,26.1,0.43213938105855887,0.12722038980573416,347.5,0.08366259784357888,83.66259784357888,10
15,H8_K2_Meuler_T0.5_Dmix_visual_aligning.models.visual_mf_diffusion.VisualMeanFlow_VTrue_mpc4_Bmf_dit_Emf,train,combined_5,False,dpcc-t,unfrozen,0.0,0.0,0.0,0.4,0.9201136350631713,26.1,0.43213938105855887,0.12722038980573416,347.5,0.08366259784357888,83.66259784357888,10
15,H8_K2_Meuler_T0.5_Dmix_visual_aligning.models.visual_mf_diffusion.VisualMeanFlow_VTrue_mpc4_Bmf_dit_Emf,train,combined_5,False,dpcc-c-dt0p25,all,0.0,0.0,0.0,0.4,0.9262876391410828,23.1,0.4948487998625895,0.16467817984521388,315.2,0.07886408271472864,78.86408271472865,10
15,H8_K2_Meuler_T0.5_Dmix_visual_aligning.models.visual_mf_diffusion.VisualMeanFlow_VTrue_mpc4_Bmf_dit_Emf,train,combined_5,False,dpcc-c-dt0p25,unfrozen,0.0,0.0,0.0,0.4,0.9262876391410828,23.1,0.4948487998625895,0.16467817984521388,315.2,0.07886408271472864,78.86408271472865,10
15,H8_K2_Meuler_T0.5_Dmix_visual_aligning.models.visual_mf_diffusion.VisualMeanFlow_VTrue_mpc4_Bmf_dit_Emf,train,combined_5,False,dpcc-c-dt0p5,all,0.0,0.0,0.0,0.4,0.9104878067970276,33.4,0.4312805274805875,0.21330905333161354,266.2,0.10982733466699042,109.82733466699042,10
15,H8_K2_Meuler_T0.5_Dmix_visual_aligning.models.visual_mf_diffusion.VisualMeanFlow_VTrue_mpc4_Bmf_dit_Emf,train,combined_5,False,dpcc-c-dt0p5,unfrozen,0.0,0.0,0.0,0.4,0.9104878067970276,33.4,0.4312805274805875,0.21330905333161354,266.2,0.10982733466699042,109.82733466699042,10
15,H8_K2_Meuler_T0.5_Dmix_visual_aligning.models.visual_mf_diffusion.VisualMeanFlow_VTrue_mpc4_Bmf_dit_Emf,train,combined_5,False,dpcc-c-dt2p0,all,0.0,0.0,0.0,0.1,0.7932500004768371,82.7,0.4032838008273596,0.11562809254974127,400.0,0.04095372998714447,40.95372998714447,10
15,H8_K2_Meuler_T0.5_Dmix_visual_aligning.models.visual_mf_diffusion.VisualMeanFlow_VTrue_mpc4_Bmf_dit_Emf,train,combined_5,False,dpcc-c-dt2p0,unfrozen,0.0,0.0,0.0,0.1,0.7932500004768371,82.7,0.4032838008273596,0.11562809254974127,400.0,0.04095372998714447,40.95372998714447,10
15,H8_K2_Meuler_T0.5_Dmix_visual_aligning.models.visual_mf_diffusion.VisualMeanFlow_VTrue_mpc4_Bmf_dit_Emf,train,combined_5,False,dpcc-c-dt4p0,all,0.0,0.0,0.0,0.0,0.7619999945163727,95.2,0.3891815902137865,0.10143620036542415,400.0,0.04141636753082275,41.416367530822754,10
15,H8_K2_Meuler_T0.5_Dmix_visual_aligning.models.visual_mf_diffusion.VisualMeanFlow_VTrue_mpc4_Bmf_dit_Emf,train,combined_5,False,dpcc-c-dt4p0,unfrozen,0.0,0.0,0.0,0.0,0.7619999945163727,95.2,0.3891815902137865,0.10143620036542415,400.0,0.04141636753082275,41.416367530822754,10
15,H8_K2_Meuler_T0.5_Dmix_visual_aligning.models.visual_mf_diffusion.VisualMeanFlow_VTrue_mpc4_Bmf_dit_Emf,train,combined_5,False,gradient,all,0.0,0.1,0.0,0.2,0.825020182132721,40.9,0.4037921163596271,0.1980753280222416,272.5,0.02664859694380193,26.64859694380193,10
15,H8_K2_Meuler_T0.5_Dmix_visual_aligning.models.visual_mf_diffusion.VisualMeanFlow_VTrue_mpc4_Bmf_dit_Emf,train,combined_5,False,gradient,unfrozen,0.0,0.1,0.0,0.2,0.825020182132721,40.9,0.4037921163596271,0.1980753280222416,272.5,0.02664859694380193,26.64859694380193,10
15,H8_K2_Meuler_T0.5_Dmix_visual_aligning.models.visual_mf_diffusion.VisualMeanFlow_VTrue_mpc4_Bmf_dit_Emf,train,combined_5,False,post_processing,all,0.0,0.0,0.0,0.1,0.9209393858909607,30.0,0.37739384074710997,0.14590719453990458,342.4,0.07482249001345773,74.82249001345772,10
15,H8_K2_Meuler_T0.5_Dmix_visual_aligning.models.visual_mf_diffusion.VisualMeanFlow_VTrue_mpc4_Bmf_dit_Emf,train,combined_5,False,post_processing,unfrozen,0.0,0.0,0.0,0.1,0.9209393858909607,30.0,0.37739384074710997,0.14590719453990458,342.4,0.07482249001345773,74.82249001345772,10
15,H8_K2_Meuler_T0.5_Dmix_visual_aligning.models.visual_mf_diffusion.VisualMeanFlow_VTrue_mpc4_Bmf_dit_Emf,train,combined_5,False,model_free,all,0.0,0.1,0.0,0.4,0.868390029668808,39.4,0.44353077907525346,0.18278470262885094,284.0,0.036304663896226955,36.304663896226955,10
15,H8_K2_Meuler_T0.5_Dmix_visual_aligning.models.visual_mf_diffusion.VisualMeanFlow_VTrue_mpc4_Bmf_dit_Emf,train,combined_5,False,model_free,unfrozen,0.0,0.1,0.0,0.4,0.868390029668808,39.4,0.44353077907525346,0.18278470262885094,284.0,0.036304663896226955,36.304663896226955,10
15,H8_K2_Meuler_T0.5_Dmix_visual_aligning.models.visual_mf_diffusion.VisualMeanFlow_VTrue_mpc4_Bmf_dit_Emf,train,combined_5,False,geo_free,all,0.0,0.0,0.0,0.2,0.7713499665260315,67.1,0.5214414509319785,0.21797787323594092,283.9,0.03765488821831314,37.65488821831314,10
15,H8_K2_Meuler_T0.5_Dmix_visual_aligning.models.visual_mf_diffusion.VisualMeanFlow_VTrue_mpc4_Bmf_dit_Emf,train,combined_5,False,geo_free,unfrozen,0.0,0.0,0.0,0.2,0.7713499665260315,67.1,0.5214414509319785,0.21797787323594092,283.9,0.03765488821831314,37.65488821831314,10
15,H8_K2_Meuler_T0.5_Dmix_visual_aligning.models.visual_mf_diffusion.VisualMeanFlow_VTrue_mpc4_Bmf_dit_Emf,train,combined_5,False,bounds_free,all,0.0,0.0,0.0,0.4,0.9531666755676269,16.4,0.40714232973663905,0.136311748996377,314.1,0.042236876753614615,42.23687675361462,10
15,H8_K2_Meuler_T0.5_Dmix_visual_aligning.models.visual_mf_diffusion.VisualMeanFlow_VTrue_mpc4_Bmf_dit_Emf,train,combined_5,False,bounds_free,unfrozen,0.0,0.0,0.0,0.4,0.9531666755676269,16.4,0.40714232973663905,0.136311748996377,314.1,0.042236876753614615,42.23687675361462,10
15,H8_K2_Meuler_T0.5_Dmix_visual_aligning.models.visual_mf_diffusion.VisualMeanFlow_VTrue_mpc4_Bmf_dit_Emf,train,combined_5,False,geo_free-bounds_free,all,0.1,0.2,0.0,0.3,0.835888209939003,56.4,0.4093199727774464,0.16019395794719457,359.7,0.035532434129685875,35.532434129685875,10
15,H8_K2_Meuler_T0.5_Dmix_visual_aligning.models.visual_mf_diffusion.VisualMeanFlow_VTrue_mpc4_Bmf_dit_Emf,train,combined_5,False,geo_free-bounds_free,unfrozen,0.1,0.2,0.0,0.3,0.835888209939003,56.4,0.4093199727774464,0.16019395794719457,359.7,0.035532434129685875,35.532434129685875,10
15,H8_K2_Meuler_T0.5_Dmix_visual_aligning.models.visual_mf_diffusion.VisualMeanFlow_VTrue_mpc4_Bmf_dit_Emf,train,combined_5,False,geo_free-model_free,all,0.0,0.1,0.0,0.4,0.8652909934520722,39.5,0.45140617786893317,0.2016480751335621,275.3,0.03182090888296892,31.820908882968922,10
15,H8_K2_Meuler_T0.5_Dmix_visual_aligning.models.visual_mf_diffusion.VisualMeanFlow_VTrue_mpc4_Bmf_dit_Emf,train,combined_5,False,geo_free-model_free,unfrozen,0.0,0.1,0.0,0.4,0.8652909934520722,39.5,0.45140617786893317,0.2016480751335621,275.3,0.03182090888296892,31.820908882968922,10
15,H8_K2_Meuler_T0.5_Dmix_visual_aligning.models.visual_mf_diffusion.VisualMeanFlow_VTrue_mpc4_Bmf_dit_Emf,train,combined_5,False,model_free-bounds_free,all,0.0,0.1,0.0,0.4,0.8261400282382965,56.3,0.46130585957448356,0.18113696053624154,284.0,0.033629468609144016,33.62946860914401,10
15,H8_K2_Meuler_T0.5_Dmix_visual_aligning.models.visual_mf_diffusion.VisualMeanFlow_VTrue_mpc4_Bmf_dit_Emf,train,combined_5,False,model_free-bounds_free,unfrozen,0.0,0.1,0.0,0.4,0.8261400282382965,56.3,0.46130585957448356,0.18113696053624154,284.0,0.033629468609144016,33.62946860914401,10
15,H8_K2_Meuler_T0.5_Dmix_visual_aligning.models.visual_mf_diffusion.VisualMeanFlow_VTrue_mpc4_Bmf_dit_Emf,train,combined_5-tightened,True,diffuser,all,0.0,0.1,0.0,0.4,0.8479430496692657,32.5,0.37018549932938855,0.19671704405918716,259.0,0.022018469998637637,22.018469998637634,10
15,H8_K2_Meuler_T0.5_Dmix_visual_aligning.models.visual_mf_diffusion.VisualMeanFlow_VTrue_mpc4_Bmf_dit_Emf,train,combined_5-tightened,True,diffuser,unfrozen,0.0,0.1111111111111111,0.0,0.3333333333333333,0.8310478329658508,36.111111111111114,0.3536588848170085,0.2181895582212342,243.33333333333334,0.024464966665152927,24.46496666515293,9
15,H8_K2_Meuler_T0.5_Dmix_visual_aligning.models.visual_mf_diffusion.VisualMeanFlow_VTrue_mpc4_Bmf_dit_Emf,train,combined_5-tightened,True,dpcc-r,all,0.0,0.0,0.0,1.0,1.0,0.0,0.3877472234007555,0.13715603547170757,321.6,0.04717278553696421,47.17278553696421,10
15,H8_K2_Meuler_T0.5_Dmix_visual_aligning.models.visual_mf_diffusion.VisualMeanFlow_VTrue_mpc4_Bmf_dit_Emf,train,combined_5-tightened,True,dpcc-r,unfrozen,0.0,0.0,0.0,1.0,1.0,0.0,0.37317191156297175,0.15201065979070133,312.8888888888889,0.05241420615218246,52.41420615218246,9
15,H8_K2_Meuler_T0.5_Dmix_visual_aligning.models.visual_mf_diffusion.VisualMeanFlow_VTrue_mpc4_Bmf_dit_Emf,train,combined_5-tightened,True,dpcc-c,all,0.0,0.0,0.0,0.9,0.9957499980926514,1.7,0.4804025029096447,0.1556066361255944,296.8,0.07533273224161177,75.33273224161178,10
15,H8_K2_Meuler_T0.5_Dmix_visual_aligning.models.visual_mf_diffusion.VisualMeanFlow_VTrue_mpc4_Bmf_dit_Emf,train,combined_5-tightened,True,dpcc-c,unfrozen,0.0,0.0,0.0,0.8888888888888888,0.9952777756585015,1.8888888888888888,0.4761222221284043,0.17251132718390888,285.3333333333333,0.08370303582401309,83.70303582401309,9
15,H8_K2_Meuler_T0.5_Dmix_visual_aligning.models.visual_mf_diffusion.VisualMeanFlow_VTrue_mpc4_Bmf_dit_Emf,train,combined_5-tightened,True,dpcc-t,all,0.0,0.0,0.0,1.0,1.0,0.0,0.4225056626653248,0.12048688633367419,339.8,0.04150530076026916,41.505300760269165,10
15,H8_K2_Meuler_T0.5_Dmix_visual_aligning.models.visual_mf_diffusion.VisualMeanFlow_VTrue_mpc4_Bmf_dit_Emf,train,combined_5-tightened,True,dpcc-t,unfrozen,0.0,0.0,0.0,1.0,1.0,0.0,0.4117923996347154,0.13348938297066423,333.1111111111111,0.046117000844743516,46.117000844743515,9
15,H8_K2_Meuler_T0.5_Dmix_visual_aligning.models.visual_mf_diffusion.VisualMeanFlow_VTrue_mpc4_Bmf_dit_Emf,train,combined_5-tightened,True,dpcc-c-dt0p25,all,0.0,0.1,0.0,0.8,0.9796829283237457,7.0,0.3876298376456814,0.14551860699430108,326.6,0.05199971522694432,51.99971522694432,10
15,H8_K2_Meuler_T0.5_Dmix_visual_aligning.models.visual_mf_diffusion.VisualMeanFlow_VTrue_mpc4_Bmf_dit_Emf,train,combined_5-tightened,True,dpcc-c-dt0p25,unfrozen,0.0,0.1111111111111111,0.0,0.7777777777777778,0.9774254759152731,7.777777777777778,0.37304148294622275,0.16130240592691633,318.44444444444446,0.05777746136327147,57.77746136327146,9
15,H8_K2_Meuler_T0.5_Dmix_visual_aligning.models.visual_mf_diffusion.VisualMeanFlow_VTrue_mpc4_Bmf_dit_Emf,train,combined_5-tightened,True,dpcc-c-dt0p5,all,0.0,0.0,0.0,0.9,0.9920000016689301,1.0,0.4272359500531066,0.15340476492419838,278.8,0.10072025317138902,100.720253171389,10
15,H8_K2_Meuler_T0.5_Dmix_visual_aligning.models.visual_mf_diffusion.VisualMeanFlow_VTrue_mpc4_Bmf_dit_Emf,train,combined_5-tightened,True,dpcc-c-dt0p5,unfrozen,0.0,0.0,0.0,0.8888888888888888,0.9911111129654778,1.1111111111111112,0.41704827451002857,0.17006480362680224,265.3333333333333,0.11191139241265446,111.91139241265445,9
15,H8_K2_Meuler_T0.5_Dmix_visual_aligning.models.visual_mf_diffusion.VisualMeanFlow_VTrue_mpc4_Bmf_dit_Emf,train,combined_5-tightened,True,dpcc-c-dt2p0,all,0.0,0.0,0.0,1.0,1.0,0.0,0.3922234536390179,0.09161294912919402,400.0,0.039769786298274996,39.769786298274994,10
15,H8_K2_Meuler_T0.5_Dmix_visual_aligning.models.visual_mf_diffusion.VisualMeanFlow_VTrue_mpc4_Bmf_dit_Emf,train,combined_5-tightened,True,dpcc-c-dt2p0,unfrozen,0.0,0.0,0.0,1.0,1.0,0.0,0.3781455007165967,0.10140723052124183,400.0,0.044188651442527774,44.18865144252777,9
15,H8_K2_Meuler_T0.5_Dmix_visual_aligning.models.visual_mf_diffusion.VisualMeanFlow_VTrue_mpc4_Bmf_dit_Emf,train,combined_5-tightened,True,dpcc-c-dt4p0,all,0.0,0.0,0.0,0.9,0.997000002861023,1.2,0.38918159125343454,0.09541316563263535,400.0,0.04129579037427902,41.29579037427902,10
15,H8_K2_Meuler_T0.5_Dmix_visual_aligning.models.visual_mf_diffusion.VisualMeanFlow_VTrue_mpc4_Bmf_dit_Emf,train,combined_5-tightened,True,dpcc-c-dt4p0,unfrozen,0.0,0.0,0.0,0.8888888888888888,0.996666669845581,1.3333333333333333,0.37476565362150405,0.1056296933028433,400.0,0.04588421152697669,45.88421152697669,9
15,H8_K2_Meuler_T0.5_Dmix_visual_aligning.models.visual_mf_diffusion.VisualMeanFlow_VTrue_mpc4_Bmf_dit_Emf,train,combined_5-tightened,True,gradient,all,0.0,0.1,0.0,0.3,0.868686044216156,29.6,0.4124132931232406,0.157046736869961,300.3,0.02434209587543234,24.342095875432342,10
15,H8_K2_Meuler_T0.5_Dmix_visual_aligning.models.visual_mf_diffusion.VisualMeanFlow_VTrue_mpc4_Bmf_dit_Emf,train,combined_5-tightened,True,gradient,unfrozen,0.0,0.1111111111111111,0.0,0.2222222222222222,0.8540956046846178,32.888888888888886,0.40057865569906637,0.17411143912209404,289.22222222222223,0.027046773194924822,27.046773194924825,9
15,H8_K2_Meuler_T0.5_Dmix_visual_aligning.models.visual_mf_diffusion.VisualMeanFlow_VTrue_mpc4_Bmf_dit_Emf,train,combined_5-tightened,True,post_processing,all,0.0,0.0,0.0,1.0,1.0,0.0,0.3815765006684969,0.1371552233584225,321.6,0.043847515321875426,43.84751532187542,10
15,H8_K2_Meuler_T0.5_Dmix_visual_aligning.models.visual_mf_diffusion.VisualMeanFlow_VTrue_mpc4_Bmf_dit_Emf,train,combined_5-tightened,True,post_processing,unfrozen,0.0,0.0,0.0,1.0,1.0,0.0,0.3663155529715733,0.1520097574426068,312.8888888888889,0.048719461468750475,48.71946146875047,9
15,H8_K2_Meuler_T0.5_Dmix_visual_aligning.models.visual_mf_diffusion.VisualMeanFlow_VTrue_mpc4_Bmf_dit_Emf,train,combined_5-tightened,True,model_free,all,0.0,0.0,0.0,0.4,0.8663900315761566,40.2,0.36923372819834555,0.17157637560740113,284.0,0.03477133626390005,34.77133626390005,10
15,H8_K2_Meuler_T0.5_Dmix_visual_aligning.models.visual_mf_diffusion.VisualMeanFlow_VTrue_mpc4_Bmf_dit_Emf,train,combined_5-tightened,True,model_free,unfrozen,0.0,0.0,0.0,0.3333333333333333,0.8515444795290629,44.666666666666664,0.35260136133807185,0.19025548216369417,271.1111111111111,0.038634818071000054,38.634818071000055,9
15,H8_K2_Meuler_T0.5_Dmix_visual_aligning.models.visual_mf_diffusion.VisualMeanFlow_VTrue_mpc4_Bmf_dit_Emf,train,combined_5-tightened,True,geo_free,all,0.0,0.0,0.0,0.3,0.8030466824769974,43.3,0.5320418050647421,0.20686586434021592,247.1,0.03353564897631627,33.535648976316274,10
15,H8_K2_Meuler_T0.5_Dmix_visual_aligning.models.visual_mf_diffusion.VisualMeanFlow_VTrue_mpc4_Bmf_dit_Emf,train,combined_5-tightened,True,geo_free,unfrozen,0.0,0.0,0.0,0.2222222222222222,0.7811629805299971,48.111111111111114,0.5334992245229568,0.22946602520015505,230.11111111111111,0.03726183219590697,37.261832195906976,9
15,H8_K2_Meuler_T0.5_Dmix_visual_aligning.models.visual_mf_diffusion.VisualMeanFlow_VTrue_mpc4_Bmf_dit_Emf,train,combined_5-tightened,True,bounds_free,all,0.0,0.0,0.0,0.9,0.9912500023841858,3.5,0.4513213222131906,0.15581318074837328,314.0,0.04423261355577662,44.232613555776624,10
15,H8_K2_Meuler_T0.5_Dmix_visual_aligning.models.visual_mf_diffusion.VisualMeanFlow_VTrue_mpc4_Bmf_dit_Emf,train,combined_5-tightened,True,bounds_free,unfrozen,0.0,0.0,0.0,0.8888888888888888,0.9902777804268731,3.888888888888889,0.44380979913234414,0.17274082120921877,304.44444444444446,0.04914734839530736,49.14734839530736,9
15,H8_K2_Meuler_T0.5_Dmix_visual_aligning.models.visual_mf_diffusion.VisualMeanFlow_VTrue_mpc4_Bmf_dit_Emf,train,combined_5-tightened,True,geo_free-bounds_free,all,0.0,0.1,0.0,0.4,0.8164387077093125,59.4,0.45392652106826353,0.15516026047989726,359.3,0.03176998352406165,31.769983524061654,10
15,H8_K2_Meuler_T0.5_Dmix_visual_aligning.models.visual_mf_diffusion.VisualMeanFlow_VTrue_mpc4_Bmf_dit_Emf,train,combined_5-tightened,True,geo_free-bounds_free,unfrozen,0.0,0.1111111111111111,0.0,0.3333333333333333,0.7960430085659027,66.0,0.44670446452686957,0.1720153542442454,354.77777777777777,0.03529998169340184,35.29998169340184,9
15,H8_K2_Meuler_T0.5_Dmix_visual_aligning.models.visual_mf_diffusion.VisualMeanFlow_VTrue_mpc4_Bmf_dit_Emf,train,combined_5-tightened,True,geo_free-model_free,all,0.0,0.1,0.0,0.4,0.8648900330066681,40.8,0.3791700823085303,0.16986051434651017,284.0,0.031011236551614307,31.01123655161431,10
15,H8_K2_Meuler_T0.5_Dmix_visual_aligning.models.visual_mf_diffusion.VisualMeanFlow_VTrue_mpc4_Bmf_dit_Emf,train,combined_5-tightened,True,geo_free-model_free,unfrozen,0.0,0.1111111111111111,0.0,0.3333333333333333,0.8498778144518534,45.333333333333336,0.36364175479383265,0.1883489696515931,271.1111111111111,0.03445692950179367,34.456929501793674,9
15,H8_K2_Meuler_T0.5_Dmix_visual_aligning.models.visual_mf_diffusion.VisualMeanFlow_VTrue_mpc4_Bmf_dit_Emf,train,combined_5-tightened,True,model_free-bounds_free,all,0.0,0.0,0.0,0.4,0.8663900315761566,40.2,0.36923372819834555,0.17157637560740113,284.0,0.031617490186622396,31.617490186622394,10
15,H8_K2_Meuler_T0.5_Dmix_visual_aligning.models.visual_mf_diffusion.VisualMeanFlow_VTrue_mpc4_Bmf_dit_Emf,train,combined_5-tightened,True,model_free-bounds_free,unfrozen,0.0,0.0,0.0,0.3333333333333333,0.8515444795290629,44.666666666666664,0.35260136133807185,0.19025548216369417,271.1111111111111,0.03513054465180266,35.13054465180266,9
16,H8_K100_Meuler_T0.1_Dmix_visual_aligning.models.visual_mf_diffusion.VisualMeanFlow_VTrue_mpc4_filmv1_Emf,train,combined_5,False,diffuser,all,0.2,0.2,0.0,0.1,0.9067233383655549,35.1,0.2524844115568259,0.183112333714962,369.4,0.9245912850967946,924.5912850967945,10
16,H8_K100_Meuler_T0.1_Dmix_visual_aligning.models.visual_mf_diffusion.VisualMeanFlow_VTrue_mpc4_filmv1_Emf,train,combined_5,False,diffuser,unfrozen,0.2,0.2,0.0,0.1,0.9067233383655549,35.1,0.2524844115568259,0.183112333714962,369.4,0.9245912850967946,924.5912850967945,10
16,H8_K100_Meuler_T0.1_Dmix_visual_aligning.models.visual_mf_diffusion.VisualMeanFlow_VTrue_mpc4_filmv1_Emf,train,combined_5,False,dpcc-r,all,0.0,0.0,0.0,0.2,0.8643240749835968,54.2,0.29032346020764377,0.18314252588897945,392.4,1.1948071524017367,1194.8071524017366,10
16,H8_K100_Meuler_T0.1_Dmix_visual_aligning.models.visual_mf_diffusion.VisualMeanFlow_VTrue_mpc4_filmv1_Emf,train,combined_5,False,dpcc-r,unfrozen,0.0,0.0,0.0,0.2,0.8643240749835968,54.2,0.29032346020764377,0.18314252588897945,392.4,1.1948071524017367,1194.8071524017366,10
16,H8_K100_Meuler_T0.1_Dmix_visual_aligning.models.visual_mf_diffusion.VisualMeanFlow_VTrue_mpc4_filmv1_Emf,train,combined_5,False,dpcc-c,all,0.0,0.0,0.0,0.0,0.7804999947547913,87.8,0.3610877504798534,0.23193279951810836,400.0,1.4373043716549874,1437.3043716549873,10
16,H8_K100_Meuler_T0.1_Dmix_visual_aligning.models.visual_mf_diffusion.VisualMeanFlow_VTrue_mpc4_filmv1_Emf,train,combined_5,False,dpcc-c,unfrozen,0.0,0.0,0.0,0.0,0.7804999947547913,87.8,0.3610877504798534,0.23193279951810836,400.0,1.4373043716549874,1437.3043716549873,10
16,H8_K100_Meuler_T0.1_Dmix_visual_aligning.models.visual_mf_diffusion.VisualMeanFlow_VTrue_mpc4_filmv1_Emf,train,combined_5,False,dpcc-t,all,0.0,0.0,0.0,0.2,0.8074020385742188,77.0,0.3121021511013038,0.21818507611751556,399.3,1.4621679807706756,1462.1679807706755,10
16,H8_K100_Meuler_T0.1_Dmix_visual_aligning.models.visual_mf_diffusion.VisualMeanFlow_VTrue_mpc4_filmv1_Emf,train,combined_5,False,dpcc-t,unfrozen,0.0,0.0,0.0,0.2,0.8074020385742188,77.0,0.3121021511013038,0.21818507611751556,399.3,1.4621679807706756,1462.1679807706755,10
16,H8_K100_Meuler_T0.1_Dmix_visual_aligning.models.visual_mf_diffusion.VisualMeanFlow_VTrue_mpc4_filmv1_Emf,train,combined_5,False,dpcc-c-dt0p25,all,0.1,0.1,0.1,0.4,0.9415000021457672,23.4,0.2988743150013659,0.2010367341339588,369.5,1.3166308922391188,1316.6308922391188,10
16,H8_K100_Meuler_T0.1_Dmix_visual_aligning.models.visual_mf_diffusion.VisualMeanFlow_VTrue_mpc4_filmv1_Emf,train,combined_5,False,dpcc-c-dt0p25,unfrozen,0.1,0.1,0.1,0.4,0.9415000021457672,23.4,0.2988743150013659,0.2010367341339588,369.5,1.3166308922391188,1316.6308922391188,10
16,H8_K100_Meuler_T0.1_Dmix_visual_aligning.models.visual_mf_diffusion.VisualMeanFlow_VTrue_mpc4_filmv1_Emf,train,combined_5,False,dpcc-c-dt0p5,all,0.1,0.1,0.0,0.3,0.9327867269515991,25.9,0.31713465580119704,0.2918166760355234,381.1,1.3971585676924314,1397.1585676924312,10
16,H8_K100_Meuler_T0.1_Dmix_visual_aligning.models.visual_mf_diffusion.VisualMeanFlow_VTrue_mpc4_filmv1_Emf,train,combined_5,False,dpcc-c-dt0p5,unfrozen,0.1,0.1,0.0,0.3,0.9327867269515991,25.9,0.31713465580119704,0.2918166760355234,381.1,1.3971585676924314,1397.1585676924312,10
16,H8_K100_Meuler_T0.1_Dmix_visual_aligning.models.visual_mf_diffusion.VisualMeanFlow_VTrue_mpc4_filmv1_Emf,train,combined_5,False,dpcc-c-dt2p0,all,0.0,0.0,0.0,0.0,0.7722499907016754,91.1,0.366962038781771,0.18051666617393494,400.0,1.1124379523992538,1112.4379523992538,10
16,H8_K100_Meuler_T0.1_Dmix_visual_aligning.models.visual_mf_diffusion.VisualMeanFlow_VTrue_mpc4_filmv1_Emf,train,combined_5,False,dpcc-c-dt2p0,unfrozen,0.0,0.0,0.0,0.0,0.7722499907016754,91.1,0.366962038781771,0.18051666617393494,400.0,1.1124379523992538,1112.4379523992538,10
16,H8_K100_Meuler_T0.1_Dmix_visual_aligning.models.visual_mf_diffusion.VisualMeanFlow_VTrue_mpc4_filmv1_Emf,train,combined_5,False,dpcc-c-dt4p0,all,0.0,0.0,0.0,0.1,0.9107500076293945,35.7,0.38918159125755275,0.04080049358308315,400.0,1.0812563570141793,1081.2563570141792,10
16,H8_K100_Meuler_T0.1_Dmix_visual_aligning.models.visual_mf_diffusion.VisualMeanFlow_VTrue_mpc4_filmv1_Emf,train,combined_5,False,dpcc-c-dt4p0,unfrozen,0.0,0.0,0.0,0.1,0.9107500076293945,35.7,0.38918159125755275,0.04080049358308315,400.0,1.0812563570141793,1081.2563570141792,10
16,H8_K100_Meuler_T0.1_Dmix_visual_aligning.models.visual_mf_diffusion.VisualMeanFlow_VTrue_mpc4_filmv1_Emf,train,combined_5,False,hardflow_sls-r,all,0.0,0.0,0.0,0.6,0.9512853741645813,19.4,0.2564840235577172,0.2749084006994963,391.1,1.3089224025203336,1308.9224025203334,10
16,H8_K100_Meuler_T0.1_Dmix_visual_aligning.models.visual_mf_diffusion.VisualMeanFlow_VTrue_mpc4_filmv1_Emf,train,combined_5,False,hardflow_sls-r,unfrozen,0.0,0.0,0.0,0.6,0.9512853741645813,19.4,0.2564840235577172,0.2749084006994963,391.1,1.3089224025203336,1308.9224025203334,10
16,H8_K100_Meuler_T0.1_Dmix_visual_aligning.models.visual_mf_diffusion.VisualMeanFlow_VTrue_mpc4_filmv1_Emf,train,combined_5,False,hardflow_sls-c,all,0.0,0.0,0.0,0.1,0.8811975657939911,47.3,0.297980131997155,0.09101008176803589,399.1,1.355598249851129,1355.598249851129,10
16,H8_K100_Meuler_T0.1_Dmix_visual_aligning.models.visual_mf_diffusion.VisualMeanFlow_VTrue_mpc4_filmv1_Emf,train,combined_5,False,hardflow_sls-c,unfrozen,0.0,0.0,0.0,0.1,0.8811975657939911,47.3,0.297980131997155,0.09101008176803589,399.1,1.355598249851129,1355.598249851129,10
16,H8_K100_Meuler_T0.1_Dmix_visual_aligning.models.visual_mf_diffusion.VisualMeanFlow_VTrue_mpc4_filmv1_Emf,train,combined_5,False,hardflow_sls-t,all,0.0,0.0,0.0,0.25,0.953125,18.75,0.3593643740653408,0.038720959457802226,400.0,1.2118570145964622,1211.8570145964622,4
16,H8_K100_Meuler_T0.1_Dmix_visual_aligning.models.visual_mf_diffusion.VisualMeanFlow_VTrue_mpc4_filmv1_Emf,train,combined_5,False,hardflow_sls-t,unfrozen,0.0,0.0,0.0,0.25,0.953125,18.75,0.3593643740653408,0.038720959457802226,400.0,1.2118570145964622,1211.8570145964622,4
16,H8_K100_Meuler_T0.1_Dmix_visual_aligning.models.visual_mf_diffusion.VisualMeanFlow_VTrue_mpc4_filmv1_Emf,train,combined_5,False,gradient,all,0.0,0.1,0.0,0.2,0.8079492181539536,72.6,0.355814156821212,0.6812122337520122,360.6,0.9513119538583364,951.3119538583366,10
16,H8_K100_Meuler_T0.1_Dmix_visual_aligning.models.visual_mf_diffusion.VisualMeanFlow_VTrue_mpc4_filmv1_Emf,train,combined_5,False,gradient,unfrozen,0.0,0.1,0.0,0.2,0.8079492181539536,72.6,0.355814156821212,0.6812122337520122,360.6,0.9513119538583364,951.3119538583366,10
16,H8_K100_Meuler_T0.1_Dmix_visual_aligning.models.visual_mf_diffusion.VisualMeanFlow_VTrue_mpc4_filmv1_Emf,train,combined_5,False,post_processing,all,0.0,0.1,0.0,0.2,0.9084966599941253,36.5,0.29669930468164785,0.3229398600757122,389.9,0.9645567415548651,964.5567415548651,10
16,H8_K100_Meuler_T0.1_Dmix_visual_aligning.models.visual_mf_diffusion.VisualMeanFlow_VTrue_mpc4_filmv1_Emf,train,combined_5,False,post_processing,unfrozen,0.0,0.1,0.0,0.2,0.9084966599941253,36.5,0.29669930468164785,0.3229398600757122,389.9,0.9645567415548651,964.5567415548651,10
16,H8_K100_Meuler_T0.1_Dmix_visual_aligning.models.visual_mf_diffusion.VisualMeanFlow_VTrue_mpc4_filmv1_Emf,train,combined_5,False,model_free,all,0.0,0.0,0.0,0.1,0.7887499988079071,84.5,0.2551409866216316,0.8483264837414026,400.0,1.0314615917801857,1031.4615917801857,10
16,H8_K100_Meuler_T0.1_Dmix_visual_aligning.models.visual_mf_diffusion.VisualMeanFlow_VTrue_mpc4_filmv1_Emf,train,combined_5,False,model_free,unfrozen,0.0,0.0,0.0,0.1,0.7887499988079071,84.5,0.2551409866216316,0.8483264837414026,400.0,1.0314615917801857,1031.4615917801857,10
16,H8_K100_Meuler_T0.1_Dmix_visual_aligning.models.visual_mf_diffusion.VisualMeanFlow_VTrue_mpc4_filmv1_Emf,train,combined_5,False,geo_free,all,0.0,0.0,0.0,0.2,0.8071619465947151,74.3,0.2584623764114668,0.4701832663267851,371.8,1.0758071705997883,1075.8071705997884,10
16,H8_K100_Meuler_T0.1_Dmix_visual_aligning.models.visual_mf_diffusion.VisualMeanFlow_VTrue_mpc4_filmv1_Emf,train,combined_5,False,geo_free,unfrozen,0.0,0.0,0.0,0.2,0.8071619465947151,74.3,0.2584623764114668,0.4701832663267851,371.8,1.0758071705997883,1075.8071705997884,10
16,H8_K100_Meuler_T0.1_Dmix_visual_aligning.models.visual_mf_diffusion.VisualMeanFlow_VTrue_mpc4_filmv1_Emf,train,combined_5,False,bounds_free,all,0.0,0.2,0.0,0.1,0.8334932923316956,66.5,0.2939224533880667,0.20416152253746986,389.8,1.1389301711477415,1138.9301711477415,10
16,H8_K100_Meuler_T0.1_Dmix_visual_aligning.models.visual_mf_diffusion.VisualMeanFlow_VTrue_mpc4_filmv1_Emf,train,combined_5,False,bounds_free,unfrozen,0.0,0.2,0.0,0.1,0.8334932923316956,66.5,0.2939224533880667,0.20416152253746986,389.8,1.1389301711477415,1138.9301711477415,10
16,H8_K100_Meuler_T0.1_Dmix_visual_aligning.models.visual_mf_diffusion.VisualMeanFlow_VTrue_mpc4_filmv1_Emf,train,combined_5,False,geo_free-bounds_free,all,0.0,0.1,0.0,0.3,0.8779309093952179,37.0,0.33084767094842116,0.20102208890020848,338.1,1.0272629324426326,1027.2629324426325,10
16,H8_K100_Meuler_T0.1_Dmix_visual_aligning.models.visual_mf_diffusion.VisualMeanFlow_VTrue_mpc4_filmv1_Emf,train,combined_5,False,geo_free-bounds_free,unfrozen,0.0,0.1,0.0,0.3,0.8779309093952179,37.0,0.33084767094842116,0.20102208890020848,338.1,1.0272629324426326,1027.2629324426325,10
16,H8_K100_Meuler_T0.1_Dmix_visual_aligning.models.visual_mf_diffusion.VisualMeanFlow_VTrue_mpc4_filmv1_Emf,train,combined_5,False,geo_free-model_free,all,0.0,0.0,0.0,0.1,0.8137516736984253,67.0,0.2084021304454821,0.6242962142452597,359.1,0.9904670394605024,990.4670394605024,10
16,H8_K100_Meuler_T0.1_Dmix_visual_aligning.models.visual_mf_diffusion.VisualMeanFlow_VTrue_mpc4_filmv1_Emf,train,combined_5,False,geo_free-model_free,unfrozen,0.0,0.0,0.0,0.1,0.8137516736984253,67.0,0.2084021304454821,0.6242962142452597,359.1,0.9904670394605024,990.4670394605024,10
16,H8_K100_Meuler_T0.1_Dmix_visual_aligning.models.visual_mf_diffusion.VisualMeanFlow_VTrue_mpc4_filmv1_Emf,train,combined_5,False,model_free-bounds_free,all,0.0,0.0,0.0,0.3,0.7776367947459221,76.8,0.39930990027594676,0.598604666814208,346.6,1.007714437172379,1007.7144371723791,10
16,H8_K100_Meuler_T0.1_Dmix_visual_aligning.models.visual_mf_diffusion.VisualMeanFlow_VTrue_mpc4_filmv1_Emf,train,combined_5,False,model_free-bounds_free,unfrozen,0.0,0.0,0.0,0.3,0.7776367947459221,76.8,0.39930990027594676,0.598604666814208,346.6,1.007714437172379,1007.7144371723791,10
17,H8_K100_Meuler_T0.5_Dmix_visual_aligning.models.visual_mf_diffusion.VisualMeanFlow_VTrue_mpc4_filmv1_Emf,train,combined_5,False,diffuser,all,0.03333333333333333,0.06666666666666667,0.0,0.2,0.8035113046566645,78.43333333333334,0.31126329687048354,0.42043270158270996,394.53333333333336,0.8928970126853151,892.8970126853151,30
17,H8_K100_Meuler_T0.5_Dmix_visual_aligning.models.visual_mf_diffusion.VisualMeanFlow_VTrue_mpc4_filmv1_Emf,train,combined_5,False,diffuser,unfrozen,0.03333333333333333,0.06666666666666667,0.0,0.2,0.8035113046566645,78.43333333333334,0.31126329687048354,0.42043270158270996,394.53333333333336,0.8928970126853151,892.8970126853151,30
17,H8_K100_Meuler_T0.5_Dmix_visual_aligning.models.visual_mf_diffusion.VisualMeanFlow_VTrue_mpc4_filmv1_Emf,train,combined_5,False,dpcc-r,all,0.0,0.0,0.0,0.18181818181818182,0.8715909090909091,51.36363636363637,0.367749117769268,0.18633323398450566,400.0,14.988448417836969,14988.44841783697,11
17,H8_K100_Meuler_T0.5_Dmix_visual_aligning.models.visual_mf_diffusion.VisualMeanFlow_VTrue_mpc4_filmv1_Emf,train,combined_5,False,dpcc-r,unfrozen,0.0,0.0,0.0,0.18181818181818182,0.8715909090909091,51.36363636363637,0.367749117769268,0.18633323398450566,400.0,14.988448417836969,14988.44841783697,11
18,H8_K20_Meuler_T0.2_Dmix_visual_aligning.models.visual_mf_diffusion.VisualMeanFlow_VTrue_mpc4_filmv1_Emf,train,combined_5,False,diffuser,all,0.0,0.0,0.0,0.1,0.8465000033378601,61.4,0.21516267170945458,0.5102663259953261,400.0,0.19046746331453324,190.46746331453323,10
18,H8_K20_Meuler_T0.2_Dmix_visual_aligning.models.visual_mf_diffusion.VisualMeanFlow_VTrue_mpc4_filmv1_Emf,train,combined_5,False,diffuser,unfrozen,0.0,0.0,0.0,0.1,0.8465000033378601,61.4,0.21516267170945458,0.5102663259953261,400.0,0.19046746331453324,190.46746331453323,10
18,H8_K20_Meuler_T0.2_Dmix_visual_aligning.models.visual_mf_diffusion.VisualMeanFlow_VTrue_mpc4_filmv1_Emf,train,combined_5,False,dpcc-r,all,0.0,0.0,0.0,0.3,0.8690645217895507,52.2,0.2290690210621789,0.32785051837563517,391.0,0.34672260181533476,346.72260181533477,10
18,H8_K20_Meuler_T0.2_Dmix_visual_aligning.models.visual_mf_diffusion.VisualMeanFlow_VTrue_mpc4_filmv1_Emf,train,combined_5,False,dpcc-r,unfrozen,0.0,0.0,0.0,0.3,0.8690645217895507,52.2,0.2290690210621789,0.32785051837563517,391.0,0.34672260181533476,346.72260181533477,10
18,H8_K20_Meuler_T0.2_Dmix_visual_aligning.models.visual_mf_diffusion.VisualMeanFlow_VTrue_mpc4_filmv1_Emf,train,combined_5,False,dpcc-c,all,0.0,0.0,0.0,0.0,0.8634342074394226,50.6,0.3276991764339597,0.2734316844493151,384.7,0.34912954517835526,349.1295451783552,10
18,H8_K20_Meuler_T0.2_Dmix_visual_aligning.models.visual_mf_diffusion.VisualMeanFlow_VTrue_mpc4_filmv1_Emf,train,combined_5,False,dpcc-c,unfrozen,0.0,0.0,0.0,0.0,0.8634342074394226,50.6,0.3276991764339597,0.2734316844493151,384.7,0.34912954517835526,349.1295451783552,10
18,H8_K20_Meuler_T0.2_Dmix_visual_aligning.models.visual_mf_diffusion.VisualMeanFlow_VTrue_mpc4_filmv1_Emf,train,combined_5,False,dpcc-t,all,0.0,0.1,0.0,0.2,0.85799999833107,56.8,0.32241551401501084,0.10205085016787052,400.0,0.32363203436136245,323.63203436136246,10
18,H8_K20_Meuler_T0.2_Dmix_visual_aligning.models.visual_mf_diffusion.VisualMeanFlow_VTrue_mpc4_filmv1_Emf,train,combined_5,False,dpcc-t,unfrozen,0.0,0.1,0.0,0.2,0.85799999833107,56.8,0.32241551401501084,0.10205085016787052,400.0,0.32363203436136245,323.63203436136246,10
18,H8_K20_Meuler_T0.2_Dmix_visual_aligning.models.visual_mf_diffusion.VisualMeanFlow_VTrue_mpc4_filmv1_Emf,train,combined_5,False,dpcc-c-dt0p25,all,0.0,0.1,0.0,0.2,0.9450155258178711,21.8,0.39867522853724646,0.36754599362611773,392.2,0.3427849709547569,342.7849709547569,10
18,H8_K20_Meuler_T0.2_Dmix_visual_aligning.models.visual_mf_diffusion.VisualMeanFlow_VTrue_mpc4_filmv1_Emf,train,combined_5,False,dpcc-c-dt0p25,unfrozen,0.0,0.1,0.0,0.2,0.9450155258178711,21.8,0.39867522853724646,0.36754599362611773,392.2,0.3427849709547569,342.7849709547569,10
18,H8_K20_Meuler_T0.2_Dmix_visual_aligning.models.visual_mf_diffusion.VisualMeanFlow_VTrue_mpc4_filmv1_Emf,train,combined_5,False,dpcc-c-dt0p5,all,0.0,0.1,0.0,0.2,0.9187500059604645,32.5,0.3486682190373416,0.3088149672374129,400.0,0.337103570997715,337.103570997715,10
18,H8_K20_Meuler_T0.2_Dmix_visual_aligning.models.visual_mf_diffusion.VisualMeanFlow_VTrue_mpc4_filmv1_Emf,train,combined_5,False,dpcc-c-dt0p5,unfrozen,0.0,0.1,0.0,0.2,0.9187500059604645,32.5,0.3486682190373416,0.3088149672374129,400.0,0.337103570997715,337.103570997715,10
18,H8_K20_Meuler_T0.2_Dmix_visual_aligning.models.visual_mf_diffusion.VisualMeanFlow_VTrue_mpc4_filmv1_Emf,train,combined_5,False,dpcc-c-dt2p0,all,0.0,0.0,0.0,0.0,0.7717499971389771,91.3,0.37051429575476486,0.17843562178313732,400.0,0.28279063093662266,282.7906309366226,10
18,H8_K20_Meuler_T0.2_Dmix_visual_aligning.models.visual_mf_diffusion.VisualMeanFlow_VTrue_mpc4_filmv1_Emf,train,combined_5,False,dpcc-c-dt2p0,unfrozen,0.0,0.0,0.0,0.0,0.7717499971389771,91.3,0.37051429575476486,0.17843562178313732,400.0,0.28279063093662266,282.7906309366226,10
18,H8_K20_Meuler_T0.2_Dmix_visual_aligning.models.visual_mf_diffusion.VisualMeanFlow_VTrue_mpc4_filmv1_Emf,train,combined_5,False,dpcc-c-dt4p0,all,0.0,0.0,0.0,0.1,0.8660000085830688,53.6,0.38918159124948765,0.07547779753804207,400.0,0.28064103537797924,280.6410353779793,10
18,H8_K20_Meuler_T0.2_Dmix_visual_aligning.models.visual_mf_diffusion.VisualMeanFlow_VTrue_mpc4_filmv1_Emf,train,combined_5,False,dpcc-c-dt4p0,unfrozen,0.0,0.0,0.0,0.1,0.8660000085830688,53.6,0.38918159124948765,0.07547779753804207,400.0,0.28064103537797924,280.6410353779793,10
18,H8_K20_Meuler_T0.2_Dmix_visual_aligning.models.visual_mf_diffusion.VisualMeanFlow_VTrue_mpc4_filmv1_Emf,train,combined_5,False,hardflow_sls-r,all,0.0,0.0,0.0,0.4,0.884249997138977,46.3,0.29949827846601923,0.19172579124569894,400.0,0.2977356811761856,297.7356811761856,10
18,H8_K20_Meuler_T0.2_Dmix_visual_aligning.models.visual_mf_diffusion.VisualMeanFlow_VTrue_mpc4_filmv1_Emf,train,combined_5,False,hardflow_sls-r,unfrozen,0.0,0.0,0.0,0.4,0.884249997138977,46.3,0.29949827846601923,0.19172579124569894,400.0,0.2977356811761856,297.7356811761856,10
18,H8_K20_Meuler_T0.2_Dmix_visual_aligning.models.visual_mf_diffusion.VisualMeanFlow_VTrue_mpc4_filmv1_Emf,train,combined_5,False,hardflow_sls-c,all,0.0,0.0,0.0,0.2,0.876500004529953,49.4,0.3438860623417157,0.18716021478176117,400.0,0.34086755371093747,340.8675537109375,10
18,H8_K20_Meuler_T0.2_Dmix_visual_aligning.models.visual_mf_diffusion.VisualMeanFlow_VTrue_mpc4_filmv1_Emf,train,combined_5,False,hardflow_sls-c,unfrozen,0.0,0.0,0.0,0.2,0.876500004529953,49.4,0.3438860623417157,0.18716021478176117,400.0,0.34086755371093747,340.8675537109375,10
18,H8_K20_Meuler_T0.2_Dmix_visual_aligning.models.visual_mf_diffusion.VisualMeanFlow_VTrue_mpc4_filmv1_Emf,train,combined_5,False,hardflow_sls-t,all,0.0,0.0,0.0,0.3,0.8682500064373017,52.7,0.28711389450542407,0.0992201741784811,400.0,0.34191032677888866,341.9103267788887,10
18,H8_K20_Meuler_T0.2_Dmix_visual_aligning.models.visual_mf_diffusion.VisualMeanFlow_VTrue_mpc4_filmv1_Emf,train,combined_5,False,hardflow_sls-t,unfrozen,0.0,0.0,0.0,0.3,0.8682500064373017,52.7,0.28711389450542407,0.0992201741784811,400.0,0.34191032677888866,341.9103267788887,10
18,H8_K20_Meuler_T0.2_Dmix_visual_aligning.models.visual_mf_diffusion.VisualMeanFlow_VTrue_mpc4_filmv1_Emf,train,combined_5,False,gradient,all,0.0,0.1,0.0,0.5,0.9870000064373017,5.2,0.24595985566177356,0.15768165960907937,400.0,0.19897192841768266,198.97192841768265,10
18,H8_K20_Meuler_T0.2_Dmix_visual_aligning.models.visual_mf_diffusion.VisualMeanFlow_VTrue_mpc4_filmv1_Emf,train,combined_5,False,gradient,unfrozen,0.0,0.1,0.0,0.5,0.9870000064373017,5.2,0.24595985566177356,0.15768165960907937,400.0,0.19897192841768266,198.97192841768265,10
18,H8_K20_Meuler_T0.2_Dmix_visual_aligning.models.visual_mf_diffusion.VisualMeanFlow_VTrue_mpc4_filmv1_Emf,train,combined_5,False,post_processing,all,0.0,0.2,0.0,0.3,0.893969076871872,42.3,0.3118225971179849,0.24586487486958503,389.1,0.21574700987339018,215.7470098733902,10
18,H8_K20_Meuler_T0.2_Dmix_visual_aligning.models.visual_mf_diffusion.VisualMeanFlow_VTrue_mpc4_filmv1_Emf,train,combined_5,False,post_processing,unfrozen,0.0,0.2,0.0,0.3,0.893969076871872,42.3,0.3118225971179849,0.24586487486958503,389.1,0.21574700987339018,215.7470098733902,10
18,H8_K20_Meuler_T0.2_Dmix_visual_aligning.models.visual_mf_diffusion.VisualMeanFlow_VTrue_mpc4_filmv1_Emf,train,combined_5,False,model_free,all,0.0,0.0,0.0,0.1,0.866201764345169,48.7,0.25372140151080347,0.44235648326575755,363.2,0.2328852527754731,232.8852527754731,10
18,H8_K20_Meuler_T0.2_Dmix_visual_aligning.models.visual_mf_diffusion.VisualMeanFlow_VTrue_mpc4_filmv1_Emf,train,combined_5,False,model_free,unfrozen,0.0,0.0,0.0,0.1,0.866201764345169,48.7,0.25372140151080347,0.44235648326575755,363.2,0.2328852527754731,232.8852527754731,10
18,H8_K20_Meuler_T0.2_Dmix_visual_aligning.models.visual_mf_diffusion.VisualMeanFlow_VTrue_mpc4_filmv1_Emf,train,combined_5,False,geo_free,all,0.0,0.1,0.0,0.1,0.8996610045433044,37.4,0.2766636768112349,0.28677467852830885,379.1,0.24081091294476858,240.8109129447686,10
18,H8_K20_Meuler_T0.2_Dmix_visual_aligning.models.visual_mf_diffusion.VisualMeanFlow_VTrue_mpc4_filmv1_Emf,train,combined_5,False,geo_free,unfrozen,0.0,0.1,0.0,0.1,0.8996610045433044,37.4,0.2766636768112349,0.28677467852830885,379.1,0.24081091294476858,240.8109129447686,10
18,H8_K20_Meuler_T0.2_Dmix_visual_aligning.models.visual_mf_diffusion.VisualMeanFlow_VTrue_mpc4_filmv1_Emf,train,combined_5,False,bounds_free,all,0.0,0.1,0.0,0.1,0.7899999856948853,84.0,0.31447765638591413,0.12126435935497284,400.0,0.40416477650403976,404.16477650403976,10
18,H8_K20_Meuler_T0.2_Dmix_visual_aligning.models.visual_mf_diffusion.VisualMeanFlow_VTrue_mpc4_filmv1_Emf,train,combined_5,False,bounds_free,unfrozen,0.0,0.1,0.0,0.1,0.7899999856948853,84.0,0.31447765638591413,0.12126435935497284,400.0,0.40416477650403976,404.16477650403976,10
18,H8_K20_Meuler_T0.2_Dmix_visual_aligning.models.visual_mf_diffusion.VisualMeanFlow_VTrue_mpc4_filmv1_Emf,train,combined_5,False,geo_free-bounds_free,all,0.0,0.1,0.0,0.3,0.902420911192894,35.0,0.2378163961401551,0.36808772943913937,377.7,0.2322894992828369,232.2894992828369,10
18,H8_K20_Meuler_T0.2_Dmix_visual_aligning.models.visual_mf_diffusion.VisualMeanFlow_VTrue_mpc4_filmv1_Emf,train,combined_5,False,geo_free-bounds_free,unfrozen,0.0,0.1,0.0,0.3,0.902420911192894,35.0,0.2378163961401551,0.36808772943913937,377.7,0.2322894992828369,232.2894992828369,10
18,H8_K20_Meuler_T0.2_Dmix_visual_aligning.models.visual_mf_diffusion.VisualMeanFlow_VTrue_mpc4_filmv1_Emf,train,combined_5,False,geo_free-model_free,all,0.0,0.0,0.0,0.4,0.8178286492824555,61.7,0.3233502745849971,0.4584489341825247,348.1,0.21831694893422626,218.31694893422628,10
18,H8_K20_Meuler_T0.2_Dmix_visual_aligning.models.visual_mf_diffusion.VisualMeanFlow_VTrue_mpc4_filmv1_Emf,train,combined_5,False,geo_free-model_free,unfrozen,0.0,0.0,0.0,0.4,0.8178286492824555,61.7,0.3233502745849971,0.4584489341825247,348.1,0.21831694893422626,218.31694893422628,10
18,H8_K20_Meuler_T0.2_Dmix_visual_aligning.models.visual_mf_diffusion.VisualMeanFlow_VTrue_mpc4_filmv1_Emf,train,combined_5,False,model_free-bounds_free,all,0.1,0.2,0.0,0.2,0.8874901026487351,42.3,0.2110857851925602,0.29100148715078833,371.8,0.2257181799822981,225.71817998229807,10
18,H8_K20_Meuler_T0.2_Dmix_visual_aligning.models.visual_mf_diffusion.VisualMeanFlow_VTrue_mpc4_filmv1_Emf,train,combined_5,False,model_free-bounds_free,unfrozen,0.1,0.2,0.0,0.2,0.8874901026487351,42.3,0.2110857851925602,0.29100148715078833,371.8,0.2257181799822981,225.71817998229807,10
18,H8_K20_Meuler_T0.2_Dmix_visual_aligning.models.visual_mf_diffusion.VisualMeanFlow_VTrue_mpc4_filmv1_Emf,train,combined_5-tightened,True,diffuser,all,0.0,0.0,0.0,0.2,0.9209999978542328,31.6,0.24739379386947652,0.39967736033722756,400.0,0.17253009635210037,172.53009635210037,10
18,H8_K20_Meuler_T0.2_Dmix_visual_aligning.models.visual_mf_diffusion.VisualMeanFlow_VTrue_mpc4_filmv1_Emf,train,combined_5-tightened,True,diffuser,unfrozen,0.0,0.0,0.0,0.1111111111111111,0.9122222198380364,35.111111111111114,0.2172236565282174,0.4437010207523902,400.0,0.1917001070578893,191.7001070578893,9
18,H8_K20_Meuler_T0.2_Dmix_visual_aligning.models.visual_mf_diffusion.VisualMeanFlow_VTrue_mpc4_filmv1_Emf,train,combined_5-tightened,True,dpcc-r,all,0.0,0.0,0.0,0.9,0.9932500004768372,2.7,0.3087523145210141,0.045784485433250664,400.0,0.26591432440280915,265.91432440280914,10
18,H8_K20_Meuler_T0.2_Dmix_visual_aligning.models.visual_mf_diffusion.VisualMeanFlow_VTrue_mpc4_filmv1_Emf,train,combined_5-tightened,True,dpcc-r,unfrozen,0.0,0.0,0.0,0.8888888888888888,0.992500000529819,3.0,0.2853997905854813,0.05048671530352698,400.0,0.2954603604475657,295.46036044756573,9
18,H8_K20_Meuler_T0.2_Dmix_visual_aligning.models.visual_mf_diffusion.VisualMeanFlow_VTrue_mpc4_filmv1_Emf,train,combined_5-tightened,True,dpcc-c,all,0.0,0.0,0.0,0.9,0.9830039501190185,4.3,0.3578712535756874,0.22834719577804208,385.3,0.32526340189150404,325.26340189150403,10
18,H8_K20_Meuler_T0.2_Dmix_visual_aligning.models.visual_mf_diffusion.VisualMeanFlow_VTrue_mpc4_filmv1_Emf,train,combined_5-tightened,True,dpcc-c,unfrozen,0.0,0.0,0.0,0.8888888888888888,0.9811155001322428,4.777777777777778,0.3399763895351183,0.2533341712421841,383.6666666666667,0.36140377987944894,361.4037798794489,9
18,H8_K20_Meuler_T0.2_Dmix_visual_aligning.models.visual_mf_diffusion.VisualMeanFlow_VTrue_mpc4_filmv1_Emf,train,combined_5-tightened,True,dpcc-t,all,0.0,0.0,0.0,0.8,0.9962500035762787,1.5,0.3373255988375089,0.10023923004046083,400.0,0.32317445653676985,323.17445653676987,10
18,H8_K20_Meuler_T0.2_Dmix_visual_aligning.models.visual_mf_diffusion.VisualMeanFlow_VTrue_mpc4_filmv1_Emf,train,combined_5-tightened,True,dpcc-t,unfrozen,0.0,0.0,0.0,0.7777777777777778,0.9958333373069763,1.6666666666666667,0.3171478842704756,0.11099198708931605,400.0,0.35908272948529985,359.08272948529986,9
18,H8_K20_Meuler_T0.2_Dmix_visual_aligning.models.visual_mf_diffusion.VisualMeanFlow_VTrue_mpc4_filmv1_Emf,train,combined_5-tightened,True,dpcc-c-dt0p25,all,0.0,0.1,0.0,0.8,0.9615000009536743,15.4,0.510270568876569,0.3940454450435936,400.0,0.34264023226499557,342.6402322649956,10
18,H8_K20_Meuler_T0.2_Dmix_visual_aligning.models.visual_mf_diffusion.VisualMeanFlow_VTrue_mpc4_filmv1_Emf,train,combined_5-tightened,True,dpcc-c-dt0p25,unfrozen,0.0,0.1111111111111111,0.0,0.7777777777777778,0.9572222232818604,17.11111111111111,0.5093089620916534,0.437443337092797,400.0,0.3807113691833284,380.71136918332843,9
18,H8_K20_Meuler_T0.2_Dmix_visual_aligning.models.visual_mf_diffusion.VisualMeanFlow_VTrue_mpc4_filmv1_Emf,train,combined_5-tightened,True,dpcc-c-dt0p5,all,0.0,0.0,0.0,0.8,0.9479999959468841,20.8,0.3987882762130781,0.4076877244748175,400.0,0.38139261162281035,381.39261162281036,10
18,H8_K20_Meuler_T0.2_Dmix_visual_aligning.models.visual_mf_diffusion.VisualMeanFlow_VTrue_mpc4_filmv1_Emf,train,combined_5-tightened,True,dpcc-c-dt0p5,unfrozen,0.0,0.0,0.0,0.7777777777777778,0.9422222177187601,23.11111111111111,0.38543974802110803,0.45260142534971237,400.0,0.4237695684697893,423.7695684697893,9
18,H8_K20_Meuler_T0.2_Dmix_visual_aligning.models.visual_mf_diffusion.VisualMeanFlow_VTrue_mpc4_filmv1_Emf,train,combined_5-tightened,True,dpcc-c-dt2p0,all,0.0,0.0,0.0,0.8,0.9844999969005584,6.2,0.3422986301526908,0.19838107666000723,400.0,0.264908806681633,264.908806681633,10
18,H8_K20_Meuler_T0.2_Dmix_visual_aligning.models.visual_mf_diffusion.VisualMeanFlow_VTrue_mpc4_filmv1_Emf,train,combined_5-tightened,True,dpcc-c-dt2p0,unfrozen,0.0,0.0,0.0,0.7777777777777778,0.9827777743339539,6.888888888888889,0.32267347462067764,0.2200384833332565,400.0,0.2943431185351478,294.34311853514777,9
18,H8_K20_Meuler_T0.2_Dmix_visual_aligning.models.visual_mf_diffusion.VisualMeanFlow_VTrue_mpc4_filmv1_Emf,train,combined_5-tightened,True,dpcc-c-dt4p0,all,0.0,0.0,0.0,0.8,0.9735000014305115,10.6,0.3891815912550229,0.04913429850712418,400.0,0.2711735506057739,271.1735506057739,10
18,H8_K20_Meuler_T0.2_Dmix_visual_aligning.models.visual_mf_diffusion.VisualMeanFlow_VTrue_mpc4_filmv1_Emf,train,combined_5-tightened,True,dpcc-c-dt4p0,unfrozen,0.0,0.0,0.0,0.7777777777777778,0.9705555571450127,11.777777777777779,0.3747656536232689,0.05420872983005312,400.0,0.30130394511752656,301.3039451175266,9
18,H8_K20_Meuler_T0.2_Dmix_visual_aligning.models.visual_mf_diffusion.VisualMeanFlow_VTrue_mpc4_filmv1_Emf,train,combined_5-tightened,True,hardflow_sls-r,all,0.0,0.0,0.0,1.0,1.0,0.0,0.30244348359867246,0.06397559465840459,400.0,0.2752805499434471,275.2805499434471,10
18,H8_K20_Meuler_T0.2_Dmix_visual_aligning.models.visual_mf_diffusion.VisualMeanFlow_VTrue_mpc4_filmv1_Emf,train,combined_5-tightened,True,hardflow_sls-r,unfrozen,0.0,0.0,0.0,1.0,1.0,0.0,0.2783899784495462,0.07069905888703135,400.0,0.3058672777149412,305.8672777149412,9
18,H8_K20_Meuler_T0.2_Dmix_visual_aligning.models.visual_mf_diffusion.VisualMeanFlow_VTrue_mpc4_filmv1_Emf,train,combined_5-tightened,True,hardflow_sls-c,all,0.0,0.0,0.0,1.0,1.0,0.0,0.33234723481223927,0.0906667091883719,400.0,0.2823202964067459,282.3202964067459,10
18,H8_K20_Meuler_T0.2_Dmix_visual_aligning.models.visual_mf_diffusion.VisualMeanFlow_VTrue_mpc4_filmv1_Emf,train,combined_5-tightened,True,hardflow_sls-c,unfrozen,0.0,0.0,0.0,1.0,1.0,0.0,0.31161636868684267,0.10035585280921724,400.0,0.3136892182297177,313.68921822971765,9
18,H8_K20_Meuler_T0.2_Dmix_visual_aligning.models.visual_mf_diffusion.VisualMeanFlow_VTrue_mpc4_filmv1_Emf,train,combined_5-tightened,True,hardflow_sls-t,all,0.0,0.0,0.0,0.9,0.9985000014305114,0.6,0.35437919513478533,0.11274475725367665,400.0,0.3014632415175438,301.4632415175438,10
18,H8_K20_Meuler_T0.2_Dmix_visual_aligning.models.visual_mf_diffusion.VisualMeanFlow_VTrue_mpc4_filmv1_Emf,train,combined_5-tightened,True,hardflow_sls-t,unfrozen,0.0,0.0,0.0,0.8888888888888888,0.9983333349227905,0.6666666666666666,0.3360963246007827,0.12488701732622252,400.0,0.3349591572417153,334.95915724171533,9
18,H8_K20_Meuler_T0.2_Dmix_visual_aligning.models.visual_mf_diffusion.VisualMeanFlow_VTrue_mpc4_filmv1_Emf,train,combined_5-tightened,True,gradient,all,0.0,0.1,0.0,0.3,0.8128609657287598,68.1,0.3068107364472798,0.7744290730915964,362.9,0.17887022261520585,178.87022261520585,10
18,H8_K20_Meuler_T0.2_Dmix_visual_aligning.models.visual_mf_diffusion.VisualMeanFlow_VTrue_mpc4_filmv1_Emf,train,combined_5-tightened,True,gradient,unfrozen,0.0,0.1111111111111111,0.0,0.2222222222222222,0.792067739698622,75.66666666666667,0.2832424816146654,0.8600918127016889,358.77777777777777,0.19874469179467316,198.74469179467317,9
18,H8_K20_Meuler_T0.2_Dmix_visual_aligning.models.visual_mf_diffusion.VisualMeanFlow_VTrue_mpc4_filmv1_Emf,train,combined_5-tightened,True,post_processing,all,0.0,0.0,0.0,0.8,0.9702499985694886,11.9,0.3584816287181464,0.1748930555768311,400.0,0.19355517518520354,193.55517518520355,10
18,H8_K20_Meuler_T0.2_Dmix_visual_aligning.models.visual_mf_diffusion.VisualMeanFlow_VTrue_mpc4_filmv1_Emf,train,combined_5-tightened,True,post_processing,unfrozen,0.0,0.0,0.0,0.7777777777777778,0.9669444428549873,13.222222222222221,0.34065458413785055,0.19394068212972748,400.0,0.21506130576133728,215.06130576133728,9
18,H8_K20_Meuler_T0.2_Dmix_visual_aligning.models.visual_mf_diffusion.VisualMeanFlow_VTrue_mpc4_filmv1_Emf,train,combined_5-tightened,True,model_free,all,0.0,0.1,0.0,0.6,0.9244251549243927,29.4,0.32294502696494537,0.3487441104836762,393.4,0.21051154209310946,210.51154209310943,10
18,H8_K20_Meuler_T0.2_Dmix_visual_aligning.models.visual_mf_diffusion.VisualMeanFlow_VTrue_mpc4_filmv1_Emf,train,combined_5-tightened,True,model_free,unfrozen,0.0,0.1111111111111111,0.0,0.5555555555555556,0.9160279499159919,32.666666666666664,0.30116947107873826,0.3871085209151109,392.6666666666667,0.23390171343678828,233.90171343678827,9
18,H8_K20_Meuler_T0.2_Dmix_visual_aligning.models.visual_mf_diffusion.VisualMeanFlow_VTrue_mpc4_filmv1_Emf,train,combined_5-tightened,True,geo_free,all,0.0,0.2,0.0,0.2,0.9383083581924438,21.0,0.2860746365552277,0.19161555217579007,369.3,0.21671342726285525,216.71342726285525,10
18,H8_K20_Meuler_T0.2_Dmix_visual_aligning.models.visual_mf_diffusion.VisualMeanFlow_VTrue_mpc4_filmv1_Emf,train,combined_5-tightened,True,geo_free,unfrozen,0.0,0.2222222222222222,0.0,0.1111111111111111,0.9314537313249376,23.333333333333332,0.26020237062349644,0.21252123390634856,365.8888888888889,0.24079269695872807,240.79269695872804,9
18,H8_K20_Meuler_T0.2_Dmix_visual_aligning.models.visual_mf_diffusion.VisualMeanFlow_VTrue_mpc4_filmv1_Emf,train,combined_5-tightened,True,bounds_free,all,0.0,0.0,0.0,0.8,0.9972500026226043,1.1,0.2793190157870978,0.07171287005767227,400.0,0.25428124421834947,254.28124421834946,10
18,H8_K20_Meuler_T0.2_Dmix_visual_aligning.models.visual_mf_diffusion.VisualMeanFlow_VTrue_mpc4_filmv1_Emf,train,combined_5-tightened,True,bounds_free,unfrozen,0.0,0.0,0.0,0.7777777777777778,0.9969444473584493,1.2222222222222223,0.25269612532557434,0.07929603155288431,400.0,0.2825347157981661,282.5347157981661,9
18,H8_K20_Meuler_T0.2_Dmix_visual_aligning.models.visual_mf_diffusion.VisualMeanFlow_VTrue_mpc4_filmv1_Emf,train,combined_5-tightened,True,geo_free-bounds_free,all,0.0,0.0,0.0,0.3,0.9061709135770798,33.5,0.23117497196816889,0.2574631338007748,377.7,0.20958853433890776,209.58853433890778,10
18,H8_K20_Meuler_T0.2_Dmix_visual_aligning.models.visual_mf_diffusion.VisualMeanFlow_VTrue_mpc4_filmv1_Emf,train,combined_5-tightened,True,geo_free-bounds_free,unfrozen,0.0,0.0,0.0,0.2222222222222222,0.8957454595300887,37.22222222222222,0.1992027433045422,0.2856852134896649,375.22222222222223,0.23287614926545308,232.87614926545308,9
18,H8_K20_Meuler_T0.2_Dmix_visual_aligning.models.visual_mf_diffusion.VisualMeanFlow_VTrue_mpc4_filmv1_Emf,train,combined_5-tightened,True,geo_free-model_free,all,0.0,0.0,0.0,0.6,0.8813286483287811,36.3,0.37740574474297056,0.23525256784632803,348.1,0.1959737699452379,195.9737699452379,10
18,H8_K20_Meuler_T0.2_Dmix_visual_aligning.models.visual_mf_diffusion.VisualMeanFlow_VTrue_mpc4_filmv1_Emf,train,combined_5-tightened,True,geo_free-model_free,unfrozen,0.0,0.0,0.0,0.5555555555555556,0.8681429425875345,40.333333333333336,0.36168137972098857,0.26100680687361294,342.3333333333333,0.21774863327248656,217.74863327248656,9
18,H8_K20_Meuler_T0.2_Dmix_visual_aligning.models.visual_mf_diffusion.VisualMeanFlow_VTrue_mpc4_filmv1_Emf,train,combined_5-tightened,True,model_free-bounds_free,all,0.1,0.2,0.0,0.3,0.9092261910438537,33.5,0.2131961129502868,0.4280404499731958,370.5,0.20914917053211304,209.14917053211303,10
18,H8_K20_Meuler_T0.2_Dmix_visual_aligning.models.visual_mf_diffusion.VisualMeanFlow_VTrue_mpc4_filmv1_Emf,train,combined_5-tightened,True,model_free-bounds_free,unfrozen,0.1111111111111111,0.2222222222222222,0.0,0.2222222222222222,0.8991402122709486,37.22222222222222,0.17922623328467321,0.4752155647923549,367.22222222222223,0.23238796725790337,232.38796725790337,9
19,H8_K2_Meuler_T0.5_Dmix_visual_aligning.models.visual_mf_diffusion.VisualMeanFlow_VTrue_mpc4_filmv1_Emf,train,combined_5,False,diffuser,all,0.03333333333333333,0.06666666666666667,0.03333333333333333,0.3333333333333333,0.7668908029794693,92.83333333333333,0.4656311719651029,0.4488633076970776,384.3333333333333,0.027917943451911183,27.91794345191118,30
19,H8_K2_Meuler_T0.5_Dmix_visual_aligning.models.visual_mf_diffusion.VisualMeanFlow_VTrue_mpc4_filmv1_Emf,train,combined_5,False,diffuser,unfrozen,0.03333333333333333,0.06666666666666667,0.03333333333333333,0.3333333333333333,0.7668908029794693,92.83333333333333,0.4656311719651029,0.4488633076970776,384.3333333333333,0.027917943451911183,27.91794345191118,30
19,H8_K2_Meuler_T0.5_Dmix_visual_aligning.models.visual_mf_diffusion.VisualMeanFlow_VTrue_mpc4_filmv1_Emf,train,combined_5,False,dpcc-r,all,0.06666666666666667,0.13333333333333333,0.06666666666666667,0.36666666666666664,0.8540833353996277,58.36666666666667,0.34229933710918437,0.15874502745767435,380.6333333333333,0.055544761518630685,55.544761518630686,30
19,H8_K2_Meuler_T0.5_Dmix_visual_aligning.models.visual_mf_diffusion.VisualMeanFlow_VTrue_mpc4_filmv1_Emf,train,combined_5,False,dpcc-r,unfrozen,0.06666666666666667,0.13333333333333333,0.06666666666666667,0.36666666666666664,0.8540833353996277,58.36666666666667,0.34229933710918437,0.15874502745767435,380.6333333333333,0.055544761518630685,55.544761518630686,30
19,H8_K2_Meuler_T0.5_Dmix_visual_aligning.models.visual_mf_diffusion.VisualMeanFlow_VTrue_mpc4_filmv1_Emf,train,combined_5,False,dpcc-c,all,0.0,0.03333333333333333,0.0,0.23333333333333334,0.8262499988079071,69.5,0.40940863256454657,0.2288621782635649,400.0,0.0569419724146525,56.941972414652504,30
19,H8_K2_Meuler_T0.5_Dmix_visual_aligning.models.visual_mf_diffusion.VisualMeanFlow_VTrue_mpc4_filmv1_Emf,train,combined_5,False,dpcc-c,unfrozen,0.0,0.03333333333333333,0.0,0.23333333333333334,0.8262499988079071,69.5,0.40940863256454657,0.2288621782635649,400.0,0.0569419724146525,56.941972414652504,30
19,H8_K2_Meuler_T0.5_Dmix_visual_aligning.models.visual_mf_diffusion.VisualMeanFlow_VTrue_mpc4_filmv1_Emf,train,combined_5,False,dpcc-t,all,0.0,0.03333333333333333,0.0,0.26666666666666666,0.8344166666269303,66.23333333333333,0.286746027175339,0.20024955763171118,400.0,0.05280208228031794,52.80208228031794,30
19,H8_K2_Meuler_T0.5_Dmix_visual_aligning.models.visual_mf_diffusion.VisualMeanFlow_VTrue_mpc4_filmv1_Emf,train,combined_5,False,dpcc-t,unfrozen,0.0,0.03333333333333333,0.0,0.26666666666666666,0.8344166666269303,66.23333333333333,0.286746027175339,0.20024955763171118,400.0,0.05280208228031794,52.80208228031794,30
19,H8_K2_Meuler_T0.5_Dmix_visual_aligning.models.visual_mf_diffusion.VisualMeanFlow_VTrue_mpc4_filmv1_Emf,train,combined_5,False,dpcc-c-dt0p25,all,0.06666666666666667,0.1,0.0,0.2,0.8915816913048427,42.9,0.32480256120158596,0.1365115840608875,377.9,0.0557785986389144,55.7785986389144,30
19,H8_K2_Meuler_T0.5_Dmix_visual_aligning.models.visual_mf_diffusion.VisualMeanFlow_VTrue_mpc4_filmv1_Emf,train,combined_5,False,dpcc-c-dt0p25,unfrozen,0.06666666666666667,0.1,0.0,0.2,0.8915816913048427,42.9,0.32480256120158596,0.1365115840608875,377.9,0.0557785986389144,55.7785986389144,30
19,H8_K2_Meuler_T0.5_Dmix_visual_aligning.models.visual_mf_diffusion.VisualMeanFlow_VTrue_mpc4_filmv1_Emf,train,combined_5,False,dpcc-c-dt0p5,all,0.03333333333333333,0.13333333333333333,0.03333333333333333,0.2,0.8616666704416275,55.333333333333336,0.305525295586006,0.21050835984448593,398.8666666666667,0.05918758116241796,59.187581162417956,30
19,H8_K2_Meuler_T0.5_Dmix_visual_aligning.models.visual_mf_diffusion.VisualMeanFlow_VTrue_mpc4_filmv1_Emf,train,combined_5,False,dpcc-c-dt0p5,unfrozen,0.03333333333333333,0.13333333333333333,0.03333333333333333,0.2,0.8616666704416275,55.333333333333336,0.305525295586006,0.21050835984448593,398.8666666666667,0.05918758116241796,59.187581162417956,30
19,H8_K2_Meuler_T0.5_Dmix_visual_aligning.models.visual_mf_diffusion.VisualMeanFlow_VTrue_mpc4_filmv1_Emf,train,combined_5,False,dpcc-c-dt2p0,all,0.0,0.0,0.0,0.1,0.8541666706403096,58.333333333333336,0.3760310176959306,0.1491049791375796,400.0,0.08900804217656452,89.00804217656453,30
19,H8_K2_Meuler_T0.5_Dmix_visual_aligning.models.visual_mf_diffusion.VisualMeanFlow_VTrue_mpc4_filmv1_Emf,train,combined_5,False,dpcc-c-dt2p0,unfrozen,0.0,0.0,0.0,0.1,0.8541666706403096,58.333333333333336,0.3760310176959306,0.1491049791375796,400.0,0.08900804217656452,89.00804217656453,30
19,H8_K2_Meuler_T0.5_Dmix_visual_aligning.models.visual_mf_diffusion.VisualMeanFlow_VTrue_mpc4_filmv1_Emf,train,combined_5,False,dpcc-c-dt4p0,all,0.0,0.0,0.0,0.4666666666666667,0.94500000278155,22.0,0.3834990723207879,0.14000453383972247,400.0,0.04391747830311457,43.91747830311457,30
19,H8_K2_Meuler_T0.5_Dmix_visual_aligning.models.visual_mf_diffusion.VisualMeanFlow_VTrue_mpc4_filmv1_Emf,train,combined_5,False,dpcc-c-dt4p0,unfrozen,0.0,0.0,0.0,0.4666666666666667,0.94500000278155,22.0,0.3834990723207879,0.14000453383972247,400.0,0.04391747830311457,43.91747830311457,30
19,H8_K2_Meuler_T0.5_Dmix_visual_aligning.models.visual_mf_diffusion.VisualMeanFlow_VTrue_mpc4_filmv1_Emf,train,combined_5,False,hardflow_new-r,all,0.0,0.1,0.0,0.26666666666666666,0.8759166677792867,49.63333333333333,0.30644387732967054,0.2359429206699133,400.0,0.18185019095738728,181.8501909573873,30
19,H8_K2_Meuler_T0.5_Dmix_visual_aligning.models.visual_mf_diffusion.VisualMeanFlow_VTrue_mpc4_filmv1_Emf,train,combined_5,False,hardflow_new-r,unfrozen,0.0,0.1,0.0,0.26666666666666666,0.8759166677792867,49.63333333333333,0.30644387732967054,0.2359429206699133,400.0,0.18185019095738728,181.8501909573873,30
19,H8_K2_Meuler_T0.5_Dmix_visual_aligning.models.visual_mf_diffusion.VisualMeanFlow_VTrue_mpc4_filmv1_Emf,train,combined_5,False,hardflow_new-c,all,0.06666666666666667,0.06666666666666667,0.06666666666666667,0.26666666666666666,0.8492500027020772,60.3,0.3249370049740519,0.1517169000580907,392.23333333333335,0.19397613014103168,193.9761301410317,30
19,H8_K2_Meuler_T0.5_Dmix_visual_aligning.models.visual_mf_diffusion.VisualMeanFlow_VTrue_mpc4_filmv1_Emf,train,combined_5,False,hardflow_new-c,unfrozen,0.06666666666666667,0.06666666666666667,0.06666666666666667,0.26666666666666666,0.8492500027020772,60.3,0.3249370049740519,0.1517169000580907,392.23333333333335,0.19397613014103168,193.9761301410317,30
19,H8_K2_Meuler_T0.5_Dmix_visual_aligning.models.visual_mf_diffusion.VisualMeanFlow_VTrue_mpc4_filmv1_Emf,train,combined_5,False,hardflow_new-t,all,0.0,0.06666666666666667,0.0,0.5,0.8995833337306977,40.166666666666664,0.30738108602955483,0.1927858678624034,400.0,0.17486029400428135,174.86029400428137,30
19,H8_K2_Meuler_T0.5_Dmix_visual_aligning.models.visual_mf_diffusion.VisualMeanFlow_VTrue_mpc4_filmv1_Emf,train,combined_5,False,hardflow_new-t,unfrozen,0.0,0.06666666666666667,0.0,0.5,0.8995833337306977,40.166666666666664,0.30738108602955483,0.1927858678624034,400.0,0.17486029400428135,174.86029400428137,30
19,H8_K2_Meuler_T0.5_Dmix_visual_aligning.models.visual_mf_diffusion.VisualMeanFlow_VTrue_mpc4_filmv1_Emf,train,combined_5,False,gradient,all,0.06666666666666667,0.1,0.03333333333333333,0.3,0.756657408674558,97.1,0.37126018434638197,0.5692588986208041,381.73333333333335,0.02954654978160505,29.546549781605048,30
19,H8_K2_Meuler_T0.5_Dmix_visual_aligning.models.visual_mf_diffusion.VisualMeanFlow_VTrue_mpc4_filmv1_Emf,train,combined_5,False,gradient,unfrozen,0.06666666666666667,0.1,0.03333333333333333,0.3,0.756657408674558,97.1,0.37126018434638197,0.5692588986208041,381.73333333333335,0.02954654978160505,29.546549781605048,30
19,H8_K2_Meuler_T0.5_Dmix_visual_aligning.models.visual_mf_diffusion.VisualMeanFlow_VTrue_mpc4_filmv1_Emf,train,combined_5,False,post_processing,all,0.06666666666666667,0.13333333333333333,0.06666666666666667,0.36666666666666664,0.8572500010331472,57.1,0.3481104900056444,0.1577119154234727,380.6333333333333,0.05625771999365117,56.25771999365117,30
19,H8_K2_Meuler_T0.5_Dmix_visual_aligning.models.visual_mf_diffusion.VisualMeanFlow_VTrue_mpc4_filmv1_Emf,train,combined_5,False,post_processing,unfrozen,0.06666666666666667,0.13333333333333333,0.06666666666666667,0.36666666666666664,0.8572500010331472,57.1,0.3481104900056444,0.1577119154234727,380.6333333333333,0.05625771999365117,56.25771999365117,30
19,H8_K2_Meuler_T0.5_Dmix_visual_aligning.models.visual_mf_diffusion.VisualMeanFlow_VTrue_mpc4_filmv1_Emf,train,combined_5,False,model_free,all,0.03333333333333333,0.1,0.03333333333333333,0.3,0.7939166694879531,82.43333333333334,0.36110556378656117,0.38050395088891187,393.23333333333335,0.03956535096590087,39.56535096590087,30
19,H8_K2_Meuler_T0.5_Dmix_visual_aligning.models.visual_mf_diffusion.VisualMeanFlow_VTrue_mpc4_filmv1_Emf,train,combined_5,False,model_free,unfrozen,0.03333333333333333,0.1,0.03333333333333333,0.3,0.7939166694879531,82.43333333333334,0.36110556378656117,0.38050395088891187,393.23333333333335,0.03956535096590087,39.56535096590087,30
19,H8_K2_Meuler_T0.5_Dmix_visual_aligning.models.visual_mf_diffusion.VisualMeanFlow_VTrue_mpc4_filmv1_Emf,train,combined_5,False,geo_free,all,0.03333333333333333,0.1,0.03333333333333333,0.26666666666666666,0.7939166704813639,82.43333333333334,0.36261272238645864,0.35631855148822067,390.53333333333336,0.040890841238115025,40.89084123811503,30
19,H8_K2_Meuler_T0.5_Dmix_visual_aligning.models.visual_mf_diffusion.VisualMeanFlow_VTrue_mpc4_filmv1_Emf,train,combined_5,False,geo_free,unfrozen,0.03333333333333333,0.1,0.03333333333333333,0.26666666666666666,0.7939166704813639,82.43333333333334,0.36261272238645864,0.35631855148822067,390.53333333333336,0.040890841238115025,40.89084123811503,30
19,H8_K2_Meuler_T0.5_Dmix_visual_aligning.models.visual_mf_diffusion.VisualMeanFlow_VTrue_mpc4_filmv1_Emf,train,combined_5,False,bounds_free,all,0.03333333333333333,0.06666666666666667,0.03333333333333333,0.43333333333333335,0.8988333364327749,40.46666666666667,0.2946522132303157,0.19839622663954895,390.8333333333333,0.04868275051116943,48.68275051116943,30
19,H8_K2_Meuler_T0.5_Dmix_visual_aligning.models.visual_mf_diffusion.VisualMeanFlow_VTrue_mpc4_filmv1_Emf,train,combined_5,False,bounds_free,unfrozen,0.03333333333333333,0.06666666666666667,0.03333333333333333,0.43333333333333335,0.8988333364327749,40.46666666666667,0.2946522132303157,0.19839622663954895,390.8333333333333,0.04868275051116943,48.68275051116943,30
19,H8_K2_Meuler_T0.5_Dmix_visual_aligning.models.visual_mf_diffusion.VisualMeanFlow_VTrue_mpc4_filmv1_Emf,train,combined_5,False,geo_free-bounds_free,all,0.0,0.1,0.0,0.26666666666666666,0.7779166648785273,88.83333333333333,0.3375446922385332,0.322550434495012,400.0,0.038000758926073706,38.00075892607371,30
19,H8_K2_Meuler_T0.5_Dmix_visual_aligning.models.visual_mf_diffusion.VisualMeanFlow_VTrue_mpc4_filmv1_Emf,train,combined_5,False,geo_free-bounds_free,unfrozen,0.0,0.1,0.0,0.26666666666666666,0.7779166648785273,88.83333333333333,0.3375446922385332,0.322550434495012,400.0,0.038000758926073706,38.00075892607371,30
19,H8_K2_Meuler_T0.5_Dmix_visual_aligning.models.visual_mf_diffusion.VisualMeanFlow_VTrue_mpc4_filmv1_Emf,train,combined_5,False,geo_free-model_free,all,0.03333333333333333,0.1,0.03333333333333333,0.3,0.7924166689316432,83.03333333333333,0.3570557020029755,0.3890533848355214,393.23333333333335,0.03497935260582696,34.97935260582697,30
19,H8_K2_Meuler_T0.5_Dmix_visual_aligning.models.visual_mf_diffusion.VisualMeanFlow_VTrue_mpc4_filmv1_Emf,train,combined_5,False,geo_free-model_free,unfrozen,0.03333333333333333,0.1,0.03333333333333333,0.3,0.7924166689316432,83.03333333333333,0.3570557020029755,0.3890533848355214,393.23333333333335,0.03497935260582696,34.97935260582697,30
19,H8_K2_Meuler_T0.5_Dmix_visual_aligning.models.visual_mf_diffusion.VisualMeanFlow_VTrue_mpc4_filmv1_Emf,train,combined_5,False,model_free-bounds_free,all,0.03333333333333333,0.06666666666666667,0.03333333333333333,0.3,0.8427500039339065,62.9,0.34572795377894344,0.3555564314126968,393.1666666666667,0.03599846868841058,35.99846868841057,30
19,H8_K2_Meuler_T0.5_Dmix_visual_aligning.models.visual_mf_diffusion.VisualMeanFlow_VTrue_mpc4_filmv1_Emf,train,combined_5,False,model_free-bounds_free,unfrozen,0.03333333333333333,0.06666666666666667,0.03333333333333333,0.3,0.8427500039339065,62.9,0.34572795377894344,0.3555564314126968,393.1666666666667,0.03599846868841058,35.99846868841057,30
19,H8_K2_Meuler_T0.5_Dmix_visual_aligning.models.visual_mf_diffusion.VisualMeanFlow_VTrue_mpc4_filmv1_Emf,train,combined_5-tightened,True,diffuser,all,0.06666666666666667,0.1,0.0,0.36666666666666664,0.839243084192276,63.46666666666667,0.3451415199179802,0.4747520330051581,384.73333333333335,0.023709389816844197,23.709389816844197,30
19,H8_K2_Meuler_T0.5_Dmix_visual_aligning.models.visual_mf_diffusion.VisualMeanFlow_VTrue_mpc4_filmv1_Emf,train,combined_5-tightened,True,diffuser,unfrozen,0.07692307692307693,0.11538461538461539,0.0,0.2692307692307692,0.8145112509910877,73.23076923076923,0.34145750142098213,0.5472578201442957,382.38461538461536,0.027356988250204845,27.356988250204843,26
19,H8_K2_Meuler_T0.5_Dmix_visual_aligning.models.visual_mf_diffusion.VisualMeanFlow_VTrue_mpc4_filmv1_Emf,train,combined_5-tightened,True,dpcc-r,all,0.0,0.1,0.0,0.9,0.9888333340485891,4.466666666666667,0.31445338937237594,0.09752873207132022,391.1666666666667,0.042250735613299,42.250735613299,30
19,H8_K2_Meuler_T0.5_Dmix_visual_aligning.models.visual_mf_diffusion.VisualMeanFlow_VTrue_mpc4_filmv1_Emf,train,combined_5-tightened,True,dpcc-r,unfrozen,0.0,0.11538461538461539,0.0,0.8846153846153846,0.9871153854406797,5.153846153846154,0.30604812002220805,0.11200016522063659,389.8076923076923,0.04875084878457577,48.75084878457577,26
19,H8_K2_Meuler_T0.5_Dmix_visual_aligning.models.visual_mf_diffusion.VisualMeanFlow_VTrue_mpc4_filmv1_Emf,train,combined_5-tightened,True,dpcc-c,all,0.03333333333333333,0.03333333333333333,0.03333333333333333,0.7333333333333333,0.9685000012318293,12.6,0.3626395881069006,0.20426119280358154,392.2,0.05490601671029286,54.90601671029287,30
19,H8_K2_Meuler_T0.5_Dmix_visual_aligning.models.visual_mf_diffusion.VisualMeanFlow_VTrue_mpc4_filmv1_Emf,train,combined_5-tightened,True,dpcc-c,unfrozen,0.038461538461538464,0.038461538461538464,0.038461538461538464,0.6923076923076923,0.9636538475751877,14.538461538461538,0.3616475801005058,0.23515300452709198,391.0,0.06335309620418407,63.35309620418408,26
19,H8_K2_Meuler_T0.5_Dmix_visual_aligning.models.visual_mf_diffusion.VisualMeanFlow_VTrue_mpc4_filmv1_Emf,train,combined_5-tightened,True,dpcc-t,all,0.06666666666666667,0.13333333333333333,0.06666666666666667,1.0,1.0,0.0,0.30663473812306025,0.11232120984544357,381.96666666666664,0.04234230594704307,42.34230594704307,30
19,H8_K2_Meuler_T0.5_Dmix_visual_aligning.models.visual_mf_diffusion.VisualMeanFlow_VTrue_mpc4_filmv1_Emf,train,combined_5-tightened,True,dpcc-t,unfrozen,0.07692307692307693,0.15384615384615385,0.07692307692307693,1.0,1.0,0.0,0.2970265993499207,0.12906840880616352,379.1923076923077,0.04885650686197278,48.856506861972775,26
19,H8_K2_Meuler_T0.5_Dmix_visual_aligning.models.visual_mf_diffusion.VisualMeanFlow_VTrue_mpc4_filmv1_Emf,train,combined_5-tightened,True,dpcc-c-dt0p25,all,0.03333333333333333,0.1,0.03333333333333333,0.9,0.9838333348433177,6.466666666666667,0.2874642293130029,0.14943784344941377,390.43333333333334,0.04700800458766015,47.008004587660146,30
19,H8_K2_Meuler_T0.5_Dmix_visual_aligning.models.visual_mf_diffusion.VisualMeanFlow_VTrue_mpc4_filmv1_Emf,train,combined_5-tightened,True,dpcc-c-dt0p25,unfrozen,0.038461538461538464,0.11538461538461539,0.038461538461538464,0.8846153846153846,0.9813461555884435,7.461538461538462,0.27490678149216224,0.17189529373382145,388.96153846153845,0.05424000529345401,54.24000529345402,26
19,H8_K2_Meuler_T0.5_Dmix_visual_aligning.models.visual_mf_diffusion.VisualMeanFlow_VTrue_mpc4_filmv1_Emf,train,combined_5-tightened,True,dpcc-c-dt0p5,all,0.03333333333333333,0.1,0.03333333333333333,0.7666666666666667,0.970333335796992,11.866666666666667,0.32292421998528814,0.1245222789545854,397.0,0.04856826197011497,48.56826197011496,30
19,H8_K2_Meuler_T0.5_Dmix_visual_aligning.models.visual_mf_diffusion.VisualMeanFlow_VTrue_mpc4_filmv1_Emf,train,combined_5-tightened,True,dpcc-c-dt0p5,unfrozen,0.038461538461538464,0.11538461538461539,0.038461538461538464,0.7307692307692307,0.9657692336119138,13.692307692307692,0.315822155344799,0.14314656547055796,396.53846153846155,0.05604030227320958,56.040302273209576,26
19,H8_K2_Meuler_T0.5_Dmix_visual_aligning.models.visual_mf_diffusion.VisualMeanFlow_VTrue_mpc4_filmv1_Emf,train,combined_5-tightened,True,dpcc-c-dt2p0,all,0.0,0.0,0.0,0.8333333333333334,0.9882500012715657,4.7,0.3633628326423671,0.07478704117238522,400.0,0.041243631104628246,41.24363110462824,30
19,H8_K2_Meuler_T0.5_Dmix_visual_aligning.models.visual_mf_diffusion.VisualMeanFlow_VTrue_mpc4_filmv1_Emf,train,combined_5-tightened,True,dpcc-c-dt2p0,unfrozen,0.0,0.0,0.0,0.8076923076923077,0.9864423091594989,5.423076923076923,0.36248209302604395,0.08575975264494236,400.0,0.0475888051207249,47.5888051207249,26
19,H8_K2_Meuler_T0.5_Dmix_visual_aligning.models.visual_mf_diffusion.VisualMeanFlow_VTrue_mpc4_filmv1_Emf,train,combined_5-tightened,True,dpcc-c-dt4p0,all,0.0,0.0,0.0,0.9666666666666667,0.9990000009536744,0.4,0.3877749434797981,0.05674245761086543,400.0,0.03823590246836344,38.23590246836344,30
19,H8_K2_Meuler_T0.5_Dmix_visual_aligning.models.visual_mf_diffusion.VisualMeanFlow_VTrue_mpc4_filmv1_Emf,train,combined_5-tightened,True,dpcc-c-dt4p0,unfrozen,0.0,0.0,0.0,0.9615384615384616,0.9988461549465473,0.46153846153846156,0.39064991322307974,0.06493907930472723,400.0,0.04411834900195782,44.11834900195782,26
19,H8_K2_Meuler_T0.5_Dmix_visual_aligning.models.visual_mf_diffusion.VisualMeanFlow_VTrue_mpc4_filmv1_Emf,train,combined_5-tightened,True,hardflow_new-r,all,0.0,0.0,0.0,0.9333333333333333,0.9914166669050852,3.433333333333333,0.311733897993545,0.131418608315289,400.0,0.14723393525679906,147.23393525679907,30
19,H8_K2_Meuler_T0.5_Dmix_visual_aligning.models.visual_mf_diffusion.VisualMeanFlow_VTrue_mpc4_filmv1_Emf,train,combined_5-tightened,True,hardflow_new-r,unfrozen,0.0,0.0,0.0,0.9230769230769231,0.9900961541212522,3.9615384615384617,0.3029102453543262,0.15110386857906213,400.0,0.16988530991169123,169.88530991169122,26
19,H8_K2_Meuler_T0.5_Dmix_visual_aligning.models.visual_mf_diffusion.VisualMeanFlow_VTrue_mpc4_filmv1_Emf,train,combined_5-tightened,True,hardflow_new-c,all,0.03333333333333333,0.13333333333333333,0.03333333333333333,0.8666666666666667,0.9944999992847443,2.2,0.2959498844884527,0.11848369296640157,390.26666666666665,0.1483372326861193,148.33723268611934,30
19,H8_K2_Meuler_T0.5_Dmix_visual_aligning.models.visual_mf_diffusion.VisualMeanFlow_VTrue_mpc4_filmv1_Emf,train,combined_5-tightened,True,hardflow_new-c,unfrozen,0.038461538461538464,0.15384615384615385,0.038461538461538464,0.8461538461538461,0.993653845328551,2.5384615384615383,0.28469792207921973,0.13617896625342277,388.7692307692308,0.17115834540706074,171.15834540706075,26
19,H8_K2_Meuler_T0.5_Dmix_visual_aligning.models.visual_mf_diffusion.VisualMeanFlow_VTrue_mpc4_filmv1_Emf,train,combined_5-tightened,True,hardflow_new-t,all,0.03333333333333333,0.06666666666666667,0.03333333333333333,0.9666666666666667,0.9991666674613953,0.3333333333333333,0.3111556540279433,0.12530307546257974,390.3666666666667,0.14555286898537798,145.552868985378,30
19,H8_K2_Meuler_T0.5_Dmix_visual_aligning.models.visual_mf_diffusion.VisualMeanFlow_VTrue_mpc4_filmv1_Emf,train,combined_5-tightened,True,hardflow_new-t,unfrozen,0.038461538461538464,0.07692307692307693,0.038461538461538464,0.9615384615384616,0.999038462455456,0.38461538461538464,0.3022430407786319,0.14404748451824373,388.88461538461536,0.16794561806005154,167.94561806005154,26
19,H8_K2_Meuler_T0.5_Dmix_visual_aligning.models.visual_mf_diffusion.VisualMeanFlow_VTrue_mpc4_filmv1_Emf,train,combined_5-tightened,True,gradient,all,0.03333333333333333,0.13333333333333333,0.0,0.3333333333333333,0.8136574029922485,74.3,0.3153225375961718,0.374087047825257,391.46666666666664,0.025268769025802613,25.268769025802612,30
19,H8_K2_Meuler_T0.5_Dmix_visual_aligning.models.visual_mf_diffusion.VisualMeanFlow_VTrue_mpc4_filmv1_Emf,train,combined_5-tightened,True,gradient,unfrozen,0.038461538461538464,0.15384615384615385,0.0,0.23076923076923078,0.7849893111449021,85.73076923076923,0.30705098335735703,0.4311059141674867,390.15384615384613,0.02915627195284917,29.156271952849167,26
19,H8_K2_Meuler_T0.5_Dmix_visual_aligning.models.visual_mf_diffusion.VisualMeanFlow_VTrue_mpc4_filmv1_Emf,train,combined_5-tightened,True,post_processing,all,0.0,0.1,0.0,0.9,0.9878333330154419,4.866666666666666,0.3681899136605878,0.11453284149368605,391.1666666666667,0.04230858953646672,42.30858953646671,30
19,H8_K2_Meuler_T0.5_Dmix_visual_aligning.models.visual_mf_diffusion.VisualMeanFlow_VTrue_mpc4_filmv1_Emf,train,combined_5-tightened,True,post_processing,unfrozen,0.0,0.11538461538461539,0.0,0.8846153846153846,0.9859615380947406,5.615384615384615,0.3680518018932216,0.13162029147721255,389.8076923076923,0.04881760331130775,48.81760331130775,26
19,H8_K2_Meuler_T0.5_Dmix_visual_aligning.models.visual_mf_diffusion.VisualMeanFlow_VTrue_mpc4_filmv1_Emf,train,combined_5-tightened,True,model_free,all,0.0,0.0,0.0,0.3,0.8403333365917206,63.86666666666667,0.36250931095668676,0.4082582520941893,400.0,0.03462813524405162,34.62813524405161,30
19,H8_K2_Meuler_T0.5_Dmix_visual_aligning.models.visual_mf_diffusion.VisualMeanFlow_VTrue_mpc4_filmv1_Emf,train,combined_5-tightened,True,model_free,unfrozen,0.0,0.0,0.0,0.19230769230769232,0.8157692345289084,73.6923076923077,0.36149726031179746,0.47053422678548557,400.0,0.0399555406662134,39.9555406662134,26
19,H8_K2_Meuler_T0.5_Dmix_visual_aligning.models.visual_mf_diffusion.VisualMeanFlow_VTrue_mpc4_filmv1_Emf,train,combined_5-tightened,True,geo_free,all,0.03333333333333333,0.1,0.03333333333333333,0.4,0.815500005086263,73.8,0.3798482991735163,0.3334600754082203,391.56666666666666,0.03516345360625087,35.163453606250876,30
19,H8_K2_Meuler_T0.5_Dmix_visual_aligning.models.visual_mf_diffusion.VisualMeanFlow_VTrue_mpc4_filmv1_Emf,train,combined_5-tightened,True,geo_free,unfrozen,0.038461538461538464,0.11538461538461539,0.038461538461538464,0.3076923076923077,0.7871153904841497,85.15384615384616,0.38150378517737,0.38422863830167514,390.2692307692308,0.04057321569952024,40.57321569952024,26
19,H8_K2_Meuler_T0.5_Dmix_visual_aligning.models.visual_mf_diffusion.VisualMeanFlow_VTrue_mpc4_filmv1_Emf,train,combined_5-tightened,True,bounds_free,all,0.03333333333333333,0.06666666666666667,0.03333333333333333,0.9333333333333333,0.9986666679382324,0.5333333333333333,0.28350863350795136,0.0921717089911302,383.93333333333334,0.03746329433835463,37.463294338354636,30
19,H8_K2_Meuler_T0.5_Dmix_visual_aligning.models.visual_mf_diffusion.VisualMeanFlow_VTrue_mpc4_filmv1_Emf,train,combined_5-tightened,True,bounds_free,unfrozen,0.038461538461538464,0.07692307692307693,0.038461538461538464,0.9230769230769231,0.9984615399287298,0.6153846153846154,0.2703426324863335,0.10581898474349426,381.46153846153845,0.043226878082716885,43.22687808271689,26
19,H8_K2_Meuler_T0.5_Dmix_visual_aligning.models.visual_mf_diffusion.VisualMeanFlow_VTrue_mpc4_filmv1_Emf,train,combined_5-tightened,True,geo_free-bounds_free,all,0.0,0.03333333333333333,0.0,0.3333333333333333,0.7794999957084656,88.2,0.37296399754052934,0.3748633216445645,400.0,0.03350994310776392,33.509943107763924,30
19,H8_K2_Meuler_T0.5_Dmix_visual_aligning.models.visual_mf_diffusion.VisualMeanFlow_VTrue_mpc4_filmv1_Emf,train,combined_5-tightened,True,geo_free-bounds_free,unfrozen,0.0,0.038461538461538464,0.0,0.23076923076923078,0.7455769181251526,101.76923076923077,0.3735603602162311,0.4320016147282261,400.0,0.03866531897049684,38.66531897049684,26
19,H8_K2_Meuler_T0.5_Dmix_visual_aligning.models.visual_mf_diffusion.VisualMeanFlow_VTrue_mpc4_filmv1_Emf,train,combined_5-tightened,True,geo_free-model_free,all,0.0,0.0,0.0,0.3,0.8380833367506663,64.76666666666667,0.3542974773653184,0.39882828245560326,400.0,0.029858682076136272,29.858682076136272,30
19,H8_K2_Meuler_T0.5_Dmix_visual_aligning.models.visual_mf_diffusion.VisualMeanFlow_VTrue_mpc4_filmv1_Emf,train,combined_5-tightened,True,geo_free-model_free,unfrozen,0.0,0.0,0.0,0.19230769230769232,0.8131730808661535,74.73076923076923,0.3520220677063724,0.4596534925871171,400.0,0.03445232547246493,34.45232547246493,26
19,H8_K2_Meuler_T0.5_Dmix_visual_aligning.models.visual_mf_diffusion.VisualMeanFlow_VTrue_mpc4_filmv1_Emf,train,combined_5-tightened,True,model_free-bounds_free,all,0.0,0.0,0.0,0.3,0.8400000035762787,64.0,0.3599826128268069,0.4072657889376084,400.0,0.03220420291026434,32.204202910264335,30
19,H8_K2_Meuler_T0.5_Dmix_visual_aligning.models.visual_mf_diffusion.VisualMeanFlow_VTrue_mpc4_filmv1_Emf,train,combined_5-tightened,True,model_free-bounds_free,unfrozen,0.0,0.0,0.0,0.19230769230769232,0.8153846195110908,73.84615384615384,0.35858183939270527,0.46938907698943066,400.0,0.03715869566568962,37.15869566568961,26
20,H8_K2_Meuler_T0.5_Dmix_visual_aligning.models.visual_mf_diffusion.VisualMeanFlow_VTrue_mpc4_filmv2_Emf,train,combined_5,False,diffuser,all,0.03333333333333333,0.03333333333333333,0.03333333333333333,0.1,0.5760833352804184,169.56666666666666,0.40977582973391613,0.7298704791193207,390.3666666666667,0.030749761920970484,30.74976192097048,30
20,H8_K2_Meuler_T0.5_Dmix_visual_aligning.models.visual_mf_diffusion.VisualMeanFlow_VTrue_mpc4_filmv2_Emf,train,combined_5,False,diffuser,unfrozen,0.03333333333333333,0.03333333333333333,0.03333333333333333,0.1,0.5760833352804184,169.56666666666666,0.40977582973391613,0.7298704791193207,390.3666666666667,0.030749761920970484,30.74976192097048,30
20,H8_K2_Meuler_T0.5_Dmix_visual_aligning.models.visual_mf_diffusion.VisualMeanFlow_VTrue_mpc4_filmv2_Emf,train,combined_5,False,dpcc-r,all,0.03333333333333333,0.06666666666666667,0.03333333333333333,0.13333333333333333,0.8244166672229767,70.23333333333333,0.37495237265460984,0.38796280392756066,390.46666666666664,0.09818725613613574,98.18725613613576,30
20,H8_K2_Meuler_T0.5_Dmix_visual_aligning.models.visual_mf_diffusion.VisualMeanFlow_VTrue_mpc4_filmv2_Emf,train,combined_5,False,dpcc-r,unfrozen,0.03333333333333333,0.06666666666666667,0.03333333333333333,0.13333333333333333,0.8244166672229767,70.23333333333333,0.37495237265460984,0.38796280392756066,390.46666666666664,0.09818725613613574,98.18725613613576,30
20,H8_K2_Meuler_T0.5_Dmix_visual_aligning.models.visual_mf_diffusion.VisualMeanFlow_VTrue_mpc4_filmv2_Emf,train,combined_5,False,dpcc-c,all,0.0,0.0,0.0,0.1,0.7211666623751323,111.53333333333333,0.38554095472027616,0.19300409766534965,400.0,0.06749382191896439,67.49382191896439,30
20,H8_K2_Meuler_T0.5_Dmix_visual_aligning.models.visual_mf_diffusion.VisualMeanFlow_VTrue_mpc4_filmv2_Emf,train,combined_5,False,dpcc-c,unfrozen,0.0,0.0,0.0,0.1,0.7211666623751323,111.53333333333333,0.38554095472027616,0.19300409766534965,400.0,0.06749382191896439,67.49382191896439,30
20,H8_K2_Meuler_T0.5_Dmix_visual_aligning.models.visual_mf_diffusion.VisualMeanFlow_VTrue_mpc4_filmv2_Emf,train,combined_5,False,dpcc-t,all,0.0,0.0,0.0,0.2,0.8027500053246815,78.9,0.3368959469760459,0.0906740897645553,400.0,0.05296367388963699,52.96367388963699,30
20,H8_K2_Meuler_T0.5_Dmix_visual_aligning.models.visual_mf_diffusion.VisualMeanFlow_VTrue_mpc4_filmv2_Emf,train,combined_5,False,dpcc-t,unfrozen,0.0,0.0,0.0,0.2,0.8027500053246815,78.9,0.3368959469760459,0.0906740897645553,400.0,0.05296367388963699,52.96367388963699,30
20,H8_K2_Meuler_T0.5_Dmix_visual_aligning.models.visual_mf_diffusion.VisualMeanFlow_VTrue_mpc4_filmv2_Emf,train,combined_5,False,dpcc-c-dt0p25,all,0.03333333333333333,0.03333333333333333,0.03333333333333333,0.1,0.805166665216287,77.93333333333334,0.3352905541395057,0.13751803195724885,390.6333333333333,0.06967448586960132,69.67448586960133,30
20,H8_K2_Meuler_T0.5_Dmix_visual_aligning.models.visual_mf_diffusion.VisualMeanFlow_VTrue_mpc4_filmv2_Emf,train,combined_5,False,dpcc-c-dt0p25,unfrozen,0.03333333333333333,0.03333333333333333,0.03333333333333333,0.1,0.805166665216287,77.93333333333334,0.3352905541395057,0.13751803195724885,390.6333333333333,0.06967448586960132,69.67448586960133,30
20,H8_K2_Meuler_T0.5_Dmix_visual_aligning.models.visual_mf_diffusion.VisualMeanFlow_VTrue_mpc4_filmv2_Emf,train,combined_5,False,dpcc-c-dt0p5,all,0.0,0.0,0.0,0.1,0.7783333346247673,88.66666666666667,0.3423993612580214,0.3070999670152863,400.0,0.07291348644097646,72.91348644097646,30
20,H8_K2_Meuler_T0.5_Dmix_visual_aligning.models.visual_mf_diffusion.VisualMeanFlow_VTrue_mpc4_filmv2_Emf,train,combined_5,False,dpcc-c-dt0p5,unfrozen,0.0,0.0,0.0,0.1,0.7783333346247673,88.66666666666667,0.3423993612580214,0.3070999670152863,400.0,0.07291348644097646,72.91348644097646,30
20,H8_K2_Meuler_T0.5_Dmix_visual_aligning.models.visual_mf_diffusion.VisualMeanFlow_VTrue_mpc4_filmv2_Emf,train,combined_5,False,dpcc-c-dt2p0,all,0.0,0.0,0.0,0.0,0.7483333309491476,100.66666666666667,0.3898072690261894,0.046652265700201194,400.0,0.04835505545139313,48.35505545139313,30
20,H8_K2_Meuler_T0.5_Dmix_visual_aligning.models.visual_mf_diffusion.VisualMeanFlow_VTrue_mpc4_filmv2_Emf,train,combined_5,False,dpcc-c-dt2p0,unfrozen,0.0,0.0,0.0,0.0,0.7483333309491476,100.66666666666667,0.3898072690261894,0.046652265700201194,400.0,0.04835505545139313,48.35505545139313,30
20,H8_K2_Meuler_T0.5_Dmix_visual_aligning.models.visual_mf_diffusion.VisualMeanFlow_VTrue_mpc4_filmv2_Emf,train,combined_5,False,dpcc-c-dt4p0,all,0.0,0.0,0.0,0.13333333333333333,0.809166669845581,76.33333333333333,0.38456185862426534,0.02467208430171013,400.0,0.047186888476212815,47.18688847621282,30
20,H8_K2_Meuler_T0.5_Dmix_visual_aligning.models.visual_mf_diffusion.VisualMeanFlow_VTrue_mpc4_filmv2_Emf,train,combined_5,False,dpcc-c-dt4p0,unfrozen,0.0,0.0,0.0,0.13333333333333333,0.809166669845581,76.33333333333333,0.38456185862426534,0.02467208430171013,400.0,0.047186888476212815,47.18688847621282,30
20,H8_K2_Meuler_T0.5_Dmix_visual_aligning.models.visual_mf_diffusion.VisualMeanFlow_VTrue_mpc4_filmv2_Emf,train,combined_5,False,gradient,all,0.03333333333333333,0.03333333333333333,0.03333333333333333,0.13333333333333333,0.6124999985098839,155.0,0.36134604598523173,0.7053025741750996,390.4,0.03240320024320057,32.40320024320057,30
20,H8_K2_Meuler_T0.5_Dmix_visual_aligning.models.visual_mf_diffusion.VisualMeanFlow_VTrue_mpc4_filmv2_Emf,train,combined_5,False,gradient,unfrozen,0.03333333333333333,0.03333333333333333,0.03333333333333333,0.13333333333333333,0.6124999985098839,155.0,0.36134604598523173,0.7053025741750996,390.4,0.03240320024320057,32.40320024320057,30
20,H8_K2_Meuler_T0.5_Dmix_visual_aligning.models.visual_mf_diffusion.VisualMeanFlow_VTrue_mpc4_filmv2_Emf,train,combined_5,False,post_processing,all,0.03333333333333333,0.06666666666666667,0.03333333333333333,0.13333333333333333,0.8261666675408681,69.53333333333333,0.37309722046739796,0.3898234961554408,390.46666666666664,0.09842214694636607,98.42214694636608,30
20,H8_K2_Meuler_T0.5_Dmix_visual_aligning.models.visual_mf_diffusion.VisualMeanFlow_VTrue_mpc4_filmv2_Emf,train,combined_5,False,post_processing,unfrozen,0.03333333333333333,0.06666666666666667,0.03333333333333333,0.13333333333333333,0.8261666675408681,69.53333333333333,0.37309722046739796,0.3898234961554408,390.46666666666664,0.09842214694636607,98.42214694636608,30
20,H8_K2_Meuler_T0.5_Dmix_visual_aligning.models.visual_mf_diffusion.VisualMeanFlow_VTrue_mpc4_filmv2_Emf,train,combined_5,False,model_free,all,0.03333333333333333,0.03333333333333333,0.03333333333333333,0.1,0.6069166680177053,157.23333333333332,0.31985247521020405,0.7922725720951954,390.3666666666667,0.047506813530807386,47.50681353080738,30
20,H8_K2_Meuler_T0.5_Dmix_visual_aligning.models.visual_mf_diffusion.VisualMeanFlow_VTrue_mpc4_filmv2_Emf,train,combined_5,False,model_free,unfrozen,0.03333333333333333,0.03333333333333333,0.03333333333333333,0.1,0.6069166680177053,157.23333333333332,0.31985247521020405,0.7922725720951954,390.3666666666667,0.047506813530807386,47.50681353080738,30
20,H8_K2_Meuler_T0.5_Dmix_visual_aligning.models.visual_mf_diffusion.VisualMeanFlow_VTrue_mpc4_filmv2_Emf,train,combined_5,False,geo_free,all,0.03333333333333333,0.03333333333333333,0.03333333333333333,0.13333333333333333,0.5977499971787135,160.9,0.3988363593939953,0.8426331161831816,390.46666666666664,0.043614999481111937,43.61499948111194,30
20,H8_K2_Meuler_T0.5_Dmix_visual_aligning.models.visual_mf_diffusion.VisualMeanFlow_VTrue_mpc4_filmv2_Emf,train,combined_5,False,geo_free,unfrozen,0.03333333333333333,0.03333333333333333,0.03333333333333333,0.13333333333333333,0.5977499971787135,160.9,0.3988363593939953,0.8426331161831816,390.46666666666664,0.043614999481111937,43.61499948111194,30
20,H8_K2_Meuler_T0.5_Dmix_visual_aligning.models.visual_mf_diffusion.VisualMeanFlow_VTrue_mpc4_filmv2_Emf,train,combined_5,False,bounds_free,all,0.06666666666666667,0.06666666666666667,0.03333333333333333,0.06666666666666667,0.7930562913417816,82.76666666666667,0.33610734731312025,0.2799539312099417,387.1666666666667,0.05244509404637329,52.44509404637329,30
20,H8_K2_Meuler_T0.5_Dmix_visual_aligning.models.visual_mf_diffusion.VisualMeanFlow_VTrue_mpc4_filmv2_Emf,train,combined_5,False,bounds_free,unfrozen,0.06666666666666667,0.06666666666666667,0.03333333333333333,0.06666666666666667,0.7930562913417816,82.76666666666667,0.33610734731312025,0.2799539312099417,387.1666666666667,0.05244509404637329,52.44509404637329,30
20,H8_K2_Meuler_T0.5_Dmix_visual_aligning.models.visual_mf_diffusion.VisualMeanFlow_VTrue_mpc4_filmv2_Emf,train,combined_5,False,geo_free-bounds_free,all,0.03333333333333333,0.03333333333333333,0.03333333333333333,0.1,0.5368333285053571,185.26666666666668,0.3902878295147965,0.9194289637729526,390.43333333333334,0.0420371927432606,42.0371927432606,30
20,H8_K2_Meuler_T0.5_Dmix_visual_aligning.models.visual_mf_diffusion.VisualMeanFlow_VTrue_mpc4_filmv2_Emf,train,combined_5,False,geo_free-bounds_free,unfrozen,0.03333333333333333,0.03333333333333333,0.03333333333333333,0.1,0.5368333285053571,185.26666666666668,0.3902878295147965,0.9194289637729526,390.43333333333334,0.0420371927432606,42.0371927432606,30
20,H8_K2_Meuler_T0.5_Dmix_visual_aligning.models.visual_mf_diffusion.VisualMeanFlow_VTrue_mpc4_filmv2_Emf,train,combined_5,False,geo_free-model_free,all,0.03333333333333333,0.03333333333333333,0.03333333333333333,0.1,0.6130000015099843,154.8,0.3170439652136118,0.7924990688140193,390.3666666666667,0.038139581529943796,38.1395815299438,30
20,H8_K2_Meuler_T0.5_Dmix_visual_aligning.models.visual_mf_diffusion.VisualMeanFlow_VTrue_mpc4_filmv2_Emf,train,combined_5,False,geo_free-model_free,unfrozen,0.03333333333333333,0.03333333333333333,0.03333333333333333,0.1,0.6130000015099843,154.8,0.3170439652136118,0.7924990688140193,390.3666666666667,0.038139581529943796,38.1395815299438,30
20,H8_K2_Meuler_T0.5_Dmix_visual_aligning.models.visual_mf_diffusion.VisualMeanFlow_VTrue_mpc4_filmv2_Emf,train,combined_5,False,model_free-bounds_free,all,0.03333333333333333,0.03333333333333333,0.03333333333333333,0.1,0.6138333360354106,154.46666666666667,0.3163471825246343,0.815960371432205,390.3666666666667,0.04412037136390044,44.12037136390044,30
20,H8_K2_Meuler_T0.5_Dmix_visual_aligning.models.visual_mf_diffusion.VisualMeanFlow_VTrue_mpc4_filmv2_Emf,train,combined_5,False,model_free-bounds_free,unfrozen,0.03333333333333333,0.03333333333333333,0.03333333333333333,0.1,0.6138333360354106,154.46666666666667,0.3163471825246343,0.815960371432205,390.3666666666667,0.04412037136390044,44.12037136390044,30
20,H8_K2_Meuler_T0.5_Dmix_visual_aligning.models.visual_mf_diffusion.VisualMeanFlow_VTrue_mpc4_filmv2_Emf,train,combined_5-tightened,True,diffuser,all,0.0,0.0,0.0,0.16666666666666666,0.5701666673024496,171.93333333333334,0.36688998818558993,0.7603753235811989,400.0,0.026712191065152487,26.712191065152485,30
20,H8_K2_Meuler_T0.5_Dmix_visual_aligning.models.visual_mf_diffusion.VisualMeanFlow_VTrue_mpc4_filmv2_Emf,train,combined_5-tightened,True,diffuser,unfrozen,0.0,0.0,0.0,0.038461538461538464,0.5040384622720572,198.3846153846154,0.36655188788360876,0.8768231554243427,400.0,0.03082175892132979,30.821758921329792,26
20,H8_K2_Meuler_T0.5_Dmix_visual_aligning.models.visual_mf_diffusion.VisualMeanFlow_VTrue_mpc4_filmv2_Emf,train,combined_5-tightened,True,dpcc-r,all,0.0,0.0,0.0,0.8666666666666667,0.9699999988079071,12.0,0.38730241723647846,0.2203149521102508,400.0,0.048799352129300436,48.79935212930044,30
20,H8_K2_Meuler_T0.5_Dmix_visual_aligning.models.visual_mf_diffusion.VisualMeanFlow_VTrue_mpc4_filmv2_Emf,train,combined_5-tightened,True,dpcc-r,unfrozen,0.0,0.0,0.0,0.8461538461538461,0.9653846140091236,13.846153846153847,0.390104690634634,0.25367657295786417,400.0,0.05630694476457743,56.30694476457742,26
20,H8_K2_Meuler_T0.5_Dmix_visual_aligning.models.visual_mf_diffusion.VisualMeanFlow_VTrue_mpc4_filmv2_Emf,train,combined_5-tightened,True,dpcc-c,all,0.0,0.0,0.0,0.8,0.9894166688124338,4.233333333333333,0.3739552884855593,0.1815310062840581,400.0,0.05760254389047623,57.60254389047623,30
20,H8_K2_Meuler_T0.5_Dmix_visual_aligning.models.visual_mf_diffusion.VisualMeanFlow_VTrue_mpc4_filmv2_Emf,train,combined_5-tightened,True,dpcc-c,unfrozen,0.0,0.0,0.0,0.7692307692307693,0.9877884640143468,4.884615384615385,0.37470415746049657,0.20892586623533413,400.0,0.06646447371978026,66.46447371978026,26
20,H8_K2_Meuler_T0.5_Dmix_visual_aligning.models.visual_mf_diffusion.VisualMeanFlow_VTrue_mpc4_filmv2_Emf,train,combined_5-tightened,True,dpcc-t,all,0.0,0.0,0.0,0.9,0.9675833344459533,12.966666666666667,0.423978597214296,0.10576903577893973,400.0,0.056686770121256516,56.68677012125651,30
20,H8_K2_Meuler_T0.5_Dmix_visual_aligning.models.visual_mf_diffusion.VisualMeanFlow_VTrue_mpc4_filmv2_Emf,train,combined_5-tightened,True,dpcc-t,unfrozen,0.0,0.0,0.0,0.8846153846153846,0.9625961551299462,14.961538461538462,0.43242335983980806,0.12150820796019755,400.0,0.0654078116783729,65.4078116783729,26
20,H8_K2_Meuler_T0.5_Dmix_visual_aligning.models.visual_mf_diffusion.VisualMeanFlow_VTrue_mpc4_filmv2_Emf,train,combined_5-tightened,True,dpcc-c-dt0p25,all,0.0,0.0,0.0,0.8333333333333334,0.9601666669050852,15.933333333333334,0.3545190332583939,0.223606879884998,400.0,0.06238892271121343,62.38892271121343,30
20,H8_K2_Meuler_T0.5_Dmix_visual_aligning.models.visual_mf_diffusion.VisualMeanFlow_VTrue_mpc4_filmv2_Emf,train,combined_5-tightened,True,dpcc-c-dt0p25,unfrozen,0.0,0.0,0.0,0.8076923076923077,0.9540384618135599,18.384615384615383,0.35227770912145956,0.2574749511594956,400.0,0.07198721851293857,71.98721851293857,26
20,H8_K2_Meuler_T0.5_Dmix_visual_aligning.models.visual_mf_diffusion.VisualMeanFlow_VTrue_mpc4_filmv2_Emf,train,combined_5-tightened,True,dpcc-c-dt0p5,all,0.0,0.0,0.0,0.7666666666666667,0.9609166661898295,15.633333333333333,0.395008613172492,0.23377203661948442,400.0,0.07013604638973872,70.13604638973872,30
20,H8_K2_Meuler_T0.5_Dmix_visual_aligning.models.visual_mf_diffusion.VisualMeanFlow_VTrue_mpc4_filmv2_Emf,train,combined_5-tightened,True,dpcc-c-dt0p5,unfrozen,0.0,0.0,0.0,0.7307692307692307,0.9549038456036494,18.03846153846154,0.39899645517618804,0.2692039781608261,400.0,0.08092620737277545,80.92620737277545,26
20,H8_K2_Meuler_T0.5_Dmix_visual_aligning.models.visual_mf_diffusion.VisualMeanFlow_VTrue_mpc4_filmv2_Emf,train,combined_5-tightened,True,dpcc-c-dt2p0,all,0.0,0.0,0.0,1.0,1.0,0.0,0.3845618586213924,0.0271102591107289,400.0,0.041516289174556735,41.51628917455673,30
20,H8_K2_Meuler_T0.5_Dmix_visual_aligning.models.visual_mf_diffusion.VisualMeanFlow_VTrue_mpc4_filmv2_Emf,train,combined_5-tightened,True,dpcc-c-dt2p0,unfrozen,0.0,0.0,0.0,1.0,1.0,0.0,0.38694250761722704,0.030748081035338916,400.0,0.047903410586027,47.903410586027,26
20,H8_K2_Meuler_T0.5_Dmix_visual_aligning.models.visual_mf_diffusion.VisualMeanFlow_VTrue_mpc4_filmv2_Emf,train,combined_5-tightened,True,dpcc-c-dt4p0,all,0.0,0.0,0.0,1.0,1.0,0.0,0.3845618586229959,0.020412315366168818,400.0,0.04181248086690903,41.81248086690903,30
20,H8_K2_Meuler_T0.5_Dmix_visual_aligning.models.visual_mf_diffusion.VisualMeanFlow_VTrue_mpc4_filmv2_Emf,train,combined_5-tightened,True,dpcc-c-dt4p0,unfrozen,0.0,0.0,0.0,1.0,1.0,0.0,0.3869425076190773,0.02301968440700036,400.0,0.04824517023104888,48.245170231048874,26
20,H8_K2_Meuler_T0.5_Dmix_visual_aligning.models.visual_mf_diffusion.VisualMeanFlow_VTrue_mpc4_filmv2_Emf,train,combined_5-tightened,True,gradient,all,0.0,0.03333333333333333,0.0,0.2,0.6692500034968059,132.3,0.31921893433837517,0.5392177051554123,400.0,0.02806124554077784,28.061245540777843,30
20,H8_K2_Meuler_T0.5_Dmix_visual_aligning.models.visual_mf_diffusion.VisualMeanFlow_VTrue_mpc4_filmv2_Emf,train,combined_5-tightened,True,gradient,unfrozen,0.0,0.038461538461538464,0.0,0.07692307692307693,0.6183653886501606,152.65384615384616,0.3115468257522072,0.6216412880099736,400.0,0.03237836023935905,32.37836023935905,26
20,H8_K2_Meuler_T0.5_Dmix_visual_aligning.models.visual_mf_diffusion.VisualMeanFlow_VTrue_mpc4_filmv2_Emf,train,combined_5-tightened,True,post_processing,all,0.0,0.0,0.0,0.8666666666666667,0.96875,12.5,0.39213661495805785,0.22847271425028642,400.0,0.048629236062367756,48.62923606236776,30
20,H8_K2_Meuler_T0.5_Dmix_visual_aligning.models.visual_mf_diffusion.VisualMeanFlow_VTrue_mpc4_filmv2_Emf,train,combined_5-tightened,True,post_processing,unfrozen,0.0,0.0,0.0,0.8461538461538461,0.9639423076923077,14.423076923076923,0.3956826110826102,0.26308937542713606,400.0,0.05611065699503971,56.11065699503972,26
20,H8_K2_Meuler_T0.5_Dmix_visual_aligning.models.visual_mf_diffusion.VisualMeanFlow_VTrue_mpc4_filmv2_Emf,train,combined_5-tightened,True,model_free,all,0.0,0.03333333333333333,0.0,0.2,0.6394166658322017,144.23333333333332,0.35484887398752635,0.6994858467951417,400.0,0.04271323019266129,42.713230192661285,30
20,H8_K2_Meuler_T0.5_Dmix_visual_aligning.models.visual_mf_diffusion.VisualMeanFlow_VTrue_mpc4_filmv2_Emf,train,combined_5-tightened,True,model_free,unfrozen,0.0,0.038461538461538464,0.0,0.07692307692307693,0.5839423067294635,166.42307692307693,0.3526582945781508,0.806566066825046,400.0,0.04928449637614764,49.28449637614764,26
20,H8_K2_Meuler_T0.5_Dmix_visual_aligning.models.visual_mf_diffusion.VisualMeanFlow_VTrue_mpc4_filmv2_Emf,train,combined_5-tightened,True,geo_free,all,0.0,0.0,0.0,0.16666666666666666,0.6180833299954732,152.76666666666668,0.3707620902010533,0.6456866202875972,400.0,0.03861102054516474,38.61102054516474,30
20,H8_K2_Meuler_T0.5_Dmix_visual_aligning.models.visual_mf_diffusion.VisualMeanFlow_VTrue_mpc4_filmv2_Emf,train,combined_5-tightened,True,geo_free,unfrozen,0.0,0.0,0.0,0.038461538461538464,0.559326919225546,176.26923076923077,0.3710196979014511,0.7444900362394177,400.0,0.044551177552113165,44.55117755211317,26
20,H8_K2_Meuler_T0.5_Dmix_visual_aligning.models.visual_mf_diffusion.VisualMeanFlow_VTrue_mpc4_filmv2_Emf,train,combined_5-tightened,True,bounds_free,all,0.0,0.0,0.0,0.8333333333333334,0.9819999992847442,7.2,0.3737521299218258,0.2036813819160064,400.0,0.04239477537075678,42.39477537075678,30
20,H8_K2_Meuler_T0.5_Dmix_visual_aligning.models.visual_mf_diffusion.VisualMeanFlow_VTrue_mpc4_filmv2_Emf,train,combined_5-tightened,True,bounds_free,unfrozen,0.0,0.0,0.0,0.8076923076923077,0.9792307684054742,8.307692307692308,0.3744697437331117,0.23448399196450526,400.0,0.04891704850471937,48.91704850471937,26
20,H8_K2_Meuler_T0.5_Dmix_visual_aligning.models.visual_mf_diffusion.VisualMeanFlow_VTrue_mpc4_filmv2_Emf,train,combined_5-tightened,True,geo_free-bounds_free,all,0.0,0.0,0.0,0.23333333333333334,0.6110833322008451,155.56666666666666,0.3495441609155271,0.6903305220728119,400.0,0.036104011615117386,36.10401161511739,30
20,H8_K2_Meuler_T0.5_Dmix_visual_aligning.models.visual_mf_diffusion.VisualMeanFlow_VTrue_mpc4_filmv2_Emf,train,combined_5-tightened,True,geo_free-bounds_free,unfrozen,0.0,0.0,0.0,0.11538461538461539,0.5512499986932828,179.5,0.34653747180276706,0.7960022306069732,400.0,0.041658474940520065,41.658474940520065,26
20,H8_K2_Meuler_T0.5_Dmix_visual_aligning.models.visual_mf_diffusion.VisualMeanFlow_VTrue_mpc4_filmv2_Emf,train,combined_5-tightened,True,geo_free-model_free,all,0.0,0.03333333333333333,0.0,0.2,0.6393333325783411,144.26666666666668,0.3567580425273887,0.6986326415712635,400.0,0.03269089758396149,32.69089758396149,30
20,H8_K2_Meuler_T0.5_Dmix_visual_aligning.models.visual_mf_diffusion.VisualMeanFlow_VTrue_mpc4_filmv2_Emf,train,combined_5-tightened,True,geo_free-model_free,unfrozen,0.0,0.038461538461538464,0.0,0.07692307692307693,0.5838461529750091,166.46153846153845,0.35486118135491507,0.8055815992590326,400.0,0.03772026644303249,37.720266443032486,26
20,H8_K2_Meuler_T0.5_Dmix_visual_aligning.models.visual_mf_diffusion.VisualMeanFlow_VTrue_mpc4_filmv2_Emf,train,combined_5-tightened,True,model_free-bounds_free,all,0.0,0.06666666666666667,0.0,0.2,0.6394166658322017,144.23333333333332,0.3555250386267873,0.7075230459372203,400.0,0.03958387084801992,39.58387084801992,30
20,H8_K2_Meuler_T0.5_Dmix_visual_aligning.models.visual_mf_diffusion.VisualMeanFlow_VTrue_mpc4_filmv2_Emf,train,combined_5-tightened,True,model_free-bounds_free,unfrozen,0.0,0.07692307692307693,0.0,0.07692307692307693,0.5839423067294635,166.42307692307693,0.3534384845465288,0.8158397581428289,400.0,0.04567369713233067,45.67369713233067,26
21,H8_K20_T0.5_Ddiffuser_visual_aligning.models.visual_gaussian_diffusion.VisualGaussianDiffusion_VTrue_steps400_mpc4_filmv2,test,combined_5,False,diffuser,all,0.0,0.0,0.0,0.16666666666666666,0.4165833306809266,233.36666666666667,0.42852701573835206,2.718887533682088,400.0,0.338800038476785,338.800038476785,30
21,H8_K20_T0.5_Ddiffuser_visual_aligning.models.visual_gaussian_diffusion.VisualGaussianDiffusion_VTrue_steps400_mpc4_filmv2,test,combined_5,False,diffuser,unfrozen,0.0,0.0,0.0,0.16666666666666666,0.4165833306809266,233.36666666666667,0.42852701573835206,2.718887533682088,400.0,0.338800038476785,338.800038476785,30
21,H8_K20_T0.5_Ddiffuser_visual_aligning.models.visual_gaussian_diffusion.VisualGaussianDiffusion_VTrue_steps400_mpc4_filmv2,test,combined_5,False,dpcc-r,all,0.0,0.0,0.0,0.0,0.6970000018676122,121.2,0.41235936993037153,0.5555613560602068,400.0,1.776123115738233,1776.1231157382329,30
21,H8_K20_T0.5_Ddiffuser_visual_aligning.models.visual_gaussian_diffusion.VisualGaussianDiffusion_VTrue_steps400_mpc4_filmv2,test,combined_5,False,dpcc-r,unfrozen,0.0,0.0,0.0,0.0,0.6970000018676122,121.2,0.41235936993037153,0.5555613560602068,400.0,1.776123115738233,1776.1231157382329,30
21,H8_K20_T0.5_Ddiffuser_visual_aligning.models.visual_gaussian_diffusion.VisualGaussianDiffusion_VTrue_steps400_mpc4_filmv2,test,combined_5,False,dpcc-c,all,0.0,0.0,0.0,0.0,0.6847500046094258,126.1,0.4147302489643945,0.3427475477879246,400.0,1.8251376124223073,1825.1376124223073,30
21,H8_K20_T0.5_Ddiffuser_visual_aligning.models.visual_gaussian_diffusion.VisualGaussianDiffusion_VTrue_steps400_mpc4_filmv2,test,combined_5,False,dpcc-c,unfrozen,0.0,0.0,0.0,0.0,0.6847500046094258,126.1,0.4147302489643945,0.3427475477879246,400.0,1.8251376124223073,1825.1376124223073,30
21,H8_K20_T0.5_Ddiffuser_visual_aligning.models.visual_gaussian_diffusion.VisualGaussianDiffusion_VTrue_steps400_mpc4_filmv2,test,combined_5,False,dpcc-t,all,0.0,0.0,0.0,0.06666666666666667,0.7610000014305115,95.6,0.4407874723721968,0.14940626801302034,400.0,1.584957679748535,1584.9576797485352,30
21,H8_K20_T0.5_Ddiffuser_visual_aligning.models.visual_gaussian_diffusion.VisualGaussianDiffusion_VTrue_steps400_mpc4_filmv2,test,combined_5,False,dpcc-t,unfrozen,0.0,0.0,0.0,0.06666666666666667,0.7610000014305115,95.6,0.4407874723721968,0.14940626801302034,400.0,1.584957679748535,1584.9576797485352,30
21,H8_K20_T0.5_Ddiffuser_visual_aligning.models.visual_gaussian_diffusion.VisualGaussianDiffusion_VTrue_steps400_mpc4_filmv2,test,combined_5,False,gradient,all,0.0,0.0,0.0,0.2,0.3694166675209999,252.23333333333332,0.4049353167501153,1.996293998385469,400.0,0.35661085009574894,356.6108500957489,30
21,H8_K20_T0.5_Ddiffuser_visual_aligning.models.visual_gaussian_diffusion.VisualGaussianDiffusion_VTrue_steps400_mpc4_filmv2,test,combined_5,False,gradient,unfrozen,0.0,0.0,0.0,0.2,0.3694166675209999,252.23333333333332,0.4049353167501153,1.996293998385469,400.0,0.35661085009574894,356.6108500957489,30
21,H8_K20_T0.5_Ddiffuser_visual_aligning.models.visual_gaussian_diffusion.VisualGaussianDiffusion_VTrue_steps400_mpc4_filmv2,test,combined_5,False,post_processing,all,0.0,0.0,0.0,0.06666666666666667,0.5615000049273173,175.4,0.4131923894071764,1.837515889108181,400.0,0.3912638541261355,391.2638541261355,30
21,H8_K20_T0.5_Ddiffuser_visual_aligning.models.visual_gaussian_diffusion.VisualGaussianDiffusion_VTrue_steps400_mpc4_filmv2,test,combined_5,False,post_processing,unfrozen,0.0,0.0,0.0,0.06666666666666667,0.5615000049273173,175.4,0.4131923894071764,1.837515889108181,400.0,0.3912638541261355,391.2638541261355,30
21,H8_K20_T0.5_Ddiffuser_visual_aligning.models.visual_gaussian_diffusion.VisualGaussianDiffusion_VTrue_steps400_mpc4_filmv2,test,combined_5,False,model_free,all,0.0,0.0,0.0,0.2857142857142857,0.45678571428571424,217.28571428571428,0.3237489243160648,2.518949454571332,400.0,2.027701540674482,2027.701540674482,7
21,H8_K20_T0.5_Ddiffuser_visual_aligning.models.visual_gaussian_diffusion.VisualGaussianDiffusion_VTrue_steps400_mpc4_filmv2,test,combined_5,False,model_free,unfrozen,0.0,0.0,0.0,0.2857142857142857,0.45678571428571424,217.28571428571428,0.3237489243160648,2.518949454571332,400.0,2.027701540674482,2027.701540674482,7
21,H8_K20_T0.5_Ddiffuser_visual_aligning.models.visual_gaussian_diffusion.VisualGaussianDiffusion_VTrue_steps400_mpc4_filmv2,train,combined_5,False,diffuser,all,0.0,0.0,0.0,0.0,0.2933333218097687,282.6666666666667,0.3817886312171667,3.2128124237060547,400.0,0.32334298570950826,323.34298570950824,3
21,H8_K20_T0.5_Ddiffuser_visual_aligning.models.visual_gaussian_diffusion.VisualGaussianDiffusion_VTrue_steps400_mpc4_filmv2,train,combined_5,False,diffuser,unfrozen,0.0,0.0,0.0,0.0,0.2933333218097687,282.6666666666667,0.3817886312171667,3.2128124237060547,400.0,0.32334298570950826,323.34298570950824,3
21,H8_K20_T0.5_Ddiffuser_visual_aligning.models.visual_gaussian_diffusion.VisualGaussianDiffusion_VTrue_steps400_mpc4_filmv2,train,combined_5,False,dpcc-r,all,0.0,0.0,0.0,0.0,0.6583333412806193,136.66666666666666,0.3817886312171667,1.1646228935569525,400.0,0.9891987105210621,989.1987105210623,3
21,H8_K20_T0.5_Ddiffuser_visual_aligning.models.visual_gaussian_diffusion.VisualGaussianDiffusion_VTrue_steps400_mpc4_filmv2,train,combined_5,False,dpcc-r,unfrozen,0.0,0.0,0.0,0.0,0.6583333412806193,136.66666666666666,0.3817886312171667,1.1646228935569525,400.0,0.9891987105210621,989.1987105210623,3
21,H8_K20_T0.5_Ddiffuser_visual_aligning.models.visual_gaussian_diffusion.VisualGaussianDiffusion_VTrue_steps400_mpc4_filmv2,train,combined_5,False,dpcc-c,all,0.0,0.0,0.0,0.0,0.7583333253860474,96.66666666666667,0.3636456436333151,0.45387213428815204,400.0,1.641819438536962,1641.8194385369618,3
21,H8_K20_T0.5_Ddiffuser_visual_aligning.models.visual_gaussian_diffusion.VisualGaussianDiffusion_VTrue_steps400_mpc4_filmv2,train,combined_5,False,dpcc-c,unfrozen,0.0,0.0,0.0,0.0,0.7583333253860474,96.66666666666667,0.3636456436333151,0.45387213428815204,400.0,1.641819438536962,1641.8194385369618,3
21,H8_K20_T0.5_Ddiffuser_visual_aligning.models.visual_gaussian_diffusion.VisualGaussianDiffusion_VTrue_steps400_mpc4_filmv2,train,combined_5,False,dpcc-t,all,0.0,0.0,0.0,0.3333333333333333,0.8100000023841858,76.0,0.38178863121045054,0.15407358234127363,400.0,1.4634832012653352,1463.483201265335,3
21,H8_K20_T0.5_Ddiffuser_visual_aligning.models.visual_gaussian_diffusion.VisualGaussianDiffusion_VTrue_steps400_mpc4_filmv2,train,combined_5,False,dpcc-t,unfrozen,0.0,0.0,0.0,0.3333333333333333,0.8100000023841858,76.0,0.38178863121045054,0.15407358234127363,400.0,1.4634832012653352,1463.483201265335,3
21,H8_K20_T0.5_Ddiffuser_visual_aligning.models.visual_gaussian_diffusion.VisualGaussianDiffusion_VTrue_steps400_mpc4_filmv2,train,combined_5,False,dpcc-c-dt0p25,all,0.0,0.0,0.0,0.3333333333333333,0.737500011920929,105.0,0.4058876688340085,1.944895898302396,400.0,1.3102898393074671,1310.2898393074672,3
21,H8_K20_T0.5_Ddiffuser_visual_aligning.models.visual_gaussian_diffusion.VisualGaussianDiffusion_VTrue_steps400_mpc4_filmv2,train,combined_5,False,dpcc-c-dt0p25,unfrozen,0.0,0.0,0.0,0.3333333333333333,0.737500011920929,105.0,0.4058876688340085,1.944895898302396,400.0,1.3102898393074671,1310.2898393074672,3
21,H8_K20_T0.5_Ddiffuser_visual_aligning.models.visual_gaussian_diffusion.VisualGaussianDiffusion_VTrue_steps400_mpc4_filmv2,train,combined_5,False,dpcc-c-dt0p5,all,0.0,0.0,0.0,0.0,0.6658333539962769,133.66666666666666,0.3806973934602549,2.5200034777323403,400.0,1.2778881335258483,1277.8881335258484,3
21,H8_K20_T0.5_Ddiffuser_visual_aligning.models.visual_gaussian_diffusion.VisualGaussianDiffusion_VTrue_steps400_mpc4_filmv2,train,combined_5,False,dpcc-c-dt0p5,unfrozen,0.0,0.0,0.0,0.0,0.6658333539962769,133.66666666666666,0.3806973934602549,2.5200034777323403,400.0,1.2778881335258483,1277.8881335258484,3
21,H8_K20_T0.5_Ddiffuser_visual_aligning.models.visual_gaussian_diffusion.VisualGaussianDiffusion_VTrue_steps400_mpc4_filmv2,train,combined_5,False,dpcc-c-dt2p0,all,0.0,0.0,0.0,0.3333333333333333,0.7824999888737997,87.0,0.3817886312171667,0.07057485605279605,400.0,1.304367895325025,1304.3678953250248,3
21,H8_K20_T0.5_Ddiffuser_visual_aligning.models.visual_gaussian_diffusion.VisualGaussianDiffusion_VTrue_steps400_mpc4_filmv2,train,combined_5,False,dpcc-c-dt2p0,unfrozen,0.0,0.0,0.0,0.3333333333333333,0.7824999888737997,87.0,0.3817886312171667,0.07057485605279605,400.0,1.304367895325025,1304.3678953250248,3
21,H8_K20_T0.5_Ddiffuser_visual_aligning.models.visual_gaussian_diffusion.VisualGaussianDiffusion_VTrue_steps400_mpc4_filmv2,train,combined_5,False,dpcc-c-dt4p0,all,0.0,0.0,0.0,0.3333333333333333,0.9308333198229471,27.666666666666668,0.3817886312171667,0.036198933919270836,400.0,0.6557483845949172,655.7483845949173,3
21,H8_K20_T0.5_Ddiffuser_visual_aligning.models.visual_gaussian_diffusion.VisualGaussianDiffusion_VTrue_steps400_mpc4_filmv2,train,combined_5,False,dpcc-c-dt4p0,unfrozen,0.0,0.0,0.0,0.3333333333333333,0.9308333198229471,27.666666666666668,0.3817886312171667,0.036198933919270836,400.0,0.6557483845949172,655.7483845949173,3
21,H8_K20_T0.5_Ddiffuser_visual_aligning.models.visual_gaussian_diffusion.VisualGaussianDiffusion_VTrue_steps400_mpc4_filmv2,train,combined_5,False,gradient,all,0.0,0.0,0.0,0.0,0.18333332985639572,326.6666666666667,0.3743168632925384,2.4885048866271973,400.0,0.34038062393665314,340.38062393665314,3
21,H8_K20_T0.5_Ddiffuser_visual_aligning.models.visual_gaussian_diffusion.VisualGaussianDiffusion_VTrue_steps400_mpc4_filmv2,train,combined_5,False,gradient,unfrozen,0.0,0.0,0.0,0.0,0.18333332985639572,326.6666666666667,0.3743168632925384,2.4885048866271973,400.0,0.34038062393665314,340.38062393665314,3
21,H8_K20_T0.5_Ddiffuser_visual_aligning.models.visual_gaussian_diffusion.VisualGaussianDiffusion_VTrue_steps400_mpc4_filmv2,train,combined_5,False,post_processing,all,0.0,0.0,0.0,0.0,0.3983333309491475,240.66666666666666,0.3817886312171667,2.3658165521919727,400.0,0.38176045974095657,381.7604597409566,3
21,H8_K20_T0.5_Ddiffuser_visual_aligning.models.visual_gaussian_diffusion.VisualGaussianDiffusion_VTrue_steps400_mpc4_filmv2,train,combined_5,False,post_processing,unfrozen,0.0,0.0,0.0,0.0,0.3983333309491475,240.66666666666666,0.3817886312171667,2.3658165521919727,400.0,0.38176045974095657,381.7604597409566,3
21,H8_K20_T0.5_Ddiffuser_visual_aligning.models.visual_gaussian_diffusion.VisualGaussianDiffusion_VTrue_steps400_mpc4_filmv2,train,combined_5,False,model_free,all,0.0,0.0,0.0,0.3333333333333333,0.5216666658719381,191.33333333333334,0.38306414965944,2.333671315262715,400.0,1.8273514040311178,1827.3514040311177,3
21,H8_K20_T0.5_Ddiffuser_visual_aligning.models.visual_gaussian_diffusion.VisualGaussianDiffusion_VTrue_steps400_mpc4_filmv2,train,combined_5,False,model_free,unfrozen,0.0,0.0,0.0,0.3333333333333333,0.5216666658719381,191.33333333333334,0.38306414965944,2.333671315262715,400.0,1.8273514040311178,1827.3514040311177,3
21,H8_K20_T0.5_Ddiffuser_visual_aligning.models.visual_gaussian_diffusion.VisualGaussianDiffusion_VTrue_steps400_mpc4_filmv2,train,combined_5,False,geo_free,all,0.0,0.0,0.0,0.0,0.5483333369096121,180.66666666666666,0.3817886312171667,2.0706135829289756,400.0,0.632781034708023,632.7810347080231,3
21,H8_K20_T0.5_Ddiffuser_visual_aligning.models.visual_gaussian_diffusion.VisualGaussianDiffusion_VTrue_steps400_mpc4_filmv2,train,combined_5,False,geo_free,unfrozen,0.0,0.0,0.0,0.0,0.5483333369096121,180.66666666666666,0.3817886312171667,2.0706135829289756,400.0,0.632781034708023,632.7810347080231,3
21,H8_K20_T0.5_Ddiffuser_visual_aligning.models.visual_gaussian_diffusion.VisualGaussianDiffusion_VTrue_steps400_mpc4_filmv2,train,combined_5,False,bounds_free,all,0.0,0.0,0.0,0.0,0.6425000230471293,143.0,0.3817886312171667,0.40686851491530734,400.0,1.1976576308409372,1197.6576308409374,3
21,H8_K20_T0.5_Ddiffuser_visual_aligning.models.visual_gaussian_diffusion.VisualGaussianDiffusion_VTrue_steps400_mpc4_filmv2,train,combined_5,False,bounds_free,unfrozen,0.0,0.0,0.0,0.0,0.6425000230471293,143.0,0.3817886312171667,0.40686851491530734,400.0,1.1976576308409372,1197.6576308409374,3
21,H8_K20_T0.5_Ddiffuser_visual_aligning.models.visual_gaussian_diffusion.VisualGaussianDiffusion_VTrue_steps400_mpc4_filmv2,train,combined_5,False,geo_free-bounds_free,all,0.0,0.0,0.0,0.0,0.27916666865348816,288.3333333333333,0.3817886312171667,3.1775068442026773,400.0,0.6483372801542283,648.3372801542282,3
21,H8_K20_T0.5_Ddiffuser_visual_aligning.models.visual_gaussian_diffusion.VisualGaussianDiffusion_VTrue_steps400_mpc4_filmv2,train,combined_5,False,geo_free-bounds_free,unfrozen,0.0,0.0,0.0,0.0,0.27916666865348816,288.3333333333333,0.3817886312171667,3.1775068442026773,400.0,0.6483372801542283,648.3372801542282,3
21,H8_K20_T0.5_Ddiffuser_visual_aligning.models.visual_gaussian_diffusion.VisualGaussianDiffusion_VTrue_steps400_mpc4_filmv2,train,combined_5,False,geo_free-model_free,all,0.0,0.0,0.0,0.3333333333333333,0.5683333327372869,172.66666666666666,0.382784983265911,2.2952221520245075,400.0,0.43430268585681914,434.30268585681915,3
21,H8_K20_T0.5_Ddiffuser_visual_aligning.models.visual_gaussian_diffusion.VisualGaussianDiffusion_VTrue_steps400_mpc4_filmv2,train,combined_5,False,geo_free-model_free,unfrozen,0.0,0.0,0.0,0.3333333333333333,0.5683333327372869,172.66666666666666,0.382784983265911,2.2952221520245075,400.0,0.43430268585681914,434.30268585681915,3
21,H8_K20_T0.5_Ddiffuser_visual_aligning.models.visual_gaussian_diffusion.VisualGaussianDiffusion_VTrue_steps400_mpc4_filmv2,train,combined_5-tightened,True,diffuser,all,0.0,0.0,0.0,0.0,0.2933333218097687,282.6666666666667,0.3817886312171667,3.2128124237060547,400.0,0.3246122419834137,324.6122419834137,3
21,H8_K20_T0.5_Ddiffuser_visual_aligning.models.visual_gaussian_diffusion.VisualGaussianDiffusion_VTrue_steps400_mpc4_filmv2,train,combined_5-tightened,True,diffuser,unfrozen,0.0,0.0,0.0,0.0,0.2933333218097687,282.6666666666667,0.3817886312171667,3.2128124237060547,400.0,0.3246122419834137,324.6122419834137,3
21,H8_K20_T0.5_Ddiffuser_visual_aligning.models.visual_gaussian_diffusion.VisualGaussianDiffusion_VTrue_steps400_mpc4_filmv2,train,combined_5-tightened,True,dpcc-r,all,0.0,0.0,0.0,1.0,1.0,0.0,0.3817886312171667,0.1911476751168569,400.0,0.7055518382787703,705.5518382787704,3
21,H8_K20_T0.5_Ddiffuser_visual_aligning.models.visual_gaussian_diffusion.VisualGaussianDiffusion_VTrue_steps400_mpc4_filmv2,train,combined_5-tightened,True,dpcc-r,unfrozen,0.0,0.0,0.0,1.0,1.0,0.0,0.3817886312171667,0.1911476751168569,400.0,0.7055518382787703,705.5518382787704,3
21,H8_K20_T0.5_Ddiffuser_visual_aligning.models.visual_gaussian_diffusion.VisualGaussianDiffusion_VTrue_steps400_mpc4_filmv2,train,combined_5-tightened,True,dpcc-c,all,0.0,0.0,0.0,1.0,1.0,0.0,0.3817886312171667,0.966765304406484,400.0,0.8344948722918829,834.4948722918829,3
21,H8_K20_T0.5_Ddiffuser_visual_aligning.models.visual_gaussian_diffusion.VisualGaussianDiffusion_VTrue_steps400_mpc4_filmv2,train,combined_5-tightened,True,dpcc-c,unfrozen,0.0,0.0,0.0,1.0,1.0,0.0,0.3817886312171667,0.966765304406484,400.0,0.8344948722918829,834.4948722918829,3
21,H8_K20_T0.5_Ddiffuser_visual_aligning.models.visual_gaussian_diffusion.VisualGaussianDiffusion_VTrue_steps400_mpc4_filmv2,train,combined_5-tightened,True,dpcc-t,all,0.0,0.0,0.0,1.0,1.0,0.0,0.3817886312171667,0.0704589020460844,400.0,0.6929852732022604,692.9852732022604,3
21,H8_K20_T0.5_Ddiffuser_visual_aligning.models.visual_gaussian_diffusion.VisualGaussianDiffusion_VTrue_steps400_mpc4_filmv2,train,combined_5-tightened,True,dpcc-t,unfrozen,0.0,0.0,0.0,1.0,1.0,0.0,0.3817886312171667,0.0704589020460844,400.0,0.6929852732022604,692.9852732022604,3
21,H8_K20_T0.5_Ddiffuser_visual_aligning.models.visual_gaussian_diffusion.VisualGaussianDiffusion_VTrue_steps400_mpc4_filmv2,train,combined_5-tightened,True,dpcc-c-dt0p25,all,0.0,0.0,0.0,0.0,0.6991666754086813,120.33333333333333,0.38715487256884523,1.9702264467875164,400.0,3.9120029940207797,3912.00299402078,3
21,H8_K20_T0.5_Ddiffuser_visual_aligning.models.visual_gaussian_diffusion.VisualGaussianDiffusion_VTrue_steps400_mpc4_filmv2,train,combined_5-tightened,True,dpcc-c-dt0p25,unfrozen,0.0,0.0,0.0,0.0,0.6991666754086813,120.33333333333333,0.38715487256884523,1.9702264467875164,400.0,3.9120029940207797,3912.00299402078,3
21,H8_K20_T0.5_Ddiffuser_visual_aligning.models.visual_gaussian_diffusion.VisualGaussianDiffusion_VTrue_steps400_mpc4_filmv2,train,combined_5-tightened,True,dpcc-c-dt0p5,all,0.0,0.0,0.0,0.0,0.5166666607062022,193.33333333333334,0.4511820814811263,2.1187777121861777,400.0,1.5862870862086613,1586.2870862086613,3
21,H8_K20_T0.5_Ddiffuser_visual_aligning.models.visual_gaussian_diffusion.VisualGaussianDiffusion_VTrue_steps400_mpc4_filmv2,train,combined_5-tightened,True,dpcc-c-dt0p5,unfrozen,0.0,0.0,0.0,0.0,0.5166666607062022,193.33333333333334,0.4511820814811263,2.1187777121861777,400.0,1.5862870862086613,1586.2870862086613,3
21,H8_K20_T0.5_Ddiffuser_visual_aligning.models.visual_gaussian_diffusion.VisualGaussianDiffusion_VTrue_steps400_mpc4_filmv2,train,combined_5-tightened,True,dpcc-c-dt2p0,all,0.0,0.0,0.0,1.0,1.0,0.0,0.3817886312171667,0.03388306498527527,400.0,0.5379589704672495,537.9589704672495,3
21,H8_K20_T0.5_Ddiffuser_visual_aligning.models.visual_gaussian_diffusion.VisualGaussianDiffusion_VTrue_steps400_mpc4_filmv2,train,combined_5-tightened,True,dpcc-c-dt2p0,unfrozen,0.0,0.0,0.0,1.0,1.0,0.0,0.3817886312171667,0.03388306498527527,400.0,0.5379589704672495,537.9589704672495,3
21,H8_K20_T0.5_Ddiffuser_visual_aligning.models.visual_gaussian_diffusion.VisualGaussianDiffusion_VTrue_steps400_mpc4_filmv2,train,combined_5-tightened,True,dpcc-c-dt4p0,all,0.0,0.0,0.0,0.3333333333333333,0.9691666762034098,12.333333333333334,0.3817886312171667,0.10236773267388344,400.0,0.848379996418953,848.3799964189529,3
21,H8_K20_T0.5_Ddiffuser_visual_aligning.models.visual_gaussian_diffusion.VisualGaussianDiffusion_VTrue_steps400_mpc4_filmv2,train,combined_5-tightened,True,dpcc-c-dt4p0,unfrozen,0.0,0.0,0.0,0.3333333333333333,0.9691666762034098,12.333333333333334,0.3817886312171667,0.10236773267388344,400.0,0.848379996418953,848.3799964189529,3
21,H8_K20_T0.5_Ddiffuser_visual_aligning.models.visual_gaussian_diffusion.VisualGaussianDiffusion_VTrue_steps400_mpc4_filmv2,train,combined_5-tightened,True,gradient,all,0.0,0.0,0.0,0.0,0.18333332985639572,326.6666666666667,0.37431686328752506,2.485296885172526,400.0,0.3403135657310486,340.3135657310486,3
21,H8_K20_T0.5_Ddiffuser_visual_aligning.models.visual_gaussian_diffusion.VisualGaussianDiffusion_VTrue_steps400_mpc4_filmv2,train,combined_5-tightened,True,gradient,unfrozen,0.0,0.0,0.0,0.0,0.18333332985639572,326.6666666666667,0.37431686328752506,2.485296885172526,400.0,0.3403135657310486,340.3135657310486,3
21,H8_K20_T0.5_Ddiffuser_visual_aligning.models.visual_gaussian_diffusion.VisualGaussianDiffusion_VTrue_steps400_mpc4_filmv2,train,combined_5-tightened,True,post_processing,all,0.0,0.0,0.0,0.0,0.47416667143503827,210.33333333333334,0.38178863122340395,2.4252082904179892,400.0,0.3857088573773702,385.7088573773702,3
21,H8_K20_T0.5_Ddiffuser_visual_aligning.models.visual_gaussian_diffusion.VisualGaussianDiffusion_VTrue_steps400_mpc4_filmv2,train,combined_5-tightened,True,post_processing,unfrozen,0.0,0.0,0.0,0.0,0.47416667143503827,210.33333333333334,0.38178863122340395,2.4252082904179892,400.0,0.3857088573773702,385.7088573773702,3
21,H8_K20_T0.5_Ddiffuser_visual_aligning.models.visual_gaussian_diffusion.VisualGaussianDiffusion_VTrue_steps400_mpc4_filmv2,train,combined_5-tightened,True,model_free,all,0.0,0.0,0.0,0.3333333333333333,0.5233333309491476,190.66666666666666,0.3830955716828746,2.329506926238537,400.0,1.8565501888593037,1856.5501888593037,3
21,H8_K20_T0.5_Ddiffuser_visual_aligning.models.visual_gaussian_diffusion.VisualGaussianDiffusion_VTrue_steps400_mpc4_filmv2,train,combined_5-tightened,True,model_free,unfrozen,0.0,0.0,0.0,0.3333333333333333,0.5233333309491476,190.66666666666666,0.3830955716828746,2.329506926238537,400.0,1.8565501888593037,1856.5501888593037,3
21,H8_K20_T0.5_Ddiffuser_visual_aligning.models.visual_gaussian_diffusion.VisualGaussianDiffusion_VTrue_steps400_mpc4_filmv2,train,combined_5-tightened,True,geo_free,all,0.0,0.0,0.0,0.0,0.5483333369096121,180.66666666666666,0.3817886312171667,2.0706135829289756,400.0,0.6340011866887411,634.0011866887411,3
21,H8_K20_T0.5_Ddiffuser_visual_aligning.models.visual_gaussian_diffusion.VisualGaussianDiffusion_VTrue_steps400_mpc4_filmv2,train,combined_5-tightened,True,geo_free,unfrozen,0.0,0.0,0.0,0.0,0.5483333369096121,180.66666666666666,0.3817886312171667,2.0706135829289756,400.0,0.6340011866887411,634.0011866887411,3
21,H8_K20_T0.5_Ddiffuser_visual_aligning.models.visual_gaussian_diffusion.VisualGaussianDiffusion_VTrue_steps400_mpc4_filmv2,train,combined_5-tightened,True,bounds_free,all,0.0,0.0,0.0,0.3333333333333333,0.9375,25.0,0.3817886312117984,0.29170045380791026,400.0,0.8311244895060858,831.1244895060858,3
21,H8_K20_T0.5_Ddiffuser_visual_aligning.models.visual_gaussian_diffusion.VisualGaussianDiffusion_VTrue_steps400_mpc4_filmv2,train,combined_5-tightened,True,bounds_free,unfrozen,0.0,0.0,0.0,0.3333333333333333,0.9375,25.0,0.3817886312117984,0.29170045380791026,400.0,0.8311244895060858,831.1244895060858,3
21,H8_K20_T0.5_Ddiffuser_visual_aligning.models.visual_gaussian_diffusion.VisualGaussianDiffusion_VTrue_steps400_mpc4_filmv2,train,combined_5-tightened,True,geo_free-bounds_free,all,0.0,0.0,0.0,0.0,0.27916666865348816,288.3333333333333,0.3817886312171667,3.1775068442026773,400.0,0.6473039644956589,647.3039644956589,3
21,H8_K20_T0.5_Ddiffuser_visual_aligning.models.visual_gaussian_diffusion.VisualGaussianDiffusion_VTrue_steps400_mpc4_filmv2,train,combined_5-tightened,True,geo_free-bounds_free,unfrozen,0.0,0.0,0.0,0.0,0.27916666865348816,288.3333333333333,0.3817886312171667,3.1775068442026773,400.0,0.6473039644956589,647.3039644956589,3
21,H8_K20_T0.5_Ddiffuser_visual_aligning.models.visual_gaussian_diffusion.VisualGaussianDiffusion_VTrue_steps400_mpc4_filmv2,train,combined_5-tightened,True,geo_free-model_free,all,0.0,0.0,0.0,0.3333333333333333,0.5683333327372869,172.66666666666666,0.382784983265911,2.2952221520245075,400.0,0.43357041776180266,433.5704177618027,3
21,H8_K20_T0.5_Ddiffuser_visual_aligning.models.visual_gaussian_diffusion.VisualGaussianDiffusion_VTrue_steps400_mpc4_filmv2,train,combined_5-tightened,True,geo_free-model_free,unfrozen,0.0,0.0,0.0,0.3333333333333333,0.5683333327372869,172.66666666666666,0.382784983265911,2.2952221520245075,400.0,0.43357041776180266,433.5704177618027,3
22,d3il_baseline_ddpm_encdec_vision,test,none,False,d3il_baseline,all,0.0,,,,,,0.40088680340144456,,400.0,0.022660185185185183,22.660185185185185,1080
22,d3il_baseline_ddpm_encdec_vision,test,none,False,d3il_baseline,unfrozen,0.0,,,,,,0.40088680340144456,,400.0,0.022660185185185183,22.660185185185185,1080
23,d3il_baseline_ddpm_encdec_vision__Bf_U3,test,none,False,d3il_baseline,all,0.0028530670470756064,,,,,,0.39175294010190875,,399.3830242510699,,,2804
23,d3il_baseline_ddpm_encdec_vision__Bf_U3,test,none,False,d3il_baseline,unfrozen,0.0028530670470756064,,,,,,0.39175294010190875,,399.3830242510699,,,2804
