Candidate,FolderName,FullPath,seed,split,geo,geo_base,tightened,variant,diffusion,horizon,diffusion_timestep_threshold,mpc_batch_size,if_vision,device,savepath,diffusion_loadpath,engine,n_diffusion_steps,n_contexts,projection_variant
1,H8_K20_Meuler_T0.5_Dfm_visual_aligning.models.visual_gaussian_diffusion.VisualFlowMatching_VTrue_mpc4_filmv2,/data/home/llim/FMPCC/FM-PCC/logs/aligning-d3il-visual/plans/fm_visual_aligning/(Bf_U8_Legacy_complex_struct)H8_Dfm_visual_aligning.models.visual_gaussian_diffusion.VisualFlowMatching_a1.5_b1.0_aw1_VTrue_steps1000_bs64_filmv2/H8_K20_Meuler_T0.5_Dfm_visual_aligning.models.visual_gaussian_diffusion.VisualFlowMatching_VTrue_mpc4_filmv2,6,train,combined_5,combined_5,False,diffuser,fm_visual_aligning.models.visual_gaussian_diffusion.VisualFlowMatching,8.0,0.5,4.0,True,cuda,logs/aligning-d3il-visual/plans/fm_visual_aligning/H8_Dfm_visual_aligning.models.visual_gaussian_diffusion.VisualFlowMatching_a1.5_b1.0_aw1_VTrue_steps1000_bs64_filmv2/H8_K20_Meuler_T0.5_Dfm_visual_aligning.models.visual_gaussian_diffusion.VisualFlowMatching_VTrue_mpc4_filmv2/6,fm_visual_aligning/H8_Dfm_visual_aligning.models.visual_gaussian_diffusion.VisualFlowMatching_a1.5_b1.0_aw1_VTrue_steps1000_bs64_filmv2,,,,
1,H8_K20_Meuler_T0.5_Dfm_visual_aligning.models.visual_gaussian_diffusion.VisualFlowMatching_VTrue_mpc4_filmv2,/data/home/llim/FMPCC/FM-PCC/logs/aligning-d3il-visual/plans/fm_visual_aligning/(Bf_U8_Legacy_complex_struct)H8_Dfm_visual_aligning.models.visual_gaussian_diffusion.VisualFlowMatching_a1.5_b1.0_aw1_VTrue_steps1000_bs64_filmv2/H8_K20_Meuler_T0.5_Dfm_visual_aligning.models.visual_gaussian_diffusion.VisualFlowMatching_VTrue_mpc4_filmv2,6,train,dynamics_bounds_only,dynamics_bounds_only,False,diffuser,fm_visual_aligning.models.visual_gaussian_diffusion.VisualFlowMatching,8.0,0.5,4.0,True,cuda,logs/aligning-d3il-visual/plans/fm_visual_aligning/H8_Dfm_visual_aligning.models.visual_gaussian_diffusion.VisualFlowMatching_a1.5_b1.0_aw1_VTrue_steps1000_bs64_filmv2/H8_K20_Meuler_T0.5_Dfm_visual_aligning.models.visual_gaussian_diffusion.VisualFlowMatching_VTrue_mpc4_filmv2/6,fm_visual_aligning/H8_Dfm_visual_aligning.models.visual_gaussian_diffusion.VisualFlowMatching_a1.5_b1.0_aw1_VTrue_steps1000_bs64_filmv2,,,,
1,H8_K20_Meuler_T0.5_Dfm_visual_aligning.models.visual_gaussian_diffusion.VisualFlowMatching_VTrue_mpc4_filmv2,/data/home/llim/FMPCC/FM-PCC/logs/aligning-d3il-visual/plans/fm_visual_aligning/(Bf_U8_Legacy_complex_struct)H8_Dfm_visual_aligning.models.visual_gaussian_diffusion.VisualFlowMatching_a1.5_b1.0_aw1_VTrue_steps1000_bs64_filmv2/H8_K20_Meuler_T0.5_Dfm_visual_aligning.models.visual_gaussian_diffusion.VisualFlowMatching_VTrue_mpc4_filmv2,6,train,dynamics_bounds_only,dynamics_bounds_only,False,dpcc-c,fm_visual_aligning.models.visual_gaussian_diffusion.VisualFlowMatching,8.0,0.5,4.0,True,cuda,logs/aligning-d3il-visual/plans/fm_visual_aligning/H8_Dfm_visual_aligning.models.visual_gaussian_diffusion.VisualFlowMatching_a1.5_b1.0_aw1_VTrue_steps1000_bs64_filmv2/H8_K20_Meuler_T0.5_Dfm_visual_aligning.models.visual_gaussian_diffusion.VisualFlowMatching_VTrue_mpc4_filmv2/6,fm_visual_aligning/H8_Dfm_visual_aligning.models.visual_gaussian_diffusion.VisualFlowMatching_a1.5_b1.0_aw1_VTrue_steps1000_bs64_filmv2,,,,
1,H8_K20_Meuler_T0.5_Dfm_visual_aligning.models.visual_gaussian_diffusion.VisualFlowMatching_VTrue_mpc4_filmv2,/data/home/llim/FMPCC/FM-PCC/logs/aligning-d3il-visual/plans/fm_visual_aligning/(Bf_U8_Legacy_complex_struct)H8_Dfm_visual_aligning.models.visual_gaussian_diffusion.VisualFlowMatching_a1.5_b1.0_aw1_VTrue_steps1000_bs64_filmv2/H8_K20_Meuler_T0.5_Dfm_visual_aligning.models.visual_gaussian_diffusion.VisualFlowMatching_VTrue_mpc4_filmv2,6,train,dynamics_bounds_only,dynamics_bounds_only,False,dpcc-c-dt0p25,fm_visual_aligning.models.visual_gaussian_diffusion.VisualFlowMatching,8.0,0.5,4.0,True,cuda,logs/aligning-d3il-visual/plans/fm_visual_aligning/H8_Dfm_visual_aligning.models.visual_gaussian_diffusion.VisualFlowMatching_a1.5_b1.0_aw1_VTrue_steps1000_bs64_filmv2/H8_K20_Meuler_T0.5_Dfm_visual_aligning.models.visual_gaussian_diffusion.VisualFlowMatching_VTrue_mpc4_filmv2/6,fm_visual_aligning/H8_Dfm_visual_aligning.models.visual_gaussian_diffusion.VisualFlowMatching_a1.5_b1.0_aw1_VTrue_steps1000_bs64_filmv2,,,,
1,H8_K20_Meuler_T0.5_Dfm_visual_aligning.models.visual_gaussian_diffusion.VisualFlowMatching_VTrue_mpc4_filmv2,/data/home/llim/FMPCC/FM-PCC/logs/aligning-d3il-visual/plans/fm_visual_aligning/(Bf_U8_Legacy_complex_struct)H8_Dfm_visual_aligning.models.visual_gaussian_diffusion.VisualFlowMatching_a1.5_b1.0_aw1_VTrue_steps1000_bs64_filmv2/H8_K20_Meuler_T0.5_Dfm_visual_aligning.models.visual_gaussian_diffusion.VisualFlowMatching_VTrue_mpc4_filmv2,6,train,dynamics_bounds_only,dynamics_bounds_only,False,dpcc-c-dt0p5,fm_visual_aligning.models.visual_gaussian_diffusion.VisualFlowMatching,8.0,0.5,4.0,True,cuda,logs/aligning-d3il-visual/plans/fm_visual_aligning/H8_Dfm_visual_aligning.models.visual_gaussian_diffusion.VisualFlowMatching_a1.5_b1.0_aw1_VTrue_steps1000_bs64_filmv2/H8_K20_Meuler_T0.5_Dfm_visual_aligning.models.visual_gaussian_diffusion.VisualFlowMatching_VTrue_mpc4_filmv2/6,fm_visual_aligning/H8_Dfm_visual_aligning.models.visual_gaussian_diffusion.VisualFlowMatching_a1.5_b1.0_aw1_VTrue_steps1000_bs64_filmv2,,,,
1,H8_K20_Meuler_T0.5_Dfm_visual_aligning.models.visual_gaussian_diffusion.VisualFlowMatching_VTrue_mpc4_filmv2,/data/home/llim/FMPCC/FM-PCC/logs/aligning-d3il-visual/plans/fm_visual_aligning/(Bf_U8_Legacy_complex_struct)H8_Dfm_visual_aligning.models.visual_gaussian_diffusion.VisualFlowMatching_a1.5_b1.0_aw1_VTrue_steps1000_bs64_filmv2/H8_K20_Meuler_T0.5_Dfm_visual_aligning.models.visual_gaussian_diffusion.VisualFlowMatching_VTrue_mpc4_filmv2,6,train,dynamics_bounds_only,dynamics_bounds_only,False,dpcc-c-dt2p0,fm_visual_aligning.models.visual_gaussian_diffusion.VisualFlowMatching,8.0,0.5,4.0,True,cuda,logs/aligning-d3il-visual/plans/fm_visual_aligning/H8_Dfm_visual_aligning.models.visual_gaussian_diffusion.VisualFlowMatching_a1.5_b1.0_aw1_VTrue_steps1000_bs64_filmv2/H8_K20_Meuler_T0.5_Dfm_visual_aligning.models.visual_gaussian_diffusion.VisualFlowMatching_VTrue_mpc4_filmv2/6,fm_visual_aligning/H8_Dfm_visual_aligning.models.visual_gaussian_diffusion.VisualFlowMatching_a1.5_b1.0_aw1_VTrue_steps1000_bs64_filmv2,,,,
1,H8_K20_Meuler_T0.5_Dfm_visual_aligning.models.visual_gaussian_diffusion.VisualFlowMatching_VTrue_mpc4_filmv2,/data/home/llim/FMPCC/FM-PCC/logs/aligning-d3il-visual/plans/fm_visual_aligning/(Bf_U8_Legacy_complex_struct)H8_Dfm_visual_aligning.models.visual_gaussian_diffusion.VisualFlowMatching_a1.5_b1.0_aw1_VTrue_steps1000_bs64_filmv2/H8_K20_Meuler_T0.5_Dfm_visual_aligning.models.visual_gaussian_diffusion.VisualFlowMatching_VTrue_mpc4_filmv2,6,train,dynamics_bounds_only,dynamics_bounds_only,False,dpcc-c-dt4p0,fm_visual_aligning.models.visual_gaussian_diffusion.VisualFlowMatching,8.0,0.5,4.0,True,cuda,logs/aligning-d3il-visual/plans/fm_visual_aligning/H8_Dfm_visual_aligning.models.visual_gaussian_diffusion.VisualFlowMatching_a1.5_b1.0_aw1_VTrue_steps1000_bs64_filmv2/H8_K20_Meuler_T0.5_Dfm_visual_aligning.models.visual_gaussian_diffusion.VisualFlowMatching_VTrue_mpc4_filmv2/6,fm_visual_aligning/H8_Dfm_visual_aligning.models.visual_gaussian_diffusion.VisualFlowMatching_a1.5_b1.0_aw1_VTrue_steps1000_bs64_filmv2,,,,
1,H8_K20_Meuler_T0.5_Dfm_visual_aligning.models.visual_gaussian_diffusion.VisualFlowMatching_VTrue_mpc4_filmv2,/data/home/llim/FMPCC/FM-PCC/logs/aligning-d3il-visual/plans/fm_visual_aligning/(Bf_U8_Legacy_complex_struct)H8_Dfm_visual_aligning.models.visual_gaussian_diffusion.VisualFlowMatching_a1.5_b1.0_aw1_VTrue_steps1000_bs64_filmv2/H8_K20_Meuler_T0.5_Dfm_visual_aligning.models.visual_gaussian_diffusion.VisualFlowMatching_VTrue_mpc4_filmv2,6,train,dynamics_bounds_only,dynamics_bounds_only,False,dpcc-r,fm_visual_aligning.models.visual_gaussian_diffusion.VisualFlowMatching,8.0,0.5,4.0,True,cuda,logs/aligning-d3il-visual/plans/fm_visual_aligning/H8_Dfm_visual_aligning.models.visual_gaussian_diffusion.VisualFlowMatching_a1.5_b1.0_aw1_VTrue_steps1000_bs64_filmv2/H8_K20_Meuler_T0.5_Dfm_visual_aligning.models.visual_gaussian_diffusion.VisualFlowMatching_VTrue_mpc4_filmv2/6,fm_visual_aligning/H8_Dfm_visual_aligning.models.visual_gaussian_diffusion.VisualFlowMatching_a1.5_b1.0_aw1_VTrue_steps1000_bs64_filmv2,,,,
1,H8_K20_Meuler_T0.5_Dfm_visual_aligning.models.visual_gaussian_diffusion.VisualFlowMatching_VTrue_mpc4_filmv2,/data/home/llim/FMPCC/FM-PCC/logs/aligning-d3il-visual/plans/fm_visual_aligning/(Bf_U8_Legacy_complex_struct)H8_Dfm_visual_aligning.models.visual_gaussian_diffusion.VisualFlowMatching_a1.5_b1.0_aw1_VTrue_steps1000_bs64_filmv2/H8_K20_Meuler_T0.5_Dfm_visual_aligning.models.visual_gaussian_diffusion.VisualFlowMatching_VTrue_mpc4_filmv2,6,train,dynamics_bounds_only,dynamics_bounds_only,False,dpcc-t,fm_visual_aligning.models.visual_gaussian_diffusion.VisualFlowMatching,8.0,0.5,4.0,True,cuda,logs/aligning-d3il-visual/plans/fm_visual_aligning/H8_Dfm_visual_aligning.models.visual_gaussian_diffusion.VisualFlowMatching_a1.5_b1.0_aw1_VTrue_steps1000_bs64_filmv2/H8_K20_Meuler_T0.5_Dfm_visual_aligning.models.visual_gaussian_diffusion.VisualFlowMatching_VTrue_mpc4_filmv2/6,fm_visual_aligning/H8_Dfm_visual_aligning.models.visual_gaussian_diffusion.VisualFlowMatching_a1.5_b1.0_aw1_VTrue_steps1000_bs64_filmv2,,,,
1,H8_K20_Meuler_T0.5_Dfm_visual_aligning.models.visual_gaussian_diffusion.VisualFlowMatching_VTrue_mpc4_filmv2,/data/home/llim/FMPCC/FM-PCC/logs/aligning-d3il-visual/plans/fm_visual_aligning/(Bf_U8_Legacy_complex_struct)H8_Dfm_visual_aligning.models.visual_gaussian_diffusion.VisualFlowMatching_a1.5_b1.0_aw1_VTrue_steps1000_bs64_filmv2/H8_K20_Meuler_T0.5_Dfm_visual_aligning.models.visual_gaussian_diffusion.VisualFlowMatching_VTrue_mpc4_filmv2,6,train,dynamics_bounds_only,dynamics_bounds_only,False,gradient,fm_visual_aligning.models.visual_gaussian_diffusion.VisualFlowMatching,8.0,0.5,4.0,True,cuda,logs/aligning-d3il-visual/plans/fm_visual_aligning/H8_Dfm_visual_aligning.models.visual_gaussian_diffusion.VisualFlowMatching_a1.5_b1.0_aw1_VTrue_steps1000_bs64_filmv2/H8_K20_Meuler_T0.5_Dfm_visual_aligning.models.visual_gaussian_diffusion.VisualFlowMatching_VTrue_mpc4_filmv2/6,fm_visual_aligning/H8_Dfm_visual_aligning.models.visual_gaussian_diffusion.VisualFlowMatching_a1.5_b1.0_aw1_VTrue_steps1000_bs64_filmv2,,,,
1,H8_K20_Meuler_T0.5_Dfm_visual_aligning.models.visual_gaussian_diffusion.VisualFlowMatching_VTrue_mpc4_filmv2,/data/home/llim/FMPCC/FM-PCC/logs/aligning-d3il-visual/plans/fm_visual_aligning/(Bf_U8_Legacy_complex_struct)H8_Dfm_visual_aligning.models.visual_gaussian_diffusion.VisualFlowMatching_a1.5_b1.0_aw1_VTrue_steps1000_bs64_filmv2/H8_K20_Meuler_T0.5_Dfm_visual_aligning.models.visual_gaussian_diffusion.VisualFlowMatching_VTrue_mpc4_filmv2,6,train,dynamics_bounds_only,dynamics_bounds_only,False,model_free,fm_visual_aligning.models.visual_gaussian_diffusion.VisualFlowMatching,8.0,0.5,4.0,True,cuda,logs/aligning-d3il-visual/plans/fm_visual_aligning/H8_Dfm_visual_aligning.models.visual_gaussian_diffusion.VisualFlowMatching_a1.5_b1.0_aw1_VTrue_steps1000_bs64_filmv2/H8_K20_Meuler_T0.5_Dfm_visual_aligning.models.visual_gaussian_diffusion.VisualFlowMatching_VTrue_mpc4_filmv2/6,fm_visual_aligning/H8_Dfm_visual_aligning.models.visual_gaussian_diffusion.VisualFlowMatching_a1.5_b1.0_aw1_VTrue_steps1000_bs64_filmv2,,,,
1,H8_K20_Meuler_T0.5_Dfm_visual_aligning.models.visual_gaussian_diffusion.VisualFlowMatching_VTrue_mpc4_filmv2,/data/home/llim/FMPCC/FM-PCC/logs/aligning-d3il-visual/plans/fm_visual_aligning/(Bf_U8_Legacy_complex_struct)H8_Dfm_visual_aligning.models.visual_gaussian_diffusion.VisualFlowMatching_a1.5_b1.0_aw1_VTrue_steps1000_bs64_filmv2/H8_K20_Meuler_T0.5_Dfm_visual_aligning.models.visual_gaussian_diffusion.VisualFlowMatching_VTrue_mpc4_filmv2,6,train,dynamics_bounds_only,dynamics_bounds_only,False,post_processing,fm_visual_aligning.models.visual_gaussian_diffusion.VisualFlowMatching,8.0,0.5,4.0,True,cuda,logs/aligning-d3il-visual/plans/fm_visual_aligning/H8_Dfm_visual_aligning.models.visual_gaussian_diffusion.VisualFlowMatching_a1.5_b1.0_aw1_VTrue_steps1000_bs64_filmv2/H8_K20_Meuler_T0.5_Dfm_visual_aligning.models.visual_gaussian_diffusion.VisualFlowMatching_VTrue_mpc4_filmv2/6,fm_visual_aligning/H8_Dfm_visual_aligning.models.visual_gaussian_diffusion.VisualFlowMatching_a1.5_b1.0_aw1_VTrue_steps1000_bs64_filmv2,,,,
1,H8_K20_Meuler_T0.5_Dfm_visual_aligning.models.visual_gaussian_diffusion.VisualFlowMatching_VTrue_mpc4_filmv2,/data/home/llim/FMPCC/FM-PCC/logs/aligning-d3il-visual/plans/fm_visual_aligning/(Bf_U8_Legacy_complex_struct)H8_Dfm_visual_aligning.models.visual_gaussian_diffusion.VisualFlowMatching_a1.5_b1.0_aw1_VTrue_steps1000_bs64_filmv2/H8_K20_Meuler_T0.5_Dfm_visual_aligning.models.visual_gaussian_diffusion.VisualFlowMatching_VTrue_mpc4_filmv2,6,train,dynamics_only,dynamics_only,False,diffuser,fm_visual_aligning.models.visual_gaussian_diffusion.VisualFlowMatching,8.0,0.5,4.0,True,cuda,logs/aligning-d3il-visual/plans/fm_visual_aligning/H8_Dfm_visual_aligning.models.visual_gaussian_diffusion.VisualFlowMatching_a1.5_b1.0_aw1_VTrue_steps1000_bs64_filmv2/H8_K20_Meuler_T0.5_Dfm_visual_aligning.models.visual_gaussian_diffusion.VisualFlowMatching_VTrue_mpc4_filmv2/6,fm_visual_aligning/H8_Dfm_visual_aligning.models.visual_gaussian_diffusion.VisualFlowMatching_a1.5_b1.0_aw1_VTrue_steps1000_bs64_filmv2,,,,
1,H8_K20_Meuler_T0.5_Dfm_visual_aligning.models.visual_gaussian_diffusion.VisualFlowMatching_VTrue_mpc4_filmv2,/data/home/llim/FMPCC/FM-PCC/logs/aligning-d3il-visual/plans/fm_visual_aligning/(Bf_U8_Legacy_complex_struct)H8_Dfm_visual_aligning.models.visual_gaussian_diffusion.VisualFlowMatching_a1.5_b1.0_aw1_VTrue_steps1000_bs64_filmv2/H8_K20_Meuler_T0.5_Dfm_visual_aligning.models.visual_gaussian_diffusion.VisualFlowMatching_VTrue_mpc4_filmv2,6,train,dynamics_only,dynamics_only,False,dpcc-c,fm_visual_aligning.models.visual_gaussian_diffusion.VisualFlowMatching,8.0,0.5,4.0,True,cuda,logs/aligning-d3il-visual/plans/fm_visual_aligning/H8_Dfm_visual_aligning.models.visual_gaussian_diffusion.VisualFlowMatching_a1.5_b1.0_aw1_VTrue_steps1000_bs64_filmv2/H8_K20_Meuler_T0.5_Dfm_visual_aligning.models.visual_gaussian_diffusion.VisualFlowMatching_VTrue_mpc4_filmv2/6,fm_visual_aligning/H8_Dfm_visual_aligning.models.visual_gaussian_diffusion.VisualFlowMatching_a1.5_b1.0_aw1_VTrue_steps1000_bs64_filmv2,,,,
1,H8_K20_Meuler_T0.5_Dfm_visual_aligning.models.visual_gaussian_diffusion.VisualFlowMatching_VTrue_mpc4_filmv2,/data/home/llim/FMPCC/FM-PCC/logs/aligning-d3il-visual/plans/fm_visual_aligning/(Bf_U8_Legacy_complex_struct)H8_Dfm_visual_aligning.models.visual_gaussian_diffusion.VisualFlowMatching_a1.5_b1.0_aw1_VTrue_steps1000_bs64_filmv2/H8_K20_Meuler_T0.5_Dfm_visual_aligning.models.visual_gaussian_diffusion.VisualFlowMatching_VTrue_mpc4_filmv2,6,train,dynamics_only,dynamics_only,False,dpcc-c-dt0p25,fm_visual_aligning.models.visual_gaussian_diffusion.VisualFlowMatching,8.0,0.5,4.0,True,cuda,logs/aligning-d3il-visual/plans/fm_visual_aligning/H8_Dfm_visual_aligning.models.visual_gaussian_diffusion.VisualFlowMatching_a1.5_b1.0_aw1_VTrue_steps1000_bs64_filmv2/H8_K20_Meuler_T0.5_Dfm_visual_aligning.models.visual_gaussian_diffusion.VisualFlowMatching_VTrue_mpc4_filmv2/6,fm_visual_aligning/H8_Dfm_visual_aligning.models.visual_gaussian_diffusion.VisualFlowMatching_a1.5_b1.0_aw1_VTrue_steps1000_bs64_filmv2,,,,
1,H8_K20_Meuler_T0.5_Dfm_visual_aligning.models.visual_gaussian_diffusion.VisualFlowMatching_VTrue_mpc4_filmv2,/data/home/llim/FMPCC/FM-PCC/logs/aligning-d3il-visual/plans/fm_visual_aligning/(Bf_U8_Legacy_complex_struct)H8_Dfm_visual_aligning.models.visual_gaussian_diffusion.VisualFlowMatching_a1.5_b1.0_aw1_VTrue_steps1000_bs64_filmv2/H8_K20_Meuler_T0.5_Dfm_visual_aligning.models.visual_gaussian_diffusion.VisualFlowMatching_VTrue_mpc4_filmv2,6,train,dynamics_only,dynamics_only,False,dpcc-c-dt0p5,fm_visual_aligning.models.visual_gaussian_diffusion.VisualFlowMatching,8.0,0.5,4.0,True,cuda,logs/aligning-d3il-visual/plans/fm_visual_aligning/H8_Dfm_visual_aligning.models.visual_gaussian_diffusion.VisualFlowMatching_a1.5_b1.0_aw1_VTrue_steps1000_bs64_filmv2/H8_K20_Meuler_T0.5_Dfm_visual_aligning.models.visual_gaussian_diffusion.VisualFlowMatching_VTrue_mpc4_filmv2/6,fm_visual_aligning/H8_Dfm_visual_aligning.models.visual_gaussian_diffusion.VisualFlowMatching_a1.5_b1.0_aw1_VTrue_steps1000_bs64_filmv2,,,,
1,H8_K20_Meuler_T0.5_Dfm_visual_aligning.models.visual_gaussian_diffusion.VisualFlowMatching_VTrue_mpc4_filmv2,/data/home/llim/FMPCC/FM-PCC/logs/aligning-d3il-visual/plans/fm_visual_aligning/(Bf_U8_Legacy_complex_struct)H8_Dfm_visual_aligning.models.visual_gaussian_diffusion.VisualFlowMatching_a1.5_b1.0_aw1_VTrue_steps1000_bs64_filmv2/H8_K20_Meuler_T0.5_Dfm_visual_aligning.models.visual_gaussian_diffusion.VisualFlowMatching_VTrue_mpc4_filmv2,6,train,dynamics_only,dynamics_only,False,dpcc-c-dt2p0,fm_visual_aligning.models.visual_gaussian_diffusion.VisualFlowMatching,8.0,0.5,4.0,True,cuda,logs/aligning-d3il-visual/plans/fm_visual_aligning/H8_Dfm_visual_aligning.models.visual_gaussian_diffusion.VisualFlowMatching_a1.5_b1.0_aw1_VTrue_steps1000_bs64_filmv2/H8_K20_Meuler_T0.5_Dfm_visual_aligning.models.visual_gaussian_diffusion.VisualFlowMatching_VTrue_mpc4_filmv2/6,fm_visual_aligning/H8_Dfm_visual_aligning.models.visual_gaussian_diffusion.VisualFlowMatching_a1.5_b1.0_aw1_VTrue_steps1000_bs64_filmv2,,,,
1,H8_K20_Meuler_T0.5_Dfm_visual_aligning.models.visual_gaussian_diffusion.VisualFlowMatching_VTrue_mpc4_filmv2,/data/home/llim/FMPCC/FM-PCC/logs/aligning-d3il-visual/plans/fm_visual_aligning/(Bf_U8_Legacy_complex_struct)H8_Dfm_visual_aligning.models.visual_gaussian_diffusion.VisualFlowMatching_a1.5_b1.0_aw1_VTrue_steps1000_bs64_filmv2/H8_K20_Meuler_T0.5_Dfm_visual_aligning.models.visual_gaussian_diffusion.VisualFlowMatching_VTrue_mpc4_filmv2,6,train,dynamics_only,dynamics_only,False,dpcc-c-dt4p0,fm_visual_aligning.models.visual_gaussian_diffusion.VisualFlowMatching,8.0,0.5,4.0,True,cuda,logs/aligning-d3il-visual/plans/fm_visual_aligning/H8_Dfm_visual_aligning.models.visual_gaussian_diffusion.VisualFlowMatching_a1.5_b1.0_aw1_VTrue_steps1000_bs64_filmv2/H8_K20_Meuler_T0.5_Dfm_visual_aligning.models.visual_gaussian_diffusion.VisualFlowMatching_VTrue_mpc4_filmv2/6,fm_visual_aligning/H8_Dfm_visual_aligning.models.visual_gaussian_diffusion.VisualFlowMatching_a1.5_b1.0_aw1_VTrue_steps1000_bs64_filmv2,,,,
1,H8_K20_Meuler_T0.5_Dfm_visual_aligning.models.visual_gaussian_diffusion.VisualFlowMatching_VTrue_mpc4_filmv2,/data/home/llim/FMPCC/FM-PCC/logs/aligning-d3il-visual/plans/fm_visual_aligning/(Bf_U8_Legacy_complex_struct)H8_Dfm_visual_aligning.models.visual_gaussian_diffusion.VisualFlowMatching_a1.5_b1.0_aw1_VTrue_steps1000_bs64_filmv2/H8_K20_Meuler_T0.5_Dfm_visual_aligning.models.visual_gaussian_diffusion.VisualFlowMatching_VTrue_mpc4_filmv2,6,train,dynamics_only,dynamics_only,False,dpcc-r,fm_visual_aligning.models.visual_gaussian_diffusion.VisualFlowMatching,8.0,0.5,4.0,True,cuda,logs/aligning-d3il-visual/plans/fm_visual_aligning/H8_Dfm_visual_aligning.models.visual_gaussian_diffusion.VisualFlowMatching_a1.5_b1.0_aw1_VTrue_steps1000_bs64_filmv2/H8_K20_Meuler_T0.5_Dfm_visual_aligning.models.visual_gaussian_diffusion.VisualFlowMatching_VTrue_mpc4_filmv2/6,fm_visual_aligning/H8_Dfm_visual_aligning.models.visual_gaussian_diffusion.VisualFlowMatching_a1.5_b1.0_aw1_VTrue_steps1000_bs64_filmv2,,,,
1,H8_K20_Meuler_T0.5_Dfm_visual_aligning.models.visual_gaussian_diffusion.VisualFlowMatching_VTrue_mpc4_filmv2,/data/home/llim/FMPCC/FM-PCC/logs/aligning-d3il-visual/plans/fm_visual_aligning/(Bf_U8_Legacy_complex_struct)H8_Dfm_visual_aligning.models.visual_gaussian_diffusion.VisualFlowMatching_a1.5_b1.0_aw1_VTrue_steps1000_bs64_filmv2/H8_K20_Meuler_T0.5_Dfm_visual_aligning.models.visual_gaussian_diffusion.VisualFlowMatching_VTrue_mpc4_filmv2,6,train,dynamics_only,dynamics_only,False,dpcc-t,fm_visual_aligning.models.visual_gaussian_diffusion.VisualFlowMatching,8.0,0.5,4.0,True,cuda,logs/aligning-d3il-visual/plans/fm_visual_aligning/H8_Dfm_visual_aligning.models.visual_gaussian_diffusion.VisualFlowMatching_a1.5_b1.0_aw1_VTrue_steps1000_bs64_filmv2/H8_K20_Meuler_T0.5_Dfm_visual_aligning.models.visual_gaussian_diffusion.VisualFlowMatching_VTrue_mpc4_filmv2/6,fm_visual_aligning/H8_Dfm_visual_aligning.models.visual_gaussian_diffusion.VisualFlowMatching_a1.5_b1.0_aw1_VTrue_steps1000_bs64_filmv2,,,,
1,H8_K20_Meuler_T0.5_Dfm_visual_aligning.models.visual_gaussian_diffusion.VisualFlowMatching_VTrue_mpc4_filmv2,/data/home/llim/FMPCC/FM-PCC/logs/aligning-d3il-visual/plans/fm_visual_aligning/(Bf_U8_Legacy_complex_struct)H8_Dfm_visual_aligning.models.visual_gaussian_diffusion.VisualFlowMatching_a1.5_b1.0_aw1_VTrue_steps1000_bs64_filmv2/H8_K20_Meuler_T0.5_Dfm_visual_aligning.models.visual_gaussian_diffusion.VisualFlowMatching_VTrue_mpc4_filmv2,6,train,dynamics_only,dynamics_only,False,gradient,fm_visual_aligning.models.visual_gaussian_diffusion.VisualFlowMatching,8.0,0.5,4.0,True,cuda,logs/aligning-d3il-visual/plans/fm_visual_aligning/H8_Dfm_visual_aligning.models.visual_gaussian_diffusion.VisualFlowMatching_a1.5_b1.0_aw1_VTrue_steps1000_bs64_filmv2/H8_K20_Meuler_T0.5_Dfm_visual_aligning.models.visual_gaussian_diffusion.VisualFlowMatching_VTrue_mpc4_filmv2/6,fm_visual_aligning/H8_Dfm_visual_aligning.models.visual_gaussian_diffusion.VisualFlowMatching_a1.5_b1.0_aw1_VTrue_steps1000_bs64_filmv2,,,,
1,H8_K20_Meuler_T0.5_Dfm_visual_aligning.models.visual_gaussian_diffusion.VisualFlowMatching_VTrue_mpc4_filmv2,/data/home/llim/FMPCC/FM-PCC/logs/aligning-d3il-visual/plans/fm_visual_aligning/(Bf_U8_Legacy_complex_struct)H8_Dfm_visual_aligning.models.visual_gaussian_diffusion.VisualFlowMatching_a1.5_b1.0_aw1_VTrue_steps1000_bs64_filmv2/H8_K20_Meuler_T0.5_Dfm_visual_aligning.models.visual_gaussian_diffusion.VisualFlowMatching_VTrue_mpc4_filmv2,6,train,dynamics_only,dynamics_only,False,model_free,fm_visual_aligning.models.visual_gaussian_diffusion.VisualFlowMatching,8.0,0.5,4.0,True,cuda,logs/aligning-d3il-visual/plans/fm_visual_aligning/H8_Dfm_visual_aligning.models.visual_gaussian_diffusion.VisualFlowMatching_a1.5_b1.0_aw1_VTrue_steps1000_bs64_filmv2/H8_K20_Meuler_T0.5_Dfm_visual_aligning.models.visual_gaussian_diffusion.VisualFlowMatching_VTrue_mpc4_filmv2/6,fm_visual_aligning/H8_Dfm_visual_aligning.models.visual_gaussian_diffusion.VisualFlowMatching_a1.5_b1.0_aw1_VTrue_steps1000_bs64_filmv2,,,,
1,H8_K20_Meuler_T0.5_Dfm_visual_aligning.models.visual_gaussian_diffusion.VisualFlowMatching_VTrue_mpc4_filmv2,/data/home/llim/FMPCC/FM-PCC/logs/aligning-d3il-visual/plans/fm_visual_aligning/(Bf_U8_Legacy_complex_struct)H8_Dfm_visual_aligning.models.visual_gaussian_diffusion.VisualFlowMatching_a1.5_b1.0_aw1_VTrue_steps1000_bs64_filmv2/H8_K20_Meuler_T0.5_Dfm_visual_aligning.models.visual_gaussian_diffusion.VisualFlowMatching_VTrue_mpc4_filmv2,6,train,dynamics_only,dynamics_only,False,post_processing,fm_visual_aligning.models.visual_gaussian_diffusion.VisualFlowMatching,8.0,0.5,4.0,True,cuda,logs/aligning-d3il-visual/plans/fm_visual_aligning/H8_Dfm_visual_aligning.models.visual_gaussian_diffusion.VisualFlowMatching_a1.5_b1.0_aw1_VTrue_steps1000_bs64_filmv2/H8_K20_Meuler_T0.5_Dfm_visual_aligning.models.visual_gaussian_diffusion.VisualFlowMatching_VTrue_mpc4_filmv2/6,fm_visual_aligning/H8_Dfm_visual_aligning.models.visual_gaussian_diffusion.VisualFlowMatching_a1.5_b1.0_aw1_VTrue_steps1000_bs64_filmv2,,,,
2,H8_K20_Meuler_T0.5_Dfm_visual_aligning.models.visual_gaussian_diffusion.VisualFlowMatching_VTrue_mpc4_filmv2,/data/home/llim/FMPCC/FM-PCC/logs/aligning-d3il-visual/plans/fm_visual_aligning/(legacy_correcct_besides_bounds_for_comapre)H8_Dfm_visual_aligning.models.visual_gaussian_diffusion.VisualFlowMatching_a1.5_b1.0_aw1_VTrue_steps1000_bs64_filmv2/H8_K20_Meuler_T0.5_Dfm_visual_aligning.models.visual_gaussian_diffusion.VisualFlowMatching_VTrue_mpc4_filmv2,6,train,combined_5,combined_5,False,diffuser,fm_visual_aligning.models.visual_gaussian_diffusion.VisualFlowMatching,8.0,0.5,4.0,True,cuda,logs/aligning-d3il-visual/plans/fm_visual_aligning/H8_Dfm_visual_aligning.models.visual_gaussian_diffusion.VisualFlowMatching_a1.5_b1.0_aw1_VTrue_steps1000_bs64_filmv2/H8_K20_Meuler_T0.5_Dfm_visual_aligning.models.visual_gaussian_diffusion.VisualFlowMatching_VTrue_mpc4_filmv2/6,fm_visual_aligning/H8_Dfm_visual_aligning.models.visual_gaussian_diffusion.VisualFlowMatching_a1.5_b1.0_aw1_VTrue_steps1000_bs64_filmv2,,,,
2,H8_K20_Meuler_T0.5_Dfm_visual_aligning.models.visual_gaussian_diffusion.VisualFlowMatching_VTrue_mpc4_filmv2,/data/home/llim/FMPCC/FM-PCC/logs/aligning-d3il-visual/plans/fm_visual_aligning/(legacy_correcct_besides_bounds_for_comapre)H8_Dfm_visual_aligning.models.visual_gaussian_diffusion.VisualFlowMatching_a1.5_b1.0_aw1_VTrue_steps1000_bs64_filmv2/H8_K20_Meuler_T0.5_Dfm_visual_aligning.models.visual_gaussian_diffusion.VisualFlowMatching_VTrue_mpc4_filmv2,6,train,combined_5,combined_5,False,dpcc-c,fm_visual_aligning.models.visual_gaussian_diffusion.VisualFlowMatching,8.0,0.5,4.0,True,cuda,logs/aligning-d3il-visual/plans/fm_visual_aligning/H8_Dfm_visual_aligning.models.visual_gaussian_diffusion.VisualFlowMatching_a1.5_b1.0_aw1_VTrue_steps1000_bs64_filmv2/H8_K20_Meuler_T0.5_Dfm_visual_aligning.models.visual_gaussian_diffusion.VisualFlowMatching_VTrue_mpc4_filmv2/6,fm_visual_aligning/H8_Dfm_visual_aligning.models.visual_gaussian_diffusion.VisualFlowMatching_a1.5_b1.0_aw1_VTrue_steps1000_bs64_filmv2,,,,
2,H8_K20_Meuler_T0.5_Dfm_visual_aligning.models.visual_gaussian_diffusion.VisualFlowMatching_VTrue_mpc4_filmv2,/data/home/llim/FMPCC/FM-PCC/logs/aligning-d3il-visual/plans/fm_visual_aligning/(legacy_correcct_besides_bounds_for_comapre)H8_Dfm_visual_aligning.models.visual_gaussian_diffusion.VisualFlowMatching_a1.5_b1.0_aw1_VTrue_steps1000_bs64_filmv2/H8_K20_Meuler_T0.5_Dfm_visual_aligning.models.visual_gaussian_diffusion.VisualFlowMatching_VTrue_mpc4_filmv2,6,train,combined_5,combined_5,False,dpcc-t,fm_visual_aligning.models.visual_gaussian_diffusion.VisualFlowMatching,8.0,0.5,4.0,True,cuda,logs/aligning-d3il-visual/plans/fm_visual_aligning/H8_Dfm_visual_aligning.models.visual_gaussian_diffusion.VisualFlowMatching_a1.5_b1.0_aw1_VTrue_steps1000_bs64_filmv2/H8_K20_Meuler_T0.5_Dfm_visual_aligning.models.visual_gaussian_diffusion.VisualFlowMatching_VTrue_mpc4_filmv2/6,fm_visual_aligning/H8_Dfm_visual_aligning.models.visual_gaussian_diffusion.VisualFlowMatching_a1.5_b1.0_aw1_VTrue_steps1000_bs64_filmv2,,,,
2,H8_K20_Meuler_T0.5_Dfm_visual_aligning.models.visual_gaussian_diffusion.VisualFlowMatching_VTrue_mpc4_filmv2,/data/home/llim/FMPCC/FM-PCC/logs/aligning-d3il-visual/plans/fm_visual_aligning/(legacy_correcct_besides_bounds_for_comapre)H8_Dfm_visual_aligning.models.visual_gaussian_diffusion.VisualFlowMatching_a1.5_b1.0_aw1_VTrue_steps1000_bs64_filmv2/H8_K20_Meuler_T0.5_Dfm_visual_aligning.models.visual_gaussian_diffusion.VisualFlowMatching_VTrue_mpc4_filmv2,6,train,combined_5,combined_5,False,model_free,fm_visual_aligning.models.visual_gaussian_diffusion.VisualFlowMatching,8.0,0.5,4.0,True,cuda,logs/aligning-d3il-visual/plans/fm_visual_aligning/H8_Dfm_visual_aligning.models.visual_gaussian_diffusion.VisualFlowMatching_a1.5_b1.0_aw1_VTrue_steps1000_bs64_filmv2/H8_K20_Meuler_T0.5_Dfm_visual_aligning.models.visual_gaussian_diffusion.VisualFlowMatching_VTrue_mpc4_filmv2/6,fm_visual_aligning/H8_Dfm_visual_aligning.models.visual_gaussian_diffusion.VisualFlowMatching_a1.5_b1.0_aw1_VTrue_steps1000_bs64_filmv2,,,,
2,H8_K20_Meuler_T0.5_Dfm_visual_aligning.models.visual_gaussian_diffusion.VisualFlowMatching_VTrue_mpc4_filmv2,/data/home/llim/FMPCC/FM-PCC/logs/aligning-d3il-visual/plans/fm_visual_aligning/(legacy_correcct_besides_bounds_for_comapre)H8_Dfm_visual_aligning.models.visual_gaussian_diffusion.VisualFlowMatching_a1.5_b1.0_aw1_VTrue_steps1000_bs64_filmv2/H8_K20_Meuler_T0.5_Dfm_visual_aligning.models.visual_gaussian_diffusion.VisualFlowMatching_VTrue_mpc4_filmv2,6,train,combined_5,combined_5,False,post_processing,fm_visual_aligning.models.visual_gaussian_diffusion.VisualFlowMatching,8.0,0.5,4.0,True,cuda,logs/aligning-d3il-visual/plans/fm_visual_aligning/H8_Dfm_visual_aligning.models.visual_gaussian_diffusion.VisualFlowMatching_a1.5_b1.0_aw1_VTrue_steps1000_bs64_filmv2/H8_K20_Meuler_T0.5_Dfm_visual_aligning.models.visual_gaussian_diffusion.VisualFlowMatching_VTrue_mpc4_filmv2/6,fm_visual_aligning/H8_Dfm_visual_aligning.models.visual_gaussian_diffusion.VisualFlowMatching_a1.5_b1.0_aw1_VTrue_steps1000_bs64_filmv2,,,,
2,H8_K20_Meuler_T0.5_Dfm_visual_aligning.models.visual_gaussian_diffusion.VisualFlowMatching_VTrue_mpc4_filmv2,/data/home/llim/FMPCC/FM-PCC/logs/aligning-d3il-visual/plans/fm_visual_aligning/(legacy_correcct_besides_bounds_for_comapre)H8_Dfm_visual_aligning.models.visual_gaussian_diffusion.VisualFlowMatching_a1.5_b1.0_aw1_VTrue_steps1000_bs64_filmv2/H8_K20_Meuler_T0.5_Dfm_visual_aligning.models.visual_gaussian_diffusion.VisualFlowMatching_VTrue_mpc4_filmv2,6,train,combined_5-tightened,combined_5,True,diffuser,fm_visual_aligning.models.visual_gaussian_diffusion.VisualFlowMatching,8.0,0.5,4.0,True,cuda,logs/aligning-d3il-visual/plans/fm_visual_aligning/H8_Dfm_visual_aligning.models.visual_gaussian_diffusion.VisualFlowMatching_a1.5_b1.0_aw1_VTrue_steps1000_bs64_filmv2/H8_K20_Meuler_T0.5_Dfm_visual_aligning.models.visual_gaussian_diffusion.VisualFlowMatching_VTrue_mpc4_filmv2/6,fm_visual_aligning/H8_Dfm_visual_aligning.models.visual_gaussian_diffusion.VisualFlowMatching_a1.5_b1.0_aw1_VTrue_steps1000_bs64_filmv2,,,,
2,H8_K20_Meuler_T0.5_Dfm_visual_aligning.models.visual_gaussian_diffusion.VisualFlowMatching_VTrue_mpc4_filmv2,/data/home/llim/FMPCC/FM-PCC/logs/aligning-d3il-visual/plans/fm_visual_aligning/(legacy_correcct_besides_bounds_for_comapre)H8_Dfm_visual_aligning.models.visual_gaussian_diffusion.VisualFlowMatching_a1.5_b1.0_aw1_VTrue_steps1000_bs64_filmv2/H8_K20_Meuler_T0.5_Dfm_visual_aligning.models.visual_gaussian_diffusion.VisualFlowMatching_VTrue_mpc4_filmv2,6,train,dynamics_only,dynamics_only,False,diffuser,fm_visual_aligning.models.visual_gaussian_diffusion.VisualFlowMatching,8.0,0.5,4.0,True,cuda,logs/aligning-d3il-visual/plans/fm_visual_aligning/H8_Dfm_visual_aligning.models.visual_gaussian_diffusion.VisualFlowMatching_a1.5_b1.0_aw1_VTrue_steps1000_bs64_filmv2/H8_K20_Meuler_T0.5_Dfm_visual_aligning.models.visual_gaussian_diffusion.VisualFlowMatching_VTrue_mpc4_filmv2/6,fm_visual_aligning/H8_Dfm_visual_aligning.models.visual_gaussian_diffusion.VisualFlowMatching_a1.5_b1.0_aw1_VTrue_steps1000_bs64_filmv2,,,,
2,H8_K20_Meuler_T0.5_Dfm_visual_aligning.models.visual_gaussian_diffusion.VisualFlowMatching_VTrue_mpc4_filmv2,/data/home/llim/FMPCC/FM-PCC/logs/aligning-d3il-visual/plans/fm_visual_aligning/(legacy_correcct_besides_bounds_for_comapre)H8_Dfm_visual_aligning.models.visual_gaussian_diffusion.VisualFlowMatching_a1.5_b1.0_aw1_VTrue_steps1000_bs64_filmv2/H8_K20_Meuler_T0.5_Dfm_visual_aligning.models.visual_gaussian_diffusion.VisualFlowMatching_VTrue_mpc4_filmv2,6,train,dynamics_only,dynamics_only,False,dpcc-c,fm_visual_aligning.models.visual_gaussian_diffusion.VisualFlowMatching,8.0,0.5,4.0,True,cuda,logs/aligning-d3il-visual/plans/fm_visual_aligning/H8_Dfm_visual_aligning.models.visual_gaussian_diffusion.VisualFlowMatching_a1.5_b1.0_aw1_VTrue_steps1000_bs64_filmv2/H8_K20_Meuler_T0.5_Dfm_visual_aligning.models.visual_gaussian_diffusion.VisualFlowMatching_VTrue_mpc4_filmv2/6,fm_visual_aligning/H8_Dfm_visual_aligning.models.visual_gaussian_diffusion.VisualFlowMatching_a1.5_b1.0_aw1_VTrue_steps1000_bs64_filmv2,,,,
2,H8_K20_Meuler_T0.5_Dfm_visual_aligning.models.visual_gaussian_diffusion.VisualFlowMatching_VTrue_mpc4_filmv2,/data/home/llim/FMPCC/FM-PCC/logs/aligning-d3il-visual/plans/fm_visual_aligning/(legacy_correcct_besides_bounds_for_comapre)H8_Dfm_visual_aligning.models.visual_gaussian_diffusion.VisualFlowMatching_a1.5_b1.0_aw1_VTrue_steps1000_bs64_filmv2/H8_K20_Meuler_T0.5_Dfm_visual_aligning.models.visual_gaussian_diffusion.VisualFlowMatching_VTrue_mpc4_filmv2,6,train,dynamics_only,dynamics_only,False,dpcc-t,fm_visual_aligning.models.visual_gaussian_diffusion.VisualFlowMatching,8.0,0.5,4.0,True,cuda,logs/aligning-d3il-visual/plans/fm_visual_aligning/H8_Dfm_visual_aligning.models.visual_gaussian_diffusion.VisualFlowMatching_a1.5_b1.0_aw1_VTrue_steps1000_bs64_filmv2/H8_K20_Meuler_T0.5_Dfm_visual_aligning.models.visual_gaussian_diffusion.VisualFlowMatching_VTrue_mpc4_filmv2/6,fm_visual_aligning/H8_Dfm_visual_aligning.models.visual_gaussian_diffusion.VisualFlowMatching_a1.5_b1.0_aw1_VTrue_steps1000_bs64_filmv2,,,,
2,H8_K20_Meuler_T0.5_Dfm_visual_aligning.models.visual_gaussian_diffusion.VisualFlowMatching_VTrue_mpc4_filmv2,/data/home/llim/FMPCC/FM-PCC/logs/aligning-d3il-visual/plans/fm_visual_aligning/(legacy_correcct_besides_bounds_for_comapre)H8_Dfm_visual_aligning.models.visual_gaussian_diffusion.VisualFlowMatching_a1.5_b1.0_aw1_VTrue_steps1000_bs64_filmv2/H8_K20_Meuler_T0.5_Dfm_visual_aligning.models.visual_gaussian_diffusion.VisualFlowMatching_VTrue_mpc4_filmv2,6,train,dynamics_only,dynamics_only,False,model_free,fm_visual_aligning.models.visual_gaussian_diffusion.VisualFlowMatching,8.0,0.5,4.0,True,cuda,logs/aligning-d3il-visual/plans/fm_visual_aligning/H8_Dfm_visual_aligning.models.visual_gaussian_diffusion.VisualFlowMatching_a1.5_b1.0_aw1_VTrue_steps1000_bs64_filmv2/H8_K20_Meuler_T0.5_Dfm_visual_aligning.models.visual_gaussian_diffusion.VisualFlowMatching_VTrue_mpc4_filmv2/6,fm_visual_aligning/H8_Dfm_visual_aligning.models.visual_gaussian_diffusion.VisualFlowMatching_a1.5_b1.0_aw1_VTrue_steps1000_bs64_filmv2,,,,
2,H8_K20_Meuler_T0.5_Dfm_visual_aligning.models.visual_gaussian_diffusion.VisualFlowMatching_VTrue_mpc4_filmv2,/data/home/llim/FMPCC/FM-PCC/logs/aligning-d3il-visual/plans/fm_visual_aligning/(legacy_correcct_besides_bounds_for_comapre)H8_Dfm_visual_aligning.models.visual_gaussian_diffusion.VisualFlowMatching_a1.5_b1.0_aw1_VTrue_steps1000_bs64_filmv2/H8_K20_Meuler_T0.5_Dfm_visual_aligning.models.visual_gaussian_diffusion.VisualFlowMatching_VTrue_mpc4_filmv2,6,train,dynamics_only,dynamics_only,False,post_processing,fm_visual_aligning.models.visual_gaussian_diffusion.VisualFlowMatching,8.0,0.5,4.0,True,cuda,logs/aligning-d3il-visual/plans/fm_visual_aligning/H8_Dfm_visual_aligning.models.visual_gaussian_diffusion.VisualFlowMatching_a1.5_b1.0_aw1_VTrue_steps1000_bs64_filmv2/H8_K20_Meuler_T0.5_Dfm_visual_aligning.models.visual_gaussian_diffusion.VisualFlowMatching_VTrue_mpc4_filmv2/6,fm_visual_aligning/H8_Dfm_visual_aligning.models.visual_gaussian_diffusion.VisualFlowMatching_a1.5_b1.0_aw1_VTrue_steps1000_bs64_filmv2,,,,
3,H8_K20_Meuler_T0.5_Dfm_visual_aligning.models.visual_gaussian_diffusion.VisualFlowMatching_VTrue_mpc4_filmv2,/data/home/llim/FMPCC/FM-PCC/logs/aligning-d3il-visual/plans/fm_visual_aligning/H8_Dfm_visual_aligning.models.visual_gaussian_diffusion.VisualFlowMatching_a1.5_b1.0_aw1_VTrue_steps1000_bs64_filmv2/H8_K20_Meuler_T0.5_Dfm_visual_aligning.models.visual_gaussian_diffusion.VisualFlowMatching_VTrue_mpc4_filmv2,6,test,combined_5,combined_5,False,diffuser,fm_visual_aligning.models.visual_gaussian_diffusion.VisualFlowMatching,8.0,0.5,4.0,True,cuda,logs/aligning-d3il-visual/plans/fm_visual_aligning/H8_Dfm_visual_aligning.models.visual_gaussian_diffusion.VisualFlowMatching_a1.5_b1.0_aw1_VTrue_steps1000_bs64_filmv2/H8_K20_Meuler_T0.5_Dfm_visual_aligning.models.visual_gaussian_diffusion.VisualFlowMatching_VTrue_mpc4_filmv2/6,fm_visual_aligning/H8_Dfm_visual_aligning.models.visual_gaussian_diffusion.VisualFlowMatching_a1.5_b1.0_aw1_VTrue_steps1000_bs64_filmv2,,,,
3,H8_K20_Meuler_T0.5_Dfm_visual_aligning.models.visual_gaussian_diffusion.VisualFlowMatching_VTrue_mpc4_filmv2,/data/home/llim/FMPCC/FM-PCC/logs/aligning-d3il-visual/plans/fm_visual_aligning/H8_Dfm_visual_aligning.models.visual_gaussian_diffusion.VisualFlowMatching_a1.5_b1.0_aw1_VTrue_steps1000_bs64_filmv2/H8_K20_Meuler_T0.5_Dfm_visual_aligning.models.visual_gaussian_diffusion.VisualFlowMatching_VTrue_mpc4_filmv2,6,train,combined_5,combined_5,False,bounds_free,fm_visual_aligning.models.visual_gaussian_diffusion.VisualFlowMatching,8.0,0.5,4.0,True,cuda,logs/aligning-d3il-visual/plans/fm_visual_aligning/H8_Dfm_visual_aligning.models.visual_gaussian_diffusion.VisualFlowMatching_a1.5_b1.0_aw1_VTrue_steps1000_bs64_filmv2/H8_K20_Meuler_T0.5_Dfm_visual_aligning.models.visual_gaussian_diffusion.VisualFlowMatching_VTrue_mpc4_filmv2/6,fm_visual_aligning/H8_Dfm_visual_aligning.models.visual_gaussian_diffusion.VisualFlowMatching_a1.5_b1.0_aw1_VTrue_steps1000_bs64_filmv2,,,,
3,H8_K20_Meuler_T0.5_Dfm_visual_aligning.models.visual_gaussian_diffusion.VisualFlowMatching_VTrue_mpc4_filmv2,/data/home/llim/FMPCC/FM-PCC/logs/aligning-d3il-visual/plans/fm_visual_aligning/H8_Dfm_visual_aligning.models.visual_gaussian_diffusion.VisualFlowMatching_a1.5_b1.0_aw1_VTrue_steps1000_bs64_filmv2/H8_K20_Meuler_T0.5_Dfm_visual_aligning.models.visual_gaussian_diffusion.VisualFlowMatching_VTrue_mpc4_filmv2,6,train,combined_5,combined_5,False,diffuser,fm_visual_aligning.models.visual_gaussian_diffusion.VisualFlowMatching,8.0,0.5,4.0,True,cuda,logs/aligning-d3il-visual/plans/fm_visual_aligning/H8_Dfm_visual_aligning.models.visual_gaussian_diffusion.VisualFlowMatching_a1.5_b1.0_aw1_VTrue_steps1000_bs64_filmv2/H8_K20_Meuler_T0.5_Dfm_visual_aligning.models.visual_gaussian_diffusion.VisualFlowMatching_VTrue_mpc4_filmv2/6,fm_visual_aligning/H8_Dfm_visual_aligning.models.visual_gaussian_diffusion.VisualFlowMatching_a1.5_b1.0_aw1_VTrue_steps1000_bs64_filmv2,,,,
3,H8_K20_Meuler_T0.5_Dfm_visual_aligning.models.visual_gaussian_diffusion.VisualFlowMatching_VTrue_mpc4_filmv2,/data/home/llim/FMPCC/FM-PCC/logs/aligning-d3il-visual/plans/fm_visual_aligning/H8_Dfm_visual_aligning.models.visual_gaussian_diffusion.VisualFlowMatching_a1.5_b1.0_aw1_VTrue_steps1000_bs64_filmv2/H8_K20_Meuler_T0.5_Dfm_visual_aligning.models.visual_gaussian_diffusion.VisualFlowMatching_VTrue_mpc4_filmv2,6,train,combined_5,combined_5,False,dpcc-c,fm_visual_aligning.models.visual_gaussian_diffusion.VisualFlowMatching,8.0,0.5,4.0,True,cuda,logs/aligning-d3il-visual/plans/fm_visual_aligning/H8_Dfm_visual_aligning.models.visual_gaussian_diffusion.VisualFlowMatching_a1.5_b1.0_aw1_VTrue_steps1000_bs64_filmv2/H8_K20_Meuler_T0.5_Dfm_visual_aligning.models.visual_gaussian_diffusion.VisualFlowMatching_VTrue_mpc4_filmv2/6,fm_visual_aligning/H8_Dfm_visual_aligning.models.visual_gaussian_diffusion.VisualFlowMatching_a1.5_b1.0_aw1_VTrue_steps1000_bs64_filmv2,,,,
3,H8_K20_Meuler_T0.5_Dfm_visual_aligning.models.visual_gaussian_diffusion.VisualFlowMatching_VTrue_mpc4_filmv2,/data/home/llim/FMPCC/FM-PCC/logs/aligning-d3il-visual/plans/fm_visual_aligning/H8_Dfm_visual_aligning.models.visual_gaussian_diffusion.VisualFlowMatching_a1.5_b1.0_aw1_VTrue_steps1000_bs64_filmv2/H8_K20_Meuler_T0.5_Dfm_visual_aligning.models.visual_gaussian_diffusion.VisualFlowMatching_VTrue_mpc4_filmv2,6,train,combined_5,combined_5,False,dpcc-c-dt0p25,fm_visual_aligning.models.visual_gaussian_diffusion.VisualFlowMatching,8.0,0.5,4.0,True,cuda,logs/aligning-d3il-visual/plans/fm_visual_aligning/H8_Dfm_visual_aligning.models.visual_gaussian_diffusion.VisualFlowMatching_a1.5_b1.0_aw1_VTrue_steps1000_bs64_filmv2/H8_K20_Meuler_T0.5_Dfm_visual_aligning.models.visual_gaussian_diffusion.VisualFlowMatching_VTrue_mpc4_filmv2/6,fm_visual_aligning/H8_Dfm_visual_aligning.models.visual_gaussian_diffusion.VisualFlowMatching_a1.5_b1.0_aw1_VTrue_steps1000_bs64_filmv2,,,,
3,H8_K20_Meuler_T0.5_Dfm_visual_aligning.models.visual_gaussian_diffusion.VisualFlowMatching_VTrue_mpc4_filmv2,/data/home/llim/FMPCC/FM-PCC/logs/aligning-d3il-visual/plans/fm_visual_aligning/H8_Dfm_visual_aligning.models.visual_gaussian_diffusion.VisualFlowMatching_a1.5_b1.0_aw1_VTrue_steps1000_bs64_filmv2/H8_K20_Meuler_T0.5_Dfm_visual_aligning.models.visual_gaussian_diffusion.VisualFlowMatching_VTrue_mpc4_filmv2,6,train,combined_5,combined_5,False,dpcc-c-dt0p5,fm_visual_aligning.models.visual_gaussian_diffusion.VisualFlowMatching,8.0,0.5,4.0,True,cuda,logs/aligning-d3il-visual/plans/fm_visual_aligning/H8_Dfm_visual_aligning.models.visual_gaussian_diffusion.VisualFlowMatching_a1.5_b1.0_aw1_VTrue_steps1000_bs64_filmv2/H8_K20_Meuler_T0.5_Dfm_visual_aligning.models.visual_gaussian_diffusion.VisualFlowMatching_VTrue_mpc4_filmv2/6,fm_visual_aligning/H8_Dfm_visual_aligning.models.visual_gaussian_diffusion.VisualFlowMatching_a1.5_b1.0_aw1_VTrue_steps1000_bs64_filmv2,,,,
3,H8_K20_Meuler_T0.5_Dfm_visual_aligning.models.visual_gaussian_diffusion.VisualFlowMatching_VTrue_mpc4_filmv2,/data/home/llim/FMPCC/FM-PCC/logs/aligning-d3il-visual/plans/fm_visual_aligning/H8_Dfm_visual_aligning.models.visual_gaussian_diffusion.VisualFlowMatching_a1.5_b1.0_aw1_VTrue_steps1000_bs64_filmv2/H8_K20_Meuler_T0.5_Dfm_visual_aligning.models.visual_gaussian_diffusion.VisualFlowMatching_VTrue_mpc4_filmv2,6,train,combined_5,combined_5,False,dpcc-c-dt2p0,fm_visual_aligning.models.visual_gaussian_diffusion.VisualFlowMatching,8.0,0.5,4.0,True,cuda,logs/aligning-d3il-visual/plans/fm_visual_aligning/H8_Dfm_visual_aligning.models.visual_gaussian_diffusion.VisualFlowMatching_a1.5_b1.0_aw1_VTrue_steps1000_bs64_filmv2/H8_K20_Meuler_T0.5_Dfm_visual_aligning.models.visual_gaussian_diffusion.VisualFlowMatching_VTrue_mpc4_filmv2/6,fm_visual_aligning/H8_Dfm_visual_aligning.models.visual_gaussian_diffusion.VisualFlowMatching_a1.5_b1.0_aw1_VTrue_steps1000_bs64_filmv2,,,,
3,H8_K20_Meuler_T0.5_Dfm_visual_aligning.models.visual_gaussian_diffusion.VisualFlowMatching_VTrue_mpc4_filmv2,/data/home/llim/FMPCC/FM-PCC/logs/aligning-d3il-visual/plans/fm_visual_aligning/H8_Dfm_visual_aligning.models.visual_gaussian_diffusion.VisualFlowMatching_a1.5_b1.0_aw1_VTrue_steps1000_bs64_filmv2/H8_K20_Meuler_T0.5_Dfm_visual_aligning.models.visual_gaussian_diffusion.VisualFlowMatching_VTrue_mpc4_filmv2,6,train,combined_5,combined_5,False,dpcc-c-dt4p0,fm_visual_aligning.models.visual_gaussian_diffusion.VisualFlowMatching,8.0,0.5,4.0,True,cuda,logs/aligning-d3il-visual/plans/fm_visual_aligning/H8_Dfm_visual_aligning.models.visual_gaussian_diffusion.VisualFlowMatching_a1.5_b1.0_aw1_VTrue_steps1000_bs64_filmv2/H8_K20_Meuler_T0.5_Dfm_visual_aligning.models.visual_gaussian_diffusion.VisualFlowMatching_VTrue_mpc4_filmv2/6,fm_visual_aligning/H8_Dfm_visual_aligning.models.visual_gaussian_diffusion.VisualFlowMatching_a1.5_b1.0_aw1_VTrue_steps1000_bs64_filmv2,,,,
3,H8_K20_Meuler_T0.5_Dfm_visual_aligning.models.visual_gaussian_diffusion.VisualFlowMatching_VTrue_mpc4_filmv2,/data/home/llim/FMPCC/FM-PCC/logs/aligning-d3il-visual/plans/fm_visual_aligning/H8_Dfm_visual_aligning.models.visual_gaussian_diffusion.VisualFlowMatching_a1.5_b1.0_aw1_VTrue_steps1000_bs64_filmv2/H8_K20_Meuler_T0.5_Dfm_visual_aligning.models.visual_gaussian_diffusion.VisualFlowMatching_VTrue_mpc4_filmv2,6,train,combined_5,combined_5,False,dpcc-r,fm_visual_aligning.models.visual_gaussian_diffusion.VisualFlowMatching,8.0,0.5,4.0,True,cuda,logs/aligning-d3il-visual/plans/fm_visual_aligning/H8_Dfm_visual_aligning.models.visual_gaussian_diffusion.VisualFlowMatching_a1.5_b1.0_aw1_VTrue_steps1000_bs64_filmv2/H8_K20_Meuler_T0.5_Dfm_visual_aligning.models.visual_gaussian_diffusion.VisualFlowMatching_VTrue_mpc4_filmv2/6,fm_visual_aligning/H8_Dfm_visual_aligning.models.visual_gaussian_diffusion.VisualFlowMatching_a1.5_b1.0_aw1_VTrue_steps1000_bs64_filmv2,,,,
3,H8_K20_Meuler_T0.5_Dfm_visual_aligning.models.visual_gaussian_diffusion.VisualFlowMatching_VTrue_mpc4_filmv2,/data/home/llim/FMPCC/FM-PCC/logs/aligning-d3il-visual/plans/fm_visual_aligning/H8_Dfm_visual_aligning.models.visual_gaussian_diffusion.VisualFlowMatching_a1.5_b1.0_aw1_VTrue_steps1000_bs64_filmv2/H8_K20_Meuler_T0.5_Dfm_visual_aligning.models.visual_gaussian_diffusion.VisualFlowMatching_VTrue_mpc4_filmv2,6,train,combined_5,combined_5,False,dpcc-t,fm_visual_aligning.models.visual_gaussian_diffusion.VisualFlowMatching,8.0,0.5,4.0,True,cuda,logs/aligning-d3il-visual/plans/fm_visual_aligning/H8_Dfm_visual_aligning.models.visual_gaussian_diffusion.VisualFlowMatching_a1.5_b1.0_aw1_VTrue_steps1000_bs64_filmv2/H8_K20_Meuler_T0.5_Dfm_visual_aligning.models.visual_gaussian_diffusion.VisualFlowMatching_VTrue_mpc4_filmv2/6,fm_visual_aligning/H8_Dfm_visual_aligning.models.visual_gaussian_diffusion.VisualFlowMatching_a1.5_b1.0_aw1_VTrue_steps1000_bs64_filmv2,,,,
3,H8_K20_Meuler_T0.5_Dfm_visual_aligning.models.visual_gaussian_diffusion.VisualFlowMatching_VTrue_mpc4_filmv2,/data/home/llim/FMPCC/FM-PCC/logs/aligning-d3il-visual/plans/fm_visual_aligning/H8_Dfm_visual_aligning.models.visual_gaussian_diffusion.VisualFlowMatching_a1.5_b1.0_aw1_VTrue_steps1000_bs64_filmv2/H8_K20_Meuler_T0.5_Dfm_visual_aligning.models.visual_gaussian_diffusion.VisualFlowMatching_VTrue_mpc4_filmv2,6,train,combined_5,combined_5,False,geo_free,fm_visual_aligning.models.visual_gaussian_diffusion.VisualFlowMatching,8.0,0.5,4.0,True,cuda,logs/aligning-d3il-visual/plans/fm_visual_aligning/H8_Dfm_visual_aligning.models.visual_gaussian_diffusion.VisualFlowMatching_a1.5_b1.0_aw1_VTrue_steps1000_bs64_filmv2/H8_K20_Meuler_T0.5_Dfm_visual_aligning.models.visual_gaussian_diffusion.VisualFlowMatching_VTrue_mpc4_filmv2/6,fm_visual_aligning/H8_Dfm_visual_aligning.models.visual_gaussian_diffusion.VisualFlowMatching_a1.5_b1.0_aw1_VTrue_steps1000_bs64_filmv2,,,,
3,H8_K20_Meuler_T0.5_Dfm_visual_aligning.models.visual_gaussian_diffusion.VisualFlowMatching_VTrue_mpc4_filmv2,/data/home/llim/FMPCC/FM-PCC/logs/aligning-d3il-visual/plans/fm_visual_aligning/H8_Dfm_visual_aligning.models.visual_gaussian_diffusion.VisualFlowMatching_a1.5_b1.0_aw1_VTrue_steps1000_bs64_filmv2/H8_K20_Meuler_T0.5_Dfm_visual_aligning.models.visual_gaussian_diffusion.VisualFlowMatching_VTrue_mpc4_filmv2,6,train,combined_5,combined_5,False,geo_free-bounds_free,fm_visual_aligning.models.visual_gaussian_diffusion.VisualFlowMatching,8.0,0.5,4.0,True,cuda,logs/aligning-d3il-visual/plans/fm_visual_aligning/H8_Dfm_visual_aligning.models.visual_gaussian_diffusion.VisualFlowMatching_a1.5_b1.0_aw1_VTrue_steps1000_bs64_filmv2/H8_K20_Meuler_T0.5_Dfm_visual_aligning.models.visual_gaussian_diffusion.VisualFlowMatching_VTrue_mpc4_filmv2/6,fm_visual_aligning/H8_Dfm_visual_aligning.models.visual_gaussian_diffusion.VisualFlowMatching_a1.5_b1.0_aw1_VTrue_steps1000_bs64_filmv2,,,,
3,H8_K20_Meuler_T0.5_Dfm_visual_aligning.models.visual_gaussian_diffusion.VisualFlowMatching_VTrue_mpc4_filmv2,/data/home/llim/FMPCC/FM-PCC/logs/aligning-d3il-visual/plans/fm_visual_aligning/H8_Dfm_visual_aligning.models.visual_gaussian_diffusion.VisualFlowMatching_a1.5_b1.0_aw1_VTrue_steps1000_bs64_filmv2/H8_K20_Meuler_T0.5_Dfm_visual_aligning.models.visual_gaussian_diffusion.VisualFlowMatching_VTrue_mpc4_filmv2,6,train,combined_5,combined_5,False,geo_free-model_free,fm_visual_aligning.models.visual_gaussian_diffusion.VisualFlowMatching,8.0,0.5,4.0,True,cuda,logs/aligning-d3il-visual/plans/fm_visual_aligning/H8_Dfm_visual_aligning.models.visual_gaussian_diffusion.VisualFlowMatching_a1.5_b1.0_aw1_VTrue_steps1000_bs64_filmv2/H8_K20_Meuler_T0.5_Dfm_visual_aligning.models.visual_gaussian_diffusion.VisualFlowMatching_VTrue_mpc4_filmv2/6,fm_visual_aligning/H8_Dfm_visual_aligning.models.visual_gaussian_diffusion.VisualFlowMatching_a1.5_b1.0_aw1_VTrue_steps1000_bs64_filmv2,,,,
3,H8_K20_Meuler_T0.5_Dfm_visual_aligning.models.visual_gaussian_diffusion.VisualFlowMatching_VTrue_mpc4_filmv2,/data/home/llim/FMPCC/FM-PCC/logs/aligning-d3il-visual/plans/fm_visual_aligning/H8_Dfm_visual_aligning.models.visual_gaussian_diffusion.VisualFlowMatching_a1.5_b1.0_aw1_VTrue_steps1000_bs64_filmv2/H8_K20_Meuler_T0.5_Dfm_visual_aligning.models.visual_gaussian_diffusion.VisualFlowMatching_VTrue_mpc4_filmv2,6,train,combined_5,combined_5,False,gradient,fm_visual_aligning.models.visual_gaussian_diffusion.VisualFlowMatching,8.0,0.5,4.0,True,cuda,logs/aligning-d3il-visual/plans/fm_visual_aligning/H8_Dfm_visual_aligning.models.visual_gaussian_diffusion.VisualFlowMatching_a1.5_b1.0_aw1_VTrue_steps1000_bs64_filmv2/H8_K20_Meuler_T0.5_Dfm_visual_aligning.models.visual_gaussian_diffusion.VisualFlowMatching_VTrue_mpc4_filmv2/6,fm_visual_aligning/H8_Dfm_visual_aligning.models.visual_gaussian_diffusion.VisualFlowMatching_a1.5_b1.0_aw1_VTrue_steps1000_bs64_filmv2,,,,
3,H8_K20_Meuler_T0.5_Dfm_visual_aligning.models.visual_gaussian_diffusion.VisualFlowMatching_VTrue_mpc4_filmv2,/data/home/llim/FMPCC/FM-PCC/logs/aligning-d3il-visual/plans/fm_visual_aligning/H8_Dfm_visual_aligning.models.visual_gaussian_diffusion.VisualFlowMatching_a1.5_b1.0_aw1_VTrue_steps1000_bs64_filmv2/H8_K20_Meuler_T0.5_Dfm_visual_aligning.models.visual_gaussian_diffusion.VisualFlowMatching_VTrue_mpc4_filmv2,6,train,combined_5,combined_5,False,model_free,fm_visual_aligning.models.visual_gaussian_diffusion.VisualFlowMatching,8.0,0.5,4.0,True,cuda,logs/aligning-d3il-visual/plans/fm_visual_aligning/H8_Dfm_visual_aligning.models.visual_gaussian_diffusion.VisualFlowMatching_a1.5_b1.0_aw1_VTrue_steps1000_bs64_filmv2/H8_K20_Meuler_T0.5_Dfm_visual_aligning.models.visual_gaussian_diffusion.VisualFlowMatching_VTrue_mpc4_filmv2/6,fm_visual_aligning/H8_Dfm_visual_aligning.models.visual_gaussian_diffusion.VisualFlowMatching_a1.5_b1.0_aw1_VTrue_steps1000_bs64_filmv2,,,,
3,H8_K20_Meuler_T0.5_Dfm_visual_aligning.models.visual_gaussian_diffusion.VisualFlowMatching_VTrue_mpc4_filmv2,/data/home/llim/FMPCC/FM-PCC/logs/aligning-d3il-visual/plans/fm_visual_aligning/H8_Dfm_visual_aligning.models.visual_gaussian_diffusion.VisualFlowMatching_a1.5_b1.0_aw1_VTrue_steps1000_bs64_filmv2/H8_K20_Meuler_T0.5_Dfm_visual_aligning.models.visual_gaussian_diffusion.VisualFlowMatching_VTrue_mpc4_filmv2,6,train,combined_5,combined_5,False,post_processing,fm_visual_aligning.models.visual_gaussian_diffusion.VisualFlowMatching,8.0,0.5,4.0,True,cuda,logs/aligning-d3il-visual/plans/fm_visual_aligning/H8_Dfm_visual_aligning.models.visual_gaussian_diffusion.VisualFlowMatching_a1.5_b1.0_aw1_VTrue_steps1000_bs64_filmv2/H8_K20_Meuler_T0.5_Dfm_visual_aligning.models.visual_gaussian_diffusion.VisualFlowMatching_VTrue_mpc4_filmv2/6,fm_visual_aligning/H8_Dfm_visual_aligning.models.visual_gaussian_diffusion.VisualFlowMatching_a1.5_b1.0_aw1_VTrue_steps1000_bs64_filmv2,,,,
3,H8_K20_Meuler_T0.5_Dfm_visual_aligning.models.visual_gaussian_diffusion.VisualFlowMatching_VTrue_mpc4_filmv2,/data/home/llim/FMPCC/FM-PCC/logs/aligning-d3il-visual/plans/fm_visual_aligning/H8_Dfm_visual_aligning.models.visual_gaussian_diffusion.VisualFlowMatching_a1.5_b1.0_aw1_VTrue_steps1000_bs64_filmv2/H8_K20_Meuler_T0.5_Dfm_visual_aligning.models.visual_gaussian_diffusion.VisualFlowMatching_VTrue_mpc4_filmv2,6,train,combined_5-tightened,combined_5,True,diffuser,fm_visual_aligning.models.visual_gaussian_diffusion.VisualFlowMatching,8.0,0.5,4.0,True,cuda,logs/aligning-d3il-visual/plans/fm_visual_aligning/H8_Dfm_visual_aligning.models.visual_gaussian_diffusion.VisualFlowMatching_a1.5_b1.0_aw1_VTrue_steps1000_bs64_filmv2/H8_K20_Meuler_T0.5_Dfm_visual_aligning.models.visual_gaussian_diffusion.VisualFlowMatching_VTrue_mpc4_filmv2/6,fm_visual_aligning/H8_Dfm_visual_aligning.models.visual_gaussian_diffusion.VisualFlowMatching_a1.5_b1.0_aw1_VTrue_steps1000_bs64_filmv2,,,,
3,H8_K20_Meuler_T0.5_Dfm_visual_aligning.models.visual_gaussian_diffusion.VisualFlowMatching_VTrue_mpc4_filmv2,/data/home/llim/FMPCC/FM-PCC/logs/aligning-d3il-visual/plans/fm_visual_aligning/H8_Dfm_visual_aligning.models.visual_gaussian_diffusion.VisualFlowMatching_a1.5_b1.0_aw1_VTrue_steps1000_bs64_filmv2/H8_K20_Meuler_T0.5_Dfm_visual_aligning.models.visual_gaussian_diffusion.VisualFlowMatching_VTrue_mpc4_filmv2,6,train,combined_5-tightened,combined_5,True,dpcc-r,fm_visual_aligning.models.visual_gaussian_diffusion.VisualFlowMatching,8.0,0.5,4.0,True,cuda,logs/aligning-d3il-visual/plans/fm_visual_aligning/H8_Dfm_visual_aligning.models.visual_gaussian_diffusion.VisualFlowMatching_a1.5_b1.0_aw1_VTrue_steps1000_bs64_filmv2/H8_K20_Meuler_T0.5_Dfm_visual_aligning.models.visual_gaussian_diffusion.VisualFlowMatching_VTrue_mpc4_filmv2/6,fm_visual_aligning/H8_Dfm_visual_aligning.models.visual_gaussian_diffusion.VisualFlowMatching_a1.5_b1.0_aw1_VTrue_steps1000_bs64_filmv2,,,,
4,H8_K20_Meuler_T0.5_Dfm_visual_aligning.models.visual_gaussian_diffusion.VisualFlowMatching_VTrue_mpc4_filmv1,/data/home/llim/FMPCC/FM-PCC/logs/aligning-d3il-visual/plans/fm_visual_aligning/H8_Dfm_visual_aligning.models.visual_gaussian_diffusion.VisualFlowMatching_a1.5_b1.0_aw1_VTrue_steps900_bs64_filmv1/H8_K20_Meuler_T0.5_Dfm_visual_aligning.models.visual_gaussian_diffusion.VisualFlowMatching_VTrue_mpc4_filmv1,6,test,combined_5,combined_5,False,bounds_free,fm_visual_aligning.models.visual_gaussian_diffusion.VisualFlowMatching,8.0,0.5,4.0,True,cuda,logs/aligning-d3il-visual/plans/fm_visual_aligning/H8_Dfm_visual_aligning.models.visual_gaussian_diffusion.VisualFlowMatching_a1.5_b1.0_aw1_VTrue_steps900_bs64_filmv1/H8_K20_Meuler_T0.5_Dfm_visual_aligning.models.visual_gaussian_diffusion.VisualFlowMatching_VTrue_mpc4_filmv1/6,fm_visual_aligning/H8_Dfm_visual_aligning.models.visual_gaussian_diffusion.VisualFlowMatching_a1.5_b1.0_aw1_VTrue_steps900_bs64_filmv1,,,,
4,H8_K20_Meuler_T0.5_Dfm_visual_aligning.models.visual_gaussian_diffusion.VisualFlowMatching_VTrue_mpc4_filmv1,/data/home/llim/FMPCC/FM-PCC/logs/aligning-d3il-visual/plans/fm_visual_aligning/H8_Dfm_visual_aligning.models.visual_gaussian_diffusion.VisualFlowMatching_a1.5_b1.0_aw1_VTrue_steps900_bs64_filmv1/H8_K20_Meuler_T0.5_Dfm_visual_aligning.models.visual_gaussian_diffusion.VisualFlowMatching_VTrue_mpc4_filmv1,6,test,combined_5,combined_5,False,diffuser,fm_visual_aligning.models.visual_gaussian_diffusion.VisualFlowMatching,8.0,0.5,4.0,True,cuda,logs/aligning-d3il-visual/plans/fm_visual_aligning/H8_Dfm_visual_aligning.models.visual_gaussian_diffusion.VisualFlowMatching_a1.5_b1.0_aw1_VTrue_steps900_bs64_filmv1/H8_K20_Meuler_T0.5_Dfm_visual_aligning.models.visual_gaussian_diffusion.VisualFlowMatching_VTrue_mpc4_filmv1/6,fm_visual_aligning/H8_Dfm_visual_aligning.models.visual_gaussian_diffusion.VisualFlowMatching_a1.5_b1.0_aw1_VTrue_steps900_bs64_filmv1,,,,
4,H8_K20_Meuler_T0.5_Dfm_visual_aligning.models.visual_gaussian_diffusion.VisualFlowMatching_VTrue_mpc4_filmv1,/data/home/llim/FMPCC/FM-PCC/logs/aligning-d3il-visual/plans/fm_visual_aligning/H8_Dfm_visual_aligning.models.visual_gaussian_diffusion.VisualFlowMatching_a1.5_b1.0_aw1_VTrue_steps900_bs64_filmv1/H8_K20_Meuler_T0.5_Dfm_visual_aligning.models.visual_gaussian_diffusion.VisualFlowMatching_VTrue_mpc4_filmv1,6,test,combined_5,combined_5,False,dpcc-c,fm_visual_aligning.models.visual_gaussian_diffusion.VisualFlowMatching,8.0,0.5,4.0,True,cuda,logs/aligning-d3il-visual/plans/fm_visual_aligning/H8_Dfm_visual_aligning.models.visual_gaussian_diffusion.VisualFlowMatching_a1.5_b1.0_aw1_VTrue_steps900_bs64_filmv1/H8_K20_Meuler_T0.5_Dfm_visual_aligning.models.visual_gaussian_diffusion.VisualFlowMatching_VTrue_mpc4_filmv1/6,fm_visual_aligning/H8_Dfm_visual_aligning.models.visual_gaussian_diffusion.VisualFlowMatching_a1.5_b1.0_aw1_VTrue_steps900_bs64_filmv1,,,,
4,H8_K20_Meuler_T0.5_Dfm_visual_aligning.models.visual_gaussian_diffusion.VisualFlowMatching_VTrue_mpc4_filmv1,/data/home/llim/FMPCC/FM-PCC/logs/aligning-d3il-visual/plans/fm_visual_aligning/H8_Dfm_visual_aligning.models.visual_gaussian_diffusion.VisualFlowMatching_a1.5_b1.0_aw1_VTrue_steps900_bs64_filmv1/H8_K20_Meuler_T0.5_Dfm_visual_aligning.models.visual_gaussian_diffusion.VisualFlowMatching_VTrue_mpc4_filmv1,6,test,combined_5,combined_5,False,dpcc-r,fm_visual_aligning.models.visual_gaussian_diffusion.VisualFlowMatching,8.0,0.5,4.0,True,cuda,logs/aligning-d3il-visual/plans/fm_visual_aligning/H8_Dfm_visual_aligning.models.visual_gaussian_diffusion.VisualFlowMatching_a1.5_b1.0_aw1_VTrue_steps900_bs64_filmv1/H8_K20_Meuler_T0.5_Dfm_visual_aligning.models.visual_gaussian_diffusion.VisualFlowMatching_VTrue_mpc4_filmv1/6,fm_visual_aligning/H8_Dfm_visual_aligning.models.visual_gaussian_diffusion.VisualFlowMatching_a1.5_b1.0_aw1_VTrue_steps900_bs64_filmv1,,,,
4,H8_K20_Meuler_T0.5_Dfm_visual_aligning.models.visual_gaussian_diffusion.VisualFlowMatching_VTrue_mpc4_filmv1,/data/home/llim/FMPCC/FM-PCC/logs/aligning-d3il-visual/plans/fm_visual_aligning/H8_Dfm_visual_aligning.models.visual_gaussian_diffusion.VisualFlowMatching_a1.5_b1.0_aw1_VTrue_steps900_bs64_filmv1/H8_K20_Meuler_T0.5_Dfm_visual_aligning.models.visual_gaussian_diffusion.VisualFlowMatching_VTrue_mpc4_filmv1,6,test,combined_5,combined_5,False,dpcc-t,fm_visual_aligning.models.visual_gaussian_diffusion.VisualFlowMatching,8.0,0.5,4.0,True,cuda,logs/aligning-d3il-visual/plans/fm_visual_aligning/H8_Dfm_visual_aligning.models.visual_gaussian_diffusion.VisualFlowMatching_a1.5_b1.0_aw1_VTrue_steps900_bs64_filmv1/H8_K20_Meuler_T0.5_Dfm_visual_aligning.models.visual_gaussian_diffusion.VisualFlowMatching_VTrue_mpc4_filmv1/6,fm_visual_aligning/H8_Dfm_visual_aligning.models.visual_gaussian_diffusion.VisualFlowMatching_a1.5_b1.0_aw1_VTrue_steps900_bs64_filmv1,,,,
4,H8_K20_Meuler_T0.5_Dfm_visual_aligning.models.visual_gaussian_diffusion.VisualFlowMatching_VTrue_mpc4_filmv1,/data/home/llim/FMPCC/FM-PCC/logs/aligning-d3il-visual/plans/fm_visual_aligning/H8_Dfm_visual_aligning.models.visual_gaussian_diffusion.VisualFlowMatching_a1.5_b1.0_aw1_VTrue_steps900_bs64_filmv1/H8_K20_Meuler_T0.5_Dfm_visual_aligning.models.visual_gaussian_diffusion.VisualFlowMatching_VTrue_mpc4_filmv1,6,test,combined_5,combined_5,False,geo_free,fm_visual_aligning.models.visual_gaussian_diffusion.VisualFlowMatching,8.0,0.5,4.0,True,cuda,logs/aligning-d3il-visual/plans/fm_visual_aligning/H8_Dfm_visual_aligning.models.visual_gaussian_diffusion.VisualFlowMatching_a1.5_b1.0_aw1_VTrue_steps900_bs64_filmv1/H8_K20_Meuler_T0.5_Dfm_visual_aligning.models.visual_gaussian_diffusion.VisualFlowMatching_VTrue_mpc4_filmv1/6,fm_visual_aligning/H8_Dfm_visual_aligning.models.visual_gaussian_diffusion.VisualFlowMatching_a1.5_b1.0_aw1_VTrue_steps900_bs64_filmv1,,,,
4,H8_K20_Meuler_T0.5_Dfm_visual_aligning.models.visual_gaussian_diffusion.VisualFlowMatching_VTrue_mpc4_filmv1,/data/home/llim/FMPCC/FM-PCC/logs/aligning-d3il-visual/plans/fm_visual_aligning/H8_Dfm_visual_aligning.models.visual_gaussian_diffusion.VisualFlowMatching_a1.5_b1.0_aw1_VTrue_steps900_bs64_filmv1/H8_K20_Meuler_T0.5_Dfm_visual_aligning.models.visual_gaussian_diffusion.VisualFlowMatching_VTrue_mpc4_filmv1,6,test,combined_5,combined_5,False,geo_free-bounds_free,fm_visual_aligning.models.visual_gaussian_diffusion.VisualFlowMatching,8.0,0.5,4.0,True,cuda,logs/aligning-d3il-visual/plans/fm_visual_aligning/H8_Dfm_visual_aligning.models.visual_gaussian_diffusion.VisualFlowMatching_a1.5_b1.0_aw1_VTrue_steps900_bs64_filmv1/H8_K20_Meuler_T0.5_Dfm_visual_aligning.models.visual_gaussian_diffusion.VisualFlowMatching_VTrue_mpc4_filmv1/6,fm_visual_aligning/H8_Dfm_visual_aligning.models.visual_gaussian_diffusion.VisualFlowMatching_a1.5_b1.0_aw1_VTrue_steps900_bs64_filmv1,,,,
4,H8_K20_Meuler_T0.5_Dfm_visual_aligning.models.visual_gaussian_diffusion.VisualFlowMatching_VTrue_mpc4_filmv1,/data/home/llim/FMPCC/FM-PCC/logs/aligning-d3il-visual/plans/fm_visual_aligning/H8_Dfm_visual_aligning.models.visual_gaussian_diffusion.VisualFlowMatching_a1.5_b1.0_aw1_VTrue_steps900_bs64_filmv1/H8_K20_Meuler_T0.5_Dfm_visual_aligning.models.visual_gaussian_diffusion.VisualFlowMatching_VTrue_mpc4_filmv1,6,test,combined_5,combined_5,False,gradient,fm_visual_aligning.models.visual_gaussian_diffusion.VisualFlowMatching,8.0,0.5,4.0,True,cuda,logs/aligning-d3il-visual/plans/fm_visual_aligning/H8_Dfm_visual_aligning.models.visual_gaussian_diffusion.VisualFlowMatching_a1.5_b1.0_aw1_VTrue_steps900_bs64_filmv1/H8_K20_Meuler_T0.5_Dfm_visual_aligning.models.visual_gaussian_diffusion.VisualFlowMatching_VTrue_mpc4_filmv1/6,fm_visual_aligning/H8_Dfm_visual_aligning.models.visual_gaussian_diffusion.VisualFlowMatching_a1.5_b1.0_aw1_VTrue_steps900_bs64_filmv1,,,,
4,H8_K20_Meuler_T0.5_Dfm_visual_aligning.models.visual_gaussian_diffusion.VisualFlowMatching_VTrue_mpc4_filmv1,/data/home/llim/FMPCC/FM-PCC/logs/aligning-d3il-visual/plans/fm_visual_aligning/H8_Dfm_visual_aligning.models.visual_gaussian_diffusion.VisualFlowMatching_a1.5_b1.0_aw1_VTrue_steps900_bs64_filmv1/H8_K20_Meuler_T0.5_Dfm_visual_aligning.models.visual_gaussian_diffusion.VisualFlowMatching_VTrue_mpc4_filmv1,6,test,combined_5,combined_5,False,model_free,fm_visual_aligning.models.visual_gaussian_diffusion.VisualFlowMatching,8.0,0.5,4.0,True,cuda,logs/aligning-d3il-visual/plans/fm_visual_aligning/H8_Dfm_visual_aligning.models.visual_gaussian_diffusion.VisualFlowMatching_a1.5_b1.0_aw1_VTrue_steps900_bs64_filmv1/H8_K20_Meuler_T0.5_Dfm_visual_aligning.models.visual_gaussian_diffusion.VisualFlowMatching_VTrue_mpc4_filmv1/6,fm_visual_aligning/H8_Dfm_visual_aligning.models.visual_gaussian_diffusion.VisualFlowMatching_a1.5_b1.0_aw1_VTrue_steps900_bs64_filmv1,,,,
4,H8_K20_Meuler_T0.5_Dfm_visual_aligning.models.visual_gaussian_diffusion.VisualFlowMatching_VTrue_mpc4_filmv1,/data/home/llim/FMPCC/FM-PCC/logs/aligning-d3il-visual/plans/fm_visual_aligning/H8_Dfm_visual_aligning.models.visual_gaussian_diffusion.VisualFlowMatching_a1.5_b1.0_aw1_VTrue_steps900_bs64_filmv1/H8_K20_Meuler_T0.5_Dfm_visual_aligning.models.visual_gaussian_diffusion.VisualFlowMatching_VTrue_mpc4_filmv1,6,test,combined_5,combined_5,False,post_processing,fm_visual_aligning.models.visual_gaussian_diffusion.VisualFlowMatching,8.0,0.5,4.0,True,cuda,logs/aligning-d3il-visual/plans/fm_visual_aligning/H8_Dfm_visual_aligning.models.visual_gaussian_diffusion.VisualFlowMatching_a1.5_b1.0_aw1_VTrue_steps900_bs64_filmv1/H8_K20_Meuler_T0.5_Dfm_visual_aligning.models.visual_gaussian_diffusion.VisualFlowMatching_VTrue_mpc4_filmv1/6,fm_visual_aligning/H8_Dfm_visual_aligning.models.visual_gaussian_diffusion.VisualFlowMatching_a1.5_b1.0_aw1_VTrue_steps900_bs64_filmv1,,,,
4,H8_K20_Meuler_T0.5_Dfm_visual_aligning.models.visual_gaussian_diffusion.VisualFlowMatching_VTrue_mpc4_filmv1,/data/home/llim/FMPCC/FM-PCC/logs/aligning-d3il-visual/plans/fm_visual_aligning/H8_Dfm_visual_aligning.models.visual_gaussian_diffusion.VisualFlowMatching_a1.5_b1.0_aw1_VTrue_steps900_bs64_filmv1/H8_K20_Meuler_T0.5_Dfm_visual_aligning.models.visual_gaussian_diffusion.VisualFlowMatching_VTrue_mpc4_filmv1,6,train,combined_5,combined_5,False,diffuser,fm_visual_aligning.models.visual_gaussian_diffusion.VisualFlowMatching,8.0,0.5,4.0,True,cuda,logs/aligning-d3il-visual/plans/fm_visual_aligning/H8_Dfm_visual_aligning.models.visual_gaussian_diffusion.VisualFlowMatching_a1.5_b1.0_aw1_VTrue_steps900_bs64_filmv1/H8_K20_Meuler_T0.5_Dfm_visual_aligning.models.visual_gaussian_diffusion.VisualFlowMatching_VTrue_mpc4_filmv1/6,fm_visual_aligning/H8_Dfm_visual_aligning.models.visual_gaussian_diffusion.VisualFlowMatching_a1.5_b1.0_aw1_VTrue_steps900_bs64_filmv1,,,,
4,H8_K20_Meuler_T0.5_Dfm_visual_aligning.models.visual_gaussian_diffusion.VisualFlowMatching_VTrue_mpc4_filmv1,/data/home/llim/FMPCC/FM-PCC/logs/aligning-d3il-visual/plans/fm_visual_aligning/H8_Dfm_visual_aligning.models.visual_gaussian_diffusion.VisualFlowMatching_a1.5_b1.0_aw1_VTrue_steps900_bs64_filmv1/H8_K20_Meuler_T0.5_Dfm_visual_aligning.models.visual_gaussian_diffusion.VisualFlowMatching_VTrue_mpc4_filmv1,6,train,combined_5,combined_5,False,dpcc-c,fm_visual_aligning.models.visual_gaussian_diffusion.VisualFlowMatching,8.0,0.5,4.0,True,cuda,logs/aligning-d3il-visual/plans/fm_visual_aligning/H8_Dfm_visual_aligning.models.visual_gaussian_diffusion.VisualFlowMatching_a1.5_b1.0_aw1_VTrue_steps900_bs64_filmv1/H8_K20_Meuler_T0.5_Dfm_visual_aligning.models.visual_gaussian_diffusion.VisualFlowMatching_VTrue_mpc4_filmv1/6,fm_visual_aligning/H8_Dfm_visual_aligning.models.visual_gaussian_diffusion.VisualFlowMatching_a1.5_b1.0_aw1_VTrue_steps900_bs64_filmv1,,,,
4,H8_K20_Meuler_T0.5_Dfm_visual_aligning.models.visual_gaussian_diffusion.VisualFlowMatching_VTrue_mpc4_filmv1,/data/home/llim/FMPCC/FM-PCC/logs/aligning-d3il-visual/plans/fm_visual_aligning/H8_Dfm_visual_aligning.models.visual_gaussian_diffusion.VisualFlowMatching_a1.5_b1.0_aw1_VTrue_steps900_bs64_filmv1/H8_K20_Meuler_T0.5_Dfm_visual_aligning.models.visual_gaussian_diffusion.VisualFlowMatching_VTrue_mpc4_filmv1,6,train,combined_5,combined_5,False,dpcc-t,fm_visual_aligning.models.visual_gaussian_diffusion.VisualFlowMatching,8.0,0.5,4.0,True,cuda,logs/aligning-d3il-visual/plans/fm_visual_aligning/H8_Dfm_visual_aligning.models.visual_gaussian_diffusion.VisualFlowMatching_a1.5_b1.0_aw1_VTrue_steps900_bs64_filmv1/H8_K20_Meuler_T0.5_Dfm_visual_aligning.models.visual_gaussian_diffusion.VisualFlowMatching_VTrue_mpc4_filmv1/6,fm_visual_aligning/H8_Dfm_visual_aligning.models.visual_gaussian_diffusion.VisualFlowMatching_a1.5_b1.0_aw1_VTrue_steps900_bs64_filmv1,,,,
4,H8_K20_Meuler_T0.5_Dfm_visual_aligning.models.visual_gaussian_diffusion.VisualFlowMatching_VTrue_mpc4_filmv1,/data/home/llim/FMPCC/FM-PCC/logs/aligning-d3il-visual/plans/fm_visual_aligning/H8_Dfm_visual_aligning.models.visual_gaussian_diffusion.VisualFlowMatching_a1.5_b1.0_aw1_VTrue_steps900_bs64_filmv1/H8_K20_Meuler_T0.5_Dfm_visual_aligning.models.visual_gaussian_diffusion.VisualFlowMatching_VTrue_mpc4_filmv1,6,train,combined_5,combined_5,False,model_free,fm_visual_aligning.models.visual_gaussian_diffusion.VisualFlowMatching,8.0,0.5,4.0,True,cuda,logs/aligning-d3il-visual/plans/fm_visual_aligning/H8_Dfm_visual_aligning.models.visual_gaussian_diffusion.VisualFlowMatching_a1.5_b1.0_aw1_VTrue_steps900_bs64_filmv1/H8_K20_Meuler_T0.5_Dfm_visual_aligning.models.visual_gaussian_diffusion.VisualFlowMatching_VTrue_mpc4_filmv1/6,fm_visual_aligning/H8_Dfm_visual_aligning.models.visual_gaussian_diffusion.VisualFlowMatching_a1.5_b1.0_aw1_VTrue_steps900_bs64_filmv1,,,,
4,H8_K20_Meuler_T0.5_Dfm_visual_aligning.models.visual_gaussian_diffusion.VisualFlowMatching_VTrue_mpc4_filmv1,/data/home/llim/FMPCC/FM-PCC/logs/aligning-d3il-visual/plans/fm_visual_aligning/H8_Dfm_visual_aligning.models.visual_gaussian_diffusion.VisualFlowMatching_a1.5_b1.0_aw1_VTrue_steps900_bs64_filmv1/H8_K20_Meuler_T0.5_Dfm_visual_aligning.models.visual_gaussian_diffusion.VisualFlowMatching_VTrue_mpc4_filmv1,6,train,combined_5,combined_5,False,post_processing,fm_visual_aligning.models.visual_gaussian_diffusion.VisualFlowMatching,8.0,0.5,4.0,True,cuda,logs/aligning-d3il-visual/plans/fm_visual_aligning/H8_Dfm_visual_aligning.models.visual_gaussian_diffusion.VisualFlowMatching_a1.5_b1.0_aw1_VTrue_steps900_bs64_filmv1/H8_K20_Meuler_T0.5_Dfm_visual_aligning.models.visual_gaussian_diffusion.VisualFlowMatching_VTrue_mpc4_filmv1/6,fm_visual_aligning/H8_Dfm_visual_aligning.models.visual_gaussian_diffusion.VisualFlowMatching_a1.5_b1.0_aw1_VTrue_steps900_bs64_filmv1,,,,
4,H8_K20_Meuler_T0.5_Dfm_visual_aligning.models.visual_gaussian_diffusion.VisualFlowMatching_VTrue_mpc4_filmv1,/data/home/llim/FMPCC/FM-PCC/logs/aligning-d3il-visual/plans/fm_visual_aligning/H8_Dfm_visual_aligning.models.visual_gaussian_diffusion.VisualFlowMatching_a1.5_b1.0_aw1_VTrue_steps900_bs64_filmv1/H8_K20_Meuler_T0.5_Dfm_visual_aligning.models.visual_gaussian_diffusion.VisualFlowMatching_VTrue_mpc4_filmv1,6,train,combined_5-tightened,combined_5,True,diffuser,fm_visual_aligning.models.visual_gaussian_diffusion.VisualFlowMatching,8.0,0.5,4.0,True,cuda,logs/aligning-d3il-visual/plans/fm_visual_aligning/H8_Dfm_visual_aligning.models.visual_gaussian_diffusion.VisualFlowMatching_a1.5_b1.0_aw1_VTrue_steps900_bs64_filmv1/H8_K20_Meuler_T0.5_Dfm_visual_aligning.models.visual_gaussian_diffusion.VisualFlowMatching_VTrue_mpc4_filmv1/6,fm_visual_aligning/H8_Dfm_visual_aligning.models.visual_gaussian_diffusion.VisualFlowMatching_a1.5_b1.0_aw1_VTrue_steps900_bs64_filmv1,,,,
4,H8_K20_Meuler_T0.5_Dfm_visual_aligning.models.visual_gaussian_diffusion.VisualFlowMatching_VTrue_mpc4_filmv1,/data/home/llim/FMPCC/FM-PCC/logs/aligning-d3il-visual/plans/fm_visual_aligning/H8_Dfm_visual_aligning.models.visual_gaussian_diffusion.VisualFlowMatching_a1.5_b1.0_aw1_VTrue_steps900_bs64_filmv1/H8_K20_Meuler_T0.5_Dfm_visual_aligning.models.visual_gaussian_diffusion.VisualFlowMatching_VTrue_mpc4_filmv1,6,train,combined_5-tightened,combined_5,True,dpcc-c,fm_visual_aligning.models.visual_gaussian_diffusion.VisualFlowMatching,8.0,0.5,4.0,True,cuda,logs/aligning-d3il-visual/plans/fm_visual_aligning/H8_Dfm_visual_aligning.models.visual_gaussian_diffusion.VisualFlowMatching_a1.5_b1.0_aw1_VTrue_steps900_bs64_filmv1/H8_K20_Meuler_T0.5_Dfm_visual_aligning.models.visual_gaussian_diffusion.VisualFlowMatching_VTrue_mpc4_filmv1/6,fm_visual_aligning/H8_Dfm_visual_aligning.models.visual_gaussian_diffusion.VisualFlowMatching_a1.5_b1.0_aw1_VTrue_steps900_bs64_filmv1,,,,
4,H8_K20_Meuler_T0.5_Dfm_visual_aligning.models.visual_gaussian_diffusion.VisualFlowMatching_VTrue_mpc4_filmv1,/data/home/llim/FMPCC/FM-PCC/logs/aligning-d3il-visual/plans/fm_visual_aligning/H8_Dfm_visual_aligning.models.visual_gaussian_diffusion.VisualFlowMatching_a1.5_b1.0_aw1_VTrue_steps900_bs64_filmv1/H8_K20_Meuler_T0.5_Dfm_visual_aligning.models.visual_gaussian_diffusion.VisualFlowMatching_VTrue_mpc4_filmv1,6,train,combined_5-tightened,combined_5,True,dpcc-t,fm_visual_aligning.models.visual_gaussian_diffusion.VisualFlowMatching,8.0,0.5,4.0,True,cuda,logs/aligning-d3il-visual/plans/fm_visual_aligning/H8_Dfm_visual_aligning.models.visual_gaussian_diffusion.VisualFlowMatching_a1.5_b1.0_aw1_VTrue_steps900_bs64_filmv1/H8_K20_Meuler_T0.5_Dfm_visual_aligning.models.visual_gaussian_diffusion.VisualFlowMatching_VTrue_mpc4_filmv1/6,fm_visual_aligning/H8_Dfm_visual_aligning.models.visual_gaussian_diffusion.VisualFlowMatching_a1.5_b1.0_aw1_VTrue_steps900_bs64_filmv1,,,,
4,H8_K20_Meuler_T0.5_Dfm_visual_aligning.models.visual_gaussian_diffusion.VisualFlowMatching_VTrue_mpc4_filmv1,/data/home/llim/FMPCC/FM-PCC/logs/aligning-d3il-visual/plans/fm_visual_aligning/H8_Dfm_visual_aligning.models.visual_gaussian_diffusion.VisualFlowMatching_a1.5_b1.0_aw1_VTrue_steps900_bs64_filmv1/H8_K20_Meuler_T0.5_Dfm_visual_aligning.models.visual_gaussian_diffusion.VisualFlowMatching_VTrue_mpc4_filmv1,6,train,combined_5-tightened,combined_5,True,model_free,fm_visual_aligning.models.visual_gaussian_diffusion.VisualFlowMatching,8.0,0.5,4.0,True,cuda,logs/aligning-d3il-visual/plans/fm_visual_aligning/H8_Dfm_visual_aligning.models.visual_gaussian_diffusion.VisualFlowMatching_a1.5_b1.0_aw1_VTrue_steps900_bs64_filmv1/H8_K20_Meuler_T0.5_Dfm_visual_aligning.models.visual_gaussian_diffusion.VisualFlowMatching_VTrue_mpc4_filmv1/6,fm_visual_aligning/H8_Dfm_visual_aligning.models.visual_gaussian_diffusion.VisualFlowMatching_a1.5_b1.0_aw1_VTrue_steps900_bs64_filmv1,,,,
4,H8_K20_Meuler_T0.5_Dfm_visual_aligning.models.visual_gaussian_diffusion.VisualFlowMatching_VTrue_mpc4_filmv1,/data/home/llim/FMPCC/FM-PCC/logs/aligning-d3il-visual/plans/fm_visual_aligning/H8_Dfm_visual_aligning.models.visual_gaussian_diffusion.VisualFlowMatching_a1.5_b1.0_aw1_VTrue_steps900_bs64_filmv1/H8_K20_Meuler_T0.5_Dfm_visual_aligning.models.visual_gaussian_diffusion.VisualFlowMatching_VTrue_mpc4_filmv1,6,train,combined_5-tightened,combined_5,True,post_processing,fm_visual_aligning.models.visual_gaussian_diffusion.VisualFlowMatching,8.0,0.5,4.0,True,cuda,logs/aligning-d3il-visual/plans/fm_visual_aligning/H8_Dfm_visual_aligning.models.visual_gaussian_diffusion.VisualFlowMatching_a1.5_b1.0_aw1_VTrue_steps900_bs64_filmv1/H8_K20_Meuler_T0.5_Dfm_visual_aligning.models.visual_gaussian_diffusion.VisualFlowMatching_VTrue_mpc4_filmv1/6,fm_visual_aligning/H8_Dfm_visual_aligning.models.visual_gaussian_diffusion.VisualFlowMatching_a1.5_b1.0_aw1_VTrue_steps900_bs64_filmv1,,,,
4,H8_K20_Meuler_T0.5_Dfm_visual_aligning.models.visual_gaussian_diffusion.VisualFlowMatching_VTrue_mpc4_filmv1,/data/home/llim/FMPCC/FM-PCC/logs/aligning-d3il-visual/plans/fm_visual_aligning/H8_Dfm_visual_aligning.models.visual_gaussian_diffusion.VisualFlowMatching_a1.5_b1.0_aw1_VTrue_steps900_bs64_filmv1/H8_K20_Meuler_T0.5_Dfm_visual_aligning.models.visual_gaussian_diffusion.VisualFlowMatching_VTrue_mpc4_filmv1,6,train,dynamics_only,dynamics_only,False,diffuser,fm_visual_aligning.models.visual_gaussian_diffusion.VisualFlowMatching,8.0,0.5,4.0,True,cuda,logs/aligning-d3il-visual/plans/fm_visual_aligning/H8_Dfm_visual_aligning.models.visual_gaussian_diffusion.VisualFlowMatching_a1.5_b1.0_aw1_VTrue_steps900_bs64_filmv1/H8_K20_Meuler_T0.5_Dfm_visual_aligning.models.visual_gaussian_diffusion.VisualFlowMatching_VTrue_mpc4_filmv1/6,fm_visual_aligning/H8_Dfm_visual_aligning.models.visual_gaussian_diffusion.VisualFlowMatching_a1.5_b1.0_aw1_VTrue_steps900_bs64_filmv1,,,,
4,H8_K20_Meuler_T0.5_Dfm_visual_aligning.models.visual_gaussian_diffusion.VisualFlowMatching_VTrue_mpc4_filmv1,/data/home/llim/FMPCC/FM-PCC/logs/aligning-d3il-visual/plans/fm_visual_aligning/H8_Dfm_visual_aligning.models.visual_gaussian_diffusion.VisualFlowMatching_a1.5_b1.0_aw1_VTrue_steps900_bs64_filmv1/H8_K20_Meuler_T0.5_Dfm_visual_aligning.models.visual_gaussian_diffusion.VisualFlowMatching_VTrue_mpc4_filmv1,6,train,dynamics_only,dynamics_only,False,dpcc-c,fm_visual_aligning.models.visual_gaussian_diffusion.VisualFlowMatching,8.0,0.5,4.0,True,cuda,logs/aligning-d3il-visual/plans/fm_visual_aligning/H8_Dfm_visual_aligning.models.visual_gaussian_diffusion.VisualFlowMatching_a1.5_b1.0_aw1_VTrue_steps900_bs64_filmv1/H8_K20_Meuler_T0.5_Dfm_visual_aligning.models.visual_gaussian_diffusion.VisualFlowMatching_VTrue_mpc4_filmv1/6,fm_visual_aligning/H8_Dfm_visual_aligning.models.visual_gaussian_diffusion.VisualFlowMatching_a1.5_b1.0_aw1_VTrue_steps900_bs64_filmv1,,,,
4,H8_K20_Meuler_T0.5_Dfm_visual_aligning.models.visual_gaussian_diffusion.VisualFlowMatching_VTrue_mpc4_filmv1,/data/home/llim/FMPCC/FM-PCC/logs/aligning-d3il-visual/plans/fm_visual_aligning/H8_Dfm_visual_aligning.models.visual_gaussian_diffusion.VisualFlowMatching_a1.5_b1.0_aw1_VTrue_steps900_bs64_filmv1/H8_K20_Meuler_T0.5_Dfm_visual_aligning.models.visual_gaussian_diffusion.VisualFlowMatching_VTrue_mpc4_filmv1,6,train,dynamics_only,dynamics_only,False,dpcc-t,fm_visual_aligning.models.visual_gaussian_diffusion.VisualFlowMatching,8.0,0.5,4.0,True,cuda,logs/aligning-d3il-visual/plans/fm_visual_aligning/H8_Dfm_visual_aligning.models.visual_gaussian_diffusion.VisualFlowMatching_a1.5_b1.0_aw1_VTrue_steps900_bs64_filmv1/H8_K20_Meuler_T0.5_Dfm_visual_aligning.models.visual_gaussian_diffusion.VisualFlowMatching_VTrue_mpc4_filmv1/6,fm_visual_aligning/H8_Dfm_visual_aligning.models.visual_gaussian_diffusion.VisualFlowMatching_a1.5_b1.0_aw1_VTrue_steps900_bs64_filmv1,,,,
4,H8_K20_Meuler_T0.5_Dfm_visual_aligning.models.visual_gaussian_diffusion.VisualFlowMatching_VTrue_mpc4_filmv1,/data/home/llim/FMPCC/FM-PCC/logs/aligning-d3il-visual/plans/fm_visual_aligning/H8_Dfm_visual_aligning.models.visual_gaussian_diffusion.VisualFlowMatching_a1.5_b1.0_aw1_VTrue_steps900_bs64_filmv1/H8_K20_Meuler_T0.5_Dfm_visual_aligning.models.visual_gaussian_diffusion.VisualFlowMatching_VTrue_mpc4_filmv1,6,train,dynamics_only,dynamics_only,False,model_free,fm_visual_aligning.models.visual_gaussian_diffusion.VisualFlowMatching,8.0,0.5,4.0,True,cuda,logs/aligning-d3il-visual/plans/fm_visual_aligning/H8_Dfm_visual_aligning.models.visual_gaussian_diffusion.VisualFlowMatching_a1.5_b1.0_aw1_VTrue_steps900_bs64_filmv1/H8_K20_Meuler_T0.5_Dfm_visual_aligning.models.visual_gaussian_diffusion.VisualFlowMatching_VTrue_mpc4_filmv1/6,fm_visual_aligning/H8_Dfm_visual_aligning.models.visual_gaussian_diffusion.VisualFlowMatching_a1.5_b1.0_aw1_VTrue_steps900_bs64_filmv1,,,,
4,H8_K20_Meuler_T0.5_Dfm_visual_aligning.models.visual_gaussian_diffusion.VisualFlowMatching_VTrue_mpc4_filmv1,/data/home/llim/FMPCC/FM-PCC/logs/aligning-d3il-visual/plans/fm_visual_aligning/H8_Dfm_visual_aligning.models.visual_gaussian_diffusion.VisualFlowMatching_a1.5_b1.0_aw1_VTrue_steps900_bs64_filmv1/H8_K20_Meuler_T0.5_Dfm_visual_aligning.models.visual_gaussian_diffusion.VisualFlowMatching_VTrue_mpc4_filmv1,6,train,dynamics_only,dynamics_only,False,post_processing,fm_visual_aligning.models.visual_gaussian_diffusion.VisualFlowMatching,8.0,0.5,4.0,True,cuda,logs/aligning-d3il-visual/plans/fm_visual_aligning/H8_Dfm_visual_aligning.models.visual_gaussian_diffusion.VisualFlowMatching_a1.5_b1.0_aw1_VTrue_steps900_bs64_filmv1/H8_K20_Meuler_T0.5_Dfm_visual_aligning.models.visual_gaussian_diffusion.VisualFlowMatching_VTrue_mpc4_filmv1/6,fm_visual_aligning/H8_Dfm_visual_aligning.models.visual_gaussian_diffusion.VisualFlowMatching_a1.5_b1.0_aw1_VTrue_steps900_bs64_filmv1,,,,
5,H8_K2_Meuler_T0.5_Dmix_visual_aligning.models.visual_af_diffusion.VisualAlphaFlow_VTrue_mpc4_filmv1_Eaf,/data/home/llim/FMPCC/FM-PCC/logs/aligning-d3il-visual/plans/mix_visual_aligning_af/H8_Dmix_visual_aligning.models.visual_af_diffusion.VisualAlphaFlow_a1.5_b1.0_aw1_VTrue_steps1000_bs64_filmv1_Eaf_tslogit_normal_afschconstant_AFAFconst0p05/H8_K2_Meuler_T0.5_Dmix_visual_aligning.models.visual_af_diffusion.VisualAlphaFlow_VTrue_mpc4_filmv1_Eaf,6,train,combined_5,combined_5,False,bounds_free,mix_visual_aligning.models.visual_af_diffusion.VisualAlphaFlow,8.0,0.5,4.0,True,cuda,logs/aligning-d3il-visual/plans/mix_visual_aligning_af/H8_Dmix_visual_aligning.models.visual_af_diffusion.VisualAlphaFlow_a1.5_b1.0_aw1_VTrue_steps1000_bs64_filmv1_Eaf_tslogit_normal_afschconstant_AFAFconst0p05/H8_K2_Meuler_T0.5_Dmix_visual_aligning.models.visual_af_diffusion.VisualAlphaFlow_VTrue_mpc4_filmv1_Eaf/6,mix_visual_aligning_af/H8_Dmix_visual_aligning.models.visual_af_diffusion.VisualAlphaFlow_a1.5_b1.0_aw1_VTrue_steps1000_bs64_filmv1_Eaf_tslogit_normal_afschconstant_AFAFconst0p05,af,,,
5,H8_K2_Meuler_T0.5_Dmix_visual_aligning.models.visual_af_diffusion.VisualAlphaFlow_VTrue_mpc4_filmv1_Eaf,/data/home/llim/FMPCC/FM-PCC/logs/aligning-d3il-visual/plans/mix_visual_aligning_af/H8_Dmix_visual_aligning.models.visual_af_diffusion.VisualAlphaFlow_a1.5_b1.0_aw1_VTrue_steps1000_bs64_filmv1_Eaf_tslogit_normal_afschconstant_AFAFconst0p05/H8_K2_Meuler_T0.5_Dmix_visual_aligning.models.visual_af_diffusion.VisualAlphaFlow_VTrue_mpc4_filmv1_Eaf,6,train,combined_5,combined_5,False,diffuser,mix_visual_aligning.models.visual_af_diffusion.VisualAlphaFlow,8.0,0.5,4.0,True,cuda,logs/aligning-d3il-visual/plans/mix_visual_aligning_af/H8_Dmix_visual_aligning.models.visual_af_diffusion.VisualAlphaFlow_a1.5_b1.0_aw1_VTrue_steps1000_bs64_filmv1_Eaf_tslogit_normal_afschconstant_AFAFconst0p05/H8_K2_Meuler_T0.5_Dmix_visual_aligning.models.visual_af_diffusion.VisualAlphaFlow_VTrue_mpc4_filmv1_Eaf/6,mix_visual_aligning_af/H8_Dmix_visual_aligning.models.visual_af_diffusion.VisualAlphaFlow_a1.5_b1.0_aw1_VTrue_steps1000_bs64_filmv1_Eaf_tslogit_normal_afschconstant_AFAFconst0p05,af,,,
5,H8_K2_Meuler_T0.5_Dmix_visual_aligning.models.visual_af_diffusion.VisualAlphaFlow_VTrue_mpc4_filmv1_Eaf,/data/home/llim/FMPCC/FM-PCC/logs/aligning-d3il-visual/plans/mix_visual_aligning_af/H8_Dmix_visual_aligning.models.visual_af_diffusion.VisualAlphaFlow_a1.5_b1.0_aw1_VTrue_steps1000_bs64_filmv1_Eaf_tslogit_normal_afschconstant_AFAFconst0p05/H8_K2_Meuler_T0.5_Dmix_visual_aligning.models.visual_af_diffusion.VisualAlphaFlow_VTrue_mpc4_filmv1_Eaf,6,train,combined_5,combined_5,False,dpcc-c,mix_visual_aligning.models.visual_af_diffusion.VisualAlphaFlow,8.0,0.5,4.0,True,cuda,logs/aligning-d3il-visual/plans/mix_visual_aligning_af/H8_Dmix_visual_aligning.models.visual_af_diffusion.VisualAlphaFlow_a1.5_b1.0_aw1_VTrue_steps1000_bs64_filmv1_Eaf_tslogit_normal_afschconstant_AFAFconst0p05/H8_K2_Meuler_T0.5_Dmix_visual_aligning.models.visual_af_diffusion.VisualAlphaFlow_VTrue_mpc4_filmv1_Eaf/6,mix_visual_aligning_af/H8_Dmix_visual_aligning.models.visual_af_diffusion.VisualAlphaFlow_a1.5_b1.0_aw1_VTrue_steps1000_bs64_filmv1_Eaf_tslogit_normal_afschconstant_AFAFconst0p05,af,,,
5,H8_K2_Meuler_T0.5_Dmix_visual_aligning.models.visual_af_diffusion.VisualAlphaFlow_VTrue_mpc4_filmv1_Eaf,/data/home/llim/FMPCC/FM-PCC/logs/aligning-d3il-visual/plans/mix_visual_aligning_af/H8_Dmix_visual_aligning.models.visual_af_diffusion.VisualAlphaFlow_a1.5_b1.0_aw1_VTrue_steps1000_bs64_filmv1_Eaf_tslogit_normal_afschconstant_AFAFconst0p05/H8_K2_Meuler_T0.5_Dmix_visual_aligning.models.visual_af_diffusion.VisualAlphaFlow_VTrue_mpc4_filmv1_Eaf,6,train,combined_5,combined_5,False,dpcc-c-dt0p25,mix_visual_aligning.models.visual_af_diffusion.VisualAlphaFlow,8.0,0.5,4.0,True,cuda,logs/aligning-d3il-visual/plans/mix_visual_aligning_af/H8_Dmix_visual_aligning.models.visual_af_diffusion.VisualAlphaFlow_a1.5_b1.0_aw1_VTrue_steps1000_bs64_filmv1_Eaf_tslogit_normal_afschconstant_AFAFconst0p05/H8_K2_Meuler_T0.5_Dmix_visual_aligning.models.visual_af_diffusion.VisualAlphaFlow_VTrue_mpc4_filmv1_Eaf/6,mix_visual_aligning_af/H8_Dmix_visual_aligning.models.visual_af_diffusion.VisualAlphaFlow_a1.5_b1.0_aw1_VTrue_steps1000_bs64_filmv1_Eaf_tslogit_normal_afschconstant_AFAFconst0p05,af,,,
5,H8_K2_Meuler_T0.5_Dmix_visual_aligning.models.visual_af_diffusion.VisualAlphaFlow_VTrue_mpc4_filmv1_Eaf,/data/home/llim/FMPCC/FM-PCC/logs/aligning-d3il-visual/plans/mix_visual_aligning_af/H8_Dmix_visual_aligning.models.visual_af_diffusion.VisualAlphaFlow_a1.5_b1.0_aw1_VTrue_steps1000_bs64_filmv1_Eaf_tslogit_normal_afschconstant_AFAFconst0p05/H8_K2_Meuler_T0.5_Dmix_visual_aligning.models.visual_af_diffusion.VisualAlphaFlow_VTrue_mpc4_filmv1_Eaf,6,train,combined_5,combined_5,False,dpcc-c-dt0p5,mix_visual_aligning.models.visual_af_diffusion.VisualAlphaFlow,8.0,0.5,4.0,True,cuda,logs/aligning-d3il-visual/plans/mix_visual_aligning_af/H8_Dmix_visual_aligning.models.visual_af_diffusion.VisualAlphaFlow_a1.5_b1.0_aw1_VTrue_steps1000_bs64_filmv1_Eaf_tslogit_normal_afschconstant_AFAFconst0p05/H8_K2_Meuler_T0.5_Dmix_visual_aligning.models.visual_af_diffusion.VisualAlphaFlow_VTrue_mpc4_filmv1_Eaf/6,mix_visual_aligning_af/H8_Dmix_visual_aligning.models.visual_af_diffusion.VisualAlphaFlow_a1.5_b1.0_aw1_VTrue_steps1000_bs64_filmv1_Eaf_tslogit_normal_afschconstant_AFAFconst0p05,af,,,
5,H8_K2_Meuler_T0.5_Dmix_visual_aligning.models.visual_af_diffusion.VisualAlphaFlow_VTrue_mpc4_filmv1_Eaf,/data/home/llim/FMPCC/FM-PCC/logs/aligning-d3il-visual/plans/mix_visual_aligning_af/H8_Dmix_visual_aligning.models.visual_af_diffusion.VisualAlphaFlow_a1.5_b1.0_aw1_VTrue_steps1000_bs64_filmv1_Eaf_tslogit_normal_afschconstant_AFAFconst0p05/H8_K2_Meuler_T0.5_Dmix_visual_aligning.models.visual_af_diffusion.VisualAlphaFlow_VTrue_mpc4_filmv1_Eaf,6,train,combined_5,combined_5,False,dpcc-c-dt2p0,mix_visual_aligning.models.visual_af_diffusion.VisualAlphaFlow,8.0,0.5,4.0,True,cuda,logs/aligning-d3il-visual/plans/mix_visual_aligning_af/H8_Dmix_visual_aligning.models.visual_af_diffusion.VisualAlphaFlow_a1.5_b1.0_aw1_VTrue_steps1000_bs64_filmv1_Eaf_tslogit_normal_afschconstant_AFAFconst0p05/H8_K2_Meuler_T0.5_Dmix_visual_aligning.models.visual_af_diffusion.VisualAlphaFlow_VTrue_mpc4_filmv1_Eaf/6,mix_visual_aligning_af/H8_Dmix_visual_aligning.models.visual_af_diffusion.VisualAlphaFlow_a1.5_b1.0_aw1_VTrue_steps1000_bs64_filmv1_Eaf_tslogit_normal_afschconstant_AFAFconst0p05,af,,,
5,H8_K2_Meuler_T0.5_Dmix_visual_aligning.models.visual_af_diffusion.VisualAlphaFlow_VTrue_mpc4_filmv1_Eaf,/data/home/llim/FMPCC/FM-PCC/logs/aligning-d3il-visual/plans/mix_visual_aligning_af/H8_Dmix_visual_aligning.models.visual_af_diffusion.VisualAlphaFlow_a1.5_b1.0_aw1_VTrue_steps1000_bs64_filmv1_Eaf_tslogit_normal_afschconstant_AFAFconst0p05/H8_K2_Meuler_T0.5_Dmix_visual_aligning.models.visual_af_diffusion.VisualAlphaFlow_VTrue_mpc4_filmv1_Eaf,6,train,combined_5,combined_5,False,dpcc-c-dt4p0,mix_visual_aligning.models.visual_af_diffusion.VisualAlphaFlow,8.0,0.5,4.0,True,cuda,logs/aligning-d3il-visual/plans/mix_visual_aligning_af/H8_Dmix_visual_aligning.models.visual_af_diffusion.VisualAlphaFlow_a1.5_b1.0_aw1_VTrue_steps1000_bs64_filmv1_Eaf_tslogit_normal_afschconstant_AFAFconst0p05/H8_K2_Meuler_T0.5_Dmix_visual_aligning.models.visual_af_diffusion.VisualAlphaFlow_VTrue_mpc4_filmv1_Eaf/6,mix_visual_aligning_af/H8_Dmix_visual_aligning.models.visual_af_diffusion.VisualAlphaFlow_a1.5_b1.0_aw1_VTrue_steps1000_bs64_filmv1_Eaf_tslogit_normal_afschconstant_AFAFconst0p05,af,,,
5,H8_K2_Meuler_T0.5_Dmix_visual_aligning.models.visual_af_diffusion.VisualAlphaFlow_VTrue_mpc4_filmv1_Eaf,/data/home/llim/FMPCC/FM-PCC/logs/aligning-d3il-visual/plans/mix_visual_aligning_af/H8_Dmix_visual_aligning.models.visual_af_diffusion.VisualAlphaFlow_a1.5_b1.0_aw1_VTrue_steps1000_bs64_filmv1_Eaf_tslogit_normal_afschconstant_AFAFconst0p05/H8_K2_Meuler_T0.5_Dmix_visual_aligning.models.visual_af_diffusion.VisualAlphaFlow_VTrue_mpc4_filmv1_Eaf,6,train,combined_5,combined_5,False,dpcc-r,mix_visual_aligning.models.visual_af_diffusion.VisualAlphaFlow,8.0,0.5,4.0,True,cuda,logs/aligning-d3il-visual/plans/mix_visual_aligning_af/H8_Dmix_visual_aligning.models.visual_af_diffusion.VisualAlphaFlow_a1.5_b1.0_aw1_VTrue_steps1000_bs64_filmv1_Eaf_tslogit_normal_afschconstant_AFAFconst0p05/H8_K2_Meuler_T0.5_Dmix_visual_aligning.models.visual_af_diffusion.VisualAlphaFlow_VTrue_mpc4_filmv1_Eaf/6,mix_visual_aligning_af/H8_Dmix_visual_aligning.models.visual_af_diffusion.VisualAlphaFlow_a1.5_b1.0_aw1_VTrue_steps1000_bs64_filmv1_Eaf_tslogit_normal_afschconstant_AFAFconst0p05,af,,,
5,H8_K2_Meuler_T0.5_Dmix_visual_aligning.models.visual_af_diffusion.VisualAlphaFlow_VTrue_mpc4_filmv1_Eaf,/data/home/llim/FMPCC/FM-PCC/logs/aligning-d3il-visual/plans/mix_visual_aligning_af/H8_Dmix_visual_aligning.models.visual_af_diffusion.VisualAlphaFlow_a1.5_b1.0_aw1_VTrue_steps1000_bs64_filmv1_Eaf_tslogit_normal_afschconstant_AFAFconst0p05/H8_K2_Meuler_T0.5_Dmix_visual_aligning.models.visual_af_diffusion.VisualAlphaFlow_VTrue_mpc4_filmv1_Eaf,6,train,combined_5,combined_5,False,dpcc-t,mix_visual_aligning.models.visual_af_diffusion.VisualAlphaFlow,8.0,0.5,4.0,True,cuda,logs/aligning-d3il-visual/plans/mix_visual_aligning_af/H8_Dmix_visual_aligning.models.visual_af_diffusion.VisualAlphaFlow_a1.5_b1.0_aw1_VTrue_steps1000_bs64_filmv1_Eaf_tslogit_normal_afschconstant_AFAFconst0p05/H8_K2_Meuler_T0.5_Dmix_visual_aligning.models.visual_af_diffusion.VisualAlphaFlow_VTrue_mpc4_filmv1_Eaf/6,mix_visual_aligning_af/H8_Dmix_visual_aligning.models.visual_af_diffusion.VisualAlphaFlow_a1.5_b1.0_aw1_VTrue_steps1000_bs64_filmv1_Eaf_tslogit_normal_afschconstant_AFAFconst0p05,af,,,
5,H8_K2_Meuler_T0.5_Dmix_visual_aligning.models.visual_af_diffusion.VisualAlphaFlow_VTrue_mpc4_filmv1_Eaf,/data/home/llim/FMPCC/FM-PCC/logs/aligning-d3il-visual/plans/mix_visual_aligning_af/H8_Dmix_visual_aligning.models.visual_af_diffusion.VisualAlphaFlow_a1.5_b1.0_aw1_VTrue_steps1000_bs64_filmv1_Eaf_tslogit_normal_afschconstant_AFAFconst0p05/H8_K2_Meuler_T0.5_Dmix_visual_aligning.models.visual_af_diffusion.VisualAlphaFlow_VTrue_mpc4_filmv1_Eaf,6,train,combined_5,combined_5,False,geo_free,mix_visual_aligning.models.visual_af_diffusion.VisualAlphaFlow,8.0,0.5,4.0,True,cuda,logs/aligning-d3il-visual/plans/mix_visual_aligning_af/H8_Dmix_visual_aligning.models.visual_af_diffusion.VisualAlphaFlow_a1.5_b1.0_aw1_VTrue_steps1000_bs64_filmv1_Eaf_tslogit_normal_afschconstant_AFAFconst0p05/H8_K2_Meuler_T0.5_Dmix_visual_aligning.models.visual_af_diffusion.VisualAlphaFlow_VTrue_mpc4_filmv1_Eaf/6,mix_visual_aligning_af/H8_Dmix_visual_aligning.models.visual_af_diffusion.VisualAlphaFlow_a1.5_b1.0_aw1_VTrue_steps1000_bs64_filmv1_Eaf_tslogit_normal_afschconstant_AFAFconst0p05,af,,,
5,H8_K2_Meuler_T0.5_Dmix_visual_aligning.models.visual_af_diffusion.VisualAlphaFlow_VTrue_mpc4_filmv1_Eaf,/data/home/llim/FMPCC/FM-PCC/logs/aligning-d3il-visual/plans/mix_visual_aligning_af/H8_Dmix_visual_aligning.models.visual_af_diffusion.VisualAlphaFlow_a1.5_b1.0_aw1_VTrue_steps1000_bs64_filmv1_Eaf_tslogit_normal_afschconstant_AFAFconst0p05/H8_K2_Meuler_T0.5_Dmix_visual_aligning.models.visual_af_diffusion.VisualAlphaFlow_VTrue_mpc4_filmv1_Eaf,6,train,combined_5,combined_5,False,geo_free-bounds_free,mix_visual_aligning.models.visual_af_diffusion.VisualAlphaFlow,8.0,0.5,4.0,True,cuda,logs/aligning-d3il-visual/plans/mix_visual_aligning_af/H8_Dmix_visual_aligning.models.visual_af_diffusion.VisualAlphaFlow_a1.5_b1.0_aw1_VTrue_steps1000_bs64_filmv1_Eaf_tslogit_normal_afschconstant_AFAFconst0p05/H8_K2_Meuler_T0.5_Dmix_visual_aligning.models.visual_af_diffusion.VisualAlphaFlow_VTrue_mpc4_filmv1_Eaf/6,mix_visual_aligning_af/H8_Dmix_visual_aligning.models.visual_af_diffusion.VisualAlphaFlow_a1.5_b1.0_aw1_VTrue_steps1000_bs64_filmv1_Eaf_tslogit_normal_afschconstant_AFAFconst0p05,af,,,
5,H8_K2_Meuler_T0.5_Dmix_visual_aligning.models.visual_af_diffusion.VisualAlphaFlow_VTrue_mpc4_filmv1_Eaf,/data/home/llim/FMPCC/FM-PCC/logs/aligning-d3il-visual/plans/mix_visual_aligning_af/H8_Dmix_visual_aligning.models.visual_af_diffusion.VisualAlphaFlow_a1.5_b1.0_aw1_VTrue_steps1000_bs64_filmv1_Eaf_tslogit_normal_afschconstant_AFAFconst0p05/H8_K2_Meuler_T0.5_Dmix_visual_aligning.models.visual_af_diffusion.VisualAlphaFlow_VTrue_mpc4_filmv1_Eaf,6,train,combined_5,combined_5,False,geo_free-model_free,mix_visual_aligning.models.visual_af_diffusion.VisualAlphaFlow,8.0,0.5,4.0,True,cuda,logs/aligning-d3il-visual/plans/mix_visual_aligning_af/H8_Dmix_visual_aligning.models.visual_af_diffusion.VisualAlphaFlow_a1.5_b1.0_aw1_VTrue_steps1000_bs64_filmv1_Eaf_tslogit_normal_afschconstant_AFAFconst0p05/H8_K2_Meuler_T0.5_Dmix_visual_aligning.models.visual_af_diffusion.VisualAlphaFlow_VTrue_mpc4_filmv1_Eaf/6,mix_visual_aligning_af/H8_Dmix_visual_aligning.models.visual_af_diffusion.VisualAlphaFlow_a1.5_b1.0_aw1_VTrue_steps1000_bs64_filmv1_Eaf_tslogit_normal_afschconstant_AFAFconst0p05,af,,,
5,H8_K2_Meuler_T0.5_Dmix_visual_aligning.models.visual_af_diffusion.VisualAlphaFlow_VTrue_mpc4_filmv1_Eaf,/data/home/llim/FMPCC/FM-PCC/logs/aligning-d3il-visual/plans/mix_visual_aligning_af/H8_Dmix_visual_aligning.models.visual_af_diffusion.VisualAlphaFlow_a1.5_b1.0_aw1_VTrue_steps1000_bs64_filmv1_Eaf_tslogit_normal_afschconstant_AFAFconst0p05/H8_K2_Meuler_T0.5_Dmix_visual_aligning.models.visual_af_diffusion.VisualAlphaFlow_VTrue_mpc4_filmv1_Eaf,6,train,combined_5,combined_5,False,gradient,mix_visual_aligning.models.visual_af_diffusion.VisualAlphaFlow,8.0,0.5,4.0,True,cuda,logs/aligning-d3il-visual/plans/mix_visual_aligning_af/H8_Dmix_visual_aligning.models.visual_af_diffusion.VisualAlphaFlow_a1.5_b1.0_aw1_VTrue_steps1000_bs64_filmv1_Eaf_tslogit_normal_afschconstant_AFAFconst0p05/H8_K2_Meuler_T0.5_Dmix_visual_aligning.models.visual_af_diffusion.VisualAlphaFlow_VTrue_mpc4_filmv1_Eaf/6,mix_visual_aligning_af/H8_Dmix_visual_aligning.models.visual_af_diffusion.VisualAlphaFlow_a1.5_b1.0_aw1_VTrue_steps1000_bs64_filmv1_Eaf_tslogit_normal_afschconstant_AFAFconst0p05,af,,,
5,H8_K2_Meuler_T0.5_Dmix_visual_aligning.models.visual_af_diffusion.VisualAlphaFlow_VTrue_mpc4_filmv1_Eaf,/data/home/llim/FMPCC/FM-PCC/logs/aligning-d3il-visual/plans/mix_visual_aligning_af/H8_Dmix_visual_aligning.models.visual_af_diffusion.VisualAlphaFlow_a1.5_b1.0_aw1_VTrue_steps1000_bs64_filmv1_Eaf_tslogit_normal_afschconstant_AFAFconst0p05/H8_K2_Meuler_T0.5_Dmix_visual_aligning.models.visual_af_diffusion.VisualAlphaFlow_VTrue_mpc4_filmv1_Eaf,6,train,combined_5,combined_5,False,model_free,mix_visual_aligning.models.visual_af_diffusion.VisualAlphaFlow,8.0,0.5,4.0,True,cuda,logs/aligning-d3il-visual/plans/mix_visual_aligning_af/H8_Dmix_visual_aligning.models.visual_af_diffusion.VisualAlphaFlow_a1.5_b1.0_aw1_VTrue_steps1000_bs64_filmv1_Eaf_tslogit_normal_afschconstant_AFAFconst0p05/H8_K2_Meuler_T0.5_Dmix_visual_aligning.models.visual_af_diffusion.VisualAlphaFlow_VTrue_mpc4_filmv1_Eaf/6,mix_visual_aligning_af/H8_Dmix_visual_aligning.models.visual_af_diffusion.VisualAlphaFlow_a1.5_b1.0_aw1_VTrue_steps1000_bs64_filmv1_Eaf_tslogit_normal_afschconstant_AFAFconst0p05,af,,,
5,H8_K2_Meuler_T0.5_Dmix_visual_aligning.models.visual_af_diffusion.VisualAlphaFlow_VTrue_mpc4_filmv1_Eaf,/data/home/llim/FMPCC/FM-PCC/logs/aligning-d3il-visual/plans/mix_visual_aligning_af/H8_Dmix_visual_aligning.models.visual_af_diffusion.VisualAlphaFlow_a1.5_b1.0_aw1_VTrue_steps1000_bs64_filmv1_Eaf_tslogit_normal_afschconstant_AFAFconst0p05/H8_K2_Meuler_T0.5_Dmix_visual_aligning.models.visual_af_diffusion.VisualAlphaFlow_VTrue_mpc4_filmv1_Eaf,6,train,combined_5,combined_5,False,model_free-bounds_free,mix_visual_aligning.models.visual_af_diffusion.VisualAlphaFlow,8.0,0.5,4.0,True,cuda,logs/aligning-d3il-visual/plans/mix_visual_aligning_af/H8_Dmix_visual_aligning.models.visual_af_diffusion.VisualAlphaFlow_a1.5_b1.0_aw1_VTrue_steps1000_bs64_filmv1_Eaf_tslogit_normal_afschconstant_AFAFconst0p05/H8_K2_Meuler_T0.5_Dmix_visual_aligning.models.visual_af_diffusion.VisualAlphaFlow_VTrue_mpc4_filmv1_Eaf/6,mix_visual_aligning_af/H8_Dmix_visual_aligning.models.visual_af_diffusion.VisualAlphaFlow_a1.5_b1.0_aw1_VTrue_steps1000_bs64_filmv1_Eaf_tslogit_normal_afschconstant_AFAFconst0p05,af,,,
5,H8_K2_Meuler_T0.5_Dmix_visual_aligning.models.visual_af_diffusion.VisualAlphaFlow_VTrue_mpc4_filmv1_Eaf,/data/home/llim/FMPCC/FM-PCC/logs/aligning-d3il-visual/plans/mix_visual_aligning_af/H8_Dmix_visual_aligning.models.visual_af_diffusion.VisualAlphaFlow_a1.5_b1.0_aw1_VTrue_steps1000_bs64_filmv1_Eaf_tslogit_normal_afschconstant_AFAFconst0p05/H8_K2_Meuler_T0.5_Dmix_visual_aligning.models.visual_af_diffusion.VisualAlphaFlow_VTrue_mpc4_filmv1_Eaf,6,train,combined_5,combined_5,False,post_processing,mix_visual_aligning.models.visual_af_diffusion.VisualAlphaFlow,8.0,0.5,4.0,True,cuda,logs/aligning-d3il-visual/plans/mix_visual_aligning_af/H8_Dmix_visual_aligning.models.visual_af_diffusion.VisualAlphaFlow_a1.5_b1.0_aw1_VTrue_steps1000_bs64_filmv1_Eaf_tslogit_normal_afschconstant_AFAFconst0p05/H8_K2_Meuler_T0.5_Dmix_visual_aligning.models.visual_af_diffusion.VisualAlphaFlow_VTrue_mpc4_filmv1_Eaf/6,mix_visual_aligning_af/H8_Dmix_visual_aligning.models.visual_af_diffusion.VisualAlphaFlow_a1.5_b1.0_aw1_VTrue_steps1000_bs64_filmv1_Eaf_tslogit_normal_afschconstant_AFAFconst0p05,af,,,
5,H8_K2_Meuler_T0.5_Dmix_visual_aligning.models.visual_af_diffusion.VisualAlphaFlow_VTrue_mpc4_filmv1_Eaf,/data/home/llim/FMPCC/FM-PCC/logs/aligning-d3il-visual/plans/mix_visual_aligning_af/H8_Dmix_visual_aligning.models.visual_af_diffusion.VisualAlphaFlow_a1.5_b1.0_aw1_VTrue_steps1000_bs64_filmv1_Eaf_tslogit_normal_afschconstant_AFAFconst0p05/H8_K2_Meuler_T0.5_Dmix_visual_aligning.models.visual_af_diffusion.VisualAlphaFlow_VTrue_mpc4_filmv1_Eaf,6,train,combined_5-tightened,combined_5,True,bounds_free,mix_visual_aligning.models.visual_af_diffusion.VisualAlphaFlow,8.0,0.5,4.0,True,cuda,logs/aligning-d3il-visual/plans/mix_visual_aligning_af/H8_Dmix_visual_aligning.models.visual_af_diffusion.VisualAlphaFlow_a1.5_b1.0_aw1_VTrue_steps1000_bs64_filmv1_Eaf_tslogit_normal_afschconstant_AFAFconst0p05/H8_K2_Meuler_T0.5_Dmix_visual_aligning.models.visual_af_diffusion.VisualAlphaFlow_VTrue_mpc4_filmv1_Eaf/6,mix_visual_aligning_af/H8_Dmix_visual_aligning.models.visual_af_diffusion.VisualAlphaFlow_a1.5_b1.0_aw1_VTrue_steps1000_bs64_filmv1_Eaf_tslogit_normal_afschconstant_AFAFconst0p05,af,,,
5,H8_K2_Meuler_T0.5_Dmix_visual_aligning.models.visual_af_diffusion.VisualAlphaFlow_VTrue_mpc4_filmv1_Eaf,/data/home/llim/FMPCC/FM-PCC/logs/aligning-d3il-visual/plans/mix_visual_aligning_af/H8_Dmix_visual_aligning.models.visual_af_diffusion.VisualAlphaFlow_a1.5_b1.0_aw1_VTrue_steps1000_bs64_filmv1_Eaf_tslogit_normal_afschconstant_AFAFconst0p05/H8_K2_Meuler_T0.5_Dmix_visual_aligning.models.visual_af_diffusion.VisualAlphaFlow_VTrue_mpc4_filmv1_Eaf,6,train,combined_5-tightened,combined_5,True,diffuser,mix_visual_aligning.models.visual_af_diffusion.VisualAlphaFlow,8.0,0.5,4.0,True,cuda,logs/aligning-d3il-visual/plans/mix_visual_aligning_af/H8_Dmix_visual_aligning.models.visual_af_diffusion.VisualAlphaFlow_a1.5_b1.0_aw1_VTrue_steps1000_bs64_filmv1_Eaf_tslogit_normal_afschconstant_AFAFconst0p05/H8_K2_Meuler_T0.5_Dmix_visual_aligning.models.visual_af_diffusion.VisualAlphaFlow_VTrue_mpc4_filmv1_Eaf/6,mix_visual_aligning_af/H8_Dmix_visual_aligning.models.visual_af_diffusion.VisualAlphaFlow_a1.5_b1.0_aw1_VTrue_steps1000_bs64_filmv1_Eaf_tslogit_normal_afschconstant_AFAFconst0p05,af,,,
5,H8_K2_Meuler_T0.5_Dmix_visual_aligning.models.visual_af_diffusion.VisualAlphaFlow_VTrue_mpc4_filmv1_Eaf,/data/home/llim/FMPCC/FM-PCC/logs/aligning-d3il-visual/plans/mix_visual_aligning_af/H8_Dmix_visual_aligning.models.visual_af_diffusion.VisualAlphaFlow_a1.5_b1.0_aw1_VTrue_steps1000_bs64_filmv1_Eaf_tslogit_normal_afschconstant_AFAFconst0p05/H8_K2_Meuler_T0.5_Dmix_visual_aligning.models.visual_af_diffusion.VisualAlphaFlow_VTrue_mpc4_filmv1_Eaf,6,train,combined_5-tightened,combined_5,True,dpcc-c,mix_visual_aligning.models.visual_af_diffusion.VisualAlphaFlow,8.0,0.5,4.0,True,cuda,logs/aligning-d3il-visual/plans/mix_visual_aligning_af/H8_Dmix_visual_aligning.models.visual_af_diffusion.VisualAlphaFlow_a1.5_b1.0_aw1_VTrue_steps1000_bs64_filmv1_Eaf_tslogit_normal_afschconstant_AFAFconst0p05/H8_K2_Meuler_T0.5_Dmix_visual_aligning.models.visual_af_diffusion.VisualAlphaFlow_VTrue_mpc4_filmv1_Eaf/6,mix_visual_aligning_af/H8_Dmix_visual_aligning.models.visual_af_diffusion.VisualAlphaFlow_a1.5_b1.0_aw1_VTrue_steps1000_bs64_filmv1_Eaf_tslogit_normal_afschconstant_AFAFconst0p05,af,,,
5,H8_K2_Meuler_T0.5_Dmix_visual_aligning.models.visual_af_diffusion.VisualAlphaFlow_VTrue_mpc4_filmv1_Eaf,/data/home/llim/FMPCC/FM-PCC/logs/aligning-d3il-visual/plans/mix_visual_aligning_af/H8_Dmix_visual_aligning.models.visual_af_diffusion.VisualAlphaFlow_a1.5_b1.0_aw1_VTrue_steps1000_bs64_filmv1_Eaf_tslogit_normal_afschconstant_AFAFconst0p05/H8_K2_Meuler_T0.5_Dmix_visual_aligning.models.visual_af_diffusion.VisualAlphaFlow_VTrue_mpc4_filmv1_Eaf,6,train,combined_5-tightened,combined_5,True,dpcc-c-dt0p25,mix_visual_aligning.models.visual_af_diffusion.VisualAlphaFlow,8.0,0.5,4.0,True,cuda,logs/aligning-d3il-visual/plans/mix_visual_aligning_af/H8_Dmix_visual_aligning.models.visual_af_diffusion.VisualAlphaFlow_a1.5_b1.0_aw1_VTrue_steps1000_bs64_filmv1_Eaf_tslogit_normal_afschconstant_AFAFconst0p05/H8_K2_Meuler_T0.5_Dmix_visual_aligning.models.visual_af_diffusion.VisualAlphaFlow_VTrue_mpc4_filmv1_Eaf/6,mix_visual_aligning_af/H8_Dmix_visual_aligning.models.visual_af_diffusion.VisualAlphaFlow_a1.5_b1.0_aw1_VTrue_steps1000_bs64_filmv1_Eaf_tslogit_normal_afschconstant_AFAFconst0p05,af,,,
5,H8_K2_Meuler_T0.5_Dmix_visual_aligning.models.visual_af_diffusion.VisualAlphaFlow_VTrue_mpc4_filmv1_Eaf,/data/home/llim/FMPCC/FM-PCC/logs/aligning-d3il-visual/plans/mix_visual_aligning_af/H8_Dmix_visual_aligning.models.visual_af_diffusion.VisualAlphaFlow_a1.5_b1.0_aw1_VTrue_steps1000_bs64_filmv1_Eaf_tslogit_normal_afschconstant_AFAFconst0p05/H8_K2_Meuler_T0.5_Dmix_visual_aligning.models.visual_af_diffusion.VisualAlphaFlow_VTrue_mpc4_filmv1_Eaf,6,train,combined_5-tightened,combined_5,True,dpcc-c-dt0p5,mix_visual_aligning.models.visual_af_diffusion.VisualAlphaFlow,8.0,0.5,4.0,True,cuda,logs/aligning-d3il-visual/plans/mix_visual_aligning_af/H8_Dmix_visual_aligning.models.visual_af_diffusion.VisualAlphaFlow_a1.5_b1.0_aw1_VTrue_steps1000_bs64_filmv1_Eaf_tslogit_normal_afschconstant_AFAFconst0p05/H8_K2_Meuler_T0.5_Dmix_visual_aligning.models.visual_af_diffusion.VisualAlphaFlow_VTrue_mpc4_filmv1_Eaf/6,mix_visual_aligning_af/H8_Dmix_visual_aligning.models.visual_af_diffusion.VisualAlphaFlow_a1.5_b1.0_aw1_VTrue_steps1000_bs64_filmv1_Eaf_tslogit_normal_afschconstant_AFAFconst0p05,af,,,
5,H8_K2_Meuler_T0.5_Dmix_visual_aligning.models.visual_af_diffusion.VisualAlphaFlow_VTrue_mpc4_filmv1_Eaf,/data/home/llim/FMPCC/FM-PCC/logs/aligning-d3il-visual/plans/mix_visual_aligning_af/H8_Dmix_visual_aligning.models.visual_af_diffusion.VisualAlphaFlow_a1.5_b1.0_aw1_VTrue_steps1000_bs64_filmv1_Eaf_tslogit_normal_afschconstant_AFAFconst0p05/H8_K2_Meuler_T0.5_Dmix_visual_aligning.models.visual_af_diffusion.VisualAlphaFlow_VTrue_mpc4_filmv1_Eaf,6,train,combined_5-tightened,combined_5,True,dpcc-c-dt2p0,mix_visual_aligning.models.visual_af_diffusion.VisualAlphaFlow,8.0,0.5,4.0,True,cuda,logs/aligning-d3il-visual/plans/mix_visual_aligning_af/H8_Dmix_visual_aligning.models.visual_af_diffusion.VisualAlphaFlow_a1.5_b1.0_aw1_VTrue_steps1000_bs64_filmv1_Eaf_tslogit_normal_afschconstant_AFAFconst0p05/H8_K2_Meuler_T0.5_Dmix_visual_aligning.models.visual_af_diffusion.VisualAlphaFlow_VTrue_mpc4_filmv1_Eaf/6,mix_visual_aligning_af/H8_Dmix_visual_aligning.models.visual_af_diffusion.VisualAlphaFlow_a1.5_b1.0_aw1_VTrue_steps1000_bs64_filmv1_Eaf_tslogit_normal_afschconstant_AFAFconst0p05,af,,,
5,H8_K2_Meuler_T0.5_Dmix_visual_aligning.models.visual_af_diffusion.VisualAlphaFlow_VTrue_mpc4_filmv1_Eaf,/data/home/llim/FMPCC/FM-PCC/logs/aligning-d3il-visual/plans/mix_visual_aligning_af/H8_Dmix_visual_aligning.models.visual_af_diffusion.VisualAlphaFlow_a1.5_b1.0_aw1_VTrue_steps1000_bs64_filmv1_Eaf_tslogit_normal_afschconstant_AFAFconst0p05/H8_K2_Meuler_T0.5_Dmix_visual_aligning.models.visual_af_diffusion.VisualAlphaFlow_VTrue_mpc4_filmv1_Eaf,6,train,combined_5-tightened,combined_5,True,dpcc-c-dt4p0,mix_visual_aligning.models.visual_af_diffusion.VisualAlphaFlow,8.0,0.5,4.0,True,cuda,logs/aligning-d3il-visual/plans/mix_visual_aligning_af/H8_Dmix_visual_aligning.models.visual_af_diffusion.VisualAlphaFlow_a1.5_b1.0_aw1_VTrue_steps1000_bs64_filmv1_Eaf_tslogit_normal_afschconstant_AFAFconst0p05/H8_K2_Meuler_T0.5_Dmix_visual_aligning.models.visual_af_diffusion.VisualAlphaFlow_VTrue_mpc4_filmv1_Eaf/6,mix_visual_aligning_af/H8_Dmix_visual_aligning.models.visual_af_diffusion.VisualAlphaFlow_a1.5_b1.0_aw1_VTrue_steps1000_bs64_filmv1_Eaf_tslogit_normal_afschconstant_AFAFconst0p05,af,,,
5,H8_K2_Meuler_T0.5_Dmix_visual_aligning.models.visual_af_diffusion.VisualAlphaFlow_VTrue_mpc4_filmv1_Eaf,/data/home/llim/FMPCC/FM-PCC/logs/aligning-d3il-visual/plans/mix_visual_aligning_af/H8_Dmix_visual_aligning.models.visual_af_diffusion.VisualAlphaFlow_a1.5_b1.0_aw1_VTrue_steps1000_bs64_filmv1_Eaf_tslogit_normal_afschconstant_AFAFconst0p05/H8_K2_Meuler_T0.5_Dmix_visual_aligning.models.visual_af_diffusion.VisualAlphaFlow_VTrue_mpc4_filmv1_Eaf,6,train,combined_5-tightened,combined_5,True,dpcc-r,mix_visual_aligning.models.visual_af_diffusion.VisualAlphaFlow,8.0,0.5,4.0,True,cuda,logs/aligning-d3il-visual/plans/mix_visual_aligning_af/H8_Dmix_visual_aligning.models.visual_af_diffusion.VisualAlphaFlow_a1.5_b1.0_aw1_VTrue_steps1000_bs64_filmv1_Eaf_tslogit_normal_afschconstant_AFAFconst0p05/H8_K2_Meuler_T0.5_Dmix_visual_aligning.models.visual_af_diffusion.VisualAlphaFlow_VTrue_mpc4_filmv1_Eaf/6,mix_visual_aligning_af/H8_Dmix_visual_aligning.models.visual_af_diffusion.VisualAlphaFlow_a1.5_b1.0_aw1_VTrue_steps1000_bs64_filmv1_Eaf_tslogit_normal_afschconstant_AFAFconst0p05,af,,,
5,H8_K2_Meuler_T0.5_Dmix_visual_aligning.models.visual_af_diffusion.VisualAlphaFlow_VTrue_mpc4_filmv1_Eaf,/data/home/llim/FMPCC/FM-PCC/logs/aligning-d3il-visual/plans/mix_visual_aligning_af/H8_Dmix_visual_aligning.models.visual_af_diffusion.VisualAlphaFlow_a1.5_b1.0_aw1_VTrue_steps1000_bs64_filmv1_Eaf_tslogit_normal_afschconstant_AFAFconst0p05/H8_K2_Meuler_T0.5_Dmix_visual_aligning.models.visual_af_diffusion.VisualAlphaFlow_VTrue_mpc4_filmv1_Eaf,6,train,combined_5-tightened,combined_5,True,dpcc-t,mix_visual_aligning.models.visual_af_diffusion.VisualAlphaFlow,8.0,0.5,4.0,True,cuda,logs/aligning-d3il-visual/plans/mix_visual_aligning_af/H8_Dmix_visual_aligning.models.visual_af_diffusion.VisualAlphaFlow_a1.5_b1.0_aw1_VTrue_steps1000_bs64_filmv1_Eaf_tslogit_normal_afschconstant_AFAFconst0p05/H8_K2_Meuler_T0.5_Dmix_visual_aligning.models.visual_af_diffusion.VisualAlphaFlow_VTrue_mpc4_filmv1_Eaf/6,mix_visual_aligning_af/H8_Dmix_visual_aligning.models.visual_af_diffusion.VisualAlphaFlow_a1.5_b1.0_aw1_VTrue_steps1000_bs64_filmv1_Eaf_tslogit_normal_afschconstant_AFAFconst0p05,af,,,
5,H8_K2_Meuler_T0.5_Dmix_visual_aligning.models.visual_af_diffusion.VisualAlphaFlow_VTrue_mpc4_filmv1_Eaf,/data/home/llim/FMPCC/FM-PCC/logs/aligning-d3il-visual/plans/mix_visual_aligning_af/H8_Dmix_visual_aligning.models.visual_af_diffusion.VisualAlphaFlow_a1.5_b1.0_aw1_VTrue_steps1000_bs64_filmv1_Eaf_tslogit_normal_afschconstant_AFAFconst0p05/H8_K2_Meuler_T0.5_Dmix_visual_aligning.models.visual_af_diffusion.VisualAlphaFlow_VTrue_mpc4_filmv1_Eaf,6,train,combined_5-tightened,combined_5,True,geo_free,mix_visual_aligning.models.visual_af_diffusion.VisualAlphaFlow,8.0,0.5,4.0,True,cuda,logs/aligning-d3il-visual/plans/mix_visual_aligning_af/H8_Dmix_visual_aligning.models.visual_af_diffusion.VisualAlphaFlow_a1.5_b1.0_aw1_VTrue_steps1000_bs64_filmv1_Eaf_tslogit_normal_afschconstant_AFAFconst0p05/H8_K2_Meuler_T0.5_Dmix_visual_aligning.models.visual_af_diffusion.VisualAlphaFlow_VTrue_mpc4_filmv1_Eaf/6,mix_visual_aligning_af/H8_Dmix_visual_aligning.models.visual_af_diffusion.VisualAlphaFlow_a1.5_b1.0_aw1_VTrue_steps1000_bs64_filmv1_Eaf_tslogit_normal_afschconstant_AFAFconst0p05,af,,,
5,H8_K2_Meuler_T0.5_Dmix_visual_aligning.models.visual_af_diffusion.VisualAlphaFlow_VTrue_mpc4_filmv1_Eaf,/data/home/llim/FMPCC/FM-PCC/logs/aligning-d3il-visual/plans/mix_visual_aligning_af/H8_Dmix_visual_aligning.models.visual_af_diffusion.VisualAlphaFlow_a1.5_b1.0_aw1_VTrue_steps1000_bs64_filmv1_Eaf_tslogit_normal_afschconstant_AFAFconst0p05/H8_K2_Meuler_T0.5_Dmix_visual_aligning.models.visual_af_diffusion.VisualAlphaFlow_VTrue_mpc4_filmv1_Eaf,6,train,combined_5-tightened,combined_5,True,geo_free-bounds_free,mix_visual_aligning.models.visual_af_diffusion.VisualAlphaFlow,8.0,0.5,4.0,True,cuda,logs/aligning-d3il-visual/plans/mix_visual_aligning_af/H8_Dmix_visual_aligning.models.visual_af_diffusion.VisualAlphaFlow_a1.5_b1.0_aw1_VTrue_steps1000_bs64_filmv1_Eaf_tslogit_normal_afschconstant_AFAFconst0p05/H8_K2_Meuler_T0.5_Dmix_visual_aligning.models.visual_af_diffusion.VisualAlphaFlow_VTrue_mpc4_filmv1_Eaf/6,mix_visual_aligning_af/H8_Dmix_visual_aligning.models.visual_af_diffusion.VisualAlphaFlow_a1.5_b1.0_aw1_VTrue_steps1000_bs64_filmv1_Eaf_tslogit_normal_afschconstant_AFAFconst0p05,af,,,
5,H8_K2_Meuler_T0.5_Dmix_visual_aligning.models.visual_af_diffusion.VisualAlphaFlow_VTrue_mpc4_filmv1_Eaf,/data/home/llim/FMPCC/FM-PCC/logs/aligning-d3il-visual/plans/mix_visual_aligning_af/H8_Dmix_visual_aligning.models.visual_af_diffusion.VisualAlphaFlow_a1.5_b1.0_aw1_VTrue_steps1000_bs64_filmv1_Eaf_tslogit_normal_afschconstant_AFAFconst0p05/H8_K2_Meuler_T0.5_Dmix_visual_aligning.models.visual_af_diffusion.VisualAlphaFlow_VTrue_mpc4_filmv1_Eaf,6,train,combined_5-tightened,combined_5,True,geo_free-model_free,mix_visual_aligning.models.visual_af_diffusion.VisualAlphaFlow,8.0,0.5,4.0,True,cuda,logs/aligning-d3il-visual/plans/mix_visual_aligning_af/H8_Dmix_visual_aligning.models.visual_af_diffusion.VisualAlphaFlow_a1.5_b1.0_aw1_VTrue_steps1000_bs64_filmv1_Eaf_tslogit_normal_afschconstant_AFAFconst0p05/H8_K2_Meuler_T0.5_Dmix_visual_aligning.models.visual_af_diffusion.VisualAlphaFlow_VTrue_mpc4_filmv1_Eaf/6,mix_visual_aligning_af/H8_Dmix_visual_aligning.models.visual_af_diffusion.VisualAlphaFlow_a1.5_b1.0_aw1_VTrue_steps1000_bs64_filmv1_Eaf_tslogit_normal_afschconstant_AFAFconst0p05,af,,,
5,H8_K2_Meuler_T0.5_Dmix_visual_aligning.models.visual_af_diffusion.VisualAlphaFlow_VTrue_mpc4_filmv1_Eaf,/data/home/llim/FMPCC/FM-PCC/logs/aligning-d3il-visual/plans/mix_visual_aligning_af/H8_Dmix_visual_aligning.models.visual_af_diffusion.VisualAlphaFlow_a1.5_b1.0_aw1_VTrue_steps1000_bs64_filmv1_Eaf_tslogit_normal_afschconstant_AFAFconst0p05/H8_K2_Meuler_T0.5_Dmix_visual_aligning.models.visual_af_diffusion.VisualAlphaFlow_VTrue_mpc4_filmv1_Eaf,6,train,combined_5-tightened,combined_5,True,gradient,mix_visual_aligning.models.visual_af_diffusion.VisualAlphaFlow,8.0,0.5,4.0,True,cuda,logs/aligning-d3il-visual/plans/mix_visual_aligning_af/H8_Dmix_visual_aligning.models.visual_af_diffusion.VisualAlphaFlow_a1.5_b1.0_aw1_VTrue_steps1000_bs64_filmv1_Eaf_tslogit_normal_afschconstant_AFAFconst0p05/H8_K2_Meuler_T0.5_Dmix_visual_aligning.models.visual_af_diffusion.VisualAlphaFlow_VTrue_mpc4_filmv1_Eaf/6,mix_visual_aligning_af/H8_Dmix_visual_aligning.models.visual_af_diffusion.VisualAlphaFlow_a1.5_b1.0_aw1_VTrue_steps1000_bs64_filmv1_Eaf_tslogit_normal_afschconstant_AFAFconst0p05,af,,,
5,H8_K2_Meuler_T0.5_Dmix_visual_aligning.models.visual_af_diffusion.VisualAlphaFlow_VTrue_mpc4_filmv1_Eaf,/data/home/llim/FMPCC/FM-PCC/logs/aligning-d3il-visual/plans/mix_visual_aligning_af/H8_Dmix_visual_aligning.models.visual_af_diffusion.VisualAlphaFlow_a1.5_b1.0_aw1_VTrue_steps1000_bs64_filmv1_Eaf_tslogit_normal_afschconstant_AFAFconst0p05/H8_K2_Meuler_T0.5_Dmix_visual_aligning.models.visual_af_diffusion.VisualAlphaFlow_VTrue_mpc4_filmv1_Eaf,6,train,combined_5-tightened,combined_5,True,model_free,mix_visual_aligning.models.visual_af_diffusion.VisualAlphaFlow,8.0,0.5,4.0,True,cuda,logs/aligning-d3il-visual/plans/mix_visual_aligning_af/H8_Dmix_visual_aligning.models.visual_af_diffusion.VisualAlphaFlow_a1.5_b1.0_aw1_VTrue_steps1000_bs64_filmv1_Eaf_tslogit_normal_afschconstant_AFAFconst0p05/H8_K2_Meuler_T0.5_Dmix_visual_aligning.models.visual_af_diffusion.VisualAlphaFlow_VTrue_mpc4_filmv1_Eaf/6,mix_visual_aligning_af/H8_Dmix_visual_aligning.models.visual_af_diffusion.VisualAlphaFlow_a1.5_b1.0_aw1_VTrue_steps1000_bs64_filmv1_Eaf_tslogit_normal_afschconstant_AFAFconst0p05,af,,,
5,H8_K2_Meuler_T0.5_Dmix_visual_aligning.models.visual_af_diffusion.VisualAlphaFlow_VTrue_mpc4_filmv1_Eaf,/data/home/llim/FMPCC/FM-PCC/logs/aligning-d3il-visual/plans/mix_visual_aligning_af/H8_Dmix_visual_aligning.models.visual_af_diffusion.VisualAlphaFlow_a1.5_b1.0_aw1_VTrue_steps1000_bs64_filmv1_Eaf_tslogit_normal_afschconstant_AFAFconst0p05/H8_K2_Meuler_T0.5_Dmix_visual_aligning.models.visual_af_diffusion.VisualAlphaFlow_VTrue_mpc4_filmv1_Eaf,6,train,combined_5-tightened,combined_5,True,model_free-bounds_free,mix_visual_aligning.models.visual_af_diffusion.VisualAlphaFlow,8.0,0.5,4.0,True,cuda,logs/aligning-d3il-visual/plans/mix_visual_aligning_af/H8_Dmix_visual_aligning.models.visual_af_diffusion.VisualAlphaFlow_a1.5_b1.0_aw1_VTrue_steps1000_bs64_filmv1_Eaf_tslogit_normal_afschconstant_AFAFconst0p05/H8_K2_Meuler_T0.5_Dmix_visual_aligning.models.visual_af_diffusion.VisualAlphaFlow_VTrue_mpc4_filmv1_Eaf/6,mix_visual_aligning_af/H8_Dmix_visual_aligning.models.visual_af_diffusion.VisualAlphaFlow_a1.5_b1.0_aw1_VTrue_steps1000_bs64_filmv1_Eaf_tslogit_normal_afschconstant_AFAFconst0p05,af,,,
5,H8_K2_Meuler_T0.5_Dmix_visual_aligning.models.visual_af_diffusion.VisualAlphaFlow_VTrue_mpc4_filmv1_Eaf,/data/home/llim/FMPCC/FM-PCC/logs/aligning-d3il-visual/plans/mix_visual_aligning_af/H8_Dmix_visual_aligning.models.visual_af_diffusion.VisualAlphaFlow_a1.5_b1.0_aw1_VTrue_steps1000_bs64_filmv1_Eaf_tslogit_normal_afschconstant_AFAFconst0p05/H8_K2_Meuler_T0.5_Dmix_visual_aligning.models.visual_af_diffusion.VisualAlphaFlow_VTrue_mpc4_filmv1_Eaf,6,train,combined_5-tightened,combined_5,True,post_processing,mix_visual_aligning.models.visual_af_diffusion.VisualAlphaFlow,8.0,0.5,4.0,True,cuda,logs/aligning-d3il-visual/plans/mix_visual_aligning_af/H8_Dmix_visual_aligning.models.visual_af_diffusion.VisualAlphaFlow_a1.5_b1.0_aw1_VTrue_steps1000_bs64_filmv1_Eaf_tslogit_normal_afschconstant_AFAFconst0p05/H8_K2_Meuler_T0.5_Dmix_visual_aligning.models.visual_af_diffusion.VisualAlphaFlow_VTrue_mpc4_filmv1_Eaf/6,mix_visual_aligning_af/H8_Dmix_visual_aligning.models.visual_af_diffusion.VisualAlphaFlow_a1.5_b1.0_aw1_VTrue_steps1000_bs64_filmv1_Eaf_tslogit_normal_afschconstant_AFAFconst0p05,af,,,
6,H8_K100_Meuler_T0.5_Dmix_visual_aligning.models.visual_af_diffusion.VisualAlphaFlow_VTrue_mpc4_filmv1_Eaf,/data/home/llim/FMPCC/FM-PCC/logs/aligning-d3il-visual/plans/mix_visual_aligning_af/H8_Dmix_visual_aligning.models.visual_af_diffusion.VisualAlphaFlow_a1.5_b1.0_aw1_VTrue_steps1000_bs64_filmv1_Eaf_tslogit_normal_afschsigmoid/H8_K100_Meuler_T0.5_Dmix_visual_aligning.models.visual_af_diffusion.VisualAlphaFlow_VTrue_mpc4_filmv1_Eaf,6,train,combined_5,combined_5,False,diffuser,mix_visual_aligning.models.visual_af_diffusion.VisualAlphaFlow,8.0,0.5,4.0,True,cuda,logs/aligning-d3il-visual/plans/mix_visual_aligning_af/H8_Dmix_visual_aligning.models.visual_af_diffusion.VisualAlphaFlow_a1.5_b1.0_aw1_VTrue_steps1000_bs64_filmv1_Eaf_tslogit_normal_afschsigmoid/H8_K100_Meuler_T0.5_Dmix_visual_aligning.models.visual_af_diffusion.VisualAlphaFlow_VTrue_mpc4_filmv1_Eaf/6,mix_visual_aligning_af/H8_Dmix_visual_aligning.models.visual_af_diffusion.VisualAlphaFlow_a1.5_b1.0_aw1_VTrue_steps1000_bs64_filmv1_Eaf_tslogit_normal_afschsigmoid,af,,,
7,H8_K2_Meuler_T0.5_Dmix_visual_aligning.models.visual_af_diffusion.VisualAlphaFlow_VTrue_mpc4_filmv1_Eaf,/data/home/llim/FMPCC/FM-PCC/logs/aligning-d3il-visual/plans/mix_visual_aligning_af/H8_Dmix_visual_aligning.models.visual_af_diffusion.VisualAlphaFlow_a1.5_b1.0_aw1_VTrue_steps1000_bs64_filmv1_Eaf_tslogit_normal_afschsigmoid/H8_K2_Meuler_T0.5_Dmix_visual_aligning.models.visual_af_diffusion.VisualAlphaFlow_VTrue_mpc4_filmv1_Eaf,6,train,combined_5,combined_5,False,bounds_free,mix_visual_aligning.models.visual_af_diffusion.VisualAlphaFlow,8.0,0.5,4.0,True,cuda,logs/aligning-d3il-visual/plans/mix_visual_aligning_af/H8_Dmix_visual_aligning.models.visual_af_diffusion.VisualAlphaFlow_a1.5_b1.0_aw1_VTrue_steps1000_bs64_filmv1_Eaf_tslogit_normal_afschsigmoid/H8_K2_Meuler_T0.5_Dmix_visual_aligning.models.visual_af_diffusion.VisualAlphaFlow_VTrue_mpc4_filmv1_Eaf/6,mix_visual_aligning_af/H8_Dmix_visual_aligning.models.visual_af_diffusion.VisualAlphaFlow_a1.5_b1.0_aw1_VTrue_steps1000_bs64_filmv1_Eaf_tslogit_normal_afschsigmoid,af,,,
7,H8_K2_Meuler_T0.5_Dmix_visual_aligning.models.visual_af_diffusion.VisualAlphaFlow_VTrue_mpc4_filmv1_Eaf,/data/home/llim/FMPCC/FM-PCC/logs/aligning-d3il-visual/plans/mix_visual_aligning_af/H8_Dmix_visual_aligning.models.visual_af_diffusion.VisualAlphaFlow_a1.5_b1.0_aw1_VTrue_steps1000_bs64_filmv1_Eaf_tslogit_normal_afschsigmoid/H8_K2_Meuler_T0.5_Dmix_visual_aligning.models.visual_af_diffusion.VisualAlphaFlow_VTrue_mpc4_filmv1_Eaf,6,train,combined_5,combined_5,False,diffuser,mix_visual_aligning.models.visual_af_diffusion.VisualAlphaFlow,8.0,0.5,4.0,True,cuda,logs/aligning-d3il-visual/plans/mix_visual_aligning_af/H8_Dmix_visual_aligning.models.visual_af_diffusion.VisualAlphaFlow_a1.5_b1.0_aw1_VTrue_steps1000_bs64_filmv1_Eaf_tslogit_normal_afschsigmoid/H8_K2_Meuler_T0.5_Dmix_visual_aligning.models.visual_af_diffusion.VisualAlphaFlow_VTrue_mpc4_filmv1_Eaf/6,mix_visual_aligning_af/H8_Dmix_visual_aligning.models.visual_af_diffusion.VisualAlphaFlow_a1.5_b1.0_aw1_VTrue_steps1000_bs64_filmv1_Eaf_tslogit_normal_afschsigmoid,af,,,
7,H8_K2_Meuler_T0.5_Dmix_visual_aligning.models.visual_af_diffusion.VisualAlphaFlow_VTrue_mpc4_filmv1_Eaf,/data/home/llim/FMPCC/FM-PCC/logs/aligning-d3il-visual/plans/mix_visual_aligning_af/H8_Dmix_visual_aligning.models.visual_af_diffusion.VisualAlphaFlow_a1.5_b1.0_aw1_VTrue_steps1000_bs64_filmv1_Eaf_tslogit_normal_afschsigmoid/H8_K2_Meuler_T0.5_Dmix_visual_aligning.models.visual_af_diffusion.VisualAlphaFlow_VTrue_mpc4_filmv1_Eaf,6,train,combined_5,combined_5,False,dpcc-c,mix_visual_aligning.models.visual_af_diffusion.VisualAlphaFlow,8.0,0.5,4.0,True,cuda,logs/aligning-d3il-visual/plans/mix_visual_aligning_af/H8_Dmix_visual_aligning.models.visual_af_diffusion.VisualAlphaFlow_a1.5_b1.0_aw1_VTrue_steps1000_bs64_filmv1_Eaf_tslogit_normal_afschsigmoid/H8_K2_Meuler_T0.5_Dmix_visual_aligning.models.visual_af_diffusion.VisualAlphaFlow_VTrue_mpc4_filmv1_Eaf/6,mix_visual_aligning_af/H8_Dmix_visual_aligning.models.visual_af_diffusion.VisualAlphaFlow_a1.5_b1.0_aw1_VTrue_steps1000_bs64_filmv1_Eaf_tslogit_normal_afschsigmoid,af,,,
7,H8_K2_Meuler_T0.5_Dmix_visual_aligning.models.visual_af_diffusion.VisualAlphaFlow_VTrue_mpc4_filmv1_Eaf,/data/home/llim/FMPCC/FM-PCC/logs/aligning-d3il-visual/plans/mix_visual_aligning_af/H8_Dmix_visual_aligning.models.visual_af_diffusion.VisualAlphaFlow_a1.5_b1.0_aw1_VTrue_steps1000_bs64_filmv1_Eaf_tslogit_normal_afschsigmoid/H8_K2_Meuler_T0.5_Dmix_visual_aligning.models.visual_af_diffusion.VisualAlphaFlow_VTrue_mpc4_filmv1_Eaf,6,train,combined_5,combined_5,False,dpcc-c-dt0p25,mix_visual_aligning.models.visual_af_diffusion.VisualAlphaFlow,8.0,0.5,4.0,True,cuda,logs/aligning-d3il-visual/plans/mix_visual_aligning_af/H8_Dmix_visual_aligning.models.visual_af_diffusion.VisualAlphaFlow_a1.5_b1.0_aw1_VTrue_steps1000_bs64_filmv1_Eaf_tslogit_normal_afschsigmoid/H8_K2_Meuler_T0.5_Dmix_visual_aligning.models.visual_af_diffusion.VisualAlphaFlow_VTrue_mpc4_filmv1_Eaf/6,mix_visual_aligning_af/H8_Dmix_visual_aligning.models.visual_af_diffusion.VisualAlphaFlow_a1.5_b1.0_aw1_VTrue_steps1000_bs64_filmv1_Eaf_tslogit_normal_afschsigmoid,af,,,
7,H8_K2_Meuler_T0.5_Dmix_visual_aligning.models.visual_af_diffusion.VisualAlphaFlow_VTrue_mpc4_filmv1_Eaf,/data/home/llim/FMPCC/FM-PCC/logs/aligning-d3il-visual/plans/mix_visual_aligning_af/H8_Dmix_visual_aligning.models.visual_af_diffusion.VisualAlphaFlow_a1.5_b1.0_aw1_VTrue_steps1000_bs64_filmv1_Eaf_tslogit_normal_afschsigmoid/H8_K2_Meuler_T0.5_Dmix_visual_aligning.models.visual_af_diffusion.VisualAlphaFlow_VTrue_mpc4_filmv1_Eaf,6,train,combined_5,combined_5,False,dpcc-c-dt0p5,mix_visual_aligning.models.visual_af_diffusion.VisualAlphaFlow,8.0,0.5,4.0,True,cuda,logs/aligning-d3il-visual/plans/mix_visual_aligning_af/H8_Dmix_visual_aligning.models.visual_af_diffusion.VisualAlphaFlow_a1.5_b1.0_aw1_VTrue_steps1000_bs64_filmv1_Eaf_tslogit_normal_afschsigmoid/H8_K2_Meuler_T0.5_Dmix_visual_aligning.models.visual_af_diffusion.VisualAlphaFlow_VTrue_mpc4_filmv1_Eaf/6,mix_visual_aligning_af/H8_Dmix_visual_aligning.models.visual_af_diffusion.VisualAlphaFlow_a1.5_b1.0_aw1_VTrue_steps1000_bs64_filmv1_Eaf_tslogit_normal_afschsigmoid,af,,,
7,H8_K2_Meuler_T0.5_Dmix_visual_aligning.models.visual_af_diffusion.VisualAlphaFlow_VTrue_mpc4_filmv1_Eaf,/data/home/llim/FMPCC/FM-PCC/logs/aligning-d3il-visual/plans/mix_visual_aligning_af/H8_Dmix_visual_aligning.models.visual_af_diffusion.VisualAlphaFlow_a1.5_b1.0_aw1_VTrue_steps1000_bs64_filmv1_Eaf_tslogit_normal_afschsigmoid/H8_K2_Meuler_T0.5_Dmix_visual_aligning.models.visual_af_diffusion.VisualAlphaFlow_VTrue_mpc4_filmv1_Eaf,6,train,combined_5,combined_5,False,dpcc-c-dt2p0,mix_visual_aligning.models.visual_af_diffusion.VisualAlphaFlow,8.0,0.5,4.0,True,cuda,logs/aligning-d3il-visual/plans/mix_visual_aligning_af/H8_Dmix_visual_aligning.models.visual_af_diffusion.VisualAlphaFlow_a1.5_b1.0_aw1_VTrue_steps1000_bs64_filmv1_Eaf_tslogit_normal_afschsigmoid/H8_K2_Meuler_T0.5_Dmix_visual_aligning.models.visual_af_diffusion.VisualAlphaFlow_VTrue_mpc4_filmv1_Eaf/6,mix_visual_aligning_af/H8_Dmix_visual_aligning.models.visual_af_diffusion.VisualAlphaFlow_a1.5_b1.0_aw1_VTrue_steps1000_bs64_filmv1_Eaf_tslogit_normal_afschsigmoid,af,,,
7,H8_K2_Meuler_T0.5_Dmix_visual_aligning.models.visual_af_diffusion.VisualAlphaFlow_VTrue_mpc4_filmv1_Eaf,/data/home/llim/FMPCC/FM-PCC/logs/aligning-d3il-visual/plans/mix_visual_aligning_af/H8_Dmix_visual_aligning.models.visual_af_diffusion.VisualAlphaFlow_a1.5_b1.0_aw1_VTrue_steps1000_bs64_filmv1_Eaf_tslogit_normal_afschsigmoid/H8_K2_Meuler_T0.5_Dmix_visual_aligning.models.visual_af_diffusion.VisualAlphaFlow_VTrue_mpc4_filmv1_Eaf,6,train,combined_5,combined_5,False,dpcc-c-dt4p0,mix_visual_aligning.models.visual_af_diffusion.VisualAlphaFlow,8.0,0.5,4.0,True,cuda,logs/aligning-d3il-visual/plans/mix_visual_aligning_af/H8_Dmix_visual_aligning.models.visual_af_diffusion.VisualAlphaFlow_a1.5_b1.0_aw1_VTrue_steps1000_bs64_filmv1_Eaf_tslogit_normal_afschsigmoid/H8_K2_Meuler_T0.5_Dmix_visual_aligning.models.visual_af_diffusion.VisualAlphaFlow_VTrue_mpc4_filmv1_Eaf/6,mix_visual_aligning_af/H8_Dmix_visual_aligning.models.visual_af_diffusion.VisualAlphaFlow_a1.5_b1.0_aw1_VTrue_steps1000_bs64_filmv1_Eaf_tslogit_normal_afschsigmoid,af,,,
7,H8_K2_Meuler_T0.5_Dmix_visual_aligning.models.visual_af_diffusion.VisualAlphaFlow_VTrue_mpc4_filmv1_Eaf,/data/home/llim/FMPCC/FM-PCC/logs/aligning-d3il-visual/plans/mix_visual_aligning_af/H8_Dmix_visual_aligning.models.visual_af_diffusion.VisualAlphaFlow_a1.5_b1.0_aw1_VTrue_steps1000_bs64_filmv1_Eaf_tslogit_normal_afschsigmoid/H8_K2_Meuler_T0.5_Dmix_visual_aligning.models.visual_af_diffusion.VisualAlphaFlow_VTrue_mpc4_filmv1_Eaf,6,train,combined_5,combined_5,False,dpcc-r,mix_visual_aligning.models.visual_af_diffusion.VisualAlphaFlow,8.0,0.5,4.0,True,cuda,logs/aligning-d3il-visual/plans/mix_visual_aligning_af/H8_Dmix_visual_aligning.models.visual_af_diffusion.VisualAlphaFlow_a1.5_b1.0_aw1_VTrue_steps1000_bs64_filmv1_Eaf_tslogit_normal_afschsigmoid/H8_K2_Meuler_T0.5_Dmix_visual_aligning.models.visual_af_diffusion.VisualAlphaFlow_VTrue_mpc4_filmv1_Eaf/6,mix_visual_aligning_af/H8_Dmix_visual_aligning.models.visual_af_diffusion.VisualAlphaFlow_a1.5_b1.0_aw1_VTrue_steps1000_bs64_filmv1_Eaf_tslogit_normal_afschsigmoid,af,,,
7,H8_K2_Meuler_T0.5_Dmix_visual_aligning.models.visual_af_diffusion.VisualAlphaFlow_VTrue_mpc4_filmv1_Eaf,/data/home/llim/FMPCC/FM-PCC/logs/aligning-d3il-visual/plans/mix_visual_aligning_af/H8_Dmix_visual_aligning.models.visual_af_diffusion.VisualAlphaFlow_a1.5_b1.0_aw1_VTrue_steps1000_bs64_filmv1_Eaf_tslogit_normal_afschsigmoid/H8_K2_Meuler_T0.5_Dmix_visual_aligning.models.visual_af_diffusion.VisualAlphaFlow_VTrue_mpc4_filmv1_Eaf,6,train,combined_5,combined_5,False,dpcc-t,mix_visual_aligning.models.visual_af_diffusion.VisualAlphaFlow,8.0,0.5,4.0,True,cuda,logs/aligning-d3il-visual/plans/mix_visual_aligning_af/H8_Dmix_visual_aligning.models.visual_af_diffusion.VisualAlphaFlow_a1.5_b1.0_aw1_VTrue_steps1000_bs64_filmv1_Eaf_tslogit_normal_afschsigmoid/H8_K2_Meuler_T0.5_Dmix_visual_aligning.models.visual_af_diffusion.VisualAlphaFlow_VTrue_mpc4_filmv1_Eaf/6,mix_visual_aligning_af/H8_Dmix_visual_aligning.models.visual_af_diffusion.VisualAlphaFlow_a1.5_b1.0_aw1_VTrue_steps1000_bs64_filmv1_Eaf_tslogit_normal_afschsigmoid,af,,,
7,H8_K2_Meuler_T0.5_Dmix_visual_aligning.models.visual_af_diffusion.VisualAlphaFlow_VTrue_mpc4_filmv1_Eaf,/data/home/llim/FMPCC/FM-PCC/logs/aligning-d3il-visual/plans/mix_visual_aligning_af/H8_Dmix_visual_aligning.models.visual_af_diffusion.VisualAlphaFlow_a1.5_b1.0_aw1_VTrue_steps1000_bs64_filmv1_Eaf_tslogit_normal_afschsigmoid/H8_K2_Meuler_T0.5_Dmix_visual_aligning.models.visual_af_diffusion.VisualAlphaFlow_VTrue_mpc4_filmv1_Eaf,6,train,combined_5,combined_5,False,geo_free,mix_visual_aligning.models.visual_af_diffusion.VisualAlphaFlow,8.0,0.5,4.0,True,cuda,logs/aligning-d3il-visual/plans/mix_visual_aligning_af/H8_Dmix_visual_aligning.models.visual_af_diffusion.VisualAlphaFlow_a1.5_b1.0_aw1_VTrue_steps1000_bs64_filmv1_Eaf_tslogit_normal_afschsigmoid/H8_K2_Meuler_T0.5_Dmix_visual_aligning.models.visual_af_diffusion.VisualAlphaFlow_VTrue_mpc4_filmv1_Eaf/6,mix_visual_aligning_af/H8_Dmix_visual_aligning.models.visual_af_diffusion.VisualAlphaFlow_a1.5_b1.0_aw1_VTrue_steps1000_bs64_filmv1_Eaf_tslogit_normal_afschsigmoid,af,,,
7,H8_K2_Meuler_T0.5_Dmix_visual_aligning.models.visual_af_diffusion.VisualAlphaFlow_VTrue_mpc4_filmv1_Eaf,/data/home/llim/FMPCC/FM-PCC/logs/aligning-d3il-visual/plans/mix_visual_aligning_af/H8_Dmix_visual_aligning.models.visual_af_diffusion.VisualAlphaFlow_a1.5_b1.0_aw1_VTrue_steps1000_bs64_filmv1_Eaf_tslogit_normal_afschsigmoid/H8_K2_Meuler_T0.5_Dmix_visual_aligning.models.visual_af_diffusion.VisualAlphaFlow_VTrue_mpc4_filmv1_Eaf,6,train,combined_5,combined_5,False,geo_free-bounds_free,mix_visual_aligning.models.visual_af_diffusion.VisualAlphaFlow,8.0,0.5,4.0,True,cuda,logs/aligning-d3il-visual/plans/mix_visual_aligning_af/H8_Dmix_visual_aligning.models.visual_af_diffusion.VisualAlphaFlow_a1.5_b1.0_aw1_VTrue_steps1000_bs64_filmv1_Eaf_tslogit_normal_afschsigmoid/H8_K2_Meuler_T0.5_Dmix_visual_aligning.models.visual_af_diffusion.VisualAlphaFlow_VTrue_mpc4_filmv1_Eaf/6,mix_visual_aligning_af/H8_Dmix_visual_aligning.models.visual_af_diffusion.VisualAlphaFlow_a1.5_b1.0_aw1_VTrue_steps1000_bs64_filmv1_Eaf_tslogit_normal_afschsigmoid,af,,,
7,H8_K2_Meuler_T0.5_Dmix_visual_aligning.models.visual_af_diffusion.VisualAlphaFlow_VTrue_mpc4_filmv1_Eaf,/data/home/llim/FMPCC/FM-PCC/logs/aligning-d3il-visual/plans/mix_visual_aligning_af/H8_Dmix_visual_aligning.models.visual_af_diffusion.VisualAlphaFlow_a1.5_b1.0_aw1_VTrue_steps1000_bs64_filmv1_Eaf_tslogit_normal_afschsigmoid/H8_K2_Meuler_T0.5_Dmix_visual_aligning.models.visual_af_diffusion.VisualAlphaFlow_VTrue_mpc4_filmv1_Eaf,6,train,combined_5,combined_5,False,geo_free-model_free,mix_visual_aligning.models.visual_af_diffusion.VisualAlphaFlow,8.0,0.5,4.0,True,cuda,logs/aligning-d3il-visual/plans/mix_visual_aligning_af/H8_Dmix_visual_aligning.models.visual_af_diffusion.VisualAlphaFlow_a1.5_b1.0_aw1_VTrue_steps1000_bs64_filmv1_Eaf_tslogit_normal_afschsigmoid/H8_K2_Meuler_T0.5_Dmix_visual_aligning.models.visual_af_diffusion.VisualAlphaFlow_VTrue_mpc4_filmv1_Eaf/6,mix_visual_aligning_af/H8_Dmix_visual_aligning.models.visual_af_diffusion.VisualAlphaFlow_a1.5_b1.0_aw1_VTrue_steps1000_bs64_filmv1_Eaf_tslogit_normal_afschsigmoid,af,,,
7,H8_K2_Meuler_T0.5_Dmix_visual_aligning.models.visual_af_diffusion.VisualAlphaFlow_VTrue_mpc4_filmv1_Eaf,/data/home/llim/FMPCC/FM-PCC/logs/aligning-d3il-visual/plans/mix_visual_aligning_af/H8_Dmix_visual_aligning.models.visual_af_diffusion.VisualAlphaFlow_a1.5_b1.0_aw1_VTrue_steps1000_bs64_filmv1_Eaf_tslogit_normal_afschsigmoid/H8_K2_Meuler_T0.5_Dmix_visual_aligning.models.visual_af_diffusion.VisualAlphaFlow_VTrue_mpc4_filmv1_Eaf,6,train,combined_5,combined_5,False,gradient,mix_visual_aligning.models.visual_af_diffusion.VisualAlphaFlow,8.0,0.5,4.0,True,cuda,logs/aligning-d3il-visual/plans/mix_visual_aligning_af/H8_Dmix_visual_aligning.models.visual_af_diffusion.VisualAlphaFlow_a1.5_b1.0_aw1_VTrue_steps1000_bs64_filmv1_Eaf_tslogit_normal_afschsigmoid/H8_K2_Meuler_T0.5_Dmix_visual_aligning.models.visual_af_diffusion.VisualAlphaFlow_VTrue_mpc4_filmv1_Eaf/6,mix_visual_aligning_af/H8_Dmix_visual_aligning.models.visual_af_diffusion.VisualAlphaFlow_a1.5_b1.0_aw1_VTrue_steps1000_bs64_filmv1_Eaf_tslogit_normal_afschsigmoid,af,,,
7,H8_K2_Meuler_T0.5_Dmix_visual_aligning.models.visual_af_diffusion.VisualAlphaFlow_VTrue_mpc4_filmv1_Eaf,/data/home/llim/FMPCC/FM-PCC/logs/aligning-d3il-visual/plans/mix_visual_aligning_af/H8_Dmix_visual_aligning.models.visual_af_diffusion.VisualAlphaFlow_a1.5_b1.0_aw1_VTrue_steps1000_bs64_filmv1_Eaf_tslogit_normal_afschsigmoid/H8_K2_Meuler_T0.5_Dmix_visual_aligning.models.visual_af_diffusion.VisualAlphaFlow_VTrue_mpc4_filmv1_Eaf,6,train,combined_5,combined_5,False,hardflow_new-c,mix_visual_aligning.models.visual_af_diffusion.VisualAlphaFlow,8.0,0.5,4.0,True,cuda,logs/aligning-d3il-visual/plans/mix_visual_aligning_af/H8_Dmix_visual_aligning.models.visual_af_diffusion.VisualAlphaFlow_a1.5_b1.0_aw1_VTrue_steps1000_bs64_filmv1_Eaf_tslogit_normal_afschsigmoid/H8_K2_Meuler_T0.5_Dmix_visual_aligning.models.visual_af_diffusion.VisualAlphaFlow_VTrue_mpc4_filmv1_Eaf/6,mix_visual_aligning_af/H8_Dmix_visual_aligning.models.visual_af_diffusion.VisualAlphaFlow_a1.5_b1.0_aw1_VTrue_steps1000_bs64_filmv1_Eaf_tslogit_normal_afschsigmoid,af,,,
7,H8_K2_Meuler_T0.5_Dmix_visual_aligning.models.visual_af_diffusion.VisualAlphaFlow_VTrue_mpc4_filmv1_Eaf,/data/home/llim/FMPCC/FM-PCC/logs/aligning-d3il-visual/plans/mix_visual_aligning_af/H8_Dmix_visual_aligning.models.visual_af_diffusion.VisualAlphaFlow_a1.5_b1.0_aw1_VTrue_steps1000_bs64_filmv1_Eaf_tslogit_normal_afschsigmoid/H8_K2_Meuler_T0.5_Dmix_visual_aligning.models.visual_af_diffusion.VisualAlphaFlow_VTrue_mpc4_filmv1_Eaf,6,train,combined_5,combined_5,False,hardflow_new-r,mix_visual_aligning.models.visual_af_diffusion.VisualAlphaFlow,8.0,0.5,4.0,True,cuda,logs/aligning-d3il-visual/plans/mix_visual_aligning_af/H8_Dmix_visual_aligning.models.visual_af_diffusion.VisualAlphaFlow_a1.5_b1.0_aw1_VTrue_steps1000_bs64_filmv1_Eaf_tslogit_normal_afschsigmoid/H8_K2_Meuler_T0.5_Dmix_visual_aligning.models.visual_af_diffusion.VisualAlphaFlow_VTrue_mpc4_filmv1_Eaf/6,mix_visual_aligning_af/H8_Dmix_visual_aligning.models.visual_af_diffusion.VisualAlphaFlow_a1.5_b1.0_aw1_VTrue_steps1000_bs64_filmv1_Eaf_tslogit_normal_afschsigmoid,af,,,
7,H8_K2_Meuler_T0.5_Dmix_visual_aligning.models.visual_af_diffusion.VisualAlphaFlow_VTrue_mpc4_filmv1_Eaf,/data/home/llim/FMPCC/FM-PCC/logs/aligning-d3il-visual/plans/mix_visual_aligning_af/H8_Dmix_visual_aligning.models.visual_af_diffusion.VisualAlphaFlow_a1.5_b1.0_aw1_VTrue_steps1000_bs64_filmv1_Eaf_tslogit_normal_afschsigmoid/H8_K2_Meuler_T0.5_Dmix_visual_aligning.models.visual_af_diffusion.VisualAlphaFlow_VTrue_mpc4_filmv1_Eaf,6,train,combined_5,combined_5,False,hardflow_new-t,mix_visual_aligning.models.visual_af_diffusion.VisualAlphaFlow,8.0,0.5,4.0,True,cuda,logs/aligning-d3il-visual/plans/mix_visual_aligning_af/H8_Dmix_visual_aligning.models.visual_af_diffusion.VisualAlphaFlow_a1.5_b1.0_aw1_VTrue_steps1000_bs64_filmv1_Eaf_tslogit_normal_afschsigmoid/H8_K2_Meuler_T0.5_Dmix_visual_aligning.models.visual_af_diffusion.VisualAlphaFlow_VTrue_mpc4_filmv1_Eaf/6,mix_visual_aligning_af/H8_Dmix_visual_aligning.models.visual_af_diffusion.VisualAlphaFlow_a1.5_b1.0_aw1_VTrue_steps1000_bs64_filmv1_Eaf_tslogit_normal_afschsigmoid,af,,,
7,H8_K2_Meuler_T0.5_Dmix_visual_aligning.models.visual_af_diffusion.VisualAlphaFlow_VTrue_mpc4_filmv1_Eaf,/data/home/llim/FMPCC/FM-PCC/logs/aligning-d3il-visual/plans/mix_visual_aligning_af/H8_Dmix_visual_aligning.models.visual_af_diffusion.VisualAlphaFlow_a1.5_b1.0_aw1_VTrue_steps1000_bs64_filmv1_Eaf_tslogit_normal_afschsigmoid/H8_K2_Meuler_T0.5_Dmix_visual_aligning.models.visual_af_diffusion.VisualAlphaFlow_VTrue_mpc4_filmv1_Eaf,6,train,combined_5,combined_5,False,model_free,mix_visual_aligning.models.visual_af_diffusion.VisualAlphaFlow,8.0,0.5,4.0,True,cuda,logs/aligning-d3il-visual/plans/mix_visual_aligning_af/H8_Dmix_visual_aligning.models.visual_af_diffusion.VisualAlphaFlow_a1.5_b1.0_aw1_VTrue_steps1000_bs64_filmv1_Eaf_tslogit_normal_afschsigmoid/H8_K2_Meuler_T0.5_Dmix_visual_aligning.models.visual_af_diffusion.VisualAlphaFlow_VTrue_mpc4_filmv1_Eaf/6,mix_visual_aligning_af/H8_Dmix_visual_aligning.models.visual_af_diffusion.VisualAlphaFlow_a1.5_b1.0_aw1_VTrue_steps1000_bs64_filmv1_Eaf_tslogit_normal_afschsigmoid,af,,,
7,H8_K2_Meuler_T0.5_Dmix_visual_aligning.models.visual_af_diffusion.VisualAlphaFlow_VTrue_mpc4_filmv1_Eaf,/data/home/llim/FMPCC/FM-PCC/logs/aligning-d3il-visual/plans/mix_visual_aligning_af/H8_Dmix_visual_aligning.models.visual_af_diffusion.VisualAlphaFlow_a1.5_b1.0_aw1_VTrue_steps1000_bs64_filmv1_Eaf_tslogit_normal_afschsigmoid/H8_K2_Meuler_T0.5_Dmix_visual_aligning.models.visual_af_diffusion.VisualAlphaFlow_VTrue_mpc4_filmv1_Eaf,6,train,combined_5,combined_5,False,model_free-bounds_free,mix_visual_aligning.models.visual_af_diffusion.VisualAlphaFlow,8.0,0.5,4.0,True,cuda,logs/aligning-d3il-visual/plans/mix_visual_aligning_af/H8_Dmix_visual_aligning.models.visual_af_diffusion.VisualAlphaFlow_a1.5_b1.0_aw1_VTrue_steps1000_bs64_filmv1_Eaf_tslogit_normal_afschsigmoid/H8_K2_Meuler_T0.5_Dmix_visual_aligning.models.visual_af_diffusion.VisualAlphaFlow_VTrue_mpc4_filmv1_Eaf/6,mix_visual_aligning_af/H8_Dmix_visual_aligning.models.visual_af_diffusion.VisualAlphaFlow_a1.5_b1.0_aw1_VTrue_steps1000_bs64_filmv1_Eaf_tslogit_normal_afschsigmoid,af,,,
7,H8_K2_Meuler_T0.5_Dmix_visual_aligning.models.visual_af_diffusion.VisualAlphaFlow_VTrue_mpc4_filmv1_Eaf,/data/home/llim/FMPCC/FM-PCC/logs/aligning-d3il-visual/plans/mix_visual_aligning_af/H8_Dmix_visual_aligning.models.visual_af_diffusion.VisualAlphaFlow_a1.5_b1.0_aw1_VTrue_steps1000_bs64_filmv1_Eaf_tslogit_normal_afschsigmoid/H8_K2_Meuler_T0.5_Dmix_visual_aligning.models.visual_af_diffusion.VisualAlphaFlow_VTrue_mpc4_filmv1_Eaf,6,train,combined_5,combined_5,False,post_processing,mix_visual_aligning.models.visual_af_diffusion.VisualAlphaFlow,8.0,0.5,4.0,True,cuda,logs/aligning-d3il-visual/plans/mix_visual_aligning_af/H8_Dmix_visual_aligning.models.visual_af_diffusion.VisualAlphaFlow_a1.5_b1.0_aw1_VTrue_steps1000_bs64_filmv1_Eaf_tslogit_normal_afschsigmoid/H8_K2_Meuler_T0.5_Dmix_visual_aligning.models.visual_af_diffusion.VisualAlphaFlow_VTrue_mpc4_filmv1_Eaf/6,mix_visual_aligning_af/H8_Dmix_visual_aligning.models.visual_af_diffusion.VisualAlphaFlow_a1.5_b1.0_aw1_VTrue_steps1000_bs64_filmv1_Eaf_tslogit_normal_afschsigmoid,af,,,
7,H8_K2_Meuler_T0.5_Dmix_visual_aligning.models.visual_af_diffusion.VisualAlphaFlow_VTrue_mpc4_filmv1_Eaf,/data/home/llim/FMPCC/FM-PCC/logs/aligning-d3il-visual/plans/mix_visual_aligning_af/H8_Dmix_visual_aligning.models.visual_af_diffusion.VisualAlphaFlow_a1.5_b1.0_aw1_VTrue_steps1000_bs64_filmv1_Eaf_tslogit_normal_afschsigmoid/H8_K2_Meuler_T0.5_Dmix_visual_aligning.models.visual_af_diffusion.VisualAlphaFlow_VTrue_mpc4_filmv1_Eaf,6,train,combined_5-tightened,combined_5,True,bounds_free,mix_visual_aligning.models.visual_af_diffusion.VisualAlphaFlow,8.0,0.5,4.0,True,cuda,logs/aligning-d3il-visual/plans/mix_visual_aligning_af/H8_Dmix_visual_aligning.models.visual_af_diffusion.VisualAlphaFlow_a1.5_b1.0_aw1_VTrue_steps1000_bs64_filmv1_Eaf_tslogit_normal_afschsigmoid/H8_K2_Meuler_T0.5_Dmix_visual_aligning.models.visual_af_diffusion.VisualAlphaFlow_VTrue_mpc4_filmv1_Eaf/6,mix_visual_aligning_af/H8_Dmix_visual_aligning.models.visual_af_diffusion.VisualAlphaFlow_a1.5_b1.0_aw1_VTrue_steps1000_bs64_filmv1_Eaf_tslogit_normal_afschsigmoid,af,,,
7,H8_K2_Meuler_T0.5_Dmix_visual_aligning.models.visual_af_diffusion.VisualAlphaFlow_VTrue_mpc4_filmv1_Eaf,/data/home/llim/FMPCC/FM-PCC/logs/aligning-d3il-visual/plans/mix_visual_aligning_af/H8_Dmix_visual_aligning.models.visual_af_diffusion.VisualAlphaFlow_a1.5_b1.0_aw1_VTrue_steps1000_bs64_filmv1_Eaf_tslogit_normal_afschsigmoid/H8_K2_Meuler_T0.5_Dmix_visual_aligning.models.visual_af_diffusion.VisualAlphaFlow_VTrue_mpc4_filmv1_Eaf,6,train,combined_5-tightened,combined_5,True,diffuser,mix_visual_aligning.models.visual_af_diffusion.VisualAlphaFlow,8.0,0.5,4.0,True,cuda,logs/aligning-d3il-visual/plans/mix_visual_aligning_af/H8_Dmix_visual_aligning.models.visual_af_diffusion.VisualAlphaFlow_a1.5_b1.0_aw1_VTrue_steps1000_bs64_filmv1_Eaf_tslogit_normal_afschsigmoid/H8_K2_Meuler_T0.5_Dmix_visual_aligning.models.visual_af_diffusion.VisualAlphaFlow_VTrue_mpc4_filmv1_Eaf/6,mix_visual_aligning_af/H8_Dmix_visual_aligning.models.visual_af_diffusion.VisualAlphaFlow_a1.5_b1.0_aw1_VTrue_steps1000_bs64_filmv1_Eaf_tslogit_normal_afschsigmoid,af,,,
7,H8_K2_Meuler_T0.5_Dmix_visual_aligning.models.visual_af_diffusion.VisualAlphaFlow_VTrue_mpc4_filmv1_Eaf,/data/home/llim/FMPCC/FM-PCC/logs/aligning-d3il-visual/plans/mix_visual_aligning_af/H8_Dmix_visual_aligning.models.visual_af_diffusion.VisualAlphaFlow_a1.5_b1.0_aw1_VTrue_steps1000_bs64_filmv1_Eaf_tslogit_normal_afschsigmoid/H8_K2_Meuler_T0.5_Dmix_visual_aligning.models.visual_af_diffusion.VisualAlphaFlow_VTrue_mpc4_filmv1_Eaf,6,train,combined_5-tightened,combined_5,True,dpcc-c,mix_visual_aligning.models.visual_af_diffusion.VisualAlphaFlow,8.0,0.5,4.0,True,cuda,logs/aligning-d3il-visual/plans/mix_visual_aligning_af/H8_Dmix_visual_aligning.models.visual_af_diffusion.VisualAlphaFlow_a1.5_b1.0_aw1_VTrue_steps1000_bs64_filmv1_Eaf_tslogit_normal_afschsigmoid/H8_K2_Meuler_T0.5_Dmix_visual_aligning.models.visual_af_diffusion.VisualAlphaFlow_VTrue_mpc4_filmv1_Eaf/6,mix_visual_aligning_af/H8_Dmix_visual_aligning.models.visual_af_diffusion.VisualAlphaFlow_a1.5_b1.0_aw1_VTrue_steps1000_bs64_filmv1_Eaf_tslogit_normal_afschsigmoid,af,,,
7,H8_K2_Meuler_T0.5_Dmix_visual_aligning.models.visual_af_diffusion.VisualAlphaFlow_VTrue_mpc4_filmv1_Eaf,/data/home/llim/FMPCC/FM-PCC/logs/aligning-d3il-visual/plans/mix_visual_aligning_af/H8_Dmix_visual_aligning.models.visual_af_diffusion.VisualAlphaFlow_a1.5_b1.0_aw1_VTrue_steps1000_bs64_filmv1_Eaf_tslogit_normal_afschsigmoid/H8_K2_Meuler_T0.5_Dmix_visual_aligning.models.visual_af_diffusion.VisualAlphaFlow_VTrue_mpc4_filmv1_Eaf,6,train,combined_5-tightened,combined_5,True,dpcc-c-dt0p25,mix_visual_aligning.models.visual_af_diffusion.VisualAlphaFlow,8.0,0.5,4.0,True,cuda,logs/aligning-d3il-visual/plans/mix_visual_aligning_af/H8_Dmix_visual_aligning.models.visual_af_diffusion.VisualAlphaFlow_a1.5_b1.0_aw1_VTrue_steps1000_bs64_filmv1_Eaf_tslogit_normal_afschsigmoid/H8_K2_Meuler_T0.5_Dmix_visual_aligning.models.visual_af_diffusion.VisualAlphaFlow_VTrue_mpc4_filmv1_Eaf/6,mix_visual_aligning_af/H8_Dmix_visual_aligning.models.visual_af_diffusion.VisualAlphaFlow_a1.5_b1.0_aw1_VTrue_steps1000_bs64_filmv1_Eaf_tslogit_normal_afschsigmoid,af,,,
7,H8_K2_Meuler_T0.5_Dmix_visual_aligning.models.visual_af_diffusion.VisualAlphaFlow_VTrue_mpc4_filmv1_Eaf,/data/home/llim/FMPCC/FM-PCC/logs/aligning-d3il-visual/plans/mix_visual_aligning_af/H8_Dmix_visual_aligning.models.visual_af_diffusion.VisualAlphaFlow_a1.5_b1.0_aw1_VTrue_steps1000_bs64_filmv1_Eaf_tslogit_normal_afschsigmoid/H8_K2_Meuler_T0.5_Dmix_visual_aligning.models.visual_af_diffusion.VisualAlphaFlow_VTrue_mpc4_filmv1_Eaf,6,train,combined_5-tightened,combined_5,True,dpcc-c-dt0p5,mix_visual_aligning.models.visual_af_diffusion.VisualAlphaFlow,8.0,0.5,4.0,True,cuda,logs/aligning-d3il-visual/plans/mix_visual_aligning_af/H8_Dmix_visual_aligning.models.visual_af_diffusion.VisualAlphaFlow_a1.5_b1.0_aw1_VTrue_steps1000_bs64_filmv1_Eaf_tslogit_normal_afschsigmoid/H8_K2_Meuler_T0.5_Dmix_visual_aligning.models.visual_af_diffusion.VisualAlphaFlow_VTrue_mpc4_filmv1_Eaf/6,mix_visual_aligning_af/H8_Dmix_visual_aligning.models.visual_af_diffusion.VisualAlphaFlow_a1.5_b1.0_aw1_VTrue_steps1000_bs64_filmv1_Eaf_tslogit_normal_afschsigmoid,af,,,
7,H8_K2_Meuler_T0.5_Dmix_visual_aligning.models.visual_af_diffusion.VisualAlphaFlow_VTrue_mpc4_filmv1_Eaf,/data/home/llim/FMPCC/FM-PCC/logs/aligning-d3il-visual/plans/mix_visual_aligning_af/H8_Dmix_visual_aligning.models.visual_af_diffusion.VisualAlphaFlow_a1.5_b1.0_aw1_VTrue_steps1000_bs64_filmv1_Eaf_tslogit_normal_afschsigmoid/H8_K2_Meuler_T0.5_Dmix_visual_aligning.models.visual_af_diffusion.VisualAlphaFlow_VTrue_mpc4_filmv1_Eaf,6,train,combined_5-tightened,combined_5,True,dpcc-c-dt2p0,mix_visual_aligning.models.visual_af_diffusion.VisualAlphaFlow,8.0,0.5,4.0,True,cuda,logs/aligning-d3il-visual/plans/mix_visual_aligning_af/H8_Dmix_visual_aligning.models.visual_af_diffusion.VisualAlphaFlow_a1.5_b1.0_aw1_VTrue_steps1000_bs64_filmv1_Eaf_tslogit_normal_afschsigmoid/H8_K2_Meuler_T0.5_Dmix_visual_aligning.models.visual_af_diffusion.VisualAlphaFlow_VTrue_mpc4_filmv1_Eaf/6,mix_visual_aligning_af/H8_Dmix_visual_aligning.models.visual_af_diffusion.VisualAlphaFlow_a1.5_b1.0_aw1_VTrue_steps1000_bs64_filmv1_Eaf_tslogit_normal_afschsigmoid,af,,,
7,H8_K2_Meuler_T0.5_Dmix_visual_aligning.models.visual_af_diffusion.VisualAlphaFlow_VTrue_mpc4_filmv1_Eaf,/data/home/llim/FMPCC/FM-PCC/logs/aligning-d3il-visual/plans/mix_visual_aligning_af/H8_Dmix_visual_aligning.models.visual_af_diffusion.VisualAlphaFlow_a1.5_b1.0_aw1_VTrue_steps1000_bs64_filmv1_Eaf_tslogit_normal_afschsigmoid/H8_K2_Meuler_T0.5_Dmix_visual_aligning.models.visual_af_diffusion.VisualAlphaFlow_VTrue_mpc4_filmv1_Eaf,6,train,combined_5-tightened,combined_5,True,dpcc-c-dt4p0,mix_visual_aligning.models.visual_af_diffusion.VisualAlphaFlow,8.0,0.5,4.0,True,cuda,logs/aligning-d3il-visual/plans/mix_visual_aligning_af/H8_Dmix_visual_aligning.models.visual_af_diffusion.VisualAlphaFlow_a1.5_b1.0_aw1_VTrue_steps1000_bs64_filmv1_Eaf_tslogit_normal_afschsigmoid/H8_K2_Meuler_T0.5_Dmix_visual_aligning.models.visual_af_diffusion.VisualAlphaFlow_VTrue_mpc4_filmv1_Eaf/6,mix_visual_aligning_af/H8_Dmix_visual_aligning.models.visual_af_diffusion.VisualAlphaFlow_a1.5_b1.0_aw1_VTrue_steps1000_bs64_filmv1_Eaf_tslogit_normal_afschsigmoid,af,,,
7,H8_K2_Meuler_T0.5_Dmix_visual_aligning.models.visual_af_diffusion.VisualAlphaFlow_VTrue_mpc4_filmv1_Eaf,/data/home/llim/FMPCC/FM-PCC/logs/aligning-d3il-visual/plans/mix_visual_aligning_af/H8_Dmix_visual_aligning.models.visual_af_diffusion.VisualAlphaFlow_a1.5_b1.0_aw1_VTrue_steps1000_bs64_filmv1_Eaf_tslogit_normal_afschsigmoid/H8_K2_Meuler_T0.5_Dmix_visual_aligning.models.visual_af_diffusion.VisualAlphaFlow_VTrue_mpc4_filmv1_Eaf,6,train,combined_5-tightened,combined_5,True,dpcc-r,mix_visual_aligning.models.visual_af_diffusion.VisualAlphaFlow,8.0,0.5,4.0,True,cuda,logs/aligning-d3il-visual/plans/mix_visual_aligning_af/H8_Dmix_visual_aligning.models.visual_af_diffusion.VisualAlphaFlow_a1.5_b1.0_aw1_VTrue_steps1000_bs64_filmv1_Eaf_tslogit_normal_afschsigmoid/H8_K2_Meuler_T0.5_Dmix_visual_aligning.models.visual_af_diffusion.VisualAlphaFlow_VTrue_mpc4_filmv1_Eaf/6,mix_visual_aligning_af/H8_Dmix_visual_aligning.models.visual_af_diffusion.VisualAlphaFlow_a1.5_b1.0_aw1_VTrue_steps1000_bs64_filmv1_Eaf_tslogit_normal_afschsigmoid,af,,,
7,H8_K2_Meuler_T0.5_Dmix_visual_aligning.models.visual_af_diffusion.VisualAlphaFlow_VTrue_mpc4_filmv1_Eaf,/data/home/llim/FMPCC/FM-PCC/logs/aligning-d3il-visual/plans/mix_visual_aligning_af/H8_Dmix_visual_aligning.models.visual_af_diffusion.VisualAlphaFlow_a1.5_b1.0_aw1_VTrue_steps1000_bs64_filmv1_Eaf_tslogit_normal_afschsigmoid/H8_K2_Meuler_T0.5_Dmix_visual_aligning.models.visual_af_diffusion.VisualAlphaFlow_VTrue_mpc4_filmv1_Eaf,6,train,combined_5-tightened,combined_5,True,dpcc-t,mix_visual_aligning.models.visual_af_diffusion.VisualAlphaFlow,8.0,0.5,4.0,True,cuda,logs/aligning-d3il-visual/plans/mix_visual_aligning_af/H8_Dmix_visual_aligning.models.visual_af_diffusion.VisualAlphaFlow_a1.5_b1.0_aw1_VTrue_steps1000_bs64_filmv1_Eaf_tslogit_normal_afschsigmoid/H8_K2_Meuler_T0.5_Dmix_visual_aligning.models.visual_af_diffusion.VisualAlphaFlow_VTrue_mpc4_filmv1_Eaf/6,mix_visual_aligning_af/H8_Dmix_visual_aligning.models.visual_af_diffusion.VisualAlphaFlow_a1.5_b1.0_aw1_VTrue_steps1000_bs64_filmv1_Eaf_tslogit_normal_afschsigmoid,af,,,
7,H8_K2_Meuler_T0.5_Dmix_visual_aligning.models.visual_af_diffusion.VisualAlphaFlow_VTrue_mpc4_filmv1_Eaf,/data/home/llim/FMPCC/FM-PCC/logs/aligning-d3il-visual/plans/mix_visual_aligning_af/H8_Dmix_visual_aligning.models.visual_af_diffusion.VisualAlphaFlow_a1.5_b1.0_aw1_VTrue_steps1000_bs64_filmv1_Eaf_tslogit_normal_afschsigmoid/H8_K2_Meuler_T0.5_Dmix_visual_aligning.models.visual_af_diffusion.VisualAlphaFlow_VTrue_mpc4_filmv1_Eaf,6,train,combined_5-tightened,combined_5,True,geo_free,mix_visual_aligning.models.visual_af_diffusion.VisualAlphaFlow,8.0,0.5,4.0,True,cuda,logs/aligning-d3il-visual/plans/mix_visual_aligning_af/H8_Dmix_visual_aligning.models.visual_af_diffusion.VisualAlphaFlow_a1.5_b1.0_aw1_VTrue_steps1000_bs64_filmv1_Eaf_tslogit_normal_afschsigmoid/H8_K2_Meuler_T0.5_Dmix_visual_aligning.models.visual_af_diffusion.VisualAlphaFlow_VTrue_mpc4_filmv1_Eaf/6,mix_visual_aligning_af/H8_Dmix_visual_aligning.models.visual_af_diffusion.VisualAlphaFlow_a1.5_b1.0_aw1_VTrue_steps1000_bs64_filmv1_Eaf_tslogit_normal_afschsigmoid,af,,,
7,H8_K2_Meuler_T0.5_Dmix_visual_aligning.models.visual_af_diffusion.VisualAlphaFlow_VTrue_mpc4_filmv1_Eaf,/data/home/llim/FMPCC/FM-PCC/logs/aligning-d3il-visual/plans/mix_visual_aligning_af/H8_Dmix_visual_aligning.models.visual_af_diffusion.VisualAlphaFlow_a1.5_b1.0_aw1_VTrue_steps1000_bs64_filmv1_Eaf_tslogit_normal_afschsigmoid/H8_K2_Meuler_T0.5_Dmix_visual_aligning.models.visual_af_diffusion.VisualAlphaFlow_VTrue_mpc4_filmv1_Eaf,6,train,combined_5-tightened,combined_5,True,geo_free-bounds_free,mix_visual_aligning.models.visual_af_diffusion.VisualAlphaFlow,8.0,0.5,4.0,True,cuda,logs/aligning-d3il-visual/plans/mix_visual_aligning_af/H8_Dmix_visual_aligning.models.visual_af_diffusion.VisualAlphaFlow_a1.5_b1.0_aw1_VTrue_steps1000_bs64_filmv1_Eaf_tslogit_normal_afschsigmoid/H8_K2_Meuler_T0.5_Dmix_visual_aligning.models.visual_af_diffusion.VisualAlphaFlow_VTrue_mpc4_filmv1_Eaf/6,mix_visual_aligning_af/H8_Dmix_visual_aligning.models.visual_af_diffusion.VisualAlphaFlow_a1.5_b1.0_aw1_VTrue_steps1000_bs64_filmv1_Eaf_tslogit_normal_afschsigmoid,af,,,
7,H8_K2_Meuler_T0.5_Dmix_visual_aligning.models.visual_af_diffusion.VisualAlphaFlow_VTrue_mpc4_filmv1_Eaf,/data/home/llim/FMPCC/FM-PCC/logs/aligning-d3il-visual/plans/mix_visual_aligning_af/H8_Dmix_visual_aligning.models.visual_af_diffusion.VisualAlphaFlow_a1.5_b1.0_aw1_VTrue_steps1000_bs64_filmv1_Eaf_tslogit_normal_afschsigmoid/H8_K2_Meuler_T0.5_Dmix_visual_aligning.models.visual_af_diffusion.VisualAlphaFlow_VTrue_mpc4_filmv1_Eaf,6,train,combined_5-tightened,combined_5,True,geo_free-model_free,mix_visual_aligning.models.visual_af_diffusion.VisualAlphaFlow,8.0,0.5,4.0,True,cuda,logs/aligning-d3il-visual/plans/mix_visual_aligning_af/H8_Dmix_visual_aligning.models.visual_af_diffusion.VisualAlphaFlow_a1.5_b1.0_aw1_VTrue_steps1000_bs64_filmv1_Eaf_tslogit_normal_afschsigmoid/H8_K2_Meuler_T0.5_Dmix_visual_aligning.models.visual_af_diffusion.VisualAlphaFlow_VTrue_mpc4_filmv1_Eaf/6,mix_visual_aligning_af/H8_Dmix_visual_aligning.models.visual_af_diffusion.VisualAlphaFlow_a1.5_b1.0_aw1_VTrue_steps1000_bs64_filmv1_Eaf_tslogit_normal_afschsigmoid,af,,,
7,H8_K2_Meuler_T0.5_Dmix_visual_aligning.models.visual_af_diffusion.VisualAlphaFlow_VTrue_mpc4_filmv1_Eaf,/data/home/llim/FMPCC/FM-PCC/logs/aligning-d3il-visual/plans/mix_visual_aligning_af/H8_Dmix_visual_aligning.models.visual_af_diffusion.VisualAlphaFlow_a1.5_b1.0_aw1_VTrue_steps1000_bs64_filmv1_Eaf_tslogit_normal_afschsigmoid/H8_K2_Meuler_T0.5_Dmix_visual_aligning.models.visual_af_diffusion.VisualAlphaFlow_VTrue_mpc4_filmv1_Eaf,6,train,combined_5-tightened,combined_5,True,gradient,mix_visual_aligning.models.visual_af_diffusion.VisualAlphaFlow,8.0,0.5,4.0,True,cuda,logs/aligning-d3il-visual/plans/mix_visual_aligning_af/H8_Dmix_visual_aligning.models.visual_af_diffusion.VisualAlphaFlow_a1.5_b1.0_aw1_VTrue_steps1000_bs64_filmv1_Eaf_tslogit_normal_afschsigmoid/H8_K2_Meuler_T0.5_Dmix_visual_aligning.models.visual_af_diffusion.VisualAlphaFlow_VTrue_mpc4_filmv1_Eaf/6,mix_visual_aligning_af/H8_Dmix_visual_aligning.models.visual_af_diffusion.VisualAlphaFlow_a1.5_b1.0_aw1_VTrue_steps1000_bs64_filmv1_Eaf_tslogit_normal_afschsigmoid,af,,,
7,H8_K2_Meuler_T0.5_Dmix_visual_aligning.models.visual_af_diffusion.VisualAlphaFlow_VTrue_mpc4_filmv1_Eaf,/data/home/llim/FMPCC/FM-PCC/logs/aligning-d3il-visual/plans/mix_visual_aligning_af/H8_Dmix_visual_aligning.models.visual_af_diffusion.VisualAlphaFlow_a1.5_b1.0_aw1_VTrue_steps1000_bs64_filmv1_Eaf_tslogit_normal_afschsigmoid/H8_K2_Meuler_T0.5_Dmix_visual_aligning.models.visual_af_diffusion.VisualAlphaFlow_VTrue_mpc4_filmv1_Eaf,6,train,combined_5-tightened,combined_5,True,hardflow_new-c,mix_visual_aligning.models.visual_af_diffusion.VisualAlphaFlow,8.0,0.5,4.0,True,cuda,logs/aligning-d3il-visual/plans/mix_visual_aligning_af/H8_Dmix_visual_aligning.models.visual_af_diffusion.VisualAlphaFlow_a1.5_b1.0_aw1_VTrue_steps1000_bs64_filmv1_Eaf_tslogit_normal_afschsigmoid/H8_K2_Meuler_T0.5_Dmix_visual_aligning.models.visual_af_diffusion.VisualAlphaFlow_VTrue_mpc4_filmv1_Eaf/6,mix_visual_aligning_af/H8_Dmix_visual_aligning.models.visual_af_diffusion.VisualAlphaFlow_a1.5_b1.0_aw1_VTrue_steps1000_bs64_filmv1_Eaf_tslogit_normal_afschsigmoid,af,,,
7,H8_K2_Meuler_T0.5_Dmix_visual_aligning.models.visual_af_diffusion.VisualAlphaFlow_VTrue_mpc4_filmv1_Eaf,/data/home/llim/FMPCC/FM-PCC/logs/aligning-d3il-visual/plans/mix_visual_aligning_af/H8_Dmix_visual_aligning.models.visual_af_diffusion.VisualAlphaFlow_a1.5_b1.0_aw1_VTrue_steps1000_bs64_filmv1_Eaf_tslogit_normal_afschsigmoid/H8_K2_Meuler_T0.5_Dmix_visual_aligning.models.visual_af_diffusion.VisualAlphaFlow_VTrue_mpc4_filmv1_Eaf,6,train,combined_5-tightened,combined_5,True,hardflow_new-r,mix_visual_aligning.models.visual_af_diffusion.VisualAlphaFlow,8.0,0.5,4.0,True,cuda,logs/aligning-d3il-visual/plans/mix_visual_aligning_af/H8_Dmix_visual_aligning.models.visual_af_diffusion.VisualAlphaFlow_a1.5_b1.0_aw1_VTrue_steps1000_bs64_filmv1_Eaf_tslogit_normal_afschsigmoid/H8_K2_Meuler_T0.5_Dmix_visual_aligning.models.visual_af_diffusion.VisualAlphaFlow_VTrue_mpc4_filmv1_Eaf/6,mix_visual_aligning_af/H8_Dmix_visual_aligning.models.visual_af_diffusion.VisualAlphaFlow_a1.5_b1.0_aw1_VTrue_steps1000_bs64_filmv1_Eaf_tslogit_normal_afschsigmoid,af,,,
7,H8_K2_Meuler_T0.5_Dmix_visual_aligning.models.visual_af_diffusion.VisualAlphaFlow_VTrue_mpc4_filmv1_Eaf,/data/home/llim/FMPCC/FM-PCC/logs/aligning-d3il-visual/plans/mix_visual_aligning_af/H8_Dmix_visual_aligning.models.visual_af_diffusion.VisualAlphaFlow_a1.5_b1.0_aw1_VTrue_steps1000_bs64_filmv1_Eaf_tslogit_normal_afschsigmoid/H8_K2_Meuler_T0.5_Dmix_visual_aligning.models.visual_af_diffusion.VisualAlphaFlow_VTrue_mpc4_filmv1_Eaf,6,train,combined_5-tightened,combined_5,True,hardflow_new-t,mix_visual_aligning.models.visual_af_diffusion.VisualAlphaFlow,8.0,0.5,4.0,True,cuda,logs/aligning-d3il-visual/plans/mix_visual_aligning_af/H8_Dmix_visual_aligning.models.visual_af_diffusion.VisualAlphaFlow_a1.5_b1.0_aw1_VTrue_steps1000_bs64_filmv1_Eaf_tslogit_normal_afschsigmoid/H8_K2_Meuler_T0.5_Dmix_visual_aligning.models.visual_af_diffusion.VisualAlphaFlow_VTrue_mpc4_filmv1_Eaf/6,mix_visual_aligning_af/H8_Dmix_visual_aligning.models.visual_af_diffusion.VisualAlphaFlow_a1.5_b1.0_aw1_VTrue_steps1000_bs64_filmv1_Eaf_tslogit_normal_afschsigmoid,af,,,
7,H8_K2_Meuler_T0.5_Dmix_visual_aligning.models.visual_af_diffusion.VisualAlphaFlow_VTrue_mpc4_filmv1_Eaf,/data/home/llim/FMPCC/FM-PCC/logs/aligning-d3il-visual/plans/mix_visual_aligning_af/H8_Dmix_visual_aligning.models.visual_af_diffusion.VisualAlphaFlow_a1.5_b1.0_aw1_VTrue_steps1000_bs64_filmv1_Eaf_tslogit_normal_afschsigmoid/H8_K2_Meuler_T0.5_Dmix_visual_aligning.models.visual_af_diffusion.VisualAlphaFlow_VTrue_mpc4_filmv1_Eaf,6,train,combined_5-tightened,combined_5,True,model_free,mix_visual_aligning.models.visual_af_diffusion.VisualAlphaFlow,8.0,0.5,4.0,True,cuda,logs/aligning-d3il-visual/plans/mix_visual_aligning_af/H8_Dmix_visual_aligning.models.visual_af_diffusion.VisualAlphaFlow_a1.5_b1.0_aw1_VTrue_steps1000_bs64_filmv1_Eaf_tslogit_normal_afschsigmoid/H8_K2_Meuler_T0.5_Dmix_visual_aligning.models.visual_af_diffusion.VisualAlphaFlow_VTrue_mpc4_filmv1_Eaf/6,mix_visual_aligning_af/H8_Dmix_visual_aligning.models.visual_af_diffusion.VisualAlphaFlow_a1.5_b1.0_aw1_VTrue_steps1000_bs64_filmv1_Eaf_tslogit_normal_afschsigmoid,af,,,
7,H8_K2_Meuler_T0.5_Dmix_visual_aligning.models.visual_af_diffusion.VisualAlphaFlow_VTrue_mpc4_filmv1_Eaf,/data/home/llim/FMPCC/FM-PCC/logs/aligning-d3il-visual/plans/mix_visual_aligning_af/H8_Dmix_visual_aligning.models.visual_af_diffusion.VisualAlphaFlow_a1.5_b1.0_aw1_VTrue_steps1000_bs64_filmv1_Eaf_tslogit_normal_afschsigmoid/H8_K2_Meuler_T0.5_Dmix_visual_aligning.models.visual_af_diffusion.VisualAlphaFlow_VTrue_mpc4_filmv1_Eaf,6,train,combined_5-tightened,combined_5,True,model_free-bounds_free,mix_visual_aligning.models.visual_af_diffusion.VisualAlphaFlow,8.0,0.5,4.0,True,cuda,logs/aligning-d3il-visual/plans/mix_visual_aligning_af/H8_Dmix_visual_aligning.models.visual_af_diffusion.VisualAlphaFlow_a1.5_b1.0_aw1_VTrue_steps1000_bs64_filmv1_Eaf_tslogit_normal_afschsigmoid/H8_K2_Meuler_T0.5_Dmix_visual_aligning.models.visual_af_diffusion.VisualAlphaFlow_VTrue_mpc4_filmv1_Eaf/6,mix_visual_aligning_af/H8_Dmix_visual_aligning.models.visual_af_diffusion.VisualAlphaFlow_a1.5_b1.0_aw1_VTrue_steps1000_bs64_filmv1_Eaf_tslogit_normal_afschsigmoid,af,,,
7,H8_K2_Meuler_T0.5_Dmix_visual_aligning.models.visual_af_diffusion.VisualAlphaFlow_VTrue_mpc4_filmv1_Eaf,/data/home/llim/FMPCC/FM-PCC/logs/aligning-d3il-visual/plans/mix_visual_aligning_af/H8_Dmix_visual_aligning.models.visual_af_diffusion.VisualAlphaFlow_a1.5_b1.0_aw1_VTrue_steps1000_bs64_filmv1_Eaf_tslogit_normal_afschsigmoid/H8_K2_Meuler_T0.5_Dmix_visual_aligning.models.visual_af_diffusion.VisualAlphaFlow_VTrue_mpc4_filmv1_Eaf,6,train,combined_5-tightened,combined_5,True,post_processing,mix_visual_aligning.models.visual_af_diffusion.VisualAlphaFlow,8.0,0.5,4.0,True,cuda,logs/aligning-d3il-visual/plans/mix_visual_aligning_af/H8_Dmix_visual_aligning.models.visual_af_diffusion.VisualAlphaFlow_a1.5_b1.0_aw1_VTrue_steps1000_bs64_filmv1_Eaf_tslogit_normal_afschsigmoid/H8_K2_Meuler_T0.5_Dmix_visual_aligning.models.visual_af_diffusion.VisualAlphaFlow_VTrue_mpc4_filmv1_Eaf/6,mix_visual_aligning_af/H8_Dmix_visual_aligning.models.visual_af_diffusion.VisualAlphaFlow_a1.5_b1.0_aw1_VTrue_steps1000_bs64_filmv1_Eaf_tslogit_normal_afschsigmoid,af,,,
8,H8_K2_Meuler_T0.5_Dmix_visual_aligning.models.visual_af_diffusion.VisualAlphaFlow_VTrue_mpc4_filmv2_Eaf,/data/home/llim/FMPCC/FM-PCC/logs/aligning-d3il-visual/plans/mix_visual_aligning_af/H8_Dmix_visual_aligning.models.visual_af_diffusion.VisualAlphaFlow_a1.5_b1.0_aw1_VTrue_steps1000_bs64_filmv2_Eaf_tslogit_normal_afschsigmoid/H8_K2_Meuler_T0.5_Dmix_visual_aligning.models.visual_af_diffusion.VisualAlphaFlow_VTrue_mpc4_filmv2_Eaf,6,train,combined_5,combined_5,False,bounds_free,mix_visual_aligning.models.visual_af_diffusion.VisualAlphaFlow,8.0,0.5,4.0,True,cuda,logs/aligning-d3il-visual/plans/mix_visual_aligning_af/H8_Dmix_visual_aligning.models.visual_af_diffusion.VisualAlphaFlow_a1.5_b1.0_aw1_VTrue_steps1000_bs64_filmv2_Eaf_tslogit_normal_afschsigmoid/H8_K2_Meuler_T0.5_Dmix_visual_aligning.models.visual_af_diffusion.VisualAlphaFlow_VTrue_mpc4_filmv2_Eaf/6,mix_visual_aligning_af/H8_Dmix_visual_aligning.models.visual_af_diffusion.VisualAlphaFlow_a1.5_b1.0_aw1_VTrue_steps1000_bs64_filmv2_Eaf_tslogit_normal_afschsigmoid,af,,,
8,H8_K2_Meuler_T0.5_Dmix_visual_aligning.models.visual_af_diffusion.VisualAlphaFlow_VTrue_mpc4_filmv2_Eaf,/data/home/llim/FMPCC/FM-PCC/logs/aligning-d3il-visual/plans/mix_visual_aligning_af/H8_Dmix_visual_aligning.models.visual_af_diffusion.VisualAlphaFlow_a1.5_b1.0_aw1_VTrue_steps1000_bs64_filmv2_Eaf_tslogit_normal_afschsigmoid/H8_K2_Meuler_T0.5_Dmix_visual_aligning.models.visual_af_diffusion.VisualAlphaFlow_VTrue_mpc4_filmv2_Eaf,6,train,combined_5,combined_5,False,diffuser,mix_visual_aligning.models.visual_af_diffusion.VisualAlphaFlow,8.0,0.5,4.0,True,cuda,logs/aligning-d3il-visual/plans/mix_visual_aligning_af/H8_Dmix_visual_aligning.models.visual_af_diffusion.VisualAlphaFlow_a1.5_b1.0_aw1_VTrue_steps1000_bs64_filmv2_Eaf_tslogit_normal_afschsigmoid/H8_K2_Meuler_T0.5_Dmix_visual_aligning.models.visual_af_diffusion.VisualAlphaFlow_VTrue_mpc4_filmv2_Eaf/6,mix_visual_aligning_af/H8_Dmix_visual_aligning.models.visual_af_diffusion.VisualAlphaFlow_a1.5_b1.0_aw1_VTrue_steps1000_bs64_filmv2_Eaf_tslogit_normal_afschsigmoid,af,,,
8,H8_K2_Meuler_T0.5_Dmix_visual_aligning.models.visual_af_diffusion.VisualAlphaFlow_VTrue_mpc4_filmv2_Eaf,/data/home/llim/FMPCC/FM-PCC/logs/aligning-d3il-visual/plans/mix_visual_aligning_af/H8_Dmix_visual_aligning.models.visual_af_diffusion.VisualAlphaFlow_a1.5_b1.0_aw1_VTrue_steps1000_bs64_filmv2_Eaf_tslogit_normal_afschsigmoid/H8_K2_Meuler_T0.5_Dmix_visual_aligning.models.visual_af_diffusion.VisualAlphaFlow_VTrue_mpc4_filmv2_Eaf,6,train,combined_5,combined_5,False,dpcc-c,mix_visual_aligning.models.visual_af_diffusion.VisualAlphaFlow,8.0,0.5,4.0,True,cuda,logs/aligning-d3il-visual/plans/mix_visual_aligning_af/H8_Dmix_visual_aligning.models.visual_af_diffusion.VisualAlphaFlow_a1.5_b1.0_aw1_VTrue_steps1000_bs64_filmv2_Eaf_tslogit_normal_afschsigmoid/H8_K2_Meuler_T0.5_Dmix_visual_aligning.models.visual_af_diffusion.VisualAlphaFlow_VTrue_mpc4_filmv2_Eaf/6,mix_visual_aligning_af/H8_Dmix_visual_aligning.models.visual_af_diffusion.VisualAlphaFlow_a1.5_b1.0_aw1_VTrue_steps1000_bs64_filmv2_Eaf_tslogit_normal_afschsigmoid,af,,,
8,H8_K2_Meuler_T0.5_Dmix_visual_aligning.models.visual_af_diffusion.VisualAlphaFlow_VTrue_mpc4_filmv2_Eaf,/data/home/llim/FMPCC/FM-PCC/logs/aligning-d3il-visual/plans/mix_visual_aligning_af/H8_Dmix_visual_aligning.models.visual_af_diffusion.VisualAlphaFlow_a1.5_b1.0_aw1_VTrue_steps1000_bs64_filmv2_Eaf_tslogit_normal_afschsigmoid/H8_K2_Meuler_T0.5_Dmix_visual_aligning.models.visual_af_diffusion.VisualAlphaFlow_VTrue_mpc4_filmv2_Eaf,6,train,combined_5,combined_5,False,dpcc-c-dt0p25,mix_visual_aligning.models.visual_af_diffusion.VisualAlphaFlow,8.0,0.5,4.0,True,cuda,logs/aligning-d3il-visual/plans/mix_visual_aligning_af/H8_Dmix_visual_aligning.models.visual_af_diffusion.VisualAlphaFlow_a1.5_b1.0_aw1_VTrue_steps1000_bs64_filmv2_Eaf_tslogit_normal_afschsigmoid/H8_K2_Meuler_T0.5_Dmix_visual_aligning.models.visual_af_diffusion.VisualAlphaFlow_VTrue_mpc4_filmv2_Eaf/6,mix_visual_aligning_af/H8_Dmix_visual_aligning.models.visual_af_diffusion.VisualAlphaFlow_a1.5_b1.0_aw1_VTrue_steps1000_bs64_filmv2_Eaf_tslogit_normal_afschsigmoid,af,,,
8,H8_K2_Meuler_T0.5_Dmix_visual_aligning.models.visual_af_diffusion.VisualAlphaFlow_VTrue_mpc4_filmv2_Eaf,/data/home/llim/FMPCC/FM-PCC/logs/aligning-d3il-visual/plans/mix_visual_aligning_af/H8_Dmix_visual_aligning.models.visual_af_diffusion.VisualAlphaFlow_a1.5_b1.0_aw1_VTrue_steps1000_bs64_filmv2_Eaf_tslogit_normal_afschsigmoid/H8_K2_Meuler_T0.5_Dmix_visual_aligning.models.visual_af_diffusion.VisualAlphaFlow_VTrue_mpc4_filmv2_Eaf,6,train,combined_5,combined_5,False,dpcc-c-dt0p5,mix_visual_aligning.models.visual_af_diffusion.VisualAlphaFlow,8.0,0.5,4.0,True,cuda,logs/aligning-d3il-visual/plans/mix_visual_aligning_af/H8_Dmix_visual_aligning.models.visual_af_diffusion.VisualAlphaFlow_a1.5_b1.0_aw1_VTrue_steps1000_bs64_filmv2_Eaf_tslogit_normal_afschsigmoid/H8_K2_Meuler_T0.5_Dmix_visual_aligning.models.visual_af_diffusion.VisualAlphaFlow_VTrue_mpc4_filmv2_Eaf/6,mix_visual_aligning_af/H8_Dmix_visual_aligning.models.visual_af_diffusion.VisualAlphaFlow_a1.5_b1.0_aw1_VTrue_steps1000_bs64_filmv2_Eaf_tslogit_normal_afschsigmoid,af,,,
8,H8_K2_Meuler_T0.5_Dmix_visual_aligning.models.visual_af_diffusion.VisualAlphaFlow_VTrue_mpc4_filmv2_Eaf,/data/home/llim/FMPCC/FM-PCC/logs/aligning-d3il-visual/plans/mix_visual_aligning_af/H8_Dmix_visual_aligning.models.visual_af_diffusion.VisualAlphaFlow_a1.5_b1.0_aw1_VTrue_steps1000_bs64_filmv2_Eaf_tslogit_normal_afschsigmoid/H8_K2_Meuler_T0.5_Dmix_visual_aligning.models.visual_af_diffusion.VisualAlphaFlow_VTrue_mpc4_filmv2_Eaf,6,train,combined_5,combined_5,False,dpcc-c-dt2p0,mix_visual_aligning.models.visual_af_diffusion.VisualAlphaFlow,8.0,0.5,4.0,True,cuda,logs/aligning-d3il-visual/plans/mix_visual_aligning_af/H8_Dmix_visual_aligning.models.visual_af_diffusion.VisualAlphaFlow_a1.5_b1.0_aw1_VTrue_steps1000_bs64_filmv2_Eaf_tslogit_normal_afschsigmoid/H8_K2_Meuler_T0.5_Dmix_visual_aligning.models.visual_af_diffusion.VisualAlphaFlow_VTrue_mpc4_filmv2_Eaf/6,mix_visual_aligning_af/H8_Dmix_visual_aligning.models.visual_af_diffusion.VisualAlphaFlow_a1.5_b1.0_aw1_VTrue_steps1000_bs64_filmv2_Eaf_tslogit_normal_afschsigmoid,af,,,
8,H8_K2_Meuler_T0.5_Dmix_visual_aligning.models.visual_af_diffusion.VisualAlphaFlow_VTrue_mpc4_filmv2_Eaf,/data/home/llim/FMPCC/FM-PCC/logs/aligning-d3il-visual/plans/mix_visual_aligning_af/H8_Dmix_visual_aligning.models.visual_af_diffusion.VisualAlphaFlow_a1.5_b1.0_aw1_VTrue_steps1000_bs64_filmv2_Eaf_tslogit_normal_afschsigmoid/H8_K2_Meuler_T0.5_Dmix_visual_aligning.models.visual_af_diffusion.VisualAlphaFlow_VTrue_mpc4_filmv2_Eaf,6,train,combined_5,combined_5,False,dpcc-c-dt4p0,mix_visual_aligning.models.visual_af_diffusion.VisualAlphaFlow,8.0,0.5,4.0,True,cuda,logs/aligning-d3il-visual/plans/mix_visual_aligning_af/H8_Dmix_visual_aligning.models.visual_af_diffusion.VisualAlphaFlow_a1.5_b1.0_aw1_VTrue_steps1000_bs64_filmv2_Eaf_tslogit_normal_afschsigmoid/H8_K2_Meuler_T0.5_Dmix_visual_aligning.models.visual_af_diffusion.VisualAlphaFlow_VTrue_mpc4_filmv2_Eaf/6,mix_visual_aligning_af/H8_Dmix_visual_aligning.models.visual_af_diffusion.VisualAlphaFlow_a1.5_b1.0_aw1_VTrue_steps1000_bs64_filmv2_Eaf_tslogit_normal_afschsigmoid,af,,,
8,H8_K2_Meuler_T0.5_Dmix_visual_aligning.models.visual_af_diffusion.VisualAlphaFlow_VTrue_mpc4_filmv2_Eaf,/data/home/llim/FMPCC/FM-PCC/logs/aligning-d3il-visual/plans/mix_visual_aligning_af/H8_Dmix_visual_aligning.models.visual_af_diffusion.VisualAlphaFlow_a1.5_b1.0_aw1_VTrue_steps1000_bs64_filmv2_Eaf_tslogit_normal_afschsigmoid/H8_K2_Meuler_T0.5_Dmix_visual_aligning.models.visual_af_diffusion.VisualAlphaFlow_VTrue_mpc4_filmv2_Eaf,6,train,combined_5,combined_5,False,dpcc-r,mix_visual_aligning.models.visual_af_diffusion.VisualAlphaFlow,8.0,0.5,4.0,True,cuda,logs/aligning-d3il-visual/plans/mix_visual_aligning_af/H8_Dmix_visual_aligning.models.visual_af_diffusion.VisualAlphaFlow_a1.5_b1.0_aw1_VTrue_steps1000_bs64_filmv2_Eaf_tslogit_normal_afschsigmoid/H8_K2_Meuler_T0.5_Dmix_visual_aligning.models.visual_af_diffusion.VisualAlphaFlow_VTrue_mpc4_filmv2_Eaf/6,mix_visual_aligning_af/H8_Dmix_visual_aligning.models.visual_af_diffusion.VisualAlphaFlow_a1.5_b1.0_aw1_VTrue_steps1000_bs64_filmv2_Eaf_tslogit_normal_afschsigmoid,af,,,
8,H8_K2_Meuler_T0.5_Dmix_visual_aligning.models.visual_af_diffusion.VisualAlphaFlow_VTrue_mpc4_filmv2_Eaf,/data/home/llim/FMPCC/FM-PCC/logs/aligning-d3il-visual/plans/mix_visual_aligning_af/H8_Dmix_visual_aligning.models.visual_af_diffusion.VisualAlphaFlow_a1.5_b1.0_aw1_VTrue_steps1000_bs64_filmv2_Eaf_tslogit_normal_afschsigmoid/H8_K2_Meuler_T0.5_Dmix_visual_aligning.models.visual_af_diffusion.VisualAlphaFlow_VTrue_mpc4_filmv2_Eaf,6,train,combined_5,combined_5,False,dpcc-t,mix_visual_aligning.models.visual_af_diffusion.VisualAlphaFlow,8.0,0.5,4.0,True,cuda,logs/aligning-d3il-visual/plans/mix_visual_aligning_af/H8_Dmix_visual_aligning.models.visual_af_diffusion.VisualAlphaFlow_a1.5_b1.0_aw1_VTrue_steps1000_bs64_filmv2_Eaf_tslogit_normal_afschsigmoid/H8_K2_Meuler_T0.5_Dmix_visual_aligning.models.visual_af_diffusion.VisualAlphaFlow_VTrue_mpc4_filmv2_Eaf/6,mix_visual_aligning_af/H8_Dmix_visual_aligning.models.visual_af_diffusion.VisualAlphaFlow_a1.5_b1.0_aw1_VTrue_steps1000_bs64_filmv2_Eaf_tslogit_normal_afschsigmoid,af,,,
8,H8_K2_Meuler_T0.5_Dmix_visual_aligning.models.visual_af_diffusion.VisualAlphaFlow_VTrue_mpc4_filmv2_Eaf,/data/home/llim/FMPCC/FM-PCC/logs/aligning-d3il-visual/plans/mix_visual_aligning_af/H8_Dmix_visual_aligning.models.visual_af_diffusion.VisualAlphaFlow_a1.5_b1.0_aw1_VTrue_steps1000_bs64_filmv2_Eaf_tslogit_normal_afschsigmoid/H8_K2_Meuler_T0.5_Dmix_visual_aligning.models.visual_af_diffusion.VisualAlphaFlow_VTrue_mpc4_filmv2_Eaf,6,train,combined_5,combined_5,False,geo_free,mix_visual_aligning.models.visual_af_diffusion.VisualAlphaFlow,8.0,0.5,4.0,True,cuda,logs/aligning-d3il-visual/plans/mix_visual_aligning_af/H8_Dmix_visual_aligning.models.visual_af_diffusion.VisualAlphaFlow_a1.5_b1.0_aw1_VTrue_steps1000_bs64_filmv2_Eaf_tslogit_normal_afschsigmoid/H8_K2_Meuler_T0.5_Dmix_visual_aligning.models.visual_af_diffusion.VisualAlphaFlow_VTrue_mpc4_filmv2_Eaf/6,mix_visual_aligning_af/H8_Dmix_visual_aligning.models.visual_af_diffusion.VisualAlphaFlow_a1.5_b1.0_aw1_VTrue_steps1000_bs64_filmv2_Eaf_tslogit_normal_afschsigmoid,af,,,
8,H8_K2_Meuler_T0.5_Dmix_visual_aligning.models.visual_af_diffusion.VisualAlphaFlow_VTrue_mpc4_filmv2_Eaf,/data/home/llim/FMPCC/FM-PCC/logs/aligning-d3il-visual/plans/mix_visual_aligning_af/H8_Dmix_visual_aligning.models.visual_af_diffusion.VisualAlphaFlow_a1.5_b1.0_aw1_VTrue_steps1000_bs64_filmv2_Eaf_tslogit_normal_afschsigmoid/H8_K2_Meuler_T0.5_Dmix_visual_aligning.models.visual_af_diffusion.VisualAlphaFlow_VTrue_mpc4_filmv2_Eaf,6,train,combined_5,combined_5,False,geo_free-bounds_free,mix_visual_aligning.models.visual_af_diffusion.VisualAlphaFlow,8.0,0.5,4.0,True,cuda,logs/aligning-d3il-visual/plans/mix_visual_aligning_af/H8_Dmix_visual_aligning.models.visual_af_diffusion.VisualAlphaFlow_a1.5_b1.0_aw1_VTrue_steps1000_bs64_filmv2_Eaf_tslogit_normal_afschsigmoid/H8_K2_Meuler_T0.5_Dmix_visual_aligning.models.visual_af_diffusion.VisualAlphaFlow_VTrue_mpc4_filmv2_Eaf/6,mix_visual_aligning_af/H8_Dmix_visual_aligning.models.visual_af_diffusion.VisualAlphaFlow_a1.5_b1.0_aw1_VTrue_steps1000_bs64_filmv2_Eaf_tslogit_normal_afschsigmoid,af,,,
8,H8_K2_Meuler_T0.5_Dmix_visual_aligning.models.visual_af_diffusion.VisualAlphaFlow_VTrue_mpc4_filmv2_Eaf,/data/home/llim/FMPCC/FM-PCC/logs/aligning-d3il-visual/plans/mix_visual_aligning_af/H8_Dmix_visual_aligning.models.visual_af_diffusion.VisualAlphaFlow_a1.5_b1.0_aw1_VTrue_steps1000_bs64_filmv2_Eaf_tslogit_normal_afschsigmoid/H8_K2_Meuler_T0.5_Dmix_visual_aligning.models.visual_af_diffusion.VisualAlphaFlow_VTrue_mpc4_filmv2_Eaf,6,train,combined_5,combined_5,False,geo_free-model_free,mix_visual_aligning.models.visual_af_diffusion.VisualAlphaFlow,8.0,0.5,4.0,True,cuda,logs/aligning-d3il-visual/plans/mix_visual_aligning_af/H8_Dmix_visual_aligning.models.visual_af_diffusion.VisualAlphaFlow_a1.5_b1.0_aw1_VTrue_steps1000_bs64_filmv2_Eaf_tslogit_normal_afschsigmoid/H8_K2_Meuler_T0.5_Dmix_visual_aligning.models.visual_af_diffusion.VisualAlphaFlow_VTrue_mpc4_filmv2_Eaf/6,mix_visual_aligning_af/H8_Dmix_visual_aligning.models.visual_af_diffusion.VisualAlphaFlow_a1.5_b1.0_aw1_VTrue_steps1000_bs64_filmv2_Eaf_tslogit_normal_afschsigmoid,af,,,
8,H8_K2_Meuler_T0.5_Dmix_visual_aligning.models.visual_af_diffusion.VisualAlphaFlow_VTrue_mpc4_filmv2_Eaf,/data/home/llim/FMPCC/FM-PCC/logs/aligning-d3il-visual/plans/mix_visual_aligning_af/H8_Dmix_visual_aligning.models.visual_af_diffusion.VisualAlphaFlow_a1.5_b1.0_aw1_VTrue_steps1000_bs64_filmv2_Eaf_tslogit_normal_afschsigmoid/H8_K2_Meuler_T0.5_Dmix_visual_aligning.models.visual_af_diffusion.VisualAlphaFlow_VTrue_mpc4_filmv2_Eaf,6,train,combined_5,combined_5,False,gradient,mix_visual_aligning.models.visual_af_diffusion.VisualAlphaFlow,8.0,0.5,4.0,True,cuda,logs/aligning-d3il-visual/plans/mix_visual_aligning_af/H8_Dmix_visual_aligning.models.visual_af_diffusion.VisualAlphaFlow_a1.5_b1.0_aw1_VTrue_steps1000_bs64_filmv2_Eaf_tslogit_normal_afschsigmoid/H8_K2_Meuler_T0.5_Dmix_visual_aligning.models.visual_af_diffusion.VisualAlphaFlow_VTrue_mpc4_filmv2_Eaf/6,mix_visual_aligning_af/H8_Dmix_visual_aligning.models.visual_af_diffusion.VisualAlphaFlow_a1.5_b1.0_aw1_VTrue_steps1000_bs64_filmv2_Eaf_tslogit_normal_afschsigmoid,af,,,
8,H8_K2_Meuler_T0.5_Dmix_visual_aligning.models.visual_af_diffusion.VisualAlphaFlow_VTrue_mpc4_filmv2_Eaf,/data/home/llim/FMPCC/FM-PCC/logs/aligning-d3il-visual/plans/mix_visual_aligning_af/H8_Dmix_visual_aligning.models.visual_af_diffusion.VisualAlphaFlow_a1.5_b1.0_aw1_VTrue_steps1000_bs64_filmv2_Eaf_tslogit_normal_afschsigmoid/H8_K2_Meuler_T0.5_Dmix_visual_aligning.models.visual_af_diffusion.VisualAlphaFlow_VTrue_mpc4_filmv2_Eaf,6,train,combined_5,combined_5,False,model_free,mix_visual_aligning.models.visual_af_diffusion.VisualAlphaFlow,8.0,0.5,4.0,True,cuda,logs/aligning-d3il-visual/plans/mix_visual_aligning_af/H8_Dmix_visual_aligning.models.visual_af_diffusion.VisualAlphaFlow_a1.5_b1.0_aw1_VTrue_steps1000_bs64_filmv2_Eaf_tslogit_normal_afschsigmoid/H8_K2_Meuler_T0.5_Dmix_visual_aligning.models.visual_af_diffusion.VisualAlphaFlow_VTrue_mpc4_filmv2_Eaf/6,mix_visual_aligning_af/H8_Dmix_visual_aligning.models.visual_af_diffusion.VisualAlphaFlow_a1.5_b1.0_aw1_VTrue_steps1000_bs64_filmv2_Eaf_tslogit_normal_afschsigmoid,af,,,
8,H8_K2_Meuler_T0.5_Dmix_visual_aligning.models.visual_af_diffusion.VisualAlphaFlow_VTrue_mpc4_filmv2_Eaf,/data/home/llim/FMPCC/FM-PCC/logs/aligning-d3il-visual/plans/mix_visual_aligning_af/H8_Dmix_visual_aligning.models.visual_af_diffusion.VisualAlphaFlow_a1.5_b1.0_aw1_VTrue_steps1000_bs64_filmv2_Eaf_tslogit_normal_afschsigmoid/H8_K2_Meuler_T0.5_Dmix_visual_aligning.models.visual_af_diffusion.VisualAlphaFlow_VTrue_mpc4_filmv2_Eaf,6,train,combined_5,combined_5,False,model_free-bounds_free,mix_visual_aligning.models.visual_af_diffusion.VisualAlphaFlow,8.0,0.5,4.0,True,cuda,logs/aligning-d3il-visual/plans/mix_visual_aligning_af/H8_Dmix_visual_aligning.models.visual_af_diffusion.VisualAlphaFlow_a1.5_b1.0_aw1_VTrue_steps1000_bs64_filmv2_Eaf_tslogit_normal_afschsigmoid/H8_K2_Meuler_T0.5_Dmix_visual_aligning.models.visual_af_diffusion.VisualAlphaFlow_VTrue_mpc4_filmv2_Eaf/6,mix_visual_aligning_af/H8_Dmix_visual_aligning.models.visual_af_diffusion.VisualAlphaFlow_a1.5_b1.0_aw1_VTrue_steps1000_bs64_filmv2_Eaf_tslogit_normal_afschsigmoid,af,,,
8,H8_K2_Meuler_T0.5_Dmix_visual_aligning.models.visual_af_diffusion.VisualAlphaFlow_VTrue_mpc4_filmv2_Eaf,/data/home/llim/FMPCC/FM-PCC/logs/aligning-d3il-visual/plans/mix_visual_aligning_af/H8_Dmix_visual_aligning.models.visual_af_diffusion.VisualAlphaFlow_a1.5_b1.0_aw1_VTrue_steps1000_bs64_filmv2_Eaf_tslogit_normal_afschsigmoid/H8_K2_Meuler_T0.5_Dmix_visual_aligning.models.visual_af_diffusion.VisualAlphaFlow_VTrue_mpc4_filmv2_Eaf,6,train,combined_5,combined_5,False,post_processing,mix_visual_aligning.models.visual_af_diffusion.VisualAlphaFlow,8.0,0.5,4.0,True,cuda,logs/aligning-d3il-visual/plans/mix_visual_aligning_af/H8_Dmix_visual_aligning.models.visual_af_diffusion.VisualAlphaFlow_a1.5_b1.0_aw1_VTrue_steps1000_bs64_filmv2_Eaf_tslogit_normal_afschsigmoid/H8_K2_Meuler_T0.5_Dmix_visual_aligning.models.visual_af_diffusion.VisualAlphaFlow_VTrue_mpc4_filmv2_Eaf/6,mix_visual_aligning_af/H8_Dmix_visual_aligning.models.visual_af_diffusion.VisualAlphaFlow_a1.5_b1.0_aw1_VTrue_steps1000_bs64_filmv2_Eaf_tslogit_normal_afschsigmoid,af,,,
8,H8_K2_Meuler_T0.5_Dmix_visual_aligning.models.visual_af_diffusion.VisualAlphaFlow_VTrue_mpc4_filmv2_Eaf,/data/home/llim/FMPCC/FM-PCC/logs/aligning-d3il-visual/plans/mix_visual_aligning_af/H8_Dmix_visual_aligning.models.visual_af_diffusion.VisualAlphaFlow_a1.5_b1.0_aw1_VTrue_steps1000_bs64_filmv2_Eaf_tslogit_normal_afschsigmoid/H8_K2_Meuler_T0.5_Dmix_visual_aligning.models.visual_af_diffusion.VisualAlphaFlow_VTrue_mpc4_filmv2_Eaf,6,train,combined_5-tightened,combined_5,True,bounds_free,mix_visual_aligning.models.visual_af_diffusion.VisualAlphaFlow,8.0,0.5,4.0,True,cuda,logs/aligning-d3il-visual/plans/mix_visual_aligning_af/H8_Dmix_visual_aligning.models.visual_af_diffusion.VisualAlphaFlow_a1.5_b1.0_aw1_VTrue_steps1000_bs64_filmv2_Eaf_tslogit_normal_afschsigmoid/H8_K2_Meuler_T0.5_Dmix_visual_aligning.models.visual_af_diffusion.VisualAlphaFlow_VTrue_mpc4_filmv2_Eaf/6,mix_visual_aligning_af/H8_Dmix_visual_aligning.models.visual_af_diffusion.VisualAlphaFlow_a1.5_b1.0_aw1_VTrue_steps1000_bs64_filmv2_Eaf_tslogit_normal_afschsigmoid,af,,,
8,H8_K2_Meuler_T0.5_Dmix_visual_aligning.models.visual_af_diffusion.VisualAlphaFlow_VTrue_mpc4_filmv2_Eaf,/data/home/llim/FMPCC/FM-PCC/logs/aligning-d3il-visual/plans/mix_visual_aligning_af/H8_Dmix_visual_aligning.models.visual_af_diffusion.VisualAlphaFlow_a1.5_b1.0_aw1_VTrue_steps1000_bs64_filmv2_Eaf_tslogit_normal_afschsigmoid/H8_K2_Meuler_T0.5_Dmix_visual_aligning.models.visual_af_diffusion.VisualAlphaFlow_VTrue_mpc4_filmv2_Eaf,6,train,combined_5-tightened,combined_5,True,diffuser,mix_visual_aligning.models.visual_af_diffusion.VisualAlphaFlow,8.0,0.5,4.0,True,cuda,logs/aligning-d3il-visual/plans/mix_visual_aligning_af/H8_Dmix_visual_aligning.models.visual_af_diffusion.VisualAlphaFlow_a1.5_b1.0_aw1_VTrue_steps1000_bs64_filmv2_Eaf_tslogit_normal_afschsigmoid/H8_K2_Meuler_T0.5_Dmix_visual_aligning.models.visual_af_diffusion.VisualAlphaFlow_VTrue_mpc4_filmv2_Eaf/6,mix_visual_aligning_af/H8_Dmix_visual_aligning.models.visual_af_diffusion.VisualAlphaFlow_a1.5_b1.0_aw1_VTrue_steps1000_bs64_filmv2_Eaf_tslogit_normal_afschsigmoid,af,,,
8,H8_K2_Meuler_T0.5_Dmix_visual_aligning.models.visual_af_diffusion.VisualAlphaFlow_VTrue_mpc4_filmv2_Eaf,/data/home/llim/FMPCC/FM-PCC/logs/aligning-d3il-visual/plans/mix_visual_aligning_af/H8_Dmix_visual_aligning.models.visual_af_diffusion.VisualAlphaFlow_a1.5_b1.0_aw1_VTrue_steps1000_bs64_filmv2_Eaf_tslogit_normal_afschsigmoid/H8_K2_Meuler_T0.5_Dmix_visual_aligning.models.visual_af_diffusion.VisualAlphaFlow_VTrue_mpc4_filmv2_Eaf,6,train,combined_5-tightened,combined_5,True,dpcc-c,mix_visual_aligning.models.visual_af_diffusion.VisualAlphaFlow,8.0,0.5,4.0,True,cuda,logs/aligning-d3il-visual/plans/mix_visual_aligning_af/H8_Dmix_visual_aligning.models.visual_af_diffusion.VisualAlphaFlow_a1.5_b1.0_aw1_VTrue_steps1000_bs64_filmv2_Eaf_tslogit_normal_afschsigmoid/H8_K2_Meuler_T0.5_Dmix_visual_aligning.models.visual_af_diffusion.VisualAlphaFlow_VTrue_mpc4_filmv2_Eaf/6,mix_visual_aligning_af/H8_Dmix_visual_aligning.models.visual_af_diffusion.VisualAlphaFlow_a1.5_b1.0_aw1_VTrue_steps1000_bs64_filmv2_Eaf_tslogit_normal_afschsigmoid,af,,,
8,H8_K2_Meuler_T0.5_Dmix_visual_aligning.models.visual_af_diffusion.VisualAlphaFlow_VTrue_mpc4_filmv2_Eaf,/data/home/llim/FMPCC/FM-PCC/logs/aligning-d3il-visual/plans/mix_visual_aligning_af/H8_Dmix_visual_aligning.models.visual_af_diffusion.VisualAlphaFlow_a1.5_b1.0_aw1_VTrue_steps1000_bs64_filmv2_Eaf_tslogit_normal_afschsigmoid/H8_K2_Meuler_T0.5_Dmix_visual_aligning.models.visual_af_diffusion.VisualAlphaFlow_VTrue_mpc4_filmv2_Eaf,6,train,combined_5-tightened,combined_5,True,dpcc-c-dt0p25,mix_visual_aligning.models.visual_af_diffusion.VisualAlphaFlow,8.0,0.5,4.0,True,cuda,logs/aligning-d3il-visual/plans/mix_visual_aligning_af/H8_Dmix_visual_aligning.models.visual_af_diffusion.VisualAlphaFlow_a1.5_b1.0_aw1_VTrue_steps1000_bs64_filmv2_Eaf_tslogit_normal_afschsigmoid/H8_K2_Meuler_T0.5_Dmix_visual_aligning.models.visual_af_diffusion.VisualAlphaFlow_VTrue_mpc4_filmv2_Eaf/6,mix_visual_aligning_af/H8_Dmix_visual_aligning.models.visual_af_diffusion.VisualAlphaFlow_a1.5_b1.0_aw1_VTrue_steps1000_bs64_filmv2_Eaf_tslogit_normal_afschsigmoid,af,,,
8,H8_K2_Meuler_T0.5_Dmix_visual_aligning.models.visual_af_diffusion.VisualAlphaFlow_VTrue_mpc4_filmv2_Eaf,/data/home/llim/FMPCC/FM-PCC/logs/aligning-d3il-visual/plans/mix_visual_aligning_af/H8_Dmix_visual_aligning.models.visual_af_diffusion.VisualAlphaFlow_a1.5_b1.0_aw1_VTrue_steps1000_bs64_filmv2_Eaf_tslogit_normal_afschsigmoid/H8_K2_Meuler_T0.5_Dmix_visual_aligning.models.visual_af_diffusion.VisualAlphaFlow_VTrue_mpc4_filmv2_Eaf,6,train,combined_5-tightened,combined_5,True,dpcc-c-dt0p5,mix_visual_aligning.models.visual_af_diffusion.VisualAlphaFlow,8.0,0.5,4.0,True,cuda,logs/aligning-d3il-visual/plans/mix_visual_aligning_af/H8_Dmix_visual_aligning.models.visual_af_diffusion.VisualAlphaFlow_a1.5_b1.0_aw1_VTrue_steps1000_bs64_filmv2_Eaf_tslogit_normal_afschsigmoid/H8_K2_Meuler_T0.5_Dmix_visual_aligning.models.visual_af_diffusion.VisualAlphaFlow_VTrue_mpc4_filmv2_Eaf/6,mix_visual_aligning_af/H8_Dmix_visual_aligning.models.visual_af_diffusion.VisualAlphaFlow_a1.5_b1.0_aw1_VTrue_steps1000_bs64_filmv2_Eaf_tslogit_normal_afschsigmoid,af,,,
8,H8_K2_Meuler_T0.5_Dmix_visual_aligning.models.visual_af_diffusion.VisualAlphaFlow_VTrue_mpc4_filmv2_Eaf,/data/home/llim/FMPCC/FM-PCC/logs/aligning-d3il-visual/plans/mix_visual_aligning_af/H8_Dmix_visual_aligning.models.visual_af_diffusion.VisualAlphaFlow_a1.5_b1.0_aw1_VTrue_steps1000_bs64_filmv2_Eaf_tslogit_normal_afschsigmoid/H8_K2_Meuler_T0.5_Dmix_visual_aligning.models.visual_af_diffusion.VisualAlphaFlow_VTrue_mpc4_filmv2_Eaf,6,train,combined_5-tightened,combined_5,True,dpcc-c-dt2p0,mix_visual_aligning.models.visual_af_diffusion.VisualAlphaFlow,8.0,0.5,4.0,True,cuda,logs/aligning-d3il-visual/plans/mix_visual_aligning_af/H8_Dmix_visual_aligning.models.visual_af_diffusion.VisualAlphaFlow_a1.5_b1.0_aw1_VTrue_steps1000_bs64_filmv2_Eaf_tslogit_normal_afschsigmoid/H8_K2_Meuler_T0.5_Dmix_visual_aligning.models.visual_af_diffusion.VisualAlphaFlow_VTrue_mpc4_filmv2_Eaf/6,mix_visual_aligning_af/H8_Dmix_visual_aligning.models.visual_af_diffusion.VisualAlphaFlow_a1.5_b1.0_aw1_VTrue_steps1000_bs64_filmv2_Eaf_tslogit_normal_afschsigmoid,af,,,
8,H8_K2_Meuler_T0.5_Dmix_visual_aligning.models.visual_af_diffusion.VisualAlphaFlow_VTrue_mpc4_filmv2_Eaf,/data/home/llim/FMPCC/FM-PCC/logs/aligning-d3il-visual/plans/mix_visual_aligning_af/H8_Dmix_visual_aligning.models.visual_af_diffusion.VisualAlphaFlow_a1.5_b1.0_aw1_VTrue_steps1000_bs64_filmv2_Eaf_tslogit_normal_afschsigmoid/H8_K2_Meuler_T0.5_Dmix_visual_aligning.models.visual_af_diffusion.VisualAlphaFlow_VTrue_mpc4_filmv2_Eaf,6,train,combined_5-tightened,combined_5,True,dpcc-c-dt4p0,mix_visual_aligning.models.visual_af_diffusion.VisualAlphaFlow,8.0,0.5,4.0,True,cuda,logs/aligning-d3il-visual/plans/mix_visual_aligning_af/H8_Dmix_visual_aligning.models.visual_af_diffusion.VisualAlphaFlow_a1.5_b1.0_aw1_VTrue_steps1000_bs64_filmv2_Eaf_tslogit_normal_afschsigmoid/H8_K2_Meuler_T0.5_Dmix_visual_aligning.models.visual_af_diffusion.VisualAlphaFlow_VTrue_mpc4_filmv2_Eaf/6,mix_visual_aligning_af/H8_Dmix_visual_aligning.models.visual_af_diffusion.VisualAlphaFlow_a1.5_b1.0_aw1_VTrue_steps1000_bs64_filmv2_Eaf_tslogit_normal_afschsigmoid,af,,,
8,H8_K2_Meuler_T0.5_Dmix_visual_aligning.models.visual_af_diffusion.VisualAlphaFlow_VTrue_mpc4_filmv2_Eaf,/data/home/llim/FMPCC/FM-PCC/logs/aligning-d3il-visual/plans/mix_visual_aligning_af/H8_Dmix_visual_aligning.models.visual_af_diffusion.VisualAlphaFlow_a1.5_b1.0_aw1_VTrue_steps1000_bs64_filmv2_Eaf_tslogit_normal_afschsigmoid/H8_K2_Meuler_T0.5_Dmix_visual_aligning.models.visual_af_diffusion.VisualAlphaFlow_VTrue_mpc4_filmv2_Eaf,6,train,combined_5-tightened,combined_5,True,dpcc-r,mix_visual_aligning.models.visual_af_diffusion.VisualAlphaFlow,8.0,0.5,4.0,True,cuda,logs/aligning-d3il-visual/plans/mix_visual_aligning_af/H8_Dmix_visual_aligning.models.visual_af_diffusion.VisualAlphaFlow_a1.5_b1.0_aw1_VTrue_steps1000_bs64_filmv2_Eaf_tslogit_normal_afschsigmoid/H8_K2_Meuler_T0.5_Dmix_visual_aligning.models.visual_af_diffusion.VisualAlphaFlow_VTrue_mpc4_filmv2_Eaf/6,mix_visual_aligning_af/H8_Dmix_visual_aligning.models.visual_af_diffusion.VisualAlphaFlow_a1.5_b1.0_aw1_VTrue_steps1000_bs64_filmv2_Eaf_tslogit_normal_afschsigmoid,af,,,
8,H8_K2_Meuler_T0.5_Dmix_visual_aligning.models.visual_af_diffusion.VisualAlphaFlow_VTrue_mpc4_filmv2_Eaf,/data/home/llim/FMPCC/FM-PCC/logs/aligning-d3il-visual/plans/mix_visual_aligning_af/H8_Dmix_visual_aligning.models.visual_af_diffusion.VisualAlphaFlow_a1.5_b1.0_aw1_VTrue_steps1000_bs64_filmv2_Eaf_tslogit_normal_afschsigmoid/H8_K2_Meuler_T0.5_Dmix_visual_aligning.models.visual_af_diffusion.VisualAlphaFlow_VTrue_mpc4_filmv2_Eaf,6,train,combined_5-tightened,combined_5,True,dpcc-t,mix_visual_aligning.models.visual_af_diffusion.VisualAlphaFlow,8.0,0.5,4.0,True,cuda,logs/aligning-d3il-visual/plans/mix_visual_aligning_af/H8_Dmix_visual_aligning.models.visual_af_diffusion.VisualAlphaFlow_a1.5_b1.0_aw1_VTrue_steps1000_bs64_filmv2_Eaf_tslogit_normal_afschsigmoid/H8_K2_Meuler_T0.5_Dmix_visual_aligning.models.visual_af_diffusion.VisualAlphaFlow_VTrue_mpc4_filmv2_Eaf/6,mix_visual_aligning_af/H8_Dmix_visual_aligning.models.visual_af_diffusion.VisualAlphaFlow_a1.5_b1.0_aw1_VTrue_steps1000_bs64_filmv2_Eaf_tslogit_normal_afschsigmoid,af,,,
8,H8_K2_Meuler_T0.5_Dmix_visual_aligning.models.visual_af_diffusion.VisualAlphaFlow_VTrue_mpc4_filmv2_Eaf,/data/home/llim/FMPCC/FM-PCC/logs/aligning-d3il-visual/plans/mix_visual_aligning_af/H8_Dmix_visual_aligning.models.visual_af_diffusion.VisualAlphaFlow_a1.5_b1.0_aw1_VTrue_steps1000_bs64_filmv2_Eaf_tslogit_normal_afschsigmoid/H8_K2_Meuler_T0.5_Dmix_visual_aligning.models.visual_af_diffusion.VisualAlphaFlow_VTrue_mpc4_filmv2_Eaf,6,train,combined_5-tightened,combined_5,True,geo_free,mix_visual_aligning.models.visual_af_diffusion.VisualAlphaFlow,8.0,0.5,4.0,True,cuda,logs/aligning-d3il-visual/plans/mix_visual_aligning_af/H8_Dmix_visual_aligning.models.visual_af_diffusion.VisualAlphaFlow_a1.5_b1.0_aw1_VTrue_steps1000_bs64_filmv2_Eaf_tslogit_normal_afschsigmoid/H8_K2_Meuler_T0.5_Dmix_visual_aligning.models.visual_af_diffusion.VisualAlphaFlow_VTrue_mpc4_filmv2_Eaf/6,mix_visual_aligning_af/H8_Dmix_visual_aligning.models.visual_af_diffusion.VisualAlphaFlow_a1.5_b1.0_aw1_VTrue_steps1000_bs64_filmv2_Eaf_tslogit_normal_afschsigmoid,af,,,
8,H8_K2_Meuler_T0.5_Dmix_visual_aligning.models.visual_af_diffusion.VisualAlphaFlow_VTrue_mpc4_filmv2_Eaf,/data/home/llim/FMPCC/FM-PCC/logs/aligning-d3il-visual/plans/mix_visual_aligning_af/H8_Dmix_visual_aligning.models.visual_af_diffusion.VisualAlphaFlow_a1.5_b1.0_aw1_VTrue_steps1000_bs64_filmv2_Eaf_tslogit_normal_afschsigmoid/H8_K2_Meuler_T0.5_Dmix_visual_aligning.models.visual_af_diffusion.VisualAlphaFlow_VTrue_mpc4_filmv2_Eaf,6,train,combined_5-tightened,combined_5,True,geo_free-bounds_free,mix_visual_aligning.models.visual_af_diffusion.VisualAlphaFlow,8.0,0.5,4.0,True,cuda,logs/aligning-d3il-visual/plans/mix_visual_aligning_af/H8_Dmix_visual_aligning.models.visual_af_diffusion.VisualAlphaFlow_a1.5_b1.0_aw1_VTrue_steps1000_bs64_filmv2_Eaf_tslogit_normal_afschsigmoid/H8_K2_Meuler_T0.5_Dmix_visual_aligning.models.visual_af_diffusion.VisualAlphaFlow_VTrue_mpc4_filmv2_Eaf/6,mix_visual_aligning_af/H8_Dmix_visual_aligning.models.visual_af_diffusion.VisualAlphaFlow_a1.5_b1.0_aw1_VTrue_steps1000_bs64_filmv2_Eaf_tslogit_normal_afschsigmoid,af,,,
8,H8_K2_Meuler_T0.5_Dmix_visual_aligning.models.visual_af_diffusion.VisualAlphaFlow_VTrue_mpc4_filmv2_Eaf,/data/home/llim/FMPCC/FM-PCC/logs/aligning-d3il-visual/plans/mix_visual_aligning_af/H8_Dmix_visual_aligning.models.visual_af_diffusion.VisualAlphaFlow_a1.5_b1.0_aw1_VTrue_steps1000_bs64_filmv2_Eaf_tslogit_normal_afschsigmoid/H8_K2_Meuler_T0.5_Dmix_visual_aligning.models.visual_af_diffusion.VisualAlphaFlow_VTrue_mpc4_filmv2_Eaf,6,train,combined_5-tightened,combined_5,True,geo_free-model_free,mix_visual_aligning.models.visual_af_diffusion.VisualAlphaFlow,8.0,0.5,4.0,True,cuda,logs/aligning-d3il-visual/plans/mix_visual_aligning_af/H8_Dmix_visual_aligning.models.visual_af_diffusion.VisualAlphaFlow_a1.5_b1.0_aw1_VTrue_steps1000_bs64_filmv2_Eaf_tslogit_normal_afschsigmoid/H8_K2_Meuler_T0.5_Dmix_visual_aligning.models.visual_af_diffusion.VisualAlphaFlow_VTrue_mpc4_filmv2_Eaf/6,mix_visual_aligning_af/H8_Dmix_visual_aligning.models.visual_af_diffusion.VisualAlphaFlow_a1.5_b1.0_aw1_VTrue_steps1000_bs64_filmv2_Eaf_tslogit_normal_afschsigmoid,af,,,
8,H8_K2_Meuler_T0.5_Dmix_visual_aligning.models.visual_af_diffusion.VisualAlphaFlow_VTrue_mpc4_filmv2_Eaf,/data/home/llim/FMPCC/FM-PCC/logs/aligning-d3il-visual/plans/mix_visual_aligning_af/H8_Dmix_visual_aligning.models.visual_af_diffusion.VisualAlphaFlow_a1.5_b1.0_aw1_VTrue_steps1000_bs64_filmv2_Eaf_tslogit_normal_afschsigmoid/H8_K2_Meuler_T0.5_Dmix_visual_aligning.models.visual_af_diffusion.VisualAlphaFlow_VTrue_mpc4_filmv2_Eaf,6,train,combined_5-tightened,combined_5,True,gradient,mix_visual_aligning.models.visual_af_diffusion.VisualAlphaFlow,8.0,0.5,4.0,True,cuda,logs/aligning-d3il-visual/plans/mix_visual_aligning_af/H8_Dmix_visual_aligning.models.visual_af_diffusion.VisualAlphaFlow_a1.5_b1.0_aw1_VTrue_steps1000_bs64_filmv2_Eaf_tslogit_normal_afschsigmoid/H8_K2_Meuler_T0.5_Dmix_visual_aligning.models.visual_af_diffusion.VisualAlphaFlow_VTrue_mpc4_filmv2_Eaf/6,mix_visual_aligning_af/H8_Dmix_visual_aligning.models.visual_af_diffusion.VisualAlphaFlow_a1.5_b1.0_aw1_VTrue_steps1000_bs64_filmv2_Eaf_tslogit_normal_afschsigmoid,af,,,
8,H8_K2_Meuler_T0.5_Dmix_visual_aligning.models.visual_af_diffusion.VisualAlphaFlow_VTrue_mpc4_filmv2_Eaf,/data/home/llim/FMPCC/FM-PCC/logs/aligning-d3il-visual/plans/mix_visual_aligning_af/H8_Dmix_visual_aligning.models.visual_af_diffusion.VisualAlphaFlow_a1.5_b1.0_aw1_VTrue_steps1000_bs64_filmv2_Eaf_tslogit_normal_afschsigmoid/H8_K2_Meuler_T0.5_Dmix_visual_aligning.models.visual_af_diffusion.VisualAlphaFlow_VTrue_mpc4_filmv2_Eaf,6,train,combined_5-tightened,combined_5,True,model_free,mix_visual_aligning.models.visual_af_diffusion.VisualAlphaFlow,8.0,0.5,4.0,True,cuda,logs/aligning-d3il-visual/plans/mix_visual_aligning_af/H8_Dmix_visual_aligning.models.visual_af_diffusion.VisualAlphaFlow_a1.5_b1.0_aw1_VTrue_steps1000_bs64_filmv2_Eaf_tslogit_normal_afschsigmoid/H8_K2_Meuler_T0.5_Dmix_visual_aligning.models.visual_af_diffusion.VisualAlphaFlow_VTrue_mpc4_filmv2_Eaf/6,mix_visual_aligning_af/H8_Dmix_visual_aligning.models.visual_af_diffusion.VisualAlphaFlow_a1.5_b1.0_aw1_VTrue_steps1000_bs64_filmv2_Eaf_tslogit_normal_afschsigmoid,af,,,
8,H8_K2_Meuler_T0.5_Dmix_visual_aligning.models.visual_af_diffusion.VisualAlphaFlow_VTrue_mpc4_filmv2_Eaf,/data/home/llim/FMPCC/FM-PCC/logs/aligning-d3il-visual/plans/mix_visual_aligning_af/H8_Dmix_visual_aligning.models.visual_af_diffusion.VisualAlphaFlow_a1.5_b1.0_aw1_VTrue_steps1000_bs64_filmv2_Eaf_tslogit_normal_afschsigmoid/H8_K2_Meuler_T0.5_Dmix_visual_aligning.models.visual_af_diffusion.VisualAlphaFlow_VTrue_mpc4_filmv2_Eaf,6,train,combined_5-tightened,combined_5,True,model_free-bounds_free,mix_visual_aligning.models.visual_af_diffusion.VisualAlphaFlow,8.0,0.5,4.0,True,cuda,logs/aligning-d3il-visual/plans/mix_visual_aligning_af/H8_Dmix_visual_aligning.models.visual_af_diffusion.VisualAlphaFlow_a1.5_b1.0_aw1_VTrue_steps1000_bs64_filmv2_Eaf_tslogit_normal_afschsigmoid/H8_K2_Meuler_T0.5_Dmix_visual_aligning.models.visual_af_diffusion.VisualAlphaFlow_VTrue_mpc4_filmv2_Eaf/6,mix_visual_aligning_af/H8_Dmix_visual_aligning.models.visual_af_diffusion.VisualAlphaFlow_a1.5_b1.0_aw1_VTrue_steps1000_bs64_filmv2_Eaf_tslogit_normal_afschsigmoid,af,,,
8,H8_K2_Meuler_T0.5_Dmix_visual_aligning.models.visual_af_diffusion.VisualAlphaFlow_VTrue_mpc4_filmv2_Eaf,/data/home/llim/FMPCC/FM-PCC/logs/aligning-d3il-visual/plans/mix_visual_aligning_af/H8_Dmix_visual_aligning.models.visual_af_diffusion.VisualAlphaFlow_a1.5_b1.0_aw1_VTrue_steps1000_bs64_filmv2_Eaf_tslogit_normal_afschsigmoid/H8_K2_Meuler_T0.5_Dmix_visual_aligning.models.visual_af_diffusion.VisualAlphaFlow_VTrue_mpc4_filmv2_Eaf,6,train,combined_5-tightened,combined_5,True,post_processing,mix_visual_aligning.models.visual_af_diffusion.VisualAlphaFlow,8.0,0.5,4.0,True,cuda,logs/aligning-d3il-visual/plans/mix_visual_aligning_af/H8_Dmix_visual_aligning.models.visual_af_diffusion.VisualAlphaFlow_a1.5_b1.0_aw1_VTrue_steps1000_bs64_filmv2_Eaf_tslogit_normal_afschsigmoid/H8_K2_Meuler_T0.5_Dmix_visual_aligning.models.visual_af_diffusion.VisualAlphaFlow_VTrue_mpc4_filmv2_Eaf/6,mix_visual_aligning_af/H8_Dmix_visual_aligning.models.visual_af_diffusion.VisualAlphaFlow_a1.5_b1.0_aw1_VTrue_steps1000_bs64_filmv2_Eaf_tslogit_normal_afschsigmoid,af,,,
9,H8_K100_T0.5_Dmix_visual_aligning.models.visual_gaussian_diffusion.VisualGaussianDiffusion_VTrue_mpc4_filmv1_Ediffusion,/data/home/llim/FMPCC/FM-PCC/logs/aligning-d3il-visual/plans/mix_visual_aligning_diffusion/H8_K100_Dmix_visual_aligning.models.visual_gaussian_diffusion.VisualGaussianDiffusion_aw10_VTrue_steps1000_bs64_filmv1_Ediffusion/H8_K100_T0.5_Dmix_visual_aligning.models.visual_gaussian_diffusion.VisualGaussianDiffusion_VTrue_mpc4_filmv1_Ediffusion,6,train,combined_5,combined_5,False,diffuser,mix_visual_aligning.models.visual_gaussian_diffusion.VisualGaussianDiffusion,8.0,0.5,4.0,True,cuda,logs/aligning-d3il-visual/plans/mix_visual_aligning_diffusion/H8_K100_Dmix_visual_aligning.models.visual_gaussian_diffusion.VisualGaussianDiffusion_aw10_VTrue_steps1000_bs64_filmv1_Ediffusion/H8_K100_T0.5_Dmix_visual_aligning.models.visual_gaussian_diffusion.VisualGaussianDiffusion_VTrue_mpc4_filmv1_Ediffusion/6,mix_visual_aligning_diffusion/H8_K100_Dmix_visual_aligning.models.visual_gaussian_diffusion.VisualGaussianDiffusion_aw10_VTrue_steps1000_bs64_filmv1_Ediffusion,diffusion,100.0,,
10,H8_K20_T0.5_Dmix_visual_aligning.models.visual_gaussian_diffusion.VisualGaussianDiffusion_VTrue_mpc4_filmv1_Ediffusion,/data/home/llim/FMPCC/FM-PCC/logs/aligning-d3il-visual/plans/mix_visual_aligning_diffusion/H8_K20_Dmix_visual_aligning.models.visual_gaussian_diffusion.VisualGaussianDiffusion_aw10_VTrue_steps1000_bs64_filmv1_Ediffusion/H8_K20_T0.5_Dmix_visual_aligning.models.visual_gaussian_diffusion.VisualGaussianDiffusion_VTrue_mpc4_filmv1_Ediffusion,6,train,combined_5,combined_5,False,diffuser,mix_visual_aligning.models.visual_gaussian_diffusion.VisualGaussianDiffusion,8.0,0.5,4.0,True,cuda,logs/aligning-d3il-visual/plans/mix_visual_aligning_diffusion/H8_K20_Dmix_visual_aligning.models.visual_gaussian_diffusion.VisualGaussianDiffusion_aw10_VTrue_steps1000_bs64_filmv1_Ediffusion/H8_K20_T0.5_Dmix_visual_aligning.models.visual_gaussian_diffusion.VisualGaussianDiffusion_VTrue_mpc4_filmv1_Ediffusion/6,mix_visual_aligning_diffusion/H8_K20_Dmix_visual_aligning.models.visual_gaussian_diffusion.VisualGaussianDiffusion_aw10_VTrue_steps1000_bs64_filmv1_Ediffusion,diffusion,20.0,,
10,H8_K20_T0.5_Dmix_visual_aligning.models.visual_gaussian_diffusion.VisualGaussianDiffusion_VTrue_mpc4_filmv1_Ediffusion,/data/home/llim/FMPCC/FM-PCC/logs/aligning-d3il-visual/plans/mix_visual_aligning_diffusion/H8_K20_Dmix_visual_aligning.models.visual_gaussian_diffusion.VisualGaussianDiffusion_aw10_VTrue_steps1000_bs64_filmv1_Ediffusion/H8_K20_T0.5_Dmix_visual_aligning.models.visual_gaussian_diffusion.VisualGaussianDiffusion_VTrue_mpc4_filmv1_Ediffusion,6,train,combined_5,combined_5,False,dpcc-c,mix_visual_aligning.models.visual_gaussian_diffusion.VisualGaussianDiffusion,8.0,0.5,4.0,True,cuda,logs/aligning-d3il-visual/plans/mix_visual_aligning_diffusion/H8_K20_Dmix_visual_aligning.models.visual_gaussian_diffusion.VisualGaussianDiffusion_aw10_VTrue_steps1000_bs64_filmv1_Ediffusion/H8_K20_T0.5_Dmix_visual_aligning.models.visual_gaussian_diffusion.VisualGaussianDiffusion_VTrue_mpc4_filmv1_Ediffusion/6,mix_visual_aligning_diffusion/H8_K20_Dmix_visual_aligning.models.visual_gaussian_diffusion.VisualGaussianDiffusion_aw10_VTrue_steps1000_bs64_filmv1_Ediffusion,diffusion,20.0,,
10,H8_K20_T0.5_Dmix_visual_aligning.models.visual_gaussian_diffusion.VisualGaussianDiffusion_VTrue_mpc4_filmv1_Ediffusion,/data/home/llim/FMPCC/FM-PCC/logs/aligning-d3il-visual/plans/mix_visual_aligning_diffusion/H8_K20_Dmix_visual_aligning.models.visual_gaussian_diffusion.VisualGaussianDiffusion_aw10_VTrue_steps1000_bs64_filmv1_Ediffusion/H8_K20_T0.5_Dmix_visual_aligning.models.visual_gaussian_diffusion.VisualGaussianDiffusion_VTrue_mpc4_filmv1_Ediffusion,6,train,combined_5,combined_5,False,dpcc-r,mix_visual_aligning.models.visual_gaussian_diffusion.VisualGaussianDiffusion,8.0,0.5,4.0,True,cuda,logs/aligning-d3il-visual/plans/mix_visual_aligning_diffusion/H8_K20_Dmix_visual_aligning.models.visual_gaussian_diffusion.VisualGaussianDiffusion_aw10_VTrue_steps1000_bs64_filmv1_Ediffusion/H8_K20_T0.5_Dmix_visual_aligning.models.visual_gaussian_diffusion.VisualGaussianDiffusion_VTrue_mpc4_filmv1_Ediffusion/6,mix_visual_aligning_diffusion/H8_K20_Dmix_visual_aligning.models.visual_gaussian_diffusion.VisualGaussianDiffusion_aw10_VTrue_steps1000_bs64_filmv1_Ediffusion,diffusion,20.0,,
10,H8_K20_T0.5_Dmix_visual_aligning.models.visual_gaussian_diffusion.VisualGaussianDiffusion_VTrue_mpc4_filmv1_Ediffusion,/data/home/llim/FMPCC/FM-PCC/logs/aligning-d3il-visual/plans/mix_visual_aligning_diffusion/H8_K20_Dmix_visual_aligning.models.visual_gaussian_diffusion.VisualGaussianDiffusion_aw10_VTrue_steps1000_bs64_filmv1_Ediffusion/H8_K20_T0.5_Dmix_visual_aligning.models.visual_gaussian_diffusion.VisualGaussianDiffusion_VTrue_mpc4_filmv1_Ediffusion,6,train,combined_5,combined_5,False,dpcc-t,mix_visual_aligning.models.visual_gaussian_diffusion.VisualGaussianDiffusion,8.0,0.5,4.0,True,cuda,logs/aligning-d3il-visual/plans/mix_visual_aligning_diffusion/H8_K20_Dmix_visual_aligning.models.visual_gaussian_diffusion.VisualGaussianDiffusion_aw10_VTrue_steps1000_bs64_filmv1_Ediffusion/H8_K20_T0.5_Dmix_visual_aligning.models.visual_gaussian_diffusion.VisualGaussianDiffusion_VTrue_mpc4_filmv1_Ediffusion/6,mix_visual_aligning_diffusion/H8_K20_Dmix_visual_aligning.models.visual_gaussian_diffusion.VisualGaussianDiffusion_aw10_VTrue_steps1000_bs64_filmv1_Ediffusion,diffusion,20.0,,
10,H8_K20_T0.5_Dmix_visual_aligning.models.visual_gaussian_diffusion.VisualGaussianDiffusion_VTrue_mpc4_filmv1_Ediffusion,/data/home/llim/FMPCC/FM-PCC/logs/aligning-d3il-visual/plans/mix_visual_aligning_diffusion/H8_K20_Dmix_visual_aligning.models.visual_gaussian_diffusion.VisualGaussianDiffusion_aw10_VTrue_steps1000_bs64_filmv1_Ediffusion/H8_K20_T0.5_Dmix_visual_aligning.models.visual_gaussian_diffusion.VisualGaussianDiffusion_VTrue_mpc4_filmv1_Ediffusion,6,train,combined_5,combined_5,False,gradient,mix_visual_aligning.models.visual_gaussian_diffusion.VisualGaussianDiffusion,8.0,0.5,4.0,True,cuda,logs/aligning-d3il-visual/plans/mix_visual_aligning_diffusion/H8_K20_Dmix_visual_aligning.models.visual_gaussian_diffusion.VisualGaussianDiffusion_aw10_VTrue_steps1000_bs64_filmv1_Ediffusion/H8_K20_T0.5_Dmix_visual_aligning.models.visual_gaussian_diffusion.VisualGaussianDiffusion_VTrue_mpc4_filmv1_Ediffusion/6,mix_visual_aligning_diffusion/H8_K20_Dmix_visual_aligning.models.visual_gaussian_diffusion.VisualGaussianDiffusion_aw10_VTrue_steps1000_bs64_filmv1_Ediffusion,diffusion,20.0,,
11,H8_K100_Meuler_T0.5_Dmix_visual_aligning.models.visual_fm_diffusion.VisualFlowMatching_VTrue_mpc4_filmv1_Efm,/data/home/llim/FMPCC/FM-PCC/logs/aligning-d3il-visual/plans/mix_visual_aligning_fm/H8_Dmix_visual_aligning.models.visual_fm_diffusion.VisualFlowMatching_a1.5_b1.0_aw1_VTrue_steps1000_bs64_filmv1_Efm/H8_K100_Meuler_T0.5_Dmix_visual_aligning.models.visual_fm_diffusion.VisualFlowMatching_VTrue_mpc4_filmv1_Efm,6,train,combined_5,combined_5,False,diffuser,mix_visual_aligning.models.visual_fm_diffusion.VisualFlowMatching,8.0,0.5,4.0,True,cuda,logs/aligning-d3il-visual/plans/mix_visual_aligning_fm/H8_Dmix_visual_aligning.models.visual_fm_diffusion.VisualFlowMatching_a1.5_b1.0_aw1_VTrue_steps1000_bs64_filmv1_Efm/H8_K100_Meuler_T0.5_Dmix_visual_aligning.models.visual_fm_diffusion.VisualFlowMatching_VTrue_mpc4_filmv1_Efm/6,mix_visual_aligning_fm/H8_Dmix_visual_aligning.models.visual_fm_diffusion.VisualFlowMatching_a1.5_b1.0_aw1_VTrue_steps1000_bs64_filmv1_Efm,fm,,,
12,H8_K20_Meuler_T0.2_Dmix_visual_aligning.models.visual_fm_diffusion.VisualFlowMatching_VTrue_mpc4_filmv1_Efm,/data/home/llim/FMPCC/FM-PCC/logs/aligning-d3il-visual/plans/mix_visual_aligning_fm/H8_Dmix_visual_aligning.models.visual_fm_diffusion.VisualFlowMatching_a1.5_b1.0_aw1_VTrue_steps1000_bs64_filmv1_Efm/H8_K20_Meuler_T0.2_Dmix_visual_aligning.models.visual_fm_diffusion.VisualFlowMatching_VTrue_mpc4_filmv1_Efm,6,train,combined_5,combined_5,False,bounds_free,mix_visual_aligning.models.visual_fm_diffusion.VisualFlowMatching,8.0,0.2,4.0,True,cuda,logs/aligning-d3il-visual/plans/mix_visual_aligning_fm/H8_Dmix_visual_aligning.models.visual_fm_diffusion.VisualFlowMatching_a1.5_b1.0_aw1_VTrue_steps1000_bs64_filmv1_Efm/H8_K20_Meuler_T0.2_Dmix_visual_aligning.models.visual_fm_diffusion.VisualFlowMatching_VTrue_mpc4_filmv1_Efm/6,mix_visual_aligning_fm/H8_Dmix_visual_aligning.models.visual_fm_diffusion.VisualFlowMatching_a1.5_b1.0_aw1_VTrue_steps1000_bs64_filmv1_Efm,fm,,,
12,H8_K20_Meuler_T0.2_Dmix_visual_aligning.models.visual_fm_diffusion.VisualFlowMatching_VTrue_mpc4_filmv1_Efm,/data/home/llim/FMPCC/FM-PCC/logs/aligning-d3il-visual/plans/mix_visual_aligning_fm/H8_Dmix_visual_aligning.models.visual_fm_diffusion.VisualFlowMatching_a1.5_b1.0_aw1_VTrue_steps1000_bs64_filmv1_Efm/H8_K20_Meuler_T0.2_Dmix_visual_aligning.models.visual_fm_diffusion.VisualFlowMatching_VTrue_mpc4_filmv1_Efm,6,train,combined_5,combined_5,False,diffuser,mix_visual_aligning.models.visual_fm_diffusion.VisualFlowMatching,8.0,0.2,4.0,True,cuda,logs/aligning-d3il-visual/plans/mix_visual_aligning_fm/H8_Dmix_visual_aligning.models.visual_fm_diffusion.VisualFlowMatching_a1.5_b1.0_aw1_VTrue_steps1000_bs64_filmv1_Efm/H8_K20_Meuler_T0.2_Dmix_visual_aligning.models.visual_fm_diffusion.VisualFlowMatching_VTrue_mpc4_filmv1_Efm/6,mix_visual_aligning_fm/H8_Dmix_visual_aligning.models.visual_fm_diffusion.VisualFlowMatching_a1.5_b1.0_aw1_VTrue_steps1000_bs64_filmv1_Efm,fm,,,
12,H8_K20_Meuler_T0.2_Dmix_visual_aligning.models.visual_fm_diffusion.VisualFlowMatching_VTrue_mpc4_filmv1_Efm,/data/home/llim/FMPCC/FM-PCC/logs/aligning-d3il-visual/plans/mix_visual_aligning_fm/H8_Dmix_visual_aligning.models.visual_fm_diffusion.VisualFlowMatching_a1.5_b1.0_aw1_VTrue_steps1000_bs64_filmv1_Efm/H8_K20_Meuler_T0.2_Dmix_visual_aligning.models.visual_fm_diffusion.VisualFlowMatching_VTrue_mpc4_filmv1_Efm,6,train,combined_5,combined_5,False,dpcc-c,mix_visual_aligning.models.visual_fm_diffusion.VisualFlowMatching,8.0,0.2,4.0,True,cuda,logs/aligning-d3il-visual/plans/mix_visual_aligning_fm/H8_Dmix_visual_aligning.models.visual_fm_diffusion.VisualFlowMatching_a1.5_b1.0_aw1_VTrue_steps1000_bs64_filmv1_Efm/H8_K20_Meuler_T0.2_Dmix_visual_aligning.models.visual_fm_diffusion.VisualFlowMatching_VTrue_mpc4_filmv1_Efm/6,mix_visual_aligning_fm/H8_Dmix_visual_aligning.models.visual_fm_diffusion.VisualFlowMatching_a1.5_b1.0_aw1_VTrue_steps1000_bs64_filmv1_Efm,fm,,,
12,H8_K20_Meuler_T0.2_Dmix_visual_aligning.models.visual_fm_diffusion.VisualFlowMatching_VTrue_mpc4_filmv1_Efm,/data/home/llim/FMPCC/FM-PCC/logs/aligning-d3il-visual/plans/mix_visual_aligning_fm/H8_Dmix_visual_aligning.models.visual_fm_diffusion.VisualFlowMatching_a1.5_b1.0_aw1_VTrue_steps1000_bs64_filmv1_Efm/H8_K20_Meuler_T0.2_Dmix_visual_aligning.models.visual_fm_diffusion.VisualFlowMatching_VTrue_mpc4_filmv1_Efm,6,train,combined_5,combined_5,False,dpcc-c-dt0p25,mix_visual_aligning.models.visual_fm_diffusion.VisualFlowMatching,8.0,0.2,4.0,True,cuda,logs/aligning-d3il-visual/plans/mix_visual_aligning_fm/H8_Dmix_visual_aligning.models.visual_fm_diffusion.VisualFlowMatching_a1.5_b1.0_aw1_VTrue_steps1000_bs64_filmv1_Efm/H8_K20_Meuler_T0.2_Dmix_visual_aligning.models.visual_fm_diffusion.VisualFlowMatching_VTrue_mpc4_filmv1_Efm/6,mix_visual_aligning_fm/H8_Dmix_visual_aligning.models.visual_fm_diffusion.VisualFlowMatching_a1.5_b1.0_aw1_VTrue_steps1000_bs64_filmv1_Efm,fm,,,
12,H8_K20_Meuler_T0.2_Dmix_visual_aligning.models.visual_fm_diffusion.VisualFlowMatching_VTrue_mpc4_filmv1_Efm,/data/home/llim/FMPCC/FM-PCC/logs/aligning-d3il-visual/plans/mix_visual_aligning_fm/H8_Dmix_visual_aligning.models.visual_fm_diffusion.VisualFlowMatching_a1.5_b1.0_aw1_VTrue_steps1000_bs64_filmv1_Efm/H8_K20_Meuler_T0.2_Dmix_visual_aligning.models.visual_fm_diffusion.VisualFlowMatching_VTrue_mpc4_filmv1_Efm,6,train,combined_5,combined_5,False,dpcc-c-dt0p5,mix_visual_aligning.models.visual_fm_diffusion.VisualFlowMatching,8.0,0.2,4.0,True,cuda,logs/aligning-d3il-visual/plans/mix_visual_aligning_fm/H8_Dmix_visual_aligning.models.visual_fm_diffusion.VisualFlowMatching_a1.5_b1.0_aw1_VTrue_steps1000_bs64_filmv1_Efm/H8_K20_Meuler_T0.2_Dmix_visual_aligning.models.visual_fm_diffusion.VisualFlowMatching_VTrue_mpc4_filmv1_Efm/6,mix_visual_aligning_fm/H8_Dmix_visual_aligning.models.visual_fm_diffusion.VisualFlowMatching_a1.5_b1.0_aw1_VTrue_steps1000_bs64_filmv1_Efm,fm,,,
12,H8_K20_Meuler_T0.2_Dmix_visual_aligning.models.visual_fm_diffusion.VisualFlowMatching_VTrue_mpc4_filmv1_Efm,/data/home/llim/FMPCC/FM-PCC/logs/aligning-d3il-visual/plans/mix_visual_aligning_fm/H8_Dmix_visual_aligning.models.visual_fm_diffusion.VisualFlowMatching_a1.5_b1.0_aw1_VTrue_steps1000_bs64_filmv1_Efm/H8_K20_Meuler_T0.2_Dmix_visual_aligning.models.visual_fm_diffusion.VisualFlowMatching_VTrue_mpc4_filmv1_Efm,6,train,combined_5,combined_5,False,dpcc-c-dt2p0,mix_visual_aligning.models.visual_fm_diffusion.VisualFlowMatching,8.0,0.2,4.0,True,cuda,logs/aligning-d3il-visual/plans/mix_visual_aligning_fm/H8_Dmix_visual_aligning.models.visual_fm_diffusion.VisualFlowMatching_a1.5_b1.0_aw1_VTrue_steps1000_bs64_filmv1_Efm/H8_K20_Meuler_T0.2_Dmix_visual_aligning.models.visual_fm_diffusion.VisualFlowMatching_VTrue_mpc4_filmv1_Efm/6,mix_visual_aligning_fm/H8_Dmix_visual_aligning.models.visual_fm_diffusion.VisualFlowMatching_a1.5_b1.0_aw1_VTrue_steps1000_bs64_filmv1_Efm,fm,,,
12,H8_K20_Meuler_T0.2_Dmix_visual_aligning.models.visual_fm_diffusion.VisualFlowMatching_VTrue_mpc4_filmv1_Efm,/data/home/llim/FMPCC/FM-PCC/logs/aligning-d3il-visual/plans/mix_visual_aligning_fm/H8_Dmix_visual_aligning.models.visual_fm_diffusion.VisualFlowMatching_a1.5_b1.0_aw1_VTrue_steps1000_bs64_filmv1_Efm/H8_K20_Meuler_T0.2_Dmix_visual_aligning.models.visual_fm_diffusion.VisualFlowMatching_VTrue_mpc4_filmv1_Efm,6,train,combined_5,combined_5,False,dpcc-c-dt4p0,mix_visual_aligning.models.visual_fm_diffusion.VisualFlowMatching,8.0,0.2,4.0,True,cuda,logs/aligning-d3il-visual/plans/mix_visual_aligning_fm/H8_Dmix_visual_aligning.models.visual_fm_diffusion.VisualFlowMatching_a1.5_b1.0_aw1_VTrue_steps1000_bs64_filmv1_Efm/H8_K20_Meuler_T0.2_Dmix_visual_aligning.models.visual_fm_diffusion.VisualFlowMatching_VTrue_mpc4_filmv1_Efm/6,mix_visual_aligning_fm/H8_Dmix_visual_aligning.models.visual_fm_diffusion.VisualFlowMatching_a1.5_b1.0_aw1_VTrue_steps1000_bs64_filmv1_Efm,fm,,,
12,H8_K20_Meuler_T0.2_Dmix_visual_aligning.models.visual_fm_diffusion.VisualFlowMatching_VTrue_mpc4_filmv1_Efm,/data/home/llim/FMPCC/FM-PCC/logs/aligning-d3il-visual/plans/mix_visual_aligning_fm/H8_Dmix_visual_aligning.models.visual_fm_diffusion.VisualFlowMatching_a1.5_b1.0_aw1_VTrue_steps1000_bs64_filmv1_Efm/H8_K20_Meuler_T0.2_Dmix_visual_aligning.models.visual_fm_diffusion.VisualFlowMatching_VTrue_mpc4_filmv1_Efm,6,train,combined_5,combined_5,False,dpcc-r,mix_visual_aligning.models.visual_fm_diffusion.VisualFlowMatching,8.0,0.2,4.0,True,cuda,logs/aligning-d3il-visual/plans/mix_visual_aligning_fm/H8_Dmix_visual_aligning.models.visual_fm_diffusion.VisualFlowMatching_a1.5_b1.0_aw1_VTrue_steps1000_bs64_filmv1_Efm/H8_K20_Meuler_T0.2_Dmix_visual_aligning.models.visual_fm_diffusion.VisualFlowMatching_VTrue_mpc4_filmv1_Efm/6,mix_visual_aligning_fm/H8_Dmix_visual_aligning.models.visual_fm_diffusion.VisualFlowMatching_a1.5_b1.0_aw1_VTrue_steps1000_bs64_filmv1_Efm,fm,,,
12,H8_K20_Meuler_T0.2_Dmix_visual_aligning.models.visual_fm_diffusion.VisualFlowMatching_VTrue_mpc4_filmv1_Efm,/data/home/llim/FMPCC/FM-PCC/logs/aligning-d3il-visual/plans/mix_visual_aligning_fm/H8_Dmix_visual_aligning.models.visual_fm_diffusion.VisualFlowMatching_a1.5_b1.0_aw1_VTrue_steps1000_bs64_filmv1_Efm/H8_K20_Meuler_T0.2_Dmix_visual_aligning.models.visual_fm_diffusion.VisualFlowMatching_VTrue_mpc4_filmv1_Efm,6,train,combined_5,combined_5,False,dpcc-t,mix_visual_aligning.models.visual_fm_diffusion.VisualFlowMatching,8.0,0.2,4.0,True,cuda,logs/aligning-d3il-visual/plans/mix_visual_aligning_fm/H8_Dmix_visual_aligning.models.visual_fm_diffusion.VisualFlowMatching_a1.5_b1.0_aw1_VTrue_steps1000_bs64_filmv1_Efm/H8_K20_Meuler_T0.2_Dmix_visual_aligning.models.visual_fm_diffusion.VisualFlowMatching_VTrue_mpc4_filmv1_Efm/6,mix_visual_aligning_fm/H8_Dmix_visual_aligning.models.visual_fm_diffusion.VisualFlowMatching_a1.5_b1.0_aw1_VTrue_steps1000_bs64_filmv1_Efm,fm,,,
12,H8_K20_Meuler_T0.2_Dmix_visual_aligning.models.visual_fm_diffusion.VisualFlowMatching_VTrue_mpc4_filmv1_Efm,/data/home/llim/FMPCC/FM-PCC/logs/aligning-d3il-visual/plans/mix_visual_aligning_fm/H8_Dmix_visual_aligning.models.visual_fm_diffusion.VisualFlowMatching_a1.5_b1.0_aw1_VTrue_steps1000_bs64_filmv1_Efm/H8_K20_Meuler_T0.2_Dmix_visual_aligning.models.visual_fm_diffusion.VisualFlowMatching_VTrue_mpc4_filmv1_Efm,6,train,combined_5,combined_5,False,geo_free,mix_visual_aligning.models.visual_fm_diffusion.VisualFlowMatching,8.0,0.2,4.0,True,cuda,logs/aligning-d3il-visual/plans/mix_visual_aligning_fm/H8_Dmix_visual_aligning.models.visual_fm_diffusion.VisualFlowMatching_a1.5_b1.0_aw1_VTrue_steps1000_bs64_filmv1_Efm/H8_K20_Meuler_T0.2_Dmix_visual_aligning.models.visual_fm_diffusion.VisualFlowMatching_VTrue_mpc4_filmv1_Efm/6,mix_visual_aligning_fm/H8_Dmix_visual_aligning.models.visual_fm_diffusion.VisualFlowMatching_a1.5_b1.0_aw1_VTrue_steps1000_bs64_filmv1_Efm,fm,,,
12,H8_K20_Meuler_T0.2_Dmix_visual_aligning.models.visual_fm_diffusion.VisualFlowMatching_VTrue_mpc4_filmv1_Efm,/data/home/llim/FMPCC/FM-PCC/logs/aligning-d3il-visual/plans/mix_visual_aligning_fm/H8_Dmix_visual_aligning.models.visual_fm_diffusion.VisualFlowMatching_a1.5_b1.0_aw1_VTrue_steps1000_bs64_filmv1_Efm/H8_K20_Meuler_T0.2_Dmix_visual_aligning.models.visual_fm_diffusion.VisualFlowMatching_VTrue_mpc4_filmv1_Efm,6,train,combined_5,combined_5,False,geo_free-bounds_free,mix_visual_aligning.models.visual_fm_diffusion.VisualFlowMatching,8.0,0.2,4.0,True,cuda,logs/aligning-d3il-visual/plans/mix_visual_aligning_fm/H8_Dmix_visual_aligning.models.visual_fm_diffusion.VisualFlowMatching_a1.5_b1.0_aw1_VTrue_steps1000_bs64_filmv1_Efm/H8_K20_Meuler_T0.2_Dmix_visual_aligning.models.visual_fm_diffusion.VisualFlowMatching_VTrue_mpc4_filmv1_Efm/6,mix_visual_aligning_fm/H8_Dmix_visual_aligning.models.visual_fm_diffusion.VisualFlowMatching_a1.5_b1.0_aw1_VTrue_steps1000_bs64_filmv1_Efm,fm,,,
12,H8_K20_Meuler_T0.2_Dmix_visual_aligning.models.visual_fm_diffusion.VisualFlowMatching_VTrue_mpc4_filmv1_Efm,/data/home/llim/FMPCC/FM-PCC/logs/aligning-d3il-visual/plans/mix_visual_aligning_fm/H8_Dmix_visual_aligning.models.visual_fm_diffusion.VisualFlowMatching_a1.5_b1.0_aw1_VTrue_steps1000_bs64_filmv1_Efm/H8_K20_Meuler_T0.2_Dmix_visual_aligning.models.visual_fm_diffusion.VisualFlowMatching_VTrue_mpc4_filmv1_Efm,6,train,combined_5,combined_5,False,geo_free-model_free,mix_visual_aligning.models.visual_fm_diffusion.VisualFlowMatching,8.0,0.2,4.0,True,cuda,logs/aligning-d3il-visual/plans/mix_visual_aligning_fm/H8_Dmix_visual_aligning.models.visual_fm_diffusion.VisualFlowMatching_a1.5_b1.0_aw1_VTrue_steps1000_bs64_filmv1_Efm/H8_K20_Meuler_T0.2_Dmix_visual_aligning.models.visual_fm_diffusion.VisualFlowMatching_VTrue_mpc4_filmv1_Efm/6,mix_visual_aligning_fm/H8_Dmix_visual_aligning.models.visual_fm_diffusion.VisualFlowMatching_a1.5_b1.0_aw1_VTrue_steps1000_bs64_filmv1_Efm,fm,,,
12,H8_K20_Meuler_T0.2_Dmix_visual_aligning.models.visual_fm_diffusion.VisualFlowMatching_VTrue_mpc4_filmv1_Efm,/data/home/llim/FMPCC/FM-PCC/logs/aligning-d3il-visual/plans/mix_visual_aligning_fm/H8_Dmix_visual_aligning.models.visual_fm_diffusion.VisualFlowMatching_a1.5_b1.0_aw1_VTrue_steps1000_bs64_filmv1_Efm/H8_K20_Meuler_T0.2_Dmix_visual_aligning.models.visual_fm_diffusion.VisualFlowMatching_VTrue_mpc4_filmv1_Efm,6,train,combined_5,combined_5,False,gradient,mix_visual_aligning.models.visual_fm_diffusion.VisualFlowMatching,8.0,0.2,4.0,True,cuda,logs/aligning-d3il-visual/plans/mix_visual_aligning_fm/H8_Dmix_visual_aligning.models.visual_fm_diffusion.VisualFlowMatching_a1.5_b1.0_aw1_VTrue_steps1000_bs64_filmv1_Efm/H8_K20_Meuler_T0.2_Dmix_visual_aligning.models.visual_fm_diffusion.VisualFlowMatching_VTrue_mpc4_filmv1_Efm/6,mix_visual_aligning_fm/H8_Dmix_visual_aligning.models.visual_fm_diffusion.VisualFlowMatching_a1.5_b1.0_aw1_VTrue_steps1000_bs64_filmv1_Efm,fm,,,
12,H8_K20_Meuler_T0.2_Dmix_visual_aligning.models.visual_fm_diffusion.VisualFlowMatching_VTrue_mpc4_filmv1_Efm,/data/home/llim/FMPCC/FM-PCC/logs/aligning-d3il-visual/plans/mix_visual_aligning_fm/H8_Dmix_visual_aligning.models.visual_fm_diffusion.VisualFlowMatching_a1.5_b1.0_aw1_VTrue_steps1000_bs64_filmv1_Efm/H8_K20_Meuler_T0.2_Dmix_visual_aligning.models.visual_fm_diffusion.VisualFlowMatching_VTrue_mpc4_filmv1_Efm,6,train,combined_5,combined_5,False,model_free,mix_visual_aligning.models.visual_fm_diffusion.VisualFlowMatching,8.0,0.2,4.0,True,cuda,logs/aligning-d3il-visual/plans/mix_visual_aligning_fm/H8_Dmix_visual_aligning.models.visual_fm_diffusion.VisualFlowMatching_a1.5_b1.0_aw1_VTrue_steps1000_bs64_filmv1_Efm/H8_K20_Meuler_T0.2_Dmix_visual_aligning.models.visual_fm_diffusion.VisualFlowMatching_VTrue_mpc4_filmv1_Efm/6,mix_visual_aligning_fm/H8_Dmix_visual_aligning.models.visual_fm_diffusion.VisualFlowMatching_a1.5_b1.0_aw1_VTrue_steps1000_bs64_filmv1_Efm,fm,,,
12,H8_K20_Meuler_T0.2_Dmix_visual_aligning.models.visual_fm_diffusion.VisualFlowMatching_VTrue_mpc4_filmv1_Efm,/data/home/llim/FMPCC/FM-PCC/logs/aligning-d3il-visual/plans/mix_visual_aligning_fm/H8_Dmix_visual_aligning.models.visual_fm_diffusion.VisualFlowMatching_a1.5_b1.0_aw1_VTrue_steps1000_bs64_filmv1_Efm/H8_K20_Meuler_T0.2_Dmix_visual_aligning.models.visual_fm_diffusion.VisualFlowMatching_VTrue_mpc4_filmv1_Efm,6,train,combined_5,combined_5,False,model_free-bounds_free,mix_visual_aligning.models.visual_fm_diffusion.VisualFlowMatching,8.0,0.2,4.0,True,cuda,logs/aligning-d3il-visual/plans/mix_visual_aligning_fm/H8_Dmix_visual_aligning.models.visual_fm_diffusion.VisualFlowMatching_a1.5_b1.0_aw1_VTrue_steps1000_bs64_filmv1_Efm/H8_K20_Meuler_T0.2_Dmix_visual_aligning.models.visual_fm_diffusion.VisualFlowMatching_VTrue_mpc4_filmv1_Efm/6,mix_visual_aligning_fm/H8_Dmix_visual_aligning.models.visual_fm_diffusion.VisualFlowMatching_a1.5_b1.0_aw1_VTrue_steps1000_bs64_filmv1_Efm,fm,,,
12,H8_K20_Meuler_T0.2_Dmix_visual_aligning.models.visual_fm_diffusion.VisualFlowMatching_VTrue_mpc4_filmv1_Efm,/data/home/llim/FMPCC/FM-PCC/logs/aligning-d3il-visual/plans/mix_visual_aligning_fm/H8_Dmix_visual_aligning.models.visual_fm_diffusion.VisualFlowMatching_a1.5_b1.0_aw1_VTrue_steps1000_bs64_filmv1_Efm/H8_K20_Meuler_T0.2_Dmix_visual_aligning.models.visual_fm_diffusion.VisualFlowMatching_VTrue_mpc4_filmv1_Efm,6,train,combined_5,combined_5,False,post_processing,mix_visual_aligning.models.visual_fm_diffusion.VisualFlowMatching,8.0,0.2,4.0,True,cuda,logs/aligning-d3il-visual/plans/mix_visual_aligning_fm/H8_Dmix_visual_aligning.models.visual_fm_diffusion.VisualFlowMatching_a1.5_b1.0_aw1_VTrue_steps1000_bs64_filmv1_Efm/H8_K20_Meuler_T0.2_Dmix_visual_aligning.models.visual_fm_diffusion.VisualFlowMatching_VTrue_mpc4_filmv1_Efm/6,mix_visual_aligning_fm/H8_Dmix_visual_aligning.models.visual_fm_diffusion.VisualFlowMatching_a1.5_b1.0_aw1_VTrue_steps1000_bs64_filmv1_Efm,fm,,,
13,H8_K20_Meuler_T0.5_Dmix_visual_aligning.models.visual_fm_diffusion.VisualFlowMatching_VTrue_mpc4_filmv1_Efm,/data/home/llim/FMPCC/FM-PCC/logs/aligning-d3il-visual/plans/mix_visual_aligning_fm/H8_Dmix_visual_aligning.models.visual_fm_diffusion.VisualFlowMatching_a1.5_b1.0_aw1_VTrue_steps1000_bs64_filmv1_Efm/H8_K20_Meuler_T0.5_Dmix_visual_aligning.models.visual_fm_diffusion.VisualFlowMatching_VTrue_mpc4_filmv1_Efm,6,train,combined_5,combined_5,False,bounds_free,mix_visual_aligning.models.visual_fm_diffusion.VisualFlowMatching,8.0,0.5,4.0,True,cuda,logs/aligning-d3il-visual/plans/mix_visual_aligning_fm/H8_Dmix_visual_aligning.models.visual_fm_diffusion.VisualFlowMatching_a1.5_b1.0_aw1_VTrue_steps1000_bs64_filmv1_Efm/H8_K20_Meuler_T0.5_Dmix_visual_aligning.models.visual_fm_diffusion.VisualFlowMatching_VTrue_mpc4_filmv1_Efm/6,mix_visual_aligning_fm/H8_Dmix_visual_aligning.models.visual_fm_diffusion.VisualFlowMatching_a1.5_b1.0_aw1_VTrue_steps1000_bs64_filmv1_Efm,fm,,,
13,H8_K20_Meuler_T0.5_Dmix_visual_aligning.models.visual_fm_diffusion.VisualFlowMatching_VTrue_mpc4_filmv1_Efm,/data/home/llim/FMPCC/FM-PCC/logs/aligning-d3il-visual/plans/mix_visual_aligning_fm/H8_Dmix_visual_aligning.models.visual_fm_diffusion.VisualFlowMatching_a1.5_b1.0_aw1_VTrue_steps1000_bs64_filmv1_Efm/H8_K20_Meuler_T0.5_Dmix_visual_aligning.models.visual_fm_diffusion.VisualFlowMatching_VTrue_mpc4_filmv1_Efm,6,train,combined_5,combined_5,False,diffuser,mix_visual_aligning.models.visual_fm_diffusion.VisualFlowMatching,8.0,0.5,4.0,True,cuda,logs/aligning-d3il-visual/plans/mix_visual_aligning_fm/H8_Dmix_visual_aligning.models.visual_fm_diffusion.VisualFlowMatching_a1.5_b1.0_aw1_VTrue_steps1000_bs64_filmv1_Efm/H8_K20_Meuler_T0.5_Dmix_visual_aligning.models.visual_fm_diffusion.VisualFlowMatching_VTrue_mpc4_filmv1_Efm/6,mix_visual_aligning_fm/H8_Dmix_visual_aligning.models.visual_fm_diffusion.VisualFlowMatching_a1.5_b1.0_aw1_VTrue_steps1000_bs64_filmv1_Efm,fm,,,
13,H8_K20_Meuler_T0.5_Dmix_visual_aligning.models.visual_fm_diffusion.VisualFlowMatching_VTrue_mpc4_filmv1_Efm,/data/home/llim/FMPCC/FM-PCC/logs/aligning-d3il-visual/plans/mix_visual_aligning_fm/H8_Dmix_visual_aligning.models.visual_fm_diffusion.VisualFlowMatching_a1.5_b1.0_aw1_VTrue_steps1000_bs64_filmv1_Efm/H8_K20_Meuler_T0.5_Dmix_visual_aligning.models.visual_fm_diffusion.VisualFlowMatching_VTrue_mpc4_filmv1_Efm,6,train,combined_5,combined_5,False,dpcc-c,mix_visual_aligning.models.visual_fm_diffusion.VisualFlowMatching,8.0,0.5,4.0,True,cuda,logs/aligning-d3il-visual/plans/mix_visual_aligning_fm/H8_Dmix_visual_aligning.models.visual_fm_diffusion.VisualFlowMatching_a1.5_b1.0_aw1_VTrue_steps1000_bs64_filmv1_Efm/H8_K20_Meuler_T0.5_Dmix_visual_aligning.models.visual_fm_diffusion.VisualFlowMatching_VTrue_mpc4_filmv1_Efm/6,mix_visual_aligning_fm/H8_Dmix_visual_aligning.models.visual_fm_diffusion.VisualFlowMatching_a1.5_b1.0_aw1_VTrue_steps1000_bs64_filmv1_Efm,fm,,,
13,H8_K20_Meuler_T0.5_Dmix_visual_aligning.models.visual_fm_diffusion.VisualFlowMatching_VTrue_mpc4_filmv1_Efm,/data/home/llim/FMPCC/FM-PCC/logs/aligning-d3il-visual/plans/mix_visual_aligning_fm/H8_Dmix_visual_aligning.models.visual_fm_diffusion.VisualFlowMatching_a1.5_b1.0_aw1_VTrue_steps1000_bs64_filmv1_Efm/H8_K20_Meuler_T0.5_Dmix_visual_aligning.models.visual_fm_diffusion.VisualFlowMatching_VTrue_mpc4_filmv1_Efm,6,train,combined_5,combined_5,False,dpcc-r,mix_visual_aligning.models.visual_fm_diffusion.VisualFlowMatching,8.0,0.5,4.0,True,cuda,logs/aligning-d3il-visual/plans/mix_visual_aligning_fm/H8_Dmix_visual_aligning.models.visual_fm_diffusion.VisualFlowMatching_a1.5_b1.0_aw1_VTrue_steps1000_bs64_filmv1_Efm/H8_K20_Meuler_T0.5_Dmix_visual_aligning.models.visual_fm_diffusion.VisualFlowMatching_VTrue_mpc4_filmv1_Efm/6,mix_visual_aligning_fm/H8_Dmix_visual_aligning.models.visual_fm_diffusion.VisualFlowMatching_a1.5_b1.0_aw1_VTrue_steps1000_bs64_filmv1_Efm,fm,,,
13,H8_K20_Meuler_T0.5_Dmix_visual_aligning.models.visual_fm_diffusion.VisualFlowMatching_VTrue_mpc4_filmv1_Efm,/data/home/llim/FMPCC/FM-PCC/logs/aligning-d3il-visual/plans/mix_visual_aligning_fm/H8_Dmix_visual_aligning.models.visual_fm_diffusion.VisualFlowMatching_a1.5_b1.0_aw1_VTrue_steps1000_bs64_filmv1_Efm/H8_K20_Meuler_T0.5_Dmix_visual_aligning.models.visual_fm_diffusion.VisualFlowMatching_VTrue_mpc4_filmv1_Efm,6,train,combined_5,combined_5,False,dpcc-t,mix_visual_aligning.models.visual_fm_diffusion.VisualFlowMatching,8.0,0.5,4.0,True,cuda,logs/aligning-d3il-visual/plans/mix_visual_aligning_fm/H8_Dmix_visual_aligning.models.visual_fm_diffusion.VisualFlowMatching_a1.5_b1.0_aw1_VTrue_steps1000_bs64_filmv1_Efm/H8_K20_Meuler_T0.5_Dmix_visual_aligning.models.visual_fm_diffusion.VisualFlowMatching_VTrue_mpc4_filmv1_Efm/6,mix_visual_aligning_fm/H8_Dmix_visual_aligning.models.visual_fm_diffusion.VisualFlowMatching_a1.5_b1.0_aw1_VTrue_steps1000_bs64_filmv1_Efm,fm,,,
13,H8_K20_Meuler_T0.5_Dmix_visual_aligning.models.visual_fm_diffusion.VisualFlowMatching_VTrue_mpc4_filmv1_Efm,/data/home/llim/FMPCC/FM-PCC/logs/aligning-d3il-visual/plans/mix_visual_aligning_fm/H8_Dmix_visual_aligning.models.visual_fm_diffusion.VisualFlowMatching_a1.5_b1.0_aw1_VTrue_steps1000_bs64_filmv1_Efm/H8_K20_Meuler_T0.5_Dmix_visual_aligning.models.visual_fm_diffusion.VisualFlowMatching_VTrue_mpc4_filmv1_Efm,6,train,combined_5,combined_5,False,geo_free,mix_visual_aligning.models.visual_fm_diffusion.VisualFlowMatching,8.0,0.5,4.0,True,cuda,logs/aligning-d3il-visual/plans/mix_visual_aligning_fm/H8_Dmix_visual_aligning.models.visual_fm_diffusion.VisualFlowMatching_a1.5_b1.0_aw1_VTrue_steps1000_bs64_filmv1_Efm/H8_K20_Meuler_T0.5_Dmix_visual_aligning.models.visual_fm_diffusion.VisualFlowMatching_VTrue_mpc4_filmv1_Efm/6,mix_visual_aligning_fm/H8_Dmix_visual_aligning.models.visual_fm_diffusion.VisualFlowMatching_a1.5_b1.0_aw1_VTrue_steps1000_bs64_filmv1_Efm,fm,,,
13,H8_K20_Meuler_T0.5_Dmix_visual_aligning.models.visual_fm_diffusion.VisualFlowMatching_VTrue_mpc4_filmv1_Efm,/data/home/llim/FMPCC/FM-PCC/logs/aligning-d3il-visual/plans/mix_visual_aligning_fm/H8_Dmix_visual_aligning.models.visual_fm_diffusion.VisualFlowMatching_a1.5_b1.0_aw1_VTrue_steps1000_bs64_filmv1_Efm/H8_K20_Meuler_T0.5_Dmix_visual_aligning.models.visual_fm_diffusion.VisualFlowMatching_VTrue_mpc4_filmv1_Efm,6,train,combined_5,combined_5,False,gradient,mix_visual_aligning.models.visual_fm_diffusion.VisualFlowMatching,8.0,0.5,4.0,True,cuda,logs/aligning-d3il-visual/plans/mix_visual_aligning_fm/H8_Dmix_visual_aligning.models.visual_fm_diffusion.VisualFlowMatching_a1.5_b1.0_aw1_VTrue_steps1000_bs64_filmv1_Efm/H8_K20_Meuler_T0.5_Dmix_visual_aligning.models.visual_fm_diffusion.VisualFlowMatching_VTrue_mpc4_filmv1_Efm/6,mix_visual_aligning_fm/H8_Dmix_visual_aligning.models.visual_fm_diffusion.VisualFlowMatching_a1.5_b1.0_aw1_VTrue_steps1000_bs64_filmv1_Efm,fm,,,
13,H8_K20_Meuler_T0.5_Dmix_visual_aligning.models.visual_fm_diffusion.VisualFlowMatching_VTrue_mpc4_filmv1_Efm,/data/home/llim/FMPCC/FM-PCC/logs/aligning-d3il-visual/plans/mix_visual_aligning_fm/H8_Dmix_visual_aligning.models.visual_fm_diffusion.VisualFlowMatching_a1.5_b1.0_aw1_VTrue_steps1000_bs64_filmv1_Efm/H8_K20_Meuler_T0.5_Dmix_visual_aligning.models.visual_fm_diffusion.VisualFlowMatching_VTrue_mpc4_filmv1_Efm,6,train,combined_5,combined_5,False,model_free,mix_visual_aligning.models.visual_fm_diffusion.VisualFlowMatching,8.0,0.5,4.0,True,cuda,logs/aligning-d3il-visual/plans/mix_visual_aligning_fm/H8_Dmix_visual_aligning.models.visual_fm_diffusion.VisualFlowMatching_a1.5_b1.0_aw1_VTrue_steps1000_bs64_filmv1_Efm/H8_K20_Meuler_T0.5_Dmix_visual_aligning.models.visual_fm_diffusion.VisualFlowMatching_VTrue_mpc4_filmv1_Efm/6,mix_visual_aligning_fm/H8_Dmix_visual_aligning.models.visual_fm_diffusion.VisualFlowMatching_a1.5_b1.0_aw1_VTrue_steps1000_bs64_filmv1_Efm,fm,,,
13,H8_K20_Meuler_T0.5_Dmix_visual_aligning.models.visual_fm_diffusion.VisualFlowMatching_VTrue_mpc4_filmv1_Efm,/data/home/llim/FMPCC/FM-PCC/logs/aligning-d3il-visual/plans/mix_visual_aligning_fm/H8_Dmix_visual_aligning.models.visual_fm_diffusion.VisualFlowMatching_a1.5_b1.0_aw1_VTrue_steps1000_bs64_filmv1_Efm/H8_K20_Meuler_T0.5_Dmix_visual_aligning.models.visual_fm_diffusion.VisualFlowMatching_VTrue_mpc4_filmv1_Efm,6,train,combined_5,combined_5,False,post_processing,mix_visual_aligning.models.visual_fm_diffusion.VisualFlowMatching,8.0,0.5,4.0,True,cuda,logs/aligning-d3il-visual/plans/mix_visual_aligning_fm/H8_Dmix_visual_aligning.models.visual_fm_diffusion.VisualFlowMatching_a1.5_b1.0_aw1_VTrue_steps1000_bs64_filmv1_Efm/H8_K20_Meuler_T0.5_Dmix_visual_aligning.models.visual_fm_diffusion.VisualFlowMatching_VTrue_mpc4_filmv1_Efm/6,mix_visual_aligning_fm/H8_Dmix_visual_aligning.models.visual_fm_diffusion.VisualFlowMatching_a1.5_b1.0_aw1_VTrue_steps1000_bs64_filmv1_Efm,fm,,,
14,H8_K2_Meuler_T0.5_Dmix_visual_aligning.models.visual_mf_diffusion.VisualMeanFlow_VTrue_mpc4_Bdit_Emf,/data/home/llim/FMPCC/FM-PCC/logs/aligning-d3il-visual/plans/mix_visual_aligning_mf/H8_Dmix_visual_aligning.models.visual_mf_diffusion.VisualMeanFlow_a1.5_b1.0_aw1_VTrue_steps1000_bs64_Bdit_Emf_tslogit_normal_TB80pct/H8_K2_Meuler_T0.5_Dmix_visual_aligning.models.visual_mf_diffusion.VisualMeanFlow_VTrue_mpc4_Bdit_Emf,6,train,combined_5,combined_5,False,bounds_free,mix_visual_aligning.models.visual_mf_diffusion.VisualMeanFlow,8.0,0.5,4.0,True,cuda,logs/aligning-d3il-visual/plans/mix_visual_aligning_mf/H8_Dmix_visual_aligning.models.visual_mf_diffusion.VisualMeanFlow_a1.5_b1.0_aw1_VTrue_steps1000_bs64_Bdit_Emf_tslogit_normal_TB80pct/H8_K2_Meuler_T0.5_Dmix_visual_aligning.models.visual_mf_diffusion.VisualMeanFlow_VTrue_mpc4_Bdit_Emf/6,mix_visual_aligning_mf/H8_Dmix_visual_aligning.models.visual_mf_diffusion.VisualMeanFlow_a1.5_b1.0_aw1_VTrue_steps1000_bs64_Bdit_Emf_tslogit_normal_TB80pct,mf,,,
14,H8_K2_Meuler_T0.5_Dmix_visual_aligning.models.visual_mf_diffusion.VisualMeanFlow_VTrue_mpc4_Bdit_Emf,/data/home/llim/FMPCC/FM-PCC/logs/aligning-d3il-visual/plans/mix_visual_aligning_mf/H8_Dmix_visual_aligning.models.visual_mf_diffusion.VisualMeanFlow_a1.5_b1.0_aw1_VTrue_steps1000_bs64_Bdit_Emf_tslogit_normal_TB80pct/H8_K2_Meuler_T0.5_Dmix_visual_aligning.models.visual_mf_diffusion.VisualMeanFlow_VTrue_mpc4_Bdit_Emf,6,train,combined_5,combined_5,False,diffuser,mix_visual_aligning.models.visual_mf_diffusion.VisualMeanFlow,8.0,0.5,4.0,True,cuda,logs/aligning-d3il-visual/plans/mix_visual_aligning_mf/H8_Dmix_visual_aligning.models.visual_mf_diffusion.VisualMeanFlow_a1.5_b1.0_aw1_VTrue_steps1000_bs64_Bdit_Emf_tslogit_normal_TB80pct/H8_K2_Meuler_T0.5_Dmix_visual_aligning.models.visual_mf_diffusion.VisualMeanFlow_VTrue_mpc4_Bdit_Emf/6,mix_visual_aligning_mf/H8_Dmix_visual_aligning.models.visual_mf_diffusion.VisualMeanFlow_a1.5_b1.0_aw1_VTrue_steps1000_bs64_Bdit_Emf_tslogit_normal_TB80pct,mf,,,
14,H8_K2_Meuler_T0.5_Dmix_visual_aligning.models.visual_mf_diffusion.VisualMeanFlow_VTrue_mpc4_Bdit_Emf,/data/home/llim/FMPCC/FM-PCC/logs/aligning-d3il-visual/plans/mix_visual_aligning_mf/H8_Dmix_visual_aligning.models.visual_mf_diffusion.VisualMeanFlow_a1.5_b1.0_aw1_VTrue_steps1000_bs64_Bdit_Emf_tslogit_normal_TB80pct/H8_K2_Meuler_T0.5_Dmix_visual_aligning.models.visual_mf_diffusion.VisualMeanFlow_VTrue_mpc4_Bdit_Emf,6,train,combined_5,combined_5,False,dpcc-c,mix_visual_aligning.models.visual_mf_diffusion.VisualMeanFlow,8.0,0.5,4.0,True,cuda,logs/aligning-d3il-visual/plans/mix_visual_aligning_mf/H8_Dmix_visual_aligning.models.visual_mf_diffusion.VisualMeanFlow_a1.5_b1.0_aw1_VTrue_steps1000_bs64_Bdit_Emf_tslogit_normal_TB80pct/H8_K2_Meuler_T0.5_Dmix_visual_aligning.models.visual_mf_diffusion.VisualMeanFlow_VTrue_mpc4_Bdit_Emf/6,mix_visual_aligning_mf/H8_Dmix_visual_aligning.models.visual_mf_diffusion.VisualMeanFlow_a1.5_b1.0_aw1_VTrue_steps1000_bs64_Bdit_Emf_tslogit_normal_TB80pct,mf,,,
14,H8_K2_Meuler_T0.5_Dmix_visual_aligning.models.visual_mf_diffusion.VisualMeanFlow_VTrue_mpc4_Bdit_Emf,/data/home/llim/FMPCC/FM-PCC/logs/aligning-d3il-visual/plans/mix_visual_aligning_mf/H8_Dmix_visual_aligning.models.visual_mf_diffusion.VisualMeanFlow_a1.5_b1.0_aw1_VTrue_steps1000_bs64_Bdit_Emf_tslogit_normal_TB80pct/H8_K2_Meuler_T0.5_Dmix_visual_aligning.models.visual_mf_diffusion.VisualMeanFlow_VTrue_mpc4_Bdit_Emf,6,train,combined_5,combined_5,False,dpcc-c-dt0p25,mix_visual_aligning.models.visual_mf_diffusion.VisualMeanFlow,8.0,0.5,4.0,True,cuda,logs/aligning-d3il-visual/plans/mix_visual_aligning_mf/H8_Dmix_visual_aligning.models.visual_mf_diffusion.VisualMeanFlow_a1.5_b1.0_aw1_VTrue_steps1000_bs64_Bdit_Emf_tslogit_normal_TB80pct/H8_K2_Meuler_T0.5_Dmix_visual_aligning.models.visual_mf_diffusion.VisualMeanFlow_VTrue_mpc4_Bdit_Emf/6,mix_visual_aligning_mf/H8_Dmix_visual_aligning.models.visual_mf_diffusion.VisualMeanFlow_a1.5_b1.0_aw1_VTrue_steps1000_bs64_Bdit_Emf_tslogit_normal_TB80pct,mf,,,
14,H8_K2_Meuler_T0.5_Dmix_visual_aligning.models.visual_mf_diffusion.VisualMeanFlow_VTrue_mpc4_Bdit_Emf,/data/home/llim/FMPCC/FM-PCC/logs/aligning-d3il-visual/plans/mix_visual_aligning_mf/H8_Dmix_visual_aligning.models.visual_mf_diffusion.VisualMeanFlow_a1.5_b1.0_aw1_VTrue_steps1000_bs64_Bdit_Emf_tslogit_normal_TB80pct/H8_K2_Meuler_T0.5_Dmix_visual_aligning.models.visual_mf_diffusion.VisualMeanFlow_VTrue_mpc4_Bdit_Emf,6,train,combined_5,combined_5,False,dpcc-c-dt0p5,mix_visual_aligning.models.visual_mf_diffusion.VisualMeanFlow,8.0,0.5,4.0,True,cuda,logs/aligning-d3il-visual/plans/mix_visual_aligning_mf/H8_Dmix_visual_aligning.models.visual_mf_diffusion.VisualMeanFlow_a1.5_b1.0_aw1_VTrue_steps1000_bs64_Bdit_Emf_tslogit_normal_TB80pct/H8_K2_Meuler_T0.5_Dmix_visual_aligning.models.visual_mf_diffusion.VisualMeanFlow_VTrue_mpc4_Bdit_Emf/6,mix_visual_aligning_mf/H8_Dmix_visual_aligning.models.visual_mf_diffusion.VisualMeanFlow_a1.5_b1.0_aw1_VTrue_steps1000_bs64_Bdit_Emf_tslogit_normal_TB80pct,mf,,,
14,H8_K2_Meuler_T0.5_Dmix_visual_aligning.models.visual_mf_diffusion.VisualMeanFlow_VTrue_mpc4_Bdit_Emf,/data/home/llim/FMPCC/FM-PCC/logs/aligning-d3il-visual/plans/mix_visual_aligning_mf/H8_Dmix_visual_aligning.models.visual_mf_diffusion.VisualMeanFlow_a1.5_b1.0_aw1_VTrue_steps1000_bs64_Bdit_Emf_tslogit_normal_TB80pct/H8_K2_Meuler_T0.5_Dmix_visual_aligning.models.visual_mf_diffusion.VisualMeanFlow_VTrue_mpc4_Bdit_Emf,6,train,combined_5,combined_5,False,dpcc-c-dt2p0,mix_visual_aligning.models.visual_mf_diffusion.VisualMeanFlow,8.0,0.5,4.0,True,cuda,logs/aligning-d3il-visual/plans/mix_visual_aligning_mf/H8_Dmix_visual_aligning.models.visual_mf_diffusion.VisualMeanFlow_a1.5_b1.0_aw1_VTrue_steps1000_bs64_Bdit_Emf_tslogit_normal_TB80pct/H8_K2_Meuler_T0.5_Dmix_visual_aligning.models.visual_mf_diffusion.VisualMeanFlow_VTrue_mpc4_Bdit_Emf/6,mix_visual_aligning_mf/H8_Dmix_visual_aligning.models.visual_mf_diffusion.VisualMeanFlow_a1.5_b1.0_aw1_VTrue_steps1000_bs64_Bdit_Emf_tslogit_normal_TB80pct,mf,,,
14,H8_K2_Meuler_T0.5_Dmix_visual_aligning.models.visual_mf_diffusion.VisualMeanFlow_VTrue_mpc4_Bdit_Emf,/data/home/llim/FMPCC/FM-PCC/logs/aligning-d3il-visual/plans/mix_visual_aligning_mf/H8_Dmix_visual_aligning.models.visual_mf_diffusion.VisualMeanFlow_a1.5_b1.0_aw1_VTrue_steps1000_bs64_Bdit_Emf_tslogit_normal_TB80pct/H8_K2_Meuler_T0.5_Dmix_visual_aligning.models.visual_mf_diffusion.VisualMeanFlow_VTrue_mpc4_Bdit_Emf,6,train,combined_5,combined_5,False,dpcc-c-dt4p0,mix_visual_aligning.models.visual_mf_diffusion.VisualMeanFlow,8.0,0.5,4.0,True,cuda,logs/aligning-d3il-visual/plans/mix_visual_aligning_mf/H8_Dmix_visual_aligning.models.visual_mf_diffusion.VisualMeanFlow_a1.5_b1.0_aw1_VTrue_steps1000_bs64_Bdit_Emf_tslogit_normal_TB80pct/H8_K2_Meuler_T0.5_Dmix_visual_aligning.models.visual_mf_diffusion.VisualMeanFlow_VTrue_mpc4_Bdit_Emf/6,mix_visual_aligning_mf/H8_Dmix_visual_aligning.models.visual_mf_diffusion.VisualMeanFlow_a1.5_b1.0_aw1_VTrue_steps1000_bs64_Bdit_Emf_tslogit_normal_TB80pct,mf,,,
14,H8_K2_Meuler_T0.5_Dmix_visual_aligning.models.visual_mf_diffusion.VisualMeanFlow_VTrue_mpc4_Bdit_Emf,/data/home/llim/FMPCC/FM-PCC/logs/aligning-d3il-visual/plans/mix_visual_aligning_mf/H8_Dmix_visual_aligning.models.visual_mf_diffusion.VisualMeanFlow_a1.5_b1.0_aw1_VTrue_steps1000_bs64_Bdit_Emf_tslogit_normal_TB80pct/H8_K2_Meuler_T0.5_Dmix_visual_aligning.models.visual_mf_diffusion.VisualMeanFlow_VTrue_mpc4_Bdit_Emf,6,train,combined_5,combined_5,False,dpcc-r,mix_visual_aligning.models.visual_mf_diffusion.VisualMeanFlow,8.0,0.5,4.0,True,cuda,logs/aligning-d3il-visual/plans/mix_visual_aligning_mf/H8_Dmix_visual_aligning.models.visual_mf_diffusion.VisualMeanFlow_a1.5_b1.0_aw1_VTrue_steps1000_bs64_Bdit_Emf_tslogit_normal_TB80pct/H8_K2_Meuler_T0.5_Dmix_visual_aligning.models.visual_mf_diffusion.VisualMeanFlow_VTrue_mpc4_Bdit_Emf/6,mix_visual_aligning_mf/H8_Dmix_visual_aligning.models.visual_mf_diffusion.VisualMeanFlow_a1.5_b1.0_aw1_VTrue_steps1000_bs64_Bdit_Emf_tslogit_normal_TB80pct,mf,,,
14,H8_K2_Meuler_T0.5_Dmix_visual_aligning.models.visual_mf_diffusion.VisualMeanFlow_VTrue_mpc4_Bdit_Emf,/data/home/llim/FMPCC/FM-PCC/logs/aligning-d3il-visual/plans/mix_visual_aligning_mf/H8_Dmix_visual_aligning.models.visual_mf_diffusion.VisualMeanFlow_a1.5_b1.0_aw1_VTrue_steps1000_bs64_Bdit_Emf_tslogit_normal_TB80pct/H8_K2_Meuler_T0.5_Dmix_visual_aligning.models.visual_mf_diffusion.VisualMeanFlow_VTrue_mpc4_Bdit_Emf,6,train,combined_5,combined_5,False,dpcc-t,mix_visual_aligning.models.visual_mf_diffusion.VisualMeanFlow,8.0,0.5,4.0,True,cuda,logs/aligning-d3il-visual/plans/mix_visual_aligning_mf/H8_Dmix_visual_aligning.models.visual_mf_diffusion.VisualMeanFlow_a1.5_b1.0_aw1_VTrue_steps1000_bs64_Bdit_Emf_tslogit_normal_TB80pct/H8_K2_Meuler_T0.5_Dmix_visual_aligning.models.visual_mf_diffusion.VisualMeanFlow_VTrue_mpc4_Bdit_Emf/6,mix_visual_aligning_mf/H8_Dmix_visual_aligning.models.visual_mf_diffusion.VisualMeanFlow_a1.5_b1.0_aw1_VTrue_steps1000_bs64_Bdit_Emf_tslogit_normal_TB80pct,mf,,,
14,H8_K2_Meuler_T0.5_Dmix_visual_aligning.models.visual_mf_diffusion.VisualMeanFlow_VTrue_mpc4_Bdit_Emf,/data/home/llim/FMPCC/FM-PCC/logs/aligning-d3il-visual/plans/mix_visual_aligning_mf/H8_Dmix_visual_aligning.models.visual_mf_diffusion.VisualMeanFlow_a1.5_b1.0_aw1_VTrue_steps1000_bs64_Bdit_Emf_tslogit_normal_TB80pct/H8_K2_Meuler_T0.5_Dmix_visual_aligning.models.visual_mf_diffusion.VisualMeanFlow_VTrue_mpc4_Bdit_Emf,6,train,combined_5,combined_5,False,geo_free,mix_visual_aligning.models.visual_mf_diffusion.VisualMeanFlow,8.0,0.5,4.0,True,cuda,logs/aligning-d3il-visual/plans/mix_visual_aligning_mf/H8_Dmix_visual_aligning.models.visual_mf_diffusion.VisualMeanFlow_a1.5_b1.0_aw1_VTrue_steps1000_bs64_Bdit_Emf_tslogit_normal_TB80pct/H8_K2_Meuler_T0.5_Dmix_visual_aligning.models.visual_mf_diffusion.VisualMeanFlow_VTrue_mpc4_Bdit_Emf/6,mix_visual_aligning_mf/H8_Dmix_visual_aligning.models.visual_mf_diffusion.VisualMeanFlow_a1.5_b1.0_aw1_VTrue_steps1000_bs64_Bdit_Emf_tslogit_normal_TB80pct,mf,,,
14,H8_K2_Meuler_T0.5_Dmix_visual_aligning.models.visual_mf_diffusion.VisualMeanFlow_VTrue_mpc4_Bdit_Emf,/data/home/llim/FMPCC/FM-PCC/logs/aligning-d3il-visual/plans/mix_visual_aligning_mf/H8_Dmix_visual_aligning.models.visual_mf_diffusion.VisualMeanFlow_a1.5_b1.0_aw1_VTrue_steps1000_bs64_Bdit_Emf_tslogit_normal_TB80pct/H8_K2_Meuler_T0.5_Dmix_visual_aligning.models.visual_mf_diffusion.VisualMeanFlow_VTrue_mpc4_Bdit_Emf,6,train,combined_5,combined_5,False,geo_free-bounds_free,mix_visual_aligning.models.visual_mf_diffusion.VisualMeanFlow,8.0,0.5,4.0,True,cuda,logs/aligning-d3il-visual/plans/mix_visual_aligning_mf/H8_Dmix_visual_aligning.models.visual_mf_diffusion.VisualMeanFlow_a1.5_b1.0_aw1_VTrue_steps1000_bs64_Bdit_Emf_tslogit_normal_TB80pct/H8_K2_Meuler_T0.5_Dmix_visual_aligning.models.visual_mf_diffusion.VisualMeanFlow_VTrue_mpc4_Bdit_Emf/6,mix_visual_aligning_mf/H8_Dmix_visual_aligning.models.visual_mf_diffusion.VisualMeanFlow_a1.5_b1.0_aw1_VTrue_steps1000_bs64_Bdit_Emf_tslogit_normal_TB80pct,mf,,,
14,H8_K2_Meuler_T0.5_Dmix_visual_aligning.models.visual_mf_diffusion.VisualMeanFlow_VTrue_mpc4_Bdit_Emf,/data/home/llim/FMPCC/FM-PCC/logs/aligning-d3il-visual/plans/mix_visual_aligning_mf/H8_Dmix_visual_aligning.models.visual_mf_diffusion.VisualMeanFlow_a1.5_b1.0_aw1_VTrue_steps1000_bs64_Bdit_Emf_tslogit_normal_TB80pct/H8_K2_Meuler_T0.5_Dmix_visual_aligning.models.visual_mf_diffusion.VisualMeanFlow_VTrue_mpc4_Bdit_Emf,6,train,combined_5,combined_5,False,geo_free-model_free,mix_visual_aligning.models.visual_mf_diffusion.VisualMeanFlow,8.0,0.5,4.0,True,cuda,logs/aligning-d3il-visual/plans/mix_visual_aligning_mf/H8_Dmix_visual_aligning.models.visual_mf_diffusion.VisualMeanFlow_a1.5_b1.0_aw1_VTrue_steps1000_bs64_Bdit_Emf_tslogit_normal_TB80pct/H8_K2_Meuler_T0.5_Dmix_visual_aligning.models.visual_mf_diffusion.VisualMeanFlow_VTrue_mpc4_Bdit_Emf/6,mix_visual_aligning_mf/H8_Dmix_visual_aligning.models.visual_mf_diffusion.VisualMeanFlow_a1.5_b1.0_aw1_VTrue_steps1000_bs64_Bdit_Emf_tslogit_normal_TB80pct,mf,,,
14,H8_K2_Meuler_T0.5_Dmix_visual_aligning.models.visual_mf_diffusion.VisualMeanFlow_VTrue_mpc4_Bdit_Emf,/data/home/llim/FMPCC/FM-PCC/logs/aligning-d3il-visual/plans/mix_visual_aligning_mf/H8_Dmix_visual_aligning.models.visual_mf_diffusion.VisualMeanFlow_a1.5_b1.0_aw1_VTrue_steps1000_bs64_Bdit_Emf_tslogit_normal_TB80pct/H8_K2_Meuler_T0.5_Dmix_visual_aligning.models.visual_mf_diffusion.VisualMeanFlow_VTrue_mpc4_Bdit_Emf,6,train,combined_5,combined_5,False,gradient,mix_visual_aligning.models.visual_mf_diffusion.VisualMeanFlow,8.0,0.5,4.0,True,cuda,logs/aligning-d3il-visual/plans/mix_visual_aligning_mf/H8_Dmix_visual_aligning.models.visual_mf_diffusion.VisualMeanFlow_a1.5_b1.0_aw1_VTrue_steps1000_bs64_Bdit_Emf_tslogit_normal_TB80pct/H8_K2_Meuler_T0.5_Dmix_visual_aligning.models.visual_mf_diffusion.VisualMeanFlow_VTrue_mpc4_Bdit_Emf/6,mix_visual_aligning_mf/H8_Dmix_visual_aligning.models.visual_mf_diffusion.VisualMeanFlow_a1.5_b1.0_aw1_VTrue_steps1000_bs64_Bdit_Emf_tslogit_normal_TB80pct,mf,,,
14,H8_K2_Meuler_T0.5_Dmix_visual_aligning.models.visual_mf_diffusion.VisualMeanFlow_VTrue_mpc4_Bdit_Emf,/data/home/llim/FMPCC/FM-PCC/logs/aligning-d3il-visual/plans/mix_visual_aligning_mf/H8_Dmix_visual_aligning.models.visual_mf_diffusion.VisualMeanFlow_a1.5_b1.0_aw1_VTrue_steps1000_bs64_Bdit_Emf_tslogit_normal_TB80pct/H8_K2_Meuler_T0.5_Dmix_visual_aligning.models.visual_mf_diffusion.VisualMeanFlow_VTrue_mpc4_Bdit_Emf,6,train,combined_5,combined_5,False,model_free,mix_visual_aligning.models.visual_mf_diffusion.VisualMeanFlow,8.0,0.5,4.0,True,cuda,logs/aligning-d3il-visual/plans/mix_visual_aligning_mf/H8_Dmix_visual_aligning.models.visual_mf_diffusion.VisualMeanFlow_a1.5_b1.0_aw1_VTrue_steps1000_bs64_Bdit_Emf_tslogit_normal_TB80pct/H8_K2_Meuler_T0.5_Dmix_visual_aligning.models.visual_mf_diffusion.VisualMeanFlow_VTrue_mpc4_Bdit_Emf/6,mix_visual_aligning_mf/H8_Dmix_visual_aligning.models.visual_mf_diffusion.VisualMeanFlow_a1.5_b1.0_aw1_VTrue_steps1000_bs64_Bdit_Emf_tslogit_normal_TB80pct,mf,,,
14,H8_K2_Meuler_T0.5_Dmix_visual_aligning.models.visual_mf_diffusion.VisualMeanFlow_VTrue_mpc4_Bdit_Emf,/data/home/llim/FMPCC/FM-PCC/logs/aligning-d3il-visual/plans/mix_visual_aligning_mf/H8_Dmix_visual_aligning.models.visual_mf_diffusion.VisualMeanFlow_a1.5_b1.0_aw1_VTrue_steps1000_bs64_Bdit_Emf_tslogit_normal_TB80pct/H8_K2_Meuler_T0.5_Dmix_visual_aligning.models.visual_mf_diffusion.VisualMeanFlow_VTrue_mpc4_Bdit_Emf,6,train,combined_5,combined_5,False,model_free-bounds_free,mix_visual_aligning.models.visual_mf_diffusion.VisualMeanFlow,8.0,0.5,4.0,True,cuda,logs/aligning-d3il-visual/plans/mix_visual_aligning_mf/H8_Dmix_visual_aligning.models.visual_mf_diffusion.VisualMeanFlow_a1.5_b1.0_aw1_VTrue_steps1000_bs64_Bdit_Emf_tslogit_normal_TB80pct/H8_K2_Meuler_T0.5_Dmix_visual_aligning.models.visual_mf_diffusion.VisualMeanFlow_VTrue_mpc4_Bdit_Emf/6,mix_visual_aligning_mf/H8_Dmix_visual_aligning.models.visual_mf_diffusion.VisualMeanFlow_a1.5_b1.0_aw1_VTrue_steps1000_bs64_Bdit_Emf_tslogit_normal_TB80pct,mf,,,
14,H8_K2_Meuler_T0.5_Dmix_visual_aligning.models.visual_mf_diffusion.VisualMeanFlow_VTrue_mpc4_Bdit_Emf,/data/home/llim/FMPCC/FM-PCC/logs/aligning-d3il-visual/plans/mix_visual_aligning_mf/H8_Dmix_visual_aligning.models.visual_mf_diffusion.VisualMeanFlow_a1.5_b1.0_aw1_VTrue_steps1000_bs64_Bdit_Emf_tslogit_normal_TB80pct/H8_K2_Meuler_T0.5_Dmix_visual_aligning.models.visual_mf_diffusion.VisualMeanFlow_VTrue_mpc4_Bdit_Emf,6,train,combined_5,combined_5,False,post_processing,mix_visual_aligning.models.visual_mf_diffusion.VisualMeanFlow,8.0,0.5,4.0,True,cuda,logs/aligning-d3il-visual/plans/mix_visual_aligning_mf/H8_Dmix_visual_aligning.models.visual_mf_diffusion.VisualMeanFlow_a1.5_b1.0_aw1_VTrue_steps1000_bs64_Bdit_Emf_tslogit_normal_TB80pct/H8_K2_Meuler_T0.5_Dmix_visual_aligning.models.visual_mf_diffusion.VisualMeanFlow_VTrue_mpc4_Bdit_Emf/6,mix_visual_aligning_mf/H8_Dmix_visual_aligning.models.visual_mf_diffusion.VisualMeanFlow_a1.5_b1.0_aw1_VTrue_steps1000_bs64_Bdit_Emf_tslogit_normal_TB80pct,mf,,,
14,H8_K2_Meuler_T0.5_Dmix_visual_aligning.models.visual_mf_diffusion.VisualMeanFlow_VTrue_mpc4_Bdit_Emf,/data/home/llim/FMPCC/FM-PCC/logs/aligning-d3il-visual/plans/mix_visual_aligning_mf/H8_Dmix_visual_aligning.models.visual_mf_diffusion.VisualMeanFlow_a1.5_b1.0_aw1_VTrue_steps1000_bs64_Bdit_Emf_tslogit_normal_TB80pct/H8_K2_Meuler_T0.5_Dmix_visual_aligning.models.visual_mf_diffusion.VisualMeanFlow_VTrue_mpc4_Bdit_Emf,6,train,combined_5-tightened,combined_5,True,bounds_free,mix_visual_aligning.models.visual_mf_diffusion.VisualMeanFlow,8.0,0.5,4.0,True,cuda,logs/aligning-d3il-visual/plans/mix_visual_aligning_mf/H8_Dmix_visual_aligning.models.visual_mf_diffusion.VisualMeanFlow_a1.5_b1.0_aw1_VTrue_steps1000_bs64_Bdit_Emf_tslogit_normal_TB80pct/H8_K2_Meuler_T0.5_Dmix_visual_aligning.models.visual_mf_diffusion.VisualMeanFlow_VTrue_mpc4_Bdit_Emf/6,mix_visual_aligning_mf/H8_Dmix_visual_aligning.models.visual_mf_diffusion.VisualMeanFlow_a1.5_b1.0_aw1_VTrue_steps1000_bs64_Bdit_Emf_tslogit_normal_TB80pct,mf,,,
14,H8_K2_Meuler_T0.5_Dmix_visual_aligning.models.visual_mf_diffusion.VisualMeanFlow_VTrue_mpc4_Bdit_Emf,/data/home/llim/FMPCC/FM-PCC/logs/aligning-d3il-visual/plans/mix_visual_aligning_mf/H8_Dmix_visual_aligning.models.visual_mf_diffusion.VisualMeanFlow_a1.5_b1.0_aw1_VTrue_steps1000_bs64_Bdit_Emf_tslogit_normal_TB80pct/H8_K2_Meuler_T0.5_Dmix_visual_aligning.models.visual_mf_diffusion.VisualMeanFlow_VTrue_mpc4_Bdit_Emf,6,train,combined_5-tightened,combined_5,True,diffuser,mix_visual_aligning.models.visual_mf_diffusion.VisualMeanFlow,8.0,0.5,4.0,True,cuda,logs/aligning-d3il-visual/plans/mix_visual_aligning_mf/H8_Dmix_visual_aligning.models.visual_mf_diffusion.VisualMeanFlow_a1.5_b1.0_aw1_VTrue_steps1000_bs64_Bdit_Emf_tslogit_normal_TB80pct/H8_K2_Meuler_T0.5_Dmix_visual_aligning.models.visual_mf_diffusion.VisualMeanFlow_VTrue_mpc4_Bdit_Emf/6,mix_visual_aligning_mf/H8_Dmix_visual_aligning.models.visual_mf_diffusion.VisualMeanFlow_a1.5_b1.0_aw1_VTrue_steps1000_bs64_Bdit_Emf_tslogit_normal_TB80pct,mf,,,
14,H8_K2_Meuler_T0.5_Dmix_visual_aligning.models.visual_mf_diffusion.VisualMeanFlow_VTrue_mpc4_Bdit_Emf,/data/home/llim/FMPCC/FM-PCC/logs/aligning-d3il-visual/plans/mix_visual_aligning_mf/H8_Dmix_visual_aligning.models.visual_mf_diffusion.VisualMeanFlow_a1.5_b1.0_aw1_VTrue_steps1000_bs64_Bdit_Emf_tslogit_normal_TB80pct/H8_K2_Meuler_T0.5_Dmix_visual_aligning.models.visual_mf_diffusion.VisualMeanFlow_VTrue_mpc4_Bdit_Emf,6,train,combined_5-tightened,combined_5,True,dpcc-c,mix_visual_aligning.models.visual_mf_diffusion.VisualMeanFlow,8.0,0.5,4.0,True,cuda,logs/aligning-d3il-visual/plans/mix_visual_aligning_mf/H8_Dmix_visual_aligning.models.visual_mf_diffusion.VisualMeanFlow_a1.5_b1.0_aw1_VTrue_steps1000_bs64_Bdit_Emf_tslogit_normal_TB80pct/H8_K2_Meuler_T0.5_Dmix_visual_aligning.models.visual_mf_diffusion.VisualMeanFlow_VTrue_mpc4_Bdit_Emf/6,mix_visual_aligning_mf/H8_Dmix_visual_aligning.models.visual_mf_diffusion.VisualMeanFlow_a1.5_b1.0_aw1_VTrue_steps1000_bs64_Bdit_Emf_tslogit_normal_TB80pct,mf,,,
14,H8_K2_Meuler_T0.5_Dmix_visual_aligning.models.visual_mf_diffusion.VisualMeanFlow_VTrue_mpc4_Bdit_Emf,/data/home/llim/FMPCC/FM-PCC/logs/aligning-d3il-visual/plans/mix_visual_aligning_mf/H8_Dmix_visual_aligning.models.visual_mf_diffusion.VisualMeanFlow_a1.5_b1.0_aw1_VTrue_steps1000_bs64_Bdit_Emf_tslogit_normal_TB80pct/H8_K2_Meuler_T0.5_Dmix_visual_aligning.models.visual_mf_diffusion.VisualMeanFlow_VTrue_mpc4_Bdit_Emf,6,train,combined_5-tightened,combined_5,True,dpcc-c-dt0p25,mix_visual_aligning.models.visual_mf_diffusion.VisualMeanFlow,8.0,0.5,4.0,True,cuda,logs/aligning-d3il-visual/plans/mix_visual_aligning_mf/H8_Dmix_visual_aligning.models.visual_mf_diffusion.VisualMeanFlow_a1.5_b1.0_aw1_VTrue_steps1000_bs64_Bdit_Emf_tslogit_normal_TB80pct/H8_K2_Meuler_T0.5_Dmix_visual_aligning.models.visual_mf_diffusion.VisualMeanFlow_VTrue_mpc4_Bdit_Emf/6,mix_visual_aligning_mf/H8_Dmix_visual_aligning.models.visual_mf_diffusion.VisualMeanFlow_a1.5_b1.0_aw1_VTrue_steps1000_bs64_Bdit_Emf_tslogit_normal_TB80pct,mf,,,
14,H8_K2_Meuler_T0.5_Dmix_visual_aligning.models.visual_mf_diffusion.VisualMeanFlow_VTrue_mpc4_Bdit_Emf,/data/home/llim/FMPCC/FM-PCC/logs/aligning-d3il-visual/plans/mix_visual_aligning_mf/H8_Dmix_visual_aligning.models.visual_mf_diffusion.VisualMeanFlow_a1.5_b1.0_aw1_VTrue_steps1000_bs64_Bdit_Emf_tslogit_normal_TB80pct/H8_K2_Meuler_T0.5_Dmix_visual_aligning.models.visual_mf_diffusion.VisualMeanFlow_VTrue_mpc4_Bdit_Emf,6,train,combined_5-tightened,combined_5,True,dpcc-c-dt0p5,mix_visual_aligning.models.visual_mf_diffusion.VisualMeanFlow,8.0,0.5,4.0,True,cuda,logs/aligning-d3il-visual/plans/mix_visual_aligning_mf/H8_Dmix_visual_aligning.models.visual_mf_diffusion.VisualMeanFlow_a1.5_b1.0_aw1_VTrue_steps1000_bs64_Bdit_Emf_tslogit_normal_TB80pct/H8_K2_Meuler_T0.5_Dmix_visual_aligning.models.visual_mf_diffusion.VisualMeanFlow_VTrue_mpc4_Bdit_Emf/6,mix_visual_aligning_mf/H8_Dmix_visual_aligning.models.visual_mf_diffusion.VisualMeanFlow_a1.5_b1.0_aw1_VTrue_steps1000_bs64_Bdit_Emf_tslogit_normal_TB80pct,mf,,,
14,H8_K2_Meuler_T0.5_Dmix_visual_aligning.models.visual_mf_diffusion.VisualMeanFlow_VTrue_mpc4_Bdit_Emf,/data/home/llim/FMPCC/FM-PCC/logs/aligning-d3il-visual/plans/mix_visual_aligning_mf/H8_Dmix_visual_aligning.models.visual_mf_diffusion.VisualMeanFlow_a1.5_b1.0_aw1_VTrue_steps1000_bs64_Bdit_Emf_tslogit_normal_TB80pct/H8_K2_Meuler_T0.5_Dmix_visual_aligning.models.visual_mf_diffusion.VisualMeanFlow_VTrue_mpc4_Bdit_Emf,6,train,combined_5-tightened,combined_5,True,dpcc-c-dt2p0,mix_visual_aligning.models.visual_mf_diffusion.VisualMeanFlow,8.0,0.5,4.0,True,cuda,logs/aligning-d3il-visual/plans/mix_visual_aligning_mf/H8_Dmix_visual_aligning.models.visual_mf_diffusion.VisualMeanFlow_a1.5_b1.0_aw1_VTrue_steps1000_bs64_Bdit_Emf_tslogit_normal_TB80pct/H8_K2_Meuler_T0.5_Dmix_visual_aligning.models.visual_mf_diffusion.VisualMeanFlow_VTrue_mpc4_Bdit_Emf/6,mix_visual_aligning_mf/H8_Dmix_visual_aligning.models.visual_mf_diffusion.VisualMeanFlow_a1.5_b1.0_aw1_VTrue_steps1000_bs64_Bdit_Emf_tslogit_normal_TB80pct,mf,,,
14,H8_K2_Meuler_T0.5_Dmix_visual_aligning.models.visual_mf_diffusion.VisualMeanFlow_VTrue_mpc4_Bdit_Emf,/data/home/llim/FMPCC/FM-PCC/logs/aligning-d3il-visual/plans/mix_visual_aligning_mf/H8_Dmix_visual_aligning.models.visual_mf_diffusion.VisualMeanFlow_a1.5_b1.0_aw1_VTrue_steps1000_bs64_Bdit_Emf_tslogit_normal_TB80pct/H8_K2_Meuler_T0.5_Dmix_visual_aligning.models.visual_mf_diffusion.VisualMeanFlow_VTrue_mpc4_Bdit_Emf,6,train,combined_5-tightened,combined_5,True,dpcc-c-dt4p0,mix_visual_aligning.models.visual_mf_diffusion.VisualMeanFlow,8.0,0.5,4.0,True,cuda,logs/aligning-d3il-visual/plans/mix_visual_aligning_mf/H8_Dmix_visual_aligning.models.visual_mf_diffusion.VisualMeanFlow_a1.5_b1.0_aw1_VTrue_steps1000_bs64_Bdit_Emf_tslogit_normal_TB80pct/H8_K2_Meuler_T0.5_Dmix_visual_aligning.models.visual_mf_diffusion.VisualMeanFlow_VTrue_mpc4_Bdit_Emf/6,mix_visual_aligning_mf/H8_Dmix_visual_aligning.models.visual_mf_diffusion.VisualMeanFlow_a1.5_b1.0_aw1_VTrue_steps1000_bs64_Bdit_Emf_tslogit_normal_TB80pct,mf,,,
14,H8_K2_Meuler_T0.5_Dmix_visual_aligning.models.visual_mf_diffusion.VisualMeanFlow_VTrue_mpc4_Bdit_Emf,/data/home/llim/FMPCC/FM-PCC/logs/aligning-d3il-visual/plans/mix_visual_aligning_mf/H8_Dmix_visual_aligning.models.visual_mf_diffusion.VisualMeanFlow_a1.5_b1.0_aw1_VTrue_steps1000_bs64_Bdit_Emf_tslogit_normal_TB80pct/H8_K2_Meuler_T0.5_Dmix_visual_aligning.models.visual_mf_diffusion.VisualMeanFlow_VTrue_mpc4_Bdit_Emf,6,train,combined_5-tightened,combined_5,True,dpcc-r,mix_visual_aligning.models.visual_mf_diffusion.VisualMeanFlow,8.0,0.5,4.0,True,cuda,logs/aligning-d3il-visual/plans/mix_visual_aligning_mf/H8_Dmix_visual_aligning.models.visual_mf_diffusion.VisualMeanFlow_a1.5_b1.0_aw1_VTrue_steps1000_bs64_Bdit_Emf_tslogit_normal_TB80pct/H8_K2_Meuler_T0.5_Dmix_visual_aligning.models.visual_mf_diffusion.VisualMeanFlow_VTrue_mpc4_Bdit_Emf/6,mix_visual_aligning_mf/H8_Dmix_visual_aligning.models.visual_mf_diffusion.VisualMeanFlow_a1.5_b1.0_aw1_VTrue_steps1000_bs64_Bdit_Emf_tslogit_normal_TB80pct,mf,,,
14,H8_K2_Meuler_T0.5_Dmix_visual_aligning.models.visual_mf_diffusion.VisualMeanFlow_VTrue_mpc4_Bdit_Emf,/data/home/llim/FMPCC/FM-PCC/logs/aligning-d3il-visual/plans/mix_visual_aligning_mf/H8_Dmix_visual_aligning.models.visual_mf_diffusion.VisualMeanFlow_a1.5_b1.0_aw1_VTrue_steps1000_bs64_Bdit_Emf_tslogit_normal_TB80pct/H8_K2_Meuler_T0.5_Dmix_visual_aligning.models.visual_mf_diffusion.VisualMeanFlow_VTrue_mpc4_Bdit_Emf,6,train,combined_5-tightened,combined_5,True,dpcc-t,mix_visual_aligning.models.visual_mf_diffusion.VisualMeanFlow,8.0,0.5,4.0,True,cuda,logs/aligning-d3il-visual/plans/mix_visual_aligning_mf/H8_Dmix_visual_aligning.models.visual_mf_diffusion.VisualMeanFlow_a1.5_b1.0_aw1_VTrue_steps1000_bs64_Bdit_Emf_tslogit_normal_TB80pct/H8_K2_Meuler_T0.5_Dmix_visual_aligning.models.visual_mf_diffusion.VisualMeanFlow_VTrue_mpc4_Bdit_Emf/6,mix_visual_aligning_mf/H8_Dmix_visual_aligning.models.visual_mf_diffusion.VisualMeanFlow_a1.5_b1.0_aw1_VTrue_steps1000_bs64_Bdit_Emf_tslogit_normal_TB80pct,mf,,,
14,H8_K2_Meuler_T0.5_Dmix_visual_aligning.models.visual_mf_diffusion.VisualMeanFlow_VTrue_mpc4_Bdit_Emf,/data/home/llim/FMPCC/FM-PCC/logs/aligning-d3il-visual/plans/mix_visual_aligning_mf/H8_Dmix_visual_aligning.models.visual_mf_diffusion.VisualMeanFlow_a1.5_b1.0_aw1_VTrue_steps1000_bs64_Bdit_Emf_tslogit_normal_TB80pct/H8_K2_Meuler_T0.5_Dmix_visual_aligning.models.visual_mf_diffusion.VisualMeanFlow_VTrue_mpc4_Bdit_Emf,6,train,combined_5-tightened,combined_5,True,geo_free,mix_visual_aligning.models.visual_mf_diffusion.VisualMeanFlow,8.0,0.5,4.0,True,cuda,logs/aligning-d3il-visual/plans/mix_visual_aligning_mf/H8_Dmix_visual_aligning.models.visual_mf_diffusion.VisualMeanFlow_a1.5_b1.0_aw1_VTrue_steps1000_bs64_Bdit_Emf_tslogit_normal_TB80pct/H8_K2_Meuler_T0.5_Dmix_visual_aligning.models.visual_mf_diffusion.VisualMeanFlow_VTrue_mpc4_Bdit_Emf/6,mix_visual_aligning_mf/H8_Dmix_visual_aligning.models.visual_mf_diffusion.VisualMeanFlow_a1.5_b1.0_aw1_VTrue_steps1000_bs64_Bdit_Emf_tslogit_normal_TB80pct,mf,,,
14,H8_K2_Meuler_T0.5_Dmix_visual_aligning.models.visual_mf_diffusion.VisualMeanFlow_VTrue_mpc4_Bdit_Emf,/data/home/llim/FMPCC/FM-PCC/logs/aligning-d3il-visual/plans/mix_visual_aligning_mf/H8_Dmix_visual_aligning.models.visual_mf_diffusion.VisualMeanFlow_a1.5_b1.0_aw1_VTrue_steps1000_bs64_Bdit_Emf_tslogit_normal_TB80pct/H8_K2_Meuler_T0.5_Dmix_visual_aligning.models.visual_mf_diffusion.VisualMeanFlow_VTrue_mpc4_Bdit_Emf,6,train,combined_5-tightened,combined_5,True,geo_free-bounds_free,mix_visual_aligning.models.visual_mf_diffusion.VisualMeanFlow,8.0,0.5,4.0,True,cuda,logs/aligning-d3il-visual/plans/mix_visual_aligning_mf/H8_Dmix_visual_aligning.models.visual_mf_diffusion.VisualMeanFlow_a1.5_b1.0_aw1_VTrue_steps1000_bs64_Bdit_Emf_tslogit_normal_TB80pct/H8_K2_Meuler_T0.5_Dmix_visual_aligning.models.visual_mf_diffusion.VisualMeanFlow_VTrue_mpc4_Bdit_Emf/6,mix_visual_aligning_mf/H8_Dmix_visual_aligning.models.visual_mf_diffusion.VisualMeanFlow_a1.5_b1.0_aw1_VTrue_steps1000_bs64_Bdit_Emf_tslogit_normal_TB80pct,mf,,,
14,H8_K2_Meuler_T0.5_Dmix_visual_aligning.models.visual_mf_diffusion.VisualMeanFlow_VTrue_mpc4_Bdit_Emf,/data/home/llim/FMPCC/FM-PCC/logs/aligning-d3il-visual/plans/mix_visual_aligning_mf/H8_Dmix_visual_aligning.models.visual_mf_diffusion.VisualMeanFlow_a1.5_b1.0_aw1_VTrue_steps1000_bs64_Bdit_Emf_tslogit_normal_TB80pct/H8_K2_Meuler_T0.5_Dmix_visual_aligning.models.visual_mf_diffusion.VisualMeanFlow_VTrue_mpc4_Bdit_Emf,6,train,combined_5-tightened,combined_5,True,geo_free-model_free,mix_visual_aligning.models.visual_mf_diffusion.VisualMeanFlow,8.0,0.5,4.0,True,cuda,logs/aligning-d3il-visual/plans/mix_visual_aligning_mf/H8_Dmix_visual_aligning.models.visual_mf_diffusion.VisualMeanFlow_a1.5_b1.0_aw1_VTrue_steps1000_bs64_Bdit_Emf_tslogit_normal_TB80pct/H8_K2_Meuler_T0.5_Dmix_visual_aligning.models.visual_mf_diffusion.VisualMeanFlow_VTrue_mpc4_Bdit_Emf/6,mix_visual_aligning_mf/H8_Dmix_visual_aligning.models.visual_mf_diffusion.VisualMeanFlow_a1.5_b1.0_aw1_VTrue_steps1000_bs64_Bdit_Emf_tslogit_normal_TB80pct,mf,,,
14,H8_K2_Meuler_T0.5_Dmix_visual_aligning.models.visual_mf_diffusion.VisualMeanFlow_VTrue_mpc4_Bdit_Emf,/data/home/llim/FMPCC/FM-PCC/logs/aligning-d3il-visual/plans/mix_visual_aligning_mf/H8_Dmix_visual_aligning.models.visual_mf_diffusion.VisualMeanFlow_a1.5_b1.0_aw1_VTrue_steps1000_bs64_Bdit_Emf_tslogit_normal_TB80pct/H8_K2_Meuler_T0.5_Dmix_visual_aligning.models.visual_mf_diffusion.VisualMeanFlow_VTrue_mpc4_Bdit_Emf,6,train,combined_5-tightened,combined_5,True,gradient,mix_visual_aligning.models.visual_mf_diffusion.VisualMeanFlow,8.0,0.5,4.0,True,cuda,logs/aligning-d3il-visual/plans/mix_visual_aligning_mf/H8_Dmix_visual_aligning.models.visual_mf_diffusion.VisualMeanFlow_a1.5_b1.0_aw1_VTrue_steps1000_bs64_Bdit_Emf_tslogit_normal_TB80pct/H8_K2_Meuler_T0.5_Dmix_visual_aligning.models.visual_mf_diffusion.VisualMeanFlow_VTrue_mpc4_Bdit_Emf/6,mix_visual_aligning_mf/H8_Dmix_visual_aligning.models.visual_mf_diffusion.VisualMeanFlow_a1.5_b1.0_aw1_VTrue_steps1000_bs64_Bdit_Emf_tslogit_normal_TB80pct,mf,,,
14,H8_K2_Meuler_T0.5_Dmix_visual_aligning.models.visual_mf_diffusion.VisualMeanFlow_VTrue_mpc4_Bdit_Emf,/data/home/llim/FMPCC/FM-PCC/logs/aligning-d3il-visual/plans/mix_visual_aligning_mf/H8_Dmix_visual_aligning.models.visual_mf_diffusion.VisualMeanFlow_a1.5_b1.0_aw1_VTrue_steps1000_bs64_Bdit_Emf_tslogit_normal_TB80pct/H8_K2_Meuler_T0.5_Dmix_visual_aligning.models.visual_mf_diffusion.VisualMeanFlow_VTrue_mpc4_Bdit_Emf,6,train,combined_5-tightened,combined_5,True,model_free,mix_visual_aligning.models.visual_mf_diffusion.VisualMeanFlow,8.0,0.5,4.0,True,cuda,logs/aligning-d3il-visual/plans/mix_visual_aligning_mf/H8_Dmix_visual_aligning.models.visual_mf_diffusion.VisualMeanFlow_a1.5_b1.0_aw1_VTrue_steps1000_bs64_Bdit_Emf_tslogit_normal_TB80pct/H8_K2_Meuler_T0.5_Dmix_visual_aligning.models.visual_mf_diffusion.VisualMeanFlow_VTrue_mpc4_Bdit_Emf/6,mix_visual_aligning_mf/H8_Dmix_visual_aligning.models.visual_mf_diffusion.VisualMeanFlow_a1.5_b1.0_aw1_VTrue_steps1000_bs64_Bdit_Emf_tslogit_normal_TB80pct,mf,,,
14,H8_K2_Meuler_T0.5_Dmix_visual_aligning.models.visual_mf_diffusion.VisualMeanFlow_VTrue_mpc4_Bdit_Emf,/data/home/llim/FMPCC/FM-PCC/logs/aligning-d3il-visual/plans/mix_visual_aligning_mf/H8_Dmix_visual_aligning.models.visual_mf_diffusion.VisualMeanFlow_a1.5_b1.0_aw1_VTrue_steps1000_bs64_Bdit_Emf_tslogit_normal_TB80pct/H8_K2_Meuler_T0.5_Dmix_visual_aligning.models.visual_mf_diffusion.VisualMeanFlow_VTrue_mpc4_Bdit_Emf,6,train,combined_5-tightened,combined_5,True,model_free-bounds_free,mix_visual_aligning.models.visual_mf_diffusion.VisualMeanFlow,8.0,0.5,4.0,True,cuda,logs/aligning-d3il-visual/plans/mix_visual_aligning_mf/H8_Dmix_visual_aligning.models.visual_mf_diffusion.VisualMeanFlow_a1.5_b1.0_aw1_VTrue_steps1000_bs64_Bdit_Emf_tslogit_normal_TB80pct/H8_K2_Meuler_T0.5_Dmix_visual_aligning.models.visual_mf_diffusion.VisualMeanFlow_VTrue_mpc4_Bdit_Emf/6,mix_visual_aligning_mf/H8_Dmix_visual_aligning.models.visual_mf_diffusion.VisualMeanFlow_a1.5_b1.0_aw1_VTrue_steps1000_bs64_Bdit_Emf_tslogit_normal_TB80pct,mf,,,
14,H8_K2_Meuler_T0.5_Dmix_visual_aligning.models.visual_mf_diffusion.VisualMeanFlow_VTrue_mpc4_Bdit_Emf,/data/home/llim/FMPCC/FM-PCC/logs/aligning-d3il-visual/plans/mix_visual_aligning_mf/H8_Dmix_visual_aligning.models.visual_mf_diffusion.VisualMeanFlow_a1.5_b1.0_aw1_VTrue_steps1000_bs64_Bdit_Emf_tslogit_normal_TB80pct/H8_K2_Meuler_T0.5_Dmix_visual_aligning.models.visual_mf_diffusion.VisualMeanFlow_VTrue_mpc4_Bdit_Emf,6,train,combined_5-tightened,combined_5,True,post_processing,mix_visual_aligning.models.visual_mf_diffusion.VisualMeanFlow,8.0,0.5,4.0,True,cuda,logs/aligning-d3il-visual/plans/mix_visual_aligning_mf/H8_Dmix_visual_aligning.models.visual_mf_diffusion.VisualMeanFlow_a1.5_b1.0_aw1_VTrue_steps1000_bs64_Bdit_Emf_tslogit_normal_TB80pct/H8_K2_Meuler_T0.5_Dmix_visual_aligning.models.visual_mf_diffusion.VisualMeanFlow_VTrue_mpc4_Bdit_Emf/6,mix_visual_aligning_mf/H8_Dmix_visual_aligning.models.visual_mf_diffusion.VisualMeanFlow_a1.5_b1.0_aw1_VTrue_steps1000_bs64_Bdit_Emf_tslogit_normal_TB80pct,mf,,,
15,H8_K2_Meuler_T0.5_Dmix_visual_aligning.models.visual_mf_diffusion.VisualMeanFlow_VTrue_mpc4_Bmf_dit_Emf,/data/home/llim/FMPCC/FM-PCC/logs/aligning-d3il-visual/plans/mix_visual_aligning_mf/H8_Dmix_visual_aligning.models.visual_mf_diffusion.VisualMeanFlow_a1.5_b1.0_aw1_VTrue_steps1000_bs64_Bmf_dit_Emf_tslogit_normal_VPTrue_VLR0.1_VCadaln/H8_K2_Meuler_T0.5_Dmix_visual_aligning.models.visual_mf_diffusion.VisualMeanFlow_VTrue_mpc4_Bmf_dit_Emf,6,train,combined_5,combined_5,False,bounds_free,mix_visual_aligning.models.visual_mf_diffusion.VisualMeanFlow,8.0,0.5,4.0,True,cuda,logs/aligning-d3il-visual/plans/mix_visual_aligning_mf/H8_Dmix_visual_aligning.models.visual_mf_diffusion.VisualMeanFlow_a1.5_b1.0_aw1_VTrue_steps1000_bs64_Bmf_dit_Emf_tslogit_normal_VPTrue_VLR0.1_VCadaln/H8_K2_Meuler_T0.5_Dmix_visual_aligning.models.visual_mf_diffusion.VisualMeanFlow_VTrue_mpc4_Bmf_dit_Emf/6,mix_visual_aligning_mf/H8_Dmix_visual_aligning.models.visual_mf_diffusion.VisualMeanFlow_a1.5_b1.0_aw1_VTrue_steps1000_bs64_Bmf_dit_Emf_tslogit_normal_VPTrue_VLR0.1_VCadaln,mf,,,
15,H8_K2_Meuler_T0.5_Dmix_visual_aligning.models.visual_mf_diffusion.VisualMeanFlow_VTrue_mpc4_Bmf_dit_Emf,/data/home/llim/FMPCC/FM-PCC/logs/aligning-d3il-visual/plans/mix_visual_aligning_mf/H8_Dmix_visual_aligning.models.visual_mf_diffusion.VisualMeanFlow_a1.5_b1.0_aw1_VTrue_steps1000_bs64_Bmf_dit_Emf_tslogit_normal_VPTrue_VLR0.1_VCadaln/H8_K2_Meuler_T0.5_Dmix_visual_aligning.models.visual_mf_diffusion.VisualMeanFlow_VTrue_mpc4_Bmf_dit_Emf,6,train,combined_5,combined_5,False,diffuser,mix_visual_aligning.models.visual_mf_diffusion.VisualMeanFlow,8.0,0.5,4.0,True,cuda,logs/aligning-d3il-visual/plans/mix_visual_aligning_mf/H8_Dmix_visual_aligning.models.visual_mf_diffusion.VisualMeanFlow_a1.5_b1.0_aw1_VTrue_steps1000_bs64_Bmf_dit_Emf_tslogit_normal_VPTrue_VLR0.1_VCadaln/H8_K2_Meuler_T0.5_Dmix_visual_aligning.models.visual_mf_diffusion.VisualMeanFlow_VTrue_mpc4_Bmf_dit_Emf/6,mix_visual_aligning_mf/H8_Dmix_visual_aligning.models.visual_mf_diffusion.VisualMeanFlow_a1.5_b1.0_aw1_VTrue_steps1000_bs64_Bmf_dit_Emf_tslogit_normal_VPTrue_VLR0.1_VCadaln,mf,,,
15,H8_K2_Meuler_T0.5_Dmix_visual_aligning.models.visual_mf_diffusion.VisualMeanFlow_VTrue_mpc4_Bmf_dit_Emf,/data/home/llim/FMPCC/FM-PCC/logs/aligning-d3il-visual/plans/mix_visual_aligning_mf/H8_Dmix_visual_aligning.models.visual_mf_diffusion.VisualMeanFlow_a1.5_b1.0_aw1_VTrue_steps1000_bs64_Bmf_dit_Emf_tslogit_normal_VPTrue_VLR0.1_VCadaln/H8_K2_Meuler_T0.5_Dmix_visual_aligning.models.visual_mf_diffusion.VisualMeanFlow_VTrue_mpc4_Bmf_dit_Emf,6,train,combined_5,combined_5,False,dpcc-c,mix_visual_aligning.models.visual_mf_diffusion.VisualMeanFlow,8.0,0.5,4.0,True,cuda,logs/aligning-d3il-visual/plans/mix_visual_aligning_mf/H8_Dmix_visual_aligning.models.visual_mf_diffusion.VisualMeanFlow_a1.5_b1.0_aw1_VTrue_steps1000_bs64_Bmf_dit_Emf_tslogit_normal_VPTrue_VLR0.1_VCadaln/H8_K2_Meuler_T0.5_Dmix_visual_aligning.models.visual_mf_diffusion.VisualMeanFlow_VTrue_mpc4_Bmf_dit_Emf/6,mix_visual_aligning_mf/H8_Dmix_visual_aligning.models.visual_mf_diffusion.VisualMeanFlow_a1.5_b1.0_aw1_VTrue_steps1000_bs64_Bmf_dit_Emf_tslogit_normal_VPTrue_VLR0.1_VCadaln,mf,,,
15,H8_K2_Meuler_T0.5_Dmix_visual_aligning.models.visual_mf_diffusion.VisualMeanFlow_VTrue_mpc4_Bmf_dit_Emf,/data/home/llim/FMPCC/FM-PCC/logs/aligning-d3il-visual/plans/mix_visual_aligning_mf/H8_Dmix_visual_aligning.models.visual_mf_diffusion.VisualMeanFlow_a1.5_b1.0_aw1_VTrue_steps1000_bs64_Bmf_dit_Emf_tslogit_normal_VPTrue_VLR0.1_VCadaln/H8_K2_Meuler_T0.5_Dmix_visual_aligning.models.visual_mf_diffusion.VisualMeanFlow_VTrue_mpc4_Bmf_dit_Emf,6,train,combined_5,combined_5,False,dpcc-c-dt0p25,mix_visual_aligning.models.visual_mf_diffusion.VisualMeanFlow,8.0,0.5,4.0,True,cuda,logs/aligning-d3il-visual/plans/mix_visual_aligning_mf/H8_Dmix_visual_aligning.models.visual_mf_diffusion.VisualMeanFlow_a1.5_b1.0_aw1_VTrue_steps1000_bs64_Bmf_dit_Emf_tslogit_normal_VPTrue_VLR0.1_VCadaln/H8_K2_Meuler_T0.5_Dmix_visual_aligning.models.visual_mf_diffusion.VisualMeanFlow_VTrue_mpc4_Bmf_dit_Emf/6,mix_visual_aligning_mf/H8_Dmix_visual_aligning.models.visual_mf_diffusion.VisualMeanFlow_a1.5_b1.0_aw1_VTrue_steps1000_bs64_Bmf_dit_Emf_tslogit_normal_VPTrue_VLR0.1_VCadaln,mf,,,
15,H8_K2_Meuler_T0.5_Dmix_visual_aligning.models.visual_mf_diffusion.VisualMeanFlow_VTrue_mpc4_Bmf_dit_Emf,/data/home/llim/FMPCC/FM-PCC/logs/aligning-d3il-visual/plans/mix_visual_aligning_mf/H8_Dmix_visual_aligning.models.visual_mf_diffusion.VisualMeanFlow_a1.5_b1.0_aw1_VTrue_steps1000_bs64_Bmf_dit_Emf_tslogit_normal_VPTrue_VLR0.1_VCadaln/H8_K2_Meuler_T0.5_Dmix_visual_aligning.models.visual_mf_diffusion.VisualMeanFlow_VTrue_mpc4_Bmf_dit_Emf,6,train,combined_5,combined_5,False,dpcc-c-dt0p5,mix_visual_aligning.models.visual_mf_diffusion.VisualMeanFlow,8.0,0.5,4.0,True,cuda,logs/aligning-d3il-visual/plans/mix_visual_aligning_mf/H8_Dmix_visual_aligning.models.visual_mf_diffusion.VisualMeanFlow_a1.5_b1.0_aw1_VTrue_steps1000_bs64_Bmf_dit_Emf_tslogit_normal_VPTrue_VLR0.1_VCadaln/H8_K2_Meuler_T0.5_Dmix_visual_aligning.models.visual_mf_diffusion.VisualMeanFlow_VTrue_mpc4_Bmf_dit_Emf/6,mix_visual_aligning_mf/H8_Dmix_visual_aligning.models.visual_mf_diffusion.VisualMeanFlow_a1.5_b1.0_aw1_VTrue_steps1000_bs64_Bmf_dit_Emf_tslogit_normal_VPTrue_VLR0.1_VCadaln,mf,,,
15,H8_K2_Meuler_T0.5_Dmix_visual_aligning.models.visual_mf_diffusion.VisualMeanFlow_VTrue_mpc4_Bmf_dit_Emf,/data/home/llim/FMPCC/FM-PCC/logs/aligning-d3il-visual/plans/mix_visual_aligning_mf/H8_Dmix_visual_aligning.models.visual_mf_diffusion.VisualMeanFlow_a1.5_b1.0_aw1_VTrue_steps1000_bs64_Bmf_dit_Emf_tslogit_normal_VPTrue_VLR0.1_VCadaln/H8_K2_Meuler_T0.5_Dmix_visual_aligning.models.visual_mf_diffusion.VisualMeanFlow_VTrue_mpc4_Bmf_dit_Emf,6,train,combined_5,combined_5,False,dpcc-c-dt2p0,mix_visual_aligning.models.visual_mf_diffusion.VisualMeanFlow,8.0,0.5,4.0,True,cuda,logs/aligning-d3il-visual/plans/mix_visual_aligning_mf/H8_Dmix_visual_aligning.models.visual_mf_diffusion.VisualMeanFlow_a1.5_b1.0_aw1_VTrue_steps1000_bs64_Bmf_dit_Emf_tslogit_normal_VPTrue_VLR0.1_VCadaln/H8_K2_Meuler_T0.5_Dmix_visual_aligning.models.visual_mf_diffusion.VisualMeanFlow_VTrue_mpc4_Bmf_dit_Emf/6,mix_visual_aligning_mf/H8_Dmix_visual_aligning.models.visual_mf_diffusion.VisualMeanFlow_a1.5_b1.0_aw1_VTrue_steps1000_bs64_Bmf_dit_Emf_tslogit_normal_VPTrue_VLR0.1_VCadaln,mf,,,
15,H8_K2_Meuler_T0.5_Dmix_visual_aligning.models.visual_mf_diffusion.VisualMeanFlow_VTrue_mpc4_Bmf_dit_Emf,/data/home/llim/FMPCC/FM-PCC/logs/aligning-d3il-visual/plans/mix_visual_aligning_mf/H8_Dmix_visual_aligning.models.visual_mf_diffusion.VisualMeanFlow_a1.5_b1.0_aw1_VTrue_steps1000_bs64_Bmf_dit_Emf_tslogit_normal_VPTrue_VLR0.1_VCadaln/H8_K2_Meuler_T0.5_Dmix_visual_aligning.models.visual_mf_diffusion.VisualMeanFlow_VTrue_mpc4_Bmf_dit_Emf,6,train,combined_5,combined_5,False,dpcc-c-dt4p0,mix_visual_aligning.models.visual_mf_diffusion.VisualMeanFlow,8.0,0.5,4.0,True,cuda,logs/aligning-d3il-visual/plans/mix_visual_aligning_mf/H8_Dmix_visual_aligning.models.visual_mf_diffusion.VisualMeanFlow_a1.5_b1.0_aw1_VTrue_steps1000_bs64_Bmf_dit_Emf_tslogit_normal_VPTrue_VLR0.1_VCadaln/H8_K2_Meuler_T0.5_Dmix_visual_aligning.models.visual_mf_diffusion.VisualMeanFlow_VTrue_mpc4_Bmf_dit_Emf/6,mix_visual_aligning_mf/H8_Dmix_visual_aligning.models.visual_mf_diffusion.VisualMeanFlow_a1.5_b1.0_aw1_VTrue_steps1000_bs64_Bmf_dit_Emf_tslogit_normal_VPTrue_VLR0.1_VCadaln,mf,,,
15,H8_K2_Meuler_T0.5_Dmix_visual_aligning.models.visual_mf_diffusion.VisualMeanFlow_VTrue_mpc4_Bmf_dit_Emf,/data/home/llim/FMPCC/FM-PCC/logs/aligning-d3il-visual/plans/mix_visual_aligning_mf/H8_Dmix_visual_aligning.models.visual_mf_diffusion.VisualMeanFlow_a1.5_b1.0_aw1_VTrue_steps1000_bs64_Bmf_dit_Emf_tslogit_normal_VPTrue_VLR0.1_VCadaln/H8_K2_Meuler_T0.5_Dmix_visual_aligning.models.visual_mf_diffusion.VisualMeanFlow_VTrue_mpc4_Bmf_dit_Emf,6,train,combined_5,combined_5,False,dpcc-r,mix_visual_aligning.models.visual_mf_diffusion.VisualMeanFlow,8.0,0.5,4.0,True,cuda,logs/aligning-d3il-visual/plans/mix_visual_aligning_mf/H8_Dmix_visual_aligning.models.visual_mf_diffusion.VisualMeanFlow_a1.5_b1.0_aw1_VTrue_steps1000_bs64_Bmf_dit_Emf_tslogit_normal_VPTrue_VLR0.1_VCadaln/H8_K2_Meuler_T0.5_Dmix_visual_aligning.models.visual_mf_diffusion.VisualMeanFlow_VTrue_mpc4_Bmf_dit_Emf/6,mix_visual_aligning_mf/H8_Dmix_visual_aligning.models.visual_mf_diffusion.VisualMeanFlow_a1.5_b1.0_aw1_VTrue_steps1000_bs64_Bmf_dit_Emf_tslogit_normal_VPTrue_VLR0.1_VCadaln,mf,,,
15,H8_K2_Meuler_T0.5_Dmix_visual_aligning.models.visual_mf_diffusion.VisualMeanFlow_VTrue_mpc4_Bmf_dit_Emf,/data/home/llim/FMPCC/FM-PCC/logs/aligning-d3il-visual/plans/mix_visual_aligning_mf/H8_Dmix_visual_aligning.models.visual_mf_diffusion.VisualMeanFlow_a1.5_b1.0_aw1_VTrue_steps1000_bs64_Bmf_dit_Emf_tslogit_normal_VPTrue_VLR0.1_VCadaln/H8_K2_Meuler_T0.5_Dmix_visual_aligning.models.visual_mf_diffusion.VisualMeanFlow_VTrue_mpc4_Bmf_dit_Emf,6,train,combined_5,combined_5,False,dpcc-t,mix_visual_aligning.models.visual_mf_diffusion.VisualMeanFlow,8.0,0.5,4.0,True,cuda,logs/aligning-d3il-visual/plans/mix_visual_aligning_mf/H8_Dmix_visual_aligning.models.visual_mf_diffusion.VisualMeanFlow_a1.5_b1.0_aw1_VTrue_steps1000_bs64_Bmf_dit_Emf_tslogit_normal_VPTrue_VLR0.1_VCadaln/H8_K2_Meuler_T0.5_Dmix_visual_aligning.models.visual_mf_diffusion.VisualMeanFlow_VTrue_mpc4_Bmf_dit_Emf/6,mix_visual_aligning_mf/H8_Dmix_visual_aligning.models.visual_mf_diffusion.VisualMeanFlow_a1.5_b1.0_aw1_VTrue_steps1000_bs64_Bmf_dit_Emf_tslogit_normal_VPTrue_VLR0.1_VCadaln,mf,,,
15,H8_K2_Meuler_T0.5_Dmix_visual_aligning.models.visual_mf_diffusion.VisualMeanFlow_VTrue_mpc4_Bmf_dit_Emf,/data/home/llim/FMPCC/FM-PCC/logs/aligning-d3il-visual/plans/mix_visual_aligning_mf/H8_Dmix_visual_aligning.models.visual_mf_diffusion.VisualMeanFlow_a1.5_b1.0_aw1_VTrue_steps1000_bs64_Bmf_dit_Emf_tslogit_normal_VPTrue_VLR0.1_VCadaln/H8_K2_Meuler_T0.5_Dmix_visual_aligning.models.visual_mf_diffusion.VisualMeanFlow_VTrue_mpc4_Bmf_dit_Emf,6,train,combined_5,combined_5,False,geo_free,mix_visual_aligning.models.visual_mf_diffusion.VisualMeanFlow,8.0,0.5,4.0,True,cuda,logs/aligning-d3il-visual/plans/mix_visual_aligning_mf/H8_Dmix_visual_aligning.models.visual_mf_diffusion.VisualMeanFlow_a1.5_b1.0_aw1_VTrue_steps1000_bs64_Bmf_dit_Emf_tslogit_normal_VPTrue_VLR0.1_VCadaln/H8_K2_Meuler_T0.5_Dmix_visual_aligning.models.visual_mf_diffusion.VisualMeanFlow_VTrue_mpc4_Bmf_dit_Emf/6,mix_visual_aligning_mf/H8_Dmix_visual_aligning.models.visual_mf_diffusion.VisualMeanFlow_a1.5_b1.0_aw1_VTrue_steps1000_bs64_Bmf_dit_Emf_tslogit_normal_VPTrue_VLR0.1_VCadaln,mf,,,
15,H8_K2_Meuler_T0.5_Dmix_visual_aligning.models.visual_mf_diffusion.VisualMeanFlow_VTrue_mpc4_Bmf_dit_Emf,/data/home/llim/FMPCC/FM-PCC/logs/aligning-d3il-visual/plans/mix_visual_aligning_mf/H8_Dmix_visual_aligning.models.visual_mf_diffusion.VisualMeanFlow_a1.5_b1.0_aw1_VTrue_steps1000_bs64_Bmf_dit_Emf_tslogit_normal_VPTrue_VLR0.1_VCadaln/H8_K2_Meuler_T0.5_Dmix_visual_aligning.models.visual_mf_diffusion.VisualMeanFlow_VTrue_mpc4_Bmf_dit_Emf,6,train,combined_5,combined_5,False,geo_free-bounds_free,mix_visual_aligning.models.visual_mf_diffusion.VisualMeanFlow,8.0,0.5,4.0,True,cuda,logs/aligning-d3il-visual/plans/mix_visual_aligning_mf/H8_Dmix_visual_aligning.models.visual_mf_diffusion.VisualMeanFlow_a1.5_b1.0_aw1_VTrue_steps1000_bs64_Bmf_dit_Emf_tslogit_normal_VPTrue_VLR0.1_VCadaln/H8_K2_Meuler_T0.5_Dmix_visual_aligning.models.visual_mf_diffusion.VisualMeanFlow_VTrue_mpc4_Bmf_dit_Emf/6,mix_visual_aligning_mf/H8_Dmix_visual_aligning.models.visual_mf_diffusion.VisualMeanFlow_a1.5_b1.0_aw1_VTrue_steps1000_bs64_Bmf_dit_Emf_tslogit_normal_VPTrue_VLR0.1_VCadaln,mf,,,
15,H8_K2_Meuler_T0.5_Dmix_visual_aligning.models.visual_mf_diffusion.VisualMeanFlow_VTrue_mpc4_Bmf_dit_Emf,/data/home/llim/FMPCC/FM-PCC/logs/aligning-d3il-visual/plans/mix_visual_aligning_mf/H8_Dmix_visual_aligning.models.visual_mf_diffusion.VisualMeanFlow_a1.5_b1.0_aw1_VTrue_steps1000_bs64_Bmf_dit_Emf_tslogit_normal_VPTrue_VLR0.1_VCadaln/H8_K2_Meuler_T0.5_Dmix_visual_aligning.models.visual_mf_diffusion.VisualMeanFlow_VTrue_mpc4_Bmf_dit_Emf,6,train,combined_5,combined_5,False,geo_free-model_free,mix_visual_aligning.models.visual_mf_diffusion.VisualMeanFlow,8.0,0.5,4.0,True,cuda,logs/aligning-d3il-visual/plans/mix_visual_aligning_mf/H8_Dmix_visual_aligning.models.visual_mf_diffusion.VisualMeanFlow_a1.5_b1.0_aw1_VTrue_steps1000_bs64_Bmf_dit_Emf_tslogit_normal_VPTrue_VLR0.1_VCadaln/H8_K2_Meuler_T0.5_Dmix_visual_aligning.models.visual_mf_diffusion.VisualMeanFlow_VTrue_mpc4_Bmf_dit_Emf/6,mix_visual_aligning_mf/H8_Dmix_visual_aligning.models.visual_mf_diffusion.VisualMeanFlow_a1.5_b1.0_aw1_VTrue_steps1000_bs64_Bmf_dit_Emf_tslogit_normal_VPTrue_VLR0.1_VCadaln,mf,,,
15,H8_K2_Meuler_T0.5_Dmix_visual_aligning.models.visual_mf_diffusion.VisualMeanFlow_VTrue_mpc4_Bmf_dit_Emf,/data/home/llim/FMPCC/FM-PCC/logs/aligning-d3il-visual/plans/mix_visual_aligning_mf/H8_Dmix_visual_aligning.models.visual_mf_diffusion.VisualMeanFlow_a1.5_b1.0_aw1_VTrue_steps1000_bs64_Bmf_dit_Emf_tslogit_normal_VPTrue_VLR0.1_VCadaln/H8_K2_Meuler_T0.5_Dmix_visual_aligning.models.visual_mf_diffusion.VisualMeanFlow_VTrue_mpc4_Bmf_dit_Emf,6,train,combined_5,combined_5,False,gradient,mix_visual_aligning.models.visual_mf_diffusion.VisualMeanFlow,8.0,0.5,4.0,True,cuda,logs/aligning-d3il-visual/plans/mix_visual_aligning_mf/H8_Dmix_visual_aligning.models.visual_mf_diffusion.VisualMeanFlow_a1.5_b1.0_aw1_VTrue_steps1000_bs64_Bmf_dit_Emf_tslogit_normal_VPTrue_VLR0.1_VCadaln/H8_K2_Meuler_T0.5_Dmix_visual_aligning.models.visual_mf_diffusion.VisualMeanFlow_VTrue_mpc4_Bmf_dit_Emf/6,mix_visual_aligning_mf/H8_Dmix_visual_aligning.models.visual_mf_diffusion.VisualMeanFlow_a1.5_b1.0_aw1_VTrue_steps1000_bs64_Bmf_dit_Emf_tslogit_normal_VPTrue_VLR0.1_VCadaln,mf,,,
15,H8_K2_Meuler_T0.5_Dmix_visual_aligning.models.visual_mf_diffusion.VisualMeanFlow_VTrue_mpc4_Bmf_dit_Emf,/data/home/llim/FMPCC/FM-PCC/logs/aligning-d3il-visual/plans/mix_visual_aligning_mf/H8_Dmix_visual_aligning.models.visual_mf_diffusion.VisualMeanFlow_a1.5_b1.0_aw1_VTrue_steps1000_bs64_Bmf_dit_Emf_tslogit_normal_VPTrue_VLR0.1_VCadaln/H8_K2_Meuler_T0.5_Dmix_visual_aligning.models.visual_mf_diffusion.VisualMeanFlow_VTrue_mpc4_Bmf_dit_Emf,6,train,combined_5,combined_5,False,model_free,mix_visual_aligning.models.visual_mf_diffusion.VisualMeanFlow,8.0,0.5,4.0,True,cuda,logs/aligning-d3il-visual/plans/mix_visual_aligning_mf/H8_Dmix_visual_aligning.models.visual_mf_diffusion.VisualMeanFlow_a1.5_b1.0_aw1_VTrue_steps1000_bs64_Bmf_dit_Emf_tslogit_normal_VPTrue_VLR0.1_VCadaln/H8_K2_Meuler_T0.5_Dmix_visual_aligning.models.visual_mf_diffusion.VisualMeanFlow_VTrue_mpc4_Bmf_dit_Emf/6,mix_visual_aligning_mf/H8_Dmix_visual_aligning.models.visual_mf_diffusion.VisualMeanFlow_a1.5_b1.0_aw1_VTrue_steps1000_bs64_Bmf_dit_Emf_tslogit_normal_VPTrue_VLR0.1_VCadaln,mf,,,
15,H8_K2_Meuler_T0.5_Dmix_visual_aligning.models.visual_mf_diffusion.VisualMeanFlow_VTrue_mpc4_Bmf_dit_Emf,/data/home/llim/FMPCC/FM-PCC/logs/aligning-d3il-visual/plans/mix_visual_aligning_mf/H8_Dmix_visual_aligning.models.visual_mf_diffusion.VisualMeanFlow_a1.5_b1.0_aw1_VTrue_steps1000_bs64_Bmf_dit_Emf_tslogit_normal_VPTrue_VLR0.1_VCadaln/H8_K2_Meuler_T0.5_Dmix_visual_aligning.models.visual_mf_diffusion.VisualMeanFlow_VTrue_mpc4_Bmf_dit_Emf,6,train,combined_5,combined_5,False,model_free-bounds_free,mix_visual_aligning.models.visual_mf_diffusion.VisualMeanFlow,8.0,0.5,4.0,True,cuda,logs/aligning-d3il-visual/plans/mix_visual_aligning_mf/H8_Dmix_visual_aligning.models.visual_mf_diffusion.VisualMeanFlow_a1.5_b1.0_aw1_VTrue_steps1000_bs64_Bmf_dit_Emf_tslogit_normal_VPTrue_VLR0.1_VCadaln/H8_K2_Meuler_T0.5_Dmix_visual_aligning.models.visual_mf_diffusion.VisualMeanFlow_VTrue_mpc4_Bmf_dit_Emf/6,mix_visual_aligning_mf/H8_Dmix_visual_aligning.models.visual_mf_diffusion.VisualMeanFlow_a1.5_b1.0_aw1_VTrue_steps1000_bs64_Bmf_dit_Emf_tslogit_normal_VPTrue_VLR0.1_VCadaln,mf,,,
15,H8_K2_Meuler_T0.5_Dmix_visual_aligning.models.visual_mf_diffusion.VisualMeanFlow_VTrue_mpc4_Bmf_dit_Emf,/data/home/llim/FMPCC/FM-PCC/logs/aligning-d3il-visual/plans/mix_visual_aligning_mf/H8_Dmix_visual_aligning.models.visual_mf_diffusion.VisualMeanFlow_a1.5_b1.0_aw1_VTrue_steps1000_bs64_Bmf_dit_Emf_tslogit_normal_VPTrue_VLR0.1_VCadaln/H8_K2_Meuler_T0.5_Dmix_visual_aligning.models.visual_mf_diffusion.VisualMeanFlow_VTrue_mpc4_Bmf_dit_Emf,6,train,combined_5,combined_5,False,post_processing,mix_visual_aligning.models.visual_mf_diffusion.VisualMeanFlow,8.0,0.5,4.0,True,cuda,logs/aligning-d3il-visual/plans/mix_visual_aligning_mf/H8_Dmix_visual_aligning.models.visual_mf_diffusion.VisualMeanFlow_a1.5_b1.0_aw1_VTrue_steps1000_bs64_Bmf_dit_Emf_tslogit_normal_VPTrue_VLR0.1_VCadaln/H8_K2_Meuler_T0.5_Dmix_visual_aligning.models.visual_mf_diffusion.VisualMeanFlow_VTrue_mpc4_Bmf_dit_Emf/6,mix_visual_aligning_mf/H8_Dmix_visual_aligning.models.visual_mf_diffusion.VisualMeanFlow_a1.5_b1.0_aw1_VTrue_steps1000_bs64_Bmf_dit_Emf_tslogit_normal_VPTrue_VLR0.1_VCadaln,mf,,,
15,H8_K2_Meuler_T0.5_Dmix_visual_aligning.models.visual_mf_diffusion.VisualMeanFlow_VTrue_mpc4_Bmf_dit_Emf,/data/home/llim/FMPCC/FM-PCC/logs/aligning-d3il-visual/plans/mix_visual_aligning_mf/H8_Dmix_visual_aligning.models.visual_mf_diffusion.VisualMeanFlow_a1.5_b1.0_aw1_VTrue_steps1000_bs64_Bmf_dit_Emf_tslogit_normal_VPTrue_VLR0.1_VCadaln/H8_K2_Meuler_T0.5_Dmix_visual_aligning.models.visual_mf_diffusion.VisualMeanFlow_VTrue_mpc4_Bmf_dit_Emf,6,train,combined_5-tightened,combined_5,True,bounds_free,mix_visual_aligning.models.visual_mf_diffusion.VisualMeanFlow,8.0,0.5,4.0,True,cuda,logs/aligning-d3il-visual/plans/mix_visual_aligning_mf/H8_Dmix_visual_aligning.models.visual_mf_diffusion.VisualMeanFlow_a1.5_b1.0_aw1_VTrue_steps1000_bs64_Bmf_dit_Emf_tslogit_normal_VPTrue_VLR0.1_VCadaln/H8_K2_Meuler_T0.5_Dmix_visual_aligning.models.visual_mf_diffusion.VisualMeanFlow_VTrue_mpc4_Bmf_dit_Emf/6,mix_visual_aligning_mf/H8_Dmix_visual_aligning.models.visual_mf_diffusion.VisualMeanFlow_a1.5_b1.0_aw1_VTrue_steps1000_bs64_Bmf_dit_Emf_tslogit_normal_VPTrue_VLR0.1_VCadaln,mf,,,
15,H8_K2_Meuler_T0.5_Dmix_visual_aligning.models.visual_mf_diffusion.VisualMeanFlow_VTrue_mpc4_Bmf_dit_Emf,/data/home/llim/FMPCC/FM-PCC/logs/aligning-d3il-visual/plans/mix_visual_aligning_mf/H8_Dmix_visual_aligning.models.visual_mf_diffusion.VisualMeanFlow_a1.5_b1.0_aw1_VTrue_steps1000_bs64_Bmf_dit_Emf_tslogit_normal_VPTrue_VLR0.1_VCadaln/H8_K2_Meuler_T0.5_Dmix_visual_aligning.models.visual_mf_diffusion.VisualMeanFlow_VTrue_mpc4_Bmf_dit_Emf,6,train,combined_5-tightened,combined_5,True,diffuser,mix_visual_aligning.models.visual_mf_diffusion.VisualMeanFlow,8.0,0.5,4.0,True,cuda,logs/aligning-d3il-visual/plans/mix_visual_aligning_mf/H8_Dmix_visual_aligning.models.visual_mf_diffusion.VisualMeanFlow_a1.5_b1.0_aw1_VTrue_steps1000_bs64_Bmf_dit_Emf_tslogit_normal_VPTrue_VLR0.1_VCadaln/H8_K2_Meuler_T0.5_Dmix_visual_aligning.models.visual_mf_diffusion.VisualMeanFlow_VTrue_mpc4_Bmf_dit_Emf/6,mix_visual_aligning_mf/H8_Dmix_visual_aligning.models.visual_mf_diffusion.VisualMeanFlow_a1.5_b1.0_aw1_VTrue_steps1000_bs64_Bmf_dit_Emf_tslogit_normal_VPTrue_VLR0.1_VCadaln,mf,,,
15,H8_K2_Meuler_T0.5_Dmix_visual_aligning.models.visual_mf_diffusion.VisualMeanFlow_VTrue_mpc4_Bmf_dit_Emf,/data/home/llim/FMPCC/FM-PCC/logs/aligning-d3il-visual/plans/mix_visual_aligning_mf/H8_Dmix_visual_aligning.models.visual_mf_diffusion.VisualMeanFlow_a1.5_b1.0_aw1_VTrue_steps1000_bs64_Bmf_dit_Emf_tslogit_normal_VPTrue_VLR0.1_VCadaln/H8_K2_Meuler_T0.5_Dmix_visual_aligning.models.visual_mf_diffusion.VisualMeanFlow_VTrue_mpc4_Bmf_dit_Emf,6,train,combined_5-tightened,combined_5,True,dpcc-c,mix_visual_aligning.models.visual_mf_diffusion.VisualMeanFlow,8.0,0.5,4.0,True,cuda,logs/aligning-d3il-visual/plans/mix_visual_aligning_mf/H8_Dmix_visual_aligning.models.visual_mf_diffusion.VisualMeanFlow_a1.5_b1.0_aw1_VTrue_steps1000_bs64_Bmf_dit_Emf_tslogit_normal_VPTrue_VLR0.1_VCadaln/H8_K2_Meuler_T0.5_Dmix_visual_aligning.models.visual_mf_diffusion.VisualMeanFlow_VTrue_mpc4_Bmf_dit_Emf/6,mix_visual_aligning_mf/H8_Dmix_visual_aligning.models.visual_mf_diffusion.VisualMeanFlow_a1.5_b1.0_aw1_VTrue_steps1000_bs64_Bmf_dit_Emf_tslogit_normal_VPTrue_VLR0.1_VCadaln,mf,,,
15,H8_K2_Meuler_T0.5_Dmix_visual_aligning.models.visual_mf_diffusion.VisualMeanFlow_VTrue_mpc4_Bmf_dit_Emf,/data/home/llim/FMPCC/FM-PCC/logs/aligning-d3il-visual/plans/mix_visual_aligning_mf/H8_Dmix_visual_aligning.models.visual_mf_diffusion.VisualMeanFlow_a1.5_b1.0_aw1_VTrue_steps1000_bs64_Bmf_dit_Emf_tslogit_normal_VPTrue_VLR0.1_VCadaln/H8_K2_Meuler_T0.5_Dmix_visual_aligning.models.visual_mf_diffusion.VisualMeanFlow_VTrue_mpc4_Bmf_dit_Emf,6,train,combined_5-tightened,combined_5,True,dpcc-c-dt0p25,mix_visual_aligning.models.visual_mf_diffusion.VisualMeanFlow,8.0,0.5,4.0,True,cuda,logs/aligning-d3il-visual/plans/mix_visual_aligning_mf/H8_Dmix_visual_aligning.models.visual_mf_diffusion.VisualMeanFlow_a1.5_b1.0_aw1_VTrue_steps1000_bs64_Bmf_dit_Emf_tslogit_normal_VPTrue_VLR0.1_VCadaln/H8_K2_Meuler_T0.5_Dmix_visual_aligning.models.visual_mf_diffusion.VisualMeanFlow_VTrue_mpc4_Bmf_dit_Emf/6,mix_visual_aligning_mf/H8_Dmix_visual_aligning.models.visual_mf_diffusion.VisualMeanFlow_a1.5_b1.0_aw1_VTrue_steps1000_bs64_Bmf_dit_Emf_tslogit_normal_VPTrue_VLR0.1_VCadaln,mf,,,
15,H8_K2_Meuler_T0.5_Dmix_visual_aligning.models.visual_mf_diffusion.VisualMeanFlow_VTrue_mpc4_Bmf_dit_Emf,/data/home/llim/FMPCC/FM-PCC/logs/aligning-d3il-visual/plans/mix_visual_aligning_mf/H8_Dmix_visual_aligning.models.visual_mf_diffusion.VisualMeanFlow_a1.5_b1.0_aw1_VTrue_steps1000_bs64_Bmf_dit_Emf_tslogit_normal_VPTrue_VLR0.1_VCadaln/H8_K2_Meuler_T0.5_Dmix_visual_aligning.models.visual_mf_diffusion.VisualMeanFlow_VTrue_mpc4_Bmf_dit_Emf,6,train,combined_5-tightened,combined_5,True,dpcc-c-dt0p5,mix_visual_aligning.models.visual_mf_diffusion.VisualMeanFlow,8.0,0.5,4.0,True,cuda,logs/aligning-d3il-visual/plans/mix_visual_aligning_mf/H8_Dmix_visual_aligning.models.visual_mf_diffusion.VisualMeanFlow_a1.5_b1.0_aw1_VTrue_steps1000_bs64_Bmf_dit_Emf_tslogit_normal_VPTrue_VLR0.1_VCadaln/H8_K2_Meuler_T0.5_Dmix_visual_aligning.models.visual_mf_diffusion.VisualMeanFlow_VTrue_mpc4_Bmf_dit_Emf/6,mix_visual_aligning_mf/H8_Dmix_visual_aligning.models.visual_mf_diffusion.VisualMeanFlow_a1.5_b1.0_aw1_VTrue_steps1000_bs64_Bmf_dit_Emf_tslogit_normal_VPTrue_VLR0.1_VCadaln,mf,,,
15,H8_K2_Meuler_T0.5_Dmix_visual_aligning.models.visual_mf_diffusion.VisualMeanFlow_VTrue_mpc4_Bmf_dit_Emf,/data/home/llim/FMPCC/FM-PCC/logs/aligning-d3il-visual/plans/mix_visual_aligning_mf/H8_Dmix_visual_aligning.models.visual_mf_diffusion.VisualMeanFlow_a1.5_b1.0_aw1_VTrue_steps1000_bs64_Bmf_dit_Emf_tslogit_normal_VPTrue_VLR0.1_VCadaln/H8_K2_Meuler_T0.5_Dmix_visual_aligning.models.visual_mf_diffusion.VisualMeanFlow_VTrue_mpc4_Bmf_dit_Emf,6,train,combined_5-tightened,combined_5,True,dpcc-c-dt2p0,mix_visual_aligning.models.visual_mf_diffusion.VisualMeanFlow,8.0,0.5,4.0,True,cuda,logs/aligning-d3il-visual/plans/mix_visual_aligning_mf/H8_Dmix_visual_aligning.models.visual_mf_diffusion.VisualMeanFlow_a1.5_b1.0_aw1_VTrue_steps1000_bs64_Bmf_dit_Emf_tslogit_normal_VPTrue_VLR0.1_VCadaln/H8_K2_Meuler_T0.5_Dmix_visual_aligning.models.visual_mf_diffusion.VisualMeanFlow_VTrue_mpc4_Bmf_dit_Emf/6,mix_visual_aligning_mf/H8_Dmix_visual_aligning.models.visual_mf_diffusion.VisualMeanFlow_a1.5_b1.0_aw1_VTrue_steps1000_bs64_Bmf_dit_Emf_tslogit_normal_VPTrue_VLR0.1_VCadaln,mf,,,
15,H8_K2_Meuler_T0.5_Dmix_visual_aligning.models.visual_mf_diffusion.VisualMeanFlow_VTrue_mpc4_Bmf_dit_Emf,/data/home/llim/FMPCC/FM-PCC/logs/aligning-d3il-visual/plans/mix_visual_aligning_mf/H8_Dmix_visual_aligning.models.visual_mf_diffusion.VisualMeanFlow_a1.5_b1.0_aw1_VTrue_steps1000_bs64_Bmf_dit_Emf_tslogit_normal_VPTrue_VLR0.1_VCadaln/H8_K2_Meuler_T0.5_Dmix_visual_aligning.models.visual_mf_diffusion.VisualMeanFlow_VTrue_mpc4_Bmf_dit_Emf,6,train,combined_5-tightened,combined_5,True,dpcc-c-dt4p0,mix_visual_aligning.models.visual_mf_diffusion.VisualMeanFlow,8.0,0.5,4.0,True,cuda,logs/aligning-d3il-visual/plans/mix_visual_aligning_mf/H8_Dmix_visual_aligning.models.visual_mf_diffusion.VisualMeanFlow_a1.5_b1.0_aw1_VTrue_steps1000_bs64_Bmf_dit_Emf_tslogit_normal_VPTrue_VLR0.1_VCadaln/H8_K2_Meuler_T0.5_Dmix_visual_aligning.models.visual_mf_diffusion.VisualMeanFlow_VTrue_mpc4_Bmf_dit_Emf/6,mix_visual_aligning_mf/H8_Dmix_visual_aligning.models.visual_mf_diffusion.VisualMeanFlow_a1.5_b1.0_aw1_VTrue_steps1000_bs64_Bmf_dit_Emf_tslogit_normal_VPTrue_VLR0.1_VCadaln,mf,,,
15,H8_K2_Meuler_T0.5_Dmix_visual_aligning.models.visual_mf_diffusion.VisualMeanFlow_VTrue_mpc4_Bmf_dit_Emf,/data/home/llim/FMPCC/FM-PCC/logs/aligning-d3il-visual/plans/mix_visual_aligning_mf/H8_Dmix_visual_aligning.models.visual_mf_diffusion.VisualMeanFlow_a1.5_b1.0_aw1_VTrue_steps1000_bs64_Bmf_dit_Emf_tslogit_normal_VPTrue_VLR0.1_VCadaln/H8_K2_Meuler_T0.5_Dmix_visual_aligning.models.visual_mf_diffusion.VisualMeanFlow_VTrue_mpc4_Bmf_dit_Emf,6,train,combined_5-tightened,combined_5,True,dpcc-r,mix_visual_aligning.models.visual_mf_diffusion.VisualMeanFlow,8.0,0.5,4.0,True,cuda,logs/aligning-d3il-visual/plans/mix_visual_aligning_mf/H8_Dmix_visual_aligning.models.visual_mf_diffusion.VisualMeanFlow_a1.5_b1.0_aw1_VTrue_steps1000_bs64_Bmf_dit_Emf_tslogit_normal_VPTrue_VLR0.1_VCadaln/H8_K2_Meuler_T0.5_Dmix_visual_aligning.models.visual_mf_diffusion.VisualMeanFlow_VTrue_mpc4_Bmf_dit_Emf/6,mix_visual_aligning_mf/H8_Dmix_visual_aligning.models.visual_mf_diffusion.VisualMeanFlow_a1.5_b1.0_aw1_VTrue_steps1000_bs64_Bmf_dit_Emf_tslogit_normal_VPTrue_VLR0.1_VCadaln,mf,,,
15,H8_K2_Meuler_T0.5_Dmix_visual_aligning.models.visual_mf_diffusion.VisualMeanFlow_VTrue_mpc4_Bmf_dit_Emf,/data/home/llim/FMPCC/FM-PCC/logs/aligning-d3il-visual/plans/mix_visual_aligning_mf/H8_Dmix_visual_aligning.models.visual_mf_diffusion.VisualMeanFlow_a1.5_b1.0_aw1_VTrue_steps1000_bs64_Bmf_dit_Emf_tslogit_normal_VPTrue_VLR0.1_VCadaln/H8_K2_Meuler_T0.5_Dmix_visual_aligning.models.visual_mf_diffusion.VisualMeanFlow_VTrue_mpc4_Bmf_dit_Emf,6,train,combined_5-tightened,combined_5,True,dpcc-t,mix_visual_aligning.models.visual_mf_diffusion.VisualMeanFlow,8.0,0.5,4.0,True,cuda,logs/aligning-d3il-visual/plans/mix_visual_aligning_mf/H8_Dmix_visual_aligning.models.visual_mf_diffusion.VisualMeanFlow_a1.5_b1.0_aw1_VTrue_steps1000_bs64_Bmf_dit_Emf_tslogit_normal_VPTrue_VLR0.1_VCadaln/H8_K2_Meuler_T0.5_Dmix_visual_aligning.models.visual_mf_diffusion.VisualMeanFlow_VTrue_mpc4_Bmf_dit_Emf/6,mix_visual_aligning_mf/H8_Dmix_visual_aligning.models.visual_mf_diffusion.VisualMeanFlow_a1.5_b1.0_aw1_VTrue_steps1000_bs64_Bmf_dit_Emf_tslogit_normal_VPTrue_VLR0.1_VCadaln,mf,,,
15,H8_K2_Meuler_T0.5_Dmix_visual_aligning.models.visual_mf_diffusion.VisualMeanFlow_VTrue_mpc4_Bmf_dit_Emf,/data/home/llim/FMPCC/FM-PCC/logs/aligning-d3il-visual/plans/mix_visual_aligning_mf/H8_Dmix_visual_aligning.models.visual_mf_diffusion.VisualMeanFlow_a1.5_b1.0_aw1_VTrue_steps1000_bs64_Bmf_dit_Emf_tslogit_normal_VPTrue_VLR0.1_VCadaln/H8_K2_Meuler_T0.5_Dmix_visual_aligning.models.visual_mf_diffusion.VisualMeanFlow_VTrue_mpc4_Bmf_dit_Emf,6,train,combined_5-tightened,combined_5,True,geo_free,mix_visual_aligning.models.visual_mf_diffusion.VisualMeanFlow,8.0,0.5,4.0,True,cuda,logs/aligning-d3il-visual/plans/mix_visual_aligning_mf/H8_Dmix_visual_aligning.models.visual_mf_diffusion.VisualMeanFlow_a1.5_b1.0_aw1_VTrue_steps1000_bs64_Bmf_dit_Emf_tslogit_normal_VPTrue_VLR0.1_VCadaln/H8_K2_Meuler_T0.5_Dmix_visual_aligning.models.visual_mf_diffusion.VisualMeanFlow_VTrue_mpc4_Bmf_dit_Emf/6,mix_visual_aligning_mf/H8_Dmix_visual_aligning.models.visual_mf_diffusion.VisualMeanFlow_a1.5_b1.0_aw1_VTrue_steps1000_bs64_Bmf_dit_Emf_tslogit_normal_VPTrue_VLR0.1_VCadaln,mf,,,
15,H8_K2_Meuler_T0.5_Dmix_visual_aligning.models.visual_mf_diffusion.VisualMeanFlow_VTrue_mpc4_Bmf_dit_Emf,/data/home/llim/FMPCC/FM-PCC/logs/aligning-d3il-visual/plans/mix_visual_aligning_mf/H8_Dmix_visual_aligning.models.visual_mf_diffusion.VisualMeanFlow_a1.5_b1.0_aw1_VTrue_steps1000_bs64_Bmf_dit_Emf_tslogit_normal_VPTrue_VLR0.1_VCadaln/H8_K2_Meuler_T0.5_Dmix_visual_aligning.models.visual_mf_diffusion.VisualMeanFlow_VTrue_mpc4_Bmf_dit_Emf,6,train,combined_5-tightened,combined_5,True,geo_free-bounds_free,mix_visual_aligning.models.visual_mf_diffusion.VisualMeanFlow,8.0,0.5,4.0,True,cuda,logs/aligning-d3il-visual/plans/mix_visual_aligning_mf/H8_Dmix_visual_aligning.models.visual_mf_diffusion.VisualMeanFlow_a1.5_b1.0_aw1_VTrue_steps1000_bs64_Bmf_dit_Emf_tslogit_normal_VPTrue_VLR0.1_VCadaln/H8_K2_Meuler_T0.5_Dmix_visual_aligning.models.visual_mf_diffusion.VisualMeanFlow_VTrue_mpc4_Bmf_dit_Emf/6,mix_visual_aligning_mf/H8_Dmix_visual_aligning.models.visual_mf_diffusion.VisualMeanFlow_a1.5_b1.0_aw1_VTrue_steps1000_bs64_Bmf_dit_Emf_tslogit_normal_VPTrue_VLR0.1_VCadaln,mf,,,
15,H8_K2_Meuler_T0.5_Dmix_visual_aligning.models.visual_mf_diffusion.VisualMeanFlow_VTrue_mpc4_Bmf_dit_Emf,/data/home/llim/FMPCC/FM-PCC/logs/aligning-d3il-visual/plans/mix_visual_aligning_mf/H8_Dmix_visual_aligning.models.visual_mf_diffusion.VisualMeanFlow_a1.5_b1.0_aw1_VTrue_steps1000_bs64_Bmf_dit_Emf_tslogit_normal_VPTrue_VLR0.1_VCadaln/H8_K2_Meuler_T0.5_Dmix_visual_aligning.models.visual_mf_diffusion.VisualMeanFlow_VTrue_mpc4_Bmf_dit_Emf,6,train,combined_5-tightened,combined_5,True,geo_free-model_free,mix_visual_aligning.models.visual_mf_diffusion.VisualMeanFlow,8.0,0.5,4.0,True,cuda,logs/aligning-d3il-visual/plans/mix_visual_aligning_mf/H8_Dmix_visual_aligning.models.visual_mf_diffusion.VisualMeanFlow_a1.5_b1.0_aw1_VTrue_steps1000_bs64_Bmf_dit_Emf_tslogit_normal_VPTrue_VLR0.1_VCadaln/H8_K2_Meuler_T0.5_Dmix_visual_aligning.models.visual_mf_diffusion.VisualMeanFlow_VTrue_mpc4_Bmf_dit_Emf/6,mix_visual_aligning_mf/H8_Dmix_visual_aligning.models.visual_mf_diffusion.VisualMeanFlow_a1.5_b1.0_aw1_VTrue_steps1000_bs64_Bmf_dit_Emf_tslogit_normal_VPTrue_VLR0.1_VCadaln,mf,,,
15,H8_K2_Meuler_T0.5_Dmix_visual_aligning.models.visual_mf_diffusion.VisualMeanFlow_VTrue_mpc4_Bmf_dit_Emf,/data/home/llim/FMPCC/FM-PCC/logs/aligning-d3il-visual/plans/mix_visual_aligning_mf/H8_Dmix_visual_aligning.models.visual_mf_diffusion.VisualMeanFlow_a1.5_b1.0_aw1_VTrue_steps1000_bs64_Bmf_dit_Emf_tslogit_normal_VPTrue_VLR0.1_VCadaln/H8_K2_Meuler_T0.5_Dmix_visual_aligning.models.visual_mf_diffusion.VisualMeanFlow_VTrue_mpc4_Bmf_dit_Emf,6,train,combined_5-tightened,combined_5,True,gradient,mix_visual_aligning.models.visual_mf_diffusion.VisualMeanFlow,8.0,0.5,4.0,True,cuda,logs/aligning-d3il-visual/plans/mix_visual_aligning_mf/H8_Dmix_visual_aligning.models.visual_mf_diffusion.VisualMeanFlow_a1.5_b1.0_aw1_VTrue_steps1000_bs64_Bmf_dit_Emf_tslogit_normal_VPTrue_VLR0.1_VCadaln/H8_K2_Meuler_T0.5_Dmix_visual_aligning.models.visual_mf_diffusion.VisualMeanFlow_VTrue_mpc4_Bmf_dit_Emf/6,mix_visual_aligning_mf/H8_Dmix_visual_aligning.models.visual_mf_diffusion.VisualMeanFlow_a1.5_b1.0_aw1_VTrue_steps1000_bs64_Bmf_dit_Emf_tslogit_normal_VPTrue_VLR0.1_VCadaln,mf,,,
15,H8_K2_Meuler_T0.5_Dmix_visual_aligning.models.visual_mf_diffusion.VisualMeanFlow_VTrue_mpc4_Bmf_dit_Emf,/data/home/llim/FMPCC/FM-PCC/logs/aligning-d3il-visual/plans/mix_visual_aligning_mf/H8_Dmix_visual_aligning.models.visual_mf_diffusion.VisualMeanFlow_a1.5_b1.0_aw1_VTrue_steps1000_bs64_Bmf_dit_Emf_tslogit_normal_VPTrue_VLR0.1_VCadaln/H8_K2_Meuler_T0.5_Dmix_visual_aligning.models.visual_mf_diffusion.VisualMeanFlow_VTrue_mpc4_Bmf_dit_Emf,6,train,combined_5-tightened,combined_5,True,model_free,mix_visual_aligning.models.visual_mf_diffusion.VisualMeanFlow,8.0,0.5,4.0,True,cuda,logs/aligning-d3il-visual/plans/mix_visual_aligning_mf/H8_Dmix_visual_aligning.models.visual_mf_diffusion.VisualMeanFlow_a1.5_b1.0_aw1_VTrue_steps1000_bs64_Bmf_dit_Emf_tslogit_normal_VPTrue_VLR0.1_VCadaln/H8_K2_Meuler_T0.5_Dmix_visual_aligning.models.visual_mf_diffusion.VisualMeanFlow_VTrue_mpc4_Bmf_dit_Emf/6,mix_visual_aligning_mf/H8_Dmix_visual_aligning.models.visual_mf_diffusion.VisualMeanFlow_a1.5_b1.0_aw1_VTrue_steps1000_bs64_Bmf_dit_Emf_tslogit_normal_VPTrue_VLR0.1_VCadaln,mf,,,
15,H8_K2_Meuler_T0.5_Dmix_visual_aligning.models.visual_mf_diffusion.VisualMeanFlow_VTrue_mpc4_Bmf_dit_Emf,/data/home/llim/FMPCC/FM-PCC/logs/aligning-d3il-visual/plans/mix_visual_aligning_mf/H8_Dmix_visual_aligning.models.visual_mf_diffusion.VisualMeanFlow_a1.5_b1.0_aw1_VTrue_steps1000_bs64_Bmf_dit_Emf_tslogit_normal_VPTrue_VLR0.1_VCadaln/H8_K2_Meuler_T0.5_Dmix_visual_aligning.models.visual_mf_diffusion.VisualMeanFlow_VTrue_mpc4_Bmf_dit_Emf,6,train,combined_5-tightened,combined_5,True,model_free-bounds_free,mix_visual_aligning.models.visual_mf_diffusion.VisualMeanFlow,8.0,0.5,4.0,True,cuda,logs/aligning-d3il-visual/plans/mix_visual_aligning_mf/H8_Dmix_visual_aligning.models.visual_mf_diffusion.VisualMeanFlow_a1.5_b1.0_aw1_VTrue_steps1000_bs64_Bmf_dit_Emf_tslogit_normal_VPTrue_VLR0.1_VCadaln/H8_K2_Meuler_T0.5_Dmix_visual_aligning.models.visual_mf_diffusion.VisualMeanFlow_VTrue_mpc4_Bmf_dit_Emf/6,mix_visual_aligning_mf/H8_Dmix_visual_aligning.models.visual_mf_diffusion.VisualMeanFlow_a1.5_b1.0_aw1_VTrue_steps1000_bs64_Bmf_dit_Emf_tslogit_normal_VPTrue_VLR0.1_VCadaln,mf,,,
15,H8_K2_Meuler_T0.5_Dmix_visual_aligning.models.visual_mf_diffusion.VisualMeanFlow_VTrue_mpc4_Bmf_dit_Emf,/data/home/llim/FMPCC/FM-PCC/logs/aligning-d3il-visual/plans/mix_visual_aligning_mf/H8_Dmix_visual_aligning.models.visual_mf_diffusion.VisualMeanFlow_a1.5_b1.0_aw1_VTrue_steps1000_bs64_Bmf_dit_Emf_tslogit_normal_VPTrue_VLR0.1_VCadaln/H8_K2_Meuler_T0.5_Dmix_visual_aligning.models.visual_mf_diffusion.VisualMeanFlow_VTrue_mpc4_Bmf_dit_Emf,6,train,combined_5-tightened,combined_5,True,post_processing,mix_visual_aligning.models.visual_mf_diffusion.VisualMeanFlow,8.0,0.5,4.0,True,cuda,logs/aligning-d3il-visual/plans/mix_visual_aligning_mf/H8_Dmix_visual_aligning.models.visual_mf_diffusion.VisualMeanFlow_a1.5_b1.0_aw1_VTrue_steps1000_bs64_Bmf_dit_Emf_tslogit_normal_VPTrue_VLR0.1_VCadaln/H8_K2_Meuler_T0.5_Dmix_visual_aligning.models.visual_mf_diffusion.VisualMeanFlow_VTrue_mpc4_Bmf_dit_Emf/6,mix_visual_aligning_mf/H8_Dmix_visual_aligning.models.visual_mf_diffusion.VisualMeanFlow_a1.5_b1.0_aw1_VTrue_steps1000_bs64_Bmf_dit_Emf_tslogit_normal_VPTrue_VLR0.1_VCadaln,mf,,,
16,H8_K100_Meuler_T0.1_Dmix_visual_aligning.models.visual_mf_diffusion.VisualMeanFlow_VTrue_mpc4_filmv1_Emf,/data/home/llim/FMPCC/FM-PCC/logs/aligning-d3il-visual/plans/mix_visual_aligning_mf/H8_Dmix_visual_aligning.models.visual_mf_diffusion.VisualMeanFlow_a1.5_b1.0_aw1_VTrue_steps1000_bs64_filmv1_Emf_tslogit_normal/H8_K100_Meuler_T0.1_Dmix_visual_aligning.models.visual_mf_diffusion.VisualMeanFlow_VTrue_mpc4_filmv1_Emf,6,train,combined_5,combined_5,False,bounds_free,mix_visual_aligning.models.visual_mf_diffusion.VisualMeanFlow,8.0,0.1,4.0,True,cuda,logs/aligning-d3il-visual/plans/mix_visual_aligning_mf/H8_Dmix_visual_aligning.models.visual_mf_diffusion.VisualMeanFlow_a1.5_b1.0_aw1_VTrue_steps1000_bs64_filmv1_Emf_tslogit_normal/H8_K100_Meuler_T0.1_Dmix_visual_aligning.models.visual_mf_diffusion.VisualMeanFlow_VTrue_mpc4_filmv1_Emf/6,mix_visual_aligning_mf/H8_Dmix_visual_aligning.models.visual_mf_diffusion.VisualMeanFlow_a1.5_b1.0_aw1_VTrue_steps1000_bs64_filmv1_Emf_tslogit_normal,mf,,,
16,H8_K100_Meuler_T0.1_Dmix_visual_aligning.models.visual_mf_diffusion.VisualMeanFlow_VTrue_mpc4_filmv1_Emf,/data/home/llim/FMPCC/FM-PCC/logs/aligning-d3il-visual/plans/mix_visual_aligning_mf/H8_Dmix_visual_aligning.models.visual_mf_diffusion.VisualMeanFlow_a1.5_b1.0_aw1_VTrue_steps1000_bs64_filmv1_Emf_tslogit_normal/H8_K100_Meuler_T0.1_Dmix_visual_aligning.models.visual_mf_diffusion.VisualMeanFlow_VTrue_mpc4_filmv1_Emf,6,train,combined_5,combined_5,False,diffuser,mix_visual_aligning.models.visual_mf_diffusion.VisualMeanFlow,8.0,0.1,4.0,True,cuda,logs/aligning-d3il-visual/plans/mix_visual_aligning_mf/H8_Dmix_visual_aligning.models.visual_mf_diffusion.VisualMeanFlow_a1.5_b1.0_aw1_VTrue_steps1000_bs64_filmv1_Emf_tslogit_normal/H8_K100_Meuler_T0.1_Dmix_visual_aligning.models.visual_mf_diffusion.VisualMeanFlow_VTrue_mpc4_filmv1_Emf/6,mix_visual_aligning_mf/H8_Dmix_visual_aligning.models.visual_mf_diffusion.VisualMeanFlow_a1.5_b1.0_aw1_VTrue_steps1000_bs64_filmv1_Emf_tslogit_normal,mf,,,
16,H8_K100_Meuler_T0.1_Dmix_visual_aligning.models.visual_mf_diffusion.VisualMeanFlow_VTrue_mpc4_filmv1_Emf,/data/home/llim/FMPCC/FM-PCC/logs/aligning-d3il-visual/plans/mix_visual_aligning_mf/H8_Dmix_visual_aligning.models.visual_mf_diffusion.VisualMeanFlow_a1.5_b1.0_aw1_VTrue_steps1000_bs64_filmv1_Emf_tslogit_normal/H8_K100_Meuler_T0.1_Dmix_visual_aligning.models.visual_mf_diffusion.VisualMeanFlow_VTrue_mpc4_filmv1_Emf,6,train,combined_5,combined_5,False,dpcc-c,mix_visual_aligning.models.visual_mf_diffusion.VisualMeanFlow,8.0,0.1,4.0,True,cuda,logs/aligning-d3il-visual/plans/mix_visual_aligning_mf/H8_Dmix_visual_aligning.models.visual_mf_diffusion.VisualMeanFlow_a1.5_b1.0_aw1_VTrue_steps1000_bs64_filmv1_Emf_tslogit_normal/H8_K100_Meuler_T0.1_Dmix_visual_aligning.models.visual_mf_diffusion.VisualMeanFlow_VTrue_mpc4_filmv1_Emf/6,mix_visual_aligning_mf/H8_Dmix_visual_aligning.models.visual_mf_diffusion.VisualMeanFlow_a1.5_b1.0_aw1_VTrue_steps1000_bs64_filmv1_Emf_tslogit_normal,mf,,,
16,H8_K100_Meuler_T0.1_Dmix_visual_aligning.models.visual_mf_diffusion.VisualMeanFlow_VTrue_mpc4_filmv1_Emf,/data/home/llim/FMPCC/FM-PCC/logs/aligning-d3il-visual/plans/mix_visual_aligning_mf/H8_Dmix_visual_aligning.models.visual_mf_diffusion.VisualMeanFlow_a1.5_b1.0_aw1_VTrue_steps1000_bs64_filmv1_Emf_tslogit_normal/H8_K100_Meuler_T0.1_Dmix_visual_aligning.models.visual_mf_diffusion.VisualMeanFlow_VTrue_mpc4_filmv1_Emf,6,train,combined_5,combined_5,False,dpcc-c-dt0p25,mix_visual_aligning.models.visual_mf_diffusion.VisualMeanFlow,8.0,0.1,4.0,True,cuda,logs/aligning-d3il-visual/plans/mix_visual_aligning_mf/H8_Dmix_visual_aligning.models.visual_mf_diffusion.VisualMeanFlow_a1.5_b1.0_aw1_VTrue_steps1000_bs64_filmv1_Emf_tslogit_normal/H8_K100_Meuler_T0.1_Dmix_visual_aligning.models.visual_mf_diffusion.VisualMeanFlow_VTrue_mpc4_filmv1_Emf/6,mix_visual_aligning_mf/H8_Dmix_visual_aligning.models.visual_mf_diffusion.VisualMeanFlow_a1.5_b1.0_aw1_VTrue_steps1000_bs64_filmv1_Emf_tslogit_normal,mf,,,
16,H8_K100_Meuler_T0.1_Dmix_visual_aligning.models.visual_mf_diffusion.VisualMeanFlow_VTrue_mpc4_filmv1_Emf,/data/home/llim/FMPCC/FM-PCC/logs/aligning-d3il-visual/plans/mix_visual_aligning_mf/H8_Dmix_visual_aligning.models.visual_mf_diffusion.VisualMeanFlow_a1.5_b1.0_aw1_VTrue_steps1000_bs64_filmv1_Emf_tslogit_normal/H8_K100_Meuler_T0.1_Dmix_visual_aligning.models.visual_mf_diffusion.VisualMeanFlow_VTrue_mpc4_filmv1_Emf,6,train,combined_5,combined_5,False,dpcc-c-dt0p5,mix_visual_aligning.models.visual_mf_diffusion.VisualMeanFlow,8.0,0.1,4.0,True,cuda,logs/aligning-d3il-visual/plans/mix_visual_aligning_mf/H8_Dmix_visual_aligning.models.visual_mf_diffusion.VisualMeanFlow_a1.5_b1.0_aw1_VTrue_steps1000_bs64_filmv1_Emf_tslogit_normal/H8_K100_Meuler_T0.1_Dmix_visual_aligning.models.visual_mf_diffusion.VisualMeanFlow_VTrue_mpc4_filmv1_Emf/6,mix_visual_aligning_mf/H8_Dmix_visual_aligning.models.visual_mf_diffusion.VisualMeanFlow_a1.5_b1.0_aw1_VTrue_steps1000_bs64_filmv1_Emf_tslogit_normal,mf,,,
16,H8_K100_Meuler_T0.1_Dmix_visual_aligning.models.visual_mf_diffusion.VisualMeanFlow_VTrue_mpc4_filmv1_Emf,/data/home/llim/FMPCC/FM-PCC/logs/aligning-d3il-visual/plans/mix_visual_aligning_mf/H8_Dmix_visual_aligning.models.visual_mf_diffusion.VisualMeanFlow_a1.5_b1.0_aw1_VTrue_steps1000_bs64_filmv1_Emf_tslogit_normal/H8_K100_Meuler_T0.1_Dmix_visual_aligning.models.visual_mf_diffusion.VisualMeanFlow_VTrue_mpc4_filmv1_Emf,6,train,combined_5,combined_5,False,dpcc-c-dt2p0,mix_visual_aligning.models.visual_mf_diffusion.VisualMeanFlow,8.0,0.1,4.0,True,cuda,logs/aligning-d3il-visual/plans/mix_visual_aligning_mf/H8_Dmix_visual_aligning.models.visual_mf_diffusion.VisualMeanFlow_a1.5_b1.0_aw1_VTrue_steps1000_bs64_filmv1_Emf_tslogit_normal/H8_K100_Meuler_T0.1_Dmix_visual_aligning.models.visual_mf_diffusion.VisualMeanFlow_VTrue_mpc4_filmv1_Emf/6,mix_visual_aligning_mf/H8_Dmix_visual_aligning.models.visual_mf_diffusion.VisualMeanFlow_a1.5_b1.0_aw1_VTrue_steps1000_bs64_filmv1_Emf_tslogit_normal,mf,,,
16,H8_K100_Meuler_T0.1_Dmix_visual_aligning.models.visual_mf_diffusion.VisualMeanFlow_VTrue_mpc4_filmv1_Emf,/data/home/llim/FMPCC/FM-PCC/logs/aligning-d3il-visual/plans/mix_visual_aligning_mf/H8_Dmix_visual_aligning.models.visual_mf_diffusion.VisualMeanFlow_a1.5_b1.0_aw1_VTrue_steps1000_bs64_filmv1_Emf_tslogit_normal/H8_K100_Meuler_T0.1_Dmix_visual_aligning.models.visual_mf_diffusion.VisualMeanFlow_VTrue_mpc4_filmv1_Emf,6,train,combined_5,combined_5,False,dpcc-c-dt4p0,mix_visual_aligning.models.visual_mf_diffusion.VisualMeanFlow,8.0,0.1,4.0,True,cuda,logs/aligning-d3il-visual/plans/mix_visual_aligning_mf/H8_Dmix_visual_aligning.models.visual_mf_diffusion.VisualMeanFlow_a1.5_b1.0_aw1_VTrue_steps1000_bs64_filmv1_Emf_tslogit_normal/H8_K100_Meuler_T0.1_Dmix_visual_aligning.models.visual_mf_diffusion.VisualMeanFlow_VTrue_mpc4_filmv1_Emf/6,mix_visual_aligning_mf/H8_Dmix_visual_aligning.models.visual_mf_diffusion.VisualMeanFlow_a1.5_b1.0_aw1_VTrue_steps1000_bs64_filmv1_Emf_tslogit_normal,mf,,,
16,H8_K100_Meuler_T0.1_Dmix_visual_aligning.models.visual_mf_diffusion.VisualMeanFlow_VTrue_mpc4_filmv1_Emf,/data/home/llim/FMPCC/FM-PCC/logs/aligning-d3il-visual/plans/mix_visual_aligning_mf/H8_Dmix_visual_aligning.models.visual_mf_diffusion.VisualMeanFlow_a1.5_b1.0_aw1_VTrue_steps1000_bs64_filmv1_Emf_tslogit_normal/H8_K100_Meuler_T0.1_Dmix_visual_aligning.models.visual_mf_diffusion.VisualMeanFlow_VTrue_mpc4_filmv1_Emf,6,train,combined_5,combined_5,False,dpcc-r,mix_visual_aligning.models.visual_mf_diffusion.VisualMeanFlow,8.0,0.1,4.0,True,cuda,logs/aligning-d3il-visual/plans/mix_visual_aligning_mf/H8_Dmix_visual_aligning.models.visual_mf_diffusion.VisualMeanFlow_a1.5_b1.0_aw1_VTrue_steps1000_bs64_filmv1_Emf_tslogit_normal/H8_K100_Meuler_T0.1_Dmix_visual_aligning.models.visual_mf_diffusion.VisualMeanFlow_VTrue_mpc4_filmv1_Emf/6,mix_visual_aligning_mf/H8_Dmix_visual_aligning.models.visual_mf_diffusion.VisualMeanFlow_a1.5_b1.0_aw1_VTrue_steps1000_bs64_filmv1_Emf_tslogit_normal,mf,,,
16,H8_K100_Meuler_T0.1_Dmix_visual_aligning.models.visual_mf_diffusion.VisualMeanFlow_VTrue_mpc4_filmv1_Emf,/data/home/llim/FMPCC/FM-PCC/logs/aligning-d3il-visual/plans/mix_visual_aligning_mf/H8_Dmix_visual_aligning.models.visual_mf_diffusion.VisualMeanFlow_a1.5_b1.0_aw1_VTrue_steps1000_bs64_filmv1_Emf_tslogit_normal/H8_K100_Meuler_T0.1_Dmix_visual_aligning.models.visual_mf_diffusion.VisualMeanFlow_VTrue_mpc4_filmv1_Emf,6,train,combined_5,combined_5,False,dpcc-t,mix_visual_aligning.models.visual_mf_diffusion.VisualMeanFlow,8.0,0.1,4.0,True,cuda,logs/aligning-d3il-visual/plans/mix_visual_aligning_mf/H8_Dmix_visual_aligning.models.visual_mf_diffusion.VisualMeanFlow_a1.5_b1.0_aw1_VTrue_steps1000_bs64_filmv1_Emf_tslogit_normal/H8_K100_Meuler_T0.1_Dmix_visual_aligning.models.visual_mf_diffusion.VisualMeanFlow_VTrue_mpc4_filmv1_Emf/6,mix_visual_aligning_mf/H8_Dmix_visual_aligning.models.visual_mf_diffusion.VisualMeanFlow_a1.5_b1.0_aw1_VTrue_steps1000_bs64_filmv1_Emf_tslogit_normal,mf,,,
16,H8_K100_Meuler_T0.1_Dmix_visual_aligning.models.visual_mf_diffusion.VisualMeanFlow_VTrue_mpc4_filmv1_Emf,/data/home/llim/FMPCC/FM-PCC/logs/aligning-d3il-visual/plans/mix_visual_aligning_mf/H8_Dmix_visual_aligning.models.visual_mf_diffusion.VisualMeanFlow_a1.5_b1.0_aw1_VTrue_steps1000_bs64_filmv1_Emf_tslogit_normal/H8_K100_Meuler_T0.1_Dmix_visual_aligning.models.visual_mf_diffusion.VisualMeanFlow_VTrue_mpc4_filmv1_Emf,6,train,combined_5,combined_5,False,geo_free,mix_visual_aligning.models.visual_mf_diffusion.VisualMeanFlow,8.0,0.1,4.0,True,cuda,logs/aligning-d3il-visual/plans/mix_visual_aligning_mf/H8_Dmix_visual_aligning.models.visual_mf_diffusion.VisualMeanFlow_a1.5_b1.0_aw1_VTrue_steps1000_bs64_filmv1_Emf_tslogit_normal/H8_K100_Meuler_T0.1_Dmix_visual_aligning.models.visual_mf_diffusion.VisualMeanFlow_VTrue_mpc4_filmv1_Emf/6,mix_visual_aligning_mf/H8_Dmix_visual_aligning.models.visual_mf_diffusion.VisualMeanFlow_a1.5_b1.0_aw1_VTrue_steps1000_bs64_filmv1_Emf_tslogit_normal,mf,,,
16,H8_K100_Meuler_T0.1_Dmix_visual_aligning.models.visual_mf_diffusion.VisualMeanFlow_VTrue_mpc4_filmv1_Emf,/data/home/llim/FMPCC/FM-PCC/logs/aligning-d3il-visual/plans/mix_visual_aligning_mf/H8_Dmix_visual_aligning.models.visual_mf_diffusion.VisualMeanFlow_a1.5_b1.0_aw1_VTrue_steps1000_bs64_filmv1_Emf_tslogit_normal/H8_K100_Meuler_T0.1_Dmix_visual_aligning.models.visual_mf_diffusion.VisualMeanFlow_VTrue_mpc4_filmv1_Emf,6,train,combined_5,combined_5,False,geo_free-bounds_free,mix_visual_aligning.models.visual_mf_diffusion.VisualMeanFlow,8.0,0.1,4.0,True,cuda,logs/aligning-d3il-visual/plans/mix_visual_aligning_mf/H8_Dmix_visual_aligning.models.visual_mf_diffusion.VisualMeanFlow_a1.5_b1.0_aw1_VTrue_steps1000_bs64_filmv1_Emf_tslogit_normal/H8_K100_Meuler_T0.1_Dmix_visual_aligning.models.visual_mf_diffusion.VisualMeanFlow_VTrue_mpc4_filmv1_Emf/6,mix_visual_aligning_mf/H8_Dmix_visual_aligning.models.visual_mf_diffusion.VisualMeanFlow_a1.5_b1.0_aw1_VTrue_steps1000_bs64_filmv1_Emf_tslogit_normal,mf,,,
16,H8_K100_Meuler_T0.1_Dmix_visual_aligning.models.visual_mf_diffusion.VisualMeanFlow_VTrue_mpc4_filmv1_Emf,/data/home/llim/FMPCC/FM-PCC/logs/aligning-d3il-visual/plans/mix_visual_aligning_mf/H8_Dmix_visual_aligning.models.visual_mf_diffusion.VisualMeanFlow_a1.5_b1.0_aw1_VTrue_steps1000_bs64_filmv1_Emf_tslogit_normal/H8_K100_Meuler_T0.1_Dmix_visual_aligning.models.visual_mf_diffusion.VisualMeanFlow_VTrue_mpc4_filmv1_Emf,6,train,combined_5,combined_5,False,geo_free-model_free,mix_visual_aligning.models.visual_mf_diffusion.VisualMeanFlow,8.0,0.1,4.0,True,cuda,logs/aligning-d3il-visual/plans/mix_visual_aligning_mf/H8_Dmix_visual_aligning.models.visual_mf_diffusion.VisualMeanFlow_a1.5_b1.0_aw1_VTrue_steps1000_bs64_filmv1_Emf_tslogit_normal/H8_K100_Meuler_T0.1_Dmix_visual_aligning.models.visual_mf_diffusion.VisualMeanFlow_VTrue_mpc4_filmv1_Emf/6,mix_visual_aligning_mf/H8_Dmix_visual_aligning.models.visual_mf_diffusion.VisualMeanFlow_a1.5_b1.0_aw1_VTrue_steps1000_bs64_filmv1_Emf_tslogit_normal,mf,,,
16,H8_K100_Meuler_T0.1_Dmix_visual_aligning.models.visual_mf_diffusion.VisualMeanFlow_VTrue_mpc4_filmv1_Emf,/data/home/llim/FMPCC/FM-PCC/logs/aligning-d3il-visual/plans/mix_visual_aligning_mf/H8_Dmix_visual_aligning.models.visual_mf_diffusion.VisualMeanFlow_a1.5_b1.0_aw1_VTrue_steps1000_bs64_filmv1_Emf_tslogit_normal/H8_K100_Meuler_T0.1_Dmix_visual_aligning.models.visual_mf_diffusion.VisualMeanFlow_VTrue_mpc4_filmv1_Emf,6,train,combined_5,combined_5,False,gradient,mix_visual_aligning.models.visual_mf_diffusion.VisualMeanFlow,8.0,0.1,4.0,True,cuda,logs/aligning-d3il-visual/plans/mix_visual_aligning_mf/H8_Dmix_visual_aligning.models.visual_mf_diffusion.VisualMeanFlow_a1.5_b1.0_aw1_VTrue_steps1000_bs64_filmv1_Emf_tslogit_normal/H8_K100_Meuler_T0.1_Dmix_visual_aligning.models.visual_mf_diffusion.VisualMeanFlow_VTrue_mpc4_filmv1_Emf/6,mix_visual_aligning_mf/H8_Dmix_visual_aligning.models.visual_mf_diffusion.VisualMeanFlow_a1.5_b1.0_aw1_VTrue_steps1000_bs64_filmv1_Emf_tslogit_normal,mf,,,
16,H8_K100_Meuler_T0.1_Dmix_visual_aligning.models.visual_mf_diffusion.VisualMeanFlow_VTrue_mpc4_filmv1_Emf,/data/home/llim/FMPCC/FM-PCC/logs/aligning-d3il-visual/plans/mix_visual_aligning_mf/H8_Dmix_visual_aligning.models.visual_mf_diffusion.VisualMeanFlow_a1.5_b1.0_aw1_VTrue_steps1000_bs64_filmv1_Emf_tslogit_normal/H8_K100_Meuler_T0.1_Dmix_visual_aligning.models.visual_mf_diffusion.VisualMeanFlow_VTrue_mpc4_filmv1_Emf,6,train,combined_5,combined_5,False,hardflow_sls-c,mix_visual_aligning.models.visual_mf_diffusion.VisualMeanFlow,8.0,0.1,4.0,True,cuda,logs/aligning-d3il-visual/plans/mix_visual_aligning_mf/H8_Dmix_visual_aligning.models.visual_mf_diffusion.VisualMeanFlow_a1.5_b1.0_aw1_VTrue_steps1000_bs64_filmv1_Emf_tslogit_normal/H8_K100_Meuler_T0.1_Dmix_visual_aligning.models.visual_mf_diffusion.VisualMeanFlow_VTrue_mpc4_filmv1_Emf/6,mix_visual_aligning_mf/H8_Dmix_visual_aligning.models.visual_mf_diffusion.VisualMeanFlow_a1.5_b1.0_aw1_VTrue_steps1000_bs64_filmv1_Emf_tslogit_normal,mf,,,
16,H8_K100_Meuler_T0.1_Dmix_visual_aligning.models.visual_mf_diffusion.VisualMeanFlow_VTrue_mpc4_filmv1_Emf,/data/home/llim/FMPCC/FM-PCC/logs/aligning-d3il-visual/plans/mix_visual_aligning_mf/H8_Dmix_visual_aligning.models.visual_mf_diffusion.VisualMeanFlow_a1.5_b1.0_aw1_VTrue_steps1000_bs64_filmv1_Emf_tslogit_normal/H8_K100_Meuler_T0.1_Dmix_visual_aligning.models.visual_mf_diffusion.VisualMeanFlow_VTrue_mpc4_filmv1_Emf,6,train,combined_5,combined_5,False,hardflow_sls-r,mix_visual_aligning.models.visual_mf_diffusion.VisualMeanFlow,8.0,0.1,4.0,True,cuda,logs/aligning-d3il-visual/plans/mix_visual_aligning_mf/H8_Dmix_visual_aligning.models.visual_mf_diffusion.VisualMeanFlow_a1.5_b1.0_aw1_VTrue_steps1000_bs64_filmv1_Emf_tslogit_normal/H8_K100_Meuler_T0.1_Dmix_visual_aligning.models.visual_mf_diffusion.VisualMeanFlow_VTrue_mpc4_filmv1_Emf/6,mix_visual_aligning_mf/H8_Dmix_visual_aligning.models.visual_mf_diffusion.VisualMeanFlow_a1.5_b1.0_aw1_VTrue_steps1000_bs64_filmv1_Emf_tslogit_normal,mf,,,
16,H8_K100_Meuler_T0.1_Dmix_visual_aligning.models.visual_mf_diffusion.VisualMeanFlow_VTrue_mpc4_filmv1_Emf,/data/home/llim/FMPCC/FM-PCC/logs/aligning-d3il-visual/plans/mix_visual_aligning_mf/H8_Dmix_visual_aligning.models.visual_mf_diffusion.VisualMeanFlow_a1.5_b1.0_aw1_VTrue_steps1000_bs64_filmv1_Emf_tslogit_normal/H8_K100_Meuler_T0.1_Dmix_visual_aligning.models.visual_mf_diffusion.VisualMeanFlow_VTrue_mpc4_filmv1_Emf,6,train,combined_5,combined_5,False,model_free,mix_visual_aligning.models.visual_mf_diffusion.VisualMeanFlow,8.0,0.1,4.0,True,cuda,logs/aligning-d3il-visual/plans/mix_visual_aligning_mf/H8_Dmix_visual_aligning.models.visual_mf_diffusion.VisualMeanFlow_a1.5_b1.0_aw1_VTrue_steps1000_bs64_filmv1_Emf_tslogit_normal/H8_K100_Meuler_T0.1_Dmix_visual_aligning.models.visual_mf_diffusion.VisualMeanFlow_VTrue_mpc4_filmv1_Emf/6,mix_visual_aligning_mf/H8_Dmix_visual_aligning.models.visual_mf_diffusion.VisualMeanFlow_a1.5_b1.0_aw1_VTrue_steps1000_bs64_filmv1_Emf_tslogit_normal,mf,,,
16,H8_K100_Meuler_T0.1_Dmix_visual_aligning.models.visual_mf_diffusion.VisualMeanFlow_VTrue_mpc4_filmv1_Emf,/data/home/llim/FMPCC/FM-PCC/logs/aligning-d3il-visual/plans/mix_visual_aligning_mf/H8_Dmix_visual_aligning.models.visual_mf_diffusion.VisualMeanFlow_a1.5_b1.0_aw1_VTrue_steps1000_bs64_filmv1_Emf_tslogit_normal/H8_K100_Meuler_T0.1_Dmix_visual_aligning.models.visual_mf_diffusion.VisualMeanFlow_VTrue_mpc4_filmv1_Emf,6,train,combined_5,combined_5,False,model_free-bounds_free,mix_visual_aligning.models.visual_mf_diffusion.VisualMeanFlow,8.0,0.1,4.0,True,cuda,logs/aligning-d3il-visual/plans/mix_visual_aligning_mf/H8_Dmix_visual_aligning.models.visual_mf_diffusion.VisualMeanFlow_a1.5_b1.0_aw1_VTrue_steps1000_bs64_filmv1_Emf_tslogit_normal/H8_K100_Meuler_T0.1_Dmix_visual_aligning.models.visual_mf_diffusion.VisualMeanFlow_VTrue_mpc4_filmv1_Emf/6,mix_visual_aligning_mf/H8_Dmix_visual_aligning.models.visual_mf_diffusion.VisualMeanFlow_a1.5_b1.0_aw1_VTrue_steps1000_bs64_filmv1_Emf_tslogit_normal,mf,,,
16,H8_K100_Meuler_T0.1_Dmix_visual_aligning.models.visual_mf_diffusion.VisualMeanFlow_VTrue_mpc4_filmv1_Emf,/data/home/llim/FMPCC/FM-PCC/logs/aligning-d3il-visual/plans/mix_visual_aligning_mf/H8_Dmix_visual_aligning.models.visual_mf_diffusion.VisualMeanFlow_a1.5_b1.0_aw1_VTrue_steps1000_bs64_filmv1_Emf_tslogit_normal/H8_K100_Meuler_T0.1_Dmix_visual_aligning.models.visual_mf_diffusion.VisualMeanFlow_VTrue_mpc4_filmv1_Emf,6,train,combined_5,combined_5,False,post_processing,mix_visual_aligning.models.visual_mf_diffusion.VisualMeanFlow,8.0,0.1,4.0,True,cuda,logs/aligning-d3il-visual/plans/mix_visual_aligning_mf/H8_Dmix_visual_aligning.models.visual_mf_diffusion.VisualMeanFlow_a1.5_b1.0_aw1_VTrue_steps1000_bs64_filmv1_Emf_tslogit_normal/H8_K100_Meuler_T0.1_Dmix_visual_aligning.models.visual_mf_diffusion.VisualMeanFlow_VTrue_mpc4_filmv1_Emf/6,mix_visual_aligning_mf/H8_Dmix_visual_aligning.models.visual_mf_diffusion.VisualMeanFlow_a1.5_b1.0_aw1_VTrue_steps1000_bs64_filmv1_Emf_tslogit_normal,mf,,,
17,H8_K100_Meuler_T0.5_Dmix_visual_aligning.models.visual_mf_diffusion.VisualMeanFlow_VTrue_mpc4_filmv1_Emf,/data/home/llim/FMPCC/FM-PCC/logs/aligning-d3il-visual/plans/mix_visual_aligning_mf/H8_Dmix_visual_aligning.models.visual_mf_diffusion.VisualMeanFlow_a1.5_b1.0_aw1_VTrue_steps1000_bs64_filmv1_Emf_tslogit_normal/H8_K100_Meuler_T0.5_Dmix_visual_aligning.models.visual_mf_diffusion.VisualMeanFlow_VTrue_mpc4_filmv1_Emf,6,train,combined_5,combined_5,False,diffuser,mix_visual_aligning.models.visual_mf_diffusion.VisualMeanFlow,8.0,0.5,4.0,True,cuda,logs/aligning-d3il-visual/plans/mix_visual_aligning_mf/H8_Dmix_visual_aligning.models.visual_mf_diffusion.VisualMeanFlow_a1.5_b1.0_aw1_VTrue_steps1000_bs64_filmv1_Emf_tslogit_normal/H8_K100_Meuler_T0.5_Dmix_visual_aligning.models.visual_mf_diffusion.VisualMeanFlow_VTrue_mpc4_filmv1_Emf/6,mix_visual_aligning_mf/H8_Dmix_visual_aligning.models.visual_mf_diffusion.VisualMeanFlow_a1.5_b1.0_aw1_VTrue_steps1000_bs64_filmv1_Emf_tslogit_normal,mf,,,
18,H8_K20_Meuler_T0.2_Dmix_visual_aligning.models.visual_mf_diffusion.VisualMeanFlow_VTrue_mpc4_filmv1_Emf,/data/home/llim/FMPCC/FM-PCC/logs/aligning-d3il-visual/plans/mix_visual_aligning_mf/H8_Dmix_visual_aligning.models.visual_mf_diffusion.VisualMeanFlow_a1.5_b1.0_aw1_VTrue_steps1000_bs64_filmv1_Emf_tslogit_normal/H8_K20_Meuler_T0.2_Dmix_visual_aligning.models.visual_mf_diffusion.VisualMeanFlow_VTrue_mpc4_filmv1_Emf,6,train,combined_5,combined_5,False,bounds_free,mix_visual_aligning.models.visual_mf_diffusion.VisualMeanFlow,8.0,0.2,4.0,True,cuda,logs/aligning-d3il-visual/plans/mix_visual_aligning_mf/H8_Dmix_visual_aligning.models.visual_mf_diffusion.VisualMeanFlow_a1.5_b1.0_aw1_VTrue_steps1000_bs64_filmv1_Emf_tslogit_normal/H8_K20_Meuler_T0.2_Dmix_visual_aligning.models.visual_mf_diffusion.VisualMeanFlow_VTrue_mpc4_filmv1_Emf/6,mix_visual_aligning_mf/H8_Dmix_visual_aligning.models.visual_mf_diffusion.VisualMeanFlow_a1.5_b1.0_aw1_VTrue_steps1000_bs64_filmv1_Emf_tslogit_normal,mf,,,
18,H8_K20_Meuler_T0.2_Dmix_visual_aligning.models.visual_mf_diffusion.VisualMeanFlow_VTrue_mpc4_filmv1_Emf,/data/home/llim/FMPCC/FM-PCC/logs/aligning-d3il-visual/plans/mix_visual_aligning_mf/H8_Dmix_visual_aligning.models.visual_mf_diffusion.VisualMeanFlow_a1.5_b1.0_aw1_VTrue_steps1000_bs64_filmv1_Emf_tslogit_normal/H8_K20_Meuler_T0.2_Dmix_visual_aligning.models.visual_mf_diffusion.VisualMeanFlow_VTrue_mpc4_filmv1_Emf,6,train,combined_5,combined_5,False,diffuser,mix_visual_aligning.models.visual_mf_diffusion.VisualMeanFlow,8.0,0.2,4.0,True,cuda,logs/aligning-d3il-visual/plans/mix_visual_aligning_mf/H8_Dmix_visual_aligning.models.visual_mf_diffusion.VisualMeanFlow_a1.5_b1.0_aw1_VTrue_steps1000_bs64_filmv1_Emf_tslogit_normal/H8_K20_Meuler_T0.2_Dmix_visual_aligning.models.visual_mf_diffusion.VisualMeanFlow_VTrue_mpc4_filmv1_Emf/6,mix_visual_aligning_mf/H8_Dmix_visual_aligning.models.visual_mf_diffusion.VisualMeanFlow_a1.5_b1.0_aw1_VTrue_steps1000_bs64_filmv1_Emf_tslogit_normal,mf,,,
18,H8_K20_Meuler_T0.2_Dmix_visual_aligning.models.visual_mf_diffusion.VisualMeanFlow_VTrue_mpc4_filmv1_Emf,/data/home/llim/FMPCC/FM-PCC/logs/aligning-d3il-visual/plans/mix_visual_aligning_mf/H8_Dmix_visual_aligning.models.visual_mf_diffusion.VisualMeanFlow_a1.5_b1.0_aw1_VTrue_steps1000_bs64_filmv1_Emf_tslogit_normal/H8_K20_Meuler_T0.2_Dmix_visual_aligning.models.visual_mf_diffusion.VisualMeanFlow_VTrue_mpc4_filmv1_Emf,6,train,combined_5,combined_5,False,dpcc-c,mix_visual_aligning.models.visual_mf_diffusion.VisualMeanFlow,8.0,0.2,4.0,True,cuda,logs/aligning-d3il-visual/plans/mix_visual_aligning_mf/H8_Dmix_visual_aligning.models.visual_mf_diffusion.VisualMeanFlow_a1.5_b1.0_aw1_VTrue_steps1000_bs64_filmv1_Emf_tslogit_normal/H8_K20_Meuler_T0.2_Dmix_visual_aligning.models.visual_mf_diffusion.VisualMeanFlow_VTrue_mpc4_filmv1_Emf/6,mix_visual_aligning_mf/H8_Dmix_visual_aligning.models.visual_mf_diffusion.VisualMeanFlow_a1.5_b1.0_aw1_VTrue_steps1000_bs64_filmv1_Emf_tslogit_normal,mf,,,
18,H8_K20_Meuler_T0.2_Dmix_visual_aligning.models.visual_mf_diffusion.VisualMeanFlow_VTrue_mpc4_filmv1_Emf,/data/home/llim/FMPCC/FM-PCC/logs/aligning-d3il-visual/plans/mix_visual_aligning_mf/H8_Dmix_visual_aligning.models.visual_mf_diffusion.VisualMeanFlow_a1.5_b1.0_aw1_VTrue_steps1000_bs64_filmv1_Emf_tslogit_normal/H8_K20_Meuler_T0.2_Dmix_visual_aligning.models.visual_mf_diffusion.VisualMeanFlow_VTrue_mpc4_filmv1_Emf,6,train,combined_5,combined_5,False,dpcc-c-dt0p25,mix_visual_aligning.models.visual_mf_diffusion.VisualMeanFlow,8.0,0.2,4.0,True,cuda,logs/aligning-d3il-visual/plans/mix_visual_aligning_mf/H8_Dmix_visual_aligning.models.visual_mf_diffusion.VisualMeanFlow_a1.5_b1.0_aw1_VTrue_steps1000_bs64_filmv1_Emf_tslogit_normal/H8_K20_Meuler_T0.2_Dmix_visual_aligning.models.visual_mf_diffusion.VisualMeanFlow_VTrue_mpc4_filmv1_Emf/6,mix_visual_aligning_mf/H8_Dmix_visual_aligning.models.visual_mf_diffusion.VisualMeanFlow_a1.5_b1.0_aw1_VTrue_steps1000_bs64_filmv1_Emf_tslogit_normal,mf,,,
18,H8_K20_Meuler_T0.2_Dmix_visual_aligning.models.visual_mf_diffusion.VisualMeanFlow_VTrue_mpc4_filmv1_Emf,/data/home/llim/FMPCC/FM-PCC/logs/aligning-d3il-visual/plans/mix_visual_aligning_mf/H8_Dmix_visual_aligning.models.visual_mf_diffusion.VisualMeanFlow_a1.5_b1.0_aw1_VTrue_steps1000_bs64_filmv1_Emf_tslogit_normal/H8_K20_Meuler_T0.2_Dmix_visual_aligning.models.visual_mf_diffusion.VisualMeanFlow_VTrue_mpc4_filmv1_Emf,6,train,combined_5,combined_5,False,dpcc-c-dt0p5,mix_visual_aligning.models.visual_mf_diffusion.VisualMeanFlow,8.0,0.2,4.0,True,cuda,logs/aligning-d3il-visual/plans/mix_visual_aligning_mf/H8_Dmix_visual_aligning.models.visual_mf_diffusion.VisualMeanFlow_a1.5_b1.0_aw1_VTrue_steps1000_bs64_filmv1_Emf_tslogit_normal/H8_K20_Meuler_T0.2_Dmix_visual_aligning.models.visual_mf_diffusion.VisualMeanFlow_VTrue_mpc4_filmv1_Emf/6,mix_visual_aligning_mf/H8_Dmix_visual_aligning.models.visual_mf_diffusion.VisualMeanFlow_a1.5_b1.0_aw1_VTrue_steps1000_bs64_filmv1_Emf_tslogit_normal,mf,,,
18,H8_K20_Meuler_T0.2_Dmix_visual_aligning.models.visual_mf_diffusion.VisualMeanFlow_VTrue_mpc4_filmv1_Emf,/data/home/llim/FMPCC/FM-PCC/logs/aligning-d3il-visual/plans/mix_visual_aligning_mf/H8_Dmix_visual_aligning.models.visual_mf_diffusion.VisualMeanFlow_a1.5_b1.0_aw1_VTrue_steps1000_bs64_filmv1_Emf_tslogit_normal/H8_K20_Meuler_T0.2_Dmix_visual_aligning.models.visual_mf_diffusion.VisualMeanFlow_VTrue_mpc4_filmv1_Emf,6,train,combined_5,combined_5,False,dpcc-c-dt2p0,mix_visual_aligning.models.visual_mf_diffusion.VisualMeanFlow,8.0,0.2,4.0,True,cuda,logs/aligning-d3il-visual/plans/mix_visual_aligning_mf/H8_Dmix_visual_aligning.models.visual_mf_diffusion.VisualMeanFlow_a1.5_b1.0_aw1_VTrue_steps1000_bs64_filmv1_Emf_tslogit_normal/H8_K20_Meuler_T0.2_Dmix_visual_aligning.models.visual_mf_diffusion.VisualMeanFlow_VTrue_mpc4_filmv1_Emf/6,mix_visual_aligning_mf/H8_Dmix_visual_aligning.models.visual_mf_diffusion.VisualMeanFlow_a1.5_b1.0_aw1_VTrue_steps1000_bs64_filmv1_Emf_tslogit_normal,mf,,,
18,H8_K20_Meuler_T0.2_Dmix_visual_aligning.models.visual_mf_diffusion.VisualMeanFlow_VTrue_mpc4_filmv1_Emf,/data/home/llim/FMPCC/FM-PCC/logs/aligning-d3il-visual/plans/mix_visual_aligning_mf/H8_Dmix_visual_aligning.models.visual_mf_diffusion.VisualMeanFlow_a1.5_b1.0_aw1_VTrue_steps1000_bs64_filmv1_Emf_tslogit_normal/H8_K20_Meuler_T0.2_Dmix_visual_aligning.models.visual_mf_diffusion.VisualMeanFlow_VTrue_mpc4_filmv1_Emf,6,train,combined_5,combined_5,False,dpcc-c-dt4p0,mix_visual_aligning.models.visual_mf_diffusion.VisualMeanFlow,8.0,0.2,4.0,True,cuda,logs/aligning-d3il-visual/plans/mix_visual_aligning_mf/H8_Dmix_visual_aligning.models.visual_mf_diffusion.VisualMeanFlow_a1.5_b1.0_aw1_VTrue_steps1000_bs64_filmv1_Emf_tslogit_normal/H8_K20_Meuler_T0.2_Dmix_visual_aligning.models.visual_mf_diffusion.VisualMeanFlow_VTrue_mpc4_filmv1_Emf/6,mix_visual_aligning_mf/H8_Dmix_visual_aligning.models.visual_mf_diffusion.VisualMeanFlow_a1.5_b1.0_aw1_VTrue_steps1000_bs64_filmv1_Emf_tslogit_normal,mf,,,
18,H8_K20_Meuler_T0.2_Dmix_visual_aligning.models.visual_mf_diffusion.VisualMeanFlow_VTrue_mpc4_filmv1_Emf,/data/home/llim/FMPCC/FM-PCC/logs/aligning-d3il-visual/plans/mix_visual_aligning_mf/H8_Dmix_visual_aligning.models.visual_mf_diffusion.VisualMeanFlow_a1.5_b1.0_aw1_VTrue_steps1000_bs64_filmv1_Emf_tslogit_normal/H8_K20_Meuler_T0.2_Dmix_visual_aligning.models.visual_mf_diffusion.VisualMeanFlow_VTrue_mpc4_filmv1_Emf,6,train,combined_5,combined_5,False,dpcc-r,mix_visual_aligning.models.visual_mf_diffusion.VisualMeanFlow,8.0,0.2,4.0,True,cuda,logs/aligning-d3il-visual/plans/mix_visual_aligning_mf/H8_Dmix_visual_aligning.models.visual_mf_diffusion.VisualMeanFlow_a1.5_b1.0_aw1_VTrue_steps1000_bs64_filmv1_Emf_tslogit_normal/H8_K20_Meuler_T0.2_Dmix_visual_aligning.models.visual_mf_diffusion.VisualMeanFlow_VTrue_mpc4_filmv1_Emf/6,mix_visual_aligning_mf/H8_Dmix_visual_aligning.models.visual_mf_diffusion.VisualMeanFlow_a1.5_b1.0_aw1_VTrue_steps1000_bs64_filmv1_Emf_tslogit_normal,mf,,,
18,H8_K20_Meuler_T0.2_Dmix_visual_aligning.models.visual_mf_diffusion.VisualMeanFlow_VTrue_mpc4_filmv1_Emf,/data/home/llim/FMPCC/FM-PCC/logs/aligning-d3il-visual/plans/mix_visual_aligning_mf/H8_Dmix_visual_aligning.models.visual_mf_diffusion.VisualMeanFlow_a1.5_b1.0_aw1_VTrue_steps1000_bs64_filmv1_Emf_tslogit_normal/H8_K20_Meuler_T0.2_Dmix_visual_aligning.models.visual_mf_diffusion.VisualMeanFlow_VTrue_mpc4_filmv1_Emf,6,train,combined_5,combined_5,False,dpcc-t,mix_visual_aligning.models.visual_mf_diffusion.VisualMeanFlow,8.0,0.2,4.0,True,cuda,logs/aligning-d3il-visual/plans/mix_visual_aligning_mf/H8_Dmix_visual_aligning.models.visual_mf_diffusion.VisualMeanFlow_a1.5_b1.0_aw1_VTrue_steps1000_bs64_filmv1_Emf_tslogit_normal/H8_K20_Meuler_T0.2_Dmix_visual_aligning.models.visual_mf_diffusion.VisualMeanFlow_VTrue_mpc4_filmv1_Emf/6,mix_visual_aligning_mf/H8_Dmix_visual_aligning.models.visual_mf_diffusion.VisualMeanFlow_a1.5_b1.0_aw1_VTrue_steps1000_bs64_filmv1_Emf_tslogit_normal,mf,,,
18,H8_K20_Meuler_T0.2_Dmix_visual_aligning.models.visual_mf_diffusion.VisualMeanFlow_VTrue_mpc4_filmv1_Emf,/data/home/llim/FMPCC/FM-PCC/logs/aligning-d3il-visual/plans/mix_visual_aligning_mf/H8_Dmix_visual_aligning.models.visual_mf_diffusion.VisualMeanFlow_a1.5_b1.0_aw1_VTrue_steps1000_bs64_filmv1_Emf_tslogit_normal/H8_K20_Meuler_T0.2_Dmix_visual_aligning.models.visual_mf_diffusion.VisualMeanFlow_VTrue_mpc4_filmv1_Emf,6,train,combined_5,combined_5,False,geo_free,mix_visual_aligning.models.visual_mf_diffusion.VisualMeanFlow,8.0,0.2,4.0,True,cuda,logs/aligning-d3il-visual/plans/mix_visual_aligning_mf/H8_Dmix_visual_aligning.models.visual_mf_diffusion.VisualMeanFlow_a1.5_b1.0_aw1_VTrue_steps1000_bs64_filmv1_Emf_tslogit_normal/H8_K20_Meuler_T0.2_Dmix_visual_aligning.models.visual_mf_diffusion.VisualMeanFlow_VTrue_mpc4_filmv1_Emf/6,mix_visual_aligning_mf/H8_Dmix_visual_aligning.models.visual_mf_diffusion.VisualMeanFlow_a1.5_b1.0_aw1_VTrue_steps1000_bs64_filmv1_Emf_tslogit_normal,mf,,,
18,H8_K20_Meuler_T0.2_Dmix_visual_aligning.models.visual_mf_diffusion.VisualMeanFlow_VTrue_mpc4_filmv1_Emf,/data/home/llim/FMPCC/FM-PCC/logs/aligning-d3il-visual/plans/mix_visual_aligning_mf/H8_Dmix_visual_aligning.models.visual_mf_diffusion.VisualMeanFlow_a1.5_b1.0_aw1_VTrue_steps1000_bs64_filmv1_Emf_tslogit_normal/H8_K20_Meuler_T0.2_Dmix_visual_aligning.models.visual_mf_diffusion.VisualMeanFlow_VTrue_mpc4_filmv1_Emf,6,train,combined_5,combined_5,False,geo_free-bounds_free,mix_visual_aligning.models.visual_mf_diffusion.VisualMeanFlow,8.0,0.2,4.0,True,cuda,logs/aligning-d3il-visual/plans/mix_visual_aligning_mf/H8_Dmix_visual_aligning.models.visual_mf_diffusion.VisualMeanFlow_a1.5_b1.0_aw1_VTrue_steps1000_bs64_filmv1_Emf_tslogit_normal/H8_K20_Meuler_T0.2_Dmix_visual_aligning.models.visual_mf_diffusion.VisualMeanFlow_VTrue_mpc4_filmv1_Emf/6,mix_visual_aligning_mf/H8_Dmix_visual_aligning.models.visual_mf_diffusion.VisualMeanFlow_a1.5_b1.0_aw1_VTrue_steps1000_bs64_filmv1_Emf_tslogit_normal,mf,,,
18,H8_K20_Meuler_T0.2_Dmix_visual_aligning.models.visual_mf_diffusion.VisualMeanFlow_VTrue_mpc4_filmv1_Emf,/data/home/llim/FMPCC/FM-PCC/logs/aligning-d3il-visual/plans/mix_visual_aligning_mf/H8_Dmix_visual_aligning.models.visual_mf_diffusion.VisualMeanFlow_a1.5_b1.0_aw1_VTrue_steps1000_bs64_filmv1_Emf_tslogit_normal/H8_K20_Meuler_T0.2_Dmix_visual_aligning.models.visual_mf_diffusion.VisualMeanFlow_VTrue_mpc4_filmv1_Emf,6,train,combined_5,combined_5,False,geo_free-model_free,mix_visual_aligning.models.visual_mf_diffusion.VisualMeanFlow,8.0,0.2,4.0,True,cuda,logs/aligning-d3il-visual/plans/mix_visual_aligning_mf/H8_Dmix_visual_aligning.models.visual_mf_diffusion.VisualMeanFlow_a1.5_b1.0_aw1_VTrue_steps1000_bs64_filmv1_Emf_tslogit_normal/H8_K20_Meuler_T0.2_Dmix_visual_aligning.models.visual_mf_diffusion.VisualMeanFlow_VTrue_mpc4_filmv1_Emf/6,mix_visual_aligning_mf/H8_Dmix_visual_aligning.models.visual_mf_diffusion.VisualMeanFlow_a1.5_b1.0_aw1_VTrue_steps1000_bs64_filmv1_Emf_tslogit_normal,mf,,,
18,H8_K20_Meuler_T0.2_Dmix_visual_aligning.models.visual_mf_diffusion.VisualMeanFlow_VTrue_mpc4_filmv1_Emf,/data/home/llim/FMPCC/FM-PCC/logs/aligning-d3il-visual/plans/mix_visual_aligning_mf/H8_Dmix_visual_aligning.models.visual_mf_diffusion.VisualMeanFlow_a1.5_b1.0_aw1_VTrue_steps1000_bs64_filmv1_Emf_tslogit_normal/H8_K20_Meuler_T0.2_Dmix_visual_aligning.models.visual_mf_diffusion.VisualMeanFlow_VTrue_mpc4_filmv1_Emf,6,train,combined_5,combined_5,False,gradient,mix_visual_aligning.models.visual_mf_diffusion.VisualMeanFlow,8.0,0.2,4.0,True,cuda,logs/aligning-d3il-visual/plans/mix_visual_aligning_mf/H8_Dmix_visual_aligning.models.visual_mf_diffusion.VisualMeanFlow_a1.5_b1.0_aw1_VTrue_steps1000_bs64_filmv1_Emf_tslogit_normal/H8_K20_Meuler_T0.2_Dmix_visual_aligning.models.visual_mf_diffusion.VisualMeanFlow_VTrue_mpc4_filmv1_Emf/6,mix_visual_aligning_mf/H8_Dmix_visual_aligning.models.visual_mf_diffusion.VisualMeanFlow_a1.5_b1.0_aw1_VTrue_steps1000_bs64_filmv1_Emf_tslogit_normal,mf,,,
18,H8_K20_Meuler_T0.2_Dmix_visual_aligning.models.visual_mf_diffusion.VisualMeanFlow_VTrue_mpc4_filmv1_Emf,/data/home/llim/FMPCC/FM-PCC/logs/aligning-d3il-visual/plans/mix_visual_aligning_mf/H8_Dmix_visual_aligning.models.visual_mf_diffusion.VisualMeanFlow_a1.5_b1.0_aw1_VTrue_steps1000_bs64_filmv1_Emf_tslogit_normal/H8_K20_Meuler_T0.2_Dmix_visual_aligning.models.visual_mf_diffusion.VisualMeanFlow_VTrue_mpc4_filmv1_Emf,6,train,combined_5,combined_5,False,hardflow_sls-c,mix_visual_aligning.models.visual_mf_diffusion.VisualMeanFlow,8.0,0.2,4.0,True,cuda,logs/aligning-d3il-visual/plans/mix_visual_aligning_mf/H8_Dmix_visual_aligning.models.visual_mf_diffusion.VisualMeanFlow_a1.5_b1.0_aw1_VTrue_steps1000_bs64_filmv1_Emf_tslogit_normal/H8_K20_Meuler_T0.2_Dmix_visual_aligning.models.visual_mf_diffusion.VisualMeanFlow_VTrue_mpc4_filmv1_Emf/6,mix_visual_aligning_mf/H8_Dmix_visual_aligning.models.visual_mf_diffusion.VisualMeanFlow_a1.5_b1.0_aw1_VTrue_steps1000_bs64_filmv1_Emf_tslogit_normal,mf,,,
18,H8_K20_Meuler_T0.2_Dmix_visual_aligning.models.visual_mf_diffusion.VisualMeanFlow_VTrue_mpc4_filmv1_Emf,/data/home/llim/FMPCC/FM-PCC/logs/aligning-d3il-visual/plans/mix_visual_aligning_mf/H8_Dmix_visual_aligning.models.visual_mf_diffusion.VisualMeanFlow_a1.5_b1.0_aw1_VTrue_steps1000_bs64_filmv1_Emf_tslogit_normal/H8_K20_Meuler_T0.2_Dmix_visual_aligning.models.visual_mf_diffusion.VisualMeanFlow_VTrue_mpc4_filmv1_Emf,6,train,combined_5,combined_5,False,hardflow_sls-r,mix_visual_aligning.models.visual_mf_diffusion.VisualMeanFlow,8.0,0.2,4.0,True,cuda,logs/aligning-d3il-visual/plans/mix_visual_aligning_mf/H8_Dmix_visual_aligning.models.visual_mf_diffusion.VisualMeanFlow_a1.5_b1.0_aw1_VTrue_steps1000_bs64_filmv1_Emf_tslogit_normal/H8_K20_Meuler_T0.2_Dmix_visual_aligning.models.visual_mf_diffusion.VisualMeanFlow_VTrue_mpc4_filmv1_Emf/6,mix_visual_aligning_mf/H8_Dmix_visual_aligning.models.visual_mf_diffusion.VisualMeanFlow_a1.5_b1.0_aw1_VTrue_steps1000_bs64_filmv1_Emf_tslogit_normal,mf,,,
18,H8_K20_Meuler_T0.2_Dmix_visual_aligning.models.visual_mf_diffusion.VisualMeanFlow_VTrue_mpc4_filmv1_Emf,/data/home/llim/FMPCC/FM-PCC/logs/aligning-d3il-visual/plans/mix_visual_aligning_mf/H8_Dmix_visual_aligning.models.visual_mf_diffusion.VisualMeanFlow_a1.5_b1.0_aw1_VTrue_steps1000_bs64_filmv1_Emf_tslogit_normal/H8_K20_Meuler_T0.2_Dmix_visual_aligning.models.visual_mf_diffusion.VisualMeanFlow_VTrue_mpc4_filmv1_Emf,6,train,combined_5,combined_5,False,hardflow_sls-t,mix_visual_aligning.models.visual_mf_diffusion.VisualMeanFlow,8.0,0.2,4.0,True,cuda,logs/aligning-d3il-visual/plans/mix_visual_aligning_mf/H8_Dmix_visual_aligning.models.visual_mf_diffusion.VisualMeanFlow_a1.5_b1.0_aw1_VTrue_steps1000_bs64_filmv1_Emf_tslogit_normal/H8_K20_Meuler_T0.2_Dmix_visual_aligning.models.visual_mf_diffusion.VisualMeanFlow_VTrue_mpc4_filmv1_Emf/6,mix_visual_aligning_mf/H8_Dmix_visual_aligning.models.visual_mf_diffusion.VisualMeanFlow_a1.5_b1.0_aw1_VTrue_steps1000_bs64_filmv1_Emf_tslogit_normal,mf,,,
18,H8_K20_Meuler_T0.2_Dmix_visual_aligning.models.visual_mf_diffusion.VisualMeanFlow_VTrue_mpc4_filmv1_Emf,/data/home/llim/FMPCC/FM-PCC/logs/aligning-d3il-visual/plans/mix_visual_aligning_mf/H8_Dmix_visual_aligning.models.visual_mf_diffusion.VisualMeanFlow_a1.5_b1.0_aw1_VTrue_steps1000_bs64_filmv1_Emf_tslogit_normal/H8_K20_Meuler_T0.2_Dmix_visual_aligning.models.visual_mf_diffusion.VisualMeanFlow_VTrue_mpc4_filmv1_Emf,6,train,combined_5,combined_5,False,model_free,mix_visual_aligning.models.visual_mf_diffusion.VisualMeanFlow,8.0,0.2,4.0,True,cuda,logs/aligning-d3il-visual/plans/mix_visual_aligning_mf/H8_Dmix_visual_aligning.models.visual_mf_diffusion.VisualMeanFlow_a1.5_b1.0_aw1_VTrue_steps1000_bs64_filmv1_Emf_tslogit_normal/H8_K20_Meuler_T0.2_Dmix_visual_aligning.models.visual_mf_diffusion.VisualMeanFlow_VTrue_mpc4_filmv1_Emf/6,mix_visual_aligning_mf/H8_Dmix_visual_aligning.models.visual_mf_diffusion.VisualMeanFlow_a1.5_b1.0_aw1_VTrue_steps1000_bs64_filmv1_Emf_tslogit_normal,mf,,,
18,H8_K20_Meuler_T0.2_Dmix_visual_aligning.models.visual_mf_diffusion.VisualMeanFlow_VTrue_mpc4_filmv1_Emf,/data/home/llim/FMPCC/FM-PCC/logs/aligning-d3il-visual/plans/mix_visual_aligning_mf/H8_Dmix_visual_aligning.models.visual_mf_diffusion.VisualMeanFlow_a1.5_b1.0_aw1_VTrue_steps1000_bs64_filmv1_Emf_tslogit_normal/H8_K20_Meuler_T0.2_Dmix_visual_aligning.models.visual_mf_diffusion.VisualMeanFlow_VTrue_mpc4_filmv1_Emf,6,train,combined_5,combined_5,False,model_free-bounds_free,mix_visual_aligning.models.visual_mf_diffusion.VisualMeanFlow,8.0,0.2,4.0,True,cuda,logs/aligning-d3il-visual/plans/mix_visual_aligning_mf/H8_Dmix_visual_aligning.models.visual_mf_diffusion.VisualMeanFlow_a1.5_b1.0_aw1_VTrue_steps1000_bs64_filmv1_Emf_tslogit_normal/H8_K20_Meuler_T0.2_Dmix_visual_aligning.models.visual_mf_diffusion.VisualMeanFlow_VTrue_mpc4_filmv1_Emf/6,mix_visual_aligning_mf/H8_Dmix_visual_aligning.models.visual_mf_diffusion.VisualMeanFlow_a1.5_b1.0_aw1_VTrue_steps1000_bs64_filmv1_Emf_tslogit_normal,mf,,,
18,H8_K20_Meuler_T0.2_Dmix_visual_aligning.models.visual_mf_diffusion.VisualMeanFlow_VTrue_mpc4_filmv1_Emf,/data/home/llim/FMPCC/FM-PCC/logs/aligning-d3il-visual/plans/mix_visual_aligning_mf/H8_Dmix_visual_aligning.models.visual_mf_diffusion.VisualMeanFlow_a1.5_b1.0_aw1_VTrue_steps1000_bs64_filmv1_Emf_tslogit_normal/H8_K20_Meuler_T0.2_Dmix_visual_aligning.models.visual_mf_diffusion.VisualMeanFlow_VTrue_mpc4_filmv1_Emf,6,train,combined_5,combined_5,False,post_processing,mix_visual_aligning.models.visual_mf_diffusion.VisualMeanFlow,8.0,0.2,4.0,True,cuda,logs/aligning-d3il-visual/plans/mix_visual_aligning_mf/H8_Dmix_visual_aligning.models.visual_mf_diffusion.VisualMeanFlow_a1.5_b1.0_aw1_VTrue_steps1000_bs64_filmv1_Emf_tslogit_normal/H8_K20_Meuler_T0.2_Dmix_visual_aligning.models.visual_mf_diffusion.VisualMeanFlow_VTrue_mpc4_filmv1_Emf/6,mix_visual_aligning_mf/H8_Dmix_visual_aligning.models.visual_mf_diffusion.VisualMeanFlow_a1.5_b1.0_aw1_VTrue_steps1000_bs64_filmv1_Emf_tslogit_normal,mf,,,
18,H8_K20_Meuler_T0.2_Dmix_visual_aligning.models.visual_mf_diffusion.VisualMeanFlow_VTrue_mpc4_filmv1_Emf,/data/home/llim/FMPCC/FM-PCC/logs/aligning-d3il-visual/plans/mix_visual_aligning_mf/H8_Dmix_visual_aligning.models.visual_mf_diffusion.VisualMeanFlow_a1.5_b1.0_aw1_VTrue_steps1000_bs64_filmv1_Emf_tslogit_normal/H8_K20_Meuler_T0.2_Dmix_visual_aligning.models.visual_mf_diffusion.VisualMeanFlow_VTrue_mpc4_filmv1_Emf,6,train,combined_5-tightened,combined_5,True,bounds_free,mix_visual_aligning.models.visual_mf_diffusion.VisualMeanFlow,8.0,0.2,4.0,True,cuda,logs/aligning-d3il-visual/plans/mix_visual_aligning_mf/H8_Dmix_visual_aligning.models.visual_mf_diffusion.VisualMeanFlow_a1.5_b1.0_aw1_VTrue_steps1000_bs64_filmv1_Emf_tslogit_normal/H8_K20_Meuler_T0.2_Dmix_visual_aligning.models.visual_mf_diffusion.VisualMeanFlow_VTrue_mpc4_filmv1_Emf/6,mix_visual_aligning_mf/H8_Dmix_visual_aligning.models.visual_mf_diffusion.VisualMeanFlow_a1.5_b1.0_aw1_VTrue_steps1000_bs64_filmv1_Emf_tslogit_normal,mf,,,
18,H8_K20_Meuler_T0.2_Dmix_visual_aligning.models.visual_mf_diffusion.VisualMeanFlow_VTrue_mpc4_filmv1_Emf,/data/home/llim/FMPCC/FM-PCC/logs/aligning-d3il-visual/plans/mix_visual_aligning_mf/H8_Dmix_visual_aligning.models.visual_mf_diffusion.VisualMeanFlow_a1.5_b1.0_aw1_VTrue_steps1000_bs64_filmv1_Emf_tslogit_normal/H8_K20_Meuler_T0.2_Dmix_visual_aligning.models.visual_mf_diffusion.VisualMeanFlow_VTrue_mpc4_filmv1_Emf,6,train,combined_5-tightened,combined_5,True,diffuser,mix_visual_aligning.models.visual_mf_diffusion.VisualMeanFlow,8.0,0.2,4.0,True,cuda,logs/aligning-d3il-visual/plans/mix_visual_aligning_mf/H8_Dmix_visual_aligning.models.visual_mf_diffusion.VisualMeanFlow_a1.5_b1.0_aw1_VTrue_steps1000_bs64_filmv1_Emf_tslogit_normal/H8_K20_Meuler_T0.2_Dmix_visual_aligning.models.visual_mf_diffusion.VisualMeanFlow_VTrue_mpc4_filmv1_Emf/6,mix_visual_aligning_mf/H8_Dmix_visual_aligning.models.visual_mf_diffusion.VisualMeanFlow_a1.5_b1.0_aw1_VTrue_steps1000_bs64_filmv1_Emf_tslogit_normal,mf,,,
18,H8_K20_Meuler_T0.2_Dmix_visual_aligning.models.visual_mf_diffusion.VisualMeanFlow_VTrue_mpc4_filmv1_Emf,/data/home/llim/FMPCC/FM-PCC/logs/aligning-d3il-visual/plans/mix_visual_aligning_mf/H8_Dmix_visual_aligning.models.visual_mf_diffusion.VisualMeanFlow_a1.5_b1.0_aw1_VTrue_steps1000_bs64_filmv1_Emf_tslogit_normal/H8_K20_Meuler_T0.2_Dmix_visual_aligning.models.visual_mf_diffusion.VisualMeanFlow_VTrue_mpc4_filmv1_Emf,6,train,combined_5-tightened,combined_5,True,dpcc-c,mix_visual_aligning.models.visual_mf_diffusion.VisualMeanFlow,8.0,0.2,4.0,True,cuda,logs/aligning-d3il-visual/plans/mix_visual_aligning_mf/H8_Dmix_visual_aligning.models.visual_mf_diffusion.VisualMeanFlow_a1.5_b1.0_aw1_VTrue_steps1000_bs64_filmv1_Emf_tslogit_normal/H8_K20_Meuler_T0.2_Dmix_visual_aligning.models.visual_mf_diffusion.VisualMeanFlow_VTrue_mpc4_filmv1_Emf/6,mix_visual_aligning_mf/H8_Dmix_visual_aligning.models.visual_mf_diffusion.VisualMeanFlow_a1.5_b1.0_aw1_VTrue_steps1000_bs64_filmv1_Emf_tslogit_normal,mf,,,
18,H8_K20_Meuler_T0.2_Dmix_visual_aligning.models.visual_mf_diffusion.VisualMeanFlow_VTrue_mpc4_filmv1_Emf,/data/home/llim/FMPCC/FM-PCC/logs/aligning-d3il-visual/plans/mix_visual_aligning_mf/H8_Dmix_visual_aligning.models.visual_mf_diffusion.VisualMeanFlow_a1.5_b1.0_aw1_VTrue_steps1000_bs64_filmv1_Emf_tslogit_normal/H8_K20_Meuler_T0.2_Dmix_visual_aligning.models.visual_mf_diffusion.VisualMeanFlow_VTrue_mpc4_filmv1_Emf,6,train,combined_5-tightened,combined_5,True,dpcc-c-dt0p25,mix_visual_aligning.models.visual_mf_diffusion.VisualMeanFlow,8.0,0.2,4.0,True,cuda,logs/aligning-d3il-visual/plans/mix_visual_aligning_mf/H8_Dmix_visual_aligning.models.visual_mf_diffusion.VisualMeanFlow_a1.5_b1.0_aw1_VTrue_steps1000_bs64_filmv1_Emf_tslogit_normal/H8_K20_Meuler_T0.2_Dmix_visual_aligning.models.visual_mf_diffusion.VisualMeanFlow_VTrue_mpc4_filmv1_Emf/6,mix_visual_aligning_mf/H8_Dmix_visual_aligning.models.visual_mf_diffusion.VisualMeanFlow_a1.5_b1.0_aw1_VTrue_steps1000_bs64_filmv1_Emf_tslogit_normal,mf,,,
18,H8_K20_Meuler_T0.2_Dmix_visual_aligning.models.visual_mf_diffusion.VisualMeanFlow_VTrue_mpc4_filmv1_Emf,/data/home/llim/FMPCC/FM-PCC/logs/aligning-d3il-visual/plans/mix_visual_aligning_mf/H8_Dmix_visual_aligning.models.visual_mf_diffusion.VisualMeanFlow_a1.5_b1.0_aw1_VTrue_steps1000_bs64_filmv1_Emf_tslogit_normal/H8_K20_Meuler_T0.2_Dmix_visual_aligning.models.visual_mf_diffusion.VisualMeanFlow_VTrue_mpc4_filmv1_Emf,6,train,combined_5-tightened,combined_5,True,dpcc-c-dt0p5,mix_visual_aligning.models.visual_mf_diffusion.VisualMeanFlow,8.0,0.2,4.0,True,cuda,logs/aligning-d3il-visual/plans/mix_visual_aligning_mf/H8_Dmix_visual_aligning.models.visual_mf_diffusion.VisualMeanFlow_a1.5_b1.0_aw1_VTrue_steps1000_bs64_filmv1_Emf_tslogit_normal/H8_K20_Meuler_T0.2_Dmix_visual_aligning.models.visual_mf_diffusion.VisualMeanFlow_VTrue_mpc4_filmv1_Emf/6,mix_visual_aligning_mf/H8_Dmix_visual_aligning.models.visual_mf_diffusion.VisualMeanFlow_a1.5_b1.0_aw1_VTrue_steps1000_bs64_filmv1_Emf_tslogit_normal,mf,,,
18,H8_K20_Meuler_T0.2_Dmix_visual_aligning.models.visual_mf_diffusion.VisualMeanFlow_VTrue_mpc4_filmv1_Emf,/data/home/llim/FMPCC/FM-PCC/logs/aligning-d3il-visual/plans/mix_visual_aligning_mf/H8_Dmix_visual_aligning.models.visual_mf_diffusion.VisualMeanFlow_a1.5_b1.0_aw1_VTrue_steps1000_bs64_filmv1_Emf_tslogit_normal/H8_K20_Meuler_T0.2_Dmix_visual_aligning.models.visual_mf_diffusion.VisualMeanFlow_VTrue_mpc4_filmv1_Emf,6,train,combined_5-tightened,combined_5,True,dpcc-c-dt2p0,mix_visual_aligning.models.visual_mf_diffusion.VisualMeanFlow,8.0,0.2,4.0,True,cuda,logs/aligning-d3il-visual/plans/mix_visual_aligning_mf/H8_Dmix_visual_aligning.models.visual_mf_diffusion.VisualMeanFlow_a1.5_b1.0_aw1_VTrue_steps1000_bs64_filmv1_Emf_tslogit_normal/H8_K20_Meuler_T0.2_Dmix_visual_aligning.models.visual_mf_diffusion.VisualMeanFlow_VTrue_mpc4_filmv1_Emf/6,mix_visual_aligning_mf/H8_Dmix_visual_aligning.models.visual_mf_diffusion.VisualMeanFlow_a1.5_b1.0_aw1_VTrue_steps1000_bs64_filmv1_Emf_tslogit_normal,mf,,,
18,H8_K20_Meuler_T0.2_Dmix_visual_aligning.models.visual_mf_diffusion.VisualMeanFlow_VTrue_mpc4_filmv1_Emf,/data/home/llim/FMPCC/FM-PCC/logs/aligning-d3il-visual/plans/mix_visual_aligning_mf/H8_Dmix_visual_aligning.models.visual_mf_diffusion.VisualMeanFlow_a1.5_b1.0_aw1_VTrue_steps1000_bs64_filmv1_Emf_tslogit_normal/H8_K20_Meuler_T0.2_Dmix_visual_aligning.models.visual_mf_diffusion.VisualMeanFlow_VTrue_mpc4_filmv1_Emf,6,train,combined_5-tightened,combined_5,True,dpcc-c-dt4p0,mix_visual_aligning.models.visual_mf_diffusion.VisualMeanFlow,8.0,0.2,4.0,True,cuda,logs/aligning-d3il-visual/plans/mix_visual_aligning_mf/H8_Dmix_visual_aligning.models.visual_mf_diffusion.VisualMeanFlow_a1.5_b1.0_aw1_VTrue_steps1000_bs64_filmv1_Emf_tslogit_normal/H8_K20_Meuler_T0.2_Dmix_visual_aligning.models.visual_mf_diffusion.VisualMeanFlow_VTrue_mpc4_filmv1_Emf/6,mix_visual_aligning_mf/H8_Dmix_visual_aligning.models.visual_mf_diffusion.VisualMeanFlow_a1.5_b1.0_aw1_VTrue_steps1000_bs64_filmv1_Emf_tslogit_normal,mf,,,
18,H8_K20_Meuler_T0.2_Dmix_visual_aligning.models.visual_mf_diffusion.VisualMeanFlow_VTrue_mpc4_filmv1_Emf,/data/home/llim/FMPCC/FM-PCC/logs/aligning-d3il-visual/plans/mix_visual_aligning_mf/H8_Dmix_visual_aligning.models.visual_mf_diffusion.VisualMeanFlow_a1.5_b1.0_aw1_VTrue_steps1000_bs64_filmv1_Emf_tslogit_normal/H8_K20_Meuler_T0.2_Dmix_visual_aligning.models.visual_mf_diffusion.VisualMeanFlow_VTrue_mpc4_filmv1_Emf,6,train,combined_5-tightened,combined_5,True,dpcc-r,mix_visual_aligning.models.visual_mf_diffusion.VisualMeanFlow,8.0,0.2,4.0,True,cuda,logs/aligning-d3il-visual/plans/mix_visual_aligning_mf/H8_Dmix_visual_aligning.models.visual_mf_diffusion.VisualMeanFlow_a1.5_b1.0_aw1_VTrue_steps1000_bs64_filmv1_Emf_tslogit_normal/H8_K20_Meuler_T0.2_Dmix_visual_aligning.models.visual_mf_diffusion.VisualMeanFlow_VTrue_mpc4_filmv1_Emf/6,mix_visual_aligning_mf/H8_Dmix_visual_aligning.models.visual_mf_diffusion.VisualMeanFlow_a1.5_b1.0_aw1_VTrue_steps1000_bs64_filmv1_Emf_tslogit_normal,mf,,,
18,H8_K20_Meuler_T0.2_Dmix_visual_aligning.models.visual_mf_diffusion.VisualMeanFlow_VTrue_mpc4_filmv1_Emf,/data/home/llim/FMPCC/FM-PCC/logs/aligning-d3il-visual/plans/mix_visual_aligning_mf/H8_Dmix_visual_aligning.models.visual_mf_diffusion.VisualMeanFlow_a1.5_b1.0_aw1_VTrue_steps1000_bs64_filmv1_Emf_tslogit_normal/H8_K20_Meuler_T0.2_Dmix_visual_aligning.models.visual_mf_diffusion.VisualMeanFlow_VTrue_mpc4_filmv1_Emf,6,train,combined_5-tightened,combined_5,True,dpcc-t,mix_visual_aligning.models.visual_mf_diffusion.VisualMeanFlow,8.0,0.2,4.0,True,cuda,logs/aligning-d3il-visual/plans/mix_visual_aligning_mf/H8_Dmix_visual_aligning.models.visual_mf_diffusion.VisualMeanFlow_a1.5_b1.0_aw1_VTrue_steps1000_bs64_filmv1_Emf_tslogit_normal/H8_K20_Meuler_T0.2_Dmix_visual_aligning.models.visual_mf_diffusion.VisualMeanFlow_VTrue_mpc4_filmv1_Emf/6,mix_visual_aligning_mf/H8_Dmix_visual_aligning.models.visual_mf_diffusion.VisualMeanFlow_a1.5_b1.0_aw1_VTrue_steps1000_bs64_filmv1_Emf_tslogit_normal,mf,,,
18,H8_K20_Meuler_T0.2_Dmix_visual_aligning.models.visual_mf_diffusion.VisualMeanFlow_VTrue_mpc4_filmv1_Emf,/data/home/llim/FMPCC/FM-PCC/logs/aligning-d3il-visual/plans/mix_visual_aligning_mf/H8_Dmix_visual_aligning.models.visual_mf_diffusion.VisualMeanFlow_a1.5_b1.0_aw1_VTrue_steps1000_bs64_filmv1_Emf_tslogit_normal/H8_K20_Meuler_T0.2_Dmix_visual_aligning.models.visual_mf_diffusion.VisualMeanFlow_VTrue_mpc4_filmv1_Emf,6,train,combined_5-tightened,combined_5,True,geo_free,mix_visual_aligning.models.visual_mf_diffusion.VisualMeanFlow,8.0,0.2,4.0,True,cuda,logs/aligning-d3il-visual/plans/mix_visual_aligning_mf/H8_Dmix_visual_aligning.models.visual_mf_diffusion.VisualMeanFlow_a1.5_b1.0_aw1_VTrue_steps1000_bs64_filmv1_Emf_tslogit_normal/H8_K20_Meuler_T0.2_Dmix_visual_aligning.models.visual_mf_diffusion.VisualMeanFlow_VTrue_mpc4_filmv1_Emf/6,mix_visual_aligning_mf/H8_Dmix_visual_aligning.models.visual_mf_diffusion.VisualMeanFlow_a1.5_b1.0_aw1_VTrue_steps1000_bs64_filmv1_Emf_tslogit_normal,mf,,,
18,H8_K20_Meuler_T0.2_Dmix_visual_aligning.models.visual_mf_diffusion.VisualMeanFlow_VTrue_mpc4_filmv1_Emf,/data/home/llim/FMPCC/FM-PCC/logs/aligning-d3il-visual/plans/mix_visual_aligning_mf/H8_Dmix_visual_aligning.models.visual_mf_diffusion.VisualMeanFlow_a1.5_b1.0_aw1_VTrue_steps1000_bs64_filmv1_Emf_tslogit_normal/H8_K20_Meuler_T0.2_Dmix_visual_aligning.models.visual_mf_diffusion.VisualMeanFlow_VTrue_mpc4_filmv1_Emf,6,train,combined_5-tightened,combined_5,True,geo_free-bounds_free,mix_visual_aligning.models.visual_mf_diffusion.VisualMeanFlow,8.0,0.2,4.0,True,cuda,logs/aligning-d3il-visual/plans/mix_visual_aligning_mf/H8_Dmix_visual_aligning.models.visual_mf_diffusion.VisualMeanFlow_a1.5_b1.0_aw1_VTrue_steps1000_bs64_filmv1_Emf_tslogit_normal/H8_K20_Meuler_T0.2_Dmix_visual_aligning.models.visual_mf_diffusion.VisualMeanFlow_VTrue_mpc4_filmv1_Emf/6,mix_visual_aligning_mf/H8_Dmix_visual_aligning.models.visual_mf_diffusion.VisualMeanFlow_a1.5_b1.0_aw1_VTrue_steps1000_bs64_filmv1_Emf_tslogit_normal,mf,,,
18,H8_K20_Meuler_T0.2_Dmix_visual_aligning.models.visual_mf_diffusion.VisualMeanFlow_VTrue_mpc4_filmv1_Emf,/data/home/llim/FMPCC/FM-PCC/logs/aligning-d3il-visual/plans/mix_visual_aligning_mf/H8_Dmix_visual_aligning.models.visual_mf_diffusion.VisualMeanFlow_a1.5_b1.0_aw1_VTrue_steps1000_bs64_filmv1_Emf_tslogit_normal/H8_K20_Meuler_T0.2_Dmix_visual_aligning.models.visual_mf_diffusion.VisualMeanFlow_VTrue_mpc4_filmv1_Emf,6,train,combined_5-tightened,combined_5,True,geo_free-model_free,mix_visual_aligning.models.visual_mf_diffusion.VisualMeanFlow,8.0,0.2,4.0,True,cuda,logs/aligning-d3il-visual/plans/mix_visual_aligning_mf/H8_Dmix_visual_aligning.models.visual_mf_diffusion.VisualMeanFlow_a1.5_b1.0_aw1_VTrue_steps1000_bs64_filmv1_Emf_tslogit_normal/H8_K20_Meuler_T0.2_Dmix_visual_aligning.models.visual_mf_diffusion.VisualMeanFlow_VTrue_mpc4_filmv1_Emf/6,mix_visual_aligning_mf/H8_Dmix_visual_aligning.models.visual_mf_diffusion.VisualMeanFlow_a1.5_b1.0_aw1_VTrue_steps1000_bs64_filmv1_Emf_tslogit_normal,mf,,,
18,H8_K20_Meuler_T0.2_Dmix_visual_aligning.models.visual_mf_diffusion.VisualMeanFlow_VTrue_mpc4_filmv1_Emf,/data/home/llim/FMPCC/FM-PCC/logs/aligning-d3il-visual/plans/mix_visual_aligning_mf/H8_Dmix_visual_aligning.models.visual_mf_diffusion.VisualMeanFlow_a1.5_b1.0_aw1_VTrue_steps1000_bs64_filmv1_Emf_tslogit_normal/H8_K20_Meuler_T0.2_Dmix_visual_aligning.models.visual_mf_diffusion.VisualMeanFlow_VTrue_mpc4_filmv1_Emf,6,train,combined_5-tightened,combined_5,True,gradient,mix_visual_aligning.models.visual_mf_diffusion.VisualMeanFlow,8.0,0.2,4.0,True,cuda,logs/aligning-d3il-visual/plans/mix_visual_aligning_mf/H8_Dmix_visual_aligning.models.visual_mf_diffusion.VisualMeanFlow_a1.5_b1.0_aw1_VTrue_steps1000_bs64_filmv1_Emf_tslogit_normal/H8_K20_Meuler_T0.2_Dmix_visual_aligning.models.visual_mf_diffusion.VisualMeanFlow_VTrue_mpc4_filmv1_Emf/6,mix_visual_aligning_mf/H8_Dmix_visual_aligning.models.visual_mf_diffusion.VisualMeanFlow_a1.5_b1.0_aw1_VTrue_steps1000_bs64_filmv1_Emf_tslogit_normal,mf,,,
18,H8_K20_Meuler_T0.2_Dmix_visual_aligning.models.visual_mf_diffusion.VisualMeanFlow_VTrue_mpc4_filmv1_Emf,/data/home/llim/FMPCC/FM-PCC/logs/aligning-d3il-visual/plans/mix_visual_aligning_mf/H8_Dmix_visual_aligning.models.visual_mf_diffusion.VisualMeanFlow_a1.5_b1.0_aw1_VTrue_steps1000_bs64_filmv1_Emf_tslogit_normal/H8_K20_Meuler_T0.2_Dmix_visual_aligning.models.visual_mf_diffusion.VisualMeanFlow_VTrue_mpc4_filmv1_Emf,6,train,combined_5-tightened,combined_5,True,hardflow_sls-c,mix_visual_aligning.models.visual_mf_diffusion.VisualMeanFlow,8.0,0.2,4.0,True,cuda,logs/aligning-d3il-visual/plans/mix_visual_aligning_mf/H8_Dmix_visual_aligning.models.visual_mf_diffusion.VisualMeanFlow_a1.5_b1.0_aw1_VTrue_steps1000_bs64_filmv1_Emf_tslogit_normal/H8_K20_Meuler_T0.2_Dmix_visual_aligning.models.visual_mf_diffusion.VisualMeanFlow_VTrue_mpc4_filmv1_Emf/6,mix_visual_aligning_mf/H8_Dmix_visual_aligning.models.visual_mf_diffusion.VisualMeanFlow_a1.5_b1.0_aw1_VTrue_steps1000_bs64_filmv1_Emf_tslogit_normal,mf,,,
18,H8_K20_Meuler_T0.2_Dmix_visual_aligning.models.visual_mf_diffusion.VisualMeanFlow_VTrue_mpc4_filmv1_Emf,/data/home/llim/FMPCC/FM-PCC/logs/aligning-d3il-visual/plans/mix_visual_aligning_mf/H8_Dmix_visual_aligning.models.visual_mf_diffusion.VisualMeanFlow_a1.5_b1.0_aw1_VTrue_steps1000_bs64_filmv1_Emf_tslogit_normal/H8_K20_Meuler_T0.2_Dmix_visual_aligning.models.visual_mf_diffusion.VisualMeanFlow_VTrue_mpc4_filmv1_Emf,6,train,combined_5-tightened,combined_5,True,hardflow_sls-r,mix_visual_aligning.models.visual_mf_diffusion.VisualMeanFlow,8.0,0.2,4.0,True,cuda,logs/aligning-d3il-visual/plans/mix_visual_aligning_mf/H8_Dmix_visual_aligning.models.visual_mf_diffusion.VisualMeanFlow_a1.5_b1.0_aw1_VTrue_steps1000_bs64_filmv1_Emf_tslogit_normal/H8_K20_Meuler_T0.2_Dmix_visual_aligning.models.visual_mf_diffusion.VisualMeanFlow_VTrue_mpc4_filmv1_Emf/6,mix_visual_aligning_mf/H8_Dmix_visual_aligning.models.visual_mf_diffusion.VisualMeanFlow_a1.5_b1.0_aw1_VTrue_steps1000_bs64_filmv1_Emf_tslogit_normal,mf,,,
18,H8_K20_Meuler_T0.2_Dmix_visual_aligning.models.visual_mf_diffusion.VisualMeanFlow_VTrue_mpc4_filmv1_Emf,/data/home/llim/FMPCC/FM-PCC/logs/aligning-d3il-visual/plans/mix_visual_aligning_mf/H8_Dmix_visual_aligning.models.visual_mf_diffusion.VisualMeanFlow_a1.5_b1.0_aw1_VTrue_steps1000_bs64_filmv1_Emf_tslogit_normal/H8_K20_Meuler_T0.2_Dmix_visual_aligning.models.visual_mf_diffusion.VisualMeanFlow_VTrue_mpc4_filmv1_Emf,6,train,combined_5-tightened,combined_5,True,hardflow_sls-t,mix_visual_aligning.models.visual_mf_diffusion.VisualMeanFlow,8.0,0.2,4.0,True,cuda,logs/aligning-d3il-visual/plans/mix_visual_aligning_mf/H8_Dmix_visual_aligning.models.visual_mf_diffusion.VisualMeanFlow_a1.5_b1.0_aw1_VTrue_steps1000_bs64_filmv1_Emf_tslogit_normal/H8_K20_Meuler_T0.2_Dmix_visual_aligning.models.visual_mf_diffusion.VisualMeanFlow_VTrue_mpc4_filmv1_Emf/6,mix_visual_aligning_mf/H8_Dmix_visual_aligning.models.visual_mf_diffusion.VisualMeanFlow_a1.5_b1.0_aw1_VTrue_steps1000_bs64_filmv1_Emf_tslogit_normal,mf,,,
18,H8_K20_Meuler_T0.2_Dmix_visual_aligning.models.visual_mf_diffusion.VisualMeanFlow_VTrue_mpc4_filmv1_Emf,/data/home/llim/FMPCC/FM-PCC/logs/aligning-d3il-visual/plans/mix_visual_aligning_mf/H8_Dmix_visual_aligning.models.visual_mf_diffusion.VisualMeanFlow_a1.5_b1.0_aw1_VTrue_steps1000_bs64_filmv1_Emf_tslogit_normal/H8_K20_Meuler_T0.2_Dmix_visual_aligning.models.visual_mf_diffusion.VisualMeanFlow_VTrue_mpc4_filmv1_Emf,6,train,combined_5-tightened,combined_5,True,model_free,mix_visual_aligning.models.visual_mf_diffusion.VisualMeanFlow,8.0,0.2,4.0,True,cuda,logs/aligning-d3il-visual/plans/mix_visual_aligning_mf/H8_Dmix_visual_aligning.models.visual_mf_diffusion.VisualMeanFlow_a1.5_b1.0_aw1_VTrue_steps1000_bs64_filmv1_Emf_tslogit_normal/H8_K20_Meuler_T0.2_Dmix_visual_aligning.models.visual_mf_diffusion.VisualMeanFlow_VTrue_mpc4_filmv1_Emf/6,mix_visual_aligning_mf/H8_Dmix_visual_aligning.models.visual_mf_diffusion.VisualMeanFlow_a1.5_b1.0_aw1_VTrue_steps1000_bs64_filmv1_Emf_tslogit_normal,mf,,,
18,H8_K20_Meuler_T0.2_Dmix_visual_aligning.models.visual_mf_diffusion.VisualMeanFlow_VTrue_mpc4_filmv1_Emf,/data/home/llim/FMPCC/FM-PCC/logs/aligning-d3il-visual/plans/mix_visual_aligning_mf/H8_Dmix_visual_aligning.models.visual_mf_diffusion.VisualMeanFlow_a1.5_b1.0_aw1_VTrue_steps1000_bs64_filmv1_Emf_tslogit_normal/H8_K20_Meuler_T0.2_Dmix_visual_aligning.models.visual_mf_diffusion.VisualMeanFlow_VTrue_mpc4_filmv1_Emf,6,train,combined_5-tightened,combined_5,True,model_free-bounds_free,mix_visual_aligning.models.visual_mf_diffusion.VisualMeanFlow,8.0,0.2,4.0,True,cuda,logs/aligning-d3il-visual/plans/mix_visual_aligning_mf/H8_Dmix_visual_aligning.models.visual_mf_diffusion.VisualMeanFlow_a1.5_b1.0_aw1_VTrue_steps1000_bs64_filmv1_Emf_tslogit_normal/H8_K20_Meuler_T0.2_Dmix_visual_aligning.models.visual_mf_diffusion.VisualMeanFlow_VTrue_mpc4_filmv1_Emf/6,mix_visual_aligning_mf/H8_Dmix_visual_aligning.models.visual_mf_diffusion.VisualMeanFlow_a1.5_b1.0_aw1_VTrue_steps1000_bs64_filmv1_Emf_tslogit_normal,mf,,,
18,H8_K20_Meuler_T0.2_Dmix_visual_aligning.models.visual_mf_diffusion.VisualMeanFlow_VTrue_mpc4_filmv1_Emf,/data/home/llim/FMPCC/FM-PCC/logs/aligning-d3il-visual/plans/mix_visual_aligning_mf/H8_Dmix_visual_aligning.models.visual_mf_diffusion.VisualMeanFlow_a1.5_b1.0_aw1_VTrue_steps1000_bs64_filmv1_Emf_tslogit_normal/H8_K20_Meuler_T0.2_Dmix_visual_aligning.models.visual_mf_diffusion.VisualMeanFlow_VTrue_mpc4_filmv1_Emf,6,train,combined_5-tightened,combined_5,True,post_processing,mix_visual_aligning.models.visual_mf_diffusion.VisualMeanFlow,8.0,0.2,4.0,True,cuda,logs/aligning-d3il-visual/plans/mix_visual_aligning_mf/H8_Dmix_visual_aligning.models.visual_mf_diffusion.VisualMeanFlow_a1.5_b1.0_aw1_VTrue_steps1000_bs64_filmv1_Emf_tslogit_normal/H8_K20_Meuler_T0.2_Dmix_visual_aligning.models.visual_mf_diffusion.VisualMeanFlow_VTrue_mpc4_filmv1_Emf/6,mix_visual_aligning_mf/H8_Dmix_visual_aligning.models.visual_mf_diffusion.VisualMeanFlow_a1.5_b1.0_aw1_VTrue_steps1000_bs64_filmv1_Emf_tslogit_normal,mf,,,
19,H8_K2_Meuler_T0.5_Dmix_visual_aligning.models.visual_mf_diffusion.VisualMeanFlow_VTrue_mpc4_filmv1_Emf,/data/home/llim/FMPCC/FM-PCC/logs/aligning-d3il-visual/plans/mix_visual_aligning_mf/H8_Dmix_visual_aligning.models.visual_mf_diffusion.VisualMeanFlow_a1.5_b1.0_aw1_VTrue_steps1000_bs64_filmv1_Emf_tslogit_normal/H8_K2_Meuler_T0.5_Dmix_visual_aligning.models.visual_mf_diffusion.VisualMeanFlow_VTrue_mpc4_filmv1_Emf,6,train,combined_5,combined_5,False,bounds_free,mix_visual_aligning.models.visual_mf_diffusion.VisualMeanFlow,8.0,0.5,4.0,True,cuda,logs/aligning-d3il-visual/plans/mix_visual_aligning_mf/H8_Dmix_visual_aligning.models.visual_mf_diffusion.VisualMeanFlow_a1.5_b1.0_aw1_VTrue_steps1000_bs64_filmv1_Emf_tslogit_normal/H8_K2_Meuler_T0.5_Dmix_visual_aligning.models.visual_mf_diffusion.VisualMeanFlow_VTrue_mpc4_filmv1_Emf/6,mix_visual_aligning_mf/H8_Dmix_visual_aligning.models.visual_mf_diffusion.VisualMeanFlow_a1.5_b1.0_aw1_VTrue_steps1000_bs64_filmv1_Emf_tslogit_normal,mf,,,
19,H8_K2_Meuler_T0.5_Dmix_visual_aligning.models.visual_mf_diffusion.VisualMeanFlow_VTrue_mpc4_filmv1_Emf,/data/home/llim/FMPCC/FM-PCC/logs/aligning-d3il-visual/plans/mix_visual_aligning_mf/H8_Dmix_visual_aligning.models.visual_mf_diffusion.VisualMeanFlow_a1.5_b1.0_aw1_VTrue_steps1000_bs64_filmv1_Emf_tslogit_normal/H8_K2_Meuler_T0.5_Dmix_visual_aligning.models.visual_mf_diffusion.VisualMeanFlow_VTrue_mpc4_filmv1_Emf,6,train,combined_5,combined_5,False,diffuser,mix_visual_aligning.models.visual_mf_diffusion.VisualMeanFlow,8.0,0.5,4.0,True,cuda,logs/aligning-d3il-visual/plans/mix_visual_aligning_mf/H8_Dmix_visual_aligning.models.visual_mf_diffusion.VisualMeanFlow_a1.5_b1.0_aw1_VTrue_steps1000_bs64_filmv1_Emf_tslogit_normal/H8_K2_Meuler_T0.5_Dmix_visual_aligning.models.visual_mf_diffusion.VisualMeanFlow_VTrue_mpc4_filmv1_Emf/6,mix_visual_aligning_mf/H8_Dmix_visual_aligning.models.visual_mf_diffusion.VisualMeanFlow_a1.5_b1.0_aw1_VTrue_steps1000_bs64_filmv1_Emf_tslogit_normal,mf,,,
19,H8_K2_Meuler_T0.5_Dmix_visual_aligning.models.visual_mf_diffusion.VisualMeanFlow_VTrue_mpc4_filmv1_Emf,/data/home/llim/FMPCC/FM-PCC/logs/aligning-d3il-visual/plans/mix_visual_aligning_mf/H8_Dmix_visual_aligning.models.visual_mf_diffusion.VisualMeanFlow_a1.5_b1.0_aw1_VTrue_steps1000_bs64_filmv1_Emf_tslogit_normal/H8_K2_Meuler_T0.5_Dmix_visual_aligning.models.visual_mf_diffusion.VisualMeanFlow_VTrue_mpc4_filmv1_Emf,6,train,combined_5,combined_5,False,dpcc-c,mix_visual_aligning.models.visual_mf_diffusion.VisualMeanFlow,8.0,0.5,4.0,True,cuda,logs/aligning-d3il-visual/plans/mix_visual_aligning_mf/H8_Dmix_visual_aligning.models.visual_mf_diffusion.VisualMeanFlow_a1.5_b1.0_aw1_VTrue_steps1000_bs64_filmv1_Emf_tslogit_normal/H8_K2_Meuler_T0.5_Dmix_visual_aligning.models.visual_mf_diffusion.VisualMeanFlow_VTrue_mpc4_filmv1_Emf/6,mix_visual_aligning_mf/H8_Dmix_visual_aligning.models.visual_mf_diffusion.VisualMeanFlow_a1.5_b1.0_aw1_VTrue_steps1000_bs64_filmv1_Emf_tslogit_normal,mf,,,
19,H8_K2_Meuler_T0.5_Dmix_visual_aligning.models.visual_mf_diffusion.VisualMeanFlow_VTrue_mpc4_filmv1_Emf,/data/home/llim/FMPCC/FM-PCC/logs/aligning-d3il-visual/plans/mix_visual_aligning_mf/H8_Dmix_visual_aligning.models.visual_mf_diffusion.VisualMeanFlow_a1.5_b1.0_aw1_VTrue_steps1000_bs64_filmv1_Emf_tslogit_normal/H8_K2_Meuler_T0.5_Dmix_visual_aligning.models.visual_mf_diffusion.VisualMeanFlow_VTrue_mpc4_filmv1_Emf,6,train,combined_5,combined_5,False,dpcc-c-dt0p25,mix_visual_aligning.models.visual_mf_diffusion.VisualMeanFlow,8.0,0.5,4.0,True,cuda,logs/aligning-d3il-visual/plans/mix_visual_aligning_mf/H8_Dmix_visual_aligning.models.visual_mf_diffusion.VisualMeanFlow_a1.5_b1.0_aw1_VTrue_steps1000_bs64_filmv1_Emf_tslogit_normal/H8_K2_Meuler_T0.5_Dmix_visual_aligning.models.visual_mf_diffusion.VisualMeanFlow_VTrue_mpc4_filmv1_Emf/6,mix_visual_aligning_mf/H8_Dmix_visual_aligning.models.visual_mf_diffusion.VisualMeanFlow_a1.5_b1.0_aw1_VTrue_steps1000_bs64_filmv1_Emf_tslogit_normal,mf,,,
19,H8_K2_Meuler_T0.5_Dmix_visual_aligning.models.visual_mf_diffusion.VisualMeanFlow_VTrue_mpc4_filmv1_Emf,/data/home/llim/FMPCC/FM-PCC/logs/aligning-d3il-visual/plans/mix_visual_aligning_mf/H8_Dmix_visual_aligning.models.visual_mf_diffusion.VisualMeanFlow_a1.5_b1.0_aw1_VTrue_steps1000_bs64_filmv1_Emf_tslogit_normal/H8_K2_Meuler_T0.5_Dmix_visual_aligning.models.visual_mf_diffusion.VisualMeanFlow_VTrue_mpc4_filmv1_Emf,6,train,combined_5,combined_5,False,dpcc-c-dt0p5,mix_visual_aligning.models.visual_mf_diffusion.VisualMeanFlow,8.0,0.5,4.0,True,cuda,logs/aligning-d3il-visual/plans/mix_visual_aligning_mf/H8_Dmix_visual_aligning.models.visual_mf_diffusion.VisualMeanFlow_a1.5_b1.0_aw1_VTrue_steps1000_bs64_filmv1_Emf_tslogit_normal/H8_K2_Meuler_T0.5_Dmix_visual_aligning.models.visual_mf_diffusion.VisualMeanFlow_VTrue_mpc4_filmv1_Emf/6,mix_visual_aligning_mf/H8_Dmix_visual_aligning.models.visual_mf_diffusion.VisualMeanFlow_a1.5_b1.0_aw1_VTrue_steps1000_bs64_filmv1_Emf_tslogit_normal,mf,,,
19,H8_K2_Meuler_T0.5_Dmix_visual_aligning.models.visual_mf_diffusion.VisualMeanFlow_VTrue_mpc4_filmv1_Emf,/data/home/llim/FMPCC/FM-PCC/logs/aligning-d3il-visual/plans/mix_visual_aligning_mf/H8_Dmix_visual_aligning.models.visual_mf_diffusion.VisualMeanFlow_a1.5_b1.0_aw1_VTrue_steps1000_bs64_filmv1_Emf_tslogit_normal/H8_K2_Meuler_T0.5_Dmix_visual_aligning.models.visual_mf_diffusion.VisualMeanFlow_VTrue_mpc4_filmv1_Emf,6,train,combined_5,combined_5,False,dpcc-c-dt2p0,mix_visual_aligning.models.visual_mf_diffusion.VisualMeanFlow,8.0,0.5,4.0,True,cuda,logs/aligning-d3il-visual/plans/mix_visual_aligning_mf/H8_Dmix_visual_aligning.models.visual_mf_diffusion.VisualMeanFlow_a1.5_b1.0_aw1_VTrue_steps1000_bs64_filmv1_Emf_tslogit_normal/H8_K2_Meuler_T0.5_Dmix_visual_aligning.models.visual_mf_diffusion.VisualMeanFlow_VTrue_mpc4_filmv1_Emf/6,mix_visual_aligning_mf/H8_Dmix_visual_aligning.models.visual_mf_diffusion.VisualMeanFlow_a1.5_b1.0_aw1_VTrue_steps1000_bs64_filmv1_Emf_tslogit_normal,mf,,,
19,H8_K2_Meuler_T0.5_Dmix_visual_aligning.models.visual_mf_diffusion.VisualMeanFlow_VTrue_mpc4_filmv1_Emf,/data/home/llim/FMPCC/FM-PCC/logs/aligning-d3il-visual/plans/mix_visual_aligning_mf/H8_Dmix_visual_aligning.models.visual_mf_diffusion.VisualMeanFlow_a1.5_b1.0_aw1_VTrue_steps1000_bs64_filmv1_Emf_tslogit_normal/H8_K2_Meuler_T0.5_Dmix_visual_aligning.models.visual_mf_diffusion.VisualMeanFlow_VTrue_mpc4_filmv1_Emf,6,train,combined_5,combined_5,False,dpcc-c-dt4p0,mix_visual_aligning.models.visual_mf_diffusion.VisualMeanFlow,8.0,0.5,4.0,True,cuda,logs/aligning-d3il-visual/plans/mix_visual_aligning_mf/H8_Dmix_visual_aligning.models.visual_mf_diffusion.VisualMeanFlow_a1.5_b1.0_aw1_VTrue_steps1000_bs64_filmv1_Emf_tslogit_normal/H8_K2_Meuler_T0.5_Dmix_visual_aligning.models.visual_mf_diffusion.VisualMeanFlow_VTrue_mpc4_filmv1_Emf/6,mix_visual_aligning_mf/H8_Dmix_visual_aligning.models.visual_mf_diffusion.VisualMeanFlow_a1.5_b1.0_aw1_VTrue_steps1000_bs64_filmv1_Emf_tslogit_normal,mf,,,
19,H8_K2_Meuler_T0.5_Dmix_visual_aligning.models.visual_mf_diffusion.VisualMeanFlow_VTrue_mpc4_filmv1_Emf,/data/home/llim/FMPCC/FM-PCC/logs/aligning-d3il-visual/plans/mix_visual_aligning_mf/H8_Dmix_visual_aligning.models.visual_mf_diffusion.VisualMeanFlow_a1.5_b1.0_aw1_VTrue_steps1000_bs64_filmv1_Emf_tslogit_normal/H8_K2_Meuler_T0.5_Dmix_visual_aligning.models.visual_mf_diffusion.VisualMeanFlow_VTrue_mpc4_filmv1_Emf,6,train,combined_5,combined_5,False,dpcc-r,mix_visual_aligning.models.visual_mf_diffusion.VisualMeanFlow,8.0,0.5,4.0,True,cuda,logs/aligning-d3il-visual/plans/mix_visual_aligning_mf/H8_Dmix_visual_aligning.models.visual_mf_diffusion.VisualMeanFlow_a1.5_b1.0_aw1_VTrue_steps1000_bs64_filmv1_Emf_tslogit_normal/H8_K2_Meuler_T0.5_Dmix_visual_aligning.models.visual_mf_diffusion.VisualMeanFlow_VTrue_mpc4_filmv1_Emf/6,mix_visual_aligning_mf/H8_Dmix_visual_aligning.models.visual_mf_diffusion.VisualMeanFlow_a1.5_b1.0_aw1_VTrue_steps1000_bs64_filmv1_Emf_tslogit_normal,mf,,,
19,H8_K2_Meuler_T0.5_Dmix_visual_aligning.models.visual_mf_diffusion.VisualMeanFlow_VTrue_mpc4_filmv1_Emf,/data/home/llim/FMPCC/FM-PCC/logs/aligning-d3il-visual/plans/mix_visual_aligning_mf/H8_Dmix_visual_aligning.models.visual_mf_diffusion.VisualMeanFlow_a1.5_b1.0_aw1_VTrue_steps1000_bs64_filmv1_Emf_tslogit_normal/H8_K2_Meuler_T0.5_Dmix_visual_aligning.models.visual_mf_diffusion.VisualMeanFlow_VTrue_mpc4_filmv1_Emf,6,train,combined_5,combined_5,False,dpcc-t,mix_visual_aligning.models.visual_mf_diffusion.VisualMeanFlow,8.0,0.5,4.0,True,cuda,logs/aligning-d3il-visual/plans/mix_visual_aligning_mf/H8_Dmix_visual_aligning.models.visual_mf_diffusion.VisualMeanFlow_a1.5_b1.0_aw1_VTrue_steps1000_bs64_filmv1_Emf_tslogit_normal/H8_K2_Meuler_T0.5_Dmix_visual_aligning.models.visual_mf_diffusion.VisualMeanFlow_VTrue_mpc4_filmv1_Emf/6,mix_visual_aligning_mf/H8_Dmix_visual_aligning.models.visual_mf_diffusion.VisualMeanFlow_a1.5_b1.0_aw1_VTrue_steps1000_bs64_filmv1_Emf_tslogit_normal,mf,,,
19,H8_K2_Meuler_T0.5_Dmix_visual_aligning.models.visual_mf_diffusion.VisualMeanFlow_VTrue_mpc4_filmv1_Emf,/data/home/llim/FMPCC/FM-PCC/logs/aligning-d3il-visual/plans/mix_visual_aligning_mf/H8_Dmix_visual_aligning.models.visual_mf_diffusion.VisualMeanFlow_a1.5_b1.0_aw1_VTrue_steps1000_bs64_filmv1_Emf_tslogit_normal/H8_K2_Meuler_T0.5_Dmix_visual_aligning.models.visual_mf_diffusion.VisualMeanFlow_VTrue_mpc4_filmv1_Emf,6,train,combined_5,combined_5,False,geo_free,mix_visual_aligning.models.visual_mf_diffusion.VisualMeanFlow,8.0,0.5,4.0,True,cuda,logs/aligning-d3il-visual/plans/mix_visual_aligning_mf/H8_Dmix_visual_aligning.models.visual_mf_diffusion.VisualMeanFlow_a1.5_b1.0_aw1_VTrue_steps1000_bs64_filmv1_Emf_tslogit_normal/H8_K2_Meuler_T0.5_Dmix_visual_aligning.models.visual_mf_diffusion.VisualMeanFlow_VTrue_mpc4_filmv1_Emf/6,mix_visual_aligning_mf/H8_Dmix_visual_aligning.models.visual_mf_diffusion.VisualMeanFlow_a1.5_b1.0_aw1_VTrue_steps1000_bs64_filmv1_Emf_tslogit_normal,mf,,,
19,H8_K2_Meuler_T0.5_Dmix_visual_aligning.models.visual_mf_diffusion.VisualMeanFlow_VTrue_mpc4_filmv1_Emf,/data/home/llim/FMPCC/FM-PCC/logs/aligning-d3il-visual/plans/mix_visual_aligning_mf/H8_Dmix_visual_aligning.models.visual_mf_diffusion.VisualMeanFlow_a1.5_b1.0_aw1_VTrue_steps1000_bs64_filmv1_Emf_tslogit_normal/H8_K2_Meuler_T0.5_Dmix_visual_aligning.models.visual_mf_diffusion.VisualMeanFlow_VTrue_mpc4_filmv1_Emf,6,train,combined_5,combined_5,False,geo_free-bounds_free,mix_visual_aligning.models.visual_mf_diffusion.VisualMeanFlow,8.0,0.5,4.0,True,cuda,logs/aligning-d3il-visual/plans/mix_visual_aligning_mf/H8_Dmix_visual_aligning.models.visual_mf_diffusion.VisualMeanFlow_a1.5_b1.0_aw1_VTrue_steps1000_bs64_filmv1_Emf_tslogit_normal/H8_K2_Meuler_T0.5_Dmix_visual_aligning.models.visual_mf_diffusion.VisualMeanFlow_VTrue_mpc4_filmv1_Emf/6,mix_visual_aligning_mf/H8_Dmix_visual_aligning.models.visual_mf_diffusion.VisualMeanFlow_a1.5_b1.0_aw1_VTrue_steps1000_bs64_filmv1_Emf_tslogit_normal,mf,,,
19,H8_K2_Meuler_T0.5_Dmix_visual_aligning.models.visual_mf_diffusion.VisualMeanFlow_VTrue_mpc4_filmv1_Emf,/data/home/llim/FMPCC/FM-PCC/logs/aligning-d3il-visual/plans/mix_visual_aligning_mf/H8_Dmix_visual_aligning.models.visual_mf_diffusion.VisualMeanFlow_a1.5_b1.0_aw1_VTrue_steps1000_bs64_filmv1_Emf_tslogit_normal/H8_K2_Meuler_T0.5_Dmix_visual_aligning.models.visual_mf_diffusion.VisualMeanFlow_VTrue_mpc4_filmv1_Emf,6,train,combined_5,combined_5,False,geo_free-model_free,mix_visual_aligning.models.visual_mf_diffusion.VisualMeanFlow,8.0,0.5,4.0,True,cuda,logs/aligning-d3il-visual/plans/mix_visual_aligning_mf/H8_Dmix_visual_aligning.models.visual_mf_diffusion.VisualMeanFlow_a1.5_b1.0_aw1_VTrue_steps1000_bs64_filmv1_Emf_tslogit_normal/H8_K2_Meuler_T0.5_Dmix_visual_aligning.models.visual_mf_diffusion.VisualMeanFlow_VTrue_mpc4_filmv1_Emf/6,mix_visual_aligning_mf/H8_Dmix_visual_aligning.models.visual_mf_diffusion.VisualMeanFlow_a1.5_b1.0_aw1_VTrue_steps1000_bs64_filmv1_Emf_tslogit_normal,mf,,,
19,H8_K2_Meuler_T0.5_Dmix_visual_aligning.models.visual_mf_diffusion.VisualMeanFlow_VTrue_mpc4_filmv1_Emf,/data/home/llim/FMPCC/FM-PCC/logs/aligning-d3il-visual/plans/mix_visual_aligning_mf/H8_Dmix_visual_aligning.models.visual_mf_diffusion.VisualMeanFlow_a1.5_b1.0_aw1_VTrue_steps1000_bs64_filmv1_Emf_tslogit_normal/H8_K2_Meuler_T0.5_Dmix_visual_aligning.models.visual_mf_diffusion.VisualMeanFlow_VTrue_mpc4_filmv1_Emf,6,train,combined_5,combined_5,False,gradient,mix_visual_aligning.models.visual_mf_diffusion.VisualMeanFlow,8.0,0.5,4.0,True,cuda,logs/aligning-d3il-visual/plans/mix_visual_aligning_mf/H8_Dmix_visual_aligning.models.visual_mf_diffusion.VisualMeanFlow_a1.5_b1.0_aw1_VTrue_steps1000_bs64_filmv1_Emf_tslogit_normal/H8_K2_Meuler_T0.5_Dmix_visual_aligning.models.visual_mf_diffusion.VisualMeanFlow_VTrue_mpc4_filmv1_Emf/6,mix_visual_aligning_mf/H8_Dmix_visual_aligning.models.visual_mf_diffusion.VisualMeanFlow_a1.5_b1.0_aw1_VTrue_steps1000_bs64_filmv1_Emf_tslogit_normal,mf,,,
19,H8_K2_Meuler_T0.5_Dmix_visual_aligning.models.visual_mf_diffusion.VisualMeanFlow_VTrue_mpc4_filmv1_Emf,/data/home/llim/FMPCC/FM-PCC/logs/aligning-d3il-visual/plans/mix_visual_aligning_mf/H8_Dmix_visual_aligning.models.visual_mf_diffusion.VisualMeanFlow_a1.5_b1.0_aw1_VTrue_steps1000_bs64_filmv1_Emf_tslogit_normal/H8_K2_Meuler_T0.5_Dmix_visual_aligning.models.visual_mf_diffusion.VisualMeanFlow_VTrue_mpc4_filmv1_Emf,6,train,combined_5,combined_5,False,hardflow_new-c,mix_visual_aligning.models.visual_mf_diffusion.VisualMeanFlow,8.0,0.5,4.0,True,cuda,logs/aligning-d3il-visual/plans/mix_visual_aligning_mf/H8_Dmix_visual_aligning.models.visual_mf_diffusion.VisualMeanFlow_a1.5_b1.0_aw1_VTrue_steps1000_bs64_filmv1_Emf_tslogit_normal/H8_K2_Meuler_T0.5_Dmix_visual_aligning.models.visual_mf_diffusion.VisualMeanFlow_VTrue_mpc4_filmv1_Emf/6,mix_visual_aligning_mf/H8_Dmix_visual_aligning.models.visual_mf_diffusion.VisualMeanFlow_a1.5_b1.0_aw1_VTrue_steps1000_bs64_filmv1_Emf_tslogit_normal,mf,,,
19,H8_K2_Meuler_T0.5_Dmix_visual_aligning.models.visual_mf_diffusion.VisualMeanFlow_VTrue_mpc4_filmv1_Emf,/data/home/llim/FMPCC/FM-PCC/logs/aligning-d3il-visual/plans/mix_visual_aligning_mf/H8_Dmix_visual_aligning.models.visual_mf_diffusion.VisualMeanFlow_a1.5_b1.0_aw1_VTrue_steps1000_bs64_filmv1_Emf_tslogit_normal/H8_K2_Meuler_T0.5_Dmix_visual_aligning.models.visual_mf_diffusion.VisualMeanFlow_VTrue_mpc4_filmv1_Emf,6,train,combined_5,combined_5,False,hardflow_new-r,mix_visual_aligning.models.visual_mf_diffusion.VisualMeanFlow,8.0,0.5,4.0,True,cuda,logs/aligning-d3il-visual/plans/mix_visual_aligning_mf/H8_Dmix_visual_aligning.models.visual_mf_diffusion.VisualMeanFlow_a1.5_b1.0_aw1_VTrue_steps1000_bs64_filmv1_Emf_tslogit_normal/H8_K2_Meuler_T0.5_Dmix_visual_aligning.models.visual_mf_diffusion.VisualMeanFlow_VTrue_mpc4_filmv1_Emf/6,mix_visual_aligning_mf/H8_Dmix_visual_aligning.models.visual_mf_diffusion.VisualMeanFlow_a1.5_b1.0_aw1_VTrue_steps1000_bs64_filmv1_Emf_tslogit_normal,mf,,,
19,H8_K2_Meuler_T0.5_Dmix_visual_aligning.models.visual_mf_diffusion.VisualMeanFlow_VTrue_mpc4_filmv1_Emf,/data/home/llim/FMPCC/FM-PCC/logs/aligning-d3il-visual/plans/mix_visual_aligning_mf/H8_Dmix_visual_aligning.models.visual_mf_diffusion.VisualMeanFlow_a1.5_b1.0_aw1_VTrue_steps1000_bs64_filmv1_Emf_tslogit_normal/H8_K2_Meuler_T0.5_Dmix_visual_aligning.models.visual_mf_diffusion.VisualMeanFlow_VTrue_mpc4_filmv1_Emf,6,train,combined_5,combined_5,False,hardflow_new-t,mix_visual_aligning.models.visual_mf_diffusion.VisualMeanFlow,8.0,0.5,4.0,True,cuda,logs/aligning-d3il-visual/plans/mix_visual_aligning_mf/H8_Dmix_visual_aligning.models.visual_mf_diffusion.VisualMeanFlow_a1.5_b1.0_aw1_VTrue_steps1000_bs64_filmv1_Emf_tslogit_normal/H8_K2_Meuler_T0.5_Dmix_visual_aligning.models.visual_mf_diffusion.VisualMeanFlow_VTrue_mpc4_filmv1_Emf/6,mix_visual_aligning_mf/H8_Dmix_visual_aligning.models.visual_mf_diffusion.VisualMeanFlow_a1.5_b1.0_aw1_VTrue_steps1000_bs64_filmv1_Emf_tslogit_normal,mf,,,
19,H8_K2_Meuler_T0.5_Dmix_visual_aligning.models.visual_mf_diffusion.VisualMeanFlow_VTrue_mpc4_filmv1_Emf,/data/home/llim/FMPCC/FM-PCC/logs/aligning-d3il-visual/plans/mix_visual_aligning_mf/H8_Dmix_visual_aligning.models.visual_mf_diffusion.VisualMeanFlow_a1.5_b1.0_aw1_VTrue_steps1000_bs64_filmv1_Emf_tslogit_normal/H8_K2_Meuler_T0.5_Dmix_visual_aligning.models.visual_mf_diffusion.VisualMeanFlow_VTrue_mpc4_filmv1_Emf,6,train,combined_5,combined_5,False,model_free,mix_visual_aligning.models.visual_mf_diffusion.VisualMeanFlow,8.0,0.5,4.0,True,cuda,logs/aligning-d3il-visual/plans/mix_visual_aligning_mf/H8_Dmix_visual_aligning.models.visual_mf_diffusion.VisualMeanFlow_a1.5_b1.0_aw1_VTrue_steps1000_bs64_filmv1_Emf_tslogit_normal/H8_K2_Meuler_T0.5_Dmix_visual_aligning.models.visual_mf_diffusion.VisualMeanFlow_VTrue_mpc4_filmv1_Emf/6,mix_visual_aligning_mf/H8_Dmix_visual_aligning.models.visual_mf_diffusion.VisualMeanFlow_a1.5_b1.0_aw1_VTrue_steps1000_bs64_filmv1_Emf_tslogit_normal,mf,,,
19,H8_K2_Meuler_T0.5_Dmix_visual_aligning.models.visual_mf_diffusion.VisualMeanFlow_VTrue_mpc4_filmv1_Emf,/data/home/llim/FMPCC/FM-PCC/logs/aligning-d3il-visual/plans/mix_visual_aligning_mf/H8_Dmix_visual_aligning.models.visual_mf_diffusion.VisualMeanFlow_a1.5_b1.0_aw1_VTrue_steps1000_bs64_filmv1_Emf_tslogit_normal/H8_K2_Meuler_T0.5_Dmix_visual_aligning.models.visual_mf_diffusion.VisualMeanFlow_VTrue_mpc4_filmv1_Emf,6,train,combined_5,combined_5,False,model_free-bounds_free,mix_visual_aligning.models.visual_mf_diffusion.VisualMeanFlow,8.0,0.5,4.0,True,cuda,logs/aligning-d3il-visual/plans/mix_visual_aligning_mf/H8_Dmix_visual_aligning.models.visual_mf_diffusion.VisualMeanFlow_a1.5_b1.0_aw1_VTrue_steps1000_bs64_filmv1_Emf_tslogit_normal/H8_K2_Meuler_T0.5_Dmix_visual_aligning.models.visual_mf_diffusion.VisualMeanFlow_VTrue_mpc4_filmv1_Emf/6,mix_visual_aligning_mf/H8_Dmix_visual_aligning.models.visual_mf_diffusion.VisualMeanFlow_a1.5_b1.0_aw1_VTrue_steps1000_bs64_filmv1_Emf_tslogit_normal,mf,,,
19,H8_K2_Meuler_T0.5_Dmix_visual_aligning.models.visual_mf_diffusion.VisualMeanFlow_VTrue_mpc4_filmv1_Emf,/data/home/llim/FMPCC/FM-PCC/logs/aligning-d3il-visual/plans/mix_visual_aligning_mf/H8_Dmix_visual_aligning.models.visual_mf_diffusion.VisualMeanFlow_a1.5_b1.0_aw1_VTrue_steps1000_bs64_filmv1_Emf_tslogit_normal/H8_K2_Meuler_T0.5_Dmix_visual_aligning.models.visual_mf_diffusion.VisualMeanFlow_VTrue_mpc4_filmv1_Emf,6,train,combined_5,combined_5,False,post_processing,mix_visual_aligning.models.visual_mf_diffusion.VisualMeanFlow,8.0,0.5,4.0,True,cuda,logs/aligning-d3il-visual/plans/mix_visual_aligning_mf/H8_Dmix_visual_aligning.models.visual_mf_diffusion.VisualMeanFlow_a1.5_b1.0_aw1_VTrue_steps1000_bs64_filmv1_Emf_tslogit_normal/H8_K2_Meuler_T0.5_Dmix_visual_aligning.models.visual_mf_diffusion.VisualMeanFlow_VTrue_mpc4_filmv1_Emf/6,mix_visual_aligning_mf/H8_Dmix_visual_aligning.models.visual_mf_diffusion.VisualMeanFlow_a1.5_b1.0_aw1_VTrue_steps1000_bs64_filmv1_Emf_tslogit_normal,mf,,,
19,H8_K2_Meuler_T0.5_Dmix_visual_aligning.models.visual_mf_diffusion.VisualMeanFlow_VTrue_mpc4_filmv1_Emf,/data/home/llim/FMPCC/FM-PCC/logs/aligning-d3il-visual/plans/mix_visual_aligning_mf/H8_Dmix_visual_aligning.models.visual_mf_diffusion.VisualMeanFlow_a1.5_b1.0_aw1_VTrue_steps1000_bs64_filmv1_Emf_tslogit_normal/H8_K2_Meuler_T0.5_Dmix_visual_aligning.models.visual_mf_diffusion.VisualMeanFlow_VTrue_mpc4_filmv1_Emf,6,train,combined_5-tightened,combined_5,True,bounds_free,mix_visual_aligning.models.visual_mf_diffusion.VisualMeanFlow,8.0,0.5,4.0,True,cuda,logs/aligning-d3il-visual/plans/mix_visual_aligning_mf/H8_Dmix_visual_aligning.models.visual_mf_diffusion.VisualMeanFlow_a1.5_b1.0_aw1_VTrue_steps1000_bs64_filmv1_Emf_tslogit_normal/H8_K2_Meuler_T0.5_Dmix_visual_aligning.models.visual_mf_diffusion.VisualMeanFlow_VTrue_mpc4_filmv1_Emf/6,mix_visual_aligning_mf/H8_Dmix_visual_aligning.models.visual_mf_diffusion.VisualMeanFlow_a1.5_b1.0_aw1_VTrue_steps1000_bs64_filmv1_Emf_tslogit_normal,mf,,,
19,H8_K2_Meuler_T0.5_Dmix_visual_aligning.models.visual_mf_diffusion.VisualMeanFlow_VTrue_mpc4_filmv1_Emf,/data/home/llim/FMPCC/FM-PCC/logs/aligning-d3il-visual/plans/mix_visual_aligning_mf/H8_Dmix_visual_aligning.models.visual_mf_diffusion.VisualMeanFlow_a1.5_b1.0_aw1_VTrue_steps1000_bs64_filmv1_Emf_tslogit_normal/H8_K2_Meuler_T0.5_Dmix_visual_aligning.models.visual_mf_diffusion.VisualMeanFlow_VTrue_mpc4_filmv1_Emf,6,train,combined_5-tightened,combined_5,True,diffuser,mix_visual_aligning.models.visual_mf_diffusion.VisualMeanFlow,8.0,0.5,4.0,True,cuda,logs/aligning-d3il-visual/plans/mix_visual_aligning_mf/H8_Dmix_visual_aligning.models.visual_mf_diffusion.VisualMeanFlow_a1.5_b1.0_aw1_VTrue_steps1000_bs64_filmv1_Emf_tslogit_normal/H8_K2_Meuler_T0.5_Dmix_visual_aligning.models.visual_mf_diffusion.VisualMeanFlow_VTrue_mpc4_filmv1_Emf/6,mix_visual_aligning_mf/H8_Dmix_visual_aligning.models.visual_mf_diffusion.VisualMeanFlow_a1.5_b1.0_aw1_VTrue_steps1000_bs64_filmv1_Emf_tslogit_normal,mf,,,
19,H8_K2_Meuler_T0.5_Dmix_visual_aligning.models.visual_mf_diffusion.VisualMeanFlow_VTrue_mpc4_filmv1_Emf,/data/home/llim/FMPCC/FM-PCC/logs/aligning-d3il-visual/plans/mix_visual_aligning_mf/H8_Dmix_visual_aligning.models.visual_mf_diffusion.VisualMeanFlow_a1.5_b1.0_aw1_VTrue_steps1000_bs64_filmv1_Emf_tslogit_normal/H8_K2_Meuler_T0.5_Dmix_visual_aligning.models.visual_mf_diffusion.VisualMeanFlow_VTrue_mpc4_filmv1_Emf,6,train,combined_5-tightened,combined_5,True,dpcc-c,mix_visual_aligning.models.visual_mf_diffusion.VisualMeanFlow,8.0,0.5,4.0,True,cuda,logs/aligning-d3il-visual/plans/mix_visual_aligning_mf/H8_Dmix_visual_aligning.models.visual_mf_diffusion.VisualMeanFlow_a1.5_b1.0_aw1_VTrue_steps1000_bs64_filmv1_Emf_tslogit_normal/H8_K2_Meuler_T0.5_Dmix_visual_aligning.models.visual_mf_diffusion.VisualMeanFlow_VTrue_mpc4_filmv1_Emf/6,mix_visual_aligning_mf/H8_Dmix_visual_aligning.models.visual_mf_diffusion.VisualMeanFlow_a1.5_b1.0_aw1_VTrue_steps1000_bs64_filmv1_Emf_tslogit_normal,mf,,,
19,H8_K2_Meuler_T0.5_Dmix_visual_aligning.models.visual_mf_diffusion.VisualMeanFlow_VTrue_mpc4_filmv1_Emf,/data/home/llim/FMPCC/FM-PCC/logs/aligning-d3il-visual/plans/mix_visual_aligning_mf/H8_Dmix_visual_aligning.models.visual_mf_diffusion.VisualMeanFlow_a1.5_b1.0_aw1_VTrue_steps1000_bs64_filmv1_Emf_tslogit_normal/H8_K2_Meuler_T0.5_Dmix_visual_aligning.models.visual_mf_diffusion.VisualMeanFlow_VTrue_mpc4_filmv1_Emf,6,train,combined_5-tightened,combined_5,True,dpcc-c-dt0p25,mix_visual_aligning.models.visual_mf_diffusion.VisualMeanFlow,8.0,0.5,4.0,True,cuda,logs/aligning-d3il-visual/plans/mix_visual_aligning_mf/H8_Dmix_visual_aligning.models.visual_mf_diffusion.VisualMeanFlow_a1.5_b1.0_aw1_VTrue_steps1000_bs64_filmv1_Emf_tslogit_normal/H8_K2_Meuler_T0.5_Dmix_visual_aligning.models.visual_mf_diffusion.VisualMeanFlow_VTrue_mpc4_filmv1_Emf/6,mix_visual_aligning_mf/H8_Dmix_visual_aligning.models.visual_mf_diffusion.VisualMeanFlow_a1.5_b1.0_aw1_VTrue_steps1000_bs64_filmv1_Emf_tslogit_normal,mf,,,
19,H8_K2_Meuler_T0.5_Dmix_visual_aligning.models.visual_mf_diffusion.VisualMeanFlow_VTrue_mpc4_filmv1_Emf,/data/home/llim/FMPCC/FM-PCC/logs/aligning-d3il-visual/plans/mix_visual_aligning_mf/H8_Dmix_visual_aligning.models.visual_mf_diffusion.VisualMeanFlow_a1.5_b1.0_aw1_VTrue_steps1000_bs64_filmv1_Emf_tslogit_normal/H8_K2_Meuler_T0.5_Dmix_visual_aligning.models.visual_mf_diffusion.VisualMeanFlow_VTrue_mpc4_filmv1_Emf,6,train,combined_5-tightened,combined_5,True,dpcc-c-dt0p5,mix_visual_aligning.models.visual_mf_diffusion.VisualMeanFlow,8.0,0.5,4.0,True,cuda,logs/aligning-d3il-visual/plans/mix_visual_aligning_mf/H8_Dmix_visual_aligning.models.visual_mf_diffusion.VisualMeanFlow_a1.5_b1.0_aw1_VTrue_steps1000_bs64_filmv1_Emf_tslogit_normal/H8_K2_Meuler_T0.5_Dmix_visual_aligning.models.visual_mf_diffusion.VisualMeanFlow_VTrue_mpc4_filmv1_Emf/6,mix_visual_aligning_mf/H8_Dmix_visual_aligning.models.visual_mf_diffusion.VisualMeanFlow_a1.5_b1.0_aw1_VTrue_steps1000_bs64_filmv1_Emf_tslogit_normal,mf,,,
19,H8_K2_Meuler_T0.5_Dmix_visual_aligning.models.visual_mf_diffusion.VisualMeanFlow_VTrue_mpc4_filmv1_Emf,/data/home/llim/FMPCC/FM-PCC/logs/aligning-d3il-visual/plans/mix_visual_aligning_mf/H8_Dmix_visual_aligning.models.visual_mf_diffusion.VisualMeanFlow_a1.5_b1.0_aw1_VTrue_steps1000_bs64_filmv1_Emf_tslogit_normal/H8_K2_Meuler_T0.5_Dmix_visual_aligning.models.visual_mf_diffusion.VisualMeanFlow_VTrue_mpc4_filmv1_Emf,6,train,combined_5-tightened,combined_5,True,dpcc-c-dt2p0,mix_visual_aligning.models.visual_mf_diffusion.VisualMeanFlow,8.0,0.5,4.0,True,cuda,logs/aligning-d3il-visual/plans/mix_visual_aligning_mf/H8_Dmix_visual_aligning.models.visual_mf_diffusion.VisualMeanFlow_a1.5_b1.0_aw1_VTrue_steps1000_bs64_filmv1_Emf_tslogit_normal/H8_K2_Meuler_T0.5_Dmix_visual_aligning.models.visual_mf_diffusion.VisualMeanFlow_VTrue_mpc4_filmv1_Emf/6,mix_visual_aligning_mf/H8_Dmix_visual_aligning.models.visual_mf_diffusion.VisualMeanFlow_a1.5_b1.0_aw1_VTrue_steps1000_bs64_filmv1_Emf_tslogit_normal,mf,,,
19,H8_K2_Meuler_T0.5_Dmix_visual_aligning.models.visual_mf_diffusion.VisualMeanFlow_VTrue_mpc4_filmv1_Emf,/data/home/llim/FMPCC/FM-PCC/logs/aligning-d3il-visual/plans/mix_visual_aligning_mf/H8_Dmix_visual_aligning.models.visual_mf_diffusion.VisualMeanFlow_a1.5_b1.0_aw1_VTrue_steps1000_bs64_filmv1_Emf_tslogit_normal/H8_K2_Meuler_T0.5_Dmix_visual_aligning.models.visual_mf_diffusion.VisualMeanFlow_VTrue_mpc4_filmv1_Emf,6,train,combined_5-tightened,combined_5,True,dpcc-c-dt4p0,mix_visual_aligning.models.visual_mf_diffusion.VisualMeanFlow,8.0,0.5,4.0,True,cuda,logs/aligning-d3il-visual/plans/mix_visual_aligning_mf/H8_Dmix_visual_aligning.models.visual_mf_diffusion.VisualMeanFlow_a1.5_b1.0_aw1_VTrue_steps1000_bs64_filmv1_Emf_tslogit_normal/H8_K2_Meuler_T0.5_Dmix_visual_aligning.models.visual_mf_diffusion.VisualMeanFlow_VTrue_mpc4_filmv1_Emf/6,mix_visual_aligning_mf/H8_Dmix_visual_aligning.models.visual_mf_diffusion.VisualMeanFlow_a1.5_b1.0_aw1_VTrue_steps1000_bs64_filmv1_Emf_tslogit_normal,mf,,,
19,H8_K2_Meuler_T0.5_Dmix_visual_aligning.models.visual_mf_diffusion.VisualMeanFlow_VTrue_mpc4_filmv1_Emf,/data/home/llim/FMPCC/FM-PCC/logs/aligning-d3il-visual/plans/mix_visual_aligning_mf/H8_Dmix_visual_aligning.models.visual_mf_diffusion.VisualMeanFlow_a1.5_b1.0_aw1_VTrue_steps1000_bs64_filmv1_Emf_tslogit_normal/H8_K2_Meuler_T0.5_Dmix_visual_aligning.models.visual_mf_diffusion.VisualMeanFlow_VTrue_mpc4_filmv1_Emf,6,train,combined_5-tightened,combined_5,True,dpcc-r,mix_visual_aligning.models.visual_mf_diffusion.VisualMeanFlow,8.0,0.5,4.0,True,cuda,logs/aligning-d3il-visual/plans/mix_visual_aligning_mf/H8_Dmix_visual_aligning.models.visual_mf_diffusion.VisualMeanFlow_a1.5_b1.0_aw1_VTrue_steps1000_bs64_filmv1_Emf_tslogit_normal/H8_K2_Meuler_T0.5_Dmix_visual_aligning.models.visual_mf_diffusion.VisualMeanFlow_VTrue_mpc4_filmv1_Emf/6,mix_visual_aligning_mf/H8_Dmix_visual_aligning.models.visual_mf_diffusion.VisualMeanFlow_a1.5_b1.0_aw1_VTrue_steps1000_bs64_filmv1_Emf_tslogit_normal,mf,,,
19,H8_K2_Meuler_T0.5_Dmix_visual_aligning.models.visual_mf_diffusion.VisualMeanFlow_VTrue_mpc4_filmv1_Emf,/data/home/llim/FMPCC/FM-PCC/logs/aligning-d3il-visual/plans/mix_visual_aligning_mf/H8_Dmix_visual_aligning.models.visual_mf_diffusion.VisualMeanFlow_a1.5_b1.0_aw1_VTrue_steps1000_bs64_filmv1_Emf_tslogit_normal/H8_K2_Meuler_T0.5_Dmix_visual_aligning.models.visual_mf_diffusion.VisualMeanFlow_VTrue_mpc4_filmv1_Emf,6,train,combined_5-tightened,combined_5,True,dpcc-t,mix_visual_aligning.models.visual_mf_diffusion.VisualMeanFlow,8.0,0.5,4.0,True,cuda,logs/aligning-d3il-visual/plans/mix_visual_aligning_mf/H8_Dmix_visual_aligning.models.visual_mf_diffusion.VisualMeanFlow_a1.5_b1.0_aw1_VTrue_steps1000_bs64_filmv1_Emf_tslogit_normal/H8_K2_Meuler_T0.5_Dmix_visual_aligning.models.visual_mf_diffusion.VisualMeanFlow_VTrue_mpc4_filmv1_Emf/6,mix_visual_aligning_mf/H8_Dmix_visual_aligning.models.visual_mf_diffusion.VisualMeanFlow_a1.5_b1.0_aw1_VTrue_steps1000_bs64_filmv1_Emf_tslogit_normal,mf,,,
19,H8_K2_Meuler_T0.5_Dmix_visual_aligning.models.visual_mf_diffusion.VisualMeanFlow_VTrue_mpc4_filmv1_Emf,/data/home/llim/FMPCC/FM-PCC/logs/aligning-d3il-visual/plans/mix_visual_aligning_mf/H8_Dmix_visual_aligning.models.visual_mf_diffusion.VisualMeanFlow_a1.5_b1.0_aw1_VTrue_steps1000_bs64_filmv1_Emf_tslogit_normal/H8_K2_Meuler_T0.5_Dmix_visual_aligning.models.visual_mf_diffusion.VisualMeanFlow_VTrue_mpc4_filmv1_Emf,6,train,combined_5-tightened,combined_5,True,geo_free,mix_visual_aligning.models.visual_mf_diffusion.VisualMeanFlow,8.0,0.5,4.0,True,cuda,logs/aligning-d3il-visual/plans/mix_visual_aligning_mf/H8_Dmix_visual_aligning.models.visual_mf_diffusion.VisualMeanFlow_a1.5_b1.0_aw1_VTrue_steps1000_bs64_filmv1_Emf_tslogit_normal/H8_K2_Meuler_T0.5_Dmix_visual_aligning.models.visual_mf_diffusion.VisualMeanFlow_VTrue_mpc4_filmv1_Emf/6,mix_visual_aligning_mf/H8_Dmix_visual_aligning.models.visual_mf_diffusion.VisualMeanFlow_a1.5_b1.0_aw1_VTrue_steps1000_bs64_filmv1_Emf_tslogit_normal,mf,,,
19,H8_K2_Meuler_T0.5_Dmix_visual_aligning.models.visual_mf_diffusion.VisualMeanFlow_VTrue_mpc4_filmv1_Emf,/data/home/llim/FMPCC/FM-PCC/logs/aligning-d3il-visual/plans/mix_visual_aligning_mf/H8_Dmix_visual_aligning.models.visual_mf_diffusion.VisualMeanFlow_a1.5_b1.0_aw1_VTrue_steps1000_bs64_filmv1_Emf_tslogit_normal/H8_K2_Meuler_T0.5_Dmix_visual_aligning.models.visual_mf_diffusion.VisualMeanFlow_VTrue_mpc4_filmv1_Emf,6,train,combined_5-tightened,combined_5,True,geo_free-bounds_free,mix_visual_aligning.models.visual_mf_diffusion.VisualMeanFlow,8.0,0.5,4.0,True,cuda,logs/aligning-d3il-visual/plans/mix_visual_aligning_mf/H8_Dmix_visual_aligning.models.visual_mf_diffusion.VisualMeanFlow_a1.5_b1.0_aw1_VTrue_steps1000_bs64_filmv1_Emf_tslogit_normal/H8_K2_Meuler_T0.5_Dmix_visual_aligning.models.visual_mf_diffusion.VisualMeanFlow_VTrue_mpc4_filmv1_Emf/6,mix_visual_aligning_mf/H8_Dmix_visual_aligning.models.visual_mf_diffusion.VisualMeanFlow_a1.5_b1.0_aw1_VTrue_steps1000_bs64_filmv1_Emf_tslogit_normal,mf,,,
19,H8_K2_Meuler_T0.5_Dmix_visual_aligning.models.visual_mf_diffusion.VisualMeanFlow_VTrue_mpc4_filmv1_Emf,/data/home/llim/FMPCC/FM-PCC/logs/aligning-d3il-visual/plans/mix_visual_aligning_mf/H8_Dmix_visual_aligning.models.visual_mf_diffusion.VisualMeanFlow_a1.5_b1.0_aw1_VTrue_steps1000_bs64_filmv1_Emf_tslogit_normal/H8_K2_Meuler_T0.5_Dmix_visual_aligning.models.visual_mf_diffusion.VisualMeanFlow_VTrue_mpc4_filmv1_Emf,6,train,combined_5-tightened,combined_5,True,geo_free-model_free,mix_visual_aligning.models.visual_mf_diffusion.VisualMeanFlow,8.0,0.5,4.0,True,cuda,logs/aligning-d3il-visual/plans/mix_visual_aligning_mf/H8_Dmix_visual_aligning.models.visual_mf_diffusion.VisualMeanFlow_a1.5_b1.0_aw1_VTrue_steps1000_bs64_filmv1_Emf_tslogit_normal/H8_K2_Meuler_T0.5_Dmix_visual_aligning.models.visual_mf_diffusion.VisualMeanFlow_VTrue_mpc4_filmv1_Emf/6,mix_visual_aligning_mf/H8_Dmix_visual_aligning.models.visual_mf_diffusion.VisualMeanFlow_a1.5_b1.0_aw1_VTrue_steps1000_bs64_filmv1_Emf_tslogit_normal,mf,,,
19,H8_K2_Meuler_T0.5_Dmix_visual_aligning.models.visual_mf_diffusion.VisualMeanFlow_VTrue_mpc4_filmv1_Emf,/data/home/llim/FMPCC/FM-PCC/logs/aligning-d3il-visual/plans/mix_visual_aligning_mf/H8_Dmix_visual_aligning.models.visual_mf_diffusion.VisualMeanFlow_a1.5_b1.0_aw1_VTrue_steps1000_bs64_filmv1_Emf_tslogit_normal/H8_K2_Meuler_T0.5_Dmix_visual_aligning.models.visual_mf_diffusion.VisualMeanFlow_VTrue_mpc4_filmv1_Emf,6,train,combined_5-tightened,combined_5,True,gradient,mix_visual_aligning.models.visual_mf_diffusion.VisualMeanFlow,8.0,0.5,4.0,True,cuda,logs/aligning-d3il-visual/plans/mix_visual_aligning_mf/H8_Dmix_visual_aligning.models.visual_mf_diffusion.VisualMeanFlow_a1.5_b1.0_aw1_VTrue_steps1000_bs64_filmv1_Emf_tslogit_normal/H8_K2_Meuler_T0.5_Dmix_visual_aligning.models.visual_mf_diffusion.VisualMeanFlow_VTrue_mpc4_filmv1_Emf/6,mix_visual_aligning_mf/H8_Dmix_visual_aligning.models.visual_mf_diffusion.VisualMeanFlow_a1.5_b1.0_aw1_VTrue_steps1000_bs64_filmv1_Emf_tslogit_normal,mf,,,
19,H8_K2_Meuler_T0.5_Dmix_visual_aligning.models.visual_mf_diffusion.VisualMeanFlow_VTrue_mpc4_filmv1_Emf,/data/home/llim/FMPCC/FM-PCC/logs/aligning-d3il-visual/plans/mix_visual_aligning_mf/H8_Dmix_visual_aligning.models.visual_mf_diffusion.VisualMeanFlow_a1.5_b1.0_aw1_VTrue_steps1000_bs64_filmv1_Emf_tslogit_normal/H8_K2_Meuler_T0.5_Dmix_visual_aligning.models.visual_mf_diffusion.VisualMeanFlow_VTrue_mpc4_filmv1_Emf,6,train,combined_5-tightened,combined_5,True,hardflow_new-c,mix_visual_aligning.models.visual_mf_diffusion.VisualMeanFlow,8.0,0.5,4.0,True,cuda,logs/aligning-d3il-visual/plans/mix_visual_aligning_mf/H8_Dmix_visual_aligning.models.visual_mf_diffusion.VisualMeanFlow_a1.5_b1.0_aw1_VTrue_steps1000_bs64_filmv1_Emf_tslogit_normal/H8_K2_Meuler_T0.5_Dmix_visual_aligning.models.visual_mf_diffusion.VisualMeanFlow_VTrue_mpc4_filmv1_Emf/6,mix_visual_aligning_mf/H8_Dmix_visual_aligning.models.visual_mf_diffusion.VisualMeanFlow_a1.5_b1.0_aw1_VTrue_steps1000_bs64_filmv1_Emf_tslogit_normal,mf,,,
19,H8_K2_Meuler_T0.5_Dmix_visual_aligning.models.visual_mf_diffusion.VisualMeanFlow_VTrue_mpc4_filmv1_Emf,/data/home/llim/FMPCC/FM-PCC/logs/aligning-d3il-visual/plans/mix_visual_aligning_mf/H8_Dmix_visual_aligning.models.visual_mf_diffusion.VisualMeanFlow_a1.5_b1.0_aw1_VTrue_steps1000_bs64_filmv1_Emf_tslogit_normal/H8_K2_Meuler_T0.5_Dmix_visual_aligning.models.visual_mf_diffusion.VisualMeanFlow_VTrue_mpc4_filmv1_Emf,6,train,combined_5-tightened,combined_5,True,hardflow_new-r,mix_visual_aligning.models.visual_mf_diffusion.VisualMeanFlow,8.0,0.5,4.0,True,cuda,logs/aligning-d3il-visual/plans/mix_visual_aligning_mf/H8_Dmix_visual_aligning.models.visual_mf_diffusion.VisualMeanFlow_a1.5_b1.0_aw1_VTrue_steps1000_bs64_filmv1_Emf_tslogit_normal/H8_K2_Meuler_T0.5_Dmix_visual_aligning.models.visual_mf_diffusion.VisualMeanFlow_VTrue_mpc4_filmv1_Emf/6,mix_visual_aligning_mf/H8_Dmix_visual_aligning.models.visual_mf_diffusion.VisualMeanFlow_a1.5_b1.0_aw1_VTrue_steps1000_bs64_filmv1_Emf_tslogit_normal,mf,,,
19,H8_K2_Meuler_T0.5_Dmix_visual_aligning.models.visual_mf_diffusion.VisualMeanFlow_VTrue_mpc4_filmv1_Emf,/data/home/llim/FMPCC/FM-PCC/logs/aligning-d3il-visual/plans/mix_visual_aligning_mf/H8_Dmix_visual_aligning.models.visual_mf_diffusion.VisualMeanFlow_a1.5_b1.0_aw1_VTrue_steps1000_bs64_filmv1_Emf_tslogit_normal/H8_K2_Meuler_T0.5_Dmix_visual_aligning.models.visual_mf_diffusion.VisualMeanFlow_VTrue_mpc4_filmv1_Emf,6,train,combined_5-tightened,combined_5,True,hardflow_new-t,mix_visual_aligning.models.visual_mf_diffusion.VisualMeanFlow,8.0,0.5,4.0,True,cuda,logs/aligning-d3il-visual/plans/mix_visual_aligning_mf/H8_Dmix_visual_aligning.models.visual_mf_diffusion.VisualMeanFlow_a1.5_b1.0_aw1_VTrue_steps1000_bs64_filmv1_Emf_tslogit_normal/H8_K2_Meuler_T0.5_Dmix_visual_aligning.models.visual_mf_diffusion.VisualMeanFlow_VTrue_mpc4_filmv1_Emf/6,mix_visual_aligning_mf/H8_Dmix_visual_aligning.models.visual_mf_diffusion.VisualMeanFlow_a1.5_b1.0_aw1_VTrue_steps1000_bs64_filmv1_Emf_tslogit_normal,mf,,,
19,H8_K2_Meuler_T0.5_Dmix_visual_aligning.models.visual_mf_diffusion.VisualMeanFlow_VTrue_mpc4_filmv1_Emf,/data/home/llim/FMPCC/FM-PCC/logs/aligning-d3il-visual/plans/mix_visual_aligning_mf/H8_Dmix_visual_aligning.models.visual_mf_diffusion.VisualMeanFlow_a1.5_b1.0_aw1_VTrue_steps1000_bs64_filmv1_Emf_tslogit_normal/H8_K2_Meuler_T0.5_Dmix_visual_aligning.models.visual_mf_diffusion.VisualMeanFlow_VTrue_mpc4_filmv1_Emf,6,train,combined_5-tightened,combined_5,True,model_free,mix_visual_aligning.models.visual_mf_diffusion.VisualMeanFlow,8.0,0.5,4.0,True,cuda,logs/aligning-d3il-visual/plans/mix_visual_aligning_mf/H8_Dmix_visual_aligning.models.visual_mf_diffusion.VisualMeanFlow_a1.5_b1.0_aw1_VTrue_steps1000_bs64_filmv1_Emf_tslogit_normal/H8_K2_Meuler_T0.5_Dmix_visual_aligning.models.visual_mf_diffusion.VisualMeanFlow_VTrue_mpc4_filmv1_Emf/6,mix_visual_aligning_mf/H8_Dmix_visual_aligning.models.visual_mf_diffusion.VisualMeanFlow_a1.5_b1.0_aw1_VTrue_steps1000_bs64_filmv1_Emf_tslogit_normal,mf,,,
19,H8_K2_Meuler_T0.5_Dmix_visual_aligning.models.visual_mf_diffusion.VisualMeanFlow_VTrue_mpc4_filmv1_Emf,/data/home/llim/FMPCC/FM-PCC/logs/aligning-d3il-visual/plans/mix_visual_aligning_mf/H8_Dmix_visual_aligning.models.visual_mf_diffusion.VisualMeanFlow_a1.5_b1.0_aw1_VTrue_steps1000_bs64_filmv1_Emf_tslogit_normal/H8_K2_Meuler_T0.5_Dmix_visual_aligning.models.visual_mf_diffusion.VisualMeanFlow_VTrue_mpc4_filmv1_Emf,6,train,combined_5-tightened,combined_5,True,model_free-bounds_free,mix_visual_aligning.models.visual_mf_diffusion.VisualMeanFlow,8.0,0.5,4.0,True,cuda,logs/aligning-d3il-visual/plans/mix_visual_aligning_mf/H8_Dmix_visual_aligning.models.visual_mf_diffusion.VisualMeanFlow_a1.5_b1.0_aw1_VTrue_steps1000_bs64_filmv1_Emf_tslogit_normal/H8_K2_Meuler_T0.5_Dmix_visual_aligning.models.visual_mf_diffusion.VisualMeanFlow_VTrue_mpc4_filmv1_Emf/6,mix_visual_aligning_mf/H8_Dmix_visual_aligning.models.visual_mf_diffusion.VisualMeanFlow_a1.5_b1.0_aw1_VTrue_steps1000_bs64_filmv1_Emf_tslogit_normal,mf,,,
19,H8_K2_Meuler_T0.5_Dmix_visual_aligning.models.visual_mf_diffusion.VisualMeanFlow_VTrue_mpc4_filmv1_Emf,/data/home/llim/FMPCC/FM-PCC/logs/aligning-d3il-visual/plans/mix_visual_aligning_mf/H8_Dmix_visual_aligning.models.visual_mf_diffusion.VisualMeanFlow_a1.5_b1.0_aw1_VTrue_steps1000_bs64_filmv1_Emf_tslogit_normal/H8_K2_Meuler_T0.5_Dmix_visual_aligning.models.visual_mf_diffusion.VisualMeanFlow_VTrue_mpc4_filmv1_Emf,6,train,combined_5-tightened,combined_5,True,post_processing,mix_visual_aligning.models.visual_mf_diffusion.VisualMeanFlow,8.0,0.5,4.0,True,cuda,logs/aligning-d3il-visual/plans/mix_visual_aligning_mf/H8_Dmix_visual_aligning.models.visual_mf_diffusion.VisualMeanFlow_a1.5_b1.0_aw1_VTrue_steps1000_bs64_filmv1_Emf_tslogit_normal/H8_K2_Meuler_T0.5_Dmix_visual_aligning.models.visual_mf_diffusion.VisualMeanFlow_VTrue_mpc4_filmv1_Emf/6,mix_visual_aligning_mf/H8_Dmix_visual_aligning.models.visual_mf_diffusion.VisualMeanFlow_a1.5_b1.0_aw1_VTrue_steps1000_bs64_filmv1_Emf_tslogit_normal,mf,,,
20,H8_K2_Meuler_T0.5_Dmix_visual_aligning.models.visual_mf_diffusion.VisualMeanFlow_VTrue_mpc4_filmv2_Emf,/data/home/llim/FMPCC/FM-PCC/logs/aligning-d3il-visual/plans/mix_visual_aligning_mf/H8_Dmix_visual_aligning.models.visual_mf_diffusion.VisualMeanFlow_a1.5_b1.0_aw1_VTrue_steps1000_bs64_filmv2_Emf_tslogit_normal/H8_K2_Meuler_T0.5_Dmix_visual_aligning.models.visual_mf_diffusion.VisualMeanFlow_VTrue_mpc4_filmv2_Emf,6,train,combined_5,combined_5,False,bounds_free,mix_visual_aligning.models.visual_mf_diffusion.VisualMeanFlow,8.0,0.5,4.0,True,cuda,logs/aligning-d3il-visual/plans/mix_visual_aligning_mf/H8_Dmix_visual_aligning.models.visual_mf_diffusion.VisualMeanFlow_a1.5_b1.0_aw1_VTrue_steps1000_bs64_filmv2_Emf_tslogit_normal/H8_K2_Meuler_T0.5_Dmix_visual_aligning.models.visual_mf_diffusion.VisualMeanFlow_VTrue_mpc4_filmv2_Emf/6,mix_visual_aligning_mf/H8_Dmix_visual_aligning.models.visual_mf_diffusion.VisualMeanFlow_a1.5_b1.0_aw1_VTrue_steps1000_bs64_filmv2_Emf_tslogit_normal,mf,,,
20,H8_K2_Meuler_T0.5_Dmix_visual_aligning.models.visual_mf_diffusion.VisualMeanFlow_VTrue_mpc4_filmv2_Emf,/data/home/llim/FMPCC/FM-PCC/logs/aligning-d3il-visual/plans/mix_visual_aligning_mf/H8_Dmix_visual_aligning.models.visual_mf_diffusion.VisualMeanFlow_a1.5_b1.0_aw1_VTrue_steps1000_bs64_filmv2_Emf_tslogit_normal/H8_K2_Meuler_T0.5_Dmix_visual_aligning.models.visual_mf_diffusion.VisualMeanFlow_VTrue_mpc4_filmv2_Emf,6,train,combined_5,combined_5,False,diffuser,mix_visual_aligning.models.visual_mf_diffusion.VisualMeanFlow,8.0,0.5,4.0,True,cuda,logs/aligning-d3il-visual/plans/mix_visual_aligning_mf/H8_Dmix_visual_aligning.models.visual_mf_diffusion.VisualMeanFlow_a1.5_b1.0_aw1_VTrue_steps1000_bs64_filmv2_Emf_tslogit_normal/H8_K2_Meuler_T0.5_Dmix_visual_aligning.models.visual_mf_diffusion.VisualMeanFlow_VTrue_mpc4_filmv2_Emf/6,mix_visual_aligning_mf/H8_Dmix_visual_aligning.models.visual_mf_diffusion.VisualMeanFlow_a1.5_b1.0_aw1_VTrue_steps1000_bs64_filmv2_Emf_tslogit_normal,mf,,,
20,H8_K2_Meuler_T0.5_Dmix_visual_aligning.models.visual_mf_diffusion.VisualMeanFlow_VTrue_mpc4_filmv2_Emf,/data/home/llim/FMPCC/FM-PCC/logs/aligning-d3il-visual/plans/mix_visual_aligning_mf/H8_Dmix_visual_aligning.models.visual_mf_diffusion.VisualMeanFlow_a1.5_b1.0_aw1_VTrue_steps1000_bs64_filmv2_Emf_tslogit_normal/H8_K2_Meuler_T0.5_Dmix_visual_aligning.models.visual_mf_diffusion.VisualMeanFlow_VTrue_mpc4_filmv2_Emf,6,train,combined_5,combined_5,False,dpcc-c,mix_visual_aligning.models.visual_mf_diffusion.VisualMeanFlow,8.0,0.5,4.0,True,cuda,logs/aligning-d3il-visual/plans/mix_visual_aligning_mf/H8_Dmix_visual_aligning.models.visual_mf_diffusion.VisualMeanFlow_a1.5_b1.0_aw1_VTrue_steps1000_bs64_filmv2_Emf_tslogit_normal/H8_K2_Meuler_T0.5_Dmix_visual_aligning.models.visual_mf_diffusion.VisualMeanFlow_VTrue_mpc4_filmv2_Emf/6,mix_visual_aligning_mf/H8_Dmix_visual_aligning.models.visual_mf_diffusion.VisualMeanFlow_a1.5_b1.0_aw1_VTrue_steps1000_bs64_filmv2_Emf_tslogit_normal,mf,,,
20,H8_K2_Meuler_T0.5_Dmix_visual_aligning.models.visual_mf_diffusion.VisualMeanFlow_VTrue_mpc4_filmv2_Emf,/data/home/llim/FMPCC/FM-PCC/logs/aligning-d3il-visual/plans/mix_visual_aligning_mf/H8_Dmix_visual_aligning.models.visual_mf_diffusion.VisualMeanFlow_a1.5_b1.0_aw1_VTrue_steps1000_bs64_filmv2_Emf_tslogit_normal/H8_K2_Meuler_T0.5_Dmix_visual_aligning.models.visual_mf_diffusion.VisualMeanFlow_VTrue_mpc4_filmv2_Emf,6,train,combined_5,combined_5,False,dpcc-c-dt0p25,mix_visual_aligning.models.visual_mf_diffusion.VisualMeanFlow,8.0,0.5,4.0,True,cuda,logs/aligning-d3il-visual/plans/mix_visual_aligning_mf/H8_Dmix_visual_aligning.models.visual_mf_diffusion.VisualMeanFlow_a1.5_b1.0_aw1_VTrue_steps1000_bs64_filmv2_Emf_tslogit_normal/H8_K2_Meuler_T0.5_Dmix_visual_aligning.models.visual_mf_diffusion.VisualMeanFlow_VTrue_mpc4_filmv2_Emf/6,mix_visual_aligning_mf/H8_Dmix_visual_aligning.models.visual_mf_diffusion.VisualMeanFlow_a1.5_b1.0_aw1_VTrue_steps1000_bs64_filmv2_Emf_tslogit_normal,mf,,,
20,H8_K2_Meuler_T0.5_Dmix_visual_aligning.models.visual_mf_diffusion.VisualMeanFlow_VTrue_mpc4_filmv2_Emf,/data/home/llim/FMPCC/FM-PCC/logs/aligning-d3il-visual/plans/mix_visual_aligning_mf/H8_Dmix_visual_aligning.models.visual_mf_diffusion.VisualMeanFlow_a1.5_b1.0_aw1_VTrue_steps1000_bs64_filmv2_Emf_tslogit_normal/H8_K2_Meuler_T0.5_Dmix_visual_aligning.models.visual_mf_diffusion.VisualMeanFlow_VTrue_mpc4_filmv2_Emf,6,train,combined_5,combined_5,False,dpcc-c-dt0p5,mix_visual_aligning.models.visual_mf_diffusion.VisualMeanFlow,8.0,0.5,4.0,True,cuda,logs/aligning-d3il-visual/plans/mix_visual_aligning_mf/H8_Dmix_visual_aligning.models.visual_mf_diffusion.VisualMeanFlow_a1.5_b1.0_aw1_VTrue_steps1000_bs64_filmv2_Emf_tslogit_normal/H8_K2_Meuler_T0.5_Dmix_visual_aligning.models.visual_mf_diffusion.VisualMeanFlow_VTrue_mpc4_filmv2_Emf/6,mix_visual_aligning_mf/H8_Dmix_visual_aligning.models.visual_mf_diffusion.VisualMeanFlow_a1.5_b1.0_aw1_VTrue_steps1000_bs64_filmv2_Emf_tslogit_normal,mf,,,
20,H8_K2_Meuler_T0.5_Dmix_visual_aligning.models.visual_mf_diffusion.VisualMeanFlow_VTrue_mpc4_filmv2_Emf,/data/home/llim/FMPCC/FM-PCC/logs/aligning-d3il-visual/plans/mix_visual_aligning_mf/H8_Dmix_visual_aligning.models.visual_mf_diffusion.VisualMeanFlow_a1.5_b1.0_aw1_VTrue_steps1000_bs64_filmv2_Emf_tslogit_normal/H8_K2_Meuler_T0.5_Dmix_visual_aligning.models.visual_mf_diffusion.VisualMeanFlow_VTrue_mpc4_filmv2_Emf,6,train,combined_5,combined_5,False,dpcc-c-dt2p0,mix_visual_aligning.models.visual_mf_diffusion.VisualMeanFlow,8.0,0.5,4.0,True,cuda,logs/aligning-d3il-visual/plans/mix_visual_aligning_mf/H8_Dmix_visual_aligning.models.visual_mf_diffusion.VisualMeanFlow_a1.5_b1.0_aw1_VTrue_steps1000_bs64_filmv2_Emf_tslogit_normal/H8_K2_Meuler_T0.5_Dmix_visual_aligning.models.visual_mf_diffusion.VisualMeanFlow_VTrue_mpc4_filmv2_Emf/6,mix_visual_aligning_mf/H8_Dmix_visual_aligning.models.visual_mf_diffusion.VisualMeanFlow_a1.5_b1.0_aw1_VTrue_steps1000_bs64_filmv2_Emf_tslogit_normal,mf,,,
20,H8_K2_Meuler_T0.5_Dmix_visual_aligning.models.visual_mf_diffusion.VisualMeanFlow_VTrue_mpc4_filmv2_Emf,/data/home/llim/FMPCC/FM-PCC/logs/aligning-d3il-visual/plans/mix_visual_aligning_mf/H8_Dmix_visual_aligning.models.visual_mf_diffusion.VisualMeanFlow_a1.5_b1.0_aw1_VTrue_steps1000_bs64_filmv2_Emf_tslogit_normal/H8_K2_Meuler_T0.5_Dmix_visual_aligning.models.visual_mf_diffusion.VisualMeanFlow_VTrue_mpc4_filmv2_Emf,6,train,combined_5,combined_5,False,dpcc-c-dt4p0,mix_visual_aligning.models.visual_mf_diffusion.VisualMeanFlow,8.0,0.5,4.0,True,cuda,logs/aligning-d3il-visual/plans/mix_visual_aligning_mf/H8_Dmix_visual_aligning.models.visual_mf_diffusion.VisualMeanFlow_a1.5_b1.0_aw1_VTrue_steps1000_bs64_filmv2_Emf_tslogit_normal/H8_K2_Meuler_T0.5_Dmix_visual_aligning.models.visual_mf_diffusion.VisualMeanFlow_VTrue_mpc4_filmv2_Emf/6,mix_visual_aligning_mf/H8_Dmix_visual_aligning.models.visual_mf_diffusion.VisualMeanFlow_a1.5_b1.0_aw1_VTrue_steps1000_bs64_filmv2_Emf_tslogit_normal,mf,,,
20,H8_K2_Meuler_T0.5_Dmix_visual_aligning.models.visual_mf_diffusion.VisualMeanFlow_VTrue_mpc4_filmv2_Emf,/data/home/llim/FMPCC/FM-PCC/logs/aligning-d3il-visual/plans/mix_visual_aligning_mf/H8_Dmix_visual_aligning.models.visual_mf_diffusion.VisualMeanFlow_a1.5_b1.0_aw1_VTrue_steps1000_bs64_filmv2_Emf_tslogit_normal/H8_K2_Meuler_T0.5_Dmix_visual_aligning.models.visual_mf_diffusion.VisualMeanFlow_VTrue_mpc4_filmv2_Emf,6,train,combined_5,combined_5,False,dpcc-r,mix_visual_aligning.models.visual_mf_diffusion.VisualMeanFlow,8.0,0.5,4.0,True,cuda,logs/aligning-d3il-visual/plans/mix_visual_aligning_mf/H8_Dmix_visual_aligning.models.visual_mf_diffusion.VisualMeanFlow_a1.5_b1.0_aw1_VTrue_steps1000_bs64_filmv2_Emf_tslogit_normal/H8_K2_Meuler_T0.5_Dmix_visual_aligning.models.visual_mf_diffusion.VisualMeanFlow_VTrue_mpc4_filmv2_Emf/6,mix_visual_aligning_mf/H8_Dmix_visual_aligning.models.visual_mf_diffusion.VisualMeanFlow_a1.5_b1.0_aw1_VTrue_steps1000_bs64_filmv2_Emf_tslogit_normal,mf,,,
20,H8_K2_Meuler_T0.5_Dmix_visual_aligning.models.visual_mf_diffusion.VisualMeanFlow_VTrue_mpc4_filmv2_Emf,/data/home/llim/FMPCC/FM-PCC/logs/aligning-d3il-visual/plans/mix_visual_aligning_mf/H8_Dmix_visual_aligning.models.visual_mf_diffusion.VisualMeanFlow_a1.5_b1.0_aw1_VTrue_steps1000_bs64_filmv2_Emf_tslogit_normal/H8_K2_Meuler_T0.5_Dmix_visual_aligning.models.visual_mf_diffusion.VisualMeanFlow_VTrue_mpc4_filmv2_Emf,6,train,combined_5,combined_5,False,dpcc-t,mix_visual_aligning.models.visual_mf_diffusion.VisualMeanFlow,8.0,0.5,4.0,True,cuda,logs/aligning-d3il-visual/plans/mix_visual_aligning_mf/H8_Dmix_visual_aligning.models.visual_mf_diffusion.VisualMeanFlow_a1.5_b1.0_aw1_VTrue_steps1000_bs64_filmv2_Emf_tslogit_normal/H8_K2_Meuler_T0.5_Dmix_visual_aligning.models.visual_mf_diffusion.VisualMeanFlow_VTrue_mpc4_filmv2_Emf/6,mix_visual_aligning_mf/H8_Dmix_visual_aligning.models.visual_mf_diffusion.VisualMeanFlow_a1.5_b1.0_aw1_VTrue_steps1000_bs64_filmv2_Emf_tslogit_normal,mf,,,
20,H8_K2_Meuler_T0.5_Dmix_visual_aligning.models.visual_mf_diffusion.VisualMeanFlow_VTrue_mpc4_filmv2_Emf,/data/home/llim/FMPCC/FM-PCC/logs/aligning-d3il-visual/plans/mix_visual_aligning_mf/H8_Dmix_visual_aligning.models.visual_mf_diffusion.VisualMeanFlow_a1.5_b1.0_aw1_VTrue_steps1000_bs64_filmv2_Emf_tslogit_normal/H8_K2_Meuler_T0.5_Dmix_visual_aligning.models.visual_mf_diffusion.VisualMeanFlow_VTrue_mpc4_filmv2_Emf,6,train,combined_5,combined_5,False,geo_free,mix_visual_aligning.models.visual_mf_diffusion.VisualMeanFlow,8.0,0.5,4.0,True,cuda,logs/aligning-d3il-visual/plans/mix_visual_aligning_mf/H8_Dmix_visual_aligning.models.visual_mf_diffusion.VisualMeanFlow_a1.5_b1.0_aw1_VTrue_steps1000_bs64_filmv2_Emf_tslogit_normal/H8_K2_Meuler_T0.5_Dmix_visual_aligning.models.visual_mf_diffusion.VisualMeanFlow_VTrue_mpc4_filmv2_Emf/6,mix_visual_aligning_mf/H8_Dmix_visual_aligning.models.visual_mf_diffusion.VisualMeanFlow_a1.5_b1.0_aw1_VTrue_steps1000_bs64_filmv2_Emf_tslogit_normal,mf,,,
20,H8_K2_Meuler_T0.5_Dmix_visual_aligning.models.visual_mf_diffusion.VisualMeanFlow_VTrue_mpc4_filmv2_Emf,/data/home/llim/FMPCC/FM-PCC/logs/aligning-d3il-visual/plans/mix_visual_aligning_mf/H8_Dmix_visual_aligning.models.visual_mf_diffusion.VisualMeanFlow_a1.5_b1.0_aw1_VTrue_steps1000_bs64_filmv2_Emf_tslogit_normal/H8_K2_Meuler_T0.5_Dmix_visual_aligning.models.visual_mf_diffusion.VisualMeanFlow_VTrue_mpc4_filmv2_Emf,6,train,combined_5,combined_5,False,geo_free-bounds_free,mix_visual_aligning.models.visual_mf_diffusion.VisualMeanFlow,8.0,0.5,4.0,True,cuda,logs/aligning-d3il-visual/plans/mix_visual_aligning_mf/H8_Dmix_visual_aligning.models.visual_mf_diffusion.VisualMeanFlow_a1.5_b1.0_aw1_VTrue_steps1000_bs64_filmv2_Emf_tslogit_normal/H8_K2_Meuler_T0.5_Dmix_visual_aligning.models.visual_mf_diffusion.VisualMeanFlow_VTrue_mpc4_filmv2_Emf/6,mix_visual_aligning_mf/H8_Dmix_visual_aligning.models.visual_mf_diffusion.VisualMeanFlow_a1.5_b1.0_aw1_VTrue_steps1000_bs64_filmv2_Emf_tslogit_normal,mf,,,
20,H8_K2_Meuler_T0.5_Dmix_visual_aligning.models.visual_mf_diffusion.VisualMeanFlow_VTrue_mpc4_filmv2_Emf,/data/home/llim/FMPCC/FM-PCC/logs/aligning-d3il-visual/plans/mix_visual_aligning_mf/H8_Dmix_visual_aligning.models.visual_mf_diffusion.VisualMeanFlow_a1.5_b1.0_aw1_VTrue_steps1000_bs64_filmv2_Emf_tslogit_normal/H8_K2_Meuler_T0.5_Dmix_visual_aligning.models.visual_mf_diffusion.VisualMeanFlow_VTrue_mpc4_filmv2_Emf,6,train,combined_5,combined_5,False,geo_free-model_free,mix_visual_aligning.models.visual_mf_diffusion.VisualMeanFlow,8.0,0.5,4.0,True,cuda,logs/aligning-d3il-visual/plans/mix_visual_aligning_mf/H8_Dmix_visual_aligning.models.visual_mf_diffusion.VisualMeanFlow_a1.5_b1.0_aw1_VTrue_steps1000_bs64_filmv2_Emf_tslogit_normal/H8_K2_Meuler_T0.5_Dmix_visual_aligning.models.visual_mf_diffusion.VisualMeanFlow_VTrue_mpc4_filmv2_Emf/6,mix_visual_aligning_mf/H8_Dmix_visual_aligning.models.visual_mf_diffusion.VisualMeanFlow_a1.5_b1.0_aw1_VTrue_steps1000_bs64_filmv2_Emf_tslogit_normal,mf,,,
20,H8_K2_Meuler_T0.5_Dmix_visual_aligning.models.visual_mf_diffusion.VisualMeanFlow_VTrue_mpc4_filmv2_Emf,/data/home/llim/FMPCC/FM-PCC/logs/aligning-d3il-visual/plans/mix_visual_aligning_mf/H8_Dmix_visual_aligning.models.visual_mf_diffusion.VisualMeanFlow_a1.5_b1.0_aw1_VTrue_steps1000_bs64_filmv2_Emf_tslogit_normal/H8_K2_Meuler_T0.5_Dmix_visual_aligning.models.visual_mf_diffusion.VisualMeanFlow_VTrue_mpc4_filmv2_Emf,6,train,combined_5,combined_5,False,gradient,mix_visual_aligning.models.visual_mf_diffusion.VisualMeanFlow,8.0,0.5,4.0,True,cuda,logs/aligning-d3il-visual/plans/mix_visual_aligning_mf/H8_Dmix_visual_aligning.models.visual_mf_diffusion.VisualMeanFlow_a1.5_b1.0_aw1_VTrue_steps1000_bs64_filmv2_Emf_tslogit_normal/H8_K2_Meuler_T0.5_Dmix_visual_aligning.models.visual_mf_diffusion.VisualMeanFlow_VTrue_mpc4_filmv2_Emf/6,mix_visual_aligning_mf/H8_Dmix_visual_aligning.models.visual_mf_diffusion.VisualMeanFlow_a1.5_b1.0_aw1_VTrue_steps1000_bs64_filmv2_Emf_tslogit_normal,mf,,,
20,H8_K2_Meuler_T0.5_Dmix_visual_aligning.models.visual_mf_diffusion.VisualMeanFlow_VTrue_mpc4_filmv2_Emf,/data/home/llim/FMPCC/FM-PCC/logs/aligning-d3il-visual/plans/mix_visual_aligning_mf/H8_Dmix_visual_aligning.models.visual_mf_diffusion.VisualMeanFlow_a1.5_b1.0_aw1_VTrue_steps1000_bs64_filmv2_Emf_tslogit_normal/H8_K2_Meuler_T0.5_Dmix_visual_aligning.models.visual_mf_diffusion.VisualMeanFlow_VTrue_mpc4_filmv2_Emf,6,train,combined_5,combined_5,False,model_free,mix_visual_aligning.models.visual_mf_diffusion.VisualMeanFlow,8.0,0.5,4.0,True,cuda,logs/aligning-d3il-visual/plans/mix_visual_aligning_mf/H8_Dmix_visual_aligning.models.visual_mf_diffusion.VisualMeanFlow_a1.5_b1.0_aw1_VTrue_steps1000_bs64_filmv2_Emf_tslogit_normal/H8_K2_Meuler_T0.5_Dmix_visual_aligning.models.visual_mf_diffusion.VisualMeanFlow_VTrue_mpc4_filmv2_Emf/6,mix_visual_aligning_mf/H8_Dmix_visual_aligning.models.visual_mf_diffusion.VisualMeanFlow_a1.5_b1.0_aw1_VTrue_steps1000_bs64_filmv2_Emf_tslogit_normal,mf,,,
20,H8_K2_Meuler_T0.5_Dmix_visual_aligning.models.visual_mf_diffusion.VisualMeanFlow_VTrue_mpc4_filmv2_Emf,/data/home/llim/FMPCC/FM-PCC/logs/aligning-d3il-visual/plans/mix_visual_aligning_mf/H8_Dmix_visual_aligning.models.visual_mf_diffusion.VisualMeanFlow_a1.5_b1.0_aw1_VTrue_steps1000_bs64_filmv2_Emf_tslogit_normal/H8_K2_Meuler_T0.5_Dmix_visual_aligning.models.visual_mf_diffusion.VisualMeanFlow_VTrue_mpc4_filmv2_Emf,6,train,combined_5,combined_5,False,model_free-bounds_free,mix_visual_aligning.models.visual_mf_diffusion.VisualMeanFlow,8.0,0.5,4.0,True,cuda,logs/aligning-d3il-visual/plans/mix_visual_aligning_mf/H8_Dmix_visual_aligning.models.visual_mf_diffusion.VisualMeanFlow_a1.5_b1.0_aw1_VTrue_steps1000_bs64_filmv2_Emf_tslogit_normal/H8_K2_Meuler_T0.5_Dmix_visual_aligning.models.visual_mf_diffusion.VisualMeanFlow_VTrue_mpc4_filmv2_Emf/6,mix_visual_aligning_mf/H8_Dmix_visual_aligning.models.visual_mf_diffusion.VisualMeanFlow_a1.5_b1.0_aw1_VTrue_steps1000_bs64_filmv2_Emf_tslogit_normal,mf,,,
20,H8_K2_Meuler_T0.5_Dmix_visual_aligning.models.visual_mf_diffusion.VisualMeanFlow_VTrue_mpc4_filmv2_Emf,/data/home/llim/FMPCC/FM-PCC/logs/aligning-d3il-visual/plans/mix_visual_aligning_mf/H8_Dmix_visual_aligning.models.visual_mf_diffusion.VisualMeanFlow_a1.5_b1.0_aw1_VTrue_steps1000_bs64_filmv2_Emf_tslogit_normal/H8_K2_Meuler_T0.5_Dmix_visual_aligning.models.visual_mf_diffusion.VisualMeanFlow_VTrue_mpc4_filmv2_Emf,6,train,combined_5,combined_5,False,post_processing,mix_visual_aligning.models.visual_mf_diffusion.VisualMeanFlow,8.0,0.5,4.0,True,cuda,logs/aligning-d3il-visual/plans/mix_visual_aligning_mf/H8_Dmix_visual_aligning.models.visual_mf_diffusion.VisualMeanFlow_a1.5_b1.0_aw1_VTrue_steps1000_bs64_filmv2_Emf_tslogit_normal/H8_K2_Meuler_T0.5_Dmix_visual_aligning.models.visual_mf_diffusion.VisualMeanFlow_VTrue_mpc4_filmv2_Emf/6,mix_visual_aligning_mf/H8_Dmix_visual_aligning.models.visual_mf_diffusion.VisualMeanFlow_a1.5_b1.0_aw1_VTrue_steps1000_bs64_filmv2_Emf_tslogit_normal,mf,,,
20,H8_K2_Meuler_T0.5_Dmix_visual_aligning.models.visual_mf_diffusion.VisualMeanFlow_VTrue_mpc4_filmv2_Emf,/data/home/llim/FMPCC/FM-PCC/logs/aligning-d3il-visual/plans/mix_visual_aligning_mf/H8_Dmix_visual_aligning.models.visual_mf_diffusion.VisualMeanFlow_a1.5_b1.0_aw1_VTrue_steps1000_bs64_filmv2_Emf_tslogit_normal/H8_K2_Meuler_T0.5_Dmix_visual_aligning.models.visual_mf_diffusion.VisualMeanFlow_VTrue_mpc4_filmv2_Emf,6,train,combined_5-tightened,combined_5,True,bounds_free,mix_visual_aligning.models.visual_mf_diffusion.VisualMeanFlow,8.0,0.5,4.0,True,cuda,logs/aligning-d3il-visual/plans/mix_visual_aligning_mf/H8_Dmix_visual_aligning.models.visual_mf_diffusion.VisualMeanFlow_a1.5_b1.0_aw1_VTrue_steps1000_bs64_filmv2_Emf_tslogit_normal/H8_K2_Meuler_T0.5_Dmix_visual_aligning.models.visual_mf_diffusion.VisualMeanFlow_VTrue_mpc4_filmv2_Emf/6,mix_visual_aligning_mf/H8_Dmix_visual_aligning.models.visual_mf_diffusion.VisualMeanFlow_a1.5_b1.0_aw1_VTrue_steps1000_bs64_filmv2_Emf_tslogit_normal,mf,,,
20,H8_K2_Meuler_T0.5_Dmix_visual_aligning.models.visual_mf_diffusion.VisualMeanFlow_VTrue_mpc4_filmv2_Emf,/data/home/llim/FMPCC/FM-PCC/logs/aligning-d3il-visual/plans/mix_visual_aligning_mf/H8_Dmix_visual_aligning.models.visual_mf_diffusion.VisualMeanFlow_a1.5_b1.0_aw1_VTrue_steps1000_bs64_filmv2_Emf_tslogit_normal/H8_K2_Meuler_T0.5_Dmix_visual_aligning.models.visual_mf_diffusion.VisualMeanFlow_VTrue_mpc4_filmv2_Emf,6,train,combined_5-tightened,combined_5,True,diffuser,mix_visual_aligning.models.visual_mf_diffusion.VisualMeanFlow,8.0,0.5,4.0,True,cuda,logs/aligning-d3il-visual/plans/mix_visual_aligning_mf/H8_Dmix_visual_aligning.models.visual_mf_diffusion.VisualMeanFlow_a1.5_b1.0_aw1_VTrue_steps1000_bs64_filmv2_Emf_tslogit_normal/H8_K2_Meuler_T0.5_Dmix_visual_aligning.models.visual_mf_diffusion.VisualMeanFlow_VTrue_mpc4_filmv2_Emf/6,mix_visual_aligning_mf/H8_Dmix_visual_aligning.models.visual_mf_diffusion.VisualMeanFlow_a1.5_b1.0_aw1_VTrue_steps1000_bs64_filmv2_Emf_tslogit_normal,mf,,,
20,H8_K2_Meuler_T0.5_Dmix_visual_aligning.models.visual_mf_diffusion.VisualMeanFlow_VTrue_mpc4_filmv2_Emf,/data/home/llim/FMPCC/FM-PCC/logs/aligning-d3il-visual/plans/mix_visual_aligning_mf/H8_Dmix_visual_aligning.models.visual_mf_diffusion.VisualMeanFlow_a1.5_b1.0_aw1_VTrue_steps1000_bs64_filmv2_Emf_tslogit_normal/H8_K2_Meuler_T0.5_Dmix_visual_aligning.models.visual_mf_diffusion.VisualMeanFlow_VTrue_mpc4_filmv2_Emf,6,train,combined_5-tightened,combined_5,True,dpcc-c,mix_visual_aligning.models.visual_mf_diffusion.VisualMeanFlow,8.0,0.5,4.0,True,cuda,logs/aligning-d3il-visual/plans/mix_visual_aligning_mf/H8_Dmix_visual_aligning.models.visual_mf_diffusion.VisualMeanFlow_a1.5_b1.0_aw1_VTrue_steps1000_bs64_filmv2_Emf_tslogit_normal/H8_K2_Meuler_T0.5_Dmix_visual_aligning.models.visual_mf_diffusion.VisualMeanFlow_VTrue_mpc4_filmv2_Emf/6,mix_visual_aligning_mf/H8_Dmix_visual_aligning.models.visual_mf_diffusion.VisualMeanFlow_a1.5_b1.0_aw1_VTrue_steps1000_bs64_filmv2_Emf_tslogit_normal,mf,,,
20,H8_K2_Meuler_T0.5_Dmix_visual_aligning.models.visual_mf_diffusion.VisualMeanFlow_VTrue_mpc4_filmv2_Emf,/data/home/llim/FMPCC/FM-PCC/logs/aligning-d3il-visual/plans/mix_visual_aligning_mf/H8_Dmix_visual_aligning.models.visual_mf_diffusion.VisualMeanFlow_a1.5_b1.0_aw1_VTrue_steps1000_bs64_filmv2_Emf_tslogit_normal/H8_K2_Meuler_T0.5_Dmix_visual_aligning.models.visual_mf_diffusion.VisualMeanFlow_VTrue_mpc4_filmv2_Emf,6,train,combined_5-tightened,combined_5,True,dpcc-c-dt0p25,mix_visual_aligning.models.visual_mf_diffusion.VisualMeanFlow,8.0,0.5,4.0,True,cuda,logs/aligning-d3il-visual/plans/mix_visual_aligning_mf/H8_Dmix_visual_aligning.models.visual_mf_diffusion.VisualMeanFlow_a1.5_b1.0_aw1_VTrue_steps1000_bs64_filmv2_Emf_tslogit_normal/H8_K2_Meuler_T0.5_Dmix_visual_aligning.models.visual_mf_diffusion.VisualMeanFlow_VTrue_mpc4_filmv2_Emf/6,mix_visual_aligning_mf/H8_Dmix_visual_aligning.models.visual_mf_diffusion.VisualMeanFlow_a1.5_b1.0_aw1_VTrue_steps1000_bs64_filmv2_Emf_tslogit_normal,mf,,,
20,H8_K2_Meuler_T0.5_Dmix_visual_aligning.models.visual_mf_diffusion.VisualMeanFlow_VTrue_mpc4_filmv2_Emf,/data/home/llim/FMPCC/FM-PCC/logs/aligning-d3il-visual/plans/mix_visual_aligning_mf/H8_Dmix_visual_aligning.models.visual_mf_diffusion.VisualMeanFlow_a1.5_b1.0_aw1_VTrue_steps1000_bs64_filmv2_Emf_tslogit_normal/H8_K2_Meuler_T0.5_Dmix_visual_aligning.models.visual_mf_diffusion.VisualMeanFlow_VTrue_mpc4_filmv2_Emf,6,train,combined_5-tightened,combined_5,True,dpcc-c-dt0p5,mix_visual_aligning.models.visual_mf_diffusion.VisualMeanFlow,8.0,0.5,4.0,True,cuda,logs/aligning-d3il-visual/plans/mix_visual_aligning_mf/H8_Dmix_visual_aligning.models.visual_mf_diffusion.VisualMeanFlow_a1.5_b1.0_aw1_VTrue_steps1000_bs64_filmv2_Emf_tslogit_normal/H8_K2_Meuler_T0.5_Dmix_visual_aligning.models.visual_mf_diffusion.VisualMeanFlow_VTrue_mpc4_filmv2_Emf/6,mix_visual_aligning_mf/H8_Dmix_visual_aligning.models.visual_mf_diffusion.VisualMeanFlow_a1.5_b1.0_aw1_VTrue_steps1000_bs64_filmv2_Emf_tslogit_normal,mf,,,
20,H8_K2_Meuler_T0.5_Dmix_visual_aligning.models.visual_mf_diffusion.VisualMeanFlow_VTrue_mpc4_filmv2_Emf,/data/home/llim/FMPCC/FM-PCC/logs/aligning-d3il-visual/plans/mix_visual_aligning_mf/H8_Dmix_visual_aligning.models.visual_mf_diffusion.VisualMeanFlow_a1.5_b1.0_aw1_VTrue_steps1000_bs64_filmv2_Emf_tslogit_normal/H8_K2_Meuler_T0.5_Dmix_visual_aligning.models.visual_mf_diffusion.VisualMeanFlow_VTrue_mpc4_filmv2_Emf,6,train,combined_5-tightened,combined_5,True,dpcc-c-dt2p0,mix_visual_aligning.models.visual_mf_diffusion.VisualMeanFlow,8.0,0.5,4.0,True,cuda,logs/aligning-d3il-visual/plans/mix_visual_aligning_mf/H8_Dmix_visual_aligning.models.visual_mf_diffusion.VisualMeanFlow_a1.5_b1.0_aw1_VTrue_steps1000_bs64_filmv2_Emf_tslogit_normal/H8_K2_Meuler_T0.5_Dmix_visual_aligning.models.visual_mf_diffusion.VisualMeanFlow_VTrue_mpc4_filmv2_Emf/6,mix_visual_aligning_mf/H8_Dmix_visual_aligning.models.visual_mf_diffusion.VisualMeanFlow_a1.5_b1.0_aw1_VTrue_steps1000_bs64_filmv2_Emf_tslogit_normal,mf,,,
20,H8_K2_Meuler_T0.5_Dmix_visual_aligning.models.visual_mf_diffusion.VisualMeanFlow_VTrue_mpc4_filmv2_Emf,/data/home/llim/FMPCC/FM-PCC/logs/aligning-d3il-visual/plans/mix_visual_aligning_mf/H8_Dmix_visual_aligning.models.visual_mf_diffusion.VisualMeanFlow_a1.5_b1.0_aw1_VTrue_steps1000_bs64_filmv2_Emf_tslogit_normal/H8_K2_Meuler_T0.5_Dmix_visual_aligning.models.visual_mf_diffusion.VisualMeanFlow_VTrue_mpc4_filmv2_Emf,6,train,combined_5-tightened,combined_5,True,dpcc-c-dt4p0,mix_visual_aligning.models.visual_mf_diffusion.VisualMeanFlow,8.0,0.5,4.0,True,cuda,logs/aligning-d3il-visual/plans/mix_visual_aligning_mf/H8_Dmix_visual_aligning.models.visual_mf_diffusion.VisualMeanFlow_a1.5_b1.0_aw1_VTrue_steps1000_bs64_filmv2_Emf_tslogit_normal/H8_K2_Meuler_T0.5_Dmix_visual_aligning.models.visual_mf_diffusion.VisualMeanFlow_VTrue_mpc4_filmv2_Emf/6,mix_visual_aligning_mf/H8_Dmix_visual_aligning.models.visual_mf_diffusion.VisualMeanFlow_a1.5_b1.0_aw1_VTrue_steps1000_bs64_filmv2_Emf_tslogit_normal,mf,,,
20,H8_K2_Meuler_T0.5_Dmix_visual_aligning.models.visual_mf_diffusion.VisualMeanFlow_VTrue_mpc4_filmv2_Emf,/data/home/llim/FMPCC/FM-PCC/logs/aligning-d3il-visual/plans/mix_visual_aligning_mf/H8_Dmix_visual_aligning.models.visual_mf_diffusion.VisualMeanFlow_a1.5_b1.0_aw1_VTrue_steps1000_bs64_filmv2_Emf_tslogit_normal/H8_K2_Meuler_T0.5_Dmix_visual_aligning.models.visual_mf_diffusion.VisualMeanFlow_VTrue_mpc4_filmv2_Emf,6,train,combined_5-tightened,combined_5,True,dpcc-r,mix_visual_aligning.models.visual_mf_diffusion.VisualMeanFlow,8.0,0.5,4.0,True,cuda,logs/aligning-d3il-visual/plans/mix_visual_aligning_mf/H8_Dmix_visual_aligning.models.visual_mf_diffusion.VisualMeanFlow_a1.5_b1.0_aw1_VTrue_steps1000_bs64_filmv2_Emf_tslogit_normal/H8_K2_Meuler_T0.5_Dmix_visual_aligning.models.visual_mf_diffusion.VisualMeanFlow_VTrue_mpc4_filmv2_Emf/6,mix_visual_aligning_mf/H8_Dmix_visual_aligning.models.visual_mf_diffusion.VisualMeanFlow_a1.5_b1.0_aw1_VTrue_steps1000_bs64_filmv2_Emf_tslogit_normal,mf,,,
20,H8_K2_Meuler_T0.5_Dmix_visual_aligning.models.visual_mf_diffusion.VisualMeanFlow_VTrue_mpc4_filmv2_Emf,/data/home/llim/FMPCC/FM-PCC/logs/aligning-d3il-visual/plans/mix_visual_aligning_mf/H8_Dmix_visual_aligning.models.visual_mf_diffusion.VisualMeanFlow_a1.5_b1.0_aw1_VTrue_steps1000_bs64_filmv2_Emf_tslogit_normal/H8_K2_Meuler_T0.5_Dmix_visual_aligning.models.visual_mf_diffusion.VisualMeanFlow_VTrue_mpc4_filmv2_Emf,6,train,combined_5-tightened,combined_5,True,dpcc-t,mix_visual_aligning.models.visual_mf_diffusion.VisualMeanFlow,8.0,0.5,4.0,True,cuda,logs/aligning-d3il-visual/plans/mix_visual_aligning_mf/H8_Dmix_visual_aligning.models.visual_mf_diffusion.VisualMeanFlow_a1.5_b1.0_aw1_VTrue_steps1000_bs64_filmv2_Emf_tslogit_normal/H8_K2_Meuler_T0.5_Dmix_visual_aligning.models.visual_mf_diffusion.VisualMeanFlow_VTrue_mpc4_filmv2_Emf/6,mix_visual_aligning_mf/H8_Dmix_visual_aligning.models.visual_mf_diffusion.VisualMeanFlow_a1.5_b1.0_aw1_VTrue_steps1000_bs64_filmv2_Emf_tslogit_normal,mf,,,
20,H8_K2_Meuler_T0.5_Dmix_visual_aligning.models.visual_mf_diffusion.VisualMeanFlow_VTrue_mpc4_filmv2_Emf,/data/home/llim/FMPCC/FM-PCC/logs/aligning-d3il-visual/plans/mix_visual_aligning_mf/H8_Dmix_visual_aligning.models.visual_mf_diffusion.VisualMeanFlow_a1.5_b1.0_aw1_VTrue_steps1000_bs64_filmv2_Emf_tslogit_normal/H8_K2_Meuler_T0.5_Dmix_visual_aligning.models.visual_mf_diffusion.VisualMeanFlow_VTrue_mpc4_filmv2_Emf,6,train,combined_5-tightened,combined_5,True,geo_free,mix_visual_aligning.models.visual_mf_diffusion.VisualMeanFlow,8.0,0.5,4.0,True,cuda,logs/aligning-d3il-visual/plans/mix_visual_aligning_mf/H8_Dmix_visual_aligning.models.visual_mf_diffusion.VisualMeanFlow_a1.5_b1.0_aw1_VTrue_steps1000_bs64_filmv2_Emf_tslogit_normal/H8_K2_Meuler_T0.5_Dmix_visual_aligning.models.visual_mf_diffusion.VisualMeanFlow_VTrue_mpc4_filmv2_Emf/6,mix_visual_aligning_mf/H8_Dmix_visual_aligning.models.visual_mf_diffusion.VisualMeanFlow_a1.5_b1.0_aw1_VTrue_steps1000_bs64_filmv2_Emf_tslogit_normal,mf,,,
20,H8_K2_Meuler_T0.5_Dmix_visual_aligning.models.visual_mf_diffusion.VisualMeanFlow_VTrue_mpc4_filmv2_Emf,/data/home/llim/FMPCC/FM-PCC/logs/aligning-d3il-visual/plans/mix_visual_aligning_mf/H8_Dmix_visual_aligning.models.visual_mf_diffusion.VisualMeanFlow_a1.5_b1.0_aw1_VTrue_steps1000_bs64_filmv2_Emf_tslogit_normal/H8_K2_Meuler_T0.5_Dmix_visual_aligning.models.visual_mf_diffusion.VisualMeanFlow_VTrue_mpc4_filmv2_Emf,6,train,combined_5-tightened,combined_5,True,geo_free-bounds_free,mix_visual_aligning.models.visual_mf_diffusion.VisualMeanFlow,8.0,0.5,4.0,True,cuda,logs/aligning-d3il-visual/plans/mix_visual_aligning_mf/H8_Dmix_visual_aligning.models.visual_mf_diffusion.VisualMeanFlow_a1.5_b1.0_aw1_VTrue_steps1000_bs64_filmv2_Emf_tslogit_normal/H8_K2_Meuler_T0.5_Dmix_visual_aligning.models.visual_mf_diffusion.VisualMeanFlow_VTrue_mpc4_filmv2_Emf/6,mix_visual_aligning_mf/H8_Dmix_visual_aligning.models.visual_mf_diffusion.VisualMeanFlow_a1.5_b1.0_aw1_VTrue_steps1000_bs64_filmv2_Emf_tslogit_normal,mf,,,
20,H8_K2_Meuler_T0.5_Dmix_visual_aligning.models.visual_mf_diffusion.VisualMeanFlow_VTrue_mpc4_filmv2_Emf,/data/home/llim/FMPCC/FM-PCC/logs/aligning-d3il-visual/plans/mix_visual_aligning_mf/H8_Dmix_visual_aligning.models.visual_mf_diffusion.VisualMeanFlow_a1.5_b1.0_aw1_VTrue_steps1000_bs64_filmv2_Emf_tslogit_normal/H8_K2_Meuler_T0.5_Dmix_visual_aligning.models.visual_mf_diffusion.VisualMeanFlow_VTrue_mpc4_filmv2_Emf,6,train,combined_5-tightened,combined_5,True,geo_free-model_free,mix_visual_aligning.models.visual_mf_diffusion.VisualMeanFlow,8.0,0.5,4.0,True,cuda,logs/aligning-d3il-visual/plans/mix_visual_aligning_mf/H8_Dmix_visual_aligning.models.visual_mf_diffusion.VisualMeanFlow_a1.5_b1.0_aw1_VTrue_steps1000_bs64_filmv2_Emf_tslogit_normal/H8_K2_Meuler_T0.5_Dmix_visual_aligning.models.visual_mf_diffusion.VisualMeanFlow_VTrue_mpc4_filmv2_Emf/6,mix_visual_aligning_mf/H8_Dmix_visual_aligning.models.visual_mf_diffusion.VisualMeanFlow_a1.5_b1.0_aw1_VTrue_steps1000_bs64_filmv2_Emf_tslogit_normal,mf,,,
20,H8_K2_Meuler_T0.5_Dmix_visual_aligning.models.visual_mf_diffusion.VisualMeanFlow_VTrue_mpc4_filmv2_Emf,/data/home/llim/FMPCC/FM-PCC/logs/aligning-d3il-visual/plans/mix_visual_aligning_mf/H8_Dmix_visual_aligning.models.visual_mf_diffusion.VisualMeanFlow_a1.5_b1.0_aw1_VTrue_steps1000_bs64_filmv2_Emf_tslogit_normal/H8_K2_Meuler_T0.5_Dmix_visual_aligning.models.visual_mf_diffusion.VisualMeanFlow_VTrue_mpc4_filmv2_Emf,6,train,combined_5-tightened,combined_5,True,gradient,mix_visual_aligning.models.visual_mf_diffusion.VisualMeanFlow,8.0,0.5,4.0,True,cuda,logs/aligning-d3il-visual/plans/mix_visual_aligning_mf/H8_Dmix_visual_aligning.models.visual_mf_diffusion.VisualMeanFlow_a1.5_b1.0_aw1_VTrue_steps1000_bs64_filmv2_Emf_tslogit_normal/H8_K2_Meuler_T0.5_Dmix_visual_aligning.models.visual_mf_diffusion.VisualMeanFlow_VTrue_mpc4_filmv2_Emf/6,mix_visual_aligning_mf/H8_Dmix_visual_aligning.models.visual_mf_diffusion.VisualMeanFlow_a1.5_b1.0_aw1_VTrue_steps1000_bs64_filmv2_Emf_tslogit_normal,mf,,,
20,H8_K2_Meuler_T0.5_Dmix_visual_aligning.models.visual_mf_diffusion.VisualMeanFlow_VTrue_mpc4_filmv2_Emf,/data/home/llim/FMPCC/FM-PCC/logs/aligning-d3il-visual/plans/mix_visual_aligning_mf/H8_Dmix_visual_aligning.models.visual_mf_diffusion.VisualMeanFlow_a1.5_b1.0_aw1_VTrue_steps1000_bs64_filmv2_Emf_tslogit_normal/H8_K2_Meuler_T0.5_Dmix_visual_aligning.models.visual_mf_diffusion.VisualMeanFlow_VTrue_mpc4_filmv2_Emf,6,train,combined_5-tightened,combined_5,True,model_free,mix_visual_aligning.models.visual_mf_diffusion.VisualMeanFlow,8.0,0.5,4.0,True,cuda,logs/aligning-d3il-visual/plans/mix_visual_aligning_mf/H8_Dmix_visual_aligning.models.visual_mf_diffusion.VisualMeanFlow_a1.5_b1.0_aw1_VTrue_steps1000_bs64_filmv2_Emf_tslogit_normal/H8_K2_Meuler_T0.5_Dmix_visual_aligning.models.visual_mf_diffusion.VisualMeanFlow_VTrue_mpc4_filmv2_Emf/6,mix_visual_aligning_mf/H8_Dmix_visual_aligning.models.visual_mf_diffusion.VisualMeanFlow_a1.5_b1.0_aw1_VTrue_steps1000_bs64_filmv2_Emf_tslogit_normal,mf,,,
20,H8_K2_Meuler_T0.5_Dmix_visual_aligning.models.visual_mf_diffusion.VisualMeanFlow_VTrue_mpc4_filmv2_Emf,/data/home/llim/FMPCC/FM-PCC/logs/aligning-d3il-visual/plans/mix_visual_aligning_mf/H8_Dmix_visual_aligning.models.visual_mf_diffusion.VisualMeanFlow_a1.5_b1.0_aw1_VTrue_steps1000_bs64_filmv2_Emf_tslogit_normal/H8_K2_Meuler_T0.5_Dmix_visual_aligning.models.visual_mf_diffusion.VisualMeanFlow_VTrue_mpc4_filmv2_Emf,6,train,combined_5-tightened,combined_5,True,model_free-bounds_free,mix_visual_aligning.models.visual_mf_diffusion.VisualMeanFlow,8.0,0.5,4.0,True,cuda,logs/aligning-d3il-visual/plans/mix_visual_aligning_mf/H8_Dmix_visual_aligning.models.visual_mf_diffusion.VisualMeanFlow_a1.5_b1.0_aw1_VTrue_steps1000_bs64_filmv2_Emf_tslogit_normal/H8_K2_Meuler_T0.5_Dmix_visual_aligning.models.visual_mf_diffusion.VisualMeanFlow_VTrue_mpc4_filmv2_Emf/6,mix_visual_aligning_mf/H8_Dmix_visual_aligning.models.visual_mf_diffusion.VisualMeanFlow_a1.5_b1.0_aw1_VTrue_steps1000_bs64_filmv2_Emf_tslogit_normal,mf,,,
20,H8_K2_Meuler_T0.5_Dmix_visual_aligning.models.visual_mf_diffusion.VisualMeanFlow_VTrue_mpc4_filmv2_Emf,/data/home/llim/FMPCC/FM-PCC/logs/aligning-d3il-visual/plans/mix_visual_aligning_mf/H8_Dmix_visual_aligning.models.visual_mf_diffusion.VisualMeanFlow_a1.5_b1.0_aw1_VTrue_steps1000_bs64_filmv2_Emf_tslogit_normal/H8_K2_Meuler_T0.5_Dmix_visual_aligning.models.visual_mf_diffusion.VisualMeanFlow_VTrue_mpc4_filmv2_Emf,6,train,combined_5-tightened,combined_5,True,post_processing,mix_visual_aligning.models.visual_mf_diffusion.VisualMeanFlow,8.0,0.5,4.0,True,cuda,logs/aligning-d3il-visual/plans/mix_visual_aligning_mf/H8_Dmix_visual_aligning.models.visual_mf_diffusion.VisualMeanFlow_a1.5_b1.0_aw1_VTrue_steps1000_bs64_filmv2_Emf_tslogit_normal/H8_K2_Meuler_T0.5_Dmix_visual_aligning.models.visual_mf_diffusion.VisualMeanFlow_VTrue_mpc4_filmv2_Emf/6,mix_visual_aligning_mf/H8_Dmix_visual_aligning.models.visual_mf_diffusion.VisualMeanFlow_a1.5_b1.0_aw1_VTrue_steps1000_bs64_filmv2_Emf_tslogit_normal,mf,,,
21,H8_K20_T0.5_Ddiffuser_visual_aligning.models.visual_gaussian_diffusion.VisualGaussianDiffusion_VTrue_steps400_mpc4_filmv2,/data/home/llim/FMPCC/FM-PCC/logs/aligning-d3il-visual/plans/visual_aligning_dpcc/H8_K20_Ddiffuser_visual_aligning.models.visual_gaussian_diffusion.VisualGaussianDiffusion_aw10_VTrue_steps1000_bs64_filmv2/H8_K20_T0.5_Ddiffuser_visual_aligning.models.visual_gaussian_diffusion.VisualGaussianDiffusion_VTrue_steps400_mpc4_filmv2,6,test,combined_5,combined_5,False,diffuser,diffuser_visual_aligning.models.visual_gaussian_diffusion.VisualGaussianDiffusion,8.0,0.5,4.0,True,cuda,logs/aligning-d3il-visual/plans/visual_aligning_dpcc/H8_K20_Ddiffuser_visual_aligning.models.visual_gaussian_diffusion.VisualGaussianDiffusion_aw10_VTrue_steps1000_bs64_filmv2/H8_K20_T0.5_Ddiffuser_visual_aligning.models.visual_gaussian_diffusion.VisualGaussianDiffusion_VTrue_steps400_mpc4_filmv2/6,visual_aligning_dpcc/H8_K20_Ddiffuser_visual_aligning.models.visual_gaussian_diffusion.VisualGaussianDiffusion_aw10_VTrue_steps1000_bs64_filmv2,,20.0,,
21,H8_K20_T0.5_Ddiffuser_visual_aligning.models.visual_gaussian_diffusion.VisualGaussianDiffusion_VTrue_steps400_mpc4_filmv2,/data/home/llim/FMPCC/FM-PCC/logs/aligning-d3il-visual/plans/visual_aligning_dpcc/H8_K20_Ddiffuser_visual_aligning.models.visual_gaussian_diffusion.VisualGaussianDiffusion_aw10_VTrue_steps1000_bs64_filmv2/H8_K20_T0.5_Ddiffuser_visual_aligning.models.visual_gaussian_diffusion.VisualGaussianDiffusion_VTrue_steps400_mpc4_filmv2,6,test,combined_5,combined_5,False,dpcc-c,diffuser_visual_aligning.models.visual_gaussian_diffusion.VisualGaussianDiffusion,8.0,0.5,4.0,True,cuda,logs/aligning-d3il-visual/plans/visual_aligning_dpcc/H8_K20_Ddiffuser_visual_aligning.models.visual_gaussian_diffusion.VisualGaussianDiffusion_aw10_VTrue_steps1000_bs64_filmv2/H8_K20_T0.5_Ddiffuser_visual_aligning.models.visual_gaussian_diffusion.VisualGaussianDiffusion_VTrue_steps400_mpc4_filmv2/6,visual_aligning_dpcc/H8_K20_Ddiffuser_visual_aligning.models.visual_gaussian_diffusion.VisualGaussianDiffusion_aw10_VTrue_steps1000_bs64_filmv2,,20.0,,
21,H8_K20_T0.5_Ddiffuser_visual_aligning.models.visual_gaussian_diffusion.VisualGaussianDiffusion_VTrue_steps400_mpc4_filmv2,/data/home/llim/FMPCC/FM-PCC/logs/aligning-d3il-visual/plans/visual_aligning_dpcc/H8_K20_Ddiffuser_visual_aligning.models.visual_gaussian_diffusion.VisualGaussianDiffusion_aw10_VTrue_steps1000_bs64_filmv2/H8_K20_T0.5_Ddiffuser_visual_aligning.models.visual_gaussian_diffusion.VisualGaussianDiffusion_VTrue_steps400_mpc4_filmv2,6,test,combined_5,combined_5,False,dpcc-r,diffuser_visual_aligning.models.visual_gaussian_diffusion.VisualGaussianDiffusion,8.0,0.5,4.0,True,cuda,logs/aligning-d3il-visual/plans/visual_aligning_dpcc/H8_K20_Ddiffuser_visual_aligning.models.visual_gaussian_diffusion.VisualGaussianDiffusion_aw10_VTrue_steps1000_bs64_filmv2/H8_K20_T0.5_Ddiffuser_visual_aligning.models.visual_gaussian_diffusion.VisualGaussianDiffusion_VTrue_steps400_mpc4_filmv2/6,visual_aligning_dpcc/H8_K20_Ddiffuser_visual_aligning.models.visual_gaussian_diffusion.VisualGaussianDiffusion_aw10_VTrue_steps1000_bs64_filmv2,,20.0,,
21,H8_K20_T0.5_Ddiffuser_visual_aligning.models.visual_gaussian_diffusion.VisualGaussianDiffusion_VTrue_steps400_mpc4_filmv2,/data/home/llim/FMPCC/FM-PCC/logs/aligning-d3il-visual/plans/visual_aligning_dpcc/H8_K20_Ddiffuser_visual_aligning.models.visual_gaussian_diffusion.VisualGaussianDiffusion_aw10_VTrue_steps1000_bs64_filmv2/H8_K20_T0.5_Ddiffuser_visual_aligning.models.visual_gaussian_diffusion.VisualGaussianDiffusion_VTrue_steps400_mpc4_filmv2,6,test,combined_5,combined_5,False,dpcc-t,diffuser_visual_aligning.models.visual_gaussian_diffusion.VisualGaussianDiffusion,8.0,0.5,4.0,True,cuda,logs/aligning-d3il-visual/plans/visual_aligning_dpcc/H8_K20_Ddiffuser_visual_aligning.models.visual_gaussian_diffusion.VisualGaussianDiffusion_aw10_VTrue_steps1000_bs64_filmv2/H8_K20_T0.5_Ddiffuser_visual_aligning.models.visual_gaussian_diffusion.VisualGaussianDiffusion_VTrue_steps400_mpc4_filmv2/6,visual_aligning_dpcc/H8_K20_Ddiffuser_visual_aligning.models.visual_gaussian_diffusion.VisualGaussianDiffusion_aw10_VTrue_steps1000_bs64_filmv2,,20.0,,
21,H8_K20_T0.5_Ddiffuser_visual_aligning.models.visual_gaussian_diffusion.VisualGaussianDiffusion_VTrue_steps400_mpc4_filmv2,/data/home/llim/FMPCC/FM-PCC/logs/aligning-d3il-visual/plans/visual_aligning_dpcc/H8_K20_Ddiffuser_visual_aligning.models.visual_gaussian_diffusion.VisualGaussianDiffusion_aw10_VTrue_steps1000_bs64_filmv2/H8_K20_T0.5_Ddiffuser_visual_aligning.models.visual_gaussian_diffusion.VisualGaussianDiffusion_VTrue_steps400_mpc4_filmv2,6,test,combined_5,combined_5,False,gradient,diffuser_visual_aligning.models.visual_gaussian_diffusion.VisualGaussianDiffusion,8.0,0.5,4.0,True,cuda,logs/aligning-d3il-visual/plans/visual_aligning_dpcc/H8_K20_Ddiffuser_visual_aligning.models.visual_gaussian_diffusion.VisualGaussianDiffusion_aw10_VTrue_steps1000_bs64_filmv2/H8_K20_T0.5_Ddiffuser_visual_aligning.models.visual_gaussian_diffusion.VisualGaussianDiffusion_VTrue_steps400_mpc4_filmv2/6,visual_aligning_dpcc/H8_K20_Ddiffuser_visual_aligning.models.visual_gaussian_diffusion.VisualGaussianDiffusion_aw10_VTrue_steps1000_bs64_filmv2,,20.0,,
21,H8_K20_T0.5_Ddiffuser_visual_aligning.models.visual_gaussian_diffusion.VisualGaussianDiffusion_VTrue_steps400_mpc4_filmv2,/data/home/llim/FMPCC/FM-PCC/logs/aligning-d3il-visual/plans/visual_aligning_dpcc/H8_K20_Ddiffuser_visual_aligning.models.visual_gaussian_diffusion.VisualGaussianDiffusion_aw10_VTrue_steps1000_bs64_filmv2/H8_K20_T0.5_Ddiffuser_visual_aligning.models.visual_gaussian_diffusion.VisualGaussianDiffusion_VTrue_steps400_mpc4_filmv2,6,test,combined_5,combined_5,False,post_processing,diffuser_visual_aligning.models.visual_gaussian_diffusion.VisualGaussianDiffusion,8.0,0.5,4.0,True,cuda,logs/aligning-d3il-visual/plans/visual_aligning_dpcc/H8_K20_Ddiffuser_visual_aligning.models.visual_gaussian_diffusion.VisualGaussianDiffusion_aw10_VTrue_steps1000_bs64_filmv2/H8_K20_T0.5_Ddiffuser_visual_aligning.models.visual_gaussian_diffusion.VisualGaussianDiffusion_VTrue_steps400_mpc4_filmv2/6,visual_aligning_dpcc/H8_K20_Ddiffuser_visual_aligning.models.visual_gaussian_diffusion.VisualGaussianDiffusion_aw10_VTrue_steps1000_bs64_filmv2,,20.0,,
21,H8_K20_T0.5_Ddiffuser_visual_aligning.models.visual_gaussian_diffusion.VisualGaussianDiffusion_VTrue_steps400_mpc4_filmv2,/data/home/llim/FMPCC/FM-PCC/logs/aligning-d3il-visual/plans/visual_aligning_dpcc/H8_K20_Ddiffuser_visual_aligning.models.visual_gaussian_diffusion.VisualGaussianDiffusion_aw10_VTrue_steps1000_bs64_filmv2/H8_K20_T0.5_Ddiffuser_visual_aligning.models.visual_gaussian_diffusion.VisualGaussianDiffusion_VTrue_steps400_mpc4_filmv2,6,train,combined_5,combined_5,False,bounds_free,diffuser_visual_aligning.models.visual_gaussian_diffusion.VisualGaussianDiffusion,8.0,0.5,4.0,True,cuda,logs/aligning-d3il-visual/plans/visual_aligning_dpcc/H8_K20_Ddiffuser_visual_aligning.models.visual_gaussian_diffusion.VisualGaussianDiffusion_aw10_VTrue_steps1000_bs64_filmv2/H8_K20_T0.5_Ddiffuser_visual_aligning.models.visual_gaussian_diffusion.VisualGaussianDiffusion_VTrue_steps400_mpc4_filmv2/6,visual_aligning_dpcc/H8_K20_Ddiffuser_visual_aligning.models.visual_gaussian_diffusion.VisualGaussianDiffusion_aw10_VTrue_steps1000_bs64_filmv2,,20.0,,
21,H8_K20_T0.5_Ddiffuser_visual_aligning.models.visual_gaussian_diffusion.VisualGaussianDiffusion_VTrue_steps400_mpc4_filmv2,/data/home/llim/FMPCC/FM-PCC/logs/aligning-d3il-visual/plans/visual_aligning_dpcc/H8_K20_Ddiffuser_visual_aligning.models.visual_gaussian_diffusion.VisualGaussianDiffusion_aw10_VTrue_steps1000_bs64_filmv2/H8_K20_T0.5_Ddiffuser_visual_aligning.models.visual_gaussian_diffusion.VisualGaussianDiffusion_VTrue_steps400_mpc4_filmv2,6,train,combined_5,combined_5,False,diffuser,diffuser_visual_aligning.models.visual_gaussian_diffusion.VisualGaussianDiffusion,8.0,0.5,4.0,True,cuda,logs/aligning-d3il-visual/plans/visual_aligning_dpcc/H8_K20_Ddiffuser_visual_aligning.models.visual_gaussian_diffusion.VisualGaussianDiffusion_aw10_VTrue_steps1000_bs64_filmv2/H8_K20_T0.5_Ddiffuser_visual_aligning.models.visual_gaussian_diffusion.VisualGaussianDiffusion_VTrue_steps400_mpc4_filmv2/6,visual_aligning_dpcc/H8_K20_Ddiffuser_visual_aligning.models.visual_gaussian_diffusion.VisualGaussianDiffusion_aw10_VTrue_steps1000_bs64_filmv2,,20.0,,
21,H8_K20_T0.5_Ddiffuser_visual_aligning.models.visual_gaussian_diffusion.VisualGaussianDiffusion_VTrue_steps400_mpc4_filmv2,/data/home/llim/FMPCC/FM-PCC/logs/aligning-d3il-visual/plans/visual_aligning_dpcc/H8_K20_Ddiffuser_visual_aligning.models.visual_gaussian_diffusion.VisualGaussianDiffusion_aw10_VTrue_steps1000_bs64_filmv2/H8_K20_T0.5_Ddiffuser_visual_aligning.models.visual_gaussian_diffusion.VisualGaussianDiffusion_VTrue_steps400_mpc4_filmv2,6,train,combined_5,combined_5,False,dpcc-c,diffuser_visual_aligning.models.visual_gaussian_diffusion.VisualGaussianDiffusion,8.0,0.5,4.0,True,cuda,logs/aligning-d3il-visual/plans/visual_aligning_dpcc/H8_K20_Ddiffuser_visual_aligning.models.visual_gaussian_diffusion.VisualGaussianDiffusion_aw10_VTrue_steps1000_bs64_filmv2/H8_K20_T0.5_Ddiffuser_visual_aligning.models.visual_gaussian_diffusion.VisualGaussianDiffusion_VTrue_steps400_mpc4_filmv2/6,visual_aligning_dpcc/H8_K20_Ddiffuser_visual_aligning.models.visual_gaussian_diffusion.VisualGaussianDiffusion_aw10_VTrue_steps1000_bs64_filmv2,,20.0,,
21,H8_K20_T0.5_Ddiffuser_visual_aligning.models.visual_gaussian_diffusion.VisualGaussianDiffusion_VTrue_steps400_mpc4_filmv2,/data/home/llim/FMPCC/FM-PCC/logs/aligning-d3il-visual/plans/visual_aligning_dpcc/H8_K20_Ddiffuser_visual_aligning.models.visual_gaussian_diffusion.VisualGaussianDiffusion_aw10_VTrue_steps1000_bs64_filmv2/H8_K20_T0.5_Ddiffuser_visual_aligning.models.visual_gaussian_diffusion.VisualGaussianDiffusion_VTrue_steps400_mpc4_filmv2,6,train,combined_5,combined_5,False,dpcc-c-dt0p25,diffuser_visual_aligning.models.visual_gaussian_diffusion.VisualGaussianDiffusion,8.0,0.5,4.0,True,cuda,logs/aligning-d3il-visual/plans/visual_aligning_dpcc/H8_K20_Ddiffuser_visual_aligning.models.visual_gaussian_diffusion.VisualGaussianDiffusion_aw10_VTrue_steps1000_bs64_filmv2/H8_K20_T0.5_Ddiffuser_visual_aligning.models.visual_gaussian_diffusion.VisualGaussianDiffusion_VTrue_steps400_mpc4_filmv2/6,visual_aligning_dpcc/H8_K20_Ddiffuser_visual_aligning.models.visual_gaussian_diffusion.VisualGaussianDiffusion_aw10_VTrue_steps1000_bs64_filmv2,,20.0,,
21,H8_K20_T0.5_Ddiffuser_visual_aligning.models.visual_gaussian_diffusion.VisualGaussianDiffusion_VTrue_steps400_mpc4_filmv2,/data/home/llim/FMPCC/FM-PCC/logs/aligning-d3il-visual/plans/visual_aligning_dpcc/H8_K20_Ddiffuser_visual_aligning.models.visual_gaussian_diffusion.VisualGaussianDiffusion_aw10_VTrue_steps1000_bs64_filmv2/H8_K20_T0.5_Ddiffuser_visual_aligning.models.visual_gaussian_diffusion.VisualGaussianDiffusion_VTrue_steps400_mpc4_filmv2,6,train,combined_5,combined_5,False,dpcc-c-dt0p5,diffuser_visual_aligning.models.visual_gaussian_diffusion.VisualGaussianDiffusion,8.0,0.5,4.0,True,cuda,logs/aligning-d3il-visual/plans/visual_aligning_dpcc/H8_K20_Ddiffuser_visual_aligning.models.visual_gaussian_diffusion.VisualGaussianDiffusion_aw10_VTrue_steps1000_bs64_filmv2/H8_K20_T0.5_Ddiffuser_visual_aligning.models.visual_gaussian_diffusion.VisualGaussianDiffusion_VTrue_steps400_mpc4_filmv2/6,visual_aligning_dpcc/H8_K20_Ddiffuser_visual_aligning.models.visual_gaussian_diffusion.VisualGaussianDiffusion_aw10_VTrue_steps1000_bs64_filmv2,,20.0,,
21,H8_K20_T0.5_Ddiffuser_visual_aligning.models.visual_gaussian_diffusion.VisualGaussianDiffusion_VTrue_steps400_mpc4_filmv2,/data/home/llim/FMPCC/FM-PCC/logs/aligning-d3il-visual/plans/visual_aligning_dpcc/H8_K20_Ddiffuser_visual_aligning.models.visual_gaussian_diffusion.VisualGaussianDiffusion_aw10_VTrue_steps1000_bs64_filmv2/H8_K20_T0.5_Ddiffuser_visual_aligning.models.visual_gaussian_diffusion.VisualGaussianDiffusion_VTrue_steps400_mpc4_filmv2,6,train,combined_5,combined_5,False,dpcc-c-dt2p0,diffuser_visual_aligning.models.visual_gaussian_diffusion.VisualGaussianDiffusion,8.0,0.5,4.0,True,cuda,logs/aligning-d3il-visual/plans/visual_aligning_dpcc/H8_K20_Ddiffuser_visual_aligning.models.visual_gaussian_diffusion.VisualGaussianDiffusion_aw10_VTrue_steps1000_bs64_filmv2/H8_K20_T0.5_Ddiffuser_visual_aligning.models.visual_gaussian_diffusion.VisualGaussianDiffusion_VTrue_steps400_mpc4_filmv2/6,visual_aligning_dpcc/H8_K20_Ddiffuser_visual_aligning.models.visual_gaussian_diffusion.VisualGaussianDiffusion_aw10_VTrue_steps1000_bs64_filmv2,,20.0,,
21,H8_K20_T0.5_Ddiffuser_visual_aligning.models.visual_gaussian_diffusion.VisualGaussianDiffusion_VTrue_steps400_mpc4_filmv2,/data/home/llim/FMPCC/FM-PCC/logs/aligning-d3il-visual/plans/visual_aligning_dpcc/H8_K20_Ddiffuser_visual_aligning.models.visual_gaussian_diffusion.VisualGaussianDiffusion_aw10_VTrue_steps1000_bs64_filmv2/H8_K20_T0.5_Ddiffuser_visual_aligning.models.visual_gaussian_diffusion.VisualGaussianDiffusion_VTrue_steps400_mpc4_filmv2,6,train,combined_5,combined_5,False,dpcc-c-dt4p0,diffuser_visual_aligning.models.visual_gaussian_diffusion.VisualGaussianDiffusion,8.0,0.5,4.0,True,cuda,logs/aligning-d3il-visual/plans/visual_aligning_dpcc/H8_K20_Ddiffuser_visual_aligning.models.visual_gaussian_diffusion.VisualGaussianDiffusion_aw10_VTrue_steps1000_bs64_filmv2/H8_K20_T0.5_Ddiffuser_visual_aligning.models.visual_gaussian_diffusion.VisualGaussianDiffusion_VTrue_steps400_mpc4_filmv2/6,visual_aligning_dpcc/H8_K20_Ddiffuser_visual_aligning.models.visual_gaussian_diffusion.VisualGaussianDiffusion_aw10_VTrue_steps1000_bs64_filmv2,,20.0,,
21,H8_K20_T0.5_Ddiffuser_visual_aligning.models.visual_gaussian_diffusion.VisualGaussianDiffusion_VTrue_steps400_mpc4_filmv2,/data/home/llim/FMPCC/FM-PCC/logs/aligning-d3il-visual/plans/visual_aligning_dpcc/H8_K20_Ddiffuser_visual_aligning.models.visual_gaussian_diffusion.VisualGaussianDiffusion_aw10_VTrue_steps1000_bs64_filmv2/H8_K20_T0.5_Ddiffuser_visual_aligning.models.visual_gaussian_diffusion.VisualGaussianDiffusion_VTrue_steps400_mpc4_filmv2,6,train,combined_5,combined_5,False,dpcc-r,diffuser_visual_aligning.models.visual_gaussian_diffusion.VisualGaussianDiffusion,8.0,0.5,4.0,True,cuda,logs/aligning-d3il-visual/plans/visual_aligning_dpcc/H8_K20_Ddiffuser_visual_aligning.models.visual_gaussian_diffusion.VisualGaussianDiffusion_aw10_VTrue_steps1000_bs64_filmv2/H8_K20_T0.5_Ddiffuser_visual_aligning.models.visual_gaussian_diffusion.VisualGaussianDiffusion_VTrue_steps400_mpc4_filmv2/6,visual_aligning_dpcc/H8_K20_Ddiffuser_visual_aligning.models.visual_gaussian_diffusion.VisualGaussianDiffusion_aw10_VTrue_steps1000_bs64_filmv2,,20.0,,
21,H8_K20_T0.5_Ddiffuser_visual_aligning.models.visual_gaussian_diffusion.VisualGaussianDiffusion_VTrue_steps400_mpc4_filmv2,/data/home/llim/FMPCC/FM-PCC/logs/aligning-d3il-visual/plans/visual_aligning_dpcc/H8_K20_Ddiffuser_visual_aligning.models.visual_gaussian_diffusion.VisualGaussianDiffusion_aw10_VTrue_steps1000_bs64_filmv2/H8_K20_T0.5_Ddiffuser_visual_aligning.models.visual_gaussian_diffusion.VisualGaussianDiffusion_VTrue_steps400_mpc4_filmv2,6,train,combined_5,combined_5,False,dpcc-t,diffuser_visual_aligning.models.visual_gaussian_diffusion.VisualGaussianDiffusion,8.0,0.5,4.0,True,cuda,logs/aligning-d3il-visual/plans/visual_aligning_dpcc/H8_K20_Ddiffuser_visual_aligning.models.visual_gaussian_diffusion.VisualGaussianDiffusion_aw10_VTrue_steps1000_bs64_filmv2/H8_K20_T0.5_Ddiffuser_visual_aligning.models.visual_gaussian_diffusion.VisualGaussianDiffusion_VTrue_steps400_mpc4_filmv2/6,visual_aligning_dpcc/H8_K20_Ddiffuser_visual_aligning.models.visual_gaussian_diffusion.VisualGaussianDiffusion_aw10_VTrue_steps1000_bs64_filmv2,,20.0,,
21,H8_K20_T0.5_Ddiffuser_visual_aligning.models.visual_gaussian_diffusion.VisualGaussianDiffusion_VTrue_steps400_mpc4_filmv2,/data/home/llim/FMPCC/FM-PCC/logs/aligning-d3il-visual/plans/visual_aligning_dpcc/H8_K20_Ddiffuser_visual_aligning.models.visual_gaussian_diffusion.VisualGaussianDiffusion_aw10_VTrue_steps1000_bs64_filmv2/H8_K20_T0.5_Ddiffuser_visual_aligning.models.visual_gaussian_diffusion.VisualGaussianDiffusion_VTrue_steps400_mpc4_filmv2,6,train,combined_5,combined_5,False,geo_free,diffuser_visual_aligning.models.visual_gaussian_diffusion.VisualGaussianDiffusion,8.0,0.5,4.0,True,cuda,logs/aligning-d3il-visual/plans/visual_aligning_dpcc/H8_K20_Ddiffuser_visual_aligning.models.visual_gaussian_diffusion.VisualGaussianDiffusion_aw10_VTrue_steps1000_bs64_filmv2/H8_K20_T0.5_Ddiffuser_visual_aligning.models.visual_gaussian_diffusion.VisualGaussianDiffusion_VTrue_steps400_mpc4_filmv2/6,visual_aligning_dpcc/H8_K20_Ddiffuser_visual_aligning.models.visual_gaussian_diffusion.VisualGaussianDiffusion_aw10_VTrue_steps1000_bs64_filmv2,,20.0,,
21,H8_K20_T0.5_Ddiffuser_visual_aligning.models.visual_gaussian_diffusion.VisualGaussianDiffusion_VTrue_steps400_mpc4_filmv2,/data/home/llim/FMPCC/FM-PCC/logs/aligning-d3il-visual/plans/visual_aligning_dpcc/H8_K20_Ddiffuser_visual_aligning.models.visual_gaussian_diffusion.VisualGaussianDiffusion_aw10_VTrue_steps1000_bs64_filmv2/H8_K20_T0.5_Ddiffuser_visual_aligning.models.visual_gaussian_diffusion.VisualGaussianDiffusion_VTrue_steps400_mpc4_filmv2,6,train,combined_5,combined_5,False,geo_free-bounds_free,diffuser_visual_aligning.models.visual_gaussian_diffusion.VisualGaussianDiffusion,8.0,0.5,4.0,True,cuda,logs/aligning-d3il-visual/plans/visual_aligning_dpcc/H8_K20_Ddiffuser_visual_aligning.models.visual_gaussian_diffusion.VisualGaussianDiffusion_aw10_VTrue_steps1000_bs64_filmv2/H8_K20_T0.5_Ddiffuser_visual_aligning.models.visual_gaussian_diffusion.VisualGaussianDiffusion_VTrue_steps400_mpc4_filmv2/6,visual_aligning_dpcc/H8_K20_Ddiffuser_visual_aligning.models.visual_gaussian_diffusion.VisualGaussianDiffusion_aw10_VTrue_steps1000_bs64_filmv2,,20.0,,
21,H8_K20_T0.5_Ddiffuser_visual_aligning.models.visual_gaussian_diffusion.VisualGaussianDiffusion_VTrue_steps400_mpc4_filmv2,/data/home/llim/FMPCC/FM-PCC/logs/aligning-d3il-visual/plans/visual_aligning_dpcc/H8_K20_Ddiffuser_visual_aligning.models.visual_gaussian_diffusion.VisualGaussianDiffusion_aw10_VTrue_steps1000_bs64_filmv2/H8_K20_T0.5_Ddiffuser_visual_aligning.models.visual_gaussian_diffusion.VisualGaussianDiffusion_VTrue_steps400_mpc4_filmv2,6,train,combined_5,combined_5,False,geo_free-model_free,diffuser_visual_aligning.models.visual_gaussian_diffusion.VisualGaussianDiffusion,8.0,0.5,4.0,True,cuda,logs/aligning-d3il-visual/plans/visual_aligning_dpcc/H8_K20_Ddiffuser_visual_aligning.models.visual_gaussian_diffusion.VisualGaussianDiffusion_aw10_VTrue_steps1000_bs64_filmv2/H8_K20_T0.5_Ddiffuser_visual_aligning.models.visual_gaussian_diffusion.VisualGaussianDiffusion_VTrue_steps400_mpc4_filmv2/6,visual_aligning_dpcc/H8_K20_Ddiffuser_visual_aligning.models.visual_gaussian_diffusion.VisualGaussianDiffusion_aw10_VTrue_steps1000_bs64_filmv2,,20.0,,
21,H8_K20_T0.5_Ddiffuser_visual_aligning.models.visual_gaussian_diffusion.VisualGaussianDiffusion_VTrue_steps400_mpc4_filmv2,/data/home/llim/FMPCC/FM-PCC/logs/aligning-d3il-visual/plans/visual_aligning_dpcc/H8_K20_Ddiffuser_visual_aligning.models.visual_gaussian_diffusion.VisualGaussianDiffusion_aw10_VTrue_steps1000_bs64_filmv2/H8_K20_T0.5_Ddiffuser_visual_aligning.models.visual_gaussian_diffusion.VisualGaussianDiffusion_VTrue_steps400_mpc4_filmv2,6,train,combined_5,combined_5,False,gradient,diffuser_visual_aligning.models.visual_gaussian_diffusion.VisualGaussianDiffusion,8.0,0.5,4.0,True,cuda,logs/aligning-d3il-visual/plans/visual_aligning_dpcc/H8_K20_Ddiffuser_visual_aligning.models.visual_gaussian_diffusion.VisualGaussianDiffusion_aw10_VTrue_steps1000_bs64_filmv2/H8_K20_T0.5_Ddiffuser_visual_aligning.models.visual_gaussian_diffusion.VisualGaussianDiffusion_VTrue_steps400_mpc4_filmv2/6,visual_aligning_dpcc/H8_K20_Ddiffuser_visual_aligning.models.visual_gaussian_diffusion.VisualGaussianDiffusion_aw10_VTrue_steps1000_bs64_filmv2,,20.0,,
21,H8_K20_T0.5_Ddiffuser_visual_aligning.models.visual_gaussian_diffusion.VisualGaussianDiffusion_VTrue_steps400_mpc4_filmv2,/data/home/llim/FMPCC/FM-PCC/logs/aligning-d3il-visual/plans/visual_aligning_dpcc/H8_K20_Ddiffuser_visual_aligning.models.visual_gaussian_diffusion.VisualGaussianDiffusion_aw10_VTrue_steps1000_bs64_filmv2/H8_K20_T0.5_Ddiffuser_visual_aligning.models.visual_gaussian_diffusion.VisualGaussianDiffusion_VTrue_steps400_mpc4_filmv2,6,train,combined_5,combined_5,False,model_free,diffuser_visual_aligning.models.visual_gaussian_diffusion.VisualGaussianDiffusion,8.0,0.5,4.0,True,cuda,logs/aligning-d3il-visual/plans/visual_aligning_dpcc/H8_K20_Ddiffuser_visual_aligning.models.visual_gaussian_diffusion.VisualGaussianDiffusion_aw10_VTrue_steps1000_bs64_filmv2/H8_K20_T0.5_Ddiffuser_visual_aligning.models.visual_gaussian_diffusion.VisualGaussianDiffusion_VTrue_steps400_mpc4_filmv2/6,visual_aligning_dpcc/H8_K20_Ddiffuser_visual_aligning.models.visual_gaussian_diffusion.VisualGaussianDiffusion_aw10_VTrue_steps1000_bs64_filmv2,,20.0,,
21,H8_K20_T0.5_Ddiffuser_visual_aligning.models.visual_gaussian_diffusion.VisualGaussianDiffusion_VTrue_steps400_mpc4_filmv2,/data/home/llim/FMPCC/FM-PCC/logs/aligning-d3il-visual/plans/visual_aligning_dpcc/H8_K20_Ddiffuser_visual_aligning.models.visual_gaussian_diffusion.VisualGaussianDiffusion_aw10_VTrue_steps1000_bs64_filmv2/H8_K20_T0.5_Ddiffuser_visual_aligning.models.visual_gaussian_diffusion.VisualGaussianDiffusion_VTrue_steps400_mpc4_filmv2,6,train,combined_5,combined_5,False,post_processing,diffuser_visual_aligning.models.visual_gaussian_diffusion.VisualGaussianDiffusion,8.0,0.5,4.0,True,cuda,logs/aligning-d3il-visual/plans/visual_aligning_dpcc/H8_K20_Ddiffuser_visual_aligning.models.visual_gaussian_diffusion.VisualGaussianDiffusion_aw10_VTrue_steps1000_bs64_filmv2/H8_K20_T0.5_Ddiffuser_visual_aligning.models.visual_gaussian_diffusion.VisualGaussianDiffusion_VTrue_steps400_mpc4_filmv2/6,visual_aligning_dpcc/H8_K20_Ddiffuser_visual_aligning.models.visual_gaussian_diffusion.VisualGaussianDiffusion_aw10_VTrue_steps1000_bs64_filmv2,,20.0,,
21,H8_K20_T0.5_Ddiffuser_visual_aligning.models.visual_gaussian_diffusion.VisualGaussianDiffusion_VTrue_steps400_mpc4_filmv2,/data/home/llim/FMPCC/FM-PCC/logs/aligning-d3il-visual/plans/visual_aligning_dpcc/H8_K20_Ddiffuser_visual_aligning.models.visual_gaussian_diffusion.VisualGaussianDiffusion_aw10_VTrue_steps1000_bs64_filmv2/H8_K20_T0.5_Ddiffuser_visual_aligning.models.visual_gaussian_diffusion.VisualGaussianDiffusion_VTrue_steps400_mpc4_filmv2,6,train,combined_5-tightened,combined_5,True,bounds_free,diffuser_visual_aligning.models.visual_gaussian_diffusion.VisualGaussianDiffusion,8.0,0.5,4.0,True,cuda,logs/aligning-d3il-visual/plans/visual_aligning_dpcc/H8_K20_Ddiffuser_visual_aligning.models.visual_gaussian_diffusion.VisualGaussianDiffusion_aw10_VTrue_steps1000_bs64_filmv2/H8_K20_T0.5_Ddiffuser_visual_aligning.models.visual_gaussian_diffusion.VisualGaussianDiffusion_VTrue_steps400_mpc4_filmv2/6,visual_aligning_dpcc/H8_K20_Ddiffuser_visual_aligning.models.visual_gaussian_diffusion.VisualGaussianDiffusion_aw10_VTrue_steps1000_bs64_filmv2,,20.0,,
21,H8_K20_T0.5_Ddiffuser_visual_aligning.models.visual_gaussian_diffusion.VisualGaussianDiffusion_VTrue_steps400_mpc4_filmv2,/data/home/llim/FMPCC/FM-PCC/logs/aligning-d3il-visual/plans/visual_aligning_dpcc/H8_K20_Ddiffuser_visual_aligning.models.visual_gaussian_diffusion.VisualGaussianDiffusion_aw10_VTrue_steps1000_bs64_filmv2/H8_K20_T0.5_Ddiffuser_visual_aligning.models.visual_gaussian_diffusion.VisualGaussianDiffusion_VTrue_steps400_mpc4_filmv2,6,train,combined_5-tightened,combined_5,True,diffuser,diffuser_visual_aligning.models.visual_gaussian_diffusion.VisualGaussianDiffusion,8.0,0.5,4.0,True,cuda,logs/aligning-d3il-visual/plans/visual_aligning_dpcc/H8_K20_Ddiffuser_visual_aligning.models.visual_gaussian_diffusion.VisualGaussianDiffusion_aw10_VTrue_steps1000_bs64_filmv2/H8_K20_T0.5_Ddiffuser_visual_aligning.models.visual_gaussian_diffusion.VisualGaussianDiffusion_VTrue_steps400_mpc4_filmv2/6,visual_aligning_dpcc/H8_K20_Ddiffuser_visual_aligning.models.visual_gaussian_diffusion.VisualGaussianDiffusion_aw10_VTrue_steps1000_bs64_filmv2,,20.0,,
21,H8_K20_T0.5_Ddiffuser_visual_aligning.models.visual_gaussian_diffusion.VisualGaussianDiffusion_VTrue_steps400_mpc4_filmv2,/data/home/llim/FMPCC/FM-PCC/logs/aligning-d3il-visual/plans/visual_aligning_dpcc/H8_K20_Ddiffuser_visual_aligning.models.visual_gaussian_diffusion.VisualGaussianDiffusion_aw10_VTrue_steps1000_bs64_filmv2/H8_K20_T0.5_Ddiffuser_visual_aligning.models.visual_gaussian_diffusion.VisualGaussianDiffusion_VTrue_steps400_mpc4_filmv2,6,train,combined_5-tightened,combined_5,True,dpcc-c,diffuser_visual_aligning.models.visual_gaussian_diffusion.VisualGaussianDiffusion,8.0,0.5,4.0,True,cuda,logs/aligning-d3il-visual/plans/visual_aligning_dpcc/H8_K20_Ddiffuser_visual_aligning.models.visual_gaussian_diffusion.VisualGaussianDiffusion_aw10_VTrue_steps1000_bs64_filmv2/H8_K20_T0.5_Ddiffuser_visual_aligning.models.visual_gaussian_diffusion.VisualGaussianDiffusion_VTrue_steps400_mpc4_filmv2/6,visual_aligning_dpcc/H8_K20_Ddiffuser_visual_aligning.models.visual_gaussian_diffusion.VisualGaussianDiffusion_aw10_VTrue_steps1000_bs64_filmv2,,20.0,,
21,H8_K20_T0.5_Ddiffuser_visual_aligning.models.visual_gaussian_diffusion.VisualGaussianDiffusion_VTrue_steps400_mpc4_filmv2,/data/home/llim/FMPCC/FM-PCC/logs/aligning-d3il-visual/plans/visual_aligning_dpcc/H8_K20_Ddiffuser_visual_aligning.models.visual_gaussian_diffusion.VisualGaussianDiffusion_aw10_VTrue_steps1000_bs64_filmv2/H8_K20_T0.5_Ddiffuser_visual_aligning.models.visual_gaussian_diffusion.VisualGaussianDiffusion_VTrue_steps400_mpc4_filmv2,6,train,combined_5-tightened,combined_5,True,dpcc-c-dt0p25,diffuser_visual_aligning.models.visual_gaussian_diffusion.VisualGaussianDiffusion,8.0,0.5,4.0,True,cuda,logs/aligning-d3il-visual/plans/visual_aligning_dpcc/H8_K20_Ddiffuser_visual_aligning.models.visual_gaussian_diffusion.VisualGaussianDiffusion_aw10_VTrue_steps1000_bs64_filmv2/H8_K20_T0.5_Ddiffuser_visual_aligning.models.visual_gaussian_diffusion.VisualGaussianDiffusion_VTrue_steps400_mpc4_filmv2/6,visual_aligning_dpcc/H8_K20_Ddiffuser_visual_aligning.models.visual_gaussian_diffusion.VisualGaussianDiffusion_aw10_VTrue_steps1000_bs64_filmv2,,20.0,,
21,H8_K20_T0.5_Ddiffuser_visual_aligning.models.visual_gaussian_diffusion.VisualGaussianDiffusion_VTrue_steps400_mpc4_filmv2,/data/home/llim/FMPCC/FM-PCC/logs/aligning-d3il-visual/plans/visual_aligning_dpcc/H8_K20_Ddiffuser_visual_aligning.models.visual_gaussian_diffusion.VisualGaussianDiffusion_aw10_VTrue_steps1000_bs64_filmv2/H8_K20_T0.5_Ddiffuser_visual_aligning.models.visual_gaussian_diffusion.VisualGaussianDiffusion_VTrue_steps400_mpc4_filmv2,6,train,combined_5-tightened,combined_5,True,dpcc-c-dt0p5,diffuser_visual_aligning.models.visual_gaussian_diffusion.VisualGaussianDiffusion,8.0,0.5,4.0,True,cuda,logs/aligning-d3il-visual/plans/visual_aligning_dpcc/H8_K20_Ddiffuser_visual_aligning.models.visual_gaussian_diffusion.VisualGaussianDiffusion_aw10_VTrue_steps1000_bs64_filmv2/H8_K20_T0.5_Ddiffuser_visual_aligning.models.visual_gaussian_diffusion.VisualGaussianDiffusion_VTrue_steps400_mpc4_filmv2/6,visual_aligning_dpcc/H8_K20_Ddiffuser_visual_aligning.models.visual_gaussian_diffusion.VisualGaussianDiffusion_aw10_VTrue_steps1000_bs64_filmv2,,20.0,,
21,H8_K20_T0.5_Ddiffuser_visual_aligning.models.visual_gaussian_diffusion.VisualGaussianDiffusion_VTrue_steps400_mpc4_filmv2,/data/home/llim/FMPCC/FM-PCC/logs/aligning-d3il-visual/plans/visual_aligning_dpcc/H8_K20_Ddiffuser_visual_aligning.models.visual_gaussian_diffusion.VisualGaussianDiffusion_aw10_VTrue_steps1000_bs64_filmv2/H8_K20_T0.5_Ddiffuser_visual_aligning.models.visual_gaussian_diffusion.VisualGaussianDiffusion_VTrue_steps400_mpc4_filmv2,6,train,combined_5-tightened,combined_5,True,dpcc-c-dt2p0,diffuser_visual_aligning.models.visual_gaussian_diffusion.VisualGaussianDiffusion,8.0,0.5,4.0,True,cuda,logs/aligning-d3il-visual/plans/visual_aligning_dpcc/H8_K20_Ddiffuser_visual_aligning.models.visual_gaussian_diffusion.VisualGaussianDiffusion_aw10_VTrue_steps1000_bs64_filmv2/H8_K20_T0.5_Ddiffuser_visual_aligning.models.visual_gaussian_diffusion.VisualGaussianDiffusion_VTrue_steps400_mpc4_filmv2/6,visual_aligning_dpcc/H8_K20_Ddiffuser_visual_aligning.models.visual_gaussian_diffusion.VisualGaussianDiffusion_aw10_VTrue_steps1000_bs64_filmv2,,20.0,,
21,H8_K20_T0.5_Ddiffuser_visual_aligning.models.visual_gaussian_diffusion.VisualGaussianDiffusion_VTrue_steps400_mpc4_filmv2,/data/home/llim/FMPCC/FM-PCC/logs/aligning-d3il-visual/plans/visual_aligning_dpcc/H8_K20_Ddiffuser_visual_aligning.models.visual_gaussian_diffusion.VisualGaussianDiffusion_aw10_VTrue_steps1000_bs64_filmv2/H8_K20_T0.5_Ddiffuser_visual_aligning.models.visual_gaussian_diffusion.VisualGaussianDiffusion_VTrue_steps400_mpc4_filmv2,6,train,combined_5-tightened,combined_5,True,dpcc-c-dt4p0,diffuser_visual_aligning.models.visual_gaussian_diffusion.VisualGaussianDiffusion,8.0,0.5,4.0,True,cuda,logs/aligning-d3il-visual/plans/visual_aligning_dpcc/H8_K20_Ddiffuser_visual_aligning.models.visual_gaussian_diffusion.VisualGaussianDiffusion_aw10_VTrue_steps1000_bs64_filmv2/H8_K20_T0.5_Ddiffuser_visual_aligning.models.visual_gaussian_diffusion.VisualGaussianDiffusion_VTrue_steps400_mpc4_filmv2/6,visual_aligning_dpcc/H8_K20_Ddiffuser_visual_aligning.models.visual_gaussian_diffusion.VisualGaussianDiffusion_aw10_VTrue_steps1000_bs64_filmv2,,20.0,,
21,H8_K20_T0.5_Ddiffuser_visual_aligning.models.visual_gaussian_diffusion.VisualGaussianDiffusion_VTrue_steps400_mpc4_filmv2,/data/home/llim/FMPCC/FM-PCC/logs/aligning-d3il-visual/plans/visual_aligning_dpcc/H8_K20_Ddiffuser_visual_aligning.models.visual_gaussian_diffusion.VisualGaussianDiffusion_aw10_VTrue_steps1000_bs64_filmv2/H8_K20_T0.5_Ddiffuser_visual_aligning.models.visual_gaussian_diffusion.VisualGaussianDiffusion_VTrue_steps400_mpc4_filmv2,6,train,combined_5-tightened,combined_5,True,dpcc-r,diffuser_visual_aligning.models.visual_gaussian_diffusion.VisualGaussianDiffusion,8.0,0.5,4.0,True,cuda,logs/aligning-d3il-visual/plans/visual_aligning_dpcc/H8_K20_Ddiffuser_visual_aligning.models.visual_gaussian_diffusion.VisualGaussianDiffusion_aw10_VTrue_steps1000_bs64_filmv2/H8_K20_T0.5_Ddiffuser_visual_aligning.models.visual_gaussian_diffusion.VisualGaussianDiffusion_VTrue_steps400_mpc4_filmv2/6,visual_aligning_dpcc/H8_K20_Ddiffuser_visual_aligning.models.visual_gaussian_diffusion.VisualGaussianDiffusion_aw10_VTrue_steps1000_bs64_filmv2,,20.0,,
21,H8_K20_T0.5_Ddiffuser_visual_aligning.models.visual_gaussian_diffusion.VisualGaussianDiffusion_VTrue_steps400_mpc4_filmv2,/data/home/llim/FMPCC/FM-PCC/logs/aligning-d3il-visual/plans/visual_aligning_dpcc/H8_K20_Ddiffuser_visual_aligning.models.visual_gaussian_diffusion.VisualGaussianDiffusion_aw10_VTrue_steps1000_bs64_filmv2/H8_K20_T0.5_Ddiffuser_visual_aligning.models.visual_gaussian_diffusion.VisualGaussianDiffusion_VTrue_steps400_mpc4_filmv2,6,train,combined_5-tightened,combined_5,True,dpcc-t,diffuser_visual_aligning.models.visual_gaussian_diffusion.VisualGaussianDiffusion,8.0,0.5,4.0,True,cuda,logs/aligning-d3il-visual/plans/visual_aligning_dpcc/H8_K20_Ddiffuser_visual_aligning.models.visual_gaussian_diffusion.VisualGaussianDiffusion_aw10_VTrue_steps1000_bs64_filmv2/H8_K20_T0.5_Ddiffuser_visual_aligning.models.visual_gaussian_diffusion.VisualGaussianDiffusion_VTrue_steps400_mpc4_filmv2/6,visual_aligning_dpcc/H8_K20_Ddiffuser_visual_aligning.models.visual_gaussian_diffusion.VisualGaussianDiffusion_aw10_VTrue_steps1000_bs64_filmv2,,20.0,,
21,H8_K20_T0.5_Ddiffuser_visual_aligning.models.visual_gaussian_diffusion.VisualGaussianDiffusion_VTrue_steps400_mpc4_filmv2,/data/home/llim/FMPCC/FM-PCC/logs/aligning-d3il-visual/plans/visual_aligning_dpcc/H8_K20_Ddiffuser_visual_aligning.models.visual_gaussian_diffusion.VisualGaussianDiffusion_aw10_VTrue_steps1000_bs64_filmv2/H8_K20_T0.5_Ddiffuser_visual_aligning.models.visual_gaussian_diffusion.VisualGaussianDiffusion_VTrue_steps400_mpc4_filmv2,6,train,combined_5-tightened,combined_5,True,geo_free,diffuser_visual_aligning.models.visual_gaussian_diffusion.VisualGaussianDiffusion,8.0,0.5,4.0,True,cuda,logs/aligning-d3il-visual/plans/visual_aligning_dpcc/H8_K20_Ddiffuser_visual_aligning.models.visual_gaussian_diffusion.VisualGaussianDiffusion_aw10_VTrue_steps1000_bs64_filmv2/H8_K20_T0.5_Ddiffuser_visual_aligning.models.visual_gaussian_diffusion.VisualGaussianDiffusion_VTrue_steps400_mpc4_filmv2/6,visual_aligning_dpcc/H8_K20_Ddiffuser_visual_aligning.models.visual_gaussian_diffusion.VisualGaussianDiffusion_aw10_VTrue_steps1000_bs64_filmv2,,20.0,,
21,H8_K20_T0.5_Ddiffuser_visual_aligning.models.visual_gaussian_diffusion.VisualGaussianDiffusion_VTrue_steps400_mpc4_filmv2,/data/home/llim/FMPCC/FM-PCC/logs/aligning-d3il-visual/plans/visual_aligning_dpcc/H8_K20_Ddiffuser_visual_aligning.models.visual_gaussian_diffusion.VisualGaussianDiffusion_aw10_VTrue_steps1000_bs64_filmv2/H8_K20_T0.5_Ddiffuser_visual_aligning.models.visual_gaussian_diffusion.VisualGaussianDiffusion_VTrue_steps400_mpc4_filmv2,6,train,combined_5-tightened,combined_5,True,geo_free-bounds_free,diffuser_visual_aligning.models.visual_gaussian_diffusion.VisualGaussianDiffusion,8.0,0.5,4.0,True,cuda,logs/aligning-d3il-visual/plans/visual_aligning_dpcc/H8_K20_Ddiffuser_visual_aligning.models.visual_gaussian_diffusion.VisualGaussianDiffusion_aw10_VTrue_steps1000_bs64_filmv2/H8_K20_T0.5_Ddiffuser_visual_aligning.models.visual_gaussian_diffusion.VisualGaussianDiffusion_VTrue_steps400_mpc4_filmv2/6,visual_aligning_dpcc/H8_K20_Ddiffuser_visual_aligning.models.visual_gaussian_diffusion.VisualGaussianDiffusion_aw10_VTrue_steps1000_bs64_filmv2,,20.0,,
21,H8_K20_T0.5_Ddiffuser_visual_aligning.models.visual_gaussian_diffusion.VisualGaussianDiffusion_VTrue_steps400_mpc4_filmv2,/data/home/llim/FMPCC/FM-PCC/logs/aligning-d3il-visual/plans/visual_aligning_dpcc/H8_K20_Ddiffuser_visual_aligning.models.visual_gaussian_diffusion.VisualGaussianDiffusion_aw10_VTrue_steps1000_bs64_filmv2/H8_K20_T0.5_Ddiffuser_visual_aligning.models.visual_gaussian_diffusion.VisualGaussianDiffusion_VTrue_steps400_mpc4_filmv2,6,train,combined_5-tightened,combined_5,True,geo_free-model_free,diffuser_visual_aligning.models.visual_gaussian_diffusion.VisualGaussianDiffusion,8.0,0.5,4.0,True,cuda,logs/aligning-d3il-visual/plans/visual_aligning_dpcc/H8_K20_Ddiffuser_visual_aligning.models.visual_gaussian_diffusion.VisualGaussianDiffusion_aw10_VTrue_steps1000_bs64_filmv2/H8_K20_T0.5_Ddiffuser_visual_aligning.models.visual_gaussian_diffusion.VisualGaussianDiffusion_VTrue_steps400_mpc4_filmv2/6,visual_aligning_dpcc/H8_K20_Ddiffuser_visual_aligning.models.visual_gaussian_diffusion.VisualGaussianDiffusion_aw10_VTrue_steps1000_bs64_filmv2,,20.0,,
21,H8_K20_T0.5_Ddiffuser_visual_aligning.models.visual_gaussian_diffusion.VisualGaussianDiffusion_VTrue_steps400_mpc4_filmv2,/data/home/llim/FMPCC/FM-PCC/logs/aligning-d3il-visual/plans/visual_aligning_dpcc/H8_K20_Ddiffuser_visual_aligning.models.visual_gaussian_diffusion.VisualGaussianDiffusion_aw10_VTrue_steps1000_bs64_filmv2/H8_K20_T0.5_Ddiffuser_visual_aligning.models.visual_gaussian_diffusion.VisualGaussianDiffusion_VTrue_steps400_mpc4_filmv2,6,train,combined_5-tightened,combined_5,True,gradient,diffuser_visual_aligning.models.visual_gaussian_diffusion.VisualGaussianDiffusion,8.0,0.5,4.0,True,cuda,logs/aligning-d3il-visual/plans/visual_aligning_dpcc/H8_K20_Ddiffuser_visual_aligning.models.visual_gaussian_diffusion.VisualGaussianDiffusion_aw10_VTrue_steps1000_bs64_filmv2/H8_K20_T0.5_Ddiffuser_visual_aligning.models.visual_gaussian_diffusion.VisualGaussianDiffusion_VTrue_steps400_mpc4_filmv2/6,visual_aligning_dpcc/H8_K20_Ddiffuser_visual_aligning.models.visual_gaussian_diffusion.VisualGaussianDiffusion_aw10_VTrue_steps1000_bs64_filmv2,,20.0,,
21,H8_K20_T0.5_Ddiffuser_visual_aligning.models.visual_gaussian_diffusion.VisualGaussianDiffusion_VTrue_steps400_mpc4_filmv2,/data/home/llim/FMPCC/FM-PCC/logs/aligning-d3il-visual/plans/visual_aligning_dpcc/H8_K20_Ddiffuser_visual_aligning.models.visual_gaussian_diffusion.VisualGaussianDiffusion_aw10_VTrue_steps1000_bs64_filmv2/H8_K20_T0.5_Ddiffuser_visual_aligning.models.visual_gaussian_diffusion.VisualGaussianDiffusion_VTrue_steps400_mpc4_filmv2,6,train,combined_5-tightened,combined_5,True,model_free,diffuser_visual_aligning.models.visual_gaussian_diffusion.VisualGaussianDiffusion,8.0,0.5,4.0,True,cuda,logs/aligning-d3il-visual/plans/visual_aligning_dpcc/H8_K20_Ddiffuser_visual_aligning.models.visual_gaussian_diffusion.VisualGaussianDiffusion_aw10_VTrue_steps1000_bs64_filmv2/H8_K20_T0.5_Ddiffuser_visual_aligning.models.visual_gaussian_diffusion.VisualGaussianDiffusion_VTrue_steps400_mpc4_filmv2/6,visual_aligning_dpcc/H8_K20_Ddiffuser_visual_aligning.models.visual_gaussian_diffusion.VisualGaussianDiffusion_aw10_VTrue_steps1000_bs64_filmv2,,20.0,,
21,H8_K20_T0.5_Ddiffuser_visual_aligning.models.visual_gaussian_diffusion.VisualGaussianDiffusion_VTrue_steps400_mpc4_filmv2,/data/home/llim/FMPCC/FM-PCC/logs/aligning-d3il-visual/plans/visual_aligning_dpcc/H8_K20_Ddiffuser_visual_aligning.models.visual_gaussian_diffusion.VisualGaussianDiffusion_aw10_VTrue_steps1000_bs64_filmv2/H8_K20_T0.5_Ddiffuser_visual_aligning.models.visual_gaussian_diffusion.VisualGaussianDiffusion_VTrue_steps400_mpc4_filmv2,6,train,combined_5-tightened,combined_5,True,post_processing,diffuser_visual_aligning.models.visual_gaussian_diffusion.VisualGaussianDiffusion,8.0,0.5,4.0,True,cuda,logs/aligning-d3il-visual/plans/visual_aligning_dpcc/H8_K20_Ddiffuser_visual_aligning.models.visual_gaussian_diffusion.VisualGaussianDiffusion_aw10_VTrue_steps1000_bs64_filmv2/H8_K20_T0.5_Ddiffuser_visual_aligning.models.visual_gaussian_diffusion.VisualGaussianDiffusion_VTrue_steps400_mpc4_filmv2/6,visual_aligning_dpcc/H8_K20_Ddiffuser_visual_aligning.models.visual_gaussian_diffusion.VisualGaussianDiffusion_aw10_VTrue_steps1000_bs64_filmv2,,20.0,,
22,d3il_baseline_ddpm_encdec_vision,/data/home/llim/FMPCC/FM-PCC/logs/d3il_visual_aligning_baseline/_DA_VA_BRIDGE_d3il_baseline/d3il_baseline_ddpm_encdec_vision,42,test,none,none,False,d3il_baseline,,,,,True,,,,d3il_baseline,,60.0,none
23,d3il_baseline_ddpm_encdec_vision__Bf_U3,/data/home/llim/FMPCC/FM-PCC/logs/d3il_visual_aligning_baseline/_DA_VA_BRIDGE_d3il_baseline_Bf_U3/d3il_baseline_ddpm_encdec_vision__Bf_U3,0,test,none,none,False,d3il_baseline,,,,,True,,,,d3il_baseline,,60.0,none
23,d3il_baseline_ddpm_encdec_vision__Bf_U3,/data/home/llim/FMPCC/FM-PCC/logs/d3il_visual_aligning_baseline/_DA_VA_BRIDGE_d3il_baseline_Bf_U3/d3il_baseline_ddpm_encdec_vision__Bf_U3,1,test,none,none,False,d3il_baseline,,,,,True,,,,d3il_baseline,,60.0,none
23,d3il_baseline_ddpm_encdec_vision__Bf_U3,/data/home/llim/FMPCC/FM-PCC/logs/d3il_visual_aligning_baseline/_DA_VA_BRIDGE_d3il_baseline_Bf_U3/d3il_baseline_ddpm_encdec_vision__Bf_U3,2,test,none,none,False,d3il_baseline,,,,,True,,,,d3il_baseline,,60.0,none
23,d3il_baseline_ddpm_encdec_vision__Bf_U3,/data/home/llim/FMPCC/FM-PCC/logs/d3il_visual_aligning_baseline/_DA_VA_BRIDGE_d3il_baseline_Bf_U3/d3il_baseline_ddpm_encdec_vision__Bf_U3,3,test,none,none,False,d3il_baseline,,,,,True,,,,d3il_baseline,,60.0,none
23,d3il_baseline_ddpm_encdec_vision__Bf_U3,/data/home/llim/FMPCC/FM-PCC/logs/d3il_visual_aligning_baseline/_DA_VA_BRIDGE_d3il_baseline_Bf_U3/d3il_baseline_ddpm_encdec_vision__Bf_U3,4,test,none,none,False,d3il_baseline,,,,,True,,,,d3il_baseline,,60.0,none
23,d3il_baseline_ddpm_encdec_vision__Bf_U3,/data/home/llim/FMPCC/FM-PCC/logs/d3il_visual_aligning_baseline/_DA_VA_BRIDGE_d3il_baseline_Bf_U3/d3il_baseline_ddpm_encdec_vision__Bf_U3,42,test,none,none,False,d3il_baseline,,,,,True,,,,d3il_baseline,,60.0,none
