backend,method,n_trials,avg_ms,std_ms,p50_ms,p95_ms,min_ms,max_ms
legacy,euler,20,118.18998100006866,9.48445817884824,114.95099650028351,131.64857840038167,109.91686499983189,149.99141400039662
torchdiffeq,euler,20,127.36905009996917,12.51782133027208,123.8119479994566,150.1671249502124,118.23337799978617,172.39619300016784
legacy,midpoint,20,264.6538600501117,39.49107632889458,266.06530550043317,324.6997731501324,217.0613960006449,351.5955299999405
torchdiffeq,midpoint,20,247.1281377498599,37.29644606324039,235.19223199991757,336.0395320003591,221.86479199990572,376.60945300012827
legacy,rk4,20,536.6571627500434,80.51383587217838,492.7258974998949,689.0970576502696,455.2975719998358,723.9826469995023
torchdiffeq,rk4,20,483.08933634989444,55.53963270366275,465.8132564995867,610.8654155493696,444.0739299998313,666.975922000347
