backend,method,n_trials,avg_ms,std_ms,p50_ms,p95_ms,min_ms,max_ms
legacy,euler,20,177.18009045001963,5.7788703170074385,176.20262099990214,178.88939120111903,174.07875699973374,201.9626530000096
torchdiffeq,euler,20,204.4430310998905,6.200425276699726,203.13376800004335,217.40603790030946,195.7882980004797,221.85300500132143
legacy,midpoint,20,359.0987882499576,11.775194210184782,356.23275200032367,369.39584495066816,352.7196360009839,408.59905700017407
torchdiffeq,midpoint,20,396.407534500122,19.327957905217602,392.30688649968215,433.49177650106867,375.16392700126744,443.95939899914083
legacy,rk4,20,733.827711450067,12.654297198319796,728.1495145007284,761.9772092492894,722.6272349998908,765.3236080004717
torchdiffeq,rk4,20,785.5136348000087,77.97489463556899,750.9854269992502,962.735986800817,730.933697999717,976.2595940010215
