backend,method,n_trials,avg_ms,std_ms,p50_ms,p95_ms,min_ms,max_ms
legacy,euler,20,114.91130990034435,8.001552778792883,111.96043650033971,131.97286905051442,107.914501999403,133.0082369986485
torchdiffeq,euler,20,137.2132642502038,21.674068916708258,128.78861599983793,183.61077710051177,113.45669100046507,191.77777699951548
legacy,midpoint,20,296.3990512000237,49.33079980294559,316.0149689992977,369.72612555091473,221.8745600002876,394.8127289986587
torchdiffeq,midpoint,20,236.99236140009816,15.262436485577549,232.85486600070726,259.7242649988402,222.33546099960222,290.4416030014545
legacy,rk4,20,536.3533468000242,81.8137234667873,504.1692775002957,657.2938880996844,436.0776710000209,706.0191429991391
torchdiffeq,rk4,20,520.9028454001782,67.35509351671446,494.97629150027933,699.7396232503888,473.7324570014607,709.6712130005471
