backend,method,n_trials,avg_ms,std_ms,p50_ms,p95_ms,min_ms,max_ms
legacy,euler,20,334.5928386999731,157.67035222346888,295.2250635016753,623.3860574490792,165.55764300028386,728.4410369993566
torchdiffeq,euler,20,246.93136850000883,78.22687552348864,224.92249449987867,420.9973574993455,171.33431100046437,422.6922999987437
legacy,midpoint,20,663.862466250157,280.24794445596655,557.9476944994894,1050.843698951121,358.18778199973167,1190.3536110003188
torchdiffeq,midpoint,20,457.753764699828,124.40529714139603,383.3286559993212,656.9626667498596,338.54466499906266,720.0587360002828
legacy,rk4,20,912.5099420500192,155.63351148710987,918.7344795009267,1172.313805900285,692.817795999872,1289.1324920001352
torchdiffeq,rk4,20,793.4581761497611,109.6822053513929,739.4238614997448,976.0045129486571,672.190731000228,977.634085000318
