backend,method,n_trials,avg_ms,std_ms,p50_ms,p95_ms,min_ms,max_ms
torchdiffeq,euler,1,121.595566999531,0.0,121.595566999531,121.595566999531,121.595566999531,121.595566999531
torchdiffeq,midpoint,1,223.1578159999117,0.0,223.1578159999117,223.1578159999117,223.1578159999117,223.1578159999117
torchdiffeq,rk4,1,506.1443369995686,0.0,506.1443369995686,506.1443369995686,506.1443369995686,506.1443369995686
