backend,method,n_trials,avg_ms,std_ms,p50_ms,p95_ms,min_ms,max_ms
legacy,euler,20,275.1867192000418,48.332247426016416,286.3006345003214,344.96311409991455,219.24013199986803,386.0345230000348
torchdiffeq,euler,20,234.69423199994708,9.043948630819328,233.09113649997926,250.50978885001314,222.66604400010692,257.7554169997711
legacy,midpoint,20,521.135726249986,91.2991709912196,467.65587799995956,660.3953164498308,440.72388600034174,772.3372069999641
torchdiffeq,midpoint,20,531.0620000499284,80.15037277970258,490.4206979999799,669.7454858000128,454.7978669997974,688.6755810000977
legacy,rk4,20,1212.4592704499946,341.6867882984627,1112.1954515001562,1914.3669781498147,885.6419920002736,1925.1036339996972
torchdiffeq,rk4,20,1015.3380213000219,154.7973783054725,917.7722645001722,1267.9054674997587,891.8815930001074,1307.1243270001105
