Candidate,FolderName,scene,engine,K,split,geo,variant,tightened,mask,n_success,success_relaxed,n_success_and_constraints,n_success_relaxed_and_constraints,collision_free_completed,phys_safe,goal_reached,goal_dist,n_violations,total_violations,n_steps,steps_to_goal,avg_time,avg_time_ms,fm_ms,proj_ms,total_ms_p95,over_budget_frac,track_err_mean,phys_contact_frac,phys_min_z,n_rollouts
2,corridor|K20|Gen11,corridor,,20,test,none,diffuser,False,all,0.0,,0.0,,,,,,0.0,0.0,256.4,,0.09398993206089533,93.98993206089533,93.98993206089533,0.0,99.60766082629561,1.0,0.5718540238101079,,,5
2,corridor|K20|Gen11,corridor,,20,test,none,diffuser,False,proj_valid,0.0,,0.0,,,,,,0.0,0.0,256.4,,0.09398993206089533,93.98993206089533,93.98993206089533,0.0,99.60766082629561,1.0,0.5718540238101079,,,5
2,corridor|K20|Gen11,corridor,,20,test,none,dpcc-r,False,all,0.2,,0.2,,,,,,0.0,0.0,256.4,,0.13831870111404546,138.31870111404547,90.31312325766228,48.00557785638317,143.933071102947,1.0,0.5369235764796177,,,5
2,corridor|K20|Gen11,corridor,,20,test,none,dpcc-r,False,proj_valid,0.2,,0.2,,,,,,0.0,0.0,256.4,,0.13831870111404546,138.31870111404547,90.31312325766228,48.00557785638317,143.933071102947,1.0,0.5369235764796177,,,5
2,corridor|K20|Gen11,corridor,,20,test,none,dpcc-c,False,all,0.2,,0.2,,,,,,0.0,0.0,256.4,,0.1400782841326161,140.07828413261612,91.49183509479639,48.58644903781974,147.02941780909896,1.0,0.5245768593799407,,,5
2,corridor|K20|Gen11,corridor,,20,test,none,dpcc-c,False,proj_valid,0.2,,0.2,,,,,,0.0,0.0,256.4,,0.1400782841326161,140.07828413261612,91.49183509479639,48.58644903781974,147.02941780909896,1.0,0.5245768593799407,,,5
2,corridor|K20|Gen11,corridor,,20,test,none,dpcc-t,False,all,0.2,,0.2,,,,,,0.0,0.0,256.4,,0.13912630355816777,139.12630355816776,90.90699133152302,48.21931222664475,144.17086267843843,1.0,0.5259458844417967,,,5
2,corridor|K20|Gen11,corridor,,20,test,none,dpcc-t,False,proj_valid,0.2,,0.2,,,,,,0.0,0.0,256.4,,0.13912630355816777,139.12630355816776,90.90699133152302,48.21931222664475,144.17086267843843,1.0,0.5259458844417967,,,5
2,corridor|K20|Gen11,corridor,,20,test,none,gradient,False,all,0.0,,0.0,,,,,,0.0,0.0,256.4,,0.09989996347507249,99.8999634750725,99.8999634750725,0.0,107.33724810183048,1.0,4.143515668630508,,,5
2,corridor|K20|Gen11,corridor,,20,test,none,gradient,False,proj_valid,0.0,,0.0,,,,,,0.0,0.0,256.4,,0.09989996347507249,99.8999634750725,99.8999634750725,0.0,107.33724810183048,1.0,4.143515668630508,,,5
2,corridor|K20|Gen11,corridor,,20,test,none,post_processing,False,all,0.0,,0.0,,,,,,0.0,0.0,256.4,,0.10627447451273335,106.27447451273333,92.66568428392004,13.6087902288133,126.78167531266809,1.0,2.135459703571354,,,5
2,corridor|K20|Gen11,corridor,,20,test,none,post_processing,False,proj_valid,0.0,,0.0,,,,,,0.0,0.0,256.4,,0.10627447451273335,106.27447451273333,92.66568428392004,13.6087902288133,126.78167531266809,1.0,2.135459703571354,,,5
2,corridor|K20|Gen11,corridor,,20,test,none,model_free,False,all,0.0,,0.0,,,,,,0.0,0.0,256.4,,0.12309142820613199,123.09142820613201,92.423893716708,30.667534489424007,153.0406143516302,1.0,44.939920475950565,,,5
2,corridor|K20|Gen11,corridor,,20,test,none,model_free,False,proj_valid,0.0,,0.0,,,,,,0.0,0.0,256.4,,0.12309142820613199,123.09142820613201,92.423893716708,30.667534489424007,153.0406143516302,1.0,44.939920475950565,,,5
7,corridor|K20|Gen11,corridor,,20,test,corridor_bounds+dynamics+geo_bounds+halfspace+obstacles,diffuser,False,all,0.0,0.1,0.0,0.0,0.3,0.8,0.0,0.8539768137015177,30.3,11.960221602136345,259.5,,0.08989746583926085,89.89746583926085,89.89746583926085,0.0,96.18924221023917,1.0,1.3672926291170198,0.010994959451004996,0.6451602925879579,10
7,corridor|K20|Gen11,corridor,,20,test,corridor_bounds+dynamics+geo_bounds+halfspace+obstacles,diffuser,False,proj_valid,0.0,0.1,0.0,0.0,0.3,0.8,0.0,0.8539768137015177,30.3,11.960221602136345,259.5,,0.08989746583926085,89.89746583926085,89.89746583926085,0.0,96.18924221023917,1.0,1.3672926291170198,0.010994959451004996,0.6451602925879579,10
7,corridor|K20|Gen11,corridor,,20,test,corridor_bounds+dynamics+geo_bounds+halfspace+obstacles,dpcc-r,False,all,0.3,0.3,0.3,0.3,1.0,1.0,0.3,0.5729510044763119,0.0,0.0,259.5,286.6666666666667,0.25132909626973604,251.32909626973606,90.07795920549184,161.25113706424423,323.6748413275927,1.0,0.5110871539912252,0.0,1.0645933321349001,10
7,corridor|K20|Gen11,corridor,,20,test,corridor_bounds+dynamics+geo_bounds+halfspace+obstacles,dpcc-r,False,proj_valid,0.3,0.3,0.3,0.3,1.0,1.0,0.3,0.5729510044763119,0.0,0.0,259.5,286.6666666666667,0.25132909626973604,251.32909626973606,90.07795920549184,161.25113706424423,323.6748413275927,1.0,0.5110871539912252,0.0,1.0645933321349001,10
7,corridor|K20|Gen11,corridor,,20,test,corridor_bounds+dynamics+geo_bounds+halfspace+obstacles,dpcc-r-tightened,True,all,0.4,0.4,0.0,0.0,0.6,1.0,0.4,0.642469099000133,4.8,0.07075092631578409,259.5,278.5,0.29577736177889913,295.77736177889915,90.47118915024099,205.30617262865812,610.9499347023666,1.0,0.5303241610182151,0.0006110049117738648,1.0407192925477597,10
7,corridor|K20|Gen11,corridor,,20,test,corridor_bounds+dynamics+geo_bounds+halfspace+obstacles,dpcc-r-tightened,True,proj_valid,0.4,0.4,0.0,0.0,0.6,1.0,0.4,0.642469099000133,4.8,0.07075092631578409,259.5,278.5,0.29577736177889913,295.77736177889915,90.47118915024099,205.30617262865812,610.9499347023666,1.0,0.5303241610182151,0.0006110049117738648,1.0407192925477597,10
7,corridor|K20|Gen11,corridor,,20,test,corridor_bounds+dynamics+geo_bounds+halfspace+obstacles,dpcc-c,False,all,0.3,0.3,0.3,0.3,1.0,1.0,0.3,0.5925341593899341,0.0,0.0,259.5,286.6666666666667,0.25076438891529274,250.76438891529278,90.5849722109471,160.17941670434567,322.9308312293142,1.0,0.5087184201346807,0.0,1.0592808028744174,10
7,corridor|K20|Gen11,corridor,,20,test,corridor_bounds+dynamics+geo_bounds+halfspace+obstacles,dpcc-c,False,proj_valid,0.3,0.3,0.3,0.3,1.0,1.0,0.3,0.5925341593899341,0.0,0.0,259.5,286.6666666666667,0.25076438891529274,250.76438891529278,90.5849722109471,160.17941670434567,322.9308312293142,1.0,0.5087184201346807,0.0,1.0592808028744174,10
7,corridor|K20|Gen11,corridor,,20,test,corridor_bounds+dynamics+geo_bounds+halfspace+obstacles,dpcc-c-tightened,True,all,0.0,0.2,0.0,0.0,0.6,0.8,0.0,1.018794201649689,23.0,6.641335518547562,259.5,,0.3525392516318503,352.53925163185033,90.51790965004123,262.0213419818091,592.4085076432673,1.0,2.6026330692356416,0.04469681037776729,0.8075632164919277,10
7,corridor|K20|Gen11,corridor,,20,test,corridor_bounds+dynamics+geo_bounds+halfspace+obstacles,dpcc-c-tightened,True,proj_valid,0.0,0.2,0.0,0.0,0.6,0.8,0.0,1.018794201649689,23.0,6.641335518547562,259.5,,0.3525392516318503,352.53925163185033,90.51790965004123,262.0213419818091,592.4085076432673,1.0,2.6026330692356416,0.04469681037776729,0.8075632164919277,10
7,corridor|K20|Gen11,corridor,,20,test,corridor_bounds+dynamics+geo_bounds+halfspace+obstacles,dpcc-t,False,all,0.3,0.3,0.3,0.3,1.0,1.0,0.3,0.567828932000047,0.0,0.0,259.5,286.6666666666667,0.2509807395911984,250.9807395911984,90.40392673019123,160.57681286100717,322.62319868430495,1.0,0.5108869848915554,0.0,1.0627971380060894,10
7,corridor|K20|Gen11,corridor,,20,test,corridor_bounds+dynamics+geo_bounds+halfspace+obstacles,dpcc-t,False,proj_valid,0.3,0.3,0.3,0.3,1.0,1.0,0.3,0.567828932000047,0.0,0.0,259.5,286.6666666666667,0.2509807395911984,250.9807395911984,90.40392673019123,160.57681286100717,322.62319868430495,1.0,0.5108869848915554,0.0,1.0627971380060894,10
7,corridor|K20|Gen11,corridor,,20,test,corridor_bounds+dynamics+geo_bounds+halfspace+obstacles,dpcc-t-tightened,True,all,0.4,0.4,0.0,0.0,0.6,1.0,0.4,0.682682697628884,7.3,0.14041522416790492,259.5,278.5,0.3976880368086529,397.6880368086529,90.06129581079094,307.62674099786193,716.3303527422248,1.0,0.5271839558054722,0.0009690973012720369,1.0510319581390686,10
7,corridor|K20|Gen11,corridor,,20,test,corridor_bounds+dynamics+geo_bounds+halfspace+obstacles,dpcc-t-tightened,True,proj_valid,0.4,0.4,0.0,0.0,0.6,1.0,0.4,0.682682697628884,7.3,0.14041522416790492,259.5,278.5,0.3976880368086529,397.6880368086529,90.06129581079094,307.62674099786193,716.3303527422248,1.0,0.5271839558054722,0.0009690973012720369,1.0510319581390686,10
7,corridor|K20|Gen11,corridor,,20,test,corridor_bounds+dynamics+geo_bounds+halfspace+obstacles,gradient,False,all,0.0,0.0,0.0,0.0,0.0,0.0,0.0,4.705693002689011,236.7,223.93297379936476,259.5,,0.09892746708569812,98.92746708569811,98.92746708569811,0.0,106.52589584700763,1.0,4.1259501577335,0.268630619304299,0.05547787349224187,10
7,corridor|K20|Gen11,corridor,,20,test,corridor_bounds+dynamics+geo_bounds+halfspace+obstacles,gradient,False,proj_valid,0.0,0.0,0.0,0.0,0.0,0.0,0.0,4.705693002689011,236.7,223.93297379936476,259.5,,0.09892746708569812,98.92746708569811,98.92746708569811,0.0,106.52589584700763,1.0,4.1259501577335,0.268630619304299,0.05547787349224187,10
7,corridor|K20|Gen11,corridor,,20,test,corridor_bounds+dynamics+geo_bounds+halfspace+obstacles,gradient-tightened,True,all,0.0,0.0,0.0,0.0,0.0,0.0,0.0,5.312752916780969,244.8,288.4964654484369,259.5,,0.09867375369745761,98.67375369745761,98.67375369745761,0.0,106.29997700452805,1.0,4.616931789676296,0.2494082190809551,0.06514288853928317,10
7,corridor|K20|Gen11,corridor,,20,test,corridor_bounds+dynamics+geo_bounds+halfspace+obstacles,gradient-tightened,True,proj_valid,0.0,0.0,0.0,0.0,0.0,0.0,0.0,5.312752916780969,244.8,288.4964654484369,259.5,,0.09867375369745761,98.67375369745761,98.67375369745761,0.0,106.29997700452805,1.0,4.616931789676296,0.2494082190809551,0.06514288853928317,10
7,corridor|K20|Gen11,corridor,,20,test,corridor_bounds+dynamics+geo_bounds+halfspace+obstacles,post_processing,False,all,0.2,0.2,0.2,0.2,1.0,1.0,0.2,0.6120126567984724,0.0,0.0,259.5,294.0,0.11501101601940233,115.01101601940233,87.4940619736098,27.516954045792524,148.04611641913652,1.0,0.5192616975781964,0.0,1.0391432135818408,10
7,corridor|K20|Gen11,corridor,,20,test,corridor_bounds+dynamics+geo_bounds+halfspace+obstacles,post_processing,False,proj_valid,0.2,0.2,0.2,0.2,1.0,1.0,0.2,0.6120126567984724,0.0,0.0,259.5,294.0,0.11501101601940233,115.01101601940233,87.4940619736098,27.516954045792524,148.04611641913652,1.0,0.5192616975781964,0.0,1.0391432135818408,10
7,corridor|K20|Gen11,corridor,,20,test,corridor_bounds+dynamics+geo_bounds+halfspace+obstacles,post_processing-tightened,True,all,0.2,0.2,0.1,0.1,0.3,0.5,0.3,2.098210572708088,54.1,33.050418431666635,259.5,261.6666666666667,0.17805314479397163,178.05314479397163,88.6104660086143,89.44267878535733,192.19924794510007,1.0,11.06588038781533,0.013957088970632558,0.628759455469487,10
7,corridor|K20|Gen11,corridor,,20,test,corridor_bounds+dynamics+geo_bounds+halfspace+obstacles,post_processing-tightened,True,proj_valid,0.2,0.2,0.1,0.1,0.3,0.5,0.3,2.098210572708088,54.1,33.050418431666635,259.5,261.6666666666667,0.17805314479397163,178.05314479397163,88.6104660086143,89.44267878535733,192.19924794510007,1.0,11.06588038781533,0.013957088970632558,0.628759455469487,10
7,corridor|K20|Gen11,corridor,,20,test,corridor_bounds+dynamics+geo_bounds+halfspace+obstacles,model_free,False,all,0.0,0.0,0.0,0.0,0.0,0.0,0.0,4.657844909024176,190.6,136.3433306218707,259.5,,0.1908211141618344,190.82111416183437,87.96920107752265,102.85191308431175,244.50199460610747,1.0,69.19727243220743,0.3301580363841909,0.2541507092129974,10
7,corridor|K20|Gen11,corridor,,20,test,corridor_bounds+dynamics+geo_bounds+halfspace+obstacles,model_free,False,proj_valid,0.0,0.0,0.0,0.0,0.0,0.0,0.0,4.657844909024176,190.6,136.3433306218707,259.5,,0.1908211141618344,190.82111416183437,87.96920107752265,102.85191308431175,244.50199460610747,1.0,69.19727243220743,0.3301580363841909,0.2541507092129974,10
7,corridor|K20|Gen11,corridor,,20,test,corridor_bounds+dynamics+geo_bounds+halfspace+obstacles,model_free-tightened,True,all,0.0,0.0,0.0,0.0,0.1,0.1,0.0,5.493658548516585,150.0,320.12557984326594,259.5,,0.18667809758315052,186.67809758315053,90.45760421553976,96.22049336761077,238.36529402062297,1.0,41.17482625204272,0.13098352887779174,0.2604103444426626,10
7,corridor|K20|Gen11,corridor,,20,test,corridor_bounds+dynamics+geo_bounds+halfspace+obstacles,model_free-tightened,True,proj_valid,0.0,0.0,0.0,0.0,0.1,0.1,0.0,5.493658548516585,150.0,320.12557984326594,259.5,,0.18667809758315052,186.67809758315053,90.45760421553976,96.22049336761077,238.36529402062297,1.0,41.17482625204272,0.13098352887779174,0.2604103444426626,10
7,corridor|K20|Gen11,corridor,,20,test,corridor_bounds+dynamics+geo_bounds+halfspace+obstacles,bounds_free,False,all,0.3,0.3,0.3,0.3,1.0,1.0,0.3,0.515171890303,0.0,0.0,259.5,286.6666666666667,0.22722093980330108,227.22093980330106,90.19235098961478,137.02858881368627,284.42220693454146,1.0,0.5156202224846604,0.0,1.0605383525945045,10
7,corridor|K20|Gen11,corridor,,20,test,corridor_bounds+dynamics+geo_bounds+halfspace+obstacles,bounds_free,False,proj_valid,0.3,0.3,0.3,0.3,1.0,1.0,0.3,0.515171890303,0.0,0.0,259.5,286.6666666666667,0.22722093980330108,227.22093980330106,90.19235098961478,137.02858881368627,284.42220693454146,1.0,0.5156202224846604,0.0,1.0605383525945045,10
7,corridor|K20|Gen11,corridor,,20,test,corridor_bounds+dynamics+geo_bounds+halfspace+obstacles,geo_free,False,all,0.3,0.3,0.1,0.1,0.6,1.0,0.3,0.5681806466255207,9.6,0.08343446826934801,259.5,286.6666666666667,0.14714319200677214,147.14319200677215,89.22657354480134,57.9166184619708,156.79590136744082,1.0,0.5302648457563099,0.0020256953828978554,0.9592628950284441,10
7,corridor|K20|Gen11,corridor,,20,test,corridor_bounds+dynamics+geo_bounds+halfspace+obstacles,geo_free,False,proj_valid,0.3,0.3,0.1,0.1,0.6,1.0,0.3,0.5681806466255207,9.6,0.08343446826934801,259.5,286.6666666666667,0.14714319200677214,147.14319200677215,89.22657354480134,57.9166184619708,156.79590136744082,1.0,0.5302648457563099,0.0020256953828978554,0.9592628950284441,10
7,corridor|K20|Gen11,corridor,,20,test,corridor_bounds+dynamics+geo_bounds+halfspace+obstacles,geo_free-bounds_free,False,all,0.3,0.3,0.0,0.0,0.4,1.0,0.3,0.5715929908362392,6.5,0.038906345665454777,259.5,286.6666666666667,0.13862162524001737,138.62162524001738,90.06890540691397,48.5527198331034,149.1342434938997,1.0,0.5258513354249483,0.0013571333472497276,0.9528486134215475,10
7,corridor|K20|Gen11,corridor,,20,test,corridor_bounds+dynamics+geo_bounds+halfspace+obstacles,geo_free-bounds_free,False,proj_valid,0.3,0.3,0.0,0.0,0.4,1.0,0.3,0.5715929908362392,6.5,0.038906345665454777,259.5,286.6666666666667,0.13862162524001737,138.62162524001738,90.06890540691397,48.5527198331034,149.1342434938997,1.0,0.5258513354249483,0.0013571333472497276,0.9528486134215475,10
7,corridor|K20|Gen11,corridor,,20,test,corridor_bounds+dynamics+geo_bounds+halfspace+obstacles,geo_free-model_free,False,all,0.0,0.0,0.0,0.0,0.0,0.0,0.0,4.771711652560572,189.1,171.7216155084559,259.5,,0.13285631658834535,132.85631658834532,90.0581813421954,42.798135246149926,151.31340675987303,1.0,68.71933367848382,0.2471658295393348,0.2546820104048525,10
7,corridor|K20|Gen11,corridor,,20,test,corridor_bounds+dynamics+geo_bounds+halfspace+obstacles,geo_free-model_free,False,proj_valid,0.0,0.0,0.0,0.0,0.0,0.0,0.0,4.771711652560572,189.1,171.7216155084559,259.5,,0.13285631658834535,132.85631658834532,90.0581813421954,42.798135246149926,151.31340675987303,1.0,68.71933367848382,0.2471658295393348,0.2546820104048525,10
9,empty|K20|Gen11,empty,,20,test,none,diffuser,False,all,1.0,,1.0,,,,,,0.0,0.0,151.8,,0.09191588675848947,91.91588675848945,91.91588675848945,0.0,95.87175384163857,1.0,0.13707312086338055,,,5
9,empty|K20|Gen11,empty,,20,test,none,diffuser,False,proj_valid,1.0,,1.0,,,,,,0.0,0.0,151.8,,0.09191588675848947,91.91588675848945,91.91588675848945,0.0,95.87175384163857,1.0,0.13707312086338055,,,5
9,empty|K20|Gen11,empty,,20,test,none,dpcc-r,False,all,1.0,,1.0,,,,,,0.0,0.0,151.8,,0.13974791093302028,139.74791093302028,91.16408391816785,48.583827014852446,145.03656713292003,1.0,0.1347748457992891,,,5
9,empty|K20|Gen11,empty,,20,test,none,dpcc-r,False,proj_valid,1.0,,1.0,,,,,,0.0,0.0,151.8,,0.13974791093302028,139.74791093302028,91.16408391816785,48.583827014852446,145.03656713292003,1.0,0.1347748457992891,,,5
9,empty|K20|Gen11,empty,,20,test,none,dpcc-c,False,all,1.0,,1.0,,,,,,0.0,0.0,151.8,,0.13969342154630593,139.69342154630593,91.16928915265882,48.52413239364711,145.3364003263414,1.0,0.1258084513471592,,,5
9,empty|K20|Gen11,empty,,20,test,none,dpcc-c,False,proj_valid,1.0,,1.0,,,,,,0.0,0.0,151.8,,0.13969342154630593,139.69342154630593,91.16928915265882,48.52413239364711,145.3364003263414,1.0,0.1258084513471592,,,5
9,empty|K20|Gen11,empty,,20,test,none,dpcc-t,False,all,1.0,,1.0,,,,,,0.0,0.0,151.8,,0.13948996036576683,139.48996036576685,91.0400138733441,48.44994649242276,145.07911631837487,1.0,0.14262712146240097,,,5
9,empty|K20|Gen11,empty,,20,test,none,dpcc-t,False,proj_valid,1.0,,1.0,,,,,,0.0,0.0,151.8,,0.13948996036576683,139.48996036576685,91.0400138733441,48.44994649242276,145.07911631837487,1.0,0.14262712146240097,,,5
9,empty|K20|Gen11,empty,,20,test,none,gradient,False,all,1.0,,1.0,,,,,,0.0,0.0,151.8,,0.09788985011633941,97.8898501163394,97.8898501163394,0.0,104.14664387702942,1.0,0.11168530273722652,,,5
9,empty|K20|Gen11,empty,,20,test,none,gradient,False,proj_valid,1.0,,1.0,,,,,,0.0,0.0,151.8,,0.09788985011633941,97.8898501163394,97.8898501163394,0.0,104.14664387702942,1.0,0.11168530273722652,,,5
9,empty|K20|Gen11,empty,,20,test,none,post_processing,False,all,1.0,,1.0,,,,,,0.0,0.0,151.8,,0.10092163835918737,100.92163835918738,91.06941964160275,9.852218717584629,105.79391021281481,1.0,0.13862067681031515,,,5
9,empty|K20|Gen11,empty,,20,test,none,post_processing,False,proj_valid,1.0,,1.0,,,,,,0.0,0.0,151.8,,0.10092163835918737,100.92163835918738,91.06941964160275,9.852218717584629,105.79391021281481,1.0,0.13862067681031515,,,5
9,empty|K20|Gen11,empty,,20,test,none,model_free,False,all,1.0,,1.0,,,,,,0.0,0.0,151.8,,0.11206542059017036,112.06542059017036,91.25508125433744,20.810339335832914,117.5627001747489,1.0,0.13094594173797025,,,5
9,empty|K20|Gen11,empty,,20,test,none,model_free,False,proj_valid,1.0,,1.0,,,,,,0.0,0.0,151.8,,0.11206542059017036,112.06542059017036,91.25508125433744,20.810339335832914,117.5627001747489,1.0,0.13094594173797025,,,5
16,pillars|K20|Gen11,pillars,,20,test,pillars_bounds+dynamics+geo_bounds+halfspace+obstacles,diffuser,False,all,0.0,0.5,0.0,0.0,0.0,0.8,0.0,1.3670991683097278,418.2,377.3929744098987,418.2,,0.08262698500141026,82.62698500141025,82.62698500141025,0.0,83.63470695912838,1.0,0.48757078995423353,0.0005982905982905983,0.8251522588313058,10
16,pillars|K20|Gen11,pillars,,20,test,pillars_bounds+dynamics+geo_bounds+halfspace+obstacles,diffuser,False,proj_valid,0.0,0.5,0.0,0.0,0.0,0.8,0.0,1.3670991683097278,418.2,377.3929744098987,418.2,,0.08262698500141026,82.62698500141025,82.62698500141025,0.0,83.63470695912838,1.0,0.48757078995423353,0.0005982905982905983,0.8251522588313058,10
16,pillars|K20|Gen11,pillars,,20,test,pillars_bounds+dynamics+geo_bounds+halfspace+obstacles,dpcc-r,False,all,0.0,0.0,0.0,0.0,0.0,0.0,0.0,3.394970584036473,398.2,345.1180428992012,418.2,,7.191970951878841,7191.9709518788395,86.19093336903782,7105.780018509802,25780.61100550927,1.0,3.6574595472244438,0.15385766589531316,0.021846584377161957,10
16,pillars|K20|Gen11,pillars,,20,test,pillars_bounds+dynamics+geo_bounds+halfspace+obstacles,dpcc-r,False,proj_valid,0.0,0.0,0.0,0.0,0.0,0.0,0.0,3.394970584036473,398.2,345.1180428992012,418.2,,7.191970951878841,7191.9709518788395,86.19093336903782,7105.780018509802,25780.61100550927,1.0,3.6574595472244438,0.15385766589531316,0.021846584377161957,10
16,pillars|K20|Gen11,pillars,,20,test,pillars_bounds+dynamics+geo_bounds+halfspace+obstacles,dpcc-r-tightened,True,all,0.0,0.0,0.0,0.0,0.0,0.0,0.0,4.49763836681292,416.25,241.25772985531424,,,8.036179031699493,8036.179031699492,87.19563390313087,7948.983397796362,30264.420644682832,,6.131908925565671,0.20548246504297116,0.0749413512264105,4
16,pillars|K20|Gen11,pillars,,20,test,pillars_bounds+dynamics+geo_bounds+halfspace+obstacles,dpcc-r-tightened,True,proj_valid,0.0,0.0,0.0,0.0,0.0,0.0,0.0,4.49763836681292,416.25,241.25772985531424,,,8.036179031699493,8036.179031699492,87.19563390313087,7948.983397796362,30264.420644682832,,6.131908925565671,0.20548246504297116,0.0749413512264105,4
16,pillars|K20|Gen11,pillars,,20,test,pillars_bounds+dynamics+geo_bounds+halfspace+obstacles,gradient,False,all,0.0,0.0,0.0,0.0,0.0,0.0,0.0,5.107374455494826,414.2,414.34496110932025,418.2,,0.09371339986236914,93.71339986236913,93.71339986236913,0.0,94.70230144448578,1.0,6.667056052570516,0.058186427039936,0.07029889950417786,10
16,pillars|K20|Gen11,pillars,,20,test,pillars_bounds+dynamics+geo_bounds+halfspace+obstacles,gradient,False,proj_valid,0.0,0.0,0.0,0.0,0.0,0.0,0.0,5.107374455494826,414.2,414.34496110932025,418.2,,0.09371339986236914,93.71339986236913,93.71339986236913,0.0,94.70230144448578,1.0,6.667056052570516,0.058186427039936,0.07029889950417786,10
16,pillars|K20|Gen11,pillars,,20,test,pillars_bounds+dynamics+geo_bounds+halfspace+obstacles,gradient-tightened,True,all,0.0,0.0,0.0,0.0,0.0,0.0,0.0,4.842556845796622,408.7,492.56457726603975,418.2,,0.09381543764603292,93.81543764603293,93.81543764603293,0.0,94.74948537535965,1.0,5.946477370286014,0.0790680606943544,0.046178138154208646,10
16,pillars|K20|Gen11,pillars,,20,test,pillars_bounds+dynamics+geo_bounds+halfspace+obstacles,gradient-tightened,True,proj_valid,0.0,0.0,0.0,0.0,0.0,0.0,0.0,4.842556845796622,408.7,492.56457726603975,418.2,,0.09381543764603292,93.81543764603293,93.81543764603293,0.0,94.74948537535965,1.0,5.946477370286014,0.0790680606943544,0.046178138154208646,10
16,pillars|K20|Gen11,pillars,,20,test,pillars_bounds+dynamics+geo_bounds+halfspace+obstacles,post_processing,False,all,0.0,0.0,0.0,0.0,0.0,0.0,0.0,2.097616285046491,290.2,154.65574478110062,418.2,,0.6961492112501046,696.1492112501046,82.95901834354751,613.1901929065571,3106.8785830214606,1.0,1.8049857132708187,0.027273722895608775,0.15525778588825961,10
16,pillars|K20|Gen11,pillars,,20,test,pillars_bounds+dynamics+geo_bounds+halfspace+obstacles,post_processing,False,proj_valid,0.0,0.0,0.0,0.0,0.0,0.0,0.0,2.097616285046491,290.2,154.65574478110062,418.2,,0.6961492112501046,696.1492112501046,82.95901834354751,613.1901929065571,3106.8785830214606,1.0,1.8049857132708187,0.027273722895608775,0.15525778588825961,10
16,pillars|K20|Gen11,pillars,,20,test,pillars_bounds+dynamics+geo_bounds+halfspace+obstacles,post_processing-tightened,True,all,0.0,0.0,0.0,0.0,0.0,0.0,0.0,3.150746826733143,325.7,158.31006875192494,418.2,,0.8785324090718885,878.5324090718884,82.91819050336365,795.6142185685248,4500.222798576577,1.0,2.1958436420562397,0.011807169608248834,0.11048973343980983,10
16,pillars|K20|Gen11,pillars,,20,test,pillars_bounds+dynamics+geo_bounds+halfspace+obstacles,post_processing-tightened,True,proj_valid,0.0,0.0,0.0,0.0,0.0,0.0,0.0,3.150746826733143,325.7,158.31006875192494,418.2,,0.8785324090718885,878.5324090718884,82.91819050336365,795.6142185685248,4500.222798576577,1.0,2.1958436420562397,0.011807169608248834,0.11048973343980983,10
16,pillars|K20|Gen11,pillars,,20,test,pillars_bounds+dynamics+geo_bounds+halfspace+obstacles,model_free,False,all,0.0,0.3,0.0,0.0,0.0,0.5,0.0,1.063798195533026,418.2,351.98139308949305,418.2,,0.38112261140546605,381.12261140546605,82.97763598107815,298.1449754243879,495.04901887848973,1.0,0.5390563375182165,0.0,0.4584512063709103,10
16,pillars|K20|Gen11,pillars,,20,test,pillars_bounds+dynamics+geo_bounds+halfspace+obstacles,model_free,False,proj_valid,0.0,0.3,0.0,0.0,0.0,0.5,0.0,1.063798195533026,418.2,351.98139308949305,418.2,,0.38112261140546605,381.12261140546605,82.97763598107815,298.1449754243879,495.04901887848973,1.0,0.5390563375182165,0.0,0.4584512063709103,10
16,pillars|K20|Gen11,pillars,,20,test,pillars_bounds+dynamics+geo_bounds+halfspace+obstacles,model_free-tightened,True,all,0.0,0.2,0.0,0.0,0.0,0.4,0.0,1.1259526696849902,418.2,353.7616132372295,418.2,,0.4106161138404934,410.61611384049337,83.9925318443272,326.6235819961662,539.7239396348596,1.0,0.5365662438650743,0.0,0.46043656505899655,10
16,pillars|K20|Gen11,pillars,,20,test,pillars_bounds+dynamics+geo_bounds+halfspace+obstacles,model_free-tightened,True,proj_valid,0.0,0.2,0.0,0.0,0.0,0.4,0.0,1.1259526696849902,418.2,353.7616132372295,418.2,,0.4106161138404934,410.61611384049337,83.9925318443272,326.6235819961662,539.7239396348596,1.0,0.5365662438650743,0.0,0.46043656505899655,10
16,pillars|K20|Gen11,pillars,,20,test,pillars_bounds+dynamics+geo_bounds+halfspace+obstacles,bounds_free,False,all,0.0,0.0,0.0,0.0,0.0,0.0,0.0,4.510003269615718,406.6,501.1376188124823,418.2,,6.649948730710568,6649.948730710569,84.70155105135505,6565.247179659214,30867.34450836665,1.0,5.1360863028942525,0.13907609102805163,0.07943499610225928,10
16,pillars|K20|Gen11,pillars,,20,test,pillars_bounds+dynamics+geo_bounds+halfspace+obstacles,bounds_free,False,proj_valid,0.0,0.0,0.0,0.0,0.0,0.0,0.0,4.510003269615718,406.6,501.1376188124823,418.2,,6.649948730710568,6649.948730710569,84.70155105135505,6565.247179659214,30867.34450836665,1.0,5.1360863028942525,0.13907609102805163,0.07943499610225928,10
16,pillars|K20|Gen11,pillars,,20,test,pillars_bounds+dynamics+geo_bounds+halfspace+obstacles,geo_free,False,all,0.0,0.8,0.0,0.0,0.0,1.0,0.0,0.8320436081005615,418.2,268.56852365362704,418.2,,0.13947811619868075,139.47811619868077,84.00874565294217,55.46937054573857,139.89180284552276,1.0,0.4690621013750472,0.0,0.825840802381185,10
16,pillars|K20|Gen11,pillars,,20,test,pillars_bounds+dynamics+geo_bounds+halfspace+obstacles,geo_free,False,proj_valid,0.0,0.8,0.0,0.0,0.0,1.0,0.0,0.8320436081005615,418.2,268.56852365362704,418.2,,0.13947811619868075,139.47811619868077,84.00874565294217,55.46937054573857,139.89180284552276,1.0,0.4690621013750472,0.0,0.825840802381185,10
16,pillars|K20|Gen11,pillars,,20,test,pillars_bounds+dynamics+geo_bounds+halfspace+obstacles,geo_free-bounds_free,False,all,0.0,0.8,0.0,0.0,0.0,1.0,0.0,0.8500889335988273,418.2,264.2700075845724,418.2,,0.13002972798695786,130.02972798695785,83.98831662016357,46.041411366794286,130.31732705421746,1.0,0.4691246942876136,0.0,0.7855585555104511,10
16,pillars|K20|Gen11,pillars,,20,test,pillars_bounds+dynamics+geo_bounds+halfspace+obstacles,geo_free-bounds_free,False,proj_valid,0.0,0.8,0.0,0.0,0.0,1.0,0.0,0.8500889335988273,418.2,264.2700075845724,418.2,,0.13002972798695786,130.02972798695785,83.98831662016357,46.041411366794286,130.31732705421746,1.0,0.4691246942876136,0.0,0.7855585555104511,10
16,pillars|K20|Gen11,pillars,,20,test,pillars_bounds+dynamics+geo_bounds+halfspace+obstacles,geo_free-model_free,False,all,0.0,0.3,0.0,0.0,0.0,0.4,0.0,1.0178098206038526,417.8,307.81193407637625,418.2,,0.10708297602247581,107.0829760224758,84.06256350051434,23.020412521961465,110.2515856642276,1.0,0.5082639308074778,0.0018951445702814508,0.6951272679942637,10
16,pillars|K20|Gen11,pillars,,20,test,pillars_bounds+dynamics+geo_bounds+halfspace+obstacles,geo_free-model_free,False,proj_valid,0.0,0.3,0.0,0.0,0.0,0.4,0.0,1.0178098206038526,417.8,307.81193407637625,418.2,,0.10708297602247581,107.0829760224758,84.06256350051434,23.020412521961465,110.2515856642276,1.0,0.5082639308074778,0.0018951445702814508,0.6951272679942637,10
17,pillars|K20|Gen11,pillars,,20,test,none,diffuser,False,all,0.0,,0.0,,,,,,0.0,0.0,423.0,,0.08703244891492881,87.0324489149288,87.0324489149288,0.0,88.28309265896678,1.0,1.1820306832962895,,,5
17,pillars|K20|Gen11,pillars,,20,test,none,diffuser,False,proj_valid,0.0,,0.0,,,,,,0.0,0.0,423.0,,0.08703244891492881,87.0324489149288,87.0324489149288,0.0,88.28309265896678,1.0,1.1820306832962895,,,5
17,pillars|K20|Gen11,pillars,,20,test,none,dpcc-r,False,all,0.0,,0.0,,,,,,0.0,0.0,423.0,,0.13398083777991868,133.98083777991866,87.32118533000285,46.659652449915825,134.88740330561996,1.0,0.6601162276361199,,,5
17,pillars|K20|Gen11,pillars,,20,test,none,dpcc-r,False,proj_valid,0.0,,0.0,,,,,,0.0,0.0,423.0,,0.13398083777991868,133.98083777991866,87.32118533000285,46.659652449915825,134.88740330561996,1.0,0.6601162276361199,,,5
17,pillars|K20|Gen11,pillars,,20,test,none,dpcc-c,False,all,0.0,,0.0,,,,,,0.0,0.0,423.0,,0.133922163817916,133.922163817916,87.29273687099729,46.629426946918706,135.3004971332848,1.0,0.6871064044613491,,,5
17,pillars|K20|Gen11,pillars,,20,test,none,dpcc-c,False,proj_valid,0.0,,0.0,,,,,,0.0,0.0,423.0,,0.133922163817916,133.922163817916,87.29273687099729,46.629426946918706,135.3004971332848,1.0,0.6871064044613491,,,5
17,pillars|K20|Gen11,pillars,,20,test,none,dpcc-t,False,all,0.0,,0.0,,,,,,0.0,0.0,423.0,,0.13417124199037356,134.17124199037355,87.49838971345245,46.67285227692109,136.10981557518244,1.0,0.6695638336727278,,,5
17,pillars|K20|Gen11,pillars,,20,test,none,dpcc-t,False,proj_valid,0.0,,0.0,,,,,,0.0,0.0,423.0,,0.13417124199037356,134.17124199037355,87.49838971345245,46.67285227692109,136.10981557518244,1.0,0.6695638336727278,,,5
17,pillars|K20|Gen11,pillars,,20,test,none,gradient,False,all,0.0,,0.0,,,,,,0.0,0.0,423.0,,0.09092358910715861,90.92358910715862,90.92358910715862,0.0,91.62207851186395,1.0,6.984261433839324,,,5
17,pillars|K20|Gen11,pillars,,20,test,none,gradient,False,proj_valid,0.0,,0.0,,,,,,0.0,0.0,423.0,,0.09092358910715861,90.92358910715862,90.92358910715862,0.0,91.62207851186395,1.0,6.984261433839324,,,5
17,pillars|K20|Gen11,pillars,,20,test,none,post_processing,False,all,0.0,,0.0,,,,,,0.0,0.0,423.0,,0.0966776993575404,96.6776993575404,87.02517998695839,9.652519370582013,97.99766277894378,1.0,0.6814122078922814,,,5
17,pillars|K20|Gen11,pillars,,20,test,none,post_processing,False,proj_valid,0.0,,0.0,,,,,,0.0,0.0,423.0,,0.0966776993575404,96.6776993575404,87.02517998695839,9.652519370582013,97.99766277894378,1.0,0.6814122078922814,,,5
17,pillars|K20|Gen11,pillars,,20,test,none,model_free,False,all,0.0,,0.0,,,,,,0.0,0.0,423.0,,0.10647218660605547,106.47218660605547,87.32608338840727,19.146103217648196,107.06492824479938,1.0,1.3445555629379442,,,5
17,pillars|K20|Gen11,pillars,,20,test,none,model_free,False,proj_valid,0.0,,0.0,,,,,,0.0,0.0,423.0,,0.10647218660605547,106.47218660605547,87.32608338840727,19.146103217648196,107.06492824479938,1.0,1.3445555629379442,,,5
18,pillars|K20|Gen11,pillars,,20,test,none,diffuser,False,all,0.0,,0.0,,,,,,0.0,0.0,423.0,,0.08472213898970213,84.72213898970213,84.72213898970213,0.0,86.40831232070923,1.0,0.2061790463928896,,,5
18,pillars|K20|Gen11,pillars,,20,test,none,diffuser,False,proj_valid,0.0,,0.0,,,,,,0.0,0.0,423.0,,0.08472213898970213,84.72213898970213,84.72213898970213,0.0,86.40831232070923,1.0,0.2061790463928896,,,5
18,pillars|K20|Gen11,pillars,,20,test,none,dpcc-r,False,all,0.0,,0.0,,,,,,0.0,0.0,423.0,,0.13096889224805935,130.96889224805938,84.79771304069807,46.17117920736129,131.41202775761485,1.0,0.1965126576293575,,,5
18,pillars|K20|Gen11,pillars,,20,test,none,dpcc-r,False,proj_valid,0.0,,0.0,,,,,,0.0,0.0,423.0,,0.13096889224805935,130.96889224805938,84.79771304069807,46.17117920736129,131.41202775761485,1.0,0.1965126576293575,,,5
18,pillars|K20|Gen11,pillars,,20,test,none,dpcc-c,False,all,0.0,,0.0,,,,,,0.0,0.0,423.0,,0.13097436070012453,130.97436070012452,84.79484019373947,46.17952050638505,131.41568707302213,1.0,0.19408995076652452,,,5
18,pillars|K20|Gen11,pillars,,20,test,none,dpcc-c,False,proj_valid,0.0,,0.0,,,,,,0.0,0.0,423.0,,0.13097436070012453,130.97436070012452,84.79484019373947,46.17952050638505,131.41568707302213,1.0,0.19408995076652452,,,5
18,pillars|K20|Gen11,pillars,,20,test,none,dpcc-t,False,all,0.0,,0.0,,,,,,0.0,0.0,423.0,,0.1309444179113341,130.94441791133409,84.77183169456374,46.17258621677036,131.3678016513586,1.0,0.19326794535062025,,,5
18,pillars|K20|Gen11,pillars,,20,test,none,dpcc-t,False,proj_valid,0.0,,0.0,,,,,,0.0,0.0,423.0,,0.1309444179113341,130.94441791133409,84.77183169456374,46.17258621677036,131.3678016513586,1.0,0.19326794535062025,,,5
18,pillars|K20|Gen11,pillars,,20,test,none,gradient,False,all,0.0,,0.0,,,,,,0.0,0.0,423.0,,0.08818859479447774,88.18859479447774,88.18859479447774,0.0,88.44662666320801,1.0,6.679533971699587,,,5
18,pillars|K20|Gen11,pillars,,20,test,none,gradient,False,proj_valid,0.0,,0.0,,,,,,0.0,0.0,423.0,,0.08818859479447774,88.18859479447774,88.18859479447774,0.0,88.44662666320801,1.0,6.679533971699587,,,5
18,pillars|K20|Gen11,pillars,,20,test,none,post_processing,False,all,0.0,,0.0,,,,,,0.0,0.0,423.0,,0.09379212933260603,93.79212933260604,84.45826569661688,9.333863635989166,94.99873591586947,1.0,0.18078469411753578,,,5
18,pillars|K20|Gen11,pillars,,20,test,none,post_processing,False,proj_valid,0.0,,0.0,,,,,,0.0,0.0,423.0,,0.09379212933260603,93.79212933260604,84.45826569661688,9.333863635989166,94.99873591586947,1.0,0.18078469411753578,,,5
18,pillars|K20|Gen11,pillars,,20,test,none,model_free,False,all,0.0,,0.0,,,,,,0.0,0.0,423.0,,0.10340064290975585,103.40064290975586,84.68494566230056,18.71569724745528,103.84549017995596,1.0,0.20944414366388192,,,5
18,pillars|K20|Gen11,pillars,,20,test,none,model_free,False,proj_valid,0.0,,0.0,,,,,,0.0,0.0,423.0,,0.10340064290975585,103.40064290975586,84.68494566230056,18.71569724745528,103.84549017995596,1.0,0.20944414366388192,,,5
19,pillars|K20|Gen11,pillars,,20,test,(Fix4_action+geo_bounds) pillars_bounds+dynamics+halfspace+obstacles,diffuser,False,all,0.0,,0.0,,,,,,418.2,377.3929744098987,418.2,,0.08417224221701883,84.1722422170188,84.1722422170188,0.0,87.95731936581433,1.0,0.48757078995423353,,,10
19,pillars|K20|Gen11,pillars,,20,test,(Fix4_action+geo_bounds) pillars_bounds+dynamics+halfspace+obstacles,diffuser,False,proj_valid,0.0,,0.0,,,,,,418.2,377.3929744098987,418.2,,0.08417224221701883,84.1722422170188,84.1722422170188,0.0,87.95731936581433,1.0,0.48757078995423353,,,10
19,pillars|K20|Gen11,pillars,,20,test,(Fix4_action+geo_bounds) pillars_bounds+dynamics+halfspace+obstacles,dpcc-r,False,all,0.0,,,,,,,,,,,,7.7038723260768505,7703.872326076851,84.20443855982924,7619.667887517021,28023.456439133726,,4.153916065881966,,,5
19,pillars|K20|Gen11,pillars,,20,test,(Fix4_action+geo_bounds) pillars_bounds+dynamics+halfspace+obstacles,dpcc-r,False,proj_valid,0.0,,,,,,,,,,,,7.7038723260768505,7703.872326076851,84.20443855982924,7619.667887517021,28023.456439133726,,4.153916065881966,,,5
19,pillars|K20|Gen11,pillars,,20,test,(Fix4_action+geo_bounds) pillars_bounds+dynamics+halfspace+obstacles,gradient,False,all,0.0,,0.0,,,,,,414.2,414.34496110932025,418.2,,0.09942546901224725,99.42546901224725,99.42546901224725,0.0,103.05130377411842,1.0,6.667056052570516,,,10
19,pillars|K20|Gen11,pillars,,20,test,(Fix4_action+geo_bounds) pillars_bounds+dynamics+halfspace+obstacles,gradient,False,proj_valid,0.0,,0.0,,,,,,414.2,414.34496110932025,418.2,,0.09942546901224725,99.42546901224725,99.42546901224725,0.0,103.05130377411842,1.0,6.667056052570516,,,10
19,pillars|K20|Gen11,pillars,,20,test,(Fix4_action+geo_bounds) pillars_bounds+dynamics+halfspace+obstacles,gradient-tightened,True,all,0.0,,0.0,,,,,,408.7,492.56457726603975,418.2,,0.09915142412515421,99.1514241251542,99.1514241251542,0.0,101.86490998603404,1.0,5.946477370286014,,,10
19,pillars|K20|Gen11,pillars,,20,test,(Fix4_action+geo_bounds) pillars_bounds+dynamics+halfspace+obstacles,gradient-tightened,True,proj_valid,0.0,,0.0,,,,,,408.7,492.56457726603975,418.2,,0.09915142412515421,99.1514241251542,99.1514241251542,0.0,101.86490998603404,1.0,5.946477370286014,,,10
19,pillars|K20|Gen11,pillars,,20,test,(Fix4_action+geo_bounds) pillars_bounds+dynamics+halfspace+obstacles,post_processing,False,all,0.0,,0.0,,,,,,290.2,154.65574478110062,418.2,,0.7096611184928,709.6611184928,87.45690126720733,622.2042172255926,3148.618949493392,1.0,1.8049857132708187,,,10
19,pillars|K20|Gen11,pillars,,20,test,(Fix4_action+geo_bounds) pillars_bounds+dynamics+halfspace+obstacles,post_processing,False,proj_valid,0.0,,0.0,,,,,,290.2,154.65574478110062,418.2,,0.7096611184928,709.6611184928,87.45690126720733,622.2042172255926,3148.618949493392,1.0,1.8049857132708187,,,10
19,pillars|K20|Gen11,pillars,,20,test,(Fix4_action+geo_bounds) pillars_bounds+dynamics+halfspace+obstacles,post_processing-tightened,True,all,0.0,,0.0,,,,,,325.7,158.31006875192494,418.2,,0.8934861578990578,893.4861578990578,87.33482611114411,806.1513317879137,4564.960173377765,1.0,2.1958436420562397,,,10
19,pillars|K20|Gen11,pillars,,20,test,(Fix4_action+geo_bounds) pillars_bounds+dynamics+halfspace+obstacles,post_processing-tightened,True,proj_valid,0.0,,0.0,,,,,,325.7,158.31006875192494,418.2,,0.8934861578990578,893.4861578990578,87.33482611114411,806.1513317879137,4564.960173377765,1.0,2.1958436420562397,,,10
19,pillars|K20|Gen11,pillars,,20,test,(Fix4_action+geo_bounds) pillars_bounds+dynamics+halfspace+obstacles,model_free,False,all,0.0,,0.0,,,,,,418.2,351.98139308949305,418.2,,0.3846677424848058,384.6677424848058,84.07263055324796,300.5951119315578,499.614170063287,1.0,0.5390563375182165,,,10
19,pillars|K20|Gen11,pillars,,20,test,(Fix4_action+geo_bounds) pillars_bounds+dynamics+halfspace+obstacles,model_free,False,proj_valid,0.0,,0.0,,,,,,418.2,351.98139308949305,418.2,,0.3846677424848058,384.6677424848058,84.07263055324796,300.5951119315578,499.614170063287,1.0,0.5390563375182165,,,10
19,pillars|K20|Gen11,pillars,,20,test,(Fix4_action+geo_bounds) pillars_bounds+dynamics+halfspace+obstacles,model_free-tightened,True,all,0.0,,0.0,,,,,,418.2,353.7616132372295,418.2,,0.41155658068158757,411.55658068158755,83.3293999671736,328.227180714414,541.0421603545547,1.0,0.5365662438650743,,,10
19,pillars|K20|Gen11,pillars,,20,test,(Fix4_action+geo_bounds) pillars_bounds+dynamics+halfspace+obstacles,model_free-tightened,True,proj_valid,0.0,,0.0,,,,,,418.2,353.7616132372295,418.2,,0.41155658068158757,411.55658068158755,83.3293999671736,328.227180714414,541.0421603545547,1.0,0.5365662438650743,,,10
19,pillars|K20|Gen11,pillars,,20,test,none,diffuser,False,all,0.0,,0.0,,,,,,0.0,0.0,423.0,,0.08476733191996313,84.76733191996314,84.76733191996314,0.0,87.27149274200201,1.0,0.49508716718175433,,,5
19,pillars|K20|Gen11,pillars,,20,test,none,diffuser,False,proj_valid,0.0,,0.0,,,,,,0.0,0.0,423.0,,0.08476733191996313,84.76733191996314,84.76733191996314,0.0,87.27149274200201,1.0,0.49508716718175433,,,5
19,pillars|K20|Gen11,pillars,,20,test,none,dpcc-r,False,all,0.0,,0.0,,,,,,0.0,0.0,423.0,,0.13031580277161564,130.31580277161564,84.23153658220497,46.08426618941068,131.65183452889323,1.0,0.4574960957081752,,,5
19,pillars|K20|Gen11,pillars,,20,test,none,dpcc-r,False,proj_valid,0.0,,0.0,,,,,,0.0,0.0,423.0,,0.13031580277161564,130.31580277161564,84.23153658220497,46.08426618941068,131.65183452889323,1.0,0.4574960957081752,,,5
19,pillars|K20|Gen11,pillars,,20,test,none,dpcc-c,False,all,0.0,,0.0,,,,,,0.0,0.0,423.0,,0.13029850246717337,130.29850246717336,84.23645831955133,46.062044147622046,131.56476808711886,1.0,0.45762556946416455,,,5
19,pillars|K20|Gen11,pillars,,20,test,none,dpcc-c,False,proj_valid,0.0,,0.0,,,,,,0.0,0.0,423.0,,0.13029850246717337,130.29850246717336,84.23645831955133,46.062044147622046,131.56476808711886,1.0,0.45762556946416455,,,5
19,pillars|K20|Gen11,pillars,,20,test,none,dpcc-t,False,all,0.0,,0.0,,,,,,0.0,0.0,423.0,,0.13031461041752584,130.31461041752587,84.1909907993147,46.12361961821116,131.45302822813392,1.0,0.4623668760011751,,,5
19,pillars|K20|Gen11,pillars,,20,test,none,dpcc-t,False,proj_valid,0.0,,0.0,,,,,,0.0,0.0,423.0,,0.13031461041752584,130.31461041752587,84.1909907993147,46.12361961821116,131.45302822813392,1.0,0.4623668760011751,,,5
19,pillars|K20|Gen11,pillars,,20,test,none,gradient,False,all,0.0,,0.0,,,,,,0.0,0.0,423.0,,0.08856335925566687,88.56335925566688,88.56335925566688,0.0,91.47610360756516,1.0,3.635453891434735,,,5
19,pillars|K20|Gen11,pillars,,20,test,none,gradient,False,proj_valid,0.0,,0.0,,,,,,0.0,0.0,423.0,,0.08856335925566687,88.56335925566688,88.56335925566688,0.0,91.47610360756516,1.0,3.635453891434735,,,5
19,pillars|K20|Gen11,pillars,,20,test,none,post_processing,False,all,0.0,,0.0,,,,,,0.0,0.0,423.0,,0.0933401334646141,93.34013346461411,84.03502208267113,9.30511138194298,95.47894233837724,1.0,0.45726999712139466,,,5
19,pillars|K20|Gen11,pillars,,20,test,none,post_processing,False,proj_valid,0.0,,0.0,,,,,,0.0,0.0,423.0,,0.0933401334646141,93.34013346461411,84.03502208267113,9.30511138194298,95.47894233837724,1.0,0.45726999712139466,,,5
19,pillars|K20|Gen11,pillars,,20,test,none,model_free,False,all,0.0,,0.0,,,,,,0.0,0.0,423.0,,0.10280094921321119,102.8009492132112,84.17307466687154,18.627874546339662,103.98913647979498,1.0,0.4932640818146745,,,5
19,pillars|K20|Gen11,pillars,,20,test,none,model_free,False,proj_valid,0.0,,0.0,,,,,,0.0,0.0,423.0,,0.10280094921321119,102.8009492132112,84.17307466687154,18.627874546339662,103.98913647979498,1.0,0.4932640818146745,,,5
22,pillars|K20|Gen11,pillars,,20,test,pillars_bounds+dynamics+geo_bounds+obstacles,diffuser,False,all,0.0,0.0,0.0,0.0,0.0,0.0,0.0,1.4998758173880333,522.1,330.11413385947674,634.0,,0.08622067537252741,86.22067537252741,86.22067537252741,0.0,89.20889016240835,1.0,0.6649377165132783,0.0008412197686645636,-0.005025026046688104,10
22,pillars|K20|Gen11,pillars,,20,test,pillars_bounds+dynamics+geo_bounds+obstacles,diffuser,False,proj_valid,0.0,0.0,0.0,0.0,0.0,0.0,0.0,1.4998758173880333,522.1,330.11413385947674,634.0,,0.08622067537252741,86.22067537252741,86.22067537252741,0.0,89.20889016240835,1.0,0.6649377165132783,0.0008412197686645636,-0.005025026046688104,10
22,pillars|K20|Gen11,pillars,,20,test,pillars_bounds+dynamics+geo_bounds+obstacles,gradient,False,all,0.0,0.0,0.0,0.0,0.0,0.0,0.0,3.723234081947793,571.7,451.3632019031811,634.0,,0.09756488128820852,97.56488128820851,97.56488128820851,0.0,101.09006294049323,1.0,6.510967911019614,0.25304942166140904,0.03180065472160721,10
22,pillars|K20|Gen11,pillars,,20,test,pillars_bounds+dynamics+geo_bounds+obstacles,gradient,False,proj_valid,0.0,0.0,0.0,0.0,0.0,0.0,0.0,3.723234081947793,571.7,451.3632019031811,634.0,,0.09756488128820852,97.56488128820851,97.56488128820851,0.0,101.09006294049323,1.0,6.510967911019614,0.25304942166140904,0.03180065472160721,10
22,pillars|K20|Gen11,pillars,,20,test,pillars_bounds+dynamics+geo_bounds+obstacles,gradient-tightened,True,all,0.0,0.0,0.0,0.0,0.0,0.0,0.2,3.614732674641604,514.1,403.8269496033479,564.8,288.0,0.09748688044820583,97.48688044820584,97.48688044820584,0.0,99.84175637364388,1.0,6.8810780571375245,0.02467821900308023,0.04385437385531114,10
22,pillars|K20|Gen11,pillars,,20,test,pillars_bounds+dynamics+geo_bounds+obstacles,gradient-tightened,True,proj_valid,0.0,0.0,0.0,0.0,0.0,0.0,0.2,3.614732674641604,514.1,403.8269496033479,564.8,288.0,0.09748688044820583,97.48688044820584,97.48688044820584,0.0,99.84175637364388,1.0,6.8810780571375245,0.02467821900308023,0.04385437385531114,10
22,pillars|K20|Gen11,pillars,,20,test,pillars_bounds+dynamics+geo_bounds+obstacles,post_processing,False,all,0.1,0.1,0.0,0.0,0.0,0.1,0.3,1.1465340820017482,257.9,128.7750241971699,587.8,480.0,0.3065781750952417,306.5781750952417,86.15496333825222,220.42321175698947,920.4329781327403,1.0,1.0678286219825914,0.04102013394142549,0.19870086183999797,10
22,pillars|K20|Gen11,pillars,,20,test,pillars_bounds+dynamics+geo_bounds+obstacles,post_processing,False,proj_valid,0.1,0.1,0.0,0.0,0.0,0.1,0.3,1.1465340820017482,257.9,128.7750241971699,587.8,480.0,0.3065781750952417,306.5781750952417,86.15496333825222,220.42321175698947,920.4329781327403,1.0,1.0678286219825914,0.04102013394142549,0.19870086183999797,10
22,pillars|K20|Gen11,pillars,,20,test,pillars_bounds+dynamics+geo_bounds+obstacles,post_processing-tightened,True,all,0.1,0.1,0.0,0.0,0.0,0.1,0.3,1.5374511697256241,257.5,204.42308877534177,585.6,472.6666666666667,0.3413800458131797,341.3800458131797,86.53724801817226,254.84279779500744,981.2977651506678,1.0,1.1159630935133413,0.00565233804703094,0.17680474896104892,10
22,pillars|K20|Gen11,pillars,,20,test,pillars_bounds+dynamics+geo_bounds+obstacles,post_processing-tightened,True,proj_valid,0.1,0.1,0.0,0.0,0.0,0.1,0.3,1.5374511697256241,257.5,204.42308877534177,585.6,472.6666666666667,0.3413800458131797,341.3800458131797,86.53724801817226,254.84279779500744,981.2977651506678,1.0,1.1159630935133413,0.00565233804703094,0.17680474896104892,10
22,pillars|K20|Gen11,pillars,,20,test,pillars_bounds+dynamics+geo_bounds+obstacles,model_free,False,all,0.0,0.0,0.0,0.0,0.0,0.0,0.0,1.3140335467256201,454.2,237.88989216247734,634.0,,0.25495129659777793,254.95129659777794,87.06693814168405,167.8843584560939,335.8323226775974,1.0,0.6210432298669395,0.0015247108307045215,-0.004908086056070843,10
22,pillars|K20|Gen11,pillars,,20,test,pillars_bounds+dynamics+geo_bounds+obstacles,model_free,False,proj_valid,0.0,0.0,0.0,0.0,0.0,0.0,0.0,1.3140335467256201,454.2,237.88989216247734,634.0,,0.25495129659777793,254.95129659777794,87.06693814168405,167.8843584560939,335.8323226775974,1.0,0.6210432298669395,0.0015247108307045215,-0.004908086056070843,10
22,pillars|K20|Gen11,pillars,,20,test,pillars_bounds+dynamics+geo_bounds+obstacles,model_free-tightened,True,all,0.1,0.1,0.0,0.0,0.0,0.1,0.2,1.037526644557499,450.8,205.93008219674275,596.4,446.0,0.2701384037005761,270.1384037005761,87.48132692254623,182.65707677802988,355.44216375797987,1.0,0.6079049927974498,0.0008082236484281517,0.16770296739158547,10
22,pillars|K20|Gen11,pillars,,20,test,pillars_bounds+dynamics+geo_bounds+obstacles,model_free-tightened,True,proj_valid,0.1,0.1,0.0,0.0,0.0,0.1,0.2,1.037526644557499,450.8,205.93008219674275,596.4,446.0,0.2701384037005761,270.1384037005761,87.48132692254623,182.65707677802988,355.44216375797987,1.0,0.6079049927974498,0.0008082236484281517,0.16770296739158547,10
22,pillars|K20|Gen11,pillars,,20,test,pillars_bounds+dynamics+geo_bounds+obstacles,bounds_free,False,all,0.0,0.0,0.0,0.0,0.0,0.0,0.3,2.0218072168253927,319.0,416.3374047151386,578.7,449.6666666666667,4.05415107288191,4054.15107288191,87.80285630469955,3966.348216577211,20208.33423278294,1.0,2.3364112552059604,0.15311867960462108,0.11586550866838141,10
22,pillars|K20|Gen11,pillars,,20,test,pillars_bounds+dynamics+geo_bounds+obstacles,bounds_free,False,proj_valid,0.0,0.0,0.0,0.0,0.0,0.0,0.3,2.0218072168253927,319.0,416.3374047151386,578.7,449.6666666666667,4.05415107288191,4054.15107288191,87.80285630469955,3966.348216577211,20208.33423278294,1.0,2.3364112552059604,0.15311867960462108,0.11586550866838141,10
22,pillars|K20|Gen11,pillars,,20,test,pillars_bounds+dynamics+geo_bounds+obstacles,bounds_free-tightened,True,all,0.0,0.0,0.0,0.0,0.0,0.0,0.3,1.826196806963522,335.4,243.90552314484574,577.7,446.3333333333333,6.489698400640258,6489.698400640257,87.60935018768306,6402.089050452574,29350.296026607975,1.0,1.997571307341221,0.10379255172702526,0.06760213153179483,10
22,pillars|K20|Gen11,pillars,,20,test,pillars_bounds+dynamics+geo_bounds+obstacles,bounds_free-tightened,True,proj_valid,0.0,0.0,0.0,0.0,0.0,0.0,0.3,1.826196806963522,335.4,243.90552314484574,577.7,446.3333333333333,6.489698400640258,6489.698400640257,87.60935018768306,6402.089050452574,29350.296026607975,1.0,1.997571307341221,0.10379255172702526,0.06760213153179483,10
22,pillars|K20|Gen11,pillars,,20,test,pillars_bounds+dynamics+geo_bounds+obstacles,geo_free,False,all,0.0,1.0,0.0,0.0,0.0,1.0,0.0,0.6968686280638756,494.1,143.89790836882577,634.0,,0.141100518288508,141.100518288508,85.22931120948931,55.8712070790187,141.8383311200887,1.0,0.33439135032221234,0.0,0.7500649897061507,10
22,pillars|K20|Gen11,pillars,,20,test,pillars_bounds+dynamics+geo_bounds+obstacles,geo_free,False,proj_valid,0.0,1.0,0.0,0.0,0.0,1.0,0.0,0.6968686280638756,494.1,143.89790836882577,634.0,,0.141100518288508,141.100518288508,85.22931120948931,55.8712070790187,141.8383311200887,1.0,0.33439135032221234,0.0,0.7500649897061507,10
22,pillars|K20|Gen11,pillars,,20,test,pillars_bounds+dynamics+geo_bounds+obstacles,geo_free-bounds_free,False,all,0.0,1.0,0.0,0.0,0.0,1.0,0.0,0.6854943493081719,491.7,137.64623220550988,634.0,,0.13178068854455316,131.78068854455316,85.4390152677165,46.34167327683666,133.11373645439744,1.0,0.33336415438241507,0.0,0.7564375289939386,10
22,pillars|K20|Gen11,pillars,,20,test,pillars_bounds+dynamics+geo_bounds+obstacles,geo_free-bounds_free,False,proj_valid,0.0,1.0,0.0,0.0,0.0,1.0,0.0,0.6854943493081719,491.7,137.64623220550988,634.0,,0.13178068854455316,131.78068854455316,85.4390152677165,46.34167327683666,133.11373645439744,1.0,0.33336415438241507,0.0,0.7564375289939386,10
22,pillars|K20|Gen11,pillars,,20,test,pillars_bounds+dynamics+geo_bounds+obstacles,geo_free-model_free,False,all,0.0,0.0,0.0,0.0,0.0,0.0,0.0,1.3352078110901249,501.7,282.8450746894727,634.0,,0.11262455959995321,112.6245595999532,85.98798922959375,26.636570370359472,124.33591099455953,1.0,0.616749201433808,0.00010515247108307045,-0.005256269792204051,10
22,pillars|K20|Gen11,pillars,,20,test,pillars_bounds+dynamics+geo_bounds+obstacles,geo_free-model_free,False,proj_valid,0.0,0.0,0.0,0.0,0.0,0.0,0.0,1.3352078110901249,501.7,282.8450746894727,634.0,,0.11262455959995321,112.6245595999532,85.98798922959375,26.636570370359472,124.33591099455953,1.0,0.616749201433808,0.00010515247108307045,-0.005256269792204051,10
22,pillars|K20|Gen11,pillars,,20,test,pillars_bounds+dynamics+geo_bounds+obstacles,model_free-bounds_free,False,all,0.0,0.0,0.0,0.0,0.0,0.0,0.0,1.1435552942303464,476.8,212.65915826710966,634.0,,0.24403530901579967,244.0353090157997,87.52491907348815,156.51038994231152,315.2644904330373,1.0,0.6435060107844996,0.0010515247108307045,-0.005114201374522996,10
22,pillars|K20|Gen11,pillars,,20,test,pillars_bounds+dynamics+geo_bounds+obstacles,model_free-bounds_free,False,proj_valid,0.0,0.0,0.0,0.0,0.0,0.0,0.0,1.1435552942303464,476.8,212.65915826710966,634.0,,0.24403530901579967,244.0353090157997,87.52491907348815,156.51038994231152,315.2644904330373,1.0,0.6435060107844996,0.0010515247108307045,-0.005114201374522996,10
22,pillars|K20|Gen11,pillars,,20,test,pillars_bounds+dynamics+geo_bounds+obstacles,model_free-bounds_free-tightened,True,all,0.0,0.0,0.0,0.0,0.0,0.0,0.0,1.6116373021815058,443.3,296.11487220922504,634.0,,0.2546492201502344,254.64922015023438,87.39880360574799,167.2504165444864,332.8651716839522,1.0,0.7802865022878475,0.011514195583596214,0.0010575916660977712,10
22,pillars|K20|Gen11,pillars,,20,test,pillars_bounds+dynamics+geo_bounds+obstacles,model_free-bounds_free-tightened,True,proj_valid,0.0,0.0,0.0,0.0,0.0,0.0,0.0,1.6116373021815058,443.3,296.11487220922504,634.0,,0.2546492201502344,254.64922015023438,87.39880360574799,167.2504165444864,332.8651716839522,1.0,0.7802865022878475,0.011514195583596214,0.0010575916660977712,10
24,s_curve|K20|Gen11,s_curve,,20,test,none,diffuser,False,all,0.0,,0.0,,,,,,0.0,0.0,632.4,,0.08459342154341457,84.59342154341456,84.59342154341456,0.0,86.28874649759382,1.0,134.61111728110214,,,20
24,s_curve|K20|Gen11,s_curve,,20,test,none,diffuser,False,proj_valid,0.0,,0.0,,,,,,0.0,0.0,632.4,,0.08459342154341457,84.59342154341456,84.59342154341456,0.0,86.28874649759382,1.0,134.61111728110214,,,20
24,s_curve|K20|Gen11,s_curve,,20,test,none,dpcc-r,False,all,0.0,,0.0,,,,,,0.0,0.0,632.4,,0.12469449455468036,124.69449455468035,85.61513382737424,39.07936072730611,127.73585124872625,1.0,0.44439369013201224,,,20
24,s_curve|K20|Gen11,s_curve,,20,test,none,dpcc-r,False,proj_valid,0.0,,0.0,,,,,,0.0,0.0,632.4,,0.12469449455468036,124.69449455468035,85.61513382737424,39.07936072730611,127.73585124872625,1.0,0.44439369013201224,,,20
24,s_curve|K20|Gen11,s_curve,,20,test,none,dpcc-c,False,all,0.0,,0.0,,,,,,0.0,0.0,632.4,,0.12316597264228782,123.16597264228783,84.44558445827889,38.720388184008925,124.44582849275321,1.0,0.38654718251356746,,,20
24,s_curve|K20|Gen11,s_curve,,20,test,none,dpcc-c,False,proj_valid,0.0,,0.0,,,,,,0.0,0.0,632.4,,0.12316597264228782,123.16597264228783,84.44558445827889,38.720388184008925,124.44582849275321,1.0,0.38654718251356746,,,20
24,s_curve|K20|Gen11,s_curve,,20,test,none,dpcc-t,False,all,0.0,,0.0,,,,,,0.0,0.0,632.4,,0.12414448753087734,124.14448753087734,85.15685594007594,38.9876315908014,127.6638392265886,1.0,0.43623844287548535,,,20
24,s_curve|K20|Gen11,s_curve,,20,test,none,dpcc-t,False,proj_valid,0.0,,0.0,,,,,,0.0,0.0,632.4,,0.12414448753087734,124.14448753087734,85.15685594007594,38.9876315908014,127.6638392265886,1.0,0.43623844287548535,,,20
24,s_curve|K20|Gen11,s_curve,,20,test,none,gradient,False,all,0.0,,0.0,,,,,,0.0,0.0,632.4,,0.08975271932615167,89.75271932615168,89.75271932615168,0.0,92.62009080965072,1.0,3.2721446079484062,,,20
24,s_curve|K20|Gen11,s_curve,,20,test,none,gradient,False,proj_valid,0.0,,0.0,,,,,,0.0,0.0,632.4,,0.08975271932615167,89.75271932615168,89.75271932615168,0.0,92.62009080965072,1.0,3.2721446079484062,,,20
24,s_curve|K20|Gen11,s_curve,,20,test,none,post_processing,False,all,0.0,,0.0,,,,,,0.0,0.0,632.4,,0.09274518422064373,92.74518422064372,84.85568701325138,7.889497207392343,94.47099537588656,1.0,0.4278781560485768,,,20
24,s_curve|K20|Gen11,s_curve,,20,test,none,post_processing,False,proj_valid,0.0,,0.0,,,,,,0.0,0.0,632.4,,0.09274518422064373,92.74518422064372,84.85568701325138,7.889497207392343,94.47099537588656,1.0,0.4278781560485768,,,20
24,s_curve|K20|Gen11,s_curve,,20,test,none,model_free,False,all,0.0,,0.0,,,,,,0.0,0.0,632.4,,0.1191352081905693,119.1352081905693,86.47373942571198,32.66146876485732,147.9661086993292,1.0,135.22996768508034,,,20
24,s_curve|K20|Gen11,s_curve,,20,test,none,model_free,False,proj_valid,0.0,,0.0,,,,,,0.0,0.0,632.4,,0.1191352081905693,119.1352081905693,86.47373942571198,32.66146876485732,147.9661086993292,1.0,135.22996768508034,,,20
25,s_curve|K20|Gen11,s_curve,,20,test,none,diffuser,False,all,0.0,,0.0,,,,,,0.0,0.0,632.4,,0.08455957287992859,84.5595728799286,84.5595728799286,0.0,84.76408739108592,1.0,0.004263682878100495,,,20
25,s_curve|K20|Gen11,s_curve,,20,test,none,diffuser,False,proj_valid,0.0,,0.0,,,,,,0.0,0.0,632.4,,0.08455957287992859,84.5595728799286,84.5595728799286,0.0,84.76408739108592,1.0,0.004263682878100495,,,20
25,s_curve|K20|Gen11,s_curve,,20,test,none,dpcc-r,False,all,0.0,,0.0,,,,,,0.0,0.0,632.4,,0.12397596339209827,123.97596339209827,85.25231816020715,38.72364523189112,124.38177033793181,1.0,0.0015901690237926328,,,20
25,s_curve|K20|Gen11,s_curve,,20,test,none,dpcc-r,False,proj_valid,0.0,,0.0,,,,,,0.0,0.0,632.4,,0.12397596339209827,123.97596339209827,85.25231816020715,38.72364523189112,124.38177033793181,1.0,0.0015901690237926328,,,20
25,s_curve|K20|Gen11,s_curve,,20,test,none,dpcc-c,False,all,0.0,,0.0,,,,,,0.0,0.0,632.4,,0.12396512673454692,123.96512673454693,85.23578823261685,38.72933850193006,124.35521357692778,1.0,0.0015847910387263328,,,20
25,s_curve|K20|Gen11,s_curve,,20,test,none,dpcc-c,False,proj_valid,0.0,,0.0,,,,,,0.0,0.0,632.4,,0.12396512673454692,123.96512673454693,85.23578823261685,38.72933850193006,124.35521357692778,1.0,0.0015847910387263328,,,20
25,s_curve|K20|Gen11,s_curve,,20,test,none,dpcc-t,False,all,0.0,,0.0,,,,,,0.0,0.0,632.4,,0.12394011299169545,123.94011299169547,85.18535088780291,38.754762103892546,124.31077186949551,1.0,0.001654107124102171,,,20
25,s_curve|K20|Gen11,s_curve,,20,test,none,dpcc-t,False,proj_valid,0.0,,0.0,,,,,,0.0,0.0,632.4,,0.12394011299169545,123.94011299169547,85.18535088780291,38.754762103892546,124.31077186949551,1.0,0.001654107124102171,,,20
25,s_curve|K20|Gen11,s_curve,,20,test,none,gradient,False,all,0.0,,0.0,,,,,,0.0,0.0,632.4,,0.08851422129271726,88.51422129271725,88.51422129271725,0.0,88.82655572611839,1.0,0.9991484038096996,,,20
25,s_curve|K20|Gen11,s_curve,,20,test,none,gradient,False,proj_valid,0.0,,0.0,,,,,,0.0,0.0,632.4,,0.08851422129271726,88.51422129271725,88.51422129271725,0.0,88.82655572611839,1.0,0.9991484038096996,,,20
25,s_curve|K20|Gen11,s_curve,,20,test,none,post_processing,False,all,0.0,,0.0,,,,,,0.0,0.0,632.4,,0.0927227958891288,92.72279588912879,84.8980400783582,7.824755810770592,93.13380597159266,1.0,0.0015411788703119174,,,20
25,s_curve|K20|Gen11,s_curve,,20,test,none,post_processing,False,proj_valid,0.0,,0.0,,,,,,0.0,0.0,632.4,,0.0927227958891288,92.72279588912879,84.8980400783582,7.824755810770592,93.13380597159266,1.0,0.0015411788703119174,,,20
25,s_curve|K20|Gen11,s_curve,,20,test,none,model_free,False,all,0.0,,0.0,,,,,,0.0,0.0,632.4,,0.10360810558209943,103.60810558209944,85.04728294198637,18.560822640113066,103.98439170327038,1.0,0.004293727697888535,,,20
25,s_curve|K20|Gen11,s_curve,,20,test,none,model_free,False,proj_valid,0.0,,0.0,,,,,,0.0,0.0,632.4,,0.10360810558209943,103.60810558209944,85.04728294198637,18.560822640113066,103.98439170327038,1.0,0.004293727697888535,,,20
28,s_curve|K20|Gen11,s_curve,,20,test,(Bf_U13)s_curve_bounds+dynamics+geo_bounds+halfspace+obstacles,diffuser,False,all,0.0,,0.0,,,,,,640.5,988.3657451892556,645.6,,0.08449012020025659,84.4901202002566,84.4901202002566,0.0,86.9967984687537,1.0,146.86528729825818,,,10
28,s_curve|K20|Gen11,s_curve,,20,test,(Bf_U13)s_curve_bounds+dynamics+geo_bounds+halfspace+obstacles,diffuser,False,proj_valid,0.0,,0.0,,,,,,640.5,988.3657451892556,645.6,,0.08449012020025659,84.4901202002566,84.4901202002566,0.0,86.9967984687537,1.0,146.86528729825818,,,10
28,s_curve|K20|Gen11,s_curve,,20,test,(Bf_U13)s_curve_bounds+dynamics+geo_bounds+halfspace+obstacles,dpcc-r,False,all,0.0,,0.0,,,,,,427.1,10687.402480367717,645.6,,1.0144378184825824,1014.4378184825824,84.82972189413033,929.6080965884521,3430.582386329769,1.0,37.20683734215077,,,10
28,s_curve|K20|Gen11,s_curve,,20,test,(Bf_U13)s_curve_bounds+dynamics+geo_bounds+halfspace+obstacles,dpcc-r,False,proj_valid,0.0,,0.0,,,,,,427.1,10687.402480367717,645.6,,1.0144378184825824,1014.4378184825824,84.82972189413033,929.6080965884521,3430.582386329769,1.0,37.20683734215077,,,10
28,s_curve|K20|Gen11,s_curve,,20,test,(Bf_U13)s_curve_bounds+dynamics+geo_bounds+halfspace+obstacles,dpcc-r-tightened,True,all,0.0,,,,,,,,,,,,1.054061403263025,1054.061403263025,84.87942598485199,969.1819772781732,3408.283786394167,,53.71396846197667,,,8
28,s_curve|K20|Gen11,s_curve,,20,test,(Bf_U13)s_curve_bounds+dynamics+geo_bounds+halfspace+obstacles,dpcc-r-tightened,True,proj_valid,0.0,,,,,,,,,,,,1.054061403263025,1054.061403263025,84.87942598485199,969.1819772781732,3408.283786394167,,53.71396846197667,,,8
28,s_curve|K20|Gen11,s_curve,,20,test,(Bf_U13)s_curve_bounds+dynamics+geo_bounds+halfspace+obstacles,gradient,False,all,0.0,,0.0,,,,,,636.5,411.37288961573176,645.6,,0.09147458963047955,91.47458963047956,91.47458963047956,0.0,92.30253187008202,1.0,5.5972375996481905,,,10
28,s_curve|K20|Gen11,s_curve,,20,test,(Bf_U13)s_curve_bounds+dynamics+geo_bounds+halfspace+obstacles,gradient,False,proj_valid,0.0,,0.0,,,,,,636.5,411.37288961573176,645.6,,0.09147458963047955,91.47458963047956,91.47458963047956,0.0,92.30253187008202,1.0,5.5972375996481905,,,10
28,s_curve|K20|Gen11,s_curve,,20,test,(Bf_U13)s_curve_bounds+dynamics+geo_bounds+halfspace+obstacles,gradient-tightened,True,all,0.0,,0.0,,,,,,632.9,618.1829602868245,645.6,,0.09148690597885886,91.48690597885886,91.48690597885886,0.0,91.79458347149193,1.0,4.999832488599589,,,10
28,s_curve|K20|Gen11,s_curve,,20,test,(Bf_U13)s_curve_bounds+dynamics+geo_bounds+halfspace+obstacles,gradient-tightened,True,proj_valid,0.0,,0.0,,,,,,632.9,618.1829602868245,645.6,,0.09148690597885886,91.48690597885886,91.48690597885886,0.0,91.79458347149193,1.0,4.999832488599589,,,10
28,s_curve|K20|Gen11,s_curve,,20,test,(Bf_U13)s_curve_bounds+dynamics+geo_bounds+halfspace+obstacles,post_processing,False,all,0.0,,0.0,,,,,,383.2,7694.001299981433,645.6,,0.16744763592434087,167.4476359243409,84.28256757192065,83.1650683524202,285.0331321079284,1.0,19.18654229938793,,,10
28,s_curve|K20|Gen11,s_curve,,20,test,(Bf_U13)s_curve_bounds+dynamics+geo_bounds+halfspace+obstacles,post_processing,False,proj_valid,0.0,,0.0,,,,,,383.2,7694.001299981433,645.6,,0.16744763592434087,167.4476359243409,84.28256757192065,83.1650683524202,285.0331321079284,1.0,19.18654229938793,,,10
28,s_curve|K20|Gen11,s_curve,,20,test,(Bf_U13)s_curve_bounds+dynamics+geo_bounds+halfspace+obstacles,post_processing-tightened,True,all,0.0,,0.0,,,,,,391.6,12758.08711074791,645.6,,0.17796124186736917,177.96124186736918,84.36580342412466,93.59543844324452,296.6625715326517,1.0,27.723393312356762,,,10
28,s_curve|K20|Gen11,s_curve,,20,test,(Bf_U13)s_curve_bounds+dynamics+geo_bounds+halfspace+obstacles,post_processing-tightened,True,proj_valid,0.0,,0.0,,,,,,391.6,12758.08711074791,645.6,,0.17796124186736917,177.96124186736918,84.36580342412466,93.59543844324452,296.6625715326517,1.0,27.723393312356762,,,10
28,s_curve|K20|Gen11,s_curve,,20,test,(Bf_U13)s_curve_bounds+dynamics+geo_bounds+halfspace+obstacles,model_free,False,all,0.0,,0.0,,,,,,643.7,332.0885931108876,645.6,,0.2289814998154466,228.98149981544657,84.59701967274547,144.3844801427011,300.3852570615709,1.0,171.64363615265657,,,10
28,s_curve|K20|Gen11,s_curve,,20,test,(Bf_U13)s_curve_bounds+dynamics+geo_bounds+halfspace+obstacles,model_free,False,proj_valid,0.0,,0.0,,,,,,643.7,332.0885931108876,645.6,,0.2289814998154466,228.98149981544657,84.59701967274547,144.3844801427011,300.3852570615709,1.0,171.64363615265657,,,10
28,s_curve|K20|Gen11,s_curve,,20,test,(Bf_U13)s_curve_bounds+dynamics+geo_bounds+halfspace+obstacles,model_free-tightened,True,all,0.0,,0.0,,,,,,644.3,287.6317800557272,645.6,,0.2449299481883608,244.92994818836078,84.6780061019676,160.2519420863932,313.00402933731675,1.0,173.39328350734348,,,10
28,s_curve|K20|Gen11,s_curve,,20,test,(Bf_U13)s_curve_bounds+dynamics+geo_bounds+halfspace+obstacles,model_free-tightened,True,proj_valid,0.0,,0.0,,,,,,644.3,287.6317800557272,645.6,,0.2449299481883608,244.92994818836078,84.6780061019676,160.2519420863932,313.00402933731675,1.0,173.39328350734348,,,10
28,s_curve|K20|Gen11,s_curve,,20,test,(Bf_U13)s_curve_bounds+dynamics+geo_bounds+halfspace+obstacles,bounds_free,False,all,0.0,,0.0,,,,,,449.0,7076.2129892061475,645.6,,0.8485441083306166,848.5441083306165,84.71048130755375,763.8336270230627,2637.9702229611557,1.0,61.57811092321407,,,10
28,s_curve|K20|Gen11,s_curve,,20,test,(Bf_U13)s_curve_bounds+dynamics+geo_bounds+halfspace+obstacles,bounds_free,False,proj_valid,0.0,,0.0,,,,,,449.0,7076.2129892061475,645.6,,0.8485441083306166,848.5441083306165,84.71048130755375,763.8336270230627,2637.9702229611557,1.0,61.57811092321407,,,10
28,s_curve|K20|Gen11,s_curve,,20,test,(Bf_U13)s_curve_bounds+dynamics+geo_bounds+halfspace+obstacles,geo_free,False,all,0.1,,0.0,,,,,,541.9,165.59308714761818,645.6,,0.16279292692024055,162.79292692024055,84.61353184514266,78.1793950750979,223.82812767289573,1.0,5.148531157398091,,,10
28,s_curve|K20|Gen11,s_curve,,20,test,(Bf_U13)s_curve_bounds+dynamics+geo_bounds+halfspace+obstacles,geo_free,False,proj_valid,0.1,,0.0,,,,,,541.9,165.59308714761818,645.6,,0.16279292692024055,162.79292692024055,84.61353184514266,78.1793950750979,223.82812767289573,1.0,5.148531157398091,,,10
28,s_curve|K20|Gen11,s_curve,,20,test,(Bf_U13)s_curve_bounds+dynamics+geo_bounds+halfspace+obstacles,geo_free-bounds_free,False,all,0.1,,0.0,,,,,,540.5,920.0775564423788,645.6,,0.1391233940356815,139.12339403568149,84.6374001215519,54.48599391412959,161.25614640302956,1.0,1.7961180057346233,,,10
28,s_curve|K20|Gen11,s_curve,,20,test,(Bf_U13)s_curve_bounds+dynamics+geo_bounds+halfspace+obstacles,geo_free-bounds_free,False,proj_valid,0.1,,0.0,,,,,,540.5,920.0775564423788,645.6,,0.1391233940356815,139.12339403568149,84.6374001215519,54.48599391412959,161.25614640302956,1.0,1.7961180057346233,,,10
28,s_curve|K20|Gen11,s_curve,,20,test,(Bf_U13)s_curve_bounds+dynamics+geo_bounds+halfspace+obstacles,geo_free-model_free,False,all,0.0,,0.0,,,,,,642.1,796.004824445867,645.6,,0.12778847022338619,127.78847022338618,84.6161161870912,43.172354036295,133.99047188460827,1.0,156.43244268658913,,,10
28,s_curve|K20|Gen11,s_curve,,20,test,(Bf_U13)s_curve_bounds+dynamics+geo_bounds+halfspace+obstacles,geo_free-model_free,False,proj_valid,0.0,,0.0,,,,,,642.1,796.004824445867,645.6,,0.12778847022338619,127.78847022338618,84.6161161870912,43.172354036295,133.99047188460827,1.0,156.43244268658913,,,10
28,s_curve|K20|Gen11,s_curve,,20,test,legacy(Bf_U8_debug)/s_curve_bounds+dynamics,diffuser,False,all,0.0,,0.0,,,,,,0.0,0.0,645.6,,0.08439300930652593,84.39300930652594,84.39300930652594,0.0,87.57354320958257,1.0,153.70639990718482,,,10
28,s_curve|K20|Gen11,s_curve,,20,test,legacy(Bf_U8_debug)/s_curve_bounds+dynamics,diffuser,False,proj_valid,0.0,,0.0,,,,,,0.0,0.0,645.6,,0.08439300930652593,84.39300930652594,84.39300930652594,0.0,87.57354320958257,1.0,153.70639990718482,,,10
28,s_curve|K20|Gen11,s_curve,,20,test,legacy(Bf_U8_debug)/s_curve_bounds+dynamics,dpcc-r,False,all,0.1,,0.1,,,,,,0.0,0.0,645.6,,0.15575976135112668,155.75976135112666,87.14239988149157,68.61736146963509,186.63875937461853,1.0,2.7454889009350154,,,10
28,s_curve|K20|Gen11,s_curve,,20,test,legacy(Bf_U8_debug)/s_curve_bounds+dynamics,dpcc-r,False,proj_valid,0.1,,0.1,,,,,,0.0,0.0,645.6,,0.15575976135112668,155.75976135112666,87.14239988149157,68.61736146963509,186.63875937461853,1.0,2.7454889009350154,,,10
28,s_curve|K20|Gen11,s_curve,,20,test,legacy(Bf_U8_debug)/s_curve_bounds+dynamics,dpcc-c,False,all,0.1,,0.1,,,,,,0.0,0.0,645.6,,0.14448049470185484,144.48049470185487,87.02710163943729,57.45339306241756,147.01433781534433,1.0,0.4991217400108542,,,10
28,s_curve|K20|Gen11,s_curve,,20,test,legacy(Bf_U8_debug)/s_curve_bounds+dynamics,dpcc-c,False,proj_valid,0.1,,0.1,,,,,,0.0,0.0,645.6,,0.14448049470185484,144.48049470185487,87.02710163943729,57.45339306241756,147.01433781534433,1.0,0.4991217400108542,,,10
28,s_curve|K20|Gen11,s_curve,,20,test,legacy(Bf_U8_debug)/s_curve_bounds+dynamics,dpcc-t,False,all,0.1,,0.1,,,,,,0.0,0.0,645.6,,0.1655549836759877,165.55498367598767,85.28759935303847,80.26738432294921,222.92259738780558,1.0,6.4705286172899905,,,10
28,s_curve|K20|Gen11,s_curve,,20,test,legacy(Bf_U8_debug)/s_curve_bounds+dynamics,dpcc-t,False,proj_valid,0.1,,0.1,,,,,,0.0,0.0,645.6,,0.1655549836759877,165.55498367598767,85.28759935303847,80.26738432294921,222.92259738780558,1.0,6.4705286172899905,,,10
28,s_curve|K20|Gen11,s_curve,,20,test,legacy(Bf_U8_debug)/s_curve_bounds+dynamics,gradient,False,all,0.0,,0.0,,,,,,0.0,0.0,645.6,,0.09095691179426248,90.95691179426248,90.95691179426248,0.0,93.05908971466124,1.0,5.291884567135444,,,10
28,s_curve|K20|Gen11,s_curve,,20,test,legacy(Bf_U8_debug)/s_curve_bounds+dynamics,gradient,False,proj_valid,0.0,,0.0,,,,,,0.0,0.0,645.6,,0.09095691179426248,90.95691179426248,90.95691179426248,0.0,93.05908971466124,1.0,5.291884567135444,,,10
28,s_curve|K20|Gen11,s_curve,,20,test,legacy(Bf_U8_debug)/s_curve_bounds+dynamics,post_processing,False,all,0.0,,0.0,,,,,,0.0,0.0,645.6,,0.10011254308129243,100.11254308129242,83.90226987014452,16.210273211147904,115.15511630102992,1.0,3.7293512798835726,,,10
28,s_curve|K20|Gen11,s_curve,,20,test,legacy(Bf_U8_debug)/s_curve_bounds+dynamics,post_processing,False,proj_valid,0.0,,0.0,,,,,,0.0,0.0,645.6,,0.10011254308129243,100.11254308129242,83.90226987014452,16.210273211147904,115.15511630102992,1.0,3.7293512798835726,,,10
28,s_curve|K20|Gen11,s_curve,,20,test,legacy(Bf_U8_debug)/s_curve_bounds+dynamics,model_free,False,all,0.0,,0.0,,,,,,0.0,0.0,645.6,,0.13026969706805405,130.26969706805406,86.26254415820978,44.00715290984427,136.94971894845366,1.0,156.43244268658913,,,10
28,s_curve|K20|Gen11,s_curve,,20,test,legacy(Bf_U8_debug)/s_curve_bounds+dynamics,model_free,False,proj_valid,0.0,,0.0,,,,,,0.0,0.0,645.6,,0.13026969706805405,130.26969706805406,86.26254415820978,44.00715290984427,136.94971894845366,1.0,156.43244268658913,,,10
28,s_curve|K20|Gen11,s_curve,,20,test,legacy(Bf_U8_debug)/s_curve_bounds+dynamics+geo_bounds+halfspace+obstacles,diffuser,False,all,0.0,,0.0,,,,,,640.5,988.3657451892556,645.6,,0.0834699274664624,83.46992746646241,83.46992746646241,0.0,86.39982338994741,1.0,146.86528729825818,,,10
28,s_curve|K20|Gen11,s_curve,,20,test,legacy(Bf_U8_debug)/s_curve_bounds+dynamics+geo_bounds+halfspace+obstacles,diffuser,False,proj_valid,0.0,,0.0,,,,,,640.5,988.3657451892556,645.6,,0.0834699274664624,83.46992746646241,83.46992746646241,0.0,86.39982338994741,1.0,146.86528729825818,,,10
28,s_curve|K20|Gen11,s_curve,,20,test,legacy(Bf_U8_debug)/s_curve_bounds+dynamics+geo_bounds+halfspace+obstacles,gradient,False,all,0.0,,0.0,,,,,,622.2,531.7164206400083,645.6,,0.09158833577767345,91.58833577767345,91.58833577767345,0.0,94.50714877806604,1.0,5.202385682315603,,,10
28,s_curve|K20|Gen11,s_curve,,20,test,legacy(Bf_U8_debug)/s_curve_bounds+dynamics+geo_bounds+halfspace+obstacles,gradient,False,proj_valid,0.0,,0.0,,,,,,622.2,531.7164206400083,645.6,,0.09158833577767345,91.58833577767345,91.58833577767345,0.0,94.50714877806604,1.0,5.202385682315603,,,10
28,s_curve|K20|Gen11,s_curve,,20,test,legacy(Bf_U8_debug)/s_curve_bounds+dynamics+geo_bounds+halfspace+obstacles,gradient-tightened,True,all,0.0,,0.0,,,,,,626.6,323.4894816051423,645.6,,0.09066266241677658,90.66266241677657,90.66266241677657,0.0,93.38982627727091,1.0,6.040585681862419,,,10
28,s_curve|K20|Gen11,s_curve,,20,test,legacy(Bf_U8_debug)/s_curve_bounds+dynamics+geo_bounds+halfspace+obstacles,gradient-tightened,True,proj_valid,0.0,,0.0,,,,,,626.6,323.4894816051423,645.6,,0.09066266241677658,90.66266241677657,90.66266241677657,0.0,93.38982627727091,1.0,6.040585681862419,,,10
28,s_curve|K20|Gen11,s_curve,,20,test,legacy(Bf_U8_debug)/s_curve_bounds+dynamics+geo_bounds+halfspace+obstacles,post_processing,False,all,0.0,,0.0,,,,,,382.1,10158.964523716495,645.6,,0.1672427035337179,167.2427035337179,83.52606871694103,83.71663481677687,278.3058618474751,1.0,21.296279221073114,,,10
28,s_curve|K20|Gen11,s_curve,,20,test,legacy(Bf_U8_debug)/s_curve_bounds+dynamics+geo_bounds+halfspace+obstacles,post_processing,False,proj_valid,0.0,,0.0,,,,,,382.1,10158.964523716495,645.6,,0.1672427035337179,167.2427035337179,83.52606871694103,83.71663481677687,278.3058618474751,1.0,21.296279221073114,,,10
28,s_curve|K20|Gen11,s_curve,,20,test,legacy(Bf_U8_debug)/s_curve_bounds+dynamics+geo_bounds+halfspace+obstacles,post_processing-tightened,True,all,0.0,,0.0,,,,,,389.8,8522.782605435365,645.6,,0.1829102382328744,182.9102382328744,83.64036380228274,99.26987443059166,299.1047904547303,1.0,25.688175158930346,,,10
28,s_curve|K20|Gen11,s_curve,,20,test,legacy(Bf_U8_debug)/s_curve_bounds+dynamics+geo_bounds+halfspace+obstacles,post_processing-tightened,True,proj_valid,0.0,,0.0,,,,,,389.8,8522.782605435365,645.6,,0.1829102382328744,182.9102382328744,83.64036380228274,99.26987443059166,299.1047904547303,1.0,25.688175158930346,,,10
28,s_curve|K20|Gen11,s_curve,,20,test,legacy(Bf_U8_debug)/s_curve_bounds+dynamics+geo_bounds+halfspace+obstacles,model_free,False,all,0.0,,0.0,,,,,,644.0,348.8650152107176,645.6,,0.22687899041902532,226.87899041902534,83.7546652294744,143.12432518955092,290.01245776191354,1.0,173.9283146871124,,,10
28,s_curve|K20|Gen11,s_curve,,20,test,legacy(Bf_U8_debug)/s_curve_bounds+dynamics+geo_bounds+halfspace+obstacles,model_free,False,proj_valid,0.0,,0.0,,,,,,644.0,348.8650152107176,645.6,,0.22687899041902532,226.87899041902534,83.7546652294744,143.12432518955092,290.01245776191354,1.0,173.9283146871124,,,10
28,s_curve|K20|Gen11,s_curve,,20,test,legacy(Bf_U8_debug)/s_curve_bounds+dynamics+geo_bounds+halfspace+obstacles,model_free-tightened,True,all,0.0,,0.0,,,,,,644.4,422.5328204335143,645.6,,0.23180745501913122,231.8074550191312,83.70340611069899,148.10404890843222,302.8986568469554,1.0,175.37299761286187,,,10
28,s_curve|K20|Gen11,s_curve,,20,test,legacy(Bf_U8_debug)/s_curve_bounds+dynamics+geo_bounds+halfspace+obstacles,model_free-tightened,True,proj_valid,0.0,,0.0,,,,,,644.4,422.5328204335143,645.6,,0.23180745501913122,231.8074550191312,83.70340611069899,148.10404890843222,302.8986568469554,1.0,175.37299761286187,,,10
28,s_curve|K20|Gen11,s_curve,,20,test,legacy(Bf_U8_debug)/s_curve_bounds+dynamics+geo_bounds+halfspace+obstacles/s_curve_bounds+dynamics+geo_bounds+halfspace+obstacles,gradient,False,all,0.0,,,,,,,,,,,,0.09038302947315827,90.38302947315826,90.38302947315826,0.0,92.40616535767913,,6.016718256977261,,,5
28,s_curve|K20|Gen11,s_curve,,20,test,legacy(Bf_U8_debug)/s_curve_bounds+dynamics+geo_bounds+halfspace+obstacles/s_curve_bounds+dynamics+geo_bounds+halfspace+obstacles,gradient,False,proj_valid,0.0,,,,,,,,,,,,0.09038302947315827,90.38302947315826,90.38302947315826,0.0,92.40616535767913,,6.016718256977261,,,5
28,s_curve|K20|Gen11,s_curve,,20,test,legacy(Bf_U8_debug)/s_curve_dynamics,diffuser,False,all,0.0,,0.0,,,,,,0.0,0.0,645.6,,0.08344369699192335,83.44369699192335,83.44369699192335,0.0,86.35317984968424,1.0,146.86528729825818,,,10
28,s_curve|K20|Gen11,s_curve,,20,test,legacy(Bf_U8_debug)/s_curve_dynamics,diffuser,False,proj_valid,0.0,,0.0,,,,,,0.0,0.0,645.6,,0.08344369699192335,83.44369699192335,83.44369699192335,0.0,86.35317984968424,1.0,146.86528729825818,,,10
28,s_curve|K20|Gen11,s_curve,,20,test,legacy(Bf_U8_debug)/s_curve_dynamics,dpcc-r,False,all,0.1,,0.1,,,,,,0.0,0.0,645.6,,0.1294625702496986,129.4625702496986,83.43990003261356,46.02267021708503,132.4078770261258,1.0,0.5288337944961592,,,10
28,s_curve|K20|Gen11,s_curve,,20,test,legacy(Bf_U8_debug)/s_curve_dynamics,dpcc-r,False,proj_valid,0.1,,0.1,,,,,,0.0,0.0,645.6,,0.1294625702496986,129.4625702496986,83.43990003261356,46.02267021708503,132.4078770261258,1.0,0.5288337944961592,,,10
28,s_curve|K20|Gen11,s_curve,,20,test,legacy(Bf_U8_debug)/s_curve_dynamics,dpcc-c,False,all,0.1,,0.1,,,,,,0.0,0.0,645.6,,0.14619521467085256,146.19521467085258,83.22585622731242,62.969358443540145,194.484074851498,1.0,3.6375027607396917,,,10
28,s_curve|K20|Gen11,s_curve,,20,test,legacy(Bf_U8_debug)/s_curve_dynamics,dpcc-c,False,proj_valid,0.1,,0.1,,,,,,0.0,0.0,645.6,,0.14619521467085256,146.19521467085258,83.22585622731242,62.969358443540145,194.484074851498,1.0,3.6375027607396917,,,10
28,s_curve|K20|Gen11,s_curve,,20,test,legacy(Bf_U8_debug)/s_curve_dynamics,dpcc-t,False,all,0.1,,0.1,,,,,,0.0,0.0,645.6,,0.14853484435550457,148.53484435550456,84.05400632842172,64.48083802708285,195.28958429582417,1.0,4.073068746315946,,,10
28,s_curve|K20|Gen11,s_curve,,20,test,legacy(Bf_U8_debug)/s_curve_dynamics,dpcc-t,False,proj_valid,0.1,,0.1,,,,,,0.0,0.0,645.6,,0.14853484435550457,148.53484435550456,84.05400632842172,64.48083802708285,195.28958429582417,1.0,4.073068746315946,,,10
28,s_curve|K20|Gen11,s_curve,,20,test,legacy(Bf_U8_debug)/s_curve_dynamics,gradient,False,all,0.0,,0.0,,,,,,0.0,0.0,645.6,,0.0874855447389412,87.48554473894121,87.48554473894121,0.0,90.75990139506757,1.0,5.294707646935471,,,10
28,s_curve|K20|Gen11,s_curve,,20,test,legacy(Bf_U8_debug)/s_curve_dynamics,gradient,False,proj_valid,0.0,,0.0,,,,,,0.0,0.0,645.6,,0.0874855447389412,87.48554473894121,87.48554473894121,0.0,90.75990139506757,1.0,5.294707646935471,,,10
28,s_curve|K20|Gen11,s_curve,,20,test,legacy(Bf_U8_debug)/s_curve_dynamics,post_processing,False,all,0.0,,0.0,,,,,,0.0,0.0,645.6,,0.09465149561150096,94.65149561150096,82.91652788871248,11.734967722788468,101.04853588156402,1.0,2.732047511460145,,,10
28,s_curve|K20|Gen11,s_curve,,20,test,legacy(Bf_U8_debug)/s_curve_dynamics,post_processing,False,proj_valid,0.0,,0.0,,,,,,0.0,0.0,645.6,,0.09465149561150096,94.65149561150096,82.91652788871248,11.734967722788468,101.04853588156402,1.0,2.732047511460145,,,10
28,s_curve|K20|Gen11,s_curve,,20,test,legacy(Bf_U8_debug)/s_curve_dynamics,model_free,False,all,0.0,,0.0,,,,,,0.0,0.0,645.6,,0.11744161566229545,117.44161566229545,84.22105559812965,33.22056006416582,145.52307941950858,1.0,150.36715455715878,,,10
28,s_curve|K20|Gen11,s_curve,,20,test,legacy(Bf_U8_debug)/s_curve_dynamics,model_free,False,proj_valid,0.0,,0.0,,,,,,0.0,0.0,645.6,,0.11744161566229545,117.44161566229545,84.22105559812965,33.22056006416582,145.52307941950858,1.0,150.36715455715878,,,10
28,s_curve|K20|Gen11,s_curve,,20,test,s_curve_bounds+dynamics+geo_bounds+halfspace+obstacles,diffuser,False,all,0.0,0.0,0.0,0.0,0.0,0.0,0.0,6.338442832540752,818.6,330.32374594227065,871.0,,0.08555453561875118,85.55453561875117,85.55453561875117,0.0,89.38342593610287,1.0,252.7613335993211,0.798124760811328,-0.008245109552834435,10
28,s_curve|K20|Gen11,s_curve,,20,test,s_curve_bounds+dynamics+geo_bounds+halfspace+obstacles,diffuser,False,proj_valid,0.0,0.0,0.0,0.0,0.0,0.0,0.0,6.338442832540752,818.6,330.32374594227065,871.0,,0.08555453561875118,85.55453561875117,85.55453561875117,0.0,89.38342593610287,1.0,252.7613335993211,0.798124760811328,-0.008245109552834435,10
28,s_curve|K20|Gen11,s_curve,,20,test,s_curve_bounds+dynamics+geo_bounds+halfspace+obstacles,dpcc-r,False,all,0.0,0.0,0.0,0.0,0.0,0.1,0.0,25.2663260168624,468.8,15637.700350005834,871.0,,0.8546932959383788,854.6932959383788,85.66593941211289,769.0273565262659,2631.4755021594465,1.0,48.53572804623441,0.13379257558362037,0.037991241918420814,10
28,s_curve|K20|Gen11,s_curve,,20,test,s_curve_bounds+dynamics+geo_bounds+halfspace+obstacles,dpcc-r,False,proj_valid,0.0,0.0,0.0,0.0,0.0,0.1,0.0,25.2663260168624,468.8,15637.700350005834,871.0,,0.8546932959383788,854.6932959383788,85.66593941211289,769.0273565262659,2631.4755021594465,1.0,48.53572804623441,0.13379257558362037,0.037991241918420814,10
28,s_curve|K20|Gen11,s_curve,,20,test,s_curve_bounds+dynamics+geo_bounds+halfspace+obstacles,dpcc-r-tightened,True,all,0.0,0.0,0.0,0.0,0.0,0.0,0.0,24.859637745865204,487.7,9756.854759039841,871.0,,0.8193889619637147,819.3889619637148,86.19642846872249,733.1925334949923,2460.9811500646174,1.0,48.33216741061946,0.11259089169536932,0.03727379362469781,10
28,s_curve|K20|Gen11,s_curve,,20,test,s_curve_bounds+dynamics+geo_bounds+halfspace+obstacles,dpcc-r-tightened,True,proj_valid,0.0,0.0,0.0,0.0,0.0,0.0,0.0,24.859637745865204,487.7,9756.854759039841,871.0,,0.8193889619637147,819.3889619637148,86.19642846872249,733.1925334949923,2460.9811500646174,1.0,48.33216741061946,0.11259089169536932,0.03727379362469781,10
28,s_curve|K20|Gen11,s_curve,,20,test,s_curve_bounds+dynamics+geo_bounds+halfspace+obstacles,dpcc-c,False,all,0.0,0.1,0.0,0.0,0.0,0.1,0.0,18.23779506780742,473.1,9830.65083891332,871.0,,0.9390779175674788,939.0779175674788,85.65640423134671,853.4215133361322,3152.008426375687,1.0,42.7182526480979,0.08939915805587448,0.13140501452530612,10
28,s_curve|K20|Gen11,s_curve,,20,test,s_curve_bounds+dynamics+geo_bounds+halfspace+obstacles,dpcc-c,False,proj_valid,0.0,0.1,0.0,0.0,0.0,0.1,0.0,18.23779506780742,473.1,9830.65083891332,871.0,,0.9390779175674788,939.0779175674788,85.65640423134671,853.4215133361322,3152.008426375687,1.0,42.7182526480979,0.08939915805587448,0.13140501452530612,10
28,s_curve|K20|Gen11,s_curve,,20,test,s_curve_bounds+dynamics+geo_bounds+halfspace+obstacles,dpcc-c-tightened,True,all,0.0,0.0,0.0,0.0,0.0,0.0,0.0,7.590481926759733,474.9,5352.2958678001705,871.0,,1.0098282766285707,1009.8282766285705,85.43716842344995,924.3911082051206,3277.0793786272407,1.0,40.271868458785455,0.14010715652506697,0.1496606730412689,10
28,s_curve|K20|Gen11,s_curve,,20,test,s_curve_bounds+dynamics+geo_bounds+halfspace+obstacles,dpcc-c-tightened,True,proj_valid,0.0,0.0,0.0,0.0,0.0,0.0,0.0,7.590481926759733,474.9,5352.2958678001705,871.0,,1.0098282766285707,1009.8282766285705,85.43716842344995,924.3911082051206,3277.0793786272407,1.0,40.271868458785455,0.14010715652506697,0.1496606730412689,10
28,s_curve|K20|Gen11,s_curve,,20,test,s_curve_bounds+dynamics+geo_bounds+halfspace+obstacles,dpcc-t,False,all,0.0,0.0,0.0,0.0,0.0,0.0,0.1,15.009558550858264,420.0,5721.926857465423,847.2,633.0,1.0921326816851882,1092.1326816851883,85.10343373566997,1007.0292479495183,3959.31455694139,1.0,42.9002960721322,0.20237051466449502,0.174022591408069,10
28,s_curve|K20|Gen11,s_curve,,20,test,s_curve_bounds+dynamics+geo_bounds+halfspace+obstacles,dpcc-t,False,proj_valid,0.0,0.0,0.0,0.0,0.0,0.0,0.1,15.009558550858264,420.0,5721.926857465423,847.2,633.0,1.0921326816851882,1092.1326816851883,85.10343373566997,1007.0292479495183,3959.31455694139,1.0,42.9002960721322,0.20237051466449502,0.174022591408069,10
28,s_curve|K20|Gen11,s_curve,,20,test,s_curve_bounds+dynamics+geo_bounds+halfspace+obstacles,dpcc-t-tightened,True,all,0.0,0.0,0.0,0.0,0.0,0.0,0.1,32.64197173027005,437.2,9086.98712800888,834.9,510.0,1.325352967987205,1325.352967987205,85.11378692453144,1240.2391810626737,4838.922245185822,1.0,46.5108057192532,0.2872829667649685,0.17361174336655721,10
28,s_curve|K20|Gen11,s_curve,,20,test,s_curve_bounds+dynamics+geo_bounds+halfspace+obstacles,dpcc-t-tightened,True,proj_valid,0.0,0.0,0.0,0.0,0.0,0.0,0.1,32.64197173027005,437.2,9086.98712800888,834.9,510.0,1.325352967987205,1325.352967987205,85.11378692453144,1240.2391810626737,4838.922245185822,1.0,46.5108057192532,0.2872829667649685,0.17361174336655721,10
28,s_curve|K20|Gen11,s_curve,,20,test,s_curve_bounds+dynamics+geo_bounds+halfspace+obstacles,gradient,False,all,0.0,0.0,0.0,0.0,0.0,0.0,0.0,5.6413112132568966,834.0,423.69253928427497,871.0,,0.09165190658526737,91.65190658526737,91.65190658526737,0.0,93.35286654531956,1.0,7.874047167556421,0.8862610026789131,0.037454839706890404,10
28,s_curve|K20|Gen11,s_curve,,20,test,s_curve_bounds+dynamics+geo_bounds+halfspace+obstacles,gradient,False,proj_valid,0.0,0.0,0.0,0.0,0.0,0.0,0.0,5.6413112132568966,834.0,423.69253928427497,871.0,,0.09165190658526737,91.65190658526737,91.65190658526737,0.0,93.35286654531956,1.0,7.874047167556421,0.8862610026789131,0.037454839706890404,10
28,s_curve|K20|Gen11,s_curve,,20,test,s_curve_bounds+dynamics+geo_bounds+halfspace+obstacles,gradient-tightened,True,all,0.0,0.0,0.0,0.0,0.0,0.0,0.0,5.1501915744373195,830.3,892.8462894666094,871.0,,0.09138654032134025,91.38654032134025,91.38654032134025,0.0,92.02828407287598,1.0,6.741372621860387,0.5388059701492537,0.07200794557661942,10
28,s_curve|K20|Gen11,s_curve,,20,test,s_curve_bounds+dynamics+geo_bounds+halfspace+obstacles,gradient-tightened,True,proj_valid,0.0,0.0,0.0,0.0,0.0,0.0,0.0,5.1501915744373195,830.3,892.8462894666094,871.0,,0.09138654032134025,91.38654032134025,91.38654032134025,0.0,92.02828407287598,1.0,6.741372621860387,0.5388059701492537,0.07200794557661942,10
28,s_curve|K20|Gen11,s_curve,,20,test,s_curve_bounds+dynamics+geo_bounds+halfspace+obstacles,post_processing,False,all,0.0,0.0,0.0,0.0,0.0,0.0,0.0,12.646684332048096,459.8,5035.6891427285445,871.0,,0.15492996389129715,154.92996389129715,84.34515051740456,70.58481337389257,258.7761564180255,1.0,30.60744943321219,0.046995790279372375,0.03331497072290427,10
28,s_curve|K20|Gen11,s_curve,,20,test,s_curve_bounds+dynamics+geo_bounds+halfspace+obstacles,post_processing,False,proj_valid,0.0,0.0,0.0,0.0,0.0,0.0,0.0,12.646684332048096,459.8,5035.6891427285445,871.0,,0.15492996389129715,154.92996389129715,84.34515051740456,70.58481337389257,258.7761564180255,1.0,30.60744943321219,0.046995790279372375,0.03331497072290427,10
28,s_curve|K20|Gen11,s_curve,,20,test,s_curve_bounds+dynamics+geo_bounds+halfspace+obstacles,post_processing-tightened,True,all,0.0,0.0,0.0,0.0,0.0,0.0,0.0,25.90609849378317,456.4,7748.853772768559,871.0,,0.15877714592013956,158.7771459201396,84.38914785531577,74.38799806482379,269.7911759838462,1.0,33.04234086994382,0.036624569460390353,0.012567595635058016,10
28,s_curve|K20|Gen11,s_curve,,20,test,s_curve_bounds+dynamics+geo_bounds+halfspace+obstacles,post_processing-tightened,True,proj_valid,0.0,0.0,0.0,0.0,0.0,0.0,0.0,25.90609849378317,456.4,7748.853772768559,871.0,,0.15877714592013956,158.7771459201396,84.38914785531577,74.38799806482379,269.7911759838462,1.0,33.04234086994382,0.036624569460390353,0.012567595635058016,10
28,s_curve|K20|Gen11,s_curve,,20,test,s_curve_bounds+dynamics+geo_bounds+halfspace+obstacles,model_free,False,all,0.0,0.0,0.0,0.0,0.0,0.0,0.0,5.989278249450921,813.8,720.2221745081545,871.0,,0.20867285877594513,208.67285877594514,84.86756698498941,123.80529179095572,261.02996384724975,1.0,250.13333354037604,0.5365862992728665,-0.019958403457292863,10
28,s_curve|K20|Gen11,s_curve,,20,test,s_curve_bounds+dynamics+geo_bounds+halfspace+obstacles,model_free,False,proj_valid,0.0,0.0,0.0,0.0,0.0,0.0,0.0,5.989278249450921,813.8,720.2221745081545,871.0,,0.20867285877594513,208.67285877594514,84.86756698498941,123.80529179095572,261.02996384724975,1.0,250.13333354037604,0.5365862992728665,-0.019958403457292863,10
28,s_curve|K20|Gen11,s_curve,,20,test,s_curve_bounds+dynamics+geo_bounds+halfspace+obstacles,model_free-tightened,True,all,0.0,0.0,0.0,0.0,0.0,0.0,0.0,6.284289662623047,817.7,357.0815515901135,871.0,,0.22404507131996887,224.04507131996883,84.84280474556677,139.20226657440207,275.58244029060006,1.0,264.7658507981027,0.6316877152698048,-0.005198118664860062,10
28,s_curve|K20|Gen11,s_curve,,20,test,s_curve_bounds+dynamics+geo_bounds+halfspace+obstacles,model_free-tightened,True,proj_valid,0.0,0.0,0.0,0.0,0.0,0.0,0.0,6.284289662623047,817.7,357.0815515901135,871.0,,0.22404507131996887,224.04507131996883,84.84280474556677,139.20226657440207,275.58244029060006,1.0,264.7658507981027,0.6316877152698048,-0.005198118664860062,10
28,s_curve|K20|Gen11,s_curve,,20,test,s_curve_bounds+dynamics+geo_bounds+halfspace+obstacles,bounds_free,False,all,0.0,0.0,0.0,0.0,0.0,0.0,0.0,16.6483549515731,509.9,8678.06530055329,871.0,,0.6033342530386336,603.3342530386337,84.92996494695288,518.4042880916808,1092.9479863494635,1.0,58.20509312854974,0.11201683888251053,-1143.7834452571158,10
28,s_curve|K20|Gen11,s_curve,,20,test,s_curve_bounds+dynamics+geo_bounds+halfspace+obstacles,bounds_free,False,proj_valid,0.0,0.0,0.0,0.0,0.0,0.0,0.0,16.6483549515731,509.9,8678.06530055329,871.0,,0.6033342530386336,603.3342530386337,84.92996494695288,518.4042880916808,1092.9479863494635,1.0,58.20509312854974,0.11201683888251053,-1143.7834452571158,10
28,s_curve|K20|Gen11,s_curve,,20,test,s_curve_bounds+dynamics+geo_bounds+halfspace+obstacles,geo_free,False,all,0.1,0.7,0.0,0.0,0.0,0.7,0.1,0.8868107785697544,509.6,124.00797549444383,843.8,599.0,0.1743645501526662,174.3645501526662,84.66090901150437,89.7036411411618,230.02057258039713,1.0,14.163824764954796,0.15127502336781481,0.8295317684161578,10
28,s_curve|K20|Gen11,s_curve,,20,test,s_curve_bounds+dynamics+geo_bounds+halfspace+obstacles,geo_free,False,proj_valid,0.1,0.7,0.0,0.0,0.0,0.7,0.1,0.8868107785697544,509.6,124.00797549444383,843.8,599.0,0.1743645501526662,174.3645501526662,84.66090901150437,89.7036411411618,230.02057258039713,1.0,14.163824764954796,0.15127502336781481,0.8295317684161578,10
28,s_curve|K20|Gen11,s_curve,,20,test,s_curve_bounds+dynamics+geo_bounds+halfspace+obstacles,geo_free-bounds_free,False,all,0.1,0.7,0.0,0.0,0.0,0.7,0.1,0.9863864356799377,512.1,124.86275805416524,844.1,602.0,0.15867592679622114,158.67592679622112,84.64341446025412,74.032512335967,201.25243867747486,1.0,15.465843460855671,0.14572473690835372,0.8337303536642148,10
28,s_curve|K20|Gen11,s_curve,,20,test,s_curve_bounds+dynamics+geo_bounds+halfspace+obstacles,geo_free-bounds_free,False,proj_valid,0.1,0.7,0.0,0.0,0.0,0.7,0.1,0.9863864356799377,512.1,124.86275805416524,844.1,602.0,0.15867592679622114,158.67592679622112,84.64341446025412,74.032512335967,201.25243867747486,1.0,15.465843460855671,0.14572473690835372,0.8337303536642148,10
28,s_curve|K20|Gen11,s_curve,,20,test,s_curve_bounds+dynamics+geo_bounds+halfspace+obstacles,geo_free-model_free,False,all,0.0,0.0,0.0,0.0,0.0,0.0,0.0,6.002430441145603,815.6,764.5513027753826,871.0,,0.12846840336409865,128.46840336409863,84.56420936246415,43.90419400163448,133.31321021541953,1.0,242.56230881775258,0.6678147722923843,0.003442307188489717,10
28,s_curve|K20|Gen11,s_curve,,20,test,s_curve_bounds+dynamics+geo_bounds+halfspace+obstacles,geo_free-model_free,False,proj_valid,0.0,0.0,0.0,0.0,0.0,0.0,0.0,6.002430441145603,815.6,764.5513027753826,871.0,,0.12846840336409865,128.46840336409863,84.56420936246415,43.90419400163448,133.31321021541953,1.0,242.56230881775258,0.6678147722923843,0.003442307188489717,10
29,corridor|fm|K10,corridor,fm,10,test,corridor_bounds+dynamics+geo_bounds+halfspace+obstacles,diffuser,False,all,0.4,0.7,0.0,0.0,0.0,0.7,0.4,0.8022352980276743,127.4,38.133322784750234,363.1,313.75,0.08568158786041565,85.68158786041565,85.68158786041565,0.0,86.0296495910734,1.0,16.832469720117977,0.12735690235690236,0.41849181044134054,10
29,corridor|fm|K10,corridor,fm,10,test,corridor_bounds+dynamics+geo_bounds+halfspace+obstacles,diffuser,False,proj_valid,0.4,0.7,0.0,0.0,0.0,0.7,0.4,0.8022352980276743,127.4,38.133322784750234,363.1,313.75,0.08568158786041565,85.68158786041565,85.68158786041565,0.0,86.0296495910734,1.0,16.832469720117977,0.12735690235690236,0.41849181044134054,10
29,corridor|fm|K10,corridor,fm,10,test,corridor_bounds+dynamics+geo_bounds+halfspace+obstacles,dpcc-r,False,all,1.0,1.0,1.0,1.0,1.0,1.0,1.0,0.2945512588980127,0.0,0.0,265.9,265.9,0.24183054191682118,241.83054191682118,85.12964568274568,156.70089623407551,306.4333136193454,1.0,0.5187915837801566,0.0,1.065940121940005,10
29,corridor|fm|K10,corridor,fm,10,test,corridor_bounds+dynamics+geo_bounds+halfspace+obstacles,dpcc-r,False,proj_valid,1.0,1.0,1.0,1.0,1.0,1.0,1.0,0.2945512588980127,0.0,0.0,265.9,265.9,0.24183054191682118,241.83054191682118,85.12964568274568,156.70089623407551,306.4333136193454,1.0,0.5187915837801566,0.0,1.065940121940005,10
29,corridor|fm|K10,corridor,fm,10,test,corridor_bounds+dynamics+geo_bounds+halfspace+obstacles,dpcc-r-tightened,True,all,0.9,0.9,0.7,0.7,0.7,0.9,0.9,0.40586940716023534,23.4,9.07082628013192,278.0,264.8888888888889,0.2812082693220811,281.2082693220811,84.92922361024432,196.27904571183677,380.74020735919476,1.0,4.896071274340674,0.045191543036108915,0.9350911545015463,10
29,corridor|fm|K10,corridor,fm,10,test,corridor_bounds+dynamics+geo_bounds+halfspace+obstacles,dpcc-r-tightened,True,proj_valid,0.9,0.9,0.7,0.7,0.7,0.9,0.9,0.40586940716023534,23.4,9.07082628013192,278.0,264.8888888888889,0.2812082693220811,281.2082693220811,84.92922361024432,196.27904571183677,380.74020735919476,1.0,4.896071274340674,0.045191543036108915,0.9350911545015463,10
29,corridor|fm|K10,corridor,fm,10,test,corridor_bounds+dynamics+geo_bounds+halfspace+obstacles,dpcc-c,False,all,1.0,1.0,1.0,1.0,1.0,1.0,1.0,0.2903531141181611,0.0,0.0,270.5,270.5,0.2419217162337815,241.9217162337815,85.02807760532828,156.8936386284532,304.8627339489758,1.0,0.5102378976583765,0.0,1.0580609180280902,10
29,corridor|fm|K10,corridor,fm,10,test,corridor_bounds+dynamics+geo_bounds+halfspace+obstacles,dpcc-c,False,proj_valid,1.0,1.0,1.0,1.0,1.0,1.0,1.0,0.2903531141181611,0.0,0.0,270.5,270.5,0.2419217162337815,241.9217162337815,85.02807760532828,156.8936386284532,304.8627339489758,1.0,0.5102378976583765,0.0,1.0580609180280902,10
29,corridor|fm|K10,corridor,fm,10,test,corridor_bounds+dynamics+geo_bounds+halfspace+obstacles,dpcc-c-tightened,True,all,0.8,0.8,0.6,0.6,0.6,0.8,0.9,0.4403295150155813,24.9,31.743740204437067,281.3,268.55555555555554,0.27902649287863107,279.0264928786311,84.97872402458484,194.0477688540462,376.5303998719901,1.0,5.389341046918583,0.009048227126529577,0.9475331085133405,10
29,corridor|fm|K10,corridor,fm,10,test,corridor_bounds+dynamics+geo_bounds+halfspace+obstacles,dpcc-c-tightened,True,proj_valid,0.8,0.8,0.6,0.6,0.6,0.8,0.9,0.4403295150155813,24.9,31.743740204437067,281.3,268.55555555555554,0.27902649287863107,279.0264928786311,84.97872402458484,194.0477688540462,376.5303998719901,1.0,5.389341046918583,0.009048227126529577,0.9475331085133405,10
29,corridor|fm|K10,corridor,fm,10,test,corridor_bounds+dynamics+geo_bounds+halfspace+obstacles,dpcc-t,False,all,1.0,1.0,1.0,1.0,1.0,1.0,1.0,0.29317656421564847,0.0,0.0,268.2,268.2,0.240771598585672,240.77159858567202,84.97421882058357,155.79737976508844,303.86345498263836,1.0,0.5144439207735048,0.0,1.0642782896443292,10
29,corridor|fm|K10,corridor,fm,10,test,corridor_bounds+dynamics+geo_bounds+halfspace+obstacles,dpcc-t,False,proj_valid,1.0,1.0,1.0,1.0,1.0,1.0,1.0,0.29317656421564847,0.0,0.0,268.2,268.2,0.240771598585672,240.77159858567202,84.97421882058357,155.79737976508844,303.86345498263836,1.0,0.5144439207735048,0.0,1.0642782896443292,10
29,corridor|fm|K10,corridor,fm,10,test,corridor_bounds+dynamics+geo_bounds+halfspace+obstacles,dpcc-t-tightened,True,all,0.9,0.9,0.7,0.7,0.7,0.9,0.9,0.3751970143880642,18.7,27.42741645449408,281.4,268.6666666666667,0.2855559310018335,285.5559310018335,84.90388544148469,200.65204556034882,359.5671035349369,1.0,2.6924377173374667,0.0015925925925925927,0.9593106400545803,10
29,corridor|fm|K10,corridor,fm,10,test,corridor_bounds+dynamics+geo_bounds+halfspace+obstacles,dpcc-t-tightened,True,proj_valid,0.9,0.9,0.7,0.7,0.7,0.9,0.9,0.3751970143880642,18.7,27.42741645449408,281.4,268.6666666666667,0.2855559310018335,285.5559310018335,84.90388544148469,200.65204556034882,359.5671035349369,1.0,2.6924377173374667,0.0015925925925925927,0.9593106400545803,10
29,corridor|fm|K10,corridor,fm,10,test,corridor_bounds+dynamics+geo_bounds+halfspace+obstacles,hardflow_new,False,all,1.0,1.0,1.0,1.0,1.0,1.0,1.0,0.2924544600357901,0.0,0.0,273.4,273.4,0.7197725978887425,719.7725978887424,136.2871808864285,583.485417002314,1069.4361328240484,1.0,0.5062845029651102,0.0,1.064677558473093,10
29,corridor|fm|K10,corridor,fm,10,test,corridor_bounds+dynamics+geo_bounds+halfspace+obstacles,hardflow_new,False,proj_valid,1.0,1.0,1.0,1.0,1.0,1.0,1.0,0.2924544600357901,0.0,0.0,273.4,273.4,0.7197725978887425,719.7725978887424,136.2871808864285,583.485417002314,1069.4361328240484,1.0,0.5062845029651102,0.0,1.064677558473093,10
29,corridor|fm|K10,corridor,fm,10,test,corridor_bounds+dynamics+geo_bounds+halfspace+obstacles,hardflow_new-c,False,all,1.0,1.0,1.0,1.0,1.0,1.0,1.0,0.29203953955716033,0.0,0.0,276.9,276.9,0.7564130843354457,756.4130843354458,136.86161826158565,619.5514660738602,1080.1055772043765,1.0,0.498364487710451,0.0,1.056940889109645,10
29,corridor|fm|K10,corridor,fm,10,test,corridor_bounds+dynamics+geo_bounds+halfspace+obstacles,hardflow_new-c,False,proj_valid,1.0,1.0,1.0,1.0,1.0,1.0,1.0,0.29203953955716033,0.0,0.0,276.9,276.9,0.7564130843354457,756.4130843354458,136.86161826158565,619.5514660738602,1080.1055772043765,1.0,0.498364487710451,0.0,1.056940889109645,10
29,corridor|fm|K10,corridor,fm,10,test,corridor_bounds+dynamics+geo_bounds+halfspace+obstacles,hardflow_new-t,False,all,1.0,1.0,1.0,1.0,1.0,1.0,1.0,0.29121727200684594,0.0,0.0,275.2,275.2,0.7253976951045213,725.3976951045214,136.95016811399358,588.4475269905278,1056.1380450613797,1.0,0.5022703207349201,0.0,1.064648240684359,10
29,corridor|fm|K10,corridor,fm,10,test,corridor_bounds+dynamics+geo_bounds+halfspace+obstacles,hardflow_new-t,False,proj_valid,1.0,1.0,1.0,1.0,1.0,1.0,1.0,0.29121727200684594,0.0,0.0,275.2,275.2,0.7253976951045213,725.3976951045214,136.95016811399358,588.4475269905278,1056.1380450613797,1.0,0.5022703207349201,0.0,1.064648240684359,10
29,corridor|fm|K10,corridor,fm,10,test,corridor_bounds+dynamics+geo_bounds+halfspace+obstacles,gradient,False,all,0.0,0.0,0.0,0.0,0.0,0.0,0.0,4.820249403573005,374.9,326.58243818177414,396.0,,0.09392247195920031,93.92247195920032,93.92247195920032,0.0,94.24923700280488,1.0,4.987125816928986,0.3725589225589226,0.054228992731272366,10
29,corridor|fm|K10,corridor,fm,10,test,corridor_bounds+dynamics+geo_bounds+halfspace+obstacles,gradient,False,proj_valid,0.0,0.0,0.0,0.0,0.0,0.0,0.0,4.820249403573005,374.9,326.58243818177414,396.0,,0.09392247195920031,93.92247195920032,93.92247195920032,0.0,94.24923700280488,1.0,4.987125816928986,0.3725589225589226,0.054228992731272366,10
29,corridor|fm|K10,corridor,fm,10,test,corridor_bounds+dynamics+geo_bounds+halfspace+obstacles,gradient-tightened,True,all,0.0,0.0,0.0,0.0,0.0,0.0,0.0,4.301074170995266,367.4,252.12174145108534,396.0,,0.09394832170436704,93.94832170436705,93.94832170436705,0.0,94.31309062056243,1.0,4.723639023921512,0.3037037037037037,0.045824503953977025,10
29,corridor|fm|K10,corridor,fm,10,test,corridor_bounds+dynamics+geo_bounds+halfspace+obstacles,gradient-tightened,True,proj_valid,0.0,0.0,0.0,0.0,0.0,0.0,0.0,4.301074170995266,367.4,252.12174145108534,396.0,,0.09394832170436704,93.94832170436705,93.94832170436705,0.0,94.31309062056243,1.0,4.723639023921512,0.3037037037037037,0.045824503953977025,10
29,corridor|fm|K10,corridor,fm,10,test,corridor_bounds+dynamics+geo_bounds+halfspace+obstacles,post_processing,False,all,1.0,1.0,1.0,1.0,1.0,1.0,1.0,0.29280462901444165,0.0,0.0,270.7,270.7,0.11186835377679649,111.8683537767965,84.59810824120594,27.27024553559057,142.32246316969395,1.0,0.5226950325007584,0.0,1.039809627356841,10
29,corridor|fm|K10,corridor,fm,10,test,corridor_bounds+dynamics+geo_bounds+halfspace+obstacles,post_processing,False,proj_valid,1.0,1.0,1.0,1.0,1.0,1.0,1.0,0.29280462901444165,0.0,0.0,270.7,270.7,0.11186835377679649,111.8683537767965,84.59810824120594,27.27024553559057,142.32246316969395,1.0,0.5226950325007584,0.0,1.039809627356841,10
29,corridor|fm|K10,corridor,fm,10,test,corridor_bounds+dynamics+geo_bounds+halfspace+obstacles,post_processing-tightened,True,all,0.4,0.4,0.3,0.3,0.3,0.4,0.4,7.651808249965407,180.5,886.568269245824,345.1,268.75,0.173740772676137,173.740772676137,84.7201108443341,89.0206618318029,233.8976216968149,1.0,127.21186760680408,0.1064253647586981,-14808.08396384789,10
29,corridor|fm|K10,corridor,fm,10,test,corridor_bounds+dynamics+geo_bounds+halfspace+obstacles,post_processing-tightened,True,proj_valid,0.4,0.4,0.3,0.3,0.3,0.4,0.4,7.651808249965407,180.5,886.568269245824,345.1,268.75,0.173740772676137,173.740772676137,84.7201108443341,89.0206618318029,233.8976216968149,1.0,127.21186760680408,0.1064253647586981,-14808.08396384789,10
29,corridor|fm|K10,corridor,fm,10,test,corridor_bounds+dynamics+geo_bounds+halfspace+obstacles,model_free,False,all,0.0,0.0,0.0,0.0,0.0,0.0,0.0,5.611192258134327,306.1,467.2377770675689,396.0,,0.18858290252633242,188.58290252633242,85.05657323955963,103.52632928677278,235.85295444354415,1.0,125.37086806295069,0.19276094276094274,0.2045046024051917,10
29,corridor|fm|K10,corridor,fm,10,test,corridor_bounds+dynamics+geo_bounds+halfspace+obstacles,model_free,False,proj_valid,0.0,0.0,0.0,0.0,0.0,0.0,0.0,5.611192258134327,306.1,467.2377770675689,396.0,,0.18858290252633242,188.58290252633242,85.05657323955963,103.52632928677278,235.85295444354415,1.0,125.37086806295069,0.19276094276094274,0.2045046024051917,10
29,corridor|fm|K10,corridor,fm,10,test,corridor_bounds+dynamics+geo_bounds+halfspace+obstacles,model_free-tightened,True,all,0.0,0.0,0.0,0.0,0.0,0.0,0.0,7.287615058374837,323.3,85543.5384486453,396.0,,0.20799976556251445,207.99976556251445,85.02639899867577,122.97336656383868,236.3821423612535,1.0,183.2137961448697,0.2505050505050505,-9756.942647113181,10
29,corridor|fm|K10,corridor,fm,10,test,corridor_bounds+dynamics+geo_bounds+halfspace+obstacles,model_free-tightened,True,proj_valid,0.0,0.0,0.0,0.0,0.0,0.0,0.0,7.287615058374837,323.3,85543.5384486453,396.0,,0.20799976556251445,207.99976556251445,85.02639899867577,122.97336656383868,236.3821423612535,1.0,183.2137961448697,0.2505050505050505,-9756.942647113181,10
29,corridor|fm|K10,corridor,fm,10,test,corridor_bounds+dynamics+geo_bounds+halfspace+obstacles,bounds_free,False,all,1.0,1.0,1.0,1.0,1.0,1.0,1.0,0.29322556270056255,0.0,0.0,268.2,268.2,0.21725190706478034,217.25190706478034,84.92456563478537,132.327341429995,267.2618695255369,1.0,0.5151953951357536,0.0,1.0625077485175327,10
29,corridor|fm|K10,corridor,fm,10,test,corridor_bounds+dynamics+geo_bounds+halfspace+obstacles,bounds_free,False,proj_valid,1.0,1.0,1.0,1.0,1.0,1.0,1.0,0.29322556270056255,0.0,0.0,268.2,268.2,0.21725190706478034,217.25190706478034,84.92456563478537,132.327341429995,267.2618695255369,1.0,0.5151953951357536,0.0,1.0625077485175327,10
29,corridor|fm|K10,corridor,fm,10,test,corridor_bounds+dynamics+geo_bounds+halfspace+obstacles,bounds_free-tightened,True,all,1.0,1.0,0.6,0.6,0.6,1.0,1.0,0.28936636275646477,2.8,0.044565308272838555,263.8,263.8,0.25815442313586606,258.15442313586607,85.18961632509253,172.96480681077358,271.9664910528809,1.0,0.5590121694257892,0.001488968108473862,1.0044846338219595,10
29,corridor|fm|K10,corridor,fm,10,test,corridor_bounds+dynamics+geo_bounds+halfspace+obstacles,bounds_free-tightened,True,proj_valid,1.0,1.0,0.6,0.6,0.6,1.0,1.0,0.28936636275646477,2.8,0.044565308272838555,263.8,263.8,0.25815442313586606,258.15442313586607,85.18961632509253,172.96480681077358,271.9664910528809,1.0,0.5590121694257892,0.001488968108473862,1.0044846338219595,10
29,corridor|fm|K10,corridor,fm,10,test,corridor_bounds+dynamics+geo_bounds+halfspace+obstacles,geo_free,False,all,0.8,0.8,0.4,0.4,0.4,0.8,0.8,6.782226514862144,40.9,449.87050386569297,292.6,266.75,0.16409137828323284,164.0913782832328,85.29803868508358,78.79333959814926,225.55804586037993,1.0,3.2295463614957036,0.0033761509658484434,0.7791893793410523,10
29,corridor|fm|K10,corridor,fm,10,test,corridor_bounds+dynamics+geo_bounds+halfspace+obstacles,geo_free,False,proj_valid,0.8,0.8,0.4,0.4,0.4,0.8,0.8,6.782226514862144,40.9,449.87050386569297,292.6,266.75,0.16409137828323284,164.0913782832328,85.29803868508358,78.79333959814926,225.55804586037993,1.0,3.2295463614957036,0.0033761509658484434,0.7791893793410523,10
29,corridor|fm|K10,corridor,fm,10,test,corridor_bounds+dynamics+geo_bounds+halfspace+obstacles,geo_free-bounds_free,False,all,1.0,1.0,0.6,0.6,0.6,1.0,1.0,0.29084439476336393,7.5,0.03797299563884725,268.4,268.4,0.13191918747744485,131.91918747744484,85.17592524033955,46.7432622371053,132.53156513907015,1.0,0.5360454943402441,0.002220906362457825,0.9667102415606849,10
29,corridor|fm|K10,corridor,fm,10,test,corridor_bounds+dynamics+geo_bounds+halfspace+obstacles,geo_free-bounds_free,False,proj_valid,1.0,1.0,0.6,0.6,0.6,1.0,1.0,0.29084439476336393,7.5,0.03797299563884725,268.4,268.4,0.13191918747744485,131.91918747744484,85.17592524033955,46.7432622371053,132.53156513907015,1.0,0.5360454943402441,0.002220906362457825,0.9667102415606849,10
29,corridor|fm|K10,corridor,fm,10,test,corridor_bounds+dynamics+geo_bounds+halfspace+obstacles,geo_free-model_free,False,all,0.0,0.0,0.0,0.0,0.0,0.0,0.0,5.31648741081379,309.4,450.70947105247285,396.0,,0.12827023134068255,128.27023134068256,85.14147691306366,43.1287544276189,137.61275578290224,1.0,133.45142663430917,0.3823232323232323,0.23742301652082648,10
29,corridor|fm|K10,corridor,fm,10,test,corridor_bounds+dynamics+geo_bounds+halfspace+obstacles,geo_free-model_free,False,proj_valid,0.0,0.0,0.0,0.0,0.0,0.0,0.0,5.31648741081379,309.4,450.70947105247285,396.0,,0.12827023134068255,128.27023134068256,85.14147691306366,43.1287544276189,137.61275578290224,1.0,133.45142663430917,0.3823232323232323,0.23742301652082648,10
29,corridor|fm|K10,corridor,fm,10,test,corridor_bounds+dynamics+geo_bounds+halfspace+obstacles,model_free-bounds_free,False,all,0.0,0.0,0.0,0.0,0.0,0.0,0.0,4.633777808488739,319.7,279.5308872419387,396.0,,0.1728371229333182,172.8371229333182,85.07824639714502,87.7588765361732,207.23686749115586,1.0,129.9850681830532,0.39646464646464646,0.2785665328461584,10
29,corridor|fm|K10,corridor,fm,10,test,corridor_bounds+dynamics+geo_bounds+halfspace+obstacles,model_free-bounds_free,False,proj_valid,0.0,0.0,0.0,0.0,0.0,0.0,0.0,4.633777808488739,319.7,279.5308872419387,396.0,,0.1728371229333182,172.8371229333182,85.07824639714502,87.7588765361732,207.23686749115586,1.0,129.9850681830532,0.39646464646464646,0.2785665328461584,10
29,corridor|fm|K10,corridor,fm,10,test,corridor_bounds+dynamics+geo_bounds+halfspace+obstacles,model_free-bounds_free-tightened,True,all,0.0,0.0,0.0,0.0,0.0,0.0,0.0,6.401818737413191,306.6,851.9173910199333,396.0,,0.17296544570861516,172.96544570861516,85.10652634296378,87.85891936565137,207.68067562021315,1.0,121.13025012028329,0.2602693602693603,0.2811817728154203,10
29,corridor|fm|K10,corridor,fm,10,test,corridor_bounds+dynamics+geo_bounds+halfspace+obstacles,model_free-bounds_free-tightened,True,proj_valid,0.0,0.0,0.0,0.0,0.0,0.0,0.0,6.401818737413191,306.6,851.9173910199333,396.0,,0.17296544570861516,172.96544570861516,85.10652634296378,87.85891936565137,207.68067562021315,1.0,121.13025012028329,0.2602693602693603,0.2811817728154203,10
30,corridor|fm|K1,corridor,fm,1,test,corridor_bounds+dynamics+geo_bounds+halfspace+obstacles,diffuser,False,all,0.0,0.0,0.0,0.0,0.0,0.0,0.0,60.658916371465544,367.7,15929.19120277866,396.0,,0.00913261529904875,9.132615299048748,9.132615299048748,0.0,9.23460517078638,0.0002525252525252525,174.58282629289974,0.0,-275.35447903563534,10
30,corridor|fm|K1,corridor,fm,1,test,corridor_bounds+dynamics+geo_bounds+halfspace+obstacles,diffuser,False,proj_valid,0.0,0.0,0.0,0.0,0.0,0.0,0.0,60.658916371465544,367.7,15929.19120277866,396.0,,0.00913261529904875,9.132615299048748,9.132615299048748,0.0,9.23460517078638,0.0002525252525252525,174.58282629289974,0.0,-275.35447903563534,10
30,corridor|fm|K1,corridor,fm,1,test,corridor_bounds+dynamics+geo_bounds+halfspace+obstacles,dpcc-r,False,all,0.0,0.1,0.0,0.0,0.0,0.1,0.0,6.152752217563185,217.6,371.3276953324997,396.0,,0.20470985867967356,204.70985867967357,9.03466164012148,195.67519703955207,449.3524466175586,0.7356060606060606,42.11520188977756,0.42878787878787883,0.21431667608642538,10
30,corridor|fm|K1,corridor,fm,1,test,corridor_bounds+dynamics+geo_bounds+halfspace+obstacles,dpcc-r,False,proj_valid,0.0,0.1,0.0,0.0,0.0,0.1,0.0,6.152752217563185,217.6,371.3276953324997,396.0,,0.20470985867967356,204.70985867967357,9.03466164012148,195.67519703955207,449.3524466175586,0.7356060606060606,42.11520188977756,0.42878787878787883,0.21431667608642538,10
30,corridor|fm|K1,corridor,fm,1,test,corridor_bounds+dynamics+geo_bounds+halfspace+obstacles,dpcc-r-tightened,True,all,0.1,0.1,0.0,0.0,0.0,0.1,0.3,4.981075699405342,180.4,269.3627093351107,358.2,270.0,0.14867122960310972,148.6712296031097,9.050735804198178,139.62049379891153,213.6154740769416,0.7141881830792933,40.04610138683355,0.31581819966793,0.37189640069786145,10
30,corridor|fm|K1,corridor,fm,1,test,corridor_bounds+dynamics+geo_bounds+halfspace+obstacles,dpcc-r-tightened,True,proj_valid,0.1,0.1,0.0,0.0,0.0,0.1,0.3,4.981075699405342,180.4,269.3627093351107,358.2,270.0,0.14867122960310972,148.6712296031097,9.050735804198178,139.62049379891153,213.6154740769416,0.7141881830792933,40.04610138683355,0.31581819966793,0.37189640069786145,10
30,corridor|fm|K1,corridor,fm,1,test,corridor_bounds+dynamics+geo_bounds+halfspace+obstacles,dpcc-c,False,all,0.0,0.0,0.0,0.0,0.0,0.0,0.0,9.5490254996434,192.5,716.4176656800003,396.0,,0.10723881789605424,107.23881789605426,9.071835668080233,98.16698222797402,287.51395707949996,0.6755050505050505,36.38053924199963,0.28114478114478114,0.2132665956081504,10
30,corridor|fm|K1,corridor,fm,1,test,corridor_bounds+dynamics+geo_bounds+halfspace+obstacles,dpcc-c,False,proj_valid,0.0,0.0,0.0,0.0,0.0,0.0,0.0,9.5490254996434,192.5,716.4176656800003,396.0,,0.10723881789605424,107.23881789605426,9.071835668080233,98.16698222797402,287.51395707949996,0.6755050505050505,36.38053924199963,0.28114478114478114,0.2132665956081504,10
30,corridor|fm|K1,corridor,fm,1,test,corridor_bounds+dynamics+geo_bounds+halfspace+obstacles,dpcc-c-tightened,True,all,0.0,0.0,0.0,0.0,0.0,0.0,0.0,7.874798069085637,282.6,493.80673776004915,396.0,,0.14092156266219763,140.92156266219763,9.06070757920694,131.8608550829907,245.14742488972843,0.8507575757575758,82.19860252015442,0.4786195286195286,0.1543242931980649,10
30,corridor|fm|K1,corridor,fm,1,test,corridor_bounds+dynamics+geo_bounds+halfspace+obstacles,dpcc-c-tightened,True,proj_valid,0.0,0.0,0.0,0.0,0.0,0.0,0.0,7.874798069085637,282.6,493.80673776004915,396.0,,0.14092156266219763,140.92156266219763,9.06070757920694,131.8608550829907,245.14742488972843,0.8507575757575758,82.19860252015442,0.4786195286195286,0.1543242931980649,10
30,corridor|fm|K1,corridor,fm,1,test,corridor_bounds+dynamics+geo_bounds+halfspace+obstacles,dpcc-t,False,all,0.0,0.0,0.0,0.0,0.0,0.0,0.0,13.73457881542286,196.0,1386.63469900335,396.0,,0.11803808243230288,118.03808243230287,9.187542791525372,108.8505396407775,350.37358114495873,0.6946969696969697,35.96853846270638,0.30513468013468015,0.23489124036359826,10
30,corridor|fm|K1,corridor,fm,1,test,corridor_bounds+dynamics+geo_bounds+halfspace+obstacles,dpcc-t,False,proj_valid,0.0,0.0,0.0,0.0,0.0,0.0,0.0,13.73457881542286,196.0,1386.63469900335,396.0,,0.11803808243230288,118.03808243230287,9.187542791525372,108.8505396407775,350.37358114495873,0.6946969696969697,35.96853846270638,0.30513468013468015,0.23489124036359826,10
30,corridor|fm|K1,corridor,fm,1,test,corridor_bounds+dynamics+geo_bounds+halfspace+obstacles,dpcc-t-tightened,True,all,0.2,0.2,0.0,0.0,0.0,0.2,0.3,5.381089747771075,171.0,372.242164909402,355.9,262.3333333333333,0.1333828093818836,133.38280938188362,9.22535299584443,124.15745638603919,196.60580959171057,0.7022396351426226,35.63013913410192,0.2521990825814847,0.40869191323322884,10
30,corridor|fm|K1,corridor,fm,1,test,corridor_bounds+dynamics+geo_bounds+halfspace+obstacles,dpcc-t-tightened,True,proj_valid,0.2,0.2,0.0,0.0,0.0,0.2,0.3,5.381089747771075,171.0,372.242164909402,355.9,262.3333333333333,0.1333828093818836,133.38280938188362,9.22535299584443,124.15745638603919,196.60580959171057,0.7022396351426226,35.63013913410192,0.2521990825814847,0.40869191323322884,10
30,corridor|fm|K1,corridor,fm,1,test,corridor_bounds+dynamics+geo_bounds+halfspace+obstacles,hardflow_new,False,all,0.0,0.0,0.0,0.0,0.0,0.0,0.2,3.418646036743143,164.8,266.10680975997235,371.6,274.0,0.9466094401211482,946.6094401211482,20.61697157338012,925.9924685477681,4490.42992465198,1.0,12.391819498168127,0.20009643886955453,0.16911556998076369,10
30,corridor|fm|K1,corridor,fm,1,test,corridor_bounds+dynamics+geo_bounds+halfspace+obstacles,hardflow_new,False,proj_valid,0.0,0.0,0.0,0.0,0.0,0.0,0.2,3.418646036743143,164.8,266.10680975997235,371.6,274.0,0.9466094401211482,946.6094401211482,20.61697157338012,925.9924685477681,4490.42992465198,1.0,12.391819498168127,0.20009643886955453,0.16911556998076369,10
30,corridor|fm|K1,corridor,fm,1,test,corridor_bounds+dynamics+geo_bounds+halfspace+obstacles,hardflow_new-c,False,all,0.0,0.0,0.0,0.0,0.0,0.0,0.0,1.7434867416965119,187.9,117.4850137796328,396.0,,0.6122780539349398,612.2780539349399,20.449499019675635,591.8285549152642,1742.0915779657662,1.0,15.014696831490301,0.3429292929292929,0.1405703892237835,10
30,corridor|fm|K1,corridor,fm,1,test,corridor_bounds+dynamics+geo_bounds+halfspace+obstacles,hardflow_new-c,False,proj_valid,0.0,0.0,0.0,0.0,0.0,0.0,0.0,1.7434867416965119,187.9,117.4850137796328,396.0,,0.6122780539349398,612.2780539349399,20.449499019675635,591.8285549152642,1742.0915779657662,1.0,15.014696831490301,0.3429292929292929,0.1405703892237835,10
30,corridor|fm|K1,corridor,fm,1,test,corridor_bounds+dynamics+geo_bounds+halfspace+obstacles,hardflow_new-t,False,all,0.1,0.1,0.0,0.0,0.0,0.1,0.1,2.730339984523986,177.8,289.9406996944775,384.9,285.0,1.1014067132543506,1101.4067132543507,20.675725792091516,1080.7309874622592,4407.856046948582,1.0,13.809469227477743,0.23083643452064506,0.2313816381885025,10
30,corridor|fm|K1,corridor,fm,1,test,corridor_bounds+dynamics+geo_bounds+halfspace+obstacles,hardflow_new-t,False,proj_valid,0.1,0.1,0.0,0.0,0.0,0.1,0.1,2.730339984523986,177.8,289.9406996944775,384.9,285.0,1.1014067132543506,1101.4067132543507,20.675725792091516,1080.7309874622592,4407.856046948582,1.0,13.809469227477743,0.23083643452064506,0.2313816381885025,10
30,corridor|fm|K1,corridor,fm,1,test,corridor_bounds+dynamics+geo_bounds+halfspace+obstacles,gradient,False,all,0.0,0.0,0.0,0.0,0.0,0.0,0.0,5.399136886725192,384.1,470.7056707780956,396.0,,0.010817205636395199,10.817205636395197,10.817205636395197,0.0,10.828566271811724,0.0002525252525252525,7.417507804146183,0.22702020202020198,0.06291203799921637,10
30,corridor|fm|K1,corridor,fm,1,test,corridor_bounds+dynamics+geo_bounds+halfspace+obstacles,gradient,False,proj_valid,0.0,0.0,0.0,0.0,0.0,0.0,0.0,5.399136886725192,384.1,470.7056707780956,396.0,,0.010817205636395199,10.817205636395197,10.817205636395197,0.0,10.828566271811724,0.0002525252525252525,7.417507804146183,0.22702020202020198,0.06291203799921637,10
30,corridor|fm|K1,corridor,fm,1,test,corridor_bounds+dynamics+geo_bounds+halfspace+obstacles,gradient-tightened,True,all,0.0,0.0,0.0,0.0,0.0,0.0,0.0,5.519941243059511,384.6,466.3715884945068,396.0,,0.010786756226849376,10.786756226849375,10.786756226849375,0.0,10.840495908632874,0.0,7.4314820770344925,0.06523569023569023,0.049988648740816356,10
30,corridor|fm|K1,corridor,fm,1,test,corridor_bounds+dynamics+geo_bounds+halfspace+obstacles,gradient-tightened,True,proj_valid,0.0,0.0,0.0,0.0,0.0,0.0,0.0,5.519941243059511,384.6,466.3715884945068,396.0,,0.010786756226849376,10.786756226849375,10.786756226849375,0.0,10.840495908632874,0.0,7.4314820770344925,0.06523569023569023,0.049988648740816356,10
30,corridor|fm|K1,corridor,fm,1,test,corridor_bounds+dynamics+geo_bounds+halfspace+obstacles,post_processing,False,all,0.0,0.0,0.0,0.0,0.0,0.0,0.0,8.355215991609336,209.2,520.9498299875139,396.0,,0.10147969282439184,101.47969282439185,9.020700836742316,92.45899198764954,233.14188015647233,0.7116161616161616,45.42493020379439,0.36102693602693603,0.18225419898817413,10
30,corridor|fm|K1,corridor,fm,1,test,corridor_bounds+dynamics+geo_bounds+halfspace+obstacles,post_processing,False,proj_valid,0.0,0.0,0.0,0.0,0.0,0.0,0.0,8.355215991609336,209.2,520.9498299875139,396.0,,0.10147969282439184,101.47969282439185,9.020700836742316,92.45899198764954,233.14188015647233,0.7116161616161616,45.42493020379439,0.36102693602693603,0.18225419898817413,10
30,corridor|fm|K1,corridor,fm,1,test,corridor_bounds+dynamics+geo_bounds+halfspace+obstacles,post_processing-tightened,True,all,0.3,0.3,0.0,0.0,0.0,0.3,0.3,4.610043041674946,163.1,268.03694235935836,355.7,261.6666666666667,0.13649128243762182,136.4912824376218,9.033171589584573,127.45811084803725,187.71122923120856,0.6935166419038381,30.376910484552155,0.258566690132191,0.3861635366271023,10
30,corridor|fm|K1,corridor,fm,1,test,corridor_bounds+dynamics+geo_bounds+halfspace+obstacles,post_processing-tightened,True,proj_valid,0.3,0.3,0.0,0.0,0.0,0.3,0.3,4.610043041674946,163.1,268.03694235935836,355.7,261.6666666666667,0.13649128243762182,136.4912824376218,9.033171589584573,127.45811084803725,187.71122923120856,0.6935166419038381,30.376910484552155,0.258566690132191,0.3861635366271023,10
30,corridor|fm|K1,corridor,fm,1,test,corridor_bounds+dynamics+geo_bounds+halfspace+obstacles,model_free,False,all,0.0,0.0,0.0,0.0,0.0,0.0,0.0,26.844039920476142,370.2,7361.298916202749,396.0,,0.06821538014337421,68.2153801433742,9.049492836882822,59.16588730649139,99.52376605942845,0.944949494949495,133.19457279220552,0.0,0.06321660257989417,10
30,corridor|fm|K1,corridor,fm,1,test,corridor_bounds+dynamics+geo_bounds+halfspace+obstacles,model_free,False,proj_valid,0.0,0.0,0.0,0.0,0.0,0.0,0.0,26.844039920476142,370.2,7361.298916202749,396.0,,0.06821538014337421,68.2153801433742,9.049492836882822,59.16588730649139,99.52376605942845,0.944949494949495,133.19457279220552,0.0,0.06321660257989417,10
30,corridor|fm|K1,corridor,fm,1,test,corridor_bounds+dynamics+geo_bounds+halfspace+obstacles,model_free-tightened,True,all,0.0,0.0,0.0,0.0,0.0,0.0,0.0,44.6488607590117,369.1,12064.369299510425,396.0,,0.06659530079782461,66.5953007978246,9.036751569841396,57.558549227983214,98.0442174244672,0.9436868686868687,144.82224742852162,0.07205387205387206,0.08315498976102119,10
30,corridor|fm|K1,corridor,fm,1,test,corridor_bounds+dynamics+geo_bounds+halfspace+obstacles,model_free-tightened,True,proj_valid,0.0,0.0,0.0,0.0,0.0,0.0,0.0,44.6488607590117,369.1,12064.369299510425,396.0,,0.06659530079782461,66.5953007978246,9.036751569841396,57.558549227983214,98.0442174244672,0.9436868686868687,144.82224742852162,0.07205387205387206,0.08315498976102119,10
30,corridor|fm|K1,corridor,fm,1,test,corridor_bounds+dynamics+geo_bounds+halfspace+obstacles,bounds_free,False,all,0.0,0.0,0.0,0.0,0.0,0.0,0.0,2.105874938616105,214.1,120.57171625655974,396.0,,0.08907568785267873,89.07568785267873,9.064194529477243,80.01149332320149,213.24096573516726,0.6909090909090909,46.942290907086104,0.41456228956228963,0.22856274542504643,10
30,corridor|fm|K1,corridor,fm,1,test,corridor_bounds+dynamics+geo_bounds+halfspace+obstacles,bounds_free,False,proj_valid,0.0,0.0,0.0,0.0,0.0,0.0,0.0,2.105874938616105,214.1,120.57171625655974,396.0,,0.08907568785267873,89.07568785267873,9.064194529477243,80.01149332320149,213.24096573516726,0.6909090909090909,46.942290907086104,0.41456228956228963,0.22856274542504643,10
30,corridor|fm|K1,corridor,fm,1,test,corridor_bounds+dynamics+geo_bounds+halfspace+obstacles,bounds_free-tightened,True,all,0.0,0.0,0.0,0.0,0.0,0.0,0.0,12.9441227779244,279.0,2449.2884449134153,396.0,,0.12143315358576601,121.433153585766,9.029477983336857,112.40367560242915,198.8401377107948,0.8265151515151515,74.81967139750891,0.37222222222222223,0.06797261232075721,10
30,corridor|fm|K1,corridor,fm,1,test,corridor_bounds+dynamics+geo_bounds+halfspace+obstacles,bounds_free-tightened,True,proj_valid,0.0,0.0,0.0,0.0,0.0,0.0,0.0,12.9441227779244,279.0,2449.2884449134153,396.0,,0.12143315358576601,121.433153585766,9.029477983336857,112.40367560242915,198.8401377107948,0.8265151515151515,74.81967139750891,0.37222222222222223,0.06797261232075721,10
30,corridor|fm|K1,corridor,fm,1,test,corridor_bounds+dynamics+geo_bounds+halfspace+obstacles,geo_free,False,all,0.0,0.0,0.0,0.0,0.0,0.0,0.0,3.562917491520762,340.8,111.42856409872873,396.0,,0.02791893964426385,27.91893964426385,8.979268342425877,18.939671301837972,41.74292921088636,0.09621212121212121,12.199698894446504,0.5521885521885521,0.22112264382503377,10
30,corridor|fm|K1,corridor,fm,1,test,corridor_bounds+dynamics+geo_bounds+halfspace+obstacles,geo_free,False,proj_valid,0.0,0.0,0.0,0.0,0.0,0.0,0.0,3.562917491520762,340.8,111.42856409872873,396.0,,0.02791893964426385,27.91893964426385,8.979268342425877,18.939671301837972,41.74292921088636,0.09621212121212121,12.199698894446504,0.5521885521885521,0.22112264382503377,10
30,corridor|fm|K1,corridor,fm,1,test,corridor_bounds+dynamics+geo_bounds+halfspace+obstacles,geo_free-bounds_free,False,all,0.0,0.0,0.0,0.0,0.0,0.0,0.0,2.9736090967707387,317.4,101.29770953336372,396.0,,0.025350468680544785,25.350468680544786,8.972507965459366,16.37796071508542,41.62878976203501,0.1318181818181818,14.21524139357282,0.506986531986532,0.2228543531295856,10
30,corridor|fm|K1,corridor,fm,1,test,corridor_bounds+dynamics+geo_bounds+halfspace+obstacles,geo_free-bounds_free,False,proj_valid,0.0,0.0,0.0,0.0,0.0,0.0,0.0,2.9736090967707387,317.4,101.29770953336372,396.0,,0.025350468680544785,25.350468680544786,8.972507965459366,16.37796071508542,41.62878976203501,0.1318181818181818,14.21524139357282,0.506986531986532,0.2228543531295856,10
30,corridor|fm|K1,corridor,fm,1,test,corridor_bounds+dynamics+geo_bounds+halfspace+obstacles,geo_free-model_free,False,all,0.0,0.0,0.0,0.0,0.0,0.0,0.0,22.42893169365171,366.0,6165.868602603015,396.0,,0.018998424091254067,18.99842409125407,8.96745046619514,10.03097362505893,20.35338580608368,0.000505050505050505,155.0907617866885,0.1356902356902357,0.069841317846752,10
30,corridor|fm|K1,corridor,fm,1,test,corridor_bounds+dynamics+geo_bounds+halfspace+obstacles,geo_free-model_free,False,proj_valid,0.0,0.0,0.0,0.0,0.0,0.0,0.0,22.42893169365171,366.0,6165.868602603015,396.0,,0.018998424091254067,18.99842409125407,8.96745046619514,10.03097362505893,20.35338580608368,0.000505050505050505,155.0907617866885,0.1356902356902357,0.069841317846752,10
30,corridor|fm|K1,corridor,fm,1,test,corridor_bounds+dynamics+geo_bounds+halfspace+obstacles,model_free-bounds_free,False,all,0.0,0.0,0.0,0.0,0.0,0.0,0.0,49.13953685753465,369.0,12770.933285563558,396.0,,0.054096168435808986,54.09616843580899,9.031629550618806,45.064538885190174,78.75029062852263,0.9275252525252526,146.03809263228646,0.06624579124579125,0.06459792145274161,10
30,corridor|fm|K1,corridor,fm,1,test,corridor_bounds+dynamics+geo_bounds+halfspace+obstacles,model_free-bounds_free,False,proj_valid,0.0,0.0,0.0,0.0,0.0,0.0,0.0,49.13953685753465,369.0,12770.933285563558,396.0,,0.054096168435808986,54.09616843580899,9.031629550618806,45.064538885190174,78.75029062852263,0.9275252525252526,146.03809263228646,0.06624579124579125,0.06459792145274161,10
30,corridor|fm|K1,corridor,fm,1,test,corridor_bounds+dynamics+geo_bounds+halfspace+obstacles,model_free-bounds_free-tightened,True,all,0.0,0.1,0.0,0.0,0.0,0.1,0.0,39.94263987973981,369.8,102531.58331062527,396.0,,0.056683198301911805,56.68319830191181,9.03031203067965,47.652886271232155,80.47584253363311,0.9431818181818181,211.4389827160951,0.07281144781144781,-7.772549516098903,10
30,corridor|fm|K1,corridor,fm,1,test,corridor_bounds+dynamics+geo_bounds+halfspace+obstacles,model_free-bounds_free-tightened,True,proj_valid,0.0,0.1,0.0,0.0,0.0,0.1,0.0,39.94263987973981,369.8,102531.58331062527,396.0,,0.056683198301911805,56.68319830191181,9.03031203067965,47.652886271232155,80.47584253363311,0.9431818181818181,211.4389827160951,0.07281144781144781,-7.772549516098903,10
31,corridor|fm|K20,corridor,fm,20,test,corridor_bounds+dynamics+geo_bounds+halfspace+obstacles,diffuser,False,all,0.4,0.4,0.4,0.4,0.4,0.4,0.4,1.2735857027634698,131.0,56.60728142853435,349.4,279.5,0.17194342914108027,171.9434291410803,171.9434291410803,0.0,173.3091040328145,1.0,28.928100009404808,0.17887205387205388,0.5720377031226557,10
31,corridor|fm|K20,corridor,fm,20,test,corridor_bounds+dynamics+geo_bounds+halfspace+obstacles,diffuser,False,proj_valid,0.4,0.4,0.4,0.4,0.4,0.4,0.4,1.2735857027634698,131.0,56.60728142853435,349.4,279.5,0.17194342914108027,171.9434291410803,171.9434291410803,0.0,173.3091040328145,1.0,28.928100009404808,0.17887205387205388,0.5720377031226557,10
31,corridor|fm|K20,corridor,fm,20,test,corridor_bounds+dynamics+geo_bounds+halfspace+obstacles,dpcc-r,False,all,1.0,1.0,1.0,1.0,1.0,1.0,1.0,0.293019336811845,0.0,0.0,267.2,267.2,0.41444883388544473,414.44883388544474,170.74577444333096,243.7030594421138,471.8576061166823,1.0,0.5171274306790135,0.0,1.0648112381062471,10
31,corridor|fm|K20,corridor,fm,20,test,corridor_bounds+dynamics+geo_bounds+halfspace+obstacles,dpcc-r,False,proj_valid,1.0,1.0,1.0,1.0,1.0,1.0,1.0,0.293019336811845,0.0,0.0,267.2,267.2,0.41444883388544473,414.44883388544474,170.74577444333096,243.7030594421138,471.8576061166823,1.0,0.5171274306790135,0.0,1.0648112381062471,10
31,corridor|fm|K20,corridor,fm,20,test,corridor_bounds+dynamics+geo_bounds+halfspace+obstacles,dpcc-r-tightened,True,all,1.0,1.0,1.0,1.0,1.0,1.0,1.0,0.2921631988468101,0.0,0.0,264.8,264.8,0.4168428106005898,416.84281060058976,170.83664635115653,246.00616424943323,478.93903628923,1.0,0.5353419246342186,0.0,1.0634869416185975,10
31,corridor|fm|K20,corridor,fm,20,test,corridor_bounds+dynamics+geo_bounds+halfspace+obstacles,dpcc-r-tightened,True,proj_valid,1.0,1.0,1.0,1.0,1.0,1.0,1.0,0.2921631988468101,0.0,0.0,264.8,264.8,0.4168428106005898,416.84281060058976,170.83664635115653,246.00616424943323,478.93903628923,1.0,0.5353419246342186,0.0,1.0634869416185975,10
31,corridor|fm|K20,corridor,fm,20,test,corridor_bounds+dynamics+geo_bounds+halfspace+obstacles,dpcc-c,False,all,1.0,1.0,1.0,1.0,1.0,1.0,1.0,0.2917319642680236,0.0,0.0,271.7,271.7,0.41547489681350036,415.4748968135003,170.71539045232095,244.75950636117946,474.7645155712962,1.0,0.5081401358267561,0.0,1.059422261807311,10
31,corridor|fm|K20,corridor,fm,20,test,corridor_bounds+dynamics+geo_bounds+halfspace+obstacles,dpcc-c,False,proj_valid,1.0,1.0,1.0,1.0,1.0,1.0,1.0,0.2917319642680236,0.0,0.0,271.7,271.7,0.41547489681350036,415.4748968135003,170.71539045232095,244.75950636117946,474.7645155712962,1.0,0.5081401358267561,0.0,1.059422261807311,10
31,corridor|fm|K20,corridor,fm,20,test,corridor_bounds+dynamics+geo_bounds+halfspace+obstacles,dpcc-c-tightened,True,all,1.0,1.0,1.0,1.0,1.0,1.0,1.0,0.29284499605232195,0.0,0.0,266.8,266.8,0.41710486451053413,417.1048645105341,170.9010692336364,246.20379527689775,479.8540785256773,1.0,0.531911908608026,0.0,1.0582778449325265,10
31,corridor|fm|K20,corridor,fm,20,test,corridor_bounds+dynamics+geo_bounds+halfspace+obstacles,dpcc-c-tightened,True,proj_valid,1.0,1.0,1.0,1.0,1.0,1.0,1.0,0.29284499605232195,0.0,0.0,266.8,266.8,0.41710486451053413,417.1048645105341,170.9010692336364,246.20379527689775,479.8540785256773,1.0,0.531911908608026,0.0,1.0582778449325265,10
31,corridor|fm|K20,corridor,fm,20,test,corridor_bounds+dynamics+geo_bounds+halfspace+obstacles,dpcc-t,False,all,1.0,1.0,1.0,1.0,1.0,1.0,1.0,0.2926406339235267,0.0,0.0,269.3,269.3,0.41548849521457454,415.4884952145745,171.09694520066824,244.39155001390628,474.416428450495,1.0,0.5128561784300876,0.0,1.065288519611902,10
31,corridor|fm|K20,corridor,fm,20,test,corridor_bounds+dynamics+geo_bounds+halfspace+obstacles,dpcc-t,False,proj_valid,1.0,1.0,1.0,1.0,1.0,1.0,1.0,0.2926406339235267,0.0,0.0,269.3,269.3,0.41548849521457454,415.4884952145745,171.09694520066824,244.39155001390628,474.416428450495,1.0,0.5128561784300876,0.0,1.065288519611902,10
31,corridor|fm|K20,corridor,fm,20,test,corridor_bounds+dynamics+geo_bounds+halfspace+obstacles,dpcc-t-tightened,True,all,1.0,1.0,1.0,1.0,1.0,1.0,1.0,0.29125752915972714,0.0,0.0,264.8,264.8,0.41742138326077416,417.4213832607742,171.11746965020782,246.3039136105664,478.99796141311526,1.0,0.5350433651622425,0.0,1.0634211614687152,10
31,corridor|fm|K20,corridor,fm,20,test,corridor_bounds+dynamics+geo_bounds+halfspace+obstacles,dpcc-t-tightened,True,proj_valid,1.0,1.0,1.0,1.0,1.0,1.0,1.0,0.29125752915972714,0.0,0.0,264.8,264.8,0.41742138326077416,417.4213832607742,171.11746965020782,246.3039136105664,478.99796141311526,1.0,0.5350433651622425,0.0,1.0634211614687152,10
31,corridor|fm|K20,corridor,fm,20,test,corridor_bounds+dynamics+geo_bounds+halfspace+obstacles,hardflow_new,False,all,1.0,1.0,1.0,1.0,1.0,1.0,1.0,0.2933720774633394,0.0,0.0,273.5,273.5,1.3599057073565903,1359.9057073565903,275.01199365024,1084.8937137063504,2018.0291233304888,1.0,0.5064722084051217,0.0,1.0651955559127346,10
31,corridor|fm|K20,corridor,fm,20,test,corridor_bounds+dynamics+geo_bounds+halfspace+obstacles,hardflow_new,False,proj_valid,1.0,1.0,1.0,1.0,1.0,1.0,1.0,0.2933720774633394,0.0,0.0,273.5,273.5,1.3599057073565903,1359.9057073565903,275.01199365024,1084.8937137063504,2018.0291233304888,1.0,0.5064722084051217,0.0,1.0651955559127346,10
31,corridor|fm|K20,corridor,fm,20,test,corridor_bounds+dynamics+geo_bounds+halfspace+obstacles,hardflow_new-c,False,all,1.0,1.0,1.0,1.0,1.0,1.0,1.0,0.29135736620886943,0.0,0.0,276.3,276.3,1.376614098798817,1376.614098798817,273.9826328388524,1102.6314659599643,2026.6693453956395,1.0,0.5006058965818543,0.0,1.062651733654448,10
31,corridor|fm|K20,corridor,fm,20,test,corridor_bounds+dynamics+geo_bounds+halfspace+obstacles,hardflow_new-c,False,proj_valid,1.0,1.0,1.0,1.0,1.0,1.0,1.0,0.29135736620886943,0.0,0.0,276.3,276.3,1.376614098798817,1376.614098798817,273.9826328388524,1102.6314659599643,2026.6693453956395,1.0,0.5006058965818543,0.0,1.062651733654448,10
31,corridor|fm|K20,corridor,fm,20,test,corridor_bounds+dynamics+geo_bounds+halfspace+obstacles,hardflow_new-t,False,all,1.0,1.0,1.0,1.0,1.0,1.0,1.0,0.2962808030220952,0.0,0.0,,,1.4021791187299935,1402.1791187299934,272.17961691777197,1129.9995018122213,2208.150202035904,,0.49921964652065753,0.0,1.0953964782602772,1
31,corridor|fm|K20,corridor,fm,20,test,corridor_bounds+dynamics+geo_bounds+halfspace+obstacles,hardflow_new-t,False,proj_valid,1.0,1.0,1.0,1.0,1.0,1.0,1.0,0.2962808030220952,0.0,0.0,,,1.4021791187299935,1402.1791187299934,272.17961691777197,1129.9995018122213,2208.150202035904,,0.49921964652065753,0.0,1.0953964782602772,1
31,corridor|fm|K20,corridor,fm,20,test,corridor_bounds+dynamics+geo_bounds+halfspace+obstacles,gradient,False,all,0.0,0.0,0.0,0.0,0.0,0.0,0.0,14.355700450050975,385.9,4123.113337534357,396.0,,0.188153511149376,188.15351114937602,188.15351114937602,0.0,188.99852051399648,1.0,273.60971003735426,0.0,0.08391818395092684,10
31,corridor|fm|K20,corridor,fm,20,test,corridor_bounds+dynamics+geo_bounds+halfspace+obstacles,gradient,False,proj_valid,0.0,0.0,0.0,0.0,0.0,0.0,0.0,14.355700450050975,385.9,4123.113337534357,396.0,,0.188153511149376,188.15351114937602,188.15351114937602,0.0,188.99852051399648,1.0,273.60971003735426,0.0,0.08391818395092684,10
31,corridor|fm|K20,corridor,fm,20,test,corridor_bounds+dynamics+geo_bounds+halfspace+obstacles,gradient-tightened,True,all,0.0,0.2,0.0,0.0,0.0,0.2,0.0,43.186231931273014,386.8,11683.081320056539,396.0,,0.1890199312737983,189.0199312737983,189.0199312737983,0.0,191.64351341314614,1.0,272.1610790522508,0.0,0.2994484481912575,10
31,corridor|fm|K20,corridor,fm,20,test,corridor_bounds+dynamics+geo_bounds+halfspace+obstacles,gradient-tightened,True,proj_valid,0.0,0.2,0.0,0.0,0.0,0.2,0.0,43.186231931273014,386.8,11683.081320056539,396.0,,0.1890199312737983,189.0199312737983,189.0199312737983,0.0,191.64351341314614,1.0,272.1610790522508,0.0,0.2994484481912575,10
31,corridor|fm|K20,corridor,fm,20,test,corridor_bounds+dynamics+geo_bounds+halfspace+obstacles,post_processing,False,all,1.0,1.0,1.0,1.0,1.0,1.0,1.0,0.29413177597069723,0.0,0.0,271.2,271.2,0.1959914019108973,195.9914019108973,169.98328344423143,26.008118466665877,223.2733187172562,1.0,0.5204943087351274,0.0,1.0375994247458067,10
31,corridor|fm|K20,corridor,fm,20,test,corridor_bounds+dynamics+geo_bounds+halfspace+obstacles,post_processing,False,proj_valid,1.0,1.0,1.0,1.0,1.0,1.0,1.0,0.29413177597069723,0.0,0.0,271.2,271.2,0.1959914019108973,195.9914019108973,169.98328344423143,26.008118466665877,223.2733187172562,1.0,0.5204943087351274,0.0,1.0375994247458067,10
31,corridor|fm|K20,corridor,fm,20,test,corridor_bounds+dynamics+geo_bounds+halfspace+obstacles,post_processing-tightened,True,all,0.4,0.4,0.3,0.3,0.3,0.4,0.4,6.149690554435393,185.7,611.6308056888163,344.8,268.0,0.27458215601191294,274.58215601191296,169.55252269753188,105.02963331438104,322.2665929514915,1.0,62.83820330185647,0.1563387498170107,0.480590368865587,10
31,corridor|fm|K20,corridor,fm,20,test,corridor_bounds+dynamics+geo_bounds+halfspace+obstacles,post_processing-tightened,True,proj_valid,0.4,0.4,0.3,0.3,0.3,0.4,0.4,6.149690554435393,185.7,611.6308056888163,344.8,268.0,0.27458215601191294,274.58215601191296,169.55252269753188,105.02963331438104,322.2665929514915,1.0,62.83820330185647,0.1563387498170107,0.480590368865587,10
31,corridor|fm|K20,corridor,fm,20,test,corridor_bounds+dynamics+geo_bounds+halfspace+obstacles,model_free,False,all,0.0,0.0,0.0,0.0,0.0,0.0,0.0,4.481498202888094,306.5,322.54658074950606,396.0,,0.3472425376488404,347.24253764884037,170.24410653276124,176.99843111607916,402.00218190439045,1.0,117.78231114743028,0.2500841750841751,0.24002810617559628,10
31,corridor|fm|K20,corridor,fm,20,test,corridor_bounds+dynamics+geo_bounds+halfspace+obstacles,model_free,False,proj_valid,0.0,0.0,0.0,0.0,0.0,0.0,0.0,4.481498202888094,306.5,322.54658074950606,396.0,,0.3472425376488404,347.24253764884037,170.24410653276124,176.99843111607916,402.00218190439045,1.0,117.78231114743028,0.2500841750841751,0.24002810617559628,10
31,corridor|fm|K20,corridor,fm,20,test,corridor_bounds+dynamics+geo_bounds+halfspace+obstacles,model_free-tightened,True,all,0.0,0.0,0.0,0.0,0.0,0.0,0.0,4.548261510301308,313.7,189.84291173621477,396.0,,0.3557434667513301,355.7434667513301,170.45443989007236,185.28902686125778,405.7580003980547,1.0,124.08257067304268,0.38872053872053874,0.27978113745402355,10
31,corridor|fm|K20,corridor,fm,20,test,corridor_bounds+dynamics+geo_bounds+halfspace+obstacles,model_free-tightened,True,proj_valid,0.0,0.0,0.0,0.0,0.0,0.0,0.0,4.548261510301308,313.7,189.84291173621477,396.0,,0.3557434667513301,355.7434667513301,170.45443989007236,185.28902686125778,405.7580003980547,1.0,124.08257067304268,0.38872053872053874,0.27978113745402355,10
31,corridor|fm|K20,corridor,fm,20,test,corridor_bounds+dynamics+geo_bounds+halfspace+obstacles,bounds_free,False,all,1.0,1.0,1.0,1.0,1.0,1.0,1.0,0.29207842999419914,0.0,0.0,267.7,267.7,0.38267067507724717,382.67067507724715,170.24655528673597,212.42411979051116,430.3221334051341,1.0,0.5162915532594672,0.0,1.0632417274595585,10
31,corridor|fm|K20,corridor,fm,20,test,corridor_bounds+dynamics+geo_bounds+halfspace+obstacles,bounds_free,False,proj_valid,1.0,1.0,1.0,1.0,1.0,1.0,1.0,0.29207842999419914,0.0,0.0,267.7,267.7,0.38267067507724717,382.67067507724715,170.24655528673597,212.42411979051116,430.3221334051341,1.0,0.5162915532594672,0.0,1.0632417274595585,10
31,corridor|fm|K20,corridor,fm,20,test,corridor_bounds+dynamics+geo_bounds+halfspace+obstacles,bounds_free-tightened,True,all,1.0,1.0,1.0,1.0,1.0,1.0,1.0,0.29131977233422823,0.0,0.0,264.1,264.1,0.38524811095752953,385.24811095752955,170.61691483223302,214.63119612529653,435.72318693622947,1.0,0.5360360537773486,0.0,1.0609567381959883,10
31,corridor|fm|K20,corridor,fm,20,test,corridor_bounds+dynamics+geo_bounds+halfspace+obstacles,bounds_free-tightened,True,proj_valid,1.0,1.0,1.0,1.0,1.0,1.0,1.0,0.29131977233422823,0.0,0.0,264.1,264.1,0.38524811095752953,385.24811095752955,170.61691483223302,214.63119612529653,435.72318693622947,1.0,0.5360360537773486,0.0,1.0609567381959883,10
31,corridor|fm|K20,corridor,fm,20,test,corridor_bounds+dynamics+geo_bounds+halfspace+obstacles,geo_free,False,all,1.0,1.0,1.0,1.0,1.0,1.0,1.0,0.2940392092521166,0.0,0.0,267.0,267.0,0.2830476229591644,283.0476229591644,170.46207451455842,112.58554844460598,283.89704746194184,1.0,0.5174469418290464,0.0,1.0656920634809328,10
31,corridor|fm|K20,corridor,fm,20,test,corridor_bounds+dynamics+geo_bounds+halfspace+obstacles,geo_free,False,proj_valid,1.0,1.0,1.0,1.0,1.0,1.0,1.0,0.2940392092521166,0.0,0.0,267.0,267.0,0.2830476229591644,283.0476229591644,170.46207451455842,112.58554844460598,283.89704746194184,1.0,0.5174469418290464,0.0,1.0656920634809328,10
31,corridor|fm|K20,corridor,fm,20,test,corridor_bounds+dynamics+geo_bounds+halfspace+obstacles,geo_free-bounds_free,False,all,1.0,1.0,1.0,1.0,1.0,1.0,1.0,0.2928608273420049,0.0,0.0,268.8,268.8,0.2633651783435807,263.3651783435806,170.6852196962112,92.67995864736947,264.044054010883,1.0,0.5143161302658661,0.0,1.0611042224489493,10
31,corridor|fm|K20,corridor,fm,20,test,corridor_bounds+dynamics+geo_bounds+halfspace+obstacles,geo_free-bounds_free,False,proj_valid,1.0,1.0,1.0,1.0,1.0,1.0,1.0,0.2928608273420049,0.0,0.0,268.8,268.8,0.2633651783435807,263.3651783435806,170.6852196962112,92.67995864736947,264.044054010883,1.0,0.5143161302658661,0.0,1.0611042224489493,10
31,corridor|fm|K20,corridor,fm,20,test,corridor_bounds+dynamics+geo_bounds+halfspace+obstacles,geo_free-model_free,False,all,0.0,0.0,0.0,0.0,0.0,0.0,0.0,5.350144899643857,302.5,401.3979037424915,396.0,,0.2538352376438038,253.83523764380374,170.75943671345635,83.07580093034741,275.25665680877864,1.0,120.39867948371929,0.25202020202020203,0.2266551773744765,10
31,corridor|fm|K20,corridor,fm,20,test,corridor_bounds+dynamics+geo_bounds+halfspace+obstacles,geo_free-model_free,False,proj_valid,0.0,0.0,0.0,0.0,0.0,0.0,0.0,5.350144899643857,302.5,401.3979037424915,396.0,,0.2538352376438038,253.83523764380374,170.75943671345635,83.07580093034741,275.25665680877864,1.0,120.39867948371929,0.25202020202020203,0.2266551773744765,10
31,corridor|fm|K20,corridor,fm,20,test,corridor_bounds+dynamics+geo_bounds+halfspace+obstacles,model_free-bounds_free,False,all,0.0,0.0,0.0,0.0,0.0,0.0,0.0,4.394796577961491,324.0,154.97805182698724,396.0,,0.32151068205841715,321.5106820584171,171.16639747265538,150.34428458576176,357.295113382861,1.0,123.40941431414399,0.4239057239057239,0.2525482552216502,10
31,corridor|fm|K20,corridor,fm,20,test,corridor_bounds+dynamics+geo_bounds+halfspace+obstacles,model_free-bounds_free,False,proj_valid,0.0,0.0,0.0,0.0,0.0,0.0,0.0,4.394796577961491,324.0,154.97805182698724,396.0,,0.32151068205841715,321.5106820584171,171.16639747265538,150.34428458576176,357.295113382861,1.0,123.40941431414399,0.4239057239057239,0.2525482552216502,10
31,corridor|fm|K20,corridor,fm,20,test,corridor_bounds+dynamics+geo_bounds+halfspace+obstacles,model_free-bounds_free-tightened,True,all,0.0,0.0,0.0,0.0,0.0,0.0,0.0,6.20272924250198,319.2,749.0781593353246,396.0,,0.33172341461312216,331.72341461312215,171.02993240561148,160.69348220751067,374.07754324376583,1.0,124.04941678140972,0.057744107744107744,0.0911939635101455,10
31,corridor|fm|K20,corridor,fm,20,test,corridor_bounds+dynamics+geo_bounds+halfspace+obstacles,model_free-bounds_free-tightened,True,proj_valid,0.0,0.0,0.0,0.0,0.0,0.0,0.0,6.20272924250198,319.2,749.0781593353246,396.0,,0.33172341461312216,331.72341461312215,171.02993240561148,160.69348220751067,374.07754324376583,1.0,124.04941678140972,0.057744107744107744,0.0911939635101455,10
32,corridor|fm|K2,corridor,fm,2,test,corridor_bounds+dynamics+geo_bounds+halfspace+obstacles,diffuser,False,all,0.3,0.5,0.0,0.0,0.0,0.5,0.3,24.67531668785805,267.2,4644.115119895747,355.2,260.0,0.01763901312198003,17.639013121980028,17.639013121980028,0.0,18.061060030013323,0.0002525252525252525,48.42853637157167,0.10060298182866276,0.2901612247940629,10
32,corridor|fm|K2,corridor,fm,2,test,corridor_bounds+dynamics+geo_bounds+halfspace+obstacles,diffuser,False,proj_valid,0.3,0.5,0.0,0.0,0.0,0.5,0.3,24.67531668785805,267.2,4644.115119895747,355.2,260.0,0.01763901312198003,17.639013121980028,17.639013121980028,0.0,18.061060030013323,0.0002525252525252525,48.42853637157167,0.10060298182866276,0.2901612247940629,10
32,corridor|fm|K2,corridor,fm,2,test,corridor_bounds+dynamics+geo_bounds+halfspace+obstacles,dpcc-r,False,all,0.2,0.3,0.0,0.0,0.0,0.3,0.2,14.33901552435963,125.0,1120.2393304705618,370.3,267.5,0.1006105749860455,100.61057498604552,17.349924950022285,83.26065003602324,192.475647861138,1.0,18.700015709540278,0.07852260657895406,0.40470381154733737,10
32,corridor|fm|K2,corridor,fm,2,test,corridor_bounds+dynamics+geo_bounds+halfspace+obstacles,dpcc-r,False,proj_valid,0.2,0.3,0.0,0.0,0.0,0.3,0.2,14.33901552435963,125.0,1120.2393304705618,370.3,267.5,0.1006105749860455,100.61057498604552,17.349924950022285,83.26065003602324,192.475647861138,1.0,18.700015709540278,0.07852260657895406,0.40470381154733737,10
32,corridor|fm|K2,corridor,fm,2,test,corridor_bounds+dynamics+geo_bounds+halfspace+obstacles,dpcc-r-tightened,True,all,0.2,0.2,0.0,0.0,0.0,0.2,0.4,5.34112554407516,135.4,321.1514259627111,341.6,260.0,0.13729034980522228,137.2903498052223,17.378459087686487,119.91189071753578,191.81452519260347,1.0,21.468018820323515,0.1737447231227735,0.4650315998710776,10
32,corridor|fm|K2,corridor,fm,2,test,corridor_bounds+dynamics+geo_bounds+halfspace+obstacles,dpcc-r-tightened,True,proj_valid,0.2,0.2,0.0,0.0,0.0,0.2,0.4,5.34112554407516,135.4,321.1514259627111,341.6,260.0,0.13729034980522228,137.2903498052223,17.378459087686487,119.91189071753578,191.81452519260347,1.0,21.468018820323515,0.1737447231227735,0.4650315998710776,10
32,corridor|fm|K2,corridor,fm,2,test,corridor_bounds+dynamics+geo_bounds+halfspace+obstacles,dpcc-c,False,all,0.7,0.7,0.0,0.0,0.0,0.7,0.7,5.551467362001411,58.0,432.26937768185144,311.1,274.7142857142857,0.06905540128298111,69.05540128298111,17.257226563774353,51.79817471920675,129.12544213235378,1.0,8.803536713731948,0.04776141646822797,0.5927085466020475,10
32,corridor|fm|K2,corridor,fm,2,test,corridor_bounds+dynamics+geo_bounds+halfspace+obstacles,dpcc-c,False,proj_valid,0.7,0.7,0.0,0.0,0.0,0.7,0.7,5.551467362001411,58.0,432.26937768185144,311.1,274.7142857142857,0.06905540128298111,69.05540128298111,17.257226563774353,51.79817471920675,129.12544213235378,1.0,8.803536713731948,0.04776141646822797,0.5927085466020475,10
32,corridor|fm|K2,corridor,fm,2,test,corridor_bounds+dynamics+geo_bounds+halfspace+obstacles,dpcc-c-tightened,True,all,0.2,0.3,0.0,0.0,0.0,0.3,0.5,3.2723040509245833,106.8,148.4572683676919,327.0,258.0,0.10023346077855295,100.23346077855294,17.32051882452817,82.91294195402477,195.62143101356924,1.0,15.11773104124416,0.1440992173033953,0.4945086683197565,10
32,corridor|fm|K2,corridor,fm,2,test,corridor_bounds+dynamics+geo_bounds+halfspace+obstacles,dpcc-c-tightened,True,proj_valid,0.2,0.3,0.0,0.0,0.0,0.3,0.5,3.2723040509245833,106.8,148.4572683676919,327.0,258.0,0.10023346077855295,100.23346077855294,17.32051882452817,82.91294195402477,195.62143101356924,1.0,15.11773104124416,0.1440992173033953,0.4945086683197565,10
32,corridor|fm|K2,corridor,fm,2,test,corridor_bounds+dynamics+geo_bounds+halfspace+obstacles,dpcc-t,False,all,0.5,0.7,0.0,0.0,0.0,0.7,0.6,8.041006117190422,64.5,673.9364717058909,322.7,273.8333333333333,0.07888893818242944,78.88893818242943,17.42241496242689,61.46652322000254,129.56475612707436,1.0,7.757933441160107,0.009335904878789512,0.6653316234441183,10
32,corridor|fm|K2,corridor,fm,2,test,corridor_bounds+dynamics+geo_bounds+halfspace+obstacles,dpcc-t,False,proj_valid,0.5,0.7,0.0,0.0,0.0,0.7,0.6,8.041006117190422,64.5,673.9364717058909,322.7,273.8333333333333,0.07888893818242944,78.88893818242943,17.42241496242689,61.46652322000254,129.56475612707436,1.0,7.757933441160107,0.009335904878789512,0.6653316234441183,10
32,corridor|fm|K2,corridor,fm,2,test,corridor_bounds+dynamics+geo_bounds+halfspace+obstacles,dpcc-t-tightened,True,all,0.5,0.5,0.0,0.0,0.0,0.5,0.5,2.8648629959554635,143.7,165.68338905713648,330.5,265.0,0.14707930356044957,147.07930356044955,17.33079208635968,129.74851147408987,171.77099232561886,1.0,35.32707227378111,0.1528436370018647,0.5805101112342479,10
32,corridor|fm|K2,corridor,fm,2,test,corridor_bounds+dynamics+geo_bounds+halfspace+obstacles,dpcc-t-tightened,True,proj_valid,0.5,0.5,0.0,0.0,0.0,0.5,0.5,2.8648629959554635,143.7,165.68338905713648,330.5,265.0,0.14707930356044957,147.07930356044955,17.33079208635968,129.74851147408987,171.77099232561886,1.0,35.32707227378111,0.1528436370018647,0.5805101112342479,10
32,corridor|fm|K2,corridor,fm,2,test,corridor_bounds+dynamics+geo_bounds+halfspace+obstacles,hardflow_new,False,all,0.7,0.7,0.1,0.1,0.1,0.7,0.8,1.1326546598000042,43.8,75.12280857936686,299.1,274.875,0.5137900064979505,513.7900064979505,28.475273125992846,485.3147333719576,2204.122875062749,1.0,1.9992718545811445,0.010984195498408972,0.7067073136967094,10
32,corridor|fm|K2,corridor,fm,2,test,corridor_bounds+dynamics+geo_bounds+halfspace+obstacles,hardflow_new,False,proj_valid,0.7,0.7,0.1,0.1,0.1,0.7,0.8,1.1326546598000042,43.8,75.12280857936686,299.1,274.875,0.5137900064979505,513.7900064979505,28.475273125992846,485.3147333719576,2204.122875062749,1.0,1.9992718545811445,0.010984195498408972,0.7067073136967094,10
32,corridor|fm|K2,corridor,fm,2,test,corridor_bounds+dynamics+geo_bounds+halfspace+obstacles,hardflow_new-c,False,all,0.8,0.8,0.0,0.0,0.0,0.8,0.9,0.46939475804684105,30.4,35.84506642819856,287.0,274.8888888888889,0.2967057803984402,296.7057803984402,28.34255544790908,268.3632249505311,713.5652726888657,1.0,1.7630543739949878,0.011175428295410442,0.6478741687512743,10
32,corridor|fm|K2,corridor,fm,2,test,corridor_bounds+dynamics+geo_bounds+halfspace+obstacles,hardflow_new-c,False,proj_valid,0.8,0.8,0.0,0.0,0.0,0.8,0.9,0.46939475804684105,30.4,35.84506642819856,287.0,274.8888888888889,0.2967057803984402,296.7057803984402,28.34255544790908,268.3632249505311,713.5652726888657,1.0,1.7630543739949878,0.011175428295410442,0.6478741687512743,10
32,corridor|fm|K2,corridor,fm,2,test,corridor_bounds+dynamics+geo_bounds+halfspace+obstacles,hardflow_new-t,False,all,0.7,0.7,0.0,0.0,0.0,0.7,0.7,1.7840787662722366,59.9,99.03641026543433,309.0,271.7142857142857,0.6304280617093971,630.4280617093971,28.571742700350292,601.8563190090468,2967.1777980122715,1.0,3.8875658587268482,0.057683078415999386,0.6380651979509505,10
32,corridor|fm|K2,corridor,fm,2,test,corridor_bounds+dynamics+geo_bounds+halfspace+obstacles,hardflow_new-t,False,proj_valid,0.7,0.7,0.0,0.0,0.0,0.7,0.7,1.7840787662722366,59.9,99.03641026543433,309.0,271.7142857142857,0.6304280617093971,630.4280617093971,28.571742700350292,601.8563190090468,2967.1777980122715,1.0,3.8875658587268482,0.057683078415999386,0.6380651979509505,10
32,corridor|fm|K2,corridor,fm,2,test,corridor_bounds+dynamics+geo_bounds+halfspace+obstacles,gradient,False,all,0.0,0.0,0.0,0.0,0.0,0.0,0.0,5.107712175151846,384.1,420.1021593342392,396.0,,0.019185572710697246,19.185572710697247,19.185572710697247,0.0,19.52270711772144,0.00101010101010101,5.897149469352373,0.2574915824915825,0.05222392170864926,10
32,corridor|fm|K2,corridor,fm,2,test,corridor_bounds+dynamics+geo_bounds+halfspace+obstacles,gradient,False,proj_valid,0.0,0.0,0.0,0.0,0.0,0.0,0.0,5.107712175151846,384.1,420.1021593342392,396.0,,0.019185572710697246,19.185572710697247,19.185572710697247,0.0,19.52270711772144,0.00101010101010101,5.897149469352373,0.2574915824915825,0.05222392170864926,10
32,corridor|fm|K2,corridor,fm,2,test,corridor_bounds+dynamics+geo_bounds+halfspace+obstacles,gradient-tightened,True,all,0.0,0.0,0.0,0.0,0.0,0.0,0.0,5.40530949863325,381.5,441.5858355836398,396.0,,0.019212124553612535,19.212124553612536,19.212124553612536,0.0,19.637545384466648,0.0007575757575757577,6.513449874677569,0.157996632996633,0.04044477480681331,10
32,corridor|fm|K2,corridor,fm,2,test,corridor_bounds+dynamics+geo_bounds+halfspace+obstacles,gradient-tightened,True,proj_valid,0.0,0.0,0.0,0.0,0.0,0.0,0.0,5.40530949863325,381.5,441.5858355836398,396.0,,0.019212124553612535,19.212124553612536,19.212124553612536,0.0,19.637545384466648,0.0007575757575757577,6.513449874677569,0.157996632996633,0.04044477480681331,10
32,corridor|fm|K2,corridor,fm,2,test,corridor_bounds+dynamics+geo_bounds+halfspace+obstacles,post_processing,False,all,0.5,0.6,0.1,0.1,0.1,0.7,0.5,7.084290590274364,86.2,667.6191237707516,334.9,273.8,0.07887090399529735,78.87090399529735,17.36524156237406,61.505662432923295,167.59263068437576,1.0,12.013464796636772,0.08539811862121414,0.5716194477547643,10
32,corridor|fm|K2,corridor,fm,2,test,corridor_bounds+dynamics+geo_bounds+halfspace+obstacles,post_processing,False,proj_valid,0.5,0.6,0.1,0.1,0.1,0.7,0.5,7.084290590274364,86.2,667.6191237707516,334.9,273.8,0.07887090399529735,78.87090399529735,17.36524156237406,61.505662432923295,167.59263068437576,1.0,12.013464796636772,0.08539811862121414,0.5716194477547643,10
32,corridor|fm|K2,corridor,fm,2,test,corridor_bounds+dynamics+geo_bounds+halfspace+obstacles,post_processing-tightened,True,all,0.4,0.4,0.0,0.0,0.0,0.4,0.6,2.1408428112230053,125.3,112.87218776701982,313.5,258.5,0.1116836307647345,111.68363076473449,17.34211623979471,94.3415145249398,144.05941728502512,1.0,32.0098049161016,0.12751413995075905,0.561195676149974,10
32,corridor|fm|K2,corridor,fm,2,test,corridor_bounds+dynamics+geo_bounds+halfspace+obstacles,post_processing-tightened,True,proj_valid,0.4,0.4,0.0,0.0,0.0,0.4,0.6,2.1408428112230053,125.3,112.87218776701982,313.5,258.5,0.1116836307647345,111.68363076473449,17.34211623979471,94.3415145249398,144.05941728502512,1.0,32.0098049161016,0.12751413995075905,0.561195676149974,10
32,corridor|fm|K2,corridor,fm,2,test,corridor_bounds+dynamics+geo_bounds+halfspace+obstacles,model_free,False,all,0.0,0.0,0.0,0.0,0.0,0.0,0.0,14.408823075480905,362.2,3567.2126228623274,396.0,,0.07234823720322715,72.34823720322716,17.28398985455208,55.064247348675075,104.4877388048917,0.9702020202020203,152.1444145965731,0.00016835016835016833,0.0706951073593409,10
32,corridor|fm|K2,corridor,fm,2,test,corridor_bounds+dynamics+geo_bounds+halfspace+obstacles,model_free,False,proj_valid,0.0,0.0,0.0,0.0,0.0,0.0,0.0,14.408823075480905,362.2,3567.2126228623274,396.0,,0.07234823720322715,72.34823720322716,17.28398985455208,55.064247348675075,104.4877388048917,0.9702020202020203,152.1444145965731,0.00016835016835016833,0.0706951073593409,10
32,corridor|fm|K2,corridor,fm,2,test,corridor_bounds+dynamics+geo_bounds+halfspace+obstacles,model_free-tightened,True,all,0.0,0.0,0.0,0.0,0.0,0.0,0.0,15.97403913091936,363.2,5741.007520078976,396.0,,0.07548085239179658,75.48085239179657,17.336685654490886,58.144166737305696,108.50854301825166,0.9744949494949495,146.94548485598992,0.1424242424242424,0.09040837480571311,10
32,corridor|fm|K2,corridor,fm,2,test,corridor_bounds+dynamics+geo_bounds+halfspace+obstacles,model_free-tightened,True,proj_valid,0.0,0.0,0.0,0.0,0.0,0.0,0.0,15.97403913091936,363.2,5741.007520078976,396.0,,0.07548085239179658,75.48085239179657,17.336685654490886,58.144166737305696,108.50854301825166,0.9744949494949495,146.94548485598992,0.1424242424242424,0.09040837480571311,10
32,corridor|fm|K2,corridor,fm,2,test,corridor_bounds+dynamics+geo_bounds+halfspace+obstacles,bounds_free,False,all,0.7,0.7,0.0,0.0,0.0,0.7,0.8,0.4756483248435778,44.6,20.370523718316047,295.8,270.75,0.05350660943273548,53.50660943273549,17.29108071628272,36.215528716452766,95.74945332482457,1.0,7.667273563895961,0.08832046741868835,0.7593623790329784,10
32,corridor|fm|K2,corridor,fm,2,test,corridor_bounds+dynamics+geo_bounds+halfspace+obstacles,bounds_free,False,proj_valid,0.7,0.7,0.0,0.0,0.0,0.7,0.8,0.4756483248435778,44.6,20.370523718316047,295.8,270.75,0.05350660943273548,53.50660943273549,17.29108071628272,36.215528716452766,95.74945332482457,1.0,7.667273563895961,0.08832046741868835,0.7593623790329784,10
32,corridor|fm|K2,corridor,fm,2,test,corridor_bounds+dynamics+geo_bounds+halfspace+obstacles,bounds_free-tightened,True,all,0.5,0.5,0.0,0.0,0.0,0.5,0.5,4.150655124288798,129.2,206.17776001611128,330.6,265.2,0.11153969444198672,111.53969444198674,17.338031170407067,94.20166327157966,136.63123641163108,1.0,26.582254802511624,0.21422041366899275,0.46570946508183136,10
32,corridor|fm|K2,corridor,fm,2,test,corridor_bounds+dynamics+geo_bounds+halfspace+obstacles,bounds_free-tightened,True,proj_valid,0.5,0.5,0.0,0.0,0.0,0.5,0.5,4.150655124288798,129.2,206.17776001611128,330.6,265.2,0.11153969444198672,111.53969444198674,17.338031170407067,94.20166327157966,136.63123641163108,1.0,26.582254802511624,0.21422041366899275,0.46570946508183136,10
32,corridor|fm|K2,corridor,fm,2,test,corridor_bounds+dynamics+geo_bounds+halfspace+obstacles,geo_free,False,all,0.0,0.0,0.0,0.0,0.0,0.0,0.0,6.133070145013887,290.7,387.20909324509194,396.0,,0.03559379877494366,35.593798774943664,17.347777620748136,18.24602115419552,50.99489474669099,0.09924242424242424,10.799269153957566,0.46641414141414145,0.2666782580512611,10
32,corridor|fm|K2,corridor,fm,2,test,corridor_bounds+dynamics+geo_bounds+halfspace+obstacles,geo_free,False,proj_valid,0.0,0.0,0.0,0.0,0.0,0.0,0.0,6.133070145013887,290.7,387.20909324509194,396.0,,0.03559379877494366,35.593798774943664,17.347777620748136,18.24602115419552,50.99489474669099,0.09924242424242424,10.799269153957566,0.46641414141414145,0.2666782580512611,10
32,corridor|fm|K2,corridor,fm,2,test,corridor_bounds+dynamics+geo_bounds+halfspace+obstacles,geo_free-bounds_free,False,all,0.0,0.1,0.0,0.0,0.0,0.1,0.0,3.1626067981152572,291.4,301.54594520378333,396.0,,0.03460725167239405,34.60725167239404,17.331392714998337,17.27585895739571,50.87110148742795,0.14419191919191918,13.25550338754903,0.4446127946127946,0.25273130047584147,10
32,corridor|fm|K2,corridor,fm,2,test,corridor_bounds+dynamics+geo_bounds+halfspace+obstacles,geo_free-bounds_free,False,proj_valid,0.0,0.1,0.0,0.0,0.0,0.1,0.0,3.1626067981152572,291.4,301.54594520378333,396.0,,0.03460725167239405,34.60725167239404,17.331392714998337,17.27585895739571,50.87110148742795,0.14419191919191918,13.25550338754903,0.4446127946127946,0.25273130047584147,10
32,corridor|fm|K2,corridor,fm,2,test,corridor_bounds+dynamics+geo_bounds+halfspace+obstacles,geo_free-model_free,False,all,0.0,0.1,0.0,0.0,0.0,0.1,0.0,20.910621256642408,360.1,7111.337026660748,396.0,,0.027456889054596877,27.45688905459688,17.366801131272105,10.09008792332477,28.94715811125934,0.023737373737373738,138.9512104105756,0.0701178451178451,0.14574821208125405,10
32,corridor|fm|K2,corridor,fm,2,test,corridor_bounds+dynamics+geo_bounds+halfspace+obstacles,geo_free-model_free,False,proj_valid,0.0,0.1,0.0,0.0,0.0,0.1,0.0,20.910621256642408,360.1,7111.337026660748,396.0,,0.027456889054596877,27.45688905459688,17.366801131272105,10.09008792332477,28.94715811125934,0.023737373737373738,138.9512104105756,0.0701178451178451,0.14574821208125405,10
32,corridor|fm|K2,corridor,fm,2,test,corridor_bounds+dynamics+geo_bounds+halfspace+obstacles,model_free-bounds_free,False,all,0.0,0.0,0.0,0.0,0.0,0.0,0.0,10.352219003991548,359.8,3449.697575705006,396.0,,0.06035190631089864,60.35190631089864,17.332746808163144,43.01915950273549,84.7816766705364,0.961111111111111,164.1875789797747,0.0707070707070707,-0.3091971396765426,10
32,corridor|fm|K2,corridor,fm,2,test,corridor_bounds+dynamics+geo_bounds+halfspace+obstacles,model_free-bounds_free,False,proj_valid,0.0,0.0,0.0,0.0,0.0,0.0,0.0,10.352219003991548,359.8,3449.697575705006,396.0,,0.06035190631089864,60.35190631089864,17.332746808163144,43.01915950273549,84.7816766705364,0.961111111111111,164.1875789797747,0.0707070707070707,-0.3091971396765426,10
32,corridor|fm|K2,corridor,fm,2,test,corridor_bounds+dynamics+geo_bounds+halfspace+obstacles,model_free-bounds_free-tightened,True,all,0.0,0.1,0.0,0.0,0.0,0.1,0.0,24.78124742462036,361.9,6679.018971711844,396.0,,0.06410600957507737,64.10600957507738,17.34129016739175,46.76471940768563,91.27892507240176,0.9744949494949495,147.10634470372287,0.0006734006734006733,0.13445466696175273,10
32,corridor|fm|K2,corridor,fm,2,test,corridor_bounds+dynamics+geo_bounds+halfspace+obstacles,model_free-bounds_free-tightened,True,proj_valid,0.0,0.1,0.0,0.0,0.0,0.1,0.0,24.78124742462036,361.9,6679.018971711844,396.0,,0.06410600957507737,64.10600957507738,17.34129016739175,46.76471940768563,91.27892507240176,0.9744949494949495,147.10634470372287,0.0006734006734006733,0.13445466696175273,10
33,corridor|fm|K5,corridor,fm,5,test,corridor_bounds+dynamics+geo_bounds+halfspace+obstacles,diffuser,False,all,0.9,0.9,0.0,0.0,0.0,0.9,0.9,0.3635593804900431,124.6,31.448330880974414,324.7,316.77777777777777,0.04407695954743632,44.07695954743632,44.07695954743632,0.0,44.04382728040218,1.0,1.171877578322468,0.001520026154189655,0.3546385767509301,10
33,corridor|fm|K5,corridor,fm,5,test,corridor_bounds+dynamics+geo_bounds+halfspace+obstacles,diffuser,False,proj_valid,0.9,0.9,0.0,0.0,0.0,0.9,0.9,0.3635593804900431,124.6,31.448330880974414,324.7,316.77777777777777,0.04407695954743632,44.07695954743632,44.07695954743632,0.0,44.04382728040218,1.0,1.171877578322468,0.001520026154189655,0.3546385767509301,10
33,corridor|fm|K5,corridor,fm,5,test,corridor_bounds+dynamics+geo_bounds+halfspace+obstacles,dpcc-r,False,all,1.0,1.0,0.9,0.9,0.9,1.0,1.0,0.2932399676898224,0.6,0.0009035724997520367,267.6,267.6,0.1646587950126789,164.65879501267892,43.650225706292574,121.00856930638633,226.13413442857563,1.0,0.5193932053678745,0.0,1.0636889307165436,10
33,corridor|fm|K5,corridor,fm,5,test,corridor_bounds+dynamics+geo_bounds+halfspace+obstacles,dpcc-r,False,proj_valid,1.0,1.0,0.9,0.9,0.9,1.0,1.0,0.2932399676898224,0.6,0.0009035724997520367,267.6,267.6,0.1646587950126789,164.65879501267892,43.650225706292574,121.00856930638633,226.13413442857563,1.0,0.5193932053678745,0.0,1.0636889307165436,10
33,corridor|fm|K5,corridor,fm,5,test,corridor_bounds+dynamics+geo_bounds+halfspace+obstacles,dpcc-r-tightened,True,all,0.8,0.8,0.3,0.3,0.3,0.8,0.8,0.6325809149986832,43.9,19.944077286137098,288.7,261.875,0.2804773603281282,280.4773603281282,43.68690699643335,236.7904533316949,782.5712619628757,1.0,6.062670535480408,0.05570551167439528,0.792373284730427,10
33,corridor|fm|K5,corridor,fm,5,test,corridor_bounds+dynamics+geo_bounds+halfspace+obstacles,dpcc-r-tightened,True,proj_valid,0.8,0.8,0.3,0.3,0.3,0.8,0.8,0.6325809149986832,43.9,19.944077286137098,288.7,261.875,0.2804773603281282,280.4773603281282,43.68690699643335,236.7904533316949,782.5712619628757,1.0,6.062670535480408,0.05570551167439528,0.792373284730427,10
33,corridor|fm|K5,corridor,fm,5,test,corridor_bounds+dynamics+geo_bounds+halfspace+obstacles,dpcc-c,False,all,1.0,1.0,0.9,0.9,0.9,1.0,1.0,0.28992673815753717,0.9,0.0012462859749793886,270.3,270.3,0.16695739052016154,166.95739052016154,43.7142745283483,123.24311599181326,230.39278524927795,1.0,0.5164198954452086,0.0,1.0532552602928795,10
33,corridor|fm|K5,corridor,fm,5,test,corridor_bounds+dynamics+geo_bounds+halfspace+obstacles,dpcc-c,False,proj_valid,1.0,1.0,0.9,0.9,0.9,1.0,1.0,0.28992673815753717,0.9,0.0012462859749793886,270.3,270.3,0.16695739052016154,166.95739052016154,43.7142745283483,123.24311599181326,230.39278524927795,1.0,0.5164198954452086,0.0,1.0532552602928795,10
33,corridor|fm|K5,corridor,fm,5,test,corridor_bounds+dynamics+geo_bounds+halfspace+obstacles,dpcc-c-tightened,True,all,0.6,0.6,0.3,0.3,0.3,0.6,0.7,6.7124614920630705,73.3,368.65001133557746,304.1,264.7142857142857,0.26489894600013303,264.89894600013304,43.70160167735941,221.1973443227736,364.6891592442989,1.0,17.38064419100228,0.1061024484873585,0.6871605594120579,10
33,corridor|fm|K5,corridor,fm,5,test,corridor_bounds+dynamics+geo_bounds+halfspace+obstacles,dpcc-c-tightened,True,proj_valid,0.6,0.6,0.3,0.3,0.3,0.6,0.7,6.7124614920630705,73.3,368.65001133557746,304.1,264.7142857142857,0.26489894600013303,264.89894600013304,43.70160167735941,221.1973443227736,364.6891592442989,1.0,17.38064419100228,0.1061024484873585,0.6871605594120579,10
33,corridor|fm|K5,corridor,fm,5,test,corridor_bounds+dynamics+geo_bounds+halfspace+obstacles,dpcc-t,False,all,1.0,1.0,0.9,0.9,0.9,1.0,1.0,0.29308554528552,0.7,0.001374340474605551,267.3,267.3,0.1638327474051305,163.83274740513053,43.43892674362596,120.39382066150456,224.952500090003,1.0,0.5196583630503586,0.0,1.0623953837550517,10
33,corridor|fm|K5,corridor,fm,5,test,corridor_bounds+dynamics+geo_bounds+halfspace+obstacles,dpcc-t,False,proj_valid,1.0,1.0,0.9,0.9,0.9,1.0,1.0,0.29308554528552,0.7,0.001374340474605551,267.3,267.3,0.1638327474051305,163.83274740513053,43.43892674362596,120.39382066150456,224.952500090003,1.0,0.5196583630503586,0.0,1.0623953837550517,10
33,corridor|fm|K5,corridor,fm,5,test,corridor_bounds+dynamics+geo_bounds+halfspace+obstacles,dpcc-t-tightened,True,all,0.7,0.7,0.3,0.3,0.3,0.7,0.7,3.108184817234206,65.5,192.52338631248136,300.5,259.57142857142856,0.2806986145389727,280.6986145389727,43.655610004637445,237.04300453433524,334.5857080910355,1.0,10.641059541409037,0.05818165823967849,0.7137657291729381,10
33,corridor|fm|K5,corridor,fm,5,test,corridor_bounds+dynamics+geo_bounds+halfspace+obstacles,dpcc-t-tightened,True,proj_valid,0.7,0.7,0.3,0.3,0.3,0.7,0.7,3.108184817234206,65.5,192.52338631248136,300.5,259.57142857142856,0.2806986145389727,280.6986145389727,43.655610004637445,237.04300453433524,334.5857080910355,1.0,10.641059541409037,0.05818165823967849,0.7137657291729381,10
33,corridor|fm|K5,corridor,fm,5,test,corridor_bounds+dynamics+geo_bounds+halfspace+obstacles,hardflow_new,False,all,1.0,1.0,1.0,1.0,1.0,1.0,1.0,0.29286949595107387,0.0,0.0,275.5,275.5,0.47465604860451605,474.65604860451606,75.49196108416069,399.16408752035534,671.7486774921417,1.0,0.5067461678890532,0.0,1.0614875579016907,10
33,corridor|fm|K5,corridor,fm,5,test,corridor_bounds+dynamics+geo_bounds+halfspace+obstacles,hardflow_new,False,proj_valid,1.0,1.0,1.0,1.0,1.0,1.0,1.0,0.29286949595107387,0.0,0.0,275.5,275.5,0.47465604860451605,474.65604860451606,75.49196108416069,399.16408752035534,671.7486774921417,1.0,0.5067461678890532,0.0,1.0614875579016907,10
33,corridor|fm|K5,corridor,fm,5,test,corridor_bounds+dynamics+geo_bounds+halfspace+obstacles,hardflow_new-c,False,all,1.0,1.0,1.0,1.0,1.0,1.0,1.0,0.2942881003913951,0.0,0.0,275.8,275.8,0.49287909694556264,492.87909694556265,75.4874061378313,417.39169080773127,676.9241012446582,1.0,0.5043482096943701,0.0,1.0449857659755302,10
33,corridor|fm|K5,corridor,fm,5,test,corridor_bounds+dynamics+geo_bounds+halfspace+obstacles,hardflow_new-c,False,proj_valid,1.0,1.0,1.0,1.0,1.0,1.0,1.0,0.2942881003913951,0.0,0.0,275.8,275.8,0.49287909694556264,492.87909694556265,75.4874061378313,417.39169080773127,676.9241012446582,1.0,0.5043482096943701,0.0,1.0449857659755302,10
33,corridor|fm|K5,corridor,fm,5,test,corridor_bounds+dynamics+geo_bounds+halfspace+obstacles,hardflow_new-t,False,all,1.0,1.0,1.0,1.0,1.0,1.0,1.0,0.29303130362968854,0.0,0.0,273.6,273.6,0.4775455645653193,477.54556456531935,75.61044703737397,401.93511752794535,664.7705006413162,1.0,0.5074446727051863,0.0,1.0625943561047555,10
33,corridor|fm|K5,corridor,fm,5,test,corridor_bounds+dynamics+geo_bounds+halfspace+obstacles,hardflow_new-t,False,proj_valid,1.0,1.0,1.0,1.0,1.0,1.0,1.0,0.29303130362968854,0.0,0.0,273.6,273.6,0.4775455645653193,477.54556456531935,75.61044703737397,401.93511752794535,664.7705006413162,1.0,0.5074446727051863,0.0,1.0625943561047555,10
33,corridor|fm|K5,corridor,fm,5,test,corridor_bounds+dynamics+geo_bounds+halfspace+obstacles,gradient,False,all,0.0,0.0,0.0,0.0,0.0,0.0,0.0,4.177482279477058,375.8,273.33952528961294,396.0,,0.049042746593065636,49.04274659306564,49.04274659306564,0.0,49.22055872157216,1.0,4.457834188657718,0.5392255892255892,0.019697010664494214,10
33,corridor|fm|K5,corridor,fm,5,test,corridor_bounds+dynamics+geo_bounds+halfspace+obstacles,gradient,False,proj_valid,0.0,0.0,0.0,0.0,0.0,0.0,0.0,4.177482279477058,375.8,273.33952528961294,396.0,,0.049042746593065636,49.04274659306564,49.04274659306564,0.0,49.22055872157216,1.0,4.457834188657718,0.5392255892255892,0.019697010664494214,10
33,corridor|fm|K5,corridor,fm,5,test,corridor_bounds+dynamics+geo_bounds+halfspace+obstacles,gradient-tightened,True,all,0.0,0.0,0.0,0.0,0.0,0.0,0.0,4.109847695875678,373.6,262.99119491916923,396.0,,0.04903147324938515,49.03147324938515,49.03147324938515,0.0,49.187640054151416,1.0,4.45465701395403,0.33989898989898987,0.03159705823771549,10
33,corridor|fm|K5,corridor,fm,5,test,corridor_bounds+dynamics+geo_bounds+halfspace+obstacles,gradient-tightened,True,proj_valid,0.0,0.0,0.0,0.0,0.0,0.0,0.0,4.109847695875678,373.6,262.99119491916923,396.0,,0.04903147324938515,49.03147324938515,49.03147324938515,0.0,49.187640054151416,1.0,4.45465701395403,0.33989898989898987,0.03159705823771549,10
33,corridor|fm|K5,corridor,fm,5,test,corridor_bounds+dynamics+geo_bounds+halfspace+obstacles,post_processing,False,all,1.0,1.0,0.8,0.8,0.8,1.0,1.0,0.2938067810926694,1.8,0.0035835455656051396,271.1,271.1,0.07072182362454563,70.72182362454564,43.52605141364599,27.195772210899634,100.43670441955328,1.0,0.5283621385208112,0.0002583979328165375,1.0082258390674832,10
33,corridor|fm|K5,corridor,fm,5,test,corridor_bounds+dynamics+geo_bounds+halfspace+obstacles,post_processing,False,proj_valid,1.0,1.0,0.8,0.8,0.8,1.0,1.0,0.2938067810926694,1.8,0.0035835455656051396,271.1,271.1,0.07072182362454563,70.72182362454564,43.52605141364599,27.195772210899634,100.43670441955328,1.0,0.5283621385208112,0.0002583979328165375,1.0082258390674832,10
33,corridor|fm|K5,corridor,fm,5,test,corridor_bounds+dynamics+geo_bounds+halfspace+obstacles,post_processing-tightened,True,all,0.5,0.5,0.3,0.3,0.3,0.5,0.6,1.515724171975815,105.0,55.29394267039447,319.1,267.8333333333333,0.1533711888340114,153.3711888340114,43.48857938922509,109.88260944478631,177.51108596101403,1.0,23.34340256110833,0.1369366029023905,-0.49763290295924334,10
33,corridor|fm|K5,corridor,fm,5,test,corridor_bounds+dynamics+geo_bounds+halfspace+obstacles,post_processing-tightened,True,proj_valid,0.5,0.5,0.3,0.3,0.3,0.5,0.6,1.515724171975815,105.0,55.29394267039447,319.1,267.8333333333333,0.1533711888340114,153.3711888340114,43.48857938922509,109.88260944478631,177.51108596101403,1.0,23.34340256110833,0.1369366029023905,-0.49763290295924334,10
33,corridor|fm|K5,corridor,fm,5,test,corridor_bounds+dynamics+geo_bounds+halfspace+obstacles,model_free,False,all,0.0,0.0,0.0,0.0,0.0,0.0,0.0,5.387681108018143,338.1,449.0778954759714,396.0,,0.12308336366673536,123.08336366673537,43.668656476839175,79.41470718989619,165.3372340835631,1.0,153.64401786038982,0.06885521885521886,0.09922578666169582,10
33,corridor|fm|K5,corridor,fm,5,test,corridor_bounds+dynamics+geo_bounds+halfspace+obstacles,model_free,False,proj_valid,0.0,0.0,0.0,0.0,0.0,0.0,0.0,5.387681108018143,338.1,449.0778954759714,396.0,,0.12308336366673536,123.08336366673537,43.668656476839175,79.41470718989619,165.3372340835631,1.0,153.64401786038982,0.06885521885521886,0.09922578666169582,10
33,corridor|fm|K5,corridor,fm,5,test,corridor_bounds+dynamics+geo_bounds+halfspace+obstacles,model_free-tightened,True,all,0.0,0.0,0.0,0.0,0.0,0.0,0.0,5.037140094973671,330.6,363.55061501336655,396.0,,0.12362133694361106,123.62133694361106,43.68123638189652,79.94010056171453,167.65804332681,1.0,149.0521544880572,0.1856060606060606,0.12058348362042934,10
33,corridor|fm|K5,corridor,fm,5,test,corridor_bounds+dynamics+geo_bounds+halfspace+obstacles,model_free-tightened,True,proj_valid,0.0,0.0,0.0,0.0,0.0,0.0,0.0,5.037140094973671,330.6,363.55061501336655,396.0,,0.12362133694361106,123.62133694361106,43.68123638189652,79.94010056171453,167.65804332681,1.0,149.0521544880572,0.1856060606060606,0.12058348362042934,10
33,corridor|fm|K5,corridor,fm,5,test,corridor_bounds+dynamics+geo_bounds+halfspace+obstacles,bounds_free,False,all,1.0,1.0,0.9,0.9,0.9,1.0,1.0,0.2943857107277678,0.2,0.0003185422420501682,268.3,268.3,0.1455133794997246,145.5133794997246,43.63741256553978,101.8759669341848,196.4013705495745,1.0,0.5213966992823226,0.0005089058524173028,1.056222669013931,10
33,corridor|fm|K5,corridor,fm,5,test,corridor_bounds+dynamics+geo_bounds+halfspace+obstacles,bounds_free,False,proj_valid,1.0,1.0,0.9,0.9,0.9,1.0,1.0,0.2943857107277678,0.2,0.0003185422420501682,268.3,268.3,0.1455133794997246,145.5133794997246,43.63741256553978,101.8759669341848,196.4013705495745,1.0,0.5213966992823226,0.0005089058524173028,1.056222669013931,10
33,corridor|fm|K5,corridor,fm,5,test,corridor_bounds+dynamics+geo_bounds+halfspace+obstacles,bounds_free-tightened,True,all,0.4,0.4,0.3,0.3,0.3,0.4,0.5,1.672818689339295,116.9,70.04835590193595,330.8,265.6,0.26121243467930566,261.21243467930566,43.66960720096382,217.54282747834185,341.21922777965665,1.0,28.14363186273166,0.16774628014184095,0.5551805740165509,10
33,corridor|fm|K5,corridor,fm,5,test,corridor_bounds+dynamics+geo_bounds+halfspace+obstacles,bounds_free-tightened,True,proj_valid,0.4,0.4,0.3,0.3,0.3,0.4,0.5,1.672818689339295,116.9,70.04835590193595,330.8,265.6,0.26121243467930566,261.21243467930566,43.66960720096382,217.54282747834185,341.21922777965665,1.0,28.14363186273166,0.16774628014184095,0.5551805740165509,10
33,corridor|fm|K5,corridor,fm,5,test,corridor_bounds+dynamics+geo_bounds+halfspace+obstacles,geo_free,False,all,0.9,0.9,0.2,0.2,0.2,0.9,1.0,0.2924443436763767,53.4,2.197843939602374,267.4,267.4,0.07707534510941436,77.07534510941434,43.68025734034735,33.395087769067,77.35567525029182,1.0,0.5944654576592948,0.011023257131301836,0.7202431514805362,10
33,corridor|fm|K5,corridor,fm,5,test,corridor_bounds+dynamics+geo_bounds+halfspace+obstacles,geo_free,False,proj_valid,0.9,0.9,0.2,0.2,0.2,0.9,1.0,0.2924443436763767,53.4,2.197843939602374,267.4,267.4,0.07707534510941436,77.07534510941434,43.68025734034735,33.395087769067,77.35567525029182,1.0,0.5944654576592948,0.011023257131301836,0.7202431514805362,10
33,corridor|fm|K5,corridor,fm,5,test,corridor_bounds+dynamics+geo_bounds+halfspace+obstacles,geo_free-bounds_free,False,all,0.8,0.9,0.1,0.1,0.1,0.9,0.9,0.3094628764299494,62.5,3.630593370132284,281.9,269.22222222222223,0.07166087019353488,71.66087019353489,43.559311499120795,28.10155869441409,71.77912368439138,1.0,0.5621125400708472,0.008431738874428671,0.7524265608251384,10
33,corridor|fm|K5,corridor,fm,5,test,corridor_bounds+dynamics+geo_bounds+halfspace+obstacles,geo_free-bounds_free,False,proj_valid,0.8,0.9,0.1,0.1,0.1,0.9,0.9,0.3094628764299494,62.5,3.630593370132284,281.9,269.22222222222223,0.07166087019353488,71.66087019353489,43.559311499120795,28.10155869441409,71.77912368439138,1.0,0.5621125400708472,0.008431738874428671,0.7524265608251384,10
33,corridor|fm|K5,corridor,fm,5,test,corridor_bounds+dynamics+geo_bounds+halfspace+obstacles,geo_free-model_free,False,all,0.0,0.0,0.0,0.0,0.0,0.0,0.0,5.065667486291876,336.2,482.79151559109107,396.0,,0.07112809987221327,71.12809987221327,43.57626934234768,27.551830529865594,76.77621976472437,1.0,150.89190012651233,0.14191919191919194,0.12059165243454298,10
33,corridor|fm|K5,corridor,fm,5,test,corridor_bounds+dynamics+geo_bounds+halfspace+obstacles,geo_free-model_free,False,proj_valid,0.0,0.0,0.0,0.0,0.0,0.0,0.0,5.065667486291876,336.2,482.79151559109107,396.0,,0.07112809987221327,71.12809987221327,43.57626934234768,27.551830529865594,76.77621976472437,1.0,150.89190012651233,0.14191919191919194,0.12059165243454298,10
33,corridor|fm|K5,corridor,fm,5,test,corridor_bounds+dynamics+geo_bounds+halfspace+obstacles,model_free-bounds_free,False,all,0.0,0.0,0.0,0.0,0.0,0.0,0.0,8.273352337797668,341.2,1765.6462987053542,396.0,,0.10745956712835139,107.45956712835138,43.711173022165895,63.74839410618549,139.56743464805186,1.0,144.17002594256934,0.26590909090909093,0.1559041043658736,10
33,corridor|fm|K5,corridor,fm,5,test,corridor_bounds+dynamics+geo_bounds+halfspace+obstacles,model_free-bounds_free,False,proj_valid,0.0,0.0,0.0,0.0,0.0,0.0,0.0,8.273352337797668,341.2,1765.6462987053542,396.0,,0.10745956712835139,107.45956712835138,43.711173022165895,63.74839410618549,139.56743464805186,1.0,144.17002594256934,0.26590909090909093,0.1559041043658736,10
33,corridor|fm|K5,corridor,fm,5,test,corridor_bounds+dynamics+geo_bounds+halfspace+obstacles,model_free-bounds_free-tightened,True,all,0.0,0.0,0.0,0.0,0.0,0.0,0.0,5.0075734008582575,340.9,351.2755562800162,396.0,,0.11087507814441741,110.87507814441742,43.69899504770986,67.17608309670756,146.0099139250815,1.0,153.64901172224148,0.1430976430976431,0.14645521772564107,10
33,corridor|fm|K5,corridor,fm,5,test,corridor_bounds+dynamics+geo_bounds+halfspace+obstacles,model_free-bounds_free-tightened,True,proj_valid,0.0,0.0,0.0,0.0,0.0,0.0,0.0,5.0075734008582575,340.9,351.2755562800162,396.0,,0.11087507814441741,110.87507814441742,43.69899504770986,67.17608309670756,146.0099139250815,1.0,153.64901172224148,0.1430976430976431,0.14645521772564107,10
34,corridor|mf|K10|bbunet|dp0.5,corridor,mf,10,test,corridor_bounds+dynamics+geo_bounds+halfspace+obstacles,diffuser,False,all,0.0,0.0,0.0,0.0,0.0,0.0,0.0,39.260097219173325,368.8,11024.76867874169,396.0,,0.08853577259043702,88.53577259043702,88.53577259043702,0.0,89.11507409065962,1.0,97.00290411929964,0.0,0.08403723249674655,10
34,corridor|mf|K10|bbunet|dp0.5,corridor,mf,10,test,corridor_bounds+dynamics+geo_bounds+halfspace+obstacles,diffuser,False,proj_valid,0.0,0.0,0.0,0.0,0.0,0.0,0.0,39.260097219173325,368.8,11024.76867874169,396.0,,0.08853577259043702,88.53577259043702,88.53577259043702,0.0,89.11507409065962,1.0,97.00290411929964,0.0,0.08403723249674655,10
34,corridor|mf|K10|bbunet|dp0.5,corridor,mf,10,test,corridor_bounds+dynamics+geo_bounds+halfspace+obstacles,dpcc-r,False,all,1.0,1.0,0.8,0.8,0.8,1.0,1.0,0.2911756750532388,4.2,0.07586359333991999,255.6,255.6,0.2709943853471895,270.99438534718945,270.99438534718945,0.0,339.26080210134387,1.0,0.5681971876569568,0.0011568276684555754,1.0267464348066402,10
34,corridor|mf|K10|bbunet|dp0.5,corridor,mf,10,test,corridor_bounds+dynamics+geo_bounds+halfspace+obstacles,dpcc-r,False,proj_valid,1.0,1.0,0.8,0.8,0.8,1.0,1.0,0.2911756750532388,4.2,0.07586359333991999,255.6,255.6,0.2709943853471895,270.99438534718945,270.99438534718945,0.0,339.26080210134387,1.0,0.5681971876569568,0.0011568276684555754,1.0267464348066402,10
34,corridor|mf|K10|bbunet|dp0.5,corridor,mf,10,test,corridor_bounds+dynamics+geo_bounds+halfspace+obstacles,dpcc-r-tightened,True,all,0.4,0.4,0.1,0.1,0.1,0.4,0.4,7.361894959371942,156.8,1840.2670430895923,339.3,254.25,0.49868397130822756,498.68397130822757,498.68397130822757,0.0,693.3881646115333,1.0,24.476995107485827,0.14237457600740072,0.4955405886243146,10
34,corridor|mf|K10|bbunet|dp0.5,corridor,mf,10,test,corridor_bounds+dynamics+geo_bounds+halfspace+obstacles,dpcc-r-tightened,True,proj_valid,0.4,0.4,0.1,0.1,0.1,0.4,0.4,7.361894959371942,156.8,1840.2670430895923,339.3,254.25,0.49868397130822756,498.68397130822757,498.68397130822757,0.0,693.3881646115333,1.0,24.476995107485827,0.14237457600740072,0.4955405886243146,10
34,corridor|mf|K10|bbunet|dp0.5,corridor,mf,10,test,corridor_bounds+dynamics+geo_bounds+halfspace+obstacles,dpcc-c,False,all,1.0,1.0,0.7,0.7,0.7,1.0,1.0,0.29013379511046816,2.1,0.006133308768272372,259.0,259.0,0.26965516063422246,269.65516063422245,269.65516063422245,0.0,329.21992115676403,1.0,0.551089100476162,0.0,1.0600127412252984,10
34,corridor|mf|K10|bbunet|dp0.5,corridor,mf,10,test,corridor_bounds+dynamics+geo_bounds+halfspace+obstacles,dpcc-c,False,proj_valid,1.0,1.0,0.7,0.7,0.7,1.0,1.0,0.29013379511046816,2.1,0.006133308768272372,259.0,259.0,0.26965516063422246,269.65516063422245,269.65516063422245,0.0,329.21992115676403,1.0,0.551089100476162,0.0,1.0600127412252984,10
34,corridor|mf|K10|bbunet|dp0.5,corridor,mf,10,test,corridor_bounds+dynamics+geo_bounds+halfspace+obstacles,dpcc-c-tightened,True,all,0.6,0.6,0.1,0.1,0.1,0.6,0.6,5.672734020632289,117.6,1246.3053395685915,308.9,250.83333333333334,0.43029953930874354,430.29953930874353,430.29953930874353,0.0,564.1793330013752,1.0,29.015443505905967,0.11513924532434683,0.6368156451339038,10
34,corridor|mf|K10|bbunet|dp0.5,corridor,mf,10,test,corridor_bounds+dynamics+geo_bounds+halfspace+obstacles,dpcc-c-tightened,True,proj_valid,0.6,0.6,0.1,0.1,0.1,0.6,0.6,5.672734020632289,117.6,1246.3053395685915,308.9,250.83333333333334,0.43029953930874354,430.29953930874353,430.29953930874353,0.0,564.1793330013752,1.0,29.015443505905967,0.11513924532434683,0.6368156451339038,10
34,corridor|mf|K10|bbunet|dp0.5,corridor,mf,10,test,corridor_bounds+dynamics+geo_bounds+halfspace+obstacles,dpcc-t,False,all,1.0,1.0,0.7,0.7,0.7,1.0,1.0,0.29032920782407545,4.0,0.0486865752935409,259.1,259.1,0.2730237588121792,273.02375881217915,273.02375881217915,0.0,338.9769877679646,1.0,0.5616935526875555,0.0013808467528975694,1.0235640072605594,10
34,corridor|mf|K10|bbunet|dp0.5,corridor,mf,10,test,corridor_bounds+dynamics+geo_bounds+halfspace+obstacles,dpcc-t,False,proj_valid,1.0,1.0,0.7,0.7,0.7,1.0,1.0,0.29032920782407545,4.0,0.0486865752935409,259.1,259.1,0.2730237588121792,273.02375881217915,273.02375881217915,0.0,338.9769877679646,1.0,0.5616935526875555,0.0013808467528975694,1.0235640072605594,10
34,corridor|mf|K10|bbunet|dp0.5,corridor,mf,10,test,corridor_bounds+dynamics+geo_bounds+halfspace+obstacles,dpcc-t-tightened,True,all,0.6,0.6,0.0,0.0,0.0,0.6,0.6,2.4071562471682912,139.9,2122.038349580564,312.4,256.6666666666667,0.5019288546008986,501.92885460089866,501.92885460089866,0.0,567.1297514997423,1.0,34.39812158909722,0.0034176338404351783,-577.2438550151193,10
34,corridor|mf|K10|bbunet|dp0.5,corridor,mf,10,test,corridor_bounds+dynamics+geo_bounds+halfspace+obstacles,dpcc-t-tightened,True,proj_valid,0.6,0.6,0.0,0.0,0.0,0.6,0.6,2.4071562471682912,139.9,2122.038349580564,312.4,256.6666666666667,0.5019288546008986,501.92885460089866,501.92885460089866,0.0,567.1297514997423,1.0,34.39812158909722,0.0034176338404351783,-577.2438550151193,10
34,corridor|mf|K10|bbunet|dp0.5,corridor,mf,10,test,corridor_bounds+dynamics+geo_bounds+halfspace+obstacles,gradient,False,all,0.0,0.0,0.0,0.0,0.0,0.0,0.0,4.9067032127030075,371.5,358.5303037162937,396.0,,0.09716089259447398,97.16089259447398,97.16089259447398,0.0,97.92926385998726,1.0,5.569852305027297,0.5218013468013468,0.05089969935084854,10
34,corridor|mf|K10|bbunet|dp0.5,corridor,mf,10,test,corridor_bounds+dynamics+geo_bounds+halfspace+obstacles,gradient,False,proj_valid,0.0,0.0,0.0,0.0,0.0,0.0,0.0,4.9067032127030075,371.5,358.5303037162937,396.0,,0.09716089259447398,97.16089259447398,97.16089259447398,0.0,97.92926385998726,1.0,5.569852305027297,0.5218013468013468,0.05089969935084854,10
34,corridor|mf|K10|bbunet|dp0.5,corridor,mf,10,test,corridor_bounds+dynamics+geo_bounds+halfspace+obstacles,gradient-tightened,True,all,0.0,0.0,0.0,0.0,0.0,0.0,0.0,4.69835985225904,369.6,771.8864227391766,396.0,,0.09714737243273042,97.1473724327304,97.1473724327304,0.0,97.86650091409683,1.0,5.82459177305896,0.5143097643097643,0.06149294711277716,10
34,corridor|mf|K10|bbunet|dp0.5,corridor,mf,10,test,corridor_bounds+dynamics+geo_bounds+halfspace+obstacles,gradient-tightened,True,proj_valid,0.0,0.0,0.0,0.0,0.0,0.0,0.0,4.69835985225904,369.6,771.8864227391766,396.0,,0.09714737243273042,97.1473724327304,97.1473724327304,0.0,97.86650091409683,1.0,5.82459177305896,0.5143097643097643,0.06149294711277716,10
34,corridor|mf|K10|bbunet|dp0.5,corridor,mf,10,test,corridor_bounds+dynamics+geo_bounds+halfspace+obstacles,post_processing,False,all,0.1,0.1,0.0,0.0,0.0,0.1,0.1,13.940038357021757,268.8,3201.620365456226,382.6,262.0,0.19612753272421166,196.12753272421168,196.12753272421168,0.0,292.9187380708754,1.0,55.868690021159196,0.3872914899632457,0.3161801962355493,10
34,corridor|mf|K10|bbunet|dp0.5,corridor,mf,10,test,corridor_bounds+dynamics+geo_bounds+halfspace+obstacles,post_processing,False,proj_valid,0.1,0.1,0.0,0.0,0.0,0.1,0.1,13.940038357021757,268.8,3201.620365456226,382.6,262.0,0.19612753272421166,196.12753272421168,196.12753272421168,0.0,292.9187380708754,1.0,55.868690021159196,0.3872914899632457,0.3161801962355493,10
34,corridor|mf|K10|bbunet|dp0.5,corridor,mf,10,test,corridor_bounds+dynamics+geo_bounds+halfspace+obstacles,post_processing-tightened,True,all,0.2,0.2,0.0,0.0,0.0,0.2,0.2,21.14233577978348,279.9,5003.675521395667,366.2,247.0,0.19612315725028284,196.12315725028284,196.12315725028284,0.0,271.9711453281343,1.0,65.1238523441983,0.08669051572086653,0.30402077312177406,10
34,corridor|mf|K10|bbunet|dp0.5,corridor,mf,10,test,corridor_bounds+dynamics+geo_bounds+halfspace+obstacles,post_processing-tightened,True,proj_valid,0.2,0.2,0.0,0.0,0.0,0.2,0.2,21.14233577978348,279.9,5003.675521395667,366.2,247.0,0.19612315725028284,196.12315725028284,196.12315725028284,0.0,271.9711453281343,1.0,65.1238523441983,0.08669051572086653,0.30402077312177406,10
34,corridor|mf|K10|bbunet|dp0.5,corridor,mf,10,test,corridor_bounds+dynamics+geo_bounds+halfspace+obstacles,model_free,False,all,0.0,0.0,0.0,0.0,0.0,0.0,0.0,17.311035928768387,377.1,4882.730127279663,396.0,,0.24945642339498408,249.45642339498409,249.45642339498409,0.0,290.0933377444744,1.0,108.48548569226261,0.0015151515151515152,0.0668715852533257,10
34,corridor|mf|K10|bbunet|dp0.5,corridor,mf,10,test,corridor_bounds+dynamics+geo_bounds+halfspace+obstacles,model_free,False,proj_valid,0.0,0.0,0.0,0.0,0.0,0.0,0.0,17.311035928768387,377.1,4882.730127279663,396.0,,0.24945642339498408,249.45642339498409,249.45642339498409,0.0,290.0933377444744,1.0,108.48548569226261,0.0015151515151515152,0.0668715852533257,10
34,corridor|mf|K10|bbunet|dp0.5,corridor,mf,10,test,corridor_bounds+dynamics+geo_bounds+halfspace+obstacles,model_free-tightened,True,all,0.0,0.0,0.0,0.0,0.0,0.1,0.0,36.87201910200406,376.7,8225.409536374355,396.0,,0.25758176308990727,257.58176308990727,257.58176308990727,0.0,310.189526155591,1.0,96.02045840716983,0.16582491582491582,0.2236566745385306,10
34,corridor|mf|K10|bbunet|dp0.5,corridor,mf,10,test,corridor_bounds+dynamics+geo_bounds+halfspace+obstacles,model_free-tightened,True,proj_valid,0.0,0.0,0.0,0.0,0.0,0.1,0.0,36.87201910200406,376.7,8225.409536374355,396.0,,0.25758176308990727,257.58176308990727,257.58176308990727,0.0,310.189526155591,1.0,96.02045840716983,0.16582491582491582,0.2236566745385306,10
34,corridor|mf|K10|bbunet|dp0.5,corridor,mf,10,test,corridor_bounds+dynamics+geo_bounds+halfspace+obstacles,bounds_free,False,all,1.0,1.0,0.7,0.7,0.7,1.0,1.0,0.2915777580275435,3.9,0.02706912434764861,257.8,257.8,0.24202021937214177,242.02021937214175,242.02021937214175,0.0,293.3268775139004,1.0,0.563891570061659,0.0006449971566250635,1.021934631881625,10
34,corridor|mf|K10|bbunet|dp0.5,corridor,mf,10,test,corridor_bounds+dynamics+geo_bounds+halfspace+obstacles,bounds_free,False,proj_valid,1.0,1.0,0.7,0.7,0.7,1.0,1.0,0.2915777580275435,3.9,0.02706912434764861,257.8,257.8,0.24202021937214177,242.02021937214175,242.02021937214175,0.0,293.3268775139004,1.0,0.563891570061659,0.0006449971566250635,1.021934631881625,10
34,corridor|mf|K10|bbunet|dp0.5,corridor,mf,10,test,corridor_bounds+dynamics+geo_bounds+halfspace+obstacles,bounds_free-tightened,True,all,0.4,0.4,0.3,0.3,0.3,0.4,0.4,11.60339208188579,155.6,2662.656983610438,336.7,247.75,0.4311504076139032,431.1504076139032,431.1504076139032,0.0,584.0978256054223,1.0,30.090719745308242,0.10681924732557643,0.5053256245770251,10
34,corridor|mf|K10|bbunet|dp0.5,corridor,mf,10,test,corridor_bounds+dynamics+geo_bounds+halfspace+obstacles,bounds_free-tightened,True,proj_valid,0.4,0.4,0.3,0.3,0.3,0.4,0.4,11.60339208188579,155.6,2662.656983610438,336.7,247.75,0.4311504076139032,431.1504076139032,431.1504076139032,0.0,584.0978256054223,1.0,30.090719745308242,0.10681924732557643,0.5053256245770251,10
34,corridor|mf|K10|bbunet|dp0.5,corridor,mf,10,test,corridor_bounds+dynamics+geo_bounds+halfspace+obstacles,geo_free,False,all,0.7,0.7,0.5,0.5,0.5,0.7,0.7,1.079200308367184,94.0,33.241791320741115,299.3,257.85714285714283,0.18480469201439587,184.80469201439587,184.80469201439587,0.0,228.51315091364086,1.0,9.650501850843018,0.18282828282828284,0.8367239446665291,10
34,corridor|mf|K10|bbunet|dp0.5,corridor,mf,10,test,corridor_bounds+dynamics+geo_bounds+halfspace+obstacles,geo_free,False,proj_valid,0.7,0.7,0.5,0.5,0.5,0.7,0.7,1.079200308367184,94.0,33.241791320741115,299.3,257.85714285714283,0.18480469201439587,184.80469201439587,184.80469201439587,0.0,228.51315091364086,1.0,9.650501850843018,0.18282828282828284,0.8367239446665291,10
34,corridor|mf|K10|bbunet|dp0.5,corridor,mf,10,test,corridor_bounds+dynamics+geo_bounds+halfspace+obstacles,geo_free-bounds_free,False,all,0.7,0.7,0.5,0.5,0.5,0.7,0.7,1.0103425051108397,85.9,25.685399929285,302.1,261.85714285714283,0.1786733426867054,178.6733426867054,178.6733426867054,0.0,235.27003841474652,1.0,11.655411561422182,0.15151515151515152,0.8692153143927381,10
34,corridor|mf|K10|bbunet|dp0.5,corridor,mf,10,test,corridor_bounds+dynamics+geo_bounds+halfspace+obstacles,geo_free-bounds_free,False,proj_valid,0.7,0.7,0.5,0.5,0.5,0.7,0.7,1.0103425051108397,85.9,25.685399929285,302.1,261.85714285714283,0.1786733426867054,178.6733426867054,178.6733426867054,0.0,235.27003841474652,1.0,11.655411561422182,0.15151515151515152,0.8692153143927381,10
34,corridor|mf|K10|bbunet|dp0.5,corridor,mf,10,test,corridor_bounds+dynamics+geo_bounds+halfspace+obstacles,geo_free-model_free,False,all,0.0,0.4,0.0,0.0,0.0,0.5,0.0,61.246008673128735,377.9,17161.18236259256,396.0,,0.14365132258019664,143.65132258019665,143.65132258019665,0.0,155.8760322164744,1.0,84.67054615622035,0.0,0.6366235540709991,10
34,corridor|mf|K10|bbunet|dp0.5,corridor,mf,10,test,corridor_bounds+dynamics+geo_bounds+halfspace+obstacles,geo_free-model_free,False,proj_valid,0.0,0.4,0.0,0.0,0.0,0.5,0.0,61.246008673128735,377.9,17161.18236259256,396.0,,0.14365132258019664,143.65132258019665,143.65132258019665,0.0,155.8760322164744,1.0,84.67054615622035,0.0,0.6366235540709991,10
34,corridor|mf|K10|bbunet|dp0.5,corridor,mf,10,test,corridor_bounds+dynamics+geo_bounds+halfspace+obstacles,model_free-bounds_free,False,all,0.0,0.1,0.0,0.0,0.0,0.1,0.0,26.562550094297173,377.5,6614.842226265415,396.0,,0.22068447569582722,220.68447569582722,220.68447569582722,0.0,258.33805254660547,1.0,97.78022072634572,0.0819023569023569,0.15808737630273126,10
34,corridor|mf|K10|bbunet|dp0.5,corridor,mf,10,test,corridor_bounds+dynamics+geo_bounds+halfspace+obstacles,model_free-bounds_free,False,proj_valid,0.0,0.1,0.0,0.0,0.0,0.1,0.0,26.562550094297173,377.5,6614.842226265415,396.0,,0.22068447569582722,220.68447569582722,220.68447569582722,0.0,258.33805254660547,1.0,97.78022072634572,0.0819023569023569,0.15808737630273126,10
34,corridor|mf|K10|bbunet|dp0.5,corridor,mf,10,test,corridor_bounds+dynamics+geo_bounds+halfspace+obstacles,model_free-bounds_free-tightened,True,all,0.0,0.1,0.0,0.0,0.0,0.1,0.0,18.044005859697855,378.6,4317.25859994971,396.0,,0.21498521756747682,214.9852175674768,214.9852175674768,0.0,244.1194845829159,1.0,101.93470320118804,0.15681818181818183,0.21261955401979007,10
34,corridor|mf|K10|bbunet|dp0.5,corridor,mf,10,test,corridor_bounds+dynamics+geo_bounds+halfspace+obstacles,model_free-bounds_free-tightened,True,proj_valid,0.0,0.1,0.0,0.0,0.0,0.1,0.0,18.044005859697855,378.6,4317.25859994971,396.0,,0.21498521756747682,214.9852175674768,214.9852175674768,0.0,244.1194845829159,1.0,101.93470320118804,0.15681818181818183,0.21261955401979007,10
35,pillars|fm|K10,pillars,fm,10,test,pillars_bounds+dynamics+geo_bounds+obstacles,diffuser,False,all,0.0,0.0,0.0,0.0,0.0,0.0,0.0,1.2290524506267093,514.0,319.2082761608919,634.0,,0.08876911245803538,88.7691124580354,88.7691124580354,0.0,93.38762555271387,1.0,0.6742118832916115,0.04766912022432527,0.3510509147282171,3
35,pillars|fm|K10,pillars,fm,10,test,pillars_bounds+dynamics+geo_bounds+obstacles,diffuser,False,proj_valid,0.0,0.0,0.0,0.0,0.0,0.0,0.0,1.2290524506267093,514.0,319.2082761608919,634.0,,0.08876911245803538,88.7691124580354,88.7691124580354,0.0,93.38762555271387,1.0,0.6742118832916115,0.04766912022432527,0.3510509147282171,3
35,pillars|fm|K10,pillars,fm,10,test,pillars_bounds+dynamics+geo_bounds+obstacles,dpcc-r,False,all,0.0,0.0,0.0,0.0,0.0,0.0,0.3333333333333333,2.5940571112740973,352.3333333333333,400.55862375950556,596.3333333333334,521.0,3.135555899341277,3135.5558993412774,86.11257179363243,3049.4433275476454,15476.671767483162,1.0,3.3532518224495047,0.031267218464854654,0.24509939538225967,3
35,pillars|fm|K10,pillars,fm,10,test,pillars_bounds+dynamics+geo_bounds+obstacles,dpcc-r,False,proj_valid,0.0,0.0,0.0,0.0,0.0,0.0,0.5,2.289293584508747,291.0,124.16308700481858,577.5,521.0,2.706340991725403,2706.340991725403,85.99069235749681,2620.3502993679067,13424.798063281933,1.0,4.085226461591208,0.0169323734386069,0.34941118650659125,2
35,pillars|fm|K10,pillars,fm,10,test,pillars_bounds+dynamics+geo_bounds+obstacles,dpcc-r-tightened,True,all,0.0,0.0,0.0,0.0,0.0,0.0,0.3333333333333333,1.6641464647977777,282.6666666666667,359.38779962040616,608.3333333333334,557.0,3.426009227780002,3426.0092277800018,86.96498373353018,3339.0442440464717,14713.903621180603,1.0,0.9189057277528511,0.013005932210322563,0.20115639215036837,3
35,pillars|fm|K10,pillars,fm,10,test,pillars_bounds+dynamics+geo_bounds+obstacles,dpcc-r-tightened,True,proj_valid,0.0,0.0,0.0,0.0,0.0,0.0,0.5,1.0207092853480235,206.0,147.96209534215842,595.5,557.0,3.0042359645589207,3004.235964558921,87.26375277027913,2916.9722117886417,13132.35386507585,1.0,0.7307797211660465,0.01083381945113053,0.3058432121355161,2
35,pillars|fm|K10,pillars,fm,10,test,pillars_bounds+dynamics+geo_bounds+obstacles,dpcc-c,False,all,0.0,0.0,0.0,0.0,0.0,0.0,0.0,1.4052676979656222,390.0,302.3327135567845,634.0,,4.136284399630754,4136.284399630755,86.70566728501164,4049.578732345743,17363.56614530087,1.0,2.331837497067316,0.12390466175955135,0.01348899220531216,3
35,pillars|fm|K10,pillars,fm,10,test,pillars_bounds+dynamics+geo_bounds+obstacles,dpcc-c,False,proj_valid,0.0,0.0,0.0,0.0,0.0,0.0,0.0,1.4052676979656222,390.0,302.3327135567845,634.0,,4.136284399630754,4136.284399630755,86.70566728501164,4049.578732345743,17363.56614530087,1.0,2.331837497067316,0.12390466175955135,0.01348899220531216,3
35,pillars|fm|K10,pillars,fm,10,test,pillars_bounds+dynamics+geo_bounds+obstacles,dpcc-c-tightened,True,all,0.0,0.0,0.0,0.0,0.0,0.0,0.0,1.8225422875074573,437.0,262.39047488139005,634.0,,4.657602430352614,4657.602430352615,86.45929082969575,4571.143139522918,19796.192536254734,1.0,2.4213298782700856,0.02856642131090081,0.0571007927408422,3
35,pillars|fm|K10,pillars,fm,10,test,pillars_bounds+dynamics+geo_bounds+obstacles,dpcc-c-tightened,True,proj_valid,0.0,0.0,0.0,0.0,0.0,0.0,0.0,1.4478214143376333,423.5,228.72568745151176,634.0,,4.726155298794341,4726.1552987943405,86.63488942718467,4639.5204093671555,21679.26507145167,1.0,1.9836576426374917,0.04048370136698212,0.04256013016992106,2
35,pillars|fm|K10,pillars,fm,10,test,pillars_bounds+dynamics+geo_bounds+obstacles,dpcc-t,False,all,0.0,0.0,0.0,0.0,0.0,0.0,0.0,2.143544987740244,417.3333333333333,609.2377739095223,634.0,,4.130347844453177,4130.347844453178,88.20988695684638,4042.1379574963316,14618.648568230376,1.0,0.9877082405331928,0.018226428321065545,0.16798059542516056,3
35,pillars|fm|K10,pillars,fm,10,test,pillars_bounds+dynamics+geo_bounds+obstacles,dpcc-t,False,proj_valid,0.0,0.0,0.0,0.0,0.0,0.0,0.0,0.8512269816616882,403.5,181.7631088181114,634.0,,4.65926138445594,4659.26138445594,87.88885556937016,4571.37252888657,15555.93770197593,1.0,0.5888477004849554,0.02260778128286015,0.2506185604054548,2
35,pillars|fm|K10,pillars,fm,10,test,pillars_bounds+dynamics+geo_bounds+obstacles,dpcc-t-tightened,True,all,0.0,0.0,0.0,0.0,0.0,0.0,0.0,3.932700296443638,452.6666666666667,394.1551778164646,634.0,,3.6181068341086147,3618.106834108615,86.07577551136696,3532.031058597248,17516.71001718691,1.0,6.953209390298997,0.09060637924991237,0.05864520298272543,3
35,pillars|fm|K10,pillars,fm,10,test,pillars_bounds+dynamics+geo_bounds+obstacles,dpcc-t-tightened,True,proj_valid,0.0,0.0,0.0,0.0,0.0,0.0,0.0,4.839214260313582,465.0,233.19064096036436,634.0,,3.3534045998236217,3353.4045998236215,86.0488883907134,3267.3557114329087,15500.149116385735,1.0,9.809636832824026,0.13485804416403785,0.08669357007839297,2
35,pillars|fm|K10,pillars,fm,10,test,pillars_bounds+dynamics+geo_bounds+obstacles,hardflow_new,False,all,0.0,0.0,0.0,0.0,0.0,0.0,0.0,3.399703827246979,355.6666666666667,416.3848107120009,634.0,,5.956431622260479,5956.431622260478,142.10395894740972,5814.327663313069,15999.403643887492,1.0,25.99155439994871,0.09744128987031196,0.3142559226481974,3
35,pillars|fm|K10,pillars,fm,10,test,pillars_bounds+dynamics+geo_bounds+obstacles,hardflow_new,False,proj_valid,0.0,0.0,0.0,0.0,0.0,0.0,0.0,3.399703827246979,355.6666666666667,416.3848107120009,634.0,,5.956431622260479,5956.431622260478,142.10395894740972,5814.327663313069,15999.403643887492,1.0,25.99155439994871,0.09744128987031196,0.3142559226481974,3
35,pillars|fm|K10,pillars,fm,10,test,pillars_bounds+dynamics+geo_bounds+obstacles,hardflow_new-c,False,all,0.0,0.0,0.0,0.0,0.0,0.0,0.0,3.1929811194833526,328.6666666666667,338.2465128621018,634.0,,5.966988665919426,5966.988665919426,140.24753924988048,5826.741126669545,22174.925495249536,1.0,19.331331021299295,0.18016123378899404,0.15686682631805593,3
35,pillars|fm|K10,pillars,fm,10,test,pillars_bounds+dynamics+geo_bounds+obstacles,hardflow_new-c,False,proj_valid,0.0,0.0,0.0,0.0,0.0,0.0,0.0,3.1929811194833526,328.6666666666667,338.2465128621018,634.0,,5.966988665919426,5966.988665919426,140.24753924988048,5826.741126669545,22174.925495249536,1.0,19.331331021299295,0.18016123378899404,0.15686682631805593,3
35,pillars|fm|K10,pillars,fm,10,test,pillars_bounds+dynamics+geo_bounds+obstacles,hardflow_new-t,False,all,0.0,0.0,0.0,0.0,0.0,0.0,0.0,2.736826640005546,311.0,68.57762796289138,,,2.520620692311272,2520.6206923112723,139.37415343588833,2381.2465388753835,5913.942964468151,,5.566692406395386,0.240273396424816,0.49683766717618993,2
35,pillars|fm|K10,pillars,fm,10,test,pillars_bounds+dynamics+geo_bounds+obstacles,hardflow_new-t,False,proj_valid,0.0,0.0,0.0,0.0,0.0,0.0,0.0,2.736826640005546,311.0,68.57762796289138,,,2.520620692311272,2520.6206923112723,139.37415343588833,2381.2465388753835,5913.942964468151,,5.566692406395386,0.240273396424816,0.49683766717618993,2
35,pillars|fm|K10,pillars,fm,10,test,pillars_bounds+dynamics+geo_bounds+obstacles,gradient,False,all,0.0,0.0,0.0,0.0,0.0,0.0,0.0,5.831622718768808,604.0,341.8223978499375,634.0,,0.09824997881969944,98.24997881969944,98.24997881969944,0.0,103.27141030381124,1.0,10.295941157238131,0.6000701016473887,0.08234758650857926,3
35,pillars|fm|K10,pillars,fm,10,test,pillars_bounds+dynamics+geo_bounds+obstacles,gradient,False,proj_valid,0.0,0.0,0.0,0.0,0.0,0.0,0.0,5.831622718768808,604.0,341.8223978499375,634.0,,0.09824997881969944,98.24997881969944,98.24997881969944,0.0,103.27141030381124,1.0,10.295941157238131,0.6000701016473887,0.08234758650857926,3
35,pillars|fm|K10,pillars,fm,10,test,pillars_bounds+dynamics+geo_bounds+obstacles,gradient-tightened,True,all,0.0,0.0,0.0,0.0,0.0,0.0,0.0,2.5988680719694446,567.0,474.81626787944134,634.0,,0.09833099264710295,98.33099264710296,98.33099264710296,0.0,103.92234558239579,1.0,6.334603046128616,0.2204696810375044,0.06870985345317711,3
35,pillars|fm|K10,pillars,fm,10,test,pillars_bounds+dynamics+geo_bounds+obstacles,gradient-tightened,True,proj_valid,0.0,0.0,0.0,0.0,0.0,0.0,0.0,2.5988680719694446,567.0,474.81626787944134,634.0,,0.09833099264710295,98.33099264710296,98.33099264710296,0.0,103.92234558239579,1.0,6.334603046128616,0.2204696810375044,0.06870985345317711,3
35,pillars|fm|K10,pillars,fm,10,test,pillars_bounds+dynamics+geo_bounds+obstacles,post_processing,False,all,0.0,0.0,0.0,0.0,0.0,0.0,0.3333333333333333,1.15650223479161,278.0,160.03135342125321,577.6666666666666,465.0,0.2673988150029147,267.39881500291466,87.01576768299401,180.38304731992062,576.2990604775645,1.0,0.7642842423427131,0.005591925496270668,0.0031679048639505062,3
35,pillars|fm|K10,pillars,fm,10,test,pillars_bounds+dynamics+geo_bounds+obstacles,post_processing,False,proj_valid,0.0,0.0,0.0,0.0,0.0,0.0,0.3333333333333333,1.15650223479161,278.0,160.03135342125321,577.6666666666666,465.0,0.2673988150029147,267.39881500291466,87.01576768299401,180.38304731992062,576.2990604775645,1.0,0.7642842423427131,0.005591925496270668,0.0031679048639505062,3
35,pillars|fm|K10,pillars,fm,10,test,pillars_bounds+dynamics+geo_bounds+obstacles,post_processing-tightened,True,all,0.0,0.0,0.0,0.0,0.0,0.0,0.0,1.3730525280485335,298.0,233.66101699730368,634.0,,0.30461442026629904,304.614420266299,87.19693719811903,217.41748306818,631.9259486782055,1.0,0.9784282131618814,0.010164738871363477,0.05198064759128018,3
35,pillars|fm|K10,pillars,fm,10,test,pillars_bounds+dynamics+geo_bounds+obstacles,post_processing-tightened,True,proj_valid,0.0,0.0,0.0,0.0,0.0,0.0,0.0,1.3730525280485335,298.0,233.66101699730368,634.0,,0.30461442026629904,304.614420266299,87.19693719811903,217.41748306818,631.9259486782055,1.0,0.9784282131618814,0.010164738871363477,0.05198064759128018,3
35,pillars|fm|K10,pillars,fm,10,test,pillars_bounds+dynamics+geo_bounds+obstacles,model_free,False,all,0.0,0.3333333333333333,0.0,0.0,0.0,0.3333333333333333,0.0,1.1339783136465442,534.6666666666666,281.3030362198029,634.0,,0.2582445140256224,258.24451402562244,88.09066108368204,170.1538529419404,347.78242896621435,1.0,0.5739965349502786,0.0,0.35851967692136827,3
35,pillars|fm|K10,pillars,fm,10,test,pillars_bounds+dynamics+geo_bounds+obstacles,model_free,False,proj_valid,0.0,0.3333333333333333,0.0,0.0,0.0,0.3333333333333333,0.0,1.1339783136465442,534.6666666666666,281.3030362198029,634.0,,0.2582445140256224,258.24451402562244,88.09066108368204,170.1538529419404,347.78242896621435,1.0,0.5739965349502786,0.0,0.35851967692136827,3
35,pillars|fm|K10,pillars,fm,10,test,pillars_bounds+dynamics+geo_bounds+obstacles,model_free-tightened,True,all,0.0,0.0,0.0,0.0,0.0,0.0,0.0,1.3850450755790449,542.3333333333334,338.067443397046,634.0,,0.2861338026751103,286.1338026751103,89.18212093980874,196.95168173530155,378.4078565426171,1.0,0.6906178746197754,0.0,-0.004918951638316648,3
35,pillars|fm|K10,pillars,fm,10,test,pillars_bounds+dynamics+geo_bounds+obstacles,model_free-tightened,True,proj_valid,0.0,0.0,0.0,0.0,0.0,0.0,0.0,1.3850450755790449,542.3333333333334,338.067443397046,634.0,,0.2861338026751103,286.1338026751103,89.18212093980874,196.95168173530155,378.4078565426171,1.0,0.6906178746197754,0.0,-0.004918951638316648,3
35,pillars|fm|K10,pillars,fm,10,test,pillars_bounds+dynamics+geo_bounds+obstacles,bounds_free,False,all,0.0,0.0,0.0,0.0,0.0,0.0,0.6666666666666666,1.47030471947727,277.3333333333333,105.02666279269455,507.3333333333333,444.0,3.622201387395004,3622.201387395004,89.03222739613402,3533.1691599988703,15100.655445860079,1.0,2.326679411368891,0.030512718441225998,0.027977940999639118,3
35,pillars|fm|K10,pillars,fm,10,test,pillars_bounds+dynamics+geo_bounds+obstacles,bounds_free,False,proj_valid,0.0,0.0,0.0,0.0,0.0,0.0,0.6666666666666666,1.47030471947727,277.3333333333333,105.02666279269455,507.3333333333333,444.0,3.622201387395004,3622.201387395004,89.03222739613402,3533.1691599988703,15100.655445860079,1.0,2.326679411368891,0.030512718441225998,0.027977940999639118,3
35,pillars|fm|K10,pillars,fm,10,test,pillars_bounds+dynamics+geo_bounds+obstacles,bounds_free-tightened,True,all,0.0,0.0,0.0,0.0,0.0,0.0,0.3333333333333333,2.3149064142133833,355.0,330.38377560856753,588.3333333333334,497.0,2.873397615863222,2873.3976158632217,86.27182427512929,2787.1257915880924,13558.579746664813,1.0,4.997247698306874,0.24820144138578404,0.23756995311811868,3
35,pillars|fm|K10,pillars,fm,10,test,pillars_bounds+dynamics+geo_bounds+obstacles,bounds_free-tightened,True,proj_valid,0.0,0.0,0.0,0.0,0.0,0.0,0.5,1.807110814823397,299.0,113.79069950998094,565.5,497.0,1.9593079951983268,1959.3079951983268,86.24995846244403,1873.0580367358828,9427.668313262984,1.0,3.063468513595653,0.3641528455697381,0.3465182985481781,2
35,pillars|fm|K10,pillars,fm,10,test,pillars_bounds+dynamics+geo_bounds+obstacles,geo_free,False,all,0.0,1.0,0.0,0.0,0.0,1.0,0.0,0.6901153974674742,457.0,115.54136868794741,634.0,,0.14146125888438224,141.46125888438223,85.43334906523192,56.027909819150324,142.25265886634588,1.0,0.3308534582506359,0.0,0.7386184365256939,3
35,pillars|fm|K10,pillars,fm,10,test,pillars_bounds+dynamics+geo_bounds+obstacles,geo_free,False,proj_valid,0.0,1.0,0.0,0.0,0.0,1.0,0.0,0.6901153974674742,457.0,115.54136868794741,634.0,,0.14146125888438224,141.46125888438223,85.43334906523192,56.027909819150324,142.25265886634588,1.0,0.3308534582506359,0.0,0.7386184365256939,3
35,pillars|fm|K10,pillars,fm,10,test,pillars_bounds+dynamics+geo_bounds+obstacles,geo_free-bounds_free,False,all,0.0,1.0,0.0,0.0,0.0,1.0,0.0,0.7181868810172745,476.0,129.3621979614095,634.0,,0.13164845712533854,131.64845712533852,85.40882882843289,46.239628296905636,132.2871967839698,1.0,0.33272695853094797,0.0,0.7199256461642393,3
35,pillars|fm|K10,pillars,fm,10,test,pillars_bounds+dynamics+geo_bounds+obstacles,geo_free-bounds_free,False,proj_valid,0.0,1.0,0.0,0.0,0.0,1.0,0.0,0.7181868810172745,476.0,129.3621979614095,634.0,,0.13164845712533854,131.64845712533852,85.40882882843289,46.239628296905636,132.2871967839698,1.0,0.33272695853094797,0.0,0.7199256461642393,3
35,pillars|fm|K10,pillars,fm,10,test,pillars_bounds+dynamics+geo_bounds+obstacles,geo_free-model_free,False,all,0.0,0.0,0.0,0.0,0.0,0.0,0.0,0.9740807788575481,529.3333333333334,250.9816038904247,634.0,,0.11113321966933308,111.13321966933307,85.70174518953048,25.43147447980259,121.9360130528609,1.0,0.4727250171417419,0.0015772870662460567,0.7086096464419605,3
35,pillars|fm|K10,pillars,fm,10,test,pillars_bounds+dynamics+geo_bounds+obstacles,geo_free-model_free,False,proj_valid,0.0,0.0,0.0,0.0,0.0,0.0,0.0,0.9740807788575481,529.3333333333334,250.9816038904247,634.0,,0.11113321966933308,111.13321966933307,85.70174518953048,25.43147447980259,121.9360130528609,1.0,0.4727250171417419,0.0015772870662460567,0.7086096464419605,3
35,pillars|fm|K10,pillars,fm,10,test,pillars_bounds+dynamics+geo_bounds+obstacles,model_free-bounds_free,False,all,0.0,0.0,0.0,0.0,0.0,0.0,0.0,1.8603403493211983,538.0,429.8713193251586,634.0,,0.24861565334222954,248.6156533422295,85.61483182925751,163.000821512972,324.83276271571714,1.0,0.7162096874124556,0.0,-0.002681382625631844,3
35,pillars|fm|K10,pillars,fm,10,test,pillars_bounds+dynamics+geo_bounds+obstacles,model_free-bounds_free,False,proj_valid,0.0,0.0,0.0,0.0,0.0,0.0,0.0,1.8603403493211983,538.0,429.8713193251586,634.0,,0.24861565334222954,248.6156533422295,85.61483182925751,163.000821512972,324.83276271571714,1.0,0.7162096874124556,0.0,-0.002681382625631844,3
35,pillars|fm|K10,pillars,fm,10,test,pillars_bounds+dynamics+geo_bounds+obstacles,model_free-bounds_free-tightened,True,all,0.0,0.0,0.0,0.0,0.0,0.0,0.0,1.1698248890155718,479.6666666666667,250.3485697220086,634.0,,0.2469368967884754,246.93689678847542,85.64702615329895,161.2898706351764,321.4231384607653,1.0,0.6273349986865456,0.0008762705923589204,-0.0047301284935035185,3
35,pillars|fm|K10,pillars,fm,10,test,pillars_bounds+dynamics+geo_bounds+obstacles,model_free-bounds_free-tightened,True,proj_valid,0.0,0.0,0.0,0.0,0.0,0.0,0.0,1.1698248890155718,479.6666666666667,250.3485697220086,634.0,,0.2469368967884754,246.93689678847542,85.64702615329895,161.2898706351764,321.4231384607653,1.0,0.6273349986865456,0.0008762705923589204,-0.0047301284935035185,3
36,pillars|mf|K10|bbunet|dp0.5,pillars,mf,10,test,pillars_bounds+dynamics+geo_bounds+obstacles,diffuser,False,all,0.0,0.0,0.0,0.0,0.0,0.0,0.0,118.07051669575345,593.0,46637.30646742106,634.0,,0.08914523062587065,89.14523062587067,89.14523062587067,0.0,91.61286462719242,1.0,190.47277572418557,0.0,-0.012514784126472054,3
36,pillars|mf|K10|bbunet|dp0.5,pillars,mf,10,test,pillars_bounds+dynamics+geo_bounds+obstacles,diffuser,False,proj_valid,0.0,0.0,0.0,0.0,0.0,0.0,0.0,118.07051669575345,593.0,46637.30646742106,634.0,,0.08914523062587065,89.14523062587067,89.14523062587067,0.0,91.61286462719242,1.0,190.47277572418557,0.0,-0.012514784126472054,3
36,pillars|mf|K10|bbunet|dp0.5,pillars,mf,10,test,pillars_bounds+dynamics+geo_bounds+obstacles,dpcc-r,False,all,0.0,0.0,0.0,0.0,0.0,0.0,0.0,65.26807253738826,479.6666666666667,14626.764396407154,634.0,,1.3182378550717209,1318.237855071721,95.62513183265706,1222.6127232390638,3823.625459025306,1.0,52.67788834699667,0.008762705923589204,0.007419886302937999,3
36,pillars|mf|K10|bbunet|dp0.5,pillars,mf,10,test,pillars_bounds+dynamics+geo_bounds+obstacles,dpcc-r,False,proj_valid,0.0,0.0,0.0,0.0,0.0,0.0,0.0,65.26807253738826,479.6666666666667,14626.764396407154,634.0,,1.3182378550717209,1318.237855071721,95.62513183265706,1222.6127232390638,3823.625459025306,1.0,52.67788834699667,0.008762705923589204,0.007419886302937999,3
36,pillars|mf|K10|bbunet|dp0.5,pillars,mf,10,test,pillars_bounds+dynamics+geo_bounds+obstacles,dpcc-r-tightened,True,all,0.0,0.0,0.0,0.0,0.0,0.0,0.0,43.07200395489551,472.0,12013.875717606463,634.0,,1.3759300908255934,1375.9300908255934,95.62056477658537,1280.3095260490081,4043.9901981502794,1.0,51.673640670980284,0.006659656501927795,-2.2813782932883093,3
36,pillars|mf|K10|bbunet|dp0.5,pillars,mf,10,test,pillars_bounds+dynamics+geo_bounds+obstacles,dpcc-r-tightened,True,proj_valid,0.0,0.0,0.0,0.0,0.0,0.0,0.0,43.07200395489551,472.0,12013.875717606463,634.0,,1.3759300908255934,1375.9300908255934,95.62056477658537,1280.3095260490081,4043.9901981502794,1.0,51.673640670980284,0.006659656501927795,-2.2813782932883093,3
36,pillars|mf|K10|bbunet|dp0.5,pillars,mf,10,test,pillars_bounds+dynamics+geo_bounds+obstacles,dpcc-c,False,all,0.0,0.0,0.0,0.0,0.0,0.0,0.0,3.436589835504545,398.0,196.23456411761072,634.0,,1.8054199754069515,1805.4199754069516,95.42167436264917,1709.9983010443023,6624.124443562086,1.0,43.565962211298,0.0008762705923589204,0.08591638870578933,3
36,pillars|mf|K10|bbunet|dp0.5,pillars,mf,10,test,pillars_bounds+dynamics+geo_bounds+obstacles,dpcc-c,False,proj_valid,0.0,0.0,0.0,0.0,0.0,0.0,0.0,3.436589835504545,398.0,196.23456411761072,634.0,,1.8054199754069515,1805.4199754069516,95.42167436264917,1709.9983010443023,6624.124443562086,1.0,43.565962211298,0.0008762705923589204,0.08591638870578933,3
36,pillars|mf|K10|bbunet|dp0.5,pillars,mf,10,test,pillars_bounds+dynamics+geo_bounds+obstacles,dpcc-c-tightened,True,all,0.0,0.0,0.0,0.0,0.0,0.0,0.0,104.78610075841067,476.6666666666667,28331.033104723883,634.0,,1.3087109910582753,1308.7109910582753,95.46762403515955,1213.2433670231158,3883.390360170355,1.0,89.50690777438096,0.0005257623554153522,-0.005201219042339603,3
36,pillars|mf|K10|bbunet|dp0.5,pillars,mf,10,test,pillars_bounds+dynamics+geo_bounds+obstacles,dpcc-c-tightened,True,proj_valid,0.0,0.0,0.0,0.0,0.0,0.0,0.0,104.78610075841067,476.6666666666667,28331.033104723883,634.0,,1.3087109910582753,1308.7109910582753,95.46762403515955,1213.2433670231158,3883.390360170355,1.0,89.50690777438096,0.0005257623554153522,-0.005201219042339603,3
36,pillars|mf|K10|bbunet|dp0.5,pillars,mf,10,test,pillars_bounds+dynamics+geo_bounds+obstacles,dpcc-t,False,all,0.0,0.0,0.0,0.0,0.0,0.0,0.0,50.38796046880344,311.6666666666667,10396.831507325916,634.0,,1.9718907983997127,1971.8907983997126,95.30665777079157,1876.5841406289212,7839.3886042448385,1.0,29.23549340423314,0.012092534174553101,0.31876783224316246,3
36,pillars|mf|K10|bbunet|dp0.5,pillars,mf,10,test,pillars_bounds+dynamics+geo_bounds+obstacles,dpcc-t,False,proj_valid,0.0,0.0,0.0,0.0,0.0,0.0,0.0,50.38796046880344,311.6666666666667,10396.831507325916,634.0,,1.9718907983997127,1971.8907983997126,95.30665777079157,1876.5841406289212,7839.3886042448385,1.0,29.23549340423314,0.012092534174553101,0.31876783224316246,3
36,pillars|mf|K10|bbunet|dp0.5,pillars,mf,10,test,pillars_bounds+dynamics+geo_bounds+obstacles,dpcc-t-tightened,True,all,0.0,0.0,0.0,0.0,0.0,0.0,0.0,2.5690993649167155,455.3333333333333,517.0978019627274,634.0,,2.0090053638866414,2009.0053638866411,95.39909596769404,1913.6062679189472,8248.549638005597,1.0,2.4375233452359506,0.11934805467928496,-0.003272614313464114,3
36,pillars|mf|K10|bbunet|dp0.5,pillars,mf,10,test,pillars_bounds+dynamics+geo_bounds+obstacles,dpcc-t-tightened,True,proj_valid,0.0,0.0,0.0,0.0,0.0,0.0,0.0,2.5690993649167155,455.3333333333333,517.0978019627274,634.0,,2.0090053638866414,2009.0053638866411,95.39909596769404,1913.6062679189472,8248.549638005597,1.0,2.4375233452359506,0.11934805467928496,-0.003272614313464114,3
36,pillars|mf|K10|bbunet|dp0.5,pillars,mf,10,test,pillars_bounds+dynamics+geo_bounds+obstacles,hardflow_new,False,all,0.0,0.0,0.0,0.0,0.0,0.0,1.0,0.2936041801610692,41.333333333333336,1.4244731640813761,506.3333333333333,506.3333333333333,0.9398337350546914,939.8337350546914,153.74138013813157,786.0923549165599,1631.603454084446,1.0,0.46230131405224134,0.005046495717055691,0.899088753460476,3
36,pillars|mf|K10|bbunet|dp0.5,pillars,mf,10,test,pillars_bounds+dynamics+geo_bounds+obstacles,hardflow_new,False,proj_valid,0.0,0.0,0.0,0.0,0.0,0.0,1.0,0.2936041801610692,41.333333333333336,1.4244731640813761,506.3333333333333,506.3333333333333,0.9398337350546914,939.8337350546914,153.74138013813157,786.0923549165599,1631.603454084446,1.0,0.46230131405224134,0.005046495717055691,0.899088753460476,3
36,pillars|mf|K10|bbunet|dp0.5,pillars,mf,10,test,pillars_bounds+dynamics+geo_bounds+obstacles,hardflow_new-c,False,all,0.0,0.0,0.0,0.0,0.0,0.0,0.6666666666666666,0.5082497435918797,36.333333333333336,0.9445671030142977,538.3333333333334,490.5,0.9256912738806506,925.6912738806508,153.8247806399048,771.866493240746,1386.9815555711582,1.0,0.39704280797291336,0.0029555171560607745,0.9032074921489848,3
36,pillars|mf|K10|bbunet|dp0.5,pillars,mf,10,test,pillars_bounds+dynamics+geo_bounds+obstacles,hardflow_new-c,False,proj_valid,0.0,0.0,0.0,0.0,0.0,0.0,0.6666666666666666,0.5082497435918797,36.333333333333336,0.9445671030142977,538.3333333333334,490.5,0.9256912738806506,925.6912738806508,153.8247806399048,771.866493240746,1386.9815555711582,1.0,0.39704280797291336,0.0029555171560607745,0.9032074921489848,3
36,pillars|mf|K10|bbunet|dp0.5,pillars,mf,10,test,pillars_bounds+dynamics+geo_bounds+obstacles,hardflow_new-t,False,all,0.6666666666666666,0.6666666666666666,0.0,0.0,0.0,0.6666666666666666,0.6666666666666666,0.7815335124063768,149.33333333333334,34.73789274855863,506.3333333333333,442.5,1.6526619102845403,1652.6619102845405,155.42290103731605,1497.2390092472242,3549.9348929151893,1.0,3.8605421306198004,0.07753619429787542,0.6605326921681072,3
36,pillars|mf|K10|bbunet|dp0.5,pillars,mf,10,test,pillars_bounds+dynamics+geo_bounds+obstacles,hardflow_new-t,False,proj_valid,0.6666666666666666,0.6666666666666666,0.0,0.0,0.0,0.6666666666666666,0.6666666666666666,0.7815335124063768,149.33333333333334,34.73789274855863,506.3333333333333,442.5,1.6526619102845403,1652.6619102845405,155.42290103731605,1497.2390092472242,3549.9348929151893,1.0,3.8605421306198004,0.07753619429787542,0.6605326921681072,3
36,pillars|mf|K10|bbunet|dp0.5,pillars,mf,10,test,pillars_bounds+dynamics+geo_bounds+obstacles,gradient,False,all,0.0,0.0,0.0,0.0,0.0,0.0,0.0,5.580554107256006,597.0,311.21517003611376,634.0,,0.10018923671056294,100.18923671056295,88.8560321113461,11.333204599216847,100.57010818272829,1.0,7.430610804922495,0.5676480897301087,0.1289215873685959,3
36,pillars|mf|K10|bbunet|dp0.5,pillars,mf,10,test,pillars_bounds+dynamics+geo_bounds+obstacles,gradient,False,proj_valid,0.0,0.0,0.0,0.0,0.0,0.0,0.0,5.580554107256006,597.0,311.21517003611376,634.0,,0.10018923671056294,100.18923671056295,88.8560321113461,11.333204599216847,100.57010818272829,1.0,7.430610804922495,0.5676480897301087,0.1289215873685959,3
36,pillars|mf|K10|bbunet|dp0.5,pillars,mf,10,test,pillars_bounds+dynamics+geo_bounds+obstacles,gradient-tightened,True,all,0.0,0.0,0.0,0.0,0.0,0.0,0.0,5.342068079751267,590.0,338.8521416507116,634.0,,0.10030663564221465,100.30663564221466,88.97104924084415,11.335586401370485,100.63793423275153,1.0,7.496965495770649,0.2618296529968454,0.09598204124961236,3
36,pillars|mf|K10|bbunet|dp0.5,pillars,mf,10,test,pillars_bounds+dynamics+geo_bounds+obstacles,gradient-tightened,True,proj_valid,0.0,0.0,0.0,0.0,0.0,0.0,0.0,5.342068079751267,590.0,338.8521416507116,634.0,,0.10030663564221465,100.30663564221466,88.97104924084415,11.335586401370485,100.63793423275153,1.0,7.496965495770649,0.2618296529968454,0.09598204124961236,3
36,pillars|mf|K10|bbunet|dp0.5,pillars,mf,10,test,pillars_bounds+dynamics+geo_bounds+obstacles,post_processing,False,all,0.0,0.0,0.0,0.0,0.0,0.0,0.3333333333333333,24.166706421832014,143.66666666666666,4022.6817909570987,593.3333333333334,512.0,0.15720130424770976,157.20130424770977,88.97788557956774,68.223418668142,274.87179276843864,1.0,14.807562745828292,0.006101033999298983,0.46196332732551504,3
36,pillars|mf|K10|bbunet|dp0.5,pillars,mf,10,test,pillars_bounds+dynamics+geo_bounds+obstacles,post_processing,False,proj_valid,0.0,0.0,0.0,0.0,0.0,0.0,0.3333333333333333,24.166706421832014,143.66666666666666,4022.6817909570987,593.3333333333334,512.0,0.15720130424770976,157.20130424770977,88.97788557956774,68.223418668142,274.87179276843864,1.0,14.807562745828292,0.006101033999298983,0.46196332732551504,3
36,pillars|mf|K10|bbunet|dp0.5,pillars,mf,10,test,pillars_bounds+dynamics+geo_bounds+obstacles,post_processing-tightened,True,all,0.0,0.0,0.0,0.0,0.0,0.0,0.0,1.9007608192104908,241.33333333333334,122.54175770946301,634.0,,0.23315535017145264,233.15535017145262,89.54097774784647,143.61437242360614,417.5130154316625,1.0,12.76190617104219,0.006659656501927795,0.05428737908866399,3
36,pillars|mf|K10|bbunet|dp0.5,pillars,mf,10,test,pillars_bounds+dynamics+geo_bounds+obstacles,post_processing-tightened,True,proj_valid,0.0,0.0,0.0,0.0,0.0,0.0,0.0,1.9007608192104908,241.33333333333334,122.54175770946301,634.0,,0.23315535017145264,233.15535017145262,89.54097774784647,143.61437242360614,417.5130154316625,1.0,12.76190617104219,0.006659656501927795,0.05428737908866399,3
36,pillars|mf|K10|bbunet|dp0.5,pillars,mf,10,test,pillars_bounds+dynamics+geo_bounds+obstacles,model_free,False,all,0.0,0.3333333333333333,0.0,0.0,0.0,0.3333333333333333,0.0,151.17574550106423,589.0,65032.591932331765,634.0,,0.3334805002645614,333.4805002645614,89.7453119243827,243.73518834017867,415.7038704492152,1.0,202.6789617364524,0.0,0.43177651717525006,3
36,pillars|mf|K10|bbunet|dp0.5,pillars,mf,10,test,pillars_bounds+dynamics+geo_bounds+obstacles,model_free,False,proj_valid,0.0,0.3333333333333333,0.0,0.0,0.0,0.3333333333333333,0.0,151.17574550106423,589.0,65032.591932331765,634.0,,0.3334805002645614,333.4805002645614,89.7453119243827,243.73518834017867,415.7038704492152,1.0,202.6789617364524,0.0,0.43177651717525006,3
36,pillars|mf|K10|bbunet|dp0.5,pillars,mf,10,test,pillars_bounds+dynamics+geo_bounds+obstacles,model_free-tightened,True,all,0.0,0.0,0.0,0.0,0.0,0.0,0.0,120.64714393284082,599.6666666666666,54669.98354263667,634.0,,0.3566619039049958,356.66190390499577,92.58468195670662,264.07722194828915,438.38694595421356,1.0,221.17416480477075,0.0,0.10412638230628034,3
36,pillars|mf|K10|bbunet|dp0.5,pillars,mf,10,test,pillars_bounds+dynamics+geo_bounds+obstacles,model_free-tightened,True,proj_valid,0.0,0.0,0.0,0.0,0.0,0.0,0.0,120.64714393284082,599.6666666666666,54669.98354263667,634.0,,0.3566619039049958,356.66190390499577,92.58468195670662,264.07722194828915,438.38694595421356,1.0,221.17416480477075,0.0,0.10412638230628034,3
36,pillars|mf|K10|bbunet|dp0.5,pillars,mf,10,test,pillars_bounds+dynamics+geo_bounds+obstacles,bounds_free,False,all,0.0,0.0,0.0,0.0,0.0,0.0,0.0,40.854496593783935,489.3333333333333,9957.577162628948,634.0,,1.2264184151716397,1226.4184151716397,95.48072734324715,1130.9376878283927,2671.4850867477594,1.0,50.266587834374405,0.30564318261479145,0.13811441409568911,3
36,pillars|mf|K10|bbunet|dp0.5,pillars,mf,10,test,pillars_bounds+dynamics+geo_bounds+obstacles,bounds_free,False,proj_valid,0.0,0.0,0.0,0.0,0.0,0.0,0.0,40.854496593783935,489.3333333333333,9957.577162628948,634.0,,1.2264184151716397,1226.4184151716397,95.48072734324715,1130.9376878283927,2671.4850867477594,1.0,50.266587834374405,0.30564318261479145,0.13811441409568911,3
36,pillars|mf|K10|bbunet|dp0.5,pillars,mf,10,test,pillars_bounds+dynamics+geo_bounds+obstacles,bounds_free-tightened,True,all,0.0,0.0,0.0,0.0,0.0,0.0,0.0,72.1885895046142,406.6666666666667,16167.00556210006,634.0,,0.9825367489232281,982.5367489232282,95.15619518080594,887.3805537424222,1863.5503665233657,1.0,78.88021716867708,0.2344900105152471,0.3671478659214478,3
36,pillars|mf|K10|bbunet|dp0.5,pillars,mf,10,test,pillars_bounds+dynamics+geo_bounds+obstacles,bounds_free-tightened,True,proj_valid,0.0,0.0,0.0,0.0,0.0,0.0,0.0,72.1885895046142,406.6666666666667,16167.00556210006,634.0,,0.9825367489232281,982.5367489232282,95.15619518080594,887.3805537424222,1863.5503665233657,1.0,78.88021716867708,0.2344900105152471,0.3671478659214478,3
36,pillars|mf|K10|bbunet|dp0.5,pillars,mf,10,test,pillars_bounds+dynamics+geo_bounds+obstacles,geo_free,False,all,0.0,1.0,0.0,0.0,0.0,1.0,0.0,0.5935537610585907,267.6666666666667,19.706681349277584,634.0,,0.1503057299401184,150.30572994011843,92.66429198230104,57.64143795781738,156.16242348526916,1.0,0.3119554848315431,0.0,0.586581798094897,3
36,pillars|mf|K10|bbunet|dp0.5,pillars,mf,10,test,pillars_bounds+dynamics+geo_bounds+obstacles,geo_free,False,proj_valid,0.0,1.0,0.0,0.0,0.0,1.0,0.0,0.5935537610585907,267.6666666666667,19.706681349277584,634.0,,0.1503057299401184,150.30572994011843,92.66429198230104,57.64143795781738,156.16242348526916,1.0,0.3119554848315431,0.0,0.586581798094897,3
36,pillars|mf|K10|bbunet|dp0.5,pillars,mf,10,test,pillars_bounds+dynamics+geo_bounds+obstacles,geo_free-bounds_free,False,all,0.0,1.0,0.0,0.0,0.0,1.0,0.0,0.5691094446674242,270.3333333333333,20.401020828088235,634.0,,0.14116352935812262,141.16352935812264,93.18070634553203,47.98282301259059,147.25364400073886,1.0,0.3117590755426706,0.0,0.6144357951742957,3
36,pillars|mf|K10|bbunet|dp0.5,pillars,mf,10,test,pillars_bounds+dynamics+geo_bounds+obstacles,geo_free-bounds_free,False,proj_valid,0.0,1.0,0.0,0.0,0.0,1.0,0.0,0.5691094446674242,270.3333333333333,20.401020828088235,634.0,,0.14116352935812262,141.16352935812264,93.18070634553203,47.98282301259059,147.25364400073886,1.0,0.3117590755426706,0.0,0.6144357951742957,3
36,pillars|mf|K10|bbunet|dp0.5,pillars,mf,10,test,pillars_bounds+dynamics+geo_bounds+obstacles,geo_free-model_free,False,all,0.0,0.0,0.0,0.0,0.0,0.0,0.0,102.64130125568117,589.0,45425.86441468023,634.0,,0.14540159095815147,145.40159095815147,92.74803481008917,52.65355614806231,155.6169781833887,1.0,226.52242458324554,0.0,-1.4754960010145457,3
36,pillars|mf|K10|bbunet|dp0.5,pillars,mf,10,test,pillars_bounds+dynamics+geo_bounds+obstacles,geo_free-model_free,False,proj_valid,0.0,0.0,0.0,0.0,0.0,0.0,0.0,102.64130125568117,589.0,45425.86441468023,634.0,,0.14540159095815147,145.40159095815147,92.74803481008917,52.65355614806231,155.6169781833887,1.0,226.52242458324554,0.0,-1.4754960010145457,3
36,pillars|mf|K10|bbunet|dp0.5,pillars,mf,10,test,pillars_bounds+dynamics+geo_bounds+obstacles,model_free-bounds_free,False,all,0.0,0.3333333333333333,0.0,0.0,0.0,0.6666666666666666,0.0,138.52395896670248,595.3333333333334,60498.33450412627,634.0,,0.2969484357623585,296.94843576235854,94.00041518021926,202.94802058213926,356.1898009541134,1.0,210.03723992311052,0.0,0.7972067304480265,3
36,pillars|mf|K10|bbunet|dp0.5,pillars,mf,10,test,pillars_bounds+dynamics+geo_bounds+obstacles,model_free-bounds_free,False,proj_valid,0.0,0.3333333333333333,0.0,0.0,0.0,0.6666666666666666,0.0,138.52395896670248,595.3333333333334,60498.33450412627,634.0,,0.2969484357623585,296.94843576235854,94.00041518021926,202.94802058213926,356.1898009541134,1.0,210.03723992311052,0.0,0.7972067304480265,3
36,pillars|mf|K10|bbunet|dp0.5,pillars,mf,10,test,pillars_bounds+dynamics+geo_bounds+obstacles,model_free-bounds_free-tightened,True,all,0.0,0.0,0.0,0.0,0.0,0.3333333333333333,0.0,135.97630406251537,596.6666666666666,56432.90093920828,634.0,,0.30201448672416803,302.014486724168,94.12650985997777,207.88797686419025,359.418913628906,1.0,191.78738574526503,0.0,0.41153924836139444,3
36,pillars|mf|K10|bbunet|dp0.5,pillars,mf,10,test,pillars_bounds+dynamics+geo_bounds+obstacles,model_free-bounds_free-tightened,True,proj_valid,0.0,0.0,0.0,0.0,0.0,0.3333333333333333,0.0,135.97630406251537,596.6666666666666,56432.90093920828,634.0,,0.30201448672416803,302.014486724168,94.12650985997777,207.88797686419025,359.418913628906,1.0,191.78738574526503,0.0,0.41153924836139444,3
37,s_curve|fm|K10,s_curve,fm,10,test,s_curve_bounds+dynamics+geo_bounds+halfspace+obstacles,diffuser,False,all,0.0,0.0,0.0,0.0,0.0,0.0,0.0,6.320871298149772,818.0,301.3957484322465,871.0,,0.0864198759491878,86.41987594918778,86.41987594918778,0.0,88.62926966200273,1.0,304.7423135456768,0.5970149253731344,-0.006694757188378381,3
37,s_curve|fm|K10,s_curve,fm,10,test,s_curve_bounds+dynamics+geo_bounds+halfspace+obstacles,diffuser,False,proj_valid,0.0,0.0,0.0,0.0,0.0,0.0,0.0,6.320871298149772,818.0,301.3957484322465,871.0,,0.0864198759491878,86.41987594918778,86.41987594918778,0.0,88.62926966200273,1.0,304.7423135456768,0.5970149253731344,-0.006694757188378381,3
37,s_curve|fm|K10,s_curve,fm,10,test,s_curve_bounds+dynamics+geo_bounds+halfspace+obstacles,dpcc-r,False,all,0.0,0.0,0.0,0.0,0.0,0.0,0.0,25.08573840240034,503.3333333333333,27139.21794350114,871.0,,0.8155467718443307,815.5467718443307,97.43326799028047,718.1135038540502,2244.1962004328766,1.0,74.31057661553096,0.0003827018752391887,-9.472955694339271,3
37,s_curve|fm|K10,s_curve,fm,10,test,s_curve_bounds+dynamics+geo_bounds+halfspace+obstacles,dpcc-r,False,proj_valid,0.0,0.0,0.0,0.0,0.0,0.0,0.0,25.08573840240034,503.3333333333333,27139.21794350114,871.0,,0.8155467718443307,815.5467718443307,97.43326799028047,718.1135038540502,2244.1962004328766,1.0,74.31057661553096,0.0003827018752391887,-9.472955694339271,3
37,s_curve|fm|K10,s_curve,fm,10,test,s_curve_bounds+dynamics+geo_bounds+halfspace+obstacles,dpcc-r-tightened,True,all,0.0,0.0,0.0,0.0,0.0,0.0,0.0,12.919824004696371,499.3333333333333,9038.15198755459,871.0,,0.8393696432087072,839.3696432087072,96.7943309309083,742.5753122777991,2574.3727072452507,1.0,57.057791257556346,0.0003827018752391887,0.06185202147087159,3
37,s_curve|fm|K10,s_curve,fm,10,test,s_curve_bounds+dynamics+geo_bounds+halfspace+obstacles,dpcc-r-tightened,True,proj_valid,0.0,0.0,0.0,0.0,0.0,0.0,0.0,12.919824004696371,499.3333333333333,9038.15198755459,871.0,,0.8393696432087072,839.3696432087072,96.7943309309083,742.5753122777991,2574.3727072452507,1.0,57.057791257556346,0.0003827018752391887,0.06185202147087159,3
37,s_curve|fm|K10,s_curve,fm,10,test,s_curve_bounds+dynamics+geo_bounds+halfspace+obstacles,dpcc-c,False,all,0.0,0.0,0.0,0.0,0.0,0.0,0.0,29.31768649904323,470.0,11730.145979296418,871.0,,1.0081816930837082,1008.1816930837082,96.69027459539309,911.4914184883152,3074.567181058228,1.0,78.28478826436012,0.18050771782115063,0.07745010680311963,3
37,s_curve|fm|K10,s_curve,fm,10,test,s_curve_bounds+dynamics+geo_bounds+halfspace+obstacles,dpcc-c,False,proj_valid,0.0,0.0,0.0,0.0,0.0,0.0,0.0,29.31768649904323,470.0,11730.145979296418,871.0,,1.0081816930837082,1008.1816930837082,96.69027459539309,911.4914184883152,3074.567181058228,1.0,78.28478826436012,0.18050771782115063,0.07745010680311963,3
37,s_curve|fm|K10,s_curve,fm,10,test,s_curve_bounds+dynamics+geo_bounds+halfspace+obstacles,dpcc-c-tightened,True,all,0.0,0.0,0.0,0.0,0.0,0.0,0.0,17.670068533909845,486.6666666666667,11578.433850982241,871.0,,0.8000757562290981,800.0757562290981,96.64900837215914,703.426747856939,2371.5907111763954,1.0,49.429180599771875,0.0006378364587319811,0.07821235875325097,3
37,s_curve|fm|K10,s_curve,fm,10,test,s_curve_bounds+dynamics+geo_bounds+halfspace+obstacles,dpcc-c-tightened,True,proj_valid,0.0,0.0,0.0,0.0,0.0,0.0,0.0,17.670068533909845,486.6666666666667,11578.433850982241,871.0,,0.8000757562290981,800.0757562290981,96.64900837215914,703.426747856939,2371.5907111763954,1.0,49.429180599771875,0.0006378364587319811,0.07821235875325097,3
37,s_curve|fm|K10,s_curve,fm,10,test,s_curve_bounds+dynamics+geo_bounds+halfspace+obstacles,dpcc-t,False,all,0.0,0.0,0.0,0.0,0.0,0.0,0.0,9.640737004169578,508.0,8412.249357544484,871.0,,0.7919609000948405,791.9609000948407,96.5468399540314,695.4140601408093,2329.0301679323115,1.0,50.27932089533434,0.00012756729174639623,0.08040768455521997,3
37,s_curve|fm|K10,s_curve,fm,10,test,s_curve_bounds+dynamics+geo_bounds+halfspace+obstacles,dpcc-t,False,proj_valid,0.0,0.0,0.0,0.0,0.0,0.0,0.0,9.640737004169578,508.0,8412.249357544484,871.0,,0.7919609000948405,791.9609000948407,96.5468399540314,695.4140601408093,2329.0301679323115,1.0,50.27932089533434,0.00012756729174639623,0.08040768455521997,3
37,s_curve|fm|K10,s_curve,fm,10,test,s_curve_bounds+dynamics+geo_bounds+halfspace+obstacles,dpcc-t-tightened,True,all,0.0,0.0,0.0,0.0,0.0,0.0,0.0,8.171320325596339,481.3333333333333,5766.044883635124,871.0,,0.9405087619396894,940.5087619396894,96.64014993264693,843.8686120070423,3028.5776359960437,1.0,49.917208176878866,0.14427860696517414,0.13720212431095777,3
37,s_curve|fm|K10,s_curve,fm,10,test,s_curve_bounds+dynamics+geo_bounds+halfspace+obstacles,dpcc-t-tightened,True,proj_valid,0.0,0.0,0.0,0.0,0.0,0.0,0.0,8.171320325596339,481.3333333333333,5766.044883635124,871.0,,0.9405087619396894,940.5087619396894,96.64014993264693,843.8686120070423,3028.5776359960437,1.0,49.917208176878866,0.14427860696517414,0.13720212431095777,3
37,s_curve|fm|K10,s_curve,fm,10,test,s_curve_bounds+dynamics+geo_bounds+halfspace+obstacles,gradient,False,all,0.0,0.0,0.0,0.0,0.0,0.0,0.0,5.550135817954874,829.3333333333334,447.2504446886516,871.0,,0.09420273574607335,94.20273574607336,94.20273574607336,0.0,97.10709005594254,1.0,8.185144688765131,0.8902921290980993,0.008344907343330397,3
37,s_curve|fm|K10,s_curve,fm,10,test,s_curve_bounds+dynamics+geo_bounds+halfspace+obstacles,gradient,False,proj_valid,0.0,0.0,0.0,0.0,0.0,0.0,0.0,5.550135817954874,829.3333333333334,447.2504446886516,871.0,,0.09420273574607335,94.20273574607336,94.20273574607336,0.0,97.10709005594254,1.0,8.185144688765131,0.8902921290980993,0.008344907343330397,3
37,s_curve|fm|K10,s_curve,fm,10,test,s_curve_bounds+dynamics+geo_bounds+halfspace+obstacles,gradient-tightened,True,all,0.0,0.0,0.0,0.0,0.0,0.0,0.0,4.657053277066756,822.0,1322.5213953701311,871.0,,0.09421780513627316,94.21780513627316,94.21780513627316,0.0,97.90447385360797,1.0,6.0238980678483856,0.607858145171578,0.02876513695960091,3
37,s_curve|fm|K10,s_curve,fm,10,test,s_curve_bounds+dynamics+geo_bounds+halfspace+obstacles,gradient-tightened,True,proj_valid,0.0,0.0,0.0,0.0,0.0,0.0,0.0,4.657053277066756,822.0,1322.5213953701311,871.0,,0.09421780513627316,94.21780513627316,94.21780513627316,0.0,97.90447385360797,1.0,6.0238980678483856,0.607858145171578,0.02876513695960091,3
37,s_curve|fm|K10,s_curve,fm,10,test,s_curve_bounds+dynamics+geo_bounds+halfspace+obstacles,post_processing,False,all,0.0,0.0,0.0,0.0,0.0,0.0,0.0,5.755166020294347,444.3333333333333,3259.3527909373074,871.0,,0.2524036496102103,252.4036496102103,86.82182858923683,165.58182102097342,362.30611832191545,1.0,34.47822602778418,0.24161245056767444,0.13122560032039382,3
37,s_curve|fm|K10,s_curve,fm,10,test,s_curve_bounds+dynamics+geo_bounds+halfspace+obstacles,post_processing,False,proj_valid,0.0,0.0,0.0,0.0,0.0,0.0,0.0,5.755166020294347,444.3333333333333,3259.3527909373074,871.0,,0.2524036496102103,252.4036496102103,86.82182858923683,165.58182102097342,362.30611832191545,1.0,34.47822602778418,0.24161245056767444,0.13122560032039382,3
37,s_curve|fm|K10,s_curve,fm,10,test,s_curve_bounds+dynamics+geo_bounds+halfspace+obstacles,post_processing-tightened,True,all,0.0,0.0,0.0,0.0,0.0,0.3333333333333333,0.0,38.97885078303552,447.6666666666667,11681.406114444779,871.0,,0.173327913693157,173.327913693157,86.08079906531646,87.24711462784056,269.19952128082514,1.0,46.0891325209707,0.006123230003827019,0.3394042542408286,3
37,s_curve|fm|K10,s_curve,fm,10,test,s_curve_bounds+dynamics+geo_bounds+halfspace+obstacles,post_processing-tightened,True,proj_valid,0.0,0.0,0.0,0.0,0.0,0.3333333333333333,0.0,38.97885078303552,447.6666666666667,11681.406114444779,871.0,,0.173327913693157,173.327913693157,86.08079906531646,87.24711462784056,269.19952128082514,1.0,46.0891325209707,0.006123230003827019,0.3394042542408286,3
37,s_curve|fm|K10,s_curve,fm,10,test,s_curve_bounds+dynamics+geo_bounds+halfspace+obstacles,model_free,False,all,0.0,0.0,0.0,0.0,0.0,0.0,0.0,6.476839875098629,815.3333333333334,401.88296511771074,871.0,,0.21671965076358915,216.71965076358916,86.47083588745738,130.24881487613177,267.49275997281075,1.0,303.75289080933237,0.5970149253731343,-0.007313617177776562,3
37,s_curve|fm|K10,s_curve,fm,10,test,s_curve_bounds+dynamics+geo_bounds+halfspace+obstacles,model_free,False,proj_valid,0.0,0.0,0.0,0.0,0.0,0.0,0.0,6.476839875098629,815.3333333333334,401.88296511771074,871.0,,0.21671965076358915,216.71965076358916,86.47083588745738,130.24881487613177,267.49275997281075,1.0,303.75289080933237,0.5970149253731343,-0.007313617177776562,3
37,s_curve|fm|K10,s_curve,fm,10,test,s_curve_bounds+dynamics+geo_bounds+halfspace+obstacles,model_free-tightened,True,all,0.0,0.0,0.0,0.0,0.0,0.0,0.0,6.408611803368477,817.3333333333334,243.35080281285616,871.0,,0.20010088082621072,200.10088082621073,86.26537518187291,113.83550564433783,252.65695247799158,1.0,308.4468685315151,0.8974358974358975,-0.009333192605353625,3
37,s_curve|fm|K10,s_curve,fm,10,test,s_curve_bounds+dynamics+geo_bounds+halfspace+obstacles,model_free-tightened,True,proj_valid,0.0,0.0,0.0,0.0,0.0,0.0,0.0,6.408611803368477,817.3333333333334,243.35080281285616,871.0,,0.20010088082621072,200.10088082621073,86.26537518187291,113.83550564433783,252.65695247799158,1.0,308.4468685315151,0.8974358974358975,-0.009333192605353625,3
37,s_curve|fm|K10,s_curve,fm,10,test,s_curve_bounds+dynamics+geo_bounds+halfspace+obstacles,bounds_free,False,all,0.0,0.0,0.0,0.0,0.0,0.0,0.0,70.07457321547552,509.0,30283.476143707347,871.0,,0.5906240255541606,590.6240255541607,86.41029432646921,504.21373122769137,1132.7822810659807,1.0,84.48925698858204,0.18458987115703532,0.0942714852014667,3
37,s_curve|fm|K10,s_curve,fm,10,test,s_curve_bounds+dynamics+geo_bounds+halfspace+obstacles,bounds_free,False,proj_valid,0.0,0.0,0.0,0.0,0.0,0.0,0.0,70.07457321547552,509.0,30283.476143707347,871.0,,0.5906240255541606,590.6240255541607,86.41029432646921,504.21373122769137,1132.7822810659807,1.0,84.48925698858204,0.18458987115703532,0.0942714852014667,3
37,s_curve|fm|K10,s_curve,fm,10,test,s_curve_bounds+dynamics+geo_bounds+halfspace+obstacles,bounds_free-tightened,True,all,0.0,0.0,0.0,0.0,0.0,0.0,0.0,24.466807229242903,498.3333333333333,25192.56397725339,871.0,,0.5886066277399858,588.6066277399858,86.89276406515091,501.713863674835,1018.3513006195426,1.0,80.0612861419836,0.2066590126291619,-5556.516906387199,3
37,s_curve|fm|K10,s_curve,fm,10,test,s_curve_bounds+dynamics+geo_bounds+halfspace+obstacles,bounds_free-tightened,True,proj_valid,0.0,0.0,0.0,0.0,0.0,0.0,0.0,24.466807229242903,498.3333333333333,25192.56397725339,871.0,,0.5886066277399858,588.6066277399858,86.89276406515091,501.713863674835,1018.3513006195426,1.0,80.0612861419836,0.2066590126291619,-5556.516906387199,3
37,s_curve|fm|K10,s_curve,fm,10,test,s_curve_bounds+dynamics+geo_bounds+halfspace+obstacles,geo_free,False,all,0.0,1.0,0.0,0.0,0.0,1.0,0.0,0.4901693093962878,609.6666666666666,81.61521830667465,871.0,,0.15653576336621416,156.53576336621416,95.69131047277789,60.84445289343629,163.82647740344206,1.0,0.22286040839014945,0.0,1.1488921914058754,3
37,s_curve|fm|K10,s_curve,fm,10,test,s_curve_bounds+dynamics+geo_bounds+halfspace+obstacles,geo_free,False,proj_valid,0.0,1.0,0.0,0.0,0.0,1.0,0.0,0.4901693093962878,609.6666666666666,81.61521830667465,871.0,,0.15653576336621416,156.53576336621416,95.69131047277789,60.84445289343629,163.82647740344206,1.0,0.22286040839014945,0.0,1.1488921914058754,3
37,s_curve|fm|K10,s_curve,fm,10,test,s_curve_bounds+dynamics+geo_bounds+halfspace+obstacles,geo_free-bounds_free,False,all,0.0,1.0,0.0,0.0,0.0,1.0,0.0,0.48931969851376717,622.0,81.96145495550142,871.0,,0.14591321879067598,145.91321879067596,95.65732673015852,50.255892060517446,153.16050685942173,1.0,0.2229369780583409,0.0,1.1488920351622331,3
37,s_curve|fm|K10,s_curve,fm,10,test,s_curve_bounds+dynamics+geo_bounds+halfspace+obstacles,geo_free-bounds_free,False,proj_valid,0.0,1.0,0.0,0.0,0.0,1.0,0.0,0.48931969851376717,622.0,81.96145495550142,871.0,,0.14591321879067598,145.91321879067596,95.65732673015852,50.255892060517446,153.16050685942173,1.0,0.2229369780583409,0.0,1.1488920351622331,3
37,s_curve|fm|K10,s_curve,fm,10,test,s_curve_bounds+dynamics+geo_bounds+halfspace+obstacles,geo_free-model_free,False,all,0.0,0.0,0.0,0.0,0.0,0.0,0.0,5.8492918330964585,814.0,295.79895736193527,871.0,,0.1459921316136426,145.9921316136426,96.29279528265135,49.69933633099125,158.1752160564065,1.0,296.4926972469507,0.6873325679295829,-0.011419204031861037,3
37,s_curve|fm|K10,s_curve,fm,10,test,s_curve_bounds+dynamics+geo_bounds+halfspace+obstacles,geo_free-model_free,False,proj_valid,0.0,0.0,0.0,0.0,0.0,0.0,0.0,5.8492918330964585,814.0,295.79895736193527,871.0,,0.1459921316136426,145.9921316136426,96.29279528265135,49.69933633099125,158.1752160564065,1.0,296.4926972469507,0.6873325679295829,-0.011419204031861037,3
37,s_curve|fm|K10,s_curve,fm,10,test,s_curve_bounds+dynamics+geo_bounds+halfspace+obstacles,model_free-bounds_free,False,all,0.0,0.0,0.0,0.0,0.0,0.0,0.0,5.84893352796579,818.6666666666666,258.5012409365963,871.0,,0.20328447303688027,203.28447303688029,96.31478073131728,106.96969230556302,239.87392025689283,1.0,311.53474118450936,0.8872305140961858,-0.00756383182118658,3
37,s_curve|fm|K10,s_curve,fm,10,test,s_curve_bounds+dynamics+geo_bounds+halfspace+obstacles,model_free-bounds_free,False,proj_valid,0.0,0.0,0.0,0.0,0.0,0.0,0.0,5.84893352796579,818.6666666666666,258.5012409365963,871.0,,0.20328447303688027,203.28447303688029,96.31478073131728,106.96969230556302,239.87392025689283,1.0,311.53474118450936,0.8872305140961858,-0.00756383182118658,3
37,s_curve|fm|K10,s_curve,fm,10,test,s_curve_bounds+dynamics+geo_bounds+halfspace+obstacles,model_free-bounds_free-tightened,True,all,0.0,0.0,0.0,0.0,0.0,0.0,0.0,6.2403417594554496,814.6666666666666,344.8661527362035,871.0,,0.21147592755735287,211.47592755735286,96.51488366537153,114.96104389198132,260.8000248049696,1.0,301.49070394922904,0.40885317004719984,-0.004792033411836188,3
37,s_curve|fm|K10,s_curve,fm,10,test,s_curve_bounds+dynamics+geo_bounds+halfspace+obstacles,model_free-bounds_free-tightened,True,proj_valid,0.0,0.0,0.0,0.0,0.0,0.0,0.0,6.2403417594554496,814.6666666666666,344.8661527362035,871.0,,0.21147592755735287,211.47592755735286,96.51488366537153,114.96104389198132,260.8000248049696,1.0,301.49070394922904,0.40885317004719984,-0.004792033411836188,3
38,s_curve|mf|K10|bbunet|dp0.5,s_curve,mf,10,test,s_curve_bounds+dynamics+geo_bounds+halfspace+obstacles,diffuser,False,all,0.0,0.0,0.0,0.0,0.0,0.0,0.0,6.5836253185308955,838.6666666666666,365.5078234382495,871.0,,0.08902262775259505,89.02262775259506,89.02262775259506,0.0,89.31464826067288,1.0,402.47623748846286,0.4175277458859548,0.1713369199083217,3
38,s_curve|mf|K10|bbunet|dp0.5,s_curve,mf,10,test,s_curve_bounds+dynamics+geo_bounds+halfspace+obstacles,diffuser,False,proj_valid,0.0,0.0,0.0,0.0,0.0,0.0,0.0,6.5836253185308955,838.6666666666666,365.5078234382495,871.0,,0.08902262775259505,89.02262775259506,89.02262775259506,0.0,89.31464826067288,1.0,402.47623748846286,0.4175277458859548,0.1713369199083217,3
38,s_curve|mf|K10|bbunet|dp0.5,s_curve,mf,10,test,s_curve_bounds+dynamics+geo_bounds+halfspace+obstacles,dpcc-r,False,all,0.0,0.3333333333333333,0.0,0.0,0.0,0.3333333333333333,0.0,120.45248138020618,568.0,42624.94164112763,871.0,,1.0388196347002616,1038.8196347002618,90.52633329544472,948.293301404817,3127.8515371183553,1.0,166.84018128869258,0.2333205766041587,0.5109353200514548,3
38,s_curve|mf|K10|bbunet|dp0.5,s_curve,mf,10,test,s_curve_bounds+dynamics+geo_bounds+halfspace+obstacles,dpcc-r,False,proj_valid,0.0,0.3333333333333333,0.0,0.0,0.0,0.3333333333333333,0.0,120.45248138020618,568.0,42624.94164112763,871.0,,1.0388196347002616,1038.8196347002618,90.52633329544472,948.293301404817,3127.8515371183553,1.0,166.84018128869258,0.2333205766041587,0.5109353200514548,3
38,s_curve|mf|K10|bbunet|dp0.5,s_curve,mf,10,test,s_curve_bounds+dynamics+geo_bounds+halfspace+obstacles,dpcc-r-tightened,True,all,0.0,0.3333333333333333,0.0,0.0,0.0,0.6666666666666666,0.0,145.25349069550813,557.0,59910.255846767606,871.0,,1.1227397787517635,1122.7397787517632,90.33714154349563,1032.4026372082678,3796.568959330519,1.0,155.24557178257945,0.0014032402092103585,0.6866782767184612,3
38,s_curve|mf|K10|bbunet|dp0.5,s_curve,mf,10,test,s_curve_bounds+dynamics+geo_bounds+halfspace+obstacles,dpcc-r-tightened,True,proj_valid,0.0,0.3333333333333333,0.0,0.0,0.0,0.6666666666666666,0.0,145.25349069550813,557.0,59910.255846767606,871.0,,1.1227397787517635,1122.7397787517632,90.33714154349563,1032.4026372082678,3796.568959330519,1.0,155.24557178257945,0.0014032402092103585,0.6866782767184612,3
38,s_curve|mf|K10|bbunet|dp0.5,s_curve,mf,10,test,s_curve_bounds+dynamics+geo_bounds+halfspace+obstacles,dpcc-c,False,all,0.0,0.0,0.0,0.0,0.0,1.0,0.0,222.42631347954352,507.6666666666667,80486.00056874611,871.0,,1.1532703232365151,1153.2703232365154,90.47645052065918,1062.7938727158562,4013.2165470470986,1.0,149.15143754875916,0.001658374792703151,0.971351042013508,3
38,s_curve|mf|K10|bbunet|dp0.5,s_curve,mf,10,test,s_curve_bounds+dynamics+geo_bounds+halfspace+obstacles,dpcc-c,False,proj_valid,0.0,0.0,0.0,0.0,0.0,1.0,0.0,222.42631347954352,507.6666666666667,80486.00056874611,871.0,,1.1532703232365151,1153.2703232365154,90.47645052065918,1062.7938727158562,4013.2165470470986,1.0,149.15143754875916,0.001658374792703151,0.971351042013508,3
38,s_curve|mf|K10|bbunet|dp0.5,s_curve,mf,10,test,s_curve_bounds+dynamics+geo_bounds+halfspace+obstacles,dpcc-c-tightened,True,all,0.0,0.0,0.0,0.0,0.0,0.6666666666666666,0.0,113.00942279135218,509.0,39525.25349685865,871.0,,1.2099489729339667,1209.9489729339666,90.52609170402461,1119.422881229942,4155.241269618273,1.0,136.29874009411998,0.009439979589233321,0.6912125779326628,3
38,s_curve|mf|K10|bbunet|dp0.5,s_curve,mf,10,test,s_curve_bounds+dynamics+geo_bounds+halfspace+obstacles,dpcc-c-tightened,True,proj_valid,0.0,0.0,0.0,0.0,0.0,0.6666666666666666,0.0,113.00942279135218,509.0,39525.25349685865,871.0,,1.2099489729339667,1209.9489729339666,90.52609170402461,1119.422881229942,4155.241269618273,1.0,136.29874009411998,0.009439979589233321,0.6912125779326628,3
38,s_curve|mf|K10|bbunet|dp0.5,s_curve,mf,10,test,s_curve_bounds+dynamics+geo_bounds+halfspace+obstacles,dpcc-t,False,all,0.0,0.3333333333333333,0.0,0.0,0.0,1.0,0.0,238.88356503476106,541.0,81685.79391587047,871.0,,1.121326826304665,1121.326826304665,90.40069770334532,1030.9261286013198,3720.4151283949614,1.0,159.72736019954812,0.001148105625717566,0.9555660488967826,3
38,s_curve|mf|K10|bbunet|dp0.5,s_curve,mf,10,test,s_curve_bounds+dynamics+geo_bounds+halfspace+obstacles,dpcc-t,False,proj_valid,0.0,0.3333333333333333,0.0,0.0,0.0,1.0,0.0,238.88356503476106,541.0,81685.79391587047,871.0,,1.121326826304665,1121.326826304665,90.40069770334532,1030.9261286013198,3720.4151283949614,1.0,159.72736019954812,0.001148105625717566,0.9555660488967826,3
38,s_curve|mf|K10|bbunet|dp0.5,s_curve,mf,10,test,s_curve_bounds+dynamics+geo_bounds+halfspace+obstacles,dpcc-t-tightened,True,all,0.0,0.3333333333333333,0.0,0.0,0.0,1.0,0.0,228.3283270378496,551.6666666666666,78714.89323093895,871.0,,1.1935176797107097,1193.5176797107097,90.3365519503684,1103.1811277603413,4032.1852788329124,1.0,163.53669787476247,0.0012756729174639623,0.9563893318272084,3
38,s_curve|mf|K10|bbunet|dp0.5,s_curve,mf,10,test,s_curve_bounds+dynamics+geo_bounds+halfspace+obstacles,dpcc-t-tightened,True,proj_valid,0.0,0.3333333333333333,0.0,0.0,0.0,1.0,0.0,228.3283270378496,551.6666666666666,78714.89323093895,871.0,,1.1935176797107097,1193.5176797107097,90.3365519503684,1103.1811277603413,4032.1852788329124,1.0,163.53669787476247,0.0012756729174639623,0.9563893318272084,3
38,s_curve|mf|K10|bbunet|dp0.5,s_curve,mf,10,test,s_curve_bounds+dynamics+geo_bounds+halfspace+obstacles,hardflow_new,False,all,0.0,0.0,0.0,0.0,0.0,0.0,0.0,6.311024187090099,850.6666666666666,333.64417888834566,871.0,,5.321897177860409,5321.897177860409,149.9677784705283,5171.92939938988,7280.158520676196,1.0,166.39564914101956,0.6371986222732492,0.18905244898527399,3
38,s_curve|mf|K10|bbunet|dp0.5,s_curve,mf,10,test,s_curve_bounds+dynamics+geo_bounds+halfspace+obstacles,hardflow_new,False,proj_valid,0.0,0.0,0.0,0.0,0.0,0.0,0.0,6.311024187090099,850.6666666666666,333.64417888834566,871.0,,5.321897177860409,5321.897177860409,149.9677784705283,5171.92939938988,7280.158520676196,1.0,166.39564914101956,0.6371986222732492,0.18905244898527399,3
38,s_curve|mf|K10|bbunet|dp0.5,s_curve,mf,10,test,s_curve_bounds+dynamics+geo_bounds+halfspace+obstacles,hardflow_new-c,False,all,0.0,0.0,0.0,0.0,0.0,0.0,0.0,6.174153904950878,847.6666666666666,1065.8469622064797,871.0,,8.764666397856614,8764.666397856614,151.40318089630634,8613.263216960308,16778.841705992818,1.0,203.84938887919898,0.31777012374027297,0.14270488864097872,3
38,s_curve|mf|K10|bbunet|dp0.5,s_curve,mf,10,test,s_curve_bounds+dynamics+geo_bounds+halfspace+obstacles,hardflow_new-c,False,proj_valid,0.0,0.0,0.0,0.0,0.0,0.0,0.0,6.174153904950878,847.6666666666666,1065.8469622064797,871.0,,8.764666397856614,8764.666397856614,151.40318089630634,8613.263216960308,16778.841705992818,1.0,203.84938887919898,0.31777012374027297,0.14270488864097872,3
38,s_curve|mf|K10|bbunet|dp0.5,s_curve,mf,10,test,s_curve_bounds+dynamics+geo_bounds+halfspace+obstacles,hardflow_new-t,False,all,0.0,0.0,0.0,0.0,0.0,0.0,0.0,5.70811178683801,849.0,444.1553755468088,,,5.481373131283731,5481.373131283731,149.56884330564128,5331.80428797809,10166.29729885608,,171.6136355497538,0.9494833524684271,0.21081127289165996,1
38,s_curve|mf|K10|bbunet|dp0.5,s_curve,mf,10,test,s_curve_bounds+dynamics+geo_bounds+halfspace+obstacles,hardflow_new-t,False,proj_valid,0.0,0.0,0.0,0.0,0.0,0.0,0.0,5.70811178683801,849.0,444.1553755468088,,,5.481373131283731,5481.373131283731,149.56884330564128,5331.80428797809,10166.29729885608,,171.6136355497538,0.9494833524684271,0.21081127289165996,1
38,s_curve|mf|K10|bbunet|dp0.5,s_curve,mf,10,test,s_curve_bounds+dynamics+geo_bounds+halfspace+obstacles,gradient,False,all,0.0,0.0,0.0,0.0,0.0,0.0,0.0,5.022408047106245,812.0,1412.813220016762,871.0,,0.09673397418523583,96.73397418523582,89.57895840287574,7.155015782360095,97.08411463846763,1.0,5.046529182405166,0.6157673172598546,0.12250163595166134,3
38,s_curve|mf|K10|bbunet|dp0.5,s_curve,mf,10,test,s_curve_bounds+dynamics+geo_bounds+halfspace+obstacles,gradient,False,proj_valid,0.0,0.0,0.0,0.0,0.0,0.0,0.0,5.022408047106245,812.0,1412.813220016762,871.0,,0.09673397418523583,96.73397418523582,89.57895840287574,7.155015782360095,97.08411463846763,1.0,5.046529182405166,0.6157673172598546,0.12250163595166134,3
38,s_curve|mf|K10|bbunet|dp0.5,s_curve,mf,10,test,s_curve_bounds+dynamics+geo_bounds+halfspace+obstacles,gradient-tightened,True,all,0.0,0.0,0.0,0.0,0.0,0.0,0.0,6.0138783543069865,828.6666666666666,369.21764073164326,871.0,,0.09663112696161842,96.63112696161842,89.49986141541429,7.131265546204119,96.93691972643137,1.0,6.65932800112454,0.89309860951652,7.332572379137806e-05,3
38,s_curve|mf|K10|bbunet|dp0.5,s_curve,mf,10,test,s_curve_bounds+dynamics+geo_bounds+halfspace+obstacles,gradient-tightened,True,proj_valid,0.0,0.0,0.0,0.0,0.0,0.0,0.0,6.0138783543069865,828.6666666666666,369.21764073164326,871.0,,0.09663112696161842,96.63112696161842,89.49986141541429,7.131265546204119,96.93691972643137,1.0,6.65932800112454,0.89309860951652,7.332572379137806e-05,3
38,s_curve|mf|K10|bbunet|dp0.5,s_curve,mf,10,test,s_curve_bounds+dynamics+geo_bounds+halfspace+obstacles,post_processing,False,all,0.0,0.0,0.0,0.0,0.0,0.3333333333333333,0.0,83.76684141626173,468.3333333333333,24906.89243488302,871.0,,0.17186110273397062,171.86110273397063,89.30417520506967,82.55692752890097,296.5822073941429,1.0,125.40961016454906,0.1681336905217502,-330.4537090615429,3
38,s_curve|mf|K10|bbunet|dp0.5,s_curve,mf,10,test,s_curve_bounds+dynamics+geo_bounds+halfspace+obstacles,post_processing,False,proj_valid,0.0,0.0,0.0,0.0,0.0,0.3333333333333333,0.0,83.76684141626173,468.3333333333333,24906.89243488302,871.0,,0.17186110273397062,171.86110273397063,89.30417520506967,82.55692752890097,296.5822073941429,1.0,125.40961016454906,0.1681336905217502,-330.4537090615429,3
38,s_curve|mf|K10|bbunet|dp0.5,s_curve,mf,10,test,s_curve_bounds+dynamics+geo_bounds+halfspace+obstacles,post_processing-tightened,True,all,0.0,0.3333333333333333,0.0,0.0,0.0,0.6666666666666666,0.0,148.80606870132866,478.0,50865.07883796757,871.0,,0.1674505699122267,167.45056991222668,89.26898448478887,78.18158542743781,288.4988154595097,1.0,131.19866297755357,0.0008929710422247737,0.7034279956864311,3
38,s_curve|mf|K10|bbunet|dp0.5,s_curve,mf,10,test,s_curve_bounds+dynamics+geo_bounds+halfspace+obstacles,post_processing-tightened,True,proj_valid,0.0,0.3333333333333333,0.0,0.0,0.0,0.6666666666666666,0.0,148.80606870132866,478.0,50865.07883796757,871.0,,0.1674505699122267,167.45056991222668,89.26898448478887,78.18158542743781,288.4988154595097,1.0,131.19866297755357,0.0008929710422247737,0.7034279956864311,3
38,s_curve|mf|K10|bbunet|dp0.5,s_curve,mf,10,test,s_curve_bounds+dynamics+geo_bounds+halfspace+obstacles,model_free,False,all,0.0,0.0,0.0,0.0,0.0,0.0,0.0,6.7076832914803655,841.3333333333334,440.72620630135503,871.0,,0.21560909771002257,215.60909771002255,89.69773630081603,125.91136140920652,263.84258704880875,1.0,404.44648178049437,0.21405791555045287,0.07176097176365544,3
38,s_curve|mf|K10|bbunet|dp0.5,s_curve,mf,10,test,s_curve_bounds+dynamics+geo_bounds+halfspace+obstacles,model_free,False,proj_valid,0.0,0.0,0.0,0.0,0.0,0.0,0.0,6.7076832914803655,841.3333333333334,440.72620630135503,871.0,,0.21560909771002257,215.60909771002255,89.69773630081603,125.91136140920652,263.84258704880875,1.0,404.44648178049437,0.21405791555045287,0.07176097176365544,3
38,s_curve|mf|K10|bbunet|dp0.5,s_curve,mf,10,test,s_curve_bounds+dynamics+geo_bounds+halfspace+obstacles,model_free-tightened,True,all,0.0,0.0,0.0,0.0,0.0,0.0,0.0,6.733699203207135,839.6666666666666,460.6871297417121,871.0,,0.22076672179516799,220.766721795168,89.71794653816488,131.04877525700311,264.0662432337801,1.0,402.89090497747134,0.3207041714504401,0.07628003588318755,3
38,s_curve|mf|K10|bbunet|dp0.5,s_curve,mf,10,test,s_curve_bounds+dynamics+geo_bounds+halfspace+obstacles,model_free-tightened,True,proj_valid,0.0,0.0,0.0,0.0,0.0,0.0,0.0,6.733699203207135,839.6666666666666,460.6871297417121,871.0,,0.22076672179516799,220.766721795168,89.71794653816488,131.04877525700311,264.0662432337801,1.0,402.89090497747134,0.3207041714504401,0.07628003588318755,3
38,s_curve|mf|K10|bbunet|dp0.5,s_curve,mf,10,test,s_curve_bounds+dynamics+geo_bounds+halfspace+obstacles,bounds_free,False,all,0.0,0.0,0.0,0.0,0.0,0.0,0.0,113.41899200948005,704.6666666666666,50980.71368936286,871.0,,0.5869120604202146,586.9120604202145,89.96638829095973,496.9456721292548,856.5369478116432,1.0,371.7917046691982,0.0020410766679423396,-14868.639956659898,3
38,s_curve|mf|K10|bbunet|dp0.5,s_curve,mf,10,test,s_curve_bounds+dynamics+geo_bounds+halfspace+obstacles,bounds_free,False,proj_valid,0.0,0.0,0.0,0.0,0.0,0.0,0.0,113.41899200948005,704.6666666666666,50980.71368936286,871.0,,0.5869120604202146,586.9120604202145,89.96638829095973,496.9456721292548,856.5369478116432,1.0,371.7917046691982,0.0020410766679423396,-14868.639956659898,3
38,s_curve|mf|K10|bbunet|dp0.5,s_curve,mf,10,test,s_curve_bounds+dynamics+geo_bounds+halfspace+obstacles,bounds_free-tightened,True,all,0.0,0.0,0.0,0.0,0.0,0.0,0.0,106.4743773964682,726.3333333333334,55927.95411852234,871.0,,0.5634740694660167,563.4740694660168,89.79914453660466,473.6749249294121,782.3682629192868,1.0,305.9497438224555,0.004592422502870264,0.0779362373578924,3
38,s_curve|mf|K10|bbunet|dp0.5,s_curve,mf,10,test,s_curve_bounds+dynamics+geo_bounds+halfspace+obstacles,bounds_free-tightened,True,proj_valid,0.0,0.0,0.0,0.0,0.0,0.0,0.0,106.4743773964682,726.3333333333334,55927.95411852234,871.0,,0.5634740694660167,563.4740694660168,89.79914453660466,473.6749249294121,782.3682629192868,1.0,305.9497438224555,0.004592422502870264,0.0779362373578924,3
38,s_curve|mf|K10|bbunet|dp0.5,s_curve,mf,10,test,s_curve_bounds+dynamics+geo_bounds+halfspace+obstacles,geo_free,False,all,0.0,0.0,0.0,0.0,0.0,0.0,0.3333333333333333,16.48649443427522,350.6666666666667,5471.717132915281,798.6666666666666,654.0,0.2544658733669103,254.46587336691027,89.55152575012438,164.9143476167859,425.1570266050597,1.0,68.2145929069024,0.19902682151073225,0.04698667704926635,3
38,s_curve|mf|K10|bbunet|dp0.5,s_curve,mf,10,test,s_curve_bounds+dynamics+geo_bounds+halfspace+obstacles,geo_free,False,proj_valid,0.0,0.0,0.0,0.0,0.0,0.0,0.3333333333333333,16.48649443427522,350.6666666666667,5471.717132915281,798.6666666666666,654.0,0.2544658733669103,254.46587336691027,89.55152575012438,164.9143476167859,425.1570266050597,1.0,68.2145929069024,0.19902682151073225,0.04698667704926635,3
38,s_curve|mf|K10|bbunet|dp0.5,s_curve,mf,10,test,s_curve_bounds+dynamics+geo_bounds+halfspace+obstacles,geo_free-bounds_free,False,all,0.0,0.0,0.0,0.0,0.0,0.0,0.0,36.52113115274472,460.6666666666667,8054.7976010674465,871.0,,0.22150085592293847,221.50085592293848,89.55202624486908,131.9488296780694,360.0393809999029,1.0,61.14526805952743,0.33193009312412297,0.09705940435545003,3
38,s_curve|mf|K10|bbunet|dp0.5,s_curve,mf,10,test,s_curve_bounds+dynamics+geo_bounds+halfspace+obstacles,geo_free-bounds_free,False,proj_valid,0.0,0.0,0.0,0.0,0.0,0.0,0.0,36.52113115274472,460.6666666666667,8054.7976010674465,871.0,,0.22150085592293847,221.50085592293848,89.55202624486908,131.9488296780694,360.0393809999029,1.0,61.14526805952743,0.33193009312412297,0.09705940435545003,3
38,s_curve|mf|K10|bbunet|dp0.5,s_curve,mf,10,test,s_curve_bounds+dynamics+geo_bounds+halfspace+obstacles,geo_free-model_free,False,all,0.0,0.0,0.0,0.0,0.0,0.0,0.0,6.55820043792619,839.6666666666666,436.27026687940753,871.0,,0.1429930767026604,142.9930767026604,89.37494372510609,53.61813297755432,155.38526233285666,1.0,403.3633804000676,0.181273121571629,0.08027818880322694,3
38,s_curve|mf|K10|bbunet|dp0.5,s_curve,mf,10,test,s_curve_bounds+dynamics+geo_bounds+halfspace+obstacles,geo_free-model_free,False,proj_valid,0.0,0.0,0.0,0.0,0.0,0.0,0.0,6.55820043792619,839.6666666666666,436.27026687940753,871.0,,0.1429930767026604,142.9930767026604,89.37494372510609,53.61813297755432,155.38526233285666,1.0,403.3633804000676,0.181273121571629,0.08027818880322694,3
38,s_curve|mf|K10|bbunet|dp0.5,s_curve,mf,10,test,s_curve_bounds+dynamics+geo_bounds+halfspace+obstacles,model_free-bounds_free,False,all,0.0,0.0,0.0,0.0,0.0,0.0,0.0,6.636448499936978,842.6666666666666,438.48499115616875,871.0,,0.18546595234798832,185.4659523479883,89.42566373500613,96.04028861298217,213.22488567481437,1.0,406.373684190266,0.3960964408725603,0.07579045251418491,3
38,s_curve|mf|K10|bbunet|dp0.5,s_curve,mf,10,test,s_curve_bounds+dynamics+geo_bounds+halfspace+obstacles,model_free-bounds_free,False,proj_valid,0.0,0.0,0.0,0.0,0.0,0.0,0.0,6.636448499936978,842.6666666666666,438.48499115616875,871.0,,0.18546595234798832,185.4659523479883,89.42566373500613,96.04028861298217,213.22488567481437,1.0,406.373684190266,0.3960964408725603,0.07579045251418491,3
38,s_curve|mf|K10|bbunet|dp0.5,s_curve,mf,10,test,s_curve_bounds+dynamics+geo_bounds+halfspace+obstacles,model_free-bounds_free-tightened,True,all,0.0,0.3333333333333333,0.0,0.0,0.0,0.3333333333333333,0.0,77.6964969268556,843.3333333333334,33518.05958609503,871.0,,0.19901031406843658,199.0103140684366,89.78299867366063,109.22731539477597,221.57849247256914,1.0,371.12563699425715,0.16711315218777908,0.41421601362608634,3
38,s_curve|mf|K10|bbunet|dp0.5,s_curve,mf,10,test,s_curve_bounds+dynamics+geo_bounds+halfspace+obstacles,model_free-bounds_free-tightened,True,proj_valid,0.0,0.3333333333333333,0.0,0.0,0.0,0.3333333333333333,0.0,77.6964969268556,843.3333333333334,33518.05958609503,871.0,,0.19901031406843658,199.0103140684366,89.78299867366063,109.22731539477597,221.57849247256914,1.0,371.12563699425715,0.16711315218777908,0.41421601362608634,3
