Candidate,FolderName,scene,engine,K,seed,split,geo,variant,source,has_projector,n_rollouts,n_cb_tripped,cb_tripped_rate,cb_skipped_steps,cb_trips,backstop_hits,cb_sentinel,timing_missing,n_diagnostics_json,npz_complete,FullPath,variant_base,tightened,mpc_batch,controller,threshold,backbone,generation,variant_raw,npz_path,variant_dir,diagnostics_found
1,corridor|Gen11,corridor,,,6,test,diffuser_anchorP,diffuser,npz,0.0,10,0,0.0,0.0,0.0,0.0,0.0,0.0,10.0,,/data/home/llim/FMPCC/FM-PCC/logs/UAV_FM/uav-corridor/plans(Bf_DC-FIX)/flow_matching_v3_uav/H8_Dmodels.diffusion.FlowMatchingODE_condp_des,diffuser,False,,,,,Gen11,diffuser,/data/home/llim/FMPCC/FM-PCC/logs/UAV_FM/uav-corridor/plans(Bf_DC-FIX)/flow_matching_v3_uav/H8_Dmodels.diffusion.FlowMatchingODE_condp_des/6/diffuser_anchorP/diffuser.npz,/data/home/llim/FMPCC/FM-PCC/logs/UAV_FM/uav-corridor/plans(Bf_DC-FIX)/flow_matching_v3_uav/H8_Dmodels.diffusion.FlowMatchingODE_condp_des/6/diffuser_anchorP,
1,corridor|Gen11,corridor,,,6,test,dpcc-c_anchorP,dpcc-c,npz,1.0,10,0,0.0,0.0,0.0,0.0,0.0,0.0,10.0,,/data/home/llim/FMPCC/FM-PCC/logs/UAV_FM/uav-corridor/plans(Bf_DC-FIX)/flow_matching_v3_uav/H8_Dmodels.diffusion.FlowMatchingODE_condp_des,dpcc-c,False,,,,,Gen11,dpcc-c,/data/home/llim/FMPCC/FM-PCC/logs/UAV_FM/uav-corridor/plans(Bf_DC-FIX)/flow_matching_v3_uav/H8_Dmodels.diffusion.FlowMatchingODE_condp_des/6/dpcc-c_anchorP/dpcc-c.npz,/data/home/llim/FMPCC/FM-PCC/logs/UAV_FM/uav-corridor/plans(Bf_DC-FIX)/flow_matching_v3_uav/H8_Dmodels.diffusion.FlowMatchingODE_condp_des/6/dpcc-c_anchorP,
1,corridor|Gen11,corridor,,,6,test,dpcc-r_anchorP,dpcc-r,npz,1.0,10,0,0.0,0.0,0.0,0.0,0.0,0.0,10.0,,/data/home/llim/FMPCC/FM-PCC/logs/UAV_FM/uav-corridor/plans(Bf_DC-FIX)/flow_matching_v3_uav/H8_Dmodels.diffusion.FlowMatchingODE_condp_des,dpcc-r,False,,,,,Gen11,dpcc-r,/data/home/llim/FMPCC/FM-PCC/logs/UAV_FM/uav-corridor/plans(Bf_DC-FIX)/flow_matching_v3_uav/H8_Dmodels.diffusion.FlowMatchingODE_condp_des/6/dpcc-r_anchorP/dpcc-r.npz,/data/home/llim/FMPCC/FM-PCC/logs/UAV_FM/uav-corridor/plans(Bf_DC-FIX)/flow_matching_v3_uav/H8_Dmodels.diffusion.FlowMatchingODE_condp_des/6/dpcc-r_anchorP,
1,corridor|Gen11,corridor,,,6,test,dpcc-t_anchorP,dpcc-t,npz,1.0,10,0,0.0,0.0,0.0,0.0,0.0,0.0,10.0,,/data/home/llim/FMPCC/FM-PCC/logs/UAV_FM/uav-corridor/plans(Bf_DC-FIX)/flow_matching_v3_uav/H8_Dmodels.diffusion.FlowMatchingODE_condp_des,dpcc-t,False,,,,,Gen11,dpcc-t,/data/home/llim/FMPCC/FM-PCC/logs/UAV_FM/uav-corridor/plans(Bf_DC-FIX)/flow_matching_v3_uav/H8_Dmodels.diffusion.FlowMatchingODE_condp_des/6/dpcc-t_anchorP/dpcc-t.npz,/data/home/llim/FMPCC/FM-PCC/logs/UAV_FM/uav-corridor/plans(Bf_DC-FIX)/flow_matching_v3_uav/H8_Dmodels.diffusion.FlowMatchingODE_condp_des/6/dpcc-t_anchorP,
1,corridor|Gen11,corridor,,,6,test,gradient_anchorP,gradient,npz,1.0,10,0,0.0,0.0,0.0,0.0,0.0,0.0,10.0,,/data/home/llim/FMPCC/FM-PCC/logs/UAV_FM/uav-corridor/plans(Bf_DC-FIX)/flow_matching_v3_uav/H8_Dmodels.diffusion.FlowMatchingODE_condp_des,gradient,False,,,,,Gen11,gradient,/data/home/llim/FMPCC/FM-PCC/logs/UAV_FM/uav-corridor/plans(Bf_DC-FIX)/flow_matching_v3_uav/H8_Dmodels.diffusion.FlowMatchingODE_condp_des/6/gradient_anchorP/gradient.npz,/data/home/llim/FMPCC/FM-PCC/logs/UAV_FM/uav-corridor/plans(Bf_DC-FIX)/flow_matching_v3_uav/H8_Dmodels.diffusion.FlowMatchingODE_condp_des/6/gradient_anchorP,
1,corridor|Gen11,corridor,,,6,test,model_free_anchorP,model_free,npz,1.0,10,0,0.0,0.0,0.0,0.0,0.0,0.0,10.0,,/data/home/llim/FMPCC/FM-PCC/logs/UAV_FM/uav-corridor/plans(Bf_DC-FIX)/flow_matching_v3_uav/H8_Dmodels.diffusion.FlowMatchingODE_condp_des,model_free,False,,,,,Gen11,model_free,/data/home/llim/FMPCC/FM-PCC/logs/UAV_FM/uav-corridor/plans(Bf_DC-FIX)/flow_matching_v3_uav/H8_Dmodels.diffusion.FlowMatchingODE_condp_des/6/model_free_anchorP/model_free.npz,/data/home/llim/FMPCC/FM-PCC/logs/UAV_FM/uav-corridor/plans(Bf_DC-FIX)/flow_matching_v3_uav/H8_Dmodels.diffusion.FlowMatchingODE_condp_des/6/model_free_anchorP,
1,corridor|Gen11,corridor,,,6,test,post_processing_anchorP,post_processing,npz,1.0,10,0,0.0,0.0,0.0,0.0,0.0,0.0,10.0,,/data/home/llim/FMPCC/FM-PCC/logs/UAV_FM/uav-corridor/plans(Bf_DC-FIX)/flow_matching_v3_uav/H8_Dmodels.diffusion.FlowMatchingODE_condp_des,post_processing,False,,,,,Gen11,post_processing,/data/home/llim/FMPCC/FM-PCC/logs/UAV_FM/uav-corridor/plans(Bf_DC-FIX)/flow_matching_v3_uav/H8_Dmodels.diffusion.FlowMatchingODE_condp_des/6/post_processing_anchorP/post_processing.npz,/data/home/llim/FMPCC/FM-PCC/logs/UAV_FM/uav-corridor/plans(Bf_DC-FIX)/flow_matching_v3_uav/H8_Dmodels.diffusion.FlowMatchingODE_condp_des/6/post_processing_anchorP,
2,corridor|K20|Gen11,corridor,,20.0,6,test,none,diffuser,npz,0.0,5,0,0.0,0.0,0.0,0.0,0.0,0.0,5.0,,/data/home/llim/FMPCC/FM-PCC/logs/UAV_FM/uav-corridor/plans(Bf_U8)/flow_matching_v3_uav/H8_Dmodels.diffusion.FlowMatchingODE_9D/K20_mpc4_pid_stopgo_T0.5,diffuser,False,4.0,pid_stopgo,0.5,,Gen11,diffuser,/data/home/llim/FMPCC/FM-PCC/logs/UAV_FM/uav-corridor/plans(Bf_U8)/flow_matching_v3_uav/H8_Dmodels.diffusion.FlowMatchingODE_9D/K20_mpc4_pid_stopgo_T0.5/6/diffuser/diffuser.npz,/data/home/llim/FMPCC/FM-PCC/logs/UAV_FM/uav-corridor/plans(Bf_U8)/flow_matching_v3_uav/H8_Dmodels.diffusion.FlowMatchingODE_9D/K20_mpc4_pid_stopgo_T0.5/6/diffuser,
2,corridor|K20|Gen11,corridor,,20.0,6,test,none,dpcc-c,npz,1.0,5,0,0.0,0.0,0.0,0.0,0.0,0.0,5.0,,/data/home/llim/FMPCC/FM-PCC/logs/UAV_FM/uav-corridor/plans(Bf_U8)/flow_matching_v3_uav/H8_Dmodels.diffusion.FlowMatchingODE_9D/K20_mpc4_pid_stopgo_T0.5,dpcc-c,False,4.0,pid_stopgo,0.5,,Gen11,dpcc-c,/data/home/llim/FMPCC/FM-PCC/logs/UAV_FM/uav-corridor/plans(Bf_U8)/flow_matching_v3_uav/H8_Dmodels.diffusion.FlowMatchingODE_9D/K20_mpc4_pid_stopgo_T0.5/6/dpcc-c/dpcc-c.npz,/data/home/llim/FMPCC/FM-PCC/logs/UAV_FM/uav-corridor/plans(Bf_U8)/flow_matching_v3_uav/H8_Dmodels.diffusion.FlowMatchingODE_9D/K20_mpc4_pid_stopgo_T0.5/6/dpcc-c,
2,corridor|K20|Gen11,corridor,,20.0,6,test,none,dpcc-r,npz,1.0,5,0,0.0,0.0,0.0,0.0,0.0,0.0,5.0,,/data/home/llim/FMPCC/FM-PCC/logs/UAV_FM/uav-corridor/plans(Bf_U8)/flow_matching_v3_uav/H8_Dmodels.diffusion.FlowMatchingODE_9D/K20_mpc4_pid_stopgo_T0.5,dpcc-r,False,4.0,pid_stopgo,0.5,,Gen11,dpcc-r,/data/home/llim/FMPCC/FM-PCC/logs/UAV_FM/uav-corridor/plans(Bf_U8)/flow_matching_v3_uav/H8_Dmodels.diffusion.FlowMatchingODE_9D/K20_mpc4_pid_stopgo_T0.5/6/dpcc-r/dpcc-r.npz,/data/home/llim/FMPCC/FM-PCC/logs/UAV_FM/uav-corridor/plans(Bf_U8)/flow_matching_v3_uav/H8_Dmodels.diffusion.FlowMatchingODE_9D/K20_mpc4_pid_stopgo_T0.5/6/dpcc-r,
2,corridor|K20|Gen11,corridor,,20.0,6,test,none,dpcc-t,npz,1.0,5,0,0.0,0.0,0.0,0.0,0.0,0.0,5.0,,/data/home/llim/FMPCC/FM-PCC/logs/UAV_FM/uav-corridor/plans(Bf_U8)/flow_matching_v3_uav/H8_Dmodels.diffusion.FlowMatchingODE_9D/K20_mpc4_pid_stopgo_T0.5,dpcc-t,False,4.0,pid_stopgo,0.5,,Gen11,dpcc-t,/data/home/llim/FMPCC/FM-PCC/logs/UAV_FM/uav-corridor/plans(Bf_U8)/flow_matching_v3_uav/H8_Dmodels.diffusion.FlowMatchingODE_9D/K20_mpc4_pid_stopgo_T0.5/6/dpcc-t/dpcc-t.npz,/data/home/llim/FMPCC/FM-PCC/logs/UAV_FM/uav-corridor/plans(Bf_U8)/flow_matching_v3_uav/H8_Dmodels.diffusion.FlowMatchingODE_9D/K20_mpc4_pid_stopgo_T0.5/6/dpcc-t,
2,corridor|K20|Gen11,corridor,,20.0,6,test,none,gradient,npz,1.0,5,0,0.0,0.0,0.0,0.0,0.0,0.0,5.0,,/data/home/llim/FMPCC/FM-PCC/logs/UAV_FM/uav-corridor/plans(Bf_U8)/flow_matching_v3_uav/H8_Dmodels.diffusion.FlowMatchingODE_9D/K20_mpc4_pid_stopgo_T0.5,gradient,False,4.0,pid_stopgo,0.5,,Gen11,gradient,/data/home/llim/FMPCC/FM-PCC/logs/UAV_FM/uav-corridor/plans(Bf_U8)/flow_matching_v3_uav/H8_Dmodels.diffusion.FlowMatchingODE_9D/K20_mpc4_pid_stopgo_T0.5/6/gradient/gradient.npz,/data/home/llim/FMPCC/FM-PCC/logs/UAV_FM/uav-corridor/plans(Bf_U8)/flow_matching_v3_uav/H8_Dmodels.diffusion.FlowMatchingODE_9D/K20_mpc4_pid_stopgo_T0.5/6/gradient,
2,corridor|K20|Gen11,corridor,,20.0,6,test,none,model_free,npz,1.0,5,0,0.0,0.0,0.0,0.0,0.0,0.0,5.0,,/data/home/llim/FMPCC/FM-PCC/logs/UAV_FM/uav-corridor/plans(Bf_U8)/flow_matching_v3_uav/H8_Dmodels.diffusion.FlowMatchingODE_9D/K20_mpc4_pid_stopgo_T0.5,model_free,False,4.0,pid_stopgo,0.5,,Gen11,model_free,/data/home/llim/FMPCC/FM-PCC/logs/UAV_FM/uav-corridor/plans(Bf_U8)/flow_matching_v3_uav/H8_Dmodels.diffusion.FlowMatchingODE_9D/K20_mpc4_pid_stopgo_T0.5/6/model_free/model_free.npz,/data/home/llim/FMPCC/FM-PCC/logs/UAV_FM/uav-corridor/plans(Bf_U8)/flow_matching_v3_uav/H8_Dmodels.diffusion.FlowMatchingODE_9D/K20_mpc4_pid_stopgo_T0.5/6/model_free,
2,corridor|K20|Gen11,corridor,,20.0,6,test,none,post_processing,npz,1.0,5,0,0.0,0.0,0.0,0.0,0.0,0.0,5.0,,/data/home/llim/FMPCC/FM-PCC/logs/UAV_FM/uav-corridor/plans(Bf_U8)/flow_matching_v3_uav/H8_Dmodels.diffusion.FlowMatchingODE_9D/K20_mpc4_pid_stopgo_T0.5,post_processing,False,4.0,pid_stopgo,0.5,,Gen11,post_processing,/data/home/llim/FMPCC/FM-PCC/logs/UAV_FM/uav-corridor/plans(Bf_U8)/flow_matching_v3_uav/H8_Dmodels.diffusion.FlowMatchingODE_9D/K20_mpc4_pid_stopgo_T0.5/6/post_processing/post_processing.npz,/data/home/llim/FMPCC/FM-PCC/logs/UAV_FM/uav-corridor/plans(Bf_U8)/flow_matching_v3_uav/H8_Dmodels.diffusion.FlowMatchingODE_9D/K20_mpc4_pid_stopgo_T0.5/6/post_processing,
3,corridor|Gen11,corridor,,,6,test,none,fm_only,npz,1.0,20,0,0.0,0.0,0.0,0.0,0.0,1.0,20.0,,/data/home/llim/FMPCC/FM-PCC/logs/UAV_FM/uav-corridor/plans(E6)/flow_matching_v3_uav/H8_Dmodels.diffusion.FlowMatchingODE,fm_only,False,,,,,Gen11,fm_only,/data/home/llim/FMPCC/FM-PCC/logs/UAV_FM/uav-corridor/plans(E6)/flow_matching_v3_uav/H8_Dmodels.diffusion.FlowMatchingODE/6/fm_only/fm_only.npz,/data/home/llim/FMPCC/FM-PCC/logs/UAV_FM/uav-corridor/plans(E6)/flow_matching_v3_uav/H8_Dmodels.diffusion.FlowMatchingODE/6/fm_only,
4,corridor|Gen11,corridor,,,6,test,none,diffuser,npz,0.0,2,0,0.0,0.0,0.0,0.0,0.0,1.0,2.0,,/data/home/llim/FMPCC/FM-PCC/logs/UAV_FM/uav-corridor/plans(E7_U1)/flow_matching_v3_uav/H8_Dmodels.diffusion.FlowMatchingODE,diffuser,False,,,,,Gen11,diffuser,/data/home/llim/FMPCC/FM-PCC/logs/UAV_FM/uav-corridor/plans(E7_U1)/flow_matching_v3_uav/H8_Dmodels.diffusion.FlowMatchingODE/6/diffuser/diffuser.npz,/data/home/llim/FMPCC/FM-PCC/logs/UAV_FM/uav-corridor/plans(E7_U1)/flow_matching_v3_uav/H8_Dmodels.diffusion.FlowMatchingODE/6/diffuser,
4,corridor|Gen11,corridor,,,6,test,none,dpcc-c,npz,1.0,2,0,0.0,0.0,0.0,0.0,0.0,1.0,2.0,,/data/home/llim/FMPCC/FM-PCC/logs/UAV_FM/uav-corridor/plans(E7_U1)/flow_matching_v3_uav/H8_Dmodels.diffusion.FlowMatchingODE,dpcc-c,False,,,,,Gen11,dpcc-c,/data/home/llim/FMPCC/FM-PCC/logs/UAV_FM/uav-corridor/plans(E7_U1)/flow_matching_v3_uav/H8_Dmodels.diffusion.FlowMatchingODE/6/dpcc-c/dpcc-c.npz,/data/home/llim/FMPCC/FM-PCC/logs/UAV_FM/uav-corridor/plans(E7_U1)/flow_matching_v3_uav/H8_Dmodels.diffusion.FlowMatchingODE/6/dpcc-c,
4,corridor|Gen11,corridor,,,6,test,none,dpcc-r,npz,1.0,2,0,0.0,0.0,0.0,0.0,0.0,1.0,2.0,,/data/home/llim/FMPCC/FM-PCC/logs/UAV_FM/uav-corridor/plans(E7_U1)/flow_matching_v3_uav/H8_Dmodels.diffusion.FlowMatchingODE,dpcc-r,False,,,,,Gen11,dpcc-r,/data/home/llim/FMPCC/FM-PCC/logs/UAV_FM/uav-corridor/plans(E7_U1)/flow_matching_v3_uav/H8_Dmodels.diffusion.FlowMatchingODE/6/dpcc-r/dpcc-r.npz,/data/home/llim/FMPCC/FM-PCC/logs/UAV_FM/uav-corridor/plans(E7_U1)/flow_matching_v3_uav/H8_Dmodels.diffusion.FlowMatchingODE/6/dpcc-r,
4,corridor|Gen11,corridor,,,6,test,none,dpcc-t,npz,1.0,2,0,0.0,0.0,0.0,0.0,0.0,1.0,2.0,,/data/home/llim/FMPCC/FM-PCC/logs/UAV_FM/uav-corridor/plans(E7_U1)/flow_matching_v3_uav/H8_Dmodels.diffusion.FlowMatchingODE,dpcc-t,False,,,,,Gen11,dpcc-t,/data/home/llim/FMPCC/FM-PCC/logs/UAV_FM/uav-corridor/plans(E7_U1)/flow_matching_v3_uav/H8_Dmodels.diffusion.FlowMatchingODE/6/dpcc-t/dpcc-t.npz,/data/home/llim/FMPCC/FM-PCC/logs/UAV_FM/uav-corridor/plans(E7_U1)/flow_matching_v3_uav/H8_Dmodels.diffusion.FlowMatchingODE/6/dpcc-t,
5,corridor|Gen11,corridor,,,6,test,none,diffuser,npz,0.0,2,0,0.0,0.0,0.0,0.0,0.0,0.0,2.0,,/data/home/llim/FMPCC/FM-PCC/logs/UAV_FM/uav-corridor/plans(E7_U3)/flow_matching_v3_uav/H8_Dmodels.diffusion.FlowMatchingODE,diffuser,False,,,,,Gen11,diffuser,/data/home/llim/FMPCC/FM-PCC/logs/UAV_FM/uav-corridor/plans(E7_U3)/flow_matching_v3_uav/H8_Dmodels.diffusion.FlowMatchingODE/6/diffuser/diffuser.npz,/data/home/llim/FMPCC/FM-PCC/logs/UAV_FM/uav-corridor/plans(E7_U3)/flow_matching_v3_uav/H8_Dmodels.diffusion.FlowMatchingODE/6/diffuser,
5,corridor|Gen11,corridor,,,6,test,none,dpcc-c,npz,1.0,2,0,0.0,0.0,0.0,0.0,0.0,0.0,2.0,,/data/home/llim/FMPCC/FM-PCC/logs/UAV_FM/uav-corridor/plans(E7_U3)/flow_matching_v3_uav/H8_Dmodels.diffusion.FlowMatchingODE,dpcc-c,False,,,,,Gen11,dpcc-c,/data/home/llim/FMPCC/FM-PCC/logs/UAV_FM/uav-corridor/plans(E7_U3)/flow_matching_v3_uav/H8_Dmodels.diffusion.FlowMatchingODE/6/dpcc-c/dpcc-c.npz,/data/home/llim/FMPCC/FM-PCC/logs/UAV_FM/uav-corridor/plans(E7_U3)/flow_matching_v3_uav/H8_Dmodels.diffusion.FlowMatchingODE/6/dpcc-c,
5,corridor|Gen11,corridor,,,6,test,none,dpcc-c-tightened,npz,1.0,2,0,0.0,0.0,0.0,0.0,0.0,0.0,2.0,,/data/home/llim/FMPCC/FM-PCC/logs/UAV_FM/uav-corridor/plans(E7_U3)/flow_matching_v3_uav/H8_Dmodels.diffusion.FlowMatchingODE,dpcc-c,True,,,,,Gen11,dpcc-c-tightened,/data/home/llim/FMPCC/FM-PCC/logs/UAV_FM/uav-corridor/plans(E7_U3)/flow_matching_v3_uav/H8_Dmodels.diffusion.FlowMatchingODE/6/dpcc-c-tightened/dpcc-c-tightened.npz,/data/home/llim/FMPCC/FM-PCC/logs/UAV_FM/uav-corridor/plans(E7_U3)/flow_matching_v3_uav/H8_Dmodels.diffusion.FlowMatchingODE/6/dpcc-c-tightened,
5,corridor|Gen11,corridor,,,6,test,none,dpcc-r,npz,1.0,2,0,0.0,0.0,0.0,0.0,0.0,0.0,2.0,,/data/home/llim/FMPCC/FM-PCC/logs/UAV_FM/uav-corridor/plans(E7_U3)/flow_matching_v3_uav/H8_Dmodels.diffusion.FlowMatchingODE,dpcc-r,False,,,,,Gen11,dpcc-r,/data/home/llim/FMPCC/FM-PCC/logs/UAV_FM/uav-corridor/plans(E7_U3)/flow_matching_v3_uav/H8_Dmodels.diffusion.FlowMatchingODE/6/dpcc-r/dpcc-r.npz,/data/home/llim/FMPCC/FM-PCC/logs/UAV_FM/uav-corridor/plans(E7_U3)/flow_matching_v3_uav/H8_Dmodels.diffusion.FlowMatchingODE/6/dpcc-r,
5,corridor|Gen11,corridor,,,6,test,none,dpcc-r-tightened,npz,1.0,2,0,0.0,0.0,0.0,0.0,0.0,0.0,2.0,,/data/home/llim/FMPCC/FM-PCC/logs/UAV_FM/uav-corridor/plans(E7_U3)/flow_matching_v3_uav/H8_Dmodels.diffusion.FlowMatchingODE,dpcc-r,True,,,,,Gen11,dpcc-r-tightened,/data/home/llim/FMPCC/FM-PCC/logs/UAV_FM/uav-corridor/plans(E7_U3)/flow_matching_v3_uav/H8_Dmodels.diffusion.FlowMatchingODE/6/dpcc-r-tightened/dpcc-r-tightened.npz,/data/home/llim/FMPCC/FM-PCC/logs/UAV_FM/uav-corridor/plans(E7_U3)/flow_matching_v3_uav/H8_Dmodels.diffusion.FlowMatchingODE/6/dpcc-r-tightened,
5,corridor|Gen11,corridor,,,6,test,none,dpcc-t,npz,1.0,2,0,0.0,0.0,0.0,0.0,0.0,0.0,2.0,,/data/home/llim/FMPCC/FM-PCC/logs/UAV_FM/uav-corridor/plans(E7_U3)/flow_matching_v3_uav/H8_Dmodels.diffusion.FlowMatchingODE,dpcc-t,False,,,,,Gen11,dpcc-t,/data/home/llim/FMPCC/FM-PCC/logs/UAV_FM/uav-corridor/plans(E7_U3)/flow_matching_v3_uav/H8_Dmodels.diffusion.FlowMatchingODE/6/dpcc-t/dpcc-t.npz,/data/home/llim/FMPCC/FM-PCC/logs/UAV_FM/uav-corridor/plans(E7_U3)/flow_matching_v3_uav/H8_Dmodels.diffusion.FlowMatchingODE/6/dpcc-t,
5,corridor|Gen11,corridor,,,6,test,none,dpcc-t-tightened,npz,1.0,2,0,0.0,0.0,0.0,0.0,0.0,0.0,2.0,,/data/home/llim/FMPCC/FM-PCC/logs/UAV_FM/uav-corridor/plans(E7_U3)/flow_matching_v3_uav/H8_Dmodels.diffusion.FlowMatchingODE,dpcc-t,True,,,,,Gen11,dpcc-t-tightened,/data/home/llim/FMPCC/FM-PCC/logs/UAV_FM/uav-corridor/plans(E7_U3)/flow_matching_v3_uav/H8_Dmodels.diffusion.FlowMatchingODE/6/dpcc-t-tightened/dpcc-t-tightened.npz,/data/home/llim/FMPCC/FM-PCC/logs/UAV_FM/uav-corridor/plans(E7_U3)/flow_matching_v3_uav/H8_Dmodels.diffusion.FlowMatchingODE/6/dpcc-t-tightened,
5,corridor|Gen11,corridor,,,6,test,none,gradient,npz,1.0,2,0,0.0,0.0,0.0,0.0,0.0,0.0,2.0,,/data/home/llim/FMPCC/FM-PCC/logs/UAV_FM/uav-corridor/plans(E7_U3)/flow_matching_v3_uav/H8_Dmodels.diffusion.FlowMatchingODE,gradient,False,,,,,Gen11,gradient,/data/home/llim/FMPCC/FM-PCC/logs/UAV_FM/uav-corridor/plans(E7_U3)/flow_matching_v3_uav/H8_Dmodels.diffusion.FlowMatchingODE/6/gradient/gradient.npz,/data/home/llim/FMPCC/FM-PCC/logs/UAV_FM/uav-corridor/plans(E7_U3)/flow_matching_v3_uav/H8_Dmodels.diffusion.FlowMatchingODE/6/gradient,
5,corridor|Gen11,corridor,,,6,test,none,gradient-tightened,npz,1.0,2,0,0.0,0.0,0.0,0.0,0.0,0.0,2.0,,/data/home/llim/FMPCC/FM-PCC/logs/UAV_FM/uav-corridor/plans(E7_U3)/flow_matching_v3_uav/H8_Dmodels.diffusion.FlowMatchingODE,gradient,True,,,,,Gen11,gradient-tightened,/data/home/llim/FMPCC/FM-PCC/logs/UAV_FM/uav-corridor/plans(E7_U3)/flow_matching_v3_uav/H8_Dmodels.diffusion.FlowMatchingODE/6/gradient-tightened/gradient-tightened.npz,/data/home/llim/FMPCC/FM-PCC/logs/UAV_FM/uav-corridor/plans(E7_U3)/flow_matching_v3_uav/H8_Dmodels.diffusion.FlowMatchingODE/6/gradient-tightened,
5,corridor|Gen11,corridor,,,6,test,none,model_free,npz,1.0,2,0,0.0,0.0,0.0,0.0,0.0,0.0,2.0,,/data/home/llim/FMPCC/FM-PCC/logs/UAV_FM/uav-corridor/plans(E7_U3)/flow_matching_v3_uav/H8_Dmodels.diffusion.FlowMatchingODE,model_free,False,,,,,Gen11,model_free,/data/home/llim/FMPCC/FM-PCC/logs/UAV_FM/uav-corridor/plans(E7_U3)/flow_matching_v3_uav/H8_Dmodels.diffusion.FlowMatchingODE/6/model_free/model_free.npz,/data/home/llim/FMPCC/FM-PCC/logs/UAV_FM/uav-corridor/plans(E7_U3)/flow_matching_v3_uav/H8_Dmodels.diffusion.FlowMatchingODE/6/model_free,
5,corridor|Gen11,corridor,,,6,test,none,model_free-tightened,npz,1.0,2,0,0.0,0.0,0.0,0.0,0.0,0.0,2.0,,/data/home/llim/FMPCC/FM-PCC/logs/UAV_FM/uav-corridor/plans(E7_U3)/flow_matching_v3_uav/H8_Dmodels.diffusion.FlowMatchingODE,model_free,True,,,,,Gen11,model_free-tightened,/data/home/llim/FMPCC/FM-PCC/logs/UAV_FM/uav-corridor/plans(E7_U3)/flow_matching_v3_uav/H8_Dmodels.diffusion.FlowMatchingODE/6/model_free-tightened/model_free-tightened.npz,/data/home/llim/FMPCC/FM-PCC/logs/UAV_FM/uav-corridor/plans(E7_U3)/flow_matching_v3_uav/H8_Dmodels.diffusion.FlowMatchingODE/6/model_free-tightened,
5,corridor|Gen11,corridor,,,6,test,none,post_processing,npz,1.0,2,0,0.0,0.0,0.0,0.0,0.0,0.0,2.0,,/data/home/llim/FMPCC/FM-PCC/logs/UAV_FM/uav-corridor/plans(E7_U3)/flow_matching_v3_uav/H8_Dmodels.diffusion.FlowMatchingODE,post_processing,False,,,,,Gen11,post_processing,/data/home/llim/FMPCC/FM-PCC/logs/UAV_FM/uav-corridor/plans(E7_U3)/flow_matching_v3_uav/H8_Dmodels.diffusion.FlowMatchingODE/6/post_processing/post_processing.npz,/data/home/llim/FMPCC/FM-PCC/logs/UAV_FM/uav-corridor/plans(E7_U3)/flow_matching_v3_uav/H8_Dmodels.diffusion.FlowMatchingODE/6/post_processing,
5,corridor|Gen11,corridor,,,6,test,none,post_processing-tightened,npz,1.0,2,0,0.0,0.0,0.0,0.0,0.0,0.0,2.0,,/data/home/llim/FMPCC/FM-PCC/logs/UAV_FM/uav-corridor/plans(E7_U3)/flow_matching_v3_uav/H8_Dmodels.diffusion.FlowMatchingODE,post_processing,True,,,,,Gen11,post_processing-tightened,/data/home/llim/FMPCC/FM-PCC/logs/UAV_FM/uav-corridor/plans(E7_U3)/flow_matching_v3_uav/H8_Dmodels.diffusion.FlowMatchingODE/6/post_processing-tightened/post_processing-tightened.npz,/data/home/llim/FMPCC/FM-PCC/logs/UAV_FM/uav-corridor/plans(E7_U3)/flow_matching_v3_uav/H8_Dmodels.diffusion.FlowMatchingODE/6/post_processing-tightened,
6,corridor|Gen11,corridor,,,6,test,diffuser_reanchor1,diffuser,npz,0.0,20,0,0.0,0.0,0.0,0.0,0.0,0.0,20.0,,/data/home/llim/FMPCC/FM-PCC/logs/UAV_FM/uav-corridor/plans(E7_U4_fix3)/flow_matching_v3_uav/H8_Dmodels.diffusion.FlowMatchingODE_condp_des,diffuser,False,,,,,Gen11,diffuser,/data/home/llim/FMPCC/FM-PCC/logs/UAV_FM/uav-corridor/plans(E7_U4_fix3)/flow_matching_v3_uav/H8_Dmodels.diffusion.FlowMatchingODE_condp_des/6/diffuser_reanchor1/diffuser.npz,/data/home/llim/FMPCC/FM-PCC/logs/UAV_FM/uav-corridor/plans(E7_U4_fix3)/flow_matching_v3_uav/H8_Dmodels.diffusion.FlowMatchingODE_condp_des/6/diffuser_reanchor1,
6,corridor|Gen11,corridor,,,6,test,dpcc-r_reanchor1,dpcc-r,npz,1.0,20,0,0.0,0.0,0.0,0.0,0.0,0.0,20.0,,/data/home/llim/FMPCC/FM-PCC/logs/UAV_FM/uav-corridor/plans(E7_U4_fix3)/flow_matching_v3_uav/H8_Dmodels.diffusion.FlowMatchingODE_condp_des,dpcc-r,False,,,,,Gen11,dpcc-r,/data/home/llim/FMPCC/FM-PCC/logs/UAV_FM/uav-corridor/plans(E7_U4_fix3)/flow_matching_v3_uav/H8_Dmodels.diffusion.FlowMatchingODE_condp_des/6/dpcc-r_reanchor1/dpcc-r.npz,/data/home/llim/FMPCC/FM-PCC/logs/UAV_FM/uav-corridor/plans(E7_U4_fix3)/flow_matching_v3_uav/H8_Dmodels.diffusion.FlowMatchingODE_condp_des/6/dpcc-r_reanchor1,
6,corridor|Gen11,corridor,,,6,test,gradient-tightened_reanchor1,gradient-tightened,npz,1.0,20,0,0.0,0.0,0.0,0.0,0.0,0.0,20.0,,/data/home/llim/FMPCC/FM-PCC/logs/UAV_FM/uav-corridor/plans(E7_U4_fix3)/flow_matching_v3_uav/H8_Dmodels.diffusion.FlowMatchingODE_condp_des,gradient,True,,,,,Gen11,gradient-tightened,/data/home/llim/FMPCC/FM-PCC/logs/UAV_FM/uav-corridor/plans(E7_U4_fix3)/flow_matching_v3_uav/H8_Dmodels.diffusion.FlowMatchingODE_condp_des/6/gradient-tightened_reanchor1/gradient-tightened.npz,/data/home/llim/FMPCC/FM-PCC/logs/UAV_FM/uav-corridor/plans(E7_U4_fix3)/flow_matching_v3_uav/H8_Dmodels.diffusion.FlowMatchingODE_condp_des/6/gradient-tightened_reanchor1,
6,corridor|Gen11,corridor,,,6,test,gradient_reanchor1,gradient,npz,1.0,20,0,0.0,0.0,0.0,0.0,0.0,0.0,20.0,,/data/home/llim/FMPCC/FM-PCC/logs/UAV_FM/uav-corridor/plans(E7_U4_fix3)/flow_matching_v3_uav/H8_Dmodels.diffusion.FlowMatchingODE_condp_des,gradient,False,,,,,Gen11,gradient,/data/home/llim/FMPCC/FM-PCC/logs/UAV_FM/uav-corridor/plans(E7_U4_fix3)/flow_matching_v3_uav/H8_Dmodels.diffusion.FlowMatchingODE_condp_des/6/gradient_reanchor1/gradient.npz,/data/home/llim/FMPCC/FM-PCC/logs/UAV_FM/uav-corridor/plans(E7_U4_fix3)/flow_matching_v3_uav/H8_Dmodels.diffusion.FlowMatchingODE_condp_des/6/gradient_reanchor1,
6,corridor|Gen11,corridor,,,6,test,model_free-tightened_reanchor1,model_free-tightened,npz,1.0,20,0,0.0,0.0,0.0,0.0,0.0,0.0,20.0,,/data/home/llim/FMPCC/FM-PCC/logs/UAV_FM/uav-corridor/plans(E7_U4_fix3)/flow_matching_v3_uav/H8_Dmodels.diffusion.FlowMatchingODE_condp_des,model_free,True,,,,,Gen11,model_free-tightened,/data/home/llim/FMPCC/FM-PCC/logs/UAV_FM/uav-corridor/plans(E7_U4_fix3)/flow_matching_v3_uav/H8_Dmodels.diffusion.FlowMatchingODE_condp_des/6/model_free-tightened_reanchor1/model_free-tightened.npz,/data/home/llim/FMPCC/FM-PCC/logs/UAV_FM/uav-corridor/plans(E7_U4_fix3)/flow_matching_v3_uav/H8_Dmodels.diffusion.FlowMatchingODE_condp_des/6/model_free-tightened_reanchor1,
6,corridor|Gen11,corridor,,,6,test,model_free_reanchor1,model_free,npz,1.0,20,0,0.0,0.0,0.0,0.0,0.0,0.0,20.0,,/data/home/llim/FMPCC/FM-PCC/logs/UAV_FM/uav-corridor/plans(E7_U4_fix3)/flow_matching_v3_uav/H8_Dmodels.diffusion.FlowMatchingODE_condp_des,model_free,False,,,,,Gen11,model_free,/data/home/llim/FMPCC/FM-PCC/logs/UAV_FM/uav-corridor/plans(E7_U4_fix3)/flow_matching_v3_uav/H8_Dmodels.diffusion.FlowMatchingODE_condp_des/6/model_free_reanchor1/model_free.npz,/data/home/llim/FMPCC/FM-PCC/logs/UAV_FM/uav-corridor/plans(E7_U4_fix3)/flow_matching_v3_uav/H8_Dmodels.diffusion.FlowMatchingODE_condp_des/6/model_free_reanchor1,
6,corridor|Gen11,corridor,,,6,test,none,dpcc-r-tightened_reanchor1,json,1.0,19,0,0.0,0.0,0.0,0.0,0.0,0.0,,,/data/home/llim/FMPCC/FM-PCC/logs/UAV_FM/uav-corridor/plans(E7_U4_fix3)/flow_matching_v3_uav/H8_Dmodels.diffusion.FlowMatchingODE_condp_des,dpcc-r-tightened_reanchor1,False,,,,,Gen11,dpcc-r-tightened_reanchor1,,/data/home/llim/FMPCC/FM-PCC/logs/UAV_FM/uav-corridor/plans(E7_U4_fix3)/flow_matching_v3_uav/H8_Dmodels.diffusion.FlowMatchingODE_condp_des/6/dpcc-r-tightened_reanchor1,1.0
6,corridor|Gen11,corridor,,,6,test,post_processing-tightened_reanchor1,post_processing-tightened,npz,1.0,20,0,0.0,0.0,0.0,0.0,0.0,0.0,20.0,,/data/home/llim/FMPCC/FM-PCC/logs/UAV_FM/uav-corridor/plans(E7_U4_fix3)/flow_matching_v3_uav/H8_Dmodels.diffusion.FlowMatchingODE_condp_des,post_processing,True,,,,,Gen11,post_processing-tightened,/data/home/llim/FMPCC/FM-PCC/logs/UAV_FM/uav-corridor/plans(E7_U4_fix3)/flow_matching_v3_uav/H8_Dmodels.diffusion.FlowMatchingODE_condp_des/6/post_processing-tightened_reanchor1/post_processing-tightened.npz,/data/home/llim/FMPCC/FM-PCC/logs/UAV_FM/uav-corridor/plans(E7_U4_fix3)/flow_matching_v3_uav/H8_Dmodels.diffusion.FlowMatchingODE_condp_des/6/post_processing-tightened_reanchor1,
6,corridor|Gen11,corridor,,,6,test,post_processing_reanchor1,post_processing,npz,1.0,20,0,0.0,0.0,0.0,0.0,0.0,0.0,20.0,,/data/home/llim/FMPCC/FM-PCC/logs/UAV_FM/uav-corridor/plans(E7_U4_fix3)/flow_matching_v3_uav/H8_Dmodels.diffusion.FlowMatchingODE_condp_des,post_processing,False,,,,,Gen11,post_processing,/data/home/llim/FMPCC/FM-PCC/logs/UAV_FM/uav-corridor/plans(E7_U4_fix3)/flow_matching_v3_uav/H8_Dmodels.diffusion.FlowMatchingODE_condp_des/6/post_processing_reanchor1/post_processing.npz,/data/home/llim/FMPCC/FM-PCC/logs/UAV_FM/uav-corridor/plans(E7_U4_fix3)/flow_matching_v3_uav/H8_Dmodels.diffusion.FlowMatchingODE_condp_des/6/post_processing_reanchor1,
7,corridor|K20|Gen11,corridor,,20.0,6,test,corridor_bounds+dynamics+geo_bounds+halfspace+obstacles,bounds_free,npz,1.0,10,0,0.0,0.0,0.0,0.0,0.0,0.0,10.0,,/data/home/llim/FMPCC/FM-PCC/logs/UAV_FM/uav-corridor/plans/flow_matching_v3_uav/H8_Dmodels.diffusion.FlowMatchingODE_9D/K20_mpc4_pid_stopgo_T0.5,bounds_free,False,4.0,pid_stopgo,0.5,,Gen11,bounds_free,/data/home/llim/FMPCC/FM-PCC/logs/UAV_FM/uav-corridor/plans/flow_matching_v3_uav/H8_Dmodels.diffusion.FlowMatchingODE_9D/K20_mpc4_pid_stopgo_T0.5/6/corridor_bounds+dynamics+geo_bounds+halfspace+obstacles/bounds_free/bounds_free.npz,/data/home/llim/FMPCC/FM-PCC/logs/UAV_FM/uav-corridor/plans/flow_matching_v3_uav/H8_Dmodels.diffusion.FlowMatchingODE_9D/K20_mpc4_pid_stopgo_T0.5/6/corridor_bounds+dynamics+geo_bounds+halfspace+obstacles/bounds_free,
7,corridor|K20|Gen11,corridor,,20.0,6,test,corridor_bounds+dynamics+geo_bounds+halfspace+obstacles,diffuser,npz,0.0,10,0,0.0,0.0,0.0,0.0,0.0,0.0,10.0,,/data/home/llim/FMPCC/FM-PCC/logs/UAV_FM/uav-corridor/plans/flow_matching_v3_uav/H8_Dmodels.diffusion.FlowMatchingODE_9D/K20_mpc4_pid_stopgo_T0.5,diffuser,False,4.0,pid_stopgo,0.5,,Gen11,diffuser,/data/home/llim/FMPCC/FM-PCC/logs/UAV_FM/uav-corridor/plans/flow_matching_v3_uav/H8_Dmodels.diffusion.FlowMatchingODE_9D/K20_mpc4_pid_stopgo_T0.5/6/corridor_bounds+dynamics+geo_bounds+halfspace+obstacles/diffuser/diffuser.npz,/data/home/llim/FMPCC/FM-PCC/logs/UAV_FM/uav-corridor/plans/flow_matching_v3_uav/H8_Dmodels.diffusion.FlowMatchingODE_9D/K20_mpc4_pid_stopgo_T0.5/6/corridor_bounds+dynamics+geo_bounds+halfspace+obstacles/diffuser,
7,corridor|K20|Gen11,corridor,,20.0,6,test,corridor_bounds+dynamics+geo_bounds+halfspace+obstacles,dpcc-c,npz,1.0,10,0,0.0,0.0,0.0,0.0,0.0,0.0,10.0,,/data/home/llim/FMPCC/FM-PCC/logs/UAV_FM/uav-corridor/plans/flow_matching_v3_uav/H8_Dmodels.diffusion.FlowMatchingODE_9D/K20_mpc4_pid_stopgo_T0.5,dpcc-c,False,4.0,pid_stopgo,0.5,,Gen11,dpcc-c,/data/home/llim/FMPCC/FM-PCC/logs/UAV_FM/uav-corridor/plans/flow_matching_v3_uav/H8_Dmodels.diffusion.FlowMatchingODE_9D/K20_mpc4_pid_stopgo_T0.5/6/corridor_bounds+dynamics+geo_bounds+halfspace+obstacles/dpcc-c/dpcc-c.npz,/data/home/llim/FMPCC/FM-PCC/logs/UAV_FM/uav-corridor/plans/flow_matching_v3_uav/H8_Dmodels.diffusion.FlowMatchingODE_9D/K20_mpc4_pid_stopgo_T0.5/6/corridor_bounds+dynamics+geo_bounds+halfspace+obstacles/dpcc-c,
7,corridor|K20|Gen11,corridor,,20.0,6,test,corridor_bounds+dynamics+geo_bounds+halfspace+obstacles,dpcc-c-tightened,npz,1.0,10,0,0.0,0.0,0.0,0.0,0.0,0.0,10.0,,/data/home/llim/FMPCC/FM-PCC/logs/UAV_FM/uav-corridor/plans/flow_matching_v3_uav/H8_Dmodels.diffusion.FlowMatchingODE_9D/K20_mpc4_pid_stopgo_T0.5,dpcc-c,True,4.0,pid_stopgo,0.5,,Gen11,dpcc-c-tightened,/data/home/llim/FMPCC/FM-PCC/logs/UAV_FM/uav-corridor/plans/flow_matching_v3_uav/H8_Dmodels.diffusion.FlowMatchingODE_9D/K20_mpc4_pid_stopgo_T0.5/6/corridor_bounds+dynamics+geo_bounds+halfspace+obstacles/dpcc-c-tightened/dpcc-c-tightened.npz,/data/home/llim/FMPCC/FM-PCC/logs/UAV_FM/uav-corridor/plans/flow_matching_v3_uav/H8_Dmodels.diffusion.FlowMatchingODE_9D/K20_mpc4_pid_stopgo_T0.5/6/corridor_bounds+dynamics+geo_bounds+halfspace+obstacles/dpcc-c-tightened,
7,corridor|K20|Gen11,corridor,,20.0,6,test,corridor_bounds+dynamics+geo_bounds+halfspace+obstacles,dpcc-r,npz,1.0,10,0,0.0,0.0,0.0,0.0,0.0,0.0,10.0,,/data/home/llim/FMPCC/FM-PCC/logs/UAV_FM/uav-corridor/plans/flow_matching_v3_uav/H8_Dmodels.diffusion.FlowMatchingODE_9D/K20_mpc4_pid_stopgo_T0.5,dpcc-r,False,4.0,pid_stopgo,0.5,,Gen11,dpcc-r,/data/home/llim/FMPCC/FM-PCC/logs/UAV_FM/uav-corridor/plans/flow_matching_v3_uav/H8_Dmodels.diffusion.FlowMatchingODE_9D/K20_mpc4_pid_stopgo_T0.5/6/corridor_bounds+dynamics+geo_bounds+halfspace+obstacles/dpcc-r/dpcc-r.npz,/data/home/llim/FMPCC/FM-PCC/logs/UAV_FM/uav-corridor/plans/flow_matching_v3_uav/H8_Dmodels.diffusion.FlowMatchingODE_9D/K20_mpc4_pid_stopgo_T0.5/6/corridor_bounds+dynamics+geo_bounds+halfspace+obstacles/dpcc-r,
7,corridor|K20|Gen11,corridor,,20.0,6,test,corridor_bounds+dynamics+geo_bounds+halfspace+obstacles,dpcc-r-tightened,npz,1.0,10,0,0.0,0.0,0.0,0.0,0.0,0.0,10.0,,/data/home/llim/FMPCC/FM-PCC/logs/UAV_FM/uav-corridor/plans/flow_matching_v3_uav/H8_Dmodels.diffusion.FlowMatchingODE_9D/K20_mpc4_pid_stopgo_T0.5,dpcc-r,True,4.0,pid_stopgo,0.5,,Gen11,dpcc-r-tightened,/data/home/llim/FMPCC/FM-PCC/logs/UAV_FM/uav-corridor/plans/flow_matching_v3_uav/H8_Dmodels.diffusion.FlowMatchingODE_9D/K20_mpc4_pid_stopgo_T0.5/6/corridor_bounds+dynamics+geo_bounds+halfspace+obstacles/dpcc-r-tightened/dpcc-r-tightened.npz,/data/home/llim/FMPCC/FM-PCC/logs/UAV_FM/uav-corridor/plans/flow_matching_v3_uav/H8_Dmodels.diffusion.FlowMatchingODE_9D/K20_mpc4_pid_stopgo_T0.5/6/corridor_bounds+dynamics+geo_bounds+halfspace+obstacles/dpcc-r-tightened,
7,corridor|K20|Gen11,corridor,,20.0,6,test,corridor_bounds+dynamics+geo_bounds+halfspace+obstacles,dpcc-t,npz,1.0,10,0,0.0,0.0,0.0,0.0,0.0,0.0,10.0,,/data/home/llim/FMPCC/FM-PCC/logs/UAV_FM/uav-corridor/plans/flow_matching_v3_uav/H8_Dmodels.diffusion.FlowMatchingODE_9D/K20_mpc4_pid_stopgo_T0.5,dpcc-t,False,4.0,pid_stopgo,0.5,,Gen11,dpcc-t,/data/home/llim/FMPCC/FM-PCC/logs/UAV_FM/uav-corridor/plans/flow_matching_v3_uav/H8_Dmodels.diffusion.FlowMatchingODE_9D/K20_mpc4_pid_stopgo_T0.5/6/corridor_bounds+dynamics+geo_bounds+halfspace+obstacles/dpcc-t/dpcc-t.npz,/data/home/llim/FMPCC/FM-PCC/logs/UAV_FM/uav-corridor/plans/flow_matching_v3_uav/H8_Dmodels.diffusion.FlowMatchingODE_9D/K20_mpc4_pid_stopgo_T0.5/6/corridor_bounds+dynamics+geo_bounds+halfspace+obstacles/dpcc-t,
7,corridor|K20|Gen11,corridor,,20.0,6,test,corridor_bounds+dynamics+geo_bounds+halfspace+obstacles,dpcc-t-tightened,npz,1.0,10,0,0.0,0.0,0.0,0.0,0.0,0.0,10.0,,/data/home/llim/FMPCC/FM-PCC/logs/UAV_FM/uav-corridor/plans/flow_matching_v3_uav/H8_Dmodels.diffusion.FlowMatchingODE_9D/K20_mpc4_pid_stopgo_T0.5,dpcc-t,True,4.0,pid_stopgo,0.5,,Gen11,dpcc-t-tightened,/data/home/llim/FMPCC/FM-PCC/logs/UAV_FM/uav-corridor/plans/flow_matching_v3_uav/H8_Dmodels.diffusion.FlowMatchingODE_9D/K20_mpc4_pid_stopgo_T0.5/6/corridor_bounds+dynamics+geo_bounds+halfspace+obstacles/dpcc-t-tightened/dpcc-t-tightened.npz,/data/home/llim/FMPCC/FM-PCC/logs/UAV_FM/uav-corridor/plans/flow_matching_v3_uav/H8_Dmodels.diffusion.FlowMatchingODE_9D/K20_mpc4_pid_stopgo_T0.5/6/corridor_bounds+dynamics+geo_bounds+halfspace+obstacles/dpcc-t-tightened,
7,corridor|K20|Gen11,corridor,,20.0,6,test,corridor_bounds+dynamics+geo_bounds+halfspace+obstacles,geo_free,npz,1.0,10,0,0.0,0.0,0.0,0.0,0.0,0.0,10.0,,/data/home/llim/FMPCC/FM-PCC/logs/UAV_FM/uav-corridor/plans/flow_matching_v3_uav/H8_Dmodels.diffusion.FlowMatchingODE_9D/K20_mpc4_pid_stopgo_T0.5,geo_free,False,4.0,pid_stopgo,0.5,,Gen11,geo_free,/data/home/llim/FMPCC/FM-PCC/logs/UAV_FM/uav-corridor/plans/flow_matching_v3_uav/H8_Dmodels.diffusion.FlowMatchingODE_9D/K20_mpc4_pid_stopgo_T0.5/6/corridor_bounds+dynamics+geo_bounds+halfspace+obstacles/geo_free/geo_free.npz,/data/home/llim/FMPCC/FM-PCC/logs/UAV_FM/uav-corridor/plans/flow_matching_v3_uav/H8_Dmodels.diffusion.FlowMatchingODE_9D/K20_mpc4_pid_stopgo_T0.5/6/corridor_bounds+dynamics+geo_bounds+halfspace+obstacles/geo_free,
7,corridor|K20|Gen11,corridor,,20.0,6,test,corridor_bounds+dynamics+geo_bounds+halfspace+obstacles,geo_free-bounds_free,npz,1.0,10,0,0.0,0.0,0.0,0.0,0.0,0.0,10.0,,/data/home/llim/FMPCC/FM-PCC/logs/UAV_FM/uav-corridor/plans/flow_matching_v3_uav/H8_Dmodels.diffusion.FlowMatchingODE_9D/K20_mpc4_pid_stopgo_T0.5,geo_free-bounds_free,False,4.0,pid_stopgo,0.5,,Gen11,geo_free-bounds_free,/data/home/llim/FMPCC/FM-PCC/logs/UAV_FM/uav-corridor/plans/flow_matching_v3_uav/H8_Dmodels.diffusion.FlowMatchingODE_9D/K20_mpc4_pid_stopgo_T0.5/6/corridor_bounds+dynamics+geo_bounds+halfspace+obstacles/geo_free-bounds_free/geo_free-bounds_free.npz,/data/home/llim/FMPCC/FM-PCC/logs/UAV_FM/uav-corridor/plans/flow_matching_v3_uav/H8_Dmodels.diffusion.FlowMatchingODE_9D/K20_mpc4_pid_stopgo_T0.5/6/corridor_bounds+dynamics+geo_bounds+halfspace+obstacles/geo_free-bounds_free,
7,corridor|K20|Gen11,corridor,,20.0,6,test,corridor_bounds+dynamics+geo_bounds+halfspace+obstacles,geo_free-model_free,npz,1.0,10,0,0.0,0.0,0.0,0.0,0.0,0.0,10.0,,/data/home/llim/FMPCC/FM-PCC/logs/UAV_FM/uav-corridor/plans/flow_matching_v3_uav/H8_Dmodels.diffusion.FlowMatchingODE_9D/K20_mpc4_pid_stopgo_T0.5,geo_free-model_free,False,4.0,pid_stopgo,0.5,,Gen11,geo_free-model_free,/data/home/llim/FMPCC/FM-PCC/logs/UAV_FM/uav-corridor/plans/flow_matching_v3_uav/H8_Dmodels.diffusion.FlowMatchingODE_9D/K20_mpc4_pid_stopgo_T0.5/6/corridor_bounds+dynamics+geo_bounds+halfspace+obstacles/geo_free-model_free/geo_free-model_free.npz,/data/home/llim/FMPCC/FM-PCC/logs/UAV_FM/uav-corridor/plans/flow_matching_v3_uav/H8_Dmodels.diffusion.FlowMatchingODE_9D/K20_mpc4_pid_stopgo_T0.5/6/corridor_bounds+dynamics+geo_bounds+halfspace+obstacles/geo_free-model_free,
7,corridor|K20|Gen11,corridor,,20.0,6,test,corridor_bounds+dynamics+geo_bounds+halfspace+obstacles,gradient,npz,1.0,10,0,0.0,0.0,0.0,0.0,0.0,0.0,10.0,,/data/home/llim/FMPCC/FM-PCC/logs/UAV_FM/uav-corridor/plans/flow_matching_v3_uav/H8_Dmodels.diffusion.FlowMatchingODE_9D/K20_mpc4_pid_stopgo_T0.5,gradient,False,4.0,pid_stopgo,0.5,,Gen11,gradient,/data/home/llim/FMPCC/FM-PCC/logs/UAV_FM/uav-corridor/plans/flow_matching_v3_uav/H8_Dmodels.diffusion.FlowMatchingODE_9D/K20_mpc4_pid_stopgo_T0.5/6/corridor_bounds+dynamics+geo_bounds+halfspace+obstacles/gradient/gradient.npz,/data/home/llim/FMPCC/FM-PCC/logs/UAV_FM/uav-corridor/plans/flow_matching_v3_uav/H8_Dmodels.diffusion.FlowMatchingODE_9D/K20_mpc4_pid_stopgo_T0.5/6/corridor_bounds+dynamics+geo_bounds+halfspace+obstacles/gradient,
7,corridor|K20|Gen11,corridor,,20.0,6,test,corridor_bounds+dynamics+geo_bounds+halfspace+obstacles,gradient-tightened,npz,1.0,10,0,0.0,0.0,0.0,0.0,0.0,0.0,10.0,,/data/home/llim/FMPCC/FM-PCC/logs/UAV_FM/uav-corridor/plans/flow_matching_v3_uav/H8_Dmodels.diffusion.FlowMatchingODE_9D/K20_mpc4_pid_stopgo_T0.5,gradient,True,4.0,pid_stopgo,0.5,,Gen11,gradient-tightened,/data/home/llim/FMPCC/FM-PCC/logs/UAV_FM/uav-corridor/plans/flow_matching_v3_uav/H8_Dmodels.diffusion.FlowMatchingODE_9D/K20_mpc4_pid_stopgo_T0.5/6/corridor_bounds+dynamics+geo_bounds+halfspace+obstacles/gradient-tightened/gradient-tightened.npz,/data/home/llim/FMPCC/FM-PCC/logs/UAV_FM/uav-corridor/plans/flow_matching_v3_uav/H8_Dmodels.diffusion.FlowMatchingODE_9D/K20_mpc4_pid_stopgo_T0.5/6/corridor_bounds+dynamics+geo_bounds+halfspace+obstacles/gradient-tightened,
7,corridor|K20|Gen11,corridor,,20.0,6,test,corridor_bounds+dynamics+geo_bounds+halfspace+obstacles,model_free,npz,1.0,10,0,0.0,0.0,0.0,0.0,0.0,0.0,10.0,,/data/home/llim/FMPCC/FM-PCC/logs/UAV_FM/uav-corridor/plans/flow_matching_v3_uav/H8_Dmodels.diffusion.FlowMatchingODE_9D/K20_mpc4_pid_stopgo_T0.5,model_free,False,4.0,pid_stopgo,0.5,,Gen11,model_free,/data/home/llim/FMPCC/FM-PCC/logs/UAV_FM/uav-corridor/plans/flow_matching_v3_uav/H8_Dmodels.diffusion.FlowMatchingODE_9D/K20_mpc4_pid_stopgo_T0.5/6/corridor_bounds+dynamics+geo_bounds+halfspace+obstacles/model_free/model_free.npz,/data/home/llim/FMPCC/FM-PCC/logs/UAV_FM/uav-corridor/plans/flow_matching_v3_uav/H8_Dmodels.diffusion.FlowMatchingODE_9D/K20_mpc4_pid_stopgo_T0.5/6/corridor_bounds+dynamics+geo_bounds+halfspace+obstacles/model_free,
7,corridor|K20|Gen11,corridor,,20.0,6,test,corridor_bounds+dynamics+geo_bounds+halfspace+obstacles,model_free-tightened,npz,1.0,10,0,0.0,0.0,0.0,0.0,0.0,0.0,10.0,,/data/home/llim/FMPCC/FM-PCC/logs/UAV_FM/uav-corridor/plans/flow_matching_v3_uav/H8_Dmodels.diffusion.FlowMatchingODE_9D/K20_mpc4_pid_stopgo_T0.5,model_free,True,4.0,pid_stopgo,0.5,,Gen11,model_free-tightened,/data/home/llim/FMPCC/FM-PCC/logs/UAV_FM/uav-corridor/plans/flow_matching_v3_uav/H8_Dmodels.diffusion.FlowMatchingODE_9D/K20_mpc4_pid_stopgo_T0.5/6/corridor_bounds+dynamics+geo_bounds+halfspace+obstacles/model_free-tightened/model_free-tightened.npz,/data/home/llim/FMPCC/FM-PCC/logs/UAV_FM/uav-corridor/plans/flow_matching_v3_uav/H8_Dmodels.diffusion.FlowMatchingODE_9D/K20_mpc4_pid_stopgo_T0.5/6/corridor_bounds+dynamics+geo_bounds+halfspace+obstacles/model_free-tightened,
7,corridor|K20|Gen11,corridor,,20.0,6,test,corridor_bounds+dynamics+geo_bounds+halfspace+obstacles,post_processing,npz,1.0,10,0,0.0,0.0,0.0,0.0,0.0,0.0,10.0,,/data/home/llim/FMPCC/FM-PCC/logs/UAV_FM/uav-corridor/plans/flow_matching_v3_uav/H8_Dmodels.diffusion.FlowMatchingODE_9D/K20_mpc4_pid_stopgo_T0.5,post_processing,False,4.0,pid_stopgo,0.5,,Gen11,post_processing,/data/home/llim/FMPCC/FM-PCC/logs/UAV_FM/uav-corridor/plans/flow_matching_v3_uav/H8_Dmodels.diffusion.FlowMatchingODE_9D/K20_mpc4_pid_stopgo_T0.5/6/corridor_bounds+dynamics+geo_bounds+halfspace+obstacles/post_processing/post_processing.npz,/data/home/llim/FMPCC/FM-PCC/logs/UAV_FM/uav-corridor/plans/flow_matching_v3_uav/H8_Dmodels.diffusion.FlowMatchingODE_9D/K20_mpc4_pid_stopgo_T0.5/6/corridor_bounds+dynamics+geo_bounds+halfspace+obstacles/post_processing,
7,corridor|K20|Gen11,corridor,,20.0,6,test,corridor_bounds+dynamics+geo_bounds+halfspace+obstacles,post_processing-tightened,npz,1.0,10,0,0.0,0.0,0.0,0.0,0.0,0.0,10.0,,/data/home/llim/FMPCC/FM-PCC/logs/UAV_FM/uav-corridor/plans/flow_matching_v3_uav/H8_Dmodels.diffusion.FlowMatchingODE_9D/K20_mpc4_pid_stopgo_T0.5,post_processing,True,4.0,pid_stopgo,0.5,,Gen11,post_processing-tightened,/data/home/llim/FMPCC/FM-PCC/logs/UAV_FM/uav-corridor/plans/flow_matching_v3_uav/H8_Dmodels.diffusion.FlowMatchingODE_9D/K20_mpc4_pid_stopgo_T0.5/6/corridor_bounds+dynamics+geo_bounds+halfspace+obstacles/post_processing-tightened/post_processing-tightened.npz,/data/home/llim/FMPCC/FM-PCC/logs/UAV_FM/uav-corridor/plans/flow_matching_v3_uav/H8_Dmodels.diffusion.FlowMatchingODE_9D/K20_mpc4_pid_stopgo_T0.5/6/corridor_bounds+dynamics+geo_bounds+halfspace+obstacles/post_processing-tightened,
8,empty|Gen11,empty,,,6,test,diffuser_anchorP,diffuser,npz,0.0,10,0,0.0,0.0,0.0,0.0,0.0,0.0,10.0,,/data/home/llim/FMPCC/FM-PCC/logs/UAV_FM/uav-empty/plans(Bf_DC-FIX)/flow_matching_v3_uav/H8_Dmodels.diffusion.FlowMatchingODE,diffuser,False,,,,,Gen11,diffuser,/data/home/llim/FMPCC/FM-PCC/logs/UAV_FM/uav-empty/plans(Bf_DC-FIX)/flow_matching_v3_uav/H8_Dmodels.diffusion.FlowMatchingODE/6/diffuser_anchorP/diffuser.npz,/data/home/llim/FMPCC/FM-PCC/logs/UAV_FM/uav-empty/plans(Bf_DC-FIX)/flow_matching_v3_uav/H8_Dmodels.diffusion.FlowMatchingODE/6/diffuser_anchorP,
8,empty|Gen11,empty,,,6,test,dpcc-c_anchorP,dpcc-c,npz,1.0,10,0,0.0,0.0,0.0,0.0,0.0,0.0,10.0,,/data/home/llim/FMPCC/FM-PCC/logs/UAV_FM/uav-empty/plans(Bf_DC-FIX)/flow_matching_v3_uav/H8_Dmodels.diffusion.FlowMatchingODE,dpcc-c,False,,,,,Gen11,dpcc-c,/data/home/llim/FMPCC/FM-PCC/logs/UAV_FM/uav-empty/plans(Bf_DC-FIX)/flow_matching_v3_uav/H8_Dmodels.diffusion.FlowMatchingODE/6/dpcc-c_anchorP/dpcc-c.npz,/data/home/llim/FMPCC/FM-PCC/logs/UAV_FM/uav-empty/plans(Bf_DC-FIX)/flow_matching_v3_uav/H8_Dmodels.diffusion.FlowMatchingODE/6/dpcc-c_anchorP,
8,empty|Gen11,empty,,,6,test,dpcc-r_anchorP,dpcc-r,npz,1.0,10,0,0.0,0.0,0.0,0.0,0.0,0.0,10.0,,/data/home/llim/FMPCC/FM-PCC/logs/UAV_FM/uav-empty/plans(Bf_DC-FIX)/flow_matching_v3_uav/H8_Dmodels.diffusion.FlowMatchingODE,dpcc-r,False,,,,,Gen11,dpcc-r,/data/home/llim/FMPCC/FM-PCC/logs/UAV_FM/uav-empty/plans(Bf_DC-FIX)/flow_matching_v3_uav/H8_Dmodels.diffusion.FlowMatchingODE/6/dpcc-r_anchorP/dpcc-r.npz,/data/home/llim/FMPCC/FM-PCC/logs/UAV_FM/uav-empty/plans(Bf_DC-FIX)/flow_matching_v3_uav/H8_Dmodels.diffusion.FlowMatchingODE/6/dpcc-r_anchorP,
8,empty|Gen11,empty,,,6,test,dpcc-t_anchorP,dpcc-t,npz,1.0,10,0,0.0,0.0,0.0,0.0,0.0,0.0,10.0,,/data/home/llim/FMPCC/FM-PCC/logs/UAV_FM/uav-empty/plans(Bf_DC-FIX)/flow_matching_v3_uav/H8_Dmodels.diffusion.FlowMatchingODE,dpcc-t,False,,,,,Gen11,dpcc-t,/data/home/llim/FMPCC/FM-PCC/logs/UAV_FM/uav-empty/plans(Bf_DC-FIX)/flow_matching_v3_uav/H8_Dmodels.diffusion.FlowMatchingODE/6/dpcc-t_anchorP/dpcc-t.npz,/data/home/llim/FMPCC/FM-PCC/logs/UAV_FM/uav-empty/plans(Bf_DC-FIX)/flow_matching_v3_uav/H8_Dmodels.diffusion.FlowMatchingODE/6/dpcc-t_anchorP,
8,empty|Gen11,empty,,,6,test,gradient_anchorP,gradient,npz,1.0,10,0,0.0,0.0,0.0,0.0,0.0,0.0,10.0,,/data/home/llim/FMPCC/FM-PCC/logs/UAV_FM/uav-empty/plans(Bf_DC-FIX)/flow_matching_v3_uav/H8_Dmodels.diffusion.FlowMatchingODE,gradient,False,,,,,Gen11,gradient,/data/home/llim/FMPCC/FM-PCC/logs/UAV_FM/uav-empty/plans(Bf_DC-FIX)/flow_matching_v3_uav/H8_Dmodels.diffusion.FlowMatchingODE/6/gradient_anchorP/gradient.npz,/data/home/llim/FMPCC/FM-PCC/logs/UAV_FM/uav-empty/plans(Bf_DC-FIX)/flow_matching_v3_uav/H8_Dmodels.diffusion.FlowMatchingODE/6/gradient_anchorP,
8,empty|Gen11,empty,,,6,test,model_free_anchorP,model_free,npz,1.0,10,0,0.0,0.0,0.0,0.0,0.0,0.0,10.0,,/data/home/llim/FMPCC/FM-PCC/logs/UAV_FM/uav-empty/plans(Bf_DC-FIX)/flow_matching_v3_uav/H8_Dmodels.diffusion.FlowMatchingODE,model_free,False,,,,,Gen11,model_free,/data/home/llim/FMPCC/FM-PCC/logs/UAV_FM/uav-empty/plans(Bf_DC-FIX)/flow_matching_v3_uav/H8_Dmodels.diffusion.FlowMatchingODE/6/model_free_anchorP/model_free.npz,/data/home/llim/FMPCC/FM-PCC/logs/UAV_FM/uav-empty/plans(Bf_DC-FIX)/flow_matching_v3_uav/H8_Dmodels.diffusion.FlowMatchingODE/6/model_free_anchorP,
8,empty|Gen11,empty,,,6,test,post_processing_anchorP,post_processing,npz,1.0,10,0,0.0,0.0,0.0,0.0,0.0,0.0,10.0,,/data/home/llim/FMPCC/FM-PCC/logs/UAV_FM/uav-empty/plans(Bf_DC-FIX)/flow_matching_v3_uav/H8_Dmodels.diffusion.FlowMatchingODE,post_processing,False,,,,,Gen11,post_processing,/data/home/llim/FMPCC/FM-PCC/logs/UAV_FM/uav-empty/plans(Bf_DC-FIX)/flow_matching_v3_uav/H8_Dmodels.diffusion.FlowMatchingODE/6/post_processing_anchorP/post_processing.npz,/data/home/llim/FMPCC/FM-PCC/logs/UAV_FM/uav-empty/plans(Bf_DC-FIX)/flow_matching_v3_uav/H8_Dmodels.diffusion.FlowMatchingODE/6/post_processing_anchorP,
9,empty|K20|Gen11,empty,,20.0,6,test,none,diffuser,npz,0.0,5,0,0.0,0.0,0.0,0.0,0.0,0.0,5.0,,/data/home/llim/FMPCC/FM-PCC/logs/UAV_FM/uav-empty/plans(Bf_U8)/flow_matching_v3_uav/H8_Dmodels.diffusion.FlowMatchingODE_9D/K20_mpc4_pid_stopgo_T0.5,diffuser,False,4.0,pid_stopgo,0.5,,Gen11,diffuser,/data/home/llim/FMPCC/FM-PCC/logs/UAV_FM/uav-empty/plans(Bf_U8)/flow_matching_v3_uav/H8_Dmodels.diffusion.FlowMatchingODE_9D/K20_mpc4_pid_stopgo_T0.5/6/diffuser/diffuser.npz,/data/home/llim/FMPCC/FM-PCC/logs/UAV_FM/uav-empty/plans(Bf_U8)/flow_matching_v3_uav/H8_Dmodels.diffusion.FlowMatchingODE_9D/K20_mpc4_pid_stopgo_T0.5/6/diffuser,
9,empty|K20|Gen11,empty,,20.0,6,test,none,dpcc-c,npz,1.0,5,0,0.0,0.0,0.0,0.0,0.0,0.0,5.0,,/data/home/llim/FMPCC/FM-PCC/logs/UAV_FM/uav-empty/plans(Bf_U8)/flow_matching_v3_uav/H8_Dmodels.diffusion.FlowMatchingODE_9D/K20_mpc4_pid_stopgo_T0.5,dpcc-c,False,4.0,pid_stopgo,0.5,,Gen11,dpcc-c,/data/home/llim/FMPCC/FM-PCC/logs/UAV_FM/uav-empty/plans(Bf_U8)/flow_matching_v3_uav/H8_Dmodels.diffusion.FlowMatchingODE_9D/K20_mpc4_pid_stopgo_T0.5/6/dpcc-c/dpcc-c.npz,/data/home/llim/FMPCC/FM-PCC/logs/UAV_FM/uav-empty/plans(Bf_U8)/flow_matching_v3_uav/H8_Dmodels.diffusion.FlowMatchingODE_9D/K20_mpc4_pid_stopgo_T0.5/6/dpcc-c,
9,empty|K20|Gen11,empty,,20.0,6,test,none,dpcc-r,npz,1.0,5,0,0.0,0.0,0.0,0.0,0.0,0.0,5.0,,/data/home/llim/FMPCC/FM-PCC/logs/UAV_FM/uav-empty/plans(Bf_U8)/flow_matching_v3_uav/H8_Dmodels.diffusion.FlowMatchingODE_9D/K20_mpc4_pid_stopgo_T0.5,dpcc-r,False,4.0,pid_stopgo,0.5,,Gen11,dpcc-r,/data/home/llim/FMPCC/FM-PCC/logs/UAV_FM/uav-empty/plans(Bf_U8)/flow_matching_v3_uav/H8_Dmodels.diffusion.FlowMatchingODE_9D/K20_mpc4_pid_stopgo_T0.5/6/dpcc-r/dpcc-r.npz,/data/home/llim/FMPCC/FM-PCC/logs/UAV_FM/uav-empty/plans(Bf_U8)/flow_matching_v3_uav/H8_Dmodels.diffusion.FlowMatchingODE_9D/K20_mpc4_pid_stopgo_T0.5/6/dpcc-r,
9,empty|K20|Gen11,empty,,20.0,6,test,none,dpcc-t,npz,1.0,5,0,0.0,0.0,0.0,0.0,0.0,0.0,5.0,,/data/home/llim/FMPCC/FM-PCC/logs/UAV_FM/uav-empty/plans(Bf_U8)/flow_matching_v3_uav/H8_Dmodels.diffusion.FlowMatchingODE_9D/K20_mpc4_pid_stopgo_T0.5,dpcc-t,False,4.0,pid_stopgo,0.5,,Gen11,dpcc-t,/data/home/llim/FMPCC/FM-PCC/logs/UAV_FM/uav-empty/plans(Bf_U8)/flow_matching_v3_uav/H8_Dmodels.diffusion.FlowMatchingODE_9D/K20_mpc4_pid_stopgo_T0.5/6/dpcc-t/dpcc-t.npz,/data/home/llim/FMPCC/FM-PCC/logs/UAV_FM/uav-empty/plans(Bf_U8)/flow_matching_v3_uav/H8_Dmodels.diffusion.FlowMatchingODE_9D/K20_mpc4_pid_stopgo_T0.5/6/dpcc-t,
9,empty|K20|Gen11,empty,,20.0,6,test,none,gradient,npz,1.0,5,0,0.0,0.0,0.0,0.0,0.0,0.0,5.0,,/data/home/llim/FMPCC/FM-PCC/logs/UAV_FM/uav-empty/plans(Bf_U8)/flow_matching_v3_uav/H8_Dmodels.diffusion.FlowMatchingODE_9D/K20_mpc4_pid_stopgo_T0.5,gradient,False,4.0,pid_stopgo,0.5,,Gen11,gradient,/data/home/llim/FMPCC/FM-PCC/logs/UAV_FM/uav-empty/plans(Bf_U8)/flow_matching_v3_uav/H8_Dmodels.diffusion.FlowMatchingODE_9D/K20_mpc4_pid_stopgo_T0.5/6/gradient/gradient.npz,/data/home/llim/FMPCC/FM-PCC/logs/UAV_FM/uav-empty/plans(Bf_U8)/flow_matching_v3_uav/H8_Dmodels.diffusion.FlowMatchingODE_9D/K20_mpc4_pid_stopgo_T0.5/6/gradient,
9,empty|K20|Gen11,empty,,20.0,6,test,none,model_free,npz,1.0,5,0,0.0,0.0,0.0,0.0,0.0,0.0,5.0,,/data/home/llim/FMPCC/FM-PCC/logs/UAV_FM/uav-empty/plans(Bf_U8)/flow_matching_v3_uav/H8_Dmodels.diffusion.FlowMatchingODE_9D/K20_mpc4_pid_stopgo_T0.5,model_free,False,4.0,pid_stopgo,0.5,,Gen11,model_free,/data/home/llim/FMPCC/FM-PCC/logs/UAV_FM/uav-empty/plans(Bf_U8)/flow_matching_v3_uav/H8_Dmodels.diffusion.FlowMatchingODE_9D/K20_mpc4_pid_stopgo_T0.5/6/model_free/model_free.npz,/data/home/llim/FMPCC/FM-PCC/logs/UAV_FM/uav-empty/plans(Bf_U8)/flow_matching_v3_uav/H8_Dmodels.diffusion.FlowMatchingODE_9D/K20_mpc4_pid_stopgo_T0.5/6/model_free,
9,empty|K20|Gen11,empty,,20.0,6,test,none,post_processing,npz,1.0,5,0,0.0,0.0,0.0,0.0,0.0,0.0,5.0,,/data/home/llim/FMPCC/FM-PCC/logs/UAV_FM/uav-empty/plans(Bf_U8)/flow_matching_v3_uav/H8_Dmodels.diffusion.FlowMatchingODE_9D/K20_mpc4_pid_stopgo_T0.5,post_processing,False,4.0,pid_stopgo,0.5,,Gen11,post_processing,/data/home/llim/FMPCC/FM-PCC/logs/UAV_FM/uav-empty/plans(Bf_U8)/flow_matching_v3_uav/H8_Dmodels.diffusion.FlowMatchingODE_9D/K20_mpc4_pid_stopgo_T0.5/6/post_processing/post_processing.npz,/data/home/llim/FMPCC/FM-PCC/logs/UAV_FM/uav-empty/plans(Bf_U8)/flow_matching_v3_uav/H8_Dmodels.diffusion.FlowMatchingODE_9D/K20_mpc4_pid_stopgo_T0.5/6/post_processing,
10,empty|Gen11,empty,,,6,test,none,fm_only,npz,1.0,20,0,0.0,0.0,0.0,0.0,0.0,1.0,20.0,,/data/home/llim/FMPCC/FM-PCC/logs/UAV_FM/uav-empty/plans(E6)/flow_matching_v3_uav/H8_Dmodels.diffusion.FlowMatchingODE,fm_only,False,,,,,Gen11,fm_only,/data/home/llim/FMPCC/FM-PCC/logs/UAV_FM/uav-empty/plans(E6)/flow_matching_v3_uav/H8_Dmodels.diffusion.FlowMatchingODE/6/fm_only/fm_only.npz,/data/home/llim/FMPCC/FM-PCC/logs/UAV_FM/uav-empty/plans(E6)/flow_matching_v3_uav/H8_Dmodels.diffusion.FlowMatchingODE/6/fm_only,
11,empty|Gen11,empty,,,6,test,none,diffuser,npz,0.0,3,0,0.0,0.0,0.0,0.0,0.0,1.0,3.0,,/data/home/llim/FMPCC/FM-PCC/logs/UAV_FM/uav-empty/plans(E7U3)/flow_matching_v3_uav/H8_Dmodels.diffusion.FlowMatchingODE,diffuser,False,,,,,Gen11,diffuser,/data/home/llim/FMPCC/FM-PCC/logs/UAV_FM/uav-empty/plans(E7U3)/flow_matching_v3_uav/H8_Dmodels.diffusion.FlowMatchingODE/6/diffuser/diffuser.npz,/data/home/llim/FMPCC/FM-PCC/logs/UAV_FM/uav-empty/plans(E7U3)/flow_matching_v3_uav/H8_Dmodels.diffusion.FlowMatchingODE/6/diffuser,
11,empty|Gen11,empty,,,6,test,none,dpcc-c,npz,1.0,3,0,0.0,0.0,0.0,0.0,0.0,1.0,3.0,,/data/home/llim/FMPCC/FM-PCC/logs/UAV_FM/uav-empty/plans(E7U3)/flow_matching_v3_uav/H8_Dmodels.diffusion.FlowMatchingODE,dpcc-c,False,,,,,Gen11,dpcc-c,/data/home/llim/FMPCC/FM-PCC/logs/UAV_FM/uav-empty/plans(E7U3)/flow_matching_v3_uav/H8_Dmodels.diffusion.FlowMatchingODE/6/dpcc-c/dpcc-c.npz,/data/home/llim/FMPCC/FM-PCC/logs/UAV_FM/uav-empty/plans(E7U3)/flow_matching_v3_uav/H8_Dmodels.diffusion.FlowMatchingODE/6/dpcc-c,
11,empty|Gen11,empty,,,6,test,none,dpcc-r,npz,1.0,3,0,0.0,0.0,0.0,0.0,0.0,1.0,3.0,,/data/home/llim/FMPCC/FM-PCC/logs/UAV_FM/uav-empty/plans(E7U3)/flow_matching_v3_uav/H8_Dmodels.diffusion.FlowMatchingODE,dpcc-r,False,,,,,Gen11,dpcc-r,/data/home/llim/FMPCC/FM-PCC/logs/UAV_FM/uav-empty/plans(E7U3)/flow_matching_v3_uav/H8_Dmodels.diffusion.FlowMatchingODE/6/dpcc-r/dpcc-r.npz,/data/home/llim/FMPCC/FM-PCC/logs/UAV_FM/uav-empty/plans(E7U3)/flow_matching_v3_uav/H8_Dmodels.diffusion.FlowMatchingODE/6/dpcc-r,
11,empty|Gen11,empty,,,6,test,none,dpcc-t,npz,1.0,3,0,0.0,0.0,0.0,0.0,0.0,1.0,3.0,,/data/home/llim/FMPCC/FM-PCC/logs/UAV_FM/uav-empty/plans(E7U3)/flow_matching_v3_uav/H8_Dmodels.diffusion.FlowMatchingODE,dpcc-t,False,,,,,Gen11,dpcc-t,/data/home/llim/FMPCC/FM-PCC/logs/UAV_FM/uav-empty/plans(E7U3)/flow_matching_v3_uav/H8_Dmodels.diffusion.FlowMatchingODE/6/dpcc-t/dpcc-t.npz,/data/home/llim/FMPCC/FM-PCC/logs/UAV_FM/uav-empty/plans(E7U3)/flow_matching_v3_uav/H8_Dmodels.diffusion.FlowMatchingODE/6/dpcc-t,
12,pillars|Gen11,pillars,,,6,test,eval(legacy),fm_only,npz,1.0,4,0,0.0,0.0,0.0,0.0,0.0,1.0,4.0,,/data/home/llim/FMPCC/FM-PCC/logs/UAV_FM/uav-pillars/flow_matching_v3_uav/H8_Dmodels.diffusion.FlowMatchingODE,fm_only,False,,,,,Gen11,fm_only,/data/home/llim/FMPCC/FM-PCC/logs/UAV_FM/uav-pillars/flow_matching_v3_uav/H8_Dmodels.diffusion.FlowMatchingODE/6/eval(legacy)/fm_only/fm_only.npz,/data/home/llim/FMPCC/FM-PCC/logs/UAV_FM/uav-pillars/flow_matching_v3_uav/H8_Dmodels.diffusion.FlowMatchingODE/6/eval(legacy)/fm_only,
13,pillars|Gen11,pillars,,,6,test,diffuser_anchorP,diffuser,npz,0.0,10,0,0.0,0.0,0.0,0.0,0.0,0.0,10.0,,/data/home/llim/FMPCC/FM-PCC/logs/UAV_FM/uav-pillars/plans(Bf_DC-FIX)/flow_matching_v3_uav/H8_Dmodels.diffusion.FlowMatchingODE(12D_PID_with_anchor_P),diffuser,False,,,,,Gen11,diffuser,/data/home/llim/FMPCC/FM-PCC/logs/UAV_FM/uav-pillars/plans(Bf_DC-FIX)/flow_matching_v3_uav/H8_Dmodels.diffusion.FlowMatchingODE(12D_PID_with_anchor_P)/6/diffuser_anchorP/diffuser.npz,/data/home/llim/FMPCC/FM-PCC/logs/UAV_FM/uav-pillars/plans(Bf_DC-FIX)/flow_matching_v3_uav/H8_Dmodels.diffusion.FlowMatchingODE(12D_PID_with_anchor_P)/6/diffuser_anchorP,
13,pillars|Gen11,pillars,,,6,test,dpcc-c_anchorP,dpcc-c,npz,1.0,10,0,0.0,0.0,0.0,0.0,0.0,0.0,10.0,,/data/home/llim/FMPCC/FM-PCC/logs/UAV_FM/uav-pillars/plans(Bf_DC-FIX)/flow_matching_v3_uav/H8_Dmodels.diffusion.FlowMatchingODE(12D_PID_with_anchor_P),dpcc-c,False,,,,,Gen11,dpcc-c,/data/home/llim/FMPCC/FM-PCC/logs/UAV_FM/uav-pillars/plans(Bf_DC-FIX)/flow_matching_v3_uav/H8_Dmodels.diffusion.FlowMatchingODE(12D_PID_with_anchor_P)/6/dpcc-c_anchorP/dpcc-c.npz,/data/home/llim/FMPCC/FM-PCC/logs/UAV_FM/uav-pillars/plans(Bf_DC-FIX)/flow_matching_v3_uav/H8_Dmodels.diffusion.FlowMatchingODE(12D_PID_with_anchor_P)/6/dpcc-c_anchorP,
13,pillars|Gen11,pillars,,,6,test,dpcc-r_anchorP,dpcc-r,npz,1.0,10,0,0.0,0.0,0.0,0.0,0.0,0.0,10.0,,/data/home/llim/FMPCC/FM-PCC/logs/UAV_FM/uav-pillars/plans(Bf_DC-FIX)/flow_matching_v3_uav/H8_Dmodels.diffusion.FlowMatchingODE(12D_PID_with_anchor_P),dpcc-r,False,,,,,Gen11,dpcc-r,/data/home/llim/FMPCC/FM-PCC/logs/UAV_FM/uav-pillars/plans(Bf_DC-FIX)/flow_matching_v3_uav/H8_Dmodels.diffusion.FlowMatchingODE(12D_PID_with_anchor_P)/6/dpcc-r_anchorP/dpcc-r.npz,/data/home/llim/FMPCC/FM-PCC/logs/UAV_FM/uav-pillars/plans(Bf_DC-FIX)/flow_matching_v3_uav/H8_Dmodels.diffusion.FlowMatchingODE(12D_PID_with_anchor_P)/6/dpcc-r_anchorP,
13,pillars|Gen11,pillars,,,6,test,dpcc-t_anchorP,dpcc-t,npz,1.0,10,0,0.0,0.0,0.0,0.0,0.0,0.0,10.0,,/data/home/llim/FMPCC/FM-PCC/logs/UAV_FM/uav-pillars/plans(Bf_DC-FIX)/flow_matching_v3_uav/H8_Dmodels.diffusion.FlowMatchingODE(12D_PID_with_anchor_P),dpcc-t,False,,,,,Gen11,dpcc-t,/data/home/llim/FMPCC/FM-PCC/logs/UAV_FM/uav-pillars/plans(Bf_DC-FIX)/flow_matching_v3_uav/H8_Dmodels.diffusion.FlowMatchingODE(12D_PID_with_anchor_P)/6/dpcc-t_anchorP/dpcc-t.npz,/data/home/llim/FMPCC/FM-PCC/logs/UAV_FM/uav-pillars/plans(Bf_DC-FIX)/flow_matching_v3_uav/H8_Dmodels.diffusion.FlowMatchingODE(12D_PID_with_anchor_P)/6/dpcc-t_anchorP,
13,pillars|Gen11,pillars,,,6,test,gradient_anchorP,gradient,npz,1.0,10,0,0.0,0.0,0.0,0.0,0.0,0.0,10.0,,/data/home/llim/FMPCC/FM-PCC/logs/UAV_FM/uav-pillars/plans(Bf_DC-FIX)/flow_matching_v3_uav/H8_Dmodels.diffusion.FlowMatchingODE(12D_PID_with_anchor_P),gradient,False,,,,,Gen11,gradient,/data/home/llim/FMPCC/FM-PCC/logs/UAV_FM/uav-pillars/plans(Bf_DC-FIX)/flow_matching_v3_uav/H8_Dmodels.diffusion.FlowMatchingODE(12D_PID_with_anchor_P)/6/gradient_anchorP/gradient.npz,/data/home/llim/FMPCC/FM-PCC/logs/UAV_FM/uav-pillars/plans(Bf_DC-FIX)/flow_matching_v3_uav/H8_Dmodels.diffusion.FlowMatchingODE(12D_PID_with_anchor_P)/6/gradient_anchorP,
13,pillars|Gen11,pillars,,,6,test,model_free_anchorP,model_free,npz,1.0,10,0,0.0,0.0,0.0,0.0,0.0,0.0,10.0,,/data/home/llim/FMPCC/FM-PCC/logs/UAV_FM/uav-pillars/plans(Bf_DC-FIX)/flow_matching_v3_uav/H8_Dmodels.diffusion.FlowMatchingODE(12D_PID_with_anchor_P),model_free,False,,,,,Gen11,model_free,/data/home/llim/FMPCC/FM-PCC/logs/UAV_FM/uav-pillars/plans(Bf_DC-FIX)/flow_matching_v3_uav/H8_Dmodels.diffusion.FlowMatchingODE(12D_PID_with_anchor_P)/6/model_free_anchorP/model_free.npz,/data/home/llim/FMPCC/FM-PCC/logs/UAV_FM/uav-pillars/plans(Bf_DC-FIX)/flow_matching_v3_uav/H8_Dmodels.diffusion.FlowMatchingODE(12D_PID_with_anchor_P)/6/model_free_anchorP,
13,pillars|Gen11,pillars,,,6,test,post_processing_anchorP,post_processing,npz,1.0,10,0,0.0,0.0,0.0,0.0,0.0,0.0,10.0,,/data/home/llim/FMPCC/FM-PCC/logs/UAV_FM/uav-pillars/plans(Bf_DC-FIX)/flow_matching_v3_uav/H8_Dmodels.diffusion.FlowMatchingODE(12D_PID_with_anchor_P),post_processing,False,,,,,Gen11,post_processing,/data/home/llim/FMPCC/FM-PCC/logs/UAV_FM/uav-pillars/plans(Bf_DC-FIX)/flow_matching_v3_uav/H8_Dmodels.diffusion.FlowMatchingODE(12D_PID_with_anchor_P)/6/post_processing_anchorP/post_processing.npz,/data/home/llim/FMPCC/FM-PCC/logs/UAV_FM/uav-pillars/plans(Bf_DC-FIX)/flow_matching_v3_uav/H8_Dmodels.diffusion.FlowMatchingODE(12D_PID_with_anchor_P)/6/post_processing_anchorP,
14,pillars|Gen11,pillars,,,6,test,diffuser_ctrlpid_stopgo,diffuser,npz,0.0,2,0,0.0,0.0,0.0,0.0,0.0,0.0,2.0,,/data/home/llim/FMPCC/FM-PCC/logs/UAV_FM/uav-pillars/plans(Bf_DC-FIX)/flow_matching_v3_uav/H8_Dmodels.diffusion.FlowMatchingODE_9D,diffuser,False,,,,,Gen11,diffuser,/data/home/llim/FMPCC/FM-PCC/logs/UAV_FM/uav-pillars/plans(Bf_DC-FIX)/flow_matching_v3_uav/H8_Dmodels.diffusion.FlowMatchingODE_9D/6/diffuser_ctrlpid_stopgo/diffuser.npz,/data/home/llim/FMPCC/FM-PCC/logs/UAV_FM/uav-pillars/plans(Bf_DC-FIX)/flow_matching_v3_uav/H8_Dmodels.diffusion.FlowMatchingODE_9D/6/diffuser_ctrlpid_stopgo,
14,pillars|Gen11,pillars,,,6,test,dpcc-c_ctrlpid_stopgo,dpcc-c,npz,1.0,2,0,0.0,0.0,0.0,0.0,0.0,0.0,2.0,,/data/home/llim/FMPCC/FM-PCC/logs/UAV_FM/uav-pillars/plans(Bf_DC-FIX)/flow_matching_v3_uav/H8_Dmodels.diffusion.FlowMatchingODE_9D,dpcc-c,False,,,,,Gen11,dpcc-c,/data/home/llim/FMPCC/FM-PCC/logs/UAV_FM/uav-pillars/plans(Bf_DC-FIX)/flow_matching_v3_uav/H8_Dmodels.diffusion.FlowMatchingODE_9D/6/dpcc-c_ctrlpid_stopgo/dpcc-c.npz,/data/home/llim/FMPCC/FM-PCC/logs/UAV_FM/uav-pillars/plans(Bf_DC-FIX)/flow_matching_v3_uav/H8_Dmodels.diffusion.FlowMatchingODE_9D/6/dpcc-c_ctrlpid_stopgo,
14,pillars|Gen11,pillars,,,6,test,dpcc-r_ctrlpid_stopgo,dpcc-r,npz,1.0,2,0,0.0,0.0,0.0,0.0,0.0,0.0,2.0,,/data/home/llim/FMPCC/FM-PCC/logs/UAV_FM/uav-pillars/plans(Bf_DC-FIX)/flow_matching_v3_uav/H8_Dmodels.diffusion.FlowMatchingODE_9D,dpcc-r,False,,,,,Gen11,dpcc-r,/data/home/llim/FMPCC/FM-PCC/logs/UAV_FM/uav-pillars/plans(Bf_DC-FIX)/flow_matching_v3_uav/H8_Dmodels.diffusion.FlowMatchingODE_9D/6/dpcc-r_ctrlpid_stopgo/dpcc-r.npz,/data/home/llim/FMPCC/FM-PCC/logs/UAV_FM/uav-pillars/plans(Bf_DC-FIX)/flow_matching_v3_uav/H8_Dmodels.diffusion.FlowMatchingODE_9D/6/dpcc-r_ctrlpid_stopgo,
14,pillars|Gen11,pillars,,,6,test,dpcc-t_ctrlpid_stopgo,dpcc-t,npz,1.0,2,0,0.0,0.0,0.0,0.0,0.0,0.0,2.0,,/data/home/llim/FMPCC/FM-PCC/logs/UAV_FM/uav-pillars/plans(Bf_DC-FIX)/flow_matching_v3_uav/H8_Dmodels.diffusion.FlowMatchingODE_9D,dpcc-t,False,,,,,Gen11,dpcc-t,/data/home/llim/FMPCC/FM-PCC/logs/UAV_FM/uav-pillars/plans(Bf_DC-FIX)/flow_matching_v3_uav/H8_Dmodels.diffusion.FlowMatchingODE_9D/6/dpcc-t_ctrlpid_stopgo/dpcc-t.npz,/data/home/llim/FMPCC/FM-PCC/logs/UAV_FM/uav-pillars/plans(Bf_DC-FIX)/flow_matching_v3_uav/H8_Dmodels.diffusion.FlowMatchingODE_9D/6/dpcc-t_ctrlpid_stopgo,
14,pillars|Gen11,pillars,,,6,test,gradient_ctrlpid_stopgo,gradient,npz,1.0,2,0,0.0,0.0,0.0,0.0,0.0,0.0,2.0,,/data/home/llim/FMPCC/FM-PCC/logs/UAV_FM/uav-pillars/plans(Bf_DC-FIX)/flow_matching_v3_uav/H8_Dmodels.diffusion.FlowMatchingODE_9D,gradient,False,,,,,Gen11,gradient,/data/home/llim/FMPCC/FM-PCC/logs/UAV_FM/uav-pillars/plans(Bf_DC-FIX)/flow_matching_v3_uav/H8_Dmodels.diffusion.FlowMatchingODE_9D/6/gradient_ctrlpid_stopgo/gradient.npz,/data/home/llim/FMPCC/FM-PCC/logs/UAV_FM/uav-pillars/plans(Bf_DC-FIX)/flow_matching_v3_uav/H8_Dmodels.diffusion.FlowMatchingODE_9D/6/gradient_ctrlpid_stopgo,
14,pillars|Gen11,pillars,,,6,test,model_free_ctrlpid_stopgo,model_free,npz,1.0,2,0,0.0,0.0,0.0,0.0,0.0,0.0,2.0,,/data/home/llim/FMPCC/FM-PCC/logs/UAV_FM/uav-pillars/plans(Bf_DC-FIX)/flow_matching_v3_uav/H8_Dmodels.diffusion.FlowMatchingODE_9D,model_free,False,,,,,Gen11,model_free,/data/home/llim/FMPCC/FM-PCC/logs/UAV_FM/uav-pillars/plans(Bf_DC-FIX)/flow_matching_v3_uav/H8_Dmodels.diffusion.FlowMatchingODE_9D/6/model_free_ctrlpid_stopgo/model_free.npz,/data/home/llim/FMPCC/FM-PCC/logs/UAV_FM/uav-pillars/plans(Bf_DC-FIX)/flow_matching_v3_uav/H8_Dmodels.diffusion.FlowMatchingODE_9D/6/model_free_ctrlpid_stopgo,
14,pillars|Gen11,pillars,,,6,test,post_processing_ctrlpid_stopgo,post_processing,npz,1.0,2,0,0.0,0.0,0.0,0.0,0.0,0.0,2.0,,/data/home/llim/FMPCC/FM-PCC/logs/UAV_FM/uav-pillars/plans(Bf_DC-FIX)/flow_matching_v3_uav/H8_Dmodels.diffusion.FlowMatchingODE_9D,post_processing,False,,,,,Gen11,post_processing,/data/home/llim/FMPCC/FM-PCC/logs/UAV_FM/uav-pillars/plans(Bf_DC-FIX)/flow_matching_v3_uav/H8_Dmodels.diffusion.FlowMatchingODE_9D/6/post_processing_ctrlpid_stopgo/post_processing.npz,/data/home/llim/FMPCC/FM-PCC/logs/UAV_FM/uav-pillars/plans(Bf_DC-FIX)/flow_matching_v3_uav/H8_Dmodels.diffusion.FlowMatchingODE_9D/6/post_processing_ctrlpid_stopgo,
15,pillars|Gen11,pillars,,,6,test,diffuser_ctrlpid_stopgo,diffuser,npz,0.0,10,0,0.0,0.0,0.0,0.0,0.0,0.0,10.0,,/data/home/llim/FMPCC/FM-PCC/logs/UAV_FM/uav-pillars/plans(Bf_DC-FIX)/flow_matching_v3_uav/H8_Dmodels.diffusion.FlowMatchingODE_9D(pid_stop_go),diffuser,False,,,,,Gen11,diffuser,/data/home/llim/FMPCC/FM-PCC/logs/UAV_FM/uav-pillars/plans(Bf_DC-FIX)/flow_matching_v3_uav/H8_Dmodels.diffusion.FlowMatchingODE_9D(pid_stop_go)/6/diffuser_ctrlpid_stopgo/diffuser.npz,/data/home/llim/FMPCC/FM-PCC/logs/UAV_FM/uav-pillars/plans(Bf_DC-FIX)/flow_matching_v3_uav/H8_Dmodels.diffusion.FlowMatchingODE_9D(pid_stop_go)/6/diffuser_ctrlpid_stopgo,
15,pillars|Gen11,pillars,,,6,test,dpcc-c_ctrlpid_stopgo,dpcc-c,npz,1.0,10,0,0.0,0.0,0.0,0.0,0.0,0.0,10.0,,/data/home/llim/FMPCC/FM-PCC/logs/UAV_FM/uav-pillars/plans(Bf_DC-FIX)/flow_matching_v3_uav/H8_Dmodels.diffusion.FlowMatchingODE_9D(pid_stop_go),dpcc-c,False,,,,,Gen11,dpcc-c,/data/home/llim/FMPCC/FM-PCC/logs/UAV_FM/uav-pillars/plans(Bf_DC-FIX)/flow_matching_v3_uav/H8_Dmodels.diffusion.FlowMatchingODE_9D(pid_stop_go)/6/dpcc-c_ctrlpid_stopgo/dpcc-c.npz,/data/home/llim/FMPCC/FM-PCC/logs/UAV_FM/uav-pillars/plans(Bf_DC-FIX)/flow_matching_v3_uav/H8_Dmodels.diffusion.FlowMatchingODE_9D(pid_stop_go)/6/dpcc-c_ctrlpid_stopgo,
15,pillars|Gen11,pillars,,,6,test,dpcc-r_ctrlpid_stopgo,dpcc-r,npz,1.0,10,0,0.0,0.0,0.0,0.0,0.0,0.0,10.0,,/data/home/llim/FMPCC/FM-PCC/logs/UAV_FM/uav-pillars/plans(Bf_DC-FIX)/flow_matching_v3_uav/H8_Dmodels.diffusion.FlowMatchingODE_9D(pid_stop_go),dpcc-r,False,,,,,Gen11,dpcc-r,/data/home/llim/FMPCC/FM-PCC/logs/UAV_FM/uav-pillars/plans(Bf_DC-FIX)/flow_matching_v3_uav/H8_Dmodels.diffusion.FlowMatchingODE_9D(pid_stop_go)/6/dpcc-r_ctrlpid_stopgo/dpcc-r.npz,/data/home/llim/FMPCC/FM-PCC/logs/UAV_FM/uav-pillars/plans(Bf_DC-FIX)/flow_matching_v3_uav/H8_Dmodels.diffusion.FlowMatchingODE_9D(pid_stop_go)/6/dpcc-r_ctrlpid_stopgo,
15,pillars|Gen11,pillars,,,6,test,dpcc-t_ctrlpid_stopgo,dpcc-t,npz,1.0,10,0,0.0,0.0,0.0,0.0,0.0,0.0,10.0,,/data/home/llim/FMPCC/FM-PCC/logs/UAV_FM/uav-pillars/plans(Bf_DC-FIX)/flow_matching_v3_uav/H8_Dmodels.diffusion.FlowMatchingODE_9D(pid_stop_go),dpcc-t,False,,,,,Gen11,dpcc-t,/data/home/llim/FMPCC/FM-PCC/logs/UAV_FM/uav-pillars/plans(Bf_DC-FIX)/flow_matching_v3_uav/H8_Dmodels.diffusion.FlowMatchingODE_9D(pid_stop_go)/6/dpcc-t_ctrlpid_stopgo/dpcc-t.npz,/data/home/llim/FMPCC/FM-PCC/logs/UAV_FM/uav-pillars/plans(Bf_DC-FIX)/flow_matching_v3_uav/H8_Dmodels.diffusion.FlowMatchingODE_9D(pid_stop_go)/6/dpcc-t_ctrlpid_stopgo,
15,pillars|Gen11,pillars,,,6,test,gradient_ctrlpid_stopgo,gradient,npz,1.0,10,0,0.0,0.0,0.0,0.0,0.0,0.0,10.0,,/data/home/llim/FMPCC/FM-PCC/logs/UAV_FM/uav-pillars/plans(Bf_DC-FIX)/flow_matching_v3_uav/H8_Dmodels.diffusion.FlowMatchingODE_9D(pid_stop_go),gradient,False,,,,,Gen11,gradient,/data/home/llim/FMPCC/FM-PCC/logs/UAV_FM/uav-pillars/plans(Bf_DC-FIX)/flow_matching_v3_uav/H8_Dmodels.diffusion.FlowMatchingODE_9D(pid_stop_go)/6/gradient_ctrlpid_stopgo/gradient.npz,/data/home/llim/FMPCC/FM-PCC/logs/UAV_FM/uav-pillars/plans(Bf_DC-FIX)/flow_matching_v3_uav/H8_Dmodels.diffusion.FlowMatchingODE_9D(pid_stop_go)/6/gradient_ctrlpid_stopgo,
15,pillars|Gen11,pillars,,,6,test,model_free_ctrlpid_stopgo,model_free,npz,1.0,10,0,0.0,0.0,0.0,0.0,0.0,0.0,10.0,,/data/home/llim/FMPCC/FM-PCC/logs/UAV_FM/uav-pillars/plans(Bf_DC-FIX)/flow_matching_v3_uav/H8_Dmodels.diffusion.FlowMatchingODE_9D(pid_stop_go),model_free,False,,,,,Gen11,model_free,/data/home/llim/FMPCC/FM-PCC/logs/UAV_FM/uav-pillars/plans(Bf_DC-FIX)/flow_matching_v3_uav/H8_Dmodels.diffusion.FlowMatchingODE_9D(pid_stop_go)/6/model_free_ctrlpid_stopgo/model_free.npz,/data/home/llim/FMPCC/FM-PCC/logs/UAV_FM/uav-pillars/plans(Bf_DC-FIX)/flow_matching_v3_uav/H8_Dmodels.diffusion.FlowMatchingODE_9D(pid_stop_go)/6/model_free_ctrlpid_stopgo,
15,pillars|Gen11,pillars,,,6,test,post_processing_ctrlpid_stopgo,post_processing,npz,1.0,10,0,0.0,0.0,0.0,0.0,0.0,0.0,10.0,,/data/home/llim/FMPCC/FM-PCC/logs/UAV_FM/uav-pillars/plans(Bf_DC-FIX)/flow_matching_v3_uav/H8_Dmodels.diffusion.FlowMatchingODE_9D(pid_stop_go),post_processing,False,,,,,Gen11,post_processing,/data/home/llim/FMPCC/FM-PCC/logs/UAV_FM/uav-pillars/plans(Bf_DC-FIX)/flow_matching_v3_uav/H8_Dmodels.diffusion.FlowMatchingODE_9D(pid_stop_go)/6/post_processing_ctrlpid_stopgo/post_processing.npz,/data/home/llim/FMPCC/FM-PCC/logs/UAV_FM/uav-pillars/plans(Bf_DC-FIX)/flow_matching_v3_uav/H8_Dmodels.diffusion.FlowMatchingODE_9D(pid_stop_go)/6/post_processing_ctrlpid_stopgo,
16,pillars|K20|Gen11,pillars,,20.0,6,test,pillars_bounds+dynamics+geo_bounds+halfspace+obstacles,bounds_free,npz,1.0,10,0,0.0,0.0,0.0,0.0,0.0,0.0,10.0,,/data/home/llim/FMPCC/FM-PCC/logs/UAV_FM/uav-pillars/plans(Bf_Fix14)/flow_matching_v3_uav/H8_Dmodels.diffusion.FlowMatchingODE_9D/K20_mpc4_pid_stopgo_T0.5,bounds_free,False,4.0,pid_stopgo,0.5,,Gen11,bounds_free,/data/home/llim/FMPCC/FM-PCC/logs/UAV_FM/uav-pillars/plans(Bf_Fix14)/flow_matching_v3_uav/H8_Dmodels.diffusion.FlowMatchingODE_9D/K20_mpc4_pid_stopgo_T0.5/6/pillars_bounds+dynamics+geo_bounds+halfspace+obstacles/bounds_free/bounds_free.npz,/data/home/llim/FMPCC/FM-PCC/logs/UAV_FM/uav-pillars/plans(Bf_Fix14)/flow_matching_v3_uav/H8_Dmodels.diffusion.FlowMatchingODE_9D/K20_mpc4_pid_stopgo_T0.5/6/pillars_bounds+dynamics+geo_bounds+halfspace+obstacles/bounds_free,
16,pillars|K20|Gen11,pillars,,20.0,6,test,pillars_bounds+dynamics+geo_bounds+halfspace+obstacles,diffuser,npz,0.0,10,0,0.0,0.0,0.0,0.0,0.0,0.0,10.0,,/data/home/llim/FMPCC/FM-PCC/logs/UAV_FM/uav-pillars/plans(Bf_Fix14)/flow_matching_v3_uav/H8_Dmodels.diffusion.FlowMatchingODE_9D/K20_mpc4_pid_stopgo_T0.5,diffuser,False,4.0,pid_stopgo,0.5,,Gen11,diffuser,/data/home/llim/FMPCC/FM-PCC/logs/UAV_FM/uav-pillars/plans(Bf_Fix14)/flow_matching_v3_uav/H8_Dmodels.diffusion.FlowMatchingODE_9D/K20_mpc4_pid_stopgo_T0.5/6/pillars_bounds+dynamics+geo_bounds+halfspace+obstacles/diffuser/diffuser.npz,/data/home/llim/FMPCC/FM-PCC/logs/UAV_FM/uav-pillars/plans(Bf_Fix14)/flow_matching_v3_uav/H8_Dmodels.diffusion.FlowMatchingODE_9D/K20_mpc4_pid_stopgo_T0.5/6/pillars_bounds+dynamics+geo_bounds+halfspace+obstacles/diffuser,
16,pillars|K20|Gen11,pillars,,20.0,6,test,pillars_bounds+dynamics+geo_bounds+halfspace+obstacles,dpcc-r,npz,1.0,10,0,0.0,0.0,0.0,0.0,0.0,0.0,10.0,,/data/home/llim/FMPCC/FM-PCC/logs/UAV_FM/uav-pillars/plans(Bf_Fix14)/flow_matching_v3_uav/H8_Dmodels.diffusion.FlowMatchingODE_9D/K20_mpc4_pid_stopgo_T0.5,dpcc-r,False,4.0,pid_stopgo,0.5,,Gen11,dpcc-r,/data/home/llim/FMPCC/FM-PCC/logs/UAV_FM/uav-pillars/plans(Bf_Fix14)/flow_matching_v3_uav/H8_Dmodels.diffusion.FlowMatchingODE_9D/K20_mpc4_pid_stopgo_T0.5/6/pillars_bounds+dynamics+geo_bounds+halfspace+obstacles/dpcc-r/dpcc-r.npz,/data/home/llim/FMPCC/FM-PCC/logs/UAV_FM/uav-pillars/plans(Bf_Fix14)/flow_matching_v3_uav/H8_Dmodels.diffusion.FlowMatchingODE_9D/K20_mpc4_pid_stopgo_T0.5/6/pillars_bounds+dynamics+geo_bounds+halfspace+obstacles/dpcc-r,
16,pillars|K20|Gen11,pillars,,20.0,6,test,pillars_bounds+dynamics+geo_bounds+halfspace+obstacles,dpcc-r-tightened,json,1.0,4,0,0.0,0.0,0.0,0.0,0.0,0.0,,,/data/home/llim/FMPCC/FM-PCC/logs/UAV_FM/uav-pillars/plans(Bf_Fix14)/flow_matching_v3_uav/H8_Dmodels.diffusion.FlowMatchingODE_9D/K20_mpc4_pid_stopgo_T0.5,dpcc-r,True,4.0,pid_stopgo,0.5,,Gen11,dpcc-r-tightened,,/data/home/llim/FMPCC/FM-PCC/logs/UAV_FM/uav-pillars/plans(Bf_Fix14)/flow_matching_v3_uav/H8_Dmodels.diffusion.FlowMatchingODE_9D/K20_mpc4_pid_stopgo_T0.5/6/pillars_bounds+dynamics+geo_bounds+halfspace+obstacles/dpcc-r-tightened,1.0
16,pillars|K20|Gen11,pillars,,20.0,6,test,pillars_bounds+dynamics+geo_bounds+halfspace+obstacles,geo_free,npz,1.0,10,0,0.0,0.0,0.0,0.0,0.0,0.0,10.0,,/data/home/llim/FMPCC/FM-PCC/logs/UAV_FM/uav-pillars/plans(Bf_Fix14)/flow_matching_v3_uav/H8_Dmodels.diffusion.FlowMatchingODE_9D/K20_mpc4_pid_stopgo_T0.5,geo_free,False,4.0,pid_stopgo,0.5,,Gen11,geo_free,/data/home/llim/FMPCC/FM-PCC/logs/UAV_FM/uav-pillars/plans(Bf_Fix14)/flow_matching_v3_uav/H8_Dmodels.diffusion.FlowMatchingODE_9D/K20_mpc4_pid_stopgo_T0.5/6/pillars_bounds+dynamics+geo_bounds+halfspace+obstacles/geo_free/geo_free.npz,/data/home/llim/FMPCC/FM-PCC/logs/UAV_FM/uav-pillars/plans(Bf_Fix14)/flow_matching_v3_uav/H8_Dmodels.diffusion.FlowMatchingODE_9D/K20_mpc4_pid_stopgo_T0.5/6/pillars_bounds+dynamics+geo_bounds+halfspace+obstacles/geo_free,
16,pillars|K20|Gen11,pillars,,20.0,6,test,pillars_bounds+dynamics+geo_bounds+halfspace+obstacles,geo_free-bounds_free,npz,1.0,10,0,0.0,0.0,0.0,0.0,0.0,0.0,10.0,,/data/home/llim/FMPCC/FM-PCC/logs/UAV_FM/uav-pillars/plans(Bf_Fix14)/flow_matching_v3_uav/H8_Dmodels.diffusion.FlowMatchingODE_9D/K20_mpc4_pid_stopgo_T0.5,geo_free-bounds_free,False,4.0,pid_stopgo,0.5,,Gen11,geo_free-bounds_free,/data/home/llim/FMPCC/FM-PCC/logs/UAV_FM/uav-pillars/plans(Bf_Fix14)/flow_matching_v3_uav/H8_Dmodels.diffusion.FlowMatchingODE_9D/K20_mpc4_pid_stopgo_T0.5/6/pillars_bounds+dynamics+geo_bounds+halfspace+obstacles/geo_free-bounds_free/geo_free-bounds_free.npz,/data/home/llim/FMPCC/FM-PCC/logs/UAV_FM/uav-pillars/plans(Bf_Fix14)/flow_matching_v3_uav/H8_Dmodels.diffusion.FlowMatchingODE_9D/K20_mpc4_pid_stopgo_T0.5/6/pillars_bounds+dynamics+geo_bounds+halfspace+obstacles/geo_free-bounds_free,
16,pillars|K20|Gen11,pillars,,20.0,6,test,pillars_bounds+dynamics+geo_bounds+halfspace+obstacles,geo_free-model_free,npz,1.0,10,0,0.0,0.0,0.0,0.0,0.0,0.0,10.0,,/data/home/llim/FMPCC/FM-PCC/logs/UAV_FM/uav-pillars/plans(Bf_Fix14)/flow_matching_v3_uav/H8_Dmodels.diffusion.FlowMatchingODE_9D/K20_mpc4_pid_stopgo_T0.5,geo_free-model_free,False,4.0,pid_stopgo,0.5,,Gen11,geo_free-model_free,/data/home/llim/FMPCC/FM-PCC/logs/UAV_FM/uav-pillars/plans(Bf_Fix14)/flow_matching_v3_uav/H8_Dmodels.diffusion.FlowMatchingODE_9D/K20_mpc4_pid_stopgo_T0.5/6/pillars_bounds+dynamics+geo_bounds+halfspace+obstacles/geo_free-model_free/geo_free-model_free.npz,/data/home/llim/FMPCC/FM-PCC/logs/UAV_FM/uav-pillars/plans(Bf_Fix14)/flow_matching_v3_uav/H8_Dmodels.diffusion.FlowMatchingODE_9D/K20_mpc4_pid_stopgo_T0.5/6/pillars_bounds+dynamics+geo_bounds+halfspace+obstacles/geo_free-model_free,
16,pillars|K20|Gen11,pillars,,20.0,6,test,pillars_bounds+dynamics+geo_bounds+halfspace+obstacles,gradient,npz,1.0,10,0,0.0,0.0,0.0,0.0,0.0,0.0,10.0,,/data/home/llim/FMPCC/FM-PCC/logs/UAV_FM/uav-pillars/plans(Bf_Fix14)/flow_matching_v3_uav/H8_Dmodels.diffusion.FlowMatchingODE_9D/K20_mpc4_pid_stopgo_T0.5,gradient,False,4.0,pid_stopgo,0.5,,Gen11,gradient,/data/home/llim/FMPCC/FM-PCC/logs/UAV_FM/uav-pillars/plans(Bf_Fix14)/flow_matching_v3_uav/H8_Dmodels.diffusion.FlowMatchingODE_9D/K20_mpc4_pid_stopgo_T0.5/6/pillars_bounds+dynamics+geo_bounds+halfspace+obstacles/gradient/gradient.npz,/data/home/llim/FMPCC/FM-PCC/logs/UAV_FM/uav-pillars/plans(Bf_Fix14)/flow_matching_v3_uav/H8_Dmodels.diffusion.FlowMatchingODE_9D/K20_mpc4_pid_stopgo_T0.5/6/pillars_bounds+dynamics+geo_bounds+halfspace+obstacles/gradient,
16,pillars|K20|Gen11,pillars,,20.0,6,test,pillars_bounds+dynamics+geo_bounds+halfspace+obstacles,gradient-tightened,npz,1.0,10,0,0.0,0.0,0.0,0.0,0.0,0.0,10.0,,/data/home/llim/FMPCC/FM-PCC/logs/UAV_FM/uav-pillars/plans(Bf_Fix14)/flow_matching_v3_uav/H8_Dmodels.diffusion.FlowMatchingODE_9D/K20_mpc4_pid_stopgo_T0.5,gradient,True,4.0,pid_stopgo,0.5,,Gen11,gradient-tightened,/data/home/llim/FMPCC/FM-PCC/logs/UAV_FM/uav-pillars/plans(Bf_Fix14)/flow_matching_v3_uav/H8_Dmodels.diffusion.FlowMatchingODE_9D/K20_mpc4_pid_stopgo_T0.5/6/pillars_bounds+dynamics+geo_bounds+halfspace+obstacles/gradient-tightened/gradient-tightened.npz,/data/home/llim/FMPCC/FM-PCC/logs/UAV_FM/uav-pillars/plans(Bf_Fix14)/flow_matching_v3_uav/H8_Dmodels.diffusion.FlowMatchingODE_9D/K20_mpc4_pid_stopgo_T0.5/6/pillars_bounds+dynamics+geo_bounds+halfspace+obstacles/gradient-tightened,
16,pillars|K20|Gen11,pillars,,20.0,6,test,pillars_bounds+dynamics+geo_bounds+halfspace+obstacles,model_free,npz,1.0,10,0,0.0,0.0,0.0,0.0,0.0,0.0,10.0,,/data/home/llim/FMPCC/FM-PCC/logs/UAV_FM/uav-pillars/plans(Bf_Fix14)/flow_matching_v3_uav/H8_Dmodels.diffusion.FlowMatchingODE_9D/K20_mpc4_pid_stopgo_T0.5,model_free,False,4.0,pid_stopgo,0.5,,Gen11,model_free,/data/home/llim/FMPCC/FM-PCC/logs/UAV_FM/uav-pillars/plans(Bf_Fix14)/flow_matching_v3_uav/H8_Dmodels.diffusion.FlowMatchingODE_9D/K20_mpc4_pid_stopgo_T0.5/6/pillars_bounds+dynamics+geo_bounds+halfspace+obstacles/model_free/model_free.npz,/data/home/llim/FMPCC/FM-PCC/logs/UAV_FM/uav-pillars/plans(Bf_Fix14)/flow_matching_v3_uav/H8_Dmodels.diffusion.FlowMatchingODE_9D/K20_mpc4_pid_stopgo_T0.5/6/pillars_bounds+dynamics+geo_bounds+halfspace+obstacles/model_free,
16,pillars|K20|Gen11,pillars,,20.0,6,test,pillars_bounds+dynamics+geo_bounds+halfspace+obstacles,model_free-tightened,npz,1.0,10,0,0.0,0.0,0.0,0.0,0.0,0.0,10.0,,/data/home/llim/FMPCC/FM-PCC/logs/UAV_FM/uav-pillars/plans(Bf_Fix14)/flow_matching_v3_uav/H8_Dmodels.diffusion.FlowMatchingODE_9D/K20_mpc4_pid_stopgo_T0.5,model_free,True,4.0,pid_stopgo,0.5,,Gen11,model_free-tightened,/data/home/llim/FMPCC/FM-PCC/logs/UAV_FM/uav-pillars/plans(Bf_Fix14)/flow_matching_v3_uav/H8_Dmodels.diffusion.FlowMatchingODE_9D/K20_mpc4_pid_stopgo_T0.5/6/pillars_bounds+dynamics+geo_bounds+halfspace+obstacles/model_free-tightened/model_free-tightened.npz,/data/home/llim/FMPCC/FM-PCC/logs/UAV_FM/uav-pillars/plans(Bf_Fix14)/flow_matching_v3_uav/H8_Dmodels.diffusion.FlowMatchingODE_9D/K20_mpc4_pid_stopgo_T0.5/6/pillars_bounds+dynamics+geo_bounds+halfspace+obstacles/model_free-tightened,
16,pillars|K20|Gen11,pillars,,20.0,6,test,pillars_bounds+dynamics+geo_bounds+halfspace+obstacles,post_processing,npz,1.0,10,0,0.0,0.0,0.0,0.0,0.0,0.0,10.0,,/data/home/llim/FMPCC/FM-PCC/logs/UAV_FM/uav-pillars/plans(Bf_Fix14)/flow_matching_v3_uav/H8_Dmodels.diffusion.FlowMatchingODE_9D/K20_mpc4_pid_stopgo_T0.5,post_processing,False,4.0,pid_stopgo,0.5,,Gen11,post_processing,/data/home/llim/FMPCC/FM-PCC/logs/UAV_FM/uav-pillars/plans(Bf_Fix14)/flow_matching_v3_uav/H8_Dmodels.diffusion.FlowMatchingODE_9D/K20_mpc4_pid_stopgo_T0.5/6/pillars_bounds+dynamics+geo_bounds+halfspace+obstacles/post_processing/post_processing.npz,/data/home/llim/FMPCC/FM-PCC/logs/UAV_FM/uav-pillars/plans(Bf_Fix14)/flow_matching_v3_uav/H8_Dmodels.diffusion.FlowMatchingODE_9D/K20_mpc4_pid_stopgo_T0.5/6/pillars_bounds+dynamics+geo_bounds+halfspace+obstacles/post_processing,
16,pillars|K20|Gen11,pillars,,20.0,6,test,pillars_bounds+dynamics+geo_bounds+halfspace+obstacles,post_processing-tightened,npz,1.0,10,0,0.0,0.0,0.0,0.0,0.0,0.0,10.0,,/data/home/llim/FMPCC/FM-PCC/logs/UAV_FM/uav-pillars/plans(Bf_Fix14)/flow_matching_v3_uav/H8_Dmodels.diffusion.FlowMatchingODE_9D/K20_mpc4_pid_stopgo_T0.5,post_processing,True,4.0,pid_stopgo,0.5,,Gen11,post_processing-tightened,/data/home/llim/FMPCC/FM-PCC/logs/UAV_FM/uav-pillars/plans(Bf_Fix14)/flow_matching_v3_uav/H8_Dmodels.diffusion.FlowMatchingODE_9D/K20_mpc4_pid_stopgo_T0.5/6/pillars_bounds+dynamics+geo_bounds+halfspace+obstacles/post_processing-tightened/post_processing-tightened.npz,/data/home/llim/FMPCC/FM-PCC/logs/UAV_FM/uav-pillars/plans(Bf_Fix14)/flow_matching_v3_uav/H8_Dmodels.diffusion.FlowMatchingODE_9D/K20_mpc4_pid_stopgo_T0.5/6/pillars_bounds+dynamics+geo_bounds+halfspace+obstacles/post_processing-tightened,
17,pillars|K20|Gen11,pillars,,20.0,6,test,none,diffuser,npz,0.0,5,0,0.0,0.0,0.0,0.0,0.0,0.0,5.0,,/data/home/llim/FMPCC/FM-PCC/logs/UAV_FM/uav-pillars/plans(Bf_U8)/flow_matching_v3_uav/H8_Dmodels.diffusion.FlowMatchingODE_9D/K20_mpc4_mjpc_T0.5,diffuser,False,4.0,mjpc,0.5,,Gen11,diffuser,/data/home/llim/FMPCC/FM-PCC/logs/UAV_FM/uav-pillars/plans(Bf_U8)/flow_matching_v3_uav/H8_Dmodels.diffusion.FlowMatchingODE_9D/K20_mpc4_mjpc_T0.5/6/diffuser/diffuser.npz,/data/home/llim/FMPCC/FM-PCC/logs/UAV_FM/uav-pillars/plans(Bf_U8)/flow_matching_v3_uav/H8_Dmodels.diffusion.FlowMatchingODE_9D/K20_mpc4_mjpc_T0.5/6/diffuser,
17,pillars|K20|Gen11,pillars,,20.0,6,test,none,dpcc-c,npz,1.0,5,0,0.0,0.0,0.0,0.0,0.0,0.0,5.0,,/data/home/llim/FMPCC/FM-PCC/logs/UAV_FM/uav-pillars/plans(Bf_U8)/flow_matching_v3_uav/H8_Dmodels.diffusion.FlowMatchingODE_9D/K20_mpc4_mjpc_T0.5,dpcc-c,False,4.0,mjpc,0.5,,Gen11,dpcc-c,/data/home/llim/FMPCC/FM-PCC/logs/UAV_FM/uav-pillars/plans(Bf_U8)/flow_matching_v3_uav/H8_Dmodels.diffusion.FlowMatchingODE_9D/K20_mpc4_mjpc_T0.5/6/dpcc-c/dpcc-c.npz,/data/home/llim/FMPCC/FM-PCC/logs/UAV_FM/uav-pillars/plans(Bf_U8)/flow_matching_v3_uav/H8_Dmodels.diffusion.FlowMatchingODE_9D/K20_mpc4_mjpc_T0.5/6/dpcc-c,
17,pillars|K20|Gen11,pillars,,20.0,6,test,none,dpcc-r,npz,1.0,5,0,0.0,0.0,0.0,0.0,0.0,0.0,5.0,,/data/home/llim/FMPCC/FM-PCC/logs/UAV_FM/uav-pillars/plans(Bf_U8)/flow_matching_v3_uav/H8_Dmodels.diffusion.FlowMatchingODE_9D/K20_mpc4_mjpc_T0.5,dpcc-r,False,4.0,mjpc,0.5,,Gen11,dpcc-r,/data/home/llim/FMPCC/FM-PCC/logs/UAV_FM/uav-pillars/plans(Bf_U8)/flow_matching_v3_uav/H8_Dmodels.diffusion.FlowMatchingODE_9D/K20_mpc4_mjpc_T0.5/6/dpcc-r/dpcc-r.npz,/data/home/llim/FMPCC/FM-PCC/logs/UAV_FM/uav-pillars/plans(Bf_U8)/flow_matching_v3_uav/H8_Dmodels.diffusion.FlowMatchingODE_9D/K20_mpc4_mjpc_T0.5/6/dpcc-r,
17,pillars|K20|Gen11,pillars,,20.0,6,test,none,dpcc-t,npz,1.0,5,0,0.0,0.0,0.0,0.0,0.0,0.0,5.0,,/data/home/llim/FMPCC/FM-PCC/logs/UAV_FM/uav-pillars/plans(Bf_U8)/flow_matching_v3_uav/H8_Dmodels.diffusion.FlowMatchingODE_9D/K20_mpc4_mjpc_T0.5,dpcc-t,False,4.0,mjpc,0.5,,Gen11,dpcc-t,/data/home/llim/FMPCC/FM-PCC/logs/UAV_FM/uav-pillars/plans(Bf_U8)/flow_matching_v3_uav/H8_Dmodels.diffusion.FlowMatchingODE_9D/K20_mpc4_mjpc_T0.5/6/dpcc-t/dpcc-t.npz,/data/home/llim/FMPCC/FM-PCC/logs/UAV_FM/uav-pillars/plans(Bf_U8)/flow_matching_v3_uav/H8_Dmodels.diffusion.FlowMatchingODE_9D/K20_mpc4_mjpc_T0.5/6/dpcc-t,
17,pillars|K20|Gen11,pillars,,20.0,6,test,none,gradient,npz,1.0,5,0,0.0,0.0,0.0,0.0,0.0,0.0,5.0,,/data/home/llim/FMPCC/FM-PCC/logs/UAV_FM/uav-pillars/plans(Bf_U8)/flow_matching_v3_uav/H8_Dmodels.diffusion.FlowMatchingODE_9D/K20_mpc4_mjpc_T0.5,gradient,False,4.0,mjpc,0.5,,Gen11,gradient,/data/home/llim/FMPCC/FM-PCC/logs/UAV_FM/uav-pillars/plans(Bf_U8)/flow_matching_v3_uav/H8_Dmodels.diffusion.FlowMatchingODE_9D/K20_mpc4_mjpc_T0.5/6/gradient/gradient.npz,/data/home/llim/FMPCC/FM-PCC/logs/UAV_FM/uav-pillars/plans(Bf_U8)/flow_matching_v3_uav/H8_Dmodels.diffusion.FlowMatchingODE_9D/K20_mpc4_mjpc_T0.5/6/gradient,
17,pillars|K20|Gen11,pillars,,20.0,6,test,none,model_free,npz,1.0,5,0,0.0,0.0,0.0,0.0,0.0,0.0,5.0,,/data/home/llim/FMPCC/FM-PCC/logs/UAV_FM/uav-pillars/plans(Bf_U8)/flow_matching_v3_uav/H8_Dmodels.diffusion.FlowMatchingODE_9D/K20_mpc4_mjpc_T0.5,model_free,False,4.0,mjpc,0.5,,Gen11,model_free,/data/home/llim/FMPCC/FM-PCC/logs/UAV_FM/uav-pillars/plans(Bf_U8)/flow_matching_v3_uav/H8_Dmodels.diffusion.FlowMatchingODE_9D/K20_mpc4_mjpc_T0.5/6/model_free/model_free.npz,/data/home/llim/FMPCC/FM-PCC/logs/UAV_FM/uav-pillars/plans(Bf_U8)/flow_matching_v3_uav/H8_Dmodels.diffusion.FlowMatchingODE_9D/K20_mpc4_mjpc_T0.5/6/model_free,
17,pillars|K20|Gen11,pillars,,20.0,6,test,none,post_processing,npz,1.0,5,0,0.0,0.0,0.0,0.0,0.0,0.0,5.0,,/data/home/llim/FMPCC/FM-PCC/logs/UAV_FM/uav-pillars/plans(Bf_U8)/flow_matching_v3_uav/H8_Dmodels.diffusion.FlowMatchingODE_9D/K20_mpc4_mjpc_T0.5,post_processing,False,4.0,mjpc,0.5,,Gen11,post_processing,/data/home/llim/FMPCC/FM-PCC/logs/UAV_FM/uav-pillars/plans(Bf_U8)/flow_matching_v3_uav/H8_Dmodels.diffusion.FlowMatchingODE_9D/K20_mpc4_mjpc_T0.5/6/post_processing/post_processing.npz,/data/home/llim/FMPCC/FM-PCC/logs/UAV_FM/uav-pillars/plans(Bf_U8)/flow_matching_v3_uav/H8_Dmodels.diffusion.FlowMatchingODE_9D/K20_mpc4_mjpc_T0.5/6/post_processing,
18,pillars|K20|Gen11,pillars,,20.0,6,test,none,diffuser,npz,0.0,5,0,0.0,0.0,0.0,0.0,0.0,0.0,5.0,,/data/home/llim/FMPCC/FM-PCC/logs/UAV_FM/uav-pillars/plans(Bf_U8)/flow_matching_v3_uav/H8_Dmodels.diffusion.FlowMatchingODE_9D/K20_mpc4_pid_const_v_T0.5,diffuser,False,4.0,pid_const_v,0.5,,Gen11,diffuser,/data/home/llim/FMPCC/FM-PCC/logs/UAV_FM/uav-pillars/plans(Bf_U8)/flow_matching_v3_uav/H8_Dmodels.diffusion.FlowMatchingODE_9D/K20_mpc4_pid_const_v_T0.5/6/diffuser/diffuser.npz,/data/home/llim/FMPCC/FM-PCC/logs/UAV_FM/uav-pillars/plans(Bf_U8)/flow_matching_v3_uav/H8_Dmodels.diffusion.FlowMatchingODE_9D/K20_mpc4_pid_const_v_T0.5/6/diffuser,
18,pillars|K20|Gen11,pillars,,20.0,6,test,none,dpcc-c,npz,1.0,5,0,0.0,0.0,0.0,0.0,0.0,0.0,5.0,,/data/home/llim/FMPCC/FM-PCC/logs/UAV_FM/uav-pillars/plans(Bf_U8)/flow_matching_v3_uav/H8_Dmodels.diffusion.FlowMatchingODE_9D/K20_mpc4_pid_const_v_T0.5,dpcc-c,False,4.0,pid_const_v,0.5,,Gen11,dpcc-c,/data/home/llim/FMPCC/FM-PCC/logs/UAV_FM/uav-pillars/plans(Bf_U8)/flow_matching_v3_uav/H8_Dmodels.diffusion.FlowMatchingODE_9D/K20_mpc4_pid_const_v_T0.5/6/dpcc-c/dpcc-c.npz,/data/home/llim/FMPCC/FM-PCC/logs/UAV_FM/uav-pillars/plans(Bf_U8)/flow_matching_v3_uav/H8_Dmodels.diffusion.FlowMatchingODE_9D/K20_mpc4_pid_const_v_T0.5/6/dpcc-c,
18,pillars|K20|Gen11,pillars,,20.0,6,test,none,dpcc-r,npz,1.0,5,0,0.0,0.0,0.0,0.0,0.0,0.0,5.0,,/data/home/llim/FMPCC/FM-PCC/logs/UAV_FM/uav-pillars/plans(Bf_U8)/flow_matching_v3_uav/H8_Dmodels.diffusion.FlowMatchingODE_9D/K20_mpc4_pid_const_v_T0.5,dpcc-r,False,4.0,pid_const_v,0.5,,Gen11,dpcc-r,/data/home/llim/FMPCC/FM-PCC/logs/UAV_FM/uav-pillars/plans(Bf_U8)/flow_matching_v3_uav/H8_Dmodels.diffusion.FlowMatchingODE_9D/K20_mpc4_pid_const_v_T0.5/6/dpcc-r/dpcc-r.npz,/data/home/llim/FMPCC/FM-PCC/logs/UAV_FM/uav-pillars/plans(Bf_U8)/flow_matching_v3_uav/H8_Dmodels.diffusion.FlowMatchingODE_9D/K20_mpc4_pid_const_v_T0.5/6/dpcc-r,
18,pillars|K20|Gen11,pillars,,20.0,6,test,none,dpcc-t,npz,1.0,5,0,0.0,0.0,0.0,0.0,0.0,0.0,5.0,,/data/home/llim/FMPCC/FM-PCC/logs/UAV_FM/uav-pillars/plans(Bf_U8)/flow_matching_v3_uav/H8_Dmodels.diffusion.FlowMatchingODE_9D/K20_mpc4_pid_const_v_T0.5,dpcc-t,False,4.0,pid_const_v,0.5,,Gen11,dpcc-t,/data/home/llim/FMPCC/FM-PCC/logs/UAV_FM/uav-pillars/plans(Bf_U8)/flow_matching_v3_uav/H8_Dmodels.diffusion.FlowMatchingODE_9D/K20_mpc4_pid_const_v_T0.5/6/dpcc-t/dpcc-t.npz,/data/home/llim/FMPCC/FM-PCC/logs/UAV_FM/uav-pillars/plans(Bf_U8)/flow_matching_v3_uav/H8_Dmodels.diffusion.FlowMatchingODE_9D/K20_mpc4_pid_const_v_T0.5/6/dpcc-t,
18,pillars|K20|Gen11,pillars,,20.0,6,test,none,gradient,npz,1.0,5,0,0.0,0.0,0.0,0.0,0.0,0.0,5.0,,/data/home/llim/FMPCC/FM-PCC/logs/UAV_FM/uav-pillars/plans(Bf_U8)/flow_matching_v3_uav/H8_Dmodels.diffusion.FlowMatchingODE_9D/K20_mpc4_pid_const_v_T0.5,gradient,False,4.0,pid_const_v,0.5,,Gen11,gradient,/data/home/llim/FMPCC/FM-PCC/logs/UAV_FM/uav-pillars/plans(Bf_U8)/flow_matching_v3_uav/H8_Dmodels.diffusion.FlowMatchingODE_9D/K20_mpc4_pid_const_v_T0.5/6/gradient/gradient.npz,/data/home/llim/FMPCC/FM-PCC/logs/UAV_FM/uav-pillars/plans(Bf_U8)/flow_matching_v3_uav/H8_Dmodels.diffusion.FlowMatchingODE_9D/K20_mpc4_pid_const_v_T0.5/6/gradient,
18,pillars|K20|Gen11,pillars,,20.0,6,test,none,model_free,npz,1.0,5,0,0.0,0.0,0.0,0.0,0.0,0.0,5.0,,/data/home/llim/FMPCC/FM-PCC/logs/UAV_FM/uav-pillars/plans(Bf_U8)/flow_matching_v3_uav/H8_Dmodels.diffusion.FlowMatchingODE_9D/K20_mpc4_pid_const_v_T0.5,model_free,False,4.0,pid_const_v,0.5,,Gen11,model_free,/data/home/llim/FMPCC/FM-PCC/logs/UAV_FM/uav-pillars/plans(Bf_U8)/flow_matching_v3_uav/H8_Dmodels.diffusion.FlowMatchingODE_9D/K20_mpc4_pid_const_v_T0.5/6/model_free/model_free.npz,/data/home/llim/FMPCC/FM-PCC/logs/UAV_FM/uav-pillars/plans(Bf_U8)/flow_matching_v3_uav/H8_Dmodels.diffusion.FlowMatchingODE_9D/K20_mpc4_pid_const_v_T0.5/6/model_free,
18,pillars|K20|Gen11,pillars,,20.0,6,test,none,post_processing,npz,1.0,5,0,0.0,0.0,0.0,0.0,0.0,0.0,5.0,,/data/home/llim/FMPCC/FM-PCC/logs/UAV_FM/uav-pillars/plans(Bf_U8)/flow_matching_v3_uav/H8_Dmodels.diffusion.FlowMatchingODE_9D/K20_mpc4_pid_const_v_T0.5,post_processing,False,4.0,pid_const_v,0.5,,Gen11,post_processing,/data/home/llim/FMPCC/FM-PCC/logs/UAV_FM/uav-pillars/plans(Bf_U8)/flow_matching_v3_uav/H8_Dmodels.diffusion.FlowMatchingODE_9D/K20_mpc4_pid_const_v_T0.5/6/post_processing/post_processing.npz,/data/home/llim/FMPCC/FM-PCC/logs/UAV_FM/uav-pillars/plans(Bf_U8)/flow_matching_v3_uav/H8_Dmodels.diffusion.FlowMatchingODE_9D/K20_mpc4_pid_const_v_T0.5/6/post_processing,
19,pillars|K20|Gen11,pillars,,20.0,6,test,(Fix4_action+geo_bounds) pillars_bounds+dynamics+halfspace+obstacles,diffuser,npz,0.0,10,0,0.0,0.0,0.0,0.0,0.0,0.0,10.0,,/data/home/llim/FMPCC/FM-PCC/logs/UAV_FM/uav-pillars/plans(Bf_U8)/flow_matching_v3_uav/H8_Dmodels.diffusion.FlowMatchingODE_9D/K20_mpc4_pid_stopgo_T0.5,diffuser,False,4.0,pid_stopgo,0.5,,Gen11,diffuser,/data/home/llim/FMPCC/FM-PCC/logs/UAV_FM/uav-pillars/plans(Bf_U8)/flow_matching_v3_uav/H8_Dmodels.diffusion.FlowMatchingODE_9D/K20_mpc4_pid_stopgo_T0.5/6/(Fix4_action+geo_bounds) pillars_bounds+dynamics+halfspace+obstacles/diffuser/diffuser.npz,/data/home/llim/FMPCC/FM-PCC/logs/UAV_FM/uav-pillars/plans(Bf_U8)/flow_matching_v3_uav/H8_Dmodels.diffusion.FlowMatchingODE_9D/K20_mpc4_pid_stopgo_T0.5/6/(Fix4_action+geo_bounds) pillars_bounds+dynamics+halfspace+obstacles/diffuser,
19,pillars|K20|Gen11,pillars,,20.0,6,test,(Fix4_action+geo_bounds) pillars_bounds+dynamics+halfspace+obstacles,dpcc-r,json,1.0,5,0,0.0,0.0,0.0,0.0,0.0,0.0,,,/data/home/llim/FMPCC/FM-PCC/logs/UAV_FM/uav-pillars/plans(Bf_U8)/flow_matching_v3_uav/H8_Dmodels.diffusion.FlowMatchingODE_9D/K20_mpc4_pid_stopgo_T0.5,dpcc-r,False,4.0,pid_stopgo,0.5,,Gen11,dpcc-r,,/data/home/llim/FMPCC/FM-PCC/logs/UAV_FM/uav-pillars/plans(Bf_U8)/flow_matching_v3_uav/H8_Dmodels.diffusion.FlowMatchingODE_9D/K20_mpc4_pid_stopgo_T0.5/6/(Fix4_action+geo_bounds) pillars_bounds+dynamics+halfspace+obstacles/dpcc-r,1.0
19,pillars|K20|Gen11,pillars,,20.0,6,test,(Fix4_action+geo_bounds) pillars_bounds+dynamics+halfspace+obstacles,gradient,npz,1.0,10,0,0.0,0.0,0.0,0.0,0.0,0.0,10.0,,/data/home/llim/FMPCC/FM-PCC/logs/UAV_FM/uav-pillars/plans(Bf_U8)/flow_matching_v3_uav/H8_Dmodels.diffusion.FlowMatchingODE_9D/K20_mpc4_pid_stopgo_T0.5,gradient,False,4.0,pid_stopgo,0.5,,Gen11,gradient,/data/home/llim/FMPCC/FM-PCC/logs/UAV_FM/uav-pillars/plans(Bf_U8)/flow_matching_v3_uav/H8_Dmodels.diffusion.FlowMatchingODE_9D/K20_mpc4_pid_stopgo_T0.5/6/(Fix4_action+geo_bounds) pillars_bounds+dynamics+halfspace+obstacles/gradient/gradient.npz,/data/home/llim/FMPCC/FM-PCC/logs/UAV_FM/uav-pillars/plans(Bf_U8)/flow_matching_v3_uav/H8_Dmodels.diffusion.FlowMatchingODE_9D/K20_mpc4_pid_stopgo_T0.5/6/(Fix4_action+geo_bounds) pillars_bounds+dynamics+halfspace+obstacles/gradient,
19,pillars|K20|Gen11,pillars,,20.0,6,test,(Fix4_action+geo_bounds) pillars_bounds+dynamics+halfspace+obstacles,gradient-tightened,npz,1.0,10,0,0.0,0.0,0.0,0.0,0.0,0.0,10.0,,/data/home/llim/FMPCC/FM-PCC/logs/UAV_FM/uav-pillars/plans(Bf_U8)/flow_matching_v3_uav/H8_Dmodels.diffusion.FlowMatchingODE_9D/K20_mpc4_pid_stopgo_T0.5,gradient,True,4.0,pid_stopgo,0.5,,Gen11,gradient-tightened,/data/home/llim/FMPCC/FM-PCC/logs/UAV_FM/uav-pillars/plans(Bf_U8)/flow_matching_v3_uav/H8_Dmodels.diffusion.FlowMatchingODE_9D/K20_mpc4_pid_stopgo_T0.5/6/(Fix4_action+geo_bounds) pillars_bounds+dynamics+halfspace+obstacles/gradient-tightened/gradient-tightened.npz,/data/home/llim/FMPCC/FM-PCC/logs/UAV_FM/uav-pillars/plans(Bf_U8)/flow_matching_v3_uav/H8_Dmodels.diffusion.FlowMatchingODE_9D/K20_mpc4_pid_stopgo_T0.5/6/(Fix4_action+geo_bounds) pillars_bounds+dynamics+halfspace+obstacles/gradient-tightened,
19,pillars|K20|Gen11,pillars,,20.0,6,test,(Fix4_action+geo_bounds) pillars_bounds+dynamics+halfspace+obstacles,model_free,npz,1.0,10,0,0.0,0.0,0.0,0.0,0.0,0.0,10.0,,/data/home/llim/FMPCC/FM-PCC/logs/UAV_FM/uav-pillars/plans(Bf_U8)/flow_matching_v3_uav/H8_Dmodels.diffusion.FlowMatchingODE_9D/K20_mpc4_pid_stopgo_T0.5,model_free,False,4.0,pid_stopgo,0.5,,Gen11,model_free,/data/home/llim/FMPCC/FM-PCC/logs/UAV_FM/uav-pillars/plans(Bf_U8)/flow_matching_v3_uav/H8_Dmodels.diffusion.FlowMatchingODE_9D/K20_mpc4_pid_stopgo_T0.5/6/(Fix4_action+geo_bounds) pillars_bounds+dynamics+halfspace+obstacles/model_free/model_free.npz,/data/home/llim/FMPCC/FM-PCC/logs/UAV_FM/uav-pillars/plans(Bf_U8)/flow_matching_v3_uav/H8_Dmodels.diffusion.FlowMatchingODE_9D/K20_mpc4_pid_stopgo_T0.5/6/(Fix4_action+geo_bounds) pillars_bounds+dynamics+halfspace+obstacles/model_free,
19,pillars|K20|Gen11,pillars,,20.0,6,test,(Fix4_action+geo_bounds) pillars_bounds+dynamics+halfspace+obstacles,model_free-tightened,npz,1.0,10,0,0.0,0.0,0.0,0.0,0.0,0.0,10.0,,/data/home/llim/FMPCC/FM-PCC/logs/UAV_FM/uav-pillars/plans(Bf_U8)/flow_matching_v3_uav/H8_Dmodels.diffusion.FlowMatchingODE_9D/K20_mpc4_pid_stopgo_T0.5,model_free,True,4.0,pid_stopgo,0.5,,Gen11,model_free-tightened,/data/home/llim/FMPCC/FM-PCC/logs/UAV_FM/uav-pillars/plans(Bf_U8)/flow_matching_v3_uav/H8_Dmodels.diffusion.FlowMatchingODE_9D/K20_mpc4_pid_stopgo_T0.5/6/(Fix4_action+geo_bounds) pillars_bounds+dynamics+halfspace+obstacles/model_free-tightened/model_free-tightened.npz,/data/home/llim/FMPCC/FM-PCC/logs/UAV_FM/uav-pillars/plans(Bf_U8)/flow_matching_v3_uav/H8_Dmodels.diffusion.FlowMatchingODE_9D/K20_mpc4_pid_stopgo_T0.5/6/(Fix4_action+geo_bounds) pillars_bounds+dynamics+halfspace+obstacles/model_free-tightened,
19,pillars|K20|Gen11,pillars,,20.0,6,test,(Fix4_action+geo_bounds) pillars_bounds+dynamics+halfspace+obstacles,post_processing,npz,1.0,10,0,0.0,0.0,0.0,0.0,0.0,0.0,10.0,,/data/home/llim/FMPCC/FM-PCC/logs/UAV_FM/uav-pillars/plans(Bf_U8)/flow_matching_v3_uav/H8_Dmodels.diffusion.FlowMatchingODE_9D/K20_mpc4_pid_stopgo_T0.5,post_processing,False,4.0,pid_stopgo,0.5,,Gen11,post_processing,/data/home/llim/FMPCC/FM-PCC/logs/UAV_FM/uav-pillars/plans(Bf_U8)/flow_matching_v3_uav/H8_Dmodels.diffusion.FlowMatchingODE_9D/K20_mpc4_pid_stopgo_T0.5/6/(Fix4_action+geo_bounds) pillars_bounds+dynamics+halfspace+obstacles/post_processing/post_processing.npz,/data/home/llim/FMPCC/FM-PCC/logs/UAV_FM/uav-pillars/plans(Bf_U8)/flow_matching_v3_uav/H8_Dmodels.diffusion.FlowMatchingODE_9D/K20_mpc4_pid_stopgo_T0.5/6/(Fix4_action+geo_bounds) pillars_bounds+dynamics+halfspace+obstacles/post_processing,
19,pillars|K20|Gen11,pillars,,20.0,6,test,(Fix4_action+geo_bounds) pillars_bounds+dynamics+halfspace+obstacles,post_processing-tightened,npz,1.0,10,0,0.0,0.0,0.0,0.0,0.0,0.0,10.0,,/data/home/llim/FMPCC/FM-PCC/logs/UAV_FM/uav-pillars/plans(Bf_U8)/flow_matching_v3_uav/H8_Dmodels.diffusion.FlowMatchingODE_9D/K20_mpc4_pid_stopgo_T0.5,post_processing,True,4.0,pid_stopgo,0.5,,Gen11,post_processing-tightened,/data/home/llim/FMPCC/FM-PCC/logs/UAV_FM/uav-pillars/plans(Bf_U8)/flow_matching_v3_uav/H8_Dmodels.diffusion.FlowMatchingODE_9D/K20_mpc4_pid_stopgo_T0.5/6/(Fix4_action+geo_bounds) pillars_bounds+dynamics+halfspace+obstacles/post_processing-tightened/post_processing-tightened.npz,/data/home/llim/FMPCC/FM-PCC/logs/UAV_FM/uav-pillars/plans(Bf_U8)/flow_matching_v3_uav/H8_Dmodels.diffusion.FlowMatchingODE_9D/K20_mpc4_pid_stopgo_T0.5/6/(Fix4_action+geo_bounds) pillars_bounds+dynamics+halfspace+obstacles/post_processing-tightened,
19,pillars|K20|Gen11,pillars,,20.0,6,test,none,diffuser,npz,0.0,5,0,0.0,0.0,0.0,0.0,0.0,0.0,5.0,,/data/home/llim/FMPCC/FM-PCC/logs/UAV_FM/uav-pillars/plans(Bf_U8)/flow_matching_v3_uav/H8_Dmodels.diffusion.FlowMatchingODE_9D/K20_mpc4_pid_stopgo_T0.5,diffuser,False,4.0,pid_stopgo,0.5,,Gen11,diffuser,/data/home/llim/FMPCC/FM-PCC/logs/UAV_FM/uav-pillars/plans(Bf_U8)/flow_matching_v3_uav/H8_Dmodels.diffusion.FlowMatchingODE_9D/K20_mpc4_pid_stopgo_T0.5/6/diffuser/diffuser.npz,/data/home/llim/FMPCC/FM-PCC/logs/UAV_FM/uav-pillars/plans(Bf_U8)/flow_matching_v3_uav/H8_Dmodels.diffusion.FlowMatchingODE_9D/K20_mpc4_pid_stopgo_T0.5/6/diffuser,
19,pillars|K20|Gen11,pillars,,20.0,6,test,none,dpcc-c,npz,1.0,5,0,0.0,0.0,0.0,0.0,0.0,0.0,5.0,,/data/home/llim/FMPCC/FM-PCC/logs/UAV_FM/uav-pillars/plans(Bf_U8)/flow_matching_v3_uav/H8_Dmodels.diffusion.FlowMatchingODE_9D/K20_mpc4_pid_stopgo_T0.5,dpcc-c,False,4.0,pid_stopgo,0.5,,Gen11,dpcc-c,/data/home/llim/FMPCC/FM-PCC/logs/UAV_FM/uav-pillars/plans(Bf_U8)/flow_matching_v3_uav/H8_Dmodels.diffusion.FlowMatchingODE_9D/K20_mpc4_pid_stopgo_T0.5/6/dpcc-c/dpcc-c.npz,/data/home/llim/FMPCC/FM-PCC/logs/UAV_FM/uav-pillars/plans(Bf_U8)/flow_matching_v3_uav/H8_Dmodels.diffusion.FlowMatchingODE_9D/K20_mpc4_pid_stopgo_T0.5/6/dpcc-c,
19,pillars|K20|Gen11,pillars,,20.0,6,test,none,dpcc-r,npz,1.0,5,0,0.0,0.0,0.0,0.0,0.0,0.0,5.0,,/data/home/llim/FMPCC/FM-PCC/logs/UAV_FM/uav-pillars/plans(Bf_U8)/flow_matching_v3_uav/H8_Dmodels.diffusion.FlowMatchingODE_9D/K20_mpc4_pid_stopgo_T0.5,dpcc-r,False,4.0,pid_stopgo,0.5,,Gen11,dpcc-r,/data/home/llim/FMPCC/FM-PCC/logs/UAV_FM/uav-pillars/plans(Bf_U8)/flow_matching_v3_uav/H8_Dmodels.diffusion.FlowMatchingODE_9D/K20_mpc4_pid_stopgo_T0.5/6/dpcc-r/dpcc-r.npz,/data/home/llim/FMPCC/FM-PCC/logs/UAV_FM/uav-pillars/plans(Bf_U8)/flow_matching_v3_uav/H8_Dmodels.diffusion.FlowMatchingODE_9D/K20_mpc4_pid_stopgo_T0.5/6/dpcc-r,
19,pillars|K20|Gen11,pillars,,20.0,6,test,none,dpcc-t,npz,1.0,5,0,0.0,0.0,0.0,0.0,0.0,0.0,5.0,,/data/home/llim/FMPCC/FM-PCC/logs/UAV_FM/uav-pillars/plans(Bf_U8)/flow_matching_v3_uav/H8_Dmodels.diffusion.FlowMatchingODE_9D/K20_mpc4_pid_stopgo_T0.5,dpcc-t,False,4.0,pid_stopgo,0.5,,Gen11,dpcc-t,/data/home/llim/FMPCC/FM-PCC/logs/UAV_FM/uav-pillars/plans(Bf_U8)/flow_matching_v3_uav/H8_Dmodels.diffusion.FlowMatchingODE_9D/K20_mpc4_pid_stopgo_T0.5/6/dpcc-t/dpcc-t.npz,/data/home/llim/FMPCC/FM-PCC/logs/UAV_FM/uav-pillars/plans(Bf_U8)/flow_matching_v3_uav/H8_Dmodels.diffusion.FlowMatchingODE_9D/K20_mpc4_pid_stopgo_T0.5/6/dpcc-t,
19,pillars|K20|Gen11,pillars,,20.0,6,test,none,gradient,npz,1.0,5,0,0.0,0.0,0.0,0.0,0.0,0.0,5.0,,/data/home/llim/FMPCC/FM-PCC/logs/UAV_FM/uav-pillars/plans(Bf_U8)/flow_matching_v3_uav/H8_Dmodels.diffusion.FlowMatchingODE_9D/K20_mpc4_pid_stopgo_T0.5,gradient,False,4.0,pid_stopgo,0.5,,Gen11,gradient,/data/home/llim/FMPCC/FM-PCC/logs/UAV_FM/uav-pillars/plans(Bf_U8)/flow_matching_v3_uav/H8_Dmodels.diffusion.FlowMatchingODE_9D/K20_mpc4_pid_stopgo_T0.5/6/gradient/gradient.npz,/data/home/llim/FMPCC/FM-PCC/logs/UAV_FM/uav-pillars/plans(Bf_U8)/flow_matching_v3_uav/H8_Dmodels.diffusion.FlowMatchingODE_9D/K20_mpc4_pid_stopgo_T0.5/6/gradient,
19,pillars|K20|Gen11,pillars,,20.0,6,test,none,model_free,npz,1.0,5,0,0.0,0.0,0.0,0.0,0.0,0.0,5.0,,/data/home/llim/FMPCC/FM-PCC/logs/UAV_FM/uav-pillars/plans(Bf_U8)/flow_matching_v3_uav/H8_Dmodels.diffusion.FlowMatchingODE_9D/K20_mpc4_pid_stopgo_T0.5,model_free,False,4.0,pid_stopgo,0.5,,Gen11,model_free,/data/home/llim/FMPCC/FM-PCC/logs/UAV_FM/uav-pillars/plans(Bf_U8)/flow_matching_v3_uav/H8_Dmodels.diffusion.FlowMatchingODE_9D/K20_mpc4_pid_stopgo_T0.5/6/model_free/model_free.npz,/data/home/llim/FMPCC/FM-PCC/logs/UAV_FM/uav-pillars/plans(Bf_U8)/flow_matching_v3_uav/H8_Dmodels.diffusion.FlowMatchingODE_9D/K20_mpc4_pid_stopgo_T0.5/6/model_free,
19,pillars|K20|Gen11,pillars,,20.0,6,test,none,post_processing,npz,1.0,5,0,0.0,0.0,0.0,0.0,0.0,0.0,5.0,,/data/home/llim/FMPCC/FM-PCC/logs/UAV_FM/uav-pillars/plans(Bf_U8)/flow_matching_v3_uav/H8_Dmodels.diffusion.FlowMatchingODE_9D/K20_mpc4_pid_stopgo_T0.5,post_processing,False,4.0,pid_stopgo,0.5,,Gen11,post_processing,/data/home/llim/FMPCC/FM-PCC/logs/UAV_FM/uav-pillars/plans(Bf_U8)/flow_matching_v3_uav/H8_Dmodels.diffusion.FlowMatchingODE_9D/K20_mpc4_pid_stopgo_T0.5/6/post_processing/post_processing.npz,/data/home/llim/FMPCC/FM-PCC/logs/UAV_FM/uav-pillars/plans(Bf_U8)/flow_matching_v3_uav/H8_Dmodels.diffusion.FlowMatchingODE_9D/K20_mpc4_pid_stopgo_T0.5/6/post_processing,
20,pillars|Gen11,pillars,,,6,test,none,diffuser,npz,0.0,2,0,0.0,0.0,0.0,0.0,0.0,1.0,2.0,,/data/home/llim/FMPCC/FM-PCC/logs/UAV_FM/uav-pillars/plans(E7_U3)/flow_matching_v3_uav/H8_Dmodels.diffusion.FlowMatchingODE,diffuser,False,,,,,Gen11,diffuser,/data/home/llim/FMPCC/FM-PCC/logs/UAV_FM/uav-pillars/plans(E7_U3)/flow_matching_v3_uav/H8_Dmodels.diffusion.FlowMatchingODE/6/diffuser/diffuser.npz,/data/home/llim/FMPCC/FM-PCC/logs/UAV_FM/uav-pillars/plans(E7_U3)/flow_matching_v3_uav/H8_Dmodels.diffusion.FlowMatchingODE/6/diffuser,
20,pillars|Gen11,pillars,,,6,test,none,dpcc-c,npz,1.0,2,0,0.0,0.0,0.0,0.0,0.0,1.0,2.0,,/data/home/llim/FMPCC/FM-PCC/logs/UAV_FM/uav-pillars/plans(E7_U3)/flow_matching_v3_uav/H8_Dmodels.diffusion.FlowMatchingODE,dpcc-c,False,,,,,Gen11,dpcc-c,/data/home/llim/FMPCC/FM-PCC/logs/UAV_FM/uav-pillars/plans(E7_U3)/flow_matching_v3_uav/H8_Dmodels.diffusion.FlowMatchingODE/6/dpcc-c/dpcc-c.npz,/data/home/llim/FMPCC/FM-PCC/logs/UAV_FM/uav-pillars/plans(E7_U3)/flow_matching_v3_uav/H8_Dmodels.diffusion.FlowMatchingODE/6/dpcc-c,
20,pillars|Gen11,pillars,,,6,test,none,dpcc-r,npz,1.0,2,0,0.0,0.0,0.0,0.0,0.0,1.0,2.0,,/data/home/llim/FMPCC/FM-PCC/logs/UAV_FM/uav-pillars/plans(E7_U3)/flow_matching_v3_uav/H8_Dmodels.diffusion.FlowMatchingODE,dpcc-r,False,,,,,Gen11,dpcc-r,/data/home/llim/FMPCC/FM-PCC/logs/UAV_FM/uav-pillars/plans(E7_U3)/flow_matching_v3_uav/H8_Dmodels.diffusion.FlowMatchingODE/6/dpcc-r/dpcc-r.npz,/data/home/llim/FMPCC/FM-PCC/logs/UAV_FM/uav-pillars/plans(E7_U3)/flow_matching_v3_uav/H8_Dmodels.diffusion.FlowMatchingODE/6/dpcc-r,
20,pillars|Gen11,pillars,,,6,test,none,dpcc-t,npz,1.0,2,0,0.0,0.0,0.0,0.0,0.0,1.0,2.0,,/data/home/llim/FMPCC/FM-PCC/logs/UAV_FM/uav-pillars/plans(E7_U3)/flow_matching_v3_uav/H8_Dmodels.diffusion.FlowMatchingODE,dpcc-t,False,,,,,Gen11,dpcc-t,/data/home/llim/FMPCC/FM-PCC/logs/UAV_FM/uav-pillars/plans(E7_U3)/flow_matching_v3_uav/H8_Dmodels.diffusion.FlowMatchingODE/6/dpcc-t/dpcc-t.npz,/data/home/llim/FMPCC/FM-PCC/logs/UAV_FM/uav-pillars/plans(E7_U3)/flow_matching_v3_uav/H8_Dmodels.diffusion.FlowMatchingODE/6/dpcc-t,
21,pillars|Gen11,pillars,,,6,test,none,diffuser,npz,0.0,2,0,0.0,0.0,0.0,0.0,0.0,1.0,2.0,,/data/home/llim/FMPCC/FM-PCC/logs/UAV_FM/uav-pillars/plans(U1)/flow_matching_v3_uav/H8_Dmodels.diffusion.FlowMatchingODE,diffuser,False,,,,,Gen11,diffuser,/data/home/llim/FMPCC/FM-PCC/logs/UAV_FM/uav-pillars/plans(U1)/flow_matching_v3_uav/H8_Dmodels.diffusion.FlowMatchingODE/6/diffuser/diffuser.npz,/data/home/llim/FMPCC/FM-PCC/logs/UAV_FM/uav-pillars/plans(U1)/flow_matching_v3_uav/H8_Dmodels.diffusion.FlowMatchingODE/6/diffuser,
21,pillars|Gen11,pillars,,,6,test,none,dpcc-c,npz,1.0,2,0,0.0,0.0,0.0,0.0,0.0,1.0,2.0,,/data/home/llim/FMPCC/FM-PCC/logs/UAV_FM/uav-pillars/plans(U1)/flow_matching_v3_uav/H8_Dmodels.diffusion.FlowMatchingODE,dpcc-c,False,,,,,Gen11,dpcc-c,/data/home/llim/FMPCC/FM-PCC/logs/UAV_FM/uav-pillars/plans(U1)/flow_matching_v3_uav/H8_Dmodels.diffusion.FlowMatchingODE/6/dpcc-c/dpcc-c.npz,/data/home/llim/FMPCC/FM-PCC/logs/UAV_FM/uav-pillars/plans(U1)/flow_matching_v3_uav/H8_Dmodels.diffusion.FlowMatchingODE/6/dpcc-c,
21,pillars|Gen11,pillars,,,6,test,none,dpcc-r,npz,1.0,2,0,0.0,0.0,0.0,0.0,0.0,1.0,2.0,,/data/home/llim/FMPCC/FM-PCC/logs/UAV_FM/uav-pillars/plans(U1)/flow_matching_v3_uav/H8_Dmodels.diffusion.FlowMatchingODE,dpcc-r,False,,,,,Gen11,dpcc-r,/data/home/llim/FMPCC/FM-PCC/logs/UAV_FM/uav-pillars/plans(U1)/flow_matching_v3_uav/H8_Dmodels.diffusion.FlowMatchingODE/6/dpcc-r/dpcc-r.npz,/data/home/llim/FMPCC/FM-PCC/logs/UAV_FM/uav-pillars/plans(U1)/flow_matching_v3_uav/H8_Dmodels.diffusion.FlowMatchingODE/6/dpcc-r,
21,pillars|Gen11,pillars,,,6,test,none,dpcc-t,npz,1.0,2,0,0.0,0.0,0.0,0.0,0.0,1.0,2.0,,/data/home/llim/FMPCC/FM-PCC/logs/UAV_FM/uav-pillars/plans(U1)/flow_matching_v3_uav/H8_Dmodels.diffusion.FlowMatchingODE,dpcc-t,False,,,,,Gen11,dpcc-t,/data/home/llim/FMPCC/FM-PCC/logs/UAV_FM/uav-pillars/plans(U1)/flow_matching_v3_uav/H8_Dmodels.diffusion.FlowMatchingODE/6/dpcc-t/dpcc-t.npz,/data/home/llim/FMPCC/FM-PCC/logs/UAV_FM/uav-pillars/plans(U1)/flow_matching_v3_uav/H8_Dmodels.diffusion.FlowMatchingODE/6/dpcc-t,
22,pillars|K20|Gen11,pillars,,20.0,6,test,pillars_bounds+dynamics+geo_bounds+obstacles,bounds_free,npz,1.0,10,0,0.0,0.0,0.0,0.0,0.0,0.0,10.0,,/data/home/llim/FMPCC/FM-PCC/logs/UAV_FM/uav-pillars/plans/flow_matching_v3_uav/H8_Dmodels.diffusion.FlowMatchingODE_9D/K20_mpc4_pid_stopgo_T0.5,bounds_free,False,4.0,pid_stopgo,0.5,,Gen11,bounds_free,/data/home/llim/FMPCC/FM-PCC/logs/UAV_FM/uav-pillars/plans/flow_matching_v3_uav/H8_Dmodels.diffusion.FlowMatchingODE_9D/K20_mpc4_pid_stopgo_T0.5/6/pillars_bounds+dynamics+geo_bounds+obstacles/bounds_free/bounds_free.npz,/data/home/llim/FMPCC/FM-PCC/logs/UAV_FM/uav-pillars/plans/flow_matching_v3_uav/H8_Dmodels.diffusion.FlowMatchingODE_9D/K20_mpc4_pid_stopgo_T0.5/6/pillars_bounds+dynamics+geo_bounds+obstacles/bounds_free,
22,pillars|K20|Gen11,pillars,,20.0,6,test,pillars_bounds+dynamics+geo_bounds+obstacles,bounds_free-tightened,npz,1.0,10,0,0.0,0.0,0.0,0.0,0.0,0.0,10.0,,/data/home/llim/FMPCC/FM-PCC/logs/UAV_FM/uav-pillars/plans/flow_matching_v3_uav/H8_Dmodels.diffusion.FlowMatchingODE_9D/K20_mpc4_pid_stopgo_T0.5,bounds_free,True,4.0,pid_stopgo,0.5,,Gen11,bounds_free-tightened,/data/home/llim/FMPCC/FM-PCC/logs/UAV_FM/uav-pillars/plans/flow_matching_v3_uav/H8_Dmodels.diffusion.FlowMatchingODE_9D/K20_mpc4_pid_stopgo_T0.5/6/pillars_bounds+dynamics+geo_bounds+obstacles/bounds_free-tightened/bounds_free-tightened.npz,/data/home/llim/FMPCC/FM-PCC/logs/UAV_FM/uav-pillars/plans/flow_matching_v3_uav/H8_Dmodels.diffusion.FlowMatchingODE_9D/K20_mpc4_pid_stopgo_T0.5/6/pillars_bounds+dynamics+geo_bounds+obstacles/bounds_free-tightened,
22,pillars|K20|Gen11,pillars,,20.0,6,test,pillars_bounds+dynamics+geo_bounds+obstacles,diffuser,npz,0.0,10,0,0.0,0.0,0.0,0.0,0.0,0.0,10.0,,/data/home/llim/FMPCC/FM-PCC/logs/UAV_FM/uav-pillars/plans/flow_matching_v3_uav/H8_Dmodels.diffusion.FlowMatchingODE_9D/K20_mpc4_pid_stopgo_T0.5,diffuser,False,4.0,pid_stopgo,0.5,,Gen11,diffuser,/data/home/llim/FMPCC/FM-PCC/logs/UAV_FM/uav-pillars/plans/flow_matching_v3_uav/H8_Dmodels.diffusion.FlowMatchingODE_9D/K20_mpc4_pid_stopgo_T0.5/6/pillars_bounds+dynamics+geo_bounds+obstacles/diffuser/diffuser.npz,/data/home/llim/FMPCC/FM-PCC/logs/UAV_FM/uav-pillars/plans/flow_matching_v3_uav/H8_Dmodels.diffusion.FlowMatchingODE_9D/K20_mpc4_pid_stopgo_T0.5/6/pillars_bounds+dynamics+geo_bounds+obstacles/diffuser,
22,pillars|K20|Gen11,pillars,,20.0,6,test,pillars_bounds+dynamics+geo_bounds+obstacles,geo_free,npz,1.0,10,0,0.0,0.0,0.0,0.0,0.0,0.0,10.0,,/data/home/llim/FMPCC/FM-PCC/logs/UAV_FM/uav-pillars/plans/flow_matching_v3_uav/H8_Dmodels.diffusion.FlowMatchingODE_9D/K20_mpc4_pid_stopgo_T0.5,geo_free,False,4.0,pid_stopgo,0.5,,Gen11,geo_free,/data/home/llim/FMPCC/FM-PCC/logs/UAV_FM/uav-pillars/plans/flow_matching_v3_uav/H8_Dmodels.diffusion.FlowMatchingODE_9D/K20_mpc4_pid_stopgo_T0.5/6/pillars_bounds+dynamics+geo_bounds+obstacles/geo_free/geo_free.npz,/data/home/llim/FMPCC/FM-PCC/logs/UAV_FM/uav-pillars/plans/flow_matching_v3_uav/H8_Dmodels.diffusion.FlowMatchingODE_9D/K20_mpc4_pid_stopgo_T0.5/6/pillars_bounds+dynamics+geo_bounds+obstacles/geo_free,
22,pillars|K20|Gen11,pillars,,20.0,6,test,pillars_bounds+dynamics+geo_bounds+obstacles,geo_free-bounds_free,npz,1.0,10,0,0.0,0.0,0.0,0.0,0.0,0.0,10.0,,/data/home/llim/FMPCC/FM-PCC/logs/UAV_FM/uav-pillars/plans/flow_matching_v3_uav/H8_Dmodels.diffusion.FlowMatchingODE_9D/K20_mpc4_pid_stopgo_T0.5,geo_free-bounds_free,False,4.0,pid_stopgo,0.5,,Gen11,geo_free-bounds_free,/data/home/llim/FMPCC/FM-PCC/logs/UAV_FM/uav-pillars/plans/flow_matching_v3_uav/H8_Dmodels.diffusion.FlowMatchingODE_9D/K20_mpc4_pid_stopgo_T0.5/6/pillars_bounds+dynamics+geo_bounds+obstacles/geo_free-bounds_free/geo_free-bounds_free.npz,/data/home/llim/FMPCC/FM-PCC/logs/UAV_FM/uav-pillars/plans/flow_matching_v3_uav/H8_Dmodels.diffusion.FlowMatchingODE_9D/K20_mpc4_pid_stopgo_T0.5/6/pillars_bounds+dynamics+geo_bounds+obstacles/geo_free-bounds_free,
22,pillars|K20|Gen11,pillars,,20.0,6,test,pillars_bounds+dynamics+geo_bounds+obstacles,geo_free-model_free,npz,1.0,10,0,0.0,0.0,0.0,0.0,0.0,0.0,10.0,,/data/home/llim/FMPCC/FM-PCC/logs/UAV_FM/uav-pillars/plans/flow_matching_v3_uav/H8_Dmodels.diffusion.FlowMatchingODE_9D/K20_mpc4_pid_stopgo_T0.5,geo_free-model_free,False,4.0,pid_stopgo,0.5,,Gen11,geo_free-model_free,/data/home/llim/FMPCC/FM-PCC/logs/UAV_FM/uav-pillars/plans/flow_matching_v3_uav/H8_Dmodels.diffusion.FlowMatchingODE_9D/K20_mpc4_pid_stopgo_T0.5/6/pillars_bounds+dynamics+geo_bounds+obstacles/geo_free-model_free/geo_free-model_free.npz,/data/home/llim/FMPCC/FM-PCC/logs/UAV_FM/uav-pillars/plans/flow_matching_v3_uav/H8_Dmodels.diffusion.FlowMatchingODE_9D/K20_mpc4_pid_stopgo_T0.5/6/pillars_bounds+dynamics+geo_bounds+obstacles/geo_free-model_free,
22,pillars|K20|Gen11,pillars,,20.0,6,test,pillars_bounds+dynamics+geo_bounds+obstacles,gradient,npz,1.0,10,0,0.0,0.0,0.0,0.0,0.0,0.0,10.0,,/data/home/llim/FMPCC/FM-PCC/logs/UAV_FM/uav-pillars/plans/flow_matching_v3_uav/H8_Dmodels.diffusion.FlowMatchingODE_9D/K20_mpc4_pid_stopgo_T0.5,gradient,False,4.0,pid_stopgo,0.5,,Gen11,gradient,/data/home/llim/FMPCC/FM-PCC/logs/UAV_FM/uav-pillars/plans/flow_matching_v3_uav/H8_Dmodels.diffusion.FlowMatchingODE_9D/K20_mpc4_pid_stopgo_T0.5/6/pillars_bounds+dynamics+geo_bounds+obstacles/gradient/gradient.npz,/data/home/llim/FMPCC/FM-PCC/logs/UAV_FM/uav-pillars/plans/flow_matching_v3_uav/H8_Dmodels.diffusion.FlowMatchingODE_9D/K20_mpc4_pid_stopgo_T0.5/6/pillars_bounds+dynamics+geo_bounds+obstacles/gradient,
22,pillars|K20|Gen11,pillars,,20.0,6,test,pillars_bounds+dynamics+geo_bounds+obstacles,gradient-tightened,npz,1.0,10,0,0.0,0.0,0.0,0.0,0.0,0.0,10.0,,/data/home/llim/FMPCC/FM-PCC/logs/UAV_FM/uav-pillars/plans/flow_matching_v3_uav/H8_Dmodels.diffusion.FlowMatchingODE_9D/K20_mpc4_pid_stopgo_T0.5,gradient,True,4.0,pid_stopgo,0.5,,Gen11,gradient-tightened,/data/home/llim/FMPCC/FM-PCC/logs/UAV_FM/uav-pillars/plans/flow_matching_v3_uav/H8_Dmodels.diffusion.FlowMatchingODE_9D/K20_mpc4_pid_stopgo_T0.5/6/pillars_bounds+dynamics+geo_bounds+obstacles/gradient-tightened/gradient-tightened.npz,/data/home/llim/FMPCC/FM-PCC/logs/UAV_FM/uav-pillars/plans/flow_matching_v3_uav/H8_Dmodels.diffusion.FlowMatchingODE_9D/K20_mpc4_pid_stopgo_T0.5/6/pillars_bounds+dynamics+geo_bounds+obstacles/gradient-tightened,
22,pillars|K20|Gen11,pillars,,20.0,6,test,pillars_bounds+dynamics+geo_bounds+obstacles,model_free,npz,1.0,10,0,0.0,0.0,0.0,0.0,0.0,0.0,10.0,,/data/home/llim/FMPCC/FM-PCC/logs/UAV_FM/uav-pillars/plans/flow_matching_v3_uav/H8_Dmodels.diffusion.FlowMatchingODE_9D/K20_mpc4_pid_stopgo_T0.5,model_free,False,4.0,pid_stopgo,0.5,,Gen11,model_free,/data/home/llim/FMPCC/FM-PCC/logs/UAV_FM/uav-pillars/plans/flow_matching_v3_uav/H8_Dmodels.diffusion.FlowMatchingODE_9D/K20_mpc4_pid_stopgo_T0.5/6/pillars_bounds+dynamics+geo_bounds+obstacles/model_free/model_free.npz,/data/home/llim/FMPCC/FM-PCC/logs/UAV_FM/uav-pillars/plans/flow_matching_v3_uav/H8_Dmodels.diffusion.FlowMatchingODE_9D/K20_mpc4_pid_stopgo_T0.5/6/pillars_bounds+dynamics+geo_bounds+obstacles/model_free,
22,pillars|K20|Gen11,pillars,,20.0,6,test,pillars_bounds+dynamics+geo_bounds+obstacles,model_free-bounds_free,npz,1.0,10,0,0.0,0.0,0.0,0.0,0.0,0.0,10.0,,/data/home/llim/FMPCC/FM-PCC/logs/UAV_FM/uav-pillars/plans/flow_matching_v3_uav/H8_Dmodels.diffusion.FlowMatchingODE_9D/K20_mpc4_pid_stopgo_T0.5,model_free-bounds_free,False,4.0,pid_stopgo,0.5,,Gen11,model_free-bounds_free,/data/home/llim/FMPCC/FM-PCC/logs/UAV_FM/uav-pillars/plans/flow_matching_v3_uav/H8_Dmodels.diffusion.FlowMatchingODE_9D/K20_mpc4_pid_stopgo_T0.5/6/pillars_bounds+dynamics+geo_bounds+obstacles/model_free-bounds_free/model_free-bounds_free.npz,/data/home/llim/FMPCC/FM-PCC/logs/UAV_FM/uav-pillars/plans/flow_matching_v3_uav/H8_Dmodels.diffusion.FlowMatchingODE_9D/K20_mpc4_pid_stopgo_T0.5/6/pillars_bounds+dynamics+geo_bounds+obstacles/model_free-bounds_free,
22,pillars|K20|Gen11,pillars,,20.0,6,test,pillars_bounds+dynamics+geo_bounds+obstacles,model_free-bounds_free-tightened,npz,1.0,10,0,0.0,0.0,0.0,0.0,0.0,0.0,10.0,,/data/home/llim/FMPCC/FM-PCC/logs/UAV_FM/uav-pillars/plans/flow_matching_v3_uav/H8_Dmodels.diffusion.FlowMatchingODE_9D/K20_mpc4_pid_stopgo_T0.5,model_free-bounds_free,True,4.0,pid_stopgo,0.5,,Gen11,model_free-bounds_free-tightened,/data/home/llim/FMPCC/FM-PCC/logs/UAV_FM/uav-pillars/plans/flow_matching_v3_uav/H8_Dmodels.diffusion.FlowMatchingODE_9D/K20_mpc4_pid_stopgo_T0.5/6/pillars_bounds+dynamics+geo_bounds+obstacles/model_free-bounds_free-tightened/model_free-bounds_free-tightened.npz,/data/home/llim/FMPCC/FM-PCC/logs/UAV_FM/uav-pillars/plans/flow_matching_v3_uav/H8_Dmodels.diffusion.FlowMatchingODE_9D/K20_mpc4_pid_stopgo_T0.5/6/pillars_bounds+dynamics+geo_bounds+obstacles/model_free-bounds_free-tightened,
22,pillars|K20|Gen11,pillars,,20.0,6,test,pillars_bounds+dynamics+geo_bounds+obstacles,model_free-tightened,npz,1.0,10,0,0.0,0.0,0.0,0.0,0.0,0.0,10.0,,/data/home/llim/FMPCC/FM-PCC/logs/UAV_FM/uav-pillars/plans/flow_matching_v3_uav/H8_Dmodels.diffusion.FlowMatchingODE_9D/K20_mpc4_pid_stopgo_T0.5,model_free,True,4.0,pid_stopgo,0.5,,Gen11,model_free-tightened,/data/home/llim/FMPCC/FM-PCC/logs/UAV_FM/uav-pillars/plans/flow_matching_v3_uav/H8_Dmodels.diffusion.FlowMatchingODE_9D/K20_mpc4_pid_stopgo_T0.5/6/pillars_bounds+dynamics+geo_bounds+obstacles/model_free-tightened/model_free-tightened.npz,/data/home/llim/FMPCC/FM-PCC/logs/UAV_FM/uav-pillars/plans/flow_matching_v3_uav/H8_Dmodels.diffusion.FlowMatchingODE_9D/K20_mpc4_pid_stopgo_T0.5/6/pillars_bounds+dynamics+geo_bounds+obstacles/model_free-tightened,
22,pillars|K20|Gen11,pillars,,20.0,6,test,pillars_bounds+dynamics+geo_bounds+obstacles,post_processing,npz,1.0,10,0,0.0,0.0,0.0,0.0,0.0,0.0,10.0,,/data/home/llim/FMPCC/FM-PCC/logs/UAV_FM/uav-pillars/plans/flow_matching_v3_uav/H8_Dmodels.diffusion.FlowMatchingODE_9D/K20_mpc4_pid_stopgo_T0.5,post_processing,False,4.0,pid_stopgo,0.5,,Gen11,post_processing,/data/home/llim/FMPCC/FM-PCC/logs/UAV_FM/uav-pillars/plans/flow_matching_v3_uav/H8_Dmodels.diffusion.FlowMatchingODE_9D/K20_mpc4_pid_stopgo_T0.5/6/pillars_bounds+dynamics+geo_bounds+obstacles/post_processing/post_processing.npz,/data/home/llim/FMPCC/FM-PCC/logs/UAV_FM/uav-pillars/plans/flow_matching_v3_uav/H8_Dmodels.diffusion.FlowMatchingODE_9D/K20_mpc4_pid_stopgo_T0.5/6/pillars_bounds+dynamics+geo_bounds+obstacles/post_processing,
22,pillars|K20|Gen11,pillars,,20.0,6,test,pillars_bounds+dynamics+geo_bounds+obstacles,post_processing-tightened,npz,1.0,10,0,0.0,0.0,0.0,0.0,0.0,0.0,10.0,,/data/home/llim/FMPCC/FM-PCC/logs/UAV_FM/uav-pillars/plans/flow_matching_v3_uav/H8_Dmodels.diffusion.FlowMatchingODE_9D/K20_mpc4_pid_stopgo_T0.5,post_processing,True,4.0,pid_stopgo,0.5,,Gen11,post_processing-tightened,/data/home/llim/FMPCC/FM-PCC/logs/UAV_FM/uav-pillars/plans/flow_matching_v3_uav/H8_Dmodels.diffusion.FlowMatchingODE_9D/K20_mpc4_pid_stopgo_T0.5/6/pillars_bounds+dynamics+geo_bounds+obstacles/post_processing-tightened/post_processing-tightened.npz,/data/home/llim/FMPCC/FM-PCC/logs/UAV_FM/uav-pillars/plans/flow_matching_v3_uav/H8_Dmodels.diffusion.FlowMatchingODE_9D/K20_mpc4_pid_stopgo_T0.5/6/pillars_bounds+dynamics+geo_bounds+obstacles/post_processing-tightened,
23,s_curve|Gen11,s_curve,,,6,test,diffuser_anchorP,diffuser,npz,0.0,10,0,0.0,0.0,0.0,0.0,0.0,0.0,10.0,,/data/home/llim/FMPCC/FM-PCC/logs/UAV_FM/uav-s_curve/plans(Bf_DC-FIX)/flow_matching_v3_uav/H8_Dmodels.diffusion.FlowMatchingODE,diffuser,False,,,,,Gen11,diffuser,/data/home/llim/FMPCC/FM-PCC/logs/UAV_FM/uav-s_curve/plans(Bf_DC-FIX)/flow_matching_v3_uav/H8_Dmodels.diffusion.FlowMatchingODE/6/diffuser_anchorP/diffuser.npz,/data/home/llim/FMPCC/FM-PCC/logs/UAV_FM/uav-s_curve/plans(Bf_DC-FIX)/flow_matching_v3_uav/H8_Dmodels.diffusion.FlowMatchingODE/6/diffuser_anchorP,
23,s_curve|Gen11,s_curve,,,6,test,dpcc-c_anchorP,dpcc-c,npz,1.0,10,0,0.0,0.0,0.0,0.0,0.0,0.0,10.0,,/data/home/llim/FMPCC/FM-PCC/logs/UAV_FM/uav-s_curve/plans(Bf_DC-FIX)/flow_matching_v3_uav/H8_Dmodels.diffusion.FlowMatchingODE,dpcc-c,False,,,,,Gen11,dpcc-c,/data/home/llim/FMPCC/FM-PCC/logs/UAV_FM/uav-s_curve/plans(Bf_DC-FIX)/flow_matching_v3_uav/H8_Dmodels.diffusion.FlowMatchingODE/6/dpcc-c_anchorP/dpcc-c.npz,/data/home/llim/FMPCC/FM-PCC/logs/UAV_FM/uav-s_curve/plans(Bf_DC-FIX)/flow_matching_v3_uav/H8_Dmodels.diffusion.FlowMatchingODE/6/dpcc-c_anchorP,
23,s_curve|Gen11,s_curve,,,6,test,dpcc-r_anchorP,dpcc-r,npz,1.0,10,0,0.0,0.0,0.0,0.0,0.0,0.0,10.0,,/data/home/llim/FMPCC/FM-PCC/logs/UAV_FM/uav-s_curve/plans(Bf_DC-FIX)/flow_matching_v3_uav/H8_Dmodels.diffusion.FlowMatchingODE,dpcc-r,False,,,,,Gen11,dpcc-r,/data/home/llim/FMPCC/FM-PCC/logs/UAV_FM/uav-s_curve/plans(Bf_DC-FIX)/flow_matching_v3_uav/H8_Dmodels.diffusion.FlowMatchingODE/6/dpcc-r_anchorP/dpcc-r.npz,/data/home/llim/FMPCC/FM-PCC/logs/UAV_FM/uav-s_curve/plans(Bf_DC-FIX)/flow_matching_v3_uav/H8_Dmodels.diffusion.FlowMatchingODE/6/dpcc-r_anchorP,
23,s_curve|Gen11,s_curve,,,6,test,dpcc-t_anchorP,dpcc-t,npz,1.0,10,0,0.0,0.0,0.0,0.0,0.0,0.0,10.0,,/data/home/llim/FMPCC/FM-PCC/logs/UAV_FM/uav-s_curve/plans(Bf_DC-FIX)/flow_matching_v3_uav/H8_Dmodels.diffusion.FlowMatchingODE,dpcc-t,False,,,,,Gen11,dpcc-t,/data/home/llim/FMPCC/FM-PCC/logs/UAV_FM/uav-s_curve/plans(Bf_DC-FIX)/flow_matching_v3_uav/H8_Dmodels.diffusion.FlowMatchingODE/6/dpcc-t_anchorP/dpcc-t.npz,/data/home/llim/FMPCC/FM-PCC/logs/UAV_FM/uav-s_curve/plans(Bf_DC-FIX)/flow_matching_v3_uav/H8_Dmodels.diffusion.FlowMatchingODE/6/dpcc-t_anchorP,
23,s_curve|Gen11,s_curve,,,6,test,gradient_anchorP,gradient,npz,1.0,10,0,0.0,0.0,0.0,0.0,0.0,0.0,10.0,,/data/home/llim/FMPCC/FM-PCC/logs/UAV_FM/uav-s_curve/plans(Bf_DC-FIX)/flow_matching_v3_uav/H8_Dmodels.diffusion.FlowMatchingODE,gradient,False,,,,,Gen11,gradient,/data/home/llim/FMPCC/FM-PCC/logs/UAV_FM/uav-s_curve/plans(Bf_DC-FIX)/flow_matching_v3_uav/H8_Dmodels.diffusion.FlowMatchingODE/6/gradient_anchorP/gradient.npz,/data/home/llim/FMPCC/FM-PCC/logs/UAV_FM/uav-s_curve/plans(Bf_DC-FIX)/flow_matching_v3_uav/H8_Dmodels.diffusion.FlowMatchingODE/6/gradient_anchorP,
23,s_curve|Gen11,s_curve,,,6,test,model_free_anchorP,model_free,npz,1.0,10,0,0.0,0.0,0.0,0.0,0.0,0.0,10.0,,/data/home/llim/FMPCC/FM-PCC/logs/UAV_FM/uav-s_curve/plans(Bf_DC-FIX)/flow_matching_v3_uav/H8_Dmodels.diffusion.FlowMatchingODE,model_free,False,,,,,Gen11,model_free,/data/home/llim/FMPCC/FM-PCC/logs/UAV_FM/uav-s_curve/plans(Bf_DC-FIX)/flow_matching_v3_uav/H8_Dmodels.diffusion.FlowMatchingODE/6/model_free_anchorP/model_free.npz,/data/home/llim/FMPCC/FM-PCC/logs/UAV_FM/uav-s_curve/plans(Bf_DC-FIX)/flow_matching_v3_uav/H8_Dmodels.diffusion.FlowMatchingODE/6/model_free_anchorP,
23,s_curve|Gen11,s_curve,,,6,test,post_processing_anchorP,post_processing,npz,1.0,10,0,0.0,0.0,0.0,0.0,0.0,0.0,10.0,,/data/home/llim/FMPCC/FM-PCC/logs/UAV_FM/uav-s_curve/plans(Bf_DC-FIX)/flow_matching_v3_uav/H8_Dmodels.diffusion.FlowMatchingODE,post_processing,False,,,,,Gen11,post_processing,/data/home/llim/FMPCC/FM-PCC/logs/UAV_FM/uav-s_curve/plans(Bf_DC-FIX)/flow_matching_v3_uav/H8_Dmodels.diffusion.FlowMatchingODE/6/post_processing_anchorP/post_processing.npz,/data/home/llim/FMPCC/FM-PCC/logs/UAV_FM/uav-s_curve/plans(Bf_DC-FIX)/flow_matching_v3_uav/H8_Dmodels.diffusion.FlowMatchingODE/6/post_processing_anchorP,
24,s_curve|K20|Gen11,s_curve,,20.0,6,test,none,diffuser,npz,0.0,20,0,0.0,0.0,0.0,0.0,0.0,0.0,20.0,,/data/home/llim/FMPCC/FM-PCC/logs/UAV_FM/uav-s_curve/plans(Bf_DC-FIX)/flow_matching_v3_uav/H8_Dmodels.diffusion.FlowMatchingODE_9D/K20_mpc4_pid_stopgo_T0.5,diffuser,False,4.0,pid_stopgo,0.5,,Gen11,diffuser,/data/home/llim/FMPCC/FM-PCC/logs/UAV_FM/uav-s_curve/plans(Bf_DC-FIX)/flow_matching_v3_uav/H8_Dmodels.diffusion.FlowMatchingODE_9D/K20_mpc4_pid_stopgo_T0.5/6/diffuser/diffuser.npz,/data/home/llim/FMPCC/FM-PCC/logs/UAV_FM/uav-s_curve/plans(Bf_DC-FIX)/flow_matching_v3_uav/H8_Dmodels.diffusion.FlowMatchingODE_9D/K20_mpc4_pid_stopgo_T0.5/6/diffuser,
24,s_curve|K20|Gen11,s_curve,,20.0,6,test,none,dpcc-c,npz,1.0,20,0,0.0,0.0,0.0,0.0,0.0,0.0,20.0,,/data/home/llim/FMPCC/FM-PCC/logs/UAV_FM/uav-s_curve/plans(Bf_DC-FIX)/flow_matching_v3_uav/H8_Dmodels.diffusion.FlowMatchingODE_9D/K20_mpc4_pid_stopgo_T0.5,dpcc-c,False,4.0,pid_stopgo,0.5,,Gen11,dpcc-c,/data/home/llim/FMPCC/FM-PCC/logs/UAV_FM/uav-s_curve/plans(Bf_DC-FIX)/flow_matching_v3_uav/H8_Dmodels.diffusion.FlowMatchingODE_9D/K20_mpc4_pid_stopgo_T0.5/6/dpcc-c/dpcc-c.npz,/data/home/llim/FMPCC/FM-PCC/logs/UAV_FM/uav-s_curve/plans(Bf_DC-FIX)/flow_matching_v3_uav/H8_Dmodels.diffusion.FlowMatchingODE_9D/K20_mpc4_pid_stopgo_T0.5/6/dpcc-c,
24,s_curve|K20|Gen11,s_curve,,20.0,6,test,none,dpcc-r,npz,1.0,20,0,0.0,0.0,0.0,0.0,0.0,0.0,20.0,,/data/home/llim/FMPCC/FM-PCC/logs/UAV_FM/uav-s_curve/plans(Bf_DC-FIX)/flow_matching_v3_uav/H8_Dmodels.diffusion.FlowMatchingODE_9D/K20_mpc4_pid_stopgo_T0.5,dpcc-r,False,4.0,pid_stopgo,0.5,,Gen11,dpcc-r,/data/home/llim/FMPCC/FM-PCC/logs/UAV_FM/uav-s_curve/plans(Bf_DC-FIX)/flow_matching_v3_uav/H8_Dmodels.diffusion.FlowMatchingODE_9D/K20_mpc4_pid_stopgo_T0.5/6/dpcc-r/dpcc-r.npz,/data/home/llim/FMPCC/FM-PCC/logs/UAV_FM/uav-s_curve/plans(Bf_DC-FIX)/flow_matching_v3_uav/H8_Dmodels.diffusion.FlowMatchingODE_9D/K20_mpc4_pid_stopgo_T0.5/6/dpcc-r,
24,s_curve|K20|Gen11,s_curve,,20.0,6,test,none,dpcc-t,npz,1.0,20,0,0.0,0.0,0.0,0.0,0.0,0.0,20.0,,/data/home/llim/FMPCC/FM-PCC/logs/UAV_FM/uav-s_curve/plans(Bf_DC-FIX)/flow_matching_v3_uav/H8_Dmodels.diffusion.FlowMatchingODE_9D/K20_mpc4_pid_stopgo_T0.5,dpcc-t,False,4.0,pid_stopgo,0.5,,Gen11,dpcc-t,/data/home/llim/FMPCC/FM-PCC/logs/UAV_FM/uav-s_curve/plans(Bf_DC-FIX)/flow_matching_v3_uav/H8_Dmodels.diffusion.FlowMatchingODE_9D/K20_mpc4_pid_stopgo_T0.5/6/dpcc-t/dpcc-t.npz,/data/home/llim/FMPCC/FM-PCC/logs/UAV_FM/uav-s_curve/plans(Bf_DC-FIX)/flow_matching_v3_uav/H8_Dmodels.diffusion.FlowMatchingODE_9D/K20_mpc4_pid_stopgo_T0.5/6/dpcc-t,
24,s_curve|K20|Gen11,s_curve,,20.0,6,test,none,gradient,npz,1.0,20,0,0.0,0.0,0.0,0.0,0.0,0.0,20.0,,/data/home/llim/FMPCC/FM-PCC/logs/UAV_FM/uav-s_curve/plans(Bf_DC-FIX)/flow_matching_v3_uav/H8_Dmodels.diffusion.FlowMatchingODE_9D/K20_mpc4_pid_stopgo_T0.5,gradient,False,4.0,pid_stopgo,0.5,,Gen11,gradient,/data/home/llim/FMPCC/FM-PCC/logs/UAV_FM/uav-s_curve/plans(Bf_DC-FIX)/flow_matching_v3_uav/H8_Dmodels.diffusion.FlowMatchingODE_9D/K20_mpc4_pid_stopgo_T0.5/6/gradient/gradient.npz,/data/home/llim/FMPCC/FM-PCC/logs/UAV_FM/uav-s_curve/plans(Bf_DC-FIX)/flow_matching_v3_uav/H8_Dmodels.diffusion.FlowMatchingODE_9D/K20_mpc4_pid_stopgo_T0.5/6/gradient,
24,s_curve|K20|Gen11,s_curve,,20.0,6,test,none,model_free,npz,1.0,20,0,0.0,0.0,0.0,0.0,0.0,0.0,20.0,,/data/home/llim/FMPCC/FM-PCC/logs/UAV_FM/uav-s_curve/plans(Bf_DC-FIX)/flow_matching_v3_uav/H8_Dmodels.diffusion.FlowMatchingODE_9D/K20_mpc4_pid_stopgo_T0.5,model_free,False,4.0,pid_stopgo,0.5,,Gen11,model_free,/data/home/llim/FMPCC/FM-PCC/logs/UAV_FM/uav-s_curve/plans(Bf_DC-FIX)/flow_matching_v3_uav/H8_Dmodels.diffusion.FlowMatchingODE_9D/K20_mpc4_pid_stopgo_T0.5/6/model_free/model_free.npz,/data/home/llim/FMPCC/FM-PCC/logs/UAV_FM/uav-s_curve/plans(Bf_DC-FIX)/flow_matching_v3_uav/H8_Dmodels.diffusion.FlowMatchingODE_9D/K20_mpc4_pid_stopgo_T0.5/6/model_free,
24,s_curve|K20|Gen11,s_curve,,20.0,6,test,none,post_processing,npz,1.0,20,0,0.0,0.0,0.0,0.0,0.0,0.0,20.0,,/data/home/llim/FMPCC/FM-PCC/logs/UAV_FM/uav-s_curve/plans(Bf_DC-FIX)/flow_matching_v3_uav/H8_Dmodels.diffusion.FlowMatchingODE_9D/K20_mpc4_pid_stopgo_T0.5,post_processing,False,4.0,pid_stopgo,0.5,,Gen11,post_processing,/data/home/llim/FMPCC/FM-PCC/logs/UAV_FM/uav-s_curve/plans(Bf_DC-FIX)/flow_matching_v3_uav/H8_Dmodels.diffusion.FlowMatchingODE_9D/K20_mpc4_pid_stopgo_T0.5/6/post_processing/post_processing.npz,/data/home/llim/FMPCC/FM-PCC/logs/UAV_FM/uav-s_curve/plans(Bf_DC-FIX)/flow_matching_v3_uav/H8_Dmodels.diffusion.FlowMatchingODE_9D/K20_mpc4_pid_stopgo_T0.5/6/post_processing,
25,s_curve|K20|Gen11,s_curve,,20.0,6,test,none,diffuser,npz,0.0,20,0,0.0,0.0,0.0,0.0,0.0,0.0,20.0,,/data/home/llim/FMPCC/FM-PCC/logs/UAV_FM/uav-s_curve/plans(Bf_DC-FIX)/flow_matching_v3_uav/H8_Dmodels.diffusion.FlowMatchingODE_9D/K20_mpc4_pid_stopgo_anchorP_T0.5,diffuser,False,4.0,pid_stopgo_anchorP,0.5,,Gen11,diffuser,/data/home/llim/FMPCC/FM-PCC/logs/UAV_FM/uav-s_curve/plans(Bf_DC-FIX)/flow_matching_v3_uav/H8_Dmodels.diffusion.FlowMatchingODE_9D/K20_mpc4_pid_stopgo_anchorP_T0.5/6/diffuser/diffuser.npz,/data/home/llim/FMPCC/FM-PCC/logs/UAV_FM/uav-s_curve/plans(Bf_DC-FIX)/flow_matching_v3_uav/H8_Dmodels.diffusion.FlowMatchingODE_9D/K20_mpc4_pid_stopgo_anchorP_T0.5/6/diffuser,
25,s_curve|K20|Gen11,s_curve,,20.0,6,test,none,dpcc-c,npz,1.0,20,0,0.0,0.0,0.0,0.0,0.0,0.0,20.0,,/data/home/llim/FMPCC/FM-PCC/logs/UAV_FM/uav-s_curve/plans(Bf_DC-FIX)/flow_matching_v3_uav/H8_Dmodels.diffusion.FlowMatchingODE_9D/K20_mpc4_pid_stopgo_anchorP_T0.5,dpcc-c,False,4.0,pid_stopgo_anchorP,0.5,,Gen11,dpcc-c,/data/home/llim/FMPCC/FM-PCC/logs/UAV_FM/uav-s_curve/plans(Bf_DC-FIX)/flow_matching_v3_uav/H8_Dmodels.diffusion.FlowMatchingODE_9D/K20_mpc4_pid_stopgo_anchorP_T0.5/6/dpcc-c/dpcc-c.npz,/data/home/llim/FMPCC/FM-PCC/logs/UAV_FM/uav-s_curve/plans(Bf_DC-FIX)/flow_matching_v3_uav/H8_Dmodels.diffusion.FlowMatchingODE_9D/K20_mpc4_pid_stopgo_anchorP_T0.5/6/dpcc-c,
25,s_curve|K20|Gen11,s_curve,,20.0,6,test,none,dpcc-r,npz,1.0,20,0,0.0,0.0,0.0,0.0,0.0,0.0,20.0,,/data/home/llim/FMPCC/FM-PCC/logs/UAV_FM/uav-s_curve/plans(Bf_DC-FIX)/flow_matching_v3_uav/H8_Dmodels.diffusion.FlowMatchingODE_9D/K20_mpc4_pid_stopgo_anchorP_T0.5,dpcc-r,False,4.0,pid_stopgo_anchorP,0.5,,Gen11,dpcc-r,/data/home/llim/FMPCC/FM-PCC/logs/UAV_FM/uav-s_curve/plans(Bf_DC-FIX)/flow_matching_v3_uav/H8_Dmodels.diffusion.FlowMatchingODE_9D/K20_mpc4_pid_stopgo_anchorP_T0.5/6/dpcc-r/dpcc-r.npz,/data/home/llim/FMPCC/FM-PCC/logs/UAV_FM/uav-s_curve/plans(Bf_DC-FIX)/flow_matching_v3_uav/H8_Dmodels.diffusion.FlowMatchingODE_9D/K20_mpc4_pid_stopgo_anchorP_T0.5/6/dpcc-r,
25,s_curve|K20|Gen11,s_curve,,20.0,6,test,none,dpcc-t,npz,1.0,20,0,0.0,0.0,0.0,0.0,0.0,0.0,20.0,,/data/home/llim/FMPCC/FM-PCC/logs/UAV_FM/uav-s_curve/plans(Bf_DC-FIX)/flow_matching_v3_uav/H8_Dmodels.diffusion.FlowMatchingODE_9D/K20_mpc4_pid_stopgo_anchorP_T0.5,dpcc-t,False,4.0,pid_stopgo_anchorP,0.5,,Gen11,dpcc-t,/data/home/llim/FMPCC/FM-PCC/logs/UAV_FM/uav-s_curve/plans(Bf_DC-FIX)/flow_matching_v3_uav/H8_Dmodels.diffusion.FlowMatchingODE_9D/K20_mpc4_pid_stopgo_anchorP_T0.5/6/dpcc-t/dpcc-t.npz,/data/home/llim/FMPCC/FM-PCC/logs/UAV_FM/uav-s_curve/plans(Bf_DC-FIX)/flow_matching_v3_uav/H8_Dmodels.diffusion.FlowMatchingODE_9D/K20_mpc4_pid_stopgo_anchorP_T0.5/6/dpcc-t,
25,s_curve|K20|Gen11,s_curve,,20.0,6,test,none,gradient,npz,1.0,20,0,0.0,0.0,0.0,0.0,0.0,0.0,20.0,,/data/home/llim/FMPCC/FM-PCC/logs/UAV_FM/uav-s_curve/plans(Bf_DC-FIX)/flow_matching_v3_uav/H8_Dmodels.diffusion.FlowMatchingODE_9D/K20_mpc4_pid_stopgo_anchorP_T0.5,gradient,False,4.0,pid_stopgo_anchorP,0.5,,Gen11,gradient,/data/home/llim/FMPCC/FM-PCC/logs/UAV_FM/uav-s_curve/plans(Bf_DC-FIX)/flow_matching_v3_uav/H8_Dmodels.diffusion.FlowMatchingODE_9D/K20_mpc4_pid_stopgo_anchorP_T0.5/6/gradient/gradient.npz,/data/home/llim/FMPCC/FM-PCC/logs/UAV_FM/uav-s_curve/plans(Bf_DC-FIX)/flow_matching_v3_uav/H8_Dmodels.diffusion.FlowMatchingODE_9D/K20_mpc4_pid_stopgo_anchorP_T0.5/6/gradient,
25,s_curve|K20|Gen11,s_curve,,20.0,6,test,none,model_free,npz,1.0,20,0,0.0,0.0,0.0,0.0,0.0,0.0,20.0,,/data/home/llim/FMPCC/FM-PCC/logs/UAV_FM/uav-s_curve/plans(Bf_DC-FIX)/flow_matching_v3_uav/H8_Dmodels.diffusion.FlowMatchingODE_9D/K20_mpc4_pid_stopgo_anchorP_T0.5,model_free,False,4.0,pid_stopgo_anchorP,0.5,,Gen11,model_free,/data/home/llim/FMPCC/FM-PCC/logs/UAV_FM/uav-s_curve/plans(Bf_DC-FIX)/flow_matching_v3_uav/H8_Dmodels.diffusion.FlowMatchingODE_9D/K20_mpc4_pid_stopgo_anchorP_T0.5/6/model_free/model_free.npz,/data/home/llim/FMPCC/FM-PCC/logs/UAV_FM/uav-s_curve/plans(Bf_DC-FIX)/flow_matching_v3_uav/H8_Dmodels.diffusion.FlowMatchingODE_9D/K20_mpc4_pid_stopgo_anchorP_T0.5/6/model_free,
25,s_curve|K20|Gen11,s_curve,,20.0,6,test,none,post_processing,npz,1.0,20,0,0.0,0.0,0.0,0.0,0.0,0.0,20.0,,/data/home/llim/FMPCC/FM-PCC/logs/UAV_FM/uav-s_curve/plans(Bf_DC-FIX)/flow_matching_v3_uav/H8_Dmodels.diffusion.FlowMatchingODE_9D/K20_mpc4_pid_stopgo_anchorP_T0.5,post_processing,False,4.0,pid_stopgo_anchorP,0.5,,Gen11,post_processing,/data/home/llim/FMPCC/FM-PCC/logs/UAV_FM/uav-s_curve/plans(Bf_DC-FIX)/flow_matching_v3_uav/H8_Dmodels.diffusion.FlowMatchingODE_9D/K20_mpc4_pid_stopgo_anchorP_T0.5/6/post_processing/post_processing.npz,/data/home/llim/FMPCC/FM-PCC/logs/UAV_FM/uav-s_curve/plans(Bf_DC-FIX)/flow_matching_v3_uav/H8_Dmodels.diffusion.FlowMatchingODE_9D/K20_mpc4_pid_stopgo_anchorP_T0.5/6/post_processing,
26,s_curve|Gen11,s_curve,,,6,test,none,fm_only,npz,1.0,20,0,0.0,0.0,0.0,0.0,0.0,1.0,20.0,,/data/home/llim/FMPCC/FM-PCC/logs/UAV_FM/uav-s_curve/plans(no_GIF)/flow_matching_v3_uav/H8_Dmodels.diffusion.FlowMatchingODE,fm_only,False,,,,,Gen11,fm_only,/data/home/llim/FMPCC/FM-PCC/logs/UAV_FM/uav-s_curve/plans(no_GIF)/flow_matching_v3_uav/H8_Dmodels.diffusion.FlowMatchingODE/6/fm_only/fm_only.npz,/data/home/llim/FMPCC/FM-PCC/logs/UAV_FM/uav-s_curve/plans(no_GIF)/flow_matching_v3_uav/H8_Dmodels.diffusion.FlowMatchingODE/6/fm_only,
27,s_curve|Gen11,s_curve,,,6,test,none,fm_only,json,1.0,13,0,0.0,0.0,0.0,0.0,0.0,1.0,,,/data/home/llim/FMPCC/FM-PCC/logs/UAV_FM/uav-s_curve/plans(with_gif_parts)/flow_matching_v3_uav/H8_Dmodels.diffusion.FlowMatchingODE,fm_only,False,,,,,Gen11,fm_only,,/data/home/llim/FMPCC/FM-PCC/logs/UAV_FM/uav-s_curve/plans(with_gif_parts)/flow_matching_v3_uav/H8_Dmodels.diffusion.FlowMatchingODE/6/fm_only,1.0
28,s_curve|K20|Gen11,s_curve,,20.0,6,test,(Bf_U13)s_curve_bounds+dynamics+geo_bounds+halfspace+obstacles,bounds_free,npz,1.0,10,0,0.0,0.0,0.0,0.0,0.0,0.0,10.0,,/data/home/llim/FMPCC/FM-PCC/logs/UAV_FM/uav-s_curve/plans/flow_matching_v3_uav/H8_Dmodels.diffusion.FlowMatchingODE_9D/K20_mpc4_pid_stopgo_T0.5,bounds_free,False,4.0,pid_stopgo,0.5,,Gen11,bounds_free,/data/home/llim/FMPCC/FM-PCC/logs/UAV_FM/uav-s_curve/plans/flow_matching_v3_uav/H8_Dmodels.diffusion.FlowMatchingODE_9D/K20_mpc4_pid_stopgo_T0.5/6/(Bf_U13)s_curve_bounds+dynamics+geo_bounds+halfspace+obstacles/bounds_free/bounds_free.npz,/data/home/llim/FMPCC/FM-PCC/logs/UAV_FM/uav-s_curve/plans/flow_matching_v3_uav/H8_Dmodels.diffusion.FlowMatchingODE_9D/K20_mpc4_pid_stopgo_T0.5/6/(Bf_U13)s_curve_bounds+dynamics+geo_bounds+halfspace+obstacles/bounds_free,
28,s_curve|K20|Gen11,s_curve,,20.0,6,test,(Bf_U13)s_curve_bounds+dynamics+geo_bounds+halfspace+obstacles,diffuser,npz,0.0,10,0,0.0,0.0,0.0,0.0,0.0,0.0,10.0,,/data/home/llim/FMPCC/FM-PCC/logs/UAV_FM/uav-s_curve/plans/flow_matching_v3_uav/H8_Dmodels.diffusion.FlowMatchingODE_9D/K20_mpc4_pid_stopgo_T0.5,diffuser,False,4.0,pid_stopgo,0.5,,Gen11,diffuser,/data/home/llim/FMPCC/FM-PCC/logs/UAV_FM/uav-s_curve/plans/flow_matching_v3_uav/H8_Dmodels.diffusion.FlowMatchingODE_9D/K20_mpc4_pid_stopgo_T0.5/6/(Bf_U13)s_curve_bounds+dynamics+geo_bounds+halfspace+obstacles/diffuser/diffuser.npz,/data/home/llim/FMPCC/FM-PCC/logs/UAV_FM/uav-s_curve/plans/flow_matching_v3_uav/H8_Dmodels.diffusion.FlowMatchingODE_9D/K20_mpc4_pid_stopgo_T0.5/6/(Bf_U13)s_curve_bounds+dynamics+geo_bounds+halfspace+obstacles/diffuser,
28,s_curve|K20|Gen11,s_curve,,20.0,6,test,(Bf_U13)s_curve_bounds+dynamics+geo_bounds+halfspace+obstacles,dpcc-r,npz,1.0,10,0,0.0,0.0,0.0,0.0,0.0,0.0,10.0,,/data/home/llim/FMPCC/FM-PCC/logs/UAV_FM/uav-s_curve/plans/flow_matching_v3_uav/H8_Dmodels.diffusion.FlowMatchingODE_9D/K20_mpc4_pid_stopgo_T0.5,dpcc-r,False,4.0,pid_stopgo,0.5,,Gen11,dpcc-r,/data/home/llim/FMPCC/FM-PCC/logs/UAV_FM/uav-s_curve/plans/flow_matching_v3_uav/H8_Dmodels.diffusion.FlowMatchingODE_9D/K20_mpc4_pid_stopgo_T0.5/6/(Bf_U13)s_curve_bounds+dynamics+geo_bounds+halfspace+obstacles/dpcc-r/dpcc-r.npz,/data/home/llim/FMPCC/FM-PCC/logs/UAV_FM/uav-s_curve/plans/flow_matching_v3_uav/H8_Dmodels.diffusion.FlowMatchingODE_9D/K20_mpc4_pid_stopgo_T0.5/6/(Bf_U13)s_curve_bounds+dynamics+geo_bounds+halfspace+obstacles/dpcc-r,
28,s_curve|K20|Gen11,s_curve,,20.0,6,test,(Bf_U13)s_curve_bounds+dynamics+geo_bounds+halfspace+obstacles,dpcc-r-tightened,json,1.0,8,0,0.0,0.0,0.0,0.0,0.0,0.0,,,/data/home/llim/FMPCC/FM-PCC/logs/UAV_FM/uav-s_curve/plans/flow_matching_v3_uav/H8_Dmodels.diffusion.FlowMatchingODE_9D/K20_mpc4_pid_stopgo_T0.5,dpcc-r,True,4.0,pid_stopgo,0.5,,Gen11,dpcc-r-tightened,,/data/home/llim/FMPCC/FM-PCC/logs/UAV_FM/uav-s_curve/plans/flow_matching_v3_uav/H8_Dmodels.diffusion.FlowMatchingODE_9D/K20_mpc4_pid_stopgo_T0.5/6/(Bf_U13)s_curve_bounds+dynamics+geo_bounds+halfspace+obstacles/dpcc-r-tightened,1.0
28,s_curve|K20|Gen11,s_curve,,20.0,6,test,(Bf_U13)s_curve_bounds+dynamics+geo_bounds+halfspace+obstacles,geo_free,npz,1.0,10,0,0.0,0.0,0.0,0.0,0.0,0.0,10.0,,/data/home/llim/FMPCC/FM-PCC/logs/UAV_FM/uav-s_curve/plans/flow_matching_v3_uav/H8_Dmodels.diffusion.FlowMatchingODE_9D/K20_mpc4_pid_stopgo_T0.5,geo_free,False,4.0,pid_stopgo,0.5,,Gen11,geo_free,/data/home/llim/FMPCC/FM-PCC/logs/UAV_FM/uav-s_curve/plans/flow_matching_v3_uav/H8_Dmodels.diffusion.FlowMatchingODE_9D/K20_mpc4_pid_stopgo_T0.5/6/(Bf_U13)s_curve_bounds+dynamics+geo_bounds+halfspace+obstacles/geo_free/geo_free.npz,/data/home/llim/FMPCC/FM-PCC/logs/UAV_FM/uav-s_curve/plans/flow_matching_v3_uav/H8_Dmodels.diffusion.FlowMatchingODE_9D/K20_mpc4_pid_stopgo_T0.5/6/(Bf_U13)s_curve_bounds+dynamics+geo_bounds+halfspace+obstacles/geo_free,
28,s_curve|K20|Gen11,s_curve,,20.0,6,test,(Bf_U13)s_curve_bounds+dynamics+geo_bounds+halfspace+obstacles,geo_free-bounds_free,npz,1.0,10,0,0.0,0.0,0.0,0.0,0.0,0.0,10.0,,/data/home/llim/FMPCC/FM-PCC/logs/UAV_FM/uav-s_curve/plans/flow_matching_v3_uav/H8_Dmodels.diffusion.FlowMatchingODE_9D/K20_mpc4_pid_stopgo_T0.5,geo_free-bounds_free,False,4.0,pid_stopgo,0.5,,Gen11,geo_free-bounds_free,/data/home/llim/FMPCC/FM-PCC/logs/UAV_FM/uav-s_curve/plans/flow_matching_v3_uav/H8_Dmodels.diffusion.FlowMatchingODE_9D/K20_mpc4_pid_stopgo_T0.5/6/(Bf_U13)s_curve_bounds+dynamics+geo_bounds+halfspace+obstacles/geo_free-bounds_free/geo_free-bounds_free.npz,/data/home/llim/FMPCC/FM-PCC/logs/UAV_FM/uav-s_curve/plans/flow_matching_v3_uav/H8_Dmodels.diffusion.FlowMatchingODE_9D/K20_mpc4_pid_stopgo_T0.5/6/(Bf_U13)s_curve_bounds+dynamics+geo_bounds+halfspace+obstacles/geo_free-bounds_free,
28,s_curve|K20|Gen11,s_curve,,20.0,6,test,(Bf_U13)s_curve_bounds+dynamics+geo_bounds+halfspace+obstacles,geo_free-model_free,npz,1.0,10,0,0.0,0.0,0.0,0.0,0.0,0.0,10.0,,/data/home/llim/FMPCC/FM-PCC/logs/UAV_FM/uav-s_curve/plans/flow_matching_v3_uav/H8_Dmodels.diffusion.FlowMatchingODE_9D/K20_mpc4_pid_stopgo_T0.5,geo_free-model_free,False,4.0,pid_stopgo,0.5,,Gen11,geo_free-model_free,/data/home/llim/FMPCC/FM-PCC/logs/UAV_FM/uav-s_curve/plans/flow_matching_v3_uav/H8_Dmodels.diffusion.FlowMatchingODE_9D/K20_mpc4_pid_stopgo_T0.5/6/(Bf_U13)s_curve_bounds+dynamics+geo_bounds+halfspace+obstacles/geo_free-model_free/geo_free-model_free.npz,/data/home/llim/FMPCC/FM-PCC/logs/UAV_FM/uav-s_curve/plans/flow_matching_v3_uav/H8_Dmodels.diffusion.FlowMatchingODE_9D/K20_mpc4_pid_stopgo_T0.5/6/(Bf_U13)s_curve_bounds+dynamics+geo_bounds+halfspace+obstacles/geo_free-model_free,
28,s_curve|K20|Gen11,s_curve,,20.0,6,test,(Bf_U13)s_curve_bounds+dynamics+geo_bounds+halfspace+obstacles,gradient,npz,1.0,10,0,0.0,0.0,0.0,0.0,0.0,0.0,10.0,,/data/home/llim/FMPCC/FM-PCC/logs/UAV_FM/uav-s_curve/plans/flow_matching_v3_uav/H8_Dmodels.diffusion.FlowMatchingODE_9D/K20_mpc4_pid_stopgo_T0.5,gradient,False,4.0,pid_stopgo,0.5,,Gen11,gradient,/data/home/llim/FMPCC/FM-PCC/logs/UAV_FM/uav-s_curve/plans/flow_matching_v3_uav/H8_Dmodels.diffusion.FlowMatchingODE_9D/K20_mpc4_pid_stopgo_T0.5/6/(Bf_U13)s_curve_bounds+dynamics+geo_bounds+halfspace+obstacles/gradient/gradient.npz,/data/home/llim/FMPCC/FM-PCC/logs/UAV_FM/uav-s_curve/plans/flow_matching_v3_uav/H8_Dmodels.diffusion.FlowMatchingODE_9D/K20_mpc4_pid_stopgo_T0.5/6/(Bf_U13)s_curve_bounds+dynamics+geo_bounds+halfspace+obstacles/gradient,
28,s_curve|K20|Gen11,s_curve,,20.0,6,test,(Bf_U13)s_curve_bounds+dynamics+geo_bounds+halfspace+obstacles,gradient-tightened,npz,1.0,10,0,0.0,0.0,0.0,0.0,0.0,0.0,10.0,,/data/home/llim/FMPCC/FM-PCC/logs/UAV_FM/uav-s_curve/plans/flow_matching_v3_uav/H8_Dmodels.diffusion.FlowMatchingODE_9D/K20_mpc4_pid_stopgo_T0.5,gradient,True,4.0,pid_stopgo,0.5,,Gen11,gradient-tightened,/data/home/llim/FMPCC/FM-PCC/logs/UAV_FM/uav-s_curve/plans/flow_matching_v3_uav/H8_Dmodels.diffusion.FlowMatchingODE_9D/K20_mpc4_pid_stopgo_T0.5/6/(Bf_U13)s_curve_bounds+dynamics+geo_bounds+halfspace+obstacles/gradient-tightened/gradient-tightened.npz,/data/home/llim/FMPCC/FM-PCC/logs/UAV_FM/uav-s_curve/plans/flow_matching_v3_uav/H8_Dmodels.diffusion.FlowMatchingODE_9D/K20_mpc4_pid_stopgo_T0.5/6/(Bf_U13)s_curve_bounds+dynamics+geo_bounds+halfspace+obstacles/gradient-tightened,
28,s_curve|K20|Gen11,s_curve,,20.0,6,test,(Bf_U13)s_curve_bounds+dynamics+geo_bounds+halfspace+obstacles,model_free,npz,1.0,10,0,0.0,0.0,0.0,0.0,0.0,0.0,10.0,,/data/home/llim/FMPCC/FM-PCC/logs/UAV_FM/uav-s_curve/plans/flow_matching_v3_uav/H8_Dmodels.diffusion.FlowMatchingODE_9D/K20_mpc4_pid_stopgo_T0.5,model_free,False,4.0,pid_stopgo,0.5,,Gen11,model_free,/data/home/llim/FMPCC/FM-PCC/logs/UAV_FM/uav-s_curve/plans/flow_matching_v3_uav/H8_Dmodels.diffusion.FlowMatchingODE_9D/K20_mpc4_pid_stopgo_T0.5/6/(Bf_U13)s_curve_bounds+dynamics+geo_bounds+halfspace+obstacles/model_free/model_free.npz,/data/home/llim/FMPCC/FM-PCC/logs/UAV_FM/uav-s_curve/plans/flow_matching_v3_uav/H8_Dmodels.diffusion.FlowMatchingODE_9D/K20_mpc4_pid_stopgo_T0.5/6/(Bf_U13)s_curve_bounds+dynamics+geo_bounds+halfspace+obstacles/model_free,
28,s_curve|K20|Gen11,s_curve,,20.0,6,test,(Bf_U13)s_curve_bounds+dynamics+geo_bounds+halfspace+obstacles,model_free-tightened,npz,1.0,10,0,0.0,0.0,0.0,0.0,0.0,0.0,10.0,,/data/home/llim/FMPCC/FM-PCC/logs/UAV_FM/uav-s_curve/plans/flow_matching_v3_uav/H8_Dmodels.diffusion.FlowMatchingODE_9D/K20_mpc4_pid_stopgo_T0.5,model_free,True,4.0,pid_stopgo,0.5,,Gen11,model_free-tightened,/data/home/llim/FMPCC/FM-PCC/logs/UAV_FM/uav-s_curve/plans/flow_matching_v3_uav/H8_Dmodels.diffusion.FlowMatchingODE_9D/K20_mpc4_pid_stopgo_T0.5/6/(Bf_U13)s_curve_bounds+dynamics+geo_bounds+halfspace+obstacles/model_free-tightened/model_free-tightened.npz,/data/home/llim/FMPCC/FM-PCC/logs/UAV_FM/uav-s_curve/plans/flow_matching_v3_uav/H8_Dmodels.diffusion.FlowMatchingODE_9D/K20_mpc4_pid_stopgo_T0.5/6/(Bf_U13)s_curve_bounds+dynamics+geo_bounds+halfspace+obstacles/model_free-tightened,
28,s_curve|K20|Gen11,s_curve,,20.0,6,test,(Bf_U13)s_curve_bounds+dynamics+geo_bounds+halfspace+obstacles,post_processing,npz,1.0,10,0,0.0,0.0,0.0,0.0,0.0,0.0,10.0,,/data/home/llim/FMPCC/FM-PCC/logs/UAV_FM/uav-s_curve/plans/flow_matching_v3_uav/H8_Dmodels.diffusion.FlowMatchingODE_9D/K20_mpc4_pid_stopgo_T0.5,post_processing,False,4.0,pid_stopgo,0.5,,Gen11,post_processing,/data/home/llim/FMPCC/FM-PCC/logs/UAV_FM/uav-s_curve/plans/flow_matching_v3_uav/H8_Dmodels.diffusion.FlowMatchingODE_9D/K20_mpc4_pid_stopgo_T0.5/6/(Bf_U13)s_curve_bounds+dynamics+geo_bounds+halfspace+obstacles/post_processing/post_processing.npz,/data/home/llim/FMPCC/FM-PCC/logs/UAV_FM/uav-s_curve/plans/flow_matching_v3_uav/H8_Dmodels.diffusion.FlowMatchingODE_9D/K20_mpc4_pid_stopgo_T0.5/6/(Bf_U13)s_curve_bounds+dynamics+geo_bounds+halfspace+obstacles/post_processing,
28,s_curve|K20|Gen11,s_curve,,20.0,6,test,(Bf_U13)s_curve_bounds+dynamics+geo_bounds+halfspace+obstacles,post_processing-tightened,npz,1.0,10,0,0.0,0.0,0.0,0.0,0.0,0.0,10.0,,/data/home/llim/FMPCC/FM-PCC/logs/UAV_FM/uav-s_curve/plans/flow_matching_v3_uav/H8_Dmodels.diffusion.FlowMatchingODE_9D/K20_mpc4_pid_stopgo_T0.5,post_processing,True,4.0,pid_stopgo,0.5,,Gen11,post_processing-tightened,/data/home/llim/FMPCC/FM-PCC/logs/UAV_FM/uav-s_curve/plans/flow_matching_v3_uav/H8_Dmodels.diffusion.FlowMatchingODE_9D/K20_mpc4_pid_stopgo_T0.5/6/(Bf_U13)s_curve_bounds+dynamics+geo_bounds+halfspace+obstacles/post_processing-tightened/post_processing-tightened.npz,/data/home/llim/FMPCC/FM-PCC/logs/UAV_FM/uav-s_curve/plans/flow_matching_v3_uav/H8_Dmodels.diffusion.FlowMatchingODE_9D/K20_mpc4_pid_stopgo_T0.5/6/(Bf_U13)s_curve_bounds+dynamics+geo_bounds+halfspace+obstacles/post_processing-tightened,
28,s_curve|K20|Gen11,s_curve,,20.0,6,test,legacy(Bf_U8_debug)/s_curve_bounds+dynamics,diffuser,npz,0.0,10,0,0.0,0.0,0.0,0.0,0.0,0.0,10.0,,/data/home/llim/FMPCC/FM-PCC/logs/UAV_FM/uav-s_curve/plans/flow_matching_v3_uav/H8_Dmodels.diffusion.FlowMatchingODE_9D/K20_mpc4_pid_stopgo_T0.5,diffuser,False,4.0,pid_stopgo,0.5,,Gen11,diffuser,/data/home/llim/FMPCC/FM-PCC/logs/UAV_FM/uav-s_curve/plans/flow_matching_v3_uav/H8_Dmodels.diffusion.FlowMatchingODE_9D/K20_mpc4_pid_stopgo_T0.5/6/legacy(Bf_U8_debug)/s_curve_bounds+dynamics/diffuser/diffuser.npz,/data/home/llim/FMPCC/FM-PCC/logs/UAV_FM/uav-s_curve/plans/flow_matching_v3_uav/H8_Dmodels.diffusion.FlowMatchingODE_9D/K20_mpc4_pid_stopgo_T0.5/6/legacy(Bf_U8_debug)/s_curve_bounds+dynamics/diffuser,
28,s_curve|K20|Gen11,s_curve,,20.0,6,test,legacy(Bf_U8_debug)/s_curve_bounds+dynamics,dpcc-c,npz,1.0,10,0,0.0,0.0,0.0,0.0,0.0,0.0,10.0,,/data/home/llim/FMPCC/FM-PCC/logs/UAV_FM/uav-s_curve/plans/flow_matching_v3_uav/H8_Dmodels.diffusion.FlowMatchingODE_9D/K20_mpc4_pid_stopgo_T0.5,dpcc-c,False,4.0,pid_stopgo,0.5,,Gen11,dpcc-c,/data/home/llim/FMPCC/FM-PCC/logs/UAV_FM/uav-s_curve/plans/flow_matching_v3_uav/H8_Dmodels.diffusion.FlowMatchingODE_9D/K20_mpc4_pid_stopgo_T0.5/6/legacy(Bf_U8_debug)/s_curve_bounds+dynamics/dpcc-c/dpcc-c.npz,/data/home/llim/FMPCC/FM-PCC/logs/UAV_FM/uav-s_curve/plans/flow_matching_v3_uav/H8_Dmodels.diffusion.FlowMatchingODE_9D/K20_mpc4_pid_stopgo_T0.5/6/legacy(Bf_U8_debug)/s_curve_bounds+dynamics/dpcc-c,
28,s_curve|K20|Gen11,s_curve,,20.0,6,test,legacy(Bf_U8_debug)/s_curve_bounds+dynamics,dpcc-r,npz,1.0,10,0,0.0,0.0,0.0,0.0,0.0,0.0,10.0,,/data/home/llim/FMPCC/FM-PCC/logs/UAV_FM/uav-s_curve/plans/flow_matching_v3_uav/H8_Dmodels.diffusion.FlowMatchingODE_9D/K20_mpc4_pid_stopgo_T0.5,dpcc-r,False,4.0,pid_stopgo,0.5,,Gen11,dpcc-r,/data/home/llim/FMPCC/FM-PCC/logs/UAV_FM/uav-s_curve/plans/flow_matching_v3_uav/H8_Dmodels.diffusion.FlowMatchingODE_9D/K20_mpc4_pid_stopgo_T0.5/6/legacy(Bf_U8_debug)/s_curve_bounds+dynamics/dpcc-r/dpcc-r.npz,/data/home/llim/FMPCC/FM-PCC/logs/UAV_FM/uav-s_curve/plans/flow_matching_v3_uav/H8_Dmodels.diffusion.FlowMatchingODE_9D/K20_mpc4_pid_stopgo_T0.5/6/legacy(Bf_U8_debug)/s_curve_bounds+dynamics/dpcc-r,
28,s_curve|K20|Gen11,s_curve,,20.0,6,test,legacy(Bf_U8_debug)/s_curve_bounds+dynamics,dpcc-t,npz,1.0,10,0,0.0,0.0,0.0,0.0,0.0,0.0,10.0,,/data/home/llim/FMPCC/FM-PCC/logs/UAV_FM/uav-s_curve/plans/flow_matching_v3_uav/H8_Dmodels.diffusion.FlowMatchingODE_9D/K20_mpc4_pid_stopgo_T0.5,dpcc-t,False,4.0,pid_stopgo,0.5,,Gen11,dpcc-t,/data/home/llim/FMPCC/FM-PCC/logs/UAV_FM/uav-s_curve/plans/flow_matching_v3_uav/H8_Dmodels.diffusion.FlowMatchingODE_9D/K20_mpc4_pid_stopgo_T0.5/6/legacy(Bf_U8_debug)/s_curve_bounds+dynamics/dpcc-t/dpcc-t.npz,/data/home/llim/FMPCC/FM-PCC/logs/UAV_FM/uav-s_curve/plans/flow_matching_v3_uav/H8_Dmodels.diffusion.FlowMatchingODE_9D/K20_mpc4_pid_stopgo_T0.5/6/legacy(Bf_U8_debug)/s_curve_bounds+dynamics/dpcc-t,
28,s_curve|K20|Gen11,s_curve,,20.0,6,test,legacy(Bf_U8_debug)/s_curve_bounds+dynamics,gradient,npz,1.0,10,0,0.0,0.0,0.0,0.0,0.0,0.0,10.0,,/data/home/llim/FMPCC/FM-PCC/logs/UAV_FM/uav-s_curve/plans/flow_matching_v3_uav/H8_Dmodels.diffusion.FlowMatchingODE_9D/K20_mpc4_pid_stopgo_T0.5,gradient,False,4.0,pid_stopgo,0.5,,Gen11,gradient,/data/home/llim/FMPCC/FM-PCC/logs/UAV_FM/uav-s_curve/plans/flow_matching_v3_uav/H8_Dmodels.diffusion.FlowMatchingODE_9D/K20_mpc4_pid_stopgo_T0.5/6/legacy(Bf_U8_debug)/s_curve_bounds+dynamics/gradient/gradient.npz,/data/home/llim/FMPCC/FM-PCC/logs/UAV_FM/uav-s_curve/plans/flow_matching_v3_uav/H8_Dmodels.diffusion.FlowMatchingODE_9D/K20_mpc4_pid_stopgo_T0.5/6/legacy(Bf_U8_debug)/s_curve_bounds+dynamics/gradient,
28,s_curve|K20|Gen11,s_curve,,20.0,6,test,legacy(Bf_U8_debug)/s_curve_bounds+dynamics,model_free,npz,1.0,10,0,0.0,0.0,0.0,0.0,0.0,0.0,10.0,,/data/home/llim/FMPCC/FM-PCC/logs/UAV_FM/uav-s_curve/plans/flow_matching_v3_uav/H8_Dmodels.diffusion.FlowMatchingODE_9D/K20_mpc4_pid_stopgo_T0.5,model_free,False,4.0,pid_stopgo,0.5,,Gen11,model_free,/data/home/llim/FMPCC/FM-PCC/logs/UAV_FM/uav-s_curve/plans/flow_matching_v3_uav/H8_Dmodels.diffusion.FlowMatchingODE_9D/K20_mpc4_pid_stopgo_T0.5/6/legacy(Bf_U8_debug)/s_curve_bounds+dynamics/model_free/model_free.npz,/data/home/llim/FMPCC/FM-PCC/logs/UAV_FM/uav-s_curve/plans/flow_matching_v3_uav/H8_Dmodels.diffusion.FlowMatchingODE_9D/K20_mpc4_pid_stopgo_T0.5/6/legacy(Bf_U8_debug)/s_curve_bounds+dynamics/model_free,
28,s_curve|K20|Gen11,s_curve,,20.0,6,test,legacy(Bf_U8_debug)/s_curve_bounds+dynamics,post_processing,npz,1.0,10,0,0.0,0.0,0.0,0.0,0.0,0.0,10.0,,/data/home/llim/FMPCC/FM-PCC/logs/UAV_FM/uav-s_curve/plans/flow_matching_v3_uav/H8_Dmodels.diffusion.FlowMatchingODE_9D/K20_mpc4_pid_stopgo_T0.5,post_processing,False,4.0,pid_stopgo,0.5,,Gen11,post_processing,/data/home/llim/FMPCC/FM-PCC/logs/UAV_FM/uav-s_curve/plans/flow_matching_v3_uav/H8_Dmodels.diffusion.FlowMatchingODE_9D/K20_mpc4_pid_stopgo_T0.5/6/legacy(Bf_U8_debug)/s_curve_bounds+dynamics/post_processing/post_processing.npz,/data/home/llim/FMPCC/FM-PCC/logs/UAV_FM/uav-s_curve/plans/flow_matching_v3_uav/H8_Dmodels.diffusion.FlowMatchingODE_9D/K20_mpc4_pid_stopgo_T0.5/6/legacy(Bf_U8_debug)/s_curve_bounds+dynamics/post_processing,
28,s_curve|K20|Gen11,s_curve,,20.0,6,test,legacy(Bf_U8_debug)/s_curve_bounds+dynamics+geo_bounds+halfspace+obstacles,diffuser,npz,0.0,10,0,0.0,0.0,0.0,0.0,0.0,0.0,10.0,,/data/home/llim/FMPCC/FM-PCC/logs/UAV_FM/uav-s_curve/plans/flow_matching_v3_uav/H8_Dmodels.diffusion.FlowMatchingODE_9D/K20_mpc4_pid_stopgo_T0.5,diffuser,False,4.0,pid_stopgo,0.5,,Gen11,diffuser,/data/home/llim/FMPCC/FM-PCC/logs/UAV_FM/uav-s_curve/plans/flow_matching_v3_uav/H8_Dmodels.diffusion.FlowMatchingODE_9D/K20_mpc4_pid_stopgo_T0.5/6/legacy(Bf_U8_debug)/s_curve_bounds+dynamics+geo_bounds+halfspace+obstacles/diffuser/diffuser.npz,/data/home/llim/FMPCC/FM-PCC/logs/UAV_FM/uav-s_curve/plans/flow_matching_v3_uav/H8_Dmodels.diffusion.FlowMatchingODE_9D/K20_mpc4_pid_stopgo_T0.5/6/legacy(Bf_U8_debug)/s_curve_bounds+dynamics+geo_bounds+halfspace+obstacles/diffuser,
28,s_curve|K20|Gen11,s_curve,,20.0,6,test,legacy(Bf_U8_debug)/s_curve_bounds+dynamics+geo_bounds+halfspace+obstacles,gradient,npz,1.0,10,0,0.0,0.0,0.0,0.0,0.0,0.0,10.0,,/data/home/llim/FMPCC/FM-PCC/logs/UAV_FM/uav-s_curve/plans/flow_matching_v3_uav/H8_Dmodels.diffusion.FlowMatchingODE_9D/K20_mpc4_pid_stopgo_T0.5,gradient,False,4.0,pid_stopgo,0.5,,Gen11,gradient,/data/home/llim/FMPCC/FM-PCC/logs/UAV_FM/uav-s_curve/plans/flow_matching_v3_uav/H8_Dmodels.diffusion.FlowMatchingODE_9D/K20_mpc4_pid_stopgo_T0.5/6/legacy(Bf_U8_debug)/s_curve_bounds+dynamics+geo_bounds+halfspace+obstacles/gradient/gradient.npz,/data/home/llim/FMPCC/FM-PCC/logs/UAV_FM/uav-s_curve/plans/flow_matching_v3_uav/H8_Dmodels.diffusion.FlowMatchingODE_9D/K20_mpc4_pid_stopgo_T0.5/6/legacy(Bf_U8_debug)/s_curve_bounds+dynamics+geo_bounds+halfspace+obstacles/gradient,
28,s_curve|K20|Gen11,s_curve,,20.0,6,test,legacy(Bf_U8_debug)/s_curve_bounds+dynamics+geo_bounds+halfspace+obstacles,gradient-tightened,npz,1.0,10,0,0.0,0.0,0.0,0.0,0.0,0.0,10.0,,/data/home/llim/FMPCC/FM-PCC/logs/UAV_FM/uav-s_curve/plans/flow_matching_v3_uav/H8_Dmodels.diffusion.FlowMatchingODE_9D/K20_mpc4_pid_stopgo_T0.5,gradient,True,4.0,pid_stopgo,0.5,,Gen11,gradient-tightened,/data/home/llim/FMPCC/FM-PCC/logs/UAV_FM/uav-s_curve/plans/flow_matching_v3_uav/H8_Dmodels.diffusion.FlowMatchingODE_9D/K20_mpc4_pid_stopgo_T0.5/6/legacy(Bf_U8_debug)/s_curve_bounds+dynamics+geo_bounds+halfspace+obstacles/gradient-tightened/gradient-tightened.npz,/data/home/llim/FMPCC/FM-PCC/logs/UAV_FM/uav-s_curve/plans/flow_matching_v3_uav/H8_Dmodels.diffusion.FlowMatchingODE_9D/K20_mpc4_pid_stopgo_T0.5/6/legacy(Bf_U8_debug)/s_curve_bounds+dynamics+geo_bounds+halfspace+obstacles/gradient-tightened,
28,s_curve|K20|Gen11,s_curve,,20.0,6,test,legacy(Bf_U8_debug)/s_curve_bounds+dynamics+geo_bounds+halfspace+obstacles,model_free,npz,1.0,10,0,0.0,0.0,0.0,0.0,0.0,0.0,10.0,,/data/home/llim/FMPCC/FM-PCC/logs/UAV_FM/uav-s_curve/plans/flow_matching_v3_uav/H8_Dmodels.diffusion.FlowMatchingODE_9D/K20_mpc4_pid_stopgo_T0.5,model_free,False,4.0,pid_stopgo,0.5,,Gen11,model_free,/data/home/llim/FMPCC/FM-PCC/logs/UAV_FM/uav-s_curve/plans/flow_matching_v3_uav/H8_Dmodels.diffusion.FlowMatchingODE_9D/K20_mpc4_pid_stopgo_T0.5/6/legacy(Bf_U8_debug)/s_curve_bounds+dynamics+geo_bounds+halfspace+obstacles/model_free/model_free.npz,/data/home/llim/FMPCC/FM-PCC/logs/UAV_FM/uav-s_curve/plans/flow_matching_v3_uav/H8_Dmodels.diffusion.FlowMatchingODE_9D/K20_mpc4_pid_stopgo_T0.5/6/legacy(Bf_U8_debug)/s_curve_bounds+dynamics+geo_bounds+halfspace+obstacles/model_free,
28,s_curve|K20|Gen11,s_curve,,20.0,6,test,legacy(Bf_U8_debug)/s_curve_bounds+dynamics+geo_bounds+halfspace+obstacles,model_free-tightened,npz,1.0,10,0,0.0,0.0,0.0,0.0,0.0,0.0,10.0,,/data/home/llim/FMPCC/FM-PCC/logs/UAV_FM/uav-s_curve/plans/flow_matching_v3_uav/H8_Dmodels.diffusion.FlowMatchingODE_9D/K20_mpc4_pid_stopgo_T0.5,model_free,True,4.0,pid_stopgo,0.5,,Gen11,model_free-tightened,/data/home/llim/FMPCC/FM-PCC/logs/UAV_FM/uav-s_curve/plans/flow_matching_v3_uav/H8_Dmodels.diffusion.FlowMatchingODE_9D/K20_mpc4_pid_stopgo_T0.5/6/legacy(Bf_U8_debug)/s_curve_bounds+dynamics+geo_bounds+halfspace+obstacles/model_free-tightened/model_free-tightened.npz,/data/home/llim/FMPCC/FM-PCC/logs/UAV_FM/uav-s_curve/plans/flow_matching_v3_uav/H8_Dmodels.diffusion.FlowMatchingODE_9D/K20_mpc4_pid_stopgo_T0.5/6/legacy(Bf_U8_debug)/s_curve_bounds+dynamics+geo_bounds+halfspace+obstacles/model_free-tightened,
28,s_curve|K20|Gen11,s_curve,,20.0,6,test,legacy(Bf_U8_debug)/s_curve_bounds+dynamics+geo_bounds+halfspace+obstacles,post_processing,npz,1.0,10,0,0.0,0.0,0.0,0.0,0.0,0.0,10.0,,/data/home/llim/FMPCC/FM-PCC/logs/UAV_FM/uav-s_curve/plans/flow_matching_v3_uav/H8_Dmodels.diffusion.FlowMatchingODE_9D/K20_mpc4_pid_stopgo_T0.5,post_processing,False,4.0,pid_stopgo,0.5,,Gen11,post_processing,/data/home/llim/FMPCC/FM-PCC/logs/UAV_FM/uav-s_curve/plans/flow_matching_v3_uav/H8_Dmodels.diffusion.FlowMatchingODE_9D/K20_mpc4_pid_stopgo_T0.5/6/legacy(Bf_U8_debug)/s_curve_bounds+dynamics+geo_bounds+halfspace+obstacles/post_processing/post_processing.npz,/data/home/llim/FMPCC/FM-PCC/logs/UAV_FM/uav-s_curve/plans/flow_matching_v3_uav/H8_Dmodels.diffusion.FlowMatchingODE_9D/K20_mpc4_pid_stopgo_T0.5/6/legacy(Bf_U8_debug)/s_curve_bounds+dynamics+geo_bounds+halfspace+obstacles/post_processing,
28,s_curve|K20|Gen11,s_curve,,20.0,6,test,legacy(Bf_U8_debug)/s_curve_bounds+dynamics+geo_bounds+halfspace+obstacles,post_processing-tightened,npz,1.0,10,0,0.0,0.0,0.0,0.0,0.0,0.0,10.0,,/data/home/llim/FMPCC/FM-PCC/logs/UAV_FM/uav-s_curve/plans/flow_matching_v3_uav/H8_Dmodels.diffusion.FlowMatchingODE_9D/K20_mpc4_pid_stopgo_T0.5,post_processing,True,4.0,pid_stopgo,0.5,,Gen11,post_processing-tightened,/data/home/llim/FMPCC/FM-PCC/logs/UAV_FM/uav-s_curve/plans/flow_matching_v3_uav/H8_Dmodels.diffusion.FlowMatchingODE_9D/K20_mpc4_pid_stopgo_T0.5/6/legacy(Bf_U8_debug)/s_curve_bounds+dynamics+geo_bounds+halfspace+obstacles/post_processing-tightened/post_processing-tightened.npz,/data/home/llim/FMPCC/FM-PCC/logs/UAV_FM/uav-s_curve/plans/flow_matching_v3_uav/H8_Dmodels.diffusion.FlowMatchingODE_9D/K20_mpc4_pid_stopgo_T0.5/6/legacy(Bf_U8_debug)/s_curve_bounds+dynamics+geo_bounds+halfspace+obstacles/post_processing-tightened,
28,s_curve|K20|Gen11,s_curve,,20.0,6,test,legacy(Bf_U8_debug)/s_curve_bounds+dynamics+geo_bounds+halfspace+obstacles/s_curve_bounds+dynamics+geo_bounds+halfspace+obstacles,gradient,json,1.0,5,0,0.0,0.0,0.0,0.0,0.0,0.0,,,/data/home/llim/FMPCC/FM-PCC/logs/UAV_FM/uav-s_curve/plans/flow_matching_v3_uav/H8_Dmodels.diffusion.FlowMatchingODE_9D/K20_mpc4_pid_stopgo_T0.5,gradient,False,4.0,pid_stopgo,0.5,,Gen11,gradient,,/data/home/llim/FMPCC/FM-PCC/logs/UAV_FM/uav-s_curve/plans/flow_matching_v3_uav/H8_Dmodels.diffusion.FlowMatchingODE_9D/K20_mpc4_pid_stopgo_T0.5/6/legacy(Bf_U8_debug)/s_curve_bounds+dynamics+geo_bounds+halfspace+obstacles/s_curve_bounds+dynamics+geo_bounds+halfspace+obstacles/gradient,1.0
28,s_curve|K20|Gen11,s_curve,,20.0,6,test,legacy(Bf_U8_debug)/s_curve_dynamics,diffuser,npz,0.0,10,0,0.0,0.0,0.0,0.0,0.0,0.0,10.0,,/data/home/llim/FMPCC/FM-PCC/logs/UAV_FM/uav-s_curve/plans/flow_matching_v3_uav/H8_Dmodels.diffusion.FlowMatchingODE_9D/K20_mpc4_pid_stopgo_T0.5,diffuser,False,4.0,pid_stopgo,0.5,,Gen11,diffuser,/data/home/llim/FMPCC/FM-PCC/logs/UAV_FM/uav-s_curve/plans/flow_matching_v3_uav/H8_Dmodels.diffusion.FlowMatchingODE_9D/K20_mpc4_pid_stopgo_T0.5/6/legacy(Bf_U8_debug)/s_curve_dynamics/diffuser/diffuser.npz,/data/home/llim/FMPCC/FM-PCC/logs/UAV_FM/uav-s_curve/plans/flow_matching_v3_uav/H8_Dmodels.diffusion.FlowMatchingODE_9D/K20_mpc4_pid_stopgo_T0.5/6/legacy(Bf_U8_debug)/s_curve_dynamics/diffuser,
28,s_curve|K20|Gen11,s_curve,,20.0,6,test,legacy(Bf_U8_debug)/s_curve_dynamics,dpcc-c,npz,1.0,10,0,0.0,0.0,0.0,0.0,0.0,0.0,10.0,,/data/home/llim/FMPCC/FM-PCC/logs/UAV_FM/uav-s_curve/plans/flow_matching_v3_uav/H8_Dmodels.diffusion.FlowMatchingODE_9D/K20_mpc4_pid_stopgo_T0.5,dpcc-c,False,4.0,pid_stopgo,0.5,,Gen11,dpcc-c,/data/home/llim/FMPCC/FM-PCC/logs/UAV_FM/uav-s_curve/plans/flow_matching_v3_uav/H8_Dmodels.diffusion.FlowMatchingODE_9D/K20_mpc4_pid_stopgo_T0.5/6/legacy(Bf_U8_debug)/s_curve_dynamics/dpcc-c/dpcc-c.npz,/data/home/llim/FMPCC/FM-PCC/logs/UAV_FM/uav-s_curve/plans/flow_matching_v3_uav/H8_Dmodels.diffusion.FlowMatchingODE_9D/K20_mpc4_pid_stopgo_T0.5/6/legacy(Bf_U8_debug)/s_curve_dynamics/dpcc-c,
28,s_curve|K20|Gen11,s_curve,,20.0,6,test,legacy(Bf_U8_debug)/s_curve_dynamics,dpcc-r,npz,1.0,10,0,0.0,0.0,0.0,0.0,0.0,0.0,10.0,,/data/home/llim/FMPCC/FM-PCC/logs/UAV_FM/uav-s_curve/plans/flow_matching_v3_uav/H8_Dmodels.diffusion.FlowMatchingODE_9D/K20_mpc4_pid_stopgo_T0.5,dpcc-r,False,4.0,pid_stopgo,0.5,,Gen11,dpcc-r,/data/home/llim/FMPCC/FM-PCC/logs/UAV_FM/uav-s_curve/plans/flow_matching_v3_uav/H8_Dmodels.diffusion.FlowMatchingODE_9D/K20_mpc4_pid_stopgo_T0.5/6/legacy(Bf_U8_debug)/s_curve_dynamics/dpcc-r/dpcc-r.npz,/data/home/llim/FMPCC/FM-PCC/logs/UAV_FM/uav-s_curve/plans/flow_matching_v3_uav/H8_Dmodels.diffusion.FlowMatchingODE_9D/K20_mpc4_pid_stopgo_T0.5/6/legacy(Bf_U8_debug)/s_curve_dynamics/dpcc-r,
28,s_curve|K20|Gen11,s_curve,,20.0,6,test,legacy(Bf_U8_debug)/s_curve_dynamics,dpcc-t,npz,1.0,10,0,0.0,0.0,0.0,0.0,0.0,0.0,10.0,,/data/home/llim/FMPCC/FM-PCC/logs/UAV_FM/uav-s_curve/plans/flow_matching_v3_uav/H8_Dmodels.diffusion.FlowMatchingODE_9D/K20_mpc4_pid_stopgo_T0.5,dpcc-t,False,4.0,pid_stopgo,0.5,,Gen11,dpcc-t,/data/home/llim/FMPCC/FM-PCC/logs/UAV_FM/uav-s_curve/plans/flow_matching_v3_uav/H8_Dmodels.diffusion.FlowMatchingODE_9D/K20_mpc4_pid_stopgo_T0.5/6/legacy(Bf_U8_debug)/s_curve_dynamics/dpcc-t/dpcc-t.npz,/data/home/llim/FMPCC/FM-PCC/logs/UAV_FM/uav-s_curve/plans/flow_matching_v3_uav/H8_Dmodels.diffusion.FlowMatchingODE_9D/K20_mpc4_pid_stopgo_T0.5/6/legacy(Bf_U8_debug)/s_curve_dynamics/dpcc-t,
28,s_curve|K20|Gen11,s_curve,,20.0,6,test,legacy(Bf_U8_debug)/s_curve_dynamics,gradient,npz,1.0,10,0,0.0,0.0,0.0,0.0,0.0,0.0,10.0,,/data/home/llim/FMPCC/FM-PCC/logs/UAV_FM/uav-s_curve/plans/flow_matching_v3_uav/H8_Dmodels.diffusion.FlowMatchingODE_9D/K20_mpc4_pid_stopgo_T0.5,gradient,False,4.0,pid_stopgo,0.5,,Gen11,gradient,/data/home/llim/FMPCC/FM-PCC/logs/UAV_FM/uav-s_curve/plans/flow_matching_v3_uav/H8_Dmodels.diffusion.FlowMatchingODE_9D/K20_mpc4_pid_stopgo_T0.5/6/legacy(Bf_U8_debug)/s_curve_dynamics/gradient/gradient.npz,/data/home/llim/FMPCC/FM-PCC/logs/UAV_FM/uav-s_curve/plans/flow_matching_v3_uav/H8_Dmodels.diffusion.FlowMatchingODE_9D/K20_mpc4_pid_stopgo_T0.5/6/legacy(Bf_U8_debug)/s_curve_dynamics/gradient,
28,s_curve|K20|Gen11,s_curve,,20.0,6,test,legacy(Bf_U8_debug)/s_curve_dynamics,model_free,npz,1.0,10,0,0.0,0.0,0.0,0.0,0.0,0.0,10.0,,/data/home/llim/FMPCC/FM-PCC/logs/UAV_FM/uav-s_curve/plans/flow_matching_v3_uav/H8_Dmodels.diffusion.FlowMatchingODE_9D/K20_mpc4_pid_stopgo_T0.5,model_free,False,4.0,pid_stopgo,0.5,,Gen11,model_free,/data/home/llim/FMPCC/FM-PCC/logs/UAV_FM/uav-s_curve/plans/flow_matching_v3_uav/H8_Dmodels.diffusion.FlowMatchingODE_9D/K20_mpc4_pid_stopgo_T0.5/6/legacy(Bf_U8_debug)/s_curve_dynamics/model_free/model_free.npz,/data/home/llim/FMPCC/FM-PCC/logs/UAV_FM/uav-s_curve/plans/flow_matching_v3_uav/H8_Dmodels.diffusion.FlowMatchingODE_9D/K20_mpc4_pid_stopgo_T0.5/6/legacy(Bf_U8_debug)/s_curve_dynamics/model_free,
28,s_curve|K20|Gen11,s_curve,,20.0,6,test,legacy(Bf_U8_debug)/s_curve_dynamics,post_processing,npz,1.0,10,0,0.0,0.0,0.0,0.0,0.0,0.0,10.0,,/data/home/llim/FMPCC/FM-PCC/logs/UAV_FM/uav-s_curve/plans/flow_matching_v3_uav/H8_Dmodels.diffusion.FlowMatchingODE_9D/K20_mpc4_pid_stopgo_T0.5,post_processing,False,4.0,pid_stopgo,0.5,,Gen11,post_processing,/data/home/llim/FMPCC/FM-PCC/logs/UAV_FM/uav-s_curve/plans/flow_matching_v3_uav/H8_Dmodels.diffusion.FlowMatchingODE_9D/K20_mpc4_pid_stopgo_T0.5/6/legacy(Bf_U8_debug)/s_curve_dynamics/post_processing/post_processing.npz,/data/home/llim/FMPCC/FM-PCC/logs/UAV_FM/uav-s_curve/plans/flow_matching_v3_uav/H8_Dmodels.diffusion.FlowMatchingODE_9D/K20_mpc4_pid_stopgo_T0.5/6/legacy(Bf_U8_debug)/s_curve_dynamics/post_processing,
28,s_curve|K20|Gen11,s_curve,,20.0,6,test,s_curve_bounds+dynamics+geo_bounds+halfspace+obstacles,bounds_free,npz,1.0,10,0,0.0,0.0,0.0,0.0,0.0,0.0,10.0,,/data/home/llim/FMPCC/FM-PCC/logs/UAV_FM/uav-s_curve/plans/flow_matching_v3_uav/H8_Dmodels.diffusion.FlowMatchingODE_9D/K20_mpc4_pid_stopgo_T0.5,bounds_free,False,4.0,pid_stopgo,0.5,,Gen11,bounds_free,/data/home/llim/FMPCC/FM-PCC/logs/UAV_FM/uav-s_curve/plans/flow_matching_v3_uav/H8_Dmodels.diffusion.FlowMatchingODE_9D/K20_mpc4_pid_stopgo_T0.5/6/s_curve_bounds+dynamics+geo_bounds+halfspace+obstacles/bounds_free/bounds_free.npz,/data/home/llim/FMPCC/FM-PCC/logs/UAV_FM/uav-s_curve/plans/flow_matching_v3_uav/H8_Dmodels.diffusion.FlowMatchingODE_9D/K20_mpc4_pid_stopgo_T0.5/6/s_curve_bounds+dynamics+geo_bounds+halfspace+obstacles/bounds_free,
28,s_curve|K20|Gen11,s_curve,,20.0,6,test,s_curve_bounds+dynamics+geo_bounds+halfspace+obstacles,diffuser,npz,0.0,10,0,0.0,0.0,0.0,0.0,0.0,0.0,10.0,,/data/home/llim/FMPCC/FM-PCC/logs/UAV_FM/uav-s_curve/plans/flow_matching_v3_uav/H8_Dmodels.diffusion.FlowMatchingODE_9D/K20_mpc4_pid_stopgo_T0.5,diffuser,False,4.0,pid_stopgo,0.5,,Gen11,diffuser,/data/home/llim/FMPCC/FM-PCC/logs/UAV_FM/uav-s_curve/plans/flow_matching_v3_uav/H8_Dmodels.diffusion.FlowMatchingODE_9D/K20_mpc4_pid_stopgo_T0.5/6/s_curve_bounds+dynamics+geo_bounds+halfspace+obstacles/diffuser/diffuser.npz,/data/home/llim/FMPCC/FM-PCC/logs/UAV_FM/uav-s_curve/plans/flow_matching_v3_uav/H8_Dmodels.diffusion.FlowMatchingODE_9D/K20_mpc4_pid_stopgo_T0.5/6/s_curve_bounds+dynamics+geo_bounds+halfspace+obstacles/diffuser,
28,s_curve|K20|Gen11,s_curve,,20.0,6,test,s_curve_bounds+dynamics+geo_bounds+halfspace+obstacles,dpcc-c,npz,1.0,10,0,0.0,0.0,0.0,0.0,0.0,0.0,10.0,,/data/home/llim/FMPCC/FM-PCC/logs/UAV_FM/uav-s_curve/plans/flow_matching_v3_uav/H8_Dmodels.diffusion.FlowMatchingODE_9D/K20_mpc4_pid_stopgo_T0.5,dpcc-c,False,4.0,pid_stopgo,0.5,,Gen11,dpcc-c,/data/home/llim/FMPCC/FM-PCC/logs/UAV_FM/uav-s_curve/plans/flow_matching_v3_uav/H8_Dmodels.diffusion.FlowMatchingODE_9D/K20_mpc4_pid_stopgo_T0.5/6/s_curve_bounds+dynamics+geo_bounds+halfspace+obstacles/dpcc-c/dpcc-c.npz,/data/home/llim/FMPCC/FM-PCC/logs/UAV_FM/uav-s_curve/plans/flow_matching_v3_uav/H8_Dmodels.diffusion.FlowMatchingODE_9D/K20_mpc4_pid_stopgo_T0.5/6/s_curve_bounds+dynamics+geo_bounds+halfspace+obstacles/dpcc-c,
28,s_curve|K20|Gen11,s_curve,,20.0,6,test,s_curve_bounds+dynamics+geo_bounds+halfspace+obstacles,dpcc-c-tightened,npz,1.0,10,0,0.0,0.0,0.0,0.0,0.0,0.0,10.0,,/data/home/llim/FMPCC/FM-PCC/logs/UAV_FM/uav-s_curve/plans/flow_matching_v3_uav/H8_Dmodels.diffusion.FlowMatchingODE_9D/K20_mpc4_pid_stopgo_T0.5,dpcc-c,True,4.0,pid_stopgo,0.5,,Gen11,dpcc-c-tightened,/data/home/llim/FMPCC/FM-PCC/logs/UAV_FM/uav-s_curve/plans/flow_matching_v3_uav/H8_Dmodels.diffusion.FlowMatchingODE_9D/K20_mpc4_pid_stopgo_T0.5/6/s_curve_bounds+dynamics+geo_bounds+halfspace+obstacles/dpcc-c-tightened/dpcc-c-tightened.npz,/data/home/llim/FMPCC/FM-PCC/logs/UAV_FM/uav-s_curve/plans/flow_matching_v3_uav/H8_Dmodels.diffusion.FlowMatchingODE_9D/K20_mpc4_pid_stopgo_T0.5/6/s_curve_bounds+dynamics+geo_bounds+halfspace+obstacles/dpcc-c-tightened,
28,s_curve|K20|Gen11,s_curve,,20.0,6,test,s_curve_bounds+dynamics+geo_bounds+halfspace+obstacles,dpcc-r,npz,1.0,10,0,0.0,0.0,0.0,0.0,0.0,0.0,10.0,,/data/home/llim/FMPCC/FM-PCC/logs/UAV_FM/uav-s_curve/plans/flow_matching_v3_uav/H8_Dmodels.diffusion.FlowMatchingODE_9D/K20_mpc4_pid_stopgo_T0.5,dpcc-r,False,4.0,pid_stopgo,0.5,,Gen11,dpcc-r,/data/home/llim/FMPCC/FM-PCC/logs/UAV_FM/uav-s_curve/plans/flow_matching_v3_uav/H8_Dmodels.diffusion.FlowMatchingODE_9D/K20_mpc4_pid_stopgo_T0.5/6/s_curve_bounds+dynamics+geo_bounds+halfspace+obstacles/dpcc-r/dpcc-r.npz,/data/home/llim/FMPCC/FM-PCC/logs/UAV_FM/uav-s_curve/plans/flow_matching_v3_uav/H8_Dmodels.diffusion.FlowMatchingODE_9D/K20_mpc4_pid_stopgo_T0.5/6/s_curve_bounds+dynamics+geo_bounds+halfspace+obstacles/dpcc-r,
28,s_curve|K20|Gen11,s_curve,,20.0,6,test,s_curve_bounds+dynamics+geo_bounds+halfspace+obstacles,dpcc-r-tightened,npz,1.0,10,0,0.0,0.0,0.0,0.0,0.0,0.0,10.0,,/data/home/llim/FMPCC/FM-PCC/logs/UAV_FM/uav-s_curve/plans/flow_matching_v3_uav/H8_Dmodels.diffusion.FlowMatchingODE_9D/K20_mpc4_pid_stopgo_T0.5,dpcc-r,True,4.0,pid_stopgo,0.5,,Gen11,dpcc-r-tightened,/data/home/llim/FMPCC/FM-PCC/logs/UAV_FM/uav-s_curve/plans/flow_matching_v3_uav/H8_Dmodels.diffusion.FlowMatchingODE_9D/K20_mpc4_pid_stopgo_T0.5/6/s_curve_bounds+dynamics+geo_bounds+halfspace+obstacles/dpcc-r-tightened/dpcc-r-tightened.npz,/data/home/llim/FMPCC/FM-PCC/logs/UAV_FM/uav-s_curve/plans/flow_matching_v3_uav/H8_Dmodels.diffusion.FlowMatchingODE_9D/K20_mpc4_pid_stopgo_T0.5/6/s_curve_bounds+dynamics+geo_bounds+halfspace+obstacles/dpcc-r-tightened,
28,s_curve|K20|Gen11,s_curve,,20.0,6,test,s_curve_bounds+dynamics+geo_bounds+halfspace+obstacles,dpcc-t,npz,1.0,10,0,0.0,0.0,0.0,0.0,0.0,0.0,10.0,,/data/home/llim/FMPCC/FM-PCC/logs/UAV_FM/uav-s_curve/plans/flow_matching_v3_uav/H8_Dmodels.diffusion.FlowMatchingODE_9D/K20_mpc4_pid_stopgo_T0.5,dpcc-t,False,4.0,pid_stopgo,0.5,,Gen11,dpcc-t,/data/home/llim/FMPCC/FM-PCC/logs/UAV_FM/uav-s_curve/plans/flow_matching_v3_uav/H8_Dmodels.diffusion.FlowMatchingODE_9D/K20_mpc4_pid_stopgo_T0.5/6/s_curve_bounds+dynamics+geo_bounds+halfspace+obstacles/dpcc-t/dpcc-t.npz,/data/home/llim/FMPCC/FM-PCC/logs/UAV_FM/uav-s_curve/plans/flow_matching_v3_uav/H8_Dmodels.diffusion.FlowMatchingODE_9D/K20_mpc4_pid_stopgo_T0.5/6/s_curve_bounds+dynamics+geo_bounds+halfspace+obstacles/dpcc-t,
28,s_curve|K20|Gen11,s_curve,,20.0,6,test,s_curve_bounds+dynamics+geo_bounds+halfspace+obstacles,dpcc-t-tightened,npz,1.0,10,0,0.0,0.0,0.0,0.0,0.0,0.0,10.0,,/data/home/llim/FMPCC/FM-PCC/logs/UAV_FM/uav-s_curve/plans/flow_matching_v3_uav/H8_Dmodels.diffusion.FlowMatchingODE_9D/K20_mpc4_pid_stopgo_T0.5,dpcc-t,True,4.0,pid_stopgo,0.5,,Gen11,dpcc-t-tightened,/data/home/llim/FMPCC/FM-PCC/logs/UAV_FM/uav-s_curve/plans/flow_matching_v3_uav/H8_Dmodels.diffusion.FlowMatchingODE_9D/K20_mpc4_pid_stopgo_T0.5/6/s_curve_bounds+dynamics+geo_bounds+halfspace+obstacles/dpcc-t-tightened/dpcc-t-tightened.npz,/data/home/llim/FMPCC/FM-PCC/logs/UAV_FM/uav-s_curve/plans/flow_matching_v3_uav/H8_Dmodels.diffusion.FlowMatchingODE_9D/K20_mpc4_pid_stopgo_T0.5/6/s_curve_bounds+dynamics+geo_bounds+halfspace+obstacles/dpcc-t-tightened,
28,s_curve|K20|Gen11,s_curve,,20.0,6,test,s_curve_bounds+dynamics+geo_bounds+halfspace+obstacles,geo_free,npz,1.0,10,0,0.0,0.0,0.0,0.0,0.0,0.0,10.0,,/data/home/llim/FMPCC/FM-PCC/logs/UAV_FM/uav-s_curve/plans/flow_matching_v3_uav/H8_Dmodels.diffusion.FlowMatchingODE_9D/K20_mpc4_pid_stopgo_T0.5,geo_free,False,4.0,pid_stopgo,0.5,,Gen11,geo_free,/data/home/llim/FMPCC/FM-PCC/logs/UAV_FM/uav-s_curve/plans/flow_matching_v3_uav/H8_Dmodels.diffusion.FlowMatchingODE_9D/K20_mpc4_pid_stopgo_T0.5/6/s_curve_bounds+dynamics+geo_bounds+halfspace+obstacles/geo_free/geo_free.npz,/data/home/llim/FMPCC/FM-PCC/logs/UAV_FM/uav-s_curve/plans/flow_matching_v3_uav/H8_Dmodels.diffusion.FlowMatchingODE_9D/K20_mpc4_pid_stopgo_T0.5/6/s_curve_bounds+dynamics+geo_bounds+halfspace+obstacles/geo_free,
28,s_curve|K20|Gen11,s_curve,,20.0,6,test,s_curve_bounds+dynamics+geo_bounds+halfspace+obstacles,geo_free-bounds_free,npz,1.0,10,0,0.0,0.0,0.0,0.0,0.0,0.0,10.0,,/data/home/llim/FMPCC/FM-PCC/logs/UAV_FM/uav-s_curve/plans/flow_matching_v3_uav/H8_Dmodels.diffusion.FlowMatchingODE_9D/K20_mpc4_pid_stopgo_T0.5,geo_free-bounds_free,False,4.0,pid_stopgo,0.5,,Gen11,geo_free-bounds_free,/data/home/llim/FMPCC/FM-PCC/logs/UAV_FM/uav-s_curve/plans/flow_matching_v3_uav/H8_Dmodels.diffusion.FlowMatchingODE_9D/K20_mpc4_pid_stopgo_T0.5/6/s_curve_bounds+dynamics+geo_bounds+halfspace+obstacles/geo_free-bounds_free/geo_free-bounds_free.npz,/data/home/llim/FMPCC/FM-PCC/logs/UAV_FM/uav-s_curve/plans/flow_matching_v3_uav/H8_Dmodels.diffusion.FlowMatchingODE_9D/K20_mpc4_pid_stopgo_T0.5/6/s_curve_bounds+dynamics+geo_bounds+halfspace+obstacles/geo_free-bounds_free,
28,s_curve|K20|Gen11,s_curve,,20.0,6,test,s_curve_bounds+dynamics+geo_bounds+halfspace+obstacles,geo_free-model_free,npz,1.0,10,0,0.0,0.0,0.0,0.0,0.0,0.0,10.0,,/data/home/llim/FMPCC/FM-PCC/logs/UAV_FM/uav-s_curve/plans/flow_matching_v3_uav/H8_Dmodels.diffusion.FlowMatchingODE_9D/K20_mpc4_pid_stopgo_T0.5,geo_free-model_free,False,4.0,pid_stopgo,0.5,,Gen11,geo_free-model_free,/data/home/llim/FMPCC/FM-PCC/logs/UAV_FM/uav-s_curve/plans/flow_matching_v3_uav/H8_Dmodels.diffusion.FlowMatchingODE_9D/K20_mpc4_pid_stopgo_T0.5/6/s_curve_bounds+dynamics+geo_bounds+halfspace+obstacles/geo_free-model_free/geo_free-model_free.npz,/data/home/llim/FMPCC/FM-PCC/logs/UAV_FM/uav-s_curve/plans/flow_matching_v3_uav/H8_Dmodels.diffusion.FlowMatchingODE_9D/K20_mpc4_pid_stopgo_T0.5/6/s_curve_bounds+dynamics+geo_bounds+halfspace+obstacles/geo_free-model_free,
28,s_curve|K20|Gen11,s_curve,,20.0,6,test,s_curve_bounds+dynamics+geo_bounds+halfspace+obstacles,gradient,npz,1.0,10,0,0.0,0.0,0.0,0.0,0.0,0.0,10.0,,/data/home/llim/FMPCC/FM-PCC/logs/UAV_FM/uav-s_curve/plans/flow_matching_v3_uav/H8_Dmodels.diffusion.FlowMatchingODE_9D/K20_mpc4_pid_stopgo_T0.5,gradient,False,4.0,pid_stopgo,0.5,,Gen11,gradient,/data/home/llim/FMPCC/FM-PCC/logs/UAV_FM/uav-s_curve/plans/flow_matching_v3_uav/H8_Dmodels.diffusion.FlowMatchingODE_9D/K20_mpc4_pid_stopgo_T0.5/6/s_curve_bounds+dynamics+geo_bounds+halfspace+obstacles/gradient/gradient.npz,/data/home/llim/FMPCC/FM-PCC/logs/UAV_FM/uav-s_curve/plans/flow_matching_v3_uav/H8_Dmodels.diffusion.FlowMatchingODE_9D/K20_mpc4_pid_stopgo_T0.5/6/s_curve_bounds+dynamics+geo_bounds+halfspace+obstacles/gradient,
28,s_curve|K20|Gen11,s_curve,,20.0,6,test,s_curve_bounds+dynamics+geo_bounds+halfspace+obstacles,gradient-tightened,npz,1.0,10,0,0.0,0.0,0.0,0.0,0.0,0.0,10.0,,/data/home/llim/FMPCC/FM-PCC/logs/UAV_FM/uav-s_curve/plans/flow_matching_v3_uav/H8_Dmodels.diffusion.FlowMatchingODE_9D/K20_mpc4_pid_stopgo_T0.5,gradient,True,4.0,pid_stopgo,0.5,,Gen11,gradient-tightened,/data/home/llim/FMPCC/FM-PCC/logs/UAV_FM/uav-s_curve/plans/flow_matching_v3_uav/H8_Dmodels.diffusion.FlowMatchingODE_9D/K20_mpc4_pid_stopgo_T0.5/6/s_curve_bounds+dynamics+geo_bounds+halfspace+obstacles/gradient-tightened/gradient-tightened.npz,/data/home/llim/FMPCC/FM-PCC/logs/UAV_FM/uav-s_curve/plans/flow_matching_v3_uav/H8_Dmodels.diffusion.FlowMatchingODE_9D/K20_mpc4_pid_stopgo_T0.5/6/s_curve_bounds+dynamics+geo_bounds+halfspace+obstacles/gradient-tightened,
28,s_curve|K20|Gen11,s_curve,,20.0,6,test,s_curve_bounds+dynamics+geo_bounds+halfspace+obstacles,model_free,npz,1.0,10,0,0.0,0.0,0.0,0.0,0.0,0.0,10.0,,/data/home/llim/FMPCC/FM-PCC/logs/UAV_FM/uav-s_curve/plans/flow_matching_v3_uav/H8_Dmodels.diffusion.FlowMatchingODE_9D/K20_mpc4_pid_stopgo_T0.5,model_free,False,4.0,pid_stopgo,0.5,,Gen11,model_free,/data/home/llim/FMPCC/FM-PCC/logs/UAV_FM/uav-s_curve/plans/flow_matching_v3_uav/H8_Dmodels.diffusion.FlowMatchingODE_9D/K20_mpc4_pid_stopgo_T0.5/6/s_curve_bounds+dynamics+geo_bounds+halfspace+obstacles/model_free/model_free.npz,/data/home/llim/FMPCC/FM-PCC/logs/UAV_FM/uav-s_curve/plans/flow_matching_v3_uav/H8_Dmodels.diffusion.FlowMatchingODE_9D/K20_mpc4_pid_stopgo_T0.5/6/s_curve_bounds+dynamics+geo_bounds+halfspace+obstacles/model_free,
28,s_curve|K20|Gen11,s_curve,,20.0,6,test,s_curve_bounds+dynamics+geo_bounds+halfspace+obstacles,model_free-tightened,npz,1.0,10,0,0.0,0.0,0.0,0.0,0.0,0.0,10.0,,/data/home/llim/FMPCC/FM-PCC/logs/UAV_FM/uav-s_curve/plans/flow_matching_v3_uav/H8_Dmodels.diffusion.FlowMatchingODE_9D/K20_mpc4_pid_stopgo_T0.5,model_free,True,4.0,pid_stopgo,0.5,,Gen11,model_free-tightened,/data/home/llim/FMPCC/FM-PCC/logs/UAV_FM/uav-s_curve/plans/flow_matching_v3_uav/H8_Dmodels.diffusion.FlowMatchingODE_9D/K20_mpc4_pid_stopgo_T0.5/6/s_curve_bounds+dynamics+geo_bounds+halfspace+obstacles/model_free-tightened/model_free-tightened.npz,/data/home/llim/FMPCC/FM-PCC/logs/UAV_FM/uav-s_curve/plans/flow_matching_v3_uav/H8_Dmodels.diffusion.FlowMatchingODE_9D/K20_mpc4_pid_stopgo_T0.5/6/s_curve_bounds+dynamics+geo_bounds+halfspace+obstacles/model_free-tightened,
28,s_curve|K20|Gen11,s_curve,,20.0,6,test,s_curve_bounds+dynamics+geo_bounds+halfspace+obstacles,post_processing,npz,1.0,10,0,0.0,0.0,0.0,0.0,0.0,0.0,10.0,,/data/home/llim/FMPCC/FM-PCC/logs/UAV_FM/uav-s_curve/plans/flow_matching_v3_uav/H8_Dmodels.diffusion.FlowMatchingODE_9D/K20_mpc4_pid_stopgo_T0.5,post_processing,False,4.0,pid_stopgo,0.5,,Gen11,post_processing,/data/home/llim/FMPCC/FM-PCC/logs/UAV_FM/uav-s_curve/plans/flow_matching_v3_uav/H8_Dmodels.diffusion.FlowMatchingODE_9D/K20_mpc4_pid_stopgo_T0.5/6/s_curve_bounds+dynamics+geo_bounds+halfspace+obstacles/post_processing/post_processing.npz,/data/home/llim/FMPCC/FM-PCC/logs/UAV_FM/uav-s_curve/plans/flow_matching_v3_uav/H8_Dmodels.diffusion.FlowMatchingODE_9D/K20_mpc4_pid_stopgo_T0.5/6/s_curve_bounds+dynamics+geo_bounds+halfspace+obstacles/post_processing,
28,s_curve|K20|Gen11,s_curve,,20.0,6,test,s_curve_bounds+dynamics+geo_bounds+halfspace+obstacles,post_processing-tightened,npz,1.0,10,0,0.0,0.0,0.0,0.0,0.0,0.0,10.0,,/data/home/llim/FMPCC/FM-PCC/logs/UAV_FM/uav-s_curve/plans/flow_matching_v3_uav/H8_Dmodels.diffusion.FlowMatchingODE_9D/K20_mpc4_pid_stopgo_T0.5,post_processing,True,4.0,pid_stopgo,0.5,,Gen11,post_processing-tightened,/data/home/llim/FMPCC/FM-PCC/logs/UAV_FM/uav-s_curve/plans/flow_matching_v3_uav/H8_Dmodels.diffusion.FlowMatchingODE_9D/K20_mpc4_pid_stopgo_T0.5/6/s_curve_bounds+dynamics+geo_bounds+halfspace+obstacles/post_processing-tightened/post_processing-tightened.npz,/data/home/llim/FMPCC/FM-PCC/logs/UAV_FM/uav-s_curve/plans/flow_matching_v3_uav/H8_Dmodels.diffusion.FlowMatchingODE_9D/K20_mpc4_pid_stopgo_T0.5/6/s_curve_bounds+dynamics+geo_bounds+halfspace+obstacles/post_processing-tightened,
29,corridor|fm|K10,corridor,fm,10.0,6,test,corridor_bounds+dynamics+geo_bounds+halfspace+obstacles,bounds_free,npz,1.0,10,0,0.0,0.0,0.0,0.0,0.0,0.0,10.0,,/data/home/llim/FMPCC/FM-PCC/logs/UAV_MIX/uav-corridor/plans/mix_uav_fm/H8_Dmodels.diffusion.FlowMatchingODE_9D/Efm_K10_mpc4_pid_stopgo_T0.5,bounds_free,False,4.0,pid_stopgo,0.5,,Gen15,bounds_free,/data/home/llim/FMPCC/FM-PCC/logs/UAV_MIX/uav-corridor/plans/mix_uav_fm/H8_Dmodels.diffusion.FlowMatchingODE_9D/Efm_K10_mpc4_pid_stopgo_T0.5/6/corridor_bounds+dynamics+geo_bounds+halfspace+obstacles/bounds_free/bounds_free.npz,/data/home/llim/FMPCC/FM-PCC/logs/UAV_MIX/uav-corridor/plans/mix_uav_fm/H8_Dmodels.diffusion.FlowMatchingODE_9D/Efm_K10_mpc4_pid_stopgo_T0.5/6/corridor_bounds+dynamics+geo_bounds+halfspace+obstacles/bounds_free,
29,corridor|fm|K10,corridor,fm,10.0,6,test,corridor_bounds+dynamics+geo_bounds+halfspace+obstacles,bounds_free-tightened,npz,1.0,10,0,0.0,0.0,0.0,0.0,0.0,0.0,10.0,,/data/home/llim/FMPCC/FM-PCC/logs/UAV_MIX/uav-corridor/plans/mix_uav_fm/H8_Dmodels.diffusion.FlowMatchingODE_9D/Efm_K10_mpc4_pid_stopgo_T0.5,bounds_free,True,4.0,pid_stopgo,0.5,,Gen15,bounds_free-tightened,/data/home/llim/FMPCC/FM-PCC/logs/UAV_MIX/uav-corridor/plans/mix_uav_fm/H8_Dmodels.diffusion.FlowMatchingODE_9D/Efm_K10_mpc4_pid_stopgo_T0.5/6/corridor_bounds+dynamics+geo_bounds+halfspace+obstacles/bounds_free-tightened/bounds_free-tightened.npz,/data/home/llim/FMPCC/FM-PCC/logs/UAV_MIX/uav-corridor/plans/mix_uav_fm/H8_Dmodels.diffusion.FlowMatchingODE_9D/Efm_K10_mpc4_pid_stopgo_T0.5/6/corridor_bounds+dynamics+geo_bounds+halfspace+obstacles/bounds_free-tightened,
29,corridor|fm|K10,corridor,fm,10.0,6,test,corridor_bounds+dynamics+geo_bounds+halfspace+obstacles,diffuser,npz,0.0,10,0,0.0,0.0,0.0,0.0,0.0,0.0,10.0,,/data/home/llim/FMPCC/FM-PCC/logs/UAV_MIX/uav-corridor/plans/mix_uav_fm/H8_Dmodels.diffusion.FlowMatchingODE_9D/Efm_K10_mpc4_pid_stopgo_T0.5,diffuser,False,4.0,pid_stopgo,0.5,,Gen15,diffuser,/data/home/llim/FMPCC/FM-PCC/logs/UAV_MIX/uav-corridor/plans/mix_uav_fm/H8_Dmodels.diffusion.FlowMatchingODE_9D/Efm_K10_mpc4_pid_stopgo_T0.5/6/corridor_bounds+dynamics+geo_bounds+halfspace+obstacles/diffuser/diffuser.npz,/data/home/llim/FMPCC/FM-PCC/logs/UAV_MIX/uav-corridor/plans/mix_uav_fm/H8_Dmodels.diffusion.FlowMatchingODE_9D/Efm_K10_mpc4_pid_stopgo_T0.5/6/corridor_bounds+dynamics+geo_bounds+halfspace+obstacles/diffuser,
29,corridor|fm|K10,corridor,fm,10.0,6,test,corridor_bounds+dynamics+geo_bounds+halfspace+obstacles,dpcc-c,npz,1.0,10,0,0.0,0.0,0.0,0.0,0.0,0.0,10.0,,/data/home/llim/FMPCC/FM-PCC/logs/UAV_MIX/uav-corridor/plans/mix_uav_fm/H8_Dmodels.diffusion.FlowMatchingODE_9D/Efm_K10_mpc4_pid_stopgo_T0.5,dpcc-c,False,4.0,pid_stopgo,0.5,,Gen15,dpcc-c,/data/home/llim/FMPCC/FM-PCC/logs/UAV_MIX/uav-corridor/plans/mix_uav_fm/H8_Dmodels.diffusion.FlowMatchingODE_9D/Efm_K10_mpc4_pid_stopgo_T0.5/6/corridor_bounds+dynamics+geo_bounds+halfspace+obstacles/dpcc-c/dpcc-c.npz,/data/home/llim/FMPCC/FM-PCC/logs/UAV_MIX/uav-corridor/plans/mix_uav_fm/H8_Dmodels.diffusion.FlowMatchingODE_9D/Efm_K10_mpc4_pid_stopgo_T0.5/6/corridor_bounds+dynamics+geo_bounds+halfspace+obstacles/dpcc-c,
29,corridor|fm|K10,corridor,fm,10.0,6,test,corridor_bounds+dynamics+geo_bounds+halfspace+obstacles,dpcc-c-tightened,npz,1.0,10,0,0.0,0.0,0.0,0.0,0.0,0.0,10.0,,/data/home/llim/FMPCC/FM-PCC/logs/UAV_MIX/uav-corridor/plans/mix_uav_fm/H8_Dmodels.diffusion.FlowMatchingODE_9D/Efm_K10_mpc4_pid_stopgo_T0.5,dpcc-c,True,4.0,pid_stopgo,0.5,,Gen15,dpcc-c-tightened,/data/home/llim/FMPCC/FM-PCC/logs/UAV_MIX/uav-corridor/plans/mix_uav_fm/H8_Dmodels.diffusion.FlowMatchingODE_9D/Efm_K10_mpc4_pid_stopgo_T0.5/6/corridor_bounds+dynamics+geo_bounds+halfspace+obstacles/dpcc-c-tightened/dpcc-c-tightened.npz,/data/home/llim/FMPCC/FM-PCC/logs/UAV_MIX/uav-corridor/plans/mix_uav_fm/H8_Dmodels.diffusion.FlowMatchingODE_9D/Efm_K10_mpc4_pid_stopgo_T0.5/6/corridor_bounds+dynamics+geo_bounds+halfspace+obstacles/dpcc-c-tightened,
29,corridor|fm|K10,corridor,fm,10.0,6,test,corridor_bounds+dynamics+geo_bounds+halfspace+obstacles,dpcc-r,npz,1.0,10,0,0.0,0.0,0.0,0.0,0.0,0.0,10.0,,/data/home/llim/FMPCC/FM-PCC/logs/UAV_MIX/uav-corridor/plans/mix_uav_fm/H8_Dmodels.diffusion.FlowMatchingODE_9D/Efm_K10_mpc4_pid_stopgo_T0.5,dpcc-r,False,4.0,pid_stopgo,0.5,,Gen15,dpcc-r,/data/home/llim/FMPCC/FM-PCC/logs/UAV_MIX/uav-corridor/plans/mix_uav_fm/H8_Dmodels.diffusion.FlowMatchingODE_9D/Efm_K10_mpc4_pid_stopgo_T0.5/6/corridor_bounds+dynamics+geo_bounds+halfspace+obstacles/dpcc-r/dpcc-r.npz,/data/home/llim/FMPCC/FM-PCC/logs/UAV_MIX/uav-corridor/plans/mix_uav_fm/H8_Dmodels.diffusion.FlowMatchingODE_9D/Efm_K10_mpc4_pid_stopgo_T0.5/6/corridor_bounds+dynamics+geo_bounds+halfspace+obstacles/dpcc-r,
29,corridor|fm|K10,corridor,fm,10.0,6,test,corridor_bounds+dynamics+geo_bounds+halfspace+obstacles,dpcc-r-tightened,npz,1.0,10,0,0.0,0.0,0.0,0.0,0.0,0.0,10.0,,/data/home/llim/FMPCC/FM-PCC/logs/UAV_MIX/uav-corridor/plans/mix_uav_fm/H8_Dmodels.diffusion.FlowMatchingODE_9D/Efm_K10_mpc4_pid_stopgo_T0.5,dpcc-r,True,4.0,pid_stopgo,0.5,,Gen15,dpcc-r-tightened,/data/home/llim/FMPCC/FM-PCC/logs/UAV_MIX/uav-corridor/plans/mix_uav_fm/H8_Dmodels.diffusion.FlowMatchingODE_9D/Efm_K10_mpc4_pid_stopgo_T0.5/6/corridor_bounds+dynamics+geo_bounds+halfspace+obstacles/dpcc-r-tightened/dpcc-r-tightened.npz,/data/home/llim/FMPCC/FM-PCC/logs/UAV_MIX/uav-corridor/plans/mix_uav_fm/H8_Dmodels.diffusion.FlowMatchingODE_9D/Efm_K10_mpc4_pid_stopgo_T0.5/6/corridor_bounds+dynamics+geo_bounds+halfspace+obstacles/dpcc-r-tightened,
29,corridor|fm|K10,corridor,fm,10.0,6,test,corridor_bounds+dynamics+geo_bounds+halfspace+obstacles,dpcc-t,npz,1.0,10,0,0.0,0.0,0.0,0.0,0.0,0.0,10.0,,/data/home/llim/FMPCC/FM-PCC/logs/UAV_MIX/uav-corridor/plans/mix_uav_fm/H8_Dmodels.diffusion.FlowMatchingODE_9D/Efm_K10_mpc4_pid_stopgo_T0.5,dpcc-t,False,4.0,pid_stopgo,0.5,,Gen15,dpcc-t,/data/home/llim/FMPCC/FM-PCC/logs/UAV_MIX/uav-corridor/plans/mix_uav_fm/H8_Dmodels.diffusion.FlowMatchingODE_9D/Efm_K10_mpc4_pid_stopgo_T0.5/6/corridor_bounds+dynamics+geo_bounds+halfspace+obstacles/dpcc-t/dpcc-t.npz,/data/home/llim/FMPCC/FM-PCC/logs/UAV_MIX/uav-corridor/plans/mix_uav_fm/H8_Dmodels.diffusion.FlowMatchingODE_9D/Efm_K10_mpc4_pid_stopgo_T0.5/6/corridor_bounds+dynamics+geo_bounds+halfspace+obstacles/dpcc-t,
29,corridor|fm|K10,corridor,fm,10.0,6,test,corridor_bounds+dynamics+geo_bounds+halfspace+obstacles,dpcc-t-tightened,npz,1.0,10,0,0.0,0.0,0.0,0.0,0.0,0.0,10.0,,/data/home/llim/FMPCC/FM-PCC/logs/UAV_MIX/uav-corridor/plans/mix_uav_fm/H8_Dmodels.diffusion.FlowMatchingODE_9D/Efm_K10_mpc4_pid_stopgo_T0.5,dpcc-t,True,4.0,pid_stopgo,0.5,,Gen15,dpcc-t-tightened,/data/home/llim/FMPCC/FM-PCC/logs/UAV_MIX/uav-corridor/plans/mix_uav_fm/H8_Dmodels.diffusion.FlowMatchingODE_9D/Efm_K10_mpc4_pid_stopgo_T0.5/6/corridor_bounds+dynamics+geo_bounds+halfspace+obstacles/dpcc-t-tightened/dpcc-t-tightened.npz,/data/home/llim/FMPCC/FM-PCC/logs/UAV_MIX/uav-corridor/plans/mix_uav_fm/H8_Dmodels.diffusion.FlowMatchingODE_9D/Efm_K10_mpc4_pid_stopgo_T0.5/6/corridor_bounds+dynamics+geo_bounds+halfspace+obstacles/dpcc-t-tightened,
29,corridor|fm|K10,corridor,fm,10.0,6,test,corridor_bounds+dynamics+geo_bounds+halfspace+obstacles,geo_free,npz,1.0,10,0,0.0,0.0,0.0,0.0,0.0,0.0,10.0,,/data/home/llim/FMPCC/FM-PCC/logs/UAV_MIX/uav-corridor/plans/mix_uav_fm/H8_Dmodels.diffusion.FlowMatchingODE_9D/Efm_K10_mpc4_pid_stopgo_T0.5,geo_free,False,4.0,pid_stopgo,0.5,,Gen15,geo_free,/data/home/llim/FMPCC/FM-PCC/logs/UAV_MIX/uav-corridor/plans/mix_uav_fm/H8_Dmodels.diffusion.FlowMatchingODE_9D/Efm_K10_mpc4_pid_stopgo_T0.5/6/corridor_bounds+dynamics+geo_bounds+halfspace+obstacles/geo_free/geo_free.npz,/data/home/llim/FMPCC/FM-PCC/logs/UAV_MIX/uav-corridor/plans/mix_uav_fm/H8_Dmodels.diffusion.FlowMatchingODE_9D/Efm_K10_mpc4_pid_stopgo_T0.5/6/corridor_bounds+dynamics+geo_bounds+halfspace+obstacles/geo_free,
29,corridor|fm|K10,corridor,fm,10.0,6,test,corridor_bounds+dynamics+geo_bounds+halfspace+obstacles,geo_free-bounds_free,npz,1.0,10,0,0.0,0.0,0.0,0.0,0.0,0.0,10.0,,/data/home/llim/FMPCC/FM-PCC/logs/UAV_MIX/uav-corridor/plans/mix_uav_fm/H8_Dmodels.diffusion.FlowMatchingODE_9D/Efm_K10_mpc4_pid_stopgo_T0.5,geo_free-bounds_free,False,4.0,pid_stopgo,0.5,,Gen15,geo_free-bounds_free,/data/home/llim/FMPCC/FM-PCC/logs/UAV_MIX/uav-corridor/plans/mix_uav_fm/H8_Dmodels.diffusion.FlowMatchingODE_9D/Efm_K10_mpc4_pid_stopgo_T0.5/6/corridor_bounds+dynamics+geo_bounds+halfspace+obstacles/geo_free-bounds_free/geo_free-bounds_free.npz,/data/home/llim/FMPCC/FM-PCC/logs/UAV_MIX/uav-corridor/plans/mix_uav_fm/H8_Dmodels.diffusion.FlowMatchingODE_9D/Efm_K10_mpc4_pid_stopgo_T0.5/6/corridor_bounds+dynamics+geo_bounds+halfspace+obstacles/geo_free-bounds_free,
29,corridor|fm|K10,corridor,fm,10.0,6,test,corridor_bounds+dynamics+geo_bounds+halfspace+obstacles,geo_free-model_free,npz,1.0,10,0,0.0,0.0,0.0,0.0,0.0,0.0,10.0,,/data/home/llim/FMPCC/FM-PCC/logs/UAV_MIX/uav-corridor/plans/mix_uav_fm/H8_Dmodels.diffusion.FlowMatchingODE_9D/Efm_K10_mpc4_pid_stopgo_T0.5,geo_free-model_free,False,4.0,pid_stopgo,0.5,,Gen15,geo_free-model_free,/data/home/llim/FMPCC/FM-PCC/logs/UAV_MIX/uav-corridor/plans/mix_uav_fm/H8_Dmodels.diffusion.FlowMatchingODE_9D/Efm_K10_mpc4_pid_stopgo_T0.5/6/corridor_bounds+dynamics+geo_bounds+halfspace+obstacles/geo_free-model_free/geo_free-model_free.npz,/data/home/llim/FMPCC/FM-PCC/logs/UAV_MIX/uav-corridor/plans/mix_uav_fm/H8_Dmodels.diffusion.FlowMatchingODE_9D/Efm_K10_mpc4_pid_stopgo_T0.5/6/corridor_bounds+dynamics+geo_bounds+halfspace+obstacles/geo_free-model_free,
29,corridor|fm|K10,corridor,fm,10.0,6,test,corridor_bounds+dynamics+geo_bounds+halfspace+obstacles,gradient,npz,1.0,10,0,0.0,0.0,0.0,0.0,0.0,0.0,10.0,,/data/home/llim/FMPCC/FM-PCC/logs/UAV_MIX/uav-corridor/plans/mix_uav_fm/H8_Dmodels.diffusion.FlowMatchingODE_9D/Efm_K10_mpc4_pid_stopgo_T0.5,gradient,False,4.0,pid_stopgo,0.5,,Gen15,gradient,/data/home/llim/FMPCC/FM-PCC/logs/UAV_MIX/uav-corridor/plans/mix_uav_fm/H8_Dmodels.diffusion.FlowMatchingODE_9D/Efm_K10_mpc4_pid_stopgo_T0.5/6/corridor_bounds+dynamics+geo_bounds+halfspace+obstacles/gradient/gradient.npz,/data/home/llim/FMPCC/FM-PCC/logs/UAV_MIX/uav-corridor/plans/mix_uav_fm/H8_Dmodels.diffusion.FlowMatchingODE_9D/Efm_K10_mpc4_pid_stopgo_T0.5/6/corridor_bounds+dynamics+geo_bounds+halfspace+obstacles/gradient,
29,corridor|fm|K10,corridor,fm,10.0,6,test,corridor_bounds+dynamics+geo_bounds+halfspace+obstacles,gradient-tightened,npz,1.0,10,0,0.0,0.0,0.0,0.0,0.0,0.0,10.0,,/data/home/llim/FMPCC/FM-PCC/logs/UAV_MIX/uav-corridor/plans/mix_uav_fm/H8_Dmodels.diffusion.FlowMatchingODE_9D/Efm_K10_mpc4_pid_stopgo_T0.5,gradient,True,4.0,pid_stopgo,0.5,,Gen15,gradient-tightened,/data/home/llim/FMPCC/FM-PCC/logs/UAV_MIX/uav-corridor/plans/mix_uav_fm/H8_Dmodels.diffusion.FlowMatchingODE_9D/Efm_K10_mpc4_pid_stopgo_T0.5/6/corridor_bounds+dynamics+geo_bounds+halfspace+obstacles/gradient-tightened/gradient-tightened.npz,/data/home/llim/FMPCC/FM-PCC/logs/UAV_MIX/uav-corridor/plans/mix_uav_fm/H8_Dmodels.diffusion.FlowMatchingODE_9D/Efm_K10_mpc4_pid_stopgo_T0.5/6/corridor_bounds+dynamics+geo_bounds+halfspace+obstacles/gradient-tightened,
29,corridor|fm|K10,corridor,fm,10.0,6,test,corridor_bounds+dynamics+geo_bounds+halfspace+obstacles,hardflow_new,npz,1.0,10,0,0.0,0.0,0.0,0.0,0.0,0.0,10.0,,/data/home/llim/FMPCC/FM-PCC/logs/UAV_MIX/uav-corridor/plans/mix_uav_fm/H8_Dmodels.diffusion.FlowMatchingODE_9D/Efm_K10_mpc4_pid_stopgo_T0.5,hardflow_new,False,4.0,pid_stopgo,0.5,,Gen15,hardflow_new,/data/home/llim/FMPCC/FM-PCC/logs/UAV_MIX/uav-corridor/plans/mix_uav_fm/H8_Dmodels.diffusion.FlowMatchingODE_9D/Efm_K10_mpc4_pid_stopgo_T0.5/6/corridor_bounds+dynamics+geo_bounds+halfspace+obstacles/hardflow_new/hardflow_new.npz,/data/home/llim/FMPCC/FM-PCC/logs/UAV_MIX/uav-corridor/plans/mix_uav_fm/H8_Dmodels.diffusion.FlowMatchingODE_9D/Efm_K10_mpc4_pid_stopgo_T0.5/6/corridor_bounds+dynamics+geo_bounds+halfspace+obstacles/hardflow_new,
29,corridor|fm|K10,corridor,fm,10.0,6,test,corridor_bounds+dynamics+geo_bounds+halfspace+obstacles,hardflow_new-c,npz,1.0,10,0,0.0,0.0,0.0,0.0,0.0,0.0,10.0,,/data/home/llim/FMPCC/FM-PCC/logs/UAV_MIX/uav-corridor/plans/mix_uav_fm/H8_Dmodels.diffusion.FlowMatchingODE_9D/Efm_K10_mpc4_pid_stopgo_T0.5,hardflow_new-c,False,4.0,pid_stopgo,0.5,,Gen15,hardflow_new-c,/data/home/llim/FMPCC/FM-PCC/logs/UAV_MIX/uav-corridor/plans/mix_uav_fm/H8_Dmodels.diffusion.FlowMatchingODE_9D/Efm_K10_mpc4_pid_stopgo_T0.5/6/corridor_bounds+dynamics+geo_bounds+halfspace+obstacles/hardflow_new-c/hardflow_new-c.npz,/data/home/llim/FMPCC/FM-PCC/logs/UAV_MIX/uav-corridor/plans/mix_uav_fm/H8_Dmodels.diffusion.FlowMatchingODE_9D/Efm_K10_mpc4_pid_stopgo_T0.5/6/corridor_bounds+dynamics+geo_bounds+halfspace+obstacles/hardflow_new-c,
29,corridor|fm|K10,corridor,fm,10.0,6,test,corridor_bounds+dynamics+geo_bounds+halfspace+obstacles,hardflow_new-t,npz,1.0,10,0,0.0,0.0,0.0,0.0,0.0,0.0,10.0,,/data/home/llim/FMPCC/FM-PCC/logs/UAV_MIX/uav-corridor/plans/mix_uav_fm/H8_Dmodels.diffusion.FlowMatchingODE_9D/Efm_K10_mpc4_pid_stopgo_T0.5,hardflow_new-t,False,4.0,pid_stopgo,0.5,,Gen15,hardflow_new-t,/data/home/llim/FMPCC/FM-PCC/logs/UAV_MIX/uav-corridor/plans/mix_uav_fm/H8_Dmodels.diffusion.FlowMatchingODE_9D/Efm_K10_mpc4_pid_stopgo_T0.5/6/corridor_bounds+dynamics+geo_bounds+halfspace+obstacles/hardflow_new-t/hardflow_new-t.npz,/data/home/llim/FMPCC/FM-PCC/logs/UAV_MIX/uav-corridor/plans/mix_uav_fm/H8_Dmodels.diffusion.FlowMatchingODE_9D/Efm_K10_mpc4_pid_stopgo_T0.5/6/corridor_bounds+dynamics+geo_bounds+halfspace+obstacles/hardflow_new-t,
29,corridor|fm|K10,corridor,fm,10.0,6,test,corridor_bounds+dynamics+geo_bounds+halfspace+obstacles,model_free,npz,1.0,10,0,0.0,0.0,0.0,0.0,0.0,0.0,10.0,,/data/home/llim/FMPCC/FM-PCC/logs/UAV_MIX/uav-corridor/plans/mix_uav_fm/H8_Dmodels.diffusion.FlowMatchingODE_9D/Efm_K10_mpc4_pid_stopgo_T0.5,model_free,False,4.0,pid_stopgo,0.5,,Gen15,model_free,/data/home/llim/FMPCC/FM-PCC/logs/UAV_MIX/uav-corridor/plans/mix_uav_fm/H8_Dmodels.diffusion.FlowMatchingODE_9D/Efm_K10_mpc4_pid_stopgo_T0.5/6/corridor_bounds+dynamics+geo_bounds+halfspace+obstacles/model_free/model_free.npz,/data/home/llim/FMPCC/FM-PCC/logs/UAV_MIX/uav-corridor/plans/mix_uav_fm/H8_Dmodels.diffusion.FlowMatchingODE_9D/Efm_K10_mpc4_pid_stopgo_T0.5/6/corridor_bounds+dynamics+geo_bounds+halfspace+obstacles/model_free,
29,corridor|fm|K10,corridor,fm,10.0,6,test,corridor_bounds+dynamics+geo_bounds+halfspace+obstacles,model_free-bounds_free,npz,1.0,10,0,0.0,0.0,0.0,0.0,0.0,0.0,10.0,,/data/home/llim/FMPCC/FM-PCC/logs/UAV_MIX/uav-corridor/plans/mix_uav_fm/H8_Dmodels.diffusion.FlowMatchingODE_9D/Efm_K10_mpc4_pid_stopgo_T0.5,model_free-bounds_free,False,4.0,pid_stopgo,0.5,,Gen15,model_free-bounds_free,/data/home/llim/FMPCC/FM-PCC/logs/UAV_MIX/uav-corridor/plans/mix_uav_fm/H8_Dmodels.diffusion.FlowMatchingODE_9D/Efm_K10_mpc4_pid_stopgo_T0.5/6/corridor_bounds+dynamics+geo_bounds+halfspace+obstacles/model_free-bounds_free/model_free-bounds_free.npz,/data/home/llim/FMPCC/FM-PCC/logs/UAV_MIX/uav-corridor/plans/mix_uav_fm/H8_Dmodels.diffusion.FlowMatchingODE_9D/Efm_K10_mpc4_pid_stopgo_T0.5/6/corridor_bounds+dynamics+geo_bounds+halfspace+obstacles/model_free-bounds_free,
29,corridor|fm|K10,corridor,fm,10.0,6,test,corridor_bounds+dynamics+geo_bounds+halfspace+obstacles,model_free-bounds_free-tightened,npz,1.0,10,0,0.0,0.0,0.0,0.0,0.0,0.0,10.0,,/data/home/llim/FMPCC/FM-PCC/logs/UAV_MIX/uav-corridor/plans/mix_uav_fm/H8_Dmodels.diffusion.FlowMatchingODE_9D/Efm_K10_mpc4_pid_stopgo_T0.5,model_free-bounds_free,True,4.0,pid_stopgo,0.5,,Gen15,model_free-bounds_free-tightened,/data/home/llim/FMPCC/FM-PCC/logs/UAV_MIX/uav-corridor/plans/mix_uav_fm/H8_Dmodels.diffusion.FlowMatchingODE_9D/Efm_K10_mpc4_pid_stopgo_T0.5/6/corridor_bounds+dynamics+geo_bounds+halfspace+obstacles/model_free-bounds_free-tightened/model_free-bounds_free-tightened.npz,/data/home/llim/FMPCC/FM-PCC/logs/UAV_MIX/uav-corridor/plans/mix_uav_fm/H8_Dmodels.diffusion.FlowMatchingODE_9D/Efm_K10_mpc4_pid_stopgo_T0.5/6/corridor_bounds+dynamics+geo_bounds+halfspace+obstacles/model_free-bounds_free-tightened,
29,corridor|fm|K10,corridor,fm,10.0,6,test,corridor_bounds+dynamics+geo_bounds+halfspace+obstacles,model_free-tightened,npz,1.0,10,0,0.0,0.0,0.0,0.0,0.0,0.0,10.0,,/data/home/llim/FMPCC/FM-PCC/logs/UAV_MIX/uav-corridor/plans/mix_uav_fm/H8_Dmodels.diffusion.FlowMatchingODE_9D/Efm_K10_mpc4_pid_stopgo_T0.5,model_free,True,4.0,pid_stopgo,0.5,,Gen15,model_free-tightened,/data/home/llim/FMPCC/FM-PCC/logs/UAV_MIX/uav-corridor/plans/mix_uav_fm/H8_Dmodels.diffusion.FlowMatchingODE_9D/Efm_K10_mpc4_pid_stopgo_T0.5/6/corridor_bounds+dynamics+geo_bounds+halfspace+obstacles/model_free-tightened/model_free-tightened.npz,/data/home/llim/FMPCC/FM-PCC/logs/UAV_MIX/uav-corridor/plans/mix_uav_fm/H8_Dmodels.diffusion.FlowMatchingODE_9D/Efm_K10_mpc4_pid_stopgo_T0.5/6/corridor_bounds+dynamics+geo_bounds+halfspace+obstacles/model_free-tightened,
29,corridor|fm|K10,corridor,fm,10.0,6,test,corridor_bounds+dynamics+geo_bounds+halfspace+obstacles,post_processing,npz,1.0,10,0,0.0,0.0,0.0,0.0,0.0,0.0,10.0,,/data/home/llim/FMPCC/FM-PCC/logs/UAV_MIX/uav-corridor/plans/mix_uav_fm/H8_Dmodels.diffusion.FlowMatchingODE_9D/Efm_K10_mpc4_pid_stopgo_T0.5,post_processing,False,4.0,pid_stopgo,0.5,,Gen15,post_processing,/data/home/llim/FMPCC/FM-PCC/logs/UAV_MIX/uav-corridor/plans/mix_uav_fm/H8_Dmodels.diffusion.FlowMatchingODE_9D/Efm_K10_mpc4_pid_stopgo_T0.5/6/corridor_bounds+dynamics+geo_bounds+halfspace+obstacles/post_processing/post_processing.npz,/data/home/llim/FMPCC/FM-PCC/logs/UAV_MIX/uav-corridor/plans/mix_uav_fm/H8_Dmodels.diffusion.FlowMatchingODE_9D/Efm_K10_mpc4_pid_stopgo_T0.5/6/corridor_bounds+dynamics+geo_bounds+halfspace+obstacles/post_processing,
29,corridor|fm|K10,corridor,fm,10.0,6,test,corridor_bounds+dynamics+geo_bounds+halfspace+obstacles,post_processing-tightened,npz,1.0,10,0,0.0,0.0,0.0,0.0,0.0,0.0,10.0,,/data/home/llim/FMPCC/FM-PCC/logs/UAV_MIX/uav-corridor/plans/mix_uav_fm/H8_Dmodels.diffusion.FlowMatchingODE_9D/Efm_K10_mpc4_pid_stopgo_T0.5,post_processing,True,4.0,pid_stopgo,0.5,,Gen15,post_processing-tightened,/data/home/llim/FMPCC/FM-PCC/logs/UAV_MIX/uav-corridor/plans/mix_uav_fm/H8_Dmodels.diffusion.FlowMatchingODE_9D/Efm_K10_mpc4_pid_stopgo_T0.5/6/corridor_bounds+dynamics+geo_bounds+halfspace+obstacles/post_processing-tightened/post_processing-tightened.npz,/data/home/llim/FMPCC/FM-PCC/logs/UAV_MIX/uav-corridor/plans/mix_uav_fm/H8_Dmodels.diffusion.FlowMatchingODE_9D/Efm_K10_mpc4_pid_stopgo_T0.5/6/corridor_bounds+dynamics+geo_bounds+halfspace+obstacles/post_processing-tightened,
30,corridor|fm|K1,corridor,fm,1.0,6,test,corridor_bounds+dynamics+geo_bounds+halfspace+obstacles,bounds_free,npz,1.0,10,0,0.0,0.0,0.0,0.0,0.0,0.0,10.0,,/data/home/llim/FMPCC/FM-PCC/logs/UAV_MIX/uav-corridor/plans/mix_uav_fm/H8_Dmodels.diffusion.FlowMatchingODE_9D/Efm_K1_mpc4_pid_stopgo_T0.5,bounds_free,False,4.0,pid_stopgo,0.5,,Gen15,bounds_free,/data/home/llim/FMPCC/FM-PCC/logs/UAV_MIX/uav-corridor/plans/mix_uav_fm/H8_Dmodels.diffusion.FlowMatchingODE_9D/Efm_K1_mpc4_pid_stopgo_T0.5/6/corridor_bounds+dynamics+geo_bounds+halfspace+obstacles/bounds_free/bounds_free.npz,/data/home/llim/FMPCC/FM-PCC/logs/UAV_MIX/uav-corridor/plans/mix_uav_fm/H8_Dmodels.diffusion.FlowMatchingODE_9D/Efm_K1_mpc4_pid_stopgo_T0.5/6/corridor_bounds+dynamics+geo_bounds+halfspace+obstacles/bounds_free,
30,corridor|fm|K1,corridor,fm,1.0,6,test,corridor_bounds+dynamics+geo_bounds+halfspace+obstacles,bounds_free-tightened,npz,1.0,10,0,0.0,0.0,0.0,0.0,0.0,0.0,10.0,,/data/home/llim/FMPCC/FM-PCC/logs/UAV_MIX/uav-corridor/plans/mix_uav_fm/H8_Dmodels.diffusion.FlowMatchingODE_9D/Efm_K1_mpc4_pid_stopgo_T0.5,bounds_free,True,4.0,pid_stopgo,0.5,,Gen15,bounds_free-tightened,/data/home/llim/FMPCC/FM-PCC/logs/UAV_MIX/uav-corridor/plans/mix_uav_fm/H8_Dmodels.diffusion.FlowMatchingODE_9D/Efm_K1_mpc4_pid_stopgo_T0.5/6/corridor_bounds+dynamics+geo_bounds+halfspace+obstacles/bounds_free-tightened/bounds_free-tightened.npz,/data/home/llim/FMPCC/FM-PCC/logs/UAV_MIX/uav-corridor/plans/mix_uav_fm/H8_Dmodels.diffusion.FlowMatchingODE_9D/Efm_K1_mpc4_pid_stopgo_T0.5/6/corridor_bounds+dynamics+geo_bounds+halfspace+obstacles/bounds_free-tightened,
30,corridor|fm|K1,corridor,fm,1.0,6,test,corridor_bounds+dynamics+geo_bounds+halfspace+obstacles,diffuser,npz,0.0,10,0,0.0,0.0,0.0,0.0,0.0,0.0,10.0,,/data/home/llim/FMPCC/FM-PCC/logs/UAV_MIX/uav-corridor/plans/mix_uav_fm/H8_Dmodels.diffusion.FlowMatchingODE_9D/Efm_K1_mpc4_pid_stopgo_T0.5,diffuser,False,4.0,pid_stopgo,0.5,,Gen15,diffuser,/data/home/llim/FMPCC/FM-PCC/logs/UAV_MIX/uav-corridor/plans/mix_uav_fm/H8_Dmodels.diffusion.FlowMatchingODE_9D/Efm_K1_mpc4_pid_stopgo_T0.5/6/corridor_bounds+dynamics+geo_bounds+halfspace+obstacles/diffuser/diffuser.npz,/data/home/llim/FMPCC/FM-PCC/logs/UAV_MIX/uav-corridor/plans/mix_uav_fm/H8_Dmodels.diffusion.FlowMatchingODE_9D/Efm_K1_mpc4_pid_stopgo_T0.5/6/corridor_bounds+dynamics+geo_bounds+halfspace+obstacles/diffuser,
30,corridor|fm|K1,corridor,fm,1.0,6,test,corridor_bounds+dynamics+geo_bounds+halfspace+obstacles,dpcc-c,npz,1.0,10,0,0.0,0.0,0.0,0.0,0.0,0.0,10.0,,/data/home/llim/FMPCC/FM-PCC/logs/UAV_MIX/uav-corridor/plans/mix_uav_fm/H8_Dmodels.diffusion.FlowMatchingODE_9D/Efm_K1_mpc4_pid_stopgo_T0.5,dpcc-c,False,4.0,pid_stopgo,0.5,,Gen15,dpcc-c,/data/home/llim/FMPCC/FM-PCC/logs/UAV_MIX/uav-corridor/plans/mix_uav_fm/H8_Dmodels.diffusion.FlowMatchingODE_9D/Efm_K1_mpc4_pid_stopgo_T0.5/6/corridor_bounds+dynamics+geo_bounds+halfspace+obstacles/dpcc-c/dpcc-c.npz,/data/home/llim/FMPCC/FM-PCC/logs/UAV_MIX/uav-corridor/plans/mix_uav_fm/H8_Dmodels.diffusion.FlowMatchingODE_9D/Efm_K1_mpc4_pid_stopgo_T0.5/6/corridor_bounds+dynamics+geo_bounds+halfspace+obstacles/dpcc-c,
30,corridor|fm|K1,corridor,fm,1.0,6,test,corridor_bounds+dynamics+geo_bounds+halfspace+obstacles,dpcc-c-tightened,npz,1.0,10,0,0.0,0.0,0.0,0.0,0.0,0.0,10.0,,/data/home/llim/FMPCC/FM-PCC/logs/UAV_MIX/uav-corridor/plans/mix_uav_fm/H8_Dmodels.diffusion.FlowMatchingODE_9D/Efm_K1_mpc4_pid_stopgo_T0.5,dpcc-c,True,4.0,pid_stopgo,0.5,,Gen15,dpcc-c-tightened,/data/home/llim/FMPCC/FM-PCC/logs/UAV_MIX/uav-corridor/plans/mix_uav_fm/H8_Dmodels.diffusion.FlowMatchingODE_9D/Efm_K1_mpc4_pid_stopgo_T0.5/6/corridor_bounds+dynamics+geo_bounds+halfspace+obstacles/dpcc-c-tightened/dpcc-c-tightened.npz,/data/home/llim/FMPCC/FM-PCC/logs/UAV_MIX/uav-corridor/plans/mix_uav_fm/H8_Dmodels.diffusion.FlowMatchingODE_9D/Efm_K1_mpc4_pid_stopgo_T0.5/6/corridor_bounds+dynamics+geo_bounds+halfspace+obstacles/dpcc-c-tightened,
30,corridor|fm|K1,corridor,fm,1.0,6,test,corridor_bounds+dynamics+geo_bounds+halfspace+obstacles,dpcc-r,npz,1.0,10,0,0.0,0.0,0.0,0.0,0.0,0.0,10.0,,/data/home/llim/FMPCC/FM-PCC/logs/UAV_MIX/uav-corridor/plans/mix_uav_fm/H8_Dmodels.diffusion.FlowMatchingODE_9D/Efm_K1_mpc4_pid_stopgo_T0.5,dpcc-r,False,4.0,pid_stopgo,0.5,,Gen15,dpcc-r,/data/home/llim/FMPCC/FM-PCC/logs/UAV_MIX/uav-corridor/plans/mix_uav_fm/H8_Dmodels.diffusion.FlowMatchingODE_9D/Efm_K1_mpc4_pid_stopgo_T0.5/6/corridor_bounds+dynamics+geo_bounds+halfspace+obstacles/dpcc-r/dpcc-r.npz,/data/home/llim/FMPCC/FM-PCC/logs/UAV_MIX/uav-corridor/plans/mix_uav_fm/H8_Dmodels.diffusion.FlowMatchingODE_9D/Efm_K1_mpc4_pid_stopgo_T0.5/6/corridor_bounds+dynamics+geo_bounds+halfspace+obstacles/dpcc-r,
30,corridor|fm|K1,corridor,fm,1.0,6,test,corridor_bounds+dynamics+geo_bounds+halfspace+obstacles,dpcc-r-tightened,npz,1.0,10,0,0.0,0.0,0.0,0.0,0.0,0.0,10.0,,/data/home/llim/FMPCC/FM-PCC/logs/UAV_MIX/uav-corridor/plans/mix_uav_fm/H8_Dmodels.diffusion.FlowMatchingODE_9D/Efm_K1_mpc4_pid_stopgo_T0.5,dpcc-r,True,4.0,pid_stopgo,0.5,,Gen15,dpcc-r-tightened,/data/home/llim/FMPCC/FM-PCC/logs/UAV_MIX/uav-corridor/plans/mix_uav_fm/H8_Dmodels.diffusion.FlowMatchingODE_9D/Efm_K1_mpc4_pid_stopgo_T0.5/6/corridor_bounds+dynamics+geo_bounds+halfspace+obstacles/dpcc-r-tightened/dpcc-r-tightened.npz,/data/home/llim/FMPCC/FM-PCC/logs/UAV_MIX/uav-corridor/plans/mix_uav_fm/H8_Dmodels.diffusion.FlowMatchingODE_9D/Efm_K1_mpc4_pid_stopgo_T0.5/6/corridor_bounds+dynamics+geo_bounds+halfspace+obstacles/dpcc-r-tightened,
30,corridor|fm|K1,corridor,fm,1.0,6,test,corridor_bounds+dynamics+geo_bounds+halfspace+obstacles,dpcc-t,npz,1.0,10,0,0.0,0.0,0.0,0.0,0.0,0.0,10.0,,/data/home/llim/FMPCC/FM-PCC/logs/UAV_MIX/uav-corridor/plans/mix_uav_fm/H8_Dmodels.diffusion.FlowMatchingODE_9D/Efm_K1_mpc4_pid_stopgo_T0.5,dpcc-t,False,4.0,pid_stopgo,0.5,,Gen15,dpcc-t,/data/home/llim/FMPCC/FM-PCC/logs/UAV_MIX/uav-corridor/plans/mix_uav_fm/H8_Dmodels.diffusion.FlowMatchingODE_9D/Efm_K1_mpc4_pid_stopgo_T0.5/6/corridor_bounds+dynamics+geo_bounds+halfspace+obstacles/dpcc-t/dpcc-t.npz,/data/home/llim/FMPCC/FM-PCC/logs/UAV_MIX/uav-corridor/plans/mix_uav_fm/H8_Dmodels.diffusion.FlowMatchingODE_9D/Efm_K1_mpc4_pid_stopgo_T0.5/6/corridor_bounds+dynamics+geo_bounds+halfspace+obstacles/dpcc-t,
30,corridor|fm|K1,corridor,fm,1.0,6,test,corridor_bounds+dynamics+geo_bounds+halfspace+obstacles,dpcc-t-tightened,npz,1.0,10,0,0.0,0.0,0.0,0.0,0.0,0.0,10.0,,/data/home/llim/FMPCC/FM-PCC/logs/UAV_MIX/uav-corridor/plans/mix_uav_fm/H8_Dmodels.diffusion.FlowMatchingODE_9D/Efm_K1_mpc4_pid_stopgo_T0.5,dpcc-t,True,4.0,pid_stopgo,0.5,,Gen15,dpcc-t-tightened,/data/home/llim/FMPCC/FM-PCC/logs/UAV_MIX/uav-corridor/plans/mix_uav_fm/H8_Dmodels.diffusion.FlowMatchingODE_9D/Efm_K1_mpc4_pid_stopgo_T0.5/6/corridor_bounds+dynamics+geo_bounds+halfspace+obstacles/dpcc-t-tightened/dpcc-t-tightened.npz,/data/home/llim/FMPCC/FM-PCC/logs/UAV_MIX/uav-corridor/plans/mix_uav_fm/H8_Dmodels.diffusion.FlowMatchingODE_9D/Efm_K1_mpc4_pid_stopgo_T0.5/6/corridor_bounds+dynamics+geo_bounds+halfspace+obstacles/dpcc-t-tightened,
30,corridor|fm|K1,corridor,fm,1.0,6,test,corridor_bounds+dynamics+geo_bounds+halfspace+obstacles,geo_free,npz,1.0,10,0,0.0,0.0,0.0,0.0,0.0,0.0,10.0,,/data/home/llim/FMPCC/FM-PCC/logs/UAV_MIX/uav-corridor/plans/mix_uav_fm/H8_Dmodels.diffusion.FlowMatchingODE_9D/Efm_K1_mpc4_pid_stopgo_T0.5,geo_free,False,4.0,pid_stopgo,0.5,,Gen15,geo_free,/data/home/llim/FMPCC/FM-PCC/logs/UAV_MIX/uav-corridor/plans/mix_uav_fm/H8_Dmodels.diffusion.FlowMatchingODE_9D/Efm_K1_mpc4_pid_stopgo_T0.5/6/corridor_bounds+dynamics+geo_bounds+halfspace+obstacles/geo_free/geo_free.npz,/data/home/llim/FMPCC/FM-PCC/logs/UAV_MIX/uav-corridor/plans/mix_uav_fm/H8_Dmodels.diffusion.FlowMatchingODE_9D/Efm_K1_mpc4_pid_stopgo_T0.5/6/corridor_bounds+dynamics+geo_bounds+halfspace+obstacles/geo_free,
30,corridor|fm|K1,corridor,fm,1.0,6,test,corridor_bounds+dynamics+geo_bounds+halfspace+obstacles,geo_free-bounds_free,npz,1.0,10,0,0.0,0.0,0.0,0.0,0.0,0.0,10.0,,/data/home/llim/FMPCC/FM-PCC/logs/UAV_MIX/uav-corridor/plans/mix_uav_fm/H8_Dmodels.diffusion.FlowMatchingODE_9D/Efm_K1_mpc4_pid_stopgo_T0.5,geo_free-bounds_free,False,4.0,pid_stopgo,0.5,,Gen15,geo_free-bounds_free,/data/home/llim/FMPCC/FM-PCC/logs/UAV_MIX/uav-corridor/plans/mix_uav_fm/H8_Dmodels.diffusion.FlowMatchingODE_9D/Efm_K1_mpc4_pid_stopgo_T0.5/6/corridor_bounds+dynamics+geo_bounds+halfspace+obstacles/geo_free-bounds_free/geo_free-bounds_free.npz,/data/home/llim/FMPCC/FM-PCC/logs/UAV_MIX/uav-corridor/plans/mix_uav_fm/H8_Dmodels.diffusion.FlowMatchingODE_9D/Efm_K1_mpc4_pid_stopgo_T0.5/6/corridor_bounds+dynamics+geo_bounds+halfspace+obstacles/geo_free-bounds_free,
30,corridor|fm|K1,corridor,fm,1.0,6,test,corridor_bounds+dynamics+geo_bounds+halfspace+obstacles,geo_free-model_free,npz,1.0,10,0,0.0,0.0,0.0,0.0,0.0,0.0,10.0,,/data/home/llim/FMPCC/FM-PCC/logs/UAV_MIX/uav-corridor/plans/mix_uav_fm/H8_Dmodels.diffusion.FlowMatchingODE_9D/Efm_K1_mpc4_pid_stopgo_T0.5,geo_free-model_free,False,4.0,pid_stopgo,0.5,,Gen15,geo_free-model_free,/data/home/llim/FMPCC/FM-PCC/logs/UAV_MIX/uav-corridor/plans/mix_uav_fm/H8_Dmodels.diffusion.FlowMatchingODE_9D/Efm_K1_mpc4_pid_stopgo_T0.5/6/corridor_bounds+dynamics+geo_bounds+halfspace+obstacles/geo_free-model_free/geo_free-model_free.npz,/data/home/llim/FMPCC/FM-PCC/logs/UAV_MIX/uav-corridor/plans/mix_uav_fm/H8_Dmodels.diffusion.FlowMatchingODE_9D/Efm_K1_mpc4_pid_stopgo_T0.5/6/corridor_bounds+dynamics+geo_bounds+halfspace+obstacles/geo_free-model_free,
30,corridor|fm|K1,corridor,fm,1.0,6,test,corridor_bounds+dynamics+geo_bounds+halfspace+obstacles,gradient,npz,1.0,10,0,0.0,0.0,0.0,0.0,0.0,0.0,10.0,,/data/home/llim/FMPCC/FM-PCC/logs/UAV_MIX/uav-corridor/plans/mix_uav_fm/H8_Dmodels.diffusion.FlowMatchingODE_9D/Efm_K1_mpc4_pid_stopgo_T0.5,gradient,False,4.0,pid_stopgo,0.5,,Gen15,gradient,/data/home/llim/FMPCC/FM-PCC/logs/UAV_MIX/uav-corridor/plans/mix_uav_fm/H8_Dmodels.diffusion.FlowMatchingODE_9D/Efm_K1_mpc4_pid_stopgo_T0.5/6/corridor_bounds+dynamics+geo_bounds+halfspace+obstacles/gradient/gradient.npz,/data/home/llim/FMPCC/FM-PCC/logs/UAV_MIX/uav-corridor/plans/mix_uav_fm/H8_Dmodels.diffusion.FlowMatchingODE_9D/Efm_K1_mpc4_pid_stopgo_T0.5/6/corridor_bounds+dynamics+geo_bounds+halfspace+obstacles/gradient,
30,corridor|fm|K1,corridor,fm,1.0,6,test,corridor_bounds+dynamics+geo_bounds+halfspace+obstacles,gradient-tightened,npz,1.0,10,0,0.0,0.0,0.0,0.0,0.0,0.0,10.0,,/data/home/llim/FMPCC/FM-PCC/logs/UAV_MIX/uav-corridor/plans/mix_uav_fm/H8_Dmodels.diffusion.FlowMatchingODE_9D/Efm_K1_mpc4_pid_stopgo_T0.5,gradient,True,4.0,pid_stopgo,0.5,,Gen15,gradient-tightened,/data/home/llim/FMPCC/FM-PCC/logs/UAV_MIX/uav-corridor/plans/mix_uav_fm/H8_Dmodels.diffusion.FlowMatchingODE_9D/Efm_K1_mpc4_pid_stopgo_T0.5/6/corridor_bounds+dynamics+geo_bounds+halfspace+obstacles/gradient-tightened/gradient-tightened.npz,/data/home/llim/FMPCC/FM-PCC/logs/UAV_MIX/uav-corridor/plans/mix_uav_fm/H8_Dmodels.diffusion.FlowMatchingODE_9D/Efm_K1_mpc4_pid_stopgo_T0.5/6/corridor_bounds+dynamics+geo_bounds+halfspace+obstacles/gradient-tightened,
30,corridor|fm|K1,corridor,fm,1.0,6,test,corridor_bounds+dynamics+geo_bounds+halfspace+obstacles,hardflow_new,npz,1.0,10,0,0.0,0.0,0.0,0.0,0.0,0.0,10.0,,/data/home/llim/FMPCC/FM-PCC/logs/UAV_MIX/uav-corridor/plans/mix_uav_fm/H8_Dmodels.diffusion.FlowMatchingODE_9D/Efm_K1_mpc4_pid_stopgo_T0.5,hardflow_new,False,4.0,pid_stopgo,0.5,,Gen15,hardflow_new,/data/home/llim/FMPCC/FM-PCC/logs/UAV_MIX/uav-corridor/plans/mix_uav_fm/H8_Dmodels.diffusion.FlowMatchingODE_9D/Efm_K1_mpc4_pid_stopgo_T0.5/6/corridor_bounds+dynamics+geo_bounds+halfspace+obstacles/hardflow_new/hardflow_new.npz,/data/home/llim/FMPCC/FM-PCC/logs/UAV_MIX/uav-corridor/plans/mix_uav_fm/H8_Dmodels.diffusion.FlowMatchingODE_9D/Efm_K1_mpc4_pid_stopgo_T0.5/6/corridor_bounds+dynamics+geo_bounds+halfspace+obstacles/hardflow_new,
30,corridor|fm|K1,corridor,fm,1.0,6,test,corridor_bounds+dynamics+geo_bounds+halfspace+obstacles,hardflow_new-c,npz,1.0,10,0,0.0,0.0,0.0,0.0,0.0,0.0,10.0,,/data/home/llim/FMPCC/FM-PCC/logs/UAV_MIX/uav-corridor/plans/mix_uav_fm/H8_Dmodels.diffusion.FlowMatchingODE_9D/Efm_K1_mpc4_pid_stopgo_T0.5,hardflow_new-c,False,4.0,pid_stopgo,0.5,,Gen15,hardflow_new-c,/data/home/llim/FMPCC/FM-PCC/logs/UAV_MIX/uav-corridor/plans/mix_uav_fm/H8_Dmodels.diffusion.FlowMatchingODE_9D/Efm_K1_mpc4_pid_stopgo_T0.5/6/corridor_bounds+dynamics+geo_bounds+halfspace+obstacles/hardflow_new-c/hardflow_new-c.npz,/data/home/llim/FMPCC/FM-PCC/logs/UAV_MIX/uav-corridor/plans/mix_uav_fm/H8_Dmodels.diffusion.FlowMatchingODE_9D/Efm_K1_mpc4_pid_stopgo_T0.5/6/corridor_bounds+dynamics+geo_bounds+halfspace+obstacles/hardflow_new-c,
30,corridor|fm|K1,corridor,fm,1.0,6,test,corridor_bounds+dynamics+geo_bounds+halfspace+obstacles,hardflow_new-t,npz,1.0,10,0,0.0,0.0,0.0,0.0,0.0,0.0,10.0,,/data/home/llim/FMPCC/FM-PCC/logs/UAV_MIX/uav-corridor/plans/mix_uav_fm/H8_Dmodels.diffusion.FlowMatchingODE_9D/Efm_K1_mpc4_pid_stopgo_T0.5,hardflow_new-t,False,4.0,pid_stopgo,0.5,,Gen15,hardflow_new-t,/data/home/llim/FMPCC/FM-PCC/logs/UAV_MIX/uav-corridor/plans/mix_uav_fm/H8_Dmodels.diffusion.FlowMatchingODE_9D/Efm_K1_mpc4_pid_stopgo_T0.5/6/corridor_bounds+dynamics+geo_bounds+halfspace+obstacles/hardflow_new-t/hardflow_new-t.npz,/data/home/llim/FMPCC/FM-PCC/logs/UAV_MIX/uav-corridor/plans/mix_uav_fm/H8_Dmodels.diffusion.FlowMatchingODE_9D/Efm_K1_mpc4_pid_stopgo_T0.5/6/corridor_bounds+dynamics+geo_bounds+halfspace+obstacles/hardflow_new-t,
30,corridor|fm|K1,corridor,fm,1.0,6,test,corridor_bounds+dynamics+geo_bounds+halfspace+obstacles,model_free,npz,1.0,10,0,0.0,0.0,0.0,0.0,0.0,0.0,10.0,,/data/home/llim/FMPCC/FM-PCC/logs/UAV_MIX/uav-corridor/plans/mix_uav_fm/H8_Dmodels.diffusion.FlowMatchingODE_9D/Efm_K1_mpc4_pid_stopgo_T0.5,model_free,False,4.0,pid_stopgo,0.5,,Gen15,model_free,/data/home/llim/FMPCC/FM-PCC/logs/UAV_MIX/uav-corridor/plans/mix_uav_fm/H8_Dmodels.diffusion.FlowMatchingODE_9D/Efm_K1_mpc4_pid_stopgo_T0.5/6/corridor_bounds+dynamics+geo_bounds+halfspace+obstacles/model_free/model_free.npz,/data/home/llim/FMPCC/FM-PCC/logs/UAV_MIX/uav-corridor/plans/mix_uav_fm/H8_Dmodels.diffusion.FlowMatchingODE_9D/Efm_K1_mpc4_pid_stopgo_T0.5/6/corridor_bounds+dynamics+geo_bounds+halfspace+obstacles/model_free,
30,corridor|fm|K1,corridor,fm,1.0,6,test,corridor_bounds+dynamics+geo_bounds+halfspace+obstacles,model_free-bounds_free,npz,1.0,10,0,0.0,0.0,0.0,0.0,0.0,0.0,10.0,,/data/home/llim/FMPCC/FM-PCC/logs/UAV_MIX/uav-corridor/plans/mix_uav_fm/H8_Dmodels.diffusion.FlowMatchingODE_9D/Efm_K1_mpc4_pid_stopgo_T0.5,model_free-bounds_free,False,4.0,pid_stopgo,0.5,,Gen15,model_free-bounds_free,/data/home/llim/FMPCC/FM-PCC/logs/UAV_MIX/uav-corridor/plans/mix_uav_fm/H8_Dmodels.diffusion.FlowMatchingODE_9D/Efm_K1_mpc4_pid_stopgo_T0.5/6/corridor_bounds+dynamics+geo_bounds+halfspace+obstacles/model_free-bounds_free/model_free-bounds_free.npz,/data/home/llim/FMPCC/FM-PCC/logs/UAV_MIX/uav-corridor/plans/mix_uav_fm/H8_Dmodels.diffusion.FlowMatchingODE_9D/Efm_K1_mpc4_pid_stopgo_T0.5/6/corridor_bounds+dynamics+geo_bounds+halfspace+obstacles/model_free-bounds_free,
30,corridor|fm|K1,corridor,fm,1.0,6,test,corridor_bounds+dynamics+geo_bounds+halfspace+obstacles,model_free-bounds_free-tightened,npz,1.0,10,0,0.0,0.0,0.0,0.0,0.0,0.0,10.0,,/data/home/llim/FMPCC/FM-PCC/logs/UAV_MIX/uav-corridor/plans/mix_uav_fm/H8_Dmodels.diffusion.FlowMatchingODE_9D/Efm_K1_mpc4_pid_stopgo_T0.5,model_free-bounds_free,True,4.0,pid_stopgo,0.5,,Gen15,model_free-bounds_free-tightened,/data/home/llim/FMPCC/FM-PCC/logs/UAV_MIX/uav-corridor/plans/mix_uav_fm/H8_Dmodels.diffusion.FlowMatchingODE_9D/Efm_K1_mpc4_pid_stopgo_T0.5/6/corridor_bounds+dynamics+geo_bounds+halfspace+obstacles/model_free-bounds_free-tightened/model_free-bounds_free-tightened.npz,/data/home/llim/FMPCC/FM-PCC/logs/UAV_MIX/uav-corridor/plans/mix_uav_fm/H8_Dmodels.diffusion.FlowMatchingODE_9D/Efm_K1_mpc4_pid_stopgo_T0.5/6/corridor_bounds+dynamics+geo_bounds+halfspace+obstacles/model_free-bounds_free-tightened,
30,corridor|fm|K1,corridor,fm,1.0,6,test,corridor_bounds+dynamics+geo_bounds+halfspace+obstacles,model_free-tightened,npz,1.0,10,0,0.0,0.0,0.0,0.0,0.0,0.0,10.0,,/data/home/llim/FMPCC/FM-PCC/logs/UAV_MIX/uav-corridor/plans/mix_uav_fm/H8_Dmodels.diffusion.FlowMatchingODE_9D/Efm_K1_mpc4_pid_stopgo_T0.5,model_free,True,4.0,pid_stopgo,0.5,,Gen15,model_free-tightened,/data/home/llim/FMPCC/FM-PCC/logs/UAV_MIX/uav-corridor/plans/mix_uav_fm/H8_Dmodels.diffusion.FlowMatchingODE_9D/Efm_K1_mpc4_pid_stopgo_T0.5/6/corridor_bounds+dynamics+geo_bounds+halfspace+obstacles/model_free-tightened/model_free-tightened.npz,/data/home/llim/FMPCC/FM-PCC/logs/UAV_MIX/uav-corridor/plans/mix_uav_fm/H8_Dmodels.diffusion.FlowMatchingODE_9D/Efm_K1_mpc4_pid_stopgo_T0.5/6/corridor_bounds+dynamics+geo_bounds+halfspace+obstacles/model_free-tightened,
30,corridor|fm|K1,corridor,fm,1.0,6,test,corridor_bounds+dynamics+geo_bounds+halfspace+obstacles,post_processing,npz,1.0,10,0,0.0,0.0,0.0,0.0,0.0,0.0,10.0,,/data/home/llim/FMPCC/FM-PCC/logs/UAV_MIX/uav-corridor/plans/mix_uav_fm/H8_Dmodels.diffusion.FlowMatchingODE_9D/Efm_K1_mpc4_pid_stopgo_T0.5,post_processing,False,4.0,pid_stopgo,0.5,,Gen15,post_processing,/data/home/llim/FMPCC/FM-PCC/logs/UAV_MIX/uav-corridor/plans/mix_uav_fm/H8_Dmodels.diffusion.FlowMatchingODE_9D/Efm_K1_mpc4_pid_stopgo_T0.5/6/corridor_bounds+dynamics+geo_bounds+halfspace+obstacles/post_processing/post_processing.npz,/data/home/llim/FMPCC/FM-PCC/logs/UAV_MIX/uav-corridor/plans/mix_uav_fm/H8_Dmodels.diffusion.FlowMatchingODE_9D/Efm_K1_mpc4_pid_stopgo_T0.5/6/corridor_bounds+dynamics+geo_bounds+halfspace+obstacles/post_processing,
30,corridor|fm|K1,corridor,fm,1.0,6,test,corridor_bounds+dynamics+geo_bounds+halfspace+obstacles,post_processing-tightened,npz,1.0,10,0,0.0,0.0,0.0,0.0,0.0,0.0,10.0,,/data/home/llim/FMPCC/FM-PCC/logs/UAV_MIX/uav-corridor/plans/mix_uav_fm/H8_Dmodels.diffusion.FlowMatchingODE_9D/Efm_K1_mpc4_pid_stopgo_T0.5,post_processing,True,4.0,pid_stopgo,0.5,,Gen15,post_processing-tightened,/data/home/llim/FMPCC/FM-PCC/logs/UAV_MIX/uav-corridor/plans/mix_uav_fm/H8_Dmodels.diffusion.FlowMatchingODE_9D/Efm_K1_mpc4_pid_stopgo_T0.5/6/corridor_bounds+dynamics+geo_bounds+halfspace+obstacles/post_processing-tightened/post_processing-tightened.npz,/data/home/llim/FMPCC/FM-PCC/logs/UAV_MIX/uav-corridor/plans/mix_uav_fm/H8_Dmodels.diffusion.FlowMatchingODE_9D/Efm_K1_mpc4_pid_stopgo_T0.5/6/corridor_bounds+dynamics+geo_bounds+halfspace+obstacles/post_processing-tightened,
31,corridor|fm|K20,corridor,fm,20.0,6,test,corridor_bounds+dynamics+geo_bounds+halfspace+obstacles,bounds_free,npz,1.0,10,0,0.0,0.0,0.0,0.0,0.0,0.0,10.0,,/data/home/llim/FMPCC/FM-PCC/logs/UAV_MIX/uav-corridor/plans/mix_uav_fm/H8_Dmodels.diffusion.FlowMatchingODE_9D/Efm_K20_mpc4_pid_stopgo_T0.5,bounds_free,False,4.0,pid_stopgo,0.5,,Gen15,bounds_free,/data/home/llim/FMPCC/FM-PCC/logs/UAV_MIX/uav-corridor/plans/mix_uav_fm/H8_Dmodels.diffusion.FlowMatchingODE_9D/Efm_K20_mpc4_pid_stopgo_T0.5/6/corridor_bounds+dynamics+geo_bounds+halfspace+obstacles/bounds_free/bounds_free.npz,/data/home/llim/FMPCC/FM-PCC/logs/UAV_MIX/uav-corridor/plans/mix_uav_fm/H8_Dmodels.diffusion.FlowMatchingODE_9D/Efm_K20_mpc4_pid_stopgo_T0.5/6/corridor_bounds+dynamics+geo_bounds+halfspace+obstacles/bounds_free,
31,corridor|fm|K20,corridor,fm,20.0,6,test,corridor_bounds+dynamics+geo_bounds+halfspace+obstacles,bounds_free-tightened,npz,1.0,10,0,0.0,0.0,0.0,0.0,0.0,0.0,10.0,,/data/home/llim/FMPCC/FM-PCC/logs/UAV_MIX/uav-corridor/plans/mix_uav_fm/H8_Dmodels.diffusion.FlowMatchingODE_9D/Efm_K20_mpc4_pid_stopgo_T0.5,bounds_free,True,4.0,pid_stopgo,0.5,,Gen15,bounds_free-tightened,/data/home/llim/FMPCC/FM-PCC/logs/UAV_MIX/uav-corridor/plans/mix_uav_fm/H8_Dmodels.diffusion.FlowMatchingODE_9D/Efm_K20_mpc4_pid_stopgo_T0.5/6/corridor_bounds+dynamics+geo_bounds+halfspace+obstacles/bounds_free-tightened/bounds_free-tightened.npz,/data/home/llim/FMPCC/FM-PCC/logs/UAV_MIX/uav-corridor/plans/mix_uav_fm/H8_Dmodels.diffusion.FlowMatchingODE_9D/Efm_K20_mpc4_pid_stopgo_T0.5/6/corridor_bounds+dynamics+geo_bounds+halfspace+obstacles/bounds_free-tightened,
31,corridor|fm|K20,corridor,fm,20.0,6,test,corridor_bounds+dynamics+geo_bounds+halfspace+obstacles,diffuser,npz,0.0,10,0,0.0,0.0,0.0,0.0,0.0,0.0,10.0,,/data/home/llim/FMPCC/FM-PCC/logs/UAV_MIX/uav-corridor/plans/mix_uav_fm/H8_Dmodels.diffusion.FlowMatchingODE_9D/Efm_K20_mpc4_pid_stopgo_T0.5,diffuser,False,4.0,pid_stopgo,0.5,,Gen15,diffuser,/data/home/llim/FMPCC/FM-PCC/logs/UAV_MIX/uav-corridor/plans/mix_uav_fm/H8_Dmodels.diffusion.FlowMatchingODE_9D/Efm_K20_mpc4_pid_stopgo_T0.5/6/corridor_bounds+dynamics+geo_bounds+halfspace+obstacles/diffuser/diffuser.npz,/data/home/llim/FMPCC/FM-PCC/logs/UAV_MIX/uav-corridor/plans/mix_uav_fm/H8_Dmodels.diffusion.FlowMatchingODE_9D/Efm_K20_mpc4_pid_stopgo_T0.5/6/corridor_bounds+dynamics+geo_bounds+halfspace+obstacles/diffuser,
31,corridor|fm|K20,corridor,fm,20.0,6,test,corridor_bounds+dynamics+geo_bounds+halfspace+obstacles,dpcc-c,npz,1.0,10,0,0.0,0.0,0.0,0.0,0.0,0.0,10.0,,/data/home/llim/FMPCC/FM-PCC/logs/UAV_MIX/uav-corridor/plans/mix_uav_fm/H8_Dmodels.diffusion.FlowMatchingODE_9D/Efm_K20_mpc4_pid_stopgo_T0.5,dpcc-c,False,4.0,pid_stopgo,0.5,,Gen15,dpcc-c,/data/home/llim/FMPCC/FM-PCC/logs/UAV_MIX/uav-corridor/plans/mix_uav_fm/H8_Dmodels.diffusion.FlowMatchingODE_9D/Efm_K20_mpc4_pid_stopgo_T0.5/6/corridor_bounds+dynamics+geo_bounds+halfspace+obstacles/dpcc-c/dpcc-c.npz,/data/home/llim/FMPCC/FM-PCC/logs/UAV_MIX/uav-corridor/plans/mix_uav_fm/H8_Dmodels.diffusion.FlowMatchingODE_9D/Efm_K20_mpc4_pid_stopgo_T0.5/6/corridor_bounds+dynamics+geo_bounds+halfspace+obstacles/dpcc-c,
31,corridor|fm|K20,corridor,fm,20.0,6,test,corridor_bounds+dynamics+geo_bounds+halfspace+obstacles,dpcc-c-tightened,npz,1.0,10,0,0.0,0.0,0.0,0.0,0.0,0.0,10.0,,/data/home/llim/FMPCC/FM-PCC/logs/UAV_MIX/uav-corridor/plans/mix_uav_fm/H8_Dmodels.diffusion.FlowMatchingODE_9D/Efm_K20_mpc4_pid_stopgo_T0.5,dpcc-c,True,4.0,pid_stopgo,0.5,,Gen15,dpcc-c-tightened,/data/home/llim/FMPCC/FM-PCC/logs/UAV_MIX/uav-corridor/plans/mix_uav_fm/H8_Dmodels.diffusion.FlowMatchingODE_9D/Efm_K20_mpc4_pid_stopgo_T0.5/6/corridor_bounds+dynamics+geo_bounds+halfspace+obstacles/dpcc-c-tightened/dpcc-c-tightened.npz,/data/home/llim/FMPCC/FM-PCC/logs/UAV_MIX/uav-corridor/plans/mix_uav_fm/H8_Dmodels.diffusion.FlowMatchingODE_9D/Efm_K20_mpc4_pid_stopgo_T0.5/6/corridor_bounds+dynamics+geo_bounds+halfspace+obstacles/dpcc-c-tightened,
31,corridor|fm|K20,corridor,fm,20.0,6,test,corridor_bounds+dynamics+geo_bounds+halfspace+obstacles,dpcc-r,npz,1.0,10,0,0.0,0.0,0.0,0.0,0.0,0.0,10.0,,/data/home/llim/FMPCC/FM-PCC/logs/UAV_MIX/uav-corridor/plans/mix_uav_fm/H8_Dmodels.diffusion.FlowMatchingODE_9D/Efm_K20_mpc4_pid_stopgo_T0.5,dpcc-r,False,4.0,pid_stopgo,0.5,,Gen15,dpcc-r,/data/home/llim/FMPCC/FM-PCC/logs/UAV_MIX/uav-corridor/plans/mix_uav_fm/H8_Dmodels.diffusion.FlowMatchingODE_9D/Efm_K20_mpc4_pid_stopgo_T0.5/6/corridor_bounds+dynamics+geo_bounds+halfspace+obstacles/dpcc-r/dpcc-r.npz,/data/home/llim/FMPCC/FM-PCC/logs/UAV_MIX/uav-corridor/plans/mix_uav_fm/H8_Dmodels.diffusion.FlowMatchingODE_9D/Efm_K20_mpc4_pid_stopgo_T0.5/6/corridor_bounds+dynamics+geo_bounds+halfspace+obstacles/dpcc-r,
31,corridor|fm|K20,corridor,fm,20.0,6,test,corridor_bounds+dynamics+geo_bounds+halfspace+obstacles,dpcc-r-tightened,npz,1.0,10,0,0.0,0.0,0.0,0.0,0.0,0.0,10.0,,/data/home/llim/FMPCC/FM-PCC/logs/UAV_MIX/uav-corridor/plans/mix_uav_fm/H8_Dmodels.diffusion.FlowMatchingODE_9D/Efm_K20_mpc4_pid_stopgo_T0.5,dpcc-r,True,4.0,pid_stopgo,0.5,,Gen15,dpcc-r-tightened,/data/home/llim/FMPCC/FM-PCC/logs/UAV_MIX/uav-corridor/plans/mix_uav_fm/H8_Dmodels.diffusion.FlowMatchingODE_9D/Efm_K20_mpc4_pid_stopgo_T0.5/6/corridor_bounds+dynamics+geo_bounds+halfspace+obstacles/dpcc-r-tightened/dpcc-r-tightened.npz,/data/home/llim/FMPCC/FM-PCC/logs/UAV_MIX/uav-corridor/plans/mix_uav_fm/H8_Dmodels.diffusion.FlowMatchingODE_9D/Efm_K20_mpc4_pid_stopgo_T0.5/6/corridor_bounds+dynamics+geo_bounds+halfspace+obstacles/dpcc-r-tightened,
31,corridor|fm|K20,corridor,fm,20.0,6,test,corridor_bounds+dynamics+geo_bounds+halfspace+obstacles,dpcc-t,npz,1.0,10,0,0.0,0.0,0.0,0.0,0.0,0.0,10.0,,/data/home/llim/FMPCC/FM-PCC/logs/UAV_MIX/uav-corridor/plans/mix_uav_fm/H8_Dmodels.diffusion.FlowMatchingODE_9D/Efm_K20_mpc4_pid_stopgo_T0.5,dpcc-t,False,4.0,pid_stopgo,0.5,,Gen15,dpcc-t,/data/home/llim/FMPCC/FM-PCC/logs/UAV_MIX/uav-corridor/plans/mix_uav_fm/H8_Dmodels.diffusion.FlowMatchingODE_9D/Efm_K20_mpc4_pid_stopgo_T0.5/6/corridor_bounds+dynamics+geo_bounds+halfspace+obstacles/dpcc-t/dpcc-t.npz,/data/home/llim/FMPCC/FM-PCC/logs/UAV_MIX/uav-corridor/plans/mix_uav_fm/H8_Dmodels.diffusion.FlowMatchingODE_9D/Efm_K20_mpc4_pid_stopgo_T0.5/6/corridor_bounds+dynamics+geo_bounds+halfspace+obstacles/dpcc-t,
31,corridor|fm|K20,corridor,fm,20.0,6,test,corridor_bounds+dynamics+geo_bounds+halfspace+obstacles,dpcc-t-tightened,npz,1.0,10,0,0.0,0.0,0.0,0.0,0.0,0.0,10.0,,/data/home/llim/FMPCC/FM-PCC/logs/UAV_MIX/uav-corridor/plans/mix_uav_fm/H8_Dmodels.diffusion.FlowMatchingODE_9D/Efm_K20_mpc4_pid_stopgo_T0.5,dpcc-t,True,4.0,pid_stopgo,0.5,,Gen15,dpcc-t-tightened,/data/home/llim/FMPCC/FM-PCC/logs/UAV_MIX/uav-corridor/plans/mix_uav_fm/H8_Dmodels.diffusion.FlowMatchingODE_9D/Efm_K20_mpc4_pid_stopgo_T0.5/6/corridor_bounds+dynamics+geo_bounds+halfspace+obstacles/dpcc-t-tightened/dpcc-t-tightened.npz,/data/home/llim/FMPCC/FM-PCC/logs/UAV_MIX/uav-corridor/plans/mix_uav_fm/H8_Dmodels.diffusion.FlowMatchingODE_9D/Efm_K20_mpc4_pid_stopgo_T0.5/6/corridor_bounds+dynamics+geo_bounds+halfspace+obstacles/dpcc-t-tightened,
31,corridor|fm|K20,corridor,fm,20.0,6,test,corridor_bounds+dynamics+geo_bounds+halfspace+obstacles,geo_free,npz,1.0,10,0,0.0,0.0,0.0,0.0,0.0,0.0,10.0,,/data/home/llim/FMPCC/FM-PCC/logs/UAV_MIX/uav-corridor/plans/mix_uav_fm/H8_Dmodels.diffusion.FlowMatchingODE_9D/Efm_K20_mpc4_pid_stopgo_T0.5,geo_free,False,4.0,pid_stopgo,0.5,,Gen15,geo_free,/data/home/llim/FMPCC/FM-PCC/logs/UAV_MIX/uav-corridor/plans/mix_uav_fm/H8_Dmodels.diffusion.FlowMatchingODE_9D/Efm_K20_mpc4_pid_stopgo_T0.5/6/corridor_bounds+dynamics+geo_bounds+halfspace+obstacles/geo_free/geo_free.npz,/data/home/llim/FMPCC/FM-PCC/logs/UAV_MIX/uav-corridor/plans/mix_uav_fm/H8_Dmodels.diffusion.FlowMatchingODE_9D/Efm_K20_mpc4_pid_stopgo_T0.5/6/corridor_bounds+dynamics+geo_bounds+halfspace+obstacles/geo_free,
31,corridor|fm|K20,corridor,fm,20.0,6,test,corridor_bounds+dynamics+geo_bounds+halfspace+obstacles,geo_free-bounds_free,npz,1.0,10,0,0.0,0.0,0.0,0.0,0.0,0.0,10.0,,/data/home/llim/FMPCC/FM-PCC/logs/UAV_MIX/uav-corridor/plans/mix_uav_fm/H8_Dmodels.diffusion.FlowMatchingODE_9D/Efm_K20_mpc4_pid_stopgo_T0.5,geo_free-bounds_free,False,4.0,pid_stopgo,0.5,,Gen15,geo_free-bounds_free,/data/home/llim/FMPCC/FM-PCC/logs/UAV_MIX/uav-corridor/plans/mix_uav_fm/H8_Dmodels.diffusion.FlowMatchingODE_9D/Efm_K20_mpc4_pid_stopgo_T0.5/6/corridor_bounds+dynamics+geo_bounds+halfspace+obstacles/geo_free-bounds_free/geo_free-bounds_free.npz,/data/home/llim/FMPCC/FM-PCC/logs/UAV_MIX/uav-corridor/plans/mix_uav_fm/H8_Dmodels.diffusion.FlowMatchingODE_9D/Efm_K20_mpc4_pid_stopgo_T0.5/6/corridor_bounds+dynamics+geo_bounds+halfspace+obstacles/geo_free-bounds_free,
31,corridor|fm|K20,corridor,fm,20.0,6,test,corridor_bounds+dynamics+geo_bounds+halfspace+obstacles,geo_free-model_free,npz,1.0,10,0,0.0,0.0,0.0,0.0,0.0,0.0,10.0,,/data/home/llim/FMPCC/FM-PCC/logs/UAV_MIX/uav-corridor/plans/mix_uav_fm/H8_Dmodels.diffusion.FlowMatchingODE_9D/Efm_K20_mpc4_pid_stopgo_T0.5,geo_free-model_free,False,4.0,pid_stopgo,0.5,,Gen15,geo_free-model_free,/data/home/llim/FMPCC/FM-PCC/logs/UAV_MIX/uav-corridor/plans/mix_uav_fm/H8_Dmodels.diffusion.FlowMatchingODE_9D/Efm_K20_mpc4_pid_stopgo_T0.5/6/corridor_bounds+dynamics+geo_bounds+halfspace+obstacles/geo_free-model_free/geo_free-model_free.npz,/data/home/llim/FMPCC/FM-PCC/logs/UAV_MIX/uav-corridor/plans/mix_uav_fm/H8_Dmodels.diffusion.FlowMatchingODE_9D/Efm_K20_mpc4_pid_stopgo_T0.5/6/corridor_bounds+dynamics+geo_bounds+halfspace+obstacles/geo_free-model_free,
31,corridor|fm|K20,corridor,fm,20.0,6,test,corridor_bounds+dynamics+geo_bounds+halfspace+obstacles,gradient,npz,1.0,10,0,0.0,0.0,0.0,0.0,0.0,0.0,10.0,,/data/home/llim/FMPCC/FM-PCC/logs/UAV_MIX/uav-corridor/plans/mix_uav_fm/H8_Dmodels.diffusion.FlowMatchingODE_9D/Efm_K20_mpc4_pid_stopgo_T0.5,gradient,False,4.0,pid_stopgo,0.5,,Gen15,gradient,/data/home/llim/FMPCC/FM-PCC/logs/UAV_MIX/uav-corridor/plans/mix_uav_fm/H8_Dmodels.diffusion.FlowMatchingODE_9D/Efm_K20_mpc4_pid_stopgo_T0.5/6/corridor_bounds+dynamics+geo_bounds+halfspace+obstacles/gradient/gradient.npz,/data/home/llim/FMPCC/FM-PCC/logs/UAV_MIX/uav-corridor/plans/mix_uav_fm/H8_Dmodels.diffusion.FlowMatchingODE_9D/Efm_K20_mpc4_pid_stopgo_T0.5/6/corridor_bounds+dynamics+geo_bounds+halfspace+obstacles/gradient,
31,corridor|fm|K20,corridor,fm,20.0,6,test,corridor_bounds+dynamics+geo_bounds+halfspace+obstacles,gradient-tightened,npz,1.0,10,0,0.0,0.0,0.0,0.0,0.0,0.0,10.0,,/data/home/llim/FMPCC/FM-PCC/logs/UAV_MIX/uav-corridor/plans/mix_uav_fm/H8_Dmodels.diffusion.FlowMatchingODE_9D/Efm_K20_mpc4_pid_stopgo_T0.5,gradient,True,4.0,pid_stopgo,0.5,,Gen15,gradient-tightened,/data/home/llim/FMPCC/FM-PCC/logs/UAV_MIX/uav-corridor/plans/mix_uav_fm/H8_Dmodels.diffusion.FlowMatchingODE_9D/Efm_K20_mpc4_pid_stopgo_T0.5/6/corridor_bounds+dynamics+geo_bounds+halfspace+obstacles/gradient-tightened/gradient-tightened.npz,/data/home/llim/FMPCC/FM-PCC/logs/UAV_MIX/uav-corridor/plans/mix_uav_fm/H8_Dmodels.diffusion.FlowMatchingODE_9D/Efm_K20_mpc4_pid_stopgo_T0.5/6/corridor_bounds+dynamics+geo_bounds+halfspace+obstacles/gradient-tightened,
31,corridor|fm|K20,corridor,fm,20.0,6,test,corridor_bounds+dynamics+geo_bounds+halfspace+obstacles,hardflow_new,npz,1.0,10,0,0.0,0.0,0.0,0.0,0.0,0.0,10.0,,/data/home/llim/FMPCC/FM-PCC/logs/UAV_MIX/uav-corridor/plans/mix_uav_fm/H8_Dmodels.diffusion.FlowMatchingODE_9D/Efm_K20_mpc4_pid_stopgo_T0.5,hardflow_new,False,4.0,pid_stopgo,0.5,,Gen15,hardflow_new,/data/home/llim/FMPCC/FM-PCC/logs/UAV_MIX/uav-corridor/plans/mix_uav_fm/H8_Dmodels.diffusion.FlowMatchingODE_9D/Efm_K20_mpc4_pid_stopgo_T0.5/6/corridor_bounds+dynamics+geo_bounds+halfspace+obstacles/hardflow_new/hardflow_new.npz,/data/home/llim/FMPCC/FM-PCC/logs/UAV_MIX/uav-corridor/plans/mix_uav_fm/H8_Dmodels.diffusion.FlowMatchingODE_9D/Efm_K20_mpc4_pid_stopgo_T0.5/6/corridor_bounds+dynamics+geo_bounds+halfspace+obstacles/hardflow_new,
31,corridor|fm|K20,corridor,fm,20.0,6,test,corridor_bounds+dynamics+geo_bounds+halfspace+obstacles,hardflow_new-c,npz,1.0,10,0,0.0,0.0,0.0,0.0,0.0,0.0,10.0,,/data/home/llim/FMPCC/FM-PCC/logs/UAV_MIX/uav-corridor/plans/mix_uav_fm/H8_Dmodels.diffusion.FlowMatchingODE_9D/Efm_K20_mpc4_pid_stopgo_T0.5,hardflow_new-c,False,4.0,pid_stopgo,0.5,,Gen15,hardflow_new-c,/data/home/llim/FMPCC/FM-PCC/logs/UAV_MIX/uav-corridor/plans/mix_uav_fm/H8_Dmodels.diffusion.FlowMatchingODE_9D/Efm_K20_mpc4_pid_stopgo_T0.5/6/corridor_bounds+dynamics+geo_bounds+halfspace+obstacles/hardflow_new-c/hardflow_new-c.npz,/data/home/llim/FMPCC/FM-PCC/logs/UAV_MIX/uav-corridor/plans/mix_uav_fm/H8_Dmodels.diffusion.FlowMatchingODE_9D/Efm_K20_mpc4_pid_stopgo_T0.5/6/corridor_bounds+dynamics+geo_bounds+halfspace+obstacles/hardflow_new-c,
31,corridor|fm|K20,corridor,fm,20.0,6,test,corridor_bounds+dynamics+geo_bounds+halfspace+obstacles,hardflow_new-t,json,1.0,1,0,0.0,0.0,0.0,0.0,0.0,0.0,,,/data/home/llim/FMPCC/FM-PCC/logs/UAV_MIX/uav-corridor/plans/mix_uav_fm/H8_Dmodels.diffusion.FlowMatchingODE_9D/Efm_K20_mpc4_pid_stopgo_T0.5,hardflow_new-t,False,4.0,pid_stopgo,0.5,,Gen15,hardflow_new-t,,/data/home/llim/FMPCC/FM-PCC/logs/UAV_MIX/uav-corridor/plans/mix_uav_fm/H8_Dmodels.diffusion.FlowMatchingODE_9D/Efm_K20_mpc4_pid_stopgo_T0.5/6/corridor_bounds+dynamics+geo_bounds+halfspace+obstacles/hardflow_new-t,1.0
31,corridor|fm|K20,corridor,fm,20.0,6,test,corridor_bounds+dynamics+geo_bounds+halfspace+obstacles,model_free,npz,1.0,10,0,0.0,0.0,0.0,0.0,0.0,0.0,10.0,,/data/home/llim/FMPCC/FM-PCC/logs/UAV_MIX/uav-corridor/plans/mix_uav_fm/H8_Dmodels.diffusion.FlowMatchingODE_9D/Efm_K20_mpc4_pid_stopgo_T0.5,model_free,False,4.0,pid_stopgo,0.5,,Gen15,model_free,/data/home/llim/FMPCC/FM-PCC/logs/UAV_MIX/uav-corridor/plans/mix_uav_fm/H8_Dmodels.diffusion.FlowMatchingODE_9D/Efm_K20_mpc4_pid_stopgo_T0.5/6/corridor_bounds+dynamics+geo_bounds+halfspace+obstacles/model_free/model_free.npz,/data/home/llim/FMPCC/FM-PCC/logs/UAV_MIX/uav-corridor/plans/mix_uav_fm/H8_Dmodels.diffusion.FlowMatchingODE_9D/Efm_K20_mpc4_pid_stopgo_T0.5/6/corridor_bounds+dynamics+geo_bounds+halfspace+obstacles/model_free,
31,corridor|fm|K20,corridor,fm,20.0,6,test,corridor_bounds+dynamics+geo_bounds+halfspace+obstacles,model_free-bounds_free,npz,1.0,10,0,0.0,0.0,0.0,0.0,0.0,0.0,10.0,,/data/home/llim/FMPCC/FM-PCC/logs/UAV_MIX/uav-corridor/plans/mix_uav_fm/H8_Dmodels.diffusion.FlowMatchingODE_9D/Efm_K20_mpc4_pid_stopgo_T0.5,model_free-bounds_free,False,4.0,pid_stopgo,0.5,,Gen15,model_free-bounds_free,/data/home/llim/FMPCC/FM-PCC/logs/UAV_MIX/uav-corridor/plans/mix_uav_fm/H8_Dmodels.diffusion.FlowMatchingODE_9D/Efm_K20_mpc4_pid_stopgo_T0.5/6/corridor_bounds+dynamics+geo_bounds+halfspace+obstacles/model_free-bounds_free/model_free-bounds_free.npz,/data/home/llim/FMPCC/FM-PCC/logs/UAV_MIX/uav-corridor/plans/mix_uav_fm/H8_Dmodels.diffusion.FlowMatchingODE_9D/Efm_K20_mpc4_pid_stopgo_T0.5/6/corridor_bounds+dynamics+geo_bounds+halfspace+obstacles/model_free-bounds_free,
31,corridor|fm|K20,corridor,fm,20.0,6,test,corridor_bounds+dynamics+geo_bounds+halfspace+obstacles,model_free-bounds_free-tightened,npz,1.0,10,0,0.0,0.0,0.0,0.0,0.0,0.0,10.0,,/data/home/llim/FMPCC/FM-PCC/logs/UAV_MIX/uav-corridor/plans/mix_uav_fm/H8_Dmodels.diffusion.FlowMatchingODE_9D/Efm_K20_mpc4_pid_stopgo_T0.5,model_free-bounds_free,True,4.0,pid_stopgo,0.5,,Gen15,model_free-bounds_free-tightened,/data/home/llim/FMPCC/FM-PCC/logs/UAV_MIX/uav-corridor/plans/mix_uav_fm/H8_Dmodels.diffusion.FlowMatchingODE_9D/Efm_K20_mpc4_pid_stopgo_T0.5/6/corridor_bounds+dynamics+geo_bounds+halfspace+obstacles/model_free-bounds_free-tightened/model_free-bounds_free-tightened.npz,/data/home/llim/FMPCC/FM-PCC/logs/UAV_MIX/uav-corridor/plans/mix_uav_fm/H8_Dmodels.diffusion.FlowMatchingODE_9D/Efm_K20_mpc4_pid_stopgo_T0.5/6/corridor_bounds+dynamics+geo_bounds+halfspace+obstacles/model_free-bounds_free-tightened,
31,corridor|fm|K20,corridor,fm,20.0,6,test,corridor_bounds+dynamics+geo_bounds+halfspace+obstacles,model_free-tightened,npz,1.0,10,0,0.0,0.0,0.0,0.0,0.0,0.0,10.0,,/data/home/llim/FMPCC/FM-PCC/logs/UAV_MIX/uav-corridor/plans/mix_uav_fm/H8_Dmodels.diffusion.FlowMatchingODE_9D/Efm_K20_mpc4_pid_stopgo_T0.5,model_free,True,4.0,pid_stopgo,0.5,,Gen15,model_free-tightened,/data/home/llim/FMPCC/FM-PCC/logs/UAV_MIX/uav-corridor/plans/mix_uav_fm/H8_Dmodels.diffusion.FlowMatchingODE_9D/Efm_K20_mpc4_pid_stopgo_T0.5/6/corridor_bounds+dynamics+geo_bounds+halfspace+obstacles/model_free-tightened/model_free-tightened.npz,/data/home/llim/FMPCC/FM-PCC/logs/UAV_MIX/uav-corridor/plans/mix_uav_fm/H8_Dmodels.diffusion.FlowMatchingODE_9D/Efm_K20_mpc4_pid_stopgo_T0.5/6/corridor_bounds+dynamics+geo_bounds+halfspace+obstacles/model_free-tightened,
31,corridor|fm|K20,corridor,fm,20.0,6,test,corridor_bounds+dynamics+geo_bounds+halfspace+obstacles,post_processing,npz,1.0,10,0,0.0,0.0,0.0,0.0,0.0,0.0,10.0,,/data/home/llim/FMPCC/FM-PCC/logs/UAV_MIX/uav-corridor/plans/mix_uav_fm/H8_Dmodels.diffusion.FlowMatchingODE_9D/Efm_K20_mpc4_pid_stopgo_T0.5,post_processing,False,4.0,pid_stopgo,0.5,,Gen15,post_processing,/data/home/llim/FMPCC/FM-PCC/logs/UAV_MIX/uav-corridor/plans/mix_uav_fm/H8_Dmodels.diffusion.FlowMatchingODE_9D/Efm_K20_mpc4_pid_stopgo_T0.5/6/corridor_bounds+dynamics+geo_bounds+halfspace+obstacles/post_processing/post_processing.npz,/data/home/llim/FMPCC/FM-PCC/logs/UAV_MIX/uav-corridor/plans/mix_uav_fm/H8_Dmodels.diffusion.FlowMatchingODE_9D/Efm_K20_mpc4_pid_stopgo_T0.5/6/corridor_bounds+dynamics+geo_bounds+halfspace+obstacles/post_processing,
31,corridor|fm|K20,corridor,fm,20.0,6,test,corridor_bounds+dynamics+geo_bounds+halfspace+obstacles,post_processing-tightened,npz,1.0,10,0,0.0,0.0,0.0,0.0,0.0,0.0,10.0,,/data/home/llim/FMPCC/FM-PCC/logs/UAV_MIX/uav-corridor/plans/mix_uav_fm/H8_Dmodels.diffusion.FlowMatchingODE_9D/Efm_K20_mpc4_pid_stopgo_T0.5,post_processing,True,4.0,pid_stopgo,0.5,,Gen15,post_processing-tightened,/data/home/llim/FMPCC/FM-PCC/logs/UAV_MIX/uav-corridor/plans/mix_uav_fm/H8_Dmodels.diffusion.FlowMatchingODE_9D/Efm_K20_mpc4_pid_stopgo_T0.5/6/corridor_bounds+dynamics+geo_bounds+halfspace+obstacles/post_processing-tightened/post_processing-tightened.npz,/data/home/llim/FMPCC/FM-PCC/logs/UAV_MIX/uav-corridor/plans/mix_uav_fm/H8_Dmodels.diffusion.FlowMatchingODE_9D/Efm_K20_mpc4_pid_stopgo_T0.5/6/corridor_bounds+dynamics+geo_bounds+halfspace+obstacles/post_processing-tightened,
32,corridor|fm|K2,corridor,fm,2.0,6,test,corridor_bounds+dynamics+geo_bounds+halfspace+obstacles,bounds_free,npz,1.0,10,0,0.0,0.0,0.0,0.0,0.0,0.0,10.0,,/data/home/llim/FMPCC/FM-PCC/logs/UAV_MIX/uav-corridor/plans/mix_uav_fm/H8_Dmodels.diffusion.FlowMatchingODE_9D/Efm_K2_mpc4_pid_stopgo_T0.5,bounds_free,False,4.0,pid_stopgo,0.5,,Gen15,bounds_free,/data/home/llim/FMPCC/FM-PCC/logs/UAV_MIX/uav-corridor/plans/mix_uav_fm/H8_Dmodels.diffusion.FlowMatchingODE_9D/Efm_K2_mpc4_pid_stopgo_T0.5/6/corridor_bounds+dynamics+geo_bounds+halfspace+obstacles/bounds_free/bounds_free.npz,/data/home/llim/FMPCC/FM-PCC/logs/UAV_MIX/uav-corridor/plans/mix_uav_fm/H8_Dmodels.diffusion.FlowMatchingODE_9D/Efm_K2_mpc4_pid_stopgo_T0.5/6/corridor_bounds+dynamics+geo_bounds+halfspace+obstacles/bounds_free,
32,corridor|fm|K2,corridor,fm,2.0,6,test,corridor_bounds+dynamics+geo_bounds+halfspace+obstacles,bounds_free-tightened,npz,1.0,10,0,0.0,0.0,0.0,0.0,0.0,0.0,10.0,,/data/home/llim/FMPCC/FM-PCC/logs/UAV_MIX/uav-corridor/plans/mix_uav_fm/H8_Dmodels.diffusion.FlowMatchingODE_9D/Efm_K2_mpc4_pid_stopgo_T0.5,bounds_free,True,4.0,pid_stopgo,0.5,,Gen15,bounds_free-tightened,/data/home/llim/FMPCC/FM-PCC/logs/UAV_MIX/uav-corridor/plans/mix_uav_fm/H8_Dmodels.diffusion.FlowMatchingODE_9D/Efm_K2_mpc4_pid_stopgo_T0.5/6/corridor_bounds+dynamics+geo_bounds+halfspace+obstacles/bounds_free-tightened/bounds_free-tightened.npz,/data/home/llim/FMPCC/FM-PCC/logs/UAV_MIX/uav-corridor/plans/mix_uav_fm/H8_Dmodels.diffusion.FlowMatchingODE_9D/Efm_K2_mpc4_pid_stopgo_T0.5/6/corridor_bounds+dynamics+geo_bounds+halfspace+obstacles/bounds_free-tightened,
32,corridor|fm|K2,corridor,fm,2.0,6,test,corridor_bounds+dynamics+geo_bounds+halfspace+obstacles,diffuser,npz,0.0,10,0,0.0,0.0,0.0,0.0,0.0,0.0,10.0,,/data/home/llim/FMPCC/FM-PCC/logs/UAV_MIX/uav-corridor/plans/mix_uav_fm/H8_Dmodels.diffusion.FlowMatchingODE_9D/Efm_K2_mpc4_pid_stopgo_T0.5,diffuser,False,4.0,pid_stopgo,0.5,,Gen15,diffuser,/data/home/llim/FMPCC/FM-PCC/logs/UAV_MIX/uav-corridor/plans/mix_uav_fm/H8_Dmodels.diffusion.FlowMatchingODE_9D/Efm_K2_mpc4_pid_stopgo_T0.5/6/corridor_bounds+dynamics+geo_bounds+halfspace+obstacles/diffuser/diffuser.npz,/data/home/llim/FMPCC/FM-PCC/logs/UAV_MIX/uav-corridor/plans/mix_uav_fm/H8_Dmodels.diffusion.FlowMatchingODE_9D/Efm_K2_mpc4_pid_stopgo_T0.5/6/corridor_bounds+dynamics+geo_bounds+halfspace+obstacles/diffuser,
32,corridor|fm|K2,corridor,fm,2.0,6,test,corridor_bounds+dynamics+geo_bounds+halfspace+obstacles,dpcc-c,npz,1.0,10,0,0.0,0.0,0.0,0.0,0.0,0.0,10.0,,/data/home/llim/FMPCC/FM-PCC/logs/UAV_MIX/uav-corridor/plans/mix_uav_fm/H8_Dmodels.diffusion.FlowMatchingODE_9D/Efm_K2_mpc4_pid_stopgo_T0.5,dpcc-c,False,4.0,pid_stopgo,0.5,,Gen15,dpcc-c,/data/home/llim/FMPCC/FM-PCC/logs/UAV_MIX/uav-corridor/plans/mix_uav_fm/H8_Dmodels.diffusion.FlowMatchingODE_9D/Efm_K2_mpc4_pid_stopgo_T0.5/6/corridor_bounds+dynamics+geo_bounds+halfspace+obstacles/dpcc-c/dpcc-c.npz,/data/home/llim/FMPCC/FM-PCC/logs/UAV_MIX/uav-corridor/plans/mix_uav_fm/H8_Dmodels.diffusion.FlowMatchingODE_9D/Efm_K2_mpc4_pid_stopgo_T0.5/6/corridor_bounds+dynamics+geo_bounds+halfspace+obstacles/dpcc-c,
32,corridor|fm|K2,corridor,fm,2.0,6,test,corridor_bounds+dynamics+geo_bounds+halfspace+obstacles,dpcc-c-tightened,npz,1.0,10,0,0.0,0.0,0.0,0.0,0.0,0.0,10.0,,/data/home/llim/FMPCC/FM-PCC/logs/UAV_MIX/uav-corridor/plans/mix_uav_fm/H8_Dmodels.diffusion.FlowMatchingODE_9D/Efm_K2_mpc4_pid_stopgo_T0.5,dpcc-c,True,4.0,pid_stopgo,0.5,,Gen15,dpcc-c-tightened,/data/home/llim/FMPCC/FM-PCC/logs/UAV_MIX/uav-corridor/plans/mix_uav_fm/H8_Dmodels.diffusion.FlowMatchingODE_9D/Efm_K2_mpc4_pid_stopgo_T0.5/6/corridor_bounds+dynamics+geo_bounds+halfspace+obstacles/dpcc-c-tightened/dpcc-c-tightened.npz,/data/home/llim/FMPCC/FM-PCC/logs/UAV_MIX/uav-corridor/plans/mix_uav_fm/H8_Dmodels.diffusion.FlowMatchingODE_9D/Efm_K2_mpc4_pid_stopgo_T0.5/6/corridor_bounds+dynamics+geo_bounds+halfspace+obstacles/dpcc-c-tightened,
32,corridor|fm|K2,corridor,fm,2.0,6,test,corridor_bounds+dynamics+geo_bounds+halfspace+obstacles,dpcc-r,npz,1.0,10,0,0.0,0.0,0.0,0.0,0.0,0.0,10.0,,/data/home/llim/FMPCC/FM-PCC/logs/UAV_MIX/uav-corridor/plans/mix_uav_fm/H8_Dmodels.diffusion.FlowMatchingODE_9D/Efm_K2_mpc4_pid_stopgo_T0.5,dpcc-r,False,4.0,pid_stopgo,0.5,,Gen15,dpcc-r,/data/home/llim/FMPCC/FM-PCC/logs/UAV_MIX/uav-corridor/plans/mix_uav_fm/H8_Dmodels.diffusion.FlowMatchingODE_9D/Efm_K2_mpc4_pid_stopgo_T0.5/6/corridor_bounds+dynamics+geo_bounds+halfspace+obstacles/dpcc-r/dpcc-r.npz,/data/home/llim/FMPCC/FM-PCC/logs/UAV_MIX/uav-corridor/plans/mix_uav_fm/H8_Dmodels.diffusion.FlowMatchingODE_9D/Efm_K2_mpc4_pid_stopgo_T0.5/6/corridor_bounds+dynamics+geo_bounds+halfspace+obstacles/dpcc-r,
32,corridor|fm|K2,corridor,fm,2.0,6,test,corridor_bounds+dynamics+geo_bounds+halfspace+obstacles,dpcc-r-tightened,npz,1.0,10,0,0.0,0.0,0.0,0.0,0.0,0.0,10.0,,/data/home/llim/FMPCC/FM-PCC/logs/UAV_MIX/uav-corridor/plans/mix_uav_fm/H8_Dmodels.diffusion.FlowMatchingODE_9D/Efm_K2_mpc4_pid_stopgo_T0.5,dpcc-r,True,4.0,pid_stopgo,0.5,,Gen15,dpcc-r-tightened,/data/home/llim/FMPCC/FM-PCC/logs/UAV_MIX/uav-corridor/plans/mix_uav_fm/H8_Dmodels.diffusion.FlowMatchingODE_9D/Efm_K2_mpc4_pid_stopgo_T0.5/6/corridor_bounds+dynamics+geo_bounds+halfspace+obstacles/dpcc-r-tightened/dpcc-r-tightened.npz,/data/home/llim/FMPCC/FM-PCC/logs/UAV_MIX/uav-corridor/plans/mix_uav_fm/H8_Dmodels.diffusion.FlowMatchingODE_9D/Efm_K2_mpc4_pid_stopgo_T0.5/6/corridor_bounds+dynamics+geo_bounds+halfspace+obstacles/dpcc-r-tightened,
32,corridor|fm|K2,corridor,fm,2.0,6,test,corridor_bounds+dynamics+geo_bounds+halfspace+obstacles,dpcc-t,npz,1.0,10,0,0.0,0.0,0.0,0.0,0.0,0.0,10.0,,/data/home/llim/FMPCC/FM-PCC/logs/UAV_MIX/uav-corridor/plans/mix_uav_fm/H8_Dmodels.diffusion.FlowMatchingODE_9D/Efm_K2_mpc4_pid_stopgo_T0.5,dpcc-t,False,4.0,pid_stopgo,0.5,,Gen15,dpcc-t,/data/home/llim/FMPCC/FM-PCC/logs/UAV_MIX/uav-corridor/plans/mix_uav_fm/H8_Dmodels.diffusion.FlowMatchingODE_9D/Efm_K2_mpc4_pid_stopgo_T0.5/6/corridor_bounds+dynamics+geo_bounds+halfspace+obstacles/dpcc-t/dpcc-t.npz,/data/home/llim/FMPCC/FM-PCC/logs/UAV_MIX/uav-corridor/plans/mix_uav_fm/H8_Dmodels.diffusion.FlowMatchingODE_9D/Efm_K2_mpc4_pid_stopgo_T0.5/6/corridor_bounds+dynamics+geo_bounds+halfspace+obstacles/dpcc-t,
32,corridor|fm|K2,corridor,fm,2.0,6,test,corridor_bounds+dynamics+geo_bounds+halfspace+obstacles,dpcc-t-tightened,npz,1.0,10,0,0.0,0.0,0.0,0.0,0.0,0.0,10.0,,/data/home/llim/FMPCC/FM-PCC/logs/UAV_MIX/uav-corridor/plans/mix_uav_fm/H8_Dmodels.diffusion.FlowMatchingODE_9D/Efm_K2_mpc4_pid_stopgo_T0.5,dpcc-t,True,4.0,pid_stopgo,0.5,,Gen15,dpcc-t-tightened,/data/home/llim/FMPCC/FM-PCC/logs/UAV_MIX/uav-corridor/plans/mix_uav_fm/H8_Dmodels.diffusion.FlowMatchingODE_9D/Efm_K2_mpc4_pid_stopgo_T0.5/6/corridor_bounds+dynamics+geo_bounds+halfspace+obstacles/dpcc-t-tightened/dpcc-t-tightened.npz,/data/home/llim/FMPCC/FM-PCC/logs/UAV_MIX/uav-corridor/plans/mix_uav_fm/H8_Dmodels.diffusion.FlowMatchingODE_9D/Efm_K2_mpc4_pid_stopgo_T0.5/6/corridor_bounds+dynamics+geo_bounds+halfspace+obstacles/dpcc-t-tightened,
32,corridor|fm|K2,corridor,fm,2.0,6,test,corridor_bounds+dynamics+geo_bounds+halfspace+obstacles,geo_free,npz,1.0,10,0,0.0,0.0,0.0,0.0,0.0,0.0,10.0,,/data/home/llim/FMPCC/FM-PCC/logs/UAV_MIX/uav-corridor/plans/mix_uav_fm/H8_Dmodels.diffusion.FlowMatchingODE_9D/Efm_K2_mpc4_pid_stopgo_T0.5,geo_free,False,4.0,pid_stopgo,0.5,,Gen15,geo_free,/data/home/llim/FMPCC/FM-PCC/logs/UAV_MIX/uav-corridor/plans/mix_uav_fm/H8_Dmodels.diffusion.FlowMatchingODE_9D/Efm_K2_mpc4_pid_stopgo_T0.5/6/corridor_bounds+dynamics+geo_bounds+halfspace+obstacles/geo_free/geo_free.npz,/data/home/llim/FMPCC/FM-PCC/logs/UAV_MIX/uav-corridor/plans/mix_uav_fm/H8_Dmodels.diffusion.FlowMatchingODE_9D/Efm_K2_mpc4_pid_stopgo_T0.5/6/corridor_bounds+dynamics+geo_bounds+halfspace+obstacles/geo_free,
32,corridor|fm|K2,corridor,fm,2.0,6,test,corridor_bounds+dynamics+geo_bounds+halfspace+obstacles,geo_free-bounds_free,npz,1.0,10,0,0.0,0.0,0.0,0.0,0.0,0.0,10.0,,/data/home/llim/FMPCC/FM-PCC/logs/UAV_MIX/uav-corridor/plans/mix_uav_fm/H8_Dmodels.diffusion.FlowMatchingODE_9D/Efm_K2_mpc4_pid_stopgo_T0.5,geo_free-bounds_free,False,4.0,pid_stopgo,0.5,,Gen15,geo_free-bounds_free,/data/home/llim/FMPCC/FM-PCC/logs/UAV_MIX/uav-corridor/plans/mix_uav_fm/H8_Dmodels.diffusion.FlowMatchingODE_9D/Efm_K2_mpc4_pid_stopgo_T0.5/6/corridor_bounds+dynamics+geo_bounds+halfspace+obstacles/geo_free-bounds_free/geo_free-bounds_free.npz,/data/home/llim/FMPCC/FM-PCC/logs/UAV_MIX/uav-corridor/plans/mix_uav_fm/H8_Dmodels.diffusion.FlowMatchingODE_9D/Efm_K2_mpc4_pid_stopgo_T0.5/6/corridor_bounds+dynamics+geo_bounds+halfspace+obstacles/geo_free-bounds_free,
32,corridor|fm|K2,corridor,fm,2.0,6,test,corridor_bounds+dynamics+geo_bounds+halfspace+obstacles,geo_free-model_free,npz,1.0,10,0,0.0,0.0,0.0,0.0,0.0,0.0,10.0,,/data/home/llim/FMPCC/FM-PCC/logs/UAV_MIX/uav-corridor/plans/mix_uav_fm/H8_Dmodels.diffusion.FlowMatchingODE_9D/Efm_K2_mpc4_pid_stopgo_T0.5,geo_free-model_free,False,4.0,pid_stopgo,0.5,,Gen15,geo_free-model_free,/data/home/llim/FMPCC/FM-PCC/logs/UAV_MIX/uav-corridor/plans/mix_uav_fm/H8_Dmodels.diffusion.FlowMatchingODE_9D/Efm_K2_mpc4_pid_stopgo_T0.5/6/corridor_bounds+dynamics+geo_bounds+halfspace+obstacles/geo_free-model_free/geo_free-model_free.npz,/data/home/llim/FMPCC/FM-PCC/logs/UAV_MIX/uav-corridor/plans/mix_uav_fm/H8_Dmodels.diffusion.FlowMatchingODE_9D/Efm_K2_mpc4_pid_stopgo_T0.5/6/corridor_bounds+dynamics+geo_bounds+halfspace+obstacles/geo_free-model_free,
32,corridor|fm|K2,corridor,fm,2.0,6,test,corridor_bounds+dynamics+geo_bounds+halfspace+obstacles,gradient,npz,1.0,10,0,0.0,0.0,0.0,0.0,0.0,0.0,10.0,,/data/home/llim/FMPCC/FM-PCC/logs/UAV_MIX/uav-corridor/plans/mix_uav_fm/H8_Dmodels.diffusion.FlowMatchingODE_9D/Efm_K2_mpc4_pid_stopgo_T0.5,gradient,False,4.0,pid_stopgo,0.5,,Gen15,gradient,/data/home/llim/FMPCC/FM-PCC/logs/UAV_MIX/uav-corridor/plans/mix_uav_fm/H8_Dmodels.diffusion.FlowMatchingODE_9D/Efm_K2_mpc4_pid_stopgo_T0.5/6/corridor_bounds+dynamics+geo_bounds+halfspace+obstacles/gradient/gradient.npz,/data/home/llim/FMPCC/FM-PCC/logs/UAV_MIX/uav-corridor/plans/mix_uav_fm/H8_Dmodels.diffusion.FlowMatchingODE_9D/Efm_K2_mpc4_pid_stopgo_T0.5/6/corridor_bounds+dynamics+geo_bounds+halfspace+obstacles/gradient,
32,corridor|fm|K2,corridor,fm,2.0,6,test,corridor_bounds+dynamics+geo_bounds+halfspace+obstacles,gradient-tightened,npz,1.0,10,0,0.0,0.0,0.0,0.0,0.0,0.0,10.0,,/data/home/llim/FMPCC/FM-PCC/logs/UAV_MIX/uav-corridor/plans/mix_uav_fm/H8_Dmodels.diffusion.FlowMatchingODE_9D/Efm_K2_mpc4_pid_stopgo_T0.5,gradient,True,4.0,pid_stopgo,0.5,,Gen15,gradient-tightened,/data/home/llim/FMPCC/FM-PCC/logs/UAV_MIX/uav-corridor/plans/mix_uav_fm/H8_Dmodels.diffusion.FlowMatchingODE_9D/Efm_K2_mpc4_pid_stopgo_T0.5/6/corridor_bounds+dynamics+geo_bounds+halfspace+obstacles/gradient-tightened/gradient-tightened.npz,/data/home/llim/FMPCC/FM-PCC/logs/UAV_MIX/uav-corridor/plans/mix_uav_fm/H8_Dmodels.diffusion.FlowMatchingODE_9D/Efm_K2_mpc4_pid_stopgo_T0.5/6/corridor_bounds+dynamics+geo_bounds+halfspace+obstacles/gradient-tightened,
32,corridor|fm|K2,corridor,fm,2.0,6,test,corridor_bounds+dynamics+geo_bounds+halfspace+obstacles,hardflow_new,npz,1.0,10,0,0.0,0.0,0.0,0.0,0.0,0.0,10.0,,/data/home/llim/FMPCC/FM-PCC/logs/UAV_MIX/uav-corridor/plans/mix_uav_fm/H8_Dmodels.diffusion.FlowMatchingODE_9D/Efm_K2_mpc4_pid_stopgo_T0.5,hardflow_new,False,4.0,pid_stopgo,0.5,,Gen15,hardflow_new,/data/home/llim/FMPCC/FM-PCC/logs/UAV_MIX/uav-corridor/plans/mix_uav_fm/H8_Dmodels.diffusion.FlowMatchingODE_9D/Efm_K2_mpc4_pid_stopgo_T0.5/6/corridor_bounds+dynamics+geo_bounds+halfspace+obstacles/hardflow_new/hardflow_new.npz,/data/home/llim/FMPCC/FM-PCC/logs/UAV_MIX/uav-corridor/plans/mix_uav_fm/H8_Dmodels.diffusion.FlowMatchingODE_9D/Efm_K2_mpc4_pid_stopgo_T0.5/6/corridor_bounds+dynamics+geo_bounds+halfspace+obstacles/hardflow_new,
32,corridor|fm|K2,corridor,fm,2.0,6,test,corridor_bounds+dynamics+geo_bounds+halfspace+obstacles,hardflow_new-c,npz,1.0,10,0,0.0,0.0,0.0,0.0,0.0,0.0,10.0,,/data/home/llim/FMPCC/FM-PCC/logs/UAV_MIX/uav-corridor/plans/mix_uav_fm/H8_Dmodels.diffusion.FlowMatchingODE_9D/Efm_K2_mpc4_pid_stopgo_T0.5,hardflow_new-c,False,4.0,pid_stopgo,0.5,,Gen15,hardflow_new-c,/data/home/llim/FMPCC/FM-PCC/logs/UAV_MIX/uav-corridor/plans/mix_uav_fm/H8_Dmodels.diffusion.FlowMatchingODE_9D/Efm_K2_mpc4_pid_stopgo_T0.5/6/corridor_bounds+dynamics+geo_bounds+halfspace+obstacles/hardflow_new-c/hardflow_new-c.npz,/data/home/llim/FMPCC/FM-PCC/logs/UAV_MIX/uav-corridor/plans/mix_uav_fm/H8_Dmodels.diffusion.FlowMatchingODE_9D/Efm_K2_mpc4_pid_stopgo_T0.5/6/corridor_bounds+dynamics+geo_bounds+halfspace+obstacles/hardflow_new-c,
32,corridor|fm|K2,corridor,fm,2.0,6,test,corridor_bounds+dynamics+geo_bounds+halfspace+obstacles,hardflow_new-t,npz,1.0,10,0,0.0,0.0,0.0,0.0,0.0,0.0,10.0,,/data/home/llim/FMPCC/FM-PCC/logs/UAV_MIX/uav-corridor/plans/mix_uav_fm/H8_Dmodels.diffusion.FlowMatchingODE_9D/Efm_K2_mpc4_pid_stopgo_T0.5,hardflow_new-t,False,4.0,pid_stopgo,0.5,,Gen15,hardflow_new-t,/data/home/llim/FMPCC/FM-PCC/logs/UAV_MIX/uav-corridor/plans/mix_uav_fm/H8_Dmodels.diffusion.FlowMatchingODE_9D/Efm_K2_mpc4_pid_stopgo_T0.5/6/corridor_bounds+dynamics+geo_bounds+halfspace+obstacles/hardflow_new-t/hardflow_new-t.npz,/data/home/llim/FMPCC/FM-PCC/logs/UAV_MIX/uav-corridor/plans/mix_uav_fm/H8_Dmodels.diffusion.FlowMatchingODE_9D/Efm_K2_mpc4_pid_stopgo_T0.5/6/corridor_bounds+dynamics+geo_bounds+halfspace+obstacles/hardflow_new-t,
32,corridor|fm|K2,corridor,fm,2.0,6,test,corridor_bounds+dynamics+geo_bounds+halfspace+obstacles,model_free,npz,1.0,10,0,0.0,0.0,0.0,0.0,0.0,0.0,10.0,,/data/home/llim/FMPCC/FM-PCC/logs/UAV_MIX/uav-corridor/plans/mix_uav_fm/H8_Dmodels.diffusion.FlowMatchingODE_9D/Efm_K2_mpc4_pid_stopgo_T0.5,model_free,False,4.0,pid_stopgo,0.5,,Gen15,model_free,/data/home/llim/FMPCC/FM-PCC/logs/UAV_MIX/uav-corridor/plans/mix_uav_fm/H8_Dmodels.diffusion.FlowMatchingODE_9D/Efm_K2_mpc4_pid_stopgo_T0.5/6/corridor_bounds+dynamics+geo_bounds+halfspace+obstacles/model_free/model_free.npz,/data/home/llim/FMPCC/FM-PCC/logs/UAV_MIX/uav-corridor/plans/mix_uav_fm/H8_Dmodels.diffusion.FlowMatchingODE_9D/Efm_K2_mpc4_pid_stopgo_T0.5/6/corridor_bounds+dynamics+geo_bounds+halfspace+obstacles/model_free,
32,corridor|fm|K2,corridor,fm,2.0,6,test,corridor_bounds+dynamics+geo_bounds+halfspace+obstacles,model_free-bounds_free,npz,1.0,10,0,0.0,0.0,0.0,0.0,0.0,0.0,10.0,,/data/home/llim/FMPCC/FM-PCC/logs/UAV_MIX/uav-corridor/plans/mix_uav_fm/H8_Dmodels.diffusion.FlowMatchingODE_9D/Efm_K2_mpc4_pid_stopgo_T0.5,model_free-bounds_free,False,4.0,pid_stopgo,0.5,,Gen15,model_free-bounds_free,/data/home/llim/FMPCC/FM-PCC/logs/UAV_MIX/uav-corridor/plans/mix_uav_fm/H8_Dmodels.diffusion.FlowMatchingODE_9D/Efm_K2_mpc4_pid_stopgo_T0.5/6/corridor_bounds+dynamics+geo_bounds+halfspace+obstacles/model_free-bounds_free/model_free-bounds_free.npz,/data/home/llim/FMPCC/FM-PCC/logs/UAV_MIX/uav-corridor/plans/mix_uav_fm/H8_Dmodels.diffusion.FlowMatchingODE_9D/Efm_K2_mpc4_pid_stopgo_T0.5/6/corridor_bounds+dynamics+geo_bounds+halfspace+obstacles/model_free-bounds_free,
32,corridor|fm|K2,corridor,fm,2.0,6,test,corridor_bounds+dynamics+geo_bounds+halfspace+obstacles,model_free-bounds_free-tightened,npz,1.0,10,0,0.0,0.0,0.0,0.0,0.0,0.0,10.0,,/data/home/llim/FMPCC/FM-PCC/logs/UAV_MIX/uav-corridor/plans/mix_uav_fm/H8_Dmodels.diffusion.FlowMatchingODE_9D/Efm_K2_mpc4_pid_stopgo_T0.5,model_free-bounds_free,True,4.0,pid_stopgo,0.5,,Gen15,model_free-bounds_free-tightened,/data/home/llim/FMPCC/FM-PCC/logs/UAV_MIX/uav-corridor/plans/mix_uav_fm/H8_Dmodels.diffusion.FlowMatchingODE_9D/Efm_K2_mpc4_pid_stopgo_T0.5/6/corridor_bounds+dynamics+geo_bounds+halfspace+obstacles/model_free-bounds_free-tightened/model_free-bounds_free-tightened.npz,/data/home/llim/FMPCC/FM-PCC/logs/UAV_MIX/uav-corridor/plans/mix_uav_fm/H8_Dmodels.diffusion.FlowMatchingODE_9D/Efm_K2_mpc4_pid_stopgo_T0.5/6/corridor_bounds+dynamics+geo_bounds+halfspace+obstacles/model_free-bounds_free-tightened,
32,corridor|fm|K2,corridor,fm,2.0,6,test,corridor_bounds+dynamics+geo_bounds+halfspace+obstacles,model_free-tightened,npz,1.0,10,0,0.0,0.0,0.0,0.0,0.0,0.0,10.0,,/data/home/llim/FMPCC/FM-PCC/logs/UAV_MIX/uav-corridor/plans/mix_uav_fm/H8_Dmodels.diffusion.FlowMatchingODE_9D/Efm_K2_mpc4_pid_stopgo_T0.5,model_free,True,4.0,pid_stopgo,0.5,,Gen15,model_free-tightened,/data/home/llim/FMPCC/FM-PCC/logs/UAV_MIX/uav-corridor/plans/mix_uav_fm/H8_Dmodels.diffusion.FlowMatchingODE_9D/Efm_K2_mpc4_pid_stopgo_T0.5/6/corridor_bounds+dynamics+geo_bounds+halfspace+obstacles/model_free-tightened/model_free-tightened.npz,/data/home/llim/FMPCC/FM-PCC/logs/UAV_MIX/uav-corridor/plans/mix_uav_fm/H8_Dmodels.diffusion.FlowMatchingODE_9D/Efm_K2_mpc4_pid_stopgo_T0.5/6/corridor_bounds+dynamics+geo_bounds+halfspace+obstacles/model_free-tightened,
32,corridor|fm|K2,corridor,fm,2.0,6,test,corridor_bounds+dynamics+geo_bounds+halfspace+obstacles,post_processing,npz,1.0,10,0,0.0,0.0,0.0,0.0,0.0,0.0,10.0,,/data/home/llim/FMPCC/FM-PCC/logs/UAV_MIX/uav-corridor/plans/mix_uav_fm/H8_Dmodels.diffusion.FlowMatchingODE_9D/Efm_K2_mpc4_pid_stopgo_T0.5,post_processing,False,4.0,pid_stopgo,0.5,,Gen15,post_processing,/data/home/llim/FMPCC/FM-PCC/logs/UAV_MIX/uav-corridor/plans/mix_uav_fm/H8_Dmodels.diffusion.FlowMatchingODE_9D/Efm_K2_mpc4_pid_stopgo_T0.5/6/corridor_bounds+dynamics+geo_bounds+halfspace+obstacles/post_processing/post_processing.npz,/data/home/llim/FMPCC/FM-PCC/logs/UAV_MIX/uav-corridor/plans/mix_uav_fm/H8_Dmodels.diffusion.FlowMatchingODE_9D/Efm_K2_mpc4_pid_stopgo_T0.5/6/corridor_bounds+dynamics+geo_bounds+halfspace+obstacles/post_processing,
32,corridor|fm|K2,corridor,fm,2.0,6,test,corridor_bounds+dynamics+geo_bounds+halfspace+obstacles,post_processing-tightened,npz,1.0,10,0,0.0,0.0,0.0,0.0,0.0,0.0,10.0,,/data/home/llim/FMPCC/FM-PCC/logs/UAV_MIX/uav-corridor/plans/mix_uav_fm/H8_Dmodels.diffusion.FlowMatchingODE_9D/Efm_K2_mpc4_pid_stopgo_T0.5,post_processing,True,4.0,pid_stopgo,0.5,,Gen15,post_processing-tightened,/data/home/llim/FMPCC/FM-PCC/logs/UAV_MIX/uav-corridor/plans/mix_uav_fm/H8_Dmodels.diffusion.FlowMatchingODE_9D/Efm_K2_mpc4_pid_stopgo_T0.5/6/corridor_bounds+dynamics+geo_bounds+halfspace+obstacles/post_processing-tightened/post_processing-tightened.npz,/data/home/llim/FMPCC/FM-PCC/logs/UAV_MIX/uav-corridor/plans/mix_uav_fm/H8_Dmodels.diffusion.FlowMatchingODE_9D/Efm_K2_mpc4_pid_stopgo_T0.5/6/corridor_bounds+dynamics+geo_bounds+halfspace+obstacles/post_processing-tightened,
33,corridor|fm|K5,corridor,fm,5.0,6,test,corridor_bounds+dynamics+geo_bounds+halfspace+obstacles,bounds_free,npz,1.0,10,0,0.0,0.0,0.0,0.0,0.0,0.0,10.0,,/data/home/llim/FMPCC/FM-PCC/logs/UAV_MIX/uav-corridor/plans/mix_uav_fm/H8_Dmodels.diffusion.FlowMatchingODE_9D/Efm_K5_mpc4_pid_stopgo_T0.5,bounds_free,False,4.0,pid_stopgo,0.5,,Gen15,bounds_free,/data/home/llim/FMPCC/FM-PCC/logs/UAV_MIX/uav-corridor/plans/mix_uav_fm/H8_Dmodels.diffusion.FlowMatchingODE_9D/Efm_K5_mpc4_pid_stopgo_T0.5/6/corridor_bounds+dynamics+geo_bounds+halfspace+obstacles/bounds_free/bounds_free.npz,/data/home/llim/FMPCC/FM-PCC/logs/UAV_MIX/uav-corridor/plans/mix_uav_fm/H8_Dmodels.diffusion.FlowMatchingODE_9D/Efm_K5_mpc4_pid_stopgo_T0.5/6/corridor_bounds+dynamics+geo_bounds+halfspace+obstacles/bounds_free,
33,corridor|fm|K5,corridor,fm,5.0,6,test,corridor_bounds+dynamics+geo_bounds+halfspace+obstacles,bounds_free-tightened,npz,1.0,10,0,0.0,0.0,0.0,0.0,0.0,0.0,10.0,,/data/home/llim/FMPCC/FM-PCC/logs/UAV_MIX/uav-corridor/plans/mix_uav_fm/H8_Dmodels.diffusion.FlowMatchingODE_9D/Efm_K5_mpc4_pid_stopgo_T0.5,bounds_free,True,4.0,pid_stopgo,0.5,,Gen15,bounds_free-tightened,/data/home/llim/FMPCC/FM-PCC/logs/UAV_MIX/uav-corridor/plans/mix_uav_fm/H8_Dmodels.diffusion.FlowMatchingODE_9D/Efm_K5_mpc4_pid_stopgo_T0.5/6/corridor_bounds+dynamics+geo_bounds+halfspace+obstacles/bounds_free-tightened/bounds_free-tightened.npz,/data/home/llim/FMPCC/FM-PCC/logs/UAV_MIX/uav-corridor/plans/mix_uav_fm/H8_Dmodels.diffusion.FlowMatchingODE_9D/Efm_K5_mpc4_pid_stopgo_T0.5/6/corridor_bounds+dynamics+geo_bounds+halfspace+obstacles/bounds_free-tightened,
33,corridor|fm|K5,corridor,fm,5.0,6,test,corridor_bounds+dynamics+geo_bounds+halfspace+obstacles,diffuser,npz,0.0,10,0,0.0,0.0,0.0,0.0,0.0,0.0,10.0,,/data/home/llim/FMPCC/FM-PCC/logs/UAV_MIX/uav-corridor/plans/mix_uav_fm/H8_Dmodels.diffusion.FlowMatchingODE_9D/Efm_K5_mpc4_pid_stopgo_T0.5,diffuser,False,4.0,pid_stopgo,0.5,,Gen15,diffuser,/data/home/llim/FMPCC/FM-PCC/logs/UAV_MIX/uav-corridor/plans/mix_uav_fm/H8_Dmodels.diffusion.FlowMatchingODE_9D/Efm_K5_mpc4_pid_stopgo_T0.5/6/corridor_bounds+dynamics+geo_bounds+halfspace+obstacles/diffuser/diffuser.npz,/data/home/llim/FMPCC/FM-PCC/logs/UAV_MIX/uav-corridor/plans/mix_uav_fm/H8_Dmodels.diffusion.FlowMatchingODE_9D/Efm_K5_mpc4_pid_stopgo_T0.5/6/corridor_bounds+dynamics+geo_bounds+halfspace+obstacles/diffuser,
33,corridor|fm|K5,corridor,fm,5.0,6,test,corridor_bounds+dynamics+geo_bounds+halfspace+obstacles,dpcc-c,npz,1.0,10,0,0.0,0.0,0.0,0.0,0.0,0.0,10.0,,/data/home/llim/FMPCC/FM-PCC/logs/UAV_MIX/uav-corridor/plans/mix_uav_fm/H8_Dmodels.diffusion.FlowMatchingODE_9D/Efm_K5_mpc4_pid_stopgo_T0.5,dpcc-c,False,4.0,pid_stopgo,0.5,,Gen15,dpcc-c,/data/home/llim/FMPCC/FM-PCC/logs/UAV_MIX/uav-corridor/plans/mix_uav_fm/H8_Dmodels.diffusion.FlowMatchingODE_9D/Efm_K5_mpc4_pid_stopgo_T0.5/6/corridor_bounds+dynamics+geo_bounds+halfspace+obstacles/dpcc-c/dpcc-c.npz,/data/home/llim/FMPCC/FM-PCC/logs/UAV_MIX/uav-corridor/plans/mix_uav_fm/H8_Dmodels.diffusion.FlowMatchingODE_9D/Efm_K5_mpc4_pid_stopgo_T0.5/6/corridor_bounds+dynamics+geo_bounds+halfspace+obstacles/dpcc-c,
33,corridor|fm|K5,corridor,fm,5.0,6,test,corridor_bounds+dynamics+geo_bounds+halfspace+obstacles,dpcc-c-tightened,npz,1.0,10,0,0.0,0.0,0.0,0.0,0.0,0.0,10.0,,/data/home/llim/FMPCC/FM-PCC/logs/UAV_MIX/uav-corridor/plans/mix_uav_fm/H8_Dmodels.diffusion.FlowMatchingODE_9D/Efm_K5_mpc4_pid_stopgo_T0.5,dpcc-c,True,4.0,pid_stopgo,0.5,,Gen15,dpcc-c-tightened,/data/home/llim/FMPCC/FM-PCC/logs/UAV_MIX/uav-corridor/plans/mix_uav_fm/H8_Dmodels.diffusion.FlowMatchingODE_9D/Efm_K5_mpc4_pid_stopgo_T0.5/6/corridor_bounds+dynamics+geo_bounds+halfspace+obstacles/dpcc-c-tightened/dpcc-c-tightened.npz,/data/home/llim/FMPCC/FM-PCC/logs/UAV_MIX/uav-corridor/plans/mix_uav_fm/H8_Dmodels.diffusion.FlowMatchingODE_9D/Efm_K5_mpc4_pid_stopgo_T0.5/6/corridor_bounds+dynamics+geo_bounds+halfspace+obstacles/dpcc-c-tightened,
33,corridor|fm|K5,corridor,fm,5.0,6,test,corridor_bounds+dynamics+geo_bounds+halfspace+obstacles,dpcc-r,npz,1.0,10,0,0.0,0.0,0.0,0.0,0.0,0.0,10.0,,/data/home/llim/FMPCC/FM-PCC/logs/UAV_MIX/uav-corridor/plans/mix_uav_fm/H8_Dmodels.diffusion.FlowMatchingODE_9D/Efm_K5_mpc4_pid_stopgo_T0.5,dpcc-r,False,4.0,pid_stopgo,0.5,,Gen15,dpcc-r,/data/home/llim/FMPCC/FM-PCC/logs/UAV_MIX/uav-corridor/plans/mix_uav_fm/H8_Dmodels.diffusion.FlowMatchingODE_9D/Efm_K5_mpc4_pid_stopgo_T0.5/6/corridor_bounds+dynamics+geo_bounds+halfspace+obstacles/dpcc-r/dpcc-r.npz,/data/home/llim/FMPCC/FM-PCC/logs/UAV_MIX/uav-corridor/plans/mix_uav_fm/H8_Dmodels.diffusion.FlowMatchingODE_9D/Efm_K5_mpc4_pid_stopgo_T0.5/6/corridor_bounds+dynamics+geo_bounds+halfspace+obstacles/dpcc-r,
33,corridor|fm|K5,corridor,fm,5.0,6,test,corridor_bounds+dynamics+geo_bounds+halfspace+obstacles,dpcc-r-tightened,npz,1.0,10,0,0.0,0.0,0.0,0.0,0.0,0.0,10.0,,/data/home/llim/FMPCC/FM-PCC/logs/UAV_MIX/uav-corridor/plans/mix_uav_fm/H8_Dmodels.diffusion.FlowMatchingODE_9D/Efm_K5_mpc4_pid_stopgo_T0.5,dpcc-r,True,4.0,pid_stopgo,0.5,,Gen15,dpcc-r-tightened,/data/home/llim/FMPCC/FM-PCC/logs/UAV_MIX/uav-corridor/plans/mix_uav_fm/H8_Dmodels.diffusion.FlowMatchingODE_9D/Efm_K5_mpc4_pid_stopgo_T0.5/6/corridor_bounds+dynamics+geo_bounds+halfspace+obstacles/dpcc-r-tightened/dpcc-r-tightened.npz,/data/home/llim/FMPCC/FM-PCC/logs/UAV_MIX/uav-corridor/plans/mix_uav_fm/H8_Dmodels.diffusion.FlowMatchingODE_9D/Efm_K5_mpc4_pid_stopgo_T0.5/6/corridor_bounds+dynamics+geo_bounds+halfspace+obstacles/dpcc-r-tightened,
33,corridor|fm|K5,corridor,fm,5.0,6,test,corridor_bounds+dynamics+geo_bounds+halfspace+obstacles,dpcc-t,npz,1.0,10,0,0.0,0.0,0.0,0.0,0.0,0.0,10.0,,/data/home/llim/FMPCC/FM-PCC/logs/UAV_MIX/uav-corridor/plans/mix_uav_fm/H8_Dmodels.diffusion.FlowMatchingODE_9D/Efm_K5_mpc4_pid_stopgo_T0.5,dpcc-t,False,4.0,pid_stopgo,0.5,,Gen15,dpcc-t,/data/home/llim/FMPCC/FM-PCC/logs/UAV_MIX/uav-corridor/plans/mix_uav_fm/H8_Dmodels.diffusion.FlowMatchingODE_9D/Efm_K5_mpc4_pid_stopgo_T0.5/6/corridor_bounds+dynamics+geo_bounds+halfspace+obstacles/dpcc-t/dpcc-t.npz,/data/home/llim/FMPCC/FM-PCC/logs/UAV_MIX/uav-corridor/plans/mix_uav_fm/H8_Dmodels.diffusion.FlowMatchingODE_9D/Efm_K5_mpc4_pid_stopgo_T0.5/6/corridor_bounds+dynamics+geo_bounds+halfspace+obstacles/dpcc-t,
33,corridor|fm|K5,corridor,fm,5.0,6,test,corridor_bounds+dynamics+geo_bounds+halfspace+obstacles,dpcc-t-tightened,npz,1.0,10,0,0.0,0.0,0.0,0.0,0.0,0.0,10.0,,/data/home/llim/FMPCC/FM-PCC/logs/UAV_MIX/uav-corridor/plans/mix_uav_fm/H8_Dmodels.diffusion.FlowMatchingODE_9D/Efm_K5_mpc4_pid_stopgo_T0.5,dpcc-t,True,4.0,pid_stopgo,0.5,,Gen15,dpcc-t-tightened,/data/home/llim/FMPCC/FM-PCC/logs/UAV_MIX/uav-corridor/plans/mix_uav_fm/H8_Dmodels.diffusion.FlowMatchingODE_9D/Efm_K5_mpc4_pid_stopgo_T0.5/6/corridor_bounds+dynamics+geo_bounds+halfspace+obstacles/dpcc-t-tightened/dpcc-t-tightened.npz,/data/home/llim/FMPCC/FM-PCC/logs/UAV_MIX/uav-corridor/plans/mix_uav_fm/H8_Dmodels.diffusion.FlowMatchingODE_9D/Efm_K5_mpc4_pid_stopgo_T0.5/6/corridor_bounds+dynamics+geo_bounds+halfspace+obstacles/dpcc-t-tightened,
33,corridor|fm|K5,corridor,fm,5.0,6,test,corridor_bounds+dynamics+geo_bounds+halfspace+obstacles,geo_free,npz,1.0,10,0,0.0,0.0,0.0,0.0,0.0,0.0,10.0,,/data/home/llim/FMPCC/FM-PCC/logs/UAV_MIX/uav-corridor/plans/mix_uav_fm/H8_Dmodels.diffusion.FlowMatchingODE_9D/Efm_K5_mpc4_pid_stopgo_T0.5,geo_free,False,4.0,pid_stopgo,0.5,,Gen15,geo_free,/data/home/llim/FMPCC/FM-PCC/logs/UAV_MIX/uav-corridor/plans/mix_uav_fm/H8_Dmodels.diffusion.FlowMatchingODE_9D/Efm_K5_mpc4_pid_stopgo_T0.5/6/corridor_bounds+dynamics+geo_bounds+halfspace+obstacles/geo_free/geo_free.npz,/data/home/llim/FMPCC/FM-PCC/logs/UAV_MIX/uav-corridor/plans/mix_uav_fm/H8_Dmodels.diffusion.FlowMatchingODE_9D/Efm_K5_mpc4_pid_stopgo_T0.5/6/corridor_bounds+dynamics+geo_bounds+halfspace+obstacles/geo_free,
33,corridor|fm|K5,corridor,fm,5.0,6,test,corridor_bounds+dynamics+geo_bounds+halfspace+obstacles,geo_free-bounds_free,npz,1.0,10,0,0.0,0.0,0.0,0.0,0.0,0.0,10.0,,/data/home/llim/FMPCC/FM-PCC/logs/UAV_MIX/uav-corridor/plans/mix_uav_fm/H8_Dmodels.diffusion.FlowMatchingODE_9D/Efm_K5_mpc4_pid_stopgo_T0.5,geo_free-bounds_free,False,4.0,pid_stopgo,0.5,,Gen15,geo_free-bounds_free,/data/home/llim/FMPCC/FM-PCC/logs/UAV_MIX/uav-corridor/plans/mix_uav_fm/H8_Dmodels.diffusion.FlowMatchingODE_9D/Efm_K5_mpc4_pid_stopgo_T0.5/6/corridor_bounds+dynamics+geo_bounds+halfspace+obstacles/geo_free-bounds_free/geo_free-bounds_free.npz,/data/home/llim/FMPCC/FM-PCC/logs/UAV_MIX/uav-corridor/plans/mix_uav_fm/H8_Dmodels.diffusion.FlowMatchingODE_9D/Efm_K5_mpc4_pid_stopgo_T0.5/6/corridor_bounds+dynamics+geo_bounds+halfspace+obstacles/geo_free-bounds_free,
33,corridor|fm|K5,corridor,fm,5.0,6,test,corridor_bounds+dynamics+geo_bounds+halfspace+obstacles,geo_free-model_free,npz,1.0,10,0,0.0,0.0,0.0,0.0,0.0,0.0,10.0,,/data/home/llim/FMPCC/FM-PCC/logs/UAV_MIX/uav-corridor/plans/mix_uav_fm/H8_Dmodels.diffusion.FlowMatchingODE_9D/Efm_K5_mpc4_pid_stopgo_T0.5,geo_free-model_free,False,4.0,pid_stopgo,0.5,,Gen15,geo_free-model_free,/data/home/llim/FMPCC/FM-PCC/logs/UAV_MIX/uav-corridor/plans/mix_uav_fm/H8_Dmodels.diffusion.FlowMatchingODE_9D/Efm_K5_mpc4_pid_stopgo_T0.5/6/corridor_bounds+dynamics+geo_bounds+halfspace+obstacles/geo_free-model_free/geo_free-model_free.npz,/data/home/llim/FMPCC/FM-PCC/logs/UAV_MIX/uav-corridor/plans/mix_uav_fm/H8_Dmodels.diffusion.FlowMatchingODE_9D/Efm_K5_mpc4_pid_stopgo_T0.5/6/corridor_bounds+dynamics+geo_bounds+halfspace+obstacles/geo_free-model_free,
33,corridor|fm|K5,corridor,fm,5.0,6,test,corridor_bounds+dynamics+geo_bounds+halfspace+obstacles,gradient,npz,1.0,10,0,0.0,0.0,0.0,0.0,0.0,0.0,10.0,,/data/home/llim/FMPCC/FM-PCC/logs/UAV_MIX/uav-corridor/plans/mix_uav_fm/H8_Dmodels.diffusion.FlowMatchingODE_9D/Efm_K5_mpc4_pid_stopgo_T0.5,gradient,False,4.0,pid_stopgo,0.5,,Gen15,gradient,/data/home/llim/FMPCC/FM-PCC/logs/UAV_MIX/uav-corridor/plans/mix_uav_fm/H8_Dmodels.diffusion.FlowMatchingODE_9D/Efm_K5_mpc4_pid_stopgo_T0.5/6/corridor_bounds+dynamics+geo_bounds+halfspace+obstacles/gradient/gradient.npz,/data/home/llim/FMPCC/FM-PCC/logs/UAV_MIX/uav-corridor/plans/mix_uav_fm/H8_Dmodels.diffusion.FlowMatchingODE_9D/Efm_K5_mpc4_pid_stopgo_T0.5/6/corridor_bounds+dynamics+geo_bounds+halfspace+obstacles/gradient,
33,corridor|fm|K5,corridor,fm,5.0,6,test,corridor_bounds+dynamics+geo_bounds+halfspace+obstacles,gradient-tightened,npz,1.0,10,0,0.0,0.0,0.0,0.0,0.0,0.0,10.0,,/data/home/llim/FMPCC/FM-PCC/logs/UAV_MIX/uav-corridor/plans/mix_uav_fm/H8_Dmodels.diffusion.FlowMatchingODE_9D/Efm_K5_mpc4_pid_stopgo_T0.5,gradient,True,4.0,pid_stopgo,0.5,,Gen15,gradient-tightened,/data/home/llim/FMPCC/FM-PCC/logs/UAV_MIX/uav-corridor/plans/mix_uav_fm/H8_Dmodels.diffusion.FlowMatchingODE_9D/Efm_K5_mpc4_pid_stopgo_T0.5/6/corridor_bounds+dynamics+geo_bounds+halfspace+obstacles/gradient-tightened/gradient-tightened.npz,/data/home/llim/FMPCC/FM-PCC/logs/UAV_MIX/uav-corridor/plans/mix_uav_fm/H8_Dmodels.diffusion.FlowMatchingODE_9D/Efm_K5_mpc4_pid_stopgo_T0.5/6/corridor_bounds+dynamics+geo_bounds+halfspace+obstacles/gradient-tightened,
33,corridor|fm|K5,corridor,fm,5.0,6,test,corridor_bounds+dynamics+geo_bounds+halfspace+obstacles,hardflow_new,npz,1.0,10,0,0.0,0.0,0.0,0.0,0.0,0.0,10.0,,/data/home/llim/FMPCC/FM-PCC/logs/UAV_MIX/uav-corridor/plans/mix_uav_fm/H8_Dmodels.diffusion.FlowMatchingODE_9D/Efm_K5_mpc4_pid_stopgo_T0.5,hardflow_new,False,4.0,pid_stopgo,0.5,,Gen15,hardflow_new,/data/home/llim/FMPCC/FM-PCC/logs/UAV_MIX/uav-corridor/plans/mix_uav_fm/H8_Dmodels.diffusion.FlowMatchingODE_9D/Efm_K5_mpc4_pid_stopgo_T0.5/6/corridor_bounds+dynamics+geo_bounds+halfspace+obstacles/hardflow_new/hardflow_new.npz,/data/home/llim/FMPCC/FM-PCC/logs/UAV_MIX/uav-corridor/plans/mix_uav_fm/H8_Dmodels.diffusion.FlowMatchingODE_9D/Efm_K5_mpc4_pid_stopgo_T0.5/6/corridor_bounds+dynamics+geo_bounds+halfspace+obstacles/hardflow_new,
33,corridor|fm|K5,corridor,fm,5.0,6,test,corridor_bounds+dynamics+geo_bounds+halfspace+obstacles,hardflow_new-c,npz,1.0,10,0,0.0,0.0,0.0,0.0,0.0,0.0,10.0,,/data/home/llim/FMPCC/FM-PCC/logs/UAV_MIX/uav-corridor/plans/mix_uav_fm/H8_Dmodels.diffusion.FlowMatchingODE_9D/Efm_K5_mpc4_pid_stopgo_T0.5,hardflow_new-c,False,4.0,pid_stopgo,0.5,,Gen15,hardflow_new-c,/data/home/llim/FMPCC/FM-PCC/logs/UAV_MIX/uav-corridor/plans/mix_uav_fm/H8_Dmodels.diffusion.FlowMatchingODE_9D/Efm_K5_mpc4_pid_stopgo_T0.5/6/corridor_bounds+dynamics+geo_bounds+halfspace+obstacles/hardflow_new-c/hardflow_new-c.npz,/data/home/llim/FMPCC/FM-PCC/logs/UAV_MIX/uav-corridor/plans/mix_uav_fm/H8_Dmodels.diffusion.FlowMatchingODE_9D/Efm_K5_mpc4_pid_stopgo_T0.5/6/corridor_bounds+dynamics+geo_bounds+halfspace+obstacles/hardflow_new-c,
33,corridor|fm|K5,corridor,fm,5.0,6,test,corridor_bounds+dynamics+geo_bounds+halfspace+obstacles,hardflow_new-t,npz,1.0,10,0,0.0,0.0,0.0,0.0,0.0,0.0,10.0,,/data/home/llim/FMPCC/FM-PCC/logs/UAV_MIX/uav-corridor/plans/mix_uav_fm/H8_Dmodels.diffusion.FlowMatchingODE_9D/Efm_K5_mpc4_pid_stopgo_T0.5,hardflow_new-t,False,4.0,pid_stopgo,0.5,,Gen15,hardflow_new-t,/data/home/llim/FMPCC/FM-PCC/logs/UAV_MIX/uav-corridor/plans/mix_uav_fm/H8_Dmodels.diffusion.FlowMatchingODE_9D/Efm_K5_mpc4_pid_stopgo_T0.5/6/corridor_bounds+dynamics+geo_bounds+halfspace+obstacles/hardflow_new-t/hardflow_new-t.npz,/data/home/llim/FMPCC/FM-PCC/logs/UAV_MIX/uav-corridor/plans/mix_uav_fm/H8_Dmodels.diffusion.FlowMatchingODE_9D/Efm_K5_mpc4_pid_stopgo_T0.5/6/corridor_bounds+dynamics+geo_bounds+halfspace+obstacles/hardflow_new-t,
33,corridor|fm|K5,corridor,fm,5.0,6,test,corridor_bounds+dynamics+geo_bounds+halfspace+obstacles,model_free,npz,1.0,10,0,0.0,0.0,0.0,0.0,0.0,0.0,10.0,,/data/home/llim/FMPCC/FM-PCC/logs/UAV_MIX/uav-corridor/plans/mix_uav_fm/H8_Dmodels.diffusion.FlowMatchingODE_9D/Efm_K5_mpc4_pid_stopgo_T0.5,model_free,False,4.0,pid_stopgo,0.5,,Gen15,model_free,/data/home/llim/FMPCC/FM-PCC/logs/UAV_MIX/uav-corridor/plans/mix_uav_fm/H8_Dmodels.diffusion.FlowMatchingODE_9D/Efm_K5_mpc4_pid_stopgo_T0.5/6/corridor_bounds+dynamics+geo_bounds+halfspace+obstacles/model_free/model_free.npz,/data/home/llim/FMPCC/FM-PCC/logs/UAV_MIX/uav-corridor/plans/mix_uav_fm/H8_Dmodels.diffusion.FlowMatchingODE_9D/Efm_K5_mpc4_pid_stopgo_T0.5/6/corridor_bounds+dynamics+geo_bounds+halfspace+obstacles/model_free,
33,corridor|fm|K5,corridor,fm,5.0,6,test,corridor_bounds+dynamics+geo_bounds+halfspace+obstacles,model_free-bounds_free,npz,1.0,10,0,0.0,0.0,0.0,0.0,0.0,0.0,10.0,,/data/home/llim/FMPCC/FM-PCC/logs/UAV_MIX/uav-corridor/plans/mix_uav_fm/H8_Dmodels.diffusion.FlowMatchingODE_9D/Efm_K5_mpc4_pid_stopgo_T0.5,model_free-bounds_free,False,4.0,pid_stopgo,0.5,,Gen15,model_free-bounds_free,/data/home/llim/FMPCC/FM-PCC/logs/UAV_MIX/uav-corridor/plans/mix_uav_fm/H8_Dmodels.diffusion.FlowMatchingODE_9D/Efm_K5_mpc4_pid_stopgo_T0.5/6/corridor_bounds+dynamics+geo_bounds+halfspace+obstacles/model_free-bounds_free/model_free-bounds_free.npz,/data/home/llim/FMPCC/FM-PCC/logs/UAV_MIX/uav-corridor/plans/mix_uav_fm/H8_Dmodels.diffusion.FlowMatchingODE_9D/Efm_K5_mpc4_pid_stopgo_T0.5/6/corridor_bounds+dynamics+geo_bounds+halfspace+obstacles/model_free-bounds_free,
33,corridor|fm|K5,corridor,fm,5.0,6,test,corridor_bounds+dynamics+geo_bounds+halfspace+obstacles,model_free-bounds_free-tightened,npz,1.0,10,0,0.0,0.0,0.0,0.0,0.0,0.0,10.0,,/data/home/llim/FMPCC/FM-PCC/logs/UAV_MIX/uav-corridor/plans/mix_uav_fm/H8_Dmodels.diffusion.FlowMatchingODE_9D/Efm_K5_mpc4_pid_stopgo_T0.5,model_free-bounds_free,True,4.0,pid_stopgo,0.5,,Gen15,model_free-bounds_free-tightened,/data/home/llim/FMPCC/FM-PCC/logs/UAV_MIX/uav-corridor/plans/mix_uav_fm/H8_Dmodels.diffusion.FlowMatchingODE_9D/Efm_K5_mpc4_pid_stopgo_T0.5/6/corridor_bounds+dynamics+geo_bounds+halfspace+obstacles/model_free-bounds_free-tightened/model_free-bounds_free-tightened.npz,/data/home/llim/FMPCC/FM-PCC/logs/UAV_MIX/uav-corridor/plans/mix_uav_fm/H8_Dmodels.diffusion.FlowMatchingODE_9D/Efm_K5_mpc4_pid_stopgo_T0.5/6/corridor_bounds+dynamics+geo_bounds+halfspace+obstacles/model_free-bounds_free-tightened,
33,corridor|fm|K5,corridor,fm,5.0,6,test,corridor_bounds+dynamics+geo_bounds+halfspace+obstacles,model_free-tightened,npz,1.0,10,0,0.0,0.0,0.0,0.0,0.0,0.0,10.0,,/data/home/llim/FMPCC/FM-PCC/logs/UAV_MIX/uav-corridor/plans/mix_uav_fm/H8_Dmodels.diffusion.FlowMatchingODE_9D/Efm_K5_mpc4_pid_stopgo_T0.5,model_free,True,4.0,pid_stopgo,0.5,,Gen15,model_free-tightened,/data/home/llim/FMPCC/FM-PCC/logs/UAV_MIX/uav-corridor/plans/mix_uav_fm/H8_Dmodels.diffusion.FlowMatchingODE_9D/Efm_K5_mpc4_pid_stopgo_T0.5/6/corridor_bounds+dynamics+geo_bounds+halfspace+obstacles/model_free-tightened/model_free-tightened.npz,/data/home/llim/FMPCC/FM-PCC/logs/UAV_MIX/uav-corridor/plans/mix_uav_fm/H8_Dmodels.diffusion.FlowMatchingODE_9D/Efm_K5_mpc4_pid_stopgo_T0.5/6/corridor_bounds+dynamics+geo_bounds+halfspace+obstacles/model_free-tightened,
33,corridor|fm|K5,corridor,fm,5.0,6,test,corridor_bounds+dynamics+geo_bounds+halfspace+obstacles,post_processing,npz,1.0,10,0,0.0,0.0,0.0,0.0,0.0,0.0,10.0,,/data/home/llim/FMPCC/FM-PCC/logs/UAV_MIX/uav-corridor/plans/mix_uav_fm/H8_Dmodels.diffusion.FlowMatchingODE_9D/Efm_K5_mpc4_pid_stopgo_T0.5,post_processing,False,4.0,pid_stopgo,0.5,,Gen15,post_processing,/data/home/llim/FMPCC/FM-PCC/logs/UAV_MIX/uav-corridor/plans/mix_uav_fm/H8_Dmodels.diffusion.FlowMatchingODE_9D/Efm_K5_mpc4_pid_stopgo_T0.5/6/corridor_bounds+dynamics+geo_bounds+halfspace+obstacles/post_processing/post_processing.npz,/data/home/llim/FMPCC/FM-PCC/logs/UAV_MIX/uav-corridor/plans/mix_uav_fm/H8_Dmodels.diffusion.FlowMatchingODE_9D/Efm_K5_mpc4_pid_stopgo_T0.5/6/corridor_bounds+dynamics+geo_bounds+halfspace+obstacles/post_processing,
33,corridor|fm|K5,corridor,fm,5.0,6,test,corridor_bounds+dynamics+geo_bounds+halfspace+obstacles,post_processing-tightened,npz,1.0,10,0,0.0,0.0,0.0,0.0,0.0,0.0,10.0,,/data/home/llim/FMPCC/FM-PCC/logs/UAV_MIX/uav-corridor/plans/mix_uav_fm/H8_Dmodels.diffusion.FlowMatchingODE_9D/Efm_K5_mpc4_pid_stopgo_T0.5,post_processing,True,4.0,pid_stopgo,0.5,,Gen15,post_processing-tightened,/data/home/llim/FMPCC/FM-PCC/logs/UAV_MIX/uav-corridor/plans/mix_uav_fm/H8_Dmodels.diffusion.FlowMatchingODE_9D/Efm_K5_mpc4_pid_stopgo_T0.5/6/corridor_bounds+dynamics+geo_bounds+halfspace+obstacles/post_processing-tightened/post_processing-tightened.npz,/data/home/llim/FMPCC/FM-PCC/logs/UAV_MIX/uav-corridor/plans/mix_uav_fm/H8_Dmodels.diffusion.FlowMatchingODE_9D/Efm_K5_mpc4_pid_stopgo_T0.5/6/corridor_bounds+dynamics+geo_bounds+halfspace+obstacles/post_processing-tightened,
34,corridor|mf|K10|bbunet|dp0.5,corridor,mf,10.0,6,test,corridor_bounds+dynamics+geo_bounds+halfspace+obstacles,bounds_free,npz,1.0,10,0,0.0,0.0,0.0,0.0,0.0,0.0,10.0,,/data/home/llim/FMPCC/FM-PCC/logs/UAV_MIX/uav-corridor/plans/mix_uav_mf/H8_Dmodels.mf_diffusion.MeanFlowODE_9D_dp0.5_bbunet/Emf_K10_mpc4_pid_stopgo_T0.5,bounds_free,False,4.0,pid_stopgo,0.5,unet,Gen15,bounds_free,/data/home/llim/FMPCC/FM-PCC/logs/UAV_MIX/uav-corridor/plans/mix_uav_mf/H8_Dmodels.mf_diffusion.MeanFlowODE_9D_dp0.5_bbunet/Emf_K10_mpc4_pid_stopgo_T0.5/6/corridor_bounds+dynamics+geo_bounds+halfspace+obstacles/bounds_free/bounds_free.npz,/data/home/llim/FMPCC/FM-PCC/logs/UAV_MIX/uav-corridor/plans/mix_uav_mf/H8_Dmodels.mf_diffusion.MeanFlowODE_9D_dp0.5_bbunet/Emf_K10_mpc4_pid_stopgo_T0.5/6/corridor_bounds+dynamics+geo_bounds+halfspace+obstacles/bounds_free,
34,corridor|mf|K10|bbunet|dp0.5,corridor,mf,10.0,6,test,corridor_bounds+dynamics+geo_bounds+halfspace+obstacles,bounds_free-tightened,npz,1.0,10,0,0.0,0.0,0.0,0.0,0.0,0.0,10.0,,/data/home/llim/FMPCC/FM-PCC/logs/UAV_MIX/uav-corridor/plans/mix_uav_mf/H8_Dmodels.mf_diffusion.MeanFlowODE_9D_dp0.5_bbunet/Emf_K10_mpc4_pid_stopgo_T0.5,bounds_free,True,4.0,pid_stopgo,0.5,unet,Gen15,bounds_free-tightened,/data/home/llim/FMPCC/FM-PCC/logs/UAV_MIX/uav-corridor/plans/mix_uav_mf/H8_Dmodels.mf_diffusion.MeanFlowODE_9D_dp0.5_bbunet/Emf_K10_mpc4_pid_stopgo_T0.5/6/corridor_bounds+dynamics+geo_bounds+halfspace+obstacles/bounds_free-tightened/bounds_free-tightened.npz,/data/home/llim/FMPCC/FM-PCC/logs/UAV_MIX/uav-corridor/plans/mix_uav_mf/H8_Dmodels.mf_diffusion.MeanFlowODE_9D_dp0.5_bbunet/Emf_K10_mpc4_pid_stopgo_T0.5/6/corridor_bounds+dynamics+geo_bounds+halfspace+obstacles/bounds_free-tightened,
34,corridor|mf|K10|bbunet|dp0.5,corridor,mf,10.0,6,test,corridor_bounds+dynamics+geo_bounds+halfspace+obstacles,diffuser,npz,0.0,10,0,0.0,0.0,0.0,0.0,0.0,0.0,10.0,,/data/home/llim/FMPCC/FM-PCC/logs/UAV_MIX/uav-corridor/plans/mix_uav_mf/H8_Dmodels.mf_diffusion.MeanFlowODE_9D_dp0.5_bbunet/Emf_K10_mpc4_pid_stopgo_T0.5,diffuser,False,4.0,pid_stopgo,0.5,unet,Gen15,diffuser,/data/home/llim/FMPCC/FM-PCC/logs/UAV_MIX/uav-corridor/plans/mix_uav_mf/H8_Dmodels.mf_diffusion.MeanFlowODE_9D_dp0.5_bbunet/Emf_K10_mpc4_pid_stopgo_T0.5/6/corridor_bounds+dynamics+geo_bounds+halfspace+obstacles/diffuser/diffuser.npz,/data/home/llim/FMPCC/FM-PCC/logs/UAV_MIX/uav-corridor/plans/mix_uav_mf/H8_Dmodels.mf_diffusion.MeanFlowODE_9D_dp0.5_bbunet/Emf_K10_mpc4_pid_stopgo_T0.5/6/corridor_bounds+dynamics+geo_bounds+halfspace+obstacles/diffuser,
34,corridor|mf|K10|bbunet|dp0.5,corridor,mf,10.0,6,test,corridor_bounds+dynamics+geo_bounds+halfspace+obstacles,dpcc-c,npz,1.0,10,0,0.0,0.0,0.0,0.0,0.0,0.0,10.0,,/data/home/llim/FMPCC/FM-PCC/logs/UAV_MIX/uav-corridor/plans/mix_uav_mf/H8_Dmodels.mf_diffusion.MeanFlowODE_9D_dp0.5_bbunet/Emf_K10_mpc4_pid_stopgo_T0.5,dpcc-c,False,4.0,pid_stopgo,0.5,unet,Gen15,dpcc-c,/data/home/llim/FMPCC/FM-PCC/logs/UAV_MIX/uav-corridor/plans/mix_uav_mf/H8_Dmodels.mf_diffusion.MeanFlowODE_9D_dp0.5_bbunet/Emf_K10_mpc4_pid_stopgo_T0.5/6/corridor_bounds+dynamics+geo_bounds+halfspace+obstacles/dpcc-c/dpcc-c.npz,/data/home/llim/FMPCC/FM-PCC/logs/UAV_MIX/uav-corridor/plans/mix_uav_mf/H8_Dmodels.mf_diffusion.MeanFlowODE_9D_dp0.5_bbunet/Emf_K10_mpc4_pid_stopgo_T0.5/6/corridor_bounds+dynamics+geo_bounds+halfspace+obstacles/dpcc-c,
34,corridor|mf|K10|bbunet|dp0.5,corridor,mf,10.0,6,test,corridor_bounds+dynamics+geo_bounds+halfspace+obstacles,dpcc-c-tightened,npz,1.0,10,0,0.0,0.0,0.0,0.0,0.0,0.0,10.0,,/data/home/llim/FMPCC/FM-PCC/logs/UAV_MIX/uav-corridor/plans/mix_uav_mf/H8_Dmodels.mf_diffusion.MeanFlowODE_9D_dp0.5_bbunet/Emf_K10_mpc4_pid_stopgo_T0.5,dpcc-c,True,4.0,pid_stopgo,0.5,unet,Gen15,dpcc-c-tightened,/data/home/llim/FMPCC/FM-PCC/logs/UAV_MIX/uav-corridor/plans/mix_uav_mf/H8_Dmodels.mf_diffusion.MeanFlowODE_9D_dp0.5_bbunet/Emf_K10_mpc4_pid_stopgo_T0.5/6/corridor_bounds+dynamics+geo_bounds+halfspace+obstacles/dpcc-c-tightened/dpcc-c-tightened.npz,/data/home/llim/FMPCC/FM-PCC/logs/UAV_MIX/uav-corridor/plans/mix_uav_mf/H8_Dmodels.mf_diffusion.MeanFlowODE_9D_dp0.5_bbunet/Emf_K10_mpc4_pid_stopgo_T0.5/6/corridor_bounds+dynamics+geo_bounds+halfspace+obstacles/dpcc-c-tightened,
34,corridor|mf|K10|bbunet|dp0.5,corridor,mf,10.0,6,test,corridor_bounds+dynamics+geo_bounds+halfspace+obstacles,dpcc-r,npz,1.0,10,0,0.0,0.0,0.0,0.0,0.0,0.0,10.0,,/data/home/llim/FMPCC/FM-PCC/logs/UAV_MIX/uav-corridor/plans/mix_uav_mf/H8_Dmodels.mf_diffusion.MeanFlowODE_9D_dp0.5_bbunet/Emf_K10_mpc4_pid_stopgo_T0.5,dpcc-r,False,4.0,pid_stopgo,0.5,unet,Gen15,dpcc-r,/data/home/llim/FMPCC/FM-PCC/logs/UAV_MIX/uav-corridor/plans/mix_uav_mf/H8_Dmodels.mf_diffusion.MeanFlowODE_9D_dp0.5_bbunet/Emf_K10_mpc4_pid_stopgo_T0.5/6/corridor_bounds+dynamics+geo_bounds+halfspace+obstacles/dpcc-r/dpcc-r.npz,/data/home/llim/FMPCC/FM-PCC/logs/UAV_MIX/uav-corridor/plans/mix_uav_mf/H8_Dmodels.mf_diffusion.MeanFlowODE_9D_dp0.5_bbunet/Emf_K10_mpc4_pid_stopgo_T0.5/6/corridor_bounds+dynamics+geo_bounds+halfspace+obstacles/dpcc-r,
34,corridor|mf|K10|bbunet|dp0.5,corridor,mf,10.0,6,test,corridor_bounds+dynamics+geo_bounds+halfspace+obstacles,dpcc-r-tightened,npz,1.0,10,0,0.0,0.0,0.0,0.0,0.0,0.0,10.0,,/data/home/llim/FMPCC/FM-PCC/logs/UAV_MIX/uav-corridor/plans/mix_uav_mf/H8_Dmodels.mf_diffusion.MeanFlowODE_9D_dp0.5_bbunet/Emf_K10_mpc4_pid_stopgo_T0.5,dpcc-r,True,4.0,pid_stopgo,0.5,unet,Gen15,dpcc-r-tightened,/data/home/llim/FMPCC/FM-PCC/logs/UAV_MIX/uav-corridor/plans/mix_uav_mf/H8_Dmodels.mf_diffusion.MeanFlowODE_9D_dp0.5_bbunet/Emf_K10_mpc4_pid_stopgo_T0.5/6/corridor_bounds+dynamics+geo_bounds+halfspace+obstacles/dpcc-r-tightened/dpcc-r-tightened.npz,/data/home/llim/FMPCC/FM-PCC/logs/UAV_MIX/uav-corridor/plans/mix_uav_mf/H8_Dmodels.mf_diffusion.MeanFlowODE_9D_dp0.5_bbunet/Emf_K10_mpc4_pid_stopgo_T0.5/6/corridor_bounds+dynamics+geo_bounds+halfspace+obstacles/dpcc-r-tightened,
34,corridor|mf|K10|bbunet|dp0.5,corridor,mf,10.0,6,test,corridor_bounds+dynamics+geo_bounds+halfspace+obstacles,dpcc-t,npz,1.0,10,0,0.0,0.0,0.0,0.0,0.0,0.0,10.0,,/data/home/llim/FMPCC/FM-PCC/logs/UAV_MIX/uav-corridor/plans/mix_uav_mf/H8_Dmodels.mf_diffusion.MeanFlowODE_9D_dp0.5_bbunet/Emf_K10_mpc4_pid_stopgo_T0.5,dpcc-t,False,4.0,pid_stopgo,0.5,unet,Gen15,dpcc-t,/data/home/llim/FMPCC/FM-PCC/logs/UAV_MIX/uav-corridor/plans/mix_uav_mf/H8_Dmodels.mf_diffusion.MeanFlowODE_9D_dp0.5_bbunet/Emf_K10_mpc4_pid_stopgo_T0.5/6/corridor_bounds+dynamics+geo_bounds+halfspace+obstacles/dpcc-t/dpcc-t.npz,/data/home/llim/FMPCC/FM-PCC/logs/UAV_MIX/uav-corridor/plans/mix_uav_mf/H8_Dmodels.mf_diffusion.MeanFlowODE_9D_dp0.5_bbunet/Emf_K10_mpc4_pid_stopgo_T0.5/6/corridor_bounds+dynamics+geo_bounds+halfspace+obstacles/dpcc-t,
34,corridor|mf|K10|bbunet|dp0.5,corridor,mf,10.0,6,test,corridor_bounds+dynamics+geo_bounds+halfspace+obstacles,dpcc-t-tightened,npz,1.0,10,0,0.0,0.0,0.0,0.0,0.0,0.0,10.0,,/data/home/llim/FMPCC/FM-PCC/logs/UAV_MIX/uav-corridor/plans/mix_uav_mf/H8_Dmodels.mf_diffusion.MeanFlowODE_9D_dp0.5_bbunet/Emf_K10_mpc4_pid_stopgo_T0.5,dpcc-t,True,4.0,pid_stopgo,0.5,unet,Gen15,dpcc-t-tightened,/data/home/llim/FMPCC/FM-PCC/logs/UAV_MIX/uav-corridor/plans/mix_uav_mf/H8_Dmodels.mf_diffusion.MeanFlowODE_9D_dp0.5_bbunet/Emf_K10_mpc4_pid_stopgo_T0.5/6/corridor_bounds+dynamics+geo_bounds+halfspace+obstacles/dpcc-t-tightened/dpcc-t-tightened.npz,/data/home/llim/FMPCC/FM-PCC/logs/UAV_MIX/uav-corridor/plans/mix_uav_mf/H8_Dmodels.mf_diffusion.MeanFlowODE_9D_dp0.5_bbunet/Emf_K10_mpc4_pid_stopgo_T0.5/6/corridor_bounds+dynamics+geo_bounds+halfspace+obstacles/dpcc-t-tightened,
34,corridor|mf|K10|bbunet|dp0.5,corridor,mf,10.0,6,test,corridor_bounds+dynamics+geo_bounds+halfspace+obstacles,geo_free,npz,1.0,10,0,0.0,0.0,0.0,0.0,0.0,0.0,10.0,,/data/home/llim/FMPCC/FM-PCC/logs/UAV_MIX/uav-corridor/plans/mix_uav_mf/H8_Dmodels.mf_diffusion.MeanFlowODE_9D_dp0.5_bbunet/Emf_K10_mpc4_pid_stopgo_T0.5,geo_free,False,4.0,pid_stopgo,0.5,unet,Gen15,geo_free,/data/home/llim/FMPCC/FM-PCC/logs/UAV_MIX/uav-corridor/plans/mix_uav_mf/H8_Dmodels.mf_diffusion.MeanFlowODE_9D_dp0.5_bbunet/Emf_K10_mpc4_pid_stopgo_T0.5/6/corridor_bounds+dynamics+geo_bounds+halfspace+obstacles/geo_free/geo_free.npz,/data/home/llim/FMPCC/FM-PCC/logs/UAV_MIX/uav-corridor/plans/mix_uav_mf/H8_Dmodels.mf_diffusion.MeanFlowODE_9D_dp0.5_bbunet/Emf_K10_mpc4_pid_stopgo_T0.5/6/corridor_bounds+dynamics+geo_bounds+halfspace+obstacles/geo_free,
34,corridor|mf|K10|bbunet|dp0.5,corridor,mf,10.0,6,test,corridor_bounds+dynamics+geo_bounds+halfspace+obstacles,geo_free-bounds_free,npz,1.0,10,0,0.0,0.0,0.0,0.0,0.0,0.0,10.0,,/data/home/llim/FMPCC/FM-PCC/logs/UAV_MIX/uav-corridor/plans/mix_uav_mf/H8_Dmodels.mf_diffusion.MeanFlowODE_9D_dp0.5_bbunet/Emf_K10_mpc4_pid_stopgo_T0.5,geo_free-bounds_free,False,4.0,pid_stopgo,0.5,unet,Gen15,geo_free-bounds_free,/data/home/llim/FMPCC/FM-PCC/logs/UAV_MIX/uav-corridor/plans/mix_uav_mf/H8_Dmodels.mf_diffusion.MeanFlowODE_9D_dp0.5_bbunet/Emf_K10_mpc4_pid_stopgo_T0.5/6/corridor_bounds+dynamics+geo_bounds+halfspace+obstacles/geo_free-bounds_free/geo_free-bounds_free.npz,/data/home/llim/FMPCC/FM-PCC/logs/UAV_MIX/uav-corridor/plans/mix_uav_mf/H8_Dmodels.mf_diffusion.MeanFlowODE_9D_dp0.5_bbunet/Emf_K10_mpc4_pid_stopgo_T0.5/6/corridor_bounds+dynamics+geo_bounds+halfspace+obstacles/geo_free-bounds_free,
34,corridor|mf|K10|bbunet|dp0.5,corridor,mf,10.0,6,test,corridor_bounds+dynamics+geo_bounds+halfspace+obstacles,geo_free-model_free,npz,1.0,10,0,0.0,0.0,0.0,0.0,0.0,0.0,10.0,,/data/home/llim/FMPCC/FM-PCC/logs/UAV_MIX/uav-corridor/plans/mix_uav_mf/H8_Dmodels.mf_diffusion.MeanFlowODE_9D_dp0.5_bbunet/Emf_K10_mpc4_pid_stopgo_T0.5,geo_free-model_free,False,4.0,pid_stopgo,0.5,unet,Gen15,geo_free-model_free,/data/home/llim/FMPCC/FM-PCC/logs/UAV_MIX/uav-corridor/plans/mix_uav_mf/H8_Dmodels.mf_diffusion.MeanFlowODE_9D_dp0.5_bbunet/Emf_K10_mpc4_pid_stopgo_T0.5/6/corridor_bounds+dynamics+geo_bounds+halfspace+obstacles/geo_free-model_free/geo_free-model_free.npz,/data/home/llim/FMPCC/FM-PCC/logs/UAV_MIX/uav-corridor/plans/mix_uav_mf/H8_Dmodels.mf_diffusion.MeanFlowODE_9D_dp0.5_bbunet/Emf_K10_mpc4_pid_stopgo_T0.5/6/corridor_bounds+dynamics+geo_bounds+halfspace+obstacles/geo_free-model_free,
34,corridor|mf|K10|bbunet|dp0.5,corridor,mf,10.0,6,test,corridor_bounds+dynamics+geo_bounds+halfspace+obstacles,gradient,npz,1.0,10,0,0.0,0.0,0.0,0.0,0.0,0.0,10.0,,/data/home/llim/FMPCC/FM-PCC/logs/UAV_MIX/uav-corridor/plans/mix_uav_mf/H8_Dmodels.mf_diffusion.MeanFlowODE_9D_dp0.5_bbunet/Emf_K10_mpc4_pid_stopgo_T0.5,gradient,False,4.0,pid_stopgo,0.5,unet,Gen15,gradient,/data/home/llim/FMPCC/FM-PCC/logs/UAV_MIX/uav-corridor/plans/mix_uav_mf/H8_Dmodels.mf_diffusion.MeanFlowODE_9D_dp0.5_bbunet/Emf_K10_mpc4_pid_stopgo_T0.5/6/corridor_bounds+dynamics+geo_bounds+halfspace+obstacles/gradient/gradient.npz,/data/home/llim/FMPCC/FM-PCC/logs/UAV_MIX/uav-corridor/plans/mix_uav_mf/H8_Dmodels.mf_diffusion.MeanFlowODE_9D_dp0.5_bbunet/Emf_K10_mpc4_pid_stopgo_T0.5/6/corridor_bounds+dynamics+geo_bounds+halfspace+obstacles/gradient,
34,corridor|mf|K10|bbunet|dp0.5,corridor,mf,10.0,6,test,corridor_bounds+dynamics+geo_bounds+halfspace+obstacles,gradient-tightened,npz,1.0,10,0,0.0,0.0,0.0,0.0,0.0,0.0,10.0,,/data/home/llim/FMPCC/FM-PCC/logs/UAV_MIX/uav-corridor/plans/mix_uav_mf/H8_Dmodels.mf_diffusion.MeanFlowODE_9D_dp0.5_bbunet/Emf_K10_mpc4_pid_stopgo_T0.5,gradient,True,4.0,pid_stopgo,0.5,unet,Gen15,gradient-tightened,/data/home/llim/FMPCC/FM-PCC/logs/UAV_MIX/uav-corridor/plans/mix_uav_mf/H8_Dmodels.mf_diffusion.MeanFlowODE_9D_dp0.5_bbunet/Emf_K10_mpc4_pid_stopgo_T0.5/6/corridor_bounds+dynamics+geo_bounds+halfspace+obstacles/gradient-tightened/gradient-tightened.npz,/data/home/llim/FMPCC/FM-PCC/logs/UAV_MIX/uav-corridor/plans/mix_uav_mf/H8_Dmodels.mf_diffusion.MeanFlowODE_9D_dp0.5_bbunet/Emf_K10_mpc4_pid_stopgo_T0.5/6/corridor_bounds+dynamics+geo_bounds+halfspace+obstacles/gradient-tightened,
34,corridor|mf|K10|bbunet|dp0.5,corridor,mf,10.0,6,test,corridor_bounds+dynamics+geo_bounds+halfspace+obstacles,model_free,npz,1.0,10,0,0.0,0.0,0.0,0.0,0.0,0.0,10.0,,/data/home/llim/FMPCC/FM-PCC/logs/UAV_MIX/uav-corridor/plans/mix_uav_mf/H8_Dmodels.mf_diffusion.MeanFlowODE_9D_dp0.5_bbunet/Emf_K10_mpc4_pid_stopgo_T0.5,model_free,False,4.0,pid_stopgo,0.5,unet,Gen15,model_free,/data/home/llim/FMPCC/FM-PCC/logs/UAV_MIX/uav-corridor/plans/mix_uav_mf/H8_Dmodels.mf_diffusion.MeanFlowODE_9D_dp0.5_bbunet/Emf_K10_mpc4_pid_stopgo_T0.5/6/corridor_bounds+dynamics+geo_bounds+halfspace+obstacles/model_free/model_free.npz,/data/home/llim/FMPCC/FM-PCC/logs/UAV_MIX/uav-corridor/plans/mix_uav_mf/H8_Dmodels.mf_diffusion.MeanFlowODE_9D_dp0.5_bbunet/Emf_K10_mpc4_pid_stopgo_T0.5/6/corridor_bounds+dynamics+geo_bounds+halfspace+obstacles/model_free,
34,corridor|mf|K10|bbunet|dp0.5,corridor,mf,10.0,6,test,corridor_bounds+dynamics+geo_bounds+halfspace+obstacles,model_free-bounds_free,npz,1.0,10,0,0.0,0.0,0.0,0.0,0.0,0.0,10.0,,/data/home/llim/FMPCC/FM-PCC/logs/UAV_MIX/uav-corridor/plans/mix_uav_mf/H8_Dmodels.mf_diffusion.MeanFlowODE_9D_dp0.5_bbunet/Emf_K10_mpc4_pid_stopgo_T0.5,model_free-bounds_free,False,4.0,pid_stopgo,0.5,unet,Gen15,model_free-bounds_free,/data/home/llim/FMPCC/FM-PCC/logs/UAV_MIX/uav-corridor/plans/mix_uav_mf/H8_Dmodels.mf_diffusion.MeanFlowODE_9D_dp0.5_bbunet/Emf_K10_mpc4_pid_stopgo_T0.5/6/corridor_bounds+dynamics+geo_bounds+halfspace+obstacles/model_free-bounds_free/model_free-bounds_free.npz,/data/home/llim/FMPCC/FM-PCC/logs/UAV_MIX/uav-corridor/plans/mix_uav_mf/H8_Dmodels.mf_diffusion.MeanFlowODE_9D_dp0.5_bbunet/Emf_K10_mpc4_pid_stopgo_T0.5/6/corridor_bounds+dynamics+geo_bounds+halfspace+obstacles/model_free-bounds_free,
34,corridor|mf|K10|bbunet|dp0.5,corridor,mf,10.0,6,test,corridor_bounds+dynamics+geo_bounds+halfspace+obstacles,model_free-bounds_free-tightened,npz,1.0,10,0,0.0,0.0,0.0,0.0,0.0,0.0,10.0,,/data/home/llim/FMPCC/FM-PCC/logs/UAV_MIX/uav-corridor/plans/mix_uav_mf/H8_Dmodels.mf_diffusion.MeanFlowODE_9D_dp0.5_bbunet/Emf_K10_mpc4_pid_stopgo_T0.5,model_free-bounds_free,True,4.0,pid_stopgo,0.5,unet,Gen15,model_free-bounds_free-tightened,/data/home/llim/FMPCC/FM-PCC/logs/UAV_MIX/uav-corridor/plans/mix_uav_mf/H8_Dmodels.mf_diffusion.MeanFlowODE_9D_dp0.5_bbunet/Emf_K10_mpc4_pid_stopgo_T0.5/6/corridor_bounds+dynamics+geo_bounds+halfspace+obstacles/model_free-bounds_free-tightened/model_free-bounds_free-tightened.npz,/data/home/llim/FMPCC/FM-PCC/logs/UAV_MIX/uav-corridor/plans/mix_uav_mf/H8_Dmodels.mf_diffusion.MeanFlowODE_9D_dp0.5_bbunet/Emf_K10_mpc4_pid_stopgo_T0.5/6/corridor_bounds+dynamics+geo_bounds+halfspace+obstacles/model_free-bounds_free-tightened,
34,corridor|mf|K10|bbunet|dp0.5,corridor,mf,10.0,6,test,corridor_bounds+dynamics+geo_bounds+halfspace+obstacles,model_free-tightened,npz,1.0,10,0,0.0,0.0,0.0,0.0,0.0,0.0,10.0,,/data/home/llim/FMPCC/FM-PCC/logs/UAV_MIX/uav-corridor/plans/mix_uav_mf/H8_Dmodels.mf_diffusion.MeanFlowODE_9D_dp0.5_bbunet/Emf_K10_mpc4_pid_stopgo_T0.5,model_free,True,4.0,pid_stopgo,0.5,unet,Gen15,model_free-tightened,/data/home/llim/FMPCC/FM-PCC/logs/UAV_MIX/uav-corridor/plans/mix_uav_mf/H8_Dmodels.mf_diffusion.MeanFlowODE_9D_dp0.5_bbunet/Emf_K10_mpc4_pid_stopgo_T0.5/6/corridor_bounds+dynamics+geo_bounds+halfspace+obstacles/model_free-tightened/model_free-tightened.npz,/data/home/llim/FMPCC/FM-PCC/logs/UAV_MIX/uav-corridor/plans/mix_uav_mf/H8_Dmodels.mf_diffusion.MeanFlowODE_9D_dp0.5_bbunet/Emf_K10_mpc4_pid_stopgo_T0.5/6/corridor_bounds+dynamics+geo_bounds+halfspace+obstacles/model_free-tightened,
34,corridor|mf|K10|bbunet|dp0.5,corridor,mf,10.0,6,test,corridor_bounds+dynamics+geo_bounds+halfspace+obstacles,post_processing,npz,1.0,10,0,0.0,0.0,0.0,0.0,0.0,0.0,10.0,,/data/home/llim/FMPCC/FM-PCC/logs/UAV_MIX/uav-corridor/plans/mix_uav_mf/H8_Dmodels.mf_diffusion.MeanFlowODE_9D_dp0.5_bbunet/Emf_K10_mpc4_pid_stopgo_T0.5,post_processing,False,4.0,pid_stopgo,0.5,unet,Gen15,post_processing,/data/home/llim/FMPCC/FM-PCC/logs/UAV_MIX/uav-corridor/plans/mix_uav_mf/H8_Dmodels.mf_diffusion.MeanFlowODE_9D_dp0.5_bbunet/Emf_K10_mpc4_pid_stopgo_T0.5/6/corridor_bounds+dynamics+geo_bounds+halfspace+obstacles/post_processing/post_processing.npz,/data/home/llim/FMPCC/FM-PCC/logs/UAV_MIX/uav-corridor/plans/mix_uav_mf/H8_Dmodels.mf_diffusion.MeanFlowODE_9D_dp0.5_bbunet/Emf_K10_mpc4_pid_stopgo_T0.5/6/corridor_bounds+dynamics+geo_bounds+halfspace+obstacles/post_processing,
34,corridor|mf|K10|bbunet|dp0.5,corridor,mf,10.0,6,test,corridor_bounds+dynamics+geo_bounds+halfspace+obstacles,post_processing-tightened,npz,1.0,10,0,0.0,0.0,0.0,0.0,0.0,0.0,10.0,,/data/home/llim/FMPCC/FM-PCC/logs/UAV_MIX/uav-corridor/plans/mix_uav_mf/H8_Dmodels.mf_diffusion.MeanFlowODE_9D_dp0.5_bbunet/Emf_K10_mpc4_pid_stopgo_T0.5,post_processing,True,4.0,pid_stopgo,0.5,unet,Gen15,post_processing-tightened,/data/home/llim/FMPCC/FM-PCC/logs/UAV_MIX/uav-corridor/plans/mix_uav_mf/H8_Dmodels.mf_diffusion.MeanFlowODE_9D_dp0.5_bbunet/Emf_K10_mpc4_pid_stopgo_T0.5/6/corridor_bounds+dynamics+geo_bounds+halfspace+obstacles/post_processing-tightened/post_processing-tightened.npz,/data/home/llim/FMPCC/FM-PCC/logs/UAV_MIX/uav-corridor/plans/mix_uav_mf/H8_Dmodels.mf_diffusion.MeanFlowODE_9D_dp0.5_bbunet/Emf_K10_mpc4_pid_stopgo_T0.5/6/corridor_bounds+dynamics+geo_bounds+halfspace+obstacles/post_processing-tightened,
35,pillars|fm|K10,pillars,fm,10.0,6,test,pillars_bounds+dynamics+geo_bounds+obstacles,bounds_free,npz,1.0,3,0,0.0,0.0,0.0,0.0,0.0,0.0,3.0,,/data/home/llim/FMPCC/FM-PCC/logs/UAV_MIX/uav-pillars/plans/mix_uav_fm/H8_Dmodels.diffusion.FlowMatchingODE_9D/Efm_K10_mpc4_pid_stopgo_T0.5,bounds_free,False,4.0,pid_stopgo,0.5,,Gen15,bounds_free,/data/home/llim/FMPCC/FM-PCC/logs/UAV_MIX/uav-pillars/plans/mix_uav_fm/H8_Dmodels.diffusion.FlowMatchingODE_9D/Efm_K10_mpc4_pid_stopgo_T0.5/6/pillars_bounds+dynamics+geo_bounds+obstacles/bounds_free/bounds_free.npz,/data/home/llim/FMPCC/FM-PCC/logs/UAV_MIX/uav-pillars/plans/mix_uav_fm/H8_Dmodels.diffusion.FlowMatchingODE_9D/Efm_K10_mpc4_pid_stopgo_T0.5/6/pillars_bounds+dynamics+geo_bounds+obstacles/bounds_free,
35,pillars|fm|K10,pillars,fm,10.0,6,test,pillars_bounds+dynamics+geo_bounds+obstacles,bounds_free-tightened,npz,1.0,3,1,0.3333333333333333,32.0,9.0,0.0,1.0,0.0,3.0,,/data/home/llim/FMPCC/FM-PCC/logs/UAV_MIX/uav-pillars/plans/mix_uav_fm/H8_Dmodels.diffusion.FlowMatchingODE_9D/Efm_K10_mpc4_pid_stopgo_T0.5,bounds_free,True,4.0,pid_stopgo,0.5,,Gen15,bounds_free-tightened,/data/home/llim/FMPCC/FM-PCC/logs/UAV_MIX/uav-pillars/plans/mix_uav_fm/H8_Dmodels.diffusion.FlowMatchingODE_9D/Efm_K10_mpc4_pid_stopgo_T0.5/6/pillars_bounds+dynamics+geo_bounds+obstacles/bounds_free-tightened/bounds_free-tightened.npz,/data/home/llim/FMPCC/FM-PCC/logs/UAV_MIX/uav-pillars/plans/mix_uav_fm/H8_Dmodels.diffusion.FlowMatchingODE_9D/Efm_K10_mpc4_pid_stopgo_T0.5/6/pillars_bounds+dynamics+geo_bounds+obstacles/bounds_free-tightened,
35,pillars|fm|K10,pillars,fm,10.0,6,test,pillars_bounds+dynamics+geo_bounds+obstacles,diffuser,npz,0.0,3,0,0.0,0.0,0.0,0.0,0.0,0.0,3.0,,/data/home/llim/FMPCC/FM-PCC/logs/UAV_MIX/uav-pillars/plans/mix_uav_fm/H8_Dmodels.diffusion.FlowMatchingODE_9D/Efm_K10_mpc4_pid_stopgo_T0.5,diffuser,False,4.0,pid_stopgo,0.5,,Gen15,diffuser,/data/home/llim/FMPCC/FM-PCC/logs/UAV_MIX/uav-pillars/plans/mix_uav_fm/H8_Dmodels.diffusion.FlowMatchingODE_9D/Efm_K10_mpc4_pid_stopgo_T0.5/6/pillars_bounds+dynamics+geo_bounds+obstacles/diffuser/diffuser.npz,/data/home/llim/FMPCC/FM-PCC/logs/UAV_MIX/uav-pillars/plans/mix_uav_fm/H8_Dmodels.diffusion.FlowMatchingODE_9D/Efm_K10_mpc4_pid_stopgo_T0.5/6/pillars_bounds+dynamics+geo_bounds+obstacles/diffuser,
35,pillars|fm|K10,pillars,fm,10.0,6,test,pillars_bounds+dynamics+geo_bounds+obstacles,dpcc-c,npz,1.0,3,0,0.0,0.0,0.0,0.0,0.0,0.0,3.0,,/data/home/llim/FMPCC/FM-PCC/logs/UAV_MIX/uav-pillars/plans/mix_uav_fm/H8_Dmodels.diffusion.FlowMatchingODE_9D/Efm_K10_mpc4_pid_stopgo_T0.5,dpcc-c,False,4.0,pid_stopgo,0.5,,Gen15,dpcc-c,/data/home/llim/FMPCC/FM-PCC/logs/UAV_MIX/uav-pillars/plans/mix_uav_fm/H8_Dmodels.diffusion.FlowMatchingODE_9D/Efm_K10_mpc4_pid_stopgo_T0.5/6/pillars_bounds+dynamics+geo_bounds+obstacles/dpcc-c/dpcc-c.npz,/data/home/llim/FMPCC/FM-PCC/logs/UAV_MIX/uav-pillars/plans/mix_uav_fm/H8_Dmodels.diffusion.FlowMatchingODE_9D/Efm_K10_mpc4_pid_stopgo_T0.5/6/pillars_bounds+dynamics+geo_bounds+obstacles/dpcc-c,
35,pillars|fm|K10,pillars,fm,10.0,6,test,pillars_bounds+dynamics+geo_bounds+obstacles,dpcc-c-tightened,npz,1.0,3,1,0.3333333333333333,8.0,2.0,0.0,1.0,0.0,3.0,,/data/home/llim/FMPCC/FM-PCC/logs/UAV_MIX/uav-pillars/plans/mix_uav_fm/H8_Dmodels.diffusion.FlowMatchingODE_9D/Efm_K10_mpc4_pid_stopgo_T0.5,dpcc-c,True,4.0,pid_stopgo,0.5,,Gen15,dpcc-c-tightened,/data/home/llim/FMPCC/FM-PCC/logs/UAV_MIX/uav-pillars/plans/mix_uav_fm/H8_Dmodels.diffusion.FlowMatchingODE_9D/Efm_K10_mpc4_pid_stopgo_T0.5/6/pillars_bounds+dynamics+geo_bounds+obstacles/dpcc-c-tightened/dpcc-c-tightened.npz,/data/home/llim/FMPCC/FM-PCC/logs/UAV_MIX/uav-pillars/plans/mix_uav_fm/H8_Dmodels.diffusion.FlowMatchingODE_9D/Efm_K10_mpc4_pid_stopgo_T0.5/6/pillars_bounds+dynamics+geo_bounds+obstacles/dpcc-c-tightened,
35,pillars|fm|K10,pillars,fm,10.0,6,test,pillars_bounds+dynamics+geo_bounds+obstacles,dpcc-r,npz,1.0,3,1,0.3333333333333333,32.0,9.0,0.0,1.0,0.0,3.0,,/data/home/llim/FMPCC/FM-PCC/logs/UAV_MIX/uav-pillars/plans/mix_uav_fm/H8_Dmodels.diffusion.FlowMatchingODE_9D/Efm_K10_mpc4_pid_stopgo_T0.5,dpcc-r,False,4.0,pid_stopgo,0.5,,Gen15,dpcc-r,/data/home/llim/FMPCC/FM-PCC/logs/UAV_MIX/uav-pillars/plans/mix_uav_fm/H8_Dmodels.diffusion.FlowMatchingODE_9D/Efm_K10_mpc4_pid_stopgo_T0.5/6/pillars_bounds+dynamics+geo_bounds+obstacles/dpcc-r/dpcc-r.npz,/data/home/llim/FMPCC/FM-PCC/logs/UAV_MIX/uav-pillars/plans/mix_uav_fm/H8_Dmodels.diffusion.FlowMatchingODE_9D/Efm_K10_mpc4_pid_stopgo_T0.5/6/pillars_bounds+dynamics+geo_bounds+obstacles/dpcc-r,
35,pillars|fm|K10,pillars,fm,10.0,6,test,pillars_bounds+dynamics+geo_bounds+obstacles,dpcc-r-tightened,npz,1.0,3,1,0.3333333333333333,16.0,3.0,0.0,1.0,0.0,3.0,,/data/home/llim/FMPCC/FM-PCC/logs/UAV_MIX/uav-pillars/plans/mix_uav_fm/H8_Dmodels.diffusion.FlowMatchingODE_9D/Efm_K10_mpc4_pid_stopgo_T0.5,dpcc-r,True,4.0,pid_stopgo,0.5,,Gen15,dpcc-r-tightened,/data/home/llim/FMPCC/FM-PCC/logs/UAV_MIX/uav-pillars/plans/mix_uav_fm/H8_Dmodels.diffusion.FlowMatchingODE_9D/Efm_K10_mpc4_pid_stopgo_T0.5/6/pillars_bounds+dynamics+geo_bounds+obstacles/dpcc-r-tightened/dpcc-r-tightened.npz,/data/home/llim/FMPCC/FM-PCC/logs/UAV_MIX/uav-pillars/plans/mix_uav_fm/H8_Dmodels.diffusion.FlowMatchingODE_9D/Efm_K10_mpc4_pid_stopgo_T0.5/6/pillars_bounds+dynamics+geo_bounds+obstacles/dpcc-r-tightened,
35,pillars|fm|K10,pillars,fm,10.0,6,test,pillars_bounds+dynamics+geo_bounds+obstacles,dpcc-t,npz,1.0,3,1,0.3333333333333333,8.0,2.0,0.0,1.0,0.0,3.0,,/data/home/llim/FMPCC/FM-PCC/logs/UAV_MIX/uav-pillars/plans/mix_uav_fm/H8_Dmodels.diffusion.FlowMatchingODE_9D/Efm_K10_mpc4_pid_stopgo_T0.5,dpcc-t,False,4.0,pid_stopgo,0.5,,Gen15,dpcc-t,/data/home/llim/FMPCC/FM-PCC/logs/UAV_MIX/uav-pillars/plans/mix_uav_fm/H8_Dmodels.diffusion.FlowMatchingODE_9D/Efm_K10_mpc4_pid_stopgo_T0.5/6/pillars_bounds+dynamics+geo_bounds+obstacles/dpcc-t/dpcc-t.npz,/data/home/llim/FMPCC/FM-PCC/logs/UAV_MIX/uav-pillars/plans/mix_uav_fm/H8_Dmodels.diffusion.FlowMatchingODE_9D/Efm_K10_mpc4_pid_stopgo_T0.5/6/pillars_bounds+dynamics+geo_bounds+obstacles/dpcc-t,
35,pillars|fm|K10,pillars,fm,10.0,6,test,pillars_bounds+dynamics+geo_bounds+obstacles,dpcc-t-tightened,npz,1.0,3,1,0.3333333333333333,48.0,9.0,0.0,1.0,0.0,3.0,,/data/home/llim/FMPCC/FM-PCC/logs/UAV_MIX/uav-pillars/plans/mix_uav_fm/H8_Dmodels.diffusion.FlowMatchingODE_9D/Efm_K10_mpc4_pid_stopgo_T0.5,dpcc-t,True,4.0,pid_stopgo,0.5,,Gen15,dpcc-t-tightened,/data/home/llim/FMPCC/FM-PCC/logs/UAV_MIX/uav-pillars/plans/mix_uav_fm/H8_Dmodels.diffusion.FlowMatchingODE_9D/Efm_K10_mpc4_pid_stopgo_T0.5/6/pillars_bounds+dynamics+geo_bounds+obstacles/dpcc-t-tightened/dpcc-t-tightened.npz,/data/home/llim/FMPCC/FM-PCC/logs/UAV_MIX/uav-pillars/plans/mix_uav_fm/H8_Dmodels.diffusion.FlowMatchingODE_9D/Efm_K10_mpc4_pid_stopgo_T0.5/6/pillars_bounds+dynamics+geo_bounds+obstacles/dpcc-t-tightened,
35,pillars|fm|K10,pillars,fm,10.0,6,test,pillars_bounds+dynamics+geo_bounds+obstacles,geo_free,npz,1.0,3,0,0.0,0.0,0.0,0.0,0.0,0.0,3.0,,/data/home/llim/FMPCC/FM-PCC/logs/UAV_MIX/uav-pillars/plans/mix_uav_fm/H8_Dmodels.diffusion.FlowMatchingODE_9D/Efm_K10_mpc4_pid_stopgo_T0.5,geo_free,False,4.0,pid_stopgo,0.5,,Gen15,geo_free,/data/home/llim/FMPCC/FM-PCC/logs/UAV_MIX/uav-pillars/plans/mix_uav_fm/H8_Dmodels.diffusion.FlowMatchingODE_9D/Efm_K10_mpc4_pid_stopgo_T0.5/6/pillars_bounds+dynamics+geo_bounds+obstacles/geo_free/geo_free.npz,/data/home/llim/FMPCC/FM-PCC/logs/UAV_MIX/uav-pillars/plans/mix_uav_fm/H8_Dmodels.diffusion.FlowMatchingODE_9D/Efm_K10_mpc4_pid_stopgo_T0.5/6/pillars_bounds+dynamics+geo_bounds+obstacles/geo_free,
35,pillars|fm|K10,pillars,fm,10.0,6,test,pillars_bounds+dynamics+geo_bounds+obstacles,geo_free-bounds_free,npz,1.0,3,0,0.0,0.0,0.0,0.0,0.0,0.0,3.0,,/data/home/llim/FMPCC/FM-PCC/logs/UAV_MIX/uav-pillars/plans/mix_uav_fm/H8_Dmodels.diffusion.FlowMatchingODE_9D/Efm_K10_mpc4_pid_stopgo_T0.5,geo_free-bounds_free,False,4.0,pid_stopgo,0.5,,Gen15,geo_free-bounds_free,/data/home/llim/FMPCC/FM-PCC/logs/UAV_MIX/uav-pillars/plans/mix_uav_fm/H8_Dmodels.diffusion.FlowMatchingODE_9D/Efm_K10_mpc4_pid_stopgo_T0.5/6/pillars_bounds+dynamics+geo_bounds+obstacles/geo_free-bounds_free/geo_free-bounds_free.npz,/data/home/llim/FMPCC/FM-PCC/logs/UAV_MIX/uav-pillars/plans/mix_uav_fm/H8_Dmodels.diffusion.FlowMatchingODE_9D/Efm_K10_mpc4_pid_stopgo_T0.5/6/pillars_bounds+dynamics+geo_bounds+obstacles/geo_free-bounds_free,
35,pillars|fm|K10,pillars,fm,10.0,6,test,pillars_bounds+dynamics+geo_bounds+obstacles,geo_free-model_free,npz,1.0,3,0,0.0,0.0,0.0,0.0,0.0,0.0,3.0,,/data/home/llim/FMPCC/FM-PCC/logs/UAV_MIX/uav-pillars/plans/mix_uav_fm/H8_Dmodels.diffusion.FlowMatchingODE_9D/Efm_K10_mpc4_pid_stopgo_T0.5,geo_free-model_free,False,4.0,pid_stopgo,0.5,,Gen15,geo_free-model_free,/data/home/llim/FMPCC/FM-PCC/logs/UAV_MIX/uav-pillars/plans/mix_uav_fm/H8_Dmodels.diffusion.FlowMatchingODE_9D/Efm_K10_mpc4_pid_stopgo_T0.5/6/pillars_bounds+dynamics+geo_bounds+obstacles/geo_free-model_free/geo_free-model_free.npz,/data/home/llim/FMPCC/FM-PCC/logs/UAV_MIX/uav-pillars/plans/mix_uav_fm/H8_Dmodels.diffusion.FlowMatchingODE_9D/Efm_K10_mpc4_pid_stopgo_T0.5/6/pillars_bounds+dynamics+geo_bounds+obstacles/geo_free-model_free,
35,pillars|fm|K10,pillars,fm,10.0,6,test,pillars_bounds+dynamics+geo_bounds+obstacles,gradient,npz,1.0,3,0,0.0,0.0,0.0,0.0,0.0,0.0,3.0,,/data/home/llim/FMPCC/FM-PCC/logs/UAV_MIX/uav-pillars/plans/mix_uav_fm/H8_Dmodels.diffusion.FlowMatchingODE_9D/Efm_K10_mpc4_pid_stopgo_T0.5,gradient,False,4.0,pid_stopgo,0.5,,Gen15,gradient,/data/home/llim/FMPCC/FM-PCC/logs/UAV_MIX/uav-pillars/plans/mix_uav_fm/H8_Dmodels.diffusion.FlowMatchingODE_9D/Efm_K10_mpc4_pid_stopgo_T0.5/6/pillars_bounds+dynamics+geo_bounds+obstacles/gradient/gradient.npz,/data/home/llim/FMPCC/FM-PCC/logs/UAV_MIX/uav-pillars/plans/mix_uav_fm/H8_Dmodels.diffusion.FlowMatchingODE_9D/Efm_K10_mpc4_pid_stopgo_T0.5/6/pillars_bounds+dynamics+geo_bounds+obstacles/gradient,
35,pillars|fm|K10,pillars,fm,10.0,6,test,pillars_bounds+dynamics+geo_bounds+obstacles,gradient-tightened,npz,1.0,3,0,0.0,0.0,0.0,0.0,0.0,0.0,3.0,,/data/home/llim/FMPCC/FM-PCC/logs/UAV_MIX/uav-pillars/plans/mix_uav_fm/H8_Dmodels.diffusion.FlowMatchingODE_9D/Efm_K10_mpc4_pid_stopgo_T0.5,gradient,True,4.0,pid_stopgo,0.5,,Gen15,gradient-tightened,/data/home/llim/FMPCC/FM-PCC/logs/UAV_MIX/uav-pillars/plans/mix_uav_fm/H8_Dmodels.diffusion.FlowMatchingODE_9D/Efm_K10_mpc4_pid_stopgo_T0.5/6/pillars_bounds+dynamics+geo_bounds+obstacles/gradient-tightened/gradient-tightened.npz,/data/home/llim/FMPCC/FM-PCC/logs/UAV_MIX/uav-pillars/plans/mix_uav_fm/H8_Dmodels.diffusion.FlowMatchingODE_9D/Efm_K10_mpc4_pid_stopgo_T0.5/6/pillars_bounds+dynamics+geo_bounds+obstacles/gradient-tightened,
35,pillars|fm|K10,pillars,fm,10.0,6,test,pillars_bounds+dynamics+geo_bounds+obstacles,hardflow_new,npz,1.0,3,0,0.0,0.0,0.0,0.0,0.0,0.0,3.0,,/data/home/llim/FMPCC/FM-PCC/logs/UAV_MIX/uav-pillars/plans/mix_uav_fm/H8_Dmodels.diffusion.FlowMatchingODE_9D/Efm_K10_mpc4_pid_stopgo_T0.5,hardflow_new,False,4.0,pid_stopgo,0.5,,Gen15,hardflow_new,/data/home/llim/FMPCC/FM-PCC/logs/UAV_MIX/uav-pillars/plans/mix_uav_fm/H8_Dmodels.diffusion.FlowMatchingODE_9D/Efm_K10_mpc4_pid_stopgo_T0.5/6/pillars_bounds+dynamics+geo_bounds+obstacles/hardflow_new/hardflow_new.npz,/data/home/llim/FMPCC/FM-PCC/logs/UAV_MIX/uav-pillars/plans/mix_uav_fm/H8_Dmodels.diffusion.FlowMatchingODE_9D/Efm_K10_mpc4_pid_stopgo_T0.5/6/pillars_bounds+dynamics+geo_bounds+obstacles/hardflow_new,
35,pillars|fm|K10,pillars,fm,10.0,6,test,pillars_bounds+dynamics+geo_bounds+obstacles,hardflow_new-c,npz,1.0,3,0,0.0,0.0,0.0,0.0,0.0,0.0,3.0,,/data/home/llim/FMPCC/FM-PCC/logs/UAV_MIX/uav-pillars/plans/mix_uav_fm/H8_Dmodels.diffusion.FlowMatchingODE_9D/Efm_K10_mpc4_pid_stopgo_T0.5,hardflow_new-c,False,4.0,pid_stopgo,0.5,,Gen15,hardflow_new-c,/data/home/llim/FMPCC/FM-PCC/logs/UAV_MIX/uav-pillars/plans/mix_uav_fm/H8_Dmodels.diffusion.FlowMatchingODE_9D/Efm_K10_mpc4_pid_stopgo_T0.5/6/pillars_bounds+dynamics+geo_bounds+obstacles/hardflow_new-c/hardflow_new-c.npz,/data/home/llim/FMPCC/FM-PCC/logs/UAV_MIX/uav-pillars/plans/mix_uav_fm/H8_Dmodels.diffusion.FlowMatchingODE_9D/Efm_K10_mpc4_pid_stopgo_T0.5/6/pillars_bounds+dynamics+geo_bounds+obstacles/hardflow_new-c,
35,pillars|fm|K10,pillars,fm,10.0,6,test,pillars_bounds+dynamics+geo_bounds+obstacles,hardflow_new-t,json,1.0,2,0,0.0,0.0,0.0,0.0,0.0,0.0,,,/data/home/llim/FMPCC/FM-PCC/logs/UAV_MIX/uav-pillars/plans/mix_uav_fm/H8_Dmodels.diffusion.FlowMatchingODE_9D/Efm_K10_mpc4_pid_stopgo_T0.5,hardflow_new-t,False,4.0,pid_stopgo,0.5,,Gen15,hardflow_new-t,,/data/home/llim/FMPCC/FM-PCC/logs/UAV_MIX/uav-pillars/plans/mix_uav_fm/H8_Dmodels.diffusion.FlowMatchingODE_9D/Efm_K10_mpc4_pid_stopgo_T0.5/6/pillars_bounds+dynamics+geo_bounds+obstacles/hardflow_new-t,1.0
35,pillars|fm|K10,pillars,fm,10.0,6,test,pillars_bounds+dynamics+geo_bounds+obstacles,model_free,npz,1.0,3,0,0.0,0.0,0.0,0.0,0.0,0.0,3.0,,/data/home/llim/FMPCC/FM-PCC/logs/UAV_MIX/uav-pillars/plans/mix_uav_fm/H8_Dmodels.diffusion.FlowMatchingODE_9D/Efm_K10_mpc4_pid_stopgo_T0.5,model_free,False,4.0,pid_stopgo,0.5,,Gen15,model_free,/data/home/llim/FMPCC/FM-PCC/logs/UAV_MIX/uav-pillars/plans/mix_uav_fm/H8_Dmodels.diffusion.FlowMatchingODE_9D/Efm_K10_mpc4_pid_stopgo_T0.5/6/pillars_bounds+dynamics+geo_bounds+obstacles/model_free/model_free.npz,/data/home/llim/FMPCC/FM-PCC/logs/UAV_MIX/uav-pillars/plans/mix_uav_fm/H8_Dmodels.diffusion.FlowMatchingODE_9D/Efm_K10_mpc4_pid_stopgo_T0.5/6/pillars_bounds+dynamics+geo_bounds+obstacles/model_free,
35,pillars|fm|K10,pillars,fm,10.0,6,test,pillars_bounds+dynamics+geo_bounds+obstacles,model_free-bounds_free,npz,1.0,3,0,0.0,0.0,0.0,0.0,0.0,0.0,3.0,,/data/home/llim/FMPCC/FM-PCC/logs/UAV_MIX/uav-pillars/plans/mix_uav_fm/H8_Dmodels.diffusion.FlowMatchingODE_9D/Efm_K10_mpc4_pid_stopgo_T0.5,model_free-bounds_free,False,4.0,pid_stopgo,0.5,,Gen15,model_free-bounds_free,/data/home/llim/FMPCC/FM-PCC/logs/UAV_MIX/uav-pillars/plans/mix_uav_fm/H8_Dmodels.diffusion.FlowMatchingODE_9D/Efm_K10_mpc4_pid_stopgo_T0.5/6/pillars_bounds+dynamics+geo_bounds+obstacles/model_free-bounds_free/model_free-bounds_free.npz,/data/home/llim/FMPCC/FM-PCC/logs/UAV_MIX/uav-pillars/plans/mix_uav_fm/H8_Dmodels.diffusion.FlowMatchingODE_9D/Efm_K10_mpc4_pid_stopgo_T0.5/6/pillars_bounds+dynamics+geo_bounds+obstacles/model_free-bounds_free,
35,pillars|fm|K10,pillars,fm,10.0,6,test,pillars_bounds+dynamics+geo_bounds+obstacles,model_free-bounds_free-tightened,npz,1.0,3,0,0.0,0.0,0.0,0.0,0.0,0.0,3.0,,/data/home/llim/FMPCC/FM-PCC/logs/UAV_MIX/uav-pillars/plans/mix_uav_fm/H8_Dmodels.diffusion.FlowMatchingODE_9D/Efm_K10_mpc4_pid_stopgo_T0.5,model_free-bounds_free,True,4.0,pid_stopgo,0.5,,Gen15,model_free-bounds_free-tightened,/data/home/llim/FMPCC/FM-PCC/logs/UAV_MIX/uav-pillars/plans/mix_uav_fm/H8_Dmodels.diffusion.FlowMatchingODE_9D/Efm_K10_mpc4_pid_stopgo_T0.5/6/pillars_bounds+dynamics+geo_bounds+obstacles/model_free-bounds_free-tightened/model_free-bounds_free-tightened.npz,/data/home/llim/FMPCC/FM-PCC/logs/UAV_MIX/uav-pillars/plans/mix_uav_fm/H8_Dmodels.diffusion.FlowMatchingODE_9D/Efm_K10_mpc4_pid_stopgo_T0.5/6/pillars_bounds+dynamics+geo_bounds+obstacles/model_free-bounds_free-tightened,
35,pillars|fm|K10,pillars,fm,10.0,6,test,pillars_bounds+dynamics+geo_bounds+obstacles,model_free-tightened,npz,1.0,3,0,0.0,0.0,0.0,0.0,0.0,0.0,3.0,,/data/home/llim/FMPCC/FM-PCC/logs/UAV_MIX/uav-pillars/plans/mix_uav_fm/H8_Dmodels.diffusion.FlowMatchingODE_9D/Efm_K10_mpc4_pid_stopgo_T0.5,model_free,True,4.0,pid_stopgo,0.5,,Gen15,model_free-tightened,/data/home/llim/FMPCC/FM-PCC/logs/UAV_MIX/uav-pillars/plans/mix_uav_fm/H8_Dmodels.diffusion.FlowMatchingODE_9D/Efm_K10_mpc4_pid_stopgo_T0.5/6/pillars_bounds+dynamics+geo_bounds+obstacles/model_free-tightened/model_free-tightened.npz,/data/home/llim/FMPCC/FM-PCC/logs/UAV_MIX/uav-pillars/plans/mix_uav_fm/H8_Dmodels.diffusion.FlowMatchingODE_9D/Efm_K10_mpc4_pid_stopgo_T0.5/6/pillars_bounds+dynamics+geo_bounds+obstacles/model_free-tightened,
35,pillars|fm|K10,pillars,fm,10.0,6,test,pillars_bounds+dynamics+geo_bounds+obstacles,post_processing,npz,1.0,3,0,0.0,0.0,0.0,0.0,0.0,0.0,3.0,,/data/home/llim/FMPCC/FM-PCC/logs/UAV_MIX/uav-pillars/plans/mix_uav_fm/H8_Dmodels.diffusion.FlowMatchingODE_9D/Efm_K10_mpc4_pid_stopgo_T0.5,post_processing,False,4.0,pid_stopgo,0.5,,Gen15,post_processing,/data/home/llim/FMPCC/FM-PCC/logs/UAV_MIX/uav-pillars/plans/mix_uav_fm/H8_Dmodels.diffusion.FlowMatchingODE_9D/Efm_K10_mpc4_pid_stopgo_T0.5/6/pillars_bounds+dynamics+geo_bounds+obstacles/post_processing/post_processing.npz,/data/home/llim/FMPCC/FM-PCC/logs/UAV_MIX/uav-pillars/plans/mix_uav_fm/H8_Dmodels.diffusion.FlowMatchingODE_9D/Efm_K10_mpc4_pid_stopgo_T0.5/6/pillars_bounds+dynamics+geo_bounds+obstacles/post_processing,
35,pillars|fm|K10,pillars,fm,10.0,6,test,pillars_bounds+dynamics+geo_bounds+obstacles,post_processing-tightened,npz,1.0,3,0,0.0,0.0,0.0,0.0,0.0,0.0,3.0,,/data/home/llim/FMPCC/FM-PCC/logs/UAV_MIX/uav-pillars/plans/mix_uav_fm/H8_Dmodels.diffusion.FlowMatchingODE_9D/Efm_K10_mpc4_pid_stopgo_T0.5,post_processing,True,4.0,pid_stopgo,0.5,,Gen15,post_processing-tightened,/data/home/llim/FMPCC/FM-PCC/logs/UAV_MIX/uav-pillars/plans/mix_uav_fm/H8_Dmodels.diffusion.FlowMatchingODE_9D/Efm_K10_mpc4_pid_stopgo_T0.5/6/pillars_bounds+dynamics+geo_bounds+obstacles/post_processing-tightened/post_processing-tightened.npz,/data/home/llim/FMPCC/FM-PCC/logs/UAV_MIX/uav-pillars/plans/mix_uav_fm/H8_Dmodels.diffusion.FlowMatchingODE_9D/Efm_K10_mpc4_pid_stopgo_T0.5/6/pillars_bounds+dynamics+geo_bounds+obstacles/post_processing-tightened,
36,pillars|mf|K10|bbunet|dp0.5,pillars,mf,10.0,6,test,pillars_bounds+dynamics+geo_bounds+obstacles,bounds_free,npz,1.0,3,0,0.0,0.0,0.0,0.0,0.0,0.0,3.0,,/data/home/llim/FMPCC/FM-PCC/logs/UAV_MIX/uav-pillars/plans/mix_uav_mf/H8_Dmodels.mf_diffusion.MeanFlowODE_9D_dp0.5_bbunet/Emf_K10_mpc4_pid_stopgo_T0.5,bounds_free,False,4.0,pid_stopgo,0.5,unet,Gen15,bounds_free,/data/home/llim/FMPCC/FM-PCC/logs/UAV_MIX/uav-pillars/plans/mix_uav_mf/H8_Dmodels.mf_diffusion.MeanFlowODE_9D_dp0.5_bbunet/Emf_K10_mpc4_pid_stopgo_T0.5/6/pillars_bounds+dynamics+geo_bounds+obstacles/bounds_free/bounds_free.npz,/data/home/llim/FMPCC/FM-PCC/logs/UAV_MIX/uav-pillars/plans/mix_uav_mf/H8_Dmodels.mf_diffusion.MeanFlowODE_9D_dp0.5_bbunet/Emf_K10_mpc4_pid_stopgo_T0.5/6/pillars_bounds+dynamics+geo_bounds+obstacles/bounds_free,
36,pillars|mf|K10|bbunet|dp0.5,pillars,mf,10.0,6,test,pillars_bounds+dynamics+geo_bounds+obstacles,bounds_free-tightened,npz,1.0,3,0,0.0,0.0,0.0,0.0,0.0,0.0,3.0,,/data/home/llim/FMPCC/FM-PCC/logs/UAV_MIX/uav-pillars/plans/mix_uav_mf/H8_Dmodels.mf_diffusion.MeanFlowODE_9D_dp0.5_bbunet/Emf_K10_mpc4_pid_stopgo_T0.5,bounds_free,True,4.0,pid_stopgo,0.5,unet,Gen15,bounds_free-tightened,/data/home/llim/FMPCC/FM-PCC/logs/UAV_MIX/uav-pillars/plans/mix_uav_mf/H8_Dmodels.mf_diffusion.MeanFlowODE_9D_dp0.5_bbunet/Emf_K10_mpc4_pid_stopgo_T0.5/6/pillars_bounds+dynamics+geo_bounds+obstacles/bounds_free-tightened/bounds_free-tightened.npz,/data/home/llim/FMPCC/FM-PCC/logs/UAV_MIX/uav-pillars/plans/mix_uav_mf/H8_Dmodels.mf_diffusion.MeanFlowODE_9D_dp0.5_bbunet/Emf_K10_mpc4_pid_stopgo_T0.5/6/pillars_bounds+dynamics+geo_bounds+obstacles/bounds_free-tightened,
36,pillars|mf|K10|bbunet|dp0.5,pillars,mf,10.0,6,test,pillars_bounds+dynamics+geo_bounds+obstacles,diffuser,npz,0.0,3,0,0.0,0.0,0.0,0.0,0.0,0.0,3.0,,/data/home/llim/FMPCC/FM-PCC/logs/UAV_MIX/uav-pillars/plans/mix_uav_mf/H8_Dmodels.mf_diffusion.MeanFlowODE_9D_dp0.5_bbunet/Emf_K10_mpc4_pid_stopgo_T0.5,diffuser,False,4.0,pid_stopgo,0.5,unet,Gen15,diffuser,/data/home/llim/FMPCC/FM-PCC/logs/UAV_MIX/uav-pillars/plans/mix_uav_mf/H8_Dmodels.mf_diffusion.MeanFlowODE_9D_dp0.5_bbunet/Emf_K10_mpc4_pid_stopgo_T0.5/6/pillars_bounds+dynamics+geo_bounds+obstacles/diffuser/diffuser.npz,/data/home/llim/FMPCC/FM-PCC/logs/UAV_MIX/uav-pillars/plans/mix_uav_mf/H8_Dmodels.mf_diffusion.MeanFlowODE_9D_dp0.5_bbunet/Emf_K10_mpc4_pid_stopgo_T0.5/6/pillars_bounds+dynamics+geo_bounds+obstacles/diffuser,
36,pillars|mf|K10|bbunet|dp0.5,pillars,mf,10.0,6,test,pillars_bounds+dynamics+geo_bounds+obstacles,dpcc-c,npz,1.0,3,0,0.0,0.0,0.0,0.0,0.0,0.0,3.0,,/data/home/llim/FMPCC/FM-PCC/logs/UAV_MIX/uav-pillars/plans/mix_uav_mf/H8_Dmodels.mf_diffusion.MeanFlowODE_9D_dp0.5_bbunet/Emf_K10_mpc4_pid_stopgo_T0.5,dpcc-c,False,4.0,pid_stopgo,0.5,unet,Gen15,dpcc-c,/data/home/llim/FMPCC/FM-PCC/logs/UAV_MIX/uav-pillars/plans/mix_uav_mf/H8_Dmodels.mf_diffusion.MeanFlowODE_9D_dp0.5_bbunet/Emf_K10_mpc4_pid_stopgo_T0.5/6/pillars_bounds+dynamics+geo_bounds+obstacles/dpcc-c/dpcc-c.npz,/data/home/llim/FMPCC/FM-PCC/logs/UAV_MIX/uav-pillars/plans/mix_uav_mf/H8_Dmodels.mf_diffusion.MeanFlowODE_9D_dp0.5_bbunet/Emf_K10_mpc4_pid_stopgo_T0.5/6/pillars_bounds+dynamics+geo_bounds+obstacles/dpcc-c,
36,pillars|mf|K10|bbunet|dp0.5,pillars,mf,10.0,6,test,pillars_bounds+dynamics+geo_bounds+obstacles,dpcc-c-tightened,npz,1.0,3,0,0.0,0.0,0.0,0.0,0.0,0.0,3.0,,/data/home/llim/FMPCC/FM-PCC/logs/UAV_MIX/uav-pillars/plans/mix_uav_mf/H8_Dmodels.mf_diffusion.MeanFlowODE_9D_dp0.5_bbunet/Emf_K10_mpc4_pid_stopgo_T0.5,dpcc-c,True,4.0,pid_stopgo,0.5,unet,Gen15,dpcc-c-tightened,/data/home/llim/FMPCC/FM-PCC/logs/UAV_MIX/uav-pillars/plans/mix_uav_mf/H8_Dmodels.mf_diffusion.MeanFlowODE_9D_dp0.5_bbunet/Emf_K10_mpc4_pid_stopgo_T0.5/6/pillars_bounds+dynamics+geo_bounds+obstacles/dpcc-c-tightened/dpcc-c-tightened.npz,/data/home/llim/FMPCC/FM-PCC/logs/UAV_MIX/uav-pillars/plans/mix_uav_mf/H8_Dmodels.mf_diffusion.MeanFlowODE_9D_dp0.5_bbunet/Emf_K10_mpc4_pid_stopgo_T0.5/6/pillars_bounds+dynamics+geo_bounds+obstacles/dpcc-c-tightened,
36,pillars|mf|K10|bbunet|dp0.5,pillars,mf,10.0,6,test,pillars_bounds+dynamics+geo_bounds+obstacles,dpcc-r,npz,1.0,3,0,0.0,0.0,0.0,0.0,0.0,0.0,3.0,,/data/home/llim/FMPCC/FM-PCC/logs/UAV_MIX/uav-pillars/plans/mix_uav_mf/H8_Dmodels.mf_diffusion.MeanFlowODE_9D_dp0.5_bbunet/Emf_K10_mpc4_pid_stopgo_T0.5,dpcc-r,False,4.0,pid_stopgo,0.5,unet,Gen15,dpcc-r,/data/home/llim/FMPCC/FM-PCC/logs/UAV_MIX/uav-pillars/plans/mix_uav_mf/H8_Dmodels.mf_diffusion.MeanFlowODE_9D_dp0.5_bbunet/Emf_K10_mpc4_pid_stopgo_T0.5/6/pillars_bounds+dynamics+geo_bounds+obstacles/dpcc-r/dpcc-r.npz,/data/home/llim/FMPCC/FM-PCC/logs/UAV_MIX/uav-pillars/plans/mix_uav_mf/H8_Dmodels.mf_diffusion.MeanFlowODE_9D_dp0.5_bbunet/Emf_K10_mpc4_pid_stopgo_T0.5/6/pillars_bounds+dynamics+geo_bounds+obstacles/dpcc-r,
36,pillars|mf|K10|bbunet|dp0.5,pillars,mf,10.0,6,test,pillars_bounds+dynamics+geo_bounds+obstacles,dpcc-r-tightened,npz,1.0,3,0,0.0,0.0,0.0,0.0,0.0,0.0,3.0,,/data/home/llim/FMPCC/FM-PCC/logs/UAV_MIX/uav-pillars/plans/mix_uav_mf/H8_Dmodels.mf_diffusion.MeanFlowODE_9D_dp0.5_bbunet/Emf_K10_mpc4_pid_stopgo_T0.5,dpcc-r,True,4.0,pid_stopgo,0.5,unet,Gen15,dpcc-r-tightened,/data/home/llim/FMPCC/FM-PCC/logs/UAV_MIX/uav-pillars/plans/mix_uav_mf/H8_Dmodels.mf_diffusion.MeanFlowODE_9D_dp0.5_bbunet/Emf_K10_mpc4_pid_stopgo_T0.5/6/pillars_bounds+dynamics+geo_bounds+obstacles/dpcc-r-tightened/dpcc-r-tightened.npz,/data/home/llim/FMPCC/FM-PCC/logs/UAV_MIX/uav-pillars/plans/mix_uav_mf/H8_Dmodels.mf_diffusion.MeanFlowODE_9D_dp0.5_bbunet/Emf_K10_mpc4_pid_stopgo_T0.5/6/pillars_bounds+dynamics+geo_bounds+obstacles/dpcc-r-tightened,
36,pillars|mf|K10|bbunet|dp0.5,pillars,mf,10.0,6,test,pillars_bounds+dynamics+geo_bounds+obstacles,dpcc-t,npz,1.0,3,0,0.0,0.0,0.0,0.0,0.0,0.0,3.0,,/data/home/llim/FMPCC/FM-PCC/logs/UAV_MIX/uav-pillars/plans/mix_uav_mf/H8_Dmodels.mf_diffusion.MeanFlowODE_9D_dp0.5_bbunet/Emf_K10_mpc4_pid_stopgo_T0.5,dpcc-t,False,4.0,pid_stopgo,0.5,unet,Gen15,dpcc-t,/data/home/llim/FMPCC/FM-PCC/logs/UAV_MIX/uav-pillars/plans/mix_uav_mf/H8_Dmodels.mf_diffusion.MeanFlowODE_9D_dp0.5_bbunet/Emf_K10_mpc4_pid_stopgo_T0.5/6/pillars_bounds+dynamics+geo_bounds+obstacles/dpcc-t/dpcc-t.npz,/data/home/llim/FMPCC/FM-PCC/logs/UAV_MIX/uav-pillars/plans/mix_uav_mf/H8_Dmodels.mf_diffusion.MeanFlowODE_9D_dp0.5_bbunet/Emf_K10_mpc4_pid_stopgo_T0.5/6/pillars_bounds+dynamics+geo_bounds+obstacles/dpcc-t,
36,pillars|mf|K10|bbunet|dp0.5,pillars,mf,10.0,6,test,pillars_bounds+dynamics+geo_bounds+obstacles,dpcc-t-tightened,npz,1.0,3,0,0.0,0.0,0.0,0.0,0.0,0.0,3.0,,/data/home/llim/FMPCC/FM-PCC/logs/UAV_MIX/uav-pillars/plans/mix_uav_mf/H8_Dmodels.mf_diffusion.MeanFlowODE_9D_dp0.5_bbunet/Emf_K10_mpc4_pid_stopgo_T0.5,dpcc-t,True,4.0,pid_stopgo,0.5,unet,Gen15,dpcc-t-tightened,/data/home/llim/FMPCC/FM-PCC/logs/UAV_MIX/uav-pillars/plans/mix_uav_mf/H8_Dmodels.mf_diffusion.MeanFlowODE_9D_dp0.5_bbunet/Emf_K10_mpc4_pid_stopgo_T0.5/6/pillars_bounds+dynamics+geo_bounds+obstacles/dpcc-t-tightened/dpcc-t-tightened.npz,/data/home/llim/FMPCC/FM-PCC/logs/UAV_MIX/uav-pillars/plans/mix_uav_mf/H8_Dmodels.mf_diffusion.MeanFlowODE_9D_dp0.5_bbunet/Emf_K10_mpc4_pid_stopgo_T0.5/6/pillars_bounds+dynamics+geo_bounds+obstacles/dpcc-t-tightened,
36,pillars|mf|K10|bbunet|dp0.5,pillars,mf,10.0,6,test,pillars_bounds+dynamics+geo_bounds+obstacles,geo_free,npz,1.0,3,0,0.0,0.0,0.0,0.0,0.0,0.0,3.0,,/data/home/llim/FMPCC/FM-PCC/logs/UAV_MIX/uav-pillars/plans/mix_uav_mf/H8_Dmodels.mf_diffusion.MeanFlowODE_9D_dp0.5_bbunet/Emf_K10_mpc4_pid_stopgo_T0.5,geo_free,False,4.0,pid_stopgo,0.5,unet,Gen15,geo_free,/data/home/llim/FMPCC/FM-PCC/logs/UAV_MIX/uav-pillars/plans/mix_uav_mf/H8_Dmodels.mf_diffusion.MeanFlowODE_9D_dp0.5_bbunet/Emf_K10_mpc4_pid_stopgo_T0.5/6/pillars_bounds+dynamics+geo_bounds+obstacles/geo_free/geo_free.npz,/data/home/llim/FMPCC/FM-PCC/logs/UAV_MIX/uav-pillars/plans/mix_uav_mf/H8_Dmodels.mf_diffusion.MeanFlowODE_9D_dp0.5_bbunet/Emf_K10_mpc4_pid_stopgo_T0.5/6/pillars_bounds+dynamics+geo_bounds+obstacles/geo_free,
36,pillars|mf|K10|bbunet|dp0.5,pillars,mf,10.0,6,test,pillars_bounds+dynamics+geo_bounds+obstacles,geo_free-bounds_free,npz,1.0,3,0,0.0,0.0,0.0,0.0,0.0,0.0,3.0,,/data/home/llim/FMPCC/FM-PCC/logs/UAV_MIX/uav-pillars/plans/mix_uav_mf/H8_Dmodels.mf_diffusion.MeanFlowODE_9D_dp0.5_bbunet/Emf_K10_mpc4_pid_stopgo_T0.5,geo_free-bounds_free,False,4.0,pid_stopgo,0.5,unet,Gen15,geo_free-bounds_free,/data/home/llim/FMPCC/FM-PCC/logs/UAV_MIX/uav-pillars/plans/mix_uav_mf/H8_Dmodels.mf_diffusion.MeanFlowODE_9D_dp0.5_bbunet/Emf_K10_mpc4_pid_stopgo_T0.5/6/pillars_bounds+dynamics+geo_bounds+obstacles/geo_free-bounds_free/geo_free-bounds_free.npz,/data/home/llim/FMPCC/FM-PCC/logs/UAV_MIX/uav-pillars/plans/mix_uav_mf/H8_Dmodels.mf_diffusion.MeanFlowODE_9D_dp0.5_bbunet/Emf_K10_mpc4_pid_stopgo_T0.5/6/pillars_bounds+dynamics+geo_bounds+obstacles/geo_free-bounds_free,
36,pillars|mf|K10|bbunet|dp0.5,pillars,mf,10.0,6,test,pillars_bounds+dynamics+geo_bounds+obstacles,geo_free-model_free,npz,1.0,3,0,0.0,0.0,0.0,0.0,0.0,0.0,3.0,,/data/home/llim/FMPCC/FM-PCC/logs/UAV_MIX/uav-pillars/plans/mix_uav_mf/H8_Dmodels.mf_diffusion.MeanFlowODE_9D_dp0.5_bbunet/Emf_K10_mpc4_pid_stopgo_T0.5,geo_free-model_free,False,4.0,pid_stopgo,0.5,unet,Gen15,geo_free-model_free,/data/home/llim/FMPCC/FM-PCC/logs/UAV_MIX/uav-pillars/plans/mix_uav_mf/H8_Dmodels.mf_diffusion.MeanFlowODE_9D_dp0.5_bbunet/Emf_K10_mpc4_pid_stopgo_T0.5/6/pillars_bounds+dynamics+geo_bounds+obstacles/geo_free-model_free/geo_free-model_free.npz,/data/home/llim/FMPCC/FM-PCC/logs/UAV_MIX/uav-pillars/plans/mix_uav_mf/H8_Dmodels.mf_diffusion.MeanFlowODE_9D_dp0.5_bbunet/Emf_K10_mpc4_pid_stopgo_T0.5/6/pillars_bounds+dynamics+geo_bounds+obstacles/geo_free-model_free,
36,pillars|mf|K10|bbunet|dp0.5,pillars,mf,10.0,6,test,pillars_bounds+dynamics+geo_bounds+obstacles,gradient,npz,1.0,3,0,0.0,0.0,0.0,0.0,0.0,0.0,3.0,,/data/home/llim/FMPCC/FM-PCC/logs/UAV_MIX/uav-pillars/plans/mix_uav_mf/H8_Dmodels.mf_diffusion.MeanFlowODE_9D_dp0.5_bbunet/Emf_K10_mpc4_pid_stopgo_T0.5,gradient,False,4.0,pid_stopgo,0.5,unet,Gen15,gradient,/data/home/llim/FMPCC/FM-PCC/logs/UAV_MIX/uav-pillars/plans/mix_uav_mf/H8_Dmodels.mf_diffusion.MeanFlowODE_9D_dp0.5_bbunet/Emf_K10_mpc4_pid_stopgo_T0.5/6/pillars_bounds+dynamics+geo_bounds+obstacles/gradient/gradient.npz,/data/home/llim/FMPCC/FM-PCC/logs/UAV_MIX/uav-pillars/plans/mix_uav_mf/H8_Dmodels.mf_diffusion.MeanFlowODE_9D_dp0.5_bbunet/Emf_K10_mpc4_pid_stopgo_T0.5/6/pillars_bounds+dynamics+geo_bounds+obstacles/gradient,
36,pillars|mf|K10|bbunet|dp0.5,pillars,mf,10.0,6,test,pillars_bounds+dynamics+geo_bounds+obstacles,gradient-tightened,npz,1.0,3,0,0.0,0.0,0.0,0.0,0.0,0.0,3.0,,/data/home/llim/FMPCC/FM-PCC/logs/UAV_MIX/uav-pillars/plans/mix_uav_mf/H8_Dmodels.mf_diffusion.MeanFlowODE_9D_dp0.5_bbunet/Emf_K10_mpc4_pid_stopgo_T0.5,gradient,True,4.0,pid_stopgo,0.5,unet,Gen15,gradient-tightened,/data/home/llim/FMPCC/FM-PCC/logs/UAV_MIX/uav-pillars/plans/mix_uav_mf/H8_Dmodels.mf_diffusion.MeanFlowODE_9D_dp0.5_bbunet/Emf_K10_mpc4_pid_stopgo_T0.5/6/pillars_bounds+dynamics+geo_bounds+obstacles/gradient-tightened/gradient-tightened.npz,/data/home/llim/FMPCC/FM-PCC/logs/UAV_MIX/uav-pillars/plans/mix_uav_mf/H8_Dmodels.mf_diffusion.MeanFlowODE_9D_dp0.5_bbunet/Emf_K10_mpc4_pid_stopgo_T0.5/6/pillars_bounds+dynamics+geo_bounds+obstacles/gradient-tightened,
36,pillars|mf|K10|bbunet|dp0.5,pillars,mf,10.0,6,test,pillars_bounds+dynamics+geo_bounds+obstacles,hardflow_new,npz,1.0,3,0,0.0,0.0,0.0,0.0,0.0,0.0,3.0,,/data/home/llim/FMPCC/FM-PCC/logs/UAV_MIX/uav-pillars/plans/mix_uav_mf/H8_Dmodels.mf_diffusion.MeanFlowODE_9D_dp0.5_bbunet/Emf_K10_mpc4_pid_stopgo_T0.5,hardflow_new,False,4.0,pid_stopgo,0.5,unet,Gen15,hardflow_new,/data/home/llim/FMPCC/FM-PCC/logs/UAV_MIX/uav-pillars/plans/mix_uav_mf/H8_Dmodels.mf_diffusion.MeanFlowODE_9D_dp0.5_bbunet/Emf_K10_mpc4_pid_stopgo_T0.5/6/pillars_bounds+dynamics+geo_bounds+obstacles/hardflow_new/hardflow_new.npz,/data/home/llim/FMPCC/FM-PCC/logs/UAV_MIX/uav-pillars/plans/mix_uav_mf/H8_Dmodels.mf_diffusion.MeanFlowODE_9D_dp0.5_bbunet/Emf_K10_mpc4_pid_stopgo_T0.5/6/pillars_bounds+dynamics+geo_bounds+obstacles/hardflow_new,
36,pillars|mf|K10|bbunet|dp0.5,pillars,mf,10.0,6,test,pillars_bounds+dynamics+geo_bounds+obstacles,hardflow_new-c,npz,1.0,3,0,0.0,0.0,0.0,0.0,0.0,0.0,3.0,,/data/home/llim/FMPCC/FM-PCC/logs/UAV_MIX/uav-pillars/plans/mix_uav_mf/H8_Dmodels.mf_diffusion.MeanFlowODE_9D_dp0.5_bbunet/Emf_K10_mpc4_pid_stopgo_T0.5,hardflow_new-c,False,4.0,pid_stopgo,0.5,unet,Gen15,hardflow_new-c,/data/home/llim/FMPCC/FM-PCC/logs/UAV_MIX/uav-pillars/plans/mix_uav_mf/H8_Dmodels.mf_diffusion.MeanFlowODE_9D_dp0.5_bbunet/Emf_K10_mpc4_pid_stopgo_T0.5/6/pillars_bounds+dynamics+geo_bounds+obstacles/hardflow_new-c/hardflow_new-c.npz,/data/home/llim/FMPCC/FM-PCC/logs/UAV_MIX/uav-pillars/plans/mix_uav_mf/H8_Dmodels.mf_diffusion.MeanFlowODE_9D_dp0.5_bbunet/Emf_K10_mpc4_pid_stopgo_T0.5/6/pillars_bounds+dynamics+geo_bounds+obstacles/hardflow_new-c,
36,pillars|mf|K10|bbunet|dp0.5,pillars,mf,10.0,6,test,pillars_bounds+dynamics+geo_bounds+obstacles,hardflow_new-t,npz,1.0,3,0,0.0,0.0,0.0,0.0,0.0,0.0,3.0,,/data/home/llim/FMPCC/FM-PCC/logs/UAV_MIX/uav-pillars/plans/mix_uav_mf/H8_Dmodels.mf_diffusion.MeanFlowODE_9D_dp0.5_bbunet/Emf_K10_mpc4_pid_stopgo_T0.5,hardflow_new-t,False,4.0,pid_stopgo,0.5,unet,Gen15,hardflow_new-t,/data/home/llim/FMPCC/FM-PCC/logs/UAV_MIX/uav-pillars/plans/mix_uav_mf/H8_Dmodels.mf_diffusion.MeanFlowODE_9D_dp0.5_bbunet/Emf_K10_mpc4_pid_stopgo_T0.5/6/pillars_bounds+dynamics+geo_bounds+obstacles/hardflow_new-t/hardflow_new-t.npz,/data/home/llim/FMPCC/FM-PCC/logs/UAV_MIX/uav-pillars/plans/mix_uav_mf/H8_Dmodels.mf_diffusion.MeanFlowODE_9D_dp0.5_bbunet/Emf_K10_mpc4_pid_stopgo_T0.5/6/pillars_bounds+dynamics+geo_bounds+obstacles/hardflow_new-t,
36,pillars|mf|K10|bbunet|dp0.5,pillars,mf,10.0,6,test,pillars_bounds+dynamics+geo_bounds+obstacles,model_free,npz,1.0,3,0,0.0,0.0,0.0,0.0,0.0,0.0,3.0,,/data/home/llim/FMPCC/FM-PCC/logs/UAV_MIX/uav-pillars/plans/mix_uav_mf/H8_Dmodels.mf_diffusion.MeanFlowODE_9D_dp0.5_bbunet/Emf_K10_mpc4_pid_stopgo_T0.5,model_free,False,4.0,pid_stopgo,0.5,unet,Gen15,model_free,/data/home/llim/FMPCC/FM-PCC/logs/UAV_MIX/uav-pillars/plans/mix_uav_mf/H8_Dmodels.mf_diffusion.MeanFlowODE_9D_dp0.5_bbunet/Emf_K10_mpc4_pid_stopgo_T0.5/6/pillars_bounds+dynamics+geo_bounds+obstacles/model_free/model_free.npz,/data/home/llim/FMPCC/FM-PCC/logs/UAV_MIX/uav-pillars/plans/mix_uav_mf/H8_Dmodels.mf_diffusion.MeanFlowODE_9D_dp0.5_bbunet/Emf_K10_mpc4_pid_stopgo_T0.5/6/pillars_bounds+dynamics+geo_bounds+obstacles/model_free,
36,pillars|mf|K10|bbunet|dp0.5,pillars,mf,10.0,6,test,pillars_bounds+dynamics+geo_bounds+obstacles,model_free-bounds_free,npz,1.0,3,0,0.0,0.0,0.0,0.0,0.0,0.0,3.0,,/data/home/llim/FMPCC/FM-PCC/logs/UAV_MIX/uav-pillars/plans/mix_uav_mf/H8_Dmodels.mf_diffusion.MeanFlowODE_9D_dp0.5_bbunet/Emf_K10_mpc4_pid_stopgo_T0.5,model_free-bounds_free,False,4.0,pid_stopgo,0.5,unet,Gen15,model_free-bounds_free,/data/home/llim/FMPCC/FM-PCC/logs/UAV_MIX/uav-pillars/plans/mix_uav_mf/H8_Dmodels.mf_diffusion.MeanFlowODE_9D_dp0.5_bbunet/Emf_K10_mpc4_pid_stopgo_T0.5/6/pillars_bounds+dynamics+geo_bounds+obstacles/model_free-bounds_free/model_free-bounds_free.npz,/data/home/llim/FMPCC/FM-PCC/logs/UAV_MIX/uav-pillars/plans/mix_uav_mf/H8_Dmodels.mf_diffusion.MeanFlowODE_9D_dp0.5_bbunet/Emf_K10_mpc4_pid_stopgo_T0.5/6/pillars_bounds+dynamics+geo_bounds+obstacles/model_free-bounds_free,
36,pillars|mf|K10|bbunet|dp0.5,pillars,mf,10.0,6,test,pillars_bounds+dynamics+geo_bounds+obstacles,model_free-bounds_free-tightened,npz,1.0,3,0,0.0,0.0,0.0,0.0,0.0,0.0,3.0,,/data/home/llim/FMPCC/FM-PCC/logs/UAV_MIX/uav-pillars/plans/mix_uav_mf/H8_Dmodels.mf_diffusion.MeanFlowODE_9D_dp0.5_bbunet/Emf_K10_mpc4_pid_stopgo_T0.5,model_free-bounds_free,True,4.0,pid_stopgo,0.5,unet,Gen15,model_free-bounds_free-tightened,/data/home/llim/FMPCC/FM-PCC/logs/UAV_MIX/uav-pillars/plans/mix_uav_mf/H8_Dmodels.mf_diffusion.MeanFlowODE_9D_dp0.5_bbunet/Emf_K10_mpc4_pid_stopgo_T0.5/6/pillars_bounds+dynamics+geo_bounds+obstacles/model_free-bounds_free-tightened/model_free-bounds_free-tightened.npz,/data/home/llim/FMPCC/FM-PCC/logs/UAV_MIX/uav-pillars/plans/mix_uav_mf/H8_Dmodels.mf_diffusion.MeanFlowODE_9D_dp0.5_bbunet/Emf_K10_mpc4_pid_stopgo_T0.5/6/pillars_bounds+dynamics+geo_bounds+obstacles/model_free-bounds_free-tightened,
36,pillars|mf|K10|bbunet|dp0.5,pillars,mf,10.0,6,test,pillars_bounds+dynamics+geo_bounds+obstacles,model_free-tightened,npz,1.0,3,0,0.0,0.0,0.0,0.0,0.0,0.0,3.0,,/data/home/llim/FMPCC/FM-PCC/logs/UAV_MIX/uav-pillars/plans/mix_uav_mf/H8_Dmodels.mf_diffusion.MeanFlowODE_9D_dp0.5_bbunet/Emf_K10_mpc4_pid_stopgo_T0.5,model_free,True,4.0,pid_stopgo,0.5,unet,Gen15,model_free-tightened,/data/home/llim/FMPCC/FM-PCC/logs/UAV_MIX/uav-pillars/plans/mix_uav_mf/H8_Dmodels.mf_diffusion.MeanFlowODE_9D_dp0.5_bbunet/Emf_K10_mpc4_pid_stopgo_T0.5/6/pillars_bounds+dynamics+geo_bounds+obstacles/model_free-tightened/model_free-tightened.npz,/data/home/llim/FMPCC/FM-PCC/logs/UAV_MIX/uav-pillars/plans/mix_uav_mf/H8_Dmodels.mf_diffusion.MeanFlowODE_9D_dp0.5_bbunet/Emf_K10_mpc4_pid_stopgo_T0.5/6/pillars_bounds+dynamics+geo_bounds+obstacles/model_free-tightened,
36,pillars|mf|K10|bbunet|dp0.5,pillars,mf,10.0,6,test,pillars_bounds+dynamics+geo_bounds+obstacles,post_processing,npz,1.0,3,0,0.0,0.0,0.0,0.0,0.0,0.0,3.0,,/data/home/llim/FMPCC/FM-PCC/logs/UAV_MIX/uav-pillars/plans/mix_uav_mf/H8_Dmodels.mf_diffusion.MeanFlowODE_9D_dp0.5_bbunet/Emf_K10_mpc4_pid_stopgo_T0.5,post_processing,False,4.0,pid_stopgo,0.5,unet,Gen15,post_processing,/data/home/llim/FMPCC/FM-PCC/logs/UAV_MIX/uav-pillars/plans/mix_uav_mf/H8_Dmodels.mf_diffusion.MeanFlowODE_9D_dp0.5_bbunet/Emf_K10_mpc4_pid_stopgo_T0.5/6/pillars_bounds+dynamics+geo_bounds+obstacles/post_processing/post_processing.npz,/data/home/llim/FMPCC/FM-PCC/logs/UAV_MIX/uav-pillars/plans/mix_uav_mf/H8_Dmodels.mf_diffusion.MeanFlowODE_9D_dp0.5_bbunet/Emf_K10_mpc4_pid_stopgo_T0.5/6/pillars_bounds+dynamics+geo_bounds+obstacles/post_processing,
36,pillars|mf|K10|bbunet|dp0.5,pillars,mf,10.0,6,test,pillars_bounds+dynamics+geo_bounds+obstacles,post_processing-tightened,npz,1.0,3,0,0.0,0.0,0.0,0.0,0.0,0.0,3.0,,/data/home/llim/FMPCC/FM-PCC/logs/UAV_MIX/uav-pillars/plans/mix_uav_mf/H8_Dmodels.mf_diffusion.MeanFlowODE_9D_dp0.5_bbunet/Emf_K10_mpc4_pid_stopgo_T0.5,post_processing,True,4.0,pid_stopgo,0.5,unet,Gen15,post_processing-tightened,/data/home/llim/FMPCC/FM-PCC/logs/UAV_MIX/uav-pillars/plans/mix_uav_mf/H8_Dmodels.mf_diffusion.MeanFlowODE_9D_dp0.5_bbunet/Emf_K10_mpc4_pid_stopgo_T0.5/6/pillars_bounds+dynamics+geo_bounds+obstacles/post_processing-tightened/post_processing-tightened.npz,/data/home/llim/FMPCC/FM-PCC/logs/UAV_MIX/uav-pillars/plans/mix_uav_mf/H8_Dmodels.mf_diffusion.MeanFlowODE_9D_dp0.5_bbunet/Emf_K10_mpc4_pid_stopgo_T0.5/6/pillars_bounds+dynamics+geo_bounds+obstacles/post_processing-tightened,
37,s_curve|fm|K10,s_curve,fm,10.0,6,test,s_curve_bounds+dynamics+geo_bounds+halfspace+obstacles,bounds_free,npz,1.0,3,0,0.0,0.0,0.0,0.0,0.0,0.0,3.0,,/data/home/llim/FMPCC/FM-PCC/logs/UAV_MIX/uav-s_curve/plans/mix_uav_fm/H8_Dmodels.diffusion.FlowMatchingODE_9D/Efm_K10_mpc4_pid_stopgo_T0.5,bounds_free,False,4.0,pid_stopgo,0.5,,Gen15,bounds_free,/data/home/llim/FMPCC/FM-PCC/logs/UAV_MIX/uav-s_curve/plans/mix_uav_fm/H8_Dmodels.diffusion.FlowMatchingODE_9D/Efm_K10_mpc4_pid_stopgo_T0.5/6/s_curve_bounds+dynamics+geo_bounds+halfspace+obstacles/bounds_free/bounds_free.npz,/data/home/llim/FMPCC/FM-PCC/logs/UAV_MIX/uav-s_curve/plans/mix_uav_fm/H8_Dmodels.diffusion.FlowMatchingODE_9D/Efm_K10_mpc4_pid_stopgo_T0.5/6/s_curve_bounds+dynamics+geo_bounds+halfspace+obstacles/bounds_free,
37,s_curve|fm|K10,s_curve,fm,10.0,6,test,s_curve_bounds+dynamics+geo_bounds+halfspace+obstacles,bounds_free-tightened,npz,1.0,3,0,0.0,0.0,0.0,0.0,0.0,0.0,3.0,,/data/home/llim/FMPCC/FM-PCC/logs/UAV_MIX/uav-s_curve/plans/mix_uav_fm/H8_Dmodels.diffusion.FlowMatchingODE_9D/Efm_K10_mpc4_pid_stopgo_T0.5,bounds_free,True,4.0,pid_stopgo,0.5,,Gen15,bounds_free-tightened,/data/home/llim/FMPCC/FM-PCC/logs/UAV_MIX/uav-s_curve/plans/mix_uav_fm/H8_Dmodels.diffusion.FlowMatchingODE_9D/Efm_K10_mpc4_pid_stopgo_T0.5/6/s_curve_bounds+dynamics+geo_bounds+halfspace+obstacles/bounds_free-tightened/bounds_free-tightened.npz,/data/home/llim/FMPCC/FM-PCC/logs/UAV_MIX/uav-s_curve/plans/mix_uav_fm/H8_Dmodels.diffusion.FlowMatchingODE_9D/Efm_K10_mpc4_pid_stopgo_T0.5/6/s_curve_bounds+dynamics+geo_bounds+halfspace+obstacles/bounds_free-tightened,
37,s_curve|fm|K10,s_curve,fm,10.0,6,test,s_curve_bounds+dynamics+geo_bounds+halfspace+obstacles,diffuser,npz,0.0,3,0,0.0,0.0,0.0,0.0,0.0,0.0,3.0,,/data/home/llim/FMPCC/FM-PCC/logs/UAV_MIX/uav-s_curve/plans/mix_uav_fm/H8_Dmodels.diffusion.FlowMatchingODE_9D/Efm_K10_mpc4_pid_stopgo_T0.5,diffuser,False,4.0,pid_stopgo,0.5,,Gen15,diffuser,/data/home/llim/FMPCC/FM-PCC/logs/UAV_MIX/uav-s_curve/plans/mix_uav_fm/H8_Dmodels.diffusion.FlowMatchingODE_9D/Efm_K10_mpc4_pid_stopgo_T0.5/6/s_curve_bounds+dynamics+geo_bounds+halfspace+obstacles/diffuser/diffuser.npz,/data/home/llim/FMPCC/FM-PCC/logs/UAV_MIX/uav-s_curve/plans/mix_uav_fm/H8_Dmodels.diffusion.FlowMatchingODE_9D/Efm_K10_mpc4_pid_stopgo_T0.5/6/s_curve_bounds+dynamics+geo_bounds+halfspace+obstacles/diffuser,
37,s_curve|fm|K10,s_curve,fm,10.0,6,test,s_curve_bounds+dynamics+geo_bounds+halfspace+obstacles,dpcc-c,npz,1.0,3,0,0.0,0.0,0.0,0.0,0.0,0.0,3.0,,/data/home/llim/FMPCC/FM-PCC/logs/UAV_MIX/uav-s_curve/plans/mix_uav_fm/H8_Dmodels.diffusion.FlowMatchingODE_9D/Efm_K10_mpc4_pid_stopgo_T0.5,dpcc-c,False,4.0,pid_stopgo,0.5,,Gen15,dpcc-c,/data/home/llim/FMPCC/FM-PCC/logs/UAV_MIX/uav-s_curve/plans/mix_uav_fm/H8_Dmodels.diffusion.FlowMatchingODE_9D/Efm_K10_mpc4_pid_stopgo_T0.5/6/s_curve_bounds+dynamics+geo_bounds+halfspace+obstacles/dpcc-c/dpcc-c.npz,/data/home/llim/FMPCC/FM-PCC/logs/UAV_MIX/uav-s_curve/plans/mix_uav_fm/H8_Dmodels.diffusion.FlowMatchingODE_9D/Efm_K10_mpc4_pid_stopgo_T0.5/6/s_curve_bounds+dynamics+geo_bounds+halfspace+obstacles/dpcc-c,
37,s_curve|fm|K10,s_curve,fm,10.0,6,test,s_curve_bounds+dynamics+geo_bounds+halfspace+obstacles,dpcc-c-tightened,npz,1.0,3,0,0.0,0.0,0.0,0.0,0.0,0.0,3.0,,/data/home/llim/FMPCC/FM-PCC/logs/UAV_MIX/uav-s_curve/plans/mix_uav_fm/H8_Dmodels.diffusion.FlowMatchingODE_9D/Efm_K10_mpc4_pid_stopgo_T0.5,dpcc-c,True,4.0,pid_stopgo,0.5,,Gen15,dpcc-c-tightened,/data/home/llim/FMPCC/FM-PCC/logs/UAV_MIX/uav-s_curve/plans/mix_uav_fm/H8_Dmodels.diffusion.FlowMatchingODE_9D/Efm_K10_mpc4_pid_stopgo_T0.5/6/s_curve_bounds+dynamics+geo_bounds+halfspace+obstacles/dpcc-c-tightened/dpcc-c-tightened.npz,/data/home/llim/FMPCC/FM-PCC/logs/UAV_MIX/uav-s_curve/plans/mix_uav_fm/H8_Dmodels.diffusion.FlowMatchingODE_9D/Efm_K10_mpc4_pid_stopgo_T0.5/6/s_curve_bounds+dynamics+geo_bounds+halfspace+obstacles/dpcc-c-tightened,
37,s_curve|fm|K10,s_curve,fm,10.0,6,test,s_curve_bounds+dynamics+geo_bounds+halfspace+obstacles,dpcc-r,npz,1.0,3,0,0.0,0.0,0.0,0.0,0.0,0.0,3.0,,/data/home/llim/FMPCC/FM-PCC/logs/UAV_MIX/uav-s_curve/plans/mix_uav_fm/H8_Dmodels.diffusion.FlowMatchingODE_9D/Efm_K10_mpc4_pid_stopgo_T0.5,dpcc-r,False,4.0,pid_stopgo,0.5,,Gen15,dpcc-r,/data/home/llim/FMPCC/FM-PCC/logs/UAV_MIX/uav-s_curve/plans/mix_uav_fm/H8_Dmodels.diffusion.FlowMatchingODE_9D/Efm_K10_mpc4_pid_stopgo_T0.5/6/s_curve_bounds+dynamics+geo_bounds+halfspace+obstacles/dpcc-r/dpcc-r.npz,/data/home/llim/FMPCC/FM-PCC/logs/UAV_MIX/uav-s_curve/plans/mix_uav_fm/H8_Dmodels.diffusion.FlowMatchingODE_9D/Efm_K10_mpc4_pid_stopgo_T0.5/6/s_curve_bounds+dynamics+geo_bounds+halfspace+obstacles/dpcc-r,
37,s_curve|fm|K10,s_curve,fm,10.0,6,test,s_curve_bounds+dynamics+geo_bounds+halfspace+obstacles,dpcc-r-tightened,npz,1.0,3,0,0.0,0.0,0.0,0.0,0.0,0.0,3.0,,/data/home/llim/FMPCC/FM-PCC/logs/UAV_MIX/uav-s_curve/plans/mix_uav_fm/H8_Dmodels.diffusion.FlowMatchingODE_9D/Efm_K10_mpc4_pid_stopgo_T0.5,dpcc-r,True,4.0,pid_stopgo,0.5,,Gen15,dpcc-r-tightened,/data/home/llim/FMPCC/FM-PCC/logs/UAV_MIX/uav-s_curve/plans/mix_uav_fm/H8_Dmodels.diffusion.FlowMatchingODE_9D/Efm_K10_mpc4_pid_stopgo_T0.5/6/s_curve_bounds+dynamics+geo_bounds+halfspace+obstacles/dpcc-r-tightened/dpcc-r-tightened.npz,/data/home/llim/FMPCC/FM-PCC/logs/UAV_MIX/uav-s_curve/plans/mix_uav_fm/H8_Dmodels.diffusion.FlowMatchingODE_9D/Efm_K10_mpc4_pid_stopgo_T0.5/6/s_curve_bounds+dynamics+geo_bounds+halfspace+obstacles/dpcc-r-tightened,
37,s_curve|fm|K10,s_curve,fm,10.0,6,test,s_curve_bounds+dynamics+geo_bounds+halfspace+obstacles,dpcc-t,npz,1.0,3,0,0.0,0.0,0.0,0.0,0.0,0.0,3.0,,/data/home/llim/FMPCC/FM-PCC/logs/UAV_MIX/uav-s_curve/plans/mix_uav_fm/H8_Dmodels.diffusion.FlowMatchingODE_9D/Efm_K10_mpc4_pid_stopgo_T0.5,dpcc-t,False,4.0,pid_stopgo,0.5,,Gen15,dpcc-t,/data/home/llim/FMPCC/FM-PCC/logs/UAV_MIX/uav-s_curve/plans/mix_uav_fm/H8_Dmodels.diffusion.FlowMatchingODE_9D/Efm_K10_mpc4_pid_stopgo_T0.5/6/s_curve_bounds+dynamics+geo_bounds+halfspace+obstacles/dpcc-t/dpcc-t.npz,/data/home/llim/FMPCC/FM-PCC/logs/UAV_MIX/uav-s_curve/plans/mix_uav_fm/H8_Dmodels.diffusion.FlowMatchingODE_9D/Efm_K10_mpc4_pid_stopgo_T0.5/6/s_curve_bounds+dynamics+geo_bounds+halfspace+obstacles/dpcc-t,
37,s_curve|fm|K10,s_curve,fm,10.0,6,test,s_curve_bounds+dynamics+geo_bounds+halfspace+obstacles,dpcc-t-tightened,npz,1.0,3,0,0.0,0.0,0.0,0.0,0.0,0.0,3.0,,/data/home/llim/FMPCC/FM-PCC/logs/UAV_MIX/uav-s_curve/plans/mix_uav_fm/H8_Dmodels.diffusion.FlowMatchingODE_9D/Efm_K10_mpc4_pid_stopgo_T0.5,dpcc-t,True,4.0,pid_stopgo,0.5,,Gen15,dpcc-t-tightened,/data/home/llim/FMPCC/FM-PCC/logs/UAV_MIX/uav-s_curve/plans/mix_uav_fm/H8_Dmodels.diffusion.FlowMatchingODE_9D/Efm_K10_mpc4_pid_stopgo_T0.5/6/s_curve_bounds+dynamics+geo_bounds+halfspace+obstacles/dpcc-t-tightened/dpcc-t-tightened.npz,/data/home/llim/FMPCC/FM-PCC/logs/UAV_MIX/uav-s_curve/plans/mix_uav_fm/H8_Dmodels.diffusion.FlowMatchingODE_9D/Efm_K10_mpc4_pid_stopgo_T0.5/6/s_curve_bounds+dynamics+geo_bounds+halfspace+obstacles/dpcc-t-tightened,
37,s_curve|fm|K10,s_curve,fm,10.0,6,test,s_curve_bounds+dynamics+geo_bounds+halfspace+obstacles,geo_free,npz,1.0,3,0,0.0,0.0,0.0,0.0,0.0,0.0,3.0,,/data/home/llim/FMPCC/FM-PCC/logs/UAV_MIX/uav-s_curve/plans/mix_uav_fm/H8_Dmodels.diffusion.FlowMatchingODE_9D/Efm_K10_mpc4_pid_stopgo_T0.5,geo_free,False,4.0,pid_stopgo,0.5,,Gen15,geo_free,/data/home/llim/FMPCC/FM-PCC/logs/UAV_MIX/uav-s_curve/plans/mix_uav_fm/H8_Dmodels.diffusion.FlowMatchingODE_9D/Efm_K10_mpc4_pid_stopgo_T0.5/6/s_curve_bounds+dynamics+geo_bounds+halfspace+obstacles/geo_free/geo_free.npz,/data/home/llim/FMPCC/FM-PCC/logs/UAV_MIX/uav-s_curve/plans/mix_uav_fm/H8_Dmodels.diffusion.FlowMatchingODE_9D/Efm_K10_mpc4_pid_stopgo_T0.5/6/s_curve_bounds+dynamics+geo_bounds+halfspace+obstacles/geo_free,
37,s_curve|fm|K10,s_curve,fm,10.0,6,test,s_curve_bounds+dynamics+geo_bounds+halfspace+obstacles,geo_free-bounds_free,npz,1.0,3,0,0.0,0.0,0.0,0.0,0.0,0.0,3.0,,/data/home/llim/FMPCC/FM-PCC/logs/UAV_MIX/uav-s_curve/plans/mix_uav_fm/H8_Dmodels.diffusion.FlowMatchingODE_9D/Efm_K10_mpc4_pid_stopgo_T0.5,geo_free-bounds_free,False,4.0,pid_stopgo,0.5,,Gen15,geo_free-bounds_free,/data/home/llim/FMPCC/FM-PCC/logs/UAV_MIX/uav-s_curve/plans/mix_uav_fm/H8_Dmodels.diffusion.FlowMatchingODE_9D/Efm_K10_mpc4_pid_stopgo_T0.5/6/s_curve_bounds+dynamics+geo_bounds+halfspace+obstacles/geo_free-bounds_free/geo_free-bounds_free.npz,/data/home/llim/FMPCC/FM-PCC/logs/UAV_MIX/uav-s_curve/plans/mix_uav_fm/H8_Dmodels.diffusion.FlowMatchingODE_9D/Efm_K10_mpc4_pid_stopgo_T0.5/6/s_curve_bounds+dynamics+geo_bounds+halfspace+obstacles/geo_free-bounds_free,
37,s_curve|fm|K10,s_curve,fm,10.0,6,test,s_curve_bounds+dynamics+geo_bounds+halfspace+obstacles,geo_free-model_free,npz,1.0,3,0,0.0,0.0,0.0,0.0,0.0,0.0,3.0,,/data/home/llim/FMPCC/FM-PCC/logs/UAV_MIX/uav-s_curve/plans/mix_uav_fm/H8_Dmodels.diffusion.FlowMatchingODE_9D/Efm_K10_mpc4_pid_stopgo_T0.5,geo_free-model_free,False,4.0,pid_stopgo,0.5,,Gen15,geo_free-model_free,/data/home/llim/FMPCC/FM-PCC/logs/UAV_MIX/uav-s_curve/plans/mix_uav_fm/H8_Dmodels.diffusion.FlowMatchingODE_9D/Efm_K10_mpc4_pid_stopgo_T0.5/6/s_curve_bounds+dynamics+geo_bounds+halfspace+obstacles/geo_free-model_free/geo_free-model_free.npz,/data/home/llim/FMPCC/FM-PCC/logs/UAV_MIX/uav-s_curve/plans/mix_uav_fm/H8_Dmodels.diffusion.FlowMatchingODE_9D/Efm_K10_mpc4_pid_stopgo_T0.5/6/s_curve_bounds+dynamics+geo_bounds+halfspace+obstacles/geo_free-model_free,
37,s_curve|fm|K10,s_curve,fm,10.0,6,test,s_curve_bounds+dynamics+geo_bounds+halfspace+obstacles,gradient,npz,1.0,3,0,0.0,0.0,0.0,0.0,0.0,0.0,3.0,,/data/home/llim/FMPCC/FM-PCC/logs/UAV_MIX/uav-s_curve/plans/mix_uav_fm/H8_Dmodels.diffusion.FlowMatchingODE_9D/Efm_K10_mpc4_pid_stopgo_T0.5,gradient,False,4.0,pid_stopgo,0.5,,Gen15,gradient,/data/home/llim/FMPCC/FM-PCC/logs/UAV_MIX/uav-s_curve/plans/mix_uav_fm/H8_Dmodels.diffusion.FlowMatchingODE_9D/Efm_K10_mpc4_pid_stopgo_T0.5/6/s_curve_bounds+dynamics+geo_bounds+halfspace+obstacles/gradient/gradient.npz,/data/home/llim/FMPCC/FM-PCC/logs/UAV_MIX/uav-s_curve/plans/mix_uav_fm/H8_Dmodels.diffusion.FlowMatchingODE_9D/Efm_K10_mpc4_pid_stopgo_T0.5/6/s_curve_bounds+dynamics+geo_bounds+halfspace+obstacles/gradient,
37,s_curve|fm|K10,s_curve,fm,10.0,6,test,s_curve_bounds+dynamics+geo_bounds+halfspace+obstacles,gradient-tightened,npz,1.0,3,0,0.0,0.0,0.0,0.0,0.0,0.0,3.0,,/data/home/llim/FMPCC/FM-PCC/logs/UAV_MIX/uav-s_curve/plans/mix_uav_fm/H8_Dmodels.diffusion.FlowMatchingODE_9D/Efm_K10_mpc4_pid_stopgo_T0.5,gradient,True,4.0,pid_stopgo,0.5,,Gen15,gradient-tightened,/data/home/llim/FMPCC/FM-PCC/logs/UAV_MIX/uav-s_curve/plans/mix_uav_fm/H8_Dmodels.diffusion.FlowMatchingODE_9D/Efm_K10_mpc4_pid_stopgo_T0.5/6/s_curve_bounds+dynamics+geo_bounds+halfspace+obstacles/gradient-tightened/gradient-tightened.npz,/data/home/llim/FMPCC/FM-PCC/logs/UAV_MIX/uav-s_curve/plans/mix_uav_fm/H8_Dmodels.diffusion.FlowMatchingODE_9D/Efm_K10_mpc4_pid_stopgo_T0.5/6/s_curve_bounds+dynamics+geo_bounds+halfspace+obstacles/gradient-tightened,
37,s_curve|fm|K10,s_curve,fm,10.0,6,test,s_curve_bounds+dynamics+geo_bounds+halfspace+obstacles,model_free,npz,1.0,3,0,0.0,0.0,0.0,0.0,0.0,0.0,3.0,,/data/home/llim/FMPCC/FM-PCC/logs/UAV_MIX/uav-s_curve/plans/mix_uav_fm/H8_Dmodels.diffusion.FlowMatchingODE_9D/Efm_K10_mpc4_pid_stopgo_T0.5,model_free,False,4.0,pid_stopgo,0.5,,Gen15,model_free,/data/home/llim/FMPCC/FM-PCC/logs/UAV_MIX/uav-s_curve/plans/mix_uav_fm/H8_Dmodels.diffusion.FlowMatchingODE_9D/Efm_K10_mpc4_pid_stopgo_T0.5/6/s_curve_bounds+dynamics+geo_bounds+halfspace+obstacles/model_free/model_free.npz,/data/home/llim/FMPCC/FM-PCC/logs/UAV_MIX/uav-s_curve/plans/mix_uav_fm/H8_Dmodels.diffusion.FlowMatchingODE_9D/Efm_K10_mpc4_pid_stopgo_T0.5/6/s_curve_bounds+dynamics+geo_bounds+halfspace+obstacles/model_free,
37,s_curve|fm|K10,s_curve,fm,10.0,6,test,s_curve_bounds+dynamics+geo_bounds+halfspace+obstacles,model_free-bounds_free,npz,1.0,3,0,0.0,0.0,0.0,0.0,0.0,0.0,3.0,,/data/home/llim/FMPCC/FM-PCC/logs/UAV_MIX/uav-s_curve/plans/mix_uav_fm/H8_Dmodels.diffusion.FlowMatchingODE_9D/Efm_K10_mpc4_pid_stopgo_T0.5,model_free-bounds_free,False,4.0,pid_stopgo,0.5,,Gen15,model_free-bounds_free,/data/home/llim/FMPCC/FM-PCC/logs/UAV_MIX/uav-s_curve/plans/mix_uav_fm/H8_Dmodels.diffusion.FlowMatchingODE_9D/Efm_K10_mpc4_pid_stopgo_T0.5/6/s_curve_bounds+dynamics+geo_bounds+halfspace+obstacles/model_free-bounds_free/model_free-bounds_free.npz,/data/home/llim/FMPCC/FM-PCC/logs/UAV_MIX/uav-s_curve/plans/mix_uav_fm/H8_Dmodels.diffusion.FlowMatchingODE_9D/Efm_K10_mpc4_pid_stopgo_T0.5/6/s_curve_bounds+dynamics+geo_bounds+halfspace+obstacles/model_free-bounds_free,
37,s_curve|fm|K10,s_curve,fm,10.0,6,test,s_curve_bounds+dynamics+geo_bounds+halfspace+obstacles,model_free-bounds_free-tightened,npz,1.0,3,0,0.0,0.0,0.0,0.0,0.0,0.0,3.0,,/data/home/llim/FMPCC/FM-PCC/logs/UAV_MIX/uav-s_curve/plans/mix_uav_fm/H8_Dmodels.diffusion.FlowMatchingODE_9D/Efm_K10_mpc4_pid_stopgo_T0.5,model_free-bounds_free,True,4.0,pid_stopgo,0.5,,Gen15,model_free-bounds_free-tightened,/data/home/llim/FMPCC/FM-PCC/logs/UAV_MIX/uav-s_curve/plans/mix_uav_fm/H8_Dmodels.diffusion.FlowMatchingODE_9D/Efm_K10_mpc4_pid_stopgo_T0.5/6/s_curve_bounds+dynamics+geo_bounds+halfspace+obstacles/model_free-bounds_free-tightened/model_free-bounds_free-tightened.npz,/data/home/llim/FMPCC/FM-PCC/logs/UAV_MIX/uav-s_curve/plans/mix_uav_fm/H8_Dmodels.diffusion.FlowMatchingODE_9D/Efm_K10_mpc4_pid_stopgo_T0.5/6/s_curve_bounds+dynamics+geo_bounds+halfspace+obstacles/model_free-bounds_free-tightened,
37,s_curve|fm|K10,s_curve,fm,10.0,6,test,s_curve_bounds+dynamics+geo_bounds+halfspace+obstacles,model_free-tightened,npz,1.0,3,0,0.0,0.0,0.0,0.0,0.0,0.0,3.0,,/data/home/llim/FMPCC/FM-PCC/logs/UAV_MIX/uav-s_curve/plans/mix_uav_fm/H8_Dmodels.diffusion.FlowMatchingODE_9D/Efm_K10_mpc4_pid_stopgo_T0.5,model_free,True,4.0,pid_stopgo,0.5,,Gen15,model_free-tightened,/data/home/llim/FMPCC/FM-PCC/logs/UAV_MIX/uav-s_curve/plans/mix_uav_fm/H8_Dmodels.diffusion.FlowMatchingODE_9D/Efm_K10_mpc4_pid_stopgo_T0.5/6/s_curve_bounds+dynamics+geo_bounds+halfspace+obstacles/model_free-tightened/model_free-tightened.npz,/data/home/llim/FMPCC/FM-PCC/logs/UAV_MIX/uav-s_curve/plans/mix_uav_fm/H8_Dmodels.diffusion.FlowMatchingODE_9D/Efm_K10_mpc4_pid_stopgo_T0.5/6/s_curve_bounds+dynamics+geo_bounds+halfspace+obstacles/model_free-tightened,
37,s_curve|fm|K10,s_curve,fm,10.0,6,test,s_curve_bounds+dynamics+geo_bounds+halfspace+obstacles,post_processing,npz,1.0,3,0,0.0,0.0,0.0,0.0,0.0,0.0,3.0,,/data/home/llim/FMPCC/FM-PCC/logs/UAV_MIX/uav-s_curve/plans/mix_uav_fm/H8_Dmodels.diffusion.FlowMatchingODE_9D/Efm_K10_mpc4_pid_stopgo_T0.5,post_processing,False,4.0,pid_stopgo,0.5,,Gen15,post_processing,/data/home/llim/FMPCC/FM-PCC/logs/UAV_MIX/uav-s_curve/plans/mix_uav_fm/H8_Dmodels.diffusion.FlowMatchingODE_9D/Efm_K10_mpc4_pid_stopgo_T0.5/6/s_curve_bounds+dynamics+geo_bounds+halfspace+obstacles/post_processing/post_processing.npz,/data/home/llim/FMPCC/FM-PCC/logs/UAV_MIX/uav-s_curve/plans/mix_uav_fm/H8_Dmodels.diffusion.FlowMatchingODE_9D/Efm_K10_mpc4_pid_stopgo_T0.5/6/s_curve_bounds+dynamics+geo_bounds+halfspace+obstacles/post_processing,
37,s_curve|fm|K10,s_curve,fm,10.0,6,test,s_curve_bounds+dynamics+geo_bounds+halfspace+obstacles,post_processing-tightened,npz,1.0,3,0,0.0,0.0,0.0,0.0,0.0,0.0,3.0,,/data/home/llim/FMPCC/FM-PCC/logs/UAV_MIX/uav-s_curve/plans/mix_uav_fm/H8_Dmodels.diffusion.FlowMatchingODE_9D/Efm_K10_mpc4_pid_stopgo_T0.5,post_processing,True,4.0,pid_stopgo,0.5,,Gen15,post_processing-tightened,/data/home/llim/FMPCC/FM-PCC/logs/UAV_MIX/uav-s_curve/plans/mix_uav_fm/H8_Dmodels.diffusion.FlowMatchingODE_9D/Efm_K10_mpc4_pid_stopgo_T0.5/6/s_curve_bounds+dynamics+geo_bounds+halfspace+obstacles/post_processing-tightened/post_processing-tightened.npz,/data/home/llim/FMPCC/FM-PCC/logs/UAV_MIX/uav-s_curve/plans/mix_uav_fm/H8_Dmodels.diffusion.FlowMatchingODE_9D/Efm_K10_mpc4_pid_stopgo_T0.5/6/s_curve_bounds+dynamics+geo_bounds+halfspace+obstacles/post_processing-tightened,
38,s_curve|mf|K10|bbunet|dp0.5,s_curve,mf,10.0,6,test,s_curve_bounds+dynamics+geo_bounds+halfspace+obstacles,bounds_free,npz,1.0,3,0,0.0,0.0,0.0,0.0,0.0,0.0,3.0,,/data/home/llim/FMPCC/FM-PCC/logs/UAV_MIX/uav-s_curve/plans/mix_uav_mf/H8_Dmodels.mf_diffusion.MeanFlowODE_9D_dp0.5_bbunet/Emf_K10_mpc4_pid_stopgo_T0.5,bounds_free,False,4.0,pid_stopgo,0.5,unet,Gen15,bounds_free,/data/home/llim/FMPCC/FM-PCC/logs/UAV_MIX/uav-s_curve/plans/mix_uav_mf/H8_Dmodels.mf_diffusion.MeanFlowODE_9D_dp0.5_bbunet/Emf_K10_mpc4_pid_stopgo_T0.5/6/s_curve_bounds+dynamics+geo_bounds+halfspace+obstacles/bounds_free/bounds_free.npz,/data/home/llim/FMPCC/FM-PCC/logs/UAV_MIX/uav-s_curve/plans/mix_uav_mf/H8_Dmodels.mf_diffusion.MeanFlowODE_9D_dp0.5_bbunet/Emf_K10_mpc4_pid_stopgo_T0.5/6/s_curve_bounds+dynamics+geo_bounds+halfspace+obstacles/bounds_free,
38,s_curve|mf|K10|bbunet|dp0.5,s_curve,mf,10.0,6,test,s_curve_bounds+dynamics+geo_bounds+halfspace+obstacles,bounds_free-tightened,npz,1.0,3,0,0.0,0.0,0.0,0.0,0.0,0.0,3.0,,/data/home/llim/FMPCC/FM-PCC/logs/UAV_MIX/uav-s_curve/plans/mix_uav_mf/H8_Dmodels.mf_diffusion.MeanFlowODE_9D_dp0.5_bbunet/Emf_K10_mpc4_pid_stopgo_T0.5,bounds_free,True,4.0,pid_stopgo,0.5,unet,Gen15,bounds_free-tightened,/data/home/llim/FMPCC/FM-PCC/logs/UAV_MIX/uav-s_curve/plans/mix_uav_mf/H8_Dmodels.mf_diffusion.MeanFlowODE_9D_dp0.5_bbunet/Emf_K10_mpc4_pid_stopgo_T0.5/6/s_curve_bounds+dynamics+geo_bounds+halfspace+obstacles/bounds_free-tightened/bounds_free-tightened.npz,/data/home/llim/FMPCC/FM-PCC/logs/UAV_MIX/uav-s_curve/plans/mix_uav_mf/H8_Dmodels.mf_diffusion.MeanFlowODE_9D_dp0.5_bbunet/Emf_K10_mpc4_pid_stopgo_T0.5/6/s_curve_bounds+dynamics+geo_bounds+halfspace+obstacles/bounds_free-tightened,
38,s_curve|mf|K10|bbunet|dp0.5,s_curve,mf,10.0,6,test,s_curve_bounds+dynamics+geo_bounds+halfspace+obstacles,diffuser,npz,0.0,3,0,0.0,0.0,0.0,0.0,0.0,0.0,3.0,,/data/home/llim/FMPCC/FM-PCC/logs/UAV_MIX/uav-s_curve/plans/mix_uav_mf/H8_Dmodels.mf_diffusion.MeanFlowODE_9D_dp0.5_bbunet/Emf_K10_mpc4_pid_stopgo_T0.5,diffuser,False,4.0,pid_stopgo,0.5,unet,Gen15,diffuser,/data/home/llim/FMPCC/FM-PCC/logs/UAV_MIX/uav-s_curve/plans/mix_uav_mf/H8_Dmodels.mf_diffusion.MeanFlowODE_9D_dp0.5_bbunet/Emf_K10_mpc4_pid_stopgo_T0.5/6/s_curve_bounds+dynamics+geo_bounds+halfspace+obstacles/diffuser/diffuser.npz,/data/home/llim/FMPCC/FM-PCC/logs/UAV_MIX/uav-s_curve/plans/mix_uav_mf/H8_Dmodels.mf_diffusion.MeanFlowODE_9D_dp0.5_bbunet/Emf_K10_mpc4_pid_stopgo_T0.5/6/s_curve_bounds+dynamics+geo_bounds+halfspace+obstacles/diffuser,
38,s_curve|mf|K10|bbunet|dp0.5,s_curve,mf,10.0,6,test,s_curve_bounds+dynamics+geo_bounds+halfspace+obstacles,dpcc-c,npz,1.0,3,0,0.0,0.0,0.0,0.0,0.0,0.0,3.0,,/data/home/llim/FMPCC/FM-PCC/logs/UAV_MIX/uav-s_curve/plans/mix_uav_mf/H8_Dmodels.mf_diffusion.MeanFlowODE_9D_dp0.5_bbunet/Emf_K10_mpc4_pid_stopgo_T0.5,dpcc-c,False,4.0,pid_stopgo,0.5,unet,Gen15,dpcc-c,/data/home/llim/FMPCC/FM-PCC/logs/UAV_MIX/uav-s_curve/plans/mix_uav_mf/H8_Dmodels.mf_diffusion.MeanFlowODE_9D_dp0.5_bbunet/Emf_K10_mpc4_pid_stopgo_T0.5/6/s_curve_bounds+dynamics+geo_bounds+halfspace+obstacles/dpcc-c/dpcc-c.npz,/data/home/llim/FMPCC/FM-PCC/logs/UAV_MIX/uav-s_curve/plans/mix_uav_mf/H8_Dmodels.mf_diffusion.MeanFlowODE_9D_dp0.5_bbunet/Emf_K10_mpc4_pid_stopgo_T0.5/6/s_curve_bounds+dynamics+geo_bounds+halfspace+obstacles/dpcc-c,
38,s_curve|mf|K10|bbunet|dp0.5,s_curve,mf,10.0,6,test,s_curve_bounds+dynamics+geo_bounds+halfspace+obstacles,dpcc-c-tightened,npz,1.0,3,0,0.0,0.0,0.0,0.0,0.0,0.0,3.0,,/data/home/llim/FMPCC/FM-PCC/logs/UAV_MIX/uav-s_curve/plans/mix_uav_mf/H8_Dmodels.mf_diffusion.MeanFlowODE_9D_dp0.5_bbunet/Emf_K10_mpc4_pid_stopgo_T0.5,dpcc-c,True,4.0,pid_stopgo,0.5,unet,Gen15,dpcc-c-tightened,/data/home/llim/FMPCC/FM-PCC/logs/UAV_MIX/uav-s_curve/plans/mix_uav_mf/H8_Dmodels.mf_diffusion.MeanFlowODE_9D_dp0.5_bbunet/Emf_K10_mpc4_pid_stopgo_T0.5/6/s_curve_bounds+dynamics+geo_bounds+halfspace+obstacles/dpcc-c-tightened/dpcc-c-tightened.npz,/data/home/llim/FMPCC/FM-PCC/logs/UAV_MIX/uav-s_curve/plans/mix_uav_mf/H8_Dmodels.mf_diffusion.MeanFlowODE_9D_dp0.5_bbunet/Emf_K10_mpc4_pid_stopgo_T0.5/6/s_curve_bounds+dynamics+geo_bounds+halfspace+obstacles/dpcc-c-tightened,
38,s_curve|mf|K10|bbunet|dp0.5,s_curve,mf,10.0,6,test,s_curve_bounds+dynamics+geo_bounds+halfspace+obstacles,dpcc-r,npz,1.0,3,0,0.0,0.0,0.0,0.0,0.0,0.0,3.0,,/data/home/llim/FMPCC/FM-PCC/logs/UAV_MIX/uav-s_curve/plans/mix_uav_mf/H8_Dmodels.mf_diffusion.MeanFlowODE_9D_dp0.5_bbunet/Emf_K10_mpc4_pid_stopgo_T0.5,dpcc-r,False,4.0,pid_stopgo,0.5,unet,Gen15,dpcc-r,/data/home/llim/FMPCC/FM-PCC/logs/UAV_MIX/uav-s_curve/plans/mix_uav_mf/H8_Dmodels.mf_diffusion.MeanFlowODE_9D_dp0.5_bbunet/Emf_K10_mpc4_pid_stopgo_T0.5/6/s_curve_bounds+dynamics+geo_bounds+halfspace+obstacles/dpcc-r/dpcc-r.npz,/data/home/llim/FMPCC/FM-PCC/logs/UAV_MIX/uav-s_curve/plans/mix_uav_mf/H8_Dmodels.mf_diffusion.MeanFlowODE_9D_dp0.5_bbunet/Emf_K10_mpc4_pid_stopgo_T0.5/6/s_curve_bounds+dynamics+geo_bounds+halfspace+obstacles/dpcc-r,
38,s_curve|mf|K10|bbunet|dp0.5,s_curve,mf,10.0,6,test,s_curve_bounds+dynamics+geo_bounds+halfspace+obstacles,dpcc-r-tightened,npz,1.0,3,0,0.0,0.0,0.0,0.0,0.0,0.0,3.0,,/data/home/llim/FMPCC/FM-PCC/logs/UAV_MIX/uav-s_curve/plans/mix_uav_mf/H8_Dmodels.mf_diffusion.MeanFlowODE_9D_dp0.5_bbunet/Emf_K10_mpc4_pid_stopgo_T0.5,dpcc-r,True,4.0,pid_stopgo,0.5,unet,Gen15,dpcc-r-tightened,/data/home/llim/FMPCC/FM-PCC/logs/UAV_MIX/uav-s_curve/plans/mix_uav_mf/H8_Dmodels.mf_diffusion.MeanFlowODE_9D_dp0.5_bbunet/Emf_K10_mpc4_pid_stopgo_T0.5/6/s_curve_bounds+dynamics+geo_bounds+halfspace+obstacles/dpcc-r-tightened/dpcc-r-tightened.npz,/data/home/llim/FMPCC/FM-PCC/logs/UAV_MIX/uav-s_curve/plans/mix_uav_mf/H8_Dmodels.mf_diffusion.MeanFlowODE_9D_dp0.5_bbunet/Emf_K10_mpc4_pid_stopgo_T0.5/6/s_curve_bounds+dynamics+geo_bounds+halfspace+obstacles/dpcc-r-tightened,
38,s_curve|mf|K10|bbunet|dp0.5,s_curve,mf,10.0,6,test,s_curve_bounds+dynamics+geo_bounds+halfspace+obstacles,dpcc-t,npz,1.0,3,0,0.0,0.0,0.0,0.0,0.0,0.0,3.0,,/data/home/llim/FMPCC/FM-PCC/logs/UAV_MIX/uav-s_curve/plans/mix_uav_mf/H8_Dmodels.mf_diffusion.MeanFlowODE_9D_dp0.5_bbunet/Emf_K10_mpc4_pid_stopgo_T0.5,dpcc-t,False,4.0,pid_stopgo,0.5,unet,Gen15,dpcc-t,/data/home/llim/FMPCC/FM-PCC/logs/UAV_MIX/uav-s_curve/plans/mix_uav_mf/H8_Dmodels.mf_diffusion.MeanFlowODE_9D_dp0.5_bbunet/Emf_K10_mpc4_pid_stopgo_T0.5/6/s_curve_bounds+dynamics+geo_bounds+halfspace+obstacles/dpcc-t/dpcc-t.npz,/data/home/llim/FMPCC/FM-PCC/logs/UAV_MIX/uav-s_curve/plans/mix_uav_mf/H8_Dmodels.mf_diffusion.MeanFlowODE_9D_dp0.5_bbunet/Emf_K10_mpc4_pid_stopgo_T0.5/6/s_curve_bounds+dynamics+geo_bounds+halfspace+obstacles/dpcc-t,
38,s_curve|mf|K10|bbunet|dp0.5,s_curve,mf,10.0,6,test,s_curve_bounds+dynamics+geo_bounds+halfspace+obstacles,dpcc-t-tightened,npz,1.0,3,0,0.0,0.0,0.0,0.0,0.0,0.0,3.0,,/data/home/llim/FMPCC/FM-PCC/logs/UAV_MIX/uav-s_curve/plans/mix_uav_mf/H8_Dmodels.mf_diffusion.MeanFlowODE_9D_dp0.5_bbunet/Emf_K10_mpc4_pid_stopgo_T0.5,dpcc-t,True,4.0,pid_stopgo,0.5,unet,Gen15,dpcc-t-tightened,/data/home/llim/FMPCC/FM-PCC/logs/UAV_MIX/uav-s_curve/plans/mix_uav_mf/H8_Dmodels.mf_diffusion.MeanFlowODE_9D_dp0.5_bbunet/Emf_K10_mpc4_pid_stopgo_T0.5/6/s_curve_bounds+dynamics+geo_bounds+halfspace+obstacles/dpcc-t-tightened/dpcc-t-tightened.npz,/data/home/llim/FMPCC/FM-PCC/logs/UAV_MIX/uav-s_curve/plans/mix_uav_mf/H8_Dmodels.mf_diffusion.MeanFlowODE_9D_dp0.5_bbunet/Emf_K10_mpc4_pid_stopgo_T0.5/6/s_curve_bounds+dynamics+geo_bounds+halfspace+obstacles/dpcc-t-tightened,
38,s_curve|mf|K10|bbunet|dp0.5,s_curve,mf,10.0,6,test,s_curve_bounds+dynamics+geo_bounds+halfspace+obstacles,geo_free,npz,1.0,3,0,0.0,0.0,0.0,0.0,0.0,0.0,3.0,,/data/home/llim/FMPCC/FM-PCC/logs/UAV_MIX/uav-s_curve/plans/mix_uav_mf/H8_Dmodels.mf_diffusion.MeanFlowODE_9D_dp0.5_bbunet/Emf_K10_mpc4_pid_stopgo_T0.5,geo_free,False,4.0,pid_stopgo,0.5,unet,Gen15,geo_free,/data/home/llim/FMPCC/FM-PCC/logs/UAV_MIX/uav-s_curve/plans/mix_uav_mf/H8_Dmodels.mf_diffusion.MeanFlowODE_9D_dp0.5_bbunet/Emf_K10_mpc4_pid_stopgo_T0.5/6/s_curve_bounds+dynamics+geo_bounds+halfspace+obstacles/geo_free/geo_free.npz,/data/home/llim/FMPCC/FM-PCC/logs/UAV_MIX/uav-s_curve/plans/mix_uav_mf/H8_Dmodels.mf_diffusion.MeanFlowODE_9D_dp0.5_bbunet/Emf_K10_mpc4_pid_stopgo_T0.5/6/s_curve_bounds+dynamics+geo_bounds+halfspace+obstacles/geo_free,
38,s_curve|mf|K10|bbunet|dp0.5,s_curve,mf,10.0,6,test,s_curve_bounds+dynamics+geo_bounds+halfspace+obstacles,geo_free-bounds_free,npz,1.0,3,0,0.0,0.0,0.0,0.0,0.0,0.0,3.0,,/data/home/llim/FMPCC/FM-PCC/logs/UAV_MIX/uav-s_curve/plans/mix_uav_mf/H8_Dmodels.mf_diffusion.MeanFlowODE_9D_dp0.5_bbunet/Emf_K10_mpc4_pid_stopgo_T0.5,geo_free-bounds_free,False,4.0,pid_stopgo,0.5,unet,Gen15,geo_free-bounds_free,/data/home/llim/FMPCC/FM-PCC/logs/UAV_MIX/uav-s_curve/plans/mix_uav_mf/H8_Dmodels.mf_diffusion.MeanFlowODE_9D_dp0.5_bbunet/Emf_K10_mpc4_pid_stopgo_T0.5/6/s_curve_bounds+dynamics+geo_bounds+halfspace+obstacles/geo_free-bounds_free/geo_free-bounds_free.npz,/data/home/llim/FMPCC/FM-PCC/logs/UAV_MIX/uav-s_curve/plans/mix_uav_mf/H8_Dmodels.mf_diffusion.MeanFlowODE_9D_dp0.5_bbunet/Emf_K10_mpc4_pid_stopgo_T0.5/6/s_curve_bounds+dynamics+geo_bounds+halfspace+obstacles/geo_free-bounds_free,
38,s_curve|mf|K10|bbunet|dp0.5,s_curve,mf,10.0,6,test,s_curve_bounds+dynamics+geo_bounds+halfspace+obstacles,geo_free-model_free,npz,1.0,3,0,0.0,0.0,0.0,0.0,0.0,0.0,3.0,,/data/home/llim/FMPCC/FM-PCC/logs/UAV_MIX/uav-s_curve/plans/mix_uav_mf/H8_Dmodels.mf_diffusion.MeanFlowODE_9D_dp0.5_bbunet/Emf_K10_mpc4_pid_stopgo_T0.5,geo_free-model_free,False,4.0,pid_stopgo,0.5,unet,Gen15,geo_free-model_free,/data/home/llim/FMPCC/FM-PCC/logs/UAV_MIX/uav-s_curve/plans/mix_uav_mf/H8_Dmodels.mf_diffusion.MeanFlowODE_9D_dp0.5_bbunet/Emf_K10_mpc4_pid_stopgo_T0.5/6/s_curve_bounds+dynamics+geo_bounds+halfspace+obstacles/geo_free-model_free/geo_free-model_free.npz,/data/home/llim/FMPCC/FM-PCC/logs/UAV_MIX/uav-s_curve/plans/mix_uav_mf/H8_Dmodels.mf_diffusion.MeanFlowODE_9D_dp0.5_bbunet/Emf_K10_mpc4_pid_stopgo_T0.5/6/s_curve_bounds+dynamics+geo_bounds+halfspace+obstacles/geo_free-model_free,
38,s_curve|mf|K10|bbunet|dp0.5,s_curve,mf,10.0,6,test,s_curve_bounds+dynamics+geo_bounds+halfspace+obstacles,gradient,npz,1.0,3,0,0.0,0.0,0.0,0.0,0.0,0.0,3.0,,/data/home/llim/FMPCC/FM-PCC/logs/UAV_MIX/uav-s_curve/plans/mix_uav_mf/H8_Dmodels.mf_diffusion.MeanFlowODE_9D_dp0.5_bbunet/Emf_K10_mpc4_pid_stopgo_T0.5,gradient,False,4.0,pid_stopgo,0.5,unet,Gen15,gradient,/data/home/llim/FMPCC/FM-PCC/logs/UAV_MIX/uav-s_curve/plans/mix_uav_mf/H8_Dmodels.mf_diffusion.MeanFlowODE_9D_dp0.5_bbunet/Emf_K10_mpc4_pid_stopgo_T0.5/6/s_curve_bounds+dynamics+geo_bounds+halfspace+obstacles/gradient/gradient.npz,/data/home/llim/FMPCC/FM-PCC/logs/UAV_MIX/uav-s_curve/plans/mix_uav_mf/H8_Dmodels.mf_diffusion.MeanFlowODE_9D_dp0.5_bbunet/Emf_K10_mpc4_pid_stopgo_T0.5/6/s_curve_bounds+dynamics+geo_bounds+halfspace+obstacles/gradient,
38,s_curve|mf|K10|bbunet|dp0.5,s_curve,mf,10.0,6,test,s_curve_bounds+dynamics+geo_bounds+halfspace+obstacles,gradient-tightened,npz,1.0,3,0,0.0,0.0,0.0,0.0,0.0,0.0,3.0,,/data/home/llim/FMPCC/FM-PCC/logs/UAV_MIX/uav-s_curve/plans/mix_uav_mf/H8_Dmodels.mf_diffusion.MeanFlowODE_9D_dp0.5_bbunet/Emf_K10_mpc4_pid_stopgo_T0.5,gradient,True,4.0,pid_stopgo,0.5,unet,Gen15,gradient-tightened,/data/home/llim/FMPCC/FM-PCC/logs/UAV_MIX/uav-s_curve/plans/mix_uav_mf/H8_Dmodels.mf_diffusion.MeanFlowODE_9D_dp0.5_bbunet/Emf_K10_mpc4_pid_stopgo_T0.5/6/s_curve_bounds+dynamics+geo_bounds+halfspace+obstacles/gradient-tightened/gradient-tightened.npz,/data/home/llim/FMPCC/FM-PCC/logs/UAV_MIX/uav-s_curve/plans/mix_uav_mf/H8_Dmodels.mf_diffusion.MeanFlowODE_9D_dp0.5_bbunet/Emf_K10_mpc4_pid_stopgo_T0.5/6/s_curve_bounds+dynamics+geo_bounds+halfspace+obstacles/gradient-tightened,
38,s_curve|mf|K10|bbunet|dp0.5,s_curve,mf,10.0,6,test,s_curve_bounds+dynamics+geo_bounds+halfspace+obstacles,hardflow_new,npz,1.0,3,0,0.0,0.0,0.0,0.0,0.0,0.0,3.0,,/data/home/llim/FMPCC/FM-PCC/logs/UAV_MIX/uav-s_curve/plans/mix_uav_mf/H8_Dmodels.mf_diffusion.MeanFlowODE_9D_dp0.5_bbunet/Emf_K10_mpc4_pid_stopgo_T0.5,hardflow_new,False,4.0,pid_stopgo,0.5,unet,Gen15,hardflow_new,/data/home/llim/FMPCC/FM-PCC/logs/UAV_MIX/uav-s_curve/plans/mix_uav_mf/H8_Dmodels.mf_diffusion.MeanFlowODE_9D_dp0.5_bbunet/Emf_K10_mpc4_pid_stopgo_T0.5/6/s_curve_bounds+dynamics+geo_bounds+halfspace+obstacles/hardflow_new/hardflow_new.npz,/data/home/llim/FMPCC/FM-PCC/logs/UAV_MIX/uav-s_curve/plans/mix_uav_mf/H8_Dmodels.mf_diffusion.MeanFlowODE_9D_dp0.5_bbunet/Emf_K10_mpc4_pid_stopgo_T0.5/6/s_curve_bounds+dynamics+geo_bounds+halfspace+obstacles/hardflow_new,
38,s_curve|mf|K10|bbunet|dp0.5,s_curve,mf,10.0,6,test,s_curve_bounds+dynamics+geo_bounds+halfspace+obstacles,hardflow_new-c,npz,1.0,3,0,0.0,0.0,0.0,0.0,0.0,0.0,3.0,,/data/home/llim/FMPCC/FM-PCC/logs/UAV_MIX/uav-s_curve/plans/mix_uav_mf/H8_Dmodels.mf_diffusion.MeanFlowODE_9D_dp0.5_bbunet/Emf_K10_mpc4_pid_stopgo_T0.5,hardflow_new-c,False,4.0,pid_stopgo,0.5,unet,Gen15,hardflow_new-c,/data/home/llim/FMPCC/FM-PCC/logs/UAV_MIX/uav-s_curve/plans/mix_uav_mf/H8_Dmodels.mf_diffusion.MeanFlowODE_9D_dp0.5_bbunet/Emf_K10_mpc4_pid_stopgo_T0.5/6/s_curve_bounds+dynamics+geo_bounds+halfspace+obstacles/hardflow_new-c/hardflow_new-c.npz,/data/home/llim/FMPCC/FM-PCC/logs/UAV_MIX/uav-s_curve/plans/mix_uav_mf/H8_Dmodels.mf_diffusion.MeanFlowODE_9D_dp0.5_bbunet/Emf_K10_mpc4_pid_stopgo_T0.5/6/s_curve_bounds+dynamics+geo_bounds+halfspace+obstacles/hardflow_new-c,
38,s_curve|mf|K10|bbunet|dp0.5,s_curve,mf,10.0,6,test,s_curve_bounds+dynamics+geo_bounds+halfspace+obstacles,hardflow_new-t,json,1.0,1,0,0.0,0.0,0.0,0.0,0.0,0.0,,,/data/home/llim/FMPCC/FM-PCC/logs/UAV_MIX/uav-s_curve/plans/mix_uav_mf/H8_Dmodels.mf_diffusion.MeanFlowODE_9D_dp0.5_bbunet/Emf_K10_mpc4_pid_stopgo_T0.5,hardflow_new-t,False,4.0,pid_stopgo,0.5,unet,Gen15,hardflow_new-t,,/data/home/llim/FMPCC/FM-PCC/logs/UAV_MIX/uav-s_curve/plans/mix_uav_mf/H8_Dmodels.mf_diffusion.MeanFlowODE_9D_dp0.5_bbunet/Emf_K10_mpc4_pid_stopgo_T0.5/6/s_curve_bounds+dynamics+geo_bounds+halfspace+obstacles/hardflow_new-t,1.0
38,s_curve|mf|K10|bbunet|dp0.5,s_curve,mf,10.0,6,test,s_curve_bounds+dynamics+geo_bounds+halfspace+obstacles,model_free,npz,1.0,3,0,0.0,0.0,0.0,0.0,0.0,0.0,3.0,,/data/home/llim/FMPCC/FM-PCC/logs/UAV_MIX/uav-s_curve/plans/mix_uav_mf/H8_Dmodels.mf_diffusion.MeanFlowODE_9D_dp0.5_bbunet/Emf_K10_mpc4_pid_stopgo_T0.5,model_free,False,4.0,pid_stopgo,0.5,unet,Gen15,model_free,/data/home/llim/FMPCC/FM-PCC/logs/UAV_MIX/uav-s_curve/plans/mix_uav_mf/H8_Dmodels.mf_diffusion.MeanFlowODE_9D_dp0.5_bbunet/Emf_K10_mpc4_pid_stopgo_T0.5/6/s_curve_bounds+dynamics+geo_bounds+halfspace+obstacles/model_free/model_free.npz,/data/home/llim/FMPCC/FM-PCC/logs/UAV_MIX/uav-s_curve/plans/mix_uav_mf/H8_Dmodels.mf_diffusion.MeanFlowODE_9D_dp0.5_bbunet/Emf_K10_mpc4_pid_stopgo_T0.5/6/s_curve_bounds+dynamics+geo_bounds+halfspace+obstacles/model_free,
38,s_curve|mf|K10|bbunet|dp0.5,s_curve,mf,10.0,6,test,s_curve_bounds+dynamics+geo_bounds+halfspace+obstacles,model_free-bounds_free,npz,1.0,3,0,0.0,0.0,0.0,0.0,0.0,0.0,3.0,,/data/home/llim/FMPCC/FM-PCC/logs/UAV_MIX/uav-s_curve/plans/mix_uav_mf/H8_Dmodels.mf_diffusion.MeanFlowODE_9D_dp0.5_bbunet/Emf_K10_mpc4_pid_stopgo_T0.5,model_free-bounds_free,False,4.0,pid_stopgo,0.5,unet,Gen15,model_free-bounds_free,/data/home/llim/FMPCC/FM-PCC/logs/UAV_MIX/uav-s_curve/plans/mix_uav_mf/H8_Dmodels.mf_diffusion.MeanFlowODE_9D_dp0.5_bbunet/Emf_K10_mpc4_pid_stopgo_T0.5/6/s_curve_bounds+dynamics+geo_bounds+halfspace+obstacles/model_free-bounds_free/model_free-bounds_free.npz,/data/home/llim/FMPCC/FM-PCC/logs/UAV_MIX/uav-s_curve/plans/mix_uav_mf/H8_Dmodels.mf_diffusion.MeanFlowODE_9D_dp0.5_bbunet/Emf_K10_mpc4_pid_stopgo_T0.5/6/s_curve_bounds+dynamics+geo_bounds+halfspace+obstacles/model_free-bounds_free,
38,s_curve|mf|K10|bbunet|dp0.5,s_curve,mf,10.0,6,test,s_curve_bounds+dynamics+geo_bounds+halfspace+obstacles,model_free-bounds_free-tightened,npz,1.0,3,0,0.0,0.0,0.0,0.0,0.0,0.0,3.0,,/data/home/llim/FMPCC/FM-PCC/logs/UAV_MIX/uav-s_curve/plans/mix_uav_mf/H8_Dmodels.mf_diffusion.MeanFlowODE_9D_dp0.5_bbunet/Emf_K10_mpc4_pid_stopgo_T0.5,model_free-bounds_free,True,4.0,pid_stopgo,0.5,unet,Gen15,model_free-bounds_free-tightened,/data/home/llim/FMPCC/FM-PCC/logs/UAV_MIX/uav-s_curve/plans/mix_uav_mf/H8_Dmodels.mf_diffusion.MeanFlowODE_9D_dp0.5_bbunet/Emf_K10_mpc4_pid_stopgo_T0.5/6/s_curve_bounds+dynamics+geo_bounds+halfspace+obstacles/model_free-bounds_free-tightened/model_free-bounds_free-tightened.npz,/data/home/llim/FMPCC/FM-PCC/logs/UAV_MIX/uav-s_curve/plans/mix_uav_mf/H8_Dmodels.mf_diffusion.MeanFlowODE_9D_dp0.5_bbunet/Emf_K10_mpc4_pid_stopgo_T0.5/6/s_curve_bounds+dynamics+geo_bounds+halfspace+obstacles/model_free-bounds_free-tightened,
38,s_curve|mf|K10|bbunet|dp0.5,s_curve,mf,10.0,6,test,s_curve_bounds+dynamics+geo_bounds+halfspace+obstacles,model_free-tightened,npz,1.0,3,0,0.0,0.0,0.0,0.0,0.0,0.0,3.0,,/data/home/llim/FMPCC/FM-PCC/logs/UAV_MIX/uav-s_curve/plans/mix_uav_mf/H8_Dmodels.mf_diffusion.MeanFlowODE_9D_dp0.5_bbunet/Emf_K10_mpc4_pid_stopgo_T0.5,model_free,True,4.0,pid_stopgo,0.5,unet,Gen15,model_free-tightened,/data/home/llim/FMPCC/FM-PCC/logs/UAV_MIX/uav-s_curve/plans/mix_uav_mf/H8_Dmodels.mf_diffusion.MeanFlowODE_9D_dp0.5_bbunet/Emf_K10_mpc4_pid_stopgo_T0.5/6/s_curve_bounds+dynamics+geo_bounds+halfspace+obstacles/model_free-tightened/model_free-tightened.npz,/data/home/llim/FMPCC/FM-PCC/logs/UAV_MIX/uav-s_curve/plans/mix_uav_mf/H8_Dmodels.mf_diffusion.MeanFlowODE_9D_dp0.5_bbunet/Emf_K10_mpc4_pid_stopgo_T0.5/6/s_curve_bounds+dynamics+geo_bounds+halfspace+obstacles/model_free-tightened,
38,s_curve|mf|K10|bbunet|dp0.5,s_curve,mf,10.0,6,test,s_curve_bounds+dynamics+geo_bounds+halfspace+obstacles,post_processing,npz,1.0,3,0,0.0,0.0,0.0,0.0,0.0,0.0,3.0,,/data/home/llim/FMPCC/FM-PCC/logs/UAV_MIX/uav-s_curve/plans/mix_uav_mf/H8_Dmodels.mf_diffusion.MeanFlowODE_9D_dp0.5_bbunet/Emf_K10_mpc4_pid_stopgo_T0.5,post_processing,False,4.0,pid_stopgo,0.5,unet,Gen15,post_processing,/data/home/llim/FMPCC/FM-PCC/logs/UAV_MIX/uav-s_curve/plans/mix_uav_mf/H8_Dmodels.mf_diffusion.MeanFlowODE_9D_dp0.5_bbunet/Emf_K10_mpc4_pid_stopgo_T0.5/6/s_curve_bounds+dynamics+geo_bounds+halfspace+obstacles/post_processing/post_processing.npz,/data/home/llim/FMPCC/FM-PCC/logs/UAV_MIX/uav-s_curve/plans/mix_uav_mf/H8_Dmodels.mf_diffusion.MeanFlowODE_9D_dp0.5_bbunet/Emf_K10_mpc4_pid_stopgo_T0.5/6/s_curve_bounds+dynamics+geo_bounds+halfspace+obstacles/post_processing,
38,s_curve|mf|K10|bbunet|dp0.5,s_curve,mf,10.0,6,test,s_curve_bounds+dynamics+geo_bounds+halfspace+obstacles,post_processing-tightened,npz,1.0,3,0,0.0,0.0,0.0,0.0,0.0,0.0,3.0,,/data/home/llim/FMPCC/FM-PCC/logs/UAV_MIX/uav-s_curve/plans/mix_uav_mf/H8_Dmodels.mf_diffusion.MeanFlowODE_9D_dp0.5_bbunet/Emf_K10_mpc4_pid_stopgo_T0.5,post_processing,True,4.0,pid_stopgo,0.5,unet,Gen15,post_processing-tightened,/data/home/llim/FMPCC/FM-PCC/logs/UAV_MIX/uav-s_curve/plans/mix_uav_mf/H8_Dmodels.mf_diffusion.MeanFlowODE_9D_dp0.5_bbunet/Emf_K10_mpc4_pid_stopgo_T0.5/6/s_curve_bounds+dynamics+geo_bounds+halfspace+obstacles/post_processing-tightened/post_processing-tightened.npz,/data/home/llim/FMPCC/FM-PCC/logs/UAV_MIX/uav-s_curve/plans/mix_uav_mf/H8_Dmodels.mf_diffusion.MeanFlowODE_9D_dp0.5_bbunet/Emf_K10_mpc4_pid_stopgo_T0.5/6/s_curve_bounds+dynamics+geo_bounds+halfspace+obstacles/post_processing-tightened,
