backend,method,n_trials,avg_ms,std_ms,p50_ms,p95_ms,min_ms,max_ms
legacy,euler,20,112.84489104996283,5.997174187570163,110.4336744997454,125.86441045000356,106.53769800046575,131.63601100040978
torchdiffeq,euler,20,139.84756425011255,18.77802100893412,139.062420999835,168.69841879979504,111.26081100064766,169.74041299999953
legacy,midpoint,20,269.0481902000556,49.369949208051,237.40276050011744,344.5717023002089,217.16769100021338,365.57257900039986
torchdiffeq,midpoint,20,239.61678205005228,9.57063688030699,236.83444500056794,256.99244730021746,225.08612500041636,258.67608099997597
legacy,rk4,20,539.1595670999777,99.39498728012697,478.6673939997854,703.6416435495084,444.0952949998973,739.1020380000555
torchdiffeq,rk4,20,525.8467556999221,77.06969022113284,484.0184919994499,654.1338243998325,448.8848920000237,657.3052550002103
