backend,method,n_trials,avg_ms,std_ms,p50_ms,p95_ms,min_ms,max_ms
torchdiffeq,euler,1,138.77947099990706,0.0,138.77947099990706,138.77947099990706,138.77947099990706,138.77947099990706
torchdiffeq,midpoint,1,260.53018399989014,0.0,260.53018399989014,260.53018399989014,260.53018399989014,260.53018399989014
torchdiffeq,rk4,1,577.562460000081,0.0,577.562460000081,577.562460000081,577.562460000081,577.562460000081
