backend,method,n_trials,avg_ms,std_ms,p50_ms,p95_ms,min_ms,max_ms
torchdiffeq,euler,1,157.76352800003224,0.0,157.76352800003224,157.76352800003224,157.76352800003224,157.76352800003224
torchdiffeq,midpoint,1,322.68444600049406,0.0,322.68444600049406,322.68444600049406,322.68444600049406,322.68444600049406
torchdiffeq,rk4,1,1041.8690230007996,0.0,1041.8690230007996,1041.8690230007996,1041.8690230007996,1041.8690230007996
