backend,method,n_trials,avg_ms,std_ms,p50_ms,p95_ms,min_ms,max_ms
legacy_euler,euler,100,12.318720690018381,2.655784849989475,12.544030000299244,17.043913699853874,7.664812999792048,19.686558000103105
torchdiffeq,euler,100,13.405191380034012,1.7478530101949226,12.879533500381513,15.643377600099484,12.09361600012926,23.95957200042176
torchdiffeq,midpoint,100,22.992918019963327,2.8223984086228087,22.269845999744575,27.65932964953208,20.54889800001547,40.34044499985612
torchdiffeq,rk4,100,44.700243109946314,3.7776078606694963,43.572494999352784,52.341831299736434,40.187192000303185,60.52424900008191
