backend,method,n_trials,avg_ms,std_ms,p50_ms,p95_ms,min_ms,max_ms
torchdiffeq,euler,1,144.63640499980102,0.0,144.63640499980102,144.63640499980102,144.63640499980102,144.63640499980102
torchdiffeq,midpoint,1,279.39596700025504,0.0,279.39596700025504,279.39596700025504,279.39596700025504,279.39596700025504
torchdiffeq,rk4,1,551.9666149998557,0.0,551.9666149998557,551.9666149998557,551.9666149998557,551.9666149998557
