backend,method,n_trials,avg_ms,std_ms,p50_ms,p95_ms,min_ms,max_ms
legacy_euler,euler,20,175.48244644995066,6.57690241443301,173.86208399966563,191.79783164981927,168.42492100022355,193.4939550001218
torchdiffeq,euler,20,237.04708284985827,28.554248076324804,244.2907839995314,270.1288508494599,180.36121299974184,287.6980150003874
torchdiffeq,midpoint,20,176.4174314000229,9.618834744813329,175.6692135004414,198.3207736496297,164.39126200020837,198.7719789995026
torchdiffeq,rk4,20,175.67954314995404,9.827409306222622,172.45008749978297,194.68835549996584,165.64190500048426,205.16657999996823
torchdiffeq,dopri5,20,214.31516984994232,33.414428458845286,223.59619000008024,263.0817197506076,164.49049699986062,265.6569370001307
