backend,method,n_trials,avg_ms,std_ms,p50_ms,p95_ms,min_ms,max_ms
legacy_euler,euler,20,136.57769979995464,22.023785655399788,136.46141750041352,171.08642204993885,110.8467419999215,179.68306799957645
torchdiffeq,euler,20,147.81859255008385,23.34503680612368,153.9504779998424,185.41387725058485,111.49945000033767,186.75332499969954
torchdiffeq,midpoint,20,115.09958699994058,6.143989696140117,113.1854334998934,125.33892549990924,108.29022899997653,131.09697999971104
torchdiffeq,rk4,20,120.38239879989305,5.938884318283641,118.8209209994966,131.81260869955622,113.60731100012345,139.60761900034413
torchdiffeq,dopri5,20,121.07976254992536,5.5550739227328325,120.24822650028,133.20277634961712,112.54842899961659,135.3026819997467
