backend,method,n_trials,avg_ms,std_ms,p50_ms,p95_ms,min_ms,max_ms
legacy_euler,euler,20,186.0456119999526,50.781327826217414,167.1300104999318,274.54238420009466,130.713480999475,325.62006900025153
torchdiffeq,euler,20,132.96144745013407,7.129020146569907,130.62648600043758,146.1184856001637,124.77586699969834,156.17297399967356
torchdiffeq,midpoint,20,128.47898980003265,5.347829119435678,127.25328550004633,137.10662435046288,122.08175900013885,145.18467099969712
torchdiffeq,rk4,20,135.46880260009857,18.132947868162933,129.93777849987964,162.61943550043728,122.91018100040674,205.79004799947143
torchdiffeq,dopri5,20,189.2617996500121,19.824503757189305,183.94002100012585,215.55738570004908,165.39291400022194,240.6862669995462
