backend,method,n_trials,avg_ms,std_ms,p50_ms,p95_ms,min_ms,max_ms
legacy_euler,euler,20,148.47334265000427,7.983745482388462,146.28345849951074,163.01191025067965,137.87913199939794,167.70033600005263
torchdiffeq,euler,20,148.49204665001707,6.679240875636724,147.82157199988433,159.3516712996461,139.08343399998557,161.5439349998269
torchdiffeq,midpoint,20,169.209463550078,25.61482427569386,159.41028299994286,213.22666065016165,138.95480799965299,229.6583670004111
torchdiffeq,rk4,20,189.51691410006788,36.61388206262011,199.33098850015085,246.32775185032187,138.46977299999708,246.56023300030938
torchdiffeq,dopri5,20,148.94463380005618,6.149553602636096,148.7574144998689,161.43118095028512,138.49551899966173,161.85102300005383
