backend,method,n_trials,avg_ms,std_ms,p50_ms,p95_ms,min_ms,max_ms
legacy,euler,20,27.556429550008943,6.783220318575802,24.5614305001709,42.798171149775044,22.874103000049217,44.73737100033759
torchdiffeq,euler,20,27.42729050003163,2.4059674199826184,26.795330500135606,32.58401610003148,24.23142799989364,35.49692700016749
legacy,midpoint,20,52.897354149945386,4.196196492524271,51.37027399996441,60.72721720020127,47.755315999893355,62.22922799997832
torchdiffeq,midpoint,20,52.139386499993634,5.711744568112262,50.23783999990883,57.1544786498862,47.57358100005149,74.49848900023426
legacy,rk4,20,101.01965164997182,5.7147192462638,99.49902299990754,114.29172529981315,92.74472000015521,117.0644200001334
torchdiffeq,rk4,20,97.76602304993958,5.332537356856537,95.90451650001341,110.06483249973371,93.03965800017977,114.60806500008403
