Candidate,FolderName,seed,split,geo,variant,source,legacy,legacy_kind,has_projector,n_rollouts,n_frozen,frozen_rate,n_cb_tripped,cb_skipped_steps,npz_complete,FullPath,geo_base,tightened,variant_raw,n_diagnostics_json,npz_path,diagnostics_found,legacy_avg_time_source
1,H8_K20_Meuler_T0.5_Dfm_visual_aligning.models.visual_gaussian_diffusion.VisualFlowMatching_VTrue_mpc4_filmv2,6,train,combined_5,diffuser,npz,0.0,,1.0,3,0,0.0,0,0.0,,/data/home/llim/FMPCC/FM-PCC/logs/aligning-d3il-visual/plans/fm_visual_aligning/(Bf_U8_Legacy_complex_struct)H8_Dfm_visual_aligning.models.visual_gaussian_diffusion.VisualFlowMatching_a1.5_b1.0_aw1_VTrue_steps1000_bs64_filmv2/H8_K20_Meuler_T0.5_Dfm_visual_aligning.models.visual_gaussian_diffusion.VisualFlowMatching_VTrue_mpc4_filmv2,combined_5,False,diffuser_train_set,3.0,/data/home/llim/FMPCC/FM-PCC/logs/aligning-d3il-visual/plans/fm_visual_aligning/(Bf_U8_Legacy_complex_struct)H8_Dfm_visual_aligning.models.visual_gaussian_diffusion.VisualFlowMatching_a1.5_b1.0_aw1_VTrue_steps1000_bs64_filmv2/H8_K20_Meuler_T0.5_Dfm_visual_aligning.models.visual_gaussian_diffusion.VisualFlowMatching_VTrue_mpc4_filmv2/6/results_train_set/combined_5/diffuser_train_set/diffuser_train_set.npz,,
1,H8_K20_Meuler_T0.5_Dfm_visual_aligning.models.visual_gaussian_diffusion.VisualFlowMatching_VTrue_mpc4_filmv2,6,train,combined_5,dpcc-r,json,0.0,,1.0,1,0,0.0,0,0.0,,/data/home/llim/FMPCC/FM-PCC/logs/aligning-d3il-visual/plans/fm_visual_aligning/(Bf_U8_Legacy_complex_struct)H8_Dfm_visual_aligning.models.visual_gaussian_diffusion.VisualFlowMatching_a1.5_b1.0_aw1_VTrue_steps1000_bs64_filmv2/H8_K20_Meuler_T0.5_Dfm_visual_aligning.models.visual_gaussian_diffusion.VisualFlowMatching_VTrue_mpc4_filmv2,combined_5,False,dpcc-r_train_set,,,1.0,
1,H8_K20_Meuler_T0.5_Dfm_visual_aligning.models.visual_gaussian_diffusion.VisualFlowMatching_VTrue_mpc4_filmv2,6,train,dynamics_bounds_only,diffuser,npz,0.0,,1.0,3,0,0.0,0,0.0,,/data/home/llim/FMPCC/FM-PCC/logs/aligning-d3il-visual/plans/fm_visual_aligning/(Bf_U8_Legacy_complex_struct)H8_Dfm_visual_aligning.models.visual_gaussian_diffusion.VisualFlowMatching_a1.5_b1.0_aw1_VTrue_steps1000_bs64_filmv2/H8_K20_Meuler_T0.5_Dfm_visual_aligning.models.visual_gaussian_diffusion.VisualFlowMatching_VTrue_mpc4_filmv2,dynamics_bounds_only,False,diffuser_train_set,3.0,/data/home/llim/FMPCC/FM-PCC/logs/aligning-d3il-visual/plans/fm_visual_aligning/(Bf_U8_Legacy_complex_struct)H8_Dfm_visual_aligning.models.visual_gaussian_diffusion.VisualFlowMatching_a1.5_b1.0_aw1_VTrue_steps1000_bs64_filmv2/H8_K20_Meuler_T0.5_Dfm_visual_aligning.models.visual_gaussian_diffusion.VisualFlowMatching_VTrue_mpc4_filmv2/6/results_train_set/dynamics_bounds_only/diffuser_train_set/diffuser_train_set.npz,,
1,H8_K20_Meuler_T0.5_Dfm_visual_aligning.models.visual_gaussian_diffusion.VisualFlowMatching_VTrue_mpc4_filmv2,6,train,dynamics_bounds_only,dpcc-c,npz,0.0,,1.0,3,0,0.0,0,0.0,,/data/home/llim/FMPCC/FM-PCC/logs/aligning-d3il-visual/plans/fm_visual_aligning/(Bf_U8_Legacy_complex_struct)H8_Dfm_visual_aligning.models.visual_gaussian_diffusion.VisualFlowMatching_a1.5_b1.0_aw1_VTrue_steps1000_bs64_filmv2/H8_K20_Meuler_T0.5_Dfm_visual_aligning.models.visual_gaussian_diffusion.VisualFlowMatching_VTrue_mpc4_filmv2,dynamics_bounds_only,False,dpcc-c_train_set,3.0,/data/home/llim/FMPCC/FM-PCC/logs/aligning-d3il-visual/plans/fm_visual_aligning/(Bf_U8_Legacy_complex_struct)H8_Dfm_visual_aligning.models.visual_gaussian_diffusion.VisualFlowMatching_a1.5_b1.0_aw1_VTrue_steps1000_bs64_filmv2/H8_K20_Meuler_T0.5_Dfm_visual_aligning.models.visual_gaussian_diffusion.VisualFlowMatching_VTrue_mpc4_filmv2/6/results_train_set/dynamics_bounds_only/dpcc-c_train_set/dpcc-c_train_set.npz,,
1,H8_K20_Meuler_T0.5_Dfm_visual_aligning.models.visual_gaussian_diffusion.VisualFlowMatching_VTrue_mpc4_filmv2,6,train,dynamics_bounds_only,dpcc-c-dt0p25,npz,0.0,,1.0,3,0,0.0,0,0.0,,/data/home/llim/FMPCC/FM-PCC/logs/aligning-d3il-visual/plans/fm_visual_aligning/(Bf_U8_Legacy_complex_struct)H8_Dfm_visual_aligning.models.visual_gaussian_diffusion.VisualFlowMatching_a1.5_b1.0_aw1_VTrue_steps1000_bs64_filmv2/H8_K20_Meuler_T0.5_Dfm_visual_aligning.models.visual_gaussian_diffusion.VisualFlowMatching_VTrue_mpc4_filmv2,dynamics_bounds_only,False,dpcc-c-dt0p25_train_set,3.0,/data/home/llim/FMPCC/FM-PCC/logs/aligning-d3il-visual/plans/fm_visual_aligning/(Bf_U8_Legacy_complex_struct)H8_Dfm_visual_aligning.models.visual_gaussian_diffusion.VisualFlowMatching_a1.5_b1.0_aw1_VTrue_steps1000_bs64_filmv2/H8_K20_Meuler_T0.5_Dfm_visual_aligning.models.visual_gaussian_diffusion.VisualFlowMatching_VTrue_mpc4_filmv2/6/results_train_set/dynamics_bounds_only/dpcc-c-dt0p25_train_set/dpcc-c-dt0p25_train_set.npz,,
1,H8_K20_Meuler_T0.5_Dfm_visual_aligning.models.visual_gaussian_diffusion.VisualFlowMatching_VTrue_mpc4_filmv2,6,train,dynamics_bounds_only,dpcc-c-dt0p5,npz,0.0,,1.0,3,0,0.0,0,0.0,,/data/home/llim/FMPCC/FM-PCC/logs/aligning-d3il-visual/plans/fm_visual_aligning/(Bf_U8_Legacy_complex_struct)H8_Dfm_visual_aligning.models.visual_gaussian_diffusion.VisualFlowMatching_a1.5_b1.0_aw1_VTrue_steps1000_bs64_filmv2/H8_K20_Meuler_T0.5_Dfm_visual_aligning.models.visual_gaussian_diffusion.VisualFlowMatching_VTrue_mpc4_filmv2,dynamics_bounds_only,False,dpcc-c-dt0p5_train_set,3.0,/data/home/llim/FMPCC/FM-PCC/logs/aligning-d3il-visual/plans/fm_visual_aligning/(Bf_U8_Legacy_complex_struct)H8_Dfm_visual_aligning.models.visual_gaussian_diffusion.VisualFlowMatching_a1.5_b1.0_aw1_VTrue_steps1000_bs64_filmv2/H8_K20_Meuler_T0.5_Dfm_visual_aligning.models.visual_gaussian_diffusion.VisualFlowMatching_VTrue_mpc4_filmv2/6/results_train_set/dynamics_bounds_only/dpcc-c-dt0p5_train_set/dpcc-c-dt0p5_train_set.npz,,
1,H8_K20_Meuler_T0.5_Dfm_visual_aligning.models.visual_gaussian_diffusion.VisualFlowMatching_VTrue_mpc4_filmv2,6,train,dynamics_bounds_only,dpcc-c-dt2p0,npz,0.0,,1.0,3,0,0.0,0,0.0,,/data/home/llim/FMPCC/FM-PCC/logs/aligning-d3il-visual/plans/fm_visual_aligning/(Bf_U8_Legacy_complex_struct)H8_Dfm_visual_aligning.models.visual_gaussian_diffusion.VisualFlowMatching_a1.5_b1.0_aw1_VTrue_steps1000_bs64_filmv2/H8_K20_Meuler_T0.5_Dfm_visual_aligning.models.visual_gaussian_diffusion.VisualFlowMatching_VTrue_mpc4_filmv2,dynamics_bounds_only,False,dpcc-c-dt2p0_train_set,3.0,/data/home/llim/FMPCC/FM-PCC/logs/aligning-d3il-visual/plans/fm_visual_aligning/(Bf_U8_Legacy_complex_struct)H8_Dfm_visual_aligning.models.visual_gaussian_diffusion.VisualFlowMatching_a1.5_b1.0_aw1_VTrue_steps1000_bs64_filmv2/H8_K20_Meuler_T0.5_Dfm_visual_aligning.models.visual_gaussian_diffusion.VisualFlowMatching_VTrue_mpc4_filmv2/6/results_train_set/dynamics_bounds_only/dpcc-c-dt2p0_train_set/dpcc-c-dt2p0_train_set.npz,,
1,H8_K20_Meuler_T0.5_Dfm_visual_aligning.models.visual_gaussian_diffusion.VisualFlowMatching_VTrue_mpc4_filmv2,6,train,dynamics_bounds_only,dpcc-c-dt4p0,npz,0.0,,1.0,3,0,0.0,0,0.0,,/data/home/llim/FMPCC/FM-PCC/logs/aligning-d3il-visual/plans/fm_visual_aligning/(Bf_U8_Legacy_complex_struct)H8_Dfm_visual_aligning.models.visual_gaussian_diffusion.VisualFlowMatching_a1.5_b1.0_aw1_VTrue_steps1000_bs64_filmv2/H8_K20_Meuler_T0.5_Dfm_visual_aligning.models.visual_gaussian_diffusion.VisualFlowMatching_VTrue_mpc4_filmv2,dynamics_bounds_only,False,dpcc-c-dt4p0_train_set,3.0,/data/home/llim/FMPCC/FM-PCC/logs/aligning-d3il-visual/plans/fm_visual_aligning/(Bf_U8_Legacy_complex_struct)H8_Dfm_visual_aligning.models.visual_gaussian_diffusion.VisualFlowMatching_a1.5_b1.0_aw1_VTrue_steps1000_bs64_filmv2/H8_K20_Meuler_T0.5_Dfm_visual_aligning.models.visual_gaussian_diffusion.VisualFlowMatching_VTrue_mpc4_filmv2/6/results_train_set/dynamics_bounds_only/dpcc-c-dt4p0_train_set/dpcc-c-dt4p0_train_set.npz,,
1,H8_K20_Meuler_T0.5_Dfm_visual_aligning.models.visual_gaussian_diffusion.VisualFlowMatching_VTrue_mpc4_filmv2,6,train,dynamics_bounds_only,dpcc-r,npz,0.0,,1.0,3,0,0.0,0,0.0,,/data/home/llim/FMPCC/FM-PCC/logs/aligning-d3il-visual/plans/fm_visual_aligning/(Bf_U8_Legacy_complex_struct)H8_Dfm_visual_aligning.models.visual_gaussian_diffusion.VisualFlowMatching_a1.5_b1.0_aw1_VTrue_steps1000_bs64_filmv2/H8_K20_Meuler_T0.5_Dfm_visual_aligning.models.visual_gaussian_diffusion.VisualFlowMatching_VTrue_mpc4_filmv2,dynamics_bounds_only,False,dpcc-r_train_set,3.0,/data/home/llim/FMPCC/FM-PCC/logs/aligning-d3il-visual/plans/fm_visual_aligning/(Bf_U8_Legacy_complex_struct)H8_Dfm_visual_aligning.models.visual_gaussian_diffusion.VisualFlowMatching_a1.5_b1.0_aw1_VTrue_steps1000_bs64_filmv2/H8_K20_Meuler_T0.5_Dfm_visual_aligning.models.visual_gaussian_diffusion.VisualFlowMatching_VTrue_mpc4_filmv2/6/results_train_set/dynamics_bounds_only/dpcc-r_train_set/dpcc-r_train_set.npz,,
1,H8_K20_Meuler_T0.5_Dfm_visual_aligning.models.visual_gaussian_diffusion.VisualFlowMatching_VTrue_mpc4_filmv2,6,train,dynamics_bounds_only,dpcc-t,npz,0.0,,1.0,3,0,0.0,0,0.0,,/data/home/llim/FMPCC/FM-PCC/logs/aligning-d3il-visual/plans/fm_visual_aligning/(Bf_U8_Legacy_complex_struct)H8_Dfm_visual_aligning.models.visual_gaussian_diffusion.VisualFlowMatching_a1.5_b1.0_aw1_VTrue_steps1000_bs64_filmv2/H8_K20_Meuler_T0.5_Dfm_visual_aligning.models.visual_gaussian_diffusion.VisualFlowMatching_VTrue_mpc4_filmv2,dynamics_bounds_only,False,dpcc-t_train_set,3.0,/data/home/llim/FMPCC/FM-PCC/logs/aligning-d3il-visual/plans/fm_visual_aligning/(Bf_U8_Legacy_complex_struct)H8_Dfm_visual_aligning.models.visual_gaussian_diffusion.VisualFlowMatching_a1.5_b1.0_aw1_VTrue_steps1000_bs64_filmv2/H8_K20_Meuler_T0.5_Dfm_visual_aligning.models.visual_gaussian_diffusion.VisualFlowMatching_VTrue_mpc4_filmv2/6/results_train_set/dynamics_bounds_only/dpcc-t_train_set/dpcc-t_train_set.npz,,
1,H8_K20_Meuler_T0.5_Dfm_visual_aligning.models.visual_gaussian_diffusion.VisualFlowMatching_VTrue_mpc4_filmv2,6,train,dynamics_bounds_only,gradient,npz,0.0,,1.0,3,0,0.0,0,0.0,,/data/home/llim/FMPCC/FM-PCC/logs/aligning-d3il-visual/plans/fm_visual_aligning/(Bf_U8_Legacy_complex_struct)H8_Dfm_visual_aligning.models.visual_gaussian_diffusion.VisualFlowMatching_a1.5_b1.0_aw1_VTrue_steps1000_bs64_filmv2/H8_K20_Meuler_T0.5_Dfm_visual_aligning.models.visual_gaussian_diffusion.VisualFlowMatching_VTrue_mpc4_filmv2,dynamics_bounds_only,False,gradient_train_set,3.0,/data/home/llim/FMPCC/FM-PCC/logs/aligning-d3il-visual/plans/fm_visual_aligning/(Bf_U8_Legacy_complex_struct)H8_Dfm_visual_aligning.models.visual_gaussian_diffusion.VisualFlowMatching_a1.5_b1.0_aw1_VTrue_steps1000_bs64_filmv2/H8_K20_Meuler_T0.5_Dfm_visual_aligning.models.visual_gaussian_diffusion.VisualFlowMatching_VTrue_mpc4_filmv2/6/results_train_set/dynamics_bounds_only/gradient_train_set/gradient_train_set.npz,,
1,H8_K20_Meuler_T0.5_Dfm_visual_aligning.models.visual_gaussian_diffusion.VisualFlowMatching_VTrue_mpc4_filmv2,6,train,dynamics_bounds_only,model_free,npz,0.0,,1.0,3,0,0.0,0,0.0,,/data/home/llim/FMPCC/FM-PCC/logs/aligning-d3il-visual/plans/fm_visual_aligning/(Bf_U8_Legacy_complex_struct)H8_Dfm_visual_aligning.models.visual_gaussian_diffusion.VisualFlowMatching_a1.5_b1.0_aw1_VTrue_steps1000_bs64_filmv2/H8_K20_Meuler_T0.5_Dfm_visual_aligning.models.visual_gaussian_diffusion.VisualFlowMatching_VTrue_mpc4_filmv2,dynamics_bounds_only,False,model_free_train_set,3.0,/data/home/llim/FMPCC/FM-PCC/logs/aligning-d3il-visual/plans/fm_visual_aligning/(Bf_U8_Legacy_complex_struct)H8_Dfm_visual_aligning.models.visual_gaussian_diffusion.VisualFlowMatching_a1.5_b1.0_aw1_VTrue_steps1000_bs64_filmv2/H8_K20_Meuler_T0.5_Dfm_visual_aligning.models.visual_gaussian_diffusion.VisualFlowMatching_VTrue_mpc4_filmv2/6/results_train_set/dynamics_bounds_only/model_free_train_set/model_free_train_set.npz,,
1,H8_K20_Meuler_T0.5_Dfm_visual_aligning.models.visual_gaussian_diffusion.VisualFlowMatching_VTrue_mpc4_filmv2,6,train,dynamics_bounds_only,post_processing,npz,0.0,,1.0,3,0,0.0,0,0.0,,/data/home/llim/FMPCC/FM-PCC/logs/aligning-d3il-visual/plans/fm_visual_aligning/(Bf_U8_Legacy_complex_struct)H8_Dfm_visual_aligning.models.visual_gaussian_diffusion.VisualFlowMatching_a1.5_b1.0_aw1_VTrue_steps1000_bs64_filmv2/H8_K20_Meuler_T0.5_Dfm_visual_aligning.models.visual_gaussian_diffusion.VisualFlowMatching_VTrue_mpc4_filmv2,dynamics_bounds_only,False,post_processing_train_set,3.0,/data/home/llim/FMPCC/FM-PCC/logs/aligning-d3il-visual/plans/fm_visual_aligning/(Bf_U8_Legacy_complex_struct)H8_Dfm_visual_aligning.models.visual_gaussian_diffusion.VisualFlowMatching_a1.5_b1.0_aw1_VTrue_steps1000_bs64_filmv2/H8_K20_Meuler_T0.5_Dfm_visual_aligning.models.visual_gaussian_diffusion.VisualFlowMatching_VTrue_mpc4_filmv2/6/results_train_set/dynamics_bounds_only/post_processing_train_set/post_processing_train_set.npz,,
1,H8_K20_Meuler_T0.5_Dfm_visual_aligning.models.visual_gaussian_diffusion.VisualFlowMatching_VTrue_mpc4_filmv2,6,train,dynamics_only,diffuser,npz,0.0,,1.0,3,0,0.0,0,0.0,,/data/home/llim/FMPCC/FM-PCC/logs/aligning-d3il-visual/plans/fm_visual_aligning/(Bf_U8_Legacy_complex_struct)H8_Dfm_visual_aligning.models.visual_gaussian_diffusion.VisualFlowMatching_a1.5_b1.0_aw1_VTrue_steps1000_bs64_filmv2/H8_K20_Meuler_T0.5_Dfm_visual_aligning.models.visual_gaussian_diffusion.VisualFlowMatching_VTrue_mpc4_filmv2,dynamics_only,False,diffuser_train_set,3.0,/data/home/llim/FMPCC/FM-PCC/logs/aligning-d3il-visual/plans/fm_visual_aligning/(Bf_U8_Legacy_complex_struct)H8_Dfm_visual_aligning.models.visual_gaussian_diffusion.VisualFlowMatching_a1.5_b1.0_aw1_VTrue_steps1000_bs64_filmv2/H8_K20_Meuler_T0.5_Dfm_visual_aligning.models.visual_gaussian_diffusion.VisualFlowMatching_VTrue_mpc4_filmv2/6/results_train_set/dynamics_only/diffuser_train_set/diffuser_train_set.npz,,
1,H8_K20_Meuler_T0.5_Dfm_visual_aligning.models.visual_gaussian_diffusion.VisualFlowMatching_VTrue_mpc4_filmv2,6,train,dynamics_only,dpcc-c,npz,0.0,,1.0,3,0,0.0,0,0.0,,/data/home/llim/FMPCC/FM-PCC/logs/aligning-d3il-visual/plans/fm_visual_aligning/(Bf_U8_Legacy_complex_struct)H8_Dfm_visual_aligning.models.visual_gaussian_diffusion.VisualFlowMatching_a1.5_b1.0_aw1_VTrue_steps1000_bs64_filmv2/H8_K20_Meuler_T0.5_Dfm_visual_aligning.models.visual_gaussian_diffusion.VisualFlowMatching_VTrue_mpc4_filmv2,dynamics_only,False,dpcc-c_train_set,3.0,/data/home/llim/FMPCC/FM-PCC/logs/aligning-d3il-visual/plans/fm_visual_aligning/(Bf_U8_Legacy_complex_struct)H8_Dfm_visual_aligning.models.visual_gaussian_diffusion.VisualFlowMatching_a1.5_b1.0_aw1_VTrue_steps1000_bs64_filmv2/H8_K20_Meuler_T0.5_Dfm_visual_aligning.models.visual_gaussian_diffusion.VisualFlowMatching_VTrue_mpc4_filmv2/6/results_train_set/dynamics_only/dpcc-c_train_set/dpcc-c_train_set.npz,,
1,H8_K20_Meuler_T0.5_Dfm_visual_aligning.models.visual_gaussian_diffusion.VisualFlowMatching_VTrue_mpc4_filmv2,6,train,dynamics_only,dpcc-c-dt0p25,npz,0.0,,1.0,3,0,0.0,0,0.0,,/data/home/llim/FMPCC/FM-PCC/logs/aligning-d3il-visual/plans/fm_visual_aligning/(Bf_U8_Legacy_complex_struct)H8_Dfm_visual_aligning.models.visual_gaussian_diffusion.VisualFlowMatching_a1.5_b1.0_aw1_VTrue_steps1000_bs64_filmv2/H8_K20_Meuler_T0.5_Dfm_visual_aligning.models.visual_gaussian_diffusion.VisualFlowMatching_VTrue_mpc4_filmv2,dynamics_only,False,dpcc-c-dt0p25_train_set,3.0,/data/home/llim/FMPCC/FM-PCC/logs/aligning-d3il-visual/plans/fm_visual_aligning/(Bf_U8_Legacy_complex_struct)H8_Dfm_visual_aligning.models.visual_gaussian_diffusion.VisualFlowMatching_a1.5_b1.0_aw1_VTrue_steps1000_bs64_filmv2/H8_K20_Meuler_T0.5_Dfm_visual_aligning.models.visual_gaussian_diffusion.VisualFlowMatching_VTrue_mpc4_filmv2/6/results_train_set/dynamics_only/dpcc-c-dt0p25_train_set/dpcc-c-dt0p25_train_set.npz,,
1,H8_K20_Meuler_T0.5_Dfm_visual_aligning.models.visual_gaussian_diffusion.VisualFlowMatching_VTrue_mpc4_filmv2,6,train,dynamics_only,dpcc-c-dt0p5,npz,0.0,,1.0,3,0,0.0,0,0.0,,/data/home/llim/FMPCC/FM-PCC/logs/aligning-d3il-visual/plans/fm_visual_aligning/(Bf_U8_Legacy_complex_struct)H8_Dfm_visual_aligning.models.visual_gaussian_diffusion.VisualFlowMatching_a1.5_b1.0_aw1_VTrue_steps1000_bs64_filmv2/H8_K20_Meuler_T0.5_Dfm_visual_aligning.models.visual_gaussian_diffusion.VisualFlowMatching_VTrue_mpc4_filmv2,dynamics_only,False,dpcc-c-dt0p5_train_set,3.0,/data/home/llim/FMPCC/FM-PCC/logs/aligning-d3il-visual/plans/fm_visual_aligning/(Bf_U8_Legacy_complex_struct)H8_Dfm_visual_aligning.models.visual_gaussian_diffusion.VisualFlowMatching_a1.5_b1.0_aw1_VTrue_steps1000_bs64_filmv2/H8_K20_Meuler_T0.5_Dfm_visual_aligning.models.visual_gaussian_diffusion.VisualFlowMatching_VTrue_mpc4_filmv2/6/results_train_set/dynamics_only/dpcc-c-dt0p5_train_set/dpcc-c-dt0p5_train_set.npz,,
1,H8_K20_Meuler_T0.5_Dfm_visual_aligning.models.visual_gaussian_diffusion.VisualFlowMatching_VTrue_mpc4_filmv2,6,train,dynamics_only,dpcc-c-dt2p0,npz,0.0,,1.0,3,0,0.0,0,0.0,,/data/home/llim/FMPCC/FM-PCC/logs/aligning-d3il-visual/plans/fm_visual_aligning/(Bf_U8_Legacy_complex_struct)H8_Dfm_visual_aligning.models.visual_gaussian_diffusion.VisualFlowMatching_a1.5_b1.0_aw1_VTrue_steps1000_bs64_filmv2/H8_K20_Meuler_T0.5_Dfm_visual_aligning.models.visual_gaussian_diffusion.VisualFlowMatching_VTrue_mpc4_filmv2,dynamics_only,False,dpcc-c-dt2p0_train_set,3.0,/data/home/llim/FMPCC/FM-PCC/logs/aligning-d3il-visual/plans/fm_visual_aligning/(Bf_U8_Legacy_complex_struct)H8_Dfm_visual_aligning.models.visual_gaussian_diffusion.VisualFlowMatching_a1.5_b1.0_aw1_VTrue_steps1000_bs64_filmv2/H8_K20_Meuler_T0.5_Dfm_visual_aligning.models.visual_gaussian_diffusion.VisualFlowMatching_VTrue_mpc4_filmv2/6/results_train_set/dynamics_only/dpcc-c-dt2p0_train_set/dpcc-c-dt2p0_train_set.npz,,
1,H8_K20_Meuler_T0.5_Dfm_visual_aligning.models.visual_gaussian_diffusion.VisualFlowMatching_VTrue_mpc4_filmv2,6,train,dynamics_only,dpcc-c-dt4p0,npz,0.0,,1.0,3,0,0.0,0,0.0,,/data/home/llim/FMPCC/FM-PCC/logs/aligning-d3il-visual/plans/fm_visual_aligning/(Bf_U8_Legacy_complex_struct)H8_Dfm_visual_aligning.models.visual_gaussian_diffusion.VisualFlowMatching_a1.5_b1.0_aw1_VTrue_steps1000_bs64_filmv2/H8_K20_Meuler_T0.5_Dfm_visual_aligning.models.visual_gaussian_diffusion.VisualFlowMatching_VTrue_mpc4_filmv2,dynamics_only,False,dpcc-c-dt4p0_train_set,3.0,/data/home/llim/FMPCC/FM-PCC/logs/aligning-d3il-visual/plans/fm_visual_aligning/(Bf_U8_Legacy_complex_struct)H8_Dfm_visual_aligning.models.visual_gaussian_diffusion.VisualFlowMatching_a1.5_b1.0_aw1_VTrue_steps1000_bs64_filmv2/H8_K20_Meuler_T0.5_Dfm_visual_aligning.models.visual_gaussian_diffusion.VisualFlowMatching_VTrue_mpc4_filmv2/6/results_train_set/dynamics_only/dpcc-c-dt4p0_train_set/dpcc-c-dt4p0_train_set.npz,,
1,H8_K20_Meuler_T0.5_Dfm_visual_aligning.models.visual_gaussian_diffusion.VisualFlowMatching_VTrue_mpc4_filmv2,6,train,dynamics_only,dpcc-r,npz,0.0,,1.0,3,0,0.0,0,0.0,,/data/home/llim/FMPCC/FM-PCC/logs/aligning-d3il-visual/plans/fm_visual_aligning/(Bf_U8_Legacy_complex_struct)H8_Dfm_visual_aligning.models.visual_gaussian_diffusion.VisualFlowMatching_a1.5_b1.0_aw1_VTrue_steps1000_bs64_filmv2/H8_K20_Meuler_T0.5_Dfm_visual_aligning.models.visual_gaussian_diffusion.VisualFlowMatching_VTrue_mpc4_filmv2,dynamics_only,False,dpcc-r_train_set,3.0,/data/home/llim/FMPCC/FM-PCC/logs/aligning-d3il-visual/plans/fm_visual_aligning/(Bf_U8_Legacy_complex_struct)H8_Dfm_visual_aligning.models.visual_gaussian_diffusion.VisualFlowMatching_a1.5_b1.0_aw1_VTrue_steps1000_bs64_filmv2/H8_K20_Meuler_T0.5_Dfm_visual_aligning.models.visual_gaussian_diffusion.VisualFlowMatching_VTrue_mpc4_filmv2/6/results_train_set/dynamics_only/dpcc-r_train_set/dpcc-r_train_set.npz,,
1,H8_K20_Meuler_T0.5_Dfm_visual_aligning.models.visual_gaussian_diffusion.VisualFlowMatching_VTrue_mpc4_filmv2,6,train,dynamics_only,dpcc-t,npz,0.0,,1.0,3,0,0.0,0,0.0,,/data/home/llim/FMPCC/FM-PCC/logs/aligning-d3il-visual/plans/fm_visual_aligning/(Bf_U8_Legacy_complex_struct)H8_Dfm_visual_aligning.models.visual_gaussian_diffusion.VisualFlowMatching_a1.5_b1.0_aw1_VTrue_steps1000_bs64_filmv2/H8_K20_Meuler_T0.5_Dfm_visual_aligning.models.visual_gaussian_diffusion.VisualFlowMatching_VTrue_mpc4_filmv2,dynamics_only,False,dpcc-t_train_set,3.0,/data/home/llim/FMPCC/FM-PCC/logs/aligning-d3il-visual/plans/fm_visual_aligning/(Bf_U8_Legacy_complex_struct)H8_Dfm_visual_aligning.models.visual_gaussian_diffusion.VisualFlowMatching_a1.5_b1.0_aw1_VTrue_steps1000_bs64_filmv2/H8_K20_Meuler_T0.5_Dfm_visual_aligning.models.visual_gaussian_diffusion.VisualFlowMatching_VTrue_mpc4_filmv2/6/results_train_set/dynamics_only/dpcc-t_train_set/dpcc-t_train_set.npz,,
1,H8_K20_Meuler_T0.5_Dfm_visual_aligning.models.visual_gaussian_diffusion.VisualFlowMatching_VTrue_mpc4_filmv2,6,train,dynamics_only,gradient,npz,0.0,,1.0,3,0,0.0,0,0.0,,/data/home/llim/FMPCC/FM-PCC/logs/aligning-d3il-visual/plans/fm_visual_aligning/(Bf_U8_Legacy_complex_struct)H8_Dfm_visual_aligning.models.visual_gaussian_diffusion.VisualFlowMatching_a1.5_b1.0_aw1_VTrue_steps1000_bs64_filmv2/H8_K20_Meuler_T0.5_Dfm_visual_aligning.models.visual_gaussian_diffusion.VisualFlowMatching_VTrue_mpc4_filmv2,dynamics_only,False,gradient_train_set,3.0,/data/home/llim/FMPCC/FM-PCC/logs/aligning-d3il-visual/plans/fm_visual_aligning/(Bf_U8_Legacy_complex_struct)H8_Dfm_visual_aligning.models.visual_gaussian_diffusion.VisualFlowMatching_a1.5_b1.0_aw1_VTrue_steps1000_bs64_filmv2/H8_K20_Meuler_T0.5_Dfm_visual_aligning.models.visual_gaussian_diffusion.VisualFlowMatching_VTrue_mpc4_filmv2/6/results_train_set/dynamics_only/gradient_train_set/gradient_train_set.npz,,
1,H8_K20_Meuler_T0.5_Dfm_visual_aligning.models.visual_gaussian_diffusion.VisualFlowMatching_VTrue_mpc4_filmv2,6,train,dynamics_only,model_free,npz,0.0,,1.0,3,0,0.0,0,0.0,,/data/home/llim/FMPCC/FM-PCC/logs/aligning-d3il-visual/plans/fm_visual_aligning/(Bf_U8_Legacy_complex_struct)H8_Dfm_visual_aligning.models.visual_gaussian_diffusion.VisualFlowMatching_a1.5_b1.0_aw1_VTrue_steps1000_bs64_filmv2/H8_K20_Meuler_T0.5_Dfm_visual_aligning.models.visual_gaussian_diffusion.VisualFlowMatching_VTrue_mpc4_filmv2,dynamics_only,False,model_free_train_set,3.0,/data/home/llim/FMPCC/FM-PCC/logs/aligning-d3il-visual/plans/fm_visual_aligning/(Bf_U8_Legacy_complex_struct)H8_Dfm_visual_aligning.models.visual_gaussian_diffusion.VisualFlowMatching_a1.5_b1.0_aw1_VTrue_steps1000_bs64_filmv2/H8_K20_Meuler_T0.5_Dfm_visual_aligning.models.visual_gaussian_diffusion.VisualFlowMatching_VTrue_mpc4_filmv2/6/results_train_set/dynamics_only/model_free_train_set/model_free_train_set.npz,,
1,H8_K20_Meuler_T0.5_Dfm_visual_aligning.models.visual_gaussian_diffusion.VisualFlowMatching_VTrue_mpc4_filmv2,6,train,dynamics_only,post_processing,npz,0.0,,1.0,3,0,0.0,0,0.0,,/data/home/llim/FMPCC/FM-PCC/logs/aligning-d3il-visual/plans/fm_visual_aligning/(Bf_U8_Legacy_complex_struct)H8_Dfm_visual_aligning.models.visual_gaussian_diffusion.VisualFlowMatching_a1.5_b1.0_aw1_VTrue_steps1000_bs64_filmv2/H8_K20_Meuler_T0.5_Dfm_visual_aligning.models.visual_gaussian_diffusion.VisualFlowMatching_VTrue_mpc4_filmv2,dynamics_only,False,post_processing_train_set,3.0,/data/home/llim/FMPCC/FM-PCC/logs/aligning-d3il-visual/plans/fm_visual_aligning/(Bf_U8_Legacy_complex_struct)H8_Dfm_visual_aligning.models.visual_gaussian_diffusion.VisualFlowMatching_a1.5_b1.0_aw1_VTrue_steps1000_bs64_filmv2/H8_K20_Meuler_T0.5_Dfm_visual_aligning.models.visual_gaussian_diffusion.VisualFlowMatching_VTrue_mpc4_filmv2/6/results_train_set/dynamics_only/post_processing_train_set/post_processing_train_set.npz,,
2,H8_K20_Meuler_T0.5_Dfm_visual_aligning.models.visual_gaussian_diffusion.VisualFlowMatching_VTrue_mpc4_filmv2,6,train,combined_5,diffuser,npz,0.0,,1.0,3,0,0.0,0,0.0,,/data/home/llim/FMPCC/FM-PCC/logs/aligning-d3il-visual/plans/fm_visual_aligning/(legacy_correcct_besides_bounds_for_comapre)H8_Dfm_visual_aligning.models.visual_gaussian_diffusion.VisualFlowMatching_a1.5_b1.0_aw1_VTrue_steps1000_bs64_filmv2/H8_K20_Meuler_T0.5_Dfm_visual_aligning.models.visual_gaussian_diffusion.VisualFlowMatching_VTrue_mpc4_filmv2,combined_5,False,diffuser_train_set,3.0,/data/home/llim/FMPCC/FM-PCC/logs/aligning-d3il-visual/plans/fm_visual_aligning/(legacy_correcct_besides_bounds_for_comapre)H8_Dfm_visual_aligning.models.visual_gaussian_diffusion.VisualFlowMatching_a1.5_b1.0_aw1_VTrue_steps1000_bs64_filmv2/H8_K20_Meuler_T0.5_Dfm_visual_aligning.models.visual_gaussian_diffusion.VisualFlowMatching_VTrue_mpc4_filmv2/6/results_train_set/combined_5/diffuser_train_set/diffuser_train_set.npz,,
2,H8_K20_Meuler_T0.5_Dfm_visual_aligning.models.visual_gaussian_diffusion.VisualFlowMatching_VTrue_mpc4_filmv2,6,train,combined_5,dpcc-c,npz,0.0,,1.0,3,0,0.0,0,0.0,,/data/home/llim/FMPCC/FM-PCC/logs/aligning-d3il-visual/plans/fm_visual_aligning/(legacy_correcct_besides_bounds_for_comapre)H8_Dfm_visual_aligning.models.visual_gaussian_diffusion.VisualFlowMatching_a1.5_b1.0_aw1_VTrue_steps1000_bs64_filmv2/H8_K20_Meuler_T0.5_Dfm_visual_aligning.models.visual_gaussian_diffusion.VisualFlowMatching_VTrue_mpc4_filmv2,combined_5,False,dpcc-c_train_set,3.0,/data/home/llim/FMPCC/FM-PCC/logs/aligning-d3il-visual/plans/fm_visual_aligning/(legacy_correcct_besides_bounds_for_comapre)H8_Dfm_visual_aligning.models.visual_gaussian_diffusion.VisualFlowMatching_a1.5_b1.0_aw1_VTrue_steps1000_bs64_filmv2/H8_K20_Meuler_T0.5_Dfm_visual_aligning.models.visual_gaussian_diffusion.VisualFlowMatching_VTrue_mpc4_filmv2/6/results_train_set/combined_5/dpcc-c_train_set/dpcc-c_train_set.npz,,
2,H8_K20_Meuler_T0.5_Dfm_visual_aligning.models.visual_gaussian_diffusion.VisualFlowMatching_VTrue_mpc4_filmv2,6,train,combined_5,dpcc-t,npz,0.0,,1.0,3,0,0.0,0,0.0,,/data/home/llim/FMPCC/FM-PCC/logs/aligning-d3il-visual/plans/fm_visual_aligning/(legacy_correcct_besides_bounds_for_comapre)H8_Dfm_visual_aligning.models.visual_gaussian_diffusion.VisualFlowMatching_a1.5_b1.0_aw1_VTrue_steps1000_bs64_filmv2/H8_K20_Meuler_T0.5_Dfm_visual_aligning.models.visual_gaussian_diffusion.VisualFlowMatching_VTrue_mpc4_filmv2,combined_5,False,dpcc-t_train_set,3.0,/data/home/llim/FMPCC/FM-PCC/logs/aligning-d3il-visual/plans/fm_visual_aligning/(legacy_correcct_besides_bounds_for_comapre)H8_Dfm_visual_aligning.models.visual_gaussian_diffusion.VisualFlowMatching_a1.5_b1.0_aw1_VTrue_steps1000_bs64_filmv2/H8_K20_Meuler_T0.5_Dfm_visual_aligning.models.visual_gaussian_diffusion.VisualFlowMatching_VTrue_mpc4_filmv2/6/results_train_set/combined_5/dpcc-t_train_set/dpcc-t_train_set.npz,,
2,H8_K20_Meuler_T0.5_Dfm_visual_aligning.models.visual_gaussian_diffusion.VisualFlowMatching_VTrue_mpc4_filmv2,6,train,combined_5,model_free,npz,0.0,,1.0,3,0,0.0,0,0.0,,/data/home/llim/FMPCC/FM-PCC/logs/aligning-d3il-visual/plans/fm_visual_aligning/(legacy_correcct_besides_bounds_for_comapre)H8_Dfm_visual_aligning.models.visual_gaussian_diffusion.VisualFlowMatching_a1.5_b1.0_aw1_VTrue_steps1000_bs64_filmv2/H8_K20_Meuler_T0.5_Dfm_visual_aligning.models.visual_gaussian_diffusion.VisualFlowMatching_VTrue_mpc4_filmv2,combined_5,False,model_free_train_set,3.0,/data/home/llim/FMPCC/FM-PCC/logs/aligning-d3il-visual/plans/fm_visual_aligning/(legacy_correcct_besides_bounds_for_comapre)H8_Dfm_visual_aligning.models.visual_gaussian_diffusion.VisualFlowMatching_a1.5_b1.0_aw1_VTrue_steps1000_bs64_filmv2/H8_K20_Meuler_T0.5_Dfm_visual_aligning.models.visual_gaussian_diffusion.VisualFlowMatching_VTrue_mpc4_filmv2/6/results_train_set/combined_5/model_free_train_set/model_free_train_set.npz,,
2,H8_K20_Meuler_T0.5_Dfm_visual_aligning.models.visual_gaussian_diffusion.VisualFlowMatching_VTrue_mpc4_filmv2,6,train,combined_5,post_processing,npz,0.0,,1.0,3,0,0.0,0,0.0,,/data/home/llim/FMPCC/FM-PCC/logs/aligning-d3il-visual/plans/fm_visual_aligning/(legacy_correcct_besides_bounds_for_comapre)H8_Dfm_visual_aligning.models.visual_gaussian_diffusion.VisualFlowMatching_a1.5_b1.0_aw1_VTrue_steps1000_bs64_filmv2/H8_K20_Meuler_T0.5_Dfm_visual_aligning.models.visual_gaussian_diffusion.VisualFlowMatching_VTrue_mpc4_filmv2,combined_5,False,post_processing_train_set,3.0,/data/home/llim/FMPCC/FM-PCC/logs/aligning-d3il-visual/plans/fm_visual_aligning/(legacy_correcct_besides_bounds_for_comapre)H8_Dfm_visual_aligning.models.visual_gaussian_diffusion.VisualFlowMatching_a1.5_b1.0_aw1_VTrue_steps1000_bs64_filmv2/H8_K20_Meuler_T0.5_Dfm_visual_aligning.models.visual_gaussian_diffusion.VisualFlowMatching_VTrue_mpc4_filmv2/6/results_train_set/combined_5/post_processing_train_set/post_processing_train_set.npz,,
2,H8_K20_Meuler_T0.5_Dfm_visual_aligning.models.visual_gaussian_diffusion.VisualFlowMatching_VTrue_mpc4_filmv2,6,train,combined_5-tightened,diffuser,npz,0.0,,1.0,3,0,0.0,0,0.0,,/data/home/llim/FMPCC/FM-PCC/logs/aligning-d3il-visual/plans/fm_visual_aligning/(legacy_correcct_besides_bounds_for_comapre)H8_Dfm_visual_aligning.models.visual_gaussian_diffusion.VisualFlowMatching_a1.5_b1.0_aw1_VTrue_steps1000_bs64_filmv2/H8_K20_Meuler_T0.5_Dfm_visual_aligning.models.visual_gaussian_diffusion.VisualFlowMatching_VTrue_mpc4_filmv2,combined_5,True,diffuser_train_set,3.0,/data/home/llim/FMPCC/FM-PCC/logs/aligning-d3il-visual/plans/fm_visual_aligning/(legacy_correcct_besides_bounds_for_comapre)H8_Dfm_visual_aligning.models.visual_gaussian_diffusion.VisualFlowMatching_a1.5_b1.0_aw1_VTrue_steps1000_bs64_filmv2/H8_K20_Meuler_T0.5_Dfm_visual_aligning.models.visual_gaussian_diffusion.VisualFlowMatching_VTrue_mpc4_filmv2/6/results_train_set/combined_5-tightened/diffuser_train_set/diffuser_train_set.npz,,
2,H8_K20_Meuler_T0.5_Dfm_visual_aligning.models.visual_gaussian_diffusion.VisualFlowMatching_VTrue_mpc4_filmv2,6,train,combined_5-tightened,dpcc-c,json,0.0,,1.0,2,0,0.0,0,0.0,,/data/home/llim/FMPCC/FM-PCC/logs/aligning-d3il-visual/plans/fm_visual_aligning/(legacy_correcct_besides_bounds_for_comapre)H8_Dfm_visual_aligning.models.visual_gaussian_diffusion.VisualFlowMatching_a1.5_b1.0_aw1_VTrue_steps1000_bs64_filmv2/H8_K20_Meuler_T0.5_Dfm_visual_aligning.models.visual_gaussian_diffusion.VisualFlowMatching_VTrue_mpc4_filmv2,combined_5,True,dpcc-c_train_set,,,1.0,
2,H8_K20_Meuler_T0.5_Dfm_visual_aligning.models.visual_gaussian_diffusion.VisualFlowMatching_VTrue_mpc4_filmv2,6,train,dynamics_only,diffuser,npz,0.0,,1.0,3,0,0.0,0,0.0,,/data/home/llim/FMPCC/FM-PCC/logs/aligning-d3il-visual/plans/fm_visual_aligning/(legacy_correcct_besides_bounds_for_comapre)H8_Dfm_visual_aligning.models.visual_gaussian_diffusion.VisualFlowMatching_a1.5_b1.0_aw1_VTrue_steps1000_bs64_filmv2/H8_K20_Meuler_T0.5_Dfm_visual_aligning.models.visual_gaussian_diffusion.VisualFlowMatching_VTrue_mpc4_filmv2,dynamics_only,False,diffuser_train_set,3.0,/data/home/llim/FMPCC/FM-PCC/logs/aligning-d3il-visual/plans/fm_visual_aligning/(legacy_correcct_besides_bounds_for_comapre)H8_Dfm_visual_aligning.models.visual_gaussian_diffusion.VisualFlowMatching_a1.5_b1.0_aw1_VTrue_steps1000_bs64_filmv2/H8_K20_Meuler_T0.5_Dfm_visual_aligning.models.visual_gaussian_diffusion.VisualFlowMatching_VTrue_mpc4_filmv2/6/results_train_set/dynamics_only/diffuser_train_set/diffuser_train_set.npz,,
2,H8_K20_Meuler_T0.5_Dfm_visual_aligning.models.visual_gaussian_diffusion.VisualFlowMatching_VTrue_mpc4_filmv2,6,train,dynamics_only,dpcc-c,npz,0.0,,1.0,3,0,0.0,0,0.0,,/data/home/llim/FMPCC/FM-PCC/logs/aligning-d3il-visual/plans/fm_visual_aligning/(legacy_correcct_besides_bounds_for_comapre)H8_Dfm_visual_aligning.models.visual_gaussian_diffusion.VisualFlowMatching_a1.5_b1.0_aw1_VTrue_steps1000_bs64_filmv2/H8_K20_Meuler_T0.5_Dfm_visual_aligning.models.visual_gaussian_diffusion.VisualFlowMatching_VTrue_mpc4_filmv2,dynamics_only,False,dpcc-c_train_set,3.0,/data/home/llim/FMPCC/FM-PCC/logs/aligning-d3il-visual/plans/fm_visual_aligning/(legacy_correcct_besides_bounds_for_comapre)H8_Dfm_visual_aligning.models.visual_gaussian_diffusion.VisualFlowMatching_a1.5_b1.0_aw1_VTrue_steps1000_bs64_filmv2/H8_K20_Meuler_T0.5_Dfm_visual_aligning.models.visual_gaussian_diffusion.VisualFlowMatching_VTrue_mpc4_filmv2/6/results_train_set/dynamics_only/dpcc-c_train_set/dpcc-c_train_set.npz,,
2,H8_K20_Meuler_T0.5_Dfm_visual_aligning.models.visual_gaussian_diffusion.VisualFlowMatching_VTrue_mpc4_filmv2,6,train,dynamics_only,dpcc-t,npz,0.0,,1.0,3,0,0.0,0,0.0,,/data/home/llim/FMPCC/FM-PCC/logs/aligning-d3il-visual/plans/fm_visual_aligning/(legacy_correcct_besides_bounds_for_comapre)H8_Dfm_visual_aligning.models.visual_gaussian_diffusion.VisualFlowMatching_a1.5_b1.0_aw1_VTrue_steps1000_bs64_filmv2/H8_K20_Meuler_T0.5_Dfm_visual_aligning.models.visual_gaussian_diffusion.VisualFlowMatching_VTrue_mpc4_filmv2,dynamics_only,False,dpcc-t_train_set,3.0,/data/home/llim/FMPCC/FM-PCC/logs/aligning-d3il-visual/plans/fm_visual_aligning/(legacy_correcct_besides_bounds_for_comapre)H8_Dfm_visual_aligning.models.visual_gaussian_diffusion.VisualFlowMatching_a1.5_b1.0_aw1_VTrue_steps1000_bs64_filmv2/H8_K20_Meuler_T0.5_Dfm_visual_aligning.models.visual_gaussian_diffusion.VisualFlowMatching_VTrue_mpc4_filmv2/6/results_train_set/dynamics_only/dpcc-t_train_set/dpcc-t_train_set.npz,,
2,H8_K20_Meuler_T0.5_Dfm_visual_aligning.models.visual_gaussian_diffusion.VisualFlowMatching_VTrue_mpc4_filmv2,6,train,dynamics_only,model_free,npz,0.0,,1.0,3,0,0.0,0,0.0,,/data/home/llim/FMPCC/FM-PCC/logs/aligning-d3il-visual/plans/fm_visual_aligning/(legacy_correcct_besides_bounds_for_comapre)H8_Dfm_visual_aligning.models.visual_gaussian_diffusion.VisualFlowMatching_a1.5_b1.0_aw1_VTrue_steps1000_bs64_filmv2/H8_K20_Meuler_T0.5_Dfm_visual_aligning.models.visual_gaussian_diffusion.VisualFlowMatching_VTrue_mpc4_filmv2,dynamics_only,False,model_free_train_set,3.0,/data/home/llim/FMPCC/FM-PCC/logs/aligning-d3il-visual/plans/fm_visual_aligning/(legacy_correcct_besides_bounds_for_comapre)H8_Dfm_visual_aligning.models.visual_gaussian_diffusion.VisualFlowMatching_a1.5_b1.0_aw1_VTrue_steps1000_bs64_filmv2/H8_K20_Meuler_T0.5_Dfm_visual_aligning.models.visual_gaussian_diffusion.VisualFlowMatching_VTrue_mpc4_filmv2/6/results_train_set/dynamics_only/model_free_train_set/model_free_train_set.npz,,
2,H8_K20_Meuler_T0.5_Dfm_visual_aligning.models.visual_gaussian_diffusion.VisualFlowMatching_VTrue_mpc4_filmv2,6,train,dynamics_only,post_processing,npz,0.0,,1.0,3,0,0.0,0,0.0,,/data/home/llim/FMPCC/FM-PCC/logs/aligning-d3il-visual/plans/fm_visual_aligning/(legacy_correcct_besides_bounds_for_comapre)H8_Dfm_visual_aligning.models.visual_gaussian_diffusion.VisualFlowMatching_a1.5_b1.0_aw1_VTrue_steps1000_bs64_filmv2/H8_K20_Meuler_T0.5_Dfm_visual_aligning.models.visual_gaussian_diffusion.VisualFlowMatching_VTrue_mpc4_filmv2,dynamics_only,False,post_processing_train_set,3.0,/data/home/llim/FMPCC/FM-PCC/logs/aligning-d3il-visual/plans/fm_visual_aligning/(legacy_correcct_besides_bounds_for_comapre)H8_Dfm_visual_aligning.models.visual_gaussian_diffusion.VisualFlowMatching_a1.5_b1.0_aw1_VTrue_steps1000_bs64_filmv2/H8_K20_Meuler_T0.5_Dfm_visual_aligning.models.visual_gaussian_diffusion.VisualFlowMatching_VTrue_mpc4_filmv2/6/results_train_set/dynamics_only/post_processing_train_set/post_processing_train_set.npz,,
3,H8_K20_Meuler_T0.5_Dfm_visual_aligning.models.visual_gaussian_diffusion.VisualFlowMatching_VTrue_mpc4_filmv2,6,test,combined_5,diffuser,npz,0.0,,1.0,30,0,0.0,0,0.0,1.0,/data/home/llim/FMPCC/FM-PCC/logs/aligning-d3il-visual/plans/fm_visual_aligning/H8_Dfm_visual_aligning.models.visual_gaussian_diffusion.VisualFlowMatching_a1.5_b1.0_aw1_VTrue_steps1000_bs64_filmv2/H8_K20_Meuler_T0.5_Dfm_visual_aligning.models.visual_gaussian_diffusion.VisualFlowMatching_VTrue_mpc4_filmv2,combined_5,False,diffuser,30.0,/data/home/llim/FMPCC/FM-PCC/logs/aligning-d3il-visual/plans/fm_visual_aligning/H8_Dfm_visual_aligning.models.visual_gaussian_diffusion.VisualFlowMatching_a1.5_b1.0_aw1_VTrue_steps1000_bs64_filmv2/H8_K20_Meuler_T0.5_Dfm_visual_aligning.models.visual_gaussian_diffusion.VisualFlowMatching_VTrue_mpc4_filmv2/6/results/combined_5/diffuser/diffuser.npz,,
3,H8_K20_Meuler_T0.5_Dfm_visual_aligning.models.visual_gaussian_diffusion.VisualFlowMatching_VTrue_mpc4_filmv2,6,train,combined_5,bounds_free,npz,0.0,,1.0,3,0,0.0,0,0.0,,/data/home/llim/FMPCC/FM-PCC/logs/aligning-d3il-visual/plans/fm_visual_aligning/H8_Dfm_visual_aligning.models.visual_gaussian_diffusion.VisualFlowMatching_a1.5_b1.0_aw1_VTrue_steps1000_bs64_filmv2/H8_K20_Meuler_T0.5_Dfm_visual_aligning.models.visual_gaussian_diffusion.VisualFlowMatching_VTrue_mpc4_filmv2,combined_5,False,bounds_free_train_set,3.0,/data/home/llim/FMPCC/FM-PCC/logs/aligning-d3il-visual/plans/fm_visual_aligning/H8_Dfm_visual_aligning.models.visual_gaussian_diffusion.VisualFlowMatching_a1.5_b1.0_aw1_VTrue_steps1000_bs64_filmv2/H8_K20_Meuler_T0.5_Dfm_visual_aligning.models.visual_gaussian_diffusion.VisualFlowMatching_VTrue_mpc4_filmv2/6/results_train_set/combined_5/bounds_free_train_set/bounds_free_train_set.npz,,
3,H8_K20_Meuler_T0.5_Dfm_visual_aligning.models.visual_gaussian_diffusion.VisualFlowMatching_VTrue_mpc4_filmv2,6,train,combined_5,diffuser,npz,0.0,,1.0,3,0,0.0,0,0.0,,/data/home/llim/FMPCC/FM-PCC/logs/aligning-d3il-visual/plans/fm_visual_aligning/H8_Dfm_visual_aligning.models.visual_gaussian_diffusion.VisualFlowMatching_a1.5_b1.0_aw1_VTrue_steps1000_bs64_filmv2/H8_K20_Meuler_T0.5_Dfm_visual_aligning.models.visual_gaussian_diffusion.VisualFlowMatching_VTrue_mpc4_filmv2,combined_5,False,diffuser_train_set,3.0,/data/home/llim/FMPCC/FM-PCC/logs/aligning-d3il-visual/plans/fm_visual_aligning/H8_Dfm_visual_aligning.models.visual_gaussian_diffusion.VisualFlowMatching_a1.5_b1.0_aw1_VTrue_steps1000_bs64_filmv2/H8_K20_Meuler_T0.5_Dfm_visual_aligning.models.visual_gaussian_diffusion.VisualFlowMatching_VTrue_mpc4_filmv2/6/results_train_set/combined_5/diffuser_train_set/diffuser_train_set.npz,,
3,H8_K20_Meuler_T0.5_Dfm_visual_aligning.models.visual_gaussian_diffusion.VisualFlowMatching_VTrue_mpc4_filmv2,6,train,combined_5,dpcc-c,npz,0.0,,1.0,3,0,0.0,0,0.0,,/data/home/llim/FMPCC/FM-PCC/logs/aligning-d3il-visual/plans/fm_visual_aligning/H8_Dfm_visual_aligning.models.visual_gaussian_diffusion.VisualFlowMatching_a1.5_b1.0_aw1_VTrue_steps1000_bs64_filmv2/H8_K20_Meuler_T0.5_Dfm_visual_aligning.models.visual_gaussian_diffusion.VisualFlowMatching_VTrue_mpc4_filmv2,combined_5,False,dpcc-c_train_set,3.0,/data/home/llim/FMPCC/FM-PCC/logs/aligning-d3il-visual/plans/fm_visual_aligning/H8_Dfm_visual_aligning.models.visual_gaussian_diffusion.VisualFlowMatching_a1.5_b1.0_aw1_VTrue_steps1000_bs64_filmv2/H8_K20_Meuler_T0.5_Dfm_visual_aligning.models.visual_gaussian_diffusion.VisualFlowMatching_VTrue_mpc4_filmv2/6/results_train_set/combined_5/dpcc-c_train_set/dpcc-c_train_set.npz,,
3,H8_K20_Meuler_T0.5_Dfm_visual_aligning.models.visual_gaussian_diffusion.VisualFlowMatching_VTrue_mpc4_filmv2,6,train,combined_5,dpcc-c-dt0p25,npz,0.0,,1.0,3,0,0.0,0,0.0,,/data/home/llim/FMPCC/FM-PCC/logs/aligning-d3il-visual/plans/fm_visual_aligning/H8_Dfm_visual_aligning.models.visual_gaussian_diffusion.VisualFlowMatching_a1.5_b1.0_aw1_VTrue_steps1000_bs64_filmv2/H8_K20_Meuler_T0.5_Dfm_visual_aligning.models.visual_gaussian_diffusion.VisualFlowMatching_VTrue_mpc4_filmv2,combined_5,False,dpcc-c-dt0p25_train_set,3.0,/data/home/llim/FMPCC/FM-PCC/logs/aligning-d3il-visual/plans/fm_visual_aligning/H8_Dfm_visual_aligning.models.visual_gaussian_diffusion.VisualFlowMatching_a1.5_b1.0_aw1_VTrue_steps1000_bs64_filmv2/H8_K20_Meuler_T0.5_Dfm_visual_aligning.models.visual_gaussian_diffusion.VisualFlowMatching_VTrue_mpc4_filmv2/6/results_train_set/combined_5/dpcc-c-dt0p25_train_set/dpcc-c-dt0p25_train_set.npz,,
3,H8_K20_Meuler_T0.5_Dfm_visual_aligning.models.visual_gaussian_diffusion.VisualFlowMatching_VTrue_mpc4_filmv2,6,train,combined_5,dpcc-c-dt0p5,npz,0.0,,1.0,3,0,0.0,0,0.0,,/data/home/llim/FMPCC/FM-PCC/logs/aligning-d3il-visual/plans/fm_visual_aligning/H8_Dfm_visual_aligning.models.visual_gaussian_diffusion.VisualFlowMatching_a1.5_b1.0_aw1_VTrue_steps1000_bs64_filmv2/H8_K20_Meuler_T0.5_Dfm_visual_aligning.models.visual_gaussian_diffusion.VisualFlowMatching_VTrue_mpc4_filmv2,combined_5,False,dpcc-c-dt0p5_train_set,3.0,/data/home/llim/FMPCC/FM-PCC/logs/aligning-d3il-visual/plans/fm_visual_aligning/H8_Dfm_visual_aligning.models.visual_gaussian_diffusion.VisualFlowMatching_a1.5_b1.0_aw1_VTrue_steps1000_bs64_filmv2/H8_K20_Meuler_T0.5_Dfm_visual_aligning.models.visual_gaussian_diffusion.VisualFlowMatching_VTrue_mpc4_filmv2/6/results_train_set/combined_5/dpcc-c-dt0p5_train_set/dpcc-c-dt0p5_train_set.npz,,
3,H8_K20_Meuler_T0.5_Dfm_visual_aligning.models.visual_gaussian_diffusion.VisualFlowMatching_VTrue_mpc4_filmv2,6,train,combined_5,dpcc-c-dt2p0,npz,0.0,,1.0,3,0,0.0,0,0.0,,/data/home/llim/FMPCC/FM-PCC/logs/aligning-d3il-visual/plans/fm_visual_aligning/H8_Dfm_visual_aligning.models.visual_gaussian_diffusion.VisualFlowMatching_a1.5_b1.0_aw1_VTrue_steps1000_bs64_filmv2/H8_K20_Meuler_T0.5_Dfm_visual_aligning.models.visual_gaussian_diffusion.VisualFlowMatching_VTrue_mpc4_filmv2,combined_5,False,dpcc-c-dt2p0_train_set,3.0,/data/home/llim/FMPCC/FM-PCC/logs/aligning-d3il-visual/plans/fm_visual_aligning/H8_Dfm_visual_aligning.models.visual_gaussian_diffusion.VisualFlowMatching_a1.5_b1.0_aw1_VTrue_steps1000_bs64_filmv2/H8_K20_Meuler_T0.5_Dfm_visual_aligning.models.visual_gaussian_diffusion.VisualFlowMatching_VTrue_mpc4_filmv2/6/results_train_set/combined_5/dpcc-c-dt2p0_train_set/dpcc-c-dt2p0_train_set.npz,,
3,H8_K20_Meuler_T0.5_Dfm_visual_aligning.models.visual_gaussian_diffusion.VisualFlowMatching_VTrue_mpc4_filmv2,6,train,combined_5,dpcc-c-dt4p0,npz,0.0,,1.0,3,0,0.0,0,0.0,,/data/home/llim/FMPCC/FM-PCC/logs/aligning-d3il-visual/plans/fm_visual_aligning/H8_Dfm_visual_aligning.models.visual_gaussian_diffusion.VisualFlowMatching_a1.5_b1.0_aw1_VTrue_steps1000_bs64_filmv2/H8_K20_Meuler_T0.5_Dfm_visual_aligning.models.visual_gaussian_diffusion.VisualFlowMatching_VTrue_mpc4_filmv2,combined_5,False,dpcc-c-dt4p0_train_set,3.0,/data/home/llim/FMPCC/FM-PCC/logs/aligning-d3il-visual/plans/fm_visual_aligning/H8_Dfm_visual_aligning.models.visual_gaussian_diffusion.VisualFlowMatching_a1.5_b1.0_aw1_VTrue_steps1000_bs64_filmv2/H8_K20_Meuler_T0.5_Dfm_visual_aligning.models.visual_gaussian_diffusion.VisualFlowMatching_VTrue_mpc4_filmv2/6/results_train_set/combined_5/dpcc-c-dt4p0_train_set/dpcc-c-dt4p0_train_set.npz,,
3,H8_K20_Meuler_T0.5_Dfm_visual_aligning.models.visual_gaussian_diffusion.VisualFlowMatching_VTrue_mpc4_filmv2,6,train,combined_5,dpcc-r,npz,0.0,,1.0,3,0,0.0,0,0.0,,/data/home/llim/FMPCC/FM-PCC/logs/aligning-d3il-visual/plans/fm_visual_aligning/H8_Dfm_visual_aligning.models.visual_gaussian_diffusion.VisualFlowMatching_a1.5_b1.0_aw1_VTrue_steps1000_bs64_filmv2/H8_K20_Meuler_T0.5_Dfm_visual_aligning.models.visual_gaussian_diffusion.VisualFlowMatching_VTrue_mpc4_filmv2,combined_5,False,dpcc-r_train_set,3.0,/data/home/llim/FMPCC/FM-PCC/logs/aligning-d3il-visual/plans/fm_visual_aligning/H8_Dfm_visual_aligning.models.visual_gaussian_diffusion.VisualFlowMatching_a1.5_b1.0_aw1_VTrue_steps1000_bs64_filmv2/H8_K20_Meuler_T0.5_Dfm_visual_aligning.models.visual_gaussian_diffusion.VisualFlowMatching_VTrue_mpc4_filmv2/6/results_train_set/combined_5/dpcc-r_train_set/dpcc-r_train_set.npz,,
3,H8_K20_Meuler_T0.5_Dfm_visual_aligning.models.visual_gaussian_diffusion.VisualFlowMatching_VTrue_mpc4_filmv2,6,train,combined_5,dpcc-t,npz,0.0,,1.0,3,0,0.0,0,0.0,,/data/home/llim/FMPCC/FM-PCC/logs/aligning-d3il-visual/plans/fm_visual_aligning/H8_Dfm_visual_aligning.models.visual_gaussian_diffusion.VisualFlowMatching_a1.5_b1.0_aw1_VTrue_steps1000_bs64_filmv2/H8_K20_Meuler_T0.5_Dfm_visual_aligning.models.visual_gaussian_diffusion.VisualFlowMatching_VTrue_mpc4_filmv2,combined_5,False,dpcc-t_train_set,3.0,/data/home/llim/FMPCC/FM-PCC/logs/aligning-d3il-visual/plans/fm_visual_aligning/H8_Dfm_visual_aligning.models.visual_gaussian_diffusion.VisualFlowMatching_a1.5_b1.0_aw1_VTrue_steps1000_bs64_filmv2/H8_K20_Meuler_T0.5_Dfm_visual_aligning.models.visual_gaussian_diffusion.VisualFlowMatching_VTrue_mpc4_filmv2/6/results_train_set/combined_5/dpcc-t_train_set/dpcc-t_train_set.npz,,
3,H8_K20_Meuler_T0.5_Dfm_visual_aligning.models.visual_gaussian_diffusion.VisualFlowMatching_VTrue_mpc4_filmv2,6,train,combined_5,geo_free,npz,0.0,,1.0,3,0,0.0,0,0.0,,/data/home/llim/FMPCC/FM-PCC/logs/aligning-d3il-visual/plans/fm_visual_aligning/H8_Dfm_visual_aligning.models.visual_gaussian_diffusion.VisualFlowMatching_a1.5_b1.0_aw1_VTrue_steps1000_bs64_filmv2/H8_K20_Meuler_T0.5_Dfm_visual_aligning.models.visual_gaussian_diffusion.VisualFlowMatching_VTrue_mpc4_filmv2,combined_5,False,geo_free_train_set,3.0,/data/home/llim/FMPCC/FM-PCC/logs/aligning-d3il-visual/plans/fm_visual_aligning/H8_Dfm_visual_aligning.models.visual_gaussian_diffusion.VisualFlowMatching_a1.5_b1.0_aw1_VTrue_steps1000_bs64_filmv2/H8_K20_Meuler_T0.5_Dfm_visual_aligning.models.visual_gaussian_diffusion.VisualFlowMatching_VTrue_mpc4_filmv2/6/results_train_set/combined_5/geo_free_train_set/geo_free_train_set.npz,,
3,H8_K20_Meuler_T0.5_Dfm_visual_aligning.models.visual_gaussian_diffusion.VisualFlowMatching_VTrue_mpc4_filmv2,6,train,combined_5,geo_free-bounds_free,npz,0.0,,1.0,3,0,0.0,0,0.0,,/data/home/llim/FMPCC/FM-PCC/logs/aligning-d3il-visual/plans/fm_visual_aligning/H8_Dfm_visual_aligning.models.visual_gaussian_diffusion.VisualFlowMatching_a1.5_b1.0_aw1_VTrue_steps1000_bs64_filmv2/H8_K20_Meuler_T0.5_Dfm_visual_aligning.models.visual_gaussian_diffusion.VisualFlowMatching_VTrue_mpc4_filmv2,combined_5,False,geo_free-bounds_free_train_set,3.0,/data/home/llim/FMPCC/FM-PCC/logs/aligning-d3il-visual/plans/fm_visual_aligning/H8_Dfm_visual_aligning.models.visual_gaussian_diffusion.VisualFlowMatching_a1.5_b1.0_aw1_VTrue_steps1000_bs64_filmv2/H8_K20_Meuler_T0.5_Dfm_visual_aligning.models.visual_gaussian_diffusion.VisualFlowMatching_VTrue_mpc4_filmv2/6/results_train_set/combined_5/geo_free-bounds_free_train_set/geo_free-bounds_free_train_set.npz,,
3,H8_K20_Meuler_T0.5_Dfm_visual_aligning.models.visual_gaussian_diffusion.VisualFlowMatching_VTrue_mpc4_filmv2,6,train,combined_5,geo_free-model_free,npz,0.0,,1.0,3,0,0.0,0,0.0,,/data/home/llim/FMPCC/FM-PCC/logs/aligning-d3il-visual/plans/fm_visual_aligning/H8_Dfm_visual_aligning.models.visual_gaussian_diffusion.VisualFlowMatching_a1.5_b1.0_aw1_VTrue_steps1000_bs64_filmv2/H8_K20_Meuler_T0.5_Dfm_visual_aligning.models.visual_gaussian_diffusion.VisualFlowMatching_VTrue_mpc4_filmv2,combined_5,False,geo_free-model_free_train_set,3.0,/data/home/llim/FMPCC/FM-PCC/logs/aligning-d3il-visual/plans/fm_visual_aligning/H8_Dfm_visual_aligning.models.visual_gaussian_diffusion.VisualFlowMatching_a1.5_b1.0_aw1_VTrue_steps1000_bs64_filmv2/H8_K20_Meuler_T0.5_Dfm_visual_aligning.models.visual_gaussian_diffusion.VisualFlowMatching_VTrue_mpc4_filmv2/6/results_train_set/combined_5/geo_free-model_free_train_set/geo_free-model_free_train_set.npz,,
3,H8_K20_Meuler_T0.5_Dfm_visual_aligning.models.visual_gaussian_diffusion.VisualFlowMatching_VTrue_mpc4_filmv2,6,train,combined_5,gradient,npz,0.0,,1.0,3,0,0.0,0,0.0,,/data/home/llim/FMPCC/FM-PCC/logs/aligning-d3il-visual/plans/fm_visual_aligning/H8_Dfm_visual_aligning.models.visual_gaussian_diffusion.VisualFlowMatching_a1.5_b1.0_aw1_VTrue_steps1000_bs64_filmv2/H8_K20_Meuler_T0.5_Dfm_visual_aligning.models.visual_gaussian_diffusion.VisualFlowMatching_VTrue_mpc4_filmv2,combined_5,False,gradient_train_set,3.0,/data/home/llim/FMPCC/FM-PCC/logs/aligning-d3il-visual/plans/fm_visual_aligning/H8_Dfm_visual_aligning.models.visual_gaussian_diffusion.VisualFlowMatching_a1.5_b1.0_aw1_VTrue_steps1000_bs64_filmv2/H8_K20_Meuler_T0.5_Dfm_visual_aligning.models.visual_gaussian_diffusion.VisualFlowMatching_VTrue_mpc4_filmv2/6/results_train_set/combined_5/gradient_train_set/gradient_train_set.npz,,
3,H8_K20_Meuler_T0.5_Dfm_visual_aligning.models.visual_gaussian_diffusion.VisualFlowMatching_VTrue_mpc4_filmv2,6,train,combined_5,model_free,npz,0.0,,1.0,3,0,0.0,0,0.0,,/data/home/llim/FMPCC/FM-PCC/logs/aligning-d3il-visual/plans/fm_visual_aligning/H8_Dfm_visual_aligning.models.visual_gaussian_diffusion.VisualFlowMatching_a1.5_b1.0_aw1_VTrue_steps1000_bs64_filmv2/H8_K20_Meuler_T0.5_Dfm_visual_aligning.models.visual_gaussian_diffusion.VisualFlowMatching_VTrue_mpc4_filmv2,combined_5,False,model_free_train_set,3.0,/data/home/llim/FMPCC/FM-PCC/logs/aligning-d3il-visual/plans/fm_visual_aligning/H8_Dfm_visual_aligning.models.visual_gaussian_diffusion.VisualFlowMatching_a1.5_b1.0_aw1_VTrue_steps1000_bs64_filmv2/H8_K20_Meuler_T0.5_Dfm_visual_aligning.models.visual_gaussian_diffusion.VisualFlowMatching_VTrue_mpc4_filmv2/6/results_train_set/combined_5/model_free_train_set/model_free_train_set.npz,,
3,H8_K20_Meuler_T0.5_Dfm_visual_aligning.models.visual_gaussian_diffusion.VisualFlowMatching_VTrue_mpc4_filmv2,6,train,combined_5,post_processing,npz,0.0,,1.0,3,0,0.0,0,0.0,,/data/home/llim/FMPCC/FM-PCC/logs/aligning-d3il-visual/plans/fm_visual_aligning/H8_Dfm_visual_aligning.models.visual_gaussian_diffusion.VisualFlowMatching_a1.5_b1.0_aw1_VTrue_steps1000_bs64_filmv2/H8_K20_Meuler_T0.5_Dfm_visual_aligning.models.visual_gaussian_diffusion.VisualFlowMatching_VTrue_mpc4_filmv2,combined_5,False,post_processing_train_set,3.0,/data/home/llim/FMPCC/FM-PCC/logs/aligning-d3il-visual/plans/fm_visual_aligning/H8_Dfm_visual_aligning.models.visual_gaussian_diffusion.VisualFlowMatching_a1.5_b1.0_aw1_VTrue_steps1000_bs64_filmv2/H8_K20_Meuler_T0.5_Dfm_visual_aligning.models.visual_gaussian_diffusion.VisualFlowMatching_VTrue_mpc4_filmv2/6/results_train_set/combined_5/post_processing_train_set/post_processing_train_set.npz,,
3,H8_K20_Meuler_T0.5_Dfm_visual_aligning.models.visual_gaussian_diffusion.VisualFlowMatching_VTrue_mpc4_filmv2,6,train,combined_5-tightened,diffuser,npz,0.0,,1.0,3,0,0.0,0,0.0,,/data/home/llim/FMPCC/FM-PCC/logs/aligning-d3il-visual/plans/fm_visual_aligning/H8_Dfm_visual_aligning.models.visual_gaussian_diffusion.VisualFlowMatching_a1.5_b1.0_aw1_VTrue_steps1000_bs64_filmv2/H8_K20_Meuler_T0.5_Dfm_visual_aligning.models.visual_gaussian_diffusion.VisualFlowMatching_VTrue_mpc4_filmv2,combined_5,True,diffuser_train_set,3.0,/data/home/llim/FMPCC/FM-PCC/logs/aligning-d3il-visual/plans/fm_visual_aligning/H8_Dfm_visual_aligning.models.visual_gaussian_diffusion.VisualFlowMatching_a1.5_b1.0_aw1_VTrue_steps1000_bs64_filmv2/H8_K20_Meuler_T0.5_Dfm_visual_aligning.models.visual_gaussian_diffusion.VisualFlowMatching_VTrue_mpc4_filmv2/6/results_train_set/combined_5-tightened/diffuser_train_set/diffuser_train_set.npz,,
3,H8_K20_Meuler_T0.5_Dfm_visual_aligning.models.visual_gaussian_diffusion.VisualFlowMatching_VTrue_mpc4_filmv2,6,train,combined_5-tightened,dpcc-c,json,0.0,,1.0,1,0,0.0,0,0.0,,/data/home/llim/FMPCC/FM-PCC/logs/aligning-d3il-visual/plans/fm_visual_aligning/H8_Dfm_visual_aligning.models.visual_gaussian_diffusion.VisualFlowMatching_a1.5_b1.0_aw1_VTrue_steps1000_bs64_filmv2/H8_K20_Meuler_T0.5_Dfm_visual_aligning.models.visual_gaussian_diffusion.VisualFlowMatching_VTrue_mpc4_filmv2,combined_5,True,dpcc-c_train_set,,,1.0,
3,H8_K20_Meuler_T0.5_Dfm_visual_aligning.models.visual_gaussian_diffusion.VisualFlowMatching_VTrue_mpc4_filmv2,6,train,combined_5-tightened,dpcc-r,npz,0.0,,1.0,3,0,0.0,0,0.0,,/data/home/llim/FMPCC/FM-PCC/logs/aligning-d3il-visual/plans/fm_visual_aligning/H8_Dfm_visual_aligning.models.visual_gaussian_diffusion.VisualFlowMatching_a1.5_b1.0_aw1_VTrue_steps1000_bs64_filmv2/H8_K20_Meuler_T0.5_Dfm_visual_aligning.models.visual_gaussian_diffusion.VisualFlowMatching_VTrue_mpc4_filmv2,combined_5,True,dpcc-r_train_set,3.0,/data/home/llim/FMPCC/FM-PCC/logs/aligning-d3il-visual/plans/fm_visual_aligning/H8_Dfm_visual_aligning.models.visual_gaussian_diffusion.VisualFlowMatching_a1.5_b1.0_aw1_VTrue_steps1000_bs64_filmv2/H8_K20_Meuler_T0.5_Dfm_visual_aligning.models.visual_gaussian_diffusion.VisualFlowMatching_VTrue_mpc4_filmv2/6/results_train_set/combined_5-tightened/dpcc-r_train_set/dpcc-r_train_set.npz,,
4,H8_K20_Meuler_T0.5_Dfm_visual_aligning.models.visual_gaussian_diffusion.VisualFlowMatching_VTrue_mpc4_filmv1,6,test,combined_5,bounds_free,npz,0.0,,1.0,30,0,0.0,0,0.0,1.0,/data/home/llim/FMPCC/FM-PCC/logs/aligning-d3il-visual/plans/fm_visual_aligning/H8_Dfm_visual_aligning.models.visual_gaussian_diffusion.VisualFlowMatching_a1.5_b1.0_aw1_VTrue_steps900_bs64_filmv1/H8_K20_Meuler_T0.5_Dfm_visual_aligning.models.visual_gaussian_diffusion.VisualFlowMatching_VTrue_mpc4_filmv1,combined_5,False,bounds_free,30.0,/data/home/llim/FMPCC/FM-PCC/logs/aligning-d3il-visual/plans/fm_visual_aligning/H8_Dfm_visual_aligning.models.visual_gaussian_diffusion.VisualFlowMatching_a1.5_b1.0_aw1_VTrue_steps900_bs64_filmv1/H8_K20_Meuler_T0.5_Dfm_visual_aligning.models.visual_gaussian_diffusion.VisualFlowMatching_VTrue_mpc4_filmv1/6/results/combined_5/bounds_free/bounds_free.npz,,
4,H8_K20_Meuler_T0.5_Dfm_visual_aligning.models.visual_gaussian_diffusion.VisualFlowMatching_VTrue_mpc4_filmv1,6,test,combined_5,diffuser,npz,0.0,,1.0,30,0,0.0,0,0.0,1.0,/data/home/llim/FMPCC/FM-PCC/logs/aligning-d3il-visual/plans/fm_visual_aligning/H8_Dfm_visual_aligning.models.visual_gaussian_diffusion.VisualFlowMatching_a1.5_b1.0_aw1_VTrue_steps900_bs64_filmv1/H8_K20_Meuler_T0.5_Dfm_visual_aligning.models.visual_gaussian_diffusion.VisualFlowMatching_VTrue_mpc4_filmv1,combined_5,False,diffuser,30.0,/data/home/llim/FMPCC/FM-PCC/logs/aligning-d3il-visual/plans/fm_visual_aligning/H8_Dfm_visual_aligning.models.visual_gaussian_diffusion.VisualFlowMatching_a1.5_b1.0_aw1_VTrue_steps900_bs64_filmv1/H8_K20_Meuler_T0.5_Dfm_visual_aligning.models.visual_gaussian_diffusion.VisualFlowMatching_VTrue_mpc4_filmv1/6/results/combined_5/diffuser/diffuser.npz,,
4,H8_K20_Meuler_T0.5_Dfm_visual_aligning.models.visual_gaussian_diffusion.VisualFlowMatching_VTrue_mpc4_filmv1,6,test,combined_5,dpcc-c,npz,0.0,,1.0,30,0,0.0,0,0.0,1.0,/data/home/llim/FMPCC/FM-PCC/logs/aligning-d3il-visual/plans/fm_visual_aligning/H8_Dfm_visual_aligning.models.visual_gaussian_diffusion.VisualFlowMatching_a1.5_b1.0_aw1_VTrue_steps900_bs64_filmv1/H8_K20_Meuler_T0.5_Dfm_visual_aligning.models.visual_gaussian_diffusion.VisualFlowMatching_VTrue_mpc4_filmv1,combined_5,False,dpcc-c,30.0,/data/home/llim/FMPCC/FM-PCC/logs/aligning-d3il-visual/plans/fm_visual_aligning/H8_Dfm_visual_aligning.models.visual_gaussian_diffusion.VisualFlowMatching_a1.5_b1.0_aw1_VTrue_steps900_bs64_filmv1/H8_K20_Meuler_T0.5_Dfm_visual_aligning.models.visual_gaussian_diffusion.VisualFlowMatching_VTrue_mpc4_filmv1/6/results/combined_5/dpcc-c/dpcc-c.npz,,
4,H8_K20_Meuler_T0.5_Dfm_visual_aligning.models.visual_gaussian_diffusion.VisualFlowMatching_VTrue_mpc4_filmv1,6,test,combined_5,dpcc-r,npz,0.0,,1.0,30,0,0.0,0,0.0,1.0,/data/home/llim/FMPCC/FM-PCC/logs/aligning-d3il-visual/plans/fm_visual_aligning/H8_Dfm_visual_aligning.models.visual_gaussian_diffusion.VisualFlowMatching_a1.5_b1.0_aw1_VTrue_steps900_bs64_filmv1/H8_K20_Meuler_T0.5_Dfm_visual_aligning.models.visual_gaussian_diffusion.VisualFlowMatching_VTrue_mpc4_filmv1,combined_5,False,dpcc-r,30.0,/data/home/llim/FMPCC/FM-PCC/logs/aligning-d3il-visual/plans/fm_visual_aligning/H8_Dfm_visual_aligning.models.visual_gaussian_diffusion.VisualFlowMatching_a1.5_b1.0_aw1_VTrue_steps900_bs64_filmv1/H8_K20_Meuler_T0.5_Dfm_visual_aligning.models.visual_gaussian_diffusion.VisualFlowMatching_VTrue_mpc4_filmv1/6/results/combined_5/dpcc-r/dpcc-r.npz,,
4,H8_K20_Meuler_T0.5_Dfm_visual_aligning.models.visual_gaussian_diffusion.VisualFlowMatching_VTrue_mpc4_filmv1,6,test,combined_5,dpcc-t,npz,0.0,,1.0,30,0,0.0,0,0.0,1.0,/data/home/llim/FMPCC/FM-PCC/logs/aligning-d3il-visual/plans/fm_visual_aligning/H8_Dfm_visual_aligning.models.visual_gaussian_diffusion.VisualFlowMatching_a1.5_b1.0_aw1_VTrue_steps900_bs64_filmv1/H8_K20_Meuler_T0.5_Dfm_visual_aligning.models.visual_gaussian_diffusion.VisualFlowMatching_VTrue_mpc4_filmv1,combined_5,False,dpcc-t,30.0,/data/home/llim/FMPCC/FM-PCC/logs/aligning-d3il-visual/plans/fm_visual_aligning/H8_Dfm_visual_aligning.models.visual_gaussian_diffusion.VisualFlowMatching_a1.5_b1.0_aw1_VTrue_steps900_bs64_filmv1/H8_K20_Meuler_T0.5_Dfm_visual_aligning.models.visual_gaussian_diffusion.VisualFlowMatching_VTrue_mpc4_filmv1/6/results/combined_5/dpcc-t/dpcc-t.npz,,
4,H8_K20_Meuler_T0.5_Dfm_visual_aligning.models.visual_gaussian_diffusion.VisualFlowMatching_VTrue_mpc4_filmv1,6,test,combined_5,geo_free,npz,0.0,,1.0,30,0,0.0,0,0.0,1.0,/data/home/llim/FMPCC/FM-PCC/logs/aligning-d3il-visual/plans/fm_visual_aligning/H8_Dfm_visual_aligning.models.visual_gaussian_diffusion.VisualFlowMatching_a1.5_b1.0_aw1_VTrue_steps900_bs64_filmv1/H8_K20_Meuler_T0.5_Dfm_visual_aligning.models.visual_gaussian_diffusion.VisualFlowMatching_VTrue_mpc4_filmv1,combined_5,False,geo_free,30.0,/data/home/llim/FMPCC/FM-PCC/logs/aligning-d3il-visual/plans/fm_visual_aligning/H8_Dfm_visual_aligning.models.visual_gaussian_diffusion.VisualFlowMatching_a1.5_b1.0_aw1_VTrue_steps900_bs64_filmv1/H8_K20_Meuler_T0.5_Dfm_visual_aligning.models.visual_gaussian_diffusion.VisualFlowMatching_VTrue_mpc4_filmv1/6/results/combined_5/geo_free/geo_free.npz,,
4,H8_K20_Meuler_T0.5_Dfm_visual_aligning.models.visual_gaussian_diffusion.VisualFlowMatching_VTrue_mpc4_filmv1,6,test,combined_5,geo_free-bounds_free,npz,0.0,,1.0,30,0,0.0,0,0.0,1.0,/data/home/llim/FMPCC/FM-PCC/logs/aligning-d3il-visual/plans/fm_visual_aligning/H8_Dfm_visual_aligning.models.visual_gaussian_diffusion.VisualFlowMatching_a1.5_b1.0_aw1_VTrue_steps900_bs64_filmv1/H8_K20_Meuler_T0.5_Dfm_visual_aligning.models.visual_gaussian_diffusion.VisualFlowMatching_VTrue_mpc4_filmv1,combined_5,False,geo_free-bounds_free,30.0,/data/home/llim/FMPCC/FM-PCC/logs/aligning-d3il-visual/plans/fm_visual_aligning/H8_Dfm_visual_aligning.models.visual_gaussian_diffusion.VisualFlowMatching_a1.5_b1.0_aw1_VTrue_steps900_bs64_filmv1/H8_K20_Meuler_T0.5_Dfm_visual_aligning.models.visual_gaussian_diffusion.VisualFlowMatching_VTrue_mpc4_filmv1/6/results/combined_5/geo_free-bounds_free/geo_free-bounds_free.npz,,
4,H8_K20_Meuler_T0.5_Dfm_visual_aligning.models.visual_gaussian_diffusion.VisualFlowMatching_VTrue_mpc4_filmv1,6,test,combined_5,geo_free-model_free,json,0.0,,1.0,3,0,0.0,0,0.0,,/data/home/llim/FMPCC/FM-PCC/logs/aligning-d3il-visual/plans/fm_visual_aligning/H8_Dfm_visual_aligning.models.visual_gaussian_diffusion.VisualFlowMatching_a1.5_b1.0_aw1_VTrue_steps900_bs64_filmv1/H8_K20_Meuler_T0.5_Dfm_visual_aligning.models.visual_gaussian_diffusion.VisualFlowMatching_VTrue_mpc4_filmv1,combined_5,False,geo_free-model_free,,,1.0,
4,H8_K20_Meuler_T0.5_Dfm_visual_aligning.models.visual_gaussian_diffusion.VisualFlowMatching_VTrue_mpc4_filmv1,6,test,combined_5,gradient,npz,0.0,,1.0,30,0,0.0,0,0.0,1.0,/data/home/llim/FMPCC/FM-PCC/logs/aligning-d3il-visual/plans/fm_visual_aligning/H8_Dfm_visual_aligning.models.visual_gaussian_diffusion.VisualFlowMatching_a1.5_b1.0_aw1_VTrue_steps900_bs64_filmv1/H8_K20_Meuler_T0.5_Dfm_visual_aligning.models.visual_gaussian_diffusion.VisualFlowMatching_VTrue_mpc4_filmv1,combined_5,False,gradient,30.0,/data/home/llim/FMPCC/FM-PCC/logs/aligning-d3il-visual/plans/fm_visual_aligning/H8_Dfm_visual_aligning.models.visual_gaussian_diffusion.VisualFlowMatching_a1.5_b1.0_aw1_VTrue_steps900_bs64_filmv1/H8_K20_Meuler_T0.5_Dfm_visual_aligning.models.visual_gaussian_diffusion.VisualFlowMatching_VTrue_mpc4_filmv1/6/results/combined_5/gradient/gradient.npz,,
4,H8_K20_Meuler_T0.5_Dfm_visual_aligning.models.visual_gaussian_diffusion.VisualFlowMatching_VTrue_mpc4_filmv1,6,test,combined_5,model_free,npz,0.0,,1.0,30,0,0.0,0,0.0,1.0,/data/home/llim/FMPCC/FM-PCC/logs/aligning-d3il-visual/plans/fm_visual_aligning/H8_Dfm_visual_aligning.models.visual_gaussian_diffusion.VisualFlowMatching_a1.5_b1.0_aw1_VTrue_steps900_bs64_filmv1/H8_K20_Meuler_T0.5_Dfm_visual_aligning.models.visual_gaussian_diffusion.VisualFlowMatching_VTrue_mpc4_filmv1,combined_5,False,model_free,30.0,/data/home/llim/FMPCC/FM-PCC/logs/aligning-d3il-visual/plans/fm_visual_aligning/H8_Dfm_visual_aligning.models.visual_gaussian_diffusion.VisualFlowMatching_a1.5_b1.0_aw1_VTrue_steps900_bs64_filmv1/H8_K20_Meuler_T0.5_Dfm_visual_aligning.models.visual_gaussian_diffusion.VisualFlowMatching_VTrue_mpc4_filmv1/6/results/combined_5/model_free/model_free.npz,,
4,H8_K20_Meuler_T0.5_Dfm_visual_aligning.models.visual_gaussian_diffusion.VisualFlowMatching_VTrue_mpc4_filmv1,6,test,combined_5,post_processing,npz,0.0,,1.0,30,0,0.0,0,0.0,1.0,/data/home/llim/FMPCC/FM-PCC/logs/aligning-d3il-visual/plans/fm_visual_aligning/H8_Dfm_visual_aligning.models.visual_gaussian_diffusion.VisualFlowMatching_a1.5_b1.0_aw1_VTrue_steps900_bs64_filmv1/H8_K20_Meuler_T0.5_Dfm_visual_aligning.models.visual_gaussian_diffusion.VisualFlowMatching_VTrue_mpc4_filmv1,combined_5,False,post_processing,30.0,/data/home/llim/FMPCC/FM-PCC/logs/aligning-d3il-visual/plans/fm_visual_aligning/H8_Dfm_visual_aligning.models.visual_gaussian_diffusion.VisualFlowMatching_a1.5_b1.0_aw1_VTrue_steps900_bs64_filmv1/H8_K20_Meuler_T0.5_Dfm_visual_aligning.models.visual_gaussian_diffusion.VisualFlowMatching_VTrue_mpc4_filmv1/6/results/combined_5/post_processing/post_processing.npz,,
4,H8_K20_Meuler_T0.5_Dfm_visual_aligning.models.visual_gaussian_diffusion.VisualFlowMatching_VTrue_mpc4_filmv1,6,train,combined_5,diffuser,npz,0.0,,1.0,3,0,0.0,0,0.0,,/data/home/llim/FMPCC/FM-PCC/logs/aligning-d3il-visual/plans/fm_visual_aligning/H8_Dfm_visual_aligning.models.visual_gaussian_diffusion.VisualFlowMatching_a1.5_b1.0_aw1_VTrue_steps900_bs64_filmv1/H8_K20_Meuler_T0.5_Dfm_visual_aligning.models.visual_gaussian_diffusion.VisualFlowMatching_VTrue_mpc4_filmv1,combined_5,False,diffuser_train_set,3.0,/data/home/llim/FMPCC/FM-PCC/logs/aligning-d3il-visual/plans/fm_visual_aligning/H8_Dfm_visual_aligning.models.visual_gaussian_diffusion.VisualFlowMatching_a1.5_b1.0_aw1_VTrue_steps900_bs64_filmv1/H8_K20_Meuler_T0.5_Dfm_visual_aligning.models.visual_gaussian_diffusion.VisualFlowMatching_VTrue_mpc4_filmv1/6/results_train_set/combined_5/diffuser_train_set/diffuser_train_set.npz,,
4,H8_K20_Meuler_T0.5_Dfm_visual_aligning.models.visual_gaussian_diffusion.VisualFlowMatching_VTrue_mpc4_filmv1,6,train,combined_5,dpcc-c,npz,0.0,,1.0,3,0,0.0,0,0.0,,/data/home/llim/FMPCC/FM-PCC/logs/aligning-d3il-visual/plans/fm_visual_aligning/H8_Dfm_visual_aligning.models.visual_gaussian_diffusion.VisualFlowMatching_a1.5_b1.0_aw1_VTrue_steps900_bs64_filmv1/H8_K20_Meuler_T0.5_Dfm_visual_aligning.models.visual_gaussian_diffusion.VisualFlowMatching_VTrue_mpc4_filmv1,combined_5,False,dpcc-c_train_set,3.0,/data/home/llim/FMPCC/FM-PCC/logs/aligning-d3il-visual/plans/fm_visual_aligning/H8_Dfm_visual_aligning.models.visual_gaussian_diffusion.VisualFlowMatching_a1.5_b1.0_aw1_VTrue_steps900_bs64_filmv1/H8_K20_Meuler_T0.5_Dfm_visual_aligning.models.visual_gaussian_diffusion.VisualFlowMatching_VTrue_mpc4_filmv1/6/results_train_set/combined_5/dpcc-c_train_set/dpcc-c_train_set.npz,,
4,H8_K20_Meuler_T0.5_Dfm_visual_aligning.models.visual_gaussian_diffusion.VisualFlowMatching_VTrue_mpc4_filmv1,6,train,combined_5,dpcc-t,npz,0.0,,1.0,3,0,0.0,0,0.0,,/data/home/llim/FMPCC/FM-PCC/logs/aligning-d3il-visual/plans/fm_visual_aligning/H8_Dfm_visual_aligning.models.visual_gaussian_diffusion.VisualFlowMatching_a1.5_b1.0_aw1_VTrue_steps900_bs64_filmv1/H8_K20_Meuler_T0.5_Dfm_visual_aligning.models.visual_gaussian_diffusion.VisualFlowMatching_VTrue_mpc4_filmv1,combined_5,False,dpcc-t_train_set,3.0,/data/home/llim/FMPCC/FM-PCC/logs/aligning-d3il-visual/plans/fm_visual_aligning/H8_Dfm_visual_aligning.models.visual_gaussian_diffusion.VisualFlowMatching_a1.5_b1.0_aw1_VTrue_steps900_bs64_filmv1/H8_K20_Meuler_T0.5_Dfm_visual_aligning.models.visual_gaussian_diffusion.VisualFlowMatching_VTrue_mpc4_filmv1/6/results_train_set/combined_5/dpcc-t_train_set/dpcc-t_train_set.npz,,
4,H8_K20_Meuler_T0.5_Dfm_visual_aligning.models.visual_gaussian_diffusion.VisualFlowMatching_VTrue_mpc4_filmv1,6,train,combined_5,model_free,npz,0.0,,1.0,3,0,0.0,0,0.0,,/data/home/llim/FMPCC/FM-PCC/logs/aligning-d3il-visual/plans/fm_visual_aligning/H8_Dfm_visual_aligning.models.visual_gaussian_diffusion.VisualFlowMatching_a1.5_b1.0_aw1_VTrue_steps900_bs64_filmv1/H8_K20_Meuler_T0.5_Dfm_visual_aligning.models.visual_gaussian_diffusion.VisualFlowMatching_VTrue_mpc4_filmv1,combined_5,False,model_free_train_set,3.0,/data/home/llim/FMPCC/FM-PCC/logs/aligning-d3il-visual/plans/fm_visual_aligning/H8_Dfm_visual_aligning.models.visual_gaussian_diffusion.VisualFlowMatching_a1.5_b1.0_aw1_VTrue_steps900_bs64_filmv1/H8_K20_Meuler_T0.5_Dfm_visual_aligning.models.visual_gaussian_diffusion.VisualFlowMatching_VTrue_mpc4_filmv1/6/results_train_set/combined_5/model_free_train_set/model_free_train_set.npz,,
4,H8_K20_Meuler_T0.5_Dfm_visual_aligning.models.visual_gaussian_diffusion.VisualFlowMatching_VTrue_mpc4_filmv1,6,train,combined_5,post_processing,npz,0.0,,1.0,3,0,0.0,0,0.0,,/data/home/llim/FMPCC/FM-PCC/logs/aligning-d3il-visual/plans/fm_visual_aligning/H8_Dfm_visual_aligning.models.visual_gaussian_diffusion.VisualFlowMatching_a1.5_b1.0_aw1_VTrue_steps900_bs64_filmv1/H8_K20_Meuler_T0.5_Dfm_visual_aligning.models.visual_gaussian_diffusion.VisualFlowMatching_VTrue_mpc4_filmv1,combined_5,False,post_processing_train_set,3.0,/data/home/llim/FMPCC/FM-PCC/logs/aligning-d3il-visual/plans/fm_visual_aligning/H8_Dfm_visual_aligning.models.visual_gaussian_diffusion.VisualFlowMatching_a1.5_b1.0_aw1_VTrue_steps900_bs64_filmv1/H8_K20_Meuler_T0.5_Dfm_visual_aligning.models.visual_gaussian_diffusion.VisualFlowMatching_VTrue_mpc4_filmv1/6/results_train_set/combined_5/post_processing_train_set/post_processing_train_set.npz,,
4,H8_K20_Meuler_T0.5_Dfm_visual_aligning.models.visual_gaussian_diffusion.VisualFlowMatching_VTrue_mpc4_filmv1,6,train,combined_5-tightened,diffuser,npz,0.0,,1.0,3,0,0.0,0,0.0,,/data/home/llim/FMPCC/FM-PCC/logs/aligning-d3il-visual/plans/fm_visual_aligning/H8_Dfm_visual_aligning.models.visual_gaussian_diffusion.VisualFlowMatching_a1.5_b1.0_aw1_VTrue_steps900_bs64_filmv1/H8_K20_Meuler_T0.5_Dfm_visual_aligning.models.visual_gaussian_diffusion.VisualFlowMatching_VTrue_mpc4_filmv1,combined_5,True,diffuser_train_set,3.0,/data/home/llim/FMPCC/FM-PCC/logs/aligning-d3il-visual/plans/fm_visual_aligning/H8_Dfm_visual_aligning.models.visual_gaussian_diffusion.VisualFlowMatching_a1.5_b1.0_aw1_VTrue_steps900_bs64_filmv1/H8_K20_Meuler_T0.5_Dfm_visual_aligning.models.visual_gaussian_diffusion.VisualFlowMatching_VTrue_mpc4_filmv1/6/results_train_set/combined_5-tightened/diffuser_train_set/diffuser_train_set.npz,,
4,H8_K20_Meuler_T0.5_Dfm_visual_aligning.models.visual_gaussian_diffusion.VisualFlowMatching_VTrue_mpc4_filmv1,6,train,combined_5-tightened,dpcc-c,npz,0.0,,1.0,3,0,0.0,0,0.0,,/data/home/llim/FMPCC/FM-PCC/logs/aligning-d3il-visual/plans/fm_visual_aligning/H8_Dfm_visual_aligning.models.visual_gaussian_diffusion.VisualFlowMatching_a1.5_b1.0_aw1_VTrue_steps900_bs64_filmv1/H8_K20_Meuler_T0.5_Dfm_visual_aligning.models.visual_gaussian_diffusion.VisualFlowMatching_VTrue_mpc4_filmv1,combined_5,True,dpcc-c_train_set,3.0,/data/home/llim/FMPCC/FM-PCC/logs/aligning-d3il-visual/plans/fm_visual_aligning/H8_Dfm_visual_aligning.models.visual_gaussian_diffusion.VisualFlowMatching_a1.5_b1.0_aw1_VTrue_steps900_bs64_filmv1/H8_K20_Meuler_T0.5_Dfm_visual_aligning.models.visual_gaussian_diffusion.VisualFlowMatching_VTrue_mpc4_filmv1/6/results_train_set/combined_5-tightened/dpcc-c_train_set/dpcc-c_train_set.npz,,
4,H8_K20_Meuler_T0.5_Dfm_visual_aligning.models.visual_gaussian_diffusion.VisualFlowMatching_VTrue_mpc4_filmv1,6,train,combined_5-tightened,dpcc-t,npz,0.0,,1.0,3,0,0.0,0,0.0,,/data/home/llim/FMPCC/FM-PCC/logs/aligning-d3il-visual/plans/fm_visual_aligning/H8_Dfm_visual_aligning.models.visual_gaussian_diffusion.VisualFlowMatching_a1.5_b1.0_aw1_VTrue_steps900_bs64_filmv1/H8_K20_Meuler_T0.5_Dfm_visual_aligning.models.visual_gaussian_diffusion.VisualFlowMatching_VTrue_mpc4_filmv1,combined_5,True,dpcc-t_train_set,3.0,/data/home/llim/FMPCC/FM-PCC/logs/aligning-d3il-visual/plans/fm_visual_aligning/H8_Dfm_visual_aligning.models.visual_gaussian_diffusion.VisualFlowMatching_a1.5_b1.0_aw1_VTrue_steps900_bs64_filmv1/H8_K20_Meuler_T0.5_Dfm_visual_aligning.models.visual_gaussian_diffusion.VisualFlowMatching_VTrue_mpc4_filmv1/6/results_train_set/combined_5-tightened/dpcc-t_train_set/dpcc-t_train_set.npz,,
4,H8_K20_Meuler_T0.5_Dfm_visual_aligning.models.visual_gaussian_diffusion.VisualFlowMatching_VTrue_mpc4_filmv1,6,train,combined_5-tightened,model_free,npz,0.0,,1.0,3,0,0.0,0,0.0,,/data/home/llim/FMPCC/FM-PCC/logs/aligning-d3il-visual/plans/fm_visual_aligning/H8_Dfm_visual_aligning.models.visual_gaussian_diffusion.VisualFlowMatching_a1.5_b1.0_aw1_VTrue_steps900_bs64_filmv1/H8_K20_Meuler_T0.5_Dfm_visual_aligning.models.visual_gaussian_diffusion.VisualFlowMatching_VTrue_mpc4_filmv1,combined_5,True,model_free_train_set,3.0,/data/home/llim/FMPCC/FM-PCC/logs/aligning-d3il-visual/plans/fm_visual_aligning/H8_Dfm_visual_aligning.models.visual_gaussian_diffusion.VisualFlowMatching_a1.5_b1.0_aw1_VTrue_steps900_bs64_filmv1/H8_K20_Meuler_T0.5_Dfm_visual_aligning.models.visual_gaussian_diffusion.VisualFlowMatching_VTrue_mpc4_filmv1/6/results_train_set/combined_5-tightened/model_free_train_set/model_free_train_set.npz,,
4,H8_K20_Meuler_T0.5_Dfm_visual_aligning.models.visual_gaussian_diffusion.VisualFlowMatching_VTrue_mpc4_filmv1,6,train,combined_5-tightened,post_processing,npz,0.0,,1.0,3,0,0.0,0,0.0,,/data/home/llim/FMPCC/FM-PCC/logs/aligning-d3il-visual/plans/fm_visual_aligning/H8_Dfm_visual_aligning.models.visual_gaussian_diffusion.VisualFlowMatching_a1.5_b1.0_aw1_VTrue_steps900_bs64_filmv1/H8_K20_Meuler_T0.5_Dfm_visual_aligning.models.visual_gaussian_diffusion.VisualFlowMatching_VTrue_mpc4_filmv1,combined_5,True,post_processing_train_set,3.0,/data/home/llim/FMPCC/FM-PCC/logs/aligning-d3il-visual/plans/fm_visual_aligning/H8_Dfm_visual_aligning.models.visual_gaussian_diffusion.VisualFlowMatching_a1.5_b1.0_aw1_VTrue_steps900_bs64_filmv1/H8_K20_Meuler_T0.5_Dfm_visual_aligning.models.visual_gaussian_diffusion.VisualFlowMatching_VTrue_mpc4_filmv1/6/results_train_set/combined_5-tightened/post_processing_train_set/post_processing_train_set.npz,,
4,H8_K20_Meuler_T0.5_Dfm_visual_aligning.models.visual_gaussian_diffusion.VisualFlowMatching_VTrue_mpc4_filmv1,6,train,dynamics_only,diffuser,npz,0.0,,1.0,3,0,0.0,0,0.0,,/data/home/llim/FMPCC/FM-PCC/logs/aligning-d3il-visual/plans/fm_visual_aligning/H8_Dfm_visual_aligning.models.visual_gaussian_diffusion.VisualFlowMatching_a1.5_b1.0_aw1_VTrue_steps900_bs64_filmv1/H8_K20_Meuler_T0.5_Dfm_visual_aligning.models.visual_gaussian_diffusion.VisualFlowMatching_VTrue_mpc4_filmv1,dynamics_only,False,diffuser_train_set,3.0,/data/home/llim/FMPCC/FM-PCC/logs/aligning-d3il-visual/plans/fm_visual_aligning/H8_Dfm_visual_aligning.models.visual_gaussian_diffusion.VisualFlowMatching_a1.5_b1.0_aw1_VTrue_steps900_bs64_filmv1/H8_K20_Meuler_T0.5_Dfm_visual_aligning.models.visual_gaussian_diffusion.VisualFlowMatching_VTrue_mpc4_filmv1/6/results_train_set/dynamics_only/diffuser_train_set/diffuser_train_set.npz,,
4,H8_K20_Meuler_T0.5_Dfm_visual_aligning.models.visual_gaussian_diffusion.VisualFlowMatching_VTrue_mpc4_filmv1,6,train,dynamics_only,dpcc-c,npz,0.0,,1.0,3,0,0.0,0,0.0,,/data/home/llim/FMPCC/FM-PCC/logs/aligning-d3il-visual/plans/fm_visual_aligning/H8_Dfm_visual_aligning.models.visual_gaussian_diffusion.VisualFlowMatching_a1.5_b1.0_aw1_VTrue_steps900_bs64_filmv1/H8_K20_Meuler_T0.5_Dfm_visual_aligning.models.visual_gaussian_diffusion.VisualFlowMatching_VTrue_mpc4_filmv1,dynamics_only,False,dpcc-c_train_set,3.0,/data/home/llim/FMPCC/FM-PCC/logs/aligning-d3il-visual/plans/fm_visual_aligning/H8_Dfm_visual_aligning.models.visual_gaussian_diffusion.VisualFlowMatching_a1.5_b1.0_aw1_VTrue_steps900_bs64_filmv1/H8_K20_Meuler_T0.5_Dfm_visual_aligning.models.visual_gaussian_diffusion.VisualFlowMatching_VTrue_mpc4_filmv1/6/results_train_set/dynamics_only/dpcc-c_train_set/dpcc-c_train_set.npz,,
4,H8_K20_Meuler_T0.5_Dfm_visual_aligning.models.visual_gaussian_diffusion.VisualFlowMatching_VTrue_mpc4_filmv1,6,train,dynamics_only,dpcc-t,npz,0.0,,1.0,3,0,0.0,0,0.0,,/data/home/llim/FMPCC/FM-PCC/logs/aligning-d3il-visual/plans/fm_visual_aligning/H8_Dfm_visual_aligning.models.visual_gaussian_diffusion.VisualFlowMatching_a1.5_b1.0_aw1_VTrue_steps900_bs64_filmv1/H8_K20_Meuler_T0.5_Dfm_visual_aligning.models.visual_gaussian_diffusion.VisualFlowMatching_VTrue_mpc4_filmv1,dynamics_only,False,dpcc-t_train_set,3.0,/data/home/llim/FMPCC/FM-PCC/logs/aligning-d3il-visual/plans/fm_visual_aligning/H8_Dfm_visual_aligning.models.visual_gaussian_diffusion.VisualFlowMatching_a1.5_b1.0_aw1_VTrue_steps900_bs64_filmv1/H8_K20_Meuler_T0.5_Dfm_visual_aligning.models.visual_gaussian_diffusion.VisualFlowMatching_VTrue_mpc4_filmv1/6/results_train_set/dynamics_only/dpcc-t_train_set/dpcc-t_train_set.npz,,
4,H8_K20_Meuler_T0.5_Dfm_visual_aligning.models.visual_gaussian_diffusion.VisualFlowMatching_VTrue_mpc4_filmv1,6,train,dynamics_only,model_free,npz,0.0,,1.0,3,0,0.0,0,0.0,,/data/home/llim/FMPCC/FM-PCC/logs/aligning-d3il-visual/plans/fm_visual_aligning/H8_Dfm_visual_aligning.models.visual_gaussian_diffusion.VisualFlowMatching_a1.5_b1.0_aw1_VTrue_steps900_bs64_filmv1/H8_K20_Meuler_T0.5_Dfm_visual_aligning.models.visual_gaussian_diffusion.VisualFlowMatching_VTrue_mpc4_filmv1,dynamics_only,False,model_free_train_set,3.0,/data/home/llim/FMPCC/FM-PCC/logs/aligning-d3il-visual/plans/fm_visual_aligning/H8_Dfm_visual_aligning.models.visual_gaussian_diffusion.VisualFlowMatching_a1.5_b1.0_aw1_VTrue_steps900_bs64_filmv1/H8_K20_Meuler_T0.5_Dfm_visual_aligning.models.visual_gaussian_diffusion.VisualFlowMatching_VTrue_mpc4_filmv1/6/results_train_set/dynamics_only/model_free_train_set/model_free_train_set.npz,,
4,H8_K20_Meuler_T0.5_Dfm_visual_aligning.models.visual_gaussian_diffusion.VisualFlowMatching_VTrue_mpc4_filmv1,6,train,dynamics_only,post_processing,npz,0.0,,1.0,3,0,0.0,0,0.0,,/data/home/llim/FMPCC/FM-PCC/logs/aligning-d3il-visual/plans/fm_visual_aligning/H8_Dfm_visual_aligning.models.visual_gaussian_diffusion.VisualFlowMatching_a1.5_b1.0_aw1_VTrue_steps900_bs64_filmv1/H8_K20_Meuler_T0.5_Dfm_visual_aligning.models.visual_gaussian_diffusion.VisualFlowMatching_VTrue_mpc4_filmv1,dynamics_only,False,post_processing_train_set,3.0,/data/home/llim/FMPCC/FM-PCC/logs/aligning-d3il-visual/plans/fm_visual_aligning/H8_Dfm_visual_aligning.models.visual_gaussian_diffusion.VisualFlowMatching_a1.5_b1.0_aw1_VTrue_steps900_bs64_filmv1/H8_K20_Meuler_T0.5_Dfm_visual_aligning.models.visual_gaussian_diffusion.VisualFlowMatching_VTrue_mpc4_filmv1/6/results_train_set/dynamics_only/post_processing_train_set/post_processing_train_set.npz,,
5,H8_K100_Meuler_T0.5_Dmix_visual_aligning.models.visual_af_diffusion.VisualAlphaFlow_VTrue_mpc4_filmv1_Eaf,6,train,combined_5,diffuser,npz,0.0,,1.0,30,0,0.0,0,0.0,1.0,/data/home/llim/FMPCC/FM-PCC/logs/aligning-d3il-visual/plans/mix_visual_aligning_af/H8_Dmix_visual_aligning.models.visual_af_diffusion.VisualAlphaFlow_a1.5_b1.0_aw1_VTrue_steps1000_bs64_filmv1_Eaf_tslogit_normal_afschsigmoid/H8_K100_Meuler_T0.5_Dmix_visual_aligning.models.visual_af_diffusion.VisualAlphaFlow_VTrue_mpc4_filmv1_Eaf,combined_5,False,diffuser_train_set,30.0,/data/home/llim/FMPCC/FM-PCC/logs/aligning-d3il-visual/plans/mix_visual_aligning_af/H8_Dmix_visual_aligning.models.visual_af_diffusion.VisualAlphaFlow_a1.5_b1.0_aw1_VTrue_steps1000_bs64_filmv1_Eaf_tslogit_normal_afschsigmoid/H8_K100_Meuler_T0.5_Dmix_visual_aligning.models.visual_af_diffusion.VisualAlphaFlow_VTrue_mpc4_filmv1_Eaf/6/results_train_set/combined_5/diffuser_train_set/diffuser_train_set.npz,,
5,H8_K100_Meuler_T0.5_Dmix_visual_aligning.models.visual_af_diffusion.VisualAlphaFlow_VTrue_mpc4_filmv1_Eaf,6,train,combined_5,dpcc-r,json,0.0,,1.0,11,0,0.0,0,0.0,,/data/home/llim/FMPCC/FM-PCC/logs/aligning-d3il-visual/plans/mix_visual_aligning_af/H8_Dmix_visual_aligning.models.visual_af_diffusion.VisualAlphaFlow_a1.5_b1.0_aw1_VTrue_steps1000_bs64_filmv1_Eaf_tslogit_normal_afschsigmoid/H8_K100_Meuler_T0.5_Dmix_visual_aligning.models.visual_af_diffusion.VisualAlphaFlow_VTrue_mpc4_filmv1_Eaf,combined_5,False,dpcc-r_train_set,,,1.0,
6,H8_K2_Meuler_T0.5_Dmix_visual_aligning.models.visual_af_diffusion.VisualAlphaFlow_VTrue_mpc4_filmv1_Eaf,6,train,combined_5,bounds_free,npz,0.0,,1.0,30,0,0.0,0,0.0,1.0,/data/home/llim/FMPCC/FM-PCC/logs/aligning-d3il-visual/plans/mix_visual_aligning_af/H8_Dmix_visual_aligning.models.visual_af_diffusion.VisualAlphaFlow_a1.5_b1.0_aw1_VTrue_steps1000_bs64_filmv1_Eaf_tslogit_normal_afschsigmoid/H8_K2_Meuler_T0.5_Dmix_visual_aligning.models.visual_af_diffusion.VisualAlphaFlow_VTrue_mpc4_filmv1_Eaf,combined_5,False,bounds_free_train_set,30.0,/data/home/llim/FMPCC/FM-PCC/logs/aligning-d3il-visual/plans/mix_visual_aligning_af/H8_Dmix_visual_aligning.models.visual_af_diffusion.VisualAlphaFlow_a1.5_b1.0_aw1_VTrue_steps1000_bs64_filmv1_Eaf_tslogit_normal_afschsigmoid/H8_K2_Meuler_T0.5_Dmix_visual_aligning.models.visual_af_diffusion.VisualAlphaFlow_VTrue_mpc4_filmv1_Eaf/6/results_train_set/combined_5/bounds_free_train_set/bounds_free_train_set.npz,,
6,H8_K2_Meuler_T0.5_Dmix_visual_aligning.models.visual_af_diffusion.VisualAlphaFlow_VTrue_mpc4_filmv1_Eaf,6,train,combined_5,diffuser,npz,0.0,,1.0,30,0,0.0,0,0.0,1.0,/data/home/llim/FMPCC/FM-PCC/logs/aligning-d3il-visual/plans/mix_visual_aligning_af/H8_Dmix_visual_aligning.models.visual_af_diffusion.VisualAlphaFlow_a1.5_b1.0_aw1_VTrue_steps1000_bs64_filmv1_Eaf_tslogit_normal_afschsigmoid/H8_K2_Meuler_T0.5_Dmix_visual_aligning.models.visual_af_diffusion.VisualAlphaFlow_VTrue_mpc4_filmv1_Eaf,combined_5,False,diffuser_train_set,30.0,/data/home/llim/FMPCC/FM-PCC/logs/aligning-d3il-visual/plans/mix_visual_aligning_af/H8_Dmix_visual_aligning.models.visual_af_diffusion.VisualAlphaFlow_a1.5_b1.0_aw1_VTrue_steps1000_bs64_filmv1_Eaf_tslogit_normal_afschsigmoid/H8_K2_Meuler_T0.5_Dmix_visual_aligning.models.visual_af_diffusion.VisualAlphaFlow_VTrue_mpc4_filmv1_Eaf/6/results_train_set/combined_5/diffuser_train_set/diffuser_train_set.npz,,
6,H8_K2_Meuler_T0.5_Dmix_visual_aligning.models.visual_af_diffusion.VisualAlphaFlow_VTrue_mpc4_filmv1_Eaf,6,train,combined_5,dpcc-c,npz,0.0,,1.0,30,0,0.0,0,0.0,1.0,/data/home/llim/FMPCC/FM-PCC/logs/aligning-d3il-visual/plans/mix_visual_aligning_af/H8_Dmix_visual_aligning.models.visual_af_diffusion.VisualAlphaFlow_a1.5_b1.0_aw1_VTrue_steps1000_bs64_filmv1_Eaf_tslogit_normal_afschsigmoid/H8_K2_Meuler_T0.5_Dmix_visual_aligning.models.visual_af_diffusion.VisualAlphaFlow_VTrue_mpc4_filmv1_Eaf,combined_5,False,dpcc-c_train_set,30.0,/data/home/llim/FMPCC/FM-PCC/logs/aligning-d3il-visual/plans/mix_visual_aligning_af/H8_Dmix_visual_aligning.models.visual_af_diffusion.VisualAlphaFlow_a1.5_b1.0_aw1_VTrue_steps1000_bs64_filmv1_Eaf_tslogit_normal_afschsigmoid/H8_K2_Meuler_T0.5_Dmix_visual_aligning.models.visual_af_diffusion.VisualAlphaFlow_VTrue_mpc4_filmv1_Eaf/6/results_train_set/combined_5/dpcc-c_train_set/dpcc-c_train_set.npz,,
6,H8_K2_Meuler_T0.5_Dmix_visual_aligning.models.visual_af_diffusion.VisualAlphaFlow_VTrue_mpc4_filmv1_Eaf,6,train,combined_5,dpcc-c-dt0p25,npz,0.0,,1.0,30,0,0.0,0,0.0,1.0,/data/home/llim/FMPCC/FM-PCC/logs/aligning-d3il-visual/plans/mix_visual_aligning_af/H8_Dmix_visual_aligning.models.visual_af_diffusion.VisualAlphaFlow_a1.5_b1.0_aw1_VTrue_steps1000_bs64_filmv1_Eaf_tslogit_normal_afschsigmoid/H8_K2_Meuler_T0.5_Dmix_visual_aligning.models.visual_af_diffusion.VisualAlphaFlow_VTrue_mpc4_filmv1_Eaf,combined_5,False,dpcc-c-dt0p25_train_set,30.0,/data/home/llim/FMPCC/FM-PCC/logs/aligning-d3il-visual/plans/mix_visual_aligning_af/H8_Dmix_visual_aligning.models.visual_af_diffusion.VisualAlphaFlow_a1.5_b1.0_aw1_VTrue_steps1000_bs64_filmv1_Eaf_tslogit_normal_afschsigmoid/H8_K2_Meuler_T0.5_Dmix_visual_aligning.models.visual_af_diffusion.VisualAlphaFlow_VTrue_mpc4_filmv1_Eaf/6/results_train_set/combined_5/dpcc-c-dt0p25_train_set/dpcc-c-dt0p25_train_set.npz,,
6,H8_K2_Meuler_T0.5_Dmix_visual_aligning.models.visual_af_diffusion.VisualAlphaFlow_VTrue_mpc4_filmv1_Eaf,6,train,combined_5,dpcc-c-dt0p5,npz,0.0,,1.0,30,0,0.0,0,0.0,1.0,/data/home/llim/FMPCC/FM-PCC/logs/aligning-d3il-visual/plans/mix_visual_aligning_af/H8_Dmix_visual_aligning.models.visual_af_diffusion.VisualAlphaFlow_a1.5_b1.0_aw1_VTrue_steps1000_bs64_filmv1_Eaf_tslogit_normal_afschsigmoid/H8_K2_Meuler_T0.5_Dmix_visual_aligning.models.visual_af_diffusion.VisualAlphaFlow_VTrue_mpc4_filmv1_Eaf,combined_5,False,dpcc-c-dt0p5_train_set,30.0,/data/home/llim/FMPCC/FM-PCC/logs/aligning-d3il-visual/plans/mix_visual_aligning_af/H8_Dmix_visual_aligning.models.visual_af_diffusion.VisualAlphaFlow_a1.5_b1.0_aw1_VTrue_steps1000_bs64_filmv1_Eaf_tslogit_normal_afschsigmoid/H8_K2_Meuler_T0.5_Dmix_visual_aligning.models.visual_af_diffusion.VisualAlphaFlow_VTrue_mpc4_filmv1_Eaf/6/results_train_set/combined_5/dpcc-c-dt0p5_train_set/dpcc-c-dt0p5_train_set.npz,,
6,H8_K2_Meuler_T0.5_Dmix_visual_aligning.models.visual_af_diffusion.VisualAlphaFlow_VTrue_mpc4_filmv1_Eaf,6,train,combined_5,dpcc-c-dt2p0,npz,0.0,,1.0,30,0,0.0,0,0.0,1.0,/data/home/llim/FMPCC/FM-PCC/logs/aligning-d3il-visual/plans/mix_visual_aligning_af/H8_Dmix_visual_aligning.models.visual_af_diffusion.VisualAlphaFlow_a1.5_b1.0_aw1_VTrue_steps1000_bs64_filmv1_Eaf_tslogit_normal_afschsigmoid/H8_K2_Meuler_T0.5_Dmix_visual_aligning.models.visual_af_diffusion.VisualAlphaFlow_VTrue_mpc4_filmv1_Eaf,combined_5,False,dpcc-c-dt2p0_train_set,30.0,/data/home/llim/FMPCC/FM-PCC/logs/aligning-d3il-visual/plans/mix_visual_aligning_af/H8_Dmix_visual_aligning.models.visual_af_diffusion.VisualAlphaFlow_a1.5_b1.0_aw1_VTrue_steps1000_bs64_filmv1_Eaf_tslogit_normal_afschsigmoid/H8_K2_Meuler_T0.5_Dmix_visual_aligning.models.visual_af_diffusion.VisualAlphaFlow_VTrue_mpc4_filmv1_Eaf/6/results_train_set/combined_5/dpcc-c-dt2p0_train_set/dpcc-c-dt2p0_train_set.npz,,
6,H8_K2_Meuler_T0.5_Dmix_visual_aligning.models.visual_af_diffusion.VisualAlphaFlow_VTrue_mpc4_filmv1_Eaf,6,train,combined_5,dpcc-c-dt4p0,npz,0.0,,1.0,30,0,0.0,0,0.0,1.0,/data/home/llim/FMPCC/FM-PCC/logs/aligning-d3il-visual/plans/mix_visual_aligning_af/H8_Dmix_visual_aligning.models.visual_af_diffusion.VisualAlphaFlow_a1.5_b1.0_aw1_VTrue_steps1000_bs64_filmv1_Eaf_tslogit_normal_afschsigmoid/H8_K2_Meuler_T0.5_Dmix_visual_aligning.models.visual_af_diffusion.VisualAlphaFlow_VTrue_mpc4_filmv1_Eaf,combined_5,False,dpcc-c-dt4p0_train_set,30.0,/data/home/llim/FMPCC/FM-PCC/logs/aligning-d3il-visual/plans/mix_visual_aligning_af/H8_Dmix_visual_aligning.models.visual_af_diffusion.VisualAlphaFlow_a1.5_b1.0_aw1_VTrue_steps1000_bs64_filmv1_Eaf_tslogit_normal_afschsigmoid/H8_K2_Meuler_T0.5_Dmix_visual_aligning.models.visual_af_diffusion.VisualAlphaFlow_VTrue_mpc4_filmv1_Eaf/6/results_train_set/combined_5/dpcc-c-dt4p0_train_set/dpcc-c-dt4p0_train_set.npz,,
6,H8_K2_Meuler_T0.5_Dmix_visual_aligning.models.visual_af_diffusion.VisualAlphaFlow_VTrue_mpc4_filmv1_Eaf,6,train,combined_5,dpcc-r,npz,0.0,,1.0,30,0,0.0,0,0.0,1.0,/data/home/llim/FMPCC/FM-PCC/logs/aligning-d3il-visual/plans/mix_visual_aligning_af/H8_Dmix_visual_aligning.models.visual_af_diffusion.VisualAlphaFlow_a1.5_b1.0_aw1_VTrue_steps1000_bs64_filmv1_Eaf_tslogit_normal_afschsigmoid/H8_K2_Meuler_T0.5_Dmix_visual_aligning.models.visual_af_diffusion.VisualAlphaFlow_VTrue_mpc4_filmv1_Eaf,combined_5,False,dpcc-r_train_set,30.0,/data/home/llim/FMPCC/FM-PCC/logs/aligning-d3il-visual/plans/mix_visual_aligning_af/H8_Dmix_visual_aligning.models.visual_af_diffusion.VisualAlphaFlow_a1.5_b1.0_aw1_VTrue_steps1000_bs64_filmv1_Eaf_tslogit_normal_afschsigmoid/H8_K2_Meuler_T0.5_Dmix_visual_aligning.models.visual_af_diffusion.VisualAlphaFlow_VTrue_mpc4_filmv1_Eaf/6/results_train_set/combined_5/dpcc-r_train_set/dpcc-r_train_set.npz,,
6,H8_K2_Meuler_T0.5_Dmix_visual_aligning.models.visual_af_diffusion.VisualAlphaFlow_VTrue_mpc4_filmv1_Eaf,6,train,combined_5,dpcc-t,npz,0.0,,1.0,30,0,0.0,0,0.0,1.0,/data/home/llim/FMPCC/FM-PCC/logs/aligning-d3il-visual/plans/mix_visual_aligning_af/H8_Dmix_visual_aligning.models.visual_af_diffusion.VisualAlphaFlow_a1.5_b1.0_aw1_VTrue_steps1000_bs64_filmv1_Eaf_tslogit_normal_afschsigmoid/H8_K2_Meuler_T0.5_Dmix_visual_aligning.models.visual_af_diffusion.VisualAlphaFlow_VTrue_mpc4_filmv1_Eaf,combined_5,False,dpcc-t_train_set,30.0,/data/home/llim/FMPCC/FM-PCC/logs/aligning-d3il-visual/plans/mix_visual_aligning_af/H8_Dmix_visual_aligning.models.visual_af_diffusion.VisualAlphaFlow_a1.5_b1.0_aw1_VTrue_steps1000_bs64_filmv1_Eaf_tslogit_normal_afschsigmoid/H8_K2_Meuler_T0.5_Dmix_visual_aligning.models.visual_af_diffusion.VisualAlphaFlow_VTrue_mpc4_filmv1_Eaf/6/results_train_set/combined_5/dpcc-t_train_set/dpcc-t_train_set.npz,,
6,H8_K2_Meuler_T0.5_Dmix_visual_aligning.models.visual_af_diffusion.VisualAlphaFlow_VTrue_mpc4_filmv1_Eaf,6,train,combined_5,geo_free,npz,0.0,,1.0,30,0,0.0,0,0.0,1.0,/data/home/llim/FMPCC/FM-PCC/logs/aligning-d3il-visual/plans/mix_visual_aligning_af/H8_Dmix_visual_aligning.models.visual_af_diffusion.VisualAlphaFlow_a1.5_b1.0_aw1_VTrue_steps1000_bs64_filmv1_Eaf_tslogit_normal_afschsigmoid/H8_K2_Meuler_T0.5_Dmix_visual_aligning.models.visual_af_diffusion.VisualAlphaFlow_VTrue_mpc4_filmv1_Eaf,combined_5,False,geo_free_train_set,30.0,/data/home/llim/FMPCC/FM-PCC/logs/aligning-d3il-visual/plans/mix_visual_aligning_af/H8_Dmix_visual_aligning.models.visual_af_diffusion.VisualAlphaFlow_a1.5_b1.0_aw1_VTrue_steps1000_bs64_filmv1_Eaf_tslogit_normal_afschsigmoid/H8_K2_Meuler_T0.5_Dmix_visual_aligning.models.visual_af_diffusion.VisualAlphaFlow_VTrue_mpc4_filmv1_Eaf/6/results_train_set/combined_5/geo_free_train_set/geo_free_train_set.npz,,
6,H8_K2_Meuler_T0.5_Dmix_visual_aligning.models.visual_af_diffusion.VisualAlphaFlow_VTrue_mpc4_filmv1_Eaf,6,train,combined_5,geo_free-bounds_free,npz,0.0,,1.0,30,0,0.0,0,0.0,1.0,/data/home/llim/FMPCC/FM-PCC/logs/aligning-d3il-visual/plans/mix_visual_aligning_af/H8_Dmix_visual_aligning.models.visual_af_diffusion.VisualAlphaFlow_a1.5_b1.0_aw1_VTrue_steps1000_bs64_filmv1_Eaf_tslogit_normal_afschsigmoid/H8_K2_Meuler_T0.5_Dmix_visual_aligning.models.visual_af_diffusion.VisualAlphaFlow_VTrue_mpc4_filmv1_Eaf,combined_5,False,geo_free-bounds_free_train_set,30.0,/data/home/llim/FMPCC/FM-PCC/logs/aligning-d3il-visual/plans/mix_visual_aligning_af/H8_Dmix_visual_aligning.models.visual_af_diffusion.VisualAlphaFlow_a1.5_b1.0_aw1_VTrue_steps1000_bs64_filmv1_Eaf_tslogit_normal_afschsigmoid/H8_K2_Meuler_T0.5_Dmix_visual_aligning.models.visual_af_diffusion.VisualAlphaFlow_VTrue_mpc4_filmv1_Eaf/6/results_train_set/combined_5/geo_free-bounds_free_train_set/geo_free-bounds_free_train_set.npz,,
6,H8_K2_Meuler_T0.5_Dmix_visual_aligning.models.visual_af_diffusion.VisualAlphaFlow_VTrue_mpc4_filmv1_Eaf,6,train,combined_5,geo_free-model_free,npz,0.0,,1.0,30,0,0.0,0,0.0,1.0,/data/home/llim/FMPCC/FM-PCC/logs/aligning-d3il-visual/plans/mix_visual_aligning_af/H8_Dmix_visual_aligning.models.visual_af_diffusion.VisualAlphaFlow_a1.5_b1.0_aw1_VTrue_steps1000_bs64_filmv1_Eaf_tslogit_normal_afschsigmoid/H8_K2_Meuler_T0.5_Dmix_visual_aligning.models.visual_af_diffusion.VisualAlphaFlow_VTrue_mpc4_filmv1_Eaf,combined_5,False,geo_free-model_free_train_set,30.0,/data/home/llim/FMPCC/FM-PCC/logs/aligning-d3il-visual/plans/mix_visual_aligning_af/H8_Dmix_visual_aligning.models.visual_af_diffusion.VisualAlphaFlow_a1.5_b1.0_aw1_VTrue_steps1000_bs64_filmv1_Eaf_tslogit_normal_afschsigmoid/H8_K2_Meuler_T0.5_Dmix_visual_aligning.models.visual_af_diffusion.VisualAlphaFlow_VTrue_mpc4_filmv1_Eaf/6/results_train_set/combined_5/geo_free-model_free_train_set/geo_free-model_free_train_set.npz,,
6,H8_K2_Meuler_T0.5_Dmix_visual_aligning.models.visual_af_diffusion.VisualAlphaFlow_VTrue_mpc4_filmv1_Eaf,6,train,combined_5,gradient,npz,0.0,,1.0,30,0,0.0,0,0.0,1.0,/data/home/llim/FMPCC/FM-PCC/logs/aligning-d3il-visual/plans/mix_visual_aligning_af/H8_Dmix_visual_aligning.models.visual_af_diffusion.VisualAlphaFlow_a1.5_b1.0_aw1_VTrue_steps1000_bs64_filmv1_Eaf_tslogit_normal_afschsigmoid/H8_K2_Meuler_T0.5_Dmix_visual_aligning.models.visual_af_diffusion.VisualAlphaFlow_VTrue_mpc4_filmv1_Eaf,combined_5,False,gradient_train_set,30.0,/data/home/llim/FMPCC/FM-PCC/logs/aligning-d3il-visual/plans/mix_visual_aligning_af/H8_Dmix_visual_aligning.models.visual_af_diffusion.VisualAlphaFlow_a1.5_b1.0_aw1_VTrue_steps1000_bs64_filmv1_Eaf_tslogit_normal_afschsigmoid/H8_K2_Meuler_T0.5_Dmix_visual_aligning.models.visual_af_diffusion.VisualAlphaFlow_VTrue_mpc4_filmv1_Eaf/6/results_train_set/combined_5/gradient_train_set/gradient_train_set.npz,,
6,H8_K2_Meuler_T0.5_Dmix_visual_aligning.models.visual_af_diffusion.VisualAlphaFlow_VTrue_mpc4_filmv1_Eaf,6,train,combined_5,hardflow_new-c,npz,0.0,,1.0,30,0,0.0,0,0.0,1.0,/data/home/llim/FMPCC/FM-PCC/logs/aligning-d3il-visual/plans/mix_visual_aligning_af/H8_Dmix_visual_aligning.models.visual_af_diffusion.VisualAlphaFlow_a1.5_b1.0_aw1_VTrue_steps1000_bs64_filmv1_Eaf_tslogit_normal_afschsigmoid/H8_K2_Meuler_T0.5_Dmix_visual_aligning.models.visual_af_diffusion.VisualAlphaFlow_VTrue_mpc4_filmv1_Eaf,combined_5,False,hardflow_new-c_train_set,30.0,/data/home/llim/FMPCC/FM-PCC/logs/aligning-d3il-visual/plans/mix_visual_aligning_af/H8_Dmix_visual_aligning.models.visual_af_diffusion.VisualAlphaFlow_a1.5_b1.0_aw1_VTrue_steps1000_bs64_filmv1_Eaf_tslogit_normal_afschsigmoid/H8_K2_Meuler_T0.5_Dmix_visual_aligning.models.visual_af_diffusion.VisualAlphaFlow_VTrue_mpc4_filmv1_Eaf/6/results_train_set/combined_5/hardflow_new-c_train_set/hardflow_new-c_train_set.npz,,
6,H8_K2_Meuler_T0.5_Dmix_visual_aligning.models.visual_af_diffusion.VisualAlphaFlow_VTrue_mpc4_filmv1_Eaf,6,train,combined_5,hardflow_new-r,npz,0.0,,1.0,30,0,0.0,0,0.0,1.0,/data/home/llim/FMPCC/FM-PCC/logs/aligning-d3il-visual/plans/mix_visual_aligning_af/H8_Dmix_visual_aligning.models.visual_af_diffusion.VisualAlphaFlow_a1.5_b1.0_aw1_VTrue_steps1000_bs64_filmv1_Eaf_tslogit_normal_afschsigmoid/H8_K2_Meuler_T0.5_Dmix_visual_aligning.models.visual_af_diffusion.VisualAlphaFlow_VTrue_mpc4_filmv1_Eaf,combined_5,False,hardflow_new-r_train_set,30.0,/data/home/llim/FMPCC/FM-PCC/logs/aligning-d3il-visual/plans/mix_visual_aligning_af/H8_Dmix_visual_aligning.models.visual_af_diffusion.VisualAlphaFlow_a1.5_b1.0_aw1_VTrue_steps1000_bs64_filmv1_Eaf_tslogit_normal_afschsigmoid/H8_K2_Meuler_T0.5_Dmix_visual_aligning.models.visual_af_diffusion.VisualAlphaFlow_VTrue_mpc4_filmv1_Eaf/6/results_train_set/combined_5/hardflow_new-r_train_set/hardflow_new-r_train_set.npz,,
6,H8_K2_Meuler_T0.5_Dmix_visual_aligning.models.visual_af_diffusion.VisualAlphaFlow_VTrue_mpc4_filmv1_Eaf,6,train,combined_5,hardflow_new-t,npz,0.0,,1.0,30,0,0.0,0,0.0,1.0,/data/home/llim/FMPCC/FM-PCC/logs/aligning-d3il-visual/plans/mix_visual_aligning_af/H8_Dmix_visual_aligning.models.visual_af_diffusion.VisualAlphaFlow_a1.5_b1.0_aw1_VTrue_steps1000_bs64_filmv1_Eaf_tslogit_normal_afschsigmoid/H8_K2_Meuler_T0.5_Dmix_visual_aligning.models.visual_af_diffusion.VisualAlphaFlow_VTrue_mpc4_filmv1_Eaf,combined_5,False,hardflow_new-t_train_set,30.0,/data/home/llim/FMPCC/FM-PCC/logs/aligning-d3il-visual/plans/mix_visual_aligning_af/H8_Dmix_visual_aligning.models.visual_af_diffusion.VisualAlphaFlow_a1.5_b1.0_aw1_VTrue_steps1000_bs64_filmv1_Eaf_tslogit_normal_afschsigmoid/H8_K2_Meuler_T0.5_Dmix_visual_aligning.models.visual_af_diffusion.VisualAlphaFlow_VTrue_mpc4_filmv1_Eaf/6/results_train_set/combined_5/hardflow_new-t_train_set/hardflow_new-t_train_set.npz,,
6,H8_K2_Meuler_T0.5_Dmix_visual_aligning.models.visual_af_diffusion.VisualAlphaFlow_VTrue_mpc4_filmv1_Eaf,6,train,combined_5,model_free,npz,0.0,,1.0,30,0,0.0,0,0.0,1.0,/data/home/llim/FMPCC/FM-PCC/logs/aligning-d3il-visual/plans/mix_visual_aligning_af/H8_Dmix_visual_aligning.models.visual_af_diffusion.VisualAlphaFlow_a1.5_b1.0_aw1_VTrue_steps1000_bs64_filmv1_Eaf_tslogit_normal_afschsigmoid/H8_K2_Meuler_T0.5_Dmix_visual_aligning.models.visual_af_diffusion.VisualAlphaFlow_VTrue_mpc4_filmv1_Eaf,combined_5,False,model_free_train_set,30.0,/data/home/llim/FMPCC/FM-PCC/logs/aligning-d3il-visual/plans/mix_visual_aligning_af/H8_Dmix_visual_aligning.models.visual_af_diffusion.VisualAlphaFlow_a1.5_b1.0_aw1_VTrue_steps1000_bs64_filmv1_Eaf_tslogit_normal_afschsigmoid/H8_K2_Meuler_T0.5_Dmix_visual_aligning.models.visual_af_diffusion.VisualAlphaFlow_VTrue_mpc4_filmv1_Eaf/6/results_train_set/combined_5/model_free_train_set/model_free_train_set.npz,,
6,H8_K2_Meuler_T0.5_Dmix_visual_aligning.models.visual_af_diffusion.VisualAlphaFlow_VTrue_mpc4_filmv1_Eaf,6,train,combined_5,model_free-bounds_free,npz,0.0,,1.0,30,0,0.0,0,0.0,1.0,/data/home/llim/FMPCC/FM-PCC/logs/aligning-d3il-visual/plans/mix_visual_aligning_af/H8_Dmix_visual_aligning.models.visual_af_diffusion.VisualAlphaFlow_a1.5_b1.0_aw1_VTrue_steps1000_bs64_filmv1_Eaf_tslogit_normal_afschsigmoid/H8_K2_Meuler_T0.5_Dmix_visual_aligning.models.visual_af_diffusion.VisualAlphaFlow_VTrue_mpc4_filmv1_Eaf,combined_5,False,model_free-bounds_free_train_set,30.0,/data/home/llim/FMPCC/FM-PCC/logs/aligning-d3il-visual/plans/mix_visual_aligning_af/H8_Dmix_visual_aligning.models.visual_af_diffusion.VisualAlphaFlow_a1.5_b1.0_aw1_VTrue_steps1000_bs64_filmv1_Eaf_tslogit_normal_afschsigmoid/H8_K2_Meuler_T0.5_Dmix_visual_aligning.models.visual_af_diffusion.VisualAlphaFlow_VTrue_mpc4_filmv1_Eaf/6/results_train_set/combined_5/model_free-bounds_free_train_set/model_free-bounds_free_train_set.npz,,
6,H8_K2_Meuler_T0.5_Dmix_visual_aligning.models.visual_af_diffusion.VisualAlphaFlow_VTrue_mpc4_filmv1_Eaf,6,train,combined_5,post_processing,npz,0.0,,1.0,30,0,0.0,0,0.0,1.0,/data/home/llim/FMPCC/FM-PCC/logs/aligning-d3il-visual/plans/mix_visual_aligning_af/H8_Dmix_visual_aligning.models.visual_af_diffusion.VisualAlphaFlow_a1.5_b1.0_aw1_VTrue_steps1000_bs64_filmv1_Eaf_tslogit_normal_afschsigmoid/H8_K2_Meuler_T0.5_Dmix_visual_aligning.models.visual_af_diffusion.VisualAlphaFlow_VTrue_mpc4_filmv1_Eaf,combined_5,False,post_processing_train_set,30.0,/data/home/llim/FMPCC/FM-PCC/logs/aligning-d3il-visual/plans/mix_visual_aligning_af/H8_Dmix_visual_aligning.models.visual_af_diffusion.VisualAlphaFlow_a1.5_b1.0_aw1_VTrue_steps1000_bs64_filmv1_Eaf_tslogit_normal_afschsigmoid/H8_K2_Meuler_T0.5_Dmix_visual_aligning.models.visual_af_diffusion.VisualAlphaFlow_VTrue_mpc4_filmv1_Eaf/6/results_train_set/combined_5/post_processing_train_set/post_processing_train_set.npz,,
6,H8_K2_Meuler_T0.5_Dmix_visual_aligning.models.visual_af_diffusion.VisualAlphaFlow_VTrue_mpc4_filmv1_Eaf,6,train,combined_5-tightened,bounds_free,npz,0.0,,1.0,30,4,0.13333333333333333,0,0.0,1.0,/data/home/llim/FMPCC/FM-PCC/logs/aligning-d3il-visual/plans/mix_visual_aligning_af/H8_Dmix_visual_aligning.models.visual_af_diffusion.VisualAlphaFlow_a1.5_b1.0_aw1_VTrue_steps1000_bs64_filmv1_Eaf_tslogit_normal_afschsigmoid/H8_K2_Meuler_T0.5_Dmix_visual_aligning.models.visual_af_diffusion.VisualAlphaFlow_VTrue_mpc4_filmv1_Eaf,combined_5,True,bounds_free_train_set,30.0,/data/home/llim/FMPCC/FM-PCC/logs/aligning-d3il-visual/plans/mix_visual_aligning_af/H8_Dmix_visual_aligning.models.visual_af_diffusion.VisualAlphaFlow_a1.5_b1.0_aw1_VTrue_steps1000_bs64_filmv1_Eaf_tslogit_normal_afschsigmoid/H8_K2_Meuler_T0.5_Dmix_visual_aligning.models.visual_af_diffusion.VisualAlphaFlow_VTrue_mpc4_filmv1_Eaf/6/results_train_set/combined_5-tightened/bounds_free_train_set/bounds_free_train_set.npz,,
6,H8_K2_Meuler_T0.5_Dmix_visual_aligning.models.visual_af_diffusion.VisualAlphaFlow_VTrue_mpc4_filmv1_Eaf,6,train,combined_5-tightened,diffuser,npz,0.0,,1.0,30,4,0.13333333333333333,0,0.0,1.0,/data/home/llim/FMPCC/FM-PCC/logs/aligning-d3il-visual/plans/mix_visual_aligning_af/H8_Dmix_visual_aligning.models.visual_af_diffusion.VisualAlphaFlow_a1.5_b1.0_aw1_VTrue_steps1000_bs64_filmv1_Eaf_tslogit_normal_afschsigmoid/H8_K2_Meuler_T0.5_Dmix_visual_aligning.models.visual_af_diffusion.VisualAlphaFlow_VTrue_mpc4_filmv1_Eaf,combined_5,True,diffuser_train_set,30.0,/data/home/llim/FMPCC/FM-PCC/logs/aligning-d3il-visual/plans/mix_visual_aligning_af/H8_Dmix_visual_aligning.models.visual_af_diffusion.VisualAlphaFlow_a1.5_b1.0_aw1_VTrue_steps1000_bs64_filmv1_Eaf_tslogit_normal_afschsigmoid/H8_K2_Meuler_T0.5_Dmix_visual_aligning.models.visual_af_diffusion.VisualAlphaFlow_VTrue_mpc4_filmv1_Eaf/6/results_train_set/combined_5-tightened/diffuser_train_set/diffuser_train_set.npz,,
6,H8_K2_Meuler_T0.5_Dmix_visual_aligning.models.visual_af_diffusion.VisualAlphaFlow_VTrue_mpc4_filmv1_Eaf,6,train,combined_5-tightened,dpcc-c,npz,0.0,,1.0,30,4,0.13333333333333333,0,0.0,1.0,/data/home/llim/FMPCC/FM-PCC/logs/aligning-d3il-visual/plans/mix_visual_aligning_af/H8_Dmix_visual_aligning.models.visual_af_diffusion.VisualAlphaFlow_a1.5_b1.0_aw1_VTrue_steps1000_bs64_filmv1_Eaf_tslogit_normal_afschsigmoid/H8_K2_Meuler_T0.5_Dmix_visual_aligning.models.visual_af_diffusion.VisualAlphaFlow_VTrue_mpc4_filmv1_Eaf,combined_5,True,dpcc-c_train_set,30.0,/data/home/llim/FMPCC/FM-PCC/logs/aligning-d3il-visual/plans/mix_visual_aligning_af/H8_Dmix_visual_aligning.models.visual_af_diffusion.VisualAlphaFlow_a1.5_b1.0_aw1_VTrue_steps1000_bs64_filmv1_Eaf_tslogit_normal_afschsigmoid/H8_K2_Meuler_T0.5_Dmix_visual_aligning.models.visual_af_diffusion.VisualAlphaFlow_VTrue_mpc4_filmv1_Eaf/6/results_train_set/combined_5-tightened/dpcc-c_train_set/dpcc-c_train_set.npz,,
6,H8_K2_Meuler_T0.5_Dmix_visual_aligning.models.visual_af_diffusion.VisualAlphaFlow_VTrue_mpc4_filmv1_Eaf,6,train,combined_5-tightened,dpcc-c-dt0p25,npz,0.0,,1.0,30,4,0.13333333333333333,0,0.0,1.0,/data/home/llim/FMPCC/FM-PCC/logs/aligning-d3il-visual/plans/mix_visual_aligning_af/H8_Dmix_visual_aligning.models.visual_af_diffusion.VisualAlphaFlow_a1.5_b1.0_aw1_VTrue_steps1000_bs64_filmv1_Eaf_tslogit_normal_afschsigmoid/H8_K2_Meuler_T0.5_Dmix_visual_aligning.models.visual_af_diffusion.VisualAlphaFlow_VTrue_mpc4_filmv1_Eaf,combined_5,True,dpcc-c-dt0p25_train_set,30.0,/data/home/llim/FMPCC/FM-PCC/logs/aligning-d3il-visual/plans/mix_visual_aligning_af/H8_Dmix_visual_aligning.models.visual_af_diffusion.VisualAlphaFlow_a1.5_b1.0_aw1_VTrue_steps1000_bs64_filmv1_Eaf_tslogit_normal_afschsigmoid/H8_K2_Meuler_T0.5_Dmix_visual_aligning.models.visual_af_diffusion.VisualAlphaFlow_VTrue_mpc4_filmv1_Eaf/6/results_train_set/combined_5-tightened/dpcc-c-dt0p25_train_set/dpcc-c-dt0p25_train_set.npz,,
6,H8_K2_Meuler_T0.5_Dmix_visual_aligning.models.visual_af_diffusion.VisualAlphaFlow_VTrue_mpc4_filmv1_Eaf,6,train,combined_5-tightened,dpcc-c-dt0p5,npz,0.0,,1.0,30,4,0.13333333333333333,0,0.0,1.0,/data/home/llim/FMPCC/FM-PCC/logs/aligning-d3il-visual/plans/mix_visual_aligning_af/H8_Dmix_visual_aligning.models.visual_af_diffusion.VisualAlphaFlow_a1.5_b1.0_aw1_VTrue_steps1000_bs64_filmv1_Eaf_tslogit_normal_afschsigmoid/H8_K2_Meuler_T0.5_Dmix_visual_aligning.models.visual_af_diffusion.VisualAlphaFlow_VTrue_mpc4_filmv1_Eaf,combined_5,True,dpcc-c-dt0p5_train_set,30.0,/data/home/llim/FMPCC/FM-PCC/logs/aligning-d3il-visual/plans/mix_visual_aligning_af/H8_Dmix_visual_aligning.models.visual_af_diffusion.VisualAlphaFlow_a1.5_b1.0_aw1_VTrue_steps1000_bs64_filmv1_Eaf_tslogit_normal_afschsigmoid/H8_K2_Meuler_T0.5_Dmix_visual_aligning.models.visual_af_diffusion.VisualAlphaFlow_VTrue_mpc4_filmv1_Eaf/6/results_train_set/combined_5-tightened/dpcc-c-dt0p5_train_set/dpcc-c-dt0p5_train_set.npz,,
6,H8_K2_Meuler_T0.5_Dmix_visual_aligning.models.visual_af_diffusion.VisualAlphaFlow_VTrue_mpc4_filmv1_Eaf,6,train,combined_5-tightened,dpcc-c-dt2p0,npz,0.0,,1.0,30,4,0.13333333333333333,0,0.0,1.0,/data/home/llim/FMPCC/FM-PCC/logs/aligning-d3il-visual/plans/mix_visual_aligning_af/H8_Dmix_visual_aligning.models.visual_af_diffusion.VisualAlphaFlow_a1.5_b1.0_aw1_VTrue_steps1000_bs64_filmv1_Eaf_tslogit_normal_afschsigmoid/H8_K2_Meuler_T0.5_Dmix_visual_aligning.models.visual_af_diffusion.VisualAlphaFlow_VTrue_mpc4_filmv1_Eaf,combined_5,True,dpcc-c-dt2p0_train_set,30.0,/data/home/llim/FMPCC/FM-PCC/logs/aligning-d3il-visual/plans/mix_visual_aligning_af/H8_Dmix_visual_aligning.models.visual_af_diffusion.VisualAlphaFlow_a1.5_b1.0_aw1_VTrue_steps1000_bs64_filmv1_Eaf_tslogit_normal_afschsigmoid/H8_K2_Meuler_T0.5_Dmix_visual_aligning.models.visual_af_diffusion.VisualAlphaFlow_VTrue_mpc4_filmv1_Eaf/6/results_train_set/combined_5-tightened/dpcc-c-dt2p0_train_set/dpcc-c-dt2p0_train_set.npz,,
6,H8_K2_Meuler_T0.5_Dmix_visual_aligning.models.visual_af_diffusion.VisualAlphaFlow_VTrue_mpc4_filmv1_Eaf,6,train,combined_5-tightened,dpcc-c-dt4p0,npz,0.0,,1.0,30,4,0.13333333333333333,0,0.0,1.0,/data/home/llim/FMPCC/FM-PCC/logs/aligning-d3il-visual/plans/mix_visual_aligning_af/H8_Dmix_visual_aligning.models.visual_af_diffusion.VisualAlphaFlow_a1.5_b1.0_aw1_VTrue_steps1000_bs64_filmv1_Eaf_tslogit_normal_afschsigmoid/H8_K2_Meuler_T0.5_Dmix_visual_aligning.models.visual_af_diffusion.VisualAlphaFlow_VTrue_mpc4_filmv1_Eaf,combined_5,True,dpcc-c-dt4p0_train_set,30.0,/data/home/llim/FMPCC/FM-PCC/logs/aligning-d3il-visual/plans/mix_visual_aligning_af/H8_Dmix_visual_aligning.models.visual_af_diffusion.VisualAlphaFlow_a1.5_b1.0_aw1_VTrue_steps1000_bs64_filmv1_Eaf_tslogit_normal_afschsigmoid/H8_K2_Meuler_T0.5_Dmix_visual_aligning.models.visual_af_diffusion.VisualAlphaFlow_VTrue_mpc4_filmv1_Eaf/6/results_train_set/combined_5-tightened/dpcc-c-dt4p0_train_set/dpcc-c-dt4p0_train_set.npz,,
6,H8_K2_Meuler_T0.5_Dmix_visual_aligning.models.visual_af_diffusion.VisualAlphaFlow_VTrue_mpc4_filmv1_Eaf,6,train,combined_5-tightened,dpcc-r,npz,0.0,,1.0,30,4,0.13333333333333333,0,0.0,1.0,/data/home/llim/FMPCC/FM-PCC/logs/aligning-d3il-visual/plans/mix_visual_aligning_af/H8_Dmix_visual_aligning.models.visual_af_diffusion.VisualAlphaFlow_a1.5_b1.0_aw1_VTrue_steps1000_bs64_filmv1_Eaf_tslogit_normal_afschsigmoid/H8_K2_Meuler_T0.5_Dmix_visual_aligning.models.visual_af_diffusion.VisualAlphaFlow_VTrue_mpc4_filmv1_Eaf,combined_5,True,dpcc-r_train_set,30.0,/data/home/llim/FMPCC/FM-PCC/logs/aligning-d3il-visual/plans/mix_visual_aligning_af/H8_Dmix_visual_aligning.models.visual_af_diffusion.VisualAlphaFlow_a1.5_b1.0_aw1_VTrue_steps1000_bs64_filmv1_Eaf_tslogit_normal_afschsigmoid/H8_K2_Meuler_T0.5_Dmix_visual_aligning.models.visual_af_diffusion.VisualAlphaFlow_VTrue_mpc4_filmv1_Eaf/6/results_train_set/combined_5-tightened/dpcc-r_train_set/dpcc-r_train_set.npz,,
6,H8_K2_Meuler_T0.5_Dmix_visual_aligning.models.visual_af_diffusion.VisualAlphaFlow_VTrue_mpc4_filmv1_Eaf,6,train,combined_5-tightened,dpcc-t,npz,0.0,,1.0,30,4,0.13333333333333333,0,0.0,1.0,/data/home/llim/FMPCC/FM-PCC/logs/aligning-d3il-visual/plans/mix_visual_aligning_af/H8_Dmix_visual_aligning.models.visual_af_diffusion.VisualAlphaFlow_a1.5_b1.0_aw1_VTrue_steps1000_bs64_filmv1_Eaf_tslogit_normal_afschsigmoid/H8_K2_Meuler_T0.5_Dmix_visual_aligning.models.visual_af_diffusion.VisualAlphaFlow_VTrue_mpc4_filmv1_Eaf,combined_5,True,dpcc-t_train_set,30.0,/data/home/llim/FMPCC/FM-PCC/logs/aligning-d3il-visual/plans/mix_visual_aligning_af/H8_Dmix_visual_aligning.models.visual_af_diffusion.VisualAlphaFlow_a1.5_b1.0_aw1_VTrue_steps1000_bs64_filmv1_Eaf_tslogit_normal_afschsigmoid/H8_K2_Meuler_T0.5_Dmix_visual_aligning.models.visual_af_diffusion.VisualAlphaFlow_VTrue_mpc4_filmv1_Eaf/6/results_train_set/combined_5-tightened/dpcc-t_train_set/dpcc-t_train_set.npz,,
6,H8_K2_Meuler_T0.5_Dmix_visual_aligning.models.visual_af_diffusion.VisualAlphaFlow_VTrue_mpc4_filmv1_Eaf,6,train,combined_5-tightened,geo_free,npz,0.0,,1.0,30,4,0.13333333333333333,0,0.0,1.0,/data/home/llim/FMPCC/FM-PCC/logs/aligning-d3il-visual/plans/mix_visual_aligning_af/H8_Dmix_visual_aligning.models.visual_af_diffusion.VisualAlphaFlow_a1.5_b1.0_aw1_VTrue_steps1000_bs64_filmv1_Eaf_tslogit_normal_afschsigmoid/H8_K2_Meuler_T0.5_Dmix_visual_aligning.models.visual_af_diffusion.VisualAlphaFlow_VTrue_mpc4_filmv1_Eaf,combined_5,True,geo_free_train_set,30.0,/data/home/llim/FMPCC/FM-PCC/logs/aligning-d3il-visual/plans/mix_visual_aligning_af/H8_Dmix_visual_aligning.models.visual_af_diffusion.VisualAlphaFlow_a1.5_b1.0_aw1_VTrue_steps1000_bs64_filmv1_Eaf_tslogit_normal_afschsigmoid/H8_K2_Meuler_T0.5_Dmix_visual_aligning.models.visual_af_diffusion.VisualAlphaFlow_VTrue_mpc4_filmv1_Eaf/6/results_train_set/combined_5-tightened/geo_free_train_set/geo_free_train_set.npz,,
6,H8_K2_Meuler_T0.5_Dmix_visual_aligning.models.visual_af_diffusion.VisualAlphaFlow_VTrue_mpc4_filmv1_Eaf,6,train,combined_5-tightened,geo_free-bounds_free,npz,0.0,,1.0,30,4,0.13333333333333333,0,0.0,1.0,/data/home/llim/FMPCC/FM-PCC/logs/aligning-d3il-visual/plans/mix_visual_aligning_af/H8_Dmix_visual_aligning.models.visual_af_diffusion.VisualAlphaFlow_a1.5_b1.0_aw1_VTrue_steps1000_bs64_filmv1_Eaf_tslogit_normal_afschsigmoid/H8_K2_Meuler_T0.5_Dmix_visual_aligning.models.visual_af_diffusion.VisualAlphaFlow_VTrue_mpc4_filmv1_Eaf,combined_5,True,geo_free-bounds_free_train_set,30.0,/data/home/llim/FMPCC/FM-PCC/logs/aligning-d3il-visual/plans/mix_visual_aligning_af/H8_Dmix_visual_aligning.models.visual_af_diffusion.VisualAlphaFlow_a1.5_b1.0_aw1_VTrue_steps1000_bs64_filmv1_Eaf_tslogit_normal_afschsigmoid/H8_K2_Meuler_T0.5_Dmix_visual_aligning.models.visual_af_diffusion.VisualAlphaFlow_VTrue_mpc4_filmv1_Eaf/6/results_train_set/combined_5-tightened/geo_free-bounds_free_train_set/geo_free-bounds_free_train_set.npz,,
6,H8_K2_Meuler_T0.5_Dmix_visual_aligning.models.visual_af_diffusion.VisualAlphaFlow_VTrue_mpc4_filmv1_Eaf,6,train,combined_5-tightened,geo_free-model_free,npz,0.0,,1.0,30,4,0.13333333333333333,0,0.0,1.0,/data/home/llim/FMPCC/FM-PCC/logs/aligning-d3il-visual/plans/mix_visual_aligning_af/H8_Dmix_visual_aligning.models.visual_af_diffusion.VisualAlphaFlow_a1.5_b1.0_aw1_VTrue_steps1000_bs64_filmv1_Eaf_tslogit_normal_afschsigmoid/H8_K2_Meuler_T0.5_Dmix_visual_aligning.models.visual_af_diffusion.VisualAlphaFlow_VTrue_mpc4_filmv1_Eaf,combined_5,True,geo_free-model_free_train_set,30.0,/data/home/llim/FMPCC/FM-PCC/logs/aligning-d3il-visual/plans/mix_visual_aligning_af/H8_Dmix_visual_aligning.models.visual_af_diffusion.VisualAlphaFlow_a1.5_b1.0_aw1_VTrue_steps1000_bs64_filmv1_Eaf_tslogit_normal_afschsigmoid/H8_K2_Meuler_T0.5_Dmix_visual_aligning.models.visual_af_diffusion.VisualAlphaFlow_VTrue_mpc4_filmv1_Eaf/6/results_train_set/combined_5-tightened/geo_free-model_free_train_set/geo_free-model_free_train_set.npz,,
6,H8_K2_Meuler_T0.5_Dmix_visual_aligning.models.visual_af_diffusion.VisualAlphaFlow_VTrue_mpc4_filmv1_Eaf,6,train,combined_5-tightened,gradient,npz,0.0,,1.0,30,4,0.13333333333333333,0,0.0,1.0,/data/home/llim/FMPCC/FM-PCC/logs/aligning-d3il-visual/plans/mix_visual_aligning_af/H8_Dmix_visual_aligning.models.visual_af_diffusion.VisualAlphaFlow_a1.5_b1.0_aw1_VTrue_steps1000_bs64_filmv1_Eaf_tslogit_normal_afschsigmoid/H8_K2_Meuler_T0.5_Dmix_visual_aligning.models.visual_af_diffusion.VisualAlphaFlow_VTrue_mpc4_filmv1_Eaf,combined_5,True,gradient_train_set,30.0,/data/home/llim/FMPCC/FM-PCC/logs/aligning-d3il-visual/plans/mix_visual_aligning_af/H8_Dmix_visual_aligning.models.visual_af_diffusion.VisualAlphaFlow_a1.5_b1.0_aw1_VTrue_steps1000_bs64_filmv1_Eaf_tslogit_normal_afschsigmoid/H8_K2_Meuler_T0.5_Dmix_visual_aligning.models.visual_af_diffusion.VisualAlphaFlow_VTrue_mpc4_filmv1_Eaf/6/results_train_set/combined_5-tightened/gradient_train_set/gradient_train_set.npz,,
6,H8_K2_Meuler_T0.5_Dmix_visual_aligning.models.visual_af_diffusion.VisualAlphaFlow_VTrue_mpc4_filmv1_Eaf,6,train,combined_5-tightened,hardflow_new-c,npz,0.0,,1.0,30,4,0.13333333333333333,0,0.0,1.0,/data/home/llim/FMPCC/FM-PCC/logs/aligning-d3il-visual/plans/mix_visual_aligning_af/H8_Dmix_visual_aligning.models.visual_af_diffusion.VisualAlphaFlow_a1.5_b1.0_aw1_VTrue_steps1000_bs64_filmv1_Eaf_tslogit_normal_afschsigmoid/H8_K2_Meuler_T0.5_Dmix_visual_aligning.models.visual_af_diffusion.VisualAlphaFlow_VTrue_mpc4_filmv1_Eaf,combined_5,True,hardflow_new-c_train_set,30.0,/data/home/llim/FMPCC/FM-PCC/logs/aligning-d3il-visual/plans/mix_visual_aligning_af/H8_Dmix_visual_aligning.models.visual_af_diffusion.VisualAlphaFlow_a1.5_b1.0_aw1_VTrue_steps1000_bs64_filmv1_Eaf_tslogit_normal_afschsigmoid/H8_K2_Meuler_T0.5_Dmix_visual_aligning.models.visual_af_diffusion.VisualAlphaFlow_VTrue_mpc4_filmv1_Eaf/6/results_train_set/combined_5-tightened/hardflow_new-c_train_set/hardflow_new-c_train_set.npz,,
6,H8_K2_Meuler_T0.5_Dmix_visual_aligning.models.visual_af_diffusion.VisualAlphaFlow_VTrue_mpc4_filmv1_Eaf,6,train,combined_5-tightened,hardflow_new-r,npz,0.0,,1.0,30,4,0.13333333333333333,0,0.0,1.0,/data/home/llim/FMPCC/FM-PCC/logs/aligning-d3il-visual/plans/mix_visual_aligning_af/H8_Dmix_visual_aligning.models.visual_af_diffusion.VisualAlphaFlow_a1.5_b1.0_aw1_VTrue_steps1000_bs64_filmv1_Eaf_tslogit_normal_afschsigmoid/H8_K2_Meuler_T0.5_Dmix_visual_aligning.models.visual_af_diffusion.VisualAlphaFlow_VTrue_mpc4_filmv1_Eaf,combined_5,True,hardflow_new-r_train_set,30.0,/data/home/llim/FMPCC/FM-PCC/logs/aligning-d3il-visual/plans/mix_visual_aligning_af/H8_Dmix_visual_aligning.models.visual_af_diffusion.VisualAlphaFlow_a1.5_b1.0_aw1_VTrue_steps1000_bs64_filmv1_Eaf_tslogit_normal_afschsigmoid/H8_K2_Meuler_T0.5_Dmix_visual_aligning.models.visual_af_diffusion.VisualAlphaFlow_VTrue_mpc4_filmv1_Eaf/6/results_train_set/combined_5-tightened/hardflow_new-r_train_set/hardflow_new-r_train_set.npz,,
6,H8_K2_Meuler_T0.5_Dmix_visual_aligning.models.visual_af_diffusion.VisualAlphaFlow_VTrue_mpc4_filmv1_Eaf,6,train,combined_5-tightened,hardflow_new-t,npz,0.0,,1.0,30,4,0.13333333333333333,0,0.0,1.0,/data/home/llim/FMPCC/FM-PCC/logs/aligning-d3il-visual/plans/mix_visual_aligning_af/H8_Dmix_visual_aligning.models.visual_af_diffusion.VisualAlphaFlow_a1.5_b1.0_aw1_VTrue_steps1000_bs64_filmv1_Eaf_tslogit_normal_afschsigmoid/H8_K2_Meuler_T0.5_Dmix_visual_aligning.models.visual_af_diffusion.VisualAlphaFlow_VTrue_mpc4_filmv1_Eaf,combined_5,True,hardflow_new-t_train_set,30.0,/data/home/llim/FMPCC/FM-PCC/logs/aligning-d3il-visual/plans/mix_visual_aligning_af/H8_Dmix_visual_aligning.models.visual_af_diffusion.VisualAlphaFlow_a1.5_b1.0_aw1_VTrue_steps1000_bs64_filmv1_Eaf_tslogit_normal_afschsigmoid/H8_K2_Meuler_T0.5_Dmix_visual_aligning.models.visual_af_diffusion.VisualAlphaFlow_VTrue_mpc4_filmv1_Eaf/6/results_train_set/combined_5-tightened/hardflow_new-t_train_set/hardflow_new-t_train_set.npz,,
6,H8_K2_Meuler_T0.5_Dmix_visual_aligning.models.visual_af_diffusion.VisualAlphaFlow_VTrue_mpc4_filmv1_Eaf,6,train,combined_5-tightened,model_free,npz,0.0,,1.0,30,4,0.13333333333333333,0,0.0,1.0,/data/home/llim/FMPCC/FM-PCC/logs/aligning-d3il-visual/plans/mix_visual_aligning_af/H8_Dmix_visual_aligning.models.visual_af_diffusion.VisualAlphaFlow_a1.5_b1.0_aw1_VTrue_steps1000_bs64_filmv1_Eaf_tslogit_normal_afschsigmoid/H8_K2_Meuler_T0.5_Dmix_visual_aligning.models.visual_af_diffusion.VisualAlphaFlow_VTrue_mpc4_filmv1_Eaf,combined_5,True,model_free_train_set,30.0,/data/home/llim/FMPCC/FM-PCC/logs/aligning-d3il-visual/plans/mix_visual_aligning_af/H8_Dmix_visual_aligning.models.visual_af_diffusion.VisualAlphaFlow_a1.5_b1.0_aw1_VTrue_steps1000_bs64_filmv1_Eaf_tslogit_normal_afschsigmoid/H8_K2_Meuler_T0.5_Dmix_visual_aligning.models.visual_af_diffusion.VisualAlphaFlow_VTrue_mpc4_filmv1_Eaf/6/results_train_set/combined_5-tightened/model_free_train_set/model_free_train_set.npz,,
6,H8_K2_Meuler_T0.5_Dmix_visual_aligning.models.visual_af_diffusion.VisualAlphaFlow_VTrue_mpc4_filmv1_Eaf,6,train,combined_5-tightened,model_free-bounds_free,npz,0.0,,1.0,30,4,0.13333333333333333,0,0.0,1.0,/data/home/llim/FMPCC/FM-PCC/logs/aligning-d3il-visual/plans/mix_visual_aligning_af/H8_Dmix_visual_aligning.models.visual_af_diffusion.VisualAlphaFlow_a1.5_b1.0_aw1_VTrue_steps1000_bs64_filmv1_Eaf_tslogit_normal_afschsigmoid/H8_K2_Meuler_T0.5_Dmix_visual_aligning.models.visual_af_diffusion.VisualAlphaFlow_VTrue_mpc4_filmv1_Eaf,combined_5,True,model_free-bounds_free_train_set,30.0,/data/home/llim/FMPCC/FM-PCC/logs/aligning-d3il-visual/plans/mix_visual_aligning_af/H8_Dmix_visual_aligning.models.visual_af_diffusion.VisualAlphaFlow_a1.5_b1.0_aw1_VTrue_steps1000_bs64_filmv1_Eaf_tslogit_normal_afschsigmoid/H8_K2_Meuler_T0.5_Dmix_visual_aligning.models.visual_af_diffusion.VisualAlphaFlow_VTrue_mpc4_filmv1_Eaf/6/results_train_set/combined_5-tightened/model_free-bounds_free_train_set/model_free-bounds_free_train_set.npz,,
6,H8_K2_Meuler_T0.5_Dmix_visual_aligning.models.visual_af_diffusion.VisualAlphaFlow_VTrue_mpc4_filmv1_Eaf,6,train,combined_5-tightened,post_processing,npz,0.0,,1.0,30,4,0.13333333333333333,0,0.0,1.0,/data/home/llim/FMPCC/FM-PCC/logs/aligning-d3il-visual/plans/mix_visual_aligning_af/H8_Dmix_visual_aligning.models.visual_af_diffusion.VisualAlphaFlow_a1.5_b1.0_aw1_VTrue_steps1000_bs64_filmv1_Eaf_tslogit_normal_afschsigmoid/H8_K2_Meuler_T0.5_Dmix_visual_aligning.models.visual_af_diffusion.VisualAlphaFlow_VTrue_mpc4_filmv1_Eaf,combined_5,True,post_processing_train_set,30.0,/data/home/llim/FMPCC/FM-PCC/logs/aligning-d3il-visual/plans/mix_visual_aligning_af/H8_Dmix_visual_aligning.models.visual_af_diffusion.VisualAlphaFlow_a1.5_b1.0_aw1_VTrue_steps1000_bs64_filmv1_Eaf_tslogit_normal_afschsigmoid/H8_K2_Meuler_T0.5_Dmix_visual_aligning.models.visual_af_diffusion.VisualAlphaFlow_VTrue_mpc4_filmv1_Eaf/6/results_train_set/combined_5-tightened/post_processing_train_set/post_processing_train_set.npz,,
7,H8_K2_Meuler_T0.5_Dmix_visual_aligning.models.visual_af_diffusion.VisualAlphaFlow_VTrue_mpc4_filmv2_Eaf,6,train,combined_5,bounds_free,npz,0.0,,1.0,30,0,0.0,0,0.0,1.0,/data/home/llim/FMPCC/FM-PCC/logs/aligning-d3il-visual/plans/mix_visual_aligning_af/H8_Dmix_visual_aligning.models.visual_af_diffusion.VisualAlphaFlow_a1.5_b1.0_aw1_VTrue_steps1000_bs64_filmv2_Eaf_tslogit_normal_afschsigmoid/H8_K2_Meuler_T0.5_Dmix_visual_aligning.models.visual_af_diffusion.VisualAlphaFlow_VTrue_mpc4_filmv2_Eaf,combined_5,False,bounds_free_train_set,30.0,/data/home/llim/FMPCC/FM-PCC/logs/aligning-d3il-visual/plans/mix_visual_aligning_af/H8_Dmix_visual_aligning.models.visual_af_diffusion.VisualAlphaFlow_a1.5_b1.0_aw1_VTrue_steps1000_bs64_filmv2_Eaf_tslogit_normal_afschsigmoid/H8_K2_Meuler_T0.5_Dmix_visual_aligning.models.visual_af_diffusion.VisualAlphaFlow_VTrue_mpc4_filmv2_Eaf/6/results_train_set/combined_5/bounds_free_train_set/bounds_free_train_set.npz,,
7,H8_K2_Meuler_T0.5_Dmix_visual_aligning.models.visual_af_diffusion.VisualAlphaFlow_VTrue_mpc4_filmv2_Eaf,6,train,combined_5,diffuser,npz,0.0,,1.0,30,0,0.0,0,0.0,1.0,/data/home/llim/FMPCC/FM-PCC/logs/aligning-d3il-visual/plans/mix_visual_aligning_af/H8_Dmix_visual_aligning.models.visual_af_diffusion.VisualAlphaFlow_a1.5_b1.0_aw1_VTrue_steps1000_bs64_filmv2_Eaf_tslogit_normal_afschsigmoid/H8_K2_Meuler_T0.5_Dmix_visual_aligning.models.visual_af_diffusion.VisualAlphaFlow_VTrue_mpc4_filmv2_Eaf,combined_5,False,diffuser_train_set,30.0,/data/home/llim/FMPCC/FM-PCC/logs/aligning-d3il-visual/plans/mix_visual_aligning_af/H8_Dmix_visual_aligning.models.visual_af_diffusion.VisualAlphaFlow_a1.5_b1.0_aw1_VTrue_steps1000_bs64_filmv2_Eaf_tslogit_normal_afschsigmoid/H8_K2_Meuler_T0.5_Dmix_visual_aligning.models.visual_af_diffusion.VisualAlphaFlow_VTrue_mpc4_filmv2_Eaf/6/results_train_set/combined_5/diffuser_train_set/diffuser_train_set.npz,,
7,H8_K2_Meuler_T0.5_Dmix_visual_aligning.models.visual_af_diffusion.VisualAlphaFlow_VTrue_mpc4_filmv2_Eaf,6,train,combined_5,dpcc-c,npz,0.0,,1.0,30,0,0.0,0,0.0,1.0,/data/home/llim/FMPCC/FM-PCC/logs/aligning-d3il-visual/plans/mix_visual_aligning_af/H8_Dmix_visual_aligning.models.visual_af_diffusion.VisualAlphaFlow_a1.5_b1.0_aw1_VTrue_steps1000_bs64_filmv2_Eaf_tslogit_normal_afschsigmoid/H8_K2_Meuler_T0.5_Dmix_visual_aligning.models.visual_af_diffusion.VisualAlphaFlow_VTrue_mpc4_filmv2_Eaf,combined_5,False,dpcc-c_train_set,30.0,/data/home/llim/FMPCC/FM-PCC/logs/aligning-d3il-visual/plans/mix_visual_aligning_af/H8_Dmix_visual_aligning.models.visual_af_diffusion.VisualAlphaFlow_a1.5_b1.0_aw1_VTrue_steps1000_bs64_filmv2_Eaf_tslogit_normal_afschsigmoid/H8_K2_Meuler_T0.5_Dmix_visual_aligning.models.visual_af_diffusion.VisualAlphaFlow_VTrue_mpc4_filmv2_Eaf/6/results_train_set/combined_5/dpcc-c_train_set/dpcc-c_train_set.npz,,
7,H8_K2_Meuler_T0.5_Dmix_visual_aligning.models.visual_af_diffusion.VisualAlphaFlow_VTrue_mpc4_filmv2_Eaf,6,train,combined_5,dpcc-c-dt0p25,npz,0.0,,1.0,30,0,0.0,0,0.0,1.0,/data/home/llim/FMPCC/FM-PCC/logs/aligning-d3il-visual/plans/mix_visual_aligning_af/H8_Dmix_visual_aligning.models.visual_af_diffusion.VisualAlphaFlow_a1.5_b1.0_aw1_VTrue_steps1000_bs64_filmv2_Eaf_tslogit_normal_afschsigmoid/H8_K2_Meuler_T0.5_Dmix_visual_aligning.models.visual_af_diffusion.VisualAlphaFlow_VTrue_mpc4_filmv2_Eaf,combined_5,False,dpcc-c-dt0p25_train_set,30.0,/data/home/llim/FMPCC/FM-PCC/logs/aligning-d3il-visual/plans/mix_visual_aligning_af/H8_Dmix_visual_aligning.models.visual_af_diffusion.VisualAlphaFlow_a1.5_b1.0_aw1_VTrue_steps1000_bs64_filmv2_Eaf_tslogit_normal_afschsigmoid/H8_K2_Meuler_T0.5_Dmix_visual_aligning.models.visual_af_diffusion.VisualAlphaFlow_VTrue_mpc4_filmv2_Eaf/6/results_train_set/combined_5/dpcc-c-dt0p25_train_set/dpcc-c-dt0p25_train_set.npz,,
7,H8_K2_Meuler_T0.5_Dmix_visual_aligning.models.visual_af_diffusion.VisualAlphaFlow_VTrue_mpc4_filmv2_Eaf,6,train,combined_5,dpcc-c-dt0p5,npz,0.0,,1.0,30,0,0.0,0,0.0,1.0,/data/home/llim/FMPCC/FM-PCC/logs/aligning-d3il-visual/plans/mix_visual_aligning_af/H8_Dmix_visual_aligning.models.visual_af_diffusion.VisualAlphaFlow_a1.5_b1.0_aw1_VTrue_steps1000_bs64_filmv2_Eaf_tslogit_normal_afschsigmoid/H8_K2_Meuler_T0.5_Dmix_visual_aligning.models.visual_af_diffusion.VisualAlphaFlow_VTrue_mpc4_filmv2_Eaf,combined_5,False,dpcc-c-dt0p5_train_set,30.0,/data/home/llim/FMPCC/FM-PCC/logs/aligning-d3il-visual/plans/mix_visual_aligning_af/H8_Dmix_visual_aligning.models.visual_af_diffusion.VisualAlphaFlow_a1.5_b1.0_aw1_VTrue_steps1000_bs64_filmv2_Eaf_tslogit_normal_afschsigmoid/H8_K2_Meuler_T0.5_Dmix_visual_aligning.models.visual_af_diffusion.VisualAlphaFlow_VTrue_mpc4_filmv2_Eaf/6/results_train_set/combined_5/dpcc-c-dt0p5_train_set/dpcc-c-dt0p5_train_set.npz,,
7,H8_K2_Meuler_T0.5_Dmix_visual_aligning.models.visual_af_diffusion.VisualAlphaFlow_VTrue_mpc4_filmv2_Eaf,6,train,combined_5,dpcc-c-dt2p0,npz,0.0,,1.0,30,0,0.0,0,0.0,1.0,/data/home/llim/FMPCC/FM-PCC/logs/aligning-d3il-visual/plans/mix_visual_aligning_af/H8_Dmix_visual_aligning.models.visual_af_diffusion.VisualAlphaFlow_a1.5_b1.0_aw1_VTrue_steps1000_bs64_filmv2_Eaf_tslogit_normal_afschsigmoid/H8_K2_Meuler_T0.5_Dmix_visual_aligning.models.visual_af_diffusion.VisualAlphaFlow_VTrue_mpc4_filmv2_Eaf,combined_5,False,dpcc-c-dt2p0_train_set,30.0,/data/home/llim/FMPCC/FM-PCC/logs/aligning-d3il-visual/plans/mix_visual_aligning_af/H8_Dmix_visual_aligning.models.visual_af_diffusion.VisualAlphaFlow_a1.5_b1.0_aw1_VTrue_steps1000_bs64_filmv2_Eaf_tslogit_normal_afschsigmoid/H8_K2_Meuler_T0.5_Dmix_visual_aligning.models.visual_af_diffusion.VisualAlphaFlow_VTrue_mpc4_filmv2_Eaf/6/results_train_set/combined_5/dpcc-c-dt2p0_train_set/dpcc-c-dt2p0_train_set.npz,,
7,H8_K2_Meuler_T0.5_Dmix_visual_aligning.models.visual_af_diffusion.VisualAlphaFlow_VTrue_mpc4_filmv2_Eaf,6,train,combined_5,dpcc-c-dt4p0,npz,0.0,,1.0,30,0,0.0,0,0.0,1.0,/data/home/llim/FMPCC/FM-PCC/logs/aligning-d3il-visual/plans/mix_visual_aligning_af/H8_Dmix_visual_aligning.models.visual_af_diffusion.VisualAlphaFlow_a1.5_b1.0_aw1_VTrue_steps1000_bs64_filmv2_Eaf_tslogit_normal_afschsigmoid/H8_K2_Meuler_T0.5_Dmix_visual_aligning.models.visual_af_diffusion.VisualAlphaFlow_VTrue_mpc4_filmv2_Eaf,combined_5,False,dpcc-c-dt4p0_train_set,30.0,/data/home/llim/FMPCC/FM-PCC/logs/aligning-d3il-visual/plans/mix_visual_aligning_af/H8_Dmix_visual_aligning.models.visual_af_diffusion.VisualAlphaFlow_a1.5_b1.0_aw1_VTrue_steps1000_bs64_filmv2_Eaf_tslogit_normal_afschsigmoid/H8_K2_Meuler_T0.5_Dmix_visual_aligning.models.visual_af_diffusion.VisualAlphaFlow_VTrue_mpc4_filmv2_Eaf/6/results_train_set/combined_5/dpcc-c-dt4p0_train_set/dpcc-c-dt4p0_train_set.npz,,
7,H8_K2_Meuler_T0.5_Dmix_visual_aligning.models.visual_af_diffusion.VisualAlphaFlow_VTrue_mpc4_filmv2_Eaf,6,train,combined_5,dpcc-r,npz,0.0,,1.0,30,0,0.0,0,0.0,1.0,/data/home/llim/FMPCC/FM-PCC/logs/aligning-d3il-visual/plans/mix_visual_aligning_af/H8_Dmix_visual_aligning.models.visual_af_diffusion.VisualAlphaFlow_a1.5_b1.0_aw1_VTrue_steps1000_bs64_filmv2_Eaf_tslogit_normal_afschsigmoid/H8_K2_Meuler_T0.5_Dmix_visual_aligning.models.visual_af_diffusion.VisualAlphaFlow_VTrue_mpc4_filmv2_Eaf,combined_5,False,dpcc-r_train_set,30.0,/data/home/llim/FMPCC/FM-PCC/logs/aligning-d3il-visual/plans/mix_visual_aligning_af/H8_Dmix_visual_aligning.models.visual_af_diffusion.VisualAlphaFlow_a1.5_b1.0_aw1_VTrue_steps1000_bs64_filmv2_Eaf_tslogit_normal_afschsigmoid/H8_K2_Meuler_T0.5_Dmix_visual_aligning.models.visual_af_diffusion.VisualAlphaFlow_VTrue_mpc4_filmv2_Eaf/6/results_train_set/combined_5/dpcc-r_train_set/dpcc-r_train_set.npz,,
7,H8_K2_Meuler_T0.5_Dmix_visual_aligning.models.visual_af_diffusion.VisualAlphaFlow_VTrue_mpc4_filmv2_Eaf,6,train,combined_5,dpcc-t,npz,0.0,,1.0,30,0,0.0,0,0.0,1.0,/data/home/llim/FMPCC/FM-PCC/logs/aligning-d3il-visual/plans/mix_visual_aligning_af/H8_Dmix_visual_aligning.models.visual_af_diffusion.VisualAlphaFlow_a1.5_b1.0_aw1_VTrue_steps1000_bs64_filmv2_Eaf_tslogit_normal_afschsigmoid/H8_K2_Meuler_T0.5_Dmix_visual_aligning.models.visual_af_diffusion.VisualAlphaFlow_VTrue_mpc4_filmv2_Eaf,combined_5,False,dpcc-t_train_set,30.0,/data/home/llim/FMPCC/FM-PCC/logs/aligning-d3il-visual/plans/mix_visual_aligning_af/H8_Dmix_visual_aligning.models.visual_af_diffusion.VisualAlphaFlow_a1.5_b1.0_aw1_VTrue_steps1000_bs64_filmv2_Eaf_tslogit_normal_afschsigmoid/H8_K2_Meuler_T0.5_Dmix_visual_aligning.models.visual_af_diffusion.VisualAlphaFlow_VTrue_mpc4_filmv2_Eaf/6/results_train_set/combined_5/dpcc-t_train_set/dpcc-t_train_set.npz,,
7,H8_K2_Meuler_T0.5_Dmix_visual_aligning.models.visual_af_diffusion.VisualAlphaFlow_VTrue_mpc4_filmv2_Eaf,6,train,combined_5,geo_free,npz,0.0,,1.0,30,0,0.0,0,0.0,1.0,/data/home/llim/FMPCC/FM-PCC/logs/aligning-d3il-visual/plans/mix_visual_aligning_af/H8_Dmix_visual_aligning.models.visual_af_diffusion.VisualAlphaFlow_a1.5_b1.0_aw1_VTrue_steps1000_bs64_filmv2_Eaf_tslogit_normal_afschsigmoid/H8_K2_Meuler_T0.5_Dmix_visual_aligning.models.visual_af_diffusion.VisualAlphaFlow_VTrue_mpc4_filmv2_Eaf,combined_5,False,geo_free_train_set,30.0,/data/home/llim/FMPCC/FM-PCC/logs/aligning-d3il-visual/plans/mix_visual_aligning_af/H8_Dmix_visual_aligning.models.visual_af_diffusion.VisualAlphaFlow_a1.5_b1.0_aw1_VTrue_steps1000_bs64_filmv2_Eaf_tslogit_normal_afschsigmoid/H8_K2_Meuler_T0.5_Dmix_visual_aligning.models.visual_af_diffusion.VisualAlphaFlow_VTrue_mpc4_filmv2_Eaf/6/results_train_set/combined_5/geo_free_train_set/geo_free_train_set.npz,,
7,H8_K2_Meuler_T0.5_Dmix_visual_aligning.models.visual_af_diffusion.VisualAlphaFlow_VTrue_mpc4_filmv2_Eaf,6,train,combined_5,geo_free-bounds_free,npz,0.0,,1.0,30,0,0.0,0,0.0,1.0,/data/home/llim/FMPCC/FM-PCC/logs/aligning-d3il-visual/plans/mix_visual_aligning_af/H8_Dmix_visual_aligning.models.visual_af_diffusion.VisualAlphaFlow_a1.5_b1.0_aw1_VTrue_steps1000_bs64_filmv2_Eaf_tslogit_normal_afschsigmoid/H8_K2_Meuler_T0.5_Dmix_visual_aligning.models.visual_af_diffusion.VisualAlphaFlow_VTrue_mpc4_filmv2_Eaf,combined_5,False,geo_free-bounds_free_train_set,30.0,/data/home/llim/FMPCC/FM-PCC/logs/aligning-d3il-visual/plans/mix_visual_aligning_af/H8_Dmix_visual_aligning.models.visual_af_diffusion.VisualAlphaFlow_a1.5_b1.0_aw1_VTrue_steps1000_bs64_filmv2_Eaf_tslogit_normal_afschsigmoid/H8_K2_Meuler_T0.5_Dmix_visual_aligning.models.visual_af_diffusion.VisualAlphaFlow_VTrue_mpc4_filmv2_Eaf/6/results_train_set/combined_5/geo_free-bounds_free_train_set/geo_free-bounds_free_train_set.npz,,
7,H8_K2_Meuler_T0.5_Dmix_visual_aligning.models.visual_af_diffusion.VisualAlphaFlow_VTrue_mpc4_filmv2_Eaf,6,train,combined_5,geo_free-model_free,npz,0.0,,1.0,30,0,0.0,0,0.0,1.0,/data/home/llim/FMPCC/FM-PCC/logs/aligning-d3il-visual/plans/mix_visual_aligning_af/H8_Dmix_visual_aligning.models.visual_af_diffusion.VisualAlphaFlow_a1.5_b1.0_aw1_VTrue_steps1000_bs64_filmv2_Eaf_tslogit_normal_afschsigmoid/H8_K2_Meuler_T0.5_Dmix_visual_aligning.models.visual_af_diffusion.VisualAlphaFlow_VTrue_mpc4_filmv2_Eaf,combined_5,False,geo_free-model_free_train_set,30.0,/data/home/llim/FMPCC/FM-PCC/logs/aligning-d3il-visual/plans/mix_visual_aligning_af/H8_Dmix_visual_aligning.models.visual_af_diffusion.VisualAlphaFlow_a1.5_b1.0_aw1_VTrue_steps1000_bs64_filmv2_Eaf_tslogit_normal_afschsigmoid/H8_K2_Meuler_T0.5_Dmix_visual_aligning.models.visual_af_diffusion.VisualAlphaFlow_VTrue_mpc4_filmv2_Eaf/6/results_train_set/combined_5/geo_free-model_free_train_set/geo_free-model_free_train_set.npz,,
7,H8_K2_Meuler_T0.5_Dmix_visual_aligning.models.visual_af_diffusion.VisualAlphaFlow_VTrue_mpc4_filmv2_Eaf,6,train,combined_5,gradient,npz,0.0,,1.0,30,0,0.0,0,0.0,1.0,/data/home/llim/FMPCC/FM-PCC/logs/aligning-d3il-visual/plans/mix_visual_aligning_af/H8_Dmix_visual_aligning.models.visual_af_diffusion.VisualAlphaFlow_a1.5_b1.0_aw1_VTrue_steps1000_bs64_filmv2_Eaf_tslogit_normal_afschsigmoid/H8_K2_Meuler_T0.5_Dmix_visual_aligning.models.visual_af_diffusion.VisualAlphaFlow_VTrue_mpc4_filmv2_Eaf,combined_5,False,gradient_train_set,30.0,/data/home/llim/FMPCC/FM-PCC/logs/aligning-d3il-visual/plans/mix_visual_aligning_af/H8_Dmix_visual_aligning.models.visual_af_diffusion.VisualAlphaFlow_a1.5_b1.0_aw1_VTrue_steps1000_bs64_filmv2_Eaf_tslogit_normal_afschsigmoid/H8_K2_Meuler_T0.5_Dmix_visual_aligning.models.visual_af_diffusion.VisualAlphaFlow_VTrue_mpc4_filmv2_Eaf/6/results_train_set/combined_5/gradient_train_set/gradient_train_set.npz,,
7,H8_K2_Meuler_T0.5_Dmix_visual_aligning.models.visual_af_diffusion.VisualAlphaFlow_VTrue_mpc4_filmv2_Eaf,6,train,combined_5,model_free,npz,0.0,,1.0,30,0,0.0,0,0.0,1.0,/data/home/llim/FMPCC/FM-PCC/logs/aligning-d3il-visual/plans/mix_visual_aligning_af/H8_Dmix_visual_aligning.models.visual_af_diffusion.VisualAlphaFlow_a1.5_b1.0_aw1_VTrue_steps1000_bs64_filmv2_Eaf_tslogit_normal_afschsigmoid/H8_K2_Meuler_T0.5_Dmix_visual_aligning.models.visual_af_diffusion.VisualAlphaFlow_VTrue_mpc4_filmv2_Eaf,combined_5,False,model_free_train_set,30.0,/data/home/llim/FMPCC/FM-PCC/logs/aligning-d3il-visual/plans/mix_visual_aligning_af/H8_Dmix_visual_aligning.models.visual_af_diffusion.VisualAlphaFlow_a1.5_b1.0_aw1_VTrue_steps1000_bs64_filmv2_Eaf_tslogit_normal_afschsigmoid/H8_K2_Meuler_T0.5_Dmix_visual_aligning.models.visual_af_diffusion.VisualAlphaFlow_VTrue_mpc4_filmv2_Eaf/6/results_train_set/combined_5/model_free_train_set/model_free_train_set.npz,,
7,H8_K2_Meuler_T0.5_Dmix_visual_aligning.models.visual_af_diffusion.VisualAlphaFlow_VTrue_mpc4_filmv2_Eaf,6,train,combined_5,model_free-bounds_free,npz,0.0,,1.0,30,0,0.0,0,0.0,1.0,/data/home/llim/FMPCC/FM-PCC/logs/aligning-d3il-visual/plans/mix_visual_aligning_af/H8_Dmix_visual_aligning.models.visual_af_diffusion.VisualAlphaFlow_a1.5_b1.0_aw1_VTrue_steps1000_bs64_filmv2_Eaf_tslogit_normal_afschsigmoid/H8_K2_Meuler_T0.5_Dmix_visual_aligning.models.visual_af_diffusion.VisualAlphaFlow_VTrue_mpc4_filmv2_Eaf,combined_5,False,model_free-bounds_free_train_set,30.0,/data/home/llim/FMPCC/FM-PCC/logs/aligning-d3il-visual/plans/mix_visual_aligning_af/H8_Dmix_visual_aligning.models.visual_af_diffusion.VisualAlphaFlow_a1.5_b1.0_aw1_VTrue_steps1000_bs64_filmv2_Eaf_tslogit_normal_afschsigmoid/H8_K2_Meuler_T0.5_Dmix_visual_aligning.models.visual_af_diffusion.VisualAlphaFlow_VTrue_mpc4_filmv2_Eaf/6/results_train_set/combined_5/model_free-bounds_free_train_set/model_free-bounds_free_train_set.npz,,
7,H8_K2_Meuler_T0.5_Dmix_visual_aligning.models.visual_af_diffusion.VisualAlphaFlow_VTrue_mpc4_filmv2_Eaf,6,train,combined_5,post_processing,npz,0.0,,1.0,30,0,0.0,0,0.0,1.0,/data/home/llim/FMPCC/FM-PCC/logs/aligning-d3il-visual/plans/mix_visual_aligning_af/H8_Dmix_visual_aligning.models.visual_af_diffusion.VisualAlphaFlow_a1.5_b1.0_aw1_VTrue_steps1000_bs64_filmv2_Eaf_tslogit_normal_afschsigmoid/H8_K2_Meuler_T0.5_Dmix_visual_aligning.models.visual_af_diffusion.VisualAlphaFlow_VTrue_mpc4_filmv2_Eaf,combined_5,False,post_processing_train_set,30.0,/data/home/llim/FMPCC/FM-PCC/logs/aligning-d3il-visual/plans/mix_visual_aligning_af/H8_Dmix_visual_aligning.models.visual_af_diffusion.VisualAlphaFlow_a1.5_b1.0_aw1_VTrue_steps1000_bs64_filmv2_Eaf_tslogit_normal_afschsigmoid/H8_K2_Meuler_T0.5_Dmix_visual_aligning.models.visual_af_diffusion.VisualAlphaFlow_VTrue_mpc4_filmv2_Eaf/6/results_train_set/combined_5/post_processing_train_set/post_processing_train_set.npz,,
7,H8_K2_Meuler_T0.5_Dmix_visual_aligning.models.visual_af_diffusion.VisualAlphaFlow_VTrue_mpc4_filmv2_Eaf,6,train,combined_5-tightened,bounds_free,npz,0.0,,1.0,30,4,0.13333333333333333,0,0.0,1.0,/data/home/llim/FMPCC/FM-PCC/logs/aligning-d3il-visual/plans/mix_visual_aligning_af/H8_Dmix_visual_aligning.models.visual_af_diffusion.VisualAlphaFlow_a1.5_b1.0_aw1_VTrue_steps1000_bs64_filmv2_Eaf_tslogit_normal_afschsigmoid/H8_K2_Meuler_T0.5_Dmix_visual_aligning.models.visual_af_diffusion.VisualAlphaFlow_VTrue_mpc4_filmv2_Eaf,combined_5,True,bounds_free_train_set,30.0,/data/home/llim/FMPCC/FM-PCC/logs/aligning-d3il-visual/plans/mix_visual_aligning_af/H8_Dmix_visual_aligning.models.visual_af_diffusion.VisualAlphaFlow_a1.5_b1.0_aw1_VTrue_steps1000_bs64_filmv2_Eaf_tslogit_normal_afschsigmoid/H8_K2_Meuler_T0.5_Dmix_visual_aligning.models.visual_af_diffusion.VisualAlphaFlow_VTrue_mpc4_filmv2_Eaf/6/results_train_set/combined_5-tightened/bounds_free_train_set/bounds_free_train_set.npz,,
7,H8_K2_Meuler_T0.5_Dmix_visual_aligning.models.visual_af_diffusion.VisualAlphaFlow_VTrue_mpc4_filmv2_Eaf,6,train,combined_5-tightened,diffuser,npz,0.0,,1.0,30,4,0.13333333333333333,0,0.0,1.0,/data/home/llim/FMPCC/FM-PCC/logs/aligning-d3il-visual/plans/mix_visual_aligning_af/H8_Dmix_visual_aligning.models.visual_af_diffusion.VisualAlphaFlow_a1.5_b1.0_aw1_VTrue_steps1000_bs64_filmv2_Eaf_tslogit_normal_afschsigmoid/H8_K2_Meuler_T0.5_Dmix_visual_aligning.models.visual_af_diffusion.VisualAlphaFlow_VTrue_mpc4_filmv2_Eaf,combined_5,True,diffuser_train_set,30.0,/data/home/llim/FMPCC/FM-PCC/logs/aligning-d3il-visual/plans/mix_visual_aligning_af/H8_Dmix_visual_aligning.models.visual_af_diffusion.VisualAlphaFlow_a1.5_b1.0_aw1_VTrue_steps1000_bs64_filmv2_Eaf_tslogit_normal_afschsigmoid/H8_K2_Meuler_T0.5_Dmix_visual_aligning.models.visual_af_diffusion.VisualAlphaFlow_VTrue_mpc4_filmv2_Eaf/6/results_train_set/combined_5-tightened/diffuser_train_set/diffuser_train_set.npz,,
7,H8_K2_Meuler_T0.5_Dmix_visual_aligning.models.visual_af_diffusion.VisualAlphaFlow_VTrue_mpc4_filmv2_Eaf,6,train,combined_5-tightened,dpcc-c,npz,0.0,,1.0,30,4,0.13333333333333333,0,0.0,1.0,/data/home/llim/FMPCC/FM-PCC/logs/aligning-d3il-visual/plans/mix_visual_aligning_af/H8_Dmix_visual_aligning.models.visual_af_diffusion.VisualAlphaFlow_a1.5_b1.0_aw1_VTrue_steps1000_bs64_filmv2_Eaf_tslogit_normal_afschsigmoid/H8_K2_Meuler_T0.5_Dmix_visual_aligning.models.visual_af_diffusion.VisualAlphaFlow_VTrue_mpc4_filmv2_Eaf,combined_5,True,dpcc-c_train_set,30.0,/data/home/llim/FMPCC/FM-PCC/logs/aligning-d3il-visual/plans/mix_visual_aligning_af/H8_Dmix_visual_aligning.models.visual_af_diffusion.VisualAlphaFlow_a1.5_b1.0_aw1_VTrue_steps1000_bs64_filmv2_Eaf_tslogit_normal_afschsigmoid/H8_K2_Meuler_T0.5_Dmix_visual_aligning.models.visual_af_diffusion.VisualAlphaFlow_VTrue_mpc4_filmv2_Eaf/6/results_train_set/combined_5-tightened/dpcc-c_train_set/dpcc-c_train_set.npz,,
7,H8_K2_Meuler_T0.5_Dmix_visual_aligning.models.visual_af_diffusion.VisualAlphaFlow_VTrue_mpc4_filmv2_Eaf,6,train,combined_5-tightened,dpcc-c-dt0p25,npz,0.0,,1.0,30,4,0.13333333333333333,0,0.0,1.0,/data/home/llim/FMPCC/FM-PCC/logs/aligning-d3il-visual/plans/mix_visual_aligning_af/H8_Dmix_visual_aligning.models.visual_af_diffusion.VisualAlphaFlow_a1.5_b1.0_aw1_VTrue_steps1000_bs64_filmv2_Eaf_tslogit_normal_afschsigmoid/H8_K2_Meuler_T0.5_Dmix_visual_aligning.models.visual_af_diffusion.VisualAlphaFlow_VTrue_mpc4_filmv2_Eaf,combined_5,True,dpcc-c-dt0p25_train_set,30.0,/data/home/llim/FMPCC/FM-PCC/logs/aligning-d3il-visual/plans/mix_visual_aligning_af/H8_Dmix_visual_aligning.models.visual_af_diffusion.VisualAlphaFlow_a1.5_b1.0_aw1_VTrue_steps1000_bs64_filmv2_Eaf_tslogit_normal_afschsigmoid/H8_K2_Meuler_T0.5_Dmix_visual_aligning.models.visual_af_diffusion.VisualAlphaFlow_VTrue_mpc4_filmv2_Eaf/6/results_train_set/combined_5-tightened/dpcc-c-dt0p25_train_set/dpcc-c-dt0p25_train_set.npz,,
7,H8_K2_Meuler_T0.5_Dmix_visual_aligning.models.visual_af_diffusion.VisualAlphaFlow_VTrue_mpc4_filmv2_Eaf,6,train,combined_5-tightened,dpcc-c-dt0p5,npz,0.0,,1.0,30,4,0.13333333333333333,0,0.0,1.0,/data/home/llim/FMPCC/FM-PCC/logs/aligning-d3il-visual/plans/mix_visual_aligning_af/H8_Dmix_visual_aligning.models.visual_af_diffusion.VisualAlphaFlow_a1.5_b1.0_aw1_VTrue_steps1000_bs64_filmv2_Eaf_tslogit_normal_afschsigmoid/H8_K2_Meuler_T0.5_Dmix_visual_aligning.models.visual_af_diffusion.VisualAlphaFlow_VTrue_mpc4_filmv2_Eaf,combined_5,True,dpcc-c-dt0p5_train_set,30.0,/data/home/llim/FMPCC/FM-PCC/logs/aligning-d3il-visual/plans/mix_visual_aligning_af/H8_Dmix_visual_aligning.models.visual_af_diffusion.VisualAlphaFlow_a1.5_b1.0_aw1_VTrue_steps1000_bs64_filmv2_Eaf_tslogit_normal_afschsigmoid/H8_K2_Meuler_T0.5_Dmix_visual_aligning.models.visual_af_diffusion.VisualAlphaFlow_VTrue_mpc4_filmv2_Eaf/6/results_train_set/combined_5-tightened/dpcc-c-dt0p5_train_set/dpcc-c-dt0p5_train_set.npz,,
7,H8_K2_Meuler_T0.5_Dmix_visual_aligning.models.visual_af_diffusion.VisualAlphaFlow_VTrue_mpc4_filmv2_Eaf,6,train,combined_5-tightened,dpcc-c-dt2p0,npz,0.0,,1.0,30,4,0.13333333333333333,0,0.0,1.0,/data/home/llim/FMPCC/FM-PCC/logs/aligning-d3il-visual/plans/mix_visual_aligning_af/H8_Dmix_visual_aligning.models.visual_af_diffusion.VisualAlphaFlow_a1.5_b1.0_aw1_VTrue_steps1000_bs64_filmv2_Eaf_tslogit_normal_afschsigmoid/H8_K2_Meuler_T0.5_Dmix_visual_aligning.models.visual_af_diffusion.VisualAlphaFlow_VTrue_mpc4_filmv2_Eaf,combined_5,True,dpcc-c-dt2p0_train_set,30.0,/data/home/llim/FMPCC/FM-PCC/logs/aligning-d3il-visual/plans/mix_visual_aligning_af/H8_Dmix_visual_aligning.models.visual_af_diffusion.VisualAlphaFlow_a1.5_b1.0_aw1_VTrue_steps1000_bs64_filmv2_Eaf_tslogit_normal_afschsigmoid/H8_K2_Meuler_T0.5_Dmix_visual_aligning.models.visual_af_diffusion.VisualAlphaFlow_VTrue_mpc4_filmv2_Eaf/6/results_train_set/combined_5-tightened/dpcc-c-dt2p0_train_set/dpcc-c-dt2p0_train_set.npz,,
7,H8_K2_Meuler_T0.5_Dmix_visual_aligning.models.visual_af_diffusion.VisualAlphaFlow_VTrue_mpc4_filmv2_Eaf,6,train,combined_5-tightened,dpcc-c-dt4p0,npz,0.0,,1.0,30,4,0.13333333333333333,0,0.0,1.0,/data/home/llim/FMPCC/FM-PCC/logs/aligning-d3il-visual/plans/mix_visual_aligning_af/H8_Dmix_visual_aligning.models.visual_af_diffusion.VisualAlphaFlow_a1.5_b1.0_aw1_VTrue_steps1000_bs64_filmv2_Eaf_tslogit_normal_afschsigmoid/H8_K2_Meuler_T0.5_Dmix_visual_aligning.models.visual_af_diffusion.VisualAlphaFlow_VTrue_mpc4_filmv2_Eaf,combined_5,True,dpcc-c-dt4p0_train_set,30.0,/data/home/llim/FMPCC/FM-PCC/logs/aligning-d3il-visual/plans/mix_visual_aligning_af/H8_Dmix_visual_aligning.models.visual_af_diffusion.VisualAlphaFlow_a1.5_b1.0_aw1_VTrue_steps1000_bs64_filmv2_Eaf_tslogit_normal_afschsigmoid/H8_K2_Meuler_T0.5_Dmix_visual_aligning.models.visual_af_diffusion.VisualAlphaFlow_VTrue_mpc4_filmv2_Eaf/6/results_train_set/combined_5-tightened/dpcc-c-dt4p0_train_set/dpcc-c-dt4p0_train_set.npz,,
7,H8_K2_Meuler_T0.5_Dmix_visual_aligning.models.visual_af_diffusion.VisualAlphaFlow_VTrue_mpc4_filmv2_Eaf,6,train,combined_5-tightened,dpcc-r,npz,0.0,,1.0,30,4,0.13333333333333333,0,0.0,1.0,/data/home/llim/FMPCC/FM-PCC/logs/aligning-d3il-visual/plans/mix_visual_aligning_af/H8_Dmix_visual_aligning.models.visual_af_diffusion.VisualAlphaFlow_a1.5_b1.0_aw1_VTrue_steps1000_bs64_filmv2_Eaf_tslogit_normal_afschsigmoid/H8_K2_Meuler_T0.5_Dmix_visual_aligning.models.visual_af_diffusion.VisualAlphaFlow_VTrue_mpc4_filmv2_Eaf,combined_5,True,dpcc-r_train_set,30.0,/data/home/llim/FMPCC/FM-PCC/logs/aligning-d3il-visual/plans/mix_visual_aligning_af/H8_Dmix_visual_aligning.models.visual_af_diffusion.VisualAlphaFlow_a1.5_b1.0_aw1_VTrue_steps1000_bs64_filmv2_Eaf_tslogit_normal_afschsigmoid/H8_K2_Meuler_T0.5_Dmix_visual_aligning.models.visual_af_diffusion.VisualAlphaFlow_VTrue_mpc4_filmv2_Eaf/6/results_train_set/combined_5-tightened/dpcc-r_train_set/dpcc-r_train_set.npz,,
7,H8_K2_Meuler_T0.5_Dmix_visual_aligning.models.visual_af_diffusion.VisualAlphaFlow_VTrue_mpc4_filmv2_Eaf,6,train,combined_5-tightened,dpcc-t,npz,0.0,,1.0,30,4,0.13333333333333333,0,0.0,1.0,/data/home/llim/FMPCC/FM-PCC/logs/aligning-d3il-visual/plans/mix_visual_aligning_af/H8_Dmix_visual_aligning.models.visual_af_diffusion.VisualAlphaFlow_a1.5_b1.0_aw1_VTrue_steps1000_bs64_filmv2_Eaf_tslogit_normal_afschsigmoid/H8_K2_Meuler_T0.5_Dmix_visual_aligning.models.visual_af_diffusion.VisualAlphaFlow_VTrue_mpc4_filmv2_Eaf,combined_5,True,dpcc-t_train_set,30.0,/data/home/llim/FMPCC/FM-PCC/logs/aligning-d3il-visual/plans/mix_visual_aligning_af/H8_Dmix_visual_aligning.models.visual_af_diffusion.VisualAlphaFlow_a1.5_b1.0_aw1_VTrue_steps1000_bs64_filmv2_Eaf_tslogit_normal_afschsigmoid/H8_K2_Meuler_T0.5_Dmix_visual_aligning.models.visual_af_diffusion.VisualAlphaFlow_VTrue_mpc4_filmv2_Eaf/6/results_train_set/combined_5-tightened/dpcc-t_train_set/dpcc-t_train_set.npz,,
7,H8_K2_Meuler_T0.5_Dmix_visual_aligning.models.visual_af_diffusion.VisualAlphaFlow_VTrue_mpc4_filmv2_Eaf,6,train,combined_5-tightened,geo_free,npz,0.0,,1.0,30,4,0.13333333333333333,0,0.0,1.0,/data/home/llim/FMPCC/FM-PCC/logs/aligning-d3il-visual/plans/mix_visual_aligning_af/H8_Dmix_visual_aligning.models.visual_af_diffusion.VisualAlphaFlow_a1.5_b1.0_aw1_VTrue_steps1000_bs64_filmv2_Eaf_tslogit_normal_afschsigmoid/H8_K2_Meuler_T0.5_Dmix_visual_aligning.models.visual_af_diffusion.VisualAlphaFlow_VTrue_mpc4_filmv2_Eaf,combined_5,True,geo_free_train_set,30.0,/data/home/llim/FMPCC/FM-PCC/logs/aligning-d3il-visual/plans/mix_visual_aligning_af/H8_Dmix_visual_aligning.models.visual_af_diffusion.VisualAlphaFlow_a1.5_b1.0_aw1_VTrue_steps1000_bs64_filmv2_Eaf_tslogit_normal_afschsigmoid/H8_K2_Meuler_T0.5_Dmix_visual_aligning.models.visual_af_diffusion.VisualAlphaFlow_VTrue_mpc4_filmv2_Eaf/6/results_train_set/combined_5-tightened/geo_free_train_set/geo_free_train_set.npz,,
7,H8_K2_Meuler_T0.5_Dmix_visual_aligning.models.visual_af_diffusion.VisualAlphaFlow_VTrue_mpc4_filmv2_Eaf,6,train,combined_5-tightened,geo_free-bounds_free,npz,0.0,,1.0,30,4,0.13333333333333333,0,0.0,1.0,/data/home/llim/FMPCC/FM-PCC/logs/aligning-d3il-visual/plans/mix_visual_aligning_af/H8_Dmix_visual_aligning.models.visual_af_diffusion.VisualAlphaFlow_a1.5_b1.0_aw1_VTrue_steps1000_bs64_filmv2_Eaf_tslogit_normal_afschsigmoid/H8_K2_Meuler_T0.5_Dmix_visual_aligning.models.visual_af_diffusion.VisualAlphaFlow_VTrue_mpc4_filmv2_Eaf,combined_5,True,geo_free-bounds_free_train_set,30.0,/data/home/llim/FMPCC/FM-PCC/logs/aligning-d3il-visual/plans/mix_visual_aligning_af/H8_Dmix_visual_aligning.models.visual_af_diffusion.VisualAlphaFlow_a1.5_b1.0_aw1_VTrue_steps1000_bs64_filmv2_Eaf_tslogit_normal_afschsigmoid/H8_K2_Meuler_T0.5_Dmix_visual_aligning.models.visual_af_diffusion.VisualAlphaFlow_VTrue_mpc4_filmv2_Eaf/6/results_train_set/combined_5-tightened/geo_free-bounds_free_train_set/geo_free-bounds_free_train_set.npz,,
7,H8_K2_Meuler_T0.5_Dmix_visual_aligning.models.visual_af_diffusion.VisualAlphaFlow_VTrue_mpc4_filmv2_Eaf,6,train,combined_5-tightened,geo_free-model_free,npz,0.0,,1.0,30,4,0.13333333333333333,0,0.0,1.0,/data/home/llim/FMPCC/FM-PCC/logs/aligning-d3il-visual/plans/mix_visual_aligning_af/H8_Dmix_visual_aligning.models.visual_af_diffusion.VisualAlphaFlow_a1.5_b1.0_aw1_VTrue_steps1000_bs64_filmv2_Eaf_tslogit_normal_afschsigmoid/H8_K2_Meuler_T0.5_Dmix_visual_aligning.models.visual_af_diffusion.VisualAlphaFlow_VTrue_mpc4_filmv2_Eaf,combined_5,True,geo_free-model_free_train_set,30.0,/data/home/llim/FMPCC/FM-PCC/logs/aligning-d3il-visual/plans/mix_visual_aligning_af/H8_Dmix_visual_aligning.models.visual_af_diffusion.VisualAlphaFlow_a1.5_b1.0_aw1_VTrue_steps1000_bs64_filmv2_Eaf_tslogit_normal_afschsigmoid/H8_K2_Meuler_T0.5_Dmix_visual_aligning.models.visual_af_diffusion.VisualAlphaFlow_VTrue_mpc4_filmv2_Eaf/6/results_train_set/combined_5-tightened/geo_free-model_free_train_set/geo_free-model_free_train_set.npz,,
7,H8_K2_Meuler_T0.5_Dmix_visual_aligning.models.visual_af_diffusion.VisualAlphaFlow_VTrue_mpc4_filmv2_Eaf,6,train,combined_5-tightened,gradient,npz,0.0,,1.0,30,4,0.13333333333333333,0,0.0,1.0,/data/home/llim/FMPCC/FM-PCC/logs/aligning-d3il-visual/plans/mix_visual_aligning_af/H8_Dmix_visual_aligning.models.visual_af_diffusion.VisualAlphaFlow_a1.5_b1.0_aw1_VTrue_steps1000_bs64_filmv2_Eaf_tslogit_normal_afschsigmoid/H8_K2_Meuler_T0.5_Dmix_visual_aligning.models.visual_af_diffusion.VisualAlphaFlow_VTrue_mpc4_filmv2_Eaf,combined_5,True,gradient_train_set,30.0,/data/home/llim/FMPCC/FM-PCC/logs/aligning-d3il-visual/plans/mix_visual_aligning_af/H8_Dmix_visual_aligning.models.visual_af_diffusion.VisualAlphaFlow_a1.5_b1.0_aw1_VTrue_steps1000_bs64_filmv2_Eaf_tslogit_normal_afschsigmoid/H8_K2_Meuler_T0.5_Dmix_visual_aligning.models.visual_af_diffusion.VisualAlphaFlow_VTrue_mpc4_filmv2_Eaf/6/results_train_set/combined_5-tightened/gradient_train_set/gradient_train_set.npz,,
7,H8_K2_Meuler_T0.5_Dmix_visual_aligning.models.visual_af_diffusion.VisualAlphaFlow_VTrue_mpc4_filmv2_Eaf,6,train,combined_5-tightened,model_free,npz,0.0,,1.0,30,4,0.13333333333333333,0,0.0,1.0,/data/home/llim/FMPCC/FM-PCC/logs/aligning-d3il-visual/plans/mix_visual_aligning_af/H8_Dmix_visual_aligning.models.visual_af_diffusion.VisualAlphaFlow_a1.5_b1.0_aw1_VTrue_steps1000_bs64_filmv2_Eaf_tslogit_normal_afschsigmoid/H8_K2_Meuler_T0.5_Dmix_visual_aligning.models.visual_af_diffusion.VisualAlphaFlow_VTrue_mpc4_filmv2_Eaf,combined_5,True,model_free_train_set,30.0,/data/home/llim/FMPCC/FM-PCC/logs/aligning-d3il-visual/plans/mix_visual_aligning_af/H8_Dmix_visual_aligning.models.visual_af_diffusion.VisualAlphaFlow_a1.5_b1.0_aw1_VTrue_steps1000_bs64_filmv2_Eaf_tslogit_normal_afschsigmoid/H8_K2_Meuler_T0.5_Dmix_visual_aligning.models.visual_af_diffusion.VisualAlphaFlow_VTrue_mpc4_filmv2_Eaf/6/results_train_set/combined_5-tightened/model_free_train_set/model_free_train_set.npz,,
7,H8_K2_Meuler_T0.5_Dmix_visual_aligning.models.visual_af_diffusion.VisualAlphaFlow_VTrue_mpc4_filmv2_Eaf,6,train,combined_5-tightened,model_free-bounds_free,npz,0.0,,1.0,30,4,0.13333333333333333,0,0.0,1.0,/data/home/llim/FMPCC/FM-PCC/logs/aligning-d3il-visual/plans/mix_visual_aligning_af/H8_Dmix_visual_aligning.models.visual_af_diffusion.VisualAlphaFlow_a1.5_b1.0_aw1_VTrue_steps1000_bs64_filmv2_Eaf_tslogit_normal_afschsigmoid/H8_K2_Meuler_T0.5_Dmix_visual_aligning.models.visual_af_diffusion.VisualAlphaFlow_VTrue_mpc4_filmv2_Eaf,combined_5,True,model_free-bounds_free_train_set,30.0,/data/home/llim/FMPCC/FM-PCC/logs/aligning-d3il-visual/plans/mix_visual_aligning_af/H8_Dmix_visual_aligning.models.visual_af_diffusion.VisualAlphaFlow_a1.5_b1.0_aw1_VTrue_steps1000_bs64_filmv2_Eaf_tslogit_normal_afschsigmoid/H8_K2_Meuler_T0.5_Dmix_visual_aligning.models.visual_af_diffusion.VisualAlphaFlow_VTrue_mpc4_filmv2_Eaf/6/results_train_set/combined_5-tightened/model_free-bounds_free_train_set/model_free-bounds_free_train_set.npz,,
7,H8_K2_Meuler_T0.5_Dmix_visual_aligning.models.visual_af_diffusion.VisualAlphaFlow_VTrue_mpc4_filmv2_Eaf,6,train,combined_5-tightened,post_processing,npz,0.0,,1.0,30,4,0.13333333333333333,0,0.0,1.0,/data/home/llim/FMPCC/FM-PCC/logs/aligning-d3il-visual/plans/mix_visual_aligning_af/H8_Dmix_visual_aligning.models.visual_af_diffusion.VisualAlphaFlow_a1.5_b1.0_aw1_VTrue_steps1000_bs64_filmv2_Eaf_tslogit_normal_afschsigmoid/H8_K2_Meuler_T0.5_Dmix_visual_aligning.models.visual_af_diffusion.VisualAlphaFlow_VTrue_mpc4_filmv2_Eaf,combined_5,True,post_processing_train_set,30.0,/data/home/llim/FMPCC/FM-PCC/logs/aligning-d3il-visual/plans/mix_visual_aligning_af/H8_Dmix_visual_aligning.models.visual_af_diffusion.VisualAlphaFlow_a1.5_b1.0_aw1_VTrue_steps1000_bs64_filmv2_Eaf_tslogit_normal_afschsigmoid/H8_K2_Meuler_T0.5_Dmix_visual_aligning.models.visual_af_diffusion.VisualAlphaFlow_VTrue_mpc4_filmv2_Eaf/6/results_train_set/combined_5-tightened/post_processing_train_set/post_processing_train_set.npz,,
8,H8_K100_T0.5_Dmix_visual_aligning.models.visual_gaussian_diffusion.VisualGaussianDiffusion_VTrue_mpc4_filmv1_Ediffusion,6,train,combined_5,diffuser,npz,0.0,,1.0,30,0,0.0,0,0.0,1.0,/data/home/llim/FMPCC/FM-PCC/logs/aligning-d3il-visual/plans/mix_visual_aligning_diffusion/H8_K100_Dmix_visual_aligning.models.visual_gaussian_diffusion.VisualGaussianDiffusion_aw10_VTrue_steps1000_bs64_filmv1_Ediffusion/H8_K100_T0.5_Dmix_visual_aligning.models.visual_gaussian_diffusion.VisualGaussianDiffusion_VTrue_mpc4_filmv1_Ediffusion,combined_5,False,diffuser_train_set,30.0,/data/home/llim/FMPCC/FM-PCC/logs/aligning-d3il-visual/plans/mix_visual_aligning_diffusion/H8_K100_Dmix_visual_aligning.models.visual_gaussian_diffusion.VisualGaussianDiffusion_aw10_VTrue_steps1000_bs64_filmv1_Ediffusion/H8_K100_T0.5_Dmix_visual_aligning.models.visual_gaussian_diffusion.VisualGaussianDiffusion_VTrue_mpc4_filmv1_Ediffusion/6/results_train_set/combined_5/diffuser_train_set/diffuser_train_set.npz,,
8,H8_K100_T0.5_Dmix_visual_aligning.models.visual_gaussian_diffusion.VisualGaussianDiffusion_VTrue_mpc4_filmv1_Ediffusion,6,train,combined_5,dpcc-r,json,0.0,,1.0,19,0,0.0,0,0.0,,/data/home/llim/FMPCC/FM-PCC/logs/aligning-d3il-visual/plans/mix_visual_aligning_diffusion/H8_K100_Dmix_visual_aligning.models.visual_gaussian_diffusion.VisualGaussianDiffusion_aw10_VTrue_steps1000_bs64_filmv1_Ediffusion/H8_K100_T0.5_Dmix_visual_aligning.models.visual_gaussian_diffusion.VisualGaussianDiffusion_VTrue_mpc4_filmv1_Ediffusion,combined_5,False,dpcc-r_train_set,,,1.0,
9,H8_K20_T0.5_Dmix_visual_aligning.models.visual_gaussian_diffusion.VisualGaussianDiffusion_VTrue_mpc4_filmv1_Ediffusion,6,train,combined_5,diffuser,npz,0.0,,1.0,30,0,0.0,0,0.0,1.0,/data/home/llim/FMPCC/FM-PCC/logs/aligning-d3il-visual/plans/mix_visual_aligning_diffusion/H8_K20_Dmix_visual_aligning.models.visual_gaussian_diffusion.VisualGaussianDiffusion_aw10_VTrue_steps1000_bs64_filmv1_Ediffusion/H8_K20_T0.5_Dmix_visual_aligning.models.visual_gaussian_diffusion.VisualGaussianDiffusion_VTrue_mpc4_filmv1_Ediffusion,combined_5,False,diffuser_train_set,30.0,/data/home/llim/FMPCC/FM-PCC/logs/aligning-d3il-visual/plans/mix_visual_aligning_diffusion/H8_K20_Dmix_visual_aligning.models.visual_gaussian_diffusion.VisualGaussianDiffusion_aw10_VTrue_steps1000_bs64_filmv1_Ediffusion/H8_K20_T0.5_Dmix_visual_aligning.models.visual_gaussian_diffusion.VisualGaussianDiffusion_VTrue_mpc4_filmv1_Ediffusion/6/results_train_set/combined_5/diffuser_train_set/diffuser_train_set.npz,,
9,H8_K20_T0.5_Dmix_visual_aligning.models.visual_gaussian_diffusion.VisualGaussianDiffusion_VTrue_mpc4_filmv1_Ediffusion,6,train,combined_5,dpcc-c,npz,0.0,,1.0,30,0,0.0,2,12.0,1.0,/data/home/llim/FMPCC/FM-PCC/logs/aligning-d3il-visual/plans/mix_visual_aligning_diffusion/H8_K20_Dmix_visual_aligning.models.visual_gaussian_diffusion.VisualGaussianDiffusion_aw10_VTrue_steps1000_bs64_filmv1_Ediffusion/H8_K20_T0.5_Dmix_visual_aligning.models.visual_gaussian_diffusion.VisualGaussianDiffusion_VTrue_mpc4_filmv1_Ediffusion,combined_5,False,dpcc-c_train_set,30.0,/data/home/llim/FMPCC/FM-PCC/logs/aligning-d3il-visual/plans/mix_visual_aligning_diffusion/H8_K20_Dmix_visual_aligning.models.visual_gaussian_diffusion.VisualGaussianDiffusion_aw10_VTrue_steps1000_bs64_filmv1_Ediffusion/H8_K20_T0.5_Dmix_visual_aligning.models.visual_gaussian_diffusion.VisualGaussianDiffusion_VTrue_mpc4_filmv1_Ediffusion/6/results_train_set/combined_5/dpcc-c_train_set/dpcc-c_train_set.npz,,
9,H8_K20_T0.5_Dmix_visual_aligning.models.visual_gaussian_diffusion.VisualGaussianDiffusion_VTrue_mpc4_filmv1_Ediffusion,6,train,combined_5,dpcc-r,npz,0.0,,1.0,30,0,0.0,1,7.0,1.0,/data/home/llim/FMPCC/FM-PCC/logs/aligning-d3il-visual/plans/mix_visual_aligning_diffusion/H8_K20_Dmix_visual_aligning.models.visual_gaussian_diffusion.VisualGaussianDiffusion_aw10_VTrue_steps1000_bs64_filmv1_Ediffusion/H8_K20_T0.5_Dmix_visual_aligning.models.visual_gaussian_diffusion.VisualGaussianDiffusion_VTrue_mpc4_filmv1_Ediffusion,combined_5,False,dpcc-r_train_set,30.0,/data/home/llim/FMPCC/FM-PCC/logs/aligning-d3il-visual/plans/mix_visual_aligning_diffusion/H8_K20_Dmix_visual_aligning.models.visual_gaussian_diffusion.VisualGaussianDiffusion_aw10_VTrue_steps1000_bs64_filmv1_Ediffusion/H8_K20_T0.5_Dmix_visual_aligning.models.visual_gaussian_diffusion.VisualGaussianDiffusion_VTrue_mpc4_filmv1_Ediffusion/6/results_train_set/combined_5/dpcc-r_train_set/dpcc-r_train_set.npz,,
9,H8_K20_T0.5_Dmix_visual_aligning.models.visual_gaussian_diffusion.VisualGaussianDiffusion_VTrue_mpc4_filmv1_Ediffusion,6,train,combined_5,dpcc-t,npz,0.0,,1.0,30,0,0.0,1,4.0,1.0,/data/home/llim/FMPCC/FM-PCC/logs/aligning-d3il-visual/plans/mix_visual_aligning_diffusion/H8_K20_Dmix_visual_aligning.models.visual_gaussian_diffusion.VisualGaussianDiffusion_aw10_VTrue_steps1000_bs64_filmv1_Ediffusion/H8_K20_T0.5_Dmix_visual_aligning.models.visual_gaussian_diffusion.VisualGaussianDiffusion_VTrue_mpc4_filmv1_Ediffusion,combined_5,False,dpcc-t_train_set,30.0,/data/home/llim/FMPCC/FM-PCC/logs/aligning-d3il-visual/plans/mix_visual_aligning_diffusion/H8_K20_Dmix_visual_aligning.models.visual_gaussian_diffusion.VisualGaussianDiffusion_aw10_VTrue_steps1000_bs64_filmv1_Ediffusion/H8_K20_T0.5_Dmix_visual_aligning.models.visual_gaussian_diffusion.VisualGaussianDiffusion_VTrue_mpc4_filmv1_Ediffusion/6/results_train_set/combined_5/dpcc-t_train_set/dpcc-t_train_set.npz,,
9,H8_K20_T0.5_Dmix_visual_aligning.models.visual_gaussian_diffusion.VisualGaussianDiffusion_VTrue_mpc4_filmv1_Ediffusion,6,train,combined_5,gradient,npz,0.0,,1.0,30,0,0.0,0,0.0,1.0,/data/home/llim/FMPCC/FM-PCC/logs/aligning-d3il-visual/plans/mix_visual_aligning_diffusion/H8_K20_Dmix_visual_aligning.models.visual_gaussian_diffusion.VisualGaussianDiffusion_aw10_VTrue_steps1000_bs64_filmv1_Ediffusion/H8_K20_T0.5_Dmix_visual_aligning.models.visual_gaussian_diffusion.VisualGaussianDiffusion_VTrue_mpc4_filmv1_Ediffusion,combined_5,False,gradient_train_set,30.0,/data/home/llim/FMPCC/FM-PCC/logs/aligning-d3il-visual/plans/mix_visual_aligning_diffusion/H8_K20_Dmix_visual_aligning.models.visual_gaussian_diffusion.VisualGaussianDiffusion_aw10_VTrue_steps1000_bs64_filmv1_Ediffusion/H8_K20_T0.5_Dmix_visual_aligning.models.visual_gaussian_diffusion.VisualGaussianDiffusion_VTrue_mpc4_filmv1_Ediffusion/6/results_train_set/combined_5/gradient_train_set/gradient_train_set.npz,,
9,H8_K20_T0.5_Dmix_visual_aligning.models.visual_gaussian_diffusion.VisualGaussianDiffusion_VTrue_mpc4_filmv1_Ediffusion,6,train,combined_5,post_processing,json,0.0,,1.0,9,0,0.0,0,0.0,,/data/home/llim/FMPCC/FM-PCC/logs/aligning-d3il-visual/plans/mix_visual_aligning_diffusion/H8_K20_Dmix_visual_aligning.models.visual_gaussian_diffusion.VisualGaussianDiffusion_aw10_VTrue_steps1000_bs64_filmv1_Ediffusion/H8_K20_T0.5_Dmix_visual_aligning.models.visual_gaussian_diffusion.VisualGaussianDiffusion_VTrue_mpc4_filmv1_Ediffusion,combined_5,False,post_processing_train_set,,,1.0,
10,H8_K100_Meuler_T0.5_Dmix_visual_aligning.models.visual_fm_diffusion.VisualFlowMatching_VTrue_mpc4_filmv1_Efm,6,train,combined_5,diffuser,npz,0.0,,1.0,30,0,0.0,0,0.0,1.0,/data/home/llim/FMPCC/FM-PCC/logs/aligning-d3il-visual/plans/mix_visual_aligning_fm/H8_Dmix_visual_aligning.models.visual_fm_diffusion.VisualFlowMatching_a1.5_b1.0_aw1_VTrue_steps1000_bs64_filmv1_Efm/H8_K100_Meuler_T0.5_Dmix_visual_aligning.models.visual_fm_diffusion.VisualFlowMatching_VTrue_mpc4_filmv1_Efm,combined_5,False,diffuser_train_set,30.0,/data/home/llim/FMPCC/FM-PCC/logs/aligning-d3il-visual/plans/mix_visual_aligning_fm/H8_Dmix_visual_aligning.models.visual_fm_diffusion.VisualFlowMatching_a1.5_b1.0_aw1_VTrue_steps1000_bs64_filmv1_Efm/H8_K100_Meuler_T0.5_Dmix_visual_aligning.models.visual_fm_diffusion.VisualFlowMatching_VTrue_mpc4_filmv1_Efm/6/results_train_set/combined_5/diffuser_train_set/diffuser_train_set.npz,,
10,H8_K100_Meuler_T0.5_Dmix_visual_aligning.models.visual_fm_diffusion.VisualFlowMatching_VTrue_mpc4_filmv1_Efm,6,train,combined_5,dpcc-r,json,0.0,,1.0,22,0,0.0,0,0.0,,/data/home/llim/FMPCC/FM-PCC/logs/aligning-d3il-visual/plans/mix_visual_aligning_fm/H8_Dmix_visual_aligning.models.visual_fm_diffusion.VisualFlowMatching_a1.5_b1.0_aw1_VTrue_steps1000_bs64_filmv1_Efm/H8_K100_Meuler_T0.5_Dmix_visual_aligning.models.visual_fm_diffusion.VisualFlowMatching_VTrue_mpc4_filmv1_Efm,combined_5,False,dpcc-r_train_set,,,1.0,
11,H8_K20_Meuler_T0.5_Dmix_visual_aligning.models.visual_fm_diffusion.VisualFlowMatching_VTrue_mpc4_filmv1_Efm,6,train,combined_5,bounds_free,npz,0.0,,1.0,30,0,0.0,3,12.0,1.0,/data/home/llim/FMPCC/FM-PCC/logs/aligning-d3il-visual/plans/mix_visual_aligning_fm/H8_Dmix_visual_aligning.models.visual_fm_diffusion.VisualFlowMatching_a1.5_b1.0_aw1_VTrue_steps1000_bs64_filmv1_Efm/H8_K20_Meuler_T0.5_Dmix_visual_aligning.models.visual_fm_diffusion.VisualFlowMatching_VTrue_mpc4_filmv1_Efm,combined_5,False,bounds_free_train_set,30.0,/data/home/llim/FMPCC/FM-PCC/logs/aligning-d3il-visual/plans/mix_visual_aligning_fm/H8_Dmix_visual_aligning.models.visual_fm_diffusion.VisualFlowMatching_a1.5_b1.0_aw1_VTrue_steps1000_bs64_filmv1_Efm/H8_K20_Meuler_T0.5_Dmix_visual_aligning.models.visual_fm_diffusion.VisualFlowMatching_VTrue_mpc4_filmv1_Efm/6/results_train_set/combined_5/bounds_free_train_set/bounds_free_train_set.npz,,
11,H8_K20_Meuler_T0.5_Dmix_visual_aligning.models.visual_fm_diffusion.VisualFlowMatching_VTrue_mpc4_filmv1_Efm,6,train,combined_5,diffuser,npz,0.0,,1.0,30,0,0.0,0,0.0,1.0,/data/home/llim/FMPCC/FM-PCC/logs/aligning-d3il-visual/plans/mix_visual_aligning_fm/H8_Dmix_visual_aligning.models.visual_fm_diffusion.VisualFlowMatching_a1.5_b1.0_aw1_VTrue_steps1000_bs64_filmv1_Efm/H8_K20_Meuler_T0.5_Dmix_visual_aligning.models.visual_fm_diffusion.VisualFlowMatching_VTrue_mpc4_filmv1_Efm,combined_5,False,diffuser_train_set,30.0,/data/home/llim/FMPCC/FM-PCC/logs/aligning-d3il-visual/plans/mix_visual_aligning_fm/H8_Dmix_visual_aligning.models.visual_fm_diffusion.VisualFlowMatching_a1.5_b1.0_aw1_VTrue_steps1000_bs64_filmv1_Efm/H8_K20_Meuler_T0.5_Dmix_visual_aligning.models.visual_fm_diffusion.VisualFlowMatching_VTrue_mpc4_filmv1_Efm/6/results_train_set/combined_5/diffuser_train_set/diffuser_train_set.npz,,
11,H8_K20_Meuler_T0.5_Dmix_visual_aligning.models.visual_fm_diffusion.VisualFlowMatching_VTrue_mpc4_filmv1_Efm,6,train,combined_5,dpcc-c,npz,0.0,,1.0,30,0,0.0,0,0.0,1.0,/data/home/llim/FMPCC/FM-PCC/logs/aligning-d3il-visual/plans/mix_visual_aligning_fm/H8_Dmix_visual_aligning.models.visual_fm_diffusion.VisualFlowMatching_a1.5_b1.0_aw1_VTrue_steps1000_bs64_filmv1_Efm/H8_K20_Meuler_T0.5_Dmix_visual_aligning.models.visual_fm_diffusion.VisualFlowMatching_VTrue_mpc4_filmv1_Efm,combined_5,False,dpcc-c_train_set,30.0,/data/home/llim/FMPCC/FM-PCC/logs/aligning-d3il-visual/plans/mix_visual_aligning_fm/H8_Dmix_visual_aligning.models.visual_fm_diffusion.VisualFlowMatching_a1.5_b1.0_aw1_VTrue_steps1000_bs64_filmv1_Efm/H8_K20_Meuler_T0.5_Dmix_visual_aligning.models.visual_fm_diffusion.VisualFlowMatching_VTrue_mpc4_filmv1_Efm/6/results_train_set/combined_5/dpcc-c_train_set/dpcc-c_train_set.npz,,
11,H8_K20_Meuler_T0.5_Dmix_visual_aligning.models.visual_fm_diffusion.VisualFlowMatching_VTrue_mpc4_filmv1_Efm,6,train,combined_5,dpcc-r,npz,0.0,,1.0,30,0,0.0,0,0.0,1.0,/data/home/llim/FMPCC/FM-PCC/logs/aligning-d3il-visual/plans/mix_visual_aligning_fm/H8_Dmix_visual_aligning.models.visual_fm_diffusion.VisualFlowMatching_a1.5_b1.0_aw1_VTrue_steps1000_bs64_filmv1_Efm/H8_K20_Meuler_T0.5_Dmix_visual_aligning.models.visual_fm_diffusion.VisualFlowMatching_VTrue_mpc4_filmv1_Efm,combined_5,False,dpcc-r_train_set,30.0,/data/home/llim/FMPCC/FM-PCC/logs/aligning-d3il-visual/plans/mix_visual_aligning_fm/H8_Dmix_visual_aligning.models.visual_fm_diffusion.VisualFlowMatching_a1.5_b1.0_aw1_VTrue_steps1000_bs64_filmv1_Efm/H8_K20_Meuler_T0.5_Dmix_visual_aligning.models.visual_fm_diffusion.VisualFlowMatching_VTrue_mpc4_filmv1_Efm/6/results_train_set/combined_5/dpcc-r_train_set/dpcc-r_train_set.npz,,
11,H8_K20_Meuler_T0.5_Dmix_visual_aligning.models.visual_fm_diffusion.VisualFlowMatching_VTrue_mpc4_filmv1_Efm,6,train,combined_5,dpcc-t,npz,0.0,,1.0,30,0,0.0,0,0.0,1.0,/data/home/llim/FMPCC/FM-PCC/logs/aligning-d3il-visual/plans/mix_visual_aligning_fm/H8_Dmix_visual_aligning.models.visual_fm_diffusion.VisualFlowMatching_a1.5_b1.0_aw1_VTrue_steps1000_bs64_filmv1_Efm/H8_K20_Meuler_T0.5_Dmix_visual_aligning.models.visual_fm_diffusion.VisualFlowMatching_VTrue_mpc4_filmv1_Efm,combined_5,False,dpcc-t_train_set,30.0,/data/home/llim/FMPCC/FM-PCC/logs/aligning-d3il-visual/plans/mix_visual_aligning_fm/H8_Dmix_visual_aligning.models.visual_fm_diffusion.VisualFlowMatching_a1.5_b1.0_aw1_VTrue_steps1000_bs64_filmv1_Efm/H8_K20_Meuler_T0.5_Dmix_visual_aligning.models.visual_fm_diffusion.VisualFlowMatching_VTrue_mpc4_filmv1_Efm/6/results_train_set/combined_5/dpcc-t_train_set/dpcc-t_train_set.npz,,
11,H8_K20_Meuler_T0.5_Dmix_visual_aligning.models.visual_fm_diffusion.VisualFlowMatching_VTrue_mpc4_filmv1_Efm,6,train,combined_5,geo_free,npz,0.0,,1.0,30,0,0.0,0,0.0,1.0,/data/home/llim/FMPCC/FM-PCC/logs/aligning-d3il-visual/plans/mix_visual_aligning_fm/H8_Dmix_visual_aligning.models.visual_fm_diffusion.VisualFlowMatching_a1.5_b1.0_aw1_VTrue_steps1000_bs64_filmv1_Efm/H8_K20_Meuler_T0.5_Dmix_visual_aligning.models.visual_fm_diffusion.VisualFlowMatching_VTrue_mpc4_filmv1_Efm,combined_5,False,geo_free_train_set,30.0,/data/home/llim/FMPCC/FM-PCC/logs/aligning-d3il-visual/plans/mix_visual_aligning_fm/H8_Dmix_visual_aligning.models.visual_fm_diffusion.VisualFlowMatching_a1.5_b1.0_aw1_VTrue_steps1000_bs64_filmv1_Efm/H8_K20_Meuler_T0.5_Dmix_visual_aligning.models.visual_fm_diffusion.VisualFlowMatching_VTrue_mpc4_filmv1_Efm/6/results_train_set/combined_5/geo_free_train_set/geo_free_train_set.npz,,
11,H8_K20_Meuler_T0.5_Dmix_visual_aligning.models.visual_fm_diffusion.VisualFlowMatching_VTrue_mpc4_filmv1_Efm,6,train,combined_5,geo_free-bounds_free,json,0.0,,1.0,10,0,0.0,0,0.0,,/data/home/llim/FMPCC/FM-PCC/logs/aligning-d3il-visual/plans/mix_visual_aligning_fm/H8_Dmix_visual_aligning.models.visual_fm_diffusion.VisualFlowMatching_a1.5_b1.0_aw1_VTrue_steps1000_bs64_filmv1_Efm/H8_K20_Meuler_T0.5_Dmix_visual_aligning.models.visual_fm_diffusion.VisualFlowMatching_VTrue_mpc4_filmv1_Efm,combined_5,False,geo_free-bounds_free_train_set,,,1.0,
11,H8_K20_Meuler_T0.5_Dmix_visual_aligning.models.visual_fm_diffusion.VisualFlowMatching_VTrue_mpc4_filmv1_Efm,6,train,combined_5,gradient,npz,0.0,,1.0,30,0,0.0,0,0.0,1.0,/data/home/llim/FMPCC/FM-PCC/logs/aligning-d3il-visual/plans/mix_visual_aligning_fm/H8_Dmix_visual_aligning.models.visual_fm_diffusion.VisualFlowMatching_a1.5_b1.0_aw1_VTrue_steps1000_bs64_filmv1_Efm/H8_K20_Meuler_T0.5_Dmix_visual_aligning.models.visual_fm_diffusion.VisualFlowMatching_VTrue_mpc4_filmv1_Efm,combined_5,False,gradient_train_set,30.0,/data/home/llim/FMPCC/FM-PCC/logs/aligning-d3il-visual/plans/mix_visual_aligning_fm/H8_Dmix_visual_aligning.models.visual_fm_diffusion.VisualFlowMatching_a1.5_b1.0_aw1_VTrue_steps1000_bs64_filmv1_Efm/H8_K20_Meuler_T0.5_Dmix_visual_aligning.models.visual_fm_diffusion.VisualFlowMatching_VTrue_mpc4_filmv1_Efm/6/results_train_set/combined_5/gradient_train_set/gradient_train_set.npz,,
11,H8_K20_Meuler_T0.5_Dmix_visual_aligning.models.visual_fm_diffusion.VisualFlowMatching_VTrue_mpc4_filmv1_Efm,6,train,combined_5,model_free,npz,0.0,,1.0,30,0,0.0,0,0.0,1.0,/data/home/llim/FMPCC/FM-PCC/logs/aligning-d3il-visual/plans/mix_visual_aligning_fm/H8_Dmix_visual_aligning.models.visual_fm_diffusion.VisualFlowMatching_a1.5_b1.0_aw1_VTrue_steps1000_bs64_filmv1_Efm/H8_K20_Meuler_T0.5_Dmix_visual_aligning.models.visual_fm_diffusion.VisualFlowMatching_VTrue_mpc4_filmv1_Efm,combined_5,False,model_free_train_set,30.0,/data/home/llim/FMPCC/FM-PCC/logs/aligning-d3il-visual/plans/mix_visual_aligning_fm/H8_Dmix_visual_aligning.models.visual_fm_diffusion.VisualFlowMatching_a1.5_b1.0_aw1_VTrue_steps1000_bs64_filmv1_Efm/H8_K20_Meuler_T0.5_Dmix_visual_aligning.models.visual_fm_diffusion.VisualFlowMatching_VTrue_mpc4_filmv1_Efm/6/results_train_set/combined_5/model_free_train_set/model_free_train_set.npz,,
11,H8_K20_Meuler_T0.5_Dmix_visual_aligning.models.visual_fm_diffusion.VisualFlowMatching_VTrue_mpc4_filmv1_Efm,6,train,combined_5,post_processing,npz,0.0,,1.0,30,0,0.0,0,0.0,1.0,/data/home/llim/FMPCC/FM-PCC/logs/aligning-d3il-visual/plans/mix_visual_aligning_fm/H8_Dmix_visual_aligning.models.visual_fm_diffusion.VisualFlowMatching_a1.5_b1.0_aw1_VTrue_steps1000_bs64_filmv1_Efm/H8_K20_Meuler_T0.5_Dmix_visual_aligning.models.visual_fm_diffusion.VisualFlowMatching_VTrue_mpc4_filmv1_Efm,combined_5,False,post_processing_train_set,30.0,/data/home/llim/FMPCC/FM-PCC/logs/aligning-d3il-visual/plans/mix_visual_aligning_fm/H8_Dmix_visual_aligning.models.visual_fm_diffusion.VisualFlowMatching_a1.5_b1.0_aw1_VTrue_steps1000_bs64_filmv1_Efm/H8_K20_Meuler_T0.5_Dmix_visual_aligning.models.visual_fm_diffusion.VisualFlowMatching_VTrue_mpc4_filmv1_Efm/6/results_train_set/combined_5/post_processing_train_set/post_processing_train_set.npz,,
12,H8_K100_Meuler_T0.5_Dmix_visual_aligning.models.visual_mf_diffusion.VisualMeanFlow_VTrue_mpc4_filmv1_Emf,6,train,combined_5,diffuser,npz,0.0,,1.0,30,0,0.0,0,0.0,1.0,/data/home/llim/FMPCC/FM-PCC/logs/aligning-d3il-visual/plans/mix_visual_aligning_mf/H8_Dmix_visual_aligning.models.visual_mf_diffusion.VisualMeanFlow_a1.5_b1.0_aw1_VTrue_steps1000_bs64_filmv1_Emf_tslogit_normal/H8_K100_Meuler_T0.5_Dmix_visual_aligning.models.visual_mf_diffusion.VisualMeanFlow_VTrue_mpc4_filmv1_Emf,combined_5,False,diffuser_train_set,30.0,/data/home/llim/FMPCC/FM-PCC/logs/aligning-d3il-visual/plans/mix_visual_aligning_mf/H8_Dmix_visual_aligning.models.visual_mf_diffusion.VisualMeanFlow_a1.5_b1.0_aw1_VTrue_steps1000_bs64_filmv1_Emf_tslogit_normal/H8_K100_Meuler_T0.5_Dmix_visual_aligning.models.visual_mf_diffusion.VisualMeanFlow_VTrue_mpc4_filmv1_Emf/6/results_train_set/combined_5/diffuser_train_set/diffuser_train_set.npz,,
12,H8_K100_Meuler_T0.5_Dmix_visual_aligning.models.visual_mf_diffusion.VisualMeanFlow_VTrue_mpc4_filmv1_Emf,6,train,combined_5,dpcc-r,json,0.0,,1.0,11,0,0.0,0,0.0,,/data/home/llim/FMPCC/FM-PCC/logs/aligning-d3il-visual/plans/mix_visual_aligning_mf/H8_Dmix_visual_aligning.models.visual_mf_diffusion.VisualMeanFlow_a1.5_b1.0_aw1_VTrue_steps1000_bs64_filmv1_Emf_tslogit_normal/H8_K100_Meuler_T0.5_Dmix_visual_aligning.models.visual_mf_diffusion.VisualMeanFlow_VTrue_mpc4_filmv1_Emf,combined_5,False,dpcc-r_train_set,,,1.0,
13,H8_K2_Meuler_T0.5_Dmix_visual_aligning.models.visual_mf_diffusion.VisualMeanFlow_VTrue_mpc4_filmv1_Emf,6,train,combined_5,bounds_free,npz,0.0,,1.0,30,0,0.0,0,0.0,1.0,/data/home/llim/FMPCC/FM-PCC/logs/aligning-d3il-visual/plans/mix_visual_aligning_mf/H8_Dmix_visual_aligning.models.visual_mf_diffusion.VisualMeanFlow_a1.5_b1.0_aw1_VTrue_steps1000_bs64_filmv1_Emf_tslogit_normal/H8_K2_Meuler_T0.5_Dmix_visual_aligning.models.visual_mf_diffusion.VisualMeanFlow_VTrue_mpc4_filmv1_Emf,combined_5,False,bounds_free_train_set,30.0,/data/home/llim/FMPCC/FM-PCC/logs/aligning-d3il-visual/plans/mix_visual_aligning_mf/H8_Dmix_visual_aligning.models.visual_mf_diffusion.VisualMeanFlow_a1.5_b1.0_aw1_VTrue_steps1000_bs64_filmv1_Emf_tslogit_normal/H8_K2_Meuler_T0.5_Dmix_visual_aligning.models.visual_mf_diffusion.VisualMeanFlow_VTrue_mpc4_filmv1_Emf/6/results_train_set/combined_5/bounds_free_train_set/bounds_free_train_set.npz,,
13,H8_K2_Meuler_T0.5_Dmix_visual_aligning.models.visual_mf_diffusion.VisualMeanFlow_VTrue_mpc4_filmv1_Emf,6,train,combined_5,diffuser,npz,0.0,,1.0,30,0,0.0,0,0.0,1.0,/data/home/llim/FMPCC/FM-PCC/logs/aligning-d3il-visual/plans/mix_visual_aligning_mf/H8_Dmix_visual_aligning.models.visual_mf_diffusion.VisualMeanFlow_a1.5_b1.0_aw1_VTrue_steps1000_bs64_filmv1_Emf_tslogit_normal/H8_K2_Meuler_T0.5_Dmix_visual_aligning.models.visual_mf_diffusion.VisualMeanFlow_VTrue_mpc4_filmv1_Emf,combined_5,False,diffuser_train_set,30.0,/data/home/llim/FMPCC/FM-PCC/logs/aligning-d3il-visual/plans/mix_visual_aligning_mf/H8_Dmix_visual_aligning.models.visual_mf_diffusion.VisualMeanFlow_a1.5_b1.0_aw1_VTrue_steps1000_bs64_filmv1_Emf_tslogit_normal/H8_K2_Meuler_T0.5_Dmix_visual_aligning.models.visual_mf_diffusion.VisualMeanFlow_VTrue_mpc4_filmv1_Emf/6/results_train_set/combined_5/diffuser_train_set/diffuser_train_set.npz,,
13,H8_K2_Meuler_T0.5_Dmix_visual_aligning.models.visual_mf_diffusion.VisualMeanFlow_VTrue_mpc4_filmv1_Emf,6,train,combined_5,dpcc-c,npz,0.0,,1.0,30,0,0.0,0,0.0,1.0,/data/home/llim/FMPCC/FM-PCC/logs/aligning-d3il-visual/plans/mix_visual_aligning_mf/H8_Dmix_visual_aligning.models.visual_mf_diffusion.VisualMeanFlow_a1.5_b1.0_aw1_VTrue_steps1000_bs64_filmv1_Emf_tslogit_normal/H8_K2_Meuler_T0.5_Dmix_visual_aligning.models.visual_mf_diffusion.VisualMeanFlow_VTrue_mpc4_filmv1_Emf,combined_5,False,dpcc-c_train_set,30.0,/data/home/llim/FMPCC/FM-PCC/logs/aligning-d3il-visual/plans/mix_visual_aligning_mf/H8_Dmix_visual_aligning.models.visual_mf_diffusion.VisualMeanFlow_a1.5_b1.0_aw1_VTrue_steps1000_bs64_filmv1_Emf_tslogit_normal/H8_K2_Meuler_T0.5_Dmix_visual_aligning.models.visual_mf_diffusion.VisualMeanFlow_VTrue_mpc4_filmv1_Emf/6/results_train_set/combined_5/dpcc-c_train_set/dpcc-c_train_set.npz,,
13,H8_K2_Meuler_T0.5_Dmix_visual_aligning.models.visual_mf_diffusion.VisualMeanFlow_VTrue_mpc4_filmv1_Emf,6,train,combined_5,dpcc-c-dt0p25,npz,0.0,,1.0,30,0,0.0,0,0.0,1.0,/data/home/llim/FMPCC/FM-PCC/logs/aligning-d3il-visual/plans/mix_visual_aligning_mf/H8_Dmix_visual_aligning.models.visual_mf_diffusion.VisualMeanFlow_a1.5_b1.0_aw1_VTrue_steps1000_bs64_filmv1_Emf_tslogit_normal/H8_K2_Meuler_T0.5_Dmix_visual_aligning.models.visual_mf_diffusion.VisualMeanFlow_VTrue_mpc4_filmv1_Emf,combined_5,False,dpcc-c-dt0p25_train_set,30.0,/data/home/llim/FMPCC/FM-PCC/logs/aligning-d3il-visual/plans/mix_visual_aligning_mf/H8_Dmix_visual_aligning.models.visual_mf_diffusion.VisualMeanFlow_a1.5_b1.0_aw1_VTrue_steps1000_bs64_filmv1_Emf_tslogit_normal/H8_K2_Meuler_T0.5_Dmix_visual_aligning.models.visual_mf_diffusion.VisualMeanFlow_VTrue_mpc4_filmv1_Emf/6/results_train_set/combined_5/dpcc-c-dt0p25_train_set/dpcc-c-dt0p25_train_set.npz,,
13,H8_K2_Meuler_T0.5_Dmix_visual_aligning.models.visual_mf_diffusion.VisualMeanFlow_VTrue_mpc4_filmv1_Emf,6,train,combined_5,dpcc-c-dt0p5,npz,0.0,,1.0,30,0,0.0,0,0.0,1.0,/data/home/llim/FMPCC/FM-PCC/logs/aligning-d3il-visual/plans/mix_visual_aligning_mf/H8_Dmix_visual_aligning.models.visual_mf_diffusion.VisualMeanFlow_a1.5_b1.0_aw1_VTrue_steps1000_bs64_filmv1_Emf_tslogit_normal/H8_K2_Meuler_T0.5_Dmix_visual_aligning.models.visual_mf_diffusion.VisualMeanFlow_VTrue_mpc4_filmv1_Emf,combined_5,False,dpcc-c-dt0p5_train_set,30.0,/data/home/llim/FMPCC/FM-PCC/logs/aligning-d3il-visual/plans/mix_visual_aligning_mf/H8_Dmix_visual_aligning.models.visual_mf_diffusion.VisualMeanFlow_a1.5_b1.0_aw1_VTrue_steps1000_bs64_filmv1_Emf_tslogit_normal/H8_K2_Meuler_T0.5_Dmix_visual_aligning.models.visual_mf_diffusion.VisualMeanFlow_VTrue_mpc4_filmv1_Emf/6/results_train_set/combined_5/dpcc-c-dt0p5_train_set/dpcc-c-dt0p5_train_set.npz,,
13,H8_K2_Meuler_T0.5_Dmix_visual_aligning.models.visual_mf_diffusion.VisualMeanFlow_VTrue_mpc4_filmv1_Emf,6,train,combined_5,dpcc-c-dt2p0,npz,0.0,,1.0,30,0,0.0,0,0.0,1.0,/data/home/llim/FMPCC/FM-PCC/logs/aligning-d3il-visual/plans/mix_visual_aligning_mf/H8_Dmix_visual_aligning.models.visual_mf_diffusion.VisualMeanFlow_a1.5_b1.0_aw1_VTrue_steps1000_bs64_filmv1_Emf_tslogit_normal/H8_K2_Meuler_T0.5_Dmix_visual_aligning.models.visual_mf_diffusion.VisualMeanFlow_VTrue_mpc4_filmv1_Emf,combined_5,False,dpcc-c-dt2p0_train_set,30.0,/data/home/llim/FMPCC/FM-PCC/logs/aligning-d3il-visual/plans/mix_visual_aligning_mf/H8_Dmix_visual_aligning.models.visual_mf_diffusion.VisualMeanFlow_a1.5_b1.0_aw1_VTrue_steps1000_bs64_filmv1_Emf_tslogit_normal/H8_K2_Meuler_T0.5_Dmix_visual_aligning.models.visual_mf_diffusion.VisualMeanFlow_VTrue_mpc4_filmv1_Emf/6/results_train_set/combined_5/dpcc-c-dt2p0_train_set/dpcc-c-dt2p0_train_set.npz,,
13,H8_K2_Meuler_T0.5_Dmix_visual_aligning.models.visual_mf_diffusion.VisualMeanFlow_VTrue_mpc4_filmv1_Emf,6,train,combined_5,dpcc-c-dt4p0,npz,0.0,,1.0,30,0,0.0,0,0.0,1.0,/data/home/llim/FMPCC/FM-PCC/logs/aligning-d3il-visual/plans/mix_visual_aligning_mf/H8_Dmix_visual_aligning.models.visual_mf_diffusion.VisualMeanFlow_a1.5_b1.0_aw1_VTrue_steps1000_bs64_filmv1_Emf_tslogit_normal/H8_K2_Meuler_T0.5_Dmix_visual_aligning.models.visual_mf_diffusion.VisualMeanFlow_VTrue_mpc4_filmv1_Emf,combined_5,False,dpcc-c-dt4p0_train_set,30.0,/data/home/llim/FMPCC/FM-PCC/logs/aligning-d3il-visual/plans/mix_visual_aligning_mf/H8_Dmix_visual_aligning.models.visual_mf_diffusion.VisualMeanFlow_a1.5_b1.0_aw1_VTrue_steps1000_bs64_filmv1_Emf_tslogit_normal/H8_K2_Meuler_T0.5_Dmix_visual_aligning.models.visual_mf_diffusion.VisualMeanFlow_VTrue_mpc4_filmv1_Emf/6/results_train_set/combined_5/dpcc-c-dt4p0_train_set/dpcc-c-dt4p0_train_set.npz,,
13,H8_K2_Meuler_T0.5_Dmix_visual_aligning.models.visual_mf_diffusion.VisualMeanFlow_VTrue_mpc4_filmv1_Emf,6,train,combined_5,dpcc-r,npz,0.0,,1.0,30,0,0.0,0,0.0,1.0,/data/home/llim/FMPCC/FM-PCC/logs/aligning-d3il-visual/plans/mix_visual_aligning_mf/H8_Dmix_visual_aligning.models.visual_mf_diffusion.VisualMeanFlow_a1.5_b1.0_aw1_VTrue_steps1000_bs64_filmv1_Emf_tslogit_normal/H8_K2_Meuler_T0.5_Dmix_visual_aligning.models.visual_mf_diffusion.VisualMeanFlow_VTrue_mpc4_filmv1_Emf,combined_5,False,dpcc-r_train_set,30.0,/data/home/llim/FMPCC/FM-PCC/logs/aligning-d3il-visual/plans/mix_visual_aligning_mf/H8_Dmix_visual_aligning.models.visual_mf_diffusion.VisualMeanFlow_a1.5_b1.0_aw1_VTrue_steps1000_bs64_filmv1_Emf_tslogit_normal/H8_K2_Meuler_T0.5_Dmix_visual_aligning.models.visual_mf_diffusion.VisualMeanFlow_VTrue_mpc4_filmv1_Emf/6/results_train_set/combined_5/dpcc-r_train_set/dpcc-r_train_set.npz,,
13,H8_K2_Meuler_T0.5_Dmix_visual_aligning.models.visual_mf_diffusion.VisualMeanFlow_VTrue_mpc4_filmv1_Emf,6,train,combined_5,dpcc-t,npz,0.0,,1.0,30,0,0.0,0,0.0,1.0,/data/home/llim/FMPCC/FM-PCC/logs/aligning-d3il-visual/plans/mix_visual_aligning_mf/H8_Dmix_visual_aligning.models.visual_mf_diffusion.VisualMeanFlow_a1.5_b1.0_aw1_VTrue_steps1000_bs64_filmv1_Emf_tslogit_normal/H8_K2_Meuler_T0.5_Dmix_visual_aligning.models.visual_mf_diffusion.VisualMeanFlow_VTrue_mpc4_filmv1_Emf,combined_5,False,dpcc-t_train_set,30.0,/data/home/llim/FMPCC/FM-PCC/logs/aligning-d3il-visual/plans/mix_visual_aligning_mf/H8_Dmix_visual_aligning.models.visual_mf_diffusion.VisualMeanFlow_a1.5_b1.0_aw1_VTrue_steps1000_bs64_filmv1_Emf_tslogit_normal/H8_K2_Meuler_T0.5_Dmix_visual_aligning.models.visual_mf_diffusion.VisualMeanFlow_VTrue_mpc4_filmv1_Emf/6/results_train_set/combined_5/dpcc-t_train_set/dpcc-t_train_set.npz,,
13,H8_K2_Meuler_T0.5_Dmix_visual_aligning.models.visual_mf_diffusion.VisualMeanFlow_VTrue_mpc4_filmv1_Emf,6,train,combined_5,geo_free,npz,0.0,,1.0,30,0,0.0,0,0.0,1.0,/data/home/llim/FMPCC/FM-PCC/logs/aligning-d3il-visual/plans/mix_visual_aligning_mf/H8_Dmix_visual_aligning.models.visual_mf_diffusion.VisualMeanFlow_a1.5_b1.0_aw1_VTrue_steps1000_bs64_filmv1_Emf_tslogit_normal/H8_K2_Meuler_T0.5_Dmix_visual_aligning.models.visual_mf_diffusion.VisualMeanFlow_VTrue_mpc4_filmv1_Emf,combined_5,False,geo_free_train_set,30.0,/data/home/llim/FMPCC/FM-PCC/logs/aligning-d3il-visual/plans/mix_visual_aligning_mf/H8_Dmix_visual_aligning.models.visual_mf_diffusion.VisualMeanFlow_a1.5_b1.0_aw1_VTrue_steps1000_bs64_filmv1_Emf_tslogit_normal/H8_K2_Meuler_T0.5_Dmix_visual_aligning.models.visual_mf_diffusion.VisualMeanFlow_VTrue_mpc4_filmv1_Emf/6/results_train_set/combined_5/geo_free_train_set/geo_free_train_set.npz,,
13,H8_K2_Meuler_T0.5_Dmix_visual_aligning.models.visual_mf_diffusion.VisualMeanFlow_VTrue_mpc4_filmv1_Emf,6,train,combined_5,geo_free-bounds_free,npz,0.0,,1.0,30,0,0.0,0,0.0,1.0,/data/home/llim/FMPCC/FM-PCC/logs/aligning-d3il-visual/plans/mix_visual_aligning_mf/H8_Dmix_visual_aligning.models.visual_mf_diffusion.VisualMeanFlow_a1.5_b1.0_aw1_VTrue_steps1000_bs64_filmv1_Emf_tslogit_normal/H8_K2_Meuler_T0.5_Dmix_visual_aligning.models.visual_mf_diffusion.VisualMeanFlow_VTrue_mpc4_filmv1_Emf,combined_5,False,geo_free-bounds_free_train_set,30.0,/data/home/llim/FMPCC/FM-PCC/logs/aligning-d3il-visual/plans/mix_visual_aligning_mf/H8_Dmix_visual_aligning.models.visual_mf_diffusion.VisualMeanFlow_a1.5_b1.0_aw1_VTrue_steps1000_bs64_filmv1_Emf_tslogit_normal/H8_K2_Meuler_T0.5_Dmix_visual_aligning.models.visual_mf_diffusion.VisualMeanFlow_VTrue_mpc4_filmv1_Emf/6/results_train_set/combined_5/geo_free-bounds_free_train_set/geo_free-bounds_free_train_set.npz,,
13,H8_K2_Meuler_T0.5_Dmix_visual_aligning.models.visual_mf_diffusion.VisualMeanFlow_VTrue_mpc4_filmv1_Emf,6,train,combined_5,geo_free-model_free,npz,0.0,,1.0,30,0,0.0,0,0.0,1.0,/data/home/llim/FMPCC/FM-PCC/logs/aligning-d3il-visual/plans/mix_visual_aligning_mf/H8_Dmix_visual_aligning.models.visual_mf_diffusion.VisualMeanFlow_a1.5_b1.0_aw1_VTrue_steps1000_bs64_filmv1_Emf_tslogit_normal/H8_K2_Meuler_T0.5_Dmix_visual_aligning.models.visual_mf_diffusion.VisualMeanFlow_VTrue_mpc4_filmv1_Emf,combined_5,False,geo_free-model_free_train_set,30.0,/data/home/llim/FMPCC/FM-PCC/logs/aligning-d3il-visual/plans/mix_visual_aligning_mf/H8_Dmix_visual_aligning.models.visual_mf_diffusion.VisualMeanFlow_a1.5_b1.0_aw1_VTrue_steps1000_bs64_filmv1_Emf_tslogit_normal/H8_K2_Meuler_T0.5_Dmix_visual_aligning.models.visual_mf_diffusion.VisualMeanFlow_VTrue_mpc4_filmv1_Emf/6/results_train_set/combined_5/geo_free-model_free_train_set/geo_free-model_free_train_set.npz,,
13,H8_K2_Meuler_T0.5_Dmix_visual_aligning.models.visual_mf_diffusion.VisualMeanFlow_VTrue_mpc4_filmv1_Emf,6,train,combined_5,gradient,npz,0.0,,1.0,30,0,0.0,0,0.0,1.0,/data/home/llim/FMPCC/FM-PCC/logs/aligning-d3il-visual/plans/mix_visual_aligning_mf/H8_Dmix_visual_aligning.models.visual_mf_diffusion.VisualMeanFlow_a1.5_b1.0_aw1_VTrue_steps1000_bs64_filmv1_Emf_tslogit_normal/H8_K2_Meuler_T0.5_Dmix_visual_aligning.models.visual_mf_diffusion.VisualMeanFlow_VTrue_mpc4_filmv1_Emf,combined_5,False,gradient_train_set,30.0,/data/home/llim/FMPCC/FM-PCC/logs/aligning-d3il-visual/plans/mix_visual_aligning_mf/H8_Dmix_visual_aligning.models.visual_mf_diffusion.VisualMeanFlow_a1.5_b1.0_aw1_VTrue_steps1000_bs64_filmv1_Emf_tslogit_normal/H8_K2_Meuler_T0.5_Dmix_visual_aligning.models.visual_mf_diffusion.VisualMeanFlow_VTrue_mpc4_filmv1_Emf/6/results_train_set/combined_5/gradient_train_set/gradient_train_set.npz,,
13,H8_K2_Meuler_T0.5_Dmix_visual_aligning.models.visual_mf_diffusion.VisualMeanFlow_VTrue_mpc4_filmv1_Emf,6,train,combined_5,hardflow_new-c,npz,0.0,,1.0,30,0,0.0,0,0.0,1.0,/data/home/llim/FMPCC/FM-PCC/logs/aligning-d3il-visual/plans/mix_visual_aligning_mf/H8_Dmix_visual_aligning.models.visual_mf_diffusion.VisualMeanFlow_a1.5_b1.0_aw1_VTrue_steps1000_bs64_filmv1_Emf_tslogit_normal/H8_K2_Meuler_T0.5_Dmix_visual_aligning.models.visual_mf_diffusion.VisualMeanFlow_VTrue_mpc4_filmv1_Emf,combined_5,False,hardflow_new-c_train_set,30.0,/data/home/llim/FMPCC/FM-PCC/logs/aligning-d3il-visual/plans/mix_visual_aligning_mf/H8_Dmix_visual_aligning.models.visual_mf_diffusion.VisualMeanFlow_a1.5_b1.0_aw1_VTrue_steps1000_bs64_filmv1_Emf_tslogit_normal/H8_K2_Meuler_T0.5_Dmix_visual_aligning.models.visual_mf_diffusion.VisualMeanFlow_VTrue_mpc4_filmv1_Emf/6/results_train_set/combined_5/hardflow_new-c_train_set/hardflow_new-c_train_set.npz,,
13,H8_K2_Meuler_T0.5_Dmix_visual_aligning.models.visual_mf_diffusion.VisualMeanFlow_VTrue_mpc4_filmv1_Emf,6,train,combined_5,hardflow_new-r,npz,0.0,,1.0,30,0,0.0,0,0.0,1.0,/data/home/llim/FMPCC/FM-PCC/logs/aligning-d3il-visual/plans/mix_visual_aligning_mf/H8_Dmix_visual_aligning.models.visual_mf_diffusion.VisualMeanFlow_a1.5_b1.0_aw1_VTrue_steps1000_bs64_filmv1_Emf_tslogit_normal/H8_K2_Meuler_T0.5_Dmix_visual_aligning.models.visual_mf_diffusion.VisualMeanFlow_VTrue_mpc4_filmv1_Emf,combined_5,False,hardflow_new-r_train_set,30.0,/data/home/llim/FMPCC/FM-PCC/logs/aligning-d3il-visual/plans/mix_visual_aligning_mf/H8_Dmix_visual_aligning.models.visual_mf_diffusion.VisualMeanFlow_a1.5_b1.0_aw1_VTrue_steps1000_bs64_filmv1_Emf_tslogit_normal/H8_K2_Meuler_T0.5_Dmix_visual_aligning.models.visual_mf_diffusion.VisualMeanFlow_VTrue_mpc4_filmv1_Emf/6/results_train_set/combined_5/hardflow_new-r_train_set/hardflow_new-r_train_set.npz,,
13,H8_K2_Meuler_T0.5_Dmix_visual_aligning.models.visual_mf_diffusion.VisualMeanFlow_VTrue_mpc4_filmv1_Emf,6,train,combined_5,hardflow_new-t,npz,0.0,,1.0,30,0,0.0,0,0.0,1.0,/data/home/llim/FMPCC/FM-PCC/logs/aligning-d3il-visual/plans/mix_visual_aligning_mf/H8_Dmix_visual_aligning.models.visual_mf_diffusion.VisualMeanFlow_a1.5_b1.0_aw1_VTrue_steps1000_bs64_filmv1_Emf_tslogit_normal/H8_K2_Meuler_T0.5_Dmix_visual_aligning.models.visual_mf_diffusion.VisualMeanFlow_VTrue_mpc4_filmv1_Emf,combined_5,False,hardflow_new-t_train_set,30.0,/data/home/llim/FMPCC/FM-PCC/logs/aligning-d3il-visual/plans/mix_visual_aligning_mf/H8_Dmix_visual_aligning.models.visual_mf_diffusion.VisualMeanFlow_a1.5_b1.0_aw1_VTrue_steps1000_bs64_filmv1_Emf_tslogit_normal/H8_K2_Meuler_T0.5_Dmix_visual_aligning.models.visual_mf_diffusion.VisualMeanFlow_VTrue_mpc4_filmv1_Emf/6/results_train_set/combined_5/hardflow_new-t_train_set/hardflow_new-t_train_set.npz,,
13,H8_K2_Meuler_T0.5_Dmix_visual_aligning.models.visual_mf_diffusion.VisualMeanFlow_VTrue_mpc4_filmv1_Emf,6,train,combined_5,model_free,npz,0.0,,1.0,30,0,0.0,0,0.0,1.0,/data/home/llim/FMPCC/FM-PCC/logs/aligning-d3il-visual/plans/mix_visual_aligning_mf/H8_Dmix_visual_aligning.models.visual_mf_diffusion.VisualMeanFlow_a1.5_b1.0_aw1_VTrue_steps1000_bs64_filmv1_Emf_tslogit_normal/H8_K2_Meuler_T0.5_Dmix_visual_aligning.models.visual_mf_diffusion.VisualMeanFlow_VTrue_mpc4_filmv1_Emf,combined_5,False,model_free_train_set,30.0,/data/home/llim/FMPCC/FM-PCC/logs/aligning-d3il-visual/plans/mix_visual_aligning_mf/H8_Dmix_visual_aligning.models.visual_mf_diffusion.VisualMeanFlow_a1.5_b1.0_aw1_VTrue_steps1000_bs64_filmv1_Emf_tslogit_normal/H8_K2_Meuler_T0.5_Dmix_visual_aligning.models.visual_mf_diffusion.VisualMeanFlow_VTrue_mpc4_filmv1_Emf/6/results_train_set/combined_5/model_free_train_set/model_free_train_set.npz,,
13,H8_K2_Meuler_T0.5_Dmix_visual_aligning.models.visual_mf_diffusion.VisualMeanFlow_VTrue_mpc4_filmv1_Emf,6,train,combined_5,model_free-bounds_free,npz,0.0,,1.0,30,0,0.0,0,0.0,1.0,/data/home/llim/FMPCC/FM-PCC/logs/aligning-d3il-visual/plans/mix_visual_aligning_mf/H8_Dmix_visual_aligning.models.visual_mf_diffusion.VisualMeanFlow_a1.5_b1.0_aw1_VTrue_steps1000_bs64_filmv1_Emf_tslogit_normal/H8_K2_Meuler_T0.5_Dmix_visual_aligning.models.visual_mf_diffusion.VisualMeanFlow_VTrue_mpc4_filmv1_Emf,combined_5,False,model_free-bounds_free_train_set,30.0,/data/home/llim/FMPCC/FM-PCC/logs/aligning-d3il-visual/plans/mix_visual_aligning_mf/H8_Dmix_visual_aligning.models.visual_mf_diffusion.VisualMeanFlow_a1.5_b1.0_aw1_VTrue_steps1000_bs64_filmv1_Emf_tslogit_normal/H8_K2_Meuler_T0.5_Dmix_visual_aligning.models.visual_mf_diffusion.VisualMeanFlow_VTrue_mpc4_filmv1_Emf/6/results_train_set/combined_5/model_free-bounds_free_train_set/model_free-bounds_free_train_set.npz,,
13,H8_K2_Meuler_T0.5_Dmix_visual_aligning.models.visual_mf_diffusion.VisualMeanFlow_VTrue_mpc4_filmv1_Emf,6,train,combined_5,post_processing,npz,0.0,,1.0,30,0,0.0,0,0.0,1.0,/data/home/llim/FMPCC/FM-PCC/logs/aligning-d3il-visual/plans/mix_visual_aligning_mf/H8_Dmix_visual_aligning.models.visual_mf_diffusion.VisualMeanFlow_a1.5_b1.0_aw1_VTrue_steps1000_bs64_filmv1_Emf_tslogit_normal/H8_K2_Meuler_T0.5_Dmix_visual_aligning.models.visual_mf_diffusion.VisualMeanFlow_VTrue_mpc4_filmv1_Emf,combined_5,False,post_processing_train_set,30.0,/data/home/llim/FMPCC/FM-PCC/logs/aligning-d3il-visual/plans/mix_visual_aligning_mf/H8_Dmix_visual_aligning.models.visual_mf_diffusion.VisualMeanFlow_a1.5_b1.0_aw1_VTrue_steps1000_bs64_filmv1_Emf_tslogit_normal/H8_K2_Meuler_T0.5_Dmix_visual_aligning.models.visual_mf_diffusion.VisualMeanFlow_VTrue_mpc4_filmv1_Emf/6/results_train_set/combined_5/post_processing_train_set/post_processing_train_set.npz,,
13,H8_K2_Meuler_T0.5_Dmix_visual_aligning.models.visual_mf_diffusion.VisualMeanFlow_VTrue_mpc4_filmv1_Emf,6,train,combined_5-tightened,bounds_free,npz,0.0,,1.0,30,4,0.13333333333333333,0,0.0,1.0,/data/home/llim/FMPCC/FM-PCC/logs/aligning-d3il-visual/plans/mix_visual_aligning_mf/H8_Dmix_visual_aligning.models.visual_mf_diffusion.VisualMeanFlow_a1.5_b1.0_aw1_VTrue_steps1000_bs64_filmv1_Emf_tslogit_normal/H8_K2_Meuler_T0.5_Dmix_visual_aligning.models.visual_mf_diffusion.VisualMeanFlow_VTrue_mpc4_filmv1_Emf,combined_5,True,bounds_free_train_set,30.0,/data/home/llim/FMPCC/FM-PCC/logs/aligning-d3il-visual/plans/mix_visual_aligning_mf/H8_Dmix_visual_aligning.models.visual_mf_diffusion.VisualMeanFlow_a1.5_b1.0_aw1_VTrue_steps1000_bs64_filmv1_Emf_tslogit_normal/H8_K2_Meuler_T0.5_Dmix_visual_aligning.models.visual_mf_diffusion.VisualMeanFlow_VTrue_mpc4_filmv1_Emf/6/results_train_set/combined_5-tightened/bounds_free_train_set/bounds_free_train_set.npz,,
13,H8_K2_Meuler_T0.5_Dmix_visual_aligning.models.visual_mf_diffusion.VisualMeanFlow_VTrue_mpc4_filmv1_Emf,6,train,combined_5-tightened,diffuser,npz,0.0,,1.0,30,4,0.13333333333333333,0,0.0,1.0,/data/home/llim/FMPCC/FM-PCC/logs/aligning-d3il-visual/plans/mix_visual_aligning_mf/H8_Dmix_visual_aligning.models.visual_mf_diffusion.VisualMeanFlow_a1.5_b1.0_aw1_VTrue_steps1000_bs64_filmv1_Emf_tslogit_normal/H8_K2_Meuler_T0.5_Dmix_visual_aligning.models.visual_mf_diffusion.VisualMeanFlow_VTrue_mpc4_filmv1_Emf,combined_5,True,diffuser_train_set,30.0,/data/home/llim/FMPCC/FM-PCC/logs/aligning-d3il-visual/plans/mix_visual_aligning_mf/H8_Dmix_visual_aligning.models.visual_mf_diffusion.VisualMeanFlow_a1.5_b1.0_aw1_VTrue_steps1000_bs64_filmv1_Emf_tslogit_normal/H8_K2_Meuler_T0.5_Dmix_visual_aligning.models.visual_mf_diffusion.VisualMeanFlow_VTrue_mpc4_filmv1_Emf/6/results_train_set/combined_5-tightened/diffuser_train_set/diffuser_train_set.npz,,
13,H8_K2_Meuler_T0.5_Dmix_visual_aligning.models.visual_mf_diffusion.VisualMeanFlow_VTrue_mpc4_filmv1_Emf,6,train,combined_5-tightened,dpcc-c,npz,0.0,,1.0,30,4,0.13333333333333333,0,0.0,1.0,/data/home/llim/FMPCC/FM-PCC/logs/aligning-d3il-visual/plans/mix_visual_aligning_mf/H8_Dmix_visual_aligning.models.visual_mf_diffusion.VisualMeanFlow_a1.5_b1.0_aw1_VTrue_steps1000_bs64_filmv1_Emf_tslogit_normal/H8_K2_Meuler_T0.5_Dmix_visual_aligning.models.visual_mf_diffusion.VisualMeanFlow_VTrue_mpc4_filmv1_Emf,combined_5,True,dpcc-c_train_set,30.0,/data/home/llim/FMPCC/FM-PCC/logs/aligning-d3il-visual/plans/mix_visual_aligning_mf/H8_Dmix_visual_aligning.models.visual_mf_diffusion.VisualMeanFlow_a1.5_b1.0_aw1_VTrue_steps1000_bs64_filmv1_Emf_tslogit_normal/H8_K2_Meuler_T0.5_Dmix_visual_aligning.models.visual_mf_diffusion.VisualMeanFlow_VTrue_mpc4_filmv1_Emf/6/results_train_set/combined_5-tightened/dpcc-c_train_set/dpcc-c_train_set.npz,,
13,H8_K2_Meuler_T0.5_Dmix_visual_aligning.models.visual_mf_diffusion.VisualMeanFlow_VTrue_mpc4_filmv1_Emf,6,train,combined_5-tightened,dpcc-c-dt0p25,npz,0.0,,1.0,30,4,0.13333333333333333,0,0.0,1.0,/data/home/llim/FMPCC/FM-PCC/logs/aligning-d3il-visual/plans/mix_visual_aligning_mf/H8_Dmix_visual_aligning.models.visual_mf_diffusion.VisualMeanFlow_a1.5_b1.0_aw1_VTrue_steps1000_bs64_filmv1_Emf_tslogit_normal/H8_K2_Meuler_T0.5_Dmix_visual_aligning.models.visual_mf_diffusion.VisualMeanFlow_VTrue_mpc4_filmv1_Emf,combined_5,True,dpcc-c-dt0p25_train_set,30.0,/data/home/llim/FMPCC/FM-PCC/logs/aligning-d3il-visual/plans/mix_visual_aligning_mf/H8_Dmix_visual_aligning.models.visual_mf_diffusion.VisualMeanFlow_a1.5_b1.0_aw1_VTrue_steps1000_bs64_filmv1_Emf_tslogit_normal/H8_K2_Meuler_T0.5_Dmix_visual_aligning.models.visual_mf_diffusion.VisualMeanFlow_VTrue_mpc4_filmv1_Emf/6/results_train_set/combined_5-tightened/dpcc-c-dt0p25_train_set/dpcc-c-dt0p25_train_set.npz,,
13,H8_K2_Meuler_T0.5_Dmix_visual_aligning.models.visual_mf_diffusion.VisualMeanFlow_VTrue_mpc4_filmv1_Emf,6,train,combined_5-tightened,dpcc-c-dt0p5,npz,0.0,,1.0,30,4,0.13333333333333333,0,0.0,1.0,/data/home/llim/FMPCC/FM-PCC/logs/aligning-d3il-visual/plans/mix_visual_aligning_mf/H8_Dmix_visual_aligning.models.visual_mf_diffusion.VisualMeanFlow_a1.5_b1.0_aw1_VTrue_steps1000_bs64_filmv1_Emf_tslogit_normal/H8_K2_Meuler_T0.5_Dmix_visual_aligning.models.visual_mf_diffusion.VisualMeanFlow_VTrue_mpc4_filmv1_Emf,combined_5,True,dpcc-c-dt0p5_train_set,30.0,/data/home/llim/FMPCC/FM-PCC/logs/aligning-d3il-visual/plans/mix_visual_aligning_mf/H8_Dmix_visual_aligning.models.visual_mf_diffusion.VisualMeanFlow_a1.5_b1.0_aw1_VTrue_steps1000_bs64_filmv1_Emf_tslogit_normal/H8_K2_Meuler_T0.5_Dmix_visual_aligning.models.visual_mf_diffusion.VisualMeanFlow_VTrue_mpc4_filmv1_Emf/6/results_train_set/combined_5-tightened/dpcc-c-dt0p5_train_set/dpcc-c-dt0p5_train_set.npz,,
13,H8_K2_Meuler_T0.5_Dmix_visual_aligning.models.visual_mf_diffusion.VisualMeanFlow_VTrue_mpc4_filmv1_Emf,6,train,combined_5-tightened,dpcc-c-dt2p0,npz,0.0,,1.0,30,4,0.13333333333333333,0,0.0,1.0,/data/home/llim/FMPCC/FM-PCC/logs/aligning-d3il-visual/plans/mix_visual_aligning_mf/H8_Dmix_visual_aligning.models.visual_mf_diffusion.VisualMeanFlow_a1.5_b1.0_aw1_VTrue_steps1000_bs64_filmv1_Emf_tslogit_normal/H8_K2_Meuler_T0.5_Dmix_visual_aligning.models.visual_mf_diffusion.VisualMeanFlow_VTrue_mpc4_filmv1_Emf,combined_5,True,dpcc-c-dt2p0_train_set,30.0,/data/home/llim/FMPCC/FM-PCC/logs/aligning-d3il-visual/plans/mix_visual_aligning_mf/H8_Dmix_visual_aligning.models.visual_mf_diffusion.VisualMeanFlow_a1.5_b1.0_aw1_VTrue_steps1000_bs64_filmv1_Emf_tslogit_normal/H8_K2_Meuler_T0.5_Dmix_visual_aligning.models.visual_mf_diffusion.VisualMeanFlow_VTrue_mpc4_filmv1_Emf/6/results_train_set/combined_5-tightened/dpcc-c-dt2p0_train_set/dpcc-c-dt2p0_train_set.npz,,
13,H8_K2_Meuler_T0.5_Dmix_visual_aligning.models.visual_mf_diffusion.VisualMeanFlow_VTrue_mpc4_filmv1_Emf,6,train,combined_5-tightened,dpcc-c-dt4p0,npz,0.0,,1.0,30,4,0.13333333333333333,0,0.0,1.0,/data/home/llim/FMPCC/FM-PCC/logs/aligning-d3il-visual/plans/mix_visual_aligning_mf/H8_Dmix_visual_aligning.models.visual_mf_diffusion.VisualMeanFlow_a1.5_b1.0_aw1_VTrue_steps1000_bs64_filmv1_Emf_tslogit_normal/H8_K2_Meuler_T0.5_Dmix_visual_aligning.models.visual_mf_diffusion.VisualMeanFlow_VTrue_mpc4_filmv1_Emf,combined_5,True,dpcc-c-dt4p0_train_set,30.0,/data/home/llim/FMPCC/FM-PCC/logs/aligning-d3il-visual/plans/mix_visual_aligning_mf/H8_Dmix_visual_aligning.models.visual_mf_diffusion.VisualMeanFlow_a1.5_b1.0_aw1_VTrue_steps1000_bs64_filmv1_Emf_tslogit_normal/H8_K2_Meuler_T0.5_Dmix_visual_aligning.models.visual_mf_diffusion.VisualMeanFlow_VTrue_mpc4_filmv1_Emf/6/results_train_set/combined_5-tightened/dpcc-c-dt4p0_train_set/dpcc-c-dt4p0_train_set.npz,,
13,H8_K2_Meuler_T0.5_Dmix_visual_aligning.models.visual_mf_diffusion.VisualMeanFlow_VTrue_mpc4_filmv1_Emf,6,train,combined_5-tightened,dpcc-r,npz,0.0,,1.0,30,4,0.13333333333333333,0,0.0,1.0,/data/home/llim/FMPCC/FM-PCC/logs/aligning-d3il-visual/plans/mix_visual_aligning_mf/H8_Dmix_visual_aligning.models.visual_mf_diffusion.VisualMeanFlow_a1.5_b1.0_aw1_VTrue_steps1000_bs64_filmv1_Emf_tslogit_normal/H8_K2_Meuler_T0.5_Dmix_visual_aligning.models.visual_mf_diffusion.VisualMeanFlow_VTrue_mpc4_filmv1_Emf,combined_5,True,dpcc-r_train_set,30.0,/data/home/llim/FMPCC/FM-PCC/logs/aligning-d3il-visual/plans/mix_visual_aligning_mf/H8_Dmix_visual_aligning.models.visual_mf_diffusion.VisualMeanFlow_a1.5_b1.0_aw1_VTrue_steps1000_bs64_filmv1_Emf_tslogit_normal/H8_K2_Meuler_T0.5_Dmix_visual_aligning.models.visual_mf_diffusion.VisualMeanFlow_VTrue_mpc4_filmv1_Emf/6/results_train_set/combined_5-tightened/dpcc-r_train_set/dpcc-r_train_set.npz,,
13,H8_K2_Meuler_T0.5_Dmix_visual_aligning.models.visual_mf_diffusion.VisualMeanFlow_VTrue_mpc4_filmv1_Emf,6,train,combined_5-tightened,dpcc-t,npz,0.0,,1.0,30,4,0.13333333333333333,0,0.0,1.0,/data/home/llim/FMPCC/FM-PCC/logs/aligning-d3il-visual/plans/mix_visual_aligning_mf/H8_Dmix_visual_aligning.models.visual_mf_diffusion.VisualMeanFlow_a1.5_b1.0_aw1_VTrue_steps1000_bs64_filmv1_Emf_tslogit_normal/H8_K2_Meuler_T0.5_Dmix_visual_aligning.models.visual_mf_diffusion.VisualMeanFlow_VTrue_mpc4_filmv1_Emf,combined_5,True,dpcc-t_train_set,30.0,/data/home/llim/FMPCC/FM-PCC/logs/aligning-d3il-visual/plans/mix_visual_aligning_mf/H8_Dmix_visual_aligning.models.visual_mf_diffusion.VisualMeanFlow_a1.5_b1.0_aw1_VTrue_steps1000_bs64_filmv1_Emf_tslogit_normal/H8_K2_Meuler_T0.5_Dmix_visual_aligning.models.visual_mf_diffusion.VisualMeanFlow_VTrue_mpc4_filmv1_Emf/6/results_train_set/combined_5-tightened/dpcc-t_train_set/dpcc-t_train_set.npz,,
13,H8_K2_Meuler_T0.5_Dmix_visual_aligning.models.visual_mf_diffusion.VisualMeanFlow_VTrue_mpc4_filmv1_Emf,6,train,combined_5-tightened,geo_free,npz,0.0,,1.0,30,4,0.13333333333333333,0,0.0,1.0,/data/home/llim/FMPCC/FM-PCC/logs/aligning-d3il-visual/plans/mix_visual_aligning_mf/H8_Dmix_visual_aligning.models.visual_mf_diffusion.VisualMeanFlow_a1.5_b1.0_aw1_VTrue_steps1000_bs64_filmv1_Emf_tslogit_normal/H8_K2_Meuler_T0.5_Dmix_visual_aligning.models.visual_mf_diffusion.VisualMeanFlow_VTrue_mpc4_filmv1_Emf,combined_5,True,geo_free_train_set,30.0,/data/home/llim/FMPCC/FM-PCC/logs/aligning-d3il-visual/plans/mix_visual_aligning_mf/H8_Dmix_visual_aligning.models.visual_mf_diffusion.VisualMeanFlow_a1.5_b1.0_aw1_VTrue_steps1000_bs64_filmv1_Emf_tslogit_normal/H8_K2_Meuler_T0.5_Dmix_visual_aligning.models.visual_mf_diffusion.VisualMeanFlow_VTrue_mpc4_filmv1_Emf/6/results_train_set/combined_5-tightened/geo_free_train_set/geo_free_train_set.npz,,
13,H8_K2_Meuler_T0.5_Dmix_visual_aligning.models.visual_mf_diffusion.VisualMeanFlow_VTrue_mpc4_filmv1_Emf,6,train,combined_5-tightened,geo_free-bounds_free,npz,0.0,,1.0,30,4,0.13333333333333333,0,0.0,1.0,/data/home/llim/FMPCC/FM-PCC/logs/aligning-d3il-visual/plans/mix_visual_aligning_mf/H8_Dmix_visual_aligning.models.visual_mf_diffusion.VisualMeanFlow_a1.5_b1.0_aw1_VTrue_steps1000_bs64_filmv1_Emf_tslogit_normal/H8_K2_Meuler_T0.5_Dmix_visual_aligning.models.visual_mf_diffusion.VisualMeanFlow_VTrue_mpc4_filmv1_Emf,combined_5,True,geo_free-bounds_free_train_set,30.0,/data/home/llim/FMPCC/FM-PCC/logs/aligning-d3il-visual/plans/mix_visual_aligning_mf/H8_Dmix_visual_aligning.models.visual_mf_diffusion.VisualMeanFlow_a1.5_b1.0_aw1_VTrue_steps1000_bs64_filmv1_Emf_tslogit_normal/H8_K2_Meuler_T0.5_Dmix_visual_aligning.models.visual_mf_diffusion.VisualMeanFlow_VTrue_mpc4_filmv1_Emf/6/results_train_set/combined_5-tightened/geo_free-bounds_free_train_set/geo_free-bounds_free_train_set.npz,,
13,H8_K2_Meuler_T0.5_Dmix_visual_aligning.models.visual_mf_diffusion.VisualMeanFlow_VTrue_mpc4_filmv1_Emf,6,train,combined_5-tightened,geo_free-model_free,npz,0.0,,1.0,30,4,0.13333333333333333,0,0.0,1.0,/data/home/llim/FMPCC/FM-PCC/logs/aligning-d3il-visual/plans/mix_visual_aligning_mf/H8_Dmix_visual_aligning.models.visual_mf_diffusion.VisualMeanFlow_a1.5_b1.0_aw1_VTrue_steps1000_bs64_filmv1_Emf_tslogit_normal/H8_K2_Meuler_T0.5_Dmix_visual_aligning.models.visual_mf_diffusion.VisualMeanFlow_VTrue_mpc4_filmv1_Emf,combined_5,True,geo_free-model_free_train_set,30.0,/data/home/llim/FMPCC/FM-PCC/logs/aligning-d3il-visual/plans/mix_visual_aligning_mf/H8_Dmix_visual_aligning.models.visual_mf_diffusion.VisualMeanFlow_a1.5_b1.0_aw1_VTrue_steps1000_bs64_filmv1_Emf_tslogit_normal/H8_K2_Meuler_T0.5_Dmix_visual_aligning.models.visual_mf_diffusion.VisualMeanFlow_VTrue_mpc4_filmv1_Emf/6/results_train_set/combined_5-tightened/geo_free-model_free_train_set/geo_free-model_free_train_set.npz,,
13,H8_K2_Meuler_T0.5_Dmix_visual_aligning.models.visual_mf_diffusion.VisualMeanFlow_VTrue_mpc4_filmv1_Emf,6,train,combined_5-tightened,gradient,npz,0.0,,1.0,30,4,0.13333333333333333,0,0.0,1.0,/data/home/llim/FMPCC/FM-PCC/logs/aligning-d3il-visual/plans/mix_visual_aligning_mf/H8_Dmix_visual_aligning.models.visual_mf_diffusion.VisualMeanFlow_a1.5_b1.0_aw1_VTrue_steps1000_bs64_filmv1_Emf_tslogit_normal/H8_K2_Meuler_T0.5_Dmix_visual_aligning.models.visual_mf_diffusion.VisualMeanFlow_VTrue_mpc4_filmv1_Emf,combined_5,True,gradient_train_set,30.0,/data/home/llim/FMPCC/FM-PCC/logs/aligning-d3il-visual/plans/mix_visual_aligning_mf/H8_Dmix_visual_aligning.models.visual_mf_diffusion.VisualMeanFlow_a1.5_b1.0_aw1_VTrue_steps1000_bs64_filmv1_Emf_tslogit_normal/H8_K2_Meuler_T0.5_Dmix_visual_aligning.models.visual_mf_diffusion.VisualMeanFlow_VTrue_mpc4_filmv1_Emf/6/results_train_set/combined_5-tightened/gradient_train_set/gradient_train_set.npz,,
13,H8_K2_Meuler_T0.5_Dmix_visual_aligning.models.visual_mf_diffusion.VisualMeanFlow_VTrue_mpc4_filmv1_Emf,6,train,combined_5-tightened,hardflow_new-c,npz,0.0,,1.0,30,4,0.13333333333333333,0,0.0,1.0,/data/home/llim/FMPCC/FM-PCC/logs/aligning-d3il-visual/plans/mix_visual_aligning_mf/H8_Dmix_visual_aligning.models.visual_mf_diffusion.VisualMeanFlow_a1.5_b1.0_aw1_VTrue_steps1000_bs64_filmv1_Emf_tslogit_normal/H8_K2_Meuler_T0.5_Dmix_visual_aligning.models.visual_mf_diffusion.VisualMeanFlow_VTrue_mpc4_filmv1_Emf,combined_5,True,hardflow_new-c_train_set,30.0,/data/home/llim/FMPCC/FM-PCC/logs/aligning-d3il-visual/plans/mix_visual_aligning_mf/H8_Dmix_visual_aligning.models.visual_mf_diffusion.VisualMeanFlow_a1.5_b1.0_aw1_VTrue_steps1000_bs64_filmv1_Emf_tslogit_normal/H8_K2_Meuler_T0.5_Dmix_visual_aligning.models.visual_mf_diffusion.VisualMeanFlow_VTrue_mpc4_filmv1_Emf/6/results_train_set/combined_5-tightened/hardflow_new-c_train_set/hardflow_new-c_train_set.npz,,
13,H8_K2_Meuler_T0.5_Dmix_visual_aligning.models.visual_mf_diffusion.VisualMeanFlow_VTrue_mpc4_filmv1_Emf,6,train,combined_5-tightened,hardflow_new-r,npz,0.0,,1.0,30,4,0.13333333333333333,0,0.0,1.0,/data/home/llim/FMPCC/FM-PCC/logs/aligning-d3il-visual/plans/mix_visual_aligning_mf/H8_Dmix_visual_aligning.models.visual_mf_diffusion.VisualMeanFlow_a1.5_b1.0_aw1_VTrue_steps1000_bs64_filmv1_Emf_tslogit_normal/H8_K2_Meuler_T0.5_Dmix_visual_aligning.models.visual_mf_diffusion.VisualMeanFlow_VTrue_mpc4_filmv1_Emf,combined_5,True,hardflow_new-r_train_set,30.0,/data/home/llim/FMPCC/FM-PCC/logs/aligning-d3il-visual/plans/mix_visual_aligning_mf/H8_Dmix_visual_aligning.models.visual_mf_diffusion.VisualMeanFlow_a1.5_b1.0_aw1_VTrue_steps1000_bs64_filmv1_Emf_tslogit_normal/H8_K2_Meuler_T0.5_Dmix_visual_aligning.models.visual_mf_diffusion.VisualMeanFlow_VTrue_mpc4_filmv1_Emf/6/results_train_set/combined_5-tightened/hardflow_new-r_train_set/hardflow_new-r_train_set.npz,,
13,H8_K2_Meuler_T0.5_Dmix_visual_aligning.models.visual_mf_diffusion.VisualMeanFlow_VTrue_mpc4_filmv1_Emf,6,train,combined_5-tightened,hardflow_new-t,npz,0.0,,1.0,30,4,0.13333333333333333,0,0.0,1.0,/data/home/llim/FMPCC/FM-PCC/logs/aligning-d3il-visual/plans/mix_visual_aligning_mf/H8_Dmix_visual_aligning.models.visual_mf_diffusion.VisualMeanFlow_a1.5_b1.0_aw1_VTrue_steps1000_bs64_filmv1_Emf_tslogit_normal/H8_K2_Meuler_T0.5_Dmix_visual_aligning.models.visual_mf_diffusion.VisualMeanFlow_VTrue_mpc4_filmv1_Emf,combined_5,True,hardflow_new-t_train_set,30.0,/data/home/llim/FMPCC/FM-PCC/logs/aligning-d3il-visual/plans/mix_visual_aligning_mf/H8_Dmix_visual_aligning.models.visual_mf_diffusion.VisualMeanFlow_a1.5_b1.0_aw1_VTrue_steps1000_bs64_filmv1_Emf_tslogit_normal/H8_K2_Meuler_T0.5_Dmix_visual_aligning.models.visual_mf_diffusion.VisualMeanFlow_VTrue_mpc4_filmv1_Emf/6/results_train_set/combined_5-tightened/hardflow_new-t_train_set/hardflow_new-t_train_set.npz,,
13,H8_K2_Meuler_T0.5_Dmix_visual_aligning.models.visual_mf_diffusion.VisualMeanFlow_VTrue_mpc4_filmv1_Emf,6,train,combined_5-tightened,model_free,npz,0.0,,1.0,30,4,0.13333333333333333,0,0.0,1.0,/data/home/llim/FMPCC/FM-PCC/logs/aligning-d3il-visual/plans/mix_visual_aligning_mf/H8_Dmix_visual_aligning.models.visual_mf_diffusion.VisualMeanFlow_a1.5_b1.0_aw1_VTrue_steps1000_bs64_filmv1_Emf_tslogit_normal/H8_K2_Meuler_T0.5_Dmix_visual_aligning.models.visual_mf_diffusion.VisualMeanFlow_VTrue_mpc4_filmv1_Emf,combined_5,True,model_free_train_set,30.0,/data/home/llim/FMPCC/FM-PCC/logs/aligning-d3il-visual/plans/mix_visual_aligning_mf/H8_Dmix_visual_aligning.models.visual_mf_diffusion.VisualMeanFlow_a1.5_b1.0_aw1_VTrue_steps1000_bs64_filmv1_Emf_tslogit_normal/H8_K2_Meuler_T0.5_Dmix_visual_aligning.models.visual_mf_diffusion.VisualMeanFlow_VTrue_mpc4_filmv1_Emf/6/results_train_set/combined_5-tightened/model_free_train_set/model_free_train_set.npz,,
13,H8_K2_Meuler_T0.5_Dmix_visual_aligning.models.visual_mf_diffusion.VisualMeanFlow_VTrue_mpc4_filmv1_Emf,6,train,combined_5-tightened,model_free-bounds_free,npz,0.0,,1.0,30,4,0.13333333333333333,0,0.0,1.0,/data/home/llim/FMPCC/FM-PCC/logs/aligning-d3il-visual/plans/mix_visual_aligning_mf/H8_Dmix_visual_aligning.models.visual_mf_diffusion.VisualMeanFlow_a1.5_b1.0_aw1_VTrue_steps1000_bs64_filmv1_Emf_tslogit_normal/H8_K2_Meuler_T0.5_Dmix_visual_aligning.models.visual_mf_diffusion.VisualMeanFlow_VTrue_mpc4_filmv1_Emf,combined_5,True,model_free-bounds_free_train_set,30.0,/data/home/llim/FMPCC/FM-PCC/logs/aligning-d3il-visual/plans/mix_visual_aligning_mf/H8_Dmix_visual_aligning.models.visual_mf_diffusion.VisualMeanFlow_a1.5_b1.0_aw1_VTrue_steps1000_bs64_filmv1_Emf_tslogit_normal/H8_K2_Meuler_T0.5_Dmix_visual_aligning.models.visual_mf_diffusion.VisualMeanFlow_VTrue_mpc4_filmv1_Emf/6/results_train_set/combined_5-tightened/model_free-bounds_free_train_set/model_free-bounds_free_train_set.npz,,
13,H8_K2_Meuler_T0.5_Dmix_visual_aligning.models.visual_mf_diffusion.VisualMeanFlow_VTrue_mpc4_filmv1_Emf,6,train,combined_5-tightened,post_processing,npz,0.0,,1.0,30,4,0.13333333333333333,0,0.0,1.0,/data/home/llim/FMPCC/FM-PCC/logs/aligning-d3il-visual/plans/mix_visual_aligning_mf/H8_Dmix_visual_aligning.models.visual_mf_diffusion.VisualMeanFlow_a1.5_b1.0_aw1_VTrue_steps1000_bs64_filmv1_Emf_tslogit_normal/H8_K2_Meuler_T0.5_Dmix_visual_aligning.models.visual_mf_diffusion.VisualMeanFlow_VTrue_mpc4_filmv1_Emf,combined_5,True,post_processing_train_set,30.0,/data/home/llim/FMPCC/FM-PCC/logs/aligning-d3il-visual/plans/mix_visual_aligning_mf/H8_Dmix_visual_aligning.models.visual_mf_diffusion.VisualMeanFlow_a1.5_b1.0_aw1_VTrue_steps1000_bs64_filmv1_Emf_tslogit_normal/H8_K2_Meuler_T0.5_Dmix_visual_aligning.models.visual_mf_diffusion.VisualMeanFlow_VTrue_mpc4_filmv1_Emf/6/results_train_set/combined_5-tightened/post_processing_train_set/post_processing_train_set.npz,,
14,H8_K2_Meuler_T0.5_Dmix_visual_aligning.models.visual_mf_diffusion.VisualMeanFlow_VTrue_mpc4_filmv2_Emf,6,train,combined_5,bounds_free,npz,0.0,,1.0,30,0,0.0,0,0.0,1.0,/data/home/llim/FMPCC/FM-PCC/logs/aligning-d3il-visual/plans/mix_visual_aligning_mf/H8_Dmix_visual_aligning.models.visual_mf_diffusion.VisualMeanFlow_a1.5_b1.0_aw1_VTrue_steps1000_bs64_filmv2_Emf_tslogit_normal/H8_K2_Meuler_T0.5_Dmix_visual_aligning.models.visual_mf_diffusion.VisualMeanFlow_VTrue_mpc4_filmv2_Emf,combined_5,False,bounds_free_train_set,30.0,/data/home/llim/FMPCC/FM-PCC/logs/aligning-d3il-visual/plans/mix_visual_aligning_mf/H8_Dmix_visual_aligning.models.visual_mf_diffusion.VisualMeanFlow_a1.5_b1.0_aw1_VTrue_steps1000_bs64_filmv2_Emf_tslogit_normal/H8_K2_Meuler_T0.5_Dmix_visual_aligning.models.visual_mf_diffusion.VisualMeanFlow_VTrue_mpc4_filmv2_Emf/6/results_train_set/combined_5/bounds_free_train_set/bounds_free_train_set.npz,,
14,H8_K2_Meuler_T0.5_Dmix_visual_aligning.models.visual_mf_diffusion.VisualMeanFlow_VTrue_mpc4_filmv2_Emf,6,train,combined_5,diffuser,npz,0.0,,1.0,30,0,0.0,0,0.0,1.0,/data/home/llim/FMPCC/FM-PCC/logs/aligning-d3il-visual/plans/mix_visual_aligning_mf/H8_Dmix_visual_aligning.models.visual_mf_diffusion.VisualMeanFlow_a1.5_b1.0_aw1_VTrue_steps1000_bs64_filmv2_Emf_tslogit_normal/H8_K2_Meuler_T0.5_Dmix_visual_aligning.models.visual_mf_diffusion.VisualMeanFlow_VTrue_mpc4_filmv2_Emf,combined_5,False,diffuser_train_set,30.0,/data/home/llim/FMPCC/FM-PCC/logs/aligning-d3il-visual/plans/mix_visual_aligning_mf/H8_Dmix_visual_aligning.models.visual_mf_diffusion.VisualMeanFlow_a1.5_b1.0_aw1_VTrue_steps1000_bs64_filmv2_Emf_tslogit_normal/H8_K2_Meuler_T0.5_Dmix_visual_aligning.models.visual_mf_diffusion.VisualMeanFlow_VTrue_mpc4_filmv2_Emf/6/results_train_set/combined_5/diffuser_train_set/diffuser_train_set.npz,,
14,H8_K2_Meuler_T0.5_Dmix_visual_aligning.models.visual_mf_diffusion.VisualMeanFlow_VTrue_mpc4_filmv2_Emf,6,train,combined_5,dpcc-c,npz,0.0,,1.0,30,0,0.0,0,0.0,1.0,/data/home/llim/FMPCC/FM-PCC/logs/aligning-d3il-visual/plans/mix_visual_aligning_mf/H8_Dmix_visual_aligning.models.visual_mf_diffusion.VisualMeanFlow_a1.5_b1.0_aw1_VTrue_steps1000_bs64_filmv2_Emf_tslogit_normal/H8_K2_Meuler_T0.5_Dmix_visual_aligning.models.visual_mf_diffusion.VisualMeanFlow_VTrue_mpc4_filmv2_Emf,combined_5,False,dpcc-c_train_set,30.0,/data/home/llim/FMPCC/FM-PCC/logs/aligning-d3il-visual/plans/mix_visual_aligning_mf/H8_Dmix_visual_aligning.models.visual_mf_diffusion.VisualMeanFlow_a1.5_b1.0_aw1_VTrue_steps1000_bs64_filmv2_Emf_tslogit_normal/H8_K2_Meuler_T0.5_Dmix_visual_aligning.models.visual_mf_diffusion.VisualMeanFlow_VTrue_mpc4_filmv2_Emf/6/results_train_set/combined_5/dpcc-c_train_set/dpcc-c_train_set.npz,,
14,H8_K2_Meuler_T0.5_Dmix_visual_aligning.models.visual_mf_diffusion.VisualMeanFlow_VTrue_mpc4_filmv2_Emf,6,train,combined_5,dpcc-c-dt0p25,npz,0.0,,1.0,30,0,0.0,0,0.0,1.0,/data/home/llim/FMPCC/FM-PCC/logs/aligning-d3il-visual/plans/mix_visual_aligning_mf/H8_Dmix_visual_aligning.models.visual_mf_diffusion.VisualMeanFlow_a1.5_b1.0_aw1_VTrue_steps1000_bs64_filmv2_Emf_tslogit_normal/H8_K2_Meuler_T0.5_Dmix_visual_aligning.models.visual_mf_diffusion.VisualMeanFlow_VTrue_mpc4_filmv2_Emf,combined_5,False,dpcc-c-dt0p25_train_set,30.0,/data/home/llim/FMPCC/FM-PCC/logs/aligning-d3il-visual/plans/mix_visual_aligning_mf/H8_Dmix_visual_aligning.models.visual_mf_diffusion.VisualMeanFlow_a1.5_b1.0_aw1_VTrue_steps1000_bs64_filmv2_Emf_tslogit_normal/H8_K2_Meuler_T0.5_Dmix_visual_aligning.models.visual_mf_diffusion.VisualMeanFlow_VTrue_mpc4_filmv2_Emf/6/results_train_set/combined_5/dpcc-c-dt0p25_train_set/dpcc-c-dt0p25_train_set.npz,,
14,H8_K2_Meuler_T0.5_Dmix_visual_aligning.models.visual_mf_diffusion.VisualMeanFlow_VTrue_mpc4_filmv2_Emf,6,train,combined_5,dpcc-c-dt0p5,npz,0.0,,1.0,30,0,0.0,0,0.0,1.0,/data/home/llim/FMPCC/FM-PCC/logs/aligning-d3il-visual/plans/mix_visual_aligning_mf/H8_Dmix_visual_aligning.models.visual_mf_diffusion.VisualMeanFlow_a1.5_b1.0_aw1_VTrue_steps1000_bs64_filmv2_Emf_tslogit_normal/H8_K2_Meuler_T0.5_Dmix_visual_aligning.models.visual_mf_diffusion.VisualMeanFlow_VTrue_mpc4_filmv2_Emf,combined_5,False,dpcc-c-dt0p5_train_set,30.0,/data/home/llim/FMPCC/FM-PCC/logs/aligning-d3il-visual/plans/mix_visual_aligning_mf/H8_Dmix_visual_aligning.models.visual_mf_diffusion.VisualMeanFlow_a1.5_b1.0_aw1_VTrue_steps1000_bs64_filmv2_Emf_tslogit_normal/H8_K2_Meuler_T0.5_Dmix_visual_aligning.models.visual_mf_diffusion.VisualMeanFlow_VTrue_mpc4_filmv2_Emf/6/results_train_set/combined_5/dpcc-c-dt0p5_train_set/dpcc-c-dt0p5_train_set.npz,,
14,H8_K2_Meuler_T0.5_Dmix_visual_aligning.models.visual_mf_diffusion.VisualMeanFlow_VTrue_mpc4_filmv2_Emf,6,train,combined_5,dpcc-c-dt2p0,npz,0.0,,1.0,30,0,0.0,0,0.0,1.0,/data/home/llim/FMPCC/FM-PCC/logs/aligning-d3il-visual/plans/mix_visual_aligning_mf/H8_Dmix_visual_aligning.models.visual_mf_diffusion.VisualMeanFlow_a1.5_b1.0_aw1_VTrue_steps1000_bs64_filmv2_Emf_tslogit_normal/H8_K2_Meuler_T0.5_Dmix_visual_aligning.models.visual_mf_diffusion.VisualMeanFlow_VTrue_mpc4_filmv2_Emf,combined_5,False,dpcc-c-dt2p0_train_set,30.0,/data/home/llim/FMPCC/FM-PCC/logs/aligning-d3il-visual/plans/mix_visual_aligning_mf/H8_Dmix_visual_aligning.models.visual_mf_diffusion.VisualMeanFlow_a1.5_b1.0_aw1_VTrue_steps1000_bs64_filmv2_Emf_tslogit_normal/H8_K2_Meuler_T0.5_Dmix_visual_aligning.models.visual_mf_diffusion.VisualMeanFlow_VTrue_mpc4_filmv2_Emf/6/results_train_set/combined_5/dpcc-c-dt2p0_train_set/dpcc-c-dt2p0_train_set.npz,,
14,H8_K2_Meuler_T0.5_Dmix_visual_aligning.models.visual_mf_diffusion.VisualMeanFlow_VTrue_mpc4_filmv2_Emf,6,train,combined_5,dpcc-c-dt4p0,npz,0.0,,1.0,30,0,0.0,0,0.0,1.0,/data/home/llim/FMPCC/FM-PCC/logs/aligning-d3il-visual/plans/mix_visual_aligning_mf/H8_Dmix_visual_aligning.models.visual_mf_diffusion.VisualMeanFlow_a1.5_b1.0_aw1_VTrue_steps1000_bs64_filmv2_Emf_tslogit_normal/H8_K2_Meuler_T0.5_Dmix_visual_aligning.models.visual_mf_diffusion.VisualMeanFlow_VTrue_mpc4_filmv2_Emf,combined_5,False,dpcc-c-dt4p0_train_set,30.0,/data/home/llim/FMPCC/FM-PCC/logs/aligning-d3il-visual/plans/mix_visual_aligning_mf/H8_Dmix_visual_aligning.models.visual_mf_diffusion.VisualMeanFlow_a1.5_b1.0_aw1_VTrue_steps1000_bs64_filmv2_Emf_tslogit_normal/H8_K2_Meuler_T0.5_Dmix_visual_aligning.models.visual_mf_diffusion.VisualMeanFlow_VTrue_mpc4_filmv2_Emf/6/results_train_set/combined_5/dpcc-c-dt4p0_train_set/dpcc-c-dt4p0_train_set.npz,,
14,H8_K2_Meuler_T0.5_Dmix_visual_aligning.models.visual_mf_diffusion.VisualMeanFlow_VTrue_mpc4_filmv2_Emf,6,train,combined_5,dpcc-r,npz,0.0,,1.0,30,0,0.0,0,0.0,1.0,/data/home/llim/FMPCC/FM-PCC/logs/aligning-d3il-visual/plans/mix_visual_aligning_mf/H8_Dmix_visual_aligning.models.visual_mf_diffusion.VisualMeanFlow_a1.5_b1.0_aw1_VTrue_steps1000_bs64_filmv2_Emf_tslogit_normal/H8_K2_Meuler_T0.5_Dmix_visual_aligning.models.visual_mf_diffusion.VisualMeanFlow_VTrue_mpc4_filmv2_Emf,combined_5,False,dpcc-r_train_set,30.0,/data/home/llim/FMPCC/FM-PCC/logs/aligning-d3il-visual/plans/mix_visual_aligning_mf/H8_Dmix_visual_aligning.models.visual_mf_diffusion.VisualMeanFlow_a1.5_b1.0_aw1_VTrue_steps1000_bs64_filmv2_Emf_tslogit_normal/H8_K2_Meuler_T0.5_Dmix_visual_aligning.models.visual_mf_diffusion.VisualMeanFlow_VTrue_mpc4_filmv2_Emf/6/results_train_set/combined_5/dpcc-r_train_set/dpcc-r_train_set.npz,,
14,H8_K2_Meuler_T0.5_Dmix_visual_aligning.models.visual_mf_diffusion.VisualMeanFlow_VTrue_mpc4_filmv2_Emf,6,train,combined_5,dpcc-t,npz,0.0,,1.0,30,0,0.0,0,0.0,1.0,/data/home/llim/FMPCC/FM-PCC/logs/aligning-d3il-visual/plans/mix_visual_aligning_mf/H8_Dmix_visual_aligning.models.visual_mf_diffusion.VisualMeanFlow_a1.5_b1.0_aw1_VTrue_steps1000_bs64_filmv2_Emf_tslogit_normal/H8_K2_Meuler_T0.5_Dmix_visual_aligning.models.visual_mf_diffusion.VisualMeanFlow_VTrue_mpc4_filmv2_Emf,combined_5,False,dpcc-t_train_set,30.0,/data/home/llim/FMPCC/FM-PCC/logs/aligning-d3il-visual/plans/mix_visual_aligning_mf/H8_Dmix_visual_aligning.models.visual_mf_diffusion.VisualMeanFlow_a1.5_b1.0_aw1_VTrue_steps1000_bs64_filmv2_Emf_tslogit_normal/H8_K2_Meuler_T0.5_Dmix_visual_aligning.models.visual_mf_diffusion.VisualMeanFlow_VTrue_mpc4_filmv2_Emf/6/results_train_set/combined_5/dpcc-t_train_set/dpcc-t_train_set.npz,,
14,H8_K2_Meuler_T0.5_Dmix_visual_aligning.models.visual_mf_diffusion.VisualMeanFlow_VTrue_mpc4_filmv2_Emf,6,train,combined_5,geo_free,npz,0.0,,1.0,30,0,0.0,0,0.0,1.0,/data/home/llim/FMPCC/FM-PCC/logs/aligning-d3il-visual/plans/mix_visual_aligning_mf/H8_Dmix_visual_aligning.models.visual_mf_diffusion.VisualMeanFlow_a1.5_b1.0_aw1_VTrue_steps1000_bs64_filmv2_Emf_tslogit_normal/H8_K2_Meuler_T0.5_Dmix_visual_aligning.models.visual_mf_diffusion.VisualMeanFlow_VTrue_mpc4_filmv2_Emf,combined_5,False,geo_free_train_set,30.0,/data/home/llim/FMPCC/FM-PCC/logs/aligning-d3il-visual/plans/mix_visual_aligning_mf/H8_Dmix_visual_aligning.models.visual_mf_diffusion.VisualMeanFlow_a1.5_b1.0_aw1_VTrue_steps1000_bs64_filmv2_Emf_tslogit_normal/H8_K2_Meuler_T0.5_Dmix_visual_aligning.models.visual_mf_diffusion.VisualMeanFlow_VTrue_mpc4_filmv2_Emf/6/results_train_set/combined_5/geo_free_train_set/geo_free_train_set.npz,,
14,H8_K2_Meuler_T0.5_Dmix_visual_aligning.models.visual_mf_diffusion.VisualMeanFlow_VTrue_mpc4_filmv2_Emf,6,train,combined_5,geo_free-bounds_free,npz,0.0,,1.0,30,0,0.0,0,0.0,1.0,/data/home/llim/FMPCC/FM-PCC/logs/aligning-d3il-visual/plans/mix_visual_aligning_mf/H8_Dmix_visual_aligning.models.visual_mf_diffusion.VisualMeanFlow_a1.5_b1.0_aw1_VTrue_steps1000_bs64_filmv2_Emf_tslogit_normal/H8_K2_Meuler_T0.5_Dmix_visual_aligning.models.visual_mf_diffusion.VisualMeanFlow_VTrue_mpc4_filmv2_Emf,combined_5,False,geo_free-bounds_free_train_set,30.0,/data/home/llim/FMPCC/FM-PCC/logs/aligning-d3il-visual/plans/mix_visual_aligning_mf/H8_Dmix_visual_aligning.models.visual_mf_diffusion.VisualMeanFlow_a1.5_b1.0_aw1_VTrue_steps1000_bs64_filmv2_Emf_tslogit_normal/H8_K2_Meuler_T0.5_Dmix_visual_aligning.models.visual_mf_diffusion.VisualMeanFlow_VTrue_mpc4_filmv2_Emf/6/results_train_set/combined_5/geo_free-bounds_free_train_set/geo_free-bounds_free_train_set.npz,,
14,H8_K2_Meuler_T0.5_Dmix_visual_aligning.models.visual_mf_diffusion.VisualMeanFlow_VTrue_mpc4_filmv2_Emf,6,train,combined_5,geo_free-model_free,npz,0.0,,1.0,30,0,0.0,0,0.0,1.0,/data/home/llim/FMPCC/FM-PCC/logs/aligning-d3il-visual/plans/mix_visual_aligning_mf/H8_Dmix_visual_aligning.models.visual_mf_diffusion.VisualMeanFlow_a1.5_b1.0_aw1_VTrue_steps1000_bs64_filmv2_Emf_tslogit_normal/H8_K2_Meuler_T0.5_Dmix_visual_aligning.models.visual_mf_diffusion.VisualMeanFlow_VTrue_mpc4_filmv2_Emf,combined_5,False,geo_free-model_free_train_set,30.0,/data/home/llim/FMPCC/FM-PCC/logs/aligning-d3il-visual/plans/mix_visual_aligning_mf/H8_Dmix_visual_aligning.models.visual_mf_diffusion.VisualMeanFlow_a1.5_b1.0_aw1_VTrue_steps1000_bs64_filmv2_Emf_tslogit_normal/H8_K2_Meuler_T0.5_Dmix_visual_aligning.models.visual_mf_diffusion.VisualMeanFlow_VTrue_mpc4_filmv2_Emf/6/results_train_set/combined_5/geo_free-model_free_train_set/geo_free-model_free_train_set.npz,,
14,H8_K2_Meuler_T0.5_Dmix_visual_aligning.models.visual_mf_diffusion.VisualMeanFlow_VTrue_mpc4_filmv2_Emf,6,train,combined_5,gradient,npz,0.0,,1.0,30,0,0.0,0,0.0,1.0,/data/home/llim/FMPCC/FM-PCC/logs/aligning-d3il-visual/plans/mix_visual_aligning_mf/H8_Dmix_visual_aligning.models.visual_mf_diffusion.VisualMeanFlow_a1.5_b1.0_aw1_VTrue_steps1000_bs64_filmv2_Emf_tslogit_normal/H8_K2_Meuler_T0.5_Dmix_visual_aligning.models.visual_mf_diffusion.VisualMeanFlow_VTrue_mpc4_filmv2_Emf,combined_5,False,gradient_train_set,30.0,/data/home/llim/FMPCC/FM-PCC/logs/aligning-d3il-visual/plans/mix_visual_aligning_mf/H8_Dmix_visual_aligning.models.visual_mf_diffusion.VisualMeanFlow_a1.5_b1.0_aw1_VTrue_steps1000_bs64_filmv2_Emf_tslogit_normal/H8_K2_Meuler_T0.5_Dmix_visual_aligning.models.visual_mf_diffusion.VisualMeanFlow_VTrue_mpc4_filmv2_Emf/6/results_train_set/combined_5/gradient_train_set/gradient_train_set.npz,,
14,H8_K2_Meuler_T0.5_Dmix_visual_aligning.models.visual_mf_diffusion.VisualMeanFlow_VTrue_mpc4_filmv2_Emf,6,train,combined_5,model_free,npz,0.0,,1.0,30,0,0.0,0,0.0,1.0,/data/home/llim/FMPCC/FM-PCC/logs/aligning-d3il-visual/plans/mix_visual_aligning_mf/H8_Dmix_visual_aligning.models.visual_mf_diffusion.VisualMeanFlow_a1.5_b1.0_aw1_VTrue_steps1000_bs64_filmv2_Emf_tslogit_normal/H8_K2_Meuler_T0.5_Dmix_visual_aligning.models.visual_mf_diffusion.VisualMeanFlow_VTrue_mpc4_filmv2_Emf,combined_5,False,model_free_train_set,30.0,/data/home/llim/FMPCC/FM-PCC/logs/aligning-d3il-visual/plans/mix_visual_aligning_mf/H8_Dmix_visual_aligning.models.visual_mf_diffusion.VisualMeanFlow_a1.5_b1.0_aw1_VTrue_steps1000_bs64_filmv2_Emf_tslogit_normal/H8_K2_Meuler_T0.5_Dmix_visual_aligning.models.visual_mf_diffusion.VisualMeanFlow_VTrue_mpc4_filmv2_Emf/6/results_train_set/combined_5/model_free_train_set/model_free_train_set.npz,,
14,H8_K2_Meuler_T0.5_Dmix_visual_aligning.models.visual_mf_diffusion.VisualMeanFlow_VTrue_mpc4_filmv2_Emf,6,train,combined_5,model_free-bounds_free,npz,0.0,,1.0,30,0,0.0,0,0.0,1.0,/data/home/llim/FMPCC/FM-PCC/logs/aligning-d3il-visual/plans/mix_visual_aligning_mf/H8_Dmix_visual_aligning.models.visual_mf_diffusion.VisualMeanFlow_a1.5_b1.0_aw1_VTrue_steps1000_bs64_filmv2_Emf_tslogit_normal/H8_K2_Meuler_T0.5_Dmix_visual_aligning.models.visual_mf_diffusion.VisualMeanFlow_VTrue_mpc4_filmv2_Emf,combined_5,False,model_free-bounds_free_train_set,30.0,/data/home/llim/FMPCC/FM-PCC/logs/aligning-d3il-visual/plans/mix_visual_aligning_mf/H8_Dmix_visual_aligning.models.visual_mf_diffusion.VisualMeanFlow_a1.5_b1.0_aw1_VTrue_steps1000_bs64_filmv2_Emf_tslogit_normal/H8_K2_Meuler_T0.5_Dmix_visual_aligning.models.visual_mf_diffusion.VisualMeanFlow_VTrue_mpc4_filmv2_Emf/6/results_train_set/combined_5/model_free-bounds_free_train_set/model_free-bounds_free_train_set.npz,,
14,H8_K2_Meuler_T0.5_Dmix_visual_aligning.models.visual_mf_diffusion.VisualMeanFlow_VTrue_mpc4_filmv2_Emf,6,train,combined_5,post_processing,npz,0.0,,1.0,30,0,0.0,0,0.0,1.0,/data/home/llim/FMPCC/FM-PCC/logs/aligning-d3il-visual/plans/mix_visual_aligning_mf/H8_Dmix_visual_aligning.models.visual_mf_diffusion.VisualMeanFlow_a1.5_b1.0_aw1_VTrue_steps1000_bs64_filmv2_Emf_tslogit_normal/H8_K2_Meuler_T0.5_Dmix_visual_aligning.models.visual_mf_diffusion.VisualMeanFlow_VTrue_mpc4_filmv2_Emf,combined_5,False,post_processing_train_set,30.0,/data/home/llim/FMPCC/FM-PCC/logs/aligning-d3il-visual/plans/mix_visual_aligning_mf/H8_Dmix_visual_aligning.models.visual_mf_diffusion.VisualMeanFlow_a1.5_b1.0_aw1_VTrue_steps1000_bs64_filmv2_Emf_tslogit_normal/H8_K2_Meuler_T0.5_Dmix_visual_aligning.models.visual_mf_diffusion.VisualMeanFlow_VTrue_mpc4_filmv2_Emf/6/results_train_set/combined_5/post_processing_train_set/post_processing_train_set.npz,,
14,H8_K2_Meuler_T0.5_Dmix_visual_aligning.models.visual_mf_diffusion.VisualMeanFlow_VTrue_mpc4_filmv2_Emf,6,train,combined_5-tightened,bounds_free,npz,0.0,,1.0,30,4,0.13333333333333333,0,0.0,1.0,/data/home/llim/FMPCC/FM-PCC/logs/aligning-d3il-visual/plans/mix_visual_aligning_mf/H8_Dmix_visual_aligning.models.visual_mf_diffusion.VisualMeanFlow_a1.5_b1.0_aw1_VTrue_steps1000_bs64_filmv2_Emf_tslogit_normal/H8_K2_Meuler_T0.5_Dmix_visual_aligning.models.visual_mf_diffusion.VisualMeanFlow_VTrue_mpc4_filmv2_Emf,combined_5,True,bounds_free_train_set,30.0,/data/home/llim/FMPCC/FM-PCC/logs/aligning-d3il-visual/plans/mix_visual_aligning_mf/H8_Dmix_visual_aligning.models.visual_mf_diffusion.VisualMeanFlow_a1.5_b1.0_aw1_VTrue_steps1000_bs64_filmv2_Emf_tslogit_normal/H8_K2_Meuler_T0.5_Dmix_visual_aligning.models.visual_mf_diffusion.VisualMeanFlow_VTrue_mpc4_filmv2_Emf/6/results_train_set/combined_5-tightened/bounds_free_train_set/bounds_free_train_set.npz,,
14,H8_K2_Meuler_T0.5_Dmix_visual_aligning.models.visual_mf_diffusion.VisualMeanFlow_VTrue_mpc4_filmv2_Emf,6,train,combined_5-tightened,diffuser,npz,0.0,,1.0,30,4,0.13333333333333333,0,0.0,1.0,/data/home/llim/FMPCC/FM-PCC/logs/aligning-d3il-visual/plans/mix_visual_aligning_mf/H8_Dmix_visual_aligning.models.visual_mf_diffusion.VisualMeanFlow_a1.5_b1.0_aw1_VTrue_steps1000_bs64_filmv2_Emf_tslogit_normal/H8_K2_Meuler_T0.5_Dmix_visual_aligning.models.visual_mf_diffusion.VisualMeanFlow_VTrue_mpc4_filmv2_Emf,combined_5,True,diffuser_train_set,30.0,/data/home/llim/FMPCC/FM-PCC/logs/aligning-d3il-visual/plans/mix_visual_aligning_mf/H8_Dmix_visual_aligning.models.visual_mf_diffusion.VisualMeanFlow_a1.5_b1.0_aw1_VTrue_steps1000_bs64_filmv2_Emf_tslogit_normal/H8_K2_Meuler_T0.5_Dmix_visual_aligning.models.visual_mf_diffusion.VisualMeanFlow_VTrue_mpc4_filmv2_Emf/6/results_train_set/combined_5-tightened/diffuser_train_set/diffuser_train_set.npz,,
14,H8_K2_Meuler_T0.5_Dmix_visual_aligning.models.visual_mf_diffusion.VisualMeanFlow_VTrue_mpc4_filmv2_Emf,6,train,combined_5-tightened,dpcc-c,npz,0.0,,1.0,30,4,0.13333333333333333,0,0.0,1.0,/data/home/llim/FMPCC/FM-PCC/logs/aligning-d3il-visual/plans/mix_visual_aligning_mf/H8_Dmix_visual_aligning.models.visual_mf_diffusion.VisualMeanFlow_a1.5_b1.0_aw1_VTrue_steps1000_bs64_filmv2_Emf_tslogit_normal/H8_K2_Meuler_T0.5_Dmix_visual_aligning.models.visual_mf_diffusion.VisualMeanFlow_VTrue_mpc4_filmv2_Emf,combined_5,True,dpcc-c_train_set,30.0,/data/home/llim/FMPCC/FM-PCC/logs/aligning-d3il-visual/plans/mix_visual_aligning_mf/H8_Dmix_visual_aligning.models.visual_mf_diffusion.VisualMeanFlow_a1.5_b1.0_aw1_VTrue_steps1000_bs64_filmv2_Emf_tslogit_normal/H8_K2_Meuler_T0.5_Dmix_visual_aligning.models.visual_mf_diffusion.VisualMeanFlow_VTrue_mpc4_filmv2_Emf/6/results_train_set/combined_5-tightened/dpcc-c_train_set/dpcc-c_train_set.npz,,
14,H8_K2_Meuler_T0.5_Dmix_visual_aligning.models.visual_mf_diffusion.VisualMeanFlow_VTrue_mpc4_filmv2_Emf,6,train,combined_5-tightened,dpcc-c-dt0p25,npz,0.0,,1.0,30,4,0.13333333333333333,0,0.0,1.0,/data/home/llim/FMPCC/FM-PCC/logs/aligning-d3il-visual/plans/mix_visual_aligning_mf/H8_Dmix_visual_aligning.models.visual_mf_diffusion.VisualMeanFlow_a1.5_b1.0_aw1_VTrue_steps1000_bs64_filmv2_Emf_tslogit_normal/H8_K2_Meuler_T0.5_Dmix_visual_aligning.models.visual_mf_diffusion.VisualMeanFlow_VTrue_mpc4_filmv2_Emf,combined_5,True,dpcc-c-dt0p25_train_set,30.0,/data/home/llim/FMPCC/FM-PCC/logs/aligning-d3il-visual/plans/mix_visual_aligning_mf/H8_Dmix_visual_aligning.models.visual_mf_diffusion.VisualMeanFlow_a1.5_b1.0_aw1_VTrue_steps1000_bs64_filmv2_Emf_tslogit_normal/H8_K2_Meuler_T0.5_Dmix_visual_aligning.models.visual_mf_diffusion.VisualMeanFlow_VTrue_mpc4_filmv2_Emf/6/results_train_set/combined_5-tightened/dpcc-c-dt0p25_train_set/dpcc-c-dt0p25_train_set.npz,,
14,H8_K2_Meuler_T0.5_Dmix_visual_aligning.models.visual_mf_diffusion.VisualMeanFlow_VTrue_mpc4_filmv2_Emf,6,train,combined_5-tightened,dpcc-c-dt0p5,npz,0.0,,1.0,30,4,0.13333333333333333,0,0.0,1.0,/data/home/llim/FMPCC/FM-PCC/logs/aligning-d3il-visual/plans/mix_visual_aligning_mf/H8_Dmix_visual_aligning.models.visual_mf_diffusion.VisualMeanFlow_a1.5_b1.0_aw1_VTrue_steps1000_bs64_filmv2_Emf_tslogit_normal/H8_K2_Meuler_T0.5_Dmix_visual_aligning.models.visual_mf_diffusion.VisualMeanFlow_VTrue_mpc4_filmv2_Emf,combined_5,True,dpcc-c-dt0p5_train_set,30.0,/data/home/llim/FMPCC/FM-PCC/logs/aligning-d3il-visual/plans/mix_visual_aligning_mf/H8_Dmix_visual_aligning.models.visual_mf_diffusion.VisualMeanFlow_a1.5_b1.0_aw1_VTrue_steps1000_bs64_filmv2_Emf_tslogit_normal/H8_K2_Meuler_T0.5_Dmix_visual_aligning.models.visual_mf_diffusion.VisualMeanFlow_VTrue_mpc4_filmv2_Emf/6/results_train_set/combined_5-tightened/dpcc-c-dt0p5_train_set/dpcc-c-dt0p5_train_set.npz,,
14,H8_K2_Meuler_T0.5_Dmix_visual_aligning.models.visual_mf_diffusion.VisualMeanFlow_VTrue_mpc4_filmv2_Emf,6,train,combined_5-tightened,dpcc-c-dt2p0,npz,0.0,,1.0,30,4,0.13333333333333333,0,0.0,1.0,/data/home/llim/FMPCC/FM-PCC/logs/aligning-d3il-visual/plans/mix_visual_aligning_mf/H8_Dmix_visual_aligning.models.visual_mf_diffusion.VisualMeanFlow_a1.5_b1.0_aw1_VTrue_steps1000_bs64_filmv2_Emf_tslogit_normal/H8_K2_Meuler_T0.5_Dmix_visual_aligning.models.visual_mf_diffusion.VisualMeanFlow_VTrue_mpc4_filmv2_Emf,combined_5,True,dpcc-c-dt2p0_train_set,30.0,/data/home/llim/FMPCC/FM-PCC/logs/aligning-d3il-visual/plans/mix_visual_aligning_mf/H8_Dmix_visual_aligning.models.visual_mf_diffusion.VisualMeanFlow_a1.5_b1.0_aw1_VTrue_steps1000_bs64_filmv2_Emf_tslogit_normal/H8_K2_Meuler_T0.5_Dmix_visual_aligning.models.visual_mf_diffusion.VisualMeanFlow_VTrue_mpc4_filmv2_Emf/6/results_train_set/combined_5-tightened/dpcc-c-dt2p0_train_set/dpcc-c-dt2p0_train_set.npz,,
14,H8_K2_Meuler_T0.5_Dmix_visual_aligning.models.visual_mf_diffusion.VisualMeanFlow_VTrue_mpc4_filmv2_Emf,6,train,combined_5-tightened,dpcc-c-dt4p0,npz,0.0,,1.0,30,4,0.13333333333333333,0,0.0,1.0,/data/home/llim/FMPCC/FM-PCC/logs/aligning-d3il-visual/plans/mix_visual_aligning_mf/H8_Dmix_visual_aligning.models.visual_mf_diffusion.VisualMeanFlow_a1.5_b1.0_aw1_VTrue_steps1000_bs64_filmv2_Emf_tslogit_normal/H8_K2_Meuler_T0.5_Dmix_visual_aligning.models.visual_mf_diffusion.VisualMeanFlow_VTrue_mpc4_filmv2_Emf,combined_5,True,dpcc-c-dt4p0_train_set,30.0,/data/home/llim/FMPCC/FM-PCC/logs/aligning-d3il-visual/plans/mix_visual_aligning_mf/H8_Dmix_visual_aligning.models.visual_mf_diffusion.VisualMeanFlow_a1.5_b1.0_aw1_VTrue_steps1000_bs64_filmv2_Emf_tslogit_normal/H8_K2_Meuler_T0.5_Dmix_visual_aligning.models.visual_mf_diffusion.VisualMeanFlow_VTrue_mpc4_filmv2_Emf/6/results_train_set/combined_5-tightened/dpcc-c-dt4p0_train_set/dpcc-c-dt4p0_train_set.npz,,
14,H8_K2_Meuler_T0.5_Dmix_visual_aligning.models.visual_mf_diffusion.VisualMeanFlow_VTrue_mpc4_filmv2_Emf,6,train,combined_5-tightened,dpcc-r,npz,0.0,,1.0,30,4,0.13333333333333333,0,0.0,1.0,/data/home/llim/FMPCC/FM-PCC/logs/aligning-d3il-visual/plans/mix_visual_aligning_mf/H8_Dmix_visual_aligning.models.visual_mf_diffusion.VisualMeanFlow_a1.5_b1.0_aw1_VTrue_steps1000_bs64_filmv2_Emf_tslogit_normal/H8_K2_Meuler_T0.5_Dmix_visual_aligning.models.visual_mf_diffusion.VisualMeanFlow_VTrue_mpc4_filmv2_Emf,combined_5,True,dpcc-r_train_set,30.0,/data/home/llim/FMPCC/FM-PCC/logs/aligning-d3il-visual/plans/mix_visual_aligning_mf/H8_Dmix_visual_aligning.models.visual_mf_diffusion.VisualMeanFlow_a1.5_b1.0_aw1_VTrue_steps1000_bs64_filmv2_Emf_tslogit_normal/H8_K2_Meuler_T0.5_Dmix_visual_aligning.models.visual_mf_diffusion.VisualMeanFlow_VTrue_mpc4_filmv2_Emf/6/results_train_set/combined_5-tightened/dpcc-r_train_set/dpcc-r_train_set.npz,,
14,H8_K2_Meuler_T0.5_Dmix_visual_aligning.models.visual_mf_diffusion.VisualMeanFlow_VTrue_mpc4_filmv2_Emf,6,train,combined_5-tightened,dpcc-t,npz,0.0,,1.0,30,4,0.13333333333333333,0,0.0,1.0,/data/home/llim/FMPCC/FM-PCC/logs/aligning-d3il-visual/plans/mix_visual_aligning_mf/H8_Dmix_visual_aligning.models.visual_mf_diffusion.VisualMeanFlow_a1.5_b1.0_aw1_VTrue_steps1000_bs64_filmv2_Emf_tslogit_normal/H8_K2_Meuler_T0.5_Dmix_visual_aligning.models.visual_mf_diffusion.VisualMeanFlow_VTrue_mpc4_filmv2_Emf,combined_5,True,dpcc-t_train_set,30.0,/data/home/llim/FMPCC/FM-PCC/logs/aligning-d3il-visual/plans/mix_visual_aligning_mf/H8_Dmix_visual_aligning.models.visual_mf_diffusion.VisualMeanFlow_a1.5_b1.0_aw1_VTrue_steps1000_bs64_filmv2_Emf_tslogit_normal/H8_K2_Meuler_T0.5_Dmix_visual_aligning.models.visual_mf_diffusion.VisualMeanFlow_VTrue_mpc4_filmv2_Emf/6/results_train_set/combined_5-tightened/dpcc-t_train_set/dpcc-t_train_set.npz,,
14,H8_K2_Meuler_T0.5_Dmix_visual_aligning.models.visual_mf_diffusion.VisualMeanFlow_VTrue_mpc4_filmv2_Emf,6,train,combined_5-tightened,geo_free,npz,0.0,,1.0,30,4,0.13333333333333333,0,0.0,1.0,/data/home/llim/FMPCC/FM-PCC/logs/aligning-d3il-visual/plans/mix_visual_aligning_mf/H8_Dmix_visual_aligning.models.visual_mf_diffusion.VisualMeanFlow_a1.5_b1.0_aw1_VTrue_steps1000_bs64_filmv2_Emf_tslogit_normal/H8_K2_Meuler_T0.5_Dmix_visual_aligning.models.visual_mf_diffusion.VisualMeanFlow_VTrue_mpc4_filmv2_Emf,combined_5,True,geo_free_train_set,30.0,/data/home/llim/FMPCC/FM-PCC/logs/aligning-d3il-visual/plans/mix_visual_aligning_mf/H8_Dmix_visual_aligning.models.visual_mf_diffusion.VisualMeanFlow_a1.5_b1.0_aw1_VTrue_steps1000_bs64_filmv2_Emf_tslogit_normal/H8_K2_Meuler_T0.5_Dmix_visual_aligning.models.visual_mf_diffusion.VisualMeanFlow_VTrue_mpc4_filmv2_Emf/6/results_train_set/combined_5-tightened/geo_free_train_set/geo_free_train_set.npz,,
14,H8_K2_Meuler_T0.5_Dmix_visual_aligning.models.visual_mf_diffusion.VisualMeanFlow_VTrue_mpc4_filmv2_Emf,6,train,combined_5-tightened,geo_free-bounds_free,npz,0.0,,1.0,30,4,0.13333333333333333,0,0.0,1.0,/data/home/llim/FMPCC/FM-PCC/logs/aligning-d3il-visual/plans/mix_visual_aligning_mf/H8_Dmix_visual_aligning.models.visual_mf_diffusion.VisualMeanFlow_a1.5_b1.0_aw1_VTrue_steps1000_bs64_filmv2_Emf_tslogit_normal/H8_K2_Meuler_T0.5_Dmix_visual_aligning.models.visual_mf_diffusion.VisualMeanFlow_VTrue_mpc4_filmv2_Emf,combined_5,True,geo_free-bounds_free_train_set,30.0,/data/home/llim/FMPCC/FM-PCC/logs/aligning-d3il-visual/plans/mix_visual_aligning_mf/H8_Dmix_visual_aligning.models.visual_mf_diffusion.VisualMeanFlow_a1.5_b1.0_aw1_VTrue_steps1000_bs64_filmv2_Emf_tslogit_normal/H8_K2_Meuler_T0.5_Dmix_visual_aligning.models.visual_mf_diffusion.VisualMeanFlow_VTrue_mpc4_filmv2_Emf/6/results_train_set/combined_5-tightened/geo_free-bounds_free_train_set/geo_free-bounds_free_train_set.npz,,
14,H8_K2_Meuler_T0.5_Dmix_visual_aligning.models.visual_mf_diffusion.VisualMeanFlow_VTrue_mpc4_filmv2_Emf,6,train,combined_5-tightened,geo_free-model_free,npz,0.0,,1.0,30,4,0.13333333333333333,0,0.0,1.0,/data/home/llim/FMPCC/FM-PCC/logs/aligning-d3il-visual/plans/mix_visual_aligning_mf/H8_Dmix_visual_aligning.models.visual_mf_diffusion.VisualMeanFlow_a1.5_b1.0_aw1_VTrue_steps1000_bs64_filmv2_Emf_tslogit_normal/H8_K2_Meuler_T0.5_Dmix_visual_aligning.models.visual_mf_diffusion.VisualMeanFlow_VTrue_mpc4_filmv2_Emf,combined_5,True,geo_free-model_free_train_set,30.0,/data/home/llim/FMPCC/FM-PCC/logs/aligning-d3il-visual/plans/mix_visual_aligning_mf/H8_Dmix_visual_aligning.models.visual_mf_diffusion.VisualMeanFlow_a1.5_b1.0_aw1_VTrue_steps1000_bs64_filmv2_Emf_tslogit_normal/H8_K2_Meuler_T0.5_Dmix_visual_aligning.models.visual_mf_diffusion.VisualMeanFlow_VTrue_mpc4_filmv2_Emf/6/results_train_set/combined_5-tightened/geo_free-model_free_train_set/geo_free-model_free_train_set.npz,,
14,H8_K2_Meuler_T0.5_Dmix_visual_aligning.models.visual_mf_diffusion.VisualMeanFlow_VTrue_mpc4_filmv2_Emf,6,train,combined_5-tightened,gradient,npz,0.0,,1.0,30,4,0.13333333333333333,0,0.0,1.0,/data/home/llim/FMPCC/FM-PCC/logs/aligning-d3il-visual/plans/mix_visual_aligning_mf/H8_Dmix_visual_aligning.models.visual_mf_diffusion.VisualMeanFlow_a1.5_b1.0_aw1_VTrue_steps1000_bs64_filmv2_Emf_tslogit_normal/H8_K2_Meuler_T0.5_Dmix_visual_aligning.models.visual_mf_diffusion.VisualMeanFlow_VTrue_mpc4_filmv2_Emf,combined_5,True,gradient_train_set,30.0,/data/home/llim/FMPCC/FM-PCC/logs/aligning-d3il-visual/plans/mix_visual_aligning_mf/H8_Dmix_visual_aligning.models.visual_mf_diffusion.VisualMeanFlow_a1.5_b1.0_aw1_VTrue_steps1000_bs64_filmv2_Emf_tslogit_normal/H8_K2_Meuler_T0.5_Dmix_visual_aligning.models.visual_mf_diffusion.VisualMeanFlow_VTrue_mpc4_filmv2_Emf/6/results_train_set/combined_5-tightened/gradient_train_set/gradient_train_set.npz,,
14,H8_K2_Meuler_T0.5_Dmix_visual_aligning.models.visual_mf_diffusion.VisualMeanFlow_VTrue_mpc4_filmv2_Emf,6,train,combined_5-tightened,model_free,npz,0.0,,1.0,30,4,0.13333333333333333,0,0.0,1.0,/data/home/llim/FMPCC/FM-PCC/logs/aligning-d3il-visual/plans/mix_visual_aligning_mf/H8_Dmix_visual_aligning.models.visual_mf_diffusion.VisualMeanFlow_a1.5_b1.0_aw1_VTrue_steps1000_bs64_filmv2_Emf_tslogit_normal/H8_K2_Meuler_T0.5_Dmix_visual_aligning.models.visual_mf_diffusion.VisualMeanFlow_VTrue_mpc4_filmv2_Emf,combined_5,True,model_free_train_set,30.0,/data/home/llim/FMPCC/FM-PCC/logs/aligning-d3il-visual/plans/mix_visual_aligning_mf/H8_Dmix_visual_aligning.models.visual_mf_diffusion.VisualMeanFlow_a1.5_b1.0_aw1_VTrue_steps1000_bs64_filmv2_Emf_tslogit_normal/H8_K2_Meuler_T0.5_Dmix_visual_aligning.models.visual_mf_diffusion.VisualMeanFlow_VTrue_mpc4_filmv2_Emf/6/results_train_set/combined_5-tightened/model_free_train_set/model_free_train_set.npz,,
14,H8_K2_Meuler_T0.5_Dmix_visual_aligning.models.visual_mf_diffusion.VisualMeanFlow_VTrue_mpc4_filmv2_Emf,6,train,combined_5-tightened,model_free-bounds_free,npz,0.0,,1.0,30,4,0.13333333333333333,0,0.0,1.0,/data/home/llim/FMPCC/FM-PCC/logs/aligning-d3il-visual/plans/mix_visual_aligning_mf/H8_Dmix_visual_aligning.models.visual_mf_diffusion.VisualMeanFlow_a1.5_b1.0_aw1_VTrue_steps1000_bs64_filmv2_Emf_tslogit_normal/H8_K2_Meuler_T0.5_Dmix_visual_aligning.models.visual_mf_diffusion.VisualMeanFlow_VTrue_mpc4_filmv2_Emf,combined_5,True,model_free-bounds_free_train_set,30.0,/data/home/llim/FMPCC/FM-PCC/logs/aligning-d3il-visual/plans/mix_visual_aligning_mf/H8_Dmix_visual_aligning.models.visual_mf_diffusion.VisualMeanFlow_a1.5_b1.0_aw1_VTrue_steps1000_bs64_filmv2_Emf_tslogit_normal/H8_K2_Meuler_T0.5_Dmix_visual_aligning.models.visual_mf_diffusion.VisualMeanFlow_VTrue_mpc4_filmv2_Emf/6/results_train_set/combined_5-tightened/model_free-bounds_free_train_set/model_free-bounds_free_train_set.npz,,
14,H8_K2_Meuler_T0.5_Dmix_visual_aligning.models.visual_mf_diffusion.VisualMeanFlow_VTrue_mpc4_filmv2_Emf,6,train,combined_5-tightened,post_processing,npz,0.0,,1.0,30,4,0.13333333333333333,0,0.0,1.0,/data/home/llim/FMPCC/FM-PCC/logs/aligning-d3il-visual/plans/mix_visual_aligning_mf/H8_Dmix_visual_aligning.models.visual_mf_diffusion.VisualMeanFlow_a1.5_b1.0_aw1_VTrue_steps1000_bs64_filmv2_Emf_tslogit_normal/H8_K2_Meuler_T0.5_Dmix_visual_aligning.models.visual_mf_diffusion.VisualMeanFlow_VTrue_mpc4_filmv2_Emf,combined_5,True,post_processing_train_set,30.0,/data/home/llim/FMPCC/FM-PCC/logs/aligning-d3il-visual/plans/mix_visual_aligning_mf/H8_Dmix_visual_aligning.models.visual_mf_diffusion.VisualMeanFlow_a1.5_b1.0_aw1_VTrue_steps1000_bs64_filmv2_Emf_tslogit_normal/H8_K2_Meuler_T0.5_Dmix_visual_aligning.models.visual_mf_diffusion.VisualMeanFlow_VTrue_mpc4_filmv2_Emf/6/results_train_set/combined_5-tightened/post_processing_train_set/post_processing_train_set.npz,,
15,H8_K20_T0.5_Ddiffuser_visual_aligning.models.visual_gaussian_diffusion.VisualGaussianDiffusion_VTrue_steps400_mpc4_filmv2,6,test,combined_5,diffuser,npz,0.0,,1.0,30,0,0.0,0,0.0,1.0,/data/home/llim/FMPCC/FM-PCC/logs/aligning-d3il-visual/plans/visual_aligning_dpcc/H8_K20_Ddiffuser_visual_aligning.models.visual_gaussian_diffusion.VisualGaussianDiffusion_aw10_VTrue_steps1000_bs64_filmv2/H8_K20_T0.5_Ddiffuser_visual_aligning.models.visual_gaussian_diffusion.VisualGaussianDiffusion_VTrue_steps400_mpc4_filmv2,combined_5,False,diffuser,30.0,/data/home/llim/FMPCC/FM-PCC/logs/aligning-d3il-visual/plans/visual_aligning_dpcc/H8_K20_Ddiffuser_visual_aligning.models.visual_gaussian_diffusion.VisualGaussianDiffusion_aw10_VTrue_steps1000_bs64_filmv2/H8_K20_T0.5_Ddiffuser_visual_aligning.models.visual_gaussian_diffusion.VisualGaussianDiffusion_VTrue_steps400_mpc4_filmv2/6/results/combined_5/diffuser/diffuser.npz,,
15,H8_K20_T0.5_Ddiffuser_visual_aligning.models.visual_gaussian_diffusion.VisualGaussianDiffusion_VTrue_steps400_mpc4_filmv2,6,test,combined_5,dpcc-c,npz,0.0,,1.0,30,0,0.0,2,8.0,1.0,/data/home/llim/FMPCC/FM-PCC/logs/aligning-d3il-visual/plans/visual_aligning_dpcc/H8_K20_Ddiffuser_visual_aligning.models.visual_gaussian_diffusion.VisualGaussianDiffusion_aw10_VTrue_steps1000_bs64_filmv2/H8_K20_T0.5_Ddiffuser_visual_aligning.models.visual_gaussian_diffusion.VisualGaussianDiffusion_VTrue_steps400_mpc4_filmv2,combined_5,False,dpcc-c,30.0,/data/home/llim/FMPCC/FM-PCC/logs/aligning-d3il-visual/plans/visual_aligning_dpcc/H8_K20_Ddiffuser_visual_aligning.models.visual_gaussian_diffusion.VisualGaussianDiffusion_aw10_VTrue_steps1000_bs64_filmv2/H8_K20_T0.5_Ddiffuser_visual_aligning.models.visual_gaussian_diffusion.VisualGaussianDiffusion_VTrue_steps400_mpc4_filmv2/6/results/combined_5/dpcc-c/dpcc-c.npz,,
15,H8_K20_T0.5_Ddiffuser_visual_aligning.models.visual_gaussian_diffusion.VisualGaussianDiffusion_VTrue_steps400_mpc4_filmv2,6,test,combined_5,dpcc-r,npz,0.0,,1.0,30,0,0.0,1,4.0,1.0,/data/home/llim/FMPCC/FM-PCC/logs/aligning-d3il-visual/plans/visual_aligning_dpcc/H8_K20_Ddiffuser_visual_aligning.models.visual_gaussian_diffusion.VisualGaussianDiffusion_aw10_VTrue_steps1000_bs64_filmv2/H8_K20_T0.5_Ddiffuser_visual_aligning.models.visual_gaussian_diffusion.VisualGaussianDiffusion_VTrue_steps400_mpc4_filmv2,combined_5,False,dpcc-r,30.0,/data/home/llim/FMPCC/FM-PCC/logs/aligning-d3il-visual/plans/visual_aligning_dpcc/H8_K20_Ddiffuser_visual_aligning.models.visual_gaussian_diffusion.VisualGaussianDiffusion_aw10_VTrue_steps1000_bs64_filmv2/H8_K20_T0.5_Ddiffuser_visual_aligning.models.visual_gaussian_diffusion.VisualGaussianDiffusion_VTrue_steps400_mpc4_filmv2/6/results/combined_5/dpcc-r/dpcc-r.npz,,
15,H8_K20_T0.5_Ddiffuser_visual_aligning.models.visual_gaussian_diffusion.VisualGaussianDiffusion_VTrue_steps400_mpc4_filmv2,6,test,combined_5,dpcc-t,npz,0.0,,1.0,30,0,0.0,1,11.0,1.0,/data/home/llim/FMPCC/FM-PCC/logs/aligning-d3il-visual/plans/visual_aligning_dpcc/H8_K20_Ddiffuser_visual_aligning.models.visual_gaussian_diffusion.VisualGaussianDiffusion_aw10_VTrue_steps1000_bs64_filmv2/H8_K20_T0.5_Ddiffuser_visual_aligning.models.visual_gaussian_diffusion.VisualGaussianDiffusion_VTrue_steps400_mpc4_filmv2,combined_5,False,dpcc-t,30.0,/data/home/llim/FMPCC/FM-PCC/logs/aligning-d3il-visual/plans/visual_aligning_dpcc/H8_K20_Ddiffuser_visual_aligning.models.visual_gaussian_diffusion.VisualGaussianDiffusion_aw10_VTrue_steps1000_bs64_filmv2/H8_K20_T0.5_Ddiffuser_visual_aligning.models.visual_gaussian_diffusion.VisualGaussianDiffusion_VTrue_steps400_mpc4_filmv2/6/results/combined_5/dpcc-t/dpcc-t.npz,,
15,H8_K20_T0.5_Ddiffuser_visual_aligning.models.visual_gaussian_diffusion.VisualGaussianDiffusion_VTrue_steps400_mpc4_filmv2,6,test,combined_5,gradient,npz,0.0,,1.0,30,0,0.0,0,0.0,1.0,/data/home/llim/FMPCC/FM-PCC/logs/aligning-d3il-visual/plans/visual_aligning_dpcc/H8_K20_Ddiffuser_visual_aligning.models.visual_gaussian_diffusion.VisualGaussianDiffusion_aw10_VTrue_steps1000_bs64_filmv2/H8_K20_T0.5_Ddiffuser_visual_aligning.models.visual_gaussian_diffusion.VisualGaussianDiffusion_VTrue_steps400_mpc4_filmv2,combined_5,False,gradient,30.0,/data/home/llim/FMPCC/FM-PCC/logs/aligning-d3il-visual/plans/visual_aligning_dpcc/H8_K20_Ddiffuser_visual_aligning.models.visual_gaussian_diffusion.VisualGaussianDiffusion_aw10_VTrue_steps1000_bs64_filmv2/H8_K20_T0.5_Ddiffuser_visual_aligning.models.visual_gaussian_diffusion.VisualGaussianDiffusion_VTrue_steps400_mpc4_filmv2/6/results/combined_5/gradient/gradient.npz,,
15,H8_K20_T0.5_Ddiffuser_visual_aligning.models.visual_gaussian_diffusion.VisualGaussianDiffusion_VTrue_steps400_mpc4_filmv2,6,test,combined_5,model_free,json,0.0,,1.0,7,0,0.0,0,0.0,,/data/home/llim/FMPCC/FM-PCC/logs/aligning-d3il-visual/plans/visual_aligning_dpcc/H8_K20_Ddiffuser_visual_aligning.models.visual_gaussian_diffusion.VisualGaussianDiffusion_aw10_VTrue_steps1000_bs64_filmv2/H8_K20_T0.5_Ddiffuser_visual_aligning.models.visual_gaussian_diffusion.VisualGaussianDiffusion_VTrue_steps400_mpc4_filmv2,combined_5,False,model_free,,,1.0,
15,H8_K20_T0.5_Ddiffuser_visual_aligning.models.visual_gaussian_diffusion.VisualGaussianDiffusion_VTrue_steps400_mpc4_filmv2,6,test,combined_5,post_processing,npz,0.0,,1.0,30,0,0.0,0,0.0,1.0,/data/home/llim/FMPCC/FM-PCC/logs/aligning-d3il-visual/plans/visual_aligning_dpcc/H8_K20_Ddiffuser_visual_aligning.models.visual_gaussian_diffusion.VisualGaussianDiffusion_aw10_VTrue_steps1000_bs64_filmv2/H8_K20_T0.5_Ddiffuser_visual_aligning.models.visual_gaussian_diffusion.VisualGaussianDiffusion_VTrue_steps400_mpc4_filmv2,combined_5,False,post_processing,30.0,/data/home/llim/FMPCC/FM-PCC/logs/aligning-d3il-visual/plans/visual_aligning_dpcc/H8_K20_Ddiffuser_visual_aligning.models.visual_gaussian_diffusion.VisualGaussianDiffusion_aw10_VTrue_steps1000_bs64_filmv2/H8_K20_T0.5_Ddiffuser_visual_aligning.models.visual_gaussian_diffusion.VisualGaussianDiffusion_VTrue_steps400_mpc4_filmv2/6/results/combined_5/post_processing/post_processing.npz,,
15,H8_K20_T0.5_Ddiffuser_visual_aligning.models.visual_gaussian_diffusion.VisualGaussianDiffusion_VTrue_steps400_mpc4_filmv2,6,train,combined_5,bounds_free,npz,0.0,,1.0,3,0,0.0,0,0.0,,/data/home/llim/FMPCC/FM-PCC/logs/aligning-d3il-visual/plans/visual_aligning_dpcc/H8_K20_Ddiffuser_visual_aligning.models.visual_gaussian_diffusion.VisualGaussianDiffusion_aw10_VTrue_steps1000_bs64_filmv2/H8_K20_T0.5_Ddiffuser_visual_aligning.models.visual_gaussian_diffusion.VisualGaussianDiffusion_VTrue_steps400_mpc4_filmv2,combined_5,False,bounds_free_train_set,3.0,/data/home/llim/FMPCC/FM-PCC/logs/aligning-d3il-visual/plans/visual_aligning_dpcc/H8_K20_Ddiffuser_visual_aligning.models.visual_gaussian_diffusion.VisualGaussianDiffusion_aw10_VTrue_steps1000_bs64_filmv2/H8_K20_T0.5_Ddiffuser_visual_aligning.models.visual_gaussian_diffusion.VisualGaussianDiffusion_VTrue_steps400_mpc4_filmv2/6/results_train_set/combined_5/bounds_free_train_set/bounds_free_train_set.npz,,
15,H8_K20_T0.5_Ddiffuser_visual_aligning.models.visual_gaussian_diffusion.VisualGaussianDiffusion_VTrue_steps400_mpc4_filmv2,6,train,combined_5,diffuser,npz,0.0,,1.0,3,0,0.0,0,0.0,,/data/home/llim/FMPCC/FM-PCC/logs/aligning-d3il-visual/plans/visual_aligning_dpcc/H8_K20_Ddiffuser_visual_aligning.models.visual_gaussian_diffusion.VisualGaussianDiffusion_aw10_VTrue_steps1000_bs64_filmv2/H8_K20_T0.5_Ddiffuser_visual_aligning.models.visual_gaussian_diffusion.VisualGaussianDiffusion_VTrue_steps400_mpc4_filmv2,combined_5,False,diffuser_train_set,3.0,/data/home/llim/FMPCC/FM-PCC/logs/aligning-d3il-visual/plans/visual_aligning_dpcc/H8_K20_Ddiffuser_visual_aligning.models.visual_gaussian_diffusion.VisualGaussianDiffusion_aw10_VTrue_steps1000_bs64_filmv2/H8_K20_T0.5_Ddiffuser_visual_aligning.models.visual_gaussian_diffusion.VisualGaussianDiffusion_VTrue_steps400_mpc4_filmv2/6/results_train_set/combined_5/diffuser_train_set/diffuser_train_set.npz,,
15,H8_K20_T0.5_Ddiffuser_visual_aligning.models.visual_gaussian_diffusion.VisualGaussianDiffusion_VTrue_steps400_mpc4_filmv2,6,train,combined_5,dpcc-c,npz,0.0,,1.0,3,0,0.0,0,0.0,,/data/home/llim/FMPCC/FM-PCC/logs/aligning-d3il-visual/plans/visual_aligning_dpcc/H8_K20_Ddiffuser_visual_aligning.models.visual_gaussian_diffusion.VisualGaussianDiffusion_aw10_VTrue_steps1000_bs64_filmv2/H8_K20_T0.5_Ddiffuser_visual_aligning.models.visual_gaussian_diffusion.VisualGaussianDiffusion_VTrue_steps400_mpc4_filmv2,combined_5,False,dpcc-c_train_set,3.0,/data/home/llim/FMPCC/FM-PCC/logs/aligning-d3il-visual/plans/visual_aligning_dpcc/H8_K20_Ddiffuser_visual_aligning.models.visual_gaussian_diffusion.VisualGaussianDiffusion_aw10_VTrue_steps1000_bs64_filmv2/H8_K20_T0.5_Ddiffuser_visual_aligning.models.visual_gaussian_diffusion.VisualGaussianDiffusion_VTrue_steps400_mpc4_filmv2/6/results_train_set/combined_5/dpcc-c_train_set/dpcc-c_train_set.npz,,
15,H8_K20_T0.5_Ddiffuser_visual_aligning.models.visual_gaussian_diffusion.VisualGaussianDiffusion_VTrue_steps400_mpc4_filmv2,6,train,combined_5,dpcc-c-dt0p25,npz,0.0,,1.0,3,0,0.0,0,0.0,,/data/home/llim/FMPCC/FM-PCC/logs/aligning-d3il-visual/plans/visual_aligning_dpcc/H8_K20_Ddiffuser_visual_aligning.models.visual_gaussian_diffusion.VisualGaussianDiffusion_aw10_VTrue_steps1000_bs64_filmv2/H8_K20_T0.5_Ddiffuser_visual_aligning.models.visual_gaussian_diffusion.VisualGaussianDiffusion_VTrue_steps400_mpc4_filmv2,combined_5,False,dpcc-c-dt0p25_train_set,3.0,/data/home/llim/FMPCC/FM-PCC/logs/aligning-d3il-visual/plans/visual_aligning_dpcc/H8_K20_Ddiffuser_visual_aligning.models.visual_gaussian_diffusion.VisualGaussianDiffusion_aw10_VTrue_steps1000_bs64_filmv2/H8_K20_T0.5_Ddiffuser_visual_aligning.models.visual_gaussian_diffusion.VisualGaussianDiffusion_VTrue_steps400_mpc4_filmv2/6/results_train_set/combined_5/dpcc-c-dt0p25_train_set/dpcc-c-dt0p25_train_set.npz,,
15,H8_K20_T0.5_Ddiffuser_visual_aligning.models.visual_gaussian_diffusion.VisualGaussianDiffusion_VTrue_steps400_mpc4_filmv2,6,train,combined_5,dpcc-c-dt0p5,npz,0.0,,1.0,3,0,0.0,0,0.0,,/data/home/llim/FMPCC/FM-PCC/logs/aligning-d3il-visual/plans/visual_aligning_dpcc/H8_K20_Ddiffuser_visual_aligning.models.visual_gaussian_diffusion.VisualGaussianDiffusion_aw10_VTrue_steps1000_bs64_filmv2/H8_K20_T0.5_Ddiffuser_visual_aligning.models.visual_gaussian_diffusion.VisualGaussianDiffusion_VTrue_steps400_mpc4_filmv2,combined_5,False,dpcc-c-dt0p5_train_set,3.0,/data/home/llim/FMPCC/FM-PCC/logs/aligning-d3il-visual/plans/visual_aligning_dpcc/H8_K20_Ddiffuser_visual_aligning.models.visual_gaussian_diffusion.VisualGaussianDiffusion_aw10_VTrue_steps1000_bs64_filmv2/H8_K20_T0.5_Ddiffuser_visual_aligning.models.visual_gaussian_diffusion.VisualGaussianDiffusion_VTrue_steps400_mpc4_filmv2/6/results_train_set/combined_5/dpcc-c-dt0p5_train_set/dpcc-c-dt0p5_train_set.npz,,
15,H8_K20_T0.5_Ddiffuser_visual_aligning.models.visual_gaussian_diffusion.VisualGaussianDiffusion_VTrue_steps400_mpc4_filmv2,6,train,combined_5,dpcc-c-dt2p0,npz,0.0,,1.0,3,0,0.0,0,0.0,,/data/home/llim/FMPCC/FM-PCC/logs/aligning-d3il-visual/plans/visual_aligning_dpcc/H8_K20_Ddiffuser_visual_aligning.models.visual_gaussian_diffusion.VisualGaussianDiffusion_aw10_VTrue_steps1000_bs64_filmv2/H8_K20_T0.5_Ddiffuser_visual_aligning.models.visual_gaussian_diffusion.VisualGaussianDiffusion_VTrue_steps400_mpc4_filmv2,combined_5,False,dpcc-c-dt2p0_train_set,3.0,/data/home/llim/FMPCC/FM-PCC/logs/aligning-d3il-visual/plans/visual_aligning_dpcc/H8_K20_Ddiffuser_visual_aligning.models.visual_gaussian_diffusion.VisualGaussianDiffusion_aw10_VTrue_steps1000_bs64_filmv2/H8_K20_T0.5_Ddiffuser_visual_aligning.models.visual_gaussian_diffusion.VisualGaussianDiffusion_VTrue_steps400_mpc4_filmv2/6/results_train_set/combined_5/dpcc-c-dt2p0_train_set/dpcc-c-dt2p0_train_set.npz,,
15,H8_K20_T0.5_Ddiffuser_visual_aligning.models.visual_gaussian_diffusion.VisualGaussianDiffusion_VTrue_steps400_mpc4_filmv2,6,train,combined_5,dpcc-c-dt4p0,npz,0.0,,1.0,3,0,0.0,0,0.0,,/data/home/llim/FMPCC/FM-PCC/logs/aligning-d3il-visual/plans/visual_aligning_dpcc/H8_K20_Ddiffuser_visual_aligning.models.visual_gaussian_diffusion.VisualGaussianDiffusion_aw10_VTrue_steps1000_bs64_filmv2/H8_K20_T0.5_Ddiffuser_visual_aligning.models.visual_gaussian_diffusion.VisualGaussianDiffusion_VTrue_steps400_mpc4_filmv2,combined_5,False,dpcc-c-dt4p0_train_set,3.0,/data/home/llim/FMPCC/FM-PCC/logs/aligning-d3il-visual/plans/visual_aligning_dpcc/H8_K20_Ddiffuser_visual_aligning.models.visual_gaussian_diffusion.VisualGaussianDiffusion_aw10_VTrue_steps1000_bs64_filmv2/H8_K20_T0.5_Ddiffuser_visual_aligning.models.visual_gaussian_diffusion.VisualGaussianDiffusion_VTrue_steps400_mpc4_filmv2/6/results_train_set/combined_5/dpcc-c-dt4p0_train_set/dpcc-c-dt4p0_train_set.npz,,
15,H8_K20_T0.5_Ddiffuser_visual_aligning.models.visual_gaussian_diffusion.VisualGaussianDiffusion_VTrue_steps400_mpc4_filmv2,6,train,combined_5,dpcc-r,npz,0.0,,1.0,3,0,0.0,0,0.0,,/data/home/llim/FMPCC/FM-PCC/logs/aligning-d3il-visual/plans/visual_aligning_dpcc/H8_K20_Ddiffuser_visual_aligning.models.visual_gaussian_diffusion.VisualGaussianDiffusion_aw10_VTrue_steps1000_bs64_filmv2/H8_K20_T0.5_Ddiffuser_visual_aligning.models.visual_gaussian_diffusion.VisualGaussianDiffusion_VTrue_steps400_mpc4_filmv2,combined_5,False,dpcc-r_train_set,3.0,/data/home/llim/FMPCC/FM-PCC/logs/aligning-d3il-visual/plans/visual_aligning_dpcc/H8_K20_Ddiffuser_visual_aligning.models.visual_gaussian_diffusion.VisualGaussianDiffusion_aw10_VTrue_steps1000_bs64_filmv2/H8_K20_T0.5_Ddiffuser_visual_aligning.models.visual_gaussian_diffusion.VisualGaussianDiffusion_VTrue_steps400_mpc4_filmv2/6/results_train_set/combined_5/dpcc-r_train_set/dpcc-r_train_set.npz,,
15,H8_K20_T0.5_Ddiffuser_visual_aligning.models.visual_gaussian_diffusion.VisualGaussianDiffusion_VTrue_steps400_mpc4_filmv2,6,train,combined_5,dpcc-t,npz,0.0,,1.0,3,0,0.0,0,0.0,,/data/home/llim/FMPCC/FM-PCC/logs/aligning-d3il-visual/plans/visual_aligning_dpcc/H8_K20_Ddiffuser_visual_aligning.models.visual_gaussian_diffusion.VisualGaussianDiffusion_aw10_VTrue_steps1000_bs64_filmv2/H8_K20_T0.5_Ddiffuser_visual_aligning.models.visual_gaussian_diffusion.VisualGaussianDiffusion_VTrue_steps400_mpc4_filmv2,combined_5,False,dpcc-t_train_set,3.0,/data/home/llim/FMPCC/FM-PCC/logs/aligning-d3il-visual/plans/visual_aligning_dpcc/H8_K20_Ddiffuser_visual_aligning.models.visual_gaussian_diffusion.VisualGaussianDiffusion_aw10_VTrue_steps1000_bs64_filmv2/H8_K20_T0.5_Ddiffuser_visual_aligning.models.visual_gaussian_diffusion.VisualGaussianDiffusion_VTrue_steps400_mpc4_filmv2/6/results_train_set/combined_5/dpcc-t_train_set/dpcc-t_train_set.npz,,
15,H8_K20_T0.5_Ddiffuser_visual_aligning.models.visual_gaussian_diffusion.VisualGaussianDiffusion_VTrue_steps400_mpc4_filmv2,6,train,combined_5,geo_free,npz,0.0,,1.0,3,0,0.0,0,0.0,,/data/home/llim/FMPCC/FM-PCC/logs/aligning-d3il-visual/plans/visual_aligning_dpcc/H8_K20_Ddiffuser_visual_aligning.models.visual_gaussian_diffusion.VisualGaussianDiffusion_aw10_VTrue_steps1000_bs64_filmv2/H8_K20_T0.5_Ddiffuser_visual_aligning.models.visual_gaussian_diffusion.VisualGaussianDiffusion_VTrue_steps400_mpc4_filmv2,combined_5,False,geo_free_train_set,3.0,/data/home/llim/FMPCC/FM-PCC/logs/aligning-d3il-visual/plans/visual_aligning_dpcc/H8_K20_Ddiffuser_visual_aligning.models.visual_gaussian_diffusion.VisualGaussianDiffusion_aw10_VTrue_steps1000_bs64_filmv2/H8_K20_T0.5_Ddiffuser_visual_aligning.models.visual_gaussian_diffusion.VisualGaussianDiffusion_VTrue_steps400_mpc4_filmv2/6/results_train_set/combined_5/geo_free_train_set/geo_free_train_set.npz,,
15,H8_K20_T0.5_Ddiffuser_visual_aligning.models.visual_gaussian_diffusion.VisualGaussianDiffusion_VTrue_steps400_mpc4_filmv2,6,train,combined_5,geo_free-bounds_free,npz,0.0,,1.0,3,0,0.0,0,0.0,,/data/home/llim/FMPCC/FM-PCC/logs/aligning-d3il-visual/plans/visual_aligning_dpcc/H8_K20_Ddiffuser_visual_aligning.models.visual_gaussian_diffusion.VisualGaussianDiffusion_aw10_VTrue_steps1000_bs64_filmv2/H8_K20_T0.5_Ddiffuser_visual_aligning.models.visual_gaussian_diffusion.VisualGaussianDiffusion_VTrue_steps400_mpc4_filmv2,combined_5,False,geo_free-bounds_free_train_set,3.0,/data/home/llim/FMPCC/FM-PCC/logs/aligning-d3il-visual/plans/visual_aligning_dpcc/H8_K20_Ddiffuser_visual_aligning.models.visual_gaussian_diffusion.VisualGaussianDiffusion_aw10_VTrue_steps1000_bs64_filmv2/H8_K20_T0.5_Ddiffuser_visual_aligning.models.visual_gaussian_diffusion.VisualGaussianDiffusion_VTrue_steps400_mpc4_filmv2/6/results_train_set/combined_5/geo_free-bounds_free_train_set/geo_free-bounds_free_train_set.npz,,
15,H8_K20_T0.5_Ddiffuser_visual_aligning.models.visual_gaussian_diffusion.VisualGaussianDiffusion_VTrue_steps400_mpc4_filmv2,6,train,combined_5,geo_free-model_free,npz,0.0,,1.0,3,0,0.0,0,0.0,,/data/home/llim/FMPCC/FM-PCC/logs/aligning-d3il-visual/plans/visual_aligning_dpcc/H8_K20_Ddiffuser_visual_aligning.models.visual_gaussian_diffusion.VisualGaussianDiffusion_aw10_VTrue_steps1000_bs64_filmv2/H8_K20_T0.5_Ddiffuser_visual_aligning.models.visual_gaussian_diffusion.VisualGaussianDiffusion_VTrue_steps400_mpc4_filmv2,combined_5,False,geo_free-model_free_train_set,3.0,/data/home/llim/FMPCC/FM-PCC/logs/aligning-d3il-visual/plans/visual_aligning_dpcc/H8_K20_Ddiffuser_visual_aligning.models.visual_gaussian_diffusion.VisualGaussianDiffusion_aw10_VTrue_steps1000_bs64_filmv2/H8_K20_T0.5_Ddiffuser_visual_aligning.models.visual_gaussian_diffusion.VisualGaussianDiffusion_VTrue_steps400_mpc4_filmv2/6/results_train_set/combined_5/geo_free-model_free_train_set/geo_free-model_free_train_set.npz,,
15,H8_K20_T0.5_Ddiffuser_visual_aligning.models.visual_gaussian_diffusion.VisualGaussianDiffusion_VTrue_steps400_mpc4_filmv2,6,train,combined_5,gradient,npz,0.0,,1.0,3,0,0.0,0,0.0,,/data/home/llim/FMPCC/FM-PCC/logs/aligning-d3il-visual/plans/visual_aligning_dpcc/H8_K20_Ddiffuser_visual_aligning.models.visual_gaussian_diffusion.VisualGaussianDiffusion_aw10_VTrue_steps1000_bs64_filmv2/H8_K20_T0.5_Ddiffuser_visual_aligning.models.visual_gaussian_diffusion.VisualGaussianDiffusion_VTrue_steps400_mpc4_filmv2,combined_5,False,gradient_train_set,3.0,/data/home/llim/FMPCC/FM-PCC/logs/aligning-d3il-visual/plans/visual_aligning_dpcc/H8_K20_Ddiffuser_visual_aligning.models.visual_gaussian_diffusion.VisualGaussianDiffusion_aw10_VTrue_steps1000_bs64_filmv2/H8_K20_T0.5_Ddiffuser_visual_aligning.models.visual_gaussian_diffusion.VisualGaussianDiffusion_VTrue_steps400_mpc4_filmv2/6/results_train_set/combined_5/gradient_train_set/gradient_train_set.npz,,
15,H8_K20_T0.5_Ddiffuser_visual_aligning.models.visual_gaussian_diffusion.VisualGaussianDiffusion_VTrue_steps400_mpc4_filmv2,6,train,combined_5,model_free,npz,0.0,,1.0,3,0,0.0,0,0.0,,/data/home/llim/FMPCC/FM-PCC/logs/aligning-d3il-visual/plans/visual_aligning_dpcc/H8_K20_Ddiffuser_visual_aligning.models.visual_gaussian_diffusion.VisualGaussianDiffusion_aw10_VTrue_steps1000_bs64_filmv2/H8_K20_T0.5_Ddiffuser_visual_aligning.models.visual_gaussian_diffusion.VisualGaussianDiffusion_VTrue_steps400_mpc4_filmv2,combined_5,False,model_free_train_set,3.0,/data/home/llim/FMPCC/FM-PCC/logs/aligning-d3il-visual/plans/visual_aligning_dpcc/H8_K20_Ddiffuser_visual_aligning.models.visual_gaussian_diffusion.VisualGaussianDiffusion_aw10_VTrue_steps1000_bs64_filmv2/H8_K20_T0.5_Ddiffuser_visual_aligning.models.visual_gaussian_diffusion.VisualGaussianDiffusion_VTrue_steps400_mpc4_filmv2/6/results_train_set/combined_5/model_free_train_set/model_free_train_set.npz,,
15,H8_K20_T0.5_Ddiffuser_visual_aligning.models.visual_gaussian_diffusion.VisualGaussianDiffusion_VTrue_steps400_mpc4_filmv2,6,train,combined_5,post_processing,npz,0.0,,1.0,3,0,0.0,0,0.0,,/data/home/llim/FMPCC/FM-PCC/logs/aligning-d3il-visual/plans/visual_aligning_dpcc/H8_K20_Ddiffuser_visual_aligning.models.visual_gaussian_diffusion.VisualGaussianDiffusion_aw10_VTrue_steps1000_bs64_filmv2/H8_K20_T0.5_Ddiffuser_visual_aligning.models.visual_gaussian_diffusion.VisualGaussianDiffusion_VTrue_steps400_mpc4_filmv2,combined_5,False,post_processing_train_set,3.0,/data/home/llim/FMPCC/FM-PCC/logs/aligning-d3il-visual/plans/visual_aligning_dpcc/H8_K20_Ddiffuser_visual_aligning.models.visual_gaussian_diffusion.VisualGaussianDiffusion_aw10_VTrue_steps1000_bs64_filmv2/H8_K20_T0.5_Ddiffuser_visual_aligning.models.visual_gaussian_diffusion.VisualGaussianDiffusion_VTrue_steps400_mpc4_filmv2/6/results_train_set/combined_5/post_processing_train_set/post_processing_train_set.npz,,
15,H8_K20_T0.5_Ddiffuser_visual_aligning.models.visual_gaussian_diffusion.VisualGaussianDiffusion_VTrue_steps400_mpc4_filmv2,6,train,combined_5-tightened,bounds_free,npz,0.0,,1.0,3,0,0.0,0,0.0,,/data/home/llim/FMPCC/FM-PCC/logs/aligning-d3il-visual/plans/visual_aligning_dpcc/H8_K20_Ddiffuser_visual_aligning.models.visual_gaussian_diffusion.VisualGaussianDiffusion_aw10_VTrue_steps1000_bs64_filmv2/H8_K20_T0.5_Ddiffuser_visual_aligning.models.visual_gaussian_diffusion.VisualGaussianDiffusion_VTrue_steps400_mpc4_filmv2,combined_5,True,bounds_free_train_set,3.0,/data/home/llim/FMPCC/FM-PCC/logs/aligning-d3il-visual/plans/visual_aligning_dpcc/H8_K20_Ddiffuser_visual_aligning.models.visual_gaussian_diffusion.VisualGaussianDiffusion_aw10_VTrue_steps1000_bs64_filmv2/H8_K20_T0.5_Ddiffuser_visual_aligning.models.visual_gaussian_diffusion.VisualGaussianDiffusion_VTrue_steps400_mpc4_filmv2/6/results_train_set/combined_5-tightened/bounds_free_train_set/bounds_free_train_set.npz,,
15,H8_K20_T0.5_Ddiffuser_visual_aligning.models.visual_gaussian_diffusion.VisualGaussianDiffusion_VTrue_steps400_mpc4_filmv2,6,train,combined_5-tightened,diffuser,npz,0.0,,1.0,3,0,0.0,0,0.0,,/data/home/llim/FMPCC/FM-PCC/logs/aligning-d3il-visual/plans/visual_aligning_dpcc/H8_K20_Ddiffuser_visual_aligning.models.visual_gaussian_diffusion.VisualGaussianDiffusion_aw10_VTrue_steps1000_bs64_filmv2/H8_K20_T0.5_Ddiffuser_visual_aligning.models.visual_gaussian_diffusion.VisualGaussianDiffusion_VTrue_steps400_mpc4_filmv2,combined_5,True,diffuser_train_set,3.0,/data/home/llim/FMPCC/FM-PCC/logs/aligning-d3il-visual/plans/visual_aligning_dpcc/H8_K20_Ddiffuser_visual_aligning.models.visual_gaussian_diffusion.VisualGaussianDiffusion_aw10_VTrue_steps1000_bs64_filmv2/H8_K20_T0.5_Ddiffuser_visual_aligning.models.visual_gaussian_diffusion.VisualGaussianDiffusion_VTrue_steps400_mpc4_filmv2/6/results_train_set/combined_5-tightened/diffuser_train_set/diffuser_train_set.npz,,
15,H8_K20_T0.5_Ddiffuser_visual_aligning.models.visual_gaussian_diffusion.VisualGaussianDiffusion_VTrue_steps400_mpc4_filmv2,6,train,combined_5-tightened,dpcc-c,npz,0.0,,1.0,3,0,0.0,0,0.0,,/data/home/llim/FMPCC/FM-PCC/logs/aligning-d3il-visual/plans/visual_aligning_dpcc/H8_K20_Ddiffuser_visual_aligning.models.visual_gaussian_diffusion.VisualGaussianDiffusion_aw10_VTrue_steps1000_bs64_filmv2/H8_K20_T0.5_Ddiffuser_visual_aligning.models.visual_gaussian_diffusion.VisualGaussianDiffusion_VTrue_steps400_mpc4_filmv2,combined_5,True,dpcc-c_train_set,3.0,/data/home/llim/FMPCC/FM-PCC/logs/aligning-d3il-visual/plans/visual_aligning_dpcc/H8_K20_Ddiffuser_visual_aligning.models.visual_gaussian_diffusion.VisualGaussianDiffusion_aw10_VTrue_steps1000_bs64_filmv2/H8_K20_T0.5_Ddiffuser_visual_aligning.models.visual_gaussian_diffusion.VisualGaussianDiffusion_VTrue_steps400_mpc4_filmv2/6/results_train_set/combined_5-tightened/dpcc-c_train_set/dpcc-c_train_set.npz,,
15,H8_K20_T0.5_Ddiffuser_visual_aligning.models.visual_gaussian_diffusion.VisualGaussianDiffusion_VTrue_steps400_mpc4_filmv2,6,train,combined_5-tightened,dpcc-c-dt0p25,npz,0.0,,1.0,3,0,0.0,0,0.0,,/data/home/llim/FMPCC/FM-PCC/logs/aligning-d3il-visual/plans/visual_aligning_dpcc/H8_K20_Ddiffuser_visual_aligning.models.visual_gaussian_diffusion.VisualGaussianDiffusion_aw10_VTrue_steps1000_bs64_filmv2/H8_K20_T0.5_Ddiffuser_visual_aligning.models.visual_gaussian_diffusion.VisualGaussianDiffusion_VTrue_steps400_mpc4_filmv2,combined_5,True,dpcc-c-dt0p25_train_set,3.0,/data/home/llim/FMPCC/FM-PCC/logs/aligning-d3il-visual/plans/visual_aligning_dpcc/H8_K20_Ddiffuser_visual_aligning.models.visual_gaussian_diffusion.VisualGaussianDiffusion_aw10_VTrue_steps1000_bs64_filmv2/H8_K20_T0.5_Ddiffuser_visual_aligning.models.visual_gaussian_diffusion.VisualGaussianDiffusion_VTrue_steps400_mpc4_filmv2/6/results_train_set/combined_5-tightened/dpcc-c-dt0p25_train_set/dpcc-c-dt0p25_train_set.npz,,
15,H8_K20_T0.5_Ddiffuser_visual_aligning.models.visual_gaussian_diffusion.VisualGaussianDiffusion_VTrue_steps400_mpc4_filmv2,6,train,combined_5-tightened,dpcc-c-dt0p5,npz,0.0,,1.0,3,0,0.0,0,0.0,,/data/home/llim/FMPCC/FM-PCC/logs/aligning-d3il-visual/plans/visual_aligning_dpcc/H8_K20_Ddiffuser_visual_aligning.models.visual_gaussian_diffusion.VisualGaussianDiffusion_aw10_VTrue_steps1000_bs64_filmv2/H8_K20_T0.5_Ddiffuser_visual_aligning.models.visual_gaussian_diffusion.VisualGaussianDiffusion_VTrue_steps400_mpc4_filmv2,combined_5,True,dpcc-c-dt0p5_train_set,3.0,/data/home/llim/FMPCC/FM-PCC/logs/aligning-d3il-visual/plans/visual_aligning_dpcc/H8_K20_Ddiffuser_visual_aligning.models.visual_gaussian_diffusion.VisualGaussianDiffusion_aw10_VTrue_steps1000_bs64_filmv2/H8_K20_T0.5_Ddiffuser_visual_aligning.models.visual_gaussian_diffusion.VisualGaussianDiffusion_VTrue_steps400_mpc4_filmv2/6/results_train_set/combined_5-tightened/dpcc-c-dt0p5_train_set/dpcc-c-dt0p5_train_set.npz,,
15,H8_K20_T0.5_Ddiffuser_visual_aligning.models.visual_gaussian_diffusion.VisualGaussianDiffusion_VTrue_steps400_mpc4_filmv2,6,train,combined_5-tightened,dpcc-c-dt2p0,npz,0.0,,1.0,3,0,0.0,0,0.0,,/data/home/llim/FMPCC/FM-PCC/logs/aligning-d3il-visual/plans/visual_aligning_dpcc/H8_K20_Ddiffuser_visual_aligning.models.visual_gaussian_diffusion.VisualGaussianDiffusion_aw10_VTrue_steps1000_bs64_filmv2/H8_K20_T0.5_Ddiffuser_visual_aligning.models.visual_gaussian_diffusion.VisualGaussianDiffusion_VTrue_steps400_mpc4_filmv2,combined_5,True,dpcc-c-dt2p0_train_set,3.0,/data/home/llim/FMPCC/FM-PCC/logs/aligning-d3il-visual/plans/visual_aligning_dpcc/H8_K20_Ddiffuser_visual_aligning.models.visual_gaussian_diffusion.VisualGaussianDiffusion_aw10_VTrue_steps1000_bs64_filmv2/H8_K20_T0.5_Ddiffuser_visual_aligning.models.visual_gaussian_diffusion.VisualGaussianDiffusion_VTrue_steps400_mpc4_filmv2/6/results_train_set/combined_5-tightened/dpcc-c-dt2p0_train_set/dpcc-c-dt2p0_train_set.npz,,
15,H8_K20_T0.5_Ddiffuser_visual_aligning.models.visual_gaussian_diffusion.VisualGaussianDiffusion_VTrue_steps400_mpc4_filmv2,6,train,combined_5-tightened,dpcc-c-dt4p0,npz,0.0,,1.0,3,0,0.0,0,0.0,,/data/home/llim/FMPCC/FM-PCC/logs/aligning-d3il-visual/plans/visual_aligning_dpcc/H8_K20_Ddiffuser_visual_aligning.models.visual_gaussian_diffusion.VisualGaussianDiffusion_aw10_VTrue_steps1000_bs64_filmv2/H8_K20_T0.5_Ddiffuser_visual_aligning.models.visual_gaussian_diffusion.VisualGaussianDiffusion_VTrue_steps400_mpc4_filmv2,combined_5,True,dpcc-c-dt4p0_train_set,3.0,/data/home/llim/FMPCC/FM-PCC/logs/aligning-d3il-visual/plans/visual_aligning_dpcc/H8_K20_Ddiffuser_visual_aligning.models.visual_gaussian_diffusion.VisualGaussianDiffusion_aw10_VTrue_steps1000_bs64_filmv2/H8_K20_T0.5_Ddiffuser_visual_aligning.models.visual_gaussian_diffusion.VisualGaussianDiffusion_VTrue_steps400_mpc4_filmv2/6/results_train_set/combined_5-tightened/dpcc-c-dt4p0_train_set/dpcc-c-dt4p0_train_set.npz,,
15,H8_K20_T0.5_Ddiffuser_visual_aligning.models.visual_gaussian_diffusion.VisualGaussianDiffusion_VTrue_steps400_mpc4_filmv2,6,train,combined_5-tightened,dpcc-r,npz,0.0,,1.0,3,0,0.0,0,0.0,,/data/home/llim/FMPCC/FM-PCC/logs/aligning-d3il-visual/plans/visual_aligning_dpcc/H8_K20_Ddiffuser_visual_aligning.models.visual_gaussian_diffusion.VisualGaussianDiffusion_aw10_VTrue_steps1000_bs64_filmv2/H8_K20_T0.5_Ddiffuser_visual_aligning.models.visual_gaussian_diffusion.VisualGaussianDiffusion_VTrue_steps400_mpc4_filmv2,combined_5,True,dpcc-r_train_set,3.0,/data/home/llim/FMPCC/FM-PCC/logs/aligning-d3il-visual/plans/visual_aligning_dpcc/H8_K20_Ddiffuser_visual_aligning.models.visual_gaussian_diffusion.VisualGaussianDiffusion_aw10_VTrue_steps1000_bs64_filmv2/H8_K20_T0.5_Ddiffuser_visual_aligning.models.visual_gaussian_diffusion.VisualGaussianDiffusion_VTrue_steps400_mpc4_filmv2/6/results_train_set/combined_5-tightened/dpcc-r_train_set/dpcc-r_train_set.npz,,
15,H8_K20_T0.5_Ddiffuser_visual_aligning.models.visual_gaussian_diffusion.VisualGaussianDiffusion_VTrue_steps400_mpc4_filmv2,6,train,combined_5-tightened,dpcc-t,npz,0.0,,1.0,3,0,0.0,0,0.0,,/data/home/llim/FMPCC/FM-PCC/logs/aligning-d3il-visual/plans/visual_aligning_dpcc/H8_K20_Ddiffuser_visual_aligning.models.visual_gaussian_diffusion.VisualGaussianDiffusion_aw10_VTrue_steps1000_bs64_filmv2/H8_K20_T0.5_Ddiffuser_visual_aligning.models.visual_gaussian_diffusion.VisualGaussianDiffusion_VTrue_steps400_mpc4_filmv2,combined_5,True,dpcc-t_train_set,3.0,/data/home/llim/FMPCC/FM-PCC/logs/aligning-d3il-visual/plans/visual_aligning_dpcc/H8_K20_Ddiffuser_visual_aligning.models.visual_gaussian_diffusion.VisualGaussianDiffusion_aw10_VTrue_steps1000_bs64_filmv2/H8_K20_T0.5_Ddiffuser_visual_aligning.models.visual_gaussian_diffusion.VisualGaussianDiffusion_VTrue_steps400_mpc4_filmv2/6/results_train_set/combined_5-tightened/dpcc-t_train_set/dpcc-t_train_set.npz,,
15,H8_K20_T0.5_Ddiffuser_visual_aligning.models.visual_gaussian_diffusion.VisualGaussianDiffusion_VTrue_steps400_mpc4_filmv2,6,train,combined_5-tightened,geo_free,npz,0.0,,1.0,3,0,0.0,0,0.0,,/data/home/llim/FMPCC/FM-PCC/logs/aligning-d3il-visual/plans/visual_aligning_dpcc/H8_K20_Ddiffuser_visual_aligning.models.visual_gaussian_diffusion.VisualGaussianDiffusion_aw10_VTrue_steps1000_bs64_filmv2/H8_K20_T0.5_Ddiffuser_visual_aligning.models.visual_gaussian_diffusion.VisualGaussianDiffusion_VTrue_steps400_mpc4_filmv2,combined_5,True,geo_free_train_set,3.0,/data/home/llim/FMPCC/FM-PCC/logs/aligning-d3il-visual/plans/visual_aligning_dpcc/H8_K20_Ddiffuser_visual_aligning.models.visual_gaussian_diffusion.VisualGaussianDiffusion_aw10_VTrue_steps1000_bs64_filmv2/H8_K20_T0.5_Ddiffuser_visual_aligning.models.visual_gaussian_diffusion.VisualGaussianDiffusion_VTrue_steps400_mpc4_filmv2/6/results_train_set/combined_5-tightened/geo_free_train_set/geo_free_train_set.npz,,
15,H8_K20_T0.5_Ddiffuser_visual_aligning.models.visual_gaussian_diffusion.VisualGaussianDiffusion_VTrue_steps400_mpc4_filmv2,6,train,combined_5-tightened,geo_free-bounds_free,npz,0.0,,1.0,3,0,0.0,0,0.0,,/data/home/llim/FMPCC/FM-PCC/logs/aligning-d3il-visual/plans/visual_aligning_dpcc/H8_K20_Ddiffuser_visual_aligning.models.visual_gaussian_diffusion.VisualGaussianDiffusion_aw10_VTrue_steps1000_bs64_filmv2/H8_K20_T0.5_Ddiffuser_visual_aligning.models.visual_gaussian_diffusion.VisualGaussianDiffusion_VTrue_steps400_mpc4_filmv2,combined_5,True,geo_free-bounds_free_train_set,3.0,/data/home/llim/FMPCC/FM-PCC/logs/aligning-d3il-visual/plans/visual_aligning_dpcc/H8_K20_Ddiffuser_visual_aligning.models.visual_gaussian_diffusion.VisualGaussianDiffusion_aw10_VTrue_steps1000_bs64_filmv2/H8_K20_T0.5_Ddiffuser_visual_aligning.models.visual_gaussian_diffusion.VisualGaussianDiffusion_VTrue_steps400_mpc4_filmv2/6/results_train_set/combined_5-tightened/geo_free-bounds_free_train_set/geo_free-bounds_free_train_set.npz,,
15,H8_K20_T0.5_Ddiffuser_visual_aligning.models.visual_gaussian_diffusion.VisualGaussianDiffusion_VTrue_steps400_mpc4_filmv2,6,train,combined_5-tightened,geo_free-model_free,npz,0.0,,1.0,3,0,0.0,0,0.0,,/data/home/llim/FMPCC/FM-PCC/logs/aligning-d3il-visual/plans/visual_aligning_dpcc/H8_K20_Ddiffuser_visual_aligning.models.visual_gaussian_diffusion.VisualGaussianDiffusion_aw10_VTrue_steps1000_bs64_filmv2/H8_K20_T0.5_Ddiffuser_visual_aligning.models.visual_gaussian_diffusion.VisualGaussianDiffusion_VTrue_steps400_mpc4_filmv2,combined_5,True,geo_free-model_free_train_set,3.0,/data/home/llim/FMPCC/FM-PCC/logs/aligning-d3il-visual/plans/visual_aligning_dpcc/H8_K20_Ddiffuser_visual_aligning.models.visual_gaussian_diffusion.VisualGaussianDiffusion_aw10_VTrue_steps1000_bs64_filmv2/H8_K20_T0.5_Ddiffuser_visual_aligning.models.visual_gaussian_diffusion.VisualGaussianDiffusion_VTrue_steps400_mpc4_filmv2/6/results_train_set/combined_5-tightened/geo_free-model_free_train_set/geo_free-model_free_train_set.npz,,
15,H8_K20_T0.5_Ddiffuser_visual_aligning.models.visual_gaussian_diffusion.VisualGaussianDiffusion_VTrue_steps400_mpc4_filmv2,6,train,combined_5-tightened,gradient,npz,0.0,,1.0,3,0,0.0,0,0.0,,/data/home/llim/FMPCC/FM-PCC/logs/aligning-d3il-visual/plans/visual_aligning_dpcc/H8_K20_Ddiffuser_visual_aligning.models.visual_gaussian_diffusion.VisualGaussianDiffusion_aw10_VTrue_steps1000_bs64_filmv2/H8_K20_T0.5_Ddiffuser_visual_aligning.models.visual_gaussian_diffusion.VisualGaussianDiffusion_VTrue_steps400_mpc4_filmv2,combined_5,True,gradient_train_set,3.0,/data/home/llim/FMPCC/FM-PCC/logs/aligning-d3il-visual/plans/visual_aligning_dpcc/H8_K20_Ddiffuser_visual_aligning.models.visual_gaussian_diffusion.VisualGaussianDiffusion_aw10_VTrue_steps1000_bs64_filmv2/H8_K20_T0.5_Ddiffuser_visual_aligning.models.visual_gaussian_diffusion.VisualGaussianDiffusion_VTrue_steps400_mpc4_filmv2/6/results_train_set/combined_5-tightened/gradient_train_set/gradient_train_set.npz,,
15,H8_K20_T0.5_Ddiffuser_visual_aligning.models.visual_gaussian_diffusion.VisualGaussianDiffusion_VTrue_steps400_mpc4_filmv2,6,train,combined_5-tightened,model_free,npz,0.0,,1.0,3,0,0.0,0,0.0,,/data/home/llim/FMPCC/FM-PCC/logs/aligning-d3il-visual/plans/visual_aligning_dpcc/H8_K20_Ddiffuser_visual_aligning.models.visual_gaussian_diffusion.VisualGaussianDiffusion_aw10_VTrue_steps1000_bs64_filmv2/H8_K20_T0.5_Ddiffuser_visual_aligning.models.visual_gaussian_diffusion.VisualGaussianDiffusion_VTrue_steps400_mpc4_filmv2,combined_5,True,model_free_train_set,3.0,/data/home/llim/FMPCC/FM-PCC/logs/aligning-d3il-visual/plans/visual_aligning_dpcc/H8_K20_Ddiffuser_visual_aligning.models.visual_gaussian_diffusion.VisualGaussianDiffusion_aw10_VTrue_steps1000_bs64_filmv2/H8_K20_T0.5_Ddiffuser_visual_aligning.models.visual_gaussian_diffusion.VisualGaussianDiffusion_VTrue_steps400_mpc4_filmv2/6/results_train_set/combined_5-tightened/model_free_train_set/model_free_train_set.npz,,
15,H8_K20_T0.5_Ddiffuser_visual_aligning.models.visual_gaussian_diffusion.VisualGaussianDiffusion_VTrue_steps400_mpc4_filmv2,6,train,combined_5-tightened,post_processing,npz,0.0,,1.0,3,0,0.0,0,0.0,,/data/home/llim/FMPCC/FM-PCC/logs/aligning-d3il-visual/plans/visual_aligning_dpcc/H8_K20_Ddiffuser_visual_aligning.models.visual_gaussian_diffusion.VisualGaussianDiffusion_aw10_VTrue_steps1000_bs64_filmv2/H8_K20_T0.5_Ddiffuser_visual_aligning.models.visual_gaussian_diffusion.VisualGaussianDiffusion_VTrue_steps400_mpc4_filmv2,combined_5,True,post_processing_train_set,3.0,/data/home/llim/FMPCC/FM-PCC/logs/aligning-d3il-visual/plans/visual_aligning_dpcc/H8_K20_Ddiffuser_visual_aligning.models.visual_gaussian_diffusion.VisualGaussianDiffusion_aw10_VTrue_steps1000_bs64_filmv2/H8_K20_T0.5_Ddiffuser_visual_aligning.models.visual_gaussian_diffusion.VisualGaussianDiffusion_VTrue_steps400_mpc4_filmv2/6/results_train_set/combined_5-tightened/post_processing_train_set/post_processing_train_set.npz,,
16,d3il_baseline_ddpm_encdec_vision,42,test,none,d3il_baseline,npz,1.0,d3il_visual_aligning_baseline,0.0,1080,0,0.0,0,0.0,1.0,/data/home/llim/FMPCC/FM-PCC/logs/d3il_visual_aligning_baseline/_DA_VA_BRIDGE_d3il_baseline/d3il_baseline_ddpm_encdec_vision,none,False,d3il_baseline,1080.0,/data/home/llim/FMPCC/FM-PCC/logs/d3il_visual_aligning_baseline/_DA_VA_BRIDGE_d3il_baseline/d3il_baseline_ddpm_encdec_vision/42/results/d3il_baseline/d3il_baseline.npz,,
17,d3il_baseline_ddpm_encdec_vision__Bf_U3,0,test,none,d3il_baseline,npz,1.0,d3il_visual_aligning_baseline,0.0,462,0,0.0,0,0.0,1.0,/data/home/llim/FMPCC/FM-PCC/logs/d3il_visual_aligning_baseline/_DA_VA_BRIDGE_d3il_baseline_Bf_U3/d3il_baseline_ddpm_encdec_vision__Bf_U3,none,False,d3il_baseline,462.0,/data/home/llim/FMPCC/FM-PCC/logs/d3il_visual_aligning_baseline/_DA_VA_BRIDGE_d3il_baseline_Bf_U3/d3il_baseline_ddpm_encdec_vision__Bf_U3/0/results/d3il_baseline/d3il_baseline.npz,,missing
17,d3il_baseline_ddpm_encdec_vision__Bf_U3,1,test,none,d3il_baseline,npz,1.0,d3il_visual_aligning_baseline,0.0,473,0,0.0,0,0.0,1.0,/data/home/llim/FMPCC/FM-PCC/logs/d3il_visual_aligning_baseline/_DA_VA_BRIDGE_d3il_baseline_Bf_U3/d3il_baseline_ddpm_encdec_vision__Bf_U3,none,False,d3il_baseline,473.0,/data/home/llim/FMPCC/FM-PCC/logs/d3il_visual_aligning_baseline/_DA_VA_BRIDGE_d3il_baseline_Bf_U3/d3il_baseline_ddpm_encdec_vision__Bf_U3/1/results/d3il_baseline/d3il_baseline.npz,,missing
17,d3il_baseline_ddpm_encdec_vision__Bf_U3,2,test,none,d3il_baseline,npz,1.0,d3il_visual_aligning_baseline,0.0,468,0,0.0,0,0.0,1.0,/data/home/llim/FMPCC/FM-PCC/logs/d3il_visual_aligning_baseline/_DA_VA_BRIDGE_d3il_baseline_Bf_U3/d3il_baseline_ddpm_encdec_vision__Bf_U3,none,False,d3il_baseline,468.0,/data/home/llim/FMPCC/FM-PCC/logs/d3il_visual_aligning_baseline/_DA_VA_BRIDGE_d3il_baseline_Bf_U3/d3il_baseline_ddpm_encdec_vision__Bf_U3/2/results/d3il_baseline/d3il_baseline.npz,,missing
17,d3il_baseline_ddpm_encdec_vision__Bf_U3,3,test,none,d3il_baseline,npz,1.0,d3il_visual_aligning_baseline,0.0,466,0,0.0,0,0.0,1.0,/data/home/llim/FMPCC/FM-PCC/logs/d3il_visual_aligning_baseline/_DA_VA_BRIDGE_d3il_baseline_Bf_U3/d3il_baseline_ddpm_encdec_vision__Bf_U3,none,False,d3il_baseline,466.0,/data/home/llim/FMPCC/FM-PCC/logs/d3il_visual_aligning_baseline/_DA_VA_BRIDGE_d3il_baseline_Bf_U3/d3il_baseline_ddpm_encdec_vision__Bf_U3/3/results/d3il_baseline/d3il_baseline.npz,,missing
17,d3il_baseline_ddpm_encdec_vision__Bf_U3,4,test,none,d3il_baseline,npz,1.0,d3il_visual_aligning_baseline,0.0,467,0,0.0,0,0.0,1.0,/data/home/llim/FMPCC/FM-PCC/logs/d3il_visual_aligning_baseline/_DA_VA_BRIDGE_d3il_baseline_Bf_U3/d3il_baseline_ddpm_encdec_vision__Bf_U3,none,False,d3il_baseline,467.0,/data/home/llim/FMPCC/FM-PCC/logs/d3il_visual_aligning_baseline/_DA_VA_BRIDGE_d3il_baseline_Bf_U3/d3il_baseline_ddpm_encdec_vision__Bf_U3/4/results/d3il_baseline/d3il_baseline.npz,,missing
17,d3il_baseline_ddpm_encdec_vision__Bf_U3,42,test,none,d3il_baseline,npz,1.0,d3il_visual_aligning_baseline,0.0,468,0,0.0,0,0.0,1.0,/data/home/llim/FMPCC/FM-PCC/logs/d3il_visual_aligning_baseline/_DA_VA_BRIDGE_d3il_baseline_Bf_U3/d3il_baseline_ddpm_encdec_vision__Bf_U3,none,False,d3il_baseline,468.0,/data/home/llim/FMPCC/FM-PCC/logs/d3il_visual_aligning_baseline/_DA_VA_BRIDGE_d3il_baseline_Bf_U3/d3il_baseline_ddpm_encdec_vision__Bf_U3/42/results/d3il_baseline/d3il_baseline.npz,,missing
