backend,method,n_trials,avg_ms,std_ms,p50_ms,p95_ms,min_ms,max_ms
legacy,euler,20,122.42764300008275,7.971153059439131,120.20656100048654,138.56061525157202,113.3452979993308,140.5600849993789
torchdiffeq,euler,20,129.1858415002025,7.57705995640721,126.43998850035132,142.82971285101667,120.26437300119142,150.18384999893897
legacy,midpoint,20,326.17820764999124,52.12633542401846,324.8962354991818,435.4196130490891,251.9636540000647,437.2688269995706
torchdiffeq,midpoint,20,250.48354065020249,6.664091916568687,249.26668050011358,262.9975387995728,242.08415999964927,265.2637980008876
legacy,rk4,20,579.9392134497793,123.2577256494391,511.0123919985199,817.7299421001408,480.8560679994116,885.7022350002808
torchdiffeq,rk4,20,555.9038828000666,81.40753161559996,501.7614925009184,694.134722500803,481.0752239991416,709.1104560004169
