Candidate,FolderName,FullPath,seed,split,geo,variant,variant_base,tightened,scene,engine,K,mpc_batch,controller,threshold,run_tag,backbone,generation,path_K,n_trials,goal_radius,epoch,projection,record,device,max_episode_length,flow_steps
1,corridor|Gen11,/data/home/llim/FMPCC/FM-PCC/logs/UAV_FM/uav-corridor/plans(Bf_DC-FIX)/flow_matching_v3_uav/H8_Dmodels.diffusion.FlowMatchingODE_condp_des,6,test,diffuser_anchorP,diffuser,diffuser,False,corridor,,,,,,,,Gen11,,10.0,0.3,latest,fm_only,none,cuda,,
1,corridor|Gen11,/data/home/llim/FMPCC/FM-PCC/logs/UAV_FM/uav-corridor/plans(Bf_DC-FIX)/flow_matching_v3_uav/H8_Dmodels.diffusion.FlowMatchingODE_condp_des,6,test,dpcc-c_anchorP,dpcc-c,dpcc-c,False,corridor,,,,,,,,Gen11,,10.0,0.3,latest,fm_only,none,cuda,,
1,corridor|Gen11,/data/home/llim/FMPCC/FM-PCC/logs/UAV_FM/uav-corridor/plans(Bf_DC-FIX)/flow_matching_v3_uav/H8_Dmodels.diffusion.FlowMatchingODE_condp_des,6,test,dpcc-r_anchorP,dpcc-r,dpcc-r,False,corridor,,,,,,,,Gen11,,10.0,0.3,latest,fm_only,none,cuda,,
1,corridor|Gen11,/data/home/llim/FMPCC/FM-PCC/logs/UAV_FM/uav-corridor/plans(Bf_DC-FIX)/flow_matching_v3_uav/H8_Dmodels.diffusion.FlowMatchingODE_condp_des,6,test,dpcc-t_anchorP,dpcc-t,dpcc-t,False,corridor,,,,,,,,Gen11,,10.0,0.3,latest,fm_only,none,cuda,,
1,corridor|Gen11,/data/home/llim/FMPCC/FM-PCC/logs/UAV_FM/uav-corridor/plans(Bf_DC-FIX)/flow_matching_v3_uav/H8_Dmodels.diffusion.FlowMatchingODE_condp_des,6,test,gradient_anchorP,gradient,gradient,False,corridor,,,,,,,,Gen11,,10.0,0.3,latest,fm_only,none,cuda,,
1,corridor|Gen11,/data/home/llim/FMPCC/FM-PCC/logs/UAV_FM/uav-corridor/plans(Bf_DC-FIX)/flow_matching_v3_uav/H8_Dmodels.diffusion.FlowMatchingODE_condp_des,6,test,model_free_anchorP,model_free,model_free,False,corridor,,,,,,,,Gen11,,10.0,0.3,latest,fm_only,none,cuda,,
1,corridor|Gen11,/data/home/llim/FMPCC/FM-PCC/logs/UAV_FM/uav-corridor/plans(Bf_DC-FIX)/flow_matching_v3_uav/H8_Dmodels.diffusion.FlowMatchingODE_condp_des,6,test,post_processing_anchorP,post_processing,post_processing,False,corridor,,,,,,,,Gen11,,10.0,0.3,latest,fm_only,none,cuda,,
2,corridor|K20|Gen11,/data/home/llim/FMPCC/FM-PCC/logs/UAV_FM/uav-corridor/plans(Bf_U8)/flow_matching_v3_uav/H8_Dmodels.diffusion.FlowMatchingODE_9D/K20_mpc4_pid_stopgo_T0.5,6,test,none,diffuser,diffuser,False,corridor,,20.0,4.0,pid_stopgo,0.5,,,Gen11,20.0,5.0,0.3,latest,fm_only,gif,cuda,,
2,corridor|K20|Gen11,/data/home/llim/FMPCC/FM-PCC/logs/UAV_FM/uav-corridor/plans(Bf_U8)/flow_matching_v3_uav/H8_Dmodels.diffusion.FlowMatchingODE_9D/K20_mpc4_pid_stopgo_T0.5,6,test,none,dpcc-c,dpcc-c,False,corridor,,20.0,4.0,pid_stopgo,0.5,,,Gen11,20.0,5.0,0.3,latest,fm_only,gif,cuda,,
2,corridor|K20|Gen11,/data/home/llim/FMPCC/FM-PCC/logs/UAV_FM/uav-corridor/plans(Bf_U8)/flow_matching_v3_uav/H8_Dmodels.diffusion.FlowMatchingODE_9D/K20_mpc4_pid_stopgo_T0.5,6,test,none,dpcc-r,dpcc-r,False,corridor,,20.0,4.0,pid_stopgo,0.5,,,Gen11,20.0,5.0,0.3,latest,fm_only,gif,cuda,,
2,corridor|K20|Gen11,/data/home/llim/FMPCC/FM-PCC/logs/UAV_FM/uav-corridor/plans(Bf_U8)/flow_matching_v3_uav/H8_Dmodels.diffusion.FlowMatchingODE_9D/K20_mpc4_pid_stopgo_T0.5,6,test,none,dpcc-t,dpcc-t,False,corridor,,20.0,4.0,pid_stopgo,0.5,,,Gen11,20.0,5.0,0.3,latest,fm_only,gif,cuda,,
2,corridor|K20|Gen11,/data/home/llim/FMPCC/FM-PCC/logs/UAV_FM/uav-corridor/plans(Bf_U8)/flow_matching_v3_uav/H8_Dmodels.diffusion.FlowMatchingODE_9D/K20_mpc4_pid_stopgo_T0.5,6,test,none,gradient,gradient,False,corridor,,20.0,4.0,pid_stopgo,0.5,,,Gen11,20.0,5.0,0.3,latest,fm_only,gif,cuda,,
2,corridor|K20|Gen11,/data/home/llim/FMPCC/FM-PCC/logs/UAV_FM/uav-corridor/plans(Bf_U8)/flow_matching_v3_uav/H8_Dmodels.diffusion.FlowMatchingODE_9D/K20_mpc4_pid_stopgo_T0.5,6,test,none,model_free,model_free,False,corridor,,20.0,4.0,pid_stopgo,0.5,,,Gen11,20.0,5.0,0.3,latest,fm_only,gif,cuda,,
2,corridor|K20|Gen11,/data/home/llim/FMPCC/FM-PCC/logs/UAV_FM/uav-corridor/plans(Bf_U8)/flow_matching_v3_uav/H8_Dmodels.diffusion.FlowMatchingODE_9D/K20_mpc4_pid_stopgo_T0.5,6,test,none,post_processing,post_processing,False,corridor,,20.0,4.0,pid_stopgo,0.5,,,Gen11,20.0,5.0,0.3,latest,fm_only,gif,cuda,,
3,corridor|Gen11,/data/home/llim/FMPCC/FM-PCC/logs/UAV_FM/uav-corridor/plans(E6)/flow_matching_v3_uav/H8_Dmodels.diffusion.FlowMatchingODE,6,test,none,fm_only,fm_only,False,corridor,,,,,,,,Gen11,,20.0,,latest,fm_only,none,cuda,,
4,corridor|Gen11,/data/home/llim/FMPCC/FM-PCC/logs/UAV_FM/uav-corridor/plans(E7_U1)/flow_matching_v3_uav/H8_Dmodels.diffusion.FlowMatchingODE,6,test,none,diffuser,diffuser,False,corridor,,,,,,,,Gen11,,2.0,0.3,latest,fm_only,gif,cuda,,
4,corridor|Gen11,/data/home/llim/FMPCC/FM-PCC/logs/UAV_FM/uav-corridor/plans(E7_U1)/flow_matching_v3_uav/H8_Dmodels.diffusion.FlowMatchingODE,6,test,none,dpcc-c,dpcc-c,False,corridor,,,,,,,,Gen11,,2.0,0.3,latest,fm_only,gif,cuda,,
4,corridor|Gen11,/data/home/llim/FMPCC/FM-PCC/logs/UAV_FM/uav-corridor/plans(E7_U1)/flow_matching_v3_uav/H8_Dmodels.diffusion.FlowMatchingODE,6,test,none,dpcc-r,dpcc-r,False,corridor,,,,,,,,Gen11,,2.0,0.3,latest,fm_only,gif,cuda,,
4,corridor|Gen11,/data/home/llim/FMPCC/FM-PCC/logs/UAV_FM/uav-corridor/plans(E7_U1)/flow_matching_v3_uav/H8_Dmodels.diffusion.FlowMatchingODE,6,test,none,dpcc-t,dpcc-t,False,corridor,,,,,,,,Gen11,,2.0,0.3,latest,fm_only,gif,cuda,,
5,corridor|Gen11,/data/home/llim/FMPCC/FM-PCC/logs/UAV_FM/uav-corridor/plans(E7_U3)/flow_matching_v3_uav/H8_Dmodels.diffusion.FlowMatchingODE,6,test,none,diffuser,diffuser,False,corridor,,,,,,,,Gen11,,2.0,0.3,latest,fm_only,none,cuda,,
5,corridor|Gen11,/data/home/llim/FMPCC/FM-PCC/logs/UAV_FM/uav-corridor/plans(E7_U3)/flow_matching_v3_uav/H8_Dmodels.diffusion.FlowMatchingODE,6,test,none,dpcc-c,dpcc-c,False,corridor,,,,,,,,Gen11,,2.0,0.3,latest,fm_only,none,cuda,,
5,corridor|Gen11,/data/home/llim/FMPCC/FM-PCC/logs/UAV_FM/uav-corridor/plans(E7_U3)/flow_matching_v3_uav/H8_Dmodels.diffusion.FlowMatchingODE,6,test,none,dpcc-c-tightened,dpcc-c,True,corridor,,,,,,,,Gen11,,2.0,0.3,latest,fm_only,none,cuda,,
5,corridor|Gen11,/data/home/llim/FMPCC/FM-PCC/logs/UAV_FM/uav-corridor/plans(E7_U3)/flow_matching_v3_uav/H8_Dmodels.diffusion.FlowMatchingODE,6,test,none,dpcc-r,dpcc-r,False,corridor,,,,,,,,Gen11,,2.0,0.3,latest,fm_only,none,cuda,,
5,corridor|Gen11,/data/home/llim/FMPCC/FM-PCC/logs/UAV_FM/uav-corridor/plans(E7_U3)/flow_matching_v3_uav/H8_Dmodels.diffusion.FlowMatchingODE,6,test,none,dpcc-r-tightened,dpcc-r,True,corridor,,,,,,,,Gen11,,2.0,0.3,latest,fm_only,none,cuda,,
5,corridor|Gen11,/data/home/llim/FMPCC/FM-PCC/logs/UAV_FM/uav-corridor/plans(E7_U3)/flow_matching_v3_uav/H8_Dmodels.diffusion.FlowMatchingODE,6,test,none,dpcc-t,dpcc-t,False,corridor,,,,,,,,Gen11,,2.0,0.3,latest,fm_only,none,cuda,,
5,corridor|Gen11,/data/home/llim/FMPCC/FM-PCC/logs/UAV_FM/uav-corridor/plans(E7_U3)/flow_matching_v3_uav/H8_Dmodels.diffusion.FlowMatchingODE,6,test,none,dpcc-t-tightened,dpcc-t,True,corridor,,,,,,,,Gen11,,2.0,0.3,latest,fm_only,none,cuda,,
5,corridor|Gen11,/data/home/llim/FMPCC/FM-PCC/logs/UAV_FM/uav-corridor/plans(E7_U3)/flow_matching_v3_uav/H8_Dmodels.diffusion.FlowMatchingODE,6,test,none,gradient,gradient,False,corridor,,,,,,,,Gen11,,2.0,0.3,latest,fm_only,none,cuda,,
5,corridor|Gen11,/data/home/llim/FMPCC/FM-PCC/logs/UAV_FM/uav-corridor/plans(E7_U3)/flow_matching_v3_uav/H8_Dmodels.diffusion.FlowMatchingODE,6,test,none,gradient-tightened,gradient,True,corridor,,,,,,,,Gen11,,2.0,0.3,latest,fm_only,none,cuda,,
5,corridor|Gen11,/data/home/llim/FMPCC/FM-PCC/logs/UAV_FM/uav-corridor/plans(E7_U3)/flow_matching_v3_uav/H8_Dmodels.diffusion.FlowMatchingODE,6,test,none,model_free,model_free,False,corridor,,,,,,,,Gen11,,2.0,0.3,latest,fm_only,none,cuda,,
5,corridor|Gen11,/data/home/llim/FMPCC/FM-PCC/logs/UAV_FM/uav-corridor/plans(E7_U3)/flow_matching_v3_uav/H8_Dmodels.diffusion.FlowMatchingODE,6,test,none,model_free-tightened,model_free,True,corridor,,,,,,,,Gen11,,2.0,0.3,latest,fm_only,none,cuda,,
5,corridor|Gen11,/data/home/llim/FMPCC/FM-PCC/logs/UAV_FM/uav-corridor/plans(E7_U3)/flow_matching_v3_uav/H8_Dmodels.diffusion.FlowMatchingODE,6,test,none,post_processing,post_processing,False,corridor,,,,,,,,Gen11,,2.0,0.3,latest,fm_only,none,cuda,,
5,corridor|Gen11,/data/home/llim/FMPCC/FM-PCC/logs/UAV_FM/uav-corridor/plans(E7_U3)/flow_matching_v3_uav/H8_Dmodels.diffusion.FlowMatchingODE,6,test,none,post_processing-tightened,post_processing,True,corridor,,,,,,,,Gen11,,2.0,0.3,latest,fm_only,none,cuda,,
6,corridor|Gen11,/data/home/llim/FMPCC/FM-PCC/logs/UAV_FM/uav-corridor/plans(E7_U4_fix3)/flow_matching_v3_uav/H8_Dmodels.diffusion.FlowMatchingODE_condp_des,6,test,diffuser_reanchor1,diffuser,diffuser,False,corridor,,,,,,,,Gen11,,20.0,0.3,latest,fm_only,none,cuda,,
6,corridor|Gen11,/data/home/llim/FMPCC/FM-PCC/logs/UAV_FM/uav-corridor/plans(E7_U4_fix3)/flow_matching_v3_uav/H8_Dmodels.diffusion.FlowMatchingODE_condp_des,6,test,dpcc-r_reanchor1,dpcc-r,dpcc-r,False,corridor,,,,,,,,Gen11,,20.0,0.3,latest,fm_only,none,cuda,,
6,corridor|Gen11,/data/home/llim/FMPCC/FM-PCC/logs/UAV_FM/uav-corridor/plans(E7_U4_fix3)/flow_matching_v3_uav/H8_Dmodels.diffusion.FlowMatchingODE_condp_des,6,test,gradient-tightened_reanchor1,gradient-tightened,gradient,True,corridor,,,,,,,,Gen11,,20.0,0.3,latest,fm_only,none,cuda,,
6,corridor|Gen11,/data/home/llim/FMPCC/FM-PCC/logs/UAV_FM/uav-corridor/plans(E7_U4_fix3)/flow_matching_v3_uav/H8_Dmodels.diffusion.FlowMatchingODE_condp_des,6,test,gradient_reanchor1,gradient,gradient,False,corridor,,,,,,,,Gen11,,20.0,0.3,latest,fm_only,none,cuda,,
6,corridor|Gen11,/data/home/llim/FMPCC/FM-PCC/logs/UAV_FM/uav-corridor/plans(E7_U4_fix3)/flow_matching_v3_uav/H8_Dmodels.diffusion.FlowMatchingODE_condp_des,6,test,model_free-tightened_reanchor1,model_free-tightened,model_free,True,corridor,,,,,,,,Gen11,,20.0,0.3,latest,fm_only,none,cuda,,
6,corridor|Gen11,/data/home/llim/FMPCC/FM-PCC/logs/UAV_FM/uav-corridor/plans(E7_U4_fix3)/flow_matching_v3_uav/H8_Dmodels.diffusion.FlowMatchingODE_condp_des,6,test,model_free_reanchor1,model_free,model_free,False,corridor,,,,,,,,Gen11,,20.0,0.3,latest,fm_only,none,cuda,,
6,corridor|Gen11,/data/home/llim/FMPCC/FM-PCC/logs/UAV_FM/uav-corridor/plans(E7_U4_fix3)/flow_matching_v3_uav/H8_Dmodels.diffusion.FlowMatchingODE_condp_des,6,test,none,dpcc-r-tightened_reanchor1,dpcc-r-tightened_reanchor1,False,corridor,,,,,,,,Gen11,,,,,,,,,
6,corridor|Gen11,/data/home/llim/FMPCC/FM-PCC/logs/UAV_FM/uav-corridor/plans(E7_U4_fix3)/flow_matching_v3_uav/H8_Dmodels.diffusion.FlowMatchingODE_condp_des,6,test,post_processing-tightened_reanchor1,post_processing-tightened,post_processing,True,corridor,,,,,,,,Gen11,,20.0,0.3,latest,fm_only,none,cuda,,
6,corridor|Gen11,/data/home/llim/FMPCC/FM-PCC/logs/UAV_FM/uav-corridor/plans(E7_U4_fix3)/flow_matching_v3_uav/H8_Dmodels.diffusion.FlowMatchingODE_condp_des,6,test,post_processing_reanchor1,post_processing,post_processing,False,corridor,,,,,,,,Gen11,,20.0,0.3,latest,fm_only,none,cuda,,
7,corridor|K20|Gen11,/data/home/llim/FMPCC/FM-PCC/logs/UAV_FM/uav-corridor/plans/flow_matching_v3_uav/H8_Dmodels.diffusion.FlowMatchingODE_9D/K20_mpc4_pid_stopgo_T0.5,6,test,corridor_bounds+dynamics+geo_bounds+halfspace+obstacles,bounds_free,bounds_free,False,corridor,,20.0,4.0,pid_stopgo,0.5,,,Gen11,20.0,10.0,0.3,latest,fm_only,gif,cuda,,
7,corridor|K20|Gen11,/data/home/llim/FMPCC/FM-PCC/logs/UAV_FM/uav-corridor/plans/flow_matching_v3_uav/H8_Dmodels.diffusion.FlowMatchingODE_9D/K20_mpc4_pid_stopgo_T0.5,6,test,corridor_bounds+dynamics+geo_bounds+halfspace+obstacles,diffuser,diffuser,False,corridor,,20.0,4.0,pid_stopgo,0.5,,,Gen11,20.0,10.0,0.3,latest,fm_only,gif,cuda,,
7,corridor|K20|Gen11,/data/home/llim/FMPCC/FM-PCC/logs/UAV_FM/uav-corridor/plans/flow_matching_v3_uav/H8_Dmodels.diffusion.FlowMatchingODE_9D/K20_mpc4_pid_stopgo_T0.5,6,test,corridor_bounds+dynamics+geo_bounds+halfspace+obstacles,dpcc-c,dpcc-c,False,corridor,,20.0,4.0,pid_stopgo,0.5,,,Gen11,20.0,10.0,0.3,latest,fm_only,gif,cuda,,
7,corridor|K20|Gen11,/data/home/llim/FMPCC/FM-PCC/logs/UAV_FM/uav-corridor/plans/flow_matching_v3_uav/H8_Dmodels.diffusion.FlowMatchingODE_9D/K20_mpc4_pid_stopgo_T0.5,6,test,corridor_bounds+dynamics+geo_bounds+halfspace+obstacles,dpcc-c-tightened,dpcc-c,True,corridor,,20.0,4.0,pid_stopgo,0.5,,,Gen11,20.0,10.0,0.3,latest,fm_only,gif,cuda,,
7,corridor|K20|Gen11,/data/home/llim/FMPCC/FM-PCC/logs/UAV_FM/uav-corridor/plans/flow_matching_v3_uav/H8_Dmodels.diffusion.FlowMatchingODE_9D/K20_mpc4_pid_stopgo_T0.5,6,test,corridor_bounds+dynamics+geo_bounds+halfspace+obstacles,dpcc-r,dpcc-r,False,corridor,,20.0,4.0,pid_stopgo,0.5,,,Gen11,20.0,10.0,0.3,latest,fm_only,gif,cuda,,
7,corridor|K20|Gen11,/data/home/llim/FMPCC/FM-PCC/logs/UAV_FM/uav-corridor/plans/flow_matching_v3_uav/H8_Dmodels.diffusion.FlowMatchingODE_9D/K20_mpc4_pid_stopgo_T0.5,6,test,corridor_bounds+dynamics+geo_bounds+halfspace+obstacles,dpcc-r-tightened,dpcc-r,True,corridor,,20.0,4.0,pid_stopgo,0.5,,,Gen11,20.0,10.0,0.3,latest,fm_only,gif,cuda,,
7,corridor|K20|Gen11,/data/home/llim/FMPCC/FM-PCC/logs/UAV_FM/uav-corridor/plans/flow_matching_v3_uav/H8_Dmodels.diffusion.FlowMatchingODE_9D/K20_mpc4_pid_stopgo_T0.5,6,test,corridor_bounds+dynamics+geo_bounds+halfspace+obstacles,dpcc-t,dpcc-t,False,corridor,,20.0,4.0,pid_stopgo,0.5,,,Gen11,20.0,10.0,0.3,latest,fm_only,gif,cuda,,
7,corridor|K20|Gen11,/data/home/llim/FMPCC/FM-PCC/logs/UAV_FM/uav-corridor/plans/flow_matching_v3_uav/H8_Dmodels.diffusion.FlowMatchingODE_9D/K20_mpc4_pid_stopgo_T0.5,6,test,corridor_bounds+dynamics+geo_bounds+halfspace+obstacles,dpcc-t-tightened,dpcc-t,True,corridor,,20.0,4.0,pid_stopgo,0.5,,,Gen11,20.0,10.0,0.3,latest,fm_only,gif,cuda,,
7,corridor|K20|Gen11,/data/home/llim/FMPCC/FM-PCC/logs/UAV_FM/uav-corridor/plans/flow_matching_v3_uav/H8_Dmodels.diffusion.FlowMatchingODE_9D/K20_mpc4_pid_stopgo_T0.5,6,test,corridor_bounds+dynamics+geo_bounds+halfspace+obstacles,geo_free,geo_free,False,corridor,,20.0,4.0,pid_stopgo,0.5,,,Gen11,20.0,10.0,0.3,latest,fm_only,gif,cuda,,
7,corridor|K20|Gen11,/data/home/llim/FMPCC/FM-PCC/logs/UAV_FM/uav-corridor/plans/flow_matching_v3_uav/H8_Dmodels.diffusion.FlowMatchingODE_9D/K20_mpc4_pid_stopgo_T0.5,6,test,corridor_bounds+dynamics+geo_bounds+halfspace+obstacles,geo_free-bounds_free,geo_free-bounds_free,False,corridor,,20.0,4.0,pid_stopgo,0.5,,,Gen11,20.0,10.0,0.3,latest,fm_only,gif,cuda,,
7,corridor|K20|Gen11,/data/home/llim/FMPCC/FM-PCC/logs/UAV_FM/uav-corridor/plans/flow_matching_v3_uav/H8_Dmodels.diffusion.FlowMatchingODE_9D/K20_mpc4_pid_stopgo_T0.5,6,test,corridor_bounds+dynamics+geo_bounds+halfspace+obstacles,geo_free-model_free,geo_free-model_free,False,corridor,,20.0,4.0,pid_stopgo,0.5,,,Gen11,20.0,10.0,0.3,latest,fm_only,gif,cuda,,
7,corridor|K20|Gen11,/data/home/llim/FMPCC/FM-PCC/logs/UAV_FM/uav-corridor/plans/flow_matching_v3_uav/H8_Dmodels.diffusion.FlowMatchingODE_9D/K20_mpc4_pid_stopgo_T0.5,6,test,corridor_bounds+dynamics+geo_bounds+halfspace+obstacles,gradient,gradient,False,corridor,,20.0,4.0,pid_stopgo,0.5,,,Gen11,20.0,10.0,0.3,latest,fm_only,gif,cuda,,
7,corridor|K20|Gen11,/data/home/llim/FMPCC/FM-PCC/logs/UAV_FM/uav-corridor/plans/flow_matching_v3_uav/H8_Dmodels.diffusion.FlowMatchingODE_9D/K20_mpc4_pid_stopgo_T0.5,6,test,corridor_bounds+dynamics+geo_bounds+halfspace+obstacles,gradient-tightened,gradient,True,corridor,,20.0,4.0,pid_stopgo,0.5,,,Gen11,20.0,10.0,0.3,latest,fm_only,gif,cuda,,
7,corridor|K20|Gen11,/data/home/llim/FMPCC/FM-PCC/logs/UAV_FM/uav-corridor/plans/flow_matching_v3_uav/H8_Dmodels.diffusion.FlowMatchingODE_9D/K20_mpc4_pid_stopgo_T0.5,6,test,corridor_bounds+dynamics+geo_bounds+halfspace+obstacles,model_free,model_free,False,corridor,,20.0,4.0,pid_stopgo,0.5,,,Gen11,20.0,10.0,0.3,latest,fm_only,gif,cuda,,
7,corridor|K20|Gen11,/data/home/llim/FMPCC/FM-PCC/logs/UAV_FM/uav-corridor/plans/flow_matching_v3_uav/H8_Dmodels.diffusion.FlowMatchingODE_9D/K20_mpc4_pid_stopgo_T0.5,6,test,corridor_bounds+dynamics+geo_bounds+halfspace+obstacles,model_free-tightened,model_free,True,corridor,,20.0,4.0,pid_stopgo,0.5,,,Gen11,20.0,10.0,0.3,latest,fm_only,gif,cuda,,
7,corridor|K20|Gen11,/data/home/llim/FMPCC/FM-PCC/logs/UAV_FM/uav-corridor/plans/flow_matching_v3_uav/H8_Dmodels.diffusion.FlowMatchingODE_9D/K20_mpc4_pid_stopgo_T0.5,6,test,corridor_bounds+dynamics+geo_bounds+halfspace+obstacles,post_processing,post_processing,False,corridor,,20.0,4.0,pid_stopgo,0.5,,,Gen11,20.0,10.0,0.3,latest,fm_only,gif,cuda,,
7,corridor|K20|Gen11,/data/home/llim/FMPCC/FM-PCC/logs/UAV_FM/uav-corridor/plans/flow_matching_v3_uav/H8_Dmodels.diffusion.FlowMatchingODE_9D/K20_mpc4_pid_stopgo_T0.5,6,test,corridor_bounds+dynamics+geo_bounds+halfspace+obstacles,post_processing-tightened,post_processing,True,corridor,,20.0,4.0,pid_stopgo,0.5,,,Gen11,20.0,10.0,0.3,latest,fm_only,gif,cuda,,
8,empty|Gen11,/data/home/llim/FMPCC/FM-PCC/logs/UAV_FM/uav-empty/plans(Bf_DC-FIX)/flow_matching_v3_uav/H8_Dmodels.diffusion.FlowMatchingODE,6,test,diffuser_anchorP,diffuser,diffuser,False,empty,,,,,,,,Gen11,,10.0,0.3,latest,fm_only,none,cuda,,
8,empty|Gen11,/data/home/llim/FMPCC/FM-PCC/logs/UAV_FM/uav-empty/plans(Bf_DC-FIX)/flow_matching_v3_uav/H8_Dmodels.diffusion.FlowMatchingODE,6,test,dpcc-c_anchorP,dpcc-c,dpcc-c,False,empty,,,,,,,,Gen11,,10.0,0.3,latest,fm_only,none,cuda,,
8,empty|Gen11,/data/home/llim/FMPCC/FM-PCC/logs/UAV_FM/uav-empty/plans(Bf_DC-FIX)/flow_matching_v3_uav/H8_Dmodels.diffusion.FlowMatchingODE,6,test,dpcc-r_anchorP,dpcc-r,dpcc-r,False,empty,,,,,,,,Gen11,,10.0,0.3,latest,fm_only,none,cuda,,
8,empty|Gen11,/data/home/llim/FMPCC/FM-PCC/logs/UAV_FM/uav-empty/plans(Bf_DC-FIX)/flow_matching_v3_uav/H8_Dmodels.diffusion.FlowMatchingODE,6,test,dpcc-t_anchorP,dpcc-t,dpcc-t,False,empty,,,,,,,,Gen11,,10.0,0.3,latest,fm_only,none,cuda,,
8,empty|Gen11,/data/home/llim/FMPCC/FM-PCC/logs/UAV_FM/uav-empty/plans(Bf_DC-FIX)/flow_matching_v3_uav/H8_Dmodels.diffusion.FlowMatchingODE,6,test,gradient_anchorP,gradient,gradient,False,empty,,,,,,,,Gen11,,10.0,0.3,latest,fm_only,none,cuda,,
8,empty|Gen11,/data/home/llim/FMPCC/FM-PCC/logs/UAV_FM/uav-empty/plans(Bf_DC-FIX)/flow_matching_v3_uav/H8_Dmodels.diffusion.FlowMatchingODE,6,test,model_free_anchorP,model_free,model_free,False,empty,,,,,,,,Gen11,,10.0,0.3,latest,fm_only,none,cuda,,
8,empty|Gen11,/data/home/llim/FMPCC/FM-PCC/logs/UAV_FM/uav-empty/plans(Bf_DC-FIX)/flow_matching_v3_uav/H8_Dmodels.diffusion.FlowMatchingODE,6,test,post_processing_anchorP,post_processing,post_processing,False,empty,,,,,,,,Gen11,,10.0,0.3,latest,fm_only,none,cuda,,
9,empty|K20|Gen11,/data/home/llim/FMPCC/FM-PCC/logs/UAV_FM/uav-empty/plans(Bf_U8)/flow_matching_v3_uav/H8_Dmodels.diffusion.FlowMatchingODE_9D/K20_mpc4_pid_stopgo_T0.5,6,test,none,diffuser,diffuser,False,empty,,20.0,4.0,pid_stopgo,0.5,,,Gen11,20.0,5.0,0.3,latest,fm_only,gif,cuda,,
9,empty|K20|Gen11,/data/home/llim/FMPCC/FM-PCC/logs/UAV_FM/uav-empty/plans(Bf_U8)/flow_matching_v3_uav/H8_Dmodels.diffusion.FlowMatchingODE_9D/K20_mpc4_pid_stopgo_T0.5,6,test,none,dpcc-c,dpcc-c,False,empty,,20.0,4.0,pid_stopgo,0.5,,,Gen11,20.0,5.0,0.3,latest,fm_only,gif,cuda,,
9,empty|K20|Gen11,/data/home/llim/FMPCC/FM-PCC/logs/UAV_FM/uav-empty/plans(Bf_U8)/flow_matching_v3_uav/H8_Dmodels.diffusion.FlowMatchingODE_9D/K20_mpc4_pid_stopgo_T0.5,6,test,none,dpcc-r,dpcc-r,False,empty,,20.0,4.0,pid_stopgo,0.5,,,Gen11,20.0,5.0,0.3,latest,fm_only,gif,cuda,,
9,empty|K20|Gen11,/data/home/llim/FMPCC/FM-PCC/logs/UAV_FM/uav-empty/plans(Bf_U8)/flow_matching_v3_uav/H8_Dmodels.diffusion.FlowMatchingODE_9D/K20_mpc4_pid_stopgo_T0.5,6,test,none,dpcc-t,dpcc-t,False,empty,,20.0,4.0,pid_stopgo,0.5,,,Gen11,20.0,5.0,0.3,latest,fm_only,gif,cuda,,
9,empty|K20|Gen11,/data/home/llim/FMPCC/FM-PCC/logs/UAV_FM/uav-empty/plans(Bf_U8)/flow_matching_v3_uav/H8_Dmodels.diffusion.FlowMatchingODE_9D/K20_mpc4_pid_stopgo_T0.5,6,test,none,gradient,gradient,False,empty,,20.0,4.0,pid_stopgo,0.5,,,Gen11,20.0,5.0,0.3,latest,fm_only,gif,cuda,,
9,empty|K20|Gen11,/data/home/llim/FMPCC/FM-PCC/logs/UAV_FM/uav-empty/plans(Bf_U8)/flow_matching_v3_uav/H8_Dmodels.diffusion.FlowMatchingODE_9D/K20_mpc4_pid_stopgo_T0.5,6,test,none,model_free,model_free,False,empty,,20.0,4.0,pid_stopgo,0.5,,,Gen11,20.0,5.0,0.3,latest,fm_only,gif,cuda,,
9,empty|K20|Gen11,/data/home/llim/FMPCC/FM-PCC/logs/UAV_FM/uav-empty/plans(Bf_U8)/flow_matching_v3_uav/H8_Dmodels.diffusion.FlowMatchingODE_9D/K20_mpc4_pid_stopgo_T0.5,6,test,none,post_processing,post_processing,False,empty,,20.0,4.0,pid_stopgo,0.5,,,Gen11,20.0,5.0,0.3,latest,fm_only,gif,cuda,,
10,empty|Gen11,/data/home/llim/FMPCC/FM-PCC/logs/UAV_FM/uav-empty/plans(E6)/flow_matching_v3_uav/H8_Dmodels.diffusion.FlowMatchingODE,6,test,none,fm_only,fm_only,False,empty,,,,,,,,Gen11,,20.0,,latest,fm_only,none,cuda,,
11,empty|Gen11,/data/home/llim/FMPCC/FM-PCC/logs/UAV_FM/uav-empty/plans(E7U3)/flow_matching_v3_uav/H8_Dmodels.diffusion.FlowMatchingODE,6,test,none,diffuser,diffuser,False,empty,,,,,,,,Gen11,,3.0,0.3,latest,fm_only,none,cuda,,
11,empty|Gen11,/data/home/llim/FMPCC/FM-PCC/logs/UAV_FM/uav-empty/plans(E7U3)/flow_matching_v3_uav/H8_Dmodels.diffusion.FlowMatchingODE,6,test,none,dpcc-c,dpcc-c,False,empty,,,,,,,,Gen11,,3.0,0.3,latest,fm_only,none,cuda,,
11,empty|Gen11,/data/home/llim/FMPCC/FM-PCC/logs/UAV_FM/uav-empty/plans(E7U3)/flow_matching_v3_uav/H8_Dmodels.diffusion.FlowMatchingODE,6,test,none,dpcc-r,dpcc-r,False,empty,,,,,,,,Gen11,,3.0,0.3,latest,fm_only,none,cuda,,
11,empty|Gen11,/data/home/llim/FMPCC/FM-PCC/logs/UAV_FM/uav-empty/plans(E7U3)/flow_matching_v3_uav/H8_Dmodels.diffusion.FlowMatchingODE,6,test,none,dpcc-t,dpcc-t,False,empty,,,,,,,,Gen11,,3.0,0.3,latest,fm_only,none,cuda,,
12,pillars|Gen11,/data/home/llim/FMPCC/FM-PCC/logs/UAV_FM/uav-pillars/flow_matching_v3_uav/H8_Dmodels.diffusion.FlowMatchingODE,6,test,eval(legacy),fm_only,fm_only,False,pillars,,,,,,,,Gen11,,4.0,,latest,fm_only,gif,cuda,,
13,pillars|Gen11,/data/home/llim/FMPCC/FM-PCC/logs/UAV_FM/uav-pillars/plans(Bf_DC-FIX)/flow_matching_v3_uav/H8_Dmodels.diffusion.FlowMatchingODE(12D_PID_with_anchor_P),6,test,diffuser_anchorP,diffuser,diffuser,False,pillars,,,,,,,,Gen11,,10.0,0.3,latest,fm_only,none,cuda,,
13,pillars|Gen11,/data/home/llim/FMPCC/FM-PCC/logs/UAV_FM/uav-pillars/plans(Bf_DC-FIX)/flow_matching_v3_uav/H8_Dmodels.diffusion.FlowMatchingODE(12D_PID_with_anchor_P),6,test,dpcc-c_anchorP,dpcc-c,dpcc-c,False,pillars,,,,,,,,Gen11,,10.0,0.3,latest,fm_only,none,cuda,,
13,pillars|Gen11,/data/home/llim/FMPCC/FM-PCC/logs/UAV_FM/uav-pillars/plans(Bf_DC-FIX)/flow_matching_v3_uav/H8_Dmodels.diffusion.FlowMatchingODE(12D_PID_with_anchor_P),6,test,dpcc-r_anchorP,dpcc-r,dpcc-r,False,pillars,,,,,,,,Gen11,,10.0,0.3,latest,fm_only,none,cuda,,
13,pillars|Gen11,/data/home/llim/FMPCC/FM-PCC/logs/UAV_FM/uav-pillars/plans(Bf_DC-FIX)/flow_matching_v3_uav/H8_Dmodels.diffusion.FlowMatchingODE(12D_PID_with_anchor_P),6,test,dpcc-t_anchorP,dpcc-t,dpcc-t,False,pillars,,,,,,,,Gen11,,10.0,0.3,latest,fm_only,none,cuda,,
13,pillars|Gen11,/data/home/llim/FMPCC/FM-PCC/logs/UAV_FM/uav-pillars/plans(Bf_DC-FIX)/flow_matching_v3_uav/H8_Dmodels.diffusion.FlowMatchingODE(12D_PID_with_anchor_P),6,test,gradient_anchorP,gradient,gradient,False,pillars,,,,,,,,Gen11,,10.0,0.3,latest,fm_only,none,cuda,,
13,pillars|Gen11,/data/home/llim/FMPCC/FM-PCC/logs/UAV_FM/uav-pillars/plans(Bf_DC-FIX)/flow_matching_v3_uav/H8_Dmodels.diffusion.FlowMatchingODE(12D_PID_with_anchor_P),6,test,model_free_anchorP,model_free,model_free,False,pillars,,,,,,,,Gen11,,10.0,0.3,latest,fm_only,none,cuda,,
13,pillars|Gen11,/data/home/llim/FMPCC/FM-PCC/logs/UAV_FM/uav-pillars/plans(Bf_DC-FIX)/flow_matching_v3_uav/H8_Dmodels.diffusion.FlowMatchingODE(12D_PID_with_anchor_P),6,test,post_processing_anchorP,post_processing,post_processing,False,pillars,,,,,,,,Gen11,,10.0,0.3,latest,fm_only,none,cuda,,
14,pillars|Gen11,/data/home/llim/FMPCC/FM-PCC/logs/UAV_FM/uav-pillars/plans(Bf_DC-FIX)/flow_matching_v3_uav/H8_Dmodels.diffusion.FlowMatchingODE_9D,6,test,diffuser_ctrlpid_stopgo,diffuser,diffuser,False,pillars,,,,,,,,Gen11,,2.0,0.3,latest,fm_only,gif,cuda,,
14,pillars|Gen11,/data/home/llim/FMPCC/FM-PCC/logs/UAV_FM/uav-pillars/plans(Bf_DC-FIX)/flow_matching_v3_uav/H8_Dmodels.diffusion.FlowMatchingODE_9D,6,test,dpcc-c_ctrlpid_stopgo,dpcc-c,dpcc-c,False,pillars,,,,,,,,Gen11,,2.0,0.3,latest,fm_only,gif,cuda,,
14,pillars|Gen11,/data/home/llim/FMPCC/FM-PCC/logs/UAV_FM/uav-pillars/plans(Bf_DC-FIX)/flow_matching_v3_uav/H8_Dmodels.diffusion.FlowMatchingODE_9D,6,test,dpcc-r_ctrlpid_stopgo,dpcc-r,dpcc-r,False,pillars,,,,,,,,Gen11,,2.0,0.3,latest,fm_only,gif,cuda,,
14,pillars|Gen11,/data/home/llim/FMPCC/FM-PCC/logs/UAV_FM/uav-pillars/plans(Bf_DC-FIX)/flow_matching_v3_uav/H8_Dmodels.diffusion.FlowMatchingODE_9D,6,test,dpcc-t_ctrlpid_stopgo,dpcc-t,dpcc-t,False,pillars,,,,,,,,Gen11,,2.0,0.3,latest,fm_only,gif,cuda,,
14,pillars|Gen11,/data/home/llim/FMPCC/FM-PCC/logs/UAV_FM/uav-pillars/plans(Bf_DC-FIX)/flow_matching_v3_uav/H8_Dmodels.diffusion.FlowMatchingODE_9D,6,test,gradient_ctrlpid_stopgo,gradient,gradient,False,pillars,,,,,,,,Gen11,,2.0,0.3,latest,fm_only,gif,cuda,,
14,pillars|Gen11,/data/home/llim/FMPCC/FM-PCC/logs/UAV_FM/uav-pillars/plans(Bf_DC-FIX)/flow_matching_v3_uav/H8_Dmodels.diffusion.FlowMatchingODE_9D,6,test,model_free_ctrlpid_stopgo,model_free,model_free,False,pillars,,,,,,,,Gen11,,2.0,0.3,latest,fm_only,gif,cuda,,
14,pillars|Gen11,/data/home/llim/FMPCC/FM-PCC/logs/UAV_FM/uav-pillars/plans(Bf_DC-FIX)/flow_matching_v3_uav/H8_Dmodels.diffusion.FlowMatchingODE_9D,6,test,post_processing_ctrlpid_stopgo,post_processing,post_processing,False,pillars,,,,,,,,Gen11,,2.0,0.3,latest,fm_only,gif,cuda,,
15,pillars|Gen11,/data/home/llim/FMPCC/FM-PCC/logs/UAV_FM/uav-pillars/plans(Bf_DC-FIX)/flow_matching_v3_uav/H8_Dmodels.diffusion.FlowMatchingODE_9D(pid_stop_go),6,test,diffuser_ctrlpid_stopgo,diffuser,diffuser,False,pillars,,,,,,,,Gen11,,10.0,0.3,latest,fm_only,none,cuda,,
15,pillars|Gen11,/data/home/llim/FMPCC/FM-PCC/logs/UAV_FM/uav-pillars/plans(Bf_DC-FIX)/flow_matching_v3_uav/H8_Dmodels.diffusion.FlowMatchingODE_9D(pid_stop_go),6,test,dpcc-c_ctrlpid_stopgo,dpcc-c,dpcc-c,False,pillars,,,,,,,,Gen11,,10.0,0.3,latest,fm_only,none,cuda,,
15,pillars|Gen11,/data/home/llim/FMPCC/FM-PCC/logs/UAV_FM/uav-pillars/plans(Bf_DC-FIX)/flow_matching_v3_uav/H8_Dmodels.diffusion.FlowMatchingODE_9D(pid_stop_go),6,test,dpcc-r_ctrlpid_stopgo,dpcc-r,dpcc-r,False,pillars,,,,,,,,Gen11,,10.0,0.3,latest,fm_only,none,cuda,,
15,pillars|Gen11,/data/home/llim/FMPCC/FM-PCC/logs/UAV_FM/uav-pillars/plans(Bf_DC-FIX)/flow_matching_v3_uav/H8_Dmodels.diffusion.FlowMatchingODE_9D(pid_stop_go),6,test,dpcc-t_ctrlpid_stopgo,dpcc-t,dpcc-t,False,pillars,,,,,,,,Gen11,,10.0,0.3,latest,fm_only,none,cuda,,
15,pillars|Gen11,/data/home/llim/FMPCC/FM-PCC/logs/UAV_FM/uav-pillars/plans(Bf_DC-FIX)/flow_matching_v3_uav/H8_Dmodels.diffusion.FlowMatchingODE_9D(pid_stop_go),6,test,gradient_ctrlpid_stopgo,gradient,gradient,False,pillars,,,,,,,,Gen11,,10.0,0.3,latest,fm_only,none,cuda,,
15,pillars|Gen11,/data/home/llim/FMPCC/FM-PCC/logs/UAV_FM/uav-pillars/plans(Bf_DC-FIX)/flow_matching_v3_uav/H8_Dmodels.diffusion.FlowMatchingODE_9D(pid_stop_go),6,test,model_free_ctrlpid_stopgo,model_free,model_free,False,pillars,,,,,,,,Gen11,,10.0,0.3,latest,fm_only,none,cuda,,
15,pillars|Gen11,/data/home/llim/FMPCC/FM-PCC/logs/UAV_FM/uav-pillars/plans(Bf_DC-FIX)/flow_matching_v3_uav/H8_Dmodels.diffusion.FlowMatchingODE_9D(pid_stop_go),6,test,post_processing_ctrlpid_stopgo,post_processing,post_processing,False,pillars,,,,,,,,Gen11,,10.0,0.3,latest,fm_only,none,cuda,,
16,pillars|K20|Gen11,/data/home/llim/FMPCC/FM-PCC/logs/UAV_FM/uav-pillars/plans(Bf_Fix14)/flow_matching_v3_uav/H8_Dmodels.diffusion.FlowMatchingODE_9D/K20_mpc4_pid_stopgo_T0.5,6,test,pillars_bounds+dynamics+geo_bounds+halfspace+obstacles,bounds_free,bounds_free,False,pillars,,20.0,4.0,pid_stopgo,0.5,,,Gen11,20.0,10.0,0.3,latest,fm_only,gif,cuda,,
16,pillars|K20|Gen11,/data/home/llim/FMPCC/FM-PCC/logs/UAV_FM/uav-pillars/plans(Bf_Fix14)/flow_matching_v3_uav/H8_Dmodels.diffusion.FlowMatchingODE_9D/K20_mpc4_pid_stopgo_T0.5,6,test,pillars_bounds+dynamics+geo_bounds+halfspace+obstacles,diffuser,diffuser,False,pillars,,20.0,4.0,pid_stopgo,0.5,,,Gen11,20.0,10.0,0.3,latest,fm_only,gif,cuda,,
16,pillars|K20|Gen11,/data/home/llim/FMPCC/FM-PCC/logs/UAV_FM/uav-pillars/plans(Bf_Fix14)/flow_matching_v3_uav/H8_Dmodels.diffusion.FlowMatchingODE_9D/K20_mpc4_pid_stopgo_T0.5,6,test,pillars_bounds+dynamics+geo_bounds+halfspace+obstacles,dpcc-r,dpcc-r,False,pillars,,20.0,4.0,pid_stopgo,0.5,,,Gen11,20.0,10.0,0.3,latest,fm_only,gif,cuda,,
16,pillars|K20|Gen11,/data/home/llim/FMPCC/FM-PCC/logs/UAV_FM/uav-pillars/plans(Bf_Fix14)/flow_matching_v3_uav/H8_Dmodels.diffusion.FlowMatchingODE_9D/K20_mpc4_pid_stopgo_T0.5,6,test,pillars_bounds+dynamics+geo_bounds+halfspace+obstacles,dpcc-r-tightened,dpcc-r,True,pillars,,20.0,4.0,pid_stopgo,0.5,,,Gen11,20.0,,,,,,,,
16,pillars|K20|Gen11,/data/home/llim/FMPCC/FM-PCC/logs/UAV_FM/uav-pillars/plans(Bf_Fix14)/flow_matching_v3_uav/H8_Dmodels.diffusion.FlowMatchingODE_9D/K20_mpc4_pid_stopgo_T0.5,6,test,pillars_bounds+dynamics+geo_bounds+halfspace+obstacles,geo_free,geo_free,False,pillars,,20.0,4.0,pid_stopgo,0.5,,,Gen11,20.0,10.0,0.3,latest,fm_only,gif,cuda,,
16,pillars|K20|Gen11,/data/home/llim/FMPCC/FM-PCC/logs/UAV_FM/uav-pillars/plans(Bf_Fix14)/flow_matching_v3_uav/H8_Dmodels.diffusion.FlowMatchingODE_9D/K20_mpc4_pid_stopgo_T0.5,6,test,pillars_bounds+dynamics+geo_bounds+halfspace+obstacles,geo_free-bounds_free,geo_free-bounds_free,False,pillars,,20.0,4.0,pid_stopgo,0.5,,,Gen11,20.0,10.0,0.3,latest,fm_only,gif,cuda,,
16,pillars|K20|Gen11,/data/home/llim/FMPCC/FM-PCC/logs/UAV_FM/uav-pillars/plans(Bf_Fix14)/flow_matching_v3_uav/H8_Dmodels.diffusion.FlowMatchingODE_9D/K20_mpc4_pid_stopgo_T0.5,6,test,pillars_bounds+dynamics+geo_bounds+halfspace+obstacles,geo_free-model_free,geo_free-model_free,False,pillars,,20.0,4.0,pid_stopgo,0.5,,,Gen11,20.0,10.0,0.3,latest,fm_only,gif,cuda,,
16,pillars|K20|Gen11,/data/home/llim/FMPCC/FM-PCC/logs/UAV_FM/uav-pillars/plans(Bf_Fix14)/flow_matching_v3_uav/H8_Dmodels.diffusion.FlowMatchingODE_9D/K20_mpc4_pid_stopgo_T0.5,6,test,pillars_bounds+dynamics+geo_bounds+halfspace+obstacles,gradient,gradient,False,pillars,,20.0,4.0,pid_stopgo,0.5,,,Gen11,20.0,10.0,0.3,latest,fm_only,gif,cuda,,
16,pillars|K20|Gen11,/data/home/llim/FMPCC/FM-PCC/logs/UAV_FM/uav-pillars/plans(Bf_Fix14)/flow_matching_v3_uav/H8_Dmodels.diffusion.FlowMatchingODE_9D/K20_mpc4_pid_stopgo_T0.5,6,test,pillars_bounds+dynamics+geo_bounds+halfspace+obstacles,gradient-tightened,gradient,True,pillars,,20.0,4.0,pid_stopgo,0.5,,,Gen11,20.0,10.0,0.3,latest,fm_only,gif,cuda,,
16,pillars|K20|Gen11,/data/home/llim/FMPCC/FM-PCC/logs/UAV_FM/uav-pillars/plans(Bf_Fix14)/flow_matching_v3_uav/H8_Dmodels.diffusion.FlowMatchingODE_9D/K20_mpc4_pid_stopgo_T0.5,6,test,pillars_bounds+dynamics+geo_bounds+halfspace+obstacles,model_free,model_free,False,pillars,,20.0,4.0,pid_stopgo,0.5,,,Gen11,20.0,10.0,0.3,latest,fm_only,gif,cuda,,
16,pillars|K20|Gen11,/data/home/llim/FMPCC/FM-PCC/logs/UAV_FM/uav-pillars/plans(Bf_Fix14)/flow_matching_v3_uav/H8_Dmodels.diffusion.FlowMatchingODE_9D/K20_mpc4_pid_stopgo_T0.5,6,test,pillars_bounds+dynamics+geo_bounds+halfspace+obstacles,model_free-tightened,model_free,True,pillars,,20.0,4.0,pid_stopgo,0.5,,,Gen11,20.0,10.0,0.3,latest,fm_only,gif,cuda,,
16,pillars|K20|Gen11,/data/home/llim/FMPCC/FM-PCC/logs/UAV_FM/uav-pillars/plans(Bf_Fix14)/flow_matching_v3_uav/H8_Dmodels.diffusion.FlowMatchingODE_9D/K20_mpc4_pid_stopgo_T0.5,6,test,pillars_bounds+dynamics+geo_bounds+halfspace+obstacles,post_processing,post_processing,False,pillars,,20.0,4.0,pid_stopgo,0.5,,,Gen11,20.0,10.0,0.3,latest,fm_only,gif,cuda,,
16,pillars|K20|Gen11,/data/home/llim/FMPCC/FM-PCC/logs/UAV_FM/uav-pillars/plans(Bf_Fix14)/flow_matching_v3_uav/H8_Dmodels.diffusion.FlowMatchingODE_9D/K20_mpc4_pid_stopgo_T0.5,6,test,pillars_bounds+dynamics+geo_bounds+halfspace+obstacles,post_processing-tightened,post_processing,True,pillars,,20.0,4.0,pid_stopgo,0.5,,,Gen11,20.0,10.0,0.3,latest,fm_only,gif,cuda,,
17,pillars|K20|Gen11,/data/home/llim/FMPCC/FM-PCC/logs/UAV_FM/uav-pillars/plans(Bf_U8)/flow_matching_v3_uav/H8_Dmodels.diffusion.FlowMatchingODE_9D/K20_mpc4_mjpc_T0.5,6,test,none,diffuser,diffuser,False,pillars,,20.0,4.0,mjpc,0.5,,,Gen11,20.0,5.0,0.3,latest,fm_only,gif,cuda,,
17,pillars|K20|Gen11,/data/home/llim/FMPCC/FM-PCC/logs/UAV_FM/uav-pillars/plans(Bf_U8)/flow_matching_v3_uav/H8_Dmodels.diffusion.FlowMatchingODE_9D/K20_mpc4_mjpc_T0.5,6,test,none,dpcc-c,dpcc-c,False,pillars,,20.0,4.0,mjpc,0.5,,,Gen11,20.0,5.0,0.3,latest,fm_only,gif,cuda,,
17,pillars|K20|Gen11,/data/home/llim/FMPCC/FM-PCC/logs/UAV_FM/uav-pillars/plans(Bf_U8)/flow_matching_v3_uav/H8_Dmodels.diffusion.FlowMatchingODE_9D/K20_mpc4_mjpc_T0.5,6,test,none,dpcc-r,dpcc-r,False,pillars,,20.0,4.0,mjpc,0.5,,,Gen11,20.0,5.0,0.3,latest,fm_only,gif,cuda,,
17,pillars|K20|Gen11,/data/home/llim/FMPCC/FM-PCC/logs/UAV_FM/uav-pillars/plans(Bf_U8)/flow_matching_v3_uav/H8_Dmodels.diffusion.FlowMatchingODE_9D/K20_mpc4_mjpc_T0.5,6,test,none,dpcc-t,dpcc-t,False,pillars,,20.0,4.0,mjpc,0.5,,,Gen11,20.0,5.0,0.3,latest,fm_only,gif,cuda,,
17,pillars|K20|Gen11,/data/home/llim/FMPCC/FM-PCC/logs/UAV_FM/uav-pillars/plans(Bf_U8)/flow_matching_v3_uav/H8_Dmodels.diffusion.FlowMatchingODE_9D/K20_mpc4_mjpc_T0.5,6,test,none,gradient,gradient,False,pillars,,20.0,4.0,mjpc,0.5,,,Gen11,20.0,5.0,0.3,latest,fm_only,gif,cuda,,
17,pillars|K20|Gen11,/data/home/llim/FMPCC/FM-PCC/logs/UAV_FM/uav-pillars/plans(Bf_U8)/flow_matching_v3_uav/H8_Dmodels.diffusion.FlowMatchingODE_9D/K20_mpc4_mjpc_T0.5,6,test,none,model_free,model_free,False,pillars,,20.0,4.0,mjpc,0.5,,,Gen11,20.0,5.0,0.3,latest,fm_only,gif,cuda,,
17,pillars|K20|Gen11,/data/home/llim/FMPCC/FM-PCC/logs/UAV_FM/uav-pillars/plans(Bf_U8)/flow_matching_v3_uav/H8_Dmodels.diffusion.FlowMatchingODE_9D/K20_mpc4_mjpc_T0.5,6,test,none,post_processing,post_processing,False,pillars,,20.0,4.0,mjpc,0.5,,,Gen11,20.0,5.0,0.3,latest,fm_only,gif,cuda,,
18,pillars|K20|Gen11,/data/home/llim/FMPCC/FM-PCC/logs/UAV_FM/uav-pillars/plans(Bf_U8)/flow_matching_v3_uav/H8_Dmodels.diffusion.FlowMatchingODE_9D/K20_mpc4_pid_const_v_T0.5,6,test,none,diffuser,diffuser,False,pillars,,20.0,4.0,pid_const_v,0.5,,,Gen11,20.0,5.0,0.3,latest,fm_only,gif,cuda,,
18,pillars|K20|Gen11,/data/home/llim/FMPCC/FM-PCC/logs/UAV_FM/uav-pillars/plans(Bf_U8)/flow_matching_v3_uav/H8_Dmodels.diffusion.FlowMatchingODE_9D/K20_mpc4_pid_const_v_T0.5,6,test,none,dpcc-c,dpcc-c,False,pillars,,20.0,4.0,pid_const_v,0.5,,,Gen11,20.0,5.0,0.3,latest,fm_only,gif,cuda,,
18,pillars|K20|Gen11,/data/home/llim/FMPCC/FM-PCC/logs/UAV_FM/uav-pillars/plans(Bf_U8)/flow_matching_v3_uav/H8_Dmodels.diffusion.FlowMatchingODE_9D/K20_mpc4_pid_const_v_T0.5,6,test,none,dpcc-r,dpcc-r,False,pillars,,20.0,4.0,pid_const_v,0.5,,,Gen11,20.0,5.0,0.3,latest,fm_only,gif,cuda,,
18,pillars|K20|Gen11,/data/home/llim/FMPCC/FM-PCC/logs/UAV_FM/uav-pillars/plans(Bf_U8)/flow_matching_v3_uav/H8_Dmodels.diffusion.FlowMatchingODE_9D/K20_mpc4_pid_const_v_T0.5,6,test,none,dpcc-t,dpcc-t,False,pillars,,20.0,4.0,pid_const_v,0.5,,,Gen11,20.0,5.0,0.3,latest,fm_only,gif,cuda,,
18,pillars|K20|Gen11,/data/home/llim/FMPCC/FM-PCC/logs/UAV_FM/uav-pillars/plans(Bf_U8)/flow_matching_v3_uav/H8_Dmodels.diffusion.FlowMatchingODE_9D/K20_mpc4_pid_const_v_T0.5,6,test,none,gradient,gradient,False,pillars,,20.0,4.0,pid_const_v,0.5,,,Gen11,20.0,5.0,0.3,latest,fm_only,gif,cuda,,
18,pillars|K20|Gen11,/data/home/llim/FMPCC/FM-PCC/logs/UAV_FM/uav-pillars/plans(Bf_U8)/flow_matching_v3_uav/H8_Dmodels.diffusion.FlowMatchingODE_9D/K20_mpc4_pid_const_v_T0.5,6,test,none,model_free,model_free,False,pillars,,20.0,4.0,pid_const_v,0.5,,,Gen11,20.0,5.0,0.3,latest,fm_only,gif,cuda,,
18,pillars|K20|Gen11,/data/home/llim/FMPCC/FM-PCC/logs/UAV_FM/uav-pillars/plans(Bf_U8)/flow_matching_v3_uav/H8_Dmodels.diffusion.FlowMatchingODE_9D/K20_mpc4_pid_const_v_T0.5,6,test,none,post_processing,post_processing,False,pillars,,20.0,4.0,pid_const_v,0.5,,,Gen11,20.0,5.0,0.3,latest,fm_only,gif,cuda,,
19,pillars|K20|Gen11,/data/home/llim/FMPCC/FM-PCC/logs/UAV_FM/uav-pillars/plans(Bf_U8)/flow_matching_v3_uav/H8_Dmodels.diffusion.FlowMatchingODE_9D/K20_mpc4_pid_stopgo_T0.5,6,test,(Fix4_action+geo_bounds) pillars_bounds+dynamics+halfspace+obstacles,diffuser,diffuser,False,pillars,,20.0,4.0,pid_stopgo,0.5,,,Gen11,20.0,10.0,0.3,latest,fm_only,gif,cuda,,
19,pillars|K20|Gen11,/data/home/llim/FMPCC/FM-PCC/logs/UAV_FM/uav-pillars/plans(Bf_U8)/flow_matching_v3_uav/H8_Dmodels.diffusion.FlowMatchingODE_9D/K20_mpc4_pid_stopgo_T0.5,6,test,(Fix4_action+geo_bounds) pillars_bounds+dynamics+halfspace+obstacles,dpcc-r,dpcc-r,False,pillars,,20.0,4.0,pid_stopgo,0.5,,,Gen11,20.0,,,,,,,,
19,pillars|K20|Gen11,/data/home/llim/FMPCC/FM-PCC/logs/UAV_FM/uav-pillars/plans(Bf_U8)/flow_matching_v3_uav/H8_Dmodels.diffusion.FlowMatchingODE_9D/K20_mpc4_pid_stopgo_T0.5,6,test,(Fix4_action+geo_bounds) pillars_bounds+dynamics+halfspace+obstacles,gradient,gradient,False,pillars,,20.0,4.0,pid_stopgo,0.5,,,Gen11,20.0,10.0,0.3,latest,fm_only,gif,cuda,,
19,pillars|K20|Gen11,/data/home/llim/FMPCC/FM-PCC/logs/UAV_FM/uav-pillars/plans(Bf_U8)/flow_matching_v3_uav/H8_Dmodels.diffusion.FlowMatchingODE_9D/K20_mpc4_pid_stopgo_T0.5,6,test,(Fix4_action+geo_bounds) pillars_bounds+dynamics+halfspace+obstacles,gradient-tightened,gradient,True,pillars,,20.0,4.0,pid_stopgo,0.5,,,Gen11,20.0,10.0,0.3,latest,fm_only,gif,cuda,,
19,pillars|K20|Gen11,/data/home/llim/FMPCC/FM-PCC/logs/UAV_FM/uav-pillars/plans(Bf_U8)/flow_matching_v3_uav/H8_Dmodels.diffusion.FlowMatchingODE_9D/K20_mpc4_pid_stopgo_T0.5,6,test,(Fix4_action+geo_bounds) pillars_bounds+dynamics+halfspace+obstacles,model_free,model_free,False,pillars,,20.0,4.0,pid_stopgo,0.5,,,Gen11,20.0,10.0,0.3,latest,fm_only,gif,cuda,,
19,pillars|K20|Gen11,/data/home/llim/FMPCC/FM-PCC/logs/UAV_FM/uav-pillars/plans(Bf_U8)/flow_matching_v3_uav/H8_Dmodels.diffusion.FlowMatchingODE_9D/K20_mpc4_pid_stopgo_T0.5,6,test,(Fix4_action+geo_bounds) pillars_bounds+dynamics+halfspace+obstacles,model_free-tightened,model_free,True,pillars,,20.0,4.0,pid_stopgo,0.5,,,Gen11,20.0,10.0,0.3,latest,fm_only,gif,cuda,,
19,pillars|K20|Gen11,/data/home/llim/FMPCC/FM-PCC/logs/UAV_FM/uav-pillars/plans(Bf_U8)/flow_matching_v3_uav/H8_Dmodels.diffusion.FlowMatchingODE_9D/K20_mpc4_pid_stopgo_T0.5,6,test,(Fix4_action+geo_bounds) pillars_bounds+dynamics+halfspace+obstacles,post_processing,post_processing,False,pillars,,20.0,4.0,pid_stopgo,0.5,,,Gen11,20.0,10.0,0.3,latest,fm_only,gif,cuda,,
19,pillars|K20|Gen11,/data/home/llim/FMPCC/FM-PCC/logs/UAV_FM/uav-pillars/plans(Bf_U8)/flow_matching_v3_uav/H8_Dmodels.diffusion.FlowMatchingODE_9D/K20_mpc4_pid_stopgo_T0.5,6,test,(Fix4_action+geo_bounds) pillars_bounds+dynamics+halfspace+obstacles,post_processing-tightened,post_processing,True,pillars,,20.0,4.0,pid_stopgo,0.5,,,Gen11,20.0,10.0,0.3,latest,fm_only,gif,cuda,,
19,pillars|K20|Gen11,/data/home/llim/FMPCC/FM-PCC/logs/UAV_FM/uav-pillars/plans(Bf_U8)/flow_matching_v3_uav/H8_Dmodels.diffusion.FlowMatchingODE_9D/K20_mpc4_pid_stopgo_T0.5,6,test,none,diffuser,diffuser,False,pillars,,20.0,4.0,pid_stopgo,0.5,,,Gen11,20.0,5.0,0.3,latest,fm_only,gif,cuda,,
19,pillars|K20|Gen11,/data/home/llim/FMPCC/FM-PCC/logs/UAV_FM/uav-pillars/plans(Bf_U8)/flow_matching_v3_uav/H8_Dmodels.diffusion.FlowMatchingODE_9D/K20_mpc4_pid_stopgo_T0.5,6,test,none,dpcc-c,dpcc-c,False,pillars,,20.0,4.0,pid_stopgo,0.5,,,Gen11,20.0,5.0,0.3,latest,fm_only,gif,cuda,,
19,pillars|K20|Gen11,/data/home/llim/FMPCC/FM-PCC/logs/UAV_FM/uav-pillars/plans(Bf_U8)/flow_matching_v3_uav/H8_Dmodels.diffusion.FlowMatchingODE_9D/K20_mpc4_pid_stopgo_T0.5,6,test,none,dpcc-r,dpcc-r,False,pillars,,20.0,4.0,pid_stopgo,0.5,,,Gen11,20.0,5.0,0.3,latest,fm_only,gif,cuda,,
19,pillars|K20|Gen11,/data/home/llim/FMPCC/FM-PCC/logs/UAV_FM/uav-pillars/plans(Bf_U8)/flow_matching_v3_uav/H8_Dmodels.diffusion.FlowMatchingODE_9D/K20_mpc4_pid_stopgo_T0.5,6,test,none,dpcc-t,dpcc-t,False,pillars,,20.0,4.0,pid_stopgo,0.5,,,Gen11,20.0,5.0,0.3,latest,fm_only,gif,cuda,,
19,pillars|K20|Gen11,/data/home/llim/FMPCC/FM-PCC/logs/UAV_FM/uav-pillars/plans(Bf_U8)/flow_matching_v3_uav/H8_Dmodels.diffusion.FlowMatchingODE_9D/K20_mpc4_pid_stopgo_T0.5,6,test,none,gradient,gradient,False,pillars,,20.0,4.0,pid_stopgo,0.5,,,Gen11,20.0,5.0,0.3,latest,fm_only,gif,cuda,,
19,pillars|K20|Gen11,/data/home/llim/FMPCC/FM-PCC/logs/UAV_FM/uav-pillars/plans(Bf_U8)/flow_matching_v3_uav/H8_Dmodels.diffusion.FlowMatchingODE_9D/K20_mpc4_pid_stopgo_T0.5,6,test,none,model_free,model_free,False,pillars,,20.0,4.0,pid_stopgo,0.5,,,Gen11,20.0,5.0,0.3,latest,fm_only,gif,cuda,,
19,pillars|K20|Gen11,/data/home/llim/FMPCC/FM-PCC/logs/UAV_FM/uav-pillars/plans(Bf_U8)/flow_matching_v3_uav/H8_Dmodels.diffusion.FlowMatchingODE_9D/K20_mpc4_pid_stopgo_T0.5,6,test,none,post_processing,post_processing,False,pillars,,20.0,4.0,pid_stopgo,0.5,,,Gen11,20.0,5.0,0.3,latest,fm_only,gif,cuda,,
20,pillars|Gen11,/data/home/llim/FMPCC/FM-PCC/logs/UAV_FM/uav-pillars/plans(E7_U3)/flow_matching_v3_uav/H8_Dmodels.diffusion.FlowMatchingODE,6,test,none,diffuser,diffuser,False,pillars,,,,,,,,Gen11,,2.0,0.3,latest,fm_only,gif,cuda,,
20,pillars|Gen11,/data/home/llim/FMPCC/FM-PCC/logs/UAV_FM/uav-pillars/plans(E7_U3)/flow_matching_v3_uav/H8_Dmodels.diffusion.FlowMatchingODE,6,test,none,dpcc-c,dpcc-c,False,pillars,,,,,,,,Gen11,,2.0,0.3,latest,fm_only,gif,cuda,,
20,pillars|Gen11,/data/home/llim/FMPCC/FM-PCC/logs/UAV_FM/uav-pillars/plans(E7_U3)/flow_matching_v3_uav/H8_Dmodels.diffusion.FlowMatchingODE,6,test,none,dpcc-r,dpcc-r,False,pillars,,,,,,,,Gen11,,2.0,0.3,latest,fm_only,gif,cuda,,
20,pillars|Gen11,/data/home/llim/FMPCC/FM-PCC/logs/UAV_FM/uav-pillars/plans(E7_U3)/flow_matching_v3_uav/H8_Dmodels.diffusion.FlowMatchingODE,6,test,none,dpcc-t,dpcc-t,False,pillars,,,,,,,,Gen11,,2.0,0.3,latest,fm_only,gif,cuda,,
21,pillars|Gen11,/data/home/llim/FMPCC/FM-PCC/logs/UAV_FM/uav-pillars/plans(U1)/flow_matching_v3_uav/H8_Dmodels.diffusion.FlowMatchingODE,6,test,none,diffuser,diffuser,False,pillars,,,,,,,,Gen11,,2.0,0.3,latest,fm_only,gif,cuda,,
21,pillars|Gen11,/data/home/llim/FMPCC/FM-PCC/logs/UAV_FM/uav-pillars/plans(U1)/flow_matching_v3_uav/H8_Dmodels.diffusion.FlowMatchingODE,6,test,none,dpcc-c,dpcc-c,False,pillars,,,,,,,,Gen11,,2.0,0.3,latest,fm_only,gif,cuda,,
21,pillars|Gen11,/data/home/llim/FMPCC/FM-PCC/logs/UAV_FM/uav-pillars/plans(U1)/flow_matching_v3_uav/H8_Dmodels.diffusion.FlowMatchingODE,6,test,none,dpcc-r,dpcc-r,False,pillars,,,,,,,,Gen11,,2.0,0.3,latest,fm_only,gif,cuda,,
21,pillars|Gen11,/data/home/llim/FMPCC/FM-PCC/logs/UAV_FM/uav-pillars/plans(U1)/flow_matching_v3_uav/H8_Dmodels.diffusion.FlowMatchingODE,6,test,none,dpcc-t,dpcc-t,False,pillars,,,,,,,,Gen11,,2.0,0.3,latest,fm_only,gif,cuda,,
22,pillars|K20|Gen11,/data/home/llim/FMPCC/FM-PCC/logs/UAV_FM/uav-pillars/plans/flow_matching_v3_uav/H8_Dmodels.diffusion.FlowMatchingODE_9D/K20_mpc4_pid_stopgo_T0.5,6,test,pillars_bounds+dynamics+geo_bounds+obstacles,bounds_free,bounds_free,False,pillars,,20.0,4.0,pid_stopgo,0.5,,,Gen11,20.0,10.0,0.3,latest,fm_only,gif,cuda,,
22,pillars|K20|Gen11,/data/home/llim/FMPCC/FM-PCC/logs/UAV_FM/uav-pillars/plans/flow_matching_v3_uav/H8_Dmodels.diffusion.FlowMatchingODE_9D/K20_mpc4_pid_stopgo_T0.5,6,test,pillars_bounds+dynamics+geo_bounds+obstacles,bounds_free-tightened,bounds_free,True,pillars,,20.0,4.0,pid_stopgo,0.5,,,Gen11,20.0,10.0,0.3,latest,fm_only,gif,cuda,,
22,pillars|K20|Gen11,/data/home/llim/FMPCC/FM-PCC/logs/UAV_FM/uav-pillars/plans/flow_matching_v3_uav/H8_Dmodels.diffusion.FlowMatchingODE_9D/K20_mpc4_pid_stopgo_T0.5,6,test,pillars_bounds+dynamics+geo_bounds+obstacles,diffuser,diffuser,False,pillars,,20.0,4.0,pid_stopgo,0.5,,,Gen11,20.0,10.0,0.3,latest,fm_only,gif,cuda,,
22,pillars|K20|Gen11,/data/home/llim/FMPCC/FM-PCC/logs/UAV_FM/uav-pillars/plans/flow_matching_v3_uav/H8_Dmodels.diffusion.FlowMatchingODE_9D/K20_mpc4_pid_stopgo_T0.5,6,test,pillars_bounds+dynamics+geo_bounds+obstacles,geo_free,geo_free,False,pillars,,20.0,4.0,pid_stopgo,0.5,,,Gen11,20.0,10.0,0.3,latest,fm_only,gif,cuda,,
22,pillars|K20|Gen11,/data/home/llim/FMPCC/FM-PCC/logs/UAV_FM/uav-pillars/plans/flow_matching_v3_uav/H8_Dmodels.diffusion.FlowMatchingODE_9D/K20_mpc4_pid_stopgo_T0.5,6,test,pillars_bounds+dynamics+geo_bounds+obstacles,geo_free-bounds_free,geo_free-bounds_free,False,pillars,,20.0,4.0,pid_stopgo,0.5,,,Gen11,20.0,10.0,0.3,latest,fm_only,gif,cuda,,
22,pillars|K20|Gen11,/data/home/llim/FMPCC/FM-PCC/logs/UAV_FM/uav-pillars/plans/flow_matching_v3_uav/H8_Dmodels.diffusion.FlowMatchingODE_9D/K20_mpc4_pid_stopgo_T0.5,6,test,pillars_bounds+dynamics+geo_bounds+obstacles,geo_free-model_free,geo_free-model_free,False,pillars,,20.0,4.0,pid_stopgo,0.5,,,Gen11,20.0,10.0,0.3,latest,fm_only,gif,cuda,,
22,pillars|K20|Gen11,/data/home/llim/FMPCC/FM-PCC/logs/UAV_FM/uav-pillars/plans/flow_matching_v3_uav/H8_Dmodels.diffusion.FlowMatchingODE_9D/K20_mpc4_pid_stopgo_T0.5,6,test,pillars_bounds+dynamics+geo_bounds+obstacles,gradient,gradient,False,pillars,,20.0,4.0,pid_stopgo,0.5,,,Gen11,20.0,10.0,0.3,latest,fm_only,gif,cuda,,
22,pillars|K20|Gen11,/data/home/llim/FMPCC/FM-PCC/logs/UAV_FM/uav-pillars/plans/flow_matching_v3_uav/H8_Dmodels.diffusion.FlowMatchingODE_9D/K20_mpc4_pid_stopgo_T0.5,6,test,pillars_bounds+dynamics+geo_bounds+obstacles,gradient-tightened,gradient,True,pillars,,20.0,4.0,pid_stopgo,0.5,,,Gen11,20.0,10.0,0.3,latest,fm_only,gif,cuda,,
22,pillars|K20|Gen11,/data/home/llim/FMPCC/FM-PCC/logs/UAV_FM/uav-pillars/plans/flow_matching_v3_uav/H8_Dmodels.diffusion.FlowMatchingODE_9D/K20_mpc4_pid_stopgo_T0.5,6,test,pillars_bounds+dynamics+geo_bounds+obstacles,model_free,model_free,False,pillars,,20.0,4.0,pid_stopgo,0.5,,,Gen11,20.0,10.0,0.3,latest,fm_only,gif,cuda,,
22,pillars|K20|Gen11,/data/home/llim/FMPCC/FM-PCC/logs/UAV_FM/uav-pillars/plans/flow_matching_v3_uav/H8_Dmodels.diffusion.FlowMatchingODE_9D/K20_mpc4_pid_stopgo_T0.5,6,test,pillars_bounds+dynamics+geo_bounds+obstacles,model_free-bounds_free,model_free-bounds_free,False,pillars,,20.0,4.0,pid_stopgo,0.5,,,Gen11,20.0,10.0,0.3,latest,fm_only,gif,cuda,,
22,pillars|K20|Gen11,/data/home/llim/FMPCC/FM-PCC/logs/UAV_FM/uav-pillars/plans/flow_matching_v3_uav/H8_Dmodels.diffusion.FlowMatchingODE_9D/K20_mpc4_pid_stopgo_T0.5,6,test,pillars_bounds+dynamics+geo_bounds+obstacles,model_free-bounds_free-tightened,model_free-bounds_free,True,pillars,,20.0,4.0,pid_stopgo,0.5,,,Gen11,20.0,10.0,0.3,latest,fm_only,gif,cuda,,
22,pillars|K20|Gen11,/data/home/llim/FMPCC/FM-PCC/logs/UAV_FM/uav-pillars/plans/flow_matching_v3_uav/H8_Dmodels.diffusion.FlowMatchingODE_9D/K20_mpc4_pid_stopgo_T0.5,6,test,pillars_bounds+dynamics+geo_bounds+obstacles,model_free-tightened,model_free,True,pillars,,20.0,4.0,pid_stopgo,0.5,,,Gen11,20.0,10.0,0.3,latest,fm_only,gif,cuda,,
22,pillars|K20|Gen11,/data/home/llim/FMPCC/FM-PCC/logs/UAV_FM/uav-pillars/plans/flow_matching_v3_uav/H8_Dmodels.diffusion.FlowMatchingODE_9D/K20_mpc4_pid_stopgo_T0.5,6,test,pillars_bounds+dynamics+geo_bounds+obstacles,post_processing,post_processing,False,pillars,,20.0,4.0,pid_stopgo,0.5,,,Gen11,20.0,10.0,0.3,latest,fm_only,gif,cuda,,
22,pillars|K20|Gen11,/data/home/llim/FMPCC/FM-PCC/logs/UAV_FM/uav-pillars/plans/flow_matching_v3_uav/H8_Dmodels.diffusion.FlowMatchingODE_9D/K20_mpc4_pid_stopgo_T0.5,6,test,pillars_bounds+dynamics+geo_bounds+obstacles,post_processing-tightened,post_processing,True,pillars,,20.0,4.0,pid_stopgo,0.5,,,Gen11,20.0,10.0,0.3,latest,fm_only,gif,cuda,,
23,s_curve|Gen11,/data/home/llim/FMPCC/FM-PCC/logs/UAV_FM/uav-s_curve/plans(Bf_DC-FIX)/flow_matching_v3_uav/H8_Dmodels.diffusion.FlowMatchingODE,6,test,diffuser_anchorP,diffuser,diffuser,False,s_curve,,,,,,,,Gen11,,10.0,0.3,latest,fm_only,none,cuda,,
23,s_curve|Gen11,/data/home/llim/FMPCC/FM-PCC/logs/UAV_FM/uav-s_curve/plans(Bf_DC-FIX)/flow_matching_v3_uav/H8_Dmodels.diffusion.FlowMatchingODE,6,test,dpcc-c_anchorP,dpcc-c,dpcc-c,False,s_curve,,,,,,,,Gen11,,10.0,0.3,latest,fm_only,none,cuda,,
23,s_curve|Gen11,/data/home/llim/FMPCC/FM-PCC/logs/UAV_FM/uav-s_curve/plans(Bf_DC-FIX)/flow_matching_v3_uav/H8_Dmodels.diffusion.FlowMatchingODE,6,test,dpcc-r_anchorP,dpcc-r,dpcc-r,False,s_curve,,,,,,,,Gen11,,10.0,0.3,latest,fm_only,none,cuda,,
23,s_curve|Gen11,/data/home/llim/FMPCC/FM-PCC/logs/UAV_FM/uav-s_curve/plans(Bf_DC-FIX)/flow_matching_v3_uav/H8_Dmodels.diffusion.FlowMatchingODE,6,test,dpcc-t_anchorP,dpcc-t,dpcc-t,False,s_curve,,,,,,,,Gen11,,10.0,0.3,latest,fm_only,none,cuda,,
23,s_curve|Gen11,/data/home/llim/FMPCC/FM-PCC/logs/UAV_FM/uav-s_curve/plans(Bf_DC-FIX)/flow_matching_v3_uav/H8_Dmodels.diffusion.FlowMatchingODE,6,test,gradient_anchorP,gradient,gradient,False,s_curve,,,,,,,,Gen11,,10.0,0.3,latest,fm_only,none,cuda,,
23,s_curve|Gen11,/data/home/llim/FMPCC/FM-PCC/logs/UAV_FM/uav-s_curve/plans(Bf_DC-FIX)/flow_matching_v3_uav/H8_Dmodels.diffusion.FlowMatchingODE,6,test,model_free_anchorP,model_free,model_free,False,s_curve,,,,,,,,Gen11,,10.0,0.3,latest,fm_only,none,cuda,,
23,s_curve|Gen11,/data/home/llim/FMPCC/FM-PCC/logs/UAV_FM/uav-s_curve/plans(Bf_DC-FIX)/flow_matching_v3_uav/H8_Dmodels.diffusion.FlowMatchingODE,6,test,post_processing_anchorP,post_processing,post_processing,False,s_curve,,,,,,,,Gen11,,10.0,0.3,latest,fm_only,none,cuda,,
24,s_curve|K20|Gen11,/data/home/llim/FMPCC/FM-PCC/logs/UAV_FM/uav-s_curve/plans(Bf_DC-FIX)/flow_matching_v3_uav/H8_Dmodels.diffusion.FlowMatchingODE_9D/K20_mpc4_pid_stopgo_T0.5,6,test,none,diffuser,diffuser,False,s_curve,,20.0,4.0,pid_stopgo,0.5,,,Gen11,20.0,20.0,0.3,latest,fm_only,none,cuda,,
24,s_curve|K20|Gen11,/data/home/llim/FMPCC/FM-PCC/logs/UAV_FM/uav-s_curve/plans(Bf_DC-FIX)/flow_matching_v3_uav/H8_Dmodels.diffusion.FlowMatchingODE_9D/K20_mpc4_pid_stopgo_T0.5,6,test,none,dpcc-c,dpcc-c,False,s_curve,,20.0,4.0,pid_stopgo,0.5,,,Gen11,20.0,20.0,0.3,latest,fm_only,none,cuda,,
24,s_curve|K20|Gen11,/data/home/llim/FMPCC/FM-PCC/logs/UAV_FM/uav-s_curve/plans(Bf_DC-FIX)/flow_matching_v3_uav/H8_Dmodels.diffusion.FlowMatchingODE_9D/K20_mpc4_pid_stopgo_T0.5,6,test,none,dpcc-r,dpcc-r,False,s_curve,,20.0,4.0,pid_stopgo,0.5,,,Gen11,20.0,20.0,0.3,latest,fm_only,none,cuda,,
24,s_curve|K20|Gen11,/data/home/llim/FMPCC/FM-PCC/logs/UAV_FM/uav-s_curve/plans(Bf_DC-FIX)/flow_matching_v3_uav/H8_Dmodels.diffusion.FlowMatchingODE_9D/K20_mpc4_pid_stopgo_T0.5,6,test,none,dpcc-t,dpcc-t,False,s_curve,,20.0,4.0,pid_stopgo,0.5,,,Gen11,20.0,20.0,0.3,latest,fm_only,none,cuda,,
24,s_curve|K20|Gen11,/data/home/llim/FMPCC/FM-PCC/logs/UAV_FM/uav-s_curve/plans(Bf_DC-FIX)/flow_matching_v3_uav/H8_Dmodels.diffusion.FlowMatchingODE_9D/K20_mpc4_pid_stopgo_T0.5,6,test,none,gradient,gradient,False,s_curve,,20.0,4.0,pid_stopgo,0.5,,,Gen11,20.0,20.0,0.3,latest,fm_only,none,cuda,,
24,s_curve|K20|Gen11,/data/home/llim/FMPCC/FM-PCC/logs/UAV_FM/uav-s_curve/plans(Bf_DC-FIX)/flow_matching_v3_uav/H8_Dmodels.diffusion.FlowMatchingODE_9D/K20_mpc4_pid_stopgo_T0.5,6,test,none,model_free,model_free,False,s_curve,,20.0,4.0,pid_stopgo,0.5,,,Gen11,20.0,20.0,0.3,latest,fm_only,none,cuda,,
24,s_curve|K20|Gen11,/data/home/llim/FMPCC/FM-PCC/logs/UAV_FM/uav-s_curve/plans(Bf_DC-FIX)/flow_matching_v3_uav/H8_Dmodels.diffusion.FlowMatchingODE_9D/K20_mpc4_pid_stopgo_T0.5,6,test,none,post_processing,post_processing,False,s_curve,,20.0,4.0,pid_stopgo,0.5,,,Gen11,20.0,20.0,0.3,latest,fm_only,none,cuda,,
25,s_curve|K20|Gen11,/data/home/llim/FMPCC/FM-PCC/logs/UAV_FM/uav-s_curve/plans(Bf_DC-FIX)/flow_matching_v3_uav/H8_Dmodels.diffusion.FlowMatchingODE_9D/K20_mpc4_pid_stopgo_anchorP_T0.5,6,test,none,diffuser,diffuser,False,s_curve,,20.0,4.0,pid_stopgo_anchorP,0.5,,,Gen11,20.0,20.0,0.3,latest,fm_only,gif,cuda,,
25,s_curve|K20|Gen11,/data/home/llim/FMPCC/FM-PCC/logs/UAV_FM/uav-s_curve/plans(Bf_DC-FIX)/flow_matching_v3_uav/H8_Dmodels.diffusion.FlowMatchingODE_9D/K20_mpc4_pid_stopgo_anchorP_T0.5,6,test,none,dpcc-c,dpcc-c,False,s_curve,,20.0,4.0,pid_stopgo_anchorP,0.5,,,Gen11,20.0,20.0,0.3,latest,fm_only,gif,cuda,,
25,s_curve|K20|Gen11,/data/home/llim/FMPCC/FM-PCC/logs/UAV_FM/uav-s_curve/plans(Bf_DC-FIX)/flow_matching_v3_uav/H8_Dmodels.diffusion.FlowMatchingODE_9D/K20_mpc4_pid_stopgo_anchorP_T0.5,6,test,none,dpcc-r,dpcc-r,False,s_curve,,20.0,4.0,pid_stopgo_anchorP,0.5,,,Gen11,20.0,20.0,0.3,latest,fm_only,gif,cuda,,
25,s_curve|K20|Gen11,/data/home/llim/FMPCC/FM-PCC/logs/UAV_FM/uav-s_curve/plans(Bf_DC-FIX)/flow_matching_v3_uav/H8_Dmodels.diffusion.FlowMatchingODE_9D/K20_mpc4_pid_stopgo_anchorP_T0.5,6,test,none,dpcc-t,dpcc-t,False,s_curve,,20.0,4.0,pid_stopgo_anchorP,0.5,,,Gen11,20.0,20.0,0.3,latest,fm_only,gif,cuda,,
25,s_curve|K20|Gen11,/data/home/llim/FMPCC/FM-PCC/logs/UAV_FM/uav-s_curve/plans(Bf_DC-FIX)/flow_matching_v3_uav/H8_Dmodels.diffusion.FlowMatchingODE_9D/K20_mpc4_pid_stopgo_anchorP_T0.5,6,test,none,gradient,gradient,False,s_curve,,20.0,4.0,pid_stopgo_anchorP,0.5,,,Gen11,20.0,20.0,0.3,latest,fm_only,gif,cuda,,
25,s_curve|K20|Gen11,/data/home/llim/FMPCC/FM-PCC/logs/UAV_FM/uav-s_curve/plans(Bf_DC-FIX)/flow_matching_v3_uav/H8_Dmodels.diffusion.FlowMatchingODE_9D/K20_mpc4_pid_stopgo_anchorP_T0.5,6,test,none,model_free,model_free,False,s_curve,,20.0,4.0,pid_stopgo_anchorP,0.5,,,Gen11,20.0,20.0,0.3,latest,fm_only,gif,cuda,,
25,s_curve|K20|Gen11,/data/home/llim/FMPCC/FM-PCC/logs/UAV_FM/uav-s_curve/plans(Bf_DC-FIX)/flow_matching_v3_uav/H8_Dmodels.diffusion.FlowMatchingODE_9D/K20_mpc4_pid_stopgo_anchorP_T0.5,6,test,none,post_processing,post_processing,False,s_curve,,20.0,4.0,pid_stopgo_anchorP,0.5,,,Gen11,20.0,20.0,0.3,latest,fm_only,gif,cuda,,
26,s_curve|Gen11,/data/home/llim/FMPCC/FM-PCC/logs/UAV_FM/uav-s_curve/plans(no_GIF)/flow_matching_v3_uav/H8_Dmodels.diffusion.FlowMatchingODE,6,test,none,fm_only,fm_only,False,s_curve,,,,,,,,Gen11,,20.0,,latest,fm_only,none,cuda,,
27,s_curve|Gen11,/data/home/llim/FMPCC/FM-PCC/logs/UAV_FM/uav-s_curve/plans(with_gif_parts)/flow_matching_v3_uav/H8_Dmodels.diffusion.FlowMatchingODE,6,test,none,fm_only,fm_only,False,s_curve,,,,,,,,Gen11,,,,,,,,,
28,s_curve|K20|Gen11,/data/home/llim/FMPCC/FM-PCC/logs/UAV_FM/uav-s_curve/plans/flow_matching_v3_uav/H8_Dmodels.diffusion.FlowMatchingODE_9D/K20_mpc4_pid_stopgo_T0.5,6,test,(Bf_U13)s_curve_bounds+dynamics+geo_bounds+halfspace+obstacles,bounds_free,bounds_free,False,s_curve,,20.0,4.0,pid_stopgo,0.5,,,Gen11,20.0,10.0,0.3,latest,fm_only,gif,cuda,,
28,s_curve|K20|Gen11,/data/home/llim/FMPCC/FM-PCC/logs/UAV_FM/uav-s_curve/plans/flow_matching_v3_uav/H8_Dmodels.diffusion.FlowMatchingODE_9D/K20_mpc4_pid_stopgo_T0.5,6,test,(Bf_U13)s_curve_bounds+dynamics+geo_bounds+halfspace+obstacles,diffuser,diffuser,False,s_curve,,20.0,4.0,pid_stopgo,0.5,,,Gen11,20.0,10.0,0.3,latest,fm_only,gif,cuda,,
28,s_curve|K20|Gen11,/data/home/llim/FMPCC/FM-PCC/logs/UAV_FM/uav-s_curve/plans/flow_matching_v3_uav/H8_Dmodels.diffusion.FlowMatchingODE_9D/K20_mpc4_pid_stopgo_T0.5,6,test,(Bf_U13)s_curve_bounds+dynamics+geo_bounds+halfspace+obstacles,dpcc-r,dpcc-r,False,s_curve,,20.0,4.0,pid_stopgo,0.5,,,Gen11,20.0,10.0,0.3,latest,fm_only,gif,cuda,,
28,s_curve|K20|Gen11,/data/home/llim/FMPCC/FM-PCC/logs/UAV_FM/uav-s_curve/plans/flow_matching_v3_uav/H8_Dmodels.diffusion.FlowMatchingODE_9D/K20_mpc4_pid_stopgo_T0.5,6,test,(Bf_U13)s_curve_bounds+dynamics+geo_bounds+halfspace+obstacles,dpcc-r-tightened,dpcc-r,True,s_curve,,20.0,4.0,pid_stopgo,0.5,,,Gen11,20.0,,,,,,,,
28,s_curve|K20|Gen11,/data/home/llim/FMPCC/FM-PCC/logs/UAV_FM/uav-s_curve/plans/flow_matching_v3_uav/H8_Dmodels.diffusion.FlowMatchingODE_9D/K20_mpc4_pid_stopgo_T0.5,6,test,(Bf_U13)s_curve_bounds+dynamics+geo_bounds+halfspace+obstacles,geo_free,geo_free,False,s_curve,,20.0,4.0,pid_stopgo,0.5,,,Gen11,20.0,10.0,0.3,latest,fm_only,gif,cuda,,
28,s_curve|K20|Gen11,/data/home/llim/FMPCC/FM-PCC/logs/UAV_FM/uav-s_curve/plans/flow_matching_v3_uav/H8_Dmodels.diffusion.FlowMatchingODE_9D/K20_mpc4_pid_stopgo_T0.5,6,test,(Bf_U13)s_curve_bounds+dynamics+geo_bounds+halfspace+obstacles,geo_free-bounds_free,geo_free-bounds_free,False,s_curve,,20.0,4.0,pid_stopgo,0.5,,,Gen11,20.0,10.0,0.3,latest,fm_only,gif,cuda,,
28,s_curve|K20|Gen11,/data/home/llim/FMPCC/FM-PCC/logs/UAV_FM/uav-s_curve/plans/flow_matching_v3_uav/H8_Dmodels.diffusion.FlowMatchingODE_9D/K20_mpc4_pid_stopgo_T0.5,6,test,(Bf_U13)s_curve_bounds+dynamics+geo_bounds+halfspace+obstacles,geo_free-model_free,geo_free-model_free,False,s_curve,,20.0,4.0,pid_stopgo,0.5,,,Gen11,20.0,10.0,0.3,latest,fm_only,gif,cuda,,
28,s_curve|K20|Gen11,/data/home/llim/FMPCC/FM-PCC/logs/UAV_FM/uav-s_curve/plans/flow_matching_v3_uav/H8_Dmodels.diffusion.FlowMatchingODE_9D/K20_mpc4_pid_stopgo_T0.5,6,test,(Bf_U13)s_curve_bounds+dynamics+geo_bounds+halfspace+obstacles,gradient,gradient,False,s_curve,,20.0,4.0,pid_stopgo,0.5,,,Gen11,20.0,10.0,0.3,latest,fm_only,gif,cuda,,
28,s_curve|K20|Gen11,/data/home/llim/FMPCC/FM-PCC/logs/UAV_FM/uav-s_curve/plans/flow_matching_v3_uav/H8_Dmodels.diffusion.FlowMatchingODE_9D/K20_mpc4_pid_stopgo_T0.5,6,test,(Bf_U13)s_curve_bounds+dynamics+geo_bounds+halfspace+obstacles,gradient-tightened,gradient,True,s_curve,,20.0,4.0,pid_stopgo,0.5,,,Gen11,20.0,10.0,0.3,latest,fm_only,gif,cuda,,
28,s_curve|K20|Gen11,/data/home/llim/FMPCC/FM-PCC/logs/UAV_FM/uav-s_curve/plans/flow_matching_v3_uav/H8_Dmodels.diffusion.FlowMatchingODE_9D/K20_mpc4_pid_stopgo_T0.5,6,test,(Bf_U13)s_curve_bounds+dynamics+geo_bounds+halfspace+obstacles,model_free,model_free,False,s_curve,,20.0,4.0,pid_stopgo,0.5,,,Gen11,20.0,10.0,0.3,latest,fm_only,gif,cuda,,
28,s_curve|K20|Gen11,/data/home/llim/FMPCC/FM-PCC/logs/UAV_FM/uav-s_curve/plans/flow_matching_v3_uav/H8_Dmodels.diffusion.FlowMatchingODE_9D/K20_mpc4_pid_stopgo_T0.5,6,test,(Bf_U13)s_curve_bounds+dynamics+geo_bounds+halfspace+obstacles,model_free-tightened,model_free,True,s_curve,,20.0,4.0,pid_stopgo,0.5,,,Gen11,20.0,10.0,0.3,latest,fm_only,gif,cuda,,
28,s_curve|K20|Gen11,/data/home/llim/FMPCC/FM-PCC/logs/UAV_FM/uav-s_curve/plans/flow_matching_v3_uav/H8_Dmodels.diffusion.FlowMatchingODE_9D/K20_mpc4_pid_stopgo_T0.5,6,test,(Bf_U13)s_curve_bounds+dynamics+geo_bounds+halfspace+obstacles,post_processing,post_processing,False,s_curve,,20.0,4.0,pid_stopgo,0.5,,,Gen11,20.0,10.0,0.3,latest,fm_only,gif,cuda,,
28,s_curve|K20|Gen11,/data/home/llim/FMPCC/FM-PCC/logs/UAV_FM/uav-s_curve/plans/flow_matching_v3_uav/H8_Dmodels.diffusion.FlowMatchingODE_9D/K20_mpc4_pid_stopgo_T0.5,6,test,(Bf_U13)s_curve_bounds+dynamics+geo_bounds+halfspace+obstacles,post_processing-tightened,post_processing,True,s_curve,,20.0,4.0,pid_stopgo,0.5,,,Gen11,20.0,10.0,0.3,latest,fm_only,gif,cuda,,
28,s_curve|K20|Gen11,/data/home/llim/FMPCC/FM-PCC/logs/UAV_FM/uav-s_curve/plans/flow_matching_v3_uav/H8_Dmodels.diffusion.FlowMatchingODE_9D/K20_mpc4_pid_stopgo_T0.5,6,test,legacy(Bf_U8_debug)/s_curve_bounds+dynamics,diffuser,diffuser,False,s_curve,,20.0,4.0,pid_stopgo,0.5,,,Gen11,20.0,10.0,0.3,latest,fm_only,gif,cuda,,
28,s_curve|K20|Gen11,/data/home/llim/FMPCC/FM-PCC/logs/UAV_FM/uav-s_curve/plans/flow_matching_v3_uav/H8_Dmodels.diffusion.FlowMatchingODE_9D/K20_mpc4_pid_stopgo_T0.5,6,test,legacy(Bf_U8_debug)/s_curve_bounds+dynamics,dpcc-c,dpcc-c,False,s_curve,,20.0,4.0,pid_stopgo,0.5,,,Gen11,20.0,10.0,0.3,latest,fm_only,gif,cuda,,
28,s_curve|K20|Gen11,/data/home/llim/FMPCC/FM-PCC/logs/UAV_FM/uav-s_curve/plans/flow_matching_v3_uav/H8_Dmodels.diffusion.FlowMatchingODE_9D/K20_mpc4_pid_stopgo_T0.5,6,test,legacy(Bf_U8_debug)/s_curve_bounds+dynamics,dpcc-r,dpcc-r,False,s_curve,,20.0,4.0,pid_stopgo,0.5,,,Gen11,20.0,10.0,0.3,latest,fm_only,gif,cuda,,
28,s_curve|K20|Gen11,/data/home/llim/FMPCC/FM-PCC/logs/UAV_FM/uav-s_curve/plans/flow_matching_v3_uav/H8_Dmodels.diffusion.FlowMatchingODE_9D/K20_mpc4_pid_stopgo_T0.5,6,test,legacy(Bf_U8_debug)/s_curve_bounds+dynamics,dpcc-t,dpcc-t,False,s_curve,,20.0,4.0,pid_stopgo,0.5,,,Gen11,20.0,10.0,0.3,latest,fm_only,gif,cuda,,
28,s_curve|K20|Gen11,/data/home/llim/FMPCC/FM-PCC/logs/UAV_FM/uav-s_curve/plans/flow_matching_v3_uav/H8_Dmodels.diffusion.FlowMatchingODE_9D/K20_mpc4_pid_stopgo_T0.5,6,test,legacy(Bf_U8_debug)/s_curve_bounds+dynamics,gradient,gradient,False,s_curve,,20.0,4.0,pid_stopgo,0.5,,,Gen11,20.0,10.0,0.3,latest,fm_only,gif,cuda,,
28,s_curve|K20|Gen11,/data/home/llim/FMPCC/FM-PCC/logs/UAV_FM/uav-s_curve/plans/flow_matching_v3_uav/H8_Dmodels.diffusion.FlowMatchingODE_9D/K20_mpc4_pid_stopgo_T0.5,6,test,legacy(Bf_U8_debug)/s_curve_bounds+dynamics,model_free,model_free,False,s_curve,,20.0,4.0,pid_stopgo,0.5,,,Gen11,20.0,10.0,0.3,latest,fm_only,gif,cuda,,
28,s_curve|K20|Gen11,/data/home/llim/FMPCC/FM-PCC/logs/UAV_FM/uav-s_curve/plans/flow_matching_v3_uav/H8_Dmodels.diffusion.FlowMatchingODE_9D/K20_mpc4_pid_stopgo_T0.5,6,test,legacy(Bf_U8_debug)/s_curve_bounds+dynamics,post_processing,post_processing,False,s_curve,,20.0,4.0,pid_stopgo,0.5,,,Gen11,20.0,10.0,0.3,latest,fm_only,gif,cuda,,
28,s_curve|K20|Gen11,/data/home/llim/FMPCC/FM-PCC/logs/UAV_FM/uav-s_curve/plans/flow_matching_v3_uav/H8_Dmodels.diffusion.FlowMatchingODE_9D/K20_mpc4_pid_stopgo_T0.5,6,test,legacy(Bf_U8_debug)/s_curve_bounds+dynamics+geo_bounds+halfspace+obstacles,diffuser,diffuser,False,s_curve,,20.0,4.0,pid_stopgo,0.5,,,Gen11,20.0,10.0,0.3,latest,fm_only,gif,cuda,,
28,s_curve|K20|Gen11,/data/home/llim/FMPCC/FM-PCC/logs/UAV_FM/uav-s_curve/plans/flow_matching_v3_uav/H8_Dmodels.diffusion.FlowMatchingODE_9D/K20_mpc4_pid_stopgo_T0.5,6,test,legacy(Bf_U8_debug)/s_curve_bounds+dynamics+geo_bounds+halfspace+obstacles,gradient,gradient,False,s_curve,,20.0,4.0,pid_stopgo,0.5,,,Gen11,20.0,10.0,0.3,latest,fm_only,gif,cuda,,
28,s_curve|K20|Gen11,/data/home/llim/FMPCC/FM-PCC/logs/UAV_FM/uav-s_curve/plans/flow_matching_v3_uav/H8_Dmodels.diffusion.FlowMatchingODE_9D/K20_mpc4_pid_stopgo_T0.5,6,test,legacy(Bf_U8_debug)/s_curve_bounds+dynamics+geo_bounds+halfspace+obstacles,gradient-tightened,gradient,True,s_curve,,20.0,4.0,pid_stopgo,0.5,,,Gen11,20.0,10.0,0.3,latest,fm_only,gif,cuda,,
28,s_curve|K20|Gen11,/data/home/llim/FMPCC/FM-PCC/logs/UAV_FM/uav-s_curve/plans/flow_matching_v3_uav/H8_Dmodels.diffusion.FlowMatchingODE_9D/K20_mpc4_pid_stopgo_T0.5,6,test,legacy(Bf_U8_debug)/s_curve_bounds+dynamics+geo_bounds+halfspace+obstacles,model_free,model_free,False,s_curve,,20.0,4.0,pid_stopgo,0.5,,,Gen11,20.0,10.0,0.3,latest,fm_only,gif,cuda,,
28,s_curve|K20|Gen11,/data/home/llim/FMPCC/FM-PCC/logs/UAV_FM/uav-s_curve/plans/flow_matching_v3_uav/H8_Dmodels.diffusion.FlowMatchingODE_9D/K20_mpc4_pid_stopgo_T0.5,6,test,legacy(Bf_U8_debug)/s_curve_bounds+dynamics+geo_bounds+halfspace+obstacles,model_free-tightened,model_free,True,s_curve,,20.0,4.0,pid_stopgo,0.5,,,Gen11,20.0,10.0,0.3,latest,fm_only,gif,cuda,,
28,s_curve|K20|Gen11,/data/home/llim/FMPCC/FM-PCC/logs/UAV_FM/uav-s_curve/plans/flow_matching_v3_uav/H8_Dmodels.diffusion.FlowMatchingODE_9D/K20_mpc4_pid_stopgo_T0.5,6,test,legacy(Bf_U8_debug)/s_curve_bounds+dynamics+geo_bounds+halfspace+obstacles,post_processing,post_processing,False,s_curve,,20.0,4.0,pid_stopgo,0.5,,,Gen11,20.0,10.0,0.3,latest,fm_only,gif,cuda,,
28,s_curve|K20|Gen11,/data/home/llim/FMPCC/FM-PCC/logs/UAV_FM/uav-s_curve/plans/flow_matching_v3_uav/H8_Dmodels.diffusion.FlowMatchingODE_9D/K20_mpc4_pid_stopgo_T0.5,6,test,legacy(Bf_U8_debug)/s_curve_bounds+dynamics+geo_bounds+halfspace+obstacles,post_processing-tightened,post_processing,True,s_curve,,20.0,4.0,pid_stopgo,0.5,,,Gen11,20.0,10.0,0.3,latest,fm_only,gif,cuda,,
28,s_curve|K20|Gen11,/data/home/llim/FMPCC/FM-PCC/logs/UAV_FM/uav-s_curve/plans/flow_matching_v3_uav/H8_Dmodels.diffusion.FlowMatchingODE_9D/K20_mpc4_pid_stopgo_T0.5,6,test,legacy(Bf_U8_debug)/s_curve_bounds+dynamics+geo_bounds+halfspace+obstacles/s_curve_bounds+dynamics+geo_bounds+halfspace+obstacles,gradient,gradient,False,s_curve,,20.0,4.0,pid_stopgo,0.5,,,Gen11,20.0,,,,,,,,
28,s_curve|K20|Gen11,/data/home/llim/FMPCC/FM-PCC/logs/UAV_FM/uav-s_curve/plans/flow_matching_v3_uav/H8_Dmodels.diffusion.FlowMatchingODE_9D/K20_mpc4_pid_stopgo_T0.5,6,test,legacy(Bf_U8_debug)/s_curve_dynamics,diffuser,diffuser,False,s_curve,,20.0,4.0,pid_stopgo,0.5,,,Gen11,20.0,10.0,0.3,latest,fm_only,gif,cuda,,
28,s_curve|K20|Gen11,/data/home/llim/FMPCC/FM-PCC/logs/UAV_FM/uav-s_curve/plans/flow_matching_v3_uav/H8_Dmodels.diffusion.FlowMatchingODE_9D/K20_mpc4_pid_stopgo_T0.5,6,test,legacy(Bf_U8_debug)/s_curve_dynamics,dpcc-c,dpcc-c,False,s_curve,,20.0,4.0,pid_stopgo,0.5,,,Gen11,20.0,10.0,0.3,latest,fm_only,gif,cuda,,
28,s_curve|K20|Gen11,/data/home/llim/FMPCC/FM-PCC/logs/UAV_FM/uav-s_curve/plans/flow_matching_v3_uav/H8_Dmodels.diffusion.FlowMatchingODE_9D/K20_mpc4_pid_stopgo_T0.5,6,test,legacy(Bf_U8_debug)/s_curve_dynamics,dpcc-r,dpcc-r,False,s_curve,,20.0,4.0,pid_stopgo,0.5,,,Gen11,20.0,10.0,0.3,latest,fm_only,gif,cuda,,
28,s_curve|K20|Gen11,/data/home/llim/FMPCC/FM-PCC/logs/UAV_FM/uav-s_curve/plans/flow_matching_v3_uav/H8_Dmodels.diffusion.FlowMatchingODE_9D/K20_mpc4_pid_stopgo_T0.5,6,test,legacy(Bf_U8_debug)/s_curve_dynamics,dpcc-t,dpcc-t,False,s_curve,,20.0,4.0,pid_stopgo,0.5,,,Gen11,20.0,10.0,0.3,latest,fm_only,gif,cuda,,
28,s_curve|K20|Gen11,/data/home/llim/FMPCC/FM-PCC/logs/UAV_FM/uav-s_curve/plans/flow_matching_v3_uav/H8_Dmodels.diffusion.FlowMatchingODE_9D/K20_mpc4_pid_stopgo_T0.5,6,test,legacy(Bf_U8_debug)/s_curve_dynamics,gradient,gradient,False,s_curve,,20.0,4.0,pid_stopgo,0.5,,,Gen11,20.0,10.0,0.3,latest,fm_only,gif,cuda,,
28,s_curve|K20|Gen11,/data/home/llim/FMPCC/FM-PCC/logs/UAV_FM/uav-s_curve/plans/flow_matching_v3_uav/H8_Dmodels.diffusion.FlowMatchingODE_9D/K20_mpc4_pid_stopgo_T0.5,6,test,legacy(Bf_U8_debug)/s_curve_dynamics,model_free,model_free,False,s_curve,,20.0,4.0,pid_stopgo,0.5,,,Gen11,20.0,10.0,0.3,latest,fm_only,gif,cuda,,
28,s_curve|K20|Gen11,/data/home/llim/FMPCC/FM-PCC/logs/UAV_FM/uav-s_curve/plans/flow_matching_v3_uav/H8_Dmodels.diffusion.FlowMatchingODE_9D/K20_mpc4_pid_stopgo_T0.5,6,test,legacy(Bf_U8_debug)/s_curve_dynamics,post_processing,post_processing,False,s_curve,,20.0,4.0,pid_stopgo,0.5,,,Gen11,20.0,10.0,0.3,latest,fm_only,gif,cuda,,
28,s_curve|K20|Gen11,/data/home/llim/FMPCC/FM-PCC/logs/UAV_FM/uav-s_curve/plans/flow_matching_v3_uav/H8_Dmodels.diffusion.FlowMatchingODE_9D/K20_mpc4_pid_stopgo_T0.5,6,test,s_curve_bounds+dynamics+geo_bounds+halfspace+obstacles,bounds_free,bounds_free,False,s_curve,,20.0,4.0,pid_stopgo,0.5,,,Gen11,20.0,10.0,0.3,latest,fm_only,gif,cuda,,
28,s_curve|K20|Gen11,/data/home/llim/FMPCC/FM-PCC/logs/UAV_FM/uav-s_curve/plans/flow_matching_v3_uav/H8_Dmodels.diffusion.FlowMatchingODE_9D/K20_mpc4_pid_stopgo_T0.5,6,test,s_curve_bounds+dynamics+geo_bounds+halfspace+obstacles,diffuser,diffuser,False,s_curve,,20.0,4.0,pid_stopgo,0.5,,,Gen11,20.0,10.0,0.3,latest,fm_only,gif,cuda,,
28,s_curve|K20|Gen11,/data/home/llim/FMPCC/FM-PCC/logs/UAV_FM/uav-s_curve/plans/flow_matching_v3_uav/H8_Dmodels.diffusion.FlowMatchingODE_9D/K20_mpc4_pid_stopgo_T0.5,6,test,s_curve_bounds+dynamics+geo_bounds+halfspace+obstacles,dpcc-c,dpcc-c,False,s_curve,,20.0,4.0,pid_stopgo,0.5,,,Gen11,20.0,10.0,0.3,latest,fm_only,gif,cuda,,
28,s_curve|K20|Gen11,/data/home/llim/FMPCC/FM-PCC/logs/UAV_FM/uav-s_curve/plans/flow_matching_v3_uav/H8_Dmodels.diffusion.FlowMatchingODE_9D/K20_mpc4_pid_stopgo_T0.5,6,test,s_curve_bounds+dynamics+geo_bounds+halfspace+obstacles,dpcc-c-tightened,dpcc-c,True,s_curve,,20.0,4.0,pid_stopgo,0.5,,,Gen11,20.0,10.0,0.3,latest,fm_only,gif,cuda,,
28,s_curve|K20|Gen11,/data/home/llim/FMPCC/FM-PCC/logs/UAV_FM/uav-s_curve/plans/flow_matching_v3_uav/H8_Dmodels.diffusion.FlowMatchingODE_9D/K20_mpc4_pid_stopgo_T0.5,6,test,s_curve_bounds+dynamics+geo_bounds+halfspace+obstacles,dpcc-r,dpcc-r,False,s_curve,,20.0,4.0,pid_stopgo,0.5,,,Gen11,20.0,10.0,0.3,latest,fm_only,gif,cuda,,
28,s_curve|K20|Gen11,/data/home/llim/FMPCC/FM-PCC/logs/UAV_FM/uav-s_curve/plans/flow_matching_v3_uav/H8_Dmodels.diffusion.FlowMatchingODE_9D/K20_mpc4_pid_stopgo_T0.5,6,test,s_curve_bounds+dynamics+geo_bounds+halfspace+obstacles,dpcc-r-tightened,dpcc-r,True,s_curve,,20.0,4.0,pid_stopgo,0.5,,,Gen11,20.0,10.0,0.3,latest,fm_only,gif,cuda,,
28,s_curve|K20|Gen11,/data/home/llim/FMPCC/FM-PCC/logs/UAV_FM/uav-s_curve/plans/flow_matching_v3_uav/H8_Dmodels.diffusion.FlowMatchingODE_9D/K20_mpc4_pid_stopgo_T0.5,6,test,s_curve_bounds+dynamics+geo_bounds+halfspace+obstacles,dpcc-t,dpcc-t,False,s_curve,,20.0,4.0,pid_stopgo,0.5,,,Gen11,20.0,10.0,0.3,latest,fm_only,gif,cuda,,
28,s_curve|K20|Gen11,/data/home/llim/FMPCC/FM-PCC/logs/UAV_FM/uav-s_curve/plans/flow_matching_v3_uav/H8_Dmodels.diffusion.FlowMatchingODE_9D/K20_mpc4_pid_stopgo_T0.5,6,test,s_curve_bounds+dynamics+geo_bounds+halfspace+obstacles,dpcc-t-tightened,dpcc-t,True,s_curve,,20.0,4.0,pid_stopgo,0.5,,,Gen11,20.0,10.0,0.3,latest,fm_only,gif,cuda,,
28,s_curve|K20|Gen11,/data/home/llim/FMPCC/FM-PCC/logs/UAV_FM/uav-s_curve/plans/flow_matching_v3_uav/H8_Dmodels.diffusion.FlowMatchingODE_9D/K20_mpc4_pid_stopgo_T0.5,6,test,s_curve_bounds+dynamics+geo_bounds+halfspace+obstacles,geo_free,geo_free,False,s_curve,,20.0,4.0,pid_stopgo,0.5,,,Gen11,20.0,10.0,0.3,latest,fm_only,gif,cuda,,
28,s_curve|K20|Gen11,/data/home/llim/FMPCC/FM-PCC/logs/UAV_FM/uav-s_curve/plans/flow_matching_v3_uav/H8_Dmodels.diffusion.FlowMatchingODE_9D/K20_mpc4_pid_stopgo_T0.5,6,test,s_curve_bounds+dynamics+geo_bounds+halfspace+obstacles,geo_free-bounds_free,geo_free-bounds_free,False,s_curve,,20.0,4.0,pid_stopgo,0.5,,,Gen11,20.0,10.0,0.3,latest,fm_only,gif,cuda,,
28,s_curve|K20|Gen11,/data/home/llim/FMPCC/FM-PCC/logs/UAV_FM/uav-s_curve/plans/flow_matching_v3_uav/H8_Dmodels.diffusion.FlowMatchingODE_9D/K20_mpc4_pid_stopgo_T0.5,6,test,s_curve_bounds+dynamics+geo_bounds+halfspace+obstacles,geo_free-model_free,geo_free-model_free,False,s_curve,,20.0,4.0,pid_stopgo,0.5,,,Gen11,20.0,10.0,0.3,latest,fm_only,gif,cuda,,
28,s_curve|K20|Gen11,/data/home/llim/FMPCC/FM-PCC/logs/UAV_FM/uav-s_curve/plans/flow_matching_v3_uav/H8_Dmodels.diffusion.FlowMatchingODE_9D/K20_mpc4_pid_stopgo_T0.5,6,test,s_curve_bounds+dynamics+geo_bounds+halfspace+obstacles,gradient,gradient,False,s_curve,,20.0,4.0,pid_stopgo,0.5,,,Gen11,20.0,10.0,0.3,latest,fm_only,gif,cuda,,
28,s_curve|K20|Gen11,/data/home/llim/FMPCC/FM-PCC/logs/UAV_FM/uav-s_curve/plans/flow_matching_v3_uav/H8_Dmodels.diffusion.FlowMatchingODE_9D/K20_mpc4_pid_stopgo_T0.5,6,test,s_curve_bounds+dynamics+geo_bounds+halfspace+obstacles,gradient-tightened,gradient,True,s_curve,,20.0,4.0,pid_stopgo,0.5,,,Gen11,20.0,10.0,0.3,latest,fm_only,gif,cuda,,
28,s_curve|K20|Gen11,/data/home/llim/FMPCC/FM-PCC/logs/UAV_FM/uav-s_curve/plans/flow_matching_v3_uav/H8_Dmodels.diffusion.FlowMatchingODE_9D/K20_mpc4_pid_stopgo_T0.5,6,test,s_curve_bounds+dynamics+geo_bounds+halfspace+obstacles,model_free,model_free,False,s_curve,,20.0,4.0,pid_stopgo,0.5,,,Gen11,20.0,10.0,0.3,latest,fm_only,gif,cuda,,
28,s_curve|K20|Gen11,/data/home/llim/FMPCC/FM-PCC/logs/UAV_FM/uav-s_curve/plans/flow_matching_v3_uav/H8_Dmodels.diffusion.FlowMatchingODE_9D/K20_mpc4_pid_stopgo_T0.5,6,test,s_curve_bounds+dynamics+geo_bounds+halfspace+obstacles,model_free-tightened,model_free,True,s_curve,,20.0,4.0,pid_stopgo,0.5,,,Gen11,20.0,10.0,0.3,latest,fm_only,gif,cuda,,
28,s_curve|K20|Gen11,/data/home/llim/FMPCC/FM-PCC/logs/UAV_FM/uav-s_curve/plans/flow_matching_v3_uav/H8_Dmodels.diffusion.FlowMatchingODE_9D/K20_mpc4_pid_stopgo_T0.5,6,test,s_curve_bounds+dynamics+geo_bounds+halfspace+obstacles,post_processing,post_processing,False,s_curve,,20.0,4.0,pid_stopgo,0.5,,,Gen11,20.0,10.0,0.3,latest,fm_only,gif,cuda,,
28,s_curve|K20|Gen11,/data/home/llim/FMPCC/FM-PCC/logs/UAV_FM/uav-s_curve/plans/flow_matching_v3_uav/H8_Dmodels.diffusion.FlowMatchingODE_9D/K20_mpc4_pid_stopgo_T0.5,6,test,s_curve_bounds+dynamics+geo_bounds+halfspace+obstacles,post_processing-tightened,post_processing,True,s_curve,,20.0,4.0,pid_stopgo,0.5,,,Gen11,20.0,10.0,0.3,latest,fm_only,gif,cuda,,
29,corridor|af|K1|bbunet|@EPlatest_u17cv2,/data/home/llim/FMPCC/FM-PCC/logs/UAV_MIX/uav-corridor/plans/mix_uav_af/H8_Dmodels.af_diffusion.AlphaFlowODE_9D_as1_ae0.2_bbunet/Eaf_K1_mpc4_pid_stopgo_T0.5_EPlatest_u17cv2,6,test,corridor_cv2s_bounds+dynamics+geo_bounds+halfspace+obstacles,diffuser,diffuser,False,corridor,af,1.0,4.0,pid_stopgo,0.5,EPlatest_u17cv2,unet,Gen15,1.0,12.0,0.3,,fm_only,none,cuda,,1.0
29,corridor|af|K1|bbunet|@EPlatest_u17cv2,/data/home/llim/FMPCC/FM-PCC/logs/UAV_MIX/uav-corridor/plans/mix_uav_af/H8_Dmodels.af_diffusion.AlphaFlowODE_9D_as1_ae0.2_bbunet/Eaf_K1_mpc4_pid_stopgo_T0.5_EPlatest_u17cv2,6,test,corridor_cv2s_bounds+dynamics+geo_bounds+halfspace+obstacles,dpcc-c-bounds_free-pdes-tightened,dpcc-c-bounds_free-pdes,True,corridor,af,1.0,4.0,pid_stopgo,0.5,EPlatest_u17cv2,unet,Gen15,1.0,12.0,0.3,,fm_only,none,cuda,,1.0
29,corridor|af|K1|bbunet|@EPlatest_u17cv2,/data/home/llim/FMPCC/FM-PCC/logs/UAV_MIX/uav-corridor/plans/mix_uav_af/H8_Dmodels.af_diffusion.AlphaFlowODE_9D_as1_ae0.2_bbunet/Eaf_K1_mpc4_pid_stopgo_T0.5_EPlatest_u17cv2,6,test,corridor_cv2s_bounds+dynamics+geo_bounds+halfspace+obstacles,dpcc-r-bounds_free-pdes-tightened,dpcc-r-bounds_free-pdes,True,corridor,af,1.0,4.0,pid_stopgo,0.5,EPlatest_u17cv2,unet,Gen15,1.0,12.0,0.3,,fm_only,none,cuda,,1.0
29,corridor|af|K1|bbunet|@EPlatest_u17cv2,/data/home/llim/FMPCC/FM-PCC/logs/UAV_MIX/uav-corridor/plans/mix_uav_af/H8_Dmodels.af_diffusion.AlphaFlowODE_9D_as1_ae0.2_bbunet/Eaf_K1_mpc4_pid_stopgo_T0.5_EPlatest_u17cv2,6,test,corridor_cv2s_bounds+dynamics+geo_bounds+halfspace+obstacles,dpcc-t-bounds_free-pdes-tightened,dpcc-t-bounds_free-pdes,True,corridor,af,1.0,4.0,pid_stopgo,0.5,EPlatest_u17cv2,unet,Gen15,1.0,12.0,0.3,,fm_only,none,cuda,,1.0
30,corridor|af|K1|bbunet|@EPlatest_u7hg,/data/home/llim/FMPCC/FM-PCC/logs/UAV_MIX/uav-corridor/plans/mix_uav_af/H8_Dmodels.af_diffusion.AlphaFlowODE_9D_as1_ae0.2_bbunet/Eaf_K1_mpc4_pid_stopgo_T0.5_EPlatest_u7hg,6,test,corridor_hg_bounds+dynamics+geo_bounds+halfspace+obstacles,diffuser,diffuser,False,corridor,af,1.0,4.0,pid_stopgo,0.5,EPlatest_u7hg,unet,Gen15,1.0,10.0,0.3,,fm_only,none,cuda,,1.0
30,corridor|af|K1|bbunet|@EPlatest_u7hg,/data/home/llim/FMPCC/FM-PCC/logs/UAV_MIX/uav-corridor/plans/mix_uav_af/H8_Dmodels.af_diffusion.AlphaFlowODE_9D_as1_ae0.2_bbunet/Eaf_K1_mpc4_pid_stopgo_T0.5_EPlatest_u7hg,6,test,corridor_hg_bounds+dynamics+geo_bounds+halfspace+obstacles,dpcc-c,dpcc-c,False,corridor,af,1.0,4.0,pid_stopgo,0.5,EPlatest_u7hg,unet,Gen15,1.0,10.0,0.3,,fm_only,none,cuda,,1.0
30,corridor|af|K1|bbunet|@EPlatest_u7hg,/data/home/llim/FMPCC/FM-PCC/logs/UAV_MIX/uav-corridor/plans/mix_uav_af/H8_Dmodels.af_diffusion.AlphaFlowODE_9D_as1_ae0.2_bbunet/Eaf_K1_mpc4_pid_stopgo_T0.5_EPlatest_u7hg,6,test,corridor_hg_bounds+dynamics+geo_bounds+halfspace+obstacles,dpcc-c-geo_free,dpcc-c-geo_free,False,corridor,af,1.0,4.0,pid_stopgo,0.5,EPlatest_u7hg,unet,Gen15,1.0,10.0,0.3,,fm_only,none,cuda,,1.0
30,corridor|af|K1|bbunet|@EPlatest_u7hg,/data/home/llim/FMPCC/FM-PCC/logs/UAV_MIX/uav-corridor/plans/mix_uav_af/H8_Dmodels.af_diffusion.AlphaFlowODE_9D_as1_ae0.2_bbunet/Eaf_K1_mpc4_pid_stopgo_T0.5_EPlatest_u7hg,6,test,corridor_hg_bounds+dynamics+geo_bounds+halfspace+obstacles,dpcc-c-tightened,dpcc-c,True,corridor,af,1.0,4.0,pid_stopgo,0.5,EPlatest_u7hg,unet,Gen15,1.0,10.0,0.3,,fm_only,none,cuda,,1.0
30,corridor|af|K1|bbunet|@EPlatest_u7hg,/data/home/llim/FMPCC/FM-PCC/logs/UAV_MIX/uav-corridor/plans/mix_uav_af/H8_Dmodels.af_diffusion.AlphaFlowODE_9D_as1_ae0.2_bbunet/Eaf_K1_mpc4_pid_stopgo_T0.5_EPlatest_u7hg,6,test,corridor_hg_bounds+dynamics+geo_bounds+halfspace+obstacles,dpcc-r,dpcc-r,False,corridor,af,1.0,4.0,pid_stopgo,0.5,EPlatest_u7hg,unet,Gen15,1.0,10.0,0.3,,fm_only,none,cuda,,1.0
30,corridor|af|K1|bbunet|@EPlatest_u7hg,/data/home/llim/FMPCC/FM-PCC/logs/UAV_MIX/uav-corridor/plans/mix_uav_af/H8_Dmodels.af_diffusion.AlphaFlowODE_9D_as1_ae0.2_bbunet/Eaf_K1_mpc4_pid_stopgo_T0.5_EPlatest_u7hg,6,test,corridor_hg_bounds+dynamics+geo_bounds+halfspace+obstacles,dpcc-r-geo_free,dpcc-r-geo_free,False,corridor,af,1.0,4.0,pid_stopgo,0.5,EPlatest_u7hg,unet,Gen15,1.0,10.0,0.3,,fm_only,none,cuda,,1.0
30,corridor|af|K1|bbunet|@EPlatest_u7hg,/data/home/llim/FMPCC/FM-PCC/logs/UAV_MIX/uav-corridor/plans/mix_uav_af/H8_Dmodels.af_diffusion.AlphaFlowODE_9D_as1_ae0.2_bbunet/Eaf_K1_mpc4_pid_stopgo_T0.5_EPlatest_u7hg,6,test,corridor_hg_bounds+dynamics+geo_bounds+halfspace+obstacles,dpcc-r-tightened,dpcc-r,True,corridor,af,1.0,4.0,pid_stopgo,0.5,EPlatest_u7hg,unet,Gen15,1.0,10.0,0.3,,fm_only,none,cuda,,1.0
30,corridor|af|K1|bbunet|@EPlatest_u7hg,/data/home/llim/FMPCC/FM-PCC/logs/UAV_MIX/uav-corridor/plans/mix_uav_af/H8_Dmodels.af_diffusion.AlphaFlowODE_9D_as1_ae0.2_bbunet/Eaf_K1_mpc4_pid_stopgo_T0.5_EPlatest_u7hg,6,test,corridor_hg_bounds+dynamics+geo_bounds+halfspace+obstacles,dpcc-t,dpcc-t,False,corridor,af,1.0,4.0,pid_stopgo,0.5,EPlatest_u7hg,unet,Gen15,1.0,10.0,0.3,,fm_only,none,cuda,,1.0
30,corridor|af|K1|bbunet|@EPlatest_u7hg,/data/home/llim/FMPCC/FM-PCC/logs/UAV_MIX/uav-corridor/plans/mix_uav_af/H8_Dmodels.af_diffusion.AlphaFlowODE_9D_as1_ae0.2_bbunet/Eaf_K1_mpc4_pid_stopgo_T0.5_EPlatest_u7hg,6,test,corridor_hg_bounds+dynamics+geo_bounds+halfspace+obstacles,dpcc-t-geo_free,dpcc-t-geo_free,False,corridor,af,1.0,4.0,pid_stopgo,0.5,EPlatest_u7hg,unet,Gen15,1.0,10.0,0.3,,fm_only,none,cuda,,1.0
30,corridor|af|K1|bbunet|@EPlatest_u7hg,/data/home/llim/FMPCC/FM-PCC/logs/UAV_MIX/uav-corridor/plans/mix_uav_af/H8_Dmodels.af_diffusion.AlphaFlowODE_9D_as1_ae0.2_bbunet/Eaf_K1_mpc4_pid_stopgo_T0.5_EPlatest_u7hg,6,test,corridor_hg_bounds+dynamics+geo_bounds+halfspace+obstacles,dpcc-t-tightened,dpcc-t,True,corridor,af,1.0,4.0,pid_stopgo,0.5,EPlatest_u7hg,unet,Gen15,1.0,10.0,0.3,,fm_only,none,cuda,,1.0
31,corridor|af|K2|bbunet|@EPlatest_u7hg,/data/home/llim/FMPCC/FM-PCC/logs/UAV_MIX/uav-corridor/plans/mix_uav_af/H8_Dmodels.af_diffusion.AlphaFlowODE_9D_as1_ae0.2_bbunet/Eaf_K2_mpc4_pid_stopgo_T0.5_EPlatest_u7hg,6,test,corridor_hg_bounds+dynamics+geo_bounds+halfspace+obstacles,diffuser,diffuser,False,corridor,af,2.0,4.0,pid_stopgo,0.5,EPlatest_u7hg,unet,Gen15,2.0,10.0,0.3,,fm_only,none,cuda,,2.0
31,corridor|af|K2|bbunet|@EPlatest_u7hg,/data/home/llim/FMPCC/FM-PCC/logs/UAV_MIX/uav-corridor/plans/mix_uav_af/H8_Dmodels.af_diffusion.AlphaFlowODE_9D_as1_ae0.2_bbunet/Eaf_K2_mpc4_pid_stopgo_T0.5_EPlatest_u7hg,6,test,corridor_hg_bounds+dynamics+geo_bounds+halfspace+obstacles,dpcc-c,dpcc-c,False,corridor,af,2.0,4.0,pid_stopgo,0.5,EPlatest_u7hg,unet,Gen15,2.0,10.0,0.3,,fm_only,none,cuda,,2.0
31,corridor|af|K2|bbunet|@EPlatest_u7hg,/data/home/llim/FMPCC/FM-PCC/logs/UAV_MIX/uav-corridor/plans/mix_uav_af/H8_Dmodels.af_diffusion.AlphaFlowODE_9D_as1_ae0.2_bbunet/Eaf_K2_mpc4_pid_stopgo_T0.5_EPlatest_u7hg,6,test,corridor_hg_bounds+dynamics+geo_bounds+halfspace+obstacles,dpcc-c-geo_free,dpcc-c-geo_free,False,corridor,af,2.0,4.0,pid_stopgo,0.5,EPlatest_u7hg,unet,Gen15,2.0,10.0,0.3,,fm_only,none,cuda,,2.0
31,corridor|af|K2|bbunet|@EPlatest_u7hg,/data/home/llim/FMPCC/FM-PCC/logs/UAV_MIX/uav-corridor/plans/mix_uav_af/H8_Dmodels.af_diffusion.AlphaFlowODE_9D_as1_ae0.2_bbunet/Eaf_K2_mpc4_pid_stopgo_T0.5_EPlatest_u7hg,6,test,corridor_hg_bounds+dynamics+geo_bounds+halfspace+obstacles,dpcc-c-tightened,dpcc-c,True,corridor,af,2.0,4.0,pid_stopgo,0.5,EPlatest_u7hg,unet,Gen15,2.0,10.0,0.3,,fm_only,none,cuda,,2.0
31,corridor|af|K2|bbunet|@EPlatest_u7hg,/data/home/llim/FMPCC/FM-PCC/logs/UAV_MIX/uav-corridor/plans/mix_uav_af/H8_Dmodels.af_diffusion.AlphaFlowODE_9D_as1_ae0.2_bbunet/Eaf_K2_mpc4_pid_stopgo_T0.5_EPlatest_u7hg,6,test,corridor_hg_bounds+dynamics+geo_bounds+halfspace+obstacles,dpcc-r,dpcc-r,False,corridor,af,2.0,4.0,pid_stopgo,0.5,EPlatest_u7hg,unet,Gen15,2.0,10.0,0.3,,fm_only,none,cuda,,2.0
31,corridor|af|K2|bbunet|@EPlatest_u7hg,/data/home/llim/FMPCC/FM-PCC/logs/UAV_MIX/uav-corridor/plans/mix_uav_af/H8_Dmodels.af_diffusion.AlphaFlowODE_9D_as1_ae0.2_bbunet/Eaf_K2_mpc4_pid_stopgo_T0.5_EPlatest_u7hg,6,test,corridor_hg_bounds+dynamics+geo_bounds+halfspace+obstacles,dpcc-r-geo_free,dpcc-r-geo_free,False,corridor,af,2.0,4.0,pid_stopgo,0.5,EPlatest_u7hg,unet,Gen15,2.0,10.0,0.3,,fm_only,none,cuda,,2.0
31,corridor|af|K2|bbunet|@EPlatest_u7hg,/data/home/llim/FMPCC/FM-PCC/logs/UAV_MIX/uav-corridor/plans/mix_uav_af/H8_Dmodels.af_diffusion.AlphaFlowODE_9D_as1_ae0.2_bbunet/Eaf_K2_mpc4_pid_stopgo_T0.5_EPlatest_u7hg,6,test,corridor_hg_bounds+dynamics+geo_bounds+halfspace+obstacles,dpcc-r-tightened,dpcc-r,True,corridor,af,2.0,4.0,pid_stopgo,0.5,EPlatest_u7hg,unet,Gen15,2.0,10.0,0.3,,fm_only,none,cuda,,2.0
31,corridor|af|K2|bbunet|@EPlatest_u7hg,/data/home/llim/FMPCC/FM-PCC/logs/UAV_MIX/uav-corridor/plans/mix_uav_af/H8_Dmodels.af_diffusion.AlphaFlowODE_9D_as1_ae0.2_bbunet/Eaf_K2_mpc4_pid_stopgo_T0.5_EPlatest_u7hg,6,test,corridor_hg_bounds+dynamics+geo_bounds+halfspace+obstacles,dpcc-t,dpcc-t,False,corridor,af,2.0,4.0,pid_stopgo,0.5,EPlatest_u7hg,unet,Gen15,2.0,10.0,0.3,,fm_only,none,cuda,,2.0
31,corridor|af|K2|bbunet|@EPlatest_u7hg,/data/home/llim/FMPCC/FM-PCC/logs/UAV_MIX/uav-corridor/plans/mix_uav_af/H8_Dmodels.af_diffusion.AlphaFlowODE_9D_as1_ae0.2_bbunet/Eaf_K2_mpc4_pid_stopgo_T0.5_EPlatest_u7hg,6,test,corridor_hg_bounds+dynamics+geo_bounds+halfspace+obstacles,dpcc-t-geo_free,dpcc-t-geo_free,False,corridor,af,2.0,4.0,pid_stopgo,0.5,EPlatest_u7hg,unet,Gen15,2.0,10.0,0.3,,fm_only,none,cuda,,2.0
31,corridor|af|K2|bbunet|@EPlatest_u7hg,/data/home/llim/FMPCC/FM-PCC/logs/UAV_MIX/uav-corridor/plans/mix_uav_af/H8_Dmodels.af_diffusion.AlphaFlowODE_9D_as1_ae0.2_bbunet/Eaf_K2_mpc4_pid_stopgo_T0.5_EPlatest_u7hg,6,test,corridor_hg_bounds+dynamics+geo_bounds+halfspace+obstacles,dpcc-t-tightened,dpcc-t,True,corridor,af,2.0,4.0,pid_stopgo,0.5,EPlatest_u7hg,unet,Gen15,2.0,10.0,0.3,,fm_only,none,cuda,,2.0
31,corridor|af|K2|bbunet|@EPlatest_u7hg,/data/home/llim/FMPCC/FM-PCC/logs/UAV_MIX/uav-corridor/plans/mix_uav_af/H8_Dmodels.af_diffusion.AlphaFlowODE_9D_as1_ae0.2_bbunet/Eaf_K2_mpc4_pid_stopgo_T0.5_EPlatest_u7hg,6,test,corridor_hgb2_bounds+dynamics+geo_bounds+halfspace+obstacles,diffuser,diffuser,False,corridor,af,2.0,4.0,pid_stopgo,0.5,EPlatest_u7hg,unet,Gen15,2.0,10.0,0.3,,fm_only,none,cuda,,2.0
31,corridor|af|K2|bbunet|@EPlatest_u7hg,/data/home/llim/FMPCC/FM-PCC/logs/UAV_MIX/uav-corridor/plans/mix_uav_af/H8_Dmodels.af_diffusion.AlphaFlowODE_9D_as1_ae0.2_bbunet/Eaf_K2_mpc4_pid_stopgo_T0.5_EPlatest_u7hg,6,test,corridor_hgb2_bounds+dynamics+geo_bounds+halfspace+obstacles,dpcc-t,dpcc-t,False,corridor,af,2.0,4.0,pid_stopgo,0.5,EPlatest_u7hg,unet,Gen15,2.0,10.0,0.3,,fm_only,none,cuda,,2.0
31,corridor|af|K2|bbunet|@EPlatest_u7hg,/data/home/llim/FMPCC/FM-PCC/logs/UAV_MIX/uav-corridor/plans/mix_uav_af/H8_Dmodels.af_diffusion.AlphaFlowODE_9D_as1_ae0.2_bbunet/Eaf_K2_mpc4_pid_stopgo_T0.5_EPlatest_u7hg,6,test,corridor_hgb2_bounds+dynamics+geo_bounds+halfspace+obstacles,dpcc-t-geo_free,dpcc-t-geo_free,False,corridor,af,2.0,4.0,pid_stopgo,0.5,EPlatest_u7hg,unet,Gen15,2.0,10.0,0.3,,fm_only,none,cuda,,2.0
31,corridor|af|K2|bbunet|@EPlatest_u7hg,/data/home/llim/FMPCC/FM-PCC/logs/UAV_MIX/uav-corridor/plans/mix_uav_af/H8_Dmodels.af_diffusion.AlphaFlowODE_9D_as1_ae0.2_bbunet/Eaf_K2_mpc4_pid_stopgo_T0.5_EPlatest_u7hg,6,test,corridor_hgb2_bounds+dynamics+geo_bounds+halfspace+obstacles,dpcc-t-tightened,dpcc-t,True,corridor,af,2.0,4.0,pid_stopgo,0.5,EPlatest_u7hg,unet,Gen15,2.0,10.0,0.3,,fm_only,none,cuda,,2.0
31,corridor|af|K2|bbunet|@EPlatest_u7hg,/data/home/llim/FMPCC/FM-PCC/logs/UAV_MIX/uav-corridor/plans/mix_uav_af/H8_Dmodels.af_diffusion.AlphaFlowODE_9D_as1_ae0.2_bbunet/Eaf_K2_mpc4_pid_stopgo_T0.5_EPlatest_u7hg,6,test,corridor_hgb_bounds+dynamics+geo_bounds+halfspace+obstacles,diffuser,diffuser,False,corridor,af,2.0,4.0,pid_stopgo,0.5,EPlatest_u7hg,unet,Gen15,2.0,10.0,0.3,,fm_only,none,cuda,,2.0
31,corridor|af|K2|bbunet|@EPlatest_u7hg,/data/home/llim/FMPCC/FM-PCC/logs/UAV_MIX/uav-corridor/plans/mix_uav_af/H8_Dmodels.af_diffusion.AlphaFlowODE_9D_as1_ae0.2_bbunet/Eaf_K2_mpc4_pid_stopgo_T0.5_EPlatest_u7hg,6,test,corridor_hgb_bounds+dynamics+geo_bounds+halfspace+obstacles,dpcc-t,dpcc-t,False,corridor,af,2.0,4.0,pid_stopgo,0.5,EPlatest_u7hg,unet,Gen15,2.0,10.0,0.3,,fm_only,none,cuda,,2.0
31,corridor|af|K2|bbunet|@EPlatest_u7hg,/data/home/llim/FMPCC/FM-PCC/logs/UAV_MIX/uav-corridor/plans/mix_uav_af/H8_Dmodels.af_diffusion.AlphaFlowODE_9D_as1_ae0.2_bbunet/Eaf_K2_mpc4_pid_stopgo_T0.5_EPlatest_u7hg,6,test,corridor_hgb_bounds+dynamics+geo_bounds+halfspace+obstacles,dpcc-t-geo_free,dpcc-t-geo_free,False,corridor,af,2.0,4.0,pid_stopgo,0.5,EPlatest_u7hg,unet,Gen15,2.0,10.0,0.3,,fm_only,none,cuda,,2.0
31,corridor|af|K2|bbunet|@EPlatest_u7hg,/data/home/llim/FMPCC/FM-PCC/logs/UAV_MIX/uav-corridor/plans/mix_uav_af/H8_Dmodels.af_diffusion.AlphaFlowODE_9D_as1_ae0.2_bbunet/Eaf_K2_mpc4_pid_stopgo_T0.5_EPlatest_u7hg,6,test,corridor_hgb_bounds+dynamics+geo_bounds+halfspace+obstacles,dpcc-t-tightened,dpcc-t,True,corridor,af,2.0,4.0,pid_stopgo,0.5,EPlatest_u7hg,unet,Gen15,2.0,10.0,0.3,,fm_only,none,cuda,,2.0
32,corridor|af|K3|bbunet|@EPlatest_u17cv2,/data/home/llim/FMPCC/FM-PCC/logs/UAV_MIX/uav-corridor/plans/mix_uav_af/H8_Dmodels.af_diffusion.AlphaFlowODE_9D_as1_ae0.2_bbunet/Eaf_K3_mpc4_pid_stopgo_T0.5_EPlatest_u17cv2,6,test,corridor_cv2s_bounds+dynamics+geo_bounds+halfspace+obstacles,diffuser,diffuser,False,corridor,af,3.0,4.0,pid_stopgo,0.5,EPlatest_u17cv2,unet,Gen15,3.0,12.0,0.3,,fm_only,none,cuda,,3.0
32,corridor|af|K3|bbunet|@EPlatest_u17cv2,/data/home/llim/FMPCC/FM-PCC/logs/UAV_MIX/uav-corridor/plans/mix_uav_af/H8_Dmodels.af_diffusion.AlphaFlowODE_9D_as1_ae0.2_bbunet/Eaf_K3_mpc4_pid_stopgo_T0.5_EPlatest_u17cv2,6,test,corridor_cv2s_bounds+dynamics+geo_bounds+halfspace+obstacles,dpcc-c-bounds_free-pdes,dpcc-c-bounds_free-pdes,False,corridor,af,3.0,4.0,pid_stopgo,0.5,EPlatest_u17cv2,unet,Gen15,3.0,12.0,0.3,,fm_only,none,cuda,,3.0
32,corridor|af|K3|bbunet|@EPlatest_u17cv2,/data/home/llim/FMPCC/FM-PCC/logs/UAV_MIX/uav-corridor/plans/mix_uav_af/H8_Dmodels.af_diffusion.AlphaFlowODE_9D_as1_ae0.2_bbunet/Eaf_K3_mpc4_pid_stopgo_T0.5_EPlatest_u17cv2,6,test,corridor_cv2s_bounds+dynamics+geo_bounds+halfspace+obstacles,dpcc-c-bounds_free-pdes-tightened,dpcc-c-bounds_free-pdes,True,corridor,af,3.0,4.0,pid_stopgo,0.5,EPlatest_u17cv2,unet,Gen15,3.0,12.0,0.3,,fm_only,none,cuda,,3.0
32,corridor|af|K3|bbunet|@EPlatest_u17cv2,/data/home/llim/FMPCC/FM-PCC/logs/UAV_MIX/uav-corridor/plans/mix_uav_af/H8_Dmodels.af_diffusion.AlphaFlowODE_9D_as1_ae0.2_bbunet/Eaf_K3_mpc4_pid_stopgo_T0.5_EPlatest_u17cv2,6,test,corridor_cv2s_bounds+dynamics+geo_bounds+halfspace+obstacles,dpcc-r-bounds_free-pdes-tightened,dpcc-r-bounds_free-pdes,True,corridor,af,3.0,4.0,pid_stopgo,0.5,EPlatest_u17cv2,unet,Gen15,3.0,12.0,0.3,,fm_only,none,cuda,,3.0
32,corridor|af|K3|bbunet|@EPlatest_u17cv2,/data/home/llim/FMPCC/FM-PCC/logs/UAV_MIX/uav-corridor/plans/mix_uav_af/H8_Dmodels.af_diffusion.AlphaFlowODE_9D_as1_ae0.2_bbunet/Eaf_K3_mpc4_pid_stopgo_T0.5_EPlatest_u17cv2,6,test,corridor_cv2s_bounds+dynamics+geo_bounds+halfspace+obstacles,dpcc-t-bounds_free-pdes-tightened,dpcc-t-bounds_free-pdes,True,corridor,af,3.0,4.0,pid_stopgo,0.5,EPlatest_u17cv2,unet,Gen15,3.0,12.0,0.3,,fm_only,none,cuda,,3.0
32,corridor|af|K3|bbunet|@EPlatest_u17cv2,/data/home/llim/FMPCC/FM-PCC/logs/UAV_MIX/uav-corridor/plans/mix_uav_af/H8_Dmodels.af_diffusion.AlphaFlowODE_9D_as1_ae0.2_bbunet/Eaf_K3_mpc4_pid_stopgo_T0.5_EPlatest_u17cv2,6,test,corridor_cv2s_bounds+dynamics+geo_bounds+halfspace+obstacles,hardflow_sls-bounds_free-pdes-tightened,hardflow_sls-bounds_free-pdes,True,corridor,af,3.0,4.0,pid_stopgo,0.5,EPlatest_u17cv2,unet,Gen15,3.0,12.0,0.3,,fm_only,none,cuda,,3.0
32,corridor|af|K3|bbunet|@EPlatest_u17cv2,/data/home/llim/FMPCC/FM-PCC/logs/UAV_MIX/uav-corridor/plans/mix_uav_af/H8_Dmodels.af_diffusion.AlphaFlowODE_9D_as1_ae0.2_bbunet/Eaf_K3_mpc4_pid_stopgo_T0.5_EPlatest_u17cv2,6,test,corridor_cv2s_bounds+dynamics+geo_bounds+halfspace+obstacles,hardflow_sls-c-bounds_free-pdes-tightened,hardflow_sls-c-bounds_free-pdes,True,corridor,af,3.0,4.0,pid_stopgo,0.5,EPlatest_u17cv2,unet,Gen15,3.0,12.0,0.3,,fm_only,none,cuda,,3.0
32,corridor|af|K3|bbunet|@EPlatest_u17cv2,/data/home/llim/FMPCC/FM-PCC/logs/UAV_MIX/uav-corridor/plans/mix_uav_af/H8_Dmodels.af_diffusion.AlphaFlowODE_9D_as1_ae0.2_bbunet/Eaf_K3_mpc4_pid_stopgo_T0.5_EPlatest_u17cv2,6,test,corridor_cv2s_bounds+dynamics+geo_bounds+halfspace+obstacles,hardflow_sls-r-bounds_free-pdes-tightened,hardflow_sls-r-bounds_free-pdes,True,corridor,af,3.0,4.0,pid_stopgo,0.5,EPlatest_u17cv2,unet,Gen15,3.0,12.0,0.3,,fm_only,none,cuda,,3.0
32,corridor|af|K3|bbunet|@EPlatest_u17cv2,/data/home/llim/FMPCC/FM-PCC/logs/UAV_MIX/uav-corridor/plans/mix_uav_af/H8_Dmodels.af_diffusion.AlphaFlowODE_9D_as1_ae0.2_bbunet/Eaf_K3_mpc4_pid_stopgo_T0.5_EPlatest_u17cv2,6,test,corridor_cv2s_bounds+dynamics+geo_bounds+halfspace+obstacles,hardflow_sls-t-bounds_free-pdes-tightened,hardflow_sls-t-bounds_free-pdes,True,corridor,af,3.0,4.0,pid_stopgo,0.5,EPlatest_u17cv2,unet,Gen15,3.0,12.0,0.3,,fm_only,none,cuda,,3.0
33,corridor|af|K5|bbunet|@EPlatest_u17cv2,/data/home/llim/FMPCC/FM-PCC/logs/UAV_MIX/uav-corridor/plans/mix_uav_af/H8_Dmodels.af_diffusion.AlphaFlowODE_9D_as1_ae0.2_bbunet/Eaf_K5_mpc4_pid_stopgo_T0.5_EPlatest_u17cv2,6,test,corridor_cv2s_bounds+dynamics+geo_bounds+halfspace+obstacles,diffuser,diffuser,False,corridor,af,5.0,4.0,pid_stopgo,0.5,EPlatest_u17cv2,unet,Gen15,5.0,12.0,0.3,,fm_only,none,cuda,,5.0
33,corridor|af|K5|bbunet|@EPlatest_u17cv2,/data/home/llim/FMPCC/FM-PCC/logs/UAV_MIX/uav-corridor/plans/mix_uav_af/H8_Dmodels.af_diffusion.AlphaFlowODE_9D_as1_ae0.2_bbunet/Eaf_K5_mpc4_pid_stopgo_T0.5_EPlatest_u17cv2,6,test,corridor_cv2s_bounds+dynamics+geo_bounds+halfspace+obstacles,dpcc-c-bounds_free-pdes,dpcc-c-bounds_free-pdes,False,corridor,af,5.0,4.0,pid_stopgo,0.5,EPlatest_u17cv2,unet,Gen15,5.0,12.0,0.3,,fm_only,none,cuda,,5.0
33,corridor|af|K5|bbunet|@EPlatest_u17cv2,/data/home/llim/FMPCC/FM-PCC/logs/UAV_MIX/uav-corridor/plans/mix_uav_af/H8_Dmodels.af_diffusion.AlphaFlowODE_9D_as1_ae0.2_bbunet/Eaf_K5_mpc4_pid_stopgo_T0.5_EPlatest_u17cv2,6,test,corridor_cv2s_bounds+dynamics+geo_bounds+halfspace+obstacles,dpcc-c-bounds_free-pdes-tightened,dpcc-c-bounds_free-pdes,True,corridor,af,5.0,4.0,pid_stopgo,0.5,EPlatest_u17cv2,unet,Gen15,5.0,12.0,0.3,,fm_only,none,cuda,,5.0
33,corridor|af|K5|bbunet|@EPlatest_u17cv2,/data/home/llim/FMPCC/FM-PCC/logs/UAV_MIX/uav-corridor/plans/mix_uav_af/H8_Dmodels.af_diffusion.AlphaFlowODE_9D_as1_ae0.2_bbunet/Eaf_K5_mpc4_pid_stopgo_T0.5_EPlatest_u17cv2,6,test,corridor_cv2s_bounds+dynamics+geo_bounds+halfspace+obstacles,dpcc-r-bounds_free-pdes-tightened,dpcc-r-bounds_free-pdes,True,corridor,af,5.0,4.0,pid_stopgo,0.5,EPlatest_u17cv2,unet,Gen15,5.0,12.0,0.3,,fm_only,none,cuda,,5.0
33,corridor|af|K5|bbunet|@EPlatest_u17cv2,/data/home/llim/FMPCC/FM-PCC/logs/UAV_MIX/uav-corridor/plans/mix_uav_af/H8_Dmodels.af_diffusion.AlphaFlowODE_9D_as1_ae0.2_bbunet/Eaf_K5_mpc4_pid_stopgo_T0.5_EPlatest_u17cv2,6,test,corridor_cv2s_bounds+dynamics+geo_bounds+halfspace+obstacles,dpcc-t-bounds_free-pdes-tightened,dpcc-t-bounds_free-pdes,True,corridor,af,5.0,4.0,pid_stopgo,0.5,EPlatest_u17cv2,unet,Gen15,5.0,12.0,0.3,,fm_only,none,cuda,,5.0
33,corridor|af|K5|bbunet|@EPlatest_u17cv2,/data/home/llim/FMPCC/FM-PCC/logs/UAV_MIX/uav-corridor/plans/mix_uav_af/H8_Dmodels.af_diffusion.AlphaFlowODE_9D_as1_ae0.2_bbunet/Eaf_K5_mpc4_pid_stopgo_T0.5_EPlatest_u17cv2,6,test,corridor_cv2s_bounds+dynamics+geo_bounds+halfspace+obstacles,hardflow_sls-bounds_free-pdes-tightened,hardflow_sls-bounds_free-pdes,True,corridor,af,5.0,4.0,pid_stopgo,0.5,EPlatest_u17cv2,unet,Gen15,5.0,12.0,0.3,,fm_only,none,cuda,,5.0
33,corridor|af|K5|bbunet|@EPlatest_u17cv2,/data/home/llim/FMPCC/FM-PCC/logs/UAV_MIX/uav-corridor/plans/mix_uav_af/H8_Dmodels.af_diffusion.AlphaFlowODE_9D_as1_ae0.2_bbunet/Eaf_K5_mpc4_pid_stopgo_T0.5_EPlatest_u17cv2,6,test,corridor_cv2s_bounds+dynamics+geo_bounds+halfspace+obstacles,hardflow_sls-c-bounds_free-pdes-tightened,hardflow_sls-c-bounds_free-pdes,True,corridor,af,5.0,4.0,pid_stopgo,0.5,EPlatest_u17cv2,unet,Gen15,5.0,12.0,0.3,,fm_only,none,cuda,,5.0
33,corridor|af|K5|bbunet|@EPlatest_u17cv2,/data/home/llim/FMPCC/FM-PCC/logs/UAV_MIX/uav-corridor/plans/mix_uav_af/H8_Dmodels.af_diffusion.AlphaFlowODE_9D_as1_ae0.2_bbunet/Eaf_K5_mpc4_pid_stopgo_T0.5_EPlatest_u17cv2,6,test,corridor_cv2s_bounds+dynamics+geo_bounds+halfspace+obstacles,hardflow_sls-r-bounds_free-pdes-tightened,hardflow_sls-r-bounds_free-pdes,True,corridor,af,5.0,4.0,pid_stopgo,0.5,EPlatest_u17cv2,unet,Gen15,5.0,12.0,0.3,,fm_only,none,cuda,,5.0
33,corridor|af|K5|bbunet|@EPlatest_u17cv2,/data/home/llim/FMPCC/FM-PCC/logs/UAV_MIX/uav-corridor/plans/mix_uav_af/H8_Dmodels.af_diffusion.AlphaFlowODE_9D_as1_ae0.2_bbunet/Eaf_K5_mpc4_pid_stopgo_T0.5_EPlatest_u17cv2,6,test,corridor_cv2s_bounds+dynamics+geo_bounds+halfspace+obstacles,hardflow_sls-t-bounds_free-pdes-tightened,hardflow_sls-t-bounds_free-pdes,True,corridor,af,5.0,4.0,pid_stopgo,0.5,EPlatest_u17cv2,unet,Gen15,5.0,12.0,0.3,,fm_only,none,cuda,,5.0
34,corridor|af|K5|bbunet|@EPlatest_u7hg,/data/home/llim/FMPCC/FM-PCC/logs/UAV_MIX/uav-corridor/plans/mix_uav_af/H8_Dmodels.af_diffusion.AlphaFlowODE_9D_as1_ae0.2_bbunet/Eaf_K5_mpc4_pid_stopgo_T0.5_EPlatest_u7hg,6,test,corridor_hgb2_bounds+dynamics+geo_bounds+halfspace+obstacles,diffuser,diffuser,False,corridor,af,5.0,4.0,pid_stopgo,0.5,EPlatest_u7hg,unet,Gen15,5.0,10.0,0.3,,fm_only,none,cuda,,5.0
34,corridor|af|K5|bbunet|@EPlatest_u7hg,/data/home/llim/FMPCC/FM-PCC/logs/UAV_MIX/uav-corridor/plans/mix_uav_af/H8_Dmodels.af_diffusion.AlphaFlowODE_9D_as1_ae0.2_bbunet/Eaf_K5_mpc4_pid_stopgo_T0.5_EPlatest_u7hg,6,test,corridor_hgb2_bounds+dynamics+geo_bounds+halfspace+obstacles,dpcc-t,dpcc-t,False,corridor,af,5.0,4.0,pid_stopgo,0.5,EPlatest_u7hg,unet,Gen15,5.0,10.0,0.3,,fm_only,none,cuda,,5.0
34,corridor|af|K5|bbunet|@EPlatest_u7hg,/data/home/llim/FMPCC/FM-PCC/logs/UAV_MIX/uav-corridor/plans/mix_uav_af/H8_Dmodels.af_diffusion.AlphaFlowODE_9D_as1_ae0.2_bbunet/Eaf_K5_mpc4_pid_stopgo_T0.5_EPlatest_u7hg,6,test,corridor_hgb2_bounds+dynamics+geo_bounds+halfspace+obstacles,dpcc-t-geo_free,dpcc-t-geo_free,False,corridor,af,5.0,4.0,pid_stopgo,0.5,EPlatest_u7hg,unet,Gen15,5.0,10.0,0.3,,fm_only,none,cuda,,5.0
34,corridor|af|K5|bbunet|@EPlatest_u7hg,/data/home/llim/FMPCC/FM-PCC/logs/UAV_MIX/uav-corridor/plans/mix_uav_af/H8_Dmodels.af_diffusion.AlphaFlowODE_9D_as1_ae0.2_bbunet/Eaf_K5_mpc4_pid_stopgo_T0.5_EPlatest_u7hg,6,test,corridor_hgb2_bounds+dynamics+geo_bounds+halfspace+obstacles,dpcc-t-tightened,dpcc-t,True,corridor,af,5.0,4.0,pid_stopgo,0.5,EPlatest_u7hg,unet,Gen15,5.0,10.0,0.3,,fm_only,none,cuda,,5.0
34,corridor|af|K5|bbunet|@EPlatest_u7hg,/data/home/llim/FMPCC/FM-PCC/logs/UAV_MIX/uav-corridor/plans/mix_uav_af/H8_Dmodels.af_diffusion.AlphaFlowODE_9D_as1_ae0.2_bbunet/Eaf_K5_mpc4_pid_stopgo_T0.5_EPlatest_u7hg,6,test,corridor_hgb2_bounds+dynamics+geo_bounds+halfspace+obstacles,hardflow_sls,hardflow_sls,False,corridor,af,5.0,4.0,pid_stopgo,0.5,EPlatest_u7hg,unet,Gen15,5.0,10.0,0.3,,fm_only,none,cuda,,5.0
34,corridor|af|K5|bbunet|@EPlatest_u7hg,/data/home/llim/FMPCC/FM-PCC/logs/UAV_MIX/uav-corridor/plans/mix_uav_af/H8_Dmodels.af_diffusion.AlphaFlowODE_9D_as1_ae0.2_bbunet/Eaf_K5_mpc4_pid_stopgo_T0.5_EPlatest_u7hg,6,test,corridor_hgb2_bounds+dynamics+geo_bounds+halfspace+obstacles,hardflow_sls-t,hardflow_sls-t,False,corridor,af,5.0,4.0,pid_stopgo,0.5,EPlatest_u7hg,unet,Gen15,5.0,10.0,0.3,,fm_only,none,cuda,,5.0
34,corridor|af|K5|bbunet|@EPlatest_u7hg,/data/home/llim/FMPCC/FM-PCC/logs/UAV_MIX/uav-corridor/plans/mix_uav_af/H8_Dmodels.af_diffusion.AlphaFlowODE_9D_as1_ae0.2_bbunet/Eaf_K5_mpc4_pid_stopgo_T0.5_EPlatest_u7hg,6,test,corridor_hgb2_bounds+dynamics+geo_bounds+halfspace+obstacles,hardflow_sls-t-geo_free,hardflow_sls-t-geo_free,False,corridor,af,5.0,4.0,pid_stopgo,0.5,EPlatest_u7hg,unet,Gen15,5.0,10.0,0.3,,fm_only,none,cuda,,5.0
34,corridor|af|K5|bbunet|@EPlatest_u7hg,/data/home/llim/FMPCC/FM-PCC/logs/UAV_MIX/uav-corridor/plans/mix_uav_af/H8_Dmodels.af_diffusion.AlphaFlowODE_9D_as1_ae0.2_bbunet/Eaf_K5_mpc4_pid_stopgo_T0.5_EPlatest_u7hg,6,test,corridor_hgb_bounds+dynamics+geo_bounds+halfspace+obstacles,diffuser,diffuser,False,corridor,af,5.0,4.0,pid_stopgo,0.5,EPlatest_u7hg,unet,Gen15,5.0,10.0,0.3,,fm_only,none,cuda,,5.0
34,corridor|af|K5|bbunet|@EPlatest_u7hg,/data/home/llim/FMPCC/FM-PCC/logs/UAV_MIX/uav-corridor/plans/mix_uav_af/H8_Dmodels.af_diffusion.AlphaFlowODE_9D_as1_ae0.2_bbunet/Eaf_K5_mpc4_pid_stopgo_T0.5_EPlatest_u7hg,6,test,corridor_hgb_bounds+dynamics+geo_bounds+halfspace+obstacles,dpcc-t,dpcc-t,False,corridor,af,5.0,4.0,pid_stopgo,0.5,EPlatest_u7hg,unet,Gen15,5.0,10.0,0.3,,fm_only,none,cuda,,5.0
34,corridor|af|K5|bbunet|@EPlatest_u7hg,/data/home/llim/FMPCC/FM-PCC/logs/UAV_MIX/uav-corridor/plans/mix_uav_af/H8_Dmodels.af_diffusion.AlphaFlowODE_9D_as1_ae0.2_bbunet/Eaf_K5_mpc4_pid_stopgo_T0.5_EPlatest_u7hg,6,test,corridor_hgb_bounds+dynamics+geo_bounds+halfspace+obstacles,dpcc-t-geo_free,dpcc-t-geo_free,False,corridor,af,5.0,4.0,pid_stopgo,0.5,EPlatest_u7hg,unet,Gen15,5.0,10.0,0.3,,fm_only,none,cuda,,5.0
34,corridor|af|K5|bbunet|@EPlatest_u7hg,/data/home/llim/FMPCC/FM-PCC/logs/UAV_MIX/uav-corridor/plans/mix_uav_af/H8_Dmodels.af_diffusion.AlphaFlowODE_9D_as1_ae0.2_bbunet/Eaf_K5_mpc4_pid_stopgo_T0.5_EPlatest_u7hg,6,test,corridor_hgb_bounds+dynamics+geo_bounds+halfspace+obstacles,dpcc-t-tightened,dpcc-t,True,corridor,af,5.0,4.0,pid_stopgo,0.5,EPlatest_u7hg,unet,Gen15,5.0,10.0,0.3,,fm_only,none,cuda,,5.0
34,corridor|af|K5|bbunet|@EPlatest_u7hg,/data/home/llim/FMPCC/FM-PCC/logs/UAV_MIX/uav-corridor/plans/mix_uav_af/H8_Dmodels.af_diffusion.AlphaFlowODE_9D_as1_ae0.2_bbunet/Eaf_K5_mpc4_pid_stopgo_T0.5_EPlatest_u7hg,6,test,corridor_hgb_bounds+dynamics+geo_bounds+halfspace+obstacles,hardflow_sls,hardflow_sls,False,corridor,af,5.0,4.0,pid_stopgo,0.5,EPlatest_u7hg,unet,Gen15,5.0,10.0,0.3,,fm_only,none,cuda,,5.0
34,corridor|af|K5|bbunet|@EPlatest_u7hg,/data/home/llim/FMPCC/FM-PCC/logs/UAV_MIX/uav-corridor/plans/mix_uav_af/H8_Dmodels.af_diffusion.AlphaFlowODE_9D_as1_ae0.2_bbunet/Eaf_K5_mpc4_pid_stopgo_T0.5_EPlatest_u7hg,6,test,corridor_hgb_bounds+dynamics+geo_bounds+halfspace+obstacles,hardflow_sls-t,hardflow_sls-t,False,corridor,af,5.0,4.0,pid_stopgo,0.5,EPlatest_u7hg,unet,Gen15,5.0,10.0,0.3,,fm_only,none,cuda,,5.0
34,corridor|af|K5|bbunet|@EPlatest_u7hg,/data/home/llim/FMPCC/FM-PCC/logs/UAV_MIX/uav-corridor/plans/mix_uav_af/H8_Dmodels.af_diffusion.AlphaFlowODE_9D_as1_ae0.2_bbunet/Eaf_K5_mpc4_pid_stopgo_T0.5_EPlatest_u7hg,6,test,corridor_hgb_bounds+dynamics+geo_bounds+halfspace+obstacles,hardflow_sls-t-geo_free,hardflow_sls-t-geo_free,False,corridor,af,5.0,4.0,pid_stopgo,0.5,EPlatest_u7hg,unet,Gen15,5.0,10.0,0.3,,fm_only,none,cuda,,5.0
35,corridor|af|K1|bbsit,/data/home/llim/FMPCC/FM-PCC/logs/UAV_MIX/uav-corridor/plans/mix_uav_af/H8_Dmodels.af_diffusion.AlphaFlowODE_9D_as1_ae0_bbsit/Eaf_K1_mpc4_pid_stopgo_T0.5,6,test,corridor_bounds+dynamics+geo_bounds+halfspace+obstacles,bounds_free,bounds_free,False,corridor,af,1.0,4.0,pid_stopgo,0.5,,sit,Gen15,1.0,10.0,0.3,best,fm_only,none,cuda,,1.0
35,corridor|af|K1|bbsit,/data/home/llim/FMPCC/FM-PCC/logs/UAV_MIX/uav-corridor/plans/mix_uav_af/H8_Dmodels.af_diffusion.AlphaFlowODE_9D_as1_ae0_bbsit/Eaf_K1_mpc4_pid_stopgo_T0.5,6,test,corridor_bounds+dynamics+geo_bounds+halfspace+obstacles,bounds_free-tightened,bounds_free,True,corridor,af,1.0,4.0,pid_stopgo,0.5,,sit,Gen15,1.0,10.0,0.3,best,fm_only,none,cuda,,1.0
35,corridor|af|K1|bbsit,/data/home/llim/FMPCC/FM-PCC/logs/UAV_MIX/uav-corridor/plans/mix_uav_af/H8_Dmodels.af_diffusion.AlphaFlowODE_9D_as1_ae0_bbsit/Eaf_K1_mpc4_pid_stopgo_T0.5,6,test,corridor_bounds+dynamics+geo_bounds+halfspace+obstacles,diffuser,diffuser,False,corridor,af,1.0,4.0,pid_stopgo,0.5,,sit,Gen15,1.0,10.0,0.3,best,fm_only,none,cuda,,1.0
35,corridor|af|K1|bbsit,/data/home/llim/FMPCC/FM-PCC/logs/UAV_MIX/uav-corridor/plans/mix_uav_af/H8_Dmodels.af_diffusion.AlphaFlowODE_9D_as1_ae0_bbsit/Eaf_K1_mpc4_pid_stopgo_T0.5,6,test,corridor_bounds+dynamics+geo_bounds+halfspace+obstacles,dpcc-c,dpcc-c,False,corridor,af,1.0,4.0,pid_stopgo,0.5,,sit,Gen15,1.0,10.0,0.3,best,fm_only,none,cuda,,1.0
35,corridor|af|K1|bbsit,/data/home/llim/FMPCC/FM-PCC/logs/UAV_MIX/uav-corridor/plans/mix_uav_af/H8_Dmodels.af_diffusion.AlphaFlowODE_9D_as1_ae0_bbsit/Eaf_K1_mpc4_pid_stopgo_T0.5,6,test,corridor_bounds+dynamics+geo_bounds+halfspace+obstacles,dpcc-c-tightened,dpcc-c,True,corridor,af,1.0,4.0,pid_stopgo,0.5,,sit,Gen15,1.0,10.0,0.3,best,fm_only,none,cuda,,1.0
35,corridor|af|K1|bbsit,/data/home/llim/FMPCC/FM-PCC/logs/UAV_MIX/uav-corridor/plans/mix_uav_af/H8_Dmodels.af_diffusion.AlphaFlowODE_9D_as1_ae0_bbsit/Eaf_K1_mpc4_pid_stopgo_T0.5,6,test,corridor_bounds+dynamics+geo_bounds+halfspace+obstacles,dpcc-r,dpcc-r,False,corridor,af,1.0,4.0,pid_stopgo,0.5,,sit,Gen15,1.0,10.0,0.3,best,fm_only,none,cuda,,1.0
35,corridor|af|K1|bbsit,/data/home/llim/FMPCC/FM-PCC/logs/UAV_MIX/uav-corridor/plans/mix_uav_af/H8_Dmodels.af_diffusion.AlphaFlowODE_9D_as1_ae0_bbsit/Eaf_K1_mpc4_pid_stopgo_T0.5,6,test,corridor_bounds+dynamics+geo_bounds+halfspace+obstacles,dpcc-r-tightened,dpcc-r,True,corridor,af,1.0,4.0,pid_stopgo,0.5,,sit,Gen15,1.0,10.0,0.3,best,fm_only,none,cuda,,1.0
35,corridor|af|K1|bbsit,/data/home/llim/FMPCC/FM-PCC/logs/UAV_MIX/uav-corridor/plans/mix_uav_af/H8_Dmodels.af_diffusion.AlphaFlowODE_9D_as1_ae0_bbsit/Eaf_K1_mpc4_pid_stopgo_T0.5,6,test,corridor_bounds+dynamics+geo_bounds+halfspace+obstacles,dpcc-t,dpcc-t,False,corridor,af,1.0,4.0,pid_stopgo,0.5,,sit,Gen15,1.0,10.0,0.3,best,fm_only,none,cuda,,1.0
35,corridor|af|K1|bbsit,/data/home/llim/FMPCC/FM-PCC/logs/UAV_MIX/uav-corridor/plans/mix_uav_af/H8_Dmodels.af_diffusion.AlphaFlowODE_9D_as1_ae0_bbsit/Eaf_K1_mpc4_pid_stopgo_T0.5,6,test,corridor_bounds+dynamics+geo_bounds+halfspace+obstacles,dpcc-t-tightened,dpcc-t,True,corridor,af,1.0,4.0,pid_stopgo,0.5,,sit,Gen15,1.0,10.0,0.3,best,fm_only,none,cuda,,1.0
35,corridor|af|K1|bbsit,/data/home/llim/FMPCC/FM-PCC/logs/UAV_MIX/uav-corridor/plans/mix_uav_af/H8_Dmodels.af_diffusion.AlphaFlowODE_9D_as1_ae0_bbsit/Eaf_K1_mpc4_pid_stopgo_T0.5,6,test,corridor_bounds+dynamics+geo_bounds+halfspace+obstacles,geo_free,geo_free,False,corridor,af,1.0,4.0,pid_stopgo,0.5,,sit,Gen15,1.0,10.0,0.3,best,fm_only,none,cuda,,1.0
35,corridor|af|K1|bbsit,/data/home/llim/FMPCC/FM-PCC/logs/UAV_MIX/uav-corridor/plans/mix_uav_af/H8_Dmodels.af_diffusion.AlphaFlowODE_9D_as1_ae0_bbsit/Eaf_K1_mpc4_pid_stopgo_T0.5,6,test,corridor_bounds+dynamics+geo_bounds+halfspace+obstacles,geo_free-bounds_free,geo_free-bounds_free,False,corridor,af,1.0,4.0,pid_stopgo,0.5,,sit,Gen15,1.0,10.0,0.3,best,fm_only,none,cuda,,1.0
35,corridor|af|K1|bbsit,/data/home/llim/FMPCC/FM-PCC/logs/UAV_MIX/uav-corridor/plans/mix_uav_af/H8_Dmodels.af_diffusion.AlphaFlowODE_9D_as1_ae0_bbsit/Eaf_K1_mpc4_pid_stopgo_T0.5,6,test,corridor_bounds+dynamics+geo_bounds+halfspace+obstacles,geo_free-model_free,geo_free-model_free,False,corridor,af,1.0,4.0,pid_stopgo,0.5,,sit,Gen15,1.0,10.0,0.3,best,fm_only,none,cuda,,1.0
35,corridor|af|K1|bbsit,/data/home/llim/FMPCC/FM-PCC/logs/UAV_MIX/uav-corridor/plans/mix_uav_af/H8_Dmodels.af_diffusion.AlphaFlowODE_9D_as1_ae0_bbsit/Eaf_K1_mpc4_pid_stopgo_T0.5,6,test,corridor_bounds+dynamics+geo_bounds+halfspace+obstacles,gradient,gradient,False,corridor,af,1.0,4.0,pid_stopgo,0.5,,sit,Gen15,1.0,10.0,0.3,best,fm_only,none,cuda,,1.0
35,corridor|af|K1|bbsit,/data/home/llim/FMPCC/FM-PCC/logs/UAV_MIX/uav-corridor/plans/mix_uav_af/H8_Dmodels.af_diffusion.AlphaFlowODE_9D_as1_ae0_bbsit/Eaf_K1_mpc4_pid_stopgo_T0.5,6,test,corridor_bounds+dynamics+geo_bounds+halfspace+obstacles,gradient-tightened,gradient,True,corridor,af,1.0,4.0,pid_stopgo,0.5,,sit,Gen15,1.0,10.0,0.3,best,fm_only,none,cuda,,1.0
35,corridor|af|K1|bbsit,/data/home/llim/FMPCC/FM-PCC/logs/UAV_MIX/uav-corridor/plans/mix_uav_af/H8_Dmodels.af_diffusion.AlphaFlowODE_9D_as1_ae0_bbsit/Eaf_K1_mpc4_pid_stopgo_T0.5,6,test,corridor_bounds+dynamics+geo_bounds+halfspace+obstacles,hardflow_new-c,hardflow_new-c,False,corridor,af,1.0,4.0,pid_stopgo,0.5,,sit,Gen15,1.0,10.0,0.3,best,fm_only,none,cuda,,1.0
35,corridor|af|K1|bbsit,/data/home/llim/FMPCC/FM-PCC/logs/UAV_MIX/uav-corridor/plans/mix_uav_af/H8_Dmodels.af_diffusion.AlphaFlowODE_9D_as1_ae0_bbsit/Eaf_K1_mpc4_pid_stopgo_T0.5,6,test,corridor_bounds+dynamics+geo_bounds+halfspace+obstacles,hardflow_new-r,hardflow_new-r,False,corridor,af,1.0,4.0,pid_stopgo,0.5,,sit,Gen15,1.0,10.0,0.3,best,fm_only,none,cuda,,1.0
35,corridor|af|K1|bbsit,/data/home/llim/FMPCC/FM-PCC/logs/UAV_MIX/uav-corridor/plans/mix_uav_af/H8_Dmodels.af_diffusion.AlphaFlowODE_9D_as1_ae0_bbsit/Eaf_K1_mpc4_pid_stopgo_T0.5,6,test,corridor_bounds+dynamics+geo_bounds+halfspace+obstacles,hardflow_new-t,hardflow_new-t,False,corridor,af,1.0,4.0,pid_stopgo,0.5,,sit,Gen15,1.0,10.0,0.3,best,fm_only,none,cuda,,1.0
35,corridor|af|K1|bbsit,/data/home/llim/FMPCC/FM-PCC/logs/UAV_MIX/uav-corridor/plans/mix_uav_af/H8_Dmodels.af_diffusion.AlphaFlowODE_9D_as1_ae0_bbsit/Eaf_K1_mpc4_pid_stopgo_T0.5,6,test,corridor_bounds+dynamics+geo_bounds+halfspace+obstacles,model_free,model_free,False,corridor,af,1.0,4.0,pid_stopgo,0.5,,sit,Gen15,1.0,10.0,0.3,best,fm_only,none,cuda,,1.0
35,corridor|af|K1|bbsit,/data/home/llim/FMPCC/FM-PCC/logs/UAV_MIX/uav-corridor/plans/mix_uav_af/H8_Dmodels.af_diffusion.AlphaFlowODE_9D_as1_ae0_bbsit/Eaf_K1_mpc4_pid_stopgo_T0.5,6,test,corridor_bounds+dynamics+geo_bounds+halfspace+obstacles,model_free-bounds_free,model_free-bounds_free,False,corridor,af,1.0,4.0,pid_stopgo,0.5,,sit,Gen15,1.0,10.0,0.3,best,fm_only,none,cuda,,1.0
35,corridor|af|K1|bbsit,/data/home/llim/FMPCC/FM-PCC/logs/UAV_MIX/uav-corridor/plans/mix_uav_af/H8_Dmodels.af_diffusion.AlphaFlowODE_9D_as1_ae0_bbsit/Eaf_K1_mpc4_pid_stopgo_T0.5,6,test,corridor_bounds+dynamics+geo_bounds+halfspace+obstacles,model_free-bounds_free-tightened,model_free-bounds_free,True,corridor,af,1.0,4.0,pid_stopgo,0.5,,sit,Gen15,1.0,10.0,0.3,best,fm_only,none,cuda,,1.0
35,corridor|af|K1|bbsit,/data/home/llim/FMPCC/FM-PCC/logs/UAV_MIX/uav-corridor/plans/mix_uav_af/H8_Dmodels.af_diffusion.AlphaFlowODE_9D_as1_ae0_bbsit/Eaf_K1_mpc4_pid_stopgo_T0.5,6,test,corridor_bounds+dynamics+geo_bounds+halfspace+obstacles,model_free-tightened,model_free,True,corridor,af,1.0,4.0,pid_stopgo,0.5,,sit,Gen15,1.0,10.0,0.3,best,fm_only,none,cuda,,1.0
35,corridor|af|K1|bbsit,/data/home/llim/FMPCC/FM-PCC/logs/UAV_MIX/uav-corridor/plans/mix_uav_af/H8_Dmodels.af_diffusion.AlphaFlowODE_9D_as1_ae0_bbsit/Eaf_K1_mpc4_pid_stopgo_T0.5,6,test,corridor_bounds+dynamics+geo_bounds+halfspace+obstacles,post_processing,post_processing,False,corridor,af,1.0,4.0,pid_stopgo,0.5,,sit,Gen15,1.0,10.0,0.3,best,fm_only,none,cuda,,1.0
35,corridor|af|K1|bbsit,/data/home/llim/FMPCC/FM-PCC/logs/UAV_MIX/uav-corridor/plans/mix_uav_af/H8_Dmodels.af_diffusion.AlphaFlowODE_9D_as1_ae0_bbsit/Eaf_K1_mpc4_pid_stopgo_T0.5,6,test,corridor_bounds+dynamics+geo_bounds+halfspace+obstacles,post_processing-tightened,post_processing,True,corridor,af,1.0,4.0,pid_stopgo,0.5,,sit,Gen15,1.0,10.0,0.3,best,fm_only,none,cuda,,1.0
36,corridor|af|K2|bbsit,/data/home/llim/FMPCC/FM-PCC/logs/UAV_MIX/uav-corridor/plans/mix_uav_af/H8_Dmodels.af_diffusion.AlphaFlowODE_9D_as1_ae0_bbsit/Eaf_K2_mpc4_pid_stopgo_T0.5,6,test,corridor_bounds+dynamics+geo_bounds+halfspace+obstacles,bounds_free,bounds_free,False,corridor,af,2.0,4.0,pid_stopgo,0.5,,sit,Gen15,2.0,10.0,0.3,best,fm_only,none,cuda,,2.0
36,corridor|af|K2|bbsit,/data/home/llim/FMPCC/FM-PCC/logs/UAV_MIX/uav-corridor/plans/mix_uav_af/H8_Dmodels.af_diffusion.AlphaFlowODE_9D_as1_ae0_bbsit/Eaf_K2_mpc4_pid_stopgo_T0.5,6,test,corridor_bounds+dynamics+geo_bounds+halfspace+obstacles,bounds_free-tightened,bounds_free,True,corridor,af,2.0,4.0,pid_stopgo,0.5,,sit,Gen15,2.0,10.0,0.3,best,fm_only,none,cuda,,2.0
36,corridor|af|K2|bbsit,/data/home/llim/FMPCC/FM-PCC/logs/UAV_MIX/uav-corridor/plans/mix_uav_af/H8_Dmodels.af_diffusion.AlphaFlowODE_9D_as1_ae0_bbsit/Eaf_K2_mpc4_pid_stopgo_T0.5,6,test,corridor_bounds+dynamics+geo_bounds+halfspace+obstacles,diffuser,diffuser,False,corridor,af,2.0,4.0,pid_stopgo,0.5,,sit,Gen15,2.0,10.0,0.3,best,fm_only,none,cuda,,2.0
36,corridor|af|K2|bbsit,/data/home/llim/FMPCC/FM-PCC/logs/UAV_MIX/uav-corridor/plans/mix_uav_af/H8_Dmodels.af_diffusion.AlphaFlowODE_9D_as1_ae0_bbsit/Eaf_K2_mpc4_pid_stopgo_T0.5,6,test,corridor_bounds+dynamics+geo_bounds+halfspace+obstacles,dpcc-c,dpcc-c,False,corridor,af,2.0,4.0,pid_stopgo,0.5,,sit,Gen15,2.0,10.0,0.3,best,fm_only,none,cuda,,2.0
36,corridor|af|K2|bbsit,/data/home/llim/FMPCC/FM-PCC/logs/UAV_MIX/uav-corridor/plans/mix_uav_af/H8_Dmodels.af_diffusion.AlphaFlowODE_9D_as1_ae0_bbsit/Eaf_K2_mpc4_pid_stopgo_T0.5,6,test,corridor_bounds+dynamics+geo_bounds+halfspace+obstacles,dpcc-c-tightened,dpcc-c,True,corridor,af,2.0,4.0,pid_stopgo,0.5,,sit,Gen15,2.0,10.0,0.3,best,fm_only,none,cuda,,2.0
36,corridor|af|K2|bbsit,/data/home/llim/FMPCC/FM-PCC/logs/UAV_MIX/uav-corridor/plans/mix_uav_af/H8_Dmodels.af_diffusion.AlphaFlowODE_9D_as1_ae0_bbsit/Eaf_K2_mpc4_pid_stopgo_T0.5,6,test,corridor_bounds+dynamics+geo_bounds+halfspace+obstacles,dpcc-r,dpcc-r,False,corridor,af,2.0,4.0,pid_stopgo,0.5,,sit,Gen15,2.0,10.0,0.3,best,fm_only,none,cuda,,2.0
36,corridor|af|K2|bbsit,/data/home/llim/FMPCC/FM-PCC/logs/UAV_MIX/uav-corridor/plans/mix_uav_af/H8_Dmodels.af_diffusion.AlphaFlowODE_9D_as1_ae0_bbsit/Eaf_K2_mpc4_pid_stopgo_T0.5,6,test,corridor_bounds+dynamics+geo_bounds+halfspace+obstacles,dpcc-r-tightened,dpcc-r,True,corridor,af,2.0,4.0,pid_stopgo,0.5,,sit,Gen15,2.0,10.0,0.3,best,fm_only,none,cuda,,2.0
36,corridor|af|K2|bbsit,/data/home/llim/FMPCC/FM-PCC/logs/UAV_MIX/uav-corridor/plans/mix_uav_af/H8_Dmodels.af_diffusion.AlphaFlowODE_9D_as1_ae0_bbsit/Eaf_K2_mpc4_pid_stopgo_T0.5,6,test,corridor_bounds+dynamics+geo_bounds+halfspace+obstacles,dpcc-t,dpcc-t,False,corridor,af,2.0,4.0,pid_stopgo,0.5,,sit,Gen15,2.0,10.0,0.3,best,fm_only,none,cuda,,2.0
36,corridor|af|K2|bbsit,/data/home/llim/FMPCC/FM-PCC/logs/UAV_MIX/uav-corridor/plans/mix_uav_af/H8_Dmodels.af_diffusion.AlphaFlowODE_9D_as1_ae0_bbsit/Eaf_K2_mpc4_pid_stopgo_T0.5,6,test,corridor_bounds+dynamics+geo_bounds+halfspace+obstacles,dpcc-t-tightened,dpcc-t,True,corridor,af,2.0,4.0,pid_stopgo,0.5,,sit,Gen15,2.0,10.0,0.3,best,fm_only,none,cuda,,2.0
36,corridor|af|K2|bbsit,/data/home/llim/FMPCC/FM-PCC/logs/UAV_MIX/uav-corridor/plans/mix_uav_af/H8_Dmodels.af_diffusion.AlphaFlowODE_9D_as1_ae0_bbsit/Eaf_K2_mpc4_pid_stopgo_T0.5,6,test,corridor_bounds+dynamics+geo_bounds+halfspace+obstacles,geo_free,geo_free,False,corridor,af,2.0,4.0,pid_stopgo,0.5,,sit,Gen15,2.0,10.0,0.3,best,fm_only,none,cuda,,2.0
36,corridor|af|K2|bbsit,/data/home/llim/FMPCC/FM-PCC/logs/UAV_MIX/uav-corridor/plans/mix_uav_af/H8_Dmodels.af_diffusion.AlphaFlowODE_9D_as1_ae0_bbsit/Eaf_K2_mpc4_pid_stopgo_T0.5,6,test,corridor_bounds+dynamics+geo_bounds+halfspace+obstacles,geo_free-bounds_free,geo_free-bounds_free,False,corridor,af,2.0,4.0,pid_stopgo,0.5,,sit,Gen15,2.0,10.0,0.3,best,fm_only,none,cuda,,2.0
36,corridor|af|K2|bbsit,/data/home/llim/FMPCC/FM-PCC/logs/UAV_MIX/uav-corridor/plans/mix_uav_af/H8_Dmodels.af_diffusion.AlphaFlowODE_9D_as1_ae0_bbsit/Eaf_K2_mpc4_pid_stopgo_T0.5,6,test,corridor_bounds+dynamics+geo_bounds+halfspace+obstacles,geo_free-model_free,geo_free-model_free,False,corridor,af,2.0,4.0,pid_stopgo,0.5,,sit,Gen15,2.0,10.0,0.3,best,fm_only,none,cuda,,2.0
36,corridor|af|K2|bbsit,/data/home/llim/FMPCC/FM-PCC/logs/UAV_MIX/uav-corridor/plans/mix_uav_af/H8_Dmodels.af_diffusion.AlphaFlowODE_9D_as1_ae0_bbsit/Eaf_K2_mpc4_pid_stopgo_T0.5,6,test,corridor_bounds+dynamics+geo_bounds+halfspace+obstacles,gradient,gradient,False,corridor,af,2.0,4.0,pid_stopgo,0.5,,sit,Gen15,2.0,10.0,0.3,best,fm_only,none,cuda,,2.0
36,corridor|af|K2|bbsit,/data/home/llim/FMPCC/FM-PCC/logs/UAV_MIX/uav-corridor/plans/mix_uav_af/H8_Dmodels.af_diffusion.AlphaFlowODE_9D_as1_ae0_bbsit/Eaf_K2_mpc4_pid_stopgo_T0.5,6,test,corridor_bounds+dynamics+geo_bounds+halfspace+obstacles,gradient-tightened,gradient,True,corridor,af,2.0,4.0,pid_stopgo,0.5,,sit,Gen15,2.0,10.0,0.3,best,fm_only,none,cuda,,2.0
36,corridor|af|K2|bbsit,/data/home/llim/FMPCC/FM-PCC/logs/UAV_MIX/uav-corridor/plans/mix_uav_af/H8_Dmodels.af_diffusion.AlphaFlowODE_9D_as1_ae0_bbsit/Eaf_K2_mpc4_pid_stopgo_T0.5,6,test,corridor_bounds+dynamics+geo_bounds+halfspace+obstacles,hardflow_new-c,hardflow_new-c,False,corridor,af,2.0,4.0,pid_stopgo,0.5,,sit,Gen15,2.0,10.0,0.3,best,fm_only,none,cuda,,2.0
36,corridor|af|K2|bbsit,/data/home/llim/FMPCC/FM-PCC/logs/UAV_MIX/uav-corridor/plans/mix_uav_af/H8_Dmodels.af_diffusion.AlphaFlowODE_9D_as1_ae0_bbsit/Eaf_K2_mpc4_pid_stopgo_T0.5,6,test,corridor_bounds+dynamics+geo_bounds+halfspace+obstacles,hardflow_new-r,hardflow_new-r,False,corridor,af,2.0,4.0,pid_stopgo,0.5,,sit,Gen15,2.0,10.0,0.3,best,fm_only,none,cuda,,2.0
36,corridor|af|K2|bbsit,/data/home/llim/FMPCC/FM-PCC/logs/UAV_MIX/uav-corridor/plans/mix_uav_af/H8_Dmodels.af_diffusion.AlphaFlowODE_9D_as1_ae0_bbsit/Eaf_K2_mpc4_pid_stopgo_T0.5,6,test,corridor_bounds+dynamics+geo_bounds+halfspace+obstacles,hardflow_new-t,hardflow_new-t,False,corridor,af,2.0,4.0,pid_stopgo,0.5,,sit,Gen15,2.0,10.0,0.3,best,fm_only,none,cuda,,2.0
36,corridor|af|K2|bbsit,/data/home/llim/FMPCC/FM-PCC/logs/UAV_MIX/uav-corridor/plans/mix_uav_af/H8_Dmodels.af_diffusion.AlphaFlowODE_9D_as1_ae0_bbsit/Eaf_K2_mpc4_pid_stopgo_T0.5,6,test,corridor_bounds+dynamics+geo_bounds+halfspace+obstacles,model_free,model_free,False,corridor,af,2.0,4.0,pid_stopgo,0.5,,sit,Gen15,2.0,10.0,0.3,best,fm_only,none,cuda,,2.0
36,corridor|af|K2|bbsit,/data/home/llim/FMPCC/FM-PCC/logs/UAV_MIX/uav-corridor/plans/mix_uav_af/H8_Dmodels.af_diffusion.AlphaFlowODE_9D_as1_ae0_bbsit/Eaf_K2_mpc4_pid_stopgo_T0.5,6,test,corridor_bounds+dynamics+geo_bounds+halfspace+obstacles,model_free-bounds_free,model_free-bounds_free,False,corridor,af,2.0,4.0,pid_stopgo,0.5,,sit,Gen15,2.0,10.0,0.3,best,fm_only,none,cuda,,2.0
36,corridor|af|K2|bbsit,/data/home/llim/FMPCC/FM-PCC/logs/UAV_MIX/uav-corridor/plans/mix_uav_af/H8_Dmodels.af_diffusion.AlphaFlowODE_9D_as1_ae0_bbsit/Eaf_K2_mpc4_pid_stopgo_T0.5,6,test,corridor_bounds+dynamics+geo_bounds+halfspace+obstacles,model_free-bounds_free-tightened,model_free-bounds_free,True,corridor,af,2.0,4.0,pid_stopgo,0.5,,sit,Gen15,2.0,10.0,0.3,best,fm_only,none,cuda,,2.0
36,corridor|af|K2|bbsit,/data/home/llim/FMPCC/FM-PCC/logs/UAV_MIX/uav-corridor/plans/mix_uav_af/H8_Dmodels.af_diffusion.AlphaFlowODE_9D_as1_ae0_bbsit/Eaf_K2_mpc4_pid_stopgo_T0.5,6,test,corridor_bounds+dynamics+geo_bounds+halfspace+obstacles,model_free-tightened,model_free,True,corridor,af,2.0,4.0,pid_stopgo,0.5,,sit,Gen15,2.0,10.0,0.3,best,fm_only,none,cuda,,2.0
36,corridor|af|K2|bbsit,/data/home/llim/FMPCC/FM-PCC/logs/UAV_MIX/uav-corridor/plans/mix_uav_af/H8_Dmodels.af_diffusion.AlphaFlowODE_9D_as1_ae0_bbsit/Eaf_K2_mpc4_pid_stopgo_T0.5,6,test,corridor_bounds+dynamics+geo_bounds+halfspace+obstacles,post_processing,post_processing,False,corridor,af,2.0,4.0,pid_stopgo,0.5,,sit,Gen15,2.0,10.0,0.3,best,fm_only,none,cuda,,2.0
36,corridor|af|K2|bbsit,/data/home/llim/FMPCC/FM-PCC/logs/UAV_MIX/uav-corridor/plans/mix_uav_af/H8_Dmodels.af_diffusion.AlphaFlowODE_9D_as1_ae0_bbsit/Eaf_K2_mpc4_pid_stopgo_T0.5,6,test,corridor_bounds+dynamics+geo_bounds+halfspace+obstacles,post_processing-tightened,post_processing,True,corridor,af,2.0,4.0,pid_stopgo,0.5,,sit,Gen15,2.0,10.0,0.3,best,fm_only,none,cuda,,2.0
37,corridor|af|K5|bbsit,/data/home/llim/FMPCC/FM-PCC/logs/UAV_MIX/uav-corridor/plans/mix_uav_af/H8_Dmodels.af_diffusion.AlphaFlowODE_9D_as1_ae0_bbsit/Eaf_K5_mpc4_pid_stopgo_T0.5,6,test,corridor_bounds+dynamics+geo_bounds+halfspace+obstacles,bounds_free,bounds_free,False,corridor,af,5.0,4.0,pid_stopgo,0.5,,sit,Gen15,5.0,10.0,0.3,best,fm_only,none,cuda,,5.0
37,corridor|af|K5|bbsit,/data/home/llim/FMPCC/FM-PCC/logs/UAV_MIX/uav-corridor/plans/mix_uav_af/H8_Dmodels.af_diffusion.AlphaFlowODE_9D_as1_ae0_bbsit/Eaf_K5_mpc4_pid_stopgo_T0.5,6,test,corridor_bounds+dynamics+geo_bounds+halfspace+obstacles,bounds_free-tightened,bounds_free,True,corridor,af,5.0,4.0,pid_stopgo,0.5,,sit,Gen15,5.0,10.0,0.3,best,fm_only,none,cuda,,5.0
37,corridor|af|K5|bbsit,/data/home/llim/FMPCC/FM-PCC/logs/UAV_MIX/uav-corridor/plans/mix_uav_af/H8_Dmodels.af_diffusion.AlphaFlowODE_9D_as1_ae0_bbsit/Eaf_K5_mpc4_pid_stopgo_T0.5,6,test,corridor_bounds+dynamics+geo_bounds+halfspace+obstacles,diffuser,diffuser,False,corridor,af,5.0,4.0,pid_stopgo,0.5,,sit,Gen15,5.0,10.0,0.3,best,fm_only,none,cuda,,5.0
37,corridor|af|K5|bbsit,/data/home/llim/FMPCC/FM-PCC/logs/UAV_MIX/uav-corridor/plans/mix_uav_af/H8_Dmodels.af_diffusion.AlphaFlowODE_9D_as1_ae0_bbsit/Eaf_K5_mpc4_pid_stopgo_T0.5,6,test,corridor_bounds+dynamics+geo_bounds+halfspace+obstacles,dpcc-c,dpcc-c,False,corridor,af,5.0,4.0,pid_stopgo,0.5,,sit,Gen15,5.0,10.0,0.3,best,fm_only,none,cuda,,5.0
37,corridor|af|K5|bbsit,/data/home/llim/FMPCC/FM-PCC/logs/UAV_MIX/uav-corridor/plans/mix_uav_af/H8_Dmodels.af_diffusion.AlphaFlowODE_9D_as1_ae0_bbsit/Eaf_K5_mpc4_pid_stopgo_T0.5,6,test,corridor_bounds+dynamics+geo_bounds+halfspace+obstacles,dpcc-c-tightened,dpcc-c,True,corridor,af,5.0,4.0,pid_stopgo,0.5,,sit,Gen15,5.0,10.0,0.3,best,fm_only,none,cuda,,5.0
37,corridor|af|K5|bbsit,/data/home/llim/FMPCC/FM-PCC/logs/UAV_MIX/uav-corridor/plans/mix_uav_af/H8_Dmodels.af_diffusion.AlphaFlowODE_9D_as1_ae0_bbsit/Eaf_K5_mpc4_pid_stopgo_T0.5,6,test,corridor_bounds+dynamics+geo_bounds+halfspace+obstacles,dpcc-r,dpcc-r,False,corridor,af,5.0,4.0,pid_stopgo,0.5,,sit,Gen15,5.0,10.0,0.3,best,fm_only,none,cuda,,5.0
37,corridor|af|K5|bbsit,/data/home/llim/FMPCC/FM-PCC/logs/UAV_MIX/uav-corridor/plans/mix_uav_af/H8_Dmodels.af_diffusion.AlphaFlowODE_9D_as1_ae0_bbsit/Eaf_K5_mpc4_pid_stopgo_T0.5,6,test,corridor_bounds+dynamics+geo_bounds+halfspace+obstacles,dpcc-r-tightened,dpcc-r,True,corridor,af,5.0,4.0,pid_stopgo,0.5,,sit,Gen15,5.0,10.0,0.3,best,fm_only,none,cuda,,5.0
37,corridor|af|K5|bbsit,/data/home/llim/FMPCC/FM-PCC/logs/UAV_MIX/uav-corridor/plans/mix_uav_af/H8_Dmodels.af_diffusion.AlphaFlowODE_9D_as1_ae0_bbsit/Eaf_K5_mpc4_pid_stopgo_T0.5,6,test,corridor_bounds+dynamics+geo_bounds+halfspace+obstacles,dpcc-t,dpcc-t,False,corridor,af,5.0,4.0,pid_stopgo,0.5,,sit,Gen15,5.0,10.0,0.3,best,fm_only,none,cuda,,5.0
37,corridor|af|K5|bbsit,/data/home/llim/FMPCC/FM-PCC/logs/UAV_MIX/uav-corridor/plans/mix_uav_af/H8_Dmodels.af_diffusion.AlphaFlowODE_9D_as1_ae0_bbsit/Eaf_K5_mpc4_pid_stopgo_T0.5,6,test,corridor_bounds+dynamics+geo_bounds+halfspace+obstacles,dpcc-t-tightened,dpcc-t,True,corridor,af,5.0,4.0,pid_stopgo,0.5,,sit,Gen15,5.0,10.0,0.3,best,fm_only,none,cuda,,5.0
37,corridor|af|K5|bbsit,/data/home/llim/FMPCC/FM-PCC/logs/UAV_MIX/uav-corridor/plans/mix_uav_af/H8_Dmodels.af_diffusion.AlphaFlowODE_9D_as1_ae0_bbsit/Eaf_K5_mpc4_pid_stopgo_T0.5,6,test,corridor_bounds+dynamics+geo_bounds+halfspace+obstacles,geo_free,geo_free,False,corridor,af,5.0,4.0,pid_stopgo,0.5,,sit,Gen15,5.0,10.0,0.3,best,fm_only,none,cuda,,5.0
37,corridor|af|K5|bbsit,/data/home/llim/FMPCC/FM-PCC/logs/UAV_MIX/uav-corridor/plans/mix_uav_af/H8_Dmodels.af_diffusion.AlphaFlowODE_9D_as1_ae0_bbsit/Eaf_K5_mpc4_pid_stopgo_T0.5,6,test,corridor_bounds+dynamics+geo_bounds+halfspace+obstacles,geo_free-bounds_free,geo_free-bounds_free,False,corridor,af,5.0,4.0,pid_stopgo,0.5,,sit,Gen15,5.0,10.0,0.3,best,fm_only,none,cuda,,5.0
37,corridor|af|K5|bbsit,/data/home/llim/FMPCC/FM-PCC/logs/UAV_MIX/uav-corridor/plans/mix_uav_af/H8_Dmodels.af_diffusion.AlphaFlowODE_9D_as1_ae0_bbsit/Eaf_K5_mpc4_pid_stopgo_T0.5,6,test,corridor_bounds+dynamics+geo_bounds+halfspace+obstacles,geo_free-model_free,geo_free-model_free,False,corridor,af,5.0,4.0,pid_stopgo,0.5,,sit,Gen15,5.0,10.0,0.3,best,fm_only,none,cuda,,5.0
37,corridor|af|K5|bbsit,/data/home/llim/FMPCC/FM-PCC/logs/UAV_MIX/uav-corridor/plans/mix_uav_af/H8_Dmodels.af_diffusion.AlphaFlowODE_9D_as1_ae0_bbsit/Eaf_K5_mpc4_pid_stopgo_T0.5,6,test,corridor_bounds+dynamics+geo_bounds+halfspace+obstacles,gradient,gradient,False,corridor,af,5.0,4.0,pid_stopgo,0.5,,sit,Gen15,5.0,10.0,0.3,best,fm_only,none,cuda,,5.0
37,corridor|af|K5|bbsit,/data/home/llim/FMPCC/FM-PCC/logs/UAV_MIX/uav-corridor/plans/mix_uav_af/H8_Dmodels.af_diffusion.AlphaFlowODE_9D_as1_ae0_bbsit/Eaf_K5_mpc4_pid_stopgo_T0.5,6,test,corridor_bounds+dynamics+geo_bounds+halfspace+obstacles,gradient-tightened,gradient,True,corridor,af,5.0,4.0,pid_stopgo,0.5,,sit,Gen15,5.0,10.0,0.3,best,fm_only,none,cuda,,5.0
37,corridor|af|K5|bbsit,/data/home/llim/FMPCC/FM-PCC/logs/UAV_MIX/uav-corridor/plans/mix_uav_af/H8_Dmodels.af_diffusion.AlphaFlowODE_9D_as1_ae0_bbsit/Eaf_K5_mpc4_pid_stopgo_T0.5,6,test,corridor_bounds+dynamics+geo_bounds+halfspace+obstacles,hardflow_new-c,hardflow_new-c,False,corridor,af,5.0,4.0,pid_stopgo,0.5,,sit,Gen15,5.0,10.0,0.3,best,fm_only,none,cuda,,5.0
37,corridor|af|K5|bbsit,/data/home/llim/FMPCC/FM-PCC/logs/UAV_MIX/uav-corridor/plans/mix_uav_af/H8_Dmodels.af_diffusion.AlphaFlowODE_9D_as1_ae0_bbsit/Eaf_K5_mpc4_pid_stopgo_T0.5,6,test,corridor_bounds+dynamics+geo_bounds+halfspace+obstacles,hardflow_new-r,hardflow_new-r,False,corridor,af,5.0,4.0,pid_stopgo,0.5,,sit,Gen15,5.0,10.0,0.3,best,fm_only,none,cuda,,5.0
37,corridor|af|K5|bbsit,/data/home/llim/FMPCC/FM-PCC/logs/UAV_MIX/uav-corridor/plans/mix_uav_af/H8_Dmodels.af_diffusion.AlphaFlowODE_9D_as1_ae0_bbsit/Eaf_K5_mpc4_pid_stopgo_T0.5,6,test,corridor_bounds+dynamics+geo_bounds+halfspace+obstacles,hardflow_new-t,hardflow_new-t,False,corridor,af,5.0,4.0,pid_stopgo,0.5,,sit,Gen15,5.0,10.0,0.3,best,fm_only,none,cuda,,5.0
37,corridor|af|K5|bbsit,/data/home/llim/FMPCC/FM-PCC/logs/UAV_MIX/uav-corridor/plans/mix_uav_af/H8_Dmodels.af_diffusion.AlphaFlowODE_9D_as1_ae0_bbsit/Eaf_K5_mpc4_pid_stopgo_T0.5,6,test,corridor_bounds+dynamics+geo_bounds+halfspace+obstacles,model_free,model_free,False,corridor,af,5.0,4.0,pid_stopgo,0.5,,sit,Gen15,5.0,10.0,0.3,best,fm_only,none,cuda,,5.0
37,corridor|af|K5|bbsit,/data/home/llim/FMPCC/FM-PCC/logs/UAV_MIX/uav-corridor/plans/mix_uav_af/H8_Dmodels.af_diffusion.AlphaFlowODE_9D_as1_ae0_bbsit/Eaf_K5_mpc4_pid_stopgo_T0.5,6,test,corridor_bounds+dynamics+geo_bounds+halfspace+obstacles,model_free-bounds_free,model_free-bounds_free,False,corridor,af,5.0,4.0,pid_stopgo,0.5,,sit,Gen15,5.0,10.0,0.3,best,fm_only,none,cuda,,5.0
37,corridor|af|K5|bbsit,/data/home/llim/FMPCC/FM-PCC/logs/UAV_MIX/uav-corridor/plans/mix_uav_af/H8_Dmodels.af_diffusion.AlphaFlowODE_9D_as1_ae0_bbsit/Eaf_K5_mpc4_pid_stopgo_T0.5,6,test,corridor_bounds+dynamics+geo_bounds+halfspace+obstacles,model_free-bounds_free-tightened,model_free-bounds_free,True,corridor,af,5.0,4.0,pid_stopgo,0.5,,sit,Gen15,5.0,10.0,0.3,best,fm_only,none,cuda,,5.0
37,corridor|af|K5|bbsit,/data/home/llim/FMPCC/FM-PCC/logs/UAV_MIX/uav-corridor/plans/mix_uav_af/H8_Dmodels.af_diffusion.AlphaFlowODE_9D_as1_ae0_bbsit/Eaf_K5_mpc4_pid_stopgo_T0.5,6,test,corridor_bounds+dynamics+geo_bounds+halfspace+obstacles,model_free-tightened,model_free,True,corridor,af,5.0,4.0,pid_stopgo,0.5,,sit,Gen15,5.0,10.0,0.3,best,fm_only,none,cuda,,5.0
37,corridor|af|K5|bbsit,/data/home/llim/FMPCC/FM-PCC/logs/UAV_MIX/uav-corridor/plans/mix_uav_af/H8_Dmodels.af_diffusion.AlphaFlowODE_9D_as1_ae0_bbsit/Eaf_K5_mpc4_pid_stopgo_T0.5,6,test,corridor_bounds+dynamics+geo_bounds+halfspace+obstacles,post_processing,post_processing,False,corridor,af,5.0,4.0,pid_stopgo,0.5,,sit,Gen15,5.0,10.0,0.3,best,fm_only,none,cuda,,5.0
37,corridor|af|K5|bbsit,/data/home/llim/FMPCC/FM-PCC/logs/UAV_MIX/uav-corridor/plans/mix_uav_af/H8_Dmodels.af_diffusion.AlphaFlowODE_9D_as1_ae0_bbsit/Eaf_K5_mpc4_pid_stopgo_T0.5,6,test,corridor_bounds+dynamics+geo_bounds+halfspace+obstacles,post_processing-tightened,post_processing,True,corridor,af,5.0,4.0,pid_stopgo,0.5,,sit,Gen15,5.0,10.0,0.3,best,fm_only,none,cuda,,5.0
38,corridor|diffusion|K20|@u17cv2,/data/home/llim/FMPCC/FM-PCC/logs/UAV_MIX/uav-corridor/plans/mix_uav_diffusion/H8_Dmodels.ddpm_diffusion.GaussianDiffusion_9D_K20/Ediffusion_K20_mpc4_pid_stopgo_T0.5_u17cv2,6,test,corridor_cv2s_bounds+dynamics+geo_bounds+halfspace+obstacles,diffuser,diffuser,False,corridor,diffusion,20.0,4.0,pid_stopgo,0.5,u17cv2,,Gen15,20.0,12.0,0.3,,fm_only,none,cuda,,
38,corridor|diffusion|K20|@u17cv2,/data/home/llim/FMPCC/FM-PCC/logs/UAV_MIX/uav-corridor/plans/mix_uav_diffusion/H8_Dmodels.ddpm_diffusion.GaussianDiffusion_9D_K20/Ediffusion_K20_mpc4_pid_stopgo_T0.5_u17cv2,6,test,corridor_cv2s_bounds+dynamics+geo_bounds+halfspace+obstacles,dpcc-c-bounds_free-pdes-tightened,dpcc-c-bounds_free-pdes,True,corridor,diffusion,20.0,4.0,pid_stopgo,0.5,u17cv2,,Gen15,20.0,12.0,0.3,,fm_only,none,cuda,,
38,corridor|diffusion|K20|@u17cv2,/data/home/llim/FMPCC/FM-PCC/logs/UAV_MIX/uav-corridor/plans/mix_uav_diffusion/H8_Dmodels.ddpm_diffusion.GaussianDiffusion_9D_K20/Ediffusion_K20_mpc4_pid_stopgo_T0.5_u17cv2,6,test,corridor_cv2s_bounds+dynamics+geo_bounds+halfspace+obstacles,dpcc-r-bounds_free-pdes-tightened,dpcc-r-bounds_free-pdes,True,corridor,diffusion,20.0,4.0,pid_stopgo,0.5,u17cv2,,Gen15,20.0,12.0,0.3,,fm_only,none,cuda,,
38,corridor|diffusion|K20|@u17cv2,/data/home/llim/FMPCC/FM-PCC/logs/UAV_MIX/uav-corridor/plans/mix_uav_diffusion/H8_Dmodels.ddpm_diffusion.GaussianDiffusion_9D_K20/Ediffusion_K20_mpc4_pid_stopgo_T0.5_u17cv2,6,test,corridor_cv2s_bounds+dynamics+geo_bounds+halfspace+obstacles,dpcc-t-bounds_free-pdes-tightened,dpcc-t-bounds_free-pdes,True,corridor,diffusion,20.0,4.0,pid_stopgo,0.5,u17cv2,,Gen15,20.0,12.0,0.3,,fm_only,none,cuda,,
39,corridor|fm|K10,/data/home/llim/FMPCC/FM-PCC/logs/UAV_MIX/uav-corridor/plans/mix_uav_fm/H8_Dmodels.diffusion.FlowMatchingODE_9D/Efm_K10_mpc4_pid_stopgo_T0.5,6,test,corridor_bounds+dynamics+geo_bounds+halfspace+obstacles,bounds_free,bounds_free,False,corridor,fm,10.0,4.0,pid_stopgo,0.5,,,Gen15,10.0,10.0,0.3,latest,fm_only,none,cuda,,10.0
39,corridor|fm|K10,/data/home/llim/FMPCC/FM-PCC/logs/UAV_MIX/uav-corridor/plans/mix_uav_fm/H8_Dmodels.diffusion.FlowMatchingODE_9D/Efm_K10_mpc4_pid_stopgo_T0.5,6,test,corridor_bounds+dynamics+geo_bounds+halfspace+obstacles,bounds_free-tightened,bounds_free,True,corridor,fm,10.0,4.0,pid_stopgo,0.5,,,Gen15,10.0,10.0,0.3,latest,fm_only,none,cuda,,10.0
39,corridor|fm|K10,/data/home/llim/FMPCC/FM-PCC/logs/UAV_MIX/uav-corridor/plans/mix_uav_fm/H8_Dmodels.diffusion.FlowMatchingODE_9D/Efm_K10_mpc4_pid_stopgo_T0.5,6,test,corridor_bounds+dynamics+geo_bounds+halfspace+obstacles,diffuser,diffuser,False,corridor,fm,10.0,4.0,pid_stopgo,0.5,,,Gen15,10.0,10.0,0.3,latest,fm_only,none,cuda,,10.0
39,corridor|fm|K10,/data/home/llim/FMPCC/FM-PCC/logs/UAV_MIX/uav-corridor/plans/mix_uav_fm/H8_Dmodels.diffusion.FlowMatchingODE_9D/Efm_K10_mpc4_pid_stopgo_T0.5,6,test,corridor_bounds+dynamics+geo_bounds+halfspace+obstacles,dpcc-c,dpcc-c,False,corridor,fm,10.0,4.0,pid_stopgo,0.5,,,Gen15,10.0,10.0,0.3,latest,fm_only,none,cuda,,10.0
39,corridor|fm|K10,/data/home/llim/FMPCC/FM-PCC/logs/UAV_MIX/uav-corridor/plans/mix_uav_fm/H8_Dmodels.diffusion.FlowMatchingODE_9D/Efm_K10_mpc4_pid_stopgo_T0.5,6,test,corridor_bounds+dynamics+geo_bounds+halfspace+obstacles,dpcc-c-tightened,dpcc-c,True,corridor,fm,10.0,4.0,pid_stopgo,0.5,,,Gen15,10.0,10.0,0.3,latest,fm_only,none,cuda,,10.0
39,corridor|fm|K10,/data/home/llim/FMPCC/FM-PCC/logs/UAV_MIX/uav-corridor/plans/mix_uav_fm/H8_Dmodels.diffusion.FlowMatchingODE_9D/Efm_K10_mpc4_pid_stopgo_T0.5,6,test,corridor_bounds+dynamics+geo_bounds+halfspace+obstacles,dpcc-r,dpcc-r,False,corridor,fm,10.0,4.0,pid_stopgo,0.5,,,Gen15,10.0,10.0,0.3,latest,fm_only,none,cuda,,10.0
39,corridor|fm|K10,/data/home/llim/FMPCC/FM-PCC/logs/UAV_MIX/uav-corridor/plans/mix_uav_fm/H8_Dmodels.diffusion.FlowMatchingODE_9D/Efm_K10_mpc4_pid_stopgo_T0.5,6,test,corridor_bounds+dynamics+geo_bounds+halfspace+obstacles,dpcc-r-tightened,dpcc-r,True,corridor,fm,10.0,4.0,pid_stopgo,0.5,,,Gen15,10.0,10.0,0.3,latest,fm_only,none,cuda,,10.0
39,corridor|fm|K10,/data/home/llim/FMPCC/FM-PCC/logs/UAV_MIX/uav-corridor/plans/mix_uav_fm/H8_Dmodels.diffusion.FlowMatchingODE_9D/Efm_K10_mpc4_pid_stopgo_T0.5,6,test,corridor_bounds+dynamics+geo_bounds+halfspace+obstacles,dpcc-t,dpcc-t,False,corridor,fm,10.0,4.0,pid_stopgo,0.5,,,Gen15,10.0,10.0,0.3,latest,fm_only,none,cuda,,10.0
39,corridor|fm|K10,/data/home/llim/FMPCC/FM-PCC/logs/UAV_MIX/uav-corridor/plans/mix_uav_fm/H8_Dmodels.diffusion.FlowMatchingODE_9D/Efm_K10_mpc4_pid_stopgo_T0.5,6,test,corridor_bounds+dynamics+geo_bounds+halfspace+obstacles,dpcc-t-tightened,dpcc-t,True,corridor,fm,10.0,4.0,pid_stopgo,0.5,,,Gen15,10.0,10.0,0.3,latest,fm_only,none,cuda,,10.0
39,corridor|fm|K10,/data/home/llim/FMPCC/FM-PCC/logs/UAV_MIX/uav-corridor/plans/mix_uav_fm/H8_Dmodels.diffusion.FlowMatchingODE_9D/Efm_K10_mpc4_pid_stopgo_T0.5,6,test,corridor_bounds+dynamics+geo_bounds+halfspace+obstacles,geo_free,geo_free,False,corridor,fm,10.0,4.0,pid_stopgo,0.5,,,Gen15,10.0,10.0,0.3,latest,fm_only,none,cuda,,10.0
39,corridor|fm|K10,/data/home/llim/FMPCC/FM-PCC/logs/UAV_MIX/uav-corridor/plans/mix_uav_fm/H8_Dmodels.diffusion.FlowMatchingODE_9D/Efm_K10_mpc4_pid_stopgo_T0.5,6,test,corridor_bounds+dynamics+geo_bounds+halfspace+obstacles,geo_free-bounds_free,geo_free-bounds_free,False,corridor,fm,10.0,4.0,pid_stopgo,0.5,,,Gen15,10.0,10.0,0.3,latest,fm_only,none,cuda,,10.0
39,corridor|fm|K10,/data/home/llim/FMPCC/FM-PCC/logs/UAV_MIX/uav-corridor/plans/mix_uav_fm/H8_Dmodels.diffusion.FlowMatchingODE_9D/Efm_K10_mpc4_pid_stopgo_T0.5,6,test,corridor_bounds+dynamics+geo_bounds+halfspace+obstacles,geo_free-model_free,geo_free-model_free,False,corridor,fm,10.0,4.0,pid_stopgo,0.5,,,Gen15,10.0,10.0,0.3,latest,fm_only,none,cuda,,10.0
39,corridor|fm|K10,/data/home/llim/FMPCC/FM-PCC/logs/UAV_MIX/uav-corridor/plans/mix_uav_fm/H8_Dmodels.diffusion.FlowMatchingODE_9D/Efm_K10_mpc4_pid_stopgo_T0.5,6,test,corridor_bounds+dynamics+geo_bounds+halfspace+obstacles,gradient,gradient,False,corridor,fm,10.0,4.0,pid_stopgo,0.5,,,Gen15,10.0,10.0,0.3,latest,fm_only,none,cuda,,10.0
39,corridor|fm|K10,/data/home/llim/FMPCC/FM-PCC/logs/UAV_MIX/uav-corridor/plans/mix_uav_fm/H8_Dmodels.diffusion.FlowMatchingODE_9D/Efm_K10_mpc4_pid_stopgo_T0.5,6,test,corridor_bounds+dynamics+geo_bounds+halfspace+obstacles,gradient-tightened,gradient,True,corridor,fm,10.0,4.0,pid_stopgo,0.5,,,Gen15,10.0,10.0,0.3,latest,fm_only,none,cuda,,10.0
39,corridor|fm|K10,/data/home/llim/FMPCC/FM-PCC/logs/UAV_MIX/uav-corridor/plans/mix_uav_fm/H8_Dmodels.diffusion.FlowMatchingODE_9D/Efm_K10_mpc4_pid_stopgo_T0.5,6,test,corridor_bounds+dynamics+geo_bounds+halfspace+obstacles,hardflow_new,hardflow_new,False,corridor,fm,10.0,4.0,pid_stopgo,0.5,,,Gen15,10.0,10.0,0.3,latest,fm_only,none,cuda,,10.0
39,corridor|fm|K10,/data/home/llim/FMPCC/FM-PCC/logs/UAV_MIX/uav-corridor/plans/mix_uav_fm/H8_Dmodels.diffusion.FlowMatchingODE_9D/Efm_K10_mpc4_pid_stopgo_T0.5,6,test,corridor_bounds+dynamics+geo_bounds+halfspace+obstacles,hardflow_new-c,hardflow_new-c,False,corridor,fm,10.0,4.0,pid_stopgo,0.5,,,Gen15,10.0,10.0,0.3,latest,fm_only,none,cuda,,10.0
39,corridor|fm|K10,/data/home/llim/FMPCC/FM-PCC/logs/UAV_MIX/uav-corridor/plans/mix_uav_fm/H8_Dmodels.diffusion.FlowMatchingODE_9D/Efm_K10_mpc4_pid_stopgo_T0.5,6,test,corridor_bounds+dynamics+geo_bounds+halfspace+obstacles,hardflow_new-t,hardflow_new-t,False,corridor,fm,10.0,4.0,pid_stopgo,0.5,,,Gen15,10.0,10.0,0.3,latest,fm_only,none,cuda,,10.0
39,corridor|fm|K10,/data/home/llim/FMPCC/FM-PCC/logs/UAV_MIX/uav-corridor/plans/mix_uav_fm/H8_Dmodels.diffusion.FlowMatchingODE_9D/Efm_K10_mpc4_pid_stopgo_T0.5,6,test,corridor_bounds+dynamics+geo_bounds+halfspace+obstacles,model_free,model_free,False,corridor,fm,10.0,4.0,pid_stopgo,0.5,,,Gen15,10.0,10.0,0.3,latest,fm_only,none,cuda,,10.0
39,corridor|fm|K10,/data/home/llim/FMPCC/FM-PCC/logs/UAV_MIX/uav-corridor/plans/mix_uav_fm/H8_Dmodels.diffusion.FlowMatchingODE_9D/Efm_K10_mpc4_pid_stopgo_T0.5,6,test,corridor_bounds+dynamics+geo_bounds+halfspace+obstacles,model_free-bounds_free,model_free-bounds_free,False,corridor,fm,10.0,4.0,pid_stopgo,0.5,,,Gen15,10.0,10.0,0.3,latest,fm_only,none,cuda,,10.0
39,corridor|fm|K10,/data/home/llim/FMPCC/FM-PCC/logs/UAV_MIX/uav-corridor/plans/mix_uav_fm/H8_Dmodels.diffusion.FlowMatchingODE_9D/Efm_K10_mpc4_pid_stopgo_T0.5,6,test,corridor_bounds+dynamics+geo_bounds+halfspace+obstacles,model_free-bounds_free-tightened,model_free-bounds_free,True,corridor,fm,10.0,4.0,pid_stopgo,0.5,,,Gen15,10.0,10.0,0.3,latest,fm_only,none,cuda,,10.0
39,corridor|fm|K10,/data/home/llim/FMPCC/FM-PCC/logs/UAV_MIX/uav-corridor/plans/mix_uav_fm/H8_Dmodels.diffusion.FlowMatchingODE_9D/Efm_K10_mpc4_pid_stopgo_T0.5,6,test,corridor_bounds+dynamics+geo_bounds+halfspace+obstacles,model_free-tightened,model_free,True,corridor,fm,10.0,4.0,pid_stopgo,0.5,,,Gen15,10.0,10.0,0.3,latest,fm_only,none,cuda,,10.0
39,corridor|fm|K10,/data/home/llim/FMPCC/FM-PCC/logs/UAV_MIX/uav-corridor/plans/mix_uav_fm/H8_Dmodels.diffusion.FlowMatchingODE_9D/Efm_K10_mpc4_pid_stopgo_T0.5,6,test,corridor_bounds+dynamics+geo_bounds+halfspace+obstacles,post_processing,post_processing,False,corridor,fm,10.0,4.0,pid_stopgo,0.5,,,Gen15,10.0,10.0,0.3,latest,fm_only,none,cuda,,10.0
39,corridor|fm|K10,/data/home/llim/FMPCC/FM-PCC/logs/UAV_MIX/uav-corridor/plans/mix_uav_fm/H8_Dmodels.diffusion.FlowMatchingODE_9D/Efm_K10_mpc4_pid_stopgo_T0.5,6,test,corridor_bounds+dynamics+geo_bounds+halfspace+obstacles,post_processing-tightened,post_processing,True,corridor,fm,10.0,4.0,pid_stopgo,0.5,,,Gen15,10.0,10.0,0.3,latest,fm_only,none,cuda,,10.0
40,corridor|fm|K1,/data/home/llim/FMPCC/FM-PCC/logs/UAV_MIX/uav-corridor/plans/mix_uav_fm/H8_Dmodels.diffusion.FlowMatchingODE_9D/Efm_K1_mpc4_pid_stopgo_T0.5,6,test,corridor_bounds+dynamics+geo_bounds+halfspace+obstacles,bounds_free,bounds_free,False,corridor,fm,1.0,4.0,pid_stopgo,0.5,,,Gen15,1.0,10.0,0.3,latest,fm_only,none,cuda,,1.0
40,corridor|fm|K1,/data/home/llim/FMPCC/FM-PCC/logs/UAV_MIX/uav-corridor/plans/mix_uav_fm/H8_Dmodels.diffusion.FlowMatchingODE_9D/Efm_K1_mpc4_pid_stopgo_T0.5,6,test,corridor_bounds+dynamics+geo_bounds+halfspace+obstacles,bounds_free-tightened,bounds_free,True,corridor,fm,1.0,4.0,pid_stopgo,0.5,,,Gen15,1.0,10.0,0.3,latest,fm_only,none,cuda,,1.0
40,corridor|fm|K1,/data/home/llim/FMPCC/FM-PCC/logs/UAV_MIX/uav-corridor/plans/mix_uav_fm/H8_Dmodels.diffusion.FlowMatchingODE_9D/Efm_K1_mpc4_pid_stopgo_T0.5,6,test,corridor_bounds+dynamics+geo_bounds+halfspace+obstacles,diffuser,diffuser,False,corridor,fm,1.0,4.0,pid_stopgo,0.5,,,Gen15,1.0,10.0,0.3,latest,fm_only,none,cuda,,1.0
40,corridor|fm|K1,/data/home/llim/FMPCC/FM-PCC/logs/UAV_MIX/uav-corridor/plans/mix_uav_fm/H8_Dmodels.diffusion.FlowMatchingODE_9D/Efm_K1_mpc4_pid_stopgo_T0.5,6,test,corridor_bounds+dynamics+geo_bounds+halfspace+obstacles,dpcc-c,dpcc-c,False,corridor,fm,1.0,4.0,pid_stopgo,0.5,,,Gen15,1.0,10.0,0.3,latest,fm_only,none,cuda,,1.0
40,corridor|fm|K1,/data/home/llim/FMPCC/FM-PCC/logs/UAV_MIX/uav-corridor/plans/mix_uav_fm/H8_Dmodels.diffusion.FlowMatchingODE_9D/Efm_K1_mpc4_pid_stopgo_T0.5,6,test,corridor_bounds+dynamics+geo_bounds+halfspace+obstacles,dpcc-c-tightened,dpcc-c,True,corridor,fm,1.0,4.0,pid_stopgo,0.5,,,Gen15,1.0,10.0,0.3,latest,fm_only,none,cuda,,1.0
40,corridor|fm|K1,/data/home/llim/FMPCC/FM-PCC/logs/UAV_MIX/uav-corridor/plans/mix_uav_fm/H8_Dmodels.diffusion.FlowMatchingODE_9D/Efm_K1_mpc4_pid_stopgo_T0.5,6,test,corridor_bounds+dynamics+geo_bounds+halfspace+obstacles,dpcc-r,dpcc-r,False,corridor,fm,1.0,4.0,pid_stopgo,0.5,,,Gen15,1.0,10.0,0.3,latest,fm_only,none,cuda,,1.0
40,corridor|fm|K1,/data/home/llim/FMPCC/FM-PCC/logs/UAV_MIX/uav-corridor/plans/mix_uav_fm/H8_Dmodels.diffusion.FlowMatchingODE_9D/Efm_K1_mpc4_pid_stopgo_T0.5,6,test,corridor_bounds+dynamics+geo_bounds+halfspace+obstacles,dpcc-r-tightened,dpcc-r,True,corridor,fm,1.0,4.0,pid_stopgo,0.5,,,Gen15,1.0,10.0,0.3,latest,fm_only,none,cuda,,1.0
40,corridor|fm|K1,/data/home/llim/FMPCC/FM-PCC/logs/UAV_MIX/uav-corridor/plans/mix_uav_fm/H8_Dmodels.diffusion.FlowMatchingODE_9D/Efm_K1_mpc4_pid_stopgo_T0.5,6,test,corridor_bounds+dynamics+geo_bounds+halfspace+obstacles,dpcc-t,dpcc-t,False,corridor,fm,1.0,4.0,pid_stopgo,0.5,,,Gen15,1.0,10.0,0.3,latest,fm_only,none,cuda,,1.0
40,corridor|fm|K1,/data/home/llim/FMPCC/FM-PCC/logs/UAV_MIX/uav-corridor/plans/mix_uav_fm/H8_Dmodels.diffusion.FlowMatchingODE_9D/Efm_K1_mpc4_pid_stopgo_T0.5,6,test,corridor_bounds+dynamics+geo_bounds+halfspace+obstacles,dpcc-t-tightened,dpcc-t,True,corridor,fm,1.0,4.0,pid_stopgo,0.5,,,Gen15,1.0,10.0,0.3,latest,fm_only,none,cuda,,1.0
40,corridor|fm|K1,/data/home/llim/FMPCC/FM-PCC/logs/UAV_MIX/uav-corridor/plans/mix_uav_fm/H8_Dmodels.diffusion.FlowMatchingODE_9D/Efm_K1_mpc4_pid_stopgo_T0.5,6,test,corridor_bounds+dynamics+geo_bounds+halfspace+obstacles,geo_free,geo_free,False,corridor,fm,1.0,4.0,pid_stopgo,0.5,,,Gen15,1.0,10.0,0.3,latest,fm_only,none,cuda,,1.0
40,corridor|fm|K1,/data/home/llim/FMPCC/FM-PCC/logs/UAV_MIX/uav-corridor/plans/mix_uav_fm/H8_Dmodels.diffusion.FlowMatchingODE_9D/Efm_K1_mpc4_pid_stopgo_T0.5,6,test,corridor_bounds+dynamics+geo_bounds+halfspace+obstacles,geo_free-bounds_free,geo_free-bounds_free,False,corridor,fm,1.0,4.0,pid_stopgo,0.5,,,Gen15,1.0,10.0,0.3,latest,fm_only,none,cuda,,1.0
40,corridor|fm|K1,/data/home/llim/FMPCC/FM-PCC/logs/UAV_MIX/uav-corridor/plans/mix_uav_fm/H8_Dmodels.diffusion.FlowMatchingODE_9D/Efm_K1_mpc4_pid_stopgo_T0.5,6,test,corridor_bounds+dynamics+geo_bounds+halfspace+obstacles,geo_free-model_free,geo_free-model_free,False,corridor,fm,1.0,4.0,pid_stopgo,0.5,,,Gen15,1.0,10.0,0.3,latest,fm_only,none,cuda,,1.0
40,corridor|fm|K1,/data/home/llim/FMPCC/FM-PCC/logs/UAV_MIX/uav-corridor/plans/mix_uav_fm/H8_Dmodels.diffusion.FlowMatchingODE_9D/Efm_K1_mpc4_pid_stopgo_T0.5,6,test,corridor_bounds+dynamics+geo_bounds+halfspace+obstacles,gradient,gradient,False,corridor,fm,1.0,4.0,pid_stopgo,0.5,,,Gen15,1.0,10.0,0.3,latest,fm_only,none,cuda,,1.0
40,corridor|fm|K1,/data/home/llim/FMPCC/FM-PCC/logs/UAV_MIX/uav-corridor/plans/mix_uav_fm/H8_Dmodels.diffusion.FlowMatchingODE_9D/Efm_K1_mpc4_pid_stopgo_T0.5,6,test,corridor_bounds+dynamics+geo_bounds+halfspace+obstacles,gradient-tightened,gradient,True,corridor,fm,1.0,4.0,pid_stopgo,0.5,,,Gen15,1.0,10.0,0.3,latest,fm_only,none,cuda,,1.0
40,corridor|fm|K1,/data/home/llim/FMPCC/FM-PCC/logs/UAV_MIX/uav-corridor/plans/mix_uav_fm/H8_Dmodels.diffusion.FlowMatchingODE_9D/Efm_K1_mpc4_pid_stopgo_T0.5,6,test,corridor_bounds+dynamics+geo_bounds+halfspace+obstacles,hardflow_new,hardflow_new,False,corridor,fm,1.0,4.0,pid_stopgo,0.5,,,Gen15,1.0,10.0,0.3,latest,fm_only,none,cuda,,1.0
40,corridor|fm|K1,/data/home/llim/FMPCC/FM-PCC/logs/UAV_MIX/uav-corridor/plans/mix_uav_fm/H8_Dmodels.diffusion.FlowMatchingODE_9D/Efm_K1_mpc4_pid_stopgo_T0.5,6,test,corridor_bounds+dynamics+geo_bounds+halfspace+obstacles,hardflow_new-c,hardflow_new-c,False,corridor,fm,1.0,4.0,pid_stopgo,0.5,,,Gen15,1.0,10.0,0.3,latest,fm_only,none,cuda,,1.0
40,corridor|fm|K1,/data/home/llim/FMPCC/FM-PCC/logs/UAV_MIX/uav-corridor/plans/mix_uav_fm/H8_Dmodels.diffusion.FlowMatchingODE_9D/Efm_K1_mpc4_pid_stopgo_T0.5,6,test,corridor_bounds+dynamics+geo_bounds+halfspace+obstacles,hardflow_new-t,hardflow_new-t,False,corridor,fm,1.0,4.0,pid_stopgo,0.5,,,Gen15,1.0,10.0,0.3,latest,fm_only,none,cuda,,1.0
40,corridor|fm|K1,/data/home/llim/FMPCC/FM-PCC/logs/UAV_MIX/uav-corridor/plans/mix_uav_fm/H8_Dmodels.diffusion.FlowMatchingODE_9D/Efm_K1_mpc4_pid_stopgo_T0.5,6,test,corridor_bounds+dynamics+geo_bounds+halfspace+obstacles,model_free,model_free,False,corridor,fm,1.0,4.0,pid_stopgo,0.5,,,Gen15,1.0,10.0,0.3,latest,fm_only,none,cuda,,1.0
40,corridor|fm|K1,/data/home/llim/FMPCC/FM-PCC/logs/UAV_MIX/uav-corridor/plans/mix_uav_fm/H8_Dmodels.diffusion.FlowMatchingODE_9D/Efm_K1_mpc4_pid_stopgo_T0.5,6,test,corridor_bounds+dynamics+geo_bounds+halfspace+obstacles,model_free-bounds_free,model_free-bounds_free,False,corridor,fm,1.0,4.0,pid_stopgo,0.5,,,Gen15,1.0,10.0,0.3,latest,fm_only,none,cuda,,1.0
40,corridor|fm|K1,/data/home/llim/FMPCC/FM-PCC/logs/UAV_MIX/uav-corridor/plans/mix_uav_fm/H8_Dmodels.diffusion.FlowMatchingODE_9D/Efm_K1_mpc4_pid_stopgo_T0.5,6,test,corridor_bounds+dynamics+geo_bounds+halfspace+obstacles,model_free-bounds_free-tightened,model_free-bounds_free,True,corridor,fm,1.0,4.0,pid_stopgo,0.5,,,Gen15,1.0,10.0,0.3,latest,fm_only,none,cuda,,1.0
40,corridor|fm|K1,/data/home/llim/FMPCC/FM-PCC/logs/UAV_MIX/uav-corridor/plans/mix_uav_fm/H8_Dmodels.diffusion.FlowMatchingODE_9D/Efm_K1_mpc4_pid_stopgo_T0.5,6,test,corridor_bounds+dynamics+geo_bounds+halfspace+obstacles,model_free-tightened,model_free,True,corridor,fm,1.0,4.0,pid_stopgo,0.5,,,Gen15,1.0,10.0,0.3,latest,fm_only,none,cuda,,1.0
40,corridor|fm|K1,/data/home/llim/FMPCC/FM-PCC/logs/UAV_MIX/uav-corridor/plans/mix_uav_fm/H8_Dmodels.diffusion.FlowMatchingODE_9D/Efm_K1_mpc4_pid_stopgo_T0.5,6,test,corridor_bounds+dynamics+geo_bounds+halfspace+obstacles,post_processing,post_processing,False,corridor,fm,1.0,4.0,pid_stopgo,0.5,,,Gen15,1.0,10.0,0.3,latest,fm_only,none,cuda,,1.0
40,corridor|fm|K1,/data/home/llim/FMPCC/FM-PCC/logs/UAV_MIX/uav-corridor/plans/mix_uav_fm/H8_Dmodels.diffusion.FlowMatchingODE_9D/Efm_K1_mpc4_pid_stopgo_T0.5,6,test,corridor_bounds+dynamics+geo_bounds+halfspace+obstacles,post_processing-tightened,post_processing,True,corridor,fm,1.0,4.0,pid_stopgo,0.5,,,Gen15,1.0,10.0,0.3,latest,fm_only,none,cuda,,1.0
41,corridor|fm|K1|@u17cv2,/data/home/llim/FMPCC/FM-PCC/logs/UAV_MIX/uav-corridor/plans/mix_uav_fm/H8_Dmodels.diffusion.FlowMatchingODE_9D/Efm_K1_mpc4_pid_stopgo_T0.5_u17cv2,6,test,corridor_cv2s_bounds+dynamics+geo_bounds+halfspace+obstacles,diffuser,diffuser,False,corridor,fm,1.0,4.0,pid_stopgo,0.5,u17cv2,,Gen15,1.0,12.0,0.3,,fm_only,none,cuda,,1.0
41,corridor|fm|K1|@u17cv2,/data/home/llim/FMPCC/FM-PCC/logs/UAV_MIX/uav-corridor/plans/mix_uav_fm/H8_Dmodels.diffusion.FlowMatchingODE_9D/Efm_K1_mpc4_pid_stopgo_T0.5_u17cv2,6,test,corridor_cv2s_bounds+dynamics+geo_bounds+halfspace+obstacles,dpcc-c-bounds_free-pdes-tightened,dpcc-c-bounds_free-pdes,True,corridor,fm,1.0,4.0,pid_stopgo,0.5,u17cv2,,Gen15,1.0,12.0,0.3,,fm_only,none,cuda,,1.0
41,corridor|fm|K1|@u17cv2,/data/home/llim/FMPCC/FM-PCC/logs/UAV_MIX/uav-corridor/plans/mix_uav_fm/H8_Dmodels.diffusion.FlowMatchingODE_9D/Efm_K1_mpc4_pid_stopgo_T0.5_u17cv2,6,test,corridor_cv2s_bounds+dynamics+geo_bounds+halfspace+obstacles,dpcc-r-bounds_free-pdes-tightened,dpcc-r-bounds_free-pdes,True,corridor,fm,1.0,4.0,pid_stopgo,0.5,u17cv2,,Gen15,1.0,12.0,0.3,,fm_only,none,cuda,,1.0
41,corridor|fm|K1|@u17cv2,/data/home/llim/FMPCC/FM-PCC/logs/UAV_MIX/uav-corridor/plans/mix_uav_fm/H8_Dmodels.diffusion.FlowMatchingODE_9D/Efm_K1_mpc4_pid_stopgo_T0.5_u17cv2,6,test,corridor_cv2s_bounds+dynamics+geo_bounds+halfspace+obstacles,dpcc-t-bounds_free-pdes-tightened,dpcc-t-bounds_free-pdes,True,corridor,fm,1.0,4.0,pid_stopgo,0.5,u17cv2,,Gen15,1.0,12.0,0.3,,fm_only,none,cuda,,1.0
42,corridor|fm|K20,/data/home/llim/FMPCC/FM-PCC/logs/UAV_MIX/uav-corridor/plans/mix_uav_fm/H8_Dmodels.diffusion.FlowMatchingODE_9D/Efm_K20_mpc4_pid_stopgo_T0.5,6,test,corridor_bounds+dynamics+geo_bounds+halfspace+obstacles,bounds_free,bounds_free,False,corridor,fm,20.0,4.0,pid_stopgo,0.5,,,Gen15,20.0,10.0,0.3,latest,fm_only,none,cuda,,20.0
42,corridor|fm|K20,/data/home/llim/FMPCC/FM-PCC/logs/UAV_MIX/uav-corridor/plans/mix_uav_fm/H8_Dmodels.diffusion.FlowMatchingODE_9D/Efm_K20_mpc4_pid_stopgo_T0.5,6,test,corridor_bounds+dynamics+geo_bounds+halfspace+obstacles,bounds_free-tightened,bounds_free,True,corridor,fm,20.0,4.0,pid_stopgo,0.5,,,Gen15,20.0,10.0,0.3,latest,fm_only,none,cuda,,20.0
42,corridor|fm|K20,/data/home/llim/FMPCC/FM-PCC/logs/UAV_MIX/uav-corridor/plans/mix_uav_fm/H8_Dmodels.diffusion.FlowMatchingODE_9D/Efm_K20_mpc4_pid_stopgo_T0.5,6,test,corridor_bounds+dynamics+geo_bounds+halfspace+obstacles,diffuser,diffuser,False,corridor,fm,20.0,4.0,pid_stopgo,0.5,,,Gen15,20.0,10.0,0.3,latest,fm_only,none,cuda,,20.0
42,corridor|fm|K20,/data/home/llim/FMPCC/FM-PCC/logs/UAV_MIX/uav-corridor/plans/mix_uav_fm/H8_Dmodels.diffusion.FlowMatchingODE_9D/Efm_K20_mpc4_pid_stopgo_T0.5,6,test,corridor_bounds+dynamics+geo_bounds+halfspace+obstacles,dpcc-c,dpcc-c,False,corridor,fm,20.0,4.0,pid_stopgo,0.5,,,Gen15,20.0,10.0,0.3,latest,fm_only,none,cuda,,20.0
42,corridor|fm|K20,/data/home/llim/FMPCC/FM-PCC/logs/UAV_MIX/uav-corridor/plans/mix_uav_fm/H8_Dmodels.diffusion.FlowMatchingODE_9D/Efm_K20_mpc4_pid_stopgo_T0.5,6,test,corridor_bounds+dynamics+geo_bounds+halfspace+obstacles,dpcc-c-tightened,dpcc-c,True,corridor,fm,20.0,4.0,pid_stopgo,0.5,,,Gen15,20.0,10.0,0.3,latest,fm_only,none,cuda,,20.0
42,corridor|fm|K20,/data/home/llim/FMPCC/FM-PCC/logs/UAV_MIX/uav-corridor/plans/mix_uav_fm/H8_Dmodels.diffusion.FlowMatchingODE_9D/Efm_K20_mpc4_pid_stopgo_T0.5,6,test,corridor_bounds+dynamics+geo_bounds+halfspace+obstacles,dpcc-r,dpcc-r,False,corridor,fm,20.0,4.0,pid_stopgo,0.5,,,Gen15,20.0,10.0,0.3,latest,fm_only,none,cuda,,20.0
42,corridor|fm|K20,/data/home/llim/FMPCC/FM-PCC/logs/UAV_MIX/uav-corridor/plans/mix_uav_fm/H8_Dmodels.diffusion.FlowMatchingODE_9D/Efm_K20_mpc4_pid_stopgo_T0.5,6,test,corridor_bounds+dynamics+geo_bounds+halfspace+obstacles,dpcc-r-tightened,dpcc-r,True,corridor,fm,20.0,4.0,pid_stopgo,0.5,,,Gen15,20.0,10.0,0.3,latest,fm_only,none,cuda,,20.0
42,corridor|fm|K20,/data/home/llim/FMPCC/FM-PCC/logs/UAV_MIX/uav-corridor/plans/mix_uav_fm/H8_Dmodels.diffusion.FlowMatchingODE_9D/Efm_K20_mpc4_pid_stopgo_T0.5,6,test,corridor_bounds+dynamics+geo_bounds+halfspace+obstacles,dpcc-t,dpcc-t,False,corridor,fm,20.0,4.0,pid_stopgo,0.5,,,Gen15,20.0,10.0,0.3,latest,fm_only,none,cuda,,20.0
42,corridor|fm|K20,/data/home/llim/FMPCC/FM-PCC/logs/UAV_MIX/uav-corridor/plans/mix_uav_fm/H8_Dmodels.diffusion.FlowMatchingODE_9D/Efm_K20_mpc4_pid_stopgo_T0.5,6,test,corridor_bounds+dynamics+geo_bounds+halfspace+obstacles,dpcc-t-tightened,dpcc-t,True,corridor,fm,20.0,4.0,pid_stopgo,0.5,,,Gen15,20.0,10.0,0.3,latest,fm_only,none,cuda,,20.0
42,corridor|fm|K20,/data/home/llim/FMPCC/FM-PCC/logs/UAV_MIX/uav-corridor/plans/mix_uav_fm/H8_Dmodels.diffusion.FlowMatchingODE_9D/Efm_K20_mpc4_pid_stopgo_T0.5,6,test,corridor_bounds+dynamics+geo_bounds+halfspace+obstacles,geo_free,geo_free,False,corridor,fm,20.0,4.0,pid_stopgo,0.5,,,Gen15,20.0,10.0,0.3,latest,fm_only,none,cuda,,20.0
42,corridor|fm|K20,/data/home/llim/FMPCC/FM-PCC/logs/UAV_MIX/uav-corridor/plans/mix_uav_fm/H8_Dmodels.diffusion.FlowMatchingODE_9D/Efm_K20_mpc4_pid_stopgo_T0.5,6,test,corridor_bounds+dynamics+geo_bounds+halfspace+obstacles,geo_free-bounds_free,geo_free-bounds_free,False,corridor,fm,20.0,4.0,pid_stopgo,0.5,,,Gen15,20.0,10.0,0.3,latest,fm_only,none,cuda,,20.0
42,corridor|fm|K20,/data/home/llim/FMPCC/FM-PCC/logs/UAV_MIX/uav-corridor/plans/mix_uav_fm/H8_Dmodels.diffusion.FlowMatchingODE_9D/Efm_K20_mpc4_pid_stopgo_T0.5,6,test,corridor_bounds+dynamics+geo_bounds+halfspace+obstacles,geo_free-model_free,geo_free-model_free,False,corridor,fm,20.0,4.0,pid_stopgo,0.5,,,Gen15,20.0,10.0,0.3,latest,fm_only,none,cuda,,20.0
42,corridor|fm|K20,/data/home/llim/FMPCC/FM-PCC/logs/UAV_MIX/uav-corridor/plans/mix_uav_fm/H8_Dmodels.diffusion.FlowMatchingODE_9D/Efm_K20_mpc4_pid_stopgo_T0.5,6,test,corridor_bounds+dynamics+geo_bounds+halfspace+obstacles,gradient,gradient,False,corridor,fm,20.0,4.0,pid_stopgo,0.5,,,Gen15,20.0,10.0,0.3,latest,fm_only,none,cuda,,20.0
42,corridor|fm|K20,/data/home/llim/FMPCC/FM-PCC/logs/UAV_MIX/uav-corridor/plans/mix_uav_fm/H8_Dmodels.diffusion.FlowMatchingODE_9D/Efm_K20_mpc4_pid_stopgo_T0.5,6,test,corridor_bounds+dynamics+geo_bounds+halfspace+obstacles,gradient-tightened,gradient,True,corridor,fm,20.0,4.0,pid_stopgo,0.5,,,Gen15,20.0,10.0,0.3,latest,fm_only,none,cuda,,20.0
42,corridor|fm|K20,/data/home/llim/FMPCC/FM-PCC/logs/UAV_MIX/uav-corridor/plans/mix_uav_fm/H8_Dmodels.diffusion.FlowMatchingODE_9D/Efm_K20_mpc4_pid_stopgo_T0.5,6,test,corridor_bounds+dynamics+geo_bounds+halfspace+obstacles,hardflow_new,hardflow_new,False,corridor,fm,20.0,4.0,pid_stopgo,0.5,,,Gen15,20.0,10.0,0.3,latest,fm_only,none,cuda,,20.0
42,corridor|fm|K20,/data/home/llim/FMPCC/FM-PCC/logs/UAV_MIX/uav-corridor/plans/mix_uav_fm/H8_Dmodels.diffusion.FlowMatchingODE_9D/Efm_K20_mpc4_pid_stopgo_T0.5,6,test,corridor_bounds+dynamics+geo_bounds+halfspace+obstacles,hardflow_new-c,hardflow_new-c,False,corridor,fm,20.0,4.0,pid_stopgo,0.5,,,Gen15,20.0,10.0,0.3,latest,fm_only,none,cuda,,20.0
42,corridor|fm|K20,/data/home/llim/FMPCC/FM-PCC/logs/UAV_MIX/uav-corridor/plans/mix_uav_fm/H8_Dmodels.diffusion.FlowMatchingODE_9D/Efm_K20_mpc4_pid_stopgo_T0.5,6,test,corridor_bounds+dynamics+geo_bounds+halfspace+obstacles,hardflow_new-t,hardflow_new-t,False,corridor,fm,20.0,4.0,pid_stopgo,0.5,,,Gen15,20.0,,,,,,,,
42,corridor|fm|K20,/data/home/llim/FMPCC/FM-PCC/logs/UAV_MIX/uav-corridor/plans/mix_uav_fm/H8_Dmodels.diffusion.FlowMatchingODE_9D/Efm_K20_mpc4_pid_stopgo_T0.5,6,test,corridor_bounds+dynamics+geo_bounds+halfspace+obstacles,model_free,model_free,False,corridor,fm,20.0,4.0,pid_stopgo,0.5,,,Gen15,20.0,10.0,0.3,latest,fm_only,none,cuda,,20.0
42,corridor|fm|K20,/data/home/llim/FMPCC/FM-PCC/logs/UAV_MIX/uav-corridor/plans/mix_uav_fm/H8_Dmodels.diffusion.FlowMatchingODE_9D/Efm_K20_mpc4_pid_stopgo_T0.5,6,test,corridor_bounds+dynamics+geo_bounds+halfspace+obstacles,model_free-bounds_free,model_free-bounds_free,False,corridor,fm,20.0,4.0,pid_stopgo,0.5,,,Gen15,20.0,10.0,0.3,latest,fm_only,none,cuda,,20.0
42,corridor|fm|K20,/data/home/llim/FMPCC/FM-PCC/logs/UAV_MIX/uav-corridor/plans/mix_uav_fm/H8_Dmodels.diffusion.FlowMatchingODE_9D/Efm_K20_mpc4_pid_stopgo_T0.5,6,test,corridor_bounds+dynamics+geo_bounds+halfspace+obstacles,model_free-bounds_free-tightened,model_free-bounds_free,True,corridor,fm,20.0,4.0,pid_stopgo,0.5,,,Gen15,20.0,10.0,0.3,latest,fm_only,none,cuda,,20.0
42,corridor|fm|K20,/data/home/llim/FMPCC/FM-PCC/logs/UAV_MIX/uav-corridor/plans/mix_uav_fm/H8_Dmodels.diffusion.FlowMatchingODE_9D/Efm_K20_mpc4_pid_stopgo_T0.5,6,test,corridor_bounds+dynamics+geo_bounds+halfspace+obstacles,model_free-tightened,model_free,True,corridor,fm,20.0,4.0,pid_stopgo,0.5,,,Gen15,20.0,10.0,0.3,latest,fm_only,none,cuda,,20.0
42,corridor|fm|K20,/data/home/llim/FMPCC/FM-PCC/logs/UAV_MIX/uav-corridor/plans/mix_uav_fm/H8_Dmodels.diffusion.FlowMatchingODE_9D/Efm_K20_mpc4_pid_stopgo_T0.5,6,test,corridor_bounds+dynamics+geo_bounds+halfspace+obstacles,post_processing,post_processing,False,corridor,fm,20.0,4.0,pid_stopgo,0.5,,,Gen15,20.0,10.0,0.3,latest,fm_only,none,cuda,,20.0
42,corridor|fm|K20,/data/home/llim/FMPCC/FM-PCC/logs/UAV_MIX/uav-corridor/plans/mix_uav_fm/H8_Dmodels.diffusion.FlowMatchingODE_9D/Efm_K20_mpc4_pid_stopgo_T0.5,6,test,corridor_bounds+dynamics+geo_bounds+halfspace+obstacles,post_processing-tightened,post_processing,True,corridor,fm,20.0,4.0,pid_stopgo,0.5,,,Gen15,20.0,10.0,0.3,latest,fm_only,none,cuda,,20.0
43,corridor|fm|K2,/data/home/llim/FMPCC/FM-PCC/logs/UAV_MIX/uav-corridor/plans/mix_uav_fm/H8_Dmodels.diffusion.FlowMatchingODE_9D/Efm_K2_mpc4_pid_stopgo_T0.5,6,test,corridor_bounds+dynamics+geo_bounds+halfspace+obstacles,bounds_free,bounds_free,False,corridor,fm,2.0,4.0,pid_stopgo,0.5,,,Gen15,2.0,10.0,0.3,latest,fm_only,none,cuda,,2.0
43,corridor|fm|K2,/data/home/llim/FMPCC/FM-PCC/logs/UAV_MIX/uav-corridor/plans/mix_uav_fm/H8_Dmodels.diffusion.FlowMatchingODE_9D/Efm_K2_mpc4_pid_stopgo_T0.5,6,test,corridor_bounds+dynamics+geo_bounds+halfspace+obstacles,bounds_free-tightened,bounds_free,True,corridor,fm,2.0,4.0,pid_stopgo,0.5,,,Gen15,2.0,10.0,0.3,latest,fm_only,none,cuda,,2.0
43,corridor|fm|K2,/data/home/llim/FMPCC/FM-PCC/logs/UAV_MIX/uav-corridor/plans/mix_uav_fm/H8_Dmodels.diffusion.FlowMatchingODE_9D/Efm_K2_mpc4_pid_stopgo_T0.5,6,test,corridor_bounds+dynamics+geo_bounds+halfspace+obstacles,diffuser,diffuser,False,corridor,fm,2.0,4.0,pid_stopgo,0.5,,,Gen15,2.0,10.0,0.3,latest,fm_only,none,cuda,,2.0
43,corridor|fm|K2,/data/home/llim/FMPCC/FM-PCC/logs/UAV_MIX/uav-corridor/plans/mix_uav_fm/H8_Dmodels.diffusion.FlowMatchingODE_9D/Efm_K2_mpc4_pid_stopgo_T0.5,6,test,corridor_bounds+dynamics+geo_bounds+halfspace+obstacles,dpcc-c,dpcc-c,False,corridor,fm,2.0,4.0,pid_stopgo,0.5,,,Gen15,2.0,10.0,0.3,latest,fm_only,none,cuda,,2.0
43,corridor|fm|K2,/data/home/llim/FMPCC/FM-PCC/logs/UAV_MIX/uav-corridor/plans/mix_uav_fm/H8_Dmodels.diffusion.FlowMatchingODE_9D/Efm_K2_mpc4_pid_stopgo_T0.5,6,test,corridor_bounds+dynamics+geo_bounds+halfspace+obstacles,dpcc-c-tightened,dpcc-c,True,corridor,fm,2.0,4.0,pid_stopgo,0.5,,,Gen15,2.0,10.0,0.3,latest,fm_only,none,cuda,,2.0
43,corridor|fm|K2,/data/home/llim/FMPCC/FM-PCC/logs/UAV_MIX/uav-corridor/plans/mix_uav_fm/H8_Dmodels.diffusion.FlowMatchingODE_9D/Efm_K2_mpc4_pid_stopgo_T0.5,6,test,corridor_bounds+dynamics+geo_bounds+halfspace+obstacles,dpcc-r,dpcc-r,False,corridor,fm,2.0,4.0,pid_stopgo,0.5,,,Gen15,2.0,10.0,0.3,latest,fm_only,none,cuda,,2.0
43,corridor|fm|K2,/data/home/llim/FMPCC/FM-PCC/logs/UAV_MIX/uav-corridor/plans/mix_uav_fm/H8_Dmodels.diffusion.FlowMatchingODE_9D/Efm_K2_mpc4_pid_stopgo_T0.5,6,test,corridor_bounds+dynamics+geo_bounds+halfspace+obstacles,dpcc-r-tightened,dpcc-r,True,corridor,fm,2.0,4.0,pid_stopgo,0.5,,,Gen15,2.0,10.0,0.3,latest,fm_only,none,cuda,,2.0
43,corridor|fm|K2,/data/home/llim/FMPCC/FM-PCC/logs/UAV_MIX/uav-corridor/plans/mix_uav_fm/H8_Dmodels.diffusion.FlowMatchingODE_9D/Efm_K2_mpc4_pid_stopgo_T0.5,6,test,corridor_bounds+dynamics+geo_bounds+halfspace+obstacles,dpcc-t,dpcc-t,False,corridor,fm,2.0,4.0,pid_stopgo,0.5,,,Gen15,2.0,10.0,0.3,latest,fm_only,none,cuda,,2.0
43,corridor|fm|K2,/data/home/llim/FMPCC/FM-PCC/logs/UAV_MIX/uav-corridor/plans/mix_uav_fm/H8_Dmodels.diffusion.FlowMatchingODE_9D/Efm_K2_mpc4_pid_stopgo_T0.5,6,test,corridor_bounds+dynamics+geo_bounds+halfspace+obstacles,dpcc-t-tightened,dpcc-t,True,corridor,fm,2.0,4.0,pid_stopgo,0.5,,,Gen15,2.0,10.0,0.3,latest,fm_only,none,cuda,,2.0
43,corridor|fm|K2,/data/home/llim/FMPCC/FM-PCC/logs/UAV_MIX/uav-corridor/plans/mix_uav_fm/H8_Dmodels.diffusion.FlowMatchingODE_9D/Efm_K2_mpc4_pid_stopgo_T0.5,6,test,corridor_bounds+dynamics+geo_bounds+halfspace+obstacles,geo_free,geo_free,False,corridor,fm,2.0,4.0,pid_stopgo,0.5,,,Gen15,2.0,10.0,0.3,latest,fm_only,none,cuda,,2.0
43,corridor|fm|K2,/data/home/llim/FMPCC/FM-PCC/logs/UAV_MIX/uav-corridor/plans/mix_uav_fm/H8_Dmodels.diffusion.FlowMatchingODE_9D/Efm_K2_mpc4_pid_stopgo_T0.5,6,test,corridor_bounds+dynamics+geo_bounds+halfspace+obstacles,geo_free-bounds_free,geo_free-bounds_free,False,corridor,fm,2.0,4.0,pid_stopgo,0.5,,,Gen15,2.0,10.0,0.3,latest,fm_only,none,cuda,,2.0
43,corridor|fm|K2,/data/home/llim/FMPCC/FM-PCC/logs/UAV_MIX/uav-corridor/plans/mix_uav_fm/H8_Dmodels.diffusion.FlowMatchingODE_9D/Efm_K2_mpc4_pid_stopgo_T0.5,6,test,corridor_bounds+dynamics+geo_bounds+halfspace+obstacles,geo_free-model_free,geo_free-model_free,False,corridor,fm,2.0,4.0,pid_stopgo,0.5,,,Gen15,2.0,10.0,0.3,latest,fm_only,none,cuda,,2.0
43,corridor|fm|K2,/data/home/llim/FMPCC/FM-PCC/logs/UAV_MIX/uav-corridor/plans/mix_uav_fm/H8_Dmodels.diffusion.FlowMatchingODE_9D/Efm_K2_mpc4_pid_stopgo_T0.5,6,test,corridor_bounds+dynamics+geo_bounds+halfspace+obstacles,gradient,gradient,False,corridor,fm,2.0,4.0,pid_stopgo,0.5,,,Gen15,2.0,10.0,0.3,latest,fm_only,none,cuda,,2.0
43,corridor|fm|K2,/data/home/llim/FMPCC/FM-PCC/logs/UAV_MIX/uav-corridor/plans/mix_uav_fm/H8_Dmodels.diffusion.FlowMatchingODE_9D/Efm_K2_mpc4_pid_stopgo_T0.5,6,test,corridor_bounds+dynamics+geo_bounds+halfspace+obstacles,gradient-tightened,gradient,True,corridor,fm,2.0,4.0,pid_stopgo,0.5,,,Gen15,2.0,10.0,0.3,latest,fm_only,none,cuda,,2.0
43,corridor|fm|K2,/data/home/llim/FMPCC/FM-PCC/logs/UAV_MIX/uav-corridor/plans/mix_uav_fm/H8_Dmodels.diffusion.FlowMatchingODE_9D/Efm_K2_mpc4_pid_stopgo_T0.5,6,test,corridor_bounds+dynamics+geo_bounds+halfspace+obstacles,hardflow_new,hardflow_new,False,corridor,fm,2.0,4.0,pid_stopgo,0.5,,,Gen15,2.0,10.0,0.3,latest,fm_only,none,cuda,,2.0
43,corridor|fm|K2,/data/home/llim/FMPCC/FM-PCC/logs/UAV_MIX/uav-corridor/plans/mix_uav_fm/H8_Dmodels.diffusion.FlowMatchingODE_9D/Efm_K2_mpc4_pid_stopgo_T0.5,6,test,corridor_bounds+dynamics+geo_bounds+halfspace+obstacles,hardflow_new-c,hardflow_new-c,False,corridor,fm,2.0,4.0,pid_stopgo,0.5,,,Gen15,2.0,10.0,0.3,latest,fm_only,none,cuda,,2.0
43,corridor|fm|K2,/data/home/llim/FMPCC/FM-PCC/logs/UAV_MIX/uav-corridor/plans/mix_uav_fm/H8_Dmodels.diffusion.FlowMatchingODE_9D/Efm_K2_mpc4_pid_stopgo_T0.5,6,test,corridor_bounds+dynamics+geo_bounds+halfspace+obstacles,hardflow_new-t,hardflow_new-t,False,corridor,fm,2.0,4.0,pid_stopgo,0.5,,,Gen15,2.0,10.0,0.3,latest,fm_only,none,cuda,,2.0
43,corridor|fm|K2,/data/home/llim/FMPCC/FM-PCC/logs/UAV_MIX/uav-corridor/plans/mix_uav_fm/H8_Dmodels.diffusion.FlowMatchingODE_9D/Efm_K2_mpc4_pid_stopgo_T0.5,6,test,corridor_bounds+dynamics+geo_bounds+halfspace+obstacles,model_free,model_free,False,corridor,fm,2.0,4.0,pid_stopgo,0.5,,,Gen15,2.0,10.0,0.3,latest,fm_only,none,cuda,,2.0
43,corridor|fm|K2,/data/home/llim/FMPCC/FM-PCC/logs/UAV_MIX/uav-corridor/plans/mix_uav_fm/H8_Dmodels.diffusion.FlowMatchingODE_9D/Efm_K2_mpc4_pid_stopgo_T0.5,6,test,corridor_bounds+dynamics+geo_bounds+halfspace+obstacles,model_free-bounds_free,model_free-bounds_free,False,corridor,fm,2.0,4.0,pid_stopgo,0.5,,,Gen15,2.0,10.0,0.3,latest,fm_only,none,cuda,,2.0
43,corridor|fm|K2,/data/home/llim/FMPCC/FM-PCC/logs/UAV_MIX/uav-corridor/plans/mix_uav_fm/H8_Dmodels.diffusion.FlowMatchingODE_9D/Efm_K2_mpc4_pid_stopgo_T0.5,6,test,corridor_bounds+dynamics+geo_bounds+halfspace+obstacles,model_free-bounds_free-tightened,model_free-bounds_free,True,corridor,fm,2.0,4.0,pid_stopgo,0.5,,,Gen15,2.0,10.0,0.3,latest,fm_only,none,cuda,,2.0
43,corridor|fm|K2,/data/home/llim/FMPCC/FM-PCC/logs/UAV_MIX/uav-corridor/plans/mix_uav_fm/H8_Dmodels.diffusion.FlowMatchingODE_9D/Efm_K2_mpc4_pid_stopgo_T0.5,6,test,corridor_bounds+dynamics+geo_bounds+halfspace+obstacles,model_free-tightened,model_free,True,corridor,fm,2.0,4.0,pid_stopgo,0.5,,,Gen15,2.0,10.0,0.3,latest,fm_only,none,cuda,,2.0
43,corridor|fm|K2,/data/home/llim/FMPCC/FM-PCC/logs/UAV_MIX/uav-corridor/plans/mix_uav_fm/H8_Dmodels.diffusion.FlowMatchingODE_9D/Efm_K2_mpc4_pid_stopgo_T0.5,6,test,corridor_bounds+dynamics+geo_bounds+halfspace+obstacles,post_processing,post_processing,False,corridor,fm,2.0,4.0,pid_stopgo,0.5,,,Gen15,2.0,10.0,0.3,latest,fm_only,none,cuda,,2.0
43,corridor|fm|K2,/data/home/llim/FMPCC/FM-PCC/logs/UAV_MIX/uav-corridor/plans/mix_uav_fm/H8_Dmodels.diffusion.FlowMatchingODE_9D/Efm_K2_mpc4_pid_stopgo_T0.5,6,test,corridor_bounds+dynamics+geo_bounds+halfspace+obstacles,post_processing-tightened,post_processing,True,corridor,fm,2.0,4.0,pid_stopgo,0.5,,,Gen15,2.0,10.0,0.3,latest,fm_only,none,cuda,,2.0
44,corridor|fm|K2|@u7hg,/data/home/llim/FMPCC/FM-PCC/logs/UAV_MIX/uav-corridor/plans/mix_uav_fm/H8_Dmodels.diffusion.FlowMatchingODE_9D/Efm_K2_mpc4_pid_stopgo_T0.5_u7hg,6,test,corridor_hg_bounds+dynamics+geo_bounds+halfspace+obstacles,diffuser,diffuser,False,corridor,fm,2.0,4.0,pid_stopgo,0.5,u7hg,,Gen15,2.0,10.0,0.3,,fm_only,none,cuda,,2.0
44,corridor|fm|K2|@u7hg,/data/home/llim/FMPCC/FM-PCC/logs/UAV_MIX/uav-corridor/plans/mix_uav_fm/H8_Dmodels.diffusion.FlowMatchingODE_9D/Efm_K2_mpc4_pid_stopgo_T0.5_u7hg,6,test,corridor_hg_bounds+dynamics+geo_bounds+halfspace+obstacles,dpcc-c,dpcc-c,False,corridor,fm,2.0,4.0,pid_stopgo,0.5,u7hg,,Gen15,2.0,10.0,0.3,,fm_only,none,cuda,,2.0
44,corridor|fm|K2|@u7hg,/data/home/llim/FMPCC/FM-PCC/logs/UAV_MIX/uav-corridor/plans/mix_uav_fm/H8_Dmodels.diffusion.FlowMatchingODE_9D/Efm_K2_mpc4_pid_stopgo_T0.5_u7hg,6,test,corridor_hg_bounds+dynamics+geo_bounds+halfspace+obstacles,dpcc-c-geo_free,dpcc-c-geo_free,False,corridor,fm,2.0,4.0,pid_stopgo,0.5,u7hg,,Gen15,2.0,10.0,0.3,,fm_only,none,cuda,,2.0
44,corridor|fm|K2|@u7hg,/data/home/llim/FMPCC/FM-PCC/logs/UAV_MIX/uav-corridor/plans/mix_uav_fm/H8_Dmodels.diffusion.FlowMatchingODE_9D/Efm_K2_mpc4_pid_stopgo_T0.5_u7hg,6,test,corridor_hg_bounds+dynamics+geo_bounds+halfspace+obstacles,dpcc-c-tightened,dpcc-c,True,corridor,fm,2.0,4.0,pid_stopgo,0.5,u7hg,,Gen15,2.0,10.0,0.3,,fm_only,none,cuda,,2.0
44,corridor|fm|K2|@u7hg,/data/home/llim/FMPCC/FM-PCC/logs/UAV_MIX/uav-corridor/plans/mix_uav_fm/H8_Dmodels.diffusion.FlowMatchingODE_9D/Efm_K2_mpc4_pid_stopgo_T0.5_u7hg,6,test,corridor_hg_bounds+dynamics+geo_bounds+halfspace+obstacles,dpcc-r,dpcc-r,False,corridor,fm,2.0,4.0,pid_stopgo,0.5,u7hg,,Gen15,2.0,10.0,0.3,,fm_only,none,cuda,,2.0
44,corridor|fm|K2|@u7hg,/data/home/llim/FMPCC/FM-PCC/logs/UAV_MIX/uav-corridor/plans/mix_uav_fm/H8_Dmodels.diffusion.FlowMatchingODE_9D/Efm_K2_mpc4_pid_stopgo_T0.5_u7hg,6,test,corridor_hg_bounds+dynamics+geo_bounds+halfspace+obstacles,dpcc-r-geo_free,dpcc-r-geo_free,False,corridor,fm,2.0,4.0,pid_stopgo,0.5,u7hg,,Gen15,2.0,10.0,0.3,,fm_only,none,cuda,,2.0
44,corridor|fm|K2|@u7hg,/data/home/llim/FMPCC/FM-PCC/logs/UAV_MIX/uav-corridor/plans/mix_uav_fm/H8_Dmodels.diffusion.FlowMatchingODE_9D/Efm_K2_mpc4_pid_stopgo_T0.5_u7hg,6,test,corridor_hg_bounds+dynamics+geo_bounds+halfspace+obstacles,dpcc-r-tightened,dpcc-r,True,corridor,fm,2.0,4.0,pid_stopgo,0.5,u7hg,,Gen15,2.0,10.0,0.3,,fm_only,none,cuda,,2.0
44,corridor|fm|K2|@u7hg,/data/home/llim/FMPCC/FM-PCC/logs/UAV_MIX/uav-corridor/plans/mix_uav_fm/H8_Dmodels.diffusion.FlowMatchingODE_9D/Efm_K2_mpc4_pid_stopgo_T0.5_u7hg,6,test,corridor_hg_bounds+dynamics+geo_bounds+halfspace+obstacles,dpcc-t,dpcc-t,False,corridor,fm,2.0,4.0,pid_stopgo,0.5,u7hg,,Gen15,2.0,10.0,0.3,,fm_only,none,cuda,,2.0
44,corridor|fm|K2|@u7hg,/data/home/llim/FMPCC/FM-PCC/logs/UAV_MIX/uav-corridor/plans/mix_uav_fm/H8_Dmodels.diffusion.FlowMatchingODE_9D/Efm_K2_mpc4_pid_stopgo_T0.5_u7hg,6,test,corridor_hg_bounds+dynamics+geo_bounds+halfspace+obstacles,dpcc-t-geo_free,dpcc-t-geo_free,False,corridor,fm,2.0,4.0,pid_stopgo,0.5,u7hg,,Gen15,2.0,10.0,0.3,,fm_only,none,cuda,,2.0
44,corridor|fm|K2|@u7hg,/data/home/llim/FMPCC/FM-PCC/logs/UAV_MIX/uav-corridor/plans/mix_uav_fm/H8_Dmodels.diffusion.FlowMatchingODE_9D/Efm_K2_mpc4_pid_stopgo_T0.5_u7hg,6,test,corridor_hg_bounds+dynamics+geo_bounds+halfspace+obstacles,dpcc-t-tightened,dpcc-t,True,corridor,fm,2.0,4.0,pid_stopgo,0.5,u7hg,,Gen15,2.0,10.0,0.3,,fm_only,none,cuda,,2.0
44,corridor|fm|K2|@u7hg,/data/home/llim/FMPCC/FM-PCC/logs/UAV_MIX/uav-corridor/plans/mix_uav_fm/H8_Dmodels.diffusion.FlowMatchingODE_9D/Efm_K2_mpc4_pid_stopgo_T0.5_u7hg,6,test,corridor_hgb2_bounds+dynamics+geo_bounds+halfspace+obstacles,diffuser,diffuser,False,corridor,fm,2.0,4.0,pid_stopgo,0.5,u7hg,,Gen15,2.0,10.0,0.3,,fm_only,none,cuda,,2.0
44,corridor|fm|K2|@u7hg,/data/home/llim/FMPCC/FM-PCC/logs/UAV_MIX/uav-corridor/plans/mix_uav_fm/H8_Dmodels.diffusion.FlowMatchingODE_9D/Efm_K2_mpc4_pid_stopgo_T0.5_u7hg,6,test,corridor_hgb2_bounds+dynamics+geo_bounds+halfspace+obstacles,dpcc-t,dpcc-t,False,corridor,fm,2.0,4.0,pid_stopgo,0.5,u7hg,,Gen15,2.0,10.0,0.3,,fm_only,none,cuda,,2.0
44,corridor|fm|K2|@u7hg,/data/home/llim/FMPCC/FM-PCC/logs/UAV_MIX/uav-corridor/plans/mix_uav_fm/H8_Dmodels.diffusion.FlowMatchingODE_9D/Efm_K2_mpc4_pid_stopgo_T0.5_u7hg,6,test,corridor_hgb2_bounds+dynamics+geo_bounds+halfspace+obstacles,dpcc-t-geo_free,dpcc-t-geo_free,False,corridor,fm,2.0,4.0,pid_stopgo,0.5,u7hg,,Gen15,2.0,10.0,0.3,,fm_only,none,cuda,,2.0
44,corridor|fm|K2|@u7hg,/data/home/llim/FMPCC/FM-PCC/logs/UAV_MIX/uav-corridor/plans/mix_uav_fm/H8_Dmodels.diffusion.FlowMatchingODE_9D/Efm_K2_mpc4_pid_stopgo_T0.5_u7hg,6,test,corridor_hgb2_bounds+dynamics+geo_bounds+halfspace+obstacles,dpcc-t-tightened,dpcc-t,True,corridor,fm,2.0,4.0,pid_stopgo,0.5,u7hg,,Gen15,2.0,10.0,0.3,,fm_only,none,cuda,,2.0
44,corridor|fm|K2|@u7hg,/data/home/llim/FMPCC/FM-PCC/logs/UAV_MIX/uav-corridor/plans/mix_uav_fm/H8_Dmodels.diffusion.FlowMatchingODE_9D/Efm_K2_mpc4_pid_stopgo_T0.5_u7hg,6,test,corridor_hgb_bounds+dynamics+geo_bounds+halfspace+obstacles,diffuser,diffuser,False,corridor,fm,2.0,4.0,pid_stopgo,0.5,u7hg,,Gen15,2.0,10.0,0.3,,fm_only,none,cuda,,2.0
44,corridor|fm|K2|@u7hg,/data/home/llim/FMPCC/FM-PCC/logs/UAV_MIX/uav-corridor/plans/mix_uav_fm/H8_Dmodels.diffusion.FlowMatchingODE_9D/Efm_K2_mpc4_pid_stopgo_T0.5_u7hg,6,test,corridor_hgb_bounds+dynamics+geo_bounds+halfspace+obstacles,dpcc-t,dpcc-t,False,corridor,fm,2.0,4.0,pid_stopgo,0.5,u7hg,,Gen15,2.0,10.0,0.3,,fm_only,none,cuda,,2.0
44,corridor|fm|K2|@u7hg,/data/home/llim/FMPCC/FM-PCC/logs/UAV_MIX/uav-corridor/plans/mix_uav_fm/H8_Dmodels.diffusion.FlowMatchingODE_9D/Efm_K2_mpc4_pid_stopgo_T0.5_u7hg,6,test,corridor_hgb_bounds+dynamics+geo_bounds+halfspace+obstacles,dpcc-t-geo_free,dpcc-t-geo_free,False,corridor,fm,2.0,4.0,pid_stopgo,0.5,u7hg,,Gen15,2.0,10.0,0.3,,fm_only,none,cuda,,2.0
44,corridor|fm|K2|@u7hg,/data/home/llim/FMPCC/FM-PCC/logs/UAV_MIX/uav-corridor/plans/mix_uav_fm/H8_Dmodels.diffusion.FlowMatchingODE_9D/Efm_K2_mpc4_pid_stopgo_T0.5_u7hg,6,test,corridor_hgb_bounds+dynamics+geo_bounds+halfspace+obstacles,dpcc-t-tightened,dpcc-t,True,corridor,fm,2.0,4.0,pid_stopgo,0.5,u7hg,,Gen15,2.0,10.0,0.3,,fm_only,none,cuda,,2.0
45,corridor|fm|K3|@u17cv2,/data/home/llim/FMPCC/FM-PCC/logs/UAV_MIX/uav-corridor/plans/mix_uav_fm/H8_Dmodels.diffusion.FlowMatchingODE_9D/Efm_K3_mpc4_pid_stopgo_T0.5_u17cv2,6,test,corridor_cv2s_bounds+dynamics+geo_bounds+halfspace+obstacles,diffuser,diffuser,False,corridor,fm,3.0,4.0,pid_stopgo,0.5,u17cv2,,Gen15,3.0,12.0,0.3,,fm_only,none,cuda,,3.0
45,corridor|fm|K3|@u17cv2,/data/home/llim/FMPCC/FM-PCC/logs/UAV_MIX/uav-corridor/plans/mix_uav_fm/H8_Dmodels.diffusion.FlowMatchingODE_9D/Efm_K3_mpc4_pid_stopgo_T0.5_u17cv2,6,test,corridor_cv2s_bounds+dynamics+geo_bounds+halfspace+obstacles,dpcc-c-bounds_free-pdes,dpcc-c-bounds_free-pdes,False,corridor,fm,3.0,4.0,pid_stopgo,0.5,u17cv2,,Gen15,3.0,12.0,0.3,,fm_only,none,cuda,,3.0
45,corridor|fm|K3|@u17cv2,/data/home/llim/FMPCC/FM-PCC/logs/UAV_MIX/uav-corridor/plans/mix_uav_fm/H8_Dmodels.diffusion.FlowMatchingODE_9D/Efm_K3_mpc4_pid_stopgo_T0.5_u17cv2,6,test,corridor_cv2s_bounds+dynamics+geo_bounds+halfspace+obstacles,dpcc-c-bounds_free-pdes-tightened,dpcc-c-bounds_free-pdes,True,corridor,fm,3.0,4.0,pid_stopgo,0.5,u17cv2,,Gen15,3.0,12.0,0.3,,fm_only,none,cuda,,3.0
45,corridor|fm|K3|@u17cv2,/data/home/llim/FMPCC/FM-PCC/logs/UAV_MIX/uav-corridor/plans/mix_uav_fm/H8_Dmodels.diffusion.FlowMatchingODE_9D/Efm_K3_mpc4_pid_stopgo_T0.5_u17cv2,6,test,corridor_cv2s_bounds+dynamics+geo_bounds+halfspace+obstacles,dpcc-r-bounds_free-pdes-tightened,dpcc-r-bounds_free-pdes,True,corridor,fm,3.0,4.0,pid_stopgo,0.5,u17cv2,,Gen15,3.0,12.0,0.3,,fm_only,none,cuda,,3.0
45,corridor|fm|K3|@u17cv2,/data/home/llim/FMPCC/FM-PCC/logs/UAV_MIX/uav-corridor/plans/mix_uav_fm/H8_Dmodels.diffusion.FlowMatchingODE_9D/Efm_K3_mpc4_pid_stopgo_T0.5_u17cv2,6,test,corridor_cv2s_bounds+dynamics+geo_bounds+halfspace+obstacles,dpcc-t-bounds_free-pdes-tightened,dpcc-t-bounds_free-pdes,True,corridor,fm,3.0,4.0,pid_stopgo,0.5,u17cv2,,Gen15,3.0,12.0,0.3,,fm_only,none,cuda,,3.0
45,corridor|fm|K3|@u17cv2,/data/home/llim/FMPCC/FM-PCC/logs/UAV_MIX/uav-corridor/plans/mix_uav_fm/H8_Dmodels.diffusion.FlowMatchingODE_9D/Efm_K3_mpc4_pid_stopgo_T0.5_u17cv2,6,test,corridor_cv2s_bounds+dynamics+geo_bounds+halfspace+obstacles,hardflow_sls-bounds_free-pdes-tightened,hardflow_sls-bounds_free-pdes,True,corridor,fm,3.0,4.0,pid_stopgo,0.5,u17cv2,,Gen15,3.0,12.0,0.3,,fm_only,none,cuda,,3.0
45,corridor|fm|K3|@u17cv2,/data/home/llim/FMPCC/FM-PCC/logs/UAV_MIX/uav-corridor/plans/mix_uav_fm/H8_Dmodels.diffusion.FlowMatchingODE_9D/Efm_K3_mpc4_pid_stopgo_T0.5_u17cv2,6,test,corridor_cv2s_bounds+dynamics+geo_bounds+halfspace+obstacles,hardflow_sls-c-bounds_free-pdes-tightened,hardflow_sls-c-bounds_free-pdes,True,corridor,fm,3.0,4.0,pid_stopgo,0.5,u17cv2,,Gen15,3.0,12.0,0.3,,fm_only,none,cuda,,3.0
45,corridor|fm|K3|@u17cv2,/data/home/llim/FMPCC/FM-PCC/logs/UAV_MIX/uav-corridor/plans/mix_uav_fm/H8_Dmodels.diffusion.FlowMatchingODE_9D/Efm_K3_mpc4_pid_stopgo_T0.5_u17cv2,6,test,corridor_cv2s_bounds+dynamics+geo_bounds+halfspace+obstacles,hardflow_sls-r-bounds_free-pdes-tightened,hardflow_sls-r-bounds_free-pdes,True,corridor,fm,3.0,4.0,pid_stopgo,0.5,u17cv2,,Gen15,3.0,12.0,0.3,,fm_only,none,cuda,,3.0
45,corridor|fm|K3|@u17cv2,/data/home/llim/FMPCC/FM-PCC/logs/UAV_MIX/uav-corridor/plans/mix_uav_fm/H8_Dmodels.diffusion.FlowMatchingODE_9D/Efm_K3_mpc4_pid_stopgo_T0.5_u17cv2,6,test,corridor_cv2s_bounds+dynamics+geo_bounds+halfspace+obstacles,hardflow_sls-t-bounds_free-pdes-tightened,hardflow_sls-t-bounds_free-pdes,True,corridor,fm,3.0,4.0,pid_stopgo,0.5,u17cv2,,Gen15,3.0,12.0,0.3,,fm_only,none,cuda,,3.0
46,corridor|fm|K5,/data/home/llim/FMPCC/FM-PCC/logs/UAV_MIX/uav-corridor/plans/mix_uav_fm/H8_Dmodels.diffusion.FlowMatchingODE_9D/Efm_K5_mpc4_pid_stopgo_T0.5,6,test,corridor_bounds+dynamics+geo_bounds+halfspace+obstacles,bounds_free,bounds_free,False,corridor,fm,5.0,4.0,pid_stopgo,0.5,,,Gen15,5.0,10.0,0.3,latest,fm_only,none,cuda,,5.0
46,corridor|fm|K5,/data/home/llim/FMPCC/FM-PCC/logs/UAV_MIX/uav-corridor/plans/mix_uav_fm/H8_Dmodels.diffusion.FlowMatchingODE_9D/Efm_K5_mpc4_pid_stopgo_T0.5,6,test,corridor_bounds+dynamics+geo_bounds+halfspace+obstacles,bounds_free-tightened,bounds_free,True,corridor,fm,5.0,4.0,pid_stopgo,0.5,,,Gen15,5.0,10.0,0.3,latest,fm_only,none,cuda,,5.0
46,corridor|fm|K5,/data/home/llim/FMPCC/FM-PCC/logs/UAV_MIX/uav-corridor/plans/mix_uav_fm/H8_Dmodels.diffusion.FlowMatchingODE_9D/Efm_K5_mpc4_pid_stopgo_T0.5,6,test,corridor_bounds+dynamics+geo_bounds+halfspace+obstacles,diffuser,diffuser,False,corridor,fm,5.0,4.0,pid_stopgo,0.5,,,Gen15,5.0,10.0,0.3,latest,fm_only,none,cuda,,5.0
46,corridor|fm|K5,/data/home/llim/FMPCC/FM-PCC/logs/UAV_MIX/uav-corridor/plans/mix_uav_fm/H8_Dmodels.diffusion.FlowMatchingODE_9D/Efm_K5_mpc4_pid_stopgo_T0.5,6,test,corridor_bounds+dynamics+geo_bounds+halfspace+obstacles,dpcc-c,dpcc-c,False,corridor,fm,5.0,4.0,pid_stopgo,0.5,,,Gen15,5.0,10.0,0.3,latest,fm_only,none,cuda,,5.0
46,corridor|fm|K5,/data/home/llim/FMPCC/FM-PCC/logs/UAV_MIX/uav-corridor/plans/mix_uav_fm/H8_Dmodels.diffusion.FlowMatchingODE_9D/Efm_K5_mpc4_pid_stopgo_T0.5,6,test,corridor_bounds+dynamics+geo_bounds+halfspace+obstacles,dpcc-c-tightened,dpcc-c,True,corridor,fm,5.0,4.0,pid_stopgo,0.5,,,Gen15,5.0,10.0,0.3,latest,fm_only,none,cuda,,5.0
46,corridor|fm|K5,/data/home/llim/FMPCC/FM-PCC/logs/UAV_MIX/uav-corridor/plans/mix_uav_fm/H8_Dmodels.diffusion.FlowMatchingODE_9D/Efm_K5_mpc4_pid_stopgo_T0.5,6,test,corridor_bounds+dynamics+geo_bounds+halfspace+obstacles,dpcc-r,dpcc-r,False,corridor,fm,5.0,4.0,pid_stopgo,0.5,,,Gen15,5.0,10.0,0.3,latest,fm_only,none,cuda,,5.0
46,corridor|fm|K5,/data/home/llim/FMPCC/FM-PCC/logs/UAV_MIX/uav-corridor/plans/mix_uav_fm/H8_Dmodels.diffusion.FlowMatchingODE_9D/Efm_K5_mpc4_pid_stopgo_T0.5,6,test,corridor_bounds+dynamics+geo_bounds+halfspace+obstacles,dpcc-r-tightened,dpcc-r,True,corridor,fm,5.0,4.0,pid_stopgo,0.5,,,Gen15,5.0,10.0,0.3,latest,fm_only,none,cuda,,5.0
46,corridor|fm|K5,/data/home/llim/FMPCC/FM-PCC/logs/UAV_MIX/uav-corridor/plans/mix_uav_fm/H8_Dmodels.diffusion.FlowMatchingODE_9D/Efm_K5_mpc4_pid_stopgo_T0.5,6,test,corridor_bounds+dynamics+geo_bounds+halfspace+obstacles,dpcc-t,dpcc-t,False,corridor,fm,5.0,4.0,pid_stopgo,0.5,,,Gen15,5.0,10.0,0.3,latest,fm_only,none,cuda,,5.0
46,corridor|fm|K5,/data/home/llim/FMPCC/FM-PCC/logs/UAV_MIX/uav-corridor/plans/mix_uav_fm/H8_Dmodels.diffusion.FlowMatchingODE_9D/Efm_K5_mpc4_pid_stopgo_T0.5,6,test,corridor_bounds+dynamics+geo_bounds+halfspace+obstacles,dpcc-t-tightened,dpcc-t,True,corridor,fm,5.0,4.0,pid_stopgo,0.5,,,Gen15,5.0,10.0,0.3,latest,fm_only,none,cuda,,5.0
46,corridor|fm|K5,/data/home/llim/FMPCC/FM-PCC/logs/UAV_MIX/uav-corridor/plans/mix_uav_fm/H8_Dmodels.diffusion.FlowMatchingODE_9D/Efm_K5_mpc4_pid_stopgo_T0.5,6,test,corridor_bounds+dynamics+geo_bounds+halfspace+obstacles,geo_free,geo_free,False,corridor,fm,5.0,4.0,pid_stopgo,0.5,,,Gen15,5.0,10.0,0.3,latest,fm_only,none,cuda,,5.0
46,corridor|fm|K5,/data/home/llim/FMPCC/FM-PCC/logs/UAV_MIX/uav-corridor/plans/mix_uav_fm/H8_Dmodels.diffusion.FlowMatchingODE_9D/Efm_K5_mpc4_pid_stopgo_T0.5,6,test,corridor_bounds+dynamics+geo_bounds+halfspace+obstacles,geo_free-bounds_free,geo_free-bounds_free,False,corridor,fm,5.0,4.0,pid_stopgo,0.5,,,Gen15,5.0,10.0,0.3,latest,fm_only,none,cuda,,5.0
46,corridor|fm|K5,/data/home/llim/FMPCC/FM-PCC/logs/UAV_MIX/uav-corridor/plans/mix_uav_fm/H8_Dmodels.diffusion.FlowMatchingODE_9D/Efm_K5_mpc4_pid_stopgo_T0.5,6,test,corridor_bounds+dynamics+geo_bounds+halfspace+obstacles,geo_free-model_free,geo_free-model_free,False,corridor,fm,5.0,4.0,pid_stopgo,0.5,,,Gen15,5.0,10.0,0.3,latest,fm_only,none,cuda,,5.0
46,corridor|fm|K5,/data/home/llim/FMPCC/FM-PCC/logs/UAV_MIX/uav-corridor/plans/mix_uav_fm/H8_Dmodels.diffusion.FlowMatchingODE_9D/Efm_K5_mpc4_pid_stopgo_T0.5,6,test,corridor_bounds+dynamics+geo_bounds+halfspace+obstacles,gradient,gradient,False,corridor,fm,5.0,4.0,pid_stopgo,0.5,,,Gen15,5.0,10.0,0.3,latest,fm_only,none,cuda,,5.0
46,corridor|fm|K5,/data/home/llim/FMPCC/FM-PCC/logs/UAV_MIX/uav-corridor/plans/mix_uav_fm/H8_Dmodels.diffusion.FlowMatchingODE_9D/Efm_K5_mpc4_pid_stopgo_T0.5,6,test,corridor_bounds+dynamics+geo_bounds+halfspace+obstacles,gradient-tightened,gradient,True,corridor,fm,5.0,4.0,pid_stopgo,0.5,,,Gen15,5.0,10.0,0.3,latest,fm_only,none,cuda,,5.0
46,corridor|fm|K5,/data/home/llim/FMPCC/FM-PCC/logs/UAV_MIX/uav-corridor/plans/mix_uav_fm/H8_Dmodels.diffusion.FlowMatchingODE_9D/Efm_K5_mpc4_pid_stopgo_T0.5,6,test,corridor_bounds+dynamics+geo_bounds+halfspace+obstacles,hardflow_new,hardflow_new,False,corridor,fm,5.0,4.0,pid_stopgo,0.5,,,Gen15,5.0,10.0,0.3,latest,fm_only,none,cuda,,5.0
46,corridor|fm|K5,/data/home/llim/FMPCC/FM-PCC/logs/UAV_MIX/uav-corridor/plans/mix_uav_fm/H8_Dmodels.diffusion.FlowMatchingODE_9D/Efm_K5_mpc4_pid_stopgo_T0.5,6,test,corridor_bounds+dynamics+geo_bounds+halfspace+obstacles,hardflow_new-c,hardflow_new-c,False,corridor,fm,5.0,4.0,pid_stopgo,0.5,,,Gen15,5.0,10.0,0.3,latest,fm_only,none,cuda,,5.0
46,corridor|fm|K5,/data/home/llim/FMPCC/FM-PCC/logs/UAV_MIX/uav-corridor/plans/mix_uav_fm/H8_Dmodels.diffusion.FlowMatchingODE_9D/Efm_K5_mpc4_pid_stopgo_T0.5,6,test,corridor_bounds+dynamics+geo_bounds+halfspace+obstacles,hardflow_new-t,hardflow_new-t,False,corridor,fm,5.0,4.0,pid_stopgo,0.5,,,Gen15,5.0,10.0,0.3,latest,fm_only,none,cuda,,5.0
46,corridor|fm|K5,/data/home/llim/FMPCC/FM-PCC/logs/UAV_MIX/uav-corridor/plans/mix_uav_fm/H8_Dmodels.diffusion.FlowMatchingODE_9D/Efm_K5_mpc4_pid_stopgo_T0.5,6,test,corridor_bounds+dynamics+geo_bounds+halfspace+obstacles,model_free,model_free,False,corridor,fm,5.0,4.0,pid_stopgo,0.5,,,Gen15,5.0,10.0,0.3,latest,fm_only,none,cuda,,5.0
46,corridor|fm|K5,/data/home/llim/FMPCC/FM-PCC/logs/UAV_MIX/uav-corridor/plans/mix_uav_fm/H8_Dmodels.diffusion.FlowMatchingODE_9D/Efm_K5_mpc4_pid_stopgo_T0.5,6,test,corridor_bounds+dynamics+geo_bounds+halfspace+obstacles,model_free-bounds_free,model_free-bounds_free,False,corridor,fm,5.0,4.0,pid_stopgo,0.5,,,Gen15,5.0,10.0,0.3,latest,fm_only,none,cuda,,5.0
46,corridor|fm|K5,/data/home/llim/FMPCC/FM-PCC/logs/UAV_MIX/uav-corridor/plans/mix_uav_fm/H8_Dmodels.diffusion.FlowMatchingODE_9D/Efm_K5_mpc4_pid_stopgo_T0.5,6,test,corridor_bounds+dynamics+geo_bounds+halfspace+obstacles,model_free-bounds_free-tightened,model_free-bounds_free,True,corridor,fm,5.0,4.0,pid_stopgo,0.5,,,Gen15,5.0,10.0,0.3,latest,fm_only,none,cuda,,5.0
46,corridor|fm|K5,/data/home/llim/FMPCC/FM-PCC/logs/UAV_MIX/uav-corridor/plans/mix_uav_fm/H8_Dmodels.diffusion.FlowMatchingODE_9D/Efm_K5_mpc4_pid_stopgo_T0.5,6,test,corridor_bounds+dynamics+geo_bounds+halfspace+obstacles,model_free-tightened,model_free,True,corridor,fm,5.0,4.0,pid_stopgo,0.5,,,Gen15,5.0,10.0,0.3,latest,fm_only,none,cuda,,5.0
46,corridor|fm|K5,/data/home/llim/FMPCC/FM-PCC/logs/UAV_MIX/uav-corridor/plans/mix_uav_fm/H8_Dmodels.diffusion.FlowMatchingODE_9D/Efm_K5_mpc4_pid_stopgo_T0.5,6,test,corridor_bounds+dynamics+geo_bounds+halfspace+obstacles,post_processing,post_processing,False,corridor,fm,5.0,4.0,pid_stopgo,0.5,,,Gen15,5.0,10.0,0.3,latest,fm_only,none,cuda,,5.0
46,corridor|fm|K5,/data/home/llim/FMPCC/FM-PCC/logs/UAV_MIX/uav-corridor/plans/mix_uav_fm/H8_Dmodels.diffusion.FlowMatchingODE_9D/Efm_K5_mpc4_pid_stopgo_T0.5,6,test,corridor_bounds+dynamics+geo_bounds+halfspace+obstacles,post_processing-tightened,post_processing,True,corridor,fm,5.0,4.0,pid_stopgo,0.5,,,Gen15,5.0,10.0,0.3,latest,fm_only,none,cuda,,5.0
47,corridor|fm|K5|@u17cv2,/data/home/llim/FMPCC/FM-PCC/logs/UAV_MIX/uav-corridor/plans/mix_uav_fm/H8_Dmodels.diffusion.FlowMatchingODE_9D/Efm_K5_mpc4_pid_stopgo_T0.5_u17cv2,6,test,corridor_cv2s_bounds+dynamics+geo_bounds+halfspace+obstacles,diffuser,diffuser,False,corridor,fm,5.0,4.0,pid_stopgo,0.5,u17cv2,,Gen15,5.0,12.0,0.3,,fm_only,none,cuda,,5.0
47,corridor|fm|K5|@u17cv2,/data/home/llim/FMPCC/FM-PCC/logs/UAV_MIX/uav-corridor/plans/mix_uav_fm/H8_Dmodels.diffusion.FlowMatchingODE_9D/Efm_K5_mpc4_pid_stopgo_T0.5_u17cv2,6,test,corridor_cv2s_bounds+dynamics+geo_bounds+halfspace+obstacles,dpcc-c-bounds_free-pdes,dpcc-c-bounds_free-pdes,False,corridor,fm,5.0,4.0,pid_stopgo,0.5,u17cv2,,Gen15,5.0,12.0,0.3,,fm_only,none,cuda,,5.0
47,corridor|fm|K5|@u17cv2,/data/home/llim/FMPCC/FM-PCC/logs/UAV_MIX/uav-corridor/plans/mix_uav_fm/H8_Dmodels.diffusion.FlowMatchingODE_9D/Efm_K5_mpc4_pid_stopgo_T0.5_u17cv2,6,test,corridor_cv2s_bounds+dynamics+geo_bounds+halfspace+obstacles,dpcc-c-bounds_free-pdes-tightened,dpcc-c-bounds_free-pdes,True,corridor,fm,5.0,4.0,pid_stopgo,0.5,u17cv2,,Gen15,5.0,12.0,0.3,,fm_only,none,cuda,,5.0
47,corridor|fm|K5|@u17cv2,/data/home/llim/FMPCC/FM-PCC/logs/UAV_MIX/uav-corridor/plans/mix_uav_fm/H8_Dmodels.diffusion.FlowMatchingODE_9D/Efm_K5_mpc4_pid_stopgo_T0.5_u17cv2,6,test,corridor_cv2s_bounds+dynamics+geo_bounds+halfspace+obstacles,dpcc-r-bounds_free-pdes-tightened,dpcc-r-bounds_free-pdes,True,corridor,fm,5.0,4.0,pid_stopgo,0.5,u17cv2,,Gen15,5.0,12.0,0.3,,fm_only,none,cuda,,5.0
47,corridor|fm|K5|@u17cv2,/data/home/llim/FMPCC/FM-PCC/logs/UAV_MIX/uav-corridor/plans/mix_uav_fm/H8_Dmodels.diffusion.FlowMatchingODE_9D/Efm_K5_mpc4_pid_stopgo_T0.5_u17cv2,6,test,corridor_cv2s_bounds+dynamics+geo_bounds+halfspace+obstacles,dpcc-t-bounds_free-pdes-tightened,dpcc-t-bounds_free-pdes,True,corridor,fm,5.0,4.0,pid_stopgo,0.5,u17cv2,,Gen15,5.0,12.0,0.3,,fm_only,none,cuda,,5.0
47,corridor|fm|K5|@u17cv2,/data/home/llim/FMPCC/FM-PCC/logs/UAV_MIX/uav-corridor/plans/mix_uav_fm/H8_Dmodels.diffusion.FlowMatchingODE_9D/Efm_K5_mpc4_pid_stopgo_T0.5_u17cv2,6,test,corridor_cv2s_bounds+dynamics+geo_bounds+halfspace+obstacles,hardflow_sls-bounds_free-pdes-tightened,hardflow_sls-bounds_free-pdes,True,corridor,fm,5.0,4.0,pid_stopgo,0.5,u17cv2,,Gen15,5.0,12.0,0.3,,fm_only,none,cuda,,5.0
47,corridor|fm|K5|@u17cv2,/data/home/llim/FMPCC/FM-PCC/logs/UAV_MIX/uav-corridor/plans/mix_uav_fm/H8_Dmodels.diffusion.FlowMatchingODE_9D/Efm_K5_mpc4_pid_stopgo_T0.5_u17cv2,6,test,corridor_cv2s_bounds+dynamics+geo_bounds+halfspace+obstacles,hardflow_sls-c-bounds_free-pdes-tightened,hardflow_sls-c-bounds_free-pdes,True,corridor,fm,5.0,4.0,pid_stopgo,0.5,u17cv2,,Gen15,5.0,12.0,0.3,,fm_only,none,cuda,,5.0
47,corridor|fm|K5|@u17cv2,/data/home/llim/FMPCC/FM-PCC/logs/UAV_MIX/uav-corridor/plans/mix_uav_fm/H8_Dmodels.diffusion.FlowMatchingODE_9D/Efm_K5_mpc4_pid_stopgo_T0.5_u17cv2,6,test,corridor_cv2s_bounds+dynamics+geo_bounds+halfspace+obstacles,hardflow_sls-r-bounds_free-pdes-tightened,hardflow_sls-r-bounds_free-pdes,True,corridor,fm,5.0,4.0,pid_stopgo,0.5,u17cv2,,Gen15,5.0,12.0,0.3,,fm_only,none,cuda,,5.0
47,corridor|fm|K5|@u17cv2,/data/home/llim/FMPCC/FM-PCC/logs/UAV_MIX/uav-corridor/plans/mix_uav_fm/H8_Dmodels.diffusion.FlowMatchingODE_9D/Efm_K5_mpc4_pid_stopgo_T0.5_u17cv2,6,test,corridor_cv2s_bounds+dynamics+geo_bounds+halfspace+obstacles,hardflow_sls-t-bounds_free-pdes-tightened,hardflow_sls-t-bounds_free-pdes,True,corridor,fm,5.0,4.0,pid_stopgo,0.5,u17cv2,,Gen15,5.0,12.0,0.3,,fm_only,none,cuda,,5.0
48,corridor|fm|K5|@u7hg,/data/home/llim/FMPCC/FM-PCC/logs/UAV_MIX/uav-corridor/plans/mix_uav_fm/H8_Dmodels.diffusion.FlowMatchingODE_9D/Efm_K5_mpc4_pid_stopgo_T0.5_u7hg,6,test,corridor_hgb2_bounds+dynamics+geo_bounds+halfspace+obstacles,diffuser,diffuser,False,corridor,fm,5.0,4.0,pid_stopgo,0.5,u7hg,,Gen15,5.0,10.0,0.3,,fm_only,none,cuda,,5.0
48,corridor|fm|K5|@u7hg,/data/home/llim/FMPCC/FM-PCC/logs/UAV_MIX/uav-corridor/plans/mix_uav_fm/H8_Dmodels.diffusion.FlowMatchingODE_9D/Efm_K5_mpc4_pid_stopgo_T0.5_u7hg,6,test,corridor_hgb2_bounds+dynamics+geo_bounds+halfspace+obstacles,dpcc-t,dpcc-t,False,corridor,fm,5.0,4.0,pid_stopgo,0.5,u7hg,,Gen15,5.0,10.0,0.3,,fm_only,none,cuda,,5.0
48,corridor|fm|K5|@u7hg,/data/home/llim/FMPCC/FM-PCC/logs/UAV_MIX/uav-corridor/plans/mix_uav_fm/H8_Dmodels.diffusion.FlowMatchingODE_9D/Efm_K5_mpc4_pid_stopgo_T0.5_u7hg,6,test,corridor_hgb2_bounds+dynamics+geo_bounds+halfspace+obstacles,dpcc-t-geo_free,dpcc-t-geo_free,False,corridor,fm,5.0,4.0,pid_stopgo,0.5,u7hg,,Gen15,5.0,10.0,0.3,,fm_only,none,cuda,,5.0
48,corridor|fm|K5|@u7hg,/data/home/llim/FMPCC/FM-PCC/logs/UAV_MIX/uav-corridor/plans/mix_uav_fm/H8_Dmodels.diffusion.FlowMatchingODE_9D/Efm_K5_mpc4_pid_stopgo_T0.5_u7hg,6,test,corridor_hgb2_bounds+dynamics+geo_bounds+halfspace+obstacles,dpcc-t-tightened,dpcc-t,True,corridor,fm,5.0,4.0,pid_stopgo,0.5,u7hg,,Gen15,5.0,10.0,0.3,,fm_only,none,cuda,,5.0
48,corridor|fm|K5|@u7hg,/data/home/llim/FMPCC/FM-PCC/logs/UAV_MIX/uav-corridor/plans/mix_uav_fm/H8_Dmodels.diffusion.FlowMatchingODE_9D/Efm_K5_mpc4_pid_stopgo_T0.5_u7hg,6,test,corridor_hgb2_bounds+dynamics+geo_bounds+halfspace+obstacles,hardflow_sls,hardflow_sls,False,corridor,fm,5.0,4.0,pid_stopgo,0.5,u7hg,,Gen15,5.0,10.0,0.3,,fm_only,none,cuda,,5.0
48,corridor|fm|K5|@u7hg,/data/home/llim/FMPCC/FM-PCC/logs/UAV_MIX/uav-corridor/plans/mix_uav_fm/H8_Dmodels.diffusion.FlowMatchingODE_9D/Efm_K5_mpc4_pid_stopgo_T0.5_u7hg,6,test,corridor_hgb2_bounds+dynamics+geo_bounds+halfspace+obstacles,hardflow_sls-t,hardflow_sls-t,False,corridor,fm,5.0,4.0,pid_stopgo,0.5,u7hg,,Gen15,5.0,10.0,0.3,,fm_only,none,cuda,,5.0
48,corridor|fm|K5|@u7hg,/data/home/llim/FMPCC/FM-PCC/logs/UAV_MIX/uav-corridor/plans/mix_uav_fm/H8_Dmodels.diffusion.FlowMatchingODE_9D/Efm_K5_mpc4_pid_stopgo_T0.5_u7hg,6,test,corridor_hgb2_bounds+dynamics+geo_bounds+halfspace+obstacles,hardflow_sls-t-geo_free,hardflow_sls-t-geo_free,False,corridor,fm,5.0,4.0,pid_stopgo,0.5,u7hg,,Gen15,5.0,10.0,0.3,,fm_only,none,cuda,,5.0
48,corridor|fm|K5|@u7hg,/data/home/llim/FMPCC/FM-PCC/logs/UAV_MIX/uav-corridor/plans/mix_uav_fm/H8_Dmodels.diffusion.FlowMatchingODE_9D/Efm_K5_mpc4_pid_stopgo_T0.5_u7hg,6,test,corridor_hgb_bounds+dynamics+geo_bounds+halfspace+obstacles,diffuser,diffuser,False,corridor,fm,5.0,4.0,pid_stopgo,0.5,u7hg,,Gen15,5.0,10.0,0.3,,fm_only,none,cuda,,5.0
48,corridor|fm|K5|@u7hg,/data/home/llim/FMPCC/FM-PCC/logs/UAV_MIX/uav-corridor/plans/mix_uav_fm/H8_Dmodels.diffusion.FlowMatchingODE_9D/Efm_K5_mpc4_pid_stopgo_T0.5_u7hg,6,test,corridor_hgb_bounds+dynamics+geo_bounds+halfspace+obstacles,dpcc-t,dpcc-t,False,corridor,fm,5.0,4.0,pid_stopgo,0.5,u7hg,,Gen15,5.0,10.0,0.3,,fm_only,none,cuda,,5.0
48,corridor|fm|K5|@u7hg,/data/home/llim/FMPCC/FM-PCC/logs/UAV_MIX/uav-corridor/plans/mix_uav_fm/H8_Dmodels.diffusion.FlowMatchingODE_9D/Efm_K5_mpc4_pid_stopgo_T0.5_u7hg,6,test,corridor_hgb_bounds+dynamics+geo_bounds+halfspace+obstacles,dpcc-t-geo_free,dpcc-t-geo_free,False,corridor,fm,5.0,4.0,pid_stopgo,0.5,u7hg,,Gen15,5.0,10.0,0.3,,fm_only,none,cuda,,5.0
48,corridor|fm|K5|@u7hg,/data/home/llim/FMPCC/FM-PCC/logs/UAV_MIX/uav-corridor/plans/mix_uav_fm/H8_Dmodels.diffusion.FlowMatchingODE_9D/Efm_K5_mpc4_pid_stopgo_T0.5_u7hg,6,test,corridor_hgb_bounds+dynamics+geo_bounds+halfspace+obstacles,dpcc-t-tightened,dpcc-t,True,corridor,fm,5.0,4.0,pid_stopgo,0.5,u7hg,,Gen15,5.0,10.0,0.3,,fm_only,none,cuda,,5.0
48,corridor|fm|K5|@u7hg,/data/home/llim/FMPCC/FM-PCC/logs/UAV_MIX/uav-corridor/plans/mix_uav_fm/H8_Dmodels.diffusion.FlowMatchingODE_9D/Efm_K5_mpc4_pid_stopgo_T0.5_u7hg,6,test,corridor_hgb_bounds+dynamics+geo_bounds+halfspace+obstacles,hardflow_sls,hardflow_sls,False,corridor,fm,5.0,4.0,pid_stopgo,0.5,u7hg,,Gen15,5.0,10.0,0.3,,fm_only,none,cuda,,5.0
48,corridor|fm|K5|@u7hg,/data/home/llim/FMPCC/FM-PCC/logs/UAV_MIX/uav-corridor/plans/mix_uav_fm/H8_Dmodels.diffusion.FlowMatchingODE_9D/Efm_K5_mpc4_pid_stopgo_T0.5_u7hg,6,test,corridor_hgb_bounds+dynamics+geo_bounds+halfspace+obstacles,hardflow_sls-t,hardflow_sls-t,False,corridor,fm,5.0,4.0,pid_stopgo,0.5,u7hg,,Gen15,5.0,10.0,0.3,,fm_only,none,cuda,,5.0
48,corridor|fm|K5|@u7hg,/data/home/llim/FMPCC/FM-PCC/logs/UAV_MIX/uav-corridor/plans/mix_uav_fm/H8_Dmodels.diffusion.FlowMatchingODE_9D/Efm_K5_mpc4_pid_stopgo_T0.5_u7hg,6,test,corridor_hgb_bounds+dynamics+geo_bounds+halfspace+obstacles,hardflow_sls-t-geo_free,hardflow_sls-t-geo_free,False,corridor,fm,5.0,4.0,pid_stopgo,0.5,u7hg,,Gen15,5.0,10.0,0.3,,fm_only,none,cuda,,5.0
49,corridor|mf|K10|bbunet|dp0.5,/data/home/llim/FMPCC/FM-PCC/logs/UAV_MIX/uav-corridor/plans/mix_uav_mf/H8_Dmodels.mf_diffusion.MeanFlowODE_9D_dp0.5_bbunet/Emf_K10_mpc4_pid_stopgo_T0.5,6,test,corridor_bounds+dynamics+geo_bounds+halfspace+obstacles,bounds_free,bounds_free,False,corridor,mf,10.0,4.0,pid_stopgo,0.5,,unet,Gen15,10.0,10.0,0.3,best,fm_only,none,cuda,,10.0
49,corridor|mf|K10|bbunet|dp0.5,/data/home/llim/FMPCC/FM-PCC/logs/UAV_MIX/uav-corridor/plans/mix_uav_mf/H8_Dmodels.mf_diffusion.MeanFlowODE_9D_dp0.5_bbunet/Emf_K10_mpc4_pid_stopgo_T0.5,6,test,corridor_bounds+dynamics+geo_bounds+halfspace+obstacles,bounds_free-tightened,bounds_free,True,corridor,mf,10.0,4.0,pid_stopgo,0.5,,unet,Gen15,10.0,10.0,0.3,best,fm_only,none,cuda,,10.0
49,corridor|mf|K10|bbunet|dp0.5,/data/home/llim/FMPCC/FM-PCC/logs/UAV_MIX/uav-corridor/plans/mix_uav_mf/H8_Dmodels.mf_diffusion.MeanFlowODE_9D_dp0.5_bbunet/Emf_K10_mpc4_pid_stopgo_T0.5,6,test,corridor_bounds+dynamics+geo_bounds+halfspace+obstacles,diffuser,diffuser,False,corridor,mf,10.0,4.0,pid_stopgo,0.5,,unet,Gen15,10.0,10.0,0.3,best,fm_only,none,cuda,,10.0
49,corridor|mf|K10|bbunet|dp0.5,/data/home/llim/FMPCC/FM-PCC/logs/UAV_MIX/uav-corridor/plans/mix_uav_mf/H8_Dmodels.mf_diffusion.MeanFlowODE_9D_dp0.5_bbunet/Emf_K10_mpc4_pid_stopgo_T0.5,6,test,corridor_bounds+dynamics+geo_bounds+halfspace+obstacles,dpcc-c,dpcc-c,False,corridor,mf,10.0,4.0,pid_stopgo,0.5,,unet,Gen15,10.0,10.0,0.3,best,fm_only,none,cuda,,10.0
49,corridor|mf|K10|bbunet|dp0.5,/data/home/llim/FMPCC/FM-PCC/logs/UAV_MIX/uav-corridor/plans/mix_uav_mf/H8_Dmodels.mf_diffusion.MeanFlowODE_9D_dp0.5_bbunet/Emf_K10_mpc4_pid_stopgo_T0.5,6,test,corridor_bounds+dynamics+geo_bounds+halfspace+obstacles,dpcc-c-tightened,dpcc-c,True,corridor,mf,10.0,4.0,pid_stopgo,0.5,,unet,Gen15,10.0,10.0,0.3,best,fm_only,none,cuda,,10.0
49,corridor|mf|K10|bbunet|dp0.5,/data/home/llim/FMPCC/FM-PCC/logs/UAV_MIX/uav-corridor/plans/mix_uav_mf/H8_Dmodels.mf_diffusion.MeanFlowODE_9D_dp0.5_bbunet/Emf_K10_mpc4_pid_stopgo_T0.5,6,test,corridor_bounds+dynamics+geo_bounds+halfspace+obstacles,dpcc-r,dpcc-r,False,corridor,mf,10.0,4.0,pid_stopgo,0.5,,unet,Gen15,10.0,10.0,0.3,best,fm_only,none,cuda,,10.0
49,corridor|mf|K10|bbunet|dp0.5,/data/home/llim/FMPCC/FM-PCC/logs/UAV_MIX/uav-corridor/plans/mix_uav_mf/H8_Dmodels.mf_diffusion.MeanFlowODE_9D_dp0.5_bbunet/Emf_K10_mpc4_pid_stopgo_T0.5,6,test,corridor_bounds+dynamics+geo_bounds+halfspace+obstacles,dpcc-r-tightened,dpcc-r,True,corridor,mf,10.0,4.0,pid_stopgo,0.5,,unet,Gen15,10.0,10.0,0.3,best,fm_only,none,cuda,,10.0
49,corridor|mf|K10|bbunet|dp0.5,/data/home/llim/FMPCC/FM-PCC/logs/UAV_MIX/uav-corridor/plans/mix_uav_mf/H8_Dmodels.mf_diffusion.MeanFlowODE_9D_dp0.5_bbunet/Emf_K10_mpc4_pid_stopgo_T0.5,6,test,corridor_bounds+dynamics+geo_bounds+halfspace+obstacles,dpcc-t,dpcc-t,False,corridor,mf,10.0,4.0,pid_stopgo,0.5,,unet,Gen15,10.0,10.0,0.3,best,fm_only,none,cuda,,10.0
49,corridor|mf|K10|bbunet|dp0.5,/data/home/llim/FMPCC/FM-PCC/logs/UAV_MIX/uav-corridor/plans/mix_uav_mf/H8_Dmodels.mf_diffusion.MeanFlowODE_9D_dp0.5_bbunet/Emf_K10_mpc4_pid_stopgo_T0.5,6,test,corridor_bounds+dynamics+geo_bounds+halfspace+obstacles,dpcc-t-tightened,dpcc-t,True,corridor,mf,10.0,4.0,pid_stopgo,0.5,,unet,Gen15,10.0,10.0,0.3,best,fm_only,none,cuda,,10.0
49,corridor|mf|K10|bbunet|dp0.5,/data/home/llim/FMPCC/FM-PCC/logs/UAV_MIX/uav-corridor/plans/mix_uav_mf/H8_Dmodels.mf_diffusion.MeanFlowODE_9D_dp0.5_bbunet/Emf_K10_mpc4_pid_stopgo_T0.5,6,test,corridor_bounds+dynamics+geo_bounds+halfspace+obstacles,geo_free,geo_free,False,corridor,mf,10.0,4.0,pid_stopgo,0.5,,unet,Gen15,10.0,10.0,0.3,best,fm_only,none,cuda,,10.0
49,corridor|mf|K10|bbunet|dp0.5,/data/home/llim/FMPCC/FM-PCC/logs/UAV_MIX/uav-corridor/plans/mix_uav_mf/H8_Dmodels.mf_diffusion.MeanFlowODE_9D_dp0.5_bbunet/Emf_K10_mpc4_pid_stopgo_T0.5,6,test,corridor_bounds+dynamics+geo_bounds+halfspace+obstacles,geo_free-bounds_free,geo_free-bounds_free,False,corridor,mf,10.0,4.0,pid_stopgo,0.5,,unet,Gen15,10.0,10.0,0.3,best,fm_only,none,cuda,,10.0
49,corridor|mf|K10|bbunet|dp0.5,/data/home/llim/FMPCC/FM-PCC/logs/UAV_MIX/uav-corridor/plans/mix_uav_mf/H8_Dmodels.mf_diffusion.MeanFlowODE_9D_dp0.5_bbunet/Emf_K10_mpc4_pid_stopgo_T0.5,6,test,corridor_bounds+dynamics+geo_bounds+halfspace+obstacles,geo_free-model_free,geo_free-model_free,False,corridor,mf,10.0,4.0,pid_stopgo,0.5,,unet,Gen15,10.0,10.0,0.3,best,fm_only,none,cuda,,10.0
49,corridor|mf|K10|bbunet|dp0.5,/data/home/llim/FMPCC/FM-PCC/logs/UAV_MIX/uav-corridor/plans/mix_uav_mf/H8_Dmodels.mf_diffusion.MeanFlowODE_9D_dp0.5_bbunet/Emf_K10_mpc4_pid_stopgo_T0.5,6,test,corridor_bounds+dynamics+geo_bounds+halfspace+obstacles,gradient,gradient,False,corridor,mf,10.0,4.0,pid_stopgo,0.5,,unet,Gen15,10.0,10.0,0.3,best,fm_only,none,cuda,,10.0
49,corridor|mf|K10|bbunet|dp0.5,/data/home/llim/FMPCC/FM-PCC/logs/UAV_MIX/uav-corridor/plans/mix_uav_mf/H8_Dmodels.mf_diffusion.MeanFlowODE_9D_dp0.5_bbunet/Emf_K10_mpc4_pid_stopgo_T0.5,6,test,corridor_bounds+dynamics+geo_bounds+halfspace+obstacles,gradient-tightened,gradient,True,corridor,mf,10.0,4.0,pid_stopgo,0.5,,unet,Gen15,10.0,10.0,0.3,best,fm_only,none,cuda,,10.0
49,corridor|mf|K10|bbunet|dp0.5,/data/home/llim/FMPCC/FM-PCC/logs/UAV_MIX/uav-corridor/plans/mix_uav_mf/H8_Dmodels.mf_diffusion.MeanFlowODE_9D_dp0.5_bbunet/Emf_K10_mpc4_pid_stopgo_T0.5,6,test,corridor_bounds+dynamics+geo_bounds+halfspace+obstacles,hardflow_new,hardflow_new,False,corridor,mf,10.0,4.0,pid_stopgo,0.5,,unet,Gen15,10.0,10.0,0.3,best,fm_only,none,cuda,,10.0
49,corridor|mf|K10|bbunet|dp0.5,/data/home/llim/FMPCC/FM-PCC/logs/UAV_MIX/uav-corridor/plans/mix_uav_mf/H8_Dmodels.mf_diffusion.MeanFlowODE_9D_dp0.5_bbunet/Emf_K10_mpc4_pid_stopgo_T0.5,6,test,corridor_bounds+dynamics+geo_bounds+halfspace+obstacles,hardflow_new-c,hardflow_new-c,False,corridor,mf,10.0,4.0,pid_stopgo,0.5,,unet,Gen15,10.0,10.0,0.3,best,fm_only,none,cuda,,10.0
49,corridor|mf|K10|bbunet|dp0.5,/data/home/llim/FMPCC/FM-PCC/logs/UAV_MIX/uav-corridor/plans/mix_uav_mf/H8_Dmodels.mf_diffusion.MeanFlowODE_9D_dp0.5_bbunet/Emf_K10_mpc4_pid_stopgo_T0.5,6,test,corridor_bounds+dynamics+geo_bounds+halfspace+obstacles,hardflow_new-t,hardflow_new-t,False,corridor,mf,10.0,4.0,pid_stopgo,0.5,,unet,Gen15,10.0,10.0,0.3,best,fm_only,none,cuda,,10.0
49,corridor|mf|K10|bbunet|dp0.5,/data/home/llim/FMPCC/FM-PCC/logs/UAV_MIX/uav-corridor/plans/mix_uav_mf/H8_Dmodels.mf_diffusion.MeanFlowODE_9D_dp0.5_bbunet/Emf_K10_mpc4_pid_stopgo_T0.5,6,test,corridor_bounds+dynamics+geo_bounds+halfspace+obstacles,model_free,model_free,False,corridor,mf,10.0,4.0,pid_stopgo,0.5,,unet,Gen15,10.0,10.0,0.3,best,fm_only,none,cuda,,10.0
49,corridor|mf|K10|bbunet|dp0.5,/data/home/llim/FMPCC/FM-PCC/logs/UAV_MIX/uav-corridor/plans/mix_uav_mf/H8_Dmodels.mf_diffusion.MeanFlowODE_9D_dp0.5_bbunet/Emf_K10_mpc4_pid_stopgo_T0.5,6,test,corridor_bounds+dynamics+geo_bounds+halfspace+obstacles,model_free-bounds_free,model_free-bounds_free,False,corridor,mf,10.0,4.0,pid_stopgo,0.5,,unet,Gen15,10.0,10.0,0.3,best,fm_only,none,cuda,,10.0
49,corridor|mf|K10|bbunet|dp0.5,/data/home/llim/FMPCC/FM-PCC/logs/UAV_MIX/uav-corridor/plans/mix_uav_mf/H8_Dmodels.mf_diffusion.MeanFlowODE_9D_dp0.5_bbunet/Emf_K10_mpc4_pid_stopgo_T0.5,6,test,corridor_bounds+dynamics+geo_bounds+halfspace+obstacles,model_free-bounds_free-tightened,model_free-bounds_free,True,corridor,mf,10.0,4.0,pid_stopgo,0.5,,unet,Gen15,10.0,10.0,0.3,best,fm_only,none,cuda,,10.0
49,corridor|mf|K10|bbunet|dp0.5,/data/home/llim/FMPCC/FM-PCC/logs/UAV_MIX/uav-corridor/plans/mix_uav_mf/H8_Dmodels.mf_diffusion.MeanFlowODE_9D_dp0.5_bbunet/Emf_K10_mpc4_pid_stopgo_T0.5,6,test,corridor_bounds+dynamics+geo_bounds+halfspace+obstacles,model_free-tightened,model_free,True,corridor,mf,10.0,4.0,pid_stopgo,0.5,,unet,Gen15,10.0,10.0,0.3,best,fm_only,none,cuda,,10.0
49,corridor|mf|K10|bbunet|dp0.5,/data/home/llim/FMPCC/FM-PCC/logs/UAV_MIX/uav-corridor/plans/mix_uav_mf/H8_Dmodels.mf_diffusion.MeanFlowODE_9D_dp0.5_bbunet/Emf_K10_mpc4_pid_stopgo_T0.5,6,test,corridor_bounds+dynamics+geo_bounds+halfspace+obstacles,post_processing,post_processing,False,corridor,mf,10.0,4.0,pid_stopgo,0.5,,unet,Gen15,10.0,10.0,0.3,best,fm_only,none,cuda,,10.0
49,corridor|mf|K10|bbunet|dp0.5,/data/home/llim/FMPCC/FM-PCC/logs/UAV_MIX/uav-corridor/plans/mix_uav_mf/H8_Dmodels.mf_diffusion.MeanFlowODE_9D_dp0.5_bbunet/Emf_K10_mpc4_pid_stopgo_T0.5,6,test,corridor_bounds+dynamics+geo_bounds+halfspace+obstacles,post_processing-tightened,post_processing,True,corridor,mf,10.0,4.0,pid_stopgo,0.5,,unet,Gen15,10.0,10.0,0.3,best,fm_only,none,cuda,,10.0
50,corridor|mf|K10|bbunet|dp0.5|@u7hg,/data/home/llim/FMPCC/FM-PCC/logs/UAV_MIX/uav-corridor/plans/mix_uav_mf/H8_Dmodels.mf_diffusion.MeanFlowODE_9D_dp0.5_bbunet/Emf_K10_mpc4_pid_stopgo_T0.5_u7hg,6,test,corridor_hgg_bounds+dynamics+geo_bounds+halfspace+obstacles,diffuser,diffuser,False,corridor,mf,10.0,4.0,pid_stopgo,0.5,u7hg,unet,Gen15,10.0,10.0,0.3,,fm_only,none,cuda,,10.0
50,corridor|mf|K10|bbunet|dp0.5|@u7hg,/data/home/llim/FMPCC/FM-PCC/logs/UAV_MIX/uav-corridor/plans/mix_uav_mf/H8_Dmodels.mf_diffusion.MeanFlowODE_9D_dp0.5_bbunet/Emf_K10_mpc4_pid_stopgo_T0.5_u7hg,6,test,corridor_hgg_bounds+dynamics+geo_bounds+halfspace+obstacles,dpcc-c,dpcc-c,False,corridor,mf,10.0,4.0,pid_stopgo,0.5,u7hg,unet,Gen15,10.0,10.0,0.3,,fm_only,none,cuda,,10.0
50,corridor|mf|K10|bbunet|dp0.5|@u7hg,/data/home/llim/FMPCC/FM-PCC/logs/UAV_MIX/uav-corridor/plans/mix_uav_mf/H8_Dmodels.mf_diffusion.MeanFlowODE_9D_dp0.5_bbunet/Emf_K10_mpc4_pid_stopgo_T0.5_u7hg,6,test,corridor_hgg_bounds+dynamics+geo_bounds+halfspace+obstacles,dpcc-r,dpcc-r,False,corridor,mf,10.0,4.0,pid_stopgo,0.5,u7hg,unet,Gen15,10.0,10.0,0.3,,fm_only,none,cuda,,10.0
50,corridor|mf|K10|bbunet|dp0.5|@u7hg,/data/home/llim/FMPCC/FM-PCC/logs/UAV_MIX/uav-corridor/plans/mix_uav_mf/H8_Dmodels.mf_diffusion.MeanFlowODE_9D_dp0.5_bbunet/Emf_K10_mpc4_pid_stopgo_T0.5_u7hg,6,test,corridor_hgg_bounds+dynamics+geo_bounds+halfspace+obstacles,dpcc-t,dpcc-t,False,corridor,mf,10.0,4.0,pid_stopgo,0.5,u7hg,unet,Gen15,10.0,10.0,0.3,,fm_only,none,cuda,,10.0
50,corridor|mf|K10|bbunet|dp0.5|@u7hg,/data/home/llim/FMPCC/FM-PCC/logs/UAV_MIX/uav-corridor/plans/mix_uav_mf/H8_Dmodels.mf_diffusion.MeanFlowODE_9D_dp0.5_bbunet/Emf_K10_mpc4_pid_stopgo_T0.5_u7hg,6,test,corridor_hgg_bounds+dynamics+geo_bounds+halfspace+obstacles,dpcc-t-bounds_free,dpcc-t-bounds_free,False,corridor,mf,10.0,4.0,pid_stopgo,0.5,u7hg,unet,Gen15,10.0,10.0,0.3,,fm_only,none,cuda,,10.0
50,corridor|mf|K10|bbunet|dp0.5|@u7hg,/data/home/llim/FMPCC/FM-PCC/logs/UAV_MIX/uav-corridor/plans/mix_uav_mf/H8_Dmodels.mf_diffusion.MeanFlowODE_9D_dp0.5_bbunet/Emf_K10_mpc4_pid_stopgo_T0.5_u7hg,6,test,corridor_hgg_bounds+dynamics+geo_bounds+halfspace+obstacles,dpcc-t-geo_free,dpcc-t-geo_free,False,corridor,mf,10.0,4.0,pid_stopgo,0.5,u7hg,unet,Gen15,10.0,10.0,0.3,,fm_only,none,cuda,,10.0
50,corridor|mf|K10|bbunet|dp0.5|@u7hg,/data/home/llim/FMPCC/FM-PCC/logs/UAV_MIX/uav-corridor/plans/mix_uav_mf/H8_Dmodels.mf_diffusion.MeanFlowODE_9D_dp0.5_bbunet/Emf_K10_mpc4_pid_stopgo_T0.5_u7hg,6,test,corridor_hgg_bounds+dynamics+geo_bounds+halfspace+obstacles,dpcc-t-tightened,dpcc-t,True,corridor,mf,10.0,4.0,pid_stopgo,0.5,u7hg,unet,Gen15,10.0,10.0,0.3,,fm_only,none,cuda,,10.0
51,corridor|mf|K1|bbunet|dp0.5,/data/home/llim/FMPCC/FM-PCC/logs/UAV_MIX/uav-corridor/plans/mix_uav_mf/H8_Dmodels.mf_diffusion.MeanFlowODE_9D_dp0.5_bbunet/Emf_K1_mpc4_pid_stopgo_T0.5,6,test,corridor_bounds+dynamics+geo_bounds+halfspace+obstacles,bounds_free,bounds_free,False,corridor,mf,1.0,4.0,pid_stopgo,0.5,,unet,Gen15,1.0,10.0,0.3,best,fm_only,none,cuda,,1.0
51,corridor|mf|K1|bbunet|dp0.5,/data/home/llim/FMPCC/FM-PCC/logs/UAV_MIX/uav-corridor/plans/mix_uav_mf/H8_Dmodels.mf_diffusion.MeanFlowODE_9D_dp0.5_bbunet/Emf_K1_mpc4_pid_stopgo_T0.5,6,test,corridor_bounds+dynamics+geo_bounds+halfspace+obstacles,bounds_free-tightened,bounds_free,True,corridor,mf,1.0,4.0,pid_stopgo,0.5,,unet,Gen15,1.0,10.0,0.3,best,fm_only,none,cuda,,1.0
51,corridor|mf|K1|bbunet|dp0.5,/data/home/llim/FMPCC/FM-PCC/logs/UAV_MIX/uav-corridor/plans/mix_uav_mf/H8_Dmodels.mf_diffusion.MeanFlowODE_9D_dp0.5_bbunet/Emf_K1_mpc4_pid_stopgo_T0.5,6,test,corridor_bounds+dynamics+geo_bounds+halfspace+obstacles,diffuser,diffuser,False,corridor,mf,1.0,4.0,pid_stopgo,0.5,,unet,Gen15,1.0,10.0,0.3,best,fm_only,none,cuda,,1.0
51,corridor|mf|K1|bbunet|dp0.5,/data/home/llim/FMPCC/FM-PCC/logs/UAV_MIX/uav-corridor/plans/mix_uav_mf/H8_Dmodels.mf_diffusion.MeanFlowODE_9D_dp0.5_bbunet/Emf_K1_mpc4_pid_stopgo_T0.5,6,test,corridor_bounds+dynamics+geo_bounds+halfspace+obstacles,dpcc-c,dpcc-c,False,corridor,mf,1.0,4.0,pid_stopgo,0.5,,unet,Gen15,1.0,10.0,0.3,best,fm_only,none,cuda,,1.0
51,corridor|mf|K1|bbunet|dp0.5,/data/home/llim/FMPCC/FM-PCC/logs/UAV_MIX/uav-corridor/plans/mix_uav_mf/H8_Dmodels.mf_diffusion.MeanFlowODE_9D_dp0.5_bbunet/Emf_K1_mpc4_pid_stopgo_T0.5,6,test,corridor_bounds+dynamics+geo_bounds+halfspace+obstacles,dpcc-c-tightened,dpcc-c,True,corridor,mf,1.0,4.0,pid_stopgo,0.5,,unet,Gen15,1.0,10.0,0.3,best,fm_only,none,cuda,,1.0
51,corridor|mf|K1|bbunet|dp0.5,/data/home/llim/FMPCC/FM-PCC/logs/UAV_MIX/uav-corridor/plans/mix_uav_mf/H8_Dmodels.mf_diffusion.MeanFlowODE_9D_dp0.5_bbunet/Emf_K1_mpc4_pid_stopgo_T0.5,6,test,corridor_bounds+dynamics+geo_bounds+halfspace+obstacles,dpcc-r,dpcc-r,False,corridor,mf,1.0,4.0,pid_stopgo,0.5,,unet,Gen15,1.0,10.0,0.3,best,fm_only,none,cuda,,1.0
51,corridor|mf|K1|bbunet|dp0.5,/data/home/llim/FMPCC/FM-PCC/logs/UAV_MIX/uav-corridor/plans/mix_uav_mf/H8_Dmodels.mf_diffusion.MeanFlowODE_9D_dp0.5_bbunet/Emf_K1_mpc4_pid_stopgo_T0.5,6,test,corridor_bounds+dynamics+geo_bounds+halfspace+obstacles,dpcc-r-tightened,dpcc-r,True,corridor,mf,1.0,4.0,pid_stopgo,0.5,,unet,Gen15,1.0,10.0,0.3,best,fm_only,none,cuda,,1.0
51,corridor|mf|K1|bbunet|dp0.5,/data/home/llim/FMPCC/FM-PCC/logs/UAV_MIX/uav-corridor/plans/mix_uav_mf/H8_Dmodels.mf_diffusion.MeanFlowODE_9D_dp0.5_bbunet/Emf_K1_mpc4_pid_stopgo_T0.5,6,test,corridor_bounds+dynamics+geo_bounds+halfspace+obstacles,dpcc-t,dpcc-t,False,corridor,mf,1.0,4.0,pid_stopgo,0.5,,unet,Gen15,1.0,10.0,0.3,best,fm_only,none,cuda,,1.0
51,corridor|mf|K1|bbunet|dp0.5,/data/home/llim/FMPCC/FM-PCC/logs/UAV_MIX/uav-corridor/plans/mix_uav_mf/H8_Dmodels.mf_diffusion.MeanFlowODE_9D_dp0.5_bbunet/Emf_K1_mpc4_pid_stopgo_T0.5,6,test,corridor_bounds+dynamics+geo_bounds+halfspace+obstacles,dpcc-t-tightened,dpcc-t,True,corridor,mf,1.0,4.0,pid_stopgo,0.5,,unet,Gen15,1.0,10.0,0.3,best,fm_only,none,cuda,,1.0
51,corridor|mf|K1|bbunet|dp0.5,/data/home/llim/FMPCC/FM-PCC/logs/UAV_MIX/uav-corridor/plans/mix_uav_mf/H8_Dmodels.mf_diffusion.MeanFlowODE_9D_dp0.5_bbunet/Emf_K1_mpc4_pid_stopgo_T0.5,6,test,corridor_bounds+dynamics+geo_bounds+halfspace+obstacles,geo_free,geo_free,False,corridor,mf,1.0,4.0,pid_stopgo,0.5,,unet,Gen15,1.0,10.0,0.3,best,fm_only,none,cuda,,1.0
51,corridor|mf|K1|bbunet|dp0.5,/data/home/llim/FMPCC/FM-PCC/logs/UAV_MIX/uav-corridor/plans/mix_uav_mf/H8_Dmodels.mf_diffusion.MeanFlowODE_9D_dp0.5_bbunet/Emf_K1_mpc4_pid_stopgo_T0.5,6,test,corridor_bounds+dynamics+geo_bounds+halfspace+obstacles,geo_free-bounds_free,geo_free-bounds_free,False,corridor,mf,1.0,4.0,pid_stopgo,0.5,,unet,Gen15,1.0,10.0,0.3,best,fm_only,none,cuda,,1.0
51,corridor|mf|K1|bbunet|dp0.5,/data/home/llim/FMPCC/FM-PCC/logs/UAV_MIX/uav-corridor/plans/mix_uav_mf/H8_Dmodels.mf_diffusion.MeanFlowODE_9D_dp0.5_bbunet/Emf_K1_mpc4_pid_stopgo_T0.5,6,test,corridor_bounds+dynamics+geo_bounds+halfspace+obstacles,geo_free-model_free,geo_free-model_free,False,corridor,mf,1.0,4.0,pid_stopgo,0.5,,unet,Gen15,1.0,10.0,0.3,best,fm_only,none,cuda,,1.0
51,corridor|mf|K1|bbunet|dp0.5,/data/home/llim/FMPCC/FM-PCC/logs/UAV_MIX/uav-corridor/plans/mix_uav_mf/H8_Dmodels.mf_diffusion.MeanFlowODE_9D_dp0.5_bbunet/Emf_K1_mpc4_pid_stopgo_T0.5,6,test,corridor_bounds+dynamics+geo_bounds+halfspace+obstacles,gradient,gradient,False,corridor,mf,1.0,4.0,pid_stopgo,0.5,,unet,Gen15,1.0,10.0,0.3,best,fm_only,none,cuda,,1.0
51,corridor|mf|K1|bbunet|dp0.5,/data/home/llim/FMPCC/FM-PCC/logs/UAV_MIX/uav-corridor/plans/mix_uav_mf/H8_Dmodels.mf_diffusion.MeanFlowODE_9D_dp0.5_bbunet/Emf_K1_mpc4_pid_stopgo_T0.5,6,test,corridor_bounds+dynamics+geo_bounds+halfspace+obstacles,gradient-tightened,gradient,True,corridor,mf,1.0,4.0,pid_stopgo,0.5,,unet,Gen15,1.0,10.0,0.3,best,fm_only,none,cuda,,1.0
51,corridor|mf|K1|bbunet|dp0.5,/data/home/llim/FMPCC/FM-PCC/logs/UAV_MIX/uav-corridor/plans/mix_uav_mf/H8_Dmodels.mf_diffusion.MeanFlowODE_9D_dp0.5_bbunet/Emf_K1_mpc4_pid_stopgo_T0.5,6,test,corridor_bounds+dynamics+geo_bounds+halfspace+obstacles,hardflow_new,hardflow_new,False,corridor,mf,1.0,4.0,pid_stopgo,0.5,,unet,Gen15,1.0,10.0,0.3,best,fm_only,none,cuda,,1.0
51,corridor|mf|K1|bbunet|dp0.5,/data/home/llim/FMPCC/FM-PCC/logs/UAV_MIX/uav-corridor/plans/mix_uav_mf/H8_Dmodels.mf_diffusion.MeanFlowODE_9D_dp0.5_bbunet/Emf_K1_mpc4_pid_stopgo_T0.5,6,test,corridor_bounds+dynamics+geo_bounds+halfspace+obstacles,hardflow_new-c,hardflow_new-c,False,corridor,mf,1.0,4.0,pid_stopgo,0.5,,unet,Gen15,1.0,10.0,0.3,best,fm_only,none,cuda,,1.0
51,corridor|mf|K1|bbunet|dp0.5,/data/home/llim/FMPCC/FM-PCC/logs/UAV_MIX/uav-corridor/plans/mix_uav_mf/H8_Dmodels.mf_diffusion.MeanFlowODE_9D_dp0.5_bbunet/Emf_K1_mpc4_pid_stopgo_T0.5,6,test,corridor_bounds+dynamics+geo_bounds+halfspace+obstacles,hardflow_new-t,hardflow_new-t,False,corridor,mf,1.0,4.0,pid_stopgo,0.5,,unet,Gen15,1.0,10.0,0.3,best,fm_only,none,cuda,,1.0
51,corridor|mf|K1|bbunet|dp0.5,/data/home/llim/FMPCC/FM-PCC/logs/UAV_MIX/uav-corridor/plans/mix_uav_mf/H8_Dmodels.mf_diffusion.MeanFlowODE_9D_dp0.5_bbunet/Emf_K1_mpc4_pid_stopgo_T0.5,6,test,corridor_bounds+dynamics+geo_bounds+halfspace+obstacles,model_free,model_free,False,corridor,mf,1.0,4.0,pid_stopgo,0.5,,unet,Gen15,1.0,10.0,0.3,best,fm_only,none,cuda,,1.0
51,corridor|mf|K1|bbunet|dp0.5,/data/home/llim/FMPCC/FM-PCC/logs/UAV_MIX/uav-corridor/plans/mix_uav_mf/H8_Dmodels.mf_diffusion.MeanFlowODE_9D_dp0.5_bbunet/Emf_K1_mpc4_pid_stopgo_T0.5,6,test,corridor_bounds+dynamics+geo_bounds+halfspace+obstacles,model_free-bounds_free,model_free-bounds_free,False,corridor,mf,1.0,4.0,pid_stopgo,0.5,,unet,Gen15,1.0,10.0,0.3,best,fm_only,none,cuda,,1.0
51,corridor|mf|K1|bbunet|dp0.5,/data/home/llim/FMPCC/FM-PCC/logs/UAV_MIX/uav-corridor/plans/mix_uav_mf/H8_Dmodels.mf_diffusion.MeanFlowODE_9D_dp0.5_bbunet/Emf_K1_mpc4_pid_stopgo_T0.5,6,test,corridor_bounds+dynamics+geo_bounds+halfspace+obstacles,model_free-bounds_free-tightened,model_free-bounds_free,True,corridor,mf,1.0,4.0,pid_stopgo,0.5,,unet,Gen15,1.0,10.0,0.3,best,fm_only,none,cuda,,1.0
51,corridor|mf|K1|bbunet|dp0.5,/data/home/llim/FMPCC/FM-PCC/logs/UAV_MIX/uav-corridor/plans/mix_uav_mf/H8_Dmodels.mf_diffusion.MeanFlowODE_9D_dp0.5_bbunet/Emf_K1_mpc4_pid_stopgo_T0.5,6,test,corridor_bounds+dynamics+geo_bounds+halfspace+obstacles,model_free-tightened,model_free,True,corridor,mf,1.0,4.0,pid_stopgo,0.5,,unet,Gen15,1.0,10.0,0.3,best,fm_only,none,cuda,,1.0
51,corridor|mf|K1|bbunet|dp0.5,/data/home/llim/FMPCC/FM-PCC/logs/UAV_MIX/uav-corridor/plans/mix_uav_mf/H8_Dmodels.mf_diffusion.MeanFlowODE_9D_dp0.5_bbunet/Emf_K1_mpc4_pid_stopgo_T0.5,6,test,corridor_bounds+dynamics+geo_bounds+halfspace+obstacles,post_processing,post_processing,False,corridor,mf,1.0,4.0,pid_stopgo,0.5,,unet,Gen15,1.0,10.0,0.3,best,fm_only,none,cuda,,1.0
51,corridor|mf|K1|bbunet|dp0.5,/data/home/llim/FMPCC/FM-PCC/logs/UAV_MIX/uav-corridor/plans/mix_uav_mf/H8_Dmodels.mf_diffusion.MeanFlowODE_9D_dp0.5_bbunet/Emf_K1_mpc4_pid_stopgo_T0.5,6,test,corridor_bounds+dynamics+geo_bounds+halfspace+obstacles,post_processing-tightened,post_processing,True,corridor,mf,1.0,4.0,pid_stopgo,0.5,,unet,Gen15,1.0,10.0,0.3,best,fm_only,none,cuda,,1.0
52,corridor|mf|K1|bbunet|dp0.5|@u17cv2,/data/home/llim/FMPCC/FM-PCC/logs/UAV_MIX/uav-corridor/plans/mix_uav_mf/H8_Dmodels.mf_diffusion.MeanFlowODE_9D_dp0.5_bbunet/Emf_K1_mpc4_pid_stopgo_T0.5_u17cv2,6,test,corridor_cv2s_bounds+dynamics+geo_bounds+halfspace+obstacles,diffuser,diffuser,False,corridor,mf,1.0,4.0,pid_stopgo,0.5,u17cv2,unet,Gen15,1.0,12.0,0.3,,fm_only,none,cuda,,1.0
52,corridor|mf|K1|bbunet|dp0.5|@u17cv2,/data/home/llim/FMPCC/FM-PCC/logs/UAV_MIX/uav-corridor/plans/mix_uav_mf/H8_Dmodels.mf_diffusion.MeanFlowODE_9D_dp0.5_bbunet/Emf_K1_mpc4_pid_stopgo_T0.5_u17cv2,6,test,corridor_cv2s_bounds+dynamics+geo_bounds+halfspace+obstacles,dpcc-c-bounds_free-pdes-tightened,dpcc-c-bounds_free-pdes,True,corridor,mf,1.0,4.0,pid_stopgo,0.5,u17cv2,unet,Gen15,1.0,12.0,0.3,,fm_only,none,cuda,,1.0
52,corridor|mf|K1|bbunet|dp0.5|@u17cv2,/data/home/llim/FMPCC/FM-PCC/logs/UAV_MIX/uav-corridor/plans/mix_uav_mf/H8_Dmodels.mf_diffusion.MeanFlowODE_9D_dp0.5_bbunet/Emf_K1_mpc4_pid_stopgo_T0.5_u17cv2,6,test,corridor_cv2s_bounds+dynamics+geo_bounds+halfspace+obstacles,dpcc-r-bounds_free-pdes-tightened,dpcc-r-bounds_free-pdes,True,corridor,mf,1.0,4.0,pid_stopgo,0.5,u17cv2,unet,Gen15,1.0,12.0,0.3,,fm_only,none,cuda,,1.0
52,corridor|mf|K1|bbunet|dp0.5|@u17cv2,/data/home/llim/FMPCC/FM-PCC/logs/UAV_MIX/uav-corridor/plans/mix_uav_mf/H8_Dmodels.mf_diffusion.MeanFlowODE_9D_dp0.5_bbunet/Emf_K1_mpc4_pid_stopgo_T0.5_u17cv2,6,test,corridor_cv2s_bounds+dynamics+geo_bounds+halfspace+obstacles,dpcc-t-bounds_free-pdes-tightened,dpcc-t-bounds_free-pdes,True,corridor,mf,1.0,4.0,pid_stopgo,0.5,u17cv2,unet,Gen15,1.0,12.0,0.3,,fm_only,none,cuda,,1.0
53,corridor|mf|K20|bbunet|dp0.5,/data/home/llim/FMPCC/FM-PCC/logs/UAV_MIX/uav-corridor/plans/mix_uav_mf/H8_Dmodels.mf_diffusion.MeanFlowODE_9D_dp0.5_bbunet/Emf_K20_mpc4_pid_stopgo_T0.5,6,test,corridor_bounds+dynamics+geo_bounds+halfspace+obstacles,bounds_free,bounds_free,False,corridor,mf,20.0,4.0,pid_stopgo,0.5,,unet,Gen15,20.0,10.0,0.3,best,fm_only,none,cuda,,20.0
53,corridor|mf|K20|bbunet|dp0.5,/data/home/llim/FMPCC/FM-PCC/logs/UAV_MIX/uav-corridor/plans/mix_uav_mf/H8_Dmodels.mf_diffusion.MeanFlowODE_9D_dp0.5_bbunet/Emf_K20_mpc4_pid_stopgo_T0.5,6,test,corridor_bounds+dynamics+geo_bounds+halfspace+obstacles,bounds_free-tightened,bounds_free,True,corridor,mf,20.0,4.0,pid_stopgo,0.5,,unet,Gen15,20.0,10.0,0.3,best,fm_only,none,cuda,,20.0
53,corridor|mf|K20|bbunet|dp0.5,/data/home/llim/FMPCC/FM-PCC/logs/UAV_MIX/uav-corridor/plans/mix_uav_mf/H8_Dmodels.mf_diffusion.MeanFlowODE_9D_dp0.5_bbunet/Emf_K20_mpc4_pid_stopgo_T0.5,6,test,corridor_bounds+dynamics+geo_bounds+halfspace+obstacles,diffuser,diffuser,False,corridor,mf,20.0,4.0,pid_stopgo,0.5,,unet,Gen15,20.0,10.0,0.3,best,fm_only,none,cuda,,20.0
53,corridor|mf|K20|bbunet|dp0.5,/data/home/llim/FMPCC/FM-PCC/logs/UAV_MIX/uav-corridor/plans/mix_uav_mf/H8_Dmodels.mf_diffusion.MeanFlowODE_9D_dp0.5_bbunet/Emf_K20_mpc4_pid_stopgo_T0.5,6,test,corridor_bounds+dynamics+geo_bounds+halfspace+obstacles,dpcc-c,dpcc-c,False,corridor,mf,20.0,4.0,pid_stopgo,0.5,,unet,Gen15,20.0,10.0,0.3,best,fm_only,none,cuda,,20.0
53,corridor|mf|K20|bbunet|dp0.5,/data/home/llim/FMPCC/FM-PCC/logs/UAV_MIX/uav-corridor/plans/mix_uav_mf/H8_Dmodels.mf_diffusion.MeanFlowODE_9D_dp0.5_bbunet/Emf_K20_mpc4_pid_stopgo_T0.5,6,test,corridor_bounds+dynamics+geo_bounds+halfspace+obstacles,dpcc-c-tightened,dpcc-c,True,corridor,mf,20.0,4.0,pid_stopgo,0.5,,unet,Gen15,20.0,10.0,0.3,best,fm_only,none,cuda,,20.0
53,corridor|mf|K20|bbunet|dp0.5,/data/home/llim/FMPCC/FM-PCC/logs/UAV_MIX/uav-corridor/plans/mix_uav_mf/H8_Dmodels.mf_diffusion.MeanFlowODE_9D_dp0.5_bbunet/Emf_K20_mpc4_pid_stopgo_T0.5,6,test,corridor_bounds+dynamics+geo_bounds+halfspace+obstacles,dpcc-r,dpcc-r,False,corridor,mf,20.0,4.0,pid_stopgo,0.5,,unet,Gen15,20.0,10.0,0.3,best,fm_only,none,cuda,,20.0
53,corridor|mf|K20|bbunet|dp0.5,/data/home/llim/FMPCC/FM-PCC/logs/UAV_MIX/uav-corridor/plans/mix_uav_mf/H8_Dmodels.mf_diffusion.MeanFlowODE_9D_dp0.5_bbunet/Emf_K20_mpc4_pid_stopgo_T0.5,6,test,corridor_bounds+dynamics+geo_bounds+halfspace+obstacles,dpcc-r-tightened,dpcc-r,True,corridor,mf,20.0,4.0,pid_stopgo,0.5,,unet,Gen15,20.0,10.0,0.3,best,fm_only,none,cuda,,20.0
53,corridor|mf|K20|bbunet|dp0.5,/data/home/llim/FMPCC/FM-PCC/logs/UAV_MIX/uav-corridor/plans/mix_uav_mf/H8_Dmodels.mf_diffusion.MeanFlowODE_9D_dp0.5_bbunet/Emf_K20_mpc4_pid_stopgo_T0.5,6,test,corridor_bounds+dynamics+geo_bounds+halfspace+obstacles,dpcc-t,dpcc-t,False,corridor,mf,20.0,4.0,pid_stopgo,0.5,,unet,Gen15,20.0,10.0,0.3,best,fm_only,none,cuda,,20.0
53,corridor|mf|K20|bbunet|dp0.5,/data/home/llim/FMPCC/FM-PCC/logs/UAV_MIX/uav-corridor/plans/mix_uav_mf/H8_Dmodels.mf_diffusion.MeanFlowODE_9D_dp0.5_bbunet/Emf_K20_mpc4_pid_stopgo_T0.5,6,test,corridor_bounds+dynamics+geo_bounds+halfspace+obstacles,dpcc-t-tightened,dpcc-t,True,corridor,mf,20.0,4.0,pid_stopgo,0.5,,unet,Gen15,20.0,,,,,,,,
53,corridor|mf|K20|bbunet|dp0.5,/data/home/llim/FMPCC/FM-PCC/logs/UAV_MIX/uav-corridor/plans/mix_uav_mf/H8_Dmodels.mf_diffusion.MeanFlowODE_9D_dp0.5_bbunet/Emf_K20_mpc4_pid_stopgo_T0.5,6,test,corridor_bounds+dynamics+geo_bounds+halfspace+obstacles,geo_free,geo_free,False,corridor,mf,20.0,4.0,pid_stopgo,0.5,,unet,Gen15,20.0,10.0,0.3,best,fm_only,none,cuda,,20.0
53,corridor|mf|K20|bbunet|dp0.5,/data/home/llim/FMPCC/FM-PCC/logs/UAV_MIX/uav-corridor/plans/mix_uav_mf/H8_Dmodels.mf_diffusion.MeanFlowODE_9D_dp0.5_bbunet/Emf_K20_mpc4_pid_stopgo_T0.5,6,test,corridor_bounds+dynamics+geo_bounds+halfspace+obstacles,geo_free-bounds_free,geo_free-bounds_free,False,corridor,mf,20.0,4.0,pid_stopgo,0.5,,unet,Gen15,20.0,10.0,0.3,best,fm_only,none,cuda,,20.0
53,corridor|mf|K20|bbunet|dp0.5,/data/home/llim/FMPCC/FM-PCC/logs/UAV_MIX/uav-corridor/plans/mix_uav_mf/H8_Dmodels.mf_diffusion.MeanFlowODE_9D_dp0.5_bbunet/Emf_K20_mpc4_pid_stopgo_T0.5,6,test,corridor_bounds+dynamics+geo_bounds+halfspace+obstacles,geo_free-model_free,geo_free-model_free,False,corridor,mf,20.0,4.0,pid_stopgo,0.5,,unet,Gen15,20.0,10.0,0.3,best,fm_only,none,cuda,,20.0
53,corridor|mf|K20|bbunet|dp0.5,/data/home/llim/FMPCC/FM-PCC/logs/UAV_MIX/uav-corridor/plans/mix_uav_mf/H8_Dmodels.mf_diffusion.MeanFlowODE_9D_dp0.5_bbunet/Emf_K20_mpc4_pid_stopgo_T0.5,6,test,corridor_bounds+dynamics+geo_bounds+halfspace+obstacles,gradient,gradient,False,corridor,mf,20.0,4.0,pid_stopgo,0.5,,unet,Gen15,20.0,10.0,0.3,best,fm_only,none,cuda,,20.0
53,corridor|mf|K20|bbunet|dp0.5,/data/home/llim/FMPCC/FM-PCC/logs/UAV_MIX/uav-corridor/plans/mix_uav_mf/H8_Dmodels.mf_diffusion.MeanFlowODE_9D_dp0.5_bbunet/Emf_K20_mpc4_pid_stopgo_T0.5,6,test,corridor_bounds+dynamics+geo_bounds+halfspace+obstacles,gradient-tightened,gradient,True,corridor,mf,20.0,4.0,pid_stopgo,0.5,,unet,Gen15,20.0,10.0,0.3,best,fm_only,none,cuda,,20.0
53,corridor|mf|K20|bbunet|dp0.5,/data/home/llim/FMPCC/FM-PCC/logs/UAV_MIX/uav-corridor/plans/mix_uav_mf/H8_Dmodels.mf_diffusion.MeanFlowODE_9D_dp0.5_bbunet/Emf_K20_mpc4_pid_stopgo_T0.5,6,test,corridor_bounds+dynamics+geo_bounds+halfspace+obstacles,model_free,model_free,False,corridor,mf,20.0,4.0,pid_stopgo,0.5,,unet,Gen15,20.0,10.0,0.3,best,fm_only,none,cuda,,20.0
53,corridor|mf|K20|bbunet|dp0.5,/data/home/llim/FMPCC/FM-PCC/logs/UAV_MIX/uav-corridor/plans/mix_uav_mf/H8_Dmodels.mf_diffusion.MeanFlowODE_9D_dp0.5_bbunet/Emf_K20_mpc4_pid_stopgo_T0.5,6,test,corridor_bounds+dynamics+geo_bounds+halfspace+obstacles,model_free-bounds_free,model_free-bounds_free,False,corridor,mf,20.0,4.0,pid_stopgo,0.5,,unet,Gen15,20.0,10.0,0.3,best,fm_only,none,cuda,,20.0
53,corridor|mf|K20|bbunet|dp0.5,/data/home/llim/FMPCC/FM-PCC/logs/UAV_MIX/uav-corridor/plans/mix_uav_mf/H8_Dmodels.mf_diffusion.MeanFlowODE_9D_dp0.5_bbunet/Emf_K20_mpc4_pid_stopgo_T0.5,6,test,corridor_bounds+dynamics+geo_bounds+halfspace+obstacles,model_free-bounds_free-tightened,model_free-bounds_free,True,corridor,mf,20.0,4.0,pid_stopgo,0.5,,unet,Gen15,20.0,10.0,0.3,best,fm_only,none,cuda,,20.0
53,corridor|mf|K20|bbunet|dp0.5,/data/home/llim/FMPCC/FM-PCC/logs/UAV_MIX/uav-corridor/plans/mix_uav_mf/H8_Dmodels.mf_diffusion.MeanFlowODE_9D_dp0.5_bbunet/Emf_K20_mpc4_pid_stopgo_T0.5,6,test,corridor_bounds+dynamics+geo_bounds+halfspace+obstacles,model_free-tightened,model_free,True,corridor,mf,20.0,4.0,pid_stopgo,0.5,,unet,Gen15,20.0,10.0,0.3,best,fm_only,none,cuda,,20.0
53,corridor|mf|K20|bbunet|dp0.5,/data/home/llim/FMPCC/FM-PCC/logs/UAV_MIX/uav-corridor/plans/mix_uav_mf/H8_Dmodels.mf_diffusion.MeanFlowODE_9D_dp0.5_bbunet/Emf_K20_mpc4_pid_stopgo_T0.5,6,test,corridor_bounds+dynamics+geo_bounds+halfspace+obstacles,post_processing,post_processing,False,corridor,mf,20.0,4.0,pid_stopgo,0.5,,unet,Gen15,20.0,10.0,0.3,best,fm_only,none,cuda,,20.0
53,corridor|mf|K20|bbunet|dp0.5,/data/home/llim/FMPCC/FM-PCC/logs/UAV_MIX/uav-corridor/plans/mix_uav_mf/H8_Dmodels.mf_diffusion.MeanFlowODE_9D_dp0.5_bbunet/Emf_K20_mpc4_pid_stopgo_T0.5,6,test,corridor_bounds+dynamics+geo_bounds+halfspace+obstacles,post_processing-tightened,post_processing,True,corridor,mf,20.0,4.0,pid_stopgo,0.5,,unet,Gen15,20.0,10.0,0.3,best,fm_only,none,cuda,,20.0
54,corridor|mf|K2|bbunet|dp0.5,/data/home/llim/FMPCC/FM-PCC/logs/UAV_MIX/uav-corridor/plans/mix_uav_mf/H8_Dmodels.mf_diffusion.MeanFlowODE_9D_dp0.5_bbunet/Emf_K2_mpc4_pid_stopgo_T0.5,6,test,corridor_bounds+dynamics+geo_bounds+halfspace+obstacles,bounds_free,bounds_free,False,corridor,mf,2.0,4.0,pid_stopgo,0.5,,unet,Gen15,2.0,10.0,0.3,best,fm_only,none,cuda,,2.0
54,corridor|mf|K2|bbunet|dp0.5,/data/home/llim/FMPCC/FM-PCC/logs/UAV_MIX/uav-corridor/plans/mix_uav_mf/H8_Dmodels.mf_diffusion.MeanFlowODE_9D_dp0.5_bbunet/Emf_K2_mpc4_pid_stopgo_T0.5,6,test,corridor_bounds+dynamics+geo_bounds+halfspace+obstacles,bounds_free-tightened,bounds_free,True,corridor,mf,2.0,4.0,pid_stopgo,0.5,,unet,Gen15,2.0,10.0,0.3,best,fm_only,none,cuda,,2.0
54,corridor|mf|K2|bbunet|dp0.5,/data/home/llim/FMPCC/FM-PCC/logs/UAV_MIX/uav-corridor/plans/mix_uav_mf/H8_Dmodels.mf_diffusion.MeanFlowODE_9D_dp0.5_bbunet/Emf_K2_mpc4_pid_stopgo_T0.5,6,test,corridor_bounds+dynamics+geo_bounds+halfspace+obstacles,diffuser,diffuser,False,corridor,mf,2.0,4.0,pid_stopgo,0.5,,unet,Gen15,2.0,10.0,0.3,best,fm_only,none,cuda,,2.0
54,corridor|mf|K2|bbunet|dp0.5,/data/home/llim/FMPCC/FM-PCC/logs/UAV_MIX/uav-corridor/plans/mix_uav_mf/H8_Dmodels.mf_diffusion.MeanFlowODE_9D_dp0.5_bbunet/Emf_K2_mpc4_pid_stopgo_T0.5,6,test,corridor_bounds+dynamics+geo_bounds+halfspace+obstacles,dpcc-c,dpcc-c,False,corridor,mf,2.0,4.0,pid_stopgo,0.5,,unet,Gen15,2.0,10.0,0.3,best,fm_only,none,cuda,,2.0
54,corridor|mf|K2|bbunet|dp0.5,/data/home/llim/FMPCC/FM-PCC/logs/UAV_MIX/uav-corridor/plans/mix_uav_mf/H8_Dmodels.mf_diffusion.MeanFlowODE_9D_dp0.5_bbunet/Emf_K2_mpc4_pid_stopgo_T0.5,6,test,corridor_bounds+dynamics+geo_bounds+halfspace+obstacles,dpcc-c-tightened,dpcc-c,True,corridor,mf,2.0,4.0,pid_stopgo,0.5,,unet,Gen15,2.0,10.0,0.3,best,fm_only,none,cuda,,2.0
54,corridor|mf|K2|bbunet|dp0.5,/data/home/llim/FMPCC/FM-PCC/logs/UAV_MIX/uav-corridor/plans/mix_uav_mf/H8_Dmodels.mf_diffusion.MeanFlowODE_9D_dp0.5_bbunet/Emf_K2_mpc4_pid_stopgo_T0.5,6,test,corridor_bounds+dynamics+geo_bounds+halfspace+obstacles,dpcc-r,dpcc-r,False,corridor,mf,2.0,4.0,pid_stopgo,0.5,,unet,Gen15,2.0,10.0,0.3,best,fm_only,none,cuda,,2.0
54,corridor|mf|K2|bbunet|dp0.5,/data/home/llim/FMPCC/FM-PCC/logs/UAV_MIX/uav-corridor/plans/mix_uav_mf/H8_Dmodels.mf_diffusion.MeanFlowODE_9D_dp0.5_bbunet/Emf_K2_mpc4_pid_stopgo_T0.5,6,test,corridor_bounds+dynamics+geo_bounds+halfspace+obstacles,dpcc-r-tightened,dpcc-r,True,corridor,mf,2.0,4.0,pid_stopgo,0.5,,unet,Gen15,2.0,10.0,0.3,best,fm_only,none,cuda,,2.0
54,corridor|mf|K2|bbunet|dp0.5,/data/home/llim/FMPCC/FM-PCC/logs/UAV_MIX/uav-corridor/plans/mix_uav_mf/H8_Dmodels.mf_diffusion.MeanFlowODE_9D_dp0.5_bbunet/Emf_K2_mpc4_pid_stopgo_T0.5,6,test,corridor_bounds+dynamics+geo_bounds+halfspace+obstacles,dpcc-t,dpcc-t,False,corridor,mf,2.0,4.0,pid_stopgo,0.5,,unet,Gen15,2.0,10.0,0.3,best,fm_only,none,cuda,,2.0
54,corridor|mf|K2|bbunet|dp0.5,/data/home/llim/FMPCC/FM-PCC/logs/UAV_MIX/uav-corridor/plans/mix_uav_mf/H8_Dmodels.mf_diffusion.MeanFlowODE_9D_dp0.5_bbunet/Emf_K2_mpc4_pid_stopgo_T0.5,6,test,corridor_bounds+dynamics+geo_bounds+halfspace+obstacles,dpcc-t-tightened,dpcc-t,True,corridor,mf,2.0,4.0,pid_stopgo,0.5,,unet,Gen15,2.0,10.0,0.3,best,fm_only,none,cuda,,2.0
54,corridor|mf|K2|bbunet|dp0.5,/data/home/llim/FMPCC/FM-PCC/logs/UAV_MIX/uav-corridor/plans/mix_uav_mf/H8_Dmodels.mf_diffusion.MeanFlowODE_9D_dp0.5_bbunet/Emf_K2_mpc4_pid_stopgo_T0.5,6,test,corridor_bounds+dynamics+geo_bounds+halfspace+obstacles,geo_free,geo_free,False,corridor,mf,2.0,4.0,pid_stopgo,0.5,,unet,Gen15,2.0,10.0,0.3,best,fm_only,none,cuda,,2.0
54,corridor|mf|K2|bbunet|dp0.5,/data/home/llim/FMPCC/FM-PCC/logs/UAV_MIX/uav-corridor/plans/mix_uav_mf/H8_Dmodels.mf_diffusion.MeanFlowODE_9D_dp0.5_bbunet/Emf_K2_mpc4_pid_stopgo_T0.5,6,test,corridor_bounds+dynamics+geo_bounds+halfspace+obstacles,geo_free-bounds_free,geo_free-bounds_free,False,corridor,mf,2.0,4.0,pid_stopgo,0.5,,unet,Gen15,2.0,10.0,0.3,best,fm_only,none,cuda,,2.0
54,corridor|mf|K2|bbunet|dp0.5,/data/home/llim/FMPCC/FM-PCC/logs/UAV_MIX/uav-corridor/plans/mix_uav_mf/H8_Dmodels.mf_diffusion.MeanFlowODE_9D_dp0.5_bbunet/Emf_K2_mpc4_pid_stopgo_T0.5,6,test,corridor_bounds+dynamics+geo_bounds+halfspace+obstacles,geo_free-model_free,geo_free-model_free,False,corridor,mf,2.0,4.0,pid_stopgo,0.5,,unet,Gen15,2.0,10.0,0.3,best,fm_only,none,cuda,,2.0
54,corridor|mf|K2|bbunet|dp0.5,/data/home/llim/FMPCC/FM-PCC/logs/UAV_MIX/uav-corridor/plans/mix_uav_mf/H8_Dmodels.mf_diffusion.MeanFlowODE_9D_dp0.5_bbunet/Emf_K2_mpc4_pid_stopgo_T0.5,6,test,corridor_bounds+dynamics+geo_bounds+halfspace+obstacles,gradient,gradient,False,corridor,mf,2.0,4.0,pid_stopgo,0.5,,unet,Gen15,2.0,10.0,0.3,best,fm_only,none,cuda,,2.0
54,corridor|mf|K2|bbunet|dp0.5,/data/home/llim/FMPCC/FM-PCC/logs/UAV_MIX/uav-corridor/plans/mix_uav_mf/H8_Dmodels.mf_diffusion.MeanFlowODE_9D_dp0.5_bbunet/Emf_K2_mpc4_pid_stopgo_T0.5,6,test,corridor_bounds+dynamics+geo_bounds+halfspace+obstacles,gradient-tightened,gradient,True,corridor,mf,2.0,4.0,pid_stopgo,0.5,,unet,Gen15,2.0,10.0,0.3,best,fm_only,none,cuda,,2.0
54,corridor|mf|K2|bbunet|dp0.5,/data/home/llim/FMPCC/FM-PCC/logs/UAV_MIX/uav-corridor/plans/mix_uav_mf/H8_Dmodels.mf_diffusion.MeanFlowODE_9D_dp0.5_bbunet/Emf_K2_mpc4_pid_stopgo_T0.5,6,test,corridor_bounds+dynamics+geo_bounds+halfspace+obstacles,hardflow_new,hardflow_new,False,corridor,mf,2.0,4.0,pid_stopgo,0.5,,unet,Gen15,2.0,10.0,0.3,best,fm_only,none,cuda,,2.0
54,corridor|mf|K2|bbunet|dp0.5,/data/home/llim/FMPCC/FM-PCC/logs/UAV_MIX/uav-corridor/plans/mix_uav_mf/H8_Dmodels.mf_diffusion.MeanFlowODE_9D_dp0.5_bbunet/Emf_K2_mpc4_pid_stopgo_T0.5,6,test,corridor_bounds+dynamics+geo_bounds+halfspace+obstacles,hardflow_new-c,hardflow_new-c,False,corridor,mf,2.0,4.0,pid_stopgo,0.5,,unet,Gen15,2.0,10.0,0.3,best,fm_only,none,cuda,,2.0
54,corridor|mf|K2|bbunet|dp0.5,/data/home/llim/FMPCC/FM-PCC/logs/UAV_MIX/uav-corridor/plans/mix_uav_mf/H8_Dmodels.mf_diffusion.MeanFlowODE_9D_dp0.5_bbunet/Emf_K2_mpc4_pid_stopgo_T0.5,6,test,corridor_bounds+dynamics+geo_bounds+halfspace+obstacles,hardflow_new-t,hardflow_new-t,False,corridor,mf,2.0,4.0,pid_stopgo,0.5,,unet,Gen15,2.0,10.0,0.3,best,fm_only,none,cuda,,2.0
54,corridor|mf|K2|bbunet|dp0.5,/data/home/llim/FMPCC/FM-PCC/logs/UAV_MIX/uav-corridor/plans/mix_uav_mf/H8_Dmodels.mf_diffusion.MeanFlowODE_9D_dp0.5_bbunet/Emf_K2_mpc4_pid_stopgo_T0.5,6,test,corridor_bounds+dynamics+geo_bounds+halfspace+obstacles,model_free,model_free,False,corridor,mf,2.0,4.0,pid_stopgo,0.5,,unet,Gen15,2.0,10.0,0.3,best,fm_only,none,cuda,,2.0
54,corridor|mf|K2|bbunet|dp0.5,/data/home/llim/FMPCC/FM-PCC/logs/UAV_MIX/uav-corridor/plans/mix_uav_mf/H8_Dmodels.mf_diffusion.MeanFlowODE_9D_dp0.5_bbunet/Emf_K2_mpc4_pid_stopgo_T0.5,6,test,corridor_bounds+dynamics+geo_bounds+halfspace+obstacles,model_free-bounds_free,model_free-bounds_free,False,corridor,mf,2.0,4.0,pid_stopgo,0.5,,unet,Gen15,2.0,10.0,0.3,best,fm_only,none,cuda,,2.0
54,corridor|mf|K2|bbunet|dp0.5,/data/home/llim/FMPCC/FM-PCC/logs/UAV_MIX/uav-corridor/plans/mix_uav_mf/H8_Dmodels.mf_diffusion.MeanFlowODE_9D_dp0.5_bbunet/Emf_K2_mpc4_pid_stopgo_T0.5,6,test,corridor_bounds+dynamics+geo_bounds+halfspace+obstacles,model_free-bounds_free-tightened,model_free-bounds_free,True,corridor,mf,2.0,4.0,pid_stopgo,0.5,,unet,Gen15,2.0,10.0,0.3,best,fm_only,none,cuda,,2.0
54,corridor|mf|K2|bbunet|dp0.5,/data/home/llim/FMPCC/FM-PCC/logs/UAV_MIX/uav-corridor/plans/mix_uav_mf/H8_Dmodels.mf_diffusion.MeanFlowODE_9D_dp0.5_bbunet/Emf_K2_mpc4_pid_stopgo_T0.5,6,test,corridor_bounds+dynamics+geo_bounds+halfspace+obstacles,model_free-tightened,model_free,True,corridor,mf,2.0,4.0,pid_stopgo,0.5,,unet,Gen15,2.0,10.0,0.3,best,fm_only,none,cuda,,2.0
54,corridor|mf|K2|bbunet|dp0.5,/data/home/llim/FMPCC/FM-PCC/logs/UAV_MIX/uav-corridor/plans/mix_uav_mf/H8_Dmodels.mf_diffusion.MeanFlowODE_9D_dp0.5_bbunet/Emf_K2_mpc4_pid_stopgo_T0.5,6,test,corridor_bounds+dynamics+geo_bounds+halfspace+obstacles,post_processing,post_processing,False,corridor,mf,2.0,4.0,pid_stopgo,0.5,,unet,Gen15,2.0,10.0,0.3,best,fm_only,none,cuda,,2.0
54,corridor|mf|K2|bbunet|dp0.5,/data/home/llim/FMPCC/FM-PCC/logs/UAV_MIX/uav-corridor/plans/mix_uav_mf/H8_Dmodels.mf_diffusion.MeanFlowODE_9D_dp0.5_bbunet/Emf_K2_mpc4_pid_stopgo_T0.5,6,test,corridor_bounds+dynamics+geo_bounds+halfspace+obstacles,post_processing-tightened,post_processing,True,corridor,mf,2.0,4.0,pid_stopgo,0.5,,unet,Gen15,2.0,10.0,0.3,best,fm_only,none,cuda,,2.0
55,corridor|mf|K2|bbunet|dp0.5|@u7hg,/data/home/llim/FMPCC/FM-PCC/logs/UAV_MIX/uav-corridor/plans/mix_uav_mf/H8_Dmodels.mf_diffusion.MeanFlowODE_9D_dp0.5_bbunet/Emf_K2_mpc4_pid_stopgo_T0.5_u7hg,6,test,corridor_hg_bounds+dynamics+geo_bounds+halfspace+obstacles,diffuser,diffuser,False,corridor,mf,2.0,4.0,pid_stopgo,0.5,u7hg,unet,Gen15,2.0,10.0,0.3,,fm_only,none,cuda,,2.0
55,corridor|mf|K2|bbunet|dp0.5|@u7hg,/data/home/llim/FMPCC/FM-PCC/logs/UAV_MIX/uav-corridor/plans/mix_uav_mf/H8_Dmodels.mf_diffusion.MeanFlowODE_9D_dp0.5_bbunet/Emf_K2_mpc4_pid_stopgo_T0.5_u7hg,6,test,corridor_hg_bounds+dynamics+geo_bounds+halfspace+obstacles,dpcc-c,dpcc-c,False,corridor,mf,2.0,4.0,pid_stopgo,0.5,u7hg,unet,Gen15,2.0,10.0,0.3,,fm_only,none,cuda,,2.0
55,corridor|mf|K2|bbunet|dp0.5|@u7hg,/data/home/llim/FMPCC/FM-PCC/logs/UAV_MIX/uav-corridor/plans/mix_uav_mf/H8_Dmodels.mf_diffusion.MeanFlowODE_9D_dp0.5_bbunet/Emf_K2_mpc4_pid_stopgo_T0.5_u7hg,6,test,corridor_hg_bounds+dynamics+geo_bounds+halfspace+obstacles,dpcc-c-geo_free,dpcc-c-geo_free,False,corridor,mf,2.0,4.0,pid_stopgo,0.5,u7hg,unet,Gen15,2.0,10.0,0.3,,fm_only,none,cuda,,2.0
55,corridor|mf|K2|bbunet|dp0.5|@u7hg,/data/home/llim/FMPCC/FM-PCC/logs/UAV_MIX/uav-corridor/plans/mix_uav_mf/H8_Dmodels.mf_diffusion.MeanFlowODE_9D_dp0.5_bbunet/Emf_K2_mpc4_pid_stopgo_T0.5_u7hg,6,test,corridor_hg_bounds+dynamics+geo_bounds+halfspace+obstacles,dpcc-c-tightened,dpcc-c,True,corridor,mf,2.0,4.0,pid_stopgo,0.5,u7hg,unet,Gen15,2.0,10.0,0.3,,fm_only,none,cuda,,2.0
55,corridor|mf|K2|bbunet|dp0.5|@u7hg,/data/home/llim/FMPCC/FM-PCC/logs/UAV_MIX/uav-corridor/plans/mix_uav_mf/H8_Dmodels.mf_diffusion.MeanFlowODE_9D_dp0.5_bbunet/Emf_K2_mpc4_pid_stopgo_T0.5_u7hg,6,test,corridor_hg_bounds+dynamics+geo_bounds+halfspace+obstacles,dpcc-r,dpcc-r,False,corridor,mf,2.0,4.0,pid_stopgo,0.5,u7hg,unet,Gen15,2.0,10.0,0.3,,fm_only,none,cuda,,2.0
55,corridor|mf|K2|bbunet|dp0.5|@u7hg,/data/home/llim/FMPCC/FM-PCC/logs/UAV_MIX/uav-corridor/plans/mix_uav_mf/H8_Dmodels.mf_diffusion.MeanFlowODE_9D_dp0.5_bbunet/Emf_K2_mpc4_pid_stopgo_T0.5_u7hg,6,test,corridor_hg_bounds+dynamics+geo_bounds+halfspace+obstacles,dpcc-r-geo_free,dpcc-r-geo_free,False,corridor,mf,2.0,4.0,pid_stopgo,0.5,u7hg,unet,Gen15,2.0,10.0,0.3,,fm_only,none,cuda,,2.0
55,corridor|mf|K2|bbunet|dp0.5|@u7hg,/data/home/llim/FMPCC/FM-PCC/logs/UAV_MIX/uav-corridor/plans/mix_uav_mf/H8_Dmodels.mf_diffusion.MeanFlowODE_9D_dp0.5_bbunet/Emf_K2_mpc4_pid_stopgo_T0.5_u7hg,6,test,corridor_hg_bounds+dynamics+geo_bounds+halfspace+obstacles,dpcc-r-tightened,dpcc-r,True,corridor,mf,2.0,4.0,pid_stopgo,0.5,u7hg,unet,Gen15,2.0,10.0,0.3,,fm_only,none,cuda,,2.0
55,corridor|mf|K2|bbunet|dp0.5|@u7hg,/data/home/llim/FMPCC/FM-PCC/logs/UAV_MIX/uav-corridor/plans/mix_uav_mf/H8_Dmodels.mf_diffusion.MeanFlowODE_9D_dp0.5_bbunet/Emf_K2_mpc4_pid_stopgo_T0.5_u7hg,6,test,corridor_hg_bounds+dynamics+geo_bounds+halfspace+obstacles,dpcc-t,dpcc-t,False,corridor,mf,2.0,4.0,pid_stopgo,0.5,u7hg,unet,Gen15,2.0,10.0,0.3,,fm_only,none,cuda,,2.0
55,corridor|mf|K2|bbunet|dp0.5|@u7hg,/data/home/llim/FMPCC/FM-PCC/logs/UAV_MIX/uav-corridor/plans/mix_uav_mf/H8_Dmodels.mf_diffusion.MeanFlowODE_9D_dp0.5_bbunet/Emf_K2_mpc4_pid_stopgo_T0.5_u7hg,6,test,corridor_hg_bounds+dynamics+geo_bounds+halfspace+obstacles,dpcc-t-geo_free,dpcc-t-geo_free,False,corridor,mf,2.0,4.0,pid_stopgo,0.5,u7hg,unet,Gen15,2.0,10.0,0.3,,fm_only,none,cuda,,2.0
55,corridor|mf|K2|bbunet|dp0.5|@u7hg,/data/home/llim/FMPCC/FM-PCC/logs/UAV_MIX/uav-corridor/plans/mix_uav_mf/H8_Dmodels.mf_diffusion.MeanFlowODE_9D_dp0.5_bbunet/Emf_K2_mpc4_pid_stopgo_T0.5_u7hg,6,test,corridor_hg_bounds+dynamics+geo_bounds+halfspace+obstacles,dpcc-t-tightened,dpcc-t,True,corridor,mf,2.0,4.0,pid_stopgo,0.5,u7hg,unet,Gen15,2.0,10.0,0.3,,fm_only,none,cuda,,2.0
55,corridor|mf|K2|bbunet|dp0.5|@u7hg,/data/home/llim/FMPCC/FM-PCC/logs/UAV_MIX/uav-corridor/plans/mix_uav_mf/H8_Dmodels.mf_diffusion.MeanFlowODE_9D_dp0.5_bbunet/Emf_K2_mpc4_pid_stopgo_T0.5_u7hg,6,test,corridor_hgb2_bounds+dynamics+geo_bounds+halfspace+obstacles,diffuser,diffuser,False,corridor,mf,2.0,4.0,pid_stopgo,0.5,u7hg,unet,Gen15,2.0,10.0,0.3,,fm_only,none,cuda,,2.0
55,corridor|mf|K2|bbunet|dp0.5|@u7hg,/data/home/llim/FMPCC/FM-PCC/logs/UAV_MIX/uav-corridor/plans/mix_uav_mf/H8_Dmodels.mf_diffusion.MeanFlowODE_9D_dp0.5_bbunet/Emf_K2_mpc4_pid_stopgo_T0.5_u7hg,6,test,corridor_hgb2_bounds+dynamics+geo_bounds+halfspace+obstacles,dpcc-t,dpcc-t,False,corridor,mf,2.0,4.0,pid_stopgo,0.5,u7hg,unet,Gen15,2.0,10.0,0.3,,fm_only,none,cuda,,2.0
55,corridor|mf|K2|bbunet|dp0.5|@u7hg,/data/home/llim/FMPCC/FM-PCC/logs/UAV_MIX/uav-corridor/plans/mix_uav_mf/H8_Dmodels.mf_diffusion.MeanFlowODE_9D_dp0.5_bbunet/Emf_K2_mpc4_pid_stopgo_T0.5_u7hg,6,test,corridor_hgb2_bounds+dynamics+geo_bounds+halfspace+obstacles,dpcc-t-bounds_free,dpcc-t-bounds_free,False,corridor,mf,2.0,4.0,pid_stopgo,0.5,u7hg,unet,Gen15,2.0,10.0,0.3,,fm_only,none,cuda,,2.0
55,corridor|mf|K2|bbunet|dp0.5|@u7hg,/data/home/llim/FMPCC/FM-PCC/logs/UAV_MIX/uav-corridor/plans/mix_uav_mf/H8_Dmodels.mf_diffusion.MeanFlowODE_9D_dp0.5_bbunet/Emf_K2_mpc4_pid_stopgo_T0.5_u7hg,6,test,corridor_hgb2_bounds+dynamics+geo_bounds+halfspace+obstacles,dpcc-t-geo_free,dpcc-t-geo_free,False,corridor,mf,2.0,4.0,pid_stopgo,0.5,u7hg,unet,Gen15,2.0,10.0,0.3,,fm_only,none,cuda,,2.0
55,corridor|mf|K2|bbunet|dp0.5|@u7hg,/data/home/llim/FMPCC/FM-PCC/logs/UAV_MIX/uav-corridor/plans/mix_uav_mf/H8_Dmodels.mf_diffusion.MeanFlowODE_9D_dp0.5_bbunet/Emf_K2_mpc4_pid_stopgo_T0.5_u7hg,6,test,corridor_hgb2_bounds+dynamics+geo_bounds+halfspace+obstacles,dpcc-t-tightened,dpcc-t,True,corridor,mf,2.0,4.0,pid_stopgo,0.5,u7hg,unet,Gen15,2.0,10.0,0.3,,fm_only,none,cuda,,2.0
55,corridor|mf|K2|bbunet|dp0.5|@u7hg,/data/home/llim/FMPCC/FM-PCC/logs/UAV_MIX/uav-corridor/plans/mix_uav_mf/H8_Dmodels.mf_diffusion.MeanFlowODE_9D_dp0.5_bbunet/Emf_K2_mpc4_pid_stopgo_T0.5_u7hg,6,test,corridor_hgb32_bounds+dynamics+geo_bounds+halfspace+obstacles,diffuser,diffuser,False,corridor,mf,2.0,4.0,pid_stopgo,0.5,u7hg,unet,Gen15,2.0,10.0,0.3,,fm_only,none,cuda,,2.0
55,corridor|mf|K2|bbunet|dp0.5|@u7hg,/data/home/llim/FMPCC/FM-PCC/logs/UAV_MIX/uav-corridor/plans/mix_uav_mf/H8_Dmodels.mf_diffusion.MeanFlowODE_9D_dp0.5_bbunet/Emf_K2_mpc4_pid_stopgo_T0.5_u7hg,6,test,corridor_hgb32_bounds+dynamics+geo_bounds+halfspace+obstacles,dpcc-t,dpcc-t,False,corridor,mf,2.0,4.0,pid_stopgo,0.5,u7hg,unet,Gen15,2.0,10.0,0.3,,fm_only,none,cuda,,2.0
55,corridor|mf|K2|bbunet|dp0.5|@u7hg,/data/home/llim/FMPCC/FM-PCC/logs/UAV_MIX/uav-corridor/plans/mix_uav_mf/H8_Dmodels.mf_diffusion.MeanFlowODE_9D_dp0.5_bbunet/Emf_K2_mpc4_pid_stopgo_T0.5_u7hg,6,test,corridor_hgb3_bounds+dynamics+geo_bounds+halfspace+obstacles,diffuser,diffuser,False,corridor,mf,2.0,4.0,pid_stopgo,0.5,u7hg,unet,Gen15,2.0,10.0,0.3,,fm_only,none,cuda,,2.0
55,corridor|mf|K2|bbunet|dp0.5|@u7hg,/data/home/llim/FMPCC/FM-PCC/logs/UAV_MIX/uav-corridor/plans/mix_uav_mf/H8_Dmodels.mf_diffusion.MeanFlowODE_9D_dp0.5_bbunet/Emf_K2_mpc4_pid_stopgo_T0.5_u7hg,6,test,corridor_hgb3_bounds+dynamics+geo_bounds+halfspace+obstacles,dpcc-t,dpcc-t,False,corridor,mf,2.0,4.0,pid_stopgo,0.5,u7hg,unet,Gen15,2.0,10.0,0.3,,fm_only,none,cuda,,2.0
55,corridor|mf|K2|bbunet|dp0.5|@u7hg,/data/home/llim/FMPCC/FM-PCC/logs/UAV_MIX/uav-corridor/plans/mix_uav_mf/H8_Dmodels.mf_diffusion.MeanFlowODE_9D_dp0.5_bbunet/Emf_K2_mpc4_pid_stopgo_T0.5_u7hg,6,test,corridor_hgb_bounds+dynamics+geo_bounds+halfspace+obstacles,diffuser,diffuser,False,corridor,mf,2.0,4.0,pid_stopgo,0.5,u7hg,unet,Gen15,2.0,10.0,0.3,,fm_only,none,cuda,,2.0
55,corridor|mf|K2|bbunet|dp0.5|@u7hg,/data/home/llim/FMPCC/FM-PCC/logs/UAV_MIX/uav-corridor/plans/mix_uav_mf/H8_Dmodels.mf_diffusion.MeanFlowODE_9D_dp0.5_bbunet/Emf_K2_mpc4_pid_stopgo_T0.5_u7hg,6,test,corridor_hgb_bounds+dynamics+geo_bounds+halfspace+obstacles,dpcc-t,dpcc-t,False,corridor,mf,2.0,4.0,pid_stopgo,0.5,u7hg,unet,Gen15,2.0,10.0,0.3,,fm_only,none,cuda,,2.0
55,corridor|mf|K2|bbunet|dp0.5|@u7hg,/data/home/llim/FMPCC/FM-PCC/logs/UAV_MIX/uav-corridor/plans/mix_uav_mf/H8_Dmodels.mf_diffusion.MeanFlowODE_9D_dp0.5_bbunet/Emf_K2_mpc4_pid_stopgo_T0.5_u7hg,6,test,corridor_hgb_bounds+dynamics+geo_bounds+halfspace+obstacles,dpcc-t-geo_free,dpcc-t-geo_free,False,corridor,mf,2.0,4.0,pid_stopgo,0.5,u7hg,unet,Gen15,2.0,10.0,0.3,,fm_only,none,cuda,,2.0
55,corridor|mf|K2|bbunet|dp0.5|@u7hg,/data/home/llim/FMPCC/FM-PCC/logs/UAV_MIX/uav-corridor/plans/mix_uav_mf/H8_Dmodels.mf_diffusion.MeanFlowODE_9D_dp0.5_bbunet/Emf_K2_mpc4_pid_stopgo_T0.5_u7hg,6,test,corridor_hgb_bounds+dynamics+geo_bounds+halfspace+obstacles,dpcc-t-tightened,dpcc-t,True,corridor,mf,2.0,4.0,pid_stopgo,0.5,u7hg,unet,Gen15,2.0,10.0,0.3,,fm_only,none,cuda,,2.0
55,corridor|mf|K2|bbunet|dp0.5|@u7hg,/data/home/llim/FMPCC/FM-PCC/logs/UAV_MIX/uav-corridor/plans/mix_uav_mf/H8_Dmodels.mf_diffusion.MeanFlowODE_9D_dp0.5_bbunet/Emf_K2_mpc4_pid_stopgo_T0.5_u7hg,6,test,corridor_hgg_bounds+dynamics+geo_bounds+halfspace+obstacles,diffuser,diffuser,False,corridor,mf,2.0,4.0,pid_stopgo,0.5,u7hg,unet,Gen15,2.0,10.0,0.3,,fm_only,none,cuda,,2.0
55,corridor|mf|K2|bbunet|dp0.5|@u7hg,/data/home/llim/FMPCC/FM-PCC/logs/UAV_MIX/uav-corridor/plans/mix_uav_mf/H8_Dmodels.mf_diffusion.MeanFlowODE_9D_dp0.5_bbunet/Emf_K2_mpc4_pid_stopgo_T0.5_u7hg,6,test,corridor_hgg_bounds+dynamics+geo_bounds+halfspace+obstacles,dpcc-c,dpcc-c,False,corridor,mf,2.0,4.0,pid_stopgo,0.5,u7hg,unet,Gen15,2.0,10.0,0.3,,fm_only,none,cuda,,2.0
55,corridor|mf|K2|bbunet|dp0.5|@u7hg,/data/home/llim/FMPCC/FM-PCC/logs/UAV_MIX/uav-corridor/plans/mix_uav_mf/H8_Dmodels.mf_diffusion.MeanFlowODE_9D_dp0.5_bbunet/Emf_K2_mpc4_pid_stopgo_T0.5_u7hg,6,test,corridor_hgg_bounds+dynamics+geo_bounds+halfspace+obstacles,dpcc-r,dpcc-r,False,corridor,mf,2.0,4.0,pid_stopgo,0.5,u7hg,unet,Gen15,2.0,10.0,0.3,,fm_only,none,cuda,,2.0
55,corridor|mf|K2|bbunet|dp0.5|@u7hg,/data/home/llim/FMPCC/FM-PCC/logs/UAV_MIX/uav-corridor/plans/mix_uav_mf/H8_Dmodels.mf_diffusion.MeanFlowODE_9D_dp0.5_bbunet/Emf_K2_mpc4_pid_stopgo_T0.5_u7hg,6,test,corridor_hgg_bounds+dynamics+geo_bounds+halfspace+obstacles,dpcc-t,dpcc-t,False,corridor,mf,2.0,4.0,pid_stopgo,0.5,u7hg,unet,Gen15,2.0,10.0,0.3,,fm_only,none,cuda,,2.0
55,corridor|mf|K2|bbunet|dp0.5|@u7hg,/data/home/llim/FMPCC/FM-PCC/logs/UAV_MIX/uav-corridor/plans/mix_uav_mf/H8_Dmodels.mf_diffusion.MeanFlowODE_9D_dp0.5_bbunet/Emf_K2_mpc4_pid_stopgo_T0.5_u7hg,6,test,corridor_hgg_bounds+dynamics+geo_bounds+halfspace+obstacles,dpcc-t-bounds_free,dpcc-t-bounds_free,False,corridor,mf,2.0,4.0,pid_stopgo,0.5,u7hg,unet,Gen15,2.0,10.0,0.3,,fm_only,none,cuda,,2.0
55,corridor|mf|K2|bbunet|dp0.5|@u7hg,/data/home/llim/FMPCC/FM-PCC/logs/UAV_MIX/uav-corridor/plans/mix_uav_mf/H8_Dmodels.mf_diffusion.MeanFlowODE_9D_dp0.5_bbunet/Emf_K2_mpc4_pid_stopgo_T0.5_u7hg,6,test,corridor_hgg_bounds+dynamics+geo_bounds+halfspace+obstacles,dpcc-t-geo_free,dpcc-t-geo_free,False,corridor,mf,2.0,4.0,pid_stopgo,0.5,u7hg,unet,Gen15,2.0,10.0,0.3,,fm_only,none,cuda,,2.0
55,corridor|mf|K2|bbunet|dp0.5|@u7hg,/data/home/llim/FMPCC/FM-PCC/logs/UAV_MIX/uav-corridor/plans/mix_uav_mf/H8_Dmodels.mf_diffusion.MeanFlowODE_9D_dp0.5_bbunet/Emf_K2_mpc4_pid_stopgo_T0.5_u7hg,6,test,corridor_hgg_bounds+dynamics+geo_bounds+halfspace+obstacles,dpcc-t-tightened,dpcc-t,True,corridor,mf,2.0,4.0,pid_stopgo,0.5,u7hg,unet,Gen15,2.0,10.0,0.3,,fm_only,none,cuda,,2.0
56,corridor|mf|K3|bbunet|dp0.5|@u17cv2,/data/home/llim/FMPCC/FM-PCC/logs/UAV_MIX/uav-corridor/plans/mix_uav_mf/H8_Dmodels.mf_diffusion.MeanFlowODE_9D_dp0.5_bbunet/Emf_K3_mpc4_pid_stopgo_T0.5_u17cv2,6,test,corridor_cv2s_bounds+dynamics+geo_bounds+halfspace+obstacles,diffuser,diffuser,False,corridor,mf,3.0,4.0,pid_stopgo,0.5,u17cv2,unet,Gen15,3.0,12.0,0.3,,fm_only,none,cuda,,3.0
56,corridor|mf|K3|bbunet|dp0.5|@u17cv2,/data/home/llim/FMPCC/FM-PCC/logs/UAV_MIX/uav-corridor/plans/mix_uav_mf/H8_Dmodels.mf_diffusion.MeanFlowODE_9D_dp0.5_bbunet/Emf_K3_mpc4_pid_stopgo_T0.5_u17cv2,6,test,corridor_cv2s_bounds+dynamics+geo_bounds+halfspace+obstacles,dpcc-c-bounds_free-pdes,dpcc-c-bounds_free-pdes,False,corridor,mf,3.0,4.0,pid_stopgo,0.5,u17cv2,unet,Gen15,3.0,12.0,0.3,,fm_only,none,cuda,,3.0
56,corridor|mf|K3|bbunet|dp0.5|@u17cv2,/data/home/llim/FMPCC/FM-PCC/logs/UAV_MIX/uav-corridor/plans/mix_uav_mf/H8_Dmodels.mf_diffusion.MeanFlowODE_9D_dp0.5_bbunet/Emf_K3_mpc4_pid_stopgo_T0.5_u17cv2,6,test,corridor_cv2s_bounds+dynamics+geo_bounds+halfspace+obstacles,dpcc-c-bounds_free-pdes-tightened,dpcc-c-bounds_free-pdes,True,corridor,mf,3.0,4.0,pid_stopgo,0.5,u17cv2,unet,Gen15,3.0,12.0,0.3,,fm_only,none,cuda,,3.0
56,corridor|mf|K3|bbunet|dp0.5|@u17cv2,/data/home/llim/FMPCC/FM-PCC/logs/UAV_MIX/uav-corridor/plans/mix_uav_mf/H8_Dmodels.mf_diffusion.MeanFlowODE_9D_dp0.5_bbunet/Emf_K3_mpc4_pid_stopgo_T0.5_u17cv2,6,test,corridor_cv2s_bounds+dynamics+geo_bounds+halfspace+obstacles,dpcc-r-bounds_free-pdes-tightened,dpcc-r-bounds_free-pdes,True,corridor,mf,3.0,4.0,pid_stopgo,0.5,u17cv2,unet,Gen15,3.0,12.0,0.3,,fm_only,none,cuda,,3.0
56,corridor|mf|K3|bbunet|dp0.5|@u17cv2,/data/home/llim/FMPCC/FM-PCC/logs/UAV_MIX/uav-corridor/plans/mix_uav_mf/H8_Dmodels.mf_diffusion.MeanFlowODE_9D_dp0.5_bbunet/Emf_K3_mpc4_pid_stopgo_T0.5_u17cv2,6,test,corridor_cv2s_bounds+dynamics+geo_bounds+halfspace+obstacles,dpcc-t-bounds_free-pdes-tightened,dpcc-t-bounds_free-pdes,True,corridor,mf,3.0,4.0,pid_stopgo,0.5,u17cv2,unet,Gen15,3.0,12.0,0.3,,fm_only,none,cuda,,3.0
56,corridor|mf|K3|bbunet|dp0.5|@u17cv2,/data/home/llim/FMPCC/FM-PCC/logs/UAV_MIX/uav-corridor/plans/mix_uav_mf/H8_Dmodels.mf_diffusion.MeanFlowODE_9D_dp0.5_bbunet/Emf_K3_mpc4_pid_stopgo_T0.5_u17cv2,6,test,corridor_cv2s_bounds+dynamics+geo_bounds+halfspace+obstacles,hardflow_sls-bounds_free-pdes-tightened,hardflow_sls-bounds_free-pdes,True,corridor,mf,3.0,4.0,pid_stopgo,0.5,u17cv2,unet,Gen15,3.0,12.0,0.3,,fm_only,none,cuda,,3.0
56,corridor|mf|K3|bbunet|dp0.5|@u17cv2,/data/home/llim/FMPCC/FM-PCC/logs/UAV_MIX/uav-corridor/plans/mix_uav_mf/H8_Dmodels.mf_diffusion.MeanFlowODE_9D_dp0.5_bbunet/Emf_K3_mpc4_pid_stopgo_T0.5_u17cv2,6,test,corridor_cv2s_bounds+dynamics+geo_bounds+halfspace+obstacles,hardflow_sls-c-bounds_free-pdes-tightened,hardflow_sls-c-bounds_free-pdes,True,corridor,mf,3.0,4.0,pid_stopgo,0.5,u17cv2,unet,Gen15,3.0,12.0,0.3,,fm_only,none,cuda,,3.0
56,corridor|mf|K3|bbunet|dp0.5|@u17cv2,/data/home/llim/FMPCC/FM-PCC/logs/UAV_MIX/uav-corridor/plans/mix_uav_mf/H8_Dmodels.mf_diffusion.MeanFlowODE_9D_dp0.5_bbunet/Emf_K3_mpc4_pid_stopgo_T0.5_u17cv2,6,test,corridor_cv2s_bounds+dynamics+geo_bounds+halfspace+obstacles,hardflow_sls-r-bounds_free-pdes-tightened,hardflow_sls-r-bounds_free-pdes,True,corridor,mf,3.0,4.0,pid_stopgo,0.5,u17cv2,unet,Gen15,3.0,12.0,0.3,,fm_only,none,cuda,,3.0
56,corridor|mf|K3|bbunet|dp0.5|@u17cv2,/data/home/llim/FMPCC/FM-PCC/logs/UAV_MIX/uav-corridor/plans/mix_uav_mf/H8_Dmodels.mf_diffusion.MeanFlowODE_9D_dp0.5_bbunet/Emf_K3_mpc4_pid_stopgo_T0.5_u17cv2,6,test,corridor_cv2s_bounds+dynamics+geo_bounds+halfspace+obstacles,hardflow_sls-t-bounds_free-pdes-tightened,hardflow_sls-t-bounds_free-pdes,True,corridor,mf,3.0,4.0,pid_stopgo,0.5,u17cv2,unet,Gen15,3.0,12.0,0.3,,fm_only,none,cuda,,3.0
57,corridor|mf|K3|bbunet|dp0.5|@u7hg,/data/home/llim/FMPCC/FM-PCC/logs/UAV_MIX/uav-corridor/plans/mix_uav_mf/H8_Dmodels.mf_diffusion.MeanFlowODE_9D_dp0.5_bbunet/Emf_K3_mpc4_pid_stopgo_T0.5_u7hg,6,test,corridor_cv2s_bounds+dynamics+geo_bounds+halfspace+obstacles,diffuser,diffuser,False,corridor,mf,3.0,4.0,pid_stopgo,0.5,u7hg,unet,Gen15,3.0,2.0,0.3,,fm_only,gif,cuda,,3.0
57,corridor|mf|K3|bbunet|dp0.5|@u7hg,/data/home/llim/FMPCC/FM-PCC/logs/UAV_MIX/uav-corridor/plans/mix_uav_mf/H8_Dmodels.mf_diffusion.MeanFlowODE_9D_dp0.5_bbunet/Emf_K3_mpc4_pid_stopgo_T0.5_u7hg,6,test,corridor_cv2s_bounds+dynamics+geo_bounds+halfspace+obstacles,dpcc-t-bounds_free,dpcc-t-bounds_free,False,corridor,mf,3.0,4.0,pid_stopgo,0.5,u7hg,unet,Gen15,3.0,2.0,0.3,,fm_only,gif,cuda,,3.0
57,corridor|mf|K3|bbunet|dp0.5|@u7hg,/data/home/llim/FMPCC/FM-PCC/logs/UAV_MIX/uav-corridor/plans/mix_uav_mf/H8_Dmodels.mf_diffusion.MeanFlowODE_9D_dp0.5_bbunet/Emf_K3_mpc4_pid_stopgo_T0.5_u7hg,6,test,corridor_cv2s_bounds+dynamics+geo_bounds+halfspace+obstacles,dpcc-t-bounds_free-pdes,dpcc-t-bounds_free-pdes,False,corridor,mf,3.0,4.0,pid_stopgo,0.5,u7hg,unet,Gen15,3.0,2.0,0.3,,fm_only,gif,cuda,,3.0
57,corridor|mf|K3|bbunet|dp0.5|@u7hg,/data/home/llim/FMPCC/FM-PCC/logs/UAV_MIX/uav-corridor/plans/mix_uav_mf/H8_Dmodels.mf_diffusion.MeanFlowODE_9D_dp0.5_bbunet/Emf_K3_mpc4_pid_stopgo_T0.5_u7hg,6,test,corridor_cv2s_bounds+dynamics+geo_bounds+halfspace+obstacles,dpcc-t-bounds_free-tightened-pdes,dpcc-t-bounds_free-tightened-pdes,False,corridor,mf,3.0,4.0,pid_stopgo,0.5,u7hg,unet,Gen15,3.0,2.0,0.3,,fm_only,gif,cuda,,3.0
57,corridor|mf|K3|bbunet|dp0.5|@u7hg,/data/home/llim/FMPCC/FM-PCC/logs/UAV_MIX/uav-corridor/plans/mix_uav_mf/H8_Dmodels.mf_diffusion.MeanFlowODE_9D_dp0.5_bbunet/Emf_K3_mpc4_pid_stopgo_T0.5_u7hg,6,test,corridor_cv2s_bounds+dynamics+geo_bounds+halfspace+obstacles,hardflow_sls,hardflow_sls,False,corridor,mf,3.0,4.0,pid_stopgo,0.5,u7hg,unet,Gen15,3.0,2.0,0.3,,fm_only,gif,cuda,,3.0
57,corridor|mf|K3|bbunet|dp0.5|@u7hg,/data/home/llim/FMPCC/FM-PCC/logs/UAV_MIX/uav-corridor/plans/mix_uav_mf/H8_Dmodels.mf_diffusion.MeanFlowODE_9D_dp0.5_bbunet/Emf_K3_mpc4_pid_stopgo_T0.5_u7hg,6,test,corridor_cv2s_bounds+dynamics+geo_bounds+halfspace+obstacles,hardflow_sls-pdes,hardflow_sls-pdes,False,corridor,mf,3.0,4.0,pid_stopgo,0.5,u7hg,unet,Gen15,3.0,2.0,0.3,,fm_only,gif,cuda,,3.0
57,corridor|mf|K3|bbunet|dp0.5|@u7hg,/data/home/llim/FMPCC/FM-PCC/logs/UAV_MIX/uav-corridor/plans/mix_uav_mf/H8_Dmodels.mf_diffusion.MeanFlowODE_9D_dp0.5_bbunet/Emf_K3_mpc4_pid_stopgo_T0.5_u7hg,6,test,corridor_cv2s_bounds+dynamics+geo_bounds+halfspace+obstacles,hardflow_sls-tightened-pdes,hardflow_sls-tightened-pdes,False,corridor,mf,3.0,4.0,pid_stopgo,0.5,u7hg,unet,Gen15,3.0,2.0,0.3,,fm_only,gif,cuda,,3.0
57,corridor|mf|K3|bbunet|dp0.5|@u7hg,/data/home/llim/FMPCC/FM-PCC/logs/UAV_MIX/uav-corridor/plans/mix_uav_mf/H8_Dmodels.mf_diffusion.MeanFlowODE_9D_dp0.5_bbunet/Emf_K3_mpc4_pid_stopgo_T0.5_u7hg,6,test,corridor_hggn_bounds+dynamics+geo_bounds+halfspace+obstacles,diffuser,diffuser,False,corridor,mf,3.0,4.0,pid_stopgo,0.5,u7hg,unet,Gen15,3.0,2.0,0.3,,fm_only,gif,cuda,,3.0
57,corridor|mf|K3|bbunet|dp0.5|@u7hg,/data/home/llim/FMPCC/FM-PCC/logs/UAV_MIX/uav-corridor/plans/mix_uav_mf/H8_Dmodels.mf_diffusion.MeanFlowODE_9D_dp0.5_bbunet/Emf_K3_mpc4_pid_stopgo_T0.5_u7hg,6,test,corridor_hggn_bounds+dynamics+geo_bounds+halfspace+obstacles,dpcc-t-bounds_free,dpcc-t-bounds_free,False,corridor,mf,3.0,4.0,pid_stopgo,0.5,u7hg,unet,Gen15,3.0,2.0,0.3,,fm_only,gif,cuda,,3.0
57,corridor|mf|K3|bbunet|dp0.5|@u7hg,/data/home/llim/FMPCC/FM-PCC/logs/UAV_MIX/uav-corridor/plans/mix_uav_mf/H8_Dmodels.mf_diffusion.MeanFlowODE_9D_dp0.5_bbunet/Emf_K3_mpc4_pid_stopgo_T0.5_u7hg,6,test,corridor_hggn_bounds+dynamics+geo_bounds+halfspace+obstacles,hardflow_sls,hardflow_sls,False,corridor,mf,3.0,4.0,pid_stopgo,0.5,u7hg,unet,Gen15,3.0,2.0,0.3,,fm_only,gif,cuda,,3.0
58,corridor|mf|K3|bbunet|dp0.5|@u7hg(debugging_with_demo_gif),/data/home/llim/FMPCC/FM-PCC/logs/UAV_MIX/uav-corridor/plans/mix_uav_mf/H8_Dmodels.mf_diffusion.MeanFlowODE_9D_dp0.5_bbunet/Emf_K3_mpc4_pid_stopgo_T0.5_u7hg(debugging_with_demo_gif),6,test,corridor_hggn_bounds+dynamics+geo_bounds+halfspace+obstacles,diffuser,diffuser,False,corridor,mf,3.0,4.0,pid_stopgo,0.5,u7hg(debugging_with_demo_gif),unet,Gen15,3.0,2.0,0.3,,fm_only,none,cuda,,3.0
58,corridor|mf|K3|bbunet|dp0.5|@u7hg(debugging_with_demo_gif),/data/home/llim/FMPCC/FM-PCC/logs/UAV_MIX/uav-corridor/plans/mix_uav_mf/H8_Dmodels.mf_diffusion.MeanFlowODE_9D_dp0.5_bbunet/Emf_K3_mpc4_pid_stopgo_T0.5_u7hg(debugging_with_demo_gif),6,test,corridor_hggn_bounds+dynamics+geo_bounds+halfspace+obstacles,dpcc-t-bounds_free,dpcc-t-bounds_free,False,corridor,mf,3.0,4.0,pid_stopgo,0.5,u7hg(debugging_with_demo_gif),unet,Gen15,3.0,2.0,0.3,,fm_only,none,cuda,,3.0
59,corridor|mf|K5|bbunet|dp0.5,/data/home/llim/FMPCC/FM-PCC/logs/UAV_MIX/uav-corridor/plans/mix_uav_mf/H8_Dmodels.mf_diffusion.MeanFlowODE_9D_dp0.5_bbunet/Emf_K5_mpc4_pid_stopgo_T0.5,6,test,corridor_bounds+dynamics+geo_bounds+halfspace+obstacles,bounds_free,bounds_free,False,corridor,mf,5.0,4.0,pid_stopgo,0.5,,unet,Gen15,5.0,10.0,0.3,best,fm_only,none,cuda,,5.0
59,corridor|mf|K5|bbunet|dp0.5,/data/home/llim/FMPCC/FM-PCC/logs/UAV_MIX/uav-corridor/plans/mix_uav_mf/H8_Dmodels.mf_diffusion.MeanFlowODE_9D_dp0.5_bbunet/Emf_K5_mpc4_pid_stopgo_T0.5,6,test,corridor_bounds+dynamics+geo_bounds+halfspace+obstacles,bounds_free-tightened,bounds_free,True,corridor,mf,5.0,4.0,pid_stopgo,0.5,,unet,Gen15,5.0,10.0,0.3,best,fm_only,none,cuda,,5.0
59,corridor|mf|K5|bbunet|dp0.5,/data/home/llim/FMPCC/FM-PCC/logs/UAV_MIX/uav-corridor/plans/mix_uav_mf/H8_Dmodels.mf_diffusion.MeanFlowODE_9D_dp0.5_bbunet/Emf_K5_mpc4_pid_stopgo_T0.5,6,test,corridor_bounds+dynamics+geo_bounds+halfspace+obstacles,diffuser,diffuser,False,corridor,mf,5.0,4.0,pid_stopgo,0.5,,unet,Gen15,5.0,10.0,0.3,best,fm_only,none,cuda,,5.0
59,corridor|mf|K5|bbunet|dp0.5,/data/home/llim/FMPCC/FM-PCC/logs/UAV_MIX/uav-corridor/plans/mix_uav_mf/H8_Dmodels.mf_diffusion.MeanFlowODE_9D_dp0.5_bbunet/Emf_K5_mpc4_pid_stopgo_T0.5,6,test,corridor_bounds+dynamics+geo_bounds+halfspace+obstacles,dpcc-c,dpcc-c,False,corridor,mf,5.0,4.0,pid_stopgo,0.5,,unet,Gen15,5.0,10.0,0.3,best,fm_only,none,cuda,,5.0
59,corridor|mf|K5|bbunet|dp0.5,/data/home/llim/FMPCC/FM-PCC/logs/UAV_MIX/uav-corridor/plans/mix_uav_mf/H8_Dmodels.mf_diffusion.MeanFlowODE_9D_dp0.5_bbunet/Emf_K5_mpc4_pid_stopgo_T0.5,6,test,corridor_bounds+dynamics+geo_bounds+halfspace+obstacles,dpcc-c-tightened,dpcc-c,True,corridor,mf,5.0,4.0,pid_stopgo,0.5,,unet,Gen15,5.0,10.0,0.3,best,fm_only,none,cuda,,5.0
59,corridor|mf|K5|bbunet|dp0.5,/data/home/llim/FMPCC/FM-PCC/logs/UAV_MIX/uav-corridor/plans/mix_uav_mf/H8_Dmodels.mf_diffusion.MeanFlowODE_9D_dp0.5_bbunet/Emf_K5_mpc4_pid_stopgo_T0.5,6,test,corridor_bounds+dynamics+geo_bounds+halfspace+obstacles,dpcc-r,dpcc-r,False,corridor,mf,5.0,4.0,pid_stopgo,0.5,,unet,Gen15,5.0,10.0,0.3,best,fm_only,none,cuda,,5.0
59,corridor|mf|K5|bbunet|dp0.5,/data/home/llim/FMPCC/FM-PCC/logs/UAV_MIX/uav-corridor/plans/mix_uav_mf/H8_Dmodels.mf_diffusion.MeanFlowODE_9D_dp0.5_bbunet/Emf_K5_mpc4_pid_stopgo_T0.5,6,test,corridor_bounds+dynamics+geo_bounds+halfspace+obstacles,dpcc-r-tightened,dpcc-r,True,corridor,mf,5.0,4.0,pid_stopgo,0.5,,unet,Gen15,5.0,10.0,0.3,best,fm_only,none,cuda,,5.0
59,corridor|mf|K5|bbunet|dp0.5,/data/home/llim/FMPCC/FM-PCC/logs/UAV_MIX/uav-corridor/plans/mix_uav_mf/H8_Dmodels.mf_diffusion.MeanFlowODE_9D_dp0.5_bbunet/Emf_K5_mpc4_pid_stopgo_T0.5,6,test,corridor_bounds+dynamics+geo_bounds+halfspace+obstacles,dpcc-t,dpcc-t,False,corridor,mf,5.0,4.0,pid_stopgo,0.5,,unet,Gen15,5.0,10.0,0.3,best,fm_only,none,cuda,,5.0
59,corridor|mf|K5|bbunet|dp0.5,/data/home/llim/FMPCC/FM-PCC/logs/UAV_MIX/uav-corridor/plans/mix_uav_mf/H8_Dmodels.mf_diffusion.MeanFlowODE_9D_dp0.5_bbunet/Emf_K5_mpc4_pid_stopgo_T0.5,6,test,corridor_bounds+dynamics+geo_bounds+halfspace+obstacles,dpcc-t-tightened,dpcc-t,True,corridor,mf,5.0,4.0,pid_stopgo,0.5,,unet,Gen15,5.0,10.0,0.3,best,fm_only,none,cuda,,5.0
59,corridor|mf|K5|bbunet|dp0.5,/data/home/llim/FMPCC/FM-PCC/logs/UAV_MIX/uav-corridor/plans/mix_uav_mf/H8_Dmodels.mf_diffusion.MeanFlowODE_9D_dp0.5_bbunet/Emf_K5_mpc4_pid_stopgo_T0.5,6,test,corridor_bounds+dynamics+geo_bounds+halfspace+obstacles,geo_free,geo_free,False,corridor,mf,5.0,4.0,pid_stopgo,0.5,,unet,Gen15,5.0,10.0,0.3,best,fm_only,none,cuda,,5.0
59,corridor|mf|K5|bbunet|dp0.5,/data/home/llim/FMPCC/FM-PCC/logs/UAV_MIX/uav-corridor/plans/mix_uav_mf/H8_Dmodels.mf_diffusion.MeanFlowODE_9D_dp0.5_bbunet/Emf_K5_mpc4_pid_stopgo_T0.5,6,test,corridor_bounds+dynamics+geo_bounds+halfspace+obstacles,geo_free-bounds_free,geo_free-bounds_free,False,corridor,mf,5.0,4.0,pid_stopgo,0.5,,unet,Gen15,5.0,10.0,0.3,best,fm_only,none,cuda,,5.0
59,corridor|mf|K5|bbunet|dp0.5,/data/home/llim/FMPCC/FM-PCC/logs/UAV_MIX/uav-corridor/plans/mix_uav_mf/H8_Dmodels.mf_diffusion.MeanFlowODE_9D_dp0.5_bbunet/Emf_K5_mpc4_pid_stopgo_T0.5,6,test,corridor_bounds+dynamics+geo_bounds+halfspace+obstacles,geo_free-model_free,geo_free-model_free,False,corridor,mf,5.0,4.0,pid_stopgo,0.5,,unet,Gen15,5.0,10.0,0.3,best,fm_only,none,cuda,,5.0
59,corridor|mf|K5|bbunet|dp0.5,/data/home/llim/FMPCC/FM-PCC/logs/UAV_MIX/uav-corridor/plans/mix_uav_mf/H8_Dmodels.mf_diffusion.MeanFlowODE_9D_dp0.5_bbunet/Emf_K5_mpc4_pid_stopgo_T0.5,6,test,corridor_bounds+dynamics+geo_bounds+halfspace+obstacles,gradient,gradient,False,corridor,mf,5.0,4.0,pid_stopgo,0.5,,unet,Gen15,5.0,10.0,0.3,best,fm_only,none,cuda,,5.0
59,corridor|mf|K5|bbunet|dp0.5,/data/home/llim/FMPCC/FM-PCC/logs/UAV_MIX/uav-corridor/plans/mix_uav_mf/H8_Dmodels.mf_diffusion.MeanFlowODE_9D_dp0.5_bbunet/Emf_K5_mpc4_pid_stopgo_T0.5,6,test,corridor_bounds+dynamics+geo_bounds+halfspace+obstacles,gradient-tightened,gradient,True,corridor,mf,5.0,4.0,pid_stopgo,0.5,,unet,Gen15,5.0,10.0,0.3,best,fm_only,none,cuda,,5.0
59,corridor|mf|K5|bbunet|dp0.5,/data/home/llim/FMPCC/FM-PCC/logs/UAV_MIX/uav-corridor/plans/mix_uav_mf/H8_Dmodels.mf_diffusion.MeanFlowODE_9D_dp0.5_bbunet/Emf_K5_mpc4_pid_stopgo_T0.5,6,test,corridor_bounds+dynamics+geo_bounds+halfspace+obstacles,hardflow_new,hardflow_new,False,corridor,mf,5.0,4.0,pid_stopgo,0.5,,unet,Gen15,5.0,10.0,0.3,best,fm_only,none,cuda,,5.0
59,corridor|mf|K5|bbunet|dp0.5,/data/home/llim/FMPCC/FM-PCC/logs/UAV_MIX/uav-corridor/plans/mix_uav_mf/H8_Dmodels.mf_diffusion.MeanFlowODE_9D_dp0.5_bbunet/Emf_K5_mpc4_pid_stopgo_T0.5,6,test,corridor_bounds+dynamics+geo_bounds+halfspace+obstacles,hardflow_new-c,hardflow_new-c,False,corridor,mf,5.0,4.0,pid_stopgo,0.5,,unet,Gen15,5.0,10.0,0.3,best,fm_only,none,cuda,,5.0
59,corridor|mf|K5|bbunet|dp0.5,/data/home/llim/FMPCC/FM-PCC/logs/UAV_MIX/uav-corridor/plans/mix_uav_mf/H8_Dmodels.mf_diffusion.MeanFlowODE_9D_dp0.5_bbunet/Emf_K5_mpc4_pid_stopgo_T0.5,6,test,corridor_bounds+dynamics+geo_bounds+halfspace+obstacles,hardflow_new-t,hardflow_new-t,False,corridor,mf,5.0,4.0,pid_stopgo,0.5,,unet,Gen15,5.0,10.0,0.3,best,fm_only,none,cuda,,5.0
59,corridor|mf|K5|bbunet|dp0.5,/data/home/llim/FMPCC/FM-PCC/logs/UAV_MIX/uav-corridor/plans/mix_uav_mf/H8_Dmodels.mf_diffusion.MeanFlowODE_9D_dp0.5_bbunet/Emf_K5_mpc4_pid_stopgo_T0.5,6,test,corridor_bounds+dynamics+geo_bounds+halfspace+obstacles,model_free,model_free,False,corridor,mf,5.0,4.0,pid_stopgo,0.5,,unet,Gen15,5.0,10.0,0.3,best,fm_only,none,cuda,,5.0
59,corridor|mf|K5|bbunet|dp0.5,/data/home/llim/FMPCC/FM-PCC/logs/UAV_MIX/uav-corridor/plans/mix_uav_mf/H8_Dmodels.mf_diffusion.MeanFlowODE_9D_dp0.5_bbunet/Emf_K5_mpc4_pid_stopgo_T0.5,6,test,corridor_bounds+dynamics+geo_bounds+halfspace+obstacles,model_free-bounds_free,model_free-bounds_free,False,corridor,mf,5.0,4.0,pid_stopgo,0.5,,unet,Gen15,5.0,10.0,0.3,best,fm_only,none,cuda,,5.0
59,corridor|mf|K5|bbunet|dp0.5,/data/home/llim/FMPCC/FM-PCC/logs/UAV_MIX/uav-corridor/plans/mix_uav_mf/H8_Dmodels.mf_diffusion.MeanFlowODE_9D_dp0.5_bbunet/Emf_K5_mpc4_pid_stopgo_T0.5,6,test,corridor_bounds+dynamics+geo_bounds+halfspace+obstacles,model_free-bounds_free-tightened,model_free-bounds_free,True,corridor,mf,5.0,4.0,pid_stopgo,0.5,,unet,Gen15,5.0,10.0,0.3,best,fm_only,none,cuda,,5.0
59,corridor|mf|K5|bbunet|dp0.5,/data/home/llim/FMPCC/FM-PCC/logs/UAV_MIX/uav-corridor/plans/mix_uav_mf/H8_Dmodels.mf_diffusion.MeanFlowODE_9D_dp0.5_bbunet/Emf_K5_mpc4_pid_stopgo_T0.5,6,test,corridor_bounds+dynamics+geo_bounds+halfspace+obstacles,model_free-tightened,model_free,True,corridor,mf,5.0,4.0,pid_stopgo,0.5,,unet,Gen15,5.0,10.0,0.3,best,fm_only,none,cuda,,5.0
59,corridor|mf|K5|bbunet|dp0.5,/data/home/llim/FMPCC/FM-PCC/logs/UAV_MIX/uav-corridor/plans/mix_uav_mf/H8_Dmodels.mf_diffusion.MeanFlowODE_9D_dp0.5_bbunet/Emf_K5_mpc4_pid_stopgo_T0.5,6,test,corridor_bounds+dynamics+geo_bounds+halfspace+obstacles,post_processing,post_processing,False,corridor,mf,5.0,4.0,pid_stopgo,0.5,,unet,Gen15,5.0,10.0,0.3,best,fm_only,none,cuda,,5.0
59,corridor|mf|K5|bbunet|dp0.5,/data/home/llim/FMPCC/FM-PCC/logs/UAV_MIX/uav-corridor/plans/mix_uav_mf/H8_Dmodels.mf_diffusion.MeanFlowODE_9D_dp0.5_bbunet/Emf_K5_mpc4_pid_stopgo_T0.5,6,test,corridor_bounds+dynamics+geo_bounds+halfspace+obstacles,post_processing-tightened,post_processing,True,corridor,mf,5.0,4.0,pid_stopgo,0.5,,unet,Gen15,5.0,10.0,0.3,best,fm_only,none,cuda,,5.0
60,corridor|mf|K5|bbunet|dp0.5|@u17cv2,/data/home/llim/FMPCC/FM-PCC/logs/UAV_MIX/uav-corridor/plans/mix_uav_mf/H8_Dmodels.mf_diffusion.MeanFlowODE_9D_dp0.5_bbunet/Emf_K5_mpc4_pid_stopgo_T0.5_u17cv2,6,test,corridor_cv2s_bounds+dynamics+geo_bounds+halfspace+obstacles,diffuser,diffuser,False,corridor,mf,5.0,4.0,pid_stopgo,0.5,u17cv2,unet,Gen15,5.0,12.0,0.3,,fm_only,none,cuda,,5.0
60,corridor|mf|K5|bbunet|dp0.5|@u17cv2,/data/home/llim/FMPCC/FM-PCC/logs/UAV_MIX/uav-corridor/plans/mix_uav_mf/H8_Dmodels.mf_diffusion.MeanFlowODE_9D_dp0.5_bbunet/Emf_K5_mpc4_pid_stopgo_T0.5_u17cv2,6,test,corridor_cv2s_bounds+dynamics+geo_bounds+halfspace+obstacles,dpcc-c-bounds_free-pdes,dpcc-c-bounds_free-pdes,False,corridor,mf,5.0,4.0,pid_stopgo,0.5,u17cv2,unet,Gen15,5.0,12.0,0.3,,fm_only,none,cuda,,5.0
60,corridor|mf|K5|bbunet|dp0.5|@u17cv2,/data/home/llim/FMPCC/FM-PCC/logs/UAV_MIX/uav-corridor/plans/mix_uav_mf/H8_Dmodels.mf_diffusion.MeanFlowODE_9D_dp0.5_bbunet/Emf_K5_mpc4_pid_stopgo_T0.5_u17cv2,6,test,corridor_cv2s_bounds+dynamics+geo_bounds+halfspace+obstacles,dpcc-c-bounds_free-pdes-tightened,dpcc-c-bounds_free-pdes,True,corridor,mf,5.0,4.0,pid_stopgo,0.5,u17cv2,unet,Gen15,5.0,12.0,0.3,,fm_only,none,cuda,,5.0
60,corridor|mf|K5|bbunet|dp0.5|@u17cv2,/data/home/llim/FMPCC/FM-PCC/logs/UAV_MIX/uav-corridor/plans/mix_uav_mf/H8_Dmodels.mf_diffusion.MeanFlowODE_9D_dp0.5_bbunet/Emf_K5_mpc4_pid_stopgo_T0.5_u17cv2,6,test,corridor_cv2s_bounds+dynamics+geo_bounds+halfspace+obstacles,dpcc-r-bounds_free-pdes-tightened,dpcc-r-bounds_free-pdes,True,corridor,mf,5.0,4.0,pid_stopgo,0.5,u17cv2,unet,Gen15,5.0,12.0,0.3,,fm_only,none,cuda,,5.0
60,corridor|mf|K5|bbunet|dp0.5|@u17cv2,/data/home/llim/FMPCC/FM-PCC/logs/UAV_MIX/uav-corridor/plans/mix_uav_mf/H8_Dmodels.mf_diffusion.MeanFlowODE_9D_dp0.5_bbunet/Emf_K5_mpc4_pid_stopgo_T0.5_u17cv2,6,test,corridor_cv2s_bounds+dynamics+geo_bounds+halfspace+obstacles,dpcc-t-bounds_free-pdes-tightened,dpcc-t-bounds_free-pdes,True,corridor,mf,5.0,4.0,pid_stopgo,0.5,u17cv2,unet,Gen15,5.0,12.0,0.3,,fm_only,none,cuda,,5.0
60,corridor|mf|K5|bbunet|dp0.5|@u17cv2,/data/home/llim/FMPCC/FM-PCC/logs/UAV_MIX/uav-corridor/plans/mix_uav_mf/H8_Dmodels.mf_diffusion.MeanFlowODE_9D_dp0.5_bbunet/Emf_K5_mpc4_pid_stopgo_T0.5_u17cv2,6,test,corridor_cv2s_bounds+dynamics+geo_bounds+halfspace+obstacles,hardflow_sls-bounds_free-pdes-tightened,hardflow_sls-bounds_free-pdes,True,corridor,mf,5.0,4.0,pid_stopgo,0.5,u17cv2,unet,Gen15,5.0,12.0,0.3,,fm_only,none,cuda,,5.0
60,corridor|mf|K5|bbunet|dp0.5|@u17cv2,/data/home/llim/FMPCC/FM-PCC/logs/UAV_MIX/uav-corridor/plans/mix_uav_mf/H8_Dmodels.mf_diffusion.MeanFlowODE_9D_dp0.5_bbunet/Emf_K5_mpc4_pid_stopgo_T0.5_u17cv2,6,test,corridor_cv2s_bounds+dynamics+geo_bounds+halfspace+obstacles,hardflow_sls-c-bounds_free-pdes-tightened,hardflow_sls-c-bounds_free-pdes,True,corridor,mf,5.0,4.0,pid_stopgo,0.5,u17cv2,unet,Gen15,5.0,12.0,0.3,,fm_only,none,cuda,,5.0
60,corridor|mf|K5|bbunet|dp0.5|@u17cv2,/data/home/llim/FMPCC/FM-PCC/logs/UAV_MIX/uav-corridor/plans/mix_uav_mf/H8_Dmodels.mf_diffusion.MeanFlowODE_9D_dp0.5_bbunet/Emf_K5_mpc4_pid_stopgo_T0.5_u17cv2,6,test,corridor_cv2s_bounds+dynamics+geo_bounds+halfspace+obstacles,hardflow_sls-r-bounds_free-pdes-tightened,hardflow_sls-r-bounds_free-pdes,True,corridor,mf,5.0,4.0,pid_stopgo,0.5,u17cv2,unet,Gen15,5.0,12.0,0.3,,fm_only,none,cuda,,5.0
60,corridor|mf|K5|bbunet|dp0.5|@u17cv2,/data/home/llim/FMPCC/FM-PCC/logs/UAV_MIX/uav-corridor/plans/mix_uav_mf/H8_Dmodels.mf_diffusion.MeanFlowODE_9D_dp0.5_bbunet/Emf_K5_mpc4_pid_stopgo_T0.5_u17cv2,6,test,corridor_cv2s_bounds+dynamics+geo_bounds+halfspace+obstacles,hardflow_sls-t-bounds_free-pdes-tightened,hardflow_sls-t-bounds_free-pdes,True,corridor,mf,5.0,4.0,pid_stopgo,0.5,u17cv2,unet,Gen15,5.0,12.0,0.3,,fm_only,none,cuda,,5.0
61,corridor|mf|K5|bbunet|dp0.5|@u7hg,/data/home/llim/FMPCC/FM-PCC/logs/UAV_MIX/uav-corridor/plans/mix_uav_mf/H8_Dmodels.mf_diffusion.MeanFlowODE_9D_dp0.5_bbunet/Emf_K5_mpc4_pid_stopgo_T0.5_u7hg,6,test,corridor_hgb2_bounds+dynamics+geo_bounds+halfspace+obstacles,diffuser,diffuser,False,corridor,mf,5.0,4.0,pid_stopgo,0.5,u7hg,unet,Gen15,5.0,10.0,0.3,,fm_only,none,cuda,,5.0
61,corridor|mf|K5|bbunet|dp0.5|@u7hg,/data/home/llim/FMPCC/FM-PCC/logs/UAV_MIX/uav-corridor/plans/mix_uav_mf/H8_Dmodels.mf_diffusion.MeanFlowODE_9D_dp0.5_bbunet/Emf_K5_mpc4_pid_stopgo_T0.5_u7hg,6,test,corridor_hgb2_bounds+dynamics+geo_bounds+halfspace+obstacles,dpcc-t,dpcc-t,False,corridor,mf,5.0,4.0,pid_stopgo,0.5,u7hg,unet,Gen15,5.0,10.0,0.3,,fm_only,none,cuda,,5.0
61,corridor|mf|K5|bbunet|dp0.5|@u7hg,/data/home/llim/FMPCC/FM-PCC/logs/UAV_MIX/uav-corridor/plans/mix_uav_mf/H8_Dmodels.mf_diffusion.MeanFlowODE_9D_dp0.5_bbunet/Emf_K5_mpc4_pid_stopgo_T0.5_u7hg,6,test,corridor_hgb2_bounds+dynamics+geo_bounds+halfspace+obstacles,dpcc-t-geo_free,dpcc-t-geo_free,False,corridor,mf,5.0,4.0,pid_stopgo,0.5,u7hg,unet,Gen15,5.0,10.0,0.3,,fm_only,none,cuda,,5.0
61,corridor|mf|K5|bbunet|dp0.5|@u7hg,/data/home/llim/FMPCC/FM-PCC/logs/UAV_MIX/uav-corridor/plans/mix_uav_mf/H8_Dmodels.mf_diffusion.MeanFlowODE_9D_dp0.5_bbunet/Emf_K5_mpc4_pid_stopgo_T0.5_u7hg,6,test,corridor_hgb2_bounds+dynamics+geo_bounds+halfspace+obstacles,dpcc-t-tightened,dpcc-t,True,corridor,mf,5.0,4.0,pid_stopgo,0.5,u7hg,unet,Gen15,5.0,10.0,0.3,,fm_only,none,cuda,,5.0
61,corridor|mf|K5|bbunet|dp0.5|@u7hg,/data/home/llim/FMPCC/FM-PCC/logs/UAV_MIX/uav-corridor/plans/mix_uav_mf/H8_Dmodels.mf_diffusion.MeanFlowODE_9D_dp0.5_bbunet/Emf_K5_mpc4_pid_stopgo_T0.5_u7hg,6,test,corridor_hgb2_bounds+dynamics+geo_bounds+halfspace+obstacles,hardflow_sls,hardflow_sls,False,corridor,mf,5.0,4.0,pid_stopgo,0.5,u7hg,unet,Gen15,5.0,10.0,0.3,,fm_only,none,cuda,,5.0
61,corridor|mf|K5|bbunet|dp0.5|@u7hg,/data/home/llim/FMPCC/FM-PCC/logs/UAV_MIX/uav-corridor/plans/mix_uav_mf/H8_Dmodels.mf_diffusion.MeanFlowODE_9D_dp0.5_bbunet/Emf_K5_mpc4_pid_stopgo_T0.5_u7hg,6,test,corridor_hgb2_bounds+dynamics+geo_bounds+halfspace+obstacles,hardflow_sls-t,hardflow_sls-t,False,corridor,mf,5.0,4.0,pid_stopgo,0.5,u7hg,unet,Gen15,5.0,10.0,0.3,,fm_only,none,cuda,,5.0
61,corridor|mf|K5|bbunet|dp0.5|@u7hg,/data/home/llim/FMPCC/FM-PCC/logs/UAV_MIX/uav-corridor/plans/mix_uav_mf/H8_Dmodels.mf_diffusion.MeanFlowODE_9D_dp0.5_bbunet/Emf_K5_mpc4_pid_stopgo_T0.5_u7hg,6,test,corridor_hgb2_bounds+dynamics+geo_bounds+halfspace+obstacles,hardflow_sls-t-geo_free,hardflow_sls-t-geo_free,False,corridor,mf,5.0,4.0,pid_stopgo,0.5,u7hg,unet,Gen15,5.0,10.0,0.3,,fm_only,none,cuda,,5.0
61,corridor|mf|K5|bbunet|dp0.5|@u7hg,/data/home/llim/FMPCC/FM-PCC/logs/UAV_MIX/uav-corridor/plans/mix_uav_mf/H8_Dmodels.mf_diffusion.MeanFlowODE_9D_dp0.5_bbunet/Emf_K5_mpc4_pid_stopgo_T0.5_u7hg,6,test,corridor_hgb_bounds+dynamics+geo_bounds+halfspace+obstacles,diffuser,diffuser,False,corridor,mf,5.0,4.0,pid_stopgo,0.5,u7hg,unet,Gen15,5.0,10.0,0.3,,fm_only,none,cuda,,5.0
61,corridor|mf|K5|bbunet|dp0.5|@u7hg,/data/home/llim/FMPCC/FM-PCC/logs/UAV_MIX/uav-corridor/plans/mix_uav_mf/H8_Dmodels.mf_diffusion.MeanFlowODE_9D_dp0.5_bbunet/Emf_K5_mpc4_pid_stopgo_T0.5_u7hg,6,test,corridor_hgb_bounds+dynamics+geo_bounds+halfspace+obstacles,dpcc-t,dpcc-t,False,corridor,mf,5.0,4.0,pid_stopgo,0.5,u7hg,unet,Gen15,5.0,10.0,0.3,,fm_only,none,cuda,,5.0
61,corridor|mf|K5|bbunet|dp0.5|@u7hg,/data/home/llim/FMPCC/FM-PCC/logs/UAV_MIX/uav-corridor/plans/mix_uav_mf/H8_Dmodels.mf_diffusion.MeanFlowODE_9D_dp0.5_bbunet/Emf_K5_mpc4_pid_stopgo_T0.5_u7hg,6,test,corridor_hgb_bounds+dynamics+geo_bounds+halfspace+obstacles,dpcc-t-geo_free,dpcc-t-geo_free,False,corridor,mf,5.0,4.0,pid_stopgo,0.5,u7hg,unet,Gen15,5.0,10.0,0.3,,fm_only,none,cuda,,5.0
61,corridor|mf|K5|bbunet|dp0.5|@u7hg,/data/home/llim/FMPCC/FM-PCC/logs/UAV_MIX/uav-corridor/plans/mix_uav_mf/H8_Dmodels.mf_diffusion.MeanFlowODE_9D_dp0.5_bbunet/Emf_K5_mpc4_pid_stopgo_T0.5_u7hg,6,test,corridor_hgb_bounds+dynamics+geo_bounds+halfspace+obstacles,dpcc-t-tightened,dpcc-t,True,corridor,mf,5.0,4.0,pid_stopgo,0.5,u7hg,unet,Gen15,5.0,10.0,0.3,,fm_only,none,cuda,,5.0
61,corridor|mf|K5|bbunet|dp0.5|@u7hg,/data/home/llim/FMPCC/FM-PCC/logs/UAV_MIX/uav-corridor/plans/mix_uav_mf/H8_Dmodels.mf_diffusion.MeanFlowODE_9D_dp0.5_bbunet/Emf_K5_mpc4_pid_stopgo_T0.5_u7hg,6,test,corridor_hgb_bounds+dynamics+geo_bounds+halfspace+obstacles,hardflow_sls,hardflow_sls,False,corridor,mf,5.0,4.0,pid_stopgo,0.5,u7hg,unet,Gen15,5.0,10.0,0.3,,fm_only,none,cuda,,5.0
61,corridor|mf|K5|bbunet|dp0.5|@u7hg,/data/home/llim/FMPCC/FM-PCC/logs/UAV_MIX/uav-corridor/plans/mix_uav_mf/H8_Dmodels.mf_diffusion.MeanFlowODE_9D_dp0.5_bbunet/Emf_K5_mpc4_pid_stopgo_T0.5_u7hg,6,test,corridor_hgb_bounds+dynamics+geo_bounds+halfspace+obstacles,hardflow_sls-t,hardflow_sls-t,False,corridor,mf,5.0,4.0,pid_stopgo,0.5,u7hg,unet,Gen15,5.0,10.0,0.3,,fm_only,none,cuda,,5.0
61,corridor|mf|K5|bbunet|dp0.5|@u7hg,/data/home/llim/FMPCC/FM-PCC/logs/UAV_MIX/uav-corridor/plans/mix_uav_mf/H8_Dmodels.mf_diffusion.MeanFlowODE_9D_dp0.5_bbunet/Emf_K5_mpc4_pid_stopgo_T0.5_u7hg,6,test,corridor_hgb_bounds+dynamics+geo_bounds+halfspace+obstacles,hardflow_sls-t-geo_free,hardflow_sls-t-geo_free,False,corridor,mf,5.0,4.0,pid_stopgo,0.5,u7hg,unet,Gen15,5.0,10.0,0.3,,fm_only,none,cuda,,5.0
61,corridor|mf|K5|bbunet|dp0.5|@u7hg,/data/home/llim/FMPCC/FM-PCC/logs/UAV_MIX/uav-corridor/plans/mix_uav_mf/H8_Dmodels.mf_diffusion.MeanFlowODE_9D_dp0.5_bbunet/Emf_K5_mpc4_pid_stopgo_T0.5_u7hg,6,test,corridor_hgg_bounds+dynamics+geo_bounds+halfspace+obstacles,diffuser,diffuser,False,corridor,mf,5.0,4.0,pid_stopgo,0.5,u7hg,unet,Gen15,5.0,10.0,0.3,,fm_only,none,cuda,,5.0
61,corridor|mf|K5|bbunet|dp0.5|@u7hg,/data/home/llim/FMPCC/FM-PCC/logs/UAV_MIX/uav-corridor/plans/mix_uav_mf/H8_Dmodels.mf_diffusion.MeanFlowODE_9D_dp0.5_bbunet/Emf_K5_mpc4_pid_stopgo_T0.5_u7hg,6,test,corridor_hgg_bounds+dynamics+geo_bounds+halfspace+obstacles,dpcc-c,dpcc-c,False,corridor,mf,5.0,4.0,pid_stopgo,0.5,u7hg,unet,Gen15,5.0,10.0,0.3,,fm_only,none,cuda,,5.0
61,corridor|mf|K5|bbunet|dp0.5|@u7hg,/data/home/llim/FMPCC/FM-PCC/logs/UAV_MIX/uav-corridor/plans/mix_uav_mf/H8_Dmodels.mf_diffusion.MeanFlowODE_9D_dp0.5_bbunet/Emf_K5_mpc4_pid_stopgo_T0.5_u7hg,6,test,corridor_hgg_bounds+dynamics+geo_bounds+halfspace+obstacles,dpcc-r,dpcc-r,False,corridor,mf,5.0,4.0,pid_stopgo,0.5,u7hg,unet,Gen15,5.0,10.0,0.3,,fm_only,none,cuda,,5.0
61,corridor|mf|K5|bbunet|dp0.5|@u7hg,/data/home/llim/FMPCC/FM-PCC/logs/UAV_MIX/uav-corridor/plans/mix_uav_mf/H8_Dmodels.mf_diffusion.MeanFlowODE_9D_dp0.5_bbunet/Emf_K5_mpc4_pid_stopgo_T0.5_u7hg,6,test,corridor_hgg_bounds+dynamics+geo_bounds+halfspace+obstacles,dpcc-t,dpcc-t,False,corridor,mf,5.0,4.0,pid_stopgo,0.5,u7hg,unet,Gen15,5.0,10.0,0.3,,fm_only,none,cuda,,5.0
61,corridor|mf|K5|bbunet|dp0.5|@u7hg,/data/home/llim/FMPCC/FM-PCC/logs/UAV_MIX/uav-corridor/plans/mix_uav_mf/H8_Dmodels.mf_diffusion.MeanFlowODE_9D_dp0.5_bbunet/Emf_K5_mpc4_pid_stopgo_T0.5_u7hg,6,test,corridor_hgg_bounds+dynamics+geo_bounds+halfspace+obstacles,dpcc-t-bounds_free,dpcc-t-bounds_free,False,corridor,mf,5.0,4.0,pid_stopgo,0.5,u7hg,unet,Gen15,5.0,10.0,0.3,,fm_only,none,cuda,,5.0
61,corridor|mf|K5|bbunet|dp0.5|@u7hg,/data/home/llim/FMPCC/FM-PCC/logs/UAV_MIX/uav-corridor/plans/mix_uav_mf/H8_Dmodels.mf_diffusion.MeanFlowODE_9D_dp0.5_bbunet/Emf_K5_mpc4_pid_stopgo_T0.5_u7hg,6,test,corridor_hgg_bounds+dynamics+geo_bounds+halfspace+obstacles,dpcc-t-geo_free,dpcc-t-geo_free,False,corridor,mf,5.0,4.0,pid_stopgo,0.5,u7hg,unet,Gen15,5.0,10.0,0.3,,fm_only,none,cuda,,5.0
61,corridor|mf|K5|bbunet|dp0.5|@u7hg,/data/home/llim/FMPCC/FM-PCC/logs/UAV_MIX/uav-corridor/plans/mix_uav_mf/H8_Dmodels.mf_diffusion.MeanFlowODE_9D_dp0.5_bbunet/Emf_K5_mpc4_pid_stopgo_T0.5_u7hg,6,test,corridor_hgg_bounds+dynamics+geo_bounds+halfspace+obstacles,dpcc-t-tightened,dpcc-t,True,corridor,mf,5.0,4.0,pid_stopgo,0.5,u7hg,unet,Gen15,5.0,10.0,0.3,,fm_only,none,cuda,,5.0
62,pillars|af|K1|bbunet|@EPlatest_u6unet_ae02,/data/home/llim/FMPCC/FM-PCC/logs/UAV_MIX/uav-pillars/plans/mix_uav_af/H8_Dmodels.af_diffusion.AlphaFlowODE_9D_as1_ae0.2_bbunet/Eaf_K1_mpc4_pid_stopgo_T0.5_EPlatest_u6unet_ae02,6,test,pillars_bounds+dynamics+geo_bounds+obstacles,diffuser,diffuser,False,pillars,af,1.0,4.0,pid_stopgo,0.5,EPlatest_u6unet_ae02,unet,Gen15,1.0,10.0,0.3,,fm_only,none,cuda,,1.0
62,pillars|af|K1|bbunet|@EPlatest_u6unet_ae02,/data/home/llim/FMPCC/FM-PCC/logs/UAV_MIX/uav-pillars/plans/mix_uav_af/H8_Dmodels.af_diffusion.AlphaFlowODE_9D_as1_ae0.2_bbunet/Eaf_K1_mpc4_pid_stopgo_T0.5_EPlatest_u6unet_ae02,6,test,pillars_bounds+dynamics+geo_bounds+obstacles,dpcc-c,dpcc-c,False,pillars,af,1.0,4.0,pid_stopgo,0.5,EPlatest_u6unet_ae02,unet,Gen15,1.0,10.0,0.3,,fm_only,none,cuda,,1.0
62,pillars|af|K1|bbunet|@EPlatest_u6unet_ae02,/data/home/llim/FMPCC/FM-PCC/logs/UAV_MIX/uav-pillars/plans/mix_uav_af/H8_Dmodels.af_diffusion.AlphaFlowODE_9D_as1_ae0.2_bbunet/Eaf_K1_mpc4_pid_stopgo_T0.5_EPlatest_u6unet_ae02,6,test,pillars_bounds+dynamics+geo_bounds+obstacles,dpcc-c-geo_free,dpcc-c-geo_free,False,pillars,af,1.0,4.0,pid_stopgo,0.5,EPlatest_u6unet_ae02,unet,Gen15,1.0,10.0,0.3,,fm_only,none,cuda,,1.0
62,pillars|af|K1|bbunet|@EPlatest_u6unet_ae02,/data/home/llim/FMPCC/FM-PCC/logs/UAV_MIX/uav-pillars/plans/mix_uav_af/H8_Dmodels.af_diffusion.AlphaFlowODE_9D_as1_ae0.2_bbunet/Eaf_K1_mpc4_pid_stopgo_T0.5_EPlatest_u6unet_ae02,6,test,pillars_bounds+dynamics+geo_bounds+obstacles,dpcc-c-tightened,dpcc-c,True,pillars,af,1.0,4.0,pid_stopgo,0.5,EPlatest_u6unet_ae02,unet,Gen15,1.0,10.0,0.3,,fm_only,none,cuda,,1.0
62,pillars|af|K1|bbunet|@EPlatest_u6unet_ae02,/data/home/llim/FMPCC/FM-PCC/logs/UAV_MIX/uav-pillars/plans/mix_uav_af/H8_Dmodels.af_diffusion.AlphaFlowODE_9D_as1_ae0.2_bbunet/Eaf_K1_mpc4_pid_stopgo_T0.5_EPlatest_u6unet_ae02,6,test,pillars_bounds+dynamics+geo_bounds+obstacles,dpcc-r,dpcc-r,False,pillars,af,1.0,4.0,pid_stopgo,0.5,EPlatest_u6unet_ae02,unet,Gen15,1.0,10.0,0.3,,fm_only,none,cuda,,1.0
62,pillars|af|K1|bbunet|@EPlatest_u6unet_ae02,/data/home/llim/FMPCC/FM-PCC/logs/UAV_MIX/uav-pillars/plans/mix_uav_af/H8_Dmodels.af_diffusion.AlphaFlowODE_9D_as1_ae0.2_bbunet/Eaf_K1_mpc4_pid_stopgo_T0.5_EPlatest_u6unet_ae02,6,test,pillars_bounds+dynamics+geo_bounds+obstacles,dpcc-r-geo_free,dpcc-r-geo_free,False,pillars,af,1.0,4.0,pid_stopgo,0.5,EPlatest_u6unet_ae02,unet,Gen15,1.0,10.0,0.3,,fm_only,none,cuda,,1.0
62,pillars|af|K1|bbunet|@EPlatest_u6unet_ae02,/data/home/llim/FMPCC/FM-PCC/logs/UAV_MIX/uav-pillars/plans/mix_uav_af/H8_Dmodels.af_diffusion.AlphaFlowODE_9D_as1_ae0.2_bbunet/Eaf_K1_mpc4_pid_stopgo_T0.5_EPlatest_u6unet_ae02,6,test,pillars_bounds+dynamics+geo_bounds+obstacles,dpcc-r-tightened,dpcc-r,True,pillars,af,1.0,4.0,pid_stopgo,0.5,EPlatest_u6unet_ae02,unet,Gen15,1.0,10.0,0.3,,fm_only,none,cuda,,1.0
62,pillars|af|K1|bbunet|@EPlatest_u6unet_ae02,/data/home/llim/FMPCC/FM-PCC/logs/UAV_MIX/uav-pillars/plans/mix_uav_af/H8_Dmodels.af_diffusion.AlphaFlowODE_9D_as1_ae0.2_bbunet/Eaf_K1_mpc4_pid_stopgo_T0.5_EPlatest_u6unet_ae02,6,test,pillars_bounds+dynamics+geo_bounds+obstacles,dpcc-t,dpcc-t,False,pillars,af,1.0,4.0,pid_stopgo,0.5,EPlatest_u6unet_ae02,unet,Gen15,1.0,10.0,0.3,,fm_only,none,cuda,,1.0
62,pillars|af|K1|bbunet|@EPlatest_u6unet_ae02,/data/home/llim/FMPCC/FM-PCC/logs/UAV_MIX/uav-pillars/plans/mix_uav_af/H8_Dmodels.af_diffusion.AlphaFlowODE_9D_as1_ae0.2_bbunet/Eaf_K1_mpc4_pid_stopgo_T0.5_EPlatest_u6unet_ae02,6,test,pillars_bounds+dynamics+geo_bounds+obstacles,dpcc-t-geo_free,dpcc-t-geo_free,False,pillars,af,1.0,4.0,pid_stopgo,0.5,EPlatest_u6unet_ae02,unet,Gen15,1.0,10.0,0.3,,fm_only,none,cuda,,1.0
62,pillars|af|K1|bbunet|@EPlatest_u6unet_ae02,/data/home/llim/FMPCC/FM-PCC/logs/UAV_MIX/uav-pillars/plans/mix_uav_af/H8_Dmodels.af_diffusion.AlphaFlowODE_9D_as1_ae0.2_bbunet/Eaf_K1_mpc4_pid_stopgo_T0.5_EPlatest_u6unet_ae02,6,test,pillars_bounds+dynamics+geo_bounds+obstacles,dpcc-t-tightened,dpcc-t,True,pillars,af,1.0,4.0,pid_stopgo,0.5,EPlatest_u6unet_ae02,unet,Gen15,1.0,10.0,0.3,,fm_only,none,cuda,,1.0
63,pillars|af|K1|bbunet|@EPlatest_u7hg,/data/home/llim/FMPCC/FM-PCC/logs/UAV_MIX/uav-pillars/plans/mix_uav_af/H8_Dmodels.af_diffusion.AlphaFlowODE_9D_as1_ae0.2_bbunet/Eaf_K1_mpc4_pid_stopgo_T0.5_EPlatest_u7hg,6,test,pillars_hg_bounds+dynamics+geo_bounds+obstacles,diffuser,diffuser,False,pillars,af,1.0,4.0,pid_stopgo,0.5,EPlatest_u7hg,unet,Gen15,1.0,10.0,0.3,,fm_only,none,cuda,,1.0
63,pillars|af|K1|bbunet|@EPlatest_u7hg,/data/home/llim/FMPCC/FM-PCC/logs/UAV_MIX/uav-pillars/plans/mix_uav_af/H8_Dmodels.af_diffusion.AlphaFlowODE_9D_as1_ae0.2_bbunet/Eaf_K1_mpc4_pid_stopgo_T0.5_EPlatest_u7hg,6,test,pillars_hg_bounds+dynamics+geo_bounds+obstacles,dpcc-c,dpcc-c,False,pillars,af,1.0,4.0,pid_stopgo,0.5,EPlatest_u7hg,unet,Gen15,1.0,10.0,0.3,,fm_only,none,cuda,,1.0
63,pillars|af|K1|bbunet|@EPlatest_u7hg,/data/home/llim/FMPCC/FM-PCC/logs/UAV_MIX/uav-pillars/plans/mix_uav_af/H8_Dmodels.af_diffusion.AlphaFlowODE_9D_as1_ae0.2_bbunet/Eaf_K1_mpc4_pid_stopgo_T0.5_EPlatest_u7hg,6,test,pillars_hg_bounds+dynamics+geo_bounds+obstacles,dpcc-c-geo_free,dpcc-c-geo_free,False,pillars,af,1.0,4.0,pid_stopgo,0.5,EPlatest_u7hg,unet,Gen15,1.0,10.0,0.3,,fm_only,none,cuda,,1.0
63,pillars|af|K1|bbunet|@EPlatest_u7hg,/data/home/llim/FMPCC/FM-PCC/logs/UAV_MIX/uav-pillars/plans/mix_uav_af/H8_Dmodels.af_diffusion.AlphaFlowODE_9D_as1_ae0.2_bbunet/Eaf_K1_mpc4_pid_stopgo_T0.5_EPlatest_u7hg,6,test,pillars_hg_bounds+dynamics+geo_bounds+obstacles,dpcc-c-tightened,dpcc-c,True,pillars,af,1.0,4.0,pid_stopgo,0.5,EPlatest_u7hg,unet,Gen15,1.0,10.0,0.3,,fm_only,none,cuda,,1.0
63,pillars|af|K1|bbunet|@EPlatest_u7hg,/data/home/llim/FMPCC/FM-PCC/logs/UAV_MIX/uav-pillars/plans/mix_uav_af/H8_Dmodels.af_diffusion.AlphaFlowODE_9D_as1_ae0.2_bbunet/Eaf_K1_mpc4_pid_stopgo_T0.5_EPlatest_u7hg,6,test,pillars_hg_bounds+dynamics+geo_bounds+obstacles,dpcc-r,dpcc-r,False,pillars,af,1.0,4.0,pid_stopgo,0.5,EPlatest_u7hg,unet,Gen15,1.0,10.0,0.3,,fm_only,none,cuda,,1.0
63,pillars|af|K1|bbunet|@EPlatest_u7hg,/data/home/llim/FMPCC/FM-PCC/logs/UAV_MIX/uav-pillars/plans/mix_uav_af/H8_Dmodels.af_diffusion.AlphaFlowODE_9D_as1_ae0.2_bbunet/Eaf_K1_mpc4_pid_stopgo_T0.5_EPlatest_u7hg,6,test,pillars_hg_bounds+dynamics+geo_bounds+obstacles,dpcc-r-geo_free,dpcc-r-geo_free,False,pillars,af,1.0,4.0,pid_stopgo,0.5,EPlatest_u7hg,unet,Gen15,1.0,10.0,0.3,,fm_only,none,cuda,,1.0
63,pillars|af|K1|bbunet|@EPlatest_u7hg,/data/home/llim/FMPCC/FM-PCC/logs/UAV_MIX/uav-pillars/plans/mix_uav_af/H8_Dmodels.af_diffusion.AlphaFlowODE_9D_as1_ae0.2_bbunet/Eaf_K1_mpc4_pid_stopgo_T0.5_EPlatest_u7hg,6,test,pillars_hg_bounds+dynamics+geo_bounds+obstacles,dpcc-r-tightened,dpcc-r,True,pillars,af,1.0,4.0,pid_stopgo,0.5,EPlatest_u7hg,unet,Gen15,1.0,10.0,0.3,,fm_only,none,cuda,,1.0
63,pillars|af|K1|bbunet|@EPlatest_u7hg,/data/home/llim/FMPCC/FM-PCC/logs/UAV_MIX/uav-pillars/plans/mix_uav_af/H8_Dmodels.af_diffusion.AlphaFlowODE_9D_as1_ae0.2_bbunet/Eaf_K1_mpc4_pid_stopgo_T0.5_EPlatest_u7hg,6,test,pillars_hg_bounds+dynamics+geo_bounds+obstacles,dpcc-t,dpcc-t,False,pillars,af,1.0,4.0,pid_stopgo,0.5,EPlatest_u7hg,unet,Gen15,1.0,10.0,0.3,,fm_only,none,cuda,,1.0
63,pillars|af|K1|bbunet|@EPlatest_u7hg,/data/home/llim/FMPCC/FM-PCC/logs/UAV_MIX/uav-pillars/plans/mix_uav_af/H8_Dmodels.af_diffusion.AlphaFlowODE_9D_as1_ae0.2_bbunet/Eaf_K1_mpc4_pid_stopgo_T0.5_EPlatest_u7hg,6,test,pillars_hg_bounds+dynamics+geo_bounds+obstacles,dpcc-t-geo_free,dpcc-t-geo_free,False,pillars,af,1.0,4.0,pid_stopgo,0.5,EPlatest_u7hg,unet,Gen15,1.0,10.0,0.3,,fm_only,none,cuda,,1.0
63,pillars|af|K1|bbunet|@EPlatest_u7hg,/data/home/llim/FMPCC/FM-PCC/logs/UAV_MIX/uav-pillars/plans/mix_uav_af/H8_Dmodels.af_diffusion.AlphaFlowODE_9D_as1_ae0.2_bbunet/Eaf_K1_mpc4_pid_stopgo_T0.5_EPlatest_u7hg,6,test,pillars_hg_bounds+dynamics+geo_bounds+obstacles,dpcc-t-tightened,dpcc-t,True,pillars,af,1.0,4.0,pid_stopgo,0.5,EPlatest_u7hg,unet,Gen15,1.0,10.0,0.3,,fm_only,none,cuda,,1.0
64,pillars|af|K2|bbunet|@EPlatest_u6unet_ae02,/data/home/llim/FMPCC/FM-PCC/logs/UAV_MIX/uav-pillars/plans/mix_uav_af/H8_Dmodels.af_diffusion.AlphaFlowODE_9D_as1_ae0.2_bbunet/Eaf_K2_mpc4_pid_stopgo_T0.5_EPlatest_u6unet_ae02,6,test,pillars_bounds+dynamics+geo_bounds+obstacles,diffuser,diffuser,False,pillars,af,2.0,4.0,pid_stopgo,0.5,EPlatest_u6unet_ae02,unet,Gen15,2.0,10.0,0.3,,fm_only,none,cuda,,2.0
64,pillars|af|K2|bbunet|@EPlatest_u6unet_ae02,/data/home/llim/FMPCC/FM-PCC/logs/UAV_MIX/uav-pillars/plans/mix_uav_af/H8_Dmodels.af_diffusion.AlphaFlowODE_9D_as1_ae0.2_bbunet/Eaf_K2_mpc4_pid_stopgo_T0.5_EPlatest_u6unet_ae02,6,test,pillars_bounds+dynamics+geo_bounds+obstacles,dpcc-c,dpcc-c,False,pillars,af,2.0,4.0,pid_stopgo,0.5,EPlatest_u6unet_ae02,unet,Gen15,2.0,10.0,0.3,,fm_only,none,cuda,,2.0
64,pillars|af|K2|bbunet|@EPlatest_u6unet_ae02,/data/home/llim/FMPCC/FM-PCC/logs/UAV_MIX/uav-pillars/plans/mix_uav_af/H8_Dmodels.af_diffusion.AlphaFlowODE_9D_as1_ae0.2_bbunet/Eaf_K2_mpc4_pid_stopgo_T0.5_EPlatest_u6unet_ae02,6,test,pillars_bounds+dynamics+geo_bounds+obstacles,dpcc-c-geo_free,dpcc-c-geo_free,False,pillars,af,2.0,4.0,pid_stopgo,0.5,EPlatest_u6unet_ae02,unet,Gen15,2.0,10.0,0.3,,fm_only,none,cuda,,2.0
64,pillars|af|K2|bbunet|@EPlatest_u6unet_ae02,/data/home/llim/FMPCC/FM-PCC/logs/UAV_MIX/uav-pillars/plans/mix_uav_af/H8_Dmodels.af_diffusion.AlphaFlowODE_9D_as1_ae0.2_bbunet/Eaf_K2_mpc4_pid_stopgo_T0.5_EPlatest_u6unet_ae02,6,test,pillars_bounds+dynamics+geo_bounds+obstacles,dpcc-c-tightened,dpcc-c,True,pillars,af,2.0,4.0,pid_stopgo,0.5,EPlatest_u6unet_ae02,unet,Gen15,2.0,10.0,0.3,,fm_only,none,cuda,,2.0
64,pillars|af|K2|bbunet|@EPlatest_u6unet_ae02,/data/home/llim/FMPCC/FM-PCC/logs/UAV_MIX/uav-pillars/plans/mix_uav_af/H8_Dmodels.af_diffusion.AlphaFlowODE_9D_as1_ae0.2_bbunet/Eaf_K2_mpc4_pid_stopgo_T0.5_EPlatest_u6unet_ae02,6,test,pillars_bounds+dynamics+geo_bounds+obstacles,dpcc-r,dpcc-r,False,pillars,af,2.0,4.0,pid_stopgo,0.5,EPlatest_u6unet_ae02,unet,Gen15,2.0,10.0,0.3,,fm_only,none,cuda,,2.0
64,pillars|af|K2|bbunet|@EPlatest_u6unet_ae02,/data/home/llim/FMPCC/FM-PCC/logs/UAV_MIX/uav-pillars/plans/mix_uav_af/H8_Dmodels.af_diffusion.AlphaFlowODE_9D_as1_ae0.2_bbunet/Eaf_K2_mpc4_pid_stopgo_T0.5_EPlatest_u6unet_ae02,6,test,pillars_bounds+dynamics+geo_bounds+obstacles,dpcc-r-geo_free,dpcc-r-geo_free,False,pillars,af,2.0,4.0,pid_stopgo,0.5,EPlatest_u6unet_ae02,unet,Gen15,2.0,10.0,0.3,,fm_only,none,cuda,,2.0
64,pillars|af|K2|bbunet|@EPlatest_u6unet_ae02,/data/home/llim/FMPCC/FM-PCC/logs/UAV_MIX/uav-pillars/plans/mix_uav_af/H8_Dmodels.af_diffusion.AlphaFlowODE_9D_as1_ae0.2_bbunet/Eaf_K2_mpc4_pid_stopgo_T0.5_EPlatest_u6unet_ae02,6,test,pillars_bounds+dynamics+geo_bounds+obstacles,dpcc-r-tightened,dpcc-r,True,pillars,af,2.0,4.0,pid_stopgo,0.5,EPlatest_u6unet_ae02,unet,Gen15,2.0,10.0,0.3,,fm_only,none,cuda,,2.0
64,pillars|af|K2|bbunet|@EPlatest_u6unet_ae02,/data/home/llim/FMPCC/FM-PCC/logs/UAV_MIX/uav-pillars/plans/mix_uav_af/H8_Dmodels.af_diffusion.AlphaFlowODE_9D_as1_ae0.2_bbunet/Eaf_K2_mpc4_pid_stopgo_T0.5_EPlatest_u6unet_ae02,6,test,pillars_bounds+dynamics+geo_bounds+obstacles,dpcc-t,dpcc-t,False,pillars,af,2.0,4.0,pid_stopgo,0.5,EPlatest_u6unet_ae02,unet,Gen15,2.0,10.0,0.3,,fm_only,none,cuda,,2.0
64,pillars|af|K2|bbunet|@EPlatest_u6unet_ae02,/data/home/llim/FMPCC/FM-PCC/logs/UAV_MIX/uav-pillars/plans/mix_uav_af/H8_Dmodels.af_diffusion.AlphaFlowODE_9D_as1_ae0.2_bbunet/Eaf_K2_mpc4_pid_stopgo_T0.5_EPlatest_u6unet_ae02,6,test,pillars_bounds+dynamics+geo_bounds+obstacles,dpcc-t-geo_free,dpcc-t-geo_free,False,pillars,af,2.0,4.0,pid_stopgo,0.5,EPlatest_u6unet_ae02,unet,Gen15,2.0,10.0,0.3,,fm_only,none,cuda,,2.0
64,pillars|af|K2|bbunet|@EPlatest_u6unet_ae02,/data/home/llim/FMPCC/FM-PCC/logs/UAV_MIX/uav-pillars/plans/mix_uav_af/H8_Dmodels.af_diffusion.AlphaFlowODE_9D_as1_ae0.2_bbunet/Eaf_K2_mpc4_pid_stopgo_T0.5_EPlatest_u6unet_ae02,6,test,pillars_bounds+dynamics+geo_bounds+obstacles,dpcc-t-tightened,dpcc-t,True,pillars,af,2.0,4.0,pid_stopgo,0.5,EPlatest_u6unet_ae02,unet,Gen15,2.0,10.0,0.3,,fm_only,none,cuda,,2.0
65,pillars|af|K2|bbunet|@EPlatest_u7hg,/data/home/llim/FMPCC/FM-PCC/logs/UAV_MIX/uav-pillars/plans/mix_uav_af/H8_Dmodels.af_diffusion.AlphaFlowODE_9D_as1_ae0.2_bbunet/Eaf_K2_mpc4_pid_stopgo_T0.5_EPlatest_u7hg,6,test,pillars_hg_bounds+dynamics+geo_bounds+obstacles,diffuser,diffuser,False,pillars,af,2.0,4.0,pid_stopgo,0.5,EPlatest_u7hg,unet,Gen15,2.0,10.0,0.3,,fm_only,none,cuda,,2.0
65,pillars|af|K2|bbunet|@EPlatest_u7hg,/data/home/llim/FMPCC/FM-PCC/logs/UAV_MIX/uav-pillars/plans/mix_uav_af/H8_Dmodels.af_diffusion.AlphaFlowODE_9D_as1_ae0.2_bbunet/Eaf_K2_mpc4_pid_stopgo_T0.5_EPlatest_u7hg,6,test,pillars_hg_bounds+dynamics+geo_bounds+obstacles,dpcc-c,dpcc-c,False,pillars,af,2.0,4.0,pid_stopgo,0.5,EPlatest_u7hg,unet,Gen15,2.0,10.0,0.3,,fm_only,none,cuda,,2.0
65,pillars|af|K2|bbunet|@EPlatest_u7hg,/data/home/llim/FMPCC/FM-PCC/logs/UAV_MIX/uav-pillars/plans/mix_uav_af/H8_Dmodels.af_diffusion.AlphaFlowODE_9D_as1_ae0.2_bbunet/Eaf_K2_mpc4_pid_stopgo_T0.5_EPlatest_u7hg,6,test,pillars_hg_bounds+dynamics+geo_bounds+obstacles,dpcc-c-geo_free,dpcc-c-geo_free,False,pillars,af,2.0,4.0,pid_stopgo,0.5,EPlatest_u7hg,unet,Gen15,2.0,10.0,0.3,,fm_only,none,cuda,,2.0
65,pillars|af|K2|bbunet|@EPlatest_u7hg,/data/home/llim/FMPCC/FM-PCC/logs/UAV_MIX/uav-pillars/plans/mix_uav_af/H8_Dmodels.af_diffusion.AlphaFlowODE_9D_as1_ae0.2_bbunet/Eaf_K2_mpc4_pid_stopgo_T0.5_EPlatest_u7hg,6,test,pillars_hg_bounds+dynamics+geo_bounds+obstacles,dpcc-c-tightened,dpcc-c,True,pillars,af,2.0,4.0,pid_stopgo,0.5,EPlatest_u7hg,unet,Gen15,2.0,10.0,0.3,,fm_only,none,cuda,,2.0
65,pillars|af|K2|bbunet|@EPlatest_u7hg,/data/home/llim/FMPCC/FM-PCC/logs/UAV_MIX/uav-pillars/plans/mix_uav_af/H8_Dmodels.af_diffusion.AlphaFlowODE_9D_as1_ae0.2_bbunet/Eaf_K2_mpc4_pid_stopgo_T0.5_EPlatest_u7hg,6,test,pillars_hg_bounds+dynamics+geo_bounds+obstacles,dpcc-r,dpcc-r,False,pillars,af,2.0,4.0,pid_stopgo,0.5,EPlatest_u7hg,unet,Gen15,2.0,10.0,0.3,,fm_only,none,cuda,,2.0
65,pillars|af|K2|bbunet|@EPlatest_u7hg,/data/home/llim/FMPCC/FM-PCC/logs/UAV_MIX/uav-pillars/plans/mix_uav_af/H8_Dmodels.af_diffusion.AlphaFlowODE_9D_as1_ae0.2_bbunet/Eaf_K2_mpc4_pid_stopgo_T0.5_EPlatest_u7hg,6,test,pillars_hg_bounds+dynamics+geo_bounds+obstacles,dpcc-r-geo_free,dpcc-r-geo_free,False,pillars,af,2.0,4.0,pid_stopgo,0.5,EPlatest_u7hg,unet,Gen15,2.0,10.0,0.3,,fm_only,none,cuda,,2.0
65,pillars|af|K2|bbunet|@EPlatest_u7hg,/data/home/llim/FMPCC/FM-PCC/logs/UAV_MIX/uav-pillars/plans/mix_uav_af/H8_Dmodels.af_diffusion.AlphaFlowODE_9D_as1_ae0.2_bbunet/Eaf_K2_mpc4_pid_stopgo_T0.5_EPlatest_u7hg,6,test,pillars_hg_bounds+dynamics+geo_bounds+obstacles,dpcc-r-tightened,dpcc-r,True,pillars,af,2.0,4.0,pid_stopgo,0.5,EPlatest_u7hg,unet,Gen15,2.0,10.0,0.3,,fm_only,none,cuda,,2.0
65,pillars|af|K2|bbunet|@EPlatest_u7hg,/data/home/llim/FMPCC/FM-PCC/logs/UAV_MIX/uav-pillars/plans/mix_uav_af/H8_Dmodels.af_diffusion.AlphaFlowODE_9D_as1_ae0.2_bbunet/Eaf_K2_mpc4_pid_stopgo_T0.5_EPlatest_u7hg,6,test,pillars_hg_bounds+dynamics+geo_bounds+obstacles,dpcc-t,dpcc-t,False,pillars,af,2.0,4.0,pid_stopgo,0.5,EPlatest_u7hg,unet,Gen15,2.0,10.0,0.3,,fm_only,none,cuda,,2.0
65,pillars|af|K2|bbunet|@EPlatest_u7hg,/data/home/llim/FMPCC/FM-PCC/logs/UAV_MIX/uav-pillars/plans/mix_uav_af/H8_Dmodels.af_diffusion.AlphaFlowODE_9D_as1_ae0.2_bbunet/Eaf_K2_mpc4_pid_stopgo_T0.5_EPlatest_u7hg,6,test,pillars_hg_bounds+dynamics+geo_bounds+obstacles,dpcc-t-geo_free,dpcc-t-geo_free,False,pillars,af,2.0,4.0,pid_stopgo,0.5,EPlatest_u7hg,unet,Gen15,2.0,10.0,0.3,,fm_only,none,cuda,,2.0
65,pillars|af|K2|bbunet|@EPlatest_u7hg,/data/home/llim/FMPCC/FM-PCC/logs/UAV_MIX/uav-pillars/plans/mix_uav_af/H8_Dmodels.af_diffusion.AlphaFlowODE_9D_as1_ae0.2_bbunet/Eaf_K2_mpc4_pid_stopgo_T0.5_EPlatest_u7hg,6,test,pillars_hg_bounds+dynamics+geo_bounds+obstacles,dpcc-t-tightened,dpcc-t,True,pillars,af,2.0,4.0,pid_stopgo,0.5,EPlatest_u7hg,unet,Gen15,2.0,10.0,0.3,,fm_only,none,cuda,,2.0
66,pillars|af|K2|bbunet|@EPlatest_u7hga1,/data/home/llim/FMPCC/FM-PCC/logs/UAV_MIX/uav-pillars/plans/mix_uav_af/H8_Dmodels.af_diffusion.AlphaFlowODE_9D_as1_ae0.2_bbunet/Eaf_K2_mpc4_pid_stopgo_T0.5_EPlatest_u7hga1,6,test,pillars_hg_bounds+dynamics+geo_bounds+obstacles,dpcc-t,dpcc-t,False,pillars,af,2.0,4.0,pid_stopgo,0.5,EPlatest_u7hga1,unet,Gen15,2.0,10.0,0.3,,fm_only,none,cuda,,2.0
66,pillars|af|K2|bbunet|@EPlatest_u7hga1,/data/home/llim/FMPCC/FM-PCC/logs/UAV_MIX/uav-pillars/plans/mix_uav_af/H8_Dmodels.af_diffusion.AlphaFlowODE_9D_as1_ae0.2_bbunet/Eaf_K2_mpc4_pid_stopgo_T0.5_EPlatest_u7hga1,6,test,pillars_hg_bounds+dynamics+geo_bounds+obstacles,hardflow_sls,hardflow_sls,False,pillars,af,2.0,4.0,pid_stopgo,0.5,EPlatest_u7hga1,unet,Gen15,2.0,10.0,0.3,,fm_only,none,cuda,,2.0
66,pillars|af|K2|bbunet|@EPlatest_u7hga1,/data/home/llim/FMPCC/FM-PCC/logs/UAV_MIX/uav-pillars/plans/mix_uav_af/H8_Dmodels.af_diffusion.AlphaFlowODE_9D_as1_ae0.2_bbunet/Eaf_K2_mpc4_pid_stopgo_T0.5_EPlatest_u7hga1,6,test,pillars_hg_bounds+dynamics+geo_bounds+obstacles,hardflow_sls-c,hardflow_sls-c,False,pillars,af,2.0,4.0,pid_stopgo,0.5,EPlatest_u7hga1,unet,Gen15,2.0,10.0,0.3,,fm_only,none,cuda,,2.0
66,pillars|af|K2|bbunet|@EPlatest_u7hga1,/data/home/llim/FMPCC/FM-PCC/logs/UAV_MIX/uav-pillars/plans/mix_uav_af/H8_Dmodels.af_diffusion.AlphaFlowODE_9D_as1_ae0.2_bbunet/Eaf_K2_mpc4_pid_stopgo_T0.5_EPlatest_u7hga1,6,test,pillars_hg_bounds+dynamics+geo_bounds+obstacles,hardflow_sls-r,hardflow_sls-r,False,pillars,af,2.0,4.0,pid_stopgo,0.5,EPlatest_u7hga1,unet,Gen15,2.0,10.0,0.3,,fm_only,none,cuda,,2.0
66,pillars|af|K2|bbunet|@EPlatest_u7hga1,/data/home/llim/FMPCC/FM-PCC/logs/UAV_MIX/uav-pillars/plans/mix_uav_af/H8_Dmodels.af_diffusion.AlphaFlowODE_9D_as1_ae0.2_bbunet/Eaf_K2_mpc4_pid_stopgo_T0.5_EPlatest_u7hga1,6,test,pillars_hg_bounds+dynamics+geo_bounds+obstacles,hardflow_sls-t,hardflow_sls-t,False,pillars,af,2.0,4.0,pid_stopgo,0.5,EPlatest_u7hga1,unet,Gen15,2.0,10.0,0.3,,fm_only,none,cuda,,2.0
67,pillars|af|K5|bbunet|@EPlatest_u7hg,/data/home/llim/FMPCC/FM-PCC/logs/UAV_MIX/uav-pillars/plans/mix_uav_af/H8_Dmodels.af_diffusion.AlphaFlowODE_9D_as1_ae0.2_bbunet/Eaf_K5_mpc4_pid_stopgo_T0.5_EPlatest_u7hg,6,test,pillars_hg_bounds+dynamics+geo_bounds+obstacles,diffuser,diffuser,False,pillars,af,5.0,4.0,pid_stopgo,0.5,EPlatest_u7hg,unet,Gen15,5.0,10.0,0.3,,fm_only,none,cuda,,5.0
67,pillars|af|K5|bbunet|@EPlatest_u7hg,/data/home/llim/FMPCC/FM-PCC/logs/UAV_MIX/uav-pillars/plans/mix_uav_af/H8_Dmodels.af_diffusion.AlphaFlowODE_9D_as1_ae0.2_bbunet/Eaf_K5_mpc4_pid_stopgo_T0.5_EPlatest_u7hg,6,test,pillars_hg_bounds+dynamics+geo_bounds+obstacles,dpcc-c,dpcc-c,False,pillars,af,5.0,4.0,pid_stopgo,0.5,EPlatest_u7hg,unet,Gen15,5.0,10.0,0.3,,fm_only,none,cuda,,5.0
67,pillars|af|K5|bbunet|@EPlatest_u7hg,/data/home/llim/FMPCC/FM-PCC/logs/UAV_MIX/uav-pillars/plans/mix_uav_af/H8_Dmodels.af_diffusion.AlphaFlowODE_9D_as1_ae0.2_bbunet/Eaf_K5_mpc4_pid_stopgo_T0.5_EPlatest_u7hg,6,test,pillars_hg_bounds+dynamics+geo_bounds+obstacles,dpcc-c-geo_free,dpcc-c-geo_free,False,pillars,af,5.0,4.0,pid_stopgo,0.5,EPlatest_u7hg,unet,Gen15,5.0,10.0,0.3,,fm_only,none,cuda,,5.0
67,pillars|af|K5|bbunet|@EPlatest_u7hg,/data/home/llim/FMPCC/FM-PCC/logs/UAV_MIX/uav-pillars/plans/mix_uav_af/H8_Dmodels.af_diffusion.AlphaFlowODE_9D_as1_ae0.2_bbunet/Eaf_K5_mpc4_pid_stopgo_T0.5_EPlatest_u7hg,6,test,pillars_hg_bounds+dynamics+geo_bounds+obstacles,dpcc-c-tightened,dpcc-c,True,pillars,af,5.0,4.0,pid_stopgo,0.5,EPlatest_u7hg,unet,Gen15,5.0,10.0,0.3,,fm_only,none,cuda,,5.0
67,pillars|af|K5|bbunet|@EPlatest_u7hg,/data/home/llim/FMPCC/FM-PCC/logs/UAV_MIX/uav-pillars/plans/mix_uav_af/H8_Dmodels.af_diffusion.AlphaFlowODE_9D_as1_ae0.2_bbunet/Eaf_K5_mpc4_pid_stopgo_T0.5_EPlatest_u7hg,6,test,pillars_hg_bounds+dynamics+geo_bounds+obstacles,dpcc-r,dpcc-r,False,pillars,af,5.0,4.0,pid_stopgo,0.5,EPlatest_u7hg,unet,Gen15,5.0,10.0,0.3,,fm_only,none,cuda,,5.0
67,pillars|af|K5|bbunet|@EPlatest_u7hg,/data/home/llim/FMPCC/FM-PCC/logs/UAV_MIX/uav-pillars/plans/mix_uav_af/H8_Dmodels.af_diffusion.AlphaFlowODE_9D_as1_ae0.2_bbunet/Eaf_K5_mpc4_pid_stopgo_T0.5_EPlatest_u7hg,6,test,pillars_hg_bounds+dynamics+geo_bounds+obstacles,dpcc-r-geo_free,dpcc-r-geo_free,False,pillars,af,5.0,4.0,pid_stopgo,0.5,EPlatest_u7hg,unet,Gen15,5.0,10.0,0.3,,fm_only,none,cuda,,5.0
67,pillars|af|K5|bbunet|@EPlatest_u7hg,/data/home/llim/FMPCC/FM-PCC/logs/UAV_MIX/uav-pillars/plans/mix_uav_af/H8_Dmodels.af_diffusion.AlphaFlowODE_9D_as1_ae0.2_bbunet/Eaf_K5_mpc4_pid_stopgo_T0.5_EPlatest_u7hg,6,test,pillars_hg_bounds+dynamics+geo_bounds+obstacles,dpcc-r-tightened,dpcc-r,True,pillars,af,5.0,4.0,pid_stopgo,0.5,EPlatest_u7hg,unet,Gen15,5.0,10.0,0.3,,fm_only,none,cuda,,5.0
67,pillars|af|K5|bbunet|@EPlatest_u7hg,/data/home/llim/FMPCC/FM-PCC/logs/UAV_MIX/uav-pillars/plans/mix_uav_af/H8_Dmodels.af_diffusion.AlphaFlowODE_9D_as1_ae0.2_bbunet/Eaf_K5_mpc4_pid_stopgo_T0.5_EPlatest_u7hg,6,test,pillars_hg_bounds+dynamics+geo_bounds+obstacles,dpcc-t,dpcc-t,False,pillars,af,5.0,4.0,pid_stopgo,0.5,EPlatest_u7hg,unet,Gen15,5.0,10.0,0.3,,fm_only,none,cuda,,5.0
67,pillars|af|K5|bbunet|@EPlatest_u7hg,/data/home/llim/FMPCC/FM-PCC/logs/UAV_MIX/uav-pillars/plans/mix_uav_af/H8_Dmodels.af_diffusion.AlphaFlowODE_9D_as1_ae0.2_bbunet/Eaf_K5_mpc4_pid_stopgo_T0.5_EPlatest_u7hg,6,test,pillars_hg_bounds+dynamics+geo_bounds+obstacles,dpcc-t-geo_free,dpcc-t-geo_free,False,pillars,af,5.0,4.0,pid_stopgo,0.5,EPlatest_u7hg,unet,Gen15,5.0,10.0,0.3,,fm_only,none,cuda,,5.0
67,pillars|af|K5|bbunet|@EPlatest_u7hg,/data/home/llim/FMPCC/FM-PCC/logs/UAV_MIX/uav-pillars/plans/mix_uav_af/H8_Dmodels.af_diffusion.AlphaFlowODE_9D_as1_ae0.2_bbunet/Eaf_K5_mpc4_pid_stopgo_T0.5_EPlatest_u7hg,6,test,pillars_hg_bounds+dynamics+geo_bounds+obstacles,dpcc-t-tightened,dpcc-t,True,pillars,af,5.0,4.0,pid_stopgo,0.5,EPlatest_u7hg,unet,Gen15,5.0,10.0,0.3,,fm_only,none,cuda,,5.0
67,pillars|af|K5|bbunet|@EPlatest_u7hg,/data/home/llim/FMPCC/FM-PCC/logs/UAV_MIX/uav-pillars/plans/mix_uav_af/H8_Dmodels.af_diffusion.AlphaFlowODE_9D_as1_ae0.2_bbunet/Eaf_K5_mpc4_pid_stopgo_T0.5_EPlatest_u7hg,6,test,pillars_hg_bounds+dynamics+geo_bounds+obstacles,hardflow_sls,hardflow_sls,False,pillars,af,5.0,4.0,pid_stopgo,0.5,EPlatest_u7hg,unet,Gen15,5.0,10.0,0.3,,fm_only,none,cuda,,5.0
67,pillars|af|K5|bbunet|@EPlatest_u7hg,/data/home/llim/FMPCC/FM-PCC/logs/UAV_MIX/uav-pillars/plans/mix_uav_af/H8_Dmodels.af_diffusion.AlphaFlowODE_9D_as1_ae0.2_bbunet/Eaf_K5_mpc4_pid_stopgo_T0.5_EPlatest_u7hg,6,test,pillars_hg_bounds+dynamics+geo_bounds+obstacles,hardflow_sls-c,hardflow_sls-c,False,pillars,af,5.0,4.0,pid_stopgo,0.5,EPlatest_u7hg,unet,Gen15,5.0,10.0,0.3,,fm_only,none,cuda,,5.0
67,pillars|af|K5|bbunet|@EPlatest_u7hg,/data/home/llim/FMPCC/FM-PCC/logs/UAV_MIX/uav-pillars/plans/mix_uav_af/H8_Dmodels.af_diffusion.AlphaFlowODE_9D_as1_ae0.2_bbunet/Eaf_K5_mpc4_pid_stopgo_T0.5_EPlatest_u7hg,6,test,pillars_hg_bounds+dynamics+geo_bounds+obstacles,hardflow_sls-c-geo_free,hardflow_sls-c-geo_free,False,pillars,af,5.0,4.0,pid_stopgo,0.5,EPlatest_u7hg,unet,Gen15,5.0,10.0,0.3,,fm_only,none,cuda,,5.0
67,pillars|af|K5|bbunet|@EPlatest_u7hg,/data/home/llim/FMPCC/FM-PCC/logs/UAV_MIX/uav-pillars/plans/mix_uav_af/H8_Dmodels.af_diffusion.AlphaFlowODE_9D_as1_ae0.2_bbunet/Eaf_K5_mpc4_pid_stopgo_T0.5_EPlatest_u7hg,6,test,pillars_hg_bounds+dynamics+geo_bounds+obstacles,hardflow_sls-r,hardflow_sls-r,False,pillars,af,5.0,4.0,pid_stopgo,0.5,EPlatest_u7hg,unet,Gen15,5.0,10.0,0.3,,fm_only,none,cuda,,5.0
67,pillars|af|K5|bbunet|@EPlatest_u7hg,/data/home/llim/FMPCC/FM-PCC/logs/UAV_MIX/uav-pillars/plans/mix_uav_af/H8_Dmodels.af_diffusion.AlphaFlowODE_9D_as1_ae0.2_bbunet/Eaf_K5_mpc4_pid_stopgo_T0.5_EPlatest_u7hg,6,test,pillars_hg_bounds+dynamics+geo_bounds+obstacles,hardflow_sls-r-geo_free,hardflow_sls-r-geo_free,False,pillars,af,5.0,4.0,pid_stopgo,0.5,EPlatest_u7hg,unet,Gen15,5.0,10.0,0.3,,fm_only,none,cuda,,5.0
67,pillars|af|K5|bbunet|@EPlatest_u7hg,/data/home/llim/FMPCC/FM-PCC/logs/UAV_MIX/uav-pillars/plans/mix_uav_af/H8_Dmodels.af_diffusion.AlphaFlowODE_9D_as1_ae0.2_bbunet/Eaf_K5_mpc4_pid_stopgo_T0.5_EPlatest_u7hg,6,test,pillars_hg_bounds+dynamics+geo_bounds+obstacles,hardflow_sls-t,hardflow_sls-t,False,pillars,af,5.0,4.0,pid_stopgo,0.5,EPlatest_u7hg,unet,Gen15,5.0,10.0,0.3,,fm_only,none,cuda,,5.0
67,pillars|af|K5|bbunet|@EPlatest_u7hg,/data/home/llim/FMPCC/FM-PCC/logs/UAV_MIX/uav-pillars/plans/mix_uav_af/H8_Dmodels.af_diffusion.AlphaFlowODE_9D_as1_ae0.2_bbunet/Eaf_K5_mpc4_pid_stopgo_T0.5_EPlatest_u7hg,6,test,pillars_hg_bounds+dynamics+geo_bounds+obstacles,hardflow_sls-t-geo_free,hardflow_sls-t-geo_free,False,pillars,af,5.0,4.0,pid_stopgo,0.5,EPlatest_u7hg,unet,Gen15,5.0,10.0,0.3,,fm_only,none,cuda,,5.0
68,pillars|af|K1|bbsit,/data/home/llim/FMPCC/FM-PCC/logs/UAV_MIX/uav-pillars/plans/mix_uav_af/H8_Dmodels.af_diffusion.AlphaFlowODE_9D_as1_ae0_bbsit/Eaf_K1_mpc4_pid_stopgo_T0.5,6,test,pillars_bounds+dynamics+geo_bounds+obstacles,diffuser,diffuser,False,pillars,af,1.0,4.0,pid_stopgo,0.5,,sit,Gen15,1.0,10.0,0.3,best,fm_only,none,cuda,,1.0
68,pillars|af|K1|bbsit,/data/home/llim/FMPCC/FM-PCC/logs/UAV_MIX/uav-pillars/plans/mix_uav_af/H8_Dmodels.af_diffusion.AlphaFlowODE_9D_as1_ae0_bbsit/Eaf_K1_mpc4_pid_stopgo_T0.5,6,test,pillars_bounds+dynamics+geo_bounds+obstacles,dpcc-c,dpcc-c,False,pillars,af,1.0,4.0,pid_stopgo,0.5,,sit,Gen15,1.0,10.0,0.3,best,fm_only,none,cuda,,1.0
68,pillars|af|K1|bbsit,/data/home/llim/FMPCC/FM-PCC/logs/UAV_MIX/uav-pillars/plans/mix_uav_af/H8_Dmodels.af_diffusion.AlphaFlowODE_9D_as1_ae0_bbsit/Eaf_K1_mpc4_pid_stopgo_T0.5,6,test,pillars_bounds+dynamics+geo_bounds+obstacles,dpcc-c-geo_free,dpcc-c-geo_free,False,pillars,af,1.0,4.0,pid_stopgo,0.5,,sit,Gen15,1.0,10.0,0.3,best,fm_only,none,cuda,,1.0
68,pillars|af|K1|bbsit,/data/home/llim/FMPCC/FM-PCC/logs/UAV_MIX/uav-pillars/plans/mix_uav_af/H8_Dmodels.af_diffusion.AlphaFlowODE_9D_as1_ae0_bbsit/Eaf_K1_mpc4_pid_stopgo_T0.5,6,test,pillars_bounds+dynamics+geo_bounds+obstacles,dpcc-c-tightened,dpcc-c,True,pillars,af,1.0,4.0,pid_stopgo,0.5,,sit,Gen15,1.0,10.0,0.3,best,fm_only,none,cuda,,1.0
68,pillars|af|K1|bbsit,/data/home/llim/FMPCC/FM-PCC/logs/UAV_MIX/uav-pillars/plans/mix_uav_af/H8_Dmodels.af_diffusion.AlphaFlowODE_9D_as1_ae0_bbsit/Eaf_K1_mpc4_pid_stopgo_T0.5,6,test,pillars_bounds+dynamics+geo_bounds+obstacles,dpcc-r,dpcc-r,False,pillars,af,1.0,4.0,pid_stopgo,0.5,,sit,Gen15,1.0,10.0,0.3,best,fm_only,none,cuda,,1.0
68,pillars|af|K1|bbsit,/data/home/llim/FMPCC/FM-PCC/logs/UAV_MIX/uav-pillars/plans/mix_uav_af/H8_Dmodels.af_diffusion.AlphaFlowODE_9D_as1_ae0_bbsit/Eaf_K1_mpc4_pid_stopgo_T0.5,6,test,pillars_bounds+dynamics+geo_bounds+obstacles,dpcc-r-geo_free,dpcc-r-geo_free,False,pillars,af,1.0,4.0,pid_stopgo,0.5,,sit,Gen15,1.0,10.0,0.3,best,fm_only,none,cuda,,1.0
68,pillars|af|K1|bbsit,/data/home/llim/FMPCC/FM-PCC/logs/UAV_MIX/uav-pillars/plans/mix_uav_af/H8_Dmodels.af_diffusion.AlphaFlowODE_9D_as1_ae0_bbsit/Eaf_K1_mpc4_pid_stopgo_T0.5,6,test,pillars_bounds+dynamics+geo_bounds+obstacles,dpcc-r-tightened,dpcc-r,True,pillars,af,1.0,4.0,pid_stopgo,0.5,,sit,Gen15,1.0,10.0,0.3,best,fm_only,none,cuda,,1.0
68,pillars|af|K1|bbsit,/data/home/llim/FMPCC/FM-PCC/logs/UAV_MIX/uav-pillars/plans/mix_uav_af/H8_Dmodels.af_diffusion.AlphaFlowODE_9D_as1_ae0_bbsit/Eaf_K1_mpc4_pid_stopgo_T0.5,6,test,pillars_bounds+dynamics+geo_bounds+obstacles,dpcc-t,dpcc-t,False,pillars,af,1.0,4.0,pid_stopgo,0.5,,sit,Gen15,1.0,10.0,0.3,best,fm_only,none,cuda,,1.0
68,pillars|af|K1|bbsit,/data/home/llim/FMPCC/FM-PCC/logs/UAV_MIX/uav-pillars/plans/mix_uav_af/H8_Dmodels.af_diffusion.AlphaFlowODE_9D_as1_ae0_bbsit/Eaf_K1_mpc4_pid_stopgo_T0.5,6,test,pillars_bounds+dynamics+geo_bounds+obstacles,dpcc-t-geo_free,dpcc-t-geo_free,False,pillars,af,1.0,4.0,pid_stopgo,0.5,,sit,Gen15,1.0,10.0,0.3,best,fm_only,none,cuda,,1.0
68,pillars|af|K1|bbsit,/data/home/llim/FMPCC/FM-PCC/logs/UAV_MIX/uav-pillars/plans/mix_uav_af/H8_Dmodels.af_diffusion.AlphaFlowODE_9D_as1_ae0_bbsit/Eaf_K1_mpc4_pid_stopgo_T0.5,6,test,pillars_bounds+dynamics+geo_bounds+obstacles,dpcc-t-tightened,dpcc-t,True,pillars,af,1.0,4.0,pid_stopgo,0.5,,sit,Gen15,1.0,10.0,0.3,best,fm_only,none,cuda,,1.0
68,pillars|af|K1|bbsit,/data/home/llim/FMPCC/FM-PCC/logs/UAV_MIX/uav-pillars/plans/mix_uav_af/H8_Dmodels.af_diffusion.AlphaFlowODE_9D_as1_ae0_bbsit/Eaf_K1_mpc4_pid_stopgo_T0.5,6,test,pillars_bounds+dynamics+geo_bounds+obstacles,hardflow_sls,hardflow_sls,False,pillars,af,1.0,4.0,pid_stopgo,0.5,,sit,Gen15,1.0,10.0,0.3,best,fm_only,none,cuda,,1.0
68,pillars|af|K1|bbsit,/data/home/llim/FMPCC/FM-PCC/logs/UAV_MIX/uav-pillars/plans/mix_uav_af/H8_Dmodels.af_diffusion.AlphaFlowODE_9D_as1_ae0_bbsit/Eaf_K1_mpc4_pid_stopgo_T0.5,6,test,pillars_bounds+dynamics+geo_bounds+obstacles,hardflow_sls-c,hardflow_sls-c,False,pillars,af,1.0,4.0,pid_stopgo,0.5,,sit,Gen15,1.0,10.0,0.3,best,fm_only,none,cuda,,1.0
68,pillars|af|K1|bbsit,/data/home/llim/FMPCC/FM-PCC/logs/UAV_MIX/uav-pillars/plans/mix_uav_af/H8_Dmodels.af_diffusion.AlphaFlowODE_9D_as1_ae0_bbsit/Eaf_K1_mpc4_pid_stopgo_T0.5,6,test,pillars_bounds+dynamics+geo_bounds+obstacles,hardflow_sls-c-geo_free,hardflow_sls-c-geo_free,False,pillars,af,1.0,4.0,pid_stopgo,0.5,,sit,Gen15,1.0,10.0,0.3,best,fm_only,none,cuda,,1.0
68,pillars|af|K1|bbsit,/data/home/llim/FMPCC/FM-PCC/logs/UAV_MIX/uav-pillars/plans/mix_uav_af/H8_Dmodels.af_diffusion.AlphaFlowODE_9D_as1_ae0_bbsit/Eaf_K1_mpc4_pid_stopgo_T0.5,6,test,pillars_bounds+dynamics+geo_bounds+obstacles,hardflow_sls-r,hardflow_sls-r,False,pillars,af,1.0,4.0,pid_stopgo,0.5,,sit,Gen15,1.0,10.0,0.3,best,fm_only,none,cuda,,1.0
68,pillars|af|K1|bbsit,/data/home/llim/FMPCC/FM-PCC/logs/UAV_MIX/uav-pillars/plans/mix_uav_af/H8_Dmodels.af_diffusion.AlphaFlowODE_9D_as1_ae0_bbsit/Eaf_K1_mpc4_pid_stopgo_T0.5,6,test,pillars_bounds+dynamics+geo_bounds+obstacles,hardflow_sls-r-geo_free,hardflow_sls-r-geo_free,False,pillars,af,1.0,4.0,pid_stopgo,0.5,,sit,Gen15,1.0,10.0,0.3,best,fm_only,none,cuda,,1.0
68,pillars|af|K1|bbsit,/data/home/llim/FMPCC/FM-PCC/logs/UAV_MIX/uav-pillars/plans/mix_uav_af/H8_Dmodels.af_diffusion.AlphaFlowODE_9D_as1_ae0_bbsit/Eaf_K1_mpc4_pid_stopgo_T0.5,6,test,pillars_bounds+dynamics+geo_bounds+obstacles,hardflow_sls-t,hardflow_sls-t,False,pillars,af,1.0,4.0,pid_stopgo,0.5,,sit,Gen15,1.0,10.0,0.3,best,fm_only,none,cuda,,1.0
68,pillars|af|K1|bbsit,/data/home/llim/FMPCC/FM-PCC/logs/UAV_MIX/uav-pillars/plans/mix_uav_af/H8_Dmodels.af_diffusion.AlphaFlowODE_9D_as1_ae0_bbsit/Eaf_K1_mpc4_pid_stopgo_T0.5,6,test,pillars_bounds+dynamics+geo_bounds+obstacles,hardflow_sls-t-geo_free,hardflow_sls-t-geo_free,False,pillars,af,1.0,4.0,pid_stopgo,0.5,,sit,Gen15,1.0,10.0,0.3,best,fm_only,none,cuda,,1.0
69,pillars|af|K1|bbsit|@u6sitlatest,/data/home/llim/FMPCC/FM-PCC/logs/UAV_MIX/uav-pillars/plans/mix_uav_af/H8_Dmodels.af_diffusion.AlphaFlowODE_9D_as1_ae0_bbsit/Eaf_K1_mpc4_pid_stopgo_T0.5_u6sitlatest,6,test,pillars_bounds+dynamics+geo_bounds+obstacles,diffuser,diffuser,False,pillars,af,1.0,4.0,pid_stopgo,0.5,u6sitlatest,sit,Gen15,1.0,10.0,0.3,best,fm_only,none,cuda,,1.0
69,pillars|af|K1|bbsit|@u6sitlatest,/data/home/llim/FMPCC/FM-PCC/logs/UAV_MIX/uav-pillars/plans/mix_uav_af/H8_Dmodels.af_diffusion.AlphaFlowODE_9D_as1_ae0_bbsit/Eaf_K1_mpc4_pid_stopgo_T0.5_u6sitlatest,6,test,pillars_bounds+dynamics+geo_bounds+obstacles,dpcc-c,dpcc-c,False,pillars,af,1.0,4.0,pid_stopgo,0.5,u6sitlatest,sit,Gen15,1.0,10.0,0.3,best,fm_only,none,cuda,,1.0
69,pillars|af|K1|bbsit|@u6sitlatest,/data/home/llim/FMPCC/FM-PCC/logs/UAV_MIX/uav-pillars/plans/mix_uav_af/H8_Dmodels.af_diffusion.AlphaFlowODE_9D_as1_ae0_bbsit/Eaf_K1_mpc4_pid_stopgo_T0.5_u6sitlatest,6,test,pillars_bounds+dynamics+geo_bounds+obstacles,dpcc-c-geo_free,dpcc-c-geo_free,False,pillars,af,1.0,4.0,pid_stopgo,0.5,u6sitlatest,sit,Gen15,1.0,10.0,0.3,best,fm_only,none,cuda,,1.0
69,pillars|af|K1|bbsit|@u6sitlatest,/data/home/llim/FMPCC/FM-PCC/logs/UAV_MIX/uav-pillars/plans/mix_uav_af/H8_Dmodels.af_diffusion.AlphaFlowODE_9D_as1_ae0_bbsit/Eaf_K1_mpc4_pid_stopgo_T0.5_u6sitlatest,6,test,pillars_bounds+dynamics+geo_bounds+obstacles,dpcc-c-tightened,dpcc-c,True,pillars,af,1.0,4.0,pid_stopgo,0.5,u6sitlatest,sit,Gen15,1.0,10.0,0.3,best,fm_only,none,cuda,,1.0
69,pillars|af|K1|bbsit|@u6sitlatest,/data/home/llim/FMPCC/FM-PCC/logs/UAV_MIX/uav-pillars/plans/mix_uav_af/H8_Dmodels.af_diffusion.AlphaFlowODE_9D_as1_ae0_bbsit/Eaf_K1_mpc4_pid_stopgo_T0.5_u6sitlatest,6,test,pillars_bounds+dynamics+geo_bounds+obstacles,dpcc-r,dpcc-r,False,pillars,af,1.0,4.0,pid_stopgo,0.5,u6sitlatest,sit,Gen15,1.0,10.0,0.3,best,fm_only,none,cuda,,1.0
69,pillars|af|K1|bbsit|@u6sitlatest,/data/home/llim/FMPCC/FM-PCC/logs/UAV_MIX/uav-pillars/plans/mix_uav_af/H8_Dmodels.af_diffusion.AlphaFlowODE_9D_as1_ae0_bbsit/Eaf_K1_mpc4_pid_stopgo_T0.5_u6sitlatest,6,test,pillars_bounds+dynamics+geo_bounds+obstacles,dpcc-r-geo_free,dpcc-r-geo_free,False,pillars,af,1.0,4.0,pid_stopgo,0.5,u6sitlatest,sit,Gen15,1.0,10.0,0.3,best,fm_only,none,cuda,,1.0
69,pillars|af|K1|bbsit|@u6sitlatest,/data/home/llim/FMPCC/FM-PCC/logs/UAV_MIX/uav-pillars/plans/mix_uav_af/H8_Dmodels.af_diffusion.AlphaFlowODE_9D_as1_ae0_bbsit/Eaf_K1_mpc4_pid_stopgo_T0.5_u6sitlatest,6,test,pillars_bounds+dynamics+geo_bounds+obstacles,dpcc-r-tightened,dpcc-r,True,pillars,af,1.0,4.0,pid_stopgo,0.5,u6sitlatest,sit,Gen15,1.0,10.0,0.3,best,fm_only,none,cuda,,1.0
69,pillars|af|K1|bbsit|@u6sitlatest,/data/home/llim/FMPCC/FM-PCC/logs/UAV_MIX/uav-pillars/plans/mix_uav_af/H8_Dmodels.af_diffusion.AlphaFlowODE_9D_as1_ae0_bbsit/Eaf_K1_mpc4_pid_stopgo_T0.5_u6sitlatest,6,test,pillars_bounds+dynamics+geo_bounds+obstacles,dpcc-t,dpcc-t,False,pillars,af,1.0,4.0,pid_stopgo,0.5,u6sitlatest,sit,Gen15,1.0,10.0,0.3,best,fm_only,none,cuda,,1.0
69,pillars|af|K1|bbsit|@u6sitlatest,/data/home/llim/FMPCC/FM-PCC/logs/UAV_MIX/uav-pillars/plans/mix_uav_af/H8_Dmodels.af_diffusion.AlphaFlowODE_9D_as1_ae0_bbsit/Eaf_K1_mpc4_pid_stopgo_T0.5_u6sitlatest,6,test,pillars_bounds+dynamics+geo_bounds+obstacles,dpcc-t-geo_free,dpcc-t-geo_free,False,pillars,af,1.0,4.0,pid_stopgo,0.5,u6sitlatest,sit,Gen15,1.0,10.0,0.3,best,fm_only,none,cuda,,1.0
69,pillars|af|K1|bbsit|@u6sitlatest,/data/home/llim/FMPCC/FM-PCC/logs/UAV_MIX/uav-pillars/plans/mix_uav_af/H8_Dmodels.af_diffusion.AlphaFlowODE_9D_as1_ae0_bbsit/Eaf_K1_mpc4_pid_stopgo_T0.5_u6sitlatest,6,test,pillars_bounds+dynamics+geo_bounds+obstacles,dpcc-t-tightened,dpcc-t,True,pillars,af,1.0,4.0,pid_stopgo,0.5,u6sitlatest,sit,Gen15,1.0,10.0,0.3,best,fm_only,none,cuda,,1.0
70,pillars|af|K2|bbsit,/data/home/llim/FMPCC/FM-PCC/logs/UAV_MIX/uav-pillars/plans/mix_uav_af/H8_Dmodels.af_diffusion.AlphaFlowODE_9D_as1_ae0_bbsit/Eaf_K2_mpc4_pid_stopgo_T0.5,6,test,pillars_bounds+dynamics+geo_bounds+obstacles,diffuser,diffuser,False,pillars,af,2.0,4.0,pid_stopgo,0.5,,sit,Gen15,2.0,10.0,0.3,best,fm_only,none,cuda,,2.0
70,pillars|af|K2|bbsit,/data/home/llim/FMPCC/FM-PCC/logs/UAV_MIX/uav-pillars/plans/mix_uav_af/H8_Dmodels.af_diffusion.AlphaFlowODE_9D_as1_ae0_bbsit/Eaf_K2_mpc4_pid_stopgo_T0.5,6,test,pillars_bounds+dynamics+geo_bounds+obstacles,dpcc-c,dpcc-c,False,pillars,af,2.0,4.0,pid_stopgo,0.5,,sit,Gen15,2.0,10.0,0.3,best,fm_only,none,cuda,,2.0
70,pillars|af|K2|bbsit,/data/home/llim/FMPCC/FM-PCC/logs/UAV_MIX/uav-pillars/plans/mix_uav_af/H8_Dmodels.af_diffusion.AlphaFlowODE_9D_as1_ae0_bbsit/Eaf_K2_mpc4_pid_stopgo_T0.5,6,test,pillars_bounds+dynamics+geo_bounds+obstacles,dpcc-c-geo_free,dpcc-c-geo_free,False,pillars,af,2.0,4.0,pid_stopgo,0.5,,sit,Gen15,2.0,10.0,0.3,best,fm_only,none,cuda,,2.0
70,pillars|af|K2|bbsit,/data/home/llim/FMPCC/FM-PCC/logs/UAV_MIX/uav-pillars/plans/mix_uav_af/H8_Dmodels.af_diffusion.AlphaFlowODE_9D_as1_ae0_bbsit/Eaf_K2_mpc4_pid_stopgo_T0.5,6,test,pillars_bounds+dynamics+geo_bounds+obstacles,dpcc-c-tightened,dpcc-c,True,pillars,af,2.0,4.0,pid_stopgo,0.5,,sit,Gen15,2.0,10.0,0.3,best,fm_only,none,cuda,,2.0
70,pillars|af|K2|bbsit,/data/home/llim/FMPCC/FM-PCC/logs/UAV_MIX/uav-pillars/plans/mix_uav_af/H8_Dmodels.af_diffusion.AlphaFlowODE_9D_as1_ae0_bbsit/Eaf_K2_mpc4_pid_stopgo_T0.5,6,test,pillars_bounds+dynamics+geo_bounds+obstacles,dpcc-r,dpcc-r,False,pillars,af,2.0,4.0,pid_stopgo,0.5,,sit,Gen15,2.0,10.0,0.3,best,fm_only,none,cuda,,2.0
70,pillars|af|K2|bbsit,/data/home/llim/FMPCC/FM-PCC/logs/UAV_MIX/uav-pillars/plans/mix_uav_af/H8_Dmodels.af_diffusion.AlphaFlowODE_9D_as1_ae0_bbsit/Eaf_K2_mpc4_pid_stopgo_T0.5,6,test,pillars_bounds+dynamics+geo_bounds+obstacles,dpcc-r-geo_free,dpcc-r-geo_free,False,pillars,af,2.0,4.0,pid_stopgo,0.5,,sit,Gen15,2.0,10.0,0.3,best,fm_only,none,cuda,,2.0
70,pillars|af|K2|bbsit,/data/home/llim/FMPCC/FM-PCC/logs/UAV_MIX/uav-pillars/plans/mix_uav_af/H8_Dmodels.af_diffusion.AlphaFlowODE_9D_as1_ae0_bbsit/Eaf_K2_mpc4_pid_stopgo_T0.5,6,test,pillars_bounds+dynamics+geo_bounds+obstacles,dpcc-r-tightened,dpcc-r,True,pillars,af,2.0,4.0,pid_stopgo,0.5,,sit,Gen15,2.0,10.0,0.3,best,fm_only,none,cuda,,2.0
70,pillars|af|K2|bbsit,/data/home/llim/FMPCC/FM-PCC/logs/UAV_MIX/uav-pillars/plans/mix_uav_af/H8_Dmodels.af_diffusion.AlphaFlowODE_9D_as1_ae0_bbsit/Eaf_K2_mpc4_pid_stopgo_T0.5,6,test,pillars_bounds+dynamics+geo_bounds+obstacles,dpcc-t,dpcc-t,False,pillars,af,2.0,4.0,pid_stopgo,0.5,,sit,Gen15,2.0,10.0,0.3,best,fm_only,none,cuda,,2.0
70,pillars|af|K2|bbsit,/data/home/llim/FMPCC/FM-PCC/logs/UAV_MIX/uav-pillars/plans/mix_uav_af/H8_Dmodels.af_diffusion.AlphaFlowODE_9D_as1_ae0_bbsit/Eaf_K2_mpc4_pid_stopgo_T0.5,6,test,pillars_bounds+dynamics+geo_bounds+obstacles,dpcc-t-geo_free,dpcc-t-geo_free,False,pillars,af,2.0,4.0,pid_stopgo,0.5,,sit,Gen15,2.0,10.0,0.3,best,fm_only,none,cuda,,2.0
70,pillars|af|K2|bbsit,/data/home/llim/FMPCC/FM-PCC/logs/UAV_MIX/uav-pillars/plans/mix_uav_af/H8_Dmodels.af_diffusion.AlphaFlowODE_9D_as1_ae0_bbsit/Eaf_K2_mpc4_pid_stopgo_T0.5,6,test,pillars_bounds+dynamics+geo_bounds+obstacles,dpcc-t-tightened,dpcc-t,True,pillars,af,2.0,4.0,pid_stopgo,0.5,,sit,Gen15,2.0,10.0,0.3,best,fm_only,none,cuda,,2.0
70,pillars|af|K2|bbsit,/data/home/llim/FMPCC/FM-PCC/logs/UAV_MIX/uav-pillars/plans/mix_uav_af/H8_Dmodels.af_diffusion.AlphaFlowODE_9D_as1_ae0_bbsit/Eaf_K2_mpc4_pid_stopgo_T0.5,6,test,pillars_bounds+dynamics+geo_bounds+obstacles,hardflow_sls,hardflow_sls,False,pillars,af,2.0,4.0,pid_stopgo,0.5,,sit,Gen15,2.0,10.0,0.3,best,fm_only,none,cuda,,2.0
70,pillars|af|K2|bbsit,/data/home/llim/FMPCC/FM-PCC/logs/UAV_MIX/uav-pillars/plans/mix_uav_af/H8_Dmodels.af_diffusion.AlphaFlowODE_9D_as1_ae0_bbsit/Eaf_K2_mpc4_pid_stopgo_T0.5,6,test,pillars_bounds+dynamics+geo_bounds+obstacles,hardflow_sls-c,hardflow_sls-c,False,pillars,af,2.0,4.0,pid_stopgo,0.5,,sit,Gen15,2.0,10.0,0.3,best,fm_only,none,cuda,,2.0
70,pillars|af|K2|bbsit,/data/home/llim/FMPCC/FM-PCC/logs/UAV_MIX/uav-pillars/plans/mix_uav_af/H8_Dmodels.af_diffusion.AlphaFlowODE_9D_as1_ae0_bbsit/Eaf_K2_mpc4_pid_stopgo_T0.5,6,test,pillars_bounds+dynamics+geo_bounds+obstacles,hardflow_sls-c-geo_free,hardflow_sls-c-geo_free,False,pillars,af,2.0,4.0,pid_stopgo,0.5,,sit,Gen15,2.0,10.0,0.3,best,fm_only,none,cuda,,2.0
70,pillars|af|K2|bbsit,/data/home/llim/FMPCC/FM-PCC/logs/UAV_MIX/uav-pillars/plans/mix_uav_af/H8_Dmodels.af_diffusion.AlphaFlowODE_9D_as1_ae0_bbsit/Eaf_K2_mpc4_pid_stopgo_T0.5,6,test,pillars_bounds+dynamics+geo_bounds+obstacles,hardflow_sls-r,hardflow_sls-r,False,pillars,af,2.0,4.0,pid_stopgo,0.5,,sit,Gen15,2.0,10.0,0.3,best,fm_only,none,cuda,,2.0
70,pillars|af|K2|bbsit,/data/home/llim/FMPCC/FM-PCC/logs/UAV_MIX/uav-pillars/plans/mix_uav_af/H8_Dmodels.af_diffusion.AlphaFlowODE_9D_as1_ae0_bbsit/Eaf_K2_mpc4_pid_stopgo_T0.5,6,test,pillars_bounds+dynamics+geo_bounds+obstacles,hardflow_sls-r-geo_free,hardflow_sls-r-geo_free,False,pillars,af,2.0,4.0,pid_stopgo,0.5,,sit,Gen15,2.0,10.0,0.3,best,fm_only,none,cuda,,2.0
70,pillars|af|K2|bbsit,/data/home/llim/FMPCC/FM-PCC/logs/UAV_MIX/uav-pillars/plans/mix_uav_af/H8_Dmodels.af_diffusion.AlphaFlowODE_9D_as1_ae0_bbsit/Eaf_K2_mpc4_pid_stopgo_T0.5,6,test,pillars_bounds+dynamics+geo_bounds+obstacles,hardflow_sls-t,hardflow_sls-t,False,pillars,af,2.0,4.0,pid_stopgo,0.5,,sit,Gen15,2.0,10.0,0.3,best,fm_only,none,cuda,,2.0
70,pillars|af|K2|bbsit,/data/home/llim/FMPCC/FM-PCC/logs/UAV_MIX/uav-pillars/plans/mix_uav_af/H8_Dmodels.af_diffusion.AlphaFlowODE_9D_as1_ae0_bbsit/Eaf_K2_mpc4_pid_stopgo_T0.5,6,test,pillars_bounds+dynamics+geo_bounds+obstacles,hardflow_sls-t-geo_free,hardflow_sls-t-geo_free,False,pillars,af,2.0,4.0,pid_stopgo,0.5,,sit,Gen15,2.0,10.0,0.3,best,fm_only,none,cuda,,2.0
71,pillars|af|K2|bbsit|@u6sitlatest,/data/home/llim/FMPCC/FM-PCC/logs/UAV_MIX/uav-pillars/plans/mix_uav_af/H8_Dmodels.af_diffusion.AlphaFlowODE_9D_as1_ae0_bbsit/Eaf_K2_mpc4_pid_stopgo_T0.5_u6sitlatest,6,test,pillars_bounds+dynamics+geo_bounds+obstacles,diffuser,diffuser,False,pillars,af,2.0,4.0,pid_stopgo,0.5,u6sitlatest,sit,Gen15,2.0,10.0,0.3,best,fm_only,none,cuda,,2.0
71,pillars|af|K2|bbsit|@u6sitlatest,/data/home/llim/FMPCC/FM-PCC/logs/UAV_MIX/uav-pillars/plans/mix_uav_af/H8_Dmodels.af_diffusion.AlphaFlowODE_9D_as1_ae0_bbsit/Eaf_K2_mpc4_pid_stopgo_T0.5_u6sitlatest,6,test,pillars_bounds+dynamics+geo_bounds+obstacles,dpcc-c,dpcc-c,False,pillars,af,2.0,4.0,pid_stopgo,0.5,u6sitlatest,sit,Gen15,2.0,10.0,0.3,best,fm_only,none,cuda,,2.0
71,pillars|af|K2|bbsit|@u6sitlatest,/data/home/llim/FMPCC/FM-PCC/logs/UAV_MIX/uav-pillars/plans/mix_uav_af/H8_Dmodels.af_diffusion.AlphaFlowODE_9D_as1_ae0_bbsit/Eaf_K2_mpc4_pid_stopgo_T0.5_u6sitlatest,6,test,pillars_bounds+dynamics+geo_bounds+obstacles,dpcc-c-geo_free,dpcc-c-geo_free,False,pillars,af,2.0,4.0,pid_stopgo,0.5,u6sitlatest,sit,Gen15,2.0,10.0,0.3,best,fm_only,none,cuda,,2.0
71,pillars|af|K2|bbsit|@u6sitlatest,/data/home/llim/FMPCC/FM-PCC/logs/UAV_MIX/uav-pillars/plans/mix_uav_af/H8_Dmodels.af_diffusion.AlphaFlowODE_9D_as1_ae0_bbsit/Eaf_K2_mpc4_pid_stopgo_T0.5_u6sitlatest,6,test,pillars_bounds+dynamics+geo_bounds+obstacles,dpcc-c-tightened,dpcc-c,True,pillars,af,2.0,4.0,pid_stopgo,0.5,u6sitlatest,sit,Gen15,2.0,10.0,0.3,best,fm_only,none,cuda,,2.0
71,pillars|af|K2|bbsit|@u6sitlatest,/data/home/llim/FMPCC/FM-PCC/logs/UAV_MIX/uav-pillars/plans/mix_uav_af/H8_Dmodels.af_diffusion.AlphaFlowODE_9D_as1_ae0_bbsit/Eaf_K2_mpc4_pid_stopgo_T0.5_u6sitlatest,6,test,pillars_bounds+dynamics+geo_bounds+obstacles,dpcc-r,dpcc-r,False,pillars,af,2.0,4.0,pid_stopgo,0.5,u6sitlatest,sit,Gen15,2.0,10.0,0.3,best,fm_only,none,cuda,,2.0
71,pillars|af|K2|bbsit|@u6sitlatest,/data/home/llim/FMPCC/FM-PCC/logs/UAV_MIX/uav-pillars/plans/mix_uav_af/H8_Dmodels.af_diffusion.AlphaFlowODE_9D_as1_ae0_bbsit/Eaf_K2_mpc4_pid_stopgo_T0.5_u6sitlatest,6,test,pillars_bounds+dynamics+geo_bounds+obstacles,dpcc-r-geo_free,dpcc-r-geo_free,False,pillars,af,2.0,4.0,pid_stopgo,0.5,u6sitlatest,sit,Gen15,2.0,10.0,0.3,best,fm_only,none,cuda,,2.0
71,pillars|af|K2|bbsit|@u6sitlatest,/data/home/llim/FMPCC/FM-PCC/logs/UAV_MIX/uav-pillars/plans/mix_uav_af/H8_Dmodels.af_diffusion.AlphaFlowODE_9D_as1_ae0_bbsit/Eaf_K2_mpc4_pid_stopgo_T0.5_u6sitlatest,6,test,pillars_bounds+dynamics+geo_bounds+obstacles,dpcc-r-tightened,dpcc-r,True,pillars,af,2.0,4.0,pid_stopgo,0.5,u6sitlatest,sit,Gen15,2.0,10.0,0.3,best,fm_only,none,cuda,,2.0
71,pillars|af|K2|bbsit|@u6sitlatest,/data/home/llim/FMPCC/FM-PCC/logs/UAV_MIX/uav-pillars/plans/mix_uav_af/H8_Dmodels.af_diffusion.AlphaFlowODE_9D_as1_ae0_bbsit/Eaf_K2_mpc4_pid_stopgo_T0.5_u6sitlatest,6,test,pillars_bounds+dynamics+geo_bounds+obstacles,dpcc-t,dpcc-t,False,pillars,af,2.0,4.0,pid_stopgo,0.5,u6sitlatest,sit,Gen15,2.0,10.0,0.3,best,fm_only,none,cuda,,2.0
71,pillars|af|K2|bbsit|@u6sitlatest,/data/home/llim/FMPCC/FM-PCC/logs/UAV_MIX/uav-pillars/plans/mix_uav_af/H8_Dmodels.af_diffusion.AlphaFlowODE_9D_as1_ae0_bbsit/Eaf_K2_mpc4_pid_stopgo_T0.5_u6sitlatest,6,test,pillars_bounds+dynamics+geo_bounds+obstacles,dpcc-t-geo_free,dpcc-t-geo_free,False,pillars,af,2.0,4.0,pid_stopgo,0.5,u6sitlatest,sit,Gen15,2.0,10.0,0.3,best,fm_only,none,cuda,,2.0
71,pillars|af|K2|bbsit|@u6sitlatest,/data/home/llim/FMPCC/FM-PCC/logs/UAV_MIX/uav-pillars/plans/mix_uav_af/H8_Dmodels.af_diffusion.AlphaFlowODE_9D_as1_ae0_bbsit/Eaf_K2_mpc4_pid_stopgo_T0.5_u6sitlatest,6,test,pillars_bounds+dynamics+geo_bounds+obstacles,dpcc-t-tightened,dpcc-t,True,pillars,af,2.0,4.0,pid_stopgo,0.5,u6sitlatest,sit,Gen15,2.0,10.0,0.3,best,fm_only,none,cuda,,2.0
72,pillars|af|K5|bbsit,/data/home/llim/FMPCC/FM-PCC/logs/UAV_MIX/uav-pillars/plans/mix_uav_af/H8_Dmodels.af_diffusion.AlphaFlowODE_9D_as1_ae0_bbsit/Eaf_K5_mpc4_pid_stopgo_T0.5,6,test,pillars_bounds+dynamics+geo_bounds+obstacles,diffuser,diffuser,False,pillars,af,5.0,4.0,pid_stopgo,0.5,,sit,Gen15,5.0,10.0,0.3,best,fm_only,none,cuda,,5.0
72,pillars|af|K5|bbsit,/data/home/llim/FMPCC/FM-PCC/logs/UAV_MIX/uav-pillars/plans/mix_uav_af/H8_Dmodels.af_diffusion.AlphaFlowODE_9D_as1_ae0_bbsit/Eaf_K5_mpc4_pid_stopgo_T0.5,6,test,pillars_bounds+dynamics+geo_bounds+obstacles,dpcc-c,dpcc-c,False,pillars,af,5.0,4.0,pid_stopgo,0.5,,sit,Gen15,5.0,10.0,0.3,best,fm_only,none,cuda,,5.0
72,pillars|af|K5|bbsit,/data/home/llim/FMPCC/FM-PCC/logs/UAV_MIX/uav-pillars/plans/mix_uav_af/H8_Dmodels.af_diffusion.AlphaFlowODE_9D_as1_ae0_bbsit/Eaf_K5_mpc4_pid_stopgo_T0.5,6,test,pillars_bounds+dynamics+geo_bounds+obstacles,dpcc-c-geo_free,dpcc-c-geo_free,False,pillars,af,5.0,4.0,pid_stopgo,0.5,,sit,Gen15,5.0,10.0,0.3,best,fm_only,none,cuda,,5.0
72,pillars|af|K5|bbsit,/data/home/llim/FMPCC/FM-PCC/logs/UAV_MIX/uav-pillars/plans/mix_uav_af/H8_Dmodels.af_diffusion.AlphaFlowODE_9D_as1_ae0_bbsit/Eaf_K5_mpc4_pid_stopgo_T0.5,6,test,pillars_bounds+dynamics+geo_bounds+obstacles,dpcc-c-tightened,dpcc-c,True,pillars,af,5.0,4.0,pid_stopgo,0.5,,sit,Gen15,5.0,10.0,0.3,best,fm_only,none,cuda,,5.0
72,pillars|af|K5|bbsit,/data/home/llim/FMPCC/FM-PCC/logs/UAV_MIX/uav-pillars/plans/mix_uav_af/H8_Dmodels.af_diffusion.AlphaFlowODE_9D_as1_ae0_bbsit/Eaf_K5_mpc4_pid_stopgo_T0.5,6,test,pillars_bounds+dynamics+geo_bounds+obstacles,dpcc-r,dpcc-r,False,pillars,af,5.0,4.0,pid_stopgo,0.5,,sit,Gen15,5.0,10.0,0.3,best,fm_only,none,cuda,,5.0
72,pillars|af|K5|bbsit,/data/home/llim/FMPCC/FM-PCC/logs/UAV_MIX/uav-pillars/plans/mix_uav_af/H8_Dmodels.af_diffusion.AlphaFlowODE_9D_as1_ae0_bbsit/Eaf_K5_mpc4_pid_stopgo_T0.5,6,test,pillars_bounds+dynamics+geo_bounds+obstacles,dpcc-r-geo_free,dpcc-r-geo_free,False,pillars,af,5.0,4.0,pid_stopgo,0.5,,sit,Gen15,5.0,10.0,0.3,best,fm_only,none,cuda,,5.0
72,pillars|af|K5|bbsit,/data/home/llim/FMPCC/FM-PCC/logs/UAV_MIX/uav-pillars/plans/mix_uav_af/H8_Dmodels.af_diffusion.AlphaFlowODE_9D_as1_ae0_bbsit/Eaf_K5_mpc4_pid_stopgo_T0.5,6,test,pillars_bounds+dynamics+geo_bounds+obstacles,dpcc-r-tightened,dpcc-r,True,pillars,af,5.0,4.0,pid_stopgo,0.5,,sit,Gen15,5.0,10.0,0.3,best,fm_only,none,cuda,,5.0
72,pillars|af|K5|bbsit,/data/home/llim/FMPCC/FM-PCC/logs/UAV_MIX/uav-pillars/plans/mix_uav_af/H8_Dmodels.af_diffusion.AlphaFlowODE_9D_as1_ae0_bbsit/Eaf_K5_mpc4_pid_stopgo_T0.5,6,test,pillars_bounds+dynamics+geo_bounds+obstacles,dpcc-t,dpcc-t,False,pillars,af,5.0,4.0,pid_stopgo,0.5,,sit,Gen15,5.0,10.0,0.3,best,fm_only,none,cuda,,5.0
72,pillars|af|K5|bbsit,/data/home/llim/FMPCC/FM-PCC/logs/UAV_MIX/uav-pillars/plans/mix_uav_af/H8_Dmodels.af_diffusion.AlphaFlowODE_9D_as1_ae0_bbsit/Eaf_K5_mpc4_pid_stopgo_T0.5,6,test,pillars_bounds+dynamics+geo_bounds+obstacles,dpcc-t-geo_free,dpcc-t-geo_free,False,pillars,af,5.0,4.0,pid_stopgo,0.5,,sit,Gen15,5.0,10.0,0.3,best,fm_only,none,cuda,,5.0
72,pillars|af|K5|bbsit,/data/home/llim/FMPCC/FM-PCC/logs/UAV_MIX/uav-pillars/plans/mix_uav_af/H8_Dmodels.af_diffusion.AlphaFlowODE_9D_as1_ae0_bbsit/Eaf_K5_mpc4_pid_stopgo_T0.5,6,test,pillars_bounds+dynamics+geo_bounds+obstacles,dpcc-t-tightened,dpcc-t,True,pillars,af,5.0,4.0,pid_stopgo,0.5,,sit,Gen15,5.0,10.0,0.3,best,fm_only,none,cuda,,5.0
72,pillars|af|K5|bbsit,/data/home/llim/FMPCC/FM-PCC/logs/UAV_MIX/uav-pillars/plans/mix_uav_af/H8_Dmodels.af_diffusion.AlphaFlowODE_9D_as1_ae0_bbsit/Eaf_K5_mpc4_pid_stopgo_T0.5,6,test,pillars_bounds+dynamics+geo_bounds+obstacles,hardflow_sls,hardflow_sls,False,pillars,af,5.0,4.0,pid_stopgo,0.5,,sit,Gen15,5.0,10.0,0.3,best,fm_only,none,cuda,,5.0
72,pillars|af|K5|bbsit,/data/home/llim/FMPCC/FM-PCC/logs/UAV_MIX/uav-pillars/plans/mix_uav_af/H8_Dmodels.af_diffusion.AlphaFlowODE_9D_as1_ae0_bbsit/Eaf_K5_mpc4_pid_stopgo_T0.5,6,test,pillars_bounds+dynamics+geo_bounds+obstacles,hardflow_sls-c,hardflow_sls-c,False,pillars,af,5.0,4.0,pid_stopgo,0.5,,sit,Gen15,5.0,10.0,0.3,best,fm_only,none,cuda,,5.0
72,pillars|af|K5|bbsit,/data/home/llim/FMPCC/FM-PCC/logs/UAV_MIX/uav-pillars/plans/mix_uav_af/H8_Dmodels.af_diffusion.AlphaFlowODE_9D_as1_ae0_bbsit/Eaf_K5_mpc4_pid_stopgo_T0.5,6,test,pillars_bounds+dynamics+geo_bounds+obstacles,hardflow_sls-c-geo_free,hardflow_sls-c-geo_free,False,pillars,af,5.0,4.0,pid_stopgo,0.5,,sit,Gen15,5.0,10.0,0.3,best,fm_only,none,cuda,,5.0
72,pillars|af|K5|bbsit,/data/home/llim/FMPCC/FM-PCC/logs/UAV_MIX/uav-pillars/plans/mix_uav_af/H8_Dmodels.af_diffusion.AlphaFlowODE_9D_as1_ae0_bbsit/Eaf_K5_mpc4_pid_stopgo_T0.5,6,test,pillars_bounds+dynamics+geo_bounds+obstacles,hardflow_sls-r,hardflow_sls-r,False,pillars,af,5.0,4.0,pid_stopgo,0.5,,sit,Gen15,5.0,10.0,0.3,best,fm_only,none,cuda,,5.0
72,pillars|af|K5|bbsit,/data/home/llim/FMPCC/FM-PCC/logs/UAV_MIX/uav-pillars/plans/mix_uav_af/H8_Dmodels.af_diffusion.AlphaFlowODE_9D_as1_ae0_bbsit/Eaf_K5_mpc4_pid_stopgo_T0.5,6,test,pillars_bounds+dynamics+geo_bounds+obstacles,hardflow_sls-r-geo_free,hardflow_sls-r-geo_free,False,pillars,af,5.0,4.0,pid_stopgo,0.5,,sit,Gen15,5.0,10.0,0.3,best,fm_only,none,cuda,,5.0
72,pillars|af|K5|bbsit,/data/home/llim/FMPCC/FM-PCC/logs/UAV_MIX/uav-pillars/plans/mix_uav_af/H8_Dmodels.af_diffusion.AlphaFlowODE_9D_as1_ae0_bbsit/Eaf_K5_mpc4_pid_stopgo_T0.5,6,test,pillars_bounds+dynamics+geo_bounds+obstacles,hardflow_sls-t,hardflow_sls-t,False,pillars,af,5.0,4.0,pid_stopgo,0.5,,sit,Gen15,5.0,10.0,0.3,best,fm_only,none,cuda,,5.0
72,pillars|af|K5|bbsit,/data/home/llim/FMPCC/FM-PCC/logs/UAV_MIX/uav-pillars/plans/mix_uav_af/H8_Dmodels.af_diffusion.AlphaFlowODE_9D_as1_ae0_bbsit/Eaf_K5_mpc4_pid_stopgo_T0.5,6,test,pillars_bounds+dynamics+geo_bounds+obstacles,hardflow_sls-t-geo_free,hardflow_sls-t-geo_free,False,pillars,af,5.0,4.0,pid_stopgo,0.5,,sit,Gen15,5.0,10.0,0.3,best,fm_only,none,cuda,,5.0
73,pillars|diffusion|K20|@u7hg,/data/home/llim/FMPCC/FM-PCC/logs/UAV_MIX/uav-pillars/plans/mix_uav_diffusion/H8_Dmodels.ddpm_diffusion.GaussianDiffusion_9D_K20/Ediffusion_K20_mpc4_pid_stopgo_T0.5_u7hg,6,test,pillars_hg_bounds+dynamics+geo_bounds+obstacles,diffuser,diffuser,False,pillars,diffusion,20.0,4.0,pid_stopgo,0.5,u7hg,,Gen15,20.0,10.0,0.3,,fm_only,none,cuda,,
73,pillars|diffusion|K20|@u7hg,/data/home/llim/FMPCC/FM-PCC/logs/UAV_MIX/uav-pillars/plans/mix_uav_diffusion/H8_Dmodels.ddpm_diffusion.GaussianDiffusion_9D_K20/Ediffusion_K20_mpc4_pid_stopgo_T0.5_u7hg,6,test,pillars_hg_bounds+dynamics+geo_bounds+obstacles,dpcc-c,dpcc-c,False,pillars,diffusion,20.0,4.0,pid_stopgo,0.5,u7hg,,Gen15,20.0,10.0,0.3,,fm_only,none,cuda,,
73,pillars|diffusion|K20|@u7hg,/data/home/llim/FMPCC/FM-PCC/logs/UAV_MIX/uav-pillars/plans/mix_uav_diffusion/H8_Dmodels.ddpm_diffusion.GaussianDiffusion_9D_K20/Ediffusion_K20_mpc4_pid_stopgo_T0.5_u7hg,6,test,pillars_hg_bounds+dynamics+geo_bounds+obstacles,dpcc-c-tightened,dpcc-c,True,pillars,diffusion,20.0,4.0,pid_stopgo,0.5,u7hg,,Gen15,20.0,10.0,0.3,,fm_only,none,cuda,,
73,pillars|diffusion|K20|@u7hg,/data/home/llim/FMPCC/FM-PCC/logs/UAV_MIX/uav-pillars/plans/mix_uav_diffusion/H8_Dmodels.ddpm_diffusion.GaussianDiffusion_9D_K20/Ediffusion_K20_mpc4_pid_stopgo_T0.5_u7hg,6,test,pillars_hg_bounds+dynamics+geo_bounds+obstacles,dpcc-r,dpcc-r,False,pillars,diffusion,20.0,4.0,pid_stopgo,0.5,u7hg,,Gen15,20.0,10.0,0.3,,fm_only,none,cuda,,
73,pillars|diffusion|K20|@u7hg,/data/home/llim/FMPCC/FM-PCC/logs/UAV_MIX/uav-pillars/plans/mix_uav_diffusion/H8_Dmodels.ddpm_diffusion.GaussianDiffusion_9D_K20/Ediffusion_K20_mpc4_pid_stopgo_T0.5_u7hg,6,test,pillars_hg_bounds+dynamics+geo_bounds+obstacles,dpcc-r-tightened,dpcc-r,True,pillars,diffusion,20.0,4.0,pid_stopgo,0.5,u7hg,,Gen15,20.0,,,,,,,,
73,pillars|diffusion|K20|@u7hg,/data/home/llim/FMPCC/FM-PCC/logs/UAV_MIX/uav-pillars/plans/mix_uav_diffusion/H8_Dmodels.ddpm_diffusion.GaussianDiffusion_9D_K20/Ediffusion_K20_mpc4_pid_stopgo_T0.5_u7hg,6,test,pillars_hg_bounds+dynamics+geo_bounds+obstacles,dpcc-t,dpcc-t,False,pillars,diffusion,20.0,4.0,pid_stopgo,0.5,u7hg,,Gen15,20.0,10.0,0.3,,fm_only,none,cuda,,
73,pillars|diffusion|K20|@u7hg,/data/home/llim/FMPCC/FM-PCC/logs/UAV_MIX/uav-pillars/plans/mix_uav_diffusion/H8_Dmodels.ddpm_diffusion.GaussianDiffusion_9D_K20/Ediffusion_K20_mpc4_pid_stopgo_T0.5_u7hg,6,test,pillars_hg_bounds+dynamics+geo_bounds+obstacles,dpcc-t-tightened,dpcc-t,True,pillars,diffusion,20.0,4.0,pid_stopgo,0.5,u7hg,,Gen15,20.0,10.0,0.3,,fm_only,none,cuda,,
74,pillars|fm|K10,/data/home/llim/FMPCC/FM-PCC/logs/UAV_MIX/uav-pillars/plans/mix_uav_fm/H8_Dmodels.diffusion.FlowMatchingODE_9D/Efm_K10_mpc4_pid_stopgo_T0.5,6,test,pillars_bounds+dynamics+geo_bounds+obstacles,bounds_free,bounds_free,False,pillars,fm,10.0,4.0,pid_stopgo,0.5,,,Gen15,10.0,3.0,0.3,latest,fm_only,none,cuda,,10.0
74,pillars|fm|K10,/data/home/llim/FMPCC/FM-PCC/logs/UAV_MIX/uav-pillars/plans/mix_uav_fm/H8_Dmodels.diffusion.FlowMatchingODE_9D/Efm_K10_mpc4_pid_stopgo_T0.5,6,test,pillars_bounds+dynamics+geo_bounds+obstacles,bounds_free-tightened,bounds_free,True,pillars,fm,10.0,4.0,pid_stopgo,0.5,,,Gen15,10.0,3.0,0.3,latest,fm_only,none,cuda,,10.0
74,pillars|fm|K10,/data/home/llim/FMPCC/FM-PCC/logs/UAV_MIX/uav-pillars/plans/mix_uav_fm/H8_Dmodels.diffusion.FlowMatchingODE_9D/Efm_K10_mpc4_pid_stopgo_T0.5,6,test,pillars_bounds+dynamics+geo_bounds+obstacles,diffuser,diffuser,False,pillars,fm,10.0,4.0,pid_stopgo,0.5,,,Gen15,10.0,3.0,0.3,latest,fm_only,none,cuda,,10.0
74,pillars|fm|K10,/data/home/llim/FMPCC/FM-PCC/logs/UAV_MIX/uav-pillars/plans/mix_uav_fm/H8_Dmodels.diffusion.FlowMatchingODE_9D/Efm_K10_mpc4_pid_stopgo_T0.5,6,test,pillars_bounds+dynamics+geo_bounds+obstacles,dpcc-c,dpcc-c,False,pillars,fm,10.0,4.0,pid_stopgo,0.5,,,Gen15,10.0,3.0,0.3,latest,fm_only,none,cuda,,10.0
74,pillars|fm|K10,/data/home/llim/FMPCC/FM-PCC/logs/UAV_MIX/uav-pillars/plans/mix_uav_fm/H8_Dmodels.diffusion.FlowMatchingODE_9D/Efm_K10_mpc4_pid_stopgo_T0.5,6,test,pillars_bounds+dynamics+geo_bounds+obstacles,dpcc-c-tightened,dpcc-c,True,pillars,fm,10.0,4.0,pid_stopgo,0.5,,,Gen15,10.0,3.0,0.3,latest,fm_only,none,cuda,,10.0
74,pillars|fm|K10,/data/home/llim/FMPCC/FM-PCC/logs/UAV_MIX/uav-pillars/plans/mix_uav_fm/H8_Dmodels.diffusion.FlowMatchingODE_9D/Efm_K10_mpc4_pid_stopgo_T0.5,6,test,pillars_bounds+dynamics+geo_bounds+obstacles,dpcc-r,dpcc-r,False,pillars,fm,10.0,4.0,pid_stopgo,0.5,,,Gen15,10.0,3.0,0.3,latest,fm_only,none,cuda,,10.0
74,pillars|fm|K10,/data/home/llim/FMPCC/FM-PCC/logs/UAV_MIX/uav-pillars/plans/mix_uav_fm/H8_Dmodels.diffusion.FlowMatchingODE_9D/Efm_K10_mpc4_pid_stopgo_T0.5,6,test,pillars_bounds+dynamics+geo_bounds+obstacles,dpcc-r-tightened,dpcc-r,True,pillars,fm,10.0,4.0,pid_stopgo,0.5,,,Gen15,10.0,3.0,0.3,latest,fm_only,none,cuda,,10.0
74,pillars|fm|K10,/data/home/llim/FMPCC/FM-PCC/logs/UAV_MIX/uav-pillars/plans/mix_uav_fm/H8_Dmodels.diffusion.FlowMatchingODE_9D/Efm_K10_mpc4_pid_stopgo_T0.5,6,test,pillars_bounds+dynamics+geo_bounds+obstacles,dpcc-t,dpcc-t,False,pillars,fm,10.0,4.0,pid_stopgo,0.5,,,Gen15,10.0,3.0,0.3,latest,fm_only,none,cuda,,10.0
74,pillars|fm|K10,/data/home/llim/FMPCC/FM-PCC/logs/UAV_MIX/uav-pillars/plans/mix_uav_fm/H8_Dmodels.diffusion.FlowMatchingODE_9D/Efm_K10_mpc4_pid_stopgo_T0.5,6,test,pillars_bounds+dynamics+geo_bounds+obstacles,dpcc-t-tightened,dpcc-t,True,pillars,fm,10.0,4.0,pid_stopgo,0.5,,,Gen15,10.0,3.0,0.3,latest,fm_only,none,cuda,,10.0
74,pillars|fm|K10,/data/home/llim/FMPCC/FM-PCC/logs/UAV_MIX/uav-pillars/plans/mix_uav_fm/H8_Dmodels.diffusion.FlowMatchingODE_9D/Efm_K10_mpc4_pid_stopgo_T0.5,6,test,pillars_bounds+dynamics+geo_bounds+obstacles,geo_free,geo_free,False,pillars,fm,10.0,4.0,pid_stopgo,0.5,,,Gen15,10.0,3.0,0.3,latest,fm_only,none,cuda,,10.0
74,pillars|fm|K10,/data/home/llim/FMPCC/FM-PCC/logs/UAV_MIX/uav-pillars/plans/mix_uav_fm/H8_Dmodels.diffusion.FlowMatchingODE_9D/Efm_K10_mpc4_pid_stopgo_T0.5,6,test,pillars_bounds+dynamics+geo_bounds+obstacles,geo_free-bounds_free,geo_free-bounds_free,False,pillars,fm,10.0,4.0,pid_stopgo,0.5,,,Gen15,10.0,3.0,0.3,latest,fm_only,none,cuda,,10.0
74,pillars|fm|K10,/data/home/llim/FMPCC/FM-PCC/logs/UAV_MIX/uav-pillars/plans/mix_uav_fm/H8_Dmodels.diffusion.FlowMatchingODE_9D/Efm_K10_mpc4_pid_stopgo_T0.5,6,test,pillars_bounds+dynamics+geo_bounds+obstacles,geo_free-model_free,geo_free-model_free,False,pillars,fm,10.0,4.0,pid_stopgo,0.5,,,Gen15,10.0,3.0,0.3,latest,fm_only,none,cuda,,10.0
74,pillars|fm|K10,/data/home/llim/FMPCC/FM-PCC/logs/UAV_MIX/uav-pillars/plans/mix_uav_fm/H8_Dmodels.diffusion.FlowMatchingODE_9D/Efm_K10_mpc4_pid_stopgo_T0.5,6,test,pillars_bounds+dynamics+geo_bounds+obstacles,gradient,gradient,False,pillars,fm,10.0,4.0,pid_stopgo,0.5,,,Gen15,10.0,3.0,0.3,latest,fm_only,none,cuda,,10.0
74,pillars|fm|K10,/data/home/llim/FMPCC/FM-PCC/logs/UAV_MIX/uav-pillars/plans/mix_uav_fm/H8_Dmodels.diffusion.FlowMatchingODE_9D/Efm_K10_mpc4_pid_stopgo_T0.5,6,test,pillars_bounds+dynamics+geo_bounds+obstacles,gradient-tightened,gradient,True,pillars,fm,10.0,4.0,pid_stopgo,0.5,,,Gen15,10.0,3.0,0.3,latest,fm_only,none,cuda,,10.0
74,pillars|fm|K10,/data/home/llim/FMPCC/FM-PCC/logs/UAV_MIX/uav-pillars/plans/mix_uav_fm/H8_Dmodels.diffusion.FlowMatchingODE_9D/Efm_K10_mpc4_pid_stopgo_T0.5,6,test,pillars_bounds+dynamics+geo_bounds+obstacles,hardflow_new,hardflow_new,False,pillars,fm,10.0,4.0,pid_stopgo,0.5,,,Gen15,10.0,3.0,0.3,latest,fm_only,none,cuda,,10.0
74,pillars|fm|K10,/data/home/llim/FMPCC/FM-PCC/logs/UAV_MIX/uav-pillars/plans/mix_uav_fm/H8_Dmodels.diffusion.FlowMatchingODE_9D/Efm_K10_mpc4_pid_stopgo_T0.5,6,test,pillars_bounds+dynamics+geo_bounds+obstacles,hardflow_new-c,hardflow_new-c,False,pillars,fm,10.0,4.0,pid_stopgo,0.5,,,Gen15,10.0,3.0,0.3,latest,fm_only,none,cuda,,10.0
74,pillars|fm|K10,/data/home/llim/FMPCC/FM-PCC/logs/UAV_MIX/uav-pillars/plans/mix_uav_fm/H8_Dmodels.diffusion.FlowMatchingODE_9D/Efm_K10_mpc4_pid_stopgo_T0.5,6,test,pillars_bounds+dynamics+geo_bounds+obstacles,hardflow_new-t,hardflow_new-t,False,pillars,fm,10.0,4.0,pid_stopgo,0.5,,,Gen15,10.0,,,,,,,,
74,pillars|fm|K10,/data/home/llim/FMPCC/FM-PCC/logs/UAV_MIX/uav-pillars/plans/mix_uav_fm/H8_Dmodels.diffusion.FlowMatchingODE_9D/Efm_K10_mpc4_pid_stopgo_T0.5,6,test,pillars_bounds+dynamics+geo_bounds+obstacles,model_free,model_free,False,pillars,fm,10.0,4.0,pid_stopgo,0.5,,,Gen15,10.0,3.0,0.3,latest,fm_only,none,cuda,,10.0
74,pillars|fm|K10,/data/home/llim/FMPCC/FM-PCC/logs/UAV_MIX/uav-pillars/plans/mix_uav_fm/H8_Dmodels.diffusion.FlowMatchingODE_9D/Efm_K10_mpc4_pid_stopgo_T0.5,6,test,pillars_bounds+dynamics+geo_bounds+obstacles,model_free-bounds_free,model_free-bounds_free,False,pillars,fm,10.0,4.0,pid_stopgo,0.5,,,Gen15,10.0,3.0,0.3,latest,fm_only,none,cuda,,10.0
74,pillars|fm|K10,/data/home/llim/FMPCC/FM-PCC/logs/UAV_MIX/uav-pillars/plans/mix_uav_fm/H8_Dmodels.diffusion.FlowMatchingODE_9D/Efm_K10_mpc4_pid_stopgo_T0.5,6,test,pillars_bounds+dynamics+geo_bounds+obstacles,model_free-bounds_free-tightened,model_free-bounds_free,True,pillars,fm,10.0,4.0,pid_stopgo,0.5,,,Gen15,10.0,3.0,0.3,latest,fm_only,none,cuda,,10.0
74,pillars|fm|K10,/data/home/llim/FMPCC/FM-PCC/logs/UAV_MIX/uav-pillars/plans/mix_uav_fm/H8_Dmodels.diffusion.FlowMatchingODE_9D/Efm_K10_mpc4_pid_stopgo_T0.5,6,test,pillars_bounds+dynamics+geo_bounds+obstacles,model_free-tightened,model_free,True,pillars,fm,10.0,4.0,pid_stopgo,0.5,,,Gen15,10.0,3.0,0.3,latest,fm_only,none,cuda,,10.0
74,pillars|fm|K10,/data/home/llim/FMPCC/FM-PCC/logs/UAV_MIX/uav-pillars/plans/mix_uav_fm/H8_Dmodels.diffusion.FlowMatchingODE_9D/Efm_K10_mpc4_pid_stopgo_T0.5,6,test,pillars_bounds+dynamics+geo_bounds+obstacles,post_processing,post_processing,False,pillars,fm,10.0,4.0,pid_stopgo,0.5,,,Gen15,10.0,3.0,0.3,latest,fm_only,none,cuda,,10.0
74,pillars|fm|K10,/data/home/llim/FMPCC/FM-PCC/logs/UAV_MIX/uav-pillars/plans/mix_uav_fm/H8_Dmodels.diffusion.FlowMatchingODE_9D/Efm_K10_mpc4_pid_stopgo_T0.5,6,test,pillars_bounds+dynamics+geo_bounds+obstacles,post_processing-tightened,post_processing,True,pillars,fm,10.0,4.0,pid_stopgo,0.5,,,Gen15,10.0,3.0,0.3,latest,fm_only,none,cuda,,10.0
75,pillars|fm|K1,/data/home/llim/FMPCC/FM-PCC/logs/UAV_MIX/uav-pillars/plans/mix_uav_fm/H8_Dmodels.diffusion.FlowMatchingODE_9D/Efm_K1_mpc4_pid_stopgo_T0.5,6,test,pillars_bounds+dynamics+geo_bounds+obstacles,diffuser,diffuser,False,pillars,fm,1.0,4.0,pid_stopgo,0.5,,,Gen15,1.0,10.0,0.3,best,fm_only,none,cuda,,1.0
75,pillars|fm|K1,/data/home/llim/FMPCC/FM-PCC/logs/UAV_MIX/uav-pillars/plans/mix_uav_fm/H8_Dmodels.diffusion.FlowMatchingODE_9D/Efm_K1_mpc4_pid_stopgo_T0.5,6,test,pillars_bounds+dynamics+geo_bounds+obstacles,dpcc-c,dpcc-c,False,pillars,fm,1.0,4.0,pid_stopgo,0.5,,,Gen15,1.0,10.0,0.3,best,fm_only,none,cuda,,1.0
75,pillars|fm|K1,/data/home/llim/FMPCC/FM-PCC/logs/UAV_MIX/uav-pillars/plans/mix_uav_fm/H8_Dmodels.diffusion.FlowMatchingODE_9D/Efm_K1_mpc4_pid_stopgo_T0.5,6,test,pillars_bounds+dynamics+geo_bounds+obstacles,dpcc-c-geo_free,dpcc-c-geo_free,False,pillars,fm,1.0,4.0,pid_stopgo,0.5,,,Gen15,1.0,10.0,0.3,best,fm_only,none,cuda,,1.0
75,pillars|fm|K1,/data/home/llim/FMPCC/FM-PCC/logs/UAV_MIX/uav-pillars/plans/mix_uav_fm/H8_Dmodels.diffusion.FlowMatchingODE_9D/Efm_K1_mpc4_pid_stopgo_T0.5,6,test,pillars_bounds+dynamics+geo_bounds+obstacles,dpcc-c-tightened,dpcc-c,True,pillars,fm,1.0,4.0,pid_stopgo,0.5,,,Gen15,1.0,10.0,0.3,best,fm_only,none,cuda,,1.0
75,pillars|fm|K1,/data/home/llim/FMPCC/FM-PCC/logs/UAV_MIX/uav-pillars/plans/mix_uav_fm/H8_Dmodels.diffusion.FlowMatchingODE_9D/Efm_K1_mpc4_pid_stopgo_T0.5,6,test,pillars_bounds+dynamics+geo_bounds+obstacles,dpcc-r,dpcc-r,False,pillars,fm,1.0,4.0,pid_stopgo,0.5,,,Gen15,1.0,10.0,0.3,best,fm_only,none,cuda,,1.0
75,pillars|fm|K1,/data/home/llim/FMPCC/FM-PCC/logs/UAV_MIX/uav-pillars/plans/mix_uav_fm/H8_Dmodels.diffusion.FlowMatchingODE_9D/Efm_K1_mpc4_pid_stopgo_T0.5,6,test,pillars_bounds+dynamics+geo_bounds+obstacles,dpcc-r-geo_free,dpcc-r-geo_free,False,pillars,fm,1.0,4.0,pid_stopgo,0.5,,,Gen15,1.0,10.0,0.3,best,fm_only,none,cuda,,1.0
75,pillars|fm|K1,/data/home/llim/FMPCC/FM-PCC/logs/UAV_MIX/uav-pillars/plans/mix_uav_fm/H8_Dmodels.diffusion.FlowMatchingODE_9D/Efm_K1_mpc4_pid_stopgo_T0.5,6,test,pillars_bounds+dynamics+geo_bounds+obstacles,dpcc-r-tightened,dpcc-r,True,pillars,fm,1.0,4.0,pid_stopgo,0.5,,,Gen15,1.0,10.0,0.3,best,fm_only,none,cuda,,1.0
75,pillars|fm|K1,/data/home/llim/FMPCC/FM-PCC/logs/UAV_MIX/uav-pillars/plans/mix_uav_fm/H8_Dmodels.diffusion.FlowMatchingODE_9D/Efm_K1_mpc4_pid_stopgo_T0.5,6,test,pillars_bounds+dynamics+geo_bounds+obstacles,dpcc-t,dpcc-t,False,pillars,fm,1.0,4.0,pid_stopgo,0.5,,,Gen15,1.0,10.0,0.3,best,fm_only,none,cuda,,1.0
75,pillars|fm|K1,/data/home/llim/FMPCC/FM-PCC/logs/UAV_MIX/uav-pillars/plans/mix_uav_fm/H8_Dmodels.diffusion.FlowMatchingODE_9D/Efm_K1_mpc4_pid_stopgo_T0.5,6,test,pillars_bounds+dynamics+geo_bounds+obstacles,dpcc-t-geo_free,dpcc-t-geo_free,False,pillars,fm,1.0,4.0,pid_stopgo,0.5,,,Gen15,1.0,10.0,0.3,best,fm_only,none,cuda,,1.0
75,pillars|fm|K1,/data/home/llim/FMPCC/FM-PCC/logs/UAV_MIX/uav-pillars/plans/mix_uav_fm/H8_Dmodels.diffusion.FlowMatchingODE_9D/Efm_K1_mpc4_pid_stopgo_T0.5,6,test,pillars_bounds+dynamics+geo_bounds+obstacles,dpcc-t-tightened,dpcc-t,True,pillars,fm,1.0,4.0,pid_stopgo,0.5,,,Gen15,1.0,10.0,0.3,best,fm_only,none,cuda,,1.0
75,pillars|fm|K1,/data/home/llim/FMPCC/FM-PCC/logs/UAV_MIX/uav-pillars/plans/mix_uav_fm/H8_Dmodels.diffusion.FlowMatchingODE_9D/Efm_K1_mpc4_pid_stopgo_T0.5,6,test,pillars_bounds+dynamics+geo_bounds+obstacles,hardflow_new,hardflow_new,False,pillars,fm,1.0,4.0,pid_stopgo,0.5,,,Gen15,1.0,10.0,0.3,best,fm_only,none,cuda,,1.0
75,pillars|fm|K1,/data/home/llim/FMPCC/FM-PCC/logs/UAV_MIX/uav-pillars/plans/mix_uav_fm/H8_Dmodels.diffusion.FlowMatchingODE_9D/Efm_K1_mpc4_pid_stopgo_T0.5,6,test,pillars_bounds+dynamics+geo_bounds+obstacles,hardflow_new-c,hardflow_new-c,False,pillars,fm,1.0,4.0,pid_stopgo,0.5,,,Gen15,1.0,10.0,0.3,best,fm_only,none,cuda,,1.0
75,pillars|fm|K1,/data/home/llim/FMPCC/FM-PCC/logs/UAV_MIX/uav-pillars/plans/mix_uav_fm/H8_Dmodels.diffusion.FlowMatchingODE_9D/Efm_K1_mpc4_pid_stopgo_T0.5,6,test,pillars_bounds+dynamics+geo_bounds+obstacles,hardflow_new-c-geo_free,hardflow_new-c-geo_free,False,pillars,fm,1.0,4.0,pid_stopgo,0.5,,,Gen15,1.0,10.0,0.3,best,fm_only,none,cuda,,1.0
75,pillars|fm|K1,/data/home/llim/FMPCC/FM-PCC/logs/UAV_MIX/uav-pillars/plans/mix_uav_fm/H8_Dmodels.diffusion.FlowMatchingODE_9D/Efm_K1_mpc4_pid_stopgo_T0.5,6,test,pillars_bounds+dynamics+geo_bounds+obstacles,hardflow_new-r,hardflow_new-r,False,pillars,fm,1.0,4.0,pid_stopgo,0.5,,,Gen15,1.0,10.0,0.3,best,fm_only,none,cuda,,1.0
75,pillars|fm|K1,/data/home/llim/FMPCC/FM-PCC/logs/UAV_MIX/uav-pillars/plans/mix_uav_fm/H8_Dmodels.diffusion.FlowMatchingODE_9D/Efm_K1_mpc4_pid_stopgo_T0.5,6,test,pillars_bounds+dynamics+geo_bounds+obstacles,hardflow_new-r-geo_free,hardflow_new-r-geo_free,False,pillars,fm,1.0,4.0,pid_stopgo,0.5,,,Gen15,1.0,10.0,0.3,best,fm_only,none,cuda,,1.0
75,pillars|fm|K1,/data/home/llim/FMPCC/FM-PCC/logs/UAV_MIX/uav-pillars/plans/mix_uav_fm/H8_Dmodels.diffusion.FlowMatchingODE_9D/Efm_K1_mpc4_pid_stopgo_T0.5,6,test,pillars_bounds+dynamics+geo_bounds+obstacles,hardflow_new-t,hardflow_new-t,False,pillars,fm,1.0,4.0,pid_stopgo,0.5,,,Gen15,1.0,10.0,0.3,best,fm_only,none,cuda,,1.0
75,pillars|fm|K1,/data/home/llim/FMPCC/FM-PCC/logs/UAV_MIX/uav-pillars/plans/mix_uav_fm/H8_Dmodels.diffusion.FlowMatchingODE_9D/Efm_K1_mpc4_pid_stopgo_T0.5,6,test,pillars_bounds+dynamics+geo_bounds+obstacles,hardflow_new-t-geo_free,hardflow_new-t-geo_free,False,pillars,fm,1.0,4.0,pid_stopgo,0.5,,,Gen15,1.0,10.0,0.3,best,fm_only,none,cuda,,1.0
76,pillars|fm|K1|@u7hg,/data/home/llim/FMPCC/FM-PCC/logs/UAV_MIX/uav-pillars/plans/mix_uav_fm/H8_Dmodels.diffusion.FlowMatchingODE_9D/Efm_K1_mpc4_pid_stopgo_T0.5_u7hg,6,test,pillars_hg_bounds+dynamics+geo_bounds+obstacles,diffuser,diffuser,False,pillars,fm,1.0,4.0,pid_stopgo,0.5,u7hg,,Gen15,1.0,10.0,0.3,,fm_only,none,cuda,,1.0
76,pillars|fm|K1|@u7hg,/data/home/llim/FMPCC/FM-PCC/logs/UAV_MIX/uav-pillars/plans/mix_uav_fm/H8_Dmodels.diffusion.FlowMatchingODE_9D/Efm_K1_mpc4_pid_stopgo_T0.5_u7hg,6,test,pillars_hg_bounds+dynamics+geo_bounds+obstacles,dpcc-c,dpcc-c,False,pillars,fm,1.0,4.0,pid_stopgo,0.5,u7hg,,Gen15,1.0,10.0,0.3,,fm_only,none,cuda,,1.0
76,pillars|fm|K1|@u7hg,/data/home/llim/FMPCC/FM-PCC/logs/UAV_MIX/uav-pillars/plans/mix_uav_fm/H8_Dmodels.diffusion.FlowMatchingODE_9D/Efm_K1_mpc4_pid_stopgo_T0.5_u7hg,6,test,pillars_hg_bounds+dynamics+geo_bounds+obstacles,dpcc-c-geo_free,dpcc-c-geo_free,False,pillars,fm,1.0,4.0,pid_stopgo,0.5,u7hg,,Gen15,1.0,10.0,0.3,,fm_only,none,cuda,,1.0
76,pillars|fm|K1|@u7hg,/data/home/llim/FMPCC/FM-PCC/logs/UAV_MIX/uav-pillars/plans/mix_uav_fm/H8_Dmodels.diffusion.FlowMatchingODE_9D/Efm_K1_mpc4_pid_stopgo_T0.5_u7hg,6,test,pillars_hg_bounds+dynamics+geo_bounds+obstacles,dpcc-c-tightened,dpcc-c,True,pillars,fm,1.0,4.0,pid_stopgo,0.5,u7hg,,Gen15,1.0,10.0,0.3,,fm_only,none,cuda,,1.0
76,pillars|fm|K1|@u7hg,/data/home/llim/FMPCC/FM-PCC/logs/UAV_MIX/uav-pillars/plans/mix_uav_fm/H8_Dmodels.diffusion.FlowMatchingODE_9D/Efm_K1_mpc4_pid_stopgo_T0.5_u7hg,6,test,pillars_hg_bounds+dynamics+geo_bounds+obstacles,dpcc-r,dpcc-r,False,pillars,fm,1.0,4.0,pid_stopgo,0.5,u7hg,,Gen15,1.0,10.0,0.3,,fm_only,none,cuda,,1.0
76,pillars|fm|K1|@u7hg,/data/home/llim/FMPCC/FM-PCC/logs/UAV_MIX/uav-pillars/plans/mix_uav_fm/H8_Dmodels.diffusion.FlowMatchingODE_9D/Efm_K1_mpc4_pid_stopgo_T0.5_u7hg,6,test,pillars_hg_bounds+dynamics+geo_bounds+obstacles,dpcc-r-geo_free,dpcc-r-geo_free,False,pillars,fm,1.0,4.0,pid_stopgo,0.5,u7hg,,Gen15,1.0,10.0,0.3,,fm_only,none,cuda,,1.0
76,pillars|fm|K1|@u7hg,/data/home/llim/FMPCC/FM-PCC/logs/UAV_MIX/uav-pillars/plans/mix_uav_fm/H8_Dmodels.diffusion.FlowMatchingODE_9D/Efm_K1_mpc4_pid_stopgo_T0.5_u7hg,6,test,pillars_hg_bounds+dynamics+geo_bounds+obstacles,dpcc-r-tightened,dpcc-r,True,pillars,fm,1.0,4.0,pid_stopgo,0.5,u7hg,,Gen15,1.0,10.0,0.3,,fm_only,none,cuda,,1.0
76,pillars|fm|K1|@u7hg,/data/home/llim/FMPCC/FM-PCC/logs/UAV_MIX/uav-pillars/plans/mix_uav_fm/H8_Dmodels.diffusion.FlowMatchingODE_9D/Efm_K1_mpc4_pid_stopgo_T0.5_u7hg,6,test,pillars_hg_bounds+dynamics+geo_bounds+obstacles,dpcc-t,dpcc-t,False,pillars,fm,1.0,4.0,pid_stopgo,0.5,u7hg,,Gen15,1.0,10.0,0.3,,fm_only,none,cuda,,1.0
76,pillars|fm|K1|@u7hg,/data/home/llim/FMPCC/FM-PCC/logs/UAV_MIX/uav-pillars/plans/mix_uav_fm/H8_Dmodels.diffusion.FlowMatchingODE_9D/Efm_K1_mpc4_pid_stopgo_T0.5_u7hg,6,test,pillars_hg_bounds+dynamics+geo_bounds+obstacles,dpcc-t-geo_free,dpcc-t-geo_free,False,pillars,fm,1.0,4.0,pid_stopgo,0.5,u7hg,,Gen15,1.0,10.0,0.3,,fm_only,none,cuda,,1.0
76,pillars|fm|K1|@u7hg,/data/home/llim/FMPCC/FM-PCC/logs/UAV_MIX/uav-pillars/plans/mix_uav_fm/H8_Dmodels.diffusion.FlowMatchingODE_9D/Efm_K1_mpc4_pid_stopgo_T0.5_u7hg,6,test,pillars_hg_bounds+dynamics+geo_bounds+obstacles,dpcc-t-tightened,dpcc-t,True,pillars,fm,1.0,4.0,pid_stopgo,0.5,u7hg,,Gen15,1.0,10.0,0.3,,fm_only,none,cuda,,1.0
77,pillars|fm|K20,/data/home/llim/FMPCC/FM-PCC/logs/UAV_MIX/uav-pillars/plans/mix_uav_fm/H8_Dmodels.diffusion.FlowMatchingODE_9D/Efm_K20_mpc4_pid_stopgo_T0.5,6,test,pillars_bounds+dynamics+geo_bounds+obstacles,diffuser,diffuser,False,pillars,fm,20.0,4.0,pid_stopgo,0.5,,,Gen15,20.0,10.0,0.3,best,fm_only,none,cuda,,20.0
77,pillars|fm|K20,/data/home/llim/FMPCC/FM-PCC/logs/UAV_MIX/uav-pillars/plans/mix_uav_fm/H8_Dmodels.diffusion.FlowMatchingODE_9D/Efm_K20_mpc4_pid_stopgo_T0.5,6,test,pillars_bounds+dynamics+geo_bounds+obstacles,dpcc-c,dpcc-c,False,pillars,fm,20.0,4.0,pid_stopgo,0.5,,,Gen15,20.0,10.0,0.3,best,fm_only,none,cuda,,20.0
77,pillars|fm|K20,/data/home/llim/FMPCC/FM-PCC/logs/UAV_MIX/uav-pillars/plans/mix_uav_fm/H8_Dmodels.diffusion.FlowMatchingODE_9D/Efm_K20_mpc4_pid_stopgo_T0.5,6,test,pillars_bounds+dynamics+geo_bounds+obstacles,dpcc-r,dpcc-r,False,pillars,fm,20.0,4.0,pid_stopgo,0.5,,,Gen15,20.0,10.0,0.3,best,fm_only,none,cuda,,20.0
77,pillars|fm|K20,/data/home/llim/FMPCC/FM-PCC/logs/UAV_MIX/uav-pillars/plans/mix_uav_fm/H8_Dmodels.diffusion.FlowMatchingODE_9D/Efm_K20_mpc4_pid_stopgo_T0.5,6,test,pillars_bounds+dynamics+geo_bounds+obstacles,dpcc-r-tightened,dpcc-r,True,pillars,fm,20.0,4.0,pid_stopgo,0.5,,,Gen15,20.0,10.0,0.3,best,fm_only,none,cuda,,20.0
78,pillars|fm|K2,/data/home/llim/FMPCC/FM-PCC/logs/UAV_MIX/uav-pillars/plans/mix_uav_fm/H8_Dmodels.diffusion.FlowMatchingODE_9D/Efm_K2_mpc4_pid_stopgo_T0.5,6,test,pillars_bounds+dynamics+geo_bounds+obstacles,diffuser,diffuser,False,pillars,fm,2.0,4.0,pid_stopgo,0.5,,,Gen15,2.0,10.0,0.3,best,fm_only,none,cuda,,2.0
78,pillars|fm|K2,/data/home/llim/FMPCC/FM-PCC/logs/UAV_MIX/uav-pillars/plans/mix_uav_fm/H8_Dmodels.diffusion.FlowMatchingODE_9D/Efm_K2_mpc4_pid_stopgo_T0.5,6,test,pillars_bounds+dynamics+geo_bounds+obstacles,dpcc-c,dpcc-c,False,pillars,fm,2.0,4.0,pid_stopgo,0.5,,,Gen15,2.0,10.0,0.3,best,fm_only,none,cuda,,2.0
78,pillars|fm|K2,/data/home/llim/FMPCC/FM-PCC/logs/UAV_MIX/uav-pillars/plans/mix_uav_fm/H8_Dmodels.diffusion.FlowMatchingODE_9D/Efm_K2_mpc4_pid_stopgo_T0.5,6,test,pillars_bounds+dynamics+geo_bounds+obstacles,dpcc-c-geo_free,dpcc-c-geo_free,False,pillars,fm,2.0,4.0,pid_stopgo,0.5,,,Gen15,2.0,10.0,0.3,best,fm_only,none,cuda,,2.0
78,pillars|fm|K2,/data/home/llim/FMPCC/FM-PCC/logs/UAV_MIX/uav-pillars/plans/mix_uav_fm/H8_Dmodels.diffusion.FlowMatchingODE_9D/Efm_K2_mpc4_pid_stopgo_T0.5,6,test,pillars_bounds+dynamics+geo_bounds+obstacles,dpcc-c-tightened,dpcc-c,True,pillars,fm,2.0,4.0,pid_stopgo,0.5,,,Gen15,2.0,10.0,0.3,best,fm_only,none,cuda,,2.0
78,pillars|fm|K2,/data/home/llim/FMPCC/FM-PCC/logs/UAV_MIX/uav-pillars/plans/mix_uav_fm/H8_Dmodels.diffusion.FlowMatchingODE_9D/Efm_K2_mpc4_pid_stopgo_T0.5,6,test,pillars_bounds+dynamics+geo_bounds+obstacles,dpcc-r,dpcc-r,False,pillars,fm,2.0,4.0,pid_stopgo,0.5,,,Gen15,2.0,10.0,0.3,best,fm_only,none,cuda,,2.0
78,pillars|fm|K2,/data/home/llim/FMPCC/FM-PCC/logs/UAV_MIX/uav-pillars/plans/mix_uav_fm/H8_Dmodels.diffusion.FlowMatchingODE_9D/Efm_K2_mpc4_pid_stopgo_T0.5,6,test,pillars_bounds+dynamics+geo_bounds+obstacles,dpcc-r-geo_free,dpcc-r-geo_free,False,pillars,fm,2.0,4.0,pid_stopgo,0.5,,,Gen15,2.0,10.0,0.3,best,fm_only,none,cuda,,2.0
78,pillars|fm|K2,/data/home/llim/FMPCC/FM-PCC/logs/UAV_MIX/uav-pillars/plans/mix_uav_fm/H8_Dmodels.diffusion.FlowMatchingODE_9D/Efm_K2_mpc4_pid_stopgo_T0.5,6,test,pillars_bounds+dynamics+geo_bounds+obstacles,dpcc-r-tightened,dpcc-r,True,pillars,fm,2.0,4.0,pid_stopgo,0.5,,,Gen15,2.0,10.0,0.3,best,fm_only,none,cuda,,2.0
78,pillars|fm|K2,/data/home/llim/FMPCC/FM-PCC/logs/UAV_MIX/uav-pillars/plans/mix_uav_fm/H8_Dmodels.diffusion.FlowMatchingODE_9D/Efm_K2_mpc4_pid_stopgo_T0.5,6,test,pillars_bounds+dynamics+geo_bounds+obstacles,dpcc-t,dpcc-t,False,pillars,fm,2.0,4.0,pid_stopgo,0.5,,,Gen15,2.0,10.0,0.3,best,fm_only,none,cuda,,2.0
78,pillars|fm|K2,/data/home/llim/FMPCC/FM-PCC/logs/UAV_MIX/uav-pillars/plans/mix_uav_fm/H8_Dmodels.diffusion.FlowMatchingODE_9D/Efm_K2_mpc4_pid_stopgo_T0.5,6,test,pillars_bounds+dynamics+geo_bounds+obstacles,dpcc-t-geo_free,dpcc-t-geo_free,False,pillars,fm,2.0,4.0,pid_stopgo,0.5,,,Gen15,2.0,10.0,0.3,best,fm_only,none,cuda,,2.0
78,pillars|fm|K2,/data/home/llim/FMPCC/FM-PCC/logs/UAV_MIX/uav-pillars/plans/mix_uav_fm/H8_Dmodels.diffusion.FlowMatchingODE_9D/Efm_K2_mpc4_pid_stopgo_T0.5,6,test,pillars_bounds+dynamics+geo_bounds+obstacles,dpcc-t-tightened,dpcc-t,True,pillars,fm,2.0,4.0,pid_stopgo,0.5,,,Gen15,2.0,10.0,0.3,best,fm_only,none,cuda,,2.0
78,pillars|fm|K2,/data/home/llim/FMPCC/FM-PCC/logs/UAV_MIX/uav-pillars/plans/mix_uav_fm/H8_Dmodels.diffusion.FlowMatchingODE_9D/Efm_K2_mpc4_pid_stopgo_T0.5,6,test,pillars_bounds+dynamics+geo_bounds+obstacles,hardflow_new,hardflow_new,False,pillars,fm,2.0,4.0,pid_stopgo,0.5,,,Gen15,2.0,10.0,0.3,best,fm_only,none,cuda,,2.0
78,pillars|fm|K2,/data/home/llim/FMPCC/FM-PCC/logs/UAV_MIX/uav-pillars/plans/mix_uav_fm/H8_Dmodels.diffusion.FlowMatchingODE_9D/Efm_K2_mpc4_pid_stopgo_T0.5,6,test,pillars_bounds+dynamics+geo_bounds+obstacles,hardflow_new-c,hardflow_new-c,False,pillars,fm,2.0,4.0,pid_stopgo,0.5,,,Gen15,2.0,10.0,0.3,best,fm_only,none,cuda,,2.0
78,pillars|fm|K2,/data/home/llim/FMPCC/FM-PCC/logs/UAV_MIX/uav-pillars/plans/mix_uav_fm/H8_Dmodels.diffusion.FlowMatchingODE_9D/Efm_K2_mpc4_pid_stopgo_T0.5,6,test,pillars_bounds+dynamics+geo_bounds+obstacles,hardflow_new-c-geo_free,hardflow_new-c-geo_free,False,pillars,fm,2.0,4.0,pid_stopgo,0.5,,,Gen15,2.0,10.0,0.3,best,fm_only,none,cuda,,2.0
78,pillars|fm|K2,/data/home/llim/FMPCC/FM-PCC/logs/UAV_MIX/uav-pillars/plans/mix_uav_fm/H8_Dmodels.diffusion.FlowMatchingODE_9D/Efm_K2_mpc4_pid_stopgo_T0.5,6,test,pillars_bounds+dynamics+geo_bounds+obstacles,hardflow_new-r,hardflow_new-r,False,pillars,fm,2.0,4.0,pid_stopgo,0.5,,,Gen15,2.0,10.0,0.3,best,fm_only,none,cuda,,2.0
78,pillars|fm|K2,/data/home/llim/FMPCC/FM-PCC/logs/UAV_MIX/uav-pillars/plans/mix_uav_fm/H8_Dmodels.diffusion.FlowMatchingODE_9D/Efm_K2_mpc4_pid_stopgo_T0.5,6,test,pillars_bounds+dynamics+geo_bounds+obstacles,hardflow_new-r-geo_free,hardflow_new-r-geo_free,False,pillars,fm,2.0,4.0,pid_stopgo,0.5,,,Gen15,2.0,10.0,0.3,best,fm_only,none,cuda,,2.0
78,pillars|fm|K2,/data/home/llim/FMPCC/FM-PCC/logs/UAV_MIX/uav-pillars/plans/mix_uav_fm/H8_Dmodels.diffusion.FlowMatchingODE_9D/Efm_K2_mpc4_pid_stopgo_T0.5,6,test,pillars_bounds+dynamics+geo_bounds+obstacles,hardflow_new-t,hardflow_new-t,False,pillars,fm,2.0,4.0,pid_stopgo,0.5,,,Gen15,2.0,10.0,0.3,best,fm_only,none,cuda,,2.0
78,pillars|fm|K2,/data/home/llim/FMPCC/FM-PCC/logs/UAV_MIX/uav-pillars/plans/mix_uav_fm/H8_Dmodels.diffusion.FlowMatchingODE_9D/Efm_K2_mpc4_pid_stopgo_T0.5,6,test,pillars_bounds+dynamics+geo_bounds+obstacles,hardflow_new-t-geo_free,hardflow_new-t-geo_free,False,pillars,fm,2.0,4.0,pid_stopgo,0.5,,,Gen15,2.0,10.0,0.3,best,fm_only,none,cuda,,2.0
79,pillars|fm|K2|@u7hg,/data/home/llim/FMPCC/FM-PCC/logs/UAV_MIX/uav-pillars/plans/mix_uav_fm/H8_Dmodels.diffusion.FlowMatchingODE_9D/Efm_K2_mpc4_pid_stopgo_T0.5_u7hg,6,test,pillars_hg_bounds+dynamics+geo_bounds+obstacles,diffuser,diffuser,False,pillars,fm,2.0,4.0,pid_stopgo,0.5,u7hg,,Gen15,2.0,10.0,0.3,,fm_only,none,cuda,,2.0
79,pillars|fm|K2|@u7hg,/data/home/llim/FMPCC/FM-PCC/logs/UAV_MIX/uav-pillars/plans/mix_uav_fm/H8_Dmodels.diffusion.FlowMatchingODE_9D/Efm_K2_mpc4_pid_stopgo_T0.5_u7hg,6,test,pillars_hg_bounds+dynamics+geo_bounds+obstacles,dpcc-c,dpcc-c,False,pillars,fm,2.0,4.0,pid_stopgo,0.5,u7hg,,Gen15,2.0,10.0,0.3,,fm_only,none,cuda,,2.0
79,pillars|fm|K2|@u7hg,/data/home/llim/FMPCC/FM-PCC/logs/UAV_MIX/uav-pillars/plans/mix_uav_fm/H8_Dmodels.diffusion.FlowMatchingODE_9D/Efm_K2_mpc4_pid_stopgo_T0.5_u7hg,6,test,pillars_hg_bounds+dynamics+geo_bounds+obstacles,dpcc-c-geo_free,dpcc-c-geo_free,False,pillars,fm,2.0,4.0,pid_stopgo,0.5,u7hg,,Gen15,2.0,10.0,0.3,,fm_only,none,cuda,,2.0
79,pillars|fm|K2|@u7hg,/data/home/llim/FMPCC/FM-PCC/logs/UAV_MIX/uav-pillars/plans/mix_uav_fm/H8_Dmodels.diffusion.FlowMatchingODE_9D/Efm_K2_mpc4_pid_stopgo_T0.5_u7hg,6,test,pillars_hg_bounds+dynamics+geo_bounds+obstacles,dpcc-c-tightened,dpcc-c,True,pillars,fm,2.0,4.0,pid_stopgo,0.5,u7hg,,Gen15,2.0,10.0,0.3,,fm_only,none,cuda,,2.0
79,pillars|fm|K2|@u7hg,/data/home/llim/FMPCC/FM-PCC/logs/UAV_MIX/uav-pillars/plans/mix_uav_fm/H8_Dmodels.diffusion.FlowMatchingODE_9D/Efm_K2_mpc4_pid_stopgo_T0.5_u7hg,6,test,pillars_hg_bounds+dynamics+geo_bounds+obstacles,dpcc-r,dpcc-r,False,pillars,fm,2.0,4.0,pid_stopgo,0.5,u7hg,,Gen15,2.0,10.0,0.3,,fm_only,none,cuda,,2.0
79,pillars|fm|K2|@u7hg,/data/home/llim/FMPCC/FM-PCC/logs/UAV_MIX/uav-pillars/plans/mix_uav_fm/H8_Dmodels.diffusion.FlowMatchingODE_9D/Efm_K2_mpc4_pid_stopgo_T0.5_u7hg,6,test,pillars_hg_bounds+dynamics+geo_bounds+obstacles,dpcc-r-geo_free,dpcc-r-geo_free,False,pillars,fm,2.0,4.0,pid_stopgo,0.5,u7hg,,Gen15,2.0,10.0,0.3,,fm_only,none,cuda,,2.0
79,pillars|fm|K2|@u7hg,/data/home/llim/FMPCC/FM-PCC/logs/UAV_MIX/uav-pillars/plans/mix_uav_fm/H8_Dmodels.diffusion.FlowMatchingODE_9D/Efm_K2_mpc4_pid_stopgo_T0.5_u7hg,6,test,pillars_hg_bounds+dynamics+geo_bounds+obstacles,dpcc-r-tightened,dpcc-r,True,pillars,fm,2.0,4.0,pid_stopgo,0.5,u7hg,,Gen15,2.0,10.0,0.3,,fm_only,none,cuda,,2.0
79,pillars|fm|K2|@u7hg,/data/home/llim/FMPCC/FM-PCC/logs/UAV_MIX/uav-pillars/plans/mix_uav_fm/H8_Dmodels.diffusion.FlowMatchingODE_9D/Efm_K2_mpc4_pid_stopgo_T0.5_u7hg,6,test,pillars_hg_bounds+dynamics+geo_bounds+obstacles,dpcc-t,dpcc-t,False,pillars,fm,2.0,4.0,pid_stopgo,0.5,u7hg,,Gen15,2.0,10.0,0.3,,fm_only,none,cuda,,2.0
79,pillars|fm|K2|@u7hg,/data/home/llim/FMPCC/FM-PCC/logs/UAV_MIX/uav-pillars/plans/mix_uav_fm/H8_Dmodels.diffusion.FlowMatchingODE_9D/Efm_K2_mpc4_pid_stopgo_T0.5_u7hg,6,test,pillars_hg_bounds+dynamics+geo_bounds+obstacles,dpcc-t-geo_free,dpcc-t-geo_free,False,pillars,fm,2.0,4.0,pid_stopgo,0.5,u7hg,,Gen15,2.0,10.0,0.3,,fm_only,none,cuda,,2.0
79,pillars|fm|K2|@u7hg,/data/home/llim/FMPCC/FM-PCC/logs/UAV_MIX/uav-pillars/plans/mix_uav_fm/H8_Dmodels.diffusion.FlowMatchingODE_9D/Efm_K2_mpc4_pid_stopgo_T0.5_u7hg,6,test,pillars_hg_bounds+dynamics+geo_bounds+obstacles,dpcc-t-tightened,dpcc-t,True,pillars,fm,2.0,4.0,pid_stopgo,0.5,u7hg,,Gen15,2.0,10.0,0.3,,fm_only,none,cuda,,2.0
80,pillars|fm|K2|@u7hga1,/data/home/llim/FMPCC/FM-PCC/logs/UAV_MIX/uav-pillars/plans/mix_uav_fm/H8_Dmodels.diffusion.FlowMatchingODE_9D/Efm_K2_mpc4_pid_stopgo_T0.5_u7hga1,6,test,pillars_hg_bounds+dynamics+geo_bounds+obstacles,dpcc-t,dpcc-t,False,pillars,fm,2.0,4.0,pid_stopgo,0.5,u7hga1,,Gen15,2.0,10.0,0.3,,fm_only,none,cuda,,2.0
80,pillars|fm|K2|@u7hga1,/data/home/llim/FMPCC/FM-PCC/logs/UAV_MIX/uav-pillars/plans/mix_uav_fm/H8_Dmodels.diffusion.FlowMatchingODE_9D/Efm_K2_mpc4_pid_stopgo_T0.5_u7hga1,6,test,pillars_hg_bounds+dynamics+geo_bounds+obstacles,hardflow_sls,hardflow_sls,False,pillars,fm,2.0,4.0,pid_stopgo,0.5,u7hga1,,Gen15,2.0,10.0,0.3,,fm_only,none,cuda,,2.0
80,pillars|fm|K2|@u7hga1,/data/home/llim/FMPCC/FM-PCC/logs/UAV_MIX/uav-pillars/plans/mix_uav_fm/H8_Dmodels.diffusion.FlowMatchingODE_9D/Efm_K2_mpc4_pid_stopgo_T0.5_u7hga1,6,test,pillars_hg_bounds+dynamics+geo_bounds+obstacles,hardflow_sls-c,hardflow_sls-c,False,pillars,fm,2.0,4.0,pid_stopgo,0.5,u7hga1,,Gen15,2.0,10.0,0.3,,fm_only,none,cuda,,2.0
80,pillars|fm|K2|@u7hga1,/data/home/llim/FMPCC/FM-PCC/logs/UAV_MIX/uav-pillars/plans/mix_uav_fm/H8_Dmodels.diffusion.FlowMatchingODE_9D/Efm_K2_mpc4_pid_stopgo_T0.5_u7hga1,6,test,pillars_hg_bounds+dynamics+geo_bounds+obstacles,hardflow_sls-r,hardflow_sls-r,False,pillars,fm,2.0,4.0,pid_stopgo,0.5,u7hga1,,Gen15,2.0,10.0,0.3,,fm_only,none,cuda,,2.0
80,pillars|fm|K2|@u7hga1,/data/home/llim/FMPCC/FM-PCC/logs/UAV_MIX/uav-pillars/plans/mix_uav_fm/H8_Dmodels.diffusion.FlowMatchingODE_9D/Efm_K2_mpc4_pid_stopgo_T0.5_u7hga1,6,test,pillars_hg_bounds+dynamics+geo_bounds+obstacles,hardflow_sls-t,hardflow_sls-t,False,pillars,fm,2.0,4.0,pid_stopgo,0.5,u7hga1,,Gen15,2.0,10.0,0.3,,fm_only,none,cuda,,2.0
81,pillars|fm|K5,/data/home/llim/FMPCC/FM-PCC/logs/UAV_MIX/uav-pillars/plans/mix_uav_fm/H8_Dmodels.diffusion.FlowMatchingODE_9D/Efm_K5_mpc4_pid_stopgo_T0.5,6,test,pillars_bounds+dynamics+geo_bounds+obstacles,diffuser,diffuser,False,pillars,fm,5.0,4.0,pid_stopgo,0.5,,,Gen15,5.0,10.0,0.3,best,fm_only,none,cuda,,5.0
81,pillars|fm|K5,/data/home/llim/FMPCC/FM-PCC/logs/UAV_MIX/uav-pillars/plans/mix_uav_fm/H8_Dmodels.diffusion.FlowMatchingODE_9D/Efm_K5_mpc4_pid_stopgo_T0.5,6,test,pillars_bounds+dynamics+geo_bounds+obstacles,dpcc-c,dpcc-c,False,pillars,fm,5.0,4.0,pid_stopgo,0.5,,,Gen15,5.0,10.0,0.3,best,fm_only,none,cuda,,5.0
81,pillars|fm|K5,/data/home/llim/FMPCC/FM-PCC/logs/UAV_MIX/uav-pillars/plans/mix_uav_fm/H8_Dmodels.diffusion.FlowMatchingODE_9D/Efm_K5_mpc4_pid_stopgo_T0.5,6,test,pillars_bounds+dynamics+geo_bounds+obstacles,dpcc-c-geo_free,dpcc-c-geo_free,False,pillars,fm,5.0,4.0,pid_stopgo,0.5,,,Gen15,5.0,10.0,0.3,best,fm_only,none,cuda,,5.0
81,pillars|fm|K5,/data/home/llim/FMPCC/FM-PCC/logs/UAV_MIX/uav-pillars/plans/mix_uav_fm/H8_Dmodels.diffusion.FlowMatchingODE_9D/Efm_K5_mpc4_pid_stopgo_T0.5,6,test,pillars_bounds+dynamics+geo_bounds+obstacles,dpcc-c-tightened,dpcc-c,True,pillars,fm,5.0,4.0,pid_stopgo,0.5,,,Gen15,5.0,10.0,0.3,best,fm_only,none,cuda,,5.0
81,pillars|fm|K5,/data/home/llim/FMPCC/FM-PCC/logs/UAV_MIX/uav-pillars/plans/mix_uav_fm/H8_Dmodels.diffusion.FlowMatchingODE_9D/Efm_K5_mpc4_pid_stopgo_T0.5,6,test,pillars_bounds+dynamics+geo_bounds+obstacles,dpcc-r,dpcc-r,False,pillars,fm,5.0,4.0,pid_stopgo,0.5,,,Gen15,5.0,10.0,0.3,best,fm_only,none,cuda,,5.0
81,pillars|fm|K5,/data/home/llim/FMPCC/FM-PCC/logs/UAV_MIX/uav-pillars/plans/mix_uav_fm/H8_Dmodels.diffusion.FlowMatchingODE_9D/Efm_K5_mpc4_pid_stopgo_T0.5,6,test,pillars_bounds+dynamics+geo_bounds+obstacles,dpcc-r-geo_free,dpcc-r-geo_free,False,pillars,fm,5.0,4.0,pid_stopgo,0.5,,,Gen15,5.0,10.0,0.3,best,fm_only,none,cuda,,5.0
81,pillars|fm|K5,/data/home/llim/FMPCC/FM-PCC/logs/UAV_MIX/uav-pillars/plans/mix_uav_fm/H8_Dmodels.diffusion.FlowMatchingODE_9D/Efm_K5_mpc4_pid_stopgo_T0.5,6,test,pillars_bounds+dynamics+geo_bounds+obstacles,dpcc-r-tightened,dpcc-r,True,pillars,fm,5.0,4.0,pid_stopgo,0.5,,,Gen15,5.0,10.0,0.3,best,fm_only,none,cuda,,5.0
81,pillars|fm|K5,/data/home/llim/FMPCC/FM-PCC/logs/UAV_MIX/uav-pillars/plans/mix_uav_fm/H8_Dmodels.diffusion.FlowMatchingODE_9D/Efm_K5_mpc4_pid_stopgo_T0.5,6,test,pillars_bounds+dynamics+geo_bounds+obstacles,dpcc-t,dpcc-t,False,pillars,fm,5.0,4.0,pid_stopgo,0.5,,,Gen15,5.0,10.0,0.3,best,fm_only,none,cuda,,5.0
81,pillars|fm|K5,/data/home/llim/FMPCC/FM-PCC/logs/UAV_MIX/uav-pillars/plans/mix_uav_fm/H8_Dmodels.diffusion.FlowMatchingODE_9D/Efm_K5_mpc4_pid_stopgo_T0.5,6,test,pillars_bounds+dynamics+geo_bounds+obstacles,dpcc-t-geo_free,dpcc-t-geo_free,False,pillars,fm,5.0,4.0,pid_stopgo,0.5,,,Gen15,5.0,10.0,0.3,best,fm_only,none,cuda,,5.0
81,pillars|fm|K5,/data/home/llim/FMPCC/FM-PCC/logs/UAV_MIX/uav-pillars/plans/mix_uav_fm/H8_Dmodels.diffusion.FlowMatchingODE_9D/Efm_K5_mpc4_pid_stopgo_T0.5,6,test,pillars_bounds+dynamics+geo_bounds+obstacles,dpcc-t-tightened,dpcc-t,True,pillars,fm,5.0,4.0,pid_stopgo,0.5,,,Gen15,5.0,10.0,0.3,best,fm_only,none,cuda,,5.0
81,pillars|fm|K5,/data/home/llim/FMPCC/FM-PCC/logs/UAV_MIX/uav-pillars/plans/mix_uav_fm/H8_Dmodels.diffusion.FlowMatchingODE_9D/Efm_K5_mpc4_pid_stopgo_T0.5,6,test,pillars_bounds+dynamics+geo_bounds+obstacles,hardflow_sls,hardflow_sls,False,pillars,fm,5.0,4.0,pid_stopgo,0.5,,,Gen15,5.0,10.0,0.3,best,fm_only,none,cuda,,5.0
81,pillars|fm|K5,/data/home/llim/FMPCC/FM-PCC/logs/UAV_MIX/uav-pillars/plans/mix_uav_fm/H8_Dmodels.diffusion.FlowMatchingODE_9D/Efm_K5_mpc4_pid_stopgo_T0.5,6,test,pillars_bounds+dynamics+geo_bounds+obstacles,hardflow_sls-c,hardflow_sls-c,False,pillars,fm,5.0,4.0,pid_stopgo,0.5,,,Gen15,5.0,10.0,0.3,best,fm_only,none,cuda,,5.0
81,pillars|fm|K5,/data/home/llim/FMPCC/FM-PCC/logs/UAV_MIX/uav-pillars/plans/mix_uav_fm/H8_Dmodels.diffusion.FlowMatchingODE_9D/Efm_K5_mpc4_pid_stopgo_T0.5,6,test,pillars_bounds+dynamics+geo_bounds+obstacles,hardflow_sls-c-geo_free,hardflow_sls-c-geo_free,False,pillars,fm,5.0,4.0,pid_stopgo,0.5,,,Gen15,5.0,10.0,0.3,best,fm_only,none,cuda,,5.0
81,pillars|fm|K5,/data/home/llim/FMPCC/FM-PCC/logs/UAV_MIX/uav-pillars/plans/mix_uav_fm/H8_Dmodels.diffusion.FlowMatchingODE_9D/Efm_K5_mpc4_pid_stopgo_T0.5,6,test,pillars_bounds+dynamics+geo_bounds+obstacles,hardflow_sls-r,hardflow_sls-r,False,pillars,fm,5.0,4.0,pid_stopgo,0.5,,,Gen15,5.0,10.0,0.3,best,fm_only,none,cuda,,5.0
81,pillars|fm|K5,/data/home/llim/FMPCC/FM-PCC/logs/UAV_MIX/uav-pillars/plans/mix_uav_fm/H8_Dmodels.diffusion.FlowMatchingODE_9D/Efm_K5_mpc4_pid_stopgo_T0.5,6,test,pillars_bounds+dynamics+geo_bounds+obstacles,hardflow_sls-r-geo_free,hardflow_sls-r-geo_free,False,pillars,fm,5.0,4.0,pid_stopgo,0.5,,,Gen15,5.0,10.0,0.3,best,fm_only,none,cuda,,5.0
81,pillars|fm|K5,/data/home/llim/FMPCC/FM-PCC/logs/UAV_MIX/uav-pillars/plans/mix_uav_fm/H8_Dmodels.diffusion.FlowMatchingODE_9D/Efm_K5_mpc4_pid_stopgo_T0.5,6,test,pillars_bounds+dynamics+geo_bounds+obstacles,hardflow_sls-t,hardflow_sls-t,False,pillars,fm,5.0,4.0,pid_stopgo,0.5,,,Gen15,5.0,10.0,0.3,best,fm_only,none,cuda,,5.0
81,pillars|fm|K5,/data/home/llim/FMPCC/FM-PCC/logs/UAV_MIX/uav-pillars/plans/mix_uav_fm/H8_Dmodels.diffusion.FlowMatchingODE_9D/Efm_K5_mpc4_pid_stopgo_T0.5,6,test,pillars_bounds+dynamics+geo_bounds+obstacles,hardflow_sls-t-geo_free,hardflow_sls-t-geo_free,False,pillars,fm,5.0,4.0,pid_stopgo,0.5,,,Gen15,5.0,10.0,0.3,best,fm_only,none,cuda,,5.0
82,pillars|fm|K5|@u7hg,/data/home/llim/FMPCC/FM-PCC/logs/UAV_MIX/uav-pillars/plans/mix_uav_fm/H8_Dmodels.diffusion.FlowMatchingODE_9D/Efm_K5_mpc4_pid_stopgo_T0.5_u7hg,6,test,pillars_hg_bounds+dynamics+geo_bounds+obstacles,diffuser,diffuser,False,pillars,fm,5.0,4.0,pid_stopgo,0.5,u7hg,,Gen15,5.0,10.0,0.3,,fm_only,none,cuda,,5.0
82,pillars|fm|K5|@u7hg,/data/home/llim/FMPCC/FM-PCC/logs/UAV_MIX/uav-pillars/plans/mix_uav_fm/H8_Dmodels.diffusion.FlowMatchingODE_9D/Efm_K5_mpc4_pid_stopgo_T0.5_u7hg,6,test,pillars_hg_bounds+dynamics+geo_bounds+obstacles,dpcc-c,dpcc-c,False,pillars,fm,5.0,4.0,pid_stopgo,0.5,u7hg,,Gen15,5.0,10.0,0.3,,fm_only,none,cuda,,5.0
82,pillars|fm|K5|@u7hg,/data/home/llim/FMPCC/FM-PCC/logs/UAV_MIX/uav-pillars/plans/mix_uav_fm/H8_Dmodels.diffusion.FlowMatchingODE_9D/Efm_K5_mpc4_pid_stopgo_T0.5_u7hg,6,test,pillars_hg_bounds+dynamics+geo_bounds+obstacles,dpcc-c-geo_free,dpcc-c-geo_free,False,pillars,fm,5.0,4.0,pid_stopgo,0.5,u7hg,,Gen15,5.0,10.0,0.3,,fm_only,none,cuda,,5.0
82,pillars|fm|K5|@u7hg,/data/home/llim/FMPCC/FM-PCC/logs/UAV_MIX/uav-pillars/plans/mix_uav_fm/H8_Dmodels.diffusion.FlowMatchingODE_9D/Efm_K5_mpc4_pid_stopgo_T0.5_u7hg,6,test,pillars_hg_bounds+dynamics+geo_bounds+obstacles,dpcc-c-tightened,dpcc-c,True,pillars,fm,5.0,4.0,pid_stopgo,0.5,u7hg,,Gen15,5.0,10.0,0.3,,fm_only,none,cuda,,5.0
82,pillars|fm|K5|@u7hg,/data/home/llim/FMPCC/FM-PCC/logs/UAV_MIX/uav-pillars/plans/mix_uav_fm/H8_Dmodels.diffusion.FlowMatchingODE_9D/Efm_K5_mpc4_pid_stopgo_T0.5_u7hg,6,test,pillars_hg_bounds+dynamics+geo_bounds+obstacles,dpcc-r,dpcc-r,False,pillars,fm,5.0,4.0,pid_stopgo,0.5,u7hg,,Gen15,5.0,10.0,0.3,,fm_only,none,cuda,,5.0
82,pillars|fm|K5|@u7hg,/data/home/llim/FMPCC/FM-PCC/logs/UAV_MIX/uav-pillars/plans/mix_uav_fm/H8_Dmodels.diffusion.FlowMatchingODE_9D/Efm_K5_mpc4_pid_stopgo_T0.5_u7hg,6,test,pillars_hg_bounds+dynamics+geo_bounds+obstacles,dpcc-r-geo_free,dpcc-r-geo_free,False,pillars,fm,5.0,4.0,pid_stopgo,0.5,u7hg,,Gen15,5.0,10.0,0.3,,fm_only,none,cuda,,5.0
82,pillars|fm|K5|@u7hg,/data/home/llim/FMPCC/FM-PCC/logs/UAV_MIX/uav-pillars/plans/mix_uav_fm/H8_Dmodels.diffusion.FlowMatchingODE_9D/Efm_K5_mpc4_pid_stopgo_T0.5_u7hg,6,test,pillars_hg_bounds+dynamics+geo_bounds+obstacles,dpcc-r-tightened,dpcc-r,True,pillars,fm,5.0,4.0,pid_stopgo,0.5,u7hg,,Gen15,5.0,10.0,0.3,,fm_only,none,cuda,,5.0
82,pillars|fm|K5|@u7hg,/data/home/llim/FMPCC/FM-PCC/logs/UAV_MIX/uav-pillars/plans/mix_uav_fm/H8_Dmodels.diffusion.FlowMatchingODE_9D/Efm_K5_mpc4_pid_stopgo_T0.5_u7hg,6,test,pillars_hg_bounds+dynamics+geo_bounds+obstacles,dpcc-t,dpcc-t,False,pillars,fm,5.0,4.0,pid_stopgo,0.5,u7hg,,Gen15,5.0,10.0,0.3,,fm_only,none,cuda,,5.0
82,pillars|fm|K5|@u7hg,/data/home/llim/FMPCC/FM-PCC/logs/UAV_MIX/uav-pillars/plans/mix_uav_fm/H8_Dmodels.diffusion.FlowMatchingODE_9D/Efm_K5_mpc4_pid_stopgo_T0.5_u7hg,6,test,pillars_hg_bounds+dynamics+geo_bounds+obstacles,dpcc-t-geo_free,dpcc-t-geo_free,False,pillars,fm,5.0,4.0,pid_stopgo,0.5,u7hg,,Gen15,5.0,10.0,0.3,,fm_only,none,cuda,,5.0
82,pillars|fm|K5|@u7hg,/data/home/llim/FMPCC/FM-PCC/logs/UAV_MIX/uav-pillars/plans/mix_uav_fm/H8_Dmodels.diffusion.FlowMatchingODE_9D/Efm_K5_mpc4_pid_stopgo_T0.5_u7hg,6,test,pillars_hg_bounds+dynamics+geo_bounds+obstacles,dpcc-t-tightened,dpcc-t,True,pillars,fm,5.0,4.0,pid_stopgo,0.5,u7hg,,Gen15,5.0,10.0,0.3,,fm_only,none,cuda,,5.0
82,pillars|fm|K5|@u7hg,/data/home/llim/FMPCC/FM-PCC/logs/UAV_MIX/uav-pillars/plans/mix_uav_fm/H8_Dmodels.diffusion.FlowMatchingODE_9D/Efm_K5_mpc4_pid_stopgo_T0.5_u7hg,6,test,pillars_hg_bounds+dynamics+geo_bounds+obstacles,hardflow_sls,hardflow_sls,False,pillars,fm,5.0,4.0,pid_stopgo,0.5,u7hg,,Gen15,5.0,10.0,0.3,,fm_only,none,cuda,,5.0
82,pillars|fm|K5|@u7hg,/data/home/llim/FMPCC/FM-PCC/logs/UAV_MIX/uav-pillars/plans/mix_uav_fm/H8_Dmodels.diffusion.FlowMatchingODE_9D/Efm_K5_mpc4_pid_stopgo_T0.5_u7hg,6,test,pillars_hg_bounds+dynamics+geo_bounds+obstacles,hardflow_sls-c,hardflow_sls-c,False,pillars,fm,5.0,4.0,pid_stopgo,0.5,u7hg,,Gen15,5.0,10.0,0.3,,fm_only,none,cuda,,5.0
82,pillars|fm|K5|@u7hg,/data/home/llim/FMPCC/FM-PCC/logs/UAV_MIX/uav-pillars/plans/mix_uav_fm/H8_Dmodels.diffusion.FlowMatchingODE_9D/Efm_K5_mpc4_pid_stopgo_T0.5_u7hg,6,test,pillars_hg_bounds+dynamics+geo_bounds+obstacles,hardflow_sls-c-geo_free,hardflow_sls-c-geo_free,False,pillars,fm,5.0,4.0,pid_stopgo,0.5,u7hg,,Gen15,5.0,10.0,0.3,,fm_only,none,cuda,,5.0
82,pillars|fm|K5|@u7hg,/data/home/llim/FMPCC/FM-PCC/logs/UAV_MIX/uav-pillars/plans/mix_uav_fm/H8_Dmodels.diffusion.FlowMatchingODE_9D/Efm_K5_mpc4_pid_stopgo_T0.5_u7hg,6,test,pillars_hg_bounds+dynamics+geo_bounds+obstacles,hardflow_sls-r,hardflow_sls-r,False,pillars,fm,5.0,4.0,pid_stopgo,0.5,u7hg,,Gen15,5.0,10.0,0.3,,fm_only,none,cuda,,5.0
82,pillars|fm|K5|@u7hg,/data/home/llim/FMPCC/FM-PCC/logs/UAV_MIX/uav-pillars/plans/mix_uav_fm/H8_Dmodels.diffusion.FlowMatchingODE_9D/Efm_K5_mpc4_pid_stopgo_T0.5_u7hg,6,test,pillars_hg_bounds+dynamics+geo_bounds+obstacles,hardflow_sls-r-geo_free,hardflow_sls-r-geo_free,False,pillars,fm,5.0,4.0,pid_stopgo,0.5,u7hg,,Gen15,5.0,10.0,0.3,,fm_only,none,cuda,,5.0
82,pillars|fm|K5|@u7hg,/data/home/llim/FMPCC/FM-PCC/logs/UAV_MIX/uav-pillars/plans/mix_uav_fm/H8_Dmodels.diffusion.FlowMatchingODE_9D/Efm_K5_mpc4_pid_stopgo_T0.5_u7hg,6,test,pillars_hg_bounds+dynamics+geo_bounds+obstacles,hardflow_sls-t,hardflow_sls-t,False,pillars,fm,5.0,4.0,pid_stopgo,0.5,u7hg,,Gen15,5.0,10.0,0.3,,fm_only,none,cuda,,5.0
82,pillars|fm|K5|@u7hg,/data/home/llim/FMPCC/FM-PCC/logs/UAV_MIX/uav-pillars/plans/mix_uav_fm/H8_Dmodels.diffusion.FlowMatchingODE_9D/Efm_K5_mpc4_pid_stopgo_T0.5_u7hg,6,test,pillars_hg_bounds+dynamics+geo_bounds+obstacles,hardflow_sls-t-geo_free,hardflow_sls-t-geo_free,False,pillars,fm,5.0,4.0,pid_stopgo,0.5,u7hg,,Gen15,5.0,10.0,0.3,,fm_only,none,cuda,,5.0
83,pillars|mf|K10|bbunet|dp0.5,/data/home/llim/FMPCC/FM-PCC/logs/UAV_MIX/uav-pillars/plans/mix_uav_mf/H8_Dmodels.mf_diffusion.MeanFlowODE_9D_dp0.5_bbunet/Emf_K10_mpc4_pid_stopgo_T0.5,6,test,pillars_bounds+dynamics+geo_bounds+obstacles,bounds_free,bounds_free,False,pillars,mf,10.0,4.0,pid_stopgo,0.5,,unet,Gen15,10.0,3.0,0.3,latest,fm_only,all,cuda,,10.0
83,pillars|mf|K10|bbunet|dp0.5,/data/home/llim/FMPCC/FM-PCC/logs/UAV_MIX/uav-pillars/plans/mix_uav_mf/H8_Dmodels.mf_diffusion.MeanFlowODE_9D_dp0.5_bbunet/Emf_K10_mpc4_pid_stopgo_T0.5,6,test,pillars_bounds+dynamics+geo_bounds+obstacles,bounds_free-tightened,bounds_free,True,pillars,mf,10.0,4.0,pid_stopgo,0.5,,unet,Gen15,10.0,3.0,0.3,latest,fm_only,all,cuda,,10.0
83,pillars|mf|K10|bbunet|dp0.5,/data/home/llim/FMPCC/FM-PCC/logs/UAV_MIX/uav-pillars/plans/mix_uav_mf/H8_Dmodels.mf_diffusion.MeanFlowODE_9D_dp0.5_bbunet/Emf_K10_mpc4_pid_stopgo_T0.5,6,test,pillars_bounds+dynamics+geo_bounds+obstacles,diffuser,diffuser,False,pillars,mf,10.0,4.0,pid_stopgo,0.5,,unet,Gen15,10.0,3.0,0.3,latest,fm_only,all,cuda,,10.0
83,pillars|mf|K10|bbunet|dp0.5,/data/home/llim/FMPCC/FM-PCC/logs/UAV_MIX/uav-pillars/plans/mix_uav_mf/H8_Dmodels.mf_diffusion.MeanFlowODE_9D_dp0.5_bbunet/Emf_K10_mpc4_pid_stopgo_T0.5,6,test,pillars_bounds+dynamics+geo_bounds+obstacles,dpcc-c,dpcc-c,False,pillars,mf,10.0,4.0,pid_stopgo,0.5,,unet,Gen15,10.0,3.0,0.3,latest,fm_only,all,cuda,,10.0
83,pillars|mf|K10|bbunet|dp0.5,/data/home/llim/FMPCC/FM-PCC/logs/UAV_MIX/uav-pillars/plans/mix_uav_mf/H8_Dmodels.mf_diffusion.MeanFlowODE_9D_dp0.5_bbunet/Emf_K10_mpc4_pid_stopgo_T0.5,6,test,pillars_bounds+dynamics+geo_bounds+obstacles,dpcc-c-tightened,dpcc-c,True,pillars,mf,10.0,4.0,pid_stopgo,0.5,,unet,Gen15,10.0,3.0,0.3,latest,fm_only,all,cuda,,10.0
83,pillars|mf|K10|bbunet|dp0.5,/data/home/llim/FMPCC/FM-PCC/logs/UAV_MIX/uav-pillars/plans/mix_uav_mf/H8_Dmodels.mf_diffusion.MeanFlowODE_9D_dp0.5_bbunet/Emf_K10_mpc4_pid_stopgo_T0.5,6,test,pillars_bounds+dynamics+geo_bounds+obstacles,dpcc-r,dpcc-r,False,pillars,mf,10.0,4.0,pid_stopgo,0.5,,unet,Gen15,10.0,3.0,0.3,latest,fm_only,all,cuda,,10.0
83,pillars|mf|K10|bbunet|dp0.5,/data/home/llim/FMPCC/FM-PCC/logs/UAV_MIX/uav-pillars/plans/mix_uav_mf/H8_Dmodels.mf_diffusion.MeanFlowODE_9D_dp0.5_bbunet/Emf_K10_mpc4_pid_stopgo_T0.5,6,test,pillars_bounds+dynamics+geo_bounds+obstacles,dpcc-r-tightened,dpcc-r,True,pillars,mf,10.0,4.0,pid_stopgo,0.5,,unet,Gen15,10.0,3.0,0.3,latest,fm_only,all,cuda,,10.0
83,pillars|mf|K10|bbunet|dp0.5,/data/home/llim/FMPCC/FM-PCC/logs/UAV_MIX/uav-pillars/plans/mix_uav_mf/H8_Dmodels.mf_diffusion.MeanFlowODE_9D_dp0.5_bbunet/Emf_K10_mpc4_pid_stopgo_T0.5,6,test,pillars_bounds+dynamics+geo_bounds+obstacles,dpcc-t,dpcc-t,False,pillars,mf,10.0,4.0,pid_stopgo,0.5,,unet,Gen15,10.0,3.0,0.3,latest,fm_only,all,cuda,,10.0
83,pillars|mf|K10|bbunet|dp0.5,/data/home/llim/FMPCC/FM-PCC/logs/UAV_MIX/uav-pillars/plans/mix_uav_mf/H8_Dmodels.mf_diffusion.MeanFlowODE_9D_dp0.5_bbunet/Emf_K10_mpc4_pid_stopgo_T0.5,6,test,pillars_bounds+dynamics+geo_bounds+obstacles,dpcc-t-tightened,dpcc-t,True,pillars,mf,10.0,4.0,pid_stopgo,0.5,,unet,Gen15,10.0,3.0,0.3,latest,fm_only,all,cuda,,10.0
83,pillars|mf|K10|bbunet|dp0.5,/data/home/llim/FMPCC/FM-PCC/logs/UAV_MIX/uav-pillars/plans/mix_uav_mf/H8_Dmodels.mf_diffusion.MeanFlowODE_9D_dp0.5_bbunet/Emf_K10_mpc4_pid_stopgo_T0.5,6,test,pillars_bounds+dynamics+geo_bounds+obstacles,geo_free,geo_free,False,pillars,mf,10.0,4.0,pid_stopgo,0.5,,unet,Gen15,10.0,3.0,0.3,latest,fm_only,all,cuda,,10.0
83,pillars|mf|K10|bbunet|dp0.5,/data/home/llim/FMPCC/FM-PCC/logs/UAV_MIX/uav-pillars/plans/mix_uav_mf/H8_Dmodels.mf_diffusion.MeanFlowODE_9D_dp0.5_bbunet/Emf_K10_mpc4_pid_stopgo_T0.5,6,test,pillars_bounds+dynamics+geo_bounds+obstacles,geo_free-bounds_free,geo_free-bounds_free,False,pillars,mf,10.0,4.0,pid_stopgo,0.5,,unet,Gen15,10.0,3.0,0.3,latest,fm_only,all,cuda,,10.0
83,pillars|mf|K10|bbunet|dp0.5,/data/home/llim/FMPCC/FM-PCC/logs/UAV_MIX/uav-pillars/plans/mix_uav_mf/H8_Dmodels.mf_diffusion.MeanFlowODE_9D_dp0.5_bbunet/Emf_K10_mpc4_pid_stopgo_T0.5,6,test,pillars_bounds+dynamics+geo_bounds+obstacles,geo_free-model_free,geo_free-model_free,False,pillars,mf,10.0,4.0,pid_stopgo,0.5,,unet,Gen15,10.0,3.0,0.3,latest,fm_only,all,cuda,,10.0
83,pillars|mf|K10|bbunet|dp0.5,/data/home/llim/FMPCC/FM-PCC/logs/UAV_MIX/uav-pillars/plans/mix_uav_mf/H8_Dmodels.mf_diffusion.MeanFlowODE_9D_dp0.5_bbunet/Emf_K10_mpc4_pid_stopgo_T0.5,6,test,pillars_bounds+dynamics+geo_bounds+obstacles,gradient,gradient,False,pillars,mf,10.0,4.0,pid_stopgo,0.5,,unet,Gen15,10.0,3.0,0.3,latest,fm_only,all,cuda,,10.0
83,pillars|mf|K10|bbunet|dp0.5,/data/home/llim/FMPCC/FM-PCC/logs/UAV_MIX/uav-pillars/plans/mix_uav_mf/H8_Dmodels.mf_diffusion.MeanFlowODE_9D_dp0.5_bbunet/Emf_K10_mpc4_pid_stopgo_T0.5,6,test,pillars_bounds+dynamics+geo_bounds+obstacles,gradient-tightened,gradient,True,pillars,mf,10.0,4.0,pid_stopgo,0.5,,unet,Gen15,10.0,3.0,0.3,latest,fm_only,all,cuda,,10.0
83,pillars|mf|K10|bbunet|dp0.5,/data/home/llim/FMPCC/FM-PCC/logs/UAV_MIX/uav-pillars/plans/mix_uav_mf/H8_Dmodels.mf_diffusion.MeanFlowODE_9D_dp0.5_bbunet/Emf_K10_mpc4_pid_stopgo_T0.5,6,test,pillars_bounds+dynamics+geo_bounds+obstacles,hardflow_new,hardflow_new,False,pillars,mf,10.0,4.0,pid_stopgo,0.5,,unet,Gen15,10.0,3.0,0.3,latest,fm_only,all,cuda,,10.0
83,pillars|mf|K10|bbunet|dp0.5,/data/home/llim/FMPCC/FM-PCC/logs/UAV_MIX/uav-pillars/plans/mix_uav_mf/H8_Dmodels.mf_diffusion.MeanFlowODE_9D_dp0.5_bbunet/Emf_K10_mpc4_pid_stopgo_T0.5,6,test,pillars_bounds+dynamics+geo_bounds+obstacles,hardflow_new-c,hardflow_new-c,False,pillars,mf,10.0,4.0,pid_stopgo,0.5,,unet,Gen15,10.0,3.0,0.3,latest,fm_only,all,cuda,,10.0
83,pillars|mf|K10|bbunet|dp0.5,/data/home/llim/FMPCC/FM-PCC/logs/UAV_MIX/uav-pillars/plans/mix_uav_mf/H8_Dmodels.mf_diffusion.MeanFlowODE_9D_dp0.5_bbunet/Emf_K10_mpc4_pid_stopgo_T0.5,6,test,pillars_bounds+dynamics+geo_bounds+obstacles,hardflow_new-t,hardflow_new-t,False,pillars,mf,10.0,4.0,pid_stopgo,0.5,,unet,Gen15,10.0,3.0,0.3,latest,fm_only,all,cuda,,10.0
83,pillars|mf|K10|bbunet|dp0.5,/data/home/llim/FMPCC/FM-PCC/logs/UAV_MIX/uav-pillars/plans/mix_uav_mf/H8_Dmodels.mf_diffusion.MeanFlowODE_9D_dp0.5_bbunet/Emf_K10_mpc4_pid_stopgo_T0.5,6,test,pillars_bounds+dynamics+geo_bounds+obstacles,model_free,model_free,False,pillars,mf,10.0,4.0,pid_stopgo,0.5,,unet,Gen15,10.0,3.0,0.3,latest,fm_only,all,cuda,,10.0
83,pillars|mf|K10|bbunet|dp0.5,/data/home/llim/FMPCC/FM-PCC/logs/UAV_MIX/uav-pillars/plans/mix_uav_mf/H8_Dmodels.mf_diffusion.MeanFlowODE_9D_dp0.5_bbunet/Emf_K10_mpc4_pid_stopgo_T0.5,6,test,pillars_bounds+dynamics+geo_bounds+obstacles,model_free-bounds_free,model_free-bounds_free,False,pillars,mf,10.0,4.0,pid_stopgo,0.5,,unet,Gen15,10.0,3.0,0.3,latest,fm_only,all,cuda,,10.0
83,pillars|mf|K10|bbunet|dp0.5,/data/home/llim/FMPCC/FM-PCC/logs/UAV_MIX/uav-pillars/plans/mix_uav_mf/H8_Dmodels.mf_diffusion.MeanFlowODE_9D_dp0.5_bbunet/Emf_K10_mpc4_pid_stopgo_T0.5,6,test,pillars_bounds+dynamics+geo_bounds+obstacles,model_free-bounds_free-tightened,model_free-bounds_free,True,pillars,mf,10.0,4.0,pid_stopgo,0.5,,unet,Gen15,10.0,3.0,0.3,latest,fm_only,all,cuda,,10.0
83,pillars|mf|K10|bbunet|dp0.5,/data/home/llim/FMPCC/FM-PCC/logs/UAV_MIX/uav-pillars/plans/mix_uav_mf/H8_Dmodels.mf_diffusion.MeanFlowODE_9D_dp0.5_bbunet/Emf_K10_mpc4_pid_stopgo_T0.5,6,test,pillars_bounds+dynamics+geo_bounds+obstacles,model_free-tightened,model_free,True,pillars,mf,10.0,4.0,pid_stopgo,0.5,,unet,Gen15,10.0,3.0,0.3,latest,fm_only,all,cuda,,10.0
83,pillars|mf|K10|bbunet|dp0.5,/data/home/llim/FMPCC/FM-PCC/logs/UAV_MIX/uav-pillars/plans/mix_uav_mf/H8_Dmodels.mf_diffusion.MeanFlowODE_9D_dp0.5_bbunet/Emf_K10_mpc4_pid_stopgo_T0.5,6,test,pillars_bounds+dynamics+geo_bounds+obstacles,post_processing,post_processing,False,pillars,mf,10.0,4.0,pid_stopgo,0.5,,unet,Gen15,10.0,3.0,0.3,latest,fm_only,all,cuda,,10.0
83,pillars|mf|K10|bbunet|dp0.5,/data/home/llim/FMPCC/FM-PCC/logs/UAV_MIX/uav-pillars/plans/mix_uav_mf/H8_Dmodels.mf_diffusion.MeanFlowODE_9D_dp0.5_bbunet/Emf_K10_mpc4_pid_stopgo_T0.5,6,test,pillars_bounds+dynamics+geo_bounds+obstacles,post_processing-tightened,post_processing,True,pillars,mf,10.0,4.0,pid_stopgo,0.5,,unet,Gen15,10.0,3.0,0.3,latest,fm_only,all,cuda,,10.0
84,pillars|mf|K1|bbunet|dp0.5,/data/home/llim/FMPCC/FM-PCC/logs/UAV_MIX/uav-pillars/plans/mix_uav_mf/H8_Dmodels.mf_diffusion.MeanFlowODE_9D_dp0.5_bbunet/Emf_K1_mpc4_pid_stopgo_T0.5,6,test,pillars_bounds+dynamics+geo_bounds+obstacles,diffuser,diffuser,False,pillars,mf,1.0,4.0,pid_stopgo,0.5,,unet,Gen15,1.0,10.0,0.3,best,fm_only,none,cuda,,1.0
84,pillars|mf|K1|bbunet|dp0.5,/data/home/llim/FMPCC/FM-PCC/logs/UAV_MIX/uav-pillars/plans/mix_uav_mf/H8_Dmodels.mf_diffusion.MeanFlowODE_9D_dp0.5_bbunet/Emf_K1_mpc4_pid_stopgo_T0.5,6,test,pillars_bounds+dynamics+geo_bounds+obstacles,dpcc-c,dpcc-c,False,pillars,mf,1.0,4.0,pid_stopgo,0.5,,unet,Gen15,1.0,10.0,0.3,best,fm_only,none,cuda,,1.0
84,pillars|mf|K1|bbunet|dp0.5,/data/home/llim/FMPCC/FM-PCC/logs/UAV_MIX/uav-pillars/plans/mix_uav_mf/H8_Dmodels.mf_diffusion.MeanFlowODE_9D_dp0.5_bbunet/Emf_K1_mpc4_pid_stopgo_T0.5,6,test,pillars_bounds+dynamics+geo_bounds+obstacles,dpcc-c-geo_free,dpcc-c-geo_free,False,pillars,mf,1.0,4.0,pid_stopgo,0.5,,unet,Gen15,1.0,10.0,0.3,best,fm_only,none,cuda,,1.0
84,pillars|mf|K1|bbunet|dp0.5,/data/home/llim/FMPCC/FM-PCC/logs/UAV_MIX/uav-pillars/plans/mix_uav_mf/H8_Dmodels.mf_diffusion.MeanFlowODE_9D_dp0.5_bbunet/Emf_K1_mpc4_pid_stopgo_T0.5,6,test,pillars_bounds+dynamics+geo_bounds+obstacles,dpcc-c-tightened,dpcc-c,True,pillars,mf,1.0,4.0,pid_stopgo,0.5,,unet,Gen15,1.0,10.0,0.3,best,fm_only,none,cuda,,1.0
84,pillars|mf|K1|bbunet|dp0.5,/data/home/llim/FMPCC/FM-PCC/logs/UAV_MIX/uav-pillars/plans/mix_uav_mf/H8_Dmodels.mf_diffusion.MeanFlowODE_9D_dp0.5_bbunet/Emf_K1_mpc4_pid_stopgo_T0.5,6,test,pillars_bounds+dynamics+geo_bounds+obstacles,dpcc-r,dpcc-r,False,pillars,mf,1.0,4.0,pid_stopgo,0.5,,unet,Gen15,1.0,10.0,0.3,best,fm_only,none,cuda,,1.0
84,pillars|mf|K1|bbunet|dp0.5,/data/home/llim/FMPCC/FM-PCC/logs/UAV_MIX/uav-pillars/plans/mix_uav_mf/H8_Dmodels.mf_diffusion.MeanFlowODE_9D_dp0.5_bbunet/Emf_K1_mpc4_pid_stopgo_T0.5,6,test,pillars_bounds+dynamics+geo_bounds+obstacles,dpcc-r-geo_free,dpcc-r-geo_free,False,pillars,mf,1.0,4.0,pid_stopgo,0.5,,unet,Gen15,1.0,10.0,0.3,best,fm_only,none,cuda,,1.0
84,pillars|mf|K1|bbunet|dp0.5,/data/home/llim/FMPCC/FM-PCC/logs/UAV_MIX/uav-pillars/plans/mix_uav_mf/H8_Dmodels.mf_diffusion.MeanFlowODE_9D_dp0.5_bbunet/Emf_K1_mpc4_pid_stopgo_T0.5,6,test,pillars_bounds+dynamics+geo_bounds+obstacles,dpcc-r-tightened,dpcc-r,True,pillars,mf,1.0,4.0,pid_stopgo,0.5,,unet,Gen15,1.0,10.0,0.3,best,fm_only,none,cuda,,1.0
84,pillars|mf|K1|bbunet|dp0.5,/data/home/llim/FMPCC/FM-PCC/logs/UAV_MIX/uav-pillars/plans/mix_uav_mf/H8_Dmodels.mf_diffusion.MeanFlowODE_9D_dp0.5_bbunet/Emf_K1_mpc4_pid_stopgo_T0.5,6,test,pillars_bounds+dynamics+geo_bounds+obstacles,dpcc-t,dpcc-t,False,pillars,mf,1.0,4.0,pid_stopgo,0.5,,unet,Gen15,1.0,10.0,0.3,best,fm_only,none,cuda,,1.0
84,pillars|mf|K1|bbunet|dp0.5,/data/home/llim/FMPCC/FM-PCC/logs/UAV_MIX/uav-pillars/plans/mix_uav_mf/H8_Dmodels.mf_diffusion.MeanFlowODE_9D_dp0.5_bbunet/Emf_K1_mpc4_pid_stopgo_T0.5,6,test,pillars_bounds+dynamics+geo_bounds+obstacles,dpcc-t-geo_free,dpcc-t-geo_free,False,pillars,mf,1.0,4.0,pid_stopgo,0.5,,unet,Gen15,1.0,10.0,0.3,best,fm_only,none,cuda,,1.0
84,pillars|mf|K1|bbunet|dp0.5,/data/home/llim/FMPCC/FM-PCC/logs/UAV_MIX/uav-pillars/plans/mix_uav_mf/H8_Dmodels.mf_diffusion.MeanFlowODE_9D_dp0.5_bbunet/Emf_K1_mpc4_pid_stopgo_T0.5,6,test,pillars_bounds+dynamics+geo_bounds+obstacles,dpcc-t-tightened,dpcc-t,True,pillars,mf,1.0,4.0,pid_stopgo,0.5,,unet,Gen15,1.0,10.0,0.3,best,fm_only,none,cuda,,1.0
84,pillars|mf|K1|bbunet|dp0.5,/data/home/llim/FMPCC/FM-PCC/logs/UAV_MIX/uav-pillars/plans/mix_uav_mf/H8_Dmodels.mf_diffusion.MeanFlowODE_9D_dp0.5_bbunet/Emf_K1_mpc4_pid_stopgo_T0.5,6,test,pillars_bounds+dynamics+geo_bounds+obstacles,hardflow_sls,hardflow_sls,False,pillars,mf,1.0,4.0,pid_stopgo,0.5,,unet,Gen15,1.0,10.0,0.3,best,fm_only,none,cuda,,1.0
84,pillars|mf|K1|bbunet|dp0.5,/data/home/llim/FMPCC/FM-PCC/logs/UAV_MIX/uav-pillars/plans/mix_uav_mf/H8_Dmodels.mf_diffusion.MeanFlowODE_9D_dp0.5_bbunet/Emf_K1_mpc4_pid_stopgo_T0.5,6,test,pillars_bounds+dynamics+geo_bounds+obstacles,hardflow_sls-c,hardflow_sls-c,False,pillars,mf,1.0,4.0,pid_stopgo,0.5,,unet,Gen15,1.0,10.0,0.3,best,fm_only,none,cuda,,1.0
84,pillars|mf|K1|bbunet|dp0.5,/data/home/llim/FMPCC/FM-PCC/logs/UAV_MIX/uav-pillars/plans/mix_uav_mf/H8_Dmodels.mf_diffusion.MeanFlowODE_9D_dp0.5_bbunet/Emf_K1_mpc4_pid_stopgo_T0.5,6,test,pillars_bounds+dynamics+geo_bounds+obstacles,hardflow_sls-c-geo_free,hardflow_sls-c-geo_free,False,pillars,mf,1.0,4.0,pid_stopgo,0.5,,unet,Gen15,1.0,10.0,0.3,best,fm_only,none,cuda,,1.0
84,pillars|mf|K1|bbunet|dp0.5,/data/home/llim/FMPCC/FM-PCC/logs/UAV_MIX/uav-pillars/plans/mix_uav_mf/H8_Dmodels.mf_diffusion.MeanFlowODE_9D_dp0.5_bbunet/Emf_K1_mpc4_pid_stopgo_T0.5,6,test,pillars_bounds+dynamics+geo_bounds+obstacles,hardflow_sls-r,hardflow_sls-r,False,pillars,mf,1.0,4.0,pid_stopgo,0.5,,unet,Gen15,1.0,10.0,0.3,best,fm_only,none,cuda,,1.0
84,pillars|mf|K1|bbunet|dp0.5,/data/home/llim/FMPCC/FM-PCC/logs/UAV_MIX/uav-pillars/plans/mix_uav_mf/H8_Dmodels.mf_diffusion.MeanFlowODE_9D_dp0.5_bbunet/Emf_K1_mpc4_pid_stopgo_T0.5,6,test,pillars_bounds+dynamics+geo_bounds+obstacles,hardflow_sls-r-geo_free,hardflow_sls-r-geo_free,False,pillars,mf,1.0,4.0,pid_stopgo,0.5,,unet,Gen15,1.0,10.0,0.3,best,fm_only,none,cuda,,1.0
84,pillars|mf|K1|bbunet|dp0.5,/data/home/llim/FMPCC/FM-PCC/logs/UAV_MIX/uav-pillars/plans/mix_uav_mf/H8_Dmodels.mf_diffusion.MeanFlowODE_9D_dp0.5_bbunet/Emf_K1_mpc4_pid_stopgo_T0.5,6,test,pillars_bounds+dynamics+geo_bounds+obstacles,hardflow_sls-t,hardflow_sls-t,False,pillars,mf,1.0,4.0,pid_stopgo,0.5,,unet,Gen15,1.0,10.0,0.3,best,fm_only,none,cuda,,1.0
84,pillars|mf|K1|bbunet|dp0.5,/data/home/llim/FMPCC/FM-PCC/logs/UAV_MIX/uav-pillars/plans/mix_uav_mf/H8_Dmodels.mf_diffusion.MeanFlowODE_9D_dp0.5_bbunet/Emf_K1_mpc4_pid_stopgo_T0.5,6,test,pillars_bounds+dynamics+geo_bounds+obstacles,hardflow_sls-t-geo_free,hardflow_sls-t-geo_free,False,pillars,mf,1.0,4.0,pid_stopgo,0.5,,unet,Gen15,1.0,10.0,0.3,best,fm_only,none,cuda,,1.0
85,pillars|mf|K1|bbunet|dp0.5|@fix16legacy,/data/home/llim/FMPCC/FM-PCC/logs/UAV_MIX/uav-pillars/plans/mix_uav_mf/H8_Dmodels.mf_diffusion.MeanFlowODE_9D_dp0.5_bbunet/Emf_K1_mpc4_pid_stopgo_T0.5_fix16legacy,6,test,pillars_bounds+dynamics+geo_bounds+obstacles,diffuser,diffuser,False,pillars,mf,1.0,4.0,pid_stopgo,0.5,fix16legacy,unet,Gen15,1.0,10.0,0.3,best,fm_only,none,cuda,,1.0
85,pillars|mf|K1|bbunet|dp0.5|@fix16legacy,/data/home/llim/FMPCC/FM-PCC/logs/UAV_MIX/uav-pillars/plans/mix_uav_mf/H8_Dmodels.mf_diffusion.MeanFlowODE_9D_dp0.5_bbunet/Emf_K1_mpc4_pid_stopgo_T0.5_fix16legacy,6,test,pillars_bounds+dynamics+geo_bounds+obstacles,dpcc-c,dpcc-c,False,pillars,mf,1.0,4.0,pid_stopgo,0.5,fix16legacy,unet,Gen15,1.0,10.0,0.3,best,fm_only,none,cuda,,1.0
85,pillars|mf|K1|bbunet|dp0.5|@fix16legacy,/data/home/llim/FMPCC/FM-PCC/logs/UAV_MIX/uav-pillars/plans/mix_uav_mf/H8_Dmodels.mf_diffusion.MeanFlowODE_9D_dp0.5_bbunet/Emf_K1_mpc4_pid_stopgo_T0.5_fix16legacy,6,test,pillars_bounds+dynamics+geo_bounds+obstacles,dpcc-c-geo_free,dpcc-c-geo_free,False,pillars,mf,1.0,4.0,pid_stopgo,0.5,fix16legacy,unet,Gen15,1.0,10.0,0.3,best,fm_only,none,cuda,,1.0
85,pillars|mf|K1|bbunet|dp0.5|@fix16legacy,/data/home/llim/FMPCC/FM-PCC/logs/UAV_MIX/uav-pillars/plans/mix_uav_mf/H8_Dmodels.mf_diffusion.MeanFlowODE_9D_dp0.5_bbunet/Emf_K1_mpc4_pid_stopgo_T0.5_fix16legacy,6,test,pillars_bounds+dynamics+geo_bounds+obstacles,dpcc-c-tightened,dpcc-c,True,pillars,mf,1.0,4.0,pid_stopgo,0.5,fix16legacy,unet,Gen15,1.0,10.0,0.3,best,fm_only,none,cuda,,1.0
85,pillars|mf|K1|bbunet|dp0.5|@fix16legacy,/data/home/llim/FMPCC/FM-PCC/logs/UAV_MIX/uav-pillars/plans/mix_uav_mf/H8_Dmodels.mf_diffusion.MeanFlowODE_9D_dp0.5_bbunet/Emf_K1_mpc4_pid_stopgo_T0.5_fix16legacy,6,test,pillars_bounds+dynamics+geo_bounds+obstacles,dpcc-r,dpcc-r,False,pillars,mf,1.0,4.0,pid_stopgo,0.5,fix16legacy,unet,Gen15,1.0,10.0,0.3,best,fm_only,none,cuda,,1.0
85,pillars|mf|K1|bbunet|dp0.5|@fix16legacy,/data/home/llim/FMPCC/FM-PCC/logs/UAV_MIX/uav-pillars/plans/mix_uav_mf/H8_Dmodels.mf_diffusion.MeanFlowODE_9D_dp0.5_bbunet/Emf_K1_mpc4_pid_stopgo_T0.5_fix16legacy,6,test,pillars_bounds+dynamics+geo_bounds+obstacles,dpcc-r-geo_free,dpcc-r-geo_free,False,pillars,mf,1.0,4.0,pid_stopgo,0.5,fix16legacy,unet,Gen15,1.0,10.0,0.3,best,fm_only,none,cuda,,1.0
85,pillars|mf|K1|bbunet|dp0.5|@fix16legacy,/data/home/llim/FMPCC/FM-PCC/logs/UAV_MIX/uav-pillars/plans/mix_uav_mf/H8_Dmodels.mf_diffusion.MeanFlowODE_9D_dp0.5_bbunet/Emf_K1_mpc4_pid_stopgo_T0.5_fix16legacy,6,test,pillars_bounds+dynamics+geo_bounds+obstacles,dpcc-r-tightened,dpcc-r,True,pillars,mf,1.0,4.0,pid_stopgo,0.5,fix16legacy,unet,Gen15,1.0,10.0,0.3,best,fm_only,none,cuda,,1.0
85,pillars|mf|K1|bbunet|dp0.5|@fix16legacy,/data/home/llim/FMPCC/FM-PCC/logs/UAV_MIX/uav-pillars/plans/mix_uav_mf/H8_Dmodels.mf_diffusion.MeanFlowODE_9D_dp0.5_bbunet/Emf_K1_mpc4_pid_stopgo_T0.5_fix16legacy,6,test,pillars_bounds+dynamics+geo_bounds+obstacles,dpcc-t,dpcc-t,False,pillars,mf,1.0,4.0,pid_stopgo,0.5,fix16legacy,unet,Gen15,1.0,10.0,0.3,best,fm_only,none,cuda,,1.0
85,pillars|mf|K1|bbunet|dp0.5|@fix16legacy,/data/home/llim/FMPCC/FM-PCC/logs/UAV_MIX/uav-pillars/plans/mix_uav_mf/H8_Dmodels.mf_diffusion.MeanFlowODE_9D_dp0.5_bbunet/Emf_K1_mpc4_pid_stopgo_T0.5_fix16legacy,6,test,pillars_bounds+dynamics+geo_bounds+obstacles,dpcc-t-geo_free,dpcc-t-geo_free,False,pillars,mf,1.0,4.0,pid_stopgo,0.5,fix16legacy,unet,Gen15,1.0,10.0,0.3,best,fm_only,none,cuda,,1.0
85,pillars|mf|K1|bbunet|dp0.5|@fix16legacy,/data/home/llim/FMPCC/FM-PCC/logs/UAV_MIX/uav-pillars/plans/mix_uav_mf/H8_Dmodels.mf_diffusion.MeanFlowODE_9D_dp0.5_bbunet/Emf_K1_mpc4_pid_stopgo_T0.5_fix16legacy,6,test,pillars_bounds+dynamics+geo_bounds+obstacles,dpcc-t-tightened,dpcc-t,True,pillars,mf,1.0,4.0,pid_stopgo,0.5,fix16legacy,unet,Gen15,1.0,10.0,0.3,best,fm_only,none,cuda,,1.0
86,pillars|mf|K1|bbunet|dp0.5|@fix16scaled,/data/home/llim/FMPCC/FM-PCC/logs/UAV_MIX/uav-pillars/plans/mix_uav_mf/H8_Dmodels.mf_diffusion.MeanFlowODE_9D_dp0.5_bbunet/Emf_K1_mpc4_pid_stopgo_T0.5_fix16scaled,6,test,pillars_bounds+dynamics+geo_bounds+obstacles,diffuser,diffuser,False,pillars,mf,1.0,4.0,pid_stopgo,0.5,fix16scaled,unet,Gen15,1.0,10.0,0.3,best,fm_only,none,cuda,,1.0
86,pillars|mf|K1|bbunet|dp0.5|@fix16scaled,/data/home/llim/FMPCC/FM-PCC/logs/UAV_MIX/uav-pillars/plans/mix_uav_mf/H8_Dmodels.mf_diffusion.MeanFlowODE_9D_dp0.5_bbunet/Emf_K1_mpc4_pid_stopgo_T0.5_fix16scaled,6,test,pillars_bounds+dynamics+geo_bounds+obstacles,dpcc-c,dpcc-c,False,pillars,mf,1.0,4.0,pid_stopgo,0.5,fix16scaled,unet,Gen15,1.0,10.0,0.3,best,fm_only,none,cuda,,1.0
86,pillars|mf|K1|bbunet|dp0.5|@fix16scaled,/data/home/llim/FMPCC/FM-PCC/logs/UAV_MIX/uav-pillars/plans/mix_uav_mf/H8_Dmodels.mf_diffusion.MeanFlowODE_9D_dp0.5_bbunet/Emf_K1_mpc4_pid_stopgo_T0.5_fix16scaled,6,test,pillars_bounds+dynamics+geo_bounds+obstacles,dpcc-c-geo_free,dpcc-c-geo_free,False,pillars,mf,1.0,4.0,pid_stopgo,0.5,fix16scaled,unet,Gen15,1.0,10.0,0.3,best,fm_only,none,cuda,,1.0
86,pillars|mf|K1|bbunet|dp0.5|@fix16scaled,/data/home/llim/FMPCC/FM-PCC/logs/UAV_MIX/uav-pillars/plans/mix_uav_mf/H8_Dmodels.mf_diffusion.MeanFlowODE_9D_dp0.5_bbunet/Emf_K1_mpc4_pid_stopgo_T0.5_fix16scaled,6,test,pillars_bounds+dynamics+geo_bounds+obstacles,dpcc-c-tightened,dpcc-c,True,pillars,mf,1.0,4.0,pid_stopgo,0.5,fix16scaled,unet,Gen15,1.0,10.0,0.3,best,fm_only,none,cuda,,1.0
86,pillars|mf|K1|bbunet|dp0.5|@fix16scaled,/data/home/llim/FMPCC/FM-PCC/logs/UAV_MIX/uav-pillars/plans/mix_uav_mf/H8_Dmodels.mf_diffusion.MeanFlowODE_9D_dp0.5_bbunet/Emf_K1_mpc4_pid_stopgo_T0.5_fix16scaled,6,test,pillars_bounds+dynamics+geo_bounds+obstacles,dpcc-r,dpcc-r,False,pillars,mf,1.0,4.0,pid_stopgo,0.5,fix16scaled,unet,Gen15,1.0,10.0,0.3,best,fm_only,none,cuda,,1.0
86,pillars|mf|K1|bbunet|dp0.5|@fix16scaled,/data/home/llim/FMPCC/FM-PCC/logs/UAV_MIX/uav-pillars/plans/mix_uav_mf/H8_Dmodels.mf_diffusion.MeanFlowODE_9D_dp0.5_bbunet/Emf_K1_mpc4_pid_stopgo_T0.5_fix16scaled,6,test,pillars_bounds+dynamics+geo_bounds+obstacles,dpcc-r-geo_free,dpcc-r-geo_free,False,pillars,mf,1.0,4.0,pid_stopgo,0.5,fix16scaled,unet,Gen15,1.0,10.0,0.3,best,fm_only,none,cuda,,1.0
86,pillars|mf|K1|bbunet|dp0.5|@fix16scaled,/data/home/llim/FMPCC/FM-PCC/logs/UAV_MIX/uav-pillars/plans/mix_uav_mf/H8_Dmodels.mf_diffusion.MeanFlowODE_9D_dp0.5_bbunet/Emf_K1_mpc4_pid_stopgo_T0.5_fix16scaled,6,test,pillars_bounds+dynamics+geo_bounds+obstacles,dpcc-r-tightened,dpcc-r,True,pillars,mf,1.0,4.0,pid_stopgo,0.5,fix16scaled,unet,Gen15,1.0,10.0,0.3,best,fm_only,none,cuda,,1.0
86,pillars|mf|K1|bbunet|dp0.5|@fix16scaled,/data/home/llim/FMPCC/FM-PCC/logs/UAV_MIX/uav-pillars/plans/mix_uav_mf/H8_Dmodels.mf_diffusion.MeanFlowODE_9D_dp0.5_bbunet/Emf_K1_mpc4_pid_stopgo_T0.5_fix16scaled,6,test,pillars_bounds+dynamics+geo_bounds+obstacles,dpcc-t,dpcc-t,False,pillars,mf,1.0,4.0,pid_stopgo,0.5,fix16scaled,unet,Gen15,1.0,10.0,0.3,best,fm_only,none,cuda,,1.0
86,pillars|mf|K1|bbunet|dp0.5|@fix16scaled,/data/home/llim/FMPCC/FM-PCC/logs/UAV_MIX/uav-pillars/plans/mix_uav_mf/H8_Dmodels.mf_diffusion.MeanFlowODE_9D_dp0.5_bbunet/Emf_K1_mpc4_pid_stopgo_T0.5_fix16scaled,6,test,pillars_bounds+dynamics+geo_bounds+obstacles,dpcc-t-geo_free,dpcc-t-geo_free,False,pillars,mf,1.0,4.0,pid_stopgo,0.5,fix16scaled,unet,Gen15,1.0,10.0,0.3,best,fm_only,none,cuda,,1.0
86,pillars|mf|K1|bbunet|dp0.5|@fix16scaled,/data/home/llim/FMPCC/FM-PCC/logs/UAV_MIX/uav-pillars/plans/mix_uav_mf/H8_Dmodels.mf_diffusion.MeanFlowODE_9D_dp0.5_bbunet/Emf_K1_mpc4_pid_stopgo_T0.5_fix16scaled,6,test,pillars_bounds+dynamics+geo_bounds+obstacles,dpcc-t-tightened,dpcc-t,True,pillars,mf,1.0,4.0,pid_stopgo,0.5,fix16scaled,unet,Gen15,1.0,10.0,0.3,best,fm_only,none,cuda,,1.0
87,pillars|mf|K1|bbunet|dp0.5|@u7hg,/data/home/llim/FMPCC/FM-PCC/logs/UAV_MIX/uav-pillars/plans/mix_uav_mf/H8_Dmodels.mf_diffusion.MeanFlowODE_9D_dp0.5_bbunet/Emf_K1_mpc4_pid_stopgo_T0.5_u7hg,6,test,pillars_hg_bounds+dynamics+geo_bounds+obstacles,diffuser,diffuser,False,pillars,mf,1.0,4.0,pid_stopgo,0.5,u7hg,unet,Gen15,1.0,10.0,0.3,,fm_only,none,cuda,,1.0
87,pillars|mf|K1|bbunet|dp0.5|@u7hg,/data/home/llim/FMPCC/FM-PCC/logs/UAV_MIX/uav-pillars/plans/mix_uav_mf/H8_Dmodels.mf_diffusion.MeanFlowODE_9D_dp0.5_bbunet/Emf_K1_mpc4_pid_stopgo_T0.5_u7hg,6,test,pillars_hg_bounds+dynamics+geo_bounds+obstacles,dpcc-c,dpcc-c,False,pillars,mf,1.0,4.0,pid_stopgo,0.5,u7hg,unet,Gen15,1.0,10.0,0.3,,fm_only,none,cuda,,1.0
87,pillars|mf|K1|bbunet|dp0.5|@u7hg,/data/home/llim/FMPCC/FM-PCC/logs/UAV_MIX/uav-pillars/plans/mix_uav_mf/H8_Dmodels.mf_diffusion.MeanFlowODE_9D_dp0.5_bbunet/Emf_K1_mpc4_pid_stopgo_T0.5_u7hg,6,test,pillars_hg_bounds+dynamics+geo_bounds+obstacles,dpcc-c-geo_free,dpcc-c-geo_free,False,pillars,mf,1.0,4.0,pid_stopgo,0.5,u7hg,unet,Gen15,1.0,10.0,0.3,,fm_only,none,cuda,,1.0
87,pillars|mf|K1|bbunet|dp0.5|@u7hg,/data/home/llim/FMPCC/FM-PCC/logs/UAV_MIX/uav-pillars/plans/mix_uav_mf/H8_Dmodels.mf_diffusion.MeanFlowODE_9D_dp0.5_bbunet/Emf_K1_mpc4_pid_stopgo_T0.5_u7hg,6,test,pillars_hg_bounds+dynamics+geo_bounds+obstacles,dpcc-c-tightened,dpcc-c,True,pillars,mf,1.0,4.0,pid_stopgo,0.5,u7hg,unet,Gen15,1.0,10.0,0.3,,fm_only,none,cuda,,1.0
87,pillars|mf|K1|bbunet|dp0.5|@u7hg,/data/home/llim/FMPCC/FM-PCC/logs/UAV_MIX/uav-pillars/plans/mix_uav_mf/H8_Dmodels.mf_diffusion.MeanFlowODE_9D_dp0.5_bbunet/Emf_K1_mpc4_pid_stopgo_T0.5_u7hg,6,test,pillars_hg_bounds+dynamics+geo_bounds+obstacles,dpcc-r,dpcc-r,False,pillars,mf,1.0,4.0,pid_stopgo,0.5,u7hg,unet,Gen15,1.0,10.0,0.3,,fm_only,none,cuda,,1.0
87,pillars|mf|K1|bbunet|dp0.5|@u7hg,/data/home/llim/FMPCC/FM-PCC/logs/UAV_MIX/uav-pillars/plans/mix_uav_mf/H8_Dmodels.mf_diffusion.MeanFlowODE_9D_dp0.5_bbunet/Emf_K1_mpc4_pid_stopgo_T0.5_u7hg,6,test,pillars_hg_bounds+dynamics+geo_bounds+obstacles,dpcc-r-geo_free,dpcc-r-geo_free,False,pillars,mf,1.0,4.0,pid_stopgo,0.5,u7hg,unet,Gen15,1.0,10.0,0.3,,fm_only,none,cuda,,1.0
87,pillars|mf|K1|bbunet|dp0.5|@u7hg,/data/home/llim/FMPCC/FM-PCC/logs/UAV_MIX/uav-pillars/plans/mix_uav_mf/H8_Dmodels.mf_diffusion.MeanFlowODE_9D_dp0.5_bbunet/Emf_K1_mpc4_pid_stopgo_T0.5_u7hg,6,test,pillars_hg_bounds+dynamics+geo_bounds+obstacles,dpcc-r-tightened,dpcc-r,True,pillars,mf,1.0,4.0,pid_stopgo,0.5,u7hg,unet,Gen15,1.0,10.0,0.3,,fm_only,none,cuda,,1.0
87,pillars|mf|K1|bbunet|dp0.5|@u7hg,/data/home/llim/FMPCC/FM-PCC/logs/UAV_MIX/uav-pillars/plans/mix_uav_mf/H8_Dmodels.mf_diffusion.MeanFlowODE_9D_dp0.5_bbunet/Emf_K1_mpc4_pid_stopgo_T0.5_u7hg,6,test,pillars_hg_bounds+dynamics+geo_bounds+obstacles,dpcc-t,dpcc-t,False,pillars,mf,1.0,4.0,pid_stopgo,0.5,u7hg,unet,Gen15,1.0,10.0,0.3,,fm_only,none,cuda,,1.0
87,pillars|mf|K1|bbunet|dp0.5|@u7hg,/data/home/llim/FMPCC/FM-PCC/logs/UAV_MIX/uav-pillars/plans/mix_uav_mf/H8_Dmodels.mf_diffusion.MeanFlowODE_9D_dp0.5_bbunet/Emf_K1_mpc4_pid_stopgo_T0.5_u7hg,6,test,pillars_hg_bounds+dynamics+geo_bounds+obstacles,dpcc-t-geo_free,dpcc-t-geo_free,False,pillars,mf,1.0,4.0,pid_stopgo,0.5,u7hg,unet,Gen15,1.0,10.0,0.3,,fm_only,none,cuda,,1.0
87,pillars|mf|K1|bbunet|dp0.5|@u7hg,/data/home/llim/FMPCC/FM-PCC/logs/UAV_MIX/uav-pillars/plans/mix_uav_mf/H8_Dmodels.mf_diffusion.MeanFlowODE_9D_dp0.5_bbunet/Emf_K1_mpc4_pid_stopgo_T0.5_u7hg,6,test,pillars_hg_bounds+dynamics+geo_bounds+obstacles,dpcc-t-tightened,dpcc-t,True,pillars,mf,1.0,4.0,pid_stopgo,0.5,u7hg,unet,Gen15,1.0,10.0,0.3,,fm_only,none,cuda,,1.0
88,pillars|mf|K2|bbunet|dp0.5,/data/home/llim/FMPCC/FM-PCC/logs/UAV_MIX/uav-pillars/plans/mix_uav_mf/H8_Dmodels.mf_diffusion.MeanFlowODE_9D_dp0.5_bbunet/Emf_K2_mpc4_pid_stopgo_T0.5,6,test,pillars_bounds+dynamics+geo_bounds+obstacles,diffuser,diffuser,False,pillars,mf,2.0,4.0,pid_stopgo,0.5,,unet,Gen15,2.0,10.0,0.3,best,fm_only,none,cuda,,2.0
88,pillars|mf|K2|bbunet|dp0.5,/data/home/llim/FMPCC/FM-PCC/logs/UAV_MIX/uav-pillars/plans/mix_uav_mf/H8_Dmodels.mf_diffusion.MeanFlowODE_9D_dp0.5_bbunet/Emf_K2_mpc4_pid_stopgo_T0.5,6,test,pillars_bounds+dynamics+geo_bounds+obstacles,dpcc-c,dpcc-c,False,pillars,mf,2.0,4.0,pid_stopgo,0.5,,unet,Gen15,2.0,10.0,0.3,best,fm_only,none,cuda,,2.0
88,pillars|mf|K2|bbunet|dp0.5,/data/home/llim/FMPCC/FM-PCC/logs/UAV_MIX/uav-pillars/plans/mix_uav_mf/H8_Dmodels.mf_diffusion.MeanFlowODE_9D_dp0.5_bbunet/Emf_K2_mpc4_pid_stopgo_T0.5,6,test,pillars_bounds+dynamics+geo_bounds+obstacles,dpcc-c-geo_free,dpcc-c-geo_free,False,pillars,mf,2.0,4.0,pid_stopgo,0.5,,unet,Gen15,2.0,10.0,0.3,best,fm_only,none,cuda,,2.0
88,pillars|mf|K2|bbunet|dp0.5,/data/home/llim/FMPCC/FM-PCC/logs/UAV_MIX/uav-pillars/plans/mix_uav_mf/H8_Dmodels.mf_diffusion.MeanFlowODE_9D_dp0.5_bbunet/Emf_K2_mpc4_pid_stopgo_T0.5,6,test,pillars_bounds+dynamics+geo_bounds+obstacles,dpcc-c-tightened,dpcc-c,True,pillars,mf,2.0,4.0,pid_stopgo,0.5,,unet,Gen15,2.0,10.0,0.3,best,fm_only,none,cuda,,2.0
88,pillars|mf|K2|bbunet|dp0.5,/data/home/llim/FMPCC/FM-PCC/logs/UAV_MIX/uav-pillars/plans/mix_uav_mf/H8_Dmodels.mf_diffusion.MeanFlowODE_9D_dp0.5_bbunet/Emf_K2_mpc4_pid_stopgo_T0.5,6,test,pillars_bounds+dynamics+geo_bounds+obstacles,dpcc-r,dpcc-r,False,pillars,mf,2.0,4.0,pid_stopgo,0.5,,unet,Gen15,2.0,10.0,0.3,best,fm_only,none,cuda,,2.0
88,pillars|mf|K2|bbunet|dp0.5,/data/home/llim/FMPCC/FM-PCC/logs/UAV_MIX/uav-pillars/plans/mix_uav_mf/H8_Dmodels.mf_diffusion.MeanFlowODE_9D_dp0.5_bbunet/Emf_K2_mpc4_pid_stopgo_T0.5,6,test,pillars_bounds+dynamics+geo_bounds+obstacles,dpcc-r-geo_free,dpcc-r-geo_free,False,pillars,mf,2.0,4.0,pid_stopgo,0.5,,unet,Gen15,2.0,10.0,0.3,best,fm_only,none,cuda,,2.0
88,pillars|mf|K2|bbunet|dp0.5,/data/home/llim/FMPCC/FM-PCC/logs/UAV_MIX/uav-pillars/plans/mix_uav_mf/H8_Dmodels.mf_diffusion.MeanFlowODE_9D_dp0.5_bbunet/Emf_K2_mpc4_pid_stopgo_T0.5,6,test,pillars_bounds+dynamics+geo_bounds+obstacles,dpcc-r-tightened,dpcc-r,True,pillars,mf,2.0,4.0,pid_stopgo,0.5,,unet,Gen15,2.0,10.0,0.3,best,fm_only,none,cuda,,2.0
88,pillars|mf|K2|bbunet|dp0.5,/data/home/llim/FMPCC/FM-PCC/logs/UAV_MIX/uav-pillars/plans/mix_uav_mf/H8_Dmodels.mf_diffusion.MeanFlowODE_9D_dp0.5_bbunet/Emf_K2_mpc4_pid_stopgo_T0.5,6,test,pillars_bounds+dynamics+geo_bounds+obstacles,dpcc-t,dpcc-t,False,pillars,mf,2.0,4.0,pid_stopgo,0.5,,unet,Gen15,2.0,10.0,0.3,best,fm_only,none,cuda,,2.0
88,pillars|mf|K2|bbunet|dp0.5,/data/home/llim/FMPCC/FM-PCC/logs/UAV_MIX/uav-pillars/plans/mix_uav_mf/H8_Dmodels.mf_diffusion.MeanFlowODE_9D_dp0.5_bbunet/Emf_K2_mpc4_pid_stopgo_T0.5,6,test,pillars_bounds+dynamics+geo_bounds+obstacles,dpcc-t-geo_free,dpcc-t-geo_free,False,pillars,mf,2.0,4.0,pid_stopgo,0.5,,unet,Gen15,2.0,10.0,0.3,best,fm_only,none,cuda,,2.0
88,pillars|mf|K2|bbunet|dp0.5,/data/home/llim/FMPCC/FM-PCC/logs/UAV_MIX/uav-pillars/plans/mix_uav_mf/H8_Dmodels.mf_diffusion.MeanFlowODE_9D_dp0.5_bbunet/Emf_K2_mpc4_pid_stopgo_T0.5,6,test,pillars_bounds+dynamics+geo_bounds+obstacles,dpcc-t-tightened,dpcc-t,True,pillars,mf,2.0,4.0,pid_stopgo,0.5,,unet,Gen15,2.0,10.0,0.3,best,fm_only,none,cuda,,2.0
88,pillars|mf|K2|bbunet|dp0.5,/data/home/llim/FMPCC/FM-PCC/logs/UAV_MIX/uav-pillars/plans/mix_uav_mf/H8_Dmodels.mf_diffusion.MeanFlowODE_9D_dp0.5_bbunet/Emf_K2_mpc4_pid_stopgo_T0.5,6,test,pillars_bounds+dynamics+geo_bounds+obstacles,hardflow_sls,hardflow_sls,False,pillars,mf,2.0,4.0,pid_stopgo,0.5,,unet,Gen15,2.0,10.0,0.3,best,fm_only,none,cuda,,2.0
88,pillars|mf|K2|bbunet|dp0.5,/data/home/llim/FMPCC/FM-PCC/logs/UAV_MIX/uav-pillars/plans/mix_uav_mf/H8_Dmodels.mf_diffusion.MeanFlowODE_9D_dp0.5_bbunet/Emf_K2_mpc4_pid_stopgo_T0.5,6,test,pillars_bounds+dynamics+geo_bounds+obstacles,hardflow_sls-c,hardflow_sls-c,False,pillars,mf,2.0,4.0,pid_stopgo,0.5,,unet,Gen15,2.0,10.0,0.3,best,fm_only,none,cuda,,2.0
88,pillars|mf|K2|bbunet|dp0.5,/data/home/llim/FMPCC/FM-PCC/logs/UAV_MIX/uav-pillars/plans/mix_uav_mf/H8_Dmodels.mf_diffusion.MeanFlowODE_9D_dp0.5_bbunet/Emf_K2_mpc4_pid_stopgo_T0.5,6,test,pillars_bounds+dynamics+geo_bounds+obstacles,hardflow_sls-c-geo_free,hardflow_sls-c-geo_free,False,pillars,mf,2.0,4.0,pid_stopgo,0.5,,unet,Gen15,2.0,10.0,0.3,best,fm_only,none,cuda,,2.0
88,pillars|mf|K2|bbunet|dp0.5,/data/home/llim/FMPCC/FM-PCC/logs/UAV_MIX/uav-pillars/plans/mix_uav_mf/H8_Dmodels.mf_diffusion.MeanFlowODE_9D_dp0.5_bbunet/Emf_K2_mpc4_pid_stopgo_T0.5,6,test,pillars_bounds+dynamics+geo_bounds+obstacles,hardflow_sls-r,hardflow_sls-r,False,pillars,mf,2.0,4.0,pid_stopgo,0.5,,unet,Gen15,2.0,10.0,0.3,best,fm_only,none,cuda,,2.0
88,pillars|mf|K2|bbunet|dp0.5,/data/home/llim/FMPCC/FM-PCC/logs/UAV_MIX/uav-pillars/plans/mix_uav_mf/H8_Dmodels.mf_diffusion.MeanFlowODE_9D_dp0.5_bbunet/Emf_K2_mpc4_pid_stopgo_T0.5,6,test,pillars_bounds+dynamics+geo_bounds+obstacles,hardflow_sls-r-geo_free,hardflow_sls-r-geo_free,False,pillars,mf,2.0,4.0,pid_stopgo,0.5,,unet,Gen15,2.0,10.0,0.3,best,fm_only,none,cuda,,2.0
88,pillars|mf|K2|bbunet|dp0.5,/data/home/llim/FMPCC/FM-PCC/logs/UAV_MIX/uav-pillars/plans/mix_uav_mf/H8_Dmodels.mf_diffusion.MeanFlowODE_9D_dp0.5_bbunet/Emf_K2_mpc4_pid_stopgo_T0.5,6,test,pillars_bounds+dynamics+geo_bounds+obstacles,hardflow_sls-t,hardflow_sls-t,False,pillars,mf,2.0,4.0,pid_stopgo,0.5,,unet,Gen15,2.0,10.0,0.3,best,fm_only,none,cuda,,2.0
88,pillars|mf|K2|bbunet|dp0.5,/data/home/llim/FMPCC/FM-PCC/logs/UAV_MIX/uav-pillars/plans/mix_uav_mf/H8_Dmodels.mf_diffusion.MeanFlowODE_9D_dp0.5_bbunet/Emf_K2_mpc4_pid_stopgo_T0.5,6,test,pillars_bounds+dynamics+geo_bounds+obstacles,hardflow_sls-t-geo_free,hardflow_sls-t-geo_free,False,pillars,mf,2.0,4.0,pid_stopgo,0.5,,unet,Gen15,2.0,10.0,0.3,best,fm_only,none,cuda,,2.0
89,pillars|mf|K2|bbunet|dp0.5|@fix16legacy,/data/home/llim/FMPCC/FM-PCC/logs/UAV_MIX/uav-pillars/plans/mix_uav_mf/H8_Dmodels.mf_diffusion.MeanFlowODE_9D_dp0.5_bbunet/Emf_K2_mpc4_pid_stopgo_T0.5_fix16legacy,6,test,pillars_bounds+dynamics+geo_bounds+obstacles,diffuser,diffuser,False,pillars,mf,2.0,4.0,pid_stopgo,0.5,fix16legacy,unet,Gen15,2.0,10.0,0.3,best,fm_only,none,cuda,,2.0
89,pillars|mf|K2|bbunet|dp0.5|@fix16legacy,/data/home/llim/FMPCC/FM-PCC/logs/UAV_MIX/uav-pillars/plans/mix_uav_mf/H8_Dmodels.mf_diffusion.MeanFlowODE_9D_dp0.5_bbunet/Emf_K2_mpc4_pid_stopgo_T0.5_fix16legacy,6,test,pillars_bounds+dynamics+geo_bounds+obstacles,dpcc-c,dpcc-c,False,pillars,mf,2.0,4.0,pid_stopgo,0.5,fix16legacy,unet,Gen15,2.0,10.0,0.3,best,fm_only,none,cuda,,2.0
89,pillars|mf|K2|bbunet|dp0.5|@fix16legacy,/data/home/llim/FMPCC/FM-PCC/logs/UAV_MIX/uav-pillars/plans/mix_uav_mf/H8_Dmodels.mf_diffusion.MeanFlowODE_9D_dp0.5_bbunet/Emf_K2_mpc4_pid_stopgo_T0.5_fix16legacy,6,test,pillars_bounds+dynamics+geo_bounds+obstacles,dpcc-c-geo_free,dpcc-c-geo_free,False,pillars,mf,2.0,4.0,pid_stopgo,0.5,fix16legacy,unet,Gen15,2.0,10.0,0.3,best,fm_only,none,cuda,,2.0
89,pillars|mf|K2|bbunet|dp0.5|@fix16legacy,/data/home/llim/FMPCC/FM-PCC/logs/UAV_MIX/uav-pillars/plans/mix_uav_mf/H8_Dmodels.mf_diffusion.MeanFlowODE_9D_dp0.5_bbunet/Emf_K2_mpc4_pid_stopgo_T0.5_fix16legacy,6,test,pillars_bounds+dynamics+geo_bounds+obstacles,dpcc-c-tightened,dpcc-c,True,pillars,mf,2.0,4.0,pid_stopgo,0.5,fix16legacy,unet,Gen15,2.0,10.0,0.3,best,fm_only,none,cuda,,2.0
89,pillars|mf|K2|bbunet|dp0.5|@fix16legacy,/data/home/llim/FMPCC/FM-PCC/logs/UAV_MIX/uav-pillars/plans/mix_uav_mf/H8_Dmodels.mf_diffusion.MeanFlowODE_9D_dp0.5_bbunet/Emf_K2_mpc4_pid_stopgo_T0.5_fix16legacy,6,test,pillars_bounds+dynamics+geo_bounds+obstacles,dpcc-r,dpcc-r,False,pillars,mf,2.0,4.0,pid_stopgo,0.5,fix16legacy,unet,Gen15,2.0,10.0,0.3,best,fm_only,none,cuda,,2.0
89,pillars|mf|K2|bbunet|dp0.5|@fix16legacy,/data/home/llim/FMPCC/FM-PCC/logs/UAV_MIX/uav-pillars/plans/mix_uav_mf/H8_Dmodels.mf_diffusion.MeanFlowODE_9D_dp0.5_bbunet/Emf_K2_mpc4_pid_stopgo_T0.5_fix16legacy,6,test,pillars_bounds+dynamics+geo_bounds+obstacles,dpcc-r-geo_free,dpcc-r-geo_free,False,pillars,mf,2.0,4.0,pid_stopgo,0.5,fix16legacy,unet,Gen15,2.0,10.0,0.3,best,fm_only,none,cuda,,2.0
89,pillars|mf|K2|bbunet|dp0.5|@fix16legacy,/data/home/llim/FMPCC/FM-PCC/logs/UAV_MIX/uav-pillars/plans/mix_uav_mf/H8_Dmodels.mf_diffusion.MeanFlowODE_9D_dp0.5_bbunet/Emf_K2_mpc4_pid_stopgo_T0.5_fix16legacy,6,test,pillars_bounds+dynamics+geo_bounds+obstacles,dpcc-r-tightened,dpcc-r,True,pillars,mf,2.0,4.0,pid_stopgo,0.5,fix16legacy,unet,Gen15,2.0,10.0,0.3,best,fm_only,none,cuda,,2.0
89,pillars|mf|K2|bbunet|dp0.5|@fix16legacy,/data/home/llim/FMPCC/FM-PCC/logs/UAV_MIX/uav-pillars/plans/mix_uav_mf/H8_Dmodels.mf_diffusion.MeanFlowODE_9D_dp0.5_bbunet/Emf_K2_mpc4_pid_stopgo_T0.5_fix16legacy,6,test,pillars_bounds+dynamics+geo_bounds+obstacles,dpcc-t,dpcc-t,False,pillars,mf,2.0,4.0,pid_stopgo,0.5,fix16legacy,unet,Gen15,2.0,10.0,0.3,best,fm_only,none,cuda,,2.0
89,pillars|mf|K2|bbunet|dp0.5|@fix16legacy,/data/home/llim/FMPCC/FM-PCC/logs/UAV_MIX/uav-pillars/plans/mix_uav_mf/H8_Dmodels.mf_diffusion.MeanFlowODE_9D_dp0.5_bbunet/Emf_K2_mpc4_pid_stopgo_T0.5_fix16legacy,6,test,pillars_bounds+dynamics+geo_bounds+obstacles,dpcc-t-geo_free,dpcc-t-geo_free,False,pillars,mf,2.0,4.0,pid_stopgo,0.5,fix16legacy,unet,Gen15,2.0,10.0,0.3,best,fm_only,none,cuda,,2.0
89,pillars|mf|K2|bbunet|dp0.5|@fix16legacy,/data/home/llim/FMPCC/FM-PCC/logs/UAV_MIX/uav-pillars/plans/mix_uav_mf/H8_Dmodels.mf_diffusion.MeanFlowODE_9D_dp0.5_bbunet/Emf_K2_mpc4_pid_stopgo_T0.5_fix16legacy,6,test,pillars_bounds+dynamics+geo_bounds+obstacles,dpcc-t-tightened,dpcc-t,True,pillars,mf,2.0,4.0,pid_stopgo,0.5,fix16legacy,unet,Gen15,2.0,10.0,0.3,best,fm_only,none,cuda,,2.0
90,pillars|mf|K2|bbunet|dp0.5|@fix16scaled,/data/home/llim/FMPCC/FM-PCC/logs/UAV_MIX/uav-pillars/plans/mix_uav_mf/H8_Dmodels.mf_diffusion.MeanFlowODE_9D_dp0.5_bbunet/Emf_K2_mpc4_pid_stopgo_T0.5_fix16scaled,6,test,pillars_bounds+dynamics+geo_bounds+obstacles,diffuser,diffuser,False,pillars,mf,2.0,4.0,pid_stopgo,0.5,fix16scaled,unet,Gen15,2.0,10.0,0.3,best,fm_only,none,cuda,,2.0
90,pillars|mf|K2|bbunet|dp0.5|@fix16scaled,/data/home/llim/FMPCC/FM-PCC/logs/UAV_MIX/uav-pillars/plans/mix_uav_mf/H8_Dmodels.mf_diffusion.MeanFlowODE_9D_dp0.5_bbunet/Emf_K2_mpc4_pid_stopgo_T0.5_fix16scaled,6,test,pillars_bounds+dynamics+geo_bounds+obstacles,dpcc-c,dpcc-c,False,pillars,mf,2.0,4.0,pid_stopgo,0.5,fix16scaled,unet,Gen15,2.0,10.0,0.3,best,fm_only,none,cuda,,2.0
90,pillars|mf|K2|bbunet|dp0.5|@fix16scaled,/data/home/llim/FMPCC/FM-PCC/logs/UAV_MIX/uav-pillars/plans/mix_uav_mf/H8_Dmodels.mf_diffusion.MeanFlowODE_9D_dp0.5_bbunet/Emf_K2_mpc4_pid_stopgo_T0.5_fix16scaled,6,test,pillars_bounds+dynamics+geo_bounds+obstacles,dpcc-c-geo_free,dpcc-c-geo_free,False,pillars,mf,2.0,4.0,pid_stopgo,0.5,fix16scaled,unet,Gen15,2.0,10.0,0.3,best,fm_only,none,cuda,,2.0
90,pillars|mf|K2|bbunet|dp0.5|@fix16scaled,/data/home/llim/FMPCC/FM-PCC/logs/UAV_MIX/uav-pillars/plans/mix_uav_mf/H8_Dmodels.mf_diffusion.MeanFlowODE_9D_dp0.5_bbunet/Emf_K2_mpc4_pid_stopgo_T0.5_fix16scaled,6,test,pillars_bounds+dynamics+geo_bounds+obstacles,dpcc-c-tightened,dpcc-c,True,pillars,mf,2.0,4.0,pid_stopgo,0.5,fix16scaled,unet,Gen15,2.0,10.0,0.3,best,fm_only,none,cuda,,2.0
90,pillars|mf|K2|bbunet|dp0.5|@fix16scaled,/data/home/llim/FMPCC/FM-PCC/logs/UAV_MIX/uav-pillars/plans/mix_uav_mf/H8_Dmodels.mf_diffusion.MeanFlowODE_9D_dp0.5_bbunet/Emf_K2_mpc4_pid_stopgo_T0.5_fix16scaled,6,test,pillars_bounds+dynamics+geo_bounds+obstacles,dpcc-r,dpcc-r,False,pillars,mf,2.0,4.0,pid_stopgo,0.5,fix16scaled,unet,Gen15,2.0,10.0,0.3,best,fm_only,none,cuda,,2.0
90,pillars|mf|K2|bbunet|dp0.5|@fix16scaled,/data/home/llim/FMPCC/FM-PCC/logs/UAV_MIX/uav-pillars/plans/mix_uav_mf/H8_Dmodels.mf_diffusion.MeanFlowODE_9D_dp0.5_bbunet/Emf_K2_mpc4_pid_stopgo_T0.5_fix16scaled,6,test,pillars_bounds+dynamics+geo_bounds+obstacles,dpcc-r-geo_free,dpcc-r-geo_free,False,pillars,mf,2.0,4.0,pid_stopgo,0.5,fix16scaled,unet,Gen15,2.0,10.0,0.3,best,fm_only,none,cuda,,2.0
90,pillars|mf|K2|bbunet|dp0.5|@fix16scaled,/data/home/llim/FMPCC/FM-PCC/logs/UAV_MIX/uav-pillars/plans/mix_uav_mf/H8_Dmodels.mf_diffusion.MeanFlowODE_9D_dp0.5_bbunet/Emf_K2_mpc4_pid_stopgo_T0.5_fix16scaled,6,test,pillars_bounds+dynamics+geo_bounds+obstacles,dpcc-r-tightened,dpcc-r,True,pillars,mf,2.0,4.0,pid_stopgo,0.5,fix16scaled,unet,Gen15,2.0,10.0,0.3,best,fm_only,none,cuda,,2.0
90,pillars|mf|K2|bbunet|dp0.5|@fix16scaled,/data/home/llim/FMPCC/FM-PCC/logs/UAV_MIX/uav-pillars/plans/mix_uav_mf/H8_Dmodels.mf_diffusion.MeanFlowODE_9D_dp0.5_bbunet/Emf_K2_mpc4_pid_stopgo_T0.5_fix16scaled,6,test,pillars_bounds+dynamics+geo_bounds+obstacles,dpcc-t,dpcc-t,False,pillars,mf,2.0,4.0,pid_stopgo,0.5,fix16scaled,unet,Gen15,2.0,10.0,0.3,best,fm_only,none,cuda,,2.0
90,pillars|mf|K2|bbunet|dp0.5|@fix16scaled,/data/home/llim/FMPCC/FM-PCC/logs/UAV_MIX/uav-pillars/plans/mix_uav_mf/H8_Dmodels.mf_diffusion.MeanFlowODE_9D_dp0.5_bbunet/Emf_K2_mpc4_pid_stopgo_T0.5_fix16scaled,6,test,pillars_bounds+dynamics+geo_bounds+obstacles,dpcc-t-geo_free,dpcc-t-geo_free,False,pillars,mf,2.0,4.0,pid_stopgo,0.5,fix16scaled,unet,Gen15,2.0,10.0,0.3,best,fm_only,none,cuda,,2.0
90,pillars|mf|K2|bbunet|dp0.5|@fix16scaled,/data/home/llim/FMPCC/FM-PCC/logs/UAV_MIX/uav-pillars/plans/mix_uav_mf/H8_Dmodels.mf_diffusion.MeanFlowODE_9D_dp0.5_bbunet/Emf_K2_mpc4_pid_stopgo_T0.5_fix16scaled,6,test,pillars_bounds+dynamics+geo_bounds+obstacles,dpcc-t-tightened,dpcc-t,True,pillars,mf,2.0,4.0,pid_stopgo,0.5,fix16scaled,unet,Gen15,2.0,10.0,0.3,best,fm_only,none,cuda,,2.0
91,pillars|mf|K2|bbunet|dp0.5|@u7hg,/data/home/llim/FMPCC/FM-PCC/logs/UAV_MIX/uav-pillars/plans/mix_uav_mf/H8_Dmodels.mf_diffusion.MeanFlowODE_9D_dp0.5_bbunet/Emf_K2_mpc4_pid_stopgo_T0.5_u7hg,6,test,pillars_hg_bounds+dynamics+geo_bounds+obstacles,diffuser,diffuser,False,pillars,mf,2.0,4.0,pid_stopgo,0.5,u7hg,unet,Gen15,2.0,10.0,0.3,,fm_only,none,cuda,,2.0
91,pillars|mf|K2|bbunet|dp0.5|@u7hg,/data/home/llim/FMPCC/FM-PCC/logs/UAV_MIX/uav-pillars/plans/mix_uav_mf/H8_Dmodels.mf_diffusion.MeanFlowODE_9D_dp0.5_bbunet/Emf_K2_mpc4_pid_stopgo_T0.5_u7hg,6,test,pillars_hg_bounds+dynamics+geo_bounds+obstacles,dpcc-c,dpcc-c,False,pillars,mf,2.0,4.0,pid_stopgo,0.5,u7hg,unet,Gen15,2.0,10.0,0.3,,fm_only,none,cuda,,2.0
91,pillars|mf|K2|bbunet|dp0.5|@u7hg,/data/home/llim/FMPCC/FM-PCC/logs/UAV_MIX/uav-pillars/plans/mix_uav_mf/H8_Dmodels.mf_diffusion.MeanFlowODE_9D_dp0.5_bbunet/Emf_K2_mpc4_pid_stopgo_T0.5_u7hg,6,test,pillars_hg_bounds+dynamics+geo_bounds+obstacles,dpcc-c-geo_free,dpcc-c-geo_free,False,pillars,mf,2.0,4.0,pid_stopgo,0.5,u7hg,unet,Gen15,2.0,10.0,0.3,,fm_only,none,cuda,,2.0
91,pillars|mf|K2|bbunet|dp0.5|@u7hg,/data/home/llim/FMPCC/FM-PCC/logs/UAV_MIX/uav-pillars/plans/mix_uav_mf/H8_Dmodels.mf_diffusion.MeanFlowODE_9D_dp0.5_bbunet/Emf_K2_mpc4_pid_stopgo_T0.5_u7hg,6,test,pillars_hg_bounds+dynamics+geo_bounds+obstacles,dpcc-c-tightened,dpcc-c,True,pillars,mf,2.0,4.0,pid_stopgo,0.5,u7hg,unet,Gen15,2.0,10.0,0.3,,fm_only,none,cuda,,2.0
91,pillars|mf|K2|bbunet|dp0.5|@u7hg,/data/home/llim/FMPCC/FM-PCC/logs/UAV_MIX/uav-pillars/plans/mix_uav_mf/H8_Dmodels.mf_diffusion.MeanFlowODE_9D_dp0.5_bbunet/Emf_K2_mpc4_pid_stopgo_T0.5_u7hg,6,test,pillars_hg_bounds+dynamics+geo_bounds+obstacles,dpcc-r,dpcc-r,False,pillars,mf,2.0,4.0,pid_stopgo,0.5,u7hg,unet,Gen15,2.0,10.0,0.3,,fm_only,none,cuda,,2.0
91,pillars|mf|K2|bbunet|dp0.5|@u7hg,/data/home/llim/FMPCC/FM-PCC/logs/UAV_MIX/uav-pillars/plans/mix_uav_mf/H8_Dmodels.mf_diffusion.MeanFlowODE_9D_dp0.5_bbunet/Emf_K2_mpc4_pid_stopgo_T0.5_u7hg,6,test,pillars_hg_bounds+dynamics+geo_bounds+obstacles,dpcc-r-geo_free,dpcc-r-geo_free,False,pillars,mf,2.0,4.0,pid_stopgo,0.5,u7hg,unet,Gen15,2.0,10.0,0.3,,fm_only,none,cuda,,2.0
91,pillars|mf|K2|bbunet|dp0.5|@u7hg,/data/home/llim/FMPCC/FM-PCC/logs/UAV_MIX/uav-pillars/plans/mix_uav_mf/H8_Dmodels.mf_diffusion.MeanFlowODE_9D_dp0.5_bbunet/Emf_K2_mpc4_pid_stopgo_T0.5_u7hg,6,test,pillars_hg_bounds+dynamics+geo_bounds+obstacles,dpcc-r-tightened,dpcc-r,True,pillars,mf,2.0,4.0,pid_stopgo,0.5,u7hg,unet,Gen15,2.0,10.0,0.3,,fm_only,none,cuda,,2.0
91,pillars|mf|K2|bbunet|dp0.5|@u7hg,/data/home/llim/FMPCC/FM-PCC/logs/UAV_MIX/uav-pillars/plans/mix_uav_mf/H8_Dmodels.mf_diffusion.MeanFlowODE_9D_dp0.5_bbunet/Emf_K2_mpc4_pid_stopgo_T0.5_u7hg,6,test,pillars_hg_bounds+dynamics+geo_bounds+obstacles,dpcc-t,dpcc-t,False,pillars,mf,2.0,4.0,pid_stopgo,0.5,u7hg,unet,Gen15,2.0,10.0,0.3,,fm_only,none,cuda,,2.0
91,pillars|mf|K2|bbunet|dp0.5|@u7hg,/data/home/llim/FMPCC/FM-PCC/logs/UAV_MIX/uav-pillars/plans/mix_uav_mf/H8_Dmodels.mf_diffusion.MeanFlowODE_9D_dp0.5_bbunet/Emf_K2_mpc4_pid_stopgo_T0.5_u7hg,6,test,pillars_hg_bounds+dynamics+geo_bounds+obstacles,dpcc-t-geo_free,dpcc-t-geo_free,False,pillars,mf,2.0,4.0,pid_stopgo,0.5,u7hg,unet,Gen15,2.0,10.0,0.3,,fm_only,none,cuda,,2.0
91,pillars|mf|K2|bbunet|dp0.5|@u7hg,/data/home/llim/FMPCC/FM-PCC/logs/UAV_MIX/uav-pillars/plans/mix_uav_mf/H8_Dmodels.mf_diffusion.MeanFlowODE_9D_dp0.5_bbunet/Emf_K2_mpc4_pid_stopgo_T0.5_u7hg,6,test,pillars_hg_bounds+dynamics+geo_bounds+obstacles,dpcc-t-tightened,dpcc-t,True,pillars,mf,2.0,4.0,pid_stopgo,0.5,u7hg,unet,Gen15,2.0,10.0,0.3,,fm_only,none,cuda,,2.0
92,pillars|mf|K2|bbunet|dp0.5|@u7hga1,/data/home/llim/FMPCC/FM-PCC/logs/UAV_MIX/uav-pillars/plans/mix_uav_mf/H8_Dmodels.mf_diffusion.MeanFlowODE_9D_dp0.5_bbunet/Emf_K2_mpc4_pid_stopgo_T0.5_u7hga1,6,test,pillars_hg_bounds+dynamics+geo_bounds+obstacles,dpcc-t,dpcc-t,False,pillars,mf,2.0,4.0,pid_stopgo,0.5,u7hga1,unet,Gen15,2.0,10.0,0.3,,fm_only,none,cuda,,2.0
92,pillars|mf|K2|bbunet|dp0.5|@u7hga1,/data/home/llim/FMPCC/FM-PCC/logs/UAV_MIX/uav-pillars/plans/mix_uav_mf/H8_Dmodels.mf_diffusion.MeanFlowODE_9D_dp0.5_bbunet/Emf_K2_mpc4_pid_stopgo_T0.5_u7hga1,6,test,pillars_hg_bounds+dynamics+geo_bounds+obstacles,hardflow_sls,hardflow_sls,False,pillars,mf,2.0,4.0,pid_stopgo,0.5,u7hga1,unet,Gen15,2.0,10.0,0.3,,fm_only,none,cuda,,2.0
92,pillars|mf|K2|bbunet|dp0.5|@u7hga1,/data/home/llim/FMPCC/FM-PCC/logs/UAV_MIX/uav-pillars/plans/mix_uav_mf/H8_Dmodels.mf_diffusion.MeanFlowODE_9D_dp0.5_bbunet/Emf_K2_mpc4_pid_stopgo_T0.5_u7hga1,6,test,pillars_hg_bounds+dynamics+geo_bounds+obstacles,hardflow_sls-c,hardflow_sls-c,False,pillars,mf,2.0,4.0,pid_stopgo,0.5,u7hga1,unet,Gen15,2.0,10.0,0.3,,fm_only,none,cuda,,2.0
92,pillars|mf|K2|bbunet|dp0.5|@u7hga1,/data/home/llim/FMPCC/FM-PCC/logs/UAV_MIX/uav-pillars/plans/mix_uav_mf/H8_Dmodels.mf_diffusion.MeanFlowODE_9D_dp0.5_bbunet/Emf_K2_mpc4_pid_stopgo_T0.5_u7hga1,6,test,pillars_hg_bounds+dynamics+geo_bounds+obstacles,hardflow_sls-r,hardflow_sls-r,False,pillars,mf,2.0,4.0,pid_stopgo,0.5,u7hga1,unet,Gen15,2.0,10.0,0.3,,fm_only,none,cuda,,2.0
92,pillars|mf|K2|bbunet|dp0.5|@u7hga1,/data/home/llim/FMPCC/FM-PCC/logs/UAV_MIX/uav-pillars/plans/mix_uav_mf/H8_Dmodels.mf_diffusion.MeanFlowODE_9D_dp0.5_bbunet/Emf_K2_mpc4_pid_stopgo_T0.5_u7hga1,6,test,pillars_hg_bounds+dynamics+geo_bounds+obstacles,hardflow_sls-t,hardflow_sls-t,False,pillars,mf,2.0,4.0,pid_stopgo,0.5,u7hga1,unet,Gen15,2.0,10.0,0.3,,fm_only,none,cuda,,2.0
93,pillars|mf|K5|bbunet|dp0.5,/data/home/llim/FMPCC/FM-PCC/logs/UAV_MIX/uav-pillars/plans/mix_uav_mf/H8_Dmodels.mf_diffusion.MeanFlowODE_9D_dp0.5_bbunet/Emf_K5_mpc4_pid_stopgo_T0.5,6,test,pillars_bounds+dynamics+geo_bounds+obstacles,diffuser,diffuser,False,pillars,mf,5.0,4.0,pid_stopgo,0.5,,unet,Gen15,5.0,10.0,0.3,best,fm_only,none,cuda,,5.0
93,pillars|mf|K5|bbunet|dp0.5,/data/home/llim/FMPCC/FM-PCC/logs/UAV_MIX/uav-pillars/plans/mix_uav_mf/H8_Dmodels.mf_diffusion.MeanFlowODE_9D_dp0.5_bbunet/Emf_K5_mpc4_pid_stopgo_T0.5,6,test,pillars_bounds+dynamics+geo_bounds+obstacles,dpcc-c,dpcc-c,False,pillars,mf,5.0,4.0,pid_stopgo,0.5,,unet,Gen15,5.0,10.0,0.3,best,fm_only,none,cuda,,5.0
93,pillars|mf|K5|bbunet|dp0.5,/data/home/llim/FMPCC/FM-PCC/logs/UAV_MIX/uav-pillars/plans/mix_uav_mf/H8_Dmodels.mf_diffusion.MeanFlowODE_9D_dp0.5_bbunet/Emf_K5_mpc4_pid_stopgo_T0.5,6,test,pillars_bounds+dynamics+geo_bounds+obstacles,dpcc-c-geo_free,dpcc-c-geo_free,False,pillars,mf,5.0,4.0,pid_stopgo,0.5,,unet,Gen15,5.0,10.0,0.3,best,fm_only,none,cuda,,5.0
93,pillars|mf|K5|bbunet|dp0.5,/data/home/llim/FMPCC/FM-PCC/logs/UAV_MIX/uav-pillars/plans/mix_uav_mf/H8_Dmodels.mf_diffusion.MeanFlowODE_9D_dp0.5_bbunet/Emf_K5_mpc4_pid_stopgo_T0.5,6,test,pillars_bounds+dynamics+geo_bounds+obstacles,dpcc-c-tightened,dpcc-c,True,pillars,mf,5.0,4.0,pid_stopgo,0.5,,unet,Gen15,5.0,10.0,0.3,best,fm_only,none,cuda,,5.0
93,pillars|mf|K5|bbunet|dp0.5,/data/home/llim/FMPCC/FM-PCC/logs/UAV_MIX/uav-pillars/plans/mix_uav_mf/H8_Dmodels.mf_diffusion.MeanFlowODE_9D_dp0.5_bbunet/Emf_K5_mpc4_pid_stopgo_T0.5,6,test,pillars_bounds+dynamics+geo_bounds+obstacles,dpcc-r,dpcc-r,False,pillars,mf,5.0,4.0,pid_stopgo,0.5,,unet,Gen15,5.0,10.0,0.3,best,fm_only,none,cuda,,5.0
93,pillars|mf|K5|bbunet|dp0.5,/data/home/llim/FMPCC/FM-PCC/logs/UAV_MIX/uav-pillars/plans/mix_uav_mf/H8_Dmodels.mf_diffusion.MeanFlowODE_9D_dp0.5_bbunet/Emf_K5_mpc4_pid_stopgo_T0.5,6,test,pillars_bounds+dynamics+geo_bounds+obstacles,dpcc-r-geo_free,dpcc-r-geo_free,False,pillars,mf,5.0,4.0,pid_stopgo,0.5,,unet,Gen15,5.0,10.0,0.3,best,fm_only,none,cuda,,5.0
93,pillars|mf|K5|bbunet|dp0.5,/data/home/llim/FMPCC/FM-PCC/logs/UAV_MIX/uav-pillars/plans/mix_uav_mf/H8_Dmodels.mf_diffusion.MeanFlowODE_9D_dp0.5_bbunet/Emf_K5_mpc4_pid_stopgo_T0.5,6,test,pillars_bounds+dynamics+geo_bounds+obstacles,dpcc-r-tightened,dpcc-r,True,pillars,mf,5.0,4.0,pid_stopgo,0.5,,unet,Gen15,5.0,10.0,0.3,best,fm_only,none,cuda,,5.0
93,pillars|mf|K5|bbunet|dp0.5,/data/home/llim/FMPCC/FM-PCC/logs/UAV_MIX/uav-pillars/plans/mix_uav_mf/H8_Dmodels.mf_diffusion.MeanFlowODE_9D_dp0.5_bbunet/Emf_K5_mpc4_pid_stopgo_T0.5,6,test,pillars_bounds+dynamics+geo_bounds+obstacles,dpcc-t,dpcc-t,False,pillars,mf,5.0,4.0,pid_stopgo,0.5,,unet,Gen15,5.0,10.0,0.3,best,fm_only,none,cuda,,5.0
93,pillars|mf|K5|bbunet|dp0.5,/data/home/llim/FMPCC/FM-PCC/logs/UAV_MIX/uav-pillars/plans/mix_uav_mf/H8_Dmodels.mf_diffusion.MeanFlowODE_9D_dp0.5_bbunet/Emf_K5_mpc4_pid_stopgo_T0.5,6,test,pillars_bounds+dynamics+geo_bounds+obstacles,dpcc-t-geo_free,dpcc-t-geo_free,False,pillars,mf,5.0,4.0,pid_stopgo,0.5,,unet,Gen15,5.0,10.0,0.3,best,fm_only,none,cuda,,5.0
93,pillars|mf|K5|bbunet|dp0.5,/data/home/llim/FMPCC/FM-PCC/logs/UAV_MIX/uav-pillars/plans/mix_uav_mf/H8_Dmodels.mf_diffusion.MeanFlowODE_9D_dp0.5_bbunet/Emf_K5_mpc4_pid_stopgo_T0.5,6,test,pillars_bounds+dynamics+geo_bounds+obstacles,dpcc-t-tightened,dpcc-t,True,pillars,mf,5.0,4.0,pid_stopgo,0.5,,unet,Gen15,5.0,10.0,0.3,best,fm_only,none,cuda,,5.0
93,pillars|mf|K5|bbunet|dp0.5,/data/home/llim/FMPCC/FM-PCC/logs/UAV_MIX/uav-pillars/plans/mix_uav_mf/H8_Dmodels.mf_diffusion.MeanFlowODE_9D_dp0.5_bbunet/Emf_K5_mpc4_pid_stopgo_T0.5,6,test,pillars_bounds+dynamics+geo_bounds+obstacles,hardflow_sls,hardflow_sls,False,pillars,mf,5.0,4.0,pid_stopgo,0.5,,unet,Gen15,5.0,10.0,0.3,best,fm_only,none,cuda,,5.0
93,pillars|mf|K5|bbunet|dp0.5,/data/home/llim/FMPCC/FM-PCC/logs/UAV_MIX/uav-pillars/plans/mix_uav_mf/H8_Dmodels.mf_diffusion.MeanFlowODE_9D_dp0.5_bbunet/Emf_K5_mpc4_pid_stopgo_T0.5,6,test,pillars_bounds+dynamics+geo_bounds+obstacles,hardflow_sls-c,hardflow_sls-c,False,pillars,mf,5.0,4.0,pid_stopgo,0.5,,unet,Gen15,5.0,10.0,0.3,best,fm_only,none,cuda,,5.0
93,pillars|mf|K5|bbunet|dp0.5,/data/home/llim/FMPCC/FM-PCC/logs/UAV_MIX/uav-pillars/plans/mix_uav_mf/H8_Dmodels.mf_diffusion.MeanFlowODE_9D_dp0.5_bbunet/Emf_K5_mpc4_pid_stopgo_T0.5,6,test,pillars_bounds+dynamics+geo_bounds+obstacles,hardflow_sls-c-geo_free,hardflow_sls-c-geo_free,False,pillars,mf,5.0,4.0,pid_stopgo,0.5,,unet,Gen15,5.0,10.0,0.3,best,fm_only,none,cuda,,5.0
93,pillars|mf|K5|bbunet|dp0.5,/data/home/llim/FMPCC/FM-PCC/logs/UAV_MIX/uav-pillars/plans/mix_uav_mf/H8_Dmodels.mf_diffusion.MeanFlowODE_9D_dp0.5_bbunet/Emf_K5_mpc4_pid_stopgo_T0.5,6,test,pillars_bounds+dynamics+geo_bounds+obstacles,hardflow_sls-r,hardflow_sls-r,False,pillars,mf,5.0,4.0,pid_stopgo,0.5,,unet,Gen15,5.0,10.0,0.3,best,fm_only,none,cuda,,5.0
93,pillars|mf|K5|bbunet|dp0.5,/data/home/llim/FMPCC/FM-PCC/logs/UAV_MIX/uav-pillars/plans/mix_uav_mf/H8_Dmodels.mf_diffusion.MeanFlowODE_9D_dp0.5_bbunet/Emf_K5_mpc4_pid_stopgo_T0.5,6,test,pillars_bounds+dynamics+geo_bounds+obstacles,hardflow_sls-r-geo_free,hardflow_sls-r-geo_free,False,pillars,mf,5.0,4.0,pid_stopgo,0.5,,unet,Gen15,5.0,10.0,0.3,best,fm_only,none,cuda,,5.0
93,pillars|mf|K5|bbunet|dp0.5,/data/home/llim/FMPCC/FM-PCC/logs/UAV_MIX/uav-pillars/plans/mix_uav_mf/H8_Dmodels.mf_diffusion.MeanFlowODE_9D_dp0.5_bbunet/Emf_K5_mpc4_pid_stopgo_T0.5,6,test,pillars_bounds+dynamics+geo_bounds+obstacles,hardflow_sls-t,hardflow_sls-t,False,pillars,mf,5.0,4.0,pid_stopgo,0.5,,unet,Gen15,5.0,10.0,0.3,best,fm_only,none,cuda,,5.0
93,pillars|mf|K5|bbunet|dp0.5,/data/home/llim/FMPCC/FM-PCC/logs/UAV_MIX/uav-pillars/plans/mix_uav_mf/H8_Dmodels.mf_diffusion.MeanFlowODE_9D_dp0.5_bbunet/Emf_K5_mpc4_pid_stopgo_T0.5,6,test,pillars_bounds+dynamics+geo_bounds+obstacles,hardflow_sls-t-geo_free,hardflow_sls-t-geo_free,False,pillars,mf,5.0,4.0,pid_stopgo,0.5,,unet,Gen15,5.0,10.0,0.3,best,fm_only,none,cuda,,5.0
94,pillars|mf|K5|bbunet|dp0.5|@fix16legacy,/data/home/llim/FMPCC/FM-PCC/logs/UAV_MIX/uav-pillars/plans/mix_uav_mf/H8_Dmodels.mf_diffusion.MeanFlowODE_9D_dp0.5_bbunet/Emf_K5_mpc4_pid_stopgo_T0.5_fix16legacy,6,test,pillars_bounds+dynamics+geo_bounds+obstacles,diffuser,diffuser,False,pillars,mf,5.0,4.0,pid_stopgo,0.5,fix16legacy,unet,Gen15,5.0,10.0,0.3,best,fm_only,none,cuda,,5.0
94,pillars|mf|K5|bbunet|dp0.5|@fix16legacy,/data/home/llim/FMPCC/FM-PCC/logs/UAV_MIX/uav-pillars/plans/mix_uav_mf/H8_Dmodels.mf_diffusion.MeanFlowODE_9D_dp0.5_bbunet/Emf_K5_mpc4_pid_stopgo_T0.5_fix16legacy,6,test,pillars_bounds+dynamics+geo_bounds+obstacles,dpcc-c,dpcc-c,False,pillars,mf,5.0,4.0,pid_stopgo,0.5,fix16legacy,unet,Gen15,5.0,10.0,0.3,best,fm_only,none,cuda,,5.0
94,pillars|mf|K5|bbunet|dp0.5|@fix16legacy,/data/home/llim/FMPCC/FM-PCC/logs/UAV_MIX/uav-pillars/plans/mix_uav_mf/H8_Dmodels.mf_diffusion.MeanFlowODE_9D_dp0.5_bbunet/Emf_K5_mpc4_pid_stopgo_T0.5_fix16legacy,6,test,pillars_bounds+dynamics+geo_bounds+obstacles,dpcc-c-geo_free,dpcc-c-geo_free,False,pillars,mf,5.0,4.0,pid_stopgo,0.5,fix16legacy,unet,Gen15,5.0,10.0,0.3,best,fm_only,none,cuda,,5.0
94,pillars|mf|K5|bbunet|dp0.5|@fix16legacy,/data/home/llim/FMPCC/FM-PCC/logs/UAV_MIX/uav-pillars/plans/mix_uav_mf/H8_Dmodels.mf_diffusion.MeanFlowODE_9D_dp0.5_bbunet/Emf_K5_mpc4_pid_stopgo_T0.5_fix16legacy,6,test,pillars_bounds+dynamics+geo_bounds+obstacles,dpcc-c-tightened,dpcc-c,True,pillars,mf,5.0,4.0,pid_stopgo,0.5,fix16legacy,unet,Gen15,5.0,10.0,0.3,best,fm_only,none,cuda,,5.0
94,pillars|mf|K5|bbunet|dp0.5|@fix16legacy,/data/home/llim/FMPCC/FM-PCC/logs/UAV_MIX/uav-pillars/plans/mix_uav_mf/H8_Dmodels.mf_diffusion.MeanFlowODE_9D_dp0.5_bbunet/Emf_K5_mpc4_pid_stopgo_T0.5_fix16legacy,6,test,pillars_bounds+dynamics+geo_bounds+obstacles,dpcc-r,dpcc-r,False,pillars,mf,5.0,4.0,pid_stopgo,0.5,fix16legacy,unet,Gen15,5.0,10.0,0.3,best,fm_only,none,cuda,,5.0
94,pillars|mf|K5|bbunet|dp0.5|@fix16legacy,/data/home/llim/FMPCC/FM-PCC/logs/UAV_MIX/uav-pillars/plans/mix_uav_mf/H8_Dmodels.mf_diffusion.MeanFlowODE_9D_dp0.5_bbunet/Emf_K5_mpc4_pid_stopgo_T0.5_fix16legacy,6,test,pillars_bounds+dynamics+geo_bounds+obstacles,dpcc-r-geo_free,dpcc-r-geo_free,False,pillars,mf,5.0,4.0,pid_stopgo,0.5,fix16legacy,unet,Gen15,5.0,10.0,0.3,best,fm_only,none,cuda,,5.0
94,pillars|mf|K5|bbunet|dp0.5|@fix16legacy,/data/home/llim/FMPCC/FM-PCC/logs/UAV_MIX/uav-pillars/plans/mix_uav_mf/H8_Dmodels.mf_diffusion.MeanFlowODE_9D_dp0.5_bbunet/Emf_K5_mpc4_pid_stopgo_T0.5_fix16legacy,6,test,pillars_bounds+dynamics+geo_bounds+obstacles,dpcc-r-tightened,dpcc-r,True,pillars,mf,5.0,4.0,pid_stopgo,0.5,fix16legacy,unet,Gen15,5.0,10.0,0.3,best,fm_only,none,cuda,,5.0
94,pillars|mf|K5|bbunet|dp0.5|@fix16legacy,/data/home/llim/FMPCC/FM-PCC/logs/UAV_MIX/uav-pillars/plans/mix_uav_mf/H8_Dmodels.mf_diffusion.MeanFlowODE_9D_dp0.5_bbunet/Emf_K5_mpc4_pid_stopgo_T0.5_fix16legacy,6,test,pillars_bounds+dynamics+geo_bounds+obstacles,dpcc-t,dpcc-t,False,pillars,mf,5.0,4.0,pid_stopgo,0.5,fix16legacy,unet,Gen15,5.0,10.0,0.3,best,fm_only,none,cuda,,5.0
94,pillars|mf|K5|bbunet|dp0.5|@fix16legacy,/data/home/llim/FMPCC/FM-PCC/logs/UAV_MIX/uav-pillars/plans/mix_uav_mf/H8_Dmodels.mf_diffusion.MeanFlowODE_9D_dp0.5_bbunet/Emf_K5_mpc4_pid_stopgo_T0.5_fix16legacy,6,test,pillars_bounds+dynamics+geo_bounds+obstacles,dpcc-t-geo_free,dpcc-t-geo_free,False,pillars,mf,5.0,4.0,pid_stopgo,0.5,fix16legacy,unet,Gen15,5.0,10.0,0.3,best,fm_only,none,cuda,,5.0
94,pillars|mf|K5|bbunet|dp0.5|@fix16legacy,/data/home/llim/FMPCC/FM-PCC/logs/UAV_MIX/uav-pillars/plans/mix_uav_mf/H8_Dmodels.mf_diffusion.MeanFlowODE_9D_dp0.5_bbunet/Emf_K5_mpc4_pid_stopgo_T0.5_fix16legacy,6,test,pillars_bounds+dynamics+geo_bounds+obstacles,dpcc-t-tightened,dpcc-t,True,pillars,mf,5.0,4.0,pid_stopgo,0.5,fix16legacy,unet,Gen15,5.0,10.0,0.3,best,fm_only,none,cuda,,5.0
94,pillars|mf|K5|bbunet|dp0.5|@fix16legacy,/data/home/llim/FMPCC/FM-PCC/logs/UAV_MIX/uav-pillars/plans/mix_uav_mf/H8_Dmodels.mf_diffusion.MeanFlowODE_9D_dp0.5_bbunet/Emf_K5_mpc4_pid_stopgo_T0.5_fix16legacy,6,test,pillars_bounds+dynamics+geo_bounds+obstacles,hardflow_sls,hardflow_sls,False,pillars,mf,5.0,4.0,pid_stopgo,0.5,fix16legacy,unet,Gen15,5.0,,,,,,,,
95,pillars|mf|K5|bbunet|dp0.5|@fix16scaled,/data/home/llim/FMPCC/FM-PCC/logs/UAV_MIX/uav-pillars/plans/mix_uav_mf/H8_Dmodels.mf_diffusion.MeanFlowODE_9D_dp0.5_bbunet/Emf_K5_mpc4_pid_stopgo_T0.5_fix16scaled,6,test,pillars_bounds+dynamics+geo_bounds+obstacles,diffuser,diffuser,False,pillars,mf,5.0,4.0,pid_stopgo,0.5,fix16scaled,unet,Gen15,5.0,10.0,0.3,best,fm_only,none,cuda,,5.0
95,pillars|mf|K5|bbunet|dp0.5|@fix16scaled,/data/home/llim/FMPCC/FM-PCC/logs/UAV_MIX/uav-pillars/plans/mix_uav_mf/H8_Dmodels.mf_diffusion.MeanFlowODE_9D_dp0.5_bbunet/Emf_K5_mpc4_pid_stopgo_T0.5_fix16scaled,6,test,pillars_bounds+dynamics+geo_bounds+obstacles,dpcc-c,dpcc-c,False,pillars,mf,5.0,4.0,pid_stopgo,0.5,fix16scaled,unet,Gen15,5.0,10.0,0.3,best,fm_only,none,cuda,,5.0
95,pillars|mf|K5|bbunet|dp0.5|@fix16scaled,/data/home/llim/FMPCC/FM-PCC/logs/UAV_MIX/uav-pillars/plans/mix_uav_mf/H8_Dmodels.mf_diffusion.MeanFlowODE_9D_dp0.5_bbunet/Emf_K5_mpc4_pid_stopgo_T0.5_fix16scaled,6,test,pillars_bounds+dynamics+geo_bounds+obstacles,dpcc-c-tightened,dpcc-c,True,pillars,mf,5.0,4.0,pid_stopgo,0.5,fix16scaled,unet,Gen15,5.0,,,,,,,,
95,pillars|mf|K5|bbunet|dp0.5|@fix16scaled,/data/home/llim/FMPCC/FM-PCC/logs/UAV_MIX/uav-pillars/plans/mix_uav_mf/H8_Dmodels.mf_diffusion.MeanFlowODE_9D_dp0.5_bbunet/Emf_K5_mpc4_pid_stopgo_T0.5_fix16scaled,6,test,pillars_bounds+dynamics+geo_bounds+obstacles,dpcc-r,dpcc-r,False,pillars,mf,5.0,4.0,pid_stopgo,0.5,fix16scaled,unet,Gen15,5.0,10.0,0.3,best,fm_only,none,cuda,,5.0
95,pillars|mf|K5|bbunet|dp0.5|@fix16scaled,/data/home/llim/FMPCC/FM-PCC/logs/UAV_MIX/uav-pillars/plans/mix_uav_mf/H8_Dmodels.mf_diffusion.MeanFlowODE_9D_dp0.5_bbunet/Emf_K5_mpc4_pid_stopgo_T0.5_fix16scaled,6,test,pillars_bounds+dynamics+geo_bounds+obstacles,dpcc-r-tightened,dpcc-r,True,pillars,mf,5.0,4.0,pid_stopgo,0.5,fix16scaled,unet,Gen15,5.0,10.0,0.3,best,fm_only,none,cuda,,5.0
96,pillars|mf|K5|bbunet|dp0.5|@u7hg,/data/home/llim/FMPCC/FM-PCC/logs/UAV_MIX/uav-pillars/plans/mix_uav_mf/H8_Dmodels.mf_diffusion.MeanFlowODE_9D_dp0.5_bbunet/Emf_K5_mpc4_pid_stopgo_T0.5_u7hg,6,test,pillars_hg_bounds+dynamics+geo_bounds+obstacles,diffuser,diffuser,False,pillars,mf,5.0,4.0,pid_stopgo,0.5,u7hg,unet,Gen15,5.0,10.0,0.3,,fm_only,none,cuda,,5.0
96,pillars|mf|K5|bbunet|dp0.5|@u7hg,/data/home/llim/FMPCC/FM-PCC/logs/UAV_MIX/uav-pillars/plans/mix_uav_mf/H8_Dmodels.mf_diffusion.MeanFlowODE_9D_dp0.5_bbunet/Emf_K5_mpc4_pid_stopgo_T0.5_u7hg,6,test,pillars_hg_bounds+dynamics+geo_bounds+obstacles,dpcc-c,dpcc-c,False,pillars,mf,5.0,4.0,pid_stopgo,0.5,u7hg,unet,Gen15,5.0,10.0,0.3,,fm_only,none,cuda,,5.0
96,pillars|mf|K5|bbunet|dp0.5|@u7hg,/data/home/llim/FMPCC/FM-PCC/logs/UAV_MIX/uav-pillars/plans/mix_uav_mf/H8_Dmodels.mf_diffusion.MeanFlowODE_9D_dp0.5_bbunet/Emf_K5_mpc4_pid_stopgo_T0.5_u7hg,6,test,pillars_hg_bounds+dynamics+geo_bounds+obstacles,dpcc-c-geo_free,dpcc-c-geo_free,False,pillars,mf,5.0,4.0,pid_stopgo,0.5,u7hg,unet,Gen15,5.0,10.0,0.3,,fm_only,none,cuda,,5.0
96,pillars|mf|K5|bbunet|dp0.5|@u7hg,/data/home/llim/FMPCC/FM-PCC/logs/UAV_MIX/uav-pillars/plans/mix_uav_mf/H8_Dmodels.mf_diffusion.MeanFlowODE_9D_dp0.5_bbunet/Emf_K5_mpc4_pid_stopgo_T0.5_u7hg,6,test,pillars_hg_bounds+dynamics+geo_bounds+obstacles,dpcc-c-tightened,dpcc-c,True,pillars,mf,5.0,4.0,pid_stopgo,0.5,u7hg,unet,Gen15,5.0,10.0,0.3,,fm_only,none,cuda,,5.0
96,pillars|mf|K5|bbunet|dp0.5|@u7hg,/data/home/llim/FMPCC/FM-PCC/logs/UAV_MIX/uav-pillars/plans/mix_uav_mf/H8_Dmodels.mf_diffusion.MeanFlowODE_9D_dp0.5_bbunet/Emf_K5_mpc4_pid_stopgo_T0.5_u7hg,6,test,pillars_hg_bounds+dynamics+geo_bounds+obstacles,dpcc-r,dpcc-r,False,pillars,mf,5.0,4.0,pid_stopgo,0.5,u7hg,unet,Gen15,5.0,10.0,0.3,,fm_only,none,cuda,,5.0
96,pillars|mf|K5|bbunet|dp0.5|@u7hg,/data/home/llim/FMPCC/FM-PCC/logs/UAV_MIX/uav-pillars/plans/mix_uav_mf/H8_Dmodels.mf_diffusion.MeanFlowODE_9D_dp0.5_bbunet/Emf_K5_mpc4_pid_stopgo_T0.5_u7hg,6,test,pillars_hg_bounds+dynamics+geo_bounds+obstacles,dpcc-r-geo_free,dpcc-r-geo_free,False,pillars,mf,5.0,4.0,pid_stopgo,0.5,u7hg,unet,Gen15,5.0,10.0,0.3,,fm_only,none,cuda,,5.0
96,pillars|mf|K5|bbunet|dp0.5|@u7hg,/data/home/llim/FMPCC/FM-PCC/logs/UAV_MIX/uav-pillars/plans/mix_uav_mf/H8_Dmodels.mf_diffusion.MeanFlowODE_9D_dp0.5_bbunet/Emf_K5_mpc4_pid_stopgo_T0.5_u7hg,6,test,pillars_hg_bounds+dynamics+geo_bounds+obstacles,dpcc-r-tightened,dpcc-r,True,pillars,mf,5.0,4.0,pid_stopgo,0.5,u7hg,unet,Gen15,5.0,10.0,0.3,,fm_only,none,cuda,,5.0
96,pillars|mf|K5|bbunet|dp0.5|@u7hg,/data/home/llim/FMPCC/FM-PCC/logs/UAV_MIX/uav-pillars/plans/mix_uav_mf/H8_Dmodels.mf_diffusion.MeanFlowODE_9D_dp0.5_bbunet/Emf_K5_mpc4_pid_stopgo_T0.5_u7hg,6,test,pillars_hg_bounds+dynamics+geo_bounds+obstacles,dpcc-t,dpcc-t,False,pillars,mf,5.0,4.0,pid_stopgo,0.5,u7hg,unet,Gen15,5.0,10.0,0.3,,fm_only,none,cuda,,5.0
96,pillars|mf|K5|bbunet|dp0.5|@u7hg,/data/home/llim/FMPCC/FM-PCC/logs/UAV_MIX/uav-pillars/plans/mix_uav_mf/H8_Dmodels.mf_diffusion.MeanFlowODE_9D_dp0.5_bbunet/Emf_K5_mpc4_pid_stopgo_T0.5_u7hg,6,test,pillars_hg_bounds+dynamics+geo_bounds+obstacles,dpcc-t-geo_free,dpcc-t-geo_free,False,pillars,mf,5.0,4.0,pid_stopgo,0.5,u7hg,unet,Gen15,5.0,10.0,0.3,,fm_only,none,cuda,,5.0
96,pillars|mf|K5|bbunet|dp0.5|@u7hg,/data/home/llim/FMPCC/FM-PCC/logs/UAV_MIX/uav-pillars/plans/mix_uav_mf/H8_Dmodels.mf_diffusion.MeanFlowODE_9D_dp0.5_bbunet/Emf_K5_mpc4_pid_stopgo_T0.5_u7hg,6,test,pillars_hg_bounds+dynamics+geo_bounds+obstacles,dpcc-t-tightened,dpcc-t,True,pillars,mf,5.0,4.0,pid_stopgo,0.5,u7hg,unet,Gen15,5.0,10.0,0.3,,fm_only,none,cuda,,5.0
96,pillars|mf|K5|bbunet|dp0.5|@u7hg,/data/home/llim/FMPCC/FM-PCC/logs/UAV_MIX/uav-pillars/plans/mix_uav_mf/H8_Dmodels.mf_diffusion.MeanFlowODE_9D_dp0.5_bbunet/Emf_K5_mpc4_pid_stopgo_T0.5_u7hg,6,test,pillars_hg_bounds+dynamics+geo_bounds+obstacles,hardflow_sls,hardflow_sls,False,pillars,mf,5.0,4.0,pid_stopgo,0.5,u7hg,unet,Gen15,5.0,10.0,0.3,,fm_only,none,cuda,,5.0
96,pillars|mf|K5|bbunet|dp0.5|@u7hg,/data/home/llim/FMPCC/FM-PCC/logs/UAV_MIX/uav-pillars/plans/mix_uav_mf/H8_Dmodels.mf_diffusion.MeanFlowODE_9D_dp0.5_bbunet/Emf_K5_mpc4_pid_stopgo_T0.5_u7hg,6,test,pillars_hg_bounds+dynamics+geo_bounds+obstacles,hardflow_sls-c,hardflow_sls-c,False,pillars,mf,5.0,4.0,pid_stopgo,0.5,u7hg,unet,Gen15,5.0,10.0,0.3,,fm_only,none,cuda,,5.0
96,pillars|mf|K5|bbunet|dp0.5|@u7hg,/data/home/llim/FMPCC/FM-PCC/logs/UAV_MIX/uav-pillars/plans/mix_uav_mf/H8_Dmodels.mf_diffusion.MeanFlowODE_9D_dp0.5_bbunet/Emf_K5_mpc4_pid_stopgo_T0.5_u7hg,6,test,pillars_hg_bounds+dynamics+geo_bounds+obstacles,hardflow_sls-c-geo_free,hardflow_sls-c-geo_free,False,pillars,mf,5.0,4.0,pid_stopgo,0.5,u7hg,unet,Gen15,5.0,10.0,0.3,,fm_only,none,cuda,,5.0
96,pillars|mf|K5|bbunet|dp0.5|@u7hg,/data/home/llim/FMPCC/FM-PCC/logs/UAV_MIX/uav-pillars/plans/mix_uav_mf/H8_Dmodels.mf_diffusion.MeanFlowODE_9D_dp0.5_bbunet/Emf_K5_mpc4_pid_stopgo_T0.5_u7hg,6,test,pillars_hg_bounds+dynamics+geo_bounds+obstacles,hardflow_sls-r,hardflow_sls-r,False,pillars,mf,5.0,4.0,pid_stopgo,0.5,u7hg,unet,Gen15,5.0,10.0,0.3,,fm_only,none,cuda,,5.0
96,pillars|mf|K5|bbunet|dp0.5|@u7hg,/data/home/llim/FMPCC/FM-PCC/logs/UAV_MIX/uav-pillars/plans/mix_uav_mf/H8_Dmodels.mf_diffusion.MeanFlowODE_9D_dp0.5_bbunet/Emf_K5_mpc4_pid_stopgo_T0.5_u7hg,6,test,pillars_hg_bounds+dynamics+geo_bounds+obstacles,hardflow_sls-r-geo_free,hardflow_sls-r-geo_free,False,pillars,mf,5.0,4.0,pid_stopgo,0.5,u7hg,unet,Gen15,5.0,10.0,0.3,,fm_only,none,cuda,,5.0
96,pillars|mf|K5|bbunet|dp0.5|@u7hg,/data/home/llim/FMPCC/FM-PCC/logs/UAV_MIX/uav-pillars/plans/mix_uav_mf/H8_Dmodels.mf_diffusion.MeanFlowODE_9D_dp0.5_bbunet/Emf_K5_mpc4_pid_stopgo_T0.5_u7hg,6,test,pillars_hg_bounds+dynamics+geo_bounds+obstacles,hardflow_sls-t,hardflow_sls-t,False,pillars,mf,5.0,4.0,pid_stopgo,0.5,u7hg,unet,Gen15,5.0,10.0,0.3,,fm_only,none,cuda,,5.0
96,pillars|mf|K5|bbunet|dp0.5|@u7hg,/data/home/llim/FMPCC/FM-PCC/logs/UAV_MIX/uav-pillars/plans/mix_uav_mf/H8_Dmodels.mf_diffusion.MeanFlowODE_9D_dp0.5_bbunet/Emf_K5_mpc4_pid_stopgo_T0.5_u7hg,6,test,pillars_hg_bounds+dynamics+geo_bounds+obstacles,hardflow_sls-t-geo_free,hardflow_sls-t-geo_free,False,pillars,mf,5.0,4.0,pid_stopgo,0.5,u7hg,unet,Gen15,5.0,10.0,0.3,,fm_only,none,cuda,,5.0
97,pillars|mf|K5|bbunet|dp0.5|@u7xlchk,/data/home/llim/FMPCC/FM-PCC/logs/UAV_MIX/uav-pillars/plans/mix_uav_mf/H8_Dmodels.mf_diffusion.MeanFlowODE_9D_dp0.5_bbunet/Emf_K5_mpc4_pid_stopgo_T0.5_u7xlchk,6,test,pillars_xl_bounds+dynamics+geo_bounds+obstacles,diffuser,diffuser,False,pillars,mf,5.0,4.0,pid_stopgo,0.5,u7xlchk,unet,Gen15,5.0,10.0,0.3,,fm_only,none,cuda,,5.0
98,s_curve|diffusion|K20,/data/home/llim/FMPCC/FM-PCC/logs/UAV_MIX/uav-s_curve/plans(Bf_U5)/mix_uav_diffusion/H8_Dmodels.ddpm_diffusion.GaussianDiffusion_9D_K20/Ediffusion_K20_mpc4_pid_stopgo_T0.5,6,test,s_curve_bounds+dynamics+geo_bounds+halfspace+obstacles,bounds_free,bounds_free,False,s_curve,diffusion,20.0,4.0,pid_stopgo,0.5,,,Gen15,20.0,5.0,0.3,best,fm_only,none,cuda,,
98,s_curve|diffusion|K20,/data/home/llim/FMPCC/FM-PCC/logs/UAV_MIX/uav-s_curve/plans(Bf_U5)/mix_uav_diffusion/H8_Dmodels.ddpm_diffusion.GaussianDiffusion_9D_K20/Ediffusion_K20_mpc4_pid_stopgo_T0.5,6,test,s_curve_bounds+dynamics+geo_bounds+halfspace+obstacles,bounds_free-tightened,bounds_free,True,s_curve,diffusion,20.0,4.0,pid_stopgo,0.5,,,Gen15,20.0,5.0,0.3,best,fm_only,none,cuda,,
98,s_curve|diffusion|K20,/data/home/llim/FMPCC/FM-PCC/logs/UAV_MIX/uav-s_curve/plans(Bf_U5)/mix_uav_diffusion/H8_Dmodels.ddpm_diffusion.GaussianDiffusion_9D_K20/Ediffusion_K20_mpc4_pid_stopgo_T0.5,6,test,s_curve_bounds+dynamics+geo_bounds+halfspace+obstacles,diffuser,diffuser,False,s_curve,diffusion,20.0,4.0,pid_stopgo,0.5,,,Gen15,20.0,5.0,0.3,best,fm_only,none,cuda,,
98,s_curve|diffusion|K20,/data/home/llim/FMPCC/FM-PCC/logs/UAV_MIX/uav-s_curve/plans(Bf_U5)/mix_uav_diffusion/H8_Dmodels.ddpm_diffusion.GaussianDiffusion_9D_K20/Ediffusion_K20_mpc4_pid_stopgo_T0.5,6,test,s_curve_bounds+dynamics+geo_bounds+halfspace+obstacles,dpcc-c,dpcc-c,False,s_curve,diffusion,20.0,4.0,pid_stopgo,0.5,,,Gen15,20.0,5.0,0.3,best,fm_only,none,cuda,,
98,s_curve|diffusion|K20,/data/home/llim/FMPCC/FM-PCC/logs/UAV_MIX/uav-s_curve/plans(Bf_U5)/mix_uav_diffusion/H8_Dmodels.ddpm_diffusion.GaussianDiffusion_9D_K20/Ediffusion_K20_mpc4_pid_stopgo_T0.5,6,test,s_curve_bounds+dynamics+geo_bounds+halfspace+obstacles,dpcc-c-tightened,dpcc-c,True,s_curve,diffusion,20.0,4.0,pid_stopgo,0.5,,,Gen15,20.0,5.0,0.3,best,fm_only,none,cuda,,
98,s_curve|diffusion|K20,/data/home/llim/FMPCC/FM-PCC/logs/UAV_MIX/uav-s_curve/plans(Bf_U5)/mix_uav_diffusion/H8_Dmodels.ddpm_diffusion.GaussianDiffusion_9D_K20/Ediffusion_K20_mpc4_pid_stopgo_T0.5,6,test,s_curve_bounds+dynamics+geo_bounds+halfspace+obstacles,dpcc-r,dpcc-r,False,s_curve,diffusion,20.0,4.0,pid_stopgo,0.5,,,Gen15,20.0,5.0,0.3,best,fm_only,none,cuda,,
98,s_curve|diffusion|K20,/data/home/llim/FMPCC/FM-PCC/logs/UAV_MIX/uav-s_curve/plans(Bf_U5)/mix_uav_diffusion/H8_Dmodels.ddpm_diffusion.GaussianDiffusion_9D_K20/Ediffusion_K20_mpc4_pid_stopgo_T0.5,6,test,s_curve_bounds+dynamics+geo_bounds+halfspace+obstacles,dpcc-r-tightened,dpcc-r,True,s_curve,diffusion,20.0,4.0,pid_stopgo,0.5,,,Gen15,20.0,5.0,0.3,best,fm_only,none,cuda,,
98,s_curve|diffusion|K20,/data/home/llim/FMPCC/FM-PCC/logs/UAV_MIX/uav-s_curve/plans(Bf_U5)/mix_uav_diffusion/H8_Dmodels.ddpm_diffusion.GaussianDiffusion_9D_K20/Ediffusion_K20_mpc4_pid_stopgo_T0.5,6,test,s_curve_bounds+dynamics+geo_bounds+halfspace+obstacles,dpcc-t,dpcc-t,False,s_curve,diffusion,20.0,4.0,pid_stopgo,0.5,,,Gen15,20.0,5.0,0.3,best,fm_only,none,cuda,,
98,s_curve|diffusion|K20,/data/home/llim/FMPCC/FM-PCC/logs/UAV_MIX/uav-s_curve/plans(Bf_U5)/mix_uav_diffusion/H8_Dmodels.ddpm_diffusion.GaussianDiffusion_9D_K20/Ediffusion_K20_mpc4_pid_stopgo_T0.5,6,test,s_curve_bounds+dynamics+geo_bounds+halfspace+obstacles,dpcc-t-tightened,dpcc-t,True,s_curve,diffusion,20.0,4.0,pid_stopgo,0.5,,,Gen15,20.0,,,,,,,,
98,s_curve|diffusion|K20,/data/home/llim/FMPCC/FM-PCC/logs/UAV_MIX/uav-s_curve/plans(Bf_U5)/mix_uav_diffusion/H8_Dmodels.ddpm_diffusion.GaussianDiffusion_9D_K20/Ediffusion_K20_mpc4_pid_stopgo_T0.5,6,test,s_curve_bounds+dynamics+geo_bounds+halfspace+obstacles,geo_free,geo_free,False,s_curve,diffusion,20.0,4.0,pid_stopgo,0.5,,,Gen15,20.0,5.0,0.3,best,fm_only,none,cuda,,
98,s_curve|diffusion|K20,/data/home/llim/FMPCC/FM-PCC/logs/UAV_MIX/uav-s_curve/plans(Bf_U5)/mix_uav_diffusion/H8_Dmodels.ddpm_diffusion.GaussianDiffusion_9D_K20/Ediffusion_K20_mpc4_pid_stopgo_T0.5,6,test,s_curve_bounds+dynamics+geo_bounds+halfspace+obstacles,geo_free-bounds_free,geo_free-bounds_free,False,s_curve,diffusion,20.0,4.0,pid_stopgo,0.5,,,Gen15,20.0,5.0,0.3,best,fm_only,none,cuda,,
98,s_curve|diffusion|K20,/data/home/llim/FMPCC/FM-PCC/logs/UAV_MIX/uav-s_curve/plans(Bf_U5)/mix_uav_diffusion/H8_Dmodels.ddpm_diffusion.GaussianDiffusion_9D_K20/Ediffusion_K20_mpc4_pid_stopgo_T0.5,6,test,s_curve_bounds+dynamics+geo_bounds+halfspace+obstacles,geo_free-model_free,geo_free-model_free,False,s_curve,diffusion,20.0,4.0,pid_stopgo,0.5,,,Gen15,20.0,5.0,0.3,best,fm_only,none,cuda,,
98,s_curve|diffusion|K20,/data/home/llim/FMPCC/FM-PCC/logs/UAV_MIX/uav-s_curve/plans(Bf_U5)/mix_uav_diffusion/H8_Dmodels.ddpm_diffusion.GaussianDiffusion_9D_K20/Ediffusion_K20_mpc4_pid_stopgo_T0.5,6,test,s_curve_bounds+dynamics+geo_bounds+halfspace+obstacles,gradient,gradient,False,s_curve,diffusion,20.0,4.0,pid_stopgo,0.5,,,Gen15,20.0,5.0,0.3,best,fm_only,none,cuda,,
98,s_curve|diffusion|K20,/data/home/llim/FMPCC/FM-PCC/logs/UAV_MIX/uav-s_curve/plans(Bf_U5)/mix_uav_diffusion/H8_Dmodels.ddpm_diffusion.GaussianDiffusion_9D_K20/Ediffusion_K20_mpc4_pid_stopgo_T0.5,6,test,s_curve_bounds+dynamics+geo_bounds+halfspace+obstacles,gradient-tightened,gradient,True,s_curve,diffusion,20.0,4.0,pid_stopgo,0.5,,,Gen15,20.0,5.0,0.3,best,fm_only,none,cuda,,
98,s_curve|diffusion|K20,/data/home/llim/FMPCC/FM-PCC/logs/UAV_MIX/uav-s_curve/plans(Bf_U5)/mix_uav_diffusion/H8_Dmodels.ddpm_diffusion.GaussianDiffusion_9D_K20/Ediffusion_K20_mpc4_pid_stopgo_T0.5,6,test,s_curve_bounds+dynamics+geo_bounds+halfspace+obstacles,model_free,model_free,False,s_curve,diffusion,20.0,4.0,pid_stopgo,0.5,,,Gen15,20.0,5.0,0.3,best,fm_only,none,cuda,,
98,s_curve|diffusion|K20,/data/home/llim/FMPCC/FM-PCC/logs/UAV_MIX/uav-s_curve/plans(Bf_U5)/mix_uav_diffusion/H8_Dmodels.ddpm_diffusion.GaussianDiffusion_9D_K20/Ediffusion_K20_mpc4_pid_stopgo_T0.5,6,test,s_curve_bounds+dynamics+geo_bounds+halfspace+obstacles,model_free-bounds_free,model_free-bounds_free,False,s_curve,diffusion,20.0,4.0,pid_stopgo,0.5,,,Gen15,20.0,5.0,0.3,best,fm_only,none,cuda,,
98,s_curve|diffusion|K20,/data/home/llim/FMPCC/FM-PCC/logs/UAV_MIX/uav-s_curve/plans(Bf_U5)/mix_uav_diffusion/H8_Dmodels.ddpm_diffusion.GaussianDiffusion_9D_K20/Ediffusion_K20_mpc4_pid_stopgo_T0.5,6,test,s_curve_bounds+dynamics+geo_bounds+halfspace+obstacles,model_free-bounds_free-tightened,model_free-bounds_free,True,s_curve,diffusion,20.0,4.0,pid_stopgo,0.5,,,Gen15,20.0,5.0,0.3,best,fm_only,none,cuda,,
98,s_curve|diffusion|K20,/data/home/llim/FMPCC/FM-PCC/logs/UAV_MIX/uav-s_curve/plans(Bf_U5)/mix_uav_diffusion/H8_Dmodels.ddpm_diffusion.GaussianDiffusion_9D_K20/Ediffusion_K20_mpc4_pid_stopgo_T0.5,6,test,s_curve_bounds+dynamics+geo_bounds+halfspace+obstacles,model_free-tightened,model_free,True,s_curve,diffusion,20.0,4.0,pid_stopgo,0.5,,,Gen15,20.0,5.0,0.3,best,fm_only,none,cuda,,
98,s_curve|diffusion|K20,/data/home/llim/FMPCC/FM-PCC/logs/UAV_MIX/uav-s_curve/plans(Bf_U5)/mix_uav_diffusion/H8_Dmodels.ddpm_diffusion.GaussianDiffusion_9D_K20/Ediffusion_K20_mpc4_pid_stopgo_T0.5,6,test,s_curve_bounds+dynamics+geo_bounds+halfspace+obstacles,post_processing,post_processing,False,s_curve,diffusion,20.0,4.0,pid_stopgo,0.5,,,Gen15,20.0,5.0,0.3,best,fm_only,none,cuda,,
98,s_curve|diffusion|K20,/data/home/llim/FMPCC/FM-PCC/logs/UAV_MIX/uav-s_curve/plans(Bf_U5)/mix_uav_diffusion/H8_Dmodels.ddpm_diffusion.GaussianDiffusion_9D_K20/Ediffusion_K20_mpc4_pid_stopgo_T0.5,6,test,s_curve_bounds+dynamics+geo_bounds+halfspace+obstacles,post_processing-tightened,post_processing,True,s_curve,diffusion,20.0,4.0,pid_stopgo,0.5,,,Gen15,20.0,5.0,0.3,best,fm_only,none,cuda,,
99,s_curve|fm|K10,/data/home/llim/FMPCC/FM-PCC/logs/UAV_MIX/uav-s_curve/plans(Bf_U5)/mix_uav_fm/H8_Dmodels.diffusion.FlowMatchingODE_9D/Efm_K10_mpc4_pid_stopgo_T0.5,6,test,s_curve_bounds+dynamics+geo_bounds+halfspace+obstacles,bounds_free,bounds_free,False,s_curve,fm,10.0,4.0,pid_stopgo,0.5,,,Gen15,10.0,5.0,0.3,best,fm_only,none,cuda,,10.0
99,s_curve|fm|K10,/data/home/llim/FMPCC/FM-PCC/logs/UAV_MIX/uav-s_curve/plans(Bf_U5)/mix_uav_fm/H8_Dmodels.diffusion.FlowMatchingODE_9D/Efm_K10_mpc4_pid_stopgo_T0.5,6,test,s_curve_bounds+dynamics+geo_bounds+halfspace+obstacles,bounds_free-tightened,bounds_free,True,s_curve,fm,10.0,4.0,pid_stopgo,0.5,,,Gen15,10.0,5.0,0.3,best,fm_only,none,cuda,,10.0
99,s_curve|fm|K10,/data/home/llim/FMPCC/FM-PCC/logs/UAV_MIX/uav-s_curve/plans(Bf_U5)/mix_uav_fm/H8_Dmodels.diffusion.FlowMatchingODE_9D/Efm_K10_mpc4_pid_stopgo_T0.5,6,test,s_curve_bounds+dynamics+geo_bounds+halfspace+obstacles,diffuser,diffuser,False,s_curve,fm,10.0,4.0,pid_stopgo,0.5,,,Gen15,10.0,5.0,0.3,best,fm_only,none,cuda,,10.0
99,s_curve|fm|K10,/data/home/llim/FMPCC/FM-PCC/logs/UAV_MIX/uav-s_curve/plans(Bf_U5)/mix_uav_fm/H8_Dmodels.diffusion.FlowMatchingODE_9D/Efm_K10_mpc4_pid_stopgo_T0.5,6,test,s_curve_bounds+dynamics+geo_bounds+halfspace+obstacles,dpcc-c,dpcc-c,False,s_curve,fm,10.0,4.0,pid_stopgo,0.5,,,Gen15,10.0,5.0,0.3,best,fm_only,none,cuda,,10.0
99,s_curve|fm|K10,/data/home/llim/FMPCC/FM-PCC/logs/UAV_MIX/uav-s_curve/plans(Bf_U5)/mix_uav_fm/H8_Dmodels.diffusion.FlowMatchingODE_9D/Efm_K10_mpc4_pid_stopgo_T0.5,6,test,s_curve_bounds+dynamics+geo_bounds+halfspace+obstacles,dpcc-c-tightened,dpcc-c,True,s_curve,fm,10.0,4.0,pid_stopgo,0.5,,,Gen15,10.0,5.0,0.3,best,fm_only,none,cuda,,10.0
99,s_curve|fm|K10,/data/home/llim/FMPCC/FM-PCC/logs/UAV_MIX/uav-s_curve/plans(Bf_U5)/mix_uav_fm/H8_Dmodels.diffusion.FlowMatchingODE_9D/Efm_K10_mpc4_pid_stopgo_T0.5,6,test,s_curve_bounds+dynamics+geo_bounds+halfspace+obstacles,dpcc-r,dpcc-r,False,s_curve,fm,10.0,4.0,pid_stopgo,0.5,,,Gen15,10.0,5.0,0.3,best,fm_only,none,cuda,,10.0
99,s_curve|fm|K10,/data/home/llim/FMPCC/FM-PCC/logs/UAV_MIX/uav-s_curve/plans(Bf_U5)/mix_uav_fm/H8_Dmodels.diffusion.FlowMatchingODE_9D/Efm_K10_mpc4_pid_stopgo_T0.5,6,test,s_curve_bounds+dynamics+geo_bounds+halfspace+obstacles,dpcc-r-tightened,dpcc-r,True,s_curve,fm,10.0,4.0,pid_stopgo,0.5,,,Gen15,10.0,5.0,0.3,best,fm_only,none,cuda,,10.0
99,s_curve|fm|K10,/data/home/llim/FMPCC/FM-PCC/logs/UAV_MIX/uav-s_curve/plans(Bf_U5)/mix_uav_fm/H8_Dmodels.diffusion.FlowMatchingODE_9D/Efm_K10_mpc4_pid_stopgo_T0.5,6,test,s_curve_bounds+dynamics+geo_bounds+halfspace+obstacles,dpcc-t,dpcc-t,False,s_curve,fm,10.0,4.0,pid_stopgo,0.5,,,Gen15,10.0,5.0,0.3,best,fm_only,none,cuda,,10.0
99,s_curve|fm|K10,/data/home/llim/FMPCC/FM-PCC/logs/UAV_MIX/uav-s_curve/plans(Bf_U5)/mix_uav_fm/H8_Dmodels.diffusion.FlowMatchingODE_9D/Efm_K10_mpc4_pid_stopgo_T0.5,6,test,s_curve_bounds+dynamics+geo_bounds+halfspace+obstacles,dpcc-t-tightened,dpcc-t,True,s_curve,fm,10.0,4.0,pid_stopgo,0.5,,,Gen15,10.0,5.0,0.3,best,fm_only,none,cuda,,10.0
99,s_curve|fm|K10,/data/home/llim/FMPCC/FM-PCC/logs/UAV_MIX/uav-s_curve/plans(Bf_U5)/mix_uav_fm/H8_Dmodels.diffusion.FlowMatchingODE_9D/Efm_K10_mpc4_pid_stopgo_T0.5,6,test,s_curve_bounds+dynamics+geo_bounds+halfspace+obstacles,geo_free,geo_free,False,s_curve,fm,10.0,4.0,pid_stopgo,0.5,,,Gen15,10.0,5.0,0.3,best,fm_only,none,cuda,,10.0
99,s_curve|fm|K10,/data/home/llim/FMPCC/FM-PCC/logs/UAV_MIX/uav-s_curve/plans(Bf_U5)/mix_uav_fm/H8_Dmodels.diffusion.FlowMatchingODE_9D/Efm_K10_mpc4_pid_stopgo_T0.5,6,test,s_curve_bounds+dynamics+geo_bounds+halfspace+obstacles,geo_free-bounds_free,geo_free-bounds_free,False,s_curve,fm,10.0,4.0,pid_stopgo,0.5,,,Gen15,10.0,5.0,0.3,best,fm_only,none,cuda,,10.0
99,s_curve|fm|K10,/data/home/llim/FMPCC/FM-PCC/logs/UAV_MIX/uav-s_curve/plans(Bf_U5)/mix_uav_fm/H8_Dmodels.diffusion.FlowMatchingODE_9D/Efm_K10_mpc4_pid_stopgo_T0.5,6,test,s_curve_bounds+dynamics+geo_bounds+halfspace+obstacles,geo_free-model_free,geo_free-model_free,False,s_curve,fm,10.0,4.0,pid_stopgo,0.5,,,Gen15,10.0,5.0,0.3,best,fm_only,none,cuda,,10.0
99,s_curve|fm|K10,/data/home/llim/FMPCC/FM-PCC/logs/UAV_MIX/uav-s_curve/plans(Bf_U5)/mix_uav_fm/H8_Dmodels.diffusion.FlowMatchingODE_9D/Efm_K10_mpc4_pid_stopgo_T0.5,6,test,s_curve_bounds+dynamics+geo_bounds+halfspace+obstacles,gradient,gradient,False,s_curve,fm,10.0,4.0,pid_stopgo,0.5,,,Gen15,10.0,5.0,0.3,best,fm_only,none,cuda,,10.0
99,s_curve|fm|K10,/data/home/llim/FMPCC/FM-PCC/logs/UAV_MIX/uav-s_curve/plans(Bf_U5)/mix_uav_fm/H8_Dmodels.diffusion.FlowMatchingODE_9D/Efm_K10_mpc4_pid_stopgo_T0.5,6,test,s_curve_bounds+dynamics+geo_bounds+halfspace+obstacles,gradient-tightened,gradient,True,s_curve,fm,10.0,4.0,pid_stopgo,0.5,,,Gen15,10.0,5.0,0.3,best,fm_only,none,cuda,,10.0
99,s_curve|fm|K10,/data/home/llim/FMPCC/FM-PCC/logs/UAV_MIX/uav-s_curve/plans(Bf_U5)/mix_uav_fm/H8_Dmodels.diffusion.FlowMatchingODE_9D/Efm_K10_mpc4_pid_stopgo_T0.5,6,test,s_curve_bounds+dynamics+geo_bounds+halfspace+obstacles,model_free,model_free,False,s_curve,fm,10.0,4.0,pid_stopgo,0.5,,,Gen15,10.0,5.0,0.3,best,fm_only,none,cuda,,10.0
99,s_curve|fm|K10,/data/home/llim/FMPCC/FM-PCC/logs/UAV_MIX/uav-s_curve/plans(Bf_U5)/mix_uav_fm/H8_Dmodels.diffusion.FlowMatchingODE_9D/Efm_K10_mpc4_pid_stopgo_T0.5,6,test,s_curve_bounds+dynamics+geo_bounds+halfspace+obstacles,model_free-bounds_free,model_free-bounds_free,False,s_curve,fm,10.0,4.0,pid_stopgo,0.5,,,Gen15,10.0,5.0,0.3,best,fm_only,none,cuda,,10.0
99,s_curve|fm|K10,/data/home/llim/FMPCC/FM-PCC/logs/UAV_MIX/uav-s_curve/plans(Bf_U5)/mix_uav_fm/H8_Dmodels.diffusion.FlowMatchingODE_9D/Efm_K10_mpc4_pid_stopgo_T0.5,6,test,s_curve_bounds+dynamics+geo_bounds+halfspace+obstacles,model_free-bounds_free-tightened,model_free-bounds_free,True,s_curve,fm,10.0,4.0,pid_stopgo,0.5,,,Gen15,10.0,5.0,0.3,best,fm_only,none,cuda,,10.0
99,s_curve|fm|K10,/data/home/llim/FMPCC/FM-PCC/logs/UAV_MIX/uav-s_curve/plans(Bf_U5)/mix_uav_fm/H8_Dmodels.diffusion.FlowMatchingODE_9D/Efm_K10_mpc4_pid_stopgo_T0.5,6,test,s_curve_bounds+dynamics+geo_bounds+halfspace+obstacles,model_free-tightened,model_free,True,s_curve,fm,10.0,4.0,pid_stopgo,0.5,,,Gen15,10.0,5.0,0.3,best,fm_only,none,cuda,,10.0
99,s_curve|fm|K10,/data/home/llim/FMPCC/FM-PCC/logs/UAV_MIX/uav-s_curve/plans(Bf_U5)/mix_uav_fm/H8_Dmodels.diffusion.FlowMatchingODE_9D/Efm_K10_mpc4_pid_stopgo_T0.5,6,test,s_curve_bounds+dynamics+geo_bounds+halfspace+obstacles,post_processing,post_processing,False,s_curve,fm,10.0,4.0,pid_stopgo,0.5,,,Gen15,10.0,5.0,0.3,best,fm_only,none,cuda,,10.0
99,s_curve|fm|K10,/data/home/llim/FMPCC/FM-PCC/logs/UAV_MIX/uav-s_curve/plans(Bf_U5)/mix_uav_fm/H8_Dmodels.diffusion.FlowMatchingODE_9D/Efm_K10_mpc4_pid_stopgo_T0.5,6,test,s_curve_bounds+dynamics+geo_bounds+halfspace+obstacles,post_processing-tightened,post_processing,True,s_curve,fm,10.0,4.0,pid_stopgo,0.5,,,Gen15,10.0,5.0,0.3,best,fm_only,none,cuda,,10.0
100,s_curve|fm|K1,/data/home/llim/FMPCC/FM-PCC/logs/UAV_MIX/uav-s_curve/plans(Bf_U5)/mix_uav_fm/H8_Dmodels.diffusion.FlowMatchingODE_9D/Efm_K1_mpc4_pid_stopgo_T0.5,6,test,s_curve_bounds+dynamics+geo_bounds+halfspace+obstacles,bounds_free,bounds_free,False,s_curve,fm,1.0,4.0,pid_stopgo,0.5,,,Gen15,1.0,5.0,0.3,best,fm_only,none,cuda,,1.0
100,s_curve|fm|K1,/data/home/llim/FMPCC/FM-PCC/logs/UAV_MIX/uav-s_curve/plans(Bf_U5)/mix_uav_fm/H8_Dmodels.diffusion.FlowMatchingODE_9D/Efm_K1_mpc4_pid_stopgo_T0.5,6,test,s_curve_bounds+dynamics+geo_bounds+halfspace+obstacles,bounds_free-tightened,bounds_free,True,s_curve,fm,1.0,4.0,pid_stopgo,0.5,,,Gen15,1.0,5.0,0.3,best,fm_only,none,cuda,,1.0
100,s_curve|fm|K1,/data/home/llim/FMPCC/FM-PCC/logs/UAV_MIX/uav-s_curve/plans(Bf_U5)/mix_uav_fm/H8_Dmodels.diffusion.FlowMatchingODE_9D/Efm_K1_mpc4_pid_stopgo_T0.5,6,test,s_curve_bounds+dynamics+geo_bounds+halfspace+obstacles,diffuser,diffuser,False,s_curve,fm,1.0,4.0,pid_stopgo,0.5,,,Gen15,1.0,5.0,0.3,best,fm_only,none,cuda,,1.0
100,s_curve|fm|K1,/data/home/llim/FMPCC/FM-PCC/logs/UAV_MIX/uav-s_curve/plans(Bf_U5)/mix_uav_fm/H8_Dmodels.diffusion.FlowMatchingODE_9D/Efm_K1_mpc4_pid_stopgo_T0.5,6,test,s_curve_bounds+dynamics+geo_bounds+halfspace+obstacles,dpcc-c,dpcc-c,False,s_curve,fm,1.0,4.0,pid_stopgo,0.5,,,Gen15,1.0,5.0,0.3,best,fm_only,none,cuda,,1.0
100,s_curve|fm|K1,/data/home/llim/FMPCC/FM-PCC/logs/UAV_MIX/uav-s_curve/plans(Bf_U5)/mix_uav_fm/H8_Dmodels.diffusion.FlowMatchingODE_9D/Efm_K1_mpc4_pid_stopgo_T0.5,6,test,s_curve_bounds+dynamics+geo_bounds+halfspace+obstacles,dpcc-c-tightened,dpcc-c,True,s_curve,fm,1.0,4.0,pid_stopgo,0.5,,,Gen15,1.0,5.0,0.3,best,fm_only,none,cuda,,1.0
100,s_curve|fm|K1,/data/home/llim/FMPCC/FM-PCC/logs/UAV_MIX/uav-s_curve/plans(Bf_U5)/mix_uav_fm/H8_Dmodels.diffusion.FlowMatchingODE_9D/Efm_K1_mpc4_pid_stopgo_T0.5,6,test,s_curve_bounds+dynamics+geo_bounds+halfspace+obstacles,dpcc-r,dpcc-r,False,s_curve,fm,1.0,4.0,pid_stopgo,0.5,,,Gen15,1.0,5.0,0.3,best,fm_only,none,cuda,,1.0
100,s_curve|fm|K1,/data/home/llim/FMPCC/FM-PCC/logs/UAV_MIX/uav-s_curve/plans(Bf_U5)/mix_uav_fm/H8_Dmodels.diffusion.FlowMatchingODE_9D/Efm_K1_mpc4_pid_stopgo_T0.5,6,test,s_curve_bounds+dynamics+geo_bounds+halfspace+obstacles,dpcc-r-tightened,dpcc-r,True,s_curve,fm,1.0,4.0,pid_stopgo,0.5,,,Gen15,1.0,5.0,0.3,best,fm_only,none,cuda,,1.0
100,s_curve|fm|K1,/data/home/llim/FMPCC/FM-PCC/logs/UAV_MIX/uav-s_curve/plans(Bf_U5)/mix_uav_fm/H8_Dmodels.diffusion.FlowMatchingODE_9D/Efm_K1_mpc4_pid_stopgo_T0.5,6,test,s_curve_bounds+dynamics+geo_bounds+halfspace+obstacles,dpcc-t,dpcc-t,False,s_curve,fm,1.0,4.0,pid_stopgo,0.5,,,Gen15,1.0,5.0,0.3,best,fm_only,none,cuda,,1.0
100,s_curve|fm|K1,/data/home/llim/FMPCC/FM-PCC/logs/UAV_MIX/uav-s_curve/plans(Bf_U5)/mix_uav_fm/H8_Dmodels.diffusion.FlowMatchingODE_9D/Efm_K1_mpc4_pid_stopgo_T0.5,6,test,s_curve_bounds+dynamics+geo_bounds+halfspace+obstacles,dpcc-t-tightened,dpcc-t,True,s_curve,fm,1.0,4.0,pid_stopgo,0.5,,,Gen15,1.0,5.0,0.3,best,fm_only,none,cuda,,1.0
100,s_curve|fm|K1,/data/home/llim/FMPCC/FM-PCC/logs/UAV_MIX/uav-s_curve/plans(Bf_U5)/mix_uav_fm/H8_Dmodels.diffusion.FlowMatchingODE_9D/Efm_K1_mpc4_pid_stopgo_T0.5,6,test,s_curve_bounds+dynamics+geo_bounds+halfspace+obstacles,geo_free,geo_free,False,s_curve,fm,1.0,4.0,pid_stopgo,0.5,,,Gen15,1.0,5.0,0.3,best,fm_only,none,cuda,,1.0
100,s_curve|fm|K1,/data/home/llim/FMPCC/FM-PCC/logs/UAV_MIX/uav-s_curve/plans(Bf_U5)/mix_uav_fm/H8_Dmodels.diffusion.FlowMatchingODE_9D/Efm_K1_mpc4_pid_stopgo_T0.5,6,test,s_curve_bounds+dynamics+geo_bounds+halfspace+obstacles,geo_free-bounds_free,geo_free-bounds_free,False,s_curve,fm,1.0,4.0,pid_stopgo,0.5,,,Gen15,1.0,5.0,0.3,best,fm_only,none,cuda,,1.0
100,s_curve|fm|K1,/data/home/llim/FMPCC/FM-PCC/logs/UAV_MIX/uav-s_curve/plans(Bf_U5)/mix_uav_fm/H8_Dmodels.diffusion.FlowMatchingODE_9D/Efm_K1_mpc4_pid_stopgo_T0.5,6,test,s_curve_bounds+dynamics+geo_bounds+halfspace+obstacles,geo_free-model_free,geo_free-model_free,False,s_curve,fm,1.0,4.0,pid_stopgo,0.5,,,Gen15,1.0,5.0,0.3,best,fm_only,none,cuda,,1.0
100,s_curve|fm|K1,/data/home/llim/FMPCC/FM-PCC/logs/UAV_MIX/uav-s_curve/plans(Bf_U5)/mix_uav_fm/H8_Dmodels.diffusion.FlowMatchingODE_9D/Efm_K1_mpc4_pid_stopgo_T0.5,6,test,s_curve_bounds+dynamics+geo_bounds+halfspace+obstacles,gradient,gradient,False,s_curve,fm,1.0,4.0,pid_stopgo,0.5,,,Gen15,1.0,5.0,0.3,best,fm_only,none,cuda,,1.0
100,s_curve|fm|K1,/data/home/llim/FMPCC/FM-PCC/logs/UAV_MIX/uav-s_curve/plans(Bf_U5)/mix_uav_fm/H8_Dmodels.diffusion.FlowMatchingODE_9D/Efm_K1_mpc4_pid_stopgo_T0.5,6,test,s_curve_bounds+dynamics+geo_bounds+halfspace+obstacles,gradient-tightened,gradient,True,s_curve,fm,1.0,4.0,pid_stopgo,0.5,,,Gen15,1.0,5.0,0.3,best,fm_only,none,cuda,,1.0
100,s_curve|fm|K1,/data/home/llim/FMPCC/FM-PCC/logs/UAV_MIX/uav-s_curve/plans(Bf_U5)/mix_uav_fm/H8_Dmodels.diffusion.FlowMatchingODE_9D/Efm_K1_mpc4_pid_stopgo_T0.5,6,test,s_curve_bounds+dynamics+geo_bounds+halfspace+obstacles,model_free,model_free,False,s_curve,fm,1.0,4.0,pid_stopgo,0.5,,,Gen15,1.0,5.0,0.3,best,fm_only,none,cuda,,1.0
100,s_curve|fm|K1,/data/home/llim/FMPCC/FM-PCC/logs/UAV_MIX/uav-s_curve/plans(Bf_U5)/mix_uav_fm/H8_Dmodels.diffusion.FlowMatchingODE_9D/Efm_K1_mpc4_pid_stopgo_T0.5,6,test,s_curve_bounds+dynamics+geo_bounds+halfspace+obstacles,model_free-bounds_free,model_free-bounds_free,False,s_curve,fm,1.0,4.0,pid_stopgo,0.5,,,Gen15,1.0,5.0,0.3,best,fm_only,none,cuda,,1.0
100,s_curve|fm|K1,/data/home/llim/FMPCC/FM-PCC/logs/UAV_MIX/uav-s_curve/plans(Bf_U5)/mix_uav_fm/H8_Dmodels.diffusion.FlowMatchingODE_9D/Efm_K1_mpc4_pid_stopgo_T0.5,6,test,s_curve_bounds+dynamics+geo_bounds+halfspace+obstacles,model_free-bounds_free-tightened,model_free-bounds_free,True,s_curve,fm,1.0,4.0,pid_stopgo,0.5,,,Gen15,1.0,5.0,0.3,best,fm_only,none,cuda,,1.0
100,s_curve|fm|K1,/data/home/llim/FMPCC/FM-PCC/logs/UAV_MIX/uav-s_curve/plans(Bf_U5)/mix_uav_fm/H8_Dmodels.diffusion.FlowMatchingODE_9D/Efm_K1_mpc4_pid_stopgo_T0.5,6,test,s_curve_bounds+dynamics+geo_bounds+halfspace+obstacles,model_free-tightened,model_free,True,s_curve,fm,1.0,4.0,pid_stopgo,0.5,,,Gen15,1.0,5.0,0.3,best,fm_only,none,cuda,,1.0
100,s_curve|fm|K1,/data/home/llim/FMPCC/FM-PCC/logs/UAV_MIX/uav-s_curve/plans(Bf_U5)/mix_uav_fm/H8_Dmodels.diffusion.FlowMatchingODE_9D/Efm_K1_mpc4_pid_stopgo_T0.5,6,test,s_curve_bounds+dynamics+geo_bounds+halfspace+obstacles,post_processing,post_processing,False,s_curve,fm,1.0,4.0,pid_stopgo,0.5,,,Gen15,1.0,5.0,0.3,best,fm_only,none,cuda,,1.0
100,s_curve|fm|K1,/data/home/llim/FMPCC/FM-PCC/logs/UAV_MIX/uav-s_curve/plans(Bf_U5)/mix_uav_fm/H8_Dmodels.diffusion.FlowMatchingODE_9D/Efm_K1_mpc4_pid_stopgo_T0.5,6,test,s_curve_bounds+dynamics+geo_bounds+halfspace+obstacles,post_processing-tightened,post_processing,True,s_curve,fm,1.0,4.0,pid_stopgo,0.5,,,Gen15,1.0,5.0,0.3,best,fm_only,none,cuda,,1.0
101,s_curve|fm|K20,/data/home/llim/FMPCC/FM-PCC/logs/UAV_MIX/uav-s_curve/plans(Bf_U5)/mix_uav_fm/H8_Dmodels.diffusion.FlowMatchingODE_9D/Efm_K20_mpc4_pid_stopgo_T0.5,6,test,s_curve_bounds+dynamics+geo_bounds+halfspace+obstacles,bounds_free,bounds_free,False,s_curve,fm,20.0,4.0,pid_stopgo,0.5,,,Gen15,20.0,5.0,0.3,best,fm_only,none,cuda,,20.0
101,s_curve|fm|K20,/data/home/llim/FMPCC/FM-PCC/logs/UAV_MIX/uav-s_curve/plans(Bf_U5)/mix_uav_fm/H8_Dmodels.diffusion.FlowMatchingODE_9D/Efm_K20_mpc4_pid_stopgo_T0.5,6,test,s_curve_bounds+dynamics+geo_bounds+halfspace+obstacles,bounds_free-tightened,bounds_free,True,s_curve,fm,20.0,4.0,pid_stopgo,0.5,,,Gen15,20.0,5.0,0.3,best,fm_only,none,cuda,,20.0
101,s_curve|fm|K20,/data/home/llim/FMPCC/FM-PCC/logs/UAV_MIX/uav-s_curve/plans(Bf_U5)/mix_uav_fm/H8_Dmodels.diffusion.FlowMatchingODE_9D/Efm_K20_mpc4_pid_stopgo_T0.5,6,test,s_curve_bounds+dynamics+geo_bounds+halfspace+obstacles,diffuser,diffuser,False,s_curve,fm,20.0,4.0,pid_stopgo,0.5,,,Gen15,20.0,5.0,0.3,best,fm_only,none,cuda,,20.0
101,s_curve|fm|K20,/data/home/llim/FMPCC/FM-PCC/logs/UAV_MIX/uav-s_curve/plans(Bf_U5)/mix_uav_fm/H8_Dmodels.diffusion.FlowMatchingODE_9D/Efm_K20_mpc4_pid_stopgo_T0.5,6,test,s_curve_bounds+dynamics+geo_bounds+halfspace+obstacles,dpcc-c,dpcc-c,False,s_curve,fm,20.0,4.0,pid_stopgo,0.5,,,Gen15,20.0,5.0,0.3,best,fm_only,none,cuda,,20.0
101,s_curve|fm|K20,/data/home/llim/FMPCC/FM-PCC/logs/UAV_MIX/uav-s_curve/plans(Bf_U5)/mix_uav_fm/H8_Dmodels.diffusion.FlowMatchingODE_9D/Efm_K20_mpc4_pid_stopgo_T0.5,6,test,s_curve_bounds+dynamics+geo_bounds+halfspace+obstacles,dpcc-c-tightened,dpcc-c,True,s_curve,fm,20.0,4.0,pid_stopgo,0.5,,,Gen15,20.0,5.0,0.3,best,fm_only,none,cuda,,20.0
101,s_curve|fm|K20,/data/home/llim/FMPCC/FM-PCC/logs/UAV_MIX/uav-s_curve/plans(Bf_U5)/mix_uav_fm/H8_Dmodels.diffusion.FlowMatchingODE_9D/Efm_K20_mpc4_pid_stopgo_T0.5,6,test,s_curve_bounds+dynamics+geo_bounds+halfspace+obstacles,dpcc-r,dpcc-r,False,s_curve,fm,20.0,4.0,pid_stopgo,0.5,,,Gen15,20.0,5.0,0.3,best,fm_only,none,cuda,,20.0
101,s_curve|fm|K20,/data/home/llim/FMPCC/FM-PCC/logs/UAV_MIX/uav-s_curve/plans(Bf_U5)/mix_uav_fm/H8_Dmodels.diffusion.FlowMatchingODE_9D/Efm_K20_mpc4_pid_stopgo_T0.5,6,test,s_curve_bounds+dynamics+geo_bounds+halfspace+obstacles,dpcc-r-tightened,dpcc-r,True,s_curve,fm,20.0,4.0,pid_stopgo,0.5,,,Gen15,20.0,5.0,0.3,best,fm_only,none,cuda,,20.0
101,s_curve|fm|K20,/data/home/llim/FMPCC/FM-PCC/logs/UAV_MIX/uav-s_curve/plans(Bf_U5)/mix_uav_fm/H8_Dmodels.diffusion.FlowMatchingODE_9D/Efm_K20_mpc4_pid_stopgo_T0.5,6,test,s_curve_bounds+dynamics+geo_bounds+halfspace+obstacles,dpcc-t,dpcc-t,False,s_curve,fm,20.0,4.0,pid_stopgo,0.5,,,Gen15,20.0,5.0,0.3,best,fm_only,none,cuda,,20.0
101,s_curve|fm|K20,/data/home/llim/FMPCC/FM-PCC/logs/UAV_MIX/uav-s_curve/plans(Bf_U5)/mix_uav_fm/H8_Dmodels.diffusion.FlowMatchingODE_9D/Efm_K20_mpc4_pid_stopgo_T0.5,6,test,s_curve_bounds+dynamics+geo_bounds+halfspace+obstacles,dpcc-t-tightened,dpcc-t,True,s_curve,fm,20.0,4.0,pid_stopgo,0.5,,,Gen15,20.0,5.0,0.3,best,fm_only,none,cuda,,20.0
101,s_curve|fm|K20,/data/home/llim/FMPCC/FM-PCC/logs/UAV_MIX/uav-s_curve/plans(Bf_U5)/mix_uav_fm/H8_Dmodels.diffusion.FlowMatchingODE_9D/Efm_K20_mpc4_pid_stopgo_T0.5,6,test,s_curve_bounds+dynamics+geo_bounds+halfspace+obstacles,geo_free,geo_free,False,s_curve,fm,20.0,4.0,pid_stopgo,0.5,,,Gen15,20.0,5.0,0.3,best,fm_only,none,cuda,,20.0
101,s_curve|fm|K20,/data/home/llim/FMPCC/FM-PCC/logs/UAV_MIX/uav-s_curve/plans(Bf_U5)/mix_uav_fm/H8_Dmodels.diffusion.FlowMatchingODE_9D/Efm_K20_mpc4_pid_stopgo_T0.5,6,test,s_curve_bounds+dynamics+geo_bounds+halfspace+obstacles,geo_free-bounds_free,geo_free-bounds_free,False,s_curve,fm,20.0,4.0,pid_stopgo,0.5,,,Gen15,20.0,5.0,0.3,best,fm_only,none,cuda,,20.0
101,s_curve|fm|K20,/data/home/llim/FMPCC/FM-PCC/logs/UAV_MIX/uav-s_curve/plans(Bf_U5)/mix_uav_fm/H8_Dmodels.diffusion.FlowMatchingODE_9D/Efm_K20_mpc4_pid_stopgo_T0.5,6,test,s_curve_bounds+dynamics+geo_bounds+halfspace+obstacles,geo_free-model_free,geo_free-model_free,False,s_curve,fm,20.0,4.0,pid_stopgo,0.5,,,Gen15,20.0,5.0,0.3,best,fm_only,none,cuda,,20.0
101,s_curve|fm|K20,/data/home/llim/FMPCC/FM-PCC/logs/UAV_MIX/uav-s_curve/plans(Bf_U5)/mix_uav_fm/H8_Dmodels.diffusion.FlowMatchingODE_9D/Efm_K20_mpc4_pid_stopgo_T0.5,6,test,s_curve_bounds+dynamics+geo_bounds+halfspace+obstacles,gradient,gradient,False,s_curve,fm,20.0,4.0,pid_stopgo,0.5,,,Gen15,20.0,5.0,0.3,best,fm_only,none,cuda,,20.0
101,s_curve|fm|K20,/data/home/llim/FMPCC/FM-PCC/logs/UAV_MIX/uav-s_curve/plans(Bf_U5)/mix_uav_fm/H8_Dmodels.diffusion.FlowMatchingODE_9D/Efm_K20_mpc4_pid_stopgo_T0.5,6,test,s_curve_bounds+dynamics+geo_bounds+halfspace+obstacles,gradient-tightened,gradient,True,s_curve,fm,20.0,4.0,pid_stopgo,0.5,,,Gen15,20.0,5.0,0.3,best,fm_only,none,cuda,,20.0
101,s_curve|fm|K20,/data/home/llim/FMPCC/FM-PCC/logs/UAV_MIX/uav-s_curve/plans(Bf_U5)/mix_uav_fm/H8_Dmodels.diffusion.FlowMatchingODE_9D/Efm_K20_mpc4_pid_stopgo_T0.5,6,test,s_curve_bounds+dynamics+geo_bounds+halfspace+obstacles,model_free,model_free,False,s_curve,fm,20.0,4.0,pid_stopgo,0.5,,,Gen15,20.0,5.0,0.3,best,fm_only,none,cuda,,20.0
101,s_curve|fm|K20,/data/home/llim/FMPCC/FM-PCC/logs/UAV_MIX/uav-s_curve/plans(Bf_U5)/mix_uav_fm/H8_Dmodels.diffusion.FlowMatchingODE_9D/Efm_K20_mpc4_pid_stopgo_T0.5,6,test,s_curve_bounds+dynamics+geo_bounds+halfspace+obstacles,model_free-bounds_free,model_free-bounds_free,False,s_curve,fm,20.0,4.0,pid_stopgo,0.5,,,Gen15,20.0,5.0,0.3,best,fm_only,none,cuda,,20.0
101,s_curve|fm|K20,/data/home/llim/FMPCC/FM-PCC/logs/UAV_MIX/uav-s_curve/plans(Bf_U5)/mix_uav_fm/H8_Dmodels.diffusion.FlowMatchingODE_9D/Efm_K20_mpc4_pid_stopgo_T0.5,6,test,s_curve_bounds+dynamics+geo_bounds+halfspace+obstacles,model_free-bounds_free-tightened,model_free-bounds_free,True,s_curve,fm,20.0,4.0,pid_stopgo,0.5,,,Gen15,20.0,5.0,0.3,best,fm_only,none,cuda,,20.0
101,s_curve|fm|K20,/data/home/llim/FMPCC/FM-PCC/logs/UAV_MIX/uav-s_curve/plans(Bf_U5)/mix_uav_fm/H8_Dmodels.diffusion.FlowMatchingODE_9D/Efm_K20_mpc4_pid_stopgo_T0.5,6,test,s_curve_bounds+dynamics+geo_bounds+halfspace+obstacles,model_free-tightened,model_free,True,s_curve,fm,20.0,4.0,pid_stopgo,0.5,,,Gen15,20.0,5.0,0.3,best,fm_only,none,cuda,,20.0
101,s_curve|fm|K20,/data/home/llim/FMPCC/FM-PCC/logs/UAV_MIX/uav-s_curve/plans(Bf_U5)/mix_uav_fm/H8_Dmodels.diffusion.FlowMatchingODE_9D/Efm_K20_mpc4_pid_stopgo_T0.5,6,test,s_curve_bounds+dynamics+geo_bounds+halfspace+obstacles,post_processing,post_processing,False,s_curve,fm,20.0,4.0,pid_stopgo,0.5,,,Gen15,20.0,5.0,0.3,best,fm_only,none,cuda,,20.0
101,s_curve|fm|K20,/data/home/llim/FMPCC/FM-PCC/logs/UAV_MIX/uav-s_curve/plans(Bf_U5)/mix_uav_fm/H8_Dmodels.diffusion.FlowMatchingODE_9D/Efm_K20_mpc4_pid_stopgo_T0.5,6,test,s_curve_bounds+dynamics+geo_bounds+halfspace+obstacles,post_processing-tightened,post_processing,True,s_curve,fm,20.0,4.0,pid_stopgo,0.5,,,Gen15,20.0,5.0,0.3,best,fm_only,none,cuda,,20.0
102,s_curve|fm|K2,/data/home/llim/FMPCC/FM-PCC/logs/UAV_MIX/uav-s_curve/plans(Bf_U5)/mix_uav_fm/H8_Dmodels.diffusion.FlowMatchingODE_9D/Efm_K2_mpc4_pid_stopgo_T0.5,6,test,s_curve_bounds+dynamics+geo_bounds+halfspace+obstacles,bounds_free,bounds_free,False,s_curve,fm,2.0,4.0,pid_stopgo,0.5,,,Gen15,2.0,5.0,0.3,best,fm_only,none,cuda,,2.0
102,s_curve|fm|K2,/data/home/llim/FMPCC/FM-PCC/logs/UAV_MIX/uav-s_curve/plans(Bf_U5)/mix_uav_fm/H8_Dmodels.diffusion.FlowMatchingODE_9D/Efm_K2_mpc4_pid_stopgo_T0.5,6,test,s_curve_bounds+dynamics+geo_bounds+halfspace+obstacles,bounds_free-tightened,bounds_free,True,s_curve,fm,2.0,4.0,pid_stopgo,0.5,,,Gen15,2.0,5.0,0.3,best,fm_only,none,cuda,,2.0
102,s_curve|fm|K2,/data/home/llim/FMPCC/FM-PCC/logs/UAV_MIX/uav-s_curve/plans(Bf_U5)/mix_uav_fm/H8_Dmodels.diffusion.FlowMatchingODE_9D/Efm_K2_mpc4_pid_stopgo_T0.5,6,test,s_curve_bounds+dynamics+geo_bounds+halfspace+obstacles,diffuser,diffuser,False,s_curve,fm,2.0,4.0,pid_stopgo,0.5,,,Gen15,2.0,5.0,0.3,best,fm_only,none,cuda,,2.0
102,s_curve|fm|K2,/data/home/llim/FMPCC/FM-PCC/logs/UAV_MIX/uav-s_curve/plans(Bf_U5)/mix_uav_fm/H8_Dmodels.diffusion.FlowMatchingODE_9D/Efm_K2_mpc4_pid_stopgo_T0.5,6,test,s_curve_bounds+dynamics+geo_bounds+halfspace+obstacles,dpcc-c,dpcc-c,False,s_curve,fm,2.0,4.0,pid_stopgo,0.5,,,Gen15,2.0,5.0,0.3,best,fm_only,none,cuda,,2.0
102,s_curve|fm|K2,/data/home/llim/FMPCC/FM-PCC/logs/UAV_MIX/uav-s_curve/plans(Bf_U5)/mix_uav_fm/H8_Dmodels.diffusion.FlowMatchingODE_9D/Efm_K2_mpc4_pid_stopgo_T0.5,6,test,s_curve_bounds+dynamics+geo_bounds+halfspace+obstacles,dpcc-c-tightened,dpcc-c,True,s_curve,fm,2.0,4.0,pid_stopgo,0.5,,,Gen15,2.0,5.0,0.3,best,fm_only,none,cuda,,2.0
102,s_curve|fm|K2,/data/home/llim/FMPCC/FM-PCC/logs/UAV_MIX/uav-s_curve/plans(Bf_U5)/mix_uav_fm/H8_Dmodels.diffusion.FlowMatchingODE_9D/Efm_K2_mpc4_pid_stopgo_T0.5,6,test,s_curve_bounds+dynamics+geo_bounds+halfspace+obstacles,dpcc-r,dpcc-r,False,s_curve,fm,2.0,4.0,pid_stopgo,0.5,,,Gen15,2.0,5.0,0.3,best,fm_only,none,cuda,,2.0
102,s_curve|fm|K2,/data/home/llim/FMPCC/FM-PCC/logs/UAV_MIX/uav-s_curve/plans(Bf_U5)/mix_uav_fm/H8_Dmodels.diffusion.FlowMatchingODE_9D/Efm_K2_mpc4_pid_stopgo_T0.5,6,test,s_curve_bounds+dynamics+geo_bounds+halfspace+obstacles,dpcc-r-tightened,dpcc-r,True,s_curve,fm,2.0,4.0,pid_stopgo,0.5,,,Gen15,2.0,5.0,0.3,best,fm_only,none,cuda,,2.0
102,s_curve|fm|K2,/data/home/llim/FMPCC/FM-PCC/logs/UAV_MIX/uav-s_curve/plans(Bf_U5)/mix_uav_fm/H8_Dmodels.diffusion.FlowMatchingODE_9D/Efm_K2_mpc4_pid_stopgo_T0.5,6,test,s_curve_bounds+dynamics+geo_bounds+halfspace+obstacles,dpcc-t,dpcc-t,False,s_curve,fm,2.0,4.0,pid_stopgo,0.5,,,Gen15,2.0,5.0,0.3,best,fm_only,none,cuda,,2.0
102,s_curve|fm|K2,/data/home/llim/FMPCC/FM-PCC/logs/UAV_MIX/uav-s_curve/plans(Bf_U5)/mix_uav_fm/H8_Dmodels.diffusion.FlowMatchingODE_9D/Efm_K2_mpc4_pid_stopgo_T0.5,6,test,s_curve_bounds+dynamics+geo_bounds+halfspace+obstacles,dpcc-t-tightened,dpcc-t,True,s_curve,fm,2.0,4.0,pid_stopgo,0.5,,,Gen15,2.0,5.0,0.3,best,fm_only,none,cuda,,2.0
102,s_curve|fm|K2,/data/home/llim/FMPCC/FM-PCC/logs/UAV_MIX/uav-s_curve/plans(Bf_U5)/mix_uav_fm/H8_Dmodels.diffusion.FlowMatchingODE_9D/Efm_K2_mpc4_pid_stopgo_T0.5,6,test,s_curve_bounds+dynamics+geo_bounds+halfspace+obstacles,geo_free,geo_free,False,s_curve,fm,2.0,4.0,pid_stopgo,0.5,,,Gen15,2.0,5.0,0.3,best,fm_only,none,cuda,,2.0
102,s_curve|fm|K2,/data/home/llim/FMPCC/FM-PCC/logs/UAV_MIX/uav-s_curve/plans(Bf_U5)/mix_uav_fm/H8_Dmodels.diffusion.FlowMatchingODE_9D/Efm_K2_mpc4_pid_stopgo_T0.5,6,test,s_curve_bounds+dynamics+geo_bounds+halfspace+obstacles,geo_free-bounds_free,geo_free-bounds_free,False,s_curve,fm,2.0,4.0,pid_stopgo,0.5,,,Gen15,2.0,5.0,0.3,best,fm_only,none,cuda,,2.0
102,s_curve|fm|K2,/data/home/llim/FMPCC/FM-PCC/logs/UAV_MIX/uav-s_curve/plans(Bf_U5)/mix_uav_fm/H8_Dmodels.diffusion.FlowMatchingODE_9D/Efm_K2_mpc4_pid_stopgo_T0.5,6,test,s_curve_bounds+dynamics+geo_bounds+halfspace+obstacles,geo_free-model_free,geo_free-model_free,False,s_curve,fm,2.0,4.0,pid_stopgo,0.5,,,Gen15,2.0,5.0,0.3,best,fm_only,none,cuda,,2.0
102,s_curve|fm|K2,/data/home/llim/FMPCC/FM-PCC/logs/UAV_MIX/uav-s_curve/plans(Bf_U5)/mix_uav_fm/H8_Dmodels.diffusion.FlowMatchingODE_9D/Efm_K2_mpc4_pid_stopgo_T0.5,6,test,s_curve_bounds+dynamics+geo_bounds+halfspace+obstacles,gradient,gradient,False,s_curve,fm,2.0,4.0,pid_stopgo,0.5,,,Gen15,2.0,5.0,0.3,best,fm_only,none,cuda,,2.0
102,s_curve|fm|K2,/data/home/llim/FMPCC/FM-PCC/logs/UAV_MIX/uav-s_curve/plans(Bf_U5)/mix_uav_fm/H8_Dmodels.diffusion.FlowMatchingODE_9D/Efm_K2_mpc4_pid_stopgo_T0.5,6,test,s_curve_bounds+dynamics+geo_bounds+halfspace+obstacles,gradient-tightened,gradient,True,s_curve,fm,2.0,4.0,pid_stopgo,0.5,,,Gen15,2.0,5.0,0.3,best,fm_only,none,cuda,,2.0
102,s_curve|fm|K2,/data/home/llim/FMPCC/FM-PCC/logs/UAV_MIX/uav-s_curve/plans(Bf_U5)/mix_uav_fm/H8_Dmodels.diffusion.FlowMatchingODE_9D/Efm_K2_mpc4_pid_stopgo_T0.5,6,test,s_curve_bounds+dynamics+geo_bounds+halfspace+obstacles,model_free,model_free,False,s_curve,fm,2.0,4.0,pid_stopgo,0.5,,,Gen15,2.0,5.0,0.3,best,fm_only,none,cuda,,2.0
102,s_curve|fm|K2,/data/home/llim/FMPCC/FM-PCC/logs/UAV_MIX/uav-s_curve/plans(Bf_U5)/mix_uav_fm/H8_Dmodels.diffusion.FlowMatchingODE_9D/Efm_K2_mpc4_pid_stopgo_T0.5,6,test,s_curve_bounds+dynamics+geo_bounds+halfspace+obstacles,model_free-bounds_free,model_free-bounds_free,False,s_curve,fm,2.0,4.0,pid_stopgo,0.5,,,Gen15,2.0,5.0,0.3,best,fm_only,none,cuda,,2.0
102,s_curve|fm|K2,/data/home/llim/FMPCC/FM-PCC/logs/UAV_MIX/uav-s_curve/plans(Bf_U5)/mix_uav_fm/H8_Dmodels.diffusion.FlowMatchingODE_9D/Efm_K2_mpc4_pid_stopgo_T0.5,6,test,s_curve_bounds+dynamics+geo_bounds+halfspace+obstacles,model_free-bounds_free-tightened,model_free-bounds_free,True,s_curve,fm,2.0,4.0,pid_stopgo,0.5,,,Gen15,2.0,5.0,0.3,best,fm_only,none,cuda,,2.0
102,s_curve|fm|K2,/data/home/llim/FMPCC/FM-PCC/logs/UAV_MIX/uav-s_curve/plans(Bf_U5)/mix_uav_fm/H8_Dmodels.diffusion.FlowMatchingODE_9D/Efm_K2_mpc4_pid_stopgo_T0.5,6,test,s_curve_bounds+dynamics+geo_bounds+halfspace+obstacles,model_free-tightened,model_free,True,s_curve,fm,2.0,4.0,pid_stopgo,0.5,,,Gen15,2.0,5.0,0.3,best,fm_only,none,cuda,,2.0
102,s_curve|fm|K2,/data/home/llim/FMPCC/FM-PCC/logs/UAV_MIX/uav-s_curve/plans(Bf_U5)/mix_uav_fm/H8_Dmodels.diffusion.FlowMatchingODE_9D/Efm_K2_mpc4_pid_stopgo_T0.5,6,test,s_curve_bounds+dynamics+geo_bounds+halfspace+obstacles,post_processing,post_processing,False,s_curve,fm,2.0,4.0,pid_stopgo,0.5,,,Gen15,2.0,5.0,0.3,best,fm_only,none,cuda,,2.0
102,s_curve|fm|K2,/data/home/llim/FMPCC/FM-PCC/logs/UAV_MIX/uav-s_curve/plans(Bf_U5)/mix_uav_fm/H8_Dmodels.diffusion.FlowMatchingODE_9D/Efm_K2_mpc4_pid_stopgo_T0.5,6,test,s_curve_bounds+dynamics+geo_bounds+halfspace+obstacles,post_processing-tightened,post_processing,True,s_curve,fm,2.0,4.0,pid_stopgo,0.5,,,Gen15,2.0,5.0,0.3,best,fm_only,none,cuda,,2.0
103,s_curve|fm|K5,/data/home/llim/FMPCC/FM-PCC/logs/UAV_MIX/uav-s_curve/plans(Bf_U5)/mix_uav_fm/H8_Dmodels.diffusion.FlowMatchingODE_9D/Efm_K5_mpc4_pid_stopgo_T0.5,6,test,s_curve_bounds+dynamics+geo_bounds+halfspace+obstacles,bounds_free,bounds_free,False,s_curve,fm,5.0,4.0,pid_stopgo,0.5,,,Gen15,5.0,5.0,0.3,best,fm_only,none,cuda,,5.0
103,s_curve|fm|K5,/data/home/llim/FMPCC/FM-PCC/logs/UAV_MIX/uav-s_curve/plans(Bf_U5)/mix_uav_fm/H8_Dmodels.diffusion.FlowMatchingODE_9D/Efm_K5_mpc4_pid_stopgo_T0.5,6,test,s_curve_bounds+dynamics+geo_bounds+halfspace+obstacles,bounds_free-tightened,bounds_free,True,s_curve,fm,5.0,4.0,pid_stopgo,0.5,,,Gen15,5.0,5.0,0.3,best,fm_only,none,cuda,,5.0
103,s_curve|fm|K5,/data/home/llim/FMPCC/FM-PCC/logs/UAV_MIX/uav-s_curve/plans(Bf_U5)/mix_uav_fm/H8_Dmodels.diffusion.FlowMatchingODE_9D/Efm_K5_mpc4_pid_stopgo_T0.5,6,test,s_curve_bounds+dynamics+geo_bounds+halfspace+obstacles,diffuser,diffuser,False,s_curve,fm,5.0,4.0,pid_stopgo,0.5,,,Gen15,5.0,5.0,0.3,best,fm_only,none,cuda,,5.0
103,s_curve|fm|K5,/data/home/llim/FMPCC/FM-PCC/logs/UAV_MIX/uav-s_curve/plans(Bf_U5)/mix_uav_fm/H8_Dmodels.diffusion.FlowMatchingODE_9D/Efm_K5_mpc4_pid_stopgo_T0.5,6,test,s_curve_bounds+dynamics+geo_bounds+halfspace+obstacles,dpcc-c,dpcc-c,False,s_curve,fm,5.0,4.0,pid_stopgo,0.5,,,Gen15,5.0,5.0,0.3,best,fm_only,none,cuda,,5.0
103,s_curve|fm|K5,/data/home/llim/FMPCC/FM-PCC/logs/UAV_MIX/uav-s_curve/plans(Bf_U5)/mix_uav_fm/H8_Dmodels.diffusion.FlowMatchingODE_9D/Efm_K5_mpc4_pid_stopgo_T0.5,6,test,s_curve_bounds+dynamics+geo_bounds+halfspace+obstacles,dpcc-c-tightened,dpcc-c,True,s_curve,fm,5.0,4.0,pid_stopgo,0.5,,,Gen15,5.0,5.0,0.3,best,fm_only,none,cuda,,5.0
103,s_curve|fm|K5,/data/home/llim/FMPCC/FM-PCC/logs/UAV_MIX/uav-s_curve/plans(Bf_U5)/mix_uav_fm/H8_Dmodels.diffusion.FlowMatchingODE_9D/Efm_K5_mpc4_pid_stopgo_T0.5,6,test,s_curve_bounds+dynamics+geo_bounds+halfspace+obstacles,dpcc-r,dpcc-r,False,s_curve,fm,5.0,4.0,pid_stopgo,0.5,,,Gen15,5.0,5.0,0.3,best,fm_only,none,cuda,,5.0
103,s_curve|fm|K5,/data/home/llim/FMPCC/FM-PCC/logs/UAV_MIX/uav-s_curve/plans(Bf_U5)/mix_uav_fm/H8_Dmodels.diffusion.FlowMatchingODE_9D/Efm_K5_mpc4_pid_stopgo_T0.5,6,test,s_curve_bounds+dynamics+geo_bounds+halfspace+obstacles,dpcc-r-tightened,dpcc-r,True,s_curve,fm,5.0,4.0,pid_stopgo,0.5,,,Gen15,5.0,5.0,0.3,best,fm_only,none,cuda,,5.0
103,s_curve|fm|K5,/data/home/llim/FMPCC/FM-PCC/logs/UAV_MIX/uav-s_curve/plans(Bf_U5)/mix_uav_fm/H8_Dmodels.diffusion.FlowMatchingODE_9D/Efm_K5_mpc4_pid_stopgo_T0.5,6,test,s_curve_bounds+dynamics+geo_bounds+halfspace+obstacles,dpcc-t,dpcc-t,False,s_curve,fm,5.0,4.0,pid_stopgo,0.5,,,Gen15,5.0,5.0,0.3,best,fm_only,none,cuda,,5.0
103,s_curve|fm|K5,/data/home/llim/FMPCC/FM-PCC/logs/UAV_MIX/uav-s_curve/plans(Bf_U5)/mix_uav_fm/H8_Dmodels.diffusion.FlowMatchingODE_9D/Efm_K5_mpc4_pid_stopgo_T0.5,6,test,s_curve_bounds+dynamics+geo_bounds+halfspace+obstacles,dpcc-t-tightened,dpcc-t,True,s_curve,fm,5.0,4.0,pid_stopgo,0.5,,,Gen15,5.0,5.0,0.3,best,fm_only,none,cuda,,5.0
103,s_curve|fm|K5,/data/home/llim/FMPCC/FM-PCC/logs/UAV_MIX/uav-s_curve/plans(Bf_U5)/mix_uav_fm/H8_Dmodels.diffusion.FlowMatchingODE_9D/Efm_K5_mpc4_pid_stopgo_T0.5,6,test,s_curve_bounds+dynamics+geo_bounds+halfspace+obstacles,geo_free,geo_free,False,s_curve,fm,5.0,4.0,pid_stopgo,0.5,,,Gen15,5.0,5.0,0.3,best,fm_only,none,cuda,,5.0
103,s_curve|fm|K5,/data/home/llim/FMPCC/FM-PCC/logs/UAV_MIX/uav-s_curve/plans(Bf_U5)/mix_uav_fm/H8_Dmodels.diffusion.FlowMatchingODE_9D/Efm_K5_mpc4_pid_stopgo_T0.5,6,test,s_curve_bounds+dynamics+geo_bounds+halfspace+obstacles,geo_free-bounds_free,geo_free-bounds_free,False,s_curve,fm,5.0,4.0,pid_stopgo,0.5,,,Gen15,5.0,5.0,0.3,best,fm_only,none,cuda,,5.0
103,s_curve|fm|K5,/data/home/llim/FMPCC/FM-PCC/logs/UAV_MIX/uav-s_curve/plans(Bf_U5)/mix_uav_fm/H8_Dmodels.diffusion.FlowMatchingODE_9D/Efm_K5_mpc4_pid_stopgo_T0.5,6,test,s_curve_bounds+dynamics+geo_bounds+halfspace+obstacles,geo_free-model_free,geo_free-model_free,False,s_curve,fm,5.0,4.0,pid_stopgo,0.5,,,Gen15,5.0,5.0,0.3,best,fm_only,none,cuda,,5.0
103,s_curve|fm|K5,/data/home/llim/FMPCC/FM-PCC/logs/UAV_MIX/uav-s_curve/plans(Bf_U5)/mix_uav_fm/H8_Dmodels.diffusion.FlowMatchingODE_9D/Efm_K5_mpc4_pid_stopgo_T0.5,6,test,s_curve_bounds+dynamics+geo_bounds+halfspace+obstacles,gradient,gradient,False,s_curve,fm,5.0,4.0,pid_stopgo,0.5,,,Gen15,5.0,5.0,0.3,best,fm_only,none,cuda,,5.0
103,s_curve|fm|K5,/data/home/llim/FMPCC/FM-PCC/logs/UAV_MIX/uav-s_curve/plans(Bf_U5)/mix_uav_fm/H8_Dmodels.diffusion.FlowMatchingODE_9D/Efm_K5_mpc4_pid_stopgo_T0.5,6,test,s_curve_bounds+dynamics+geo_bounds+halfspace+obstacles,gradient-tightened,gradient,True,s_curve,fm,5.0,4.0,pid_stopgo,0.5,,,Gen15,5.0,5.0,0.3,best,fm_only,none,cuda,,5.0
103,s_curve|fm|K5,/data/home/llim/FMPCC/FM-PCC/logs/UAV_MIX/uav-s_curve/plans(Bf_U5)/mix_uav_fm/H8_Dmodels.diffusion.FlowMatchingODE_9D/Efm_K5_mpc4_pid_stopgo_T0.5,6,test,s_curve_bounds+dynamics+geo_bounds+halfspace+obstacles,model_free,model_free,False,s_curve,fm,5.0,4.0,pid_stopgo,0.5,,,Gen15,5.0,5.0,0.3,best,fm_only,none,cuda,,5.0
103,s_curve|fm|K5,/data/home/llim/FMPCC/FM-PCC/logs/UAV_MIX/uav-s_curve/plans(Bf_U5)/mix_uav_fm/H8_Dmodels.diffusion.FlowMatchingODE_9D/Efm_K5_mpc4_pid_stopgo_T0.5,6,test,s_curve_bounds+dynamics+geo_bounds+halfspace+obstacles,model_free-bounds_free,model_free-bounds_free,False,s_curve,fm,5.0,4.0,pid_stopgo,0.5,,,Gen15,5.0,5.0,0.3,best,fm_only,none,cuda,,5.0
103,s_curve|fm|K5,/data/home/llim/FMPCC/FM-PCC/logs/UAV_MIX/uav-s_curve/plans(Bf_U5)/mix_uav_fm/H8_Dmodels.diffusion.FlowMatchingODE_9D/Efm_K5_mpc4_pid_stopgo_T0.5,6,test,s_curve_bounds+dynamics+geo_bounds+halfspace+obstacles,model_free-bounds_free-tightened,model_free-bounds_free,True,s_curve,fm,5.0,4.0,pid_stopgo,0.5,,,Gen15,5.0,5.0,0.3,best,fm_only,none,cuda,,5.0
103,s_curve|fm|K5,/data/home/llim/FMPCC/FM-PCC/logs/UAV_MIX/uav-s_curve/plans(Bf_U5)/mix_uav_fm/H8_Dmodels.diffusion.FlowMatchingODE_9D/Efm_K5_mpc4_pid_stopgo_T0.5,6,test,s_curve_bounds+dynamics+geo_bounds+halfspace+obstacles,model_free-tightened,model_free,True,s_curve,fm,5.0,4.0,pid_stopgo,0.5,,,Gen15,5.0,5.0,0.3,best,fm_only,none,cuda,,5.0
103,s_curve|fm|K5,/data/home/llim/FMPCC/FM-PCC/logs/UAV_MIX/uav-s_curve/plans(Bf_U5)/mix_uav_fm/H8_Dmodels.diffusion.FlowMatchingODE_9D/Efm_K5_mpc4_pid_stopgo_T0.5,6,test,s_curve_bounds+dynamics+geo_bounds+halfspace+obstacles,post_processing,post_processing,False,s_curve,fm,5.0,4.0,pid_stopgo,0.5,,,Gen15,5.0,5.0,0.3,best,fm_only,none,cuda,,5.0
103,s_curve|fm|K5,/data/home/llim/FMPCC/FM-PCC/logs/UAV_MIX/uav-s_curve/plans(Bf_U5)/mix_uav_fm/H8_Dmodels.diffusion.FlowMatchingODE_9D/Efm_K5_mpc4_pid_stopgo_T0.5,6,test,s_curve_bounds+dynamics+geo_bounds+halfspace+obstacles,post_processing-tightened,post_processing,True,s_curve,fm,5.0,4.0,pid_stopgo,0.5,,,Gen15,5.0,5.0,0.3,best,fm_only,none,cuda,,5.0
104,s_curve|mf|K10|bbunet|dp0.5,/data/home/llim/FMPCC/FM-PCC/logs/UAV_MIX/uav-s_curve/plans(Bf_U5)/mix_uav_mf/H8_Dmodels.mf_diffusion.MeanFlowODE_9D_dp0.5_bbunet/Emf_K10_mpc4_pid_stopgo_T0.5,6,test,s_curve_bounds+dynamics+geo_bounds+halfspace+obstacles,bounds_free,bounds_free,False,s_curve,mf,10.0,4.0,pid_stopgo,0.5,,unet,Gen15,10.0,5.0,0.3,best,fm_only,none,cuda,,10.0
104,s_curve|mf|K10|bbunet|dp0.5,/data/home/llim/FMPCC/FM-PCC/logs/UAV_MIX/uav-s_curve/plans(Bf_U5)/mix_uav_mf/H8_Dmodels.mf_diffusion.MeanFlowODE_9D_dp0.5_bbunet/Emf_K10_mpc4_pid_stopgo_T0.5,6,test,s_curve_bounds+dynamics+geo_bounds+halfspace+obstacles,bounds_free-tightened,bounds_free,True,s_curve,mf,10.0,4.0,pid_stopgo,0.5,,unet,Gen15,10.0,5.0,0.3,best,fm_only,none,cuda,,10.0
104,s_curve|mf|K10|bbunet|dp0.5,/data/home/llim/FMPCC/FM-PCC/logs/UAV_MIX/uav-s_curve/plans(Bf_U5)/mix_uav_mf/H8_Dmodels.mf_diffusion.MeanFlowODE_9D_dp0.5_bbunet/Emf_K10_mpc4_pid_stopgo_T0.5,6,test,s_curve_bounds+dynamics+geo_bounds+halfspace+obstacles,diffuser,diffuser,False,s_curve,mf,10.0,4.0,pid_stopgo,0.5,,unet,Gen15,10.0,5.0,0.3,best,fm_only,none,cuda,,10.0
104,s_curve|mf|K10|bbunet|dp0.5,/data/home/llim/FMPCC/FM-PCC/logs/UAV_MIX/uav-s_curve/plans(Bf_U5)/mix_uav_mf/H8_Dmodels.mf_diffusion.MeanFlowODE_9D_dp0.5_bbunet/Emf_K10_mpc4_pid_stopgo_T0.5,6,test,s_curve_bounds+dynamics+geo_bounds+halfspace+obstacles,dpcc-c,dpcc-c,False,s_curve,mf,10.0,4.0,pid_stopgo,0.5,,unet,Gen15,10.0,5.0,0.3,best,fm_only,none,cuda,,10.0
104,s_curve|mf|K10|bbunet|dp0.5,/data/home/llim/FMPCC/FM-PCC/logs/UAV_MIX/uav-s_curve/plans(Bf_U5)/mix_uav_mf/H8_Dmodels.mf_diffusion.MeanFlowODE_9D_dp0.5_bbunet/Emf_K10_mpc4_pid_stopgo_T0.5,6,test,s_curve_bounds+dynamics+geo_bounds+halfspace+obstacles,dpcc-c-tightened,dpcc-c,True,s_curve,mf,10.0,4.0,pid_stopgo,0.5,,unet,Gen15,10.0,5.0,0.3,best,fm_only,none,cuda,,10.0
104,s_curve|mf|K10|bbunet|dp0.5,/data/home/llim/FMPCC/FM-PCC/logs/UAV_MIX/uav-s_curve/plans(Bf_U5)/mix_uav_mf/H8_Dmodels.mf_diffusion.MeanFlowODE_9D_dp0.5_bbunet/Emf_K10_mpc4_pid_stopgo_T0.5,6,test,s_curve_bounds+dynamics+geo_bounds+halfspace+obstacles,dpcc-r,dpcc-r,False,s_curve,mf,10.0,4.0,pid_stopgo,0.5,,unet,Gen15,10.0,5.0,0.3,best,fm_only,none,cuda,,10.0
104,s_curve|mf|K10|bbunet|dp0.5,/data/home/llim/FMPCC/FM-PCC/logs/UAV_MIX/uav-s_curve/plans(Bf_U5)/mix_uav_mf/H8_Dmodels.mf_diffusion.MeanFlowODE_9D_dp0.5_bbunet/Emf_K10_mpc4_pid_stopgo_T0.5,6,test,s_curve_bounds+dynamics+geo_bounds+halfspace+obstacles,dpcc-r-tightened,dpcc-r,True,s_curve,mf,10.0,4.0,pid_stopgo,0.5,,unet,Gen15,10.0,5.0,0.3,best,fm_only,none,cuda,,10.0
104,s_curve|mf|K10|bbunet|dp0.5,/data/home/llim/FMPCC/FM-PCC/logs/UAV_MIX/uav-s_curve/plans(Bf_U5)/mix_uav_mf/H8_Dmodels.mf_diffusion.MeanFlowODE_9D_dp0.5_bbunet/Emf_K10_mpc4_pid_stopgo_T0.5,6,test,s_curve_bounds+dynamics+geo_bounds+halfspace+obstacles,dpcc-t,dpcc-t,False,s_curve,mf,10.0,4.0,pid_stopgo,0.5,,unet,Gen15,10.0,5.0,0.3,best,fm_only,none,cuda,,10.0
104,s_curve|mf|K10|bbunet|dp0.5,/data/home/llim/FMPCC/FM-PCC/logs/UAV_MIX/uav-s_curve/plans(Bf_U5)/mix_uav_mf/H8_Dmodels.mf_diffusion.MeanFlowODE_9D_dp0.5_bbunet/Emf_K10_mpc4_pid_stopgo_T0.5,6,test,s_curve_bounds+dynamics+geo_bounds+halfspace+obstacles,dpcc-t-tightened,dpcc-t,True,s_curve,mf,10.0,4.0,pid_stopgo,0.5,,unet,Gen15,10.0,5.0,0.3,best,fm_only,none,cuda,,10.0
104,s_curve|mf|K10|bbunet|dp0.5,/data/home/llim/FMPCC/FM-PCC/logs/UAV_MIX/uav-s_curve/plans(Bf_U5)/mix_uav_mf/H8_Dmodels.mf_diffusion.MeanFlowODE_9D_dp0.5_bbunet/Emf_K10_mpc4_pid_stopgo_T0.5,6,test,s_curve_bounds+dynamics+geo_bounds+halfspace+obstacles,geo_free,geo_free,False,s_curve,mf,10.0,4.0,pid_stopgo,0.5,,unet,Gen15,10.0,5.0,0.3,best,fm_only,none,cuda,,10.0
104,s_curve|mf|K10|bbunet|dp0.5,/data/home/llim/FMPCC/FM-PCC/logs/UAV_MIX/uav-s_curve/plans(Bf_U5)/mix_uav_mf/H8_Dmodels.mf_diffusion.MeanFlowODE_9D_dp0.5_bbunet/Emf_K10_mpc4_pid_stopgo_T0.5,6,test,s_curve_bounds+dynamics+geo_bounds+halfspace+obstacles,geo_free-bounds_free,geo_free-bounds_free,False,s_curve,mf,10.0,4.0,pid_stopgo,0.5,,unet,Gen15,10.0,5.0,0.3,best,fm_only,none,cuda,,10.0
104,s_curve|mf|K10|bbunet|dp0.5,/data/home/llim/FMPCC/FM-PCC/logs/UAV_MIX/uav-s_curve/plans(Bf_U5)/mix_uav_mf/H8_Dmodels.mf_diffusion.MeanFlowODE_9D_dp0.5_bbunet/Emf_K10_mpc4_pid_stopgo_T0.5,6,test,s_curve_bounds+dynamics+geo_bounds+halfspace+obstacles,geo_free-model_free,geo_free-model_free,False,s_curve,mf,10.0,4.0,pid_stopgo,0.5,,unet,Gen15,10.0,5.0,0.3,best,fm_only,none,cuda,,10.0
104,s_curve|mf|K10|bbunet|dp0.5,/data/home/llim/FMPCC/FM-PCC/logs/UAV_MIX/uav-s_curve/plans(Bf_U5)/mix_uav_mf/H8_Dmodels.mf_diffusion.MeanFlowODE_9D_dp0.5_bbunet/Emf_K10_mpc4_pid_stopgo_T0.5,6,test,s_curve_bounds+dynamics+geo_bounds+halfspace+obstacles,gradient,gradient,False,s_curve,mf,10.0,4.0,pid_stopgo,0.5,,unet,Gen15,10.0,5.0,0.3,best,fm_only,none,cuda,,10.0
104,s_curve|mf|K10|bbunet|dp0.5,/data/home/llim/FMPCC/FM-PCC/logs/UAV_MIX/uav-s_curve/plans(Bf_U5)/mix_uav_mf/H8_Dmodels.mf_diffusion.MeanFlowODE_9D_dp0.5_bbunet/Emf_K10_mpc4_pid_stopgo_T0.5,6,test,s_curve_bounds+dynamics+geo_bounds+halfspace+obstacles,gradient-tightened,gradient,True,s_curve,mf,10.0,4.0,pid_stopgo,0.5,,unet,Gen15,10.0,5.0,0.3,best,fm_only,none,cuda,,10.0
104,s_curve|mf|K10|bbunet|dp0.5,/data/home/llim/FMPCC/FM-PCC/logs/UAV_MIX/uav-s_curve/plans(Bf_U5)/mix_uav_mf/H8_Dmodels.mf_diffusion.MeanFlowODE_9D_dp0.5_bbunet/Emf_K10_mpc4_pid_stopgo_T0.5,6,test,s_curve_bounds+dynamics+geo_bounds+halfspace+obstacles,hardflow_new,hardflow_new,False,s_curve,mf,10.0,4.0,pid_stopgo,0.5,,unet,Gen15,10.0,3.0,0.3,latest,fm_only,all,cuda,,10.0
104,s_curve|mf|K10|bbunet|dp0.5,/data/home/llim/FMPCC/FM-PCC/logs/UAV_MIX/uav-s_curve/plans(Bf_U5)/mix_uav_mf/H8_Dmodels.mf_diffusion.MeanFlowODE_9D_dp0.5_bbunet/Emf_K10_mpc4_pid_stopgo_T0.5,6,test,s_curve_bounds+dynamics+geo_bounds+halfspace+obstacles,hardflow_new-c,hardflow_new-c,False,s_curve,mf,10.0,4.0,pid_stopgo,0.5,,unet,Gen15,10.0,3.0,0.3,latest,fm_only,all,cuda,,10.0
104,s_curve|mf|K10|bbunet|dp0.5,/data/home/llim/FMPCC/FM-PCC/logs/UAV_MIX/uav-s_curve/plans(Bf_U5)/mix_uav_mf/H8_Dmodels.mf_diffusion.MeanFlowODE_9D_dp0.5_bbunet/Emf_K10_mpc4_pid_stopgo_T0.5,6,test,s_curve_bounds+dynamics+geo_bounds+halfspace+obstacles,hardflow_new-t,hardflow_new-t,False,s_curve,mf,10.0,4.0,pid_stopgo,0.5,,unet,Gen15,10.0,,,,,,,,
104,s_curve|mf|K10|bbunet|dp0.5,/data/home/llim/FMPCC/FM-PCC/logs/UAV_MIX/uav-s_curve/plans(Bf_U5)/mix_uav_mf/H8_Dmodels.mf_diffusion.MeanFlowODE_9D_dp0.5_bbunet/Emf_K10_mpc4_pid_stopgo_T0.5,6,test,s_curve_bounds+dynamics+geo_bounds+halfspace+obstacles,model_free,model_free,False,s_curve,mf,10.0,4.0,pid_stopgo,0.5,,unet,Gen15,10.0,5.0,0.3,best,fm_only,none,cuda,,10.0
104,s_curve|mf|K10|bbunet|dp0.5,/data/home/llim/FMPCC/FM-PCC/logs/UAV_MIX/uav-s_curve/plans(Bf_U5)/mix_uav_mf/H8_Dmodels.mf_diffusion.MeanFlowODE_9D_dp0.5_bbunet/Emf_K10_mpc4_pid_stopgo_T0.5,6,test,s_curve_bounds+dynamics+geo_bounds+halfspace+obstacles,model_free-bounds_free,model_free-bounds_free,False,s_curve,mf,10.0,4.0,pid_stopgo,0.5,,unet,Gen15,10.0,5.0,0.3,best,fm_only,none,cuda,,10.0
104,s_curve|mf|K10|bbunet|dp0.5,/data/home/llim/FMPCC/FM-PCC/logs/UAV_MIX/uav-s_curve/plans(Bf_U5)/mix_uav_mf/H8_Dmodels.mf_diffusion.MeanFlowODE_9D_dp0.5_bbunet/Emf_K10_mpc4_pid_stopgo_T0.5,6,test,s_curve_bounds+dynamics+geo_bounds+halfspace+obstacles,model_free-bounds_free-tightened,model_free-bounds_free,True,s_curve,mf,10.0,4.0,pid_stopgo,0.5,,unet,Gen15,10.0,5.0,0.3,best,fm_only,none,cuda,,10.0
104,s_curve|mf|K10|bbunet|dp0.5,/data/home/llim/FMPCC/FM-PCC/logs/UAV_MIX/uav-s_curve/plans(Bf_U5)/mix_uav_mf/H8_Dmodels.mf_diffusion.MeanFlowODE_9D_dp0.5_bbunet/Emf_K10_mpc4_pid_stopgo_T0.5,6,test,s_curve_bounds+dynamics+geo_bounds+halfspace+obstacles,model_free-tightened,model_free,True,s_curve,mf,10.0,4.0,pid_stopgo,0.5,,unet,Gen15,10.0,5.0,0.3,best,fm_only,none,cuda,,10.0
104,s_curve|mf|K10|bbunet|dp0.5,/data/home/llim/FMPCC/FM-PCC/logs/UAV_MIX/uav-s_curve/plans(Bf_U5)/mix_uav_mf/H8_Dmodels.mf_diffusion.MeanFlowODE_9D_dp0.5_bbunet/Emf_K10_mpc4_pid_stopgo_T0.5,6,test,s_curve_bounds+dynamics+geo_bounds+halfspace+obstacles,post_processing,post_processing,False,s_curve,mf,10.0,4.0,pid_stopgo,0.5,,unet,Gen15,10.0,5.0,0.3,best,fm_only,none,cuda,,10.0
104,s_curve|mf|K10|bbunet|dp0.5,/data/home/llim/FMPCC/FM-PCC/logs/UAV_MIX/uav-s_curve/plans(Bf_U5)/mix_uav_mf/H8_Dmodels.mf_diffusion.MeanFlowODE_9D_dp0.5_bbunet/Emf_K10_mpc4_pid_stopgo_T0.5,6,test,s_curve_bounds+dynamics+geo_bounds+halfspace+obstacles,post_processing-tightened,post_processing,True,s_curve,mf,10.0,4.0,pid_stopgo,0.5,,unet,Gen15,10.0,5.0,0.3,best,fm_only,none,cuda,,10.0
105,s_curve|mf|K1|bbunet|dp0.5,/data/home/llim/FMPCC/FM-PCC/logs/UAV_MIX/uav-s_curve/plans(Bf_U5)/mix_uav_mf/H8_Dmodels.mf_diffusion.MeanFlowODE_9D_dp0.5_bbunet/Emf_K1_mpc4_pid_stopgo_T0.5,6,test,s_curve_bounds+dynamics+geo_bounds+halfspace+obstacles,bounds_free,bounds_free,False,s_curve,mf,1.0,4.0,pid_stopgo,0.5,,unet,Gen15,1.0,5.0,0.3,best,fm_only,none,cuda,,1.0
105,s_curve|mf|K1|bbunet|dp0.5,/data/home/llim/FMPCC/FM-PCC/logs/UAV_MIX/uav-s_curve/plans(Bf_U5)/mix_uav_mf/H8_Dmodels.mf_diffusion.MeanFlowODE_9D_dp0.5_bbunet/Emf_K1_mpc4_pid_stopgo_T0.5,6,test,s_curve_bounds+dynamics+geo_bounds+halfspace+obstacles,bounds_free-tightened,bounds_free,True,s_curve,mf,1.0,4.0,pid_stopgo,0.5,,unet,Gen15,1.0,5.0,0.3,best,fm_only,none,cuda,,1.0
105,s_curve|mf|K1|bbunet|dp0.5,/data/home/llim/FMPCC/FM-PCC/logs/UAV_MIX/uav-s_curve/plans(Bf_U5)/mix_uav_mf/H8_Dmodels.mf_diffusion.MeanFlowODE_9D_dp0.5_bbunet/Emf_K1_mpc4_pid_stopgo_T0.5,6,test,s_curve_bounds+dynamics+geo_bounds+halfspace+obstacles,diffuser,diffuser,False,s_curve,mf,1.0,4.0,pid_stopgo,0.5,,unet,Gen15,1.0,5.0,0.3,best,fm_only,none,cuda,,1.0
105,s_curve|mf|K1|bbunet|dp0.5,/data/home/llim/FMPCC/FM-PCC/logs/UAV_MIX/uav-s_curve/plans(Bf_U5)/mix_uav_mf/H8_Dmodels.mf_diffusion.MeanFlowODE_9D_dp0.5_bbunet/Emf_K1_mpc4_pid_stopgo_T0.5,6,test,s_curve_bounds+dynamics+geo_bounds+halfspace+obstacles,dpcc-c,dpcc-c,False,s_curve,mf,1.0,4.0,pid_stopgo,0.5,,unet,Gen15,1.0,5.0,0.3,best,fm_only,none,cuda,,1.0
105,s_curve|mf|K1|bbunet|dp0.5,/data/home/llim/FMPCC/FM-PCC/logs/UAV_MIX/uav-s_curve/plans(Bf_U5)/mix_uav_mf/H8_Dmodels.mf_diffusion.MeanFlowODE_9D_dp0.5_bbunet/Emf_K1_mpc4_pid_stopgo_T0.5,6,test,s_curve_bounds+dynamics+geo_bounds+halfspace+obstacles,dpcc-c-tightened,dpcc-c,True,s_curve,mf,1.0,4.0,pid_stopgo,0.5,,unet,Gen15,1.0,5.0,0.3,best,fm_only,none,cuda,,1.0
105,s_curve|mf|K1|bbunet|dp0.5,/data/home/llim/FMPCC/FM-PCC/logs/UAV_MIX/uav-s_curve/plans(Bf_U5)/mix_uav_mf/H8_Dmodels.mf_diffusion.MeanFlowODE_9D_dp0.5_bbunet/Emf_K1_mpc4_pid_stopgo_T0.5,6,test,s_curve_bounds+dynamics+geo_bounds+halfspace+obstacles,dpcc-r,dpcc-r,False,s_curve,mf,1.0,4.0,pid_stopgo,0.5,,unet,Gen15,1.0,5.0,0.3,best,fm_only,none,cuda,,1.0
105,s_curve|mf|K1|bbunet|dp0.5,/data/home/llim/FMPCC/FM-PCC/logs/UAV_MIX/uav-s_curve/plans(Bf_U5)/mix_uav_mf/H8_Dmodels.mf_diffusion.MeanFlowODE_9D_dp0.5_bbunet/Emf_K1_mpc4_pid_stopgo_T0.5,6,test,s_curve_bounds+dynamics+geo_bounds+halfspace+obstacles,dpcc-r-tightened,dpcc-r,True,s_curve,mf,1.0,4.0,pid_stopgo,0.5,,unet,Gen15,1.0,5.0,0.3,best,fm_only,none,cuda,,1.0
105,s_curve|mf|K1|bbunet|dp0.5,/data/home/llim/FMPCC/FM-PCC/logs/UAV_MIX/uav-s_curve/plans(Bf_U5)/mix_uav_mf/H8_Dmodels.mf_diffusion.MeanFlowODE_9D_dp0.5_bbunet/Emf_K1_mpc4_pid_stopgo_T0.5,6,test,s_curve_bounds+dynamics+geo_bounds+halfspace+obstacles,dpcc-t,dpcc-t,False,s_curve,mf,1.0,4.0,pid_stopgo,0.5,,unet,Gen15,1.0,5.0,0.3,best,fm_only,none,cuda,,1.0
105,s_curve|mf|K1|bbunet|dp0.5,/data/home/llim/FMPCC/FM-PCC/logs/UAV_MIX/uav-s_curve/plans(Bf_U5)/mix_uav_mf/H8_Dmodels.mf_diffusion.MeanFlowODE_9D_dp0.5_bbunet/Emf_K1_mpc4_pid_stopgo_T0.5,6,test,s_curve_bounds+dynamics+geo_bounds+halfspace+obstacles,dpcc-t-tightened,dpcc-t,True,s_curve,mf,1.0,4.0,pid_stopgo,0.5,,unet,Gen15,1.0,5.0,0.3,best,fm_only,none,cuda,,1.0
105,s_curve|mf|K1|bbunet|dp0.5,/data/home/llim/FMPCC/FM-PCC/logs/UAV_MIX/uav-s_curve/plans(Bf_U5)/mix_uav_mf/H8_Dmodels.mf_diffusion.MeanFlowODE_9D_dp0.5_bbunet/Emf_K1_mpc4_pid_stopgo_T0.5,6,test,s_curve_bounds+dynamics+geo_bounds+halfspace+obstacles,geo_free,geo_free,False,s_curve,mf,1.0,4.0,pid_stopgo,0.5,,unet,Gen15,1.0,5.0,0.3,best,fm_only,none,cuda,,1.0
105,s_curve|mf|K1|bbunet|dp0.5,/data/home/llim/FMPCC/FM-PCC/logs/UAV_MIX/uav-s_curve/plans(Bf_U5)/mix_uav_mf/H8_Dmodels.mf_diffusion.MeanFlowODE_9D_dp0.5_bbunet/Emf_K1_mpc4_pid_stopgo_T0.5,6,test,s_curve_bounds+dynamics+geo_bounds+halfspace+obstacles,geo_free-bounds_free,geo_free-bounds_free,False,s_curve,mf,1.0,4.0,pid_stopgo,0.5,,unet,Gen15,1.0,5.0,0.3,best,fm_only,none,cuda,,1.0
105,s_curve|mf|K1|bbunet|dp0.5,/data/home/llim/FMPCC/FM-PCC/logs/UAV_MIX/uav-s_curve/plans(Bf_U5)/mix_uav_mf/H8_Dmodels.mf_diffusion.MeanFlowODE_9D_dp0.5_bbunet/Emf_K1_mpc4_pid_stopgo_T0.5,6,test,s_curve_bounds+dynamics+geo_bounds+halfspace+obstacles,geo_free-model_free,geo_free-model_free,False,s_curve,mf,1.0,4.0,pid_stopgo,0.5,,unet,Gen15,1.0,5.0,0.3,best,fm_only,none,cuda,,1.0
105,s_curve|mf|K1|bbunet|dp0.5,/data/home/llim/FMPCC/FM-PCC/logs/UAV_MIX/uav-s_curve/plans(Bf_U5)/mix_uav_mf/H8_Dmodels.mf_diffusion.MeanFlowODE_9D_dp0.5_bbunet/Emf_K1_mpc4_pid_stopgo_T0.5,6,test,s_curve_bounds+dynamics+geo_bounds+halfspace+obstacles,gradient,gradient,False,s_curve,mf,1.0,4.0,pid_stopgo,0.5,,unet,Gen15,1.0,5.0,0.3,best,fm_only,none,cuda,,1.0
105,s_curve|mf|K1|bbunet|dp0.5,/data/home/llim/FMPCC/FM-PCC/logs/UAV_MIX/uav-s_curve/plans(Bf_U5)/mix_uav_mf/H8_Dmodels.mf_diffusion.MeanFlowODE_9D_dp0.5_bbunet/Emf_K1_mpc4_pid_stopgo_T0.5,6,test,s_curve_bounds+dynamics+geo_bounds+halfspace+obstacles,gradient-tightened,gradient,True,s_curve,mf,1.0,4.0,pid_stopgo,0.5,,unet,Gen15,1.0,5.0,0.3,best,fm_only,none,cuda,,1.0
105,s_curve|mf|K1|bbunet|dp0.5,/data/home/llim/FMPCC/FM-PCC/logs/UAV_MIX/uav-s_curve/plans(Bf_U5)/mix_uav_mf/H8_Dmodels.mf_diffusion.MeanFlowODE_9D_dp0.5_bbunet/Emf_K1_mpc4_pid_stopgo_T0.5,6,test,s_curve_bounds+dynamics+geo_bounds+halfspace+obstacles,model_free,model_free,False,s_curve,mf,1.0,4.0,pid_stopgo,0.5,,unet,Gen15,1.0,5.0,0.3,best,fm_only,none,cuda,,1.0
105,s_curve|mf|K1|bbunet|dp0.5,/data/home/llim/FMPCC/FM-PCC/logs/UAV_MIX/uav-s_curve/plans(Bf_U5)/mix_uav_mf/H8_Dmodels.mf_diffusion.MeanFlowODE_9D_dp0.5_bbunet/Emf_K1_mpc4_pid_stopgo_T0.5,6,test,s_curve_bounds+dynamics+geo_bounds+halfspace+obstacles,model_free-bounds_free,model_free-bounds_free,False,s_curve,mf,1.0,4.0,pid_stopgo,0.5,,unet,Gen15,1.0,5.0,0.3,best,fm_only,none,cuda,,1.0
105,s_curve|mf|K1|bbunet|dp0.5,/data/home/llim/FMPCC/FM-PCC/logs/UAV_MIX/uav-s_curve/plans(Bf_U5)/mix_uav_mf/H8_Dmodels.mf_diffusion.MeanFlowODE_9D_dp0.5_bbunet/Emf_K1_mpc4_pid_stopgo_T0.5,6,test,s_curve_bounds+dynamics+geo_bounds+halfspace+obstacles,model_free-bounds_free-tightened,model_free-bounds_free,True,s_curve,mf,1.0,4.0,pid_stopgo,0.5,,unet,Gen15,1.0,5.0,0.3,best,fm_only,none,cuda,,1.0
105,s_curve|mf|K1|bbunet|dp0.5,/data/home/llim/FMPCC/FM-PCC/logs/UAV_MIX/uav-s_curve/plans(Bf_U5)/mix_uav_mf/H8_Dmodels.mf_diffusion.MeanFlowODE_9D_dp0.5_bbunet/Emf_K1_mpc4_pid_stopgo_T0.5,6,test,s_curve_bounds+dynamics+geo_bounds+halfspace+obstacles,model_free-tightened,model_free,True,s_curve,mf,1.0,4.0,pid_stopgo,0.5,,unet,Gen15,1.0,5.0,0.3,best,fm_only,none,cuda,,1.0
105,s_curve|mf|K1|bbunet|dp0.5,/data/home/llim/FMPCC/FM-PCC/logs/UAV_MIX/uav-s_curve/plans(Bf_U5)/mix_uav_mf/H8_Dmodels.mf_diffusion.MeanFlowODE_9D_dp0.5_bbunet/Emf_K1_mpc4_pid_stopgo_T0.5,6,test,s_curve_bounds+dynamics+geo_bounds+halfspace+obstacles,post_processing,post_processing,False,s_curve,mf,1.0,4.0,pid_stopgo,0.5,,unet,Gen15,1.0,5.0,0.3,best,fm_only,none,cuda,,1.0
105,s_curve|mf|K1|bbunet|dp0.5,/data/home/llim/FMPCC/FM-PCC/logs/UAV_MIX/uav-s_curve/plans(Bf_U5)/mix_uav_mf/H8_Dmodels.mf_diffusion.MeanFlowODE_9D_dp0.5_bbunet/Emf_K1_mpc4_pid_stopgo_T0.5,6,test,s_curve_bounds+dynamics+geo_bounds+halfspace+obstacles,post_processing-tightened,post_processing,True,s_curve,mf,1.0,4.0,pid_stopgo,0.5,,unet,Gen15,1.0,5.0,0.3,best,fm_only,none,cuda,,1.0
106,s_curve|mf|K20|bbunet|dp0.5,/data/home/llim/FMPCC/FM-PCC/logs/UAV_MIX/uav-s_curve/plans(Bf_U5)/mix_uav_mf/H8_Dmodels.mf_diffusion.MeanFlowODE_9D_dp0.5_bbunet/Emf_K20_mpc4_pid_stopgo_T0.5,6,test,s_curve_bounds+dynamics+geo_bounds+halfspace+obstacles,bounds_free,bounds_free,False,s_curve,mf,20.0,4.0,pid_stopgo,0.5,,unet,Gen15,20.0,5.0,0.3,best,fm_only,none,cuda,,20.0
106,s_curve|mf|K20|bbunet|dp0.5,/data/home/llim/FMPCC/FM-PCC/logs/UAV_MIX/uav-s_curve/plans(Bf_U5)/mix_uav_mf/H8_Dmodels.mf_diffusion.MeanFlowODE_9D_dp0.5_bbunet/Emf_K20_mpc4_pid_stopgo_T0.5,6,test,s_curve_bounds+dynamics+geo_bounds+halfspace+obstacles,bounds_free-tightened,bounds_free,True,s_curve,mf,20.0,4.0,pid_stopgo,0.5,,unet,Gen15,20.0,5.0,0.3,best,fm_only,none,cuda,,20.0
106,s_curve|mf|K20|bbunet|dp0.5,/data/home/llim/FMPCC/FM-PCC/logs/UAV_MIX/uav-s_curve/plans(Bf_U5)/mix_uav_mf/H8_Dmodels.mf_diffusion.MeanFlowODE_9D_dp0.5_bbunet/Emf_K20_mpc4_pid_stopgo_T0.5,6,test,s_curve_bounds+dynamics+geo_bounds+halfspace+obstacles,diffuser,diffuser,False,s_curve,mf,20.0,4.0,pid_stopgo,0.5,,unet,Gen15,20.0,5.0,0.3,best,fm_only,none,cuda,,20.0
106,s_curve|mf|K20|bbunet|dp0.5,/data/home/llim/FMPCC/FM-PCC/logs/UAV_MIX/uav-s_curve/plans(Bf_U5)/mix_uav_mf/H8_Dmodels.mf_diffusion.MeanFlowODE_9D_dp0.5_bbunet/Emf_K20_mpc4_pid_stopgo_T0.5,6,test,s_curve_bounds+dynamics+geo_bounds+halfspace+obstacles,dpcc-c,dpcc-c,False,s_curve,mf,20.0,4.0,pid_stopgo,0.5,,unet,Gen15,20.0,5.0,0.3,best,fm_only,none,cuda,,20.0
106,s_curve|mf|K20|bbunet|dp0.5,/data/home/llim/FMPCC/FM-PCC/logs/UAV_MIX/uav-s_curve/plans(Bf_U5)/mix_uav_mf/H8_Dmodels.mf_diffusion.MeanFlowODE_9D_dp0.5_bbunet/Emf_K20_mpc4_pid_stopgo_T0.5,6,test,s_curve_bounds+dynamics+geo_bounds+halfspace+obstacles,dpcc-c-tightened,dpcc-c,True,s_curve,mf,20.0,4.0,pid_stopgo,0.5,,unet,Gen15,20.0,5.0,0.3,best,fm_only,none,cuda,,20.0
106,s_curve|mf|K20|bbunet|dp0.5,/data/home/llim/FMPCC/FM-PCC/logs/UAV_MIX/uav-s_curve/plans(Bf_U5)/mix_uav_mf/H8_Dmodels.mf_diffusion.MeanFlowODE_9D_dp0.5_bbunet/Emf_K20_mpc4_pid_stopgo_T0.5,6,test,s_curve_bounds+dynamics+geo_bounds+halfspace+obstacles,dpcc-r,dpcc-r,False,s_curve,mf,20.0,4.0,pid_stopgo,0.5,,unet,Gen15,20.0,5.0,0.3,best,fm_only,none,cuda,,20.0
106,s_curve|mf|K20|bbunet|dp0.5,/data/home/llim/FMPCC/FM-PCC/logs/UAV_MIX/uav-s_curve/plans(Bf_U5)/mix_uav_mf/H8_Dmodels.mf_diffusion.MeanFlowODE_9D_dp0.5_bbunet/Emf_K20_mpc4_pid_stopgo_T0.5,6,test,s_curve_bounds+dynamics+geo_bounds+halfspace+obstacles,dpcc-r-tightened,dpcc-r,True,s_curve,mf,20.0,4.0,pid_stopgo,0.5,,unet,Gen15,20.0,5.0,0.3,best,fm_only,none,cuda,,20.0
106,s_curve|mf|K20|bbunet|dp0.5,/data/home/llim/FMPCC/FM-PCC/logs/UAV_MIX/uav-s_curve/plans(Bf_U5)/mix_uav_mf/H8_Dmodels.mf_diffusion.MeanFlowODE_9D_dp0.5_bbunet/Emf_K20_mpc4_pid_stopgo_T0.5,6,test,s_curve_bounds+dynamics+geo_bounds+halfspace+obstacles,dpcc-t,dpcc-t,False,s_curve,mf,20.0,4.0,pid_stopgo,0.5,,unet,Gen15,20.0,5.0,0.3,best,fm_only,none,cuda,,20.0
106,s_curve|mf|K20|bbunet|dp0.5,/data/home/llim/FMPCC/FM-PCC/logs/UAV_MIX/uav-s_curve/plans(Bf_U5)/mix_uav_mf/H8_Dmodels.mf_diffusion.MeanFlowODE_9D_dp0.5_bbunet/Emf_K20_mpc4_pid_stopgo_T0.5,6,test,s_curve_bounds+dynamics+geo_bounds+halfspace+obstacles,dpcc-t-tightened,dpcc-t,True,s_curve,mf,20.0,4.0,pid_stopgo,0.5,,unet,Gen15,20.0,5.0,0.3,best,fm_only,none,cuda,,20.0
106,s_curve|mf|K20|bbunet|dp0.5,/data/home/llim/FMPCC/FM-PCC/logs/UAV_MIX/uav-s_curve/plans(Bf_U5)/mix_uav_mf/H8_Dmodels.mf_diffusion.MeanFlowODE_9D_dp0.5_bbunet/Emf_K20_mpc4_pid_stopgo_T0.5,6,test,s_curve_bounds+dynamics+geo_bounds+halfspace+obstacles,geo_free,geo_free,False,s_curve,mf,20.0,4.0,pid_stopgo,0.5,,unet,Gen15,20.0,5.0,0.3,best,fm_only,none,cuda,,20.0
106,s_curve|mf|K20|bbunet|dp0.5,/data/home/llim/FMPCC/FM-PCC/logs/UAV_MIX/uav-s_curve/plans(Bf_U5)/mix_uav_mf/H8_Dmodels.mf_diffusion.MeanFlowODE_9D_dp0.5_bbunet/Emf_K20_mpc4_pid_stopgo_T0.5,6,test,s_curve_bounds+dynamics+geo_bounds+halfspace+obstacles,geo_free-bounds_free,geo_free-bounds_free,False,s_curve,mf,20.0,4.0,pid_stopgo,0.5,,unet,Gen15,20.0,5.0,0.3,best,fm_only,none,cuda,,20.0
106,s_curve|mf|K20|bbunet|dp0.5,/data/home/llim/FMPCC/FM-PCC/logs/UAV_MIX/uav-s_curve/plans(Bf_U5)/mix_uav_mf/H8_Dmodels.mf_diffusion.MeanFlowODE_9D_dp0.5_bbunet/Emf_K20_mpc4_pid_stopgo_T0.5,6,test,s_curve_bounds+dynamics+geo_bounds+halfspace+obstacles,geo_free-model_free,geo_free-model_free,False,s_curve,mf,20.0,4.0,pid_stopgo,0.5,,unet,Gen15,20.0,5.0,0.3,best,fm_only,none,cuda,,20.0
106,s_curve|mf|K20|bbunet|dp0.5,/data/home/llim/FMPCC/FM-PCC/logs/UAV_MIX/uav-s_curve/plans(Bf_U5)/mix_uav_mf/H8_Dmodels.mf_diffusion.MeanFlowODE_9D_dp0.5_bbunet/Emf_K20_mpc4_pid_stopgo_T0.5,6,test,s_curve_bounds+dynamics+geo_bounds+halfspace+obstacles,gradient,gradient,False,s_curve,mf,20.0,4.0,pid_stopgo,0.5,,unet,Gen15,20.0,5.0,0.3,best,fm_only,none,cuda,,20.0
106,s_curve|mf|K20|bbunet|dp0.5,/data/home/llim/FMPCC/FM-PCC/logs/UAV_MIX/uav-s_curve/plans(Bf_U5)/mix_uav_mf/H8_Dmodels.mf_diffusion.MeanFlowODE_9D_dp0.5_bbunet/Emf_K20_mpc4_pid_stopgo_T0.5,6,test,s_curve_bounds+dynamics+geo_bounds+halfspace+obstacles,gradient-tightened,gradient,True,s_curve,mf,20.0,4.0,pid_stopgo,0.5,,unet,Gen15,20.0,5.0,0.3,best,fm_only,none,cuda,,20.0
106,s_curve|mf|K20|bbunet|dp0.5,/data/home/llim/FMPCC/FM-PCC/logs/UAV_MIX/uav-s_curve/plans(Bf_U5)/mix_uav_mf/H8_Dmodels.mf_diffusion.MeanFlowODE_9D_dp0.5_bbunet/Emf_K20_mpc4_pid_stopgo_T0.5,6,test,s_curve_bounds+dynamics+geo_bounds+halfspace+obstacles,model_free,model_free,False,s_curve,mf,20.0,4.0,pid_stopgo,0.5,,unet,Gen15,20.0,5.0,0.3,best,fm_only,none,cuda,,20.0
106,s_curve|mf|K20|bbunet|dp0.5,/data/home/llim/FMPCC/FM-PCC/logs/UAV_MIX/uav-s_curve/plans(Bf_U5)/mix_uav_mf/H8_Dmodels.mf_diffusion.MeanFlowODE_9D_dp0.5_bbunet/Emf_K20_mpc4_pid_stopgo_T0.5,6,test,s_curve_bounds+dynamics+geo_bounds+halfspace+obstacles,model_free-bounds_free,model_free-bounds_free,False,s_curve,mf,20.0,4.0,pid_stopgo,0.5,,unet,Gen15,20.0,5.0,0.3,best,fm_only,none,cuda,,20.0
106,s_curve|mf|K20|bbunet|dp0.5,/data/home/llim/FMPCC/FM-PCC/logs/UAV_MIX/uav-s_curve/plans(Bf_U5)/mix_uav_mf/H8_Dmodels.mf_diffusion.MeanFlowODE_9D_dp0.5_bbunet/Emf_K20_mpc4_pid_stopgo_T0.5,6,test,s_curve_bounds+dynamics+geo_bounds+halfspace+obstacles,model_free-bounds_free-tightened,model_free-bounds_free,True,s_curve,mf,20.0,4.0,pid_stopgo,0.5,,unet,Gen15,20.0,5.0,0.3,best,fm_only,none,cuda,,20.0
106,s_curve|mf|K20|bbunet|dp0.5,/data/home/llim/FMPCC/FM-PCC/logs/UAV_MIX/uav-s_curve/plans(Bf_U5)/mix_uav_mf/H8_Dmodels.mf_diffusion.MeanFlowODE_9D_dp0.5_bbunet/Emf_K20_mpc4_pid_stopgo_T0.5,6,test,s_curve_bounds+dynamics+geo_bounds+halfspace+obstacles,model_free-tightened,model_free,True,s_curve,mf,20.0,4.0,pid_stopgo,0.5,,unet,Gen15,20.0,5.0,0.3,best,fm_only,none,cuda,,20.0
106,s_curve|mf|K20|bbunet|dp0.5,/data/home/llim/FMPCC/FM-PCC/logs/UAV_MIX/uav-s_curve/plans(Bf_U5)/mix_uav_mf/H8_Dmodels.mf_diffusion.MeanFlowODE_9D_dp0.5_bbunet/Emf_K20_mpc4_pid_stopgo_T0.5,6,test,s_curve_bounds+dynamics+geo_bounds+halfspace+obstacles,post_processing,post_processing,False,s_curve,mf,20.0,4.0,pid_stopgo,0.5,,unet,Gen15,20.0,5.0,0.3,best,fm_only,none,cuda,,20.0
106,s_curve|mf|K20|bbunet|dp0.5,/data/home/llim/FMPCC/FM-PCC/logs/UAV_MIX/uav-s_curve/plans(Bf_U5)/mix_uav_mf/H8_Dmodels.mf_diffusion.MeanFlowODE_9D_dp0.5_bbunet/Emf_K20_mpc4_pid_stopgo_T0.5,6,test,s_curve_bounds+dynamics+geo_bounds+halfspace+obstacles,post_processing-tightened,post_processing,True,s_curve,mf,20.0,4.0,pid_stopgo,0.5,,unet,Gen15,20.0,5.0,0.3,best,fm_only,none,cuda,,20.0
107,s_curve|mf|K2|bbunet|dp0.5,/data/home/llim/FMPCC/FM-PCC/logs/UAV_MIX/uav-s_curve/plans(Bf_U5)/mix_uav_mf/H8_Dmodels.mf_diffusion.MeanFlowODE_9D_dp0.5_bbunet/Emf_K2_mpc4_pid_stopgo_T0.5,6,test,s_curve_bounds+dynamics+geo_bounds+halfspace+obstacles,bounds_free,bounds_free,False,s_curve,mf,2.0,4.0,pid_stopgo,0.5,,unet,Gen15,2.0,5.0,0.3,best,fm_only,none,cuda,,2.0
107,s_curve|mf|K2|bbunet|dp0.5,/data/home/llim/FMPCC/FM-PCC/logs/UAV_MIX/uav-s_curve/plans(Bf_U5)/mix_uav_mf/H8_Dmodels.mf_diffusion.MeanFlowODE_9D_dp0.5_bbunet/Emf_K2_mpc4_pid_stopgo_T0.5,6,test,s_curve_bounds+dynamics+geo_bounds+halfspace+obstacles,bounds_free-tightened,bounds_free,True,s_curve,mf,2.0,4.0,pid_stopgo,0.5,,unet,Gen15,2.0,5.0,0.3,best,fm_only,none,cuda,,2.0
107,s_curve|mf|K2|bbunet|dp0.5,/data/home/llim/FMPCC/FM-PCC/logs/UAV_MIX/uav-s_curve/plans(Bf_U5)/mix_uav_mf/H8_Dmodels.mf_diffusion.MeanFlowODE_9D_dp0.5_bbunet/Emf_K2_mpc4_pid_stopgo_T0.5,6,test,s_curve_bounds+dynamics+geo_bounds+halfspace+obstacles,diffuser,diffuser,False,s_curve,mf,2.0,4.0,pid_stopgo,0.5,,unet,Gen15,2.0,5.0,0.3,best,fm_only,none,cuda,,2.0
107,s_curve|mf|K2|bbunet|dp0.5,/data/home/llim/FMPCC/FM-PCC/logs/UAV_MIX/uav-s_curve/plans(Bf_U5)/mix_uav_mf/H8_Dmodels.mf_diffusion.MeanFlowODE_9D_dp0.5_bbunet/Emf_K2_mpc4_pid_stopgo_T0.5,6,test,s_curve_bounds+dynamics+geo_bounds+halfspace+obstacles,dpcc-c,dpcc-c,False,s_curve,mf,2.0,4.0,pid_stopgo,0.5,,unet,Gen15,2.0,5.0,0.3,best,fm_only,none,cuda,,2.0
107,s_curve|mf|K2|bbunet|dp0.5,/data/home/llim/FMPCC/FM-PCC/logs/UAV_MIX/uav-s_curve/plans(Bf_U5)/mix_uav_mf/H8_Dmodels.mf_diffusion.MeanFlowODE_9D_dp0.5_bbunet/Emf_K2_mpc4_pid_stopgo_T0.5,6,test,s_curve_bounds+dynamics+geo_bounds+halfspace+obstacles,dpcc-c-tightened,dpcc-c,True,s_curve,mf,2.0,4.0,pid_stopgo,0.5,,unet,Gen15,2.0,5.0,0.3,best,fm_only,none,cuda,,2.0
107,s_curve|mf|K2|bbunet|dp0.5,/data/home/llim/FMPCC/FM-PCC/logs/UAV_MIX/uav-s_curve/plans(Bf_U5)/mix_uav_mf/H8_Dmodels.mf_diffusion.MeanFlowODE_9D_dp0.5_bbunet/Emf_K2_mpc4_pid_stopgo_T0.5,6,test,s_curve_bounds+dynamics+geo_bounds+halfspace+obstacles,dpcc-r,dpcc-r,False,s_curve,mf,2.0,4.0,pid_stopgo,0.5,,unet,Gen15,2.0,5.0,0.3,best,fm_only,none,cuda,,2.0
107,s_curve|mf|K2|bbunet|dp0.5,/data/home/llim/FMPCC/FM-PCC/logs/UAV_MIX/uav-s_curve/plans(Bf_U5)/mix_uav_mf/H8_Dmodels.mf_diffusion.MeanFlowODE_9D_dp0.5_bbunet/Emf_K2_mpc4_pid_stopgo_T0.5,6,test,s_curve_bounds+dynamics+geo_bounds+halfspace+obstacles,dpcc-r-tightened,dpcc-r,True,s_curve,mf,2.0,4.0,pid_stopgo,0.5,,unet,Gen15,2.0,5.0,0.3,best,fm_only,none,cuda,,2.0
107,s_curve|mf|K2|bbunet|dp0.5,/data/home/llim/FMPCC/FM-PCC/logs/UAV_MIX/uav-s_curve/plans(Bf_U5)/mix_uav_mf/H8_Dmodels.mf_diffusion.MeanFlowODE_9D_dp0.5_bbunet/Emf_K2_mpc4_pid_stopgo_T0.5,6,test,s_curve_bounds+dynamics+geo_bounds+halfspace+obstacles,dpcc-t,dpcc-t,False,s_curve,mf,2.0,4.0,pid_stopgo,0.5,,unet,Gen15,2.0,5.0,0.3,best,fm_only,none,cuda,,2.0
107,s_curve|mf|K2|bbunet|dp0.5,/data/home/llim/FMPCC/FM-PCC/logs/UAV_MIX/uav-s_curve/plans(Bf_U5)/mix_uav_mf/H8_Dmodels.mf_diffusion.MeanFlowODE_9D_dp0.5_bbunet/Emf_K2_mpc4_pid_stopgo_T0.5,6,test,s_curve_bounds+dynamics+geo_bounds+halfspace+obstacles,dpcc-t-tightened,dpcc-t,True,s_curve,mf,2.0,4.0,pid_stopgo,0.5,,unet,Gen15,2.0,5.0,0.3,best,fm_only,none,cuda,,2.0
107,s_curve|mf|K2|bbunet|dp0.5,/data/home/llim/FMPCC/FM-PCC/logs/UAV_MIX/uav-s_curve/plans(Bf_U5)/mix_uav_mf/H8_Dmodels.mf_diffusion.MeanFlowODE_9D_dp0.5_bbunet/Emf_K2_mpc4_pid_stopgo_T0.5,6,test,s_curve_bounds+dynamics+geo_bounds+halfspace+obstacles,geo_free,geo_free,False,s_curve,mf,2.0,4.0,pid_stopgo,0.5,,unet,Gen15,2.0,5.0,0.3,best,fm_only,none,cuda,,2.0
107,s_curve|mf|K2|bbunet|dp0.5,/data/home/llim/FMPCC/FM-PCC/logs/UAV_MIX/uav-s_curve/plans(Bf_U5)/mix_uav_mf/H8_Dmodels.mf_diffusion.MeanFlowODE_9D_dp0.5_bbunet/Emf_K2_mpc4_pid_stopgo_T0.5,6,test,s_curve_bounds+dynamics+geo_bounds+halfspace+obstacles,geo_free-bounds_free,geo_free-bounds_free,False,s_curve,mf,2.0,4.0,pid_stopgo,0.5,,unet,Gen15,2.0,5.0,0.3,best,fm_only,none,cuda,,2.0
107,s_curve|mf|K2|bbunet|dp0.5,/data/home/llim/FMPCC/FM-PCC/logs/UAV_MIX/uav-s_curve/plans(Bf_U5)/mix_uav_mf/H8_Dmodels.mf_diffusion.MeanFlowODE_9D_dp0.5_bbunet/Emf_K2_mpc4_pid_stopgo_T0.5,6,test,s_curve_bounds+dynamics+geo_bounds+halfspace+obstacles,geo_free-model_free,geo_free-model_free,False,s_curve,mf,2.0,4.0,pid_stopgo,0.5,,unet,Gen15,2.0,5.0,0.3,best,fm_only,none,cuda,,2.0
107,s_curve|mf|K2|bbunet|dp0.5,/data/home/llim/FMPCC/FM-PCC/logs/UAV_MIX/uav-s_curve/plans(Bf_U5)/mix_uav_mf/H8_Dmodels.mf_diffusion.MeanFlowODE_9D_dp0.5_bbunet/Emf_K2_mpc4_pid_stopgo_T0.5,6,test,s_curve_bounds+dynamics+geo_bounds+halfspace+obstacles,gradient,gradient,False,s_curve,mf,2.0,4.0,pid_stopgo,0.5,,unet,Gen15,2.0,5.0,0.3,best,fm_only,none,cuda,,2.0
107,s_curve|mf|K2|bbunet|dp0.5,/data/home/llim/FMPCC/FM-PCC/logs/UAV_MIX/uav-s_curve/plans(Bf_U5)/mix_uav_mf/H8_Dmodels.mf_diffusion.MeanFlowODE_9D_dp0.5_bbunet/Emf_K2_mpc4_pid_stopgo_T0.5,6,test,s_curve_bounds+dynamics+geo_bounds+halfspace+obstacles,gradient-tightened,gradient,True,s_curve,mf,2.0,4.0,pid_stopgo,0.5,,unet,Gen15,2.0,5.0,0.3,best,fm_only,none,cuda,,2.0
107,s_curve|mf|K2|bbunet|dp0.5,/data/home/llim/FMPCC/FM-PCC/logs/UAV_MIX/uav-s_curve/plans(Bf_U5)/mix_uav_mf/H8_Dmodels.mf_diffusion.MeanFlowODE_9D_dp0.5_bbunet/Emf_K2_mpc4_pid_stopgo_T0.5,6,test,s_curve_bounds+dynamics+geo_bounds+halfspace+obstacles,model_free,model_free,False,s_curve,mf,2.0,4.0,pid_stopgo,0.5,,unet,Gen15,2.0,5.0,0.3,best,fm_only,none,cuda,,2.0
107,s_curve|mf|K2|bbunet|dp0.5,/data/home/llim/FMPCC/FM-PCC/logs/UAV_MIX/uav-s_curve/plans(Bf_U5)/mix_uav_mf/H8_Dmodels.mf_diffusion.MeanFlowODE_9D_dp0.5_bbunet/Emf_K2_mpc4_pid_stopgo_T0.5,6,test,s_curve_bounds+dynamics+geo_bounds+halfspace+obstacles,model_free-bounds_free,model_free-bounds_free,False,s_curve,mf,2.0,4.0,pid_stopgo,0.5,,unet,Gen15,2.0,5.0,0.3,best,fm_only,none,cuda,,2.0
107,s_curve|mf|K2|bbunet|dp0.5,/data/home/llim/FMPCC/FM-PCC/logs/UAV_MIX/uav-s_curve/plans(Bf_U5)/mix_uav_mf/H8_Dmodels.mf_diffusion.MeanFlowODE_9D_dp0.5_bbunet/Emf_K2_mpc4_pid_stopgo_T0.5,6,test,s_curve_bounds+dynamics+geo_bounds+halfspace+obstacles,model_free-bounds_free-tightened,model_free-bounds_free,True,s_curve,mf,2.0,4.0,pid_stopgo,0.5,,unet,Gen15,2.0,5.0,0.3,best,fm_only,none,cuda,,2.0
107,s_curve|mf|K2|bbunet|dp0.5,/data/home/llim/FMPCC/FM-PCC/logs/UAV_MIX/uav-s_curve/plans(Bf_U5)/mix_uav_mf/H8_Dmodels.mf_diffusion.MeanFlowODE_9D_dp0.5_bbunet/Emf_K2_mpc4_pid_stopgo_T0.5,6,test,s_curve_bounds+dynamics+geo_bounds+halfspace+obstacles,model_free-tightened,model_free,True,s_curve,mf,2.0,4.0,pid_stopgo,0.5,,unet,Gen15,2.0,5.0,0.3,best,fm_only,none,cuda,,2.0
107,s_curve|mf|K2|bbunet|dp0.5,/data/home/llim/FMPCC/FM-PCC/logs/UAV_MIX/uav-s_curve/plans(Bf_U5)/mix_uav_mf/H8_Dmodels.mf_diffusion.MeanFlowODE_9D_dp0.5_bbunet/Emf_K2_mpc4_pid_stopgo_T0.5,6,test,s_curve_bounds+dynamics+geo_bounds+halfspace+obstacles,post_processing,post_processing,False,s_curve,mf,2.0,4.0,pid_stopgo,0.5,,unet,Gen15,2.0,5.0,0.3,best,fm_only,none,cuda,,2.0
107,s_curve|mf|K2|bbunet|dp0.5,/data/home/llim/FMPCC/FM-PCC/logs/UAV_MIX/uav-s_curve/plans(Bf_U5)/mix_uav_mf/H8_Dmodels.mf_diffusion.MeanFlowODE_9D_dp0.5_bbunet/Emf_K2_mpc4_pid_stopgo_T0.5,6,test,s_curve_bounds+dynamics+geo_bounds+halfspace+obstacles,post_processing-tightened,post_processing,True,s_curve,mf,2.0,4.0,pid_stopgo,0.5,,unet,Gen15,2.0,5.0,0.3,best,fm_only,none,cuda,,2.0
108,s_curve|mf|K5|bbunet|dp0.5,/data/home/llim/FMPCC/FM-PCC/logs/UAV_MIX/uav-s_curve/plans(Bf_U5)/mix_uav_mf/H8_Dmodels.mf_diffusion.MeanFlowODE_9D_dp0.5_bbunet/Emf_K5_mpc4_pid_stopgo_T0.5,6,test,s_curve_bounds+dynamics+geo_bounds+halfspace+obstacles,bounds_free,bounds_free,False,s_curve,mf,5.0,4.0,pid_stopgo,0.5,,unet,Gen15,5.0,5.0,0.3,best,fm_only,none,cuda,,5.0
108,s_curve|mf|K5|bbunet|dp0.5,/data/home/llim/FMPCC/FM-PCC/logs/UAV_MIX/uav-s_curve/plans(Bf_U5)/mix_uav_mf/H8_Dmodels.mf_diffusion.MeanFlowODE_9D_dp0.5_bbunet/Emf_K5_mpc4_pid_stopgo_T0.5,6,test,s_curve_bounds+dynamics+geo_bounds+halfspace+obstacles,bounds_free-tightened,bounds_free,True,s_curve,mf,5.0,4.0,pid_stopgo,0.5,,unet,Gen15,5.0,5.0,0.3,best,fm_only,none,cuda,,5.0
108,s_curve|mf|K5|bbunet|dp0.5,/data/home/llim/FMPCC/FM-PCC/logs/UAV_MIX/uav-s_curve/plans(Bf_U5)/mix_uav_mf/H8_Dmodels.mf_diffusion.MeanFlowODE_9D_dp0.5_bbunet/Emf_K5_mpc4_pid_stopgo_T0.5,6,test,s_curve_bounds+dynamics+geo_bounds+halfspace+obstacles,diffuser,diffuser,False,s_curve,mf,5.0,4.0,pid_stopgo,0.5,,unet,Gen15,5.0,5.0,0.3,best,fm_only,none,cuda,,5.0
108,s_curve|mf|K5|bbunet|dp0.5,/data/home/llim/FMPCC/FM-PCC/logs/UAV_MIX/uav-s_curve/plans(Bf_U5)/mix_uav_mf/H8_Dmodels.mf_diffusion.MeanFlowODE_9D_dp0.5_bbunet/Emf_K5_mpc4_pid_stopgo_T0.5,6,test,s_curve_bounds+dynamics+geo_bounds+halfspace+obstacles,dpcc-c,dpcc-c,False,s_curve,mf,5.0,4.0,pid_stopgo,0.5,,unet,Gen15,5.0,5.0,0.3,best,fm_only,none,cuda,,5.0
108,s_curve|mf|K5|bbunet|dp0.5,/data/home/llim/FMPCC/FM-PCC/logs/UAV_MIX/uav-s_curve/plans(Bf_U5)/mix_uav_mf/H8_Dmodels.mf_diffusion.MeanFlowODE_9D_dp0.5_bbunet/Emf_K5_mpc4_pid_stopgo_T0.5,6,test,s_curve_bounds+dynamics+geo_bounds+halfspace+obstacles,dpcc-c-tightened,dpcc-c,True,s_curve,mf,5.0,4.0,pid_stopgo,0.5,,unet,Gen15,5.0,5.0,0.3,best,fm_only,none,cuda,,5.0
108,s_curve|mf|K5|bbunet|dp0.5,/data/home/llim/FMPCC/FM-PCC/logs/UAV_MIX/uav-s_curve/plans(Bf_U5)/mix_uav_mf/H8_Dmodels.mf_diffusion.MeanFlowODE_9D_dp0.5_bbunet/Emf_K5_mpc4_pid_stopgo_T0.5,6,test,s_curve_bounds+dynamics+geo_bounds+halfspace+obstacles,dpcc-r,dpcc-r,False,s_curve,mf,5.0,4.0,pid_stopgo,0.5,,unet,Gen15,5.0,5.0,0.3,best,fm_only,none,cuda,,5.0
108,s_curve|mf|K5|bbunet|dp0.5,/data/home/llim/FMPCC/FM-PCC/logs/UAV_MIX/uav-s_curve/plans(Bf_U5)/mix_uav_mf/H8_Dmodels.mf_diffusion.MeanFlowODE_9D_dp0.5_bbunet/Emf_K5_mpc4_pid_stopgo_T0.5,6,test,s_curve_bounds+dynamics+geo_bounds+halfspace+obstacles,dpcc-r-tightened,dpcc-r,True,s_curve,mf,5.0,4.0,pid_stopgo,0.5,,unet,Gen15,5.0,5.0,0.3,best,fm_only,none,cuda,,5.0
108,s_curve|mf|K5|bbunet|dp0.5,/data/home/llim/FMPCC/FM-PCC/logs/UAV_MIX/uav-s_curve/plans(Bf_U5)/mix_uav_mf/H8_Dmodels.mf_diffusion.MeanFlowODE_9D_dp0.5_bbunet/Emf_K5_mpc4_pid_stopgo_T0.5,6,test,s_curve_bounds+dynamics+geo_bounds+halfspace+obstacles,dpcc-t,dpcc-t,False,s_curve,mf,5.0,4.0,pid_stopgo,0.5,,unet,Gen15,5.0,5.0,0.3,best,fm_only,none,cuda,,5.0
108,s_curve|mf|K5|bbunet|dp0.5,/data/home/llim/FMPCC/FM-PCC/logs/UAV_MIX/uav-s_curve/plans(Bf_U5)/mix_uav_mf/H8_Dmodels.mf_diffusion.MeanFlowODE_9D_dp0.5_bbunet/Emf_K5_mpc4_pid_stopgo_T0.5,6,test,s_curve_bounds+dynamics+geo_bounds+halfspace+obstacles,dpcc-t-tightened,dpcc-t,True,s_curve,mf,5.0,4.0,pid_stopgo,0.5,,unet,Gen15,5.0,5.0,0.3,best,fm_only,none,cuda,,5.0
108,s_curve|mf|K5|bbunet|dp0.5,/data/home/llim/FMPCC/FM-PCC/logs/UAV_MIX/uav-s_curve/plans(Bf_U5)/mix_uav_mf/H8_Dmodels.mf_diffusion.MeanFlowODE_9D_dp0.5_bbunet/Emf_K5_mpc4_pid_stopgo_T0.5,6,test,s_curve_bounds+dynamics+geo_bounds+halfspace+obstacles,geo_free,geo_free,False,s_curve,mf,5.0,4.0,pid_stopgo,0.5,,unet,Gen15,5.0,5.0,0.3,best,fm_only,none,cuda,,5.0
108,s_curve|mf|K5|bbunet|dp0.5,/data/home/llim/FMPCC/FM-PCC/logs/UAV_MIX/uav-s_curve/plans(Bf_U5)/mix_uav_mf/H8_Dmodels.mf_diffusion.MeanFlowODE_9D_dp0.5_bbunet/Emf_K5_mpc4_pid_stopgo_T0.5,6,test,s_curve_bounds+dynamics+geo_bounds+halfspace+obstacles,geo_free-bounds_free,geo_free-bounds_free,False,s_curve,mf,5.0,4.0,pid_stopgo,0.5,,unet,Gen15,5.0,5.0,0.3,best,fm_only,none,cuda,,5.0
108,s_curve|mf|K5|bbunet|dp0.5,/data/home/llim/FMPCC/FM-PCC/logs/UAV_MIX/uav-s_curve/plans(Bf_U5)/mix_uav_mf/H8_Dmodels.mf_diffusion.MeanFlowODE_9D_dp0.5_bbunet/Emf_K5_mpc4_pid_stopgo_T0.5,6,test,s_curve_bounds+dynamics+geo_bounds+halfspace+obstacles,geo_free-model_free,geo_free-model_free,False,s_curve,mf,5.0,4.0,pid_stopgo,0.5,,unet,Gen15,5.0,5.0,0.3,best,fm_only,none,cuda,,5.0
108,s_curve|mf|K5|bbunet|dp0.5,/data/home/llim/FMPCC/FM-PCC/logs/UAV_MIX/uav-s_curve/plans(Bf_U5)/mix_uav_mf/H8_Dmodels.mf_diffusion.MeanFlowODE_9D_dp0.5_bbunet/Emf_K5_mpc4_pid_stopgo_T0.5,6,test,s_curve_bounds+dynamics+geo_bounds+halfspace+obstacles,gradient,gradient,False,s_curve,mf,5.0,4.0,pid_stopgo,0.5,,unet,Gen15,5.0,5.0,0.3,best,fm_only,none,cuda,,5.0
108,s_curve|mf|K5|bbunet|dp0.5,/data/home/llim/FMPCC/FM-PCC/logs/UAV_MIX/uav-s_curve/plans(Bf_U5)/mix_uav_mf/H8_Dmodels.mf_diffusion.MeanFlowODE_9D_dp0.5_bbunet/Emf_K5_mpc4_pid_stopgo_T0.5,6,test,s_curve_bounds+dynamics+geo_bounds+halfspace+obstacles,gradient-tightened,gradient,True,s_curve,mf,5.0,4.0,pid_stopgo,0.5,,unet,Gen15,5.0,5.0,0.3,best,fm_only,none,cuda,,5.0
108,s_curve|mf|K5|bbunet|dp0.5,/data/home/llim/FMPCC/FM-PCC/logs/UAV_MIX/uav-s_curve/plans(Bf_U5)/mix_uav_mf/H8_Dmodels.mf_diffusion.MeanFlowODE_9D_dp0.5_bbunet/Emf_K5_mpc4_pid_stopgo_T0.5,6,test,s_curve_bounds+dynamics+geo_bounds+halfspace+obstacles,model_free,model_free,False,s_curve,mf,5.0,4.0,pid_stopgo,0.5,,unet,Gen15,5.0,5.0,0.3,best,fm_only,none,cuda,,5.0
108,s_curve|mf|K5|bbunet|dp0.5,/data/home/llim/FMPCC/FM-PCC/logs/UAV_MIX/uav-s_curve/plans(Bf_U5)/mix_uav_mf/H8_Dmodels.mf_diffusion.MeanFlowODE_9D_dp0.5_bbunet/Emf_K5_mpc4_pid_stopgo_T0.5,6,test,s_curve_bounds+dynamics+geo_bounds+halfspace+obstacles,model_free-bounds_free,model_free-bounds_free,False,s_curve,mf,5.0,4.0,pid_stopgo,0.5,,unet,Gen15,5.0,5.0,0.3,best,fm_only,none,cuda,,5.0
108,s_curve|mf|K5|bbunet|dp0.5,/data/home/llim/FMPCC/FM-PCC/logs/UAV_MIX/uav-s_curve/plans(Bf_U5)/mix_uav_mf/H8_Dmodels.mf_diffusion.MeanFlowODE_9D_dp0.5_bbunet/Emf_K5_mpc4_pid_stopgo_T0.5,6,test,s_curve_bounds+dynamics+geo_bounds+halfspace+obstacles,model_free-bounds_free-tightened,model_free-bounds_free,True,s_curve,mf,5.0,4.0,pid_stopgo,0.5,,unet,Gen15,5.0,5.0,0.3,best,fm_only,none,cuda,,5.0
108,s_curve|mf|K5|bbunet|dp0.5,/data/home/llim/FMPCC/FM-PCC/logs/UAV_MIX/uav-s_curve/plans(Bf_U5)/mix_uav_mf/H8_Dmodels.mf_diffusion.MeanFlowODE_9D_dp0.5_bbunet/Emf_K5_mpc4_pid_stopgo_T0.5,6,test,s_curve_bounds+dynamics+geo_bounds+halfspace+obstacles,model_free-tightened,model_free,True,s_curve,mf,5.0,4.0,pid_stopgo,0.5,,unet,Gen15,5.0,5.0,0.3,best,fm_only,none,cuda,,5.0
108,s_curve|mf|K5|bbunet|dp0.5,/data/home/llim/FMPCC/FM-PCC/logs/UAV_MIX/uav-s_curve/plans(Bf_U5)/mix_uav_mf/H8_Dmodels.mf_diffusion.MeanFlowODE_9D_dp0.5_bbunet/Emf_K5_mpc4_pid_stopgo_T0.5,6,test,s_curve_bounds+dynamics+geo_bounds+halfspace+obstacles,post_processing,post_processing,False,s_curve,mf,5.0,4.0,pid_stopgo,0.5,,unet,Gen15,5.0,5.0,0.3,best,fm_only,none,cuda,,5.0
108,s_curve|mf|K5|bbunet|dp0.5,/data/home/llim/FMPCC/FM-PCC/logs/UAV_MIX/uav-s_curve/plans(Bf_U5)/mix_uav_mf/H8_Dmodels.mf_diffusion.MeanFlowODE_9D_dp0.5_bbunet/Emf_K5_mpc4_pid_stopgo_T0.5,6,test,s_curve_bounds+dynamics+geo_bounds+halfspace+obstacles,post_processing-tightened,post_processing,True,s_curve,mf,5.0,4.0,pid_stopgo,0.5,,unet,Gen15,5.0,5.0,0.3,best,fm_only,none,cuda,,5.0
109,s_curve|af|K1|bbunet|@EPlatest_u6unet_ae02,/data/home/llim/FMPCC/FM-PCC/logs/UAV_MIX/uav-s_curve/plans/mix_uav_af/H8_Dmodels.af_diffusion.AlphaFlowODE_9D_as1_ae0.2_bbunet/Eaf_K1_mpc4_pid_stopgo_T0.5_EPlatest_u6unet_ae02,6,test,s_curve_hg_bounds+dynamics+geo_bounds+halfspace+obstacles,diffuser,diffuser,False,s_curve,af,1.0,4.0,pid_stopgo,0.5,EPlatest_u6unet_ae02,unet,Gen15,1.0,10.0,0.3,,fm_only,none,cuda,,1.0
109,s_curve|af|K1|bbunet|@EPlatest_u6unet_ae02,/data/home/llim/FMPCC/FM-PCC/logs/UAV_MIX/uav-s_curve/plans/mix_uav_af/H8_Dmodels.af_diffusion.AlphaFlowODE_9D_as1_ae0.2_bbunet/Eaf_K1_mpc4_pid_stopgo_T0.5_EPlatest_u6unet_ae02,6,test,s_curve_hg_bounds+dynamics+geo_bounds+halfspace+obstacles,dpcc-c,dpcc-c,False,s_curve,af,1.0,4.0,pid_stopgo,0.5,EPlatest_u6unet_ae02,unet,Gen15,1.0,10.0,0.3,,fm_only,none,cuda,,1.0
109,s_curve|af|K1|bbunet|@EPlatest_u6unet_ae02,/data/home/llim/FMPCC/FM-PCC/logs/UAV_MIX/uav-s_curve/plans/mix_uav_af/H8_Dmodels.af_diffusion.AlphaFlowODE_9D_as1_ae0.2_bbunet/Eaf_K1_mpc4_pid_stopgo_T0.5_EPlatest_u6unet_ae02,6,test,s_curve_hg_bounds+dynamics+geo_bounds+halfspace+obstacles,dpcc-c-geo_free,dpcc-c-geo_free,False,s_curve,af,1.0,4.0,pid_stopgo,0.5,EPlatest_u6unet_ae02,unet,Gen15,1.0,10.0,0.3,,fm_only,none,cuda,,1.0
109,s_curve|af|K1|bbunet|@EPlatest_u6unet_ae02,/data/home/llim/FMPCC/FM-PCC/logs/UAV_MIX/uav-s_curve/plans/mix_uav_af/H8_Dmodels.af_diffusion.AlphaFlowODE_9D_as1_ae0.2_bbunet/Eaf_K1_mpc4_pid_stopgo_T0.5_EPlatest_u6unet_ae02,6,test,s_curve_hg_bounds+dynamics+geo_bounds+halfspace+obstacles,dpcc-c-tightened,dpcc-c,True,s_curve,af,1.0,4.0,pid_stopgo,0.5,EPlatest_u6unet_ae02,unet,Gen15,1.0,10.0,0.3,,fm_only,none,cuda,,1.0
109,s_curve|af|K1|bbunet|@EPlatest_u6unet_ae02,/data/home/llim/FMPCC/FM-PCC/logs/UAV_MIX/uav-s_curve/plans/mix_uav_af/H8_Dmodels.af_diffusion.AlphaFlowODE_9D_as1_ae0.2_bbunet/Eaf_K1_mpc4_pid_stopgo_T0.5_EPlatest_u6unet_ae02,6,test,s_curve_hg_bounds+dynamics+geo_bounds+halfspace+obstacles,dpcc-r,dpcc-r,False,s_curve,af,1.0,4.0,pid_stopgo,0.5,EPlatest_u6unet_ae02,unet,Gen15,1.0,10.0,0.3,,fm_only,none,cuda,,1.0
109,s_curve|af|K1|bbunet|@EPlatest_u6unet_ae02,/data/home/llim/FMPCC/FM-PCC/logs/UAV_MIX/uav-s_curve/plans/mix_uav_af/H8_Dmodels.af_diffusion.AlphaFlowODE_9D_as1_ae0.2_bbunet/Eaf_K1_mpc4_pid_stopgo_T0.5_EPlatest_u6unet_ae02,6,test,s_curve_hg_bounds+dynamics+geo_bounds+halfspace+obstacles,dpcc-r-geo_free,dpcc-r-geo_free,False,s_curve,af,1.0,4.0,pid_stopgo,0.5,EPlatest_u6unet_ae02,unet,Gen15,1.0,10.0,0.3,,fm_only,none,cuda,,1.0
109,s_curve|af|K1|bbunet|@EPlatest_u6unet_ae02,/data/home/llim/FMPCC/FM-PCC/logs/UAV_MIX/uav-s_curve/plans/mix_uav_af/H8_Dmodels.af_diffusion.AlphaFlowODE_9D_as1_ae0.2_bbunet/Eaf_K1_mpc4_pid_stopgo_T0.5_EPlatest_u6unet_ae02,6,test,s_curve_hg_bounds+dynamics+geo_bounds+halfspace+obstacles,dpcc-r-tightened,dpcc-r,True,s_curve,af,1.0,4.0,pid_stopgo,0.5,EPlatest_u6unet_ae02,unet,Gen15,1.0,10.0,0.3,,fm_only,none,cuda,,1.0
109,s_curve|af|K1|bbunet|@EPlatest_u6unet_ae02,/data/home/llim/FMPCC/FM-PCC/logs/UAV_MIX/uav-s_curve/plans/mix_uav_af/H8_Dmodels.af_diffusion.AlphaFlowODE_9D_as1_ae0.2_bbunet/Eaf_K1_mpc4_pid_stopgo_T0.5_EPlatest_u6unet_ae02,6,test,s_curve_hg_bounds+dynamics+geo_bounds+halfspace+obstacles,dpcc-t,dpcc-t,False,s_curve,af,1.0,4.0,pid_stopgo,0.5,EPlatest_u6unet_ae02,unet,Gen15,1.0,10.0,0.3,,fm_only,none,cuda,,1.0
109,s_curve|af|K1|bbunet|@EPlatest_u6unet_ae02,/data/home/llim/FMPCC/FM-PCC/logs/UAV_MIX/uav-s_curve/plans/mix_uav_af/H8_Dmodels.af_diffusion.AlphaFlowODE_9D_as1_ae0.2_bbunet/Eaf_K1_mpc4_pid_stopgo_T0.5_EPlatest_u6unet_ae02,6,test,s_curve_hg_bounds+dynamics+geo_bounds+halfspace+obstacles,dpcc-t-geo_free,dpcc-t-geo_free,False,s_curve,af,1.0,4.0,pid_stopgo,0.5,EPlatest_u6unet_ae02,unet,Gen15,1.0,10.0,0.3,,fm_only,none,cuda,,1.0
109,s_curve|af|K1|bbunet|@EPlatest_u6unet_ae02,/data/home/llim/FMPCC/FM-PCC/logs/UAV_MIX/uav-s_curve/plans/mix_uav_af/H8_Dmodels.af_diffusion.AlphaFlowODE_9D_as1_ae0.2_bbunet/Eaf_K1_mpc4_pid_stopgo_T0.5_EPlatest_u6unet_ae02,6,test,s_curve_hg_bounds+dynamics+geo_bounds+halfspace+obstacles,dpcc-t-tightened,dpcc-t,True,s_curve,af,1.0,4.0,pid_stopgo,0.5,EPlatest_u6unet_ae02,unet,Gen15,1.0,10.0,0.3,,fm_only,none,cuda,,1.0
110,s_curve|af|K2|bbunet|@EPlatest_u6unet_ae02,/data/home/llim/FMPCC/FM-PCC/logs/UAV_MIX/uav-s_curve/plans/mix_uav_af/H8_Dmodels.af_diffusion.AlphaFlowODE_9D_as1_ae0.2_bbunet/Eaf_K2_mpc4_pid_stopgo_T0.5_EPlatest_u6unet_ae02,6,test,s_curve_hg_bounds+dynamics+geo_bounds+halfspace+obstacles,diffuser,diffuser,False,s_curve,af,2.0,4.0,pid_stopgo,0.5,EPlatest_u6unet_ae02,unet,Gen15,2.0,10.0,0.3,,fm_only,none,cuda,,2.0
110,s_curve|af|K2|bbunet|@EPlatest_u6unet_ae02,/data/home/llim/FMPCC/FM-PCC/logs/UAV_MIX/uav-s_curve/plans/mix_uav_af/H8_Dmodels.af_diffusion.AlphaFlowODE_9D_as1_ae0.2_bbunet/Eaf_K2_mpc4_pid_stopgo_T0.5_EPlatest_u6unet_ae02,6,test,s_curve_hg_bounds+dynamics+geo_bounds+halfspace+obstacles,dpcc-c,dpcc-c,False,s_curve,af,2.0,4.0,pid_stopgo,0.5,EPlatest_u6unet_ae02,unet,Gen15,2.0,10.0,0.3,,fm_only,none,cuda,,2.0
110,s_curve|af|K2|bbunet|@EPlatest_u6unet_ae02,/data/home/llim/FMPCC/FM-PCC/logs/UAV_MIX/uav-s_curve/plans/mix_uav_af/H8_Dmodels.af_diffusion.AlphaFlowODE_9D_as1_ae0.2_bbunet/Eaf_K2_mpc4_pid_stopgo_T0.5_EPlatest_u6unet_ae02,6,test,s_curve_hg_bounds+dynamics+geo_bounds+halfspace+obstacles,dpcc-c-geo_free,dpcc-c-geo_free,False,s_curve,af,2.0,4.0,pid_stopgo,0.5,EPlatest_u6unet_ae02,unet,Gen15,2.0,10.0,0.3,,fm_only,none,cuda,,2.0
110,s_curve|af|K2|bbunet|@EPlatest_u6unet_ae02,/data/home/llim/FMPCC/FM-PCC/logs/UAV_MIX/uav-s_curve/plans/mix_uav_af/H8_Dmodels.af_diffusion.AlphaFlowODE_9D_as1_ae0.2_bbunet/Eaf_K2_mpc4_pid_stopgo_T0.5_EPlatest_u6unet_ae02,6,test,s_curve_hg_bounds+dynamics+geo_bounds+halfspace+obstacles,dpcc-c-tightened,dpcc-c,True,s_curve,af,2.0,4.0,pid_stopgo,0.5,EPlatest_u6unet_ae02,unet,Gen15,2.0,10.0,0.3,,fm_only,none,cuda,,2.0
110,s_curve|af|K2|bbunet|@EPlatest_u6unet_ae02,/data/home/llim/FMPCC/FM-PCC/logs/UAV_MIX/uav-s_curve/plans/mix_uav_af/H8_Dmodels.af_diffusion.AlphaFlowODE_9D_as1_ae0.2_bbunet/Eaf_K2_mpc4_pid_stopgo_T0.5_EPlatest_u6unet_ae02,6,test,s_curve_hg_bounds+dynamics+geo_bounds+halfspace+obstacles,dpcc-r,dpcc-r,False,s_curve,af,2.0,4.0,pid_stopgo,0.5,EPlatest_u6unet_ae02,unet,Gen15,2.0,10.0,0.3,,fm_only,none,cuda,,2.0
110,s_curve|af|K2|bbunet|@EPlatest_u6unet_ae02,/data/home/llim/FMPCC/FM-PCC/logs/UAV_MIX/uav-s_curve/plans/mix_uav_af/H8_Dmodels.af_diffusion.AlphaFlowODE_9D_as1_ae0.2_bbunet/Eaf_K2_mpc4_pid_stopgo_T0.5_EPlatest_u6unet_ae02,6,test,s_curve_hg_bounds+dynamics+geo_bounds+halfspace+obstacles,dpcc-r-geo_free,dpcc-r-geo_free,False,s_curve,af,2.0,4.0,pid_stopgo,0.5,EPlatest_u6unet_ae02,unet,Gen15,2.0,10.0,0.3,,fm_only,none,cuda,,2.0
110,s_curve|af|K2|bbunet|@EPlatest_u6unet_ae02,/data/home/llim/FMPCC/FM-PCC/logs/UAV_MIX/uav-s_curve/plans/mix_uav_af/H8_Dmodels.af_diffusion.AlphaFlowODE_9D_as1_ae0.2_bbunet/Eaf_K2_mpc4_pid_stopgo_T0.5_EPlatest_u6unet_ae02,6,test,s_curve_hg_bounds+dynamics+geo_bounds+halfspace+obstacles,dpcc-r-tightened,dpcc-r,True,s_curve,af,2.0,4.0,pid_stopgo,0.5,EPlatest_u6unet_ae02,unet,Gen15,2.0,10.0,0.3,,fm_only,none,cuda,,2.0
110,s_curve|af|K2|bbunet|@EPlatest_u6unet_ae02,/data/home/llim/FMPCC/FM-PCC/logs/UAV_MIX/uav-s_curve/plans/mix_uav_af/H8_Dmodels.af_diffusion.AlphaFlowODE_9D_as1_ae0.2_bbunet/Eaf_K2_mpc4_pid_stopgo_T0.5_EPlatest_u6unet_ae02,6,test,s_curve_hg_bounds+dynamics+geo_bounds+halfspace+obstacles,dpcc-t,dpcc-t,False,s_curve,af,2.0,4.0,pid_stopgo,0.5,EPlatest_u6unet_ae02,unet,Gen15,2.0,10.0,0.3,,fm_only,none,cuda,,2.0
110,s_curve|af|K2|bbunet|@EPlatest_u6unet_ae02,/data/home/llim/FMPCC/FM-PCC/logs/UAV_MIX/uav-s_curve/plans/mix_uav_af/H8_Dmodels.af_diffusion.AlphaFlowODE_9D_as1_ae0.2_bbunet/Eaf_K2_mpc4_pid_stopgo_T0.5_EPlatest_u6unet_ae02,6,test,s_curve_hg_bounds+dynamics+geo_bounds+halfspace+obstacles,dpcc-t-geo_free,dpcc-t-geo_free,False,s_curve,af,2.0,4.0,pid_stopgo,0.5,EPlatest_u6unet_ae02,unet,Gen15,2.0,10.0,0.3,,fm_only,none,cuda,,2.0
110,s_curve|af|K2|bbunet|@EPlatest_u6unet_ae02,/data/home/llim/FMPCC/FM-PCC/logs/UAV_MIX/uav-s_curve/plans/mix_uav_af/H8_Dmodels.af_diffusion.AlphaFlowODE_9D_as1_ae0.2_bbunet/Eaf_K2_mpc4_pid_stopgo_T0.5_EPlatest_u6unet_ae02,6,test,s_curve_hg_bounds+dynamics+geo_bounds+halfspace+obstacles,dpcc-t-tightened,dpcc-t,True,s_curve,af,2.0,4.0,pid_stopgo,0.5,EPlatest_u6unet_ae02,unet,Gen15,2.0,10.0,0.3,,fm_only,none,cuda,,2.0
111,s_curve|af|K5|bbunet|@EPlatest_u18sc,/data/home/llim/FMPCC/FM-PCC/logs/UAV_MIX/uav-s_curve/plans/mix_uav_af/H8_Dmodels.af_diffusion.AlphaFlowODE_9D_as1_ae0.2_bbunet/Eaf_K5_mpc4_pid_stopgo_T0.5_EPlatest_u18sc,6,test,s_curve_hg_bounds+dynamics+geo_bounds+halfspace+obstacles,diffuser,diffuser,False,s_curve,af,5.0,4.0,pid_stopgo,0.5,EPlatest_u18sc,unet,Gen15,5.0,10.0,0.3,,fm_only,none,cuda,,5.0
111,s_curve|af|K5|bbunet|@EPlatest_u18sc,/data/home/llim/FMPCC/FM-PCC/logs/UAV_MIX/uav-s_curve/plans/mix_uav_af/H8_Dmodels.af_diffusion.AlphaFlowODE_9D_as1_ae0.2_bbunet/Eaf_K5_mpc4_pid_stopgo_T0.5_EPlatest_u18sc,6,test,s_curve_hg_bounds+dynamics+geo_bounds+halfspace+obstacles,dpcc-t,dpcc-t,False,s_curve,af,5.0,4.0,pid_stopgo,0.5,EPlatest_u18sc,unet,Gen15,5.0,10.0,0.3,,fm_only,none,cuda,,5.0
111,s_curve|af|K5|bbunet|@EPlatest_u18sc,/data/home/llim/FMPCC/FM-PCC/logs/UAV_MIX/uav-s_curve/plans/mix_uav_af/H8_Dmodels.af_diffusion.AlphaFlowODE_9D_as1_ae0.2_bbunet/Eaf_K5_mpc4_pid_stopgo_T0.5_EPlatest_u18sc,6,test,s_curve_hg_bounds+dynamics+geo_bounds+halfspace+obstacles,hardflow_sls,hardflow_sls,False,s_curve,af,5.0,4.0,pid_stopgo,0.5,EPlatest_u18sc,unet,Gen15,5.0,10.0,0.3,,fm_only,none,cuda,,5.0
111,s_curve|af|K5|bbunet|@EPlatest_u18sc,/data/home/llim/FMPCC/FM-PCC/logs/UAV_MIX/uav-s_curve/plans/mix_uav_af/H8_Dmodels.af_diffusion.AlphaFlowODE_9D_as1_ae0.2_bbunet/Eaf_K5_mpc4_pid_stopgo_T0.5_EPlatest_u18sc,6,test,s_curve_hg_bounds+dynamics+geo_bounds+halfspace+obstacles,hardflow_sls-c,hardflow_sls-c,False,s_curve,af,5.0,4.0,pid_stopgo,0.5,EPlatest_u18sc,unet,Gen15,5.0,10.0,0.3,,fm_only,none,cuda,,5.0
111,s_curve|af|K5|bbunet|@EPlatest_u18sc,/data/home/llim/FMPCC/FM-PCC/logs/UAV_MIX/uav-s_curve/plans/mix_uav_af/H8_Dmodels.af_diffusion.AlphaFlowODE_9D_as1_ae0.2_bbunet/Eaf_K5_mpc4_pid_stopgo_T0.5_EPlatest_u18sc,6,test,s_curve_hg_bounds+dynamics+geo_bounds+halfspace+obstacles,hardflow_sls-r,hardflow_sls-r,False,s_curve,af,5.0,4.0,pid_stopgo,0.5,EPlatest_u18sc,unet,Gen15,5.0,10.0,0.3,,fm_only,none,cuda,,5.0
111,s_curve|af|K5|bbunet|@EPlatest_u18sc,/data/home/llim/FMPCC/FM-PCC/logs/UAV_MIX/uav-s_curve/plans/mix_uav_af/H8_Dmodels.af_diffusion.AlphaFlowODE_9D_as1_ae0.2_bbunet/Eaf_K5_mpc4_pid_stopgo_T0.5_EPlatest_u18sc,6,test,s_curve_hg_bounds+dynamics+geo_bounds+halfspace+obstacles,hardflow_sls-t,hardflow_sls-t,False,s_curve,af,5.0,4.0,pid_stopgo,0.5,EPlatest_u18sc,unet,Gen15,5.0,10.0,0.3,,fm_only,none,cuda,,5.0
112,s_curve|af|K5|bbunet|@EPlatest_u6unet_ae02,/data/home/llim/FMPCC/FM-PCC/logs/UAV_MIX/uav-s_curve/plans/mix_uav_af/H8_Dmodels.af_diffusion.AlphaFlowODE_9D_as1_ae0.2_bbunet/Eaf_K5_mpc4_pid_stopgo_T0.5_EPlatest_u6unet_ae02,6,test,s_curve_hg_bounds+dynamics+geo_bounds+halfspace+obstacles,diffuser,diffuser,False,s_curve,af,5.0,4.0,pid_stopgo,0.5,EPlatest_u6unet_ae02,unet,Gen15,5.0,10.0,0.3,,fm_only,none,cuda,,5.0
112,s_curve|af|K5|bbunet|@EPlatest_u6unet_ae02,/data/home/llim/FMPCC/FM-PCC/logs/UAV_MIX/uav-s_curve/plans/mix_uav_af/H8_Dmodels.af_diffusion.AlphaFlowODE_9D_as1_ae0.2_bbunet/Eaf_K5_mpc4_pid_stopgo_T0.5_EPlatest_u6unet_ae02,6,test,s_curve_hg_bounds+dynamics+geo_bounds+halfspace+obstacles,dpcc-c,dpcc-c,False,s_curve,af,5.0,4.0,pid_stopgo,0.5,EPlatest_u6unet_ae02,unet,Gen15,5.0,10.0,0.3,,fm_only,none,cuda,,5.0
112,s_curve|af|K5|bbunet|@EPlatest_u6unet_ae02,/data/home/llim/FMPCC/FM-PCC/logs/UAV_MIX/uav-s_curve/plans/mix_uav_af/H8_Dmodels.af_diffusion.AlphaFlowODE_9D_as1_ae0.2_bbunet/Eaf_K5_mpc4_pid_stopgo_T0.5_EPlatest_u6unet_ae02,6,test,s_curve_hg_bounds+dynamics+geo_bounds+halfspace+obstacles,dpcc-c-geo_free,dpcc-c-geo_free,False,s_curve,af,5.0,4.0,pid_stopgo,0.5,EPlatest_u6unet_ae02,unet,Gen15,5.0,10.0,0.3,,fm_only,none,cuda,,5.0
112,s_curve|af|K5|bbunet|@EPlatest_u6unet_ae02,/data/home/llim/FMPCC/FM-PCC/logs/UAV_MIX/uav-s_curve/plans/mix_uav_af/H8_Dmodels.af_diffusion.AlphaFlowODE_9D_as1_ae0.2_bbunet/Eaf_K5_mpc4_pid_stopgo_T0.5_EPlatest_u6unet_ae02,6,test,s_curve_hg_bounds+dynamics+geo_bounds+halfspace+obstacles,dpcc-c-tightened,dpcc-c,True,s_curve,af,5.0,4.0,pid_stopgo,0.5,EPlatest_u6unet_ae02,unet,Gen15,5.0,10.0,0.3,,fm_only,none,cuda,,5.0
112,s_curve|af|K5|bbunet|@EPlatest_u6unet_ae02,/data/home/llim/FMPCC/FM-PCC/logs/UAV_MIX/uav-s_curve/plans/mix_uav_af/H8_Dmodels.af_diffusion.AlphaFlowODE_9D_as1_ae0.2_bbunet/Eaf_K5_mpc4_pid_stopgo_T0.5_EPlatest_u6unet_ae02,6,test,s_curve_hg_bounds+dynamics+geo_bounds+halfspace+obstacles,dpcc-r,dpcc-r,False,s_curve,af,5.0,4.0,pid_stopgo,0.5,EPlatest_u6unet_ae02,unet,Gen15,5.0,10.0,0.3,,fm_only,none,cuda,,5.0
112,s_curve|af|K5|bbunet|@EPlatest_u6unet_ae02,/data/home/llim/FMPCC/FM-PCC/logs/UAV_MIX/uav-s_curve/plans/mix_uav_af/H8_Dmodels.af_diffusion.AlphaFlowODE_9D_as1_ae0.2_bbunet/Eaf_K5_mpc4_pid_stopgo_T0.5_EPlatest_u6unet_ae02,6,test,s_curve_hg_bounds+dynamics+geo_bounds+halfspace+obstacles,dpcc-r-geo_free,dpcc-r-geo_free,False,s_curve,af,5.0,4.0,pid_stopgo,0.5,EPlatest_u6unet_ae02,unet,Gen15,5.0,10.0,0.3,,fm_only,none,cuda,,5.0
112,s_curve|af|K5|bbunet|@EPlatest_u6unet_ae02,/data/home/llim/FMPCC/FM-PCC/logs/UAV_MIX/uav-s_curve/plans/mix_uav_af/H8_Dmodels.af_diffusion.AlphaFlowODE_9D_as1_ae0.2_bbunet/Eaf_K5_mpc4_pid_stopgo_T0.5_EPlatest_u6unet_ae02,6,test,s_curve_hg_bounds+dynamics+geo_bounds+halfspace+obstacles,dpcc-r-tightened,dpcc-r,True,s_curve,af,5.0,4.0,pid_stopgo,0.5,EPlatest_u6unet_ae02,unet,Gen15,5.0,10.0,0.3,,fm_only,none,cuda,,5.0
112,s_curve|af|K5|bbunet|@EPlatest_u6unet_ae02,/data/home/llim/FMPCC/FM-PCC/logs/UAV_MIX/uav-s_curve/plans/mix_uav_af/H8_Dmodels.af_diffusion.AlphaFlowODE_9D_as1_ae0.2_bbunet/Eaf_K5_mpc4_pid_stopgo_T0.5_EPlatest_u6unet_ae02,6,test,s_curve_hg_bounds+dynamics+geo_bounds+halfspace+obstacles,dpcc-t,dpcc-t,False,s_curve,af,5.0,4.0,pid_stopgo,0.5,EPlatest_u6unet_ae02,unet,Gen15,5.0,10.0,0.3,,fm_only,none,cuda,,5.0
112,s_curve|af|K5|bbunet|@EPlatest_u6unet_ae02,/data/home/llim/FMPCC/FM-PCC/logs/UAV_MIX/uav-s_curve/plans/mix_uav_af/H8_Dmodels.af_diffusion.AlphaFlowODE_9D_as1_ae0.2_bbunet/Eaf_K5_mpc4_pid_stopgo_T0.5_EPlatest_u6unet_ae02,6,test,s_curve_hg_bounds+dynamics+geo_bounds+halfspace+obstacles,dpcc-t-geo_free,dpcc-t-geo_free,False,s_curve,af,5.0,4.0,pid_stopgo,0.5,EPlatest_u6unet_ae02,unet,Gen15,5.0,10.0,0.3,,fm_only,none,cuda,,5.0
112,s_curve|af|K5|bbunet|@EPlatest_u6unet_ae02,/data/home/llim/FMPCC/FM-PCC/logs/UAV_MIX/uav-s_curve/plans/mix_uav_af/H8_Dmodels.af_diffusion.AlphaFlowODE_9D_as1_ae0.2_bbunet/Eaf_K5_mpc4_pid_stopgo_T0.5_EPlatest_u6unet_ae02,6,test,s_curve_hg_bounds+dynamics+geo_bounds+halfspace+obstacles,dpcc-t-tightened,dpcc-t,True,s_curve,af,5.0,4.0,pid_stopgo,0.5,EPlatest_u6unet_ae02,unet,Gen15,5.0,10.0,0.3,,fm_only,none,cuda,,5.0
112,s_curve|af|K5|bbunet|@EPlatest_u6unet_ae02,/data/home/llim/FMPCC/FM-PCC/logs/UAV_MIX/uav-s_curve/plans/mix_uav_af/H8_Dmodels.af_diffusion.AlphaFlowODE_9D_as1_ae0.2_bbunet/Eaf_K5_mpc4_pid_stopgo_T0.5_EPlatest_u6unet_ae02,6,test,s_curve_hg_bounds+dynamics+geo_bounds+halfspace+obstacles,hardflow_sls,hardflow_sls,False,s_curve,af,5.0,4.0,pid_stopgo,0.5,EPlatest_u6unet_ae02,unet,Gen15,5.0,10.0,0.3,,fm_only,none,cuda,,5.0
112,s_curve|af|K5|bbunet|@EPlatest_u6unet_ae02,/data/home/llim/FMPCC/FM-PCC/logs/UAV_MIX/uav-s_curve/plans/mix_uav_af/H8_Dmodels.af_diffusion.AlphaFlowODE_9D_as1_ae0.2_bbunet/Eaf_K5_mpc4_pid_stopgo_T0.5_EPlatest_u6unet_ae02,6,test,s_curve_hg_bounds+dynamics+geo_bounds+halfspace+obstacles,hardflow_sls-c,hardflow_sls-c,False,s_curve,af,5.0,4.0,pid_stopgo,0.5,EPlatest_u6unet_ae02,unet,Gen15,5.0,10.0,0.3,,fm_only,none,cuda,,5.0
112,s_curve|af|K5|bbunet|@EPlatest_u6unet_ae02,/data/home/llim/FMPCC/FM-PCC/logs/UAV_MIX/uav-s_curve/plans/mix_uav_af/H8_Dmodels.af_diffusion.AlphaFlowODE_9D_as1_ae0.2_bbunet/Eaf_K5_mpc4_pid_stopgo_T0.5_EPlatest_u6unet_ae02,6,test,s_curve_hg_bounds+dynamics+geo_bounds+halfspace+obstacles,hardflow_sls-c-geo_free,hardflow_sls-c-geo_free,False,s_curve,af,5.0,4.0,pid_stopgo,0.5,EPlatest_u6unet_ae02,unet,Gen15,5.0,10.0,0.3,,fm_only,none,cuda,,5.0
112,s_curve|af|K5|bbunet|@EPlatest_u6unet_ae02,/data/home/llim/FMPCC/FM-PCC/logs/UAV_MIX/uav-s_curve/plans/mix_uav_af/H8_Dmodels.af_diffusion.AlphaFlowODE_9D_as1_ae0.2_bbunet/Eaf_K5_mpc4_pid_stopgo_T0.5_EPlatest_u6unet_ae02,6,test,s_curve_hg_bounds+dynamics+geo_bounds+halfspace+obstacles,hardflow_sls-r,hardflow_sls-r,False,s_curve,af,5.0,4.0,pid_stopgo,0.5,EPlatest_u6unet_ae02,unet,Gen15,5.0,10.0,0.3,,fm_only,none,cuda,,5.0
112,s_curve|af|K5|bbunet|@EPlatest_u6unet_ae02,/data/home/llim/FMPCC/FM-PCC/logs/UAV_MIX/uav-s_curve/plans/mix_uav_af/H8_Dmodels.af_diffusion.AlphaFlowODE_9D_as1_ae0.2_bbunet/Eaf_K5_mpc4_pid_stopgo_T0.5_EPlatest_u6unet_ae02,6,test,s_curve_hg_bounds+dynamics+geo_bounds+halfspace+obstacles,hardflow_sls-r-geo_free,hardflow_sls-r-geo_free,False,s_curve,af,5.0,4.0,pid_stopgo,0.5,EPlatest_u6unet_ae02,unet,Gen15,5.0,10.0,0.3,,fm_only,none,cuda,,5.0
112,s_curve|af|K5|bbunet|@EPlatest_u6unet_ae02,/data/home/llim/FMPCC/FM-PCC/logs/UAV_MIX/uav-s_curve/plans/mix_uav_af/H8_Dmodels.af_diffusion.AlphaFlowODE_9D_as1_ae0.2_bbunet/Eaf_K5_mpc4_pid_stopgo_T0.5_EPlatest_u6unet_ae02,6,test,s_curve_hg_bounds+dynamics+geo_bounds+halfspace+obstacles,hardflow_sls-t,hardflow_sls-t,False,s_curve,af,5.0,4.0,pid_stopgo,0.5,EPlatest_u6unet_ae02,unet,Gen15,5.0,10.0,0.3,,fm_only,none,cuda,,5.0
112,s_curve|af|K5|bbunet|@EPlatest_u6unet_ae02,/data/home/llim/FMPCC/FM-PCC/logs/UAV_MIX/uav-s_curve/plans/mix_uav_af/H8_Dmodels.af_diffusion.AlphaFlowODE_9D_as1_ae0.2_bbunet/Eaf_K5_mpc4_pid_stopgo_T0.5_EPlatest_u6unet_ae02,6,test,s_curve_hg_bounds+dynamics+geo_bounds+halfspace+obstacles,hardflow_sls-t-geo_free,hardflow_sls-t-geo_free,False,s_curve,af,5.0,4.0,pid_stopgo,0.5,EPlatest_u6unet_ae02,unet,Gen15,5.0,10.0,0.3,,fm_only,none,cuda,,5.0
113,s_curve|af|K5|bbunet|@EPlatest_u7hg,/data/home/llim/FMPCC/FM-PCC/logs/UAV_MIX/uav-s_curve/plans/mix_uav_af/H8_Dmodels.af_diffusion.AlphaFlowODE_9D_as1_ae0.2_bbunet/Eaf_K5_mpc4_pid_stopgo_T0.5_EPlatest_u7hg,6,test,s_curve_hg_bounds+dynamics+geo_bounds+halfspace+obstacles,diffuser,diffuser,False,s_curve,af,5.0,4.0,pid_stopgo,0.5,EPlatest_u7hg,unet,Gen15,5.0,10.0,0.3,,fm_only,none,cuda,,5.0
113,s_curve|af|K5|bbunet|@EPlatest_u7hg,/data/home/llim/FMPCC/FM-PCC/logs/UAV_MIX/uav-s_curve/plans/mix_uav_af/H8_Dmodels.af_diffusion.AlphaFlowODE_9D_as1_ae0.2_bbunet/Eaf_K5_mpc4_pid_stopgo_T0.5_EPlatest_u7hg,6,test,s_curve_hg_bounds+dynamics+geo_bounds+halfspace+obstacles,dpcc-c,dpcc-c,False,s_curve,af,5.0,4.0,pid_stopgo,0.5,EPlatest_u7hg,unet,Gen15,5.0,10.0,0.3,,fm_only,none,cuda,,5.0
113,s_curve|af|K5|bbunet|@EPlatest_u7hg,/data/home/llim/FMPCC/FM-PCC/logs/UAV_MIX/uav-s_curve/plans/mix_uav_af/H8_Dmodels.af_diffusion.AlphaFlowODE_9D_as1_ae0.2_bbunet/Eaf_K5_mpc4_pid_stopgo_T0.5_EPlatest_u7hg,6,test,s_curve_hg_bounds+dynamics+geo_bounds+halfspace+obstacles,dpcc-r,dpcc-r,False,s_curve,af,5.0,4.0,pid_stopgo,0.5,EPlatest_u7hg,unet,Gen15,5.0,10.0,0.3,,fm_only,none,cuda,,5.0
113,s_curve|af|K5|bbunet|@EPlatest_u7hg,/data/home/llim/FMPCC/FM-PCC/logs/UAV_MIX/uav-s_curve/plans/mix_uav_af/H8_Dmodels.af_diffusion.AlphaFlowODE_9D_as1_ae0.2_bbunet/Eaf_K5_mpc4_pid_stopgo_T0.5_EPlatest_u7hg,6,test,s_curve_hg_bounds+dynamics+geo_bounds+halfspace+obstacles,dpcc-t,dpcc-t,False,s_curve,af,5.0,4.0,pid_stopgo,0.5,EPlatest_u7hg,unet,Gen15,5.0,10.0,0.3,,fm_only,none,cuda,,5.0
113,s_curve|af|K5|bbunet|@EPlatest_u7hg,/data/home/llim/FMPCC/FM-PCC/logs/UAV_MIX/uav-s_curve/plans/mix_uav_af/H8_Dmodels.af_diffusion.AlphaFlowODE_9D_as1_ae0.2_bbunet/Eaf_K5_mpc4_pid_stopgo_T0.5_EPlatest_u7hg,6,test,s_curve_hg_bounds+dynamics+geo_bounds+halfspace+obstacles,dpcc-t-geo_free,dpcc-t-geo_free,False,s_curve,af,5.0,4.0,pid_stopgo,0.5,EPlatest_u7hg,unet,Gen15,5.0,10.0,0.3,,fm_only,none,cuda,,5.0
113,s_curve|af|K5|bbunet|@EPlatest_u7hg,/data/home/llim/FMPCC/FM-PCC/logs/UAV_MIX/uav-s_curve/plans/mix_uav_af/H8_Dmodels.af_diffusion.AlphaFlowODE_9D_as1_ae0.2_bbunet/Eaf_K5_mpc4_pid_stopgo_T0.5_EPlatest_u7hg,6,test,s_curve_hg_bounds+dynamics+geo_bounds+halfspace+obstacles,hardflow_sls,hardflow_sls,False,s_curve,af,5.0,4.0,pid_stopgo,0.5,EPlatest_u7hg,unet,Gen15,5.0,10.0,0.3,,fm_only,none,cuda,,5.0
113,s_curve|af|K5|bbunet|@EPlatest_u7hg,/data/home/llim/FMPCC/FM-PCC/logs/UAV_MIX/uav-s_curve/plans/mix_uav_af/H8_Dmodels.af_diffusion.AlphaFlowODE_9D_as1_ae0.2_bbunet/Eaf_K5_mpc4_pid_stopgo_T0.5_EPlatest_u7hg,6,test,s_curve_hg_bounds+dynamics+geo_bounds+halfspace+obstacles,hardflow_sls-c,hardflow_sls-c,False,s_curve,af,5.0,4.0,pid_stopgo,0.5,EPlatest_u7hg,unet,Gen15,5.0,10.0,0.3,,fm_only,none,cuda,,5.0
113,s_curve|af|K5|bbunet|@EPlatest_u7hg,/data/home/llim/FMPCC/FM-PCC/logs/UAV_MIX/uav-s_curve/plans/mix_uav_af/H8_Dmodels.af_diffusion.AlphaFlowODE_9D_as1_ae0.2_bbunet/Eaf_K5_mpc4_pid_stopgo_T0.5_EPlatest_u7hg,6,test,s_curve_hg_bounds+dynamics+geo_bounds+halfspace+obstacles,hardflow_sls-r,hardflow_sls-r,False,s_curve,af,5.0,4.0,pid_stopgo,0.5,EPlatest_u7hg,unet,Gen15,5.0,10.0,0.3,,fm_only,none,cuda,,5.0
113,s_curve|af|K5|bbunet|@EPlatest_u7hg,/data/home/llim/FMPCC/FM-PCC/logs/UAV_MIX/uav-s_curve/plans/mix_uav_af/H8_Dmodels.af_diffusion.AlphaFlowODE_9D_as1_ae0.2_bbunet/Eaf_K5_mpc4_pid_stopgo_T0.5_EPlatest_u7hg,6,test,s_curve_hg_bounds+dynamics+geo_bounds+halfspace+obstacles,hardflow_sls-t,hardflow_sls-t,False,s_curve,af,5.0,4.0,pid_stopgo,0.5,EPlatest_u7hg,unet,Gen15,5.0,10.0,0.3,,fm_only,none,cuda,,5.0
114,s_curve|af|K2|bbsit|@u6unet_ae0,/data/home/llim/FMPCC/FM-PCC/logs/UAV_MIX/uav-s_curve/plans/mix_uav_af/H8_Dmodels.af_diffusion.AlphaFlowODE_9D_as1_ae0_bbsit/Eaf_K2_mpc4_pid_stopgo_T0.5_u6unet_ae0,6,test,s_curve_bounds+dynamics+geo_bounds+halfspace+obstacles,diffuser,diffuser,False,s_curve,af,2.0,4.0,pid_stopgo,0.5,u6unet_ae0,sit,Gen15,2.0,10.0,0.3,best,fm_only,none,cuda,,2.0
114,s_curve|af|K2|bbsit|@u6unet_ae0,/data/home/llim/FMPCC/FM-PCC/logs/UAV_MIX/uav-s_curve/plans/mix_uav_af/H8_Dmodels.af_diffusion.AlphaFlowODE_9D_as1_ae0_bbsit/Eaf_K2_mpc4_pid_stopgo_T0.5_u6unet_ae0,6,test,s_curve_bounds+dynamics+geo_bounds+halfspace+obstacles,dpcc-c,dpcc-c,False,s_curve,af,2.0,4.0,pid_stopgo,0.5,u6unet_ae0,sit,Gen15,2.0,10.0,0.3,best,fm_only,none,cuda,,2.0
114,s_curve|af|K2|bbsit|@u6unet_ae0,/data/home/llim/FMPCC/FM-PCC/logs/UAV_MIX/uav-s_curve/plans/mix_uav_af/H8_Dmodels.af_diffusion.AlphaFlowODE_9D_as1_ae0_bbsit/Eaf_K2_mpc4_pid_stopgo_T0.5_u6unet_ae0,6,test,s_curve_bounds+dynamics+geo_bounds+halfspace+obstacles,dpcc-c-geo_free,dpcc-c-geo_free,False,s_curve,af,2.0,4.0,pid_stopgo,0.5,u6unet_ae0,sit,Gen15,2.0,10.0,0.3,best,fm_only,none,cuda,,2.0
114,s_curve|af|K2|bbsit|@u6unet_ae0,/data/home/llim/FMPCC/FM-PCC/logs/UAV_MIX/uav-s_curve/plans/mix_uav_af/H8_Dmodels.af_diffusion.AlphaFlowODE_9D_as1_ae0_bbsit/Eaf_K2_mpc4_pid_stopgo_T0.5_u6unet_ae0,6,test,s_curve_bounds+dynamics+geo_bounds+halfspace+obstacles,dpcc-c-tightened,dpcc-c,True,s_curve,af,2.0,4.0,pid_stopgo,0.5,u6unet_ae0,sit,Gen15,2.0,10.0,0.3,best,fm_only,none,cuda,,2.0
114,s_curve|af|K2|bbsit|@u6unet_ae0,/data/home/llim/FMPCC/FM-PCC/logs/UAV_MIX/uav-s_curve/plans/mix_uav_af/H8_Dmodels.af_diffusion.AlphaFlowODE_9D_as1_ae0_bbsit/Eaf_K2_mpc4_pid_stopgo_T0.5_u6unet_ae0,6,test,s_curve_bounds+dynamics+geo_bounds+halfspace+obstacles,dpcc-r,dpcc-r,False,s_curve,af,2.0,4.0,pid_stopgo,0.5,u6unet_ae0,sit,Gen15,2.0,10.0,0.3,best,fm_only,none,cuda,,2.0
114,s_curve|af|K2|bbsit|@u6unet_ae0,/data/home/llim/FMPCC/FM-PCC/logs/UAV_MIX/uav-s_curve/plans/mix_uav_af/H8_Dmodels.af_diffusion.AlphaFlowODE_9D_as1_ae0_bbsit/Eaf_K2_mpc4_pid_stopgo_T0.5_u6unet_ae0,6,test,s_curve_bounds+dynamics+geo_bounds+halfspace+obstacles,dpcc-r-geo_free,dpcc-r-geo_free,False,s_curve,af,2.0,4.0,pid_stopgo,0.5,u6unet_ae0,sit,Gen15,2.0,10.0,0.3,best,fm_only,none,cuda,,2.0
114,s_curve|af|K2|bbsit|@u6unet_ae0,/data/home/llim/FMPCC/FM-PCC/logs/UAV_MIX/uav-s_curve/plans/mix_uav_af/H8_Dmodels.af_diffusion.AlphaFlowODE_9D_as1_ae0_bbsit/Eaf_K2_mpc4_pid_stopgo_T0.5_u6unet_ae0,6,test,s_curve_bounds+dynamics+geo_bounds+halfspace+obstacles,dpcc-r-tightened,dpcc-r,True,s_curve,af,2.0,4.0,pid_stopgo,0.5,u6unet_ae0,sit,Gen15,2.0,10.0,0.3,best,fm_only,none,cuda,,2.0
114,s_curve|af|K2|bbsit|@u6unet_ae0,/data/home/llim/FMPCC/FM-PCC/logs/UAV_MIX/uav-s_curve/plans/mix_uav_af/H8_Dmodels.af_diffusion.AlphaFlowODE_9D_as1_ae0_bbsit/Eaf_K2_mpc4_pid_stopgo_T0.5_u6unet_ae0,6,test,s_curve_bounds+dynamics+geo_bounds+halfspace+obstacles,dpcc-t,dpcc-t,False,s_curve,af,2.0,4.0,pid_stopgo,0.5,u6unet_ae0,sit,Gen15,2.0,10.0,0.3,best,fm_only,none,cuda,,2.0
114,s_curve|af|K2|bbsit|@u6unet_ae0,/data/home/llim/FMPCC/FM-PCC/logs/UAV_MIX/uav-s_curve/plans/mix_uav_af/H8_Dmodels.af_diffusion.AlphaFlowODE_9D_as1_ae0_bbsit/Eaf_K2_mpc4_pid_stopgo_T0.5_u6unet_ae0,6,test,s_curve_bounds+dynamics+geo_bounds+halfspace+obstacles,dpcc-t-geo_free,dpcc-t-geo_free,False,s_curve,af,2.0,4.0,pid_stopgo,0.5,u6unet_ae0,sit,Gen15,2.0,10.0,0.3,best,fm_only,none,cuda,,2.0
114,s_curve|af|K2|bbsit|@u6unet_ae0,/data/home/llim/FMPCC/FM-PCC/logs/UAV_MIX/uav-s_curve/plans/mix_uav_af/H8_Dmodels.af_diffusion.AlphaFlowODE_9D_as1_ae0_bbsit/Eaf_K2_mpc4_pid_stopgo_T0.5_u6unet_ae0,6,test,s_curve_bounds+dynamics+geo_bounds+halfspace+obstacles,dpcc-t-tightened,dpcc-t,True,s_curve,af,2.0,4.0,pid_stopgo,0.5,u6unet_ae0,sit,Gen15,2.0,10.0,0.3,best,fm_only,none,cuda,,2.0
115,s_curve|af|K5|bbsit|@u6unet_ae0,/data/home/llim/FMPCC/FM-PCC/logs/UAV_MIX/uav-s_curve/plans/mix_uav_af/H8_Dmodels.af_diffusion.AlphaFlowODE_9D_as1_ae0_bbsit/Eaf_K5_mpc4_pid_stopgo_T0.5_u6unet_ae0,6,test,s_curve_bounds+dynamics+geo_bounds+halfspace+obstacles,diffuser,diffuser,False,s_curve,af,5.0,4.0,pid_stopgo,0.5,u6unet_ae0,sit,Gen15,5.0,10.0,0.3,best,fm_only,none,cuda,,5.0
115,s_curve|af|K5|bbsit|@u6unet_ae0,/data/home/llim/FMPCC/FM-PCC/logs/UAV_MIX/uav-s_curve/plans/mix_uav_af/H8_Dmodels.af_diffusion.AlphaFlowODE_9D_as1_ae0_bbsit/Eaf_K5_mpc4_pid_stopgo_T0.5_u6unet_ae0,6,test,s_curve_bounds+dynamics+geo_bounds+halfspace+obstacles,dpcc-c,dpcc-c,False,s_curve,af,5.0,4.0,pid_stopgo,0.5,u6unet_ae0,sit,Gen15,5.0,10.0,0.3,best,fm_only,none,cuda,,5.0
115,s_curve|af|K5|bbsit|@u6unet_ae0,/data/home/llim/FMPCC/FM-PCC/logs/UAV_MIX/uav-s_curve/plans/mix_uav_af/H8_Dmodels.af_diffusion.AlphaFlowODE_9D_as1_ae0_bbsit/Eaf_K5_mpc4_pid_stopgo_T0.5_u6unet_ae0,6,test,s_curve_bounds+dynamics+geo_bounds+halfspace+obstacles,dpcc-c-geo_free,dpcc-c-geo_free,False,s_curve,af,5.0,4.0,pid_stopgo,0.5,u6unet_ae0,sit,Gen15,5.0,10.0,0.3,best,fm_only,none,cuda,,5.0
115,s_curve|af|K5|bbsit|@u6unet_ae0,/data/home/llim/FMPCC/FM-PCC/logs/UAV_MIX/uav-s_curve/plans/mix_uav_af/H8_Dmodels.af_diffusion.AlphaFlowODE_9D_as1_ae0_bbsit/Eaf_K5_mpc4_pid_stopgo_T0.5_u6unet_ae0,6,test,s_curve_bounds+dynamics+geo_bounds+halfspace+obstacles,dpcc-c-tightened,dpcc-c,True,s_curve,af,5.0,4.0,pid_stopgo,0.5,u6unet_ae0,sit,Gen15,5.0,10.0,0.3,best,fm_only,none,cuda,,5.0
115,s_curve|af|K5|bbsit|@u6unet_ae0,/data/home/llim/FMPCC/FM-PCC/logs/UAV_MIX/uav-s_curve/plans/mix_uav_af/H8_Dmodels.af_diffusion.AlphaFlowODE_9D_as1_ae0_bbsit/Eaf_K5_mpc4_pid_stopgo_T0.5_u6unet_ae0,6,test,s_curve_bounds+dynamics+geo_bounds+halfspace+obstacles,dpcc-r,dpcc-r,False,s_curve,af,5.0,4.0,pid_stopgo,0.5,u6unet_ae0,sit,Gen15,5.0,10.0,0.3,best,fm_only,none,cuda,,5.0
115,s_curve|af|K5|bbsit|@u6unet_ae0,/data/home/llim/FMPCC/FM-PCC/logs/UAV_MIX/uav-s_curve/plans/mix_uav_af/H8_Dmodels.af_diffusion.AlphaFlowODE_9D_as1_ae0_bbsit/Eaf_K5_mpc4_pid_stopgo_T0.5_u6unet_ae0,6,test,s_curve_bounds+dynamics+geo_bounds+halfspace+obstacles,dpcc-r-geo_free,dpcc-r-geo_free,False,s_curve,af,5.0,4.0,pid_stopgo,0.5,u6unet_ae0,sit,Gen15,5.0,10.0,0.3,best,fm_only,none,cuda,,5.0
115,s_curve|af|K5|bbsit|@u6unet_ae0,/data/home/llim/FMPCC/FM-PCC/logs/UAV_MIX/uav-s_curve/plans/mix_uav_af/H8_Dmodels.af_diffusion.AlphaFlowODE_9D_as1_ae0_bbsit/Eaf_K5_mpc4_pid_stopgo_T0.5_u6unet_ae0,6,test,s_curve_bounds+dynamics+geo_bounds+halfspace+obstacles,dpcc-r-tightened,dpcc-r,True,s_curve,af,5.0,4.0,pid_stopgo,0.5,u6unet_ae0,sit,Gen15,5.0,10.0,0.3,best,fm_only,none,cuda,,5.0
115,s_curve|af|K5|bbsit|@u6unet_ae0,/data/home/llim/FMPCC/FM-PCC/logs/UAV_MIX/uav-s_curve/plans/mix_uav_af/H8_Dmodels.af_diffusion.AlphaFlowODE_9D_as1_ae0_bbsit/Eaf_K5_mpc4_pid_stopgo_T0.5_u6unet_ae0,6,test,s_curve_bounds+dynamics+geo_bounds+halfspace+obstacles,dpcc-t,dpcc-t,False,s_curve,af,5.0,4.0,pid_stopgo,0.5,u6unet_ae0,sit,Gen15,5.0,10.0,0.3,best,fm_only,none,cuda,,5.0
115,s_curve|af|K5|bbsit|@u6unet_ae0,/data/home/llim/FMPCC/FM-PCC/logs/UAV_MIX/uav-s_curve/plans/mix_uav_af/H8_Dmodels.af_diffusion.AlphaFlowODE_9D_as1_ae0_bbsit/Eaf_K5_mpc4_pid_stopgo_T0.5_u6unet_ae0,6,test,s_curve_bounds+dynamics+geo_bounds+halfspace+obstacles,dpcc-t-geo_free,dpcc-t-geo_free,False,s_curve,af,5.0,4.0,pid_stopgo,0.5,u6unet_ae0,sit,Gen15,5.0,10.0,0.3,best,fm_only,none,cuda,,5.0
115,s_curve|af|K5|bbsit|@u6unet_ae0,/data/home/llim/FMPCC/FM-PCC/logs/UAV_MIX/uav-s_curve/plans/mix_uav_af/H8_Dmodels.af_diffusion.AlphaFlowODE_9D_as1_ae0_bbsit/Eaf_K5_mpc4_pid_stopgo_T0.5_u6unet_ae0,6,test,s_curve_bounds+dynamics+geo_bounds+halfspace+obstacles,dpcc-t-tightened,dpcc-t,True,s_curve,af,5.0,4.0,pid_stopgo,0.5,u6unet_ae0,sit,Gen15,5.0,10.0,0.3,best,fm_only,none,cuda,,5.0
115,s_curve|af|K5|bbsit|@u6unet_ae0,/data/home/llim/FMPCC/FM-PCC/logs/UAV_MIX/uav-s_curve/plans/mix_uav_af/H8_Dmodels.af_diffusion.AlphaFlowODE_9D_as1_ae0_bbsit/Eaf_K5_mpc4_pid_stopgo_T0.5_u6unet_ae0,6,test,s_curve_bounds+dynamics+geo_bounds+halfspace+obstacles,hardflow_sls,hardflow_sls,False,s_curve,af,5.0,4.0,pid_stopgo,0.5,u6unet_ae0,sit,Gen15,5.0,10.0,0.3,best,fm_only,none,cuda,,5.0
115,s_curve|af|K5|bbsit|@u6unet_ae0,/data/home/llim/FMPCC/FM-PCC/logs/UAV_MIX/uav-s_curve/plans/mix_uav_af/H8_Dmodels.af_diffusion.AlphaFlowODE_9D_as1_ae0_bbsit/Eaf_K5_mpc4_pid_stopgo_T0.5_u6unet_ae0,6,test,s_curve_bounds+dynamics+geo_bounds+halfspace+obstacles,hardflow_sls-c,hardflow_sls-c,False,s_curve,af,5.0,4.0,pid_stopgo,0.5,u6unet_ae0,sit,Gen15,5.0,10.0,0.3,best,fm_only,none,cuda,,5.0
115,s_curve|af|K5|bbsit|@u6unet_ae0,/data/home/llim/FMPCC/FM-PCC/logs/UAV_MIX/uav-s_curve/plans/mix_uav_af/H8_Dmodels.af_diffusion.AlphaFlowODE_9D_as1_ae0_bbsit/Eaf_K5_mpc4_pid_stopgo_T0.5_u6unet_ae0,6,test,s_curve_bounds+dynamics+geo_bounds+halfspace+obstacles,hardflow_sls-c-geo_free,hardflow_sls-c-geo_free,False,s_curve,af,5.0,4.0,pid_stopgo,0.5,u6unet_ae0,sit,Gen15,5.0,10.0,0.3,best,fm_only,none,cuda,,5.0
115,s_curve|af|K5|bbsit|@u6unet_ae0,/data/home/llim/FMPCC/FM-PCC/logs/UAV_MIX/uav-s_curve/plans/mix_uav_af/H8_Dmodels.af_diffusion.AlphaFlowODE_9D_as1_ae0_bbsit/Eaf_K5_mpc4_pid_stopgo_T0.5_u6unet_ae0,6,test,s_curve_bounds+dynamics+geo_bounds+halfspace+obstacles,hardflow_sls-r,hardflow_sls-r,False,s_curve,af,5.0,4.0,pid_stopgo,0.5,u6unet_ae0,sit,Gen15,5.0,10.0,0.3,best,fm_only,none,cuda,,5.0
115,s_curve|af|K5|bbsit|@u6unet_ae0,/data/home/llim/FMPCC/FM-PCC/logs/UAV_MIX/uav-s_curve/plans/mix_uav_af/H8_Dmodels.af_diffusion.AlphaFlowODE_9D_as1_ae0_bbsit/Eaf_K5_mpc4_pid_stopgo_T0.5_u6unet_ae0,6,test,s_curve_bounds+dynamics+geo_bounds+halfspace+obstacles,hardflow_sls-r-geo_free,hardflow_sls-r-geo_free,False,s_curve,af,5.0,4.0,pid_stopgo,0.5,u6unet_ae0,sit,Gen15,5.0,10.0,0.3,best,fm_only,none,cuda,,5.0
115,s_curve|af|K5|bbsit|@u6unet_ae0,/data/home/llim/FMPCC/FM-PCC/logs/UAV_MIX/uav-s_curve/plans/mix_uav_af/H8_Dmodels.af_diffusion.AlphaFlowODE_9D_as1_ae0_bbsit/Eaf_K5_mpc4_pid_stopgo_T0.5_u6unet_ae0,6,test,s_curve_bounds+dynamics+geo_bounds+halfspace+obstacles,hardflow_sls-t,hardflow_sls-t,False,s_curve,af,5.0,4.0,pid_stopgo,0.5,u6unet_ae0,sit,Gen15,5.0,10.0,0.3,best,fm_only,none,cuda,,5.0
115,s_curve|af|K5|bbsit|@u6unet_ae0,/data/home/llim/FMPCC/FM-PCC/logs/UAV_MIX/uav-s_curve/plans/mix_uav_af/H8_Dmodels.af_diffusion.AlphaFlowODE_9D_as1_ae0_bbsit/Eaf_K5_mpc4_pid_stopgo_T0.5_u6unet_ae0,6,test,s_curve_bounds+dynamics+geo_bounds+halfspace+obstacles,hardflow_sls-t-geo_free,hardflow_sls-t-geo_free,False,s_curve,af,5.0,4.0,pid_stopgo,0.5,u6unet_ae0,sit,Gen15,5.0,10.0,0.3,best,fm_only,none,cuda,,5.0
116,s_curve|diffusion|K20,/data/home/llim/FMPCC/FM-PCC/logs/UAV_MIX/uav-s_curve/plans/mix_uav_diffusion/H8_Dmodels.ddpm_diffusion.GaussianDiffusion_9D_K20/Ediffusion_K20_mpc4_pid_stopgo_T0.5,6,test,s_curve_bounds+dynamics+geo_bounds+halfspace+obstacles,diffuser,diffuser,False,s_curve,diffusion,20.0,4.0,pid_stopgo,0.5,,,Gen15,20.0,5.0,0.3,best,fm_only,none,cuda,,
116,s_curve|diffusion|K20,/data/home/llim/FMPCC/FM-PCC/logs/UAV_MIX/uav-s_curve/plans/mix_uav_diffusion/H8_Dmodels.ddpm_diffusion.GaussianDiffusion_9D_K20/Ediffusion_K20_mpc4_pid_stopgo_T0.5,6,test,s_curve_bounds+dynamics+geo_bounds+halfspace+obstacles,dpcc-c,dpcc-c,False,s_curve,diffusion,20.0,4.0,pid_stopgo,0.5,,,Gen15,20.0,5.0,0.3,best,fm_only,none,cuda,,
116,s_curve|diffusion|K20,/data/home/llim/FMPCC/FM-PCC/logs/UAV_MIX/uav-s_curve/plans/mix_uav_diffusion/H8_Dmodels.ddpm_diffusion.GaussianDiffusion_9D_K20/Ediffusion_K20_mpc4_pid_stopgo_T0.5,6,test,s_curve_bounds+dynamics+geo_bounds+halfspace+obstacles,dpcc-c-tightened,dpcc-c,True,s_curve,diffusion,20.0,4.0,pid_stopgo,0.5,,,Gen15,20.0,5.0,0.3,best,fm_only,none,cuda,,
116,s_curve|diffusion|K20,/data/home/llim/FMPCC/FM-PCC/logs/UAV_MIX/uav-s_curve/plans/mix_uav_diffusion/H8_Dmodels.ddpm_diffusion.GaussianDiffusion_9D_K20/Ediffusion_K20_mpc4_pid_stopgo_T0.5,6,test,s_curve_bounds+dynamics+geo_bounds+halfspace+obstacles,dpcc-r,dpcc-r,False,s_curve,diffusion,20.0,4.0,pid_stopgo,0.5,,,Gen15,20.0,5.0,0.3,best,fm_only,none,cuda,,
116,s_curve|diffusion|K20,/data/home/llim/FMPCC/FM-PCC/logs/UAV_MIX/uav-s_curve/plans/mix_uav_diffusion/H8_Dmodels.ddpm_diffusion.GaussianDiffusion_9D_K20/Ediffusion_K20_mpc4_pid_stopgo_T0.5,6,test,s_curve_bounds+dynamics+geo_bounds+halfspace+obstacles,dpcc-r-geo_free,dpcc-r-geo_free,False,s_curve,diffusion,20.0,4.0,pid_stopgo,0.5,,,Gen15,20.0,5.0,0.3,best,fm_only,none,cuda,,
116,s_curve|diffusion|K20,/data/home/llim/FMPCC/FM-PCC/logs/UAV_MIX/uav-s_curve/plans/mix_uav_diffusion/H8_Dmodels.ddpm_diffusion.GaussianDiffusion_9D_K20/Ediffusion_K20_mpc4_pid_stopgo_T0.5,6,test,s_curve_bounds+dynamics+geo_bounds+halfspace+obstacles,dpcc-r-tightened,dpcc-r,True,s_curve,diffusion,20.0,4.0,pid_stopgo,0.5,,,Gen15,20.0,5.0,0.3,best,fm_only,none,cuda,,
116,s_curve|diffusion|K20,/data/home/llim/FMPCC/FM-PCC/logs/UAV_MIX/uav-s_curve/plans/mix_uav_diffusion/H8_Dmodels.ddpm_diffusion.GaussianDiffusion_9D_K20/Ediffusion_K20_mpc4_pid_stopgo_T0.5,6,test,s_curve_bounds+dynamics+geo_bounds+halfspace+obstacles,dpcc-t,dpcc-t,False,s_curve,diffusion,20.0,4.0,pid_stopgo,0.5,,,Gen15,20.0,5.0,0.3,best,fm_only,none,cuda,,
116,s_curve|diffusion|K20,/data/home/llim/FMPCC/FM-PCC/logs/UAV_MIX/uav-s_curve/plans/mix_uav_diffusion/H8_Dmodels.ddpm_diffusion.GaussianDiffusion_9D_K20/Ediffusion_K20_mpc4_pid_stopgo_T0.5,6,test,s_curve_bounds+dynamics+geo_bounds+halfspace+obstacles,dpcc-t-tightened,dpcc-t,True,s_curve,diffusion,20.0,4.0,pid_stopgo,0.5,,,Gen15,20.0,5.0,0.3,best,fm_only,none,cuda,,
117,s_curve|diffusion|K20|@u7hg,/data/home/llim/FMPCC/FM-PCC/logs/UAV_MIX/uav-s_curve/plans/mix_uav_diffusion/H8_Dmodels.ddpm_diffusion.GaussianDiffusion_9D_K20/Ediffusion_K20_mpc4_pid_stopgo_T0.5_u7hg,6,test,s_curve_hg_bounds+dynamics+geo_bounds+halfspace+obstacles,diffuser,diffuser,False,s_curve,diffusion,20.0,4.0,pid_stopgo,0.5,u7hg,,Gen15,20.0,10.0,0.3,,fm_only,none,cuda,,
117,s_curve|diffusion|K20|@u7hg,/data/home/llim/FMPCC/FM-PCC/logs/UAV_MIX/uav-s_curve/plans/mix_uav_diffusion/H8_Dmodels.ddpm_diffusion.GaussianDiffusion_9D_K20/Ediffusion_K20_mpc4_pid_stopgo_T0.5_u7hg,6,test,s_curve_hg_bounds+dynamics+geo_bounds+halfspace+obstacles,dpcc-c,dpcc-c,False,s_curve,diffusion,20.0,4.0,pid_stopgo,0.5,u7hg,,Gen15,20.0,10.0,0.3,,fm_only,none,cuda,,
117,s_curve|diffusion|K20|@u7hg,/data/home/llim/FMPCC/FM-PCC/logs/UAV_MIX/uav-s_curve/plans/mix_uav_diffusion/H8_Dmodels.ddpm_diffusion.GaussianDiffusion_9D_K20/Ediffusion_K20_mpc4_pid_stopgo_T0.5_u7hg,6,test,s_curve_hg_bounds+dynamics+geo_bounds+halfspace+obstacles,dpcc-c-tightened,dpcc-c,True,s_curve,diffusion,20.0,4.0,pid_stopgo,0.5,u7hg,,Gen15,20.0,10.0,0.3,,fm_only,none,cuda,,
117,s_curve|diffusion|K20|@u7hg,/data/home/llim/FMPCC/FM-PCC/logs/UAV_MIX/uav-s_curve/plans/mix_uav_diffusion/H8_Dmodels.ddpm_diffusion.GaussianDiffusion_9D_K20/Ediffusion_K20_mpc4_pid_stopgo_T0.5_u7hg,6,test,s_curve_hg_bounds+dynamics+geo_bounds+halfspace+obstacles,dpcc-t,dpcc-t,False,s_curve,diffusion,20.0,4.0,pid_stopgo,0.5,u7hg,,Gen15,20.0,10.0,0.3,,fm_only,none,cuda,,
117,s_curve|diffusion|K20|@u7hg,/data/home/llim/FMPCC/FM-PCC/logs/UAV_MIX/uav-s_curve/plans/mix_uav_diffusion/H8_Dmodels.ddpm_diffusion.GaussianDiffusion_9D_K20/Ediffusion_K20_mpc4_pid_stopgo_T0.5_u7hg,6,test,s_curve_hg_bounds+dynamics+geo_bounds+halfspace+obstacles,dpcc-t-tightened,dpcc-t,True,s_curve,diffusion,20.0,4.0,pid_stopgo,0.5,u7hg,,Gen15,20.0,10.0,0.3,,fm_only,none,cuda,,
118,s_curve|fm|K20|@u18sc,/data/home/llim/FMPCC/FM-PCC/logs/UAV_MIX/uav-s_curve/plans/mix_uav_fm/H8_Dmodels.diffusion.FlowMatchingODE_9D/Efm_K20_mpc4_pid_stopgo_T0.5_u18sc,6,test,s_curve_hg_bounds+dynamics+geo_bounds+halfspace+obstacles,diffuser,diffuser,False,s_curve,fm,20.0,4.0,pid_stopgo,0.5,u18sc,,Gen15,20.0,10.0,0.3,,fm_only,none,cuda,,20.0
118,s_curve|fm|K20|@u18sc,/data/home/llim/FMPCC/FM-PCC/logs/UAV_MIX/uav-s_curve/plans/mix_uav_fm/H8_Dmodels.diffusion.FlowMatchingODE_9D/Efm_K20_mpc4_pid_stopgo_T0.5_u18sc,6,test,s_curve_hg_bounds+dynamics+geo_bounds+halfspace+obstacles,dpcc-t,dpcc-t,False,s_curve,fm,20.0,4.0,pid_stopgo,0.5,u18sc,,Gen15,20.0,10.0,0.3,,fm_only,none,cuda,,20.0
118,s_curve|fm|K20|@u18sc,/data/home/llim/FMPCC/FM-PCC/logs/UAV_MIX/uav-s_curve/plans/mix_uav_fm/H8_Dmodels.diffusion.FlowMatchingODE_9D/Efm_K20_mpc4_pid_stopgo_T0.5_u18sc,6,test,s_curve_hg_bounds+dynamics+geo_bounds+halfspace+obstacles,hardflow_sls,hardflow_sls,False,s_curve,fm,20.0,4.0,pid_stopgo,0.5,u18sc,,Gen15,20.0,10.0,0.3,,fm_only,none,cuda,,20.0
118,s_curve|fm|K20|@u18sc,/data/home/llim/FMPCC/FM-PCC/logs/UAV_MIX/uav-s_curve/plans/mix_uav_fm/H8_Dmodels.diffusion.FlowMatchingODE_9D/Efm_K20_mpc4_pid_stopgo_T0.5_u18sc,6,test,s_curve_hg_bounds+dynamics+geo_bounds+halfspace+obstacles,hardflow_sls-c,hardflow_sls-c,False,s_curve,fm,20.0,4.0,pid_stopgo,0.5,u18sc,,Gen15,20.0,10.0,0.3,,fm_only,none,cuda,,20.0
118,s_curve|fm|K20|@u18sc,/data/home/llim/FMPCC/FM-PCC/logs/UAV_MIX/uav-s_curve/plans/mix_uav_fm/H8_Dmodels.diffusion.FlowMatchingODE_9D/Efm_K20_mpc4_pid_stopgo_T0.5_u18sc,6,test,s_curve_hg_bounds+dynamics+geo_bounds+halfspace+obstacles,hardflow_sls-r,hardflow_sls-r,False,s_curve,fm,20.0,4.0,pid_stopgo,0.5,u18sc,,Gen15,20.0,10.0,0.3,,fm_only,none,cuda,,20.0
118,s_curve|fm|K20|@u18sc,/data/home/llim/FMPCC/FM-PCC/logs/UAV_MIX/uav-s_curve/plans/mix_uav_fm/H8_Dmodels.diffusion.FlowMatchingODE_9D/Efm_K20_mpc4_pid_stopgo_T0.5_u18sc,6,test,s_curve_hg_bounds+dynamics+geo_bounds+halfspace+obstacles,hardflow_sls-t,hardflow_sls-t,False,s_curve,fm,20.0,4.0,pid_stopgo,0.5,u18sc,,Gen15,20.0,10.0,0.3,,fm_only,none,cuda,,20.0
119,s_curve|fm|K20|@u7hg,/data/home/llim/FMPCC/FM-PCC/logs/UAV_MIX/uav-s_curve/plans/mix_uav_fm/H8_Dmodels.diffusion.FlowMatchingODE_9D/Efm_K20_mpc4_pid_stopgo_T0.5_u7hg,6,test,s_curve_hg_bounds+dynamics+geo_bounds+halfspace+obstacles,diffuser,diffuser,False,s_curve,fm,20.0,4.0,pid_stopgo,0.5,u7hg,,Gen15,20.0,10.0,0.3,,fm_only,none,cuda,,20.0
119,s_curve|fm|K20|@u7hg,/data/home/llim/FMPCC/FM-PCC/logs/UAV_MIX/uav-s_curve/plans/mix_uav_fm/H8_Dmodels.diffusion.FlowMatchingODE_9D/Efm_K20_mpc4_pid_stopgo_T0.5_u7hg,6,test,s_curve_hg_bounds+dynamics+geo_bounds+halfspace+obstacles,dpcc-c,dpcc-c,False,s_curve,fm,20.0,4.0,pid_stopgo,0.5,u7hg,,Gen15,20.0,10.0,0.3,,fm_only,none,cuda,,20.0
119,s_curve|fm|K20|@u7hg,/data/home/llim/FMPCC/FM-PCC/logs/UAV_MIX/uav-s_curve/plans/mix_uav_fm/H8_Dmodels.diffusion.FlowMatchingODE_9D/Efm_K20_mpc4_pid_stopgo_T0.5_u7hg,6,test,s_curve_hg_bounds+dynamics+geo_bounds+halfspace+obstacles,dpcc-r,dpcc-r,False,s_curve,fm,20.0,4.0,pid_stopgo,0.5,u7hg,,Gen15,20.0,10.0,0.3,,fm_only,none,cuda,,20.0
119,s_curve|fm|K20|@u7hg,/data/home/llim/FMPCC/FM-PCC/logs/UAV_MIX/uav-s_curve/plans/mix_uav_fm/H8_Dmodels.diffusion.FlowMatchingODE_9D/Efm_K20_mpc4_pid_stopgo_T0.5_u7hg,6,test,s_curve_hg_bounds+dynamics+geo_bounds+halfspace+obstacles,dpcc-t,dpcc-t,False,s_curve,fm,20.0,4.0,pid_stopgo,0.5,u7hg,,Gen15,20.0,10.0,0.3,,fm_only,none,cuda,,20.0
119,s_curve|fm|K20|@u7hg,/data/home/llim/FMPCC/FM-PCC/logs/UAV_MIX/uav-s_curve/plans/mix_uav_fm/H8_Dmodels.diffusion.FlowMatchingODE_9D/Efm_K20_mpc4_pid_stopgo_T0.5_u7hg,6,test,s_curve_hg_bounds+dynamics+geo_bounds+halfspace+obstacles,dpcc-t-geo_free,dpcc-t-geo_free,False,s_curve,fm,20.0,4.0,pid_stopgo,0.5,u7hg,,Gen15,20.0,10.0,0.3,,fm_only,none,cuda,,20.0
119,s_curve|fm|K20|@u7hg,/data/home/llim/FMPCC/FM-PCC/logs/UAV_MIX/uav-s_curve/plans/mix_uav_fm/H8_Dmodels.diffusion.FlowMatchingODE_9D/Efm_K20_mpc4_pid_stopgo_T0.5_u7hg,6,test,s_curve_hg_bounds+dynamics+geo_bounds+halfspace+obstacles,hardflow_sls,hardflow_sls,False,s_curve,fm,20.0,4.0,pid_stopgo,0.5,u7hg,,Gen15,20.0,10.0,0.3,,fm_only,none,cuda,,20.0
119,s_curve|fm|K20|@u7hg,/data/home/llim/FMPCC/FM-PCC/logs/UAV_MIX/uav-s_curve/plans/mix_uav_fm/H8_Dmodels.diffusion.FlowMatchingODE_9D/Efm_K20_mpc4_pid_stopgo_T0.5_u7hg,6,test,s_curve_hg_bounds+dynamics+geo_bounds+halfspace+obstacles,hardflow_sls-c,hardflow_sls-c,False,s_curve,fm,20.0,4.0,pid_stopgo,0.5,u7hg,,Gen15,20.0,10.0,0.3,,fm_only,none,cuda,,20.0
119,s_curve|fm|K20|@u7hg,/data/home/llim/FMPCC/FM-PCC/logs/UAV_MIX/uav-s_curve/plans/mix_uav_fm/H8_Dmodels.diffusion.FlowMatchingODE_9D/Efm_K20_mpc4_pid_stopgo_T0.5_u7hg,6,test,s_curve_hg_bounds+dynamics+geo_bounds+halfspace+obstacles,hardflow_sls-r,hardflow_sls-r,False,s_curve,fm,20.0,4.0,pid_stopgo,0.5,u7hg,,Gen15,20.0,10.0,0.3,,fm_only,none,cuda,,20.0
119,s_curve|fm|K20|@u7hg,/data/home/llim/FMPCC/FM-PCC/logs/UAV_MIX/uav-s_curve/plans/mix_uav_fm/H8_Dmodels.diffusion.FlowMatchingODE_9D/Efm_K20_mpc4_pid_stopgo_T0.5_u7hg,6,test,s_curve_hg_bounds+dynamics+geo_bounds+halfspace+obstacles,hardflow_sls-t,hardflow_sls-t,False,s_curve,fm,20.0,4.0,pid_stopgo,0.5,u7hg,,Gen15,20.0,10.0,0.3,,fm_only,none,cuda,,20.0
120,s_curve|fm|K2|@u7hg,/data/home/llim/FMPCC/FM-PCC/logs/UAV_MIX/uav-s_curve/plans/mix_uav_fm/H8_Dmodels.diffusion.FlowMatchingODE_9D/Efm_K2_mpc4_pid_stopgo_T0.5_u7hg,6,test,s_curve_hg_bounds+dynamics+geo_bounds+halfspace+obstacles,diffuser,diffuser,False,s_curve,fm,2.0,4.0,pid_stopgo,0.5,u7hg,,Gen15,2.0,10.0,0.3,,fm_only,none,cuda,,2.0
120,s_curve|fm|K2|@u7hg,/data/home/llim/FMPCC/FM-PCC/logs/UAV_MIX/uav-s_curve/plans/mix_uav_fm/H8_Dmodels.diffusion.FlowMatchingODE_9D/Efm_K2_mpc4_pid_stopgo_T0.5_u7hg,6,test,s_curve_hg_bounds+dynamics+geo_bounds+halfspace+obstacles,dpcc-c,dpcc-c,False,s_curve,fm,2.0,4.0,pid_stopgo,0.5,u7hg,,Gen15,2.0,10.0,0.3,,fm_only,none,cuda,,2.0
120,s_curve|fm|K2|@u7hg,/data/home/llim/FMPCC/FM-PCC/logs/UAV_MIX/uav-s_curve/plans/mix_uav_fm/H8_Dmodels.diffusion.FlowMatchingODE_9D/Efm_K2_mpc4_pid_stopgo_T0.5_u7hg,6,test,s_curve_hg_bounds+dynamics+geo_bounds+halfspace+obstacles,dpcc-c-geo_free,dpcc-c-geo_free,False,s_curve,fm,2.0,4.0,pid_stopgo,0.5,u7hg,,Gen15,2.0,10.0,0.3,,fm_only,none,cuda,,2.0
120,s_curve|fm|K2|@u7hg,/data/home/llim/FMPCC/FM-PCC/logs/UAV_MIX/uav-s_curve/plans/mix_uav_fm/H8_Dmodels.diffusion.FlowMatchingODE_9D/Efm_K2_mpc4_pid_stopgo_T0.5_u7hg,6,test,s_curve_hg_bounds+dynamics+geo_bounds+halfspace+obstacles,dpcc-c-tightened,dpcc-c,True,s_curve,fm,2.0,4.0,pid_stopgo,0.5,u7hg,,Gen15,2.0,10.0,0.3,,fm_only,none,cuda,,2.0
120,s_curve|fm|K2|@u7hg,/data/home/llim/FMPCC/FM-PCC/logs/UAV_MIX/uav-s_curve/plans/mix_uav_fm/H8_Dmodels.diffusion.FlowMatchingODE_9D/Efm_K2_mpc4_pid_stopgo_T0.5_u7hg,6,test,s_curve_hg_bounds+dynamics+geo_bounds+halfspace+obstacles,dpcc-r,dpcc-r,False,s_curve,fm,2.0,4.0,pid_stopgo,0.5,u7hg,,Gen15,2.0,10.0,0.3,,fm_only,none,cuda,,2.0
120,s_curve|fm|K2|@u7hg,/data/home/llim/FMPCC/FM-PCC/logs/UAV_MIX/uav-s_curve/plans/mix_uav_fm/H8_Dmodels.diffusion.FlowMatchingODE_9D/Efm_K2_mpc4_pid_stopgo_T0.5_u7hg,6,test,s_curve_hg_bounds+dynamics+geo_bounds+halfspace+obstacles,dpcc-r-geo_free,dpcc-r-geo_free,False,s_curve,fm,2.0,4.0,pid_stopgo,0.5,u7hg,,Gen15,2.0,10.0,0.3,,fm_only,none,cuda,,2.0
120,s_curve|fm|K2|@u7hg,/data/home/llim/FMPCC/FM-PCC/logs/UAV_MIX/uav-s_curve/plans/mix_uav_fm/H8_Dmodels.diffusion.FlowMatchingODE_9D/Efm_K2_mpc4_pid_stopgo_T0.5_u7hg,6,test,s_curve_hg_bounds+dynamics+geo_bounds+halfspace+obstacles,dpcc-r-tightened,dpcc-r,True,s_curve,fm,2.0,4.0,pid_stopgo,0.5,u7hg,,Gen15,2.0,10.0,0.3,,fm_only,none,cuda,,2.0
120,s_curve|fm|K2|@u7hg,/data/home/llim/FMPCC/FM-PCC/logs/UAV_MIX/uav-s_curve/plans/mix_uav_fm/H8_Dmodels.diffusion.FlowMatchingODE_9D/Efm_K2_mpc4_pid_stopgo_T0.5_u7hg,6,test,s_curve_hg_bounds+dynamics+geo_bounds+halfspace+obstacles,dpcc-t,dpcc-t,False,s_curve,fm,2.0,4.0,pid_stopgo,0.5,u7hg,,Gen15,2.0,10.0,0.3,,fm_only,none,cuda,,2.0
120,s_curve|fm|K2|@u7hg,/data/home/llim/FMPCC/FM-PCC/logs/UAV_MIX/uav-s_curve/plans/mix_uav_fm/H8_Dmodels.diffusion.FlowMatchingODE_9D/Efm_K2_mpc4_pid_stopgo_T0.5_u7hg,6,test,s_curve_hg_bounds+dynamics+geo_bounds+halfspace+obstacles,dpcc-t-geo_free,dpcc-t-geo_free,False,s_curve,fm,2.0,4.0,pid_stopgo,0.5,u7hg,,Gen15,2.0,10.0,0.3,,fm_only,none,cuda,,2.0
120,s_curve|fm|K2|@u7hg,/data/home/llim/FMPCC/FM-PCC/logs/UAV_MIX/uav-s_curve/plans/mix_uav_fm/H8_Dmodels.diffusion.FlowMatchingODE_9D/Efm_K2_mpc4_pid_stopgo_T0.5_u7hg,6,test,s_curve_hg_bounds+dynamics+geo_bounds+halfspace+obstacles,dpcc-t-tightened,dpcc-t,True,s_curve,fm,2.0,4.0,pid_stopgo,0.5,u7hg,,Gen15,2.0,10.0,0.3,,fm_only,none,cuda,,2.0
121,s_curve|mf|K10|bbunet|dp0.5|@u7hg,/data/home/llim/FMPCC/FM-PCC/logs/UAV_MIX/uav-s_curve/plans/mix_uav_mf/H8_Dmodels.mf_diffusion.MeanFlowODE_9D_dp0.5_bbunet/Emf_K10_mpc4_mjpc_T0.5_u7hg,6,test,s_curve_hg_bounds+dynamics+geo_bounds+halfspace+obstacles,diffuser,diffuser,False,s_curve,mf,10.0,4.0,mjpc,0.5,u7hg,unet,Gen15,10.0,3.0,0.3,,fm_only,none,cuda,,10.0
121,s_curve|mf|K10|bbunet|dp0.5|@u7hg,/data/home/llim/FMPCC/FM-PCC/logs/UAV_MIX/uav-s_curve/plans/mix_uav_mf/H8_Dmodels.mf_diffusion.MeanFlowODE_9D_dp0.5_bbunet/Emf_K10_mpc4_mjpc_T0.5_u7hg,6,test,s_curve_hg_bounds+dynamics+geo_bounds+halfspace+obstacles,dpcc-r,dpcc-r,False,s_curve,mf,10.0,4.0,mjpc,0.5,u7hg,unet,Gen15,10.0,3.0,0.3,,fm_only,none,cuda,,10.0
121,s_curve|mf|K10|bbunet|dp0.5|@u7hg,/data/home/llim/FMPCC/FM-PCC/logs/UAV_MIX/uav-s_curve/plans/mix_uav_mf/H8_Dmodels.mf_diffusion.MeanFlowODE_9D_dp0.5_bbunet/Emf_K10_mpc4_mjpc_T0.5_u7hg,6,test,s_curve_hg_bounds+dynamics+geo_bounds+halfspace+obstacles,hardflow_sls-r,hardflow_sls-r,False,s_curve,mf,10.0,4.0,mjpc,0.5,u7hg,unet,Gen15,10.0,3.0,0.3,,fm_only,none,cuda,,10.0
122,s_curve|mf|K10|bbunet|dp0.5|@u18sc,/data/home/llim/FMPCC/FM-PCC/logs/UAV_MIX/uav-s_curve/plans/mix_uav_mf/H8_Dmodels.mf_diffusion.MeanFlowODE_9D_dp0.5_bbunet/Emf_K10_mpc4_pid_stopgo_T0.5_u18sc,6,test,s_curve_hg_bounds+dynamics+geo_bounds+halfspace+obstacles,diffuser,diffuser,False,s_curve,mf,10.0,4.0,pid_stopgo,0.5,u18sc,unet,Gen15,10.0,10.0,0.3,,fm_only,none,cuda,,10.0
122,s_curve|mf|K10|bbunet|dp0.5|@u18sc,/data/home/llim/FMPCC/FM-PCC/logs/UAV_MIX/uav-s_curve/plans/mix_uav_mf/H8_Dmodels.mf_diffusion.MeanFlowODE_9D_dp0.5_bbunet/Emf_K10_mpc4_pid_stopgo_T0.5_u18sc,6,test,s_curve_hg_bounds+dynamics+geo_bounds+halfspace+obstacles,dpcc-t,dpcc-t,False,s_curve,mf,10.0,4.0,pid_stopgo,0.5,u18sc,unet,Gen15,10.0,10.0,0.3,,fm_only,none,cuda,,10.0
122,s_curve|mf|K10|bbunet|dp0.5|@u18sc,/data/home/llim/FMPCC/FM-PCC/logs/UAV_MIX/uav-s_curve/plans/mix_uav_mf/H8_Dmodels.mf_diffusion.MeanFlowODE_9D_dp0.5_bbunet/Emf_K10_mpc4_pid_stopgo_T0.5_u18sc,6,test,s_curve_hg_bounds+dynamics+geo_bounds+halfspace+obstacles,hardflow_sls,hardflow_sls,False,s_curve,mf,10.0,4.0,pid_stopgo,0.5,u18sc,unet,Gen15,10.0,10.0,0.3,,fm_only,none,cuda,,10.0
122,s_curve|mf|K10|bbunet|dp0.5|@u18sc,/data/home/llim/FMPCC/FM-PCC/logs/UAV_MIX/uav-s_curve/plans/mix_uav_mf/H8_Dmodels.mf_diffusion.MeanFlowODE_9D_dp0.5_bbunet/Emf_K10_mpc4_pid_stopgo_T0.5_u18sc,6,test,s_curve_hg_bounds+dynamics+geo_bounds+halfspace+obstacles,hardflow_sls-c,hardflow_sls-c,False,s_curve,mf,10.0,4.0,pid_stopgo,0.5,u18sc,unet,Gen15,10.0,10.0,0.3,,fm_only,none,cuda,,10.0
122,s_curve|mf|K10|bbunet|dp0.5|@u18sc,/data/home/llim/FMPCC/FM-PCC/logs/UAV_MIX/uav-s_curve/plans/mix_uav_mf/H8_Dmodels.mf_diffusion.MeanFlowODE_9D_dp0.5_bbunet/Emf_K10_mpc4_pid_stopgo_T0.5_u18sc,6,test,s_curve_hg_bounds+dynamics+geo_bounds+halfspace+obstacles,hardflow_sls-r,hardflow_sls-r,False,s_curve,mf,10.0,4.0,pid_stopgo,0.5,u18sc,unet,Gen15,10.0,10.0,0.3,,fm_only,none,cuda,,10.0
122,s_curve|mf|K10|bbunet|dp0.5|@u18sc,/data/home/llim/FMPCC/FM-PCC/logs/UAV_MIX/uav-s_curve/plans/mix_uav_mf/H8_Dmodels.mf_diffusion.MeanFlowODE_9D_dp0.5_bbunet/Emf_K10_mpc4_pid_stopgo_T0.5_u18sc,6,test,s_curve_hg_bounds+dynamics+geo_bounds+halfspace+obstacles,hardflow_sls-t,hardflow_sls-t,False,s_curve,mf,10.0,4.0,pid_stopgo,0.5,u18sc,unet,Gen15,10.0,10.0,0.3,,fm_only,none,cuda,,10.0
123,s_curve|mf|K10|bbunet|dp0.5|@u7hg,/data/home/llim/FMPCC/FM-PCC/logs/UAV_MIX/uav-s_curve/plans/mix_uav_mf/H8_Dmodels.mf_diffusion.MeanFlowODE_9D_dp0.5_bbunet/Emf_K10_mpc4_pid_stopgo_T0.5_u7hg,6,test,s_curve_hg_bounds+dynamics+geo_bounds+halfspace+obstacles,diffuser,diffuser,False,s_curve,mf,10.0,4.0,pid_stopgo,0.5,u7hg,unet,Gen15,10.0,10.0,0.3,,fm_only,none,cuda,,10.0
123,s_curve|mf|K10|bbunet|dp0.5|@u7hg,/data/home/llim/FMPCC/FM-PCC/logs/UAV_MIX/uav-s_curve/plans/mix_uav_mf/H8_Dmodels.mf_diffusion.MeanFlowODE_9D_dp0.5_bbunet/Emf_K10_mpc4_pid_stopgo_T0.5_u7hg,6,test,s_curve_hg_bounds+dynamics+geo_bounds+halfspace+obstacles,dpcc-c,dpcc-c,False,s_curve,mf,10.0,4.0,pid_stopgo,0.5,u7hg,unet,Gen15,10.0,10.0,0.3,,fm_only,none,cuda,,10.0
123,s_curve|mf|K10|bbunet|dp0.5|@u7hg,/data/home/llim/FMPCC/FM-PCC/logs/UAV_MIX/uav-s_curve/plans/mix_uav_mf/H8_Dmodels.mf_diffusion.MeanFlowODE_9D_dp0.5_bbunet/Emf_K10_mpc4_pid_stopgo_T0.5_u7hg,6,test,s_curve_hg_bounds+dynamics+geo_bounds+halfspace+obstacles,dpcc-r,dpcc-r,False,s_curve,mf,10.0,4.0,pid_stopgo,0.5,u7hg,unet,Gen15,10.0,10.0,0.3,,fm_only,none,cuda,,10.0
123,s_curve|mf|K10|bbunet|dp0.5|@u7hg,/data/home/llim/FMPCC/FM-PCC/logs/UAV_MIX/uav-s_curve/plans/mix_uav_mf/H8_Dmodels.mf_diffusion.MeanFlowODE_9D_dp0.5_bbunet/Emf_K10_mpc4_pid_stopgo_T0.5_u7hg,6,test,s_curve_hg_bounds+dynamics+geo_bounds+halfspace+obstacles,dpcc-t,dpcc-t,False,s_curve,mf,10.0,4.0,pid_stopgo,0.5,u7hg,unet,Gen15,10.0,10.0,0.3,,fm_only,none,cuda,,10.0
123,s_curve|mf|K10|bbunet|dp0.5|@u7hg,/data/home/llim/FMPCC/FM-PCC/logs/UAV_MIX/uav-s_curve/plans/mix_uav_mf/H8_Dmodels.mf_diffusion.MeanFlowODE_9D_dp0.5_bbunet/Emf_K10_mpc4_pid_stopgo_T0.5_u7hg,6,test,s_curve_hg_bounds+dynamics+geo_bounds+halfspace+obstacles,hardflow_sls,hardflow_sls,False,s_curve,mf,10.0,4.0,pid_stopgo,0.5,u7hg,unet,Gen15,10.0,10.0,0.3,,fm_only,none,cuda,,10.0
123,s_curve|mf|K10|bbunet|dp0.5|@u7hg,/data/home/llim/FMPCC/FM-PCC/logs/UAV_MIX/uav-s_curve/plans/mix_uav_mf/H8_Dmodels.mf_diffusion.MeanFlowODE_9D_dp0.5_bbunet/Emf_K10_mpc4_pid_stopgo_T0.5_u7hg,6,test,s_curve_hg_bounds+dynamics+geo_bounds+halfspace+obstacles,hardflow_sls-c,hardflow_sls-c,False,s_curve,mf,10.0,4.0,pid_stopgo,0.5,u7hg,unet,Gen15,10.0,10.0,0.3,,fm_only,none,cuda,,10.0
123,s_curve|mf|K10|bbunet|dp0.5|@u7hg,/data/home/llim/FMPCC/FM-PCC/logs/UAV_MIX/uav-s_curve/plans/mix_uav_mf/H8_Dmodels.mf_diffusion.MeanFlowODE_9D_dp0.5_bbunet/Emf_K10_mpc4_pid_stopgo_T0.5_u7hg,6,test,s_curve_hg_bounds+dynamics+geo_bounds+halfspace+obstacles,hardflow_sls-r,hardflow_sls-r,False,s_curve,mf,10.0,4.0,pid_stopgo,0.5,u7hg,unet,Gen15,10.0,10.0,0.3,,fm_only,none,cuda,,10.0
123,s_curve|mf|K10|bbunet|dp0.5|@u7hg,/data/home/llim/FMPCC/FM-PCC/logs/UAV_MIX/uav-s_curve/plans/mix_uav_mf/H8_Dmodels.mf_diffusion.MeanFlowODE_9D_dp0.5_bbunet/Emf_K10_mpc4_pid_stopgo_T0.5_u7hg,6,test,s_curve_hg_bounds+dynamics+geo_bounds+halfspace+obstacles,hardflow_sls-t,hardflow_sls-t,False,s_curve,mf,10.0,4.0,pid_stopgo,0.5,u7hg,unet,Gen15,10.0,10.0,0.3,,fm_only,none,cuda,,10.0
124,s_curve|mf|K2|bbunet|dp0.5|@u7hg,/data/home/llim/FMPCC/FM-PCC/logs/UAV_MIX/uav-s_curve/plans/mix_uav_mf/H8_Dmodels.mf_diffusion.MeanFlowODE_9D_dp0.5_bbunet/Emf_K2_mpc4_pid_stopgo_T0.5_u7hg,6,test,s_curve_hg_bounds+dynamics+geo_bounds+halfspace+obstacles,diffuser,diffuser,False,s_curve,mf,2.0,4.0,pid_stopgo,0.5,u7hg,unet,Gen15,2.0,10.0,0.3,,fm_only,none,cuda,,2.0
124,s_curve|mf|K2|bbunet|dp0.5|@u7hg,/data/home/llim/FMPCC/FM-PCC/logs/UAV_MIX/uav-s_curve/plans/mix_uav_mf/H8_Dmodels.mf_diffusion.MeanFlowODE_9D_dp0.5_bbunet/Emf_K2_mpc4_pid_stopgo_T0.5_u7hg,6,test,s_curve_hg_bounds+dynamics+geo_bounds+halfspace+obstacles,dpcc-c,dpcc-c,False,s_curve,mf,2.0,4.0,pid_stopgo,0.5,u7hg,unet,Gen15,2.0,10.0,0.3,,fm_only,none,cuda,,2.0
124,s_curve|mf|K2|bbunet|dp0.5|@u7hg,/data/home/llim/FMPCC/FM-PCC/logs/UAV_MIX/uav-s_curve/plans/mix_uav_mf/H8_Dmodels.mf_diffusion.MeanFlowODE_9D_dp0.5_bbunet/Emf_K2_mpc4_pid_stopgo_T0.5_u7hg,6,test,s_curve_hg_bounds+dynamics+geo_bounds+halfspace+obstacles,dpcc-c-geo_free,dpcc-c-geo_free,False,s_curve,mf,2.0,4.0,pid_stopgo,0.5,u7hg,unet,Gen15,2.0,10.0,0.3,,fm_only,none,cuda,,2.0
124,s_curve|mf|K2|bbunet|dp0.5|@u7hg,/data/home/llim/FMPCC/FM-PCC/logs/UAV_MIX/uav-s_curve/plans/mix_uav_mf/H8_Dmodels.mf_diffusion.MeanFlowODE_9D_dp0.5_bbunet/Emf_K2_mpc4_pid_stopgo_T0.5_u7hg,6,test,s_curve_hg_bounds+dynamics+geo_bounds+halfspace+obstacles,dpcc-c-tightened,dpcc-c,True,s_curve,mf,2.0,4.0,pid_stopgo,0.5,u7hg,unet,Gen15,2.0,10.0,0.3,,fm_only,none,cuda,,2.0
124,s_curve|mf|K2|bbunet|dp0.5|@u7hg,/data/home/llim/FMPCC/FM-PCC/logs/UAV_MIX/uav-s_curve/plans/mix_uav_mf/H8_Dmodels.mf_diffusion.MeanFlowODE_9D_dp0.5_bbunet/Emf_K2_mpc4_pid_stopgo_T0.5_u7hg,6,test,s_curve_hg_bounds+dynamics+geo_bounds+halfspace+obstacles,dpcc-r,dpcc-r,False,s_curve,mf,2.0,4.0,pid_stopgo,0.5,u7hg,unet,Gen15,2.0,10.0,0.3,,fm_only,none,cuda,,2.0
124,s_curve|mf|K2|bbunet|dp0.5|@u7hg,/data/home/llim/FMPCC/FM-PCC/logs/UAV_MIX/uav-s_curve/plans/mix_uav_mf/H8_Dmodels.mf_diffusion.MeanFlowODE_9D_dp0.5_bbunet/Emf_K2_mpc4_pid_stopgo_T0.5_u7hg,6,test,s_curve_hg_bounds+dynamics+geo_bounds+halfspace+obstacles,dpcc-r-geo_free,dpcc-r-geo_free,False,s_curve,mf,2.0,4.0,pid_stopgo,0.5,u7hg,unet,Gen15,2.0,10.0,0.3,,fm_only,none,cuda,,2.0
124,s_curve|mf|K2|bbunet|dp0.5|@u7hg,/data/home/llim/FMPCC/FM-PCC/logs/UAV_MIX/uav-s_curve/plans/mix_uav_mf/H8_Dmodels.mf_diffusion.MeanFlowODE_9D_dp0.5_bbunet/Emf_K2_mpc4_pid_stopgo_T0.5_u7hg,6,test,s_curve_hg_bounds+dynamics+geo_bounds+halfspace+obstacles,dpcc-r-tightened,dpcc-r,True,s_curve,mf,2.0,4.0,pid_stopgo,0.5,u7hg,unet,Gen15,2.0,10.0,0.3,,fm_only,none,cuda,,2.0
124,s_curve|mf|K2|bbunet|dp0.5|@u7hg,/data/home/llim/FMPCC/FM-PCC/logs/UAV_MIX/uav-s_curve/plans/mix_uav_mf/H8_Dmodels.mf_diffusion.MeanFlowODE_9D_dp0.5_bbunet/Emf_K2_mpc4_pid_stopgo_T0.5_u7hg,6,test,s_curve_hg_bounds+dynamics+geo_bounds+halfspace+obstacles,dpcc-t,dpcc-t,False,s_curve,mf,2.0,4.0,pid_stopgo,0.5,u7hg,unet,Gen15,2.0,10.0,0.3,,fm_only,none,cuda,,2.0
124,s_curve|mf|K2|bbunet|dp0.5|@u7hg,/data/home/llim/FMPCC/FM-PCC/logs/UAV_MIX/uav-s_curve/plans/mix_uav_mf/H8_Dmodels.mf_diffusion.MeanFlowODE_9D_dp0.5_bbunet/Emf_K2_mpc4_pid_stopgo_T0.5_u7hg,6,test,s_curve_hg_bounds+dynamics+geo_bounds+halfspace+obstacles,dpcc-t-geo_free,dpcc-t-geo_free,False,s_curve,mf,2.0,4.0,pid_stopgo,0.5,u7hg,unet,Gen15,2.0,10.0,0.3,,fm_only,none,cuda,,2.0
124,s_curve|mf|K2|bbunet|dp0.5|@u7hg,/data/home/llim/FMPCC/FM-PCC/logs/UAV_MIX/uav-s_curve/plans/mix_uav_mf/H8_Dmodels.mf_diffusion.MeanFlowODE_9D_dp0.5_bbunet/Emf_K2_mpc4_pid_stopgo_T0.5_u7hg,6,test,s_curve_hg_bounds+dynamics+geo_bounds+halfspace+obstacles,dpcc-t-tightened,dpcc-t,True,s_curve,mf,2.0,4.0,pid_stopgo,0.5,u7hg,unet,Gen15,2.0,10.0,0.3,,fm_only,none,cuda,,2.0
