backend,method,n_trials,avg_ms,std_ms,p50_ms,p95_ms,min_ms,max_ms
torchdiffeq,euler,1,143.5807909997493,0.0,143.5807909997493,143.5807909997493,143.5807909997493,143.5807909997493
torchdiffeq,midpoint,1,241.26202500019645,0.0,241.26202500019645,241.26202500019645,241.26202500019645,241.26202500019645
torchdiffeq,rk4,1,504.16497599962895,0.0,504.16497599962895,504.16497599962895,504.16497599962895,504.16497599962895
