/bin/bash: /u/home/llim/miniconda3/lib/libtinfo.so.6: no version information available (required by /bin/bash)
================================================================================
JOB START: Mon Jul 20 09:51:49 UTC 2026
JOB NAME:  fig11_compare_hardflow   ID: 23609   NODE: i6-gpu-1
CONDA ENV: hardflow_clone   (clone of FMPCC — live env untouched)
HARDFLOW_REPO: /u/home/llim/FMPCC/FM-PCC/HardFlow
LOG COLLECT:   /u/home/llim/FMPCC/FM-PCC/logs/hardflow
NVIDIA RTX A5000, 530.41.03, 24564 MiB
NVIDIA RTX A5000, 530.41.03, 24564 MiB
NVIDIA RTX A5000, 530.41.03, 24564 MiB
NVIDIA RTX A5000, 530.41.03, 24564 MiB
NVIDIA RTX A5000, 530.41.03, 24564 MiB
NVIDIA RTX A5000, 530.41.03, 24564 MiB
NVIDIA RTX A5000, 530.41.03, 24564 MiB
NVIDIA RTX A5000, 530.41.03, 24564 MiB
HARDFLOW GIT: 3f7ba7b
================================================================================
[ HF-BRIDGE ] python: /u/home/llim/miniconda3/envs/hardflow_clone/bin/python
[ HF-BRIDGE ] tyro OK, gym==0.20.0
[ GPU-CHECK ] CUDA_VISIBLE_DEVICES=0  MUJOCO_EGL_DEVICE_ID=0
[ HF-BRIDGE ] /u/home/llim/FMPCC/FM-PCC/HardFlow/logs -> /u/home/llim/FMPCC/FM-PCC/logs/hardflow
[ HF-BRIDGE ] cwd: /u/home/llim/FMPCC/FM-PCC/HardFlow
==============================================================
[ u_8 ] capturing planning instances: backbone=imf  n=3
==============================================================
bash: /u/home/llim/miniconda3/lib/libtinfo.so.6: no version information available (required by bash)
=== [fix_7 smoothness] backbone=imf guidance=hardflow_new_imf K=5 n=3 ===
=== exp_name: diag_smooth_imf_guided_K5_n3 ===
[ datasets/buffer ] Finalized replay buffer | 96 episodes
[ datasets/sequence ] Calculating normalizer...
[ datasets/sequence ] Normalizer saved at logs/avoiding-v0/normalizer/normalizer_H16.pth
[ datasets/sequence ] Normalizer acquired
[ datasets/sequence ] Indices made
Normalizing...
  0%|          | 0/2 [00:00<?, ?it/s]100%|██████████| 2/2 [00:00<00:00, 2236.96it/s]
WARNING: mju_openResource: could not open resource '/u/home/llim/FMPCC/FM-PCC/HardFlow/d3il/environments/d3il/models/mj/robot/panda_tmp_rb1_a3cc07fa-8420-11f1-a832-d85ed34e311e.xml' with default provider at slot 1

[ datasets/sequence ] Normalized
[ datasets/buffer ] Fields:
    observations: (96, 200, 4)
    actions: (96, 200, 2)
    rewards: (96, 200, 1)
    terminals: (96, 200, 1)
    timeouts: (96, 200, 1)
    normed_observations: (96, 200, 4)
    normed_actions: (96, 200, 2)
Loading fitted dynamics from logs/avoiding-v0/dynamics/linear_model.npz
Fitted dynamics loaded successfully
[ models/temporal_imf ] Channel dimensions: [(6, 32), (32, 128), (128, 256)]
[ eval_imf ] backbone=imf  loading checkpoint: logs/avoiding-v0/flow/H16_imf_100k/model_ema_4.pth
Final IK error (78 iterations):  7.285862274064339e-06
Final IK error (0 iterations):  7.285862274064339e-06

******************************************************************************
This program contains Ipopt, a library for large-scale nonlinear optimization.
 Ipopt is released as open source code under the Eclipse Public License (EPL).
         For more information visit https://github.com/coin-or/Ipopt
******************************************************************************

[ eval_imf ] episode 0: SUCCESS  steps=51  violations=0  reward=1.000  nlp=35  rough=2.437e-06
Saved trajectory plot to: logs/avoiding-v0/eval/diag_smooth_imf_guided_K5_n3/0_real.png
Saved trajectory plot to: logs/avoiding-v0/eval/diag_smooth_imf_guided_K5_n3/0_fan.png
[ eval_imf ] episode 1: SUCCESS  steps=51  violations=0  reward=1.000  nlp=35  rough=2.152e-06
Saved trajectory plot to: logs/avoiding-v0/eval/diag_smooth_imf_guided_K5_n3/1_real.png
Saved trajectory plot to: logs/avoiding-v0/eval/diag_smooth_imf_guided_K5_n3/1_fan.png
[ eval_imf ] episode 2: SUCCESS  steps=55  violations=0  reward=1.000  nlp=35  rough=2.698e-06
Saved trajectory plot to: logs/avoiding-v0/eval/diag_smooth_imf_guided_K5_n3/2_real.png
Saved trajectory plot to: logs/avoiding-v0/eval/diag_smooth_imf_guided_K5_n3/2_fan.png
[ eval_imf ] done. mean NFE/plan: 21.0  all NLP solves OK  csv: logs/avoiding-v0/eval/diag_smooth_imf_guided_K5_n3/trajectories.csv
Total runtime: 0h 0m 26s
==============================================================
[ u_8 ] capturing planning instances: backbone=fm  n=3
==============================================================
bash: /u/home/llim/miniconda3/lib/libtinfo.so.6: no version information available (required by bash)
=== [fix_7 smoothness] backbone=fm guidance=hardflow_new K=10 n=3 ===
=== exp_name: diag_smooth_fm_guided_K10_n3 ===
[ datasets/buffer ] Finalized replay buffer | 96 episodes
[ datasets/sequence ] Calculating normalizer...
[ datasets/sequence ] Normalizer saved at logs/avoiding-v0/normalizer/normalizer_H16.pth
[ datasets/sequence ] Normalizer acquired
[ datasets/sequence ] Indices made
Normalizing...
  0%|          | 0/2 [00:00<?, ?it/s]100%|██████████| 2/2 [00:00<00:00, 2518.35it/s]
WARNING: mju_openResource: could not open resource '/u/home/llim/FMPCC/FM-PCC/HardFlow/d3il/environments/d3il/models/mj/robot/panda_tmp_rb1_b3163e4c-8420-11f1-85ad-d85ed34e311e.xml' with default provider at slot 1

[ datasets/sequence ] Normalized
[ datasets/buffer ] Fields:
    observations: (96, 200, 4)
    actions: (96, 200, 2)
    rewards: (96, 200, 1)
    terminals: (96, 200, 1)
    timeouts: (96, 200, 1)
    normed_observations: (96, 200, 4)
    normed_actions: (96, 200, 2)
Loading fitted dynamics from logs/avoiding-v0/dynamics/linear_model.npz
Fitted dynamics loaded successfully
[ models/temporal ] Channel dimensions: [(6, 32), (32, 128), (128, 256)]
[(6, 32), (32, 128), (128, 256)]
[ eval_imf ] backbone=fm  loading checkpoint: logs/avoiding-v0/flow/H16_1e6steps/model_ema_20.pth
Final IK error (78 iterations):  7.285862274064339e-06
Final IK error (0 iterations):  7.285862274064339e-06

******************************************************************************
This program contains Ipopt, a library for large-scale nonlinear optimization.
 Ipopt is released as open source code under the Eclipse Public License (EPL).
         For more information visit https://github.com/coin-or/Ipopt
******************************************************************************

      solver  :   t_proc      (avg)   t_wall      (avg)    n_eval
       nlp_f  | 103.00us (  4.48us)  66.66us (  2.90us)        23
       nlp_g  |   2.29ms ( 99.43us)   1.55ms ( 67.28us)        23
  nlp_grad_f  | 164.00us (  6.83us)  96.39us (  4.02us)        24
   nlp_jac_g  |   7.99ms (332.96us)   5.21ms (217.06us)        24
       total  | 212.69ms (212.69ms) 151.86ms (151.86ms)         1
      solver  :   t_proc      (avg)   t_wall      (avg)    n_eval
       nlp_f  | 141.00us (  3.71us) 103.98us (  2.74us)        38
       nlp_g  |   3.14ms ( 82.74us)   2.40ms ( 63.10us)        38
    nlp_grad  | 102.00us (102.00us) 101.69us (101.69us)         1
  nlp_grad_f  | 221.00us (  5.52us) 152.12us (  3.80us)        40
   nlp_jac_g  |  10.99ms (274.75us)   8.21ms (205.30us)        40
       total  |  72.39ms ( 72.39ms)  72.35ms ( 72.35ms)         1
      solver  :   t_proc      (avg)   t_wall      (avg)    n_eval
       nlp_f  | 176.00us (  3.38us) 138.78us (  2.67us)        52
       nlp_g  |   3.94ms ( 75.81us)   3.19ms ( 61.29us)        52
    nlp_grad  | 217.00us (108.50us) 216.51us (108.26us)         2
  nlp_grad_f  | 275.00us (  5.00us) 202.91us (  3.69us)        55
   nlp_jac_g  |  13.82ms (251.27us)  11.02ms (200.39us)        55
       total  |  75.96ms ( 75.96ms)  75.94ms ( 75.94ms)         1
      solver  :   t_proc      (avg)   t_wall      (avg)    n_eval
       nlp_f  | 206.00us (  3.22us) 168.80us (  2.64us)        64
       nlp_g  |   4.63ms ( 72.36us)   3.87ms ( 60.48us)        64
    nlp_grad  | 326.00us (108.67us) 325.12us (108.37us)         3
  nlp_grad_f  | 319.00us (  4.69us) 246.87us (  3.63us)        68
   nlp_jac_g  |  16.27ms (239.31us)  13.48ms (198.24us)        68
       total  |  61.61ms ( 61.61ms)  61.58ms ( 61.58ms)         1
      solver  :   t_proc      (avg)   t_wall      (avg)    n_eval
       nlp_f  | 236.00us (  3.15us) 196.05us (  2.61us)        75
       nlp_g  |   5.26ms ( 70.15us)   4.49ms ( 59.93us)        75
    nlp_grad  | 437.00us (109.25us) 436.21us (109.05us)         4
  nlp_grad_f  | 362.00us (  4.53us) 290.02us (  3.63us)        80
   nlp_jac_g  |  18.54ms (231.75us)  15.75ms (196.88us)        80
       total  |  54.32ms ( 54.32ms)  54.32ms ( 54.32ms)         1
      solver  :   t_proc      (avg)   t_wall      (avg)    n_eval
       nlp_f  | 265.00us (  3.08us) 223.63us (  2.60us)        86
       nlp_g  |   5.89ms ( 68.48us)   5.12ms ( 59.53us)        86
    nlp_grad  | 543.00us (108.60us) 542.89us (108.58us)         5
  nlp_grad_f  | 407.00us (  4.42us) 330.83us (  3.60us)        92
   nlp_jac_g  |  20.82ms (226.34us)  18.04ms (196.07us)        92
       total  |  53.15ms ( 53.15ms)  53.15ms ( 53.15ms)         1
      solver  :   t_proc      (avg)   t_wall      (avg)    n_eval
       nlp_f  | 293.00us (  2.99us) 253.50us (  2.59us)        98
       nlp_g  |   6.57ms ( 67.08us)   5.80ms ( 59.16us)        98
    nlp_grad  | 652.00us (108.67us) 651.60us (108.60us)         6
  nlp_grad_f  | 452.00us (  4.30us) 374.91us (  3.57us)       105
   nlp_jac_g  |  23.28ms (221.71us)  20.50ms (195.26us)       105
       total  |  64.98ms ( 64.98ms)  64.95ms ( 64.95ms)         1
      solver  :   t_proc      (avg)   t_wall      (avg)    n_eval
       nlp_f  | 328.00us (  2.95us) 286.55us (  2.58us)       111
       nlp_g  |   7.33ms ( 66.06us)   6.55ms ( 59.00us)       111
    nlp_grad  | 768.00us (109.71us) 768.23us (109.75us)         7
  nlp_grad_f  | 509.00us (  4.28us) 427.89us (  3.60us)       119
   nlp_jac_g  |  26.00ms (218.48us)  23.22ms (195.16us)       119
       total  |  73.00ms ( 73.00ms)  72.96ms ( 72.96ms)         1
      solver  :   t_proc      (avg)   t_wall      (avg)    n_eval
       nlp_f  | 359.00us (  2.92us) 316.68us (  2.57us)       123
       nlp_g  |   8.02ms ( 65.17us)   7.23ms ( 58.75us)       123
    nlp_grad  | 897.00us (112.12us) 897.45us (112.18us)         8
  nlp_grad_f  | 554.00us (  4.20us) 472.08us (  3.58us)       132
   nlp_jac_g  |  28.42ms (215.33us)  25.65ms (194.32us)       132
       total  |  66.45ms ( 66.45ms)  66.42ms ( 66.42ms)         1
      solver  :   t_proc      (avg)   t_wall      (avg)    n_eval
       nlp_f  | 388.00us (  2.90us) 344.33us (  2.57us)       134
       nlp_g  |   8.64ms ( 64.49us)   7.85ms ( 58.55us)       134
    nlp_grad  |   1.01ms (112.11us)   1.01ms (112.12us)         9
  nlp_grad_f  | 598.00us (  4.15us) 513.03us (  3.56us)       144
   nlp_jac_g  |  30.66ms (212.94us)  27.90ms (193.72us)       144
       total  |  58.87ms ( 58.87ms)  58.87ms ( 58.87ms)         1

    Norm of Control Inputs: 15.671958

      solver  :   t_proc      (avg)   t_wall      (avg)    n_eval
       nlp_f  | 423.00us (  2.90us) 375.16us (  2.57us)       146
       nlp_g  |   9.33ms ( 63.92us)   8.53ms ( 58.44us)       146
    nlp_grad  |   1.12ms (111.70us)   1.12ms (111.72us)        10
  nlp_grad_f  | 651.00us (  4.15us) 565.88us (  3.60us)       157
   nlp_jac_g  |  33.26ms (211.87us)  30.50ms (194.27us)       157
       total  |  64.67ms ( 64.67ms)  64.61ms ( 64.61ms)         1
      solver  :   t_proc      (avg)   t_wall      (avg)    n_eval
       nlp_f  | 455.00us (  2.88us) 405.29us (  2.57us)       158
       nlp_g  |  10.01ms ( 63.39us)   9.21ms ( 58.28us)       158
    nlp_grad  |   1.26ms (114.73us)   1.26ms (114.75us)        11
  nlp_grad_f  | 699.00us (  4.11us) 611.37us (  3.60us)       170
   nlp_jac_g  |  35.75ms (210.28us)  32.96ms (193.88us)       170
       total  |  66.77ms ( 66.77ms)  66.72ms ( 66.72ms)         1
      solver  :   t_proc      (avg)   t_wall      (avg)    n_eval
       nlp_f  | 487.00us (  2.88us) 432.93us (  2.56us)       169
       nlp_g  |  10.64ms ( 62.98us)   9.83ms ( 58.15us)       169
    nlp_grad  |   1.38ms (114.58us)   1.38ms (114.62us)        12
  nlp_grad_f  | 742.00us (  4.08us) 653.20us (  3.59us)       182
   nlp_jac_g  |  38.01ms (208.85us)  35.23ms (193.56us)       182
       total  |  60.76ms ( 60.76ms)  60.76ms ( 60.76ms)         1
      solver  :   t_proc      (avg)   t_wall      (avg)    n_eval
       nlp_f  | 513.00us (  2.87us) 458.15us (  2.56us)       179
       nlp_g  |  11.21ms ( 62.63us)  10.39ms ( 58.05us)       179
    nlp_grad  |   1.49ms (114.31us)   1.49ms (114.34us)        13
  nlp_grad_f  | 782.00us (  4.05us) 692.24us (  3.59us)       193
   nlp_jac_g  |  40.08ms (207.67us)  37.30ms (193.29us)       193
       total  |  52.03ms ( 52.03ms)  52.00ms ( 52.00ms)         1
      solver  :   t_proc      (avg)   t_wall      (avg)    n_eval
       nlp_f  | 544.00us (  2.86us) 485.85us (  2.56us)       190
       nlp_g  |  11.84ms ( 62.34us)  11.02ms ( 57.99us)       190
    nlp_grad  |   1.60ms (114.07us)   1.60ms (114.12us)        14
  nlp_grad_f  | 830.00us (  4.05us) 736.93us (  3.59us)       205
   nlp_jac_g  |  42.39ms (206.77us)  39.62ms (193.25us)       205
       total  |  59.55ms ( 59.55ms)  59.50ms ( 59.50ms)         1
      solver  :   t_proc      (avg)   t_wall      (avg)    n_eval
       nlp_f  | 569.00us (  2.85us) 511.06us (  2.56us)       200
       nlp_g  |  12.41ms ( 62.06us)  11.58ms ( 57.91us)       200
    nlp_grad  |   1.73ms (115.20us)   1.73ms (115.25us)        15
  nlp_grad_f  | 870.00us (  4.03us) 775.11us (  3.59us)       216
   nlp_jac_g  |  44.45ms (205.78us)  41.68ms (192.96us)       216
       total  |  52.74ms ( 52.74ms)  52.74ms ( 52.74ms)         1
      solver  :   t_proc      (avg)   t_wall      (avg)    n_eval
       nlp_f  | 598.00us (  2.83us) 538.21us (  2.55us)       211
       nlp_g  |  13.03ms ( 61.77us)  12.20ms ( 57.83us)       211
    nlp_grad  |   1.84ms (115.00us)   1.84ms (115.05us)        16
  nlp_grad_f  | 913.00us (  4.00us) 816.60us (  3.58us)       228
   nlp_jac_g  |  46.71ms (204.87us)  43.94ms (192.74us)       228
       total  |  59.82ms ( 59.82ms)  59.82ms ( 59.82ms)         1
      solver  :   t_proc      (avg)   t_wall      (avg)    n_eval
       nlp_f  | 621.00us (  2.82us) 561.02us (  2.55us)       220
       nlp_g  |  13.54ms ( 61.57us)  12.71ms ( 57.76us)       220
    nlp_grad  |   1.95ms (114.76us)   1.95ms (114.86us)        17
  nlp_grad_f  | 950.00us (  3.99us) 851.94us (  3.58us)       238
   nlp_jac_g  |  48.59ms (204.18us)  45.83ms (192.57us)       238
       total  |  44.92ms ( 44.92ms)  44.89ms ( 44.89ms)         1
      solver  :   t_proc      (avg)   t_wall      (avg)    n_eval
       nlp_f  | 647.00us (  2.81us) 585.98us (  2.55us)       230
       nlp_g  |  14.11ms ( 61.35us)  13.27ms ( 57.70us)       230
    nlp_grad  |   2.06ms (114.61us)   2.07ms (114.72us)        18
  nlp_grad_f  | 988.00us (  3.97us) 890.82us (  3.58us)       249
   nlp_jac_g  |  50.68ms (203.55us)  47.92ms (192.46us)       249
       total  |  51.76ms ( 51.76ms)  51.74ms ( 51.74ms)         1
      solver  :   t_proc      (avg)   t_wall      (avg)    n_eval
       nlp_f  | 674.00us (  2.81us) 611.32us (  2.55us)       240
       nlp_g  |  14.68ms ( 61.16us)  13.83ms ( 57.64us)       240
    nlp_grad  |   2.18ms (114.53us)   2.18ms (114.60us)        19
  nlp_grad_f  |   1.03ms (  3.97us) 930.37us (  3.58us)       260
   nlp_jac_g  |  52.80ms (203.06us)  50.01ms (192.33us)       260
       total  |  53.37ms ( 53.37ms)  53.33ms ( 53.33ms)         1

    Norm of Control Inputs: 13.439754

      solver  :   t_proc      (avg)   t_wall      (avg)    n_eval
       nlp_f  | 704.00us (  2.80us) 640.57us (  2.55us)       251
       nlp_g  |  15.31ms ( 61.00us)  14.46ms ( 57.62us)       251
    nlp_grad  |   2.29ms (114.35us)   2.29ms (114.43us)        20
  nlp_grad_f  |   1.09ms (  3.99us) 980.40us (  3.60us)       272
   nlp_jac_g  |  55.21ms (202.97us)  52.42ms (192.73us)       272
       total  |  55.37ms ( 55.37ms)  55.36ms ( 55.36ms)         1
      solver  :   t_proc      (avg)   t_wall      (avg)    n_eval
       nlp_f  | 729.00us (  2.80us) 663.52us (  2.55us)       260
       nlp_g  |  15.82ms ( 60.85us)  14.97ms ( 57.57us)       260
    nlp_grad  |   2.43ms (115.52us)   2.43ms (115.62us)        21
  nlp_grad_f  |   1.12ms (  3.98us)   1.02ms (  3.60us)       282
   nlp_jac_g  |  57.08ms (202.41us)  54.30ms (192.54us)       282
       total  |  45.57ms ( 45.57ms)  45.52ms ( 45.52ms)         1
      solver  :   t_proc      (avg)   t_wall      (avg)    n_eval
       nlp_f  | 756.00us (  2.81us) 687.59us (  2.56us)       269
       nlp_g  |  16.36ms ( 60.81us)  15.50ms ( 57.61us)       269
    nlp_grad  |   2.54ms (115.36us)   2.54ms (115.45us)        22
  nlp_grad_f  |   1.16ms (  3.97us)   1.05ms (  3.60us)       292
   nlp_jac_g  |  59.03ms (202.15us)  56.25ms (192.62us)       292
       total  |  48.90ms ( 48.90ms)  48.89ms ( 48.89ms)         1
      solver  :   t_proc      (avg)   t_wall      (avg)    n_eval
       nlp_f  | 780.00us (  2.81us) 710.58us (  2.56us)       278
       nlp_g  |  16.87ms ( 60.69us)  16.01ms ( 57.58us)       278
    nlp_grad  |   2.69ms (116.96us)   2.69ms (117.04us)        23
  nlp_grad_f  |   1.20ms (  3.96us)   1.09ms (  3.60us)       302
   nlp_jac_g  |  60.92ms (201.73us)  58.14ms (192.52us)       302
       total  |  44.56ms ( 44.56ms)  44.56ms ( 44.56ms)         1
      solver  :   t_proc      (avg)   t_wall      (avg)    n_eval
       nlp_f  | 804.00us (  2.80us) 733.09us (  2.55us)       287
       nlp_g  |  17.40ms ( 60.61us)  16.53ms ( 57.59us)       287
    nlp_grad  |   2.81ms (116.96us)   2.81ms (117.05us)        24
  nlp_grad_f  |   1.23ms (  3.96us)   1.12ms (  3.60us)       312
   nlp_jac_g  |  62.82ms (201.35us)  60.04ms (192.45us)       312
       total  |  45.08ms ( 45.08ms)  45.04ms ( 45.04ms)         1
      solver  :   t_proc      (avg)   t_wall      (avg)    n_eval
       nlp_f  | 829.00us (  2.80us) 756.68us (  2.56us)       296
       nlp_g  |  17.91ms ( 60.50us)  17.04ms ( 57.55us)       296
    nlp_grad  |   2.92ms (116.68us)   2.92ms (116.79us)        25
  nlp_grad_f  |   1.27ms (  3.95us)   1.16ms (  3.60us)       322
   nlp_jac_g  |  64.74ms (201.05us)  61.96ms (192.43us)       322
       total  |  44.97ms ( 44.97ms)  44.95ms ( 44.95ms)         1
      solver  :   t_proc      (avg)   t_wall      (avg)    n_eval
       nlp_f  | 854.00us (  2.81us) 777.95us (  2.56us)       304
       nlp_g  |  18.36ms ( 60.40us)  17.49ms ( 57.52us)       304
    nlp_grad  |   3.03ms (116.73us)   3.04ms (116.83us)        26
  nlp_grad_f  |   1.30ms (  3.94us)   1.19ms (  3.60us)       331
   nlp_jac_g  |  66.43ms (200.69us)  63.66ms (192.32us)       331
       total  |  38.85ms ( 38.85ms)  38.82ms ( 38.82ms)         1
      solver  :   t_proc      (avg)   t_wall      (avg)    n_eval
       nlp_f  | 876.00us (  2.81us) 798.46us (  2.56us)       312
       nlp_g  |  18.82ms ( 60.33us)  17.94ms ( 57.51us)       312
    nlp_grad  |   3.14ms (116.37us)   3.14ms (116.47us)        27
  nlp_grad_f  |   1.34ms (  3.94us)   1.22ms (  3.60us)       340
   nlp_jac_g  |  68.14ms (200.42us)  65.37ms (192.27us)       340
       total  |  38.61ms ( 38.61ms)  38.61ms ( 38.61ms)         1
      solver  :   t_proc      (avg)   t_wall      (avg)    n_eval
       nlp_f  | 897.00us (  2.80us) 818.27us (  2.56us)       320
       nlp_g  |  19.28ms ( 60.24us)  18.40ms ( 57.49us)       320
    nlp_grad  |   3.25ms (116.18us)   3.26ms (116.27us)        28
  nlp_grad_f  |   1.37ms (  3.93us)   1.25ms (  3.60us)       349
   nlp_jac_g  |  69.83ms (200.09us)  67.07ms (192.17us)       349
       total  |  38.63ms ( 38.63ms)  38.59ms ( 38.59ms)         1
      solver  :   t_proc      (avg)   t_wall      (avg)    n_eval
       nlp_f  | 918.00us (  2.80us) 838.37us (  2.56us)       328
       nlp_g  |  19.73ms ( 60.15us)  18.85ms ( 57.46us)       328
    nlp_grad  |   3.36ms (116.03us)   3.37ms (116.14us)        29
  nlp_grad_f  |   1.40ms (  3.92us)   1.29ms (  3.59us)       358
   nlp_jac_g  |  71.51ms (199.76us)  68.75ms (192.04us)       358
       total  |  38.77ms ( 38.77ms)  38.77ms ( 38.77ms)         1

    Norm of Control Inputs: 7.395884

      solver  :   t_proc      (avg)   t_wall      (avg)    n_eval
       nlp_f  | 966.00us (  2.78us) 886.24us (  2.55us)       347
       nlp_g  |  20.82ms ( 60.00us)  19.93ms ( 57.42us)       347
    nlp_grad  |   3.47ms (115.77us)   3.48ms (115.86us)        30
  nlp_grad_f  |   1.48ms (  3.93us)   1.36ms (  3.60us)       378
   nlp_jac_g  |  75.43ms (199.54us)  72.67ms (192.24us)       378
       total  | 101.94ms (101.94ms) 101.89ms (101.89ms)         1
      solver  :   t_proc      (avg)   t_wall      (avg)    n_eval
       nlp_f  |   1.00ms (  2.79us) 920.92us (  2.57us)       359
       nlp_g  |  21.57ms ( 60.08us)  20.67ms ( 57.57us)       359
    nlp_grad  |   3.62ms (116.71us)   3.62ms (116.78us)        31
  nlp_grad_f  |   1.53ms (  3.93us)   1.41ms (  3.61us)       391
   nlp_jac_g  |  78.00ms (199.50us)  75.25ms (192.45us)       391
       total  |  69.30ms ( 69.30ms)  69.26ms ( 69.26ms)         1
      solver  :   t_proc      (avg)   t_wall      (avg)    n_eval
       nlp_f  |   1.04ms (  2.79us) 955.36us (  2.56us)       373
       nlp_g  |  22.37ms ( 59.96us)  21.46ms ( 57.52us)       373
    nlp_grad  |   3.79ms (118.50us)   3.79ms (118.58us)        32
  nlp_grad_f  |   1.59ms (  3.91us)   1.46ms (  3.60us)       406
   nlp_jac_g  |  80.82ms (199.06us)  78.07ms (192.30us)       406
       total  |  81.74ms ( 81.74ms)  81.69ms ( 81.69ms)         1
      solver  :   t_proc      (avg)   t_wall      (avg)    n_eval
       nlp_f  |   1.07ms (  2.78us) 985.59us (  2.56us)       385
       nlp_g  |  23.05ms ( 59.87us)  22.13ms ( 57.49us)       385
    nlp_grad  |   3.90ms (118.33us)   3.91ms (118.43us)        33
  nlp_grad_f  |   1.64ms (  3.91us)   1.51ms (  3.60us)       419
   nlp_jac_g  |  83.26ms (198.70us)  80.51ms (192.16us)       419
       total  |  68.00ms ( 68.00ms)  67.97ms ( 67.97ms)         1
      solver  :   t_proc      (avg)   t_wall      (avg)    n_eval
       nlp_f  |   1.10ms (  2.77us)   1.01ms (  2.56us)       396
       nlp_g  |  23.68ms ( 59.80us)  22.75ms ( 57.46us)       396
    nlp_grad  |   4.01ms (118.09us)   4.02ms (118.19us)        34
  nlp_grad_f  |   1.68ms (  3.89us)   1.55ms (  3.59us)       431
   nlp_jac_g  |  85.50ms (198.38us)  82.77ms (192.03us)       431
       total  |  60.35ms ( 60.35ms)  60.35ms ( 60.35ms)         1
      solver  :   t_proc      (avg)   t_wall      (avg)    n_eval
       nlp_f  |   1.12ms (  2.77us)   1.04ms (  2.56us)       405
       nlp_g  |  24.19ms ( 59.74us)  23.27ms ( 57.45us)       405
    nlp_grad  |   4.12ms (117.74us)   4.13ms (117.86us)        35
  nlp_grad_f  |   1.71ms (  3.89us)   1.58ms (  3.59us)       441
   nlp_jac_g  |  87.40ms (198.17us)  84.66ms (191.98us)       441
       total  |  45.34ms ( 45.34ms)  45.32ms ( 45.32ms)         1
      solver  :   t_proc      (avg)   t_wall      (avg)    n_eval
       nlp_f  |   1.14ms (  2.77us)   1.06ms (  2.56us)       413
       nlp_g  |  24.65ms ( 59.68us)  23.72ms ( 57.42us)       413
    nlp_grad  |   4.23ms (117.50us)   4.23ms (117.61us)        36
  nlp_grad_f  |   1.75ms (  3.89us)   1.62ms (  3.59us)       450
   nlp_jac_g  |  89.08ms (197.96us)  86.35ms (191.89us)       450
       total  |  38.21ms ( 38.21ms)  38.21ms ( 38.21ms)         1
      solver  :   t_proc      (avg)   t_wall      (avg)    n_eval
       nlp_f  |   1.17ms (  2.77us)   1.08ms (  2.56us)       421
       nlp_g  |  25.10ms ( 59.62us)  24.17ms ( 57.40us)       421
    nlp_grad  |   4.34ms (117.22us)   4.34ms (117.32us)        37
  nlp_grad_f  |   1.78ms (  3.89us)   1.65ms (  3.59us)       459
   nlp_jac_g  |  90.79ms (197.80us)  88.06ms (191.86us)       459
       total  |  38.24ms ( 38.24ms)  38.23ms ( 38.23ms)         1
      solver  :   t_proc      (avg)   t_wall      (avg)    n_eval
       nlp_f  |   1.19ms (  2.77us)   1.10ms (  2.56us)       429
       nlp_g  |  25.56ms ( 59.57us)  24.62ms ( 57.38us)       429
    nlp_grad  |   4.44ms (116.95us)   4.45ms (117.04us)        38
  nlp_grad_f  |   1.82ms (  3.88us)   1.68ms (  3.59us)       468
   nlp_jac_g  |  92.48ms (197.60us)  89.75ms (191.78us)       468
       total  |  38.34ms ( 38.34ms)  38.31ms ( 38.31ms)         1
      solver  :   t_proc      (avg)   t_wall      (avg)    n_eval
       nlp_f  |   1.21ms (  2.77us)   1.12ms (  2.56us)       437
       nlp_g  |  26.01ms ( 59.52us)  25.07ms ( 57.36us)       437
    nlp_grad  |   4.55ms (116.67us)   4.55ms (116.76us)        39
  nlp_grad_f  |   1.85ms (  3.88us)   1.71ms (  3.59us)       477
   nlp_jac_g  |  94.16ms (197.41us)  91.44ms (191.71us)       477
       total  |  38.85ms ( 38.85ms)  38.85ms ( 38.85ms)         1

    Norm of Control Inputs: 16.777137

      solver  :   t_proc      (avg)   t_wall      (avg)    n_eval
       nlp_f  |   1.24ms (  2.77us)   1.15ms (  2.56us)       448
       nlp_g  |  26.64ms ( 59.47us)  25.70ms ( 57.36us)       448
    nlp_grad  |   4.66ms (116.43us)   4.66ms (116.52us)        40
  nlp_grad_f  |   1.90ms (  3.89us)   1.76ms (  3.60us)       489
   nlp_jac_g  |  96.59ms (197.52us)  93.87ms (191.96us)       489
       total  |  55.75ms ( 55.75ms)  55.74ms ( 55.74ms)         1
      solver  :   t_proc      (avg)   t_wall      (avg)    n_eval
       nlp_f  |   1.27ms (  2.76us)   1.17ms (  2.56us)       458
       nlp_g  |  27.21ms ( 59.41us)  26.26ms ( 57.34us)       458
    nlp_grad  |   4.79ms (116.93us)   4.80ms (117.01us)        41
  nlp_grad_f  |   1.94ms (  3.88us)   1.80ms (  3.60us)       500
   nlp_jac_g  |  98.67ms (197.34us)  95.96ms (191.92us)       500
       total  |  46.82ms ( 46.82ms)  46.77ms ( 46.77ms)         1
      solver  :   t_proc      (avg)   t_wall      (avg)    n_eval
       nlp_f  |   1.29ms (  2.76us)   1.20ms (  2.56us)       468
       nlp_g  |  27.78ms ( 59.35us)  26.82ms ( 57.31us)       468
    nlp_grad  |   4.91ms (116.88us)   4.91ms (116.97us)        42
  nlp_grad_f  |   1.98ms (  3.88us)   1.84ms (  3.61us)       511
   nlp_jac_g  | 100.73ms (197.13us)  98.02ms (191.82us)       511
       total  |  47.63ms ( 47.63ms)  47.60ms ( 47.60ms)         1
      solver  :   t_proc      (avg)   t_wall      (avg)    n_eval
       nlp_f  |   1.32ms (  2.75us)   1.22ms (  2.55us)       479
       nlp_g  |  28.40ms ( 59.29us)  27.44ms ( 57.29us)       479
    nlp_grad  |   5.02ms (116.67us)   5.02ms (116.76us)        43
  nlp_grad_f  |   2.03ms (  3.88us)   1.88ms (  3.60us)       523
   nlp_jac_g  | 103.01ms (196.95us) 100.30ms (191.78us)       523
       total  |  54.54ms ( 54.54ms)  54.53ms ( 54.53ms)         1
      solver  :   t_proc      (avg)   t_wall      (avg)    n_eval
       nlp_f  |   1.35ms (  2.75us)   1.25ms (  2.55us)       491
       nlp_g  |  29.08ms ( 59.23us)  28.12ms ( 57.27us)       491
    nlp_grad  |   5.12ms (116.48us)   5.13ms (116.56us)        44
  nlp_grad_f  |   2.07ms (  3.87us)   1.93ms (  3.60us)       536
   nlp_jac_g  | 105.43ms (196.70us) 102.73ms (191.65us)       536
       total  |  63.23ms ( 63.23ms)  63.21ms ( 63.21ms)         1
      solver  :   t_proc      (avg)   t_wall      (avg)    n_eval
       nlp_f  |   1.38ms (  2.74us)   1.28ms (  2.55us)       502
       nlp_g  |  29.71ms ( 59.18us)  28.74ms ( 57.25us)       502
    nlp_grad  |   5.23ms (116.29us)   5.24ms (116.37us)        45
  nlp_grad_f  |   2.12ms (  3.86us)   1.97ms (  3.59us)       548
   nlp_jac_g  | 107.68ms (196.50us) 104.98ms (191.57us)       548
       total  |  54.59ms ( 54.59ms)  54.56ms ( 54.56ms)         1
      solver  :   t_proc      (avg)   t_wall      (avg)    n_eval
       nlp_f  |   1.41ms (  2.74us)   1.31ms (  2.55us)       514
       nlp_g  |  30.39ms ( 59.13us)  29.42ms ( 57.23us)       514
    nlp_grad  |   5.34ms (116.11us)   5.34ms (116.19us)        46
  nlp_grad_f  |   2.16ms (  3.85us)   2.01ms (  3.59us)       561
   nlp_jac_g  | 110.12ms (196.30us) 107.42ms (191.49us)       561
       total  |  62.16ms ( 62.16ms)  62.13ms ( 62.13ms)         1
      solver  :   t_proc      (avg)   t_wall      (avg)    n_eval
       nlp_f  |   1.44ms (  2.74us)   1.34ms (  2.55us)       527
       nlp_g  |  31.13ms ( 59.08us)  30.15ms ( 57.21us)       527
    nlp_grad  |   5.45ms (116.00us)   5.46ms (116.08us)        47
  nlp_grad_f  |   2.21ms (  3.85us)   2.06ms (  3.59us)       575
   nlp_jac_g  | 112.74ms (196.08us) 110.05ms (191.40us)       575
       total  |  69.54ms ( 69.54ms)  69.54ms ( 69.54ms)         1
      solver  :   t_proc      (avg)   t_wall      (avg)    n_eval
       nlp_f  |   1.48ms (  2.74us)   1.37ms (  2.55us)       538
       nlp_g  |  31.76ms ( 59.03us)  30.77ms ( 57.19us)       538
    nlp_grad  |   5.56ms (115.87us)   5.57ms (115.96us)        48
  nlp_grad_f  |   2.26ms (  3.84us)   2.10ms (  3.58us)       587
   nlp_jac_g  | 115.00ms (195.90us) 112.31ms (191.32us)       587
       total  |  54.27ms ( 54.27ms)  54.23ms ( 54.23ms)         1
      solver  :   t_proc      (avg)   t_wall      (avg)    n_eval
       nlp_f  |   1.51ms (  2.74us)   1.40ms (  2.55us)       550
       nlp_g  |  32.44ms ( 58.98us)  31.44ms ( 57.17us)       550
    nlp_grad  |   5.67ms (115.73us)   5.67ms (115.81us)        49
  nlp_grad_f  |   2.30ms (  3.84us)   2.15ms (  3.58us)       600
   nlp_jac_g  | 117.42ms (195.69us) 114.73ms (191.22us)       600
       total  |  62.55ms ( 62.55ms)  62.52ms ( 62.52ms)         1

    Norm of Control Inputs: 5.182721

      solver  :   t_proc      (avg)   t_wall      (avg)    n_eval
       nlp_f  |   1.61ms (  2.72us)   1.50ms (  2.54us)       592
       nlp_g  |  34.85ms ( 58.87us)  33.84ms ( 57.16us)       592
    nlp_grad  |   5.78ms (115.56us)   5.78ms (115.64us)        50
  nlp_grad_f  |   2.44ms (  3.82us)   2.28ms (  3.57us)       638
   nlp_jac_g  | 124.86ms (195.41us) 122.19ms (191.23us)       639
       total  | 156.94ms (156.94ms) 156.86ms (156.86ms)         1
      solver  :   t_proc      (avg)   t_wall      (avg)    n_eval
       nlp_f  |   1.74ms (  2.71us)   1.62ms (  2.53us)       641
       nlp_g  |  37.63ms ( 58.71us)  36.60ms ( 57.10us)       641
    nlp_grad  |   5.91ms (115.88us)   5.91ms (115.96us)        51
  nlp_grad_f  |   2.60ms (  3.80us)   2.43ms (  3.55us)       684
   nlp_jac_g  | 133.65ms (194.83us) 131.00ms (190.96us)       686
       total  | 253.56ms (253.56ms) 253.48ms (253.48ms)         1
      solver  :   t_proc      (avg)   t_wall      (avg)    n_eval
       nlp_f  |   1.84ms (  2.70us)   1.72ms (  2.52us)       683
       nlp_g  |  40.02ms ( 58.59us)  38.97ms ( 57.05us)       683
    nlp_grad  |   6.02ms (115.81us)   6.03ms (115.89us)        52
  nlp_grad_f  |   2.74ms (  3.79us)   2.56ms (  3.54us)       724
   nlp_jac_g  | 141.30ms (194.36us) 138.66ms (190.73us)       727
       total  | 180.64ms (180.64ms) 180.59ms (180.59ms)         1
      solver  :   t_proc      (avg)   t_wall      (avg)    n_eval
       nlp_f  |   1.93ms (  2.68us)   1.81ms (  2.51us)       720
       nlp_g  |  42.11ms ( 58.49us)  41.04ms ( 57.00us)       720
    nlp_grad  |   6.14ms (115.77us)   6.14ms (115.85us)        53
  nlp_grad_f  |   2.86ms (  3.77us)   2.67ms (  3.53us)       758
   nlp_jac_g  | 147.83ms (194.01us) 145.21ms (190.56us)       762
       total  | 165.97ms (165.97ms) 165.92ms (165.92ms)         1
      solver  :   t_proc      (avg)   t_wall      (avg)    n_eval
       nlp_f  |   2.02ms (  2.66us)   1.90ms (  2.51us)       760
       nlp_g  |  44.37ms ( 58.38us)  43.29ms ( 56.96us)       760
    nlp_grad  |   6.25ms (115.67us)   6.25ms (115.76us)        54
  nlp_grad_f  |   2.99ms (  3.75us)   2.79ms (  3.51us)       795
   nlp_jac_g  | 154.95ms (193.69us) 152.34ms (190.42us)       800
       total  | 167.02ms (167.02ms) 166.98ms (166.98ms)         1
      solver  :   t_proc      (avg)   t_wall      (avg)    n_eval
       nlp_f  |   2.13ms (  2.65us)   2.01ms (  2.50us)       804
       nlp_g  |  46.83ms ( 58.24us)  45.73ms ( 56.88us)       804
    nlp_grad  |   6.36ms (115.62us)   6.36ms (115.72us)        55
  nlp_grad_f  |   3.09ms (  3.74us)   2.90ms (  3.51us)       827
   nlp_jac_g  | 161.13ms (193.44us) 158.56ms (190.35us)       833
       total  | 145.45ms (145.45ms) 145.46ms (145.46ms)         1
      solver  :   t_proc      (avg)   t_wall      (avg)    n_eval
       nlp_f  |   2.15ms (  2.64us)   2.03ms (  2.50us)       815
       nlp_g  |  47.46ms ( 58.23us)  46.36ms ( 56.88us)       815
    nlp_grad  |   6.47ms (115.55us)   6.48ms (115.65us)        56
  nlp_grad_f  |   3.14ms (  3.74us)   2.94ms (  3.50us)       839
   nlp_jac_g  | 163.40ms (193.38us) 160.83ms (190.33us)       845
       total  |  54.82ms ( 54.82ms)  54.85ms ( 54.85ms)         1
      solver  :   t_proc      (avg)   t_wall      (avg)    n_eval
       nlp_f  |   2.18ms (  2.64us)   2.06ms (  2.50us)       826
       nlp_g  |  48.16ms ( 58.31us)  47.06ms ( 56.97us)       826
    nlp_grad  |   6.58ms (115.47us)   6.59ms (115.58us)        57
  nlp_grad_f  |   3.18ms (  3.74us)   2.98ms (  3.51us)       851
   nlp_jac_g  | 165.66ms (193.30us) 163.09ms (190.31us)       857
       total  |  55.17ms ( 55.17ms)  55.20ms ( 55.20ms)         1
      solver  :   t_proc      (avg)   t_wall      (avg)    n_eval
       nlp_f  |   2.22ms (  2.65us)   2.09ms (  2.50us)       838
       nlp_g  |  48.85ms ( 58.29us)  47.74ms ( 56.97us)       838
    nlp_grad  |   6.70ms (115.53us)   6.71ms (115.65us)        58
  nlp_grad_f  |   3.23ms (  3.74us)   3.03ms (  3.50us)       864
   nlp_jac_g  | 168.10ms (193.21us) 165.53ms (190.27us)       870
       total  |  66.27ms ( 66.27ms)  66.22ms ( 66.22ms)         1
      solver  :   t_proc      (avg)   t_wall      (avg)    n_eval
       nlp_f  |   2.24ms (  2.65us)   2.12ms (  2.50us)       847
       nlp_g  |  49.36ms ( 58.28us)  48.25ms ( 56.96us)       847
    nlp_grad  |   6.81ms (115.46us)   6.82ms (115.58us)        59
  nlp_grad_f  |   3.27ms (  3.74us)   3.06ms (  3.50us)       874
   nlp_jac_g  | 169.98ms (193.16us) 167.43ms (190.26us)       880
       total  |  44.49ms ( 44.49ms)  44.46ms ( 44.46ms)         1

    Norm of Control Inputs: 30.016077

      solver  :   t_proc      (avg)   t_wall      (avg)    n_eval
       nlp_f  |   2.27ms (  2.65us)   2.15ms (  2.50us)       859
       nlp_g  |  50.05ms ( 58.27us)  48.94ms ( 56.97us)       859
    nlp_grad  |   6.92ms (115.33us)   6.93ms (115.46us)        60
  nlp_grad_f  |   3.32ms (  3.75us)   3.12ms (  3.51us)       887
   nlp_jac_g  | 172.59ms (193.27us) 170.04ms (190.41us)       893
       total  |  67.84ms ( 67.84ms)  67.79ms ( 67.79ms)         1
      solver  :   t_proc      (avg)   t_wall      (avg)    n_eval
       nlp_f  |   2.31ms (  2.65us)   2.18ms (  2.50us)       871
       nlp_g  |  50.75ms ( 58.26us)  49.63ms ( 56.97us)       871
    nlp_grad  |   7.06ms (115.74us)   7.07ms (115.86us)        61
  nlp_grad_f  |   3.37ms (  3.75us)   3.16ms (  3.51us)       900
   nlp_jac_g  | 175.05ms (193.21us) 172.50ms (190.40us)       906
       total  |  66.97ms ( 66.97ms)  66.94ms ( 66.94ms)         1
      solver  :   t_proc      (avg)   t_wall      (avg)    n_eval
       nlp_f  |   2.34ms (  2.65us)   2.21ms (  2.50us)       883
       nlp_g  |  51.43ms ( 58.25us)  50.30ms ( 56.97us)       883
    nlp_grad  |   7.17ms (115.63us)   7.18ms (115.74us)        62
  nlp_grad_f  |   3.42ms (  3.74us)   3.21ms (  3.51us)       913
   nlp_jac_g  | 177.53ms (193.18us) 174.98ms (190.41us)       919
       total  |  66.97ms ( 66.97ms)  66.95ms ( 66.95ms)         1
      solver  :   t_proc      (avg)   t_wall      (avg)    n_eval
       nlp_f  |   2.37ms (  2.65us)   2.23ms (  2.50us)       893
       nlp_g  |  52.00ms ( 58.23us)  50.87ms ( 56.96us)       893
    nlp_grad  |   7.28ms (115.56us)   7.29ms (115.67us)        63
  nlp_grad_f  |   3.46ms (  3.74us)   3.25ms (  3.51us)       924
   nlp_jac_g  | 179.60ms (193.12us) 177.06ms (190.39us)       930
       total  |  52.01ms ( 52.01ms)  52.00ms ( 52.00ms)         1
      solver  :   t_proc      (avg)   t_wall      (avg)    n_eval
       nlp_f  |   2.39ms (  2.65us)   2.26ms (  2.50us)       904
       nlp_g  |  52.64ms ( 58.23us)  51.50ms ( 56.97us)       904
    nlp_grad  |   7.39ms (115.47us)   7.40ms (115.60us)        64
  nlp_grad_f  |   3.51ms (  3.75us)   3.29ms (  3.51us)       936
   nlp_jac_g  | 181.85ms (193.05us) 179.31ms (190.35us)       942
       total  |  58.81ms ( 58.81ms)  58.78ms ( 58.78ms)         1
      solver  :   t_proc      (avg)   t_wall      (avg)    n_eval
       nlp_f  |   2.42ms (  2.65us)   2.28ms (  2.50us)       913
       nlp_g  |  53.15ms ( 58.22us)  52.01ms ( 56.97us)       913
    nlp_grad  |   7.50ms (115.40us)   7.51ms (115.53us)        65
  nlp_grad_f  |   3.54ms (  3.75us)   3.33ms (  3.52us)       946
   nlp_jac_g  | 183.77ms (193.03us) 181.23ms (190.37us)       952
       total  |  45.64ms ( 45.64ms)  45.64ms ( 45.64ms)         1
      solver  :   t_proc      (avg)   t_wall      (avg)    n_eval
       nlp_f  |   2.45ms (  2.65us)   2.31ms (  2.50us)       923
       nlp_g  |  53.72ms ( 58.20us)  52.57ms ( 56.96us)       923
    nlp_grad  |   7.61ms (115.29us)   7.62ms (115.42us)        66
  nlp_grad_f  |   3.59ms (  3.75us)   3.37ms (  3.52us)       957
   nlp_jac_g  | 185.87ms (193.01us) 183.34ms (190.38us)       963
       total  |  51.84ms ( 51.84ms)  51.84ms ( 51.84ms)         1
      solver  :   t_proc      (avg)   t_wall      (avg)    n_eval
       nlp_f  |   2.47ms (  2.65us)   2.33ms (  2.50us)       933
       nlp_g  |  54.29ms ( 58.19us)  53.14ms ( 56.95us)       933
    nlp_grad  |   7.72ms (115.22us)   7.73ms (115.36us)        67
  nlp_grad_f  |   3.63ms (  3.75us)   3.40ms (  3.52us)       968
   nlp_jac_g  | 187.94ms (192.96us) 185.42ms (190.36us)       974
       total  |  52.19ms ( 52.19ms)  52.15ms ( 52.15ms)         1
      solver  :   t_proc      (avg)   t_wall      (avg)    n_eval
       nlp_f  |   2.50ms (  2.65us)   2.36ms (  2.50us)       943
       nlp_g  |  54.86ms ( 58.17us)  53.70ms ( 56.95us)       943
    nlp_grad  |   7.83ms (115.10us)   7.84ms (115.23us)        68
  nlp_grad_f  |   3.67ms (  3.74us)   3.44ms (  3.52us)       979
   nlp_jac_g  | 190.02ms (192.91us) 187.50ms (190.35us)       985
       total  |  51.71ms ( 51.71ms)  51.71ms ( 51.71ms)         1
      solver  :   t_proc      (avg)   t_wall      (avg)    n_eval
       nlp_f  |   2.52ms (  2.65us)   2.39ms (  2.50us)       953
       nlp_g  |  55.42ms ( 58.16us)  54.27ms ( 56.94us)       953
    nlp_grad  |   7.94ms (115.04us)   7.95ms (115.18us)        69
  nlp_grad_f  |   3.71ms (  3.74us)   3.48ms (  3.52us)       990
   nlp_jac_g  | 192.10ms (192.87us) 189.59ms (190.35us)       996
       total  |  52.03ms ( 52.03ms)  52.01ms ( 52.01ms)         1

    Norm of Control Inputs: 19.464259

[ eval_imf ] episode 0: SUCCESS  steps=56  violations=0  reward=1.000  rough=2.483e-06
Saved trajectory plot to: logs/avoiding-v0/eval/diag_smooth_fm_guided_K10_n3/0_real.png
Saved trajectory plot to: logs/avoiding-v0/eval/diag_smooth_fm_guided_K10_n3/0_fan.png
      solver  :   t_proc      (avg)   t_wall      (avg)    n_eval
       nlp_f  |   2.58ms (  2.65us)   2.44ms (  2.50us)       975
       nlp_g  |  56.69ms ( 58.14us)  55.52ms ( 56.94us)       975
    nlp_grad  |   8.05ms (114.99us)   8.06ms (115.11us)        70
  nlp_grad_f  |   3.79ms (  3.75us)   3.57ms (  3.52us)      1013
   nlp_jac_g  | 196.55ms (192.89us) 194.04ms (190.43us)      1019
       total  |  86.74ms ( 86.74ms)  86.69ms ( 86.69ms)         1
      solver  :   t_proc      (avg)   t_wall      (avg)    n_eval
       nlp_f  |   2.63ms (  2.65us)   2.49ms (  2.50us)       994
       nlp_g  |  57.78ms ( 58.13us)  56.60ms ( 56.94us)       994
    nlp_grad  |   8.18ms (115.25us)   8.19ms (115.39us)        71
  nlp_grad_f  |   3.87ms (  3.74us)   3.64ms (  3.52us)      1033
   nlp_jac_g  | 200.32ms (192.80us) 197.82ms (190.39us)      1039
       total  |  78.22ms ( 78.22ms)  78.18ms ( 78.18ms)         1
      solver  :   t_proc      (avg)   t_wall      (avg)    n_eval
       nlp_f  |   2.67ms (  2.65us)   2.53ms (  2.50us)      1009
       nlp_g  |  58.64ms ( 58.12us)  57.46ms ( 56.95us)      1009
    nlp_grad  |   8.30ms (115.26us)   8.31ms (115.40us)        72
  nlp_grad_f  |   3.93ms (  3.74us)   3.69ms (  3.52us)      1049
   nlp_jac_g  | 203.32ms (192.72us) 200.82ms (190.36us)      1055
       total  |  84.76ms ( 84.76ms)  84.74ms ( 84.74ms)         1
      solver  :   t_proc      (avg)   t_wall      (avg)    n_eval
       nlp_f  |   2.71ms (  2.65us)   2.56ms (  2.50us)      1023
       nlp_g  |  59.44ms ( 58.10us)  58.24ms ( 56.94us)      1023
    nlp_grad  |   8.41ms (115.23us)   8.42ms (115.37us)        73
  nlp_grad_f  |   3.98ms (  3.74us)   3.74ms (  3.52us)      1064
   nlp_jac_g  | 206.14ms (192.66us) 203.66ms (190.33us)      1070
       total  |  82.42ms ( 82.42ms)  82.38ms ( 82.38ms)         1
      solver  :   t_proc      (avg)   t_wall      (avg)    n_eval
       nlp_f  |   2.74ms (  2.64us)   2.60ms (  2.50us)      1037
       nlp_g  |  60.23ms ( 58.08us)  59.03ms ( 56.93us)      1037
    nlp_grad  |   8.52ms (115.19us)   8.53ms (115.33us)        74
  nlp_grad_f  |   4.03ms (  3.74us)   3.80ms (  3.52us)      1079
   nlp_jac_g  | 208.96ms (192.59us) 206.48ms (190.30us)      1085
       total  |  83.40ms ( 83.40ms)  83.37ms ( 83.37ms)         1
      solver  :   t_proc      (avg)   t_wall      (avg)    n_eval
       nlp_f  |   2.78ms (  2.64us)   2.64ms (  2.50us)      1054
       nlp_g  |  61.20ms ( 58.06us)  59.99ms ( 56.92us)      1054
    nlp_grad  |   8.63ms (115.13us)   8.65ms (115.27us)        75
  nlp_grad_f  |   4.10ms (  3.74us)   3.86ms (  3.52us)      1097
   nlp_jac_g  | 212.33ms (192.50us) 209.85ms (190.25us)      1103
       total  | 104.28ms (104.28ms) 104.22ms (104.22ms)         1
      solver  :   t_proc      (avg)   t_wall      (avg)    n_eval
       nlp_f  |   2.82ms (  2.64us)   2.67ms (  2.50us)      1069
       nlp_g  |  62.05ms ( 58.05us)  60.84ms ( 56.91us)      1069
    nlp_grad  |   8.75ms (115.11us)   8.76ms (115.24us)        76
  nlp_grad_f  |   4.15ms (  3.73us)   3.91ms (  3.51us)      1113
   nlp_jac_g  | 215.31ms (192.42us) 212.84ms (190.21us)      1119
       total  |  90.66ms ( 90.66ms)  90.64ms ( 90.64ms)         1
      solver  :   t_proc      (avg)   t_wall      (avg)    n_eval
       nlp_f  |   2.85ms (  2.64us)   2.71ms (  2.50us)      1082
       nlp_g  |  62.81ms ( 58.05us)  61.58ms ( 56.92us)      1082
    nlp_grad  |   8.88ms (115.35us)   8.89ms (115.49us)        77
  nlp_grad_f  |   4.21ms (  3.73us)   3.96ms (  3.51us)      1127
   nlp_jac_g  | 217.99ms (192.41us) 215.50ms (190.20us)      1133
       total  |  75.33ms ( 75.33ms)  75.29ms ( 75.29ms)         1
      solver  :   t_proc      (avg)   t_wall      (avg)    n_eval
       nlp_f  |   2.89ms (  2.64us)   2.74ms (  2.50us)      1095
       nlp_g  |  63.55ms ( 58.03us)  62.31ms ( 56.91us)      1095
    nlp_grad  |   8.99ms (115.31us)   9.00ms (115.45us)        78
  nlp_grad_f  |   4.26ms (  3.73us)   4.01ms (  3.51us)      1141
   nlp_jac_g  | 220.68ms (192.40us) 218.19ms (190.22us)      1147
       total  |  75.02ms ( 75.02ms)  74.99ms ( 74.99ms)         1
      solver  :   t_proc      (avg)   t_wall      (avg)    n_eval
       nlp_f  |   2.92ms (  2.64us)   2.77ms (  2.50us)      1107
       nlp_g  |  64.23ms ( 58.02us)  62.99ms ( 56.90us)      1107
    nlp_grad  |   9.11ms (115.28us)   9.12ms (115.41us)        79
  nlp_grad_f  |   4.30ms (  3.73us)   4.05ms (  3.51us)      1154
   nlp_jac_g  | 223.14ms (192.36us) 220.65ms (190.22us)      1160
       total  |  68.50ms ( 68.50ms)  68.46ms ( 68.46ms)         1

    Norm of Control Inputs: 24.280796

      solver  :   t_proc      (avg)   t_wall      (avg)    n_eval
       nlp_f  |   2.97ms (  2.63us)   2.82ms (  2.50us)      1126
       nlp_g  |  65.35ms ( 58.04us)  64.10ms ( 56.93us)      1126
    nlp_grad  |   9.22ms (115.21us)   9.23ms (115.34us)        80
  nlp_grad_f  |   4.38ms (  3.73us)   4.13ms (  3.52us)      1174
   nlp_jac_g  | 227.09ms (192.45us) 224.55ms (190.30us)      1180
       total  |  99.96ms ( 99.96ms)  99.90ms ( 99.90ms)         1
      solver  :   t_proc      (avg)   t_wall      (avg)    n_eval
       nlp_f  |   3.01ms (  2.63us)   2.86ms (  2.50us)      1143
       nlp_g  |  66.32ms ( 58.02us)  65.06ms ( 56.92us)      1143
    nlp_grad  |   9.35ms (115.46us)   9.36ms (115.58us)        81
  nlp_grad_f  |   4.45ms (  3.73us)   4.19ms (  3.52us)      1192
   nlp_jac_g  | 230.46ms (192.37us) 227.93ms (190.26us)      1198
       total  |  88.48ms ( 88.48ms)  88.48ms ( 88.48ms)         1
      solver  :   t_proc      (avg)   t_wall      (avg)    n_eval
       nlp_f  |   3.05ms (  2.63us)   2.90ms (  2.50us)      1160
       nlp_g  |  67.29ms ( 58.01us)  66.02ms ( 56.91us)      1160
    nlp_grad  |   9.47ms (115.49us)   9.48ms (115.61us)        82
  nlp_grad_f  |   4.51ms (  3.73us)   4.25ms (  3.52us)      1210
   nlp_jac_g  | 233.83ms (192.30us) 231.31ms (190.22us)      1216
       total  |  90.01ms ( 90.01ms)  90.01ms ( 90.01ms)         1
      solver  :   t_proc      (avg)   t_wall      (avg)    n_eval
       nlp_f  |   3.09ms (  2.63us)   2.94ms (  2.50us)      1173
       nlp_g  |  68.03ms ( 57.99us)  66.75ms ( 56.91us)      1173
    nlp_grad  |   9.58ms (115.45us)   9.59ms (115.56us)        83
  nlp_grad_f  |   4.57ms (  3.73us)   4.30ms (  3.52us)      1224
   nlp_jac_g  | 236.77ms (192.50us) 234.25ms (190.45us)      1230
       total  |  60.50ms ( 60.50ms)  60.50ms ( 60.50ms)         1
      solver  :   t_proc      (avg)   t_wall      (avg)    n_eval
       nlp_f  |   3.12ms (  2.64us)   2.96ms (  2.50us)      1184
       nlp_g  |  68.65ms ( 57.98us)  67.37ms ( 56.90us)      1184
    nlp_grad  |   9.72ms (115.74us)   9.73ms (115.85us)        84
  nlp_grad_f  |   4.61ms (  3.73us)   4.35ms (  3.52us)      1236
   nlp_jac_g  | 239.02ms (192.45us) 236.51ms (190.42us)      1242
       total  |  55.28ms ( 55.28ms)  55.24ms ( 55.24ms)         1
      solver  :   t_proc      (avg)   t_wall      (avg)    n_eval
       nlp_f  |   3.15ms (  2.63us)   2.99ms (  2.50us)      1196
       nlp_g  |  69.33ms ( 57.97us)  68.05ms ( 56.90us)      1196
    nlp_grad  |   9.83ms (115.69us)   9.84ms (115.81us)        85
  nlp_grad_f  |   4.66ms (  3.73us)   4.39ms (  3.52us)      1249
   nlp_jac_g  | 241.50ms (192.43us) 238.96ms (190.40us)      1255
       total  |  62.57ms ( 62.57ms)  62.54ms ( 62.54ms)         1
      solver  :   t_proc      (avg)   t_wall      (avg)    n_eval
       nlp_f  |   3.18ms (  2.63us)   3.02ms (  2.50us)      1207
       nlp_g  |  69.95ms ( 57.96us)  68.67ms ( 56.89us)      1207
    nlp_grad  |   9.95ms (115.66us)   9.96ms (115.77us)        86
  nlp_grad_f  |   4.70ms (  3.72us)   4.43ms (  3.52us)      1261
   nlp_jac_g  | 243.74ms (192.38us) 241.21ms (190.38us)      1267
       total  |  55.26ms ( 55.26ms)  55.25ms ( 55.25ms)         1
      solver  :   t_proc      (avg)   t_wall      (avg)    n_eval
       nlp_f  |   3.20ms (  2.63us)   3.05ms (  2.50us)      1217
       nlp_g  |  70.53ms ( 57.95us)  69.24ms ( 56.89us)      1217
    nlp_grad  |  10.06ms (115.63us)  10.07ms (115.74us)        87
  nlp_grad_f  |   4.74ms (  3.72us)   4.47ms (  3.52us)      1272
   nlp_jac_g  | 245.84ms (192.36us) 243.31ms (190.38us)      1278
       total  |  52.96ms ( 52.96ms)  52.96ms ( 52.96ms)         1
      solver  :   t_proc      (avg)   t_wall      (avg)    n_eval
       nlp_f  |   3.23ms (  2.64us)   3.07ms (  2.50us)      1227
       nlp_g  |  71.09ms ( 57.94us)  69.80ms ( 56.89us)      1227
    nlp_grad  |  10.17ms (115.61us)  10.18ms (115.73us)        88
  nlp_grad_f  |   4.78ms (  3.72us)   4.51ms (  3.52us)      1283
   nlp_jac_g  | 247.91ms (192.33us) 245.38ms (190.37us)      1289
       total  |  53.02ms ( 53.02ms)  52.99ms ( 52.99ms)         1
      solver  :   t_proc      (avg)   t_wall      (avg)    n_eval
       nlp_f  |   3.26ms (  2.63us)   3.10ms (  2.50us)      1238
       nlp_g  |  71.72ms ( 57.93us)  70.43ms ( 56.89us)      1238
    nlp_grad  |  10.29ms (115.57us)  10.30ms (115.69us)        89
  nlp_grad_f  |   4.83ms (  3.73us)   4.55ms (  3.52us)      1295
   nlp_jac_g  | 250.18ms (192.30us) 247.65ms (190.36us)      1301
       total  |  59.19ms ( 59.19ms)  59.18ms ( 59.18ms)         1

    Norm of Control Inputs: 24.128229

      solver  :   t_proc      (avg)   t_wall      (avg)    n_eval
       nlp_f  |   3.30ms (  2.64us)   3.14ms (  2.50us)      1254
       nlp_g  |  72.66ms ( 57.94us)  71.35ms ( 56.90us)      1254
    nlp_grad  |  10.40ms (115.52us)  10.41ms (115.64us)        90
  nlp_grad_f  |   4.90ms (  3.73us)   4.62ms (  3.52us)      1312
   nlp_jac_g  | 253.55ms (192.38us) 251.04ms (190.47us)      1318
       total  |  81.54ms ( 81.54ms)  81.49ms ( 81.49ms)         1
      solver  :   t_proc      (avg)   t_wall      (avg)    n_eval
       nlp_f  |   3.35ms (  2.64us)   3.18ms (  2.50us)      1270
       nlp_g  |  73.57ms ( 57.93us)  72.26ms ( 56.90us)      1270
    nlp_grad  |  10.53ms (115.75us)  10.54ms (115.86us)        91
  nlp_grad_f  |   4.96ms (  3.73us)   4.68ms (  3.52us)      1329
   nlp_jac_g  | 256.74ms (192.32us) 254.23ms (190.44us)      1335
       total  |  80.88ms ( 80.88ms)  80.84ms ( 80.84ms)         1
      solver  :   t_proc      (avg)   t_wall      (avg)    n_eval
       nlp_f  |   3.38ms (  2.64us)   3.21ms (  2.51us)      1282
       nlp_g  |  74.26ms ( 57.93us)  72.94ms ( 56.90us)      1282
    nlp_grad  |  10.65ms (115.73us)  10.66ms (115.84us)        92
  nlp_grad_f  |   5.01ms (  3.73us)   4.72ms (  3.52us)      1342
   nlp_jac_g  | 259.18ms (192.27us) 256.68ms (190.41us)      1348
       total  |  52.00ms ( 52.00ms)  51.97ms ( 51.97ms)         1
      solver  :   t_proc      (avg)   t_wall      (avg)    n_eval
       nlp_f  |   3.41ms (  2.64us)   3.24ms (  2.51us)      1294
       nlp_g  |  74.95ms ( 57.92us)  73.63ms ( 56.90us)      1294
    nlp_grad  |  10.76ms (115.73us)  10.77ms (115.84us)        93
  nlp_grad_f  |   5.05ms (  3.73us)   4.77ms (  3.52us)      1355
   nlp_jac_g  | 261.63ms (192.23us) 259.13ms (190.40us)      1361
       total  |  52.29ms ( 52.29ms)  52.29ms ( 52.29ms)         1
      solver  :   t_proc      (avg)   t_wall      (avg)    n_eval
       nlp_f  |   3.45ms (  2.64us)   3.28ms (  2.51us)      1307
       nlp_g  |  75.76ms ( 57.96us)  74.43ms ( 56.94us)      1307
    nlp_grad  |  10.88ms (115.70us)  10.89ms (115.82us)        94
  nlp_grad_f  |   5.10ms (  3.73us)   4.82ms (  3.52us)      1369
   nlp_jac_g  | 264.38ms (192.28us) 261.88ms (190.46us)      1375
       total  |  76.83ms ( 76.83ms)  76.81ms ( 76.81ms)         1
      solver  :   t_proc      (avg)   t_wall      (avg)    n_eval
       nlp_f  |   3.48ms (  2.64us)   3.31ms (  2.51us)      1318
       nlp_g  |  76.39ms ( 57.96us)  75.05ms ( 56.94us)      1318
    nlp_grad  |  11.04ms (116.22us)  11.05ms (116.34us)        95
  nlp_grad_f  |   5.14ms (  3.72us)   4.86ms (  3.52us)      1381
   nlp_jac_g  | 266.64ms (192.24us) 264.14ms (190.44us)      1387
       total  |  60.83ms ( 60.83ms)  60.79ms ( 60.79ms)         1
      solver  :   t_proc      (avg)   t_wall      (avg)    n_eval
       nlp_f  |   3.51ms (  2.64us)   3.33ms (  2.51us)      1328
       nlp_g  |  76.95ms ( 57.95us)  75.61ms ( 56.94us)      1328
    nlp_grad  |  11.16ms (116.21us)  11.17ms (116.32us)        96
  nlp_grad_f  |   5.19ms (  3.72us)   4.90ms (  3.52us)      1392
   nlp_jac_g  | 268.69ms (192.20us) 266.20ms (190.42us)      1398
       total  |  52.99ms ( 52.99ms)  52.95ms ( 52.95ms)         1
      solver  :   t_proc      (avg)   t_wall      (avg)    n_eval
       nlp_f  |   3.53ms (  2.64us)   3.36ms (  2.51us)      1338
       nlp_g  |  77.54ms ( 57.95us)  76.19ms ( 56.94us)      1338
    nlp_grad  |  11.27ms (116.18us)  11.28ms (116.29us)        97
  nlp_grad_f  |   5.23ms (  3.72us)   4.93ms (  3.52us)      1403
   nlp_jac_g  | 270.74ms (192.15us) 268.26ms (190.39us)      1409
       total  |  52.60ms ( 52.60ms)  52.58ms ( 52.58ms)         1
      solver  :   t_proc      (avg)   t_wall      (avg)    n_eval
       nlp_f  |   3.57ms (  2.64us)   3.39ms (  2.51us)      1350
       nlp_g  |  78.25ms ( 57.96us)  76.90ms ( 56.96us)      1350
    nlp_grad  |  11.38ms (116.12us)  11.39ms (116.23us)        98
  nlp_grad_f  |   5.27ms (  3.72us)   4.98ms (  3.52us)      1416
   nlp_jac_g  | 273.20ms (192.13us) 270.72ms (190.38us)      1422
       total  |  68.32ms ( 68.32ms)  68.31ms ( 68.31ms)         1
      solver  :   t_proc      (avg)   t_wall      (avg)    n_eval
       nlp_f  |   3.60ms (  2.64us)   3.42ms (  2.51us)      1362
       nlp_g  |  78.93ms ( 57.95us)  77.57ms ( 56.95us)      1362
    nlp_grad  |  11.49ms (116.10us)  11.50ms (116.21us)        99
  nlp_grad_f  |   5.32ms (  3.72us)   5.03ms (  3.52us)      1429
   nlp_jac_g  | 275.63ms (192.08us) 273.15ms (190.35us)      1435
       total  |  68.33ms ( 68.33ms)  68.29ms ( 68.29ms)         1

    Norm of Control Inputs: 19.490861

      solver  :   t_proc      (avg)   t_wall      (avg)    n_eval
       nlp_f  |   3.63ms (  2.64us)   3.46ms (  2.51us)      1377
       nlp_g  |  79.79ms ( 57.95us)  78.43ms ( 56.95us)      1377
    nlp_grad  |  11.60ms (116.05us)  11.62ms (116.16us)       100
  nlp_grad_f  |   5.38ms (  3.73us)   5.09ms (  3.52us)      1445
   nlp_jac_g  | 278.73ms (192.09us) 276.26ms (190.39us)      1451
       total  |  83.57ms ( 83.57ms)  83.57ms ( 83.57ms)         1
      solver  :   t_proc      (avg)   t_wall      (avg)    n_eval
       nlp_f  |   3.66ms (  2.64us)   3.48ms (  2.51us)      1386
       nlp_g  |  80.30ms ( 57.94us)  78.93ms ( 56.95us)      1386
    nlp_grad  |  11.74ms (116.23us)  11.75ms (116.34us)       101
  nlp_grad_f  |   5.42ms (  3.73us)   5.12ms (  3.52us)      1455
   nlp_jac_g  | 280.62ms (192.07us) 278.15ms (190.38us)      1461
       total  |  45.83ms ( 45.83ms)  45.83ms ( 45.83ms)         1
      solver  :   t_proc      (avg)   t_wall      (avg)    n_eval
       nlp_f  |   3.68ms (  2.64us)   3.50ms (  2.51us)      1394
       nlp_g  |  80.76ms ( 57.93us)  79.38ms ( 56.95us)      1394
    nlp_grad  |  11.86ms (116.25us)  11.87ms (116.36us)       102
  nlp_grad_f  |   5.46ms (  3.73us)   5.16ms (  3.52us)      1464
   nlp_jac_g  | 282.39ms (192.10us) 279.89ms (190.40us)      1470
       total  |  38.10ms ( 38.10ms)  38.06ms ( 38.06ms)         1
      solver  :   t_proc      (avg)   t_wall      (avg)    n_eval
       nlp_f  |   3.71ms (  2.64us)   3.52ms (  2.51us)      1403
       nlp_g  |  81.27ms ( 57.92us)  79.89ms ( 56.94us)      1403
    nlp_grad  |  11.97ms (116.21us)  11.98ms (116.34us)       103
  nlp_grad_f  |   5.50ms (  3.73us)   5.19ms (  3.52us)      1474
   nlp_jac_g  | 284.26ms (192.07us) 281.77ms (190.39us)      1480
       total  |  45.07ms ( 45.07ms)  45.05ms ( 45.05ms)         1
      solver  :   t_proc      (avg)   t_wall      (avg)    n_eval
       nlp_f  |   3.73ms (  2.64us)   3.55ms (  2.51us)      1412
       nlp_g  |  81.78ms ( 57.92us)  80.40ms ( 56.94us)      1412
    nlp_grad  |  12.08ms (116.16us)  12.09ms (116.29us)       104
  nlp_grad_f  |   5.53ms (  3.73us)   5.23ms (  3.52us)      1484
   nlp_jac_g  | 286.14ms (192.04us) 283.65ms (190.37us)      1490
       total  |  46.07ms ( 46.07ms)  46.03ms ( 46.03ms)         1
      solver  :   t_proc      (avg)   t_wall      (avg)    n_eval
       nlp_f  |   3.75ms (  2.64us)   3.57ms (  2.51us)      1421
       nlp_g  |  82.30ms ( 57.92us)  80.92ms ( 56.94us)      1421
    nlp_grad  |  12.20ms (116.18us)  12.21ms (116.30us)       105
  nlp_grad_f  |   5.57ms (  3.73us)   5.26ms (  3.52us)      1494
   nlp_jac_g  | 288.05ms (192.03us) 285.56ms (190.37us)      1500
       total  |  45.49ms ( 45.49ms)  45.49ms ( 45.49ms)         1
      solver  :   t_proc      (avg)   t_wall      (avg)    n_eval
       nlp_f  |   3.78ms (  2.64us)   3.59ms (  2.51us)      1430
       nlp_g  |  82.81ms ( 57.91us)  81.42ms ( 56.94us)      1430
    nlp_grad  |  12.31ms (116.16us)  12.33ms (116.28us)       106
  nlp_grad_f  |   5.61ms (  3.73us)   5.30ms (  3.52us)      1504
   nlp_jac_g  | 289.92ms (192.00us) 287.43ms (190.35us)      1510
       total  |  45.09ms ( 45.09ms)  45.09ms ( 45.09ms)         1
      solver  :   t_proc      (avg)   t_wall      (avg)    n_eval
       nlp_f  |   3.80ms (  2.64us)   3.61ms (  2.51us)      1439
       nlp_g  |  83.33ms ( 57.91us)  81.93ms ( 56.94us)      1439
    nlp_grad  |  12.42ms (116.09us)  12.43ms (116.20us)       107
  nlp_grad_f  |   5.65ms (  3.73us)   5.33ms (  3.52us)      1514
   nlp_jac_g  | 291.80ms (191.98us) 289.32ms (190.34us)      1520
       total  |  46.83ms ( 46.83ms)  46.79ms ( 46.79ms)         1
      solver  :   t_proc      (avg)   t_wall      (avg)    n_eval
       nlp_f  |   3.83ms (  2.65us)   3.64ms (  2.51us)      1448
       nlp_g  |  83.84ms ( 57.90us)  82.44ms ( 56.93us)      1448
    nlp_grad  |  12.54ms (116.07us)  12.55ms (116.19us)       108
  nlp_grad_f  |   5.68ms (  3.73us)   5.37ms (  3.52us)      1524
   nlp_jac_g  | 293.69ms (191.96us) 291.22ms (190.34us)      1530
       total  |  46.08ms ( 46.08ms)  46.08ms ( 46.08ms)         1
      solver  :   t_proc      (avg)   t_wall      (avg)    n_eval
       nlp_f  |   3.86ms (  2.65us)   3.66ms (  2.51us)      1457
       nlp_g  |  84.35ms ( 57.89us)  82.95ms ( 56.93us)      1457
    nlp_grad  |  12.65ms (116.07us)  12.66ms (116.19us)       109
  nlp_grad_f  |   5.72ms (  3.73us)   5.41ms (  3.52us)      1534
   nlp_jac_g  | 295.58ms (191.94us) 293.11ms (190.33us)      1540
       total  |  46.29ms ( 46.29ms)  46.25ms ( 46.25ms)         1

    Norm of Control Inputs: 5.208749

      solver  :   t_proc      (avg)   t_wall      (avg)    n_eval
       nlp_f  |   3.90ms (  2.65us)   3.70ms (  2.51us)      1474
       nlp_g  |  85.33ms ( 57.89us)  83.92ms ( 56.93us)      1474
    nlp_grad  |  12.77ms (116.05us)  12.78ms (116.17us)       110
  nlp_grad_f  |   5.79ms (  3.73us)   5.48ms (  3.53us)      1552
   nlp_jac_g  | 299.08ms (191.97us) 296.62ms (190.38us)      1558
       total  |  88.51ms ( 88.51ms)  88.47ms ( 88.47ms)         1
      solver  :   t_proc      (avg)   t_wall      (avg)    n_eval
       nlp_f  |   3.93ms (  2.65us)   3.73ms (  2.51us)      1485
       nlp_g  |  85.95ms ( 57.88us)  84.54ms ( 56.93us)      1485
    nlp_grad  |  12.90ms (116.24us)  12.92ms (116.36us)       111
  nlp_grad_f  |   5.84ms (  3.73us)   5.52ms (  3.53us)      1564
   nlp_jac_g  | 301.36ms (191.95us) 298.89ms (190.38us)      1570
       total  |  44.67ms ( 44.67ms)  44.64ms ( 44.64ms)         1
      solver  :   t_proc      (avg)   t_wall      (avg)    n_eval
       nlp_f  |   3.96ms (  2.65us)   3.76ms (  2.51us)      1496
       nlp_g  |  86.58ms ( 57.87us)  85.16ms ( 56.92us)      1496
    nlp_grad  |  13.02ms (116.22us)  13.03ms (116.35us)       112
  nlp_grad_f  |   5.88ms (  3.73us)   5.56ms (  3.53us)      1576
   nlp_jac_g  | 303.62ms (191.92us) 301.16ms (190.36us)      1582
       total  |  55.21ms ( 55.21ms)  55.17ms ( 55.17ms)         1
      solver  :   t_proc      (avg)   t_wall      (avg)    n_eval
       nlp_f  |   3.99ms (  2.65us)   3.79ms (  2.51us)      1506
       nlp_g  |  87.15ms ( 57.87us)  85.73ms ( 56.92us)      1506
    nlp_grad  |  13.13ms (116.19us)  13.14ms (116.32us)       113
  nlp_grad_f  |   5.93ms (  3.73us)   5.60ms (  3.53us)      1587
   nlp_jac_g  | 305.71ms (191.91us) 303.25ms (190.36us)      1593
       total  |  52.84ms ( 52.84ms)  52.83ms ( 52.83ms)         1
      solver  :   t_proc      (avg)   t_wall      (avg)    n_eval
       nlp_f  |   4.01ms (  2.65us)   3.81ms (  2.51us)      1514
       nlp_g  |  87.62ms ( 57.87us)  86.19ms ( 56.93us)      1514
    nlp_grad  |  13.24ms (116.16us)  13.26ms (116.29us)       114
  nlp_grad_f  |   5.96ms (  3.73us)   5.63ms (  3.53us)      1596
   nlp_jac_g  | 307.44ms (191.91us) 304.98ms (190.37us)      1602
       total  |  37.37ms ( 37.37ms)  37.33ms ( 37.33ms)         1
      solver  :   t_proc      (avg)   t_wall      (avg)    n_eval
       nlp_f  |   4.03ms (  2.65us)   3.83ms (  2.51us)      1522
       nlp_g  |  88.07ms ( 57.86us)  86.64ms ( 56.92us)      1522
    nlp_grad  |  13.35ms (116.12us)  13.37ms (116.25us)       115
  nlp_grad_f  |   5.99ms (  3.73us)   5.67ms (  3.53us)      1605
   nlp_jac_g  | 309.14ms (191.89us) 306.69ms (190.37us)      1611
       total  |  38.49ms ( 38.49ms)  38.49ms ( 38.49ms)         1
      solver  :   t_proc      (avg)   t_wall      (avg)    n_eval
       nlp_f  |   4.06ms (  2.65us)   3.85ms (  2.51us)      1530
       nlp_g  |  88.52ms ( 57.86us)  87.09ms ( 56.92us)      1530
    nlp_grad  |  13.46ms (116.06us)  13.48ms (116.19us)       116
  nlp_grad_f  |   6.03ms (  3.73us)   5.70ms (  3.53us)      1614
   nlp_jac_g  | 310.85ms (191.88us) 308.40ms (190.37us)      1620
       total  |  38.72ms ( 38.72ms)  38.68ms ( 38.68ms)         1
      solver  :   t_proc      (avg)   t_wall      (avg)    n_eval
       nlp_f  |   4.08ms (  2.65us)   3.87ms (  2.51us)      1539
       nlp_g  |  89.03ms ( 57.85us)  87.59ms ( 56.92us)      1539
    nlp_grad  |  13.57ms (116.02us)  13.59ms (116.15us)       117
  nlp_grad_f  |   6.06ms (  3.73us)   5.73ms (  3.53us)      1624
   nlp_jac_g  | 312.72ms (191.85us) 310.27ms (190.35us)      1630
       total  |  45.60ms ( 45.60ms)  45.60ms ( 45.60ms)         1
      solver  :   t_proc      (avg)   t_wall      (avg)    n_eval
       nlp_f  |   4.11ms (  2.65us)   3.89ms (  2.52us)      1547
       nlp_g  |  89.49ms ( 57.84us)  88.04ms ( 56.91us)      1547
    nlp_grad  |  13.68ms (115.94us)  13.70ms (116.07us)       118
  nlp_grad_f  |   6.09ms (  3.73us)   5.77ms (  3.53us)      1633
   nlp_jac_g  | 314.42ms (191.84us) 311.97ms (190.34us)      1639
       total  |  38.55ms ( 38.55ms)  38.53ms ( 38.53ms)         1
      solver  :   t_proc      (avg)   t_wall      (avg)    n_eval
       nlp_f  |   4.13ms (  2.65us)   3.91ms (  2.52us)      1556
       nlp_g  |  90.00ms ( 57.84us)  88.55ms ( 56.91us)      1556
    nlp_grad  |  13.79ms (115.88us)  13.81ms (116.02us)       119
  nlp_grad_f  |   6.13ms (  3.73us)   5.80ms (  3.53us)      1643
   nlp_jac_g  | 316.29ms (191.81us) 313.85ms (190.33us)      1649
       total  |  45.88ms ( 45.88ms)  45.84ms ( 45.84ms)         1

    Norm of Control Inputs: 3.361533

      solver  :   t_proc      (avg)   t_wall      (avg)    n_eval
       nlp_f  |   4.16ms (  2.66us)   3.94ms (  2.52us)      1567
       nlp_g  |  90.63ms ( 57.84us)  89.18ms ( 56.91us)      1567
    nlp_grad  |  13.90ms (115.83us)  13.92ms (115.97us)       120
  nlp_grad_f  |   6.18ms (  3.74us)   5.85ms (  3.54us)      1655
   nlp_jac_g  | 318.68ms (191.86us) 316.24ms (190.39us)      1661
       total  |  60.59ms ( 60.59ms)  60.58ms ( 60.58ms)         1
      solver  :   t_proc      (avg)   t_wall      (avg)    n_eval
       nlp_f  |   4.19ms (  2.65us)   3.97ms (  2.52us)      1578
       nlp_g  |  91.25ms ( 57.83us)  89.80ms ( 56.91us)      1578
    nlp_grad  |  14.03ms (115.97us)  14.05ms (116.11us)       121
  nlp_grad_f  |   6.23ms (  3.73us)   5.89ms (  3.54us)      1667
   nlp_jac_g  | 320.98ms (191.86us) 318.51ms (190.38us)      1673
       total  |  60.27ms ( 60.27ms)  60.23ms ( 60.23ms)         1
      solver  :   t_proc      (avg)   t_wall      (avg)    n_eval
       nlp_f  |   4.21ms (  2.65us)   4.00ms (  2.52us)      1588
       nlp_g  |  91.82ms ( 57.82us)  90.36ms ( 56.90us)      1588
    nlp_grad  |  14.14ms (115.94us)  14.16ms (116.08us)       122
  nlp_grad_f  |   6.27ms (  3.74us)   5.93ms (  3.54us)      1678
   nlp_jac_g  | 323.08ms (191.85us) 320.61ms (190.39us)      1684
       total  |  51.93ms ( 51.93ms)  51.93ms ( 51.93ms)         1
      solver  :   t_proc      (avg)   t_wall      (avg)    n_eval
       nlp_f  |   4.24ms (  2.65us)   4.02ms (  2.52us)      1597
       nlp_g  |  92.34ms ( 57.82us)  90.87ms ( 56.90us)      1597
    nlp_grad  |  14.26ms (115.91us)  14.27ms (116.05us)       123
  nlp_grad_f  |   6.31ms (  3.74us)   5.97ms (  3.54us)      1688
   nlp_jac_g  | 324.95ms (191.82us) 322.49ms (190.37us)      1694
       total  |  45.06ms ( 45.06ms)  45.02ms ( 45.02ms)         1
      solver  :   t_proc      (avg)   t_wall      (avg)    n_eval
       nlp_f  |   4.27ms (  2.66us)   4.04ms (  2.52us)      1606
       nlp_g  |  92.85ms ( 57.81us)  91.38ms ( 56.90us)      1606
    nlp_grad  |  14.37ms (115.90us)  14.39ms (116.03us)       124
  nlp_grad_f  |   6.35ms (  3.74us)   6.01ms (  3.54us)      1698
   nlp_jac_g  | 326.82ms (191.80us) 324.36ms (190.35us)      1704
       total  |  45.53ms ( 45.53ms)  45.50ms ( 45.50ms)         1
      solver  :   t_proc      (avg)   t_wall      (avg)    n_eval
       nlp_f  |   4.29ms (  2.66us)   4.06ms (  2.52us)      1614
       nlp_g  |  93.30ms ( 57.81us)  91.83ms ( 56.89us)      1614
    nlp_grad  |  14.48ms (115.86us)  14.50ms (116.00us)       125
  nlp_grad_f  |   6.38ms (  3.74us)   6.04ms (  3.54us)      1707
   nlp_jac_g  | 328.51ms (191.78us) 326.06ms (190.34us)      1713
       total  |  37.74ms ( 37.74ms)  37.72ms ( 37.72ms)         1
      solver  :   t_proc      (avg)   t_wall      (avg)    n_eval
       nlp_f  |   4.31ms (  2.66us)   4.08ms (  2.52us)      1623
       nlp_g  |  93.81ms ( 57.80us)  92.34ms ( 56.89us)      1623
    nlp_grad  |  14.59ms (115.83us)  14.61ms (115.97us)       126
  nlp_grad_f  |   6.41ms (  3.74us)   6.07ms (  3.54us)      1717
   nlp_jac_g  | 330.40ms (191.76us) 327.95ms (190.34us)      1723
       total  |  46.00ms ( 46.00ms)  45.96ms ( 45.96ms)         1
      solver  :   t_proc      (avg)   t_wall      (avg)    n_eval
       nlp_f  |   4.34ms (  2.66us)   4.11ms (  2.52us)      1633
       nlp_g  |  94.39ms ( 57.80us)  92.90ms ( 56.89us)      1633
    nlp_grad  |  14.71ms (115.80us)  14.72ms (115.94us)       127
  nlp_grad_f  |   6.45ms (  3.73us)   6.11ms (  3.54us)      1728
   nlp_jac_g  | 332.48ms (191.74us) 330.03ms (190.33us)      1734
       total  |  52.52ms ( 52.52ms)  52.52ms ( 52.52ms)         1
      solver  :   t_proc      (avg)   t_wall      (avg)    n_eval
       nlp_f  |   4.37ms (  2.66us)   4.14ms (  2.52us)      1644
       nlp_g  |  95.01ms ( 57.79us)  93.52ms ( 56.89us)      1644
    nlp_grad  |  14.82ms (115.79us)  14.84ms (115.92us)       128
  nlp_grad_f  |   6.50ms (  3.74us)   6.15ms (  3.54us)      1740
   nlp_jac_g  | 334.81ms (191.76us) 332.33ms (190.34us)      1746
       total  |  60.55ms ( 60.55ms)  60.51ms ( 60.51ms)         1
      solver  :   t_proc      (avg)   t_wall      (avg)    n_eval
       nlp_f  |   4.39ms (  2.66us)   4.16ms (  2.52us)      1653
       nlp_g  |  95.52ms ( 57.79us)  94.03ms ( 56.88us)      1653
    nlp_grad  |  14.93ms (115.77us)  14.95ms (115.90us)       129
  nlp_grad_f  |   6.54ms (  3.74us)   6.19ms (  3.54us)      1750
   nlp_jac_g  | 336.72ms (191.75us) 334.24ms (190.34us)      1756
       total  |  45.93ms ( 45.93ms)  45.91ms ( 45.91ms)         1

    Norm of Control Inputs: 9.614300

      solver  :   t_proc      (avg)   t_wall      (avg)    n_eval
       nlp_f  |   4.43ms (  2.66us)   4.20ms (  2.52us)      1668
       nlp_g  |  96.38ms ( 57.78us)  94.88ms ( 56.88us)      1668
    nlp_grad  |  15.04ms (115.73us)  15.06ms (115.86us)       130
  nlp_grad_f  |   6.61ms (  3.74us)   6.25ms (  3.54us)      1766
   nlp_jac_g  | 339.87ms (191.80us) 337.40ms (190.40us)      1772
       total  |  85.00ms ( 85.00ms)  84.94ms ( 84.94ms)         1
      solver  :   t_proc      (avg)   t_wall      (avg)    n_eval
       nlp_f  |   4.46ms (  2.66us)   4.22ms (  2.52us)      1678
       nlp_g  |  96.95ms ( 57.77us)  95.44ms ( 56.88us)      1678
    nlp_grad  |  15.18ms (115.87us)  15.20ms (116.00us)       131
  nlp_grad_f  |   6.64ms (  3.74us)   6.29ms (  3.54us)      1777
   nlp_jac_g  | 341.93ms (191.77us) 339.47ms (190.39us)      1783
       total  |  48.08ms ( 48.08ms)  48.04ms ( 48.04ms)         1
      solver  :   t_proc      (avg)   t_wall      (avg)    n_eval
       nlp_f  |   4.48ms (  2.66us)   4.25ms (  2.52us)      1688
       nlp_g  |  97.59ms ( 57.82us)  96.09ms ( 56.92us)      1688
    nlp_grad  |  15.29ms (115.86us)  15.31ms (115.99us)       132
  nlp_grad_f  |   6.68ms (  3.74us)   6.33ms (  3.54us)      1788
   nlp_jac_g  | 344.02ms (191.76us) 341.54ms (190.38us)      1794
       total  |  48.54ms ( 48.54ms)  48.52ms ( 48.52ms)         1
      solver  :   t_proc      (avg)   t_wall      (avg)    n_eval
       nlp_f  |   4.51ms (  2.66us)   4.27ms (  2.52us)      1697
       nlp_g  |  98.10ms ( 57.81us)  96.59ms ( 56.92us)      1697
    nlp_grad  |  15.42ms (115.91us)  15.43ms (116.04us)       133
  nlp_grad_f  |   6.73ms (  3.74us)   6.37ms (  3.54us)      1798
   nlp_jac_g  | 345.90ms (191.74us) 343.43ms (190.37us)      1804
       total  |  40.88ms ( 40.88ms)  40.87ms ( 40.87ms)         1
      solver  :   t_proc      (avg)   t_wall      (avg)    n_eval
       nlp_f  |   4.54ms (  2.66us)   4.30ms (  2.52us)      1708
       nlp_g  |  98.73ms ( 57.80us)  97.21ms ( 56.92us)      1708
    nlp_grad  |  15.53ms (115.89us)  15.55ms (116.03us)       134
  nlp_grad_f  |   6.77ms (  3.74us)   6.41ms (  3.54us)      1810
   nlp_jac_g  | 348.20ms (191.74us) 345.72ms (190.38us)      1816
       total  |  58.33ms ( 58.33ms)  58.32ms ( 58.32ms)         1
      solver  :   t_proc      (avg)   t_wall      (avg)    n_eval
       nlp_f  |   4.56ms (  2.66us)   4.32ms (  2.52us)      1717
       nlp_g  |  99.24ms ( 57.80us)  97.72ms ( 56.91us)      1717
    nlp_grad  |  15.64ms (115.87us)  15.66ms (116.01us)       135
  nlp_grad_f  |   6.81ms (  3.74us)   6.45ms (  3.54us)      1820
   nlp_jac_g  | 350.14ms (191.75us) 347.66ms (190.40us)      1826
       total  |  45.36ms ( 45.36ms)  45.37ms ( 45.37ms)         1
      solver  :   t_proc      (avg)   t_wall      (avg)    n_eval
       nlp_f  |   4.58ms (  2.66us)   4.35ms (  2.52us)      1725
       nlp_g  |  99.70ms ( 57.80us)  98.18ms ( 56.91us)      1725
    nlp_grad  |  15.75ms (115.85us)  15.77ms (115.99us)       136
  nlp_grad_f  |   6.84ms (  3.74us)   6.48ms (  3.54us)      1829
   nlp_jac_g  | 351.83ms (191.73us) 349.36ms (190.39us)      1835
       total  |  38.41ms ( 38.41ms)  38.37ms ( 38.37ms)         1
      solver  :   t_proc      (avg)   t_wall      (avg)    n_eval
       nlp_f  |   4.60ms (  2.66us)   4.37ms (  2.52us)      1733
       nlp_g  | 100.15ms ( 57.79us)  98.63ms ( 56.91us)      1733
    nlp_grad  |  15.87ms (115.81us)  15.89ms (115.96us)       137
  nlp_grad_f  |   6.88ms (  3.74us)   6.51ms (  3.54us)      1838
   nlp_jac_g  | 353.51ms (191.71us) 351.05ms (190.37us)      1844
       total  |  39.10ms ( 39.10ms)  39.09ms ( 39.09ms)         1
      solver  :   t_proc      (avg)   t_wall      (avg)    n_eval
       nlp_f  |   4.63ms (  2.66us)   4.39ms (  2.52us)      1742
       nlp_g  | 100.66ms ( 57.79us)  99.13ms ( 56.91us)      1742
    nlp_grad  |  15.98ms (115.77us)  16.00ms (115.92us)       138
  nlp_grad_f  |   6.91ms (  3.74us)   6.55ms (  3.54us)      1848
   nlp_jac_g  | 355.43ms (191.71us) 352.97ms (190.38us)      1854
       total  |  46.01ms ( 46.01ms)  46.00ms ( 46.00ms)         1
      solver  :   t_proc      (avg)   t_wall      (avg)    n_eval
       nlp_f  |   4.66ms (  2.66us)   4.41ms (  2.52us)      1751
       nlp_g  | 101.18ms ( 57.78us)  99.64ms ( 56.91us)      1751
    nlp_grad  |  16.11ms (115.91us)  16.13ms (116.07us)       139
  nlp_grad_f  |   6.95ms (  3.74us)   6.59ms (  3.55us)      1858
   nlp_jac_g  | 357.33ms (191.70us) 354.87ms (190.38us)      1864
       total  |  46.96ms ( 46.96ms)  46.92ms ( 46.92ms)         1

    Norm of Control Inputs: 17.704418

[ eval_imf ] episode 1: SUCCESS  steps=51  violations=0  reward=1.000  rough=2.320e-06
Saved trajectory plot to: logs/avoiding-v0/eval/diag_smooth_fm_guided_K10_n3/1_real.png
Saved trajectory plot to: logs/avoiding-v0/eval/diag_smooth_fm_guided_K10_n3/1_fan.png
      solver  :   t_proc      (avg)   t_wall      (avg)    n_eval
       nlp_f  |   4.71ms (  2.66us)   4.47ms (  2.52us)      1772
       nlp_g  | 102.38ms ( 57.78us) 100.83ms ( 56.90us)      1772
    nlp_grad  |  16.23ms (115.91us)  16.25ms (116.07us)       140
  nlp_grad_f  |   7.03ms (  3.74us)   6.67ms (  3.55us)      1880
   nlp_jac_g  | 361.58ms (191.72us) 359.13ms (190.42us)      1886
       total  | 103.81ms (103.81ms) 103.76ms (103.76ms)         1
      solver  :   t_proc      (avg)   t_wall      (avg)    n_eval
       nlp_f  |   4.76ms (  2.66us)   4.51ms (  2.52us)      1790
       nlp_g  | 103.40ms ( 57.77us) 101.85ms ( 56.90us)      1790
    nlp_grad  |  16.37ms (116.09us)  16.39ms (116.25us)       141
  nlp_grad_f  |   7.10ms (  3.74us)   6.73ms (  3.55us)      1899
   nlp_jac_g  | 365.17ms (191.69us) 362.73ms (190.41us)      1905
       total  |  85.58ms ( 85.58ms)  85.54ms ( 85.54ms)         1
      solver  :   t_proc      (avg)   t_wall      (avg)    n_eval
       nlp_f  |   4.80ms (  2.66us)   4.55ms (  2.52us)      1807
       nlp_g  | 104.37ms ( 57.76us) 102.81ms ( 56.90us)      1807
    nlp_grad  |  16.49ms (116.13us)  16.51ms (116.28us)       142
  nlp_grad_f  |   7.17ms (  3.74us)   6.80ms (  3.55us)      1917
   nlp_jac_g  | 368.57ms (191.66us) 366.14ms (190.40us)      1923
       total  |  88.25ms ( 88.25ms)  88.19ms ( 88.19ms)         1
      solver  :   t_proc      (avg)   t_wall      (avg)    n_eval
       nlp_f  |   4.83ms (  2.65us)   4.58ms (  2.52us)      1818
       nlp_g  | 105.00ms ( 57.76us) 103.43ms ( 56.89us)      1818
    nlp_grad  |  16.60ms (116.10us)  16.62ms (116.26us)       143
  nlp_grad_f  |   7.21ms (  3.74us)   6.84ms (  3.55us)      1929
   nlp_jac_g  | 370.88ms (191.67us) 368.45ms (190.41us)      1935
       total  |  54.95ms ( 54.95ms)  54.92ms ( 54.92ms)         1
      solver  :   t_proc      (avg)   t_wall      (avg)    n_eval
       nlp_f  |   4.85ms (  2.66us)   4.60ms (  2.52us)      1827
       nlp_g  | 105.51ms ( 57.75us) 103.94ms ( 56.89us)      1827
    nlp_grad  |  16.72ms (116.12us)  16.74ms (116.28us)       144
  nlp_grad_f  |   7.25ms (  3.74us)   6.87ms (  3.55us)      1939
   nlp_jac_g  | 372.75ms (191.65us) 370.33ms (190.40us)      1945
       total  |  40.18ms ( 40.18ms)  40.14ms ( 40.14ms)         1
      solver  :   t_proc      (avg)   t_wall      (avg)    n_eval
       nlp_f  |   4.88ms (  2.65us)   4.63ms (  2.52us)      1837
       nlp_g  | 106.08ms ( 57.75us) 104.51ms ( 56.89us)      1837
    nlp_grad  |  16.83ms (116.08us)  16.86ms (116.25us)       145
  nlp_grad_f  |   7.29ms (  3.74us)   6.91ms (  3.54us)      1950
   nlp_jac_g  | 374.82ms (191.63us) 372.41ms (190.39us)      1956
       total  |  51.64ms ( 51.64ms)  51.64ms ( 51.64ms)         1
      solver  :   t_proc      (avg)   t_wall      (avg)    n_eval
       nlp_f  |   4.91ms (  2.66us)   4.66ms (  2.52us)      1848
       nlp_g  | 106.72ms ( 57.75us) 105.13ms ( 56.89us)      1848
    nlp_grad  |  16.94ms (116.05us)  16.97ms (116.22us)       146
  nlp_grad_f  |   7.34ms (  3.74us)   6.95ms (  3.54us)      1962
   nlp_jac_g  | 377.08ms (191.60us) 374.66ms (190.38us)      1968
       total  |  60.41ms ( 60.41ms)  60.38ms ( 60.38ms)         1
      solver  :   t_proc      (avg)   t_wall      (avg)    n_eval
       nlp_f  |   4.94ms (  2.66us)   4.69ms (  2.52us)      1860
       nlp_g  | 107.41ms ( 57.75us) 105.82ms ( 56.89us)      1860
    nlp_grad  |  17.06ms (116.04us)  17.08ms (116.21us)       147
  nlp_grad_f  |   7.38ms (  3.74us)   7.00ms (  3.54us)      1975
   nlp_jac_g  | 379.52ms (191.58us) 377.11ms (190.36us)      1981
       total  |  67.61ms ( 67.61ms)  67.58ms ( 67.58ms)         1
      solver  :   t_proc      (avg)   t_wall      (avg)    n_eval
       nlp_f  |   4.97ms (  2.66us)   4.71ms (  2.52us)      1870
       nlp_g  | 107.98ms ( 57.74us) 106.38ms ( 56.89us)      1870
    nlp_grad  |  17.17ms (116.03us)  17.20ms (116.20us)       148
  nlp_grad_f  |   7.42ms (  3.74us)   7.04ms (  3.55us)      1986
   nlp_jac_g  | 381.60ms (191.57us) 379.19ms (190.36us)      1992
       total  |  54.03ms ( 54.03ms)  54.03ms ( 54.03ms)         1
      solver  :   t_proc      (avg)   t_wall      (avg)    n_eval
       nlp_f  |   4.99ms (  2.66us)   4.74ms (  2.52us)      1880
       nlp_g  | 108.55ms ( 57.74us) 106.95ms ( 56.89us)      1880
    nlp_grad  |  17.31ms (116.19us)  17.34ms (116.35us)       149
  nlp_grad_f  |   7.47ms (  3.74us)   7.08ms (  3.55us)      1997
   nlp_jac_g  | 383.66ms (191.54us) 381.26ms (190.35us)      2003
       total  |  52.78ms ( 52.78ms)  52.76ms ( 52.76ms)         1

    Norm of Control Inputs: 16.449634

      solver  :   t_proc      (avg)   t_wall      (avg)    n_eval
       nlp_f  |   5.03ms (  2.66us)   4.77ms (  2.52us)      1894
       nlp_g  | 109.37ms ( 57.75us) 107.76ms ( 56.90us)      1894
    nlp_grad  |  17.42ms (116.16us)  17.45ms (116.33us)       150
  nlp_grad_f  |   7.53ms (  3.74us)   7.14ms (  3.55us)      2012
   nlp_jac_g  | 386.64ms (191.59us) 384.24ms (190.41us)      2018
       total  |  67.96ms ( 67.96ms)  67.96ms ( 67.96ms)         1
      solver  :   t_proc      (avg)   t_wall      (avg)    n_eval
       nlp_f  |   5.07ms (  2.66us)   4.81ms (  2.52us)      1909
       nlp_g  | 110.22ms ( 57.74us) 108.61ms ( 56.89us)      1909
    nlp_grad  |  17.56ms (116.31us)  17.59ms (116.48us)       151
  nlp_grad_f  |   7.59ms (  3.74us)   7.19ms (  3.55us)      2028
   nlp_jac_g  | 389.63ms (191.56us) 387.24ms (190.38us)      2034
       total  |  73.55ms ( 73.55ms)  73.55ms ( 73.55ms)         1
      solver  :   t_proc      (avg)   t_wall      (avg)    n_eval
       nlp_f  |   5.10ms (  2.66us)   4.84ms (  2.52us)      1920
       nlp_g  | 110.85ms ( 57.73us) 109.23ms ( 56.89us)      1920
    nlp_grad  |  17.68ms (116.30us)  17.70ms (116.47us)       152
  nlp_grad_f  |   7.63ms (  3.74us)   7.24ms (  3.55us)      2040
   nlp_jac_g  | 391.89ms (191.54us) 389.50ms (190.37us)      2046
       total  |  55.14ms ( 55.14ms)  55.10ms ( 55.10ms)         1
      solver  :   t_proc      (avg)   t_wall      (avg)    n_eval
       nlp_f  |   5.13ms (  2.66us)   4.87ms (  2.52us)      1931
       nlp_g  | 111.47ms ( 57.73us) 109.85ms ( 56.89us)      1931
    nlp_grad  |  17.79ms (116.27us)  17.82ms (116.45us)       153
  nlp_grad_f  |   7.68ms (  3.74us)   7.28ms (  3.55us)      2052
   nlp_jac_g  | 394.14ms (191.52us) 391.77ms (190.36us)      2058
       total  |  59.46ms ( 59.46ms)  59.42ms ( 59.42ms)         1
      solver  :   t_proc      (avg)   t_wall      (avg)    n_eval
       nlp_f  |   5.16ms (  2.66us)   4.90ms (  2.52us)      1942
       nlp_g  | 112.10ms ( 57.72us) 110.47ms ( 56.88us)      1942
    nlp_grad  |  17.90ms (116.27us)  17.93ms (116.44us)       154
  nlp_grad_f  |   7.72ms (  3.74us)   7.32ms (  3.55us)      2064
   nlp_jac_g  | 396.40ms (191.50us) 394.03ms (190.35us)      2070
       total  |  59.91ms ( 59.91ms)  59.88ms ( 59.88ms)         1
      solver  :   t_proc      (avg)   t_wall      (avg)    n_eval
       nlp_f  |   5.19ms (  2.66us)   4.93ms (  2.52us)      1953
       nlp_g  | 112.74ms ( 57.73us) 111.10ms ( 56.89us)      1953
    nlp_grad  |  18.02ms (116.25us)  18.05ms (116.42us)       155
  nlp_grad_f  |   7.76ms (  3.74us)   7.36ms (  3.55us)      2076
   nlp_jac_g  | 398.68ms (191.49us) 396.32ms (190.35us)      2082
       total  |  60.25ms ( 60.25ms)  60.22ms ( 60.22ms)         1
      solver  :   t_proc      (avg)   t_wall      (avg)    n_eval
       nlp_f  |   5.23ms (  2.66us)   4.96ms (  2.52us)      1966
       nlp_g  | 113.49ms ( 57.73us) 111.84ms ( 56.89us)      1966
    nlp_grad  |  18.13ms (116.22us)  18.16ms (116.40us)       156
  nlp_grad_f  |   7.82ms (  3.74us)   7.41ms (  3.55us)      2090
   nlp_jac_g  | 401.36ms (191.49us) 399.00ms (190.36us)      2096
       total  |  73.66ms ( 73.66ms)  73.61ms ( 73.61ms)         1
      solver  :   t_proc      (avg)   t_wall      (avg)    n_eval
       nlp_f  |   5.26ms (  2.66us)   4.99ms (  2.52us)      1979
       nlp_g  | 114.25ms ( 57.73us) 112.60ms ( 56.90us)      1979
    nlp_grad  |  18.25ms (116.22us)  18.27ms (116.39us)       157
  nlp_grad_f  |   7.87ms (  3.74us)   7.46ms (  3.55us)      2104
   nlp_jac_g  | 404.00ms (191.47us) 401.64ms (190.35us)      2110
       total  |  74.29ms ( 74.29ms)  74.25ms ( 74.25ms)         1
      solver  :   t_proc      (avg)   t_wall      (avg)    n_eval
       nlp_f  |   5.30ms (  2.66us)   5.03ms (  2.52us)      1992
       nlp_g  | 114.99ms ( 57.72us) 113.33ms ( 56.89us)      1992
    nlp_grad  |  18.36ms (116.22us)  18.39ms (116.39us)       158
  nlp_grad_f  |   7.92ms (  3.74us)   7.51ms (  3.55us)      2118
   nlp_jac_g  | 406.62ms (191.44us) 404.26ms (190.33us)      2124
       total  |  73.04ms ( 73.04ms)  73.02ms ( 73.02ms)         1
      solver  :   t_proc      (avg)   t_wall      (avg)    n_eval
       nlp_f  |   5.33ms (  2.66us)   5.05ms (  2.52us)      2003
       nlp_g  | 115.61ms ( 57.72us) 113.95ms ( 56.89us)      2003
    nlp_grad  |  18.48ms (116.21us)  18.51ms (116.39us)       159
  nlp_grad_f  |   7.96ms (  3.74us)   7.55ms (  3.55us)      2130
   nlp_jac_g  | 408.85ms (191.41us) 406.51ms (190.31us)      2136
       total  |  58.38ms ( 58.38ms)  58.35ms ( 58.35ms)         1

    Norm of Control Inputs: 8.986684

      solver  :   t_proc      (avg)   t_wall      (avg)    n_eval
       nlp_f  |   5.36ms (  2.66us)   5.08ms (  2.52us)      2014
       nlp_g  | 116.27ms ( 57.73us) 114.60ms ( 56.90us)      2014
    nlp_grad  |  18.59ms (116.19us)  18.62ms (116.36us)       160
  nlp_grad_f  |   8.02ms (  3.74us)   7.60ms (  3.55us)      2142
   nlp_jac_g  | 411.34ms (191.50us) 409.00ms (190.41us)      2148
       total  |  60.54ms ( 60.54ms)  60.46ms ( 60.46ms)         1
      solver  :   t_proc      (avg)   t_wall      (avg)    n_eval
       nlp_f  |   5.39ms (  2.66us)   5.11ms (  2.52us)      2024
       nlp_g  | 116.84ms ( 57.73us) 115.17ms ( 56.90us)      2024
    nlp_grad  |  18.77ms (116.60us)  18.80ms (116.78us)       161
  nlp_grad_f  |   8.06ms (  3.74us)   7.64ms (  3.55us)      2153
   nlp_jac_g  | 413.45ms (191.50us) 411.08ms (190.40us)      2159
       total  |  48.42ms ( 48.42ms)  48.39ms ( 48.39ms)         1
      solver  :   t_proc      (avg)   t_wall      (avg)    n_eval
       nlp_f  |   5.41ms (  2.66us)   5.13ms (  2.52us)      2033
       nlp_g  | 117.35ms ( 57.72us) 115.67ms ( 56.90us)      2033
    nlp_grad  |  18.89ms (116.62us)  18.92ms (116.79us)       162
  nlp_grad_f  |   8.10ms (  3.74us)   7.68ms (  3.55us)      2163
   nlp_jac_g  | 415.33ms (191.48us) 412.96ms (190.39us)      2169
       total  |  45.18ms ( 45.18ms)  45.18ms ( 45.18ms)         1
      solver  :   t_proc      (avg)   t_wall      (avg)    n_eval
       nlp_f  |   5.44ms (  2.66us)   5.16ms (  2.52us)      2042
       nlp_g  | 117.87ms ( 57.72us) 116.19ms ( 56.90us)      2042
    nlp_grad  |  19.01ms (116.60us)  19.03ms (116.77us)       163
  nlp_grad_f  |   8.14ms (  3.74us)   7.72ms (  3.55us)      2173
   nlp_jac_g  | 417.22ms (191.47us) 414.85ms (190.39us)      2179
       total  |  45.06ms ( 45.06ms)  45.02ms ( 45.02ms)         1
      solver  :   t_proc      (avg)   t_wall      (avg)    n_eval
       nlp_f  |   5.46ms (  2.66us)   5.18ms (  2.53us)      2051
       nlp_g  | 118.38ms ( 57.72us) 116.69ms ( 56.90us)      2051
    nlp_grad  |  19.12ms (116.59us)  19.15ms (116.76us)       164
  nlp_grad_f  |   8.17ms (  3.74us)   7.75ms (  3.55us)      2183
   nlp_jac_g  | 419.10ms (191.46us) 416.74ms (190.38us)      2189
       total  |  45.50ms ( 45.50ms)  45.51ms ( 45.51ms)         1
      solver  :   t_proc      (avg)   t_wall      (avg)    n_eval
       nlp_f  |   5.48ms (  2.66us)   5.20ms (  2.53us)      2059
       nlp_g  | 118.83ms ( 57.71us) 117.14ms ( 56.89us)      2059
    nlp_grad  |  19.24ms (116.61us)  19.27ms (116.78us)       165
  nlp_grad_f  |   8.21ms (  3.74us)   7.78ms (  3.55us)      2192
   nlp_jac_g  | 420.80ms (191.45us) 418.45ms (190.38us)      2198
       total  |  38.24ms ( 38.24ms)  38.24ms ( 38.24ms)         1
      solver  :   t_proc      (avg)   t_wall      (avg)    n_eval
       nlp_f  |   5.51ms (  2.66us)   5.22ms (  2.53us)      2067
       nlp_g  | 119.29ms ( 57.71us) 117.60ms ( 56.89us)      2067
    nlp_grad  |  19.35ms (116.58us)  19.38ms (116.76us)       166
  nlp_grad_f  |   8.24ms (  3.75us)   7.82ms (  3.55us)      2201
   nlp_jac_g  | 422.54ms (191.45us) 420.18ms (190.39us)      2207
       total  |  39.09ms ( 39.09ms)  39.08ms ( 39.08ms)         1
      solver  :   t_proc      (avg)   t_wall      (avg)    n_eval
       nlp_f  |   5.53ms (  2.66us)   5.25ms (  2.53us)      2077
       nlp_g  | 119.86ms ( 57.71us) 118.16ms ( 56.89us)      2077
    nlp_grad  |  19.47ms (116.57us)  19.50ms (116.75us)       167
  nlp_grad_f  |   8.29ms (  3.75us)   7.86ms (  3.55us)      2212
   nlp_jac_g  | 424.59ms (191.43us) 422.24ms (190.37us)      2218
       total  |  53.78ms ( 53.78ms)  53.78ms ( 53.78ms)         1
      solver  :   t_proc      (avg)   t_wall      (avg)    n_eval
       nlp_f  |   5.56ms (  2.66us)   5.27ms (  2.53us)      2087
       nlp_g  | 120.43ms ( 57.70us) 118.73ms ( 56.89us)      2087
    nlp_grad  |  19.58ms (116.56us)  19.61ms (116.73us)       168
  nlp_grad_f  |   8.33ms (  3.75us)   7.89ms (  3.55us)      2223
   nlp_jac_g  | 426.65ms (191.41us) 424.30ms (190.35us)      2229
       total  |  53.74ms ( 53.74ms)  53.70ms ( 53.70ms)         1
      solver  :   t_proc      (avg)   t_wall      (avg)    n_eval
       nlp_f  |   5.58ms (  2.66us)   5.29ms (  2.53us)      2095
       nlp_g  | 120.89ms ( 57.71us) 119.19ms ( 56.89us)      2095
    nlp_grad  |  19.70ms (116.54us)  19.73ms (116.72us)       169
  nlp_grad_f  |   8.37ms (  3.75us)   7.93ms (  3.55us)      2232
   nlp_jac_g  | 428.34ms (191.40us) 426.00ms (190.35us)      2238
       total  |  38.55ms ( 38.55ms)  38.54ms ( 38.54ms)         1

    Norm of Control Inputs: 8.192441

      solver  :   t_proc      (avg)   t_wall      (avg)    n_eval
       nlp_f  |   5.62ms (  2.66us)   5.34ms (  2.53us)      2111
       nlp_g  | 121.82ms ( 57.71us) 120.11ms ( 56.90us)      2111
    nlp_grad  |  19.81ms (116.52us)  19.84ms (116.70us)       170
  nlp_grad_f  |   8.43ms (  3.75us)   7.99ms (  3.55us)      2249
   nlp_jac_g  | 431.63ms (191.41us) 429.30ms (190.38us)      2255
       total  |  97.01ms ( 97.01ms)  96.95ms ( 96.95ms)         1
      solver  :   t_proc      (avg)   t_wall      (avg)    n_eval
       nlp_f  |   5.65ms (  2.66us)   5.37ms (  2.53us)      2123
       nlp_g  | 122.50ms ( 57.70us) 120.78ms ( 56.89us)      2123
    nlp_grad  |  19.95ms (116.66us)  19.98ms (116.84us)       171
  nlp_grad_f  |   8.48ms (  3.75us)   8.04ms (  3.55us)      2262
   nlp_jac_g  | 434.07ms (191.39us) 431.74ms (190.36us)      2268
       total  |  66.20ms ( 66.20ms)  66.18ms ( 66.18ms)         1
      solver  :   t_proc      (avg)   t_wall      (avg)    n_eval
       nlp_f  |   5.69ms (  2.66us)   5.40ms (  2.53us)      2137
       nlp_g  | 123.29ms ( 57.69us) 121.57ms ( 56.89us)      2137
    nlp_grad  |  20.07ms (116.66us)  20.10ms (116.84us)       172
  nlp_grad_f  |   8.54ms (  3.75us)   8.09ms (  3.55us)      2277
   nlp_jac_g  | 436.87ms (191.36us) 434.55ms (190.34us)      2283
       total  |  80.80ms ( 80.80ms)  80.76ms ( 80.76ms)         1
      solver  :   t_proc      (avg)   t_wall      (avg)    n_eval
       nlp_f  |   5.72ms (  2.66us)   5.43ms (  2.53us)      2148
       nlp_g  | 123.92ms ( 57.69us) 122.20ms ( 56.89us)      2148
    nlp_grad  |  20.18ms (116.65us)  20.21ms (116.83us)       173
  nlp_grad_f  |   8.58ms (  3.75us)   8.14ms (  3.55us)      2289
   nlp_jac_g  | 439.12ms (191.34us) 436.80ms (190.33us)      2295
       total  |  59.96ms ( 59.96ms)  59.96ms ( 59.96ms)         1
      solver  :   t_proc      (avg)   t_wall      (avg)    n_eval
       nlp_f  |   5.75ms (  2.66us)   5.45ms (  2.53us)      2157
       nlp_g  | 124.43ms ( 57.69us) 122.70ms ( 56.89us)      2157
    nlp_grad  |  20.29ms (116.63us)  20.32ms (116.81us)       174
  nlp_grad_f  |   8.62ms (  3.75us)   8.17ms (  3.55us)      2299
   nlp_jac_g  | 441.02ms (191.33us) 438.71ms (190.33us)      2305
       total  |  44.83ms ( 44.83ms)  44.81ms ( 44.81ms)         1
      solver  :   t_proc      (avg)   t_wall      (avg)    n_eval
       nlp_f  |   5.77ms (  2.66us)   5.48ms (  2.53us)      2166
       nlp_g  | 124.94ms ( 57.68us) 123.21ms ( 56.88us)      2166
    nlp_grad  |  20.41ms (116.63us)  20.44ms (116.80us)       175
  nlp_grad_f  |   8.66ms (  3.75us)   8.21ms (  3.55us)      2309
   nlp_jac_g  | 442.94ms (191.33us) 440.62ms (190.33us)      2315
       total  |  45.74ms ( 45.74ms)  45.73ms ( 45.73ms)         1
      solver  :   t_proc      (avg)   t_wall      (avg)    n_eval
       nlp_f  |   5.79ms (  2.66us)   5.50ms (  2.53us)      2175
       nlp_g  | 125.46ms ( 57.68us) 123.72ms ( 56.88us)      2175
    nlp_grad  |  20.52ms (116.61us)  20.55ms (116.79us)       176
  nlp_grad_f  |   8.69ms (  3.75us)   8.24ms (  3.55us)      2319
   nlp_jac_g  | 444.82ms (191.32us) 442.51ms (190.33us)      2325
       total  |  45.83ms ( 45.83ms)  45.82ms ( 45.82ms)         1
      solver  :   t_proc      (avg)   t_wall      (avg)    n_eval
       nlp_f  |   5.82ms (  2.66us)   5.52ms (  2.53us)      2184
       nlp_g  | 125.99ms ( 57.69us) 124.25ms ( 56.89us)      2184
    nlp_grad  |  20.64ms (116.59us)  20.67ms (116.77us)       177
  nlp_grad_f  |   8.74ms (  3.75us)   8.28ms (  3.56us)      2329
   nlp_jac_g  | 446.72ms (191.31us) 444.41ms (190.33us)      2335
       total  |  46.19ms ( 46.19ms)  46.14ms ( 46.14ms)         1
      solver  :   t_proc      (avg)   t_wall      (avg)    n_eval
       nlp_f  |   5.84ms (  2.66us)   5.54ms (  2.53us)      2192
       nlp_g  | 126.44ms ( 57.68us) 124.70ms ( 56.89us)      2192
    nlp_grad  |  20.76ms (116.61us)  20.79ms (116.79us)       178
  nlp_grad_f  |   8.77ms (  3.75us)   8.31ms (  3.56us)      2338
   nlp_jac_g  | 448.41ms (191.30us) 446.11ms (190.32us)      2344
       total  |  38.21ms ( 38.21ms)  38.21ms ( 38.21ms)         1
      solver  :   t_proc      (avg)   t_wall      (avg)    n_eval
       nlp_f  |   5.86ms (  2.66us)   5.56ms (  2.53us)      2200
       nlp_g  | 126.90ms ( 57.68us) 125.15ms ( 56.89us)      2200
    nlp_grad  |  20.87ms (116.59us)  20.90ms (116.77us)       179
  nlp_grad_f  |   8.80ms (  3.75us)   8.35ms (  3.56us)      2347
   nlp_jac_g  | 450.11ms (191.29us) 447.81ms (190.31us)      2353
       total  |  38.04ms ( 38.04ms)  38.04ms ( 38.04ms)         1

    Norm of Control Inputs: 14.514726

      solver  :   t_proc      (avg)   t_wall      (avg)    n_eval
       nlp_f  |   5.89ms (  2.67us)   5.59ms (  2.53us)      2211
       nlp_g  | 127.53ms ( 57.68us) 125.79ms ( 56.89us)      2211
    nlp_grad  |  20.99ms (116.59us)  21.02ms (116.77us)       180
  nlp_grad_f  |   8.86ms (  3.75us)   8.40ms (  3.56us)      2359
   nlp_jac_g  | 452.50ms (191.33us) 450.20ms (190.36us)      2365
       total  |  55.38ms ( 55.38ms)  55.37ms ( 55.37ms)         1
      solver  :   t_proc      (avg)   t_wall      (avg)    n_eval
       nlp_f  |   5.92ms (  2.67us)   5.62ms (  2.53us)      2220
       nlp_g  | 128.06ms ( 57.69us) 126.31ms ( 56.90us)      2220
    nlp_grad  |  21.12ms (116.71us)  21.16ms (116.89us)       181
  nlp_grad_f  |   8.90ms (  3.76us)   8.43ms (  3.56us)      2369
   nlp_jac_g  | 454.40ms (191.33us) 452.11ms (190.36us)      2375
       total  |  40.24ms ( 40.24ms)  40.20ms ( 40.20ms)         1
      solver  :   t_proc      (avg)   t_wall      (avg)    n_eval
       nlp_f  |   5.94ms (  2.67us)   5.64ms (  2.53us)      2229
       nlp_g  | 128.59ms ( 57.69us) 126.83ms ( 56.90us)      2229
    nlp_grad  |  21.24ms (116.70us)  21.27ms (116.88us)       182
  nlp_grad_f  |   8.93ms (  3.75us)   8.47ms (  3.56us)      2379
   nlp_jac_g  | 456.30ms (191.32us) 454.01ms (190.36us)      2385
       total  |  39.73ms ( 39.73ms)  39.71ms ( 39.71ms)         1
      solver  :   t_proc      (avg)   t_wall      (avg)    n_eval
       nlp_f  |   5.97ms (  2.67us)   5.66ms (  2.53us)      2238
       nlp_g  | 129.11ms ( 57.69us) 127.34ms ( 56.90us)      2238
    nlp_grad  |  21.35ms (116.68us)  21.38ms (116.86us)       183
  nlp_grad_f  |   8.97ms (  3.75us)   8.50ms (  3.56us)      2389
   nlp_jac_g  | 458.21ms (191.32us) 455.92ms (190.37us)      2395
       total  |  40.82ms ( 40.82ms)  40.78ms ( 40.78ms)         1
      solver  :   t_proc      (avg)   t_wall      (avg)    n_eval
       nlp_f  |   5.99ms (  2.67us)   5.69ms (  2.53us)      2248
       nlp_g  | 129.68ms ( 57.69us) 127.91ms ( 56.90us)      2248
    nlp_grad  |  21.47ms (116.68us)  21.50ms (116.86us)       184
  nlp_grad_f  |   9.01ms (  3.75us)   8.54ms (  3.56us)      2400
   nlp_jac_g  | 460.31ms (191.32us) 458.03ms (190.37us)      2406
       total  |  48.04ms ( 48.04ms)  48.04ms ( 48.04ms)         1
      solver  :   t_proc      (avg)   t_wall      (avg)    n_eval
       nlp_f  |   6.03ms (  2.67us)   5.72ms (  2.53us)      2260
       nlp_g  | 130.36ms ( 57.68us) 128.59ms ( 56.90us)      2260
    nlp_grad  |  21.58ms (116.65us)  21.61ms (116.83us)       185
  nlp_grad_f  |   9.06ms (  3.75us)   8.59ms (  3.56us)      2413
   nlp_jac_g  | 462.76ms (191.30us) 460.49ms (190.36us)      2419
       total  |  63.26ms ( 63.26ms)  63.25ms ( 63.25ms)         1
      solver  :   t_proc      (avg)   t_wall      (avg)    n_eval
       nlp_f  |   6.06ms (  2.67us)   5.75ms (  2.53us)      2271
       nlp_g  | 131.00ms ( 57.68us) 129.21ms ( 56.90us)      2271
    nlp_grad  |  21.69ms (116.63us)  21.73ms (116.81us)       186
  nlp_grad_f  |   9.10ms (  3.75us)   8.63ms (  3.56us)      2425
   nlp_jac_g  | 465.05ms (191.30us) 462.78ms (190.36us)      2431
       total  |  54.93ms ( 54.93ms)  54.89ms ( 54.89ms)         1
      solver  :   t_proc      (avg)   t_wall      (avg)    n_eval
       nlp_f  |   6.09ms (  2.67us)   5.78ms (  2.53us)      2283
       nlp_g  | 131.68ms ( 57.68us) 129.89ms ( 56.90us)      2283
    nlp_grad  |  21.81ms (116.61us)  21.84ms (116.79us)       187
  nlp_grad_f  |   9.15ms (  3.75us)   8.68ms (  3.56us)      2438
   nlp_jac_g  | 467.49ms (191.28us) 465.22ms (190.35us)      2444
       total  |  62.12ms ( 62.12ms)  62.09ms ( 62.09ms)         1
      solver  :   t_proc      (avg)   t_wall      (avg)    n_eval
       nlp_f  |   6.12ms (  2.67us)   5.81ms (  2.53us)      2294
       nlp_g  | 132.31ms ( 57.67us) 130.51ms ( 56.89us)      2294
    nlp_grad  |  21.92ms (116.61us)  21.96ms (116.78us)       188
  nlp_grad_f  |   9.19ms (  3.75us)   8.72ms (  3.56us)      2450
   nlp_jac_g  | 469.78ms (191.28us) 467.52ms (190.36us)      2456
       total  |  55.34ms ( 55.34ms)  55.34ms ( 55.34ms)         1
      solver  :   t_proc      (avg)   t_wall      (avg)    n_eval
       nlp_f  |   6.14ms (  2.67us)   5.83ms (  2.53us)      2304
       nlp_g  | 132.87ms ( 57.67us) 131.07ms ( 56.89us)      2304
    nlp_grad  |  22.04ms (116.60us)  22.07ms (116.78us)       189
  nlp_grad_f  |   9.23ms (  3.75us)   8.76ms (  3.56us)      2461
   nlp_jac_g  | 471.86ms (191.27us) 469.60ms (190.35us)      2467
       total  |  47.81ms ( 47.81ms)  47.76ms ( 47.76ms)         1

    Norm of Control Inputs: 6.010174

      solver  :   t_proc      (avg)   t_wall      (avg)    n_eval
       nlp_f  |   6.32ms (  2.66us)   6.00ms (  2.53us)      2373
       nlp_g  | 136.80ms ( 57.65us) 134.97ms ( 56.88us)      2373
    nlp_grad  |  22.15ms (116.58us)  22.18ms (116.76us)       190
  nlp_grad_f  |   9.43ms (  3.75us)   8.94ms (  3.55us)      2517
   nlp_jac_g  | 483.69ms (191.18us) 481.45ms (190.29us)      2530
       total  | 248.86ms (248.86ms) 248.80ms (248.80ms)         1
      solver  :   t_proc      (avg)   t_wall      (avg)    n_eval
       nlp_f  |   6.42ms (  2.66us)   6.09ms (  2.52us)      2414
       nlp_g  | 139.11ms ( 57.63us) 137.27ms ( 56.86us)      2414
    nlp_grad  |  22.29ms (116.71us)  22.33ms (116.89us)       191
  nlp_grad_f  |   9.56ms (  3.74us)   9.06ms (  3.55us)      2554
   nlp_jac_g  | 490.82ms (191.13us) 488.56ms (190.25us)      2568
       total  | 130.65ms (130.65ms) 130.63ms (130.63ms)         1
      solver  :   t_proc      (avg)   t_wall      (avg)    n_eval
       nlp_f  |   6.52ms (  2.66us)   6.19ms (  2.52us)      2456
       nlp_g  | 141.52ms ( 57.62us) 139.64ms ( 56.86us)      2456
    nlp_grad  |  22.41ms (116.73us)  22.45ms (116.91us)       192
  nlp_grad_f  |   9.68ms (  3.74us)   9.18ms (  3.55us)      2588
   nlp_jac_g  | 497.34ms (191.06us) 495.09ms (190.20us)      2603
       total  | 130.73ms (130.73ms) 130.69ms (130.69ms)         1
      solver  :   t_proc      (avg)   t_wall      (avg)    n_eval
       nlp_f  |   6.67ms (  2.65us)   6.32ms (  2.52us)      2513
       nlp_g  | 144.73ms ( 57.59us) 142.82ms ( 56.83us)      2513
    nlp_grad  |  22.53ms (116.74us)  22.56ms (116.92us)       193
  nlp_grad_f  |   9.83ms (  3.73us)   9.32ms (  3.54us)      2633
   nlp_jac_g  | 506.10ms (190.98us) 503.86ms (190.14us)      2650
       total  | 228.31ms (228.31ms) 228.26ms (228.26ms)         1
      solver  :   t_proc      (avg)   t_wall      (avg)    n_eval
       nlp_f  |   6.71ms (  2.65us)   6.37ms (  2.52us)      2529
       nlp_g  | 145.65ms ( 57.59us) 143.73ms ( 56.83us)      2529
    nlp_grad  |  22.65ms (116.74us)  22.68ms (116.92us)       194
  nlp_grad_f  |   9.89ms (  3.73us)   9.38ms (  3.54us)      2650
   nlp_jac_g  | 509.33ms (190.98us) 507.10ms (190.14us)      2667
       total  |  92.22ms ( 92.22ms)  92.19ms ( 92.19ms)         1
      solver  :   t_proc      (avg)   t_wall      (avg)    n_eval
       nlp_f  |   6.73ms (  2.65us)   6.39ms (  2.52us)      2538
       nlp_g  | 146.17ms ( 57.59us) 144.24ms ( 56.83us)      2538
    nlp_grad  |  22.76ms (116.74us)  22.80ms (116.92us)       195
  nlp_grad_f  |   9.93ms (  3.73us)   9.42ms (  3.54us)      2660
   nlp_jac_g  | 511.23ms (190.97us) 509.00ms (190.14us)      2677
       total  |  45.08ms ( 45.08ms)  45.06ms ( 45.06ms)         1
      solver  :   t_proc      (avg)   t_wall      (avg)    n_eval
       nlp_f  |   6.76ms (  2.65us)   6.41ms (  2.52us)      2547
       nlp_g  | 146.68ms ( 57.59us) 144.75ms ( 56.83us)      2547
    nlp_grad  |  22.88ms (116.73us)  22.92ms (116.92us)       196
  nlp_grad_f  |   9.97ms (  3.73us)   9.45ms (  3.54us)      2670
   nlp_jac_g  | 513.10ms (190.96us) 510.87ms (190.13us)      2687
       total  |  45.55ms ( 45.55ms)  45.52ms ( 45.52ms)         1
      solver  :   t_proc      (avg)   t_wall      (avg)    n_eval
       nlp_f  |   6.78ms (  2.65us)   6.43ms (  2.52us)      2556
       nlp_g  | 147.19ms ( 57.59us) 145.26ms ( 56.83us)      2556
    nlp_grad  |  22.99ms (116.73us)  23.03ms (116.91us)       197
  nlp_grad_f  |  10.00ms (  3.73us)   9.49ms (  3.54us)      2680
   nlp_jac_g  | 514.99ms (190.95us) 512.76ms (190.12us)      2697
       total  |  45.27ms ( 45.27ms)  45.31ms ( 45.31ms)         1
      solver  :   t_proc      (avg)   t_wall      (avg)    n_eval
       nlp_f  |   6.80ms (  2.65us)   6.46ms (  2.52us)      2564
       nlp_g  | 147.65ms ( 57.59us) 145.71ms ( 56.83us)      2564
    nlp_grad  |  23.11ms (116.73us)  23.15ms (116.92us)       198
  nlp_grad_f  |  10.04ms (  3.73us)   9.52ms (  3.54us)      2689
   nlp_jac_g  | 516.68ms (190.94us) 514.46ms (190.12us)      2706
       total  |  38.68ms ( 38.68ms)  38.64ms ( 38.64ms)         1
      solver  :   t_proc      (avg)   t_wall      (avg)    n_eval
       nlp_f  |   6.83ms (  2.65us)   6.48ms (  2.52us)      2572
       nlp_g  | 148.12ms ( 57.59us) 146.18ms ( 56.83us)      2572
    nlp_grad  |  23.23ms (116.71us)  23.26ms (116.90us)       199
  nlp_grad_f  |  10.07ms (  3.73us)   9.55ms (  3.54us)      2698
   nlp_jac_g  | 518.40ms (190.94us) 516.18ms (190.12us)      2715
       total  |  38.50ms ( 38.50ms)  38.49ms ( 38.49ms)         1

    Norm of Control Inputs: 20.581146

      solver  :   t_proc      (avg)   t_wall      (avg)    n_eval
       nlp_f  |   6.86ms (  2.65us)   6.51ms (  2.52us)      2584
       nlp_g  | 148.82ms ( 57.59us) 146.87ms ( 56.84us)      2584
    nlp_grad  |  23.34ms (116.68us)  23.37ms (116.87us)       200
  nlp_grad_f  |  10.12ms (  3.73us)   9.61ms (  3.54us)      2711
   nlp_jac_g  | 520.99ms (190.98us) 518.78ms (190.17us)      2728
       total  |  62.63ms ( 62.63ms)  62.59ms ( 62.59ms)         1
      solver  :   t_proc      (avg)   t_wall      (avg)    n_eval
       nlp_f  |   6.89ms (  2.65us)   6.54ms (  2.52us)      2595
       nlp_g  | 149.45ms ( 57.59us) 147.50ms ( 56.84us)      2595
    nlp_grad  |  23.49ms (116.85us)  23.53ms (117.04us)       201
  nlp_grad_f  |  10.17ms (  3.73us)   9.65ms (  3.54us)      2723
   nlp_jac_g  | 523.26ms (190.97us) 521.05ms (190.16us)      2740
       total  |  53.58ms ( 53.58ms)  53.57ms ( 53.57ms)         1
      solver  :   t_proc      (avg)   t_wall      (avg)    n_eval
       nlp_f  |   6.92ms (  2.65us)   6.57ms (  2.52us)      2609
       nlp_g  | 150.24ms ( 57.59us) 148.29ms ( 56.84us)      2609
    nlp_grad  |  23.60ms (116.83us)  23.64ms (117.02us)       202
  nlp_grad_f  |  10.22ms (  3.73us)   9.70ms (  3.54us)      2738
   nlp_jac_g  | 526.08ms (190.96us) 523.87ms (190.15us)      2755
       total  |  82.09ms ( 82.09ms)  82.09ms ( 82.09ms)         1
      solver  :   t_proc      (avg)   t_wall      (avg)    n_eval
       nlp_f  |   6.95ms (  2.65us)   6.60ms (  2.52us)      2620
       nlp_g  | 150.88ms ( 57.59us) 148.92ms ( 56.84us)      2620
    nlp_grad  |  23.71ms (116.82us)  23.76ms (117.02us)       203
  nlp_grad_f  |  10.27ms (  3.73us)   9.74ms (  3.54us)      2750
   nlp_jac_g  | 528.35ms (190.95us) 526.15ms (190.15us)      2767
       total  |  58.93ms ( 58.93ms)  58.93ms ( 58.93ms)         1
      solver  :   t_proc      (avg)   t_wall      (avg)    n_eval
       nlp_f  |   6.98ms (  2.65us)   6.63ms (  2.52us)      2631
       nlp_g  | 151.50ms ( 57.58us) 149.54ms ( 56.84us)      2631
    nlp_grad  |  23.83ms (116.81us)  23.87ms (117.01us)       204
  nlp_grad_f  |  10.32ms (  3.73us)   9.79ms (  3.54us)      2762
   nlp_jac_g  | 530.59ms (190.93us) 528.39ms (190.14us)      2779
       total  |  59.78ms ( 59.78ms)  59.75ms ( 59.75ms)         1
      solver  :   t_proc      (avg)   t_wall      (avg)    n_eval
       nlp_f  |   7.01ms (  2.65us)   6.66ms (  2.52us)      2644
       nlp_g  | 152.24ms ( 57.58us) 150.27ms ( 56.83us)      2644
    nlp_grad  |  23.94ms (116.79us)  23.98ms (116.98us)       205
  nlp_grad_f  |  10.37ms (  3.73us)   9.84ms (  3.54us)      2776
   nlp_jac_g  | 533.23ms (190.92us) 531.03ms (190.13us)      2793
       total  |  75.01ms ( 75.01ms)  74.98ms ( 74.98ms)         1
      solver  :   t_proc      (avg)   t_wall      (avg)    n_eval
       nlp_f  |   7.04ms (  2.65us)   6.69ms (  2.52us)      2654
       nlp_g  | 152.82ms ( 57.58us) 150.84ms ( 56.84us)      2654
    nlp_grad  |  24.06ms (116.78us)  24.10ms (116.97us)       206
  nlp_grad_f  |  10.41ms (  3.73us)   9.87ms (  3.54us)      2787
   nlp_jac_g  | 535.31ms (190.91us) 533.11ms (190.13us)      2804
       total  |  52.73ms ( 52.73ms)  52.73ms ( 52.73ms)         1
      solver  :   t_proc      (avg)   t_wall      (avg)    n_eval
       nlp_f  |   7.07ms (  2.65us)   6.71ms (  2.52us)      2663
       nlp_g  | 153.33ms ( 57.58us) 151.35ms ( 56.84us)      2663
    nlp_grad  |  24.17ms (116.75us)  24.21ms (116.94us)       207
  nlp_grad_f  |  10.46ms (  3.74us)   9.92ms (  3.55us)      2797
   nlp_jac_g  | 537.21ms (190.91us) 535.02ms (190.13us)      2814
       total  |  44.38ms ( 44.38ms)  44.38ms ( 44.38ms)         1
      solver  :   t_proc      (avg)   t_wall      (avg)    n_eval
       nlp_f  |   7.09ms (  2.65us)   6.73ms (  2.52us)      2672
       nlp_g  | 153.87ms ( 57.59us) 151.89ms ( 56.84us)      2672
    nlp_grad  |  24.28ms (116.73us)  24.32ms (116.92us)       208
  nlp_grad_f  |  10.50ms (  3.74us)   9.96ms (  3.55us)      2807
   nlp_jac_g  | 539.14ms (190.91us) 536.95ms (190.14us)      2824
       total  |  44.65ms ( 44.65ms)  44.60ms ( 44.60ms)         1
      solver  :   t_proc      (avg)   t_wall      (avg)    n_eval
       nlp_f  |   7.12ms (  2.66us)   6.76ms (  2.52us)      2681
       nlp_g  | 154.38ms ( 57.58us) 152.40ms ( 56.84us)      2681
    nlp_grad  |  24.41ms (116.78us)  24.45ms (116.97us)       209
  nlp_grad_f  |  10.53ms (  3.74us)   9.99ms (  3.55us)      2817
   nlp_jac_g  | 541.02ms (190.90us) 538.84ms (190.13us)      2834
       total  |  44.29ms ( 44.29ms)  44.27ms ( 44.27ms)         1

    Norm of Control Inputs: 16.714724

[ eval_imf ] episode 2: SUCCESS  steps=50  violations=0  reward=1.000  rough=2.470e-06
Saved trajectory plot to: logs/avoiding-v0/eval/diag_smooth_fm_guided_K10_n3/2_real.png
Saved trajectory plot to: logs/avoiding-v0/eval/diag_smooth_fm_guided_K10_n3/2_fan.png
[ eval_imf ] done. mean NFE/plan: 0.0  all NLP solves OK  csv: logs/avoiding-v0/eval/diag_smooth_fm_guided_K10_n3/trajectories.csv
Total runtime: 0h 0m 35s
==============================================================
[ u_8 ] assembling comparison figure -> logs/avoiding-v0/eval/fig11_imf_vs_fm_run0.png
==============================================================
[ fig11 ] iMF (average velocity u)         hardflow_new_imf   plan 4/7  from logs/avoiding-v0/eval/diag_smooth_imf_guided_K5_n3/0_fan.npz
[ fig11 ] FM (instantaneous velocity v)    hardflow_new       plan 4/7  from logs/avoiding-v0/eval/diag_smooth_fm_guided_K10_n3/0_fan.npz
Saved trajectory plot to: logs/avoiding-v0/eval/fig11_imf_vs_fm_run0.png
[ u_8 ] done.
-rw-r--r-- 1 llim tumuser 222840 Jul 20 09:52 logs/avoiding-v0/eval/fig11_imf_vs_fm_run0.png
  per-method fans also available: logs/avoiding-v0/eval/diag_smooth_imf_guided_K5_n3/*_fan.png , logs/avoiding-v0/eval/diag_smooth_fm_guided_K10_n3/*_fan.png
================================================================================
JOB END: Mon Jul 20 09:52:53 UTC 2026
================================================================================
