/bin/bash: /u/home/llim/miniconda3/lib/libtinfo.so.6: no version information available (required by /bin/bash)
================================================================================
JOB START: Mon Jul 20 13:20:55 UTC 2026
JOB NAME:  train_imf_hardflow   ID: 23613   NODE: i6-gpu-1
CONDA ENV: hardflow_clone   (clone of FMPCC — live env untouched)
HARDFLOW_REPO: /u/home/llim/FMPCC/FM-PCC/HardFlow
LOG COLLECT:   /u/home/llim/FMPCC/FM-PCC/logs/hardflow
NVIDIA RTX A5000, 530.41.03, 24564 MiB
NVIDIA RTX A5000, 530.41.03, 24564 MiB
NVIDIA RTX A5000, 530.41.03, 24564 MiB
NVIDIA RTX A5000, 530.41.03, 24564 MiB
NVIDIA RTX A5000, 530.41.03, 24564 MiB
NVIDIA RTX A5000, 530.41.03, 24564 MiB
NVIDIA RTX A5000, 530.41.03, 24564 MiB
NVIDIA RTX A5000, 530.41.03, 24564 MiB
HARDFLOW GIT: 359add2
================================================================================
[ HF-BRIDGE ] python: /u/home/llim/miniconda3/envs/hardflow_clone/bin/python
[ HF-BRIDGE ] tyro OK, gym==0.20.0
[ HF-BRIDGE ] W&B key found -> WANDB_MODE=online
[ GPU-CHECK ] CUDA_VISIBLE_DEVICES=0  MUJOCO_EGL_DEVICE_ID=0
[ HF-BRIDGE ] /u/home/llim/FMPCC/FM-PCC/HardFlow/logs -> /u/home/llim/FMPCC/FM-PCC/logs/hardflow
[ HF-BRIDGE ] cwd: /u/home/llim/FMPCC/FM-PCC/HardFlow
[ HF-IMF-TRAIN ] gates first: python run/imf_gates.py

=== G0: TemporalImfUnet mechanics (avoiding config) ===
[ models/temporal_imf ] Channel dimensions: [(6, 32), (32, 128), (128, 256)]
[ PASS ] G0 shapes: tau=float: u(3, 16, 6) v(3, 16, 6)
[ PASS ] G0 shapes: tau=Tensor: u(3, 16, 6) v(3, 16, 6)
[ PASS ] G0 shapes: tau=float: u(3, 16, 6) v(3, 16, 6)
[ info ] TemporalImfUnet params: 3.69M

=== G1: 1D GMM end-to-end (convention / loss / sampler) ===
[ train ] step 0: raw_mse_u 5.3623 raw_mse_v 5.3333
[ train ] step 1000: raw_mse_u 25.7487 raw_mse_v 3.9826
[ train ] step 2000: raw_mse_u 24.1426 raw_mse_v 4.1025
[ train ] step 3000: raw_mse_u 16.5437 raw_mse_v 3.7099
[ PASS ] G1-A h->0 (u ~= v): rel err 0.0008
[ PASS ] G1-B 1-NFE lands on data (sign): mean|x| 2.089 (target ~2), near-mode frac 0.98, min-mode frac 0.48, W1 0.276
[ PASS ] G1-C K1 ~ K2 (W1): W1(K1,K2) 0.067
[ PASS ] G1-D jump composition (W1): W1 0.084

ALL GATES PASSED — cleared for Phase 2 (training).
[ HF-IMF-TRAIN ] bash run_scripts/train_imf.sh
bash: /u/home/llim/miniconda3/lib/libtinfo.so.6: no version information available (required by bash)
=== Gen13 iMF train: env=avoiding-v0 horizon=16 steps=300000 ===
[ datasets/buffer ] Finalized replay buffer | 96 episodes
[ datasets/sequence ] Calculating normalizer...
[ datasets/sequence ] Normalizer saved at logs/avoiding-v0/normalizer/normalizer_H16.pth
[ datasets/sequence ] Normalizer acquired
[ datasets/sequence ] Indices made
Normalizing...
  0%|          | 0/2 [00:00<?, ?it/s]100%|██████████| 2/2 [00:00<00:00, 2494.38it/s]
wandb: Currently logged in as: llmmail2021 (llmmail2021-technical-university-of-munich). Use `wandb login --relogin` to force relogin
wandb: wandb version 0.28.1 is available!  To upgrade, please run:
wandb:  $ pip install wandb --upgrade
wandb: Tracking run with wandb version 0.17.5
wandb: Run data is saved locally in ./logs/avoiding-v0/flow/H16_imf_300k/wandb/run-20260720_132127-d8qx8o89
wandb: Run `wandb offline` to turn off syncing.
wandb: Syncing run HF-iMF-H16_imf_300k-seed0
wandb: ⭐️ View project at https://wandb.ai/llmmail2021-technical-university-of-munich/FMPCC-HF-iMF
wandb: 🚀 View run at https://wandb.ai/llmmail2021-technical-university-of-munich/FMPCC-HF-iMF/runs/d8qx8o89
[ datasets/sequence ] Normalized
[ datasets/buffer ] Fields:
    observations: (96, 200, 4)
    actions: (96, 200, 2)
    rewards: (96, 200, 1)
    terminals: (96, 200, 1)
    timeouts: (96, 200, 1)
    normed_observations: (96, 200, 4)
    normed_actions: (96, 200, 2)
[ models/temporal_imf ] Channel dimensions: [(6, 32), (32, 128), (128, 256)]
[ train_imf ] tensorboard not installed -> metrics.csv only
[ train_imf ] W&B online: project=FMPCC-HF-iMF run=HF-iMF-H16_imf_300k-seed0
[ train_imf ] non-tty (batch) mode: progress bar disabled, logging every 200 steps of 300000
[ train_imf ] step 0  raw_mse_u 139.3966  raw_mse_v 131.0064  a0 1.57035  (adaptive loss 1.9998 — flat by design)
[ train_imf ] step 200  raw_mse_u 61.4976  raw_mse_v 60.9247  a0 0.96398  (adaptive loss 1.9997 — flat by design)
[ train_imf ] step 400  raw_mse_u 34.0258  raw_mse_v 31.1531  a0 1.23290  (adaptive loss 1.9993 — flat by design)
[ train_imf ] step 600  raw_mse_u 33.5356  raw_mse_v 28.9639  a0 1.00711  (adaptive loss 1.9992 — flat by design)
[ train_imf ] step 800  raw_mse_u 28.1416  raw_mse_v 26.0125  a0 0.74990  (adaptive loss 1.9991 — flat by design)
[ train_imf ] step 1000  raw_mse_u 23.1228  raw_mse_v 20.9217  a0 0.53163  (adaptive loss 1.9988 — flat by design)
[ train_imf ] step 1200  raw_mse_u 29.2162  raw_mse_v 26.5390  a0 0.70573  (adaptive loss 1.9990 — flat by design)
[ train_imf ] step 1400  raw_mse_u 21.9891  raw_mse_v 19.9959  a0 0.47624  (adaptive loss 1.9988 — flat by design)
[ train_imf ] step 1600  raw_mse_u 25.4678  raw_mse_v 24.2094  a0 0.61844  (adaptive loss 1.9989 — flat by design)
[ train_imf ] step 1800  raw_mse_u 25.9532  raw_mse_v 25.8705  a0 0.92154  (adaptive loss 1.9988 — flat by design)
[ train_imf ] step 2000  raw_mse_u 22.4802  raw_mse_v 20.6420  a0 0.52946  (adaptive loss 1.9988 — flat by design)
[ train_imf ] step 2200  raw_mse_u 23.0767  raw_mse_v 22.5232  a0 0.71769  (adaptive loss 1.9988 — flat by design)
[ train_imf ] step 2400  raw_mse_u 31.9526  raw_mse_v 30.7070  a0 0.80248  (adaptive loss 1.9989 — flat by design)
[ train_imf ] step 2600  raw_mse_u 21.7355  raw_mse_v 17.6013  a0 0.53295  (adaptive loss 1.9987 — flat by design)
[ train_imf ] step 2800  raw_mse_u 26.7323  raw_mse_v 20.4901  a0 0.60689  (adaptive loss 1.9986 — flat by design)
[ train_imf ] step 3000  raw_mse_u 23.8653  raw_mse_v 20.8453  a0 0.37780  (adaptive loss 1.9986 — flat by design)
[ train_imf ] step 3200  raw_mse_u 20.2415  raw_mse_v 18.5767  a0 0.67890  (adaptive loss 1.9984 — flat by design)
[ train_imf ] step 3400  raw_mse_u 21.9039  raw_mse_v 20.0601  a0 0.43498  (adaptive loss 1.9986 — flat by design)
[ train_imf ] step 3600  raw_mse_u 16.9335  raw_mse_v 14.6755  a0 0.34059  (adaptive loss 1.9982 — flat by design)
[ train_imf ] step 3800  raw_mse_u 16.9277  raw_mse_v 16.0214  a0 0.75024  (adaptive loss 1.9984 — flat by design)
[ train_imf ] step 4000  raw_mse_u 22.3545  raw_mse_v 18.4693  a0 0.43933  (adaptive loss 1.9986 — flat by design)
[ train_imf ] step 4200  raw_mse_u 19.6003  raw_mse_v 19.1194  a0 0.36238  (adaptive loss 1.9986 — flat by design)
[ train_imf ] step 4400  raw_mse_u 16.4956  raw_mse_v 16.0086  a0 0.49731  (adaptive loss 1.9985 — flat by design)
[ train_imf ] step 4600  raw_mse_u 19.4136  raw_mse_v 16.5911  a0 0.36262  (adaptive loss 1.9984 — flat by design)
[ train_imf ] step 4800  raw_mse_u 18.7597  raw_mse_v 15.4341  a0 0.45178  (adaptive loss 1.9981 — flat by design)
[ train_imf ] step 5000  raw_mse_u 19.2371  raw_mse_v 17.0608  a0 0.46174  (adaptive loss 1.9982 — flat by design)
[ train_imf ] step 5200  raw_mse_u 17.3422  raw_mse_v 17.1809  a0 0.26415  (adaptive loss 1.9979 — flat by design)
[ train_imf ] step 5400  raw_mse_u 23.2889  raw_mse_v 24.4127  a0 0.43772  (adaptive loss 1.9985 — flat by design)
[ train_imf ] step 5600  raw_mse_u 17.1680  raw_mse_v 14.9482  a0 0.61197  (adaptive loss 1.9984 — flat by design)
[ train_imf ] step 5800  raw_mse_u 28.7173  raw_mse_v 16.2637  a0 0.33804  (adaptive loss 1.9984 — flat by design)
[ train_imf ] step 6000  raw_mse_u 27.0129  raw_mse_v 21.3290  a0 0.96546  (adaptive loss 1.9986 — flat by design)
[ train_imf ] step 6200  raw_mse_u 13.1519  raw_mse_v 13.3720  a0 0.21557  (adaptive loss 1.9980 — flat by design)
[ train_imf ] step 6400  raw_mse_u 25.7258  raw_mse_v 25.1350  a0 0.56158  (adaptive loss 1.9985 — flat by design)
[ train_imf ] step 6600  raw_mse_u 13.9943  raw_mse_v 14.3380  a0 0.43878  (adaptive loss 1.9978 — flat by design)
[ train_imf ] step 6800  raw_mse_u 19.9651  raw_mse_v 17.9125  a0 0.56610  (adaptive loss 1.9980 — flat by design)
[ train_imf ] step 7000  raw_mse_u 19.5881  raw_mse_v 18.8319  a0 0.43524  (adaptive loss 1.9984 — flat by design)
[ train_imf ] step 7200  raw_mse_u 19.0869  raw_mse_v 18.1544  a0 0.44584  (adaptive loss 1.9981 — flat by design)
[ train_imf ] step 7400  raw_mse_u 21.6126  raw_mse_v 20.8688  a0 0.51539  (adaptive loss 1.9983 — flat by design)
[ train_imf ] step 7600  raw_mse_u 15.7996  raw_mse_v 15.4925  a0 0.32612  (adaptive loss 1.9981 — flat by design)
[ train_imf ] step 7800  raw_mse_u 42.5952  raw_mse_v 17.0724  a0 1.27086  (adaptive loss 1.9981 — flat by design)
[ train_imf ] step 8000  raw_mse_u 14.6339  raw_mse_v 13.2639  a0 0.40395  (adaptive loss 1.9983 — flat by design)
[ train_imf ] step 8200  raw_mse_u 38.3296  raw_mse_v 17.9180  a0 0.93658  (adaptive loss 1.9983 — flat by design)
[ train_imf ] step 8400  raw_mse_u 16.4941  raw_mse_v 16.2970  a0 0.45519  (adaptive loss 1.9982 — flat by design)
[ train_imf ] step 8600  raw_mse_u 14.4832  raw_mse_v 13.4443  a0 0.25109  (adaptive loss 1.9981 — flat by design)
[ train_imf ] step 8800  raw_mse_u 25.2592  raw_mse_v 19.3232  a0 0.50882  (adaptive loss 1.9985 — flat by design)
[ train_imf ] step 9000  raw_mse_u 22.7890  raw_mse_v 20.6210  a0 0.45625  (adaptive loss 1.9987 — flat by design)
[ train_imf ] step 9200  raw_mse_u 20.8886  raw_mse_v 17.6306  a0 0.64370  (adaptive loss 1.9983 — flat by design)
[ train_imf ] step 9400  raw_mse_u 14.3466  raw_mse_v 13.6122  a0 0.23019  (adaptive loss 1.9976 — flat by design)
[ train_imf ] step 9600  raw_mse_u 15.6733  raw_mse_v 15.6958  a0 0.31249  (adaptive loss 1.9980 — flat by design)
[ train_imf ] step 9800  raw_mse_u 28.9707  raw_mse_v 15.0055  a0 0.46437  (adaptive loss 1.9980 — flat by design)
[ train_imf ] step 10000  raw_mse_u 18.6930  raw_mse_v 15.3006  a0 0.33914  (adaptive loss 1.9981 — flat by design)
[ train_imf ] step 10200  raw_mse_u 13.4537  raw_mse_v 11.1523  a0 0.45048  (adaptive loss 1.9978 — flat by design)
[ train_imf ] step 10400  raw_mse_u 14.5985  raw_mse_v 14.1584  a0 0.31520  (adaptive loss 1.9977 — flat by design)
[ train_imf ] step 10600  raw_mse_u 29.1211  raw_mse_v 19.7302  a0 0.76230  (adaptive loss 1.9981 — flat by design)
[ train_imf ] step 10800  raw_mse_u 16.3687  raw_mse_v 16.3405  a0 0.28444  (adaptive loss 1.9979 — flat by design)
[ train_imf ] step 11000  raw_mse_u 15.1618  raw_mse_v 13.4687  a0 0.30631  (adaptive loss 1.9980 — flat by design)
[ train_imf ] step 11200  raw_mse_u 19.7708  raw_mse_v 18.7583  a0 0.27863  (adaptive loss 1.9983 — flat by design)
[ train_imf ] step 11400  raw_mse_u 19.1195  raw_mse_v 16.6634  a0 0.46311  (adaptive loss 1.9982 — flat by design)
[ train_imf ] step 11600  raw_mse_u 14.7902  raw_mse_v 10.4975  a0 0.31033  (adaptive loss 1.9978 — flat by design)
[ train_imf ] step 11800  raw_mse_u 17.5688  raw_mse_v 16.4119  a0 0.29414  (adaptive loss 1.9982 — flat by design)
[ train_imf ] step 12000  raw_mse_u 22.0244  raw_mse_v 17.0857  a0 0.45635  (adaptive loss 1.9982 — flat by design)
[ train_imf ] step 12200  raw_mse_u 18.6743  raw_mse_v 17.2734  a0 0.58956  (adaptive loss 1.9979 — flat by design)
[ train_imf ] step 12400  raw_mse_u 23.0674  raw_mse_v 15.5057  a0 0.45133  (adaptive loss 1.9983 — flat by design)
[ train_imf ] step 12600  raw_mse_u 17.9098  raw_mse_v 17.9849  a0 0.36167  (adaptive loss 1.9983 — flat by design)
[ train_imf ] step 12800  raw_mse_u 21.1972  raw_mse_v 15.1273  a0 0.51167  (adaptive loss 1.9979 — flat by design)
[ train_imf ] step 13000  raw_mse_u 18.3671  raw_mse_v 15.7847  a0 0.58796  (adaptive loss 1.9981 — flat by design)
[ train_imf ] step 13200  raw_mse_u 13.9666  raw_mse_v 12.1687  a0 0.41856  (adaptive loss 1.9979 — flat by design)
[ train_imf ] step 13400  raw_mse_u 16.1131  raw_mse_v 14.1350  a0 0.49523  (adaptive loss 1.9975 — flat by design)
[ train_imf ] step 13600  raw_mse_u 17.0622  raw_mse_v 14.9878  a0 0.23470  (adaptive loss 1.9982 — flat by design)
[ train_imf ] step 13800  raw_mse_u 18.1300  raw_mse_v 16.3972  a0 0.37303  (adaptive loss 1.9977 — flat by design)
[ train_imf ] step 14000  raw_mse_u 19.5717  raw_mse_v 18.6220  a0 0.74637  (adaptive loss 1.9982 — flat by design)
[ train_imf ] step 14200  raw_mse_u 49.7066  raw_mse_v 15.1514  a0 0.99614  (adaptive loss 1.9977 — flat by design)
[ train_imf ] step 14400  raw_mse_u 18.9379  raw_mse_v 15.1623  a0 0.45425  (adaptive loss 1.9982 — flat by design)
[ train_imf ] step 14600  raw_mse_u 22.2245  raw_mse_v 12.3401  a0 0.42544  (adaptive loss 1.9978 — flat by design)
[ train_imf ] step 14800  raw_mse_u 21.4057  raw_mse_v 14.7034  a0 0.29765  (adaptive loss 1.9977 — flat by design)
[ train_imf ] step 15000  raw_mse_u 15.1767  raw_mse_v 14.2207  a0 0.33830  (adaptive loss 1.9975 — flat by design)
[ train_imf ] step 15200  raw_mse_u 17.3354  raw_mse_v 16.5542  a0 0.45663  (adaptive loss 1.9979 — flat by design)
[ train_imf ] step 15400  raw_mse_u 14.8029  raw_mse_v 12.5199  a0 0.44651  (adaptive loss 1.9978 — flat by design)
[ train_imf ] step 15600  raw_mse_u 21.3761  raw_mse_v 17.6563  a0 0.42397  (adaptive loss 1.9980 — flat by design)
[ train_imf ] step 15800  raw_mse_u 15.0405  raw_mse_v 13.4224  a0 0.52998  (adaptive loss 1.9976 — flat by design)
[ train_imf ] step 16000  raw_mse_u 20.3175  raw_mse_v 12.6179  a0 0.61625  (adaptive loss 1.9981 — flat by design)
[ train_imf ] step 16200  raw_mse_u 28.5086  raw_mse_v 17.6699  a0 0.41956  (adaptive loss 1.9977 — flat by design)
[ train_imf ] step 16400  raw_mse_u 19.7471  raw_mse_v 18.6641  a0 0.41792  (adaptive loss 1.9980 — flat by design)
[ train_imf ] step 16600  raw_mse_u 11.6908  raw_mse_v 10.3580  a0 0.23826  (adaptive loss 1.9974 — flat by design)
[ train_imf ] step 16800  raw_mse_u 21.0112  raw_mse_v 11.3500  a0 0.57271  (adaptive loss 1.9978 — flat by design)
[ train_imf ] step 17000  raw_mse_u 13.4999  raw_mse_v 9.7485  a0 0.50033  (adaptive loss 1.9972 — flat by design)
[ train_imf ] step 17200  raw_mse_u 15.3392  raw_mse_v 14.7205  a0 0.42319  (adaptive loss 1.9973 — flat by design)
[ train_imf ] step 17400  raw_mse_u 16.0743  raw_mse_v 15.0190  a0 0.34652  (adaptive loss 1.9981 — flat by design)
[ train_imf ] step 17600  raw_mse_u 18.1930  raw_mse_v 15.9293  a0 0.27625  (adaptive loss 1.9984 — flat by design)
[ train_imf ] step 17800  raw_mse_u 26.1318  raw_mse_v 23.7113  a0 0.77711  (adaptive loss 1.9987 — flat by design)
[ train_imf ] step 18000  raw_mse_u 11.4217  raw_mse_v 10.2552  a0 0.26927  (adaptive loss 1.9975 — flat by design)
[ train_imf ] step 18200  raw_mse_u 19.2588  raw_mse_v 18.3551  a0 0.32575  (adaptive loss 1.9981 — flat by design)
[ train_imf ] step 18400  raw_mse_u 14.7059  raw_mse_v 13.6832  a0 0.20271  (adaptive loss 1.9982 — flat by design)
[ train_imf ] step 18600  raw_mse_u 32.6205  raw_mse_v 14.9577  a0 0.59027  (adaptive loss 1.9979 — flat by design)
[ train_imf ] step 18800  raw_mse_u 19.1961  raw_mse_v 16.8259  a0 0.55696  (adaptive loss 1.9981 — flat by design)
[ train_imf ] step 19000  raw_mse_u 44.5464  raw_mse_v 17.0970  a0 1.09821  (adaptive loss 1.9977 — flat by design)
[ train_imf ] step 19200  raw_mse_u 15.5646  raw_mse_v 14.4378  a0 0.27150  (adaptive loss 1.9983 — flat by design)
[ train_imf ] step 19400  raw_mse_u 16.6523  raw_mse_v 15.5097  a0 0.22123  (adaptive loss 1.9978 — flat by design)
[ train_imf ] step 19600  raw_mse_u 17.6638  raw_mse_v 12.5762  a0 0.63090  (adaptive loss 1.9976 — flat by design)
[ train_imf ] step 19800  raw_mse_u 20.6045  raw_mse_v 11.5351  a0 0.17225  (adaptive loss 1.9975 — flat by design)
[ train_imf ] step 20000  raw_mse_u 12.7601  raw_mse_v 13.0809  a0 0.20038  (adaptive loss 1.9978 — flat by design)
[ train_imf ] step 20200  raw_mse_u 15.7571  raw_mse_v 12.9413  a0 0.46625  (adaptive loss 1.9978 — flat by design)
[ train_imf ] step 20400  raw_mse_u 15.9306  raw_mse_v 14.5221  a0 0.60606  (adaptive loss 1.9976 — flat by design)
[ train_imf ] step 20600  raw_mse_u 19.3918  raw_mse_v 16.7724  a0 0.46549  (adaptive loss 1.9978 — flat by design)
[ train_imf ] step 20800  raw_mse_u 22.7356  raw_mse_v 12.5049  a0 0.43452  (adaptive loss 1.9979 — flat by design)
[ train_imf ] step 21000  raw_mse_u 19.7515  raw_mse_v 13.1874  a0 0.61313  (adaptive loss 1.9981 — flat by design)
[ train_imf ] step 21200  raw_mse_u 36.2092  raw_mse_v 13.7486  a0 0.35521  (adaptive loss 1.9973 — flat by design)
[ train_imf ] step 21400  raw_mse_u 15.9774  raw_mse_v 15.6314  a0 0.26870  (adaptive loss 1.9979 — flat by design)
[ train_imf ] step 21600  raw_mse_u 15.3622  raw_mse_v 14.5131  a0 0.40888  (adaptive loss 1.9980 — flat by design)
[ train_imf ] step 21800  raw_mse_u 13.7864  raw_mse_v 12.9520  a0 0.23255  (adaptive loss 1.9974 — flat by design)
[ train_imf ] step 22000  raw_mse_u 16.8816  raw_mse_v 15.7551  a0 0.40117  (adaptive loss 1.9980 — flat by design)
[ train_imf ] step 22200  raw_mse_u 23.7618  raw_mse_v 19.6062  a0 0.44622  (adaptive loss 1.9978 — flat by design)
[ train_imf ] step 22400  raw_mse_u 15.3651  raw_mse_v 15.6065  a0 0.22469  (adaptive loss 1.9976 — flat by design)
[ train_imf ] step 22600  raw_mse_u 19.4386  raw_mse_v 19.2491  a0 0.27728  (adaptive loss 1.9979 — flat by design)
[ train_imf ] step 22800  raw_mse_u 10.6807  raw_mse_v 9.7192  a0 0.18361  (adaptive loss 1.9975 — flat by design)
[ train_imf ] step 23000  raw_mse_u 12.8688  raw_mse_v 12.3407  a0 0.26074  (adaptive loss 1.9977 — flat by design)
[ train_imf ] step 23200  raw_mse_u 13.4008  raw_mse_v 12.1978  a0 0.32447  (adaptive loss 1.9972 — flat by design)
[ train_imf ] step 23400  raw_mse_u 16.0248  raw_mse_v 15.0129  a0 0.28206  (adaptive loss 1.9979 — flat by design)
[ train_imf ] step 23600  raw_mse_u 16.1116  raw_mse_v 15.5378  a0 0.19054  (adaptive loss 1.9982 — flat by design)
[ train_imf ] step 23800  raw_mse_u 16.7146  raw_mse_v 13.6125  a0 0.45684  (adaptive loss 1.9977 — flat by design)
[ train_imf ] step 24000  raw_mse_u 15.5849  raw_mse_v 13.8652  a0 0.46370  (adaptive loss 1.9977 — flat by design)
[ train_imf ] step 24200  raw_mse_u 14.9245  raw_mse_v 13.1241  a0 0.21387  (adaptive loss 1.9977 — flat by design)
[ train_imf ] step 24400  raw_mse_u 14.2895  raw_mse_v 13.8819  a0 0.41984  (adaptive loss 1.9971 — flat by design)
[ train_imf ] step 24600  raw_mse_u 12.4958  raw_mse_v 12.0134  a0 0.19537  (adaptive loss 1.9972 — flat by design)
[ train_imf ] step 24800  raw_mse_u 13.0357  raw_mse_v 10.8240  a0 0.31288  (adaptive loss 1.9977 — flat by design)
[ train_imf ] step 25000  raw_mse_u 17.0391  raw_mse_v 15.8155  a0 0.37301  (adaptive loss 1.9980 — flat by design)
[ train_imf ] step 25200  raw_mse_u 12.8976  raw_mse_v 11.4632  a0 0.42747  (adaptive loss 1.9972 — flat by design)
[ train_imf ] step 25400  raw_mse_u 16.3540  raw_mse_v 16.3169  a0 0.40697  (adaptive loss 1.9979 — flat by design)
[ train_imf ] step 25600  raw_mse_u 21.4631  raw_mse_v 18.0285  a0 0.62443  (adaptive loss 1.9978 — flat by design)
[ train_imf ] step 25800  raw_mse_u 18.2048  raw_mse_v 15.1572  a0 0.41907  (adaptive loss 1.9980 — flat by design)
[ train_imf ] step 26000  raw_mse_u 13.7058  raw_mse_v 13.4564  a0 0.20628  (adaptive loss 1.9975 — flat by design)
[ train_imf ] step 26200  raw_mse_u 14.4664  raw_mse_v 15.2997  a0 0.37440  (adaptive loss 1.9974 — flat by design)
[ train_imf ] step 26400  raw_mse_u 12.7566  raw_mse_v 12.4697  a0 0.22199  (adaptive loss 1.9972 — flat by design)
[ train_imf ] step 26600  raw_mse_u 13.5048  raw_mse_v 11.8060  a0 0.28996  (adaptive loss 1.9972 — flat by design)
[ train_imf ] step 26800  raw_mse_u 15.8697  raw_mse_v 13.1503  a0 0.34952  (adaptive loss 1.9974 — flat by design)
[ train_imf ] step 27000  raw_mse_u 17.5249  raw_mse_v 14.1992  a0 0.62178  (adaptive loss 1.9979 — flat by design)
[ train_imf ] step 27200  raw_mse_u 14.3235  raw_mse_v 13.5425  a0 0.25457  (adaptive loss 1.9976 — flat by design)
[ train_imf ] step 27400  raw_mse_u 17.0539  raw_mse_v 14.1548  a0 0.30232  (adaptive loss 1.9982 — flat by design)
[ train_imf ] step 27600  raw_mse_u 13.1873  raw_mse_v 12.1161  a0 0.27960  (adaptive loss 1.9977 — flat by design)
[ train_imf ] step 27800  raw_mse_u 12.0963  raw_mse_v 12.5570  a0 0.19337  (adaptive loss 1.9972 — flat by design)
[ train_imf ] step 28000  raw_mse_u 23.3634  raw_mse_v 19.0877  a0 0.60332  (adaptive loss 1.9981 — flat by design)
[ train_imf ] step 28200  raw_mse_u 19.4931  raw_mse_v 17.8488  a0 0.82153  (adaptive loss 1.9980 — flat by design)
[ train_imf ] step 28400  raw_mse_u 16.9017  raw_mse_v 15.5936  a0 0.40930  (adaptive loss 1.9982 — flat by design)
[ train_imf ] step 28600  raw_mse_u 16.5856  raw_mse_v 13.6307  a0 0.49432  (adaptive loss 1.9978 — flat by design)
[ train_imf ] step 28800  raw_mse_u 49.7835  raw_mse_v 17.5432  a0 0.55519  (adaptive loss 1.9983 — flat by design)
[ train_imf ] step 29000  raw_mse_u 67.1457  raw_mse_v 11.5998  a0 0.35485  (adaptive loss 1.9966 — flat by design)
[ train_imf ] step 29200  raw_mse_u 16.7439  raw_mse_v 15.7887  a0 0.36016  (adaptive loss 1.9979 — flat by design)
[ train_imf ] step 29400  raw_mse_u 17.5422  raw_mse_v 16.2982  a0 0.45048  (adaptive loss 1.9979 — flat by design)
[ train_imf ] step 29600  raw_mse_u 15.0073  raw_mse_v 14.8111  a0 0.17066  (adaptive loss 1.9978 — flat by design)
[ train_imf ] step 29800  raw_mse_u 14.3780  raw_mse_v 11.8053  a0 0.24287  (adaptive loss 1.9976 — flat by design)
[ train_imf ] step 30000  raw_mse_u 19.6844  raw_mse_v 14.7950  a0 0.47176  (adaptive loss 1.9977 — flat by design)
[ train_imf ] step 30200  raw_mse_u 14.2014  raw_mse_v 12.7384  a0 0.48074  (adaptive loss 1.9970 — flat by design)
[ train_imf ] step 30400  raw_mse_u 13.9364  raw_mse_v 12.5945  a0 0.36847  (adaptive loss 1.9973 — flat by design)
[ train_imf ] step 30600  raw_mse_u 15.5425  raw_mse_v 15.9675  a0 0.40964  (adaptive loss 1.9980 — flat by design)
[ train_imf ] step 30800  raw_mse_u 19.3192  raw_mse_v 16.5573  a0 0.41103  (adaptive loss 1.9980 — flat by design)
[ train_imf ] step 31000  raw_mse_u 15.2144  raw_mse_v 13.8691  a0 0.30816  (adaptive loss 1.9977 — flat by design)
[ train_imf ] step 31200  raw_mse_u 17.2806  raw_mse_v 10.0671  a0 0.56083  (adaptive loss 1.9968 — flat by design)
[ train_imf ] step 31400  raw_mse_u 18.6854  raw_mse_v 16.5627  a0 0.52591  (adaptive loss 1.9980 — flat by design)
[ train_imf ] step 31600  raw_mse_u 14.5275  raw_mse_v 14.3282  a0 0.27574  (adaptive loss 1.9980 — flat by design)
[ train_imf ] step 31800  raw_mse_u 18.8927  raw_mse_v 15.8790  a0 0.29164  (adaptive loss 1.9974 — flat by design)
[ train_imf ] step 32000  raw_mse_u 20.9519  raw_mse_v 18.6510  a0 0.46627  (adaptive loss 1.9977 — flat by design)
[ train_imf ] step 32200  raw_mse_u 14.8529  raw_mse_v 13.8012  a0 0.31627  (adaptive loss 1.9976 — flat by design)
[ train_imf ] step 32400  raw_mse_u 19.5379  raw_mse_v 17.8768  a0 0.55519  (adaptive loss 1.9979 — flat by design)
[ train_imf ] step 32600  raw_mse_u 15.8757  raw_mse_v 13.8765  a0 0.23059  (adaptive loss 1.9977 — flat by design)
[ train_imf ] step 32800  raw_mse_u 19.6857  raw_mse_v 13.3768  a0 0.39907  (adaptive loss 1.9971 — flat by design)
[ train_imf ] step 33000  raw_mse_u 14.9238  raw_mse_v 11.5421  a0 0.38697  (adaptive loss 1.9972 — flat by design)
[ train_imf ] step 33200  raw_mse_u 11.8629  raw_mse_v 10.9880  a0 0.20303  (adaptive loss 1.9974 — flat by design)
[ train_imf ] step 33400  raw_mse_u 41.0360  raw_mse_v 13.5258  a0 0.76302  (adaptive loss 1.9974 — flat by design)
[ train_imf ] step 33600  raw_mse_u 23.8410  raw_mse_v 16.6284  a0 0.60700  (adaptive loss 1.9978 — flat by design)
[ train_imf ] step 33800  raw_mse_u 13.3902  raw_mse_v 11.0858  a0 0.33309  (adaptive loss 1.9974 — flat by design)
[ train_imf ] step 34000  raw_mse_u 8.6755  raw_mse_v 8.3597  a0 0.22373  (adaptive loss 1.9966 — flat by design)
[ train_imf ] step 34200  raw_mse_u 23.8997  raw_mse_v 15.2154  a0 1.11163  (adaptive loss 1.9978 — flat by design)
[ train_imf ] step 34400  raw_mse_u 15.9048  raw_mse_v 13.3745  a0 0.33646  (adaptive loss 1.9976 — flat by design)
[ train_imf ] step 34600  raw_mse_u 13.1622  raw_mse_v 13.1364  a0 0.24110  (adaptive loss 1.9977 — flat by design)
[ train_imf ] step 34800  raw_mse_u 14.2112  raw_mse_v 13.2914  a0 0.24181  (adaptive loss 1.9973 — flat by design)
[ train_imf ] step 35000  raw_mse_u 20.7367  raw_mse_v 22.3848  a0 0.49373  (adaptive loss 1.9980 — flat by design)
[ train_imf ] step 35200  raw_mse_u 16.9852  raw_mse_v 13.1423  a0 0.23051  (adaptive loss 1.9972 — flat by design)
[ train_imf ] step 35400  raw_mse_u 17.7706  raw_mse_v 14.4225  a0 0.24056  (adaptive loss 1.9976 — flat by design)
[ train_imf ] step 35600  raw_mse_u 183.6651  raw_mse_v 16.3534  a0 3.64751  (adaptive loss 1.9969 — flat by design)
[ train_imf ] step 35800  raw_mse_u 12.1237  raw_mse_v 11.4729  a0 0.38764  (adaptive loss 1.9973 — flat by design)
[ train_imf ] step 36000  raw_mse_u 11.4102  raw_mse_v 10.6649  a0 0.21501  (adaptive loss 1.9978 — flat by design)
[ train_imf ] step 36200  raw_mse_u 9.7873  raw_mse_v 10.1571  a0 0.16822  (adaptive loss 1.9974 — flat by design)
[ train_imf ] step 36400  raw_mse_u 22.0350  raw_mse_v 9.4753  a0 0.47180  (adaptive loss 1.9968 — flat by design)
[ train_imf ] step 36600  raw_mse_u 14.8192  raw_mse_v 13.5411  a0 0.44496  (adaptive loss 1.9977 — flat by design)
[ train_imf ] step 36800  raw_mse_u 13.6222  raw_mse_v 14.9578  a0 0.26905  (adaptive loss 1.9978 — flat by design)
[ train_imf ] step 37000  raw_mse_u 18.4753  raw_mse_v 14.6890  a0 0.63230  (adaptive loss 1.9975 — flat by design)
[ train_imf ] step 37200  raw_mse_u 15.7509  raw_mse_v 13.7352  a0 0.16805  (adaptive loss 1.9980 — flat by design)
[ train_imf ] step 37400  raw_mse_u 14.5518  raw_mse_v 14.0647  a0 0.18798  (adaptive loss 1.9968 — flat by design)
[ train_imf ] step 37600  raw_mse_u 14.6531  raw_mse_v 13.2965  a0 0.29521  (adaptive loss 1.9976 — flat by design)
[ train_imf ] step 37800  raw_mse_u 13.7746  raw_mse_v 13.5723  a0 0.48957  (adaptive loss 1.9978 — flat by design)
[ train_imf ] step 38000  raw_mse_u 18.1181  raw_mse_v 16.9753  a0 0.37815  (adaptive loss 1.9979 — flat by design)
[ train_imf ] step 38200  raw_mse_u 18.6339  raw_mse_v 18.7000  a0 0.48530  (adaptive loss 1.9980 — flat by design)
[ train_imf ] step 38400  raw_mse_u 11.5489  raw_mse_v 11.4377  a0 0.39926  (adaptive loss 1.9971 — flat by design)
[ train_imf ] step 38600  raw_mse_u 76.2006  raw_mse_v 16.9216  a0 6.49929  (adaptive loss 1.9977 — flat by design)
[ train_imf ] step 38800  raw_mse_u 17.8152  raw_mse_v 10.4128  a0 0.60261  (adaptive loss 1.9968 — flat by design)
[ train_imf ] step 39000  raw_mse_u 91.5869  raw_mse_v 12.7105  a0 0.59366  (adaptive loss 1.9974 — flat by design)
[ train_imf ] step 39200  raw_mse_u 18.0375  raw_mse_v 12.3879  a0 0.49372  (adaptive loss 1.9976 — flat by design)
[ train_imf ] step 39400  raw_mse_u 26.1100  raw_mse_v 10.8096  a0 0.30307  (adaptive loss 1.9974 — flat by design)
[ train_imf ] step 39600  raw_mse_u 12.0735  raw_mse_v 11.1756  a0 0.22334  (adaptive loss 1.9974 — flat by design)
[ train_imf ] step 39800  raw_mse_u 18.0060  raw_mse_v 16.8934  a0 0.24841  (adaptive loss 1.9976 — flat by design)
[ train_imf ] step 40000  raw_mse_u 20.5551  raw_mse_v 20.7401  a0 0.59053  (adaptive loss 1.9969 — flat by design)
[ train_imf ] step 40200  raw_mse_u 15.6313  raw_mse_v 15.0463  a0 0.20807  (adaptive loss 1.9978 — flat by design)
[ train_imf ] step 40400  raw_mse_u 17.9268  raw_mse_v 13.6506  a0 0.16055  (adaptive loss 1.9979 — flat by design)
[ train_imf ] step 40600  raw_mse_u 14.8945  raw_mse_v 13.3630  a0 0.19995  (adaptive loss 1.9977 — flat by design)
[ train_imf ] step 40800  raw_mse_u 16.1948  raw_mse_v 12.0027  a0 0.41701  (adaptive loss 1.9971 — flat by design)
[ train_imf ] step 41000  raw_mse_u 14.8492  raw_mse_v 12.1010  a0 0.20358  (adaptive loss 1.9969 — flat by design)
[ train_imf ] step 41200  raw_mse_u 10.1772  raw_mse_v 10.0606  a0 0.29204  (adaptive loss 1.9972 — flat by design)
[ train_imf ] step 41400  raw_mse_u 11.0844  raw_mse_v 9.7468  a0 0.28225  (adaptive loss 1.9973 — flat by design)
[ train_imf ] step 41600  raw_mse_u 12.1653  raw_mse_v 10.9817  a0 0.18074  (adaptive loss 1.9975 — flat by design)
[ train_imf ] step 41800  raw_mse_u 17.3256  raw_mse_v 10.1762  a0 0.53861  (adaptive loss 1.9970 — flat by design)
[ train_imf ] step 42000  raw_mse_u 15.0585  raw_mse_v 15.1475  a0 0.21488  (adaptive loss 1.9975 — flat by design)
[ train_imf ] step 42200  raw_mse_u 17.3662  raw_mse_v 13.2307  a0 0.49388  (adaptive loss 1.9980 — flat by design)
[ train_imf ] step 42400  raw_mse_u 15.8408  raw_mse_v 12.9373  a0 0.44912  (adaptive loss 1.9976 — flat by design)
[ train_imf ] step 42600  raw_mse_u 15.6424  raw_mse_v 15.3247  a0 0.17598  (adaptive loss 1.9977 — flat by design)
[ train_imf ] step 42800  raw_mse_u 19.7197  raw_mse_v 14.5427  a0 0.66889  (adaptive loss 1.9978 — flat by design)
[ train_imf ] step 43000  raw_mse_u 16.9121  raw_mse_v 12.4215  a0 0.35494  (adaptive loss 1.9981 — flat by design)
[ train_imf ] step 43200  raw_mse_u 13.8588  raw_mse_v 12.1532  a0 0.19355  (adaptive loss 1.9978 — flat by design)
[ train_imf ] step 43400  raw_mse_u 15.4738  raw_mse_v 12.8577  a0 0.36762  (adaptive loss 1.9978 — flat by design)
[ train_imf ] step 43600  raw_mse_u 15.8879  raw_mse_v 14.0330  a0 0.27103  (adaptive loss 1.9979 — flat by design)
[ train_imf ] step 43800  raw_mse_u 26.3826  raw_mse_v 17.7951  a0 0.85257  (adaptive loss 1.9978 — flat by design)
[ train_imf ] step 44000  raw_mse_u 18.3390  raw_mse_v 16.2668  a0 0.25009  (adaptive loss 1.9977 — flat by design)
[ train_imf ] step 44200  raw_mse_u 18.5038  raw_mse_v 13.9987  a0 0.35462  (adaptive loss 1.9972 — flat by design)
[ train_imf ] step 44400  raw_mse_u 12.0944  raw_mse_v 10.1070  a0 0.29702  (adaptive loss 1.9971 — flat by design)
[ train_imf ] step 44600  raw_mse_u 13.1316  raw_mse_v 11.5871  a0 0.20593  (adaptive loss 1.9975 — flat by design)
[ train_imf ] step 44800  raw_mse_u 11.3952  raw_mse_v 11.3671  a0 0.20399  (adaptive loss 1.9973 — flat by design)
[ train_imf ] step 45000  raw_mse_u 16.1413  raw_mse_v 13.3289  a0 0.28545  (adaptive loss 1.9981 — flat by design)
[ train_imf ] step 45200  raw_mse_u 16.4095  raw_mse_v 16.7512  a0 0.28301  (adaptive loss 1.9977 — flat by design)
[ train_imf ] step 45400  raw_mse_u 13.9489  raw_mse_v 10.2445  a0 0.22734  (adaptive loss 1.9973 — flat by design)
[ train_imf ] step 45600  raw_mse_u 11.3397  raw_mse_v 9.8656  a0 0.15164  (adaptive loss 1.9972 — flat by design)
[ train_imf ] step 45800  raw_mse_u 15.2377  raw_mse_v 15.2001  a0 0.24119  (adaptive loss 1.9977 — flat by design)
[ train_imf ] step 46000  raw_mse_u 18.6757  raw_mse_v 16.7545  a0 0.37392  (adaptive loss 1.9978 — flat by design)
[ train_imf ] step 46200  raw_mse_u 14.6502  raw_mse_v 14.0566  a0 0.24877  (adaptive loss 1.9969 — flat by design)
[ train_imf ] step 46400  raw_mse_u 14.8129  raw_mse_v 13.2566  a0 0.14930  (adaptive loss 1.9980 — flat by design)
[ train_imf ] step 46600  raw_mse_u 13.1246  raw_mse_v 12.5957  a0 0.19513  (adaptive loss 1.9975 — flat by design)
[ train_imf ] step 46800  raw_mse_u 33.0189  raw_mse_v 9.8768  a0 0.23283  (adaptive loss 1.9976 — flat by design)
[ train_imf ] step 47000  raw_mse_u 18.2127  raw_mse_v 9.9793  a0 0.91278  (adaptive loss 1.9974 — flat by design)
[ train_imf ] step 47200  raw_mse_u 19.3916  raw_mse_v 17.6072  a0 0.48430  (adaptive loss 1.9980 — flat by design)
[ train_imf ] step 47400  raw_mse_u 14.6631  raw_mse_v 12.0733  a0 0.35890  (adaptive loss 1.9977 — flat by design)
[ train_imf ] step 47600  raw_mse_u 23.9110  raw_mse_v 16.9898  a0 0.90375  (adaptive loss 1.9980 — flat by design)
[ train_imf ] step 47800  raw_mse_u 9.2106  raw_mse_v 8.5212  a0 0.24538  (adaptive loss 1.9966 — flat by design)
[ train_imf ] step 48000  raw_mse_u 11.2800  raw_mse_v 7.3734  a0 0.16142  (adaptive loss 1.9968 — flat by design)
[ train_imf ] step 48200  raw_mse_u 16.7805  raw_mse_v 15.4229  a0 0.48549  (adaptive loss 1.9978 — flat by design)
[ train_imf ] step 48400  raw_mse_u 11.9775  raw_mse_v 10.1051  a0 0.22312  (adaptive loss 1.9973 — flat by design)
[ train_imf ] step 48600  raw_mse_u 17.5568  raw_mse_v 16.7040  a0 0.42448  (adaptive loss 1.9976 — flat by design)
[ train_imf ] step 48800  raw_mse_u 24.4459  raw_mse_v 15.9454  a0 1.41023  (adaptive loss 1.9968 — flat by design)
[ train_imf ] step 49000  raw_mse_u 19.2042  raw_mse_v 17.3419  a0 0.37305  (adaptive loss 1.9980 — flat by design)
[ train_imf ] step 49200  raw_mse_u 18.2232  raw_mse_v 19.4440  a0 0.38181  (adaptive loss 1.9971 — flat by design)
[ train_imf ] step 49400  raw_mse_u 18.7266  raw_mse_v 14.2322  a0 0.50123  (adaptive loss 1.9971 — flat by design)
[ train_imf ] step 49600  raw_mse_u 27.5661  raw_mse_v 13.4388  a0 1.54576  (adaptive loss 1.9971 — flat by design)
[ train_imf ] step 49800  raw_mse_u 29.4750  raw_mse_v 11.7490  a0 0.29505  (adaptive loss 1.9974 — flat by design)
[ train_imf ] step 50000  raw_mse_u 16.7344  raw_mse_v 13.3661  a0 0.31969  (adaptive loss 1.9977 — flat by design)
[ train_imf ] step 50200  raw_mse_u 17.0550  raw_mse_v 13.3339  a0 0.53637  (adaptive loss 1.9973 — flat by design)
[ train_imf ] step 50400  raw_mse_u 17.1817  raw_mse_v 10.6137  a0 0.49483  (adaptive loss 1.9975 — flat by design)
[ train_imf ] step 50600  raw_mse_u 10.7158  raw_mse_v 9.9014  a0 0.33998  (adaptive loss 1.9972 — flat by design)
[ train_imf ] step 50800  raw_mse_u 17.5180  raw_mse_v 16.6886  a0 0.38200  (adaptive loss 1.9978 — flat by design)
[ train_imf ] step 51000  raw_mse_u 14.8398  raw_mse_v 13.4006  a0 0.15998  (adaptive loss 1.9970 — flat by design)
[ train_imf ] step 51200  raw_mse_u 19.3738  raw_mse_v 18.9416  a0 0.22233  (adaptive loss 1.9975 — flat by design)
[ train_imf ] step 51400  raw_mse_u 15.9623  raw_mse_v 15.6510  a0 0.28319  (adaptive loss 1.9970 — flat by design)
[ train_imf ] step 51600  raw_mse_u 14.3950  raw_mse_v 12.4303  a0 0.32952  (adaptive loss 1.9979 — flat by design)
[ train_imf ] step 51800  raw_mse_u 221.1012  raw_mse_v 12.8967  a0 1.05351  (adaptive loss 1.9974 — flat by design)
[ train_imf ] step 52000  raw_mse_u 18.5702  raw_mse_v 10.0033  a0 0.23393  (adaptive loss 1.9973 — flat by design)
[ train_imf ] step 52200  raw_mse_u 30.9989  raw_mse_v 13.5074  a0 0.74513  (adaptive loss 1.9973 — flat by design)
[ train_imf ] step 52400  raw_mse_u 13.5941  raw_mse_v 11.0877  a0 0.24528  (adaptive loss 1.9972 — flat by design)
[ train_imf ] step 52600  raw_mse_u 19.3870  raw_mse_v 10.9532  a0 0.26721  (adaptive loss 1.9971 — flat by design)
[ train_imf ] step 52800  raw_mse_u 16.0707  raw_mse_v 13.1283  a0 0.45688  (adaptive loss 1.9968 — flat by design)
[ train_imf ] step 53000  raw_mse_u 18.8390  raw_mse_v 17.7936  a0 0.38436  (adaptive loss 1.9979 — flat by design)
[ train_imf ] step 53200  raw_mse_u 19.8194  raw_mse_v 14.2674  a0 0.37381  (adaptive loss 1.9975 — flat by design)
[ train_imf ] step 53400  raw_mse_u 11.4137  raw_mse_v 10.0081  a0 0.21429  (adaptive loss 1.9973 — flat by design)
[ train_imf ] step 53600  raw_mse_u 15.9300  raw_mse_v 14.0812  a0 0.30609  (adaptive loss 1.9974 — flat by design)
[ train_imf ] step 53800  raw_mse_u 32.8490  raw_mse_v 16.0032  a0 0.87221  (adaptive loss 1.9980 — flat by design)
[ train_imf ] step 54000  raw_mse_u 19.7664  raw_mse_v 14.5342  a0 1.39757  (adaptive loss 1.9976 — flat by design)
[ train_imf ] step 54200  raw_mse_u 11.2223  raw_mse_v 10.4536  a0 0.17683  (adaptive loss 1.9975 — flat by design)
[ train_imf ] step 54400  raw_mse_u 16.7672  raw_mse_v 16.4224  a0 0.29118  (adaptive loss 1.9979 — flat by design)
[ train_imf ] step 54600  raw_mse_u 15.2757  raw_mse_v 12.3302  a0 0.17927  (adaptive loss 1.9980 — flat by design)
[ train_imf ] step 54800  raw_mse_u 12.9658  raw_mse_v 11.9797  a0 0.32247  (adaptive loss 1.9971 — flat by design)
[ train_imf ] step 55000  raw_mse_u 13.5564  raw_mse_v 12.1528  a0 0.27135  (adaptive loss 1.9973 — flat by design)
[ train_imf ] step 55200  raw_mse_u 17.8928  raw_mse_v 15.4115  a0 0.34609  (adaptive loss 1.9971 — flat by design)
[ train_imf ] step 55400  raw_mse_u 23.6200  raw_mse_v 15.2410  a0 0.49680  (adaptive loss 1.9977 — flat by design)
[ train_imf ] step 55600  raw_mse_u 25.7089  raw_mse_v 13.7104  a0 1.14056  (adaptive loss 1.9971 — flat by design)
[ train_imf ] step 55800  raw_mse_u 18.0730  raw_mse_v 16.9663  a0 0.39601  (adaptive loss 1.9981 — flat by design)
[ train_imf ] step 56000  raw_mse_u 11.6427  raw_mse_v 10.5438  a0 0.11235  (adaptive loss 1.9970 — flat by design)
[ train_imf ] step 56200  raw_mse_u 13.2938  raw_mse_v 10.5671  a0 0.14664  (adaptive loss 1.9971 — flat by design)
[ train_imf ] step 56400  raw_mse_u 16.9481  raw_mse_v 15.6764  a0 0.47908  (adaptive loss 1.9971 — flat by design)
[ train_imf ] step 56600  raw_mse_u 15.8983  raw_mse_v 15.2014  a0 0.27480  (adaptive loss 1.9977 — flat by design)
[ train_imf ] step 56800  raw_mse_u 20.8712  raw_mse_v 16.4155  a0 0.60173  (adaptive loss 1.9975 — flat by design)
[ train_imf ] step 57000  raw_mse_u 20.8315  raw_mse_v 13.4837  a0 0.80916  (adaptive loss 1.9970 — flat by design)
[ train_imf ] step 57200  raw_mse_u 15.4745  raw_mse_v 12.8568  a0 0.84724  (adaptive loss 1.9974 — flat by design)
[ train_imf ] step 57400  raw_mse_u 15.1296  raw_mse_v 14.0195  a0 0.16621  (adaptive loss 1.9977 — flat by design)
[ train_imf ] step 57600  raw_mse_u 10.4391  raw_mse_v 10.8679  a0 0.13421  (adaptive loss 1.9971 — flat by design)
[ train_imf ] step 57800  raw_mse_u 12.9941  raw_mse_v 13.0794  a0 0.31495  (adaptive loss 1.9969 — flat by design)
[ train_imf ] step 58000  raw_mse_u 11.7200  raw_mse_v 12.0653  a0 0.19951  (adaptive loss 1.9975 — flat by design)
[ train_imf ] step 58200  raw_mse_u 18.7323  raw_mse_v 16.3459  a0 0.55131  (adaptive loss 1.9979 — flat by design)
[ train_imf ] step 58400  raw_mse_u 15.1813  raw_mse_v 11.0660  a0 0.25667  (adaptive loss 1.9967 — flat by design)
[ train_imf ] step 58600  raw_mse_u 14.9810  raw_mse_v 11.2844  a0 0.30194  (adaptive loss 1.9976 — flat by design)
[ train_imf ] step 58800  raw_mse_u 14.4742  raw_mse_v 12.4629  a0 0.16841  (adaptive loss 1.9972 — flat by design)
[ train_imf ] step 59000  raw_mse_u 10.9921  raw_mse_v 10.6997  a0 0.22116  (adaptive loss 1.9975 — flat by design)
[ train_imf ] step 59200  raw_mse_u 14.9847  raw_mse_v 13.2455  a0 0.23683  (adaptive loss 1.9970 — flat by design)
[ train_imf ] step 59400  raw_mse_u 12.8798  raw_mse_v 13.2752  a0 0.26664  (adaptive loss 1.9966 — flat by design)
[ train_imf ] step 59600  raw_mse_u 10.8227  raw_mse_v 10.0228  a0 0.14307  (adaptive loss 1.9970 — flat by design)
[ train_imf ] step 59800  raw_mse_u 15.4923  raw_mse_v 12.6173  a0 0.18745  (adaptive loss 1.9974 — flat by design)
[ train_imf ] step 60000  raw_mse_u 20.1579  raw_mse_v 11.6950  a0 0.20454  (adaptive loss 1.9972 — flat by design)
[ train_imf ] step 60200  raw_mse_u 11.6373  raw_mse_v 10.5310  a0 0.24045  (adaptive loss 1.9974 — flat by design)
[ train_imf ] step 60400  raw_mse_u 28.7066  raw_mse_v 9.1856  a0 0.34359  (adaptive loss 1.9965 — flat by design)
[ train_imf ] step 60600  raw_mse_u 17.9819  raw_mse_v 14.6763  a0 0.38247  (adaptive loss 1.9966 — flat by design)
[ train_imf ] step 60800  raw_mse_u 10.8287  raw_mse_v 9.4898  a0 0.24440  (adaptive loss 1.9973 — flat by design)
[ train_imf ] step 61000  raw_mse_u 12.5748  raw_mse_v 11.3554  a0 0.33337  (adaptive loss 1.9976 — flat by design)
[ train_imf ] step 61200  raw_mse_u 22.3447  raw_mse_v 16.0136  a0 0.58673  (adaptive loss 1.9982 — flat by design)
[ train_imf ] step 61400  raw_mse_u 17.1757  raw_mse_v 17.0602  a0 0.27420  (adaptive loss 1.9974 — flat by design)
[ train_imf ] step 61600  raw_mse_u 15.2474  raw_mse_v 16.0748  a0 0.39451  (adaptive loss 1.9974 — flat by design)
[ train_imf ] step 61800  raw_mse_u 31.2520  raw_mse_v 10.6929  a0 0.40697  (adaptive loss 1.9969 — flat by design)
[ train_imf ] step 62000  raw_mse_u 23.7997  raw_mse_v 15.4699  a0 0.36937  (adaptive loss 1.9971 — flat by design)
[ train_imf ] step 62200  raw_mse_u 24.9371  raw_mse_v 17.4066  a0 0.36142  (adaptive loss 1.9979 — flat by design)
[ train_imf ] step 62400  raw_mse_u 10.7356  raw_mse_v 10.9909  a0 0.16661  (adaptive loss 1.9974 — flat by design)
[ train_imf ] step 62600  raw_mse_u 11.9511  raw_mse_v 10.2588  a0 0.09296  (adaptive loss 1.9966 — flat by design)
[ train_imf ] step 62800  raw_mse_u 14.3601  raw_mse_v 9.4520  a0 0.20577  (adaptive loss 1.9964 — flat by design)
[ train_imf ] step 63000  raw_mse_u 17.7947  raw_mse_v 15.9821  a0 0.46503  (adaptive loss 1.9974 — flat by design)
[ train_imf ] step 63200  raw_mse_u 14.8481  raw_mse_v 13.7546  a0 0.31568  (adaptive loss 1.9976 — flat by design)
[ train_imf ] step 63400  raw_mse_u 11.8857  raw_mse_v 11.3514  a0 0.15698  (adaptive loss 1.9976 — flat by design)
[ train_imf ] step 63600  raw_mse_u 13.6411  raw_mse_v 12.7022  a0 0.31530  (adaptive loss 1.9977 — flat by design)
[ train_imf ] step 63800  raw_mse_u 12.3284  raw_mse_v 10.6377  a0 0.21524  (adaptive loss 1.9967 — flat by design)
[ train_imf ] step 64000  raw_mse_u 245.2848  raw_mse_v 12.3554  a0 6.10366  (adaptive loss 1.9967 — flat by design)
[ train_imf ] step 64200  raw_mse_u 16.4280  raw_mse_v 15.1833  a0 0.29735  (adaptive loss 1.9973 — flat by design)
[ train_imf ] step 64400  raw_mse_u 10.6893  raw_mse_v 8.1922  a0 0.19211  (adaptive loss 1.9968 — flat by design)
[ train_imf ] step 64600  raw_mse_u 45.3457  raw_mse_v 12.2084  a0 2.11873  (adaptive loss 1.9972 — flat by design)
[ train_imf ] step 64800  raw_mse_u 8.0787  raw_mse_v 7.9998  a0 0.27954  (adaptive loss 1.9962 — flat by design)
[ train_imf ] step 65000  raw_mse_u 14.7148  raw_mse_v 13.2092  a0 0.25132  (adaptive loss 1.9976 — flat by design)
[ train_imf ] step 65200  raw_mse_u 146.1410  raw_mse_v 13.9323  a0 0.87057  (adaptive loss 1.9975 — flat by design)
[ train_imf ] step 65400  raw_mse_u 15.8050  raw_mse_v 14.8718  a0 0.44050  (adaptive loss 1.9972 — flat by design)
[ train_imf ] step 65600  raw_mse_u 11.3144  raw_mse_v 10.0290  a0 0.15522  (adaptive loss 1.9970 — flat by design)
[ train_imf ] step 65800  raw_mse_u 55.4256  raw_mse_v 18.0900  a0 2.01663  (adaptive loss 1.9981 — flat by design)
[ train_imf ] step 66000  raw_mse_u 17.5966  raw_mse_v 11.1427  a0 0.22745  (adaptive loss 1.9973 — flat by design)
[ train_imf ] step 66200  raw_mse_u 14.8017  raw_mse_v 12.7717  a0 0.42208  (adaptive loss 1.9978 — flat by design)
[ train_imf ] step 66400  raw_mse_u 9.3636  raw_mse_v 8.9451  a0 0.33314  (adaptive loss 1.9966 — flat by design)
[ train_imf ] step 66600  raw_mse_u 13.2149  raw_mse_v 10.9408  a0 0.15722  (adaptive loss 1.9971 — flat by design)
[ train_imf ] step 66800  raw_mse_u 15.7386  raw_mse_v 13.0068  a0 0.23439  (adaptive loss 1.9979 — flat by design)
[ train_imf ] step 67000  raw_mse_u 20.9607  raw_mse_v 15.7230  a0 0.33638  (adaptive loss 1.9972 — flat by design)
[ train_imf ] step 67200  raw_mse_u 15.5213  raw_mse_v 12.9841  a0 0.25063  (adaptive loss 1.9977 — flat by design)
[ train_imf ] step 67400  raw_mse_u 13.1618  raw_mse_v 12.0731  a0 0.29910  (adaptive loss 1.9974 — flat by design)
[ train_imf ] step 67600  raw_mse_u 18.5286  raw_mse_v 17.0127  a0 0.69615  (adaptive loss 1.9982 — flat by design)
[ train_imf ] step 67800  raw_mse_u 35.3511  raw_mse_v 15.9629  a0 0.52801  (adaptive loss 1.9977 — flat by design)
[ train_imf ] step 68000  raw_mse_u 9.5776  raw_mse_v 8.4574  a0 0.16671  (adaptive loss 1.9971 — flat by design)
[ train_imf ] step 68200  raw_mse_u 23.4011  raw_mse_v 17.4970  a0 0.69105  (adaptive loss 1.9974 — flat by design)
[ train_imf ] step 68400  raw_mse_u 16.4358  raw_mse_v 16.3960  a0 0.33340  (adaptive loss 1.9973 — flat by design)
[ train_imf ] step 68600  raw_mse_u 27.6935  raw_mse_v 14.8955  a0 0.44475  (adaptive loss 1.9975 — flat by design)
[ train_imf ] step 68800  raw_mse_u 17.4498  raw_mse_v 14.1474  a0 0.29471  (adaptive loss 1.9971 — flat by design)
[ train_imf ] step 69000  raw_mse_u 11.5082  raw_mse_v 10.0321  a0 0.23822  (adaptive loss 1.9971 — flat by design)
[ train_imf ] step 69200  raw_mse_u 14.8605  raw_mse_v 13.1405  a0 0.29121  (adaptive loss 1.9970 — flat by design)
[ train_imf ] step 69400  raw_mse_u 18.0413  raw_mse_v 15.0957  a0 0.32348  (adaptive loss 1.9970 — flat by design)
[ train_imf ] step 69600  raw_mse_u 22.7525  raw_mse_v 14.0381  a0 0.42075  (adaptive loss 1.9962 — flat by design)
[ train_imf ] step 69800  raw_mse_u 15.2197  raw_mse_v 14.9670  a0 0.23065  (adaptive loss 1.9973 — flat by design)
[ train_imf ] step 70000  raw_mse_u 10.4971  raw_mse_v 10.7585  a0 0.23217  (adaptive loss 1.9967 — flat by design)
[ train_imf ] step 70200  raw_mse_u 9.4203  raw_mse_v 9.0526  a0 0.18253  (adaptive loss 1.9971 — flat by design)
[ train_imf ] step 70400  raw_mse_u 28.3155  raw_mse_v 17.6003  a0 0.97304  (adaptive loss 1.9978 — flat by design)
[ train_imf ] step 70600  raw_mse_u 13.3148  raw_mse_v 11.9777  a0 0.22628  (adaptive loss 1.9970 — flat by design)
[ train_imf ] step 70800  raw_mse_u 17.1428  raw_mse_v 12.3078  a0 0.28988  (adaptive loss 1.9975 — flat by design)
[ train_imf ] step 71000  raw_mse_u 12.8684  raw_mse_v 11.2635  a0 0.29367  (adaptive loss 1.9975 — flat by design)
[ train_imf ] step 71200  raw_mse_u 19.3050  raw_mse_v 17.3658  a0 0.33576  (adaptive loss 1.9976 — flat by design)
[ train_imf ] step 71400  raw_mse_u 29.6157  raw_mse_v 12.0210  a0 2.18286  (adaptive loss 1.9968 — flat by design)
[ train_imf ] step 71600  raw_mse_u 14.7921  raw_mse_v 15.0333  a0 0.19025  (adaptive loss 1.9972 — flat by design)
[ train_imf ] step 71800  raw_mse_u 32.4335  raw_mse_v 14.0934  a0 0.28014  (adaptive loss 1.9975 — flat by design)
[ train_imf ] step 72000  raw_mse_u 19.8770  raw_mse_v 17.2595  a0 0.38497  (adaptive loss 1.9975 — flat by design)
[ train_imf ] step 72200  raw_mse_u 29.9093  raw_mse_v 12.4420  a0 1.51792  (adaptive loss 1.9973 — flat by design)
[ train_imf ] step 72400  raw_mse_u 11.0540  raw_mse_v 8.6386  a0 0.11993  (adaptive loss 1.9967 — flat by design)
[ train_imf ] step 72600  raw_mse_u 12.3788  raw_mse_v 12.1562  a0 0.36156  (adaptive loss 1.9968 — flat by design)
[ train_imf ] step 72800  raw_mse_u 70.6006  raw_mse_v 12.7117  a0 0.82396  (adaptive loss 1.9976 — flat by design)
[ train_imf ] step 73000  raw_mse_u 15.9842  raw_mse_v 14.2846  a0 0.26664  (adaptive loss 1.9976 — flat by design)
[ train_imf ] step 73200  raw_mse_u 12.5566  raw_mse_v 11.5875  a0 0.38260  (adaptive loss 1.9974 — flat by design)
[ train_imf ] step 73400  raw_mse_u 21.5928  raw_mse_v 12.8470  a0 0.72298  (adaptive loss 1.9973 — flat by design)
[ train_imf ] step 73600  raw_mse_u 12.4639  raw_mse_v 12.1459  a0 0.24004  (adaptive loss 1.9974 — flat by design)
[ train_imf ] step 73800  raw_mse_u 16.1288  raw_mse_v 12.4999  a0 0.26589  (adaptive loss 1.9974 — flat by design)
[ train_imf ] step 74000  raw_mse_u 19.9511  raw_mse_v 17.0813  a0 0.37728  (adaptive loss 1.9978 — flat by design)
[ train_imf ] step 74200  raw_mse_u 22.7490  raw_mse_v 17.7979  a0 0.59742  (adaptive loss 1.9974 — flat by design)
[ train_imf ] step 74400  raw_mse_u 16.5299  raw_mse_v 15.7606  a0 0.25552  (adaptive loss 1.9980 — flat by design)
[ train_imf ] step 74600  raw_mse_u 11.4012  raw_mse_v 10.0056  a0 0.23473  (adaptive loss 1.9976 — flat by design)
[ train_imf ] step 74800  raw_mse_u 10.8229  raw_mse_v 10.4832  a0 0.18866  (adaptive loss 1.9974 — flat by design)
[ train_imf ] step 75000  raw_mse_u 13.3645  raw_mse_v 11.9096  a0 0.20466  (adaptive loss 1.9973 — flat by design)
[ train_imf ] step 75200  raw_mse_u 11.7752  raw_mse_v 10.0589  a0 0.29052  (adaptive loss 1.9972 — flat by design)
[ train_imf ] step 75400  raw_mse_u 14.5511  raw_mse_v 13.0299  a0 0.22124  (adaptive loss 1.9976 — flat by design)
[ train_imf ] step 75600  raw_mse_u 19.6479  raw_mse_v 16.5030  a0 0.45980  (adaptive loss 1.9971 — flat by design)
[ train_imf ] step 75800  raw_mse_u 20.5342  raw_mse_v 15.0940  a0 0.51885  (adaptive loss 1.9971 — flat by design)
[ train_imf ] step 76000  raw_mse_u 20.8078  raw_mse_v 18.2855  a0 0.40682  (adaptive loss 1.9972 — flat by design)
[ train_imf ] step 76200  raw_mse_u 6.7983  raw_mse_v 6.5697  a0 0.17106  (adaptive loss 1.9963 — flat by design)
[ train_imf ] step 76400  raw_mse_u 71.0465  raw_mse_v 9.6915  a0 5.93050  (adaptive loss 1.9971 — flat by design)
[ train_imf ] step 76600  raw_mse_u 12.1098  raw_mse_v 12.2396  a0 0.11341  (adaptive loss 1.9976 — flat by design)
[ train_imf ] step 76800  raw_mse_u 14.9430  raw_mse_v 14.0260  a0 0.25176  (adaptive loss 1.9974 — flat by design)
[ train_imf ] step 77000  raw_mse_u 15.7190  raw_mse_v 10.7656  a0 0.11662  (adaptive loss 1.9971 — flat by design)
[ train_imf ] step 77200  raw_mse_u 36.0655  raw_mse_v 11.9595  a0 0.36147  (adaptive loss 1.9974 — flat by design)
[ train_imf ] step 77400  raw_mse_u 12.8352  raw_mse_v 10.5352  a0 0.40908  (adaptive loss 1.9968 — flat by design)
[ train_imf ] step 77600  raw_mse_u 113.9002  raw_mse_v 15.5033  a0 4.15146  (adaptive loss 1.9970 — flat by design)
[ train_imf ] step 77800  raw_mse_u 19.8285  raw_mse_v 12.7287  a0 0.40406  (adaptive loss 1.9974 — flat by design)
[ train_imf ] step 78000  raw_mse_u 21.7908  raw_mse_v 13.7824  a0 0.61949  (adaptive loss 1.9968 — flat by design)
[ train_imf ] step 78200  raw_mse_u 15.3888  raw_mse_v 14.4993  a0 0.24200  (adaptive loss 1.9973 — flat by design)
[ train_imf ] step 78400  raw_mse_u 25.8494  raw_mse_v 14.6938  a0 0.36011  (adaptive loss 1.9976 — flat by design)
[ train_imf ] step 78600  raw_mse_u 14.1556  raw_mse_v 13.0643  a0 0.39514  (adaptive loss 1.9975 — flat by design)
[ train_imf ] step 78800  raw_mse_u 15.2932  raw_mse_v 11.9047  a0 0.24280  (adaptive loss 1.9978 — flat by design)
[ train_imf ] step 79000  raw_mse_u 13.6275  raw_mse_v 12.7505  a0 0.32882  (adaptive loss 1.9971 — flat by design)
[ train_imf ] step 79200  raw_mse_u 152.8805  raw_mse_v 10.6321  a0 14.07167  (adaptive loss 1.9965 — flat by design)
[ train_imf ] step 79400  raw_mse_u 14.6812  raw_mse_v 12.0117  a0 0.14936  (adaptive loss 1.9970 — flat by design)
[ train_imf ] step 79600  raw_mse_u 15.1940  raw_mse_v 13.4206  a0 0.28049  (adaptive loss 1.9977 — flat by design)
[ train_imf ] step 79800  raw_mse_u 13.5217  raw_mse_v 14.3634  a0 0.40044  (adaptive loss 1.9966 — flat by design)
[ train_imf ] step 80000  raw_mse_u 13.0228  raw_mse_v 12.4330  a0 0.16622  (adaptive loss 1.9975 — flat by design)
[ train_imf ] step 80200  raw_mse_u 18.7561  raw_mse_v 15.4870  a0 0.66756  (adaptive loss 1.9976 — flat by design)
[ train_imf ] step 80400  raw_mse_u 15.8985  raw_mse_v 9.1879  a0 0.17437  (adaptive loss 1.9964 — flat by design)
[ train_imf ] step 80600  raw_mse_u 21.8536  raw_mse_v 16.1800  a0 0.41077  (adaptive loss 1.9977 — flat by design)
[ train_imf ] step 80800  raw_mse_u 10.2749  raw_mse_v 9.5014  a0 0.24986  (adaptive loss 1.9973 — flat by design)
[ train_imf ] step 81000  raw_mse_u 9.8174  raw_mse_v 9.1653  a0 0.13961  (adaptive loss 1.9970 — flat by design)
[ train_imf ] step 81200  raw_mse_u 20.9539  raw_mse_v 14.7657  a0 0.25082  (adaptive loss 1.9974 — flat by design)
[ train_imf ] step 81400  raw_mse_u 18.9728  raw_mse_v 14.7239  a0 0.48531  (adaptive loss 1.9969 — flat by design)
[ train_imf ] step 81600  raw_mse_u 29.1313  raw_mse_v 9.7396  a0 1.33289  (adaptive loss 1.9972 — flat by design)
[ train_imf ] step 81800  raw_mse_u 12.7676  raw_mse_v 12.4231  a0 0.18720  (adaptive loss 1.9973 — flat by design)
[ train_imf ] step 82000  raw_mse_u 11.1092  raw_mse_v 10.6760  a0 0.20334  (adaptive loss 1.9973 — flat by design)
[ train_imf ] step 82200  raw_mse_u 15.1660  raw_mse_v 12.2624  a0 0.21586  (adaptive loss 1.9969 — flat by design)
[ train_imf ] step 82400  raw_mse_u 12.7230  raw_mse_v 8.8560  a0 0.21057  (adaptive loss 1.9969 — flat by design)
[ train_imf ] step 82600  raw_mse_u 15.6467  raw_mse_v 9.0858  a0 0.82855  (adaptive loss 1.9971 — flat by design)
[ train_imf ] step 82800  raw_mse_u 11.3435  raw_mse_v 10.6161  a0 0.16838  (adaptive loss 1.9966 — flat by design)
[ train_imf ] step 83000  raw_mse_u 15.2533  raw_mse_v 14.4502  a0 0.24574  (adaptive loss 1.9972 — flat by design)
[ train_imf ] step 83200  raw_mse_u 59.0747  raw_mse_v 10.4268  a0 1.28715  (adaptive loss 1.9970 — flat by design)
[ train_imf ] step 83400  raw_mse_u 15.2825  raw_mse_v 14.6485  a0 0.22335  (adaptive loss 1.9977 — flat by design)
[ train_imf ] step 83600  raw_mse_u 36.5070  raw_mse_v 15.0910  a0 0.69165  (adaptive loss 1.9974 — flat by design)
[ train_imf ] step 83800  raw_mse_u 15.8969  raw_mse_v 14.3748  a0 0.20740  (adaptive loss 1.9973 — flat by design)
[ train_imf ] step 84000  raw_mse_u 331.3192  raw_mse_v 10.9553  a0 1.55124  (adaptive loss 1.9959 — flat by design)
[ train_imf ] step 84200  raw_mse_u 16.8672  raw_mse_v 16.1093  a0 0.34468  (adaptive loss 1.9977 — flat by design)
[ train_imf ] step 84400  raw_mse_u 15.9076  raw_mse_v 12.4707  a0 0.29366  (adaptive loss 1.9975 — flat by design)
[ train_imf ] step 84600  raw_mse_u 13.3095  raw_mse_v 10.9507  a0 0.25269  (adaptive loss 1.9972 — flat by design)
[ train_imf ] step 84800  raw_mse_u 15.5621  raw_mse_v 14.8145  a0 0.35167  (adaptive loss 1.9978 — flat by design)
[ train_imf ] step 85000  raw_mse_u 14.7035  raw_mse_v 14.0858  a0 0.38825  (adaptive loss 1.9973 — flat by design)
[ train_imf ] step 85200  raw_mse_u 16.2616  raw_mse_v 13.8341  a0 0.30655  (adaptive loss 1.9970 — flat by design)
[ train_imf ] step 85400  raw_mse_u 17.3023  raw_mse_v 13.2255  a0 0.53820  (adaptive loss 1.9974 — flat by design)
[ train_imf ] step 85600  raw_mse_u 21.5642  raw_mse_v 16.4166  a0 0.40212  (adaptive loss 1.9974 — flat by design)
[ train_imf ] step 85800  raw_mse_u 14.0027  raw_mse_v 11.7230  a0 0.57757  (adaptive loss 1.9971 — flat by design)
[ train_imf ] step 86000  raw_mse_u 18.2258  raw_mse_v 13.4131  a0 0.35071  (adaptive loss 1.9977 — flat by design)
[ train_imf ] step 86200  raw_mse_u 10.2980  raw_mse_v 9.9502  a0 0.20025  (adaptive loss 1.9973 — flat by design)
[ train_imf ] step 86400  raw_mse_u 19.0795  raw_mse_v 12.3024  a0 0.36729  (adaptive loss 1.9970 — flat by design)
[ train_imf ] step 86600  raw_mse_u 23.8253  raw_mse_v 17.0228  a0 0.57745  (adaptive loss 1.9975 — flat by design)
[ train_imf ] step 86800  raw_mse_u 10.3975  raw_mse_v 10.1017  a0 0.22034  (adaptive loss 1.9972 — flat by design)
[ train_imf ] step 87000  raw_mse_u 22.9720  raw_mse_v 14.5209  a0 0.42075  (adaptive loss 1.9975 — flat by design)
[ train_imf ] step 87200  raw_mse_u 12.6483  raw_mse_v 11.2550  a0 0.30062  (adaptive loss 1.9969 — flat by design)
[ train_imf ] step 87400  raw_mse_u 11.8378  raw_mse_v 10.6665  a0 0.13598  (adaptive loss 1.9970 — flat by design)
[ train_imf ] step 87600  raw_mse_u 19.2243  raw_mse_v 8.5428  a0 0.20073  (adaptive loss 1.9960 — flat by design)
[ train_imf ] step 87800  raw_mse_u 12.9351  raw_mse_v 11.6010  a0 0.18401  (adaptive loss 1.9976 — flat by design)
[ train_imf ] step 88000  raw_mse_u 14.2744  raw_mse_v 12.4975  a0 0.52836  (adaptive loss 1.9973 — flat by design)
[ train_imf ] step 88200  raw_mse_u 17.7892  raw_mse_v 17.0822  a0 0.31851  (adaptive loss 1.9974 — flat by design)
[ train_imf ] step 88400  raw_mse_u 20.8050  raw_mse_v 13.8251  a0 0.50411  (adaptive loss 1.9974 — flat by design)
[ train_imf ] step 88600  raw_mse_u 13.5983  raw_mse_v 11.7165  a0 0.30678  (adaptive loss 1.9972 — flat by design)
[ train_imf ] step 88800  raw_mse_u 17.4448  raw_mse_v 17.5137  a0 0.37409  (adaptive loss 1.9972 — flat by design)
[ train_imf ] step 89000  raw_mse_u 12.7129  raw_mse_v 9.7670  a0 0.22038  (adaptive loss 1.9970 — flat by design)
[ train_imf ] step 89200  raw_mse_u 14.6589  raw_mse_v 11.7735  a0 0.22093  (adaptive loss 1.9971 — flat by design)
[ train_imf ] step 89400  raw_mse_u 18.1215  raw_mse_v 13.2960  a0 0.29622  (adaptive loss 1.9972 — flat by design)
[ train_imf ] step 89600  raw_mse_u 12.7864  raw_mse_v 10.1688  a0 0.19598  (adaptive loss 1.9967 — flat by design)
[ train_imf ] step 89800  raw_mse_u 19.3993  raw_mse_v 14.0153  a0 0.17999  (adaptive loss 1.9975 — flat by design)
[ train_imf ] step 90000  raw_mse_u 16.7261  raw_mse_v 12.0712  a0 0.29825  (adaptive loss 1.9977 — flat by design)
[ train_imf ] step 90200  raw_mse_u 13.0068  raw_mse_v 10.9054  a0 0.16746  (adaptive loss 1.9971 — flat by design)
[ train_imf ] step 90400  raw_mse_u 11.4180  raw_mse_v 10.7095  a0 0.12586  (adaptive loss 1.9971 — flat by design)
[ train_imf ] step 90600  raw_mse_u 12.6017  raw_mse_v 12.3205  a0 0.16595  (adaptive loss 1.9971 — flat by design)
[ train_imf ] step 90800  raw_mse_u 16.5520  raw_mse_v 12.0720  a0 0.34768  (adaptive loss 1.9972 — flat by design)
[ train_imf ] step 91000  raw_mse_u 10.8664  raw_mse_v 9.6928  a0 0.17727  (adaptive loss 1.9974 — flat by design)
[ train_imf ] step 91200  raw_mse_u 16.3656  raw_mse_v 15.1766  a0 0.17128  (adaptive loss 1.9976 — flat by design)
[ train_imf ] step 91400  raw_mse_u 17.9399  raw_mse_v 13.1235  a0 0.30474  (adaptive loss 1.9962 — flat by design)
[ train_imf ] step 91600  raw_mse_u 16.1236  raw_mse_v 14.0498  a0 0.25180  (adaptive loss 1.9970 — flat by design)
[ train_imf ] step 91800  raw_mse_u 11.4414  raw_mse_v 10.9941  a0 0.19920  (adaptive loss 1.9971 — flat by design)
[ train_imf ] step 92000  raw_mse_u 14.1518  raw_mse_v 12.5599  a0 0.24707  (adaptive loss 1.9976 — flat by design)
[ train_imf ] step 92200  raw_mse_u 14.4927  raw_mse_v 11.8307  a0 0.18814  (adaptive loss 1.9972 — flat by design)
[ train_imf ] step 92400  raw_mse_u 15.4008  raw_mse_v 13.3850  a0 0.38434  (adaptive loss 1.9964 — flat by design)
[ train_imf ] step 92600  raw_mse_u 50.4812  raw_mse_v 17.9338  a0 0.50722  (adaptive loss 1.9980 — flat by design)
[ train_imf ] step 92800  raw_mse_u 14.0754  raw_mse_v 11.5879  a0 0.51464  (adaptive loss 1.9972 — flat by design)
[ train_imf ] step 93000  raw_mse_u 14.3573  raw_mse_v 11.6897  a0 0.28087  (adaptive loss 1.9969 — flat by design)
[ train_imf ] step 93200  raw_mse_u 14.0884  raw_mse_v 13.0968  a0 0.12850  (adaptive loss 1.9970 — flat by design)
[ train_imf ] step 93400  raw_mse_u 20.2680  raw_mse_v 15.7203  a0 0.51179  (adaptive loss 1.9965 — flat by design)
[ train_imf ] step 93600  raw_mse_u 12.2372  raw_mse_v 11.0927  a0 0.23539  (adaptive loss 1.9968 — flat by design)
[ train_imf ] step 93800  raw_mse_u 13.3061  raw_mse_v 11.5529  a0 0.11825  (adaptive loss 1.9974 — flat by design)
[ train_imf ] step 94000  raw_mse_u 16.9471  raw_mse_v 12.1932  a0 0.66358  (adaptive loss 1.9968 — flat by design)
[ train_imf ] step 94200  raw_mse_u 13.4057  raw_mse_v 12.8274  a0 0.20179  (adaptive loss 1.9972 — flat by design)
[ train_imf ] step 94400  raw_mse_u 21.7945  raw_mse_v 19.1785  a0 0.53383  (adaptive loss 1.9979 — flat by design)
[ train_imf ] step 94600  raw_mse_u 19.5534  raw_mse_v 18.1044  a0 0.34962  (adaptive loss 1.9969 — flat by design)
[ train_imf ] step 94800  raw_mse_u 14.6265  raw_mse_v 10.9254  a0 0.29424  (adaptive loss 1.9969 — flat by design)
[ train_imf ] step 95000  raw_mse_u 12.8689  raw_mse_v 11.7164  a0 0.22274  (adaptive loss 1.9972 — flat by design)
[ train_imf ] step 95200  raw_mse_u 33.5056  raw_mse_v 9.4449  a0 1.31953  (adaptive loss 1.9966 — flat by design)
[ train_imf ] step 95400  raw_mse_u 10.6208  raw_mse_v 8.4602  a0 0.22279  (adaptive loss 1.9970 — flat by design)
[ train_imf ] step 95600  raw_mse_u 13.2022  raw_mse_v 12.0774  a0 0.24510  (adaptive loss 1.9975 — flat by design)
[ train_imf ] step 95800  raw_mse_u 17.8092  raw_mse_v 17.2014  a0 0.44372  (adaptive loss 1.9973 — flat by design)
[ train_imf ] step 96000  raw_mse_u 23.7317  raw_mse_v 10.9228  a0 0.35302  (adaptive loss 1.9967 — flat by design)
[ train_imf ] step 96200  raw_mse_u 14.1030  raw_mse_v 11.3950  a0 0.27560  (adaptive loss 1.9972 — flat by design)
[ train_imf ] step 96400  raw_mse_u 8.5091  raw_mse_v 8.5476  a0 0.18120  (adaptive loss 1.9966 — flat by design)
[ train_imf ] step 96600  raw_mse_u 11.8505  raw_mse_v 12.0669  a0 0.16519  (adaptive loss 1.9967 — flat by design)
[ train_imf ] step 96800  raw_mse_u 13.6045  raw_mse_v 10.1955  a0 0.16815  (adaptive loss 1.9971 — flat by design)
[ train_imf ] step 97000  raw_mse_u 13.1286  raw_mse_v 11.6425  a0 0.18400  (adaptive loss 1.9974 — flat by design)
[ train_imf ] step 97200  raw_mse_u 12.3258  raw_mse_v 10.5340  a0 0.30010  (adaptive loss 1.9975 — flat by design)
[ train_imf ] step 97400  raw_mse_u 13.5564  raw_mse_v 12.1485  a0 0.27206  (adaptive loss 1.9970 — flat by design)
[ train_imf ] step 97600  raw_mse_u 20.0548  raw_mse_v 15.7689  a0 0.40016  (adaptive loss 1.9976 — flat by design)
[ train_imf ] step 97800  raw_mse_u 41.3937  raw_mse_v 17.3667  a0 0.82586  (adaptive loss 1.9971 — flat by design)
[ train_imf ] step 98000  raw_mse_u 21.4758  raw_mse_v 15.2837  a0 0.21184  (adaptive loss 1.9971 — flat by design)
[ train_imf ] step 98200  raw_mse_u 21.3455  raw_mse_v 15.2869  a0 0.50337  (adaptive loss 1.9970 — flat by design)
[ train_imf ] step 98400  raw_mse_u 14.8534  raw_mse_v 12.7870  a0 0.28805  (adaptive loss 1.9962 — flat by design)
[ train_imf ] step 98600  raw_mse_u 16.3606  raw_mse_v 13.4687  a0 0.28478  (adaptive loss 1.9974 — flat by design)
[ train_imf ] step 98800  raw_mse_u 13.7908  raw_mse_v 11.7305  a0 0.19630  (adaptive loss 1.9969 — flat by design)
[ train_imf ] step 99000  raw_mse_u 10.5941  raw_mse_v 9.8421  a0 0.27261  (adaptive loss 1.9956 — flat by design)
[ train_imf ] step 99200  raw_mse_u 14.9687  raw_mse_v 14.4988  a0 0.23629  (adaptive loss 1.9971 — flat by design)
[ train_imf ] step 99400  raw_mse_u 18.7843  raw_mse_v 14.9493  a0 0.40918  (adaptive loss 1.9977 — flat by design)
[ train_imf ] step 99600  raw_mse_u 28.7143  raw_mse_v 10.6831  a0 1.04981  (adaptive loss 1.9972 — flat by design)
[ train_imf ] step 99800  raw_mse_u 19.3282  raw_mse_v 11.3186  a0 0.26000  (adaptive loss 1.9979 — flat by design)
[ train_imf ] step 100000  raw_mse_u 14.6980  raw_mse_v 14.1924  a0 0.33069  (adaptive loss 1.9977 — flat by design)
[ train_imf ] step 100200  raw_mse_u 14.9901  raw_mse_v 8.9587  a0 0.44173  (adaptive loss 1.9966 — flat by design)
[ train_imf ] step 100400  raw_mse_u 19.8204  raw_mse_v 15.7110  a0 0.48596  (adaptive loss 1.9968 — flat by design)
[ train_imf ] step 100600  raw_mse_u 11.9383  raw_mse_v 11.4226  a0 0.30150  (adaptive loss 1.9976 — flat by design)
[ train_imf ] step 100800  raw_mse_u 13.5344  raw_mse_v 11.4434  a0 0.35647  (adaptive loss 1.9972 — flat by design)
[ train_imf ] step 101000  raw_mse_u 96.5002  raw_mse_v 15.8467  a0 4.72729  (adaptive loss 1.9969 — flat by design)
[ train_imf ] step 101200  raw_mse_u 15.2681  raw_mse_v 13.1356  a0 0.24786  (adaptive loss 1.9974 — flat by design)
[ train_imf ] step 101400  raw_mse_u 10.3555  raw_mse_v 8.2478  a0 0.26699  (adaptive loss 1.9956 — flat by design)
[ train_imf ] step 101600  raw_mse_u 12.9929  raw_mse_v 10.2655  a0 0.27097  (adaptive loss 1.9970 — flat by design)
[ train_imf ] step 101800  raw_mse_u 92.2439  raw_mse_v 17.0929  a0 2.07946  (adaptive loss 1.9964 — flat by design)
[ train_imf ] step 102000  raw_mse_u 13.4706  raw_mse_v 12.9481  a0 0.31745  (adaptive loss 1.9974 — flat by design)
[ train_imf ] step 102200  raw_mse_u 12.8601  raw_mse_v 10.5720  a0 0.24842  (adaptive loss 1.9972 — flat by design)
[ train_imf ] step 102400  raw_mse_u 15.6053  raw_mse_v 12.2025  a0 0.24731  (adaptive loss 1.9971 — flat by design)
[ train_imf ] step 102600  raw_mse_u 102.4920  raw_mse_v 13.5000  a0 7.91613  (adaptive loss 1.9965 — flat by design)
[ train_imf ] step 102800  raw_mse_u 9.6693  raw_mse_v 9.8575  a0 0.15063  (adaptive loss 1.9967 — flat by design)
[ train_imf ] step 103000  raw_mse_u 11.1886  raw_mse_v 9.7334  a0 0.14340  (adaptive loss 1.9970 — flat by design)
[ train_imf ] step 103200  raw_mse_u 19.9045  raw_mse_v 14.5578  a0 0.43521  (adaptive loss 1.9972 — flat by design)
[ train_imf ] step 103400  raw_mse_u 13.6292  raw_mse_v 11.8067  a0 0.32282  (adaptive loss 1.9975 — flat by design)
[ train_imf ] step 103600  raw_mse_u 20.0782  raw_mse_v 12.4589  a0 0.56057  (adaptive loss 1.9970 — flat by design)
[ train_imf ] step 103800  raw_mse_u 18.1480  raw_mse_v 12.7875  a0 0.30402  (adaptive loss 1.9973 — flat by design)
[ train_imf ] step 104000  raw_mse_u 232.6611  raw_mse_v 11.6477  a0 3.23602  (adaptive loss 1.9976 — flat by design)
[ train_imf ] step 104200  raw_mse_u 8.8851  raw_mse_v 7.8271  a0 0.10996  (adaptive loss 1.9968 — flat by design)
[ train_imf ] step 104400  raw_mse_u 19.3326  raw_mse_v 15.4357  a0 0.91894  (adaptive loss 1.9974 — flat by design)
[ train_imf ] step 104600  raw_mse_u 16.1944  raw_mse_v 8.9265  a0 0.16006  (adaptive loss 1.9963 — flat by design)
[ train_imf ] step 104800  raw_mse_u 25.5422  raw_mse_v 12.3552  a0 0.36106  (adaptive loss 1.9979 — flat by design)
[ train_imf ] step 105000  raw_mse_u 12.5159  raw_mse_v 12.1730  a0 0.19601  (adaptive loss 1.9971 — flat by design)
[ train_imf ] step 105200  raw_mse_u 38.9366  raw_mse_v 12.2333  a0 2.08729  (adaptive loss 1.9975 — flat by design)
[ train_imf ] step 105400  raw_mse_u 13.7470  raw_mse_v 10.0484  a0 0.26271  (adaptive loss 1.9964 — flat by design)
[ train_imf ] step 105600  raw_mse_u 9.8346  raw_mse_v 8.6220  a0 0.28637  (adaptive loss 1.9965 — flat by design)
[ train_imf ] step 105800  raw_mse_u 10.0701  raw_mse_v 10.8635  a0 0.18688  (adaptive loss 1.9964 — flat by design)
[ train_imf ] step 106000  raw_mse_u 17.3873  raw_mse_v 10.8717  a0 0.24291  (adaptive loss 1.9975 — flat by design)
[ train_imf ] step 106200  raw_mse_u 16.5308  raw_mse_v 15.3928  a0 0.37655  (adaptive loss 1.9972 — flat by design)
[ train_imf ] step 106400  raw_mse_u 12.2051  raw_mse_v 10.2053  a0 0.24105  (adaptive loss 1.9955 — flat by design)
[ train_imf ] step 106600  raw_mse_u 13.4596  raw_mse_v 13.6888  a0 0.31696  (adaptive loss 1.9979 — flat by design)
[ train_imf ] step 106800  raw_mse_u 47.9626  raw_mse_v 14.8613  a0 0.53747  (adaptive loss 1.9971 — flat by design)
[ train_imf ] step 107000  raw_mse_u 13.6533  raw_mse_v 10.0542  a0 0.19364  (adaptive loss 1.9969 — flat by design)
[ train_imf ] step 107200  raw_mse_u 64.8745  raw_mse_v 11.3866  a0 0.16328  (adaptive loss 1.9972 — flat by design)
[ train_imf ] step 107400  raw_mse_u 46.2118  raw_mse_v 12.5633  a0 0.89889  (adaptive loss 1.9970 — flat by design)
[ train_imf ] step 107600  raw_mse_u 20.3956  raw_mse_v 12.9269  a0 0.27248  (adaptive loss 1.9970 — flat by design)
[ train_imf ] step 107800  raw_mse_u 17.2680  raw_mse_v 15.7364  a0 0.34844  (adaptive loss 1.9970 — flat by design)
[ train_imf ] step 108000  raw_mse_u 44.2915  raw_mse_v 11.2005  a0 1.30929  (adaptive loss 1.9972 — flat by design)
[ train_imf ] step 108200  raw_mse_u 16.3293  raw_mse_v 15.3096  a0 0.32716  (adaptive loss 1.9971 — flat by design)
[ train_imf ] step 108400  raw_mse_u 324.2021  raw_mse_v 12.0110  a0 4.42537  (adaptive loss 1.9969 — flat by design)
[ train_imf ] step 108600  raw_mse_u 13.9623  raw_mse_v 13.1483  a0 0.24207  (adaptive loss 1.9976 — flat by design)
[ train_imf ] step 108800  raw_mse_u 13.4428  raw_mse_v 9.5702  a0 0.47252  (adaptive loss 1.9967 — flat by design)
[ train_imf ] step 109000  raw_mse_u 13.7881  raw_mse_v 10.3364  a0 0.26959  (adaptive loss 1.9964 — flat by design)
[ train_imf ] step 109200  raw_mse_u 11.9424  raw_mse_v 13.5707  a0 0.45665  (adaptive loss 1.9974 — flat by design)
[ train_imf ] step 109400  raw_mse_u 99.5884  raw_mse_v 13.7556  a0 3.30819  (adaptive loss 1.9976 — flat by design)
[ train_imf ] step 109600  raw_mse_u 15.1465  raw_mse_v 15.1887  a0 0.27971  (adaptive loss 1.9979 — flat by design)
[ train_imf ] step 109800  raw_mse_u 19.5834  raw_mse_v 14.0936  a0 0.46526  (adaptive loss 1.9978 — flat by design)
[ train_imf ] step 110000  raw_mse_u 13.6482  raw_mse_v 9.2700  a0 0.20382  (adaptive loss 1.9966 — flat by design)
[ train_imf ] step 110200  raw_mse_u 13.5049  raw_mse_v 11.0714  a0 0.35879  (adaptive loss 1.9967 — flat by design)
[ train_imf ] step 110400  raw_mse_u 16.4455  raw_mse_v 10.2682  a0 0.12715  (adaptive loss 1.9971 — flat by design)
[ train_imf ] step 110600  raw_mse_u 22.4769  raw_mse_v 14.1402  a0 0.29796  (adaptive loss 1.9976 — flat by design)
[ train_imf ] step 110800  raw_mse_u 16.0057  raw_mse_v 11.8227  a0 0.31266  (adaptive loss 1.9978 — flat by design)
[ train_imf ] step 111000  raw_mse_u 16.1883  raw_mse_v 15.4771  a0 0.46375  (adaptive loss 1.9976 — flat by design)
[ train_imf ] step 111200  raw_mse_u 13.9959  raw_mse_v 12.0485  a0 0.12433  (adaptive loss 1.9966 — flat by design)
[ train_imf ] step 111400  raw_mse_u 12.0341  raw_mse_v 10.2109  a0 0.22136  (adaptive loss 1.9971 — flat by design)
[ train_imf ] step 111600  raw_mse_u 16.7699  raw_mse_v 12.2585  a0 0.17229  (adaptive loss 1.9968 — flat by design)
[ train_imf ] step 111800  raw_mse_u 14.3096  raw_mse_v 8.9596  a0 0.15433  (adaptive loss 1.9967 — flat by design)
[ train_imf ] step 112000  raw_mse_u 40.0883  raw_mse_v 12.0424  a0 0.82470  (adaptive loss 1.9965 — flat by design)
[ train_imf ] step 112200  raw_mse_u 22.6718  raw_mse_v 12.6423  a0 0.19897  (adaptive loss 1.9971 — flat by design)
[ train_imf ] step 112400  raw_mse_u 24.2445  raw_mse_v 11.4748  a0 0.15281  (adaptive loss 1.9961 — flat by design)
[ train_imf ] step 112600  raw_mse_u 13.7940  raw_mse_v 11.5017  a0 0.17837  (adaptive loss 1.9973 — flat by design)
[ train_imf ] step 112800  raw_mse_u 12.3435  raw_mse_v 11.2292  a0 0.11458  (adaptive loss 1.9966 — flat by design)
[ train_imf ] step 113000  raw_mse_u 26.6171  raw_mse_v 13.1863  a0 0.39249  (adaptive loss 1.9953 — flat by design)
[ train_imf ] step 113200  raw_mse_u 12.3353  raw_mse_v 12.2006  a0 0.20568  (adaptive loss 1.9970 — flat by design)
[ train_imf ] step 113400  raw_mse_u 22.0231  raw_mse_v 8.9338  a0 0.88468  (adaptive loss 1.9971 — flat by design)
[ train_imf ] step 113600  raw_mse_u 11.0567  raw_mse_v 11.0234  a0 0.24318  (adaptive loss 1.9961 — flat by design)
[ train_imf ] step 113800  raw_mse_u 15.7782  raw_mse_v 13.5657  a0 0.46163  (adaptive loss 1.9970 — flat by design)
[ train_imf ] step 114000  raw_mse_u 12.1376  raw_mse_v 11.4278  a0 0.28025  (adaptive loss 1.9972 — flat by design)
[ train_imf ] step 114200  raw_mse_u 14.3188  raw_mse_v 11.9990  a0 0.35078  (adaptive loss 1.9964 — flat by design)
[ train_imf ] step 114400  raw_mse_u 27.5596  raw_mse_v 12.2183  a0 0.39550  (adaptive loss 1.9976 — flat by design)
[ train_imf ] step 114600  raw_mse_u 17.6428  raw_mse_v 14.3244  a0 0.37524  (adaptive loss 1.9974 — flat by design)
[ train_imf ] step 114800  raw_mse_u 364.1687  raw_mse_v 10.4843  a0 14.55170  (adaptive loss 1.9969 — flat by design)
[ train_imf ] step 115000  raw_mse_u 16.0961  raw_mse_v 15.8628  a0 0.27263  (adaptive loss 1.9981 — flat by design)
[ train_imf ] step 115200  raw_mse_u 11.4609  raw_mse_v 6.8394  a0 0.24819  (adaptive loss 1.9952 — flat by design)
[ train_imf ] step 115400  raw_mse_u 12.0500  raw_mse_v 9.1150  a0 0.23225  (adaptive loss 1.9967 — flat by design)
[ train_imf ] step 115600  raw_mse_u 10.8093  raw_mse_v 10.7865  a0 0.22603  (adaptive loss 1.9969 — flat by design)
[ train_imf ] step 115800  raw_mse_u 20.3949  raw_mse_v 18.3336  a0 0.58468  (adaptive loss 1.9976 — flat by design)
[ train_imf ] step 116000  raw_mse_u 16.3613  raw_mse_v 12.1663  a0 0.61977  (adaptive loss 1.9972 — flat by design)
[ train_imf ] step 116200  raw_mse_u 101.1434  raw_mse_v 11.3376  a0 6.05471  (adaptive loss 1.9972 — flat by design)
[ train_imf ] step 116400  raw_mse_u 16.3257  raw_mse_v 15.8625  a0 0.26425  (adaptive loss 1.9974 — flat by design)
[ train_imf ] step 116600  raw_mse_u 18.2616  raw_mse_v 8.8484  a0 0.30546  (adaptive loss 1.9971 — flat by design)
[ train_imf ] step 116800  raw_mse_u 11.5425  raw_mse_v 10.1224  a0 0.29244  (adaptive loss 1.9971 — flat by design)
[ train_imf ] step 117000  raw_mse_u 10.2491  raw_mse_v 9.7215  a0 0.13022  (adaptive loss 1.9966 — flat by design)
[ train_imf ] step 117200  raw_mse_u 17.1343  raw_mse_v 12.7149  a0 0.37007  (adaptive loss 1.9977 — flat by design)
[ train_imf ] step 117400  raw_mse_u 17.5345  raw_mse_v 14.4538  a0 0.15889  (adaptive loss 1.9974 — flat by design)
[ train_imf ] step 117600  raw_mse_u 26.8878  raw_mse_v 14.7034  a0 1.02024  (adaptive loss 1.9972 — flat by design)
[ train_imf ] step 117800  raw_mse_u 14.0062  raw_mse_v 10.5218  a0 0.48385  (adaptive loss 1.9973 — flat by design)
[ train_imf ] step 118000  raw_mse_u 10.1643  raw_mse_v 8.6122  a0 0.11581  (adaptive loss 1.9971 — flat by design)
[ train_imf ] step 118200  raw_mse_u 12.4244  raw_mse_v 10.0445  a0 0.15428  (adaptive loss 1.9974 — flat by design)
[ train_imf ] step 118400  raw_mse_u 16.2359  raw_mse_v 13.2644  a0 0.27009  (adaptive loss 1.9971 — flat by design)
[ train_imf ] step 118600  raw_mse_u 13.8293  raw_mse_v 13.9361  a0 0.32324  (adaptive loss 1.9962 — flat by design)
[ train_imf ] step 118800  raw_mse_u 10.9685  raw_mse_v 9.2471  a0 0.19750  (adaptive loss 1.9971 — flat by design)
[ train_imf ] step 119000  raw_mse_u 28.5211  raw_mse_v 12.4079  a0 0.21729  (adaptive loss 1.9964 — flat by design)
[ train_imf ] step 119200  raw_mse_u 19.7916  raw_mse_v 15.7591  a0 0.59916  (adaptive loss 1.9971 — flat by design)
[ train_imf ] step 119400  raw_mse_u 27.0129  raw_mse_v 10.1521  a0 0.19581  (adaptive loss 1.9973 — flat by design)
[ train_imf ] step 119600  raw_mse_u 20.0097  raw_mse_v 14.6560  a0 0.30312  (adaptive loss 1.9976 — flat by design)
[ train_imf ] step 119800  raw_mse_u 9.4575  raw_mse_v 8.5992  a0 0.17346  (adaptive loss 1.9963 — flat by design)
[ train_imf ] step 120000  raw_mse_u 16.9999  raw_mse_v 11.6510  a0 0.32920  (adaptive loss 1.9971 — flat by design)
[ train_imf ] step 120200  raw_mse_u 9.0966  raw_mse_v 7.9032  a0 0.17603  (adaptive loss 1.9962 — flat by design)
[ train_imf ] step 120400  raw_mse_u 11.6272  raw_mse_v 10.0485  a0 0.18926  (adaptive loss 1.9972 — flat by design)
[ train_imf ] step 120600  raw_mse_u 17.3655  raw_mse_v 14.2240  a0 0.31164  (adaptive loss 1.9976 — flat by design)
[ train_imf ] step 120800  raw_mse_u 11.9695  raw_mse_v 12.0332  a0 0.29189  (adaptive loss 1.9970 — flat by design)
[ train_imf ] step 121000  raw_mse_u 16.5979  raw_mse_v 10.2599  a0 0.25952  (adaptive loss 1.9971 — flat by design)
[ train_imf ] step 121200  raw_mse_u 10.6573  raw_mse_v 9.4569  a0 0.17921  (adaptive loss 1.9963 — flat by design)
[ train_imf ] step 121400  raw_mse_u 30.2408  raw_mse_v 17.0057  a0 0.22413  (adaptive loss 1.9976 — flat by design)
[ train_imf ] step 121600  raw_mse_u 21.4760  raw_mse_v 12.4807  a0 0.63257  (adaptive loss 1.9968 — flat by design)
[ train_imf ] step 121800  raw_mse_u 11.9873  raw_mse_v 11.5348  a0 0.13878  (adaptive loss 1.9961 — flat by design)
[ train_imf ] step 122000  raw_mse_u 11.6261  raw_mse_v 10.4605  a0 0.14668  (adaptive loss 1.9963 — flat by design)
[ train_imf ] step 122200  raw_mse_u 14.5932  raw_mse_v 13.9383  a0 0.10002  (adaptive loss 1.9975 — flat by design)
[ train_imf ] step 122400  raw_mse_u 17.7475  raw_mse_v 14.8623  a0 0.50618  (adaptive loss 1.9974 — flat by design)
[ train_imf ] step 122600  raw_mse_u 15.9044  raw_mse_v 12.0522  a0 0.36062  (adaptive loss 1.9969 — flat by design)
[ train_imf ] step 122800  raw_mse_u 175.8492  raw_mse_v 12.6250  a0 4.07704  (adaptive loss 1.9968 — flat by design)
[ train_imf ] step 123000  raw_mse_u 18.9585  raw_mse_v 14.8531  a0 0.22403  (adaptive loss 1.9974 — flat by design)
[ train_imf ] step 123200  raw_mse_u 15.4798  raw_mse_v 13.4169  a0 0.38228  (adaptive loss 1.9973 — flat by design)
[ train_imf ] step 123400  raw_mse_u 11.6655  raw_mse_v 8.5783  a0 0.19883  (adaptive loss 1.9964 — flat by design)
[ train_imf ] step 123600  raw_mse_u 18.0456  raw_mse_v 16.5713  a0 0.38210  (adaptive loss 1.9970 — flat by design)
[ train_imf ] step 123800  raw_mse_u 12.9329  raw_mse_v 11.2192  a0 0.29833  (adaptive loss 1.9965 — flat by design)
[ train_imf ] step 124000  raw_mse_u 11.9608  raw_mse_v 10.1458  a0 0.42921  (adaptive loss 1.9972 — flat by design)
[ train_imf ] step 124200  raw_mse_u 20.1495  raw_mse_v 12.9135  a0 0.52829  (adaptive loss 1.9967 — flat by design)
[ train_imf ] step 124400  raw_mse_u 13.0423  raw_mse_v 10.6915  a0 0.34383  (adaptive loss 1.9971 — flat by design)
[ train_imf ] step 124600  raw_mse_u 16.2509  raw_mse_v 13.5758  a0 0.35822  (adaptive loss 1.9974 — flat by design)
[ train_imf ] step 124800  raw_mse_u 10.2143  raw_mse_v 8.8259  a0 0.08806  (adaptive loss 1.9966 — flat by design)
[ train_imf ] step 125000  raw_mse_u 14.6262  raw_mse_v 13.6151  a0 0.24209  (adaptive loss 1.9973 — flat by design)
[ train_imf ] step 125200  raw_mse_u 17.2450  raw_mse_v 15.8909  a0 0.25906  (adaptive loss 1.9970 — flat by design)
[ train_imf ] step 125400  raw_mse_u 15.8936  raw_mse_v 13.1122  a0 0.39312  (adaptive loss 1.9972 — flat by design)
[ train_imf ] step 125600  raw_mse_u 10.1221  raw_mse_v 8.7467  a0 0.22582  (adaptive loss 1.9969 — flat by design)
[ train_imf ] step 125800  raw_mse_u 12.7359  raw_mse_v 11.6760  a0 0.37225  (adaptive loss 1.9970 — flat by design)
[ train_imf ] step 126000  raw_mse_u 16.8902  raw_mse_v 14.4252  a0 0.27877  (adaptive loss 1.9977 — flat by design)
[ train_imf ] step 126200  raw_mse_u 13.3129  raw_mse_v 11.7022  a0 0.35233  (adaptive loss 1.9973 — flat by design)
[ train_imf ] step 126400  raw_mse_u 12.8512  raw_mse_v 11.5287  a0 0.18442  (adaptive loss 1.9974 — flat by design)
[ train_imf ] step 126600  raw_mse_u 18.2150  raw_mse_v 12.9633  a0 0.41435  (adaptive loss 1.9977 — flat by design)
[ train_imf ] step 126800  raw_mse_u 13.9145  raw_mse_v 12.0995  a0 0.17915  (adaptive loss 1.9961 — flat by design)
[ train_imf ] step 127000  raw_mse_u 1117.3010  raw_mse_v 10.8007  a0 16.94018  (adaptive loss 1.9970 — flat by design)
[ train_imf ] step 127200  raw_mse_u 37.7092  raw_mse_v 9.8124  a0 0.57693  (adaptive loss 1.9975 — flat by design)
[ train_imf ] step 127400  raw_mse_u 9.5163  raw_mse_v 9.7988  a0 0.17882  (adaptive loss 1.9963 — flat by design)
[ train_imf ] step 127600  raw_mse_u 19.5283  raw_mse_v 11.8960  a0 0.25985  (adaptive loss 1.9972 — flat by design)
[ train_imf ] step 127800  raw_mse_u 13.5444  raw_mse_v 12.9737  a0 0.25314  (adaptive loss 1.9974 — flat by design)
[ train_imf ] step 128000  raw_mse_u 8.6298  raw_mse_v 6.6505  a0 0.12107  (adaptive loss 1.9958 — flat by design)
[ train_imf ] step 128200  raw_mse_u 21.9973  raw_mse_v 12.8954  a0 0.61119  (adaptive loss 1.9975 — flat by design)
[ train_imf ] step 128400  raw_mse_u 13.8806  raw_mse_v 13.0901  a0 0.32100  (adaptive loss 1.9970 — flat by design)
[ train_imf ] step 128600  raw_mse_u 14.1280  raw_mse_v 10.3284  a0 0.18735  (adaptive loss 1.9971 — flat by design)
[ train_imf ] step 128800  raw_mse_u 10.3288  raw_mse_v 9.5945  a0 0.16251  (adaptive loss 1.9971 — flat by design)
[ train_imf ] step 129000  raw_mse_u 20.4471  raw_mse_v 15.4725  a0 0.73516  (adaptive loss 1.9977 — flat by design)
[ train_imf ] step 129200  raw_mse_u 14.0123  raw_mse_v 12.9266  a0 0.31597  (adaptive loss 1.9961 — flat by design)
[ train_imf ] step 129400  raw_mse_u 11.9588  raw_mse_v 11.0253  a0 0.17085  (adaptive loss 1.9971 — flat by design)
[ train_imf ] step 129600  raw_mse_u 13.4465  raw_mse_v 11.7103  a0 0.40622  (adaptive loss 1.9975 — flat by design)
[ train_imf ] step 129800  raw_mse_u 11.6336  raw_mse_v 9.8683  a0 0.09978  (adaptive loss 1.9970 — flat by design)
[ train_imf ] step 130000  raw_mse_u 50.0877  raw_mse_v 19.2576  a0 2.09038  (adaptive loss 1.9979 — flat by design)
[ train_imf ] step 130200  raw_mse_u 12.2349  raw_mse_v 10.5189  a0 0.30169  (adaptive loss 1.9972 — flat by design)
[ train_imf ] step 130400  raw_mse_u 13.9708  raw_mse_v 13.2088  a0 0.17680  (adaptive loss 1.9974 — flat by design)
[ train_imf ] step 130600  raw_mse_u 22.6251  raw_mse_v 15.7410  a0 0.17407  (adaptive loss 1.9974 — flat by design)
[ train_imf ] step 130800  raw_mse_u 9.9204  raw_mse_v 8.9152  a0 0.14912  (adaptive loss 1.9967 — flat by design)
[ train_imf ] step 131000  raw_mse_u 13.3416  raw_mse_v 10.4803  a0 0.13933  (adaptive loss 1.9967 — flat by design)
[ train_imf ] step 131200  raw_mse_u 11.2542  raw_mse_v 9.7810  a0 0.20492  (adaptive loss 1.9967 — flat by design)
[ train_imf ] step 131400  raw_mse_u 27.2506  raw_mse_v 10.1015  a0 0.51443  (adaptive loss 1.9961 — flat by design)
[ train_imf ] step 131600  raw_mse_u 12.1542  raw_mse_v 8.6181  a0 0.32006  (adaptive loss 1.9967 — flat by design)
[ train_imf ] step 131800  raw_mse_u 12.1472  raw_mse_v 9.7774  a0 0.32606  (adaptive loss 1.9963 — flat by design)
[ train_imf ] step 132000  raw_mse_u 72.9874  raw_mse_v 18.1339  a0 3.64895  (adaptive loss 1.9976 — flat by design)
[ train_imf ] step 132200  raw_mse_u 10.3557  raw_mse_v 10.1408  a0 0.08678  (adaptive loss 1.9972 — flat by design)
[ train_imf ] step 132400  raw_mse_u 22.5063  raw_mse_v 11.1439  a0 0.61922  (adaptive loss 1.9969 — flat by design)
[ train_imf ] step 132600  raw_mse_u 30.4462  raw_mse_v 14.6720  a0 0.30669  (adaptive loss 1.9975 — flat by design)
[ train_imf ] step 132800  raw_mse_u 15.7435  raw_mse_v 10.2788  a0 0.20106  (adaptive loss 1.9970 — flat by design)
[ train_imf ] step 133000  raw_mse_u 14.0357  raw_mse_v 10.5893  a0 0.27378  (adaptive loss 1.9968 — flat by design)
[ train_imf ] step 133200  raw_mse_u 15.8499  raw_mse_v 11.9891  a0 0.27512  (adaptive loss 1.9977 — flat by design)
[ train_imf ] step 133400  raw_mse_u 11.2367  raw_mse_v 9.9672  a0 0.16555  (adaptive loss 1.9974 — flat by design)
[ train_imf ] step 133600  raw_mse_u 15.2369  raw_mse_v 14.5167  a0 0.14873  (adaptive loss 1.9975 — flat by design)
[ train_imf ] step 133800  raw_mse_u 11.7154  raw_mse_v 11.4911  a0 0.23697  (adaptive loss 1.9974 — flat by design)
[ train_imf ] step 134000  raw_mse_u 22.0777  raw_mse_v 17.3299  a0 0.45998  (adaptive loss 1.9969 — flat by design)
[ train_imf ] step 134200  raw_mse_u 17.2337  raw_mse_v 15.1554  a0 0.25540  (adaptive loss 1.9965 — flat by design)
[ train_imf ] step 134400  raw_mse_u 14.4751  raw_mse_v 12.7094  a0 0.36537  (adaptive loss 1.9958 — flat by design)
[ train_imf ] step 134600  raw_mse_u 50.9008  raw_mse_v 16.7001  a0 3.68871  (adaptive loss 1.9966 — flat by design)
[ train_imf ] step 134800  raw_mse_u 9.7365  raw_mse_v 8.8530  a0 0.16909  (adaptive loss 1.9967 — flat by design)
[ train_imf ] step 135000  raw_mse_u 15.5232  raw_mse_v 14.2854  a0 0.24040  (adaptive loss 1.9970 — flat by design)
[ train_imf ] step 135200  raw_mse_u 10.8069  raw_mse_v 8.8217  a0 0.16233  (adaptive loss 1.9962 — flat by design)
[ train_imf ] step 135400  raw_mse_u 11.7779  raw_mse_v 10.5723  a0 0.14242  (adaptive loss 1.9970 — flat by design)
[ train_imf ] step 135600  raw_mse_u 19.4014  raw_mse_v 9.3716  a0 0.39902  (adaptive loss 1.9972 — flat by design)
[ train_imf ] step 135800  raw_mse_u 14.6264  raw_mse_v 10.3646  a0 0.21489  (adaptive loss 1.9962 — flat by design)
[ train_imf ] step 136000  raw_mse_u 14.1436  raw_mse_v 8.8878  a0 0.15829  (adaptive loss 1.9969 — flat by design)
[ train_imf ] step 136200  raw_mse_u 11.6191  raw_mse_v 10.2544  a0 0.10105  (adaptive loss 1.9975 — flat by design)
[ train_imf ] step 136400  raw_mse_u 11.3123  raw_mse_v 10.9712  a0 0.26602  (adaptive loss 1.9960 — flat by design)
[ train_imf ] step 136600  raw_mse_u 23.9844  raw_mse_v 15.2105  a0 0.31431  (adaptive loss 1.9974 — flat by design)
[ train_imf ] step 136800  raw_mse_u 20.7899  raw_mse_v 14.3870  a0 0.39172  (adaptive loss 1.9973 — flat by design)
[ train_imf ] step 137000  raw_mse_u 17.0831  raw_mse_v 12.8534  a0 0.39123  (adaptive loss 1.9970 — flat by design)
[ train_imf ] step 137200  raw_mse_u 13.8792  raw_mse_v 10.4927  a0 0.23917  (adaptive loss 1.9972 — flat by design)
[ train_imf ] step 137400  raw_mse_u 12.3494  raw_mse_v 11.0192  a0 0.13555  (adaptive loss 1.9967 — flat by design)
[ train_imf ] step 137600  raw_mse_u 21.3613  raw_mse_v 11.7117  a0 0.28076  (adaptive loss 1.9966 — flat by design)
[ train_imf ] step 137800  raw_mse_u 15.4037  raw_mse_v 7.4194  a0 0.45902  (adaptive loss 1.9954 — flat by design)
[ train_imf ] step 138000  raw_mse_u 57.8330  raw_mse_v 11.5312  a0 1.00046  (adaptive loss 1.9972 — flat by design)
[ train_imf ] step 138200  raw_mse_u 16.1729  raw_mse_v 14.1751  a0 0.18862  (adaptive loss 1.9965 — flat by design)
[ train_imf ] step 138400  raw_mse_u 9.9255  raw_mse_v 9.4931  a0 0.25966  (adaptive loss 1.9966 — flat by design)
[ train_imf ] step 138600  raw_mse_u 17.7465  raw_mse_v 14.1007  a0 0.23817  (adaptive loss 1.9972 — flat by design)
[ train_imf ] step 138800  raw_mse_u 15.6259  raw_mse_v 12.5521  a0 0.51455  (adaptive loss 1.9967 — flat by design)
[ train_imf ] step 139000  raw_mse_u 11.2498  raw_mse_v 8.6189  a0 0.26439  (adaptive loss 1.9957 — flat by design)
[ train_imf ] step 139200  raw_mse_u 11.8059  raw_mse_v 11.6138  a0 0.13552  (adaptive loss 1.9974 — flat by design)
[ train_imf ] step 139400  raw_mse_u 11.8106  raw_mse_v 11.2049  a0 0.16228  (adaptive loss 1.9971 — flat by design)
[ train_imf ] step 139600  raw_mse_u 13.4640  raw_mse_v 10.8356  a0 0.10433  (adaptive loss 1.9968 — flat by design)
[ train_imf ] step 139800  raw_mse_u 14.1512  raw_mse_v 9.9741  a0 0.15155  (adaptive loss 1.9956 — flat by design)
[ train_imf ] step 140000  raw_mse_u 15.8367  raw_mse_v 12.8612  a0 0.23198  (adaptive loss 1.9970 — flat by design)
[ train_imf ] step 140200  raw_mse_u 10.6110  raw_mse_v 10.2907  a0 0.19503  (adaptive loss 1.9968 — flat by design)
[ train_imf ] step 140400  raw_mse_u 15.8519  raw_mse_v 12.5638  a0 0.76083  (adaptive loss 1.9968 — flat by design)
[ train_imf ] step 140600  raw_mse_u 18.1616  raw_mse_v 15.5314  a0 0.56040  (adaptive loss 1.9975 — flat by design)
[ train_imf ] step 140800  raw_mse_u 11.8489  raw_mse_v 10.3559  a0 0.17385  (adaptive loss 1.9965 — flat by design)
[ train_imf ] step 141000  raw_mse_u 11.4737  raw_mse_v 10.7105  a0 0.23146  (adaptive loss 1.9968 — flat by design)
[ train_imf ] step 141200  raw_mse_u 28.4757  raw_mse_v 14.1548  a0 0.24553  (adaptive loss 1.9972 — flat by design)
[ train_imf ] step 141400  raw_mse_u 10.7541  raw_mse_v 10.0802  a0 0.40580  (adaptive loss 1.9964 — flat by design)
[ train_imf ] step 141600  raw_mse_u 12.7488  raw_mse_v 11.0117  a0 0.17068  (adaptive loss 1.9972 — flat by design)
[ train_imf ] step 141800  raw_mse_u 11.9159  raw_mse_v 10.5529  a0 0.22772  (adaptive loss 1.9961 — flat by design)
[ train_imf ] step 142000  raw_mse_u 12.4697  raw_mse_v 11.2654  a0 0.23450  (adaptive loss 1.9966 — flat by design)
[ train_imf ] step 142200  raw_mse_u 82.5501  raw_mse_v 14.8289  a0 1.19830  (adaptive loss 1.9969 — flat by design)
[ train_imf ] step 142400  raw_mse_u 11.9054  raw_mse_v 10.6136  a0 0.16241  (adaptive loss 1.9962 — flat by design)
[ train_imf ] step 142600  raw_mse_u 10.8290  raw_mse_v 9.2305  a0 0.16138  (adaptive loss 1.9969 — flat by design)
[ train_imf ] step 142800  raw_mse_u 12.0611  raw_mse_v 11.1004  a0 0.13921  (adaptive loss 1.9973 — flat by design)
[ train_imf ] step 143000  raw_mse_u 71.2800  raw_mse_v 13.7357  a0 1.58483  (adaptive loss 1.9973 — flat by design)
[ train_imf ] step 143200  raw_mse_u 15.2018  raw_mse_v 11.2966  a0 0.24280  (adaptive loss 1.9973 — flat by design)
[ train_imf ] step 143400  raw_mse_u 15.0169  raw_mse_v 10.5711  a0 0.55484  (adaptive loss 1.9965 — flat by design)
[ train_imf ] step 143600  raw_mse_u 14.1409  raw_mse_v 11.2187  a0 0.14209  (adaptive loss 1.9964 — flat by design)
[ train_imf ] step 143800  raw_mse_u 17.4317  raw_mse_v 12.0262  a0 0.34663  (adaptive loss 1.9962 — flat by design)
[ train_imf ] step 144000  raw_mse_u 11.0042  raw_mse_v 10.8420  a0 0.25130  (adaptive loss 1.9971 — flat by design)
[ train_imf ] step 144200  raw_mse_u 18.2074  raw_mse_v 9.3005  a0 0.59039  (adaptive loss 1.9961 — flat by design)
[ train_imf ] step 144400  raw_mse_u 26.1767  raw_mse_v 10.2673  a0 0.28719  (adaptive loss 1.9966 — flat by design)
[ train_imf ] step 144600  raw_mse_u 13.7121  raw_mse_v 12.9285  a0 0.24591  (adaptive loss 1.9969 — flat by design)
[ train_imf ] step 144800  raw_mse_u 11.3354  raw_mse_v 10.0744  a0 0.20110  (adaptive loss 1.9970 — flat by design)
[ train_imf ] step 145000  raw_mse_u 10.6171  raw_mse_v 9.0285  a0 0.26407  (adaptive loss 1.9964 — flat by design)
[ train_imf ] step 145200  raw_mse_u 14.3149  raw_mse_v 12.8985  a0 0.24838  (adaptive loss 1.9969 — flat by design)
[ train_imf ] step 145400  raw_mse_u 16.7277  raw_mse_v 14.8423  a0 0.55512  (adaptive loss 1.9965 — flat by design)
[ train_imf ] step 145600  raw_mse_u 16.1716  raw_mse_v 17.9844  a0 0.54212  (adaptive loss 1.9970 — flat by design)
[ train_imf ] step 145800  raw_mse_u 12.3144  raw_mse_v 11.9318  a0 0.23250  (adaptive loss 1.9976 — flat by design)
[ train_imf ] step 146000  raw_mse_u 22.9342  raw_mse_v 14.1974  a0 0.54371  (adaptive loss 1.9966 — flat by design)
[ train_imf ] step 146200  raw_mse_u 80.5698  raw_mse_v 11.4367  a0 3.84690  (adaptive loss 1.9973 — flat by design)
[ train_imf ] step 146400  raw_mse_u 16.4300  raw_mse_v 15.3434  a0 0.23169  (adaptive loss 1.9965 — flat by design)
[ train_imf ] step 146600  raw_mse_u 11.9361  raw_mse_v 10.3236  a0 0.17742  (adaptive loss 1.9969 — flat by design)
[ train_imf ] step 146800  raw_mse_u 20.1826  raw_mse_v 13.4864  a0 0.33464  (adaptive loss 1.9974 — flat by design)
[ train_imf ] step 147000  raw_mse_u 16.4664  raw_mse_v 13.6117  a0 0.23376  (adaptive loss 1.9976 — flat by design)
[ train_imf ] step 147200  raw_mse_u 13.5588  raw_mse_v 12.1385  a0 0.13750  (adaptive loss 1.9966 — flat by design)
[ train_imf ] step 147400  raw_mse_u 11.9626  raw_mse_v 10.7585  a0 0.13707  (adaptive loss 1.9960 — flat by design)
[ train_imf ] step 147600  raw_mse_u 12.5700  raw_mse_v 10.5616  a0 0.31877  (adaptive loss 1.9955 — flat by design)
[ train_imf ] step 147800  raw_mse_u 34.2649  raw_mse_v 12.4307  a0 0.38752  (adaptive loss 1.9973 — flat by design)
[ train_imf ] step 148000  raw_mse_u 21.0509  raw_mse_v 10.2922  a0 0.17513  (adaptive loss 1.9963 — flat by design)
[ train_imf ] step 148200  raw_mse_u 15.2292  raw_mse_v 12.8854  a0 0.25720  (adaptive loss 1.9970 — flat by design)
[ train_imf ] step 148400  raw_mse_u 10.1852  raw_mse_v 8.4109  a0 0.14232  (adaptive loss 1.9955 — flat by design)
[ train_imf ] step 148600  raw_mse_u 6.5246  raw_mse_v 6.3345  a0 0.09284  (adaptive loss 1.9960 — flat by design)
[ train_imf ] step 148800  raw_mse_u 12.4436  raw_mse_v 9.4226  a0 0.26484  (adaptive loss 1.9969 — flat by design)
[ train_imf ] step 149000  raw_mse_u 15.5983  raw_mse_v 14.0442  a0 0.31380  (adaptive loss 1.9974 — flat by design)
[ train_imf ] step 149200  raw_mse_u 15.9255  raw_mse_v 11.4407  a0 0.57231  (adaptive loss 1.9971 — flat by design)
[ train_imf ] step 149400  raw_mse_u 17.6351  raw_mse_v 13.2464  a0 0.23022  (adaptive loss 1.9974 — flat by design)
[ train_imf ] step 149600  raw_mse_u 16.6185  raw_mse_v 15.5924  a0 0.30588  (adaptive loss 1.9970 — flat by design)
[ train_imf ] step 149800  raw_mse_u 12.6147  raw_mse_v 9.7857  a0 0.25374  (adaptive loss 1.9967 — flat by design)
[ train_imf ] step 150000  raw_mse_u 15.7274  raw_mse_v 13.0097  a0 0.36864  (adaptive loss 1.9962 — flat by design)
[ train_imf ] step 150200  raw_mse_u 16.5353  raw_mse_v 13.3213  a0 0.22132  (adaptive loss 1.9974 — flat by design)
[ train_imf ] step 150400  raw_mse_u 9.8521  raw_mse_v 8.5661  a0 0.09393  (adaptive loss 1.9968 — flat by design)
[ train_imf ] step 150600  raw_mse_u 11.7536  raw_mse_v 9.8787  a0 0.14912  (adaptive loss 1.9965 — flat by design)
[ train_imf ] step 150800  raw_mse_u 20.5277  raw_mse_v 15.3697  a0 0.40724  (adaptive loss 1.9974 — flat by design)
[ train_imf ] step 151000  raw_mse_u 11.2711  raw_mse_v 9.6300  a0 0.22146  (adaptive loss 1.9964 — flat by design)
[ train_imf ] step 151200  raw_mse_u 12.8426  raw_mse_v 11.6258  a0 0.14708  (adaptive loss 1.9965 — flat by design)
[ train_imf ] step 151400  raw_mse_u 9.9068  raw_mse_v 9.1757  a0 0.25754  (adaptive loss 1.9956 — flat by design)
[ train_imf ] step 151600  raw_mse_u 12.9813  raw_mse_v 10.4248  a0 0.21546  (adaptive loss 1.9973 — flat by design)
[ train_imf ] step 151800  raw_mse_u 58.8616  raw_mse_v 12.6193  a0 0.30658  (adaptive loss 1.9977 — flat by design)
[ train_imf ] step 152000  raw_mse_u 16.5136  raw_mse_v 14.5060  a0 0.29237  (adaptive loss 1.9967 — flat by design)
[ train_imf ] step 152200  raw_mse_u 11.6314  raw_mse_v 9.8399  a0 0.20674  (adaptive loss 1.9972 — flat by design)
[ train_imf ] step 152400  raw_mse_u 14.1136  raw_mse_v 11.8437  a0 0.23340  (adaptive loss 1.9966 — flat by design)
[ train_imf ] step 152600  raw_mse_u 25.6205  raw_mse_v 11.5019  a0 0.74829  (adaptive loss 1.9973 — flat by design)
[ train_imf ] step 152800  raw_mse_u 63.4348  raw_mse_v 10.0900  a0 0.32402  (adaptive loss 1.9962 — flat by design)
[ train_imf ] step 153000  raw_mse_u 15.2752  raw_mse_v 12.5454  a0 0.22229  (adaptive loss 1.9972 — flat by design)
[ train_imf ] step 153200  raw_mse_u 17.5683  raw_mse_v 14.7250  a0 0.26386  (adaptive loss 1.9975 — flat by design)
[ train_imf ] step 153400  raw_mse_u 11.0376  raw_mse_v 10.8628  a0 0.24992  (adaptive loss 1.9966 — flat by design)
[ train_imf ] step 153600  raw_mse_u 20.5143  raw_mse_v 17.7097  a0 0.34486  (adaptive loss 1.9972 — flat by design)
[ train_imf ] step 153800  raw_mse_u 11.4141  raw_mse_v 9.8152  a0 0.15866  (adaptive loss 1.9967 — flat by design)
[ train_imf ] step 154000  raw_mse_u 16.9863  raw_mse_v 10.3939  a0 0.22482  (adaptive loss 1.9971 — flat by design)
[ train_imf ] step 154200  raw_mse_u 13.7190  raw_mse_v 9.3872  a0 0.31841  (adaptive loss 1.9971 — flat by design)
[ train_imf ] step 154400  raw_mse_u 14.2402  raw_mse_v 11.0403  a0 0.19283  (adaptive loss 1.9969 — flat by design)
[ train_imf ] step 154600  raw_mse_u 11.9954  raw_mse_v 10.6367  a0 0.21913  (adaptive loss 1.9958 — flat by design)
[ train_imf ] step 154800  raw_mse_u 8.1687  raw_mse_v 7.6087  a0 0.16210  (adaptive loss 1.9965 — flat by design)
[ train_imf ] step 155000  raw_mse_u 12.7929  raw_mse_v 8.4248  a0 0.22774  (adaptive loss 1.9958 — flat by design)
[ train_imf ] step 155200  raw_mse_u 15.4248  raw_mse_v 13.3397  a0 0.12744  (adaptive loss 1.9968 — flat by design)
[ train_imf ] step 155400  raw_mse_u 15.6058  raw_mse_v 15.0910  a0 0.33672  (adaptive loss 1.9975 — flat by design)
[ train_imf ] step 155600  raw_mse_u 195.3743  raw_mse_v 15.6814  a0 2.99653  (adaptive loss 1.9975 — flat by design)
[ train_imf ] step 155800  raw_mse_u 18.2737  raw_mse_v 17.0969  a0 0.18549  (adaptive loss 1.9977 — flat by design)
[ train_imf ] step 156000  raw_mse_u 11.2451  raw_mse_v 9.9724  a0 0.22872  (adaptive loss 1.9965 — flat by design)
[ train_imf ] step 156200  raw_mse_u 19.8946  raw_mse_v 13.4724  a0 0.22235  (adaptive loss 1.9975 — flat by design)
[ train_imf ] step 156400  raw_mse_u 10.7689  raw_mse_v 10.0129  a0 0.12515  (adaptive loss 1.9968 — flat by design)
[ train_imf ] step 156600  raw_mse_u 9.5634  raw_mse_v 9.2327  a0 0.15516  (adaptive loss 1.9963 — flat by design)
[ train_imf ] step 156800  raw_mse_u 13.7474  raw_mse_v 9.1009  a0 0.51440  (adaptive loss 1.9965 — flat by design)
[ train_imf ] step 157000  raw_mse_u 57.8981  raw_mse_v 10.9439  a0 1.34266  (adaptive loss 1.9970 — flat by design)
[ train_imf ] step 157200  raw_mse_u 12.9187  raw_mse_v 12.9154  a0 0.18903  (adaptive loss 1.9969 — flat by design)
[ train_imf ] step 157400  raw_mse_u 16.2305  raw_mse_v 12.5623  a0 0.29576  (adaptive loss 1.9967 — flat by design)
[ train_imf ] step 157600  raw_mse_u 12.2102  raw_mse_v 11.2613  a0 0.42287  (adaptive loss 1.9967 — flat by design)
[ train_imf ] step 157800  raw_mse_u 16.7073  raw_mse_v 9.1964  a0 0.25464  (adaptive loss 1.9969 — flat by design)
[ train_imf ] step 158000  raw_mse_u 120.9477  raw_mse_v 13.3656  a0 2.56106  (adaptive loss 1.9968 — flat by design)
[ train_imf ] step 158200  raw_mse_u 12.5474  raw_mse_v 11.2173  a0 0.12643  (adaptive loss 1.9965 — flat by design)
[ train_imf ] step 158400  raw_mse_u 21.6721  raw_mse_v 10.4025  a0 0.23953  (adaptive loss 1.9965 — flat by design)
[ train_imf ] step 158600  raw_mse_u 16.6666  raw_mse_v 11.7352  a0 0.17538  (adaptive loss 1.9972 — flat by design)
[ train_imf ] step 158800  raw_mse_u 19.9029  raw_mse_v 14.2612  a0 0.27430  (adaptive loss 1.9975 — flat by design)
[ train_imf ] step 159000  raw_mse_u 22.0800  raw_mse_v 14.0013  a0 0.44038  (adaptive loss 1.9970 — flat by design)
[ train_imf ] step 159200  raw_mse_u 12.3018  raw_mse_v 9.5563  a0 0.30087  (adaptive loss 1.9965 — flat by design)
[ train_imf ] step 159400  raw_mse_u 46.0942  raw_mse_v 17.2355  a0 1.23671  (adaptive loss 1.9973 — flat by design)
[ train_imf ] step 159600  raw_mse_u 33.3727  raw_mse_v 9.6581  a0 0.85641  (adaptive loss 1.9963 — flat by design)
[ train_imf ] step 159800  raw_mse_u 13.2326  raw_mse_v 11.6268  a0 0.09227  (adaptive loss 1.9966 — flat by design)
[ train_imf ] step 160000  raw_mse_u 13.3595  raw_mse_v 10.7240  a0 0.15523  (adaptive loss 1.9964 — flat by design)
[ train_imf ] step 160200  raw_mse_u 12.3293  raw_mse_v 10.4494  a0 0.31200  (adaptive loss 1.9974 — flat by design)
[ train_imf ] step 160400  raw_mse_u 249.2220  raw_mse_v 15.0586  a0 4.94390  (adaptive loss 1.9970 — flat by design)
[ train_imf ] step 160600  raw_mse_u 12.1541  raw_mse_v 10.8050  a0 0.37374  (adaptive loss 1.9971 — flat by design)
[ train_imf ] step 160800  raw_mse_u 20.7390  raw_mse_v 11.9509  a0 0.39675  (adaptive loss 1.9971 — flat by design)
[ train_imf ] step 161000  raw_mse_u 13.4655  raw_mse_v 10.4898  a0 0.29338  (adaptive loss 1.9970 — flat by design)
[ train_imf ] step 161200  raw_mse_u 12.4239  raw_mse_v 11.3076  a0 0.15229  (adaptive loss 1.9964 — flat by design)
[ train_imf ] step 161400  raw_mse_u 10.4648  raw_mse_v 8.1374  a0 0.18182  (adaptive loss 1.9960 — flat by design)
[ train_imf ] step 161600  raw_mse_u 13.3408  raw_mse_v 11.8868  a0 0.16473  (adaptive loss 1.9967 — flat by design)
[ train_imf ] step 161800  raw_mse_u 12.2440  raw_mse_v 9.2918  a0 0.33007  (adaptive loss 1.9966 — flat by design)
[ train_imf ] step 162000  raw_mse_u 35.4095  raw_mse_v 12.2088  a0 0.38527  (adaptive loss 1.9962 — flat by design)
[ train_imf ] step 162200  raw_mse_u 17.2675  raw_mse_v 14.6823  a0 0.42264  (adaptive loss 1.9971 — flat by design)
[ train_imf ] step 162400  raw_mse_u 23.8193  raw_mse_v 17.0496  a0 1.16019  (adaptive loss 1.9972 — flat by design)
[ train_imf ] step 162600  raw_mse_u 10.3326  raw_mse_v 11.3229  a0 0.18732  (adaptive loss 1.9970 — flat by design)
[ train_imf ] step 162800  raw_mse_u 13.3659  raw_mse_v 10.6567  a0 0.07933  (adaptive loss 1.9968 — flat by design)
[ train_imf ] step 163000  raw_mse_u 13.6273  raw_mse_v 10.9706  a0 0.18594  (adaptive loss 1.9965 — flat by design)
[ train_imf ] step 163200  raw_mse_u 13.3483  raw_mse_v 10.3272  a0 0.20874  (adaptive loss 1.9978 — flat by design)
[ train_imf ] step 163400  raw_mse_u 13.7865  raw_mse_v 12.0803  a0 0.12854  (adaptive loss 1.9962 — flat by design)
[ train_imf ] step 163600  raw_mse_u 9.9383  raw_mse_v 8.3510  a0 0.16558  (adaptive loss 1.9967 — flat by design)
[ train_imf ] step 163800  raw_mse_u 12.0237  raw_mse_v 10.9957  a0 0.29817  (adaptive loss 1.9972 — flat by design)
[ train_imf ] step 164000  raw_mse_u 205.3807  raw_mse_v 12.3709  a0 5.34677  (adaptive loss 1.9975 — flat by design)
[ train_imf ] step 164200  raw_mse_u 11.2858  raw_mse_v 11.4940  a0 0.26323  (adaptive loss 1.9970 — flat by design)
[ train_imf ] step 164400  raw_mse_u 35.5041  raw_mse_v 12.0935  a0 0.37913  (adaptive loss 1.9972 — flat by design)
[ train_imf ] step 164600  raw_mse_u 17.4465  raw_mse_v 13.6074  a0 0.38892  (adaptive loss 1.9967 — flat by design)
[ train_imf ] step 164800  raw_mse_u 12.2316  raw_mse_v 9.1311  a0 0.21604  (adaptive loss 1.9963 — flat by design)
[ train_imf ] step 165000  raw_mse_u 16.5605  raw_mse_v 12.7711  a0 0.17043  (adaptive loss 1.9969 — flat by design)
[ train_imf ] step 165200  raw_mse_u 18.9174  raw_mse_v 10.3674  a0 0.33709  (adaptive loss 1.9967 — flat by design)
[ train_imf ] step 165400  raw_mse_u 14.5153  raw_mse_v 11.7284  a0 0.22148  (adaptive loss 1.9972 — flat by design)
[ train_imf ] step 165600  raw_mse_u 16.3971  raw_mse_v 11.0086  a0 0.34591  (adaptive loss 1.9971 — flat by design)
[ train_imf ] step 165800  raw_mse_u 22.5215  raw_mse_v 10.9594  a0 0.33056  (adaptive loss 1.9969 — flat by design)
[ train_imf ] step 166000  raw_mse_u 13.3368  raw_mse_v 12.0632  a0 0.18607  (adaptive loss 1.9970 — flat by design)
[ train_imf ] step 166200  raw_mse_u 21.9281  raw_mse_v 9.5366  a0 0.45807  (adaptive loss 1.9967 — flat by design)
[ train_imf ] step 166400  raw_mse_u 12.4576  raw_mse_v 12.5107  a0 0.28622  (adaptive loss 1.9962 — flat by design)
[ train_imf ] step 166600  raw_mse_u 15.4430  raw_mse_v 9.7934  a0 0.19701  (adaptive loss 1.9972 — flat by design)
[ train_imf ] step 166800  raw_mse_u 12.3387  raw_mse_v 10.1185  a0 0.24710  (adaptive loss 1.9963 — flat by design)
[ train_imf ] step 167000  raw_mse_u 11.8944  raw_mse_v 8.6264  a0 0.28986  (adaptive loss 1.9970 — flat by design)
[ train_imf ] step 167200  raw_mse_u 15.1275  raw_mse_v 13.8373  a0 0.09956  (adaptive loss 1.9975 — flat by design)
[ train_imf ] step 167400  raw_mse_u 20.9649  raw_mse_v 11.3411  a0 0.72454  (adaptive loss 1.9967 — flat by design)
[ train_imf ] step 167600  raw_mse_u 9.4762  raw_mse_v 8.7416  a0 0.14070  (adaptive loss 1.9963 — flat by design)
[ train_imf ] step 167800  raw_mse_u 14.6089  raw_mse_v 12.1704  a0 0.31854  (adaptive loss 1.9964 — flat by design)
[ train_imf ] step 168000  raw_mse_u 15.9487  raw_mse_v 9.4118  a0 0.30370  (adaptive loss 1.9964 — flat by design)
[ train_imf ] step 168200  raw_mse_u 12.3952  raw_mse_v 9.1885  a0 0.26785  (adaptive loss 1.9971 — flat by design)
[ train_imf ] step 168400  raw_mse_u 14.3053  raw_mse_v 11.5137  a0 0.29502  (adaptive loss 1.9964 — flat by design)
[ train_imf ] step 168600  raw_mse_u 11.4736  raw_mse_v 10.2786  a0 0.14365  (adaptive loss 1.9963 — flat by design)
[ train_imf ] step 168800  raw_mse_u 14.1491  raw_mse_v 12.9298  a0 0.28659  (adaptive loss 1.9977 — flat by design)
[ train_imf ] step 169000  raw_mse_u 189.8587  raw_mse_v 12.8963  a0 13.99710  (adaptive loss 1.9964 — flat by design)
[ train_imf ] step 169200  raw_mse_u 15.2590  raw_mse_v 12.5161  a0 0.47028  (adaptive loss 1.9970 — flat by design)
[ train_imf ] step 169400  raw_mse_u 53.6627  raw_mse_v 10.2684  a0 1.33676  (adaptive loss 1.9967 — flat by design)
[ train_imf ] step 169600  raw_mse_u 29.6471  raw_mse_v 11.0418  a0 1.53760  (adaptive loss 1.9974 — flat by design)
[ train_imf ] step 169800  raw_mse_u 12.7506  raw_mse_v 12.4647  a0 0.11877  (adaptive loss 1.9971 — flat by design)
[ train_imf ] step 170000  raw_mse_u 13.6345  raw_mse_v 9.6258  a0 0.18407  (adaptive loss 1.9966 — flat by design)
[ train_imf ] step 170200  raw_mse_u 18.3445  raw_mse_v 11.8992  a0 0.19176  (adaptive loss 1.9970 — flat by design)
[ train_imf ] step 170400  raw_mse_u 12.8266  raw_mse_v 11.1346  a0 0.21419  (adaptive loss 1.9966 — flat by design)
[ train_imf ] step 170600  raw_mse_u 8.0599  raw_mse_v 6.9565  a0 0.07778  (adaptive loss 1.9963 — flat by design)
[ train_imf ] step 170800  raw_mse_u 11.3519  raw_mse_v 9.5451  a0 0.10145  (adaptive loss 1.9954 — flat by design)
[ train_imf ] step 171000  raw_mse_u 14.8939  raw_mse_v 10.8647  a0 0.21995  (adaptive loss 1.9975 — flat by design)
[ train_imf ] step 171200  raw_mse_u 14.7703  raw_mse_v 14.0809  a0 0.15120  (adaptive loss 1.9932 — flat by design)
[ train_imf ] step 171400  raw_mse_u 12.9133  raw_mse_v 8.1274  a0 0.12685  (adaptive loss 1.9965 — flat by design)
[ train_imf ] step 171600  raw_mse_u 12.8631  raw_mse_v 10.3799  a0 0.12321  (adaptive loss 1.9973 — flat by design)
[ train_imf ] step 171800  raw_mse_u 10.9191  raw_mse_v 9.7536  a0 0.29290  (adaptive loss 1.9969 — flat by design)
[ train_imf ] step 172000  raw_mse_u 14.3585  raw_mse_v 10.4475  a0 0.27392  (adaptive loss 1.9973 — flat by design)
[ train_imf ] step 172200  raw_mse_u 10.9905  raw_mse_v 9.4492  a0 0.15813  (adaptive loss 1.9971 — flat by design)
[ train_imf ] step 172400  raw_mse_u 10.6637  raw_mse_v 9.9210  a0 0.12144  (adaptive loss 1.9972 — flat by design)
[ train_imf ] step 172600  raw_mse_u 18.1501  raw_mse_v 13.4383  a0 0.29537  (adaptive loss 1.9972 — flat by design)
[ train_imf ] step 172800  raw_mse_u 20.3206  raw_mse_v 16.1854  a0 0.59370  (adaptive loss 1.9970 — flat by design)
[ train_imf ] step 173000  raw_mse_u 17.1865  raw_mse_v 13.8856  a0 0.39673  (adaptive loss 1.9971 — flat by design)
[ train_imf ] step 173200  raw_mse_u 9.8763  raw_mse_v 9.1428  a0 0.26232  (adaptive loss 1.9966 — flat by design)
[ train_imf ] step 173400  raw_mse_u 23.0334  raw_mse_v 9.4367  a0 0.55666  (adaptive loss 1.9964 — flat by design)
[ train_imf ] step 173600  raw_mse_u 14.8657  raw_mse_v 9.7321  a0 0.24715  (adaptive loss 1.9962 — flat by design)
[ train_imf ] step 173800  raw_mse_u 8.6563  raw_mse_v 7.9064  a0 0.15936  (adaptive loss 1.9960 — flat by design)
[ train_imf ] step 174000  raw_mse_u 11.7699  raw_mse_v 10.7496  a0 0.20560  (adaptive loss 1.9968 — flat by design)
[ train_imf ] step 174200  raw_mse_u 15.0932  raw_mse_v 12.0243  a0 0.22876  (adaptive loss 1.9972 — flat by design)
[ train_imf ] step 174400  raw_mse_u 16.1300  raw_mse_v 15.4039  a0 0.41857  (adaptive loss 1.9969 — flat by design)
[ train_imf ] step 174600  raw_mse_u 8.0746  raw_mse_v 7.2840  a0 0.12282  (adaptive loss 1.9957 — flat by design)
[ train_imf ] step 174800  raw_mse_u 17.0334  raw_mse_v 12.6390  a0 0.27921  (adaptive loss 1.9969 — flat by design)
[ train_imf ] step 175000  raw_mse_u 16.0941  raw_mse_v 13.1456  a0 0.55012  (adaptive loss 1.9974 — flat by design)
[ train_imf ] step 175200  raw_mse_u 30.8689  raw_mse_v 12.2344  a0 2.02496  (adaptive loss 1.9977 — flat by design)
[ train_imf ] step 175400  raw_mse_u 20.1069  raw_mse_v 14.0656  a0 0.56502  (adaptive loss 1.9967 — flat by design)
[ train_imf ] step 175600  raw_mse_u 11.6853  raw_mse_v 9.5521  a0 0.14163  (adaptive loss 1.9969 — flat by design)
[ train_imf ] step 175800  raw_mse_u 12.9995  raw_mse_v 12.6827  a0 0.12544  (adaptive loss 1.9968 — flat by design)
[ train_imf ] step 176000  raw_mse_u 14.5725  raw_mse_v 11.7674  a0 0.40763  (adaptive loss 1.9975 — flat by design)
[ train_imf ] step 176200  raw_mse_u 14.2191  raw_mse_v 10.8739  a0 0.21712  (adaptive loss 1.9972 — flat by design)
[ train_imf ] step 176400  raw_mse_u 14.0312  raw_mse_v 11.9548  a0 0.13040  (adaptive loss 1.9967 — flat by design)
[ train_imf ] step 176600  raw_mse_u 12.1056  raw_mse_v 10.5622  a0 0.26847  (adaptive loss 1.9973 — flat by design)
[ train_imf ] step 176800  raw_mse_u 101.4790  raw_mse_v 16.5511  a0 6.83360  (adaptive loss 1.9968 — flat by design)
[ train_imf ] step 177000  raw_mse_u 10.1475  raw_mse_v 9.2418  a0 0.16636  (adaptive loss 1.9963 — flat by design)
[ train_imf ] step 177200  raw_mse_u 50.4982  raw_mse_v 10.1202  a0 0.45443  (adaptive loss 1.9962 — flat by design)
[ train_imf ] step 177400  raw_mse_u 11.7233  raw_mse_v 10.8784  a0 0.15992  (adaptive loss 1.9960 — flat by design)
[ train_imf ] step 177600  raw_mse_u 14.4469  raw_mse_v 13.0178  a0 0.15868  (adaptive loss 1.9968 — flat by design)
[ train_imf ] step 177800  raw_mse_u 10.5472  raw_mse_v 11.1123  a0 0.11051  (adaptive loss 1.9971 — flat by design)
[ train_imf ] step 178000  raw_mse_u 15.0757  raw_mse_v 13.3835  a0 0.39622  (adaptive loss 1.9969 — flat by design)
[ train_imf ] step 178200  raw_mse_u 12.7788  raw_mse_v 8.6765  a0 0.43240  (adaptive loss 1.9961 — flat by design)
[ train_imf ] step 178400  raw_mse_u 11.0052  raw_mse_v 8.7951  a0 0.22813  (adaptive loss 1.9968 — flat by design)
[ train_imf ] step 178600  raw_mse_u 10.5144  raw_mse_v 8.2442  a0 0.08400  (adaptive loss 1.9961 — flat by design)
[ train_imf ] step 178800  raw_mse_u 27.4019  raw_mse_v 11.1810  a0 0.49338  (adaptive loss 1.9965 — flat by design)
[ train_imf ] step 179000  raw_mse_u 25.9945  raw_mse_v 15.2850  a0 0.28909  (adaptive loss 1.9975 — flat by design)
[ train_imf ] step 179200  raw_mse_u 17.5907  raw_mse_v 16.1943  a0 0.50693  (adaptive loss 1.9976 — flat by design)
[ train_imf ] step 179400  raw_mse_u 12.2353  raw_mse_v 11.1193  a0 0.14460  (adaptive loss 1.9969 — flat by design)
[ train_imf ] step 179600  raw_mse_u 19.3264  raw_mse_v 11.8834  a0 0.40900  (adaptive loss 1.9971 — flat by design)
[ train_imf ] step 179800  raw_mse_u 40.3603  raw_mse_v 16.3535  a0 1.59443  (adaptive loss 1.9970 — flat by design)
[ train_imf ] step 180000  raw_mse_u 24.0727  raw_mse_v 12.8075  a0 0.50437  (adaptive loss 1.9961 — flat by design)
[ train_imf ] step 180200  raw_mse_u 14.5648  raw_mse_v 14.8563  a0 0.31515  (adaptive loss 1.9973 — flat by design)
[ train_imf ] step 180400  raw_mse_u 116.2979  raw_mse_v 11.9730  a0 7.04461  (adaptive loss 1.9968 — flat by design)
[ train_imf ] step 180600  raw_mse_u 15.1393  raw_mse_v 9.8220  a0 0.15221  (adaptive loss 1.9959 — flat by design)
[ train_imf ] step 180800  raw_mse_u 12.0818  raw_mse_v 10.6474  a0 0.29245  (adaptive loss 1.9965 — flat by design)
[ train_imf ] step 181000  raw_mse_u 21.6728  raw_mse_v 10.7437  a0 0.49607  (adaptive loss 1.9967 — flat by design)
[ train_imf ] step 181200  raw_mse_u 13.1264  raw_mse_v 12.6521  a0 0.19069  (adaptive loss 1.9968 — flat by design)
[ train_imf ] step 181400  raw_mse_u 10.5653  raw_mse_v 8.9249  a0 0.17566  (adaptive loss 1.9966 — flat by design)
[ train_imf ] step 181600  raw_mse_u 10.2727  raw_mse_v 9.0091  a0 0.15377  (adaptive loss 1.9965 — flat by design)
[ train_imf ] step 181800  raw_mse_u 13.3731  raw_mse_v 11.2695  a0 0.27637  (adaptive loss 1.9970 — flat by design)
[ train_imf ] step 182000  raw_mse_u 10.4699  raw_mse_v 9.2997  a0 0.08667  (adaptive loss 1.9970 — flat by design)
[ train_imf ] step 182200  raw_mse_u 30.0927  raw_mse_v 11.8837  a0 0.39776  (adaptive loss 1.9968 — flat by design)
[ train_imf ] step 182400  raw_mse_u 12.9332  raw_mse_v 8.4799  a0 0.23202  (adaptive loss 1.9964 — flat by design)
[ train_imf ] step 182600  raw_mse_u 11.7467  raw_mse_v 9.6035  a0 0.22452  (adaptive loss 1.9965 — flat by design)
[ train_imf ] step 182800  raw_mse_u 14.5247  raw_mse_v 11.6453  a0 0.21931  (adaptive loss 1.9966 — flat by design)
[ train_imf ] step 183000  raw_mse_u 10.8456  raw_mse_v 8.2003  a0 0.15515  (adaptive loss 1.9966 — flat by design)
[ train_imf ] step 183200  raw_mse_u 20.3430  raw_mse_v 11.7672  a0 0.33555  (adaptive loss 1.9968 — flat by design)
[ train_imf ] step 183400  raw_mse_u 13.7770  raw_mse_v 9.6296  a0 0.18767  (adaptive loss 1.9962 — flat by design)
[ train_imf ] step 183600  raw_mse_u 13.2961  raw_mse_v 12.4864  a0 0.23928  (adaptive loss 1.9966 — flat by design)
[ train_imf ] step 183800  raw_mse_u 10.9216  raw_mse_v 8.7509  a0 0.09690  (adaptive loss 1.9965 — flat by design)
[ train_imf ] step 184000  raw_mse_u 16.8871  raw_mse_v 13.8746  a0 0.33216  (adaptive loss 1.9959 — flat by design)
[ train_imf ] step 184200  raw_mse_u 14.8165  raw_mse_v 10.5259  a0 0.30047  (adaptive loss 1.9959 — flat by design)
[ train_imf ] step 184400  raw_mse_u 11.0611  raw_mse_v 9.2172  a0 0.18703  (adaptive loss 1.9965 — flat by design)
[ train_imf ] step 184600  raw_mse_u 72.2781  raw_mse_v 10.3651  a0 0.29910  (adaptive loss 1.9963 — flat by design)
[ train_imf ] step 184800  raw_mse_u 10.7325  raw_mse_v 9.3868  a0 0.18909  (adaptive loss 1.9969 — flat by design)
[ train_imf ] step 185000  raw_mse_u 13.0465  raw_mse_v 10.2362  a0 0.27981  (adaptive loss 1.9972 — flat by design)
[ train_imf ] step 185200  raw_mse_u 13.0257  raw_mse_v 11.2753  a0 0.26882  (adaptive loss 1.9969 — flat by design)
[ train_imf ] step 185400  raw_mse_u 13.2587  raw_mse_v 13.4541  a0 0.36872  (adaptive loss 1.9964 — flat by design)
[ train_imf ] step 185600  raw_mse_u 12.7381  raw_mse_v 10.5561  a0 0.18423  (adaptive loss 1.9971 — flat by design)
[ train_imf ] step 185800  raw_mse_u 20.0900  raw_mse_v 15.3345  a0 0.32476  (adaptive loss 1.9975 — flat by design)
[ train_imf ] step 186000  raw_mse_u 13.8494  raw_mse_v 13.1790  a0 0.20897  (adaptive loss 1.9964 — flat by design)
[ train_imf ] step 186200  raw_mse_u 13.0963  raw_mse_v 12.0641  a0 0.21970  (adaptive loss 1.9961 — flat by design)
[ train_imf ] step 186400  raw_mse_u 10.8486  raw_mse_v 9.6082  a0 0.25122  (adaptive loss 1.9967 — flat by design)
[ train_imf ] step 186600  raw_mse_u 11.9164  raw_mse_v 9.5140  a0 0.17769  (adaptive loss 1.9943 — flat by design)
[ train_imf ] step 186800  raw_mse_u 18.5719  raw_mse_v 13.0884  a0 0.31401  (adaptive loss 1.9970 — flat by design)
[ train_imf ] step 187000  raw_mse_u 13.3724  raw_mse_v 11.8523  a0 0.48569  (adaptive loss 1.9964 — flat by design)
[ train_imf ] step 187200  raw_mse_u 10.9343  raw_mse_v 8.7183  a0 0.14546  (adaptive loss 1.9963 — flat by design)
[ train_imf ] step 187400  raw_mse_u 15.1690  raw_mse_v 11.1135  a0 0.09932  (adaptive loss 1.9967 — flat by design)
[ train_imf ] step 187600  raw_mse_u 21.2745  raw_mse_v 13.2947  a0 0.25195  (adaptive loss 1.9971 — flat by design)
[ train_imf ] step 187800  raw_mse_u 9.0596  raw_mse_v 7.4380  a0 0.14980  (adaptive loss 1.9954 — flat by design)
[ train_imf ] step 188000  raw_mse_u 11.4057  raw_mse_v 9.9504  a0 0.13830  (adaptive loss 1.9962 — flat by design)
[ train_imf ] step 188200  raw_mse_u 13.8201  raw_mse_v 11.3177  a0 0.25684  (adaptive loss 1.9962 — flat by design)
[ train_imf ] step 188400  raw_mse_u 13.0418  raw_mse_v 9.0379  a0 0.60928  (adaptive loss 1.9967 — flat by design)
[ train_imf ] step 188600  raw_mse_u 14.1100  raw_mse_v 11.9396  a0 0.21700  (adaptive loss 1.9971 — flat by design)
[ train_imf ] step 188800  raw_mse_u 17.6693  raw_mse_v 13.1734  a0 0.11274  (adaptive loss 1.9959 — flat by design)
[ train_imf ] step 189000  raw_mse_u 257.6189  raw_mse_v 11.7114  a0 1.60883  (adaptive loss 1.9959 — flat by design)
[ train_imf ] step 189200  raw_mse_u 10.8605  raw_mse_v 8.7476  a0 0.08312  (adaptive loss 1.9958 — flat by design)
[ train_imf ] step 189400  raw_mse_u 53.6711  raw_mse_v 8.0738  a0 1.64135  (adaptive loss 1.9965 — flat by design)
[ train_imf ] step 189600  raw_mse_u 8.5754  raw_mse_v 8.6089  a0 0.07256  (adaptive loss 1.9958 — flat by design)
[ train_imf ] step 189800  raw_mse_u 12.8951  raw_mse_v 10.8608  a0 0.11352  (adaptive loss 1.9967 — flat by design)
[ train_imf ] step 190000  raw_mse_u 11.9763  raw_mse_v 8.7398  a0 0.12153  (adaptive loss 1.9956 — flat by design)
[ train_imf ] step 190200  raw_mse_u 14.9699  raw_mse_v 11.9747  a0 0.22357  (adaptive loss 1.9974 — flat by design)
[ train_imf ] step 190400  raw_mse_u 11.0230  raw_mse_v 9.3677  a0 0.11396  (adaptive loss 1.9969 — flat by design)
[ train_imf ] step 190600  raw_mse_u 10.2751  raw_mse_v 8.8750  a0 0.14288  (adaptive loss 1.9964 — flat by design)
[ train_imf ] step 190800  raw_mse_u 15.6847  raw_mse_v 12.4268  a0 0.16627  (adaptive loss 1.9956 — flat by design)
[ train_imf ] step 191000  raw_mse_u 11.7506  raw_mse_v 10.5555  a0 0.26710  (adaptive loss 1.9962 — flat by design)
[ train_imf ] step 191200  raw_mse_u 13.7390  raw_mse_v 9.5668  a0 0.15016  (adaptive loss 1.9964 — flat by design)
[ train_imf ] step 191400  raw_mse_u 9.2848  raw_mse_v 8.1535  a0 0.31890  (adaptive loss 1.9959 — flat by design)
[ train_imf ] step 191600  raw_mse_u 13.7046  raw_mse_v 12.2288  a0 0.17768  (adaptive loss 1.9968 — flat by design)
[ train_imf ] step 191800  raw_mse_u 12.4218  raw_mse_v 12.2745  a0 0.27527  (adaptive loss 1.9970 — flat by design)
[ train_imf ] step 192000  raw_mse_u 10.8030  raw_mse_v 10.3780  a0 0.18111  (adaptive loss 1.9972 — flat by design)
[ train_imf ] step 192200  raw_mse_u 13.5104  raw_mse_v 12.3850  a0 0.32143  (adaptive loss 1.9953 — flat by design)
[ train_imf ] step 192400  raw_mse_u 10.9014  raw_mse_v 8.2100  a0 0.17432  (adaptive loss 1.9963 — flat by design)
[ train_imf ] step 192600  raw_mse_u 13.2082  raw_mse_v 13.6441  a0 0.33996  (adaptive loss 1.9966 — flat by design)
[ train_imf ] step 192800  raw_mse_u 13.8786  raw_mse_v 10.6903  a0 0.35995  (adaptive loss 1.9967 — flat by design)
[ train_imf ] step 193000  raw_mse_u 10.7664  raw_mse_v 9.6568  a0 0.14790  (adaptive loss 1.9965 — flat by design)
[ train_imf ] step 193200  raw_mse_u 13.5240  raw_mse_v 11.3485  a0 0.26294  (adaptive loss 1.9964 — flat by design)
[ train_imf ] step 193400  raw_mse_u 18.3814  raw_mse_v 10.2291  a0 0.33310  (adaptive loss 1.9974 — flat by design)
[ train_imf ] step 193600  raw_mse_u 15.9058  raw_mse_v 14.5775  a0 0.25303  (adaptive loss 1.9974 — flat by design)
[ train_imf ] step 193800  raw_mse_u 16.2905  raw_mse_v 13.1036  a0 0.25015  (adaptive loss 1.9975 — flat by design)
[ train_imf ] step 194000  raw_mse_u 17.5686  raw_mse_v 14.3896  a0 0.32944  (adaptive loss 1.9975 — flat by design)
[ train_imf ] step 194200  raw_mse_u 12.5914  raw_mse_v 10.8106  a0 0.30646  (adaptive loss 1.9962 — flat by design)
[ train_imf ] step 194400  raw_mse_u 12.3198  raw_mse_v 8.6205  a0 0.26078  (adaptive loss 1.9962 — flat by design)
[ train_imf ] step 194600  raw_mse_u 14.2678  raw_mse_v 12.0060  a0 0.19133  (adaptive loss 1.9976 — flat by design)
[ train_imf ] step 194800  raw_mse_u 20.7461  raw_mse_v 9.6123  a0 0.49071  (adaptive loss 1.9966 — flat by design)
[ train_imf ] step 195000  raw_mse_u 29.2489  raw_mse_v 10.5858  a0 0.54619  (adaptive loss 1.9974 — flat by design)
[ train_imf ] step 195200  raw_mse_u 10.4229  raw_mse_v 9.2781  a0 0.18304  (adaptive loss 1.9971 — flat by design)
[ train_imf ] step 195400  raw_mse_u 10.1597  raw_mse_v 8.2983  a0 0.14540  (adaptive loss 1.9958 — flat by design)
[ train_imf ] step 195600  raw_mse_u 12.9490  raw_mse_v 12.9015  a0 0.21264  (adaptive loss 1.9955 — flat by design)
[ train_imf ] step 195800  raw_mse_u 13.6201  raw_mse_v 10.2851  a0 0.29141  (adaptive loss 1.9950 — flat by design)
[ train_imf ] step 196000  raw_mse_u 16.1726  raw_mse_v 16.0141  a0 0.19500  (adaptive loss 1.9969 — flat by design)
[ train_imf ] step 196200  raw_mse_u 10.6940  raw_mse_v 9.1821  a0 0.12815  (adaptive loss 1.9964 — flat by design)
[ train_imf ] step 196400  raw_mse_u 13.8719  raw_mse_v 12.9336  a0 0.18218  (adaptive loss 1.9964 — flat by design)
[ train_imf ] step 196600  raw_mse_u 48.0586  raw_mse_v 12.5758  a0 0.96657  (adaptive loss 1.9966 — flat by design)
[ train_imf ] step 196800  raw_mse_u 17.8369  raw_mse_v 10.1955  a0 0.11313  (adaptive loss 1.9971 — flat by design)
[ train_imf ] step 197000  raw_mse_u 15.4280  raw_mse_v 14.6767  a0 0.30892  (adaptive loss 1.9968 — flat by design)
[ train_imf ] step 197200  raw_mse_u 11.6835  raw_mse_v 8.8376  a0 0.18244  (adaptive loss 1.9963 — flat by design)
[ train_imf ] step 197400  raw_mse_u 18.4218  raw_mse_v 10.3354  a0 0.25568  (adaptive loss 1.9960 — flat by design)
[ train_imf ] step 197600  raw_mse_u 13.8199  raw_mse_v 10.4535  a0 0.25949  (adaptive loss 1.9959 — flat by design)
[ train_imf ] step 197800  raw_mse_u 7.7170  raw_mse_v 6.5654  a0 0.12194  (adaptive loss 1.9956 — flat by design)
[ train_imf ] step 198000  raw_mse_u 11.8006  raw_mse_v 8.6216  a0 0.22259  (adaptive loss 1.9966 — flat by design)
[ train_imf ] step 198200  raw_mse_u 9.7709  raw_mse_v 9.7653  a0 0.17234  (adaptive loss 1.9959 — flat by design)
[ train_imf ] step 198400  raw_mse_u 13.6407  raw_mse_v 10.6347  a0 0.24769  (adaptive loss 1.9961 — flat by design)
[ train_imf ] step 198600  raw_mse_u 109.5329  raw_mse_v 10.5766  a0 0.33815  (adaptive loss 1.9968 — flat by design)
[ train_imf ] step 198800  raw_mse_u 17.4521  raw_mse_v 12.9894  a0 0.37312  (adaptive loss 1.9971 — flat by design)
[ train_imf ] step 199000  raw_mse_u 16.6123  raw_mse_v 10.4706  a0 0.21203  (adaptive loss 1.9955 — flat by design)
[ train_imf ] step 199200  raw_mse_u 12.4675  raw_mse_v 8.4558  a0 0.12623  (adaptive loss 1.9968 — flat by design)
[ train_imf ] step 199400  raw_mse_u 11.3776  raw_mse_v 9.2168  a0 0.19632  (adaptive loss 1.9966 — flat by design)
[ train_imf ] step 199600  raw_mse_u 13.7432  raw_mse_v 10.3085  a0 0.18641  (adaptive loss 1.9972 — flat by design)
[ train_imf ] step 199800  raw_mse_u 12.4396  raw_mse_v 10.7386  a0 0.05745  (adaptive loss 1.9967 — flat by design)
[ train_imf ] step 200000  raw_mse_u 65.0690  raw_mse_v 11.2786  a0 0.87425  (adaptive loss 1.9957 — flat by design)
[ train_imf ] step 200200  raw_mse_u 16.0624  raw_mse_v 12.0517  a0 0.21882  (adaptive loss 1.9963 — flat by design)
[ train_imf ] step 200400  raw_mse_u 14.8461  raw_mse_v 10.2859  a0 0.34321  (adaptive loss 1.9969 — flat by design)
[ train_imf ] step 200600  raw_mse_u 9.9121  raw_mse_v 10.3831  a0 0.10622  (adaptive loss 1.9955 — flat by design)
[ train_imf ] step 200800  raw_mse_u 10.5015  raw_mse_v 8.0382  a0 0.13488  (adaptive loss 1.9966 — flat by design)
[ train_imf ] step 201000  raw_mse_u 9.4453  raw_mse_v 7.2854  a0 0.07211  (adaptive loss 1.9965 — flat by design)
[ train_imf ] step 201200  raw_mse_u 7.4796  raw_mse_v 7.0056  a0 0.11063  (adaptive loss 1.9959 — flat by design)
[ train_imf ] step 201400  raw_mse_u 26.4044  raw_mse_v 13.9542  a0 0.89661  (adaptive loss 1.9970 — flat by design)
[ train_imf ] step 201600  raw_mse_u 9.1733  raw_mse_v 7.9656  a0 0.24198  (adaptive loss 1.9969 — flat by design)
[ train_imf ] step 201800  raw_mse_u 7.0663  raw_mse_v 6.8224  a0 0.13110  (adaptive loss 1.9961 — flat by design)
[ train_imf ] step 202000  raw_mse_u 9.8096  raw_mse_v 7.7735  a0 0.22326  (adaptive loss 1.9961 — flat by design)
[ train_imf ] step 202200  raw_mse_u 14.0100  raw_mse_v 12.1975  a0 0.28436  (adaptive loss 1.9976 — flat by design)
[ train_imf ] step 202400  raw_mse_u 44.7545  raw_mse_v 18.0400  a0 0.92597  (adaptive loss 1.9979 — flat by design)
[ train_imf ] step 202600  raw_mse_u 31.8382  raw_mse_v 12.3953  a0 0.74927  (adaptive loss 1.9969 — flat by design)
[ train_imf ] step 202800  raw_mse_u 12.4930  raw_mse_v 10.8230  a0 0.21769  (adaptive loss 1.9972 — flat by design)
[ train_imf ] step 203000  raw_mse_u 26.0353  raw_mse_v 14.1666  a0 0.73634  (adaptive loss 1.9975 — flat by design)
[ train_imf ] step 203200  raw_mse_u 16.4148  raw_mse_v 9.0141  a0 0.17340  (adaptive loss 1.9969 — flat by design)
[ train_imf ] step 203400  raw_mse_u 10.3604  raw_mse_v 8.8627  a0 0.12976  (adaptive loss 1.9957 — flat by design)
[ train_imf ] step 203600  raw_mse_u 107.8074  raw_mse_v 10.5229  a0 3.68944  (adaptive loss 1.9960 — flat by design)
[ train_imf ] step 203800  raw_mse_u 12.8244  raw_mse_v 7.2842  a0 0.11306  (adaptive loss 1.9957 — flat by design)
[ train_imf ] step 204000  raw_mse_u 11.0400  raw_mse_v 9.0214  a0 0.14709  (adaptive loss 1.9963 — flat by design)
[ train_imf ] step 204200  raw_mse_u 21.7067  raw_mse_v 12.7689  a0 0.35620  (adaptive loss 1.9949 — flat by design)
[ train_imf ] step 204400  raw_mse_u 14.7774  raw_mse_v 12.1728  a0 0.44698  (adaptive loss 1.9962 — flat by design)
[ train_imf ] step 204600  raw_mse_u 12.1568  raw_mse_v 9.4894  a0 0.15140  (adaptive loss 1.9948 — flat by design)
[ train_imf ] step 204800  raw_mse_u 13.9108  raw_mse_v 11.8875  a0 0.25393  (adaptive loss 1.9970 — flat by design)
[ train_imf ] step 205000  raw_mse_u 8.3860  raw_mse_v 7.2532  a0 0.22417  (adaptive loss 1.9963 — flat by design)
[ train_imf ] step 205200  raw_mse_u 12.2698  raw_mse_v 7.2358  a0 0.20440  (adaptive loss 1.9963 — flat by design)
[ train_imf ] step 205400  raw_mse_u 11.3996  raw_mse_v 10.9383  a0 0.18648  (adaptive loss 1.9966 — flat by design)
[ train_imf ] step 205600  raw_mse_u 42.3473  raw_mse_v 10.0369  a0 1.32347  (adaptive loss 1.9963 — flat by design)
[ train_imf ] step 205800  raw_mse_u 10.0693  raw_mse_v 9.7703  a0 0.32829  (adaptive loss 1.9960 — flat by design)
[ train_imf ] step 206000  raw_mse_u 15.8785  raw_mse_v 11.9396  a0 0.15924  (adaptive loss 1.9963 — flat by design)
[ train_imf ] step 206200  raw_mse_u 10.7469  raw_mse_v 9.7244  a0 0.16218  (adaptive loss 1.9963 — flat by design)
[ train_imf ] step 206400  raw_mse_u 12.8759  raw_mse_v 10.6077  a0 0.28603  (adaptive loss 1.9970 — flat by design)
[ train_imf ] step 206600  raw_mse_u 365.9244  raw_mse_v 14.6576  a0 5.78473  (adaptive loss 1.9967 — flat by design)
[ train_imf ] step 206800  raw_mse_u 13.3629  raw_mse_v 11.5634  a0 0.30226  (adaptive loss 1.9966 — flat by design)
[ train_imf ] step 207000  raw_mse_u 11.6449  raw_mse_v 9.2937  a0 0.12445  (adaptive loss 1.9961 — flat by design)
[ train_imf ] step 207200  raw_mse_u 35.2156  raw_mse_v 13.4164  a0 0.62882  (adaptive loss 1.9968 — flat by design)
[ train_imf ] step 207400  raw_mse_u 7.8986  raw_mse_v 8.8686  a0 0.10421  (adaptive loss 1.9952 — flat by design)
[ train_imf ] step 207600  raw_mse_u 12.1854  raw_mse_v 9.5226  a0 0.28120  (adaptive loss 1.9956 — flat by design)
[ train_imf ] step 207800  raw_mse_u 9.8261  raw_mse_v 9.1919  a0 0.06852  (adaptive loss 1.9965 — flat by design)
[ train_imf ] step 208000  raw_mse_u 15.5662  raw_mse_v 14.3275  a0 0.13764  (adaptive loss 1.9978 — flat by design)
[ train_imf ] step 208200  raw_mse_u 76.0123  raw_mse_v 7.9268  a0 1.42184  (adaptive loss 1.9970 — flat by design)
[ train_imf ] step 208400  raw_mse_u 11.3051  raw_mse_v 9.5746  a0 0.20322  (adaptive loss 1.9971 — flat by design)
[ train_imf ] step 208600  raw_mse_u 11.9602  raw_mse_v 10.1347  a0 0.04944  (adaptive loss 1.9966 — flat by design)
[ train_imf ] step 208800  raw_mse_u 8.8322  raw_mse_v 9.0837  a0 0.10880  (adaptive loss 1.9959 — flat by design)
[ train_imf ] step 209000  raw_mse_u 10.6131  raw_mse_v 10.0616  a0 0.31548  (adaptive loss 1.9966 — flat by design)
[ train_imf ] step 209200  raw_mse_u 15.2742  raw_mse_v 14.3194  a0 0.25717  (adaptive loss 1.9965 — flat by design)
[ train_imf ] step 209400  raw_mse_u 33.4303  raw_mse_v 11.5159  a0 2.22204  (adaptive loss 1.9950 — flat by design)
[ train_imf ] step 209600  raw_mse_u 22.4860  raw_mse_v 11.7421  a0 0.31246  (adaptive loss 1.9972 — flat by design)
[ train_imf ] step 209800  raw_mse_u 12.8029  raw_mse_v 10.9015  a0 0.18689  (adaptive loss 1.9967 — flat by design)
[ train_imf ] step 210000  raw_mse_u 8.3640  raw_mse_v 6.8196  a0 0.11502  (adaptive loss 1.9953 — flat by design)
[ train_imf ] step 210200  raw_mse_u 12.1903  raw_mse_v 12.5447  a0 0.12998  (adaptive loss 1.9966 — flat by design)
[ train_imf ] step 210400  raw_mse_u 11.0094  raw_mse_v 10.1666  a0 0.17353  (adaptive loss 1.9962 — flat by design)
[ train_imf ] step 210600  raw_mse_u 11.4654  raw_mse_v 9.4346  a0 0.23246  (adaptive loss 1.9958 — flat by design)
[ train_imf ] step 210800  raw_mse_u 10.1971  raw_mse_v 8.2788  a0 0.10306  (adaptive loss 1.9964 — flat by design)
[ train_imf ] step 211000  raw_mse_u 13.7965  raw_mse_v 11.6373  a0 0.20816  (adaptive loss 1.9964 — flat by design)
[ train_imf ] step 211200  raw_mse_u 15.3088  raw_mse_v 15.3540  a0 0.38738  (adaptive loss 1.9967 — flat by design)
[ train_imf ] step 211400  raw_mse_u 11.8603  raw_mse_v 7.3296  a0 0.14777  (adaptive loss 1.9959 — flat by design)
[ train_imf ] step 211600  raw_mse_u 39.7969  raw_mse_v 16.2729  a0 0.59135  (adaptive loss 1.9977 — flat by design)
[ train_imf ] step 211800  raw_mse_u 12.8316  raw_mse_v 11.5634  a0 0.12948  (adaptive loss 1.9962 — flat by design)
[ train_imf ] step 212000  raw_mse_u 15.7009  raw_mse_v 10.6360  a0 0.14636  (adaptive loss 1.9970 — flat by design)
[ train_imf ] step 212200  raw_mse_u 12.0772  raw_mse_v 9.3839  a0 0.21591  (adaptive loss 1.9966 — flat by design)
[ train_imf ] step 212400  raw_mse_u 13.5496  raw_mse_v 10.4454  a0 0.23583  (adaptive loss 1.9967 — flat by design)
[ train_imf ] step 212600  raw_mse_u 75.1844  raw_mse_v 9.9810  a0 0.82620  (adaptive loss 1.9965 — flat by design)
[ train_imf ] step 212800  raw_mse_u 14.8381  raw_mse_v 9.4214  a0 0.36833  (adaptive loss 1.9964 — flat by design)
[ train_imf ] step 213000  raw_mse_u 15.6339  raw_mse_v 15.5170  a0 0.32679  (adaptive loss 1.9971 — flat by design)
[ train_imf ] step 213200  raw_mse_u 119.4821  raw_mse_v 8.7616  a0 3.14403  (adaptive loss 1.9958 — flat by design)
[ train_imf ] step 213400  raw_mse_u 18.2013  raw_mse_v 14.4110  a0 0.31756  (adaptive loss 1.9975 — flat by design)
[ train_imf ] step 213600  raw_mse_u 10.2475  raw_mse_v 9.7793  a0 0.11078  (adaptive loss 1.9966 — flat by design)
[ train_imf ] step 213800  raw_mse_u 13.2365  raw_mse_v 9.0872  a0 0.24093  (adaptive loss 1.9969 — flat by design)
[ train_imf ] step 214000  raw_mse_u 9.1947  raw_mse_v 7.8604  a0 0.09003  (adaptive loss 1.9963 — flat by design)
[ train_imf ] step 214200  raw_mse_u 15.6422  raw_mse_v 7.7869  a0 0.28342  (adaptive loss 1.9955 — flat by design)
[ train_imf ] step 214400  raw_mse_u 17.1170  raw_mse_v 10.2271  a0 0.37235  (adaptive loss 1.9960 — flat by design)
[ train_imf ] step 214600  raw_mse_u 16.1076  raw_mse_v 14.6658  a0 0.46103  (adaptive loss 1.9969 — flat by design)
[ train_imf ] step 214800  raw_mse_u 12.8494  raw_mse_v 10.3505  a0 0.14384  (adaptive loss 1.9963 — flat by design)
[ train_imf ] step 215000  raw_mse_u 20.6648  raw_mse_v 14.9789  a0 0.68040  (adaptive loss 1.9962 — flat by design)
[ train_imf ] step 215200  raw_mse_u 47.0651  raw_mse_v 8.6629  a0 0.74948  (adaptive loss 1.9970 — flat by design)
[ train_imf ] step 215400  raw_mse_u 16.7419  raw_mse_v 11.0884  a0 0.22961  (adaptive loss 1.9965 — flat by design)
[ train_imf ] step 215600  raw_mse_u 15.5192  raw_mse_v 10.3798  a0 0.16147  (adaptive loss 1.9966 — flat by design)
[ train_imf ] step 215800  raw_mse_u 10.4502  raw_mse_v 8.3176  a0 0.25666  (adaptive loss 1.9958 — flat by design)
[ train_imf ] step 216000  raw_mse_u 26.8076  raw_mse_v 16.7433  a0 0.24673  (adaptive loss 1.9972 — flat by design)
[ train_imf ] step 216200  raw_mse_u 10.9501  raw_mse_v 10.9822  a0 0.27675  (adaptive loss 1.9969 — flat by design)
[ train_imf ] step 216400  raw_mse_u 12.3277  raw_mse_v 8.5877  a0 0.38690  (adaptive loss 1.9963 — flat by design)
[ train_imf ] step 216600  raw_mse_u 10.0754  raw_mse_v 7.1217  a0 0.10216  (adaptive loss 1.9956 — flat by design)
[ train_imf ] step 216800  raw_mse_u 139.0173  raw_mse_v 14.1728  a0 0.71767  (adaptive loss 1.9976 — flat by design)
[ train_imf ] step 217000  raw_mse_u 12.8957  raw_mse_v 8.8564  a0 0.15594  (adaptive loss 1.9965 — flat by design)
[ train_imf ] step 217200  raw_mse_u 9.9768  raw_mse_v 9.4478  a0 0.27125  (adaptive loss 1.9960 — flat by design)
[ train_imf ] step 217400  raw_mse_u 12.3669  raw_mse_v 10.2106  a0 0.23726  (adaptive loss 1.9957 — flat by design)
[ train_imf ] step 217600  raw_mse_u 10.7369  raw_mse_v 8.4761  a0 0.20799  (adaptive loss 1.9972 — flat by design)
[ train_imf ] step 217800  raw_mse_u 13.7846  raw_mse_v 9.3122  a0 0.19974  (adaptive loss 1.9967 — flat by design)
[ train_imf ] step 218000  raw_mse_u 11.9335  raw_mse_v 8.4284  a0 0.17135  (adaptive loss 1.9965 — flat by design)
[ train_imf ] step 218200  raw_mse_u 14.3080  raw_mse_v 10.0637  a0 0.22489  (adaptive loss 1.9966 — flat by design)
[ train_imf ] step 218400  raw_mse_u 54.9740  raw_mse_v 11.4764  a0 0.70685  (adaptive loss 1.9964 — flat by design)
[ train_imf ] step 218600  raw_mse_u 18.2610  raw_mse_v 15.5259  a0 0.49043  (adaptive loss 1.9965 — flat by design)
[ train_imf ] step 218800  raw_mse_u 12.5030  raw_mse_v 9.5985  a0 0.39332  (adaptive loss 1.9962 — flat by design)
[ train_imf ] step 219000  raw_mse_u 25.3373  raw_mse_v 9.5260  a0 0.83510  (adaptive loss 1.9967 — flat by design)
[ train_imf ] step 219200  raw_mse_u 22.2160  raw_mse_v 13.1556  a0 0.22632  (adaptive loss 1.9975 — flat by design)
[ train_imf ] step 219400  raw_mse_u 15.0021  raw_mse_v 12.4781  a0 0.25058  (adaptive loss 1.9967 — flat by design)
[ train_imf ] step 219600  raw_mse_u 12.5535  raw_mse_v 11.7744  a0 0.28715  (adaptive loss 1.9970 — flat by design)
[ train_imf ] step 219800  raw_mse_u 13.0553  raw_mse_v 8.9881  a0 0.23616  (adaptive loss 1.9970 — flat by design)
[ train_imf ] step 220000  raw_mse_u 12.2199  raw_mse_v 8.4237  a0 0.19844  (adaptive loss 1.9965 — flat by design)
[ train_imf ] step 220200  raw_mse_u 15.4900  raw_mse_v 8.6621  a0 0.41751  (adaptive loss 1.9968 — flat by design)
[ train_imf ] step 220400  raw_mse_u 19.9195  raw_mse_v 12.5181  a0 0.39236  (adaptive loss 1.9961 — flat by design)
[ train_imf ] step 220600  raw_mse_u 11.9626  raw_mse_v 8.8206  a0 0.18016  (adaptive loss 1.9967 — flat by design)
[ train_imf ] step 220800  raw_mse_u 15.0697  raw_mse_v 13.6023  a0 0.34980  (adaptive loss 1.9952 — flat by design)
[ train_imf ] step 221000  raw_mse_u 10.7383  raw_mse_v 8.5593  a0 0.07125  (adaptive loss 1.9950 — flat by design)
[ train_imf ] step 221200  raw_mse_u 12.0118  raw_mse_v 9.0308  a0 0.16510  (adaptive loss 1.9973 — flat by design)
[ train_imf ] step 221400  raw_mse_u 13.3863  raw_mse_v 11.2679  a0 0.18503  (adaptive loss 1.9966 — flat by design)
[ train_imf ] step 221600  raw_mse_u 19.9987  raw_mse_v 15.8146  a0 0.41337  (adaptive loss 1.9972 — flat by design)
[ train_imf ] step 221800  raw_mse_u 15.8661  raw_mse_v 14.4256  a0 0.22048  (adaptive loss 1.9969 — flat by design)
[ train_imf ] step 222000  raw_mse_u 10.9756  raw_mse_v 7.5246  a0 0.09871  (adaptive loss 1.9968 — flat by design)
[ train_imf ] step 222200  raw_mse_u 11.1508  raw_mse_v 8.9715  a0 0.19056  (adaptive loss 1.9940 — flat by design)
[ train_imf ] step 222400  raw_mse_u 14.0940  raw_mse_v 10.8625  a0 0.44436  (adaptive loss 1.9970 — flat by design)
[ train_imf ] step 222600  raw_mse_u 15.3790  raw_mse_v 8.8697  a0 0.36153  (adaptive loss 1.9969 — flat by design)
[ train_imf ] step 222800  raw_mse_u 34.5107  raw_mse_v 16.7495  a0 0.85758  (adaptive loss 1.9967 — flat by design)
[ train_imf ] step 223000  raw_mse_u 11.5708  raw_mse_v 7.1103  a0 0.14831  (adaptive loss 1.9956 — flat by design)
[ train_imf ] step 223200  raw_mse_u 17.3950  raw_mse_v 15.3040  a0 0.73197  (adaptive loss 1.9974 — flat by design)
[ train_imf ] step 223400  raw_mse_u 43.0614  raw_mse_v 11.1994  a0 0.65089  (adaptive loss 1.9973 — flat by design)
[ train_imf ] step 223600  raw_mse_u 22.8529  raw_mse_v 11.5028  a0 0.37369  (adaptive loss 1.9967 — flat by design)
[ train_imf ] step 223800  raw_mse_u 12.2601  raw_mse_v 10.7538  a0 0.10779  (adaptive loss 1.9967 — flat by design)
[ train_imf ] step 224000  raw_mse_u 15.2425  raw_mse_v 9.7539  a0 0.50424  (adaptive loss 1.9969 — flat by design)
[ train_imf ] step 224200  raw_mse_u 13.4742  raw_mse_v 9.4667  a0 0.21762  (adaptive loss 1.9966 — flat by design)
[ train_imf ] step 224400  raw_mse_u 10.0916  raw_mse_v 8.9497  a0 0.22463  (adaptive loss 1.9962 — flat by design)
[ train_imf ] step 224600  raw_mse_u 13.2713  raw_mse_v 12.4648  a0 0.26310  (adaptive loss 1.9968 — flat by design)
[ train_imf ] step 224800  raw_mse_u 7547.9487  raw_mse_v 14.3559  a0 206.37094  (adaptive loss 1.9964 — flat by design)
[ train_imf ] step 225000  raw_mse_u 8.3062  raw_mse_v 7.2578  a0 0.11946  (adaptive loss 1.9963 — flat by design)
[ train_imf ] step 225200  raw_mse_u 15.5325  raw_mse_v 12.1213  a0 0.34819  (adaptive loss 1.9972 — flat by design)
[ train_imf ] step 225400  raw_mse_u 9.8144  raw_mse_v 8.1887  a0 0.08355  (adaptive loss 1.9963 — flat by design)
[ train_imf ] step 225600  raw_mse_u 8.9100  raw_mse_v 7.9962  a0 0.09219  (adaptive loss 1.9958 — flat by design)
[ train_imf ] step 225800  raw_mse_u 15.4953  raw_mse_v 12.4825  a0 0.19397  (adaptive loss 1.9974 — flat by design)
[ train_imf ] step 226000  raw_mse_u 12.7042  raw_mse_v 11.2993  a0 0.18448  (adaptive loss 1.9968 — flat by design)
[ train_imf ] step 226200  raw_mse_u 19.2803  raw_mse_v 12.7436  a0 0.46022  (adaptive loss 1.9969 — flat by design)
[ train_imf ] step 226400  raw_mse_u 22.7689  raw_mse_v 11.8333  a0 0.38558  (adaptive loss 1.9968 — flat by design)
[ train_imf ] step 226600  raw_mse_u 10.7607  raw_mse_v 8.4657  a0 0.13573  (adaptive loss 1.9965 — flat by design)
[ train_imf ] step 226800  raw_mse_u 16.4124  raw_mse_v 11.1352  a0 0.14607  (adaptive loss 1.9966 — flat by design)
[ train_imf ] step 227000  raw_mse_u 13.9234  raw_mse_v 10.3256  a0 0.29507  (adaptive loss 1.9961 — flat by design)
[ train_imf ] step 227200  raw_mse_u 16.4021  raw_mse_v 8.3146  a0 0.29238  (adaptive loss 1.9964 — flat by design)
[ train_imf ] step 227400  raw_mse_u 10.0052  raw_mse_v 8.1861  a0 0.16964  (adaptive loss 1.9964 — flat by design)
[ train_imf ] step 227600  raw_mse_u 11.3722  raw_mse_v 8.3402  a0 0.23923  (adaptive loss 1.9961 — flat by design)
[ train_imf ] step 227800  raw_mse_u 29.0988  raw_mse_v 12.6101  a0 0.46555  (adaptive loss 1.9959 — flat by design)
[ train_imf ] step 228000  raw_mse_u 11.0332  raw_mse_v 7.8694  a0 0.09550  (adaptive loss 1.9960 — flat by design)
[ train_imf ] step 228200  raw_mse_u 17.0896  raw_mse_v 16.8518  a0 0.36732  (adaptive loss 1.9964 — flat by design)
[ train_imf ] step 228400  raw_mse_u 39.7327  raw_mse_v 11.1244  a0 1.03508  (adaptive loss 1.9975 — flat by design)
[ train_imf ] step 228600  raw_mse_u 14.3931  raw_mse_v 10.6065  a0 0.30266  (adaptive loss 1.9964 — flat by design)
[ train_imf ] step 228800  raw_mse_u 15.4154  raw_mse_v 10.7527  a0 0.38464  (adaptive loss 1.9962 — flat by design)
[ train_imf ] step 229000  raw_mse_u 16.6657  raw_mse_v 10.4423  a0 0.45435  (adaptive loss 1.9955 — flat by design)
[ train_imf ] step 229200  raw_mse_u 21.0317  raw_mse_v 11.8661  a0 0.26728  (adaptive loss 1.9972 — flat by design)
[ train_imf ] step 229400  raw_mse_u 8.7052  raw_mse_v 9.0291  a0 0.16272  (adaptive loss 1.9960 — flat by design)
[ train_imf ] step 229600  raw_mse_u 10.2820  raw_mse_v 8.1321  a0 0.14574  (adaptive loss 1.9961 — flat by design)
[ train_imf ] step 229800  raw_mse_u 34.5425  raw_mse_v 15.1666  a0 1.04962  (adaptive loss 1.9973 — flat by design)
[ train_imf ] step 230000  raw_mse_u 11.4857  raw_mse_v 7.9988  a0 0.17336  (adaptive loss 1.9966 — flat by design)
[ train_imf ] step 230200  raw_mse_u 219.3908  raw_mse_v 14.5650  a0 1.77495  (adaptive loss 1.9972 — flat by design)
[ train_imf ] step 230400  raw_mse_u 10.2398  raw_mse_v 8.5724  a0 0.17849  (adaptive loss 1.9962 — flat by design)
[ train_imf ] step 230600  raw_mse_u 9.1055  raw_mse_v 7.4955  a0 0.10972  (adaptive loss 1.9959 — flat by design)
[ train_imf ] step 230800  raw_mse_u 16.5574  raw_mse_v 11.9618  a0 0.13368  (adaptive loss 1.9963 — flat by design)
[ train_imf ] step 231000  raw_mse_u 14.8102  raw_mse_v 11.2019  a0 0.33941  (adaptive loss 1.9966 — flat by design)
[ train_imf ] step 231200  raw_mse_u 28.9482  raw_mse_v 16.7553  a0 0.82314  (adaptive loss 1.9974 — flat by design)
[ train_imf ] step 231400  raw_mse_u 23.3197  raw_mse_v 21.8947  a0 0.62573  (adaptive loss 1.9972 — flat by design)
[ train_imf ] step 231600  raw_mse_u 14.3272  raw_mse_v 8.8232  a0 0.14414  (adaptive loss 1.9955 — flat by design)
[ train_imf ] step 231800  raw_mse_u 14.2723  raw_mse_v 10.5165  a0 0.17116  (adaptive loss 1.9972 — flat by design)
[ train_imf ] step 232000  raw_mse_u 9.1721  raw_mse_v 8.0699  a0 0.08027  (adaptive loss 1.9960 — flat by design)
[ train_imf ] step 232200  raw_mse_u 17.2407  raw_mse_v 16.6336  a0 0.19203  (adaptive loss 1.9968 — flat by design)
[ train_imf ] step 232400  raw_mse_u 23.5490  raw_mse_v 12.0896  a0 0.75983  (adaptive loss 1.9960 — flat by design)
[ train_imf ] step 232600  raw_mse_u 15.4082  raw_mse_v 12.2570  a0 0.27806  (adaptive loss 1.9969 — flat by design)
[ train_imf ] step 232800  raw_mse_u 18.5751  raw_mse_v 11.3491  a0 0.48241  (adaptive loss 1.9967 — flat by design)
[ train_imf ] step 233000  raw_mse_u 9.7749  raw_mse_v 8.6264  a0 0.08657  (adaptive loss 1.9956 — flat by design)
[ train_imf ] step 233200  raw_mse_u 34.7702  raw_mse_v 15.6093  a0 0.78707  (adaptive loss 1.9968 — flat by design)
[ train_imf ] step 233400  raw_mse_u 13.2915  raw_mse_v 8.3599  a0 0.11513  (adaptive loss 1.9964 — flat by design)
[ train_imf ] step 233600  raw_mse_u 11.2552  raw_mse_v 10.3108  a0 0.09211  (adaptive loss 1.9960 — flat by design)
[ train_imf ] step 233800  raw_mse_u 9.5215  raw_mse_v 7.1732  a0 0.12957  (adaptive loss 1.9951 — flat by design)
[ train_imf ] step 234000  raw_mse_u 12.1368  raw_mse_v 10.6169  a0 0.17897  (adaptive loss 1.9967 — flat by design)
[ train_imf ] step 234200  raw_mse_u 11.4578  raw_mse_v 8.2038  a0 0.23378  (adaptive loss 1.9968 — flat by design)
[ train_imf ] step 234400  raw_mse_u 12.2989  raw_mse_v 8.6670  a0 0.23024  (adaptive loss 1.9958 — flat by design)
[ train_imf ] step 234600  raw_mse_u 14.2877  raw_mse_v 9.5626  a0 0.49828  (adaptive loss 1.9967 — flat by design)
[ train_imf ] step 234800  raw_mse_u 17.3547  raw_mse_v 14.8289  a0 0.25249  (adaptive loss 1.9971 — flat by design)
[ train_imf ] step 235000  raw_mse_u 20.7716  raw_mse_v 9.5624  a0 0.35004  (adaptive loss 1.9971 — flat by design)
[ train_imf ] step 235200  raw_mse_u 11.5529  raw_mse_v 10.6306  a0 0.11870  (adaptive loss 1.9955 — flat by design)
[ train_imf ] step 235400  raw_mse_u 22.3181  raw_mse_v 10.3739  a0 0.45283  (adaptive loss 1.9964 — flat by design)
[ train_imf ] step 235600  raw_mse_u 12.4827  raw_mse_v 8.8013  a0 0.12509  (adaptive loss 1.9946 — flat by design)
[ train_imf ] step 235800  raw_mse_u 14.7816  raw_mse_v 10.7014  a0 0.16809  (adaptive loss 1.9956 — flat by design)
[ train_imf ] step 236000  raw_mse_u 12.9590  raw_mse_v 11.1689  a0 0.20048  (adaptive loss 1.9962 — flat by design)
[ train_imf ] step 236200  raw_mse_u 9.3986  raw_mse_v 7.9022  a0 0.16818  (adaptive loss 1.9965 — flat by design)
[ train_imf ] step 236400  raw_mse_u 10.3927  raw_mse_v 9.5757  a0 0.10516  (adaptive loss 1.9964 — flat by design)
[ train_imf ] step 236600  raw_mse_u 15.6624  raw_mse_v 8.6772  a0 0.32055  (adaptive loss 1.9958 — flat by design)
[ train_imf ] step 236800  raw_mse_u 16.7111  raw_mse_v 9.4003  a0 0.19262  (adaptive loss 1.9964 — flat by design)
[ train_imf ] step 237000  raw_mse_u 9.9057  raw_mse_v 8.7544  a0 0.12420  (adaptive loss 1.9964 — flat by design)
[ train_imf ] step 237200  raw_mse_u 15.2426  raw_mse_v 12.8994  a0 0.29222  (adaptive loss 1.9966 — flat by design)
[ train_imf ] step 237400  raw_mse_u 29.4059  raw_mse_v 8.1737  a0 0.31945  (adaptive loss 1.9965 — flat by design)
[ train_imf ] step 237600  raw_mse_u 13.1741  raw_mse_v 11.8274  a0 0.28228  (adaptive loss 1.9966 — flat by design)
[ train_imf ] step 237800  raw_mse_u 15.2826  raw_mse_v 11.5528  a0 0.60015  (adaptive loss 1.9965 — flat by design)
[ train_imf ] step 238000  raw_mse_u 6.3665  raw_mse_v 6.2147  a0 0.09242  (adaptive loss 1.9954 — flat by design)
[ train_imf ] step 238200  raw_mse_u 15.1689  raw_mse_v 11.1801  a0 0.13544  (adaptive loss 1.9970 — flat by design)
[ train_imf ] step 238400  raw_mse_u 12.1658  raw_mse_v 8.5443  a0 0.16592  (adaptive loss 1.9970 — flat by design)
[ train_imf ] step 238600  raw_mse_u 23.8351  raw_mse_v 13.3111  a0 0.92992  (adaptive loss 1.9971 — flat by design)
[ train_imf ] step 238800  raw_mse_u 8.5469  raw_mse_v 7.8257  a0 0.17155  (adaptive loss 1.9962 — flat by design)
[ train_imf ] step 239000  raw_mse_u 13.2590  raw_mse_v 11.4477  a0 0.37233  (adaptive loss 1.9973 — flat by design)
[ train_imf ] step 239200  raw_mse_u 10.9831  raw_mse_v 9.6058  a0 0.17702  (adaptive loss 1.9967 — flat by design)
[ train_imf ] step 239400  raw_mse_u 28.5439  raw_mse_v 10.0313  a0 1.30771  (adaptive loss 1.9959 — flat by design)
[ train_imf ] step 239600  raw_mse_u 9.8882  raw_mse_v 8.7326  a0 0.08915  (adaptive loss 1.9954 — flat by design)
[ train_imf ] step 239800  raw_mse_u 56.8196  raw_mse_v 12.1138  a0 4.34227  (adaptive loss 1.9974 — flat by design)
[ train_imf ] step 240000  raw_mse_u 14.3942  raw_mse_v 9.4971  a0 0.21006  (adaptive loss 1.9957 — flat by design)
[ train_imf ] step 240200  raw_mse_u 10.8728  raw_mse_v 8.8925  a0 0.15489  (adaptive loss 1.9960 — flat by design)
[ train_imf ] step 240400  raw_mse_u 16.4152  raw_mse_v 14.3716  a0 0.36835  (adaptive loss 1.9975 — flat by design)
[ train_imf ] step 240600  raw_mse_u 12.6021  raw_mse_v 10.0208  a0 0.40867  (adaptive loss 1.9967 — flat by design)
[ train_imf ] step 240800  raw_mse_u 10.1979  raw_mse_v 9.9381  a0 0.10334  (adaptive loss 1.9965 — flat by design)
[ train_imf ] step 241000  raw_mse_u 15.8163  raw_mse_v 12.2740  a0 0.43662  (adaptive loss 1.9962 — flat by design)
[ train_imf ] step 241200  raw_mse_u 9.9921  raw_mse_v 7.8230  a0 0.24077  (adaptive loss 1.9968 — flat by design)
[ train_imf ] step 241400  raw_mse_u 13.1258  raw_mse_v 12.1036  a0 0.21102  (adaptive loss 1.9971 — flat by design)
[ train_imf ] step 241600  raw_mse_u 42.4337  raw_mse_v 14.0193  a0 0.67845  (adaptive loss 1.9968 — flat by design)
[ train_imf ] step 241800  raw_mse_u 17.6697  raw_mse_v 10.4341  a0 0.29366  (adaptive loss 1.9976 — flat by design)
[ train_imf ] step 242000  raw_mse_u 19.0406  raw_mse_v 9.5755  a0 0.52968  (adaptive loss 1.9959 — flat by design)
[ train_imf ] step 242200  raw_mse_u 14.3168  raw_mse_v 11.7318  a0 0.22290  (adaptive loss 1.9968 — flat by design)
[ train_imf ] step 242400  raw_mse_u 18.1315  raw_mse_v 13.6488  a0 0.71792  (adaptive loss 1.9975 — flat by design)
[ train_imf ] step 242600  raw_mse_u 30.3350  raw_mse_v 10.1809  a0 0.74312  (adaptive loss 1.9964 — flat by design)
[ train_imf ] step 242800  raw_mse_u 21.8435  raw_mse_v 11.1022  a0 0.24890  (adaptive loss 1.9963 — flat by design)
[ train_imf ] step 243000  raw_mse_u 18.1497  raw_mse_v 10.6851  a0 0.08248  (adaptive loss 1.9967 — flat by design)
[ train_imf ] step 243200  raw_mse_u 13.4448  raw_mse_v 10.8358  a0 0.31344  (adaptive loss 1.9968 — flat by design)
[ train_imf ] step 243400  raw_mse_u 24.7318  raw_mse_v 7.0798  a0 0.18475  (adaptive loss 1.9954 — flat by design)
[ train_imf ] step 243600  raw_mse_u 21.4067  raw_mse_v 12.4933  a0 0.24627  (adaptive loss 1.9972 — flat by design)
[ train_imf ] step 243800  raw_mse_u 10.2493  raw_mse_v 8.2525  a0 0.21695  (adaptive loss 1.9955 — flat by design)
[ train_imf ] step 244000  raw_mse_u 9.7173  raw_mse_v 9.1774  a0 0.14358  (adaptive loss 1.9966 — flat by design)
[ train_imf ] step 244200  raw_mse_u 36.9657  raw_mse_v 12.1668  a0 0.98995  (adaptive loss 1.9968 — flat by design)
[ train_imf ] step 244400  raw_mse_u 12.3792  raw_mse_v 9.6020  a0 0.11175  (adaptive loss 1.9965 — flat by design)
[ train_imf ] step 244600  raw_mse_u 31.0958  raw_mse_v 10.5470  a0 0.42224  (adaptive loss 1.9952 — flat by design)
[ train_imf ] step 244800  raw_mse_u 15.2418  raw_mse_v 10.9628  a0 0.12577  (adaptive loss 1.9975 — flat by design)
[ train_imf ] step 245000  raw_mse_u 11.4180  raw_mse_v 8.6315  a0 0.10643  (adaptive loss 1.9957 — flat by design)
[ train_imf ] step 245200  raw_mse_u 14.9160  raw_mse_v 12.5749  a0 0.43328  (adaptive loss 1.9965 — flat by design)
[ train_imf ] step 245400  raw_mse_u 76.2915  raw_mse_v 11.9133  a0 2.54194  (adaptive loss 1.9967 — flat by design)
[ train_imf ] step 245600  raw_mse_u 11.9507  raw_mse_v 7.3952  a0 0.50747  (adaptive loss 1.9964 — flat by design)
[ train_imf ] step 245800  raw_mse_u 9.8785  raw_mse_v 6.9284  a0 0.23489  (adaptive loss 1.9954 — flat by design)
[ train_imf ] step 246000  raw_mse_u 16.0559  raw_mse_v 12.6141  a0 0.15968  (adaptive loss 1.9961 — flat by design)
[ train_imf ] step 246200  raw_mse_u 13.1525  raw_mse_v 11.0611  a0 0.17335  (adaptive loss 1.9968 — flat by design)
[ train_imf ] step 246400  raw_mse_u 9.7796  raw_mse_v 7.8679  a0 0.08331  (adaptive loss 1.9966 — flat by design)
[ train_imf ] step 246600  raw_mse_u 10.2286  raw_mse_v 8.4058  a0 0.12549  (adaptive loss 1.9966 — flat by design)
[ train_imf ] step 246800  raw_mse_u 18.6909  raw_mse_v 14.2845  a0 0.35471  (adaptive loss 1.9967 — flat by design)
[ train_imf ] step 247000  raw_mse_u 12.4568  raw_mse_v 11.4268  a0 0.15706  (adaptive loss 1.9959 — flat by design)
[ train_imf ] step 247200  raw_mse_u 12.2829  raw_mse_v 10.3295  a0 0.20373  (adaptive loss 1.9959 — flat by design)
[ train_imf ] step 247400  raw_mse_u 11.5091  raw_mse_v 7.5877  a0 0.17503  (adaptive loss 1.9952 — flat by design)
[ train_imf ] step 247600  raw_mse_u 12.9506  raw_mse_v 9.8041  a0 0.16648  (adaptive loss 1.9956 — flat by design)
[ train_imf ] step 247800  raw_mse_u 12.1642  raw_mse_v 11.3541  a0 0.15599  (adaptive loss 1.9968 — flat by design)
[ train_imf ] step 248000  raw_mse_u 14.4066  raw_mse_v 8.5846  a0 0.70004  (adaptive loss 1.9955 — flat by design)
[ train_imf ] step 248200  raw_mse_u 18.3736  raw_mse_v 14.4733  a0 0.32828  (adaptive loss 1.9967 — flat by design)
[ train_imf ] step 248400  raw_mse_u 14.5588  raw_mse_v 10.8220  a0 0.27538  (adaptive loss 1.9963 — flat by design)
[ train_imf ] step 248600  raw_mse_u 19.1118  raw_mse_v 10.5669  a0 0.38021  (adaptive loss 1.9958 — flat by design)
[ train_imf ] step 248800  raw_mse_u 12.3224  raw_mse_v 10.5055  a0 0.24676  (adaptive loss 1.9967 — flat by design)
[ train_imf ] step 249000  raw_mse_u 12.9452  raw_mse_v 9.6689  a0 0.33151  (adaptive loss 1.9955 — flat by design)
[ train_imf ] step 249200  raw_mse_u 61.9025  raw_mse_v 17.0780  a0 0.28115  (adaptive loss 1.9967 — flat by design)
[ train_imf ] step 249400  raw_mse_u 20.6463  raw_mse_v 17.2414  a0 0.51879  (adaptive loss 1.9956 — flat by design)
[ train_imf ] step 249600  raw_mse_u 17.4439  raw_mse_v 12.4084  a0 0.25909  (adaptive loss 1.9974 — flat by design)
[ train_imf ] step 249800  raw_mse_u 12.6720  raw_mse_v 11.2234  a0 0.29372  (adaptive loss 1.9963 — flat by design)
[ train_imf ] step 250000  raw_mse_u 13.4150  raw_mse_v 13.1101  a0 0.13690  (adaptive loss 1.9966 — flat by design)
[ train_imf ] step 250200  raw_mse_u 13.2732  raw_mse_v 12.1447  a0 0.16644  (adaptive loss 1.9961 — flat by design)
[ train_imf ] step 250400  raw_mse_u 18.0986  raw_mse_v 11.4309  a0 0.35216  (adaptive loss 1.9961 — flat by design)
[ train_imf ] step 250600  raw_mse_u 12.0101  raw_mse_v 11.2414  a0 0.24962  (adaptive loss 1.9963 — flat by design)
[ train_imf ] step 250800  raw_mse_u 16.5267  raw_mse_v 12.3376  a0 0.30354  (adaptive loss 1.9966 — flat by design)
[ train_imf ] step 251000  raw_mse_u 28.4319  raw_mse_v 8.8524  a0 0.34589  (adaptive loss 1.9967 — flat by design)
[ train_imf ] step 251200  raw_mse_u 9.6448  raw_mse_v 9.0915  a0 0.23285  (adaptive loss 1.9960 — flat by design)
[ train_imf ] step 251400  raw_mse_u 11.3241  raw_mse_v 9.6064  a0 0.52017  (adaptive loss 1.9971 — flat by design)
[ train_imf ] step 251600  raw_mse_u 9.8475  raw_mse_v 9.2073  a0 0.08540  (adaptive loss 1.9952 — flat by design)
[ train_imf ] step 251800  raw_mse_u 48.9203  raw_mse_v 10.1364  a0 1.12153  (adaptive loss 1.9956 — flat by design)
[ train_imf ] step 252000  raw_mse_u 19.3932  raw_mse_v 10.4875  a0 0.62791  (adaptive loss 1.9959 — flat by design)
[ train_imf ] step 252200  raw_mse_u 16.5900  raw_mse_v 10.7943  a0 0.23470  (adaptive loss 1.9968 — flat by design)
[ train_imf ] step 252400  raw_mse_u 15.0122  raw_mse_v 8.8895  a0 0.26913  (adaptive loss 1.9965 — flat by design)
[ train_imf ] step 252600  raw_mse_u 15.7331  raw_mse_v 11.6807  a0 0.25665  (adaptive loss 1.9964 — flat by design)
[ train_imf ] step 252800  raw_mse_u 11.9372  raw_mse_v 10.3317  a0 0.15926  (adaptive loss 1.9966 — flat by design)
[ train_imf ] step 253000  raw_mse_u 9.5110  raw_mse_v 7.3949  a0 0.13286  (adaptive loss 1.9958 — flat by design)
[ train_imf ] step 253200  raw_mse_u 15.8300  raw_mse_v 10.3639  a0 0.35074  (adaptive loss 1.9966 — flat by design)
[ train_imf ] step 253400  raw_mse_u 10.9813  raw_mse_v 8.3278  a0 0.18990  (adaptive loss 1.9954 — flat by design)
[ train_imf ] step 253600  raw_mse_u 22.2828  raw_mse_v 10.2450  a0 0.34350  (adaptive loss 1.9959 — flat by design)
[ train_imf ] step 253800  raw_mse_u 44.7726  raw_mse_v 12.0697  a0 0.85668  (adaptive loss 1.9969 — flat by design)
[ train_imf ] step 254000  raw_mse_u 13.8893  raw_mse_v 8.8013  a0 0.16215  (adaptive loss 1.9959 — flat by design)
[ train_imf ] step 254200  raw_mse_u 22.7078  raw_mse_v 6.8451  a0 0.41337  (adaptive loss 1.9964 — flat by design)
[ train_imf ] step 254400  raw_mse_u 14.6737  raw_mse_v 10.6833  a0 0.30538  (adaptive loss 1.9963 — flat by design)
[ train_imf ] step 254600  raw_mse_u 14.0205  raw_mse_v 11.1914  a0 0.16605  (adaptive loss 1.9966 — flat by design)
[ train_imf ] step 254800  raw_mse_u 14.1390  raw_mse_v 10.5826  a0 0.27435  (adaptive loss 1.9964 — flat by design)
[ train_imf ] step 255000  raw_mse_u 14.5355  raw_mse_v 10.0399  a0 0.27679  (adaptive loss 1.9968 — flat by design)
[ train_imf ] step 255200  raw_mse_u 13.8047  raw_mse_v 10.1728  a0 0.31631  (adaptive loss 1.9967 — flat by design)
[ train_imf ] step 255400  raw_mse_u 439.8799  raw_mse_v 13.1463  a0 4.11216  (adaptive loss 1.9965 — flat by design)
[ train_imf ] step 255600  raw_mse_u 14.4847  raw_mse_v 12.3125  a0 0.24127  (adaptive loss 1.9968 — flat by design)
[ train_imf ] step 255800  raw_mse_u 11.8178  raw_mse_v 10.5917  a0 0.15062  (adaptive loss 1.9971 — flat by design)
[ train_imf ] step 256000  raw_mse_u 11.9092  raw_mse_v 9.2597  a0 0.09445  (adaptive loss 1.9960 — flat by design)
[ train_imf ] step 256200  raw_mse_u 33.7547  raw_mse_v 12.6069  a0 0.38368  (adaptive loss 1.9960 — flat by design)
[ train_imf ] step 256400  raw_mse_u 35.4542  raw_mse_v 14.7102  a0 0.75787  (adaptive loss 1.9964 — flat by design)
[ train_imf ] step 256600  raw_mse_u 71.7279  raw_mse_v 9.8934  a0 0.16918  (adaptive loss 1.9954 — flat by design)
[ train_imf ] step 256800  raw_mse_u 12.5589  raw_mse_v 9.1500  a0 0.31718  (adaptive loss 1.9966 — flat by design)
[ train_imf ] step 257000  raw_mse_u 12.3744  raw_mse_v 7.3039  a0 0.19667  (adaptive loss 1.9957 — flat by design)
[ train_imf ] step 257200  raw_mse_u 15.6295  raw_mse_v 6.6310  a0 0.23659  (adaptive loss 1.9962 — flat by design)
[ train_imf ] step 257400  raw_mse_u 11.4140  raw_mse_v 9.7730  a0 0.14613  (adaptive loss 1.9963 — flat by design)
[ train_imf ] step 257600  raw_mse_u 14.5937  raw_mse_v 8.6853  a0 0.39799  (adaptive loss 1.9961 — flat by design)
[ train_imf ] step 257800  raw_mse_u 14.5189  raw_mse_v 9.6488  a0 0.27248  (adaptive loss 1.9959 — flat by design)
[ train_imf ] step 258000  raw_mse_u 14.4116  raw_mse_v 13.4122  a0 0.23129  (adaptive loss 1.9963 — flat by design)
[ train_imf ] step 258200  raw_mse_u 16.9314  raw_mse_v 11.2268  a0 0.25031  (adaptive loss 1.9963 — flat by design)
[ train_imf ] step 258400  raw_mse_u 13.4857  raw_mse_v 12.3809  a0 0.17854  (adaptive loss 1.9972 — flat by design)
[ train_imf ] step 258600  raw_mse_u 14.4231  raw_mse_v 10.2293  a0 0.24764  (adaptive loss 1.9967 — flat by design)
[ train_imf ] step 258800  raw_mse_u 20.4589  raw_mse_v 16.6260  a0 0.43981  (adaptive loss 1.9973 — flat by design)
[ train_imf ] step 259000  raw_mse_u 15.1605  raw_mse_v 13.0967  a0 0.19043  (adaptive loss 1.9970 — flat by design)
[ train_imf ] step 259200  raw_mse_u 20.5312  raw_mse_v 9.0015  a0 0.45380  (adaptive loss 1.9960 — flat by design)
[ train_imf ] step 259400  raw_mse_u 13.6804  raw_mse_v 10.4391  a0 0.59931  (adaptive loss 1.9963 — flat by design)
[ train_imf ] step 259600  raw_mse_u 18.5031  raw_mse_v 7.6675  a0 0.26438  (adaptive loss 1.9957 — flat by design)
[ train_imf ] step 259800  raw_mse_u 11.0317  raw_mse_v 8.4762  a0 0.18223  (adaptive loss 1.9961 — flat by design)
[ train_imf ] step 260000  raw_mse_u 12.4014  raw_mse_v 11.7919  a0 0.18654  (adaptive loss 1.9965 — flat by design)
[ train_imf ] step 260200  raw_mse_u 11.5672  raw_mse_v 10.5271  a0 0.14174  (adaptive loss 1.9969 — flat by design)
[ train_imf ] step 260400  raw_mse_u 27.4857  raw_mse_v 12.3309  a0 0.10592  (adaptive loss 1.9964 — flat by design)
[ train_imf ] step 260600  raw_mse_u 18.1858  raw_mse_v 14.4986  a0 0.31609  (adaptive loss 1.9977 — flat by design)
[ train_imf ] step 260800  raw_mse_u 21.9119  raw_mse_v 13.6318  a0 0.39205  (adaptive loss 1.9959 — flat by design)
[ train_imf ] step 261000  raw_mse_u 21.2418  raw_mse_v 11.4912  a0 0.39861  (adaptive loss 1.9973 — flat by design)
[ train_imf ] step 261200  raw_mse_u 36.2651  raw_mse_v 14.5031  a0 1.04572  (adaptive loss 1.9962 — flat by design)
[ train_imf ] step 261400  raw_mse_u 15.5082  raw_mse_v 11.5381  a0 0.36120  (adaptive loss 1.9965 — flat by design)
[ train_imf ] step 261600  raw_mse_u 13.4967  raw_mse_v 9.5654  a0 0.21517  (adaptive loss 1.9958 — flat by design)
[ train_imf ] step 261800  raw_mse_u 12.2118  raw_mse_v 8.3174  a0 0.09881  (adaptive loss 1.9968 — flat by design)
[ train_imf ] step 262000  raw_mse_u 10.9072  raw_mse_v 7.4745  a0 0.12193  (adaptive loss 1.9965 — flat by design)
[ train_imf ] step 262200  raw_mse_u 15.4275  raw_mse_v 14.2467  a0 0.15209  (adaptive loss 1.9965 — flat by design)
[ train_imf ] step 262400  raw_mse_u 14.1027  raw_mse_v 11.1024  a0 0.23472  (adaptive loss 1.9968 — flat by design)
[ train_imf ] step 262600  raw_mse_u 9.5304  raw_mse_v 7.1031  a0 0.10662  (adaptive loss 1.9967 — flat by design)
[ train_imf ] step 262800  raw_mse_u 12.5371  raw_mse_v 10.8674  a0 0.07727  (adaptive loss 1.9976 — flat by design)
[ train_imf ] step 263000  raw_mse_u 17.6846  raw_mse_v 11.1151  a0 0.19851  (adaptive loss 1.9968 — flat by design)
[ train_imf ] step 263200  raw_mse_u 9.3507  raw_mse_v 7.4628  a0 0.17253  (adaptive loss 1.9954 — flat by design)
[ train_imf ] step 263400  raw_mse_u 13.1730  raw_mse_v 9.5801  a0 0.28166  (adaptive loss 1.9959 — flat by design)
[ train_imf ] step 263600  raw_mse_u 14.3396  raw_mse_v 9.9577  a0 0.23027  (adaptive loss 1.9962 — flat by design)
[ train_imf ] step 263800  raw_mse_u 18.9108  raw_mse_v 12.5176  a0 0.33208  (adaptive loss 1.9967 — flat by design)
[ train_imf ] step 264000  raw_mse_u 8.0709  raw_mse_v 7.6260  a0 0.04466  (adaptive loss 1.9954 — flat by design)
[ train_imf ] step 264200  raw_mse_u 16.8718  raw_mse_v 12.5643  a0 0.21326  (adaptive loss 1.9961 — flat by design)
[ train_imf ] step 264400  raw_mse_u 12.5210  raw_mse_v 9.2440  a0 0.31952  (adaptive loss 1.9966 — flat by design)
[ train_imf ] step 264600  raw_mse_u 19.5135  raw_mse_v 9.9967  a0 0.21910  (adaptive loss 1.9963 — flat by design)
[ train_imf ] step 264800  raw_mse_u 17.9259  raw_mse_v 16.4286  a0 0.41665  (adaptive loss 1.9958 — flat by design)
[ train_imf ] step 265000  raw_mse_u 12.0621  raw_mse_v 7.6901  a0 0.19687  (adaptive loss 1.9955 — flat by design)
[ train_imf ] step 265200  raw_mse_u 15.9424  raw_mse_v 8.6644  a0 0.27894  (adaptive loss 1.9964 — flat by design)
[ train_imf ] step 265400  raw_mse_u 13.4483  raw_mse_v 11.3215  a0 0.23285  (adaptive loss 1.9967 — flat by design)
[ train_imf ] step 265600  raw_mse_u 12.9446  raw_mse_v 11.7152  a0 0.22352  (adaptive loss 1.9965 — flat by design)
[ train_imf ] step 265800  raw_mse_u 34.1719  raw_mse_v 14.0312  a0 0.52752  (adaptive loss 1.9962 — flat by design)
[ train_imf ] step 266000  raw_mse_u 16.2552  raw_mse_v 14.4092  a0 0.23070  (adaptive loss 1.9966 — flat by design)
[ train_imf ] step 266200  raw_mse_u 13.5589  raw_mse_v 10.8535  a0 0.35713  (adaptive loss 1.9970 — flat by design)
[ train_imf ] step 266400  raw_mse_u 18.3914  raw_mse_v 11.3636  a0 0.43028  (adaptive loss 1.9960 — flat by design)
[ train_imf ] step 266600  raw_mse_u 11.5604  raw_mse_v 9.4972  a0 0.24706  (adaptive loss 1.9961 — flat by design)
[ train_imf ] step 266800  raw_mse_u 13.1339  raw_mse_v 11.3363  a0 0.26891  (adaptive loss 1.9965 — flat by design)
[ train_imf ] step 267000  raw_mse_u 11.7857  raw_mse_v 10.3349  a0 0.14691  (adaptive loss 1.9968 — flat by design)
[ train_imf ] step 267200  raw_mse_u 13.9309  raw_mse_v 11.4761  a0 0.34023  (adaptive loss 1.9959 — flat by design)
[ train_imf ] step 267400  raw_mse_u 13.1699  raw_mse_v 10.9849  a0 0.39126  (adaptive loss 1.9970 — flat by design)
[ train_imf ] step 267600  raw_mse_u 24.0489  raw_mse_v 14.7764  a0 0.41330  (adaptive loss 1.9970 — flat by design)
[ train_imf ] step 267800  raw_mse_u 9.5919  raw_mse_v 7.1147  a0 0.18498  (adaptive loss 1.9944 — flat by design)
[ train_imf ] step 268000  raw_mse_u 14.4323  raw_mse_v 7.7432  a0 0.16377  (adaptive loss 1.9964 — flat by design)
[ train_imf ] step 268200  raw_mse_u 13.2131  raw_mse_v 9.9945  a0 0.14447  (adaptive loss 1.9955 — flat by design)
[ train_imf ] step 268400  raw_mse_u 11.4649  raw_mse_v 8.3121  a0 0.28771  (adaptive loss 1.9952 — flat by design)
[ train_imf ] step 268600  raw_mse_u 31.1018  raw_mse_v 8.3208  a0 0.57554  (adaptive loss 1.9958 — flat by design)
[ train_imf ] step 268800  raw_mse_u 16.6390  raw_mse_v 10.0235  a0 0.28035  (adaptive loss 1.9966 — flat by design)
[ train_imf ] step 269000  raw_mse_u 20.9084  raw_mse_v 10.1851  a0 0.62485  (adaptive loss 1.9968 — flat by design)
[ train_imf ] step 269200  raw_mse_u 28.5442  raw_mse_v 8.3709  a0 1.77031  (adaptive loss 1.9959 — flat by design)
[ train_imf ] step 269400  raw_mse_u 10.9218  raw_mse_v 9.6550  a0 0.28943  (adaptive loss 1.9959 — flat by design)
[ train_imf ] step 269600  raw_mse_u 15.8560  raw_mse_v 12.9220  a0 0.18574  (adaptive loss 1.9965 — flat by design)
[ train_imf ] step 269800  raw_mse_u 14.3765  raw_mse_v 13.2338  a0 0.15006  (adaptive loss 1.9971 — flat by design)
[ train_imf ] step 270000  raw_mse_u 17.5688  raw_mse_v 12.9881  a0 0.48677  (adaptive loss 1.9962 — flat by design)
[ train_imf ] step 270200  raw_mse_u 13.8634  raw_mse_v 10.9381  a0 0.22572  (adaptive loss 1.9962 — flat by design)
[ train_imf ] step 270400  raw_mse_u 10.8495  raw_mse_v 8.6477  a0 0.18431  (adaptive loss 1.9965 — flat by design)
[ train_imf ] step 270600  raw_mse_u 9.5484  raw_mse_v 7.9769  a0 0.13955  (adaptive loss 1.9954 — flat by design)
[ train_imf ] step 270800  raw_mse_u 10.8408  raw_mse_v 8.9938  a0 0.18863  (adaptive loss 1.9965 — flat by design)
[ train_imf ] step 271000  raw_mse_u 17.3046  raw_mse_v 11.9116  a0 0.30055  (adaptive loss 1.9971 — flat by design)
[ train_imf ] step 271200  raw_mse_u 10.2654  raw_mse_v 8.6338  a0 0.14112  (adaptive loss 1.9958 — flat by design)
[ train_imf ] step 271400  raw_mse_u 15.0622  raw_mse_v 12.1495  a0 0.28040  (adaptive loss 1.9969 — flat by design)
[ train_imf ] step 271600  raw_mse_u 12.4455  raw_mse_v 9.8433  a0 0.07687  (adaptive loss 1.9961 — flat by design)
[ train_imf ] step 271800  raw_mse_u 14.3395  raw_mse_v 10.2841  a0 0.19884  (adaptive loss 1.9962 — flat by design)
[ train_imf ] step 272000  raw_mse_u 15.6232  raw_mse_v 10.3360  a0 0.16367  (adaptive loss 1.9966 — flat by design)
[ train_imf ] step 272200  raw_mse_u 15.8717  raw_mse_v 12.3706  a0 0.31603  (adaptive loss 1.9967 — flat by design)
[ train_imf ] step 272400  raw_mse_u 189.1402  raw_mse_v 11.0937  a0 5.12692  (adaptive loss 1.9959 — flat by design)
[ train_imf ] step 272600  raw_mse_u 12.9400  raw_mse_v 9.3120  a0 0.25396  (adaptive loss 1.9961 — flat by design)
[ train_imf ] step 272800  raw_mse_u 12.6286  raw_mse_v 6.4775  a0 0.16097  (adaptive loss 1.9953 — flat by design)
[ train_imf ] step 273000  raw_mse_u 21.3393  raw_mse_v 11.7865  a0 0.41384  (adaptive loss 1.9971 — flat by design)
[ train_imf ] step 273200  raw_mse_u 10.3314  raw_mse_v 7.9878  a0 0.12305  (adaptive loss 1.9967 — flat by design)
[ train_imf ] step 273400  raw_mse_u 15.2603  raw_mse_v 9.1467  a0 0.43413  (adaptive loss 1.9960 — flat by design)
[ train_imf ] step 273600  raw_mse_u 10.9708  raw_mse_v 10.7823  a0 0.10910  (adaptive loss 1.9966 — flat by design)
[ train_imf ] step 273800  raw_mse_u 14.8478  raw_mse_v 9.7253  a0 0.18625  (adaptive loss 1.9968 — flat by design)
[ train_imf ] step 274000  raw_mse_u 33.9244  raw_mse_v 8.2654  a0 0.61588  (adaptive loss 1.9960 — flat by design)
[ train_imf ] step 274200  raw_mse_u 22.9922  raw_mse_v 9.1826  a0 0.35542  (adaptive loss 1.9951 — flat by design)
[ train_imf ] step 274400  raw_mse_u 16.4911  raw_mse_v 8.9025  a0 0.36835  (adaptive loss 1.9969 — flat by design)
[ train_imf ] step 274600  raw_mse_u 13.2504  raw_mse_v 9.3872  a0 0.08064  (adaptive loss 1.9968 — flat by design)
[ train_imf ] step 274800  raw_mse_u 13.5353  raw_mse_v 8.3731  a0 0.15546  (adaptive loss 1.9958 — flat by design)
[ train_imf ] step 275000  raw_mse_u 131.8394  raw_mse_v 8.2442  a0 0.43454  (adaptive loss 1.9952 — flat by design)
[ train_imf ] step 275200  raw_mse_u 10.6346  raw_mse_v 8.5020  a0 0.31854  (adaptive loss 1.9954 — flat by design)
[ train_imf ] step 275400  raw_mse_u 17.2183  raw_mse_v 11.0530  a0 0.21228  (adaptive loss 1.9968 — flat by design)
[ train_imf ] step 275600  raw_mse_u 9.4464  raw_mse_v 7.2711  a0 0.13503  (adaptive loss 1.9960 — flat by design)
[ train_imf ] step 275800  raw_mse_u 14.1165  raw_mse_v 13.7642  a0 0.12110  (adaptive loss 1.9965 — flat by design)
[ train_imf ] step 276000  raw_mse_u 11.1107  raw_mse_v 9.7924  a0 0.11724  (adaptive loss 1.9966 — flat by design)
[ train_imf ] step 276200  raw_mse_u 10.8352  raw_mse_v 8.2747  a0 0.23194  (adaptive loss 1.9955 — flat by design)
[ train_imf ] step 276400  raw_mse_u 9.6039  raw_mse_v 8.0656  a0 0.13577  (adaptive loss 1.9952 — flat by design)
[ train_imf ] step 276600  raw_mse_u 18.1299  raw_mse_v 9.2790  a0 0.63186  (adaptive loss 1.9959 — flat by design)
[ train_imf ] step 276800  raw_mse_u 13.2552  raw_mse_v 10.8990  a0 0.42194  (adaptive loss 1.9951 — flat by design)
[ train_imf ] step 277000  raw_mse_u 16.2253  raw_mse_v 11.0050  a0 0.20527  (adaptive loss 1.9963 — flat by design)
[ train_imf ] step 277200  raw_mse_u 12.0970  raw_mse_v 10.1778  a0 0.39648  (adaptive loss 1.9963 — flat by design)
[ train_imf ] step 277400  raw_mse_u 22.5731  raw_mse_v 10.4162  a0 0.24858  (adaptive loss 1.9971 — flat by design)
[ train_imf ] step 277600  raw_mse_u 9.2423  raw_mse_v 7.3289  a0 0.11930  (adaptive loss 1.9948 — flat by design)
[ train_imf ] step 277800  raw_mse_u 10.8341  raw_mse_v 9.5898  a0 0.13386  (adaptive loss 1.9954 — flat by design)
[ train_imf ] step 278000  raw_mse_u 11.5228  raw_mse_v 7.7536  a0 0.09773  (adaptive loss 1.9958 — flat by design)
[ train_imf ] step 278200  raw_mse_u 21.9397  raw_mse_v 11.4473  a0 0.25959  (adaptive loss 1.9966 — flat by design)
[ train_imf ] step 278400  raw_mse_u 25.5992  raw_mse_v 15.1961  a0 0.56287  (adaptive loss 1.9970 — flat by design)
[ train_imf ] step 278600  raw_mse_u 11.6794  raw_mse_v 8.1010  a0 0.14260  (adaptive loss 1.9965 — flat by design)
[ train_imf ] step 278800  raw_mse_u 15.2985  raw_mse_v 9.0953  a0 0.31876  (adaptive loss 1.9963 — flat by design)
[ train_imf ] step 279000  raw_mse_u 13.2002  raw_mse_v 11.8072  a0 0.17899  (adaptive loss 1.9970 — flat by design)
[ train_imf ] step 279200  raw_mse_u 31.4796  raw_mse_v 14.0981  a0 0.34919  (adaptive loss 1.9957 — flat by design)
[ train_imf ] step 279400  raw_mse_u 47.9801  raw_mse_v 14.5994  a0 0.76178  (adaptive loss 1.9956 — flat by design)
[ train_imf ] step 279600  raw_mse_u 9.8234  raw_mse_v 7.4818  a0 0.14563  (adaptive loss 1.9964 — flat by design)
[ train_imf ] step 279800  raw_mse_u 9.5783  raw_mse_v 8.9528  a0 0.13640  (adaptive loss 1.9944 — flat by design)
[ train_imf ] step 280000  raw_mse_u 21.1255  raw_mse_v 8.0739  a0 0.46726  (adaptive loss 1.9960 — flat by design)
[ train_imf ] step 280200  raw_mse_u 27.1936  raw_mse_v 7.6155  a0 0.48603  (adaptive loss 1.9960 — flat by design)
[ train_imf ] step 280400  raw_mse_u 12.8417  raw_mse_v 8.8157  a0 0.18620  (adaptive loss 1.9971 — flat by design)
[ train_imf ] step 280600  raw_mse_u 11.4619  raw_mse_v 8.8588  a0 0.20209  (adaptive loss 1.9969 — flat by design)
[ train_imf ] step 280800  raw_mse_u 26.9156  raw_mse_v 8.3258  a0 0.86794  (adaptive loss 1.9969 — flat by design)
[ train_imf ] step 281000  raw_mse_u 14.7829  raw_mse_v 12.0985  a0 0.09727  (adaptive loss 1.9962 — flat by design)
[ train_imf ] step 281200  raw_mse_u 13.8009  raw_mse_v 8.7097  a0 0.12362  (adaptive loss 1.9958 — flat by design)
[ train_imf ] step 281400  raw_mse_u 26.4535  raw_mse_v 7.2157  a0 1.60689  (adaptive loss 1.9965 — flat by design)
[ train_imf ] step 281600  raw_mse_u 56.4596  raw_mse_v 10.7207  a0 1.43918  (adaptive loss 1.9971 — flat by design)
[ train_imf ] step 281800  raw_mse_u 15.5091  raw_mse_v 10.8035  a0 0.37206  (adaptive loss 1.9961 — flat by design)
[ train_imf ] step 282000  raw_mse_u 107.1770  raw_mse_v 15.8938  a0 1.21568  (adaptive loss 1.9976 — flat by design)
[ train_imf ] step 282200  raw_mse_u 14.1415  raw_mse_v 8.0561  a0 0.18569  (adaptive loss 1.9963 — flat by design)
[ train_imf ] step 282400  raw_mse_u 9.7660  raw_mse_v 9.8581  a0 0.20968  (adaptive loss 1.9953 — flat by design)
[ train_imf ] step 282600  raw_mse_u 18.2027  raw_mse_v 11.3666  a0 0.51686  (adaptive loss 1.9963 — flat by design)
[ train_imf ] step 282800  raw_mse_u 11.1487  raw_mse_v 9.8645  a0 0.14209  (adaptive loss 1.9969 — flat by design)
[ train_imf ] step 283000  raw_mse_u 25.2816  raw_mse_v 9.1326  a0 0.30513  (adaptive loss 1.9966 — flat by design)
[ train_imf ] step 283200  raw_mse_u 10.9931  raw_mse_v 7.9626  a0 0.24847  (adaptive loss 1.9966 — flat by design)
[ train_imf ] step 283400  raw_mse_u 10.9082  raw_mse_v 9.2077  a0 0.12164  (adaptive loss 1.9963 — flat by design)
[ train_imf ] step 283600  raw_mse_u 12.4998  raw_mse_v 10.5406  a0 0.08991  (adaptive loss 1.9970 — flat by design)
[ train_imf ] step 283800  raw_mse_u 8.5110  raw_mse_v 6.1364  a0 0.13711  (adaptive loss 1.9956 — flat by design)
[ train_imf ] step 284000  raw_mse_u 14.7358  raw_mse_v 11.4967  a0 0.20768  (adaptive loss 1.9969 — flat by design)
[ train_imf ] step 284200  raw_mse_u 18.9766  raw_mse_v 11.0340  a0 0.39866  (adaptive loss 1.9968 — flat by design)
[ train_imf ] step 284400  raw_mse_u 10.1883  raw_mse_v 8.6319  a0 0.10001  (adaptive loss 1.9959 — flat by design)
[ train_imf ] step 284600  raw_mse_u 9.7495  raw_mse_v 7.8089  a0 0.21235  (adaptive loss 1.9961 — flat by design)
[ train_imf ] step 284800  raw_mse_u 12.5040  raw_mse_v 9.4620  a0 0.22929  (adaptive loss 1.9965 — flat by design)
[ train_imf ] step 285000  raw_mse_u 14.7008  raw_mse_v 8.2722  a0 0.16364  (adaptive loss 1.9953 — flat by design)
[ train_imf ] step 285200  raw_mse_u 16.4577  raw_mse_v 10.2137  a0 0.26605  (adaptive loss 1.9957 — flat by design)
[ train_imf ] step 285400  raw_mse_u 28.9708  raw_mse_v 12.0668  a0 0.55167  (adaptive loss 1.9968 — flat by design)
[ train_imf ] step 285600  raw_mse_u 11.2003  raw_mse_v 11.3182  a0 0.19497  (adaptive loss 1.9963 — flat by design)
[ train_imf ] step 285800  raw_mse_u 159.0639  raw_mse_v 11.4212  a0 4.20905  (adaptive loss 1.9973 — flat by design)
[ train_imf ] step 286000  raw_mse_u 13.9713  raw_mse_v 9.6087  a0 0.57266  (adaptive loss 1.9968 — flat by design)
[ train_imf ] step 286200  raw_mse_u 15.8875  raw_mse_v 12.1360  a0 0.17698  (adaptive loss 1.9964 — flat by design)
[ train_imf ] step 286400  raw_mse_u 31.5236  raw_mse_v 12.3255  a0 0.13026  (adaptive loss 1.9964 — flat by design)
[ train_imf ] step 286600  raw_mse_u 15.9364  raw_mse_v 12.6376  a0 0.33382  (adaptive loss 1.9963 — flat by design)
[ train_imf ] step 286800  raw_mse_u 70.9152  raw_mse_v 9.9469  a0 2.37911  (adaptive loss 1.9969 — flat by design)
[ train_imf ] step 287000  raw_mse_u 14.2454  raw_mse_v 11.7411  a0 0.33706  (adaptive loss 1.9972 — flat by design)
[ train_imf ] step 287200  raw_mse_u 15.9945  raw_mse_v 8.8617  a0 0.26095  (adaptive loss 1.9958 — flat by design)
[ train_imf ] step 287400  raw_mse_u 13.8495  raw_mse_v 14.9187  a0 0.36688  (adaptive loss 1.9973 — flat by design)
[ train_imf ] step 287600  raw_mse_u 18.7836  raw_mse_v 10.9679  a0 0.15420  (adaptive loss 1.9970 — flat by design)
[ train_imf ] step 287800  raw_mse_u 10.3009  raw_mse_v 8.1855  a0 0.12704  (adaptive loss 1.9960 — flat by design)
[ train_imf ] step 288000  raw_mse_u 17.3221  raw_mse_v 10.8852  a0 0.20869  (adaptive loss 1.9967 — flat by design)
[ train_imf ] step 288200  raw_mse_u 19.1016  raw_mse_v 12.9485  a0 0.37075  (adaptive loss 1.9970 — flat by design)
[ train_imf ] step 288400  raw_mse_u 10.1773  raw_mse_v 8.9422  a0 0.20641  (adaptive loss 1.9965 — flat by design)
[ train_imf ] step 288600  raw_mse_u 127.1654  raw_mse_v 10.4205  a0 0.80611  (adaptive loss 1.9962 — flat by design)
[ train_imf ] step 288800  raw_mse_u 36.5749  raw_mse_v 14.0228  a0 1.07545  (adaptive loss 1.9961 — flat by design)
[ train_imf ] step 289000  raw_mse_u 49.6111  raw_mse_v 11.0494  a0 0.69276  (adaptive loss 1.9963 — flat by design)
[ train_imf ] step 289200  raw_mse_u 7.9044  raw_mse_v 6.4929  a0 0.17060  (adaptive loss 1.9954 — flat by design)
[ train_imf ] step 289400  raw_mse_u 10.8907  raw_mse_v 9.2445  a0 0.18384  (adaptive loss 1.9960 — flat by design)
[ train_imf ] step 289600  raw_mse_u 10.9357  raw_mse_v 8.5515  a0 0.08632  (adaptive loss 1.9952 — flat by design)
[ train_imf ] step 289800  raw_mse_u 8.9908  raw_mse_v 7.8821  a0 0.17082  (adaptive loss 1.9957 — flat by design)
[ train_imf ] step 290000  raw_mse_u 10.7561  raw_mse_v 8.6373  a0 0.34306  (adaptive loss 1.9962 — flat by design)
[ train_imf ] step 290200  raw_mse_u 20.9226  raw_mse_v 12.3162  a0 0.68510  (adaptive loss 1.9970 — flat by design)
[ train_imf ] step 290400  raw_mse_u 17.7476  raw_mse_v 9.8898  a0 0.14594  (adaptive loss 1.9963 — flat by design)
[ train_imf ] step 290600  raw_mse_u 20.0347  raw_mse_v 9.0908  a0 0.19576  (adaptive loss 1.9971 — flat by design)
[ train_imf ] step 290800  raw_mse_u 22.7210  raw_mse_v 6.7757  a0 0.91017  (adaptive loss 1.9951 — flat by design)
[ train_imf ] step 291000  raw_mse_u 10.4859  raw_mse_v 8.3612  a0 0.26427  (adaptive loss 1.9968 — flat by design)
[ train_imf ] step 291200  raw_mse_u 10.5561  raw_mse_v 10.0620  a0 0.13945  (adaptive loss 1.9964 — flat by design)
[ train_imf ] step 291400  raw_mse_u 13.7303  raw_mse_v 10.5096  a0 0.12224  (adaptive loss 1.9960 — flat by design)
[ train_imf ] step 291600  raw_mse_u 24.7532  raw_mse_v 16.9873  a0 0.29449  (adaptive loss 1.9968 — flat by design)
[ train_imf ] step 291800  raw_mse_u 11.1747  raw_mse_v 10.0246  a0 0.26162  (adaptive loss 1.9961 — flat by design)
[ train_imf ] step 292000  raw_mse_u 16.5678  raw_mse_v 13.5114  a0 0.23257  (adaptive loss 1.9963 — flat by design)
[ train_imf ] step 292200  raw_mse_u 10.8268  raw_mse_v 10.4150  a0 0.08250  (adaptive loss 1.9965 — flat by design)
[ train_imf ] step 292400  raw_mse_u 15.2563  raw_mse_v 12.9330  a0 0.17001  (adaptive loss 1.9966 — flat by design)
[ train_imf ] step 292600  raw_mse_u 13.3494  raw_mse_v 8.6108  a0 0.26735  (adaptive loss 1.9962 — flat by design)
[ train_imf ] step 292800  raw_mse_u 12.1359  raw_mse_v 7.6825  a0 0.08819  (adaptive loss 1.9955 — flat by design)
[ train_imf ] step 293000  raw_mse_u 14.9527  raw_mse_v 7.1168  a0 0.07036  (adaptive loss 1.9956 — flat by design)
[ train_imf ] step 293200  raw_mse_u 17.4585  raw_mse_v 12.2488  a0 0.22660  (adaptive loss 1.9958 — flat by design)
[ train_imf ] step 293400  raw_mse_u 11.0582  raw_mse_v 8.9984  a0 0.15389  (adaptive loss 1.9957 — flat by design)
[ train_imf ] step 293600  raw_mse_u 14.7448  raw_mse_v 8.1917  a0 0.35649  (adaptive loss 1.9963 — flat by design)
[ train_imf ] step 293800  raw_mse_u 12.1309  raw_mse_v 7.5117  a0 0.10331  (adaptive loss 1.9960 — flat by design)
[ train_imf ] step 294000  raw_mse_u 14.6271  raw_mse_v 8.9470  a0 0.50879  (adaptive loss 1.9969 — flat by design)
[ train_imf ] step 294200  raw_mse_u 12.7967  raw_mse_v 11.9487  a0 0.14144  (adaptive loss 1.9971 — flat by design)
[ train_imf ] step 294400  raw_mse_u 10.9704  raw_mse_v 7.6893  a0 0.09950  (adaptive loss 1.9955 — flat by design)
[ train_imf ] step 294600  raw_mse_u 13.5539  raw_mse_v 7.9520  a0 0.75807  (adaptive loss 1.9962 — flat by design)
[ train_imf ] step 294800  raw_mse_u 17.1968  raw_mse_v 12.6294  a0 0.29185  (adaptive loss 1.9965 — flat by design)
[ train_imf ] step 295000  raw_mse_u 13.3179  raw_mse_v 11.2620  a0 0.27512  (adaptive loss 1.9974 — flat by design)
[ train_imf ] step 295200  raw_mse_u 13.7196  raw_mse_v 10.7838  a0 0.15280  (adaptive loss 1.9970 — flat by design)
[ train_imf ] step 295400  raw_mse_u 15.7566  raw_mse_v 10.2334  a0 0.25703  (adaptive loss 1.9973 — flat by design)
[ train_imf ] step 295600  raw_mse_u 19.8937  raw_mse_v 14.0822  a0 0.57563  (adaptive loss 1.9971 — flat by design)
[ train_imf ] step 295800  raw_mse_u 11.8832  raw_mse_v 9.5754  a0 0.20639  (adaptive loss 1.9957 — flat by design)
[ train_imf ] step 296000  raw_mse_u 63.7015  raw_mse_v 12.0256  a0 2.37335  (adaptive loss 1.9970 — flat by design)
[ train_imf ] step 296200  raw_mse_u 18.1487  raw_mse_v 13.3005  a0 0.35054  (adaptive loss 1.9970 — flat by design)
[ train_imf ] step 296400  raw_mse_u 10.3400  raw_mse_v 7.1715  a0 0.16348  (adaptive loss 1.9955 — flat by design)
[ train_imf ] step 296600  raw_mse_u 20.8631  raw_mse_v 6.8741  a0 0.93827  (adaptive loss 1.9966 — flat by design)
[ train_imf ] step 296800  raw_mse_u 17.1553  raw_mse_v 12.1642  a0 0.49317  (adaptive loss 1.9970 — flat by design)
[ train_imf ] step 297000  raw_mse_u 13.8334  raw_mse_v 12.7283  a0 0.27859  (adaptive loss 1.9973 — flat by design)
[ train_imf ] step 297200  raw_mse_u 11.4205  raw_mse_v 9.0098  a0 0.16858  (adaptive loss 1.9967 — flat by design)
[ train_imf ] step 297400  raw_mse_u 11.2197  raw_mse_v 8.6060  a0 0.15110  (adaptive loss 1.9966 — flat by design)
[ train_imf ] step 297600  raw_mse_u 37.6565  raw_mse_v 12.6598  a0 1.68962  (adaptive loss 1.9962 — flat by design)
[ train_imf ] step 297800  raw_mse_u 8.9426  raw_mse_v 7.5804  a0 0.13024  (adaptive loss 1.9949 — flat by design)
[ train_imf ] step 298000  raw_mse_u 12.3699  raw_mse_v 10.1443  a0 0.12479  (adaptive loss 1.9961 — flat by design)
[ train_imf ] step 298200  raw_mse_u 10.4936  raw_mse_v 10.4889  a0 0.06539  (adaptive loss 1.9951 — flat by design)
[ train_imf ] step 298400  raw_mse_u 25.3232  raw_mse_v 9.5182  a0 0.59932  (adaptive loss 1.9966 — flat by design)
[ train_imf ] step 298600  raw_mse_u 11.1163  raw_mse_v 7.6747  a0 0.20897  (adaptive loss 1.9955 — flat by design)
[ train_imf ] step 298800  raw_mse_u 14.9551  raw_mse_v 11.9669  a0 0.16559  (adaptive loss 1.9966 — flat by design)
[ train_imf ] step 299000  raw_mse_u 13.7129  raw_mse_v 11.3224  a0 0.30963  (adaptive loss 1.9962 — flat by design)
[ train_imf ] step 299200  raw_mse_u 12.5672  raw_mse_v 8.3653  a0 0.16347  (adaptive loss 1.9961 — flat by design)
[ train_imf ] step 299400  raw_mse_u 10.7710  raw_mse_v 8.9997  a0 0.13519  (adaptive loss 1.9961 — flat by design)
[ train_imf ] step 299600  raw_mse_u 13.2047  raw_mse_v 10.8193  a0 0.40562  (adaptive loss 1.9964 — flat by design)
[ train_imf ] step 299800  raw_mse_u 14.7993  raw_mse_v 10.7790  a0 0.18260  (adaptive loss 1.9966 — flat by design)
wandb: - 0.009 MB of 0.009 MB uploadedwandb: \ 0.009 MB of 0.009 MB uploadedwandb: | 0.009 MB of 0.009 MB uploadedwandb: / 0.009 MB of 0.009 MB uploadedwandb: - 0.017 MB of 0.198 MB uploadedwandb: \ 0.022 MB of 0.198 MB uploadedwandb: | 0.022 MB of 0.198 MB uploadedwandb: / 0.022 MB of 0.198 MB uploadedwandb: - 0.198 MB of 0.198 MB uploadedwandb:                                                                                
wandb: 
wandb: Run history:
wandb:    a0_mse ▂▂▃▂▂▃▂▁▂▁▁▂▃▂▂▂▂▁▁▂▂▁▃▁▂▂▁▁▂▁▂▂▁▃▁▂▂█▁▁
wandb:   fm_frac ▁▁▁▁▁▁▁▁▁▁▁▁▁▁▁▁▁▁▁▁▁▁▁▁▁▁▁▁▁▁▁▁▁▁▁▁▁▁▁▁
wandb:    h_mean ▆▃▄▄▃▄▁▅▃▃▂▅█▃▄▆▃▄▅▅▄▃▄▄▅▂▄▅▂▄▅▃▄▆▃▄▄▅▃▄
wandb:      loss █▆▆▇▆▇▄▆▄▅▆▅▇▂▆▇▆▄▄▄▄▄▄▅▅▅▃▁▂▄▃▃▄▂▅▄▄▄▃▄
wandb: raw_mse_u ▃▂▂▂▃▃▁▁▂▁▁▂█▁▂▂▅▂▂▂▁▂▃▂▅▂▁▁▂▁▂▂▃▃▂▂▂▄▁▁
wandb: raw_mse_v █▄▄▆▅▇▂▃▅▂▄▅▇▂▄▅▆▃▃▃▃▃▂▄▃▃▂▂▁▂▃▂▃▆▄▃▃▁▁▂
wandb: 
wandb: Run summary:
wandb:    a0_mse 0.1826
wandb:   fm_frac 0.25
wandb:    h_mean 0.22465
wandb:      loss 1.99658
wandb: raw_mse_u 14.79926
wandb: raw_mse_v 10.77898
wandb: 
wandb: 🚀 View run HF-iMF-H16_imf_300k-seed0 at: https://wandb.ai/llmmail2021-technical-university-of-munich/FMPCC-HF-iMF/runs/d8qx8o89
wandb: ⭐️ View project at: https://wandb.ai/llmmail2021-technical-university-of-munich/FMPCC-HF-iMF
wandb: Synced 6 W&B file(s), 0 media file(s), 2 artifact file(s) and 0 other file(s)
wandb: Find logs at: ./logs/avoiding-v0/flow/H16_imf_300k/wandb/run-20260720_132127-d8qx8o89/logs
wandb: WARNING The new W&B backend becomes opt-out in version 0.18.0; try it out with `wandb.require("core")`! See https://wandb.me/wandb-core for more information.
[ train_imf ] done. final checkpoints saved with cp index 12
Total runtime: 7h 29m 4s
[ HF-IMF-TRAIN ] done. checkpoints:
total 376608
drwxr-xr-x 3 llim tumuser     4096 Jul 20 20:50 .
drwxr-xr-x 5 llim tumuser       82 Jul 20 13:21 ..
-rw-r--r-- 1 llim tumuser      532 Jul 20 13:21 config.yaml
-rw-r--r-- 1 llim tumuser   161514 Jul 20 20:49 metrics.csv
-rw-r--r-- 1 llim tumuser 14823362 Jul 20 13:21 model_0.pth
-rw-r--r-- 1 llim tumuser 14823362 Jul 20 13:58 model_1.pth
-rw-r--r-- 1 llim tumuser 14824094 Jul 20 19:35 model_10.pth
-rw-r--r-- 1 llim tumuser 14824094 Jul 20 20:13 model_11.pth
-rw-r--r-- 1 llim tumuser 14824094 Jul 20 20:50 model_12.pth
-rw-r--r-- 1 llim tumuser 14823362 Jul 20 14:36 model_2.pth
-rw-r--r-- 1 llim tumuser 14823362 Jul 20 15:13 model_3.pth
-rw-r--r-- 1 llim tumuser 14823362 Jul 20 15:50 model_4.pth
-rw-r--r-- 1 llim tumuser 14823362 Jul 20 16:28 model_5.pth
-rw-r--r-- 1 llim tumuser 14823362 Jul 20 17:05 model_6.pth
-rw-r--r-- 1 llim tumuser 14823362 Jul 20 17:43 model_7.pth
-rw-r--r-- 1 llim tumuser 14823362 Jul 20 18:20 model_8.pth
-rw-r--r-- 1 llim tumuser 14823362 Jul 20 18:58 model_9.pth
-rw-r--r-- 1 llim tumuser 14824562 Jul 20 13:21 model_ema_0.pth
-rw-r--r-- 1 llim tumuser 14824562 Jul 20 13:58 model_ema_1.pth
-rw-r--r-- 1 llim tumuser 14824718 Jul 20 19:35 model_ema_10.pth
-rw-r--r-- 1 llim tumuser 14824718 Jul 20 20:13 model_ema_11.pth
-rw-r--r-- 1 llim tumuser 14824718 Jul 20 20:50 model_ema_12.pth
-rw-r--r-- 1 llim tumuser 14824562 Jul 20 14:36 model_ema_2.pth
-rw-r--r-- 1 llim tumuser 14824562 Jul 20 15:13 model_ema_3.pth
-rw-r--r-- 1 llim tumuser 14824562 Jul 20 15:50 model_ema_4.pth
-rw-r--r-- 1 llim tumuser 14824562 Jul 20 16:28 model_ema_5.pth
-rw-r--r-- 1 llim tumuser 14824562 Jul 20 17:05 model_ema_6.pth
-rw-r--r-- 1 llim tumuser 14824562 Jul 20 17:43 model_ema_7.pth
-rw-r--r-- 1 llim tumuser 14824562 Jul 20 18:20 model_ema_8.pth
-rw-r--r-- 1 llim tumuser 14824562 Jul 20 18:58 model_ema_9.pth
drwxr-xr-x 3 llim tumuser      103 Jul 20 13:21 wandb
================================================================================
JOB END: Mon Jul 20 20:50:26 UTC 2026
================================================================================
