backend,method,n_trials,avg_ms,std_ms,p50_ms,p95_ms,min_ms,max_ms
legacy,euler,20,222.70267110006898,42.10578857681519,242.57480849973945,274.1879518006499,164.83153300032427,288.30489099891565
torchdiffeq,euler,20,178.44714105003732,10.097678508848366,173.91613500058156,200.039856100193,167.11103200032085,202.86968000073102
legacy,midpoint,20,439.46643359977315,96.86836877927234,408.8385084996844,546.699142799571,347.05006500007585,738.6287600002106
torchdiffeq,midpoint,20,399.4038223998359,62.34087787834204,367.7622160003011,533.5276143993724,345.9670100000949,575.5193129989493
legacy,rk4,20,808.6772000499877,140.62167692616677,721.5472155003226,1051.03398934898,688.2235890006996,1075.8115730004647
torchdiffeq,rk4,20,854.6448775999124,143.42009980496613,801.9174274995748,1041.4264971488592,694.8978540003736,1096.1712380012614
