backend,method,n_trials,avg_ms,std_ms,p50_ms,p95_ms,min_ms,max_ms
torchdiffeq,euler,1,126.17060999946261,0.0,126.17060999946261,126.17060999946261,126.17060999946261,126.17060999946261
torchdiffeq,midpoint,1,379.18873699891265,0.0,379.18873699891265,379.18873699891265,379.18873699891265,379.18873699891265
torchdiffeq,rk4,1,633.9033270014625,0.0,633.9033270014625,633.9033270014625,633.9033270014625,633.9033270014625
