backend,method,n_trials,avg_ms,std_ms,p50_ms,p95_ms,min_ms,max_ms
legacy,euler,20,169.37661845001912,7.156770914318939,169.04965150001772,181.47276584982137,159.82482499975958,183.07075800021266
torchdiffeq,euler,20,221.19851539998763,33.097296033754965,230.24761050010056,264.2840125997509,166.4260180000383,268.1917540003269
legacy,midpoint,20,351.0087443000657,47.99756059602835,337.9468345001442,397.43064240008164,319.63561200018376,550.5243850002444
torchdiffeq,midpoint,20,403.81925889994363,68.49677545349536,382.1433179998621,511.1059158500666,331.48991699999897,534.789660000115
legacy,rk4,20,741.3435610500073,120.05183810786491,687.289827000086,945.5026916499947,641.6367189999619,1090.340463999837
torchdiffeq,rk4,20,743.3731513000566,110.42089219259108,688.0363570003283,968.996228300216,648.7369250003212,971.3505999998233
