backend,method,n_trials,avg_ms,std_ms,p50_ms,p95_ms,min_ms,max_ms
legacy,euler,20,150.86624214982294,28.75322564579541,149.35418449931603,198.0208047002634,112.90920600004029,209.11163099844998
torchdiffeq,euler,20,131.70769030002702,7.5743770691230266,128.3475564987384,148.4176083494276,123.43268600125157,149.51402900078392
legacy,midpoint,20,251.67664079990573,9.402093334207226,249.20058299994707,272.2619935500006,240.41309300082503,275.23833499981265
torchdiffeq,midpoint,20,323.8469578501281,80.10322101809534,330.6760734994896,428.6199388510796,231.64135400111263,569.2637120009749
legacy,rk4,20,513.3347240502189,62.771272238103194,498.7874965008814,634.9242575499375,450.2345479995711,685.3491660003783
torchdiffeq,rk4,20,531.2553830000979,76.54151862444711,493.03971900008037,685.7460403999539,466.59174200067355,732.042341000124
