backend,method,n_trials,avg_ms,std_ms,p50_ms,p95_ms,min_ms,max_ms
legacy,euler,20,276.87172740024835,65.34780420708955,237.92038900046464,404.7058439007742,219.4341890008218,414.2775860000256
torchdiffeq,euler,20,245.56590339998365,13.12624765502079,242.06066750048194,269.61218615088,224.83207100049185,276.8454319993907
legacy,midpoint,20,533.2590314998924,86.7078296400979,482.69887449896487,673.7452836495322,447.92274499923224,707.3009870000533
torchdiffeq,midpoint,20,542.0857633997912,81.35899821396288,502.3795315000825,675.6973828501032,455.0815429993236,720.8811849995982
legacy,rk4,20,1019.8855503000232,141.99752180442965,963.8372490007896,1292.0234789003189,902.9914929997176,1377.6003699986177
torchdiffeq,rk4,20,1178.268703699996,356.2739534761359,979.0293534997545,1976.2563254496856,901.5130169991608,2334.5377759997064
