backend,method,n_trials,avg_ms,std_ms,p50_ms,p95_ms,min_ms,max_ms
legacy,euler,20,166.89497519992074,17.443993515324404,162.33530600038648,193.01367345124163,143.4685950007406,208.79116800097108
torchdiffeq,euler,20,124.50749609979539,9.324654442545222,125.98827149940917,132.7647760490436,112.10549299903505,156.10981100144272
legacy,midpoint,20,237.11465810001755,9.1918621709038,236.53875150012027,251.71381454920265,223.67803300039668,257.19659800051886
torchdiffeq,midpoint,20,288.11587254976985,39.75126900013443,279.588997999781,349.8265290985728,237.3683349997009,352.8869179990579
legacy,rk4,20,488.86820009993244,68.38185597222198,471.98928050056566,520.8459636993214,450.2844060007192,780.1424919998681
torchdiffeq,rk4,20,541.1527092999677,117.72976427218362,471.5035884992176,815.6384938505653,450.4509329999564,846.2287000002107
