backend,method,n_trials,avg_ms,std_ms,p50_ms,p95_ms,min_ms,max_ms
legacy,euler,20,117.90992799997184,5.261481894193378,116.83537299995805,127.11282160080373,111.83453000012378,132.1378580014425
torchdiffeq,euler,20,165.31647714964492,17.1384796924787,161.0080239988747,201.63467965076052,135.64708699959738,208.997248999367
legacy,midpoint,20,252.21395469980052,46.109804223240744,234.71428099946934,363.50770564949926,221.63393299888412,364.8200099996757
torchdiffeq,midpoint,20,236.22469769998133,10.19511300364584,232.03250599999592,250.339697248819,221.41207300046517,258.778760999121
legacy,rk4,20,546.1346748999858,101.34612458402712,478.41380199952255,705.1849981489795,459.7454899994773,723.9656839992676
torchdiffeq,rk4,20,541.6205614998034,89.85009120119439,491.7819675001738,697.3777876984968,462.12829900105135,766.9125949996669
