backend,method,n_trials,avg_ms,std_ms,p50_ms,p95_ms,min_ms,max_ms
legacy,euler,20,117.37825469990639,5.692663992863075,115.85492100039119,125.8934551488892,111.04096400049457,135.64703200063377
torchdiffeq,euler,20,126.44426780016147,7.272954292884532,123.55687450053665,139.0101927016076,117.9603379987384,139.61030199970992
legacy,midpoint,20,243.54769235005733,29.78399398753302,233.53238750041783,309.1547082506623,221.02046699910716,347.8449260001071
torchdiffeq,midpoint,20,291.39065000008486,50.53283756594099,298.58390649951616,361.6334965502574,226.0609269997076,366.68678500063834
legacy,rk4,20,510.8056937000583,70.03651073635673,476.0924675001661,651.0647053006323,457.32574700014084,709.2312540007697
torchdiffeq,rk4,20,524.820920449838,73.32058167179265,493.3859795000899,676.5526149497418,455.4510100006155,696.1804309994477
