backend,method,n_trials,avg_ms,std_ms,p50_ms,p95_ms,min_ms,max_ms
legacy_euler,euler,20,113.72782345008545,5.272067732946728,113.66430000020955,120.68804369996542,105.78383499978372,128.1293500001084
torchdiffeq,euler,20,129.0459345499812,29.55506087461286,120.22941699979128,204.7117440500415,105.91883899996901,221.13992399999916
torchdiffeq,midpoint,20,116.56381909997435,6.5528407888399745,115.51478849992236,129.38608550005029,108.03480200002014,130.597668000064
torchdiffeq,rk4,20,149.97918030001074,31.659280482223366,150.198363500067,204.93646439999793,108.72233899999628,213.11192500024845
