backend,method,n_trials,avg_ms,std_ms,p50_ms,p95_ms,min_ms,max_ms
legacy_euler,euler,20,155.57212019998587,11.877588443551419,153.8002224997399,180.69979265005713,138.37023499945644,181.51397400015412
torchdiffeq,euler,20,123.03019425003185,17.140050508991603,115.01860050020696,150.19805565048048,110.68991699994513,186.02536100024736
torchdiffeq,midpoint,20,113.3430225000211,5.98210657622418,112.82837150019986,122.73217434994876,106.15371499989124,128.28567199994723
torchdiffeq,rk4,20,118.65779694994671,6.122954666313904,116.50467099980233,129.60187960006806,110.53995699967345,136.5762209998138
torchdiffeq,dopri5,20,117.49792679997881,6.130954471151398,117.35019849993478,128.1919571992148,109.46322699965094,131.302241999947
