backend,method,n_trials,avg_ms,std_ms,p50_ms,p95_ms,min_ms,max_ms
torchdiffeq,euler,1,129.17460899961952,0.0,129.17460899961952,129.17460899961952,129.17460899961952,129.17460899961952
torchdiffeq,midpoint,1,257.33401600018624,0.0,257.33401600018624,257.33401600018624,257.33401600018624,257.33401600018624
torchdiffeq,rk4,1,588.50942700019,0.0,588.50942700019,588.50942700019,588.50942700019,588.50942700019
