backend,method,n_trials,avg_ms,std_ms,p50_ms,p95_ms,min_ms,max_ms
torchdiffeq,euler,1,300.8679869999469,0.0,300.8679869999469,300.8679869999469,300.8679869999469,300.8679869999469
torchdiffeq,midpoint,1,334.8877829994308,0.0,334.8877829994308,334.8877829994308,334.8877829994308,334.8877829994308
torchdiffeq,rk4,1,464.32972899947345,0.0,464.32972899947345,464.32972899947345,464.32972899947345,464.32972899947345
