backend,method,n_trials,avg_ms,std_ms,p50_ms,p95_ms,min_ms,max_ms
legacy_euler,euler,20,191.23071515004995,16.189550584152737,185.37028499986263,207.79454279991117,177.8395970004567,251.50660400049674
torchdiffeq,euler,20,205.65184235001652,32.822389389788654,199.6542394995231,237.64873120039744,179.3374449998737,331.90408700011176
torchdiffeq,midpoint,20,247.9467853001097,40.34007365416636,248.2111829999667,312.4927949508219,178.3115460002591,344.37762500056124
torchdiffeq,rk4,20,195.2399305500876,14.872555835296724,188.67785649990765,220.05025409971495,176.94465099975787,234.42265399989992
torchdiffeq,dopri5,20,201.23680680003417,33.63295800597595,188.30737999996927,290.33165185019243,175.7998969997061,307.0095069997478
