backend,method,n_trials,avg_ms,std_ms,p50_ms,p95_ms,min_ms,max_ms
legacy,euler,20,115.58115415009524,6.824350999575267,114.77331000060076,127.09225545004301,105.23334300160059,129.0691379999771
torchdiffeq,euler,20,124.46527974971104,4.8635206250346865,122.7212049998343,134.22188245049256,117.9021770003601,137.83724899985828
legacy,midpoint,20,235.74234209982023,13.23384825575325,229.08852549971925,253.84728354920298,222.76838900143048,272.85331699931703
torchdiffeq,midpoint,20,306.6990410501603,47.049466833765095,311.5240570004971,375.426196249191,235.65855900051247,386.4506089994393
legacy,rk4,20,523.3515414001886,109.90760360939515,478.8434479996795,782.9291684506644,457.98483900034626,863.7741960010317
torchdiffeq,rk4,20,748.5257994996573,292.14118890317985,678.616737498487,1316.8510336994586,451.20607200078666,1350.219815998571
