backend,method,n_trials,avg_ms,std_ms,p50_ms,p95_ms,min_ms,max_ms
legacy_euler,euler,20,58.899707050045436,15.55802316950767,63.224446500043996,76.84196400025485,40.50897100023576,77.43580900023517
torchdiffeq,euler,20,130.4946568999867,329.6581057511738,54.09169799986557,144.18625275011544,49.51878100018803,1567.3192129997915
torchdiffeq,midpoint,20,106.08151094995719,9.700575734391098,103.91140099977747,128.31048965010723,95.89824700015015,130.97679100019377
torchdiffeq,rk4,20,229.16910785002074,27.60762066010696,220.9798795001916,262.98558130004045,204.25497699989137,328.9794649999749
