backend,method,n_trials,avg_ms,std_ms,p50_ms,p95_ms,min_ms,max_ms
torchdiffeq,euler,1,128.8050429998293,0.0,128.8050429998293,128.8050429998293,128.8050429998293,128.8050429998293
torchdiffeq,midpoint,1,228.2475169999998,0.0,228.2475169999998,228.2475169999998,228.2475169999998,228.2475169999998
torchdiffeq,rk4,1,481.8133049998323,0.0,481.8133049998323,481.8133049998323,481.8133049998323,481.8133049998323
