backend,method,n_trials,avg_ms,std_ms,p50_ms,p95_ms,min_ms,max_ms
legacy,euler,20,56.2458227001116,3.4144484312838146,55.41098400044575,63.02028105046702,52.524335000271094,65.59430699962832
torchdiffeq,euler,20,61.13345155008574,6.744577820738806,59.21801400018012,76.37505889915701,55.60889100161148,83.60660899961658
legacy,midpoint,20,127.43417955007317,11.107148052158742,123.53682050070347,139.87847289999993,114.98710500018205,166.9141980000859
torchdiffeq,midpoint,20,127.33618020010908,13.87582693754108,121.2040660002458,150.66843424974653,115.64831000032427,173.70240499985812
legacy,rk4,20,302.70692335016065,43.307664019282655,310.82621900077356,369.24769649949667,222.97975699984818,381.203570001162
torchdiffeq,rk4,20,235.3056091498729,7.2527082464009895,233.9692069999728,248.16345005001494,223.8239700000122,251.18237999959092
