Candidate,FolderName,split,geo,tightened,variant,mask,n_success,success_relaxed,n_success_and_constraints,collision_free_completed,constraint_exec_sat_rate,n_violations,mean_dist_per_rollout,max_phys_error_per_rollout,n_steps,avg_time,avg_time_ms,n_rollouts
1,H8_K20_Meuler_T0.5_Dfm_visual_aligning.models.visual_gaussian_diffusion.VisualFlowMatching_VTrue_mpc4_filmv2,train,combined_5,False,diffuser,all,0.0,,,,,,0.7215146746971152,0.2899603061378002,400.0,0.33086447258790336,330.8644725879033,3
1,H8_K20_Meuler_T0.5_Dfm_visual_aligning.models.visual_gaussian_diffusion.VisualFlowMatching_VTrue_mpc4_filmv2,train,combined_5,False,diffuser,unfrozen,0.0,,,,,,0.7215146746971152,0.2899603061378002,400.0,0.33086447258790336,330.8644725879033,3
1,H8_K20_Meuler_T0.5_Dfm_visual_aligning.models.visual_gaussian_diffusion.VisualFlowMatching_VTrue_mpc4_filmv2,train,combined_5,False,dpcc-r,all,0.0,,0.0,0.0,0.6575,137.0,0.3298389961958814,2.106120199504718,400.0,5.89380774974823,5893.80774974823,1
1,H8_K20_Meuler_T0.5_Dfm_visual_aligning.models.visual_gaussian_diffusion.VisualFlowMatching_VTrue_mpc4_filmv2,train,combined_5,False,dpcc-r,unfrozen,0.0,,0.0,0.0,0.6575,137.0,0.3298389961958814,2.106120199504718,400.0,5.89380774974823,5893.80774974823,1
1,H8_K20_Meuler_T0.5_Dfm_visual_aligning.models.visual_gaussian_diffusion.VisualFlowMatching_VTrue_mpc4_filmv2,train,dynamics_bounds_only,False,diffuser,all,0.0,,,,,,0.7215146746971152,0.2899603061378002,400.0,0.3206335018078486,320.63350180784863,3
1,H8_K20_Meuler_T0.5_Dfm_visual_aligning.models.visual_gaussian_diffusion.VisualFlowMatching_VTrue_mpc4_filmv2,train,dynamics_bounds_only,False,diffuser,unfrozen,0.0,,,,,,0.7215146746971152,0.2899603061378002,400.0,0.3206335018078486,320.63350180784863,3
1,H8_K20_Meuler_T0.5_Dfm_visual_aligning.models.visual_gaussian_diffusion.VisualFlowMatching_VTrue_mpc4_filmv2,train,dynamics_bounds_only,False,dpcc-r,all,0.0,,,,,,0.43218836597063004,1.1358903646469116,400.0,0.4546464298168818,454.64642981688183,3
1,H8_K20_Meuler_T0.5_Dfm_visual_aligning.models.visual_gaussian_diffusion.VisualFlowMatching_VTrue_mpc4_filmv2,train,dynamics_bounds_only,False,dpcc-r,unfrozen,0.0,,,,,,0.43218836597063004,1.1358903646469116,400.0,0.4546464298168818,454.64642981688183,3
1,H8_K20_Meuler_T0.5_Dfm_visual_aligning.models.visual_gaussian_diffusion.VisualFlowMatching_VTrue_mpc4_filmv2,train,dynamics_bounds_only,False,dpcc-c,all,0.0,,,,,,0.6261830565569352,0.6897292770445347,400.0,0.44761466006437933,447.6146600643794,3
1,H8_K20_Meuler_T0.5_Dfm_visual_aligning.models.visual_gaussian_diffusion.VisualFlowMatching_VTrue_mpc4_filmv2,train,dynamics_bounds_only,False,dpcc-c,unfrozen,0.0,,,,,,0.6261830565569352,0.6897292770445347,400.0,0.44761466006437933,447.6146600643794,3
1,H8_K20_Meuler_T0.5_Dfm_visual_aligning.models.visual_gaussian_diffusion.VisualFlowMatching_VTrue_mpc4_filmv2,train,dynamics_bounds_only,False,dpcc-t,all,0.0,,,,,,0.37026984595666695,0.9643313686052958,400.0,0.44398218711217247,443.9821871121724,3
1,H8_K20_Meuler_T0.5_Dfm_visual_aligning.models.visual_gaussian_diffusion.VisualFlowMatching_VTrue_mpc4_filmv2,train,dynamics_bounds_only,False,dpcc-t,unfrozen,0.0,,,,,,0.37026984595666695,0.9643313686052958,400.0,0.44398218711217247,443.9821871121724,3
1,H8_K20_Meuler_T0.5_Dfm_visual_aligning.models.visual_gaussian_diffusion.VisualFlowMatching_VTrue_mpc4_filmv2,train,dynamics_bounds_only,False,dpcc-c-dt0p25,all,0.0,,,,,,0.40901964019677345,0.13927603016297022,400.0,0.44455102006594344,444.5510200659434,3
1,H8_K20_Meuler_T0.5_Dfm_visual_aligning.models.visual_gaussian_diffusion.VisualFlowMatching_VTrue_mpc4_filmv2,train,dynamics_bounds_only,False,dpcc-c-dt0p25,unfrozen,0.0,,,,,,0.40901964019677345,0.13927603016297022,400.0,0.44455102006594344,444.5510200659434,3
1,H8_K20_Meuler_T0.5_Dfm_visual_aligning.models.visual_gaussian_diffusion.VisualFlowMatching_VTrue_mpc4_filmv2,train,dynamics_bounds_only,False,dpcc-c-dt0p5,all,0.0,,,,,,0.5526309868800464,0.7118517272174358,400.0,0.559027396440506,559.027396440506,3
1,H8_K20_Meuler_T0.5_Dfm_visual_aligning.models.visual_gaussian_diffusion.VisualFlowMatching_VTrue_mpc4_filmv2,train,dynamics_bounds_only,False,dpcc-c-dt0p5,unfrozen,0.0,,,,,,0.5526309868800464,0.7118517272174358,400.0,0.559027396440506,559.027396440506,3
1,H8_K20_Meuler_T0.5_Dfm_visual_aligning.models.visual_gaussian_diffusion.VisualFlowMatching_VTrue_mpc4_filmv2,train,dynamics_bounds_only,False,dpcc-c-dt2p0,all,0.0,,,,,,0.40763496853361186,0.9154621958732605,400.0,0.45769571721553803,457.695717215538,3
1,H8_K20_Meuler_T0.5_Dfm_visual_aligning.models.visual_gaussian_diffusion.VisualFlowMatching_VTrue_mpc4_filmv2,train,dynamics_bounds_only,False,dpcc-c-dt2p0,unfrozen,0.0,,,,,,0.40763496853361186,0.9154621958732605,400.0,0.45769571721553803,457.695717215538,3
1,H8_K20_Meuler_T0.5_Dfm_visual_aligning.models.visual_gaussian_diffusion.VisualFlowMatching_VTrue_mpc4_filmv2,train,dynamics_bounds_only,False,dpcc-c-dt4p0,all,0.0,,,,,,0.3817886312171667,1.2195891936620076,400.0,0.4476295624176661,447.62956241766614,3
1,H8_K20_Meuler_T0.5_Dfm_visual_aligning.models.visual_gaussian_diffusion.VisualFlowMatching_VTrue_mpc4_filmv2,train,dynamics_bounds_only,False,dpcc-c-dt4p0,unfrozen,0.0,,,,,,0.3817886312171667,1.2195891936620076,400.0,0.4476295624176661,447.62956241766614,3
1,H8_K20_Meuler_T0.5_Dfm_visual_aligning.models.visual_gaussian_diffusion.VisualFlowMatching_VTrue_mpc4_filmv2,train,dynamics_bounds_only,False,gradient,all,0.0,,,,,,0.37083728471407573,0.9062942465146383,400.0,0.3322829409440358,332.28294094403583,3
1,H8_K20_Meuler_T0.5_Dfm_visual_aligning.models.visual_gaussian_diffusion.VisualFlowMatching_VTrue_mpc4_filmv2,train,dynamics_bounds_only,False,gradient,unfrozen,0.0,,,,,,0.37083728471407573,0.9062942465146383,400.0,0.3322829409440358,332.28294094403583,3
1,H8_K20_Meuler_T0.5_Dfm_visual_aligning.models.visual_gaussian_diffusion.VisualFlowMatching_VTrue_mpc4_filmv2,train,dynamics_bounds_only,False,post_processing,all,0.0,,,,,,0.829600333077649,0.29721611241499585,400.0,0.33210144778092704,332.101447780927,3
1,H8_K20_Meuler_T0.5_Dfm_visual_aligning.models.visual_gaussian_diffusion.VisualFlowMatching_VTrue_mpc4_filmv2,train,dynamics_bounds_only,False,post_processing,unfrozen,0.0,,,,,,0.829600333077649,0.29721611241499585,400.0,0.33210144778092704,332.101447780927,3
1,H8_K20_Meuler_T0.5_Dfm_visual_aligning.models.visual_gaussian_diffusion.VisualFlowMatching_VTrue_mpc4_filmv2,train,dynamics_bounds_only,False,model_free,all,0.0,,,,,,0.7764890176139296,0.3855893338720004,400.0,0.3811763878663381,381.1763878663381,3
1,H8_K20_Meuler_T0.5_Dfm_visual_aligning.models.visual_gaussian_diffusion.VisualFlowMatching_VTrue_mpc4_filmv2,train,dynamics_bounds_only,False,model_free,unfrozen,0.0,,,,,,0.7764890176139296,0.3855893338720004,400.0,0.3811763878663381,381.1763878663381,3
1,H8_K20_Meuler_T0.5_Dfm_visual_aligning.models.visual_gaussian_diffusion.VisualFlowMatching_VTrue_mpc4_filmv2,train,dynamics_only,False,diffuser,all,0.0,,,,,,0.7215146746971152,0.2899603061378002,400.0,0.3209535684188207,320.9535684188207,3
1,H8_K20_Meuler_T0.5_Dfm_visual_aligning.models.visual_gaussian_diffusion.VisualFlowMatching_VTrue_mpc4_filmv2,train,dynamics_only,False,diffuser,unfrozen,0.0,,,,,,0.7215146746971152,0.2899603061378002,400.0,0.3209535684188207,320.9535684188207,3
1,H8_K20_Meuler_T0.5_Dfm_visual_aligning.models.visual_gaussian_diffusion.VisualFlowMatching_VTrue_mpc4_filmv2,train,dynamics_only,False,dpcc-r,all,0.0,,,,,,0.677684123283402,1.0122071703275044,400.0,0.42112617274125413,421.12617274125415,3
1,H8_K20_Meuler_T0.5_Dfm_visual_aligning.models.visual_gaussian_diffusion.VisualFlowMatching_VTrue_mpc4_filmv2,train,dynamics_only,False,dpcc-r,unfrozen,0.0,,,,,,0.677684123283402,1.0122071703275044,400.0,0.42112617274125413,421.12617274125415,3
1,H8_K20_Meuler_T0.5_Dfm_visual_aligning.models.visual_gaussian_diffusion.VisualFlowMatching_VTrue_mpc4_filmv2,train,dynamics_only,False,dpcc-c,all,0.0,,,,,,0.678428083747221,0.6509313409527143,400.0,0.424082133769989,424.082133769989,3
1,H8_K20_Meuler_T0.5_Dfm_visual_aligning.models.visual_gaussian_diffusion.VisualFlowMatching_VTrue_mpc4_filmv2,train,dynamics_only,False,dpcc-c,unfrozen,0.0,,,,,,0.678428083747221,0.6509313409527143,400.0,0.424082133769989,424.082133769989,3
1,H8_K20_Meuler_T0.5_Dfm_visual_aligning.models.visual_gaussian_diffusion.VisualFlowMatching_VTrue_mpc4_filmv2,train,dynamics_only,False,dpcc-t,all,0.0,,,,,,0.8682655435430453,0.6647910177707672,400.0,0.42023960053920745,420.23960053920746,3
1,H8_K20_Meuler_T0.5_Dfm_visual_aligning.models.visual_gaussian_diffusion.VisualFlowMatching_VTrue_mpc4_filmv2,train,dynamics_only,False,dpcc-t,unfrozen,0.0,,,,,,0.8682655435430453,0.6647910177707672,400.0,0.42023960053920745,420.23960053920746,3
1,H8_K20_Meuler_T0.5_Dfm_visual_aligning.models.visual_gaussian_diffusion.VisualFlowMatching_VTrue_mpc4_filmv2,train,dynamics_only,False,dpcc-c-dt0p25,all,0.0,,,,,,0.5146552536065317,0.2598608545958996,400.0,0.4172253123919169,417.22531239191693,3
1,H8_K20_Meuler_T0.5_Dfm_visual_aligning.models.visual_gaussian_diffusion.VisualFlowMatching_VTrue_mpc4_filmv2,train,dynamics_only,False,dpcc-c-dt0p25,unfrozen,0.0,,,,,,0.5146552536065317,0.2598608545958996,400.0,0.4172253123919169,417.22531239191693,3
1,H8_K20_Meuler_T0.5_Dfm_visual_aligning.models.visual_gaussian_diffusion.VisualFlowMatching_VTrue_mpc4_filmv2,train,dynamics_only,False,dpcc-c-dt0p5,all,0.0,,,,,,0.6457655784923709,0.17215431109070778,400.0,0.4252139244476954,425.21392444769543,3
1,H8_K20_Meuler_T0.5_Dfm_visual_aligning.models.visual_gaussian_diffusion.VisualFlowMatching_VTrue_mpc4_filmv2,train,dynamics_only,False,dpcc-c-dt0p5,unfrozen,0.0,,,,,,0.6457655784923709,0.17215431109070778,400.0,0.4252139244476954,425.21392444769543,3
1,H8_K20_Meuler_T0.5_Dfm_visual_aligning.models.visual_gaussian_diffusion.VisualFlowMatching_VTrue_mpc4_filmv2,train,dynamics_only,False,dpcc-c-dt2p0,all,0.0,,,,,,0.6873390461955741,0.9414051373799642,400.0,0.4348919751246771,434.891975124677,3
1,H8_K20_Meuler_T0.5_Dfm_visual_aligning.models.visual_gaussian_diffusion.VisualFlowMatching_VTrue_mpc4_filmv2,train,dynamics_only,False,dpcc-c-dt2p0,unfrozen,0.0,,,,,,0.6873390461955741,0.9414051373799642,400.0,0.4348919751246771,434.891975124677,3
1,H8_K20_Meuler_T0.5_Dfm_visual_aligning.models.visual_gaussian_diffusion.VisualFlowMatching_VTrue_mpc4_filmv2,train,dynamics_only,False,dpcc-c-dt4p0,all,0.0,,,,,,0.3817886312171667,1.1904338995615642,400.0,0.42941887219746905,429.41887219746906,3
1,H8_K20_Meuler_T0.5_Dfm_visual_aligning.models.visual_gaussian_diffusion.VisualFlowMatching_VTrue_mpc4_filmv2,train,dynamics_only,False,dpcc-c-dt4p0,unfrozen,0.0,,,,,,0.3817886312171667,1.1904338995615642,400.0,0.42941887219746905,429.41887219746906,3
1,H8_K20_Meuler_T0.5_Dfm_visual_aligning.models.visual_gaussian_diffusion.VisualFlowMatching_VTrue_mpc4_filmv2,train,dynamics_only,False,gradient,all,0.0,,,,,,0.38431614787097973,0.4643401503562927,400.0,0.3301157154639562,330.1157154639562,3
1,H8_K20_Meuler_T0.5_Dfm_visual_aligning.models.visual_gaussian_diffusion.VisualFlowMatching_VTrue_mpc4_filmv2,train,dynamics_only,False,gradient,unfrozen,0.0,,,,,,0.38431614787097973,0.4643401503562927,400.0,0.3301157154639562,330.1157154639562,3
1,H8_K20_Meuler_T0.5_Dfm_visual_aligning.models.visual_gaussian_diffusion.VisualFlowMatching_VTrue_mpc4_filmv2,train,dynamics_only,False,post_processing,all,0.0,,,,,,0.829600333077649,0.29721611241499585,400.0,0.32124833047389983,321.24833047389984,3
1,H8_K20_Meuler_T0.5_Dfm_visual_aligning.models.visual_gaussian_diffusion.VisualFlowMatching_VTrue_mpc4_filmv2,train,dynamics_only,False,post_processing,unfrozen,0.0,,,,,,0.829600333077649,0.29721611241499585,400.0,0.32124833047389983,321.24833047389984,3
1,H8_K20_Meuler_T0.5_Dfm_visual_aligning.models.visual_gaussian_diffusion.VisualFlowMatching_VTrue_mpc4_filmv2,train,dynamics_only,False,model_free,all,0.0,,,,,,0.829600333077649,0.29721611241499585,400.0,0.32212141474088035,322.1214147408803,3
1,H8_K20_Meuler_T0.5_Dfm_visual_aligning.models.visual_gaussian_diffusion.VisualFlowMatching_VTrue_mpc4_filmv2,train,dynamics_only,False,model_free,unfrozen,0.0,,,,,,0.829600333077649,0.29721611241499585,400.0,0.32212141474088035,322.1214147408803,3
2,H8_K20_Meuler_T0.5_Dfm_visual_aligning.models.visual_gaussian_diffusion.VisualFlowMatching_VTrue_mpc4_filmv2,train,combined_5,False,diffuser,all,0.0,,,,,,0.7215146746971152,0.2899603061378002,400.0,0.32569127062956493,325.69127062956494,3
2,H8_K20_Meuler_T0.5_Dfm_visual_aligning.models.visual_gaussian_diffusion.VisualFlowMatching_VTrue_mpc4_filmv2,train,combined_5,False,diffuser,unfrozen,0.0,,,,,,0.7215146746971152,0.2899603061378002,400.0,0.32569127062956493,325.69127062956494,3
2,H8_K20_Meuler_T0.5_Dfm_visual_aligning.models.visual_gaussian_diffusion.VisualFlowMatching_VTrue_mpc4_filmv2,train,combined_5,False,dpcc-c,all,0.0,,,,,,0.8479497013388014,0.33907049397627514,400.0,13.523708179195722,13523.708179195723,3
2,H8_K20_Meuler_T0.5_Dfm_visual_aligning.models.visual_gaussian_diffusion.VisualFlowMatching_VTrue_mpc4_filmv2,train,combined_5,False,dpcc-c,unfrozen,0.0,,,,,,0.8479497013388014,0.33907049397627514,400.0,13.523708179195722,13523.708179195723,3
2,H8_K20_Meuler_T0.5_Dfm_visual_aligning.models.visual_gaussian_diffusion.VisualFlowMatching_VTrue_mpc4_filmv2,train,combined_5,False,dpcc-t,all,0.0,,,,,,0.8007926579389223,1.56570037206014,400.0,26.701159729560217,26701.159729560215,3
2,H8_K20_Meuler_T0.5_Dfm_visual_aligning.models.visual_gaussian_diffusion.VisualFlowMatching_VTrue_mpc4_filmv2,train,combined_5,False,dpcc-t,unfrozen,0.0,,,,,,0.8007926579389223,1.56570037206014,400.0,26.701159729560217,26701.159729560215,3
2,H8_K20_Meuler_T0.5_Dfm_visual_aligning.models.visual_gaussian_diffusion.VisualFlowMatching_VTrue_mpc4_filmv2,train,combined_5,False,post_processing,all,0.0,,,,,,0.829600333077649,0.29721611241499585,400.0,0.3221530681848526,322.1530681848526,3
2,H8_K20_Meuler_T0.5_Dfm_visual_aligning.models.visual_gaussian_diffusion.VisualFlowMatching_VTrue_mpc4_filmv2,train,combined_5,False,post_processing,unfrozen,0.0,,,,,,0.829600333077649,0.29721611241499585,400.0,0.3221530681848526,322.1530681848526,3
2,H8_K20_Meuler_T0.5_Dfm_visual_aligning.models.visual_gaussian_diffusion.VisualFlowMatching_VTrue_mpc4_filmv2,train,combined_5,False,model_free,all,0.0,,,,,,0.8798340308478441,0.5648359221716722,400.0,0.43777877390384673,437.77877390384674,3
2,H8_K20_Meuler_T0.5_Dfm_visual_aligning.models.visual_gaussian_diffusion.VisualFlowMatching_VTrue_mpc4_filmv2,train,combined_5,False,model_free,unfrozen,0.0,,,,,,0.8798340308478441,0.5648359221716722,400.0,0.43777877390384673,437.77877390384674,3
2,H8_K20_Meuler_T0.5_Dfm_visual_aligning.models.visual_gaussian_diffusion.VisualFlowMatching_VTrue_mpc4_filmv2,train,combined_5-tightened,True,diffuser,all,0.0,,,,,,0.7215146746971152,0.2899603061378002,400.0,0.32984764595826466,329.84764595826465,3
2,H8_K20_Meuler_T0.5_Dfm_visual_aligning.models.visual_gaussian_diffusion.VisualFlowMatching_VTrue_mpc4_filmv2,train,combined_5-tightened,True,diffuser,unfrozen,0.0,,,,,,0.7215146746971152,0.2899603061378002,400.0,0.32984764595826466,329.84764595826465,3
2,H8_K20_Meuler_T0.5_Dfm_visual_aligning.models.visual_gaussian_diffusion.VisualFlowMatching_VTrue_mpc4_filmv2,train,combined_5-tightened,True,dpcc-c,all,0.0,,0.0,0.5,0.72875,108.5,0.44954384657288704,0.8288946772351057,400.0,20.484409590661524,20484.409590661526,2
2,H8_K20_Meuler_T0.5_Dfm_visual_aligning.models.visual_gaussian_diffusion.VisualFlowMatching_VTrue_mpc4_filmv2,train,combined_5-tightened,True,dpcc-c,unfrozen,0.0,,0.0,0.5,0.72875,108.5,0.44954384657288704,0.8288946772351057,400.0,20.484409590661524,20484.409590661526,2
2,H8_K20_Meuler_T0.5_Dfm_visual_aligning.models.visual_gaussian_diffusion.VisualFlowMatching_VTrue_mpc4_filmv2,train,dynamics_only,False,diffuser,all,0.0,,,,,,0.7215146746971152,0.2899603061378002,400.0,0.3173177299896876,317.3177299896876,3
2,H8_K20_Meuler_T0.5_Dfm_visual_aligning.models.visual_gaussian_diffusion.VisualFlowMatching_VTrue_mpc4_filmv2,train,dynamics_only,False,diffuser,unfrozen,0.0,,,,,,0.7215146746971152,0.2899603061378002,400.0,0.3173177299896876,317.3177299896876,3
2,H8_K20_Meuler_T0.5_Dfm_visual_aligning.models.visual_gaussian_diffusion.VisualFlowMatching_VTrue_mpc4_filmv2,train,dynamics_only,False,dpcc-c,all,0.0,,,,,,0.678428083747221,0.6509313409527143,400.0,0.4274794894456863,427.47948944568634,3
2,H8_K20_Meuler_T0.5_Dfm_visual_aligning.models.visual_gaussian_diffusion.VisualFlowMatching_VTrue_mpc4_filmv2,train,dynamics_only,False,dpcc-c,unfrozen,0.0,,,,,,0.678428083747221,0.6509313409527143,400.0,0.4274794894456863,427.47948944568634,3
2,H8_K20_Meuler_T0.5_Dfm_visual_aligning.models.visual_gaussian_diffusion.VisualFlowMatching_VTrue_mpc4_filmv2,train,dynamics_only,False,dpcc-t,all,0.0,,,,,,0.8682655435430453,0.6647910177707672,400.0,0.4196249312162399,419.62493121623993,3
2,H8_K20_Meuler_T0.5_Dfm_visual_aligning.models.visual_gaussian_diffusion.VisualFlowMatching_VTrue_mpc4_filmv2,train,dynamics_only,False,dpcc-t,unfrozen,0.0,,,,,,0.8682655435430453,0.6647910177707672,400.0,0.4196249312162399,419.62493121623993,3
2,H8_K20_Meuler_T0.5_Dfm_visual_aligning.models.visual_gaussian_diffusion.VisualFlowMatching_VTrue_mpc4_filmv2,train,dynamics_only,False,post_processing,all,0.0,,,,,,0.829600333077649,0.29721611241499585,400.0,0.32180018444856007,321.80018444856006,3
2,H8_K20_Meuler_T0.5_Dfm_visual_aligning.models.visual_gaussian_diffusion.VisualFlowMatching_VTrue_mpc4_filmv2,train,dynamics_only,False,post_processing,unfrozen,0.0,,,,,,0.829600333077649,0.29721611241499585,400.0,0.32180018444856007,321.80018444856006,3
2,H8_K20_Meuler_T0.5_Dfm_visual_aligning.models.visual_gaussian_diffusion.VisualFlowMatching_VTrue_mpc4_filmv2,train,dynamics_only,False,model_free,all,0.0,,,,,,0.829600333077649,0.29721611241499585,400.0,0.3213307934999466,321.3307934999466,3
2,H8_K20_Meuler_T0.5_Dfm_visual_aligning.models.visual_gaussian_diffusion.VisualFlowMatching_VTrue_mpc4_filmv2,train,dynamics_only,False,model_free,unfrozen,0.0,,,,,,0.829600333077649,0.29721611241499585,400.0,0.3213307934999466,321.3307934999466,3
3,H8_K20_Meuler_T0.5_Dfm_visual_aligning.models.visual_gaussian_diffusion.VisualFlowMatching_VTrue_mpc4_filmv2,test,combined_5,False,diffuser,all,0.0,0.0,0.0,0.23333333333333334,0.5706666653354963,171.73333333333332,0.4550702993419634,0.9266034459074338,400.0,0.33492422034343083,334.9242203434308,30
3,H8_K20_Meuler_T0.5_Dfm_visual_aligning.models.visual_gaussian_diffusion.VisualFlowMatching_VTrue_mpc4_filmv2,test,combined_5,False,diffuser,unfrozen,0.0,0.0,0.0,0.23333333333333334,0.5706666653354963,171.73333333333332,0.4550702993419634,0.9266034459074338,400.0,0.33492422034343083,334.9242203434308,30
3,H8_K20_Meuler_T0.5_Dfm_visual_aligning.models.visual_gaussian_diffusion.VisualFlowMatching_VTrue_mpc4_filmv2,train,combined_5,False,diffuser,all,0.0,,,,,,0.7215146746971152,0.2899603061378002,400.0,0.33424273610115046,334.2427361011505,3
3,H8_K20_Meuler_T0.5_Dfm_visual_aligning.models.visual_gaussian_diffusion.VisualFlowMatching_VTrue_mpc4_filmv2,train,combined_5,False,diffuser,unfrozen,0.0,,,,,,0.7215146746971152,0.2899603061378002,400.0,0.33424273610115046,334.2427361011505,3
3,H8_K20_Meuler_T0.5_Dfm_visual_aligning.models.visual_gaussian_diffusion.VisualFlowMatching_VTrue_mpc4_filmv2,train,combined_5,False,dpcc-r,all,0.0,,,,,,0.7002808146334978,1.2234371105829875,400.0,11.406844326456389,11406.844326456388,3
3,H8_K20_Meuler_T0.5_Dfm_visual_aligning.models.visual_gaussian_diffusion.VisualFlowMatching_VTrue_mpc4_filmv2,train,combined_5,False,dpcc-r,unfrozen,0.0,,,,,,0.7002808146334978,1.2234371105829875,400.0,11.406844326456389,11406.844326456388,3
3,H8_K20_Meuler_T0.5_Dfm_visual_aligning.models.visual_gaussian_diffusion.VisualFlowMatching_VTrue_mpc4_filmv2,train,combined_5,False,dpcc-c,all,0.0,,,,,,0.6319172220674365,0.426960298170646,400.0,3.873355675737063,3873.355675737063,3
3,H8_K20_Meuler_T0.5_Dfm_visual_aligning.models.visual_gaussian_diffusion.VisualFlowMatching_VTrue_mpc4_filmv2,train,combined_5,False,dpcc-c,unfrozen,0.0,,,,,,0.6319172220674365,0.426960298170646,400.0,3.873355675737063,3873.355675737063,3
3,H8_K20_Meuler_T0.5_Dfm_visual_aligning.models.visual_gaussian_diffusion.VisualFlowMatching_VTrue_mpc4_filmv2,train,combined_5,False,dpcc-t,all,0.0,,,,,,0.373183399363185,1.418899813046058,400.0,2.9228833226362863,2922.8833226362863,3
3,H8_K20_Meuler_T0.5_Dfm_visual_aligning.models.visual_gaussian_diffusion.VisualFlowMatching_VTrue_mpc4_filmv2,train,combined_5,False,dpcc-t,unfrozen,0.0,,,,,,0.373183399363185,1.418899813046058,400.0,2.9228833226362863,2922.8833226362863,3
3,H8_K20_Meuler_T0.5_Dfm_visual_aligning.models.visual_gaussian_diffusion.VisualFlowMatching_VTrue_mpc4_filmv2,train,combined_5,False,dpcc-c-dt0p25,all,0.0,,,,,,0.7272559306129999,0.8796572685241699,400.0,6.4356008362770085,6435.600836277008,3
3,H8_K20_Meuler_T0.5_Dfm_visual_aligning.models.visual_gaussian_diffusion.VisualFlowMatching_VTrue_mpc4_filmv2,train,combined_5,False,dpcc-c-dt0p25,unfrozen,0.0,,,,,,0.7272559306129999,0.8796572685241699,400.0,6.4356008362770085,6435.600836277008,3
3,H8_K20_Meuler_T0.5_Dfm_visual_aligning.models.visual_gaussian_diffusion.VisualFlowMatching_VTrue_mpc4_filmv2,train,combined_5,False,dpcc-c-dt0p5,all,0.0,,,,,,0.6912975818182844,0.7491904472311338,400.0,6.02636699895064,6026.366998950641,3
3,H8_K20_Meuler_T0.5_Dfm_visual_aligning.models.visual_gaussian_diffusion.VisualFlowMatching_VTrue_mpc4_filmv2,train,combined_5,False,dpcc-c-dt0p5,unfrozen,0.0,,,,,,0.6912975818182844,0.7491904472311338,400.0,6.02636699895064,6026.366998950641,3
3,H8_K20_Meuler_T0.5_Dfm_visual_aligning.models.visual_gaussian_diffusion.VisualFlowMatching_VTrue_mpc4_filmv2,train,combined_5,False,dpcc-c-dt2p0,all,0.0,,,,,,0.3561808421238118,0.12072777499755223,400.0,0.9509897663195929,950.9897663195928,3
3,H8_K20_Meuler_T0.5_Dfm_visual_aligning.models.visual_gaussian_diffusion.VisualFlowMatching_VTrue_mpc4_filmv2,train,combined_5,False,dpcc-c-dt2p0,unfrozen,0.0,,,,,,0.3561808421238118,0.12072777499755223,400.0,0.9509897663195929,950.9897663195928,3
3,H8_K20_Meuler_T0.5_Dfm_visual_aligning.models.visual_gaussian_diffusion.VisualFlowMatching_VTrue_mpc4_filmv2,train,combined_5,False,dpcc-c-dt4p0,all,0.0,,,,,,0.38178863120881185,0.14252234995365143,400.0,0.9569171144564946,956.9171144564947,3
3,H8_K20_Meuler_T0.5_Dfm_visual_aligning.models.visual_gaussian_diffusion.VisualFlowMatching_VTrue_mpc4_filmv2,train,combined_5,False,dpcc-c-dt4p0,unfrozen,0.0,,,,,,0.38178863120881185,0.14252234995365143,400.0,0.9569171144564946,956.9171144564947,3
3,H8_K20_Meuler_T0.5_Dfm_visual_aligning.models.visual_gaussian_diffusion.VisualFlowMatching_VTrue_mpc4_filmv2,train,combined_5,False,gradient,all,0.0,,,,,,0.3662397038507888,1.1559464906652768,400.0,0.3555262315273285,355.5262315273285,3
3,H8_K20_Meuler_T0.5_Dfm_visual_aligning.models.visual_gaussian_diffusion.VisualFlowMatching_VTrue_mpc4_filmv2,train,combined_5,False,gradient,unfrozen,0.0,,,,,,0.3662397038507888,1.1559464906652768,400.0,0.3555262315273285,355.5262315273285,3
3,H8_K20_Meuler_T0.5_Dfm_visual_aligning.models.visual_gaussian_diffusion.VisualFlowMatching_VTrue_mpc4_filmv2,train,combined_5,False,post_processing,all,0.0,,,,,,0.829600333077649,0.29721611241499585,400.0,0.33529024322827655,335.29024322827655,3
3,H8_K20_Meuler_T0.5_Dfm_visual_aligning.models.visual_gaussian_diffusion.VisualFlowMatching_VTrue_mpc4_filmv2,train,combined_5,False,post_processing,unfrozen,0.0,,,,,,0.829600333077649,0.29721611241499585,400.0,0.33529024322827655,335.29024322827655,3
3,H8_K20_Meuler_T0.5_Dfm_visual_aligning.models.visual_gaussian_diffusion.VisualFlowMatching_VTrue_mpc4_filmv2,train,combined_5,False,model_free,all,0.0,,,,,,0.8217048079299875,0.5276443051795164,400.0,0.48803242365519206,488.0324236551921,3
3,H8_K20_Meuler_T0.5_Dfm_visual_aligning.models.visual_gaussian_diffusion.VisualFlowMatching_VTrue_mpc4_filmv2,train,combined_5,False,model_free,unfrozen,0.0,,,,,,0.8217048079299875,0.5276443051795164,400.0,0.48803242365519206,488.0324236551921,3
3,H8_K20_Meuler_T0.5_Dfm_visual_aligning.models.visual_gaussian_diffusion.VisualFlowMatching_VTrue_mpc4_filmv2,train,combined_5,False,geo_free,all,0.0,,,,,,0.43218836597063004,1.1358903646469116,400.0,0.455978613893191,455.97861389319104,3
3,H8_K20_Meuler_T0.5_Dfm_visual_aligning.models.visual_gaussian_diffusion.VisualFlowMatching_VTrue_mpc4_filmv2,train,combined_5,False,geo_free,unfrozen,0.0,,,,,,0.43218836597063004,1.1358903646469116,400.0,0.455978613893191,455.97861389319104,3
3,H8_K20_Meuler_T0.5_Dfm_visual_aligning.models.visual_gaussian_diffusion.VisualFlowMatching_VTrue_mpc4_filmv2,train,combined_5,False,bounds_free,all,0.0,,,,,,0.7425068341453461,0.7773287246624628,400.0,19.27528822203477,19275.28822203477,3
3,H8_K20_Meuler_T0.5_Dfm_visual_aligning.models.visual_gaussian_diffusion.VisualFlowMatching_VTrue_mpc4_filmv2,train,combined_5,False,bounds_free,unfrozen,0.0,,,,,,0.7425068341453461,0.7773287246624628,400.0,19.27528822203477,19275.28822203477,3
3,H8_K20_Meuler_T0.5_Dfm_visual_aligning.models.visual_gaussian_diffusion.VisualFlowMatching_VTrue_mpc4_filmv2,train,combined_5,False,geo_free-bounds_free,all,0.0,,,,,,0.677684123283402,1.0122071703275044,400.0,0.44404270490010583,444.0427049001058,3
3,H8_K20_Meuler_T0.5_Dfm_visual_aligning.models.visual_gaussian_diffusion.VisualFlowMatching_VTrue_mpc4_filmv2,train,combined_5,False,geo_free-bounds_free,unfrozen,0.0,,,,,,0.677684123283402,1.0122071703275044,400.0,0.44404270490010583,444.0427049001058,3
3,H8_K20_Meuler_T0.5_Dfm_visual_aligning.models.visual_gaussian_diffusion.VisualFlowMatching_VTrue_mpc4_filmv2,train,combined_5,False,geo_free-model_free,all,0.0,,,,,,0.7764890176139296,0.3855893338720004,400.0,0.3965224746863047,396.52247468630475,3
3,H8_K20_Meuler_T0.5_Dfm_visual_aligning.models.visual_gaussian_diffusion.VisualFlowMatching_VTrue_mpc4_filmv2,train,combined_5,False,geo_free-model_free,unfrozen,0.0,,,,,,0.7764890176139296,0.3855893338720004,400.0,0.3965224746863047,396.52247468630475,3
3,H8_K20_Meuler_T0.5_Dfm_visual_aligning.models.visual_gaussian_diffusion.VisualFlowMatching_VTrue_mpc4_filmv2,train,combined_5-tightened,True,diffuser,all,0.0,,,,,,0.7215146746971152,0.2899603061378002,400.0,0.32391162633895876,323.91162633895874,3
3,H8_K20_Meuler_T0.5_Dfm_visual_aligning.models.visual_gaussian_diffusion.VisualFlowMatching_VTrue_mpc4_filmv2,train,combined_5-tightened,True,diffuser,unfrozen,0.0,,,,,,0.7215146746971152,0.2899603061378002,400.0,0.32391162633895876,323.91162633895874,3
3,H8_K20_Meuler_T0.5_Dfm_visual_aligning.models.visual_gaussian_diffusion.VisualFlowMatching_VTrue_mpc4_filmv2,train,combined_5-tightened,True,dpcc-r,all,0.0,,,,,,0.6012550381714958,0.541690486172835,400.0,11.34413064698378,11344.130646983782,3
3,H8_K20_Meuler_T0.5_Dfm_visual_aligning.models.visual_gaussian_diffusion.VisualFlowMatching_VTrue_mpc4_filmv2,train,combined_5-tightened,True,dpcc-r,unfrozen,0.0,,,,,,0.6012550381714958,0.541690486172835,400.0,11.34413064698378,11344.130646983782,3
3,H8_K20_Meuler_T0.5_Dfm_visual_aligning.models.visual_gaussian_diffusion.VisualFlowMatching_VTrue_mpc4_filmv2,train,combined_5-tightened,True,dpcc-c,all,0.0,,0.0,0.0,0.65,140.0,0.5735915479226871,0.46867114802186943,400.0,2.5323402208089827,2532.340220808983,1
3,H8_K20_Meuler_T0.5_Dfm_visual_aligning.models.visual_gaussian_diffusion.VisualFlowMatching_VTrue_mpc4_filmv2,train,combined_5-tightened,True,dpcc-c,unfrozen,0.0,,0.0,0.0,0.65,140.0,0.5735915479226871,0.46867114802186943,400.0,2.5323402208089827,2532.340220808983,1
4,H8_K20_Meuler_T0.5_Dfm_visual_aligning.models.visual_gaussian_diffusion.VisualFlowMatching_VTrue_mpc4_filmv1,test,combined_5,False,diffuser,all,0.0,0.0,0.0,0.23333333333333334,0.7929166659712792,82.83333333333333,0.29811791453298786,0.6152464312190811,400.0,0.3025400738914808,302.54007389148074,30
4,H8_K20_Meuler_T0.5_Dfm_visual_aligning.models.visual_gaussian_diffusion.VisualFlowMatching_VTrue_mpc4_filmv1,test,combined_5,False,diffuser,unfrozen,0.0,0.0,0.0,0.23333333333333334,0.7929166659712792,82.83333333333333,0.29811791453298786,0.6152464312190811,400.0,0.3025400738914808,302.54007389148074,30
4,H8_K20_Meuler_T0.5_Dfm_visual_aligning.models.visual_gaussian_diffusion.VisualFlowMatching_VTrue_mpc4_filmv1,test,combined_5,False,dpcc-r,all,0.0,0.03333333333333333,0.0,0.23333333333333334,0.88125,47.5,0.30628138866671206,0.09292901245256265,400.0,1.0324603171547253,1032.4603171547253,30
4,H8_K20_Meuler_T0.5_Dfm_visual_aligning.models.visual_gaussian_diffusion.VisualFlowMatching_VTrue_mpc4_filmv1,test,combined_5,False,dpcc-r,unfrozen,0.0,0.03333333333333333,0.0,0.23333333333333334,0.88125,47.5,0.30628138866671206,0.09292901245256265,400.0,1.0324603171547253,1032.4603171547253,30
4,H8_K20_Meuler_T0.5_Dfm_visual_aligning.models.visual_gaussian_diffusion.VisualFlowMatching_VTrue_mpc4_filmv1,test,combined_5,False,dpcc-c,all,0.0,0.03333333333333333,0.0,0.3,0.8657499949137369,53.7,0.3112533450840754,0.10923888397713502,400.0,1.37181846366326,1371.8184636632602,30
4,H8_K20_Meuler_T0.5_Dfm_visual_aligning.models.visual_gaussian_diffusion.VisualFlowMatching_VTrue_mpc4_filmv1,test,combined_5,False,dpcc-c,unfrozen,0.0,0.03333333333333333,0.0,0.3,0.8657499949137369,53.7,0.3112533450840754,0.10923888397713502,400.0,1.37181846366326,1371.8184636632602,30
4,H8_K20_Meuler_T0.5_Dfm_visual_aligning.models.visual_gaussian_diffusion.VisualFlowMatching_VTrue_mpc4_filmv1,test,combined_5,False,dpcc-t,all,0.0,0.0,0.0,0.43333333333333335,0.8909166693687439,43.63333333333333,0.3097080869804145,0.08985661137849092,400.0,1.126349738240242,1126.349738240242,30
4,H8_K20_Meuler_T0.5_Dfm_visual_aligning.models.visual_gaussian_diffusion.VisualFlowMatching_VTrue_mpc4_filmv1,test,combined_5,False,dpcc-t,unfrozen,0.0,0.0,0.0,0.43333333333333335,0.8909166693687439,43.63333333333333,0.3097080869804145,0.08985661137849092,400.0,1.126349738240242,1126.349738240242,30
4,H8_K20_Meuler_T0.5_Dfm_visual_aligning.models.visual_gaussian_diffusion.VisualFlowMatching_VTrue_mpc4_filmv1,test,combined_5,False,gradient,all,0.0,0.06666666666666667,0.0,0.16666666666666666,0.7776666685938836,88.93333333333334,0.3478263373057203,0.4936132668827971,400.0,0.3092764971057574,309.2764971057574,30
4,H8_K20_Meuler_T0.5_Dfm_visual_aligning.models.visual_gaussian_diffusion.VisualFlowMatching_VTrue_mpc4_filmv1,test,combined_5,False,gradient,unfrozen,0.0,0.06666666666666667,0.0,0.16666666666666666,0.7776666685938836,88.93333333333334,0.3478263373057203,0.4936132668827971,400.0,0.3092764971057574,309.2764971057574,30
4,H8_K20_Meuler_T0.5_Dfm_visual_aligning.models.visual_gaussian_diffusion.VisualFlowMatching_VTrue_mpc4_filmv1,test,combined_5,False,post_processing,all,0.0,0.03333333333333333,0.0,0.3,0.8084166655937831,76.63333333333334,0.2797504274835454,0.5604825524613262,400.0,0.29632272426287337,296.32272426287335,30
4,H8_K20_Meuler_T0.5_Dfm_visual_aligning.models.visual_gaussian_diffusion.VisualFlowMatching_VTrue_mpc4_filmv1,test,combined_5,False,post_processing,unfrozen,0.0,0.03333333333333333,0.0,0.3,0.8084166655937831,76.63333333333334,0.2797504274835454,0.5604825524613262,400.0,0.29632272426287337,296.32272426287335,30
4,H8_K20_Meuler_T0.5_Dfm_visual_aligning.models.visual_gaussian_diffusion.VisualFlowMatching_VTrue_mpc4_filmv1,test,combined_5,False,model_free,all,0.0,0.1,0.0,0.3,0.8308333337306977,67.66666666666667,0.27129052856334795,0.5031889031951626,400.0,0.40152659779787064,401.52659779787064,30
4,H8_K20_Meuler_T0.5_Dfm_visual_aligning.models.visual_gaussian_diffusion.VisualFlowMatching_VTrue_mpc4_filmv1,test,combined_5,False,model_free,unfrozen,0.0,0.1,0.0,0.3,0.8308333337306977,67.66666666666667,0.27129052856334795,0.5031889031951626,400.0,0.40152659779787064,401.52659779787064,30
4,H8_K20_Meuler_T0.5_Dfm_visual_aligning.models.visual_gaussian_diffusion.VisualFlowMatching_VTrue_mpc4_filmv1,test,combined_5,False,geo_free,all,0.0,0.03333333333333333,0.0,0.16666666666666666,0.808583336075147,76.56666666666666,0.30904894059397686,0.4001629547526439,400.0,0.4231040953199069,423.1040953199069,30
4,H8_K20_Meuler_T0.5_Dfm_visual_aligning.models.visual_gaussian_diffusion.VisualFlowMatching_VTrue_mpc4_filmv1,test,combined_5,False,geo_free,unfrozen,0.0,0.03333333333333333,0.0,0.16666666666666666,0.808583336075147,76.56666666666666,0.30904894059397686,0.4001629547526439,400.0,0.4231040953199069,423.1040953199069,30
4,H8_K20_Meuler_T0.5_Dfm_visual_aligning.models.visual_gaussian_diffusion.VisualFlowMatching_VTrue_mpc4_filmv1,test,combined_5,False,bounds_free,all,0.0,0.06666666666666667,0.0,0.03333333333333333,0.8092500030994415,76.3,0.34144579940584474,0.05704827879865964,400.0,1.200179504652818,1200.179504652818,30
4,H8_K20_Meuler_T0.5_Dfm_visual_aligning.models.visual_gaussian_diffusion.VisualFlowMatching_VTrue_mpc4_filmv1,test,combined_5,False,bounds_free,unfrozen,0.0,0.06666666666666667,0.0,0.03333333333333333,0.8092500030994415,76.3,0.34144579940584474,0.05704827879865964,400.0,1.200179504652818,1200.179504652818,30
4,H8_K20_Meuler_T0.5_Dfm_visual_aligning.models.visual_gaussian_diffusion.VisualFlowMatching_VTrue_mpc4_filmv1,test,combined_5,False,geo_free-bounds_free,all,0.0,0.06666666666666667,0.0,0.23333333333333334,0.8310000032186509,67.6,0.32509138206006816,0.30427051726728677,400.0,0.3891493050654729,389.1493050654729,30
4,H8_K20_Meuler_T0.5_Dfm_visual_aligning.models.visual_gaussian_diffusion.VisualFlowMatching_VTrue_mpc4_filmv1,test,combined_5,False,geo_free-bounds_free,unfrozen,0.0,0.06666666666666667,0.0,0.23333333333333334,0.8310000032186509,67.6,0.32509138206006816,0.30427051726728677,400.0,0.3891493050654729,389.1493050654729,30
4,H8_K20_Meuler_T0.5_Dfm_visual_aligning.models.visual_gaussian_diffusion.VisualFlowMatching_VTrue_mpc4_filmv1,test,combined_5,False,geo_free-model_free,all,0.0,0.3333333333333333,0.0,0.3333333333333333,0.7566666666666667,97.33333333333333,0.22667084517705863,1.1031936688606085,400.0,0.34886186321576435,348.86186321576434,3
4,H8_K20_Meuler_T0.5_Dfm_visual_aligning.models.visual_gaussian_diffusion.VisualFlowMatching_VTrue_mpc4_filmv1,test,combined_5,False,geo_free-model_free,unfrozen,0.0,0.3333333333333333,0.0,0.3333333333333333,0.7566666666666667,97.33333333333333,0.22667084517705863,1.1031936688606085,400.0,0.34886186321576435,348.86186321576434,3
4,H8_K20_Meuler_T0.5_Dfm_visual_aligning.models.visual_gaussian_diffusion.VisualFlowMatching_VTrue_mpc4_filmv1,train,combined_5,False,diffuser,all,0.0,,,,,,0.3025153503198797,1.164914820343256,400.0,0.28922336796919507,289.22336796919507,3
4,H8_K20_Meuler_T0.5_Dfm_visual_aligning.models.visual_gaussian_diffusion.VisualFlowMatching_VTrue_mpc4_filmv1,train,combined_5,False,diffuser,unfrozen,0.0,,,,,,0.3025153503198797,1.164914820343256,400.0,0.28922336796919507,289.22336796919507,3
4,H8_K20_Meuler_T0.5_Dfm_visual_aligning.models.visual_gaussian_diffusion.VisualFlowMatching_VTrue_mpc4_filmv1,train,combined_5,False,dpcc-c,all,0.0,,,,,,0.32206382895633684,0.8307083050409952,400.0,17.634782639741896,17634.782639741898,3
4,H8_K20_Meuler_T0.5_Dfm_visual_aligning.models.visual_gaussian_diffusion.VisualFlowMatching_VTrue_mpc4_filmv1,train,combined_5,False,dpcc-c,unfrozen,0.0,,,,,,0.32206382895633684,0.8307083050409952,400.0,17.634782639741896,17634.782639741898,3
4,H8_K20_Meuler_T0.5_Dfm_visual_aligning.models.visual_gaussian_diffusion.VisualFlowMatching_VTrue_mpc4_filmv1,train,combined_5,False,dpcc-t,all,0.0,,,,,,0.37170919212353115,0.8559155861536661,400.0,3.815395996570587,3815.395996570587,3
4,H8_K20_Meuler_T0.5_Dfm_visual_aligning.models.visual_gaussian_diffusion.VisualFlowMatching_VTrue_mpc4_filmv1,train,combined_5,False,dpcc-t,unfrozen,0.0,,,,,,0.37170919212353115,0.8559155861536661,400.0,3.815395996570587,3815.395996570587,3
4,H8_K20_Meuler_T0.5_Dfm_visual_aligning.models.visual_gaussian_diffusion.VisualFlowMatching_VTrue_mpc4_filmv1,train,combined_5,False,post_processing,all,0.0,,,,,,0.32601457490319335,1.0446480369816225,400.0,0.28859892566998796,288.598925669988,3
4,H8_K20_Meuler_T0.5_Dfm_visual_aligning.models.visual_gaussian_diffusion.VisualFlowMatching_VTrue_mpc4_filmv1,train,combined_5,False,post_processing,unfrozen,0.0,,,,,,0.32601457490319335,1.0446480369816225,400.0,0.28859892566998796,288.598925669988,3
4,H8_K20_Meuler_T0.5_Dfm_visual_aligning.models.visual_gaussian_diffusion.VisualFlowMatching_VTrue_mpc4_filmv1,train,combined_5,False,model_free,all,0.0,,,,,,0.4713323433441461,0.5440081904331843,400.0,0.37421520908673606,374.215209086736,3
4,H8_K20_Meuler_T0.5_Dfm_visual_aligning.models.visual_gaussian_diffusion.VisualFlowMatching_VTrue_mpc4_filmv1,train,combined_5,False,model_free,unfrozen,0.0,,,,,,0.4713323433441461,0.5440081904331843,400.0,0.37421520908673606,374.215209086736,3
4,H8_K20_Meuler_T0.5_Dfm_visual_aligning.models.visual_gaussian_diffusion.VisualFlowMatching_VTrue_mpc4_filmv1,train,combined_5-tightened,True,diffuser,all,0.0,,,,,,0.30188723589335115,1.1826418774823348,400.0,0.28825011690457664,288.2501169045766,3
4,H8_K20_Meuler_T0.5_Dfm_visual_aligning.models.visual_gaussian_diffusion.VisualFlowMatching_VTrue_mpc4_filmv1,train,combined_5-tightened,True,diffuser,unfrozen,0.0,,,,,,0.30188723589335115,1.1826418774823348,400.0,0.28825011690457664,288.2501169045766,3
4,H8_K20_Meuler_T0.5_Dfm_visual_aligning.models.visual_gaussian_diffusion.VisualFlowMatching_VTrue_mpc4_filmv1,train,combined_5-tightened,True,dpcc-c,all,0.0,,,,,,0.35523684506093284,0.8375359872976939,400.0,9.2186047154665,9218.6047154665,3
4,H8_K20_Meuler_T0.5_Dfm_visual_aligning.models.visual_gaussian_diffusion.VisualFlowMatching_VTrue_mpc4_filmv1,train,combined_5-tightened,True,dpcc-c,unfrozen,0.0,,,,,,0.35523684506093284,0.8375359872976939,400.0,9.2186047154665,9218.6047154665,3
4,H8_K20_Meuler_T0.5_Dfm_visual_aligning.models.visual_gaussian_diffusion.VisualFlowMatching_VTrue_mpc4_filmv1,train,combined_5-tightened,True,dpcc-t,all,0.0,,,,,,0.37094633473336985,0.24576078727841377,400.0,3.6236843377351757,3623.684337735176,3
4,H8_K20_Meuler_T0.5_Dfm_visual_aligning.models.visual_gaussian_diffusion.VisualFlowMatching_VTrue_mpc4_filmv1,train,combined_5-tightened,True,dpcc-t,unfrozen,0.0,,,,,,0.37094633473336985,0.24576078727841377,400.0,3.6236843377351757,3623.684337735176,3
4,H8_K20_Meuler_T0.5_Dfm_visual_aligning.models.visual_gaussian_diffusion.VisualFlowMatching_VTrue_mpc4_filmv1,train,combined_5-tightened,True,post_processing,all,0.0,,,,,,0.32443923199048824,0.5072535729656616,400.0,0.28969261586666106,289.6926158666611,3
4,H8_K20_Meuler_T0.5_Dfm_visual_aligning.models.visual_gaussian_diffusion.VisualFlowMatching_VTrue_mpc4_filmv1,train,combined_5-tightened,True,post_processing,unfrozen,0.0,,,,,,0.32443923199048824,0.5072535729656616,400.0,0.28969261586666106,289.6926158666611,3
4,H8_K20_Meuler_T0.5_Dfm_visual_aligning.models.visual_gaussian_diffusion.VisualFlowMatching_VTrue_mpc4_filmv1,train,combined_5-tightened,True,model_free,all,0.0,,,,,,0.2971450041136135,1.189117116232713,400.0,0.3896504479646683,389.6504479646683,3
4,H8_K20_Meuler_T0.5_Dfm_visual_aligning.models.visual_gaussian_diffusion.VisualFlowMatching_VTrue_mpc4_filmv1,train,combined_5-tightened,True,model_free,unfrozen,0.0,,,,,,0.2971450041136135,1.189117116232713,400.0,0.3896504479646683,389.6504479646683,3
4,H8_K20_Meuler_T0.5_Dfm_visual_aligning.models.visual_gaussian_diffusion.VisualFlowMatching_VTrue_mpc4_filmv1,train,dynamics_only,False,diffuser,all,0.0,,,,,,0.30188723589335115,1.1826418774823348,400.0,0.2876766230662664,287.67662306626636,3
4,H8_K20_Meuler_T0.5_Dfm_visual_aligning.models.visual_gaussian_diffusion.VisualFlowMatching_VTrue_mpc4_filmv1,train,dynamics_only,False,diffuser,unfrozen,0.0,,,,,,0.30188723589335115,1.1826418774823348,400.0,0.2876766230662664,287.67662306626636,3
4,H8_K20_Meuler_T0.5_Dfm_visual_aligning.models.visual_gaussian_diffusion.VisualFlowMatching_VTrue_mpc4_filmv1,train,dynamics_only,False,dpcc-c,all,0.0,,,,,,0.5523518563309314,1.788224418958028,400.0,0.4394723083575567,439.47230835755664,3
4,H8_K20_Meuler_T0.5_Dfm_visual_aligning.models.visual_gaussian_diffusion.VisualFlowMatching_VTrue_mpc4_filmv1,train,dynamics_only,False,dpcc-c,unfrozen,0.0,,,,,,0.5523518563309314,1.788224418958028,400.0,0.4394723083575567,439.47230835755664,3
4,H8_K20_Meuler_T0.5_Dfm_visual_aligning.models.visual_gaussian_diffusion.VisualFlowMatching_VTrue_mpc4_filmv1,train,dynamics_only,False,dpcc-t,all,0.0,,,,,,0.24220520949277172,0.9621868369479974,400.0,0.4253487600882848,425.3487600882848,3
4,H8_K20_Meuler_T0.5_Dfm_visual_aligning.models.visual_gaussian_diffusion.VisualFlowMatching_VTrue_mpc4_filmv1,train,dynamics_only,False,dpcc-t,unfrozen,0.0,,,,,,0.24220520949277172,0.9621868369479974,400.0,0.4253487600882848,425.3487600882848,3
4,H8_K20_Meuler_T0.5_Dfm_visual_aligning.models.visual_gaussian_diffusion.VisualFlowMatching_VTrue_mpc4_filmv1,train,dynamics_only,False,post_processing,all,0.0,,,,,,0.32443923199048824,0.5072535729656616,400.0,0.2890622705221176,289.0622705221176,3
4,H8_K20_Meuler_T0.5_Dfm_visual_aligning.models.visual_gaussian_diffusion.VisualFlowMatching_VTrue_mpc4_filmv1,train,dynamics_only,False,post_processing,unfrozen,0.0,,,,,,0.32443923199048824,0.5072535729656616,400.0,0.2890622705221176,289.0622705221176,3
4,H8_K20_Meuler_T0.5_Dfm_visual_aligning.models.visual_gaussian_diffusion.VisualFlowMatching_VTrue_mpc4_filmv1,train,dynamics_only,False,model_free,all,0.0,,,,,,0.32601457490319335,1.0446480369816225,400.0,0.28936916410923,289.36916410923004,3
4,H8_K20_Meuler_T0.5_Dfm_visual_aligning.models.visual_gaussian_diffusion.VisualFlowMatching_VTrue_mpc4_filmv1,train,dynamics_only,False,model_free,unfrozen,0.0,,,,,,0.32601457490319335,1.0446480369816225,400.0,0.28936916410923,289.36916410923004,3
5,H8_K100_Meuler_T0.5_Dmix_visual_aligning.models.visual_af_diffusion.VisualAlphaFlow_VTrue_mpc4_filmv1_Eaf,train,combined_5,False,diffuser,all,0.03333333333333333,0.03333333333333333,0.0,0.2,0.7184112002452214,111.8,0.416483111600935,0.5747563565770785,390.73333333333335,0.902035071956004,902.035071956004,30
5,H8_K100_Meuler_T0.5_Dmix_visual_aligning.models.visual_af_diffusion.VisualAlphaFlow_VTrue_mpc4_filmv1_Eaf,train,combined_5,False,diffuser,unfrozen,0.03333333333333333,0.03333333333333333,0.0,0.2,0.7184112002452214,111.8,0.416483111600935,0.5747563565770785,390.73333333333335,0.902035071956004,902.035071956004,30
5,H8_K100_Meuler_T0.5_Dmix_visual_aligning.models.visual_af_diffusion.VisualAlphaFlow_VTrue_mpc4_filmv1_Eaf,train,combined_5,False,dpcc-r,all,0.09090909090909091,0.09090909090909091,0.09090909090909091,0.2727272727272727,0.9661363636363636,13.545454545454545,0.29437539741845514,0.15545997343497636,385.6363636363636,16.419432971270616,16419.432971270617,11
5,H8_K100_Meuler_T0.5_Dmix_visual_aligning.models.visual_af_diffusion.VisualAlphaFlow_VTrue_mpc4_filmv1_Eaf,train,combined_5,False,dpcc-r,unfrozen,0.09090909090909091,0.09090909090909091,0.09090909090909091,0.2727272727272727,0.9661363636363636,13.545454545454545,0.29437539741845514,0.15545997343497636,385.6363636363636,16.419432971270616,16419.432971270617,11
6,H8_K2_Meuler_T0.5_Dmix_visual_aligning.models.visual_af_diffusion.VisualAlphaFlow_VTrue_mpc4_filmv1_Eaf,train,combined_5,False,diffuser,all,0.06666666666666667,0.1,0.03333333333333333,0.2,0.7952654312054316,81.53333333333333,0.33111092869903924,0.4345330953598022,381.53333333333336,0.026803522334934497,26.803522334934495,30
6,H8_K2_Meuler_T0.5_Dmix_visual_aligning.models.visual_af_diffusion.VisualAlphaFlow_VTrue_mpc4_filmv1_Eaf,train,combined_5,False,diffuser,unfrozen,0.06666666666666667,0.1,0.03333333333333333,0.2,0.7952654312054316,81.53333333333333,0.33111092869903924,0.4345330953598022,381.53333333333336,0.026803522334934497,26.803522334934495,30
6,H8_K2_Meuler_T0.5_Dmix_visual_aligning.models.visual_af_diffusion.VisualAlphaFlow_VTrue_mpc4_filmv1_Eaf,train,combined_5,False,dpcc-r,all,0.03333333333333333,0.03333333333333333,0.0,0.36666666666666664,0.9130000015099843,34.7,0.4219847723440667,0.16954703871160745,390.0,0.052704222222169236,52.70422222216924,30
6,H8_K2_Meuler_T0.5_Dmix_visual_aligning.models.visual_af_diffusion.VisualAlphaFlow_VTrue_mpc4_filmv1_Eaf,train,combined_5,False,dpcc-r,unfrozen,0.03333333333333333,0.03333333333333333,0.0,0.36666666666666664,0.9130000015099843,34.7,0.4219847723440667,0.16954703871160745,390.0,0.052704222222169236,52.70422222216924,30
6,H8_K2_Meuler_T0.5_Dmix_visual_aligning.models.visual_af_diffusion.VisualAlphaFlow_VTrue_mpc4_filmv1_Eaf,train,combined_5,False,dpcc-c,all,0.0,0.0,0.0,0.16666666666666666,0.7859166671832403,85.63333333333334,0.3500792128734483,0.11744600577900807,400.0,0.05541328714291254,55.413287142912544,30
6,H8_K2_Meuler_T0.5_Dmix_visual_aligning.models.visual_af_diffusion.VisualAlphaFlow_VTrue_mpc4_filmv1_Eaf,train,combined_5,False,dpcc-c,unfrozen,0.0,0.0,0.0,0.16666666666666666,0.7859166671832403,85.63333333333334,0.3500792128734483,0.11744600577900807,400.0,0.05541328714291254,55.413287142912544,30
6,H8_K2_Meuler_T0.5_Dmix_visual_aligning.models.visual_af_diffusion.VisualAlphaFlow_VTrue_mpc4_filmv1_Eaf,train,combined_5,False,dpcc-t,all,0.0,0.03333333333333333,0.0,0.4,0.86850000222524,52.6,0.3378091493141751,0.12407153534392516,400.0,0.05335719203948974,53.357192039489746,30
6,H8_K2_Meuler_T0.5_Dmix_visual_aligning.models.visual_af_diffusion.VisualAlphaFlow_VTrue_mpc4_filmv1_Eaf,train,combined_5,False,dpcc-t,unfrozen,0.0,0.03333333333333333,0.0,0.4,0.86850000222524,52.6,0.3378091493141751,0.12407153534392516,400.0,0.05335719203948974,53.357192039489746,30
6,H8_K2_Meuler_T0.5_Dmix_visual_aligning.models.visual_af_diffusion.VisualAlphaFlow_VTrue_mpc4_filmv1_Eaf,train,combined_5,False,dpcc-c-dt0p25,all,0.03333333333333333,0.03333333333333333,0.03333333333333333,0.13333333333333333,0.8534166713555654,58.63333333333333,0.3283379607420346,0.09039645058413347,392.56666666666666,0.06185915124831676,61.859151248316756,30
6,H8_K2_Meuler_T0.5_Dmix_visual_aligning.models.visual_af_diffusion.VisualAlphaFlow_VTrue_mpc4_filmv1_Eaf,train,combined_5,False,dpcc-c-dt0p25,unfrozen,0.03333333333333333,0.03333333333333333,0.03333333333333333,0.13333333333333333,0.8534166713555654,58.63333333333333,0.3283379607420346,0.09039645058413347,392.56666666666666,0.06185915124831676,61.859151248316756,30
6,H8_K2_Meuler_T0.5_Dmix_visual_aligning.models.visual_af_diffusion.VisualAlphaFlow_VTrue_mpc4_filmv1_Eaf,train,combined_5,False,dpcc-c-dt0p5,all,0.0,0.0,0.0,0.16666666666666666,0.8321666697661082,67.13333333333334,0.31059482899004104,0.1157373521476984,400.0,0.058757670958836876,58.757670958836876,30
6,H8_K2_Meuler_T0.5_Dmix_visual_aligning.models.visual_af_diffusion.VisualAlphaFlow_VTrue_mpc4_filmv1_Eaf,train,combined_5,False,dpcc-c-dt0p5,unfrozen,0.0,0.0,0.0,0.16666666666666666,0.8321666697661082,67.13333333333334,0.31059482899004104,0.1157373521476984,400.0,0.058757670958836876,58.757670958836876,30
6,H8_K2_Meuler_T0.5_Dmix_visual_aligning.models.visual_af_diffusion.VisualAlphaFlow_VTrue_mpc4_filmv1_Eaf,train,combined_5,False,dpcc-c-dt2p0,all,0.0,0.0,0.0,0.1,0.7621666649977367,95.13333333333334,0.3767826444900554,0.08378111788382132,400.0,0.05121984195709228,51.219841957092285,30
6,H8_K2_Meuler_T0.5_Dmix_visual_aligning.models.visual_af_diffusion.VisualAlphaFlow_VTrue_mpc4_filmv1_Eaf,train,combined_5,False,dpcc-c-dt2p0,unfrozen,0.0,0.0,0.0,0.1,0.7621666649977367,95.13333333333334,0.3767826444900554,0.08378111788382132,400.0,0.05121984195709228,51.219841957092285,30
6,H8_K2_Meuler_T0.5_Dmix_visual_aligning.models.visual_af_diffusion.VisualAlphaFlow_VTrue_mpc4_filmv1_Eaf,train,combined_5,False,dpcc-c-dt4p0,all,0.0,0.0,0.0,0.03333333333333333,0.7924999952316284,83.0,0.3845618586230939,0.05514041967689991,400.0,0.046151298622290296,46.15129862229029,30
6,H8_K2_Meuler_T0.5_Dmix_visual_aligning.models.visual_af_diffusion.VisualAlphaFlow_VTrue_mpc4_filmv1_Eaf,train,combined_5,False,dpcc-c-dt4p0,unfrozen,0.0,0.0,0.0,0.03333333333333333,0.7924999952316284,83.0,0.3845618586230939,0.05514041967689991,400.0,0.046151298622290296,46.15129862229029,30
6,H8_K2_Meuler_T0.5_Dmix_visual_aligning.models.visual_af_diffusion.VisualAlphaFlow_VTrue_mpc4_filmv1_Eaf,train,combined_5,False,hardflow_new-r,all,0.03333333333333333,0.03333333333333333,0.03333333333333333,0.5333333333333333,0.9215833306312561,31.366666666666667,0.33155784750252243,0.11378778809060654,389.56666666666666,0.17754287035095281,177.54287035095282,30
6,H8_K2_Meuler_T0.5_Dmix_visual_aligning.models.visual_af_diffusion.VisualAlphaFlow_VTrue_mpc4_filmv1_Eaf,train,combined_5,False,hardflow_new-r,unfrozen,0.03333333333333333,0.03333333333333333,0.03333333333333333,0.5333333333333333,0.9215833306312561,31.366666666666667,0.33155784750252243,0.11378778809060654,389.56666666666666,0.17754287035095281,177.54287035095282,30
6,H8_K2_Meuler_T0.5_Dmix_visual_aligning.models.visual_af_diffusion.VisualAlphaFlow_VTrue_mpc4_filmv1_Eaf,train,combined_5,False,hardflow_new-c,all,0.0,0.03333333333333333,0.0,0.3333333333333333,0.8569166680177053,57.233333333333334,0.3552692377604123,0.09907470376541218,390.8,0.1919958370795814,191.99583707958138,30
6,H8_K2_Meuler_T0.5_Dmix_visual_aligning.models.visual_af_diffusion.VisualAlphaFlow_VTrue_mpc4_filmv1_Eaf,train,combined_5,False,hardflow_new-c,unfrozen,0.0,0.03333333333333333,0.0,0.3333333333333333,0.8569166680177053,57.233333333333334,0.3552692377604123,0.09907470376541218,390.8,0.1919958370795814,191.99583707958138,30
6,H8_K2_Meuler_T0.5_Dmix_visual_aligning.models.visual_af_diffusion.VisualAlphaFlow_VTrue_mpc4_filmv1_Eaf,train,combined_5,False,hardflow_new-t,all,0.0,0.0,0.0,0.3,0.8654999991257986,53.8,0.34344270477256494,0.13503280524164438,400.0,0.18572061479091642,185.72061479091644,30
6,H8_K2_Meuler_T0.5_Dmix_visual_aligning.models.visual_af_diffusion.VisualAlphaFlow_VTrue_mpc4_filmv1_Eaf,train,combined_5,False,hardflow_new-t,unfrozen,0.0,0.0,0.0,0.3,0.8654999991257986,53.8,0.34344270477256494,0.13503280524164438,400.0,0.18572061479091642,185.72061479091644,30
6,H8_K2_Meuler_T0.5_Dmix_visual_aligning.models.visual_af_diffusion.VisualAlphaFlow_VTrue_mpc4_filmv1_Eaf,train,combined_5,False,gradient,all,0.03333333333333333,0.06666666666666667,0.0,0.26666666666666666,0.8051509350538254,77.7,0.3513977571639575,0.41646002406875293,391.43333333333334,0.028761248609680674,28.76124860968067,30
6,H8_K2_Meuler_T0.5_Dmix_visual_aligning.models.visual_af_diffusion.VisualAlphaFlow_VTrue_mpc4_filmv1_Eaf,train,combined_5,False,gradient,unfrozen,0.03333333333333333,0.06666666666666667,0.0,0.26666666666666666,0.8051509350538254,77.7,0.3513977571639575,0.41646002406875293,391.43333333333334,0.028761248609680674,28.76124860968067,30
6,H8_K2_Meuler_T0.5_Dmix_visual_aligning.models.visual_af_diffusion.VisualAlphaFlow_VTrue_mpc4_filmv1_Eaf,train,combined_5,False,post_processing,all,0.03333333333333333,0.03333333333333333,0.0,0.36666666666666664,0.9150833348433177,33.86666666666667,0.41897619907581435,0.16733376029878855,390.0,0.0529142693678538,52.9142693678538,30
6,H8_K2_Meuler_T0.5_Dmix_visual_aligning.models.visual_af_diffusion.VisualAlphaFlow_VTrue_mpc4_filmv1_Eaf,train,combined_5,False,post_processing,unfrozen,0.03333333333333333,0.03333333333333333,0.0,0.36666666666666664,0.9150833348433177,33.86666666666667,0.41897619907581435,0.16733376029878855,390.0,0.0529142693678538,52.9142693678538,30
6,H8_K2_Meuler_T0.5_Dmix_visual_aligning.models.visual_af_diffusion.VisualAlphaFlow_VTrue_mpc4_filmv1_Eaf,train,combined_5,False,model_free,all,0.0,0.03333333333333333,0.0,0.16666666666666666,0.7614999989668528,95.4,0.3524197917689296,0.4547148125867049,400.0,0.0401250276962916,40.1250276962916,30
6,H8_K2_Meuler_T0.5_Dmix_visual_aligning.models.visual_af_diffusion.VisualAlphaFlow_VTrue_mpc4_filmv1_Eaf,train,combined_5,False,model_free,unfrozen,0.0,0.03333333333333333,0.0,0.16666666666666666,0.7614999989668528,95.4,0.3524197917689296,0.4547148125867049,400.0,0.0401250276962916,40.1250276962916,30
6,H8_K2_Meuler_T0.5_Dmix_visual_aligning.models.visual_af_diffusion.VisualAlphaFlow_VTrue_mpc4_filmv1_Eaf,train,combined_5,False,geo_free,all,0.03333333333333333,0.03333333333333333,0.0,0.26666666666666666,0.7617500002185503,95.2,0.44586855719005986,0.2831613384808103,390.0,0.04184703475236893,41.84703475236893,30
6,H8_K2_Meuler_T0.5_Dmix_visual_aligning.models.visual_af_diffusion.VisualAlphaFlow_VTrue_mpc4_filmv1_Eaf,train,combined_5,False,geo_free,unfrozen,0.03333333333333333,0.03333333333333333,0.0,0.26666666666666666,0.7617500002185503,95.2,0.44586855719005986,0.2831613384808103,390.0,0.04184703475236893,41.84703475236893,30
6,H8_K2_Meuler_T0.5_Dmix_visual_aligning.models.visual_af_diffusion.VisualAlphaFlow_VTrue_mpc4_filmv1_Eaf,train,combined_5,False,bounds_free,all,0.03333333333333333,0.03333333333333333,0.03333333333333333,0.6,0.9315833330154419,27.366666666666667,0.3314301649099115,0.23382770208021006,390.93333333333334,0.048627315854032835,48.62731585403284,30
6,H8_K2_Meuler_T0.5_Dmix_visual_aligning.models.visual_af_diffusion.VisualAlphaFlow_VTrue_mpc4_filmv1_Eaf,train,combined_5,False,bounds_free,unfrozen,0.03333333333333333,0.03333333333333333,0.03333333333333333,0.6,0.9315833330154419,27.366666666666667,0.3314301649099115,0.23382770208021006,390.93333333333334,0.048627315854032835,48.62731585403284,30
6,H8_K2_Meuler_T0.5_Dmix_visual_aligning.models.visual_af_diffusion.VisualAlphaFlow_VTrue_mpc4_filmv1_Eaf,train,combined_5,False,geo_free-bounds_free,all,0.03333333333333333,0.03333333333333333,0.0,0.4666666666666667,0.8177412281433741,71.9,0.4108257400336937,0.2935327636698882,390.46666666666664,0.03913716187707165,39.13716187707165,30
6,H8_K2_Meuler_T0.5_Dmix_visual_aligning.models.visual_af_diffusion.VisualAlphaFlow_VTrue_mpc4_filmv1_Eaf,train,combined_5,False,geo_free-bounds_free,unfrozen,0.03333333333333333,0.03333333333333333,0.0,0.4666666666666667,0.8177412281433741,71.9,0.4108257400336937,0.2935327636698882,390.46666666666664,0.03913716187707165,39.13716187707165,30
6,H8_K2_Meuler_T0.5_Dmix_visual_aligning.models.visual_af_diffusion.VisualAlphaFlow_VTrue_mpc4_filmv1_Eaf,train,combined_5,False,geo_free-model_free,all,0.0,0.03333333333333333,0.0,0.16666666666666666,0.7640833298365275,94.36666666666666,0.3707943471927195,0.4553641963750124,400.0,0.03437777109940846,34.37777109940847,30
6,H8_K2_Meuler_T0.5_Dmix_visual_aligning.models.visual_af_diffusion.VisualAlphaFlow_VTrue_mpc4_filmv1_Eaf,train,combined_5,False,geo_free-model_free,unfrozen,0.0,0.03333333333333333,0.0,0.16666666666666666,0.7640833298365275,94.36666666666666,0.3707943471927195,0.4553641963750124,400.0,0.03437777109940846,34.37777109940847,30
6,H8_K2_Meuler_T0.5_Dmix_visual_aligning.models.visual_af_diffusion.VisualAlphaFlow_VTrue_mpc4_filmv1_Eaf,train,combined_5,False,model_free-bounds_free,all,0.0,0.03333333333333333,0.0,0.16666666666666666,0.7589166641235352,96.43333333333334,0.3623536624862211,0.4542431759337584,400.0,0.03738582694530487,37.38582694530487,30
6,H8_K2_Meuler_T0.5_Dmix_visual_aligning.models.visual_af_diffusion.VisualAlphaFlow_VTrue_mpc4_filmv1_Eaf,train,combined_5,False,model_free-bounds_free,unfrozen,0.0,0.03333333333333333,0.0,0.16666666666666666,0.7589166641235352,96.43333333333334,0.3623536624862211,0.4542431759337584,400.0,0.03738582694530487,37.38582694530487,30
6,H8_K2_Meuler_T0.5_Dmix_visual_aligning.models.visual_af_diffusion.VisualAlphaFlow_VTrue_mpc4_filmv1_Eaf,train,combined_5-tightened,True,diffuser,all,0.03333333333333333,0.03333333333333333,0.0,0.2,0.7956820994615554,81.36666666666666,0.3520719546481404,0.475985543243587,390.26666666666665,0.02327400670228181,23.274006702281813,30
6,H8_K2_Meuler_T0.5_Dmix_visual_aligning.models.visual_af_diffusion.VisualAlphaFlow_VTrue_mpc4_filmv1_Eaf,train,combined_5-tightened,True,diffuser,unfrozen,0.038461538461538464,0.038461538461538464,0.0,0.07692307692307693,0.7642485763017948,93.88461538461539,0.3494541568788593,0.5486811011886368,388.7692307692308,0.026854623118017472,26.854623118017475,26
6,H8_K2_Meuler_T0.5_Dmix_visual_aligning.models.visual_af_diffusion.VisualAlphaFlow_VTrue_mpc4_filmv1_Eaf,train,combined_5-tightened,True,dpcc-r,all,0.0,0.0,0.0,0.8,0.9626666665077209,14.933333333333334,0.38660301193147095,0.13210583999752998,400.0,0.048592543383439386,48.592543383439384,30
6,H8_K2_Meuler_T0.5_Dmix_visual_aligning.models.visual_af_diffusion.VisualAlphaFlow_VTrue_mpc4_filmv1_Eaf,train,combined_5-tightened,True,dpcc-r,unfrozen,0.0,0.0,0.0,0.7692307692307693,0.956923076739678,17.23076923076923,0.38929768451347146,0.1518968282124171,400.0,0.056068319288583905,56.0683192885839,26
6,H8_K2_Meuler_T0.5_Dmix_visual_aligning.models.visual_af_diffusion.VisualAlphaFlow_VTrue_mpc4_filmv1_Eaf,train,combined_5-tightened,True,dpcc-c,all,0.0,0.0,0.0,0.7333333333333333,0.9534166663885116,18.633333333333333,0.3596612124499819,0.11248078867793083,400.0,0.049051201959451035,49.05120195945104,30
6,H8_K2_Meuler_T0.5_Dmix_visual_aligning.models.visual_af_diffusion.VisualAlphaFlow_VTrue_mpc4_filmv1_Eaf,train,combined_5-tightened,True,dpcc-c,unfrozen,0.0,0.0,0.0,0.6923076923076923,0.9462499996790519,21.5,0.358210992804061,0.1292525382282642,400.0,0.0565975407224435,56.597540722443505,26
6,H8_K2_Meuler_T0.5_Dmix_visual_aligning.models.visual_af_diffusion.VisualAlphaFlow_VTrue_mpc4_filmv1_Eaf,train,combined_5-tightened,True,dpcc-t,all,0.0,0.03333333333333333,0.0,0.9333333333333333,0.9973333338896434,1.0666666666666667,0.34860256388032346,0.08706922847777605,400.0,0.04255049190918604,42.55049190918604,30
6,H8_K2_Meuler_T0.5_Dmix_visual_aligning.models.visual_af_diffusion.VisualAlphaFlow_VTrue_mpc4_filmv1_Eaf,train,combined_5-tightened,True,dpcc-t,unfrozen,0.0,0.038461538461538464,0.0,0.9230769230769231,0.9969230775649731,1.2307692307692308,0.34545101368522435,0.09993150722808562,400.0,0.0490967214336762,49.09672143367621,26
6,H8_K2_Meuler_T0.5_Dmix_visual_aligning.models.visual_af_diffusion.VisualAlphaFlow_VTrue_mpc4_filmv1_Eaf,train,combined_5-tightened,True,dpcc-c-dt0p25,all,0.0,0.0,0.0,0.8333333333333334,0.9438333322604497,22.466666666666665,0.3501036568223803,0.1059132115294536,400.0,0.05035037189722061,50.35037189722061,30
6,H8_K2_Meuler_T0.5_Dmix_visual_aligning.models.visual_af_diffusion.VisualAlphaFlow_VTrue_mpc4_filmv1_Eaf,train,combined_5-tightened,True,dpcc-c-dt0p25,unfrozen,0.0,0.0,0.0,0.8076923076923077,0.935192306454365,25.923076923076923,0.3471830440029823,0.12167456459540588,400.0,0.05809658295833147,58.096582958331474,26
6,H8_K2_Meuler_T0.5_Dmix_visual_aligning.models.visual_af_diffusion.VisualAlphaFlow_VTrue_mpc4_filmv1_Eaf,train,combined_5-tightened,True,dpcc-c-dt0p5,all,0.0,0.0,0.0,0.8666666666666667,0.9437500009934108,22.5,0.333178243410976,0.13692529257386923,400.0,0.04772445072730382,47.724450727303825,30
6,H8_K2_Meuler_T0.5_Dmix_visual_aligning.models.visual_af_diffusion.VisualAlphaFlow_VTrue_mpc4_filmv1_Eaf,train,combined_5-tightened,True,dpcc-c-dt0p5,unfrozen,0.0,0.0,0.0,0.8461538461538461,0.9350961549923971,25.96153846153846,0.3276537208359773,0.15745773503127006,400.0,0.055066673916119795,55.0666739161198,26
6,H8_K2_Meuler_T0.5_Dmix_visual_aligning.models.visual_af_diffusion.VisualAlphaFlow_VTrue_mpc4_filmv1_Eaf,train,combined_5-tightened,True,dpcc-c-dt2p0,all,0.0,0.0,0.0,0.5666666666666667,0.9819166660308838,7.233333333333333,0.38765316709685094,0.04961069040000439,400.0,0.04295382505655289,42.95382505655289,30
6,H8_K2_Meuler_T0.5_Dmix_visual_aligning.models.visual_af_diffusion.VisualAlphaFlow_VTrue_mpc4_filmv1_Eaf,train,combined_5-tightened,True,dpcc-c-dt2p0,unfrozen,0.0,0.0,0.0,0.5,0.9791346146510198,8.346153846153847,0.3905094020119869,0.05671011713834909,400.0,0.0495621058344841,49.5621058344841,26
6,H8_K2_Meuler_T0.5_Dmix_visual_aligning.models.visual_af_diffusion.VisualAlphaFlow_VTrue_mpc4_filmv1_Eaf,train,combined_5-tightened,True,dpcc-c-dt4p0,all,0.0,0.0,0.0,0.7,0.9868333359559377,5.266666666666667,0.3845618586245812,0.043941215798258784,400.0,0.03979002430041631,39.79002430041631,30
6,H8_K2_Meuler_T0.5_Dmix_visual_aligning.models.visual_af_diffusion.VisualAlphaFlow_VTrue_mpc4_filmv1_Eaf,train,combined_5-tightened,True,dpcc-c-dt4p0,unfrozen,0.0,0.0,0.0,0.6538461538461539,0.9848076953337743,6.076923076923077,0.38694250762090643,0.05016841567479647,400.0,0.04591156650048035,45.91156650048036,26
6,H8_K2_Meuler_T0.5_Dmix_visual_aligning.models.visual_af_diffusion.VisualAlphaFlow_VTrue_mpc4_filmv1_Eaf,train,combined_5-tightened,True,hardflow_new-r,all,0.0,0.0,0.0,0.9,0.992166664203008,3.1333333333333333,0.3287999471237963,0.11175873739024003,400.0,0.1544477093418439,154.44770934184393,30
6,H8_K2_Meuler_T0.5_Dmix_visual_aligning.models.visual_af_diffusion.VisualAlphaFlow_VTrue_mpc4_filmv1_Eaf,train,combined_5-tightened,True,hardflow_new-r,unfrozen,0.0,0.0,0.0,0.8846153846153846,0.9909615356188554,3.6153846153846154,0.3226018405046161,0.12841940212708253,400.0,0.1782088953944353,178.2088953944353,26
6,H8_K2_Meuler_T0.5_Dmix_visual_aligning.models.visual_af_diffusion.VisualAlphaFlow_VTrue_mpc4_filmv1_Eaf,train,combined_5-tightened,True,hardflow_new-c,all,0.0,0.0,0.0,0.8333333333333334,0.9887500007947286,4.5,0.3127616549662308,0.07418142581979434,400.0,0.15850047107537588,158.50047107537588,30
6,H8_K2_Meuler_T0.5_Dmix_visual_aligning.models.visual_af_diffusion.VisualAlphaFlow_VTrue_mpc4_filmv1_Eaf,train,combined_5-tightened,True,hardflow_new-c,unfrozen,0.0,0.0,0.0,0.8076923076923077,0.9870192316862253,5.1923076923076925,0.3040961187843483,0.08506096569964519,400.0,0.182885158933126,182.885158933126,26
6,H8_K2_Meuler_T0.5_Dmix_visual_aligning.models.visual_af_diffusion.VisualAlphaFlow_VTrue_mpc4_filmv1_Eaf,train,combined_5-tightened,True,hardflow_new-t,all,0.0,0.0,0.0,0.8666666666666667,0.9876666684945424,4.933333333333334,0.3648532060433101,0.13919579138358434,400.0,0.1563616922100385,156.3616922100385,30
6,H8_K2_Meuler_T0.5_Dmix_visual_aligning.models.visual_af_diffusion.VisualAlphaFlow_VTrue_mpc4_filmv1_Eaf,train,combined_5-tightened,True,hardflow_new-t,unfrozen,0.0,0.0,0.0,0.8461538461538461,0.9857692328783182,5.6923076923076925,0.36420175464251664,0.1600775413501721,400.0,0.18041733716542904,180.41733716542905,26
6,H8_K2_Meuler_T0.5_Dmix_visual_aligning.models.visual_af_diffusion.VisualAlphaFlow_VTrue_mpc4_filmv1_Eaf,train,combined_5-tightened,True,gradient,all,0.06666666666666667,0.06666666666666667,0.03333333333333333,0.36666666666666664,0.7854009330272674,85.6,0.3831160696348596,0.37443569749593736,381.1,0.024729413424384807,24.729413424384806,30
6,H8_K2_Meuler_T0.5_Dmix_visual_aligning.models.visual_af_diffusion.VisualAlphaFlow_VTrue_mpc4_filmv1_Eaf,train,combined_5-tightened,True,gradient,unfrozen,0.07692307692307693,0.07692307692307693,0.038461538461538464,0.2692307692307692,0.7523856919545394,98.76923076923077,0.385274289555843,0.43150820224904096,378.1923076923077,0.028533938566597857,28.533938566597854,26
6,H8_K2_Meuler_T0.5_Dmix_visual_aligning.models.visual_af_diffusion.VisualAlphaFlow_VTrue_mpc4_filmv1_Eaf,train,combined_5-tightened,True,post_processing,all,0.0,0.0,0.0,0.8333333333333334,0.9627499997615814,14.9,0.38980464558527206,0.14715940554936727,400.0,0.04880661203463873,48.806612034638725,30
6,H8_K2_Meuler_T0.5_Dmix_visual_aligning.models.visual_af_diffusion.VisualAlphaFlow_VTrue_mpc4_filmv1_Eaf,train,combined_5-tightened,True,post_processing,unfrozen,0.0,0.0,0.0,0.8076923076923077,0.9570192304941324,17.192307692307693,0.3929918771909343,0.1692663269260755,400.0,0.0563153215784293,56.3153215784293,26
6,H8_K2_Meuler_T0.5_Dmix_visual_aligning.models.visual_af_diffusion.VisualAlphaFlow_VTrue_mpc4_filmv1_Eaf,train,combined_5-tightened,True,model_free,all,0.0,0.06666666666666667,0.0,0.26666666666666666,0.770000001291434,92.0,0.3567974097234723,0.4745444832990567,400.0,0.038018306990464525,38.01830699046453,30
6,H8_K2_Meuler_T0.5_Dmix_visual_aligning.models.visual_af_diffusion.VisualAlphaFlow_VTrue_mpc4_filmv1_Eaf,train,combined_5-tightened,True,model_free,unfrozen,0.0,0.07692307692307693,0.0,0.15384615384615385,0.7346153861055007,106.15384615384616,0.35490660504270377,0.5470183397141787,400.0,0.043867277296689836,43.86727729668984,26
6,H8_K2_Meuler_T0.5_Dmix_visual_aligning.models.visual_af_diffusion.VisualAlphaFlow_VTrue_mpc4_filmv1_Eaf,train,combined_5-tightened,True,geo_free,all,0.0,0.0,0.0,0.3333333333333333,0.7584166650970777,96.63333333333334,0.45081437355944937,0.25402598244448504,400.0,0.037481255312760677,37.48125531276067,30
6,H8_K2_Meuler_T0.5_Dmix_visual_aligning.models.visual_af_diffusion.VisualAlphaFlow_VTrue_mpc4_filmv1_Eaf,train,combined_5-tightened,True,geo_free,unfrozen,0.0,0.0,0.0,0.23076923076923078,0.7212499981889358,111.5,0.46338771716113886,0.2925739156512114,400.0,0.04324760228395463,43.24760228395462,26
6,H8_K2_Meuler_T0.5_Dmix_visual_aligning.models.visual_af_diffusion.VisualAlphaFlow_VTrue_mpc4_filmv1_Eaf,train,combined_5-tightened,True,bounds_free,all,0.0,0.0,0.0,0.9,0.990583332379659,3.7666666666666666,0.3409995640240874,0.10206666414936384,400.0,0.03941052500406901,39.41052500406901,30
6,H8_K2_Meuler_T0.5_Dmix_visual_aligning.models.visual_af_diffusion.VisualAlphaFlow_VTrue_mpc4_filmv1_Eaf,train,combined_5-tightened,True,bounds_free,unfrozen,0.0,0.0,0.0,0.8846153846153846,0.9891346142842219,4.346153846153846,0.33667832154341354,0.11723624069530231,400.0,0.0454736826970027,45.4736826970027,26
6,H8_K2_Meuler_T0.5_Dmix_visual_aligning.models.visual_af_diffusion.VisualAlphaFlow_VTrue_mpc4_filmv1_Eaf,train,combined_5-tightened,True,geo_free-bounds_free,all,0.0,0.0,0.0,0.36666666666666664,0.8186666677395503,72.53333333333333,0.39010970030517017,0.27921409010887144,400.0,0.03373896791537603,33.73896791537603,30
6,H8_K2_Meuler_T0.5_Dmix_visual_aligning.models.visual_af_diffusion.VisualAlphaFlow_VTrue_mpc4_filmv1_Eaf,train,combined_5-tightened,True,geo_free-bounds_free,unfrozen,0.0,0.0,0.0,0.2692307692307692,0.7907692320071734,83.6923076923077,0.39334386340620137,0.32163711680242646,400.0,0.03892957836389542,38.929578363895416,26
6,H8_K2_Meuler_T0.5_Dmix_visual_aligning.models.visual_af_diffusion.VisualAlphaFlow_VTrue_mpc4_filmv1_Eaf,train,combined_5-tightened,True,geo_free-model_free,all,0.0,0.06666666666666667,0.0,0.26666666666666666,0.7694166665275891,92.23333333333333,0.3571331024424431,0.4746972473959128,400.0,0.02971114506324132,29.71114506324132,30
6,H8_K2_Meuler_T0.5_Dmix_visual_aligning.models.visual_af_diffusion.VisualAlphaFlow_VTrue_mpc4_filmv1_Eaf,train,combined_5-tightened,True,geo_free-model_free,unfrozen,0.0,0.07692307692307693,0.0,0.15384615384615385,0.7339423075318336,106.42307692307692,0.3552939427953624,0.5471946059797819,400.0,0.03428209045758614,34.28209045758614,26
6,H8_K2_Meuler_T0.5_Dmix_visual_aligning.models.visual_af_diffusion.VisualAlphaFlow_VTrue_mpc4_filmv1_Eaf,train,combined_5-tightened,True,model_free-bounds_free,all,0.0,0.06666666666666667,0.0,0.26666666666666666,0.7694166665275891,92.23333333333333,0.3588936356300542,0.4746182772020499,400.0,0.03522541906436284,35.225419064362846,30
6,H8_K2_Meuler_T0.5_Dmix_visual_aligning.models.visual_af_diffusion.VisualAlphaFlow_VTrue_mpc4_filmv1_Eaf,train,combined_5-tightened,True,model_free-bounds_free,unfrozen,0.0,0.07692307692307693,0.0,0.15384615384615385,0.7339423075318336,106.42307692307692,0.357325327242606,0.5471034865253247,400.0,0.04064471430503405,40.64471430503405,26
7,H8_K100_T0.5_Dmix_visual_aligning.models.visual_gaussian_diffusion.VisualGaussianDiffusion_VTrue_mpc4_filmv1_Ediffusion,train,combined_5,False,diffuser,all,0.0,0.0,0.0,0.26666666666666666,0.7165833314259847,113.36666666666666,0.33416198034401606,1.0597587592278919,400.0,1.526639359076818,1526.6393590768178,30
7,H8_K100_T0.5_Dmix_visual_aligning.models.visual_gaussian_diffusion.VisualGaussianDiffusion_VTrue_mpc4_filmv1_Ediffusion,train,combined_5,False,diffuser,unfrozen,0.0,0.0,0.0,0.26666666666666666,0.7165833314259847,113.36666666666666,0.33416198034401606,1.0597587592278919,400.0,1.526639359076818,1526.6393590768178,30
7,H8_K100_T0.5_Dmix_visual_aligning.models.visual_gaussian_diffusion.VisualGaussianDiffusion_VTrue_mpc4_filmv1_Ediffusion,train,combined_5,False,dpcc-r,all,0.0,0.0,0.0,0.3157894736842105,0.8435526315789473,62.578947368421055,0.3030233087319916,0.1264464550726961,400.0,8.515579561559779,8515.579561559778,19
7,H8_K100_T0.5_Dmix_visual_aligning.models.visual_gaussian_diffusion.VisualGaussianDiffusion_VTrue_mpc4_filmv1_Ediffusion,train,combined_5,False,dpcc-r,unfrozen,0.0,0.0,0.0,0.3157894736842105,0.8435526315789473,62.578947368421055,0.3030233087319916,0.1264464550726961,400.0,8.515579561559779,8515.579561559778,19
8,H8_K100_Meuler_T0.5_Dmix_visual_aligning.models.visual_fm_diffusion.VisualFlowMatching_VTrue_mpc4_filmv1_Efm,train,combined_5,False,diffuser,all,0.0,0.0,0.0,0.1,0.4108333324392637,235.66666666666666,0.37195409955366876,2.3685390720764796,400.0,1.4259838698307672,1425.9838698307674,30
8,H8_K100_Meuler_T0.5_Dmix_visual_aligning.models.visual_fm_diffusion.VisualFlowMatching_VTrue_mpc4_filmv1_Efm,train,combined_5,False,diffuser,unfrozen,0.0,0.0,0.0,0.1,0.4108333324392637,235.66666666666666,0.37195409955366876,2.3685390720764796,400.0,1.4259838698307672,1425.9838698307674,30
8,H8_K100_Meuler_T0.5_Dmix_visual_aligning.models.visual_fm_diffusion.VisualFlowMatching_VTrue_mpc4_filmv1_Efm,train,combined_5,False,dpcc-r,all,0.0,0.0,0.0,0.13636363636363635,0.6884090909090909,124.63636363636364,0.38908845127576547,0.08166015080310932,400.0,7.700307339646599,7700.3073396466,22
8,H8_K100_Meuler_T0.5_Dmix_visual_aligning.models.visual_fm_diffusion.VisualFlowMatching_VTrue_mpc4_filmv1_Efm,train,combined_5,False,dpcc-r,unfrozen,0.0,0.0,0.0,0.13636363636363635,0.6884090909090909,124.63636363636364,0.38908845127576547,0.08166015080310932,400.0,7.700307339646599,7700.3073396466,22
9,H8_K100_Meuler_T0.5_Dmix_visual_aligning.models.visual_mf_diffusion.VisualMeanFlow_VTrue_mpc4_filmv1_Emf,train,combined_5,False,diffuser,all,0.03333333333333333,0.06666666666666667,0.0,0.2,0.8035113046566645,78.43333333333334,0.31126329687048354,0.42043270158270996,394.53333333333336,0.8928970126853151,892.8970126853151,30
9,H8_K100_Meuler_T0.5_Dmix_visual_aligning.models.visual_mf_diffusion.VisualMeanFlow_VTrue_mpc4_filmv1_Emf,train,combined_5,False,diffuser,unfrozen,0.03333333333333333,0.06666666666666667,0.0,0.2,0.8035113046566645,78.43333333333334,0.31126329687048354,0.42043270158270996,394.53333333333336,0.8928970126853151,892.8970126853151,30
9,H8_K100_Meuler_T0.5_Dmix_visual_aligning.models.visual_mf_diffusion.VisualMeanFlow_VTrue_mpc4_filmv1_Emf,train,combined_5,False,dpcc-r,all,0.0,0.0,0.0,0.18181818181818182,0.8715909090909091,51.36363636363637,0.367749117769268,0.18633323398450566,400.0,14.988448417836969,14988.44841783697,11
9,H8_K100_Meuler_T0.5_Dmix_visual_aligning.models.visual_mf_diffusion.VisualMeanFlow_VTrue_mpc4_filmv1_Emf,train,combined_5,False,dpcc-r,unfrozen,0.0,0.0,0.0,0.18181818181818182,0.8715909090909091,51.36363636363637,0.367749117769268,0.18633323398450566,400.0,14.988448417836969,14988.44841783697,11
10,H8_K2_Meuler_T0.5_Dmix_visual_aligning.models.visual_mf_diffusion.VisualMeanFlow_VTrue_mpc4_filmv1_Emf,train,combined_5,False,diffuser,all,0.03333333333333333,0.06666666666666667,0.03333333333333333,0.3333333333333333,0.7668908029794693,92.83333333333333,0.4656311719651029,0.4488633076970776,384.3333333333333,0.027917943451911183,27.91794345191118,30
10,H8_K2_Meuler_T0.5_Dmix_visual_aligning.models.visual_mf_diffusion.VisualMeanFlow_VTrue_mpc4_filmv1_Emf,train,combined_5,False,diffuser,unfrozen,0.03333333333333333,0.06666666666666667,0.03333333333333333,0.3333333333333333,0.7668908029794693,92.83333333333333,0.4656311719651029,0.4488633076970776,384.3333333333333,0.027917943451911183,27.91794345191118,30
10,H8_K2_Meuler_T0.5_Dmix_visual_aligning.models.visual_mf_diffusion.VisualMeanFlow_VTrue_mpc4_filmv1_Emf,train,combined_5,False,dpcc-r,all,0.06666666666666667,0.13333333333333333,0.06666666666666667,0.36666666666666664,0.8540833353996277,58.36666666666667,0.34229933710918437,0.15874502745767435,380.6333333333333,0.055544761518630685,55.544761518630686,30
10,H8_K2_Meuler_T0.5_Dmix_visual_aligning.models.visual_mf_diffusion.VisualMeanFlow_VTrue_mpc4_filmv1_Emf,train,combined_5,False,dpcc-r,unfrozen,0.06666666666666667,0.13333333333333333,0.06666666666666667,0.36666666666666664,0.8540833353996277,58.36666666666667,0.34229933710918437,0.15874502745767435,380.6333333333333,0.055544761518630685,55.544761518630686,30
10,H8_K2_Meuler_T0.5_Dmix_visual_aligning.models.visual_mf_diffusion.VisualMeanFlow_VTrue_mpc4_filmv1_Emf,train,combined_5,False,dpcc-c,all,0.0,0.03333333333333333,0.0,0.23333333333333334,0.8262499988079071,69.5,0.40940863256454657,0.2288621782635649,400.0,0.0569419724146525,56.941972414652504,30
10,H8_K2_Meuler_T0.5_Dmix_visual_aligning.models.visual_mf_diffusion.VisualMeanFlow_VTrue_mpc4_filmv1_Emf,train,combined_5,False,dpcc-c,unfrozen,0.0,0.03333333333333333,0.0,0.23333333333333334,0.8262499988079071,69.5,0.40940863256454657,0.2288621782635649,400.0,0.0569419724146525,56.941972414652504,30
10,H8_K2_Meuler_T0.5_Dmix_visual_aligning.models.visual_mf_diffusion.VisualMeanFlow_VTrue_mpc4_filmv1_Emf,train,combined_5,False,dpcc-t,all,0.0,0.03333333333333333,0.0,0.26666666666666666,0.8344166666269303,66.23333333333333,0.286746027175339,0.20024955763171118,400.0,0.05280208228031794,52.80208228031794,30
10,H8_K2_Meuler_T0.5_Dmix_visual_aligning.models.visual_mf_diffusion.VisualMeanFlow_VTrue_mpc4_filmv1_Emf,train,combined_5,False,dpcc-t,unfrozen,0.0,0.03333333333333333,0.0,0.26666666666666666,0.8344166666269303,66.23333333333333,0.286746027175339,0.20024955763171118,400.0,0.05280208228031794,52.80208228031794,30
10,H8_K2_Meuler_T0.5_Dmix_visual_aligning.models.visual_mf_diffusion.VisualMeanFlow_VTrue_mpc4_filmv1_Emf,train,combined_5,False,dpcc-c-dt0p25,all,0.06666666666666667,0.1,0.0,0.2,0.8915816913048427,42.9,0.32480256120158596,0.1365115840608875,377.9,0.0557785986389144,55.7785986389144,30
10,H8_K2_Meuler_T0.5_Dmix_visual_aligning.models.visual_mf_diffusion.VisualMeanFlow_VTrue_mpc4_filmv1_Emf,train,combined_5,False,dpcc-c-dt0p25,unfrozen,0.06666666666666667,0.1,0.0,0.2,0.8915816913048427,42.9,0.32480256120158596,0.1365115840608875,377.9,0.0557785986389144,55.7785986389144,30
10,H8_K2_Meuler_T0.5_Dmix_visual_aligning.models.visual_mf_diffusion.VisualMeanFlow_VTrue_mpc4_filmv1_Emf,train,combined_5,False,dpcc-c-dt0p5,all,0.03333333333333333,0.13333333333333333,0.03333333333333333,0.2,0.8616666704416275,55.333333333333336,0.305525295586006,0.21050835984448593,398.8666666666667,0.05918758116241796,59.187581162417956,30
10,H8_K2_Meuler_T0.5_Dmix_visual_aligning.models.visual_mf_diffusion.VisualMeanFlow_VTrue_mpc4_filmv1_Emf,train,combined_5,False,dpcc-c-dt0p5,unfrozen,0.03333333333333333,0.13333333333333333,0.03333333333333333,0.2,0.8616666704416275,55.333333333333336,0.305525295586006,0.21050835984448593,398.8666666666667,0.05918758116241796,59.187581162417956,30
10,H8_K2_Meuler_T0.5_Dmix_visual_aligning.models.visual_mf_diffusion.VisualMeanFlow_VTrue_mpc4_filmv1_Emf,train,combined_5,False,dpcc-c-dt2p0,all,0.0,0.0,0.0,0.1,0.8541666706403096,58.333333333333336,0.3760310176959306,0.1491049791375796,400.0,0.08900804217656452,89.00804217656453,30
10,H8_K2_Meuler_T0.5_Dmix_visual_aligning.models.visual_mf_diffusion.VisualMeanFlow_VTrue_mpc4_filmv1_Emf,train,combined_5,False,dpcc-c-dt2p0,unfrozen,0.0,0.0,0.0,0.1,0.8541666706403096,58.333333333333336,0.3760310176959306,0.1491049791375796,400.0,0.08900804217656452,89.00804217656453,30
10,H8_K2_Meuler_T0.5_Dmix_visual_aligning.models.visual_mf_diffusion.VisualMeanFlow_VTrue_mpc4_filmv1_Emf,train,combined_5,False,dpcc-c-dt4p0,all,0.0,0.0,0.0,0.4666666666666667,0.94500000278155,22.0,0.3834990723207879,0.14000453383972247,400.0,0.04391747830311457,43.91747830311457,30
10,H8_K2_Meuler_T0.5_Dmix_visual_aligning.models.visual_mf_diffusion.VisualMeanFlow_VTrue_mpc4_filmv1_Emf,train,combined_5,False,dpcc-c-dt4p0,unfrozen,0.0,0.0,0.0,0.4666666666666667,0.94500000278155,22.0,0.3834990723207879,0.14000453383972247,400.0,0.04391747830311457,43.91747830311457,30
10,H8_K2_Meuler_T0.5_Dmix_visual_aligning.models.visual_mf_diffusion.VisualMeanFlow_VTrue_mpc4_filmv1_Emf,train,combined_5,False,hardflow_new-r,all,0.0,0.1,0.0,0.26666666666666666,0.8759166677792867,49.63333333333333,0.30644387732967054,0.2359429206699133,400.0,0.18185019095738728,181.8501909573873,30
10,H8_K2_Meuler_T0.5_Dmix_visual_aligning.models.visual_mf_diffusion.VisualMeanFlow_VTrue_mpc4_filmv1_Emf,train,combined_5,False,hardflow_new-r,unfrozen,0.0,0.1,0.0,0.26666666666666666,0.8759166677792867,49.63333333333333,0.30644387732967054,0.2359429206699133,400.0,0.18185019095738728,181.8501909573873,30
10,H8_K2_Meuler_T0.5_Dmix_visual_aligning.models.visual_mf_diffusion.VisualMeanFlow_VTrue_mpc4_filmv1_Emf,train,combined_5,False,hardflow_new-c,all,0.06666666666666667,0.06666666666666667,0.06666666666666667,0.26666666666666666,0.8492500027020772,60.3,0.3249370049740519,0.1517169000580907,392.23333333333335,0.19397613014103168,193.9761301410317,30
10,H8_K2_Meuler_T0.5_Dmix_visual_aligning.models.visual_mf_diffusion.VisualMeanFlow_VTrue_mpc4_filmv1_Emf,train,combined_5,False,hardflow_new-c,unfrozen,0.06666666666666667,0.06666666666666667,0.06666666666666667,0.26666666666666666,0.8492500027020772,60.3,0.3249370049740519,0.1517169000580907,392.23333333333335,0.19397613014103168,193.9761301410317,30
10,H8_K2_Meuler_T0.5_Dmix_visual_aligning.models.visual_mf_diffusion.VisualMeanFlow_VTrue_mpc4_filmv1_Emf,train,combined_5,False,hardflow_new-t,all,0.0,0.06666666666666667,0.0,0.5,0.8995833337306977,40.166666666666664,0.30738108602955483,0.1927858678624034,400.0,0.17486029400428135,174.86029400428137,30
10,H8_K2_Meuler_T0.5_Dmix_visual_aligning.models.visual_mf_diffusion.VisualMeanFlow_VTrue_mpc4_filmv1_Emf,train,combined_5,False,hardflow_new-t,unfrozen,0.0,0.06666666666666667,0.0,0.5,0.8995833337306977,40.166666666666664,0.30738108602955483,0.1927858678624034,400.0,0.17486029400428135,174.86029400428137,30
10,H8_K2_Meuler_T0.5_Dmix_visual_aligning.models.visual_mf_diffusion.VisualMeanFlow_VTrue_mpc4_filmv1_Emf,train,combined_5,False,gradient,all,0.06666666666666667,0.1,0.03333333333333333,0.3,0.756657408674558,97.1,0.37126018434638197,0.5692588986208041,381.73333333333335,0.02954654978160505,29.546549781605048,30
10,H8_K2_Meuler_T0.5_Dmix_visual_aligning.models.visual_mf_diffusion.VisualMeanFlow_VTrue_mpc4_filmv1_Emf,train,combined_5,False,gradient,unfrozen,0.06666666666666667,0.1,0.03333333333333333,0.3,0.756657408674558,97.1,0.37126018434638197,0.5692588986208041,381.73333333333335,0.02954654978160505,29.546549781605048,30
10,H8_K2_Meuler_T0.5_Dmix_visual_aligning.models.visual_mf_diffusion.VisualMeanFlow_VTrue_mpc4_filmv1_Emf,train,combined_5,False,post_processing,all,0.06666666666666667,0.13333333333333333,0.06666666666666667,0.36666666666666664,0.8572500010331472,57.1,0.3481104900056444,0.1577119154234727,380.6333333333333,0.05625771999365117,56.25771999365117,30
10,H8_K2_Meuler_T0.5_Dmix_visual_aligning.models.visual_mf_diffusion.VisualMeanFlow_VTrue_mpc4_filmv1_Emf,train,combined_5,False,post_processing,unfrozen,0.06666666666666667,0.13333333333333333,0.06666666666666667,0.36666666666666664,0.8572500010331472,57.1,0.3481104900056444,0.1577119154234727,380.6333333333333,0.05625771999365117,56.25771999365117,30
10,H8_K2_Meuler_T0.5_Dmix_visual_aligning.models.visual_mf_diffusion.VisualMeanFlow_VTrue_mpc4_filmv1_Emf,train,combined_5,False,model_free,all,0.03333333333333333,0.1,0.03333333333333333,0.3,0.7939166694879531,82.43333333333334,0.36110556378656117,0.38050395088891187,393.23333333333335,0.03956535096590087,39.56535096590087,30
10,H8_K2_Meuler_T0.5_Dmix_visual_aligning.models.visual_mf_diffusion.VisualMeanFlow_VTrue_mpc4_filmv1_Emf,train,combined_5,False,model_free,unfrozen,0.03333333333333333,0.1,0.03333333333333333,0.3,0.7939166694879531,82.43333333333334,0.36110556378656117,0.38050395088891187,393.23333333333335,0.03956535096590087,39.56535096590087,30
10,H8_K2_Meuler_T0.5_Dmix_visual_aligning.models.visual_mf_diffusion.VisualMeanFlow_VTrue_mpc4_filmv1_Emf,train,combined_5,False,geo_free,all,0.03333333333333333,0.1,0.03333333333333333,0.26666666666666666,0.7939166704813639,82.43333333333334,0.36261272238645864,0.35631855148822067,390.53333333333336,0.040890841238115025,40.89084123811503,30
10,H8_K2_Meuler_T0.5_Dmix_visual_aligning.models.visual_mf_diffusion.VisualMeanFlow_VTrue_mpc4_filmv1_Emf,train,combined_5,False,geo_free,unfrozen,0.03333333333333333,0.1,0.03333333333333333,0.26666666666666666,0.7939166704813639,82.43333333333334,0.36261272238645864,0.35631855148822067,390.53333333333336,0.040890841238115025,40.89084123811503,30
10,H8_K2_Meuler_T0.5_Dmix_visual_aligning.models.visual_mf_diffusion.VisualMeanFlow_VTrue_mpc4_filmv1_Emf,train,combined_5,False,bounds_free,all,0.03333333333333333,0.06666666666666667,0.03333333333333333,0.43333333333333335,0.8988333364327749,40.46666666666667,0.2946522132303157,0.19839622663954895,390.8333333333333,0.04868275051116943,48.68275051116943,30
10,H8_K2_Meuler_T0.5_Dmix_visual_aligning.models.visual_mf_diffusion.VisualMeanFlow_VTrue_mpc4_filmv1_Emf,train,combined_5,False,bounds_free,unfrozen,0.03333333333333333,0.06666666666666667,0.03333333333333333,0.43333333333333335,0.8988333364327749,40.46666666666667,0.2946522132303157,0.19839622663954895,390.8333333333333,0.04868275051116943,48.68275051116943,30
10,H8_K2_Meuler_T0.5_Dmix_visual_aligning.models.visual_mf_diffusion.VisualMeanFlow_VTrue_mpc4_filmv1_Emf,train,combined_5,False,geo_free-bounds_free,all,0.0,0.1,0.0,0.26666666666666666,0.7779166648785273,88.83333333333333,0.3375446922385332,0.322550434495012,400.0,0.038000758926073706,38.00075892607371,30
10,H8_K2_Meuler_T0.5_Dmix_visual_aligning.models.visual_mf_diffusion.VisualMeanFlow_VTrue_mpc4_filmv1_Emf,train,combined_5,False,geo_free-bounds_free,unfrozen,0.0,0.1,0.0,0.26666666666666666,0.7779166648785273,88.83333333333333,0.3375446922385332,0.322550434495012,400.0,0.038000758926073706,38.00075892607371,30
10,H8_K2_Meuler_T0.5_Dmix_visual_aligning.models.visual_mf_diffusion.VisualMeanFlow_VTrue_mpc4_filmv1_Emf,train,combined_5,False,geo_free-model_free,all,0.03333333333333333,0.1,0.03333333333333333,0.3,0.7924166689316432,83.03333333333333,0.3570557020029755,0.3890533848355214,393.23333333333335,0.03497935260582696,34.97935260582697,30
10,H8_K2_Meuler_T0.5_Dmix_visual_aligning.models.visual_mf_diffusion.VisualMeanFlow_VTrue_mpc4_filmv1_Emf,train,combined_5,False,geo_free-model_free,unfrozen,0.03333333333333333,0.1,0.03333333333333333,0.3,0.7924166689316432,83.03333333333333,0.3570557020029755,0.3890533848355214,393.23333333333335,0.03497935260582696,34.97935260582697,30
10,H8_K2_Meuler_T0.5_Dmix_visual_aligning.models.visual_mf_diffusion.VisualMeanFlow_VTrue_mpc4_filmv1_Emf,train,combined_5,False,model_free-bounds_free,all,0.03333333333333333,0.06666666666666667,0.03333333333333333,0.3,0.8427500039339065,62.9,0.34572795377894344,0.3555564314126968,393.1666666666667,0.03599846868841058,35.99846868841057,30
10,H8_K2_Meuler_T0.5_Dmix_visual_aligning.models.visual_mf_diffusion.VisualMeanFlow_VTrue_mpc4_filmv1_Emf,train,combined_5,False,model_free-bounds_free,unfrozen,0.03333333333333333,0.06666666666666667,0.03333333333333333,0.3,0.8427500039339065,62.9,0.34572795377894344,0.3555564314126968,393.1666666666667,0.03599846868841058,35.99846868841057,30
10,H8_K2_Meuler_T0.5_Dmix_visual_aligning.models.visual_mf_diffusion.VisualMeanFlow_VTrue_mpc4_filmv1_Emf,train,combined_5-tightened,True,diffuser,all,0.06666666666666667,0.1,0.0,0.36666666666666664,0.839243084192276,63.46666666666667,0.3451415199179802,0.4747520330051581,384.73333333333335,0.023709389816844197,23.709389816844197,30
10,H8_K2_Meuler_T0.5_Dmix_visual_aligning.models.visual_mf_diffusion.VisualMeanFlow_VTrue_mpc4_filmv1_Emf,train,combined_5-tightened,True,diffuser,unfrozen,0.07692307692307693,0.11538461538461539,0.0,0.2692307692307692,0.8145112509910877,73.23076923076923,0.34145750142098213,0.5472578201442957,382.38461538461536,0.027356988250204845,27.356988250204843,26
10,H8_K2_Meuler_T0.5_Dmix_visual_aligning.models.visual_mf_diffusion.VisualMeanFlow_VTrue_mpc4_filmv1_Emf,train,combined_5-tightened,True,dpcc-r,all,0.0,0.1,0.0,0.9,0.9888333340485891,4.466666666666667,0.31445338937237594,0.09752873207132022,391.1666666666667,0.042250735613299,42.250735613299,30
10,H8_K2_Meuler_T0.5_Dmix_visual_aligning.models.visual_mf_diffusion.VisualMeanFlow_VTrue_mpc4_filmv1_Emf,train,combined_5-tightened,True,dpcc-r,unfrozen,0.0,0.11538461538461539,0.0,0.8846153846153846,0.9871153854406797,5.153846153846154,0.30604812002220805,0.11200016522063659,389.8076923076923,0.04875084878457577,48.75084878457577,26
10,H8_K2_Meuler_T0.5_Dmix_visual_aligning.models.visual_mf_diffusion.VisualMeanFlow_VTrue_mpc4_filmv1_Emf,train,combined_5-tightened,True,dpcc-c,all,0.03333333333333333,0.03333333333333333,0.03333333333333333,0.7333333333333333,0.9685000012318293,12.6,0.3626395881069006,0.20426119280358154,392.2,0.05490601671029286,54.90601671029287,30
10,H8_K2_Meuler_T0.5_Dmix_visual_aligning.models.visual_mf_diffusion.VisualMeanFlow_VTrue_mpc4_filmv1_Emf,train,combined_5-tightened,True,dpcc-c,unfrozen,0.038461538461538464,0.038461538461538464,0.038461538461538464,0.6923076923076923,0.9636538475751877,14.538461538461538,0.3616475801005058,0.23515300452709198,391.0,0.06335309620418407,63.35309620418408,26
10,H8_K2_Meuler_T0.5_Dmix_visual_aligning.models.visual_mf_diffusion.VisualMeanFlow_VTrue_mpc4_filmv1_Emf,train,combined_5-tightened,True,dpcc-t,all,0.06666666666666667,0.13333333333333333,0.06666666666666667,1.0,1.0,0.0,0.30663473812306025,0.11232120984544357,381.96666666666664,0.04234230594704307,42.34230594704307,30
10,H8_K2_Meuler_T0.5_Dmix_visual_aligning.models.visual_mf_diffusion.VisualMeanFlow_VTrue_mpc4_filmv1_Emf,train,combined_5-tightened,True,dpcc-t,unfrozen,0.07692307692307693,0.15384615384615385,0.07692307692307693,1.0,1.0,0.0,0.2970265993499207,0.12906840880616352,379.1923076923077,0.04885650686197278,48.856506861972775,26
10,H8_K2_Meuler_T0.5_Dmix_visual_aligning.models.visual_mf_diffusion.VisualMeanFlow_VTrue_mpc4_filmv1_Emf,train,combined_5-tightened,True,dpcc-c-dt0p25,all,0.03333333333333333,0.1,0.03333333333333333,0.9,0.9838333348433177,6.466666666666667,0.2874642293130029,0.14943784344941377,390.43333333333334,0.04700800458766015,47.008004587660146,30
10,H8_K2_Meuler_T0.5_Dmix_visual_aligning.models.visual_mf_diffusion.VisualMeanFlow_VTrue_mpc4_filmv1_Emf,train,combined_5-tightened,True,dpcc-c-dt0p25,unfrozen,0.038461538461538464,0.11538461538461539,0.038461538461538464,0.8846153846153846,0.9813461555884435,7.461538461538462,0.27490678149216224,0.17189529373382145,388.96153846153845,0.05424000529345401,54.24000529345402,26
10,H8_K2_Meuler_T0.5_Dmix_visual_aligning.models.visual_mf_diffusion.VisualMeanFlow_VTrue_mpc4_filmv1_Emf,train,combined_5-tightened,True,dpcc-c-dt0p5,all,0.03333333333333333,0.1,0.03333333333333333,0.7666666666666667,0.970333335796992,11.866666666666667,0.32292421998528814,0.1245222789545854,397.0,0.04856826197011497,48.56826197011496,30
10,H8_K2_Meuler_T0.5_Dmix_visual_aligning.models.visual_mf_diffusion.VisualMeanFlow_VTrue_mpc4_filmv1_Emf,train,combined_5-tightened,True,dpcc-c-dt0p5,unfrozen,0.038461538461538464,0.11538461538461539,0.038461538461538464,0.7307692307692307,0.9657692336119138,13.692307692307692,0.315822155344799,0.14314656547055796,396.53846153846155,0.05604030227320958,56.040302273209576,26
10,H8_K2_Meuler_T0.5_Dmix_visual_aligning.models.visual_mf_diffusion.VisualMeanFlow_VTrue_mpc4_filmv1_Emf,train,combined_5-tightened,True,dpcc-c-dt2p0,all,0.0,0.0,0.0,0.8333333333333334,0.9882500012715657,4.7,0.3633628326423671,0.07478704117238522,400.0,0.041243631104628246,41.24363110462824,30
10,H8_K2_Meuler_T0.5_Dmix_visual_aligning.models.visual_mf_diffusion.VisualMeanFlow_VTrue_mpc4_filmv1_Emf,train,combined_5-tightened,True,dpcc-c-dt2p0,unfrozen,0.0,0.0,0.0,0.8076923076923077,0.9864423091594989,5.423076923076923,0.36248209302604395,0.08575975264494236,400.0,0.0475888051207249,47.5888051207249,26
10,H8_K2_Meuler_T0.5_Dmix_visual_aligning.models.visual_mf_diffusion.VisualMeanFlow_VTrue_mpc4_filmv1_Emf,train,combined_5-tightened,True,dpcc-c-dt4p0,all,0.0,0.0,0.0,0.9666666666666667,0.9990000009536744,0.4,0.3877749434797981,0.05674245761086543,400.0,0.03823590246836344,38.23590246836344,30
10,H8_K2_Meuler_T0.5_Dmix_visual_aligning.models.visual_mf_diffusion.VisualMeanFlow_VTrue_mpc4_filmv1_Emf,train,combined_5-tightened,True,dpcc-c-dt4p0,unfrozen,0.0,0.0,0.0,0.9615384615384616,0.9988461549465473,0.46153846153846156,0.39064991322307974,0.06493907930472723,400.0,0.04411834900195782,44.11834900195782,26
10,H8_K2_Meuler_T0.5_Dmix_visual_aligning.models.visual_mf_diffusion.VisualMeanFlow_VTrue_mpc4_filmv1_Emf,train,combined_5-tightened,True,hardflow_new-r,all,0.0,0.0,0.0,0.9333333333333333,0.9914166669050852,3.433333333333333,0.311733897993545,0.131418608315289,400.0,0.14723393525679906,147.23393525679907,30
10,H8_K2_Meuler_T0.5_Dmix_visual_aligning.models.visual_mf_diffusion.VisualMeanFlow_VTrue_mpc4_filmv1_Emf,train,combined_5-tightened,True,hardflow_new-r,unfrozen,0.0,0.0,0.0,0.9230769230769231,0.9900961541212522,3.9615384615384617,0.3029102453543262,0.15110386857906213,400.0,0.16988530991169123,169.88530991169122,26
10,H8_K2_Meuler_T0.5_Dmix_visual_aligning.models.visual_mf_diffusion.VisualMeanFlow_VTrue_mpc4_filmv1_Emf,train,combined_5-tightened,True,hardflow_new-c,all,0.03333333333333333,0.13333333333333333,0.03333333333333333,0.8666666666666667,0.9944999992847443,2.2,0.2959498844884527,0.11848369296640157,390.26666666666665,0.1483372326861193,148.33723268611934,30
10,H8_K2_Meuler_T0.5_Dmix_visual_aligning.models.visual_mf_diffusion.VisualMeanFlow_VTrue_mpc4_filmv1_Emf,train,combined_5-tightened,True,hardflow_new-c,unfrozen,0.038461538461538464,0.15384615384615385,0.038461538461538464,0.8461538461538461,0.993653845328551,2.5384615384615383,0.28469792207921973,0.13617896625342277,388.7692307692308,0.17115834540706074,171.15834540706075,26
10,H8_K2_Meuler_T0.5_Dmix_visual_aligning.models.visual_mf_diffusion.VisualMeanFlow_VTrue_mpc4_filmv1_Emf,train,combined_5-tightened,True,hardflow_new-t,all,0.03333333333333333,0.06666666666666667,0.03333333333333333,0.9666666666666667,0.9991666674613953,0.3333333333333333,0.3111556540279433,0.12530307546257974,390.3666666666667,0.14555286898537798,145.552868985378,30
10,H8_K2_Meuler_T0.5_Dmix_visual_aligning.models.visual_mf_diffusion.VisualMeanFlow_VTrue_mpc4_filmv1_Emf,train,combined_5-tightened,True,hardflow_new-t,unfrozen,0.038461538461538464,0.07692307692307693,0.038461538461538464,0.9615384615384616,0.999038462455456,0.38461538461538464,0.3022430407786319,0.14404748451824373,388.88461538461536,0.16794561806005154,167.94561806005154,26
10,H8_K2_Meuler_T0.5_Dmix_visual_aligning.models.visual_mf_diffusion.VisualMeanFlow_VTrue_mpc4_filmv1_Emf,train,combined_5-tightened,True,gradient,all,0.03333333333333333,0.13333333333333333,0.0,0.3333333333333333,0.8136574029922485,74.3,0.3153225375961718,0.374087047825257,391.46666666666664,0.025268769025802613,25.268769025802612,30
10,H8_K2_Meuler_T0.5_Dmix_visual_aligning.models.visual_mf_diffusion.VisualMeanFlow_VTrue_mpc4_filmv1_Emf,train,combined_5-tightened,True,gradient,unfrozen,0.038461538461538464,0.15384615384615385,0.0,0.23076923076923078,0.7849893111449021,85.73076923076923,0.30705098335735703,0.4311059141674867,390.15384615384613,0.02915627195284917,29.156271952849167,26
10,H8_K2_Meuler_T0.5_Dmix_visual_aligning.models.visual_mf_diffusion.VisualMeanFlow_VTrue_mpc4_filmv1_Emf,train,combined_5-tightened,True,post_processing,all,0.0,0.1,0.0,0.9,0.9878333330154419,4.866666666666666,0.3681899136605878,0.11453284149368605,391.1666666666667,0.04230858953646672,42.30858953646671,30
10,H8_K2_Meuler_T0.5_Dmix_visual_aligning.models.visual_mf_diffusion.VisualMeanFlow_VTrue_mpc4_filmv1_Emf,train,combined_5-tightened,True,post_processing,unfrozen,0.0,0.11538461538461539,0.0,0.8846153846153846,0.9859615380947406,5.615384615384615,0.3680518018932216,0.13162029147721255,389.8076923076923,0.04881760331130775,48.81760331130775,26
10,H8_K2_Meuler_T0.5_Dmix_visual_aligning.models.visual_mf_diffusion.VisualMeanFlow_VTrue_mpc4_filmv1_Emf,train,combined_5-tightened,True,model_free,all,0.0,0.0,0.0,0.3,0.8403333365917206,63.86666666666667,0.36250931095668676,0.4082582520941893,400.0,0.03462813524405162,34.62813524405161,30
10,H8_K2_Meuler_T0.5_Dmix_visual_aligning.models.visual_mf_diffusion.VisualMeanFlow_VTrue_mpc4_filmv1_Emf,train,combined_5-tightened,True,model_free,unfrozen,0.0,0.0,0.0,0.19230769230769232,0.8157692345289084,73.6923076923077,0.36149726031179746,0.47053422678548557,400.0,0.0399555406662134,39.9555406662134,26
10,H8_K2_Meuler_T0.5_Dmix_visual_aligning.models.visual_mf_diffusion.VisualMeanFlow_VTrue_mpc4_filmv1_Emf,train,combined_5-tightened,True,geo_free,all,0.03333333333333333,0.1,0.03333333333333333,0.4,0.815500005086263,73.8,0.3798482991735163,0.3334600754082203,391.56666666666666,0.03516345360625087,35.163453606250876,30
10,H8_K2_Meuler_T0.5_Dmix_visual_aligning.models.visual_mf_diffusion.VisualMeanFlow_VTrue_mpc4_filmv1_Emf,train,combined_5-tightened,True,geo_free,unfrozen,0.038461538461538464,0.11538461538461539,0.038461538461538464,0.3076923076923077,0.7871153904841497,85.15384615384616,0.38150378517737,0.38422863830167514,390.2692307692308,0.04057321569952024,40.57321569952024,26
10,H8_K2_Meuler_T0.5_Dmix_visual_aligning.models.visual_mf_diffusion.VisualMeanFlow_VTrue_mpc4_filmv1_Emf,train,combined_5-tightened,True,bounds_free,all,0.03333333333333333,0.06666666666666667,0.03333333333333333,0.9333333333333333,0.9986666679382324,0.5333333333333333,0.28350863350795136,0.0921717089911302,383.93333333333334,0.03746329433835463,37.463294338354636,30
10,H8_K2_Meuler_T0.5_Dmix_visual_aligning.models.visual_mf_diffusion.VisualMeanFlow_VTrue_mpc4_filmv1_Emf,train,combined_5-tightened,True,bounds_free,unfrozen,0.038461538461538464,0.07692307692307693,0.038461538461538464,0.9230769230769231,0.9984615399287298,0.6153846153846154,0.2703426324863335,0.10581898474349426,381.46153846153845,0.043226878082716885,43.22687808271689,26
10,H8_K2_Meuler_T0.5_Dmix_visual_aligning.models.visual_mf_diffusion.VisualMeanFlow_VTrue_mpc4_filmv1_Emf,train,combined_5-tightened,True,geo_free-bounds_free,all,0.0,0.03333333333333333,0.0,0.3333333333333333,0.7794999957084656,88.2,0.37296399754052934,0.3748633216445645,400.0,0.03350994310776392,33.509943107763924,30
10,H8_K2_Meuler_T0.5_Dmix_visual_aligning.models.visual_mf_diffusion.VisualMeanFlow_VTrue_mpc4_filmv1_Emf,train,combined_5-tightened,True,geo_free-bounds_free,unfrozen,0.0,0.038461538461538464,0.0,0.23076923076923078,0.7455769181251526,101.76923076923077,0.3735603602162311,0.4320016147282261,400.0,0.03866531897049684,38.66531897049684,26
10,H8_K2_Meuler_T0.5_Dmix_visual_aligning.models.visual_mf_diffusion.VisualMeanFlow_VTrue_mpc4_filmv1_Emf,train,combined_5-tightened,True,geo_free-model_free,all,0.0,0.0,0.0,0.3,0.8380833367506663,64.76666666666667,0.3542974773653184,0.39882828245560326,400.0,0.029858682076136272,29.858682076136272,30
10,H8_K2_Meuler_T0.5_Dmix_visual_aligning.models.visual_mf_diffusion.VisualMeanFlow_VTrue_mpc4_filmv1_Emf,train,combined_5-tightened,True,geo_free-model_free,unfrozen,0.0,0.0,0.0,0.19230769230769232,0.8131730808661535,74.73076923076923,0.3520220677063724,0.4596534925871171,400.0,0.03445232547246493,34.45232547246493,26
10,H8_K2_Meuler_T0.5_Dmix_visual_aligning.models.visual_mf_diffusion.VisualMeanFlow_VTrue_mpc4_filmv1_Emf,train,combined_5-tightened,True,model_free-bounds_free,all,0.0,0.0,0.0,0.3,0.8400000035762787,64.0,0.3599826128268069,0.4072657889376084,400.0,0.03220420291026434,32.204202910264335,30
10,H8_K2_Meuler_T0.5_Dmix_visual_aligning.models.visual_mf_diffusion.VisualMeanFlow_VTrue_mpc4_filmv1_Emf,train,combined_5-tightened,True,model_free-bounds_free,unfrozen,0.0,0.0,0.0,0.19230769230769232,0.8153846195110908,73.84615384615384,0.35858183939270527,0.46938907698943066,400.0,0.03715869566568962,37.15869566568961,26
11,H8_K20_T0.5_Ddiffuser_visual_aligning.models.visual_gaussian_diffusion.VisualGaussianDiffusion_VTrue_steps400_mpc4_filmv2,test,combined_5,False,diffuser,all,0.0,0.0,0.0,0.16666666666666666,0.4165833306809266,233.36666666666667,0.42852701573835206,2.718887533682088,400.0,0.338800038476785,338.800038476785,30
11,H8_K20_T0.5_Ddiffuser_visual_aligning.models.visual_gaussian_diffusion.VisualGaussianDiffusion_VTrue_steps400_mpc4_filmv2,test,combined_5,False,diffuser,unfrozen,0.0,0.0,0.0,0.16666666666666666,0.4165833306809266,233.36666666666667,0.42852701573835206,2.718887533682088,400.0,0.338800038476785,338.800038476785,30
11,H8_K20_T0.5_Ddiffuser_visual_aligning.models.visual_gaussian_diffusion.VisualGaussianDiffusion_VTrue_steps400_mpc4_filmv2,test,combined_5,False,dpcc-r,all,0.0,0.0,0.0,0.0,0.6970000018676122,121.2,0.41235936993037153,0.5555613560602068,400.0,1.776123115738233,1776.1231157382329,30
11,H8_K20_T0.5_Ddiffuser_visual_aligning.models.visual_gaussian_diffusion.VisualGaussianDiffusion_VTrue_steps400_mpc4_filmv2,test,combined_5,False,dpcc-r,unfrozen,0.0,0.0,0.0,0.0,0.6970000018676122,121.2,0.41235936993037153,0.5555613560602068,400.0,1.776123115738233,1776.1231157382329,30
11,H8_K20_T0.5_Ddiffuser_visual_aligning.models.visual_gaussian_diffusion.VisualGaussianDiffusion_VTrue_steps400_mpc4_filmv2,test,combined_5,False,dpcc-c,all,0.0,0.0,0.0,0.0,0.6847500046094258,126.1,0.4147302489643945,0.3427475477879246,400.0,1.8251376124223073,1825.1376124223073,30
11,H8_K20_T0.5_Ddiffuser_visual_aligning.models.visual_gaussian_diffusion.VisualGaussianDiffusion_VTrue_steps400_mpc4_filmv2,test,combined_5,False,dpcc-c,unfrozen,0.0,0.0,0.0,0.0,0.6847500046094258,126.1,0.4147302489643945,0.3427475477879246,400.0,1.8251376124223073,1825.1376124223073,30
11,H8_K20_T0.5_Ddiffuser_visual_aligning.models.visual_gaussian_diffusion.VisualGaussianDiffusion_VTrue_steps400_mpc4_filmv2,test,combined_5,False,dpcc-t,all,0.0,0.0,0.0,0.06666666666666667,0.7610000014305115,95.6,0.4407874723721968,0.14940626801302034,400.0,1.584957679748535,1584.9576797485352,30
11,H8_K20_T0.5_Ddiffuser_visual_aligning.models.visual_gaussian_diffusion.VisualGaussianDiffusion_VTrue_steps400_mpc4_filmv2,test,combined_5,False,dpcc-t,unfrozen,0.0,0.0,0.0,0.06666666666666667,0.7610000014305115,95.6,0.4407874723721968,0.14940626801302034,400.0,1.584957679748535,1584.9576797485352,30
11,H8_K20_T0.5_Ddiffuser_visual_aligning.models.visual_gaussian_diffusion.VisualGaussianDiffusion_VTrue_steps400_mpc4_filmv2,test,combined_5,False,gradient,all,0.0,0.0,0.0,0.2,0.3694166675209999,252.23333333333332,0.4049353167501153,1.996293998385469,400.0,0.35661085009574894,356.6108500957489,30
11,H8_K20_T0.5_Ddiffuser_visual_aligning.models.visual_gaussian_diffusion.VisualGaussianDiffusion_VTrue_steps400_mpc4_filmv2,test,combined_5,False,gradient,unfrozen,0.0,0.0,0.0,0.2,0.3694166675209999,252.23333333333332,0.4049353167501153,1.996293998385469,400.0,0.35661085009574894,356.6108500957489,30
11,H8_K20_T0.5_Ddiffuser_visual_aligning.models.visual_gaussian_diffusion.VisualGaussianDiffusion_VTrue_steps400_mpc4_filmv2,test,combined_5,False,post_processing,all,0.0,0.0,0.0,0.06666666666666667,0.5615000049273173,175.4,0.4131923894071764,1.837515889108181,400.0,0.3912638541261355,391.2638541261355,30
11,H8_K20_T0.5_Ddiffuser_visual_aligning.models.visual_gaussian_diffusion.VisualGaussianDiffusion_VTrue_steps400_mpc4_filmv2,test,combined_5,False,post_processing,unfrozen,0.0,0.0,0.0,0.06666666666666667,0.5615000049273173,175.4,0.4131923894071764,1.837515889108181,400.0,0.3912638541261355,391.2638541261355,30
11,H8_K20_T0.5_Ddiffuser_visual_aligning.models.visual_gaussian_diffusion.VisualGaussianDiffusion_VTrue_steps400_mpc4_filmv2,test,combined_5,False,model_free,all,0.0,0.0,0.0,0.2857142857142857,0.45678571428571424,217.28571428571428,0.3237489243160648,2.518949454571332,400.0,2.027701540674482,2027.701540674482,7
11,H8_K20_T0.5_Ddiffuser_visual_aligning.models.visual_gaussian_diffusion.VisualGaussianDiffusion_VTrue_steps400_mpc4_filmv2,test,combined_5,False,model_free,unfrozen,0.0,0.0,0.0,0.2857142857142857,0.45678571428571424,217.28571428571428,0.3237489243160648,2.518949454571332,400.0,2.027701540674482,2027.701540674482,7
11,H8_K20_T0.5_Ddiffuser_visual_aligning.models.visual_gaussian_diffusion.VisualGaussianDiffusion_VTrue_steps400_mpc4_filmv2,train,combined_5,False,diffuser,all,0.0,0.0,0.0,0.0,0.2933333218097687,282.6666666666667,0.3817886312171667,3.2128124237060547,400.0,0.32334298570950826,323.34298570950824,3
11,H8_K20_T0.5_Ddiffuser_visual_aligning.models.visual_gaussian_diffusion.VisualGaussianDiffusion_VTrue_steps400_mpc4_filmv2,train,combined_5,False,diffuser,unfrozen,0.0,0.0,0.0,0.0,0.2933333218097687,282.6666666666667,0.3817886312171667,3.2128124237060547,400.0,0.32334298570950826,323.34298570950824,3
11,H8_K20_T0.5_Ddiffuser_visual_aligning.models.visual_gaussian_diffusion.VisualGaussianDiffusion_VTrue_steps400_mpc4_filmv2,train,combined_5,False,dpcc-r,all,0.0,0.0,0.0,0.0,0.6583333412806193,136.66666666666666,0.3817886312171667,1.1646228935569525,400.0,0.9891987105210621,989.1987105210623,3
11,H8_K20_T0.5_Ddiffuser_visual_aligning.models.visual_gaussian_diffusion.VisualGaussianDiffusion_VTrue_steps400_mpc4_filmv2,train,combined_5,False,dpcc-r,unfrozen,0.0,0.0,0.0,0.0,0.6583333412806193,136.66666666666666,0.3817886312171667,1.1646228935569525,400.0,0.9891987105210621,989.1987105210623,3
11,H8_K20_T0.5_Ddiffuser_visual_aligning.models.visual_gaussian_diffusion.VisualGaussianDiffusion_VTrue_steps400_mpc4_filmv2,train,combined_5,False,dpcc-c,all,0.0,0.0,0.0,0.0,0.7583333253860474,96.66666666666667,0.3636456436333151,0.45387213428815204,400.0,1.641819438536962,1641.8194385369618,3
11,H8_K20_T0.5_Ddiffuser_visual_aligning.models.visual_gaussian_diffusion.VisualGaussianDiffusion_VTrue_steps400_mpc4_filmv2,train,combined_5,False,dpcc-c,unfrozen,0.0,0.0,0.0,0.0,0.7583333253860474,96.66666666666667,0.3636456436333151,0.45387213428815204,400.0,1.641819438536962,1641.8194385369618,3
11,H8_K20_T0.5_Ddiffuser_visual_aligning.models.visual_gaussian_diffusion.VisualGaussianDiffusion_VTrue_steps400_mpc4_filmv2,train,combined_5,False,dpcc-t,all,0.0,0.0,0.0,0.3333333333333333,0.8100000023841858,76.0,0.38178863121045054,0.15407358234127363,400.0,1.4634832012653352,1463.483201265335,3
11,H8_K20_T0.5_Ddiffuser_visual_aligning.models.visual_gaussian_diffusion.VisualGaussianDiffusion_VTrue_steps400_mpc4_filmv2,train,combined_5,False,dpcc-t,unfrozen,0.0,0.0,0.0,0.3333333333333333,0.8100000023841858,76.0,0.38178863121045054,0.15407358234127363,400.0,1.4634832012653352,1463.483201265335,3
11,H8_K20_T0.5_Ddiffuser_visual_aligning.models.visual_gaussian_diffusion.VisualGaussianDiffusion_VTrue_steps400_mpc4_filmv2,train,combined_5,False,dpcc-c-dt0p25,all,0.0,0.0,0.0,0.3333333333333333,0.737500011920929,105.0,0.4058876688340085,1.944895898302396,400.0,1.3102898393074671,1310.2898393074672,3
11,H8_K20_T0.5_Ddiffuser_visual_aligning.models.visual_gaussian_diffusion.VisualGaussianDiffusion_VTrue_steps400_mpc4_filmv2,train,combined_5,False,dpcc-c-dt0p25,unfrozen,0.0,0.0,0.0,0.3333333333333333,0.737500011920929,105.0,0.4058876688340085,1.944895898302396,400.0,1.3102898393074671,1310.2898393074672,3
11,H8_K20_T0.5_Ddiffuser_visual_aligning.models.visual_gaussian_diffusion.VisualGaussianDiffusion_VTrue_steps400_mpc4_filmv2,train,combined_5,False,dpcc-c-dt0p5,all,0.0,0.0,0.0,0.0,0.6658333539962769,133.66666666666666,0.3806973934602549,2.5200034777323403,400.0,1.2778881335258483,1277.8881335258484,3
11,H8_K20_T0.5_Ddiffuser_visual_aligning.models.visual_gaussian_diffusion.VisualGaussianDiffusion_VTrue_steps400_mpc4_filmv2,train,combined_5,False,dpcc-c-dt0p5,unfrozen,0.0,0.0,0.0,0.0,0.6658333539962769,133.66666666666666,0.3806973934602549,2.5200034777323403,400.0,1.2778881335258483,1277.8881335258484,3
11,H8_K20_T0.5_Ddiffuser_visual_aligning.models.visual_gaussian_diffusion.VisualGaussianDiffusion_VTrue_steps400_mpc4_filmv2,train,combined_5,False,dpcc-c-dt2p0,all,0.0,0.0,0.0,0.3333333333333333,0.7824999888737997,87.0,0.3817886312171667,0.07057485605279605,400.0,1.304367895325025,1304.3678953250248,3
11,H8_K20_T0.5_Ddiffuser_visual_aligning.models.visual_gaussian_diffusion.VisualGaussianDiffusion_VTrue_steps400_mpc4_filmv2,train,combined_5,False,dpcc-c-dt2p0,unfrozen,0.0,0.0,0.0,0.3333333333333333,0.7824999888737997,87.0,0.3817886312171667,0.07057485605279605,400.0,1.304367895325025,1304.3678953250248,3
11,H8_K20_T0.5_Ddiffuser_visual_aligning.models.visual_gaussian_diffusion.VisualGaussianDiffusion_VTrue_steps400_mpc4_filmv2,train,combined_5,False,dpcc-c-dt4p0,all,0.0,0.0,0.0,0.3333333333333333,0.9308333198229471,27.666666666666668,0.3817886312171667,0.036198933919270836,400.0,0.6557483845949172,655.7483845949173,3
11,H8_K20_T0.5_Ddiffuser_visual_aligning.models.visual_gaussian_diffusion.VisualGaussianDiffusion_VTrue_steps400_mpc4_filmv2,train,combined_5,False,dpcc-c-dt4p0,unfrozen,0.0,0.0,0.0,0.3333333333333333,0.9308333198229471,27.666666666666668,0.3817886312171667,0.036198933919270836,400.0,0.6557483845949172,655.7483845949173,3
11,H8_K20_T0.5_Ddiffuser_visual_aligning.models.visual_gaussian_diffusion.VisualGaussianDiffusion_VTrue_steps400_mpc4_filmv2,train,combined_5,False,gradient,all,0.0,0.0,0.0,0.0,0.18333332985639572,326.6666666666667,0.3743168632925384,2.4885048866271973,400.0,0.34038062393665314,340.38062393665314,3
11,H8_K20_T0.5_Ddiffuser_visual_aligning.models.visual_gaussian_diffusion.VisualGaussianDiffusion_VTrue_steps400_mpc4_filmv2,train,combined_5,False,gradient,unfrozen,0.0,0.0,0.0,0.0,0.18333332985639572,326.6666666666667,0.3743168632925384,2.4885048866271973,400.0,0.34038062393665314,340.38062393665314,3
11,H8_K20_T0.5_Ddiffuser_visual_aligning.models.visual_gaussian_diffusion.VisualGaussianDiffusion_VTrue_steps400_mpc4_filmv2,train,combined_5,False,post_processing,all,0.0,0.0,0.0,0.0,0.3983333309491475,240.66666666666666,0.3817886312171667,2.3658165521919727,400.0,0.38176045974095657,381.7604597409566,3
11,H8_K20_T0.5_Ddiffuser_visual_aligning.models.visual_gaussian_diffusion.VisualGaussianDiffusion_VTrue_steps400_mpc4_filmv2,train,combined_5,False,post_processing,unfrozen,0.0,0.0,0.0,0.0,0.3983333309491475,240.66666666666666,0.3817886312171667,2.3658165521919727,400.0,0.38176045974095657,381.7604597409566,3
11,H8_K20_T0.5_Ddiffuser_visual_aligning.models.visual_gaussian_diffusion.VisualGaussianDiffusion_VTrue_steps400_mpc4_filmv2,train,combined_5,False,model_free,all,0.0,0.0,0.0,0.3333333333333333,0.5216666658719381,191.33333333333334,0.38306414965944,2.333671315262715,400.0,1.8273514040311178,1827.3514040311177,3
11,H8_K20_T0.5_Ddiffuser_visual_aligning.models.visual_gaussian_diffusion.VisualGaussianDiffusion_VTrue_steps400_mpc4_filmv2,train,combined_5,False,model_free,unfrozen,0.0,0.0,0.0,0.3333333333333333,0.5216666658719381,191.33333333333334,0.38306414965944,2.333671315262715,400.0,1.8273514040311178,1827.3514040311177,3
11,H8_K20_T0.5_Ddiffuser_visual_aligning.models.visual_gaussian_diffusion.VisualGaussianDiffusion_VTrue_steps400_mpc4_filmv2,train,combined_5,False,geo_free,all,0.0,0.0,0.0,0.0,0.5483333369096121,180.66666666666666,0.3817886312171667,2.0706135829289756,400.0,0.632781034708023,632.7810347080231,3
11,H8_K20_T0.5_Ddiffuser_visual_aligning.models.visual_gaussian_diffusion.VisualGaussianDiffusion_VTrue_steps400_mpc4_filmv2,train,combined_5,False,geo_free,unfrozen,0.0,0.0,0.0,0.0,0.5483333369096121,180.66666666666666,0.3817886312171667,2.0706135829289756,400.0,0.632781034708023,632.7810347080231,3
11,H8_K20_T0.5_Ddiffuser_visual_aligning.models.visual_gaussian_diffusion.VisualGaussianDiffusion_VTrue_steps400_mpc4_filmv2,train,combined_5,False,bounds_free,all,0.0,0.0,0.0,0.0,0.6425000230471293,143.0,0.3817886312171667,0.40686851491530734,400.0,1.1976576308409372,1197.6576308409374,3
11,H8_K20_T0.5_Ddiffuser_visual_aligning.models.visual_gaussian_diffusion.VisualGaussianDiffusion_VTrue_steps400_mpc4_filmv2,train,combined_5,False,bounds_free,unfrozen,0.0,0.0,0.0,0.0,0.6425000230471293,143.0,0.3817886312171667,0.40686851491530734,400.0,1.1976576308409372,1197.6576308409374,3
11,H8_K20_T0.5_Ddiffuser_visual_aligning.models.visual_gaussian_diffusion.VisualGaussianDiffusion_VTrue_steps400_mpc4_filmv2,train,combined_5,False,geo_free-bounds_free,all,0.0,0.0,0.0,0.0,0.27916666865348816,288.3333333333333,0.3817886312171667,3.1775068442026773,400.0,0.6483372801542283,648.3372801542282,3
11,H8_K20_T0.5_Ddiffuser_visual_aligning.models.visual_gaussian_diffusion.VisualGaussianDiffusion_VTrue_steps400_mpc4_filmv2,train,combined_5,False,geo_free-bounds_free,unfrozen,0.0,0.0,0.0,0.0,0.27916666865348816,288.3333333333333,0.3817886312171667,3.1775068442026773,400.0,0.6483372801542283,648.3372801542282,3
11,H8_K20_T0.5_Ddiffuser_visual_aligning.models.visual_gaussian_diffusion.VisualGaussianDiffusion_VTrue_steps400_mpc4_filmv2,train,combined_5,False,geo_free-model_free,all,0.0,0.0,0.0,0.3333333333333333,0.5683333327372869,172.66666666666666,0.382784983265911,2.2952221520245075,400.0,0.43430268585681914,434.30268585681915,3
11,H8_K20_T0.5_Ddiffuser_visual_aligning.models.visual_gaussian_diffusion.VisualGaussianDiffusion_VTrue_steps400_mpc4_filmv2,train,combined_5,False,geo_free-model_free,unfrozen,0.0,0.0,0.0,0.3333333333333333,0.5683333327372869,172.66666666666666,0.382784983265911,2.2952221520245075,400.0,0.43430268585681914,434.30268585681915,3
11,H8_K20_T0.5_Ddiffuser_visual_aligning.models.visual_gaussian_diffusion.VisualGaussianDiffusion_VTrue_steps400_mpc4_filmv2,train,combined_5-tightened,True,diffuser,all,0.0,0.0,0.0,0.0,0.2933333218097687,282.6666666666667,0.3817886312171667,3.2128124237060547,400.0,0.3246122419834137,324.6122419834137,3
11,H8_K20_T0.5_Ddiffuser_visual_aligning.models.visual_gaussian_diffusion.VisualGaussianDiffusion_VTrue_steps400_mpc4_filmv2,train,combined_5-tightened,True,diffuser,unfrozen,0.0,0.0,0.0,0.0,0.2933333218097687,282.6666666666667,0.3817886312171667,3.2128124237060547,400.0,0.3246122419834137,324.6122419834137,3
11,H8_K20_T0.5_Ddiffuser_visual_aligning.models.visual_gaussian_diffusion.VisualGaussianDiffusion_VTrue_steps400_mpc4_filmv2,train,combined_5-tightened,True,dpcc-r,all,0.0,0.0,0.0,1.0,1.0,0.0,0.3817886312171667,0.1911476751168569,400.0,0.7055518382787703,705.5518382787704,3
11,H8_K20_T0.5_Ddiffuser_visual_aligning.models.visual_gaussian_diffusion.VisualGaussianDiffusion_VTrue_steps400_mpc4_filmv2,train,combined_5-tightened,True,dpcc-r,unfrozen,0.0,0.0,0.0,1.0,1.0,0.0,0.3817886312171667,0.1911476751168569,400.0,0.7055518382787703,705.5518382787704,3
11,H8_K20_T0.5_Ddiffuser_visual_aligning.models.visual_gaussian_diffusion.VisualGaussianDiffusion_VTrue_steps400_mpc4_filmv2,train,combined_5-tightened,True,dpcc-c,all,0.0,0.0,0.0,1.0,1.0,0.0,0.3817886312171667,0.966765304406484,400.0,0.8344948722918829,834.4948722918829,3
11,H8_K20_T0.5_Ddiffuser_visual_aligning.models.visual_gaussian_diffusion.VisualGaussianDiffusion_VTrue_steps400_mpc4_filmv2,train,combined_5-tightened,True,dpcc-c,unfrozen,0.0,0.0,0.0,1.0,1.0,0.0,0.3817886312171667,0.966765304406484,400.0,0.8344948722918829,834.4948722918829,3
11,H8_K20_T0.5_Ddiffuser_visual_aligning.models.visual_gaussian_diffusion.VisualGaussianDiffusion_VTrue_steps400_mpc4_filmv2,train,combined_5-tightened,True,dpcc-t,all,0.0,0.0,0.0,1.0,1.0,0.0,0.3817886312171667,0.0704589020460844,400.0,0.6929852732022604,692.9852732022604,3
11,H8_K20_T0.5_Ddiffuser_visual_aligning.models.visual_gaussian_diffusion.VisualGaussianDiffusion_VTrue_steps400_mpc4_filmv2,train,combined_5-tightened,True,dpcc-t,unfrozen,0.0,0.0,0.0,1.0,1.0,0.0,0.3817886312171667,0.0704589020460844,400.0,0.6929852732022604,692.9852732022604,3
11,H8_K20_T0.5_Ddiffuser_visual_aligning.models.visual_gaussian_diffusion.VisualGaussianDiffusion_VTrue_steps400_mpc4_filmv2,train,combined_5-tightened,True,dpcc-c-dt0p25,all,0.0,0.0,0.0,0.0,0.6991666754086813,120.33333333333333,0.38715487256884523,1.9702264467875164,400.0,3.9120029940207797,3912.00299402078,3
11,H8_K20_T0.5_Ddiffuser_visual_aligning.models.visual_gaussian_diffusion.VisualGaussianDiffusion_VTrue_steps400_mpc4_filmv2,train,combined_5-tightened,True,dpcc-c-dt0p25,unfrozen,0.0,0.0,0.0,0.0,0.6991666754086813,120.33333333333333,0.38715487256884523,1.9702264467875164,400.0,3.9120029940207797,3912.00299402078,3
11,H8_K20_T0.5_Ddiffuser_visual_aligning.models.visual_gaussian_diffusion.VisualGaussianDiffusion_VTrue_steps400_mpc4_filmv2,train,combined_5-tightened,True,dpcc-c-dt0p5,all,0.0,0.0,0.0,0.0,0.5166666607062022,193.33333333333334,0.4511820814811263,2.1187777121861777,400.0,1.5862870862086613,1586.2870862086613,3
11,H8_K20_T0.5_Ddiffuser_visual_aligning.models.visual_gaussian_diffusion.VisualGaussianDiffusion_VTrue_steps400_mpc4_filmv2,train,combined_5-tightened,True,dpcc-c-dt0p5,unfrozen,0.0,0.0,0.0,0.0,0.5166666607062022,193.33333333333334,0.4511820814811263,2.1187777121861777,400.0,1.5862870862086613,1586.2870862086613,3
11,H8_K20_T0.5_Ddiffuser_visual_aligning.models.visual_gaussian_diffusion.VisualGaussianDiffusion_VTrue_steps400_mpc4_filmv2,train,combined_5-tightened,True,dpcc-c-dt2p0,all,0.0,0.0,0.0,1.0,1.0,0.0,0.3817886312171667,0.03388306498527527,400.0,0.5379589704672495,537.9589704672495,3
11,H8_K20_T0.5_Ddiffuser_visual_aligning.models.visual_gaussian_diffusion.VisualGaussianDiffusion_VTrue_steps400_mpc4_filmv2,train,combined_5-tightened,True,dpcc-c-dt2p0,unfrozen,0.0,0.0,0.0,1.0,1.0,0.0,0.3817886312171667,0.03388306498527527,400.0,0.5379589704672495,537.9589704672495,3
11,H8_K20_T0.5_Ddiffuser_visual_aligning.models.visual_gaussian_diffusion.VisualGaussianDiffusion_VTrue_steps400_mpc4_filmv2,train,combined_5-tightened,True,dpcc-c-dt4p0,all,0.0,0.0,0.0,0.3333333333333333,0.9691666762034098,12.333333333333334,0.3817886312171667,0.10236773267388344,400.0,0.848379996418953,848.3799964189529,3
11,H8_K20_T0.5_Ddiffuser_visual_aligning.models.visual_gaussian_diffusion.VisualGaussianDiffusion_VTrue_steps400_mpc4_filmv2,train,combined_5-tightened,True,dpcc-c-dt4p0,unfrozen,0.0,0.0,0.0,0.3333333333333333,0.9691666762034098,12.333333333333334,0.3817886312171667,0.10236773267388344,400.0,0.848379996418953,848.3799964189529,3
11,H8_K20_T0.5_Ddiffuser_visual_aligning.models.visual_gaussian_diffusion.VisualGaussianDiffusion_VTrue_steps400_mpc4_filmv2,train,combined_5-tightened,True,gradient,all,0.0,0.0,0.0,0.0,0.18333332985639572,326.6666666666667,0.37431686328752506,2.485296885172526,400.0,0.3403135657310486,340.3135657310486,3
11,H8_K20_T0.5_Ddiffuser_visual_aligning.models.visual_gaussian_diffusion.VisualGaussianDiffusion_VTrue_steps400_mpc4_filmv2,train,combined_5-tightened,True,gradient,unfrozen,0.0,0.0,0.0,0.0,0.18333332985639572,326.6666666666667,0.37431686328752506,2.485296885172526,400.0,0.3403135657310486,340.3135657310486,3
11,H8_K20_T0.5_Ddiffuser_visual_aligning.models.visual_gaussian_diffusion.VisualGaussianDiffusion_VTrue_steps400_mpc4_filmv2,train,combined_5-tightened,True,post_processing,all,0.0,0.0,0.0,0.0,0.47416667143503827,210.33333333333334,0.38178863122340395,2.4252082904179892,400.0,0.3857088573773702,385.7088573773702,3
11,H8_K20_T0.5_Ddiffuser_visual_aligning.models.visual_gaussian_diffusion.VisualGaussianDiffusion_VTrue_steps400_mpc4_filmv2,train,combined_5-tightened,True,post_processing,unfrozen,0.0,0.0,0.0,0.0,0.47416667143503827,210.33333333333334,0.38178863122340395,2.4252082904179892,400.0,0.3857088573773702,385.7088573773702,3
11,H8_K20_T0.5_Ddiffuser_visual_aligning.models.visual_gaussian_diffusion.VisualGaussianDiffusion_VTrue_steps400_mpc4_filmv2,train,combined_5-tightened,True,model_free,all,0.0,0.0,0.0,0.3333333333333333,0.5233333309491476,190.66666666666666,0.3830955716828746,2.329506926238537,400.0,1.8565501888593037,1856.5501888593037,3
11,H8_K20_T0.5_Ddiffuser_visual_aligning.models.visual_gaussian_diffusion.VisualGaussianDiffusion_VTrue_steps400_mpc4_filmv2,train,combined_5-tightened,True,model_free,unfrozen,0.0,0.0,0.0,0.3333333333333333,0.5233333309491476,190.66666666666666,0.3830955716828746,2.329506926238537,400.0,1.8565501888593037,1856.5501888593037,3
11,H8_K20_T0.5_Ddiffuser_visual_aligning.models.visual_gaussian_diffusion.VisualGaussianDiffusion_VTrue_steps400_mpc4_filmv2,train,combined_5-tightened,True,geo_free,all,0.0,0.0,0.0,0.0,0.5483333369096121,180.66666666666666,0.3817886312171667,2.0706135829289756,400.0,0.6340011866887411,634.0011866887411,3
11,H8_K20_T0.5_Ddiffuser_visual_aligning.models.visual_gaussian_diffusion.VisualGaussianDiffusion_VTrue_steps400_mpc4_filmv2,train,combined_5-tightened,True,geo_free,unfrozen,0.0,0.0,0.0,0.0,0.5483333369096121,180.66666666666666,0.3817886312171667,2.0706135829289756,400.0,0.6340011866887411,634.0011866887411,3
11,H8_K20_T0.5_Ddiffuser_visual_aligning.models.visual_gaussian_diffusion.VisualGaussianDiffusion_VTrue_steps400_mpc4_filmv2,train,combined_5-tightened,True,bounds_free,all,0.0,0.0,0.0,0.3333333333333333,0.9375,25.0,0.3817886312117984,0.29170045380791026,400.0,0.8311244895060858,831.1244895060858,3
11,H8_K20_T0.5_Ddiffuser_visual_aligning.models.visual_gaussian_diffusion.VisualGaussianDiffusion_VTrue_steps400_mpc4_filmv2,train,combined_5-tightened,True,bounds_free,unfrozen,0.0,0.0,0.0,0.3333333333333333,0.9375,25.0,0.3817886312117984,0.29170045380791026,400.0,0.8311244895060858,831.1244895060858,3
11,H8_K20_T0.5_Ddiffuser_visual_aligning.models.visual_gaussian_diffusion.VisualGaussianDiffusion_VTrue_steps400_mpc4_filmv2,train,combined_5-tightened,True,geo_free-bounds_free,all,0.0,0.0,0.0,0.0,0.27916666865348816,288.3333333333333,0.3817886312171667,3.1775068442026773,400.0,0.6473039644956589,647.3039644956589,3
11,H8_K20_T0.5_Ddiffuser_visual_aligning.models.visual_gaussian_diffusion.VisualGaussianDiffusion_VTrue_steps400_mpc4_filmv2,train,combined_5-tightened,True,geo_free-bounds_free,unfrozen,0.0,0.0,0.0,0.0,0.27916666865348816,288.3333333333333,0.3817886312171667,3.1775068442026773,400.0,0.6473039644956589,647.3039644956589,3
11,H8_K20_T0.5_Ddiffuser_visual_aligning.models.visual_gaussian_diffusion.VisualGaussianDiffusion_VTrue_steps400_mpc4_filmv2,train,combined_5-tightened,True,geo_free-model_free,all,0.0,0.0,0.0,0.3333333333333333,0.5683333327372869,172.66666666666666,0.382784983265911,2.2952221520245075,400.0,0.43357041776180266,433.5704177618027,3
11,H8_K20_T0.5_Ddiffuser_visual_aligning.models.visual_gaussian_diffusion.VisualGaussianDiffusion_VTrue_steps400_mpc4_filmv2,train,combined_5-tightened,True,geo_free-model_free,unfrozen,0.0,0.0,0.0,0.3333333333333333,0.5683333327372869,172.66666666666666,0.382784983265911,2.2952221520245075,400.0,0.43357041776180266,433.5704177618027,3
