backend,method,n_trials,avg_ms,std_ms,p50_ms,p95_ms,min_ms,max_ms
legacy_euler,euler,20,15.373139099938271,2.1856296840621865,14.413113000045996,18.82687619972785,12.928461999763385,19.65763599946513
torchdiffeq,euler,20,17.002875350044633,3.2554152913829655,17.091381999762234,23.55443319997903,12.96912300040276,23.583335999319388
torchdiffeq,midpoint,20,15.301702849910725,3.67702981439394,16.65111349984727,19.67578064982263,9.551599000587885,22.39545299926249
torchdiffeq,rk4,20,10.452989299892579,0.9351856973385242,10.20571499975631,12.393623250136443,9.680893000222568,13.589639999736391
torchdiffeq,dopri5,20,10.465972100018917,1.2235016245252086,10.022023000146874,12.438334349781146,9.614919999876292,15.053443999931915
