Candidate,FolderName,split,geo,tightened,variant,mask,n_success,success_relaxed,n_success_and_constraints,collision_free_completed,constraint_exec_sat_rate,n_violations,mean_dist_per_rollout,max_phys_error_per_rollout,n_steps,avg_time,avg_time_ms,n_rollouts
1,H8_K20_Meuler_T0.5_Dfm_visual_aligning.models.visual_gaussian_diffusion.VisualFlowMatching_VTrue_mpc4_filmv2,train,combined_5,False,diffuser,all,0.0,,,,,,0.7215146746971152,0.2899603061378002,400.0,0.33086447258790336,330.8644725879033,3
1,H8_K20_Meuler_T0.5_Dfm_visual_aligning.models.visual_gaussian_diffusion.VisualFlowMatching_VTrue_mpc4_filmv2,train,combined_5,False,diffuser,unfrozen,0.0,,,,,,0.7215146746971152,0.2899603061378002,400.0,0.33086447258790336,330.8644725879033,3
1,H8_K20_Meuler_T0.5_Dfm_visual_aligning.models.visual_gaussian_diffusion.VisualFlowMatching_VTrue_mpc4_filmv2,train,combined_5,False,dpcc-r,all,0.0,,0.0,0.0,0.6575,137.0,0.3298389961958814,2.106120199504718,400.0,5.89380774974823,5893.80774974823,1
1,H8_K20_Meuler_T0.5_Dfm_visual_aligning.models.visual_gaussian_diffusion.VisualFlowMatching_VTrue_mpc4_filmv2,train,combined_5,False,dpcc-r,unfrozen,0.0,,0.0,0.0,0.6575,137.0,0.3298389961958814,2.106120199504718,400.0,5.89380774974823,5893.80774974823,1
1,H8_K20_Meuler_T0.5_Dfm_visual_aligning.models.visual_gaussian_diffusion.VisualFlowMatching_VTrue_mpc4_filmv2,train,dynamics_bounds_only,False,diffuser,all,0.0,,,,,,0.7215146746971152,0.2899603061378002,400.0,0.3206335018078486,320.63350180784863,3
1,H8_K20_Meuler_T0.5_Dfm_visual_aligning.models.visual_gaussian_diffusion.VisualFlowMatching_VTrue_mpc4_filmv2,train,dynamics_bounds_only,False,diffuser,unfrozen,0.0,,,,,,0.7215146746971152,0.2899603061378002,400.0,0.3206335018078486,320.63350180784863,3
1,H8_K20_Meuler_T0.5_Dfm_visual_aligning.models.visual_gaussian_diffusion.VisualFlowMatching_VTrue_mpc4_filmv2,train,dynamics_bounds_only,False,dpcc-r,all,0.0,,,,,,0.43218836597063004,1.1358903646469116,400.0,0.4546464298168818,454.64642981688183,3
1,H8_K20_Meuler_T0.5_Dfm_visual_aligning.models.visual_gaussian_diffusion.VisualFlowMatching_VTrue_mpc4_filmv2,train,dynamics_bounds_only,False,dpcc-r,unfrozen,0.0,,,,,,0.43218836597063004,1.1358903646469116,400.0,0.4546464298168818,454.64642981688183,3
1,H8_K20_Meuler_T0.5_Dfm_visual_aligning.models.visual_gaussian_diffusion.VisualFlowMatching_VTrue_mpc4_filmv2,train,dynamics_bounds_only,False,dpcc-c,all,0.0,,,,,,0.6261830565569352,0.6897292770445347,400.0,0.44761466006437933,447.6146600643794,3
1,H8_K20_Meuler_T0.5_Dfm_visual_aligning.models.visual_gaussian_diffusion.VisualFlowMatching_VTrue_mpc4_filmv2,train,dynamics_bounds_only,False,dpcc-c,unfrozen,0.0,,,,,,0.6261830565569352,0.6897292770445347,400.0,0.44761466006437933,447.6146600643794,3
1,H8_K20_Meuler_T0.5_Dfm_visual_aligning.models.visual_gaussian_diffusion.VisualFlowMatching_VTrue_mpc4_filmv2,train,dynamics_bounds_only,False,dpcc-t,all,0.0,,,,,,0.37026984595666695,0.9643313686052958,400.0,0.44398218711217247,443.9821871121724,3
1,H8_K20_Meuler_T0.5_Dfm_visual_aligning.models.visual_gaussian_diffusion.VisualFlowMatching_VTrue_mpc4_filmv2,train,dynamics_bounds_only,False,dpcc-t,unfrozen,0.0,,,,,,0.37026984595666695,0.9643313686052958,400.0,0.44398218711217247,443.9821871121724,3
1,H8_K20_Meuler_T0.5_Dfm_visual_aligning.models.visual_gaussian_diffusion.VisualFlowMatching_VTrue_mpc4_filmv2,train,dynamics_bounds_only,False,dpcc-c-dt0p25,all,0.0,,,,,,0.40901964019677345,0.13927603016297022,400.0,0.44455102006594344,444.5510200659434,3
1,H8_K20_Meuler_T0.5_Dfm_visual_aligning.models.visual_gaussian_diffusion.VisualFlowMatching_VTrue_mpc4_filmv2,train,dynamics_bounds_only,False,dpcc-c-dt0p25,unfrozen,0.0,,,,,,0.40901964019677345,0.13927603016297022,400.0,0.44455102006594344,444.5510200659434,3
1,H8_K20_Meuler_T0.5_Dfm_visual_aligning.models.visual_gaussian_diffusion.VisualFlowMatching_VTrue_mpc4_filmv2,train,dynamics_bounds_only,False,dpcc-c-dt0p5,all,0.0,,,,,,0.5526309868800464,0.7118517272174358,400.0,0.559027396440506,559.027396440506,3
1,H8_K20_Meuler_T0.5_Dfm_visual_aligning.models.visual_gaussian_diffusion.VisualFlowMatching_VTrue_mpc4_filmv2,train,dynamics_bounds_only,False,dpcc-c-dt0p5,unfrozen,0.0,,,,,,0.5526309868800464,0.7118517272174358,400.0,0.559027396440506,559.027396440506,3
1,H8_K20_Meuler_T0.5_Dfm_visual_aligning.models.visual_gaussian_diffusion.VisualFlowMatching_VTrue_mpc4_filmv2,train,dynamics_bounds_only,False,dpcc-c-dt2p0,all,0.0,,,,,,0.40763496853361186,0.9154621958732605,400.0,0.45769571721553803,457.695717215538,3
1,H8_K20_Meuler_T0.5_Dfm_visual_aligning.models.visual_gaussian_diffusion.VisualFlowMatching_VTrue_mpc4_filmv2,train,dynamics_bounds_only,False,dpcc-c-dt2p0,unfrozen,0.0,,,,,,0.40763496853361186,0.9154621958732605,400.0,0.45769571721553803,457.695717215538,3
1,H8_K20_Meuler_T0.5_Dfm_visual_aligning.models.visual_gaussian_diffusion.VisualFlowMatching_VTrue_mpc4_filmv2,train,dynamics_bounds_only,False,dpcc-c-dt4p0,all,0.0,,,,,,0.3817886312171667,1.2195891936620076,400.0,0.4476295624176661,447.62956241766614,3
1,H8_K20_Meuler_T0.5_Dfm_visual_aligning.models.visual_gaussian_diffusion.VisualFlowMatching_VTrue_mpc4_filmv2,train,dynamics_bounds_only,False,dpcc-c-dt4p0,unfrozen,0.0,,,,,,0.3817886312171667,1.2195891936620076,400.0,0.4476295624176661,447.62956241766614,3
1,H8_K20_Meuler_T0.5_Dfm_visual_aligning.models.visual_gaussian_diffusion.VisualFlowMatching_VTrue_mpc4_filmv2,train,dynamics_bounds_only,False,gradient,all,0.0,,,,,,0.37083728471407573,0.9062942465146383,400.0,0.3322829409440358,332.28294094403583,3
1,H8_K20_Meuler_T0.5_Dfm_visual_aligning.models.visual_gaussian_diffusion.VisualFlowMatching_VTrue_mpc4_filmv2,train,dynamics_bounds_only,False,gradient,unfrozen,0.0,,,,,,0.37083728471407573,0.9062942465146383,400.0,0.3322829409440358,332.28294094403583,3
1,H8_K20_Meuler_T0.5_Dfm_visual_aligning.models.visual_gaussian_diffusion.VisualFlowMatching_VTrue_mpc4_filmv2,train,dynamics_bounds_only,False,post_processing,all,0.0,,,,,,0.829600333077649,0.29721611241499585,400.0,0.33210144778092704,332.101447780927,3
1,H8_K20_Meuler_T0.5_Dfm_visual_aligning.models.visual_gaussian_diffusion.VisualFlowMatching_VTrue_mpc4_filmv2,train,dynamics_bounds_only,False,post_processing,unfrozen,0.0,,,,,,0.829600333077649,0.29721611241499585,400.0,0.33210144778092704,332.101447780927,3
1,H8_K20_Meuler_T0.5_Dfm_visual_aligning.models.visual_gaussian_diffusion.VisualFlowMatching_VTrue_mpc4_filmv2,train,dynamics_bounds_only,False,model_free,all,0.0,,,,,,0.7764890176139296,0.3855893338720004,400.0,0.3811763878663381,381.1763878663381,3
1,H8_K20_Meuler_T0.5_Dfm_visual_aligning.models.visual_gaussian_diffusion.VisualFlowMatching_VTrue_mpc4_filmv2,train,dynamics_bounds_only,False,model_free,unfrozen,0.0,,,,,,0.7764890176139296,0.3855893338720004,400.0,0.3811763878663381,381.1763878663381,3
1,H8_K20_Meuler_T0.5_Dfm_visual_aligning.models.visual_gaussian_diffusion.VisualFlowMatching_VTrue_mpc4_filmv2,train,dynamics_only,False,diffuser,all,0.0,,,,,,0.7215146746971152,0.2899603061378002,400.0,0.3209535684188207,320.9535684188207,3
1,H8_K20_Meuler_T0.5_Dfm_visual_aligning.models.visual_gaussian_diffusion.VisualFlowMatching_VTrue_mpc4_filmv2,train,dynamics_only,False,diffuser,unfrozen,0.0,,,,,,0.7215146746971152,0.2899603061378002,400.0,0.3209535684188207,320.9535684188207,3
1,H8_K20_Meuler_T0.5_Dfm_visual_aligning.models.visual_gaussian_diffusion.VisualFlowMatching_VTrue_mpc4_filmv2,train,dynamics_only,False,dpcc-r,all,0.0,,,,,,0.677684123283402,1.0122071703275044,400.0,0.42112617274125413,421.12617274125415,3
1,H8_K20_Meuler_T0.5_Dfm_visual_aligning.models.visual_gaussian_diffusion.VisualFlowMatching_VTrue_mpc4_filmv2,train,dynamics_only,False,dpcc-r,unfrozen,0.0,,,,,,0.677684123283402,1.0122071703275044,400.0,0.42112617274125413,421.12617274125415,3
1,H8_K20_Meuler_T0.5_Dfm_visual_aligning.models.visual_gaussian_diffusion.VisualFlowMatching_VTrue_mpc4_filmv2,train,dynamics_only,False,dpcc-c,all,0.0,,,,,,0.678428083747221,0.6509313409527143,400.0,0.424082133769989,424.082133769989,3
1,H8_K20_Meuler_T0.5_Dfm_visual_aligning.models.visual_gaussian_diffusion.VisualFlowMatching_VTrue_mpc4_filmv2,train,dynamics_only,False,dpcc-c,unfrozen,0.0,,,,,,0.678428083747221,0.6509313409527143,400.0,0.424082133769989,424.082133769989,3
1,H8_K20_Meuler_T0.5_Dfm_visual_aligning.models.visual_gaussian_diffusion.VisualFlowMatching_VTrue_mpc4_filmv2,train,dynamics_only,False,dpcc-t,all,0.0,,,,,,0.8682655435430453,0.6647910177707672,400.0,0.42023960053920745,420.23960053920746,3
1,H8_K20_Meuler_T0.5_Dfm_visual_aligning.models.visual_gaussian_diffusion.VisualFlowMatching_VTrue_mpc4_filmv2,train,dynamics_only,False,dpcc-t,unfrozen,0.0,,,,,,0.8682655435430453,0.6647910177707672,400.0,0.42023960053920745,420.23960053920746,3
1,H8_K20_Meuler_T0.5_Dfm_visual_aligning.models.visual_gaussian_diffusion.VisualFlowMatching_VTrue_mpc4_filmv2,train,dynamics_only,False,dpcc-c-dt0p25,all,0.0,,,,,,0.5146552536065317,0.2598608545958996,400.0,0.4172253123919169,417.22531239191693,3
1,H8_K20_Meuler_T0.5_Dfm_visual_aligning.models.visual_gaussian_diffusion.VisualFlowMatching_VTrue_mpc4_filmv2,train,dynamics_only,False,dpcc-c-dt0p25,unfrozen,0.0,,,,,,0.5146552536065317,0.2598608545958996,400.0,0.4172253123919169,417.22531239191693,3
1,H8_K20_Meuler_T0.5_Dfm_visual_aligning.models.visual_gaussian_diffusion.VisualFlowMatching_VTrue_mpc4_filmv2,train,dynamics_only,False,dpcc-c-dt0p5,all,0.0,,,,,,0.6457655784923709,0.17215431109070778,400.0,0.4252139244476954,425.21392444769543,3
1,H8_K20_Meuler_T0.5_Dfm_visual_aligning.models.visual_gaussian_diffusion.VisualFlowMatching_VTrue_mpc4_filmv2,train,dynamics_only,False,dpcc-c-dt0p5,unfrozen,0.0,,,,,,0.6457655784923709,0.17215431109070778,400.0,0.4252139244476954,425.21392444769543,3
1,H8_K20_Meuler_T0.5_Dfm_visual_aligning.models.visual_gaussian_diffusion.VisualFlowMatching_VTrue_mpc4_filmv2,train,dynamics_only,False,dpcc-c-dt2p0,all,0.0,,,,,,0.6873390461955741,0.9414051373799642,400.0,0.4348919751246771,434.891975124677,3
1,H8_K20_Meuler_T0.5_Dfm_visual_aligning.models.visual_gaussian_diffusion.VisualFlowMatching_VTrue_mpc4_filmv2,train,dynamics_only,False,dpcc-c-dt2p0,unfrozen,0.0,,,,,,0.6873390461955741,0.9414051373799642,400.0,0.4348919751246771,434.891975124677,3
1,H8_K20_Meuler_T0.5_Dfm_visual_aligning.models.visual_gaussian_diffusion.VisualFlowMatching_VTrue_mpc4_filmv2,train,dynamics_only,False,dpcc-c-dt4p0,all,0.0,,,,,,0.3817886312171667,1.1904338995615642,400.0,0.42941887219746905,429.41887219746906,3
1,H8_K20_Meuler_T0.5_Dfm_visual_aligning.models.visual_gaussian_diffusion.VisualFlowMatching_VTrue_mpc4_filmv2,train,dynamics_only,False,dpcc-c-dt4p0,unfrozen,0.0,,,,,,0.3817886312171667,1.1904338995615642,400.0,0.42941887219746905,429.41887219746906,3
1,H8_K20_Meuler_T0.5_Dfm_visual_aligning.models.visual_gaussian_diffusion.VisualFlowMatching_VTrue_mpc4_filmv2,train,dynamics_only,False,gradient,all,0.0,,,,,,0.38431614787097973,0.4643401503562927,400.0,0.3301157154639562,330.1157154639562,3
1,H8_K20_Meuler_T0.5_Dfm_visual_aligning.models.visual_gaussian_diffusion.VisualFlowMatching_VTrue_mpc4_filmv2,train,dynamics_only,False,gradient,unfrozen,0.0,,,,,,0.38431614787097973,0.4643401503562927,400.0,0.3301157154639562,330.1157154639562,3
1,H8_K20_Meuler_T0.5_Dfm_visual_aligning.models.visual_gaussian_diffusion.VisualFlowMatching_VTrue_mpc4_filmv2,train,dynamics_only,False,post_processing,all,0.0,,,,,,0.829600333077649,0.29721611241499585,400.0,0.32124833047389983,321.24833047389984,3
1,H8_K20_Meuler_T0.5_Dfm_visual_aligning.models.visual_gaussian_diffusion.VisualFlowMatching_VTrue_mpc4_filmv2,train,dynamics_only,False,post_processing,unfrozen,0.0,,,,,,0.829600333077649,0.29721611241499585,400.0,0.32124833047389983,321.24833047389984,3
1,H8_K20_Meuler_T0.5_Dfm_visual_aligning.models.visual_gaussian_diffusion.VisualFlowMatching_VTrue_mpc4_filmv2,train,dynamics_only,False,model_free,all,0.0,,,,,,0.829600333077649,0.29721611241499585,400.0,0.32212141474088035,322.1214147408803,3
1,H8_K20_Meuler_T0.5_Dfm_visual_aligning.models.visual_gaussian_diffusion.VisualFlowMatching_VTrue_mpc4_filmv2,train,dynamics_only,False,model_free,unfrozen,0.0,,,,,,0.829600333077649,0.29721611241499585,400.0,0.32212141474088035,322.1214147408803,3
2,H8_K20_Meuler_T0.5_Dfm_visual_aligning.models.visual_gaussian_diffusion.VisualFlowMatching_VTrue_mpc4_filmv2,train,combined_5,False,diffuser,all,0.0,,,,,,0.7215146746971152,0.2899603061378002,400.0,0.32569127062956493,325.69127062956494,3
2,H8_K20_Meuler_T0.5_Dfm_visual_aligning.models.visual_gaussian_diffusion.VisualFlowMatching_VTrue_mpc4_filmv2,train,combined_5,False,diffuser,unfrozen,0.0,,,,,,0.7215146746971152,0.2899603061378002,400.0,0.32569127062956493,325.69127062956494,3
2,H8_K20_Meuler_T0.5_Dfm_visual_aligning.models.visual_gaussian_diffusion.VisualFlowMatching_VTrue_mpc4_filmv2,train,combined_5,False,dpcc-c,all,0.0,,,,,,0.8479497013388014,0.33907049397627514,400.0,13.523708179195722,13523.708179195723,3
2,H8_K20_Meuler_T0.5_Dfm_visual_aligning.models.visual_gaussian_diffusion.VisualFlowMatching_VTrue_mpc4_filmv2,train,combined_5,False,dpcc-c,unfrozen,0.0,,,,,,0.8479497013388014,0.33907049397627514,400.0,13.523708179195722,13523.708179195723,3
2,H8_K20_Meuler_T0.5_Dfm_visual_aligning.models.visual_gaussian_diffusion.VisualFlowMatching_VTrue_mpc4_filmv2,train,combined_5,False,dpcc-t,all,0.0,,,,,,0.8007926579389223,1.56570037206014,400.0,26.701159729560217,26701.159729560215,3
2,H8_K20_Meuler_T0.5_Dfm_visual_aligning.models.visual_gaussian_diffusion.VisualFlowMatching_VTrue_mpc4_filmv2,train,combined_5,False,dpcc-t,unfrozen,0.0,,,,,,0.8007926579389223,1.56570037206014,400.0,26.701159729560217,26701.159729560215,3
2,H8_K20_Meuler_T0.5_Dfm_visual_aligning.models.visual_gaussian_diffusion.VisualFlowMatching_VTrue_mpc4_filmv2,train,combined_5,False,post_processing,all,0.0,,,,,,0.829600333077649,0.29721611241499585,400.0,0.3221530681848526,322.1530681848526,3
2,H8_K20_Meuler_T0.5_Dfm_visual_aligning.models.visual_gaussian_diffusion.VisualFlowMatching_VTrue_mpc4_filmv2,train,combined_5,False,post_processing,unfrozen,0.0,,,,,,0.829600333077649,0.29721611241499585,400.0,0.3221530681848526,322.1530681848526,3
2,H8_K20_Meuler_T0.5_Dfm_visual_aligning.models.visual_gaussian_diffusion.VisualFlowMatching_VTrue_mpc4_filmv2,train,combined_5,False,model_free,all,0.0,,,,,,0.8798340308478441,0.5648359221716722,400.0,0.43777877390384673,437.77877390384674,3
2,H8_K20_Meuler_T0.5_Dfm_visual_aligning.models.visual_gaussian_diffusion.VisualFlowMatching_VTrue_mpc4_filmv2,train,combined_5,False,model_free,unfrozen,0.0,,,,,,0.8798340308478441,0.5648359221716722,400.0,0.43777877390384673,437.77877390384674,3
2,H8_K20_Meuler_T0.5_Dfm_visual_aligning.models.visual_gaussian_diffusion.VisualFlowMatching_VTrue_mpc4_filmv2,train,combined_5-tightened,True,diffuser,all,0.0,,,,,,0.7215146746971152,0.2899603061378002,400.0,0.32984764595826466,329.84764595826465,3
2,H8_K20_Meuler_T0.5_Dfm_visual_aligning.models.visual_gaussian_diffusion.VisualFlowMatching_VTrue_mpc4_filmv2,train,combined_5-tightened,True,diffuser,unfrozen,0.0,,,,,,0.7215146746971152,0.2899603061378002,400.0,0.32984764595826466,329.84764595826465,3
2,H8_K20_Meuler_T0.5_Dfm_visual_aligning.models.visual_gaussian_diffusion.VisualFlowMatching_VTrue_mpc4_filmv2,train,combined_5-tightened,True,dpcc-c,all,0.0,,0.0,0.5,0.72875,108.5,0.44954384657288704,0.8288946772351057,400.0,20.484409590661524,20484.409590661526,2
2,H8_K20_Meuler_T0.5_Dfm_visual_aligning.models.visual_gaussian_diffusion.VisualFlowMatching_VTrue_mpc4_filmv2,train,combined_5-tightened,True,dpcc-c,unfrozen,0.0,,0.0,0.5,0.72875,108.5,0.44954384657288704,0.8288946772351057,400.0,20.484409590661524,20484.409590661526,2
2,H8_K20_Meuler_T0.5_Dfm_visual_aligning.models.visual_gaussian_diffusion.VisualFlowMatching_VTrue_mpc4_filmv2,train,dynamics_only,False,diffuser,all,0.0,,,,,,0.7215146746971152,0.2899603061378002,400.0,0.3173177299896876,317.3177299896876,3
2,H8_K20_Meuler_T0.5_Dfm_visual_aligning.models.visual_gaussian_diffusion.VisualFlowMatching_VTrue_mpc4_filmv2,train,dynamics_only,False,diffuser,unfrozen,0.0,,,,,,0.7215146746971152,0.2899603061378002,400.0,0.3173177299896876,317.3177299896876,3
2,H8_K20_Meuler_T0.5_Dfm_visual_aligning.models.visual_gaussian_diffusion.VisualFlowMatching_VTrue_mpc4_filmv2,train,dynamics_only,False,dpcc-c,all,0.0,,,,,,0.678428083747221,0.6509313409527143,400.0,0.4274794894456863,427.47948944568634,3
2,H8_K20_Meuler_T0.5_Dfm_visual_aligning.models.visual_gaussian_diffusion.VisualFlowMatching_VTrue_mpc4_filmv2,train,dynamics_only,False,dpcc-c,unfrozen,0.0,,,,,,0.678428083747221,0.6509313409527143,400.0,0.4274794894456863,427.47948944568634,3
2,H8_K20_Meuler_T0.5_Dfm_visual_aligning.models.visual_gaussian_diffusion.VisualFlowMatching_VTrue_mpc4_filmv2,train,dynamics_only,False,dpcc-t,all,0.0,,,,,,0.8682655435430453,0.6647910177707672,400.0,0.4196249312162399,419.62493121623993,3
2,H8_K20_Meuler_T0.5_Dfm_visual_aligning.models.visual_gaussian_diffusion.VisualFlowMatching_VTrue_mpc4_filmv2,train,dynamics_only,False,dpcc-t,unfrozen,0.0,,,,,,0.8682655435430453,0.6647910177707672,400.0,0.4196249312162399,419.62493121623993,3
2,H8_K20_Meuler_T0.5_Dfm_visual_aligning.models.visual_gaussian_diffusion.VisualFlowMatching_VTrue_mpc4_filmv2,train,dynamics_only,False,post_processing,all,0.0,,,,,,0.829600333077649,0.29721611241499585,400.0,0.32180018444856007,321.80018444856006,3
2,H8_K20_Meuler_T0.5_Dfm_visual_aligning.models.visual_gaussian_diffusion.VisualFlowMatching_VTrue_mpc4_filmv2,train,dynamics_only,False,post_processing,unfrozen,0.0,,,,,,0.829600333077649,0.29721611241499585,400.0,0.32180018444856007,321.80018444856006,3
2,H8_K20_Meuler_T0.5_Dfm_visual_aligning.models.visual_gaussian_diffusion.VisualFlowMatching_VTrue_mpc4_filmv2,train,dynamics_only,False,model_free,all,0.0,,,,,,0.829600333077649,0.29721611241499585,400.0,0.3213307934999466,321.3307934999466,3
2,H8_K20_Meuler_T0.5_Dfm_visual_aligning.models.visual_gaussian_diffusion.VisualFlowMatching_VTrue_mpc4_filmv2,train,dynamics_only,False,model_free,unfrozen,0.0,,,,,,0.829600333077649,0.29721611241499585,400.0,0.3213307934999466,321.3307934999466,3
3,H8_K20_Meuler_T0.5_Dfm_visual_aligning.models.visual_gaussian_diffusion.VisualFlowMatching_VTrue_mpc4_filmv2,test,combined_5,False,diffuser,all,0.0,0.0,0.0,0.23333333333333334,0.5706666653354963,171.73333333333332,0.4550702993419634,0.9266034459074338,400.0,0.33492422034343083,334.9242203434308,30
3,H8_K20_Meuler_T0.5_Dfm_visual_aligning.models.visual_gaussian_diffusion.VisualFlowMatching_VTrue_mpc4_filmv2,test,combined_5,False,diffuser,unfrozen,0.0,0.0,0.0,0.23333333333333334,0.5706666653354963,171.73333333333332,0.4550702993419634,0.9266034459074338,400.0,0.33492422034343083,334.9242203434308,30
3,H8_K20_Meuler_T0.5_Dfm_visual_aligning.models.visual_gaussian_diffusion.VisualFlowMatching_VTrue_mpc4_filmv2,train,combined_5,False,diffuser,all,0.0,,,,,,0.7215146746971152,0.2899603061378002,400.0,0.33424273610115046,334.2427361011505,3
3,H8_K20_Meuler_T0.5_Dfm_visual_aligning.models.visual_gaussian_diffusion.VisualFlowMatching_VTrue_mpc4_filmv2,train,combined_5,False,diffuser,unfrozen,0.0,,,,,,0.7215146746971152,0.2899603061378002,400.0,0.33424273610115046,334.2427361011505,3
3,H8_K20_Meuler_T0.5_Dfm_visual_aligning.models.visual_gaussian_diffusion.VisualFlowMatching_VTrue_mpc4_filmv2,train,combined_5,False,dpcc-r,all,0.0,,,,,,0.7002808146334978,1.2234371105829875,400.0,11.406844326456389,11406.844326456388,3
3,H8_K20_Meuler_T0.5_Dfm_visual_aligning.models.visual_gaussian_diffusion.VisualFlowMatching_VTrue_mpc4_filmv2,train,combined_5,False,dpcc-r,unfrozen,0.0,,,,,,0.7002808146334978,1.2234371105829875,400.0,11.406844326456389,11406.844326456388,3
3,H8_K20_Meuler_T0.5_Dfm_visual_aligning.models.visual_gaussian_diffusion.VisualFlowMatching_VTrue_mpc4_filmv2,train,combined_5,False,dpcc-c,all,0.0,,,,,,0.6319172220674365,0.426960298170646,400.0,3.873355675737063,3873.355675737063,3
3,H8_K20_Meuler_T0.5_Dfm_visual_aligning.models.visual_gaussian_diffusion.VisualFlowMatching_VTrue_mpc4_filmv2,train,combined_5,False,dpcc-c,unfrozen,0.0,,,,,,0.6319172220674365,0.426960298170646,400.0,3.873355675737063,3873.355675737063,3
3,H8_K20_Meuler_T0.5_Dfm_visual_aligning.models.visual_gaussian_diffusion.VisualFlowMatching_VTrue_mpc4_filmv2,train,combined_5,False,dpcc-t,all,0.0,,,,,,0.373183399363185,1.418899813046058,400.0,2.9228833226362863,2922.8833226362863,3
3,H8_K20_Meuler_T0.5_Dfm_visual_aligning.models.visual_gaussian_diffusion.VisualFlowMatching_VTrue_mpc4_filmv2,train,combined_5,False,dpcc-t,unfrozen,0.0,,,,,,0.373183399363185,1.418899813046058,400.0,2.9228833226362863,2922.8833226362863,3
3,H8_K20_Meuler_T0.5_Dfm_visual_aligning.models.visual_gaussian_diffusion.VisualFlowMatching_VTrue_mpc4_filmv2,train,combined_5,False,dpcc-c-dt0p25,all,0.0,,,,,,0.7272559306129999,0.8796572685241699,400.0,6.4356008362770085,6435.600836277008,3
3,H8_K20_Meuler_T0.5_Dfm_visual_aligning.models.visual_gaussian_diffusion.VisualFlowMatching_VTrue_mpc4_filmv2,train,combined_5,False,dpcc-c-dt0p25,unfrozen,0.0,,,,,,0.7272559306129999,0.8796572685241699,400.0,6.4356008362770085,6435.600836277008,3
3,H8_K20_Meuler_T0.5_Dfm_visual_aligning.models.visual_gaussian_diffusion.VisualFlowMatching_VTrue_mpc4_filmv2,train,combined_5,False,dpcc-c-dt0p5,all,0.0,,,,,,0.6912975818182844,0.7491904472311338,400.0,6.02636699895064,6026.366998950641,3
3,H8_K20_Meuler_T0.5_Dfm_visual_aligning.models.visual_gaussian_diffusion.VisualFlowMatching_VTrue_mpc4_filmv2,train,combined_5,False,dpcc-c-dt0p5,unfrozen,0.0,,,,,,0.6912975818182844,0.7491904472311338,400.0,6.02636699895064,6026.366998950641,3
3,H8_K20_Meuler_T0.5_Dfm_visual_aligning.models.visual_gaussian_diffusion.VisualFlowMatching_VTrue_mpc4_filmv2,train,combined_5,False,dpcc-c-dt2p0,all,0.0,,,,,,0.3561808421238118,0.12072777499755223,400.0,0.9509897663195929,950.9897663195928,3
3,H8_K20_Meuler_T0.5_Dfm_visual_aligning.models.visual_gaussian_diffusion.VisualFlowMatching_VTrue_mpc4_filmv2,train,combined_5,False,dpcc-c-dt2p0,unfrozen,0.0,,,,,,0.3561808421238118,0.12072777499755223,400.0,0.9509897663195929,950.9897663195928,3
3,H8_K20_Meuler_T0.5_Dfm_visual_aligning.models.visual_gaussian_diffusion.VisualFlowMatching_VTrue_mpc4_filmv2,train,combined_5,False,dpcc-c-dt4p0,all,0.0,,,,,,0.38178863120881185,0.14252234995365143,400.0,0.9569171144564946,956.9171144564947,3
3,H8_K20_Meuler_T0.5_Dfm_visual_aligning.models.visual_gaussian_diffusion.VisualFlowMatching_VTrue_mpc4_filmv2,train,combined_5,False,dpcc-c-dt4p0,unfrozen,0.0,,,,,,0.38178863120881185,0.14252234995365143,400.0,0.9569171144564946,956.9171144564947,3
3,H8_K20_Meuler_T0.5_Dfm_visual_aligning.models.visual_gaussian_diffusion.VisualFlowMatching_VTrue_mpc4_filmv2,train,combined_5,False,gradient,all,0.0,,,,,,0.3662397038507888,1.1559464906652768,400.0,0.3555262315273285,355.5262315273285,3
3,H8_K20_Meuler_T0.5_Dfm_visual_aligning.models.visual_gaussian_diffusion.VisualFlowMatching_VTrue_mpc4_filmv2,train,combined_5,False,gradient,unfrozen,0.0,,,,,,0.3662397038507888,1.1559464906652768,400.0,0.3555262315273285,355.5262315273285,3
3,H8_K20_Meuler_T0.5_Dfm_visual_aligning.models.visual_gaussian_diffusion.VisualFlowMatching_VTrue_mpc4_filmv2,train,combined_5,False,post_processing,all,0.0,,,,,,0.829600333077649,0.29721611241499585,400.0,0.33529024322827655,335.29024322827655,3
3,H8_K20_Meuler_T0.5_Dfm_visual_aligning.models.visual_gaussian_diffusion.VisualFlowMatching_VTrue_mpc4_filmv2,train,combined_5,False,post_processing,unfrozen,0.0,,,,,,0.829600333077649,0.29721611241499585,400.0,0.33529024322827655,335.29024322827655,3
3,H8_K20_Meuler_T0.5_Dfm_visual_aligning.models.visual_gaussian_diffusion.VisualFlowMatching_VTrue_mpc4_filmv2,train,combined_5,False,model_free,all,0.0,,,,,,0.8217048079299875,0.5276443051795164,400.0,0.48803242365519206,488.0324236551921,3
3,H8_K20_Meuler_T0.5_Dfm_visual_aligning.models.visual_gaussian_diffusion.VisualFlowMatching_VTrue_mpc4_filmv2,train,combined_5,False,model_free,unfrozen,0.0,,,,,,0.8217048079299875,0.5276443051795164,400.0,0.48803242365519206,488.0324236551921,3
3,H8_K20_Meuler_T0.5_Dfm_visual_aligning.models.visual_gaussian_diffusion.VisualFlowMatching_VTrue_mpc4_filmv2,train,combined_5,False,geo_free,all,0.0,,,,,,0.43218836597063004,1.1358903646469116,400.0,0.455978613893191,455.97861389319104,3
3,H8_K20_Meuler_T0.5_Dfm_visual_aligning.models.visual_gaussian_diffusion.VisualFlowMatching_VTrue_mpc4_filmv2,train,combined_5,False,geo_free,unfrozen,0.0,,,,,,0.43218836597063004,1.1358903646469116,400.0,0.455978613893191,455.97861389319104,3
3,H8_K20_Meuler_T0.5_Dfm_visual_aligning.models.visual_gaussian_diffusion.VisualFlowMatching_VTrue_mpc4_filmv2,train,combined_5,False,bounds_free,all,0.0,,,,,,0.7425068341453461,0.7773287246624628,400.0,19.27528822203477,19275.28822203477,3
3,H8_K20_Meuler_T0.5_Dfm_visual_aligning.models.visual_gaussian_diffusion.VisualFlowMatching_VTrue_mpc4_filmv2,train,combined_5,False,bounds_free,unfrozen,0.0,,,,,,0.7425068341453461,0.7773287246624628,400.0,19.27528822203477,19275.28822203477,3
3,H8_K20_Meuler_T0.5_Dfm_visual_aligning.models.visual_gaussian_diffusion.VisualFlowMatching_VTrue_mpc4_filmv2,train,combined_5,False,geo_free-bounds_free,all,0.0,,,,,,0.677684123283402,1.0122071703275044,400.0,0.44404270490010583,444.0427049001058,3
3,H8_K20_Meuler_T0.5_Dfm_visual_aligning.models.visual_gaussian_diffusion.VisualFlowMatching_VTrue_mpc4_filmv2,train,combined_5,False,geo_free-bounds_free,unfrozen,0.0,,,,,,0.677684123283402,1.0122071703275044,400.0,0.44404270490010583,444.0427049001058,3
3,H8_K20_Meuler_T0.5_Dfm_visual_aligning.models.visual_gaussian_diffusion.VisualFlowMatching_VTrue_mpc4_filmv2,train,combined_5,False,geo_free-model_free,all,0.0,,,,,,0.7764890176139296,0.3855893338720004,400.0,0.3965224746863047,396.52247468630475,3
3,H8_K20_Meuler_T0.5_Dfm_visual_aligning.models.visual_gaussian_diffusion.VisualFlowMatching_VTrue_mpc4_filmv2,train,combined_5,False,geo_free-model_free,unfrozen,0.0,,,,,,0.7764890176139296,0.3855893338720004,400.0,0.3965224746863047,396.52247468630475,3
3,H8_K20_Meuler_T0.5_Dfm_visual_aligning.models.visual_gaussian_diffusion.VisualFlowMatching_VTrue_mpc4_filmv2,train,combined_5-tightened,True,diffuser,all,0.0,,,,,,0.7215146746971152,0.2899603061378002,400.0,0.32391162633895876,323.91162633895874,3
3,H8_K20_Meuler_T0.5_Dfm_visual_aligning.models.visual_gaussian_diffusion.VisualFlowMatching_VTrue_mpc4_filmv2,train,combined_5-tightened,True,diffuser,unfrozen,0.0,,,,,,0.7215146746971152,0.2899603061378002,400.0,0.32391162633895876,323.91162633895874,3
3,H8_K20_Meuler_T0.5_Dfm_visual_aligning.models.visual_gaussian_diffusion.VisualFlowMatching_VTrue_mpc4_filmv2,train,combined_5-tightened,True,dpcc-r,all,0.0,,,,,,0.6012550381714958,0.541690486172835,400.0,11.34413064698378,11344.130646983782,3
3,H8_K20_Meuler_T0.5_Dfm_visual_aligning.models.visual_gaussian_diffusion.VisualFlowMatching_VTrue_mpc4_filmv2,train,combined_5-tightened,True,dpcc-r,unfrozen,0.0,,,,,,0.6012550381714958,0.541690486172835,400.0,11.34413064698378,11344.130646983782,3
3,H8_K20_Meuler_T0.5_Dfm_visual_aligning.models.visual_gaussian_diffusion.VisualFlowMatching_VTrue_mpc4_filmv2,train,combined_5-tightened,True,dpcc-c,all,0.0,,0.0,0.0,0.65,140.0,0.5735915479226871,0.46867114802186943,400.0,2.5323402208089827,2532.340220808983,1
3,H8_K20_Meuler_T0.5_Dfm_visual_aligning.models.visual_gaussian_diffusion.VisualFlowMatching_VTrue_mpc4_filmv2,train,combined_5-tightened,True,dpcc-c,unfrozen,0.0,,0.0,0.0,0.65,140.0,0.5735915479226871,0.46867114802186943,400.0,2.5323402208089827,2532.340220808983,1
4,H8_K20_Meuler_T0.5_Dfm_visual_aligning.models.visual_gaussian_diffusion.VisualFlowMatching_VTrue_mpc4_filmv1,test,combined_5,False,diffuser,all,0.0,0.0,0.0,0.23333333333333334,0.7929166659712792,82.83333333333333,0.29811791453298786,0.6152464312190811,400.0,0.3025400738914808,302.54007389148074,30
4,H8_K20_Meuler_T0.5_Dfm_visual_aligning.models.visual_gaussian_diffusion.VisualFlowMatching_VTrue_mpc4_filmv1,test,combined_5,False,diffuser,unfrozen,0.0,0.0,0.0,0.23333333333333334,0.7929166659712792,82.83333333333333,0.29811791453298786,0.6152464312190811,400.0,0.3025400738914808,302.54007389148074,30
4,H8_K20_Meuler_T0.5_Dfm_visual_aligning.models.visual_gaussian_diffusion.VisualFlowMatching_VTrue_mpc4_filmv1,test,combined_5,False,dpcc-r,all,0.0,0.03333333333333333,0.0,0.23333333333333334,0.88125,47.5,0.30628138866671206,0.09292901245256265,400.0,1.0324603171547253,1032.4603171547253,30
4,H8_K20_Meuler_T0.5_Dfm_visual_aligning.models.visual_gaussian_diffusion.VisualFlowMatching_VTrue_mpc4_filmv1,test,combined_5,False,dpcc-r,unfrozen,0.0,0.03333333333333333,0.0,0.23333333333333334,0.88125,47.5,0.30628138866671206,0.09292901245256265,400.0,1.0324603171547253,1032.4603171547253,30
4,H8_K20_Meuler_T0.5_Dfm_visual_aligning.models.visual_gaussian_diffusion.VisualFlowMatching_VTrue_mpc4_filmv1,test,combined_5,False,dpcc-c,all,0.0,0.03333333333333333,0.0,0.3,0.8657499949137369,53.7,0.3112533450840754,0.10923888397713502,400.0,1.37181846366326,1371.8184636632602,30
4,H8_K20_Meuler_T0.5_Dfm_visual_aligning.models.visual_gaussian_diffusion.VisualFlowMatching_VTrue_mpc4_filmv1,test,combined_5,False,dpcc-c,unfrozen,0.0,0.03333333333333333,0.0,0.3,0.8657499949137369,53.7,0.3112533450840754,0.10923888397713502,400.0,1.37181846366326,1371.8184636632602,30
4,H8_K20_Meuler_T0.5_Dfm_visual_aligning.models.visual_gaussian_diffusion.VisualFlowMatching_VTrue_mpc4_filmv1,test,combined_5,False,dpcc-t,all,0.0,0.0,0.0,0.43333333333333335,0.8909166693687439,43.63333333333333,0.3097080869804145,0.08985661137849092,400.0,1.126349738240242,1126.349738240242,30
4,H8_K20_Meuler_T0.5_Dfm_visual_aligning.models.visual_gaussian_diffusion.VisualFlowMatching_VTrue_mpc4_filmv1,test,combined_5,False,dpcc-t,unfrozen,0.0,0.0,0.0,0.43333333333333335,0.8909166693687439,43.63333333333333,0.3097080869804145,0.08985661137849092,400.0,1.126349738240242,1126.349738240242,30
4,H8_K20_Meuler_T0.5_Dfm_visual_aligning.models.visual_gaussian_diffusion.VisualFlowMatching_VTrue_mpc4_filmv1,test,combined_5,False,gradient,all,0.0,0.06666666666666667,0.0,0.16666666666666666,0.7776666685938836,88.93333333333334,0.3478263373057203,0.4936132668827971,400.0,0.3092764971057574,309.2764971057574,30
4,H8_K20_Meuler_T0.5_Dfm_visual_aligning.models.visual_gaussian_diffusion.VisualFlowMatching_VTrue_mpc4_filmv1,test,combined_5,False,gradient,unfrozen,0.0,0.06666666666666667,0.0,0.16666666666666666,0.7776666685938836,88.93333333333334,0.3478263373057203,0.4936132668827971,400.0,0.3092764971057574,309.2764971057574,30
4,H8_K20_Meuler_T0.5_Dfm_visual_aligning.models.visual_gaussian_diffusion.VisualFlowMatching_VTrue_mpc4_filmv1,test,combined_5,False,post_processing,all,0.0,0.03333333333333333,0.0,0.3,0.8084166655937831,76.63333333333334,0.2797504274835454,0.5604825524613262,400.0,0.29632272426287337,296.32272426287335,30
4,H8_K20_Meuler_T0.5_Dfm_visual_aligning.models.visual_gaussian_diffusion.VisualFlowMatching_VTrue_mpc4_filmv1,test,combined_5,False,post_processing,unfrozen,0.0,0.03333333333333333,0.0,0.3,0.8084166655937831,76.63333333333334,0.2797504274835454,0.5604825524613262,400.0,0.29632272426287337,296.32272426287335,30
4,H8_K20_Meuler_T0.5_Dfm_visual_aligning.models.visual_gaussian_diffusion.VisualFlowMatching_VTrue_mpc4_filmv1,test,combined_5,False,model_free,all,0.0,0.1,0.0,0.3,0.8308333337306977,67.66666666666667,0.27129052856334795,0.5031889031951626,400.0,0.40152659779787064,401.52659779787064,30
4,H8_K20_Meuler_T0.5_Dfm_visual_aligning.models.visual_gaussian_diffusion.VisualFlowMatching_VTrue_mpc4_filmv1,test,combined_5,False,model_free,unfrozen,0.0,0.1,0.0,0.3,0.8308333337306977,67.66666666666667,0.27129052856334795,0.5031889031951626,400.0,0.40152659779787064,401.52659779787064,30
4,H8_K20_Meuler_T0.5_Dfm_visual_aligning.models.visual_gaussian_diffusion.VisualFlowMatching_VTrue_mpc4_filmv1,test,combined_5,False,geo_free,all,0.0,0.03333333333333333,0.0,0.16666666666666666,0.808583336075147,76.56666666666666,0.30904894059397686,0.4001629547526439,400.0,0.4231040953199069,423.1040953199069,30
4,H8_K20_Meuler_T0.5_Dfm_visual_aligning.models.visual_gaussian_diffusion.VisualFlowMatching_VTrue_mpc4_filmv1,test,combined_5,False,geo_free,unfrozen,0.0,0.03333333333333333,0.0,0.16666666666666666,0.808583336075147,76.56666666666666,0.30904894059397686,0.4001629547526439,400.0,0.4231040953199069,423.1040953199069,30
4,H8_K20_Meuler_T0.5_Dfm_visual_aligning.models.visual_gaussian_diffusion.VisualFlowMatching_VTrue_mpc4_filmv1,test,combined_5,False,bounds_free,all,0.0,0.06666666666666667,0.0,0.03333333333333333,0.8092500030994415,76.3,0.34144579940584474,0.05704827879865964,400.0,1.200179504652818,1200.179504652818,30
4,H8_K20_Meuler_T0.5_Dfm_visual_aligning.models.visual_gaussian_diffusion.VisualFlowMatching_VTrue_mpc4_filmv1,test,combined_5,False,bounds_free,unfrozen,0.0,0.06666666666666667,0.0,0.03333333333333333,0.8092500030994415,76.3,0.34144579940584474,0.05704827879865964,400.0,1.200179504652818,1200.179504652818,30
4,H8_K20_Meuler_T0.5_Dfm_visual_aligning.models.visual_gaussian_diffusion.VisualFlowMatching_VTrue_mpc4_filmv1,test,combined_5,False,geo_free-bounds_free,all,0.0,0.06666666666666667,0.0,0.23333333333333334,0.8310000032186509,67.6,0.32509138206006816,0.30427051726728677,400.0,0.3891493050654729,389.1493050654729,30
4,H8_K20_Meuler_T0.5_Dfm_visual_aligning.models.visual_gaussian_diffusion.VisualFlowMatching_VTrue_mpc4_filmv1,test,combined_5,False,geo_free-bounds_free,unfrozen,0.0,0.06666666666666667,0.0,0.23333333333333334,0.8310000032186509,67.6,0.32509138206006816,0.30427051726728677,400.0,0.3891493050654729,389.1493050654729,30
4,H8_K20_Meuler_T0.5_Dfm_visual_aligning.models.visual_gaussian_diffusion.VisualFlowMatching_VTrue_mpc4_filmv1,test,combined_5,False,geo_free-model_free,all,0.0,0.3333333333333333,0.0,0.3333333333333333,0.7566666666666667,97.33333333333333,0.22667084517705863,1.1031936688606085,400.0,0.34886186321576435,348.86186321576434,3
4,H8_K20_Meuler_T0.5_Dfm_visual_aligning.models.visual_gaussian_diffusion.VisualFlowMatching_VTrue_mpc4_filmv1,test,combined_5,False,geo_free-model_free,unfrozen,0.0,0.3333333333333333,0.0,0.3333333333333333,0.7566666666666667,97.33333333333333,0.22667084517705863,1.1031936688606085,400.0,0.34886186321576435,348.86186321576434,3
4,H8_K20_Meuler_T0.5_Dfm_visual_aligning.models.visual_gaussian_diffusion.VisualFlowMatching_VTrue_mpc4_filmv1,train,combined_5,False,diffuser,all,0.0,,,,,,0.3025153503198797,1.164914820343256,400.0,0.28922336796919507,289.22336796919507,3
4,H8_K20_Meuler_T0.5_Dfm_visual_aligning.models.visual_gaussian_diffusion.VisualFlowMatching_VTrue_mpc4_filmv1,train,combined_5,False,diffuser,unfrozen,0.0,,,,,,0.3025153503198797,1.164914820343256,400.0,0.28922336796919507,289.22336796919507,3
4,H8_K20_Meuler_T0.5_Dfm_visual_aligning.models.visual_gaussian_diffusion.VisualFlowMatching_VTrue_mpc4_filmv1,train,combined_5,False,dpcc-c,all,0.0,,,,,,0.32206382895633684,0.8307083050409952,400.0,17.634782639741896,17634.782639741898,3
4,H8_K20_Meuler_T0.5_Dfm_visual_aligning.models.visual_gaussian_diffusion.VisualFlowMatching_VTrue_mpc4_filmv1,train,combined_5,False,dpcc-c,unfrozen,0.0,,,,,,0.32206382895633684,0.8307083050409952,400.0,17.634782639741896,17634.782639741898,3
4,H8_K20_Meuler_T0.5_Dfm_visual_aligning.models.visual_gaussian_diffusion.VisualFlowMatching_VTrue_mpc4_filmv1,train,combined_5,False,dpcc-t,all,0.0,,,,,,0.37170919212353115,0.8559155861536661,400.0,3.815395996570587,3815.395996570587,3
4,H8_K20_Meuler_T0.5_Dfm_visual_aligning.models.visual_gaussian_diffusion.VisualFlowMatching_VTrue_mpc4_filmv1,train,combined_5,False,dpcc-t,unfrozen,0.0,,,,,,0.37170919212353115,0.8559155861536661,400.0,3.815395996570587,3815.395996570587,3
4,H8_K20_Meuler_T0.5_Dfm_visual_aligning.models.visual_gaussian_diffusion.VisualFlowMatching_VTrue_mpc4_filmv1,train,combined_5,False,post_processing,all,0.0,,,,,,0.32601457490319335,1.0446480369816225,400.0,0.28859892566998796,288.598925669988,3
4,H8_K20_Meuler_T0.5_Dfm_visual_aligning.models.visual_gaussian_diffusion.VisualFlowMatching_VTrue_mpc4_filmv1,train,combined_5,False,post_processing,unfrozen,0.0,,,,,,0.32601457490319335,1.0446480369816225,400.0,0.28859892566998796,288.598925669988,3
4,H8_K20_Meuler_T0.5_Dfm_visual_aligning.models.visual_gaussian_diffusion.VisualFlowMatching_VTrue_mpc4_filmv1,train,combined_5,False,model_free,all,0.0,,,,,,0.4713323433441461,0.5440081904331843,400.0,0.37421520908673606,374.215209086736,3
4,H8_K20_Meuler_T0.5_Dfm_visual_aligning.models.visual_gaussian_diffusion.VisualFlowMatching_VTrue_mpc4_filmv1,train,combined_5,False,model_free,unfrozen,0.0,,,,,,0.4713323433441461,0.5440081904331843,400.0,0.37421520908673606,374.215209086736,3
4,H8_K20_Meuler_T0.5_Dfm_visual_aligning.models.visual_gaussian_diffusion.VisualFlowMatching_VTrue_mpc4_filmv1,train,combined_5-tightened,True,diffuser,all,0.0,,,,,,0.30188723589335115,1.1826418774823348,400.0,0.28825011690457664,288.2501169045766,3
4,H8_K20_Meuler_T0.5_Dfm_visual_aligning.models.visual_gaussian_diffusion.VisualFlowMatching_VTrue_mpc4_filmv1,train,combined_5-tightened,True,diffuser,unfrozen,0.0,,,,,,0.30188723589335115,1.1826418774823348,400.0,0.28825011690457664,288.2501169045766,3
4,H8_K20_Meuler_T0.5_Dfm_visual_aligning.models.visual_gaussian_diffusion.VisualFlowMatching_VTrue_mpc4_filmv1,train,combined_5-tightened,True,dpcc-c,all,0.0,,,,,,0.35523684506093284,0.8375359872976939,400.0,9.2186047154665,9218.6047154665,3
4,H8_K20_Meuler_T0.5_Dfm_visual_aligning.models.visual_gaussian_diffusion.VisualFlowMatching_VTrue_mpc4_filmv1,train,combined_5-tightened,True,dpcc-c,unfrozen,0.0,,,,,,0.35523684506093284,0.8375359872976939,400.0,9.2186047154665,9218.6047154665,3
4,H8_K20_Meuler_T0.5_Dfm_visual_aligning.models.visual_gaussian_diffusion.VisualFlowMatching_VTrue_mpc4_filmv1,train,combined_5-tightened,True,dpcc-t,all,0.0,,,,,,0.37094633473336985,0.24576078727841377,400.0,3.6236843377351757,3623.684337735176,3
4,H8_K20_Meuler_T0.5_Dfm_visual_aligning.models.visual_gaussian_diffusion.VisualFlowMatching_VTrue_mpc4_filmv1,train,combined_5-tightened,True,dpcc-t,unfrozen,0.0,,,,,,0.37094633473336985,0.24576078727841377,400.0,3.6236843377351757,3623.684337735176,3
4,H8_K20_Meuler_T0.5_Dfm_visual_aligning.models.visual_gaussian_diffusion.VisualFlowMatching_VTrue_mpc4_filmv1,train,combined_5-tightened,True,post_processing,all,0.0,,,,,,0.32443923199048824,0.5072535729656616,400.0,0.28969261586666106,289.6926158666611,3
4,H8_K20_Meuler_T0.5_Dfm_visual_aligning.models.visual_gaussian_diffusion.VisualFlowMatching_VTrue_mpc4_filmv1,train,combined_5-tightened,True,post_processing,unfrozen,0.0,,,,,,0.32443923199048824,0.5072535729656616,400.0,0.28969261586666106,289.6926158666611,3
4,H8_K20_Meuler_T0.5_Dfm_visual_aligning.models.visual_gaussian_diffusion.VisualFlowMatching_VTrue_mpc4_filmv1,train,combined_5-tightened,True,model_free,all,0.0,,,,,,0.2971450041136135,1.189117116232713,400.0,0.3896504479646683,389.6504479646683,3
4,H8_K20_Meuler_T0.5_Dfm_visual_aligning.models.visual_gaussian_diffusion.VisualFlowMatching_VTrue_mpc4_filmv1,train,combined_5-tightened,True,model_free,unfrozen,0.0,,,,,,0.2971450041136135,1.189117116232713,400.0,0.3896504479646683,389.6504479646683,3
4,H8_K20_Meuler_T0.5_Dfm_visual_aligning.models.visual_gaussian_diffusion.VisualFlowMatching_VTrue_mpc4_filmv1,train,dynamics_only,False,diffuser,all,0.0,,,,,,0.30188723589335115,1.1826418774823348,400.0,0.2876766230662664,287.67662306626636,3
4,H8_K20_Meuler_T0.5_Dfm_visual_aligning.models.visual_gaussian_diffusion.VisualFlowMatching_VTrue_mpc4_filmv1,train,dynamics_only,False,diffuser,unfrozen,0.0,,,,,,0.30188723589335115,1.1826418774823348,400.0,0.2876766230662664,287.67662306626636,3
4,H8_K20_Meuler_T0.5_Dfm_visual_aligning.models.visual_gaussian_diffusion.VisualFlowMatching_VTrue_mpc4_filmv1,train,dynamics_only,False,dpcc-c,all,0.0,,,,,,0.5523518563309314,1.788224418958028,400.0,0.4394723083575567,439.47230835755664,3
4,H8_K20_Meuler_T0.5_Dfm_visual_aligning.models.visual_gaussian_diffusion.VisualFlowMatching_VTrue_mpc4_filmv1,train,dynamics_only,False,dpcc-c,unfrozen,0.0,,,,,,0.5523518563309314,1.788224418958028,400.0,0.4394723083575567,439.47230835755664,3
4,H8_K20_Meuler_T0.5_Dfm_visual_aligning.models.visual_gaussian_diffusion.VisualFlowMatching_VTrue_mpc4_filmv1,train,dynamics_only,False,dpcc-t,all,0.0,,,,,,0.24220520949277172,0.9621868369479974,400.0,0.4253487600882848,425.3487600882848,3
4,H8_K20_Meuler_T0.5_Dfm_visual_aligning.models.visual_gaussian_diffusion.VisualFlowMatching_VTrue_mpc4_filmv1,train,dynamics_only,False,dpcc-t,unfrozen,0.0,,,,,,0.24220520949277172,0.9621868369479974,400.0,0.4253487600882848,425.3487600882848,3
4,H8_K20_Meuler_T0.5_Dfm_visual_aligning.models.visual_gaussian_diffusion.VisualFlowMatching_VTrue_mpc4_filmv1,train,dynamics_only,False,post_processing,all,0.0,,,,,,0.32443923199048824,0.5072535729656616,400.0,0.2890622705221176,289.0622705221176,3
4,H8_K20_Meuler_T0.5_Dfm_visual_aligning.models.visual_gaussian_diffusion.VisualFlowMatching_VTrue_mpc4_filmv1,train,dynamics_only,False,post_processing,unfrozen,0.0,,,,,,0.32443923199048824,0.5072535729656616,400.0,0.2890622705221176,289.0622705221176,3
4,H8_K20_Meuler_T0.5_Dfm_visual_aligning.models.visual_gaussian_diffusion.VisualFlowMatching_VTrue_mpc4_filmv1,train,dynamics_only,False,model_free,all,0.0,,,,,,0.32601457490319335,1.0446480369816225,400.0,0.28936916410923,289.36916410923004,3
4,H8_K20_Meuler_T0.5_Dfm_visual_aligning.models.visual_gaussian_diffusion.VisualFlowMatching_VTrue_mpc4_filmv1,train,dynamics_only,False,model_free,unfrozen,0.0,,,,,,0.32601457490319335,1.0446480369816225,400.0,0.28936916410923,289.36916410923004,3
5,H8_K2_Meuler_T0.5_Dmix_visual_aligning.models.visual_af_diffusion.VisualAlphaFlow_VTrue_mpc4_filmv1_Eaf,train,combined_5,False,diffuser,all,0.0,0.0,0.0,0.0,0.7014368712902069,82.5,0.4403799846613706,0.8214862497523427,247.3,0.028676934340039588,28.676934340039587,10
5,H8_K2_Meuler_T0.5_Dmix_visual_aligning.models.visual_af_diffusion.VisualAlphaFlow_VTrue_mpc4_filmv1_Eaf,train,combined_5,False,diffuser,unfrozen,0.0,0.0,0.0,0.0,0.7014368712902069,82.5,0.4403799846613706,0.8214862497523427,247.3,0.028676934340039588,28.676934340039587,10
5,H8_K2_Meuler_T0.5_Dmix_visual_aligning.models.visual_af_diffusion.VisualAlphaFlow_VTrue_mpc4_filmv1_Eaf,train,combined_5,False,dpcc-r,all,0.0,0.0,0.0,0.3,0.7717499971389771,91.3,0.4822514643196273,0.33845518827438353,400.0,0.06251139295101166,62.51139295101166,10
5,H8_K2_Meuler_T0.5_Dmix_visual_aligning.models.visual_af_diffusion.VisualAlphaFlow_VTrue_mpc4_filmv1_Eaf,train,combined_5,False,dpcc-r,unfrozen,0.0,0.0,0.0,0.3,0.7717499971389771,91.3,0.4822514643196273,0.33845518827438353,400.0,0.06251139295101166,62.51139295101166,10
5,H8_K2_Meuler_T0.5_Dmix_visual_aligning.models.visual_af_diffusion.VisualAlphaFlow_VTrue_mpc4_filmv1_Eaf,train,combined_5,False,dpcc-c,all,0.0,0.0,0.0,0.1,0.7729537844657898,80.6,0.4078714111808486,0.4653647255152464,348.7,0.07743916013041244,77.43916013041243,10
5,H8_K2_Meuler_T0.5_Dmix_visual_aligning.models.visual_af_diffusion.VisualAlphaFlow_VTrue_mpc4_filmv1_Eaf,train,combined_5,False,dpcc-c,unfrozen,0.0,0.0,0.0,0.1,0.7729537844657898,80.6,0.4078714111808486,0.4653647255152464,348.7,0.07743916013041244,77.43916013041243,10
5,H8_K2_Meuler_T0.5_Dmix_visual_aligning.models.visual_af_diffusion.VisualAlphaFlow_VTrue_mpc4_filmv1_Eaf,train,combined_5,False,dpcc-t,all,0.0,0.0,0.0,0.2,0.8344220519065857,62.6,0.35901426128910063,0.22947304844856262,369.3,0.06198965899840645,61.989658998406455,10
5,H8_K2_Meuler_T0.5_Dmix_visual_aligning.models.visual_af_diffusion.VisualAlphaFlow_VTrue_mpc4_filmv1_Eaf,train,combined_5,False,dpcc-t,unfrozen,0.0,0.0,0.0,0.2,0.8344220519065857,62.6,0.35901426128910063,0.22947304844856262,369.3,0.06198965899840645,61.989658998406455,10
5,H8_K2_Meuler_T0.5_Dmix_visual_aligning.models.visual_af_diffusion.VisualAlphaFlow_VTrue_mpc4_filmv1_Eaf,train,combined_5,False,dpcc-c-dt0p25,all,0.0,0.0,0.0,0.2,0.7019800662994384,109.8,0.36349058468671325,0.44538066126406195,377.5,0.09251924422051226,92.51924422051226,10
5,H8_K2_Meuler_T0.5_Dmix_visual_aligning.models.visual_af_diffusion.VisualAlphaFlow_VTrue_mpc4_filmv1_Eaf,train,combined_5,False,dpcc-c-dt0p25,unfrozen,0.0,0.0,0.0,0.2,0.7019800662994384,109.8,0.36349058468671325,0.44538066126406195,377.5,0.09251924422051226,92.51924422051226,10
5,H8_K2_Meuler_T0.5_Dmix_visual_aligning.models.visual_af_diffusion.VisualAlphaFlow_VTrue_mpc4_filmv1_Eaf,train,combined_5,False,dpcc-c-dt0p5,all,0.0,0.0,0.0,0.2,0.8031239867210388,67.8,0.3620285084023422,0.39868239834904673,345.3,0.0653516731894719,65.3516731894719,10
5,H8_K2_Meuler_T0.5_Dmix_visual_aligning.models.visual_af_diffusion.VisualAlphaFlow_VTrue_mpc4_filmv1_Eaf,train,combined_5,False,dpcc-c-dt0p5,unfrozen,0.0,0.0,0.0,0.2,0.8031239867210388,67.8,0.3620285084023422,0.39868239834904673,345.3,0.0653516731894719,65.3516731894719,10
5,H8_K2_Meuler_T0.5_Dmix_visual_aligning.models.visual_af_diffusion.VisualAlphaFlow_VTrue_mpc4_filmv1_Eaf,train,combined_5,False,dpcc-c-dt2p0,all,0.0,0.0,0.0,0.1,0.7550657868385315,93.8,0.4142317697956007,0.17192172408103942,369.5,0.06104499258766784,61.044992587667835,10
5,H8_K2_Meuler_T0.5_Dmix_visual_aligning.models.visual_af_diffusion.VisualAlphaFlow_VTrue_mpc4_filmv1_Eaf,train,combined_5,False,dpcc-c-dt2p0,unfrozen,0.0,0.0,0.0,0.1,0.7550657868385315,93.8,0.4142317697956007,0.17192172408103942,369.5,0.06104499258766784,61.044992587667835,10
5,H8_K2_Meuler_T0.5_Dmix_visual_aligning.models.visual_af_diffusion.VisualAlphaFlow_VTrue_mpc4_filmv1_Eaf,train,combined_5,False,dpcc-c-dt4p0,all,0.0,0.0,0.0,0.0,0.7657079458236694,91.8,0.3837662766776947,0.06298050787299872,370.7,0.048541804013387216,48.541804013387214,10
5,H8_K2_Meuler_T0.5_Dmix_visual_aligning.models.visual_af_diffusion.VisualAlphaFlow_VTrue_mpc4_filmv1_Eaf,train,combined_5,False,dpcc-c-dt4p0,unfrozen,0.0,0.0,0.0,0.0,0.7657079458236694,91.8,0.3837662766776947,0.06298050787299872,370.7,0.048541804013387216,48.541804013387214,10
5,H8_K2_Meuler_T0.5_Dmix_visual_aligning.models.visual_af_diffusion.VisualAlphaFlow_VTrue_mpc4_filmv1_Eaf,train,combined_5,False,gradient,all,0.0,0.0,0.0,0.2,0.8127052798867226,50.4,0.4298246303165053,0.6236163623631,262.5,0.028471462393851538,28.47146239385154,10
5,H8_K2_Meuler_T0.5_Dmix_visual_aligning.models.visual_af_diffusion.VisualAlphaFlow_VTrue_mpc4_filmv1_Eaf,train,combined_5,False,gradient,unfrozen,0.0,0.0,0.0,0.2,0.8127052798867226,50.4,0.4298246303165053,0.6236163623631,262.5,0.028471462393851538,28.47146239385154,10
5,H8_K2_Meuler_T0.5_Dmix_visual_aligning.models.visual_af_diffusion.VisualAlphaFlow_VTrue_mpc4_filmv1_Eaf,train,combined_5,False,post_processing,all,0.0,0.0,0.0,0.3,0.7694999933242798,92.2,0.48225153618427336,0.33868065625429156,400.0,0.062100435376167294,62.1004353761673,10
5,H8_K2_Meuler_T0.5_Dmix_visual_aligning.models.visual_af_diffusion.VisualAlphaFlow_VTrue_mpc4_filmv1_Eaf,train,combined_5,False,post_processing,unfrozen,0.0,0.0,0.0,0.3,0.7694999933242798,92.2,0.48225153618427336,0.33868065625429156,400.0,0.062100435376167294,62.1004353761673,10
5,H8_K2_Meuler_T0.5_Dmix_visual_aligning.models.visual_af_diffusion.VisualAlphaFlow_VTrue_mpc4_filmv1_Eaf,train,combined_5,False,model_free,all,0.0,0.0,0.0,0.1,0.7047561049461365,86.4,0.3478696695107151,0.7320418182760478,286.3,0.03988884505475936,39.88884505475936,10
5,H8_K2_Meuler_T0.5_Dmix_visual_aligning.models.visual_af_diffusion.VisualAlphaFlow_VTrue_mpc4_filmv1_Eaf,train,combined_5,False,model_free,unfrozen,0.0,0.0,0.0,0.1,0.7047561049461365,86.4,0.3478696695107151,0.7320418182760478,286.3,0.03988884505475936,39.88884505475936,10
5,H8_K2_Meuler_T0.5_Dmix_visual_aligning.models.visual_af_diffusion.VisualAlphaFlow_VTrue_mpc4_filmv1_Eaf,train,combined_5,False,geo_free,all,0.0,0.0,0.0,0.1,0.7600808426737785,71.6,0.3987903879349817,0.3707315606996417,293.6,0.04206786499104955,42.067864991049554,10
5,H8_K2_Meuler_T0.5_Dmix_visual_aligning.models.visual_af_diffusion.VisualAlphaFlow_VTrue_mpc4_filmv1_Eaf,train,combined_5,False,geo_free,unfrozen,0.0,0.0,0.0,0.1,0.7600808426737785,71.6,0.3987903879349817,0.3707315606996417,293.6,0.04206786499104955,42.067864991049554,10
5,H8_K2_Meuler_T0.5_Dmix_visual_aligning.models.visual_af_diffusion.VisualAlphaFlow_VTrue_mpc4_filmv1_Eaf,train,combined_5,False,bounds_free,all,0.0,0.0,0.0,0.3,0.8069999992847443,77.2,0.3652287241523273,0.36378972306847573,400.0,0.07160056090354919,71.6005609035492,10
5,H8_K2_Meuler_T0.5_Dmix_visual_aligning.models.visual_af_diffusion.VisualAlphaFlow_VTrue_mpc4_filmv1_Eaf,train,combined_5,False,bounds_free,unfrozen,0.0,0.0,0.0,0.3,0.8069999992847443,77.2,0.3652287241523273,0.36378972306847573,400.0,0.07160056090354919,71.6005609035492,10
5,H8_K2_Meuler_T0.5_Dmix_visual_aligning.models.visual_af_diffusion.VisualAlphaFlow_VTrue_mpc4_filmv1_Eaf,train,combined_5,False,geo_free-bounds_free,all,0.0,0.0,0.0,0.0,0.8124582275748253,51.6,0.3743140463190793,0.3386319553479552,288.3,0.03932933146348559,39.329331463485595,10
5,H8_K2_Meuler_T0.5_Dmix_visual_aligning.models.visual_af_diffusion.VisualAlphaFlow_VTrue_mpc4_filmv1_Eaf,train,combined_5,False,geo_free-bounds_free,unfrozen,0.0,0.0,0.0,0.0,0.8124582275748253,51.6,0.3743140463190793,0.3386319553479552,288.3,0.03932933146348559,39.329331463485595,10
5,H8_K2_Meuler_T0.5_Dmix_visual_aligning.models.visual_af_diffusion.VisualAlphaFlow_VTrue_mpc4_filmv1_Eaf,train,combined_5,False,geo_free-model_free,all,0.0,0.0,0.0,0.1,0.7039244949817658,86.7,0.3583982204033952,0.896736728772521,284.9,0.03490454525766012,34.90454525766012,10
5,H8_K2_Meuler_T0.5_Dmix_visual_aligning.models.visual_af_diffusion.VisualAlphaFlow_VTrue_mpc4_filmv1_Eaf,train,combined_5,False,geo_free-model_free,unfrozen,0.0,0.0,0.0,0.1,0.7039244949817658,86.7,0.3583982204033952,0.896736728772521,284.9,0.03490454525766012,34.90454525766012,10
5,H8_K2_Meuler_T0.5_Dmix_visual_aligning.models.visual_af_diffusion.VisualAlphaFlow_VTrue_mpc4_filmv1_Eaf,train,combined_5,False,model_free-bounds_free,all,0.0,0.0,0.0,0.1,0.70270054936409,86.6,0.3797240103143962,0.8603525873273611,268.8,0.03702659632346682,37.02659632346682,10
5,H8_K2_Meuler_T0.5_Dmix_visual_aligning.models.visual_af_diffusion.VisualAlphaFlow_VTrue_mpc4_filmv1_Eaf,train,combined_5,False,model_free-bounds_free,unfrozen,0.0,0.0,0.0,0.1,0.70270054936409,86.6,0.3797240103143962,0.8603525873273611,268.8,0.03702659632346682,37.02659632346682,10
5,H8_K2_Meuler_T0.5_Dmix_visual_aligning.models.visual_af_diffusion.VisualAlphaFlow_VTrue_mpc4_filmv1_Eaf,train,combined_5-tightened,True,diffuser,all,0.0,0.0,0.0,0.1,0.71327845454216,80.9,0.3343114066969576,0.66081238752231,267.1,0.024197827511357302,24.197827511357303,10
5,H8_K2_Meuler_T0.5_Dmix_visual_aligning.models.visual_af_diffusion.VisualAlphaFlow_VTrue_mpc4_filmv1_Eaf,train,combined_5-tightened,True,diffuser,unfrozen,0.0,0.0,0.0,0.0,0.6814205050468445,89.88888888888889,0.31379878189208527,0.7338510509580374,252.33333333333334,0.026886475012619225,26.886475012619226,9
5,H8_K2_Meuler_T0.5_Dmix_visual_aligning.models.visual_af_diffusion.VisualAlphaFlow_VTrue_mpc4_filmv1_Eaf,train,combined_5-tightened,True,dpcc-r,all,0.0,0.0,0.0,0.7,0.9851040780544281,5.6,0.3742928130162347,0.24310930455103516,383.3,0.05257981489239068,52.57981489239067,10
5,H8_K2_Meuler_T0.5_Dmix_visual_aligning.models.visual_af_diffusion.VisualAlphaFlow_VTrue_mpc4_filmv1_Eaf,train,combined_5-tightened,True,dpcc-r,unfrozen,0.0,0.0,0.0,0.6666666666666666,0.9834489756160312,6.222222222222222,0.35822256669128194,0.26973651432328755,381.44444444444446,0.05842201654710075,58.42201654710075,9
5,H8_K2_Meuler_T0.5_Dmix_visual_aligning.models.visual_af_diffusion.VisualAlphaFlow_VTrue_mpc4_filmv1_Eaf,train,combined_5-tightened,True,dpcc-c,all,0.0,0.0,0.0,0.4,0.9523568689823151,14.9,0.40177123297883643,0.22632175544276834,342.4,0.16812486884144487,168.12486884144488,10
5,H8_K2_Meuler_T0.5_Dmix_visual_aligning.models.visual_af_diffusion.VisualAlphaFlow_VTrue_mpc4_filmv1_Eaf,train,combined_5-tightened,True,dpcc-c,unfrozen,0.0,0.0,0.0,0.3333333333333333,0.9470631877581278,16.555555555555557,0.3887541444275061,0.25108368198076886,336.0,0.18680540982382762,186.80540982382763,9
5,H8_K2_Meuler_T0.5_Dmix_visual_aligning.models.visual_af_diffusion.VisualAlphaFlow_VTrue_mpc4_filmv1_Eaf,train,combined_5-tightened,True,dpcc-t,all,0.0,0.0,0.0,0.6,0.9854912281036377,5.8,0.46512067095057363,0.20619379477575422,399.9,0.07125194822244309,71.25194822244308,10
5,H8_K2_Meuler_T0.5_Dmix_visual_aligning.models.visual_af_diffusion.VisualAlphaFlow_VTrue_mpc4_filmv1_Eaf,train,combined_5-tightened,True,dpcc-t,unfrozen,0.0,0.0,0.0,0.5555555555555556,0.9838791423373752,6.444444444444445,0.4591424088405475,0.22871928123964202,399.8888888888889,0.07916883135827009,79.1688313582701,9
5,H8_K2_Meuler_T0.5_Dmix_visual_aligning.models.visual_af_diffusion.VisualAlphaFlow_VTrue_mpc4_filmv1_Eaf,train,combined_5-tightened,True,dpcc-c-dt0p25,all,0.0,0.0,0.0,0.5,0.9362414062023163,25.4,0.5381788043848228,0.29027971075847747,397.2,0.08146084890245321,81.46084890245321,10
5,H8_K2_Meuler_T0.5_Dmix_visual_aligning.models.visual_af_diffusion.VisualAlphaFlow_VTrue_mpc4_filmv1_Eaf,train,combined_5-tightened,True,dpcc-c-dt0p25,unfrozen,0.0,0.0,0.0,0.4444444444444444,0.9291571180025736,28.22222222222222,0.5403181126563799,0.3221480767760012,396.8888888888889,0.09051205433605912,90.51205433605912,9
5,H8_K2_Meuler_T0.5_Dmix_visual_aligning.models.visual_af_diffusion.VisualAlphaFlow_VTrue_mpc4_filmv1_Eaf,train,combined_5-tightened,True,dpcc-c-dt0p5,all,0.0,0.0,0.0,0.5,0.9243265986442566,28.7,0.34753636104280716,0.5703454659320414,339.9,0.05940182220198405,59.40182220198405,10
5,H8_K2_Meuler_T0.5_Dmix_visual_aligning.models.visual_af_diffusion.VisualAlphaFlow_VTrue_mpc4_filmv1_Eaf,train,combined_5-tightened,True,dpcc-c-dt0p5,unfrozen,0.0,0.0,0.0,0.4444444444444444,0.9159184429380629,31.88888888888889,0.3284931756096959,0.6333322491910722,333.22222222222223,0.06600202466887116,66.00202466887116,9
5,H8_K2_Meuler_T0.5_Dmix_visual_aligning.models.visual_af_diffusion.VisualAlphaFlow_VTrue_mpc4_filmv1_Eaf,train,combined_5-tightened,True,dpcc-c-dt2p0,all,0.0,0.0,0.0,0.5,0.9747500061988831,10.1,0.4017345036059009,0.2009188079275191,400.0,0.04828310716152191,48.28310716152191,10
5,H8_K2_Meuler_T0.5_Dmix_visual_aligning.models.visual_af_diffusion.VisualAlphaFlow_VTrue_mpc4_filmv1_Eaf,train,combined_5-tightened,True,dpcc-c-dt2p0,unfrozen,0.0,0.0,0.0,0.4444444444444444,0.9719444513320923,11.222222222222221,0.3887133340131333,0.22285818474160302,400.0,0.053647896846135454,53.64789684613546,9
5,H8_K2_Meuler_T0.5_Dmix_visual_aligning.models.visual_af_diffusion.VisualAlphaFlow_VTrue_mpc4_filmv1_Eaf,train,combined_5-tightened,True,dpcc-c-dt4p0,all,0.0,0.0,0.0,1.0,1.0,0.0,0.38918159125755275,0.03199484897777438,400.0,0.03946318942308426,39.46318942308426,10
5,H8_K2_Meuler_T0.5_Dmix_visual_aligning.models.visual_af_diffusion.VisualAlphaFlow_VTrue_mpc4_filmv1_Eaf,train,combined_5-tightened,True,dpcc-c-dt4p0,unfrozen,0.0,0.0,0.0,1.0,1.0,0.0,0.3747656536260798,0.035164897019664444,400.0,0.0438479882478714,43.8479882478714,9
5,H8_K2_Meuler_T0.5_Dmix_visual_aligning.models.visual_af_diffusion.VisualAlphaFlow_VTrue_mpc4_filmv1_Eaf,train,combined_5-tightened,True,gradient,all,0.0,0.0,0.0,0.3,0.8252442315220833,48.8,0.3723429211444315,0.40553644923493265,288.0,0.02559300776577391,25.593007765773912,10
5,H8_K2_Meuler_T0.5_Dmix_visual_aligning.models.visual_af_diffusion.VisualAlphaFlow_VTrue_mpc4_filmv1_Eaf,train,combined_5-tightened,True,gradient,unfrozen,0.0,0.0,0.0,0.2222222222222222,0.8058269239134259,54.22222222222222,0.3560560201670563,0.4502111195276181,275.55555555555554,0.028436675295304345,28.436675295304344,9
5,H8_K2_Meuler_T0.5_Dmix_visual_aligning.models.visual_af_diffusion.VisualAlphaFlow_VTrue_mpc4_filmv1_Eaf,train,combined_5-tightened,True,post_processing,all,0.0,0.0,0.0,0.7,0.9851040780544281,5.6,0.37429281301552203,0.2433408104814589,383.3,0.05231728118246999,52.31728118246999,10
5,H8_K2_Meuler_T0.5_Dmix_visual_aligning.models.visual_af_diffusion.VisualAlphaFlow_VTrue_mpc4_filmv1_Eaf,train,combined_5-tightened,True,post_processing,unfrozen,0.0,0.0,0.0,0.6666666666666666,0.9834489756160312,6.222222222222222,0.3582225666904902,0.26999374313486946,381.44444444444446,0.058130312424966656,58.13031242496666,9
5,H8_K2_Meuler_T0.5_Dmix_visual_aligning.models.visual_af_diffusion.VisualAlphaFlow_VTrue_mpc4_filmv1_Eaf,train,combined_5-tightened,True,model_free,all,0.0,0.0,0.0,0.3,0.7092561006546021,84.6,0.34625215651479235,0.7265462734736502,286.3,0.038560831168037116,38.560831168037126,10
5,H8_K2_Meuler_T0.5_Dmix_visual_aligning.models.visual_af_diffusion.VisualAlphaFlow_VTrue_mpc4_filmv1_Eaf,train,combined_5-tightened,True,model_free,unfrozen,0.0,0.0,0.0,0.2222222222222222,0.6769512229495578,94.0,0.3270662816896794,0.806888702015082,273.6666666666667,0.04284536796448569,42.84536796448569,9
5,H8_K2_Meuler_T0.5_Dmix_visual_aligning.models.visual_af_diffusion.VisualAlphaFlow_VTrue_mpc4_filmv1_Eaf,train,combined_5-tightened,True,geo_free,all,0.0,0.0,0.0,0.1,0.7755668863654137,68.6,0.4007967138808642,0.3657388742081821,313.9,0.03812876260777603,38.12876260777603,10
5,H8_K2_Meuler_T0.5_Dmix_visual_aligning.models.visual_af_diffusion.VisualAlphaFlow_VTrue_mpc4_filmv1_Eaf,train,combined_5-tightened,True,geo_free,unfrozen,0.0,0.0,0.0,0.0,0.7506298737393485,76.22222222222223,0.38767134542975923,0.40599159172011745,304.3333333333333,0.04236529178641781,42.365291786417814,9
5,H8_K2_Meuler_T0.5_Dmix_visual_aligning.models.visual_af_diffusion.VisualAlphaFlow_VTrue_mpc4_filmv1_Eaf,train,combined_5-tightened,True,bounds_free,all,0.0,0.0,0.0,0.4,0.9668913125991822,13.2,0.3617146162178121,0.28234202275052667,396.8,0.05685157265812565,56.85157265812565,10
5,H8_K2_Meuler_T0.5_Dmix_visual_aligning.models.visual_af_diffusion.VisualAlphaFlow_VTrue_mpc4_filmv1_Eaf,train,combined_5-tightened,True,bounds_free,unfrozen,0.0,0.0,0.0,0.3333333333333333,0.9632125695546468,14.666666666666666,0.3442467924708124,0.31332842343383366,396.44444444444446,0.06316841406458405,63.16841406458405,9
5,H8_K2_Meuler_T0.5_Dmix_visual_aligning.models.visual_af_diffusion.VisualAlphaFlow_VTrue_mpc4_filmv1_Eaf,train,combined_5-tightened,True,geo_free-bounds_free,all,0.0,0.0,0.0,0.2,0.8309712335467339,48.0,0.38277103912123955,0.43910552812740206,311.0,0.03607520691784306,36.075206917843055,10
5,H8_K2_Meuler_T0.5_Dmix_visual_aligning.models.visual_af_diffusion.VisualAlphaFlow_VTrue_mpc4_filmv1_Eaf,train,combined_5-tightened,True,geo_free-bounds_free,unfrozen,0.0,0.0,0.0,0.1111111111111111,0.8121902594963709,53.333333333333336,0.36764281791906517,0.48751009607480633,301.1111111111111,0.04008356324204784,40.08356324204784,9
5,H8_K2_Meuler_T0.5_Dmix_visual_aligning.models.visual_af_diffusion.VisualAlphaFlow_VTrue_mpc4_filmv1_Eaf,train,combined_5-tightened,True,geo_free-model_free,all,0.0,0.0,0.0,0.2,0.7052560985088349,86.2,0.3364129753753403,0.7264368266798555,286.3,0.031189300736846337,31.189300736846338,10
5,H8_K2_Meuler_T0.5_Dmix_visual_aligning.models.visual_af_diffusion.VisualAlphaFlow_VTrue_mpc4_filmv1_Eaf,train,combined_5-tightened,True,geo_free-model_free,unfrozen,0.0,0.0,0.0,0.1111111111111111,0.6725067761209276,95.77777777777777,0.3161338582013994,0.8067670944664214,273.6666666666667,0.03465477859649593,34.65477859649593,9
5,H8_K2_Meuler_T0.5_Dmix_visual_aligning.models.visual_af_diffusion.VisualAlphaFlow_VTrue_mpc4_filmv1_Eaf,train,combined_5-tightened,True,model_free-bounds_free,all,0.0,0.0,0.0,0.3,0.7092561006546021,84.6,0.34625215651479235,0.7265462734736502,286.3,0.03520300843780843,35.203008437808435,10
5,H8_K2_Meuler_T0.5_Dmix_visual_aligning.models.visual_af_diffusion.VisualAlphaFlow_VTrue_mpc4_filmv1_Eaf,train,combined_5-tightened,True,model_free-bounds_free,unfrozen,0.0,0.0,0.0,0.2222222222222222,0.6769512229495578,94.0,0.3270662816896794,0.806888702015082,273.6666666666667,0.03911445381978715,39.114453819787144,9
6,H8_K100_Meuler_T0.5_Dmix_visual_aligning.models.visual_af_diffusion.VisualAlphaFlow_VTrue_mpc4_filmv1_Eaf,train,combined_5,False,diffuser,all,0.03333333333333333,0.03333333333333333,0.0,0.2,0.7184112002452214,111.8,0.416483111600935,0.5747563565770785,390.73333333333335,0.902035071956004,902.035071956004,30
6,H8_K100_Meuler_T0.5_Dmix_visual_aligning.models.visual_af_diffusion.VisualAlphaFlow_VTrue_mpc4_filmv1_Eaf,train,combined_5,False,diffuser,unfrozen,0.03333333333333333,0.03333333333333333,0.0,0.2,0.7184112002452214,111.8,0.416483111600935,0.5747563565770785,390.73333333333335,0.902035071956004,902.035071956004,30
6,H8_K100_Meuler_T0.5_Dmix_visual_aligning.models.visual_af_diffusion.VisualAlphaFlow_VTrue_mpc4_filmv1_Eaf,train,combined_5,False,dpcc-r,all,0.09090909090909091,0.09090909090909091,0.09090909090909091,0.2727272727272727,0.9661363636363636,13.545454545454545,0.29437539741845514,0.15545997343497636,385.6363636363636,16.419432971270616,16419.432971270617,11
6,H8_K100_Meuler_T0.5_Dmix_visual_aligning.models.visual_af_diffusion.VisualAlphaFlow_VTrue_mpc4_filmv1_Eaf,train,combined_5,False,dpcc-r,unfrozen,0.09090909090909091,0.09090909090909091,0.09090909090909091,0.2727272727272727,0.9661363636363636,13.545454545454545,0.29437539741845514,0.15545997343497636,385.6363636363636,16.419432971270616,16419.432971270617,11
7,H8_K2_Meuler_T0.5_Dmix_visual_aligning.models.visual_af_diffusion.VisualAlphaFlow_VTrue_mpc4_filmv1_Eaf,train,combined_5,False,diffuser,all,0.06666666666666667,0.1,0.03333333333333333,0.2,0.7952654312054316,81.53333333333333,0.33111092869903924,0.4345330953598022,381.53333333333336,0.026803522334934497,26.803522334934495,30
7,H8_K2_Meuler_T0.5_Dmix_visual_aligning.models.visual_af_diffusion.VisualAlphaFlow_VTrue_mpc4_filmv1_Eaf,train,combined_5,False,diffuser,unfrozen,0.06666666666666667,0.1,0.03333333333333333,0.2,0.7952654312054316,81.53333333333333,0.33111092869903924,0.4345330953598022,381.53333333333336,0.026803522334934497,26.803522334934495,30
7,H8_K2_Meuler_T0.5_Dmix_visual_aligning.models.visual_af_diffusion.VisualAlphaFlow_VTrue_mpc4_filmv1_Eaf,train,combined_5,False,dpcc-r,all,0.03333333333333333,0.03333333333333333,0.0,0.36666666666666664,0.9130000015099843,34.7,0.4219847723440667,0.16954703871160745,390.0,0.052704222222169236,52.70422222216924,30
7,H8_K2_Meuler_T0.5_Dmix_visual_aligning.models.visual_af_diffusion.VisualAlphaFlow_VTrue_mpc4_filmv1_Eaf,train,combined_5,False,dpcc-r,unfrozen,0.03333333333333333,0.03333333333333333,0.0,0.36666666666666664,0.9130000015099843,34.7,0.4219847723440667,0.16954703871160745,390.0,0.052704222222169236,52.70422222216924,30
7,H8_K2_Meuler_T0.5_Dmix_visual_aligning.models.visual_af_diffusion.VisualAlphaFlow_VTrue_mpc4_filmv1_Eaf,train,combined_5,False,dpcc-c,all,0.0,0.0,0.0,0.16666666666666666,0.7859166671832403,85.63333333333334,0.3500792128734483,0.11744600577900807,400.0,0.05541328714291254,55.413287142912544,30
7,H8_K2_Meuler_T0.5_Dmix_visual_aligning.models.visual_af_diffusion.VisualAlphaFlow_VTrue_mpc4_filmv1_Eaf,train,combined_5,False,dpcc-c,unfrozen,0.0,0.0,0.0,0.16666666666666666,0.7859166671832403,85.63333333333334,0.3500792128734483,0.11744600577900807,400.0,0.05541328714291254,55.413287142912544,30
7,H8_K2_Meuler_T0.5_Dmix_visual_aligning.models.visual_af_diffusion.VisualAlphaFlow_VTrue_mpc4_filmv1_Eaf,train,combined_5,False,dpcc-t,all,0.0,0.03333333333333333,0.0,0.4,0.86850000222524,52.6,0.3378091493141751,0.12407153534392516,400.0,0.05335719203948974,53.357192039489746,30
7,H8_K2_Meuler_T0.5_Dmix_visual_aligning.models.visual_af_diffusion.VisualAlphaFlow_VTrue_mpc4_filmv1_Eaf,train,combined_5,False,dpcc-t,unfrozen,0.0,0.03333333333333333,0.0,0.4,0.86850000222524,52.6,0.3378091493141751,0.12407153534392516,400.0,0.05335719203948974,53.357192039489746,30
7,H8_K2_Meuler_T0.5_Dmix_visual_aligning.models.visual_af_diffusion.VisualAlphaFlow_VTrue_mpc4_filmv1_Eaf,train,combined_5,False,dpcc-c-dt0p25,all,0.03333333333333333,0.03333333333333333,0.03333333333333333,0.13333333333333333,0.8534166713555654,58.63333333333333,0.3283379607420346,0.09039645058413347,392.56666666666666,0.06185915124831676,61.859151248316756,30
7,H8_K2_Meuler_T0.5_Dmix_visual_aligning.models.visual_af_diffusion.VisualAlphaFlow_VTrue_mpc4_filmv1_Eaf,train,combined_5,False,dpcc-c-dt0p25,unfrozen,0.03333333333333333,0.03333333333333333,0.03333333333333333,0.13333333333333333,0.8534166713555654,58.63333333333333,0.3283379607420346,0.09039645058413347,392.56666666666666,0.06185915124831676,61.859151248316756,30
7,H8_K2_Meuler_T0.5_Dmix_visual_aligning.models.visual_af_diffusion.VisualAlphaFlow_VTrue_mpc4_filmv1_Eaf,train,combined_5,False,dpcc-c-dt0p5,all,0.0,0.0,0.0,0.16666666666666666,0.8321666697661082,67.13333333333334,0.31059482899004104,0.1157373521476984,400.0,0.058757670958836876,58.757670958836876,30
7,H8_K2_Meuler_T0.5_Dmix_visual_aligning.models.visual_af_diffusion.VisualAlphaFlow_VTrue_mpc4_filmv1_Eaf,train,combined_5,False,dpcc-c-dt0p5,unfrozen,0.0,0.0,0.0,0.16666666666666666,0.8321666697661082,67.13333333333334,0.31059482899004104,0.1157373521476984,400.0,0.058757670958836876,58.757670958836876,30
7,H8_K2_Meuler_T0.5_Dmix_visual_aligning.models.visual_af_diffusion.VisualAlphaFlow_VTrue_mpc4_filmv1_Eaf,train,combined_5,False,dpcc-c-dt2p0,all,0.0,0.0,0.0,0.1,0.7621666649977367,95.13333333333334,0.3767826444900554,0.08378111788382132,400.0,0.05121984195709228,51.219841957092285,30
7,H8_K2_Meuler_T0.5_Dmix_visual_aligning.models.visual_af_diffusion.VisualAlphaFlow_VTrue_mpc4_filmv1_Eaf,train,combined_5,False,dpcc-c-dt2p0,unfrozen,0.0,0.0,0.0,0.1,0.7621666649977367,95.13333333333334,0.3767826444900554,0.08378111788382132,400.0,0.05121984195709228,51.219841957092285,30
7,H8_K2_Meuler_T0.5_Dmix_visual_aligning.models.visual_af_diffusion.VisualAlphaFlow_VTrue_mpc4_filmv1_Eaf,train,combined_5,False,dpcc-c-dt4p0,all,0.0,0.0,0.0,0.03333333333333333,0.7924999952316284,83.0,0.3845618586230939,0.05514041967689991,400.0,0.046151298622290296,46.15129862229029,30
7,H8_K2_Meuler_T0.5_Dmix_visual_aligning.models.visual_af_diffusion.VisualAlphaFlow_VTrue_mpc4_filmv1_Eaf,train,combined_5,False,dpcc-c-dt4p0,unfrozen,0.0,0.0,0.0,0.03333333333333333,0.7924999952316284,83.0,0.3845618586230939,0.05514041967689991,400.0,0.046151298622290296,46.15129862229029,30
7,H8_K2_Meuler_T0.5_Dmix_visual_aligning.models.visual_af_diffusion.VisualAlphaFlow_VTrue_mpc4_filmv1_Eaf,train,combined_5,False,hardflow_new-r,all,0.03333333333333333,0.03333333333333333,0.03333333333333333,0.5333333333333333,0.9215833306312561,31.366666666666667,0.33155784750252243,0.11378778809060654,389.56666666666666,0.17754287035095281,177.54287035095282,30
7,H8_K2_Meuler_T0.5_Dmix_visual_aligning.models.visual_af_diffusion.VisualAlphaFlow_VTrue_mpc4_filmv1_Eaf,train,combined_5,False,hardflow_new-r,unfrozen,0.03333333333333333,0.03333333333333333,0.03333333333333333,0.5333333333333333,0.9215833306312561,31.366666666666667,0.33155784750252243,0.11378778809060654,389.56666666666666,0.17754287035095281,177.54287035095282,30
7,H8_K2_Meuler_T0.5_Dmix_visual_aligning.models.visual_af_diffusion.VisualAlphaFlow_VTrue_mpc4_filmv1_Eaf,train,combined_5,False,hardflow_new-c,all,0.0,0.03333333333333333,0.0,0.3333333333333333,0.8569166680177053,57.233333333333334,0.3552692377604123,0.09907470376541218,390.8,0.1919958370795814,191.99583707958138,30
7,H8_K2_Meuler_T0.5_Dmix_visual_aligning.models.visual_af_diffusion.VisualAlphaFlow_VTrue_mpc4_filmv1_Eaf,train,combined_5,False,hardflow_new-c,unfrozen,0.0,0.03333333333333333,0.0,0.3333333333333333,0.8569166680177053,57.233333333333334,0.3552692377604123,0.09907470376541218,390.8,0.1919958370795814,191.99583707958138,30
7,H8_K2_Meuler_T0.5_Dmix_visual_aligning.models.visual_af_diffusion.VisualAlphaFlow_VTrue_mpc4_filmv1_Eaf,train,combined_5,False,hardflow_new-t,all,0.0,0.0,0.0,0.3,0.8654999991257986,53.8,0.34344270477256494,0.13503280524164438,400.0,0.18572061479091642,185.72061479091644,30
7,H8_K2_Meuler_T0.5_Dmix_visual_aligning.models.visual_af_diffusion.VisualAlphaFlow_VTrue_mpc4_filmv1_Eaf,train,combined_5,False,hardflow_new-t,unfrozen,0.0,0.0,0.0,0.3,0.8654999991257986,53.8,0.34344270477256494,0.13503280524164438,400.0,0.18572061479091642,185.72061479091644,30
7,H8_K2_Meuler_T0.5_Dmix_visual_aligning.models.visual_af_diffusion.VisualAlphaFlow_VTrue_mpc4_filmv1_Eaf,train,combined_5,False,gradient,all,0.03333333333333333,0.06666666666666667,0.0,0.26666666666666666,0.8051509350538254,77.7,0.3513977571639575,0.41646002406875293,391.43333333333334,0.028761248609680674,28.76124860968067,30
7,H8_K2_Meuler_T0.5_Dmix_visual_aligning.models.visual_af_diffusion.VisualAlphaFlow_VTrue_mpc4_filmv1_Eaf,train,combined_5,False,gradient,unfrozen,0.03333333333333333,0.06666666666666667,0.0,0.26666666666666666,0.8051509350538254,77.7,0.3513977571639575,0.41646002406875293,391.43333333333334,0.028761248609680674,28.76124860968067,30
7,H8_K2_Meuler_T0.5_Dmix_visual_aligning.models.visual_af_diffusion.VisualAlphaFlow_VTrue_mpc4_filmv1_Eaf,train,combined_5,False,post_processing,all,0.03333333333333333,0.03333333333333333,0.0,0.36666666666666664,0.9150833348433177,33.86666666666667,0.41897619907581435,0.16733376029878855,390.0,0.0529142693678538,52.9142693678538,30
7,H8_K2_Meuler_T0.5_Dmix_visual_aligning.models.visual_af_diffusion.VisualAlphaFlow_VTrue_mpc4_filmv1_Eaf,train,combined_5,False,post_processing,unfrozen,0.03333333333333333,0.03333333333333333,0.0,0.36666666666666664,0.9150833348433177,33.86666666666667,0.41897619907581435,0.16733376029878855,390.0,0.0529142693678538,52.9142693678538,30
7,H8_K2_Meuler_T0.5_Dmix_visual_aligning.models.visual_af_diffusion.VisualAlphaFlow_VTrue_mpc4_filmv1_Eaf,train,combined_5,False,model_free,all,0.0,0.03333333333333333,0.0,0.16666666666666666,0.7614999989668528,95.4,0.3524197917689296,0.4547148125867049,400.0,0.0401250276962916,40.1250276962916,30
7,H8_K2_Meuler_T0.5_Dmix_visual_aligning.models.visual_af_diffusion.VisualAlphaFlow_VTrue_mpc4_filmv1_Eaf,train,combined_5,False,model_free,unfrozen,0.0,0.03333333333333333,0.0,0.16666666666666666,0.7614999989668528,95.4,0.3524197917689296,0.4547148125867049,400.0,0.0401250276962916,40.1250276962916,30
7,H8_K2_Meuler_T0.5_Dmix_visual_aligning.models.visual_af_diffusion.VisualAlphaFlow_VTrue_mpc4_filmv1_Eaf,train,combined_5,False,geo_free,all,0.03333333333333333,0.03333333333333333,0.0,0.26666666666666666,0.7617500002185503,95.2,0.44586855719005986,0.2831613384808103,390.0,0.04184703475236893,41.84703475236893,30
7,H8_K2_Meuler_T0.5_Dmix_visual_aligning.models.visual_af_diffusion.VisualAlphaFlow_VTrue_mpc4_filmv1_Eaf,train,combined_5,False,geo_free,unfrozen,0.03333333333333333,0.03333333333333333,0.0,0.26666666666666666,0.7617500002185503,95.2,0.44586855719005986,0.2831613384808103,390.0,0.04184703475236893,41.84703475236893,30
7,H8_K2_Meuler_T0.5_Dmix_visual_aligning.models.visual_af_diffusion.VisualAlphaFlow_VTrue_mpc4_filmv1_Eaf,train,combined_5,False,bounds_free,all,0.03333333333333333,0.03333333333333333,0.03333333333333333,0.6,0.9315833330154419,27.366666666666667,0.3314301649099115,0.23382770208021006,390.93333333333334,0.048627315854032835,48.62731585403284,30
7,H8_K2_Meuler_T0.5_Dmix_visual_aligning.models.visual_af_diffusion.VisualAlphaFlow_VTrue_mpc4_filmv1_Eaf,train,combined_5,False,bounds_free,unfrozen,0.03333333333333333,0.03333333333333333,0.03333333333333333,0.6,0.9315833330154419,27.366666666666667,0.3314301649099115,0.23382770208021006,390.93333333333334,0.048627315854032835,48.62731585403284,30
7,H8_K2_Meuler_T0.5_Dmix_visual_aligning.models.visual_af_diffusion.VisualAlphaFlow_VTrue_mpc4_filmv1_Eaf,train,combined_5,False,geo_free-bounds_free,all,0.03333333333333333,0.03333333333333333,0.0,0.4666666666666667,0.8177412281433741,71.9,0.4108257400336937,0.2935327636698882,390.46666666666664,0.03913716187707165,39.13716187707165,30
7,H8_K2_Meuler_T0.5_Dmix_visual_aligning.models.visual_af_diffusion.VisualAlphaFlow_VTrue_mpc4_filmv1_Eaf,train,combined_5,False,geo_free-bounds_free,unfrozen,0.03333333333333333,0.03333333333333333,0.0,0.4666666666666667,0.8177412281433741,71.9,0.4108257400336937,0.2935327636698882,390.46666666666664,0.03913716187707165,39.13716187707165,30
7,H8_K2_Meuler_T0.5_Dmix_visual_aligning.models.visual_af_diffusion.VisualAlphaFlow_VTrue_mpc4_filmv1_Eaf,train,combined_5,False,geo_free-model_free,all,0.0,0.03333333333333333,0.0,0.16666666666666666,0.7640833298365275,94.36666666666666,0.3707943471927195,0.4553641963750124,400.0,0.03437777109940846,34.37777109940847,30
7,H8_K2_Meuler_T0.5_Dmix_visual_aligning.models.visual_af_diffusion.VisualAlphaFlow_VTrue_mpc4_filmv1_Eaf,train,combined_5,False,geo_free-model_free,unfrozen,0.0,0.03333333333333333,0.0,0.16666666666666666,0.7640833298365275,94.36666666666666,0.3707943471927195,0.4553641963750124,400.0,0.03437777109940846,34.37777109940847,30
7,H8_K2_Meuler_T0.5_Dmix_visual_aligning.models.visual_af_diffusion.VisualAlphaFlow_VTrue_mpc4_filmv1_Eaf,train,combined_5,False,model_free-bounds_free,all,0.0,0.03333333333333333,0.0,0.16666666666666666,0.7589166641235352,96.43333333333334,0.3623536624862211,0.4542431759337584,400.0,0.03738582694530487,37.38582694530487,30
7,H8_K2_Meuler_T0.5_Dmix_visual_aligning.models.visual_af_diffusion.VisualAlphaFlow_VTrue_mpc4_filmv1_Eaf,train,combined_5,False,model_free-bounds_free,unfrozen,0.0,0.03333333333333333,0.0,0.16666666666666666,0.7589166641235352,96.43333333333334,0.3623536624862211,0.4542431759337584,400.0,0.03738582694530487,37.38582694530487,30
7,H8_K2_Meuler_T0.5_Dmix_visual_aligning.models.visual_af_diffusion.VisualAlphaFlow_VTrue_mpc4_filmv1_Eaf,train,combined_5-tightened,True,diffuser,all,0.03333333333333333,0.03333333333333333,0.0,0.2,0.7956820994615554,81.36666666666666,0.3520719546481404,0.475985543243587,390.26666666666665,0.02327400670228181,23.274006702281813,30
7,H8_K2_Meuler_T0.5_Dmix_visual_aligning.models.visual_af_diffusion.VisualAlphaFlow_VTrue_mpc4_filmv1_Eaf,train,combined_5-tightened,True,diffuser,unfrozen,0.038461538461538464,0.038461538461538464,0.0,0.07692307692307693,0.7642485763017948,93.88461538461539,0.3494541568788593,0.5486811011886368,388.7692307692308,0.026854623118017472,26.854623118017475,26
7,H8_K2_Meuler_T0.5_Dmix_visual_aligning.models.visual_af_diffusion.VisualAlphaFlow_VTrue_mpc4_filmv1_Eaf,train,combined_5-tightened,True,dpcc-r,all,0.0,0.0,0.0,0.8,0.9626666665077209,14.933333333333334,0.38660301193147095,0.13210583999752998,400.0,0.048592543383439386,48.592543383439384,30
7,H8_K2_Meuler_T0.5_Dmix_visual_aligning.models.visual_af_diffusion.VisualAlphaFlow_VTrue_mpc4_filmv1_Eaf,train,combined_5-tightened,True,dpcc-r,unfrozen,0.0,0.0,0.0,0.7692307692307693,0.956923076739678,17.23076923076923,0.38929768451347146,0.1518968282124171,400.0,0.056068319288583905,56.0683192885839,26
7,H8_K2_Meuler_T0.5_Dmix_visual_aligning.models.visual_af_diffusion.VisualAlphaFlow_VTrue_mpc4_filmv1_Eaf,train,combined_5-tightened,True,dpcc-c,all,0.0,0.0,0.0,0.7333333333333333,0.9534166663885116,18.633333333333333,0.3596612124499819,0.11248078867793083,400.0,0.049051201959451035,49.05120195945104,30
7,H8_K2_Meuler_T0.5_Dmix_visual_aligning.models.visual_af_diffusion.VisualAlphaFlow_VTrue_mpc4_filmv1_Eaf,train,combined_5-tightened,True,dpcc-c,unfrozen,0.0,0.0,0.0,0.6923076923076923,0.9462499996790519,21.5,0.358210992804061,0.1292525382282642,400.0,0.0565975407224435,56.597540722443505,26
7,H8_K2_Meuler_T0.5_Dmix_visual_aligning.models.visual_af_diffusion.VisualAlphaFlow_VTrue_mpc4_filmv1_Eaf,train,combined_5-tightened,True,dpcc-t,all,0.0,0.03333333333333333,0.0,0.9333333333333333,0.9973333338896434,1.0666666666666667,0.34860256388032346,0.08706922847777605,400.0,0.04255049190918604,42.55049190918604,30
7,H8_K2_Meuler_T0.5_Dmix_visual_aligning.models.visual_af_diffusion.VisualAlphaFlow_VTrue_mpc4_filmv1_Eaf,train,combined_5-tightened,True,dpcc-t,unfrozen,0.0,0.038461538461538464,0.0,0.9230769230769231,0.9969230775649731,1.2307692307692308,0.34545101368522435,0.09993150722808562,400.0,0.0490967214336762,49.09672143367621,26
7,H8_K2_Meuler_T0.5_Dmix_visual_aligning.models.visual_af_diffusion.VisualAlphaFlow_VTrue_mpc4_filmv1_Eaf,train,combined_5-tightened,True,dpcc-c-dt0p25,all,0.0,0.0,0.0,0.8333333333333334,0.9438333322604497,22.466666666666665,0.3501036568223803,0.1059132115294536,400.0,0.05035037189722061,50.35037189722061,30
7,H8_K2_Meuler_T0.5_Dmix_visual_aligning.models.visual_af_diffusion.VisualAlphaFlow_VTrue_mpc4_filmv1_Eaf,train,combined_5-tightened,True,dpcc-c-dt0p25,unfrozen,0.0,0.0,0.0,0.8076923076923077,0.935192306454365,25.923076923076923,0.3471830440029823,0.12167456459540588,400.0,0.05809658295833147,58.096582958331474,26
7,H8_K2_Meuler_T0.5_Dmix_visual_aligning.models.visual_af_diffusion.VisualAlphaFlow_VTrue_mpc4_filmv1_Eaf,train,combined_5-tightened,True,dpcc-c-dt0p5,all,0.0,0.0,0.0,0.8666666666666667,0.9437500009934108,22.5,0.333178243410976,0.13692529257386923,400.0,0.04772445072730382,47.724450727303825,30
7,H8_K2_Meuler_T0.5_Dmix_visual_aligning.models.visual_af_diffusion.VisualAlphaFlow_VTrue_mpc4_filmv1_Eaf,train,combined_5-tightened,True,dpcc-c-dt0p5,unfrozen,0.0,0.0,0.0,0.8461538461538461,0.9350961549923971,25.96153846153846,0.3276537208359773,0.15745773503127006,400.0,0.055066673916119795,55.0666739161198,26
7,H8_K2_Meuler_T0.5_Dmix_visual_aligning.models.visual_af_diffusion.VisualAlphaFlow_VTrue_mpc4_filmv1_Eaf,train,combined_5-tightened,True,dpcc-c-dt2p0,all,0.0,0.0,0.0,0.5666666666666667,0.9819166660308838,7.233333333333333,0.38765316709685094,0.04961069040000439,400.0,0.04295382505655289,42.95382505655289,30
7,H8_K2_Meuler_T0.5_Dmix_visual_aligning.models.visual_af_diffusion.VisualAlphaFlow_VTrue_mpc4_filmv1_Eaf,train,combined_5-tightened,True,dpcc-c-dt2p0,unfrozen,0.0,0.0,0.0,0.5,0.9791346146510198,8.346153846153847,0.3905094020119869,0.05671011713834909,400.0,0.0495621058344841,49.5621058344841,26
7,H8_K2_Meuler_T0.5_Dmix_visual_aligning.models.visual_af_diffusion.VisualAlphaFlow_VTrue_mpc4_filmv1_Eaf,train,combined_5-tightened,True,dpcc-c-dt4p0,all,0.0,0.0,0.0,0.7,0.9868333359559377,5.266666666666667,0.3845618586245812,0.043941215798258784,400.0,0.03979002430041631,39.79002430041631,30
7,H8_K2_Meuler_T0.5_Dmix_visual_aligning.models.visual_af_diffusion.VisualAlphaFlow_VTrue_mpc4_filmv1_Eaf,train,combined_5-tightened,True,dpcc-c-dt4p0,unfrozen,0.0,0.0,0.0,0.6538461538461539,0.9848076953337743,6.076923076923077,0.38694250762090643,0.05016841567479647,400.0,0.04591156650048035,45.91156650048036,26
7,H8_K2_Meuler_T0.5_Dmix_visual_aligning.models.visual_af_diffusion.VisualAlphaFlow_VTrue_mpc4_filmv1_Eaf,train,combined_5-tightened,True,hardflow_new-r,all,0.0,0.0,0.0,0.9,0.992166664203008,3.1333333333333333,0.3287999471237963,0.11175873739024003,400.0,0.1544477093418439,154.44770934184393,30
7,H8_K2_Meuler_T0.5_Dmix_visual_aligning.models.visual_af_diffusion.VisualAlphaFlow_VTrue_mpc4_filmv1_Eaf,train,combined_5-tightened,True,hardflow_new-r,unfrozen,0.0,0.0,0.0,0.8846153846153846,0.9909615356188554,3.6153846153846154,0.3226018405046161,0.12841940212708253,400.0,0.1782088953944353,178.2088953944353,26
7,H8_K2_Meuler_T0.5_Dmix_visual_aligning.models.visual_af_diffusion.VisualAlphaFlow_VTrue_mpc4_filmv1_Eaf,train,combined_5-tightened,True,hardflow_new-c,all,0.0,0.0,0.0,0.8333333333333334,0.9887500007947286,4.5,0.3127616549662308,0.07418142581979434,400.0,0.15850047107537588,158.50047107537588,30
7,H8_K2_Meuler_T0.5_Dmix_visual_aligning.models.visual_af_diffusion.VisualAlphaFlow_VTrue_mpc4_filmv1_Eaf,train,combined_5-tightened,True,hardflow_new-c,unfrozen,0.0,0.0,0.0,0.8076923076923077,0.9870192316862253,5.1923076923076925,0.3040961187843483,0.08506096569964519,400.0,0.182885158933126,182.885158933126,26
7,H8_K2_Meuler_T0.5_Dmix_visual_aligning.models.visual_af_diffusion.VisualAlphaFlow_VTrue_mpc4_filmv1_Eaf,train,combined_5-tightened,True,hardflow_new-t,all,0.0,0.0,0.0,0.8666666666666667,0.9876666684945424,4.933333333333334,0.3648532060433101,0.13919579138358434,400.0,0.1563616922100385,156.3616922100385,30
7,H8_K2_Meuler_T0.5_Dmix_visual_aligning.models.visual_af_diffusion.VisualAlphaFlow_VTrue_mpc4_filmv1_Eaf,train,combined_5-tightened,True,hardflow_new-t,unfrozen,0.0,0.0,0.0,0.8461538461538461,0.9857692328783182,5.6923076923076925,0.36420175464251664,0.1600775413501721,400.0,0.18041733716542904,180.41733716542905,26
7,H8_K2_Meuler_T0.5_Dmix_visual_aligning.models.visual_af_diffusion.VisualAlphaFlow_VTrue_mpc4_filmv1_Eaf,train,combined_5-tightened,True,gradient,all,0.06666666666666667,0.06666666666666667,0.03333333333333333,0.36666666666666664,0.7854009330272674,85.6,0.3831160696348596,0.37443569749593736,381.1,0.024729413424384807,24.729413424384806,30
7,H8_K2_Meuler_T0.5_Dmix_visual_aligning.models.visual_af_diffusion.VisualAlphaFlow_VTrue_mpc4_filmv1_Eaf,train,combined_5-tightened,True,gradient,unfrozen,0.07692307692307693,0.07692307692307693,0.038461538461538464,0.2692307692307692,0.7523856919545394,98.76923076923077,0.385274289555843,0.43150820224904096,378.1923076923077,0.028533938566597857,28.533938566597854,26
7,H8_K2_Meuler_T0.5_Dmix_visual_aligning.models.visual_af_diffusion.VisualAlphaFlow_VTrue_mpc4_filmv1_Eaf,train,combined_5-tightened,True,post_processing,all,0.0,0.0,0.0,0.8333333333333334,0.9627499997615814,14.9,0.38980464558527206,0.14715940554936727,400.0,0.04880661203463873,48.806612034638725,30
7,H8_K2_Meuler_T0.5_Dmix_visual_aligning.models.visual_af_diffusion.VisualAlphaFlow_VTrue_mpc4_filmv1_Eaf,train,combined_5-tightened,True,post_processing,unfrozen,0.0,0.0,0.0,0.8076923076923077,0.9570192304941324,17.192307692307693,0.3929918771909343,0.1692663269260755,400.0,0.0563153215784293,56.3153215784293,26
7,H8_K2_Meuler_T0.5_Dmix_visual_aligning.models.visual_af_diffusion.VisualAlphaFlow_VTrue_mpc4_filmv1_Eaf,train,combined_5-tightened,True,model_free,all,0.0,0.06666666666666667,0.0,0.26666666666666666,0.770000001291434,92.0,0.3567974097234723,0.4745444832990567,400.0,0.038018306990464525,38.01830699046453,30
7,H8_K2_Meuler_T0.5_Dmix_visual_aligning.models.visual_af_diffusion.VisualAlphaFlow_VTrue_mpc4_filmv1_Eaf,train,combined_5-tightened,True,model_free,unfrozen,0.0,0.07692307692307693,0.0,0.15384615384615385,0.7346153861055007,106.15384615384616,0.35490660504270377,0.5470183397141787,400.0,0.043867277296689836,43.86727729668984,26
7,H8_K2_Meuler_T0.5_Dmix_visual_aligning.models.visual_af_diffusion.VisualAlphaFlow_VTrue_mpc4_filmv1_Eaf,train,combined_5-tightened,True,geo_free,all,0.0,0.0,0.0,0.3333333333333333,0.7584166650970777,96.63333333333334,0.45081437355944937,0.25402598244448504,400.0,0.037481255312760677,37.48125531276067,30
7,H8_K2_Meuler_T0.5_Dmix_visual_aligning.models.visual_af_diffusion.VisualAlphaFlow_VTrue_mpc4_filmv1_Eaf,train,combined_5-tightened,True,geo_free,unfrozen,0.0,0.0,0.0,0.23076923076923078,0.7212499981889358,111.5,0.46338771716113886,0.2925739156512114,400.0,0.04324760228395463,43.24760228395462,26
7,H8_K2_Meuler_T0.5_Dmix_visual_aligning.models.visual_af_diffusion.VisualAlphaFlow_VTrue_mpc4_filmv1_Eaf,train,combined_5-tightened,True,bounds_free,all,0.0,0.0,0.0,0.9,0.990583332379659,3.7666666666666666,0.3409995640240874,0.10206666414936384,400.0,0.03941052500406901,39.41052500406901,30
7,H8_K2_Meuler_T0.5_Dmix_visual_aligning.models.visual_af_diffusion.VisualAlphaFlow_VTrue_mpc4_filmv1_Eaf,train,combined_5-tightened,True,bounds_free,unfrozen,0.0,0.0,0.0,0.8846153846153846,0.9891346142842219,4.346153846153846,0.33667832154341354,0.11723624069530231,400.0,0.0454736826970027,45.4736826970027,26
7,H8_K2_Meuler_T0.5_Dmix_visual_aligning.models.visual_af_diffusion.VisualAlphaFlow_VTrue_mpc4_filmv1_Eaf,train,combined_5-tightened,True,geo_free-bounds_free,all,0.0,0.0,0.0,0.36666666666666664,0.8186666677395503,72.53333333333333,0.39010970030517017,0.27921409010887144,400.0,0.03373896791537603,33.73896791537603,30
7,H8_K2_Meuler_T0.5_Dmix_visual_aligning.models.visual_af_diffusion.VisualAlphaFlow_VTrue_mpc4_filmv1_Eaf,train,combined_5-tightened,True,geo_free-bounds_free,unfrozen,0.0,0.0,0.0,0.2692307692307692,0.7907692320071734,83.6923076923077,0.39334386340620137,0.32163711680242646,400.0,0.03892957836389542,38.929578363895416,26
7,H8_K2_Meuler_T0.5_Dmix_visual_aligning.models.visual_af_diffusion.VisualAlphaFlow_VTrue_mpc4_filmv1_Eaf,train,combined_5-tightened,True,geo_free-model_free,all,0.0,0.06666666666666667,0.0,0.26666666666666666,0.7694166665275891,92.23333333333333,0.3571331024424431,0.4746972473959128,400.0,0.02971114506324132,29.71114506324132,30
7,H8_K2_Meuler_T0.5_Dmix_visual_aligning.models.visual_af_diffusion.VisualAlphaFlow_VTrue_mpc4_filmv1_Eaf,train,combined_5-tightened,True,geo_free-model_free,unfrozen,0.0,0.07692307692307693,0.0,0.15384615384615385,0.7339423075318336,106.42307692307692,0.3552939427953624,0.5471946059797819,400.0,0.03428209045758614,34.28209045758614,26
7,H8_K2_Meuler_T0.5_Dmix_visual_aligning.models.visual_af_diffusion.VisualAlphaFlow_VTrue_mpc4_filmv1_Eaf,train,combined_5-tightened,True,model_free-bounds_free,all,0.0,0.06666666666666667,0.0,0.26666666666666666,0.7694166665275891,92.23333333333333,0.3588936356300542,0.4746182772020499,400.0,0.03522541906436284,35.225419064362846,30
7,H8_K2_Meuler_T0.5_Dmix_visual_aligning.models.visual_af_diffusion.VisualAlphaFlow_VTrue_mpc4_filmv1_Eaf,train,combined_5-tightened,True,model_free-bounds_free,unfrozen,0.0,0.07692307692307693,0.0,0.15384615384615385,0.7339423075318336,106.42307692307692,0.357325327242606,0.5471034865253247,400.0,0.04064471430503405,40.64471430503405,26
8,H8_K20_Meuler_T0.2_Dmix_visual_aligning.models.visual_af_diffusion.VisualAlphaFlow_VTrue_mpc4_filmv1_Eaf_EPlatest_msgafon005_s6,train,combined_5,False,diffuser,all,0.0,0.0,0.0,0.4,0.7991331338882446,72.3,0.4297295615712463,0.6802813068032265,372.9,0.18727367830632402,187.27367830632403,10
8,H8_K20_Meuler_T0.2_Dmix_visual_aligning.models.visual_af_diffusion.VisualAlphaFlow_VTrue_mpc4_filmv1_Eaf_EPlatest_msgafon005_s6,train,combined_5,False,diffuser,unfrozen,0.0,0.0,0.0,0.4,0.7991331338882446,72.3,0.4297295615712463,0.6802813068032265,372.9,0.18727367830632402,187.27367830632403,10
8,H8_K20_Meuler_T0.2_Dmix_visual_aligning.models.visual_af_diffusion.VisualAlphaFlow_VTrue_mpc4_filmv1_Eaf_EPlatest_msgafon005_s6,train,combined_5,False,dpcc-r,all,0.0,0.0,0.0,0.4,0.8497806191444397,58.0,0.4947455119655265,1.1388061754405499,384.5,0.4253513479330501,425.3513479330501,10
8,H8_K20_Meuler_T0.2_Dmix_visual_aligning.models.visual_af_diffusion.VisualAlphaFlow_VTrue_mpc4_filmv1_Eaf_EPlatest_msgafon005_s6,train,combined_5,False,dpcc-r,unfrozen,0.0,0.0,0.0,0.4,0.8497806191444397,58.0,0.4947455119655265,1.1388061754405499,384.5,0.4253513479330501,425.3513479330501,10
8,H8_K20_Meuler_T0.2_Dmix_visual_aligning.models.visual_af_diffusion.VisualAlphaFlow_VTrue_mpc4_filmv1_Eaf_EPlatest_msgafon005_s6,train,combined_5,False,dpcc-c,all,0.0,0.0,0.0,0.4,0.8930617332458496,41.2,0.33076212509403313,0.7732187829911709,368.1,0.472452093243599,472.45209324359894,10
8,H8_K20_Meuler_T0.2_Dmix_visual_aligning.models.visual_af_diffusion.VisualAlphaFlow_VTrue_mpc4_filmv1_Eaf_EPlatest_msgafon005_s6,train,combined_5,False,dpcc-c,unfrozen,0.0,0.0,0.0,0.4,0.8930617332458496,41.2,0.33076212509403313,0.7732187829911709,368.1,0.472452093243599,472.45209324359894,10
8,H8_K20_Meuler_T0.2_Dmix_visual_aligning.models.visual_af_diffusion.VisualAlphaFlow_VTrue_mpc4_filmv1_Eaf_EPlatest_msgafon005_s6,train,combined_5,False,dpcc-t,all,0.0,0.0,0.0,0.2,0.7502499997615815,99.9,0.4276731310421996,0.6815925974398851,400.0,0.3721495521068573,372.1495521068573,10
8,H8_K20_Meuler_T0.2_Dmix_visual_aligning.models.visual_af_diffusion.VisualAlphaFlow_VTrue_mpc4_filmv1_Eaf_EPlatest_msgafon005_s6,train,combined_5,False,dpcc-t,unfrozen,0.0,0.0,0.0,0.2,0.7502499997615815,99.9,0.4276731310421996,0.6815925974398851,400.0,0.3721495521068573,372.1495521068573,10
8,H8_K20_Meuler_T0.2_Dmix_visual_aligning.models.visual_af_diffusion.VisualAlphaFlow_VTrue_mpc4_filmv1_Eaf_EPlatest_msgafon005_s6,train,combined_5,False,dpcc-c-dt0p25,all,0.0,0.1,0.0,0.2,0.8075798153877258,75.2,0.4210835612566567,0.8444809757173062,396.2,0.5268922061461477,526.8922061461478,10
8,H8_K20_Meuler_T0.2_Dmix_visual_aligning.models.visual_af_diffusion.VisualAlphaFlow_VTrue_mpc4_filmv1_Eaf_EPlatest_msgafon005_s6,train,combined_5,False,dpcc-c-dt0p25,unfrozen,0.0,0.1,0.0,0.2,0.8075798153877258,75.2,0.4210835612566567,0.8444809757173062,396.2,0.5268922061461477,526.8922061461478,10
8,H8_K20_Meuler_T0.2_Dmix_visual_aligning.models.visual_af_diffusion.VisualAlphaFlow_VTrue_mpc4_filmv1_Eaf_EPlatest_msgafon005_s6,train,combined_5,False,dpcc-c-dt0p5,all,0.0,0.0,0.0,0.6,0.8939666628837586,41.2,0.43632229881407136,1.0621921103447676,397.5,0.42702464269061774,427.0246426906177,10
8,H8_K20_Meuler_T0.2_Dmix_visual_aligning.models.visual_af_diffusion.VisualAlphaFlow_VTrue_mpc4_filmv1_Eaf_EPlatest_msgafon005_s6,train,combined_5,False,dpcc-c-dt0p5,unfrozen,0.0,0.0,0.0,0.6,0.8939666628837586,41.2,0.43632229881407136,1.0621921103447676,397.5,0.42702464269061774,427.0246426906177,10
8,H8_K20_Meuler_T0.2_Dmix_visual_aligning.models.visual_af_diffusion.VisualAlphaFlow_VTrue_mpc4_filmv1_Eaf_EPlatest_msgafon005_s6,train,combined_5,False,dpcc-c-dt2p0,all,0.0,0.0,0.0,0.1,0.6549999982118606,138.0,0.38988373863212444,0.15390908047556878,400.0,0.30572881805896757,305.7288180589676,10
8,H8_K20_Meuler_T0.2_Dmix_visual_aligning.models.visual_af_diffusion.VisualAlphaFlow_VTrue_mpc4_filmv1_Eaf_EPlatest_msgafon005_s6,train,combined_5,False,dpcc-c-dt2p0,unfrozen,0.0,0.0,0.0,0.1,0.6549999982118606,138.0,0.38988373863212444,0.15390908047556878,400.0,0.30572881805896757,305.7288180589676,10
8,H8_K20_Meuler_T0.2_Dmix_visual_aligning.models.visual_af_diffusion.VisualAlphaFlow_VTrue_mpc4_filmv1_Eaf_EPlatest_msgafon005_s6,train,combined_5,False,dpcc-c-dt4p0,all,0.0,0.0,0.0,0.1,0.78125,87.5,0.38918159125581653,0.02500007189810276,400.0,0.2636735188961029,263.6735188961029,10
8,H8_K20_Meuler_T0.2_Dmix_visual_aligning.models.visual_af_diffusion.VisualAlphaFlow_VTrue_mpc4_filmv1_Eaf_EPlatest_msgafon005_s6,train,combined_5,False,dpcc-c-dt4p0,unfrozen,0.0,0.0,0.0,0.1,0.78125,87.5,0.38918159125581653,0.02500007189810276,400.0,0.2636735188961029,263.6735188961029,10
8,H8_K20_Meuler_T0.2_Dmix_visual_aligning.models.visual_af_diffusion.VisualAlphaFlow_VTrue_mpc4_filmv1_Eaf_EPlatest_msgafon005_s6,train,combined_5,False,gradient,all,0.1,0.1,0.1,0.5,0.9370000004768372,25.2,0.35275071245090095,0.5241696901619435,370.9,0.19553329657195906,195.53329657195906,10
8,H8_K20_Meuler_T0.2_Dmix_visual_aligning.models.visual_af_diffusion.VisualAlphaFlow_VTrue_mpc4_filmv1_Eaf_EPlatest_msgafon005_s6,train,combined_5,False,gradient,unfrozen,0.1,0.1,0.1,0.5,0.9370000004768372,25.2,0.35275071245090095,0.5241696901619435,370.9,0.19553329657195906,195.53329657195906,10
8,H8_K20_Meuler_T0.2_Dmix_visual_aligning.models.visual_af_diffusion.VisualAlphaFlow_VTrue_mpc4_filmv1_Eaf_EPlatest_msgafon005_s6,train,combined_5,False,post_processing,all,0.0,0.0,0.0,0.3,0.8276983082294465,59.8,0.4599531315664424,0.6421783097088337,358.5,0.2320920845829105,232.0920845829105,10
8,H8_K20_Meuler_T0.2_Dmix_visual_aligning.models.visual_af_diffusion.VisualAlphaFlow_VTrue_mpc4_filmv1_Eaf_EPlatest_msgafon005_s6,train,combined_5,False,post_processing,unfrozen,0.0,0.0,0.0,0.3,0.8276983082294465,59.8,0.4599531315664424,0.6421783097088337,358.5,0.2320920845829105,232.0920845829105,10
8,H8_K20_Meuler_T0.2_Dmix_visual_aligning.models.visual_af_diffusion.VisualAlphaFlow_VTrue_mpc4_filmv1_Eaf_EPlatest_msgafon005_s6,train,combined_5,False,model_free,all,0.0,0.0,0.0,0.4,0.8076971143484115,68.6,0.4253782857850785,0.6492725763469934,375.4,0.23571724693926552,235.71724693926552,10
8,H8_K20_Meuler_T0.2_Dmix_visual_aligning.models.visual_af_diffusion.VisualAlphaFlow_VTrue_mpc4_filmv1_Eaf_EPlatest_msgafon005_s6,train,combined_5,False,model_free,unfrozen,0.0,0.0,0.0,0.4,0.8076971143484115,68.6,0.4253782857850785,0.6492725763469934,375.4,0.23571724693926552,235.71724693926552,10
8,H8_K20_Meuler_T0.2_Dmix_visual_aligning.models.visual_af_diffusion.VisualAlphaFlow_VTrue_mpc4_filmv1_Eaf_EPlatest_msgafon005_s6,train,combined_5,False,geo_free,all,0.0,0.0,0.0,0.2,0.8775674670934677,43.9,0.42634484144292834,0.7661018574610352,347.2,0.28820238913614354,288.20238913614355,10
8,H8_K20_Meuler_T0.2_Dmix_visual_aligning.models.visual_af_diffusion.VisualAlphaFlow_VTrue_mpc4_filmv1_Eaf_EPlatest_msgafon005_s6,train,combined_5,False,geo_free,unfrozen,0.0,0.0,0.0,0.2,0.8775674670934677,43.9,0.42634484144292834,0.7661018574610352,347.2,0.28820238913614354,288.20238913614355,10
8,H8_K20_Meuler_T0.2_Dmix_visual_aligning.models.visual_af_diffusion.VisualAlphaFlow_VTrue_mpc4_filmv1_Eaf_EPlatest_msgafon005_s6,train,combined_5,False,bounds_free,all,0.0,0.1,0.0,0.6,0.8967500001192092,41.3,0.392729054938631,0.8637172739952803,400.0,0.3130474411845207,313.0474411845207,10
8,H8_K20_Meuler_T0.2_Dmix_visual_aligning.models.visual_af_diffusion.VisualAlphaFlow_VTrue_mpc4_filmv1_Eaf_EPlatest_msgafon005_s6,train,combined_5,False,bounds_free,unfrozen,0.0,0.1,0.0,0.6,0.8967500001192092,41.3,0.392729054938631,0.8637172739952803,400.0,0.3130474411845207,313.0474411845207,10
8,H8_K20_Meuler_T0.2_Dmix_visual_aligning.models.visual_af_diffusion.VisualAlphaFlow_VTrue_mpc4_filmv1_Eaf_EPlatest_msgafon005_s6,train,combined_5,False,geo_free-bounds_free,all,0.0,0.0,0.0,0.7,0.9247500002384186,30.1,0.4148057464853118,0.7248133640736342,400.0,0.24800245177745822,248.0024517774582,10
8,H8_K20_Meuler_T0.2_Dmix_visual_aligning.models.visual_af_diffusion.VisualAlphaFlow_VTrue_mpc4_filmv1_Eaf_EPlatest_msgafon005_s6,train,combined_5,False,geo_free-bounds_free,unfrozen,0.0,0.0,0.0,0.7,0.9247500002384186,30.1,0.4148057464853118,0.7248133640736342,400.0,0.24800245177745822,248.0024517774582,10
8,H8_K20_Meuler_T0.2_Dmix_visual_aligning.models.visual_af_diffusion.VisualAlphaFlow_VTrue_mpc4_filmv1_Eaf_EPlatest_msgafon005_s6,train,combined_5,False,geo_free-model_free,all,0.0,0.0,0.0,0.3,0.7350195035338402,96.9,0.44690061164262984,0.749228622764349,375.1,0.21832447917273395,218.32447917273393,10
8,H8_K20_Meuler_T0.2_Dmix_visual_aligning.models.visual_af_diffusion.VisualAlphaFlow_VTrue_mpc4_filmv1_Eaf_EPlatest_msgafon005_s6,train,combined_5,False,geo_free-model_free,unfrozen,0.0,0.0,0.0,0.3,0.7350195035338402,96.9,0.44690061164262984,0.749228622764349,375.1,0.21832447917273395,218.32447917273393,10
8,H8_K20_Meuler_T0.2_Dmix_visual_aligning.models.visual_af_diffusion.VisualAlphaFlow_VTrue_mpc4_filmv1_Eaf_EPlatest_msgafon005_s6,train,combined_5,False,model_free-bounds_free,all,0.1,0.1,0.1,0.5,0.8824517443776131,40.6,0.3465194308405133,0.6184866938740015,332.5,0.22357028111400154,223.57028111400155,10
8,H8_K20_Meuler_T0.2_Dmix_visual_aligning.models.visual_af_diffusion.VisualAlphaFlow_VTrue_mpc4_filmv1_Eaf_EPlatest_msgafon005_s6,train,combined_5,False,model_free-bounds_free,unfrozen,0.1,0.1,0.1,0.5,0.8824517443776131,40.6,0.3465194308405133,0.6184866938740015,332.5,0.22357028111400154,223.57028111400155,10
8,H8_K20_Meuler_T0.2_Dmix_visual_aligning.models.visual_af_diffusion.VisualAlphaFlow_VTrue_mpc4_filmv1_Eaf_EPlatest_msgafon005_s6,train,combined_5-tightened,True,diffuser,all,0.0,0.0,0.0,0.5,0.8033831357955933,70.6,0.4227976111823626,0.6554716964252293,372.9,0.16938220812906518,169.3822081290652,10
8,H8_K20_Meuler_T0.2_Dmix_visual_aligning.models.visual_af_diffusion.VisualAlphaFlow_VTrue_mpc4_filmv1_Eaf_EPlatest_msgafon005_s6,train,combined_5-tightened,True,diffuser,unfrozen,0.0,0.0,0.0,0.4444444444444444,0.7815368175506592,78.44444444444444,0.41211678687586856,0.7279169497390588,369.8888888888889,0.18820245347673908,188.2024534767391,9
8,H8_K20_Meuler_T0.2_Dmix_visual_aligning.models.visual_af_diffusion.VisualAlphaFlow_VTrue_mpc4_filmv1_Eaf_EPlatest_msgafon005_s6,train,combined_5-tightened,True,dpcc-r,all,0.1,0.1,0.1,0.7,0.9953711032867432,1.4,0.2801743064794382,0.6081581224687398,350.1,0.30336016432535573,303.3601643253557,10
8,H8_K20_Meuler_T0.2_Dmix_visual_aligning.models.visual_af_diffusion.VisualAlphaFlow_VTrue_mpc4_filmv1_Eaf_EPlatest_msgafon005_s6,train,combined_5-tightened,True,dpcc-r,unfrozen,0.1111111111111111,0.1111111111111111,0.1111111111111111,0.6666666666666666,0.9948567814297147,1.5555555555555556,0.2536464483170637,0.6753463120096259,344.55555555555554,0.3370668492503952,337.06684925039525,9
8,H8_K20_Meuler_T0.2_Dmix_visual_aligning.models.visual_af_diffusion.VisualAlphaFlow_VTrue_mpc4_filmv1_Eaf_EPlatest_msgafon005_s6,train,combined_5-tightened,True,dpcc-c,all,0.0,0.0,0.0,0.7,0.9446490645408631,19.5,0.38987985717033574,0.588630158919841,392.2,0.43916146839370607,439.1614683937061,10
8,H8_K20_Meuler_T0.2_Dmix_visual_aligning.models.visual_af_diffusion.VisualAlphaFlow_VTrue_mpc4_filmv1_Eaf_EPlatest_msgafon005_s6,train,combined_5-tightened,True,dpcc-c,unfrozen,0.0,0.0,0.0,0.6666666666666666,0.9384989606009589,21.666666666666668,0.3755415046402832,0.6536485747330718,391.3333333333333,0.48795718710411784,487.9571871041179,9
8,H8_K20_Meuler_T0.2_Dmix_visual_aligning.models.visual_af_diffusion.VisualAlphaFlow_VTrue_mpc4_filmv1_Eaf_EPlatest_msgafon005_s6,train,combined_5-tightened,True,dpcc-t,all,0.0,0.0,0.0,0.5,0.976667857170105,9.0,0.3924924440598461,0.24326466890051962,395.3,0.35945060271295637,359.4506027129563,10
8,H8_K20_Meuler_T0.2_Dmix_visual_aligning.models.visual_af_diffusion.VisualAlphaFlow_VTrue_mpc4_filmv1_Eaf_EPlatest_msgafon005_s6,train,combined_5-tightened,True,dpcc-t,unfrozen,0.0,0.0,0.0,0.4444444444444444,0.9740753968556722,10.0,0.37844437896196137,0.26990914137827027,394.77777777777777,0.3993895585699515,399.3895585699515,9
8,H8_K20_Meuler_T0.2_Dmix_visual_aligning.models.visual_af_diffusion.VisualAlphaFlow_VTrue_mpc4_filmv1_Eaf_EPlatest_msgafon005_s6,train,combined_5-tightened,True,dpcc-c-dt0p25,all,0.0,0.0,0.0,0.7,0.9445521473884583,20.8,0.4360294958463692,0.5805489134974777,386.6,0.5786314937703427,578.6314937703428,10
8,H8_K20_Meuler_T0.2_Dmix_visual_aligning.models.visual_af_diffusion.VisualAlphaFlow_VTrue_mpc4_filmv1_Eaf_EPlatest_msgafon005_s6,train,combined_5-tightened,True,dpcc-c-dt0p25,unfrozen,0.0,0.0,0.0,0.6666666666666666,0.9383912748760648,23.11111111111111,0.42681888094698706,0.6446694131526682,385.1111111111111,0.6429238819670475,642.9238819670476,9
8,H8_K20_Meuler_T0.2_Dmix_visual_aligning.models.visual_af_diffusion.VisualAlphaFlow_VTrue_mpc4_filmv1_Eaf_EPlatest_msgafon005_s6,train,combined_5-tightened,True,dpcc-c-dt0p5,all,0.0,0.0,0.0,0.7,0.9164999961853028,33.4,0.4380704023477562,1.0474692252464592,400.0,0.4706109815835953,470.6109815835953,10
8,H8_K20_Meuler_T0.2_Dmix_visual_aligning.models.visual_af_diffusion.VisualAlphaFlow_VTrue_mpc4_filmv1_Eaf_EPlatest_msgafon005_s6,train,combined_5-tightened,True,dpcc-c-dt0p5,unfrozen,0.0,0.0,0.0,0.6666666666666666,0.9072222179836698,37.111111111111114,0.429086554837417,1.1634697595404253,400.0,0.5229010906484393,522.9010906484392,9
8,H8_K20_Meuler_T0.2_Dmix_visual_aligning.models.visual_af_diffusion.VisualAlphaFlow_VTrue_mpc4_filmv1_Eaf_EPlatest_msgafon005_s6,train,combined_5-tightened,True,dpcc-c-dt2p0,all,0.0,0.0,0.0,0.4,0.9762500047683715,9.5,0.3624163568036269,0.26142964595928786,400.0,0.26860638201236725,268.60638201236725,10
8,H8_K20_Meuler_T0.2_Dmix_visual_aligning.models.visual_af_diffusion.VisualAlphaFlow_VTrue_mpc4_filmv1_Eaf_EPlatest_msgafon005_s6,train,combined_5-tightened,True,dpcc-c-dt2p0,unfrozen,0.0,0.0,0.0,0.3333333333333333,0.9736111164093018,10.555555555555555,0.3450265042328289,0.29009244922134614,400.0,0.29845153556929693,298.45153556929694,9
8,H8_K20_Meuler_T0.2_Dmix_visual_aligning.models.visual_af_diffusion.VisualAlphaFlow_VTrue_mpc4_filmv1_Eaf_EPlatest_msgafon005_s6,train,combined_5-tightened,True,dpcc-c-dt4p0,all,0.0,0.0,0.0,1.0,1.0,0.0,0.3891815912565484,0.02556785410270095,400.0,0.23618587267398833,236.18587267398834,10
8,H8_K20_Meuler_T0.2_Dmix_visual_aligning.models.visual_af_diffusion.VisualAlphaFlow_VTrue_mpc4_filmv1_Eaf_EPlatest_msgafon005_s6,train,combined_5-tightened,True,dpcc-c-dt4p0,unfrozen,0.0,0.0,0.0,1.0,1.0,0.0,0.3747656536249639,0.02802379160291619,400.0,0.26242874741554256,262.4287474155426,9
8,H8_K20_Meuler_T0.2_Dmix_visual_aligning.models.visual_af_diffusion.VisualAlphaFlow_VTrue_mpc4_filmv1_Eaf_EPlatest_msgafon005_s6,train,combined_5-tightened,True,gradient,all,0.0,0.0,0.0,0.5,0.9122500032186508,35.1,0.342725626700773,0.5771479294635355,400.0,0.17527528738975526,175.27528738975525,10
8,H8_K20_Meuler_T0.2_Dmix_visual_aligning.models.visual_af_diffusion.VisualAlphaFlow_VTrue_mpc4_filmv1_Eaf_EPlatest_msgafon005_s6,train,combined_5-tightened,True,gradient,unfrozen,0.0,0.0,0.0,0.4444444444444444,0.9025000035762787,39.0,0.32314791522965786,0.6408905420038435,400.0,0.1947503193219503,194.7503193219503,9
8,H8_K20_Meuler_T0.2_Dmix_visual_aligning.models.visual_af_diffusion.VisualAlphaFlow_VTrue_mpc4_filmv1_Eaf_EPlatest_msgafon005_s6,train,combined_5-tightened,True,post_processing,all,0.0,0.0,0.0,0.4,0.9160082995891571,25.2,0.4862719226921923,0.5297444843687117,341.0,0.20851642593227138,208.51642593227137,10
8,H8_K20_Meuler_T0.2_Dmix_visual_aligning.models.visual_af_diffusion.VisualAlphaFlow_VTrue_mpc4_filmv1_Eaf_EPlatest_msgafon005_s6,train,combined_5-tightened,True,post_processing,unfrozen,0.0,0.0,0.0,0.3333333333333333,0.9066758884323968,28.0,0.4826437996645682,0.5882200474540392,334.44444444444446,0.23168491770252375,231.68491770252376,9
8,H8_K20_Meuler_T0.2_Dmix_visual_aligning.models.visual_af_diffusion.VisualAlphaFlow_VTrue_mpc4_filmv1_Eaf_EPlatest_msgafon005_s6,train,combined_5-tightened,True,model_free,all,0.0,0.0,0.0,0.4,0.884707435965538,42.8,0.4390477568586511,0.7482074634172022,384.1,0.22004274787814,220.04274787813998,10
8,H8_K20_Meuler_T0.2_Dmix_visual_aligning.models.visual_af_diffusion.VisualAlphaFlow_VTrue_mpc4_filmv1_Eaf_EPlatest_msgafon005_s6,train,combined_5-tightened,True,model_free,unfrozen,0.0,0.0,0.0,0.3333333333333333,0.8718971510728201,47.55555555555556,0.4301725042939669,0.8309566908412509,382.3333333333333,0.2444919420868222,244.49194208682218,9
8,H8_K20_Meuler_T0.2_Dmix_visual_aligning.models.visual_af_diffusion.VisualAlphaFlow_VTrue_mpc4_filmv1_Eaf_EPlatest_msgafon005_s6,train,combined_5-tightened,True,geo_free,all,0.0,0.0,0.0,0.2,0.8785674661397934,43.5,0.4190022821153126,0.6746086741797626,347.2,0.24663066696276292,246.63066696276292,10
8,H8_K20_Meuler_T0.2_Dmix_visual_aligning.models.visual_af_diffusion.VisualAlphaFlow_VTrue_mpc4_filmv1_Eaf_EPlatest_msgafon005_s6,train,combined_5-tightened,True,geo_free,unfrozen,0.0,0.0,0.0,0.1111111111111111,0.8650749623775482,48.333333333333336,0.4078997545791464,0.749180258355207,341.3333333333333,0.2740340744030699,274.0340744030699,9
8,H8_K20_Meuler_T0.2_Dmix_visual_aligning.models.visual_af_diffusion.VisualAlphaFlow_VTrue_mpc4_filmv1_Eaf_EPlatest_msgafon005_s6,train,combined_5-tightened,True,bounds_free,all,0.0,0.0,0.0,0.8,0.9297500014305115,28.1,0.4193918508920077,0.6496240657754242,400.0,0.4790122938752175,479.01229387521744,10
8,H8_K20_Meuler_T0.2_Dmix_visual_aligning.models.visual_af_diffusion.VisualAlphaFlow_VTrue_mpc4_filmv1_Eaf_EPlatest_msgafon005_s6,train,combined_5-tightened,True,bounds_free,unfrozen,0.0,0.0,0.0,0.7777777777777778,0.9219444460339017,31.22222222222222,0.4083326087754743,0.7214195823503865,400.0,0.532235882083575,532.2358820835749,9
8,H8_K20_Meuler_T0.2_Dmix_visual_aligning.models.visual_af_diffusion.VisualAlphaFlow_VTrue_mpc4_filmv1_Eaf_EPlatest_msgafon005_s6,train,combined_5-tightened,True,geo_free-bounds_free,all,0.0,0.0,0.0,0.6,0.9177499949932099,32.9,0.403388848889645,0.71646897951141,400.0,0.2246100208759308,224.6100208759308,10
8,H8_K20_Meuler_T0.2_Dmix_visual_aligning.models.visual_af_diffusion.VisualAlphaFlow_VTrue_mpc4_filmv1_Eaf_EPlatest_msgafon005_s6,train,combined_5-tightened,True,geo_free-bounds_free,unfrozen,0.0,0.0,0.0,0.5555555555555556,0.9086111055480109,36.55555555555556,0.3905514954395157,0.795691708723704,400.0,0.2495666898621453,249.56668986214532,9
8,H8_K20_Meuler_T0.2_Dmix_visual_aligning.models.visual_af_diffusion.VisualAlphaFlow_VTrue_mpc4_filmv1_Eaf_EPlatest_msgafon005_s6,train,combined_5-tightened,True,geo_free-model_free,all,0.0,0.0,0.0,0.3,0.7392694994807243,95.2,0.43873402096248537,0.7440433819778264,375.1,0.19572731668597337,195.7273166859734,10
8,H8_K20_Meuler_T0.2_Dmix_visual_aligning.models.visual_af_diffusion.VisualAlphaFlow_VTrue_mpc4_filmv1_Eaf_EPlatest_msgafon005_s6,train,combined_5-tightened,True,geo_free-model_free,unfrozen,0.0,0.0,0.0,0.2222222222222222,0.7102994438674715,105.77777777777777,0.42982390885378274,0.8263299336863889,372.3333333333333,0.21747479631774821,217.4747963177482,9
8,H8_K20_Meuler_T0.2_Dmix_visual_aligning.models.visual_af_diffusion.VisualAlphaFlow_VTrue_mpc4_filmv1_Eaf_EPlatest_msgafon005_s6,train,combined_5-tightened,True,model_free-bounds_free,all,0.0,0.0,0.0,0.4,0.8509714424610137,52.6,0.4618121467153379,0.8005424921400845,374.9,0.20853804199087475,208.53804199087477,10
8,H8_K20_Meuler_T0.2_Dmix_visual_aligning.models.visual_af_diffusion.VisualAlphaFlow_VTrue_mpc4_filmv1_Eaf_EPlatest_msgafon005_s6,train,combined_5-tightened,True,model_free-bounds_free,unfrozen,0.0,0.0,0.0,0.3333333333333333,0.8344127138455709,58.44444444444444,0.4554662708013967,0.8891067227555646,372.1111111111111,0.23170893554541638,231.7089355454164,9
9,H8_K2_Meuler_T0.5_Dmix_visual_aligning.models.visual_af_diffusion.VisualAlphaFlow_VTrue_mpc4_filmv1_Eaf_EPlatest_msgafon005_s6,train,combined_5,False,diffuser,all,0.0,0.0,0.0,0.7,0.8985705122351646,37.6,0.33712106366585215,0.36785120740532873,375.6,0.027561273501765342,27.561273501765346,10
9,H8_K2_Meuler_T0.5_Dmix_visual_aligning.models.visual_af_diffusion.VisualAlphaFlow_VTrue_mpc4_filmv1_Eaf_EPlatest_msgafon005_s6,train,combined_5,False,diffuser,unfrozen,0.0,0.0,0.0,0.7,0.8985705122351646,37.6,0.33712106366585215,0.36785120740532873,375.6,0.027561273501765342,27.561273501765346,10
9,H8_K2_Meuler_T0.5_Dmix_visual_aligning.models.visual_af_diffusion.VisualAlphaFlow_VTrue_mpc4_filmv1_Eaf_EPlatest_msgafon005_s6,train,combined_5,False,dpcc-r,all,0.0,0.0,0.0,0.6,0.9167500019073487,33.3,0.48480529329722855,0.4049080491065979,400.0,0.061697193920612334,61.697193920612335,10
9,H8_K2_Meuler_T0.5_Dmix_visual_aligning.models.visual_af_diffusion.VisualAlphaFlow_VTrue_mpc4_filmv1_Eaf_EPlatest_msgafon005_s6,train,combined_5,False,dpcc-r,unfrozen,0.0,0.0,0.0,0.6,0.9167500019073487,33.3,0.48480529329722855,0.4049080491065979,400.0,0.061697193920612334,61.697193920612335,10
9,H8_K2_Meuler_T0.5_Dmix_visual_aligning.models.visual_af_diffusion.VisualAlphaFlow_VTrue_mpc4_filmv1_Eaf_EPlatest_msgafon005_s6,train,combined_5,False,dpcc-c,all,0.0,0.0,0.0,0.4,0.8289999961853027,68.4,0.5084505874596681,0.27572877518832684,400.0,0.07039871340990066,70.39871340990067,10
9,H8_K2_Meuler_T0.5_Dmix_visual_aligning.models.visual_af_diffusion.VisualAlphaFlow_VTrue_mpc4_filmv1_Eaf_EPlatest_msgafon005_s6,train,combined_5,False,dpcc-c,unfrozen,0.0,0.0,0.0,0.4,0.8289999961853027,68.4,0.5084505874596681,0.27572877518832684,400.0,0.07039871340990066,70.39871340990067,10
9,H8_K2_Meuler_T0.5_Dmix_visual_aligning.models.visual_af_diffusion.VisualAlphaFlow_VTrue_mpc4_filmv1_Eaf_EPlatest_msgafon005_s6,train,combined_5,False,dpcc-t,all,0.0,0.0,0.0,0.5,0.9072364926338196,35.2,0.4362906988075929,0.2803110431879759,385.9,0.05486079284156016,54.860792841560155,10
9,H8_K2_Meuler_T0.5_Dmix_visual_aligning.models.visual_af_diffusion.VisualAlphaFlow_VTrue_mpc4_filmv1_Eaf_EPlatest_msgafon005_s6,train,combined_5,False,dpcc-t,unfrozen,0.0,0.0,0.0,0.5,0.9072364926338196,35.2,0.4362906988075929,0.2803110431879759,385.9,0.05486079284156016,54.860792841560155,10
9,H8_K2_Meuler_T0.5_Dmix_visual_aligning.models.visual_af_diffusion.VisualAlphaFlow_VTrue_mpc4_filmv1_Eaf_EPlatest_msgafon005_s6,train,combined_5,False,dpcc-c-dt0p25,all,0.1,0.1,0.1,0.5,0.7822500020265579,87.1,0.40924236180636225,0.6036575965583324,379.0,0.07797535354212712,77.97535354212711,10
9,H8_K2_Meuler_T0.5_Dmix_visual_aligning.models.visual_af_diffusion.VisualAlphaFlow_VTrue_mpc4_filmv1_Eaf_EPlatest_msgafon005_s6,train,combined_5,False,dpcc-c-dt0p25,unfrozen,0.1,0.1,0.1,0.5,0.7822500020265579,87.1,0.40924236180636225,0.6036575965583324,379.0,0.07797535354212712,77.97535354212711,10
9,H8_K2_Meuler_T0.5_Dmix_visual_aligning.models.visual_af_diffusion.VisualAlphaFlow_VTrue_mpc4_filmv1_Eaf_EPlatest_msgafon005_s6,train,combined_5,False,dpcc-c-dt0p5,all,0.0,0.0,0.0,0.3,0.8551785767078399,56.9,0.4209802924671788,0.5385958675295115,371.2,0.07483815261318877,74.83815261318877,10
9,H8_K2_Meuler_T0.5_Dmix_visual_aligning.models.visual_af_diffusion.VisualAlphaFlow_VTrue_mpc4_filmv1_Eaf_EPlatest_msgafon005_s6,train,combined_5,False,dpcc-c-dt0p5,unfrozen,0.0,0.0,0.0,0.3,0.8551785767078399,56.9,0.4209802924671788,0.5385958675295115,371.2,0.07483815261318877,74.83815261318877,10
9,H8_K2_Meuler_T0.5_Dmix_visual_aligning.models.visual_af_diffusion.VisualAlphaFlow_VTrue_mpc4_filmv1_Eaf_EPlatest_msgafon005_s6,train,combined_5,False,dpcc-c-dt2p0,all,0.0,0.0,0.0,0.0,0.7129999935626984,114.8,0.38918159125483975,0.05793044865131378,400.0,0.05171998977661133,51.71998977661133,10
9,H8_K2_Meuler_T0.5_Dmix_visual_aligning.models.visual_af_diffusion.VisualAlphaFlow_VTrue_mpc4_filmv1_Eaf_EPlatest_msgafon005_s6,train,combined_5,False,dpcc-c-dt2p0,unfrozen,0.0,0.0,0.0,0.0,0.7129999935626984,114.8,0.38918159125483975,0.05793044865131378,400.0,0.05171998977661133,51.71998977661133,10
9,H8_K2_Meuler_T0.5_Dmix_visual_aligning.models.visual_af_diffusion.VisualAlphaFlow_VTrue_mpc4_filmv1_Eaf_EPlatest_msgafon005_s6,train,combined_5,False,dpcc-c-dt4p0,all,0.0,0.0,0.0,0.2,0.8657499969005584,53.7,0.3891815912556297,0.0336839446797967,400.0,0.04337560623884201,43.37560623884201,10
9,H8_K2_Meuler_T0.5_Dmix_visual_aligning.models.visual_af_diffusion.VisualAlphaFlow_VTrue_mpc4_filmv1_Eaf_EPlatest_msgafon005_s6,train,combined_5,False,dpcc-c-dt4p0,unfrozen,0.0,0.0,0.0,0.2,0.8657499969005584,53.7,0.3891815912556297,0.0336839446797967,400.0,0.04337560623884201,43.37560623884201,10
9,H8_K2_Meuler_T0.5_Dmix_visual_aligning.models.visual_af_diffusion.VisualAlphaFlow_VTrue_mpc4_filmv1_Eaf_EPlatest_msgafon005_s6,train,combined_5,False,gradient,all,0.0,0.0,0.0,0.7,0.894999997317791,42.0,0.3186408482989292,0.4471297901123762,400.0,0.028748196780681613,28.74819678068161,10
9,H8_K2_Meuler_T0.5_Dmix_visual_aligning.models.visual_af_diffusion.VisualAlphaFlow_VTrue_mpc4_filmv1_Eaf_EPlatest_msgafon005_s6,train,combined_5,False,gradient,unfrozen,0.0,0.0,0.0,0.7,0.894999997317791,42.0,0.3186408482989292,0.4471297901123762,400.0,0.028748196780681613,28.74819678068161,10
9,H8_K2_Meuler_T0.5_Dmix_visual_aligning.models.visual_af_diffusion.VisualAlphaFlow_VTrue_mpc4_filmv1_Eaf_EPlatest_msgafon005_s6,train,combined_5,False,post_processing,all,0.0,0.0,0.0,0.7,0.9222500026226044,31.1,0.47569394106728274,0.34239931851625444,400.0,0.05605736941099167,56.05736941099167,10
9,H8_K2_Meuler_T0.5_Dmix_visual_aligning.models.visual_af_diffusion.VisualAlphaFlow_VTrue_mpc4_filmv1_Eaf_EPlatest_msgafon005_s6,train,combined_5,False,post_processing,unfrozen,0.0,0.0,0.0,0.7,0.9222500026226044,31.1,0.47569394106728274,0.34239931851625444,400.0,0.05605736941099167,56.05736941099167,10
9,H8_K2_Meuler_T0.5_Dmix_visual_aligning.models.visual_af_diffusion.VisualAlphaFlow_VTrue_mpc4_filmv1_Eaf_EPlatest_msgafon005_s6,train,combined_5,False,model_free,all,0.0,0.0,0.0,0.7,0.9041663512587548,37.5,0.37644551254190317,0.4436004154384136,386.3,0.04228185079024948,42.281850790249486,10
9,H8_K2_Meuler_T0.5_Dmix_visual_aligning.models.visual_af_diffusion.VisualAlphaFlow_VTrue_mpc4_filmv1_Eaf_EPlatest_msgafon005_s6,train,combined_5,False,model_free,unfrozen,0.0,0.0,0.0,0.7,0.9041663512587548,37.5,0.37644551254190317,0.4436004154384136,386.3,0.04228185079024948,42.281850790249486,10
9,H8_K2_Meuler_T0.5_Dmix_visual_aligning.models.visual_af_diffusion.VisualAlphaFlow_VTrue_mpc4_filmv1_Eaf_EPlatest_msgafon005_s6,train,combined_5,False,geo_free,all,0.0,0.0,0.0,0.7,0.9058333337306976,37.1,0.40112180952340737,0.4967954970896244,391.5,0.04953288089014163,49.53288089014163,10
9,H8_K2_Meuler_T0.5_Dmix_visual_aligning.models.visual_af_diffusion.VisualAlphaFlow_VTrue_mpc4_filmv1_Eaf_EPlatest_msgafon005_s6,train,combined_5,False,geo_free,unfrozen,0.0,0.0,0.0,0.7,0.9058333337306976,37.1,0.40112180952340737,0.4967954970896244,391.5,0.04953288089014163,49.53288089014163,10
9,H8_K2_Meuler_T0.5_Dmix_visual_aligning.models.visual_af_diffusion.VisualAlphaFlow_VTrue_mpc4_filmv1_Eaf_EPlatest_msgafon005_s6,train,combined_5,False,bounds_free,all,0.0,0.0,0.0,0.5,0.9354999959468842,25.8,0.452637594586769,0.5225632678717375,400.0,0.047691731870174406,47.69173187017441,10
9,H8_K2_Meuler_T0.5_Dmix_visual_aligning.models.visual_af_diffusion.VisualAlphaFlow_VTrue_mpc4_filmv1_Eaf_EPlatest_msgafon005_s6,train,combined_5,False,bounds_free,unfrozen,0.0,0.0,0.0,0.5,0.9354999959468842,25.8,0.452637594586769,0.5225632678717375,400.0,0.047691731870174406,47.69173187017441,10
9,H8_K2_Meuler_T0.5_Dmix_visual_aligning.models.visual_af_diffusion.VisualAlphaFlow_VTrue_mpc4_filmv1_Eaf_EPlatest_msgafon005_s6,train,combined_5,False,geo_free-bounds_free,all,0.0,0.0,0.0,0.7,0.8342500001192092,66.3,0.4245129037056408,0.9358313668519258,400.0,0.05191093689203262,51.91093689203262,10
9,H8_K2_Meuler_T0.5_Dmix_visual_aligning.models.visual_af_diffusion.VisualAlphaFlow_VTrue_mpc4_filmv1_Eaf_EPlatest_msgafon005_s6,train,combined_5,False,geo_free-bounds_free,unfrozen,0.0,0.0,0.0,0.7,0.8342500001192092,66.3,0.4245129037056408,0.9358313668519258,400.0,0.05191093689203262,51.91093689203262,10
9,H8_K2_Meuler_T0.5_Dmix_visual_aligning.models.visual_af_diffusion.VisualAlphaFlow_VTrue_mpc4_filmv1_Eaf_EPlatest_msgafon005_s6,train,combined_5,False,geo_free-model_free,all,0.0,0.0,0.0,0.7,0.9041663512587548,37.5,0.39560762791815024,0.4436004154384136,386.3,0.03515510847550312,35.15510847550312,10
9,H8_K2_Meuler_T0.5_Dmix_visual_aligning.models.visual_af_diffusion.VisualAlphaFlow_VTrue_mpc4_filmv1_Eaf_EPlatest_msgafon005_s6,train,combined_5,False,geo_free-model_free,unfrozen,0.0,0.0,0.0,0.7,0.9041663512587548,37.5,0.39560762791815024,0.4436004154384136,386.3,0.03515510847550312,35.15510847550312,10
9,H8_K2_Meuler_T0.5_Dmix_visual_aligning.models.visual_af_diffusion.VisualAlphaFlow_VTrue_mpc4_filmv1_Eaf_EPlatest_msgafon005_s6,train,combined_5,False,model_free-bounds_free,all,0.0,0.0,0.0,0.7,0.9041663512587548,37.5,0.37644551254190317,0.4436004154384136,386.3,0.03814976239022408,38.149762390224076,10
9,H8_K2_Meuler_T0.5_Dmix_visual_aligning.models.visual_af_diffusion.VisualAlphaFlow_VTrue_mpc4_filmv1_Eaf_EPlatest_msgafon005_s6,train,combined_5,False,model_free-bounds_free,unfrozen,0.0,0.0,0.0,0.7,0.9041663512587548,37.5,0.37644551254190317,0.4436004154384136,386.3,0.03814976239022408,38.149762390224076,10
9,H8_K2_Meuler_T0.5_Dmix_visual_aligning.models.visual_af_diffusion.VisualAlphaFlow_VTrue_mpc4_filmv1_Eaf_EPlatest_msgafon005_s6,train,combined_5-tightened,True,diffuser,all,0.0,0.0,0.0,0.8,0.9107500001788139,35.7,0.296716474273551,0.33989691073074935,400.0,0.02449135786294937,24.49135786294937,10
9,H8_K2_Meuler_T0.5_Dmix_visual_aligning.models.visual_af_diffusion.VisualAlphaFlow_VTrue_mpc4_filmv1_Eaf_EPlatest_msgafon005_s6,train,combined_5-tightened,True,diffuser,unfrozen,0.0,0.0,0.0,0.7777777777777778,0.9008333335320154,39.666666666666664,0.27202663475496686,0.37727829896741444,400.0,0.027212619847721522,27.212619847721523,9
9,H8_K2_Meuler_T0.5_Dmix_visual_aligning.models.visual_af_diffusion.VisualAlphaFlow_VTrue_mpc4_filmv1_Eaf_EPlatest_msgafon005_s6,train,combined_5-tightened,True,dpcc-r,all,0.0,0.0,0.0,0.9,0.9702499985694886,11.9,0.5477373773447746,0.35335699254646896,400.0,0.06007683324813843,60.07683324813843,10
9,H8_K2_Meuler_T0.5_Dmix_visual_aligning.models.visual_af_diffusion.VisualAlphaFlow_VTrue_mpc4_filmv1_Eaf_EPlatest_msgafon005_s6,train,combined_5-tightened,True,dpcc-r,unfrozen,0.0,0.0,0.0,0.8888888888888888,0.9669444428549873,13.222222222222221,0.5509387492785486,0.3922339454293251,400.0,0.06675203694237603,66.75203694237604,9
9,H8_K2_Meuler_T0.5_Dmix_visual_aligning.models.visual_af_diffusion.VisualAlphaFlow_VTrue_mpc4_filmv1_Eaf_EPlatest_msgafon005_s6,train,combined_5-tightened,True,dpcc-c,all,0.0,0.0,0.0,0.5,0.964000004529953,14.4,0.42963055902008157,0.12830504784360527,400.0,0.06032074266672134,60.320742666721344,10
9,H8_K2_Meuler_T0.5_Dmix_visual_aligning.models.visual_af_diffusion.VisualAlphaFlow_VTrue_mpc4_filmv1_Eaf_EPlatest_msgafon005_s6,train,combined_5-tightened,True,dpcc-c,unfrozen,0.0,0.0,0.0,0.4444444444444444,0.9600000050332811,16.0,0.41970895114000073,0.14217622909280989,400.0,0.06702304740746816,67.02304740746816,9
9,H8_K2_Meuler_T0.5_Dmix_visual_aligning.models.visual_af_diffusion.VisualAlphaFlow_VTrue_mpc4_filmv1_Eaf_EPlatest_msgafon005_s6,train,combined_5-tightened,True,dpcc-t,all,0.0,0.0,0.0,0.8,0.9939999997615814,2.4,0.41169332423637206,0.1444658045656979,400.0,0.04917960470914841,49.17960470914841,10
9,H8_K2_Meuler_T0.5_Dmix_visual_aligning.models.visual_af_diffusion.VisualAlphaFlow_VTrue_mpc4_filmv1_Eaf_EPlatest_msgafon005_s6,train,combined_5-tightened,True,dpcc-t,unfrozen,0.0,0.0,0.0,0.7777777777777778,0.9933333330684238,2.6666666666666665,0.39977869026921237,0.1601326254506906,400.0,0.05464400523238712,54.644005232387116,9
9,H8_K2_Meuler_T0.5_Dmix_visual_aligning.models.visual_af_diffusion.VisualAlphaFlow_VTrue_mpc4_filmv1_Eaf_EPlatest_msgafon005_s6,train,combined_5-tightened,True,dpcc-c-dt0p25,all,0.1,0.1,0.1,0.5,0.8215000003576278,71.4,0.4150731461029552,0.7477264524437487,370.9,0.11754321336144702,117.54321336144702,10
9,H8_K2_Meuler_T0.5_Dmix_visual_aligning.models.visual_af_diffusion.VisualAlphaFlow_VTrue_mpc4_filmv1_Eaf_EPlatest_msgafon005_s6,train,combined_5-tightened,True,dpcc-c-dt0p25,unfrozen,0.1111111111111111,0.1111111111111111,0.1111111111111111,0.4444444444444444,0.801666667064031,79.33333333333333,0.4035340478987492,0.8304222342040803,367.6666666666667,0.1306035704016078,130.60357040160778,9
9,H8_K2_Meuler_T0.5_Dmix_visual_aligning.models.visual_af_diffusion.VisualAlphaFlow_VTrue_mpc4_filmv1_Eaf_EPlatest_msgafon005_s6,train,combined_5-tightened,True,dpcc-c-dt0p5,all,0.0,0.1,0.0,0.7,0.9539999961853027,18.4,0.3518850863173377,0.2857861646451056,400.0,0.06507523638010025,65.07523638010025,10
9,H8_K2_Meuler_T0.5_Dmix_visual_aligning.models.visual_af_diffusion.VisualAlphaFlow_VTrue_mpc4_filmv1_Eaf_EPlatest_msgafon005_s6,train,combined_5-tightened,True,dpcc-c-dt0p5,unfrozen,0.0,0.1111111111111111,0.0,0.6666666666666666,0.9488888846503364,20.444444444444443,0.3333250925813965,0.31715524776114357,400.0,0.0723058182001114,72.30581820011139,9
9,H8_K2_Meuler_T0.5_Dmix_visual_aligning.models.visual_af_diffusion.VisualAlphaFlow_VTrue_mpc4_filmv1_Eaf_EPlatest_msgafon005_s6,train,combined_5-tightened,True,dpcc-c-dt2p0,all,0.0,0.0,0.0,0.6,0.9792500019073487,8.3,0.38918159125561,0.04790108213201165,400.0,0.04833533918857574,48.335339188575745,10
9,H8_K2_Meuler_T0.5_Dmix_visual_aligning.models.visual_af_diffusion.VisualAlphaFlow_VTrue_mpc4_filmv1_Eaf_EPlatest_msgafon005_s6,train,combined_5-tightened,True,dpcc-c-dt2p0,unfrozen,0.0,0.0,0.0,0.5555555555555556,0.9769444465637207,9.222222222222221,0.3747656536239213,0.052838489413261414,400.0,0.05370593243175083,53.705932431750824,9
9,H8_K2_Meuler_T0.5_Dmix_visual_aligning.models.visual_af_diffusion.VisualAlphaFlow_VTrue_mpc4_filmv1_Eaf_EPlatest_msgafon005_s6,train,combined_5-tightened,True,dpcc-c-dt4p0,all,0.0,0.0,0.0,1.0,1.0,0.0,0.39536087515479745,0.05287874946370721,400.0,0.03978251820802688,39.782518208026886,10
9,H8_K2_Meuler_T0.5_Dmix_visual_aligning.models.visual_af_diffusion.VisualAlphaFlow_VTrue_mpc4_filmv1_Eaf_EPlatest_msgafon005_s6,train,combined_5-tightened,True,dpcc-c-dt4p0,unfrozen,0.0,0.0,0.0,1.0,1.0,0.0,0.3816315246230184,0.058369230892923146,400.0,0.04420279800891876,44.20279800891876,9
9,H8_K2_Meuler_T0.5_Dmix_visual_aligning.models.visual_af_diffusion.VisualAlphaFlow_VTrue_mpc4_filmv1_Eaf_EPlatest_msgafon005_s6,train,combined_5-tightened,True,gradient,all,0.0,0.0,0.0,0.6,0.8199999973177909,72.0,0.3114250956056022,0.6408907287754119,400.0,0.026012457847595215,26.012457847595215,10
9,H8_K2_Meuler_T0.5_Dmix_visual_aligning.models.visual_af_diffusion.VisualAlphaFlow_VTrue_mpc4_filmv1_Eaf_EPlatest_msgafon005_s6,train,combined_5-tightened,True,gradient,unfrozen,0.0,0.0,0.0,0.5555555555555556,0.7999999970197678,80.0,0.28836954734613474,0.711715874572595,400.0,0.028902730941772464,28.90273094177246,9
9,H8_K2_Meuler_T0.5_Dmix_visual_aligning.models.visual_af_diffusion.VisualAlphaFlow_VTrue_mpc4_filmv1_Eaf_EPlatest_msgafon005_s6,train,combined_5-tightened,True,post_processing,all,0.0,0.0,0.0,1.0,1.0,0.0,0.4716241856266836,0.25703711891546843,400.0,0.05715650093555451,57.156500935554504,10
9,H8_K2_Meuler_T0.5_Dmix_visual_aligning.models.visual_af_diffusion.VisualAlphaFlow_VTrue_mpc4_filmv1_Eaf_EPlatest_msgafon005_s6,train,combined_5-tightened,True,post_processing,unfrozen,0.0,0.0,0.0,1.0,1.0,0.0,0.46636853625844743,0.2852118636171023,400.0,0.06350722326172724,63.507223261727226,9
9,H8_K2_Meuler_T0.5_Dmix_visual_aligning.models.visual_af_diffusion.VisualAlphaFlow_VTrue_mpc4_filmv1_Eaf_EPlatest_msgafon005_s6,train,combined_5-tightened,True,model_free,all,0.0,0.0,0.0,0.7,0.8887500032782555,44.5,0.3691110502277507,0.49531560773029926,400.0,0.04014828985929489,40.14828985929489,10
9,H8_K2_Meuler_T0.5_Dmix_visual_aligning.models.visual_af_diffusion.VisualAlphaFlow_VTrue_mpc4_filmv1_Eaf_EPlatest_msgafon005_s6,train,combined_5-tightened,True,model_free,unfrozen,0.0,0.0,0.0,0.6666666666666666,0.876388892531395,49.44444444444444,0.35246505248185533,0.5499657400780253,400.0,0.0446092109547721,44.6092109547721,9
9,H8_K2_Meuler_T0.5_Dmix_visual_aligning.models.visual_af_diffusion.VisualAlphaFlow_VTrue_mpc4_filmv1_Eaf_EPlatest_msgafon005_s6,train,combined_5-tightened,True,geo_free,all,0.0,0.0,0.0,0.7,0.9068333327770233,36.7,0.3985218653811697,0.4509944980032742,391.5,0.04373366742073351,43.73366742073351,10
9,H8_K2_Meuler_T0.5_Dmix_visual_aligning.models.visual_af_diffusion.VisualAlphaFlow_VTrue_mpc4_filmv1_Eaf_EPlatest_msgafon005_s6,train,combined_5-tightened,True,geo_free,unfrozen,0.0,0.0,0.0,0.6666666666666666,0.8964814808633592,40.77777777777778,0.3851437359856542,0.5007200626035532,390.55555555555554,0.04859296380081501,48.592963800815006,9
9,H8_K2_Meuler_T0.5_Dmix_visual_aligning.models.visual_af_diffusion.VisualAlphaFlow_VTrue_mpc4_filmv1_Eaf_EPlatest_msgafon005_s6,train,combined_5-tightened,True,bounds_free,all,0.0,0.0,0.0,0.9,0.9949999988079071,2.0,0.4391503398253412,0.3843795464374125,400.0,0.04479266166687011,44.79266166687012,10
9,H8_K2_Meuler_T0.5_Dmix_visual_aligning.models.visual_af_diffusion.VisualAlphaFlow_VTrue_mpc4_filmv1_Eaf_EPlatest_msgafon005_s6,train,combined_5-tightened,True,bounds_free,unfrozen,0.0,0.0,0.0,0.8888888888888888,0.9944444431198968,2.2222222222222223,0.43028648536806696,0.42670344975259566,400.0,0.04976962407430013,49.76962407430013,9
9,H8_K2_Meuler_T0.5_Dmix_visual_aligning.models.visual_af_diffusion.VisualAlphaFlow_VTrue_mpc4_filmv1_Eaf_EPlatest_msgafon005_s6,train,combined_5-tightened,True,geo_free-bounds_free,all,0.0,0.0,0.0,0.7,0.9054999992251396,37.8,0.3954863678759573,0.6131977179087699,400.0,0.04226194435358047,42.261944353580475,10
9,H8_K2_Meuler_T0.5_Dmix_visual_aligning.models.visual_af_diffusion.VisualAlphaFlow_VTrue_mpc4_filmv1_Eaf_EPlatest_msgafon005_s6,train,combined_5-tightened,True,geo_free-bounds_free,unfrozen,0.0,0.0,0.0,0.6666666666666666,0.894999999139044,42.0,0.3817709609798627,0.6809458624985483,400.0,0.04695771594842275,46.95771594842275,9
9,H8_K2_Meuler_T0.5_Dmix_visual_aligning.models.visual_af_diffusion.VisualAlphaFlow_VTrue_mpc4_filmv1_Eaf_EPlatest_msgafon005_s6,train,combined_5-tightened,True,geo_free-model_free,all,0.0,0.0,0.0,0.7,0.8887500032782555,44.5,0.3533233369275853,0.49531560773029926,400.0,0.03155659180879593,31.55659180879593,10
9,H8_K2_Meuler_T0.5_Dmix_visual_aligning.models.visual_af_diffusion.VisualAlphaFlow_VTrue_mpc4_filmv1_Eaf_EPlatest_msgafon005_s6,train,combined_5-tightened,True,geo_free-model_free,unfrozen,0.0,0.0,0.0,0.6666666666666666,0.876388892531395,49.44444444444444,0.33492314881500485,0.5499657400780253,400.0,0.035062879787551036,35.06287978755103,9
9,H8_K2_Meuler_T0.5_Dmix_visual_aligning.models.visual_af_diffusion.VisualAlphaFlow_VTrue_mpc4_filmv1_Eaf_EPlatest_msgafon005_s6,train,combined_5-tightened,True,model_free-bounds_free,all,0.0,0.0,0.0,0.7,0.8887500032782555,44.5,0.38267387309507417,0.49531560773029926,400.0,0.03641192090511322,36.41192090511322,10
9,H8_K2_Meuler_T0.5_Dmix_visual_aligning.models.visual_af_diffusion.VisualAlphaFlow_VTrue_mpc4_filmv1_Eaf_EPlatest_msgafon005_s6,train,combined_5-tightened,True,model_free-bounds_free,unfrozen,0.0,0.0,0.0,0.6666666666666666,0.876388892531395,49.44444444444444,0.36753485566777033,0.5499657400780253,400.0,0.04045768989457024,40.457689894570244,9
10,H8_K20_Meuler_T0.2_Dmix_visual_aligning.models.visual_af_diffusion.VisualAlphaFlow_VTrue_mpc4_filmv1_Eaf_EPlatest_msgafon02_s6,train,combined_5,False,diffuser,all,0.1,0.1,0.0,0.1,0.6199123904109001,136.3,0.42681382017247105,1.154718216508627,321.8,0.18910931142251605,189.10931142251604,10
10,H8_K20_Meuler_T0.2_Dmix_visual_aligning.models.visual_af_diffusion.VisualAlphaFlow_VTrue_mpc4_filmv1_Eaf_EPlatest_msgafon02_s6,train,combined_5,False,diffuser,unfrozen,0.1,0.1,0.0,0.1,0.6199123904109001,136.3,0.42681382017247105,1.154718216508627,321.8,0.18910931142251605,189.10931142251604,10
10,H8_K20_Meuler_T0.2_Dmix_visual_aligning.models.visual_af_diffusion.VisualAlphaFlow_VTrue_mpc4_filmv1_Eaf_EPlatest_msgafon02_s6,train,combined_5,False,dpcc-r,all,0.0,0.0,0.0,0.3,0.7594999998807908,96.2,0.4662446535622233,0.33639170937240126,400.0,0.3405279473662376,340.52794736623764,10
10,H8_K20_Meuler_T0.2_Dmix_visual_aligning.models.visual_af_diffusion.VisualAlphaFlow_VTrue_mpc4_filmv1_Eaf_EPlatest_msgafon02_s6,train,combined_5,False,dpcc-r,unfrozen,0.0,0.0,0.0,0.3,0.7594999998807908,96.2,0.4662446535622233,0.33639170937240126,400.0,0.3405279473662376,340.52794736623764,10
10,H8_K20_Meuler_T0.2_Dmix_visual_aligning.models.visual_af_diffusion.VisualAlphaFlow_VTrue_mpc4_filmv1_Eaf_EPlatest_msgafon02_s6,train,combined_5,False,dpcc-c,all,0.0,0.0,0.0,0.2,0.6998681366443634,118.5,0.45226961552594347,0.336163592338562,396.4,0.48761226734773516,487.61226734773516,10
10,H8_K20_Meuler_T0.2_Dmix_visual_aligning.models.visual_af_diffusion.VisualAlphaFlow_VTrue_mpc4_filmv1_Eaf_EPlatest_msgafon02_s6,train,combined_5,False,dpcc-c,unfrozen,0.0,0.0,0.0,0.2,0.6998681366443634,118.5,0.45226961552594347,0.336163592338562,396.4,0.48761226734773516,487.61226734773516,10
10,H8_K20_Meuler_T0.2_Dmix_visual_aligning.models.visual_af_diffusion.VisualAlphaFlow_VTrue_mpc4_filmv1_Eaf_EPlatest_msgafon02_s6,train,combined_5,False,dpcc-t,all,0.0,0.0,0.0,0.3,0.752999997138977,98.8,0.45030271127586186,0.4960517890751362,400.0,0.3735712701678276,373.5712701678276,10
10,H8_K20_Meuler_T0.2_Dmix_visual_aligning.models.visual_af_diffusion.VisualAlphaFlow_VTrue_mpc4_filmv1_Eaf_EPlatest_msgafon02_s6,train,combined_5,False,dpcc-t,unfrozen,0.0,0.0,0.0,0.3,0.752999997138977,98.8,0.45030271127586186,0.4960517890751362,400.0,0.3735712701678276,373.5712701678276,10
10,H8_K20_Meuler_T0.2_Dmix_visual_aligning.models.visual_af_diffusion.VisualAlphaFlow_VTrue_mpc4_filmv1_Eaf_EPlatest_msgafon02_s6,train,combined_5,False,dpcc-c-dt0p25,all,0.0,0.0,0.0,0.0,0.6710000038146973,131.6,0.5036283070585037,1.0507696576416492,400.0,0.494463425219059,494.463425219059,10
10,H8_K20_Meuler_T0.2_Dmix_visual_aligning.models.visual_af_diffusion.VisualAlphaFlow_VTrue_mpc4_filmv1_Eaf_EPlatest_msgafon02_s6,train,combined_5,False,dpcc-c-dt0p25,unfrozen,0.0,0.0,0.0,0.0,0.6710000038146973,131.6,0.5036283070585037,1.0507696576416492,400.0,0.494463425219059,494.463425219059,10
10,H8_K20_Meuler_T0.2_Dmix_visual_aligning.models.visual_af_diffusion.VisualAlphaFlow_VTrue_mpc4_filmv1_Eaf_EPlatest_msgafon02_s6,train,combined_5,False,dpcc-c-dt0p5,all,0.0,0.0,0.0,0.0,0.6112500071525574,155.5,0.3757217862869811,0.9632988113909959,400.0,0.46023856914043426,460.23856914043427,10
10,H8_K20_Meuler_T0.2_Dmix_visual_aligning.models.visual_af_diffusion.VisualAlphaFlow_VTrue_mpc4_filmv1_Eaf_EPlatest_msgafon02_s6,train,combined_5,False,dpcc-c-dt0p5,unfrozen,0.0,0.0,0.0,0.0,0.6112500071525574,155.5,0.3757217862869811,0.9632988113909959,400.0,0.46023856914043426,460.23856914043427,10
10,H8_K20_Meuler_T0.2_Dmix_visual_aligning.models.visual_af_diffusion.VisualAlphaFlow_VTrue_mpc4_filmv1_Eaf_EPlatest_msgafon02_s6,train,combined_5,False,dpcc-c-dt2p0,all,0.0,0.0,0.0,0.1,0.6417500019073487,143.3,0.4052143958081385,0.14227599389851092,400.0,0.36885242819786074,368.8524281978607,10
10,H8_K20_Meuler_T0.2_Dmix_visual_aligning.models.visual_af_diffusion.VisualAlphaFlow_VTrue_mpc4_filmv1_Eaf_EPlatest_msgafon02_s6,train,combined_5,False,dpcc-c-dt2p0,unfrozen,0.0,0.0,0.0,0.1,0.6417500019073487,143.3,0.4052143958081385,0.14227599389851092,400.0,0.36885242819786074,368.8524281978607,10
10,H8_K20_Meuler_T0.2_Dmix_visual_aligning.models.visual_af_diffusion.VisualAlphaFlow_VTrue_mpc4_filmv1_Eaf_EPlatest_msgafon02_s6,train,combined_5,False,dpcc-c-dt4p0,all,0.0,0.0,0.0,0.0,0.6475000083446503,141.0,0.3891815912574757,0.044503493793308736,400.0,0.277378010392189,277.378010392189,10
10,H8_K20_Meuler_T0.2_Dmix_visual_aligning.models.visual_af_diffusion.VisualAlphaFlow_VTrue_mpc4_filmv1_Eaf_EPlatest_msgafon02_s6,train,combined_5,False,dpcc-c-dt4p0,unfrozen,0.0,0.0,0.0,0.0,0.6475000083446503,141.0,0.3891815912574757,0.044503493793308736,400.0,0.277378010392189,277.378010392189,10
10,H8_K20_Meuler_T0.2_Dmix_visual_aligning.models.visual_af_diffusion.VisualAlphaFlow_VTrue_mpc4_filmv1_Eaf_EPlatest_msgafon02_s6,train,combined_5,False,gradient,all,0.0,0.1,0.0,0.1,0.6726444691419602,109.8,0.38063337663639846,0.9648233454674482,295.2,0.19620884334309455,196.20884334309454,10
10,H8_K20_Meuler_T0.2_Dmix_visual_aligning.models.visual_af_diffusion.VisualAlphaFlow_VTrue_mpc4_filmv1_Eaf_EPlatest_msgafon02_s6,train,combined_5,False,gradient,unfrozen,0.0,0.1,0.0,0.1,0.6726444691419602,109.8,0.38063337663639846,0.9648233454674482,295.2,0.19620884334309455,196.20884334309454,10
10,H8_K20_Meuler_T0.2_Dmix_visual_aligning.models.visual_af_diffusion.VisualAlphaFlow_VTrue_mpc4_filmv1_Eaf_EPlatest_msgafon02_s6,train,combined_5,False,post_processing,all,0.0,0.0,0.0,0.3,0.7827499985694886,86.9,0.42245449595945067,0.2946501951664686,400.0,0.22187020277976993,221.8702027797699,10
10,H8_K20_Meuler_T0.2_Dmix_visual_aligning.models.visual_af_diffusion.VisualAlphaFlow_VTrue_mpc4_filmv1_Eaf_EPlatest_msgafon02_s6,train,combined_5,False,post_processing,unfrozen,0.0,0.0,0.0,0.3,0.7827499985694886,86.9,0.42245449595945067,0.2946501951664686,400.0,0.22187020277976993,221.8702027797699,10
10,H8_K20_Meuler_T0.2_Dmix_visual_aligning.models.visual_af_diffusion.VisualAlphaFlow_VTrue_mpc4_filmv1_Eaf_EPlatest_msgafon02_s6,train,combined_5,False,model_free,all,0.0,0.0,0.0,0.2,0.6636687844991684,129.2,0.4287494975824086,1.2317548951134085,367.7,0.24393101368419065,243.93101368419062,10
10,H8_K20_Meuler_T0.2_Dmix_visual_aligning.models.visual_af_diffusion.VisualAlphaFlow_VTrue_mpc4_filmv1_Eaf_EPlatest_msgafon02_s6,train,combined_5,False,model_free,unfrozen,0.0,0.0,0.0,0.2,0.6636687844991684,129.2,0.4287494975824086,1.2317548951134085,367.7,0.24393101368419065,243.93101368419062,10
10,H8_K20_Meuler_T0.2_Dmix_visual_aligning.models.visual_af_diffusion.VisualAlphaFlow_VTrue_mpc4_filmv1_Eaf_EPlatest_msgafon02_s6,train,combined_5,False,geo_free,all,0.0,0.0,0.0,0.1,0.6821749627590179,109.3,0.4398328296328463,0.5682472739368677,329.9,0.2467525736489288,246.75257364892883,10
10,H8_K20_Meuler_T0.2_Dmix_visual_aligning.models.visual_af_diffusion.VisualAlphaFlow_VTrue_mpc4_filmv1_Eaf_EPlatest_msgafon02_s6,train,combined_5,False,geo_free,unfrozen,0.0,0.0,0.0,0.1,0.6821749627590179,109.3,0.4398328296328463,0.5682472739368677,329.9,0.2467525736489288,246.75257364892883,10
10,H8_K20_Meuler_T0.2_Dmix_visual_aligning.models.visual_af_diffusion.VisualAlphaFlow_VTrue_mpc4_filmv1_Eaf_EPlatest_msgafon02_s6,train,combined_5,False,bounds_free,all,0.0,0.0,0.0,0.2,0.7457500040531159,101.7,0.4058647047362097,0.3767937920987606,400.0,0.40504308712482456,405.0430871248245,10
10,H8_K20_Meuler_T0.2_Dmix_visual_aligning.models.visual_af_diffusion.VisualAlphaFlow_VTrue_mpc4_filmv1_Eaf_EPlatest_msgafon02_s6,train,combined_5,False,bounds_free,unfrozen,0.0,0.0,0.0,0.2,0.7457500040531159,101.7,0.4058647047362097,0.3767937920987606,400.0,0.40504308712482456,405.0430871248245,10
10,H8_K20_Meuler_T0.2_Dmix_visual_aligning.models.visual_af_diffusion.VisualAlphaFlow_VTrue_mpc4_filmv1_Eaf_EPlatest_msgafon02_s6,train,combined_5,False,geo_free-bounds_free,all,0.0,0.0,0.0,0.1,0.685272590816021,104.2,0.3932967448169856,0.49959953501820564,307.2,0.23427068244245447,234.27068244245447,10
10,H8_K20_Meuler_T0.2_Dmix_visual_aligning.models.visual_af_diffusion.VisualAlphaFlow_VTrue_mpc4_filmv1_Eaf_EPlatest_msgafon02_s6,train,combined_5,False,geo_free-bounds_free,unfrozen,0.0,0.0,0.0,0.1,0.685272590816021,104.2,0.3932967448169856,0.49959953501820564,307.2,0.23427068244245447,234.27068244245447,10
10,H8_K20_Meuler_T0.2_Dmix_visual_aligning.models.visual_af_diffusion.VisualAlphaFlow_VTrue_mpc4_filmv1_Eaf_EPlatest_msgafon02_s6,train,combined_5,False,geo_free-model_free,all,0.0,0.1,0.0,0.1,0.5765886351466178,153.0,0.4471218714049848,1.1852100770920515,321.0,0.22075723290895605,220.75723290895604,10
10,H8_K20_Meuler_T0.2_Dmix_visual_aligning.models.visual_af_diffusion.VisualAlphaFlow_VTrue_mpc4_filmv1_Eaf_EPlatest_msgafon02_s6,train,combined_5,False,geo_free-model_free,unfrozen,0.0,0.1,0.0,0.1,0.5765886351466178,153.0,0.4471218714049848,1.1852100770920515,321.0,0.22075723290895605,220.75723290895604,10
10,H8_K20_Meuler_T0.2_Dmix_visual_aligning.models.visual_af_diffusion.VisualAlphaFlow_VTrue_mpc4_filmv1_Eaf_EPlatest_msgafon02_s6,train,combined_5,False,model_free-bounds_free,all,0.0,0.0,0.0,0.1,0.6775549590587616,111.4,0.39314932814416526,1.3121950337663293,322.9,0.23621934198371491,236.2193419837149,10
10,H8_K20_Meuler_T0.2_Dmix_visual_aligning.models.visual_af_diffusion.VisualAlphaFlow_VTrue_mpc4_filmv1_Eaf_EPlatest_msgafon02_s6,train,combined_5,False,model_free-bounds_free,unfrozen,0.0,0.0,0.0,0.1,0.6775549590587616,111.4,0.39314932814416526,1.3121950337663293,322.9,0.23621934198371491,236.2193419837149,10
10,H8_K20_Meuler_T0.2_Dmix_visual_aligning.models.visual_af_diffusion.VisualAlphaFlow_VTrue_mpc4_filmv1_Eaf_EPlatest_msgafon02_s6,train,combined_5-tightened,True,diffuser,all,0.1,0.1,0.0,0.2,0.6454634055495262,127.4,0.4205436062644757,0.8935086143203079,321.5,0.17084645657833858,170.8464565783386,10
10,H8_K20_Meuler_T0.2_Dmix_visual_aligning.models.visual_af_diffusion.VisualAlphaFlow_VTrue_mpc4_filmv1_Eaf_EPlatest_msgafon02_s6,train,combined_5-tightened,True,diffuser,unfrozen,0.1111111111111111,0.1111111111111111,0.0,0.1111111111111111,0.6060704506105847,141.55555555555554,0.4096123369671053,0.992402414066924,312.77777777777777,0.18982939619815398,189.829396198154,9
10,H8_K20_Meuler_T0.2_Dmix_visual_aligning.models.visual_af_diffusion.VisualAlphaFlow_VTrue_mpc4_filmv1_Eaf_EPlatest_msgafon02_s6,train,combined_5-tightened,True,dpcc-r,all,0.0,0.0,0.0,0.4,0.8885000020265579,44.6,0.45473855562186927,0.4192769014276564,400.0,0.41575229650735857,415.75229650735855,10
10,H8_K20_Meuler_T0.2_Dmix_visual_aligning.models.visual_af_diffusion.VisualAlphaFlow_VTrue_mpc4_filmv1_Eaf_EPlatest_msgafon02_s6,train,combined_5-tightened,True,dpcc-r,unfrozen,0.0,0.0,0.0,0.3333333333333333,0.8761111133628421,49.55555555555556,0.4476067251419871,0.4654782886306445,400.0,0.4619469961192873,461.9469961192873,9
10,H8_K20_Meuler_T0.2_Dmix_visual_aligning.models.visual_af_diffusion.VisualAlphaFlow_VTrue_mpc4_filmv1_Eaf_EPlatest_msgafon02_s6,train,combined_5-tightened,True,dpcc-c,all,0.0,0.0,0.0,0.5,0.97325000166893,10.7,0.4067254920824933,0.09961082572117448,400.0,0.31142044681310654,311.42044681310654,10
10,H8_K20_Meuler_T0.2_Dmix_visual_aligning.models.visual_af_diffusion.VisualAlphaFlow_VTrue_mpc4_filmv1_Eaf_EPlatest_msgafon02_s6,train,combined_5-tightened,True,dpcc-c,unfrozen,0.0,0.0,0.0,0.4444444444444444,0.9702777796321445,11.88888888888889,0.3942588767649027,0.11029376006788677,400.0,0.34602271868122947,346.0227186812295,9
10,H8_K20_Meuler_T0.2_Dmix_visual_aligning.models.visual_af_diffusion.VisualAlphaFlow_VTrue_mpc4_filmv1_Eaf_EPlatest_msgafon02_s6,train,combined_5-tightened,True,dpcc-t,all,0.0,0.0,0.0,0.6,0.94200000166893,23.2,0.42991668831094215,0.3679382328875363,400.0,0.32050656348466877,320.50656348466873,10
10,H8_K20_Meuler_T0.2_Dmix_visual_aligning.models.visual_af_diffusion.VisualAlphaFlow_VTrue_mpc4_filmv1_Eaf_EPlatest_msgafon02_s6,train,combined_5-tightened,True,dpcc-t,unfrozen,0.0,0.0,0.0,0.5555555555555556,0.9355555574099222,25.77777777777778,0.4200268725742904,0.40843532358606655,400.0,0.35611840387185417,356.1184038718541,9
10,H8_K20_Meuler_T0.2_Dmix_visual_aligning.models.visual_af_diffusion.VisualAlphaFlow_VTrue_mpc4_filmv1_Eaf_EPlatest_msgafon02_s6,train,combined_5-tightened,True,dpcc-c-dt0p25,all,0.0,0.0,0.0,0.6,0.8120000004768372,75.2,0.4803252529244209,0.8770480907522142,400.0,0.44266013884544375,442.6601388454437,10
10,H8_K20_Meuler_T0.2_Dmix_visual_aligning.models.visual_af_diffusion.VisualAlphaFlow_VTrue_mpc4_filmv1_Eaf_EPlatest_msgafon02_s6,train,combined_5-tightened,True,dpcc-c-dt0p25,unfrozen,0.0,0.0,0.0,0.5555555555555556,0.7911111116409302,83.55555555555556,0.47603638881148885,0.9741129434357086,400.0,0.4918445987171597,491.84459871715967,9
10,H8_K20_Meuler_T0.2_Dmix_visual_aligning.models.visual_af_diffusion.VisualAlphaFlow_VTrue_mpc4_filmv1_Eaf_EPlatest_msgafon02_s6,train,combined_5-tightened,True,dpcc-c-dt0p5,all,0.0,0.0,0.0,0.7,0.9172500014305115,33.1,0.43228242015786755,0.6082616583444178,400.0,0.4402260935306549,440.2260935306549,10
10,H8_K20_Meuler_T0.2_Dmix_visual_aligning.models.visual_af_diffusion.VisualAlphaFlow_VTrue_mpc4_filmv1_Eaf_EPlatest_msgafon02_s6,train,combined_5-tightened,True,dpcc-c-dt0p5,unfrozen,0.0,0.0,0.0,0.6666666666666666,0.9080555571450127,36.77777777777778,0.4226554635153185,0.6754613518714905,400.0,0.4891401039229499,489.1401039229499,9
10,H8_K20_Meuler_T0.2_Dmix_visual_aligning.models.visual_af_diffusion.VisualAlphaFlow_VTrue_mpc4_filmv1_Eaf_EPlatest_msgafon02_s6,train,combined_5-tightened,True,dpcc-c-dt2p0,all,0.0,0.0,0.0,0.3,0.9722174346446991,10.9,0.37503220451461916,0.13733202451840043,386.1,0.31014508444070815,310.14508444070816,10
10,H8_K20_Meuler_T0.2_Dmix_visual_aligning.models.visual_af_diffusion.VisualAlphaFlow_VTrue_mpc4_filmv1_Eaf_EPlatest_msgafon02_s6,train,combined_5-tightened,True,dpcc-c-dt2p0,unfrozen,0.0,0.0,0.0,0.2222222222222222,0.9691304829385545,12.11111111111111,0.359044112800598,0.1522062031759156,384.55555555555554,0.3446056493785646,344.60564937856464,9
10,H8_K20_Meuler_T0.2_Dmix_visual_aligning.models.visual_af_diffusion.VisualAlphaFlow_VTrue_mpc4_filmv1_Eaf_EPlatest_msgafon02_s6,train,combined_5-tightened,True,dpcc-c-dt4p0,all,0.0,0.0,0.0,0.9,0.9819999992847442,7.2,0.38918159124954954,0.03788774674758315,400.0,0.25373964363336565,253.73964363336563,10
10,H8_K20_Meuler_T0.2_Dmix_visual_aligning.models.visual_af_diffusion.VisualAlphaFlow_VTrue_mpc4_filmv1_Eaf_EPlatest_msgafon02_s6,train,combined_5-tightened,True,dpcc-c-dt4p0,unfrozen,0.0,0.0,0.0,0.8888888888888888,0.9799999992052714,8.0,0.37476565361718733,0.041712561208340854,400.0,0.28193293737040626,281.93293737040625,9
10,H8_K20_Meuler_T0.2_Dmix_visual_aligning.models.visual_af_diffusion.VisualAlphaFlow_VTrue_mpc4_filmv1_Eaf_EPlatest_msgafon02_s6,train,combined_5-tightened,True,gradient,all,0.1,0.1,0.0,0.4,0.694661058485508,118.5,0.37970540082406135,1.3511949543841184,372.1,0.1770652373476702,177.0652373476702,10
10,H8_K20_Meuler_T0.2_Dmix_visual_aligning.models.visual_af_diffusion.VisualAlphaFlow_VTrue_mpc4_filmv1_Eaf_EPlatest_msgafon02_s6,train,combined_5-tightened,True,gradient,unfrozen,0.1111111111111111,0.1111111111111111,0.0,0.3333333333333333,0.6607345094283422,131.66666666666666,0.3642365531444227,1.5009427919156022,369.0,0.19673915260852246,196.73915260852243,9
10,H8_K20_Meuler_T0.2_Dmix_visual_aligning.models.visual_af_diffusion.VisualAlphaFlow_VTrue_mpc4_filmv1_Eaf_EPlatest_msgafon02_s6,train,combined_5-tightened,True,post_processing,all,0.0,0.0,0.0,0.8,0.9730000019073486,10.8,0.4755640576237954,0.3441208266653121,400.0,0.20116574555635452,201.16574555635452,10
10,H8_K20_Meuler_T0.2_Dmix_visual_aligning.models.visual_af_diffusion.VisualAlphaFlow_VTrue_mpc4_filmv1_Eaf_EPlatest_msgafon02_s6,train,combined_5-tightened,True,post_processing,unfrozen,0.0,0.0,0.0,0.7777777777777778,0.9700000021192763,12.0,0.47074617181079387,0.3819715388947063,400.0,0.22351749506261612,223.51749506261615,9
10,H8_K20_Meuler_T0.2_Dmix_visual_aligning.models.visual_af_diffusion.VisualAlphaFlow_VTrue_mpc4_filmv1_Eaf_EPlatest_msgafon02_s6,train,combined_5-tightened,True,model_free,all,0.0,0.0,0.0,0.4,0.743111501634121,90.9,0.4229433142005933,0.6831803628243506,338.1,0.22119002688793574,221.19002688793572,10
10,H8_K20_Meuler_T0.2_Dmix_visual_aligning.models.visual_af_diffusion.VisualAlphaFlow_VTrue_mpc4_filmv1_Eaf_EPlatest_msgafon02_s6,train,combined_5-tightened,True,model_free,unfrozen,0.0,0.0,0.0,0.3333333333333333,0.7145683351490233,101.0,0.41227867911834704,0.7587043568491936,331.22222222222223,0.24576669654215083,245.76669654215078,9
10,H8_K20_Meuler_T0.2_Dmix_visual_aligning.models.visual_af_diffusion.VisualAlphaFlow_VTrue_mpc4_filmv1_Eaf_EPlatest_msgafon02_s6,train,combined_5-tightened,True,geo_free,all,0.0,0.0,0.0,0.2,0.7552363127470016,80.3,0.4143160966456955,0.4032211170531809,329.7,0.2162864598829267,216.2864598829267,10
10,H8_K20_Meuler_T0.2_Dmix_visual_aligning.models.visual_af_diffusion.VisualAlphaFlow_VTrue_mpc4_filmv1_Eaf_EPlatest_msgafon02_s6,train,combined_5-tightened,True,geo_free,unfrozen,0.0,0.0,0.0,0.1111111111111111,0.7280403474966685,89.22222222222223,0.4026928818351274,0.4476385282145606,321.8888888888889,0.24031828875880745,240.31828875880743,9
10,H8_K20_Meuler_T0.2_Dmix_visual_aligning.models.visual_af_diffusion.VisualAlphaFlow_VTrue_mpc4_filmv1_Eaf_EPlatest_msgafon02_s6,train,combined_5-tightened,True,bounds_free,all,0.0,0.0,0.0,0.3,0.9578656256198883,16.4,0.3745801749617268,0.21957325572147965,373.5,0.3636105902157455,363.61059021574545,10
10,H8_K20_Meuler_T0.2_Dmix_visual_aligning.models.visual_af_diffusion.VisualAlphaFlow_VTrue_mpc4_filmv1_Eaf_EPlatest_msgafon02_s6,train,combined_5-tightened,True,bounds_free,unfrozen,0.0,0.0,0.0,0.2222222222222222,0.9531840284665426,18.22222222222222,0.3585418577418288,0.24358534895711476,370.55555555555554,0.4040117669063839,404.01176690638385,9
10,H8_K20_Meuler_T0.2_Dmix_visual_aligning.models.visual_af_diffusion.VisualAlphaFlow_VTrue_mpc4_filmv1_Eaf_EPlatest_msgafon02_s6,train,combined_5-tightened,True,geo_free-bounds_free,all,0.0,0.0,0.0,0.2,0.7365747496485711,89.5,0.38294192953227524,0.3511159156449139,333.3,0.2075908859906292,207.5908859906292,10
10,H8_K20_Meuler_T0.2_Dmix_visual_aligning.models.visual_af_diffusion.VisualAlphaFlow_VTrue_mpc4_filmv1_Eaf_EPlatest_msgafon02_s6,train,combined_5-tightened,True,geo_free-bounds_free,unfrozen,0.0,0.0,0.0,0.1111111111111111,0.7073052773873011,99.44444444444444,0.3678326961535493,0.3897438599831528,325.8888888888889,0.23065653998958802,230.656539989588,9
10,H8_K20_Meuler_T0.2_Dmix_visual_aligning.models.visual_af_diffusion.VisualAlphaFlow_VTrue_mpc4_filmv1_Eaf_EPlatest_msgafon02_s6,train,combined_5-tightened,True,geo_free-model_free,all,0.0,0.1,0.0,0.3,0.6605886355042457,126.0,0.41759568738665187,0.9266741675324738,347.4,0.1972940872197346,197.29408721973462,10
10,H8_K20_Meuler_T0.2_Dmix_visual_aligning.models.visual_af_diffusion.VisualAlphaFlow_VTrue_mpc4_filmv1_Eaf_EPlatest_msgafon02_s6,train,combined_5-tightened,True,geo_free-model_free,unfrozen,0.0,0.1111111111111111,0.0,0.2222222222222222,0.6228762616713842,140.0,0.40633687154730114,1.0292530287471082,341.55555555555554,0.21921565246637179,219.2156524663718,9
10,H8_K20_Meuler_T0.2_Dmix_visual_aligning.models.visual_af_diffusion.VisualAlphaFlow_VTrue_mpc4_filmv1_Eaf_EPlatest_msgafon02_s6,train,combined_5-tightened,True,model_free-bounds_free,all,0.0,0.1,0.0,0.2,0.7678090304136276,78.8,0.3480630031788972,0.7635442779399455,321.2,0.2135114247600171,213.51142476001715,10
10,H8_K20_Meuler_T0.2_Dmix_visual_aligning.models.visual_af_diffusion.VisualAlphaFlow_VTrue_mpc4_filmv1_Eaf_EPlatest_msgafon02_s6,train,combined_5-tightened,True,model_free-bounds_free,unfrozen,0.0,0.1111111111111111,0.0,0.1111111111111111,0.7420100337929196,87.55555555555556,0.3290783335386848,0.8479975958665212,312.44444444444446,0.23723491640001904,237.23491640001905,9
11,H8_K2_Meuler_T0.5_Dmix_visual_aligning.models.visual_af_diffusion.VisualAlphaFlow_VTrue_mpc4_filmv1_Eaf_EPlatest_msgafon02_s6,train,combined_5,False,diffuser,all,0.1,0.1,0.0,0.1,0.5652342081069947,159.2,0.383219745423711,1.0811839044094085,321.2,0.028666415644904315,28.666415644904315,10
11,H8_K2_Meuler_T0.5_Dmix_visual_aligning.models.visual_af_diffusion.VisualAlphaFlow_VTrue_mpc4_filmv1_Eaf_EPlatest_msgafon02_s6,train,combined_5,False,diffuser,unfrozen,0.1,0.1,0.0,0.1,0.5652342081069947,159.2,0.383219745423711,1.0811839044094085,321.2,0.028666415644904315,28.666415644904315,10
11,H8_K2_Meuler_T0.5_Dmix_visual_aligning.models.visual_af_diffusion.VisualAlphaFlow_VTrue_mpc4_filmv1_Eaf_EPlatest_msgafon02_s6,train,combined_5,False,dpcc-r,all,0.0,0.0,0.0,0.2,0.7458265334367752,101.3,0.4564321611879204,0.18450350724160672,399.2,0.0625291401832305,62.529140183230496,10
11,H8_K2_Meuler_T0.5_Dmix_visual_aligning.models.visual_af_diffusion.VisualAlphaFlow_VTrue_mpc4_filmv1_Eaf_EPlatest_msgafon02_s6,train,combined_5,False,dpcc-r,unfrozen,0.0,0.0,0.0,0.2,0.7458265334367752,101.3,0.4564321611879204,0.18450350724160672,399.2,0.0625291401832305,62.529140183230496,10
11,H8_K2_Meuler_T0.5_Dmix_visual_aligning.models.visual_af_diffusion.VisualAlphaFlow_VTrue_mpc4_filmv1_Eaf_EPlatest_msgafon02_s6,train,combined_5,False,dpcc-c,all,0.0,0.0,0.0,0.1,0.6863372087478637,122.6,0.4003436642228107,0.24176973141729832,394.4,0.06757570450820312,67.57570450820312,10
11,H8_K2_Meuler_T0.5_Dmix_visual_aligning.models.visual_af_diffusion.VisualAlphaFlow_VTrue_mpc4_filmv1_Eaf_EPlatest_msgafon02_s6,train,combined_5,False,dpcc-c,unfrozen,0.0,0.0,0.0,0.1,0.6863372087478637,122.6,0.4003436642228107,0.24176973141729832,394.4,0.06757570450820312,67.57570450820312,10
11,H8_K2_Meuler_T0.5_Dmix_visual_aligning.models.visual_af_diffusion.VisualAlphaFlow_VTrue_mpc4_filmv1_Eaf_EPlatest_msgafon02_s6,train,combined_5,False,dpcc-t,all,0.0,0.0,0.0,0.3,0.7540000021457672,98.4,0.39799150306572484,0.18051740825176238,400.0,0.05292018395662308,52.92018395662308,10
11,H8_K2_Meuler_T0.5_Dmix_visual_aligning.models.visual_af_diffusion.VisualAlphaFlow_VTrue_mpc4_filmv1_Eaf_EPlatest_msgafon02_s6,train,combined_5,False,dpcc-t,unfrozen,0.0,0.0,0.0,0.3,0.7540000021457672,98.4,0.39799150306572484,0.18051740825176238,400.0,0.05292018395662308,52.92018395662308,10
11,H8_K2_Meuler_T0.5_Dmix_visual_aligning.models.visual_af_diffusion.VisualAlphaFlow_VTrue_mpc4_filmv1_Eaf_EPlatest_msgafon02_s6,train,combined_5,False,dpcc-c-dt0p25,all,0.0,0.0,0.0,0.1,0.6800000071525574,128.0,0.3851167692071169,0.5551867857575417,400.0,0.0747860671877861,74.7860671877861,10
11,H8_K2_Meuler_T0.5_Dmix_visual_aligning.models.visual_af_diffusion.VisualAlphaFlow_VTrue_mpc4_filmv1_Eaf_EPlatest_msgafon02_s6,train,combined_5,False,dpcc-c-dt0p25,unfrozen,0.0,0.0,0.0,0.1,0.6800000071525574,128.0,0.3851167692071169,0.5551867857575417,400.0,0.0747860671877861,74.7860671877861,10
11,H8_K2_Meuler_T0.5_Dmix_visual_aligning.models.visual_af_diffusion.VisualAlphaFlow_VTrue_mpc4_filmv1_Eaf_EPlatest_msgafon02_s6,train,combined_5,False,dpcc-c-dt0p5,all,0.0,0.0,0.0,0.0,0.6592077940702439,135.6,0.5316173987389872,0.5933715913444757,398.5,0.07196874911586444,71.96874911586443,10
11,H8_K2_Meuler_T0.5_Dmix_visual_aligning.models.visual_af_diffusion.VisualAlphaFlow_VTrue_mpc4_filmv1_Eaf_EPlatest_msgafon02_s6,train,combined_5,False,dpcc-c-dt0p5,unfrozen,0.0,0.0,0.0,0.0,0.6592077940702439,135.6,0.5316173987389872,0.5933715913444757,398.5,0.07196874911586444,71.96874911586443,10
11,H8_K2_Meuler_T0.5_Dmix_visual_aligning.models.visual_af_diffusion.VisualAlphaFlow_VTrue_mpc4_filmv1_Eaf_EPlatest_msgafon02_s6,train,combined_5,False,dpcc-c-dt2p0,all,0.0,0.0,0.0,0.0,0.7319999963045121,107.2,0.3967991284519525,0.1430531781166792,400.0,0.05033057111501693,50.33057111501694,10
11,H8_K2_Meuler_T0.5_Dmix_visual_aligning.models.visual_af_diffusion.VisualAlphaFlow_VTrue_mpc4_filmv1_Eaf_EPlatest_msgafon02_s6,train,combined_5,False,dpcc-c-dt2p0,unfrozen,0.0,0.0,0.0,0.0,0.7319999963045121,107.2,0.3967991284519525,0.1430531781166792,400.0,0.05033057111501693,50.33057111501694,10
11,H8_K2_Meuler_T0.5_Dmix_visual_aligning.models.visual_af_diffusion.VisualAlphaFlow_VTrue_mpc4_filmv1_Eaf_EPlatest_msgafon02_s6,train,combined_5,False,dpcc-c-dt4p0,all,0.0,0.0,0.0,0.0,0.7830000013113022,86.8,0.40052944244182803,0.09159727655351162,400.0,0.04555486613512039,45.55486613512039,10
11,H8_K2_Meuler_T0.5_Dmix_visual_aligning.models.visual_af_diffusion.VisualAlphaFlow_VTrue_mpc4_filmv1_Eaf_EPlatest_msgafon02_s6,train,combined_5,False,dpcc-c-dt4p0,unfrozen,0.0,0.0,0.0,0.0,0.7830000013113022,86.8,0.40052944244182803,0.09159727655351162,400.0,0.04555486613512039,45.55486613512039,10
11,H8_K2_Meuler_T0.5_Dmix_visual_aligning.models.visual_af_diffusion.VisualAlphaFlow_VTrue_mpc4_filmv1_Eaf_EPlatest_msgafon02_s6,train,combined_5,False,gradient,all,0.1,0.1,0.0,0.1,0.5691470399498939,162.1,0.3983396116153449,1.2060869239270686,345.5,0.028724291149119775,28.72429114911977,10
11,H8_K2_Meuler_T0.5_Dmix_visual_aligning.models.visual_af_diffusion.VisualAlphaFlow_VTrue_mpc4_filmv1_Eaf_EPlatest_msgafon02_s6,train,combined_5,False,gradient,unfrozen,0.1,0.1,0.0,0.1,0.5691470399498939,162.1,0.3983396116153449,1.2060869239270686,345.5,0.028724291149119775,28.72429114911977,10
11,H8_K2_Meuler_T0.5_Dmix_visual_aligning.models.visual_af_diffusion.VisualAlphaFlow_VTrue_mpc4_filmv1_Eaf_EPlatest_msgafon02_s6,train,combined_5,False,post_processing,all,0.0,0.0,0.0,0.3,0.7475765317678451,100.6,0.429375025773395,0.16453094445168973,399.2,0.05944465337537439,59.444653375374386,10
11,H8_K2_Meuler_T0.5_Dmix_visual_aligning.models.visual_af_diffusion.VisualAlphaFlow_VTrue_mpc4_filmv1_Eaf_EPlatest_msgafon02_s6,train,combined_5,False,post_processing,unfrozen,0.0,0.0,0.0,0.3,0.7475765317678451,100.6,0.429375025773395,0.16453094445168973,399.2,0.05944465337537439,59.444653375374386,10
11,H8_K2_Meuler_T0.5_Dmix_visual_aligning.models.visual_af_diffusion.VisualAlphaFlow_VTrue_mpc4_filmv1_Eaf_EPlatest_msgafon02_s6,train,combined_5,False,model_free,all,0.1,0.1,0.0,0.2,0.6670124515891075,122.8,0.37141731361762387,0.956765889748931,345.1,0.04456523695080414,44.56523695080414,10
11,H8_K2_Meuler_T0.5_Dmix_visual_aligning.models.visual_af_diffusion.VisualAlphaFlow_VTrue_mpc4_filmv1_Eaf_EPlatest_msgafon02_s6,train,combined_5,False,model_free,unfrozen,0.1,0.1,0.0,0.2,0.6670124515891075,122.8,0.37141731361762387,0.956765889748931,345.1,0.04456523695080414,44.56523695080414,10
11,H8_K2_Meuler_T0.5_Dmix_visual_aligning.models.visual_af_diffusion.VisualAlphaFlow_VTrue_mpc4_filmv1_Eaf_EPlatest_msgafon02_s6,train,combined_5,False,geo_free,all,0.0,0.0,0.0,0.2,0.6172134056687355,146.4,0.409517808495246,0.8385127179324627,366.6,0.04736232801208063,47.36232801208063,10
11,H8_K2_Meuler_T0.5_Dmix_visual_aligning.models.visual_af_diffusion.VisualAlphaFlow_VTrue_mpc4_filmv1_Eaf_EPlatest_msgafon02_s6,train,combined_5,False,geo_free,unfrozen,0.0,0.0,0.0,0.2,0.6172134056687355,146.4,0.409517808495246,0.8385127179324627,366.6,0.04736232801208063,47.36232801208063,10
11,H8_K2_Meuler_T0.5_Dmix_visual_aligning.models.visual_af_diffusion.VisualAlphaFlow_VTrue_mpc4_filmv1_Eaf_EPlatest_msgafon02_s6,train,combined_5,False,bounds_free,all,0.0,0.0,0.0,0.3,0.7040000021457672,118.4,0.46977680593071314,0.23419542163610457,400.0,0.061816817760467525,61.81681776046753,10
11,H8_K2_Meuler_T0.5_Dmix_visual_aligning.models.visual_af_diffusion.VisualAlphaFlow_VTrue_mpc4_filmv1_Eaf_EPlatest_msgafon02_s6,train,combined_5,False,bounds_free,unfrozen,0.0,0.0,0.0,0.3,0.7040000021457672,118.4,0.46977680593071314,0.23419542163610457,400.0,0.061816817760467525,61.81681776046753,10
11,H8_K2_Meuler_T0.5_Dmix_visual_aligning.models.visual_af_diffusion.VisualAlphaFlow_VTrue_mpc4_filmv1_Eaf_EPlatest_msgafon02_s6,train,combined_5,False,geo_free-bounds_free,all,0.0,0.0,0.0,0.2,0.5977614983916283,149.1,0.4272634434678089,0.7313783537596464,342.0,0.0422825213182731,42.2825213182731,10
11,H8_K2_Meuler_T0.5_Dmix_visual_aligning.models.visual_af_diffusion.VisualAlphaFlow_VTrue_mpc4_filmv1_Eaf_EPlatest_msgafon02_s6,train,combined_5,False,geo_free-bounds_free,unfrozen,0.0,0.0,0.0,0.2,0.5977614983916283,149.1,0.4272634434678089,0.7313783537596464,342.0,0.0422825213182731,42.2825213182731,10
11,H8_K2_Meuler_T0.5_Dmix_visual_aligning.models.visual_af_diffusion.VisualAlphaFlow_VTrue_mpc4_filmv1_Eaf_EPlatest_msgafon02_s6,train,combined_5,False,geo_free-model_free,all,0.1,0.1,0.0,0.2,0.6515124529600144,129.0,0.37023458187207337,0.9912960167974234,345.1,0.034671345923588684,34.67134592358868,10
11,H8_K2_Meuler_T0.5_Dmix_visual_aligning.models.visual_af_diffusion.VisualAlphaFlow_VTrue_mpc4_filmv1_Eaf_EPlatest_msgafon02_s6,train,combined_5,False,geo_free-model_free,unfrozen,0.1,0.1,0.0,0.2,0.6515124529600144,129.0,0.37023458187207337,0.9912960167974234,345.1,0.034671345923588684,34.67134592358868,10
11,H8_K2_Meuler_T0.5_Dmix_visual_aligning.models.visual_af_diffusion.VisualAlphaFlow_VTrue_mpc4_filmv1_Eaf_EPlatest_msgafon02_s6,train,combined_5,False,model_free-bounds_free,all,0.1,0.1,0.0,0.2,0.6710124522447586,121.2,0.3709700843590532,0.941877030953765,345.1,0.04057811539883597,40.57811539883596,10
11,H8_K2_Meuler_T0.5_Dmix_visual_aligning.models.visual_af_diffusion.VisualAlphaFlow_VTrue_mpc4_filmv1_Eaf_EPlatest_msgafon02_s6,train,combined_5,False,model_free-bounds_free,unfrozen,0.1,0.1,0.0,0.2,0.6710124522447586,121.2,0.3709700843590532,0.941877030953765,345.1,0.04057811539883597,40.57811539883596,10
11,H8_K2_Meuler_T0.5_Dmix_visual_aligning.models.visual_af_diffusion.VisualAlphaFlow_VTrue_mpc4_filmv1_Eaf_EPlatest_msgafon02_s6,train,combined_5-tightened,True,diffuser,all,0.2,0.2,0.0,0.1,0.6877944558858872,109.0,0.35660062559810163,0.8778722752816975,308.0,0.02447638917312727,24.476389173127266,10
11,H8_K2_Meuler_T0.5_Dmix_visual_aligning.models.visual_af_diffusion.VisualAlphaFlow_VTrue_mpc4_filmv1_Eaf_EPlatest_msgafon02_s6,train,combined_5-tightened,True,diffuser,unfrozen,0.2222222222222222,0.2222222222222222,0.0,0.0,0.6531049509843191,121.11111111111111,0.33856458067113415,0.9750287040240235,297.77777777777777,0.02719598797014141,27.19598797014141,9
11,H8_K2_Meuler_T0.5_Dmix_visual_aligning.models.visual_af_diffusion.VisualAlphaFlow_VTrue_mpc4_filmv1_Eaf_EPlatest_msgafon02_s6,train,combined_5-tightened,True,dpcc-r,all,0.0,0.0,0.0,0.7,0.9887500047683716,4.5,0.40828470290873164,0.13008950715884565,400.0,0.047810292959213255,47.81029295921326,10
11,H8_K2_Meuler_T0.5_Dmix_visual_aligning.models.visual_af_diffusion.VisualAlphaFlow_VTrue_mpc4_filmv1_Eaf_EPlatest_msgafon02_s6,train,combined_5-tightened,True,dpcc-r,unfrozen,0.0,0.0,0.0,0.6666666666666666,0.9875000052981906,5.0,0.3959913332385009,0.1441589616652992,400.0,0.053122547732459176,53.122547732459175,9
11,H8_K2_Meuler_T0.5_Dmix_visual_aligning.models.visual_af_diffusion.VisualAlphaFlow_VTrue_mpc4_filmv1_Eaf_EPlatest_msgafon02_s6,train,combined_5-tightened,True,dpcc-c,all,0.0,0.0,0.0,0.6,0.9634038388729096,14.6,0.4590999159215906,0.2199180127121508,399.0,0.05937285416674798,59.372854166747985,10
11,H8_K2_Meuler_T0.5_Dmix_visual_aligning.models.visual_af_diffusion.VisualAlphaFlow_VTrue_mpc4_filmv1_Eaf_EPlatest_msgafon02_s6,train,combined_5-tightened,True,dpcc-c,unfrozen,0.0,0.0,0.0,0.5555555555555556,0.9593375987476773,16.22222222222222,0.45245268103056635,0.2439684122800827,398.8888888888889,0.06596983796305331,65.96983796305331,9
11,H8_K2_Meuler_T0.5_Dmix_visual_aligning.models.visual_af_diffusion.VisualAlphaFlow_VTrue_mpc4_filmv1_Eaf_EPlatest_msgafon02_s6,train,combined_5-tightened,True,dpcc-t,all,0.0,0.0,0.0,0.8,0.9972500026226043,1.1,0.39081628981868993,0.1536200395785272,400.0,0.04817766749858856,48.17766749858856,10
11,H8_K2_Meuler_T0.5_Dmix_visual_aligning.models.visual_af_diffusion.VisualAlphaFlow_VTrue_mpc4_filmv1_Eaf_EPlatest_msgafon02_s6,train,combined_5-tightened,True,dpcc-t,unfrozen,0.0,0.0,0.0,0.7777777777777778,0.9969444473584493,1.2222222222222223,0.3765819853606767,0.17030399768716759,400.0,0.0535307416650984,53.530741665098404,9
11,H8_K2_Meuler_T0.5_Dmix_visual_aligning.models.visual_af_diffusion.VisualAlphaFlow_VTrue_mpc4_filmv1_Eaf_EPlatest_msgafon02_s6,train,combined_5-tightened,True,dpcc-c-dt0p25,all,0.0,0.0,0.0,0.5,0.8735000014305114,50.6,0.4066712848414028,0.44308815160766246,400.0,0.06617856955528259,66.17856955528259,10
11,H8_K2_Meuler_T0.5_Dmix_visual_aligning.models.visual_af_diffusion.VisualAlphaFlow_VTrue_mpc4_filmv1_Eaf_EPlatest_msgafon02_s6,train,combined_5-tightened,True,dpcc-c-dt0p25,unfrozen,0.0,0.0,0.0,0.4444444444444444,0.8594444460339017,56.22222222222222,0.39419864649702435,0.49193523327509564,400.0,0.07353174395031399,73.531743950314,9
11,H8_K2_Meuler_T0.5_Dmix_visual_aligning.models.visual_af_diffusion.VisualAlphaFlow_VTrue_mpc4_filmv1_Eaf_EPlatest_msgafon02_s6,train,combined_5-tightened,True,dpcc-c-dt0p5,all,0.0,0.0,0.0,0.5,0.8442094773054123,61.2,0.4906515055872497,0.5463238620199263,392.7,0.0792986485976383,79.2986485976383,10
11,H8_K2_Meuler_T0.5_Dmix_visual_aligning.models.visual_af_diffusion.VisualAlphaFlow_VTrue_mpc4_filmv1_Eaf_EPlatest_msgafon02_s6,train,combined_5-tightened,True,dpcc-c-dt0p5,unfrozen,0.0,0.0,0.0,0.4444444444444444,0.8268994192282358,68.0,0.4875100028812986,0.606641578177611,391.8888888888889,0.08810960955293144,88.10960955293145,9
11,H8_K2_Meuler_T0.5_Dmix_visual_aligning.models.visual_af_diffusion.VisualAlphaFlow_VTrue_mpc4_filmv1_Eaf_EPlatest_msgafon02_s6,train,combined_5-tightened,True,dpcc-c-dt2p0,all,0.0,0.0,0.0,0.5,0.9612499952316285,15.5,0.38918159126076385,0.08361524129286409,400.0,0.04762257593870163,47.62257593870163,10
11,H8_K2_Meuler_T0.5_Dmix_visual_aligning.models.visual_af_diffusion.VisualAlphaFlow_VTrue_mpc4_filmv1_Eaf_EPlatest_msgafon02_s6,train,combined_5-tightened,True,dpcc-c-dt2p0,unfrozen,0.0,0.0,0.0,0.4444444444444444,0.9569444391462538,17.22222222222222,0.37476565362964775,0.09252088848087522,400.0,0.05291397326522403,52.91397326522403,9
11,H8_K2_Meuler_T0.5_Dmix_visual_aligning.models.visual_af_diffusion.VisualAlphaFlow_VTrue_mpc4_filmv1_Eaf_EPlatest_msgafon02_s6,train,combined_5-tightened,True,dpcc-c-dt4p0,all,0.0,0.0,0.0,0.9,0.9855000019073487,5.8,0.3998930716783059,0.059168662410229445,400.0,0.04153735280036926,41.53735280036926,10
11,H8_K2_Meuler_T0.5_Dmix_visual_aligning.models.visual_af_diffusion.VisualAlphaFlow_VTrue_mpc4_filmv1_Eaf_EPlatest_msgafon02_s6,train,combined_5-tightened,True,dpcc-c-dt4p0,unfrozen,0.0,0.0,0.0,0.8888888888888888,0.9838888910081651,6.444444444444445,0.38666729853802784,0.06535802305572563,400.0,0.04615261422263251,46.152614222632515,9
11,H8_K2_Meuler_T0.5_Dmix_visual_aligning.models.visual_af_diffusion.VisualAlphaFlow_VTrue_mpc4_filmv1_Eaf_EPlatest_msgafon02_s6,train,combined_5-tightened,True,gradient,all,0.0,0.1,0.0,0.2,0.6483970433473587,130.4,0.3659928591696435,0.9255303901620209,345.5,0.02581525099264777,25.81525099264777,10
11,H8_K2_Meuler_T0.5_Dmix_visual_aligning.models.visual_af_diffusion.VisualAlphaFlow_VTrue_mpc4_filmv1_Eaf_EPlatest_msgafon02_s6,train,combined_5-tightened,True,gradient,unfrozen,0.0,0.1111111111111111,0.0,0.1111111111111111,0.6093300481637319,144.88888888888889,0.34900039575062514,1.0279821650021606,339.44444444444446,0.028683612214053078,28.683612214053078,9
11,H8_K2_Meuler_T0.5_Dmix_visual_aligning.models.visual_af_diffusion.VisualAlphaFlow_VTrue_mpc4_filmv1_Eaf_EPlatest_msgafon02_s6,train,combined_5-tightened,True,post_processing,all,0.0,0.0,0.0,0.8,0.9900000035762787,4.0,0.40274995449202156,0.13153811870142817,400.0,0.04744988566637039,47.44988566637039,10
11,H8_K2_Meuler_T0.5_Dmix_visual_aligning.models.visual_af_diffusion.VisualAlphaFlow_VTrue_mpc4_filmv1_Eaf_EPlatest_msgafon02_s6,train,combined_5-tightened,True,post_processing,unfrozen,0.0,0.0,0.0,0.7777777777777778,0.9888888928625319,4.444444444444445,0.3898416127754896,0.14576853004594645,400.0,0.05272209518485599,52.72209518485599,9
11,H8_K2_Meuler_T0.5_Dmix_visual_aligning.models.visual_af_diffusion.VisualAlphaFlow_VTrue_mpc4_filmv1_Eaf_EPlatest_msgafon02_s6,train,combined_5-tightened,True,model_free,all,0.1,0.1,0.0,0.3,0.7283219754695892,100.4,0.36200105852901143,0.7576953913085163,350.5,0.03970855586395837,39.708555863958374,10
11,H8_K2_Meuler_T0.5_Dmix_visual_aligning.models.visual_af_diffusion.VisualAlphaFlow_VTrue_mpc4_filmv1_Eaf_EPlatest_msgafon02_s6,train,combined_5-tightened,True,model_free,unfrozen,0.1111111111111111,0.1111111111111111,0.0,0.2222222222222222,0.6981355282995436,111.55555555555556,0.3445650617054784,0.841498832942711,345.0,0.044120617626620416,44.120617626620415,9
11,H8_K2_Meuler_T0.5_Dmix_visual_aligning.models.visual_af_diffusion.VisualAlphaFlow_VTrue_mpc4_filmv1_Eaf_EPlatest_msgafon02_s6,train,combined_5-tightened,True,geo_free,all,0.1,0.1,0.0,0.3,0.7118385091423989,112.4,0.3535730211934899,0.6194058676250279,369.3,0.040611312072214474,40.611312072214474,10
11,H8_K2_Meuler_T0.5_Dmix_visual_aligning.models.visual_af_diffusion.VisualAlphaFlow_VTrue_mpc4_filmv1_Eaf_EPlatest_msgafon02_s6,train,combined_5-tightened,True,geo_free,unfrozen,0.1111111111111111,0.1111111111111111,0.0,0.2222222222222222,0.6798205657137765,124.88888888888889,0.33520057577712115,0.6878438066277239,365.8888888888889,0.0451236800802383,45.1236800802383,9
11,H8_K2_Meuler_T0.5_Dmix_visual_aligning.models.visual_af_diffusion.VisualAlphaFlow_VTrue_mpc4_filmv1_Eaf_EPlatest_msgafon02_s6,train,combined_5-tightened,True,bounds_free,all,0.0,0.0,0.0,0.4,0.9612499952316285,15.5,0.43119466131110595,0.20564452866092325,400.0,0.054310194373130796,54.3101943731308,10
11,H8_K2_Meuler_T0.5_Dmix_visual_aligning.models.visual_af_diffusion.VisualAlphaFlow_VTrue_mpc4_filmv1_Eaf_EPlatest_msgafon02_s6,train,combined_5-tightened,True,bounds_free,unfrozen,0.0,0.0,0.0,0.3333333333333333,0.9569444391462538,17.22222222222222,0.42144684257447224,0.2281089855564965,400.0,0.060344660414589774,60.344660414589775,9
11,H8_K2_Meuler_T0.5_Dmix_visual_aligning.models.visual_af_diffusion.VisualAlphaFlow_VTrue_mpc4_filmv1_Eaf_EPlatest_msgafon02_s6,train,combined_5-tightened,True,geo_free-bounds_free,all,0.0,0.0,0.0,0.4,0.6914683088660241,112.9,0.42059902178435615,0.6480519992299378,351.9,0.03858694217044289,38.586942170442896,10
11,H8_K2_Meuler_T0.5_Dmix_visual_aligning.models.visual_af_diffusion.VisualAlphaFlow_VTrue_mpc4_filmv1_Eaf_EPlatest_msgafon02_s6,train,combined_5-tightened,True,geo_free-bounds_free,unfrozen,0.0,0.0,0.0,0.3333333333333333,0.6571870098511378,125.44444444444444,0.4096739097669726,0.7196728417442905,346.55555555555554,0.04287438018938099,42.87438018938099,9
11,H8_K2_Meuler_T0.5_Dmix_visual_aligning.models.visual_af_diffusion.VisualAlphaFlow_VTrue_mpc4_filmv1_Eaf_EPlatest_msgafon02_s6,train,combined_5-tightened,True,geo_free-model_free,all,0.1,0.1,0.0,0.3,0.7273882687091827,99.8,0.37071590272977356,0.7577539722435176,346.9,0.031093618214130404,31.0936182141304,10
11,H8_K2_Meuler_T0.5_Dmix_visual_aligning.models.visual_af_diffusion.VisualAlphaFlow_VTrue_mpc4_filmv1_Eaf_EPlatest_msgafon02_s6,train,combined_5-tightened,True,geo_free-model_free,unfrozen,0.1111111111111111,0.1111111111111111,0.0,0.2222222222222222,0.6970980763435364,110.88888888888889,0.35424822192854744,0.8415639228704903,341.0,0.034548464682367115,34.54846468236711,9
11,H8_K2_Meuler_T0.5_Dmix_visual_aligning.models.visual_af_diffusion.VisualAlphaFlow_VTrue_mpc4_filmv1_Eaf_EPlatest_msgafon02_s6,train,combined_5-tightened,True,model_free-bounds_free,all,0.1,0.1,0.0,0.3,0.7452174603939057,92.0,0.37275943168723097,0.7079203243367373,345.8,0.036228495728243645,36.22849572824365,10
11,H8_K2_Meuler_T0.5_Dmix_visual_aligning.models.visual_af_diffusion.VisualAlphaFlow_VTrue_mpc4_filmv1_Eaf_EPlatest_msgafon02_s6,train,combined_5-tightened,True,model_free-bounds_free,unfrozen,0.1111111111111111,0.1111111111111111,0.0,0.2222222222222222,0.7169082893265618,102.22222222222223,0.3565188096590556,0.7861932029740678,339.77777777777777,0.040253884142492945,40.25388414249294,9
12,H8_K2_Meuler_T0.5_Dmix_visual_aligning.models.visual_af_diffusion.VisualAlphaFlow_VTrue_mpc4_filmv2_Eaf,train,combined_5,False,diffuser,all,0.0,0.0,0.0,0.03333333333333333,0.5090833326180776,196.36666666666667,0.38323610656480295,2.1406419480840366,400.0,0.030744292318820955,30.744292318820953,30
12,H8_K2_Meuler_T0.5_Dmix_visual_aligning.models.visual_af_diffusion.VisualAlphaFlow_VTrue_mpc4_filmv2_Eaf,train,combined_5,False,diffuser,unfrozen,0.0,0.0,0.0,0.03333333333333333,0.5090833326180776,196.36666666666667,0.38323610656480295,2.1406419480840366,400.0,0.030744292318820955,30.744292318820953,30
12,H8_K2_Meuler_T0.5_Dmix_visual_aligning.models.visual_af_diffusion.VisualAlphaFlow_VTrue_mpc4_filmv2_Eaf,train,combined_5,False,dpcc-r,all,0.0,0.0,0.0,0.06666666666666667,0.8,80.0,0.4389736215667123,0.7471575630207856,400.0,0.07261709014574687,72.61709014574687,30
12,H8_K2_Meuler_T0.5_Dmix_visual_aligning.models.visual_af_diffusion.VisualAlphaFlow_VTrue_mpc4_filmv2_Eaf,train,combined_5,False,dpcc-r,unfrozen,0.0,0.0,0.0,0.06666666666666667,0.8,80.0,0.4389736215667123,0.7471575630207856,400.0,0.07261709014574687,72.61709014574687,30
12,H8_K2_Meuler_T0.5_Dmix_visual_aligning.models.visual_af_diffusion.VisualAlphaFlow_VTrue_mpc4_filmv2_Eaf,train,combined_5,False,dpcc-c,all,0.0,0.0,0.0,0.23333333333333334,0.816333332657814,73.46666666666667,0.5155591713536363,0.5905485100733737,400.0,0.07223753362894057,72.23753362894058,30
12,H8_K2_Meuler_T0.5_Dmix_visual_aligning.models.visual_af_diffusion.VisualAlphaFlow_VTrue_mpc4_filmv2_Eaf,train,combined_5,False,dpcc-c,unfrozen,0.0,0.0,0.0,0.23333333333333334,0.816333332657814,73.46666666666667,0.5155591713536363,0.5905485100733737,400.0,0.07223753362894057,72.23753362894058,30
12,H8_K2_Meuler_T0.5_Dmix_visual_aligning.models.visual_af_diffusion.VisualAlphaFlow_VTrue_mpc4_filmv2_Eaf,train,combined_5,False,dpcc-t,all,0.0,0.0,0.0,0.23333333333333334,0.9410000065962474,23.6,0.3904243834252788,0.45977286336322626,400.0,0.05986422659953435,59.864226599534355,30
12,H8_K2_Meuler_T0.5_Dmix_visual_aligning.models.visual_af_diffusion.VisualAlphaFlow_VTrue_mpc4_filmv2_Eaf,train,combined_5,False,dpcc-t,unfrozen,0.0,0.0,0.0,0.23333333333333334,0.9410000065962474,23.6,0.3904243834252788,0.45977286336322626,400.0,0.05986422659953435,59.864226599534355,30
12,H8_K2_Meuler_T0.5_Dmix_visual_aligning.models.visual_af_diffusion.VisualAlphaFlow_VTrue_mpc4_filmv2_Eaf,train,combined_5,False,dpcc-c-dt0p25,all,0.0,0.0,0.0,0.0,0.603083336353302,158.76666666666668,0.40439688467424173,1.6811477744330963,400.0,0.12142512381076813,121.42512381076813,30
12,H8_K2_Meuler_T0.5_Dmix_visual_aligning.models.visual_af_diffusion.VisualAlphaFlow_VTrue_mpc4_filmv2_Eaf,train,combined_5,False,dpcc-c-dt0p25,unfrozen,0.0,0.0,0.0,0.0,0.603083336353302,158.76666666666668,0.40439688467424173,1.6811477744330963,400.0,0.12142512381076813,121.42512381076813,30
12,H8_K2_Meuler_T0.5_Dmix_visual_aligning.models.visual_af_diffusion.VisualAlphaFlow_VTrue_mpc4_filmv2_Eaf,train,combined_5,False,dpcc-c-dt0p5,all,0.0,0.0,0.0,0.0,0.5504166702429454,179.83333333333334,0.43050195013300047,1.7729341370364031,400.0,0.12371785187721253,123.71785187721252,30
12,H8_K2_Meuler_T0.5_Dmix_visual_aligning.models.visual_af_diffusion.VisualAlphaFlow_VTrue_mpc4_filmv2_Eaf,train,combined_5,False,dpcc-c-dt0p5,unfrozen,0.0,0.0,0.0,0.0,0.5504166702429454,179.83333333333334,0.43050195013300047,1.7729341370364031,400.0,0.12371785187721253,123.71785187721252,30
12,H8_K2_Meuler_T0.5_Dmix_visual_aligning.models.visual_af_diffusion.VisualAlphaFlow_VTrue_mpc4_filmv2_Eaf,train,combined_5,False,dpcc-c-dt2p0,all,0.0,0.0,0.0,0.7333333333333333,0.9586666663487752,16.533333333333335,0.43416363256717805,0.10343765700235963,400.0,0.05135483245054881,51.354832450548805,30
12,H8_K2_Meuler_T0.5_Dmix_visual_aligning.models.visual_af_diffusion.VisualAlphaFlow_VTrue_mpc4_filmv2_Eaf,train,combined_5,False,dpcc-c-dt2p0,unfrozen,0.0,0.0,0.0,0.7333333333333333,0.9586666663487752,16.533333333333335,0.43416363256717805,0.10343765700235963,400.0,0.05135483245054881,51.354832450548805,30
12,H8_K2_Meuler_T0.5_Dmix_visual_aligning.models.visual_af_diffusion.VisualAlphaFlow_VTrue_mpc4_filmv2_Eaf,train,combined_5,False,dpcc-c-dt4p0,all,0.0,0.0,0.0,0.8666666666666667,0.97349999944369,10.6,0.403495018892876,0.07592737625042598,400.0,0.04888086692492167,48.88086692492167,30
12,H8_K2_Meuler_T0.5_Dmix_visual_aligning.models.visual_af_diffusion.VisualAlphaFlow_VTrue_mpc4_filmv2_Eaf,train,combined_5,False,dpcc-c-dt4p0,unfrozen,0.0,0.0,0.0,0.8666666666666667,0.97349999944369,10.6,0.403495018892876,0.07592737625042598,400.0,0.04888086692492167,48.88086692492167,30
12,H8_K2_Meuler_T0.5_Dmix_visual_aligning.models.visual_af_diffusion.VisualAlphaFlow_VTrue_mpc4_filmv2_Eaf,train,combined_5,False,gradient,all,0.0,0.0,0.0,0.03333333333333333,0.5238333314657211,190.46666666666667,0.38548817961782667,2.0463473916053774,400.0,0.03254164024194082,32.54164024194082,30
12,H8_K2_Meuler_T0.5_Dmix_visual_aligning.models.visual_af_diffusion.VisualAlphaFlow_VTrue_mpc4_filmv2_Eaf,train,combined_5,False,gradient,unfrozen,0.0,0.0,0.0,0.03333333333333333,0.5238333314657211,190.46666666666667,0.38548817961782667,2.0463473916053774,400.0,0.03254164024194082,32.54164024194082,30
12,H8_K2_Meuler_T0.5_Dmix_visual_aligning.models.visual_af_diffusion.VisualAlphaFlow_VTrue_mpc4_filmv2_Eaf,train,combined_5,False,post_processing,all,0.0,0.0,0.0,0.06666666666666667,0.8052500009536743,77.9,0.43897362156719816,0.742374766121308,400.0,0.07216125585635504,72.16125585635503,30
12,H8_K2_Meuler_T0.5_Dmix_visual_aligning.models.visual_af_diffusion.VisualAlphaFlow_VTrue_mpc4_filmv2_Eaf,train,combined_5,False,post_processing,unfrozen,0.0,0.0,0.0,0.06666666666666667,0.8052500009536743,77.9,0.43897362156719816,0.742374766121308,400.0,0.07216125585635504,72.16125585635503,30
12,H8_K2_Meuler_T0.5_Dmix_visual_aligning.models.visual_af_diffusion.VisualAlphaFlow_VTrue_mpc4_filmv2_Eaf,train,combined_5,False,model_free,all,0.0,0.0,0.0,0.0,0.5006666670242945,199.73333333333332,0.3864281396105884,2.1760306457678475,400.0,0.05363620183865229,53.63620183865229,30
12,H8_K2_Meuler_T0.5_Dmix_visual_aligning.models.visual_af_diffusion.VisualAlphaFlow_VTrue_mpc4_filmv2_Eaf,train,combined_5,False,model_free,unfrozen,0.0,0.0,0.0,0.0,0.5006666670242945,199.73333333333332,0.3864281396105884,2.1760306457678475,400.0,0.05363620183865229,53.63620183865229,30
12,H8_K2_Meuler_T0.5_Dmix_visual_aligning.models.visual_af_diffusion.VisualAlphaFlow_VTrue_mpc4_filmv2_Eaf,train,combined_5,False,geo_free,all,0.0,0.0,0.0,0.0,0.8123333354791006,75.06666666666666,0.4424224701053549,0.5782359033823014,400.0,0.04764506324132283,47.64506324132284,30
12,H8_K2_Meuler_T0.5_Dmix_visual_aligning.models.visual_af_diffusion.VisualAlphaFlow_VTrue_mpc4_filmv2_Eaf,train,combined_5,False,geo_free,unfrozen,0.0,0.0,0.0,0.0,0.8123333354791006,75.06666666666666,0.4424224701053549,0.5782359033823014,400.0,0.04764506324132283,47.64506324132284,30
12,H8_K2_Meuler_T0.5_Dmix_visual_aligning.models.visual_af_diffusion.VisualAlphaFlow_VTrue_mpc4_filmv2_Eaf,train,combined_5,False,bounds_free,all,0.0,0.0,0.0,0.0,0.8721666673819224,51.13333333333333,0.3760802718530284,0.5882165869077046,400.0,0.05779354095458985,57.793540954589844,30
12,H8_K2_Meuler_T0.5_Dmix_visual_aligning.models.visual_af_diffusion.VisualAlphaFlow_VTrue_mpc4_filmv2_Eaf,train,combined_5,False,bounds_free,unfrozen,0.0,0.0,0.0,0.0,0.8721666673819224,51.13333333333333,0.3760802718530284,0.5882165869077046,400.0,0.05779354095458985,57.793540954589844,30
12,H8_K2_Meuler_T0.5_Dmix_visual_aligning.models.visual_af_diffusion.VisualAlphaFlow_VTrue_mpc4_filmv2_Eaf,train,combined_5,False,geo_free-bounds_free,all,0.0,0.0,0.0,0.06666666666666667,0.843000003695488,62.8,0.43429472902679545,0.5492602835098902,400.0,0.04258207794030507,42.582077940305076,30
12,H8_K2_Meuler_T0.5_Dmix_visual_aligning.models.visual_af_diffusion.VisualAlphaFlow_VTrue_mpc4_filmv2_Eaf,train,combined_5,False,geo_free-bounds_free,unfrozen,0.0,0.0,0.0,0.06666666666666667,0.843000003695488,62.8,0.43429472902679545,0.5492602835098902,400.0,0.04258207794030507,42.582077940305076,30
12,H8_K2_Meuler_T0.5_Dmix_visual_aligning.models.visual_af_diffusion.VisualAlphaFlow_VTrue_mpc4_filmv2_Eaf,train,combined_5,False,geo_free-model_free,all,0.0,0.0,0.0,0.0,0.5006666670242945,199.73333333333332,0.38642813961071704,2.176179228226344,400.0,0.041174068371454875,41.17406837145487,30
12,H8_K2_Meuler_T0.5_Dmix_visual_aligning.models.visual_af_diffusion.VisualAlphaFlow_VTrue_mpc4_filmv2_Eaf,train,combined_5,False,geo_free-model_free,unfrozen,0.0,0.0,0.0,0.0,0.5006666670242945,199.73333333333332,0.38642813961071704,2.176179228226344,400.0,0.041174068371454875,41.17406837145487,30
12,H8_K2_Meuler_T0.5_Dmix_visual_aligning.models.visual_af_diffusion.VisualAlphaFlow_VTrue_mpc4_filmv2_Eaf,train,combined_5,False,model_free-bounds_free,all,0.0,0.0,0.0,0.0,0.5006666670242945,199.73333333333332,0.38642813961071704,2.176179228226344,400.0,0.0486696786681811,48.6696786681811,30
12,H8_K2_Meuler_T0.5_Dmix_visual_aligning.models.visual_af_diffusion.VisualAlphaFlow_VTrue_mpc4_filmv2_Eaf,train,combined_5,False,model_free-bounds_free,unfrozen,0.0,0.0,0.0,0.0,0.5006666670242945,199.73333333333332,0.38642813961071704,2.176179228226344,400.0,0.0486696786681811,48.6696786681811,30
12,H8_K2_Meuler_T0.5_Dmix_visual_aligning.models.visual_af_diffusion.VisualAlphaFlow_VTrue_mpc4_filmv2_Eaf,train,combined_5-tightened,True,diffuser,all,0.0,0.0,0.0,0.16666666666666666,0.5612499982118606,175.5,0.3807587046280639,1.9015870120376348,400.0,0.027014331996440887,27.014331996440887,30
12,H8_K2_Meuler_T0.5_Dmix_visual_aligning.models.visual_af_diffusion.VisualAlphaFlow_VTrue_mpc4_filmv2_Eaf,train,combined_5-tightened,True,diffuser,unfrozen,0.0,0.0,0.0,0.038461538461538464,0.4937499979367623,202.5,0.38255425300954027,2.1936058728740764,400.0,0.03117038307281641,31.17038307281641,26
12,H8_K2_Meuler_T0.5_Dmix_visual_aligning.models.visual_af_diffusion.VisualAlphaFlow_VTrue_mpc4_filmv2_Eaf,train,combined_5-tightened,True,dpcc-r,all,0.0,0.0,0.0,0.3333333333333333,0.8369166692097981,65.23333333333333,0.4275539276091104,0.8016347190986077,400.0,0.07171782159805298,71.71782159805298,30
12,H8_K2_Meuler_T0.5_Dmix_visual_aligning.models.visual_af_diffusion.VisualAlphaFlow_VTrue_mpc4_filmv2_Eaf,train,combined_5-tightened,True,dpcc-r,unfrozen,0.0,0.0,0.0,0.23076923076923078,0.8118269260113056,75.26923076923077,0.4365487410645939,0.9244301502521222,400.0,0.08275133261313806,82.75133261313805,26
12,H8_K2_Meuler_T0.5_Dmix_visual_aligning.models.visual_af_diffusion.VisualAlphaFlow_VTrue_mpc4_filmv2_Eaf,train,combined_5-tightened,True,dpcc-c,all,0.0,0.0,0.0,0.5666666666666667,0.809333336353302,76.26666666666667,0.4962181970343193,0.5978048223381242,400.0,0.06997135988871257,69.97135988871257,30
12,H8_K2_Meuler_T0.5_Dmix_visual_aligning.models.visual_af_diffusion.VisualAlphaFlow_VTrue_mpc4_filmv2_Eaf,train,combined_5-tightened,True,dpcc-c,unfrozen,0.0,0.0,0.0,0.5,0.7800000034845792,88.0,0.5157767442475273,0.6892418078361795,400.0,0.08073618448697605,80.73618448697604,26
12,H8_K2_Meuler_T0.5_Dmix_visual_aligning.models.visual_af_diffusion.VisualAlphaFlow_VTrue_mpc4_filmv2_Eaf,train,combined_5-tightened,True,dpcc-t,all,0.0,0.0,0.0,0.7333333333333333,0.9744999965031942,10.2,0.4441266544180522,0.38548807529732587,400.0,0.05305758372942607,53.057583729426064,30
12,H8_K2_Meuler_T0.5_Dmix_visual_aligning.models.visual_af_diffusion.VisualAlphaFlow_VTrue_mpc4_filmv2_Eaf,train,combined_5-tightened,True,dpcc-t,unfrozen,0.0,0.0,0.0,0.6923076923076923,0.9705769190421472,11.76923076923077,0.4556711181518345,0.4442609458660277,400.0,0.06122028891856854,61.220288918568535,26
12,H8_K2_Meuler_T0.5_Dmix_visual_aligning.models.visual_af_diffusion.VisualAlphaFlow_VTrue_mpc4_filmv2_Eaf,train,combined_5-tightened,True,dpcc-c-dt0p25,all,0.0,0.0,0.0,0.23333333333333334,0.6301666686932246,147.93333333333334,0.4250726819006562,1.4714482401808102,400.0,0.0993201649983724,99.32016499837239,30
12,H8_K2_Meuler_T0.5_Dmix_visual_aligning.models.visual_af_diffusion.VisualAlphaFlow_VTrue_mpc4_filmv2_Eaf,train,combined_5-tightened,True,dpcc-c-dt0p25,unfrozen,0.0,0.0,0.0,0.11538461538461539,0.5732692331075668,170.69230769230768,0.4336857652471468,1.6972919053469713,400.0,0.11460019038273739,114.60019038273738,26
12,H8_K2_Meuler_T0.5_Dmix_visual_aligning.models.visual_af_diffusion.VisualAlphaFlow_VTrue_mpc4_filmv2_Eaf,train,combined_5-tightened,True,dpcc-c-dt0p5,all,0.0,0.0,0.0,0.13333333333333333,0.5591666678587596,176.33333333333334,0.46848759361634,1.710977016016841,400.0,0.11392936499913534,113.92936499913533,30
12,H8_K2_Meuler_T0.5_Dmix_visual_aligning.models.visual_af_diffusion.VisualAlphaFlow_VTrue_mpc4_filmv2_Eaf,train,combined_5-tightened,True,dpcc-c-dt0p5,unfrozen,0.0,0.0,0.0,0.0,0.49134615522164565,203.46153846153845,0.4837798941498589,1.9736712620808528,400.0,0.13145695961438691,131.45695961438693,26
12,H8_K2_Meuler_T0.5_Dmix_visual_aligning.models.visual_af_diffusion.VisualAlphaFlow_VTrue_mpc4_filmv2_Eaf,train,combined_5-tightened,True,dpcc-c-dt2p0,all,0.0,0.0,0.0,0.9333333333333333,0.9863333324591319,5.466666666666667,0.39830349708152984,0.11494444971904158,400.0,0.043832977751890816,43.832977751890816,30
12,H8_K2_Meuler_T0.5_Dmix_visual_aligning.models.visual_af_diffusion.VisualAlphaFlow_VTrue_mpc4_filmv2_Eaf,train,combined_5-tightened,True,dpcc-c-dt2p0,unfrozen,0.0,0.0,0.0,0.9230769230769231,0.9842307682220752,6.3076923076923075,0.40279824430200095,0.1320952240449305,400.0,0.05057651279064325,50.57651279064325,26
12,H8_K2_Meuler_T0.5_Dmix_visual_aligning.models.visual_af_diffusion.VisualAlphaFlow_VTrue_mpc4_filmv2_Eaf,train,combined_5-tightened,True,dpcc-c-dt4p0,all,0.0,0.0,0.0,1.0,1.0,0.0,0.3845618586214265,0.01721774283796549,400.0,0.041204665521780655,41.20466552178065,30
12,H8_K2_Meuler_T0.5_Dmix_visual_aligning.models.visual_af_diffusion.VisualAlphaFlow_VTrue_mpc4_filmv2_Eaf,train,combined_5-tightened,True,dpcc-c-dt4p0,unfrozen,0.0,0.0,0.0,1.0,1.0,0.0,0.38694250761726645,0.019333639182150364,400.0,0.047543844832823826,47.54384483282383,26
12,H8_K2_Meuler_T0.5_Dmix_visual_aligning.models.visual_af_diffusion.VisualAlphaFlow_VTrue_mpc4_filmv2_Eaf,train,combined_5-tightened,True,gradient,all,0.0,0.0,0.0,0.16666666666666666,0.5745000034570694,170.2,0.38237554120503064,1.8071045618504287,400.0,0.028660543203353882,28.660543203353882,30
12,H8_K2_Meuler_T0.5_Dmix_visual_aligning.models.visual_af_diffusion.VisualAlphaFlow_VTrue_mpc4_filmv2_Eaf,train,combined_5-tightened,True,gradient,unfrozen,0.0,0.0,0.0,0.038461538461538464,0.5090384655273877,196.3846153846154,0.3844198336752711,2.084587661119608,400.0,0.0330698575423314,33.069857542331405,26
12,H8_K2_Meuler_T0.5_Dmix_visual_aligning.models.visual_af_diffusion.VisualAlphaFlow_VTrue_mpc4_filmv2_Eaf,train,combined_5-tightened,True,post_processing,all,0.0,0.0,0.0,0.3333333333333333,0.8369166692097981,65.23333333333333,0.4275539276091104,0.8016347190986077,400.0,0.07204795404275258,72.04795404275258,30
12,H8_K2_Meuler_T0.5_Dmix_visual_aligning.models.visual_af_diffusion.VisualAlphaFlow_VTrue_mpc4_filmv2_Eaf,train,combined_5-tightened,True,post_processing,unfrozen,0.0,0.0,0.0,0.23076923076923078,0.8118269260113056,75.26923076923077,0.4365487410645939,0.9244301502521222,400.0,0.08313225466471451,83.13225466471452,26
12,H8_K2_Meuler_T0.5_Dmix_visual_aligning.models.visual_af_diffusion.VisualAlphaFlow_VTrue_mpc4_filmv2_Eaf,train,combined_5-tightened,True,model_free,all,0.0,0.0,0.0,0.13333333333333333,0.5532499988873799,178.7,0.38313104165075035,1.9307791015754143,400.0,0.052268408834934235,52.268408834934235,30
12,H8_K2_Meuler_T0.5_Dmix_visual_aligning.models.visual_af_diffusion.VisualAlphaFlow_VTrue_mpc4_filmv2_Eaf,train,combined_5-tightened,True,model_free,unfrozen,0.0,0.0,0.0,0.0,0.4845192294854384,206.19230769230768,0.3852915649587939,2.227289053109976,400.0,0.060309702501847195,60.30970250184719,26
12,H8_K2_Meuler_T0.5_Dmix_visual_aligning.models.visual_af_diffusion.VisualAlphaFlow_VTrue_mpc4_filmv2_Eaf,train,combined_5-tightened,True,geo_free,all,0.0,0.0,0.0,0.2,0.8864166696866354,45.43333333333333,0.42522871767895115,0.5187735876689354,400.0,0.04164119678735733,41.64119678735733,30
12,H8_K2_Meuler_T0.5_Dmix_visual_aligning.models.visual_af_diffusion.VisualAlphaFlow_VTrue_mpc4_filmv2_Eaf,train,combined_5-tightened,True,geo_free,unfrozen,0.0,0.0,0.0,0.07692307692307693,0.8689423111768869,52.42307692307692,0.43386580652979484,0.5980519216794234,400.0,0.04804753475464307,48.047534754643074,26
12,H8_K2_Meuler_T0.5_Dmix_visual_aligning.models.visual_af_diffusion.VisualAlphaFlow_VTrue_mpc4_filmv2_Eaf,train,combined_5-tightened,True,bounds_free,all,0.0,0.0,0.0,0.5666666666666667,0.8977500001589457,40.9,0.42210287609275793,0.7054789385447899,400.0,0.05820512469609578,58.20512469609579,30
12,H8_K2_Meuler_T0.5_Dmix_visual_aligning.models.visual_af_diffusion.VisualAlphaFlow_VTrue_mpc4_filmv2_Eaf,train,combined_5-tightened,True,bounds_free,unfrozen,0.0,0.0,0.0,0.5,0.8820192309526297,47.19230769230769,0.43025906623803334,0.8134811726900247,400.0,0.06715975926472591,67.1597592647259,26
12,H8_K2_Meuler_T0.5_Dmix_visual_aligning.models.visual_af_diffusion.VisualAlphaFlow_VTrue_mpc4_filmv2_Eaf,train,combined_5-tightened,True,geo_free-bounds_free,all,0.0,0.0,0.0,0.2,0.8836666703224182,46.53333333333333,0.4477151111820093,0.4838833224028349,400.0,0.03832548364003499,38.325483640034996,30
12,H8_K2_Meuler_T0.5_Dmix_visual_aligning.models.visual_af_diffusion.VisualAlphaFlow_VTrue_mpc4_filmv2_Eaf,train,combined_5-tightened,True,geo_free-bounds_free,unfrozen,0.0,0.0,0.0,0.07692307692307693,0.8657692349874057,53.69230769230769,0.4598116451871696,0.5577939232954612,400.0,0.04422171189234807,44.22171189234807,26
12,H8_K2_Meuler_T0.5_Dmix_visual_aligning.models.visual_af_diffusion.VisualAlphaFlow_VTrue_mpc4_filmv2_Eaf,train,combined_5-tightened,True,geo_free-model_free,all,0.0,0.0,0.0,0.13333333333333333,0.5532499988873799,178.7,0.3831310416502135,1.9308616023510694,400.0,0.03647736614942551,36.47736614942551,30
12,H8_K2_Meuler_T0.5_Dmix_visual_aligning.models.visual_af_diffusion.VisualAlphaFlow_VTrue_mpc4_filmv2_Eaf,train,combined_5-tightened,True,geo_free-model_free,unfrozen,0.0,0.0,0.0,0.0,0.4845192294854384,206.19230769230768,0.38529156495817446,2.227384246312655,400.0,0.04208926863395251,42.08926863395251,26
12,H8_K2_Meuler_T0.5_Dmix_visual_aligning.models.visual_af_diffusion.VisualAlphaFlow_VTrue_mpc4_filmv2_Eaf,train,combined_5-tightened,True,model_free-bounds_free,all,0.0,0.0,0.0,0.13333333333333333,0.5532499988873799,178.7,0.38313104165075035,1.9307791015754143,400.0,0.04715644717216492,47.15644717216492,30
12,H8_K2_Meuler_T0.5_Dmix_visual_aligning.models.visual_af_diffusion.VisualAlphaFlow_VTrue_mpc4_filmv2_Eaf,train,combined_5-tightened,True,model_free-bounds_free,unfrozen,0.0,0.0,0.0,0.0,0.4845192294854384,206.19230769230768,0.3852915649587939,2.227289053109976,400.0,0.05441128519865183,54.411285198651825,26
13,H8_K100_T0.5_Dmix_visual_aligning.models.visual_gaussian_diffusion.VisualGaussianDiffusion_VTrue_mpc4_filmv1_Ediffusion,train,combined_5,False,diffuser,all,0.0,0.0,0.0,0.26666666666666666,0.7165833314259847,113.36666666666666,0.33416198034401606,1.0597587592278919,400.0,1.526639359076818,1526.6393590768178,30
13,H8_K100_T0.5_Dmix_visual_aligning.models.visual_gaussian_diffusion.VisualGaussianDiffusion_VTrue_mpc4_filmv1_Ediffusion,train,combined_5,False,diffuser,unfrozen,0.0,0.0,0.0,0.26666666666666666,0.7165833314259847,113.36666666666666,0.33416198034401606,1.0597587592278919,400.0,1.526639359076818,1526.6393590768178,30
13,H8_K100_T0.5_Dmix_visual_aligning.models.visual_gaussian_diffusion.VisualGaussianDiffusion_VTrue_mpc4_filmv1_Ediffusion,train,combined_5,False,dpcc-r,all,0.0,0.0,0.0,0.3157894736842105,0.8435526315789473,62.578947368421055,0.3030233087319916,0.1264464550726961,400.0,8.515579561559779,8515.579561559778,19
13,H8_K100_T0.5_Dmix_visual_aligning.models.visual_gaussian_diffusion.VisualGaussianDiffusion_VTrue_mpc4_filmv1_Ediffusion,train,combined_5,False,dpcc-r,unfrozen,0.0,0.0,0.0,0.3157894736842105,0.8435526315789473,62.578947368421055,0.3030233087319916,0.1264464550726961,400.0,8.515579561559779,8515.579561559778,19
14,H8_K20_T0.5_Dmix_visual_aligning.models.visual_gaussian_diffusion.VisualGaussianDiffusion_VTrue_mpc4_filmv1_Ediffusion,train,combined_5,False,diffuser,all,0.0,0.0,0.0,0.3,0.657083335518837,137.16666666666666,0.39569795736611835,1.733717143163085,400.0,0.29833341040213907,298.333410402139,30
14,H8_K20_T0.5_Dmix_visual_aligning.models.visual_gaussian_diffusion.VisualGaussianDiffusion_VTrue_mpc4_filmv1_Ediffusion,train,combined_5,False,diffuser,unfrozen,0.0,0.0,0.0,0.3,0.657083335518837,137.16666666666666,0.39569795736611835,1.733717143163085,400.0,0.29833341040213907,298.333410402139,30
14,H8_K20_T0.5_Dmix_visual_aligning.models.visual_gaussian_diffusion.VisualGaussianDiffusion_VTrue_mpc4_filmv1_Ediffusion,train,combined_5,False,dpcc-r,all,0.0,0.06666666666666667,0.0,0.1,0.6749999985098839,130.0,0.3666192248251368,0.5609146181493998,400.0,2.1579368804891903,2157.9368804891906,30
14,H8_K20_T0.5_Dmix_visual_aligning.models.visual_gaussian_diffusion.VisualGaussianDiffusion_VTrue_mpc4_filmv1_Ediffusion,train,combined_5,False,dpcc-r,unfrozen,0.0,0.06666666666666667,0.0,0.1,0.6749999985098839,130.0,0.3666192248251368,0.5609146181493998,400.0,2.1579368804891903,2157.9368804891906,30
14,H8_K20_T0.5_Dmix_visual_aligning.models.visual_gaussian_diffusion.VisualGaussianDiffusion_VTrue_mpc4_filmv1_Ediffusion,train,combined_5,False,dpcc-c,all,0.0,0.03333333333333333,0.0,0.13333333333333333,0.6845000008742015,126.2,0.3839608510408769,0.4922473082939784,400.0,2.1193104134202003,2119.3104134202003,30
14,H8_K20_T0.5_Dmix_visual_aligning.models.visual_gaussian_diffusion.VisualGaussianDiffusion_VTrue_mpc4_filmv1_Ediffusion,train,combined_5,False,dpcc-c,unfrozen,0.0,0.03333333333333333,0.0,0.13333333333333333,0.6845000008742015,126.2,0.3839608510408769,0.4922473082939784,400.0,2.1193104134202003,2119.3104134202003,30
14,H8_K20_T0.5_Dmix_visual_aligning.models.visual_gaussian_diffusion.VisualGaussianDiffusion_VTrue_mpc4_filmv1_Ediffusion,train,combined_5,False,dpcc-t,all,0.0,0.0,0.0,0.1,0.660833332935969,135.66666666666666,0.39595279614947854,0.4605366447319587,400.0,1.820241463124752,1820.241463124752,30
14,H8_K20_T0.5_Dmix_visual_aligning.models.visual_gaussian_diffusion.VisualGaussianDiffusion_VTrue_mpc4_filmv1_Ediffusion,train,combined_5,False,dpcc-t,unfrozen,0.0,0.0,0.0,0.1,0.660833332935969,135.66666666666666,0.39595279614947854,0.4605366447319587,400.0,1.820241463124752,1820.241463124752,30
14,H8_K20_T0.5_Dmix_visual_aligning.models.visual_gaussian_diffusion.VisualGaussianDiffusion_VTrue_mpc4_filmv1_Ediffusion,train,combined_5,False,gradient,all,0.0,0.0,0.0,0.36666666666666664,0.6533333311478297,138.66666666666666,0.4095146298655305,1.0882886695985994,400.0,0.31700391334295275,317.0039133429527,30
14,H8_K20_T0.5_Dmix_visual_aligning.models.visual_gaussian_diffusion.VisualGaussianDiffusion_VTrue_mpc4_filmv1_Ediffusion,train,combined_5,False,gradient,unfrozen,0.0,0.0,0.0,0.36666666666666664,0.6533333311478297,138.66666666666666,0.4095146298655305,1.0882886695985994,400.0,0.31700391334295275,317.0039133429527,30
14,H8_K20_T0.5_Dmix_visual_aligning.models.visual_gaussian_diffusion.VisualGaussianDiffusion_VTrue_mpc4_filmv1_Ediffusion,train,combined_5,False,post_processing,all,0.0,0.0,0.0,0.1111111111111111,0.33416666666666667,266.3333333333333,0.4156958586859133,3.0579807107694696,400.0,0.3790018843279944,379.00188432799445,9
14,H8_K20_T0.5_Dmix_visual_aligning.models.visual_gaussian_diffusion.VisualGaussianDiffusion_VTrue_mpc4_filmv1_Ediffusion,train,combined_5,False,post_processing,unfrozen,0.0,0.0,0.0,0.1111111111111111,0.33416666666666667,266.3333333333333,0.4156958586859133,3.0579807107694696,400.0,0.3790018843279944,379.00188432799445,9
15,H8_K100_Meuler_T0.5_Dmix_visual_aligning.models.visual_fm_diffusion.VisualFlowMatching_VTrue_mpc4_filmv1_Efm,train,combined_5,False,diffuser,all,0.0,0.0,0.0,0.1,0.4108333324392637,235.66666666666666,0.37195409955366876,2.3685390720764796,400.0,1.4259838698307672,1425.9838698307674,30
15,H8_K100_Meuler_T0.5_Dmix_visual_aligning.models.visual_fm_diffusion.VisualFlowMatching_VTrue_mpc4_filmv1_Efm,train,combined_5,False,diffuser,unfrozen,0.0,0.0,0.0,0.1,0.4108333324392637,235.66666666666666,0.37195409955366876,2.3685390720764796,400.0,1.4259838698307672,1425.9838698307674,30
15,H8_K100_Meuler_T0.5_Dmix_visual_aligning.models.visual_fm_diffusion.VisualFlowMatching_VTrue_mpc4_filmv1_Efm,train,combined_5,False,dpcc-r,all,0.0,0.0,0.0,0.13636363636363635,0.6884090909090909,124.63636363636364,0.38908845127576547,0.08166015080310932,400.0,7.700307339646599,7700.3073396466,22
15,H8_K100_Meuler_T0.5_Dmix_visual_aligning.models.visual_fm_diffusion.VisualFlowMatching_VTrue_mpc4_filmv1_Efm,train,combined_5,False,dpcc-r,unfrozen,0.0,0.0,0.0,0.13636363636363635,0.6884090909090909,124.63636363636364,0.38908845127576547,0.08166015080310932,400.0,7.700307339646599,7700.3073396466,22
16,H8_K20_Meuler_T0.2_Dmix_visual_aligning.models.visual_fm_diffusion.VisualFlowMatching_VTrue_mpc4_filmv1_Efm,train,combined_5,False,diffuser,all,0.0,0.0,0.0,0.1,0.5484118312597275,132.6,0.30252077951694534,1.1933139303699136,286.7,0.2958427912672043,295.8427912672043,10
16,H8_K20_Meuler_T0.2_Dmix_visual_aligning.models.visual_fm_diffusion.VisualFlowMatching_VTrue_mpc4_filmv1_Efm,train,combined_5,False,diffuser,unfrozen,0.0,0.0,0.0,0.1,0.5484118312597275,132.6,0.30252077951694534,1.1933139303699136,286.7,0.2958427912672043,295.8427912672043,10
16,H8_K20_Meuler_T0.2_Dmix_visual_aligning.models.visual_fm_diffusion.VisualFlowMatching_VTrue_mpc4_filmv1_Efm,train,combined_5,False,dpcc-r,all,0.0,0.0,0.0,0.0,0.6492500007152557,140.3,0.3839856792907372,0.0816886354237795,400.0,0.4509629667401314,450.9629667401314,10
16,H8_K20_Meuler_T0.2_Dmix_visual_aligning.models.visual_fm_diffusion.VisualFlowMatching_VTrue_mpc4_filmv1_Efm,train,combined_5,False,dpcc-r,unfrozen,0.0,0.0,0.0,0.0,0.6492500007152557,140.3,0.3839856792907372,0.0816886354237795,400.0,0.4509629667401314,450.9629667401314,10
16,H8_K20_Meuler_T0.2_Dmix_visual_aligning.models.visual_fm_diffusion.VisualFlowMatching_VTrue_mpc4_filmv1_Efm,train,combined_5,False,dpcc-c,all,0.0,0.0,0.0,0.0,0.6165000021457672,153.4,0.34784788917594567,0.073415033146739,400.0,0.4901069313287735,490.1069313287735,10
16,H8_K20_Meuler_T0.2_Dmix_visual_aligning.models.visual_fm_diffusion.VisualFlowMatching_VTrue_mpc4_filmv1_Efm,train,combined_5,False,dpcc-c,unfrozen,0.0,0.0,0.0,0.0,0.6165000021457672,153.4,0.34784788917594567,0.073415033146739,400.0,0.4901069313287735,490.1069313287735,10
16,H8_K20_Meuler_T0.2_Dmix_visual_aligning.models.visual_fm_diffusion.VisualFlowMatching_VTrue_mpc4_filmv1_Efm,train,combined_5,False,dpcc-t,all,0.0,0.0,0.0,0.0,0.6512500047683716,139.5,0.36995739570575903,0.11790263056755065,400.0,0.48106511378288264,481.0651137828827,10
16,H8_K20_Meuler_T0.2_Dmix_visual_aligning.models.visual_fm_diffusion.VisualFlowMatching_VTrue_mpc4_filmv1_Efm,train,combined_5,False,dpcc-t,unfrozen,0.0,0.0,0.0,0.0,0.6512500047683716,139.5,0.36995739570575903,0.11790263056755065,400.0,0.48106511378288264,481.0651137828827,10
16,H8_K20_Meuler_T0.2_Dmix_visual_aligning.models.visual_fm_diffusion.VisualFlowMatching_VTrue_mpc4_filmv1_Efm,train,combined_5,False,dpcc-c-dt0p25,all,0.0,0.0,0.0,0.0,0.6697499990463257,132.1,0.40820357601394414,0.23922631032764913,400.0,0.5388875631093979,538.8875631093979,10
16,H8_K20_Meuler_T0.2_Dmix_visual_aligning.models.visual_fm_diffusion.VisualFlowMatching_VTrue_mpc4_filmv1_Efm,train,combined_5,False,dpcc-c-dt0p25,unfrozen,0.0,0.0,0.0,0.0,0.6697499990463257,132.1,0.40820357601394414,0.23922631032764913,400.0,0.5388875631093979,538.8875631093979,10
16,H8_K20_Meuler_T0.2_Dmix_visual_aligning.models.visual_fm_diffusion.VisualFlowMatching_VTrue_mpc4_filmv1_Efm,train,combined_5,False,dpcc-c-dt0p5,all,0.0,0.0,0.0,0.1,0.6814999908208847,127.4,0.3835955302589502,0.23063147366046904,400.0,0.5200387262701989,520.0387262701988,10
16,H8_K20_Meuler_T0.2_Dmix_visual_aligning.models.visual_fm_diffusion.VisualFlowMatching_VTrue_mpc4_filmv1_Efm,train,combined_5,False,dpcc-c-dt0p5,unfrozen,0.0,0.0,0.0,0.1,0.6814999908208847,127.4,0.3835955302589502,0.23063147366046904,400.0,0.5200387262701989,520.0387262701988,10
16,H8_K20_Meuler_T0.2_Dmix_visual_aligning.models.visual_fm_diffusion.VisualFlowMatching_VTrue_mpc4_filmv1_Efm,train,combined_5,False,dpcc-c-dt2p0,all,0.0,0.0,0.0,0.1,0.6977499902248383,120.9,0.3891815912491615,0.08409761283546686,400.0,0.4345819245576859,434.58192455768585,10
16,H8_K20_Meuler_T0.2_Dmix_visual_aligning.models.visual_fm_diffusion.VisualFlowMatching_VTrue_mpc4_filmv1_Efm,train,combined_5,False,dpcc-c-dt2p0,unfrozen,0.0,0.0,0.0,0.1,0.6977499902248383,120.9,0.3891815912491615,0.08409761283546686,400.0,0.4345819245576859,434.58192455768585,10
16,H8_K20_Meuler_T0.2_Dmix_visual_aligning.models.visual_fm_diffusion.VisualFlowMatching_VTrue_mpc4_filmv1_Efm,train,combined_5,False,dpcc-c-dt4p0,all,0.0,0.0,0.0,0.2,0.7305000007152558,107.8,0.3925571519880565,0.15270504858344794,400.0,0.3720660960078239,372.06609600782394,10
16,H8_K20_Meuler_T0.2_Dmix_visual_aligning.models.visual_fm_diffusion.VisualFlowMatching_VTrue_mpc4_filmv1_Efm,train,combined_5,False,dpcc-c-dt4p0,unfrozen,0.0,0.0,0.0,0.2,0.7305000007152558,107.8,0.3925571519880565,0.15270504858344794,400.0,0.3720660960078239,372.06609600782394,10
16,H8_K20_Meuler_T0.2_Dmix_visual_aligning.models.visual_fm_diffusion.VisualFlowMatching_VTrue_mpc4_filmv1_Efm,train,combined_5,False,hardflow_sls-r,all,0.0,0.0,0.0,0.0,0.7120000064373017,115.2,0.39417069048554493,0.0677686870098114,400.0,0.5072724609971047,507.27246099710464,10
16,H8_K20_Meuler_T0.2_Dmix_visual_aligning.models.visual_fm_diffusion.VisualFlowMatching_VTrue_mpc4_filmv1_Efm,train,combined_5,False,hardflow_sls-r,unfrozen,0.0,0.0,0.0,0.0,0.7120000064373017,115.2,0.39417069048554493,0.0677686870098114,400.0,0.5072724609971047,507.27246099710464,10
16,H8_K20_Meuler_T0.2_Dmix_visual_aligning.models.visual_fm_diffusion.VisualFlowMatching_VTrue_mpc4_filmv1_Efm,train,combined_5,False,hardflow_sls-c,all,0.0,0.0,0.0,0.0,0.6744999945163727,130.2,0.37734038595754715,0.0741024661809206,400.0,0.6042359414696693,604.2359414696693,10
16,H8_K20_Meuler_T0.2_Dmix_visual_aligning.models.visual_fm_diffusion.VisualFlowMatching_VTrue_mpc4_filmv1_Efm,train,combined_5,False,hardflow_sls-c,unfrozen,0.0,0.0,0.0,0.0,0.6744999945163727,130.2,0.37734038595754715,0.0741024661809206,400.0,0.6042359414696693,604.2359414696693,10
16,H8_K20_Meuler_T0.2_Dmix_visual_aligning.models.visual_fm_diffusion.VisualFlowMatching_VTrue_mpc4_filmv1_Efm,train,combined_5,False,hardflow_sls-t,all,0.0,0.0,0.0,0.0,0.6734999895095826,130.6,0.39191072651604963,0.08790012076497078,400.0,0.5878307656645775,587.8307656645775,10
16,H8_K20_Meuler_T0.2_Dmix_visual_aligning.models.visual_fm_diffusion.VisualFlowMatching_VTrue_mpc4_filmv1_Efm,train,combined_5,False,hardflow_sls-t,unfrozen,0.0,0.0,0.0,0.0,0.6734999895095826,130.6,0.39191072651604963,0.08790012076497078,400.0,0.5878307656645775,587.8307656645775,10
16,H8_K20_Meuler_T0.2_Dmix_visual_aligning.models.visual_fm_diffusion.VisualFlowMatching_VTrue_mpc4_filmv1_Efm,train,combined_5,False,gradient,all,0.0,0.0,0.0,0.1,0.5197849109768867,147.3,0.3726919458344049,1.3516030075028538,273.5,0.3091162404027332,309.11624040273324,10
16,H8_K20_Meuler_T0.2_Dmix_visual_aligning.models.visual_fm_diffusion.VisualFlowMatching_VTrue_mpc4_filmv1_Efm,train,combined_5,False,gradient,unfrozen,0.0,0.0,0.0,0.1,0.5197849109768867,147.3,0.3726919458344049,1.3516030075028538,273.5,0.3091162404027332,309.11624040273324,10
16,H8_K20_Meuler_T0.2_Dmix_visual_aligning.models.visual_fm_diffusion.VisualFlowMatching_VTrue_mpc4_filmv1_Efm,train,combined_5,False,post_processing,all,0.0,0.0,0.0,0.0,0.6017500042915345,159.3,0.4033779292948675,0.26137499026954175,400.0,0.3395824375152588,339.5824375152588,10
16,H8_K20_Meuler_T0.2_Dmix_visual_aligning.models.visual_fm_diffusion.VisualFlowMatching_VTrue_mpc4_filmv1_Efm,train,combined_5,False,post_processing,unfrozen,0.0,0.0,0.0,0.0,0.6017500042915345,159.3,0.4033779292948675,0.26137499026954175,400.0,0.3395824375152588,339.5824375152588,10
16,H8_K20_Meuler_T0.2_Dmix_visual_aligning.models.visual_fm_diffusion.VisualFlowMatching_VTrue_mpc4_filmv1_Efm,train,combined_5,False,model_free,all,0.0,0.0,0.0,0.1,0.48803078532218935,147.7,0.3491657680184876,1.1939701864495873,269.8,0.34862434292612177,348.62434292612176,10
16,H8_K20_Meuler_T0.2_Dmix_visual_aligning.models.visual_fm_diffusion.VisualFlowMatching_VTrue_mpc4_filmv1_Efm,train,combined_5,False,model_free,unfrozen,0.0,0.0,0.0,0.1,0.48803078532218935,147.7,0.3491657680184876,1.1939701864495873,269.8,0.34862434292612177,348.62434292612176,10
16,H8_K20_Meuler_T0.2_Dmix_visual_aligning.models.visual_fm_diffusion.VisualFlowMatching_VTrue_mpc4_filmv1_Efm,train,combined_5,False,geo_free,all,0.0,0.0,0.0,0.0,0.43087456524372103,182.7,0.3647574019779425,1.5053975818678738,278.2,0.3891151635326531,389.11516353265307,10
16,H8_K20_Meuler_T0.2_Dmix_visual_aligning.models.visual_fm_diffusion.VisualFlowMatching_VTrue_mpc4_filmv1_Efm,train,combined_5,False,geo_free,unfrozen,0.0,0.0,0.0,0.0,0.43087456524372103,182.7,0.3647574019779425,1.5053975818678738,278.2,0.3891151635326531,389.11516353265307,10
16,H8_K20_Meuler_T0.2_Dmix_visual_aligning.models.visual_fm_diffusion.VisualFlowMatching_VTrue_mpc4_filmv1_Efm,train,combined_5,False,bounds_free,all,0.0,0.0,0.0,0.0,0.6707500129938125,131.7,0.3489754511504476,0.10232140980660916,400.0,0.6733080042600632,673.3080042600632,10
16,H8_K20_Meuler_T0.2_Dmix_visual_aligning.models.visual_fm_diffusion.VisualFlowMatching_VTrue_mpc4_filmv1_Efm,train,combined_5,False,bounds_free,unfrozen,0.0,0.0,0.0,0.0,0.6707500129938125,131.7,0.3489754511504476,0.10232140980660916,400.0,0.6733080042600632,673.3080042600632,10
16,H8_K20_Meuler_T0.2_Dmix_visual_aligning.models.visual_fm_diffusion.VisualFlowMatching_VTrue_mpc4_filmv1_Efm,train,combined_5,False,geo_free-bounds_free,all,0.0,0.0,0.0,0.1,0.5532643511891365,149.2,0.3634561099111826,1.106419480405748,314.2,0.35410414835925225,354.10414835925224,10
16,H8_K20_Meuler_T0.2_Dmix_visual_aligning.models.visual_fm_diffusion.VisualFlowMatching_VTrue_mpc4_filmv1_Efm,train,combined_5,False,geo_free-bounds_free,unfrozen,0.0,0.0,0.0,0.1,0.5532643511891365,149.2,0.3634561099111826,1.106419480405748,314.2,0.35410414835925225,354.10414835925224,10
16,H8_K20_Meuler_T0.2_Dmix_visual_aligning.models.visual_fm_diffusion.VisualFlowMatching_VTrue_mpc4_filmv1_Efm,train,combined_5,False,geo_free-model_free,all,0.0,0.0,0.0,0.2,0.631323617696762,94.9,0.3490140754379588,0.8488744538277387,276.3,0.3174906617978287,317.4906617978287,10
16,H8_K20_Meuler_T0.2_Dmix_visual_aligning.models.visual_fm_diffusion.VisualFlowMatching_VTrue_mpc4_filmv1_Efm,train,combined_5,False,geo_free-model_free,unfrozen,0.0,0.0,0.0,0.2,0.631323617696762,94.9,0.3490140754379588,0.8488744538277387,276.3,0.3174906617978287,317.4906617978287,10
16,H8_K20_Meuler_T0.2_Dmix_visual_aligning.models.visual_fm_diffusion.VisualFlowMatching_VTrue_mpc4_filmv1_Efm,train,combined_5,False,model_free-bounds_free,all,0.0,0.0,0.0,0.1,0.5336228489875794,133.2,0.359480762582417,1.2173662254586817,278.2,0.32969623508098567,329.6962350809857,10
16,H8_K20_Meuler_T0.2_Dmix_visual_aligning.models.visual_fm_diffusion.VisualFlowMatching_VTrue_mpc4_filmv1_Efm,train,combined_5,False,model_free-bounds_free,unfrozen,0.0,0.0,0.0,0.1,0.5336228489875794,133.2,0.359480762582417,1.2173662254586817,278.2,0.32969623508098567,329.6962350809857,10
16,H8_K20_Meuler_T0.2_Dmix_visual_aligning.models.visual_fm_diffusion.VisualFlowMatching_VTrue_mpc4_filmv1_Efm,train,combined_5-tightened,True,diffuser,all,0.0,0.0,0.0,0.2,0.6054118305444718,109.8,0.34461032263048536,0.9857589586637914,286.7,0.26004622946514067,260.04622946514064,10
16,H8_K20_Meuler_T0.2_Dmix_visual_aligning.models.visual_fm_diffusion.VisualFlowMatching_VTrue_mpc4_filmv1_Efm,train,combined_5-tightened,True,diffuser,unfrozen,0.0,0.0,0.0,0.1111111111111111,0.5615687006049686,122.0,0.3252420218182272,1.0949027966707945,274.1111111111111,0.2889402549612674,288.9402549612674,9
16,H8_K20_Meuler_T0.2_Dmix_visual_aligning.models.visual_fm_diffusion.VisualFlowMatching_VTrue_mpc4_filmv1_Efm,train,combined_5-tightened,True,dpcc-r,all,0.0,0.0,0.0,0.5,0.96424999833107,14.3,0.35082067841392395,0.06056280294433236,400.0,0.4096954977512359,409.69549775123596,10
16,H8_K20_Meuler_T0.2_Dmix_visual_aligning.models.visual_fm_diffusion.VisualFlowMatching_VTrue_mpc4_filmv1_Efm,train,combined_5-tightened,True,dpcc-r,unfrozen,0.0,0.0,0.0,0.4444444444444444,0.960277775923411,15.88888888888889,0.33214241713315895,0.06690706809361775,400.0,0.45521721972359547,455.2172197235955,9
16,H8_K20_Meuler_T0.2_Dmix_visual_aligning.models.visual_fm_diffusion.VisualFlowMatching_VTrue_mpc4_filmv1_Efm,train,combined_5-tightened,True,dpcc-c,all,0.0,0.0,0.0,0.4,0.9627499997615814,14.9,0.35247444702011854,0.05776720056310296,400.0,0.40682034021615976,406.8203402161598,10
16,H8_K20_Meuler_T0.2_Dmix_visual_aligning.models.visual_fm_diffusion.VisualFlowMatching_VTrue_mpc4_filmv1_Efm,train,combined_5-tightened,True,dpcc-c,unfrozen,0.0,0.0,0.0,0.3333333333333333,0.9586111108462015,16.555555555555557,0.3339799378067085,0.06380084322558509,400.0,0.45202260024017754,452.02260024017755,9
16,H8_K20_Meuler_T0.2_Dmix_visual_aligning.models.visual_fm_diffusion.VisualFlowMatching_VTrue_mpc4_filmv1_Efm,train,combined_5-tightened,True,dpcc-t,all,0.0,0.0,0.0,0.6,0.9680000007152557,12.8,0.35249108798066786,0.061549673695117234,400.0,0.4020214979052543,402.02149790525436,10
16,H8_K20_Meuler_T0.2_Dmix_visual_aligning.models.visual_fm_diffusion.VisualFlowMatching_VTrue_mpc4_filmv1_Efm,train,combined_5-tightened,True,dpcc-t,unfrozen,0.0,0.0,0.0,0.5555555555555556,0.964444445239173,14.222222222222221,0.3339984277628744,0.0680035911500454,400.0,0.44669055322806034,446.6905532280604,9
16,H8_K20_Meuler_T0.2_Dmix_visual_aligning.models.visual_fm_diffusion.VisualFlowMatching_VTrue_mpc4_filmv1_Efm,train,combined_5-tightened,True,dpcc-c-dt0p25,all,0.0,0.0,0.0,0.7,0.9599999964237214,16.0,0.37181233205133796,0.12525817463174463,400.0,0.477026804804802,477.02680480480194,10
16,H8_K20_Meuler_T0.2_Dmix_visual_aligning.models.visual_fm_diffusion.VisualFlowMatching_VTrue_mpc4_filmv1_Efm,train,combined_5-tightened,True,dpcc-c-dt0p25,unfrozen,0.0,0.0,0.0,0.6666666666666666,0.9555555515819125,17.77777777777778,0.35546647673028564,0.1387908144129647,400.0,0.5300297831164467,530.0297831164467,9
16,H8_K20_Meuler_T0.2_Dmix_visual_aligning.models.visual_fm_diffusion.VisualFlowMatching_VTrue_mpc4_filmv1_Efm,train,combined_5-tightened,True,dpcc-c-dt0p5,all,0.0,0.0,0.0,0.6,0.9317499935626984,27.3,0.37172944153970783,0.14304514648392797,400.0,0.46795590811967847,467.9559081196785,10
16,H8_K20_Meuler_T0.2_Dmix_visual_aligning.models.visual_fm_diffusion.VisualFlowMatching_VTrue_mpc4_filmv1_Efm,train,combined_5-tightened,True,dpcc-c-dt0p5,unfrozen,0.0,0.0,0.0,0.5555555555555556,0.9241666595141093,30.333333333333332,0.3553743761618077,0.1585541164709462,400.0,0.519951009021865,519.951009021865,9
16,H8_K20_Meuler_T0.2_Dmix_visual_aligning.models.visual_fm_diffusion.VisualFlowMatching_VTrue_mpc4_filmv1_Efm,train,combined_5-tightened,True,dpcc-c-dt2p0,all,0.0,0.0,0.0,0.3,0.9442499995231628,22.3,0.38918159124746404,0.07063852967694402,400.0,0.3740947919487953,374.0947919487953,10
16,H8_K20_Meuler_T0.2_Dmix_visual_aligning.models.visual_fm_diffusion.VisualFlowMatching_VTrue_mpc4_filmv1_Efm,train,combined_5-tightened,True,dpcc-c-dt2p0,unfrozen,0.0,0.0,0.0,0.2222222222222222,0.9380555550257365,24.77777777777778,0.3747656536148702,0.07810232001874182,400.0,0.4156608799431059,415.6608799431059,9
16,H8_K20_Meuler_T0.2_Dmix_visual_aligning.models.visual_fm_diffusion.VisualFlowMatching_VTrue_mpc4_filmv1_Efm,train,combined_5-tightened,True,dpcc-c-dt4p0,all,0.0,0.0,0.0,0.5,0.9730000019073486,10.8,0.3891815912534839,0.059834970999509095,400.0,0.33920902079343795,339.20902079343796,10
16,H8_K20_Meuler_T0.2_Dmix_visual_aligning.models.visual_fm_diffusion.VisualFlowMatching_VTrue_mpc4_filmv1_Efm,train,combined_5-tightened,True,dpcc-c-dt4p0,unfrozen,0.0,0.0,0.0,0.4444444444444444,0.9700000021192763,12.0,0.3747656536215589,0.06609836593270302,400.0,0.37689891199270886,376.89891199270886,9
16,H8_K20_Meuler_T0.2_Dmix_visual_aligning.models.visual_fm_diffusion.VisualFlowMatching_VTrue_mpc4_filmv1_Efm,train,combined_5-tightened,True,hardflow_sls-r,all,0.0,0.0,0.0,0.6,0.9700000047683716,12.0,0.3956043806369177,0.05448032999411225,400.0,0.4979762415289879,497.9762415289879,10
16,H8_K20_Meuler_T0.2_Dmix_visual_aligning.models.visual_fm_diffusion.VisualFlowMatching_VTrue_mpc4_filmv1_Efm,train,combined_5-tightened,True,hardflow_sls-r,unfrozen,0.0,0.0,0.0,0.5555555555555556,0.9666666719648573,13.333333333333334,0.38190208626981875,0.06014876481559542,400.0,0.5533069350322087,553.3069350322088,9
16,H8_K20_Meuler_T0.2_Dmix_visual_aligning.models.visual_fm_diffusion.VisualFlowMatching_VTrue_mpc4_filmv1_Efm,train,combined_5-tightened,True,hardflow_sls-c,all,0.0,0.0,0.0,0.5,0.9740000009536743,10.4,0.3558828136025535,0.06055457750335336,400.0,0.5024065638184547,502.40656381845474,10
16,H8_K20_Meuler_T0.2_Dmix_visual_aligning.models.visual_fm_diffusion.VisualFlowMatching_VTrue_mpc4_filmv1_Efm,train,combined_5-tightened,True,hardflow_sls-c,unfrozen,0.0,0.0,0.0,0.4444444444444444,0.9711111121707492,11.555555555555555,0.3377670117871918,0.0668979287147522,400.0,0.5582295153538386,558.2295153538386,9
16,H8_K20_Meuler_T0.2_Dmix_visual_aligning.models.visual_fm_diffusion.VisualFlowMatching_VTrue_mpc4_filmv1_Efm,train,combined_5-tightened,True,hardflow_sls-t,all,0.0,0.0,0.0,0.5,0.9812500059604645,7.5,0.3581049424658439,0.06472803922370077,400.0,0.4524361943006515,452.43619430065155,10
16,H8_K20_Meuler_T0.2_Dmix_visual_aligning.models.visual_fm_diffusion.VisualFlowMatching_VTrue_mpc4_filmv1_Efm,train,combined_5-tightened,True,hardflow_sls-t,unfrozen,0.0,0.0,0.0,0.4444444444444444,0.979166673289405,8.333333333333334,0.3402360438575145,0.07153510840402709,400.0,0.5027068825562795,502.7068825562795,9
16,H8_K20_Meuler_T0.2_Dmix_visual_aligning.models.visual_fm_diffusion.VisualFlowMatching_VTrue_mpc4_filmv1_Efm,train,combined_5-tightened,True,gradient,all,0.0,0.0,0.0,0.1,0.5250149235129357,143.4,0.3528549732983256,1.3432419312186539,289.3,0.2653374822263511,265.33748222635114,10
16,H8_K20_Meuler_T0.2_Dmix_visual_aligning.models.visual_fm_diffusion.VisualFlowMatching_VTrue_mpc4_filmv1_Efm,train,combined_5-tightened,True,gradient,unfrozen,0.0,0.0,0.0,0.0,0.47223880390326184,159.33333333333334,0.3344027447824941,1.4921060995095305,277.0,0.2948194246959457,294.8194246959457,9
16,H8_K20_Meuler_T0.2_Dmix_visual_aligning.models.visual_fm_diffusion.VisualFlowMatching_VTrue_mpc4_filmv1_Efm,train,combined_5-tightened,True,post_processing,all,0.0,0.0,0.0,0.4,0.9632500052452088,14.7,0.3801915058734034,0.16876350091770292,400.0,0.29208077532052995,292.08077532052994,10
16,H8_K20_Meuler_T0.2_Dmix_visual_aligning.models.visual_fm_diffusion.VisualFlowMatching_VTrue_mpc4_filmv1_Efm,train,combined_5-tightened,True,post_processing,unfrozen,0.0,0.0,0.0,0.3333333333333333,0.9591666724946764,16.333333333333332,0.3647766698659139,0.18713006584180725,400.0,0.3245341948005888,324.5341948005888,9
16,H8_K20_Meuler_T0.2_Dmix_visual_aligning.models.visual_fm_diffusion.VisualFlowMatching_VTrue_mpc4_filmv1_Efm,train,combined_5-tightened,True,model_free,all,0.0,0.0,0.0,0.2,0.6068213582038879,100.6,0.37953839545645623,0.890692290570587,256.6,0.3103929813678639,310.39298136786385,10
16,H8_K20_Meuler_T0.2_Dmix_visual_aligning.models.visual_fm_diffusion.VisualFlowMatching_VTrue_mpc4_filmv1_Efm,train,combined_5-tightened,True,model_free,unfrozen,0.0,0.0,0.0,0.1111111111111111,0.5631348424487643,111.77777777777777,0.3640509916248615,0.9892731654561229,240.66666666666666,0.34488109040873766,344.88109040873763,9
16,H8_K20_Meuler_T0.2_Dmix_visual_aligning.models.visual_fm_diffusion.VisualFlowMatching_VTrue_mpc4_filmv1_Efm,train,combined_5-tightened,True,geo_free,all,0.0,0.0,0.0,0.1,0.5061429053544998,152.7,0.3647574019779425,1.2097821376286446,278.1,0.3477155502357361,347.71555023573603,10
16,H8_K20_Meuler_T0.2_Dmix_visual_aligning.models.visual_fm_diffusion.VisualFlowMatching_VTrue_mpc4_filmv1_Efm,train,combined_5-tightened,True,geo_free,unfrozen,0.0,0.0,0.0,0.0,0.45126989483833313,169.66666666666666,0.34762766553762403,1.343817439965076,264.55555555555554,0.3863506113730401,386.35061137304007,9
16,H8_K20_Meuler_T0.2_Dmix_visual_aligning.models.visual_fm_diffusion.VisualFlowMatching_VTrue_mpc4_filmv1_Efm,train,combined_5-tightened,True,bounds_free,all,0.0,0.0,0.0,0.5,0.9582499980926513,16.7,0.36918959703429743,0.05841518091037869,400.0,0.40292852914333344,402.92852914333344,10
16,H8_K20_Meuler_T0.2_Dmix_visual_aligning.models.visual_fm_diffusion.VisualFlowMatching_VTrue_mpc4_filmv1_Efm,train,combined_5-tightened,True,bounds_free,unfrozen,0.0,0.0,0.0,0.4444444444444444,0.9536111089918349,18.555555555555557,0.3525523267113517,0.0645208213892248,400.0,0.4476983657148149,447.69836571481494,9
16,H8_K20_Meuler_T0.2_Dmix_visual_aligning.models.visual_fm_diffusion.VisualFlowMatching_VTrue_mpc4_filmv1_Efm,train,combined_5-tightened,True,geo_free-bounds_free,all,0.0,0.0,0.0,0.1,0.554134638607502,148.9,0.3710106571914146,1.1024538555182517,313.6,0.32012694524953755,320.1269452495375,10
16,H8_K20_Meuler_T0.2_Dmix_visual_aligning.models.visual_fm_diffusion.VisualFlowMatching_VTrue_mpc4_filmv1_Efm,train,combined_5-tightened,True,geo_free-bounds_free,unfrozen,0.0,0.0,0.0,0.0,0.5045940428972244,165.44444444444446,0.3545757268859263,1.2245637931757503,304.0,0.3556966058328195,355.6966058328195,9
16,H8_K20_Meuler_T0.2_Dmix_visual_aligning.models.visual_fm_diffusion.VisualFlowMatching_VTrue_mpc4_filmv1_Efm,train,combined_5-tightened,True,geo_free-model_free,all,0.0,0.0,0.0,0.2,0.6316460371017456,94.8,0.3490140754379588,0.8463752896524965,276.1,0.28532723278536914,285.3272327853691,10
16,H8_K20_Meuler_T0.2_Dmix_visual_aligning.models.visual_fm_diffusion.VisualFlowMatching_VTrue_mpc4_filmv1_Efm,train,combined_5-tightened,True,geo_free-model_free,unfrozen,0.0,0.0,0.0,0.1111111111111111,0.5907178190019395,105.33333333333333,0.3301350804931977,0.9400320533249114,262.3333333333333,0.3170302586504101,317.03025865041013,9
16,H8_K20_Meuler_T0.2_Dmix_visual_aligning.models.visual_fm_diffusion.VisualFlowMatching_VTrue_mpc4_filmv1_Efm,train,combined_5-tightened,True,model_free-bounds_free,all,0.0,0.0,0.0,0.2,0.6179583251476288,105.6,0.3539537958372415,0.9661352624185383,285.2,0.2996000463359746,299.6000463359746,10
16,H8_K20_Meuler_T0.2_Dmix_visual_aligning.models.visual_fm_diffusion.VisualFlowMatching_VTrue_mpc4_filmv1_Efm,train,combined_5-tightened,True,model_free-bounds_free,unfrozen,0.0,0.0,0.0,0.1111111111111111,0.575509250164032,117.33333333333333,0.3356236587146229,1.0730986897316244,272.44444444444446,0.3328889403733051,332.8889403733051,9
17,H8_K20_Meuler_T0.5_Dmix_visual_aligning.models.visual_fm_diffusion.VisualFlowMatching_VTrue_mpc4_filmv1_Efm,train,combined_5,False,diffuser,all,0.0,0.0,0.0,0.1,0.4220833346247673,231.16666666666666,0.36351748825740854,2.2924346662436923,400.0,0.29388039670387905,293.88039670387906,30
17,H8_K20_Meuler_T0.5_Dmix_visual_aligning.models.visual_fm_diffusion.VisualFlowMatching_VTrue_mpc4_filmv1_Efm,train,combined_5,False,diffuser,unfrozen,0.0,0.0,0.0,0.1,0.4220833346247673,231.16666666666666,0.36351748825740854,2.2924346662436923,400.0,0.29388039670387905,293.88039670387906,30
17,H8_K20_Meuler_T0.5_Dmix_visual_aligning.models.visual_fm_diffusion.VisualFlowMatching_VTrue_mpc4_filmv1_Efm,train,combined_5,False,dpcc-r,all,0.0,0.0,0.0,0.06666666666666667,0.6559166679779689,137.63333333333333,0.36449529802583813,0.0901709462205569,400.0,1.0729498825867971,1072.949882586797,30
17,H8_K20_Meuler_T0.5_Dmix_visual_aligning.models.visual_fm_diffusion.VisualFlowMatching_VTrue_mpc4_filmv1_Efm,train,combined_5,False,dpcc-r,unfrozen,0.0,0.0,0.0,0.06666666666666667,0.6559166679779689,137.63333333333333,0.36449529802583813,0.0901709462205569,400.0,1.0729498825867971,1072.949882586797,30
17,H8_K20_Meuler_T0.5_Dmix_visual_aligning.models.visual_fm_diffusion.VisualFlowMatching_VTrue_mpc4_filmv1_Efm,train,combined_5,False,dpcc-c,all,0.0,0.0,0.0,0.0,0.6904166668653489,123.83333333333333,0.37905921615305294,0.087097771341602,400.0,1.0990979106227556,1099.0979106227558,30
17,H8_K20_Meuler_T0.5_Dmix_visual_aligning.models.visual_fm_diffusion.VisualFlowMatching_VTrue_mpc4_filmv1_Efm,train,combined_5,False,dpcc-c,unfrozen,0.0,0.0,0.0,0.0,0.6904166668653489,123.83333333333333,0.37905921615305294,0.087097771341602,400.0,1.0990979106227556,1099.0979106227558,30
17,H8_K20_Meuler_T0.5_Dmix_visual_aligning.models.visual_fm_diffusion.VisualFlowMatching_VTrue_mpc4_filmv1_Efm,train,combined_5,False,dpcc-t,all,0.0,0.0,0.0,0.03333333333333333,0.68125,127.5,0.36170526527119873,0.11229480088998874,400.0,1.0659956634640693,1065.9956634640694,30
17,H8_K20_Meuler_T0.5_Dmix_visual_aligning.models.visual_fm_diffusion.VisualFlowMatching_VTrue_mpc4_filmv1_Efm,train,combined_5,False,dpcc-t,unfrozen,0.0,0.0,0.0,0.03333333333333333,0.68125,127.5,0.36170526527119873,0.11229480088998874,400.0,1.0659956634640693,1065.9956634640694,30
17,H8_K20_Meuler_T0.5_Dmix_visual_aligning.models.visual_fm_diffusion.VisualFlowMatching_VTrue_mpc4_filmv1_Efm,train,combined_5,False,gradient,all,0.0,0.0,0.0,0.06666666666666667,0.34625000059604644,261.5,0.3677802058742267,2.535637676715851,400.0,0.30466797534624734,304.6679753462474,30
17,H8_K20_Meuler_T0.5_Dmix_visual_aligning.models.visual_fm_diffusion.VisualFlowMatching_VTrue_mpc4_filmv1_Efm,train,combined_5,False,gradient,unfrozen,0.0,0.0,0.0,0.06666666666666667,0.34625000059604644,261.5,0.3677802058742267,2.535637676715851,400.0,0.30466797534624734,304.6679753462474,30
17,H8_K20_Meuler_T0.5_Dmix_visual_aligning.models.visual_fm_diffusion.VisualFlowMatching_VTrue_mpc4_filmv1_Efm,train,combined_5,False,post_processing,all,0.0,0.0,0.0,0.13333333333333333,0.6804166704416275,127.83333333333333,0.37969613591983425,0.20587937124073505,400.0,0.32316402516762416,323.1640251676242,30
17,H8_K20_Meuler_T0.5_Dmix_visual_aligning.models.visual_fm_diffusion.VisualFlowMatching_VTrue_mpc4_filmv1_Efm,train,combined_5,False,post_processing,unfrozen,0.0,0.0,0.0,0.13333333333333333,0.6804166704416275,127.83333333333333,0.37969613591983425,0.20587937124073505,400.0,0.32316402516762416,323.1640251676242,30
17,H8_K20_Meuler_T0.5_Dmix_visual_aligning.models.visual_fm_diffusion.VisualFlowMatching_VTrue_mpc4_filmv1_Efm,train,combined_5,False,model_free,all,0.0,0.0,0.0,0.1,0.41658333539962766,233.36666666666667,0.3425689469197086,2.3008224699646234,400.0,0.4146305798490842,414.6305798490842,30
17,H8_K20_Meuler_T0.5_Dmix_visual_aligning.models.visual_fm_diffusion.VisualFlowMatching_VTrue_mpc4_filmv1_Efm,train,combined_5,False,model_free,unfrozen,0.0,0.0,0.0,0.1,0.41658333539962766,233.36666666666667,0.3425689469197086,2.3008224699646234,400.0,0.4146305798490842,414.6305798490842,30
17,H8_K20_Meuler_T0.5_Dmix_visual_aligning.models.visual_fm_diffusion.VisualFlowMatching_VTrue_mpc4_filmv1_Efm,train,combined_5,False,geo_free,all,0.0,0.0,0.0,0.13333333333333333,0.38225000103314716,247.1,0.36465142431605524,1.7770633263513447,400.0,0.5165081945856412,516.5081945856413,30
17,H8_K20_Meuler_T0.5_Dmix_visual_aligning.models.visual_fm_diffusion.VisualFlowMatching_VTrue_mpc4_filmv1_Efm,train,combined_5,False,geo_free,unfrozen,0.0,0.0,0.0,0.13333333333333333,0.38225000103314716,247.1,0.36465142431605524,1.7770633263513447,400.0,0.5165081945856412,516.5081945856413,30
17,H8_K20_Meuler_T0.5_Dmix_visual_aligning.models.visual_fm_diffusion.VisualFlowMatching_VTrue_mpc4_filmv1_Efm,train,combined_5,False,bounds_free,all,0.0,0.0,0.0,0.06666666666666667,0.6951666633288066,121.93333333333334,0.3522879279740787,0.0755705556521813,400.0,1.3196472822626433,1319.647282262643,30
17,H8_K20_Meuler_T0.5_Dmix_visual_aligning.models.visual_fm_diffusion.VisualFlowMatching_VTrue_mpc4_filmv1_Efm,train,combined_5,False,bounds_free,unfrozen,0.0,0.0,0.0,0.06666666666666667,0.6951666633288066,121.93333333333334,0.3522879279740787,0.0755705556521813,400.0,1.3196472822626433,1319.647282262643,30
17,H8_K20_Meuler_T0.5_Dmix_visual_aligning.models.visual_fm_diffusion.VisualFlowMatching_VTrue_mpc4_filmv1_Efm,train,combined_5,False,geo_free-bounds_free,all,0.0,0.0,0.0,0.0,0.25275,298.9,0.36394692228146247,1.9150371926447989,400.0,0.4740371078848839,474.0371078848839,10
17,H8_K20_Meuler_T0.5_Dmix_visual_aligning.models.visual_fm_diffusion.VisualFlowMatching_VTrue_mpc4_filmv1_Efm,train,combined_5,False,geo_free-bounds_free,unfrozen,0.0,0.0,0.0,0.0,0.25275,298.9,0.36394692228146247,1.9150371926447989,400.0,0.4740371078848839,474.0371078848839,10
18,H8_K2_Meuler_T0.5_Dmix_visual_aligning.models.visual_mf_diffusion.VisualMeanFlow_VTrue_mpc4_Bdit_Emf,train,combined_5,False,diffuser,all,0.03333333333333333,0.03333333333333333,0.0,0.13333333333333333,0.7054400751988094,117.73333333333333,0.4187393072609448,0.28398367402454217,398.53333333333336,0.03242497500118691,32.424975001186915,30
18,H8_K2_Meuler_T0.5_Dmix_visual_aligning.models.visual_mf_diffusion.VisualMeanFlow_VTrue_mpc4_Bdit_Emf,train,combined_5,False,diffuser,unfrozen,0.03333333333333333,0.03333333333333333,0.0,0.13333333333333333,0.7054400751988094,117.73333333333333,0.4187393072609448,0.28398367402454217,398.53333333333336,0.03242497500118691,32.424975001186915,30
18,H8_K2_Meuler_T0.5_Dmix_visual_aligning.models.visual_mf_diffusion.VisualMeanFlow_VTrue_mpc4_Bdit_Emf,train,combined_5,False,dpcc-r,all,0.0,0.06666666666666667,0.0,0.2,0.8930000027020772,42.8,0.40328963311145033,0.12316795196384192,400.0,0.056660946726799014,56.66094672679901,30
18,H8_K2_Meuler_T0.5_Dmix_visual_aligning.models.visual_mf_diffusion.VisualMeanFlow_VTrue_mpc4_Bdit_Emf,train,combined_5,False,dpcc-r,unfrozen,0.0,0.06666666666666667,0.0,0.2,0.8930000027020772,42.8,0.40328963311145033,0.12316795196384192,400.0,0.056660946726799014,56.66094672679901,30
18,H8_K2_Meuler_T0.5_Dmix_visual_aligning.models.visual_mf_diffusion.VisualMeanFlow_VTrue_mpc4_Bdit_Emf,train,combined_5,False,dpcc-c,all,0.0,0.1,0.0,0.3,0.9195833325386047,32.166666666666664,0.35767987423703546,0.11700500026345254,400.0,0.055961350897947945,55.961350897947945,30
18,H8_K2_Meuler_T0.5_Dmix_visual_aligning.models.visual_mf_diffusion.VisualMeanFlow_VTrue_mpc4_Bdit_Emf,train,combined_5,False,dpcc-c,unfrozen,0.0,0.1,0.0,0.3,0.9195833325386047,32.166666666666664,0.35767987423703546,0.11700500026345254,400.0,0.055961350897947945,55.961350897947945,30
18,H8_K2_Meuler_T0.5_Dmix_visual_aligning.models.visual_mf_diffusion.VisualMeanFlow_VTrue_mpc4_Bdit_Emf,train,combined_5,False,dpcc-t,all,0.0,0.03333333333333333,0.0,0.3,0.9245000024636586,30.2,0.35750143531209405,0.11918661122520764,390.2,0.05624901761948688,56.24901761948687,30
18,H8_K2_Meuler_T0.5_Dmix_visual_aligning.models.visual_mf_diffusion.VisualMeanFlow_VTrue_mpc4_Bdit_Emf,train,combined_5,False,dpcc-t,unfrozen,0.0,0.03333333333333333,0.0,0.3,0.9245000024636586,30.2,0.35750143531209405,0.11918661122520764,390.2,0.05624901761948688,56.24901761948687,30
18,H8_K2_Meuler_T0.5_Dmix_visual_aligning.models.visual_mf_diffusion.VisualMeanFlow_VTrue_mpc4_Bdit_Emf,train,combined_5,False,dpcc-c-dt0p25,all,0.0,0.0,0.0,0.26666666666666666,0.9254166682561239,29.833333333333332,0.37159847110467925,0.16979120646913845,400.0,0.0719466058810552,71.94660588105519,30
18,H8_K2_Meuler_T0.5_Dmix_visual_aligning.models.visual_mf_diffusion.VisualMeanFlow_VTrue_mpc4_Bdit_Emf,train,combined_5,False,dpcc-c-dt0p25,unfrozen,0.0,0.0,0.0,0.26666666666666666,0.9254166682561239,29.833333333333332,0.37159847110467925,0.16979120646913845,400.0,0.0719466058810552,71.94660588105519,30
18,H8_K2_Meuler_T0.5_Dmix_visual_aligning.models.visual_mf_diffusion.VisualMeanFlow_VTrue_mpc4_Bdit_Emf,train,combined_5,False,dpcc-c-dt0p5,all,0.0,0.06666666666666667,0.0,0.16666666666666666,0.9132499953111013,34.7,0.35592325299921584,0.1364430949712793,400.0,0.06412153881788255,64.12153881788254,30
18,H8_K2_Meuler_T0.5_Dmix_visual_aligning.models.visual_mf_diffusion.VisualMeanFlow_VTrue_mpc4_Bdit_Emf,train,combined_5,False,dpcc-c-dt0p5,unfrozen,0.0,0.06666666666666667,0.0,0.16666666666666666,0.9132499953111013,34.7,0.35592325299921584,0.1364430949712793,400.0,0.06412153881788255,64.12153881788254,30
18,H8_K2_Meuler_T0.5_Dmix_visual_aligning.models.visual_mf_diffusion.VisualMeanFlow_VTrue_mpc4_Bdit_Emf,train,combined_5,False,dpcc-c-dt2p0,all,0.0,0.0,0.0,0.13333333333333333,0.8949166675408681,42.03333333333333,0.3799758674798604,0.08089154101908207,400.0,0.055221783300240836,55.22178330024084,30
18,H8_K2_Meuler_T0.5_Dmix_visual_aligning.models.visual_mf_diffusion.VisualMeanFlow_VTrue_mpc4_Bdit_Emf,train,combined_5,False,dpcc-c-dt2p0,unfrozen,0.0,0.0,0.0,0.13333333333333333,0.8949166675408681,42.03333333333333,0.3799758674798604,0.08089154101908207,400.0,0.055221783300240836,55.22178330024084,30
18,H8_K2_Meuler_T0.5_Dmix_visual_aligning.models.visual_mf_diffusion.VisualMeanFlow_VTrue_mpc4_Bdit_Emf,train,combined_5,False,dpcc-c-dt4p0,all,0.0,0.0,0.0,0.23333333333333334,0.9001666665077209,39.93333333333333,0.38636732232927273,0.08865388836711645,400.0,0.05303605568408966,53.03605568408966,30
18,H8_K2_Meuler_T0.5_Dmix_visual_aligning.models.visual_mf_diffusion.VisualMeanFlow_VTrue_mpc4_Bdit_Emf,train,combined_5,False,dpcc-c-dt4p0,unfrozen,0.0,0.0,0.0,0.23333333333333334,0.9001666665077209,39.93333333333333,0.38636732232927273,0.08865388836711645,400.0,0.05303605568408966,53.03605568408966,30
18,H8_K2_Meuler_T0.5_Dmix_visual_aligning.models.visual_mf_diffusion.VisualMeanFlow_VTrue_mpc4_Bdit_Emf,train,combined_5,False,gradient,all,0.06666666666666667,0.13333333333333333,0.03333333333333333,0.16666666666666666,0.7266856362422307,108.86666666666666,0.4567924282710167,0.289659604554375,386.1,0.03467209558646535,34.67209558646535,30
18,H8_K2_Meuler_T0.5_Dmix_visual_aligning.models.visual_mf_diffusion.VisualMeanFlow_VTrue_mpc4_Bdit_Emf,train,combined_5,False,gradient,unfrozen,0.06666666666666667,0.13333333333333333,0.03333333333333333,0.16666666666666666,0.7266856362422307,108.86666666666666,0.4567924282710167,0.289659604554375,386.1,0.03467209558646535,34.67209558646535,30
18,H8_K2_Meuler_T0.5_Dmix_visual_aligning.models.visual_mf_diffusion.VisualMeanFlow_VTrue_mpc4_Bdit_Emf,train,combined_5,False,post_processing,all,0.0,0.06666666666666667,0.0,0.16666666666666666,0.8965000033378601,41.4,0.3925894375845479,0.12067791881660621,400.0,0.05643450796604156,56.434507966041565,30
18,H8_K2_Meuler_T0.5_Dmix_visual_aligning.models.visual_mf_diffusion.VisualMeanFlow_VTrue_mpc4_Bdit_Emf,train,combined_5,False,post_processing,unfrozen,0.0,0.06666666666666667,0.0,0.16666666666666666,0.8965000033378601,41.4,0.3925894375845479,0.12067791881660621,400.0,0.05643450796604156,56.434507966041565,30
18,H8_K2_Meuler_T0.5_Dmix_visual_aligning.models.visual_mf_diffusion.VisualMeanFlow_VTrue_mpc4_Bdit_Emf,train,combined_5,False,model_free,all,0.03333333333333333,0.06666666666666667,0.0,0.06666666666666667,0.7059289624293645,116.03333333333333,0.4434115253271675,0.32119037012259166,390.73333333333335,0.04467925657926362,44.679256579263615,30
18,H8_K2_Meuler_T0.5_Dmix_visual_aligning.models.visual_mf_diffusion.VisualMeanFlow_VTrue_mpc4_Bdit_Emf,train,combined_5,False,model_free,unfrozen,0.03333333333333333,0.06666666666666667,0.0,0.06666666666666667,0.7059289624293645,116.03333333333333,0.4434115253271675,0.32119037012259166,390.73333333333335,0.04467925657926362,44.679256579263615,30
18,H8_K2_Meuler_T0.5_Dmix_visual_aligning.models.visual_mf_diffusion.VisualMeanFlow_VTrue_mpc4_Bdit_Emf,train,combined_5,False,geo_free,all,0.0,0.0,0.0,0.13333333333333333,0.6526666656136513,138.93333333333334,0.4166349238496573,0.1835090052957336,400.0,0.04518148273229599,45.18148273229599,30
18,H8_K2_Meuler_T0.5_Dmix_visual_aligning.models.visual_mf_diffusion.VisualMeanFlow_VTrue_mpc4_Bdit_Emf,train,combined_5,False,geo_free,unfrozen,0.0,0.0,0.0,0.13333333333333333,0.6526666656136513,138.93333333333334,0.4166349238496573,0.1835090052957336,400.0,0.04518148273229599,45.18148273229599,30
18,H8_K2_Meuler_T0.5_Dmix_visual_aligning.models.visual_mf_diffusion.VisualMeanFlow_VTrue_mpc4_Bdit_Emf,train,combined_5,False,bounds_free,all,0.03333333333333333,0.06666666666666667,0.0,0.26666666666666666,0.9203420380751292,31.4,0.32530696107621093,0.12858166160682838,391.1333333333333,0.05016663452938421,50.16663452938421,30
18,H8_K2_Meuler_T0.5_Dmix_visual_aligning.models.visual_mf_diffusion.VisualMeanFlow_VTrue_mpc4_Bdit_Emf,train,combined_5,False,bounds_free,unfrozen,0.03333333333333333,0.06666666666666667,0.0,0.26666666666666666,0.9203420380751292,31.4,0.32530696107621093,0.12858166160682838,391.1333333333333,0.05016663452938421,50.16663452938421,30
18,H8_K2_Meuler_T0.5_Dmix_visual_aligning.models.visual_mf_diffusion.VisualMeanFlow_VTrue_mpc4_Bdit_Emf,train,combined_5,False,geo_free-bounds_free,all,0.03333333333333333,0.06666666666666667,0.0,0.13333333333333333,0.655218067765236,137.0,0.39362561257493933,0.2383466036990285,390.23333333333335,0.043109895861037424,43.10989586103742,30
18,H8_K2_Meuler_T0.5_Dmix_visual_aligning.models.visual_mf_diffusion.VisualMeanFlow_VTrue_mpc4_Bdit_Emf,train,combined_5,False,geo_free-bounds_free,unfrozen,0.03333333333333333,0.06666666666666667,0.0,0.13333333333333333,0.655218067765236,137.0,0.39362561257493933,0.2383466036990285,390.23333333333335,0.043109895861037424,43.10989586103742,30
18,H8_K2_Meuler_T0.5_Dmix_visual_aligning.models.visual_mf_diffusion.VisualMeanFlow_VTrue_mpc4_Bdit_Emf,train,combined_5,False,geo_free-model_free,all,0.03333333333333333,0.03333333333333333,0.0,0.06666666666666667,0.6793456296126048,126.66666666666667,0.45704183004700955,0.3214777703086535,390.73333333333335,0.040072322071575725,40.07232207157573,30
18,H8_K2_Meuler_T0.5_Dmix_visual_aligning.models.visual_mf_diffusion.VisualMeanFlow_VTrue_mpc4_Bdit_Emf,train,combined_5,False,geo_free-model_free,unfrozen,0.03333333333333333,0.03333333333333333,0.0,0.06666666666666667,0.6793456296126048,126.66666666666667,0.45704183004700955,0.3214777703086535,390.73333333333335,0.040072322071575725,40.07232207157573,30
18,H8_K2_Meuler_T0.5_Dmix_visual_aligning.models.visual_mf_diffusion.VisualMeanFlow_VTrue_mpc4_Bdit_Emf,train,combined_5,False,model_free-bounds_free,all,0.03333333333333333,0.06666666666666667,0.0,0.06666666666666667,0.7127622971932094,113.3,0.4459922634417535,0.31969834566116334,390.73333333333335,0.04182870854478064,41.828708544780646,30
18,H8_K2_Meuler_T0.5_Dmix_visual_aligning.models.visual_mf_diffusion.VisualMeanFlow_VTrue_mpc4_Bdit_Emf,train,combined_5,False,model_free-bounds_free,unfrozen,0.03333333333333333,0.06666666666666667,0.0,0.06666666666666667,0.7127622971932094,113.3,0.4459922634417535,0.31969834566116334,390.73333333333335,0.04182870854478064,41.828708544780646,30
18,H8_K2_Meuler_T0.5_Dmix_visual_aligning.models.visual_mf_diffusion.VisualMeanFlow_VTrue_mpc4_Bdit_Emf,train,combined_5-tightened,True,diffuser,all,0.0,0.03333333333333333,0.0,0.23333333333333334,0.6762499953309695,129.5,0.447960455946873,0.3172904300192992,400.0,0.027857736766338348,27.85773676633835,30
18,H8_K2_Meuler_T0.5_Dmix_visual_aligning.models.visual_mf_diffusion.VisualMeanFlow_VTrue_mpc4_Bdit_Emf,train,combined_5-tightened,True,diffuser,unfrozen,0.0,0.038461538461538464,0.0,0.11538461538461539,0.6264423023049648,149.42307692307693,0.46009473530047384,0.36557135516061234,400.0,0.032143542422698096,32.1435424226981,26
18,H8_K2_Meuler_T0.5_Dmix_visual_aligning.models.visual_mf_diffusion.VisualMeanFlow_VTrue_mpc4_Bdit_Emf,train,combined_5-tightened,True,dpcc-r,all,0.0,0.0,0.0,0.8,0.9889999985694885,4.4,0.3387056282048179,0.20180608294904231,400.0,0.05697192180156708,56.97192180156708,30
18,H8_K2_Meuler_T0.5_Dmix_visual_aligning.models.visual_mf_diffusion.VisualMeanFlow_VTrue_mpc4_Bdit_Emf,train,combined_5-tightened,True,dpcc-r,unfrozen,0.0,0.0,0.0,0.7692307692307693,0.9873076906571021,5.076923076923077,0.33403147252117954,0.23232018546416208,400.0,0.06573683284796202,65.736832847962,26
18,H8_K2_Meuler_T0.5_Dmix_visual_aligning.models.visual_mf_diffusion.VisualMeanFlow_VTrue_mpc4_Bdit_Emf,train,combined_5-tightened,True,dpcc-c,all,0.0,0.0,0.0,0.8333333333333334,0.9894166688124338,4.233333333333333,0.3683760848615668,0.0974472600966692,400.0,0.05427604275941848,54.27604275941849,30
18,H8_K2_Meuler_T0.5_Dmix_visual_aligning.models.visual_mf_diffusion.VisualMeanFlow_VTrue_mpc4_Bdit_Emf,train,combined_5-tightened,True,dpcc-c,unfrozen,0.0,0.0,0.0,0.8076923076923077,0.9877884640143468,4.884615384615385,0.36826661481742823,0.11190615909603926,400.0,0.0626262031839444,62.62620318394441,26
18,H8_K2_Meuler_T0.5_Dmix_visual_aligning.models.visual_mf_diffusion.VisualMeanFlow_VTrue_mpc4_Bdit_Emf,train,combined_5-tightened,True,dpcc-t,all,0.03333333333333333,0.06666666666666667,0.03333333333333333,0.8,0.988916665315628,4.433333333333334,0.34503176751151216,0.11333473299940428,392.73333333333335,0.050067578336694736,50.06757833669474,30
18,H8_K2_Meuler_T0.5_Dmix_visual_aligning.models.visual_mf_diffusion.VisualMeanFlow_VTrue_mpc4_Bdit_Emf,train,combined_5-tightened,True,dpcc-t,unfrozen,0.038461538461538464,0.07692307692307693,0.038461538461538464,0.7692307692307693,0.9872115369026477,5.115384615384615,0.34133086402890367,0.13023785859919512,391.61538461538464,0.05777028269618623,57.770282696186236,26
18,H8_K2_Meuler_T0.5_Dmix_visual_aligning.models.visual_mf_diffusion.VisualMeanFlow_VTrue_mpc4_Bdit_Emf,train,combined_5-tightened,True,dpcc-c-dt0p25,all,0.0,0.03333333333333333,0.0,0.6333333333333333,0.9722500026226044,11.1,0.3546870005629153,0.17542324513196944,400.0,0.0746736080845197,74.6736080845197,30
18,H8_K2_Meuler_T0.5_Dmix_visual_aligning.models.visual_mf_diffusion.VisualMeanFlow_VTrue_mpc4_Bdit_Emf,train,combined_5-tightened,True,dpcc-c-dt0p25,unfrozen,0.0,0.038461538461538464,0.0,0.5769230769230769,0.9679807722568512,12.807692307692308,0.3524715175497535,0.2018784495213857,400.0,0.08616185548213812,86.16185548213812,26
18,H8_K2_Meuler_T0.5_Dmix_visual_aligning.models.visual_mf_diffusion.VisualMeanFlow_VTrue_mpc4_Bdit_Emf,train,combined_5-tightened,True,dpcc-c-dt0p5,all,0.0,0.03333333333333333,0.0,0.6666666666666666,0.9705000023047129,11.8,0.3895600735047632,0.18961238140861195,400.0,0.06450104115406673,64.50104115406673,30
18,H8_K2_Meuler_T0.5_Dmix_visual_aligning.models.visual_mf_diffusion.VisualMeanFlow_VTrue_mpc4_Bdit_Emf,train,combined_5-tightened,True,dpcc-c-dt0p5,unfrozen,0.0,0.038461538461538464,0.0,0.6153846153846154,0.9659615411208227,13.615384615384615,0.392709678636501,0.21825052984058857,400.0,0.07442427825469237,74.42427825469237,26
18,H8_K2_Meuler_T0.5_Dmix_visual_aligning.models.visual_mf_diffusion.VisualMeanFlow_VTrue_mpc4_Bdit_Emf,train,combined_5-tightened,True,dpcc-c-dt2p0,all,0.0,0.0,0.0,0.7,0.9842500011126201,6.3,0.37565662758586643,0.1295755660161376,400.0,0.04901617648204168,49.01617648204168,30
18,H8_K2_Meuler_T0.5_Dmix_visual_aligning.models.visual_mf_diffusion.VisualMeanFlow_VTrue_mpc4_Bdit_Emf,train,combined_5-tightened,True,dpcc-c-dt2p0,unfrozen,0.0,0.0,0.0,0.6538461538461539,0.9818269243607154,7.269230769230769,0.376667241037774,0.1489772813108105,400.0,0.05655712671004809,56.55712671004809,26
18,H8_K2_Meuler_T0.5_Dmix_visual_aligning.models.visual_mf_diffusion.VisualMeanFlow_VTrue_mpc4_Bdit_Emf,train,combined_5-tightened,True,dpcc-c-dt4p0,all,0.0,0.0,0.0,0.9333333333333333,0.9970833321412405,1.1666666666666667,0.38640312441497665,0.05223269363244375,400.0,0.04607617686192194,46.076176861921944,30
18,H8_K2_Meuler_T0.5_Dmix_visual_aligning.models.visual_mf_diffusion.VisualMeanFlow_VTrue_mpc4_Bdit_Emf,train,combined_5-tightened,True,dpcc-c-dt4p0,unfrozen,0.0,0.0,0.0,0.9230769230769231,0.9966346140091236,1.3461538461538463,0.3890670450713627,0.05973550548347143,400.0,0.05316481945606378,53.16481945606378,26
18,H8_K2_Meuler_T0.5_Dmix_visual_aligning.models.visual_mf_diffusion.VisualMeanFlow_VTrue_mpc4_Bdit_Emf,train,combined_5-tightened,True,gradient,all,0.03333333333333333,0.03333333333333333,0.0,0.26666666666666666,0.7324559609095256,105.96666666666667,0.4103153253136055,0.2703397021939357,390.76666666666665,0.029984205201389343,29.984205201389344,30
18,H8_K2_Meuler_T0.5_Dmix_visual_aligning.models.visual_mf_diffusion.VisualMeanFlow_VTrue_mpc4_Bdit_Emf,train,combined_5-tightened,True,gradient,unfrozen,0.038461538461538464,0.038461538461538464,0.0,0.15384615384615385,0.691295339510991,122.26923076923077,0.41665804610824214,0.3113974384390391,389.34615384615387,0.034597159847756936,34.597159847756934,26
18,H8_K2_Meuler_T0.5_Dmix_visual_aligning.models.visual_mf_diffusion.VisualMeanFlow_VTrue_mpc4_Bdit_Emf,train,combined_5-tightened,True,post_processing,all,0.0,0.0,0.0,0.7666666666666667,0.9884999990463257,4.6,0.348248689787615,0.20049499409894148,400.0,0.05692387040456136,56.92387040456136,30
18,H8_K2_Meuler_T0.5_Dmix_visual_aligning.models.visual_mf_diffusion.VisualMeanFlow_VTrue_mpc4_Bdit_Emf,train,combined_5-tightened,True,post_processing,unfrozen,0.0,0.0,0.0,0.7307692307692307,0.9867307681303757,5.3076923076923075,0.34504269742440685,0.23080739063712266,400.0,0.06568138892834002,65.68138892834003,26
18,H8_K2_Meuler_T0.5_Dmix_visual_aligning.models.visual_mf_diffusion.VisualMeanFlow_VTrue_mpc4_Bdit_Emf,train,combined_5-tightened,True,model_free,all,0.0,0.0,0.0,0.26666666666666666,0.6888333315650622,124.46666666666667,0.47487505527405494,0.2722772686431805,400.0,0.04068076227108638,40.68076227108637,30
18,H8_K2_Meuler_T0.5_Dmix_visual_aligning.models.visual_mf_diffusion.VisualMeanFlow_VTrue_mpc4_Bdit_Emf,train,combined_5-tightened,True,model_free,unfrozen,0.0,0.0,0.0,0.15384615384615385,0.6409615364212257,143.6153846153846,0.49115004221645303,0.31363309203432155,400.0,0.04693934108202274,46.93934108202274,26
18,H8_K2_Meuler_T0.5_Dmix_visual_aligning.models.visual_mf_diffusion.VisualMeanFlow_VTrue_mpc4_Bdit_Emf,train,combined_5-tightened,True,geo_free,all,0.0,0.0,0.0,0.2,0.5916666676600774,163.33333333333334,0.40213729074576476,0.27139888759702446,400.0,0.0391296089887619,39.1296089887619,30
18,H8_K2_Meuler_T0.5_Dmix_visual_aligning.models.visual_mf_diffusion.VisualMeanFlow_VTrue_mpc4_Bdit_Emf,train,combined_5-tightened,True,geo_free,unfrozen,0.0,0.0,0.0,0.07692307692307693,0.5288461549923971,188.46153846153845,0.4072218523761182,0.312619575442603,400.0,0.04514954883318681,45.14954883318681,26
18,H8_K2_Meuler_T0.5_Dmix_visual_aligning.models.visual_mf_diffusion.VisualMeanFlow_VTrue_mpc4_Bdit_Emf,train,combined_5-tightened,True,bounds_free,all,0.03333333333333333,0.06666666666666667,0.03333333333333333,0.8,0.991916666428248,3.2333333333333334,0.3391770452443192,0.14917159751057624,390.96666666666664,0.044954273419632776,44.95427341963277,30
18,H8_K2_Meuler_T0.5_Dmix_visual_aligning.models.visual_mf_diffusion.VisualMeanFlow_VTrue_mpc4_Bdit_Emf,train,combined_5-tightened,True,bounds_free,unfrozen,0.038461538461538464,0.07692307692307693,0.038461538461538464,0.7692307692307693,0.9906730766479785,3.730769230769231,0.3345754152590657,0.17158808688131663,389.5769230769231,0.051870315484191666,51.870315484191664,26
18,H8_K2_Meuler_T0.5_Dmix_visual_aligning.models.visual_mf_diffusion.VisualMeanFlow_VTrue_mpc4_Bdit_Emf,train,combined_5-tightened,True,geo_free-bounds_free,all,0.0,0.0,0.0,0.23333333333333334,0.6609166661898295,135.63333333333333,0.3842523593487602,0.22897579527149597,400.0,0.037333662033081055,37.333662033081055,30
18,H8_K2_Meuler_T0.5_Dmix_visual_aligning.models.visual_mf_diffusion.VisualMeanFlow_VTrue_mpc4_Bdit_Emf,train,combined_5-tightened,True,geo_free-bounds_free,unfrozen,0.0,0.0,0.0,0.11538461538461539,0.6087499994498032,156.5,0.3865853930718821,0.2636698535285317,400.0,0.04307730234586275,43.077302345862755,26
18,H8_K2_Meuler_T0.5_Dmix_visual_aligning.models.visual_mf_diffusion.VisualMeanFlow_VTrue_mpc4_Bdit_Emf,train,combined_5-tightened,True,geo_free-model_free,all,0.0,0.0,0.0,0.26666666666666666,0.6792499974370003,128.3,0.47636125762006526,0.2723792857180039,400.0,0.03449264585971833,34.49264585971832,30
18,H8_K2_Meuler_T0.5_Dmix_visual_aligning.models.visual_mf_diffusion.VisualMeanFlow_VTrue_mpc4_Bdit_Emf,train,combined_5-tightened,True,geo_free-model_free,unfrozen,0.0,0.0,0.0,0.15384615384615385,0.6299038431965388,148.03846153846155,0.49286489107723414,0.3137508040437332,400.0,0.03979920676121345,39.79920676121345,26
18,H8_K2_Meuler_T0.5_Dmix_visual_aligning.models.visual_mf_diffusion.VisualMeanFlow_VTrue_mpc4_Bdit_Emf,train,combined_5-tightened,True,model_free-bounds_free,all,0.0,0.0,0.0,0.23333333333333334,0.6781666651368141,128.73333333333332,0.46499164402480075,0.29171166631082696,400.0,0.03831533640623093,38.31533640623093,30
18,H8_K2_Meuler_T0.5_Dmix_visual_aligning.models.visual_mf_diffusion.VisualMeanFlow_VTrue_mpc4_Bdit_Emf,train,combined_5-tightened,True,model_free-bounds_free,unfrozen,0.0,0.0,0.0,0.11538461538461539,0.6286538443886317,148.53846153846155,0.4797461061596213,0.336057397035452,400.0,0.04421000354565107,44.21000354565107,26
19,H8_K2_Meuler_T0.5_Dmix_visual_aligning.models.visual_mf_diffusion.VisualMeanFlow_VTrue_mpc4_Bmf_dit_Emf,train,combined_5,False,diffuser,all,0.0,0.1,0.0,0.3,0.8189494967460632,39.7,0.38380336301270385,0.22386422231793404,237.5,0.026053116836405953,26.053116836405955,10
19,H8_K2_Meuler_T0.5_Dmix_visual_aligning.models.visual_mf_diffusion.VisualMeanFlow_VTrue_mpc4_Bmf_dit_Emf,train,combined_5,False,diffuser,unfrozen,0.0,0.1,0.0,0.3,0.8189494967460632,39.7,0.38380336301270385,0.22386422231793404,237.5,0.026053116836405953,26.053116836405955,10
19,H8_K2_Meuler_T0.5_Dmix_visual_aligning.models.visual_mf_diffusion.VisualMeanFlow_VTrue_mpc4_Bmf_dit_Emf,train,combined_5,False,dpcc-r,all,0.0,0.0,0.0,0.1,0.9252761125564575,28.5,0.4156815876507446,0.14364246428012847,342.6,0.07141730963370232,71.41730963370233,10
19,H8_K2_Meuler_T0.5_Dmix_visual_aligning.models.visual_mf_diffusion.VisualMeanFlow_VTrue_mpc4_Bmf_dit_Emf,train,combined_5,False,dpcc-r,unfrozen,0.0,0.0,0.0,0.1,0.9252761125564575,28.5,0.4156815876507446,0.14364246428012847,342.6,0.07141730963370232,71.41730963370233,10
19,H8_K2_Meuler_T0.5_Dmix_visual_aligning.models.visual_mf_diffusion.VisualMeanFlow_VTrue_mpc4_Bmf_dit_Emf,train,combined_5,False,dpcc-c,all,0.0,0.0,0.0,0.2,0.8549999952316284,58.0,0.5086533107103511,0.1814824104309082,342.0,0.06147434737812927,61.474347378129266,10
19,H8_K2_Meuler_T0.5_Dmix_visual_aligning.models.visual_mf_diffusion.VisualMeanFlow_VTrue_mpc4_Bmf_dit_Emf,train,combined_5,False,dpcc-c,unfrozen,0.0,0.0,0.0,0.2,0.8549999952316284,58.0,0.5086533107103511,0.1814824104309082,342.0,0.06147434737812927,61.474347378129266,10
19,H8_K2_Meuler_T0.5_Dmix_visual_aligning.models.visual_mf_diffusion.VisualMeanFlow_VTrue_mpc4_Bmf_dit_Emf,train,combined_5,False,dpcc-t,all,0.0,0.0,0.0,0.4,0.9201136350631713,26.1,0.43213938105855887,0.12722038980573416,347.5,0.08366259784357888,83.66259784357888,10
19,H8_K2_Meuler_T0.5_Dmix_visual_aligning.models.visual_mf_diffusion.VisualMeanFlow_VTrue_mpc4_Bmf_dit_Emf,train,combined_5,False,dpcc-t,unfrozen,0.0,0.0,0.0,0.4,0.9201136350631713,26.1,0.43213938105855887,0.12722038980573416,347.5,0.08366259784357888,83.66259784357888,10
19,H8_K2_Meuler_T0.5_Dmix_visual_aligning.models.visual_mf_diffusion.VisualMeanFlow_VTrue_mpc4_Bmf_dit_Emf,train,combined_5,False,dpcc-c-dt0p25,all,0.0,0.0,0.0,0.4,0.9262876391410828,23.1,0.4948487998625895,0.16467817984521388,315.2,0.07886408271472864,78.86408271472865,10
19,H8_K2_Meuler_T0.5_Dmix_visual_aligning.models.visual_mf_diffusion.VisualMeanFlow_VTrue_mpc4_Bmf_dit_Emf,train,combined_5,False,dpcc-c-dt0p25,unfrozen,0.0,0.0,0.0,0.4,0.9262876391410828,23.1,0.4948487998625895,0.16467817984521388,315.2,0.07886408271472864,78.86408271472865,10
19,H8_K2_Meuler_T0.5_Dmix_visual_aligning.models.visual_mf_diffusion.VisualMeanFlow_VTrue_mpc4_Bmf_dit_Emf,train,combined_5,False,dpcc-c-dt0p5,all,0.0,0.0,0.0,0.4,0.9104878067970276,33.4,0.4312805274805875,0.21330905333161354,266.2,0.10982733466699042,109.82733466699042,10
19,H8_K2_Meuler_T0.5_Dmix_visual_aligning.models.visual_mf_diffusion.VisualMeanFlow_VTrue_mpc4_Bmf_dit_Emf,train,combined_5,False,dpcc-c-dt0p5,unfrozen,0.0,0.0,0.0,0.4,0.9104878067970276,33.4,0.4312805274805875,0.21330905333161354,266.2,0.10982733466699042,109.82733466699042,10
19,H8_K2_Meuler_T0.5_Dmix_visual_aligning.models.visual_mf_diffusion.VisualMeanFlow_VTrue_mpc4_Bmf_dit_Emf,train,combined_5,False,dpcc-c-dt2p0,all,0.0,0.0,0.0,0.1,0.7932500004768371,82.7,0.4032838008273596,0.11562809254974127,400.0,0.04095372998714447,40.95372998714447,10
19,H8_K2_Meuler_T0.5_Dmix_visual_aligning.models.visual_mf_diffusion.VisualMeanFlow_VTrue_mpc4_Bmf_dit_Emf,train,combined_5,False,dpcc-c-dt2p0,unfrozen,0.0,0.0,0.0,0.1,0.7932500004768371,82.7,0.4032838008273596,0.11562809254974127,400.0,0.04095372998714447,40.95372998714447,10
19,H8_K2_Meuler_T0.5_Dmix_visual_aligning.models.visual_mf_diffusion.VisualMeanFlow_VTrue_mpc4_Bmf_dit_Emf,train,combined_5,False,dpcc-c-dt4p0,all,0.0,0.0,0.0,0.0,0.7619999945163727,95.2,0.3891815902137865,0.10143620036542415,400.0,0.04141636753082275,41.416367530822754,10
19,H8_K2_Meuler_T0.5_Dmix_visual_aligning.models.visual_mf_diffusion.VisualMeanFlow_VTrue_mpc4_Bmf_dit_Emf,train,combined_5,False,dpcc-c-dt4p0,unfrozen,0.0,0.0,0.0,0.0,0.7619999945163727,95.2,0.3891815902137865,0.10143620036542415,400.0,0.04141636753082275,41.416367530822754,10
19,H8_K2_Meuler_T0.5_Dmix_visual_aligning.models.visual_mf_diffusion.VisualMeanFlow_VTrue_mpc4_Bmf_dit_Emf,train,combined_5,False,gradient,all,0.0,0.1,0.0,0.2,0.825020182132721,40.9,0.4037921163596271,0.1980753280222416,272.5,0.02664859694380193,26.64859694380193,10
19,H8_K2_Meuler_T0.5_Dmix_visual_aligning.models.visual_mf_diffusion.VisualMeanFlow_VTrue_mpc4_Bmf_dit_Emf,train,combined_5,False,gradient,unfrozen,0.0,0.1,0.0,0.2,0.825020182132721,40.9,0.4037921163596271,0.1980753280222416,272.5,0.02664859694380193,26.64859694380193,10
19,H8_K2_Meuler_T0.5_Dmix_visual_aligning.models.visual_mf_diffusion.VisualMeanFlow_VTrue_mpc4_Bmf_dit_Emf,train,combined_5,False,post_processing,all,0.0,0.0,0.0,0.1,0.9209393858909607,30.0,0.37739384074710997,0.14590719453990458,342.4,0.07482249001345773,74.82249001345772,10
19,H8_K2_Meuler_T0.5_Dmix_visual_aligning.models.visual_mf_diffusion.VisualMeanFlow_VTrue_mpc4_Bmf_dit_Emf,train,combined_5,False,post_processing,unfrozen,0.0,0.0,0.0,0.1,0.9209393858909607,30.0,0.37739384074710997,0.14590719453990458,342.4,0.07482249001345773,74.82249001345772,10
19,H8_K2_Meuler_T0.5_Dmix_visual_aligning.models.visual_mf_diffusion.VisualMeanFlow_VTrue_mpc4_Bmf_dit_Emf,train,combined_5,False,model_free,all,0.0,0.1,0.0,0.4,0.868390029668808,39.4,0.44353077907525346,0.18278470262885094,284.0,0.036304663896226955,36.304663896226955,10
19,H8_K2_Meuler_T0.5_Dmix_visual_aligning.models.visual_mf_diffusion.VisualMeanFlow_VTrue_mpc4_Bmf_dit_Emf,train,combined_5,False,model_free,unfrozen,0.0,0.1,0.0,0.4,0.868390029668808,39.4,0.44353077907525346,0.18278470262885094,284.0,0.036304663896226955,36.304663896226955,10
19,H8_K2_Meuler_T0.5_Dmix_visual_aligning.models.visual_mf_diffusion.VisualMeanFlow_VTrue_mpc4_Bmf_dit_Emf,train,combined_5,False,geo_free,all,0.0,0.0,0.0,0.2,0.7713499665260315,67.1,0.5214414509319785,0.21797787323594092,283.9,0.03765488821831314,37.65488821831314,10
19,H8_K2_Meuler_T0.5_Dmix_visual_aligning.models.visual_mf_diffusion.VisualMeanFlow_VTrue_mpc4_Bmf_dit_Emf,train,combined_5,False,geo_free,unfrozen,0.0,0.0,0.0,0.2,0.7713499665260315,67.1,0.5214414509319785,0.21797787323594092,283.9,0.03765488821831314,37.65488821831314,10
19,H8_K2_Meuler_T0.5_Dmix_visual_aligning.models.visual_mf_diffusion.VisualMeanFlow_VTrue_mpc4_Bmf_dit_Emf,train,combined_5,False,bounds_free,all,0.0,0.0,0.0,0.4,0.9531666755676269,16.4,0.40714232973663905,0.136311748996377,314.1,0.042236876753614615,42.23687675361462,10
19,H8_K2_Meuler_T0.5_Dmix_visual_aligning.models.visual_mf_diffusion.VisualMeanFlow_VTrue_mpc4_Bmf_dit_Emf,train,combined_5,False,bounds_free,unfrozen,0.0,0.0,0.0,0.4,0.9531666755676269,16.4,0.40714232973663905,0.136311748996377,314.1,0.042236876753614615,42.23687675361462,10
19,H8_K2_Meuler_T0.5_Dmix_visual_aligning.models.visual_mf_diffusion.VisualMeanFlow_VTrue_mpc4_Bmf_dit_Emf,train,combined_5,False,geo_free-bounds_free,all,0.1,0.2,0.0,0.3,0.835888209939003,56.4,0.4093199727774464,0.16019395794719457,359.7,0.035532434129685875,35.532434129685875,10
19,H8_K2_Meuler_T0.5_Dmix_visual_aligning.models.visual_mf_diffusion.VisualMeanFlow_VTrue_mpc4_Bmf_dit_Emf,train,combined_5,False,geo_free-bounds_free,unfrozen,0.1,0.2,0.0,0.3,0.835888209939003,56.4,0.4093199727774464,0.16019395794719457,359.7,0.035532434129685875,35.532434129685875,10
19,H8_K2_Meuler_T0.5_Dmix_visual_aligning.models.visual_mf_diffusion.VisualMeanFlow_VTrue_mpc4_Bmf_dit_Emf,train,combined_5,False,geo_free-model_free,all,0.0,0.1,0.0,0.4,0.8652909934520722,39.5,0.45140617786893317,0.2016480751335621,275.3,0.03182090888296892,31.820908882968922,10
19,H8_K2_Meuler_T0.5_Dmix_visual_aligning.models.visual_mf_diffusion.VisualMeanFlow_VTrue_mpc4_Bmf_dit_Emf,train,combined_5,False,geo_free-model_free,unfrozen,0.0,0.1,0.0,0.4,0.8652909934520722,39.5,0.45140617786893317,0.2016480751335621,275.3,0.03182090888296892,31.820908882968922,10
19,H8_K2_Meuler_T0.5_Dmix_visual_aligning.models.visual_mf_diffusion.VisualMeanFlow_VTrue_mpc4_Bmf_dit_Emf,train,combined_5,False,model_free-bounds_free,all,0.0,0.1,0.0,0.4,0.8261400282382965,56.3,0.46130585957448356,0.18113696053624154,284.0,0.033629468609144016,33.62946860914401,10
19,H8_K2_Meuler_T0.5_Dmix_visual_aligning.models.visual_mf_diffusion.VisualMeanFlow_VTrue_mpc4_Bmf_dit_Emf,train,combined_5,False,model_free-bounds_free,unfrozen,0.0,0.1,0.0,0.4,0.8261400282382965,56.3,0.46130585957448356,0.18113696053624154,284.0,0.033629468609144016,33.62946860914401,10
19,H8_K2_Meuler_T0.5_Dmix_visual_aligning.models.visual_mf_diffusion.VisualMeanFlow_VTrue_mpc4_Bmf_dit_Emf,train,combined_5-tightened,True,diffuser,all,0.0,0.1,0.0,0.4,0.8479430496692657,32.5,0.37018549932938855,0.19671704405918716,259.0,0.022018469998637637,22.018469998637634,10
19,H8_K2_Meuler_T0.5_Dmix_visual_aligning.models.visual_mf_diffusion.VisualMeanFlow_VTrue_mpc4_Bmf_dit_Emf,train,combined_5-tightened,True,diffuser,unfrozen,0.0,0.1111111111111111,0.0,0.3333333333333333,0.8310478329658508,36.111111111111114,0.3536588848170085,0.2181895582212342,243.33333333333334,0.024464966665152927,24.46496666515293,9
19,H8_K2_Meuler_T0.5_Dmix_visual_aligning.models.visual_mf_diffusion.VisualMeanFlow_VTrue_mpc4_Bmf_dit_Emf,train,combined_5-tightened,True,dpcc-r,all,0.0,0.0,0.0,1.0,1.0,0.0,0.3877472234007555,0.13715603547170757,321.6,0.04717278553696421,47.17278553696421,10
19,H8_K2_Meuler_T0.5_Dmix_visual_aligning.models.visual_mf_diffusion.VisualMeanFlow_VTrue_mpc4_Bmf_dit_Emf,train,combined_5-tightened,True,dpcc-r,unfrozen,0.0,0.0,0.0,1.0,1.0,0.0,0.37317191156297175,0.15201065979070133,312.8888888888889,0.05241420615218246,52.41420615218246,9
19,H8_K2_Meuler_T0.5_Dmix_visual_aligning.models.visual_mf_diffusion.VisualMeanFlow_VTrue_mpc4_Bmf_dit_Emf,train,combined_5-tightened,True,dpcc-c,all,0.0,0.0,0.0,0.9,0.9957499980926514,1.7,0.4804025029096447,0.1556066361255944,296.8,0.07533273224161177,75.33273224161178,10
19,H8_K2_Meuler_T0.5_Dmix_visual_aligning.models.visual_mf_diffusion.VisualMeanFlow_VTrue_mpc4_Bmf_dit_Emf,train,combined_5-tightened,True,dpcc-c,unfrozen,0.0,0.0,0.0,0.8888888888888888,0.9952777756585015,1.8888888888888888,0.4761222221284043,0.17251132718390888,285.3333333333333,0.08370303582401309,83.70303582401309,9
19,H8_K2_Meuler_T0.5_Dmix_visual_aligning.models.visual_mf_diffusion.VisualMeanFlow_VTrue_mpc4_Bmf_dit_Emf,train,combined_5-tightened,True,dpcc-t,all,0.0,0.0,0.0,1.0,1.0,0.0,0.4225056626653248,0.12048688633367419,339.8,0.04150530076026916,41.505300760269165,10
19,H8_K2_Meuler_T0.5_Dmix_visual_aligning.models.visual_mf_diffusion.VisualMeanFlow_VTrue_mpc4_Bmf_dit_Emf,train,combined_5-tightened,True,dpcc-t,unfrozen,0.0,0.0,0.0,1.0,1.0,0.0,0.4117923996347154,0.13348938297066423,333.1111111111111,0.046117000844743516,46.117000844743515,9
19,H8_K2_Meuler_T0.5_Dmix_visual_aligning.models.visual_mf_diffusion.VisualMeanFlow_VTrue_mpc4_Bmf_dit_Emf,train,combined_5-tightened,True,dpcc-c-dt0p25,all,0.0,0.1,0.0,0.8,0.9796829283237457,7.0,0.3876298376456814,0.14551860699430108,326.6,0.05199971522694432,51.99971522694432,10
19,H8_K2_Meuler_T0.5_Dmix_visual_aligning.models.visual_mf_diffusion.VisualMeanFlow_VTrue_mpc4_Bmf_dit_Emf,train,combined_5-tightened,True,dpcc-c-dt0p25,unfrozen,0.0,0.1111111111111111,0.0,0.7777777777777778,0.9774254759152731,7.777777777777778,0.37304148294622275,0.16130240592691633,318.44444444444446,0.05777746136327147,57.77746136327146,9
19,H8_K2_Meuler_T0.5_Dmix_visual_aligning.models.visual_mf_diffusion.VisualMeanFlow_VTrue_mpc4_Bmf_dit_Emf,train,combined_5-tightened,True,dpcc-c-dt0p5,all,0.0,0.0,0.0,0.9,0.9920000016689301,1.0,0.4272359500531066,0.15340476492419838,278.8,0.10072025317138902,100.720253171389,10
19,H8_K2_Meuler_T0.5_Dmix_visual_aligning.models.visual_mf_diffusion.VisualMeanFlow_VTrue_mpc4_Bmf_dit_Emf,train,combined_5-tightened,True,dpcc-c-dt0p5,unfrozen,0.0,0.0,0.0,0.8888888888888888,0.9911111129654778,1.1111111111111112,0.41704827451002857,0.17006480362680224,265.3333333333333,0.11191139241265446,111.91139241265445,9
19,H8_K2_Meuler_T0.5_Dmix_visual_aligning.models.visual_mf_diffusion.VisualMeanFlow_VTrue_mpc4_Bmf_dit_Emf,train,combined_5-tightened,True,dpcc-c-dt2p0,all,0.0,0.0,0.0,1.0,1.0,0.0,0.3922234536390179,0.09161294912919402,400.0,0.039769786298274996,39.769786298274994,10
19,H8_K2_Meuler_T0.5_Dmix_visual_aligning.models.visual_mf_diffusion.VisualMeanFlow_VTrue_mpc4_Bmf_dit_Emf,train,combined_5-tightened,True,dpcc-c-dt2p0,unfrozen,0.0,0.0,0.0,1.0,1.0,0.0,0.3781455007165967,0.10140723052124183,400.0,0.044188651442527774,44.18865144252777,9
19,H8_K2_Meuler_T0.5_Dmix_visual_aligning.models.visual_mf_diffusion.VisualMeanFlow_VTrue_mpc4_Bmf_dit_Emf,train,combined_5-tightened,True,dpcc-c-dt4p0,all,0.0,0.0,0.0,0.9,0.997000002861023,1.2,0.38918159125343454,0.09541316563263535,400.0,0.04129579037427902,41.29579037427902,10
19,H8_K2_Meuler_T0.5_Dmix_visual_aligning.models.visual_mf_diffusion.VisualMeanFlow_VTrue_mpc4_Bmf_dit_Emf,train,combined_5-tightened,True,dpcc-c-dt4p0,unfrozen,0.0,0.0,0.0,0.8888888888888888,0.996666669845581,1.3333333333333333,0.37476565362150405,0.1056296933028433,400.0,0.04588421152697669,45.88421152697669,9
19,H8_K2_Meuler_T0.5_Dmix_visual_aligning.models.visual_mf_diffusion.VisualMeanFlow_VTrue_mpc4_Bmf_dit_Emf,train,combined_5-tightened,True,gradient,all,0.0,0.1,0.0,0.3,0.868686044216156,29.6,0.4124132931232406,0.157046736869961,300.3,0.02434209587543234,24.342095875432342,10
19,H8_K2_Meuler_T0.5_Dmix_visual_aligning.models.visual_mf_diffusion.VisualMeanFlow_VTrue_mpc4_Bmf_dit_Emf,train,combined_5-tightened,True,gradient,unfrozen,0.0,0.1111111111111111,0.0,0.2222222222222222,0.8540956046846178,32.888888888888886,0.40057865569906637,0.17411143912209404,289.22222222222223,0.027046773194924822,27.046773194924825,9
19,H8_K2_Meuler_T0.5_Dmix_visual_aligning.models.visual_mf_diffusion.VisualMeanFlow_VTrue_mpc4_Bmf_dit_Emf,train,combined_5-tightened,True,post_processing,all,0.0,0.0,0.0,1.0,1.0,0.0,0.3815765006684969,0.1371552233584225,321.6,0.043847515321875426,43.84751532187542,10
19,H8_K2_Meuler_T0.5_Dmix_visual_aligning.models.visual_mf_diffusion.VisualMeanFlow_VTrue_mpc4_Bmf_dit_Emf,train,combined_5-tightened,True,post_processing,unfrozen,0.0,0.0,0.0,1.0,1.0,0.0,0.3663155529715733,0.1520097574426068,312.8888888888889,0.048719461468750475,48.71946146875047,9
19,H8_K2_Meuler_T0.5_Dmix_visual_aligning.models.visual_mf_diffusion.VisualMeanFlow_VTrue_mpc4_Bmf_dit_Emf,train,combined_5-tightened,True,model_free,all,0.0,0.0,0.0,0.4,0.8663900315761566,40.2,0.36923372819834555,0.17157637560740113,284.0,0.03477133626390005,34.77133626390005,10
19,H8_K2_Meuler_T0.5_Dmix_visual_aligning.models.visual_mf_diffusion.VisualMeanFlow_VTrue_mpc4_Bmf_dit_Emf,train,combined_5-tightened,True,model_free,unfrozen,0.0,0.0,0.0,0.3333333333333333,0.8515444795290629,44.666666666666664,0.35260136133807185,0.19025548216369417,271.1111111111111,0.038634818071000054,38.634818071000055,9
19,H8_K2_Meuler_T0.5_Dmix_visual_aligning.models.visual_mf_diffusion.VisualMeanFlow_VTrue_mpc4_Bmf_dit_Emf,train,combined_5-tightened,True,geo_free,all,0.0,0.0,0.0,0.3,0.8030466824769974,43.3,0.5320418050647421,0.20686586434021592,247.1,0.03353564897631627,33.535648976316274,10
19,H8_K2_Meuler_T0.5_Dmix_visual_aligning.models.visual_mf_diffusion.VisualMeanFlow_VTrue_mpc4_Bmf_dit_Emf,train,combined_5-tightened,True,geo_free,unfrozen,0.0,0.0,0.0,0.2222222222222222,0.7811629805299971,48.111111111111114,0.5334992245229568,0.22946602520015505,230.11111111111111,0.03726183219590697,37.261832195906976,9
19,H8_K2_Meuler_T0.5_Dmix_visual_aligning.models.visual_mf_diffusion.VisualMeanFlow_VTrue_mpc4_Bmf_dit_Emf,train,combined_5-tightened,True,bounds_free,all,0.0,0.0,0.0,0.9,0.9912500023841858,3.5,0.4513213222131906,0.15581318074837328,314.0,0.04423261355577662,44.232613555776624,10
19,H8_K2_Meuler_T0.5_Dmix_visual_aligning.models.visual_mf_diffusion.VisualMeanFlow_VTrue_mpc4_Bmf_dit_Emf,train,combined_5-tightened,True,bounds_free,unfrozen,0.0,0.0,0.0,0.8888888888888888,0.9902777804268731,3.888888888888889,0.44380979913234414,0.17274082120921877,304.44444444444446,0.04914734839530736,49.14734839530736,9
19,H8_K2_Meuler_T0.5_Dmix_visual_aligning.models.visual_mf_diffusion.VisualMeanFlow_VTrue_mpc4_Bmf_dit_Emf,train,combined_5-tightened,True,geo_free-bounds_free,all,0.0,0.1,0.0,0.4,0.8164387077093125,59.4,0.45392652106826353,0.15516026047989726,359.3,0.03176998352406165,31.769983524061654,10
19,H8_K2_Meuler_T0.5_Dmix_visual_aligning.models.visual_mf_diffusion.VisualMeanFlow_VTrue_mpc4_Bmf_dit_Emf,train,combined_5-tightened,True,geo_free-bounds_free,unfrozen,0.0,0.1111111111111111,0.0,0.3333333333333333,0.7960430085659027,66.0,0.44670446452686957,0.1720153542442454,354.77777777777777,0.03529998169340184,35.29998169340184,9
19,H8_K2_Meuler_T0.5_Dmix_visual_aligning.models.visual_mf_diffusion.VisualMeanFlow_VTrue_mpc4_Bmf_dit_Emf,train,combined_5-tightened,True,geo_free-model_free,all,0.0,0.1,0.0,0.4,0.8648900330066681,40.8,0.3791700823085303,0.16986051434651017,284.0,0.031011236551614307,31.01123655161431,10
19,H8_K2_Meuler_T0.5_Dmix_visual_aligning.models.visual_mf_diffusion.VisualMeanFlow_VTrue_mpc4_Bmf_dit_Emf,train,combined_5-tightened,True,geo_free-model_free,unfrozen,0.0,0.1111111111111111,0.0,0.3333333333333333,0.8498778144518534,45.333333333333336,0.36364175479383265,0.1883489696515931,271.1111111111111,0.03445692950179367,34.456929501793674,9
19,H8_K2_Meuler_T0.5_Dmix_visual_aligning.models.visual_mf_diffusion.VisualMeanFlow_VTrue_mpc4_Bmf_dit_Emf,train,combined_5-tightened,True,model_free-bounds_free,all,0.0,0.0,0.0,0.4,0.8663900315761566,40.2,0.36923372819834555,0.17157637560740113,284.0,0.031617490186622396,31.617490186622394,10
19,H8_K2_Meuler_T0.5_Dmix_visual_aligning.models.visual_mf_diffusion.VisualMeanFlow_VTrue_mpc4_Bmf_dit_Emf,train,combined_5-tightened,True,model_free-bounds_free,unfrozen,0.0,0.0,0.0,0.3333333333333333,0.8515444795290629,44.666666666666664,0.35260136133807185,0.19025548216369417,271.1111111111111,0.03513054465180266,35.13054465180266,9
20,H8_K100_Meuler_T0.1_Dmix_visual_aligning.models.visual_mf_diffusion.VisualMeanFlow_VTrue_mpc4_filmv1_Emf,train,combined_5,False,diffuser,all,0.2,0.2,0.0,0.1,0.9067233383655549,35.1,0.2524844115568259,0.183112333714962,369.4,0.9245912850967946,924.5912850967945,10
20,H8_K100_Meuler_T0.1_Dmix_visual_aligning.models.visual_mf_diffusion.VisualMeanFlow_VTrue_mpc4_filmv1_Emf,train,combined_5,False,diffuser,unfrozen,0.2,0.2,0.0,0.1,0.9067233383655549,35.1,0.2524844115568259,0.183112333714962,369.4,0.9245912850967946,924.5912850967945,10
20,H8_K100_Meuler_T0.1_Dmix_visual_aligning.models.visual_mf_diffusion.VisualMeanFlow_VTrue_mpc4_filmv1_Emf,train,combined_5,False,dpcc-r,all,0.0,0.0,0.0,0.2,0.8643240749835968,54.2,0.29032346020764377,0.18314252588897945,392.4,1.1948071524017367,1194.8071524017366,10
20,H8_K100_Meuler_T0.1_Dmix_visual_aligning.models.visual_mf_diffusion.VisualMeanFlow_VTrue_mpc4_filmv1_Emf,train,combined_5,False,dpcc-r,unfrozen,0.0,0.0,0.0,0.2,0.8643240749835968,54.2,0.29032346020764377,0.18314252588897945,392.4,1.1948071524017367,1194.8071524017366,10
20,H8_K100_Meuler_T0.1_Dmix_visual_aligning.models.visual_mf_diffusion.VisualMeanFlow_VTrue_mpc4_filmv1_Emf,train,combined_5,False,dpcc-c,all,0.0,0.0,0.0,0.0,0.7804999947547913,87.8,0.3610877504798534,0.23193279951810836,400.0,1.4373043716549874,1437.3043716549873,10
20,H8_K100_Meuler_T0.1_Dmix_visual_aligning.models.visual_mf_diffusion.VisualMeanFlow_VTrue_mpc4_filmv1_Emf,train,combined_5,False,dpcc-c,unfrozen,0.0,0.0,0.0,0.0,0.7804999947547913,87.8,0.3610877504798534,0.23193279951810836,400.0,1.4373043716549874,1437.3043716549873,10
20,H8_K100_Meuler_T0.1_Dmix_visual_aligning.models.visual_mf_diffusion.VisualMeanFlow_VTrue_mpc4_filmv1_Emf,train,combined_5,False,dpcc-t,all,0.0,0.0,0.0,0.2,0.8074020385742188,77.0,0.3121021511013038,0.21818507611751556,399.3,1.4621679807706756,1462.1679807706755,10
20,H8_K100_Meuler_T0.1_Dmix_visual_aligning.models.visual_mf_diffusion.VisualMeanFlow_VTrue_mpc4_filmv1_Emf,train,combined_5,False,dpcc-t,unfrozen,0.0,0.0,0.0,0.2,0.8074020385742188,77.0,0.3121021511013038,0.21818507611751556,399.3,1.4621679807706756,1462.1679807706755,10
20,H8_K100_Meuler_T0.1_Dmix_visual_aligning.models.visual_mf_diffusion.VisualMeanFlow_VTrue_mpc4_filmv1_Emf,train,combined_5,False,dpcc-c-dt0p25,all,0.1,0.1,0.1,0.4,0.9415000021457672,23.4,0.2988743150013659,0.2010367341339588,369.5,1.3166308922391188,1316.6308922391188,10
20,H8_K100_Meuler_T0.1_Dmix_visual_aligning.models.visual_mf_diffusion.VisualMeanFlow_VTrue_mpc4_filmv1_Emf,train,combined_5,False,dpcc-c-dt0p25,unfrozen,0.1,0.1,0.1,0.4,0.9415000021457672,23.4,0.2988743150013659,0.2010367341339588,369.5,1.3166308922391188,1316.6308922391188,10
20,H8_K100_Meuler_T0.1_Dmix_visual_aligning.models.visual_mf_diffusion.VisualMeanFlow_VTrue_mpc4_filmv1_Emf,train,combined_5,False,dpcc-c-dt0p5,all,0.1,0.1,0.0,0.3,0.9327867269515991,25.9,0.31713465580119704,0.2918166760355234,381.1,1.3971585676924314,1397.1585676924312,10
20,H8_K100_Meuler_T0.1_Dmix_visual_aligning.models.visual_mf_diffusion.VisualMeanFlow_VTrue_mpc4_filmv1_Emf,train,combined_5,False,dpcc-c-dt0p5,unfrozen,0.1,0.1,0.0,0.3,0.9327867269515991,25.9,0.31713465580119704,0.2918166760355234,381.1,1.3971585676924314,1397.1585676924312,10
20,H8_K100_Meuler_T0.1_Dmix_visual_aligning.models.visual_mf_diffusion.VisualMeanFlow_VTrue_mpc4_filmv1_Emf,train,combined_5,False,dpcc-c-dt2p0,all,0.0,0.0,0.0,0.0,0.7722499907016754,91.1,0.366962038781771,0.18051666617393494,400.0,1.1124379523992538,1112.4379523992538,10
20,H8_K100_Meuler_T0.1_Dmix_visual_aligning.models.visual_mf_diffusion.VisualMeanFlow_VTrue_mpc4_filmv1_Emf,train,combined_5,False,dpcc-c-dt2p0,unfrozen,0.0,0.0,0.0,0.0,0.7722499907016754,91.1,0.366962038781771,0.18051666617393494,400.0,1.1124379523992538,1112.4379523992538,10
20,H8_K100_Meuler_T0.1_Dmix_visual_aligning.models.visual_mf_diffusion.VisualMeanFlow_VTrue_mpc4_filmv1_Emf,train,combined_5,False,dpcc-c-dt4p0,all,0.0,0.0,0.0,0.1,0.9107500076293945,35.7,0.38918159125755275,0.04080049358308315,400.0,1.0812563570141793,1081.2563570141792,10
20,H8_K100_Meuler_T0.1_Dmix_visual_aligning.models.visual_mf_diffusion.VisualMeanFlow_VTrue_mpc4_filmv1_Emf,train,combined_5,False,dpcc-c-dt4p0,unfrozen,0.0,0.0,0.0,0.1,0.9107500076293945,35.7,0.38918159125755275,0.04080049358308315,400.0,1.0812563570141793,1081.2563570141792,10
20,H8_K100_Meuler_T0.1_Dmix_visual_aligning.models.visual_mf_diffusion.VisualMeanFlow_VTrue_mpc4_filmv1_Emf,train,combined_5,False,hardflow_sls-r,all,0.0,0.0,0.0,0.6,0.9512853741645813,19.4,0.2564840235577172,0.2749084006994963,391.1,1.3089224025203336,1308.9224025203334,10
20,H8_K100_Meuler_T0.1_Dmix_visual_aligning.models.visual_mf_diffusion.VisualMeanFlow_VTrue_mpc4_filmv1_Emf,train,combined_5,False,hardflow_sls-r,unfrozen,0.0,0.0,0.0,0.6,0.9512853741645813,19.4,0.2564840235577172,0.2749084006994963,391.1,1.3089224025203336,1308.9224025203334,10
20,H8_K100_Meuler_T0.1_Dmix_visual_aligning.models.visual_mf_diffusion.VisualMeanFlow_VTrue_mpc4_filmv1_Emf,train,combined_5,False,hardflow_sls-c,all,0.0,0.0,0.0,0.1,0.8811975657939911,47.3,0.297980131997155,0.09101008176803589,399.1,1.355598249851129,1355.598249851129,10
20,H8_K100_Meuler_T0.1_Dmix_visual_aligning.models.visual_mf_diffusion.VisualMeanFlow_VTrue_mpc4_filmv1_Emf,train,combined_5,False,hardflow_sls-c,unfrozen,0.0,0.0,0.0,0.1,0.8811975657939911,47.3,0.297980131997155,0.09101008176803589,399.1,1.355598249851129,1355.598249851129,10
20,H8_K100_Meuler_T0.1_Dmix_visual_aligning.models.visual_mf_diffusion.VisualMeanFlow_VTrue_mpc4_filmv1_Emf,train,combined_5,False,hardflow_sls-t,all,0.0,0.0,0.0,0.25,0.953125,18.75,0.3593643740653408,0.038720959457802226,400.0,1.2118570145964622,1211.8570145964622,4
20,H8_K100_Meuler_T0.1_Dmix_visual_aligning.models.visual_mf_diffusion.VisualMeanFlow_VTrue_mpc4_filmv1_Emf,train,combined_5,False,hardflow_sls-t,unfrozen,0.0,0.0,0.0,0.25,0.953125,18.75,0.3593643740653408,0.038720959457802226,400.0,1.2118570145964622,1211.8570145964622,4
20,H8_K100_Meuler_T0.1_Dmix_visual_aligning.models.visual_mf_diffusion.VisualMeanFlow_VTrue_mpc4_filmv1_Emf,train,combined_5,False,gradient,all,0.0,0.1,0.0,0.2,0.8079492181539536,72.6,0.355814156821212,0.6812122337520122,360.6,0.9513119538583364,951.3119538583366,10
20,H8_K100_Meuler_T0.1_Dmix_visual_aligning.models.visual_mf_diffusion.VisualMeanFlow_VTrue_mpc4_filmv1_Emf,train,combined_5,False,gradient,unfrozen,0.0,0.1,0.0,0.2,0.8079492181539536,72.6,0.355814156821212,0.6812122337520122,360.6,0.9513119538583364,951.3119538583366,10
20,H8_K100_Meuler_T0.1_Dmix_visual_aligning.models.visual_mf_diffusion.VisualMeanFlow_VTrue_mpc4_filmv1_Emf,train,combined_5,False,post_processing,all,0.0,0.1,0.0,0.2,0.9084966599941253,36.5,0.29669930468164785,0.3229398600757122,389.9,0.9645567415548651,964.5567415548651,10
20,H8_K100_Meuler_T0.1_Dmix_visual_aligning.models.visual_mf_diffusion.VisualMeanFlow_VTrue_mpc4_filmv1_Emf,train,combined_5,False,post_processing,unfrozen,0.0,0.1,0.0,0.2,0.9084966599941253,36.5,0.29669930468164785,0.3229398600757122,389.9,0.9645567415548651,964.5567415548651,10
20,H8_K100_Meuler_T0.1_Dmix_visual_aligning.models.visual_mf_diffusion.VisualMeanFlow_VTrue_mpc4_filmv1_Emf,train,combined_5,False,model_free,all,0.0,0.0,0.0,0.1,0.7887499988079071,84.5,0.2551409866216316,0.8483264837414026,400.0,1.0314615917801857,1031.4615917801857,10
20,H8_K100_Meuler_T0.1_Dmix_visual_aligning.models.visual_mf_diffusion.VisualMeanFlow_VTrue_mpc4_filmv1_Emf,train,combined_5,False,model_free,unfrozen,0.0,0.0,0.0,0.1,0.7887499988079071,84.5,0.2551409866216316,0.8483264837414026,400.0,1.0314615917801857,1031.4615917801857,10
20,H8_K100_Meuler_T0.1_Dmix_visual_aligning.models.visual_mf_diffusion.VisualMeanFlow_VTrue_mpc4_filmv1_Emf,train,combined_5,False,geo_free,all,0.0,0.0,0.0,0.2,0.8071619465947151,74.3,0.2584623764114668,0.4701832663267851,371.8,1.0758071705997883,1075.8071705997884,10
20,H8_K100_Meuler_T0.1_Dmix_visual_aligning.models.visual_mf_diffusion.VisualMeanFlow_VTrue_mpc4_filmv1_Emf,train,combined_5,False,geo_free,unfrozen,0.0,0.0,0.0,0.2,0.8071619465947151,74.3,0.2584623764114668,0.4701832663267851,371.8,1.0758071705997883,1075.8071705997884,10
20,H8_K100_Meuler_T0.1_Dmix_visual_aligning.models.visual_mf_diffusion.VisualMeanFlow_VTrue_mpc4_filmv1_Emf,train,combined_5,False,bounds_free,all,0.0,0.2,0.0,0.1,0.8334932923316956,66.5,0.2939224533880667,0.20416152253746986,389.8,1.1389301711477415,1138.9301711477415,10
20,H8_K100_Meuler_T0.1_Dmix_visual_aligning.models.visual_mf_diffusion.VisualMeanFlow_VTrue_mpc4_filmv1_Emf,train,combined_5,False,bounds_free,unfrozen,0.0,0.2,0.0,0.1,0.8334932923316956,66.5,0.2939224533880667,0.20416152253746986,389.8,1.1389301711477415,1138.9301711477415,10
20,H8_K100_Meuler_T0.1_Dmix_visual_aligning.models.visual_mf_diffusion.VisualMeanFlow_VTrue_mpc4_filmv1_Emf,train,combined_5,False,geo_free-bounds_free,all,0.0,0.1,0.0,0.3,0.8779309093952179,37.0,0.33084767094842116,0.20102208890020848,338.1,1.0272629324426326,1027.2629324426325,10
20,H8_K100_Meuler_T0.1_Dmix_visual_aligning.models.visual_mf_diffusion.VisualMeanFlow_VTrue_mpc4_filmv1_Emf,train,combined_5,False,geo_free-bounds_free,unfrozen,0.0,0.1,0.0,0.3,0.8779309093952179,37.0,0.33084767094842116,0.20102208890020848,338.1,1.0272629324426326,1027.2629324426325,10
20,H8_K100_Meuler_T0.1_Dmix_visual_aligning.models.visual_mf_diffusion.VisualMeanFlow_VTrue_mpc4_filmv1_Emf,train,combined_5,False,geo_free-model_free,all,0.0,0.0,0.0,0.1,0.8137516736984253,67.0,0.2084021304454821,0.6242962142452597,359.1,0.9904670394605024,990.4670394605024,10
20,H8_K100_Meuler_T0.1_Dmix_visual_aligning.models.visual_mf_diffusion.VisualMeanFlow_VTrue_mpc4_filmv1_Emf,train,combined_5,False,geo_free-model_free,unfrozen,0.0,0.0,0.0,0.1,0.8137516736984253,67.0,0.2084021304454821,0.6242962142452597,359.1,0.9904670394605024,990.4670394605024,10
20,H8_K100_Meuler_T0.1_Dmix_visual_aligning.models.visual_mf_diffusion.VisualMeanFlow_VTrue_mpc4_filmv1_Emf,train,combined_5,False,model_free-bounds_free,all,0.0,0.0,0.0,0.3,0.7776367947459221,76.8,0.39930990027594676,0.598604666814208,346.6,1.007714437172379,1007.7144371723791,10
20,H8_K100_Meuler_T0.1_Dmix_visual_aligning.models.visual_mf_diffusion.VisualMeanFlow_VTrue_mpc4_filmv1_Emf,train,combined_5,False,model_free-bounds_free,unfrozen,0.0,0.0,0.0,0.3,0.7776367947459221,76.8,0.39930990027594676,0.598604666814208,346.6,1.007714437172379,1007.7144371723791,10
21,H8_K100_Meuler_T0.5_Dmix_visual_aligning.models.visual_mf_diffusion.VisualMeanFlow_VTrue_mpc4_filmv1_Emf,train,combined_5,False,diffuser,all,0.03333333333333333,0.06666666666666667,0.0,0.2,0.8035113046566645,78.43333333333334,0.31126329687048354,0.42043270158270996,394.53333333333336,0.8928970126853151,892.8970126853151,30
21,H8_K100_Meuler_T0.5_Dmix_visual_aligning.models.visual_mf_diffusion.VisualMeanFlow_VTrue_mpc4_filmv1_Emf,train,combined_5,False,diffuser,unfrozen,0.03333333333333333,0.06666666666666667,0.0,0.2,0.8035113046566645,78.43333333333334,0.31126329687048354,0.42043270158270996,394.53333333333336,0.8928970126853151,892.8970126853151,30
21,H8_K100_Meuler_T0.5_Dmix_visual_aligning.models.visual_mf_diffusion.VisualMeanFlow_VTrue_mpc4_filmv1_Emf,train,combined_5,False,dpcc-r,all,0.0,0.0,0.0,0.18181818181818182,0.8715909090909091,51.36363636363637,0.367749117769268,0.18633323398450566,400.0,14.988448417836969,14988.44841783697,11
21,H8_K100_Meuler_T0.5_Dmix_visual_aligning.models.visual_mf_diffusion.VisualMeanFlow_VTrue_mpc4_filmv1_Emf,train,combined_5,False,dpcc-r,unfrozen,0.0,0.0,0.0,0.18181818181818182,0.8715909090909091,51.36363636363637,0.367749117769268,0.18633323398450566,400.0,14.988448417836969,14988.44841783697,11
22,H8_K10_Meuler_T0.4_Dmix_visual_aligning.models.visual_mf_diffusion.VisualMeanFlow_VTrue_mpc4_filmv1_Emf,train,combined_5,False,diffuser,all,0.1,0.1,0.1,0.1,0.8412272363901139,59.8,0.23074040885567842,0.5917540699243545,339.1,0.09917006592304159,99.1700659230416,10
22,H8_K10_Meuler_T0.4_Dmix_visual_aligning.models.visual_mf_diffusion.VisualMeanFlow_VTrue_mpc4_filmv1_Emf,train,combined_5,False,diffuser,unfrozen,0.1,0.1,0.1,0.1,0.8412272363901139,59.8,0.23074040885567842,0.5917540699243545,339.1,0.09917006592304159,99.1700659230416,10
22,H8_K10_Meuler_T0.4_Dmix_visual_aligning.models.visual_mf_diffusion.VisualMeanFlow_VTrue_mpc4_filmv1_Emf,train,combined_5,False,dpcc-r,all,0.0,0.1,0.0,0.3,0.9288093686103821,27.9,0.2592880765009846,0.06454762015491725,397.9,0.3831003938307838,383.1003938307838,10
22,H8_K10_Meuler_T0.4_Dmix_visual_aligning.models.visual_mf_diffusion.VisualMeanFlow_VTrue_mpc4_filmv1_Emf,train,combined_5,False,dpcc-r,unfrozen,0.0,0.1,0.0,0.3,0.9288093686103821,27.9,0.2592880765009846,0.06454762015491725,397.9,0.3831003938307838,383.1003938307838,10
22,H8_K10_Meuler_T0.4_Dmix_visual_aligning.models.visual_mf_diffusion.VisualMeanFlow_VTrue_mpc4_filmv1_Emf,train,combined_5,False,dpcc-c,all,0.0,0.0,0.0,0.1,0.8231446087360382,70.4,0.39464860443595845,0.30428332909941674,398.9,0.404034478784222,404.03447878422196,10
22,H8_K10_Meuler_T0.4_Dmix_visual_aligning.models.visual_mf_diffusion.VisualMeanFlow_VTrue_mpc4_filmv1_Emf,train,combined_5,False,dpcc-c,unfrozen,0.0,0.0,0.0,0.1,0.8231446087360382,70.4,0.39464860443595845,0.30428332909941674,398.9,0.404034478784222,404.03447878422196,10
22,H8_K10_Meuler_T0.4_Dmix_visual_aligning.models.visual_mf_diffusion.VisualMeanFlow_VTrue_mpc4_filmv1_Emf,train,combined_5,False,dpcc-t,all,0.0,0.0,0.0,0.3,0.8481550276279449,59.6,0.24305338319215605,0.08624554201960563,395.8,0.3283303923868999,328.3303923868999,10
22,H8_K10_Meuler_T0.4_Dmix_visual_aligning.models.visual_mf_diffusion.VisualMeanFlow_VTrue_mpc4_filmv1_Emf,train,combined_5,False,dpcc-t,unfrozen,0.0,0.0,0.0,0.3,0.8481550276279449,59.6,0.24305338319215605,0.08624554201960563,395.8,0.3283303923868999,328.3303923868999,10
22,H8_K10_Meuler_T0.4_Dmix_visual_aligning.models.visual_mf_diffusion.VisualMeanFlow_VTrue_mpc4_filmv1_Emf,train,combined_5,False,dpcc-c-dt0p25,all,0.0,0.0,0.0,0.2,0.9045666635036469,37.4,0.4152183880383137,0.23935602642595769,397.5,0.45017220118466544,450.1722011846655,10
22,H8_K10_Meuler_T0.4_Dmix_visual_aligning.models.visual_mf_diffusion.VisualMeanFlow_VTrue_mpc4_filmv1_Emf,train,combined_5,False,dpcc-c-dt0p25,unfrozen,0.0,0.0,0.0,0.2,0.9045666635036469,37.4,0.4152183880383137,0.23935602642595769,397.5,0.45017220118466544,450.1722011846655,10
22,H8_K10_Meuler_T0.4_Dmix_visual_aligning.models.visual_mf_diffusion.VisualMeanFlow_VTrue_mpc4_filmv1_Emf,train,combined_5,False,dpcc-c-dt0p5,all,0.0,0.0,0.0,0.3,0.9157500028610229,33.7,0.3385982217840118,0.22727480866014957,400.0,0.45085336190462116,450.8533619046211,10
22,H8_K10_Meuler_T0.4_Dmix_visual_aligning.models.visual_mf_diffusion.VisualMeanFlow_VTrue_mpc4_filmv1_Emf,train,combined_5,False,dpcc-c-dt0p5,unfrozen,0.0,0.0,0.0,0.3,0.9157500028610229,33.7,0.3385982217840118,0.22727480866014957,400.0,0.45085336190462116,450.8533619046211,10
22,H8_K10_Meuler_T0.4_Dmix_visual_aligning.models.visual_mf_diffusion.VisualMeanFlow_VTrue_mpc4_filmv1_Emf,train,combined_5,False,dpcc-c-dt2p0,all,0.0,0.0,0.0,0.2,0.8237500011920929,70.5,0.3211023194164154,0.2501528896391392,400.0,0.26321775311231616,263.21775311231613,10
22,H8_K10_Meuler_T0.4_Dmix_visual_aligning.models.visual_mf_diffusion.VisualMeanFlow_VTrue_mpc4_filmv1_Emf,train,combined_5,False,dpcc-c-dt2p0,unfrozen,0.0,0.0,0.0,0.2,0.8237500011920929,70.5,0.3211023194164154,0.2501528896391392,400.0,0.26321775311231616,263.21775311231613,10
22,H8_K10_Meuler_T0.4_Dmix_visual_aligning.models.visual_mf_diffusion.VisualMeanFlow_VTrue_mpc4_filmv1_Emf,train,combined_5,False,dpcc-c-dt4p0,all,0.0,0.0,0.0,0.1,0.8857500076293945,45.7,0.3891815912560113,0.2073246419429779,400.0,0.21621954888105394,216.21954888105392,10
22,H8_K10_Meuler_T0.4_Dmix_visual_aligning.models.visual_mf_diffusion.VisualMeanFlow_VTrue_mpc4_filmv1_Emf,train,combined_5,False,dpcc-c-dt4p0,unfrozen,0.0,0.0,0.0,0.1,0.8857500076293945,45.7,0.3891815912560113,0.2073246419429779,400.0,0.21621954888105394,216.21954888105392,10
22,H8_K10_Meuler_T0.4_Dmix_visual_aligning.models.visual_mf_diffusion.VisualMeanFlow_VTrue_mpc4_filmv1_Emf,train,combined_5,False,hardflow_sls-r,all,0.0,0.0,0.0,0.2,0.8322499990463257,67.1,0.3127980578108303,0.19960621669888495,400.0,0.21421282774209977,214.21282774209976,10
22,H8_K10_Meuler_T0.4_Dmix_visual_aligning.models.visual_mf_diffusion.VisualMeanFlow_VTrue_mpc4_filmv1_Emf,train,combined_5,False,hardflow_sls-r,unfrozen,0.0,0.0,0.0,0.2,0.8322499990463257,67.1,0.3127980578108303,0.19960621669888495,400.0,0.21421282774209977,214.21282774209976,10
22,H8_K10_Meuler_T0.4_Dmix_visual_aligning.models.visual_mf_diffusion.VisualMeanFlow_VTrue_mpc4_filmv1_Emf,train,combined_5,False,hardflow_sls-c,all,0.0,0.0,0.0,0.2,0.8256166756153107,69.4,0.4188216712514895,0.15079214051365852,397.5,0.28636935051622237,286.3693505162224,10
22,H8_K10_Meuler_T0.4_Dmix_visual_aligning.models.visual_mf_diffusion.VisualMeanFlow_VTrue_mpc4_filmv1_Emf,train,combined_5,False,hardflow_sls-c,unfrozen,0.0,0.0,0.0,0.2,0.8256166756153107,69.4,0.4188216712514895,0.15079214051365852,397.5,0.28636935051622237,286.3693505162224,10
22,H8_K10_Meuler_T0.4_Dmix_visual_aligning.models.visual_mf_diffusion.VisualMeanFlow_VTrue_mpc4_filmv1_Emf,train,combined_5,False,hardflow_sls-t,all,0.0,0.0,0.0,0.0,0.8202309370040893,71.7,0.32954492894519466,0.21513206735253335,394.1,0.26632852871628365,266.3285287162837,10
22,H8_K10_Meuler_T0.4_Dmix_visual_aligning.models.visual_mf_diffusion.VisualMeanFlow_VTrue_mpc4_filmv1_Emf,train,combined_5,False,hardflow_sls-t,unfrozen,0.0,0.0,0.0,0.0,0.8202309370040893,71.7,0.32954492894519466,0.21513206735253335,394.1,0.26632852871628365,266.3285287162837,10
22,H8_K10_Meuler_T0.4_Dmix_visual_aligning.models.visual_mf_diffusion.VisualMeanFlow_VTrue_mpc4_filmv1_Emf,train,combined_5,False,gradient,all,0.0,0.0,0.0,0.2,0.8961677491664887,32.0,0.30578742720228197,0.3317047180607915,336.8,0.1059112042398078,105.91120423980779,10
22,H8_K10_Meuler_T0.4_Dmix_visual_aligning.models.visual_mf_diffusion.VisualMeanFlow_VTrue_mpc4_filmv1_Emf,train,combined_5,False,gradient,unfrozen,0.0,0.0,0.0,0.2,0.8961677491664887,32.0,0.30578742720228197,0.3317047180607915,336.8,0.1059112042398078,105.91120423980779,10
22,H8_K10_Meuler_T0.4_Dmix_visual_aligning.models.visual_mf_diffusion.VisualMeanFlow_VTrue_mpc4_filmv1_Emf,train,combined_5,False,post_processing,all,0.0,0.0,0.0,0.5,0.9211574077606202,31.2,0.3175011245032136,0.26165162716060875,387.0,0.11999447220608203,119.99447220608204,10
22,H8_K10_Meuler_T0.4_Dmix_visual_aligning.models.visual_mf_diffusion.VisualMeanFlow_VTrue_mpc4_filmv1_Emf,train,combined_5,False,post_processing,unfrozen,0.0,0.0,0.0,0.5,0.9211574077606202,31.2,0.3175011245032136,0.26165162716060875,387.0,0.11999447220608203,119.99447220608204,10
22,H8_K10_Meuler_T0.4_Dmix_visual_aligning.models.visual_mf_diffusion.VisualMeanFlow_VTrue_mpc4_filmv1_Emf,train,combined_5,False,model_free,all,0.0,0.1,0.0,0.3,0.8873872786760331,41.3,0.2526926520127117,0.29994761273264886,373.0,0.14582121187591152,145.8212118759115,10
22,H8_K10_Meuler_T0.4_Dmix_visual_aligning.models.visual_mf_diffusion.VisualMeanFlow_VTrue_mpc4_filmv1_Emf,train,combined_5,False,model_free,unfrozen,0.0,0.1,0.0,0.3,0.8873872786760331,41.3,0.2526926520127117,0.29994761273264886,373.0,0.14582121187591152,145.8212118759115,10
22,H8_K10_Meuler_T0.4_Dmix_visual_aligning.models.visual_mf_diffusion.VisualMeanFlow_VTrue_mpc4_filmv1_Emf,train,combined_5,False,geo_free,all,0.0,0.0,0.0,0.2,0.8327805817127227,56.3,0.33285134348864137,0.4441538892686367,338.0,0.1514784676850763,151.4784676850763,10
22,H8_K10_Meuler_T0.4_Dmix_visual_aligning.models.visual_mf_diffusion.VisualMeanFlow_VTrue_mpc4_filmv1_Emf,train,combined_5,False,geo_free,unfrozen,0.0,0.0,0.0,0.2,0.8327805817127227,56.3,0.33285134348864137,0.4441538892686367,338.0,0.1514784676850763,151.4784676850763,10
22,H8_K10_Meuler_T0.4_Dmix_visual_aligning.models.visual_mf_diffusion.VisualMeanFlow_VTrue_mpc4_filmv1_Emf,train,combined_5,False,bounds_free,all,0.0,0.1,0.0,0.2,0.9180951714515686,32.4,0.33072406988052044,0.21373149752616882,397.3,0.7232914493135226,723.2914493135227,10
22,H8_K10_Meuler_T0.4_Dmix_visual_aligning.models.visual_mf_diffusion.VisualMeanFlow_VTrue_mpc4_filmv1_Emf,train,combined_5,False,bounds_free,unfrozen,0.0,0.1,0.0,0.2,0.9180951714515686,32.4,0.33072406988052044,0.21373149752616882,397.3,0.7232914493135226,723.2914493135227,10
22,H8_K10_Meuler_T0.4_Dmix_visual_aligning.models.visual_mf_diffusion.VisualMeanFlow_VTrue_mpc4_filmv1_Emf,train,combined_5,False,geo_free-bounds_free,all,0.0,0.1,0.0,0.1,0.7996516197919845,64.1,0.35163067638464435,0.3613936398178339,323.3,0.13909319776107829,139.0931977610783,10
22,H8_K10_Meuler_T0.4_Dmix_visual_aligning.models.visual_mf_diffusion.VisualMeanFlow_VTrue_mpc4_filmv1_Emf,train,combined_5,False,geo_free-bounds_free,unfrozen,0.0,0.1,0.0,0.1,0.7996516197919845,64.1,0.35163067638464435,0.3613936398178339,323.3,0.13909319776107829,139.0931977610783,10
22,H8_K10_Meuler_T0.4_Dmix_visual_aligning.models.visual_mf_diffusion.VisualMeanFlow_VTrue_mpc4_filmv1_Emf,train,combined_5,False,geo_free-model_free,all,0.0,0.2,0.0,0.4,0.8582291096448899,56.4,0.24880435274729518,0.44475502520799637,365.6,0.12478551694371971,124.7855169437197,10
22,H8_K10_Meuler_T0.4_Dmix_visual_aligning.models.visual_mf_diffusion.VisualMeanFlow_VTrue_mpc4_filmv1_Emf,train,combined_5,False,geo_free-model_free,unfrozen,0.0,0.2,0.0,0.4,0.8582291096448899,56.4,0.24880435274729518,0.44475502520799637,365.6,0.12478551694371971,124.7855169437197,10
22,H8_K10_Meuler_T0.4_Dmix_visual_aligning.models.visual_mf_diffusion.VisualMeanFlow_VTrue_mpc4_filmv1_Emf,train,combined_5,False,model_free-bounds_free,all,0.0,0.0,0.0,0.1,0.8020897269248962,74.1,0.1891726170160955,0.6271337263286114,359.5,0.13778203725657145,137.78203725657144,10
22,H8_K10_Meuler_T0.4_Dmix_visual_aligning.models.visual_mf_diffusion.VisualMeanFlow_VTrue_mpc4_filmv1_Emf,train,combined_5,False,model_free-bounds_free,unfrozen,0.0,0.0,0.0,0.1,0.8020897269248962,74.1,0.1891726170160955,0.6271337263286114,359.5,0.13778203725657145,137.78203725657144,10
22,H8_K10_Meuler_T0.4_Dmix_visual_aligning.models.visual_mf_diffusion.VisualMeanFlow_VTrue_mpc4_filmv1_Emf,train,combined_5-tightened,True,diffuser,all,0.1,0.1,0.0,0.1,0.8866645902395248,35.5,0.23929262291814796,0.2403020872734487,328.8,0.08966543613408372,89.66543613408372,10
22,H8_K10_Meuler_T0.4_Dmix_visual_aligning.models.visual_mf_diffusion.VisualMeanFlow_VTrue_mpc4_filmv1_Emf,train,combined_5-tightened,True,diffuser,unfrozen,0.1111111111111111,0.1111111111111111,0.0,0.0,0.8740717669328054,39.44444444444444,0.20822235547118564,0.2666173840148581,320.8888888888889,0.09962826237120413,99.62826237120413,9
22,H8_K10_Meuler_T0.4_Dmix_visual_aligning.models.visual_mf_diffusion.VisualMeanFlow_VTrue_mpc4_filmv1_Emf,train,combined_5-tightened,True,dpcc-r,all,0.1,0.1,0.1,0.7,0.9659539580345153,12.3,0.35040953547395404,0.2593115055002272,355.3,0.5174928766194098,517.4928766194098,10
22,H8_K10_Meuler_T0.4_Dmix_visual_aligning.models.visual_mf_diffusion.VisualMeanFlow_VTrue_mpc4_filmv1_Emf,train,combined_5-tightened,True,dpcc-r,unfrozen,0.1111111111111111,0.1111111111111111,0.1111111111111111,0.6666666666666666,0.9621710644827949,13.666666666666666,0.33168559164430345,0.28773895982238984,350.3333333333333,0.5749920851326775,574.9920851326775,9
22,H8_K10_Meuler_T0.4_Dmix_visual_aligning.models.visual_mf_diffusion.VisualMeanFlow_VTrue_mpc4_filmv1_Emf,train,combined_5-tightened,True,dpcc-c,all,0.0,0.0,0.0,0.6,0.9454208850860596,21.3,0.4187034109136946,0.3892955449409783,391.6,0.5242557450655907,524.2557450655906,10
22,H8_K10_Meuler_T0.4_Dmix_visual_aligning.models.visual_mf_diffusion.VisualMeanFlow_VTrue_mpc4_filmv1_Emf,train,combined_5-tightened,True,dpcc-c,unfrozen,0.0,0.0,0.0,0.5555555555555556,0.9393565389845107,23.666666666666668,0.40756767546623757,0.4321656703121132,390.6666666666667,0.5825063834062119,582.5063834062119,9
22,H8_K10_Meuler_T0.4_Dmix_visual_aligning.models.visual_mf_diffusion.VisualMeanFlow_VTrue_mpc4_filmv1_Emf,train,combined_5-tightened,True,dpcc-t,all,0.1,0.3,0.1,0.7,0.9875,5.0,0.27499902943191246,0.09787161899730563,357.8,0.433454071422418,433.45407142241794,10
22,H8_K10_Meuler_T0.4_Dmix_visual_aligning.models.visual_mf_diffusion.VisualMeanFlow_VTrue_mpc4_filmv1_Emf,train,combined_5-tightened,True,dpcc-t,unfrozen,0.1111111111111111,0.3333333333333333,0.1111111111111111,0.6666666666666666,0.9861111111111112,5.555555555555555,0.24789614048647948,0.10836130815247695,353.1111111111111,0.4816156349137978,481.6156349137977,9
22,H8_K10_Meuler_T0.4_Dmix_visual_aligning.models.visual_mf_diffusion.VisualMeanFlow_VTrue_mpc4_filmv1_Emf,train,combined_5-tightened,True,dpcc-c-dt0p25,all,0.0,0.0,0.0,0.9,0.9899721443653107,3.6,0.29126342341626593,0.10655345367267728,395.9,0.6713279624371555,671.3279624371555,10
22,H8_K10_Meuler_T0.4_Dmix_visual_aligning.models.visual_mf_diffusion.VisualMeanFlow_VTrue_mpc4_filmv1_Emf,train,combined_5-tightened,True,dpcc-c-dt0p25,unfrozen,0.0,0.0,0.0,0.8888888888888888,0.9888579381836785,4.0,0.2659676893579834,0.11800779112511212,395.44444444444446,0.7459199582635061,745.919958263506,9
22,H8_K10_Meuler_T0.4_Dmix_visual_aligning.models.visual_mf_diffusion.VisualMeanFlow_VTrue_mpc4_filmv1_Emf,train,combined_5-tightened,True,dpcc-c-dt0p5,all,0.1,0.1,0.1,0.5,0.9359031945466996,25.5,0.42163861080787335,0.6291301374323666,361.2,0.6060531363990836,606.0531363990837,10
22,H8_K10_Meuler_T0.4_Dmix_visual_aligning.models.visual_mf_diffusion.VisualMeanFlow_VTrue_mpc4_filmv1_Emf,train,combined_5-tightened,True,dpcc-c-dt0p5,unfrozen,0.1111111111111111,0.1111111111111111,0.1111111111111111,0.4444444444444444,0.9287813272741106,28.333333333333332,0.41082900868199157,0.6986485508581003,356.8888888888889,0.6733923737767596,673.3923737767595,9
22,H8_K10_Meuler_T0.4_Dmix_visual_aligning.models.visual_mf_diffusion.VisualMeanFlow_VTrue_mpc4_filmv1_Emf,train,combined_5-tightened,True,dpcc-c-dt2p0,all,0.0,0.0,0.0,0.8,0.9879999995231629,4.8,0.3861205966388109,0.26667765928432347,400.0,0.25359884768724444,253.59884768724442,10
22,H8_K10_Meuler_T0.4_Dmix_visual_aligning.models.visual_mf_diffusion.VisualMeanFlow_VTrue_mpc4_filmv1_Emf,train,combined_5-tightened,True,dpcc-c-dt2p0,unfrozen,0.0,0.0,0.0,0.7777777777777778,0.9866666661368476,5.333333333333333,0.3713645484941444,0.2959235751380523,400.0,0.2817764974302716,281.77649743027155,9
22,H8_K10_Meuler_T0.4_Dmix_visual_aligning.models.visual_mf_diffusion.VisualMeanFlow_VTrue_mpc4_filmv1_Emf,train,combined_5-tightened,True,dpcc-c-dt4p0,all,0.0,0.0,0.0,0.7,0.9729999959468841,10.8,0.38918159125366736,0.09298039423301815,400.0,0.2287125627398491,228.7125627398491,10
22,H8_K10_Meuler_T0.4_Dmix_visual_aligning.models.visual_mf_diffusion.VisualMeanFlow_VTrue_mpc4_filmv1_Emf,train,combined_5-tightened,True,dpcc-c-dt4p0,unfrozen,0.0,0.0,0.0,0.6666666666666666,0.9699999954965379,12.0,0.37476565362176273,0.10292661396993531,400.0,0.25412506971094345,254.12506971094342,9
22,H8_K10_Meuler_T0.4_Dmix_visual_aligning.models.visual_mf_diffusion.VisualMeanFlow_VTrue_mpc4_filmv1_Emf,train,combined_5-tightened,True,hardflow_sls-r,all,0.0,0.0,0.0,1.0,1.0,0.0,0.32760811124433953,0.06258457424119115,400.0,0.19252912765741348,192.52912765741348,10
22,H8_K10_Meuler_T0.4_Dmix_visual_aligning.models.visual_mf_diffusion.VisualMeanFlow_VTrue_mpc4_filmv1_Emf,train,combined_5-tightened,True,hardflow_sls-r,unfrozen,0.0,0.0,0.0,1.0,1.0,0.0,0.30635067583362074,0.06915348064568308,400.0,0.21392125295268163,213.92125295268164,9
22,H8_K10_Meuler_T0.4_Dmix_visual_aligning.models.visual_mf_diffusion.VisualMeanFlow_VTrue_mpc4_filmv1_Emf,train,combined_5-tightened,True,hardflow_sls-c,all,0.1,0.1,0.1,0.8,0.9985000014305114,0.6,0.3545522998464274,0.10707485536113381,373.1,0.20417215665060146,204.17215665060147,10
22,H8_K10_Meuler_T0.4_Dmix_visual_aligning.models.visual_mf_diffusion.VisualMeanFlow_VTrue_mpc4_filmv1_Emf,train,combined_5-tightened,True,hardflow_sls-c,unfrozen,0.1111111111111111,0.1111111111111111,0.1111111111111111,0.7777777777777778,0.9983333349227905,0.6666666666666666,0.33628866316927386,0.11858712633450826,370.1111111111111,0.2268579518340016,226.85795183400163,9
22,H8_K10_Meuler_T0.4_Dmix_visual_aligning.models.visual_mf_diffusion.VisualMeanFlow_VTrue_mpc4_filmv1_Emf,train,combined_5-tightened,True,hardflow_sls-t,all,0.0,0.0,0.0,0.8,0.9942499995231628,2.3,0.31427276640030216,0.11672275150194764,400.0,0.22209058719873429,222.09058719873428,10
22,H8_K10_Meuler_T0.4_Dmix_visual_aligning.models.visual_mf_diffusion.VisualMeanFlow_VTrue_mpc4_filmv1_Emf,train,combined_5-tightened,True,hardflow_sls-t,unfrozen,0.0,0.0,0.0,0.7777777777777778,0.993611110581292,2.5555555555555554,0.29153362600691257,0.12930701093541253,400.0,0.24676731910970476,246.76731910970477,9
22,H8_K10_Meuler_T0.4_Dmix_visual_aligning.models.visual_mf_diffusion.VisualMeanFlow_VTrue_mpc4_filmv1_Emf,train,combined_5-tightened,True,gradient,all,0.0,0.0,0.0,0.2,0.8773684501647949,46.2,0.2790764964733152,0.3682722599245608,373.2,0.09473662130873103,94.73662130873103,10
22,H8_K10_Meuler_T0.4_Dmix_visual_aligning.models.visual_mf_diffusion.VisualMeanFlow_VTrue_mpc4_filmv1_Emf,train,combined_5-tightened,True,gradient,unfrozen,0.0,0.0,0.0,0.1111111111111111,0.8637427224053277,51.333333333333336,0.2524266594213715,0.408806464738316,370.22222222222223,0.1052629125652567,105.2629125652567,9
22,H8_K10_Meuler_T0.4_Dmix_visual_aligning.models.visual_mf_diffusion.VisualMeanFlow_VTrue_mpc4_filmv1_Emf,train,combined_5-tightened,True,post_processing,all,0.0,0.0,0.0,0.8,0.997000002861023,1.2,0.31514850884535706,0.14723830232396723,400.0,0.1124255769252777,112.42557692527771,10
22,H8_K10_Meuler_T0.4_Dmix_visual_aligning.models.visual_mf_diffusion.VisualMeanFlow_VTrue_mpc4_filmv1_Emf,train,combined_5-tightened,True,post_processing,unfrozen,0.0,0.0,0.0,0.7777777777777778,0.996666669845581,1.3333333333333333,0.29250667316808465,0.16321317851543427,400.0,0.12491730769475301,124.917307694753,9
22,H8_K10_Meuler_T0.4_Dmix_visual_aligning.models.visual_mf_diffusion.VisualMeanFlow_VTrue_mpc4_filmv1_Emf,train,combined_5-tightened,True,model_free,all,0.0,0.0,0.0,0.5,0.9169756531715393,27.5,0.33875364612607084,0.3491967496462166,362.0,0.1360428311181573,136.0428311181573,10
22,H8_K10_Meuler_T0.4_Dmix_visual_aligning.models.visual_mf_diffusion.VisualMeanFlow_VTrue_mpc4_filmv1_Emf,train,combined_5-tightened,True,model_free,unfrozen,0.0,0.0,0.0,0.4444444444444444,0.9077507257461548,30.555555555555557,0.31873460347998883,0.3876114533179336,357.77777777777777,0.151158701242397,151.158701242397,9
22,H8_K10_Meuler_T0.4_Dmix_visual_aligning.models.visual_mf_diffusion.VisualMeanFlow_VTrue_mpc4_filmv1_Emf,train,combined_5-tightened,True,geo_free,all,0.0,0.0,0.0,0.2,0.841580045223236,55.4,0.32799165172237094,0.5511355158872903,359.3,0.13639251386557197,136.39251386557197,10
22,H8_K10_Meuler_T0.4_Dmix_visual_aligning.models.visual_mf_diffusion.VisualMeanFlow_VTrue_mpc4_filmv1_Emf,train,combined_5-tightened,True,geo_free,unfrozen,0.0,0.0,0.0,0.1111111111111111,0.8239778280258179,61.55555555555556,0.3067768319203223,0.6119878602524599,354.77777777777777,0.1515472376284133,151.54723762841328,9
22,H8_K10_Meuler_T0.4_Dmix_visual_aligning.models.visual_mf_diffusion.VisualMeanFlow_VTrue_mpc4_filmv1_Emf,train,combined_5-tightened,True,bounds_free,all,0.1,0.1,0.1,0.7,0.9915782988071442,3.2,0.31352550739786883,0.36310052024200556,358.8,0.5574635814795192,557.4635814795192,10
22,H8_K10_Meuler_T0.4_Dmix_visual_aligning.models.visual_mf_diffusion.VisualMeanFlow_VTrue_mpc4_filmv1_Emf,train,combined_5-tightened,True,bounds_free,unfrozen,0.1111111111111111,0.1111111111111111,0.1111111111111111,0.6666666666666666,0.9906425542301602,3.5555555555555554,0.2907033382264311,0.40306008731325466,354.22222222222223,0.619403979421688,619.4039794216881,9
22,H8_K10_Meuler_T0.4_Dmix_visual_aligning.models.visual_mf_diffusion.VisualMeanFlow_VTrue_mpc4_filmv1_Emf,train,combined_5-tightened,True,geo_free-bounds_free,all,0.0,0.0,0.0,0.3,0.8892500042915344,39.1,0.33413778484806805,0.4263352376408875,366.5,0.12464785621954647,124.64785621954645,10
22,H8_K10_Meuler_T0.4_Dmix_visual_aligning.models.visual_mf_diffusion.VisualMeanFlow_VTrue_mpc4_filmv1_Emf,train,combined_5-tightened,True,geo_free-bounds_free,unfrozen,0.0,0.0,0.0,0.2222222222222222,0.876944449212816,43.44444444444444,0.3136058687266524,0.4733208844231235,362.77777777777777,0.13849761802171828,138.49761802171827,9
22,H8_K10_Meuler_T0.4_Dmix_visual_aligning.models.visual_mf_diffusion.VisualMeanFlow_VTrue_mpc4_filmv1_Emf,train,combined_5-tightened,True,geo_free-model_free,all,0.0,0.2,0.0,0.5,0.9180385947227478,31.1,0.24232284450533506,0.4326991752721369,374.9,0.11192549538412351,111.9254953841235,10
22,H8_K10_Meuler_T0.4_Dmix_visual_aligning.models.visual_mf_diffusion.VisualMeanFlow_VTrue_mpc4_filmv1_Emf,train,combined_5-tightened,True,geo_free-model_free,unfrozen,0.0,0.2222222222222222,0.0,0.4444444444444444,0.9089317719141642,34.55555555555556,0.211589268345838,0.4803919262356228,372.1111111111111,0.124361661537915,124.361661537915,9
22,H8_K10_Meuler_T0.4_Dmix_visual_aligning.models.visual_mf_diffusion.VisualMeanFlow_VTrue_mpc4_filmv1_Emf,train,combined_5-tightened,True,model_free-bounds_free,all,0.0,0.0,0.0,0.4,0.7376026943325996,93.9,0.35745534710409455,0.6067034517414868,348.8,0.13452612966295724,134.52612966295723,10
22,H8_K10_Meuler_T0.4_Dmix_visual_aligning.models.visual_mf_diffusion.VisualMeanFlow_VTrue_mpc4_filmv1_Emf,train,combined_5-tightened,True,model_free-bounds_free,unfrozen,0.0,0.0,0.0,0.3333333333333333,0.7084474381473329,104.33333333333333,0.3395142712333485,0.6737300112015672,343.1111111111111,0.14947347740328581,149.4734774032858,9
23,H8_K20_Meuler_T0.2_Dmix_visual_aligning.models.visual_mf_diffusion.VisualMeanFlow_VTrue_mpc4_filmv1_Emf,train,combined_5,False,diffuser,all,0.0,0.0,0.0,0.1,0.8465000033378601,61.4,0.21516267170945458,0.5102663259953261,400.0,0.19046746331453324,190.46746331453323,10
23,H8_K20_Meuler_T0.2_Dmix_visual_aligning.models.visual_mf_diffusion.VisualMeanFlow_VTrue_mpc4_filmv1_Emf,train,combined_5,False,diffuser,unfrozen,0.0,0.0,0.0,0.1,0.8465000033378601,61.4,0.21516267170945458,0.5102663259953261,400.0,0.19046746331453324,190.46746331453323,10
23,H8_K20_Meuler_T0.2_Dmix_visual_aligning.models.visual_mf_diffusion.VisualMeanFlow_VTrue_mpc4_filmv1_Emf,train,combined_5,False,dpcc-r,all,0.0,0.0,0.0,0.3,0.8690645217895507,52.2,0.2290690210621789,0.32785051837563517,391.0,0.34672260181533476,346.72260181533477,10
23,H8_K20_Meuler_T0.2_Dmix_visual_aligning.models.visual_mf_diffusion.VisualMeanFlow_VTrue_mpc4_filmv1_Emf,train,combined_5,False,dpcc-r,unfrozen,0.0,0.0,0.0,0.3,0.8690645217895507,52.2,0.2290690210621789,0.32785051837563517,391.0,0.34672260181533476,346.72260181533477,10
23,H8_K20_Meuler_T0.2_Dmix_visual_aligning.models.visual_mf_diffusion.VisualMeanFlow_VTrue_mpc4_filmv1_Emf,train,combined_5,False,dpcc-c,all,0.0,0.0,0.0,0.0,0.8634342074394226,50.6,0.3276991764339597,0.2734316844493151,384.7,0.34912954517835526,349.1295451783552,10
23,H8_K20_Meuler_T0.2_Dmix_visual_aligning.models.visual_mf_diffusion.VisualMeanFlow_VTrue_mpc4_filmv1_Emf,train,combined_5,False,dpcc-c,unfrozen,0.0,0.0,0.0,0.0,0.8634342074394226,50.6,0.3276991764339597,0.2734316844493151,384.7,0.34912954517835526,349.1295451783552,10
23,H8_K20_Meuler_T0.2_Dmix_visual_aligning.models.visual_mf_diffusion.VisualMeanFlow_VTrue_mpc4_filmv1_Emf,train,combined_5,False,dpcc-t,all,0.0,0.1,0.0,0.2,0.85799999833107,56.8,0.32241551401501084,0.10205085016787052,400.0,0.32363203436136245,323.63203436136246,10
23,H8_K20_Meuler_T0.2_Dmix_visual_aligning.models.visual_mf_diffusion.VisualMeanFlow_VTrue_mpc4_filmv1_Emf,train,combined_5,False,dpcc-t,unfrozen,0.0,0.1,0.0,0.2,0.85799999833107,56.8,0.32241551401501084,0.10205085016787052,400.0,0.32363203436136245,323.63203436136246,10
23,H8_K20_Meuler_T0.2_Dmix_visual_aligning.models.visual_mf_diffusion.VisualMeanFlow_VTrue_mpc4_filmv1_Emf,train,combined_5,False,dpcc-c-dt0p25,all,0.0,0.1,0.0,0.2,0.9450155258178711,21.8,0.39867522853724646,0.36754599362611773,392.2,0.3427849709547569,342.7849709547569,10
23,H8_K20_Meuler_T0.2_Dmix_visual_aligning.models.visual_mf_diffusion.VisualMeanFlow_VTrue_mpc4_filmv1_Emf,train,combined_5,False,dpcc-c-dt0p25,unfrozen,0.0,0.1,0.0,0.2,0.9450155258178711,21.8,0.39867522853724646,0.36754599362611773,392.2,0.3427849709547569,342.7849709547569,10
23,H8_K20_Meuler_T0.2_Dmix_visual_aligning.models.visual_mf_diffusion.VisualMeanFlow_VTrue_mpc4_filmv1_Emf,train,combined_5,False,dpcc-c-dt0p5,all,0.0,0.1,0.0,0.2,0.9187500059604645,32.5,0.3486682190373416,0.3088149672374129,400.0,0.337103570997715,337.103570997715,10
23,H8_K20_Meuler_T0.2_Dmix_visual_aligning.models.visual_mf_diffusion.VisualMeanFlow_VTrue_mpc4_filmv1_Emf,train,combined_5,False,dpcc-c-dt0p5,unfrozen,0.0,0.1,0.0,0.2,0.9187500059604645,32.5,0.3486682190373416,0.3088149672374129,400.0,0.337103570997715,337.103570997715,10
23,H8_K20_Meuler_T0.2_Dmix_visual_aligning.models.visual_mf_diffusion.VisualMeanFlow_VTrue_mpc4_filmv1_Emf,train,combined_5,False,dpcc-c-dt2p0,all,0.0,0.0,0.0,0.0,0.7717499971389771,91.3,0.37051429575476486,0.17843562178313732,400.0,0.28279063093662266,282.7906309366226,10
23,H8_K20_Meuler_T0.2_Dmix_visual_aligning.models.visual_mf_diffusion.VisualMeanFlow_VTrue_mpc4_filmv1_Emf,train,combined_5,False,dpcc-c-dt2p0,unfrozen,0.0,0.0,0.0,0.0,0.7717499971389771,91.3,0.37051429575476486,0.17843562178313732,400.0,0.28279063093662266,282.7906309366226,10
23,H8_K20_Meuler_T0.2_Dmix_visual_aligning.models.visual_mf_diffusion.VisualMeanFlow_VTrue_mpc4_filmv1_Emf,train,combined_5,False,dpcc-c-dt4p0,all,0.0,0.0,0.0,0.1,0.8660000085830688,53.6,0.38918159124948765,0.07547779753804207,400.0,0.28064103537797924,280.6410353779793,10
23,H8_K20_Meuler_T0.2_Dmix_visual_aligning.models.visual_mf_diffusion.VisualMeanFlow_VTrue_mpc4_filmv1_Emf,train,combined_5,False,dpcc-c-dt4p0,unfrozen,0.0,0.0,0.0,0.1,0.8660000085830688,53.6,0.38918159124948765,0.07547779753804207,400.0,0.28064103537797924,280.6410353779793,10
23,H8_K20_Meuler_T0.2_Dmix_visual_aligning.models.visual_mf_diffusion.VisualMeanFlow_VTrue_mpc4_filmv1_Emf,train,combined_5,False,hardflow_sls-r,all,0.0,0.0,0.0,0.4,0.884249997138977,46.3,0.29949827846601923,0.19172579124569894,400.0,0.2977356811761856,297.7356811761856,10
23,H8_K20_Meuler_T0.2_Dmix_visual_aligning.models.visual_mf_diffusion.VisualMeanFlow_VTrue_mpc4_filmv1_Emf,train,combined_5,False,hardflow_sls-r,unfrozen,0.0,0.0,0.0,0.4,0.884249997138977,46.3,0.29949827846601923,0.19172579124569894,400.0,0.2977356811761856,297.7356811761856,10
23,H8_K20_Meuler_T0.2_Dmix_visual_aligning.models.visual_mf_diffusion.VisualMeanFlow_VTrue_mpc4_filmv1_Emf,train,combined_5,False,hardflow_sls-c,all,0.0,0.0,0.0,0.2,0.876500004529953,49.4,0.3438860623417157,0.18716021478176117,400.0,0.34086755371093747,340.8675537109375,10
23,H8_K20_Meuler_T0.2_Dmix_visual_aligning.models.visual_mf_diffusion.VisualMeanFlow_VTrue_mpc4_filmv1_Emf,train,combined_5,False,hardflow_sls-c,unfrozen,0.0,0.0,0.0,0.2,0.876500004529953,49.4,0.3438860623417157,0.18716021478176117,400.0,0.34086755371093747,340.8675537109375,10
23,H8_K20_Meuler_T0.2_Dmix_visual_aligning.models.visual_mf_diffusion.VisualMeanFlow_VTrue_mpc4_filmv1_Emf,train,combined_5,False,hardflow_sls-t,all,0.0,0.0,0.0,0.3,0.8682500064373017,52.7,0.28711389450542407,0.0992201741784811,400.0,0.34191032677888866,341.9103267788887,10
23,H8_K20_Meuler_T0.2_Dmix_visual_aligning.models.visual_mf_diffusion.VisualMeanFlow_VTrue_mpc4_filmv1_Emf,train,combined_5,False,hardflow_sls-t,unfrozen,0.0,0.0,0.0,0.3,0.8682500064373017,52.7,0.28711389450542407,0.0992201741784811,400.0,0.34191032677888866,341.9103267788887,10
23,H8_K20_Meuler_T0.2_Dmix_visual_aligning.models.visual_mf_diffusion.VisualMeanFlow_VTrue_mpc4_filmv1_Emf,train,combined_5,False,gradient,all,0.0,0.1,0.0,0.5,0.9870000064373017,5.2,0.24595985566177356,0.15768165960907937,400.0,0.19897192841768266,198.97192841768265,10
23,H8_K20_Meuler_T0.2_Dmix_visual_aligning.models.visual_mf_diffusion.VisualMeanFlow_VTrue_mpc4_filmv1_Emf,train,combined_5,False,gradient,unfrozen,0.0,0.1,0.0,0.5,0.9870000064373017,5.2,0.24595985566177356,0.15768165960907937,400.0,0.19897192841768266,198.97192841768265,10
23,H8_K20_Meuler_T0.2_Dmix_visual_aligning.models.visual_mf_diffusion.VisualMeanFlow_VTrue_mpc4_filmv1_Emf,train,combined_5,False,post_processing,all,0.0,0.2,0.0,0.3,0.893969076871872,42.3,0.3118225971179849,0.24586487486958503,389.1,0.21574700987339018,215.7470098733902,10
23,H8_K20_Meuler_T0.2_Dmix_visual_aligning.models.visual_mf_diffusion.VisualMeanFlow_VTrue_mpc4_filmv1_Emf,train,combined_5,False,post_processing,unfrozen,0.0,0.2,0.0,0.3,0.893969076871872,42.3,0.3118225971179849,0.24586487486958503,389.1,0.21574700987339018,215.7470098733902,10
23,H8_K20_Meuler_T0.2_Dmix_visual_aligning.models.visual_mf_diffusion.VisualMeanFlow_VTrue_mpc4_filmv1_Emf,train,combined_5,False,model_free,all,0.0,0.0,0.0,0.1,0.866201764345169,48.7,0.25372140151080347,0.44235648326575755,363.2,0.2328852527754731,232.8852527754731,10
23,H8_K20_Meuler_T0.2_Dmix_visual_aligning.models.visual_mf_diffusion.VisualMeanFlow_VTrue_mpc4_filmv1_Emf,train,combined_5,False,model_free,unfrozen,0.0,0.0,0.0,0.1,0.866201764345169,48.7,0.25372140151080347,0.44235648326575755,363.2,0.2328852527754731,232.8852527754731,10
23,H8_K20_Meuler_T0.2_Dmix_visual_aligning.models.visual_mf_diffusion.VisualMeanFlow_VTrue_mpc4_filmv1_Emf,train,combined_5,False,geo_free,all,0.0,0.1,0.0,0.1,0.8996610045433044,37.4,0.2766636768112349,0.28677467852830885,379.1,0.24081091294476858,240.8109129447686,10
23,H8_K20_Meuler_T0.2_Dmix_visual_aligning.models.visual_mf_diffusion.VisualMeanFlow_VTrue_mpc4_filmv1_Emf,train,combined_5,False,geo_free,unfrozen,0.0,0.1,0.0,0.1,0.8996610045433044,37.4,0.2766636768112349,0.28677467852830885,379.1,0.24081091294476858,240.8109129447686,10
23,H8_K20_Meuler_T0.2_Dmix_visual_aligning.models.visual_mf_diffusion.VisualMeanFlow_VTrue_mpc4_filmv1_Emf,train,combined_5,False,bounds_free,all,0.0,0.1,0.0,0.1,0.7899999856948853,84.0,0.31447765638591413,0.12126435935497284,400.0,0.40416477650403976,404.16477650403976,10
23,H8_K20_Meuler_T0.2_Dmix_visual_aligning.models.visual_mf_diffusion.VisualMeanFlow_VTrue_mpc4_filmv1_Emf,train,combined_5,False,bounds_free,unfrozen,0.0,0.1,0.0,0.1,0.7899999856948853,84.0,0.31447765638591413,0.12126435935497284,400.0,0.40416477650403976,404.16477650403976,10
23,H8_K20_Meuler_T0.2_Dmix_visual_aligning.models.visual_mf_diffusion.VisualMeanFlow_VTrue_mpc4_filmv1_Emf,train,combined_5,False,geo_free-bounds_free,all,0.0,0.1,0.0,0.3,0.902420911192894,35.0,0.2378163961401551,0.36808772943913937,377.7,0.2322894992828369,232.2894992828369,10
23,H8_K20_Meuler_T0.2_Dmix_visual_aligning.models.visual_mf_diffusion.VisualMeanFlow_VTrue_mpc4_filmv1_Emf,train,combined_5,False,geo_free-bounds_free,unfrozen,0.0,0.1,0.0,0.3,0.902420911192894,35.0,0.2378163961401551,0.36808772943913937,377.7,0.2322894992828369,232.2894992828369,10
23,H8_K20_Meuler_T0.2_Dmix_visual_aligning.models.visual_mf_diffusion.VisualMeanFlow_VTrue_mpc4_filmv1_Emf,train,combined_5,False,geo_free-model_free,all,0.0,0.0,0.0,0.4,0.8178286492824555,61.7,0.3233502745849971,0.4584489341825247,348.1,0.21831694893422626,218.31694893422628,10
23,H8_K20_Meuler_T0.2_Dmix_visual_aligning.models.visual_mf_diffusion.VisualMeanFlow_VTrue_mpc4_filmv1_Emf,train,combined_5,False,geo_free-model_free,unfrozen,0.0,0.0,0.0,0.4,0.8178286492824555,61.7,0.3233502745849971,0.4584489341825247,348.1,0.21831694893422626,218.31694893422628,10
23,H8_K20_Meuler_T0.2_Dmix_visual_aligning.models.visual_mf_diffusion.VisualMeanFlow_VTrue_mpc4_filmv1_Emf,train,combined_5,False,model_free-bounds_free,all,0.1,0.2,0.0,0.2,0.8874901026487351,42.3,0.2110857851925602,0.29100148715078833,371.8,0.2257181799822981,225.71817998229807,10
23,H8_K20_Meuler_T0.2_Dmix_visual_aligning.models.visual_mf_diffusion.VisualMeanFlow_VTrue_mpc4_filmv1_Emf,train,combined_5,False,model_free-bounds_free,unfrozen,0.1,0.2,0.0,0.2,0.8874901026487351,42.3,0.2110857851925602,0.29100148715078833,371.8,0.2257181799822981,225.71817998229807,10
23,H8_K20_Meuler_T0.2_Dmix_visual_aligning.models.visual_mf_diffusion.VisualMeanFlow_VTrue_mpc4_filmv1_Emf,train,combined_5-tightened,True,diffuser,all,0.0,0.0,0.0,0.2,0.9209999978542328,31.6,0.24739379386947652,0.39967736033722756,400.0,0.17253009635210037,172.53009635210037,10
23,H8_K20_Meuler_T0.2_Dmix_visual_aligning.models.visual_mf_diffusion.VisualMeanFlow_VTrue_mpc4_filmv1_Emf,train,combined_5-tightened,True,diffuser,unfrozen,0.0,0.0,0.0,0.1111111111111111,0.9122222198380364,35.111111111111114,0.2172236565282174,0.4437010207523902,400.0,0.1917001070578893,191.7001070578893,9
23,H8_K20_Meuler_T0.2_Dmix_visual_aligning.models.visual_mf_diffusion.VisualMeanFlow_VTrue_mpc4_filmv1_Emf,train,combined_5-tightened,True,dpcc-r,all,0.0,0.0,0.0,0.9,0.9932500004768372,2.7,0.3087523145210141,0.045784485433250664,400.0,0.26591432440280915,265.91432440280914,10
23,H8_K20_Meuler_T0.2_Dmix_visual_aligning.models.visual_mf_diffusion.VisualMeanFlow_VTrue_mpc4_filmv1_Emf,train,combined_5-tightened,True,dpcc-r,unfrozen,0.0,0.0,0.0,0.8888888888888888,0.992500000529819,3.0,0.2853997905854813,0.05048671530352698,400.0,0.2954603604475657,295.46036044756573,9
23,H8_K20_Meuler_T0.2_Dmix_visual_aligning.models.visual_mf_diffusion.VisualMeanFlow_VTrue_mpc4_filmv1_Emf,train,combined_5-tightened,True,dpcc-c,all,0.0,0.0,0.0,0.9,0.9830039501190185,4.3,0.3578712535756874,0.22834719577804208,385.3,0.32526340189150404,325.26340189150403,10
23,H8_K20_Meuler_T0.2_Dmix_visual_aligning.models.visual_mf_diffusion.VisualMeanFlow_VTrue_mpc4_filmv1_Emf,train,combined_5-tightened,True,dpcc-c,unfrozen,0.0,0.0,0.0,0.8888888888888888,0.9811155001322428,4.777777777777778,0.3399763895351183,0.2533341712421841,383.6666666666667,0.36140377987944894,361.4037798794489,9
23,H8_K20_Meuler_T0.2_Dmix_visual_aligning.models.visual_mf_diffusion.VisualMeanFlow_VTrue_mpc4_filmv1_Emf,train,combined_5-tightened,True,dpcc-t,all,0.0,0.0,0.0,0.8,0.9962500035762787,1.5,0.3373255988375089,0.10023923004046083,400.0,0.32317445653676985,323.17445653676987,10
23,H8_K20_Meuler_T0.2_Dmix_visual_aligning.models.visual_mf_diffusion.VisualMeanFlow_VTrue_mpc4_filmv1_Emf,train,combined_5-tightened,True,dpcc-t,unfrozen,0.0,0.0,0.0,0.7777777777777778,0.9958333373069763,1.6666666666666667,0.3171478842704756,0.11099198708931605,400.0,0.35908272948529985,359.08272948529986,9
23,H8_K20_Meuler_T0.2_Dmix_visual_aligning.models.visual_mf_diffusion.VisualMeanFlow_VTrue_mpc4_filmv1_Emf,train,combined_5-tightened,True,dpcc-c-dt0p25,all,0.0,0.1,0.0,0.8,0.9615000009536743,15.4,0.510270568876569,0.3940454450435936,400.0,0.34264023226499557,342.6402322649956,10
23,H8_K20_Meuler_T0.2_Dmix_visual_aligning.models.visual_mf_diffusion.VisualMeanFlow_VTrue_mpc4_filmv1_Emf,train,combined_5-tightened,True,dpcc-c-dt0p25,unfrozen,0.0,0.1111111111111111,0.0,0.7777777777777778,0.9572222232818604,17.11111111111111,0.5093089620916534,0.437443337092797,400.0,0.3807113691833284,380.71136918332843,9
23,H8_K20_Meuler_T0.2_Dmix_visual_aligning.models.visual_mf_diffusion.VisualMeanFlow_VTrue_mpc4_filmv1_Emf,train,combined_5-tightened,True,dpcc-c-dt0p5,all,0.0,0.0,0.0,0.8,0.9479999959468841,20.8,0.3987882762130781,0.4076877244748175,400.0,0.38139261162281035,381.39261162281036,10
23,H8_K20_Meuler_T0.2_Dmix_visual_aligning.models.visual_mf_diffusion.VisualMeanFlow_VTrue_mpc4_filmv1_Emf,train,combined_5-tightened,True,dpcc-c-dt0p5,unfrozen,0.0,0.0,0.0,0.7777777777777778,0.9422222177187601,23.11111111111111,0.38543974802110803,0.45260142534971237,400.0,0.4237695684697893,423.7695684697893,9
23,H8_K20_Meuler_T0.2_Dmix_visual_aligning.models.visual_mf_diffusion.VisualMeanFlow_VTrue_mpc4_filmv1_Emf,train,combined_5-tightened,True,dpcc-c-dt2p0,all,0.0,0.0,0.0,0.8,0.9844999969005584,6.2,0.3422986301526908,0.19838107666000723,400.0,0.264908806681633,264.908806681633,10
23,H8_K20_Meuler_T0.2_Dmix_visual_aligning.models.visual_mf_diffusion.VisualMeanFlow_VTrue_mpc4_filmv1_Emf,train,combined_5-tightened,True,dpcc-c-dt2p0,unfrozen,0.0,0.0,0.0,0.7777777777777778,0.9827777743339539,6.888888888888889,0.32267347462067764,0.2200384833332565,400.0,0.2943431185351478,294.34311853514777,9
23,H8_K20_Meuler_T0.2_Dmix_visual_aligning.models.visual_mf_diffusion.VisualMeanFlow_VTrue_mpc4_filmv1_Emf,train,combined_5-tightened,True,dpcc-c-dt4p0,all,0.0,0.0,0.0,0.8,0.9735000014305115,10.6,0.3891815912550229,0.04913429850712418,400.0,0.2711735506057739,271.1735506057739,10
23,H8_K20_Meuler_T0.2_Dmix_visual_aligning.models.visual_mf_diffusion.VisualMeanFlow_VTrue_mpc4_filmv1_Emf,train,combined_5-tightened,True,dpcc-c-dt4p0,unfrozen,0.0,0.0,0.0,0.7777777777777778,0.9705555571450127,11.777777777777779,0.3747656536232689,0.05420872983005312,400.0,0.30130394511752656,301.3039451175266,9
23,H8_K20_Meuler_T0.2_Dmix_visual_aligning.models.visual_mf_diffusion.VisualMeanFlow_VTrue_mpc4_filmv1_Emf,train,combined_5-tightened,True,hardflow_sls-r,all,0.0,0.0,0.0,1.0,1.0,0.0,0.30244348359867246,0.06397559465840459,400.0,0.2752805499434471,275.2805499434471,10
23,H8_K20_Meuler_T0.2_Dmix_visual_aligning.models.visual_mf_diffusion.VisualMeanFlow_VTrue_mpc4_filmv1_Emf,train,combined_5-tightened,True,hardflow_sls-r,unfrozen,0.0,0.0,0.0,1.0,1.0,0.0,0.2783899784495462,0.07069905888703135,400.0,0.3058672777149412,305.8672777149412,9
23,H8_K20_Meuler_T0.2_Dmix_visual_aligning.models.visual_mf_diffusion.VisualMeanFlow_VTrue_mpc4_filmv1_Emf,train,combined_5-tightened,True,hardflow_sls-c,all,0.0,0.0,0.0,1.0,1.0,0.0,0.33234723481223927,0.0906667091883719,400.0,0.2823202964067459,282.3202964067459,10
23,H8_K20_Meuler_T0.2_Dmix_visual_aligning.models.visual_mf_diffusion.VisualMeanFlow_VTrue_mpc4_filmv1_Emf,train,combined_5-tightened,True,hardflow_sls-c,unfrozen,0.0,0.0,0.0,1.0,1.0,0.0,0.31161636868684267,0.10035585280921724,400.0,0.3136892182297177,313.68921822971765,9
23,H8_K20_Meuler_T0.2_Dmix_visual_aligning.models.visual_mf_diffusion.VisualMeanFlow_VTrue_mpc4_filmv1_Emf,train,combined_5-tightened,True,hardflow_sls-t,all,0.0,0.0,0.0,0.9,0.9985000014305114,0.6,0.35437919513478533,0.11274475725367665,400.0,0.3014632415175438,301.4632415175438,10
23,H8_K20_Meuler_T0.2_Dmix_visual_aligning.models.visual_mf_diffusion.VisualMeanFlow_VTrue_mpc4_filmv1_Emf,train,combined_5-tightened,True,hardflow_sls-t,unfrozen,0.0,0.0,0.0,0.8888888888888888,0.9983333349227905,0.6666666666666666,0.3360963246007827,0.12488701732622252,400.0,0.3349591572417153,334.95915724171533,9
23,H8_K20_Meuler_T0.2_Dmix_visual_aligning.models.visual_mf_diffusion.VisualMeanFlow_VTrue_mpc4_filmv1_Emf,train,combined_5-tightened,True,gradient,all,0.0,0.1,0.0,0.3,0.8128609657287598,68.1,0.3068107364472798,0.7744290730915964,362.9,0.17887022261520585,178.87022261520585,10
23,H8_K20_Meuler_T0.2_Dmix_visual_aligning.models.visual_mf_diffusion.VisualMeanFlow_VTrue_mpc4_filmv1_Emf,train,combined_5-tightened,True,gradient,unfrozen,0.0,0.1111111111111111,0.0,0.2222222222222222,0.792067739698622,75.66666666666667,0.2832424816146654,0.8600918127016889,358.77777777777777,0.19874469179467316,198.74469179467317,9
23,H8_K20_Meuler_T0.2_Dmix_visual_aligning.models.visual_mf_diffusion.VisualMeanFlow_VTrue_mpc4_filmv1_Emf,train,combined_5-tightened,True,post_processing,all,0.0,0.0,0.0,0.8,0.9702499985694886,11.9,0.3584816287181464,0.1748930555768311,400.0,0.19355517518520354,193.55517518520355,10
23,H8_K20_Meuler_T0.2_Dmix_visual_aligning.models.visual_mf_diffusion.VisualMeanFlow_VTrue_mpc4_filmv1_Emf,train,combined_5-tightened,True,post_processing,unfrozen,0.0,0.0,0.0,0.7777777777777778,0.9669444428549873,13.222222222222221,0.34065458413785055,0.19394068212972748,400.0,0.21506130576133728,215.06130576133728,9
23,H8_K20_Meuler_T0.2_Dmix_visual_aligning.models.visual_mf_diffusion.VisualMeanFlow_VTrue_mpc4_filmv1_Emf,train,combined_5-tightened,True,model_free,all,0.0,0.1,0.0,0.6,0.9244251549243927,29.4,0.32294502696494537,0.3487441104836762,393.4,0.21051154209310946,210.51154209310943,10
23,H8_K20_Meuler_T0.2_Dmix_visual_aligning.models.visual_mf_diffusion.VisualMeanFlow_VTrue_mpc4_filmv1_Emf,train,combined_5-tightened,True,model_free,unfrozen,0.0,0.1111111111111111,0.0,0.5555555555555556,0.9160279499159919,32.666666666666664,0.30116947107873826,0.3871085209151109,392.6666666666667,0.23390171343678828,233.90171343678827,9
23,H8_K20_Meuler_T0.2_Dmix_visual_aligning.models.visual_mf_diffusion.VisualMeanFlow_VTrue_mpc4_filmv1_Emf,train,combined_5-tightened,True,geo_free,all,0.0,0.2,0.0,0.2,0.9383083581924438,21.0,0.2860746365552277,0.19161555217579007,369.3,0.21671342726285525,216.71342726285525,10
23,H8_K20_Meuler_T0.2_Dmix_visual_aligning.models.visual_mf_diffusion.VisualMeanFlow_VTrue_mpc4_filmv1_Emf,train,combined_5-tightened,True,geo_free,unfrozen,0.0,0.2222222222222222,0.0,0.1111111111111111,0.9314537313249376,23.333333333333332,0.26020237062349644,0.21252123390634856,365.8888888888889,0.24079269695872807,240.79269695872804,9
23,H8_K20_Meuler_T0.2_Dmix_visual_aligning.models.visual_mf_diffusion.VisualMeanFlow_VTrue_mpc4_filmv1_Emf,train,combined_5-tightened,True,bounds_free,all,0.0,0.0,0.0,0.8,0.9972500026226043,1.1,0.2793190157870978,0.07171287005767227,400.0,0.25428124421834947,254.28124421834946,10
23,H8_K20_Meuler_T0.2_Dmix_visual_aligning.models.visual_mf_diffusion.VisualMeanFlow_VTrue_mpc4_filmv1_Emf,train,combined_5-tightened,True,bounds_free,unfrozen,0.0,0.0,0.0,0.7777777777777778,0.9969444473584493,1.2222222222222223,0.25269612532557434,0.07929603155288431,400.0,0.2825347157981661,282.5347157981661,9
23,H8_K20_Meuler_T0.2_Dmix_visual_aligning.models.visual_mf_diffusion.VisualMeanFlow_VTrue_mpc4_filmv1_Emf,train,combined_5-tightened,True,geo_free-bounds_free,all,0.0,0.0,0.0,0.3,0.9061709135770798,33.5,0.23117497196816889,0.2574631338007748,377.7,0.20958853433890776,209.58853433890778,10
23,H8_K20_Meuler_T0.2_Dmix_visual_aligning.models.visual_mf_diffusion.VisualMeanFlow_VTrue_mpc4_filmv1_Emf,train,combined_5-tightened,True,geo_free-bounds_free,unfrozen,0.0,0.0,0.0,0.2222222222222222,0.8957454595300887,37.22222222222222,0.1992027433045422,0.2856852134896649,375.22222222222223,0.23287614926545308,232.87614926545308,9
23,H8_K20_Meuler_T0.2_Dmix_visual_aligning.models.visual_mf_diffusion.VisualMeanFlow_VTrue_mpc4_filmv1_Emf,train,combined_5-tightened,True,geo_free-model_free,all,0.0,0.0,0.0,0.6,0.8813286483287811,36.3,0.37740574474297056,0.23525256784632803,348.1,0.1959737699452379,195.9737699452379,10
23,H8_K20_Meuler_T0.2_Dmix_visual_aligning.models.visual_mf_diffusion.VisualMeanFlow_VTrue_mpc4_filmv1_Emf,train,combined_5-tightened,True,geo_free-model_free,unfrozen,0.0,0.0,0.0,0.5555555555555556,0.8681429425875345,40.333333333333336,0.36168137972098857,0.26100680687361294,342.3333333333333,0.21774863327248656,217.74863327248656,9
23,H8_K20_Meuler_T0.2_Dmix_visual_aligning.models.visual_mf_diffusion.VisualMeanFlow_VTrue_mpc4_filmv1_Emf,train,combined_5-tightened,True,model_free-bounds_free,all,0.1,0.2,0.0,0.3,0.9092261910438537,33.5,0.2131961129502868,0.4280404499731958,370.5,0.20914917053211304,209.14917053211303,10
23,H8_K20_Meuler_T0.2_Dmix_visual_aligning.models.visual_mf_diffusion.VisualMeanFlow_VTrue_mpc4_filmv1_Emf,train,combined_5-tightened,True,model_free-bounds_free,unfrozen,0.1111111111111111,0.2222222222222222,0.0,0.2222222222222222,0.8991402122709486,37.22222222222222,0.17922623328467321,0.4752155647923549,367.22222222222223,0.23238796725790337,232.38796725790337,9
24,H8_K2_Meuler_T0.5_Dmix_visual_aligning.models.visual_mf_diffusion.VisualMeanFlow_VTrue_mpc4_filmv1_Emf,train,combined_5,False,diffuser,all,0.03333333333333333,0.06666666666666667,0.03333333333333333,0.3333333333333333,0.7668908029794693,92.83333333333333,0.4656311719651029,0.4488633076970776,384.3333333333333,0.027917943451911183,27.91794345191118,30
24,H8_K2_Meuler_T0.5_Dmix_visual_aligning.models.visual_mf_diffusion.VisualMeanFlow_VTrue_mpc4_filmv1_Emf,train,combined_5,False,diffuser,unfrozen,0.03333333333333333,0.06666666666666667,0.03333333333333333,0.3333333333333333,0.7668908029794693,92.83333333333333,0.4656311719651029,0.4488633076970776,384.3333333333333,0.027917943451911183,27.91794345191118,30
24,H8_K2_Meuler_T0.5_Dmix_visual_aligning.models.visual_mf_diffusion.VisualMeanFlow_VTrue_mpc4_filmv1_Emf,train,combined_5,False,dpcc-r,all,0.06666666666666667,0.13333333333333333,0.06666666666666667,0.36666666666666664,0.8540833353996277,58.36666666666667,0.34229933710918437,0.15874502745767435,380.6333333333333,0.055544761518630685,55.544761518630686,30
24,H8_K2_Meuler_T0.5_Dmix_visual_aligning.models.visual_mf_diffusion.VisualMeanFlow_VTrue_mpc4_filmv1_Emf,train,combined_5,False,dpcc-r,unfrozen,0.06666666666666667,0.13333333333333333,0.06666666666666667,0.36666666666666664,0.8540833353996277,58.36666666666667,0.34229933710918437,0.15874502745767435,380.6333333333333,0.055544761518630685,55.544761518630686,30
24,H8_K2_Meuler_T0.5_Dmix_visual_aligning.models.visual_mf_diffusion.VisualMeanFlow_VTrue_mpc4_filmv1_Emf,train,combined_5,False,dpcc-c,all,0.0,0.03333333333333333,0.0,0.23333333333333334,0.8262499988079071,69.5,0.40940863256454657,0.2288621782635649,400.0,0.0569419724146525,56.941972414652504,30
24,H8_K2_Meuler_T0.5_Dmix_visual_aligning.models.visual_mf_diffusion.VisualMeanFlow_VTrue_mpc4_filmv1_Emf,train,combined_5,False,dpcc-c,unfrozen,0.0,0.03333333333333333,0.0,0.23333333333333334,0.8262499988079071,69.5,0.40940863256454657,0.2288621782635649,400.0,0.0569419724146525,56.941972414652504,30
24,H8_K2_Meuler_T0.5_Dmix_visual_aligning.models.visual_mf_diffusion.VisualMeanFlow_VTrue_mpc4_filmv1_Emf,train,combined_5,False,dpcc-t,all,0.0,0.03333333333333333,0.0,0.26666666666666666,0.8344166666269303,66.23333333333333,0.286746027175339,0.20024955763171118,400.0,0.05280208228031794,52.80208228031794,30
24,H8_K2_Meuler_T0.5_Dmix_visual_aligning.models.visual_mf_diffusion.VisualMeanFlow_VTrue_mpc4_filmv1_Emf,train,combined_5,False,dpcc-t,unfrozen,0.0,0.03333333333333333,0.0,0.26666666666666666,0.8344166666269303,66.23333333333333,0.286746027175339,0.20024955763171118,400.0,0.05280208228031794,52.80208228031794,30
24,H8_K2_Meuler_T0.5_Dmix_visual_aligning.models.visual_mf_diffusion.VisualMeanFlow_VTrue_mpc4_filmv1_Emf,train,combined_5,False,dpcc-c-dt0p25,all,0.06666666666666667,0.1,0.0,0.2,0.8915816913048427,42.9,0.32480256120158596,0.1365115840608875,377.9,0.0557785986389144,55.7785986389144,30
24,H8_K2_Meuler_T0.5_Dmix_visual_aligning.models.visual_mf_diffusion.VisualMeanFlow_VTrue_mpc4_filmv1_Emf,train,combined_5,False,dpcc-c-dt0p25,unfrozen,0.06666666666666667,0.1,0.0,0.2,0.8915816913048427,42.9,0.32480256120158596,0.1365115840608875,377.9,0.0557785986389144,55.7785986389144,30
24,H8_K2_Meuler_T0.5_Dmix_visual_aligning.models.visual_mf_diffusion.VisualMeanFlow_VTrue_mpc4_filmv1_Emf,train,combined_5,False,dpcc-c-dt0p5,all,0.03333333333333333,0.13333333333333333,0.03333333333333333,0.2,0.8616666704416275,55.333333333333336,0.305525295586006,0.21050835984448593,398.8666666666667,0.05918758116241796,59.187581162417956,30
24,H8_K2_Meuler_T0.5_Dmix_visual_aligning.models.visual_mf_diffusion.VisualMeanFlow_VTrue_mpc4_filmv1_Emf,train,combined_5,False,dpcc-c-dt0p5,unfrozen,0.03333333333333333,0.13333333333333333,0.03333333333333333,0.2,0.8616666704416275,55.333333333333336,0.305525295586006,0.21050835984448593,398.8666666666667,0.05918758116241796,59.187581162417956,30
24,H8_K2_Meuler_T0.5_Dmix_visual_aligning.models.visual_mf_diffusion.VisualMeanFlow_VTrue_mpc4_filmv1_Emf,train,combined_5,False,dpcc-c-dt2p0,all,0.0,0.0,0.0,0.1,0.8541666706403096,58.333333333333336,0.3760310176959306,0.1491049791375796,400.0,0.08900804217656452,89.00804217656453,30
24,H8_K2_Meuler_T0.5_Dmix_visual_aligning.models.visual_mf_diffusion.VisualMeanFlow_VTrue_mpc4_filmv1_Emf,train,combined_5,False,dpcc-c-dt2p0,unfrozen,0.0,0.0,0.0,0.1,0.8541666706403096,58.333333333333336,0.3760310176959306,0.1491049791375796,400.0,0.08900804217656452,89.00804217656453,30
24,H8_K2_Meuler_T0.5_Dmix_visual_aligning.models.visual_mf_diffusion.VisualMeanFlow_VTrue_mpc4_filmv1_Emf,train,combined_5,False,dpcc-c-dt4p0,all,0.0,0.0,0.0,0.4666666666666667,0.94500000278155,22.0,0.3834990723207879,0.14000453383972247,400.0,0.04391747830311457,43.91747830311457,30
24,H8_K2_Meuler_T0.5_Dmix_visual_aligning.models.visual_mf_diffusion.VisualMeanFlow_VTrue_mpc4_filmv1_Emf,train,combined_5,False,dpcc-c-dt4p0,unfrozen,0.0,0.0,0.0,0.4666666666666667,0.94500000278155,22.0,0.3834990723207879,0.14000453383972247,400.0,0.04391747830311457,43.91747830311457,30
24,H8_K2_Meuler_T0.5_Dmix_visual_aligning.models.visual_mf_diffusion.VisualMeanFlow_VTrue_mpc4_filmv1_Emf,train,combined_5,False,hardflow_new-r,all,0.0,0.1,0.0,0.26666666666666666,0.8759166677792867,49.63333333333333,0.30644387732967054,0.2359429206699133,400.0,0.18185019095738728,181.8501909573873,30
24,H8_K2_Meuler_T0.5_Dmix_visual_aligning.models.visual_mf_diffusion.VisualMeanFlow_VTrue_mpc4_filmv1_Emf,train,combined_5,False,hardflow_new-r,unfrozen,0.0,0.1,0.0,0.26666666666666666,0.8759166677792867,49.63333333333333,0.30644387732967054,0.2359429206699133,400.0,0.18185019095738728,181.8501909573873,30
24,H8_K2_Meuler_T0.5_Dmix_visual_aligning.models.visual_mf_diffusion.VisualMeanFlow_VTrue_mpc4_filmv1_Emf,train,combined_5,False,hardflow_new-c,all,0.06666666666666667,0.06666666666666667,0.06666666666666667,0.26666666666666666,0.8492500027020772,60.3,0.3249370049740519,0.1517169000580907,392.23333333333335,0.19397613014103168,193.9761301410317,30
24,H8_K2_Meuler_T0.5_Dmix_visual_aligning.models.visual_mf_diffusion.VisualMeanFlow_VTrue_mpc4_filmv1_Emf,train,combined_5,False,hardflow_new-c,unfrozen,0.06666666666666667,0.06666666666666667,0.06666666666666667,0.26666666666666666,0.8492500027020772,60.3,0.3249370049740519,0.1517169000580907,392.23333333333335,0.19397613014103168,193.9761301410317,30
24,H8_K2_Meuler_T0.5_Dmix_visual_aligning.models.visual_mf_diffusion.VisualMeanFlow_VTrue_mpc4_filmv1_Emf,train,combined_5,False,hardflow_new-t,all,0.0,0.06666666666666667,0.0,0.5,0.8995833337306977,40.166666666666664,0.30738108602955483,0.1927858678624034,400.0,0.17486029400428135,174.86029400428137,30
24,H8_K2_Meuler_T0.5_Dmix_visual_aligning.models.visual_mf_diffusion.VisualMeanFlow_VTrue_mpc4_filmv1_Emf,train,combined_5,False,hardflow_new-t,unfrozen,0.0,0.06666666666666667,0.0,0.5,0.8995833337306977,40.166666666666664,0.30738108602955483,0.1927858678624034,400.0,0.17486029400428135,174.86029400428137,30
24,H8_K2_Meuler_T0.5_Dmix_visual_aligning.models.visual_mf_diffusion.VisualMeanFlow_VTrue_mpc4_filmv1_Emf,train,combined_5,False,gradient,all,0.06666666666666667,0.1,0.03333333333333333,0.3,0.756657408674558,97.1,0.37126018434638197,0.5692588986208041,381.73333333333335,0.02954654978160505,29.546549781605048,30
24,H8_K2_Meuler_T0.5_Dmix_visual_aligning.models.visual_mf_diffusion.VisualMeanFlow_VTrue_mpc4_filmv1_Emf,train,combined_5,False,gradient,unfrozen,0.06666666666666667,0.1,0.03333333333333333,0.3,0.756657408674558,97.1,0.37126018434638197,0.5692588986208041,381.73333333333335,0.02954654978160505,29.546549781605048,30
24,H8_K2_Meuler_T0.5_Dmix_visual_aligning.models.visual_mf_diffusion.VisualMeanFlow_VTrue_mpc4_filmv1_Emf,train,combined_5,False,post_processing,all,0.06666666666666667,0.13333333333333333,0.06666666666666667,0.36666666666666664,0.8572500010331472,57.1,0.3481104900056444,0.1577119154234727,380.6333333333333,0.05625771999365117,56.25771999365117,30
24,H8_K2_Meuler_T0.5_Dmix_visual_aligning.models.visual_mf_diffusion.VisualMeanFlow_VTrue_mpc4_filmv1_Emf,train,combined_5,False,post_processing,unfrozen,0.06666666666666667,0.13333333333333333,0.06666666666666667,0.36666666666666664,0.8572500010331472,57.1,0.3481104900056444,0.1577119154234727,380.6333333333333,0.05625771999365117,56.25771999365117,30
24,H8_K2_Meuler_T0.5_Dmix_visual_aligning.models.visual_mf_diffusion.VisualMeanFlow_VTrue_mpc4_filmv1_Emf,train,combined_5,False,model_free,all,0.03333333333333333,0.1,0.03333333333333333,0.3,0.7939166694879531,82.43333333333334,0.36110556378656117,0.38050395088891187,393.23333333333335,0.03956535096590087,39.56535096590087,30
24,H8_K2_Meuler_T0.5_Dmix_visual_aligning.models.visual_mf_diffusion.VisualMeanFlow_VTrue_mpc4_filmv1_Emf,train,combined_5,False,model_free,unfrozen,0.03333333333333333,0.1,0.03333333333333333,0.3,0.7939166694879531,82.43333333333334,0.36110556378656117,0.38050395088891187,393.23333333333335,0.03956535096590087,39.56535096590087,30
24,H8_K2_Meuler_T0.5_Dmix_visual_aligning.models.visual_mf_diffusion.VisualMeanFlow_VTrue_mpc4_filmv1_Emf,train,combined_5,False,geo_free,all,0.03333333333333333,0.1,0.03333333333333333,0.26666666666666666,0.7939166704813639,82.43333333333334,0.36261272238645864,0.35631855148822067,390.53333333333336,0.040890841238115025,40.89084123811503,30
24,H8_K2_Meuler_T0.5_Dmix_visual_aligning.models.visual_mf_diffusion.VisualMeanFlow_VTrue_mpc4_filmv1_Emf,train,combined_5,False,geo_free,unfrozen,0.03333333333333333,0.1,0.03333333333333333,0.26666666666666666,0.7939166704813639,82.43333333333334,0.36261272238645864,0.35631855148822067,390.53333333333336,0.040890841238115025,40.89084123811503,30
24,H8_K2_Meuler_T0.5_Dmix_visual_aligning.models.visual_mf_diffusion.VisualMeanFlow_VTrue_mpc4_filmv1_Emf,train,combined_5,False,bounds_free,all,0.03333333333333333,0.06666666666666667,0.03333333333333333,0.43333333333333335,0.8988333364327749,40.46666666666667,0.2946522132303157,0.19839622663954895,390.8333333333333,0.04868275051116943,48.68275051116943,30
24,H8_K2_Meuler_T0.5_Dmix_visual_aligning.models.visual_mf_diffusion.VisualMeanFlow_VTrue_mpc4_filmv1_Emf,train,combined_5,False,bounds_free,unfrozen,0.03333333333333333,0.06666666666666667,0.03333333333333333,0.43333333333333335,0.8988333364327749,40.46666666666667,0.2946522132303157,0.19839622663954895,390.8333333333333,0.04868275051116943,48.68275051116943,30
24,H8_K2_Meuler_T0.5_Dmix_visual_aligning.models.visual_mf_diffusion.VisualMeanFlow_VTrue_mpc4_filmv1_Emf,train,combined_5,False,geo_free-bounds_free,all,0.0,0.1,0.0,0.26666666666666666,0.7779166648785273,88.83333333333333,0.3375446922385332,0.322550434495012,400.0,0.038000758926073706,38.00075892607371,30
24,H8_K2_Meuler_T0.5_Dmix_visual_aligning.models.visual_mf_diffusion.VisualMeanFlow_VTrue_mpc4_filmv1_Emf,train,combined_5,False,geo_free-bounds_free,unfrozen,0.0,0.1,0.0,0.26666666666666666,0.7779166648785273,88.83333333333333,0.3375446922385332,0.322550434495012,400.0,0.038000758926073706,38.00075892607371,30
24,H8_K2_Meuler_T0.5_Dmix_visual_aligning.models.visual_mf_diffusion.VisualMeanFlow_VTrue_mpc4_filmv1_Emf,train,combined_5,False,geo_free-model_free,all,0.03333333333333333,0.1,0.03333333333333333,0.3,0.7924166689316432,83.03333333333333,0.3570557020029755,0.3890533848355214,393.23333333333335,0.03497935260582696,34.97935260582697,30
24,H8_K2_Meuler_T0.5_Dmix_visual_aligning.models.visual_mf_diffusion.VisualMeanFlow_VTrue_mpc4_filmv1_Emf,train,combined_5,False,geo_free-model_free,unfrozen,0.03333333333333333,0.1,0.03333333333333333,0.3,0.7924166689316432,83.03333333333333,0.3570557020029755,0.3890533848355214,393.23333333333335,0.03497935260582696,34.97935260582697,30
24,H8_K2_Meuler_T0.5_Dmix_visual_aligning.models.visual_mf_diffusion.VisualMeanFlow_VTrue_mpc4_filmv1_Emf,train,combined_5,False,model_free-bounds_free,all,0.03333333333333333,0.06666666666666667,0.03333333333333333,0.3,0.8427500039339065,62.9,0.34572795377894344,0.3555564314126968,393.1666666666667,0.03599846868841058,35.99846868841057,30
24,H8_K2_Meuler_T0.5_Dmix_visual_aligning.models.visual_mf_diffusion.VisualMeanFlow_VTrue_mpc4_filmv1_Emf,train,combined_5,False,model_free-bounds_free,unfrozen,0.03333333333333333,0.06666666666666667,0.03333333333333333,0.3,0.8427500039339065,62.9,0.34572795377894344,0.3555564314126968,393.1666666666667,0.03599846868841058,35.99846868841057,30
24,H8_K2_Meuler_T0.5_Dmix_visual_aligning.models.visual_mf_diffusion.VisualMeanFlow_VTrue_mpc4_filmv1_Emf,train,combined_5-tightened,True,diffuser,all,0.06666666666666667,0.1,0.0,0.36666666666666664,0.839243084192276,63.46666666666667,0.3451415199179802,0.4747520330051581,384.73333333333335,0.023709389816844197,23.709389816844197,30
24,H8_K2_Meuler_T0.5_Dmix_visual_aligning.models.visual_mf_diffusion.VisualMeanFlow_VTrue_mpc4_filmv1_Emf,train,combined_5-tightened,True,diffuser,unfrozen,0.07692307692307693,0.11538461538461539,0.0,0.2692307692307692,0.8145112509910877,73.23076923076923,0.34145750142098213,0.5472578201442957,382.38461538461536,0.027356988250204845,27.356988250204843,26
24,H8_K2_Meuler_T0.5_Dmix_visual_aligning.models.visual_mf_diffusion.VisualMeanFlow_VTrue_mpc4_filmv1_Emf,train,combined_5-tightened,True,dpcc-r,all,0.0,0.1,0.0,0.9,0.9888333340485891,4.466666666666667,0.31445338937237594,0.09752873207132022,391.1666666666667,0.042250735613299,42.250735613299,30
24,H8_K2_Meuler_T0.5_Dmix_visual_aligning.models.visual_mf_diffusion.VisualMeanFlow_VTrue_mpc4_filmv1_Emf,train,combined_5-tightened,True,dpcc-r,unfrozen,0.0,0.11538461538461539,0.0,0.8846153846153846,0.9871153854406797,5.153846153846154,0.30604812002220805,0.11200016522063659,389.8076923076923,0.04875084878457577,48.75084878457577,26
24,H8_K2_Meuler_T0.5_Dmix_visual_aligning.models.visual_mf_diffusion.VisualMeanFlow_VTrue_mpc4_filmv1_Emf,train,combined_5-tightened,True,dpcc-c,all,0.03333333333333333,0.03333333333333333,0.03333333333333333,0.7333333333333333,0.9685000012318293,12.6,0.3626395881069006,0.20426119280358154,392.2,0.05490601671029286,54.90601671029287,30
24,H8_K2_Meuler_T0.5_Dmix_visual_aligning.models.visual_mf_diffusion.VisualMeanFlow_VTrue_mpc4_filmv1_Emf,train,combined_5-tightened,True,dpcc-c,unfrozen,0.038461538461538464,0.038461538461538464,0.038461538461538464,0.6923076923076923,0.9636538475751877,14.538461538461538,0.3616475801005058,0.23515300452709198,391.0,0.06335309620418407,63.35309620418408,26
24,H8_K2_Meuler_T0.5_Dmix_visual_aligning.models.visual_mf_diffusion.VisualMeanFlow_VTrue_mpc4_filmv1_Emf,train,combined_5-tightened,True,dpcc-t,all,0.06666666666666667,0.13333333333333333,0.06666666666666667,1.0,1.0,0.0,0.30663473812306025,0.11232120984544357,381.96666666666664,0.04234230594704307,42.34230594704307,30
24,H8_K2_Meuler_T0.5_Dmix_visual_aligning.models.visual_mf_diffusion.VisualMeanFlow_VTrue_mpc4_filmv1_Emf,train,combined_5-tightened,True,dpcc-t,unfrozen,0.07692307692307693,0.15384615384615385,0.07692307692307693,1.0,1.0,0.0,0.2970265993499207,0.12906840880616352,379.1923076923077,0.04885650686197278,48.856506861972775,26
24,H8_K2_Meuler_T0.5_Dmix_visual_aligning.models.visual_mf_diffusion.VisualMeanFlow_VTrue_mpc4_filmv1_Emf,train,combined_5-tightened,True,dpcc-c-dt0p25,all,0.03333333333333333,0.1,0.03333333333333333,0.9,0.9838333348433177,6.466666666666667,0.2874642293130029,0.14943784344941377,390.43333333333334,0.04700800458766015,47.008004587660146,30
24,H8_K2_Meuler_T0.5_Dmix_visual_aligning.models.visual_mf_diffusion.VisualMeanFlow_VTrue_mpc4_filmv1_Emf,train,combined_5-tightened,True,dpcc-c-dt0p25,unfrozen,0.038461538461538464,0.11538461538461539,0.038461538461538464,0.8846153846153846,0.9813461555884435,7.461538461538462,0.27490678149216224,0.17189529373382145,388.96153846153845,0.05424000529345401,54.24000529345402,26
24,H8_K2_Meuler_T0.5_Dmix_visual_aligning.models.visual_mf_diffusion.VisualMeanFlow_VTrue_mpc4_filmv1_Emf,train,combined_5-tightened,True,dpcc-c-dt0p5,all,0.03333333333333333,0.1,0.03333333333333333,0.7666666666666667,0.970333335796992,11.866666666666667,0.32292421998528814,0.1245222789545854,397.0,0.04856826197011497,48.56826197011496,30
24,H8_K2_Meuler_T0.5_Dmix_visual_aligning.models.visual_mf_diffusion.VisualMeanFlow_VTrue_mpc4_filmv1_Emf,train,combined_5-tightened,True,dpcc-c-dt0p5,unfrozen,0.038461538461538464,0.11538461538461539,0.038461538461538464,0.7307692307692307,0.9657692336119138,13.692307692307692,0.315822155344799,0.14314656547055796,396.53846153846155,0.05604030227320958,56.040302273209576,26
24,H8_K2_Meuler_T0.5_Dmix_visual_aligning.models.visual_mf_diffusion.VisualMeanFlow_VTrue_mpc4_filmv1_Emf,train,combined_5-tightened,True,dpcc-c-dt2p0,all,0.0,0.0,0.0,0.8333333333333334,0.9882500012715657,4.7,0.3633628326423671,0.07478704117238522,400.0,0.041243631104628246,41.24363110462824,30
24,H8_K2_Meuler_T0.5_Dmix_visual_aligning.models.visual_mf_diffusion.VisualMeanFlow_VTrue_mpc4_filmv1_Emf,train,combined_5-tightened,True,dpcc-c-dt2p0,unfrozen,0.0,0.0,0.0,0.8076923076923077,0.9864423091594989,5.423076923076923,0.36248209302604395,0.08575975264494236,400.0,0.0475888051207249,47.5888051207249,26
24,H8_K2_Meuler_T0.5_Dmix_visual_aligning.models.visual_mf_diffusion.VisualMeanFlow_VTrue_mpc4_filmv1_Emf,train,combined_5-tightened,True,dpcc-c-dt4p0,all,0.0,0.0,0.0,0.9666666666666667,0.9990000009536744,0.4,0.3877749434797981,0.05674245761086543,400.0,0.03823590246836344,38.23590246836344,30
24,H8_K2_Meuler_T0.5_Dmix_visual_aligning.models.visual_mf_diffusion.VisualMeanFlow_VTrue_mpc4_filmv1_Emf,train,combined_5-tightened,True,dpcc-c-dt4p0,unfrozen,0.0,0.0,0.0,0.9615384615384616,0.9988461549465473,0.46153846153846156,0.39064991322307974,0.06493907930472723,400.0,0.04411834900195782,44.11834900195782,26
24,H8_K2_Meuler_T0.5_Dmix_visual_aligning.models.visual_mf_diffusion.VisualMeanFlow_VTrue_mpc4_filmv1_Emf,train,combined_5-tightened,True,hardflow_new-r,all,0.0,0.0,0.0,0.9333333333333333,0.9914166669050852,3.433333333333333,0.311733897993545,0.131418608315289,400.0,0.14723393525679906,147.23393525679907,30
24,H8_K2_Meuler_T0.5_Dmix_visual_aligning.models.visual_mf_diffusion.VisualMeanFlow_VTrue_mpc4_filmv1_Emf,train,combined_5-tightened,True,hardflow_new-r,unfrozen,0.0,0.0,0.0,0.9230769230769231,0.9900961541212522,3.9615384615384617,0.3029102453543262,0.15110386857906213,400.0,0.16988530991169123,169.88530991169122,26
24,H8_K2_Meuler_T0.5_Dmix_visual_aligning.models.visual_mf_diffusion.VisualMeanFlow_VTrue_mpc4_filmv1_Emf,train,combined_5-tightened,True,hardflow_new-c,all,0.03333333333333333,0.13333333333333333,0.03333333333333333,0.8666666666666667,0.9944999992847443,2.2,0.2959498844884527,0.11848369296640157,390.26666666666665,0.1483372326861193,148.33723268611934,30
24,H8_K2_Meuler_T0.5_Dmix_visual_aligning.models.visual_mf_diffusion.VisualMeanFlow_VTrue_mpc4_filmv1_Emf,train,combined_5-tightened,True,hardflow_new-c,unfrozen,0.038461538461538464,0.15384615384615385,0.038461538461538464,0.8461538461538461,0.993653845328551,2.5384615384615383,0.28469792207921973,0.13617896625342277,388.7692307692308,0.17115834540706074,171.15834540706075,26
24,H8_K2_Meuler_T0.5_Dmix_visual_aligning.models.visual_mf_diffusion.VisualMeanFlow_VTrue_mpc4_filmv1_Emf,train,combined_5-tightened,True,hardflow_new-t,all,0.03333333333333333,0.06666666666666667,0.03333333333333333,0.9666666666666667,0.9991666674613953,0.3333333333333333,0.3111556540279433,0.12530307546257974,390.3666666666667,0.14555286898537798,145.552868985378,30
24,H8_K2_Meuler_T0.5_Dmix_visual_aligning.models.visual_mf_diffusion.VisualMeanFlow_VTrue_mpc4_filmv1_Emf,train,combined_5-tightened,True,hardflow_new-t,unfrozen,0.038461538461538464,0.07692307692307693,0.038461538461538464,0.9615384615384616,0.999038462455456,0.38461538461538464,0.3022430407786319,0.14404748451824373,388.88461538461536,0.16794561806005154,167.94561806005154,26
24,H8_K2_Meuler_T0.5_Dmix_visual_aligning.models.visual_mf_diffusion.VisualMeanFlow_VTrue_mpc4_filmv1_Emf,train,combined_5-tightened,True,gradient,all,0.03333333333333333,0.13333333333333333,0.0,0.3333333333333333,0.8136574029922485,74.3,0.3153225375961718,0.374087047825257,391.46666666666664,0.025268769025802613,25.268769025802612,30
24,H8_K2_Meuler_T0.5_Dmix_visual_aligning.models.visual_mf_diffusion.VisualMeanFlow_VTrue_mpc4_filmv1_Emf,train,combined_5-tightened,True,gradient,unfrozen,0.038461538461538464,0.15384615384615385,0.0,0.23076923076923078,0.7849893111449021,85.73076923076923,0.30705098335735703,0.4311059141674867,390.15384615384613,0.02915627195284917,29.156271952849167,26
24,H8_K2_Meuler_T0.5_Dmix_visual_aligning.models.visual_mf_diffusion.VisualMeanFlow_VTrue_mpc4_filmv1_Emf,train,combined_5-tightened,True,post_processing,all,0.0,0.1,0.0,0.9,0.9878333330154419,4.866666666666666,0.3681899136605878,0.11453284149368605,391.1666666666667,0.04230858953646672,42.30858953646671,30
24,H8_K2_Meuler_T0.5_Dmix_visual_aligning.models.visual_mf_diffusion.VisualMeanFlow_VTrue_mpc4_filmv1_Emf,train,combined_5-tightened,True,post_processing,unfrozen,0.0,0.11538461538461539,0.0,0.8846153846153846,0.9859615380947406,5.615384615384615,0.3680518018932216,0.13162029147721255,389.8076923076923,0.04881760331130775,48.81760331130775,26
24,H8_K2_Meuler_T0.5_Dmix_visual_aligning.models.visual_mf_diffusion.VisualMeanFlow_VTrue_mpc4_filmv1_Emf,train,combined_5-tightened,True,model_free,all,0.0,0.0,0.0,0.3,0.8403333365917206,63.86666666666667,0.36250931095668676,0.4082582520941893,400.0,0.03462813524405162,34.62813524405161,30
24,H8_K2_Meuler_T0.5_Dmix_visual_aligning.models.visual_mf_diffusion.VisualMeanFlow_VTrue_mpc4_filmv1_Emf,train,combined_5-tightened,True,model_free,unfrozen,0.0,0.0,0.0,0.19230769230769232,0.8157692345289084,73.6923076923077,0.36149726031179746,0.47053422678548557,400.0,0.0399555406662134,39.9555406662134,26
24,H8_K2_Meuler_T0.5_Dmix_visual_aligning.models.visual_mf_diffusion.VisualMeanFlow_VTrue_mpc4_filmv1_Emf,train,combined_5-tightened,True,geo_free,all,0.03333333333333333,0.1,0.03333333333333333,0.4,0.815500005086263,73.8,0.3798482991735163,0.3334600754082203,391.56666666666666,0.03516345360625087,35.163453606250876,30
24,H8_K2_Meuler_T0.5_Dmix_visual_aligning.models.visual_mf_diffusion.VisualMeanFlow_VTrue_mpc4_filmv1_Emf,train,combined_5-tightened,True,geo_free,unfrozen,0.038461538461538464,0.11538461538461539,0.038461538461538464,0.3076923076923077,0.7871153904841497,85.15384615384616,0.38150378517737,0.38422863830167514,390.2692307692308,0.04057321569952024,40.57321569952024,26
24,H8_K2_Meuler_T0.5_Dmix_visual_aligning.models.visual_mf_diffusion.VisualMeanFlow_VTrue_mpc4_filmv1_Emf,train,combined_5-tightened,True,bounds_free,all,0.03333333333333333,0.06666666666666667,0.03333333333333333,0.9333333333333333,0.9986666679382324,0.5333333333333333,0.28350863350795136,0.0921717089911302,383.93333333333334,0.03746329433835463,37.463294338354636,30
24,H8_K2_Meuler_T0.5_Dmix_visual_aligning.models.visual_mf_diffusion.VisualMeanFlow_VTrue_mpc4_filmv1_Emf,train,combined_5-tightened,True,bounds_free,unfrozen,0.038461538461538464,0.07692307692307693,0.038461538461538464,0.9230769230769231,0.9984615399287298,0.6153846153846154,0.2703426324863335,0.10581898474349426,381.46153846153845,0.043226878082716885,43.22687808271689,26
24,H8_K2_Meuler_T0.5_Dmix_visual_aligning.models.visual_mf_diffusion.VisualMeanFlow_VTrue_mpc4_filmv1_Emf,train,combined_5-tightened,True,geo_free-bounds_free,all,0.0,0.03333333333333333,0.0,0.3333333333333333,0.7794999957084656,88.2,0.37296399754052934,0.3748633216445645,400.0,0.03350994310776392,33.509943107763924,30
24,H8_K2_Meuler_T0.5_Dmix_visual_aligning.models.visual_mf_diffusion.VisualMeanFlow_VTrue_mpc4_filmv1_Emf,train,combined_5-tightened,True,geo_free-bounds_free,unfrozen,0.0,0.038461538461538464,0.0,0.23076923076923078,0.7455769181251526,101.76923076923077,0.3735603602162311,0.4320016147282261,400.0,0.03866531897049684,38.66531897049684,26
24,H8_K2_Meuler_T0.5_Dmix_visual_aligning.models.visual_mf_diffusion.VisualMeanFlow_VTrue_mpc4_filmv1_Emf,train,combined_5-tightened,True,geo_free-model_free,all,0.0,0.0,0.0,0.3,0.8380833367506663,64.76666666666667,0.3542974773653184,0.39882828245560326,400.0,0.029858682076136272,29.858682076136272,30
24,H8_K2_Meuler_T0.5_Dmix_visual_aligning.models.visual_mf_diffusion.VisualMeanFlow_VTrue_mpc4_filmv1_Emf,train,combined_5-tightened,True,geo_free-model_free,unfrozen,0.0,0.0,0.0,0.19230769230769232,0.8131730808661535,74.73076923076923,0.3520220677063724,0.4596534925871171,400.0,0.03445232547246493,34.45232547246493,26
24,H8_K2_Meuler_T0.5_Dmix_visual_aligning.models.visual_mf_diffusion.VisualMeanFlow_VTrue_mpc4_filmv1_Emf,train,combined_5-tightened,True,model_free-bounds_free,all,0.0,0.0,0.0,0.3,0.8400000035762787,64.0,0.3599826128268069,0.4072657889376084,400.0,0.03220420291026434,32.204202910264335,30
24,H8_K2_Meuler_T0.5_Dmix_visual_aligning.models.visual_mf_diffusion.VisualMeanFlow_VTrue_mpc4_filmv1_Emf,train,combined_5-tightened,True,model_free-bounds_free,unfrozen,0.0,0.0,0.0,0.19230769230769232,0.8153846195110908,73.84615384615384,0.35858183939270527,0.46938907698943066,400.0,0.03715869566568962,37.15869566568961,26
25,H8_K2_Meuler_T0.5_Dmix_visual_aligning.models.visual_mf_diffusion.VisualMeanFlow_VTrue_mpc4_filmv2_Emf,train,combined_5,False,diffuser,all,0.03333333333333333,0.03333333333333333,0.03333333333333333,0.1,0.5760833352804184,169.56666666666666,0.40977582973391613,0.7298704791193207,390.3666666666667,0.030749761920970484,30.74976192097048,30
25,H8_K2_Meuler_T0.5_Dmix_visual_aligning.models.visual_mf_diffusion.VisualMeanFlow_VTrue_mpc4_filmv2_Emf,train,combined_5,False,diffuser,unfrozen,0.03333333333333333,0.03333333333333333,0.03333333333333333,0.1,0.5760833352804184,169.56666666666666,0.40977582973391613,0.7298704791193207,390.3666666666667,0.030749761920970484,30.74976192097048,30
25,H8_K2_Meuler_T0.5_Dmix_visual_aligning.models.visual_mf_diffusion.VisualMeanFlow_VTrue_mpc4_filmv2_Emf,train,combined_5,False,dpcc-r,all,0.03333333333333333,0.06666666666666667,0.03333333333333333,0.13333333333333333,0.8244166672229767,70.23333333333333,0.37495237265460984,0.38796280392756066,390.46666666666664,0.09818725613613574,98.18725613613576,30
25,H8_K2_Meuler_T0.5_Dmix_visual_aligning.models.visual_mf_diffusion.VisualMeanFlow_VTrue_mpc4_filmv2_Emf,train,combined_5,False,dpcc-r,unfrozen,0.03333333333333333,0.06666666666666667,0.03333333333333333,0.13333333333333333,0.8244166672229767,70.23333333333333,0.37495237265460984,0.38796280392756066,390.46666666666664,0.09818725613613574,98.18725613613576,30
25,H8_K2_Meuler_T0.5_Dmix_visual_aligning.models.visual_mf_diffusion.VisualMeanFlow_VTrue_mpc4_filmv2_Emf,train,combined_5,False,dpcc-c,all,0.0,0.0,0.0,0.1,0.7211666623751323,111.53333333333333,0.38554095472027616,0.19300409766534965,400.0,0.06749382191896439,67.49382191896439,30
25,H8_K2_Meuler_T0.5_Dmix_visual_aligning.models.visual_mf_diffusion.VisualMeanFlow_VTrue_mpc4_filmv2_Emf,train,combined_5,False,dpcc-c,unfrozen,0.0,0.0,0.0,0.1,0.7211666623751323,111.53333333333333,0.38554095472027616,0.19300409766534965,400.0,0.06749382191896439,67.49382191896439,30
25,H8_K2_Meuler_T0.5_Dmix_visual_aligning.models.visual_mf_diffusion.VisualMeanFlow_VTrue_mpc4_filmv2_Emf,train,combined_5,False,dpcc-t,all,0.0,0.0,0.0,0.2,0.8027500053246815,78.9,0.3368959469760459,0.0906740897645553,400.0,0.05296367388963699,52.96367388963699,30
25,H8_K2_Meuler_T0.5_Dmix_visual_aligning.models.visual_mf_diffusion.VisualMeanFlow_VTrue_mpc4_filmv2_Emf,train,combined_5,False,dpcc-t,unfrozen,0.0,0.0,0.0,0.2,0.8027500053246815,78.9,0.3368959469760459,0.0906740897645553,400.0,0.05296367388963699,52.96367388963699,30
25,H8_K2_Meuler_T0.5_Dmix_visual_aligning.models.visual_mf_diffusion.VisualMeanFlow_VTrue_mpc4_filmv2_Emf,train,combined_5,False,dpcc-c-dt0p25,all,0.03333333333333333,0.03333333333333333,0.03333333333333333,0.1,0.805166665216287,77.93333333333334,0.3352905541395057,0.13751803195724885,390.6333333333333,0.06967448586960132,69.67448586960133,30
25,H8_K2_Meuler_T0.5_Dmix_visual_aligning.models.visual_mf_diffusion.VisualMeanFlow_VTrue_mpc4_filmv2_Emf,train,combined_5,False,dpcc-c-dt0p25,unfrozen,0.03333333333333333,0.03333333333333333,0.03333333333333333,0.1,0.805166665216287,77.93333333333334,0.3352905541395057,0.13751803195724885,390.6333333333333,0.06967448586960132,69.67448586960133,30
25,H8_K2_Meuler_T0.5_Dmix_visual_aligning.models.visual_mf_diffusion.VisualMeanFlow_VTrue_mpc4_filmv2_Emf,train,combined_5,False,dpcc-c-dt0p5,all,0.0,0.0,0.0,0.1,0.7783333346247673,88.66666666666667,0.3423993612580214,0.3070999670152863,400.0,0.07291348644097646,72.91348644097646,30
25,H8_K2_Meuler_T0.5_Dmix_visual_aligning.models.visual_mf_diffusion.VisualMeanFlow_VTrue_mpc4_filmv2_Emf,train,combined_5,False,dpcc-c-dt0p5,unfrozen,0.0,0.0,0.0,0.1,0.7783333346247673,88.66666666666667,0.3423993612580214,0.3070999670152863,400.0,0.07291348644097646,72.91348644097646,30
25,H8_K2_Meuler_T0.5_Dmix_visual_aligning.models.visual_mf_diffusion.VisualMeanFlow_VTrue_mpc4_filmv2_Emf,train,combined_5,False,dpcc-c-dt2p0,all,0.0,0.0,0.0,0.0,0.7483333309491476,100.66666666666667,0.3898072690261894,0.046652265700201194,400.0,0.04835505545139313,48.35505545139313,30
25,H8_K2_Meuler_T0.5_Dmix_visual_aligning.models.visual_mf_diffusion.VisualMeanFlow_VTrue_mpc4_filmv2_Emf,train,combined_5,False,dpcc-c-dt2p0,unfrozen,0.0,0.0,0.0,0.0,0.7483333309491476,100.66666666666667,0.3898072690261894,0.046652265700201194,400.0,0.04835505545139313,48.35505545139313,30
25,H8_K2_Meuler_T0.5_Dmix_visual_aligning.models.visual_mf_diffusion.VisualMeanFlow_VTrue_mpc4_filmv2_Emf,train,combined_5,False,dpcc-c-dt4p0,all,0.0,0.0,0.0,0.13333333333333333,0.809166669845581,76.33333333333333,0.38456185862426534,0.02467208430171013,400.0,0.047186888476212815,47.18688847621282,30
25,H8_K2_Meuler_T0.5_Dmix_visual_aligning.models.visual_mf_diffusion.VisualMeanFlow_VTrue_mpc4_filmv2_Emf,train,combined_5,False,dpcc-c-dt4p0,unfrozen,0.0,0.0,0.0,0.13333333333333333,0.809166669845581,76.33333333333333,0.38456185862426534,0.02467208430171013,400.0,0.047186888476212815,47.18688847621282,30
25,H8_K2_Meuler_T0.5_Dmix_visual_aligning.models.visual_mf_diffusion.VisualMeanFlow_VTrue_mpc4_filmv2_Emf,train,combined_5,False,gradient,all,0.03333333333333333,0.03333333333333333,0.03333333333333333,0.13333333333333333,0.6124999985098839,155.0,0.36134604598523173,0.7053025741750996,390.4,0.03240320024320057,32.40320024320057,30
25,H8_K2_Meuler_T0.5_Dmix_visual_aligning.models.visual_mf_diffusion.VisualMeanFlow_VTrue_mpc4_filmv2_Emf,train,combined_5,False,gradient,unfrozen,0.03333333333333333,0.03333333333333333,0.03333333333333333,0.13333333333333333,0.6124999985098839,155.0,0.36134604598523173,0.7053025741750996,390.4,0.03240320024320057,32.40320024320057,30
25,H8_K2_Meuler_T0.5_Dmix_visual_aligning.models.visual_mf_diffusion.VisualMeanFlow_VTrue_mpc4_filmv2_Emf,train,combined_5,False,post_processing,all,0.03333333333333333,0.06666666666666667,0.03333333333333333,0.13333333333333333,0.8261666675408681,69.53333333333333,0.37309722046739796,0.3898234961554408,390.46666666666664,0.09842214694636607,98.42214694636608,30
25,H8_K2_Meuler_T0.5_Dmix_visual_aligning.models.visual_mf_diffusion.VisualMeanFlow_VTrue_mpc4_filmv2_Emf,train,combined_5,False,post_processing,unfrozen,0.03333333333333333,0.06666666666666667,0.03333333333333333,0.13333333333333333,0.8261666675408681,69.53333333333333,0.37309722046739796,0.3898234961554408,390.46666666666664,0.09842214694636607,98.42214694636608,30
25,H8_K2_Meuler_T0.5_Dmix_visual_aligning.models.visual_mf_diffusion.VisualMeanFlow_VTrue_mpc4_filmv2_Emf,train,combined_5,False,model_free,all,0.03333333333333333,0.03333333333333333,0.03333333333333333,0.1,0.6069166680177053,157.23333333333332,0.31985247521020405,0.7922725720951954,390.3666666666667,0.047506813530807386,47.50681353080738,30
25,H8_K2_Meuler_T0.5_Dmix_visual_aligning.models.visual_mf_diffusion.VisualMeanFlow_VTrue_mpc4_filmv2_Emf,train,combined_5,False,model_free,unfrozen,0.03333333333333333,0.03333333333333333,0.03333333333333333,0.1,0.6069166680177053,157.23333333333332,0.31985247521020405,0.7922725720951954,390.3666666666667,0.047506813530807386,47.50681353080738,30
25,H8_K2_Meuler_T0.5_Dmix_visual_aligning.models.visual_mf_diffusion.VisualMeanFlow_VTrue_mpc4_filmv2_Emf,train,combined_5,False,geo_free,all,0.03333333333333333,0.03333333333333333,0.03333333333333333,0.13333333333333333,0.5977499971787135,160.9,0.3988363593939953,0.8426331161831816,390.46666666666664,0.043614999481111937,43.61499948111194,30
25,H8_K2_Meuler_T0.5_Dmix_visual_aligning.models.visual_mf_diffusion.VisualMeanFlow_VTrue_mpc4_filmv2_Emf,train,combined_5,False,geo_free,unfrozen,0.03333333333333333,0.03333333333333333,0.03333333333333333,0.13333333333333333,0.5977499971787135,160.9,0.3988363593939953,0.8426331161831816,390.46666666666664,0.043614999481111937,43.61499948111194,30
25,H8_K2_Meuler_T0.5_Dmix_visual_aligning.models.visual_mf_diffusion.VisualMeanFlow_VTrue_mpc4_filmv2_Emf,train,combined_5,False,bounds_free,all,0.06666666666666667,0.06666666666666667,0.03333333333333333,0.06666666666666667,0.7930562913417816,82.76666666666667,0.33610734731312025,0.2799539312099417,387.1666666666667,0.05244509404637329,52.44509404637329,30
25,H8_K2_Meuler_T0.5_Dmix_visual_aligning.models.visual_mf_diffusion.VisualMeanFlow_VTrue_mpc4_filmv2_Emf,train,combined_5,False,bounds_free,unfrozen,0.06666666666666667,0.06666666666666667,0.03333333333333333,0.06666666666666667,0.7930562913417816,82.76666666666667,0.33610734731312025,0.2799539312099417,387.1666666666667,0.05244509404637329,52.44509404637329,30
25,H8_K2_Meuler_T0.5_Dmix_visual_aligning.models.visual_mf_diffusion.VisualMeanFlow_VTrue_mpc4_filmv2_Emf,train,combined_5,False,geo_free-bounds_free,all,0.03333333333333333,0.03333333333333333,0.03333333333333333,0.1,0.5368333285053571,185.26666666666668,0.3902878295147965,0.9194289637729526,390.43333333333334,0.0420371927432606,42.0371927432606,30
25,H8_K2_Meuler_T0.5_Dmix_visual_aligning.models.visual_mf_diffusion.VisualMeanFlow_VTrue_mpc4_filmv2_Emf,train,combined_5,False,geo_free-bounds_free,unfrozen,0.03333333333333333,0.03333333333333333,0.03333333333333333,0.1,0.5368333285053571,185.26666666666668,0.3902878295147965,0.9194289637729526,390.43333333333334,0.0420371927432606,42.0371927432606,30
25,H8_K2_Meuler_T0.5_Dmix_visual_aligning.models.visual_mf_diffusion.VisualMeanFlow_VTrue_mpc4_filmv2_Emf,train,combined_5,False,geo_free-model_free,all,0.03333333333333333,0.03333333333333333,0.03333333333333333,0.1,0.6130000015099843,154.8,0.3170439652136118,0.7924990688140193,390.3666666666667,0.038139581529943796,38.1395815299438,30
25,H8_K2_Meuler_T0.5_Dmix_visual_aligning.models.visual_mf_diffusion.VisualMeanFlow_VTrue_mpc4_filmv2_Emf,train,combined_5,False,geo_free-model_free,unfrozen,0.03333333333333333,0.03333333333333333,0.03333333333333333,0.1,0.6130000015099843,154.8,0.3170439652136118,0.7924990688140193,390.3666666666667,0.038139581529943796,38.1395815299438,30
25,H8_K2_Meuler_T0.5_Dmix_visual_aligning.models.visual_mf_diffusion.VisualMeanFlow_VTrue_mpc4_filmv2_Emf,train,combined_5,False,model_free-bounds_free,all,0.03333333333333333,0.03333333333333333,0.03333333333333333,0.1,0.6138333360354106,154.46666666666667,0.3163471825246343,0.815960371432205,390.3666666666667,0.04412037136390044,44.12037136390044,30
25,H8_K2_Meuler_T0.5_Dmix_visual_aligning.models.visual_mf_diffusion.VisualMeanFlow_VTrue_mpc4_filmv2_Emf,train,combined_5,False,model_free-bounds_free,unfrozen,0.03333333333333333,0.03333333333333333,0.03333333333333333,0.1,0.6138333360354106,154.46666666666667,0.3163471825246343,0.815960371432205,390.3666666666667,0.04412037136390044,44.12037136390044,30
25,H8_K2_Meuler_T0.5_Dmix_visual_aligning.models.visual_mf_diffusion.VisualMeanFlow_VTrue_mpc4_filmv2_Emf,train,combined_5-tightened,True,diffuser,all,0.0,0.0,0.0,0.16666666666666666,0.5701666673024496,171.93333333333334,0.36688998818558993,0.7603753235811989,400.0,0.026712191065152487,26.712191065152485,30
25,H8_K2_Meuler_T0.5_Dmix_visual_aligning.models.visual_mf_diffusion.VisualMeanFlow_VTrue_mpc4_filmv2_Emf,train,combined_5-tightened,True,diffuser,unfrozen,0.0,0.0,0.0,0.038461538461538464,0.5040384622720572,198.3846153846154,0.36655188788360876,0.8768231554243427,400.0,0.03082175892132979,30.821758921329792,26
25,H8_K2_Meuler_T0.5_Dmix_visual_aligning.models.visual_mf_diffusion.VisualMeanFlow_VTrue_mpc4_filmv2_Emf,train,combined_5-tightened,True,dpcc-r,all,0.0,0.0,0.0,0.8666666666666667,0.9699999988079071,12.0,0.38730241723647846,0.2203149521102508,400.0,0.048799352129300436,48.79935212930044,30
25,H8_K2_Meuler_T0.5_Dmix_visual_aligning.models.visual_mf_diffusion.VisualMeanFlow_VTrue_mpc4_filmv2_Emf,train,combined_5-tightened,True,dpcc-r,unfrozen,0.0,0.0,0.0,0.8461538461538461,0.9653846140091236,13.846153846153847,0.390104690634634,0.25367657295786417,400.0,0.05630694476457743,56.30694476457742,26
25,H8_K2_Meuler_T0.5_Dmix_visual_aligning.models.visual_mf_diffusion.VisualMeanFlow_VTrue_mpc4_filmv2_Emf,train,combined_5-tightened,True,dpcc-c,all,0.0,0.0,0.0,0.8,0.9894166688124338,4.233333333333333,0.3739552884855593,0.1815310062840581,400.0,0.05760254389047623,57.60254389047623,30
25,H8_K2_Meuler_T0.5_Dmix_visual_aligning.models.visual_mf_diffusion.VisualMeanFlow_VTrue_mpc4_filmv2_Emf,train,combined_5-tightened,True,dpcc-c,unfrozen,0.0,0.0,0.0,0.7692307692307693,0.9877884640143468,4.884615384615385,0.37470415746049657,0.20892586623533413,400.0,0.06646447371978026,66.46447371978026,26
25,H8_K2_Meuler_T0.5_Dmix_visual_aligning.models.visual_mf_diffusion.VisualMeanFlow_VTrue_mpc4_filmv2_Emf,train,combined_5-tightened,True,dpcc-t,all,0.0,0.0,0.0,0.9,0.9675833344459533,12.966666666666667,0.423978597214296,0.10576903577893973,400.0,0.056686770121256516,56.68677012125651,30
25,H8_K2_Meuler_T0.5_Dmix_visual_aligning.models.visual_mf_diffusion.VisualMeanFlow_VTrue_mpc4_filmv2_Emf,train,combined_5-tightened,True,dpcc-t,unfrozen,0.0,0.0,0.0,0.8846153846153846,0.9625961551299462,14.961538461538462,0.43242335983980806,0.12150820796019755,400.0,0.0654078116783729,65.4078116783729,26
25,H8_K2_Meuler_T0.5_Dmix_visual_aligning.models.visual_mf_diffusion.VisualMeanFlow_VTrue_mpc4_filmv2_Emf,train,combined_5-tightened,True,dpcc-c-dt0p25,all,0.0,0.0,0.0,0.8333333333333334,0.9601666669050852,15.933333333333334,0.3545190332583939,0.223606879884998,400.0,0.06238892271121343,62.38892271121343,30
25,H8_K2_Meuler_T0.5_Dmix_visual_aligning.models.visual_mf_diffusion.VisualMeanFlow_VTrue_mpc4_filmv2_Emf,train,combined_5-tightened,True,dpcc-c-dt0p25,unfrozen,0.0,0.0,0.0,0.8076923076923077,0.9540384618135599,18.384615384615383,0.35227770912145956,0.2574749511594956,400.0,0.07198721851293857,71.98721851293857,26
25,H8_K2_Meuler_T0.5_Dmix_visual_aligning.models.visual_mf_diffusion.VisualMeanFlow_VTrue_mpc4_filmv2_Emf,train,combined_5-tightened,True,dpcc-c-dt0p5,all,0.0,0.0,0.0,0.7666666666666667,0.9609166661898295,15.633333333333333,0.395008613172492,0.23377203661948442,400.0,0.07013604638973872,70.13604638973872,30
25,H8_K2_Meuler_T0.5_Dmix_visual_aligning.models.visual_mf_diffusion.VisualMeanFlow_VTrue_mpc4_filmv2_Emf,train,combined_5-tightened,True,dpcc-c-dt0p5,unfrozen,0.0,0.0,0.0,0.7307692307692307,0.9549038456036494,18.03846153846154,0.39899645517618804,0.2692039781608261,400.0,0.08092620737277545,80.92620737277545,26
25,H8_K2_Meuler_T0.5_Dmix_visual_aligning.models.visual_mf_diffusion.VisualMeanFlow_VTrue_mpc4_filmv2_Emf,train,combined_5-tightened,True,dpcc-c-dt2p0,all,0.0,0.0,0.0,1.0,1.0,0.0,0.3845618586213924,0.0271102591107289,400.0,0.041516289174556735,41.51628917455673,30
25,H8_K2_Meuler_T0.5_Dmix_visual_aligning.models.visual_mf_diffusion.VisualMeanFlow_VTrue_mpc4_filmv2_Emf,train,combined_5-tightened,True,dpcc-c-dt2p0,unfrozen,0.0,0.0,0.0,1.0,1.0,0.0,0.38694250761722704,0.030748081035338916,400.0,0.047903410586027,47.903410586027,26
25,H8_K2_Meuler_T0.5_Dmix_visual_aligning.models.visual_mf_diffusion.VisualMeanFlow_VTrue_mpc4_filmv2_Emf,train,combined_5-tightened,True,dpcc-c-dt4p0,all,0.0,0.0,0.0,1.0,1.0,0.0,0.3845618586229959,0.020412315366168818,400.0,0.04181248086690903,41.81248086690903,30
25,H8_K2_Meuler_T0.5_Dmix_visual_aligning.models.visual_mf_diffusion.VisualMeanFlow_VTrue_mpc4_filmv2_Emf,train,combined_5-tightened,True,dpcc-c-dt4p0,unfrozen,0.0,0.0,0.0,1.0,1.0,0.0,0.3869425076190773,0.02301968440700036,400.0,0.04824517023104888,48.245170231048874,26
25,H8_K2_Meuler_T0.5_Dmix_visual_aligning.models.visual_mf_diffusion.VisualMeanFlow_VTrue_mpc4_filmv2_Emf,train,combined_5-tightened,True,gradient,all,0.0,0.03333333333333333,0.0,0.2,0.6692500034968059,132.3,0.31921893433837517,0.5392177051554123,400.0,0.02806124554077784,28.061245540777843,30
25,H8_K2_Meuler_T0.5_Dmix_visual_aligning.models.visual_mf_diffusion.VisualMeanFlow_VTrue_mpc4_filmv2_Emf,train,combined_5-tightened,True,gradient,unfrozen,0.0,0.038461538461538464,0.0,0.07692307692307693,0.6183653886501606,152.65384615384616,0.3115468257522072,0.6216412880099736,400.0,0.03237836023935905,32.37836023935905,26
25,H8_K2_Meuler_T0.5_Dmix_visual_aligning.models.visual_mf_diffusion.VisualMeanFlow_VTrue_mpc4_filmv2_Emf,train,combined_5-tightened,True,post_processing,all,0.0,0.0,0.0,0.8666666666666667,0.96875,12.5,0.39213661495805785,0.22847271425028642,400.0,0.048629236062367756,48.62923606236776,30
25,H8_K2_Meuler_T0.5_Dmix_visual_aligning.models.visual_mf_diffusion.VisualMeanFlow_VTrue_mpc4_filmv2_Emf,train,combined_5-tightened,True,post_processing,unfrozen,0.0,0.0,0.0,0.8461538461538461,0.9639423076923077,14.423076923076923,0.3956826110826102,0.26308937542713606,400.0,0.05611065699503971,56.11065699503972,26
25,H8_K2_Meuler_T0.5_Dmix_visual_aligning.models.visual_mf_diffusion.VisualMeanFlow_VTrue_mpc4_filmv2_Emf,train,combined_5-tightened,True,model_free,all,0.0,0.03333333333333333,0.0,0.2,0.6394166658322017,144.23333333333332,0.35484887398752635,0.6994858467951417,400.0,0.04271323019266129,42.713230192661285,30
25,H8_K2_Meuler_T0.5_Dmix_visual_aligning.models.visual_mf_diffusion.VisualMeanFlow_VTrue_mpc4_filmv2_Emf,train,combined_5-tightened,True,model_free,unfrozen,0.0,0.038461538461538464,0.0,0.07692307692307693,0.5839423067294635,166.42307692307693,0.3526582945781508,0.806566066825046,400.0,0.04928449637614764,49.28449637614764,26
25,H8_K2_Meuler_T0.5_Dmix_visual_aligning.models.visual_mf_diffusion.VisualMeanFlow_VTrue_mpc4_filmv2_Emf,train,combined_5-tightened,True,geo_free,all,0.0,0.0,0.0,0.16666666666666666,0.6180833299954732,152.76666666666668,0.3707620902010533,0.6456866202875972,400.0,0.03861102054516474,38.61102054516474,30
25,H8_K2_Meuler_T0.5_Dmix_visual_aligning.models.visual_mf_diffusion.VisualMeanFlow_VTrue_mpc4_filmv2_Emf,train,combined_5-tightened,True,geo_free,unfrozen,0.0,0.0,0.0,0.038461538461538464,0.559326919225546,176.26923076923077,0.3710196979014511,0.7444900362394177,400.0,0.044551177552113165,44.55117755211317,26
25,H8_K2_Meuler_T0.5_Dmix_visual_aligning.models.visual_mf_diffusion.VisualMeanFlow_VTrue_mpc4_filmv2_Emf,train,combined_5-tightened,True,bounds_free,all,0.0,0.0,0.0,0.8333333333333334,0.9819999992847442,7.2,0.3737521299218258,0.2036813819160064,400.0,0.04239477537075678,42.39477537075678,30
25,H8_K2_Meuler_T0.5_Dmix_visual_aligning.models.visual_mf_diffusion.VisualMeanFlow_VTrue_mpc4_filmv2_Emf,train,combined_5-tightened,True,bounds_free,unfrozen,0.0,0.0,0.0,0.8076923076923077,0.9792307684054742,8.307692307692308,0.3744697437331117,0.23448399196450526,400.0,0.04891704850471937,48.91704850471937,26
25,H8_K2_Meuler_T0.5_Dmix_visual_aligning.models.visual_mf_diffusion.VisualMeanFlow_VTrue_mpc4_filmv2_Emf,train,combined_5-tightened,True,geo_free-bounds_free,all,0.0,0.0,0.0,0.23333333333333334,0.6110833322008451,155.56666666666666,0.3495441609155271,0.6903305220728119,400.0,0.036104011615117386,36.10401161511739,30
25,H8_K2_Meuler_T0.5_Dmix_visual_aligning.models.visual_mf_diffusion.VisualMeanFlow_VTrue_mpc4_filmv2_Emf,train,combined_5-tightened,True,geo_free-bounds_free,unfrozen,0.0,0.0,0.0,0.11538461538461539,0.5512499986932828,179.5,0.34653747180276706,0.7960022306069732,400.0,0.041658474940520065,41.658474940520065,26
25,H8_K2_Meuler_T0.5_Dmix_visual_aligning.models.visual_mf_diffusion.VisualMeanFlow_VTrue_mpc4_filmv2_Emf,train,combined_5-tightened,True,geo_free-model_free,all,0.0,0.03333333333333333,0.0,0.2,0.6393333325783411,144.26666666666668,0.3567580425273887,0.6986326415712635,400.0,0.03269089758396149,32.69089758396149,30
25,H8_K2_Meuler_T0.5_Dmix_visual_aligning.models.visual_mf_diffusion.VisualMeanFlow_VTrue_mpc4_filmv2_Emf,train,combined_5-tightened,True,geo_free-model_free,unfrozen,0.0,0.038461538461538464,0.0,0.07692307692307693,0.5838461529750091,166.46153846153845,0.35486118135491507,0.8055815992590326,400.0,0.03772026644303249,37.720266443032486,26
25,H8_K2_Meuler_T0.5_Dmix_visual_aligning.models.visual_mf_diffusion.VisualMeanFlow_VTrue_mpc4_filmv2_Emf,train,combined_5-tightened,True,model_free-bounds_free,all,0.0,0.06666666666666667,0.0,0.2,0.6394166658322017,144.23333333333332,0.3555250386267873,0.7075230459372203,400.0,0.03958387084801992,39.58387084801992,30
25,H8_K2_Meuler_T0.5_Dmix_visual_aligning.models.visual_mf_diffusion.VisualMeanFlow_VTrue_mpc4_filmv2_Emf,train,combined_5-tightened,True,model_free-bounds_free,unfrozen,0.0,0.07692307692307693,0.0,0.07692307692307693,0.5839423067294635,166.42307692307693,0.3534384845465288,0.8158397581428289,400.0,0.04567369713233067,45.67369713233067,26
26,H8_K20_T0.5_Ddiffuser_visual_aligning.models.visual_gaussian_diffusion.VisualGaussianDiffusion_VTrue_steps400_mpc4_filmv2,test,combined_5,False,diffuser,all,0.0,0.0,0.0,0.16666666666666666,0.4165833306809266,233.36666666666667,0.42852701573835206,2.718887533682088,400.0,0.338800038476785,338.800038476785,30
26,H8_K20_T0.5_Ddiffuser_visual_aligning.models.visual_gaussian_diffusion.VisualGaussianDiffusion_VTrue_steps400_mpc4_filmv2,test,combined_5,False,diffuser,unfrozen,0.0,0.0,0.0,0.16666666666666666,0.4165833306809266,233.36666666666667,0.42852701573835206,2.718887533682088,400.0,0.338800038476785,338.800038476785,30
26,H8_K20_T0.5_Ddiffuser_visual_aligning.models.visual_gaussian_diffusion.VisualGaussianDiffusion_VTrue_steps400_mpc4_filmv2,test,combined_5,False,dpcc-r,all,0.0,0.0,0.0,0.0,0.6970000018676122,121.2,0.41235936993037153,0.5555613560602068,400.0,1.776123115738233,1776.1231157382329,30
26,H8_K20_T0.5_Ddiffuser_visual_aligning.models.visual_gaussian_diffusion.VisualGaussianDiffusion_VTrue_steps400_mpc4_filmv2,test,combined_5,False,dpcc-r,unfrozen,0.0,0.0,0.0,0.0,0.6970000018676122,121.2,0.41235936993037153,0.5555613560602068,400.0,1.776123115738233,1776.1231157382329,30
26,H8_K20_T0.5_Ddiffuser_visual_aligning.models.visual_gaussian_diffusion.VisualGaussianDiffusion_VTrue_steps400_mpc4_filmv2,test,combined_5,False,dpcc-c,all,0.0,0.0,0.0,0.0,0.6847500046094258,126.1,0.4147302489643945,0.3427475477879246,400.0,1.8251376124223073,1825.1376124223073,30
26,H8_K20_T0.5_Ddiffuser_visual_aligning.models.visual_gaussian_diffusion.VisualGaussianDiffusion_VTrue_steps400_mpc4_filmv2,test,combined_5,False,dpcc-c,unfrozen,0.0,0.0,0.0,0.0,0.6847500046094258,126.1,0.4147302489643945,0.3427475477879246,400.0,1.8251376124223073,1825.1376124223073,30
26,H8_K20_T0.5_Ddiffuser_visual_aligning.models.visual_gaussian_diffusion.VisualGaussianDiffusion_VTrue_steps400_mpc4_filmv2,test,combined_5,False,dpcc-t,all,0.0,0.0,0.0,0.06666666666666667,0.7610000014305115,95.6,0.4407874723721968,0.14940626801302034,400.0,1.584957679748535,1584.9576797485352,30
26,H8_K20_T0.5_Ddiffuser_visual_aligning.models.visual_gaussian_diffusion.VisualGaussianDiffusion_VTrue_steps400_mpc4_filmv2,test,combined_5,False,dpcc-t,unfrozen,0.0,0.0,0.0,0.06666666666666667,0.7610000014305115,95.6,0.4407874723721968,0.14940626801302034,400.0,1.584957679748535,1584.9576797485352,30
26,H8_K20_T0.5_Ddiffuser_visual_aligning.models.visual_gaussian_diffusion.VisualGaussianDiffusion_VTrue_steps400_mpc4_filmv2,test,combined_5,False,gradient,all,0.0,0.0,0.0,0.2,0.3694166675209999,252.23333333333332,0.4049353167501153,1.996293998385469,400.0,0.35661085009574894,356.6108500957489,30
26,H8_K20_T0.5_Ddiffuser_visual_aligning.models.visual_gaussian_diffusion.VisualGaussianDiffusion_VTrue_steps400_mpc4_filmv2,test,combined_5,False,gradient,unfrozen,0.0,0.0,0.0,0.2,0.3694166675209999,252.23333333333332,0.4049353167501153,1.996293998385469,400.0,0.35661085009574894,356.6108500957489,30
26,H8_K20_T0.5_Ddiffuser_visual_aligning.models.visual_gaussian_diffusion.VisualGaussianDiffusion_VTrue_steps400_mpc4_filmv2,test,combined_5,False,post_processing,all,0.0,0.0,0.0,0.06666666666666667,0.5615000049273173,175.4,0.4131923894071764,1.837515889108181,400.0,0.3912638541261355,391.2638541261355,30
26,H8_K20_T0.5_Ddiffuser_visual_aligning.models.visual_gaussian_diffusion.VisualGaussianDiffusion_VTrue_steps400_mpc4_filmv2,test,combined_5,False,post_processing,unfrozen,0.0,0.0,0.0,0.06666666666666667,0.5615000049273173,175.4,0.4131923894071764,1.837515889108181,400.0,0.3912638541261355,391.2638541261355,30
26,H8_K20_T0.5_Ddiffuser_visual_aligning.models.visual_gaussian_diffusion.VisualGaussianDiffusion_VTrue_steps400_mpc4_filmv2,test,combined_5,False,model_free,all,0.0,0.0,0.0,0.2857142857142857,0.45678571428571424,217.28571428571428,0.3237489243160648,2.518949454571332,400.0,2.027701540674482,2027.701540674482,7
26,H8_K20_T0.5_Ddiffuser_visual_aligning.models.visual_gaussian_diffusion.VisualGaussianDiffusion_VTrue_steps400_mpc4_filmv2,test,combined_5,False,model_free,unfrozen,0.0,0.0,0.0,0.2857142857142857,0.45678571428571424,217.28571428571428,0.3237489243160648,2.518949454571332,400.0,2.027701540674482,2027.701540674482,7
26,H8_K20_T0.5_Ddiffuser_visual_aligning.models.visual_gaussian_diffusion.VisualGaussianDiffusion_VTrue_steps400_mpc4_filmv2,train,combined_5,False,diffuser,all,0.0,0.0,0.0,0.0,0.2933333218097687,282.6666666666667,0.3817886312171667,3.2128124237060547,400.0,0.32334298570950826,323.34298570950824,3
26,H8_K20_T0.5_Ddiffuser_visual_aligning.models.visual_gaussian_diffusion.VisualGaussianDiffusion_VTrue_steps400_mpc4_filmv2,train,combined_5,False,diffuser,unfrozen,0.0,0.0,0.0,0.0,0.2933333218097687,282.6666666666667,0.3817886312171667,3.2128124237060547,400.0,0.32334298570950826,323.34298570950824,3
26,H8_K20_T0.5_Ddiffuser_visual_aligning.models.visual_gaussian_diffusion.VisualGaussianDiffusion_VTrue_steps400_mpc4_filmv2,train,combined_5,False,dpcc-r,all,0.0,0.0,0.0,0.0,0.6583333412806193,136.66666666666666,0.3817886312171667,1.1646228935569525,400.0,0.9891987105210621,989.1987105210623,3
26,H8_K20_T0.5_Ddiffuser_visual_aligning.models.visual_gaussian_diffusion.VisualGaussianDiffusion_VTrue_steps400_mpc4_filmv2,train,combined_5,False,dpcc-r,unfrozen,0.0,0.0,0.0,0.0,0.6583333412806193,136.66666666666666,0.3817886312171667,1.1646228935569525,400.0,0.9891987105210621,989.1987105210623,3
26,H8_K20_T0.5_Ddiffuser_visual_aligning.models.visual_gaussian_diffusion.VisualGaussianDiffusion_VTrue_steps400_mpc4_filmv2,train,combined_5,False,dpcc-c,all,0.0,0.0,0.0,0.0,0.7583333253860474,96.66666666666667,0.3636456436333151,0.45387213428815204,400.0,1.641819438536962,1641.8194385369618,3
26,H8_K20_T0.5_Ddiffuser_visual_aligning.models.visual_gaussian_diffusion.VisualGaussianDiffusion_VTrue_steps400_mpc4_filmv2,train,combined_5,False,dpcc-c,unfrozen,0.0,0.0,0.0,0.0,0.7583333253860474,96.66666666666667,0.3636456436333151,0.45387213428815204,400.0,1.641819438536962,1641.8194385369618,3
26,H8_K20_T0.5_Ddiffuser_visual_aligning.models.visual_gaussian_diffusion.VisualGaussianDiffusion_VTrue_steps400_mpc4_filmv2,train,combined_5,False,dpcc-t,all,0.0,0.0,0.0,0.3333333333333333,0.8100000023841858,76.0,0.38178863121045054,0.15407358234127363,400.0,1.4634832012653352,1463.483201265335,3
26,H8_K20_T0.5_Ddiffuser_visual_aligning.models.visual_gaussian_diffusion.VisualGaussianDiffusion_VTrue_steps400_mpc4_filmv2,train,combined_5,False,dpcc-t,unfrozen,0.0,0.0,0.0,0.3333333333333333,0.8100000023841858,76.0,0.38178863121045054,0.15407358234127363,400.0,1.4634832012653352,1463.483201265335,3
26,H8_K20_T0.5_Ddiffuser_visual_aligning.models.visual_gaussian_diffusion.VisualGaussianDiffusion_VTrue_steps400_mpc4_filmv2,train,combined_5,False,dpcc-c-dt0p25,all,0.0,0.0,0.0,0.3333333333333333,0.737500011920929,105.0,0.4058876688340085,1.944895898302396,400.0,1.3102898393074671,1310.2898393074672,3
26,H8_K20_T0.5_Ddiffuser_visual_aligning.models.visual_gaussian_diffusion.VisualGaussianDiffusion_VTrue_steps400_mpc4_filmv2,train,combined_5,False,dpcc-c-dt0p25,unfrozen,0.0,0.0,0.0,0.3333333333333333,0.737500011920929,105.0,0.4058876688340085,1.944895898302396,400.0,1.3102898393074671,1310.2898393074672,3
26,H8_K20_T0.5_Ddiffuser_visual_aligning.models.visual_gaussian_diffusion.VisualGaussianDiffusion_VTrue_steps400_mpc4_filmv2,train,combined_5,False,dpcc-c-dt0p5,all,0.0,0.0,0.0,0.0,0.6658333539962769,133.66666666666666,0.3806973934602549,2.5200034777323403,400.0,1.2778881335258483,1277.8881335258484,3
26,H8_K20_T0.5_Ddiffuser_visual_aligning.models.visual_gaussian_diffusion.VisualGaussianDiffusion_VTrue_steps400_mpc4_filmv2,train,combined_5,False,dpcc-c-dt0p5,unfrozen,0.0,0.0,0.0,0.0,0.6658333539962769,133.66666666666666,0.3806973934602549,2.5200034777323403,400.0,1.2778881335258483,1277.8881335258484,3
26,H8_K20_T0.5_Ddiffuser_visual_aligning.models.visual_gaussian_diffusion.VisualGaussianDiffusion_VTrue_steps400_mpc4_filmv2,train,combined_5,False,dpcc-c-dt2p0,all,0.0,0.0,0.0,0.3333333333333333,0.7824999888737997,87.0,0.3817886312171667,0.07057485605279605,400.0,1.304367895325025,1304.3678953250248,3
26,H8_K20_T0.5_Ddiffuser_visual_aligning.models.visual_gaussian_diffusion.VisualGaussianDiffusion_VTrue_steps400_mpc4_filmv2,train,combined_5,False,dpcc-c-dt2p0,unfrozen,0.0,0.0,0.0,0.3333333333333333,0.7824999888737997,87.0,0.3817886312171667,0.07057485605279605,400.0,1.304367895325025,1304.3678953250248,3
26,H8_K20_T0.5_Ddiffuser_visual_aligning.models.visual_gaussian_diffusion.VisualGaussianDiffusion_VTrue_steps400_mpc4_filmv2,train,combined_5,False,dpcc-c-dt4p0,all,0.0,0.0,0.0,0.3333333333333333,0.9308333198229471,27.666666666666668,0.3817886312171667,0.036198933919270836,400.0,0.6557483845949172,655.7483845949173,3
26,H8_K20_T0.5_Ddiffuser_visual_aligning.models.visual_gaussian_diffusion.VisualGaussianDiffusion_VTrue_steps400_mpc4_filmv2,train,combined_5,False,dpcc-c-dt4p0,unfrozen,0.0,0.0,0.0,0.3333333333333333,0.9308333198229471,27.666666666666668,0.3817886312171667,0.036198933919270836,400.0,0.6557483845949172,655.7483845949173,3
26,H8_K20_T0.5_Ddiffuser_visual_aligning.models.visual_gaussian_diffusion.VisualGaussianDiffusion_VTrue_steps400_mpc4_filmv2,train,combined_5,False,gradient,all,0.0,0.0,0.0,0.0,0.18333332985639572,326.6666666666667,0.3743168632925384,2.4885048866271973,400.0,0.34038062393665314,340.38062393665314,3
26,H8_K20_T0.5_Ddiffuser_visual_aligning.models.visual_gaussian_diffusion.VisualGaussianDiffusion_VTrue_steps400_mpc4_filmv2,train,combined_5,False,gradient,unfrozen,0.0,0.0,0.0,0.0,0.18333332985639572,326.6666666666667,0.3743168632925384,2.4885048866271973,400.0,0.34038062393665314,340.38062393665314,3
26,H8_K20_T0.5_Ddiffuser_visual_aligning.models.visual_gaussian_diffusion.VisualGaussianDiffusion_VTrue_steps400_mpc4_filmv2,train,combined_5,False,post_processing,all,0.0,0.0,0.0,0.0,0.3983333309491475,240.66666666666666,0.3817886312171667,2.3658165521919727,400.0,0.38176045974095657,381.7604597409566,3
26,H8_K20_T0.5_Ddiffuser_visual_aligning.models.visual_gaussian_diffusion.VisualGaussianDiffusion_VTrue_steps400_mpc4_filmv2,train,combined_5,False,post_processing,unfrozen,0.0,0.0,0.0,0.0,0.3983333309491475,240.66666666666666,0.3817886312171667,2.3658165521919727,400.0,0.38176045974095657,381.7604597409566,3
26,H8_K20_T0.5_Ddiffuser_visual_aligning.models.visual_gaussian_diffusion.VisualGaussianDiffusion_VTrue_steps400_mpc4_filmv2,train,combined_5,False,model_free,all,0.0,0.0,0.0,0.3333333333333333,0.5216666658719381,191.33333333333334,0.38306414965944,2.333671315262715,400.0,1.8273514040311178,1827.3514040311177,3
26,H8_K20_T0.5_Ddiffuser_visual_aligning.models.visual_gaussian_diffusion.VisualGaussianDiffusion_VTrue_steps400_mpc4_filmv2,train,combined_5,False,model_free,unfrozen,0.0,0.0,0.0,0.3333333333333333,0.5216666658719381,191.33333333333334,0.38306414965944,2.333671315262715,400.0,1.8273514040311178,1827.3514040311177,3
26,H8_K20_T0.5_Ddiffuser_visual_aligning.models.visual_gaussian_diffusion.VisualGaussianDiffusion_VTrue_steps400_mpc4_filmv2,train,combined_5,False,geo_free,all,0.0,0.0,0.0,0.0,0.5483333369096121,180.66666666666666,0.3817886312171667,2.0706135829289756,400.0,0.632781034708023,632.7810347080231,3
26,H8_K20_T0.5_Ddiffuser_visual_aligning.models.visual_gaussian_diffusion.VisualGaussianDiffusion_VTrue_steps400_mpc4_filmv2,train,combined_5,False,geo_free,unfrozen,0.0,0.0,0.0,0.0,0.5483333369096121,180.66666666666666,0.3817886312171667,2.0706135829289756,400.0,0.632781034708023,632.7810347080231,3
26,H8_K20_T0.5_Ddiffuser_visual_aligning.models.visual_gaussian_diffusion.VisualGaussianDiffusion_VTrue_steps400_mpc4_filmv2,train,combined_5,False,bounds_free,all,0.0,0.0,0.0,0.0,0.6425000230471293,143.0,0.3817886312171667,0.40686851491530734,400.0,1.1976576308409372,1197.6576308409374,3
26,H8_K20_T0.5_Ddiffuser_visual_aligning.models.visual_gaussian_diffusion.VisualGaussianDiffusion_VTrue_steps400_mpc4_filmv2,train,combined_5,False,bounds_free,unfrozen,0.0,0.0,0.0,0.0,0.6425000230471293,143.0,0.3817886312171667,0.40686851491530734,400.0,1.1976576308409372,1197.6576308409374,3
26,H8_K20_T0.5_Ddiffuser_visual_aligning.models.visual_gaussian_diffusion.VisualGaussianDiffusion_VTrue_steps400_mpc4_filmv2,train,combined_5,False,geo_free-bounds_free,all,0.0,0.0,0.0,0.0,0.27916666865348816,288.3333333333333,0.3817886312171667,3.1775068442026773,400.0,0.6483372801542283,648.3372801542282,3
26,H8_K20_T0.5_Ddiffuser_visual_aligning.models.visual_gaussian_diffusion.VisualGaussianDiffusion_VTrue_steps400_mpc4_filmv2,train,combined_5,False,geo_free-bounds_free,unfrozen,0.0,0.0,0.0,0.0,0.27916666865348816,288.3333333333333,0.3817886312171667,3.1775068442026773,400.0,0.6483372801542283,648.3372801542282,3
26,H8_K20_T0.5_Ddiffuser_visual_aligning.models.visual_gaussian_diffusion.VisualGaussianDiffusion_VTrue_steps400_mpc4_filmv2,train,combined_5,False,geo_free-model_free,all,0.0,0.0,0.0,0.3333333333333333,0.5683333327372869,172.66666666666666,0.382784983265911,2.2952221520245075,400.0,0.43430268585681914,434.30268585681915,3
26,H8_K20_T0.5_Ddiffuser_visual_aligning.models.visual_gaussian_diffusion.VisualGaussianDiffusion_VTrue_steps400_mpc4_filmv2,train,combined_5,False,geo_free-model_free,unfrozen,0.0,0.0,0.0,0.3333333333333333,0.5683333327372869,172.66666666666666,0.382784983265911,2.2952221520245075,400.0,0.43430268585681914,434.30268585681915,3
26,H8_K20_T0.5_Ddiffuser_visual_aligning.models.visual_gaussian_diffusion.VisualGaussianDiffusion_VTrue_steps400_mpc4_filmv2,train,combined_5-tightened,True,diffuser,all,0.0,0.0,0.0,0.0,0.2933333218097687,282.6666666666667,0.3817886312171667,3.2128124237060547,400.0,0.3246122419834137,324.6122419834137,3
26,H8_K20_T0.5_Ddiffuser_visual_aligning.models.visual_gaussian_diffusion.VisualGaussianDiffusion_VTrue_steps400_mpc4_filmv2,train,combined_5-tightened,True,diffuser,unfrozen,0.0,0.0,0.0,0.0,0.2933333218097687,282.6666666666667,0.3817886312171667,3.2128124237060547,400.0,0.3246122419834137,324.6122419834137,3
26,H8_K20_T0.5_Ddiffuser_visual_aligning.models.visual_gaussian_diffusion.VisualGaussianDiffusion_VTrue_steps400_mpc4_filmv2,train,combined_5-tightened,True,dpcc-r,all,0.0,0.0,0.0,1.0,1.0,0.0,0.3817886312171667,0.1911476751168569,400.0,0.7055518382787703,705.5518382787704,3
26,H8_K20_T0.5_Ddiffuser_visual_aligning.models.visual_gaussian_diffusion.VisualGaussianDiffusion_VTrue_steps400_mpc4_filmv2,train,combined_5-tightened,True,dpcc-r,unfrozen,0.0,0.0,0.0,1.0,1.0,0.0,0.3817886312171667,0.1911476751168569,400.0,0.7055518382787703,705.5518382787704,3
26,H8_K20_T0.5_Ddiffuser_visual_aligning.models.visual_gaussian_diffusion.VisualGaussianDiffusion_VTrue_steps400_mpc4_filmv2,train,combined_5-tightened,True,dpcc-c,all,0.0,0.0,0.0,1.0,1.0,0.0,0.3817886312171667,0.966765304406484,400.0,0.8344948722918829,834.4948722918829,3
26,H8_K20_T0.5_Ddiffuser_visual_aligning.models.visual_gaussian_diffusion.VisualGaussianDiffusion_VTrue_steps400_mpc4_filmv2,train,combined_5-tightened,True,dpcc-c,unfrozen,0.0,0.0,0.0,1.0,1.0,0.0,0.3817886312171667,0.966765304406484,400.0,0.8344948722918829,834.4948722918829,3
26,H8_K20_T0.5_Ddiffuser_visual_aligning.models.visual_gaussian_diffusion.VisualGaussianDiffusion_VTrue_steps400_mpc4_filmv2,train,combined_5-tightened,True,dpcc-t,all,0.0,0.0,0.0,1.0,1.0,0.0,0.3817886312171667,0.0704589020460844,400.0,0.6929852732022604,692.9852732022604,3
26,H8_K20_T0.5_Ddiffuser_visual_aligning.models.visual_gaussian_diffusion.VisualGaussianDiffusion_VTrue_steps400_mpc4_filmv2,train,combined_5-tightened,True,dpcc-t,unfrozen,0.0,0.0,0.0,1.0,1.0,0.0,0.3817886312171667,0.0704589020460844,400.0,0.6929852732022604,692.9852732022604,3
26,H8_K20_T0.5_Ddiffuser_visual_aligning.models.visual_gaussian_diffusion.VisualGaussianDiffusion_VTrue_steps400_mpc4_filmv2,train,combined_5-tightened,True,dpcc-c-dt0p25,all,0.0,0.0,0.0,0.0,0.6991666754086813,120.33333333333333,0.38715487256884523,1.9702264467875164,400.0,3.9120029940207797,3912.00299402078,3
26,H8_K20_T0.5_Ddiffuser_visual_aligning.models.visual_gaussian_diffusion.VisualGaussianDiffusion_VTrue_steps400_mpc4_filmv2,train,combined_5-tightened,True,dpcc-c-dt0p25,unfrozen,0.0,0.0,0.0,0.0,0.6991666754086813,120.33333333333333,0.38715487256884523,1.9702264467875164,400.0,3.9120029940207797,3912.00299402078,3
26,H8_K20_T0.5_Ddiffuser_visual_aligning.models.visual_gaussian_diffusion.VisualGaussianDiffusion_VTrue_steps400_mpc4_filmv2,train,combined_5-tightened,True,dpcc-c-dt0p5,all,0.0,0.0,0.0,0.0,0.5166666607062022,193.33333333333334,0.4511820814811263,2.1187777121861777,400.0,1.5862870862086613,1586.2870862086613,3
26,H8_K20_T0.5_Ddiffuser_visual_aligning.models.visual_gaussian_diffusion.VisualGaussianDiffusion_VTrue_steps400_mpc4_filmv2,train,combined_5-tightened,True,dpcc-c-dt0p5,unfrozen,0.0,0.0,0.0,0.0,0.5166666607062022,193.33333333333334,0.4511820814811263,2.1187777121861777,400.0,1.5862870862086613,1586.2870862086613,3
26,H8_K20_T0.5_Ddiffuser_visual_aligning.models.visual_gaussian_diffusion.VisualGaussianDiffusion_VTrue_steps400_mpc4_filmv2,train,combined_5-tightened,True,dpcc-c-dt2p0,all,0.0,0.0,0.0,1.0,1.0,0.0,0.3817886312171667,0.03388306498527527,400.0,0.5379589704672495,537.9589704672495,3
26,H8_K20_T0.5_Ddiffuser_visual_aligning.models.visual_gaussian_diffusion.VisualGaussianDiffusion_VTrue_steps400_mpc4_filmv2,train,combined_5-tightened,True,dpcc-c-dt2p0,unfrozen,0.0,0.0,0.0,1.0,1.0,0.0,0.3817886312171667,0.03388306498527527,400.0,0.5379589704672495,537.9589704672495,3
26,H8_K20_T0.5_Ddiffuser_visual_aligning.models.visual_gaussian_diffusion.VisualGaussianDiffusion_VTrue_steps400_mpc4_filmv2,train,combined_5-tightened,True,dpcc-c-dt4p0,all,0.0,0.0,0.0,0.3333333333333333,0.9691666762034098,12.333333333333334,0.3817886312171667,0.10236773267388344,400.0,0.848379996418953,848.3799964189529,3
26,H8_K20_T0.5_Ddiffuser_visual_aligning.models.visual_gaussian_diffusion.VisualGaussianDiffusion_VTrue_steps400_mpc4_filmv2,train,combined_5-tightened,True,dpcc-c-dt4p0,unfrozen,0.0,0.0,0.0,0.3333333333333333,0.9691666762034098,12.333333333333334,0.3817886312171667,0.10236773267388344,400.0,0.848379996418953,848.3799964189529,3
26,H8_K20_T0.5_Ddiffuser_visual_aligning.models.visual_gaussian_diffusion.VisualGaussianDiffusion_VTrue_steps400_mpc4_filmv2,train,combined_5-tightened,True,gradient,all,0.0,0.0,0.0,0.0,0.18333332985639572,326.6666666666667,0.37431686328752506,2.485296885172526,400.0,0.3403135657310486,340.3135657310486,3
26,H8_K20_T0.5_Ddiffuser_visual_aligning.models.visual_gaussian_diffusion.VisualGaussianDiffusion_VTrue_steps400_mpc4_filmv2,train,combined_5-tightened,True,gradient,unfrozen,0.0,0.0,0.0,0.0,0.18333332985639572,326.6666666666667,0.37431686328752506,2.485296885172526,400.0,0.3403135657310486,340.3135657310486,3
26,H8_K20_T0.5_Ddiffuser_visual_aligning.models.visual_gaussian_diffusion.VisualGaussianDiffusion_VTrue_steps400_mpc4_filmv2,train,combined_5-tightened,True,post_processing,all,0.0,0.0,0.0,0.0,0.47416667143503827,210.33333333333334,0.38178863122340395,2.4252082904179892,400.0,0.3857088573773702,385.7088573773702,3
26,H8_K20_T0.5_Ddiffuser_visual_aligning.models.visual_gaussian_diffusion.VisualGaussianDiffusion_VTrue_steps400_mpc4_filmv2,train,combined_5-tightened,True,post_processing,unfrozen,0.0,0.0,0.0,0.0,0.47416667143503827,210.33333333333334,0.38178863122340395,2.4252082904179892,400.0,0.3857088573773702,385.7088573773702,3
26,H8_K20_T0.5_Ddiffuser_visual_aligning.models.visual_gaussian_diffusion.VisualGaussianDiffusion_VTrue_steps400_mpc4_filmv2,train,combined_5-tightened,True,model_free,all,0.0,0.0,0.0,0.3333333333333333,0.5233333309491476,190.66666666666666,0.3830955716828746,2.329506926238537,400.0,1.8565501888593037,1856.5501888593037,3
26,H8_K20_T0.5_Ddiffuser_visual_aligning.models.visual_gaussian_diffusion.VisualGaussianDiffusion_VTrue_steps400_mpc4_filmv2,train,combined_5-tightened,True,model_free,unfrozen,0.0,0.0,0.0,0.3333333333333333,0.5233333309491476,190.66666666666666,0.3830955716828746,2.329506926238537,400.0,1.8565501888593037,1856.5501888593037,3
26,H8_K20_T0.5_Ddiffuser_visual_aligning.models.visual_gaussian_diffusion.VisualGaussianDiffusion_VTrue_steps400_mpc4_filmv2,train,combined_5-tightened,True,geo_free,all,0.0,0.0,0.0,0.0,0.5483333369096121,180.66666666666666,0.3817886312171667,2.0706135829289756,400.0,0.6340011866887411,634.0011866887411,3
26,H8_K20_T0.5_Ddiffuser_visual_aligning.models.visual_gaussian_diffusion.VisualGaussianDiffusion_VTrue_steps400_mpc4_filmv2,train,combined_5-tightened,True,geo_free,unfrozen,0.0,0.0,0.0,0.0,0.5483333369096121,180.66666666666666,0.3817886312171667,2.0706135829289756,400.0,0.6340011866887411,634.0011866887411,3
26,H8_K20_T0.5_Ddiffuser_visual_aligning.models.visual_gaussian_diffusion.VisualGaussianDiffusion_VTrue_steps400_mpc4_filmv2,train,combined_5-tightened,True,bounds_free,all,0.0,0.0,0.0,0.3333333333333333,0.9375,25.0,0.3817886312117984,0.29170045380791026,400.0,0.8311244895060858,831.1244895060858,3
26,H8_K20_T0.5_Ddiffuser_visual_aligning.models.visual_gaussian_diffusion.VisualGaussianDiffusion_VTrue_steps400_mpc4_filmv2,train,combined_5-tightened,True,bounds_free,unfrozen,0.0,0.0,0.0,0.3333333333333333,0.9375,25.0,0.3817886312117984,0.29170045380791026,400.0,0.8311244895060858,831.1244895060858,3
26,H8_K20_T0.5_Ddiffuser_visual_aligning.models.visual_gaussian_diffusion.VisualGaussianDiffusion_VTrue_steps400_mpc4_filmv2,train,combined_5-tightened,True,geo_free-bounds_free,all,0.0,0.0,0.0,0.0,0.27916666865348816,288.3333333333333,0.3817886312171667,3.1775068442026773,400.0,0.6473039644956589,647.3039644956589,3
26,H8_K20_T0.5_Ddiffuser_visual_aligning.models.visual_gaussian_diffusion.VisualGaussianDiffusion_VTrue_steps400_mpc4_filmv2,train,combined_5-tightened,True,geo_free-bounds_free,unfrozen,0.0,0.0,0.0,0.0,0.27916666865348816,288.3333333333333,0.3817886312171667,3.1775068442026773,400.0,0.6473039644956589,647.3039644956589,3
26,H8_K20_T0.5_Ddiffuser_visual_aligning.models.visual_gaussian_diffusion.VisualGaussianDiffusion_VTrue_steps400_mpc4_filmv2,train,combined_5-tightened,True,geo_free-model_free,all,0.0,0.0,0.0,0.3333333333333333,0.5683333327372869,172.66666666666666,0.382784983265911,2.2952221520245075,400.0,0.43357041776180266,433.5704177618027,3
26,H8_K20_T0.5_Ddiffuser_visual_aligning.models.visual_gaussian_diffusion.VisualGaussianDiffusion_VTrue_steps400_mpc4_filmv2,train,combined_5-tightened,True,geo_free-model_free,unfrozen,0.0,0.0,0.0,0.3333333333333333,0.5683333327372869,172.66666666666666,0.382784983265911,2.2952221520245075,400.0,0.43357041776180266,433.5704177618027,3
27,d3il_baseline_ddpm_encdec_vision,test,none,False,d3il_baseline,all,0.0,,,,,,0.40088680340144456,,400.0,0.022660185185185183,22.660185185185185,1080
27,d3il_baseline_ddpm_encdec_vision,test,none,False,d3il_baseline,unfrozen,0.0,,,,,,0.40088680340144456,,400.0,0.022660185185185183,22.660185185185185,1080
28,d3il_baseline_ddpm_encdec_vision__Bf_U3,test,none,False,d3il_baseline,all,0.0028530670470756064,,,,,,0.39175294010190875,,399.3830242510699,,,2804
28,d3il_baseline_ddpm_encdec_vision__Bf_U3,test,none,False,d3il_baseline,unfrozen,0.0028530670470756064,,,,,,0.39175294010190875,,399.3830242510699,,,2804
