backend,method,n_trials,avg_ms,std_ms,p50_ms,p95_ms,min_ms,max_ms
torchdiffeq,dopri5,1,34596.73163299999,0.0,34596.73163299999,34596.73163299999,34596.73163299999,34596.73163299999
