backend,method,n_trials,avg_ms,std_ms,p50_ms,p95_ms,min_ms,max_ms
torchdiffeq,euler,1,202.6948229995469,0.0,202.6948229995469,202.6948229995469,202.6948229995469,202.6948229995469
torchdiffeq,midpoint,1,218.09386300083133,0.0,218.09386300083133,218.09386300083133,218.09386300083133,218.09386300083133
torchdiffeq,rk4,1,457.451669000875,0.0,457.451669000875,457.451669000875,457.451669000875,457.451669000875
