backend,method,n_trials,avg_ms,std_ms,p50_ms,p95_ms,min_ms,max_ms
legacy_euler,euler,20,113.75096640008451,20.396569155593042,104.10371599982682,157.90341710003304,95.94540299985965,164.77788500014867
torchdiffeq,euler,20,137.14064845012217,11.456431764136505,133.85447499967995,158.58369615043557,121.2392870002077,159.6477370003413
torchdiffeq,midpoint,20,104.5943506500862,18.154050916979298,97.63482649987054,125.08684045005798,92.92441599973245,176.66109499987215
torchdiffeq,rk4,20,99.5686300498619,8.749982966381188,96.74042349979572,116.60074430005808,93.57029299917485,131.75856999987445
torchdiffeq,dopri5,20,102.34049865007364,7.645819011962713,102.04490050045933,111.58483920003165,92.71662900027877,122.32943799972418
