backend,method,n_trials,avg_ms,std_ms,p50_ms,p95_ms,min_ms,max_ms
legacy,euler,20,13.246518899995863,0.5534084906081338,13.0780719998711,14.026548349920631,12.536770000224351,14.995460000136518
torchdiffeq,euler,20,13.875864199940224,2.294626142149277,13.179769999851487,17.42938904999392,12.361560000044847,22.513676000016858
legacy,midpoint,20,30.462114399983875,6.960752494355095,27.74112099996273,39.875130250038644,24.49857700003122,52.03000499977861
torchdiffeq,midpoint,20,26.503528600005666,4.450222507990817,24.783578500091608,33.547666699973895,23.1847220002237,42.469757000162645
legacy,rk4,20,48.80060224995759,2.994809321084182,47.83987399969192,54.73168169960445,45.62493600042217,57.25424899992504
torchdiffeq,rk4,20,50.79848709999624,3.9068902619186265,49.826611500066065,56.332386650228734,47.01882100016519,63.87034499994115
