backend,method,n_trials,avg_ms,std_ms,p50_ms,p95_ms,min_ms,max_ms
torchdiffeq,dopri5,1,26207.300815000053,0.0,26207.300815000053,26207.300815000053,26207.300815000053,26207.300815000053
