backend,method,n_trials,avg_ms,std_ms,p50_ms,p95_ms,min_ms,max_ms
legacy,euler,20,117.56210029998329,8.964495553601235,113.93603949954922,134.25193379985103,109.54435100029514,145.070396999472
torchdiffeq,euler,20,120.5286877999697,9.482468799971404,118.74147349999475,135.33467905012913,109.54401000071812,151.18626599996787
legacy,midpoint,20,240.86290959999133,25.67913107897198,236.1892784997508,299.6499576993301,215.3045060003933,324.19582400052604
torchdiffeq,midpoint,20,200.75859920002586,141.60168734141303,157.74765200012553,586.043634850148,112.28593799933151,655.9539989993937
legacy,rk4,20,452.02102859998377,10.4886557961702,449.3728995003039,463.85334295000575,435.5220730003566,484.78556600002776
torchdiffeq,rk4,20,153.14235770010782,16.213177578962707,151.88864199990348,174.26321845041457,119.20942200049467,190.98934499925235
legacy,dopri5,20,755.954177500098,110.82446874486142,693.1648405002306,984.9176551504115,666.4153940000688,1022.730166000656
torchdiffeq,dopri5,20,147.81232789991918,40.8198919628528,128.9515290000054,226.29766714953803,110.62139600016963,229.97434099943348
