backend,method,n_trials,avg_ms,std_ms,p50_ms,p95_ms,min_ms,max_ms
legacy_euler,euler,100,25.84477434001201,1.767243507568546,25.417100499907974,28.70061509984225,23.50082700013445,33.828347999588004
torchdiffeq,euler,100,27.4319666899828,2.2569826275948053,26.936786500300514,31.636148999905345,24.658577000082005,37.25383399978455
torchdiffeq,midpoint,100,59.0317320199938,9.666893788542703,54.19981600016399,74.84183354981724,47.94984599993768,99.16997399977845
torchdiffeq,rk4,100,132.88178460995368,55.808771813959694,109.0329274998112,259.2892035002933,95.27298899956804,412.65557299993816
