backend,method,n_trials,avg_ms,std_ms,p50_ms,p95_ms,min_ms,max_ms
legacy_euler,euler,100,92.93378418999964,19.306807007994284,87.07100699984949,116.5277189995777,78.30520599964075,244.77500500051974
torchdiffeq,euler,100,94.66194529999484,13.794051201112284,87.21369000022605,117.75623864978115,78.57755700024427,130.70691099983378
torchdiffeq,midpoint,100,182.07662577998235,23.35248942936794,171.5957569999773,227.6547201498488,156.09898200000316,237.67149400009657
torchdiffeq,rk4,100,367.8919775799841,52.38666255010001,342.905747000259,456.26603554965186,310.0026929996602,475.7874150000134
