backend,method,n_trials,avg_ms,std_ms,p50_ms,p95_ms,min_ms,max_ms
legacy_euler,euler,20,70.38740394987144,3.8804806264647476,69.58485999984987,76.68617860008453,64.41549600003782,80.2610780001487
torchdiffeq,euler,20,73.66423529997519,15.966822452121896,67.00479849996555,98.6036517507273,53.16911899990373,104.90854999989097
torchdiffeq,midpoint,20,124.43582435012104,25.05689165169671,113.75239950029936,181.63907820016902,104.0327000000616,199.55640500029403
torchdiffeq,rk4,20,223.74766240004647,9.690682366187097,220.12105700014217,243.4557954005868,215.40586500032077,250.7552039996881
