Candidate,FolderName,FullPath,seed,split,geo,variant,variant_base,tightened,scene,engine,K,mpc_batch,controller,threshold,backbone,generation,path_K,n_trials,goal_radius,epoch,projection,record,device,max_episode_length,flow_steps
1,corridor|Gen11,/u/home/llim/FMPCC/FM-PCC/logs/UAV_FM/uav-corridor/plans(Bf_DC-FIX)/flow_matching_v3_uav/H8_Dmodels.diffusion.FlowMatchingODE_condp_des,6,test,diffuser_anchorP,diffuser,diffuser,False,corridor,,,,,,,Gen11,,10.0,0.3,latest,fm_only,none,cuda,,
1,corridor|Gen11,/u/home/llim/FMPCC/FM-PCC/logs/UAV_FM/uav-corridor/plans(Bf_DC-FIX)/flow_matching_v3_uav/H8_Dmodels.diffusion.FlowMatchingODE_condp_des,6,test,dpcc-c_anchorP,dpcc-c,dpcc-c,False,corridor,,,,,,,Gen11,,10.0,0.3,latest,fm_only,none,cuda,,
1,corridor|Gen11,/u/home/llim/FMPCC/FM-PCC/logs/UAV_FM/uav-corridor/plans(Bf_DC-FIX)/flow_matching_v3_uav/H8_Dmodels.diffusion.FlowMatchingODE_condp_des,6,test,dpcc-r_anchorP,dpcc-r,dpcc-r,False,corridor,,,,,,,Gen11,,10.0,0.3,latest,fm_only,none,cuda,,
1,corridor|Gen11,/u/home/llim/FMPCC/FM-PCC/logs/UAV_FM/uav-corridor/plans(Bf_DC-FIX)/flow_matching_v3_uav/H8_Dmodels.diffusion.FlowMatchingODE_condp_des,6,test,dpcc-t_anchorP,dpcc-t,dpcc-t,False,corridor,,,,,,,Gen11,,10.0,0.3,latest,fm_only,none,cuda,,
1,corridor|Gen11,/u/home/llim/FMPCC/FM-PCC/logs/UAV_FM/uav-corridor/plans(Bf_DC-FIX)/flow_matching_v3_uav/H8_Dmodels.diffusion.FlowMatchingODE_condp_des,6,test,gradient_anchorP,gradient,gradient,False,corridor,,,,,,,Gen11,,10.0,0.3,latest,fm_only,none,cuda,,
1,corridor|Gen11,/u/home/llim/FMPCC/FM-PCC/logs/UAV_FM/uav-corridor/plans(Bf_DC-FIX)/flow_matching_v3_uav/H8_Dmodels.diffusion.FlowMatchingODE_condp_des,6,test,model_free_anchorP,model_free,model_free,False,corridor,,,,,,,Gen11,,10.0,0.3,latest,fm_only,none,cuda,,
1,corridor|Gen11,/u/home/llim/FMPCC/FM-PCC/logs/UAV_FM/uav-corridor/plans(Bf_DC-FIX)/flow_matching_v3_uav/H8_Dmodels.diffusion.FlowMatchingODE_condp_des,6,test,post_processing_anchorP,post_processing,post_processing,False,corridor,,,,,,,Gen11,,10.0,0.3,latest,fm_only,none,cuda,,
2,corridor|K20|Gen11,/u/home/llim/FMPCC/FM-PCC/logs/UAV_FM/uav-corridor/plans(Bf_U8)/flow_matching_v3_uav/H8_Dmodels.diffusion.FlowMatchingODE_9D/K20_mpc4_pid_stopgo_T0.5,6,test,none,diffuser,diffuser,False,corridor,,20.0,4.0,pid_stopgo,0.5,,Gen11,20.0,5.0,0.3,latest,fm_only,gif,cuda,,
2,corridor|K20|Gen11,/u/home/llim/FMPCC/FM-PCC/logs/UAV_FM/uav-corridor/plans(Bf_U8)/flow_matching_v3_uav/H8_Dmodels.diffusion.FlowMatchingODE_9D/K20_mpc4_pid_stopgo_T0.5,6,test,none,dpcc-c,dpcc-c,False,corridor,,20.0,4.0,pid_stopgo,0.5,,Gen11,20.0,5.0,0.3,latest,fm_only,gif,cuda,,
2,corridor|K20|Gen11,/u/home/llim/FMPCC/FM-PCC/logs/UAV_FM/uav-corridor/plans(Bf_U8)/flow_matching_v3_uav/H8_Dmodels.diffusion.FlowMatchingODE_9D/K20_mpc4_pid_stopgo_T0.5,6,test,none,dpcc-r,dpcc-r,False,corridor,,20.0,4.0,pid_stopgo,0.5,,Gen11,20.0,5.0,0.3,latest,fm_only,gif,cuda,,
2,corridor|K20|Gen11,/u/home/llim/FMPCC/FM-PCC/logs/UAV_FM/uav-corridor/plans(Bf_U8)/flow_matching_v3_uav/H8_Dmodels.diffusion.FlowMatchingODE_9D/K20_mpc4_pid_stopgo_T0.5,6,test,none,dpcc-t,dpcc-t,False,corridor,,20.0,4.0,pid_stopgo,0.5,,Gen11,20.0,5.0,0.3,latest,fm_only,gif,cuda,,
2,corridor|K20|Gen11,/u/home/llim/FMPCC/FM-PCC/logs/UAV_FM/uav-corridor/plans(Bf_U8)/flow_matching_v3_uav/H8_Dmodels.diffusion.FlowMatchingODE_9D/K20_mpc4_pid_stopgo_T0.5,6,test,none,gradient,gradient,False,corridor,,20.0,4.0,pid_stopgo,0.5,,Gen11,20.0,5.0,0.3,latest,fm_only,gif,cuda,,
2,corridor|K20|Gen11,/u/home/llim/FMPCC/FM-PCC/logs/UAV_FM/uav-corridor/plans(Bf_U8)/flow_matching_v3_uav/H8_Dmodels.diffusion.FlowMatchingODE_9D/K20_mpc4_pid_stopgo_T0.5,6,test,none,model_free,model_free,False,corridor,,20.0,4.0,pid_stopgo,0.5,,Gen11,20.0,5.0,0.3,latest,fm_only,gif,cuda,,
2,corridor|K20|Gen11,/u/home/llim/FMPCC/FM-PCC/logs/UAV_FM/uav-corridor/plans(Bf_U8)/flow_matching_v3_uav/H8_Dmodels.diffusion.FlowMatchingODE_9D/K20_mpc4_pid_stopgo_T0.5,6,test,none,post_processing,post_processing,False,corridor,,20.0,4.0,pid_stopgo,0.5,,Gen11,20.0,5.0,0.3,latest,fm_only,gif,cuda,,
3,corridor|Gen11,/u/home/llim/FMPCC/FM-PCC/logs/UAV_FM/uav-corridor/plans(E6)/flow_matching_v3_uav/H8_Dmodels.diffusion.FlowMatchingODE,6,test,none,fm_only,fm_only,False,corridor,,,,,,,Gen11,,20.0,,latest,fm_only,none,cuda,,
4,corridor|Gen11,/u/home/llim/FMPCC/FM-PCC/logs/UAV_FM/uav-corridor/plans(E7_U1)/flow_matching_v3_uav/H8_Dmodels.diffusion.FlowMatchingODE,6,test,none,diffuser,diffuser,False,corridor,,,,,,,Gen11,,2.0,0.3,latest,fm_only,gif,cuda,,
4,corridor|Gen11,/u/home/llim/FMPCC/FM-PCC/logs/UAV_FM/uav-corridor/plans(E7_U1)/flow_matching_v3_uav/H8_Dmodels.diffusion.FlowMatchingODE,6,test,none,dpcc-c,dpcc-c,False,corridor,,,,,,,Gen11,,2.0,0.3,latest,fm_only,gif,cuda,,
4,corridor|Gen11,/u/home/llim/FMPCC/FM-PCC/logs/UAV_FM/uav-corridor/plans(E7_U1)/flow_matching_v3_uav/H8_Dmodels.diffusion.FlowMatchingODE,6,test,none,dpcc-r,dpcc-r,False,corridor,,,,,,,Gen11,,2.0,0.3,latest,fm_only,gif,cuda,,
4,corridor|Gen11,/u/home/llim/FMPCC/FM-PCC/logs/UAV_FM/uav-corridor/plans(E7_U1)/flow_matching_v3_uav/H8_Dmodels.diffusion.FlowMatchingODE,6,test,none,dpcc-t,dpcc-t,False,corridor,,,,,,,Gen11,,2.0,0.3,latest,fm_only,gif,cuda,,
5,corridor|Gen11,/u/home/llim/FMPCC/FM-PCC/logs/UAV_FM/uav-corridor/plans(E7_U3)/flow_matching_v3_uav/H8_Dmodels.diffusion.FlowMatchingODE,6,test,none,diffuser,diffuser,False,corridor,,,,,,,Gen11,,2.0,0.3,latest,fm_only,none,cuda,,
5,corridor|Gen11,/u/home/llim/FMPCC/FM-PCC/logs/UAV_FM/uav-corridor/plans(E7_U3)/flow_matching_v3_uav/H8_Dmodels.diffusion.FlowMatchingODE,6,test,none,dpcc-c,dpcc-c,False,corridor,,,,,,,Gen11,,2.0,0.3,latest,fm_only,none,cuda,,
5,corridor|Gen11,/u/home/llim/FMPCC/FM-PCC/logs/UAV_FM/uav-corridor/plans(E7_U3)/flow_matching_v3_uav/H8_Dmodels.diffusion.FlowMatchingODE,6,test,none,dpcc-c-tightened,dpcc-c,True,corridor,,,,,,,Gen11,,2.0,0.3,latest,fm_only,none,cuda,,
5,corridor|Gen11,/u/home/llim/FMPCC/FM-PCC/logs/UAV_FM/uav-corridor/plans(E7_U3)/flow_matching_v3_uav/H8_Dmodels.diffusion.FlowMatchingODE,6,test,none,dpcc-r,dpcc-r,False,corridor,,,,,,,Gen11,,2.0,0.3,latest,fm_only,none,cuda,,
5,corridor|Gen11,/u/home/llim/FMPCC/FM-PCC/logs/UAV_FM/uav-corridor/plans(E7_U3)/flow_matching_v3_uav/H8_Dmodels.diffusion.FlowMatchingODE,6,test,none,dpcc-r-tightened,dpcc-r,True,corridor,,,,,,,Gen11,,2.0,0.3,latest,fm_only,none,cuda,,
5,corridor|Gen11,/u/home/llim/FMPCC/FM-PCC/logs/UAV_FM/uav-corridor/plans(E7_U3)/flow_matching_v3_uav/H8_Dmodels.diffusion.FlowMatchingODE,6,test,none,dpcc-t,dpcc-t,False,corridor,,,,,,,Gen11,,2.0,0.3,latest,fm_only,none,cuda,,
5,corridor|Gen11,/u/home/llim/FMPCC/FM-PCC/logs/UAV_FM/uav-corridor/plans(E7_U3)/flow_matching_v3_uav/H8_Dmodels.diffusion.FlowMatchingODE,6,test,none,dpcc-t-tightened,dpcc-t,True,corridor,,,,,,,Gen11,,2.0,0.3,latest,fm_only,none,cuda,,
5,corridor|Gen11,/u/home/llim/FMPCC/FM-PCC/logs/UAV_FM/uav-corridor/plans(E7_U3)/flow_matching_v3_uav/H8_Dmodels.diffusion.FlowMatchingODE,6,test,none,gradient,gradient,False,corridor,,,,,,,Gen11,,2.0,0.3,latest,fm_only,none,cuda,,
5,corridor|Gen11,/u/home/llim/FMPCC/FM-PCC/logs/UAV_FM/uav-corridor/plans(E7_U3)/flow_matching_v3_uav/H8_Dmodels.diffusion.FlowMatchingODE,6,test,none,gradient-tightened,gradient,True,corridor,,,,,,,Gen11,,2.0,0.3,latest,fm_only,none,cuda,,
5,corridor|Gen11,/u/home/llim/FMPCC/FM-PCC/logs/UAV_FM/uav-corridor/plans(E7_U3)/flow_matching_v3_uav/H8_Dmodels.diffusion.FlowMatchingODE,6,test,none,model_free,model_free,False,corridor,,,,,,,Gen11,,2.0,0.3,latest,fm_only,none,cuda,,
5,corridor|Gen11,/u/home/llim/FMPCC/FM-PCC/logs/UAV_FM/uav-corridor/plans(E7_U3)/flow_matching_v3_uav/H8_Dmodels.diffusion.FlowMatchingODE,6,test,none,model_free-tightened,model_free,True,corridor,,,,,,,Gen11,,2.0,0.3,latest,fm_only,none,cuda,,
5,corridor|Gen11,/u/home/llim/FMPCC/FM-PCC/logs/UAV_FM/uav-corridor/plans(E7_U3)/flow_matching_v3_uav/H8_Dmodels.diffusion.FlowMatchingODE,6,test,none,post_processing,post_processing,False,corridor,,,,,,,Gen11,,2.0,0.3,latest,fm_only,none,cuda,,
5,corridor|Gen11,/u/home/llim/FMPCC/FM-PCC/logs/UAV_FM/uav-corridor/plans(E7_U3)/flow_matching_v3_uav/H8_Dmodels.diffusion.FlowMatchingODE,6,test,none,post_processing-tightened,post_processing,True,corridor,,,,,,,Gen11,,2.0,0.3,latest,fm_only,none,cuda,,
6,corridor|Gen11,/u/home/llim/FMPCC/FM-PCC/logs/UAV_FM/uav-corridor/plans(E7_U4_fix3)/flow_matching_v3_uav/H8_Dmodels.diffusion.FlowMatchingODE_condp_des,6,test,diffuser_reanchor1,diffuser,diffuser,False,corridor,,,,,,,Gen11,,20.0,0.3,latest,fm_only,none,cuda,,
6,corridor|Gen11,/u/home/llim/FMPCC/FM-PCC/logs/UAV_FM/uav-corridor/plans(E7_U4_fix3)/flow_matching_v3_uav/H8_Dmodels.diffusion.FlowMatchingODE_condp_des,6,test,dpcc-r_reanchor1,dpcc-r,dpcc-r,False,corridor,,,,,,,Gen11,,20.0,0.3,latest,fm_only,none,cuda,,
6,corridor|Gen11,/u/home/llim/FMPCC/FM-PCC/logs/UAV_FM/uav-corridor/plans(E7_U4_fix3)/flow_matching_v3_uav/H8_Dmodels.diffusion.FlowMatchingODE_condp_des,6,test,gradient-tightened_reanchor1,gradient-tightened,gradient,True,corridor,,,,,,,Gen11,,20.0,0.3,latest,fm_only,none,cuda,,
6,corridor|Gen11,/u/home/llim/FMPCC/FM-PCC/logs/UAV_FM/uav-corridor/plans(E7_U4_fix3)/flow_matching_v3_uav/H8_Dmodels.diffusion.FlowMatchingODE_condp_des,6,test,gradient_reanchor1,gradient,gradient,False,corridor,,,,,,,Gen11,,20.0,0.3,latest,fm_only,none,cuda,,
6,corridor|Gen11,/u/home/llim/FMPCC/FM-PCC/logs/UAV_FM/uav-corridor/plans(E7_U4_fix3)/flow_matching_v3_uav/H8_Dmodels.diffusion.FlowMatchingODE_condp_des,6,test,model_free-tightened_reanchor1,model_free-tightened,model_free,True,corridor,,,,,,,Gen11,,20.0,0.3,latest,fm_only,none,cuda,,
6,corridor|Gen11,/u/home/llim/FMPCC/FM-PCC/logs/UAV_FM/uav-corridor/plans(E7_U4_fix3)/flow_matching_v3_uav/H8_Dmodels.diffusion.FlowMatchingODE_condp_des,6,test,model_free_reanchor1,model_free,model_free,False,corridor,,,,,,,Gen11,,20.0,0.3,latest,fm_only,none,cuda,,
6,corridor|Gen11,/u/home/llim/FMPCC/FM-PCC/logs/UAV_FM/uav-corridor/plans(E7_U4_fix3)/flow_matching_v3_uav/H8_Dmodels.diffusion.FlowMatchingODE_condp_des,6,test,none,dpcc-r-tightened_reanchor1,dpcc-r-tightened_reanchor1,False,corridor,,,,,,,Gen11,,,,,,,,,
6,corridor|Gen11,/u/home/llim/FMPCC/FM-PCC/logs/UAV_FM/uav-corridor/plans(E7_U4_fix3)/flow_matching_v3_uav/H8_Dmodels.diffusion.FlowMatchingODE_condp_des,6,test,post_processing-tightened_reanchor1,post_processing-tightened,post_processing,True,corridor,,,,,,,Gen11,,20.0,0.3,latest,fm_only,none,cuda,,
6,corridor|Gen11,/u/home/llim/FMPCC/FM-PCC/logs/UAV_FM/uav-corridor/plans(E7_U4_fix3)/flow_matching_v3_uav/H8_Dmodels.diffusion.FlowMatchingODE_condp_des,6,test,post_processing_reanchor1,post_processing,post_processing,False,corridor,,,,,,,Gen11,,20.0,0.3,latest,fm_only,none,cuda,,
7,corridor|K20|Gen11,/u/home/llim/FMPCC/FM-PCC/logs/UAV_FM/uav-corridor/plans/flow_matching_v3_uav/H8_Dmodels.diffusion.FlowMatchingODE_9D/K20_mpc4_pid_stopgo_T0.5,6,test,corridor_bounds+dynamics+geo_bounds+halfspace+obstacles,bounds_free,bounds_free,False,corridor,,20.0,4.0,pid_stopgo,0.5,,Gen11,20.0,10.0,0.3,latest,fm_only,gif,cuda,,
7,corridor|K20|Gen11,/u/home/llim/FMPCC/FM-PCC/logs/UAV_FM/uav-corridor/plans/flow_matching_v3_uav/H8_Dmodels.diffusion.FlowMatchingODE_9D/K20_mpc4_pid_stopgo_T0.5,6,test,corridor_bounds+dynamics+geo_bounds+halfspace+obstacles,diffuser,diffuser,False,corridor,,20.0,4.0,pid_stopgo,0.5,,Gen11,20.0,10.0,0.3,latest,fm_only,gif,cuda,,
7,corridor|K20|Gen11,/u/home/llim/FMPCC/FM-PCC/logs/UAV_FM/uav-corridor/plans/flow_matching_v3_uav/H8_Dmodels.diffusion.FlowMatchingODE_9D/K20_mpc4_pid_stopgo_T0.5,6,test,corridor_bounds+dynamics+geo_bounds+halfspace+obstacles,dpcc-c,dpcc-c,False,corridor,,20.0,4.0,pid_stopgo,0.5,,Gen11,20.0,10.0,0.3,latest,fm_only,gif,cuda,,
7,corridor|K20|Gen11,/u/home/llim/FMPCC/FM-PCC/logs/UAV_FM/uav-corridor/plans/flow_matching_v3_uav/H8_Dmodels.diffusion.FlowMatchingODE_9D/K20_mpc4_pid_stopgo_T0.5,6,test,corridor_bounds+dynamics+geo_bounds+halfspace+obstacles,dpcc-c-tightened,dpcc-c,True,corridor,,20.0,4.0,pid_stopgo,0.5,,Gen11,20.0,10.0,0.3,latest,fm_only,gif,cuda,,
7,corridor|K20|Gen11,/u/home/llim/FMPCC/FM-PCC/logs/UAV_FM/uav-corridor/plans/flow_matching_v3_uav/H8_Dmodels.diffusion.FlowMatchingODE_9D/K20_mpc4_pid_stopgo_T0.5,6,test,corridor_bounds+dynamics+geo_bounds+halfspace+obstacles,dpcc-r,dpcc-r,False,corridor,,20.0,4.0,pid_stopgo,0.5,,Gen11,20.0,10.0,0.3,latest,fm_only,gif,cuda,,
7,corridor|K20|Gen11,/u/home/llim/FMPCC/FM-PCC/logs/UAV_FM/uav-corridor/plans/flow_matching_v3_uav/H8_Dmodels.diffusion.FlowMatchingODE_9D/K20_mpc4_pid_stopgo_T0.5,6,test,corridor_bounds+dynamics+geo_bounds+halfspace+obstacles,dpcc-r-tightened,dpcc-r,True,corridor,,20.0,4.0,pid_stopgo,0.5,,Gen11,20.0,10.0,0.3,latest,fm_only,gif,cuda,,
7,corridor|K20|Gen11,/u/home/llim/FMPCC/FM-PCC/logs/UAV_FM/uav-corridor/plans/flow_matching_v3_uav/H8_Dmodels.diffusion.FlowMatchingODE_9D/K20_mpc4_pid_stopgo_T0.5,6,test,corridor_bounds+dynamics+geo_bounds+halfspace+obstacles,dpcc-t,dpcc-t,False,corridor,,20.0,4.0,pid_stopgo,0.5,,Gen11,20.0,10.0,0.3,latest,fm_only,gif,cuda,,
7,corridor|K20|Gen11,/u/home/llim/FMPCC/FM-PCC/logs/UAV_FM/uav-corridor/plans/flow_matching_v3_uav/H8_Dmodels.diffusion.FlowMatchingODE_9D/K20_mpc4_pid_stopgo_T0.5,6,test,corridor_bounds+dynamics+geo_bounds+halfspace+obstacles,dpcc-t-tightened,dpcc-t,True,corridor,,20.0,4.0,pid_stopgo,0.5,,Gen11,20.0,10.0,0.3,latest,fm_only,gif,cuda,,
7,corridor|K20|Gen11,/u/home/llim/FMPCC/FM-PCC/logs/UAV_FM/uav-corridor/plans/flow_matching_v3_uav/H8_Dmodels.diffusion.FlowMatchingODE_9D/K20_mpc4_pid_stopgo_T0.5,6,test,corridor_bounds+dynamics+geo_bounds+halfspace+obstacles,geo_free,geo_free,False,corridor,,20.0,4.0,pid_stopgo,0.5,,Gen11,20.0,10.0,0.3,latest,fm_only,gif,cuda,,
7,corridor|K20|Gen11,/u/home/llim/FMPCC/FM-PCC/logs/UAV_FM/uav-corridor/plans/flow_matching_v3_uav/H8_Dmodels.diffusion.FlowMatchingODE_9D/K20_mpc4_pid_stopgo_T0.5,6,test,corridor_bounds+dynamics+geo_bounds+halfspace+obstacles,geo_free-bounds_free,geo_free-bounds_free,False,corridor,,20.0,4.0,pid_stopgo,0.5,,Gen11,20.0,10.0,0.3,latest,fm_only,gif,cuda,,
7,corridor|K20|Gen11,/u/home/llim/FMPCC/FM-PCC/logs/UAV_FM/uav-corridor/plans/flow_matching_v3_uav/H8_Dmodels.diffusion.FlowMatchingODE_9D/K20_mpc4_pid_stopgo_T0.5,6,test,corridor_bounds+dynamics+geo_bounds+halfspace+obstacles,geo_free-model_free,geo_free-model_free,False,corridor,,20.0,4.0,pid_stopgo,0.5,,Gen11,20.0,10.0,0.3,latest,fm_only,gif,cuda,,
7,corridor|K20|Gen11,/u/home/llim/FMPCC/FM-PCC/logs/UAV_FM/uav-corridor/plans/flow_matching_v3_uav/H8_Dmodels.diffusion.FlowMatchingODE_9D/K20_mpc4_pid_stopgo_T0.5,6,test,corridor_bounds+dynamics+geo_bounds+halfspace+obstacles,gradient,gradient,False,corridor,,20.0,4.0,pid_stopgo,0.5,,Gen11,20.0,10.0,0.3,latest,fm_only,gif,cuda,,
7,corridor|K20|Gen11,/u/home/llim/FMPCC/FM-PCC/logs/UAV_FM/uav-corridor/plans/flow_matching_v3_uav/H8_Dmodels.diffusion.FlowMatchingODE_9D/K20_mpc4_pid_stopgo_T0.5,6,test,corridor_bounds+dynamics+geo_bounds+halfspace+obstacles,gradient-tightened,gradient,True,corridor,,20.0,4.0,pid_stopgo,0.5,,Gen11,20.0,10.0,0.3,latest,fm_only,gif,cuda,,
7,corridor|K20|Gen11,/u/home/llim/FMPCC/FM-PCC/logs/UAV_FM/uav-corridor/plans/flow_matching_v3_uav/H8_Dmodels.diffusion.FlowMatchingODE_9D/K20_mpc4_pid_stopgo_T0.5,6,test,corridor_bounds+dynamics+geo_bounds+halfspace+obstacles,model_free,model_free,False,corridor,,20.0,4.0,pid_stopgo,0.5,,Gen11,20.0,10.0,0.3,latest,fm_only,gif,cuda,,
7,corridor|K20|Gen11,/u/home/llim/FMPCC/FM-PCC/logs/UAV_FM/uav-corridor/plans/flow_matching_v3_uav/H8_Dmodels.diffusion.FlowMatchingODE_9D/K20_mpc4_pid_stopgo_T0.5,6,test,corridor_bounds+dynamics+geo_bounds+halfspace+obstacles,model_free-tightened,model_free,True,corridor,,20.0,4.0,pid_stopgo,0.5,,Gen11,20.0,10.0,0.3,latest,fm_only,gif,cuda,,
7,corridor|K20|Gen11,/u/home/llim/FMPCC/FM-PCC/logs/UAV_FM/uav-corridor/plans/flow_matching_v3_uav/H8_Dmodels.diffusion.FlowMatchingODE_9D/K20_mpc4_pid_stopgo_T0.5,6,test,corridor_bounds+dynamics+geo_bounds+halfspace+obstacles,post_processing,post_processing,False,corridor,,20.0,4.0,pid_stopgo,0.5,,Gen11,20.0,10.0,0.3,latest,fm_only,gif,cuda,,
7,corridor|K20|Gen11,/u/home/llim/FMPCC/FM-PCC/logs/UAV_FM/uav-corridor/plans/flow_matching_v3_uav/H8_Dmodels.diffusion.FlowMatchingODE_9D/K20_mpc4_pid_stopgo_T0.5,6,test,corridor_bounds+dynamics+geo_bounds+halfspace+obstacles,post_processing-tightened,post_processing,True,corridor,,20.0,4.0,pid_stopgo,0.5,,Gen11,20.0,10.0,0.3,latest,fm_only,gif,cuda,,
8,empty|Gen11,/u/home/llim/FMPCC/FM-PCC/logs/UAV_FM/uav-empty/plans(Bf_DC-FIX)/flow_matching_v3_uav/H8_Dmodels.diffusion.FlowMatchingODE,6,test,diffuser_anchorP,diffuser,diffuser,False,empty,,,,,,,Gen11,,10.0,0.3,latest,fm_only,none,cuda,,
8,empty|Gen11,/u/home/llim/FMPCC/FM-PCC/logs/UAV_FM/uav-empty/plans(Bf_DC-FIX)/flow_matching_v3_uav/H8_Dmodels.diffusion.FlowMatchingODE,6,test,dpcc-c_anchorP,dpcc-c,dpcc-c,False,empty,,,,,,,Gen11,,10.0,0.3,latest,fm_only,none,cuda,,
8,empty|Gen11,/u/home/llim/FMPCC/FM-PCC/logs/UAV_FM/uav-empty/plans(Bf_DC-FIX)/flow_matching_v3_uav/H8_Dmodels.diffusion.FlowMatchingODE,6,test,dpcc-r_anchorP,dpcc-r,dpcc-r,False,empty,,,,,,,Gen11,,10.0,0.3,latest,fm_only,none,cuda,,
8,empty|Gen11,/u/home/llim/FMPCC/FM-PCC/logs/UAV_FM/uav-empty/plans(Bf_DC-FIX)/flow_matching_v3_uav/H8_Dmodels.diffusion.FlowMatchingODE,6,test,dpcc-t_anchorP,dpcc-t,dpcc-t,False,empty,,,,,,,Gen11,,10.0,0.3,latest,fm_only,none,cuda,,
8,empty|Gen11,/u/home/llim/FMPCC/FM-PCC/logs/UAV_FM/uav-empty/plans(Bf_DC-FIX)/flow_matching_v3_uav/H8_Dmodels.diffusion.FlowMatchingODE,6,test,gradient_anchorP,gradient,gradient,False,empty,,,,,,,Gen11,,10.0,0.3,latest,fm_only,none,cuda,,
8,empty|Gen11,/u/home/llim/FMPCC/FM-PCC/logs/UAV_FM/uav-empty/plans(Bf_DC-FIX)/flow_matching_v3_uav/H8_Dmodels.diffusion.FlowMatchingODE,6,test,model_free_anchorP,model_free,model_free,False,empty,,,,,,,Gen11,,10.0,0.3,latest,fm_only,none,cuda,,
8,empty|Gen11,/u/home/llim/FMPCC/FM-PCC/logs/UAV_FM/uav-empty/plans(Bf_DC-FIX)/flow_matching_v3_uav/H8_Dmodels.diffusion.FlowMatchingODE,6,test,post_processing_anchorP,post_processing,post_processing,False,empty,,,,,,,Gen11,,10.0,0.3,latest,fm_only,none,cuda,,
9,empty|K20|Gen11,/u/home/llim/FMPCC/FM-PCC/logs/UAV_FM/uav-empty/plans(Bf_U8)/flow_matching_v3_uav/H8_Dmodels.diffusion.FlowMatchingODE_9D/K20_mpc4_pid_stopgo_T0.5,6,test,none,diffuser,diffuser,False,empty,,20.0,4.0,pid_stopgo,0.5,,Gen11,20.0,5.0,0.3,latest,fm_only,gif,cuda,,
9,empty|K20|Gen11,/u/home/llim/FMPCC/FM-PCC/logs/UAV_FM/uav-empty/plans(Bf_U8)/flow_matching_v3_uav/H8_Dmodels.diffusion.FlowMatchingODE_9D/K20_mpc4_pid_stopgo_T0.5,6,test,none,dpcc-c,dpcc-c,False,empty,,20.0,4.0,pid_stopgo,0.5,,Gen11,20.0,5.0,0.3,latest,fm_only,gif,cuda,,
9,empty|K20|Gen11,/u/home/llim/FMPCC/FM-PCC/logs/UAV_FM/uav-empty/plans(Bf_U8)/flow_matching_v3_uav/H8_Dmodels.diffusion.FlowMatchingODE_9D/K20_mpc4_pid_stopgo_T0.5,6,test,none,dpcc-r,dpcc-r,False,empty,,20.0,4.0,pid_stopgo,0.5,,Gen11,20.0,5.0,0.3,latest,fm_only,gif,cuda,,
9,empty|K20|Gen11,/u/home/llim/FMPCC/FM-PCC/logs/UAV_FM/uav-empty/plans(Bf_U8)/flow_matching_v3_uav/H8_Dmodels.diffusion.FlowMatchingODE_9D/K20_mpc4_pid_stopgo_T0.5,6,test,none,dpcc-t,dpcc-t,False,empty,,20.0,4.0,pid_stopgo,0.5,,Gen11,20.0,5.0,0.3,latest,fm_only,gif,cuda,,
9,empty|K20|Gen11,/u/home/llim/FMPCC/FM-PCC/logs/UAV_FM/uav-empty/plans(Bf_U8)/flow_matching_v3_uav/H8_Dmodels.diffusion.FlowMatchingODE_9D/K20_mpc4_pid_stopgo_T0.5,6,test,none,gradient,gradient,False,empty,,20.0,4.0,pid_stopgo,0.5,,Gen11,20.0,5.0,0.3,latest,fm_only,gif,cuda,,
9,empty|K20|Gen11,/u/home/llim/FMPCC/FM-PCC/logs/UAV_FM/uav-empty/plans(Bf_U8)/flow_matching_v3_uav/H8_Dmodels.diffusion.FlowMatchingODE_9D/K20_mpc4_pid_stopgo_T0.5,6,test,none,model_free,model_free,False,empty,,20.0,4.0,pid_stopgo,0.5,,Gen11,20.0,5.0,0.3,latest,fm_only,gif,cuda,,
9,empty|K20|Gen11,/u/home/llim/FMPCC/FM-PCC/logs/UAV_FM/uav-empty/plans(Bf_U8)/flow_matching_v3_uav/H8_Dmodels.diffusion.FlowMatchingODE_9D/K20_mpc4_pid_stopgo_T0.5,6,test,none,post_processing,post_processing,False,empty,,20.0,4.0,pid_stopgo,0.5,,Gen11,20.0,5.0,0.3,latest,fm_only,gif,cuda,,
10,empty|Gen11,/u/home/llim/FMPCC/FM-PCC/logs/UAV_FM/uav-empty/plans(E6)/flow_matching_v3_uav/H8_Dmodels.diffusion.FlowMatchingODE,6,test,none,fm_only,fm_only,False,empty,,,,,,,Gen11,,20.0,,latest,fm_only,none,cuda,,
11,empty|Gen11,/u/home/llim/FMPCC/FM-PCC/logs/UAV_FM/uav-empty/plans(E7U3)/flow_matching_v3_uav/H8_Dmodels.diffusion.FlowMatchingODE,6,test,none,diffuser,diffuser,False,empty,,,,,,,Gen11,,3.0,0.3,latest,fm_only,none,cuda,,
11,empty|Gen11,/u/home/llim/FMPCC/FM-PCC/logs/UAV_FM/uav-empty/plans(E7U3)/flow_matching_v3_uav/H8_Dmodels.diffusion.FlowMatchingODE,6,test,none,dpcc-c,dpcc-c,False,empty,,,,,,,Gen11,,3.0,0.3,latest,fm_only,none,cuda,,
11,empty|Gen11,/u/home/llim/FMPCC/FM-PCC/logs/UAV_FM/uav-empty/plans(E7U3)/flow_matching_v3_uav/H8_Dmodels.diffusion.FlowMatchingODE,6,test,none,dpcc-r,dpcc-r,False,empty,,,,,,,Gen11,,3.0,0.3,latest,fm_only,none,cuda,,
11,empty|Gen11,/u/home/llim/FMPCC/FM-PCC/logs/UAV_FM/uav-empty/plans(E7U3)/flow_matching_v3_uav/H8_Dmodels.diffusion.FlowMatchingODE,6,test,none,dpcc-t,dpcc-t,False,empty,,,,,,,Gen11,,3.0,0.3,latest,fm_only,none,cuda,,
12,pillars|Gen11,/u/home/llim/FMPCC/FM-PCC/logs/UAV_FM/uav-pillars/flow_matching_v3_uav/H8_Dmodels.diffusion.FlowMatchingODE,6,test,eval(legacy),fm_only,fm_only,False,pillars,,,,,,,Gen11,,4.0,,latest,fm_only,gif,cuda,,
13,pillars|Gen11,/u/home/llim/FMPCC/FM-PCC/logs/UAV_FM/uav-pillars/plans(Bf_DC-FIX)/flow_matching_v3_uav/H8_Dmodels.diffusion.FlowMatchingODE(12D_PID_with_anchor_P),6,test,diffuser_anchorP,diffuser,diffuser,False,pillars,,,,,,,Gen11,,10.0,0.3,latest,fm_only,none,cuda,,
13,pillars|Gen11,/u/home/llim/FMPCC/FM-PCC/logs/UAV_FM/uav-pillars/plans(Bf_DC-FIX)/flow_matching_v3_uav/H8_Dmodels.diffusion.FlowMatchingODE(12D_PID_with_anchor_P),6,test,dpcc-c_anchorP,dpcc-c,dpcc-c,False,pillars,,,,,,,Gen11,,10.0,0.3,latest,fm_only,none,cuda,,
13,pillars|Gen11,/u/home/llim/FMPCC/FM-PCC/logs/UAV_FM/uav-pillars/plans(Bf_DC-FIX)/flow_matching_v3_uav/H8_Dmodels.diffusion.FlowMatchingODE(12D_PID_with_anchor_P),6,test,dpcc-r_anchorP,dpcc-r,dpcc-r,False,pillars,,,,,,,Gen11,,10.0,0.3,latest,fm_only,none,cuda,,
13,pillars|Gen11,/u/home/llim/FMPCC/FM-PCC/logs/UAV_FM/uav-pillars/plans(Bf_DC-FIX)/flow_matching_v3_uav/H8_Dmodels.diffusion.FlowMatchingODE(12D_PID_with_anchor_P),6,test,dpcc-t_anchorP,dpcc-t,dpcc-t,False,pillars,,,,,,,Gen11,,10.0,0.3,latest,fm_only,none,cuda,,
13,pillars|Gen11,/u/home/llim/FMPCC/FM-PCC/logs/UAV_FM/uav-pillars/plans(Bf_DC-FIX)/flow_matching_v3_uav/H8_Dmodels.diffusion.FlowMatchingODE(12D_PID_with_anchor_P),6,test,gradient_anchorP,gradient,gradient,False,pillars,,,,,,,Gen11,,10.0,0.3,latest,fm_only,none,cuda,,
13,pillars|Gen11,/u/home/llim/FMPCC/FM-PCC/logs/UAV_FM/uav-pillars/plans(Bf_DC-FIX)/flow_matching_v3_uav/H8_Dmodels.diffusion.FlowMatchingODE(12D_PID_with_anchor_P),6,test,model_free_anchorP,model_free,model_free,False,pillars,,,,,,,Gen11,,10.0,0.3,latest,fm_only,none,cuda,,
13,pillars|Gen11,/u/home/llim/FMPCC/FM-PCC/logs/UAV_FM/uav-pillars/plans(Bf_DC-FIX)/flow_matching_v3_uav/H8_Dmodels.diffusion.FlowMatchingODE(12D_PID_with_anchor_P),6,test,post_processing_anchorP,post_processing,post_processing,False,pillars,,,,,,,Gen11,,10.0,0.3,latest,fm_only,none,cuda,,
14,pillars|Gen11,/u/home/llim/FMPCC/FM-PCC/logs/UAV_FM/uav-pillars/plans(Bf_DC-FIX)/flow_matching_v3_uav/H8_Dmodels.diffusion.FlowMatchingODE_9D,6,test,diffuser_ctrlpid_stopgo,diffuser,diffuser,False,pillars,,,,,,,Gen11,,2.0,0.3,latest,fm_only,gif,cuda,,
14,pillars|Gen11,/u/home/llim/FMPCC/FM-PCC/logs/UAV_FM/uav-pillars/plans(Bf_DC-FIX)/flow_matching_v3_uav/H8_Dmodels.diffusion.FlowMatchingODE_9D,6,test,dpcc-c_ctrlpid_stopgo,dpcc-c,dpcc-c,False,pillars,,,,,,,Gen11,,2.0,0.3,latest,fm_only,gif,cuda,,
14,pillars|Gen11,/u/home/llim/FMPCC/FM-PCC/logs/UAV_FM/uav-pillars/plans(Bf_DC-FIX)/flow_matching_v3_uav/H8_Dmodels.diffusion.FlowMatchingODE_9D,6,test,dpcc-r_ctrlpid_stopgo,dpcc-r,dpcc-r,False,pillars,,,,,,,Gen11,,2.0,0.3,latest,fm_only,gif,cuda,,
14,pillars|Gen11,/u/home/llim/FMPCC/FM-PCC/logs/UAV_FM/uav-pillars/plans(Bf_DC-FIX)/flow_matching_v3_uav/H8_Dmodels.diffusion.FlowMatchingODE_9D,6,test,dpcc-t_ctrlpid_stopgo,dpcc-t,dpcc-t,False,pillars,,,,,,,Gen11,,2.0,0.3,latest,fm_only,gif,cuda,,
14,pillars|Gen11,/u/home/llim/FMPCC/FM-PCC/logs/UAV_FM/uav-pillars/plans(Bf_DC-FIX)/flow_matching_v3_uav/H8_Dmodels.diffusion.FlowMatchingODE_9D,6,test,gradient_ctrlpid_stopgo,gradient,gradient,False,pillars,,,,,,,Gen11,,2.0,0.3,latest,fm_only,gif,cuda,,
14,pillars|Gen11,/u/home/llim/FMPCC/FM-PCC/logs/UAV_FM/uav-pillars/plans(Bf_DC-FIX)/flow_matching_v3_uav/H8_Dmodels.diffusion.FlowMatchingODE_9D,6,test,model_free_ctrlpid_stopgo,model_free,model_free,False,pillars,,,,,,,Gen11,,2.0,0.3,latest,fm_only,gif,cuda,,
14,pillars|Gen11,/u/home/llim/FMPCC/FM-PCC/logs/UAV_FM/uav-pillars/plans(Bf_DC-FIX)/flow_matching_v3_uav/H8_Dmodels.diffusion.FlowMatchingODE_9D,6,test,post_processing_ctrlpid_stopgo,post_processing,post_processing,False,pillars,,,,,,,Gen11,,2.0,0.3,latest,fm_only,gif,cuda,,
15,pillars|Gen11,/u/home/llim/FMPCC/FM-PCC/logs/UAV_FM/uav-pillars/plans(Bf_DC-FIX)/flow_matching_v3_uav/H8_Dmodels.diffusion.FlowMatchingODE_9D(pid_stop_go),6,test,diffuser_ctrlpid_stopgo,diffuser,diffuser,False,pillars,,,,,,,Gen11,,10.0,0.3,latest,fm_only,none,cuda,,
15,pillars|Gen11,/u/home/llim/FMPCC/FM-PCC/logs/UAV_FM/uav-pillars/plans(Bf_DC-FIX)/flow_matching_v3_uav/H8_Dmodels.diffusion.FlowMatchingODE_9D(pid_stop_go),6,test,dpcc-c_ctrlpid_stopgo,dpcc-c,dpcc-c,False,pillars,,,,,,,Gen11,,10.0,0.3,latest,fm_only,none,cuda,,
15,pillars|Gen11,/u/home/llim/FMPCC/FM-PCC/logs/UAV_FM/uav-pillars/plans(Bf_DC-FIX)/flow_matching_v3_uav/H8_Dmodels.diffusion.FlowMatchingODE_9D(pid_stop_go),6,test,dpcc-r_ctrlpid_stopgo,dpcc-r,dpcc-r,False,pillars,,,,,,,Gen11,,10.0,0.3,latest,fm_only,none,cuda,,
15,pillars|Gen11,/u/home/llim/FMPCC/FM-PCC/logs/UAV_FM/uav-pillars/plans(Bf_DC-FIX)/flow_matching_v3_uav/H8_Dmodels.diffusion.FlowMatchingODE_9D(pid_stop_go),6,test,dpcc-t_ctrlpid_stopgo,dpcc-t,dpcc-t,False,pillars,,,,,,,Gen11,,10.0,0.3,latest,fm_only,none,cuda,,
15,pillars|Gen11,/u/home/llim/FMPCC/FM-PCC/logs/UAV_FM/uav-pillars/plans(Bf_DC-FIX)/flow_matching_v3_uav/H8_Dmodels.diffusion.FlowMatchingODE_9D(pid_stop_go),6,test,gradient_ctrlpid_stopgo,gradient,gradient,False,pillars,,,,,,,Gen11,,10.0,0.3,latest,fm_only,none,cuda,,
15,pillars|Gen11,/u/home/llim/FMPCC/FM-PCC/logs/UAV_FM/uav-pillars/plans(Bf_DC-FIX)/flow_matching_v3_uav/H8_Dmodels.diffusion.FlowMatchingODE_9D(pid_stop_go),6,test,model_free_ctrlpid_stopgo,model_free,model_free,False,pillars,,,,,,,Gen11,,10.0,0.3,latest,fm_only,none,cuda,,
15,pillars|Gen11,/u/home/llim/FMPCC/FM-PCC/logs/UAV_FM/uav-pillars/plans(Bf_DC-FIX)/flow_matching_v3_uav/H8_Dmodels.diffusion.FlowMatchingODE_9D(pid_stop_go),6,test,post_processing_ctrlpid_stopgo,post_processing,post_processing,False,pillars,,,,,,,Gen11,,10.0,0.3,latest,fm_only,none,cuda,,
16,pillars|K20|Gen11,/u/home/llim/FMPCC/FM-PCC/logs/UAV_FM/uav-pillars/plans(Bf_Fix14)/flow_matching_v3_uav/H8_Dmodels.diffusion.FlowMatchingODE_9D/K20_mpc4_pid_stopgo_T0.5,6,test,pillars_bounds+dynamics+geo_bounds+halfspace+obstacles,bounds_free,bounds_free,False,pillars,,20.0,4.0,pid_stopgo,0.5,,Gen11,20.0,10.0,0.3,latest,fm_only,gif,cuda,,
16,pillars|K20|Gen11,/u/home/llim/FMPCC/FM-PCC/logs/UAV_FM/uav-pillars/plans(Bf_Fix14)/flow_matching_v3_uav/H8_Dmodels.diffusion.FlowMatchingODE_9D/K20_mpc4_pid_stopgo_T0.5,6,test,pillars_bounds+dynamics+geo_bounds+halfspace+obstacles,diffuser,diffuser,False,pillars,,20.0,4.0,pid_stopgo,0.5,,Gen11,20.0,10.0,0.3,latest,fm_only,gif,cuda,,
16,pillars|K20|Gen11,/u/home/llim/FMPCC/FM-PCC/logs/UAV_FM/uav-pillars/plans(Bf_Fix14)/flow_matching_v3_uav/H8_Dmodels.diffusion.FlowMatchingODE_9D/K20_mpc4_pid_stopgo_T0.5,6,test,pillars_bounds+dynamics+geo_bounds+halfspace+obstacles,dpcc-r,dpcc-r,False,pillars,,20.0,4.0,pid_stopgo,0.5,,Gen11,20.0,10.0,0.3,latest,fm_only,gif,cuda,,
16,pillars|K20|Gen11,/u/home/llim/FMPCC/FM-PCC/logs/UAV_FM/uav-pillars/plans(Bf_Fix14)/flow_matching_v3_uav/H8_Dmodels.diffusion.FlowMatchingODE_9D/K20_mpc4_pid_stopgo_T0.5,6,test,pillars_bounds+dynamics+geo_bounds+halfspace+obstacles,dpcc-r-tightened,dpcc-r,True,pillars,,20.0,4.0,pid_stopgo,0.5,,Gen11,20.0,,,,,,,,
16,pillars|K20|Gen11,/u/home/llim/FMPCC/FM-PCC/logs/UAV_FM/uav-pillars/plans(Bf_Fix14)/flow_matching_v3_uav/H8_Dmodels.diffusion.FlowMatchingODE_9D/K20_mpc4_pid_stopgo_T0.5,6,test,pillars_bounds+dynamics+geo_bounds+halfspace+obstacles,geo_free,geo_free,False,pillars,,20.0,4.0,pid_stopgo,0.5,,Gen11,20.0,10.0,0.3,latest,fm_only,gif,cuda,,
16,pillars|K20|Gen11,/u/home/llim/FMPCC/FM-PCC/logs/UAV_FM/uav-pillars/plans(Bf_Fix14)/flow_matching_v3_uav/H8_Dmodels.diffusion.FlowMatchingODE_9D/K20_mpc4_pid_stopgo_T0.5,6,test,pillars_bounds+dynamics+geo_bounds+halfspace+obstacles,geo_free-bounds_free,geo_free-bounds_free,False,pillars,,20.0,4.0,pid_stopgo,0.5,,Gen11,20.0,10.0,0.3,latest,fm_only,gif,cuda,,
16,pillars|K20|Gen11,/u/home/llim/FMPCC/FM-PCC/logs/UAV_FM/uav-pillars/plans(Bf_Fix14)/flow_matching_v3_uav/H8_Dmodels.diffusion.FlowMatchingODE_9D/K20_mpc4_pid_stopgo_T0.5,6,test,pillars_bounds+dynamics+geo_bounds+halfspace+obstacles,geo_free-model_free,geo_free-model_free,False,pillars,,20.0,4.0,pid_stopgo,0.5,,Gen11,20.0,10.0,0.3,latest,fm_only,gif,cuda,,
16,pillars|K20|Gen11,/u/home/llim/FMPCC/FM-PCC/logs/UAV_FM/uav-pillars/plans(Bf_Fix14)/flow_matching_v3_uav/H8_Dmodels.diffusion.FlowMatchingODE_9D/K20_mpc4_pid_stopgo_T0.5,6,test,pillars_bounds+dynamics+geo_bounds+halfspace+obstacles,gradient,gradient,False,pillars,,20.0,4.0,pid_stopgo,0.5,,Gen11,20.0,10.0,0.3,latest,fm_only,gif,cuda,,
16,pillars|K20|Gen11,/u/home/llim/FMPCC/FM-PCC/logs/UAV_FM/uav-pillars/plans(Bf_Fix14)/flow_matching_v3_uav/H8_Dmodels.diffusion.FlowMatchingODE_9D/K20_mpc4_pid_stopgo_T0.5,6,test,pillars_bounds+dynamics+geo_bounds+halfspace+obstacles,gradient-tightened,gradient,True,pillars,,20.0,4.0,pid_stopgo,0.5,,Gen11,20.0,10.0,0.3,latest,fm_only,gif,cuda,,
16,pillars|K20|Gen11,/u/home/llim/FMPCC/FM-PCC/logs/UAV_FM/uav-pillars/plans(Bf_Fix14)/flow_matching_v3_uav/H8_Dmodels.diffusion.FlowMatchingODE_9D/K20_mpc4_pid_stopgo_T0.5,6,test,pillars_bounds+dynamics+geo_bounds+halfspace+obstacles,model_free,model_free,False,pillars,,20.0,4.0,pid_stopgo,0.5,,Gen11,20.0,10.0,0.3,latest,fm_only,gif,cuda,,
16,pillars|K20|Gen11,/u/home/llim/FMPCC/FM-PCC/logs/UAV_FM/uav-pillars/plans(Bf_Fix14)/flow_matching_v3_uav/H8_Dmodels.diffusion.FlowMatchingODE_9D/K20_mpc4_pid_stopgo_T0.5,6,test,pillars_bounds+dynamics+geo_bounds+halfspace+obstacles,model_free-tightened,model_free,True,pillars,,20.0,4.0,pid_stopgo,0.5,,Gen11,20.0,10.0,0.3,latest,fm_only,gif,cuda,,
16,pillars|K20|Gen11,/u/home/llim/FMPCC/FM-PCC/logs/UAV_FM/uav-pillars/plans(Bf_Fix14)/flow_matching_v3_uav/H8_Dmodels.diffusion.FlowMatchingODE_9D/K20_mpc4_pid_stopgo_T0.5,6,test,pillars_bounds+dynamics+geo_bounds+halfspace+obstacles,post_processing,post_processing,False,pillars,,20.0,4.0,pid_stopgo,0.5,,Gen11,20.0,10.0,0.3,latest,fm_only,gif,cuda,,
16,pillars|K20|Gen11,/u/home/llim/FMPCC/FM-PCC/logs/UAV_FM/uav-pillars/plans(Bf_Fix14)/flow_matching_v3_uav/H8_Dmodels.diffusion.FlowMatchingODE_9D/K20_mpc4_pid_stopgo_T0.5,6,test,pillars_bounds+dynamics+geo_bounds+halfspace+obstacles,post_processing-tightened,post_processing,True,pillars,,20.0,4.0,pid_stopgo,0.5,,Gen11,20.0,10.0,0.3,latest,fm_only,gif,cuda,,
17,pillars|K20|Gen11,/u/home/llim/FMPCC/FM-PCC/logs/UAV_FM/uav-pillars/plans(Bf_U8)/flow_matching_v3_uav/H8_Dmodels.diffusion.FlowMatchingODE_9D/K20_mpc4_mjpc_T0.5,6,test,none,diffuser,diffuser,False,pillars,,20.0,4.0,mjpc,0.5,,Gen11,20.0,5.0,0.3,latest,fm_only,gif,cuda,,
17,pillars|K20|Gen11,/u/home/llim/FMPCC/FM-PCC/logs/UAV_FM/uav-pillars/plans(Bf_U8)/flow_matching_v3_uav/H8_Dmodels.diffusion.FlowMatchingODE_9D/K20_mpc4_mjpc_T0.5,6,test,none,dpcc-c,dpcc-c,False,pillars,,20.0,4.0,mjpc,0.5,,Gen11,20.0,5.0,0.3,latest,fm_only,gif,cuda,,
17,pillars|K20|Gen11,/u/home/llim/FMPCC/FM-PCC/logs/UAV_FM/uav-pillars/plans(Bf_U8)/flow_matching_v3_uav/H8_Dmodels.diffusion.FlowMatchingODE_9D/K20_mpc4_mjpc_T0.5,6,test,none,dpcc-r,dpcc-r,False,pillars,,20.0,4.0,mjpc,0.5,,Gen11,20.0,5.0,0.3,latest,fm_only,gif,cuda,,
17,pillars|K20|Gen11,/u/home/llim/FMPCC/FM-PCC/logs/UAV_FM/uav-pillars/plans(Bf_U8)/flow_matching_v3_uav/H8_Dmodels.diffusion.FlowMatchingODE_9D/K20_mpc4_mjpc_T0.5,6,test,none,dpcc-t,dpcc-t,False,pillars,,20.0,4.0,mjpc,0.5,,Gen11,20.0,5.0,0.3,latest,fm_only,gif,cuda,,
17,pillars|K20|Gen11,/u/home/llim/FMPCC/FM-PCC/logs/UAV_FM/uav-pillars/plans(Bf_U8)/flow_matching_v3_uav/H8_Dmodels.diffusion.FlowMatchingODE_9D/K20_mpc4_mjpc_T0.5,6,test,none,gradient,gradient,False,pillars,,20.0,4.0,mjpc,0.5,,Gen11,20.0,5.0,0.3,latest,fm_only,gif,cuda,,
17,pillars|K20|Gen11,/u/home/llim/FMPCC/FM-PCC/logs/UAV_FM/uav-pillars/plans(Bf_U8)/flow_matching_v3_uav/H8_Dmodels.diffusion.FlowMatchingODE_9D/K20_mpc4_mjpc_T0.5,6,test,none,model_free,model_free,False,pillars,,20.0,4.0,mjpc,0.5,,Gen11,20.0,5.0,0.3,latest,fm_only,gif,cuda,,
17,pillars|K20|Gen11,/u/home/llim/FMPCC/FM-PCC/logs/UAV_FM/uav-pillars/plans(Bf_U8)/flow_matching_v3_uav/H8_Dmodels.diffusion.FlowMatchingODE_9D/K20_mpc4_mjpc_T0.5,6,test,none,post_processing,post_processing,False,pillars,,20.0,4.0,mjpc,0.5,,Gen11,20.0,5.0,0.3,latest,fm_only,gif,cuda,,
18,pillars|K20|Gen11,/u/home/llim/FMPCC/FM-PCC/logs/UAV_FM/uav-pillars/plans(Bf_U8)/flow_matching_v3_uav/H8_Dmodels.diffusion.FlowMatchingODE_9D/K20_mpc4_pid_const_v_T0.5,6,test,none,diffuser,diffuser,False,pillars,,20.0,4.0,pid_const_v,0.5,,Gen11,20.0,5.0,0.3,latest,fm_only,gif,cuda,,
18,pillars|K20|Gen11,/u/home/llim/FMPCC/FM-PCC/logs/UAV_FM/uav-pillars/plans(Bf_U8)/flow_matching_v3_uav/H8_Dmodels.diffusion.FlowMatchingODE_9D/K20_mpc4_pid_const_v_T0.5,6,test,none,dpcc-c,dpcc-c,False,pillars,,20.0,4.0,pid_const_v,0.5,,Gen11,20.0,5.0,0.3,latest,fm_only,gif,cuda,,
18,pillars|K20|Gen11,/u/home/llim/FMPCC/FM-PCC/logs/UAV_FM/uav-pillars/plans(Bf_U8)/flow_matching_v3_uav/H8_Dmodels.diffusion.FlowMatchingODE_9D/K20_mpc4_pid_const_v_T0.5,6,test,none,dpcc-r,dpcc-r,False,pillars,,20.0,4.0,pid_const_v,0.5,,Gen11,20.0,5.0,0.3,latest,fm_only,gif,cuda,,
18,pillars|K20|Gen11,/u/home/llim/FMPCC/FM-PCC/logs/UAV_FM/uav-pillars/plans(Bf_U8)/flow_matching_v3_uav/H8_Dmodels.diffusion.FlowMatchingODE_9D/K20_mpc4_pid_const_v_T0.5,6,test,none,dpcc-t,dpcc-t,False,pillars,,20.0,4.0,pid_const_v,0.5,,Gen11,20.0,5.0,0.3,latest,fm_only,gif,cuda,,
18,pillars|K20|Gen11,/u/home/llim/FMPCC/FM-PCC/logs/UAV_FM/uav-pillars/plans(Bf_U8)/flow_matching_v3_uav/H8_Dmodels.diffusion.FlowMatchingODE_9D/K20_mpc4_pid_const_v_T0.5,6,test,none,gradient,gradient,False,pillars,,20.0,4.0,pid_const_v,0.5,,Gen11,20.0,5.0,0.3,latest,fm_only,gif,cuda,,
18,pillars|K20|Gen11,/u/home/llim/FMPCC/FM-PCC/logs/UAV_FM/uav-pillars/plans(Bf_U8)/flow_matching_v3_uav/H8_Dmodels.diffusion.FlowMatchingODE_9D/K20_mpc4_pid_const_v_T0.5,6,test,none,model_free,model_free,False,pillars,,20.0,4.0,pid_const_v,0.5,,Gen11,20.0,5.0,0.3,latest,fm_only,gif,cuda,,
18,pillars|K20|Gen11,/u/home/llim/FMPCC/FM-PCC/logs/UAV_FM/uav-pillars/plans(Bf_U8)/flow_matching_v3_uav/H8_Dmodels.diffusion.FlowMatchingODE_9D/K20_mpc4_pid_const_v_T0.5,6,test,none,post_processing,post_processing,False,pillars,,20.0,4.0,pid_const_v,0.5,,Gen11,20.0,5.0,0.3,latest,fm_only,gif,cuda,,
19,pillars|K20|Gen11,/u/home/llim/FMPCC/FM-PCC/logs/UAV_FM/uav-pillars/plans(Bf_U8)/flow_matching_v3_uav/H8_Dmodels.diffusion.FlowMatchingODE_9D/K20_mpc4_pid_stopgo_T0.5,6,test,(Fix4_action+geo_bounds) pillars_bounds+dynamics+halfspace+obstacles,diffuser,diffuser,False,pillars,,20.0,4.0,pid_stopgo,0.5,,Gen11,20.0,10.0,0.3,latest,fm_only,gif,cuda,,
19,pillars|K20|Gen11,/u/home/llim/FMPCC/FM-PCC/logs/UAV_FM/uav-pillars/plans(Bf_U8)/flow_matching_v3_uav/H8_Dmodels.diffusion.FlowMatchingODE_9D/K20_mpc4_pid_stopgo_T0.5,6,test,(Fix4_action+geo_bounds) pillars_bounds+dynamics+halfspace+obstacles,dpcc-r,dpcc-r,False,pillars,,20.0,4.0,pid_stopgo,0.5,,Gen11,20.0,,,,,,,,
19,pillars|K20|Gen11,/u/home/llim/FMPCC/FM-PCC/logs/UAV_FM/uav-pillars/plans(Bf_U8)/flow_matching_v3_uav/H8_Dmodels.diffusion.FlowMatchingODE_9D/K20_mpc4_pid_stopgo_T0.5,6,test,(Fix4_action+geo_bounds) pillars_bounds+dynamics+halfspace+obstacles,gradient,gradient,False,pillars,,20.0,4.0,pid_stopgo,0.5,,Gen11,20.0,10.0,0.3,latest,fm_only,gif,cuda,,
19,pillars|K20|Gen11,/u/home/llim/FMPCC/FM-PCC/logs/UAV_FM/uav-pillars/plans(Bf_U8)/flow_matching_v3_uav/H8_Dmodels.diffusion.FlowMatchingODE_9D/K20_mpc4_pid_stopgo_T0.5,6,test,(Fix4_action+geo_bounds) pillars_bounds+dynamics+halfspace+obstacles,gradient-tightened,gradient,True,pillars,,20.0,4.0,pid_stopgo,0.5,,Gen11,20.0,10.0,0.3,latest,fm_only,gif,cuda,,
19,pillars|K20|Gen11,/u/home/llim/FMPCC/FM-PCC/logs/UAV_FM/uav-pillars/plans(Bf_U8)/flow_matching_v3_uav/H8_Dmodels.diffusion.FlowMatchingODE_9D/K20_mpc4_pid_stopgo_T0.5,6,test,(Fix4_action+geo_bounds) pillars_bounds+dynamics+halfspace+obstacles,model_free,model_free,False,pillars,,20.0,4.0,pid_stopgo,0.5,,Gen11,20.0,10.0,0.3,latest,fm_only,gif,cuda,,
19,pillars|K20|Gen11,/u/home/llim/FMPCC/FM-PCC/logs/UAV_FM/uav-pillars/plans(Bf_U8)/flow_matching_v3_uav/H8_Dmodels.diffusion.FlowMatchingODE_9D/K20_mpc4_pid_stopgo_T0.5,6,test,(Fix4_action+geo_bounds) pillars_bounds+dynamics+halfspace+obstacles,model_free-tightened,model_free,True,pillars,,20.0,4.0,pid_stopgo,0.5,,Gen11,20.0,10.0,0.3,latest,fm_only,gif,cuda,,
19,pillars|K20|Gen11,/u/home/llim/FMPCC/FM-PCC/logs/UAV_FM/uav-pillars/plans(Bf_U8)/flow_matching_v3_uav/H8_Dmodels.diffusion.FlowMatchingODE_9D/K20_mpc4_pid_stopgo_T0.5,6,test,(Fix4_action+geo_bounds) pillars_bounds+dynamics+halfspace+obstacles,post_processing,post_processing,False,pillars,,20.0,4.0,pid_stopgo,0.5,,Gen11,20.0,10.0,0.3,latest,fm_only,gif,cuda,,
19,pillars|K20|Gen11,/u/home/llim/FMPCC/FM-PCC/logs/UAV_FM/uav-pillars/plans(Bf_U8)/flow_matching_v3_uav/H8_Dmodels.diffusion.FlowMatchingODE_9D/K20_mpc4_pid_stopgo_T0.5,6,test,(Fix4_action+geo_bounds) pillars_bounds+dynamics+halfspace+obstacles,post_processing-tightened,post_processing,True,pillars,,20.0,4.0,pid_stopgo,0.5,,Gen11,20.0,10.0,0.3,latest,fm_only,gif,cuda,,
19,pillars|K20|Gen11,/u/home/llim/FMPCC/FM-PCC/logs/UAV_FM/uav-pillars/plans(Bf_U8)/flow_matching_v3_uav/H8_Dmodels.diffusion.FlowMatchingODE_9D/K20_mpc4_pid_stopgo_T0.5,6,test,none,diffuser,diffuser,False,pillars,,20.0,4.0,pid_stopgo,0.5,,Gen11,20.0,5.0,0.3,latest,fm_only,gif,cuda,,
19,pillars|K20|Gen11,/u/home/llim/FMPCC/FM-PCC/logs/UAV_FM/uav-pillars/plans(Bf_U8)/flow_matching_v3_uav/H8_Dmodels.diffusion.FlowMatchingODE_9D/K20_mpc4_pid_stopgo_T0.5,6,test,none,dpcc-c,dpcc-c,False,pillars,,20.0,4.0,pid_stopgo,0.5,,Gen11,20.0,5.0,0.3,latest,fm_only,gif,cuda,,
19,pillars|K20|Gen11,/u/home/llim/FMPCC/FM-PCC/logs/UAV_FM/uav-pillars/plans(Bf_U8)/flow_matching_v3_uav/H8_Dmodels.diffusion.FlowMatchingODE_9D/K20_mpc4_pid_stopgo_T0.5,6,test,none,dpcc-r,dpcc-r,False,pillars,,20.0,4.0,pid_stopgo,0.5,,Gen11,20.0,5.0,0.3,latest,fm_only,gif,cuda,,
19,pillars|K20|Gen11,/u/home/llim/FMPCC/FM-PCC/logs/UAV_FM/uav-pillars/plans(Bf_U8)/flow_matching_v3_uav/H8_Dmodels.diffusion.FlowMatchingODE_9D/K20_mpc4_pid_stopgo_T0.5,6,test,none,dpcc-t,dpcc-t,False,pillars,,20.0,4.0,pid_stopgo,0.5,,Gen11,20.0,5.0,0.3,latest,fm_only,gif,cuda,,
19,pillars|K20|Gen11,/u/home/llim/FMPCC/FM-PCC/logs/UAV_FM/uav-pillars/plans(Bf_U8)/flow_matching_v3_uav/H8_Dmodels.diffusion.FlowMatchingODE_9D/K20_mpc4_pid_stopgo_T0.5,6,test,none,gradient,gradient,False,pillars,,20.0,4.0,pid_stopgo,0.5,,Gen11,20.0,5.0,0.3,latest,fm_only,gif,cuda,,
19,pillars|K20|Gen11,/u/home/llim/FMPCC/FM-PCC/logs/UAV_FM/uav-pillars/plans(Bf_U8)/flow_matching_v3_uav/H8_Dmodels.diffusion.FlowMatchingODE_9D/K20_mpc4_pid_stopgo_T0.5,6,test,none,model_free,model_free,False,pillars,,20.0,4.0,pid_stopgo,0.5,,Gen11,20.0,5.0,0.3,latest,fm_only,gif,cuda,,
19,pillars|K20|Gen11,/u/home/llim/FMPCC/FM-PCC/logs/UAV_FM/uav-pillars/plans(Bf_U8)/flow_matching_v3_uav/H8_Dmodels.diffusion.FlowMatchingODE_9D/K20_mpc4_pid_stopgo_T0.5,6,test,none,post_processing,post_processing,False,pillars,,20.0,4.0,pid_stopgo,0.5,,Gen11,20.0,5.0,0.3,latest,fm_only,gif,cuda,,
20,pillars|Gen11,/u/home/llim/FMPCC/FM-PCC/logs/UAV_FM/uav-pillars/plans(E7_U3)/flow_matching_v3_uav/H8_Dmodels.diffusion.FlowMatchingODE,6,test,none,diffuser,diffuser,False,pillars,,,,,,,Gen11,,2.0,0.3,latest,fm_only,gif,cuda,,
20,pillars|Gen11,/u/home/llim/FMPCC/FM-PCC/logs/UAV_FM/uav-pillars/plans(E7_U3)/flow_matching_v3_uav/H8_Dmodels.diffusion.FlowMatchingODE,6,test,none,dpcc-c,dpcc-c,False,pillars,,,,,,,Gen11,,2.0,0.3,latest,fm_only,gif,cuda,,
20,pillars|Gen11,/u/home/llim/FMPCC/FM-PCC/logs/UAV_FM/uav-pillars/plans(E7_U3)/flow_matching_v3_uav/H8_Dmodels.diffusion.FlowMatchingODE,6,test,none,dpcc-r,dpcc-r,False,pillars,,,,,,,Gen11,,2.0,0.3,latest,fm_only,gif,cuda,,
20,pillars|Gen11,/u/home/llim/FMPCC/FM-PCC/logs/UAV_FM/uav-pillars/plans(E7_U3)/flow_matching_v3_uav/H8_Dmodels.diffusion.FlowMatchingODE,6,test,none,dpcc-t,dpcc-t,False,pillars,,,,,,,Gen11,,2.0,0.3,latest,fm_only,gif,cuda,,
21,pillars|Gen11,/u/home/llim/FMPCC/FM-PCC/logs/UAV_FM/uav-pillars/plans(U1)/flow_matching_v3_uav/H8_Dmodels.diffusion.FlowMatchingODE,6,test,none,diffuser,diffuser,False,pillars,,,,,,,Gen11,,2.0,0.3,latest,fm_only,gif,cuda,,
21,pillars|Gen11,/u/home/llim/FMPCC/FM-PCC/logs/UAV_FM/uav-pillars/plans(U1)/flow_matching_v3_uav/H8_Dmodels.diffusion.FlowMatchingODE,6,test,none,dpcc-c,dpcc-c,False,pillars,,,,,,,Gen11,,2.0,0.3,latest,fm_only,gif,cuda,,
21,pillars|Gen11,/u/home/llim/FMPCC/FM-PCC/logs/UAV_FM/uav-pillars/plans(U1)/flow_matching_v3_uav/H8_Dmodels.diffusion.FlowMatchingODE,6,test,none,dpcc-r,dpcc-r,False,pillars,,,,,,,Gen11,,2.0,0.3,latest,fm_only,gif,cuda,,
21,pillars|Gen11,/u/home/llim/FMPCC/FM-PCC/logs/UAV_FM/uav-pillars/plans(U1)/flow_matching_v3_uav/H8_Dmodels.diffusion.FlowMatchingODE,6,test,none,dpcc-t,dpcc-t,False,pillars,,,,,,,Gen11,,2.0,0.3,latest,fm_only,gif,cuda,,
22,pillars|K20|Gen11,/u/home/llim/FMPCC/FM-PCC/logs/UAV_FM/uav-pillars/plans/flow_matching_v3_uav/H8_Dmodels.diffusion.FlowMatchingODE_9D/K20_mpc4_pid_stopgo_T0.5,6,test,pillars_bounds+dynamics+geo_bounds+obstacles,bounds_free,bounds_free,False,pillars,,20.0,4.0,pid_stopgo,0.5,,Gen11,20.0,10.0,0.3,latest,fm_only,gif,cuda,,
22,pillars|K20|Gen11,/u/home/llim/FMPCC/FM-PCC/logs/UAV_FM/uav-pillars/plans/flow_matching_v3_uav/H8_Dmodels.diffusion.FlowMatchingODE_9D/K20_mpc4_pid_stopgo_T0.5,6,test,pillars_bounds+dynamics+geo_bounds+obstacles,bounds_free-tightened,bounds_free,True,pillars,,20.0,4.0,pid_stopgo,0.5,,Gen11,20.0,10.0,0.3,latest,fm_only,gif,cuda,,
22,pillars|K20|Gen11,/u/home/llim/FMPCC/FM-PCC/logs/UAV_FM/uav-pillars/plans/flow_matching_v3_uav/H8_Dmodels.diffusion.FlowMatchingODE_9D/K20_mpc4_pid_stopgo_T0.5,6,test,pillars_bounds+dynamics+geo_bounds+obstacles,diffuser,diffuser,False,pillars,,20.0,4.0,pid_stopgo,0.5,,Gen11,20.0,10.0,0.3,latest,fm_only,gif,cuda,,
22,pillars|K20|Gen11,/u/home/llim/FMPCC/FM-PCC/logs/UAV_FM/uav-pillars/plans/flow_matching_v3_uav/H8_Dmodels.diffusion.FlowMatchingODE_9D/K20_mpc4_pid_stopgo_T0.5,6,test,pillars_bounds+dynamics+geo_bounds+obstacles,geo_free,geo_free,False,pillars,,20.0,4.0,pid_stopgo,0.5,,Gen11,20.0,10.0,0.3,latest,fm_only,gif,cuda,,
22,pillars|K20|Gen11,/u/home/llim/FMPCC/FM-PCC/logs/UAV_FM/uav-pillars/plans/flow_matching_v3_uav/H8_Dmodels.diffusion.FlowMatchingODE_9D/K20_mpc4_pid_stopgo_T0.5,6,test,pillars_bounds+dynamics+geo_bounds+obstacles,geo_free-bounds_free,geo_free-bounds_free,False,pillars,,20.0,4.0,pid_stopgo,0.5,,Gen11,20.0,10.0,0.3,latest,fm_only,gif,cuda,,
22,pillars|K20|Gen11,/u/home/llim/FMPCC/FM-PCC/logs/UAV_FM/uav-pillars/plans/flow_matching_v3_uav/H8_Dmodels.diffusion.FlowMatchingODE_9D/K20_mpc4_pid_stopgo_T0.5,6,test,pillars_bounds+dynamics+geo_bounds+obstacles,geo_free-model_free,geo_free-model_free,False,pillars,,20.0,4.0,pid_stopgo,0.5,,Gen11,20.0,10.0,0.3,latest,fm_only,gif,cuda,,
22,pillars|K20|Gen11,/u/home/llim/FMPCC/FM-PCC/logs/UAV_FM/uav-pillars/plans/flow_matching_v3_uav/H8_Dmodels.diffusion.FlowMatchingODE_9D/K20_mpc4_pid_stopgo_T0.5,6,test,pillars_bounds+dynamics+geo_bounds+obstacles,gradient,gradient,False,pillars,,20.0,4.0,pid_stopgo,0.5,,Gen11,20.0,10.0,0.3,latest,fm_only,gif,cuda,,
22,pillars|K20|Gen11,/u/home/llim/FMPCC/FM-PCC/logs/UAV_FM/uav-pillars/plans/flow_matching_v3_uav/H8_Dmodels.diffusion.FlowMatchingODE_9D/K20_mpc4_pid_stopgo_T0.5,6,test,pillars_bounds+dynamics+geo_bounds+obstacles,gradient-tightened,gradient,True,pillars,,20.0,4.0,pid_stopgo,0.5,,Gen11,20.0,10.0,0.3,latest,fm_only,gif,cuda,,
22,pillars|K20|Gen11,/u/home/llim/FMPCC/FM-PCC/logs/UAV_FM/uav-pillars/plans/flow_matching_v3_uav/H8_Dmodels.diffusion.FlowMatchingODE_9D/K20_mpc4_pid_stopgo_T0.5,6,test,pillars_bounds+dynamics+geo_bounds+obstacles,model_free,model_free,False,pillars,,20.0,4.0,pid_stopgo,0.5,,Gen11,20.0,10.0,0.3,latest,fm_only,gif,cuda,,
22,pillars|K20|Gen11,/u/home/llim/FMPCC/FM-PCC/logs/UAV_FM/uav-pillars/plans/flow_matching_v3_uav/H8_Dmodels.diffusion.FlowMatchingODE_9D/K20_mpc4_pid_stopgo_T0.5,6,test,pillars_bounds+dynamics+geo_bounds+obstacles,model_free-bounds_free,model_free-bounds_free,False,pillars,,20.0,4.0,pid_stopgo,0.5,,Gen11,20.0,10.0,0.3,latest,fm_only,gif,cuda,,
22,pillars|K20|Gen11,/u/home/llim/FMPCC/FM-PCC/logs/UAV_FM/uav-pillars/plans/flow_matching_v3_uav/H8_Dmodels.diffusion.FlowMatchingODE_9D/K20_mpc4_pid_stopgo_T0.5,6,test,pillars_bounds+dynamics+geo_bounds+obstacles,model_free-bounds_free-tightened,model_free-bounds_free,True,pillars,,20.0,4.0,pid_stopgo,0.5,,Gen11,20.0,10.0,0.3,latest,fm_only,gif,cuda,,
22,pillars|K20|Gen11,/u/home/llim/FMPCC/FM-PCC/logs/UAV_FM/uav-pillars/plans/flow_matching_v3_uav/H8_Dmodels.diffusion.FlowMatchingODE_9D/K20_mpc4_pid_stopgo_T0.5,6,test,pillars_bounds+dynamics+geo_bounds+obstacles,model_free-tightened,model_free,True,pillars,,20.0,4.0,pid_stopgo,0.5,,Gen11,20.0,10.0,0.3,latest,fm_only,gif,cuda,,
22,pillars|K20|Gen11,/u/home/llim/FMPCC/FM-PCC/logs/UAV_FM/uav-pillars/plans/flow_matching_v3_uav/H8_Dmodels.diffusion.FlowMatchingODE_9D/K20_mpc4_pid_stopgo_T0.5,6,test,pillars_bounds+dynamics+geo_bounds+obstacles,post_processing,post_processing,False,pillars,,20.0,4.0,pid_stopgo,0.5,,Gen11,20.0,10.0,0.3,latest,fm_only,gif,cuda,,
22,pillars|K20|Gen11,/u/home/llim/FMPCC/FM-PCC/logs/UAV_FM/uav-pillars/plans/flow_matching_v3_uav/H8_Dmodels.diffusion.FlowMatchingODE_9D/K20_mpc4_pid_stopgo_T0.5,6,test,pillars_bounds+dynamics+geo_bounds+obstacles,post_processing-tightened,post_processing,True,pillars,,20.0,4.0,pid_stopgo,0.5,,Gen11,20.0,10.0,0.3,latest,fm_only,gif,cuda,,
23,s_curve|Gen11,/u/home/llim/FMPCC/FM-PCC/logs/UAV_FM/uav-s_curve/plans(Bf_DC-FIX)/flow_matching_v3_uav/H8_Dmodels.diffusion.FlowMatchingODE,6,test,diffuser_anchorP,diffuser,diffuser,False,s_curve,,,,,,,Gen11,,10.0,0.3,latest,fm_only,none,cuda,,
23,s_curve|Gen11,/u/home/llim/FMPCC/FM-PCC/logs/UAV_FM/uav-s_curve/plans(Bf_DC-FIX)/flow_matching_v3_uav/H8_Dmodels.diffusion.FlowMatchingODE,6,test,dpcc-c_anchorP,dpcc-c,dpcc-c,False,s_curve,,,,,,,Gen11,,10.0,0.3,latest,fm_only,none,cuda,,
23,s_curve|Gen11,/u/home/llim/FMPCC/FM-PCC/logs/UAV_FM/uav-s_curve/plans(Bf_DC-FIX)/flow_matching_v3_uav/H8_Dmodels.diffusion.FlowMatchingODE,6,test,dpcc-r_anchorP,dpcc-r,dpcc-r,False,s_curve,,,,,,,Gen11,,10.0,0.3,latest,fm_only,none,cuda,,
23,s_curve|Gen11,/u/home/llim/FMPCC/FM-PCC/logs/UAV_FM/uav-s_curve/plans(Bf_DC-FIX)/flow_matching_v3_uav/H8_Dmodels.diffusion.FlowMatchingODE,6,test,dpcc-t_anchorP,dpcc-t,dpcc-t,False,s_curve,,,,,,,Gen11,,10.0,0.3,latest,fm_only,none,cuda,,
23,s_curve|Gen11,/u/home/llim/FMPCC/FM-PCC/logs/UAV_FM/uav-s_curve/plans(Bf_DC-FIX)/flow_matching_v3_uav/H8_Dmodels.diffusion.FlowMatchingODE,6,test,gradient_anchorP,gradient,gradient,False,s_curve,,,,,,,Gen11,,10.0,0.3,latest,fm_only,none,cuda,,
23,s_curve|Gen11,/u/home/llim/FMPCC/FM-PCC/logs/UAV_FM/uav-s_curve/plans(Bf_DC-FIX)/flow_matching_v3_uav/H8_Dmodels.diffusion.FlowMatchingODE,6,test,model_free_anchorP,model_free,model_free,False,s_curve,,,,,,,Gen11,,10.0,0.3,latest,fm_only,none,cuda,,
23,s_curve|Gen11,/u/home/llim/FMPCC/FM-PCC/logs/UAV_FM/uav-s_curve/plans(Bf_DC-FIX)/flow_matching_v3_uav/H8_Dmodels.diffusion.FlowMatchingODE,6,test,post_processing_anchorP,post_processing,post_processing,False,s_curve,,,,,,,Gen11,,10.0,0.3,latest,fm_only,none,cuda,,
24,s_curve|K20|Gen11,/u/home/llim/FMPCC/FM-PCC/logs/UAV_FM/uav-s_curve/plans(Bf_DC-FIX)/flow_matching_v3_uav/H8_Dmodels.diffusion.FlowMatchingODE_9D/K20_mpc4_pid_stopgo_T0.5,6,test,none,diffuser,diffuser,False,s_curve,,20.0,4.0,pid_stopgo,0.5,,Gen11,20.0,20.0,0.3,latest,fm_only,none,cuda,,
24,s_curve|K20|Gen11,/u/home/llim/FMPCC/FM-PCC/logs/UAV_FM/uav-s_curve/plans(Bf_DC-FIX)/flow_matching_v3_uav/H8_Dmodels.diffusion.FlowMatchingODE_9D/K20_mpc4_pid_stopgo_T0.5,6,test,none,dpcc-c,dpcc-c,False,s_curve,,20.0,4.0,pid_stopgo,0.5,,Gen11,20.0,20.0,0.3,latest,fm_only,none,cuda,,
24,s_curve|K20|Gen11,/u/home/llim/FMPCC/FM-PCC/logs/UAV_FM/uav-s_curve/plans(Bf_DC-FIX)/flow_matching_v3_uav/H8_Dmodels.diffusion.FlowMatchingODE_9D/K20_mpc4_pid_stopgo_T0.5,6,test,none,dpcc-r,dpcc-r,False,s_curve,,20.0,4.0,pid_stopgo,0.5,,Gen11,20.0,20.0,0.3,latest,fm_only,none,cuda,,
24,s_curve|K20|Gen11,/u/home/llim/FMPCC/FM-PCC/logs/UAV_FM/uav-s_curve/plans(Bf_DC-FIX)/flow_matching_v3_uav/H8_Dmodels.diffusion.FlowMatchingODE_9D/K20_mpc4_pid_stopgo_T0.5,6,test,none,dpcc-t,dpcc-t,False,s_curve,,20.0,4.0,pid_stopgo,0.5,,Gen11,20.0,20.0,0.3,latest,fm_only,none,cuda,,
24,s_curve|K20|Gen11,/u/home/llim/FMPCC/FM-PCC/logs/UAV_FM/uav-s_curve/plans(Bf_DC-FIX)/flow_matching_v3_uav/H8_Dmodels.diffusion.FlowMatchingODE_9D/K20_mpc4_pid_stopgo_T0.5,6,test,none,gradient,gradient,False,s_curve,,20.0,4.0,pid_stopgo,0.5,,Gen11,20.0,20.0,0.3,latest,fm_only,none,cuda,,
24,s_curve|K20|Gen11,/u/home/llim/FMPCC/FM-PCC/logs/UAV_FM/uav-s_curve/plans(Bf_DC-FIX)/flow_matching_v3_uav/H8_Dmodels.diffusion.FlowMatchingODE_9D/K20_mpc4_pid_stopgo_T0.5,6,test,none,model_free,model_free,False,s_curve,,20.0,4.0,pid_stopgo,0.5,,Gen11,20.0,20.0,0.3,latest,fm_only,none,cuda,,
24,s_curve|K20|Gen11,/u/home/llim/FMPCC/FM-PCC/logs/UAV_FM/uav-s_curve/plans(Bf_DC-FIX)/flow_matching_v3_uav/H8_Dmodels.diffusion.FlowMatchingODE_9D/K20_mpc4_pid_stopgo_T0.5,6,test,none,post_processing,post_processing,False,s_curve,,20.0,4.0,pid_stopgo,0.5,,Gen11,20.0,20.0,0.3,latest,fm_only,none,cuda,,
25,s_curve|K20|Gen11,/u/home/llim/FMPCC/FM-PCC/logs/UAV_FM/uav-s_curve/plans(Bf_DC-FIX)/flow_matching_v3_uav/H8_Dmodels.diffusion.FlowMatchingODE_9D/K20_mpc4_pid_stopgo_anchorP_T0.5,6,test,none,diffuser,diffuser,False,s_curve,,20.0,4.0,pid_stopgo_anchorP,0.5,,Gen11,20.0,20.0,0.3,latest,fm_only,gif,cuda,,
25,s_curve|K20|Gen11,/u/home/llim/FMPCC/FM-PCC/logs/UAV_FM/uav-s_curve/plans(Bf_DC-FIX)/flow_matching_v3_uav/H8_Dmodels.diffusion.FlowMatchingODE_9D/K20_mpc4_pid_stopgo_anchorP_T0.5,6,test,none,dpcc-c,dpcc-c,False,s_curve,,20.0,4.0,pid_stopgo_anchorP,0.5,,Gen11,20.0,20.0,0.3,latest,fm_only,gif,cuda,,
25,s_curve|K20|Gen11,/u/home/llim/FMPCC/FM-PCC/logs/UAV_FM/uav-s_curve/plans(Bf_DC-FIX)/flow_matching_v3_uav/H8_Dmodels.diffusion.FlowMatchingODE_9D/K20_mpc4_pid_stopgo_anchorP_T0.5,6,test,none,dpcc-r,dpcc-r,False,s_curve,,20.0,4.0,pid_stopgo_anchorP,0.5,,Gen11,20.0,20.0,0.3,latest,fm_only,gif,cuda,,
25,s_curve|K20|Gen11,/u/home/llim/FMPCC/FM-PCC/logs/UAV_FM/uav-s_curve/plans(Bf_DC-FIX)/flow_matching_v3_uav/H8_Dmodels.diffusion.FlowMatchingODE_9D/K20_mpc4_pid_stopgo_anchorP_T0.5,6,test,none,dpcc-t,dpcc-t,False,s_curve,,20.0,4.0,pid_stopgo_anchorP,0.5,,Gen11,20.0,20.0,0.3,latest,fm_only,gif,cuda,,
25,s_curve|K20|Gen11,/u/home/llim/FMPCC/FM-PCC/logs/UAV_FM/uav-s_curve/plans(Bf_DC-FIX)/flow_matching_v3_uav/H8_Dmodels.diffusion.FlowMatchingODE_9D/K20_mpc4_pid_stopgo_anchorP_T0.5,6,test,none,gradient,gradient,False,s_curve,,20.0,4.0,pid_stopgo_anchorP,0.5,,Gen11,20.0,20.0,0.3,latest,fm_only,gif,cuda,,
25,s_curve|K20|Gen11,/u/home/llim/FMPCC/FM-PCC/logs/UAV_FM/uav-s_curve/plans(Bf_DC-FIX)/flow_matching_v3_uav/H8_Dmodels.diffusion.FlowMatchingODE_9D/K20_mpc4_pid_stopgo_anchorP_T0.5,6,test,none,model_free,model_free,False,s_curve,,20.0,4.0,pid_stopgo_anchorP,0.5,,Gen11,20.0,20.0,0.3,latest,fm_only,gif,cuda,,
25,s_curve|K20|Gen11,/u/home/llim/FMPCC/FM-PCC/logs/UAV_FM/uav-s_curve/plans(Bf_DC-FIX)/flow_matching_v3_uav/H8_Dmodels.diffusion.FlowMatchingODE_9D/K20_mpc4_pid_stopgo_anchorP_T0.5,6,test,none,post_processing,post_processing,False,s_curve,,20.0,4.0,pid_stopgo_anchorP,0.5,,Gen11,20.0,20.0,0.3,latest,fm_only,gif,cuda,,
26,s_curve|Gen11,/u/home/llim/FMPCC/FM-PCC/logs/UAV_FM/uav-s_curve/plans(no_GIF)/flow_matching_v3_uav/H8_Dmodels.diffusion.FlowMatchingODE,6,test,none,fm_only,fm_only,False,s_curve,,,,,,,Gen11,,20.0,,latest,fm_only,none,cuda,,
27,s_curve|Gen11,/u/home/llim/FMPCC/FM-PCC/logs/UAV_FM/uav-s_curve/plans(with_gif_parts)/flow_matching_v3_uav/H8_Dmodels.diffusion.FlowMatchingODE,6,test,none,fm_only,fm_only,False,s_curve,,,,,,,Gen11,,,,,,,,,
28,s_curve|K20|Gen11,/u/home/llim/FMPCC/FM-PCC/logs/UAV_FM/uav-s_curve/plans/flow_matching_v3_uav/H8_Dmodels.diffusion.FlowMatchingODE_9D/K20_mpc4_pid_stopgo_T0.5,6,test,(Bf_U13)s_curve_bounds+dynamics+geo_bounds+halfspace+obstacles,bounds_free,bounds_free,False,s_curve,,20.0,4.0,pid_stopgo,0.5,,Gen11,20.0,10.0,0.3,latest,fm_only,gif,cuda,,
28,s_curve|K20|Gen11,/u/home/llim/FMPCC/FM-PCC/logs/UAV_FM/uav-s_curve/plans/flow_matching_v3_uav/H8_Dmodels.diffusion.FlowMatchingODE_9D/K20_mpc4_pid_stopgo_T0.5,6,test,(Bf_U13)s_curve_bounds+dynamics+geo_bounds+halfspace+obstacles,diffuser,diffuser,False,s_curve,,20.0,4.0,pid_stopgo,0.5,,Gen11,20.0,10.0,0.3,latest,fm_only,gif,cuda,,
28,s_curve|K20|Gen11,/u/home/llim/FMPCC/FM-PCC/logs/UAV_FM/uav-s_curve/plans/flow_matching_v3_uav/H8_Dmodels.diffusion.FlowMatchingODE_9D/K20_mpc4_pid_stopgo_T0.5,6,test,(Bf_U13)s_curve_bounds+dynamics+geo_bounds+halfspace+obstacles,dpcc-r,dpcc-r,False,s_curve,,20.0,4.0,pid_stopgo,0.5,,Gen11,20.0,10.0,0.3,latest,fm_only,gif,cuda,,
28,s_curve|K20|Gen11,/u/home/llim/FMPCC/FM-PCC/logs/UAV_FM/uav-s_curve/plans/flow_matching_v3_uav/H8_Dmodels.diffusion.FlowMatchingODE_9D/K20_mpc4_pid_stopgo_T0.5,6,test,(Bf_U13)s_curve_bounds+dynamics+geo_bounds+halfspace+obstacles,dpcc-r-tightened,dpcc-r,True,s_curve,,20.0,4.0,pid_stopgo,0.5,,Gen11,20.0,,,,,,,,
28,s_curve|K20|Gen11,/u/home/llim/FMPCC/FM-PCC/logs/UAV_FM/uav-s_curve/plans/flow_matching_v3_uav/H8_Dmodels.diffusion.FlowMatchingODE_9D/K20_mpc4_pid_stopgo_T0.5,6,test,(Bf_U13)s_curve_bounds+dynamics+geo_bounds+halfspace+obstacles,geo_free,geo_free,False,s_curve,,20.0,4.0,pid_stopgo,0.5,,Gen11,20.0,10.0,0.3,latest,fm_only,gif,cuda,,
28,s_curve|K20|Gen11,/u/home/llim/FMPCC/FM-PCC/logs/UAV_FM/uav-s_curve/plans/flow_matching_v3_uav/H8_Dmodels.diffusion.FlowMatchingODE_9D/K20_mpc4_pid_stopgo_T0.5,6,test,(Bf_U13)s_curve_bounds+dynamics+geo_bounds+halfspace+obstacles,geo_free-bounds_free,geo_free-bounds_free,False,s_curve,,20.0,4.0,pid_stopgo,0.5,,Gen11,20.0,10.0,0.3,latest,fm_only,gif,cuda,,
28,s_curve|K20|Gen11,/u/home/llim/FMPCC/FM-PCC/logs/UAV_FM/uav-s_curve/plans/flow_matching_v3_uav/H8_Dmodels.diffusion.FlowMatchingODE_9D/K20_mpc4_pid_stopgo_T0.5,6,test,(Bf_U13)s_curve_bounds+dynamics+geo_bounds+halfspace+obstacles,geo_free-model_free,geo_free-model_free,False,s_curve,,20.0,4.0,pid_stopgo,0.5,,Gen11,20.0,10.0,0.3,latest,fm_only,gif,cuda,,
28,s_curve|K20|Gen11,/u/home/llim/FMPCC/FM-PCC/logs/UAV_FM/uav-s_curve/plans/flow_matching_v3_uav/H8_Dmodels.diffusion.FlowMatchingODE_9D/K20_mpc4_pid_stopgo_T0.5,6,test,(Bf_U13)s_curve_bounds+dynamics+geo_bounds+halfspace+obstacles,gradient,gradient,False,s_curve,,20.0,4.0,pid_stopgo,0.5,,Gen11,20.0,10.0,0.3,latest,fm_only,gif,cuda,,
28,s_curve|K20|Gen11,/u/home/llim/FMPCC/FM-PCC/logs/UAV_FM/uav-s_curve/plans/flow_matching_v3_uav/H8_Dmodels.diffusion.FlowMatchingODE_9D/K20_mpc4_pid_stopgo_T0.5,6,test,(Bf_U13)s_curve_bounds+dynamics+geo_bounds+halfspace+obstacles,gradient-tightened,gradient,True,s_curve,,20.0,4.0,pid_stopgo,0.5,,Gen11,20.0,10.0,0.3,latest,fm_only,gif,cuda,,
28,s_curve|K20|Gen11,/u/home/llim/FMPCC/FM-PCC/logs/UAV_FM/uav-s_curve/plans/flow_matching_v3_uav/H8_Dmodels.diffusion.FlowMatchingODE_9D/K20_mpc4_pid_stopgo_T0.5,6,test,(Bf_U13)s_curve_bounds+dynamics+geo_bounds+halfspace+obstacles,model_free,model_free,False,s_curve,,20.0,4.0,pid_stopgo,0.5,,Gen11,20.0,10.0,0.3,latest,fm_only,gif,cuda,,
28,s_curve|K20|Gen11,/u/home/llim/FMPCC/FM-PCC/logs/UAV_FM/uav-s_curve/plans/flow_matching_v3_uav/H8_Dmodels.diffusion.FlowMatchingODE_9D/K20_mpc4_pid_stopgo_T0.5,6,test,(Bf_U13)s_curve_bounds+dynamics+geo_bounds+halfspace+obstacles,model_free-tightened,model_free,True,s_curve,,20.0,4.0,pid_stopgo,0.5,,Gen11,20.0,10.0,0.3,latest,fm_only,gif,cuda,,
28,s_curve|K20|Gen11,/u/home/llim/FMPCC/FM-PCC/logs/UAV_FM/uav-s_curve/plans/flow_matching_v3_uav/H8_Dmodels.diffusion.FlowMatchingODE_9D/K20_mpc4_pid_stopgo_T0.5,6,test,(Bf_U13)s_curve_bounds+dynamics+geo_bounds+halfspace+obstacles,post_processing,post_processing,False,s_curve,,20.0,4.0,pid_stopgo,0.5,,Gen11,20.0,10.0,0.3,latest,fm_only,gif,cuda,,
28,s_curve|K20|Gen11,/u/home/llim/FMPCC/FM-PCC/logs/UAV_FM/uav-s_curve/plans/flow_matching_v3_uav/H8_Dmodels.diffusion.FlowMatchingODE_9D/K20_mpc4_pid_stopgo_T0.5,6,test,(Bf_U13)s_curve_bounds+dynamics+geo_bounds+halfspace+obstacles,post_processing-tightened,post_processing,True,s_curve,,20.0,4.0,pid_stopgo,0.5,,Gen11,20.0,10.0,0.3,latest,fm_only,gif,cuda,,
28,s_curve|K20|Gen11,/u/home/llim/FMPCC/FM-PCC/logs/UAV_FM/uav-s_curve/plans/flow_matching_v3_uav/H8_Dmodels.diffusion.FlowMatchingODE_9D/K20_mpc4_pid_stopgo_T0.5,6,test,legacy(Bf_U8_debug)/s_curve_bounds+dynamics,diffuser,diffuser,False,s_curve,,20.0,4.0,pid_stopgo,0.5,,Gen11,20.0,10.0,0.3,latest,fm_only,gif,cuda,,
28,s_curve|K20|Gen11,/u/home/llim/FMPCC/FM-PCC/logs/UAV_FM/uav-s_curve/plans/flow_matching_v3_uav/H8_Dmodels.diffusion.FlowMatchingODE_9D/K20_mpc4_pid_stopgo_T0.5,6,test,legacy(Bf_U8_debug)/s_curve_bounds+dynamics,dpcc-c,dpcc-c,False,s_curve,,20.0,4.0,pid_stopgo,0.5,,Gen11,20.0,10.0,0.3,latest,fm_only,gif,cuda,,
28,s_curve|K20|Gen11,/u/home/llim/FMPCC/FM-PCC/logs/UAV_FM/uav-s_curve/plans/flow_matching_v3_uav/H8_Dmodels.diffusion.FlowMatchingODE_9D/K20_mpc4_pid_stopgo_T0.5,6,test,legacy(Bf_U8_debug)/s_curve_bounds+dynamics,dpcc-r,dpcc-r,False,s_curve,,20.0,4.0,pid_stopgo,0.5,,Gen11,20.0,10.0,0.3,latest,fm_only,gif,cuda,,
28,s_curve|K20|Gen11,/u/home/llim/FMPCC/FM-PCC/logs/UAV_FM/uav-s_curve/plans/flow_matching_v3_uav/H8_Dmodels.diffusion.FlowMatchingODE_9D/K20_mpc4_pid_stopgo_T0.5,6,test,legacy(Bf_U8_debug)/s_curve_bounds+dynamics,dpcc-t,dpcc-t,False,s_curve,,20.0,4.0,pid_stopgo,0.5,,Gen11,20.0,10.0,0.3,latest,fm_only,gif,cuda,,
28,s_curve|K20|Gen11,/u/home/llim/FMPCC/FM-PCC/logs/UAV_FM/uav-s_curve/plans/flow_matching_v3_uav/H8_Dmodels.diffusion.FlowMatchingODE_9D/K20_mpc4_pid_stopgo_T0.5,6,test,legacy(Bf_U8_debug)/s_curve_bounds+dynamics,gradient,gradient,False,s_curve,,20.0,4.0,pid_stopgo,0.5,,Gen11,20.0,10.0,0.3,latest,fm_only,gif,cuda,,
28,s_curve|K20|Gen11,/u/home/llim/FMPCC/FM-PCC/logs/UAV_FM/uav-s_curve/plans/flow_matching_v3_uav/H8_Dmodels.diffusion.FlowMatchingODE_9D/K20_mpc4_pid_stopgo_T0.5,6,test,legacy(Bf_U8_debug)/s_curve_bounds+dynamics,model_free,model_free,False,s_curve,,20.0,4.0,pid_stopgo,0.5,,Gen11,20.0,10.0,0.3,latest,fm_only,gif,cuda,,
28,s_curve|K20|Gen11,/u/home/llim/FMPCC/FM-PCC/logs/UAV_FM/uav-s_curve/plans/flow_matching_v3_uav/H8_Dmodels.diffusion.FlowMatchingODE_9D/K20_mpc4_pid_stopgo_T0.5,6,test,legacy(Bf_U8_debug)/s_curve_bounds+dynamics,post_processing,post_processing,False,s_curve,,20.0,4.0,pid_stopgo,0.5,,Gen11,20.0,10.0,0.3,latest,fm_only,gif,cuda,,
28,s_curve|K20|Gen11,/u/home/llim/FMPCC/FM-PCC/logs/UAV_FM/uav-s_curve/plans/flow_matching_v3_uav/H8_Dmodels.diffusion.FlowMatchingODE_9D/K20_mpc4_pid_stopgo_T0.5,6,test,legacy(Bf_U8_debug)/s_curve_bounds+dynamics+geo_bounds+halfspace+obstacles,diffuser,diffuser,False,s_curve,,20.0,4.0,pid_stopgo,0.5,,Gen11,20.0,10.0,0.3,latest,fm_only,gif,cuda,,
28,s_curve|K20|Gen11,/u/home/llim/FMPCC/FM-PCC/logs/UAV_FM/uav-s_curve/plans/flow_matching_v3_uav/H8_Dmodels.diffusion.FlowMatchingODE_9D/K20_mpc4_pid_stopgo_T0.5,6,test,legacy(Bf_U8_debug)/s_curve_bounds+dynamics+geo_bounds+halfspace+obstacles,gradient,gradient,False,s_curve,,20.0,4.0,pid_stopgo,0.5,,Gen11,20.0,10.0,0.3,latest,fm_only,gif,cuda,,
28,s_curve|K20|Gen11,/u/home/llim/FMPCC/FM-PCC/logs/UAV_FM/uav-s_curve/plans/flow_matching_v3_uav/H8_Dmodels.diffusion.FlowMatchingODE_9D/K20_mpc4_pid_stopgo_T0.5,6,test,legacy(Bf_U8_debug)/s_curve_bounds+dynamics+geo_bounds+halfspace+obstacles,gradient-tightened,gradient,True,s_curve,,20.0,4.0,pid_stopgo,0.5,,Gen11,20.0,10.0,0.3,latest,fm_only,gif,cuda,,
28,s_curve|K20|Gen11,/u/home/llim/FMPCC/FM-PCC/logs/UAV_FM/uav-s_curve/plans/flow_matching_v3_uav/H8_Dmodels.diffusion.FlowMatchingODE_9D/K20_mpc4_pid_stopgo_T0.5,6,test,legacy(Bf_U8_debug)/s_curve_bounds+dynamics+geo_bounds+halfspace+obstacles,model_free,model_free,False,s_curve,,20.0,4.0,pid_stopgo,0.5,,Gen11,20.0,10.0,0.3,latest,fm_only,gif,cuda,,
28,s_curve|K20|Gen11,/u/home/llim/FMPCC/FM-PCC/logs/UAV_FM/uav-s_curve/plans/flow_matching_v3_uav/H8_Dmodels.diffusion.FlowMatchingODE_9D/K20_mpc4_pid_stopgo_T0.5,6,test,legacy(Bf_U8_debug)/s_curve_bounds+dynamics+geo_bounds+halfspace+obstacles,model_free-tightened,model_free,True,s_curve,,20.0,4.0,pid_stopgo,0.5,,Gen11,20.0,10.0,0.3,latest,fm_only,gif,cuda,,
28,s_curve|K20|Gen11,/u/home/llim/FMPCC/FM-PCC/logs/UAV_FM/uav-s_curve/plans/flow_matching_v3_uav/H8_Dmodels.diffusion.FlowMatchingODE_9D/K20_mpc4_pid_stopgo_T0.5,6,test,legacy(Bf_U8_debug)/s_curve_bounds+dynamics+geo_bounds+halfspace+obstacles,post_processing,post_processing,False,s_curve,,20.0,4.0,pid_stopgo,0.5,,Gen11,20.0,10.0,0.3,latest,fm_only,gif,cuda,,
28,s_curve|K20|Gen11,/u/home/llim/FMPCC/FM-PCC/logs/UAV_FM/uav-s_curve/plans/flow_matching_v3_uav/H8_Dmodels.diffusion.FlowMatchingODE_9D/K20_mpc4_pid_stopgo_T0.5,6,test,legacy(Bf_U8_debug)/s_curve_bounds+dynamics+geo_bounds+halfspace+obstacles,post_processing-tightened,post_processing,True,s_curve,,20.0,4.0,pid_stopgo,0.5,,Gen11,20.0,10.0,0.3,latest,fm_only,gif,cuda,,
28,s_curve|K20|Gen11,/u/home/llim/FMPCC/FM-PCC/logs/UAV_FM/uav-s_curve/plans/flow_matching_v3_uav/H8_Dmodels.diffusion.FlowMatchingODE_9D/K20_mpc4_pid_stopgo_T0.5,6,test,legacy(Bf_U8_debug)/s_curve_bounds+dynamics+geo_bounds+halfspace+obstacles/s_curve_bounds+dynamics+geo_bounds+halfspace+obstacles,gradient,gradient,False,s_curve,,20.0,4.0,pid_stopgo,0.5,,Gen11,20.0,,,,,,,,
28,s_curve|K20|Gen11,/u/home/llim/FMPCC/FM-PCC/logs/UAV_FM/uav-s_curve/plans/flow_matching_v3_uav/H8_Dmodels.diffusion.FlowMatchingODE_9D/K20_mpc4_pid_stopgo_T0.5,6,test,legacy(Bf_U8_debug)/s_curve_dynamics,diffuser,diffuser,False,s_curve,,20.0,4.0,pid_stopgo,0.5,,Gen11,20.0,10.0,0.3,latest,fm_only,gif,cuda,,
28,s_curve|K20|Gen11,/u/home/llim/FMPCC/FM-PCC/logs/UAV_FM/uav-s_curve/plans/flow_matching_v3_uav/H8_Dmodels.diffusion.FlowMatchingODE_9D/K20_mpc4_pid_stopgo_T0.5,6,test,legacy(Bf_U8_debug)/s_curve_dynamics,dpcc-c,dpcc-c,False,s_curve,,20.0,4.0,pid_stopgo,0.5,,Gen11,20.0,10.0,0.3,latest,fm_only,gif,cuda,,
28,s_curve|K20|Gen11,/u/home/llim/FMPCC/FM-PCC/logs/UAV_FM/uav-s_curve/plans/flow_matching_v3_uav/H8_Dmodels.diffusion.FlowMatchingODE_9D/K20_mpc4_pid_stopgo_T0.5,6,test,legacy(Bf_U8_debug)/s_curve_dynamics,dpcc-r,dpcc-r,False,s_curve,,20.0,4.0,pid_stopgo,0.5,,Gen11,20.0,10.0,0.3,latest,fm_only,gif,cuda,,
28,s_curve|K20|Gen11,/u/home/llim/FMPCC/FM-PCC/logs/UAV_FM/uav-s_curve/plans/flow_matching_v3_uav/H8_Dmodels.diffusion.FlowMatchingODE_9D/K20_mpc4_pid_stopgo_T0.5,6,test,legacy(Bf_U8_debug)/s_curve_dynamics,dpcc-t,dpcc-t,False,s_curve,,20.0,4.0,pid_stopgo,0.5,,Gen11,20.0,10.0,0.3,latest,fm_only,gif,cuda,,
28,s_curve|K20|Gen11,/u/home/llim/FMPCC/FM-PCC/logs/UAV_FM/uav-s_curve/plans/flow_matching_v3_uav/H8_Dmodels.diffusion.FlowMatchingODE_9D/K20_mpc4_pid_stopgo_T0.5,6,test,legacy(Bf_U8_debug)/s_curve_dynamics,gradient,gradient,False,s_curve,,20.0,4.0,pid_stopgo,0.5,,Gen11,20.0,10.0,0.3,latest,fm_only,gif,cuda,,
28,s_curve|K20|Gen11,/u/home/llim/FMPCC/FM-PCC/logs/UAV_FM/uav-s_curve/plans/flow_matching_v3_uav/H8_Dmodels.diffusion.FlowMatchingODE_9D/K20_mpc4_pid_stopgo_T0.5,6,test,legacy(Bf_U8_debug)/s_curve_dynamics,model_free,model_free,False,s_curve,,20.0,4.0,pid_stopgo,0.5,,Gen11,20.0,10.0,0.3,latest,fm_only,gif,cuda,,
28,s_curve|K20|Gen11,/u/home/llim/FMPCC/FM-PCC/logs/UAV_FM/uav-s_curve/plans/flow_matching_v3_uav/H8_Dmodels.diffusion.FlowMatchingODE_9D/K20_mpc4_pid_stopgo_T0.5,6,test,legacy(Bf_U8_debug)/s_curve_dynamics,post_processing,post_processing,False,s_curve,,20.0,4.0,pid_stopgo,0.5,,Gen11,20.0,10.0,0.3,latest,fm_only,gif,cuda,,
28,s_curve|K20|Gen11,/u/home/llim/FMPCC/FM-PCC/logs/UAV_FM/uav-s_curve/plans/flow_matching_v3_uav/H8_Dmodels.diffusion.FlowMatchingODE_9D/K20_mpc4_pid_stopgo_T0.5,6,test,s_curve_bounds+dynamics+geo_bounds+halfspace+obstacles,bounds_free,bounds_free,False,s_curve,,20.0,4.0,pid_stopgo,0.5,,Gen11,20.0,10.0,0.3,latest,fm_only,gif,cuda,,
28,s_curve|K20|Gen11,/u/home/llim/FMPCC/FM-PCC/logs/UAV_FM/uav-s_curve/plans/flow_matching_v3_uav/H8_Dmodels.diffusion.FlowMatchingODE_9D/K20_mpc4_pid_stopgo_T0.5,6,test,s_curve_bounds+dynamics+geo_bounds+halfspace+obstacles,diffuser,diffuser,False,s_curve,,20.0,4.0,pid_stopgo,0.5,,Gen11,20.0,10.0,0.3,latest,fm_only,gif,cuda,,
28,s_curve|K20|Gen11,/u/home/llim/FMPCC/FM-PCC/logs/UAV_FM/uav-s_curve/plans/flow_matching_v3_uav/H8_Dmodels.diffusion.FlowMatchingODE_9D/K20_mpc4_pid_stopgo_T0.5,6,test,s_curve_bounds+dynamics+geo_bounds+halfspace+obstacles,dpcc-c,dpcc-c,False,s_curve,,20.0,4.0,pid_stopgo,0.5,,Gen11,20.0,10.0,0.3,latest,fm_only,gif,cuda,,
28,s_curve|K20|Gen11,/u/home/llim/FMPCC/FM-PCC/logs/UAV_FM/uav-s_curve/plans/flow_matching_v3_uav/H8_Dmodels.diffusion.FlowMatchingODE_9D/K20_mpc4_pid_stopgo_T0.5,6,test,s_curve_bounds+dynamics+geo_bounds+halfspace+obstacles,dpcc-c-tightened,dpcc-c,True,s_curve,,20.0,4.0,pid_stopgo,0.5,,Gen11,20.0,10.0,0.3,latest,fm_only,gif,cuda,,
28,s_curve|K20|Gen11,/u/home/llim/FMPCC/FM-PCC/logs/UAV_FM/uav-s_curve/plans/flow_matching_v3_uav/H8_Dmodels.diffusion.FlowMatchingODE_9D/K20_mpc4_pid_stopgo_T0.5,6,test,s_curve_bounds+dynamics+geo_bounds+halfspace+obstacles,dpcc-r,dpcc-r,False,s_curve,,20.0,4.0,pid_stopgo,0.5,,Gen11,20.0,10.0,0.3,latest,fm_only,gif,cuda,,
28,s_curve|K20|Gen11,/u/home/llim/FMPCC/FM-PCC/logs/UAV_FM/uav-s_curve/plans/flow_matching_v3_uav/H8_Dmodels.diffusion.FlowMatchingODE_9D/K20_mpc4_pid_stopgo_T0.5,6,test,s_curve_bounds+dynamics+geo_bounds+halfspace+obstacles,dpcc-r-tightened,dpcc-r,True,s_curve,,20.0,4.0,pid_stopgo,0.5,,Gen11,20.0,10.0,0.3,latest,fm_only,gif,cuda,,
28,s_curve|K20|Gen11,/u/home/llim/FMPCC/FM-PCC/logs/UAV_FM/uav-s_curve/plans/flow_matching_v3_uav/H8_Dmodels.diffusion.FlowMatchingODE_9D/K20_mpc4_pid_stopgo_T0.5,6,test,s_curve_bounds+dynamics+geo_bounds+halfspace+obstacles,dpcc-t,dpcc-t,False,s_curve,,20.0,4.0,pid_stopgo,0.5,,Gen11,20.0,10.0,0.3,latest,fm_only,gif,cuda,,
28,s_curve|K20|Gen11,/u/home/llim/FMPCC/FM-PCC/logs/UAV_FM/uav-s_curve/plans/flow_matching_v3_uav/H8_Dmodels.diffusion.FlowMatchingODE_9D/K20_mpc4_pid_stopgo_T0.5,6,test,s_curve_bounds+dynamics+geo_bounds+halfspace+obstacles,dpcc-t-tightened,dpcc-t,True,s_curve,,20.0,4.0,pid_stopgo,0.5,,Gen11,20.0,10.0,0.3,latest,fm_only,gif,cuda,,
28,s_curve|K20|Gen11,/u/home/llim/FMPCC/FM-PCC/logs/UAV_FM/uav-s_curve/plans/flow_matching_v3_uav/H8_Dmodels.diffusion.FlowMatchingODE_9D/K20_mpc4_pid_stopgo_T0.5,6,test,s_curve_bounds+dynamics+geo_bounds+halfspace+obstacles,geo_free,geo_free,False,s_curve,,20.0,4.0,pid_stopgo,0.5,,Gen11,20.0,10.0,0.3,latest,fm_only,gif,cuda,,
28,s_curve|K20|Gen11,/u/home/llim/FMPCC/FM-PCC/logs/UAV_FM/uav-s_curve/plans/flow_matching_v3_uav/H8_Dmodels.diffusion.FlowMatchingODE_9D/K20_mpc4_pid_stopgo_T0.5,6,test,s_curve_bounds+dynamics+geo_bounds+halfspace+obstacles,geo_free-bounds_free,geo_free-bounds_free,False,s_curve,,20.0,4.0,pid_stopgo,0.5,,Gen11,20.0,10.0,0.3,latest,fm_only,gif,cuda,,
28,s_curve|K20|Gen11,/u/home/llim/FMPCC/FM-PCC/logs/UAV_FM/uav-s_curve/plans/flow_matching_v3_uav/H8_Dmodels.diffusion.FlowMatchingODE_9D/K20_mpc4_pid_stopgo_T0.5,6,test,s_curve_bounds+dynamics+geo_bounds+halfspace+obstacles,geo_free-model_free,geo_free-model_free,False,s_curve,,20.0,4.0,pid_stopgo,0.5,,Gen11,20.0,10.0,0.3,latest,fm_only,gif,cuda,,
28,s_curve|K20|Gen11,/u/home/llim/FMPCC/FM-PCC/logs/UAV_FM/uav-s_curve/plans/flow_matching_v3_uav/H8_Dmodels.diffusion.FlowMatchingODE_9D/K20_mpc4_pid_stopgo_T0.5,6,test,s_curve_bounds+dynamics+geo_bounds+halfspace+obstacles,gradient,gradient,False,s_curve,,20.0,4.0,pid_stopgo,0.5,,Gen11,20.0,10.0,0.3,latest,fm_only,gif,cuda,,
28,s_curve|K20|Gen11,/u/home/llim/FMPCC/FM-PCC/logs/UAV_FM/uav-s_curve/plans/flow_matching_v3_uav/H8_Dmodels.diffusion.FlowMatchingODE_9D/K20_mpc4_pid_stopgo_T0.5,6,test,s_curve_bounds+dynamics+geo_bounds+halfspace+obstacles,gradient-tightened,gradient,True,s_curve,,20.0,4.0,pid_stopgo,0.5,,Gen11,20.0,10.0,0.3,latest,fm_only,gif,cuda,,
28,s_curve|K20|Gen11,/u/home/llim/FMPCC/FM-PCC/logs/UAV_FM/uav-s_curve/plans/flow_matching_v3_uav/H8_Dmodels.diffusion.FlowMatchingODE_9D/K20_mpc4_pid_stopgo_T0.5,6,test,s_curve_bounds+dynamics+geo_bounds+halfspace+obstacles,model_free,model_free,False,s_curve,,20.0,4.0,pid_stopgo,0.5,,Gen11,20.0,10.0,0.3,latest,fm_only,gif,cuda,,
28,s_curve|K20|Gen11,/u/home/llim/FMPCC/FM-PCC/logs/UAV_FM/uav-s_curve/plans/flow_matching_v3_uav/H8_Dmodels.diffusion.FlowMatchingODE_9D/K20_mpc4_pid_stopgo_T0.5,6,test,s_curve_bounds+dynamics+geo_bounds+halfspace+obstacles,model_free-tightened,model_free,True,s_curve,,20.0,4.0,pid_stopgo,0.5,,Gen11,20.0,10.0,0.3,latest,fm_only,gif,cuda,,
28,s_curve|K20|Gen11,/u/home/llim/FMPCC/FM-PCC/logs/UAV_FM/uav-s_curve/plans/flow_matching_v3_uav/H8_Dmodels.diffusion.FlowMatchingODE_9D/K20_mpc4_pid_stopgo_T0.5,6,test,s_curve_bounds+dynamics+geo_bounds+halfspace+obstacles,post_processing,post_processing,False,s_curve,,20.0,4.0,pid_stopgo,0.5,,Gen11,20.0,10.0,0.3,latest,fm_only,gif,cuda,,
28,s_curve|K20|Gen11,/u/home/llim/FMPCC/FM-PCC/logs/UAV_FM/uav-s_curve/plans/flow_matching_v3_uav/H8_Dmodels.diffusion.FlowMatchingODE_9D/K20_mpc4_pid_stopgo_T0.5,6,test,s_curve_bounds+dynamics+geo_bounds+halfspace+obstacles,post_processing-tightened,post_processing,True,s_curve,,20.0,4.0,pid_stopgo,0.5,,Gen11,20.0,10.0,0.3,latest,fm_only,gif,cuda,,
29,corridor|af|K1|bbsit,/u/home/llim/FMPCC/FM-PCC/logs/UAV_MIX/uav-corridor/plans/mix_uav_af/H8_Dmodels.af_diffusion.AlphaFlowODE_9D_as1_ae0_bbsit/Eaf_K1_mpc4_pid_stopgo_T0.5,6,test,corridor_bounds+dynamics+geo_bounds+halfspace+obstacles,bounds_free,bounds_free,False,corridor,af,1.0,4.0,pid_stopgo,0.5,sit,Gen15,1.0,10.0,0.3,best,fm_only,none,cuda,,1.0
29,corridor|af|K1|bbsit,/u/home/llim/FMPCC/FM-PCC/logs/UAV_MIX/uav-corridor/plans/mix_uav_af/H8_Dmodels.af_diffusion.AlphaFlowODE_9D_as1_ae0_bbsit/Eaf_K1_mpc4_pid_stopgo_T0.5,6,test,corridor_bounds+dynamics+geo_bounds+halfspace+obstacles,bounds_free-tightened,bounds_free,True,corridor,af,1.0,4.0,pid_stopgo,0.5,sit,Gen15,1.0,10.0,0.3,best,fm_only,none,cuda,,1.0
29,corridor|af|K1|bbsit,/u/home/llim/FMPCC/FM-PCC/logs/UAV_MIX/uav-corridor/plans/mix_uav_af/H8_Dmodels.af_diffusion.AlphaFlowODE_9D_as1_ae0_bbsit/Eaf_K1_mpc4_pid_stopgo_T0.5,6,test,corridor_bounds+dynamics+geo_bounds+halfspace+obstacles,diffuser,diffuser,False,corridor,af,1.0,4.0,pid_stopgo,0.5,sit,Gen15,1.0,10.0,0.3,best,fm_only,none,cuda,,1.0
29,corridor|af|K1|bbsit,/u/home/llim/FMPCC/FM-PCC/logs/UAV_MIX/uav-corridor/plans/mix_uav_af/H8_Dmodels.af_diffusion.AlphaFlowODE_9D_as1_ae0_bbsit/Eaf_K1_mpc4_pid_stopgo_T0.5,6,test,corridor_bounds+dynamics+geo_bounds+halfspace+obstacles,dpcc-c,dpcc-c,False,corridor,af,1.0,4.0,pid_stopgo,0.5,sit,Gen15,1.0,10.0,0.3,best,fm_only,none,cuda,,1.0
29,corridor|af|K1|bbsit,/u/home/llim/FMPCC/FM-PCC/logs/UAV_MIX/uav-corridor/plans/mix_uav_af/H8_Dmodels.af_diffusion.AlphaFlowODE_9D_as1_ae0_bbsit/Eaf_K1_mpc4_pid_stopgo_T0.5,6,test,corridor_bounds+dynamics+geo_bounds+halfspace+obstacles,dpcc-c-tightened,dpcc-c,True,corridor,af,1.0,4.0,pid_stopgo,0.5,sit,Gen15,1.0,10.0,0.3,best,fm_only,none,cuda,,1.0
29,corridor|af|K1|bbsit,/u/home/llim/FMPCC/FM-PCC/logs/UAV_MIX/uav-corridor/plans/mix_uav_af/H8_Dmodels.af_diffusion.AlphaFlowODE_9D_as1_ae0_bbsit/Eaf_K1_mpc4_pid_stopgo_T0.5,6,test,corridor_bounds+dynamics+geo_bounds+halfspace+obstacles,dpcc-r,dpcc-r,False,corridor,af,1.0,4.0,pid_stopgo,0.5,sit,Gen15,1.0,10.0,0.3,best,fm_only,none,cuda,,1.0
29,corridor|af|K1|bbsit,/u/home/llim/FMPCC/FM-PCC/logs/UAV_MIX/uav-corridor/plans/mix_uav_af/H8_Dmodels.af_diffusion.AlphaFlowODE_9D_as1_ae0_bbsit/Eaf_K1_mpc4_pid_stopgo_T0.5,6,test,corridor_bounds+dynamics+geo_bounds+halfspace+obstacles,dpcc-r-tightened,dpcc-r,True,corridor,af,1.0,4.0,pid_stopgo,0.5,sit,Gen15,1.0,10.0,0.3,best,fm_only,none,cuda,,1.0
29,corridor|af|K1|bbsit,/u/home/llim/FMPCC/FM-PCC/logs/UAV_MIX/uav-corridor/plans/mix_uav_af/H8_Dmodels.af_diffusion.AlphaFlowODE_9D_as1_ae0_bbsit/Eaf_K1_mpc4_pid_stopgo_T0.5,6,test,corridor_bounds+dynamics+geo_bounds+halfspace+obstacles,dpcc-t,dpcc-t,False,corridor,af,1.0,4.0,pid_stopgo,0.5,sit,Gen15,1.0,10.0,0.3,best,fm_only,none,cuda,,1.0
29,corridor|af|K1|bbsit,/u/home/llim/FMPCC/FM-PCC/logs/UAV_MIX/uav-corridor/plans/mix_uav_af/H8_Dmodels.af_diffusion.AlphaFlowODE_9D_as1_ae0_bbsit/Eaf_K1_mpc4_pid_stopgo_T0.5,6,test,corridor_bounds+dynamics+geo_bounds+halfspace+obstacles,dpcc-t-tightened,dpcc-t,True,corridor,af,1.0,4.0,pid_stopgo,0.5,sit,Gen15,1.0,10.0,0.3,best,fm_only,none,cuda,,1.0
29,corridor|af|K1|bbsit,/u/home/llim/FMPCC/FM-PCC/logs/UAV_MIX/uav-corridor/plans/mix_uav_af/H8_Dmodels.af_diffusion.AlphaFlowODE_9D_as1_ae0_bbsit/Eaf_K1_mpc4_pid_stopgo_T0.5,6,test,corridor_bounds+dynamics+geo_bounds+halfspace+obstacles,geo_free,geo_free,False,corridor,af,1.0,4.0,pid_stopgo,0.5,sit,Gen15,1.0,10.0,0.3,best,fm_only,none,cuda,,1.0
29,corridor|af|K1|bbsit,/u/home/llim/FMPCC/FM-PCC/logs/UAV_MIX/uav-corridor/plans/mix_uav_af/H8_Dmodels.af_diffusion.AlphaFlowODE_9D_as1_ae0_bbsit/Eaf_K1_mpc4_pid_stopgo_T0.5,6,test,corridor_bounds+dynamics+geo_bounds+halfspace+obstacles,geo_free-bounds_free,geo_free-bounds_free,False,corridor,af,1.0,4.0,pid_stopgo,0.5,sit,Gen15,1.0,10.0,0.3,best,fm_only,none,cuda,,1.0
29,corridor|af|K1|bbsit,/u/home/llim/FMPCC/FM-PCC/logs/UAV_MIX/uav-corridor/plans/mix_uav_af/H8_Dmodels.af_diffusion.AlphaFlowODE_9D_as1_ae0_bbsit/Eaf_K1_mpc4_pid_stopgo_T0.5,6,test,corridor_bounds+dynamics+geo_bounds+halfspace+obstacles,geo_free-model_free,geo_free-model_free,False,corridor,af,1.0,4.0,pid_stopgo,0.5,sit,Gen15,1.0,10.0,0.3,best,fm_only,none,cuda,,1.0
29,corridor|af|K1|bbsit,/u/home/llim/FMPCC/FM-PCC/logs/UAV_MIX/uav-corridor/plans/mix_uav_af/H8_Dmodels.af_diffusion.AlphaFlowODE_9D_as1_ae0_bbsit/Eaf_K1_mpc4_pid_stopgo_T0.5,6,test,corridor_bounds+dynamics+geo_bounds+halfspace+obstacles,gradient,gradient,False,corridor,af,1.0,4.0,pid_stopgo,0.5,sit,Gen15,1.0,10.0,0.3,best,fm_only,none,cuda,,1.0
29,corridor|af|K1|bbsit,/u/home/llim/FMPCC/FM-PCC/logs/UAV_MIX/uav-corridor/plans/mix_uav_af/H8_Dmodels.af_diffusion.AlphaFlowODE_9D_as1_ae0_bbsit/Eaf_K1_mpc4_pid_stopgo_T0.5,6,test,corridor_bounds+dynamics+geo_bounds+halfspace+obstacles,gradient-tightened,gradient,True,corridor,af,1.0,4.0,pid_stopgo,0.5,sit,Gen15,1.0,10.0,0.3,best,fm_only,none,cuda,,1.0
29,corridor|af|K1|bbsit,/u/home/llim/FMPCC/FM-PCC/logs/UAV_MIX/uav-corridor/plans/mix_uav_af/H8_Dmodels.af_diffusion.AlphaFlowODE_9D_as1_ae0_bbsit/Eaf_K1_mpc4_pid_stopgo_T0.5,6,test,corridor_bounds+dynamics+geo_bounds+halfspace+obstacles,hardflow_new-c,hardflow_new-c,False,corridor,af,1.0,4.0,pid_stopgo,0.5,sit,Gen15,1.0,10.0,0.3,best,fm_only,none,cuda,,1.0
29,corridor|af|K1|bbsit,/u/home/llim/FMPCC/FM-PCC/logs/UAV_MIX/uav-corridor/plans/mix_uav_af/H8_Dmodels.af_diffusion.AlphaFlowODE_9D_as1_ae0_bbsit/Eaf_K1_mpc4_pid_stopgo_T0.5,6,test,corridor_bounds+dynamics+geo_bounds+halfspace+obstacles,hardflow_new-r,hardflow_new-r,False,corridor,af,1.0,4.0,pid_stopgo,0.5,sit,Gen15,1.0,10.0,0.3,best,fm_only,none,cuda,,1.0
29,corridor|af|K1|bbsit,/u/home/llim/FMPCC/FM-PCC/logs/UAV_MIX/uav-corridor/plans/mix_uav_af/H8_Dmodels.af_diffusion.AlphaFlowODE_9D_as1_ae0_bbsit/Eaf_K1_mpc4_pid_stopgo_T0.5,6,test,corridor_bounds+dynamics+geo_bounds+halfspace+obstacles,hardflow_new-t,hardflow_new-t,False,corridor,af,1.0,4.0,pid_stopgo,0.5,sit,Gen15,1.0,10.0,0.3,best,fm_only,none,cuda,,1.0
29,corridor|af|K1|bbsit,/u/home/llim/FMPCC/FM-PCC/logs/UAV_MIX/uav-corridor/plans/mix_uav_af/H8_Dmodels.af_diffusion.AlphaFlowODE_9D_as1_ae0_bbsit/Eaf_K1_mpc4_pid_stopgo_T0.5,6,test,corridor_bounds+dynamics+geo_bounds+halfspace+obstacles,model_free,model_free,False,corridor,af,1.0,4.0,pid_stopgo,0.5,sit,Gen15,1.0,10.0,0.3,best,fm_only,none,cuda,,1.0
29,corridor|af|K1|bbsit,/u/home/llim/FMPCC/FM-PCC/logs/UAV_MIX/uav-corridor/plans/mix_uav_af/H8_Dmodels.af_diffusion.AlphaFlowODE_9D_as1_ae0_bbsit/Eaf_K1_mpc4_pid_stopgo_T0.5,6,test,corridor_bounds+dynamics+geo_bounds+halfspace+obstacles,model_free-bounds_free,model_free-bounds_free,False,corridor,af,1.0,4.0,pid_stopgo,0.5,sit,Gen15,1.0,10.0,0.3,best,fm_only,none,cuda,,1.0
29,corridor|af|K1|bbsit,/u/home/llim/FMPCC/FM-PCC/logs/UAV_MIX/uav-corridor/plans/mix_uav_af/H8_Dmodels.af_diffusion.AlphaFlowODE_9D_as1_ae0_bbsit/Eaf_K1_mpc4_pid_stopgo_T0.5,6,test,corridor_bounds+dynamics+geo_bounds+halfspace+obstacles,model_free-bounds_free-tightened,model_free-bounds_free,True,corridor,af,1.0,4.0,pid_stopgo,0.5,sit,Gen15,1.0,10.0,0.3,best,fm_only,none,cuda,,1.0
29,corridor|af|K1|bbsit,/u/home/llim/FMPCC/FM-PCC/logs/UAV_MIX/uav-corridor/plans/mix_uav_af/H8_Dmodels.af_diffusion.AlphaFlowODE_9D_as1_ae0_bbsit/Eaf_K1_mpc4_pid_stopgo_T0.5,6,test,corridor_bounds+dynamics+geo_bounds+halfspace+obstacles,model_free-tightened,model_free,True,corridor,af,1.0,4.0,pid_stopgo,0.5,sit,Gen15,1.0,10.0,0.3,best,fm_only,none,cuda,,1.0
29,corridor|af|K1|bbsit,/u/home/llim/FMPCC/FM-PCC/logs/UAV_MIX/uav-corridor/plans/mix_uav_af/H8_Dmodels.af_diffusion.AlphaFlowODE_9D_as1_ae0_bbsit/Eaf_K1_mpc4_pid_stopgo_T0.5,6,test,corridor_bounds+dynamics+geo_bounds+halfspace+obstacles,post_processing,post_processing,False,corridor,af,1.0,4.0,pid_stopgo,0.5,sit,Gen15,1.0,10.0,0.3,best,fm_only,none,cuda,,1.0
29,corridor|af|K1|bbsit,/u/home/llim/FMPCC/FM-PCC/logs/UAV_MIX/uav-corridor/plans/mix_uav_af/H8_Dmodels.af_diffusion.AlphaFlowODE_9D_as1_ae0_bbsit/Eaf_K1_mpc4_pid_stopgo_T0.5,6,test,corridor_bounds+dynamics+geo_bounds+halfspace+obstacles,post_processing-tightened,post_processing,True,corridor,af,1.0,4.0,pid_stopgo,0.5,sit,Gen15,1.0,10.0,0.3,best,fm_only,none,cuda,,1.0
30,corridor|af|K2|bbsit,/u/home/llim/FMPCC/FM-PCC/logs/UAV_MIX/uav-corridor/plans/mix_uav_af/H8_Dmodels.af_diffusion.AlphaFlowODE_9D_as1_ae0_bbsit/Eaf_K2_mpc4_pid_stopgo_T0.5,6,test,corridor_bounds+dynamics+geo_bounds+halfspace+obstacles,bounds_free,bounds_free,False,corridor,af,2.0,4.0,pid_stopgo,0.5,sit,Gen15,2.0,10.0,0.3,best,fm_only,none,cuda,,2.0
30,corridor|af|K2|bbsit,/u/home/llim/FMPCC/FM-PCC/logs/UAV_MIX/uav-corridor/plans/mix_uav_af/H8_Dmodels.af_diffusion.AlphaFlowODE_9D_as1_ae0_bbsit/Eaf_K2_mpc4_pid_stopgo_T0.5,6,test,corridor_bounds+dynamics+geo_bounds+halfspace+obstacles,bounds_free-tightened,bounds_free,True,corridor,af,2.0,4.0,pid_stopgo,0.5,sit,Gen15,2.0,10.0,0.3,best,fm_only,none,cuda,,2.0
30,corridor|af|K2|bbsit,/u/home/llim/FMPCC/FM-PCC/logs/UAV_MIX/uav-corridor/plans/mix_uav_af/H8_Dmodels.af_diffusion.AlphaFlowODE_9D_as1_ae0_bbsit/Eaf_K2_mpc4_pid_stopgo_T0.5,6,test,corridor_bounds+dynamics+geo_bounds+halfspace+obstacles,diffuser,diffuser,False,corridor,af,2.0,4.0,pid_stopgo,0.5,sit,Gen15,2.0,10.0,0.3,best,fm_only,none,cuda,,2.0
30,corridor|af|K2|bbsit,/u/home/llim/FMPCC/FM-PCC/logs/UAV_MIX/uav-corridor/plans/mix_uav_af/H8_Dmodels.af_diffusion.AlphaFlowODE_9D_as1_ae0_bbsit/Eaf_K2_mpc4_pid_stopgo_T0.5,6,test,corridor_bounds+dynamics+geo_bounds+halfspace+obstacles,dpcc-c,dpcc-c,False,corridor,af,2.0,4.0,pid_stopgo,0.5,sit,Gen15,2.0,10.0,0.3,best,fm_only,none,cuda,,2.0
30,corridor|af|K2|bbsit,/u/home/llim/FMPCC/FM-PCC/logs/UAV_MIX/uav-corridor/plans/mix_uav_af/H8_Dmodels.af_diffusion.AlphaFlowODE_9D_as1_ae0_bbsit/Eaf_K2_mpc4_pid_stopgo_T0.5,6,test,corridor_bounds+dynamics+geo_bounds+halfspace+obstacles,dpcc-c-tightened,dpcc-c,True,corridor,af,2.0,4.0,pid_stopgo,0.5,sit,Gen15,2.0,10.0,0.3,best,fm_only,none,cuda,,2.0
30,corridor|af|K2|bbsit,/u/home/llim/FMPCC/FM-PCC/logs/UAV_MIX/uav-corridor/plans/mix_uav_af/H8_Dmodels.af_diffusion.AlphaFlowODE_9D_as1_ae0_bbsit/Eaf_K2_mpc4_pid_stopgo_T0.5,6,test,corridor_bounds+dynamics+geo_bounds+halfspace+obstacles,dpcc-r,dpcc-r,False,corridor,af,2.0,4.0,pid_stopgo,0.5,sit,Gen15,2.0,10.0,0.3,best,fm_only,none,cuda,,2.0
30,corridor|af|K2|bbsit,/u/home/llim/FMPCC/FM-PCC/logs/UAV_MIX/uav-corridor/plans/mix_uav_af/H8_Dmodels.af_diffusion.AlphaFlowODE_9D_as1_ae0_bbsit/Eaf_K2_mpc4_pid_stopgo_T0.5,6,test,corridor_bounds+dynamics+geo_bounds+halfspace+obstacles,dpcc-r-tightened,dpcc-r,True,corridor,af,2.0,4.0,pid_stopgo,0.5,sit,Gen15,2.0,10.0,0.3,best,fm_only,none,cuda,,2.0
30,corridor|af|K2|bbsit,/u/home/llim/FMPCC/FM-PCC/logs/UAV_MIX/uav-corridor/plans/mix_uav_af/H8_Dmodels.af_diffusion.AlphaFlowODE_9D_as1_ae0_bbsit/Eaf_K2_mpc4_pid_stopgo_T0.5,6,test,corridor_bounds+dynamics+geo_bounds+halfspace+obstacles,dpcc-t,dpcc-t,False,corridor,af,2.0,4.0,pid_stopgo,0.5,sit,Gen15,2.0,10.0,0.3,best,fm_only,none,cuda,,2.0
30,corridor|af|K2|bbsit,/u/home/llim/FMPCC/FM-PCC/logs/UAV_MIX/uav-corridor/plans/mix_uav_af/H8_Dmodels.af_diffusion.AlphaFlowODE_9D_as1_ae0_bbsit/Eaf_K2_mpc4_pid_stopgo_T0.5,6,test,corridor_bounds+dynamics+geo_bounds+halfspace+obstacles,dpcc-t-tightened,dpcc-t,True,corridor,af,2.0,4.0,pid_stopgo,0.5,sit,Gen15,2.0,10.0,0.3,best,fm_only,none,cuda,,2.0
30,corridor|af|K2|bbsit,/u/home/llim/FMPCC/FM-PCC/logs/UAV_MIX/uav-corridor/plans/mix_uav_af/H8_Dmodels.af_diffusion.AlphaFlowODE_9D_as1_ae0_bbsit/Eaf_K2_mpc4_pid_stopgo_T0.5,6,test,corridor_bounds+dynamics+geo_bounds+halfspace+obstacles,geo_free,geo_free,False,corridor,af,2.0,4.0,pid_stopgo,0.5,sit,Gen15,2.0,10.0,0.3,best,fm_only,none,cuda,,2.0
30,corridor|af|K2|bbsit,/u/home/llim/FMPCC/FM-PCC/logs/UAV_MIX/uav-corridor/plans/mix_uav_af/H8_Dmodels.af_diffusion.AlphaFlowODE_9D_as1_ae0_bbsit/Eaf_K2_mpc4_pid_stopgo_T0.5,6,test,corridor_bounds+dynamics+geo_bounds+halfspace+obstacles,geo_free-bounds_free,geo_free-bounds_free,False,corridor,af,2.0,4.0,pid_stopgo,0.5,sit,Gen15,2.0,10.0,0.3,best,fm_only,none,cuda,,2.0
30,corridor|af|K2|bbsit,/u/home/llim/FMPCC/FM-PCC/logs/UAV_MIX/uav-corridor/plans/mix_uav_af/H8_Dmodels.af_diffusion.AlphaFlowODE_9D_as1_ae0_bbsit/Eaf_K2_mpc4_pid_stopgo_T0.5,6,test,corridor_bounds+dynamics+geo_bounds+halfspace+obstacles,geo_free-model_free,geo_free-model_free,False,corridor,af,2.0,4.0,pid_stopgo,0.5,sit,Gen15,2.0,10.0,0.3,best,fm_only,none,cuda,,2.0
30,corridor|af|K2|bbsit,/u/home/llim/FMPCC/FM-PCC/logs/UAV_MIX/uav-corridor/plans/mix_uav_af/H8_Dmodels.af_diffusion.AlphaFlowODE_9D_as1_ae0_bbsit/Eaf_K2_mpc4_pid_stopgo_T0.5,6,test,corridor_bounds+dynamics+geo_bounds+halfspace+obstacles,gradient,gradient,False,corridor,af,2.0,4.0,pid_stopgo,0.5,sit,Gen15,2.0,10.0,0.3,best,fm_only,none,cuda,,2.0
30,corridor|af|K2|bbsit,/u/home/llim/FMPCC/FM-PCC/logs/UAV_MIX/uav-corridor/plans/mix_uav_af/H8_Dmodels.af_diffusion.AlphaFlowODE_9D_as1_ae0_bbsit/Eaf_K2_mpc4_pid_stopgo_T0.5,6,test,corridor_bounds+dynamics+geo_bounds+halfspace+obstacles,gradient-tightened,gradient,True,corridor,af,2.0,4.0,pid_stopgo,0.5,sit,Gen15,2.0,10.0,0.3,best,fm_only,none,cuda,,2.0
30,corridor|af|K2|bbsit,/u/home/llim/FMPCC/FM-PCC/logs/UAV_MIX/uav-corridor/plans/mix_uav_af/H8_Dmodels.af_diffusion.AlphaFlowODE_9D_as1_ae0_bbsit/Eaf_K2_mpc4_pid_stopgo_T0.5,6,test,corridor_bounds+dynamics+geo_bounds+halfspace+obstacles,hardflow_new-c,hardflow_new-c,False,corridor,af,2.0,4.0,pid_stopgo,0.5,sit,Gen15,2.0,10.0,0.3,best,fm_only,none,cuda,,2.0
30,corridor|af|K2|bbsit,/u/home/llim/FMPCC/FM-PCC/logs/UAV_MIX/uav-corridor/plans/mix_uav_af/H8_Dmodels.af_diffusion.AlphaFlowODE_9D_as1_ae0_bbsit/Eaf_K2_mpc4_pid_stopgo_T0.5,6,test,corridor_bounds+dynamics+geo_bounds+halfspace+obstacles,hardflow_new-r,hardflow_new-r,False,corridor,af,2.0,4.0,pid_stopgo,0.5,sit,Gen15,2.0,10.0,0.3,best,fm_only,none,cuda,,2.0
30,corridor|af|K2|bbsit,/u/home/llim/FMPCC/FM-PCC/logs/UAV_MIX/uav-corridor/plans/mix_uav_af/H8_Dmodels.af_diffusion.AlphaFlowODE_9D_as1_ae0_bbsit/Eaf_K2_mpc4_pid_stopgo_T0.5,6,test,corridor_bounds+dynamics+geo_bounds+halfspace+obstacles,hardflow_new-t,hardflow_new-t,False,corridor,af,2.0,4.0,pid_stopgo,0.5,sit,Gen15,2.0,10.0,0.3,best,fm_only,none,cuda,,2.0
30,corridor|af|K2|bbsit,/u/home/llim/FMPCC/FM-PCC/logs/UAV_MIX/uav-corridor/plans/mix_uav_af/H8_Dmodels.af_diffusion.AlphaFlowODE_9D_as1_ae0_bbsit/Eaf_K2_mpc4_pid_stopgo_T0.5,6,test,corridor_bounds+dynamics+geo_bounds+halfspace+obstacles,model_free,model_free,False,corridor,af,2.0,4.0,pid_stopgo,0.5,sit,Gen15,2.0,10.0,0.3,best,fm_only,none,cuda,,2.0
30,corridor|af|K2|bbsit,/u/home/llim/FMPCC/FM-PCC/logs/UAV_MIX/uav-corridor/plans/mix_uav_af/H8_Dmodels.af_diffusion.AlphaFlowODE_9D_as1_ae0_bbsit/Eaf_K2_mpc4_pid_stopgo_T0.5,6,test,corridor_bounds+dynamics+geo_bounds+halfspace+obstacles,model_free-bounds_free,model_free-bounds_free,False,corridor,af,2.0,4.0,pid_stopgo,0.5,sit,Gen15,2.0,10.0,0.3,best,fm_only,none,cuda,,2.0
30,corridor|af|K2|bbsit,/u/home/llim/FMPCC/FM-PCC/logs/UAV_MIX/uav-corridor/plans/mix_uav_af/H8_Dmodels.af_diffusion.AlphaFlowODE_9D_as1_ae0_bbsit/Eaf_K2_mpc4_pid_stopgo_T0.5,6,test,corridor_bounds+dynamics+geo_bounds+halfspace+obstacles,model_free-bounds_free-tightened,model_free-bounds_free,True,corridor,af,2.0,4.0,pid_stopgo,0.5,sit,Gen15,2.0,10.0,0.3,best,fm_only,none,cuda,,2.0
30,corridor|af|K2|bbsit,/u/home/llim/FMPCC/FM-PCC/logs/UAV_MIX/uav-corridor/plans/mix_uav_af/H8_Dmodels.af_diffusion.AlphaFlowODE_9D_as1_ae0_bbsit/Eaf_K2_mpc4_pid_stopgo_T0.5,6,test,corridor_bounds+dynamics+geo_bounds+halfspace+obstacles,model_free-tightened,model_free,True,corridor,af,2.0,4.0,pid_stopgo,0.5,sit,Gen15,2.0,10.0,0.3,best,fm_only,none,cuda,,2.0
30,corridor|af|K2|bbsit,/u/home/llim/FMPCC/FM-PCC/logs/UAV_MIX/uav-corridor/plans/mix_uav_af/H8_Dmodels.af_diffusion.AlphaFlowODE_9D_as1_ae0_bbsit/Eaf_K2_mpc4_pid_stopgo_T0.5,6,test,corridor_bounds+dynamics+geo_bounds+halfspace+obstacles,post_processing,post_processing,False,corridor,af,2.0,4.0,pid_stopgo,0.5,sit,Gen15,2.0,10.0,0.3,best,fm_only,none,cuda,,2.0
30,corridor|af|K2|bbsit,/u/home/llim/FMPCC/FM-PCC/logs/UAV_MIX/uav-corridor/plans/mix_uav_af/H8_Dmodels.af_diffusion.AlphaFlowODE_9D_as1_ae0_bbsit/Eaf_K2_mpc4_pid_stopgo_T0.5,6,test,corridor_bounds+dynamics+geo_bounds+halfspace+obstacles,post_processing-tightened,post_processing,True,corridor,af,2.0,4.0,pid_stopgo,0.5,sit,Gen15,2.0,10.0,0.3,best,fm_only,none,cuda,,2.0
31,corridor|af|K5|bbsit,/u/home/llim/FMPCC/FM-PCC/logs/UAV_MIX/uav-corridor/plans/mix_uav_af/H8_Dmodels.af_diffusion.AlphaFlowODE_9D_as1_ae0_bbsit/Eaf_K5_mpc4_pid_stopgo_T0.5,6,test,corridor_bounds+dynamics+geo_bounds+halfspace+obstacles,bounds_free,bounds_free,False,corridor,af,5.0,4.0,pid_stopgo,0.5,sit,Gen15,5.0,10.0,0.3,best,fm_only,none,cuda,,5.0
31,corridor|af|K5|bbsit,/u/home/llim/FMPCC/FM-PCC/logs/UAV_MIX/uav-corridor/plans/mix_uav_af/H8_Dmodels.af_diffusion.AlphaFlowODE_9D_as1_ae0_bbsit/Eaf_K5_mpc4_pid_stopgo_T0.5,6,test,corridor_bounds+dynamics+geo_bounds+halfspace+obstacles,bounds_free-tightened,bounds_free,True,corridor,af,5.0,4.0,pid_stopgo,0.5,sit,Gen15,5.0,10.0,0.3,best,fm_only,none,cuda,,5.0
31,corridor|af|K5|bbsit,/u/home/llim/FMPCC/FM-PCC/logs/UAV_MIX/uav-corridor/plans/mix_uav_af/H8_Dmodels.af_diffusion.AlphaFlowODE_9D_as1_ae0_bbsit/Eaf_K5_mpc4_pid_stopgo_T0.5,6,test,corridor_bounds+dynamics+geo_bounds+halfspace+obstacles,diffuser,diffuser,False,corridor,af,5.0,4.0,pid_stopgo,0.5,sit,Gen15,5.0,10.0,0.3,best,fm_only,none,cuda,,5.0
31,corridor|af|K5|bbsit,/u/home/llim/FMPCC/FM-PCC/logs/UAV_MIX/uav-corridor/plans/mix_uav_af/H8_Dmodels.af_diffusion.AlphaFlowODE_9D_as1_ae0_bbsit/Eaf_K5_mpc4_pid_stopgo_T0.5,6,test,corridor_bounds+dynamics+geo_bounds+halfspace+obstacles,dpcc-c,dpcc-c,False,corridor,af,5.0,4.0,pid_stopgo,0.5,sit,Gen15,5.0,10.0,0.3,best,fm_only,none,cuda,,5.0
31,corridor|af|K5|bbsit,/u/home/llim/FMPCC/FM-PCC/logs/UAV_MIX/uav-corridor/plans/mix_uav_af/H8_Dmodels.af_diffusion.AlphaFlowODE_9D_as1_ae0_bbsit/Eaf_K5_mpc4_pid_stopgo_T0.5,6,test,corridor_bounds+dynamics+geo_bounds+halfspace+obstacles,dpcc-c-tightened,dpcc-c,True,corridor,af,5.0,4.0,pid_stopgo,0.5,sit,Gen15,5.0,10.0,0.3,best,fm_only,none,cuda,,5.0
31,corridor|af|K5|bbsit,/u/home/llim/FMPCC/FM-PCC/logs/UAV_MIX/uav-corridor/plans/mix_uav_af/H8_Dmodels.af_diffusion.AlphaFlowODE_9D_as1_ae0_bbsit/Eaf_K5_mpc4_pid_stopgo_T0.5,6,test,corridor_bounds+dynamics+geo_bounds+halfspace+obstacles,dpcc-r,dpcc-r,False,corridor,af,5.0,4.0,pid_stopgo,0.5,sit,Gen15,5.0,10.0,0.3,best,fm_only,none,cuda,,5.0
31,corridor|af|K5|bbsit,/u/home/llim/FMPCC/FM-PCC/logs/UAV_MIX/uav-corridor/plans/mix_uav_af/H8_Dmodels.af_diffusion.AlphaFlowODE_9D_as1_ae0_bbsit/Eaf_K5_mpc4_pid_stopgo_T0.5,6,test,corridor_bounds+dynamics+geo_bounds+halfspace+obstacles,dpcc-r-tightened,dpcc-r,True,corridor,af,5.0,4.0,pid_stopgo,0.5,sit,Gen15,5.0,10.0,0.3,best,fm_only,none,cuda,,5.0
31,corridor|af|K5|bbsit,/u/home/llim/FMPCC/FM-PCC/logs/UAV_MIX/uav-corridor/plans/mix_uav_af/H8_Dmodels.af_diffusion.AlphaFlowODE_9D_as1_ae0_bbsit/Eaf_K5_mpc4_pid_stopgo_T0.5,6,test,corridor_bounds+dynamics+geo_bounds+halfspace+obstacles,dpcc-t,dpcc-t,False,corridor,af,5.0,4.0,pid_stopgo,0.5,sit,Gen15,5.0,10.0,0.3,best,fm_only,none,cuda,,5.0
31,corridor|af|K5|bbsit,/u/home/llim/FMPCC/FM-PCC/logs/UAV_MIX/uav-corridor/plans/mix_uav_af/H8_Dmodels.af_diffusion.AlphaFlowODE_9D_as1_ae0_bbsit/Eaf_K5_mpc4_pid_stopgo_T0.5,6,test,corridor_bounds+dynamics+geo_bounds+halfspace+obstacles,dpcc-t-tightened,dpcc-t,True,corridor,af,5.0,4.0,pid_stopgo,0.5,sit,Gen15,5.0,10.0,0.3,best,fm_only,none,cuda,,5.0
31,corridor|af|K5|bbsit,/u/home/llim/FMPCC/FM-PCC/logs/UAV_MIX/uav-corridor/plans/mix_uav_af/H8_Dmodels.af_diffusion.AlphaFlowODE_9D_as1_ae0_bbsit/Eaf_K5_mpc4_pid_stopgo_T0.5,6,test,corridor_bounds+dynamics+geo_bounds+halfspace+obstacles,geo_free,geo_free,False,corridor,af,5.0,4.0,pid_stopgo,0.5,sit,Gen15,5.0,10.0,0.3,best,fm_only,none,cuda,,5.0
31,corridor|af|K5|bbsit,/u/home/llim/FMPCC/FM-PCC/logs/UAV_MIX/uav-corridor/plans/mix_uav_af/H8_Dmodels.af_diffusion.AlphaFlowODE_9D_as1_ae0_bbsit/Eaf_K5_mpc4_pid_stopgo_T0.5,6,test,corridor_bounds+dynamics+geo_bounds+halfspace+obstacles,geo_free-bounds_free,geo_free-bounds_free,False,corridor,af,5.0,4.0,pid_stopgo,0.5,sit,Gen15,5.0,10.0,0.3,best,fm_only,none,cuda,,5.0
31,corridor|af|K5|bbsit,/u/home/llim/FMPCC/FM-PCC/logs/UAV_MIX/uav-corridor/plans/mix_uav_af/H8_Dmodels.af_diffusion.AlphaFlowODE_9D_as1_ae0_bbsit/Eaf_K5_mpc4_pid_stopgo_T0.5,6,test,corridor_bounds+dynamics+geo_bounds+halfspace+obstacles,geo_free-model_free,geo_free-model_free,False,corridor,af,5.0,4.0,pid_stopgo,0.5,sit,Gen15,5.0,10.0,0.3,best,fm_only,none,cuda,,5.0
31,corridor|af|K5|bbsit,/u/home/llim/FMPCC/FM-PCC/logs/UAV_MIX/uav-corridor/plans/mix_uav_af/H8_Dmodels.af_diffusion.AlphaFlowODE_9D_as1_ae0_bbsit/Eaf_K5_mpc4_pid_stopgo_T0.5,6,test,corridor_bounds+dynamics+geo_bounds+halfspace+obstacles,gradient,gradient,False,corridor,af,5.0,4.0,pid_stopgo,0.5,sit,Gen15,5.0,10.0,0.3,best,fm_only,none,cuda,,5.0
31,corridor|af|K5|bbsit,/u/home/llim/FMPCC/FM-PCC/logs/UAV_MIX/uav-corridor/plans/mix_uav_af/H8_Dmodels.af_diffusion.AlphaFlowODE_9D_as1_ae0_bbsit/Eaf_K5_mpc4_pid_stopgo_T0.5,6,test,corridor_bounds+dynamics+geo_bounds+halfspace+obstacles,gradient-tightened,gradient,True,corridor,af,5.0,4.0,pid_stopgo,0.5,sit,Gen15,5.0,10.0,0.3,best,fm_only,none,cuda,,5.0
31,corridor|af|K5|bbsit,/u/home/llim/FMPCC/FM-PCC/logs/UAV_MIX/uav-corridor/plans/mix_uav_af/H8_Dmodels.af_diffusion.AlphaFlowODE_9D_as1_ae0_bbsit/Eaf_K5_mpc4_pid_stopgo_T0.5,6,test,corridor_bounds+dynamics+geo_bounds+halfspace+obstacles,hardflow_new-c,hardflow_new-c,False,corridor,af,5.0,4.0,pid_stopgo,0.5,sit,Gen15,5.0,10.0,0.3,best,fm_only,none,cuda,,5.0
31,corridor|af|K5|bbsit,/u/home/llim/FMPCC/FM-PCC/logs/UAV_MIX/uav-corridor/plans/mix_uav_af/H8_Dmodels.af_diffusion.AlphaFlowODE_9D_as1_ae0_bbsit/Eaf_K5_mpc4_pid_stopgo_T0.5,6,test,corridor_bounds+dynamics+geo_bounds+halfspace+obstacles,hardflow_new-r,hardflow_new-r,False,corridor,af,5.0,4.0,pid_stopgo,0.5,sit,Gen15,5.0,10.0,0.3,best,fm_only,none,cuda,,5.0
31,corridor|af|K5|bbsit,/u/home/llim/FMPCC/FM-PCC/logs/UAV_MIX/uav-corridor/plans/mix_uav_af/H8_Dmodels.af_diffusion.AlphaFlowODE_9D_as1_ae0_bbsit/Eaf_K5_mpc4_pid_stopgo_T0.5,6,test,corridor_bounds+dynamics+geo_bounds+halfspace+obstacles,hardflow_new-t,hardflow_new-t,False,corridor,af,5.0,4.0,pid_stopgo,0.5,sit,Gen15,5.0,10.0,0.3,best,fm_only,none,cuda,,5.0
31,corridor|af|K5|bbsit,/u/home/llim/FMPCC/FM-PCC/logs/UAV_MIX/uav-corridor/plans/mix_uav_af/H8_Dmodels.af_diffusion.AlphaFlowODE_9D_as1_ae0_bbsit/Eaf_K5_mpc4_pid_stopgo_T0.5,6,test,corridor_bounds+dynamics+geo_bounds+halfspace+obstacles,model_free,model_free,False,corridor,af,5.0,4.0,pid_stopgo,0.5,sit,Gen15,5.0,10.0,0.3,best,fm_only,none,cuda,,5.0
31,corridor|af|K5|bbsit,/u/home/llim/FMPCC/FM-PCC/logs/UAV_MIX/uav-corridor/plans/mix_uav_af/H8_Dmodels.af_diffusion.AlphaFlowODE_9D_as1_ae0_bbsit/Eaf_K5_mpc4_pid_stopgo_T0.5,6,test,corridor_bounds+dynamics+geo_bounds+halfspace+obstacles,model_free-bounds_free,model_free-bounds_free,False,corridor,af,5.0,4.0,pid_stopgo,0.5,sit,Gen15,5.0,10.0,0.3,best,fm_only,none,cuda,,5.0
31,corridor|af|K5|bbsit,/u/home/llim/FMPCC/FM-PCC/logs/UAV_MIX/uav-corridor/plans/mix_uav_af/H8_Dmodels.af_diffusion.AlphaFlowODE_9D_as1_ae0_bbsit/Eaf_K5_mpc4_pid_stopgo_T0.5,6,test,corridor_bounds+dynamics+geo_bounds+halfspace+obstacles,model_free-bounds_free-tightened,model_free-bounds_free,True,corridor,af,5.0,4.0,pid_stopgo,0.5,sit,Gen15,5.0,10.0,0.3,best,fm_only,none,cuda,,5.0
31,corridor|af|K5|bbsit,/u/home/llim/FMPCC/FM-PCC/logs/UAV_MIX/uav-corridor/plans/mix_uav_af/H8_Dmodels.af_diffusion.AlphaFlowODE_9D_as1_ae0_bbsit/Eaf_K5_mpc4_pid_stopgo_T0.5,6,test,corridor_bounds+dynamics+geo_bounds+halfspace+obstacles,model_free-tightened,model_free,True,corridor,af,5.0,4.0,pid_stopgo,0.5,sit,Gen15,5.0,10.0,0.3,best,fm_only,none,cuda,,5.0
31,corridor|af|K5|bbsit,/u/home/llim/FMPCC/FM-PCC/logs/UAV_MIX/uav-corridor/plans/mix_uav_af/H8_Dmodels.af_diffusion.AlphaFlowODE_9D_as1_ae0_bbsit/Eaf_K5_mpc4_pid_stopgo_T0.5,6,test,corridor_bounds+dynamics+geo_bounds+halfspace+obstacles,post_processing,post_processing,False,corridor,af,5.0,4.0,pid_stopgo,0.5,sit,Gen15,5.0,10.0,0.3,best,fm_only,none,cuda,,5.0
31,corridor|af|K5|bbsit,/u/home/llim/FMPCC/FM-PCC/logs/UAV_MIX/uav-corridor/plans/mix_uav_af/H8_Dmodels.af_diffusion.AlphaFlowODE_9D_as1_ae0_bbsit/Eaf_K5_mpc4_pid_stopgo_T0.5,6,test,corridor_bounds+dynamics+geo_bounds+halfspace+obstacles,post_processing-tightened,post_processing,True,corridor,af,5.0,4.0,pid_stopgo,0.5,sit,Gen15,5.0,10.0,0.3,best,fm_only,none,cuda,,5.0
32,corridor|fm|K10,/u/home/llim/FMPCC/FM-PCC/logs/UAV_MIX/uav-corridor/plans/mix_uav_fm/H8_Dmodels.diffusion.FlowMatchingODE_9D/Efm_K10_mpc4_pid_stopgo_T0.5,6,test,corridor_bounds+dynamics+geo_bounds+halfspace+obstacles,bounds_free,bounds_free,False,corridor,fm,10.0,4.0,pid_stopgo,0.5,,Gen15,10.0,10.0,0.3,latest,fm_only,none,cuda,,10.0
32,corridor|fm|K10,/u/home/llim/FMPCC/FM-PCC/logs/UAV_MIX/uav-corridor/plans/mix_uav_fm/H8_Dmodels.diffusion.FlowMatchingODE_9D/Efm_K10_mpc4_pid_stopgo_T0.5,6,test,corridor_bounds+dynamics+geo_bounds+halfspace+obstacles,bounds_free-tightened,bounds_free,True,corridor,fm,10.0,4.0,pid_stopgo,0.5,,Gen15,10.0,10.0,0.3,latest,fm_only,none,cuda,,10.0
32,corridor|fm|K10,/u/home/llim/FMPCC/FM-PCC/logs/UAV_MIX/uav-corridor/plans/mix_uav_fm/H8_Dmodels.diffusion.FlowMatchingODE_9D/Efm_K10_mpc4_pid_stopgo_T0.5,6,test,corridor_bounds+dynamics+geo_bounds+halfspace+obstacles,diffuser,diffuser,False,corridor,fm,10.0,4.0,pid_stopgo,0.5,,Gen15,10.0,10.0,0.3,latest,fm_only,none,cuda,,10.0
32,corridor|fm|K10,/u/home/llim/FMPCC/FM-PCC/logs/UAV_MIX/uav-corridor/plans/mix_uav_fm/H8_Dmodels.diffusion.FlowMatchingODE_9D/Efm_K10_mpc4_pid_stopgo_T0.5,6,test,corridor_bounds+dynamics+geo_bounds+halfspace+obstacles,dpcc-c,dpcc-c,False,corridor,fm,10.0,4.0,pid_stopgo,0.5,,Gen15,10.0,10.0,0.3,latest,fm_only,none,cuda,,10.0
32,corridor|fm|K10,/u/home/llim/FMPCC/FM-PCC/logs/UAV_MIX/uav-corridor/plans/mix_uav_fm/H8_Dmodels.diffusion.FlowMatchingODE_9D/Efm_K10_mpc4_pid_stopgo_T0.5,6,test,corridor_bounds+dynamics+geo_bounds+halfspace+obstacles,dpcc-c-tightened,dpcc-c,True,corridor,fm,10.0,4.0,pid_stopgo,0.5,,Gen15,10.0,10.0,0.3,latest,fm_only,none,cuda,,10.0
32,corridor|fm|K10,/u/home/llim/FMPCC/FM-PCC/logs/UAV_MIX/uav-corridor/plans/mix_uav_fm/H8_Dmodels.diffusion.FlowMatchingODE_9D/Efm_K10_mpc4_pid_stopgo_T0.5,6,test,corridor_bounds+dynamics+geo_bounds+halfspace+obstacles,dpcc-r,dpcc-r,False,corridor,fm,10.0,4.0,pid_stopgo,0.5,,Gen15,10.0,10.0,0.3,latest,fm_only,none,cuda,,10.0
32,corridor|fm|K10,/u/home/llim/FMPCC/FM-PCC/logs/UAV_MIX/uav-corridor/plans/mix_uav_fm/H8_Dmodels.diffusion.FlowMatchingODE_9D/Efm_K10_mpc4_pid_stopgo_T0.5,6,test,corridor_bounds+dynamics+geo_bounds+halfspace+obstacles,dpcc-r-tightened,dpcc-r,True,corridor,fm,10.0,4.0,pid_stopgo,0.5,,Gen15,10.0,10.0,0.3,latest,fm_only,none,cuda,,10.0
32,corridor|fm|K10,/u/home/llim/FMPCC/FM-PCC/logs/UAV_MIX/uav-corridor/plans/mix_uav_fm/H8_Dmodels.diffusion.FlowMatchingODE_9D/Efm_K10_mpc4_pid_stopgo_T0.5,6,test,corridor_bounds+dynamics+geo_bounds+halfspace+obstacles,dpcc-t,dpcc-t,False,corridor,fm,10.0,4.0,pid_stopgo,0.5,,Gen15,10.0,10.0,0.3,latest,fm_only,none,cuda,,10.0
32,corridor|fm|K10,/u/home/llim/FMPCC/FM-PCC/logs/UAV_MIX/uav-corridor/plans/mix_uav_fm/H8_Dmodels.diffusion.FlowMatchingODE_9D/Efm_K10_mpc4_pid_stopgo_T0.5,6,test,corridor_bounds+dynamics+geo_bounds+halfspace+obstacles,dpcc-t-tightened,dpcc-t,True,corridor,fm,10.0,4.0,pid_stopgo,0.5,,Gen15,10.0,10.0,0.3,latest,fm_only,none,cuda,,10.0
32,corridor|fm|K10,/u/home/llim/FMPCC/FM-PCC/logs/UAV_MIX/uav-corridor/plans/mix_uav_fm/H8_Dmodels.diffusion.FlowMatchingODE_9D/Efm_K10_mpc4_pid_stopgo_T0.5,6,test,corridor_bounds+dynamics+geo_bounds+halfspace+obstacles,geo_free,geo_free,False,corridor,fm,10.0,4.0,pid_stopgo,0.5,,Gen15,10.0,10.0,0.3,latest,fm_only,none,cuda,,10.0
32,corridor|fm|K10,/u/home/llim/FMPCC/FM-PCC/logs/UAV_MIX/uav-corridor/plans/mix_uav_fm/H8_Dmodels.diffusion.FlowMatchingODE_9D/Efm_K10_mpc4_pid_stopgo_T0.5,6,test,corridor_bounds+dynamics+geo_bounds+halfspace+obstacles,geo_free-bounds_free,geo_free-bounds_free,False,corridor,fm,10.0,4.0,pid_stopgo,0.5,,Gen15,10.0,10.0,0.3,latest,fm_only,none,cuda,,10.0
32,corridor|fm|K10,/u/home/llim/FMPCC/FM-PCC/logs/UAV_MIX/uav-corridor/plans/mix_uav_fm/H8_Dmodels.diffusion.FlowMatchingODE_9D/Efm_K10_mpc4_pid_stopgo_T0.5,6,test,corridor_bounds+dynamics+geo_bounds+halfspace+obstacles,geo_free-model_free,geo_free-model_free,False,corridor,fm,10.0,4.0,pid_stopgo,0.5,,Gen15,10.0,10.0,0.3,latest,fm_only,none,cuda,,10.0
32,corridor|fm|K10,/u/home/llim/FMPCC/FM-PCC/logs/UAV_MIX/uav-corridor/plans/mix_uav_fm/H8_Dmodels.diffusion.FlowMatchingODE_9D/Efm_K10_mpc4_pid_stopgo_T0.5,6,test,corridor_bounds+dynamics+geo_bounds+halfspace+obstacles,gradient,gradient,False,corridor,fm,10.0,4.0,pid_stopgo,0.5,,Gen15,10.0,10.0,0.3,latest,fm_only,none,cuda,,10.0
32,corridor|fm|K10,/u/home/llim/FMPCC/FM-PCC/logs/UAV_MIX/uav-corridor/plans/mix_uav_fm/H8_Dmodels.diffusion.FlowMatchingODE_9D/Efm_K10_mpc4_pid_stopgo_T0.5,6,test,corridor_bounds+dynamics+geo_bounds+halfspace+obstacles,gradient-tightened,gradient,True,corridor,fm,10.0,4.0,pid_stopgo,0.5,,Gen15,10.0,10.0,0.3,latest,fm_only,none,cuda,,10.0
32,corridor|fm|K10,/u/home/llim/FMPCC/FM-PCC/logs/UAV_MIX/uav-corridor/plans/mix_uav_fm/H8_Dmodels.diffusion.FlowMatchingODE_9D/Efm_K10_mpc4_pid_stopgo_T0.5,6,test,corridor_bounds+dynamics+geo_bounds+halfspace+obstacles,hardflow_new,hardflow_new,False,corridor,fm,10.0,4.0,pid_stopgo,0.5,,Gen15,10.0,10.0,0.3,latest,fm_only,none,cuda,,10.0
32,corridor|fm|K10,/u/home/llim/FMPCC/FM-PCC/logs/UAV_MIX/uav-corridor/plans/mix_uav_fm/H8_Dmodels.diffusion.FlowMatchingODE_9D/Efm_K10_mpc4_pid_stopgo_T0.5,6,test,corridor_bounds+dynamics+geo_bounds+halfspace+obstacles,hardflow_new-c,hardflow_new-c,False,corridor,fm,10.0,4.0,pid_stopgo,0.5,,Gen15,10.0,10.0,0.3,latest,fm_only,none,cuda,,10.0
32,corridor|fm|K10,/u/home/llim/FMPCC/FM-PCC/logs/UAV_MIX/uav-corridor/plans/mix_uav_fm/H8_Dmodels.diffusion.FlowMatchingODE_9D/Efm_K10_mpc4_pid_stopgo_T0.5,6,test,corridor_bounds+dynamics+geo_bounds+halfspace+obstacles,hardflow_new-t,hardflow_new-t,False,corridor,fm,10.0,4.0,pid_stopgo,0.5,,Gen15,10.0,10.0,0.3,latest,fm_only,none,cuda,,10.0
32,corridor|fm|K10,/u/home/llim/FMPCC/FM-PCC/logs/UAV_MIX/uav-corridor/plans/mix_uav_fm/H8_Dmodels.diffusion.FlowMatchingODE_9D/Efm_K10_mpc4_pid_stopgo_T0.5,6,test,corridor_bounds+dynamics+geo_bounds+halfspace+obstacles,model_free,model_free,False,corridor,fm,10.0,4.0,pid_stopgo,0.5,,Gen15,10.0,10.0,0.3,latest,fm_only,none,cuda,,10.0
32,corridor|fm|K10,/u/home/llim/FMPCC/FM-PCC/logs/UAV_MIX/uav-corridor/plans/mix_uav_fm/H8_Dmodels.diffusion.FlowMatchingODE_9D/Efm_K10_mpc4_pid_stopgo_T0.5,6,test,corridor_bounds+dynamics+geo_bounds+halfspace+obstacles,model_free-bounds_free,model_free-bounds_free,False,corridor,fm,10.0,4.0,pid_stopgo,0.5,,Gen15,10.0,10.0,0.3,latest,fm_only,none,cuda,,10.0
32,corridor|fm|K10,/u/home/llim/FMPCC/FM-PCC/logs/UAV_MIX/uav-corridor/plans/mix_uav_fm/H8_Dmodels.diffusion.FlowMatchingODE_9D/Efm_K10_mpc4_pid_stopgo_T0.5,6,test,corridor_bounds+dynamics+geo_bounds+halfspace+obstacles,model_free-bounds_free-tightened,model_free-bounds_free,True,corridor,fm,10.0,4.0,pid_stopgo,0.5,,Gen15,10.0,10.0,0.3,latest,fm_only,none,cuda,,10.0
32,corridor|fm|K10,/u/home/llim/FMPCC/FM-PCC/logs/UAV_MIX/uav-corridor/plans/mix_uav_fm/H8_Dmodels.diffusion.FlowMatchingODE_9D/Efm_K10_mpc4_pid_stopgo_T0.5,6,test,corridor_bounds+dynamics+geo_bounds+halfspace+obstacles,model_free-tightened,model_free,True,corridor,fm,10.0,4.0,pid_stopgo,0.5,,Gen15,10.0,10.0,0.3,latest,fm_only,none,cuda,,10.0
32,corridor|fm|K10,/u/home/llim/FMPCC/FM-PCC/logs/UAV_MIX/uav-corridor/plans/mix_uav_fm/H8_Dmodels.diffusion.FlowMatchingODE_9D/Efm_K10_mpc4_pid_stopgo_T0.5,6,test,corridor_bounds+dynamics+geo_bounds+halfspace+obstacles,post_processing,post_processing,False,corridor,fm,10.0,4.0,pid_stopgo,0.5,,Gen15,10.0,10.0,0.3,latest,fm_only,none,cuda,,10.0
32,corridor|fm|K10,/u/home/llim/FMPCC/FM-PCC/logs/UAV_MIX/uav-corridor/plans/mix_uav_fm/H8_Dmodels.diffusion.FlowMatchingODE_9D/Efm_K10_mpc4_pid_stopgo_T0.5,6,test,corridor_bounds+dynamics+geo_bounds+halfspace+obstacles,post_processing-tightened,post_processing,True,corridor,fm,10.0,4.0,pid_stopgo,0.5,,Gen15,10.0,10.0,0.3,latest,fm_only,none,cuda,,10.0
33,corridor|fm|K1,/u/home/llim/FMPCC/FM-PCC/logs/UAV_MIX/uav-corridor/plans/mix_uav_fm/H8_Dmodels.diffusion.FlowMatchingODE_9D/Efm_K1_mpc4_pid_stopgo_T0.5,6,test,corridor_bounds+dynamics+geo_bounds+halfspace+obstacles,bounds_free,bounds_free,False,corridor,fm,1.0,4.0,pid_stopgo,0.5,,Gen15,1.0,10.0,0.3,latest,fm_only,none,cuda,,1.0
33,corridor|fm|K1,/u/home/llim/FMPCC/FM-PCC/logs/UAV_MIX/uav-corridor/plans/mix_uav_fm/H8_Dmodels.diffusion.FlowMatchingODE_9D/Efm_K1_mpc4_pid_stopgo_T0.5,6,test,corridor_bounds+dynamics+geo_bounds+halfspace+obstacles,bounds_free-tightened,bounds_free,True,corridor,fm,1.0,4.0,pid_stopgo,0.5,,Gen15,1.0,10.0,0.3,latest,fm_only,none,cuda,,1.0
33,corridor|fm|K1,/u/home/llim/FMPCC/FM-PCC/logs/UAV_MIX/uav-corridor/plans/mix_uav_fm/H8_Dmodels.diffusion.FlowMatchingODE_9D/Efm_K1_mpc4_pid_stopgo_T0.5,6,test,corridor_bounds+dynamics+geo_bounds+halfspace+obstacles,diffuser,diffuser,False,corridor,fm,1.0,4.0,pid_stopgo,0.5,,Gen15,1.0,10.0,0.3,latest,fm_only,none,cuda,,1.0
33,corridor|fm|K1,/u/home/llim/FMPCC/FM-PCC/logs/UAV_MIX/uav-corridor/plans/mix_uav_fm/H8_Dmodels.diffusion.FlowMatchingODE_9D/Efm_K1_mpc4_pid_stopgo_T0.5,6,test,corridor_bounds+dynamics+geo_bounds+halfspace+obstacles,dpcc-c,dpcc-c,False,corridor,fm,1.0,4.0,pid_stopgo,0.5,,Gen15,1.0,10.0,0.3,latest,fm_only,none,cuda,,1.0
33,corridor|fm|K1,/u/home/llim/FMPCC/FM-PCC/logs/UAV_MIX/uav-corridor/plans/mix_uav_fm/H8_Dmodels.diffusion.FlowMatchingODE_9D/Efm_K1_mpc4_pid_stopgo_T0.5,6,test,corridor_bounds+dynamics+geo_bounds+halfspace+obstacles,dpcc-c-tightened,dpcc-c,True,corridor,fm,1.0,4.0,pid_stopgo,0.5,,Gen15,1.0,10.0,0.3,latest,fm_only,none,cuda,,1.0
33,corridor|fm|K1,/u/home/llim/FMPCC/FM-PCC/logs/UAV_MIX/uav-corridor/plans/mix_uav_fm/H8_Dmodels.diffusion.FlowMatchingODE_9D/Efm_K1_mpc4_pid_stopgo_T0.5,6,test,corridor_bounds+dynamics+geo_bounds+halfspace+obstacles,dpcc-r,dpcc-r,False,corridor,fm,1.0,4.0,pid_stopgo,0.5,,Gen15,1.0,10.0,0.3,latest,fm_only,none,cuda,,1.0
33,corridor|fm|K1,/u/home/llim/FMPCC/FM-PCC/logs/UAV_MIX/uav-corridor/plans/mix_uav_fm/H8_Dmodels.diffusion.FlowMatchingODE_9D/Efm_K1_mpc4_pid_stopgo_T0.5,6,test,corridor_bounds+dynamics+geo_bounds+halfspace+obstacles,dpcc-r-tightened,dpcc-r,True,corridor,fm,1.0,4.0,pid_stopgo,0.5,,Gen15,1.0,10.0,0.3,latest,fm_only,none,cuda,,1.0
33,corridor|fm|K1,/u/home/llim/FMPCC/FM-PCC/logs/UAV_MIX/uav-corridor/plans/mix_uav_fm/H8_Dmodels.diffusion.FlowMatchingODE_9D/Efm_K1_mpc4_pid_stopgo_T0.5,6,test,corridor_bounds+dynamics+geo_bounds+halfspace+obstacles,dpcc-t,dpcc-t,False,corridor,fm,1.0,4.0,pid_stopgo,0.5,,Gen15,1.0,10.0,0.3,latest,fm_only,none,cuda,,1.0
33,corridor|fm|K1,/u/home/llim/FMPCC/FM-PCC/logs/UAV_MIX/uav-corridor/plans/mix_uav_fm/H8_Dmodels.diffusion.FlowMatchingODE_9D/Efm_K1_mpc4_pid_stopgo_T0.5,6,test,corridor_bounds+dynamics+geo_bounds+halfspace+obstacles,dpcc-t-tightened,dpcc-t,True,corridor,fm,1.0,4.0,pid_stopgo,0.5,,Gen15,1.0,10.0,0.3,latest,fm_only,none,cuda,,1.0
33,corridor|fm|K1,/u/home/llim/FMPCC/FM-PCC/logs/UAV_MIX/uav-corridor/plans/mix_uav_fm/H8_Dmodels.diffusion.FlowMatchingODE_9D/Efm_K1_mpc4_pid_stopgo_T0.5,6,test,corridor_bounds+dynamics+geo_bounds+halfspace+obstacles,geo_free,geo_free,False,corridor,fm,1.0,4.0,pid_stopgo,0.5,,Gen15,1.0,10.0,0.3,latest,fm_only,none,cuda,,1.0
33,corridor|fm|K1,/u/home/llim/FMPCC/FM-PCC/logs/UAV_MIX/uav-corridor/plans/mix_uav_fm/H8_Dmodels.diffusion.FlowMatchingODE_9D/Efm_K1_mpc4_pid_stopgo_T0.5,6,test,corridor_bounds+dynamics+geo_bounds+halfspace+obstacles,geo_free-bounds_free,geo_free-bounds_free,False,corridor,fm,1.0,4.0,pid_stopgo,0.5,,Gen15,1.0,10.0,0.3,latest,fm_only,none,cuda,,1.0
33,corridor|fm|K1,/u/home/llim/FMPCC/FM-PCC/logs/UAV_MIX/uav-corridor/plans/mix_uav_fm/H8_Dmodels.diffusion.FlowMatchingODE_9D/Efm_K1_mpc4_pid_stopgo_T0.5,6,test,corridor_bounds+dynamics+geo_bounds+halfspace+obstacles,geo_free-model_free,geo_free-model_free,False,corridor,fm,1.0,4.0,pid_stopgo,0.5,,Gen15,1.0,10.0,0.3,latest,fm_only,none,cuda,,1.0
33,corridor|fm|K1,/u/home/llim/FMPCC/FM-PCC/logs/UAV_MIX/uav-corridor/plans/mix_uav_fm/H8_Dmodels.diffusion.FlowMatchingODE_9D/Efm_K1_mpc4_pid_stopgo_T0.5,6,test,corridor_bounds+dynamics+geo_bounds+halfspace+obstacles,gradient,gradient,False,corridor,fm,1.0,4.0,pid_stopgo,0.5,,Gen15,1.0,10.0,0.3,latest,fm_only,none,cuda,,1.0
33,corridor|fm|K1,/u/home/llim/FMPCC/FM-PCC/logs/UAV_MIX/uav-corridor/plans/mix_uav_fm/H8_Dmodels.diffusion.FlowMatchingODE_9D/Efm_K1_mpc4_pid_stopgo_T0.5,6,test,corridor_bounds+dynamics+geo_bounds+halfspace+obstacles,gradient-tightened,gradient,True,corridor,fm,1.0,4.0,pid_stopgo,0.5,,Gen15,1.0,10.0,0.3,latest,fm_only,none,cuda,,1.0
33,corridor|fm|K1,/u/home/llim/FMPCC/FM-PCC/logs/UAV_MIX/uav-corridor/plans/mix_uav_fm/H8_Dmodels.diffusion.FlowMatchingODE_9D/Efm_K1_mpc4_pid_stopgo_T0.5,6,test,corridor_bounds+dynamics+geo_bounds+halfspace+obstacles,hardflow_new,hardflow_new,False,corridor,fm,1.0,4.0,pid_stopgo,0.5,,Gen15,1.0,10.0,0.3,latest,fm_only,none,cuda,,1.0
33,corridor|fm|K1,/u/home/llim/FMPCC/FM-PCC/logs/UAV_MIX/uav-corridor/plans/mix_uav_fm/H8_Dmodels.diffusion.FlowMatchingODE_9D/Efm_K1_mpc4_pid_stopgo_T0.5,6,test,corridor_bounds+dynamics+geo_bounds+halfspace+obstacles,hardflow_new-c,hardflow_new-c,False,corridor,fm,1.0,4.0,pid_stopgo,0.5,,Gen15,1.0,10.0,0.3,latest,fm_only,none,cuda,,1.0
33,corridor|fm|K1,/u/home/llim/FMPCC/FM-PCC/logs/UAV_MIX/uav-corridor/plans/mix_uav_fm/H8_Dmodels.diffusion.FlowMatchingODE_9D/Efm_K1_mpc4_pid_stopgo_T0.5,6,test,corridor_bounds+dynamics+geo_bounds+halfspace+obstacles,hardflow_new-t,hardflow_new-t,False,corridor,fm,1.0,4.0,pid_stopgo,0.5,,Gen15,1.0,10.0,0.3,latest,fm_only,none,cuda,,1.0
33,corridor|fm|K1,/u/home/llim/FMPCC/FM-PCC/logs/UAV_MIX/uav-corridor/plans/mix_uav_fm/H8_Dmodels.diffusion.FlowMatchingODE_9D/Efm_K1_mpc4_pid_stopgo_T0.5,6,test,corridor_bounds+dynamics+geo_bounds+halfspace+obstacles,model_free,model_free,False,corridor,fm,1.0,4.0,pid_stopgo,0.5,,Gen15,1.0,10.0,0.3,latest,fm_only,none,cuda,,1.0
33,corridor|fm|K1,/u/home/llim/FMPCC/FM-PCC/logs/UAV_MIX/uav-corridor/plans/mix_uav_fm/H8_Dmodels.diffusion.FlowMatchingODE_9D/Efm_K1_mpc4_pid_stopgo_T0.5,6,test,corridor_bounds+dynamics+geo_bounds+halfspace+obstacles,model_free-bounds_free,model_free-bounds_free,False,corridor,fm,1.0,4.0,pid_stopgo,0.5,,Gen15,1.0,10.0,0.3,latest,fm_only,none,cuda,,1.0
33,corridor|fm|K1,/u/home/llim/FMPCC/FM-PCC/logs/UAV_MIX/uav-corridor/plans/mix_uav_fm/H8_Dmodels.diffusion.FlowMatchingODE_9D/Efm_K1_mpc4_pid_stopgo_T0.5,6,test,corridor_bounds+dynamics+geo_bounds+halfspace+obstacles,model_free-bounds_free-tightened,model_free-bounds_free,True,corridor,fm,1.0,4.0,pid_stopgo,0.5,,Gen15,1.0,10.0,0.3,latest,fm_only,none,cuda,,1.0
33,corridor|fm|K1,/u/home/llim/FMPCC/FM-PCC/logs/UAV_MIX/uav-corridor/plans/mix_uav_fm/H8_Dmodels.diffusion.FlowMatchingODE_9D/Efm_K1_mpc4_pid_stopgo_T0.5,6,test,corridor_bounds+dynamics+geo_bounds+halfspace+obstacles,model_free-tightened,model_free,True,corridor,fm,1.0,4.0,pid_stopgo,0.5,,Gen15,1.0,10.0,0.3,latest,fm_only,none,cuda,,1.0
33,corridor|fm|K1,/u/home/llim/FMPCC/FM-PCC/logs/UAV_MIX/uav-corridor/plans/mix_uav_fm/H8_Dmodels.diffusion.FlowMatchingODE_9D/Efm_K1_mpc4_pid_stopgo_T0.5,6,test,corridor_bounds+dynamics+geo_bounds+halfspace+obstacles,post_processing,post_processing,False,corridor,fm,1.0,4.0,pid_stopgo,0.5,,Gen15,1.0,10.0,0.3,latest,fm_only,none,cuda,,1.0
33,corridor|fm|K1,/u/home/llim/FMPCC/FM-PCC/logs/UAV_MIX/uav-corridor/plans/mix_uav_fm/H8_Dmodels.diffusion.FlowMatchingODE_9D/Efm_K1_mpc4_pid_stopgo_T0.5,6,test,corridor_bounds+dynamics+geo_bounds+halfspace+obstacles,post_processing-tightened,post_processing,True,corridor,fm,1.0,4.0,pid_stopgo,0.5,,Gen15,1.0,10.0,0.3,latest,fm_only,none,cuda,,1.0
34,corridor|fm|K20,/u/home/llim/FMPCC/FM-PCC/logs/UAV_MIX/uav-corridor/plans/mix_uav_fm/H8_Dmodels.diffusion.FlowMatchingODE_9D/Efm_K20_mpc4_pid_stopgo_T0.5,6,test,corridor_bounds+dynamics+geo_bounds+halfspace+obstacles,bounds_free,bounds_free,False,corridor,fm,20.0,4.0,pid_stopgo,0.5,,Gen15,20.0,10.0,0.3,latest,fm_only,none,cuda,,20.0
34,corridor|fm|K20,/u/home/llim/FMPCC/FM-PCC/logs/UAV_MIX/uav-corridor/plans/mix_uav_fm/H8_Dmodels.diffusion.FlowMatchingODE_9D/Efm_K20_mpc4_pid_stopgo_T0.5,6,test,corridor_bounds+dynamics+geo_bounds+halfspace+obstacles,bounds_free-tightened,bounds_free,True,corridor,fm,20.0,4.0,pid_stopgo,0.5,,Gen15,20.0,10.0,0.3,latest,fm_only,none,cuda,,20.0
34,corridor|fm|K20,/u/home/llim/FMPCC/FM-PCC/logs/UAV_MIX/uav-corridor/plans/mix_uav_fm/H8_Dmodels.diffusion.FlowMatchingODE_9D/Efm_K20_mpc4_pid_stopgo_T0.5,6,test,corridor_bounds+dynamics+geo_bounds+halfspace+obstacles,diffuser,diffuser,False,corridor,fm,20.0,4.0,pid_stopgo,0.5,,Gen15,20.0,10.0,0.3,latest,fm_only,none,cuda,,20.0
34,corridor|fm|K20,/u/home/llim/FMPCC/FM-PCC/logs/UAV_MIX/uav-corridor/plans/mix_uav_fm/H8_Dmodels.diffusion.FlowMatchingODE_9D/Efm_K20_mpc4_pid_stopgo_T0.5,6,test,corridor_bounds+dynamics+geo_bounds+halfspace+obstacles,dpcc-c,dpcc-c,False,corridor,fm,20.0,4.0,pid_stopgo,0.5,,Gen15,20.0,10.0,0.3,latest,fm_only,none,cuda,,20.0
34,corridor|fm|K20,/u/home/llim/FMPCC/FM-PCC/logs/UAV_MIX/uav-corridor/plans/mix_uav_fm/H8_Dmodels.diffusion.FlowMatchingODE_9D/Efm_K20_mpc4_pid_stopgo_T0.5,6,test,corridor_bounds+dynamics+geo_bounds+halfspace+obstacles,dpcc-c-tightened,dpcc-c,True,corridor,fm,20.0,4.0,pid_stopgo,0.5,,Gen15,20.0,10.0,0.3,latest,fm_only,none,cuda,,20.0
34,corridor|fm|K20,/u/home/llim/FMPCC/FM-PCC/logs/UAV_MIX/uav-corridor/plans/mix_uav_fm/H8_Dmodels.diffusion.FlowMatchingODE_9D/Efm_K20_mpc4_pid_stopgo_T0.5,6,test,corridor_bounds+dynamics+geo_bounds+halfspace+obstacles,dpcc-r,dpcc-r,False,corridor,fm,20.0,4.0,pid_stopgo,0.5,,Gen15,20.0,10.0,0.3,latest,fm_only,none,cuda,,20.0
34,corridor|fm|K20,/u/home/llim/FMPCC/FM-PCC/logs/UAV_MIX/uav-corridor/plans/mix_uav_fm/H8_Dmodels.diffusion.FlowMatchingODE_9D/Efm_K20_mpc4_pid_stopgo_T0.5,6,test,corridor_bounds+dynamics+geo_bounds+halfspace+obstacles,dpcc-r-tightened,dpcc-r,True,corridor,fm,20.0,4.0,pid_stopgo,0.5,,Gen15,20.0,10.0,0.3,latest,fm_only,none,cuda,,20.0
34,corridor|fm|K20,/u/home/llim/FMPCC/FM-PCC/logs/UAV_MIX/uav-corridor/plans/mix_uav_fm/H8_Dmodels.diffusion.FlowMatchingODE_9D/Efm_K20_mpc4_pid_stopgo_T0.5,6,test,corridor_bounds+dynamics+geo_bounds+halfspace+obstacles,dpcc-t,dpcc-t,False,corridor,fm,20.0,4.0,pid_stopgo,0.5,,Gen15,20.0,10.0,0.3,latest,fm_only,none,cuda,,20.0
34,corridor|fm|K20,/u/home/llim/FMPCC/FM-PCC/logs/UAV_MIX/uav-corridor/plans/mix_uav_fm/H8_Dmodels.diffusion.FlowMatchingODE_9D/Efm_K20_mpc4_pid_stopgo_T0.5,6,test,corridor_bounds+dynamics+geo_bounds+halfspace+obstacles,dpcc-t-tightened,dpcc-t,True,corridor,fm,20.0,4.0,pid_stopgo,0.5,,Gen15,20.0,10.0,0.3,latest,fm_only,none,cuda,,20.0
34,corridor|fm|K20,/u/home/llim/FMPCC/FM-PCC/logs/UAV_MIX/uav-corridor/plans/mix_uav_fm/H8_Dmodels.diffusion.FlowMatchingODE_9D/Efm_K20_mpc4_pid_stopgo_T0.5,6,test,corridor_bounds+dynamics+geo_bounds+halfspace+obstacles,geo_free,geo_free,False,corridor,fm,20.0,4.0,pid_stopgo,0.5,,Gen15,20.0,10.0,0.3,latest,fm_only,none,cuda,,20.0
34,corridor|fm|K20,/u/home/llim/FMPCC/FM-PCC/logs/UAV_MIX/uav-corridor/plans/mix_uav_fm/H8_Dmodels.diffusion.FlowMatchingODE_9D/Efm_K20_mpc4_pid_stopgo_T0.5,6,test,corridor_bounds+dynamics+geo_bounds+halfspace+obstacles,geo_free-bounds_free,geo_free-bounds_free,False,corridor,fm,20.0,4.0,pid_stopgo,0.5,,Gen15,20.0,10.0,0.3,latest,fm_only,none,cuda,,20.0
34,corridor|fm|K20,/u/home/llim/FMPCC/FM-PCC/logs/UAV_MIX/uav-corridor/plans/mix_uav_fm/H8_Dmodels.diffusion.FlowMatchingODE_9D/Efm_K20_mpc4_pid_stopgo_T0.5,6,test,corridor_bounds+dynamics+geo_bounds+halfspace+obstacles,geo_free-model_free,geo_free-model_free,False,corridor,fm,20.0,4.0,pid_stopgo,0.5,,Gen15,20.0,10.0,0.3,latest,fm_only,none,cuda,,20.0
34,corridor|fm|K20,/u/home/llim/FMPCC/FM-PCC/logs/UAV_MIX/uav-corridor/plans/mix_uav_fm/H8_Dmodels.diffusion.FlowMatchingODE_9D/Efm_K20_mpc4_pid_stopgo_T0.5,6,test,corridor_bounds+dynamics+geo_bounds+halfspace+obstacles,gradient,gradient,False,corridor,fm,20.0,4.0,pid_stopgo,0.5,,Gen15,20.0,10.0,0.3,latest,fm_only,none,cuda,,20.0
34,corridor|fm|K20,/u/home/llim/FMPCC/FM-PCC/logs/UAV_MIX/uav-corridor/plans/mix_uav_fm/H8_Dmodels.diffusion.FlowMatchingODE_9D/Efm_K20_mpc4_pid_stopgo_T0.5,6,test,corridor_bounds+dynamics+geo_bounds+halfspace+obstacles,gradient-tightened,gradient,True,corridor,fm,20.0,4.0,pid_stopgo,0.5,,Gen15,20.0,10.0,0.3,latest,fm_only,none,cuda,,20.0
34,corridor|fm|K20,/u/home/llim/FMPCC/FM-PCC/logs/UAV_MIX/uav-corridor/plans/mix_uav_fm/H8_Dmodels.diffusion.FlowMatchingODE_9D/Efm_K20_mpc4_pid_stopgo_T0.5,6,test,corridor_bounds+dynamics+geo_bounds+halfspace+obstacles,hardflow_new,hardflow_new,False,corridor,fm,20.0,4.0,pid_stopgo,0.5,,Gen15,20.0,10.0,0.3,latest,fm_only,none,cuda,,20.0
34,corridor|fm|K20,/u/home/llim/FMPCC/FM-PCC/logs/UAV_MIX/uav-corridor/plans/mix_uav_fm/H8_Dmodels.diffusion.FlowMatchingODE_9D/Efm_K20_mpc4_pid_stopgo_T0.5,6,test,corridor_bounds+dynamics+geo_bounds+halfspace+obstacles,hardflow_new-c,hardflow_new-c,False,corridor,fm,20.0,4.0,pid_stopgo,0.5,,Gen15,20.0,10.0,0.3,latest,fm_only,none,cuda,,20.0
34,corridor|fm|K20,/u/home/llim/FMPCC/FM-PCC/logs/UAV_MIX/uav-corridor/plans/mix_uav_fm/H8_Dmodels.diffusion.FlowMatchingODE_9D/Efm_K20_mpc4_pid_stopgo_T0.5,6,test,corridor_bounds+dynamics+geo_bounds+halfspace+obstacles,hardflow_new-t,hardflow_new-t,False,corridor,fm,20.0,4.0,pid_stopgo,0.5,,Gen15,20.0,,,,,,,,
34,corridor|fm|K20,/u/home/llim/FMPCC/FM-PCC/logs/UAV_MIX/uav-corridor/plans/mix_uav_fm/H8_Dmodels.diffusion.FlowMatchingODE_9D/Efm_K20_mpc4_pid_stopgo_T0.5,6,test,corridor_bounds+dynamics+geo_bounds+halfspace+obstacles,model_free,model_free,False,corridor,fm,20.0,4.0,pid_stopgo,0.5,,Gen15,20.0,10.0,0.3,latest,fm_only,none,cuda,,20.0
34,corridor|fm|K20,/u/home/llim/FMPCC/FM-PCC/logs/UAV_MIX/uav-corridor/plans/mix_uav_fm/H8_Dmodels.diffusion.FlowMatchingODE_9D/Efm_K20_mpc4_pid_stopgo_T0.5,6,test,corridor_bounds+dynamics+geo_bounds+halfspace+obstacles,model_free-bounds_free,model_free-bounds_free,False,corridor,fm,20.0,4.0,pid_stopgo,0.5,,Gen15,20.0,10.0,0.3,latest,fm_only,none,cuda,,20.0
34,corridor|fm|K20,/u/home/llim/FMPCC/FM-PCC/logs/UAV_MIX/uav-corridor/plans/mix_uav_fm/H8_Dmodels.diffusion.FlowMatchingODE_9D/Efm_K20_mpc4_pid_stopgo_T0.5,6,test,corridor_bounds+dynamics+geo_bounds+halfspace+obstacles,model_free-bounds_free-tightened,model_free-bounds_free,True,corridor,fm,20.0,4.0,pid_stopgo,0.5,,Gen15,20.0,10.0,0.3,latest,fm_only,none,cuda,,20.0
34,corridor|fm|K20,/u/home/llim/FMPCC/FM-PCC/logs/UAV_MIX/uav-corridor/plans/mix_uav_fm/H8_Dmodels.diffusion.FlowMatchingODE_9D/Efm_K20_mpc4_pid_stopgo_T0.5,6,test,corridor_bounds+dynamics+geo_bounds+halfspace+obstacles,model_free-tightened,model_free,True,corridor,fm,20.0,4.0,pid_stopgo,0.5,,Gen15,20.0,10.0,0.3,latest,fm_only,none,cuda,,20.0
34,corridor|fm|K20,/u/home/llim/FMPCC/FM-PCC/logs/UAV_MIX/uav-corridor/plans/mix_uav_fm/H8_Dmodels.diffusion.FlowMatchingODE_9D/Efm_K20_mpc4_pid_stopgo_T0.5,6,test,corridor_bounds+dynamics+geo_bounds+halfspace+obstacles,post_processing,post_processing,False,corridor,fm,20.0,4.0,pid_stopgo,0.5,,Gen15,20.0,10.0,0.3,latest,fm_only,none,cuda,,20.0
34,corridor|fm|K20,/u/home/llim/FMPCC/FM-PCC/logs/UAV_MIX/uav-corridor/plans/mix_uav_fm/H8_Dmodels.diffusion.FlowMatchingODE_9D/Efm_K20_mpc4_pid_stopgo_T0.5,6,test,corridor_bounds+dynamics+geo_bounds+halfspace+obstacles,post_processing-tightened,post_processing,True,corridor,fm,20.0,4.0,pid_stopgo,0.5,,Gen15,20.0,10.0,0.3,latest,fm_only,none,cuda,,20.0
35,corridor|fm|K2,/u/home/llim/FMPCC/FM-PCC/logs/UAV_MIX/uav-corridor/plans/mix_uav_fm/H8_Dmodels.diffusion.FlowMatchingODE_9D/Efm_K2_mpc4_pid_stopgo_T0.5,6,test,corridor_bounds+dynamics+geo_bounds+halfspace+obstacles,bounds_free,bounds_free,False,corridor,fm,2.0,4.0,pid_stopgo,0.5,,Gen15,2.0,10.0,0.3,latest,fm_only,none,cuda,,2.0
35,corridor|fm|K2,/u/home/llim/FMPCC/FM-PCC/logs/UAV_MIX/uav-corridor/plans/mix_uav_fm/H8_Dmodels.diffusion.FlowMatchingODE_9D/Efm_K2_mpc4_pid_stopgo_T0.5,6,test,corridor_bounds+dynamics+geo_bounds+halfspace+obstacles,bounds_free-tightened,bounds_free,True,corridor,fm,2.0,4.0,pid_stopgo,0.5,,Gen15,2.0,10.0,0.3,latest,fm_only,none,cuda,,2.0
35,corridor|fm|K2,/u/home/llim/FMPCC/FM-PCC/logs/UAV_MIX/uav-corridor/plans/mix_uav_fm/H8_Dmodels.diffusion.FlowMatchingODE_9D/Efm_K2_mpc4_pid_stopgo_T0.5,6,test,corridor_bounds+dynamics+geo_bounds+halfspace+obstacles,diffuser,diffuser,False,corridor,fm,2.0,4.0,pid_stopgo,0.5,,Gen15,2.0,10.0,0.3,latest,fm_only,none,cuda,,2.0
35,corridor|fm|K2,/u/home/llim/FMPCC/FM-PCC/logs/UAV_MIX/uav-corridor/plans/mix_uav_fm/H8_Dmodels.diffusion.FlowMatchingODE_9D/Efm_K2_mpc4_pid_stopgo_T0.5,6,test,corridor_bounds+dynamics+geo_bounds+halfspace+obstacles,dpcc-c,dpcc-c,False,corridor,fm,2.0,4.0,pid_stopgo,0.5,,Gen15,2.0,10.0,0.3,latest,fm_only,none,cuda,,2.0
35,corridor|fm|K2,/u/home/llim/FMPCC/FM-PCC/logs/UAV_MIX/uav-corridor/plans/mix_uav_fm/H8_Dmodels.diffusion.FlowMatchingODE_9D/Efm_K2_mpc4_pid_stopgo_T0.5,6,test,corridor_bounds+dynamics+geo_bounds+halfspace+obstacles,dpcc-c-tightened,dpcc-c,True,corridor,fm,2.0,4.0,pid_stopgo,0.5,,Gen15,2.0,10.0,0.3,latest,fm_only,none,cuda,,2.0
35,corridor|fm|K2,/u/home/llim/FMPCC/FM-PCC/logs/UAV_MIX/uav-corridor/plans/mix_uav_fm/H8_Dmodels.diffusion.FlowMatchingODE_9D/Efm_K2_mpc4_pid_stopgo_T0.5,6,test,corridor_bounds+dynamics+geo_bounds+halfspace+obstacles,dpcc-r,dpcc-r,False,corridor,fm,2.0,4.0,pid_stopgo,0.5,,Gen15,2.0,10.0,0.3,latest,fm_only,none,cuda,,2.0
35,corridor|fm|K2,/u/home/llim/FMPCC/FM-PCC/logs/UAV_MIX/uav-corridor/plans/mix_uav_fm/H8_Dmodels.diffusion.FlowMatchingODE_9D/Efm_K2_mpc4_pid_stopgo_T0.5,6,test,corridor_bounds+dynamics+geo_bounds+halfspace+obstacles,dpcc-r-tightened,dpcc-r,True,corridor,fm,2.0,4.0,pid_stopgo,0.5,,Gen15,2.0,10.0,0.3,latest,fm_only,none,cuda,,2.0
35,corridor|fm|K2,/u/home/llim/FMPCC/FM-PCC/logs/UAV_MIX/uav-corridor/plans/mix_uav_fm/H8_Dmodels.diffusion.FlowMatchingODE_9D/Efm_K2_mpc4_pid_stopgo_T0.5,6,test,corridor_bounds+dynamics+geo_bounds+halfspace+obstacles,dpcc-t,dpcc-t,False,corridor,fm,2.0,4.0,pid_stopgo,0.5,,Gen15,2.0,10.0,0.3,latest,fm_only,none,cuda,,2.0
35,corridor|fm|K2,/u/home/llim/FMPCC/FM-PCC/logs/UAV_MIX/uav-corridor/plans/mix_uav_fm/H8_Dmodels.diffusion.FlowMatchingODE_9D/Efm_K2_mpc4_pid_stopgo_T0.5,6,test,corridor_bounds+dynamics+geo_bounds+halfspace+obstacles,dpcc-t-tightened,dpcc-t,True,corridor,fm,2.0,4.0,pid_stopgo,0.5,,Gen15,2.0,10.0,0.3,latest,fm_only,none,cuda,,2.0
35,corridor|fm|K2,/u/home/llim/FMPCC/FM-PCC/logs/UAV_MIX/uav-corridor/plans/mix_uav_fm/H8_Dmodels.diffusion.FlowMatchingODE_9D/Efm_K2_mpc4_pid_stopgo_T0.5,6,test,corridor_bounds+dynamics+geo_bounds+halfspace+obstacles,geo_free,geo_free,False,corridor,fm,2.0,4.0,pid_stopgo,0.5,,Gen15,2.0,10.0,0.3,latest,fm_only,none,cuda,,2.0
35,corridor|fm|K2,/u/home/llim/FMPCC/FM-PCC/logs/UAV_MIX/uav-corridor/plans/mix_uav_fm/H8_Dmodels.diffusion.FlowMatchingODE_9D/Efm_K2_mpc4_pid_stopgo_T0.5,6,test,corridor_bounds+dynamics+geo_bounds+halfspace+obstacles,geo_free-bounds_free,geo_free-bounds_free,False,corridor,fm,2.0,4.0,pid_stopgo,0.5,,Gen15,2.0,10.0,0.3,latest,fm_only,none,cuda,,2.0
35,corridor|fm|K2,/u/home/llim/FMPCC/FM-PCC/logs/UAV_MIX/uav-corridor/plans/mix_uav_fm/H8_Dmodels.diffusion.FlowMatchingODE_9D/Efm_K2_mpc4_pid_stopgo_T0.5,6,test,corridor_bounds+dynamics+geo_bounds+halfspace+obstacles,geo_free-model_free,geo_free-model_free,False,corridor,fm,2.0,4.0,pid_stopgo,0.5,,Gen15,2.0,10.0,0.3,latest,fm_only,none,cuda,,2.0
35,corridor|fm|K2,/u/home/llim/FMPCC/FM-PCC/logs/UAV_MIX/uav-corridor/plans/mix_uav_fm/H8_Dmodels.diffusion.FlowMatchingODE_9D/Efm_K2_mpc4_pid_stopgo_T0.5,6,test,corridor_bounds+dynamics+geo_bounds+halfspace+obstacles,gradient,gradient,False,corridor,fm,2.0,4.0,pid_stopgo,0.5,,Gen15,2.0,10.0,0.3,latest,fm_only,none,cuda,,2.0
35,corridor|fm|K2,/u/home/llim/FMPCC/FM-PCC/logs/UAV_MIX/uav-corridor/plans/mix_uav_fm/H8_Dmodels.diffusion.FlowMatchingODE_9D/Efm_K2_mpc4_pid_stopgo_T0.5,6,test,corridor_bounds+dynamics+geo_bounds+halfspace+obstacles,gradient-tightened,gradient,True,corridor,fm,2.0,4.0,pid_stopgo,0.5,,Gen15,2.0,10.0,0.3,latest,fm_only,none,cuda,,2.0
35,corridor|fm|K2,/u/home/llim/FMPCC/FM-PCC/logs/UAV_MIX/uav-corridor/plans/mix_uav_fm/H8_Dmodels.diffusion.FlowMatchingODE_9D/Efm_K2_mpc4_pid_stopgo_T0.5,6,test,corridor_bounds+dynamics+geo_bounds+halfspace+obstacles,hardflow_new,hardflow_new,False,corridor,fm,2.0,4.0,pid_stopgo,0.5,,Gen15,2.0,10.0,0.3,latest,fm_only,none,cuda,,2.0
35,corridor|fm|K2,/u/home/llim/FMPCC/FM-PCC/logs/UAV_MIX/uav-corridor/plans/mix_uav_fm/H8_Dmodels.diffusion.FlowMatchingODE_9D/Efm_K2_mpc4_pid_stopgo_T0.5,6,test,corridor_bounds+dynamics+geo_bounds+halfspace+obstacles,hardflow_new-c,hardflow_new-c,False,corridor,fm,2.0,4.0,pid_stopgo,0.5,,Gen15,2.0,10.0,0.3,latest,fm_only,none,cuda,,2.0
35,corridor|fm|K2,/u/home/llim/FMPCC/FM-PCC/logs/UAV_MIX/uav-corridor/plans/mix_uav_fm/H8_Dmodels.diffusion.FlowMatchingODE_9D/Efm_K2_mpc4_pid_stopgo_T0.5,6,test,corridor_bounds+dynamics+geo_bounds+halfspace+obstacles,hardflow_new-t,hardflow_new-t,False,corridor,fm,2.0,4.0,pid_stopgo,0.5,,Gen15,2.0,10.0,0.3,latest,fm_only,none,cuda,,2.0
35,corridor|fm|K2,/u/home/llim/FMPCC/FM-PCC/logs/UAV_MIX/uav-corridor/plans/mix_uav_fm/H8_Dmodels.diffusion.FlowMatchingODE_9D/Efm_K2_mpc4_pid_stopgo_T0.5,6,test,corridor_bounds+dynamics+geo_bounds+halfspace+obstacles,model_free,model_free,False,corridor,fm,2.0,4.0,pid_stopgo,0.5,,Gen15,2.0,10.0,0.3,latest,fm_only,none,cuda,,2.0
35,corridor|fm|K2,/u/home/llim/FMPCC/FM-PCC/logs/UAV_MIX/uav-corridor/plans/mix_uav_fm/H8_Dmodels.diffusion.FlowMatchingODE_9D/Efm_K2_mpc4_pid_stopgo_T0.5,6,test,corridor_bounds+dynamics+geo_bounds+halfspace+obstacles,model_free-bounds_free,model_free-bounds_free,False,corridor,fm,2.0,4.0,pid_stopgo,0.5,,Gen15,2.0,10.0,0.3,latest,fm_only,none,cuda,,2.0
35,corridor|fm|K2,/u/home/llim/FMPCC/FM-PCC/logs/UAV_MIX/uav-corridor/plans/mix_uav_fm/H8_Dmodels.diffusion.FlowMatchingODE_9D/Efm_K2_mpc4_pid_stopgo_T0.5,6,test,corridor_bounds+dynamics+geo_bounds+halfspace+obstacles,model_free-bounds_free-tightened,model_free-bounds_free,True,corridor,fm,2.0,4.0,pid_stopgo,0.5,,Gen15,2.0,10.0,0.3,latest,fm_only,none,cuda,,2.0
35,corridor|fm|K2,/u/home/llim/FMPCC/FM-PCC/logs/UAV_MIX/uav-corridor/plans/mix_uav_fm/H8_Dmodels.diffusion.FlowMatchingODE_9D/Efm_K2_mpc4_pid_stopgo_T0.5,6,test,corridor_bounds+dynamics+geo_bounds+halfspace+obstacles,model_free-tightened,model_free,True,corridor,fm,2.0,4.0,pid_stopgo,0.5,,Gen15,2.0,10.0,0.3,latest,fm_only,none,cuda,,2.0
35,corridor|fm|K2,/u/home/llim/FMPCC/FM-PCC/logs/UAV_MIX/uav-corridor/plans/mix_uav_fm/H8_Dmodels.diffusion.FlowMatchingODE_9D/Efm_K2_mpc4_pid_stopgo_T0.5,6,test,corridor_bounds+dynamics+geo_bounds+halfspace+obstacles,post_processing,post_processing,False,corridor,fm,2.0,4.0,pid_stopgo,0.5,,Gen15,2.0,10.0,0.3,latest,fm_only,none,cuda,,2.0
35,corridor|fm|K2,/u/home/llim/FMPCC/FM-PCC/logs/UAV_MIX/uav-corridor/plans/mix_uav_fm/H8_Dmodels.diffusion.FlowMatchingODE_9D/Efm_K2_mpc4_pid_stopgo_T0.5,6,test,corridor_bounds+dynamics+geo_bounds+halfspace+obstacles,post_processing-tightened,post_processing,True,corridor,fm,2.0,4.0,pid_stopgo,0.5,,Gen15,2.0,10.0,0.3,latest,fm_only,none,cuda,,2.0
36,corridor|fm|K5,/u/home/llim/FMPCC/FM-PCC/logs/UAV_MIX/uav-corridor/plans/mix_uav_fm/H8_Dmodels.diffusion.FlowMatchingODE_9D/Efm_K5_mpc4_pid_stopgo_T0.5,6,test,corridor_bounds+dynamics+geo_bounds+halfspace+obstacles,bounds_free,bounds_free,False,corridor,fm,5.0,4.0,pid_stopgo,0.5,,Gen15,5.0,10.0,0.3,latest,fm_only,none,cuda,,5.0
36,corridor|fm|K5,/u/home/llim/FMPCC/FM-PCC/logs/UAV_MIX/uav-corridor/plans/mix_uav_fm/H8_Dmodels.diffusion.FlowMatchingODE_9D/Efm_K5_mpc4_pid_stopgo_T0.5,6,test,corridor_bounds+dynamics+geo_bounds+halfspace+obstacles,bounds_free-tightened,bounds_free,True,corridor,fm,5.0,4.0,pid_stopgo,0.5,,Gen15,5.0,10.0,0.3,latest,fm_only,none,cuda,,5.0
36,corridor|fm|K5,/u/home/llim/FMPCC/FM-PCC/logs/UAV_MIX/uav-corridor/plans/mix_uav_fm/H8_Dmodels.diffusion.FlowMatchingODE_9D/Efm_K5_mpc4_pid_stopgo_T0.5,6,test,corridor_bounds+dynamics+geo_bounds+halfspace+obstacles,diffuser,diffuser,False,corridor,fm,5.0,4.0,pid_stopgo,0.5,,Gen15,5.0,10.0,0.3,latest,fm_only,none,cuda,,5.0
36,corridor|fm|K5,/u/home/llim/FMPCC/FM-PCC/logs/UAV_MIX/uav-corridor/plans/mix_uav_fm/H8_Dmodels.diffusion.FlowMatchingODE_9D/Efm_K5_mpc4_pid_stopgo_T0.5,6,test,corridor_bounds+dynamics+geo_bounds+halfspace+obstacles,dpcc-c,dpcc-c,False,corridor,fm,5.0,4.0,pid_stopgo,0.5,,Gen15,5.0,10.0,0.3,latest,fm_only,none,cuda,,5.0
36,corridor|fm|K5,/u/home/llim/FMPCC/FM-PCC/logs/UAV_MIX/uav-corridor/plans/mix_uav_fm/H8_Dmodels.diffusion.FlowMatchingODE_9D/Efm_K5_mpc4_pid_stopgo_T0.5,6,test,corridor_bounds+dynamics+geo_bounds+halfspace+obstacles,dpcc-c-tightened,dpcc-c,True,corridor,fm,5.0,4.0,pid_stopgo,0.5,,Gen15,5.0,10.0,0.3,latest,fm_only,none,cuda,,5.0
36,corridor|fm|K5,/u/home/llim/FMPCC/FM-PCC/logs/UAV_MIX/uav-corridor/plans/mix_uav_fm/H8_Dmodels.diffusion.FlowMatchingODE_9D/Efm_K5_mpc4_pid_stopgo_T0.5,6,test,corridor_bounds+dynamics+geo_bounds+halfspace+obstacles,dpcc-r,dpcc-r,False,corridor,fm,5.0,4.0,pid_stopgo,0.5,,Gen15,5.0,10.0,0.3,latest,fm_only,none,cuda,,5.0
36,corridor|fm|K5,/u/home/llim/FMPCC/FM-PCC/logs/UAV_MIX/uav-corridor/plans/mix_uav_fm/H8_Dmodels.diffusion.FlowMatchingODE_9D/Efm_K5_mpc4_pid_stopgo_T0.5,6,test,corridor_bounds+dynamics+geo_bounds+halfspace+obstacles,dpcc-r-tightened,dpcc-r,True,corridor,fm,5.0,4.0,pid_stopgo,0.5,,Gen15,5.0,10.0,0.3,latest,fm_only,none,cuda,,5.0
36,corridor|fm|K5,/u/home/llim/FMPCC/FM-PCC/logs/UAV_MIX/uav-corridor/plans/mix_uav_fm/H8_Dmodels.diffusion.FlowMatchingODE_9D/Efm_K5_mpc4_pid_stopgo_T0.5,6,test,corridor_bounds+dynamics+geo_bounds+halfspace+obstacles,dpcc-t,dpcc-t,False,corridor,fm,5.0,4.0,pid_stopgo,0.5,,Gen15,5.0,10.0,0.3,latest,fm_only,none,cuda,,5.0
36,corridor|fm|K5,/u/home/llim/FMPCC/FM-PCC/logs/UAV_MIX/uav-corridor/plans/mix_uav_fm/H8_Dmodels.diffusion.FlowMatchingODE_9D/Efm_K5_mpc4_pid_stopgo_T0.5,6,test,corridor_bounds+dynamics+geo_bounds+halfspace+obstacles,dpcc-t-tightened,dpcc-t,True,corridor,fm,5.0,4.0,pid_stopgo,0.5,,Gen15,5.0,10.0,0.3,latest,fm_only,none,cuda,,5.0
36,corridor|fm|K5,/u/home/llim/FMPCC/FM-PCC/logs/UAV_MIX/uav-corridor/plans/mix_uav_fm/H8_Dmodels.diffusion.FlowMatchingODE_9D/Efm_K5_mpc4_pid_stopgo_T0.5,6,test,corridor_bounds+dynamics+geo_bounds+halfspace+obstacles,geo_free,geo_free,False,corridor,fm,5.0,4.0,pid_stopgo,0.5,,Gen15,5.0,10.0,0.3,latest,fm_only,none,cuda,,5.0
36,corridor|fm|K5,/u/home/llim/FMPCC/FM-PCC/logs/UAV_MIX/uav-corridor/plans/mix_uav_fm/H8_Dmodels.diffusion.FlowMatchingODE_9D/Efm_K5_mpc4_pid_stopgo_T0.5,6,test,corridor_bounds+dynamics+geo_bounds+halfspace+obstacles,geo_free-bounds_free,geo_free-bounds_free,False,corridor,fm,5.0,4.0,pid_stopgo,0.5,,Gen15,5.0,10.0,0.3,latest,fm_only,none,cuda,,5.0
36,corridor|fm|K5,/u/home/llim/FMPCC/FM-PCC/logs/UAV_MIX/uav-corridor/plans/mix_uav_fm/H8_Dmodels.diffusion.FlowMatchingODE_9D/Efm_K5_mpc4_pid_stopgo_T0.5,6,test,corridor_bounds+dynamics+geo_bounds+halfspace+obstacles,geo_free-model_free,geo_free-model_free,False,corridor,fm,5.0,4.0,pid_stopgo,0.5,,Gen15,5.0,10.0,0.3,latest,fm_only,none,cuda,,5.0
36,corridor|fm|K5,/u/home/llim/FMPCC/FM-PCC/logs/UAV_MIX/uav-corridor/plans/mix_uav_fm/H8_Dmodels.diffusion.FlowMatchingODE_9D/Efm_K5_mpc4_pid_stopgo_T0.5,6,test,corridor_bounds+dynamics+geo_bounds+halfspace+obstacles,gradient,gradient,False,corridor,fm,5.0,4.0,pid_stopgo,0.5,,Gen15,5.0,10.0,0.3,latest,fm_only,none,cuda,,5.0
36,corridor|fm|K5,/u/home/llim/FMPCC/FM-PCC/logs/UAV_MIX/uav-corridor/plans/mix_uav_fm/H8_Dmodels.diffusion.FlowMatchingODE_9D/Efm_K5_mpc4_pid_stopgo_T0.5,6,test,corridor_bounds+dynamics+geo_bounds+halfspace+obstacles,gradient-tightened,gradient,True,corridor,fm,5.0,4.0,pid_stopgo,0.5,,Gen15,5.0,10.0,0.3,latest,fm_only,none,cuda,,5.0
36,corridor|fm|K5,/u/home/llim/FMPCC/FM-PCC/logs/UAV_MIX/uav-corridor/plans/mix_uav_fm/H8_Dmodels.diffusion.FlowMatchingODE_9D/Efm_K5_mpc4_pid_stopgo_T0.5,6,test,corridor_bounds+dynamics+geo_bounds+halfspace+obstacles,hardflow_new,hardflow_new,False,corridor,fm,5.0,4.0,pid_stopgo,0.5,,Gen15,5.0,10.0,0.3,latest,fm_only,none,cuda,,5.0
36,corridor|fm|K5,/u/home/llim/FMPCC/FM-PCC/logs/UAV_MIX/uav-corridor/plans/mix_uav_fm/H8_Dmodels.diffusion.FlowMatchingODE_9D/Efm_K5_mpc4_pid_stopgo_T0.5,6,test,corridor_bounds+dynamics+geo_bounds+halfspace+obstacles,hardflow_new-c,hardflow_new-c,False,corridor,fm,5.0,4.0,pid_stopgo,0.5,,Gen15,5.0,10.0,0.3,latest,fm_only,none,cuda,,5.0
36,corridor|fm|K5,/u/home/llim/FMPCC/FM-PCC/logs/UAV_MIX/uav-corridor/plans/mix_uav_fm/H8_Dmodels.diffusion.FlowMatchingODE_9D/Efm_K5_mpc4_pid_stopgo_T0.5,6,test,corridor_bounds+dynamics+geo_bounds+halfspace+obstacles,hardflow_new-t,hardflow_new-t,False,corridor,fm,5.0,4.0,pid_stopgo,0.5,,Gen15,5.0,10.0,0.3,latest,fm_only,none,cuda,,5.0
36,corridor|fm|K5,/u/home/llim/FMPCC/FM-PCC/logs/UAV_MIX/uav-corridor/plans/mix_uav_fm/H8_Dmodels.diffusion.FlowMatchingODE_9D/Efm_K5_mpc4_pid_stopgo_T0.5,6,test,corridor_bounds+dynamics+geo_bounds+halfspace+obstacles,model_free,model_free,False,corridor,fm,5.0,4.0,pid_stopgo,0.5,,Gen15,5.0,10.0,0.3,latest,fm_only,none,cuda,,5.0
36,corridor|fm|K5,/u/home/llim/FMPCC/FM-PCC/logs/UAV_MIX/uav-corridor/plans/mix_uav_fm/H8_Dmodels.diffusion.FlowMatchingODE_9D/Efm_K5_mpc4_pid_stopgo_T0.5,6,test,corridor_bounds+dynamics+geo_bounds+halfspace+obstacles,model_free-bounds_free,model_free-bounds_free,False,corridor,fm,5.0,4.0,pid_stopgo,0.5,,Gen15,5.0,10.0,0.3,latest,fm_only,none,cuda,,5.0
36,corridor|fm|K5,/u/home/llim/FMPCC/FM-PCC/logs/UAV_MIX/uav-corridor/plans/mix_uav_fm/H8_Dmodels.diffusion.FlowMatchingODE_9D/Efm_K5_mpc4_pid_stopgo_T0.5,6,test,corridor_bounds+dynamics+geo_bounds+halfspace+obstacles,model_free-bounds_free-tightened,model_free-bounds_free,True,corridor,fm,5.0,4.0,pid_stopgo,0.5,,Gen15,5.0,10.0,0.3,latest,fm_only,none,cuda,,5.0
36,corridor|fm|K5,/u/home/llim/FMPCC/FM-PCC/logs/UAV_MIX/uav-corridor/plans/mix_uav_fm/H8_Dmodels.diffusion.FlowMatchingODE_9D/Efm_K5_mpc4_pid_stopgo_T0.5,6,test,corridor_bounds+dynamics+geo_bounds+halfspace+obstacles,model_free-tightened,model_free,True,corridor,fm,5.0,4.0,pid_stopgo,0.5,,Gen15,5.0,10.0,0.3,latest,fm_only,none,cuda,,5.0
36,corridor|fm|K5,/u/home/llim/FMPCC/FM-PCC/logs/UAV_MIX/uav-corridor/plans/mix_uav_fm/H8_Dmodels.diffusion.FlowMatchingODE_9D/Efm_K5_mpc4_pid_stopgo_T0.5,6,test,corridor_bounds+dynamics+geo_bounds+halfspace+obstacles,post_processing,post_processing,False,corridor,fm,5.0,4.0,pid_stopgo,0.5,,Gen15,5.0,10.0,0.3,latest,fm_only,none,cuda,,5.0
36,corridor|fm|K5,/u/home/llim/FMPCC/FM-PCC/logs/UAV_MIX/uav-corridor/plans/mix_uav_fm/H8_Dmodels.diffusion.FlowMatchingODE_9D/Efm_K5_mpc4_pid_stopgo_T0.5,6,test,corridor_bounds+dynamics+geo_bounds+halfspace+obstacles,post_processing-tightened,post_processing,True,corridor,fm,5.0,4.0,pid_stopgo,0.5,,Gen15,5.0,10.0,0.3,latest,fm_only,none,cuda,,5.0
37,corridor|mf|K10|bbunet|dp0.5,/u/home/llim/FMPCC/FM-PCC/logs/UAV_MIX/uav-corridor/plans/mix_uav_mf/H8_Dmodels.mf_diffusion.MeanFlowODE_9D_dp0.5_bbunet/Emf_K10_mpc4_pid_stopgo_T0.5,6,test,corridor_bounds+dynamics+geo_bounds+halfspace+obstacles,bounds_free,bounds_free,False,corridor,mf,10.0,4.0,pid_stopgo,0.5,unet,Gen15,10.0,10.0,0.3,best,fm_only,none,cuda,,10.0
37,corridor|mf|K10|bbunet|dp0.5,/u/home/llim/FMPCC/FM-PCC/logs/UAV_MIX/uav-corridor/plans/mix_uav_mf/H8_Dmodels.mf_diffusion.MeanFlowODE_9D_dp0.5_bbunet/Emf_K10_mpc4_pid_stopgo_T0.5,6,test,corridor_bounds+dynamics+geo_bounds+halfspace+obstacles,bounds_free-tightened,bounds_free,True,corridor,mf,10.0,4.0,pid_stopgo,0.5,unet,Gen15,10.0,10.0,0.3,best,fm_only,none,cuda,,10.0
37,corridor|mf|K10|bbunet|dp0.5,/u/home/llim/FMPCC/FM-PCC/logs/UAV_MIX/uav-corridor/plans/mix_uav_mf/H8_Dmodels.mf_diffusion.MeanFlowODE_9D_dp0.5_bbunet/Emf_K10_mpc4_pid_stopgo_T0.5,6,test,corridor_bounds+dynamics+geo_bounds+halfspace+obstacles,diffuser,diffuser,False,corridor,mf,10.0,4.0,pid_stopgo,0.5,unet,Gen15,10.0,10.0,0.3,best,fm_only,none,cuda,,10.0
37,corridor|mf|K10|bbunet|dp0.5,/u/home/llim/FMPCC/FM-PCC/logs/UAV_MIX/uav-corridor/plans/mix_uav_mf/H8_Dmodels.mf_diffusion.MeanFlowODE_9D_dp0.5_bbunet/Emf_K10_mpc4_pid_stopgo_T0.5,6,test,corridor_bounds+dynamics+geo_bounds+halfspace+obstacles,dpcc-c,dpcc-c,False,corridor,mf,10.0,4.0,pid_stopgo,0.5,unet,Gen15,10.0,10.0,0.3,best,fm_only,none,cuda,,10.0
37,corridor|mf|K10|bbunet|dp0.5,/u/home/llim/FMPCC/FM-PCC/logs/UAV_MIX/uav-corridor/plans/mix_uav_mf/H8_Dmodels.mf_diffusion.MeanFlowODE_9D_dp0.5_bbunet/Emf_K10_mpc4_pid_stopgo_T0.5,6,test,corridor_bounds+dynamics+geo_bounds+halfspace+obstacles,dpcc-c-tightened,dpcc-c,True,corridor,mf,10.0,4.0,pid_stopgo,0.5,unet,Gen15,10.0,10.0,0.3,best,fm_only,none,cuda,,10.0
37,corridor|mf|K10|bbunet|dp0.5,/u/home/llim/FMPCC/FM-PCC/logs/UAV_MIX/uav-corridor/plans/mix_uav_mf/H8_Dmodels.mf_diffusion.MeanFlowODE_9D_dp0.5_bbunet/Emf_K10_mpc4_pid_stopgo_T0.5,6,test,corridor_bounds+dynamics+geo_bounds+halfspace+obstacles,dpcc-r,dpcc-r,False,corridor,mf,10.0,4.0,pid_stopgo,0.5,unet,Gen15,10.0,10.0,0.3,best,fm_only,none,cuda,,10.0
37,corridor|mf|K10|bbunet|dp0.5,/u/home/llim/FMPCC/FM-PCC/logs/UAV_MIX/uav-corridor/plans/mix_uav_mf/H8_Dmodels.mf_diffusion.MeanFlowODE_9D_dp0.5_bbunet/Emf_K10_mpc4_pid_stopgo_T0.5,6,test,corridor_bounds+dynamics+geo_bounds+halfspace+obstacles,dpcc-r-tightened,dpcc-r,True,corridor,mf,10.0,4.0,pid_stopgo,0.5,unet,Gen15,10.0,10.0,0.3,best,fm_only,none,cuda,,10.0
37,corridor|mf|K10|bbunet|dp0.5,/u/home/llim/FMPCC/FM-PCC/logs/UAV_MIX/uav-corridor/plans/mix_uav_mf/H8_Dmodels.mf_diffusion.MeanFlowODE_9D_dp0.5_bbunet/Emf_K10_mpc4_pid_stopgo_T0.5,6,test,corridor_bounds+dynamics+geo_bounds+halfspace+obstacles,dpcc-t,dpcc-t,False,corridor,mf,10.0,4.0,pid_stopgo,0.5,unet,Gen15,10.0,10.0,0.3,best,fm_only,none,cuda,,10.0
37,corridor|mf|K10|bbunet|dp0.5,/u/home/llim/FMPCC/FM-PCC/logs/UAV_MIX/uav-corridor/plans/mix_uav_mf/H8_Dmodels.mf_diffusion.MeanFlowODE_9D_dp0.5_bbunet/Emf_K10_mpc4_pid_stopgo_T0.5,6,test,corridor_bounds+dynamics+geo_bounds+halfspace+obstacles,dpcc-t-tightened,dpcc-t,True,corridor,mf,10.0,4.0,pid_stopgo,0.5,unet,Gen15,10.0,10.0,0.3,best,fm_only,none,cuda,,10.0
37,corridor|mf|K10|bbunet|dp0.5,/u/home/llim/FMPCC/FM-PCC/logs/UAV_MIX/uav-corridor/plans/mix_uav_mf/H8_Dmodels.mf_diffusion.MeanFlowODE_9D_dp0.5_bbunet/Emf_K10_mpc4_pid_stopgo_T0.5,6,test,corridor_bounds+dynamics+geo_bounds+halfspace+obstacles,geo_free,geo_free,False,corridor,mf,10.0,4.0,pid_stopgo,0.5,unet,Gen15,10.0,10.0,0.3,best,fm_only,none,cuda,,10.0
37,corridor|mf|K10|bbunet|dp0.5,/u/home/llim/FMPCC/FM-PCC/logs/UAV_MIX/uav-corridor/plans/mix_uav_mf/H8_Dmodels.mf_diffusion.MeanFlowODE_9D_dp0.5_bbunet/Emf_K10_mpc4_pid_stopgo_T0.5,6,test,corridor_bounds+dynamics+geo_bounds+halfspace+obstacles,geo_free-bounds_free,geo_free-bounds_free,False,corridor,mf,10.0,4.0,pid_stopgo,0.5,unet,Gen15,10.0,10.0,0.3,best,fm_only,none,cuda,,10.0
37,corridor|mf|K10|bbunet|dp0.5,/u/home/llim/FMPCC/FM-PCC/logs/UAV_MIX/uav-corridor/plans/mix_uav_mf/H8_Dmodels.mf_diffusion.MeanFlowODE_9D_dp0.5_bbunet/Emf_K10_mpc4_pid_stopgo_T0.5,6,test,corridor_bounds+dynamics+geo_bounds+halfspace+obstacles,geo_free-model_free,geo_free-model_free,False,corridor,mf,10.0,4.0,pid_stopgo,0.5,unet,Gen15,10.0,10.0,0.3,best,fm_only,none,cuda,,10.0
37,corridor|mf|K10|bbunet|dp0.5,/u/home/llim/FMPCC/FM-PCC/logs/UAV_MIX/uav-corridor/plans/mix_uav_mf/H8_Dmodels.mf_diffusion.MeanFlowODE_9D_dp0.5_bbunet/Emf_K10_mpc4_pid_stopgo_T0.5,6,test,corridor_bounds+dynamics+geo_bounds+halfspace+obstacles,gradient,gradient,False,corridor,mf,10.0,4.0,pid_stopgo,0.5,unet,Gen15,10.0,10.0,0.3,best,fm_only,none,cuda,,10.0
37,corridor|mf|K10|bbunet|dp0.5,/u/home/llim/FMPCC/FM-PCC/logs/UAV_MIX/uav-corridor/plans/mix_uav_mf/H8_Dmodels.mf_diffusion.MeanFlowODE_9D_dp0.5_bbunet/Emf_K10_mpc4_pid_stopgo_T0.5,6,test,corridor_bounds+dynamics+geo_bounds+halfspace+obstacles,gradient-tightened,gradient,True,corridor,mf,10.0,4.0,pid_stopgo,0.5,unet,Gen15,10.0,10.0,0.3,best,fm_only,none,cuda,,10.0
37,corridor|mf|K10|bbunet|dp0.5,/u/home/llim/FMPCC/FM-PCC/logs/UAV_MIX/uav-corridor/plans/mix_uav_mf/H8_Dmodels.mf_diffusion.MeanFlowODE_9D_dp0.5_bbunet/Emf_K10_mpc4_pid_stopgo_T0.5,6,test,corridor_bounds+dynamics+geo_bounds+halfspace+obstacles,hardflow_new,hardflow_new,False,corridor,mf,10.0,4.0,pid_stopgo,0.5,unet,Gen15,10.0,10.0,0.3,best,fm_only,none,cuda,,10.0
37,corridor|mf|K10|bbunet|dp0.5,/u/home/llim/FMPCC/FM-PCC/logs/UAV_MIX/uav-corridor/plans/mix_uav_mf/H8_Dmodels.mf_diffusion.MeanFlowODE_9D_dp0.5_bbunet/Emf_K10_mpc4_pid_stopgo_T0.5,6,test,corridor_bounds+dynamics+geo_bounds+halfspace+obstacles,hardflow_new-c,hardflow_new-c,False,corridor,mf,10.0,4.0,pid_stopgo,0.5,unet,Gen15,10.0,10.0,0.3,best,fm_only,none,cuda,,10.0
37,corridor|mf|K10|bbunet|dp0.5,/u/home/llim/FMPCC/FM-PCC/logs/UAV_MIX/uav-corridor/plans/mix_uav_mf/H8_Dmodels.mf_diffusion.MeanFlowODE_9D_dp0.5_bbunet/Emf_K10_mpc4_pid_stopgo_T0.5,6,test,corridor_bounds+dynamics+geo_bounds+halfspace+obstacles,hardflow_new-t,hardflow_new-t,False,corridor,mf,10.0,4.0,pid_stopgo,0.5,unet,Gen15,10.0,10.0,0.3,best,fm_only,none,cuda,,10.0
37,corridor|mf|K10|bbunet|dp0.5,/u/home/llim/FMPCC/FM-PCC/logs/UAV_MIX/uav-corridor/plans/mix_uav_mf/H8_Dmodels.mf_diffusion.MeanFlowODE_9D_dp0.5_bbunet/Emf_K10_mpc4_pid_stopgo_T0.5,6,test,corridor_bounds+dynamics+geo_bounds+halfspace+obstacles,model_free,model_free,False,corridor,mf,10.0,4.0,pid_stopgo,0.5,unet,Gen15,10.0,10.0,0.3,best,fm_only,none,cuda,,10.0
37,corridor|mf|K10|bbunet|dp0.5,/u/home/llim/FMPCC/FM-PCC/logs/UAV_MIX/uav-corridor/plans/mix_uav_mf/H8_Dmodels.mf_diffusion.MeanFlowODE_9D_dp0.5_bbunet/Emf_K10_mpc4_pid_stopgo_T0.5,6,test,corridor_bounds+dynamics+geo_bounds+halfspace+obstacles,model_free-bounds_free,model_free-bounds_free,False,corridor,mf,10.0,4.0,pid_stopgo,0.5,unet,Gen15,10.0,10.0,0.3,best,fm_only,none,cuda,,10.0
37,corridor|mf|K10|bbunet|dp0.5,/u/home/llim/FMPCC/FM-PCC/logs/UAV_MIX/uav-corridor/plans/mix_uav_mf/H8_Dmodels.mf_diffusion.MeanFlowODE_9D_dp0.5_bbunet/Emf_K10_mpc4_pid_stopgo_T0.5,6,test,corridor_bounds+dynamics+geo_bounds+halfspace+obstacles,model_free-bounds_free-tightened,model_free-bounds_free,True,corridor,mf,10.0,4.0,pid_stopgo,0.5,unet,Gen15,10.0,10.0,0.3,best,fm_only,none,cuda,,10.0
37,corridor|mf|K10|bbunet|dp0.5,/u/home/llim/FMPCC/FM-PCC/logs/UAV_MIX/uav-corridor/plans/mix_uav_mf/H8_Dmodels.mf_diffusion.MeanFlowODE_9D_dp0.5_bbunet/Emf_K10_mpc4_pid_stopgo_T0.5,6,test,corridor_bounds+dynamics+geo_bounds+halfspace+obstacles,model_free-tightened,model_free,True,corridor,mf,10.0,4.0,pid_stopgo,0.5,unet,Gen15,10.0,10.0,0.3,best,fm_only,none,cuda,,10.0
37,corridor|mf|K10|bbunet|dp0.5,/u/home/llim/FMPCC/FM-PCC/logs/UAV_MIX/uav-corridor/plans/mix_uav_mf/H8_Dmodels.mf_diffusion.MeanFlowODE_9D_dp0.5_bbunet/Emf_K10_mpc4_pid_stopgo_T0.5,6,test,corridor_bounds+dynamics+geo_bounds+halfspace+obstacles,post_processing,post_processing,False,corridor,mf,10.0,4.0,pid_stopgo,0.5,unet,Gen15,10.0,10.0,0.3,best,fm_only,none,cuda,,10.0
37,corridor|mf|K10|bbunet|dp0.5,/u/home/llim/FMPCC/FM-PCC/logs/UAV_MIX/uav-corridor/plans/mix_uav_mf/H8_Dmodels.mf_diffusion.MeanFlowODE_9D_dp0.5_bbunet/Emf_K10_mpc4_pid_stopgo_T0.5,6,test,corridor_bounds+dynamics+geo_bounds+halfspace+obstacles,post_processing-tightened,post_processing,True,corridor,mf,10.0,4.0,pid_stopgo,0.5,unet,Gen15,10.0,10.0,0.3,best,fm_only,none,cuda,,10.0
38,corridor|mf|K1|bbunet|dp0.5,/u/home/llim/FMPCC/FM-PCC/logs/UAV_MIX/uav-corridor/plans/mix_uav_mf/H8_Dmodels.mf_diffusion.MeanFlowODE_9D_dp0.5_bbunet/Emf_K1_mpc4_pid_stopgo_T0.5,6,test,corridor_bounds+dynamics+geo_bounds+halfspace+obstacles,bounds_free,bounds_free,False,corridor,mf,1.0,4.0,pid_stopgo,0.5,unet,Gen15,1.0,10.0,0.3,best,fm_only,none,cuda,,1.0
38,corridor|mf|K1|bbunet|dp0.5,/u/home/llim/FMPCC/FM-PCC/logs/UAV_MIX/uav-corridor/plans/mix_uav_mf/H8_Dmodels.mf_diffusion.MeanFlowODE_9D_dp0.5_bbunet/Emf_K1_mpc4_pid_stopgo_T0.5,6,test,corridor_bounds+dynamics+geo_bounds+halfspace+obstacles,bounds_free-tightened,bounds_free,True,corridor,mf,1.0,4.0,pid_stopgo,0.5,unet,Gen15,1.0,10.0,0.3,best,fm_only,none,cuda,,1.0
38,corridor|mf|K1|bbunet|dp0.5,/u/home/llim/FMPCC/FM-PCC/logs/UAV_MIX/uav-corridor/plans/mix_uav_mf/H8_Dmodels.mf_diffusion.MeanFlowODE_9D_dp0.5_bbunet/Emf_K1_mpc4_pid_stopgo_T0.5,6,test,corridor_bounds+dynamics+geo_bounds+halfspace+obstacles,diffuser,diffuser,False,corridor,mf,1.0,4.0,pid_stopgo,0.5,unet,Gen15,1.0,10.0,0.3,best,fm_only,none,cuda,,1.0
38,corridor|mf|K1|bbunet|dp0.5,/u/home/llim/FMPCC/FM-PCC/logs/UAV_MIX/uav-corridor/plans/mix_uav_mf/H8_Dmodels.mf_diffusion.MeanFlowODE_9D_dp0.5_bbunet/Emf_K1_mpc4_pid_stopgo_T0.5,6,test,corridor_bounds+dynamics+geo_bounds+halfspace+obstacles,dpcc-c,dpcc-c,False,corridor,mf,1.0,4.0,pid_stopgo,0.5,unet,Gen15,1.0,10.0,0.3,best,fm_only,none,cuda,,1.0
38,corridor|mf|K1|bbunet|dp0.5,/u/home/llim/FMPCC/FM-PCC/logs/UAV_MIX/uav-corridor/plans/mix_uav_mf/H8_Dmodels.mf_diffusion.MeanFlowODE_9D_dp0.5_bbunet/Emf_K1_mpc4_pid_stopgo_T0.5,6,test,corridor_bounds+dynamics+geo_bounds+halfspace+obstacles,dpcc-c-tightened,dpcc-c,True,corridor,mf,1.0,4.0,pid_stopgo,0.5,unet,Gen15,1.0,10.0,0.3,best,fm_only,none,cuda,,1.0
38,corridor|mf|K1|bbunet|dp0.5,/u/home/llim/FMPCC/FM-PCC/logs/UAV_MIX/uav-corridor/plans/mix_uav_mf/H8_Dmodels.mf_diffusion.MeanFlowODE_9D_dp0.5_bbunet/Emf_K1_mpc4_pid_stopgo_T0.5,6,test,corridor_bounds+dynamics+geo_bounds+halfspace+obstacles,dpcc-r,dpcc-r,False,corridor,mf,1.0,4.0,pid_stopgo,0.5,unet,Gen15,1.0,10.0,0.3,best,fm_only,none,cuda,,1.0
38,corridor|mf|K1|bbunet|dp0.5,/u/home/llim/FMPCC/FM-PCC/logs/UAV_MIX/uav-corridor/plans/mix_uav_mf/H8_Dmodels.mf_diffusion.MeanFlowODE_9D_dp0.5_bbunet/Emf_K1_mpc4_pid_stopgo_T0.5,6,test,corridor_bounds+dynamics+geo_bounds+halfspace+obstacles,dpcc-r-tightened,dpcc-r,True,corridor,mf,1.0,4.0,pid_stopgo,0.5,unet,Gen15,1.0,10.0,0.3,best,fm_only,none,cuda,,1.0
38,corridor|mf|K1|bbunet|dp0.5,/u/home/llim/FMPCC/FM-PCC/logs/UAV_MIX/uav-corridor/plans/mix_uav_mf/H8_Dmodels.mf_diffusion.MeanFlowODE_9D_dp0.5_bbunet/Emf_K1_mpc4_pid_stopgo_T0.5,6,test,corridor_bounds+dynamics+geo_bounds+halfspace+obstacles,dpcc-t,dpcc-t,False,corridor,mf,1.0,4.0,pid_stopgo,0.5,unet,Gen15,1.0,10.0,0.3,best,fm_only,none,cuda,,1.0
38,corridor|mf|K1|bbunet|dp0.5,/u/home/llim/FMPCC/FM-PCC/logs/UAV_MIX/uav-corridor/plans/mix_uav_mf/H8_Dmodels.mf_diffusion.MeanFlowODE_9D_dp0.5_bbunet/Emf_K1_mpc4_pid_stopgo_T0.5,6,test,corridor_bounds+dynamics+geo_bounds+halfspace+obstacles,dpcc-t-tightened,dpcc-t,True,corridor,mf,1.0,4.0,pid_stopgo,0.5,unet,Gen15,1.0,10.0,0.3,best,fm_only,none,cuda,,1.0
38,corridor|mf|K1|bbunet|dp0.5,/u/home/llim/FMPCC/FM-PCC/logs/UAV_MIX/uav-corridor/plans/mix_uav_mf/H8_Dmodels.mf_diffusion.MeanFlowODE_9D_dp0.5_bbunet/Emf_K1_mpc4_pid_stopgo_T0.5,6,test,corridor_bounds+dynamics+geo_bounds+halfspace+obstacles,geo_free,geo_free,False,corridor,mf,1.0,4.0,pid_stopgo,0.5,unet,Gen15,1.0,10.0,0.3,best,fm_only,none,cuda,,1.0
38,corridor|mf|K1|bbunet|dp0.5,/u/home/llim/FMPCC/FM-PCC/logs/UAV_MIX/uav-corridor/plans/mix_uav_mf/H8_Dmodels.mf_diffusion.MeanFlowODE_9D_dp0.5_bbunet/Emf_K1_mpc4_pid_stopgo_T0.5,6,test,corridor_bounds+dynamics+geo_bounds+halfspace+obstacles,geo_free-bounds_free,geo_free-bounds_free,False,corridor,mf,1.0,4.0,pid_stopgo,0.5,unet,Gen15,1.0,10.0,0.3,best,fm_only,none,cuda,,1.0
38,corridor|mf|K1|bbunet|dp0.5,/u/home/llim/FMPCC/FM-PCC/logs/UAV_MIX/uav-corridor/plans/mix_uav_mf/H8_Dmodels.mf_diffusion.MeanFlowODE_9D_dp0.5_bbunet/Emf_K1_mpc4_pid_stopgo_T0.5,6,test,corridor_bounds+dynamics+geo_bounds+halfspace+obstacles,geo_free-model_free,geo_free-model_free,False,corridor,mf,1.0,4.0,pid_stopgo,0.5,unet,Gen15,1.0,10.0,0.3,best,fm_only,none,cuda,,1.0
38,corridor|mf|K1|bbunet|dp0.5,/u/home/llim/FMPCC/FM-PCC/logs/UAV_MIX/uav-corridor/plans/mix_uav_mf/H8_Dmodels.mf_diffusion.MeanFlowODE_9D_dp0.5_bbunet/Emf_K1_mpc4_pid_stopgo_T0.5,6,test,corridor_bounds+dynamics+geo_bounds+halfspace+obstacles,gradient,gradient,False,corridor,mf,1.0,4.0,pid_stopgo,0.5,unet,Gen15,1.0,10.0,0.3,best,fm_only,none,cuda,,1.0
38,corridor|mf|K1|bbunet|dp0.5,/u/home/llim/FMPCC/FM-PCC/logs/UAV_MIX/uav-corridor/plans/mix_uav_mf/H8_Dmodels.mf_diffusion.MeanFlowODE_9D_dp0.5_bbunet/Emf_K1_mpc4_pid_stopgo_T0.5,6,test,corridor_bounds+dynamics+geo_bounds+halfspace+obstacles,gradient-tightened,gradient,True,corridor,mf,1.0,4.0,pid_stopgo,0.5,unet,Gen15,1.0,10.0,0.3,best,fm_only,none,cuda,,1.0
38,corridor|mf|K1|bbunet|dp0.5,/u/home/llim/FMPCC/FM-PCC/logs/UAV_MIX/uav-corridor/plans/mix_uav_mf/H8_Dmodels.mf_diffusion.MeanFlowODE_9D_dp0.5_bbunet/Emf_K1_mpc4_pid_stopgo_T0.5,6,test,corridor_bounds+dynamics+geo_bounds+halfspace+obstacles,hardflow_new,hardflow_new,False,corridor,mf,1.0,4.0,pid_stopgo,0.5,unet,Gen15,1.0,10.0,0.3,best,fm_only,none,cuda,,1.0
38,corridor|mf|K1|bbunet|dp0.5,/u/home/llim/FMPCC/FM-PCC/logs/UAV_MIX/uav-corridor/plans/mix_uav_mf/H8_Dmodels.mf_diffusion.MeanFlowODE_9D_dp0.5_bbunet/Emf_K1_mpc4_pid_stopgo_T0.5,6,test,corridor_bounds+dynamics+geo_bounds+halfspace+obstacles,hardflow_new-c,hardflow_new-c,False,corridor,mf,1.0,4.0,pid_stopgo,0.5,unet,Gen15,1.0,10.0,0.3,best,fm_only,none,cuda,,1.0
38,corridor|mf|K1|bbunet|dp0.5,/u/home/llim/FMPCC/FM-PCC/logs/UAV_MIX/uav-corridor/plans/mix_uav_mf/H8_Dmodels.mf_diffusion.MeanFlowODE_9D_dp0.5_bbunet/Emf_K1_mpc4_pid_stopgo_T0.5,6,test,corridor_bounds+dynamics+geo_bounds+halfspace+obstacles,hardflow_new-t,hardflow_new-t,False,corridor,mf,1.0,4.0,pid_stopgo,0.5,unet,Gen15,1.0,10.0,0.3,best,fm_only,none,cuda,,1.0
38,corridor|mf|K1|bbunet|dp0.5,/u/home/llim/FMPCC/FM-PCC/logs/UAV_MIX/uav-corridor/plans/mix_uav_mf/H8_Dmodels.mf_diffusion.MeanFlowODE_9D_dp0.5_bbunet/Emf_K1_mpc4_pid_stopgo_T0.5,6,test,corridor_bounds+dynamics+geo_bounds+halfspace+obstacles,model_free,model_free,False,corridor,mf,1.0,4.0,pid_stopgo,0.5,unet,Gen15,1.0,10.0,0.3,best,fm_only,none,cuda,,1.0
38,corridor|mf|K1|bbunet|dp0.5,/u/home/llim/FMPCC/FM-PCC/logs/UAV_MIX/uav-corridor/plans/mix_uav_mf/H8_Dmodels.mf_diffusion.MeanFlowODE_9D_dp0.5_bbunet/Emf_K1_mpc4_pid_stopgo_T0.5,6,test,corridor_bounds+dynamics+geo_bounds+halfspace+obstacles,model_free-bounds_free,model_free-bounds_free,False,corridor,mf,1.0,4.0,pid_stopgo,0.5,unet,Gen15,1.0,10.0,0.3,best,fm_only,none,cuda,,1.0
38,corridor|mf|K1|bbunet|dp0.5,/u/home/llim/FMPCC/FM-PCC/logs/UAV_MIX/uav-corridor/plans/mix_uav_mf/H8_Dmodels.mf_diffusion.MeanFlowODE_9D_dp0.5_bbunet/Emf_K1_mpc4_pid_stopgo_T0.5,6,test,corridor_bounds+dynamics+geo_bounds+halfspace+obstacles,model_free-bounds_free-tightened,model_free-bounds_free,True,corridor,mf,1.0,4.0,pid_stopgo,0.5,unet,Gen15,1.0,10.0,0.3,best,fm_only,none,cuda,,1.0
38,corridor|mf|K1|bbunet|dp0.5,/u/home/llim/FMPCC/FM-PCC/logs/UAV_MIX/uav-corridor/plans/mix_uav_mf/H8_Dmodels.mf_diffusion.MeanFlowODE_9D_dp0.5_bbunet/Emf_K1_mpc4_pid_stopgo_T0.5,6,test,corridor_bounds+dynamics+geo_bounds+halfspace+obstacles,model_free-tightened,model_free,True,corridor,mf,1.0,4.0,pid_stopgo,0.5,unet,Gen15,1.0,10.0,0.3,best,fm_only,none,cuda,,1.0
38,corridor|mf|K1|bbunet|dp0.5,/u/home/llim/FMPCC/FM-PCC/logs/UAV_MIX/uav-corridor/plans/mix_uav_mf/H8_Dmodels.mf_diffusion.MeanFlowODE_9D_dp0.5_bbunet/Emf_K1_mpc4_pid_stopgo_T0.5,6,test,corridor_bounds+dynamics+geo_bounds+halfspace+obstacles,post_processing,post_processing,False,corridor,mf,1.0,4.0,pid_stopgo,0.5,unet,Gen15,1.0,10.0,0.3,best,fm_only,none,cuda,,1.0
38,corridor|mf|K1|bbunet|dp0.5,/u/home/llim/FMPCC/FM-PCC/logs/UAV_MIX/uav-corridor/plans/mix_uav_mf/H8_Dmodels.mf_diffusion.MeanFlowODE_9D_dp0.5_bbunet/Emf_K1_mpc4_pid_stopgo_T0.5,6,test,corridor_bounds+dynamics+geo_bounds+halfspace+obstacles,post_processing-tightened,post_processing,True,corridor,mf,1.0,4.0,pid_stopgo,0.5,unet,Gen15,1.0,10.0,0.3,best,fm_only,none,cuda,,1.0
39,corridor|mf|K20|bbunet|dp0.5,/u/home/llim/FMPCC/FM-PCC/logs/UAV_MIX/uav-corridor/plans/mix_uav_mf/H8_Dmodels.mf_diffusion.MeanFlowODE_9D_dp0.5_bbunet/Emf_K20_mpc4_pid_stopgo_T0.5,6,test,corridor_bounds+dynamics+geo_bounds+halfspace+obstacles,bounds_free,bounds_free,False,corridor,mf,20.0,4.0,pid_stopgo,0.5,unet,Gen15,20.0,10.0,0.3,best,fm_only,none,cuda,,20.0
39,corridor|mf|K20|bbunet|dp0.5,/u/home/llim/FMPCC/FM-PCC/logs/UAV_MIX/uav-corridor/plans/mix_uav_mf/H8_Dmodels.mf_diffusion.MeanFlowODE_9D_dp0.5_bbunet/Emf_K20_mpc4_pid_stopgo_T0.5,6,test,corridor_bounds+dynamics+geo_bounds+halfspace+obstacles,bounds_free-tightened,bounds_free,True,corridor,mf,20.0,4.0,pid_stopgo,0.5,unet,Gen15,20.0,10.0,0.3,best,fm_only,none,cuda,,20.0
39,corridor|mf|K20|bbunet|dp0.5,/u/home/llim/FMPCC/FM-PCC/logs/UAV_MIX/uav-corridor/plans/mix_uav_mf/H8_Dmodels.mf_diffusion.MeanFlowODE_9D_dp0.5_bbunet/Emf_K20_mpc4_pid_stopgo_T0.5,6,test,corridor_bounds+dynamics+geo_bounds+halfspace+obstacles,diffuser,diffuser,False,corridor,mf,20.0,4.0,pid_stopgo,0.5,unet,Gen15,20.0,10.0,0.3,best,fm_only,none,cuda,,20.0
39,corridor|mf|K20|bbunet|dp0.5,/u/home/llim/FMPCC/FM-PCC/logs/UAV_MIX/uav-corridor/plans/mix_uav_mf/H8_Dmodels.mf_diffusion.MeanFlowODE_9D_dp0.5_bbunet/Emf_K20_mpc4_pid_stopgo_T0.5,6,test,corridor_bounds+dynamics+geo_bounds+halfspace+obstacles,dpcc-c,dpcc-c,False,corridor,mf,20.0,4.0,pid_stopgo,0.5,unet,Gen15,20.0,10.0,0.3,best,fm_only,none,cuda,,20.0
39,corridor|mf|K20|bbunet|dp0.5,/u/home/llim/FMPCC/FM-PCC/logs/UAV_MIX/uav-corridor/plans/mix_uav_mf/H8_Dmodels.mf_diffusion.MeanFlowODE_9D_dp0.5_bbunet/Emf_K20_mpc4_pid_stopgo_T0.5,6,test,corridor_bounds+dynamics+geo_bounds+halfspace+obstacles,dpcc-c-tightened,dpcc-c,True,corridor,mf,20.0,4.0,pid_stopgo,0.5,unet,Gen15,20.0,10.0,0.3,best,fm_only,none,cuda,,20.0
39,corridor|mf|K20|bbunet|dp0.5,/u/home/llim/FMPCC/FM-PCC/logs/UAV_MIX/uav-corridor/plans/mix_uav_mf/H8_Dmodels.mf_diffusion.MeanFlowODE_9D_dp0.5_bbunet/Emf_K20_mpc4_pid_stopgo_T0.5,6,test,corridor_bounds+dynamics+geo_bounds+halfspace+obstacles,dpcc-r,dpcc-r,False,corridor,mf,20.0,4.0,pid_stopgo,0.5,unet,Gen15,20.0,10.0,0.3,best,fm_only,none,cuda,,20.0
39,corridor|mf|K20|bbunet|dp0.5,/u/home/llim/FMPCC/FM-PCC/logs/UAV_MIX/uav-corridor/plans/mix_uav_mf/H8_Dmodels.mf_diffusion.MeanFlowODE_9D_dp0.5_bbunet/Emf_K20_mpc4_pid_stopgo_T0.5,6,test,corridor_bounds+dynamics+geo_bounds+halfspace+obstacles,dpcc-r-tightened,dpcc-r,True,corridor,mf,20.0,4.0,pid_stopgo,0.5,unet,Gen15,20.0,10.0,0.3,best,fm_only,none,cuda,,20.0
39,corridor|mf|K20|bbunet|dp0.5,/u/home/llim/FMPCC/FM-PCC/logs/UAV_MIX/uav-corridor/plans/mix_uav_mf/H8_Dmodels.mf_diffusion.MeanFlowODE_9D_dp0.5_bbunet/Emf_K20_mpc4_pid_stopgo_T0.5,6,test,corridor_bounds+dynamics+geo_bounds+halfspace+obstacles,dpcc-t,dpcc-t,False,corridor,mf,20.0,4.0,pid_stopgo,0.5,unet,Gen15,20.0,10.0,0.3,best,fm_only,none,cuda,,20.0
39,corridor|mf|K20|bbunet|dp0.5,/u/home/llim/FMPCC/FM-PCC/logs/UAV_MIX/uav-corridor/plans/mix_uav_mf/H8_Dmodels.mf_diffusion.MeanFlowODE_9D_dp0.5_bbunet/Emf_K20_mpc4_pid_stopgo_T0.5,6,test,corridor_bounds+dynamics+geo_bounds+halfspace+obstacles,dpcc-t-tightened,dpcc-t,True,corridor,mf,20.0,4.0,pid_stopgo,0.5,unet,Gen15,20.0,,,,,,,,
39,corridor|mf|K20|bbunet|dp0.5,/u/home/llim/FMPCC/FM-PCC/logs/UAV_MIX/uav-corridor/plans/mix_uav_mf/H8_Dmodels.mf_diffusion.MeanFlowODE_9D_dp0.5_bbunet/Emf_K20_mpc4_pid_stopgo_T0.5,6,test,corridor_bounds+dynamics+geo_bounds+halfspace+obstacles,geo_free,geo_free,False,corridor,mf,20.0,4.0,pid_stopgo,0.5,unet,Gen15,20.0,10.0,0.3,best,fm_only,none,cuda,,20.0
39,corridor|mf|K20|bbunet|dp0.5,/u/home/llim/FMPCC/FM-PCC/logs/UAV_MIX/uav-corridor/plans/mix_uav_mf/H8_Dmodels.mf_diffusion.MeanFlowODE_9D_dp0.5_bbunet/Emf_K20_mpc4_pid_stopgo_T0.5,6,test,corridor_bounds+dynamics+geo_bounds+halfspace+obstacles,geo_free-bounds_free,geo_free-bounds_free,False,corridor,mf,20.0,4.0,pid_stopgo,0.5,unet,Gen15,20.0,10.0,0.3,best,fm_only,none,cuda,,20.0
39,corridor|mf|K20|bbunet|dp0.5,/u/home/llim/FMPCC/FM-PCC/logs/UAV_MIX/uav-corridor/plans/mix_uav_mf/H8_Dmodels.mf_diffusion.MeanFlowODE_9D_dp0.5_bbunet/Emf_K20_mpc4_pid_stopgo_T0.5,6,test,corridor_bounds+dynamics+geo_bounds+halfspace+obstacles,geo_free-model_free,geo_free-model_free,False,corridor,mf,20.0,4.0,pid_stopgo,0.5,unet,Gen15,20.0,10.0,0.3,best,fm_only,none,cuda,,20.0
39,corridor|mf|K20|bbunet|dp0.5,/u/home/llim/FMPCC/FM-PCC/logs/UAV_MIX/uav-corridor/plans/mix_uav_mf/H8_Dmodels.mf_diffusion.MeanFlowODE_9D_dp0.5_bbunet/Emf_K20_mpc4_pid_stopgo_T0.5,6,test,corridor_bounds+dynamics+geo_bounds+halfspace+obstacles,gradient,gradient,False,corridor,mf,20.0,4.0,pid_stopgo,0.5,unet,Gen15,20.0,10.0,0.3,best,fm_only,none,cuda,,20.0
39,corridor|mf|K20|bbunet|dp0.5,/u/home/llim/FMPCC/FM-PCC/logs/UAV_MIX/uav-corridor/plans/mix_uav_mf/H8_Dmodels.mf_diffusion.MeanFlowODE_9D_dp0.5_bbunet/Emf_K20_mpc4_pid_stopgo_T0.5,6,test,corridor_bounds+dynamics+geo_bounds+halfspace+obstacles,gradient-tightened,gradient,True,corridor,mf,20.0,4.0,pid_stopgo,0.5,unet,Gen15,20.0,10.0,0.3,best,fm_only,none,cuda,,20.0
39,corridor|mf|K20|bbunet|dp0.5,/u/home/llim/FMPCC/FM-PCC/logs/UAV_MIX/uav-corridor/plans/mix_uav_mf/H8_Dmodels.mf_diffusion.MeanFlowODE_9D_dp0.5_bbunet/Emf_K20_mpc4_pid_stopgo_T0.5,6,test,corridor_bounds+dynamics+geo_bounds+halfspace+obstacles,model_free,model_free,False,corridor,mf,20.0,4.0,pid_stopgo,0.5,unet,Gen15,20.0,10.0,0.3,best,fm_only,none,cuda,,20.0
39,corridor|mf|K20|bbunet|dp0.5,/u/home/llim/FMPCC/FM-PCC/logs/UAV_MIX/uav-corridor/plans/mix_uav_mf/H8_Dmodels.mf_diffusion.MeanFlowODE_9D_dp0.5_bbunet/Emf_K20_mpc4_pid_stopgo_T0.5,6,test,corridor_bounds+dynamics+geo_bounds+halfspace+obstacles,model_free-bounds_free,model_free-bounds_free,False,corridor,mf,20.0,4.0,pid_stopgo,0.5,unet,Gen15,20.0,10.0,0.3,best,fm_only,none,cuda,,20.0
39,corridor|mf|K20|bbunet|dp0.5,/u/home/llim/FMPCC/FM-PCC/logs/UAV_MIX/uav-corridor/plans/mix_uav_mf/H8_Dmodels.mf_diffusion.MeanFlowODE_9D_dp0.5_bbunet/Emf_K20_mpc4_pid_stopgo_T0.5,6,test,corridor_bounds+dynamics+geo_bounds+halfspace+obstacles,model_free-bounds_free-tightened,model_free-bounds_free,True,corridor,mf,20.0,4.0,pid_stopgo,0.5,unet,Gen15,20.0,10.0,0.3,best,fm_only,none,cuda,,20.0
39,corridor|mf|K20|bbunet|dp0.5,/u/home/llim/FMPCC/FM-PCC/logs/UAV_MIX/uav-corridor/plans/mix_uav_mf/H8_Dmodels.mf_diffusion.MeanFlowODE_9D_dp0.5_bbunet/Emf_K20_mpc4_pid_stopgo_T0.5,6,test,corridor_bounds+dynamics+geo_bounds+halfspace+obstacles,model_free-tightened,model_free,True,corridor,mf,20.0,4.0,pid_stopgo,0.5,unet,Gen15,20.0,10.0,0.3,best,fm_only,none,cuda,,20.0
39,corridor|mf|K20|bbunet|dp0.5,/u/home/llim/FMPCC/FM-PCC/logs/UAV_MIX/uav-corridor/plans/mix_uav_mf/H8_Dmodels.mf_diffusion.MeanFlowODE_9D_dp0.5_bbunet/Emf_K20_mpc4_pid_stopgo_T0.5,6,test,corridor_bounds+dynamics+geo_bounds+halfspace+obstacles,post_processing,post_processing,False,corridor,mf,20.0,4.0,pid_stopgo,0.5,unet,Gen15,20.0,10.0,0.3,best,fm_only,none,cuda,,20.0
39,corridor|mf|K20|bbunet|dp0.5,/u/home/llim/FMPCC/FM-PCC/logs/UAV_MIX/uav-corridor/plans/mix_uav_mf/H8_Dmodels.mf_diffusion.MeanFlowODE_9D_dp0.5_bbunet/Emf_K20_mpc4_pid_stopgo_T0.5,6,test,corridor_bounds+dynamics+geo_bounds+halfspace+obstacles,post_processing-tightened,post_processing,True,corridor,mf,20.0,4.0,pid_stopgo,0.5,unet,Gen15,20.0,10.0,0.3,best,fm_only,none,cuda,,20.0
40,corridor|mf|K2|bbunet|dp0.5,/u/home/llim/FMPCC/FM-PCC/logs/UAV_MIX/uav-corridor/plans/mix_uav_mf/H8_Dmodels.mf_diffusion.MeanFlowODE_9D_dp0.5_bbunet/Emf_K2_mpc4_pid_stopgo_T0.5,6,test,corridor_bounds+dynamics+geo_bounds+halfspace+obstacles,bounds_free,bounds_free,False,corridor,mf,2.0,4.0,pid_stopgo,0.5,unet,Gen15,2.0,10.0,0.3,best,fm_only,none,cuda,,2.0
40,corridor|mf|K2|bbunet|dp0.5,/u/home/llim/FMPCC/FM-PCC/logs/UAV_MIX/uav-corridor/plans/mix_uav_mf/H8_Dmodels.mf_diffusion.MeanFlowODE_9D_dp0.5_bbunet/Emf_K2_mpc4_pid_stopgo_T0.5,6,test,corridor_bounds+dynamics+geo_bounds+halfspace+obstacles,bounds_free-tightened,bounds_free,True,corridor,mf,2.0,4.0,pid_stopgo,0.5,unet,Gen15,2.0,10.0,0.3,best,fm_only,none,cuda,,2.0
40,corridor|mf|K2|bbunet|dp0.5,/u/home/llim/FMPCC/FM-PCC/logs/UAV_MIX/uav-corridor/plans/mix_uav_mf/H8_Dmodels.mf_diffusion.MeanFlowODE_9D_dp0.5_bbunet/Emf_K2_mpc4_pid_stopgo_T0.5,6,test,corridor_bounds+dynamics+geo_bounds+halfspace+obstacles,diffuser,diffuser,False,corridor,mf,2.0,4.0,pid_stopgo,0.5,unet,Gen15,2.0,10.0,0.3,best,fm_only,none,cuda,,2.0
40,corridor|mf|K2|bbunet|dp0.5,/u/home/llim/FMPCC/FM-PCC/logs/UAV_MIX/uav-corridor/plans/mix_uav_mf/H8_Dmodels.mf_diffusion.MeanFlowODE_9D_dp0.5_bbunet/Emf_K2_mpc4_pid_stopgo_T0.5,6,test,corridor_bounds+dynamics+geo_bounds+halfspace+obstacles,dpcc-c,dpcc-c,False,corridor,mf,2.0,4.0,pid_stopgo,0.5,unet,Gen15,2.0,10.0,0.3,best,fm_only,none,cuda,,2.0
40,corridor|mf|K2|bbunet|dp0.5,/u/home/llim/FMPCC/FM-PCC/logs/UAV_MIX/uav-corridor/plans/mix_uav_mf/H8_Dmodels.mf_diffusion.MeanFlowODE_9D_dp0.5_bbunet/Emf_K2_mpc4_pid_stopgo_T0.5,6,test,corridor_bounds+dynamics+geo_bounds+halfspace+obstacles,dpcc-c-tightened,dpcc-c,True,corridor,mf,2.0,4.0,pid_stopgo,0.5,unet,Gen15,2.0,10.0,0.3,best,fm_only,none,cuda,,2.0
40,corridor|mf|K2|bbunet|dp0.5,/u/home/llim/FMPCC/FM-PCC/logs/UAV_MIX/uav-corridor/plans/mix_uav_mf/H8_Dmodels.mf_diffusion.MeanFlowODE_9D_dp0.5_bbunet/Emf_K2_mpc4_pid_stopgo_T0.5,6,test,corridor_bounds+dynamics+geo_bounds+halfspace+obstacles,dpcc-r,dpcc-r,False,corridor,mf,2.0,4.0,pid_stopgo,0.5,unet,Gen15,2.0,10.0,0.3,best,fm_only,none,cuda,,2.0
40,corridor|mf|K2|bbunet|dp0.5,/u/home/llim/FMPCC/FM-PCC/logs/UAV_MIX/uav-corridor/plans/mix_uav_mf/H8_Dmodels.mf_diffusion.MeanFlowODE_9D_dp0.5_bbunet/Emf_K2_mpc4_pid_stopgo_T0.5,6,test,corridor_bounds+dynamics+geo_bounds+halfspace+obstacles,dpcc-r-tightened,dpcc-r,True,corridor,mf,2.0,4.0,pid_stopgo,0.5,unet,Gen15,2.0,10.0,0.3,best,fm_only,none,cuda,,2.0
40,corridor|mf|K2|bbunet|dp0.5,/u/home/llim/FMPCC/FM-PCC/logs/UAV_MIX/uav-corridor/plans/mix_uav_mf/H8_Dmodels.mf_diffusion.MeanFlowODE_9D_dp0.5_bbunet/Emf_K2_mpc4_pid_stopgo_T0.5,6,test,corridor_bounds+dynamics+geo_bounds+halfspace+obstacles,dpcc-t,dpcc-t,False,corridor,mf,2.0,4.0,pid_stopgo,0.5,unet,Gen15,2.0,10.0,0.3,best,fm_only,none,cuda,,2.0
40,corridor|mf|K2|bbunet|dp0.5,/u/home/llim/FMPCC/FM-PCC/logs/UAV_MIX/uav-corridor/plans/mix_uav_mf/H8_Dmodels.mf_diffusion.MeanFlowODE_9D_dp0.5_bbunet/Emf_K2_mpc4_pid_stopgo_T0.5,6,test,corridor_bounds+dynamics+geo_bounds+halfspace+obstacles,dpcc-t-tightened,dpcc-t,True,corridor,mf,2.0,4.0,pid_stopgo,0.5,unet,Gen15,2.0,10.0,0.3,best,fm_only,none,cuda,,2.0
40,corridor|mf|K2|bbunet|dp0.5,/u/home/llim/FMPCC/FM-PCC/logs/UAV_MIX/uav-corridor/plans/mix_uav_mf/H8_Dmodels.mf_diffusion.MeanFlowODE_9D_dp0.5_bbunet/Emf_K2_mpc4_pid_stopgo_T0.5,6,test,corridor_bounds+dynamics+geo_bounds+halfspace+obstacles,geo_free,geo_free,False,corridor,mf,2.0,4.0,pid_stopgo,0.5,unet,Gen15,2.0,10.0,0.3,best,fm_only,none,cuda,,2.0
40,corridor|mf|K2|bbunet|dp0.5,/u/home/llim/FMPCC/FM-PCC/logs/UAV_MIX/uav-corridor/plans/mix_uav_mf/H8_Dmodels.mf_diffusion.MeanFlowODE_9D_dp0.5_bbunet/Emf_K2_mpc4_pid_stopgo_T0.5,6,test,corridor_bounds+dynamics+geo_bounds+halfspace+obstacles,geo_free-bounds_free,geo_free-bounds_free,False,corridor,mf,2.0,4.0,pid_stopgo,0.5,unet,Gen15,2.0,10.0,0.3,best,fm_only,none,cuda,,2.0
40,corridor|mf|K2|bbunet|dp0.5,/u/home/llim/FMPCC/FM-PCC/logs/UAV_MIX/uav-corridor/plans/mix_uav_mf/H8_Dmodels.mf_diffusion.MeanFlowODE_9D_dp0.5_bbunet/Emf_K2_mpc4_pid_stopgo_T0.5,6,test,corridor_bounds+dynamics+geo_bounds+halfspace+obstacles,geo_free-model_free,geo_free-model_free,False,corridor,mf,2.0,4.0,pid_stopgo,0.5,unet,Gen15,2.0,10.0,0.3,best,fm_only,none,cuda,,2.0
40,corridor|mf|K2|bbunet|dp0.5,/u/home/llim/FMPCC/FM-PCC/logs/UAV_MIX/uav-corridor/plans/mix_uav_mf/H8_Dmodels.mf_diffusion.MeanFlowODE_9D_dp0.5_bbunet/Emf_K2_mpc4_pid_stopgo_T0.5,6,test,corridor_bounds+dynamics+geo_bounds+halfspace+obstacles,gradient,gradient,False,corridor,mf,2.0,4.0,pid_stopgo,0.5,unet,Gen15,2.0,10.0,0.3,best,fm_only,none,cuda,,2.0
40,corridor|mf|K2|bbunet|dp0.5,/u/home/llim/FMPCC/FM-PCC/logs/UAV_MIX/uav-corridor/plans/mix_uav_mf/H8_Dmodels.mf_diffusion.MeanFlowODE_9D_dp0.5_bbunet/Emf_K2_mpc4_pid_stopgo_T0.5,6,test,corridor_bounds+dynamics+geo_bounds+halfspace+obstacles,gradient-tightened,gradient,True,corridor,mf,2.0,4.0,pid_stopgo,0.5,unet,Gen15,2.0,10.0,0.3,best,fm_only,none,cuda,,2.0
40,corridor|mf|K2|bbunet|dp0.5,/u/home/llim/FMPCC/FM-PCC/logs/UAV_MIX/uav-corridor/plans/mix_uav_mf/H8_Dmodels.mf_diffusion.MeanFlowODE_9D_dp0.5_bbunet/Emf_K2_mpc4_pid_stopgo_T0.5,6,test,corridor_bounds+dynamics+geo_bounds+halfspace+obstacles,hardflow_new,hardflow_new,False,corridor,mf,2.0,4.0,pid_stopgo,0.5,unet,Gen15,2.0,10.0,0.3,best,fm_only,none,cuda,,2.0
40,corridor|mf|K2|bbunet|dp0.5,/u/home/llim/FMPCC/FM-PCC/logs/UAV_MIX/uav-corridor/plans/mix_uav_mf/H8_Dmodels.mf_diffusion.MeanFlowODE_9D_dp0.5_bbunet/Emf_K2_mpc4_pid_stopgo_T0.5,6,test,corridor_bounds+dynamics+geo_bounds+halfspace+obstacles,hardflow_new-c,hardflow_new-c,False,corridor,mf,2.0,4.0,pid_stopgo,0.5,unet,Gen15,2.0,10.0,0.3,best,fm_only,none,cuda,,2.0
40,corridor|mf|K2|bbunet|dp0.5,/u/home/llim/FMPCC/FM-PCC/logs/UAV_MIX/uav-corridor/plans/mix_uav_mf/H8_Dmodels.mf_diffusion.MeanFlowODE_9D_dp0.5_bbunet/Emf_K2_mpc4_pid_stopgo_T0.5,6,test,corridor_bounds+dynamics+geo_bounds+halfspace+obstacles,hardflow_new-t,hardflow_new-t,False,corridor,mf,2.0,4.0,pid_stopgo,0.5,unet,Gen15,2.0,10.0,0.3,best,fm_only,none,cuda,,2.0
40,corridor|mf|K2|bbunet|dp0.5,/u/home/llim/FMPCC/FM-PCC/logs/UAV_MIX/uav-corridor/plans/mix_uav_mf/H8_Dmodels.mf_diffusion.MeanFlowODE_9D_dp0.5_bbunet/Emf_K2_mpc4_pid_stopgo_T0.5,6,test,corridor_bounds+dynamics+geo_bounds+halfspace+obstacles,model_free,model_free,False,corridor,mf,2.0,4.0,pid_stopgo,0.5,unet,Gen15,2.0,10.0,0.3,best,fm_only,none,cuda,,2.0
40,corridor|mf|K2|bbunet|dp0.5,/u/home/llim/FMPCC/FM-PCC/logs/UAV_MIX/uav-corridor/plans/mix_uav_mf/H8_Dmodels.mf_diffusion.MeanFlowODE_9D_dp0.5_bbunet/Emf_K2_mpc4_pid_stopgo_T0.5,6,test,corridor_bounds+dynamics+geo_bounds+halfspace+obstacles,model_free-bounds_free,model_free-bounds_free,False,corridor,mf,2.0,4.0,pid_stopgo,0.5,unet,Gen15,2.0,10.0,0.3,best,fm_only,none,cuda,,2.0
40,corridor|mf|K2|bbunet|dp0.5,/u/home/llim/FMPCC/FM-PCC/logs/UAV_MIX/uav-corridor/plans/mix_uav_mf/H8_Dmodels.mf_diffusion.MeanFlowODE_9D_dp0.5_bbunet/Emf_K2_mpc4_pid_stopgo_T0.5,6,test,corridor_bounds+dynamics+geo_bounds+halfspace+obstacles,model_free-bounds_free-tightened,model_free-bounds_free,True,corridor,mf,2.0,4.0,pid_stopgo,0.5,unet,Gen15,2.0,10.0,0.3,best,fm_only,none,cuda,,2.0
40,corridor|mf|K2|bbunet|dp0.5,/u/home/llim/FMPCC/FM-PCC/logs/UAV_MIX/uav-corridor/plans/mix_uav_mf/H8_Dmodels.mf_diffusion.MeanFlowODE_9D_dp0.5_bbunet/Emf_K2_mpc4_pid_stopgo_T0.5,6,test,corridor_bounds+dynamics+geo_bounds+halfspace+obstacles,model_free-tightened,model_free,True,corridor,mf,2.0,4.0,pid_stopgo,0.5,unet,Gen15,2.0,10.0,0.3,best,fm_only,none,cuda,,2.0
40,corridor|mf|K2|bbunet|dp0.5,/u/home/llim/FMPCC/FM-PCC/logs/UAV_MIX/uav-corridor/plans/mix_uav_mf/H8_Dmodels.mf_diffusion.MeanFlowODE_9D_dp0.5_bbunet/Emf_K2_mpc4_pid_stopgo_T0.5,6,test,corridor_bounds+dynamics+geo_bounds+halfspace+obstacles,post_processing,post_processing,False,corridor,mf,2.0,4.0,pid_stopgo,0.5,unet,Gen15,2.0,10.0,0.3,best,fm_only,none,cuda,,2.0
40,corridor|mf|K2|bbunet|dp0.5,/u/home/llim/FMPCC/FM-PCC/logs/UAV_MIX/uav-corridor/plans/mix_uav_mf/H8_Dmodels.mf_diffusion.MeanFlowODE_9D_dp0.5_bbunet/Emf_K2_mpc4_pid_stopgo_T0.5,6,test,corridor_bounds+dynamics+geo_bounds+halfspace+obstacles,post_processing-tightened,post_processing,True,corridor,mf,2.0,4.0,pid_stopgo,0.5,unet,Gen15,2.0,10.0,0.3,best,fm_only,none,cuda,,2.0
41,corridor|mf|K5|bbunet|dp0.5,/u/home/llim/FMPCC/FM-PCC/logs/UAV_MIX/uav-corridor/plans/mix_uav_mf/H8_Dmodels.mf_diffusion.MeanFlowODE_9D_dp0.5_bbunet/Emf_K5_mpc4_pid_stopgo_T0.5,6,test,corridor_bounds+dynamics+geo_bounds+halfspace+obstacles,bounds_free,bounds_free,False,corridor,mf,5.0,4.0,pid_stopgo,0.5,unet,Gen15,5.0,10.0,0.3,best,fm_only,none,cuda,,5.0
41,corridor|mf|K5|bbunet|dp0.5,/u/home/llim/FMPCC/FM-PCC/logs/UAV_MIX/uav-corridor/plans/mix_uav_mf/H8_Dmodels.mf_diffusion.MeanFlowODE_9D_dp0.5_bbunet/Emf_K5_mpc4_pid_stopgo_T0.5,6,test,corridor_bounds+dynamics+geo_bounds+halfspace+obstacles,bounds_free-tightened,bounds_free,True,corridor,mf,5.0,4.0,pid_stopgo,0.5,unet,Gen15,5.0,10.0,0.3,best,fm_only,none,cuda,,5.0
41,corridor|mf|K5|bbunet|dp0.5,/u/home/llim/FMPCC/FM-PCC/logs/UAV_MIX/uav-corridor/plans/mix_uav_mf/H8_Dmodels.mf_diffusion.MeanFlowODE_9D_dp0.5_bbunet/Emf_K5_mpc4_pid_stopgo_T0.5,6,test,corridor_bounds+dynamics+geo_bounds+halfspace+obstacles,diffuser,diffuser,False,corridor,mf,5.0,4.0,pid_stopgo,0.5,unet,Gen15,5.0,10.0,0.3,best,fm_only,none,cuda,,5.0
41,corridor|mf|K5|bbunet|dp0.5,/u/home/llim/FMPCC/FM-PCC/logs/UAV_MIX/uav-corridor/plans/mix_uav_mf/H8_Dmodels.mf_diffusion.MeanFlowODE_9D_dp0.5_bbunet/Emf_K5_mpc4_pid_stopgo_T0.5,6,test,corridor_bounds+dynamics+geo_bounds+halfspace+obstacles,dpcc-c,dpcc-c,False,corridor,mf,5.0,4.0,pid_stopgo,0.5,unet,Gen15,5.0,10.0,0.3,best,fm_only,none,cuda,,5.0
41,corridor|mf|K5|bbunet|dp0.5,/u/home/llim/FMPCC/FM-PCC/logs/UAV_MIX/uav-corridor/plans/mix_uav_mf/H8_Dmodels.mf_diffusion.MeanFlowODE_9D_dp0.5_bbunet/Emf_K5_mpc4_pid_stopgo_T0.5,6,test,corridor_bounds+dynamics+geo_bounds+halfspace+obstacles,dpcc-c-tightened,dpcc-c,True,corridor,mf,5.0,4.0,pid_stopgo,0.5,unet,Gen15,5.0,10.0,0.3,best,fm_only,none,cuda,,5.0
41,corridor|mf|K5|bbunet|dp0.5,/u/home/llim/FMPCC/FM-PCC/logs/UAV_MIX/uav-corridor/plans/mix_uav_mf/H8_Dmodels.mf_diffusion.MeanFlowODE_9D_dp0.5_bbunet/Emf_K5_mpc4_pid_stopgo_T0.5,6,test,corridor_bounds+dynamics+geo_bounds+halfspace+obstacles,dpcc-r,dpcc-r,False,corridor,mf,5.0,4.0,pid_stopgo,0.5,unet,Gen15,5.0,10.0,0.3,best,fm_only,none,cuda,,5.0
41,corridor|mf|K5|bbunet|dp0.5,/u/home/llim/FMPCC/FM-PCC/logs/UAV_MIX/uav-corridor/plans/mix_uav_mf/H8_Dmodels.mf_diffusion.MeanFlowODE_9D_dp0.5_bbunet/Emf_K5_mpc4_pid_stopgo_T0.5,6,test,corridor_bounds+dynamics+geo_bounds+halfspace+obstacles,dpcc-r-tightened,dpcc-r,True,corridor,mf,5.0,4.0,pid_stopgo,0.5,unet,Gen15,5.0,10.0,0.3,best,fm_only,none,cuda,,5.0
41,corridor|mf|K5|bbunet|dp0.5,/u/home/llim/FMPCC/FM-PCC/logs/UAV_MIX/uav-corridor/plans/mix_uav_mf/H8_Dmodels.mf_diffusion.MeanFlowODE_9D_dp0.5_bbunet/Emf_K5_mpc4_pid_stopgo_T0.5,6,test,corridor_bounds+dynamics+geo_bounds+halfspace+obstacles,dpcc-t,dpcc-t,False,corridor,mf,5.0,4.0,pid_stopgo,0.5,unet,Gen15,5.0,10.0,0.3,best,fm_only,none,cuda,,5.0
41,corridor|mf|K5|bbunet|dp0.5,/u/home/llim/FMPCC/FM-PCC/logs/UAV_MIX/uav-corridor/plans/mix_uav_mf/H8_Dmodels.mf_diffusion.MeanFlowODE_9D_dp0.5_bbunet/Emf_K5_mpc4_pid_stopgo_T0.5,6,test,corridor_bounds+dynamics+geo_bounds+halfspace+obstacles,dpcc-t-tightened,dpcc-t,True,corridor,mf,5.0,4.0,pid_stopgo,0.5,unet,Gen15,5.0,10.0,0.3,best,fm_only,none,cuda,,5.0
41,corridor|mf|K5|bbunet|dp0.5,/u/home/llim/FMPCC/FM-PCC/logs/UAV_MIX/uav-corridor/plans/mix_uav_mf/H8_Dmodels.mf_diffusion.MeanFlowODE_9D_dp0.5_bbunet/Emf_K5_mpc4_pid_stopgo_T0.5,6,test,corridor_bounds+dynamics+geo_bounds+halfspace+obstacles,geo_free,geo_free,False,corridor,mf,5.0,4.0,pid_stopgo,0.5,unet,Gen15,5.0,10.0,0.3,best,fm_only,none,cuda,,5.0
41,corridor|mf|K5|bbunet|dp0.5,/u/home/llim/FMPCC/FM-PCC/logs/UAV_MIX/uav-corridor/plans/mix_uav_mf/H8_Dmodels.mf_diffusion.MeanFlowODE_9D_dp0.5_bbunet/Emf_K5_mpc4_pid_stopgo_T0.5,6,test,corridor_bounds+dynamics+geo_bounds+halfspace+obstacles,geo_free-bounds_free,geo_free-bounds_free,False,corridor,mf,5.0,4.0,pid_stopgo,0.5,unet,Gen15,5.0,10.0,0.3,best,fm_only,none,cuda,,5.0
41,corridor|mf|K5|bbunet|dp0.5,/u/home/llim/FMPCC/FM-PCC/logs/UAV_MIX/uav-corridor/plans/mix_uav_mf/H8_Dmodels.mf_diffusion.MeanFlowODE_9D_dp0.5_bbunet/Emf_K5_mpc4_pid_stopgo_T0.5,6,test,corridor_bounds+dynamics+geo_bounds+halfspace+obstacles,geo_free-model_free,geo_free-model_free,False,corridor,mf,5.0,4.0,pid_stopgo,0.5,unet,Gen15,5.0,10.0,0.3,best,fm_only,none,cuda,,5.0
41,corridor|mf|K5|bbunet|dp0.5,/u/home/llim/FMPCC/FM-PCC/logs/UAV_MIX/uav-corridor/plans/mix_uav_mf/H8_Dmodels.mf_diffusion.MeanFlowODE_9D_dp0.5_bbunet/Emf_K5_mpc4_pid_stopgo_T0.5,6,test,corridor_bounds+dynamics+geo_bounds+halfspace+obstacles,gradient,gradient,False,corridor,mf,5.0,4.0,pid_stopgo,0.5,unet,Gen15,5.0,10.0,0.3,best,fm_only,none,cuda,,5.0
41,corridor|mf|K5|bbunet|dp0.5,/u/home/llim/FMPCC/FM-PCC/logs/UAV_MIX/uav-corridor/plans/mix_uav_mf/H8_Dmodels.mf_diffusion.MeanFlowODE_9D_dp0.5_bbunet/Emf_K5_mpc4_pid_stopgo_T0.5,6,test,corridor_bounds+dynamics+geo_bounds+halfspace+obstacles,gradient-tightened,gradient,True,corridor,mf,5.0,4.0,pid_stopgo,0.5,unet,Gen15,5.0,10.0,0.3,best,fm_only,none,cuda,,5.0
41,corridor|mf|K5|bbunet|dp0.5,/u/home/llim/FMPCC/FM-PCC/logs/UAV_MIX/uav-corridor/plans/mix_uav_mf/H8_Dmodels.mf_diffusion.MeanFlowODE_9D_dp0.5_bbunet/Emf_K5_mpc4_pid_stopgo_T0.5,6,test,corridor_bounds+dynamics+geo_bounds+halfspace+obstacles,hardflow_new,hardflow_new,False,corridor,mf,5.0,4.0,pid_stopgo,0.5,unet,Gen15,5.0,10.0,0.3,best,fm_only,none,cuda,,5.0
41,corridor|mf|K5|bbunet|dp0.5,/u/home/llim/FMPCC/FM-PCC/logs/UAV_MIX/uav-corridor/plans/mix_uav_mf/H8_Dmodels.mf_diffusion.MeanFlowODE_9D_dp0.5_bbunet/Emf_K5_mpc4_pid_stopgo_T0.5,6,test,corridor_bounds+dynamics+geo_bounds+halfspace+obstacles,hardflow_new-c,hardflow_new-c,False,corridor,mf,5.0,4.0,pid_stopgo,0.5,unet,Gen15,5.0,10.0,0.3,best,fm_only,none,cuda,,5.0
41,corridor|mf|K5|bbunet|dp0.5,/u/home/llim/FMPCC/FM-PCC/logs/UAV_MIX/uav-corridor/plans/mix_uav_mf/H8_Dmodels.mf_diffusion.MeanFlowODE_9D_dp0.5_bbunet/Emf_K5_mpc4_pid_stopgo_T0.5,6,test,corridor_bounds+dynamics+geo_bounds+halfspace+obstacles,hardflow_new-t,hardflow_new-t,False,corridor,mf,5.0,4.0,pid_stopgo,0.5,unet,Gen15,5.0,10.0,0.3,best,fm_only,none,cuda,,5.0
41,corridor|mf|K5|bbunet|dp0.5,/u/home/llim/FMPCC/FM-PCC/logs/UAV_MIX/uav-corridor/plans/mix_uav_mf/H8_Dmodels.mf_diffusion.MeanFlowODE_9D_dp0.5_bbunet/Emf_K5_mpc4_pid_stopgo_T0.5,6,test,corridor_bounds+dynamics+geo_bounds+halfspace+obstacles,model_free,model_free,False,corridor,mf,5.0,4.0,pid_stopgo,0.5,unet,Gen15,5.0,10.0,0.3,best,fm_only,none,cuda,,5.0
41,corridor|mf|K5|bbunet|dp0.5,/u/home/llim/FMPCC/FM-PCC/logs/UAV_MIX/uav-corridor/plans/mix_uav_mf/H8_Dmodels.mf_diffusion.MeanFlowODE_9D_dp0.5_bbunet/Emf_K5_mpc4_pid_stopgo_T0.5,6,test,corridor_bounds+dynamics+geo_bounds+halfspace+obstacles,model_free-bounds_free,model_free-bounds_free,False,corridor,mf,5.0,4.0,pid_stopgo,0.5,unet,Gen15,5.0,10.0,0.3,best,fm_only,none,cuda,,5.0
41,corridor|mf|K5|bbunet|dp0.5,/u/home/llim/FMPCC/FM-PCC/logs/UAV_MIX/uav-corridor/plans/mix_uav_mf/H8_Dmodels.mf_diffusion.MeanFlowODE_9D_dp0.5_bbunet/Emf_K5_mpc4_pid_stopgo_T0.5,6,test,corridor_bounds+dynamics+geo_bounds+halfspace+obstacles,model_free-bounds_free-tightened,model_free-bounds_free,True,corridor,mf,5.0,4.0,pid_stopgo,0.5,unet,Gen15,5.0,10.0,0.3,best,fm_only,none,cuda,,5.0
41,corridor|mf|K5|bbunet|dp0.5,/u/home/llim/FMPCC/FM-PCC/logs/UAV_MIX/uav-corridor/plans/mix_uav_mf/H8_Dmodels.mf_diffusion.MeanFlowODE_9D_dp0.5_bbunet/Emf_K5_mpc4_pid_stopgo_T0.5,6,test,corridor_bounds+dynamics+geo_bounds+halfspace+obstacles,model_free-tightened,model_free,True,corridor,mf,5.0,4.0,pid_stopgo,0.5,unet,Gen15,5.0,10.0,0.3,best,fm_only,none,cuda,,5.0
41,corridor|mf|K5|bbunet|dp0.5,/u/home/llim/FMPCC/FM-PCC/logs/UAV_MIX/uav-corridor/plans/mix_uav_mf/H8_Dmodels.mf_diffusion.MeanFlowODE_9D_dp0.5_bbunet/Emf_K5_mpc4_pid_stopgo_T0.5,6,test,corridor_bounds+dynamics+geo_bounds+halfspace+obstacles,post_processing,post_processing,False,corridor,mf,5.0,4.0,pid_stopgo,0.5,unet,Gen15,5.0,10.0,0.3,best,fm_only,none,cuda,,5.0
41,corridor|mf|K5|bbunet|dp0.5,/u/home/llim/FMPCC/FM-PCC/logs/UAV_MIX/uav-corridor/plans/mix_uav_mf/H8_Dmodels.mf_diffusion.MeanFlowODE_9D_dp0.5_bbunet/Emf_K5_mpc4_pid_stopgo_T0.5,6,test,corridor_bounds+dynamics+geo_bounds+halfspace+obstacles,post_processing-tightened,post_processing,True,corridor,mf,5.0,4.0,pid_stopgo,0.5,unet,Gen15,5.0,10.0,0.3,best,fm_only,none,cuda,,5.0
42,pillars|fm|K10,/u/home/llim/FMPCC/FM-PCC/logs/UAV_MIX/uav-pillars/plans/mix_uav_fm/H8_Dmodels.diffusion.FlowMatchingODE_9D/Efm_K10_mpc4_pid_stopgo_T0.5,6,test,pillars_bounds+dynamics+geo_bounds+obstacles,bounds_free,bounds_free,False,pillars,fm,10.0,4.0,pid_stopgo,0.5,,Gen15,10.0,3.0,0.3,latest,fm_only,none,cuda,,10.0
42,pillars|fm|K10,/u/home/llim/FMPCC/FM-PCC/logs/UAV_MIX/uav-pillars/plans/mix_uav_fm/H8_Dmodels.diffusion.FlowMatchingODE_9D/Efm_K10_mpc4_pid_stopgo_T0.5,6,test,pillars_bounds+dynamics+geo_bounds+obstacles,bounds_free-tightened,bounds_free,True,pillars,fm,10.0,4.0,pid_stopgo,0.5,,Gen15,10.0,3.0,0.3,latest,fm_only,none,cuda,,10.0
42,pillars|fm|K10,/u/home/llim/FMPCC/FM-PCC/logs/UAV_MIX/uav-pillars/plans/mix_uav_fm/H8_Dmodels.diffusion.FlowMatchingODE_9D/Efm_K10_mpc4_pid_stopgo_T0.5,6,test,pillars_bounds+dynamics+geo_bounds+obstacles,diffuser,diffuser,False,pillars,fm,10.0,4.0,pid_stopgo,0.5,,Gen15,10.0,3.0,0.3,latest,fm_only,none,cuda,,10.0
42,pillars|fm|K10,/u/home/llim/FMPCC/FM-PCC/logs/UAV_MIX/uav-pillars/plans/mix_uav_fm/H8_Dmodels.diffusion.FlowMatchingODE_9D/Efm_K10_mpc4_pid_stopgo_T0.5,6,test,pillars_bounds+dynamics+geo_bounds+obstacles,dpcc-c,dpcc-c,False,pillars,fm,10.0,4.0,pid_stopgo,0.5,,Gen15,10.0,3.0,0.3,latest,fm_only,none,cuda,,10.0
42,pillars|fm|K10,/u/home/llim/FMPCC/FM-PCC/logs/UAV_MIX/uav-pillars/plans/mix_uav_fm/H8_Dmodels.diffusion.FlowMatchingODE_9D/Efm_K10_mpc4_pid_stopgo_T0.5,6,test,pillars_bounds+dynamics+geo_bounds+obstacles,dpcc-c-tightened,dpcc-c,True,pillars,fm,10.0,4.0,pid_stopgo,0.5,,Gen15,10.0,3.0,0.3,latest,fm_only,none,cuda,,10.0
42,pillars|fm|K10,/u/home/llim/FMPCC/FM-PCC/logs/UAV_MIX/uav-pillars/plans/mix_uav_fm/H8_Dmodels.diffusion.FlowMatchingODE_9D/Efm_K10_mpc4_pid_stopgo_T0.5,6,test,pillars_bounds+dynamics+geo_bounds+obstacles,dpcc-r,dpcc-r,False,pillars,fm,10.0,4.0,pid_stopgo,0.5,,Gen15,10.0,3.0,0.3,latest,fm_only,none,cuda,,10.0
42,pillars|fm|K10,/u/home/llim/FMPCC/FM-PCC/logs/UAV_MIX/uav-pillars/plans/mix_uav_fm/H8_Dmodels.diffusion.FlowMatchingODE_9D/Efm_K10_mpc4_pid_stopgo_T0.5,6,test,pillars_bounds+dynamics+geo_bounds+obstacles,dpcc-r-tightened,dpcc-r,True,pillars,fm,10.0,4.0,pid_stopgo,0.5,,Gen15,10.0,3.0,0.3,latest,fm_only,none,cuda,,10.0
42,pillars|fm|K10,/u/home/llim/FMPCC/FM-PCC/logs/UAV_MIX/uav-pillars/plans/mix_uav_fm/H8_Dmodels.diffusion.FlowMatchingODE_9D/Efm_K10_mpc4_pid_stopgo_T0.5,6,test,pillars_bounds+dynamics+geo_bounds+obstacles,dpcc-t,dpcc-t,False,pillars,fm,10.0,4.0,pid_stopgo,0.5,,Gen15,10.0,3.0,0.3,latest,fm_only,none,cuda,,10.0
42,pillars|fm|K10,/u/home/llim/FMPCC/FM-PCC/logs/UAV_MIX/uav-pillars/plans/mix_uav_fm/H8_Dmodels.diffusion.FlowMatchingODE_9D/Efm_K10_mpc4_pid_stopgo_T0.5,6,test,pillars_bounds+dynamics+geo_bounds+obstacles,dpcc-t-tightened,dpcc-t,True,pillars,fm,10.0,4.0,pid_stopgo,0.5,,Gen15,10.0,3.0,0.3,latest,fm_only,none,cuda,,10.0
42,pillars|fm|K10,/u/home/llim/FMPCC/FM-PCC/logs/UAV_MIX/uav-pillars/plans/mix_uav_fm/H8_Dmodels.diffusion.FlowMatchingODE_9D/Efm_K10_mpc4_pid_stopgo_T0.5,6,test,pillars_bounds+dynamics+geo_bounds+obstacles,geo_free,geo_free,False,pillars,fm,10.0,4.0,pid_stopgo,0.5,,Gen15,10.0,3.0,0.3,latest,fm_only,none,cuda,,10.0
42,pillars|fm|K10,/u/home/llim/FMPCC/FM-PCC/logs/UAV_MIX/uav-pillars/plans/mix_uav_fm/H8_Dmodels.diffusion.FlowMatchingODE_9D/Efm_K10_mpc4_pid_stopgo_T0.5,6,test,pillars_bounds+dynamics+geo_bounds+obstacles,geo_free-bounds_free,geo_free-bounds_free,False,pillars,fm,10.0,4.0,pid_stopgo,0.5,,Gen15,10.0,3.0,0.3,latest,fm_only,none,cuda,,10.0
42,pillars|fm|K10,/u/home/llim/FMPCC/FM-PCC/logs/UAV_MIX/uav-pillars/plans/mix_uav_fm/H8_Dmodels.diffusion.FlowMatchingODE_9D/Efm_K10_mpc4_pid_stopgo_T0.5,6,test,pillars_bounds+dynamics+geo_bounds+obstacles,geo_free-model_free,geo_free-model_free,False,pillars,fm,10.0,4.0,pid_stopgo,0.5,,Gen15,10.0,3.0,0.3,latest,fm_only,none,cuda,,10.0
42,pillars|fm|K10,/u/home/llim/FMPCC/FM-PCC/logs/UAV_MIX/uav-pillars/plans/mix_uav_fm/H8_Dmodels.diffusion.FlowMatchingODE_9D/Efm_K10_mpc4_pid_stopgo_T0.5,6,test,pillars_bounds+dynamics+geo_bounds+obstacles,gradient,gradient,False,pillars,fm,10.0,4.0,pid_stopgo,0.5,,Gen15,10.0,3.0,0.3,latest,fm_only,none,cuda,,10.0
42,pillars|fm|K10,/u/home/llim/FMPCC/FM-PCC/logs/UAV_MIX/uav-pillars/plans/mix_uav_fm/H8_Dmodels.diffusion.FlowMatchingODE_9D/Efm_K10_mpc4_pid_stopgo_T0.5,6,test,pillars_bounds+dynamics+geo_bounds+obstacles,gradient-tightened,gradient,True,pillars,fm,10.0,4.0,pid_stopgo,0.5,,Gen15,10.0,3.0,0.3,latest,fm_only,none,cuda,,10.0
42,pillars|fm|K10,/u/home/llim/FMPCC/FM-PCC/logs/UAV_MIX/uav-pillars/plans/mix_uav_fm/H8_Dmodels.diffusion.FlowMatchingODE_9D/Efm_K10_mpc4_pid_stopgo_T0.5,6,test,pillars_bounds+dynamics+geo_bounds+obstacles,hardflow_new,hardflow_new,False,pillars,fm,10.0,4.0,pid_stopgo,0.5,,Gen15,10.0,3.0,0.3,latest,fm_only,none,cuda,,10.0
42,pillars|fm|K10,/u/home/llim/FMPCC/FM-PCC/logs/UAV_MIX/uav-pillars/plans/mix_uav_fm/H8_Dmodels.diffusion.FlowMatchingODE_9D/Efm_K10_mpc4_pid_stopgo_T0.5,6,test,pillars_bounds+dynamics+geo_bounds+obstacles,hardflow_new-c,hardflow_new-c,False,pillars,fm,10.0,4.0,pid_stopgo,0.5,,Gen15,10.0,3.0,0.3,latest,fm_only,none,cuda,,10.0
42,pillars|fm|K10,/u/home/llim/FMPCC/FM-PCC/logs/UAV_MIX/uav-pillars/plans/mix_uav_fm/H8_Dmodels.diffusion.FlowMatchingODE_9D/Efm_K10_mpc4_pid_stopgo_T0.5,6,test,pillars_bounds+dynamics+geo_bounds+obstacles,hardflow_new-t,hardflow_new-t,False,pillars,fm,10.0,4.0,pid_stopgo,0.5,,Gen15,10.0,,,,,,,,
42,pillars|fm|K10,/u/home/llim/FMPCC/FM-PCC/logs/UAV_MIX/uav-pillars/plans/mix_uav_fm/H8_Dmodels.diffusion.FlowMatchingODE_9D/Efm_K10_mpc4_pid_stopgo_T0.5,6,test,pillars_bounds+dynamics+geo_bounds+obstacles,model_free,model_free,False,pillars,fm,10.0,4.0,pid_stopgo,0.5,,Gen15,10.0,3.0,0.3,latest,fm_only,none,cuda,,10.0
42,pillars|fm|K10,/u/home/llim/FMPCC/FM-PCC/logs/UAV_MIX/uav-pillars/plans/mix_uav_fm/H8_Dmodels.diffusion.FlowMatchingODE_9D/Efm_K10_mpc4_pid_stopgo_T0.5,6,test,pillars_bounds+dynamics+geo_bounds+obstacles,model_free-bounds_free,model_free-bounds_free,False,pillars,fm,10.0,4.0,pid_stopgo,0.5,,Gen15,10.0,3.0,0.3,latest,fm_only,none,cuda,,10.0
42,pillars|fm|K10,/u/home/llim/FMPCC/FM-PCC/logs/UAV_MIX/uav-pillars/plans/mix_uav_fm/H8_Dmodels.diffusion.FlowMatchingODE_9D/Efm_K10_mpc4_pid_stopgo_T0.5,6,test,pillars_bounds+dynamics+geo_bounds+obstacles,model_free-bounds_free-tightened,model_free-bounds_free,True,pillars,fm,10.0,4.0,pid_stopgo,0.5,,Gen15,10.0,3.0,0.3,latest,fm_only,none,cuda,,10.0
42,pillars|fm|K10,/u/home/llim/FMPCC/FM-PCC/logs/UAV_MIX/uav-pillars/plans/mix_uav_fm/H8_Dmodels.diffusion.FlowMatchingODE_9D/Efm_K10_mpc4_pid_stopgo_T0.5,6,test,pillars_bounds+dynamics+geo_bounds+obstacles,model_free-tightened,model_free,True,pillars,fm,10.0,4.0,pid_stopgo,0.5,,Gen15,10.0,3.0,0.3,latest,fm_only,none,cuda,,10.0
42,pillars|fm|K10,/u/home/llim/FMPCC/FM-PCC/logs/UAV_MIX/uav-pillars/plans/mix_uav_fm/H8_Dmodels.diffusion.FlowMatchingODE_9D/Efm_K10_mpc4_pid_stopgo_T0.5,6,test,pillars_bounds+dynamics+geo_bounds+obstacles,post_processing,post_processing,False,pillars,fm,10.0,4.0,pid_stopgo,0.5,,Gen15,10.0,3.0,0.3,latest,fm_only,none,cuda,,10.0
42,pillars|fm|K10,/u/home/llim/FMPCC/FM-PCC/logs/UAV_MIX/uav-pillars/plans/mix_uav_fm/H8_Dmodels.diffusion.FlowMatchingODE_9D/Efm_K10_mpc4_pid_stopgo_T0.5,6,test,pillars_bounds+dynamics+geo_bounds+obstacles,post_processing-tightened,post_processing,True,pillars,fm,10.0,4.0,pid_stopgo,0.5,,Gen15,10.0,3.0,0.3,latest,fm_only,none,cuda,,10.0
43,pillars|mf|K10|bbunet|dp0.5,/u/home/llim/FMPCC/FM-PCC/logs/UAV_MIX/uav-pillars/plans/mix_uav_mf/H8_Dmodels.mf_diffusion.MeanFlowODE_9D_dp0.5_bbunet/Emf_K10_mpc4_pid_stopgo_T0.5,6,test,pillars_bounds+dynamics+geo_bounds+obstacles,bounds_free,bounds_free,False,pillars,mf,10.0,4.0,pid_stopgo,0.5,unet,Gen15,10.0,3.0,0.3,latest,fm_only,all,cuda,,10.0
43,pillars|mf|K10|bbunet|dp0.5,/u/home/llim/FMPCC/FM-PCC/logs/UAV_MIX/uav-pillars/plans/mix_uav_mf/H8_Dmodels.mf_diffusion.MeanFlowODE_9D_dp0.5_bbunet/Emf_K10_mpc4_pid_stopgo_T0.5,6,test,pillars_bounds+dynamics+geo_bounds+obstacles,bounds_free-tightened,bounds_free,True,pillars,mf,10.0,4.0,pid_stopgo,0.5,unet,Gen15,10.0,3.0,0.3,latest,fm_only,all,cuda,,10.0
43,pillars|mf|K10|bbunet|dp0.5,/u/home/llim/FMPCC/FM-PCC/logs/UAV_MIX/uav-pillars/plans/mix_uav_mf/H8_Dmodels.mf_diffusion.MeanFlowODE_9D_dp0.5_bbunet/Emf_K10_mpc4_pid_stopgo_T0.5,6,test,pillars_bounds+dynamics+geo_bounds+obstacles,diffuser,diffuser,False,pillars,mf,10.0,4.0,pid_stopgo,0.5,unet,Gen15,10.0,3.0,0.3,latest,fm_only,all,cuda,,10.0
43,pillars|mf|K10|bbunet|dp0.5,/u/home/llim/FMPCC/FM-PCC/logs/UAV_MIX/uav-pillars/plans/mix_uav_mf/H8_Dmodels.mf_diffusion.MeanFlowODE_9D_dp0.5_bbunet/Emf_K10_mpc4_pid_stopgo_T0.5,6,test,pillars_bounds+dynamics+geo_bounds+obstacles,dpcc-c,dpcc-c,False,pillars,mf,10.0,4.0,pid_stopgo,0.5,unet,Gen15,10.0,3.0,0.3,latest,fm_only,all,cuda,,10.0
43,pillars|mf|K10|bbunet|dp0.5,/u/home/llim/FMPCC/FM-PCC/logs/UAV_MIX/uav-pillars/plans/mix_uav_mf/H8_Dmodels.mf_diffusion.MeanFlowODE_9D_dp0.5_bbunet/Emf_K10_mpc4_pid_stopgo_T0.5,6,test,pillars_bounds+dynamics+geo_bounds+obstacles,dpcc-c-tightened,dpcc-c,True,pillars,mf,10.0,4.0,pid_stopgo,0.5,unet,Gen15,10.0,3.0,0.3,latest,fm_only,all,cuda,,10.0
43,pillars|mf|K10|bbunet|dp0.5,/u/home/llim/FMPCC/FM-PCC/logs/UAV_MIX/uav-pillars/plans/mix_uav_mf/H8_Dmodels.mf_diffusion.MeanFlowODE_9D_dp0.5_bbunet/Emf_K10_mpc4_pid_stopgo_T0.5,6,test,pillars_bounds+dynamics+geo_bounds+obstacles,dpcc-r,dpcc-r,False,pillars,mf,10.0,4.0,pid_stopgo,0.5,unet,Gen15,10.0,3.0,0.3,latest,fm_only,all,cuda,,10.0
43,pillars|mf|K10|bbunet|dp0.5,/u/home/llim/FMPCC/FM-PCC/logs/UAV_MIX/uav-pillars/plans/mix_uav_mf/H8_Dmodels.mf_diffusion.MeanFlowODE_9D_dp0.5_bbunet/Emf_K10_mpc4_pid_stopgo_T0.5,6,test,pillars_bounds+dynamics+geo_bounds+obstacles,dpcc-r-tightened,dpcc-r,True,pillars,mf,10.0,4.0,pid_stopgo,0.5,unet,Gen15,10.0,3.0,0.3,latest,fm_only,all,cuda,,10.0
43,pillars|mf|K10|bbunet|dp0.5,/u/home/llim/FMPCC/FM-PCC/logs/UAV_MIX/uav-pillars/plans/mix_uav_mf/H8_Dmodels.mf_diffusion.MeanFlowODE_9D_dp0.5_bbunet/Emf_K10_mpc4_pid_stopgo_T0.5,6,test,pillars_bounds+dynamics+geo_bounds+obstacles,dpcc-t,dpcc-t,False,pillars,mf,10.0,4.0,pid_stopgo,0.5,unet,Gen15,10.0,3.0,0.3,latest,fm_only,all,cuda,,10.0
43,pillars|mf|K10|bbunet|dp0.5,/u/home/llim/FMPCC/FM-PCC/logs/UAV_MIX/uav-pillars/plans/mix_uav_mf/H8_Dmodels.mf_diffusion.MeanFlowODE_9D_dp0.5_bbunet/Emf_K10_mpc4_pid_stopgo_T0.5,6,test,pillars_bounds+dynamics+geo_bounds+obstacles,dpcc-t-tightened,dpcc-t,True,pillars,mf,10.0,4.0,pid_stopgo,0.5,unet,Gen15,10.0,3.0,0.3,latest,fm_only,all,cuda,,10.0
43,pillars|mf|K10|bbunet|dp0.5,/u/home/llim/FMPCC/FM-PCC/logs/UAV_MIX/uav-pillars/plans/mix_uav_mf/H8_Dmodels.mf_diffusion.MeanFlowODE_9D_dp0.5_bbunet/Emf_K10_mpc4_pid_stopgo_T0.5,6,test,pillars_bounds+dynamics+geo_bounds+obstacles,geo_free,geo_free,False,pillars,mf,10.0,4.0,pid_stopgo,0.5,unet,Gen15,10.0,3.0,0.3,latest,fm_only,all,cuda,,10.0
43,pillars|mf|K10|bbunet|dp0.5,/u/home/llim/FMPCC/FM-PCC/logs/UAV_MIX/uav-pillars/plans/mix_uav_mf/H8_Dmodels.mf_diffusion.MeanFlowODE_9D_dp0.5_bbunet/Emf_K10_mpc4_pid_stopgo_T0.5,6,test,pillars_bounds+dynamics+geo_bounds+obstacles,geo_free-bounds_free,geo_free-bounds_free,False,pillars,mf,10.0,4.0,pid_stopgo,0.5,unet,Gen15,10.0,3.0,0.3,latest,fm_only,all,cuda,,10.0
43,pillars|mf|K10|bbunet|dp0.5,/u/home/llim/FMPCC/FM-PCC/logs/UAV_MIX/uav-pillars/plans/mix_uav_mf/H8_Dmodels.mf_diffusion.MeanFlowODE_9D_dp0.5_bbunet/Emf_K10_mpc4_pid_stopgo_T0.5,6,test,pillars_bounds+dynamics+geo_bounds+obstacles,geo_free-model_free,geo_free-model_free,False,pillars,mf,10.0,4.0,pid_stopgo,0.5,unet,Gen15,10.0,3.0,0.3,latest,fm_only,all,cuda,,10.0
43,pillars|mf|K10|bbunet|dp0.5,/u/home/llim/FMPCC/FM-PCC/logs/UAV_MIX/uav-pillars/plans/mix_uav_mf/H8_Dmodels.mf_diffusion.MeanFlowODE_9D_dp0.5_bbunet/Emf_K10_mpc4_pid_stopgo_T0.5,6,test,pillars_bounds+dynamics+geo_bounds+obstacles,gradient,gradient,False,pillars,mf,10.0,4.0,pid_stopgo,0.5,unet,Gen15,10.0,3.0,0.3,latest,fm_only,all,cuda,,10.0
43,pillars|mf|K10|bbunet|dp0.5,/u/home/llim/FMPCC/FM-PCC/logs/UAV_MIX/uav-pillars/plans/mix_uav_mf/H8_Dmodels.mf_diffusion.MeanFlowODE_9D_dp0.5_bbunet/Emf_K10_mpc4_pid_stopgo_T0.5,6,test,pillars_bounds+dynamics+geo_bounds+obstacles,gradient-tightened,gradient,True,pillars,mf,10.0,4.0,pid_stopgo,0.5,unet,Gen15,10.0,3.0,0.3,latest,fm_only,all,cuda,,10.0
43,pillars|mf|K10|bbunet|dp0.5,/u/home/llim/FMPCC/FM-PCC/logs/UAV_MIX/uav-pillars/plans/mix_uav_mf/H8_Dmodels.mf_diffusion.MeanFlowODE_9D_dp0.5_bbunet/Emf_K10_mpc4_pid_stopgo_T0.5,6,test,pillars_bounds+dynamics+geo_bounds+obstacles,hardflow_new,hardflow_new,False,pillars,mf,10.0,4.0,pid_stopgo,0.5,unet,Gen15,10.0,3.0,0.3,latest,fm_only,all,cuda,,10.0
43,pillars|mf|K10|bbunet|dp0.5,/u/home/llim/FMPCC/FM-PCC/logs/UAV_MIX/uav-pillars/plans/mix_uav_mf/H8_Dmodels.mf_diffusion.MeanFlowODE_9D_dp0.5_bbunet/Emf_K10_mpc4_pid_stopgo_T0.5,6,test,pillars_bounds+dynamics+geo_bounds+obstacles,hardflow_new-c,hardflow_new-c,False,pillars,mf,10.0,4.0,pid_stopgo,0.5,unet,Gen15,10.0,3.0,0.3,latest,fm_only,all,cuda,,10.0
43,pillars|mf|K10|bbunet|dp0.5,/u/home/llim/FMPCC/FM-PCC/logs/UAV_MIX/uav-pillars/plans/mix_uav_mf/H8_Dmodels.mf_diffusion.MeanFlowODE_9D_dp0.5_bbunet/Emf_K10_mpc4_pid_stopgo_T0.5,6,test,pillars_bounds+dynamics+geo_bounds+obstacles,hardflow_new-t,hardflow_new-t,False,pillars,mf,10.0,4.0,pid_stopgo,0.5,unet,Gen15,10.0,3.0,0.3,latest,fm_only,all,cuda,,10.0
43,pillars|mf|K10|bbunet|dp0.5,/u/home/llim/FMPCC/FM-PCC/logs/UAV_MIX/uav-pillars/plans/mix_uav_mf/H8_Dmodels.mf_diffusion.MeanFlowODE_9D_dp0.5_bbunet/Emf_K10_mpc4_pid_stopgo_T0.5,6,test,pillars_bounds+dynamics+geo_bounds+obstacles,model_free,model_free,False,pillars,mf,10.0,4.0,pid_stopgo,0.5,unet,Gen15,10.0,3.0,0.3,latest,fm_only,all,cuda,,10.0
43,pillars|mf|K10|bbunet|dp0.5,/u/home/llim/FMPCC/FM-PCC/logs/UAV_MIX/uav-pillars/plans/mix_uav_mf/H8_Dmodels.mf_diffusion.MeanFlowODE_9D_dp0.5_bbunet/Emf_K10_mpc4_pid_stopgo_T0.5,6,test,pillars_bounds+dynamics+geo_bounds+obstacles,model_free-bounds_free,model_free-bounds_free,False,pillars,mf,10.0,4.0,pid_stopgo,0.5,unet,Gen15,10.0,3.0,0.3,latest,fm_only,all,cuda,,10.0
43,pillars|mf|K10|bbunet|dp0.5,/u/home/llim/FMPCC/FM-PCC/logs/UAV_MIX/uav-pillars/plans/mix_uav_mf/H8_Dmodels.mf_diffusion.MeanFlowODE_9D_dp0.5_bbunet/Emf_K10_mpc4_pid_stopgo_T0.5,6,test,pillars_bounds+dynamics+geo_bounds+obstacles,model_free-bounds_free-tightened,model_free-bounds_free,True,pillars,mf,10.0,4.0,pid_stopgo,0.5,unet,Gen15,10.0,3.0,0.3,latest,fm_only,all,cuda,,10.0
43,pillars|mf|K10|bbunet|dp0.5,/u/home/llim/FMPCC/FM-PCC/logs/UAV_MIX/uav-pillars/plans/mix_uav_mf/H8_Dmodels.mf_diffusion.MeanFlowODE_9D_dp0.5_bbunet/Emf_K10_mpc4_pid_stopgo_T0.5,6,test,pillars_bounds+dynamics+geo_bounds+obstacles,model_free-tightened,model_free,True,pillars,mf,10.0,4.0,pid_stopgo,0.5,unet,Gen15,10.0,3.0,0.3,latest,fm_only,all,cuda,,10.0
43,pillars|mf|K10|bbunet|dp0.5,/u/home/llim/FMPCC/FM-PCC/logs/UAV_MIX/uav-pillars/plans/mix_uav_mf/H8_Dmodels.mf_diffusion.MeanFlowODE_9D_dp0.5_bbunet/Emf_K10_mpc4_pid_stopgo_T0.5,6,test,pillars_bounds+dynamics+geo_bounds+obstacles,post_processing,post_processing,False,pillars,mf,10.0,4.0,pid_stopgo,0.5,unet,Gen15,10.0,3.0,0.3,latest,fm_only,all,cuda,,10.0
43,pillars|mf|K10|bbunet|dp0.5,/u/home/llim/FMPCC/FM-PCC/logs/UAV_MIX/uav-pillars/plans/mix_uav_mf/H8_Dmodels.mf_diffusion.MeanFlowODE_9D_dp0.5_bbunet/Emf_K10_mpc4_pid_stopgo_T0.5,6,test,pillars_bounds+dynamics+geo_bounds+obstacles,post_processing-tightened,post_processing,True,pillars,mf,10.0,4.0,pid_stopgo,0.5,unet,Gen15,10.0,3.0,0.3,latest,fm_only,all,cuda,,10.0
44,s_curve|diffusion|K20,/u/home/llim/FMPCC/FM-PCC/logs/UAV_MIX/uav-s_curve/plans/mix_uav_diffusion/H8_Dmodels.ddpm_diffusion.GaussianDiffusion_9D_K20/Ediffusion_K20_mpc4_pid_stopgo_T0.5,6,test,s_curve_bounds+dynamics+geo_bounds+halfspace+obstacles,bounds_free,bounds_free,False,s_curve,diffusion,20.0,4.0,pid_stopgo,0.5,,Gen15,20.0,5.0,0.3,best,fm_only,none,cuda,,
44,s_curve|diffusion|K20,/u/home/llim/FMPCC/FM-PCC/logs/UAV_MIX/uav-s_curve/plans/mix_uav_diffusion/H8_Dmodels.ddpm_diffusion.GaussianDiffusion_9D_K20/Ediffusion_K20_mpc4_pid_stopgo_T0.5,6,test,s_curve_bounds+dynamics+geo_bounds+halfspace+obstacles,bounds_free-tightened,bounds_free,True,s_curve,diffusion,20.0,4.0,pid_stopgo,0.5,,Gen15,20.0,5.0,0.3,best,fm_only,none,cuda,,
44,s_curve|diffusion|K20,/u/home/llim/FMPCC/FM-PCC/logs/UAV_MIX/uav-s_curve/plans/mix_uav_diffusion/H8_Dmodels.ddpm_diffusion.GaussianDiffusion_9D_K20/Ediffusion_K20_mpc4_pid_stopgo_T0.5,6,test,s_curve_bounds+dynamics+geo_bounds+halfspace+obstacles,diffuser,diffuser,False,s_curve,diffusion,20.0,4.0,pid_stopgo,0.5,,Gen15,20.0,5.0,0.3,best,fm_only,none,cuda,,
44,s_curve|diffusion|K20,/u/home/llim/FMPCC/FM-PCC/logs/UAV_MIX/uav-s_curve/plans/mix_uav_diffusion/H8_Dmodels.ddpm_diffusion.GaussianDiffusion_9D_K20/Ediffusion_K20_mpc4_pid_stopgo_T0.5,6,test,s_curve_bounds+dynamics+geo_bounds+halfspace+obstacles,dpcc-c,dpcc-c,False,s_curve,diffusion,20.0,4.0,pid_stopgo,0.5,,Gen15,20.0,5.0,0.3,best,fm_only,none,cuda,,
44,s_curve|diffusion|K20,/u/home/llim/FMPCC/FM-PCC/logs/UAV_MIX/uav-s_curve/plans/mix_uav_diffusion/H8_Dmodels.ddpm_diffusion.GaussianDiffusion_9D_K20/Ediffusion_K20_mpc4_pid_stopgo_T0.5,6,test,s_curve_bounds+dynamics+geo_bounds+halfspace+obstacles,dpcc-c-tightened,dpcc-c,True,s_curve,diffusion,20.0,4.0,pid_stopgo,0.5,,Gen15,20.0,5.0,0.3,best,fm_only,none,cuda,,
44,s_curve|diffusion|K20,/u/home/llim/FMPCC/FM-PCC/logs/UAV_MIX/uav-s_curve/plans/mix_uav_diffusion/H8_Dmodels.ddpm_diffusion.GaussianDiffusion_9D_K20/Ediffusion_K20_mpc4_pid_stopgo_T0.5,6,test,s_curve_bounds+dynamics+geo_bounds+halfspace+obstacles,dpcc-r,dpcc-r,False,s_curve,diffusion,20.0,4.0,pid_stopgo,0.5,,Gen15,20.0,5.0,0.3,best,fm_only,none,cuda,,
44,s_curve|diffusion|K20,/u/home/llim/FMPCC/FM-PCC/logs/UAV_MIX/uav-s_curve/plans/mix_uav_diffusion/H8_Dmodels.ddpm_diffusion.GaussianDiffusion_9D_K20/Ediffusion_K20_mpc4_pid_stopgo_T0.5,6,test,s_curve_bounds+dynamics+geo_bounds+halfspace+obstacles,dpcc-r-tightened,dpcc-r,True,s_curve,diffusion,20.0,4.0,pid_stopgo,0.5,,Gen15,20.0,5.0,0.3,best,fm_only,none,cuda,,
44,s_curve|diffusion|K20,/u/home/llim/FMPCC/FM-PCC/logs/UAV_MIX/uav-s_curve/plans/mix_uav_diffusion/H8_Dmodels.ddpm_diffusion.GaussianDiffusion_9D_K20/Ediffusion_K20_mpc4_pid_stopgo_T0.5,6,test,s_curve_bounds+dynamics+geo_bounds+halfspace+obstacles,dpcc-t,dpcc-t,False,s_curve,diffusion,20.0,4.0,pid_stopgo,0.5,,Gen15,20.0,5.0,0.3,best,fm_only,none,cuda,,
44,s_curve|diffusion|K20,/u/home/llim/FMPCC/FM-PCC/logs/UAV_MIX/uav-s_curve/plans/mix_uav_diffusion/H8_Dmodels.ddpm_diffusion.GaussianDiffusion_9D_K20/Ediffusion_K20_mpc4_pid_stopgo_T0.5,6,test,s_curve_bounds+dynamics+geo_bounds+halfspace+obstacles,dpcc-t-tightened,dpcc-t,True,s_curve,diffusion,20.0,4.0,pid_stopgo,0.5,,Gen15,20.0,,,,,,,,
44,s_curve|diffusion|K20,/u/home/llim/FMPCC/FM-PCC/logs/UAV_MIX/uav-s_curve/plans/mix_uav_diffusion/H8_Dmodels.ddpm_diffusion.GaussianDiffusion_9D_K20/Ediffusion_K20_mpc4_pid_stopgo_T0.5,6,test,s_curve_bounds+dynamics+geo_bounds+halfspace+obstacles,geo_free,geo_free,False,s_curve,diffusion,20.0,4.0,pid_stopgo,0.5,,Gen15,20.0,5.0,0.3,best,fm_only,none,cuda,,
44,s_curve|diffusion|K20,/u/home/llim/FMPCC/FM-PCC/logs/UAV_MIX/uav-s_curve/plans/mix_uav_diffusion/H8_Dmodels.ddpm_diffusion.GaussianDiffusion_9D_K20/Ediffusion_K20_mpc4_pid_stopgo_T0.5,6,test,s_curve_bounds+dynamics+geo_bounds+halfspace+obstacles,geo_free-bounds_free,geo_free-bounds_free,False,s_curve,diffusion,20.0,4.0,pid_stopgo,0.5,,Gen15,20.0,5.0,0.3,best,fm_only,none,cuda,,
44,s_curve|diffusion|K20,/u/home/llim/FMPCC/FM-PCC/logs/UAV_MIX/uav-s_curve/plans/mix_uav_diffusion/H8_Dmodels.ddpm_diffusion.GaussianDiffusion_9D_K20/Ediffusion_K20_mpc4_pid_stopgo_T0.5,6,test,s_curve_bounds+dynamics+geo_bounds+halfspace+obstacles,geo_free-model_free,geo_free-model_free,False,s_curve,diffusion,20.0,4.0,pid_stopgo,0.5,,Gen15,20.0,5.0,0.3,best,fm_only,none,cuda,,
44,s_curve|diffusion|K20,/u/home/llim/FMPCC/FM-PCC/logs/UAV_MIX/uav-s_curve/plans/mix_uav_diffusion/H8_Dmodels.ddpm_diffusion.GaussianDiffusion_9D_K20/Ediffusion_K20_mpc4_pid_stopgo_T0.5,6,test,s_curve_bounds+dynamics+geo_bounds+halfspace+obstacles,gradient,gradient,False,s_curve,diffusion,20.0,4.0,pid_stopgo,0.5,,Gen15,20.0,5.0,0.3,best,fm_only,none,cuda,,
44,s_curve|diffusion|K20,/u/home/llim/FMPCC/FM-PCC/logs/UAV_MIX/uav-s_curve/plans/mix_uav_diffusion/H8_Dmodels.ddpm_diffusion.GaussianDiffusion_9D_K20/Ediffusion_K20_mpc4_pid_stopgo_T0.5,6,test,s_curve_bounds+dynamics+geo_bounds+halfspace+obstacles,gradient-tightened,gradient,True,s_curve,diffusion,20.0,4.0,pid_stopgo,0.5,,Gen15,20.0,5.0,0.3,best,fm_only,none,cuda,,
44,s_curve|diffusion|K20,/u/home/llim/FMPCC/FM-PCC/logs/UAV_MIX/uav-s_curve/plans/mix_uav_diffusion/H8_Dmodels.ddpm_diffusion.GaussianDiffusion_9D_K20/Ediffusion_K20_mpc4_pid_stopgo_T0.5,6,test,s_curve_bounds+dynamics+geo_bounds+halfspace+obstacles,model_free,model_free,False,s_curve,diffusion,20.0,4.0,pid_stopgo,0.5,,Gen15,20.0,5.0,0.3,best,fm_only,none,cuda,,
44,s_curve|diffusion|K20,/u/home/llim/FMPCC/FM-PCC/logs/UAV_MIX/uav-s_curve/plans/mix_uav_diffusion/H8_Dmodels.ddpm_diffusion.GaussianDiffusion_9D_K20/Ediffusion_K20_mpc4_pid_stopgo_T0.5,6,test,s_curve_bounds+dynamics+geo_bounds+halfspace+obstacles,model_free-bounds_free,model_free-bounds_free,False,s_curve,diffusion,20.0,4.0,pid_stopgo,0.5,,Gen15,20.0,5.0,0.3,best,fm_only,none,cuda,,
44,s_curve|diffusion|K20,/u/home/llim/FMPCC/FM-PCC/logs/UAV_MIX/uav-s_curve/plans/mix_uav_diffusion/H8_Dmodels.ddpm_diffusion.GaussianDiffusion_9D_K20/Ediffusion_K20_mpc4_pid_stopgo_T0.5,6,test,s_curve_bounds+dynamics+geo_bounds+halfspace+obstacles,model_free-bounds_free-tightened,model_free-bounds_free,True,s_curve,diffusion,20.0,4.0,pid_stopgo,0.5,,Gen15,20.0,5.0,0.3,best,fm_only,none,cuda,,
44,s_curve|diffusion|K20,/u/home/llim/FMPCC/FM-PCC/logs/UAV_MIX/uav-s_curve/plans/mix_uav_diffusion/H8_Dmodels.ddpm_diffusion.GaussianDiffusion_9D_K20/Ediffusion_K20_mpc4_pid_stopgo_T0.5,6,test,s_curve_bounds+dynamics+geo_bounds+halfspace+obstacles,model_free-tightened,model_free,True,s_curve,diffusion,20.0,4.0,pid_stopgo,0.5,,Gen15,20.0,5.0,0.3,best,fm_only,none,cuda,,
44,s_curve|diffusion|K20,/u/home/llim/FMPCC/FM-PCC/logs/UAV_MIX/uav-s_curve/plans/mix_uav_diffusion/H8_Dmodels.ddpm_diffusion.GaussianDiffusion_9D_K20/Ediffusion_K20_mpc4_pid_stopgo_T0.5,6,test,s_curve_bounds+dynamics+geo_bounds+halfspace+obstacles,post_processing,post_processing,False,s_curve,diffusion,20.0,4.0,pid_stopgo,0.5,,Gen15,20.0,5.0,0.3,best,fm_only,none,cuda,,
44,s_curve|diffusion|K20,/u/home/llim/FMPCC/FM-PCC/logs/UAV_MIX/uav-s_curve/plans/mix_uav_diffusion/H8_Dmodels.ddpm_diffusion.GaussianDiffusion_9D_K20/Ediffusion_K20_mpc4_pid_stopgo_T0.5,6,test,s_curve_bounds+dynamics+geo_bounds+halfspace+obstacles,post_processing-tightened,post_processing,True,s_curve,diffusion,20.0,4.0,pid_stopgo,0.5,,Gen15,20.0,5.0,0.3,best,fm_only,none,cuda,,
45,s_curve|fm|K10,/u/home/llim/FMPCC/FM-PCC/logs/UAV_MIX/uav-s_curve/plans/mix_uav_fm/H8_Dmodels.diffusion.FlowMatchingODE_9D/Efm_K10_mpc4_pid_stopgo_T0.5,6,test,s_curve_bounds+dynamics+geo_bounds+halfspace+obstacles,bounds_free,bounds_free,False,s_curve,fm,10.0,4.0,pid_stopgo,0.5,,Gen15,10.0,5.0,0.3,best,fm_only,none,cuda,,10.0
45,s_curve|fm|K10,/u/home/llim/FMPCC/FM-PCC/logs/UAV_MIX/uav-s_curve/plans/mix_uav_fm/H8_Dmodels.diffusion.FlowMatchingODE_9D/Efm_K10_mpc4_pid_stopgo_T0.5,6,test,s_curve_bounds+dynamics+geo_bounds+halfspace+obstacles,bounds_free-tightened,bounds_free,True,s_curve,fm,10.0,4.0,pid_stopgo,0.5,,Gen15,10.0,5.0,0.3,best,fm_only,none,cuda,,10.0
45,s_curve|fm|K10,/u/home/llim/FMPCC/FM-PCC/logs/UAV_MIX/uav-s_curve/plans/mix_uav_fm/H8_Dmodels.diffusion.FlowMatchingODE_9D/Efm_K10_mpc4_pid_stopgo_T0.5,6,test,s_curve_bounds+dynamics+geo_bounds+halfspace+obstacles,diffuser,diffuser,False,s_curve,fm,10.0,4.0,pid_stopgo,0.5,,Gen15,10.0,5.0,0.3,best,fm_only,none,cuda,,10.0
45,s_curve|fm|K10,/u/home/llim/FMPCC/FM-PCC/logs/UAV_MIX/uav-s_curve/plans/mix_uav_fm/H8_Dmodels.diffusion.FlowMatchingODE_9D/Efm_K10_mpc4_pid_stopgo_T0.5,6,test,s_curve_bounds+dynamics+geo_bounds+halfspace+obstacles,dpcc-c,dpcc-c,False,s_curve,fm,10.0,4.0,pid_stopgo,0.5,,Gen15,10.0,5.0,0.3,best,fm_only,none,cuda,,10.0
45,s_curve|fm|K10,/u/home/llim/FMPCC/FM-PCC/logs/UAV_MIX/uav-s_curve/plans/mix_uav_fm/H8_Dmodels.diffusion.FlowMatchingODE_9D/Efm_K10_mpc4_pid_stopgo_T0.5,6,test,s_curve_bounds+dynamics+geo_bounds+halfspace+obstacles,dpcc-c-tightened,dpcc-c,True,s_curve,fm,10.0,4.0,pid_stopgo,0.5,,Gen15,10.0,5.0,0.3,best,fm_only,none,cuda,,10.0
45,s_curve|fm|K10,/u/home/llim/FMPCC/FM-PCC/logs/UAV_MIX/uav-s_curve/plans/mix_uav_fm/H8_Dmodels.diffusion.FlowMatchingODE_9D/Efm_K10_mpc4_pid_stopgo_T0.5,6,test,s_curve_bounds+dynamics+geo_bounds+halfspace+obstacles,dpcc-r,dpcc-r,False,s_curve,fm,10.0,4.0,pid_stopgo,0.5,,Gen15,10.0,5.0,0.3,best,fm_only,none,cuda,,10.0
45,s_curve|fm|K10,/u/home/llim/FMPCC/FM-PCC/logs/UAV_MIX/uav-s_curve/plans/mix_uav_fm/H8_Dmodels.diffusion.FlowMatchingODE_9D/Efm_K10_mpc4_pid_stopgo_T0.5,6,test,s_curve_bounds+dynamics+geo_bounds+halfspace+obstacles,dpcc-r-tightened,dpcc-r,True,s_curve,fm,10.0,4.0,pid_stopgo,0.5,,Gen15,10.0,5.0,0.3,best,fm_only,none,cuda,,10.0
45,s_curve|fm|K10,/u/home/llim/FMPCC/FM-PCC/logs/UAV_MIX/uav-s_curve/plans/mix_uav_fm/H8_Dmodels.diffusion.FlowMatchingODE_9D/Efm_K10_mpc4_pid_stopgo_T0.5,6,test,s_curve_bounds+dynamics+geo_bounds+halfspace+obstacles,dpcc-t,dpcc-t,False,s_curve,fm,10.0,4.0,pid_stopgo,0.5,,Gen15,10.0,5.0,0.3,best,fm_only,none,cuda,,10.0
45,s_curve|fm|K10,/u/home/llim/FMPCC/FM-PCC/logs/UAV_MIX/uav-s_curve/plans/mix_uav_fm/H8_Dmodels.diffusion.FlowMatchingODE_9D/Efm_K10_mpc4_pid_stopgo_T0.5,6,test,s_curve_bounds+dynamics+geo_bounds+halfspace+obstacles,dpcc-t-tightened,dpcc-t,True,s_curve,fm,10.0,4.0,pid_stopgo,0.5,,Gen15,10.0,5.0,0.3,best,fm_only,none,cuda,,10.0
45,s_curve|fm|K10,/u/home/llim/FMPCC/FM-PCC/logs/UAV_MIX/uav-s_curve/plans/mix_uav_fm/H8_Dmodels.diffusion.FlowMatchingODE_9D/Efm_K10_mpc4_pid_stopgo_T0.5,6,test,s_curve_bounds+dynamics+geo_bounds+halfspace+obstacles,geo_free,geo_free,False,s_curve,fm,10.0,4.0,pid_stopgo,0.5,,Gen15,10.0,5.0,0.3,best,fm_only,none,cuda,,10.0
45,s_curve|fm|K10,/u/home/llim/FMPCC/FM-PCC/logs/UAV_MIX/uav-s_curve/plans/mix_uav_fm/H8_Dmodels.diffusion.FlowMatchingODE_9D/Efm_K10_mpc4_pid_stopgo_T0.5,6,test,s_curve_bounds+dynamics+geo_bounds+halfspace+obstacles,geo_free-bounds_free,geo_free-bounds_free,False,s_curve,fm,10.0,4.0,pid_stopgo,0.5,,Gen15,10.0,5.0,0.3,best,fm_only,none,cuda,,10.0
45,s_curve|fm|K10,/u/home/llim/FMPCC/FM-PCC/logs/UAV_MIX/uav-s_curve/plans/mix_uav_fm/H8_Dmodels.diffusion.FlowMatchingODE_9D/Efm_K10_mpc4_pid_stopgo_T0.5,6,test,s_curve_bounds+dynamics+geo_bounds+halfspace+obstacles,geo_free-model_free,geo_free-model_free,False,s_curve,fm,10.0,4.0,pid_stopgo,0.5,,Gen15,10.0,5.0,0.3,best,fm_only,none,cuda,,10.0
45,s_curve|fm|K10,/u/home/llim/FMPCC/FM-PCC/logs/UAV_MIX/uav-s_curve/plans/mix_uav_fm/H8_Dmodels.diffusion.FlowMatchingODE_9D/Efm_K10_mpc4_pid_stopgo_T0.5,6,test,s_curve_bounds+dynamics+geo_bounds+halfspace+obstacles,gradient,gradient,False,s_curve,fm,10.0,4.0,pid_stopgo,0.5,,Gen15,10.0,5.0,0.3,best,fm_only,none,cuda,,10.0
45,s_curve|fm|K10,/u/home/llim/FMPCC/FM-PCC/logs/UAV_MIX/uav-s_curve/plans/mix_uav_fm/H8_Dmodels.diffusion.FlowMatchingODE_9D/Efm_K10_mpc4_pid_stopgo_T0.5,6,test,s_curve_bounds+dynamics+geo_bounds+halfspace+obstacles,gradient-tightened,gradient,True,s_curve,fm,10.0,4.0,pid_stopgo,0.5,,Gen15,10.0,5.0,0.3,best,fm_only,none,cuda,,10.0
45,s_curve|fm|K10,/u/home/llim/FMPCC/FM-PCC/logs/UAV_MIX/uav-s_curve/plans/mix_uav_fm/H8_Dmodels.diffusion.FlowMatchingODE_9D/Efm_K10_mpc4_pid_stopgo_T0.5,6,test,s_curve_bounds+dynamics+geo_bounds+halfspace+obstacles,model_free,model_free,False,s_curve,fm,10.0,4.0,pid_stopgo,0.5,,Gen15,10.0,5.0,0.3,best,fm_only,none,cuda,,10.0
45,s_curve|fm|K10,/u/home/llim/FMPCC/FM-PCC/logs/UAV_MIX/uav-s_curve/plans/mix_uav_fm/H8_Dmodels.diffusion.FlowMatchingODE_9D/Efm_K10_mpc4_pid_stopgo_T0.5,6,test,s_curve_bounds+dynamics+geo_bounds+halfspace+obstacles,model_free-bounds_free,model_free-bounds_free,False,s_curve,fm,10.0,4.0,pid_stopgo,0.5,,Gen15,10.0,5.0,0.3,best,fm_only,none,cuda,,10.0
45,s_curve|fm|K10,/u/home/llim/FMPCC/FM-PCC/logs/UAV_MIX/uav-s_curve/plans/mix_uav_fm/H8_Dmodels.diffusion.FlowMatchingODE_9D/Efm_K10_mpc4_pid_stopgo_T0.5,6,test,s_curve_bounds+dynamics+geo_bounds+halfspace+obstacles,model_free-bounds_free-tightened,model_free-bounds_free,True,s_curve,fm,10.0,4.0,pid_stopgo,0.5,,Gen15,10.0,5.0,0.3,best,fm_only,none,cuda,,10.0
45,s_curve|fm|K10,/u/home/llim/FMPCC/FM-PCC/logs/UAV_MIX/uav-s_curve/plans/mix_uav_fm/H8_Dmodels.diffusion.FlowMatchingODE_9D/Efm_K10_mpc4_pid_stopgo_T0.5,6,test,s_curve_bounds+dynamics+geo_bounds+halfspace+obstacles,model_free-tightened,model_free,True,s_curve,fm,10.0,4.0,pid_stopgo,0.5,,Gen15,10.0,5.0,0.3,best,fm_only,none,cuda,,10.0
45,s_curve|fm|K10,/u/home/llim/FMPCC/FM-PCC/logs/UAV_MIX/uav-s_curve/plans/mix_uav_fm/H8_Dmodels.diffusion.FlowMatchingODE_9D/Efm_K10_mpc4_pid_stopgo_T0.5,6,test,s_curve_bounds+dynamics+geo_bounds+halfspace+obstacles,post_processing,post_processing,False,s_curve,fm,10.0,4.0,pid_stopgo,0.5,,Gen15,10.0,5.0,0.3,best,fm_only,none,cuda,,10.0
45,s_curve|fm|K10,/u/home/llim/FMPCC/FM-PCC/logs/UAV_MIX/uav-s_curve/plans/mix_uav_fm/H8_Dmodels.diffusion.FlowMatchingODE_9D/Efm_K10_mpc4_pid_stopgo_T0.5,6,test,s_curve_bounds+dynamics+geo_bounds+halfspace+obstacles,post_processing-tightened,post_processing,True,s_curve,fm,10.0,4.0,pid_stopgo,0.5,,Gen15,10.0,5.0,0.3,best,fm_only,none,cuda,,10.0
46,s_curve|fm|K1,/u/home/llim/FMPCC/FM-PCC/logs/UAV_MIX/uav-s_curve/plans/mix_uav_fm/H8_Dmodels.diffusion.FlowMatchingODE_9D/Efm_K1_mpc4_pid_stopgo_T0.5,6,test,s_curve_bounds+dynamics+geo_bounds+halfspace+obstacles,bounds_free,bounds_free,False,s_curve,fm,1.0,4.0,pid_stopgo,0.5,,Gen15,1.0,5.0,0.3,best,fm_only,none,cuda,,1.0
46,s_curve|fm|K1,/u/home/llim/FMPCC/FM-PCC/logs/UAV_MIX/uav-s_curve/plans/mix_uav_fm/H8_Dmodels.diffusion.FlowMatchingODE_9D/Efm_K1_mpc4_pid_stopgo_T0.5,6,test,s_curve_bounds+dynamics+geo_bounds+halfspace+obstacles,bounds_free-tightened,bounds_free,True,s_curve,fm,1.0,4.0,pid_stopgo,0.5,,Gen15,1.0,5.0,0.3,best,fm_only,none,cuda,,1.0
46,s_curve|fm|K1,/u/home/llim/FMPCC/FM-PCC/logs/UAV_MIX/uav-s_curve/plans/mix_uav_fm/H8_Dmodels.diffusion.FlowMatchingODE_9D/Efm_K1_mpc4_pid_stopgo_T0.5,6,test,s_curve_bounds+dynamics+geo_bounds+halfspace+obstacles,diffuser,diffuser,False,s_curve,fm,1.0,4.0,pid_stopgo,0.5,,Gen15,1.0,5.0,0.3,best,fm_only,none,cuda,,1.0
46,s_curve|fm|K1,/u/home/llim/FMPCC/FM-PCC/logs/UAV_MIX/uav-s_curve/plans/mix_uav_fm/H8_Dmodels.diffusion.FlowMatchingODE_9D/Efm_K1_mpc4_pid_stopgo_T0.5,6,test,s_curve_bounds+dynamics+geo_bounds+halfspace+obstacles,dpcc-c,dpcc-c,False,s_curve,fm,1.0,4.0,pid_stopgo,0.5,,Gen15,1.0,5.0,0.3,best,fm_only,none,cuda,,1.0
46,s_curve|fm|K1,/u/home/llim/FMPCC/FM-PCC/logs/UAV_MIX/uav-s_curve/plans/mix_uav_fm/H8_Dmodels.diffusion.FlowMatchingODE_9D/Efm_K1_mpc4_pid_stopgo_T0.5,6,test,s_curve_bounds+dynamics+geo_bounds+halfspace+obstacles,dpcc-c-tightened,dpcc-c,True,s_curve,fm,1.0,4.0,pid_stopgo,0.5,,Gen15,1.0,5.0,0.3,best,fm_only,none,cuda,,1.0
46,s_curve|fm|K1,/u/home/llim/FMPCC/FM-PCC/logs/UAV_MIX/uav-s_curve/plans/mix_uav_fm/H8_Dmodels.diffusion.FlowMatchingODE_9D/Efm_K1_mpc4_pid_stopgo_T0.5,6,test,s_curve_bounds+dynamics+geo_bounds+halfspace+obstacles,dpcc-r,dpcc-r,False,s_curve,fm,1.0,4.0,pid_stopgo,0.5,,Gen15,1.0,5.0,0.3,best,fm_only,none,cuda,,1.0
46,s_curve|fm|K1,/u/home/llim/FMPCC/FM-PCC/logs/UAV_MIX/uav-s_curve/plans/mix_uav_fm/H8_Dmodels.diffusion.FlowMatchingODE_9D/Efm_K1_mpc4_pid_stopgo_T0.5,6,test,s_curve_bounds+dynamics+geo_bounds+halfspace+obstacles,dpcc-r-tightened,dpcc-r,True,s_curve,fm,1.0,4.0,pid_stopgo,0.5,,Gen15,1.0,5.0,0.3,best,fm_only,none,cuda,,1.0
46,s_curve|fm|K1,/u/home/llim/FMPCC/FM-PCC/logs/UAV_MIX/uav-s_curve/plans/mix_uav_fm/H8_Dmodels.diffusion.FlowMatchingODE_9D/Efm_K1_mpc4_pid_stopgo_T0.5,6,test,s_curve_bounds+dynamics+geo_bounds+halfspace+obstacles,dpcc-t,dpcc-t,False,s_curve,fm,1.0,4.0,pid_stopgo,0.5,,Gen15,1.0,5.0,0.3,best,fm_only,none,cuda,,1.0
46,s_curve|fm|K1,/u/home/llim/FMPCC/FM-PCC/logs/UAV_MIX/uav-s_curve/plans/mix_uav_fm/H8_Dmodels.diffusion.FlowMatchingODE_9D/Efm_K1_mpc4_pid_stopgo_T0.5,6,test,s_curve_bounds+dynamics+geo_bounds+halfspace+obstacles,dpcc-t-tightened,dpcc-t,True,s_curve,fm,1.0,4.0,pid_stopgo,0.5,,Gen15,1.0,5.0,0.3,best,fm_only,none,cuda,,1.0
46,s_curve|fm|K1,/u/home/llim/FMPCC/FM-PCC/logs/UAV_MIX/uav-s_curve/plans/mix_uav_fm/H8_Dmodels.diffusion.FlowMatchingODE_9D/Efm_K1_mpc4_pid_stopgo_T0.5,6,test,s_curve_bounds+dynamics+geo_bounds+halfspace+obstacles,geo_free,geo_free,False,s_curve,fm,1.0,4.0,pid_stopgo,0.5,,Gen15,1.0,5.0,0.3,best,fm_only,none,cuda,,1.0
46,s_curve|fm|K1,/u/home/llim/FMPCC/FM-PCC/logs/UAV_MIX/uav-s_curve/plans/mix_uav_fm/H8_Dmodels.diffusion.FlowMatchingODE_9D/Efm_K1_mpc4_pid_stopgo_T0.5,6,test,s_curve_bounds+dynamics+geo_bounds+halfspace+obstacles,geo_free-bounds_free,geo_free-bounds_free,False,s_curve,fm,1.0,4.0,pid_stopgo,0.5,,Gen15,1.0,5.0,0.3,best,fm_only,none,cuda,,1.0
46,s_curve|fm|K1,/u/home/llim/FMPCC/FM-PCC/logs/UAV_MIX/uav-s_curve/plans/mix_uav_fm/H8_Dmodels.diffusion.FlowMatchingODE_9D/Efm_K1_mpc4_pid_stopgo_T0.5,6,test,s_curve_bounds+dynamics+geo_bounds+halfspace+obstacles,geo_free-model_free,geo_free-model_free,False,s_curve,fm,1.0,4.0,pid_stopgo,0.5,,Gen15,1.0,5.0,0.3,best,fm_only,none,cuda,,1.0
46,s_curve|fm|K1,/u/home/llim/FMPCC/FM-PCC/logs/UAV_MIX/uav-s_curve/plans/mix_uav_fm/H8_Dmodels.diffusion.FlowMatchingODE_9D/Efm_K1_mpc4_pid_stopgo_T0.5,6,test,s_curve_bounds+dynamics+geo_bounds+halfspace+obstacles,gradient,gradient,False,s_curve,fm,1.0,4.0,pid_stopgo,0.5,,Gen15,1.0,5.0,0.3,best,fm_only,none,cuda,,1.0
46,s_curve|fm|K1,/u/home/llim/FMPCC/FM-PCC/logs/UAV_MIX/uav-s_curve/plans/mix_uav_fm/H8_Dmodels.diffusion.FlowMatchingODE_9D/Efm_K1_mpc4_pid_stopgo_T0.5,6,test,s_curve_bounds+dynamics+geo_bounds+halfspace+obstacles,gradient-tightened,gradient,True,s_curve,fm,1.0,4.0,pid_stopgo,0.5,,Gen15,1.0,5.0,0.3,best,fm_only,none,cuda,,1.0
46,s_curve|fm|K1,/u/home/llim/FMPCC/FM-PCC/logs/UAV_MIX/uav-s_curve/plans/mix_uav_fm/H8_Dmodels.diffusion.FlowMatchingODE_9D/Efm_K1_mpc4_pid_stopgo_T0.5,6,test,s_curve_bounds+dynamics+geo_bounds+halfspace+obstacles,model_free,model_free,False,s_curve,fm,1.0,4.0,pid_stopgo,0.5,,Gen15,1.0,5.0,0.3,best,fm_only,none,cuda,,1.0
46,s_curve|fm|K1,/u/home/llim/FMPCC/FM-PCC/logs/UAV_MIX/uav-s_curve/plans/mix_uav_fm/H8_Dmodels.diffusion.FlowMatchingODE_9D/Efm_K1_mpc4_pid_stopgo_T0.5,6,test,s_curve_bounds+dynamics+geo_bounds+halfspace+obstacles,model_free-bounds_free,model_free-bounds_free,False,s_curve,fm,1.0,4.0,pid_stopgo,0.5,,Gen15,1.0,5.0,0.3,best,fm_only,none,cuda,,1.0
46,s_curve|fm|K1,/u/home/llim/FMPCC/FM-PCC/logs/UAV_MIX/uav-s_curve/plans/mix_uav_fm/H8_Dmodels.diffusion.FlowMatchingODE_9D/Efm_K1_mpc4_pid_stopgo_T0.5,6,test,s_curve_bounds+dynamics+geo_bounds+halfspace+obstacles,model_free-bounds_free-tightened,model_free-bounds_free,True,s_curve,fm,1.0,4.0,pid_stopgo,0.5,,Gen15,1.0,5.0,0.3,best,fm_only,none,cuda,,1.0
46,s_curve|fm|K1,/u/home/llim/FMPCC/FM-PCC/logs/UAV_MIX/uav-s_curve/plans/mix_uav_fm/H8_Dmodels.diffusion.FlowMatchingODE_9D/Efm_K1_mpc4_pid_stopgo_T0.5,6,test,s_curve_bounds+dynamics+geo_bounds+halfspace+obstacles,model_free-tightened,model_free,True,s_curve,fm,1.0,4.0,pid_stopgo,0.5,,Gen15,1.0,5.0,0.3,best,fm_only,none,cuda,,1.0
46,s_curve|fm|K1,/u/home/llim/FMPCC/FM-PCC/logs/UAV_MIX/uav-s_curve/plans/mix_uav_fm/H8_Dmodels.diffusion.FlowMatchingODE_9D/Efm_K1_mpc4_pid_stopgo_T0.5,6,test,s_curve_bounds+dynamics+geo_bounds+halfspace+obstacles,post_processing,post_processing,False,s_curve,fm,1.0,4.0,pid_stopgo,0.5,,Gen15,1.0,5.0,0.3,best,fm_only,none,cuda,,1.0
46,s_curve|fm|K1,/u/home/llim/FMPCC/FM-PCC/logs/UAV_MIX/uav-s_curve/plans/mix_uav_fm/H8_Dmodels.diffusion.FlowMatchingODE_9D/Efm_K1_mpc4_pid_stopgo_T0.5,6,test,s_curve_bounds+dynamics+geo_bounds+halfspace+obstacles,post_processing-tightened,post_processing,True,s_curve,fm,1.0,4.0,pid_stopgo,0.5,,Gen15,1.0,5.0,0.3,best,fm_only,none,cuda,,1.0
47,s_curve|fm|K20,/u/home/llim/FMPCC/FM-PCC/logs/UAV_MIX/uav-s_curve/plans/mix_uav_fm/H8_Dmodels.diffusion.FlowMatchingODE_9D/Efm_K20_mpc4_pid_stopgo_T0.5,6,test,s_curve_bounds+dynamics+geo_bounds+halfspace+obstacles,bounds_free,bounds_free,False,s_curve,fm,20.0,4.0,pid_stopgo,0.5,,Gen15,20.0,5.0,0.3,best,fm_only,none,cuda,,20.0
47,s_curve|fm|K20,/u/home/llim/FMPCC/FM-PCC/logs/UAV_MIX/uav-s_curve/plans/mix_uav_fm/H8_Dmodels.diffusion.FlowMatchingODE_9D/Efm_K20_mpc4_pid_stopgo_T0.5,6,test,s_curve_bounds+dynamics+geo_bounds+halfspace+obstacles,bounds_free-tightened,bounds_free,True,s_curve,fm,20.0,4.0,pid_stopgo,0.5,,Gen15,20.0,5.0,0.3,best,fm_only,none,cuda,,20.0
47,s_curve|fm|K20,/u/home/llim/FMPCC/FM-PCC/logs/UAV_MIX/uav-s_curve/plans/mix_uav_fm/H8_Dmodels.diffusion.FlowMatchingODE_9D/Efm_K20_mpc4_pid_stopgo_T0.5,6,test,s_curve_bounds+dynamics+geo_bounds+halfspace+obstacles,diffuser,diffuser,False,s_curve,fm,20.0,4.0,pid_stopgo,0.5,,Gen15,20.0,5.0,0.3,best,fm_only,none,cuda,,20.0
47,s_curve|fm|K20,/u/home/llim/FMPCC/FM-PCC/logs/UAV_MIX/uav-s_curve/plans/mix_uav_fm/H8_Dmodels.diffusion.FlowMatchingODE_9D/Efm_K20_mpc4_pid_stopgo_T0.5,6,test,s_curve_bounds+dynamics+geo_bounds+halfspace+obstacles,dpcc-c,dpcc-c,False,s_curve,fm,20.0,4.0,pid_stopgo,0.5,,Gen15,20.0,5.0,0.3,best,fm_only,none,cuda,,20.0
47,s_curve|fm|K20,/u/home/llim/FMPCC/FM-PCC/logs/UAV_MIX/uav-s_curve/plans/mix_uav_fm/H8_Dmodels.diffusion.FlowMatchingODE_9D/Efm_K20_mpc4_pid_stopgo_T0.5,6,test,s_curve_bounds+dynamics+geo_bounds+halfspace+obstacles,dpcc-c-tightened,dpcc-c,True,s_curve,fm,20.0,4.0,pid_stopgo,0.5,,Gen15,20.0,5.0,0.3,best,fm_only,none,cuda,,20.0
47,s_curve|fm|K20,/u/home/llim/FMPCC/FM-PCC/logs/UAV_MIX/uav-s_curve/plans/mix_uav_fm/H8_Dmodels.diffusion.FlowMatchingODE_9D/Efm_K20_mpc4_pid_stopgo_T0.5,6,test,s_curve_bounds+dynamics+geo_bounds+halfspace+obstacles,dpcc-r,dpcc-r,False,s_curve,fm,20.0,4.0,pid_stopgo,0.5,,Gen15,20.0,5.0,0.3,best,fm_only,none,cuda,,20.0
47,s_curve|fm|K20,/u/home/llim/FMPCC/FM-PCC/logs/UAV_MIX/uav-s_curve/plans/mix_uav_fm/H8_Dmodels.diffusion.FlowMatchingODE_9D/Efm_K20_mpc4_pid_stopgo_T0.5,6,test,s_curve_bounds+dynamics+geo_bounds+halfspace+obstacles,dpcc-r-tightened,dpcc-r,True,s_curve,fm,20.0,4.0,pid_stopgo,0.5,,Gen15,20.0,5.0,0.3,best,fm_only,none,cuda,,20.0
47,s_curve|fm|K20,/u/home/llim/FMPCC/FM-PCC/logs/UAV_MIX/uav-s_curve/plans/mix_uav_fm/H8_Dmodels.diffusion.FlowMatchingODE_9D/Efm_K20_mpc4_pid_stopgo_T0.5,6,test,s_curve_bounds+dynamics+geo_bounds+halfspace+obstacles,dpcc-t,dpcc-t,False,s_curve,fm,20.0,4.0,pid_stopgo,0.5,,Gen15,20.0,5.0,0.3,best,fm_only,none,cuda,,20.0
47,s_curve|fm|K20,/u/home/llim/FMPCC/FM-PCC/logs/UAV_MIX/uav-s_curve/plans/mix_uav_fm/H8_Dmodels.diffusion.FlowMatchingODE_9D/Efm_K20_mpc4_pid_stopgo_T0.5,6,test,s_curve_bounds+dynamics+geo_bounds+halfspace+obstacles,dpcc-t-tightened,dpcc-t,True,s_curve,fm,20.0,4.0,pid_stopgo,0.5,,Gen15,20.0,5.0,0.3,best,fm_only,none,cuda,,20.0
47,s_curve|fm|K20,/u/home/llim/FMPCC/FM-PCC/logs/UAV_MIX/uav-s_curve/plans/mix_uav_fm/H8_Dmodels.diffusion.FlowMatchingODE_9D/Efm_K20_mpc4_pid_stopgo_T0.5,6,test,s_curve_bounds+dynamics+geo_bounds+halfspace+obstacles,geo_free,geo_free,False,s_curve,fm,20.0,4.0,pid_stopgo,0.5,,Gen15,20.0,5.0,0.3,best,fm_only,none,cuda,,20.0
47,s_curve|fm|K20,/u/home/llim/FMPCC/FM-PCC/logs/UAV_MIX/uav-s_curve/plans/mix_uav_fm/H8_Dmodels.diffusion.FlowMatchingODE_9D/Efm_K20_mpc4_pid_stopgo_T0.5,6,test,s_curve_bounds+dynamics+geo_bounds+halfspace+obstacles,geo_free-bounds_free,geo_free-bounds_free,False,s_curve,fm,20.0,4.0,pid_stopgo,0.5,,Gen15,20.0,5.0,0.3,best,fm_only,none,cuda,,20.0
47,s_curve|fm|K20,/u/home/llim/FMPCC/FM-PCC/logs/UAV_MIX/uav-s_curve/plans/mix_uav_fm/H8_Dmodels.diffusion.FlowMatchingODE_9D/Efm_K20_mpc4_pid_stopgo_T0.5,6,test,s_curve_bounds+dynamics+geo_bounds+halfspace+obstacles,geo_free-model_free,geo_free-model_free,False,s_curve,fm,20.0,4.0,pid_stopgo,0.5,,Gen15,20.0,5.0,0.3,best,fm_only,none,cuda,,20.0
47,s_curve|fm|K20,/u/home/llim/FMPCC/FM-PCC/logs/UAV_MIX/uav-s_curve/plans/mix_uav_fm/H8_Dmodels.diffusion.FlowMatchingODE_9D/Efm_K20_mpc4_pid_stopgo_T0.5,6,test,s_curve_bounds+dynamics+geo_bounds+halfspace+obstacles,gradient,gradient,False,s_curve,fm,20.0,4.0,pid_stopgo,0.5,,Gen15,20.0,5.0,0.3,best,fm_only,none,cuda,,20.0
47,s_curve|fm|K20,/u/home/llim/FMPCC/FM-PCC/logs/UAV_MIX/uav-s_curve/plans/mix_uav_fm/H8_Dmodels.diffusion.FlowMatchingODE_9D/Efm_K20_mpc4_pid_stopgo_T0.5,6,test,s_curve_bounds+dynamics+geo_bounds+halfspace+obstacles,gradient-tightened,gradient,True,s_curve,fm,20.0,4.0,pid_stopgo,0.5,,Gen15,20.0,5.0,0.3,best,fm_only,none,cuda,,20.0
47,s_curve|fm|K20,/u/home/llim/FMPCC/FM-PCC/logs/UAV_MIX/uav-s_curve/plans/mix_uav_fm/H8_Dmodels.diffusion.FlowMatchingODE_9D/Efm_K20_mpc4_pid_stopgo_T0.5,6,test,s_curve_bounds+dynamics+geo_bounds+halfspace+obstacles,model_free,model_free,False,s_curve,fm,20.0,4.0,pid_stopgo,0.5,,Gen15,20.0,5.0,0.3,best,fm_only,none,cuda,,20.0
47,s_curve|fm|K20,/u/home/llim/FMPCC/FM-PCC/logs/UAV_MIX/uav-s_curve/plans/mix_uav_fm/H8_Dmodels.diffusion.FlowMatchingODE_9D/Efm_K20_mpc4_pid_stopgo_T0.5,6,test,s_curve_bounds+dynamics+geo_bounds+halfspace+obstacles,model_free-bounds_free,model_free-bounds_free,False,s_curve,fm,20.0,4.0,pid_stopgo,0.5,,Gen15,20.0,5.0,0.3,best,fm_only,none,cuda,,20.0
47,s_curve|fm|K20,/u/home/llim/FMPCC/FM-PCC/logs/UAV_MIX/uav-s_curve/plans/mix_uav_fm/H8_Dmodels.diffusion.FlowMatchingODE_9D/Efm_K20_mpc4_pid_stopgo_T0.5,6,test,s_curve_bounds+dynamics+geo_bounds+halfspace+obstacles,model_free-bounds_free-tightened,model_free-bounds_free,True,s_curve,fm,20.0,4.0,pid_stopgo,0.5,,Gen15,20.0,5.0,0.3,best,fm_only,none,cuda,,20.0
47,s_curve|fm|K20,/u/home/llim/FMPCC/FM-PCC/logs/UAV_MIX/uav-s_curve/plans/mix_uav_fm/H8_Dmodels.diffusion.FlowMatchingODE_9D/Efm_K20_mpc4_pid_stopgo_T0.5,6,test,s_curve_bounds+dynamics+geo_bounds+halfspace+obstacles,model_free-tightened,model_free,True,s_curve,fm,20.0,4.0,pid_stopgo,0.5,,Gen15,20.0,5.0,0.3,best,fm_only,none,cuda,,20.0
47,s_curve|fm|K20,/u/home/llim/FMPCC/FM-PCC/logs/UAV_MIX/uav-s_curve/plans/mix_uav_fm/H8_Dmodels.diffusion.FlowMatchingODE_9D/Efm_K20_mpc4_pid_stopgo_T0.5,6,test,s_curve_bounds+dynamics+geo_bounds+halfspace+obstacles,post_processing,post_processing,False,s_curve,fm,20.0,4.0,pid_stopgo,0.5,,Gen15,20.0,5.0,0.3,best,fm_only,none,cuda,,20.0
47,s_curve|fm|K20,/u/home/llim/FMPCC/FM-PCC/logs/UAV_MIX/uav-s_curve/plans/mix_uav_fm/H8_Dmodels.diffusion.FlowMatchingODE_9D/Efm_K20_mpc4_pid_stopgo_T0.5,6,test,s_curve_bounds+dynamics+geo_bounds+halfspace+obstacles,post_processing-tightened,post_processing,True,s_curve,fm,20.0,4.0,pid_stopgo,0.5,,Gen15,20.0,5.0,0.3,best,fm_only,none,cuda,,20.0
48,s_curve|fm|K2,/u/home/llim/FMPCC/FM-PCC/logs/UAV_MIX/uav-s_curve/plans/mix_uav_fm/H8_Dmodels.diffusion.FlowMatchingODE_9D/Efm_K2_mpc4_pid_stopgo_T0.5,6,test,s_curve_bounds+dynamics+geo_bounds+halfspace+obstacles,bounds_free,bounds_free,False,s_curve,fm,2.0,4.0,pid_stopgo,0.5,,Gen15,2.0,5.0,0.3,best,fm_only,none,cuda,,2.0
48,s_curve|fm|K2,/u/home/llim/FMPCC/FM-PCC/logs/UAV_MIX/uav-s_curve/plans/mix_uav_fm/H8_Dmodels.diffusion.FlowMatchingODE_9D/Efm_K2_mpc4_pid_stopgo_T0.5,6,test,s_curve_bounds+dynamics+geo_bounds+halfspace+obstacles,bounds_free-tightened,bounds_free,True,s_curve,fm,2.0,4.0,pid_stopgo,0.5,,Gen15,2.0,5.0,0.3,best,fm_only,none,cuda,,2.0
48,s_curve|fm|K2,/u/home/llim/FMPCC/FM-PCC/logs/UAV_MIX/uav-s_curve/plans/mix_uav_fm/H8_Dmodels.diffusion.FlowMatchingODE_9D/Efm_K2_mpc4_pid_stopgo_T0.5,6,test,s_curve_bounds+dynamics+geo_bounds+halfspace+obstacles,diffuser,diffuser,False,s_curve,fm,2.0,4.0,pid_stopgo,0.5,,Gen15,2.0,5.0,0.3,best,fm_only,none,cuda,,2.0
48,s_curve|fm|K2,/u/home/llim/FMPCC/FM-PCC/logs/UAV_MIX/uav-s_curve/plans/mix_uav_fm/H8_Dmodels.diffusion.FlowMatchingODE_9D/Efm_K2_mpc4_pid_stopgo_T0.5,6,test,s_curve_bounds+dynamics+geo_bounds+halfspace+obstacles,dpcc-c,dpcc-c,False,s_curve,fm,2.0,4.0,pid_stopgo,0.5,,Gen15,2.0,5.0,0.3,best,fm_only,none,cuda,,2.0
48,s_curve|fm|K2,/u/home/llim/FMPCC/FM-PCC/logs/UAV_MIX/uav-s_curve/plans/mix_uav_fm/H8_Dmodels.diffusion.FlowMatchingODE_9D/Efm_K2_mpc4_pid_stopgo_T0.5,6,test,s_curve_bounds+dynamics+geo_bounds+halfspace+obstacles,dpcc-c-tightened,dpcc-c,True,s_curve,fm,2.0,4.0,pid_stopgo,0.5,,Gen15,2.0,5.0,0.3,best,fm_only,none,cuda,,2.0
48,s_curve|fm|K2,/u/home/llim/FMPCC/FM-PCC/logs/UAV_MIX/uav-s_curve/plans/mix_uav_fm/H8_Dmodels.diffusion.FlowMatchingODE_9D/Efm_K2_mpc4_pid_stopgo_T0.5,6,test,s_curve_bounds+dynamics+geo_bounds+halfspace+obstacles,dpcc-r,dpcc-r,False,s_curve,fm,2.0,4.0,pid_stopgo,0.5,,Gen15,2.0,5.0,0.3,best,fm_only,none,cuda,,2.0
48,s_curve|fm|K2,/u/home/llim/FMPCC/FM-PCC/logs/UAV_MIX/uav-s_curve/plans/mix_uav_fm/H8_Dmodels.diffusion.FlowMatchingODE_9D/Efm_K2_mpc4_pid_stopgo_T0.5,6,test,s_curve_bounds+dynamics+geo_bounds+halfspace+obstacles,dpcc-r-tightened,dpcc-r,True,s_curve,fm,2.0,4.0,pid_stopgo,0.5,,Gen15,2.0,5.0,0.3,best,fm_only,none,cuda,,2.0
48,s_curve|fm|K2,/u/home/llim/FMPCC/FM-PCC/logs/UAV_MIX/uav-s_curve/plans/mix_uav_fm/H8_Dmodels.diffusion.FlowMatchingODE_9D/Efm_K2_mpc4_pid_stopgo_T0.5,6,test,s_curve_bounds+dynamics+geo_bounds+halfspace+obstacles,dpcc-t,dpcc-t,False,s_curve,fm,2.0,4.0,pid_stopgo,0.5,,Gen15,2.0,5.0,0.3,best,fm_only,none,cuda,,2.0
48,s_curve|fm|K2,/u/home/llim/FMPCC/FM-PCC/logs/UAV_MIX/uav-s_curve/plans/mix_uav_fm/H8_Dmodels.diffusion.FlowMatchingODE_9D/Efm_K2_mpc4_pid_stopgo_T0.5,6,test,s_curve_bounds+dynamics+geo_bounds+halfspace+obstacles,dpcc-t-tightened,dpcc-t,True,s_curve,fm,2.0,4.0,pid_stopgo,0.5,,Gen15,2.0,5.0,0.3,best,fm_only,none,cuda,,2.0
48,s_curve|fm|K2,/u/home/llim/FMPCC/FM-PCC/logs/UAV_MIX/uav-s_curve/plans/mix_uav_fm/H8_Dmodels.diffusion.FlowMatchingODE_9D/Efm_K2_mpc4_pid_stopgo_T0.5,6,test,s_curve_bounds+dynamics+geo_bounds+halfspace+obstacles,geo_free,geo_free,False,s_curve,fm,2.0,4.0,pid_stopgo,0.5,,Gen15,2.0,5.0,0.3,best,fm_only,none,cuda,,2.0
48,s_curve|fm|K2,/u/home/llim/FMPCC/FM-PCC/logs/UAV_MIX/uav-s_curve/plans/mix_uav_fm/H8_Dmodels.diffusion.FlowMatchingODE_9D/Efm_K2_mpc4_pid_stopgo_T0.5,6,test,s_curve_bounds+dynamics+geo_bounds+halfspace+obstacles,geo_free-bounds_free,geo_free-bounds_free,False,s_curve,fm,2.0,4.0,pid_stopgo,0.5,,Gen15,2.0,5.0,0.3,best,fm_only,none,cuda,,2.0
48,s_curve|fm|K2,/u/home/llim/FMPCC/FM-PCC/logs/UAV_MIX/uav-s_curve/plans/mix_uav_fm/H8_Dmodels.diffusion.FlowMatchingODE_9D/Efm_K2_mpc4_pid_stopgo_T0.5,6,test,s_curve_bounds+dynamics+geo_bounds+halfspace+obstacles,geo_free-model_free,geo_free-model_free,False,s_curve,fm,2.0,4.0,pid_stopgo,0.5,,Gen15,2.0,5.0,0.3,best,fm_only,none,cuda,,2.0
48,s_curve|fm|K2,/u/home/llim/FMPCC/FM-PCC/logs/UAV_MIX/uav-s_curve/plans/mix_uav_fm/H8_Dmodels.diffusion.FlowMatchingODE_9D/Efm_K2_mpc4_pid_stopgo_T0.5,6,test,s_curve_bounds+dynamics+geo_bounds+halfspace+obstacles,gradient,gradient,False,s_curve,fm,2.0,4.0,pid_stopgo,0.5,,Gen15,2.0,5.0,0.3,best,fm_only,none,cuda,,2.0
48,s_curve|fm|K2,/u/home/llim/FMPCC/FM-PCC/logs/UAV_MIX/uav-s_curve/plans/mix_uav_fm/H8_Dmodels.diffusion.FlowMatchingODE_9D/Efm_K2_mpc4_pid_stopgo_T0.5,6,test,s_curve_bounds+dynamics+geo_bounds+halfspace+obstacles,gradient-tightened,gradient,True,s_curve,fm,2.0,4.0,pid_stopgo,0.5,,Gen15,2.0,5.0,0.3,best,fm_only,none,cuda,,2.0
48,s_curve|fm|K2,/u/home/llim/FMPCC/FM-PCC/logs/UAV_MIX/uav-s_curve/plans/mix_uav_fm/H8_Dmodels.diffusion.FlowMatchingODE_9D/Efm_K2_mpc4_pid_stopgo_T0.5,6,test,s_curve_bounds+dynamics+geo_bounds+halfspace+obstacles,model_free,model_free,False,s_curve,fm,2.0,4.0,pid_stopgo,0.5,,Gen15,2.0,5.0,0.3,best,fm_only,none,cuda,,2.0
48,s_curve|fm|K2,/u/home/llim/FMPCC/FM-PCC/logs/UAV_MIX/uav-s_curve/plans/mix_uav_fm/H8_Dmodels.diffusion.FlowMatchingODE_9D/Efm_K2_mpc4_pid_stopgo_T0.5,6,test,s_curve_bounds+dynamics+geo_bounds+halfspace+obstacles,model_free-bounds_free,model_free-bounds_free,False,s_curve,fm,2.0,4.0,pid_stopgo,0.5,,Gen15,2.0,5.0,0.3,best,fm_only,none,cuda,,2.0
48,s_curve|fm|K2,/u/home/llim/FMPCC/FM-PCC/logs/UAV_MIX/uav-s_curve/plans/mix_uav_fm/H8_Dmodels.diffusion.FlowMatchingODE_9D/Efm_K2_mpc4_pid_stopgo_T0.5,6,test,s_curve_bounds+dynamics+geo_bounds+halfspace+obstacles,model_free-bounds_free-tightened,model_free-bounds_free,True,s_curve,fm,2.0,4.0,pid_stopgo,0.5,,Gen15,2.0,5.0,0.3,best,fm_only,none,cuda,,2.0
48,s_curve|fm|K2,/u/home/llim/FMPCC/FM-PCC/logs/UAV_MIX/uav-s_curve/plans/mix_uav_fm/H8_Dmodels.diffusion.FlowMatchingODE_9D/Efm_K2_mpc4_pid_stopgo_T0.5,6,test,s_curve_bounds+dynamics+geo_bounds+halfspace+obstacles,model_free-tightened,model_free,True,s_curve,fm,2.0,4.0,pid_stopgo,0.5,,Gen15,2.0,5.0,0.3,best,fm_only,none,cuda,,2.0
48,s_curve|fm|K2,/u/home/llim/FMPCC/FM-PCC/logs/UAV_MIX/uav-s_curve/plans/mix_uav_fm/H8_Dmodels.diffusion.FlowMatchingODE_9D/Efm_K2_mpc4_pid_stopgo_T0.5,6,test,s_curve_bounds+dynamics+geo_bounds+halfspace+obstacles,post_processing,post_processing,False,s_curve,fm,2.0,4.0,pid_stopgo,0.5,,Gen15,2.0,5.0,0.3,best,fm_only,none,cuda,,2.0
48,s_curve|fm|K2,/u/home/llim/FMPCC/FM-PCC/logs/UAV_MIX/uav-s_curve/plans/mix_uav_fm/H8_Dmodels.diffusion.FlowMatchingODE_9D/Efm_K2_mpc4_pid_stopgo_T0.5,6,test,s_curve_bounds+dynamics+geo_bounds+halfspace+obstacles,post_processing-tightened,post_processing,True,s_curve,fm,2.0,4.0,pid_stopgo,0.5,,Gen15,2.0,5.0,0.3,best,fm_only,none,cuda,,2.0
49,s_curve|fm|K5,/u/home/llim/FMPCC/FM-PCC/logs/UAV_MIX/uav-s_curve/plans/mix_uav_fm/H8_Dmodels.diffusion.FlowMatchingODE_9D/Efm_K5_mpc4_pid_stopgo_T0.5,6,test,s_curve_bounds+dynamics+geo_bounds+halfspace+obstacles,bounds_free,bounds_free,False,s_curve,fm,5.0,4.0,pid_stopgo,0.5,,Gen15,5.0,5.0,0.3,best,fm_only,none,cuda,,5.0
49,s_curve|fm|K5,/u/home/llim/FMPCC/FM-PCC/logs/UAV_MIX/uav-s_curve/plans/mix_uav_fm/H8_Dmodels.diffusion.FlowMatchingODE_9D/Efm_K5_mpc4_pid_stopgo_T0.5,6,test,s_curve_bounds+dynamics+geo_bounds+halfspace+obstacles,bounds_free-tightened,bounds_free,True,s_curve,fm,5.0,4.0,pid_stopgo,0.5,,Gen15,5.0,5.0,0.3,best,fm_only,none,cuda,,5.0
49,s_curve|fm|K5,/u/home/llim/FMPCC/FM-PCC/logs/UAV_MIX/uav-s_curve/plans/mix_uav_fm/H8_Dmodels.diffusion.FlowMatchingODE_9D/Efm_K5_mpc4_pid_stopgo_T0.5,6,test,s_curve_bounds+dynamics+geo_bounds+halfspace+obstacles,diffuser,diffuser,False,s_curve,fm,5.0,4.0,pid_stopgo,0.5,,Gen15,5.0,5.0,0.3,best,fm_only,none,cuda,,5.0
49,s_curve|fm|K5,/u/home/llim/FMPCC/FM-PCC/logs/UAV_MIX/uav-s_curve/plans/mix_uav_fm/H8_Dmodels.diffusion.FlowMatchingODE_9D/Efm_K5_mpc4_pid_stopgo_T0.5,6,test,s_curve_bounds+dynamics+geo_bounds+halfspace+obstacles,dpcc-c,dpcc-c,False,s_curve,fm,5.0,4.0,pid_stopgo,0.5,,Gen15,5.0,5.0,0.3,best,fm_only,none,cuda,,5.0
49,s_curve|fm|K5,/u/home/llim/FMPCC/FM-PCC/logs/UAV_MIX/uav-s_curve/plans/mix_uav_fm/H8_Dmodels.diffusion.FlowMatchingODE_9D/Efm_K5_mpc4_pid_stopgo_T0.5,6,test,s_curve_bounds+dynamics+geo_bounds+halfspace+obstacles,dpcc-c-tightened,dpcc-c,True,s_curve,fm,5.0,4.0,pid_stopgo,0.5,,Gen15,5.0,5.0,0.3,best,fm_only,none,cuda,,5.0
49,s_curve|fm|K5,/u/home/llim/FMPCC/FM-PCC/logs/UAV_MIX/uav-s_curve/plans/mix_uav_fm/H8_Dmodels.diffusion.FlowMatchingODE_9D/Efm_K5_mpc4_pid_stopgo_T0.5,6,test,s_curve_bounds+dynamics+geo_bounds+halfspace+obstacles,dpcc-r,dpcc-r,False,s_curve,fm,5.0,4.0,pid_stopgo,0.5,,Gen15,5.0,5.0,0.3,best,fm_only,none,cuda,,5.0
49,s_curve|fm|K5,/u/home/llim/FMPCC/FM-PCC/logs/UAV_MIX/uav-s_curve/plans/mix_uav_fm/H8_Dmodels.diffusion.FlowMatchingODE_9D/Efm_K5_mpc4_pid_stopgo_T0.5,6,test,s_curve_bounds+dynamics+geo_bounds+halfspace+obstacles,dpcc-r-tightened,dpcc-r,True,s_curve,fm,5.0,4.0,pid_stopgo,0.5,,Gen15,5.0,5.0,0.3,best,fm_only,none,cuda,,5.0
49,s_curve|fm|K5,/u/home/llim/FMPCC/FM-PCC/logs/UAV_MIX/uav-s_curve/plans/mix_uav_fm/H8_Dmodels.diffusion.FlowMatchingODE_9D/Efm_K5_mpc4_pid_stopgo_T0.5,6,test,s_curve_bounds+dynamics+geo_bounds+halfspace+obstacles,dpcc-t,dpcc-t,False,s_curve,fm,5.0,4.0,pid_stopgo,0.5,,Gen15,5.0,5.0,0.3,best,fm_only,none,cuda,,5.0
49,s_curve|fm|K5,/u/home/llim/FMPCC/FM-PCC/logs/UAV_MIX/uav-s_curve/plans/mix_uav_fm/H8_Dmodels.diffusion.FlowMatchingODE_9D/Efm_K5_mpc4_pid_stopgo_T0.5,6,test,s_curve_bounds+dynamics+geo_bounds+halfspace+obstacles,dpcc-t-tightened,dpcc-t,True,s_curve,fm,5.0,4.0,pid_stopgo,0.5,,Gen15,5.0,5.0,0.3,best,fm_only,none,cuda,,5.0
49,s_curve|fm|K5,/u/home/llim/FMPCC/FM-PCC/logs/UAV_MIX/uav-s_curve/plans/mix_uav_fm/H8_Dmodels.diffusion.FlowMatchingODE_9D/Efm_K5_mpc4_pid_stopgo_T0.5,6,test,s_curve_bounds+dynamics+geo_bounds+halfspace+obstacles,geo_free,geo_free,False,s_curve,fm,5.0,4.0,pid_stopgo,0.5,,Gen15,5.0,5.0,0.3,best,fm_only,none,cuda,,5.0
49,s_curve|fm|K5,/u/home/llim/FMPCC/FM-PCC/logs/UAV_MIX/uav-s_curve/plans/mix_uav_fm/H8_Dmodels.diffusion.FlowMatchingODE_9D/Efm_K5_mpc4_pid_stopgo_T0.5,6,test,s_curve_bounds+dynamics+geo_bounds+halfspace+obstacles,geo_free-bounds_free,geo_free-bounds_free,False,s_curve,fm,5.0,4.0,pid_stopgo,0.5,,Gen15,5.0,5.0,0.3,best,fm_only,none,cuda,,5.0
49,s_curve|fm|K5,/u/home/llim/FMPCC/FM-PCC/logs/UAV_MIX/uav-s_curve/plans/mix_uav_fm/H8_Dmodels.diffusion.FlowMatchingODE_9D/Efm_K5_mpc4_pid_stopgo_T0.5,6,test,s_curve_bounds+dynamics+geo_bounds+halfspace+obstacles,geo_free-model_free,geo_free-model_free,False,s_curve,fm,5.0,4.0,pid_stopgo,0.5,,Gen15,5.0,5.0,0.3,best,fm_only,none,cuda,,5.0
49,s_curve|fm|K5,/u/home/llim/FMPCC/FM-PCC/logs/UAV_MIX/uav-s_curve/plans/mix_uav_fm/H8_Dmodels.diffusion.FlowMatchingODE_9D/Efm_K5_mpc4_pid_stopgo_T0.5,6,test,s_curve_bounds+dynamics+geo_bounds+halfspace+obstacles,gradient,gradient,False,s_curve,fm,5.0,4.0,pid_stopgo,0.5,,Gen15,5.0,5.0,0.3,best,fm_only,none,cuda,,5.0
49,s_curve|fm|K5,/u/home/llim/FMPCC/FM-PCC/logs/UAV_MIX/uav-s_curve/plans/mix_uav_fm/H8_Dmodels.diffusion.FlowMatchingODE_9D/Efm_K5_mpc4_pid_stopgo_T0.5,6,test,s_curve_bounds+dynamics+geo_bounds+halfspace+obstacles,gradient-tightened,gradient,True,s_curve,fm,5.0,4.0,pid_stopgo,0.5,,Gen15,5.0,5.0,0.3,best,fm_only,none,cuda,,5.0
49,s_curve|fm|K5,/u/home/llim/FMPCC/FM-PCC/logs/UAV_MIX/uav-s_curve/plans/mix_uav_fm/H8_Dmodels.diffusion.FlowMatchingODE_9D/Efm_K5_mpc4_pid_stopgo_T0.5,6,test,s_curve_bounds+dynamics+geo_bounds+halfspace+obstacles,model_free,model_free,False,s_curve,fm,5.0,4.0,pid_stopgo,0.5,,Gen15,5.0,5.0,0.3,best,fm_only,none,cuda,,5.0
49,s_curve|fm|K5,/u/home/llim/FMPCC/FM-PCC/logs/UAV_MIX/uav-s_curve/plans/mix_uav_fm/H8_Dmodels.diffusion.FlowMatchingODE_9D/Efm_K5_mpc4_pid_stopgo_T0.5,6,test,s_curve_bounds+dynamics+geo_bounds+halfspace+obstacles,model_free-bounds_free,model_free-bounds_free,False,s_curve,fm,5.0,4.0,pid_stopgo,0.5,,Gen15,5.0,5.0,0.3,best,fm_only,none,cuda,,5.0
49,s_curve|fm|K5,/u/home/llim/FMPCC/FM-PCC/logs/UAV_MIX/uav-s_curve/plans/mix_uav_fm/H8_Dmodels.diffusion.FlowMatchingODE_9D/Efm_K5_mpc4_pid_stopgo_T0.5,6,test,s_curve_bounds+dynamics+geo_bounds+halfspace+obstacles,model_free-bounds_free-tightened,model_free-bounds_free,True,s_curve,fm,5.0,4.0,pid_stopgo,0.5,,Gen15,5.0,5.0,0.3,best,fm_only,none,cuda,,5.0
49,s_curve|fm|K5,/u/home/llim/FMPCC/FM-PCC/logs/UAV_MIX/uav-s_curve/plans/mix_uav_fm/H8_Dmodels.diffusion.FlowMatchingODE_9D/Efm_K5_mpc4_pid_stopgo_T0.5,6,test,s_curve_bounds+dynamics+geo_bounds+halfspace+obstacles,model_free-tightened,model_free,True,s_curve,fm,5.0,4.0,pid_stopgo,0.5,,Gen15,5.0,5.0,0.3,best,fm_only,none,cuda,,5.0
49,s_curve|fm|K5,/u/home/llim/FMPCC/FM-PCC/logs/UAV_MIX/uav-s_curve/plans/mix_uav_fm/H8_Dmodels.diffusion.FlowMatchingODE_9D/Efm_K5_mpc4_pid_stopgo_T0.5,6,test,s_curve_bounds+dynamics+geo_bounds+halfspace+obstacles,post_processing,post_processing,False,s_curve,fm,5.0,4.0,pid_stopgo,0.5,,Gen15,5.0,5.0,0.3,best,fm_only,none,cuda,,5.0
49,s_curve|fm|K5,/u/home/llim/FMPCC/FM-PCC/logs/UAV_MIX/uav-s_curve/plans/mix_uav_fm/H8_Dmodels.diffusion.FlowMatchingODE_9D/Efm_K5_mpc4_pid_stopgo_T0.5,6,test,s_curve_bounds+dynamics+geo_bounds+halfspace+obstacles,post_processing-tightened,post_processing,True,s_curve,fm,5.0,4.0,pid_stopgo,0.5,,Gen15,5.0,5.0,0.3,best,fm_only,none,cuda,,5.0
50,s_curve|mf|K10|bbunet|dp0.5,/u/home/llim/FMPCC/FM-PCC/logs/UAV_MIX/uav-s_curve/plans/mix_uav_mf/H8_Dmodels.mf_diffusion.MeanFlowODE_9D_dp0.5_bbunet/Emf_K10_mpc4_pid_stopgo_T0.5,6,test,s_curve_bounds+dynamics+geo_bounds+halfspace+obstacles,bounds_free,bounds_free,False,s_curve,mf,10.0,4.0,pid_stopgo,0.5,unet,Gen15,10.0,5.0,0.3,best,fm_only,none,cuda,,10.0
50,s_curve|mf|K10|bbunet|dp0.5,/u/home/llim/FMPCC/FM-PCC/logs/UAV_MIX/uav-s_curve/plans/mix_uav_mf/H8_Dmodels.mf_diffusion.MeanFlowODE_9D_dp0.5_bbunet/Emf_K10_mpc4_pid_stopgo_T0.5,6,test,s_curve_bounds+dynamics+geo_bounds+halfspace+obstacles,bounds_free-tightened,bounds_free,True,s_curve,mf,10.0,4.0,pid_stopgo,0.5,unet,Gen15,10.0,5.0,0.3,best,fm_only,none,cuda,,10.0
50,s_curve|mf|K10|bbunet|dp0.5,/u/home/llim/FMPCC/FM-PCC/logs/UAV_MIX/uav-s_curve/plans/mix_uav_mf/H8_Dmodels.mf_diffusion.MeanFlowODE_9D_dp0.5_bbunet/Emf_K10_mpc4_pid_stopgo_T0.5,6,test,s_curve_bounds+dynamics+geo_bounds+halfspace+obstacles,diffuser,diffuser,False,s_curve,mf,10.0,4.0,pid_stopgo,0.5,unet,Gen15,10.0,5.0,0.3,best,fm_only,none,cuda,,10.0
50,s_curve|mf|K10|bbunet|dp0.5,/u/home/llim/FMPCC/FM-PCC/logs/UAV_MIX/uav-s_curve/plans/mix_uav_mf/H8_Dmodels.mf_diffusion.MeanFlowODE_9D_dp0.5_bbunet/Emf_K10_mpc4_pid_stopgo_T0.5,6,test,s_curve_bounds+dynamics+geo_bounds+halfspace+obstacles,dpcc-c,dpcc-c,False,s_curve,mf,10.0,4.0,pid_stopgo,0.5,unet,Gen15,10.0,5.0,0.3,best,fm_only,none,cuda,,10.0
50,s_curve|mf|K10|bbunet|dp0.5,/u/home/llim/FMPCC/FM-PCC/logs/UAV_MIX/uav-s_curve/plans/mix_uav_mf/H8_Dmodels.mf_diffusion.MeanFlowODE_9D_dp0.5_bbunet/Emf_K10_mpc4_pid_stopgo_T0.5,6,test,s_curve_bounds+dynamics+geo_bounds+halfspace+obstacles,dpcc-c-tightened,dpcc-c,True,s_curve,mf,10.0,4.0,pid_stopgo,0.5,unet,Gen15,10.0,5.0,0.3,best,fm_only,none,cuda,,10.0
50,s_curve|mf|K10|bbunet|dp0.5,/u/home/llim/FMPCC/FM-PCC/logs/UAV_MIX/uav-s_curve/plans/mix_uav_mf/H8_Dmodels.mf_diffusion.MeanFlowODE_9D_dp0.5_bbunet/Emf_K10_mpc4_pid_stopgo_T0.5,6,test,s_curve_bounds+dynamics+geo_bounds+halfspace+obstacles,dpcc-r,dpcc-r,False,s_curve,mf,10.0,4.0,pid_stopgo,0.5,unet,Gen15,10.0,5.0,0.3,best,fm_only,none,cuda,,10.0
50,s_curve|mf|K10|bbunet|dp0.5,/u/home/llim/FMPCC/FM-PCC/logs/UAV_MIX/uav-s_curve/plans/mix_uav_mf/H8_Dmodels.mf_diffusion.MeanFlowODE_9D_dp0.5_bbunet/Emf_K10_mpc4_pid_stopgo_T0.5,6,test,s_curve_bounds+dynamics+geo_bounds+halfspace+obstacles,dpcc-r-tightened,dpcc-r,True,s_curve,mf,10.0,4.0,pid_stopgo,0.5,unet,Gen15,10.0,5.0,0.3,best,fm_only,none,cuda,,10.0
50,s_curve|mf|K10|bbunet|dp0.5,/u/home/llim/FMPCC/FM-PCC/logs/UAV_MIX/uav-s_curve/plans/mix_uav_mf/H8_Dmodels.mf_diffusion.MeanFlowODE_9D_dp0.5_bbunet/Emf_K10_mpc4_pid_stopgo_T0.5,6,test,s_curve_bounds+dynamics+geo_bounds+halfspace+obstacles,dpcc-t,dpcc-t,False,s_curve,mf,10.0,4.0,pid_stopgo,0.5,unet,Gen15,10.0,5.0,0.3,best,fm_only,none,cuda,,10.0
50,s_curve|mf|K10|bbunet|dp0.5,/u/home/llim/FMPCC/FM-PCC/logs/UAV_MIX/uav-s_curve/plans/mix_uav_mf/H8_Dmodels.mf_diffusion.MeanFlowODE_9D_dp0.5_bbunet/Emf_K10_mpc4_pid_stopgo_T0.5,6,test,s_curve_bounds+dynamics+geo_bounds+halfspace+obstacles,dpcc-t-tightened,dpcc-t,True,s_curve,mf,10.0,4.0,pid_stopgo,0.5,unet,Gen15,10.0,5.0,0.3,best,fm_only,none,cuda,,10.0
50,s_curve|mf|K10|bbunet|dp0.5,/u/home/llim/FMPCC/FM-PCC/logs/UAV_MIX/uav-s_curve/plans/mix_uav_mf/H8_Dmodels.mf_diffusion.MeanFlowODE_9D_dp0.5_bbunet/Emf_K10_mpc4_pid_stopgo_T0.5,6,test,s_curve_bounds+dynamics+geo_bounds+halfspace+obstacles,geo_free,geo_free,False,s_curve,mf,10.0,4.0,pid_stopgo,0.5,unet,Gen15,10.0,5.0,0.3,best,fm_only,none,cuda,,10.0
50,s_curve|mf|K10|bbunet|dp0.5,/u/home/llim/FMPCC/FM-PCC/logs/UAV_MIX/uav-s_curve/plans/mix_uav_mf/H8_Dmodels.mf_diffusion.MeanFlowODE_9D_dp0.5_bbunet/Emf_K10_mpc4_pid_stopgo_T0.5,6,test,s_curve_bounds+dynamics+geo_bounds+halfspace+obstacles,geo_free-bounds_free,geo_free-bounds_free,False,s_curve,mf,10.0,4.0,pid_stopgo,0.5,unet,Gen15,10.0,5.0,0.3,best,fm_only,none,cuda,,10.0
50,s_curve|mf|K10|bbunet|dp0.5,/u/home/llim/FMPCC/FM-PCC/logs/UAV_MIX/uav-s_curve/plans/mix_uav_mf/H8_Dmodels.mf_diffusion.MeanFlowODE_9D_dp0.5_bbunet/Emf_K10_mpc4_pid_stopgo_T0.5,6,test,s_curve_bounds+dynamics+geo_bounds+halfspace+obstacles,geo_free-model_free,geo_free-model_free,False,s_curve,mf,10.0,4.0,pid_stopgo,0.5,unet,Gen15,10.0,5.0,0.3,best,fm_only,none,cuda,,10.0
50,s_curve|mf|K10|bbunet|dp0.5,/u/home/llim/FMPCC/FM-PCC/logs/UAV_MIX/uav-s_curve/plans/mix_uav_mf/H8_Dmodels.mf_diffusion.MeanFlowODE_9D_dp0.5_bbunet/Emf_K10_mpc4_pid_stopgo_T0.5,6,test,s_curve_bounds+dynamics+geo_bounds+halfspace+obstacles,gradient,gradient,False,s_curve,mf,10.0,4.0,pid_stopgo,0.5,unet,Gen15,10.0,5.0,0.3,best,fm_only,none,cuda,,10.0
50,s_curve|mf|K10|bbunet|dp0.5,/u/home/llim/FMPCC/FM-PCC/logs/UAV_MIX/uav-s_curve/plans/mix_uav_mf/H8_Dmodels.mf_diffusion.MeanFlowODE_9D_dp0.5_bbunet/Emf_K10_mpc4_pid_stopgo_T0.5,6,test,s_curve_bounds+dynamics+geo_bounds+halfspace+obstacles,gradient-tightened,gradient,True,s_curve,mf,10.0,4.0,pid_stopgo,0.5,unet,Gen15,10.0,5.0,0.3,best,fm_only,none,cuda,,10.0
50,s_curve|mf|K10|bbunet|dp0.5,/u/home/llim/FMPCC/FM-PCC/logs/UAV_MIX/uav-s_curve/plans/mix_uav_mf/H8_Dmodels.mf_diffusion.MeanFlowODE_9D_dp0.5_bbunet/Emf_K10_mpc4_pid_stopgo_T0.5,6,test,s_curve_bounds+dynamics+geo_bounds+halfspace+obstacles,hardflow_new,hardflow_new,False,s_curve,mf,10.0,4.0,pid_stopgo,0.5,unet,Gen15,10.0,3.0,0.3,latest,fm_only,all,cuda,,10.0
50,s_curve|mf|K10|bbunet|dp0.5,/u/home/llim/FMPCC/FM-PCC/logs/UAV_MIX/uav-s_curve/plans/mix_uav_mf/H8_Dmodels.mf_diffusion.MeanFlowODE_9D_dp0.5_bbunet/Emf_K10_mpc4_pid_stopgo_T0.5,6,test,s_curve_bounds+dynamics+geo_bounds+halfspace+obstacles,hardflow_new-c,hardflow_new-c,False,s_curve,mf,10.0,4.0,pid_stopgo,0.5,unet,Gen15,10.0,3.0,0.3,latest,fm_only,all,cuda,,10.0
50,s_curve|mf|K10|bbunet|dp0.5,/u/home/llim/FMPCC/FM-PCC/logs/UAV_MIX/uav-s_curve/plans/mix_uav_mf/H8_Dmodels.mf_diffusion.MeanFlowODE_9D_dp0.5_bbunet/Emf_K10_mpc4_pid_stopgo_T0.5,6,test,s_curve_bounds+dynamics+geo_bounds+halfspace+obstacles,hardflow_new-t,hardflow_new-t,False,s_curve,mf,10.0,4.0,pid_stopgo,0.5,unet,Gen15,10.0,,,,,,,,
50,s_curve|mf|K10|bbunet|dp0.5,/u/home/llim/FMPCC/FM-PCC/logs/UAV_MIX/uav-s_curve/plans/mix_uav_mf/H8_Dmodels.mf_diffusion.MeanFlowODE_9D_dp0.5_bbunet/Emf_K10_mpc4_pid_stopgo_T0.5,6,test,s_curve_bounds+dynamics+geo_bounds+halfspace+obstacles,model_free,model_free,False,s_curve,mf,10.0,4.0,pid_stopgo,0.5,unet,Gen15,10.0,5.0,0.3,best,fm_only,none,cuda,,10.0
50,s_curve|mf|K10|bbunet|dp0.5,/u/home/llim/FMPCC/FM-PCC/logs/UAV_MIX/uav-s_curve/plans/mix_uav_mf/H8_Dmodels.mf_diffusion.MeanFlowODE_9D_dp0.5_bbunet/Emf_K10_mpc4_pid_stopgo_T0.5,6,test,s_curve_bounds+dynamics+geo_bounds+halfspace+obstacles,model_free-bounds_free,model_free-bounds_free,False,s_curve,mf,10.0,4.0,pid_stopgo,0.5,unet,Gen15,10.0,5.0,0.3,best,fm_only,none,cuda,,10.0
50,s_curve|mf|K10|bbunet|dp0.5,/u/home/llim/FMPCC/FM-PCC/logs/UAV_MIX/uav-s_curve/plans/mix_uav_mf/H8_Dmodels.mf_diffusion.MeanFlowODE_9D_dp0.5_bbunet/Emf_K10_mpc4_pid_stopgo_T0.5,6,test,s_curve_bounds+dynamics+geo_bounds+halfspace+obstacles,model_free-bounds_free-tightened,model_free-bounds_free,True,s_curve,mf,10.0,4.0,pid_stopgo,0.5,unet,Gen15,10.0,5.0,0.3,best,fm_only,none,cuda,,10.0
50,s_curve|mf|K10|bbunet|dp0.5,/u/home/llim/FMPCC/FM-PCC/logs/UAV_MIX/uav-s_curve/plans/mix_uav_mf/H8_Dmodels.mf_diffusion.MeanFlowODE_9D_dp0.5_bbunet/Emf_K10_mpc4_pid_stopgo_T0.5,6,test,s_curve_bounds+dynamics+geo_bounds+halfspace+obstacles,model_free-tightened,model_free,True,s_curve,mf,10.0,4.0,pid_stopgo,0.5,unet,Gen15,10.0,5.0,0.3,best,fm_only,none,cuda,,10.0
50,s_curve|mf|K10|bbunet|dp0.5,/u/home/llim/FMPCC/FM-PCC/logs/UAV_MIX/uav-s_curve/plans/mix_uav_mf/H8_Dmodels.mf_diffusion.MeanFlowODE_9D_dp0.5_bbunet/Emf_K10_mpc4_pid_stopgo_T0.5,6,test,s_curve_bounds+dynamics+geo_bounds+halfspace+obstacles,post_processing,post_processing,False,s_curve,mf,10.0,4.0,pid_stopgo,0.5,unet,Gen15,10.0,5.0,0.3,best,fm_only,none,cuda,,10.0
50,s_curve|mf|K10|bbunet|dp0.5,/u/home/llim/FMPCC/FM-PCC/logs/UAV_MIX/uav-s_curve/plans/mix_uav_mf/H8_Dmodels.mf_diffusion.MeanFlowODE_9D_dp0.5_bbunet/Emf_K10_mpc4_pid_stopgo_T0.5,6,test,s_curve_bounds+dynamics+geo_bounds+halfspace+obstacles,post_processing-tightened,post_processing,True,s_curve,mf,10.0,4.0,pid_stopgo,0.5,unet,Gen15,10.0,5.0,0.3,best,fm_only,none,cuda,,10.0
51,s_curve|mf|K1|bbunet|dp0.5,/u/home/llim/FMPCC/FM-PCC/logs/UAV_MIX/uav-s_curve/plans/mix_uav_mf/H8_Dmodels.mf_diffusion.MeanFlowODE_9D_dp0.5_bbunet/Emf_K1_mpc4_pid_stopgo_T0.5,6,test,s_curve_bounds+dynamics+geo_bounds+halfspace+obstacles,bounds_free,bounds_free,False,s_curve,mf,1.0,4.0,pid_stopgo,0.5,unet,Gen15,1.0,5.0,0.3,best,fm_only,none,cuda,,1.0
51,s_curve|mf|K1|bbunet|dp0.5,/u/home/llim/FMPCC/FM-PCC/logs/UAV_MIX/uav-s_curve/plans/mix_uav_mf/H8_Dmodels.mf_diffusion.MeanFlowODE_9D_dp0.5_bbunet/Emf_K1_mpc4_pid_stopgo_T0.5,6,test,s_curve_bounds+dynamics+geo_bounds+halfspace+obstacles,bounds_free-tightened,bounds_free,True,s_curve,mf,1.0,4.0,pid_stopgo,0.5,unet,Gen15,1.0,5.0,0.3,best,fm_only,none,cuda,,1.0
51,s_curve|mf|K1|bbunet|dp0.5,/u/home/llim/FMPCC/FM-PCC/logs/UAV_MIX/uav-s_curve/plans/mix_uav_mf/H8_Dmodels.mf_diffusion.MeanFlowODE_9D_dp0.5_bbunet/Emf_K1_mpc4_pid_stopgo_T0.5,6,test,s_curve_bounds+dynamics+geo_bounds+halfspace+obstacles,diffuser,diffuser,False,s_curve,mf,1.0,4.0,pid_stopgo,0.5,unet,Gen15,1.0,5.0,0.3,best,fm_only,none,cuda,,1.0
51,s_curve|mf|K1|bbunet|dp0.5,/u/home/llim/FMPCC/FM-PCC/logs/UAV_MIX/uav-s_curve/plans/mix_uav_mf/H8_Dmodels.mf_diffusion.MeanFlowODE_9D_dp0.5_bbunet/Emf_K1_mpc4_pid_stopgo_T0.5,6,test,s_curve_bounds+dynamics+geo_bounds+halfspace+obstacles,dpcc-c,dpcc-c,False,s_curve,mf,1.0,4.0,pid_stopgo,0.5,unet,Gen15,1.0,5.0,0.3,best,fm_only,none,cuda,,1.0
51,s_curve|mf|K1|bbunet|dp0.5,/u/home/llim/FMPCC/FM-PCC/logs/UAV_MIX/uav-s_curve/plans/mix_uav_mf/H8_Dmodels.mf_diffusion.MeanFlowODE_9D_dp0.5_bbunet/Emf_K1_mpc4_pid_stopgo_T0.5,6,test,s_curve_bounds+dynamics+geo_bounds+halfspace+obstacles,dpcc-c-tightened,dpcc-c,True,s_curve,mf,1.0,4.0,pid_stopgo,0.5,unet,Gen15,1.0,5.0,0.3,best,fm_only,none,cuda,,1.0
51,s_curve|mf|K1|bbunet|dp0.5,/u/home/llim/FMPCC/FM-PCC/logs/UAV_MIX/uav-s_curve/plans/mix_uav_mf/H8_Dmodels.mf_diffusion.MeanFlowODE_9D_dp0.5_bbunet/Emf_K1_mpc4_pid_stopgo_T0.5,6,test,s_curve_bounds+dynamics+geo_bounds+halfspace+obstacles,dpcc-r,dpcc-r,False,s_curve,mf,1.0,4.0,pid_stopgo,0.5,unet,Gen15,1.0,5.0,0.3,best,fm_only,none,cuda,,1.0
51,s_curve|mf|K1|bbunet|dp0.5,/u/home/llim/FMPCC/FM-PCC/logs/UAV_MIX/uav-s_curve/plans/mix_uav_mf/H8_Dmodels.mf_diffusion.MeanFlowODE_9D_dp0.5_bbunet/Emf_K1_mpc4_pid_stopgo_T0.5,6,test,s_curve_bounds+dynamics+geo_bounds+halfspace+obstacles,dpcc-r-tightened,dpcc-r,True,s_curve,mf,1.0,4.0,pid_stopgo,0.5,unet,Gen15,1.0,5.0,0.3,best,fm_only,none,cuda,,1.0
51,s_curve|mf|K1|bbunet|dp0.5,/u/home/llim/FMPCC/FM-PCC/logs/UAV_MIX/uav-s_curve/plans/mix_uav_mf/H8_Dmodels.mf_diffusion.MeanFlowODE_9D_dp0.5_bbunet/Emf_K1_mpc4_pid_stopgo_T0.5,6,test,s_curve_bounds+dynamics+geo_bounds+halfspace+obstacles,dpcc-t,dpcc-t,False,s_curve,mf,1.0,4.0,pid_stopgo,0.5,unet,Gen15,1.0,5.0,0.3,best,fm_only,none,cuda,,1.0
51,s_curve|mf|K1|bbunet|dp0.5,/u/home/llim/FMPCC/FM-PCC/logs/UAV_MIX/uav-s_curve/plans/mix_uav_mf/H8_Dmodels.mf_diffusion.MeanFlowODE_9D_dp0.5_bbunet/Emf_K1_mpc4_pid_stopgo_T0.5,6,test,s_curve_bounds+dynamics+geo_bounds+halfspace+obstacles,dpcc-t-tightened,dpcc-t,True,s_curve,mf,1.0,4.0,pid_stopgo,0.5,unet,Gen15,1.0,5.0,0.3,best,fm_only,none,cuda,,1.0
51,s_curve|mf|K1|bbunet|dp0.5,/u/home/llim/FMPCC/FM-PCC/logs/UAV_MIX/uav-s_curve/plans/mix_uav_mf/H8_Dmodels.mf_diffusion.MeanFlowODE_9D_dp0.5_bbunet/Emf_K1_mpc4_pid_stopgo_T0.5,6,test,s_curve_bounds+dynamics+geo_bounds+halfspace+obstacles,geo_free,geo_free,False,s_curve,mf,1.0,4.0,pid_stopgo,0.5,unet,Gen15,1.0,5.0,0.3,best,fm_only,none,cuda,,1.0
51,s_curve|mf|K1|bbunet|dp0.5,/u/home/llim/FMPCC/FM-PCC/logs/UAV_MIX/uav-s_curve/plans/mix_uav_mf/H8_Dmodels.mf_diffusion.MeanFlowODE_9D_dp0.5_bbunet/Emf_K1_mpc4_pid_stopgo_T0.5,6,test,s_curve_bounds+dynamics+geo_bounds+halfspace+obstacles,geo_free-bounds_free,geo_free-bounds_free,False,s_curve,mf,1.0,4.0,pid_stopgo,0.5,unet,Gen15,1.0,5.0,0.3,best,fm_only,none,cuda,,1.0
51,s_curve|mf|K1|bbunet|dp0.5,/u/home/llim/FMPCC/FM-PCC/logs/UAV_MIX/uav-s_curve/plans/mix_uav_mf/H8_Dmodels.mf_diffusion.MeanFlowODE_9D_dp0.5_bbunet/Emf_K1_mpc4_pid_stopgo_T0.5,6,test,s_curve_bounds+dynamics+geo_bounds+halfspace+obstacles,geo_free-model_free,geo_free-model_free,False,s_curve,mf,1.0,4.0,pid_stopgo,0.5,unet,Gen15,1.0,5.0,0.3,best,fm_only,none,cuda,,1.0
51,s_curve|mf|K1|bbunet|dp0.5,/u/home/llim/FMPCC/FM-PCC/logs/UAV_MIX/uav-s_curve/plans/mix_uav_mf/H8_Dmodels.mf_diffusion.MeanFlowODE_9D_dp0.5_bbunet/Emf_K1_mpc4_pid_stopgo_T0.5,6,test,s_curve_bounds+dynamics+geo_bounds+halfspace+obstacles,gradient,gradient,False,s_curve,mf,1.0,4.0,pid_stopgo,0.5,unet,Gen15,1.0,5.0,0.3,best,fm_only,none,cuda,,1.0
51,s_curve|mf|K1|bbunet|dp0.5,/u/home/llim/FMPCC/FM-PCC/logs/UAV_MIX/uav-s_curve/plans/mix_uav_mf/H8_Dmodels.mf_diffusion.MeanFlowODE_9D_dp0.5_bbunet/Emf_K1_mpc4_pid_stopgo_T0.5,6,test,s_curve_bounds+dynamics+geo_bounds+halfspace+obstacles,gradient-tightened,gradient,True,s_curve,mf,1.0,4.0,pid_stopgo,0.5,unet,Gen15,1.0,5.0,0.3,best,fm_only,none,cuda,,1.0
51,s_curve|mf|K1|bbunet|dp0.5,/u/home/llim/FMPCC/FM-PCC/logs/UAV_MIX/uav-s_curve/plans/mix_uav_mf/H8_Dmodels.mf_diffusion.MeanFlowODE_9D_dp0.5_bbunet/Emf_K1_mpc4_pid_stopgo_T0.5,6,test,s_curve_bounds+dynamics+geo_bounds+halfspace+obstacles,model_free,model_free,False,s_curve,mf,1.0,4.0,pid_stopgo,0.5,unet,Gen15,1.0,5.0,0.3,best,fm_only,none,cuda,,1.0
51,s_curve|mf|K1|bbunet|dp0.5,/u/home/llim/FMPCC/FM-PCC/logs/UAV_MIX/uav-s_curve/plans/mix_uav_mf/H8_Dmodels.mf_diffusion.MeanFlowODE_9D_dp0.5_bbunet/Emf_K1_mpc4_pid_stopgo_T0.5,6,test,s_curve_bounds+dynamics+geo_bounds+halfspace+obstacles,model_free-bounds_free,model_free-bounds_free,False,s_curve,mf,1.0,4.0,pid_stopgo,0.5,unet,Gen15,1.0,5.0,0.3,best,fm_only,none,cuda,,1.0
51,s_curve|mf|K1|bbunet|dp0.5,/u/home/llim/FMPCC/FM-PCC/logs/UAV_MIX/uav-s_curve/plans/mix_uav_mf/H8_Dmodels.mf_diffusion.MeanFlowODE_9D_dp0.5_bbunet/Emf_K1_mpc4_pid_stopgo_T0.5,6,test,s_curve_bounds+dynamics+geo_bounds+halfspace+obstacles,model_free-bounds_free-tightened,model_free-bounds_free,True,s_curve,mf,1.0,4.0,pid_stopgo,0.5,unet,Gen15,1.0,5.0,0.3,best,fm_only,none,cuda,,1.0
51,s_curve|mf|K1|bbunet|dp0.5,/u/home/llim/FMPCC/FM-PCC/logs/UAV_MIX/uav-s_curve/plans/mix_uav_mf/H8_Dmodels.mf_diffusion.MeanFlowODE_9D_dp0.5_bbunet/Emf_K1_mpc4_pid_stopgo_T0.5,6,test,s_curve_bounds+dynamics+geo_bounds+halfspace+obstacles,model_free-tightened,model_free,True,s_curve,mf,1.0,4.0,pid_stopgo,0.5,unet,Gen15,1.0,5.0,0.3,best,fm_only,none,cuda,,1.0
51,s_curve|mf|K1|bbunet|dp0.5,/u/home/llim/FMPCC/FM-PCC/logs/UAV_MIX/uav-s_curve/plans/mix_uav_mf/H8_Dmodels.mf_diffusion.MeanFlowODE_9D_dp0.5_bbunet/Emf_K1_mpc4_pid_stopgo_T0.5,6,test,s_curve_bounds+dynamics+geo_bounds+halfspace+obstacles,post_processing,post_processing,False,s_curve,mf,1.0,4.0,pid_stopgo,0.5,unet,Gen15,1.0,5.0,0.3,best,fm_only,none,cuda,,1.0
51,s_curve|mf|K1|bbunet|dp0.5,/u/home/llim/FMPCC/FM-PCC/logs/UAV_MIX/uav-s_curve/plans/mix_uav_mf/H8_Dmodels.mf_diffusion.MeanFlowODE_9D_dp0.5_bbunet/Emf_K1_mpc4_pid_stopgo_T0.5,6,test,s_curve_bounds+dynamics+geo_bounds+halfspace+obstacles,post_processing-tightened,post_processing,True,s_curve,mf,1.0,4.0,pid_stopgo,0.5,unet,Gen15,1.0,5.0,0.3,best,fm_only,none,cuda,,1.0
52,s_curve|mf|K20|bbunet|dp0.5,/u/home/llim/FMPCC/FM-PCC/logs/UAV_MIX/uav-s_curve/plans/mix_uav_mf/H8_Dmodels.mf_diffusion.MeanFlowODE_9D_dp0.5_bbunet/Emf_K20_mpc4_pid_stopgo_T0.5,6,test,s_curve_bounds+dynamics+geo_bounds+halfspace+obstacles,bounds_free,bounds_free,False,s_curve,mf,20.0,4.0,pid_stopgo,0.5,unet,Gen15,20.0,5.0,0.3,best,fm_only,none,cuda,,20.0
52,s_curve|mf|K20|bbunet|dp0.5,/u/home/llim/FMPCC/FM-PCC/logs/UAV_MIX/uav-s_curve/plans/mix_uav_mf/H8_Dmodels.mf_diffusion.MeanFlowODE_9D_dp0.5_bbunet/Emf_K20_mpc4_pid_stopgo_T0.5,6,test,s_curve_bounds+dynamics+geo_bounds+halfspace+obstacles,bounds_free-tightened,bounds_free,True,s_curve,mf,20.0,4.0,pid_stopgo,0.5,unet,Gen15,20.0,5.0,0.3,best,fm_only,none,cuda,,20.0
52,s_curve|mf|K20|bbunet|dp0.5,/u/home/llim/FMPCC/FM-PCC/logs/UAV_MIX/uav-s_curve/plans/mix_uav_mf/H8_Dmodels.mf_diffusion.MeanFlowODE_9D_dp0.5_bbunet/Emf_K20_mpc4_pid_stopgo_T0.5,6,test,s_curve_bounds+dynamics+geo_bounds+halfspace+obstacles,diffuser,diffuser,False,s_curve,mf,20.0,4.0,pid_stopgo,0.5,unet,Gen15,20.0,5.0,0.3,best,fm_only,none,cuda,,20.0
52,s_curve|mf|K20|bbunet|dp0.5,/u/home/llim/FMPCC/FM-PCC/logs/UAV_MIX/uav-s_curve/plans/mix_uav_mf/H8_Dmodels.mf_diffusion.MeanFlowODE_9D_dp0.5_bbunet/Emf_K20_mpc4_pid_stopgo_T0.5,6,test,s_curve_bounds+dynamics+geo_bounds+halfspace+obstacles,dpcc-c,dpcc-c,False,s_curve,mf,20.0,4.0,pid_stopgo,0.5,unet,Gen15,20.0,5.0,0.3,best,fm_only,none,cuda,,20.0
52,s_curve|mf|K20|bbunet|dp0.5,/u/home/llim/FMPCC/FM-PCC/logs/UAV_MIX/uav-s_curve/plans/mix_uav_mf/H8_Dmodels.mf_diffusion.MeanFlowODE_9D_dp0.5_bbunet/Emf_K20_mpc4_pid_stopgo_T0.5,6,test,s_curve_bounds+dynamics+geo_bounds+halfspace+obstacles,dpcc-c-tightened,dpcc-c,True,s_curve,mf,20.0,4.0,pid_stopgo,0.5,unet,Gen15,20.0,5.0,0.3,best,fm_only,none,cuda,,20.0
52,s_curve|mf|K20|bbunet|dp0.5,/u/home/llim/FMPCC/FM-PCC/logs/UAV_MIX/uav-s_curve/plans/mix_uav_mf/H8_Dmodels.mf_diffusion.MeanFlowODE_9D_dp0.5_bbunet/Emf_K20_mpc4_pid_stopgo_T0.5,6,test,s_curve_bounds+dynamics+geo_bounds+halfspace+obstacles,dpcc-r,dpcc-r,False,s_curve,mf,20.0,4.0,pid_stopgo,0.5,unet,Gen15,20.0,5.0,0.3,best,fm_only,none,cuda,,20.0
52,s_curve|mf|K20|bbunet|dp0.5,/u/home/llim/FMPCC/FM-PCC/logs/UAV_MIX/uav-s_curve/plans/mix_uav_mf/H8_Dmodels.mf_diffusion.MeanFlowODE_9D_dp0.5_bbunet/Emf_K20_mpc4_pid_stopgo_T0.5,6,test,s_curve_bounds+dynamics+geo_bounds+halfspace+obstacles,dpcc-r-tightened,dpcc-r,True,s_curve,mf,20.0,4.0,pid_stopgo,0.5,unet,Gen15,20.0,5.0,0.3,best,fm_only,none,cuda,,20.0
52,s_curve|mf|K20|bbunet|dp0.5,/u/home/llim/FMPCC/FM-PCC/logs/UAV_MIX/uav-s_curve/plans/mix_uav_mf/H8_Dmodels.mf_diffusion.MeanFlowODE_9D_dp0.5_bbunet/Emf_K20_mpc4_pid_stopgo_T0.5,6,test,s_curve_bounds+dynamics+geo_bounds+halfspace+obstacles,dpcc-t,dpcc-t,False,s_curve,mf,20.0,4.0,pid_stopgo,0.5,unet,Gen15,20.0,5.0,0.3,best,fm_only,none,cuda,,20.0
52,s_curve|mf|K20|bbunet|dp0.5,/u/home/llim/FMPCC/FM-PCC/logs/UAV_MIX/uav-s_curve/plans/mix_uav_mf/H8_Dmodels.mf_diffusion.MeanFlowODE_9D_dp0.5_bbunet/Emf_K20_mpc4_pid_stopgo_T0.5,6,test,s_curve_bounds+dynamics+geo_bounds+halfspace+obstacles,dpcc-t-tightened,dpcc-t,True,s_curve,mf,20.0,4.0,pid_stopgo,0.5,unet,Gen15,20.0,5.0,0.3,best,fm_only,none,cuda,,20.0
52,s_curve|mf|K20|bbunet|dp0.5,/u/home/llim/FMPCC/FM-PCC/logs/UAV_MIX/uav-s_curve/plans/mix_uav_mf/H8_Dmodels.mf_diffusion.MeanFlowODE_9D_dp0.5_bbunet/Emf_K20_mpc4_pid_stopgo_T0.5,6,test,s_curve_bounds+dynamics+geo_bounds+halfspace+obstacles,geo_free,geo_free,False,s_curve,mf,20.0,4.0,pid_stopgo,0.5,unet,Gen15,20.0,5.0,0.3,best,fm_only,none,cuda,,20.0
52,s_curve|mf|K20|bbunet|dp0.5,/u/home/llim/FMPCC/FM-PCC/logs/UAV_MIX/uav-s_curve/plans/mix_uav_mf/H8_Dmodels.mf_diffusion.MeanFlowODE_9D_dp0.5_bbunet/Emf_K20_mpc4_pid_stopgo_T0.5,6,test,s_curve_bounds+dynamics+geo_bounds+halfspace+obstacles,geo_free-bounds_free,geo_free-bounds_free,False,s_curve,mf,20.0,4.0,pid_stopgo,0.5,unet,Gen15,20.0,5.0,0.3,best,fm_only,none,cuda,,20.0
52,s_curve|mf|K20|bbunet|dp0.5,/u/home/llim/FMPCC/FM-PCC/logs/UAV_MIX/uav-s_curve/plans/mix_uav_mf/H8_Dmodels.mf_diffusion.MeanFlowODE_9D_dp0.5_bbunet/Emf_K20_mpc4_pid_stopgo_T0.5,6,test,s_curve_bounds+dynamics+geo_bounds+halfspace+obstacles,geo_free-model_free,geo_free-model_free,False,s_curve,mf,20.0,4.0,pid_stopgo,0.5,unet,Gen15,20.0,5.0,0.3,best,fm_only,none,cuda,,20.0
52,s_curve|mf|K20|bbunet|dp0.5,/u/home/llim/FMPCC/FM-PCC/logs/UAV_MIX/uav-s_curve/plans/mix_uav_mf/H8_Dmodels.mf_diffusion.MeanFlowODE_9D_dp0.5_bbunet/Emf_K20_mpc4_pid_stopgo_T0.5,6,test,s_curve_bounds+dynamics+geo_bounds+halfspace+obstacles,gradient,gradient,False,s_curve,mf,20.0,4.0,pid_stopgo,0.5,unet,Gen15,20.0,5.0,0.3,best,fm_only,none,cuda,,20.0
52,s_curve|mf|K20|bbunet|dp0.5,/u/home/llim/FMPCC/FM-PCC/logs/UAV_MIX/uav-s_curve/plans/mix_uav_mf/H8_Dmodels.mf_diffusion.MeanFlowODE_9D_dp0.5_bbunet/Emf_K20_mpc4_pid_stopgo_T0.5,6,test,s_curve_bounds+dynamics+geo_bounds+halfspace+obstacles,gradient-tightened,gradient,True,s_curve,mf,20.0,4.0,pid_stopgo,0.5,unet,Gen15,20.0,5.0,0.3,best,fm_only,none,cuda,,20.0
52,s_curve|mf|K20|bbunet|dp0.5,/u/home/llim/FMPCC/FM-PCC/logs/UAV_MIX/uav-s_curve/plans/mix_uav_mf/H8_Dmodels.mf_diffusion.MeanFlowODE_9D_dp0.5_bbunet/Emf_K20_mpc4_pid_stopgo_T0.5,6,test,s_curve_bounds+dynamics+geo_bounds+halfspace+obstacles,model_free,model_free,False,s_curve,mf,20.0,4.0,pid_stopgo,0.5,unet,Gen15,20.0,5.0,0.3,best,fm_only,none,cuda,,20.0
52,s_curve|mf|K20|bbunet|dp0.5,/u/home/llim/FMPCC/FM-PCC/logs/UAV_MIX/uav-s_curve/plans/mix_uav_mf/H8_Dmodels.mf_diffusion.MeanFlowODE_9D_dp0.5_bbunet/Emf_K20_mpc4_pid_stopgo_T0.5,6,test,s_curve_bounds+dynamics+geo_bounds+halfspace+obstacles,model_free-bounds_free,model_free-bounds_free,False,s_curve,mf,20.0,4.0,pid_stopgo,0.5,unet,Gen15,20.0,5.0,0.3,best,fm_only,none,cuda,,20.0
52,s_curve|mf|K20|bbunet|dp0.5,/u/home/llim/FMPCC/FM-PCC/logs/UAV_MIX/uav-s_curve/plans/mix_uav_mf/H8_Dmodels.mf_diffusion.MeanFlowODE_9D_dp0.5_bbunet/Emf_K20_mpc4_pid_stopgo_T0.5,6,test,s_curve_bounds+dynamics+geo_bounds+halfspace+obstacles,model_free-bounds_free-tightened,model_free-bounds_free,True,s_curve,mf,20.0,4.0,pid_stopgo,0.5,unet,Gen15,20.0,5.0,0.3,best,fm_only,none,cuda,,20.0
52,s_curve|mf|K20|bbunet|dp0.5,/u/home/llim/FMPCC/FM-PCC/logs/UAV_MIX/uav-s_curve/plans/mix_uav_mf/H8_Dmodels.mf_diffusion.MeanFlowODE_9D_dp0.5_bbunet/Emf_K20_mpc4_pid_stopgo_T0.5,6,test,s_curve_bounds+dynamics+geo_bounds+halfspace+obstacles,model_free-tightened,model_free,True,s_curve,mf,20.0,4.0,pid_stopgo,0.5,unet,Gen15,20.0,5.0,0.3,best,fm_only,none,cuda,,20.0
52,s_curve|mf|K20|bbunet|dp0.5,/u/home/llim/FMPCC/FM-PCC/logs/UAV_MIX/uav-s_curve/plans/mix_uav_mf/H8_Dmodels.mf_diffusion.MeanFlowODE_9D_dp0.5_bbunet/Emf_K20_mpc4_pid_stopgo_T0.5,6,test,s_curve_bounds+dynamics+geo_bounds+halfspace+obstacles,post_processing,post_processing,False,s_curve,mf,20.0,4.0,pid_stopgo,0.5,unet,Gen15,20.0,5.0,0.3,best,fm_only,none,cuda,,20.0
52,s_curve|mf|K20|bbunet|dp0.5,/u/home/llim/FMPCC/FM-PCC/logs/UAV_MIX/uav-s_curve/plans/mix_uav_mf/H8_Dmodels.mf_diffusion.MeanFlowODE_9D_dp0.5_bbunet/Emf_K20_mpc4_pid_stopgo_T0.5,6,test,s_curve_bounds+dynamics+geo_bounds+halfspace+obstacles,post_processing-tightened,post_processing,True,s_curve,mf,20.0,4.0,pid_stopgo,0.5,unet,Gen15,20.0,5.0,0.3,best,fm_only,none,cuda,,20.0
53,s_curve|mf|K2|bbunet|dp0.5,/u/home/llim/FMPCC/FM-PCC/logs/UAV_MIX/uav-s_curve/plans/mix_uav_mf/H8_Dmodels.mf_diffusion.MeanFlowODE_9D_dp0.5_bbunet/Emf_K2_mpc4_pid_stopgo_T0.5,6,test,s_curve_bounds+dynamics+geo_bounds+halfspace+obstacles,bounds_free,bounds_free,False,s_curve,mf,2.0,4.0,pid_stopgo,0.5,unet,Gen15,2.0,5.0,0.3,best,fm_only,none,cuda,,2.0
53,s_curve|mf|K2|bbunet|dp0.5,/u/home/llim/FMPCC/FM-PCC/logs/UAV_MIX/uav-s_curve/plans/mix_uav_mf/H8_Dmodels.mf_diffusion.MeanFlowODE_9D_dp0.5_bbunet/Emf_K2_mpc4_pid_stopgo_T0.5,6,test,s_curve_bounds+dynamics+geo_bounds+halfspace+obstacles,bounds_free-tightened,bounds_free,True,s_curve,mf,2.0,4.0,pid_stopgo,0.5,unet,Gen15,2.0,5.0,0.3,best,fm_only,none,cuda,,2.0
53,s_curve|mf|K2|bbunet|dp0.5,/u/home/llim/FMPCC/FM-PCC/logs/UAV_MIX/uav-s_curve/plans/mix_uav_mf/H8_Dmodels.mf_diffusion.MeanFlowODE_9D_dp0.5_bbunet/Emf_K2_mpc4_pid_stopgo_T0.5,6,test,s_curve_bounds+dynamics+geo_bounds+halfspace+obstacles,diffuser,diffuser,False,s_curve,mf,2.0,4.0,pid_stopgo,0.5,unet,Gen15,2.0,5.0,0.3,best,fm_only,none,cuda,,2.0
53,s_curve|mf|K2|bbunet|dp0.5,/u/home/llim/FMPCC/FM-PCC/logs/UAV_MIX/uav-s_curve/plans/mix_uav_mf/H8_Dmodels.mf_diffusion.MeanFlowODE_9D_dp0.5_bbunet/Emf_K2_mpc4_pid_stopgo_T0.5,6,test,s_curve_bounds+dynamics+geo_bounds+halfspace+obstacles,dpcc-c,dpcc-c,False,s_curve,mf,2.0,4.0,pid_stopgo,0.5,unet,Gen15,2.0,5.0,0.3,best,fm_only,none,cuda,,2.0
53,s_curve|mf|K2|bbunet|dp0.5,/u/home/llim/FMPCC/FM-PCC/logs/UAV_MIX/uav-s_curve/plans/mix_uav_mf/H8_Dmodels.mf_diffusion.MeanFlowODE_9D_dp0.5_bbunet/Emf_K2_mpc4_pid_stopgo_T0.5,6,test,s_curve_bounds+dynamics+geo_bounds+halfspace+obstacles,dpcc-c-tightened,dpcc-c,True,s_curve,mf,2.0,4.0,pid_stopgo,0.5,unet,Gen15,2.0,5.0,0.3,best,fm_only,none,cuda,,2.0
53,s_curve|mf|K2|bbunet|dp0.5,/u/home/llim/FMPCC/FM-PCC/logs/UAV_MIX/uav-s_curve/plans/mix_uav_mf/H8_Dmodels.mf_diffusion.MeanFlowODE_9D_dp0.5_bbunet/Emf_K2_mpc4_pid_stopgo_T0.5,6,test,s_curve_bounds+dynamics+geo_bounds+halfspace+obstacles,dpcc-r,dpcc-r,False,s_curve,mf,2.0,4.0,pid_stopgo,0.5,unet,Gen15,2.0,5.0,0.3,best,fm_only,none,cuda,,2.0
53,s_curve|mf|K2|bbunet|dp0.5,/u/home/llim/FMPCC/FM-PCC/logs/UAV_MIX/uav-s_curve/plans/mix_uav_mf/H8_Dmodels.mf_diffusion.MeanFlowODE_9D_dp0.5_bbunet/Emf_K2_mpc4_pid_stopgo_T0.5,6,test,s_curve_bounds+dynamics+geo_bounds+halfspace+obstacles,dpcc-r-tightened,dpcc-r,True,s_curve,mf,2.0,4.0,pid_stopgo,0.5,unet,Gen15,2.0,5.0,0.3,best,fm_only,none,cuda,,2.0
53,s_curve|mf|K2|bbunet|dp0.5,/u/home/llim/FMPCC/FM-PCC/logs/UAV_MIX/uav-s_curve/plans/mix_uav_mf/H8_Dmodels.mf_diffusion.MeanFlowODE_9D_dp0.5_bbunet/Emf_K2_mpc4_pid_stopgo_T0.5,6,test,s_curve_bounds+dynamics+geo_bounds+halfspace+obstacles,dpcc-t,dpcc-t,False,s_curve,mf,2.0,4.0,pid_stopgo,0.5,unet,Gen15,2.0,5.0,0.3,best,fm_only,none,cuda,,2.0
53,s_curve|mf|K2|bbunet|dp0.5,/u/home/llim/FMPCC/FM-PCC/logs/UAV_MIX/uav-s_curve/plans/mix_uav_mf/H8_Dmodels.mf_diffusion.MeanFlowODE_9D_dp0.5_bbunet/Emf_K2_mpc4_pid_stopgo_T0.5,6,test,s_curve_bounds+dynamics+geo_bounds+halfspace+obstacles,dpcc-t-tightened,dpcc-t,True,s_curve,mf,2.0,4.0,pid_stopgo,0.5,unet,Gen15,2.0,5.0,0.3,best,fm_only,none,cuda,,2.0
53,s_curve|mf|K2|bbunet|dp0.5,/u/home/llim/FMPCC/FM-PCC/logs/UAV_MIX/uav-s_curve/plans/mix_uav_mf/H8_Dmodels.mf_diffusion.MeanFlowODE_9D_dp0.5_bbunet/Emf_K2_mpc4_pid_stopgo_T0.5,6,test,s_curve_bounds+dynamics+geo_bounds+halfspace+obstacles,geo_free,geo_free,False,s_curve,mf,2.0,4.0,pid_stopgo,0.5,unet,Gen15,2.0,5.0,0.3,best,fm_only,none,cuda,,2.0
53,s_curve|mf|K2|bbunet|dp0.5,/u/home/llim/FMPCC/FM-PCC/logs/UAV_MIX/uav-s_curve/plans/mix_uav_mf/H8_Dmodels.mf_diffusion.MeanFlowODE_9D_dp0.5_bbunet/Emf_K2_mpc4_pid_stopgo_T0.5,6,test,s_curve_bounds+dynamics+geo_bounds+halfspace+obstacles,geo_free-bounds_free,geo_free-bounds_free,False,s_curve,mf,2.0,4.0,pid_stopgo,0.5,unet,Gen15,2.0,5.0,0.3,best,fm_only,none,cuda,,2.0
53,s_curve|mf|K2|bbunet|dp0.5,/u/home/llim/FMPCC/FM-PCC/logs/UAV_MIX/uav-s_curve/plans/mix_uav_mf/H8_Dmodels.mf_diffusion.MeanFlowODE_9D_dp0.5_bbunet/Emf_K2_mpc4_pid_stopgo_T0.5,6,test,s_curve_bounds+dynamics+geo_bounds+halfspace+obstacles,geo_free-model_free,geo_free-model_free,False,s_curve,mf,2.0,4.0,pid_stopgo,0.5,unet,Gen15,2.0,5.0,0.3,best,fm_only,none,cuda,,2.0
53,s_curve|mf|K2|bbunet|dp0.5,/u/home/llim/FMPCC/FM-PCC/logs/UAV_MIX/uav-s_curve/plans/mix_uav_mf/H8_Dmodels.mf_diffusion.MeanFlowODE_9D_dp0.5_bbunet/Emf_K2_mpc4_pid_stopgo_T0.5,6,test,s_curve_bounds+dynamics+geo_bounds+halfspace+obstacles,gradient,gradient,False,s_curve,mf,2.0,4.0,pid_stopgo,0.5,unet,Gen15,2.0,5.0,0.3,best,fm_only,none,cuda,,2.0
53,s_curve|mf|K2|bbunet|dp0.5,/u/home/llim/FMPCC/FM-PCC/logs/UAV_MIX/uav-s_curve/plans/mix_uav_mf/H8_Dmodels.mf_diffusion.MeanFlowODE_9D_dp0.5_bbunet/Emf_K2_mpc4_pid_stopgo_T0.5,6,test,s_curve_bounds+dynamics+geo_bounds+halfspace+obstacles,gradient-tightened,gradient,True,s_curve,mf,2.0,4.0,pid_stopgo,0.5,unet,Gen15,2.0,5.0,0.3,best,fm_only,none,cuda,,2.0
53,s_curve|mf|K2|bbunet|dp0.5,/u/home/llim/FMPCC/FM-PCC/logs/UAV_MIX/uav-s_curve/plans/mix_uav_mf/H8_Dmodels.mf_diffusion.MeanFlowODE_9D_dp0.5_bbunet/Emf_K2_mpc4_pid_stopgo_T0.5,6,test,s_curve_bounds+dynamics+geo_bounds+halfspace+obstacles,model_free,model_free,False,s_curve,mf,2.0,4.0,pid_stopgo,0.5,unet,Gen15,2.0,5.0,0.3,best,fm_only,none,cuda,,2.0
53,s_curve|mf|K2|bbunet|dp0.5,/u/home/llim/FMPCC/FM-PCC/logs/UAV_MIX/uav-s_curve/plans/mix_uav_mf/H8_Dmodels.mf_diffusion.MeanFlowODE_9D_dp0.5_bbunet/Emf_K2_mpc4_pid_stopgo_T0.5,6,test,s_curve_bounds+dynamics+geo_bounds+halfspace+obstacles,model_free-bounds_free,model_free-bounds_free,False,s_curve,mf,2.0,4.0,pid_stopgo,0.5,unet,Gen15,2.0,5.0,0.3,best,fm_only,none,cuda,,2.0
53,s_curve|mf|K2|bbunet|dp0.5,/u/home/llim/FMPCC/FM-PCC/logs/UAV_MIX/uav-s_curve/plans/mix_uav_mf/H8_Dmodels.mf_diffusion.MeanFlowODE_9D_dp0.5_bbunet/Emf_K2_mpc4_pid_stopgo_T0.5,6,test,s_curve_bounds+dynamics+geo_bounds+halfspace+obstacles,model_free-bounds_free-tightened,model_free-bounds_free,True,s_curve,mf,2.0,4.0,pid_stopgo,0.5,unet,Gen15,2.0,5.0,0.3,best,fm_only,none,cuda,,2.0
53,s_curve|mf|K2|bbunet|dp0.5,/u/home/llim/FMPCC/FM-PCC/logs/UAV_MIX/uav-s_curve/plans/mix_uav_mf/H8_Dmodels.mf_diffusion.MeanFlowODE_9D_dp0.5_bbunet/Emf_K2_mpc4_pid_stopgo_T0.5,6,test,s_curve_bounds+dynamics+geo_bounds+halfspace+obstacles,model_free-tightened,model_free,True,s_curve,mf,2.0,4.0,pid_stopgo,0.5,unet,Gen15,2.0,5.0,0.3,best,fm_only,none,cuda,,2.0
53,s_curve|mf|K2|bbunet|dp0.5,/u/home/llim/FMPCC/FM-PCC/logs/UAV_MIX/uav-s_curve/plans/mix_uav_mf/H8_Dmodels.mf_diffusion.MeanFlowODE_9D_dp0.5_bbunet/Emf_K2_mpc4_pid_stopgo_T0.5,6,test,s_curve_bounds+dynamics+geo_bounds+halfspace+obstacles,post_processing,post_processing,False,s_curve,mf,2.0,4.0,pid_stopgo,0.5,unet,Gen15,2.0,5.0,0.3,best,fm_only,none,cuda,,2.0
53,s_curve|mf|K2|bbunet|dp0.5,/u/home/llim/FMPCC/FM-PCC/logs/UAV_MIX/uav-s_curve/plans/mix_uav_mf/H8_Dmodels.mf_diffusion.MeanFlowODE_9D_dp0.5_bbunet/Emf_K2_mpc4_pid_stopgo_T0.5,6,test,s_curve_bounds+dynamics+geo_bounds+halfspace+obstacles,post_processing-tightened,post_processing,True,s_curve,mf,2.0,4.0,pid_stopgo,0.5,unet,Gen15,2.0,5.0,0.3,best,fm_only,none,cuda,,2.0
54,s_curve|mf|K5|bbunet|dp0.5,/u/home/llim/FMPCC/FM-PCC/logs/UAV_MIX/uav-s_curve/plans/mix_uav_mf/H8_Dmodels.mf_diffusion.MeanFlowODE_9D_dp0.5_bbunet/Emf_K5_mpc4_pid_stopgo_T0.5,6,test,s_curve_bounds+dynamics+geo_bounds+halfspace+obstacles,bounds_free,bounds_free,False,s_curve,mf,5.0,4.0,pid_stopgo,0.5,unet,Gen15,5.0,5.0,0.3,best,fm_only,none,cuda,,5.0
54,s_curve|mf|K5|bbunet|dp0.5,/u/home/llim/FMPCC/FM-PCC/logs/UAV_MIX/uav-s_curve/plans/mix_uav_mf/H8_Dmodels.mf_diffusion.MeanFlowODE_9D_dp0.5_bbunet/Emf_K5_mpc4_pid_stopgo_T0.5,6,test,s_curve_bounds+dynamics+geo_bounds+halfspace+obstacles,bounds_free-tightened,bounds_free,True,s_curve,mf,5.0,4.0,pid_stopgo,0.5,unet,Gen15,5.0,5.0,0.3,best,fm_only,none,cuda,,5.0
54,s_curve|mf|K5|bbunet|dp0.5,/u/home/llim/FMPCC/FM-PCC/logs/UAV_MIX/uav-s_curve/plans/mix_uav_mf/H8_Dmodels.mf_diffusion.MeanFlowODE_9D_dp0.5_bbunet/Emf_K5_mpc4_pid_stopgo_T0.5,6,test,s_curve_bounds+dynamics+geo_bounds+halfspace+obstacles,diffuser,diffuser,False,s_curve,mf,5.0,4.0,pid_stopgo,0.5,unet,Gen15,5.0,5.0,0.3,best,fm_only,none,cuda,,5.0
54,s_curve|mf|K5|bbunet|dp0.5,/u/home/llim/FMPCC/FM-PCC/logs/UAV_MIX/uav-s_curve/plans/mix_uav_mf/H8_Dmodels.mf_diffusion.MeanFlowODE_9D_dp0.5_bbunet/Emf_K5_mpc4_pid_stopgo_T0.5,6,test,s_curve_bounds+dynamics+geo_bounds+halfspace+obstacles,dpcc-c,dpcc-c,False,s_curve,mf,5.0,4.0,pid_stopgo,0.5,unet,Gen15,5.0,5.0,0.3,best,fm_only,none,cuda,,5.0
54,s_curve|mf|K5|bbunet|dp0.5,/u/home/llim/FMPCC/FM-PCC/logs/UAV_MIX/uav-s_curve/plans/mix_uav_mf/H8_Dmodels.mf_diffusion.MeanFlowODE_9D_dp0.5_bbunet/Emf_K5_mpc4_pid_stopgo_T0.5,6,test,s_curve_bounds+dynamics+geo_bounds+halfspace+obstacles,dpcc-c-tightened,dpcc-c,True,s_curve,mf,5.0,4.0,pid_stopgo,0.5,unet,Gen15,5.0,5.0,0.3,best,fm_only,none,cuda,,5.0
54,s_curve|mf|K5|bbunet|dp0.5,/u/home/llim/FMPCC/FM-PCC/logs/UAV_MIX/uav-s_curve/plans/mix_uav_mf/H8_Dmodels.mf_diffusion.MeanFlowODE_9D_dp0.5_bbunet/Emf_K5_mpc4_pid_stopgo_T0.5,6,test,s_curve_bounds+dynamics+geo_bounds+halfspace+obstacles,dpcc-r,dpcc-r,False,s_curve,mf,5.0,4.0,pid_stopgo,0.5,unet,Gen15,5.0,5.0,0.3,best,fm_only,none,cuda,,5.0
54,s_curve|mf|K5|bbunet|dp0.5,/u/home/llim/FMPCC/FM-PCC/logs/UAV_MIX/uav-s_curve/plans/mix_uav_mf/H8_Dmodels.mf_diffusion.MeanFlowODE_9D_dp0.5_bbunet/Emf_K5_mpc4_pid_stopgo_T0.5,6,test,s_curve_bounds+dynamics+geo_bounds+halfspace+obstacles,dpcc-r-tightened,dpcc-r,True,s_curve,mf,5.0,4.0,pid_stopgo,0.5,unet,Gen15,5.0,5.0,0.3,best,fm_only,none,cuda,,5.0
54,s_curve|mf|K5|bbunet|dp0.5,/u/home/llim/FMPCC/FM-PCC/logs/UAV_MIX/uav-s_curve/plans/mix_uav_mf/H8_Dmodels.mf_diffusion.MeanFlowODE_9D_dp0.5_bbunet/Emf_K5_mpc4_pid_stopgo_T0.5,6,test,s_curve_bounds+dynamics+geo_bounds+halfspace+obstacles,dpcc-t,dpcc-t,False,s_curve,mf,5.0,4.0,pid_stopgo,0.5,unet,Gen15,5.0,5.0,0.3,best,fm_only,none,cuda,,5.0
54,s_curve|mf|K5|bbunet|dp0.5,/u/home/llim/FMPCC/FM-PCC/logs/UAV_MIX/uav-s_curve/plans/mix_uav_mf/H8_Dmodels.mf_diffusion.MeanFlowODE_9D_dp0.5_bbunet/Emf_K5_mpc4_pid_stopgo_T0.5,6,test,s_curve_bounds+dynamics+geo_bounds+halfspace+obstacles,dpcc-t-tightened,dpcc-t,True,s_curve,mf,5.0,4.0,pid_stopgo,0.5,unet,Gen15,5.0,5.0,0.3,best,fm_only,none,cuda,,5.0
54,s_curve|mf|K5|bbunet|dp0.5,/u/home/llim/FMPCC/FM-PCC/logs/UAV_MIX/uav-s_curve/plans/mix_uav_mf/H8_Dmodels.mf_diffusion.MeanFlowODE_9D_dp0.5_bbunet/Emf_K5_mpc4_pid_stopgo_T0.5,6,test,s_curve_bounds+dynamics+geo_bounds+halfspace+obstacles,geo_free,geo_free,False,s_curve,mf,5.0,4.0,pid_stopgo,0.5,unet,Gen15,5.0,5.0,0.3,best,fm_only,none,cuda,,5.0
54,s_curve|mf|K5|bbunet|dp0.5,/u/home/llim/FMPCC/FM-PCC/logs/UAV_MIX/uav-s_curve/plans/mix_uav_mf/H8_Dmodels.mf_diffusion.MeanFlowODE_9D_dp0.5_bbunet/Emf_K5_mpc4_pid_stopgo_T0.5,6,test,s_curve_bounds+dynamics+geo_bounds+halfspace+obstacles,geo_free-bounds_free,geo_free-bounds_free,False,s_curve,mf,5.0,4.0,pid_stopgo,0.5,unet,Gen15,5.0,5.0,0.3,best,fm_only,none,cuda,,5.0
54,s_curve|mf|K5|bbunet|dp0.5,/u/home/llim/FMPCC/FM-PCC/logs/UAV_MIX/uav-s_curve/plans/mix_uav_mf/H8_Dmodels.mf_diffusion.MeanFlowODE_9D_dp0.5_bbunet/Emf_K5_mpc4_pid_stopgo_T0.5,6,test,s_curve_bounds+dynamics+geo_bounds+halfspace+obstacles,geo_free-model_free,geo_free-model_free,False,s_curve,mf,5.0,4.0,pid_stopgo,0.5,unet,Gen15,5.0,5.0,0.3,best,fm_only,none,cuda,,5.0
54,s_curve|mf|K5|bbunet|dp0.5,/u/home/llim/FMPCC/FM-PCC/logs/UAV_MIX/uav-s_curve/plans/mix_uav_mf/H8_Dmodels.mf_diffusion.MeanFlowODE_9D_dp0.5_bbunet/Emf_K5_mpc4_pid_stopgo_T0.5,6,test,s_curve_bounds+dynamics+geo_bounds+halfspace+obstacles,gradient,gradient,False,s_curve,mf,5.0,4.0,pid_stopgo,0.5,unet,Gen15,5.0,5.0,0.3,best,fm_only,none,cuda,,5.0
54,s_curve|mf|K5|bbunet|dp0.5,/u/home/llim/FMPCC/FM-PCC/logs/UAV_MIX/uav-s_curve/plans/mix_uav_mf/H8_Dmodels.mf_diffusion.MeanFlowODE_9D_dp0.5_bbunet/Emf_K5_mpc4_pid_stopgo_T0.5,6,test,s_curve_bounds+dynamics+geo_bounds+halfspace+obstacles,gradient-tightened,gradient,True,s_curve,mf,5.0,4.0,pid_stopgo,0.5,unet,Gen15,5.0,5.0,0.3,best,fm_only,none,cuda,,5.0
54,s_curve|mf|K5|bbunet|dp0.5,/u/home/llim/FMPCC/FM-PCC/logs/UAV_MIX/uav-s_curve/plans/mix_uav_mf/H8_Dmodels.mf_diffusion.MeanFlowODE_9D_dp0.5_bbunet/Emf_K5_mpc4_pid_stopgo_T0.5,6,test,s_curve_bounds+dynamics+geo_bounds+halfspace+obstacles,model_free,model_free,False,s_curve,mf,5.0,4.0,pid_stopgo,0.5,unet,Gen15,5.0,5.0,0.3,best,fm_only,none,cuda,,5.0
54,s_curve|mf|K5|bbunet|dp0.5,/u/home/llim/FMPCC/FM-PCC/logs/UAV_MIX/uav-s_curve/plans/mix_uav_mf/H8_Dmodels.mf_diffusion.MeanFlowODE_9D_dp0.5_bbunet/Emf_K5_mpc4_pid_stopgo_T0.5,6,test,s_curve_bounds+dynamics+geo_bounds+halfspace+obstacles,model_free-bounds_free,model_free-bounds_free,False,s_curve,mf,5.0,4.0,pid_stopgo,0.5,unet,Gen15,5.0,5.0,0.3,best,fm_only,none,cuda,,5.0
54,s_curve|mf|K5|bbunet|dp0.5,/u/home/llim/FMPCC/FM-PCC/logs/UAV_MIX/uav-s_curve/plans/mix_uav_mf/H8_Dmodels.mf_diffusion.MeanFlowODE_9D_dp0.5_bbunet/Emf_K5_mpc4_pid_stopgo_T0.5,6,test,s_curve_bounds+dynamics+geo_bounds+halfspace+obstacles,model_free-bounds_free-tightened,model_free-bounds_free,True,s_curve,mf,5.0,4.0,pid_stopgo,0.5,unet,Gen15,5.0,5.0,0.3,best,fm_only,none,cuda,,5.0
54,s_curve|mf|K5|bbunet|dp0.5,/u/home/llim/FMPCC/FM-PCC/logs/UAV_MIX/uav-s_curve/plans/mix_uav_mf/H8_Dmodels.mf_diffusion.MeanFlowODE_9D_dp0.5_bbunet/Emf_K5_mpc4_pid_stopgo_T0.5,6,test,s_curve_bounds+dynamics+geo_bounds+halfspace+obstacles,model_free-tightened,model_free,True,s_curve,mf,5.0,4.0,pid_stopgo,0.5,unet,Gen15,5.0,5.0,0.3,best,fm_only,none,cuda,,5.0
54,s_curve|mf|K5|bbunet|dp0.5,/u/home/llim/FMPCC/FM-PCC/logs/UAV_MIX/uav-s_curve/plans/mix_uav_mf/H8_Dmodels.mf_diffusion.MeanFlowODE_9D_dp0.5_bbunet/Emf_K5_mpc4_pid_stopgo_T0.5,6,test,s_curve_bounds+dynamics+geo_bounds+halfspace+obstacles,post_processing,post_processing,False,s_curve,mf,5.0,4.0,pid_stopgo,0.5,unet,Gen15,5.0,5.0,0.3,best,fm_only,none,cuda,,5.0
54,s_curve|mf|K5|bbunet|dp0.5,/u/home/llim/FMPCC/FM-PCC/logs/UAV_MIX/uav-s_curve/plans/mix_uav_mf/H8_Dmodels.mf_diffusion.MeanFlowODE_9D_dp0.5_bbunet/Emf_K5_mpc4_pid_stopgo_T0.5,6,test,s_curve_bounds+dynamics+geo_bounds+halfspace+obstacles,post_processing-tightened,post_processing,True,s_curve,mf,5.0,4.0,pid_stopgo,0.5,unet,Gen15,5.0,5.0,0.3,best,fm_only,none,cuda,,5.0
