/bin/bash: /u/home/llim/miniconda3/lib/libtinfo.so.6: no version information available (required by /bin/bash)
================================================================================
JOB START: Tue Jul 21 22:03:26 UTC 2026
JOB NAME:  hf_imf_train   ID: 23684   NODE: i6-gpu-1
CONDA ENV: hardflow_clone   (clone of FMPCC — live env untouched)
HARDFLOW_REPO: /u/home/llim/FMPCC/FM-PCC/HardFlow
LOG COLLECT:   /u/home/llim/FMPCC/FM-PCC/logs/hardflow
NVIDIA RTX A5000, 530.41.03, 24564 MiB
NVIDIA RTX A5000, 530.41.03, 24564 MiB
NVIDIA RTX A5000, 530.41.03, 24564 MiB
NVIDIA RTX A5000, 530.41.03, 24564 MiB
NVIDIA RTX A5000, 530.41.03, 24564 MiB
NVIDIA RTX A5000, 530.41.03, 24564 MiB
NVIDIA RTX A5000, 530.41.03, 24564 MiB
NVIDIA RTX A5000, 530.41.03, 24564 MiB
HARDFLOW GIT: 36efd5a
================================================================================
[ HF-BRIDGE ] python: /u/home/llim/miniconda3/envs/hardflow_clone/bin/python
[ HF-BRIDGE ] tyro OK, gym==0.20.0
[ HF-BRIDGE ] W&B key found -> WANDB_MODE=online
[ GPU-CHECK ] CUDA_VISIBLE_DEVICES=1  MUJOCO_EGL_DEVICE_ID=1
[ HF-BRIDGE ] /u/home/llim/FMPCC/FM-PCC/HardFlow/logs -> /u/home/llim/FMPCC/FM-PCC/logs/hardflow
[ HF-BRIDGE ] cwd: /u/home/llim/FMPCC/FM-PCC/HardFlow
[ HF-IMF-TRAIN ] gates first: python run/imf_gates.py

=== G0: TemporalImfUnet mechanics (avoiding config) ===
[ models/temporal_imf ] Channel dimensions: [(6, 32), (32, 128), (128, 256)]
[ PASS ] G0 shapes: tau=float: u(3, 16, 6) v(3, 16, 6)
[ PASS ] G0 shapes: tau=Tensor: u(3, 16, 6) v(3, 16, 6)
[ PASS ] G0 shapes: tau=float: u(3, 16, 6) v(3, 16, 6)
[ info ] TemporalImfUnet params: 3.69M

=== G1: 1D GMM end-to-end (convention / loss / sampler) ===
[ train ] step 0: raw_mse_u 5.3623 raw_mse_v 5.3333
[ train ] step 1000: raw_mse_u 25.7487 raw_mse_v 3.9826
[ train ] step 2000: raw_mse_u 24.1426 raw_mse_v 4.1025
[ train ] step 3000: raw_mse_u 16.5437 raw_mse_v 3.7099
[ PASS ] G1-A h->0 (u ~= v): rel err 0.0008
[ PASS ] G1-B 1-NFE lands on data (sign): mean|x| 2.089 (target ~2), near-mode frac 0.98, min-mode frac 0.48, W1 0.276
[ PASS ] G1-C K1 ~ K2 (W1): W1(K1,K2) 0.067
[ PASS ] G1-D jump composition (W1): W1 0.084

ALL GATES PASSED — cleared for Phase 2 (training).
[ HF-IMF-TRAIN ] bash run_scripts/train_imf.sh
bash: /u/home/llim/miniconda3/lib/libtinfo.so.6: no version information available (required by bash)
=== Gen13 iMF train: env=avoiding-v0 horizon=16 steps=800000 ===
[ datasets/buffer ] Finalized replay buffer | 96 episodes
[ datasets/sequence ] Calculating normalizer...
[ datasets/sequence ] Normalizer saved at logs/avoiding-v0/normalizer/normalizer_H16.pth
[ datasets/sequence ] Normalizer acquired
[ datasets/sequence ] Indices made
Normalizing...
  0%|          | 0/2 [00:00<?, ?it/s]100%|██████████| 2/2 [00:00<00:00, 2387.20it/s]
wandb: Currently logged in as: llmmail2021 (llmmail2021-technical-university-of-munich). Use `wandb login --relogin` to force relogin
wandb: wandb version 0.28.1 is available!  To upgrade, please run:
wandb:  $ pip install wandb --upgrade
wandb: Tracking run with wandb version 0.17.5
wandb: Run data is saved locally in ./logs/avoiding-v0/flow/H16_imf_lrfix_800k/wandb/run-20260721_220359-wzd8q6r4
wandb: Run `wandb offline` to turn off syncing.
wandb: Syncing run HF-iMF-H16_imf_lrfix_800k-seed0-slurm-23684
wandb: ⭐️ View project at https://wandb.ai/llmmail2021-technical-university-of-munich/FMPCC-HF-iMF
wandb: 🚀 View run at https://wandb.ai/llmmail2021-technical-university-of-munich/FMPCC-HF-iMF/runs/wzd8q6r4
[ datasets/sequence ] Normalized
[ datasets/buffer ] Fields:
    observations: (96, 200, 4)
    actions: (96, 200, 2)
    rewards: (96, 200, 1)
    terminals: (96, 200, 1)
    timeouts: (96, 200, 1)
    normed_observations: (96, 200, 4)
    normed_actions: (96, 200, 2)
[ models/temporal_imf ] Channel dimensions: [(6, 32), (32, 128), (128, 256)]
[ train_imf ] tensorboard not installed -> metrics.csv only
[ train_imf ] W&B online: project=FMPCC-HF-iMF run=HF-iMF-H16_imf_lrfix_800k-seed0-slurm-23684
[ train_imf ] non-tty (batch) mode: progress bar disabled, logging every 200 steps of 800000
[ train_imf ] step 0  raw_mse_u 139.3966  raw_mse_v 131.0064  a0 1.57035  gnorm 2.74  (adaptive loss 1.9998 — flat by design)
[ train_imf ] step 200  raw_mse_u 103.9871  raw_mse_v 103.6620  a0 1.04595  gnorm 1.87  (adaptive loss 1.9998 — flat by design)
[ train_imf ] step 400  raw_mse_u 97.3824  raw_mse_v 96.4971  a0 1.80288  gnorm 2.17  (adaptive loss 1.9998 — flat by design)
[ train_imf ] step 600  raw_mse_u 87.4682  raw_mse_v 86.7580  a0 1.15860  gnorm 4.32  (adaptive loss 1.9998 — flat by design)
[ train_imf ] step 800  raw_mse_u 89.0229  raw_mse_v 88.7944  a0 1.22916  gnorm 4.32  (adaptive loss 1.9998 — flat by design)
[ train_imf ] step 1000  raw_mse_u 77.9797  raw_mse_v 76.3493  a0 1.08459  gnorm 5.39  (adaptive loss 1.9997 — flat by design)
[ train_imf ] step 1200  raw_mse_u 81.7718  raw_mse_v 80.7298  a0 1.51853  gnorm 9.50  (adaptive loss 1.9997 — flat by design)
[ train_imf ] step 1400  raw_mse_u 72.7855  raw_mse_v 70.3397  a0 1.16553  gnorm 7.78  (adaptive loss 1.9997 — flat by design)
[ train_imf ] step 1600  raw_mse_u 71.8854  raw_mse_v 70.4092  a0 1.19766  gnorm 24.47  (adaptive loss 1.9997 — flat by design)
[ train_imf ] step 1800  raw_mse_u 65.1281  raw_mse_v 63.3026  a0 1.87149  gnorm 11.99  (adaptive loss 1.9997 — flat by design)
[ train_imf ] step 2000  raw_mse_u 64.8460  raw_mse_v 65.8779  a0 1.53284  gnorm 13.13  (adaptive loss 1.9997 — flat by design)
[ train_imf ] step 2200  raw_mse_u 62.4816  raw_mse_v 62.3072  a0 1.37499  gnorm 17.61  (adaptive loss 1.9997 — flat by design)
[ train_imf ] step 2400  raw_mse_u 61.7332  raw_mse_v 61.5173  a0 1.18170  gnorm 12.04  (adaptive loss 1.9997 — flat by design)
[ train_imf ] step 2600  raw_mse_u 53.9042  raw_mse_v 51.6472  a0 1.05208  gnorm 12.18  (adaptive loss 1.9996 — flat by design)
[ train_imf ] step 2800  raw_mse_u 55.2221  raw_mse_v 54.0833  a0 1.01247  gnorm 14.60  (adaptive loss 1.9996 — flat by design)
[ train_imf ] step 3000  raw_mse_u 52.7348  raw_mse_v 49.7578  a0 0.60963  gnorm 15.22  (adaptive loss 1.9996 — flat by design)
[ train_imf ] step 3200  raw_mse_u 48.4506  raw_mse_v 48.2332  a0 0.91879  gnorm 25.65  (adaptive loss 1.9995 — flat by design)
[ train_imf ] step 3400  raw_mse_u 47.0089  raw_mse_v 45.2528  a0 0.78228  gnorm 20.07  (adaptive loss 1.9995 — flat by design)
[ train_imf ] step 3600  raw_mse_u 43.6165  raw_mse_v 41.4078  a0 0.94816  gnorm 21.00  (adaptive loss 1.9995 — flat by design)
[ train_imf ] step 3800  raw_mse_u 44.9301  raw_mse_v 43.6275  a0 1.28220  gnorm 40.23  (adaptive loss 1.9995 — flat by design)
[ train_imf ] step 4000  raw_mse_u 42.4736  raw_mse_v 38.7348  a0 0.85271  gnorm 26.01  (adaptive loss 1.9994 — flat by design)
[ train_imf ] step 4200  raw_mse_u 40.6778  raw_mse_v 37.9255  a0 1.12766  gnorm 21.50  (adaptive loss 1.9995 — flat by design)
[ train_imf ] step 4400  raw_mse_u 39.6160  raw_mse_v 37.1644  a0 1.00582  gnorm 29.88  (adaptive loss 1.9994 — flat by design)
[ train_imf ] step 4600  raw_mse_u 39.8959  raw_mse_v 36.1257  a0 0.62336  gnorm 24.85  (adaptive loss 1.9994 — flat by design)
[ train_imf ] step 4800  raw_mse_u 36.7750  raw_mse_v 33.9025  a0 0.68523  gnorm 23.10  (adaptive loss 1.9993 — flat by design)
[ train_imf ] step 5000  raw_mse_u 37.5385  raw_mse_v 33.3993  a0 0.74443  gnorm 42.77  (adaptive loss 1.9993 — flat by design)
[ train_imf ] step 5200  raw_mse_u 32.4006  raw_mse_v 29.1116  a0 0.60586  gnorm 50.39  (adaptive loss 1.9992 — flat by design)
[ train_imf ] step 5400  raw_mse_u 39.6891  raw_mse_v 36.9681  a0 0.75125  gnorm 45.06  (adaptive loss 1.9994 — flat by design)
[ train_imf ] step 5600  raw_mse_u 31.8032  raw_mse_v 26.7202  a0 0.66920  gnorm 29.23  (adaptive loss 1.9992 — flat by design)
[ train_imf ] step 5800  raw_mse_u 36.6161  raw_mse_v 32.8108  a0 0.51672  gnorm 56.07  (adaptive loss 1.9992 — flat by design)
[ train_imf ] step 6000  raw_mse_u 42.6596  raw_mse_v 35.2473  a0 0.92153  gnorm 37.02  (adaptive loss 1.9993 — flat by design)
[ train_imf ] step 6200  raw_mse_u 28.7208  raw_mse_v 24.7548  a0 0.66155  gnorm 56.22  (adaptive loss 1.9991 — flat by design)
[ train_imf ] step 6400  raw_mse_u 34.2961  raw_mse_v 33.1917  a0 0.53309  gnorm 40.85  (adaptive loss 1.9992 — flat by design)
[ train_imf ] step 6600  raw_mse_u 29.4536  raw_mse_v 25.6451  a0 0.83387  gnorm 57.06  (adaptive loss 1.9991 — flat by design)
[ train_imf ] step 6800  raw_mse_u 31.1244  raw_mse_v 28.5437  a0 0.78027  gnorm 52.32  (adaptive loss 1.9991 — flat by design)
[ train_imf ] step 7000  raw_mse_u 27.9950  raw_mse_v 23.6738  a0 0.57359  gnorm 35.50  (adaptive loss 1.9990 — flat by design)
[ train_imf ] step 7200  raw_mse_u 32.6528  raw_mse_v 30.0119  a0 0.39196  gnorm 39.27  (adaptive loss 1.9991 — flat by design)
[ train_imf ] step 7400  raw_mse_u 34.4700  raw_mse_v 31.1092  a0 0.58035  gnorm 68.28  (adaptive loss 1.9991 — flat by design)
[ train_imf ] step 7600  raw_mse_u 26.9040  raw_mse_v 24.0165  a0 0.46036  gnorm 58.08  (adaptive loss 1.9991 — flat by design)
[ train_imf ] step 7800  raw_mse_u 38.4478  raw_mse_v 29.2100  a0 0.81672  gnorm 49.90  (adaptive loss 1.9992 — flat by design)
[ train_imf ] step 8000  raw_mse_u 27.6959  raw_mse_v 24.8161  a0 0.59000  gnorm 75.59  (adaptive loss 1.9991 — flat by design)
[ train_imf ] step 8200  raw_mse_u 33.5589  raw_mse_v 27.5138  a0 0.61197  gnorm 68.56  (adaptive loss 1.9991 — flat by design)
[ train_imf ] step 8400  raw_mse_u 25.0303  raw_mse_v 20.4278  a0 0.68389  gnorm 50.24  (adaptive loss 1.9989 — flat by design)
[ train_imf ] step 8600  raw_mse_u 25.4036  raw_mse_v 23.4659  a0 0.27968  gnorm 36.31  (adaptive loss 1.9989 — flat by design)
[ train_imf ] step 8800  raw_mse_u 34.6675  raw_mse_v 28.8081  a0 0.58463  gnorm 43.19  (adaptive loss 1.9991 — flat by design)
[ train_imf ] step 9000  raw_mse_u 33.2867  raw_mse_v 29.3882  a0 0.61689  gnorm 37.67  (adaptive loss 1.9992 — flat by design)
[ train_imf ] step 9200  raw_mse_u 32.6862  raw_mse_v 26.9028  a0 0.76656  gnorm 42.51  (adaptive loss 1.9989 — flat by design)
[ train_imf ] step 9400  raw_mse_u 23.9559  raw_mse_v 22.1388  a0 0.45235  gnorm 56.59  (adaptive loss 1.9989 — flat by design)
[ train_imf ] step 9600  raw_mse_u 28.0787  raw_mse_v 24.6799  a0 1.08157  gnorm 72.78  (adaptive loss 1.9989 — flat by design)
[ train_imf ] step 9800  raw_mse_u 26.6898  raw_mse_v 25.6827  a0 0.43340  gnorm 78.23  (adaptive loss 1.9989 — flat by design)
[ train_imf ] step 10000  raw_mse_u 26.4935  raw_mse_v 22.8493  a0 0.44370  gnorm 38.39  (adaptive loss 1.9989 — flat by design)
[ train_imf ] step 10200  raw_mse_u 22.3454  raw_mse_v 18.4450  a0 0.62330  gnorm 77.20  (adaptive loss 1.9988 — flat by design)
[ train_imf ] step 10400  raw_mse_u 20.8740  raw_mse_v 19.4372  a0 0.36714  gnorm 42.02  (adaptive loss 1.9986 — flat by design)
[ train_imf ] step 10600  raw_mse_u 30.8108  raw_mse_v 27.1344  a0 0.57055  gnorm 49.87  (adaptive loss 1.9989 — flat by design)
[ train_imf ] step 10800  raw_mse_u 25.7961  raw_mse_v 22.2023  a0 0.40827  gnorm 30.92  (adaptive loss 1.9989 — flat by design)
[ train_imf ] step 11000  raw_mse_u 29.2518  raw_mse_v 23.4233  a0 0.55725  gnorm 52.31  (adaptive loss 1.9989 — flat by design)
[ train_imf ] step 11200  raw_mse_u 26.0087  raw_mse_v 24.9665  a0 0.51917  gnorm 54.78  (adaptive loss 1.9990 — flat by design)
[ train_imf ] step 11400  raw_mse_u 27.7450  raw_mse_v 23.1601  a0 0.68456  gnorm 42.04  (adaptive loss 1.9990 — flat by design)
[ train_imf ] step 11600  raw_mse_u 29.9329  raw_mse_v 19.5436  a0 0.54332  gnorm 85.60  (adaptive loss 1.9988 — flat by design)
[ train_imf ] step 11800  raw_mse_u 25.8452  raw_mse_v 22.3514  a0 0.41507  gnorm 44.20  (adaptive loss 1.9989 — flat by design)
[ train_imf ] step 12000  raw_mse_u 28.1545  raw_mse_v 25.0708  a0 0.74298  gnorm 44.34  (adaptive loss 1.9989 — flat by design)
[ train_imf ] step 12200  raw_mse_u 25.2204  raw_mse_v 23.1749  a0 0.52324  gnorm 60.15  (adaptive loss 1.9989 — flat by design)
[ train_imf ] step 12400  raw_mse_u 27.9320  raw_mse_v 21.6606  a0 0.77536  gnorm 55.27  (adaptive loss 1.9989 — flat by design)
[ train_imf ] step 12600  raw_mse_u 24.0824  raw_mse_v 23.2397  a0 0.74092  gnorm 71.72  (adaptive loss 1.9990 — flat by design)
[ train_imf ] step 12800  raw_mse_u 25.6235  raw_mse_v 21.6164  a0 0.68654  gnorm 45.96  (adaptive loss 1.9988 — flat by design)
[ train_imf ] step 13000  raw_mse_u 25.2981  raw_mse_v 23.2554  a0 0.72391  gnorm 47.97  (adaptive loss 1.9987 — flat by design)
[ train_imf ] step 13200  raw_mse_u 21.9350  raw_mse_v 20.7120  a0 0.61109  gnorm 61.61  (adaptive loss 1.9988 — flat by design)
[ train_imf ] step 13400  raw_mse_u 26.9506  raw_mse_v 20.8297  a0 0.70736  gnorm 52.57  (adaptive loss 1.9987 — flat by design)
[ train_imf ] step 13600  raw_mse_u 24.9458  raw_mse_v 22.5940  a0 0.61444  gnorm 41.12  (adaptive loss 1.9989 — flat by design)
[ train_imf ] step 13800  raw_mse_u 25.2694  raw_mse_v 21.5648  a0 0.55178  gnorm 44.02  (adaptive loss 1.9988 — flat by design)
[ train_imf ] step 14000  raw_mse_u 26.9854  raw_mse_v 25.1847  a0 1.11412  gnorm 48.38  (adaptive loss 1.9989 — flat by design)
[ train_imf ] step 14200  raw_mse_u 25.6159  raw_mse_v 23.6650  a0 0.52512  gnorm 59.83  (adaptive loss 1.9987 — flat by design)
[ train_imf ] step 14400  raw_mse_u 22.4257  raw_mse_v 21.0698  a0 0.44544  gnorm 46.17  (adaptive loss 1.9989 — flat by design)
[ train_imf ] step 14600  raw_mse_u 21.5396  raw_mse_v 17.9653  a0 0.55177  gnorm 49.64  (adaptive loss 1.9987 — flat by design)
[ train_imf ] step 14800  raw_mse_u 24.9474  raw_mse_v 20.8848  a0 0.50643  gnorm 51.43  (adaptive loss 1.9987 — flat by design)
[ train_imf ] step 15000  raw_mse_u 22.3815  raw_mse_v 19.8604  a0 0.44016  gnorm 56.62  (adaptive loss 1.9985 — flat by design)
[ train_imf ] step 15200  raw_mse_u 23.1756  raw_mse_v 19.4429  a0 0.56635  gnorm 54.72  (adaptive loss 1.9987 — flat by design)
[ train_imf ] step 15400  raw_mse_u 21.9559  raw_mse_v 19.1328  a0 0.71032  gnorm 69.03  (adaptive loss 1.9987 — flat by design)
[ train_imf ] step 15600  raw_mse_u 28.2693  raw_mse_v 26.7990  a0 0.53005  gnorm 86.01  (adaptive loss 1.9987 — flat by design)
[ train_imf ] step 15800  raw_mse_u 16.9145  raw_mse_v 14.6075  a0 0.52938  gnorm 42.20  (adaptive loss 1.9984 — flat by design)
[ train_imf ] step 16000  raw_mse_u 21.1992  raw_mse_v 20.9889  a0 0.52781  gnorm 71.93  (adaptive loss 1.9988 — flat by design)
[ train_imf ] step 16200  raw_mse_u 23.2534  raw_mse_v 21.0407  a0 0.47552  gnorm 56.90  (adaptive loss 1.9986 — flat by design)
[ train_imf ] step 16400  raw_mse_u 25.6289  raw_mse_v 23.7207  a0 0.72551  gnorm 42.49  (adaptive loss 1.9989 — flat by design)
[ train_imf ] step 16600  raw_mse_u 19.3060  raw_mse_v 16.2292  a0 0.47468  gnorm 66.73  (adaptive loss 1.9984 — flat by design)
[ train_imf ] step 16800  raw_mse_u 24.4654  raw_mse_v 20.0100  a0 0.66584  gnorm 53.58  (adaptive loss 1.9986 — flat by design)
[ train_imf ] step 17000  raw_mse_u 16.7397  raw_mse_v 14.6793  a0 0.40341  gnorm 82.96  (adaptive loss 1.9984 — flat by design)
[ train_imf ] step 17200  raw_mse_u 20.6549  raw_mse_v 20.0702  a0 0.49867  gnorm 62.90  (adaptive loss 1.9983 — flat by design)
[ train_imf ] step 17400  raw_mse_u 21.3755  raw_mse_v 20.0241  a0 0.43235  gnorm 92.31  (adaptive loss 1.9988 — flat by design)
[ train_imf ] step 17600  raw_mse_u 28.1369  raw_mse_v 26.5331  a0 0.58021  gnorm 62.36  (adaptive loss 1.9990 — flat by design)
[ train_imf ] step 17800  raw_mse_u 32.8684  raw_mse_v 23.8339  a0 0.89074  gnorm 41.96  (adaptive loss 1.9989 — flat by design)
[ train_imf ] step 18000  raw_mse_u 18.7659  raw_mse_v 16.1299  a0 0.36066  gnorm 71.52  (adaptive loss 1.9985 — flat by design)
[ train_imf ] step 18200  raw_mse_u 24.8051  raw_mse_v 22.4117  a0 0.48047  gnorm 61.40  (adaptive loss 1.9987 — flat by design)
[ train_imf ] step 18400  raw_mse_u 21.0652  raw_mse_v 19.5240  a0 0.48015  gnorm 56.97  (adaptive loss 1.9987 — flat by design)
[ train_imf ] step 18600  raw_mse_u 21.2052  raw_mse_v 17.3916  a0 0.41986  gnorm 57.18  (adaptive loss 1.9986 — flat by design)
[ train_imf ] step 18800  raw_mse_u 26.2458  raw_mse_v 21.4518  a0 0.66273  gnorm 38.71  (adaptive loss 1.9988 — flat by design)
[ train_imf ] step 19000  raw_mse_u 26.7023  raw_mse_v 22.4683  a0 0.60150  gnorm 54.51  (adaptive loss 1.9987 — flat by design)
[ train_imf ] step 19200  raw_mse_u 22.7339  raw_mse_v 20.8998  a0 0.41491  gnorm 66.59  (adaptive loss 1.9987 — flat by design)
[ train_imf ] step 19400  raw_mse_u 23.1490  raw_mse_v 21.1522  a0 0.47612  gnorm 57.95  (adaptive loss 1.9986 — flat by design)
[ train_imf ] step 19600  raw_mse_u 18.2126  raw_mse_v 17.9446  a0 0.41658  gnorm 54.17  (adaptive loss 1.9985 — flat by design)
[ train_imf ] step 19800  raw_mse_u 24.7287  raw_mse_v 16.7766  a0 0.20884  gnorm 49.02  (adaptive loss 1.9984 — flat by design)
[ train_imf ] step 20000  raw_mse_u 18.2025  raw_mse_v 17.2589  a0 0.28200  gnorm 44.16  (adaptive loss 1.9986 — flat by design)
[ train_imf ] step 20200  raw_mse_u 24.0277  raw_mse_v 18.3989  a0 0.50895  gnorm 52.61  (adaptive loss 1.9987 — flat by design)
[ train_imf ] step 20400  raw_mse_u 20.6912  raw_mse_v 18.7679  a0 0.60981  gnorm 62.42  (adaptive loss 1.9984 — flat by design)
[ train_imf ] step 20600  raw_mse_u 20.8931  raw_mse_v 18.2863  a0 0.46535  gnorm 52.61  (adaptive loss 1.9985 — flat by design)
[ train_imf ] step 20800  raw_mse_u 34.2014  raw_mse_v 17.4648  a0 0.60912  gnorm 41.97  (adaptive loss 1.9986 — flat by design)
[ train_imf ] step 21000  raw_mse_u 22.1295  raw_mse_v 19.0061  a0 0.67796  gnorm 51.48  (adaptive loss 1.9986 — flat by design)
[ train_imf ] step 21200  raw_mse_u 23.3450  raw_mse_v 17.7697  a0 0.56312  gnorm 40.31  (adaptive loss 1.9985 — flat by design)
[ train_imf ] step 21400  raw_mse_u 21.4640  raw_mse_v 18.4118  a0 0.46261  gnorm 40.13  (adaptive loss 1.9985 — flat by design)
[ train_imf ] step 21600  raw_mse_u 20.7649  raw_mse_v 18.3800  a0 0.58299  gnorm 73.43  (adaptive loss 1.9985 — flat by design)
[ train_imf ] step 21800  raw_mse_u 19.1856  raw_mse_v 16.1951  a0 0.15337  gnorm 48.27  (adaptive loss 1.9983 — flat by design)
[ train_imf ] step 22000  raw_mse_u 23.2699  raw_mse_v 19.7199  a0 0.60574  gnorm 46.49  (adaptive loss 1.9987 — flat by design)
[ train_imf ] step 22200  raw_mse_u 23.7841  raw_mse_v 20.5663  a0 0.59986  gnorm 45.92  (adaptive loss 1.9984 — flat by design)
[ train_imf ] step 22400  raw_mse_u 19.3207  raw_mse_v 18.5575  a0 0.33735  gnorm 34.07  (adaptive loss 1.9984 — flat by design)
[ train_imf ] step 22600  raw_mse_u 26.3642  raw_mse_v 22.2313  a0 0.67591  gnorm 64.02  (adaptive loss 1.9987 — flat by design)
[ train_imf ] step 22800  raw_mse_u 15.2540  raw_mse_v 14.3135  a0 0.25822  gnorm 55.74  (adaptive loss 1.9984 — flat by design)
[ train_imf ] step 23000  raw_mse_u 18.6298  raw_mse_v 16.7040  a0 0.43453  gnorm 50.78  (adaptive loss 1.9984 — flat by design)
[ train_imf ] step 23200  raw_mse_u 18.2291  raw_mse_v 17.1883  a0 0.31135  gnorm 63.12  (adaptive loss 1.9982 — flat by design)
[ train_imf ] step 23400  raw_mse_u 23.8995  raw_mse_v 20.4737  a0 0.63397  gnorm 43.82  (adaptive loss 1.9986 — flat by design)
[ train_imf ] step 23600  raw_mse_u 28.8655  raw_mse_v 21.7767  a0 0.47021  gnorm 48.74  (adaptive loss 1.9988 — flat by design)
[ train_imf ] step 23800  raw_mse_u 29.2167  raw_mse_v 17.8627  a0 0.49293  gnorm 46.57  (adaptive loss 1.9982 — flat by design)
[ train_imf ] step 24000  raw_mse_u 23.5920  raw_mse_v 20.0113  a0 0.83870  gnorm 65.13  (adaptive loss 1.9985 — flat by design)
[ train_imf ] step 24200  raw_mse_u 23.8221  raw_mse_v 18.7232  a0 0.36231  gnorm 35.38  (adaptive loss 1.9984 — flat by design)
[ train_imf ] step 24400  raw_mse_u 29.7332  raw_mse_v 15.9394  a0 0.80373  gnorm 60.18  (adaptive loss 1.9983 — flat by design)
[ train_imf ] step 24600  raw_mse_u 19.3079  raw_mse_v 16.3515  a0 0.24431  gnorm 51.15  (adaptive loss 1.9984 — flat by design)
[ train_imf ] step 24800  raw_mse_u 17.9736  raw_mse_v 17.0952  a0 0.40552  gnorm 53.86  (adaptive loss 1.9986 — flat by design)
[ train_imf ] step 25000  raw_mse_u 22.0725  raw_mse_v 19.9901  a0 0.43234  gnorm 33.55  (adaptive loss 1.9986 — flat by design)
[ train_imf ] step 25200  raw_mse_u 19.4915  raw_mse_v 16.7625  a0 0.37358  gnorm 65.11  (adaptive loss 1.9982 — flat by design)
[ train_imf ] step 25400  raw_mse_u 21.5871  raw_mse_v 18.8716  a0 0.52043  gnorm 60.67  (adaptive loss 1.9986 — flat by design)
[ train_imf ] step 25600  raw_mse_u 22.5481  raw_mse_v 22.2428  a0 0.47072  gnorm 55.31  (adaptive loss 1.9986 — flat by design)
[ train_imf ] step 25800  raw_mse_u 18.0060  raw_mse_v 18.5822  a0 0.53594  gnorm 48.55  (adaptive loss 1.9985 — flat by design)
[ train_imf ] step 26000  raw_mse_u 17.0470  raw_mse_v 16.1342  a0 0.21951  gnorm 31.27  (adaptive loss 1.9984 — flat by design)
[ train_imf ] step 26200  raw_mse_u 19.6107  raw_mse_v 16.8950  a0 0.57954  gnorm 51.81  (adaptive loss 1.9983 — flat by design)
[ train_imf ] step 26400  raw_mse_u 15.5622  raw_mse_v 15.2607  a0 0.30618  gnorm 49.40  (adaptive loss 1.9982 — flat by design)
[ train_imf ] step 26600  raw_mse_u 15.5926  raw_mse_v 13.7680  a0 0.24799  gnorm 46.70  (adaptive loss 1.9981 — flat by design)
[ train_imf ] step 26800  raw_mse_u 21.8053  raw_mse_v 18.9110  a0 0.48839  gnorm 40.29  (adaptive loss 1.9985 — flat by design)
[ train_imf ] step 27000  raw_mse_u 18.7217  raw_mse_v 19.3974  a0 0.49323  gnorm 53.64  (adaptive loss 1.9986 — flat by design)
[ train_imf ] step 27200  raw_mse_u 16.1804  raw_mse_v 14.4539  a0 0.29257  gnorm 60.49  (adaptive loss 1.9982 — flat by design)
[ train_imf ] step 27400  raw_mse_u 24.5242  raw_mse_v 18.6099  a0 0.48453  gnorm 52.38  (adaptive loss 1.9986 — flat by design)
[ train_imf ] step 27600  raw_mse_u 20.5188  raw_mse_v 17.5392  a0 0.48810  gnorm 42.31  (adaptive loss 1.9986 — flat by design)
[ train_imf ] step 27800  raw_mse_u 16.1095  raw_mse_v 13.9050  a0 0.28940  gnorm 72.09  (adaptive loss 1.9981 — flat by design)
[ train_imf ] step 28000  raw_mse_u 25.5117  raw_mse_v 22.1794  a0 0.70208  gnorm 48.72  (adaptive loss 1.9987 — flat by design)
[ train_imf ] step 28200  raw_mse_u 21.0970  raw_mse_v 19.1776  a0 0.74248  gnorm 49.02  (adaptive loss 1.9984 — flat by design)
[ train_imf ] step 28400  raw_mse_u 22.0437  raw_mse_v 20.6393  a0 0.50493  gnorm 40.11  (adaptive loss 1.9987 — flat by design)
[ train_imf ] step 28600  raw_mse_u 21.7086  raw_mse_v 17.2290  a0 0.64399  gnorm 62.58  (adaptive loss 1.9984 — flat by design)
[ train_imf ] step 28800  raw_mse_u 20.5697  raw_mse_v 19.3434  a0 0.47787  gnorm 47.37  (adaptive loss 1.9986 — flat by design)
[ train_imf ] step 29000  raw_mse_u 22.2317  raw_mse_v 17.5458  a0 0.32868  gnorm 50.85  (adaptive loss 1.9980 — flat by design)
[ train_imf ] step 29200  raw_mse_u 19.8101  raw_mse_v 20.5679  a0 0.56834  gnorm 78.86  (adaptive loss 1.9986 — flat by design)
[ train_imf ] step 29400  raw_mse_u 22.5211  raw_mse_v 20.3747  a0 0.60291  gnorm 42.27  (adaptive loss 1.9986 — flat by design)
[ train_imf ] step 29600  raw_mse_u 20.8401  raw_mse_v 18.9073  a0 0.33040  gnorm 49.72  (adaptive loss 1.9985 — flat by design)
[ train_imf ] step 29800  raw_mse_u 17.0577  raw_mse_v 16.7758  a0 0.34902  gnorm 40.62  (adaptive loss 1.9984 — flat by design)
[ train_imf ] step 30000  raw_mse_u 22.7518  raw_mse_v 18.8759  a0 0.70114  gnorm 38.37  (adaptive loss 1.9985 — flat by design)
[ train_imf ] step 30200  raw_mse_u 18.9453  raw_mse_v 18.0525  a0 0.54930  gnorm 46.62  (adaptive loss 1.9983 — flat by design)
[ train_imf ] step 30400  raw_mse_u 16.2796  raw_mse_v 15.0356  a0 0.52751  gnorm 62.10  (adaptive loss 1.9980 — flat by design)
[ train_imf ] step 30600  raw_mse_u 19.4438  raw_mse_v 20.0500  a0 0.42424  gnorm 35.01  (adaptive loss 1.9985 — flat by design)
[ train_imf ] step 30800  raw_mse_u 23.5497  raw_mse_v 18.3057  a0 0.59182  gnorm 63.74  (adaptive loss 1.9986 — flat by design)
[ train_imf ] step 31000  raw_mse_u 18.5852  raw_mse_v 16.7039  a0 0.37906  gnorm 39.00  (adaptive loss 1.9984 — flat by design)
[ train_imf ] step 31200  raw_mse_u 16.8114  raw_mse_v 13.6843  a0 0.54582  gnorm 50.20  (adaptive loss 1.9979 — flat by design)
[ train_imf ] step 31400  raw_mse_u 20.2621  raw_mse_v 19.0129  a0 0.51265  gnorm 39.76  (adaptive loss 1.9985 — flat by design)
[ train_imf ] step 31600  raw_mse_u 20.0985  raw_mse_v 20.0685  a0 0.43887  gnorm 35.66  (adaptive loss 1.9986 — flat by design)
[ train_imf ] step 31800  raw_mse_u 21.6841  raw_mse_v 19.2927  a0 0.45774  gnorm 82.00  (adaptive loss 1.9983 — flat by design)
[ train_imf ] step 32000  raw_mse_u 26.6212  raw_mse_v 19.1805  a0 0.62133  gnorm 48.89  (adaptive loss 1.9984 — flat by design)
[ train_imf ] step 32200  raw_mse_u 20.7867  raw_mse_v 15.7945  a0 0.50766  gnorm 48.59  (adaptive loss 1.9983 — flat by design)
[ train_imf ] step 32400  raw_mse_u 21.1261  raw_mse_v 19.9872  a0 0.81718  gnorm 47.11  (adaptive loss 1.9985 — flat by design)
[ train_imf ] step 32600  raw_mse_u 17.2564  raw_mse_v 14.8878  a0 0.20676  gnorm 53.15  (adaptive loss 1.9984 — flat by design)
[ train_imf ] step 32800  raw_mse_u 27.3411  raw_mse_v 17.3806  a0 0.55726  gnorm 44.28  (adaptive loss 1.9981 — flat by design)
[ train_imf ] step 33000  raw_mse_u 16.7034  raw_mse_v 14.9999  a0 0.63745  gnorm 41.23  (adaptive loss 1.9981 — flat by design)
[ train_imf ] step 33200  raw_mse_u 18.4662  raw_mse_v 14.6188  a0 0.47532  gnorm 50.58  (adaptive loss 1.9982 — flat by design)
[ train_imf ] step 33400  raw_mse_u 19.2166  raw_mse_v 17.1514  a0 0.34825  gnorm 70.94  (adaptive loss 1.9984 — flat by design)
[ train_imf ] step 33600  raw_mse_u 32.2427  raw_mse_v 18.6718  a0 0.63184  gnorm 42.48  (adaptive loss 1.9983 — flat by design)
[ train_imf ] step 33800  raw_mse_u 18.6597  raw_mse_v 15.6692  a0 0.58786  gnorm 59.59  (adaptive loss 1.9984 — flat by design)
[ train_imf ] step 34000  raw_mse_u 14.0978  raw_mse_v 11.7417  a0 0.29436  gnorm 66.08  (adaptive loss 1.9978 — flat by design)
[ train_imf ] step 34200  raw_mse_u 60.2014  raw_mse_v 18.0070  a0 1.48843  gnorm 46.43  (adaptive loss 1.9985 — flat by design)
[ train_imf ] step 34400  raw_mse_u 24.6935  raw_mse_v 16.5425  a0 0.40284  gnorm 49.42  (adaptive loss 1.9984 — flat by design)
[ train_imf ] step 34600  raw_mse_u 17.3975  raw_mse_v 15.9646  a0 0.27872  gnorm 57.63  (adaptive loss 1.9983 — flat by design)
[ train_imf ] step 34800  raw_mse_u 16.2776  raw_mse_v 15.7467  a0 0.38460  gnorm 36.51  (adaptive loss 1.9981 — flat by design)
[ train_imf ] step 35000  raw_mse_u 27.4105  raw_mse_v 26.3827  a0 0.52330  gnorm 41.86  (adaptive loss 1.9986 — flat by design)
[ train_imf ] step 35200  raw_mse_u 21.2493  raw_mse_v 18.5750  a0 0.42840  gnorm 46.19  (adaptive loss 1.9983 — flat by design)
[ train_imf ] step 35400  raw_mse_u 18.5537  raw_mse_v 17.0690  a0 0.28881  gnorm 31.57  (adaptive loss 1.9983 — flat by design)
[ train_imf ] step 35600  raw_mse_u 43.8342  raw_mse_v 13.3677  a0 1.12496  gnorm 74.94  (adaptive loss 1.9980 — flat by design)
[ train_imf ] step 35800  raw_mse_u 17.6569  raw_mse_v 14.1581  a0 0.68451  gnorm 59.29  (adaptive loss 1.9981 — flat by design)
[ train_imf ] step 36000  raw_mse_u 17.2151  raw_mse_v 15.2917  a0 0.40273  gnorm 38.39  (adaptive loss 1.9983 — flat by design)
[ train_imf ] step 36200  raw_mse_u 14.2138  raw_mse_v 13.6782  a0 0.34538  gnorm 46.72  (adaptive loss 1.9981 — flat by design)
[ train_imf ] step 36400  raw_mse_u 19.2716  raw_mse_v 12.2634  a0 0.51910  gnorm 60.02  (adaptive loss 1.9981 — flat by design)
[ train_imf ] step 36600  raw_mse_u 18.1120  raw_mse_v 15.5669  a0 0.49576  gnorm 38.67  (adaptive loss 1.9984 — flat by design)
[ train_imf ] step 36800  raw_mse_u 17.5990  raw_mse_v 19.0922  a0 0.45144  gnorm 37.50  (adaptive loss 1.9984 — flat by design)
[ train_imf ] step 37000  raw_mse_u 22.8446  raw_mse_v 17.6236  a0 0.45379  gnorm 43.40  (adaptive loss 1.9984 — flat by design)
[ train_imf ] step 37200  raw_mse_u 17.0348  raw_mse_v 16.0001  a0 0.30489  gnorm 36.89  (adaptive loss 1.9984 — flat by design)
[ train_imf ] step 37400  raw_mse_u 18.1396  raw_mse_v 17.1008  a0 0.40284  gnorm 48.04  (adaptive loss 1.9979 — flat by design)
[ train_imf ] step 37600  raw_mse_u 16.4853  raw_mse_v 14.9662  a0 0.38733  gnorm 31.03  (adaptive loss 1.9983 — flat by design)
[ train_imf ] step 37800  raw_mse_u 19.4907  raw_mse_v 18.3884  a0 0.72634  gnorm 64.20  (adaptive loss 1.9985 — flat by design)
[ train_imf ] step 38000  raw_mse_u 24.2577  raw_mse_v 20.7818  a0 0.72627  gnorm 36.02  (adaptive loss 1.9985 — flat by design)
[ train_imf ] step 38200  raw_mse_u 21.3663  raw_mse_v 19.1475  a0 0.62181  gnorm 33.41  (adaptive loss 1.9982 — flat by design)
[ train_imf ] step 38400  raw_mse_u 25.1811  raw_mse_v 15.1462  a0 0.50639  gnorm 46.24  (adaptive loss 1.9982 — flat by design)
[ train_imf ] step 38600  raw_mse_u 20.5707  raw_mse_v 20.0354  a0 0.46611  gnorm 51.90  (adaptive loss 1.9984 — flat by design)
[ train_imf ] step 38800  raw_mse_u 22.1448  raw_mse_v 14.9566  a0 0.61491  gnorm 54.00  (adaptive loss 1.9980 — flat by design)
[ train_imf ] step 39000  raw_mse_u 24.8635  raw_mse_v 17.3487  a0 0.50947  gnorm 36.83  (adaptive loss 1.9981 — flat by design)
[ train_imf ] step 39200  raw_mse_u 18.1742  raw_mse_v 15.4158  a0 0.46012  gnorm 50.22  (adaptive loss 1.9983 — flat by design)
[ train_imf ] step 39400  raw_mse_u 17.0839  raw_mse_v 13.8102  a0 0.30491  gnorm 46.54  (adaptive loss 1.9981 — flat by design)
[ train_imf ] step 39600  raw_mse_u 15.1552  raw_mse_v 13.4944  a0 0.35464  gnorm 49.01  (adaptive loss 1.9981 — flat by design)
[ train_imf ] step 39800  raw_mse_u 20.0546  raw_mse_v 19.6883  a0 0.38062  gnorm 46.73  (adaptive loss 1.9983 — flat by design)
[ train_imf ] step 40000  raw_mse_u 22.5612  raw_mse_v 23.1427  a0 0.53860  gnorm 65.31  (adaptive loss 1.9981 — flat by design)
[ train_imf ] step 40200  raw_mse_u 21.0395  raw_mse_v 19.0647  a0 0.41793  gnorm 43.37  (adaptive loss 1.9984 — flat by design)
[ train_imf ] step 40400  raw_mse_u 17.0225  raw_mse_v 15.7895  a0 0.32750  gnorm 32.57  (adaptive loss 1.9984 — flat by design)
[ train_imf ] step 40600  raw_mse_u 16.5889  raw_mse_v 15.8126  a0 0.32590  gnorm 51.01  (adaptive loss 1.9982 — flat by design)
[ train_imf ] step 40800  raw_mse_u 17.0998  raw_mse_v 15.0378  a0 0.34668  gnorm 45.77  (adaptive loss 1.9979 — flat by design)
[ train_imf ] step 41000  raw_mse_u 16.7640  raw_mse_v 17.2168  a0 0.23702  gnorm 55.98  (adaptive loss 1.9980 — flat by design)
[ train_imf ] step 41200  raw_mse_u 15.3454  raw_mse_v 13.0687  a0 0.45881  gnorm 60.76  (adaptive loss 1.9979 — flat by design)
[ train_imf ] step 41400  raw_mse_u 13.6246  raw_mse_v 12.3586  a0 0.38693  gnorm 53.52  (adaptive loss 1.9981 — flat by design)
[ train_imf ] step 41600  raw_mse_u 15.7701  raw_mse_v 14.0233  a0 0.30868  gnorm 43.15  (adaptive loss 1.9982 — flat by design)
[ train_imf ] step 41800  raw_mse_u 20.3468  raw_mse_v 13.3603  a0 0.52196  gnorm 44.18  (adaptive loss 1.9980 — flat by design)
[ train_imf ] step 42000  raw_mse_u 20.6908  raw_mse_v 20.1117  a0 0.35219  gnorm 31.06  (adaptive loss 1.9984 — flat by design)
[ train_imf ] step 42200  raw_mse_u 22.9621  raw_mse_v 16.6238  a0 0.67046  gnorm 44.53  (adaptive loss 1.9985 — flat by design)
[ train_imf ] step 42400  raw_mse_u 15.9563  raw_mse_v 16.1656  a0 0.33601  gnorm 49.31  (adaptive loss 1.9981 — flat by design)
[ train_imf ] step 42600  raw_mse_u 21.8776  raw_mse_v 18.1337  a0 0.62931  gnorm 42.34  (adaptive loss 1.9983 — flat by design)
[ train_imf ] step 42800  raw_mse_u 21.0146  raw_mse_v 16.7782  a0 0.41575  gnorm 64.96  (adaptive loss 1.9982 — flat by design)
[ train_imf ] step 43000  raw_mse_u 18.9291  raw_mse_v 15.2577  a0 0.42133  gnorm 43.03  (adaptive loss 1.9984 — flat by design)
[ train_imf ] step 43200  raw_mse_u 16.4625  raw_mse_v 14.7676  a0 0.34647  gnorm 42.38  (adaptive loss 1.9984 — flat by design)
[ train_imf ] step 43400  raw_mse_u 22.3582  raw_mse_v 16.1787  a0 0.34828  gnorm 44.58  (adaptive loss 1.9985 — flat by design)
[ train_imf ] step 43600  raw_mse_u 15.4579  raw_mse_v 15.1066  a0 0.18359  gnorm 56.53  (adaptive loss 1.9983 — flat by design)
[ train_imf ] step 43800  raw_mse_u 17.8287  raw_mse_v 18.6357  a0 0.51708  gnorm 58.89  (adaptive loss 1.9983 — flat by design)
[ train_imf ] step 44000  raw_mse_u 19.1711  raw_mse_v 19.8561  a0 0.33191  gnorm 45.66  (adaptive loss 1.9983 — flat by design)
[ train_imf ] step 44200  raw_mse_u 23.6776  raw_mse_v 15.1896  a0 0.53030  gnorm 43.86  (adaptive loss 1.9980 — flat by design)
[ train_imf ] step 44400  raw_mse_u 14.8287  raw_mse_v 11.7301  a0 0.38754  gnorm 49.69  (adaptive loss 1.9977 — flat by design)
[ train_imf ] step 44600  raw_mse_u 17.8377  raw_mse_v 15.9617  a0 0.38653  gnorm 47.26  (adaptive loss 1.9982 — flat by design)
[ train_imf ] step 44800  raw_mse_u 16.0933  raw_mse_v 15.3708  a0 0.31848  gnorm 46.63  (adaptive loss 1.9983 — flat by design)
[ train_imf ] step 45000  raw_mse_u 19.0278  raw_mse_v 17.4308  a0 0.39712  gnorm 48.78  (adaptive loss 1.9986 — flat by design)
[ train_imf ] step 45200  raw_mse_u 18.1123  raw_mse_v 18.1737  a0 0.30756  gnorm 43.45  (adaptive loss 1.9984 — flat by design)
[ train_imf ] step 45400  raw_mse_u 15.4709  raw_mse_v 12.2441  a0 0.32778  gnorm 36.21  (adaptive loss 1.9981 — flat by design)
[ train_imf ] step 45600  raw_mse_u 15.5974  raw_mse_v 14.8130  a0 0.30555  gnorm 49.46  (adaptive loss 1.9981 — flat by design)
[ train_imf ] step 45800  raw_mse_u 17.3098  raw_mse_v 17.4489  a0 0.46082  gnorm 49.04  (adaptive loss 1.9981 — flat by design)
[ train_imf ] step 46000  raw_mse_u 42.6188  raw_mse_v 17.0800  a0 0.80615  gnorm 48.57  (adaptive loss 1.9983 — flat by design)
[ train_imf ] step 46200  raw_mse_u 15.4013  raw_mse_v 15.3681  a0 0.29729  gnorm 47.18  (adaptive loss 1.9980 — flat by design)
[ train_imf ] step 46400  raw_mse_u 16.4274  raw_mse_v 14.9160  a0 0.29989  gnorm 56.04  (adaptive loss 1.9983 — flat by design)
[ train_imf ] step 46600  raw_mse_u 17.5330  raw_mse_v 15.0287  a0 0.29123  gnorm 44.42  (adaptive loss 1.9982 — flat by design)
[ train_imf ] step 46800  raw_mse_u 18.7500  raw_mse_v 13.8958  a0 0.51588  gnorm 33.32  (adaptive loss 1.9981 — flat by design)
[ train_imf ] step 47000  raw_mse_u 12.9632  raw_mse_v 11.9819  a0 0.26337  gnorm 35.06  (adaptive loss 1.9978 — flat by design)
[ train_imf ] step 47200  raw_mse_u 24.4334  raw_mse_v 20.9881  a0 0.41322  gnorm 86.93  (adaptive loss 1.9986 — flat by design)
[ train_imf ] step 47400  raw_mse_u 18.0924  raw_mse_v 18.4073  a0 0.28567  gnorm 37.85  (adaptive loss 1.9984 — flat by design)
[ train_imf ] step 47600  raw_mse_u 27.9462  raw_mse_v 20.7695  a0 0.60884  gnorm 28.43  (adaptive loss 1.9984 — flat by design)
[ train_imf ] step 47800  raw_mse_u 15.6339  raw_mse_v 11.8100  a0 0.37274  gnorm 65.76  (adaptive loss 1.9976 — flat by design)
[ train_imf ] step 48000  raw_mse_u 14.1587  raw_mse_v 10.4247  a0 0.25468  gnorm 49.75  (adaptive loss 1.9975 — flat by design)
[ train_imf ] step 48200  raw_mse_u 16.7686  raw_mse_v 15.9547  a0 0.38956  gnorm 35.69  (adaptive loss 1.9981 — flat by design)
[ train_imf ] step 48400  raw_mse_u 15.1302  raw_mse_v 13.2899  a0 0.37128  gnorm 42.18  (adaptive loss 1.9981 — flat by design)
[ train_imf ] step 48600  raw_mse_u 18.2835  raw_mse_v 16.9675  a0 0.44625  gnorm 45.99  (adaptive loss 1.9981 — flat by design)
[ train_imf ] step 48800  raw_mse_u 24.7634  raw_mse_v 14.3491  a0 0.40518  gnorm 59.98  (adaptive loss 1.9977 — flat by design)
[ train_imf ] step 49000  raw_mse_u 34.3220  raw_mse_v 18.5096  a0 0.84801  gnorm 40.34  (adaptive loss 1.9986 — flat by design)
[ train_imf ] step 49200  raw_mse_u 19.4880  raw_mse_v 18.2875  a0 0.48868  gnorm 53.02  (adaptive loss 1.9980 — flat by design)
[ train_imf ] step 49400  raw_mse_u 15.5789  raw_mse_v 15.3645  a0 0.57879  gnorm 42.78  (adaptive loss 1.9979 — flat by design)
[ train_imf ] step 49600  raw_mse_u 15.8994  raw_mse_v 13.8493  a0 0.38072  gnorm 37.11  (adaptive loss 1.9980 — flat by design)
[ train_imf ] step 49800  raw_mse_u 20.2200  raw_mse_v 15.8668  a0 0.50807  gnorm 42.35  (adaptive loss 1.9985 — flat by design)
[ train_imf ] step 50000  raw_mse_u 30.9455  raw_mse_v 15.6242  a0 0.64701  gnorm 33.76  (adaptive loss 1.9981 — flat by design)
[ train_imf ] step 50200  raw_mse_u 18.1122  raw_mse_v 15.4762  a0 0.49872  gnorm 51.60  (adaptive loss 1.9981 — flat by design)
[ train_imf ] step 50400  raw_mse_u 18.5688  raw_mse_v 13.6155  a0 0.57270  gnorm 39.55  (adaptive loss 1.9982 — flat by design)
[ train_imf ] step 50600  raw_mse_u 17.1008  raw_mse_v 12.9006  a0 0.43738  gnorm 47.77  (adaptive loss 1.9978 — flat by design)
[ train_imf ] step 50800  raw_mse_u 15.5154  raw_mse_v 16.2773  a0 0.31107  gnorm 46.42  (adaptive loss 1.9983 — flat by design)
[ train_imf ] step 51000  raw_mse_u 20.4209  raw_mse_v 15.8347  a0 0.33668  gnorm 56.05  (adaptive loss 1.9980 — flat by design)
[ train_imf ] step 51200  raw_mse_u 24.8713  raw_mse_v 22.0103  a0 0.57042  gnorm 47.52  (adaptive loss 1.9980 — flat by design)
[ train_imf ] step 51400  raw_mse_u 17.8396  raw_mse_v 18.4879  a0 0.34130  gnorm 41.87  (adaptive loss 1.9977 — flat by design)
[ train_imf ] step 51600  raw_mse_u 15.1531  raw_mse_v 13.4937  a0 0.48327  gnorm 30.59  (adaptive loss 1.9982 — flat by design)
[ train_imf ] step 51800  raw_mse_u 22.3493  raw_mse_v 17.1674  a0 0.41927  gnorm 61.04  (adaptive loss 1.9981 — flat by design)
[ train_imf ] step 52000  raw_mse_u 20.6562  raw_mse_v 13.8612  a0 0.68514  gnorm 41.99  (adaptive loss 1.9980 — flat by design)
[ train_imf ] step 52200  raw_mse_u 19.3866  raw_mse_v 11.2885  a0 0.30125  gnorm 38.64  (adaptive loss 1.9977 — flat by design)
[ train_imf ] step 52400  raw_mse_u 14.7095  raw_mse_v 13.3078  a0 0.24106  gnorm 36.92  (adaptive loss 1.9979 — flat by design)
[ train_imf ] step 52600  raw_mse_u 13.7926  raw_mse_v 12.6041  a0 0.20645  gnorm 49.30  (adaptive loss 1.9978 — flat by design)
[ train_imf ] step 52800  raw_mse_u 21.4579  raw_mse_v 14.2765  a0 0.64625  gnorm 60.45  (adaptive loss 1.9979 — flat by design)
[ train_imf ] step 53000  raw_mse_u 24.6732  raw_mse_v 19.0836  a0 0.36899  gnorm 35.88  (adaptive loss 1.9982 — flat by design)
[ train_imf ] step 53200  raw_mse_u 14.7398  raw_mse_v 13.8092  a0 0.28611  gnorm 35.99  (adaptive loss 1.9981 — flat by design)
[ train_imf ] step 53400  raw_mse_u 14.2879  raw_mse_v 13.0204  a0 0.35807  gnorm 69.00  (adaptive loss 1.9981 — flat by design)
[ train_imf ] step 53600  raw_mse_u 14.2673  raw_mse_v 15.4172  a0 0.27542  gnorm 34.31  (adaptive loss 1.9980 — flat by design)
[ train_imf ] step 53800  raw_mse_u 17.2065  raw_mse_v 16.0654  a0 0.43513  gnorm 31.75  (adaptive loss 1.9983 — flat by design)
[ train_imf ] step 54000  raw_mse_u 22.4341  raw_mse_v 18.8513  a0 0.70966  gnorm 45.52  (adaptive loss 1.9983 — flat by design)
[ train_imf ] step 54200  raw_mse_u 15.3209  raw_mse_v 14.3809  a0 0.33533  gnorm 42.80  (adaptive loss 1.9981 — flat by design)
[ train_imf ] step 54400  raw_mse_u 20.9714  raw_mse_v 20.2678  a0 0.52752  gnorm 38.72  (adaptive loss 1.9984 — flat by design)
[ train_imf ] step 54600  raw_mse_u 17.3965  raw_mse_v 14.6109  a0 0.31390  gnorm 48.36  (adaptive loss 1.9983 — flat by design)
[ train_imf ] step 54800  raw_mse_u 14.2873  raw_mse_v 12.9914  a0 0.37449  gnorm 46.88  (adaptive loss 1.9976 — flat by design)
[ train_imf ] step 55000  raw_mse_u 20.4355  raw_mse_v 14.9557  a0 0.41885  gnorm 41.25  (adaptive loss 1.9979 — flat by design)
[ train_imf ] step 55200  raw_mse_u 32.4315  raw_mse_v 17.3757  a0 0.76325  gnorm 42.33  (adaptive loss 1.9980 — flat by design)
[ train_imf ] step 55400  raw_mse_u 94.5094  raw_mse_v 14.2383  a0 1.83403  gnorm 38.54  (adaptive loss 1.9980 — flat by design)
[ train_imf ] step 55600  raw_mse_u 31.2761  raw_mse_v 14.3282  a0 0.62367  gnorm 42.37  (adaptive loss 1.9981 — flat by design)
[ train_imf ] step 55800  raw_mse_u 34.5624  raw_mse_v 19.2008  a0 0.39184  gnorm 38.01  (adaptive loss 1.9986 — flat by design)
[ train_imf ] step 56000  raw_mse_u 14.6579  raw_mse_v 12.5142  a0 0.21074  gnorm 46.42  (adaptive loss 1.9978 — flat by design)
[ train_imf ] step 56200  raw_mse_u 19.3788  raw_mse_v 11.6489  a0 0.40447  gnorm 42.73  (adaptive loss 1.9977 — flat by design)
[ train_imf ] step 56400  raw_mse_u 21.5280  raw_mse_v 19.4366  a0 0.51379  gnorm 63.11  (adaptive loss 1.9984 — flat by design)
[ train_imf ] step 56600  raw_mse_u 17.2436  raw_mse_v 17.7865  a0 0.52728  gnorm 38.90  (adaptive loss 1.9982 — flat by design)
[ train_imf ] step 56800  raw_mse_u 20.5228  raw_mse_v 18.9827  a0 0.49961  gnorm 45.62  (adaptive loss 1.9979 — flat by design)
[ train_imf ] step 57000  raw_mse_u 16.6061  raw_mse_v 14.0255  a0 0.26882  gnorm 40.56  (adaptive loss 1.9978 — flat by design)
[ train_imf ] step 57200  raw_mse_u 20.2294  raw_mse_v 16.5107  a0 0.73568  gnorm 41.40  (adaptive loss 1.9983 — flat by design)
[ train_imf ] step 57400  raw_mse_u 21.7475  raw_mse_v 16.0315  a0 0.34862  gnorm 48.83  (adaptive loss 1.9981 — flat by design)
[ train_imf ] step 57600  raw_mse_u 30.1792  raw_mse_v 13.0596  a0 0.65071  gnorm 46.39  (adaptive loss 1.9977 — flat by design)
[ train_imf ] step 57800  raw_mse_u 13.4687  raw_mse_v 13.4491  a0 0.29804  gnorm 44.71  (adaptive loss 1.9976 — flat by design)
[ train_imf ] step 58000  raw_mse_u 16.6233  raw_mse_v 13.2422  a0 0.49193  gnorm 26.32  (adaptive loss 1.9979 — flat by design)
[ train_imf ] step 58200  raw_mse_u 20.2886  raw_mse_v 18.8359  a0 0.72022  gnorm 55.90  (adaptive loss 1.9984 — flat by design)
[ train_imf ] step 58400  raw_mse_u 16.1124  raw_mse_v 14.8269  a0 0.37307  gnorm 51.00  (adaptive loss 1.9978 — flat by design)
[ train_imf ] step 58600  raw_mse_u 70.0572  raw_mse_v 15.5470  a0 0.90292  gnorm 31.99  (adaptive loss 1.9980 — flat by design)
[ train_imf ] step 58800  raw_mse_u 27.3339  raw_mse_v 15.2849  a0 0.84937  gnorm 36.58  (adaptive loss 1.9980 — flat by design)
[ train_imf ] step 59000  raw_mse_u 13.7402  raw_mse_v 12.6341  a0 0.28502  gnorm 35.12  (adaptive loss 1.9980 — flat by design)
[ train_imf ] step 59200  raw_mse_u 22.5775  raw_mse_v 15.9729  a0 0.33471  gnorm 60.12  (adaptive loss 1.9979 — flat by design)
[ train_imf ] step 59400  raw_mse_u 13.2450  raw_mse_v 13.6200  a0 0.26913  gnorm 48.09  (adaptive loss 1.9975 — flat by design)
[ train_imf ] step 59600  raw_mse_u 16.9475  raw_mse_v 11.8105  a0 0.29492  gnorm 52.64  (adaptive loss 1.9977 — flat by design)
[ train_imf ] step 59800  raw_mse_u 14.6607  raw_mse_v 13.6579  a0 0.32887  gnorm 38.65  (adaptive loss 1.9979 — flat by design)
[ train_imf ] step 60000  raw_mse_u 13.5120  raw_mse_v 15.4931  a0 0.28918  gnorm 44.58  (adaptive loss 1.9978 — flat by design)
[ train_imf ] step 60200  raw_mse_u 13.0993  raw_mse_v 11.9248  a0 0.24684  gnorm 35.89  (adaptive loss 1.9977 — flat by design)
[ train_imf ] step 60400  raw_mse_u 18.2036  raw_mse_v 13.3714  a0 0.58012  gnorm 57.78  (adaptive loss 1.9976 — flat by design)
[ train_imf ] step 60600  raw_mse_u 29.9805  raw_mse_v 19.4514  a0 0.53445  gnorm 47.75  (adaptive loss 1.9975 — flat by design)
[ train_imf ] step 60800  raw_mse_u 18.6107  raw_mse_v 13.5569  a0 0.56495  gnorm 34.40  (adaptive loss 1.9978 — flat by design)
[ train_imf ] step 61000  raw_mse_u 14.2128  raw_mse_v 12.7320  a0 0.58538  gnorm 39.12  (adaptive loss 1.9979 — flat by design)
[ train_imf ] step 61200  raw_mse_u 21.2491  raw_mse_v 17.7812  a0 0.59436  gnorm 33.44  (adaptive loss 1.9985 — flat by design)
[ train_imf ] step 61400  raw_mse_u 18.7264  raw_mse_v 17.2554  a0 0.29891  gnorm 56.66  (adaptive loss 1.9979 — flat by design)
[ train_imf ] step 61600  raw_mse_u 18.7622  raw_mse_v 15.6214  a0 0.48129  gnorm 43.32  (adaptive loss 1.9980 — flat by design)
[ train_imf ] step 61800  raw_mse_u 13.4186  raw_mse_v 13.4591  a0 0.30410  gnorm 72.66  (adaptive loss 1.9977 — flat by design)
[ train_imf ] step 62000  raw_mse_u 17.4747  raw_mse_v 16.2772  a0 0.34262  gnorm 49.09  (adaptive loss 1.9979 — flat by design)
[ train_imf ] step 62200  raw_mse_u 19.0651  raw_mse_v 18.9256  a0 0.50200  gnorm 34.88  (adaptive loss 1.9982 — flat by design)
[ train_imf ] step 62400  raw_mse_u 14.3184  raw_mse_v 14.0180  a0 0.23653  gnorm 38.60  (adaptive loss 1.9981 — flat by design)
[ train_imf ] step 62600  raw_mse_u 13.1195  raw_mse_v 12.6817  a0 0.18405  gnorm 43.79  (adaptive loss 1.9977 — flat by design)
[ train_imf ] step 62800  raw_mse_u 11.6088  raw_mse_v 11.9533  a0 0.17315  gnorm 42.81  (adaptive loss 1.9975 — flat by design)
[ train_imf ] step 63000  raw_mse_u 19.1907  raw_mse_v 16.1444  a0 0.60676  gnorm 49.13  (adaptive loss 1.9979 — flat by design)
[ train_imf ] step 63200  raw_mse_u 28.3457  raw_mse_v 17.1997  a0 0.84629  gnorm 35.28  (adaptive loss 1.9982 — flat by design)
[ train_imf ] step 63400  raw_mse_u 14.1312  raw_mse_v 13.5594  a0 0.29306  gnorm 37.16  (adaptive loss 1.9980 — flat by design)
[ train_imf ] step 63600  raw_mse_u 14.9209  raw_mse_v 16.6223  a0 0.50730  gnorm 50.46  (adaptive loss 1.9982 — flat by design)
[ train_imf ] step 63800  raw_mse_u 21.6937  raw_mse_v 14.2491  a0 0.42043  gnorm 44.62  (adaptive loss 1.9978 — flat by design)
[ train_imf ] step 64000  raw_mse_u 33.2464  raw_mse_v 15.0283  a0 0.98878  gnorm 42.83  (adaptive loss 1.9975 — flat by design)
[ train_imf ] step 64200  raw_mse_u 22.0031  raw_mse_v 16.0656  a0 0.42244  gnorm 26.96  (adaptive loss 1.9979 — flat by design)
[ train_imf ] step 64400  raw_mse_u 17.1217  raw_mse_v 10.9263  a0 0.33782  gnorm 54.14  (adaptive loss 1.9978 — flat by design)
[ train_imf ] step 64600  raw_mse_u 14.5229  raw_mse_v 13.4976  a0 0.32705  gnorm 27.57  (adaptive loss 1.9978 — flat by design)
[ train_imf ] step 64800  raw_mse_u 12.9949  raw_mse_v 10.2024  a0 0.66210  gnorm 45.22  (adaptive loss 1.9972 — flat by design)
[ train_imf ] step 65000  raw_mse_u 19.6114  raw_mse_v 16.7707  a0 0.36306  gnorm 48.97  (adaptive loss 1.9982 — flat by design)
[ train_imf ] step 65200  raw_mse_u 17.2857  raw_mse_v 15.1380  a0 0.53835  gnorm 33.42  (adaptive loss 1.9978 — flat by design)
[ train_imf ] step 65400  raw_mse_u 14.1211  raw_mse_v 12.7145  a0 0.57629  gnorm 46.17  (adaptive loss 1.9979 — flat by design)
[ train_imf ] step 65600  raw_mse_u 14.0202  raw_mse_v 11.7319  a0 0.24407  gnorm 46.72  (adaptive loss 1.9977 — flat by design)
[ train_imf ] step 65800  raw_mse_u 23.9027  raw_mse_v 23.8745  a0 0.43243  gnorm 29.16  (adaptive loss 1.9985 — flat by design)
[ train_imf ] step 66000  raw_mse_u 15.5029  raw_mse_v 12.8483  a0 0.42190  gnorm 55.77  (adaptive loss 1.9981 — flat by design)
[ train_imf ] step 66200  raw_mse_u 14.4893  raw_mse_v 15.3054  a0 0.23160  gnorm 65.85  (adaptive loss 1.9982 — flat by design)
[ train_imf ] step 66400  raw_mse_u 13.1984  raw_mse_v 11.9128  a0 0.46918  gnorm 36.14  (adaptive loss 1.9976 — flat by design)
[ train_imf ] step 66600  raw_mse_u 15.8959  raw_mse_v 13.3644  a0 0.33003  gnorm 39.64  (adaptive loss 1.9978 — flat by design)
[ train_imf ] step 66800  raw_mse_u 16.2256  raw_mse_v 15.8182  a0 0.22205  gnorm 31.93  (adaptive loss 1.9983 — flat by design)
[ train_imf ] step 67000  raw_mse_u 23.7615  raw_mse_v 18.8164  a0 0.40990  gnorm 34.18  (adaptive loss 1.9981 — flat by design)
[ train_imf ] step 67200  raw_mse_u 15.0312  raw_mse_v 15.0734  a0 0.25038  gnorm 32.60  (adaptive loss 1.9980 — flat by design)
[ train_imf ] step 67400  raw_mse_u 25.4634  raw_mse_v 14.5686  a0 0.52162  gnorm 38.75  (adaptive loss 1.9980 — flat by design)
[ train_imf ] step 67600  raw_mse_u 18.3043  raw_mse_v 17.3466  a0 0.52729  gnorm 32.09  (adaptive loss 1.9985 — flat by design)
[ train_imf ] step 67800  raw_mse_u 20.1505  raw_mse_v 16.1833  a0 0.34175  gnorm 35.64  (adaptive loss 1.9982 — flat by design)
[ train_imf ] step 68000  raw_mse_u 12.7883  raw_mse_v 10.9985  a0 0.21110  gnorm 43.86  (adaptive loss 1.9978 — flat by design)
[ train_imf ] step 68200  raw_mse_u 25.3148  raw_mse_v 20.5879  a0 0.54875  gnorm 43.28  (adaptive loss 1.9981 — flat by design)
[ train_imf ] step 68400  raw_mse_u 25.7161  raw_mse_v 20.9189  a0 0.68106  gnorm 40.49  (adaptive loss 1.9981 — flat by design)
[ train_imf ] step 68600  raw_mse_u 15.4739  raw_mse_v 15.9474  a0 0.37530  gnorm 34.99  (adaptive loss 1.9977 — flat by design)
[ train_imf ] step 68800  raw_mse_u 13.9885  raw_mse_v 13.0309  a0 0.28993  gnorm 27.08  (adaptive loss 1.9977 — flat by design)
[ train_imf ] step 69000  raw_mse_u 30.3768  raw_mse_v 11.7615  a0 1.41278  gnorm 45.82  (adaptive loss 1.9978 — flat by design)
[ train_imf ] step 69200  raw_mse_u 16.3838  raw_mse_v 16.4601  a0 0.40034  gnorm 37.39  (adaptive loss 1.9978 — flat by design)
[ train_imf ] step 69400  raw_mse_u 18.1731  raw_mse_v 16.9661  a0 0.28660  gnorm 39.24  (adaptive loss 1.9976 — flat by design)
[ train_imf ] step 69600  raw_mse_u 15.2425  raw_mse_v 15.6842  a0 0.32800  gnorm 54.59  (adaptive loss 1.9973 — flat by design)
[ train_imf ] step 69800  raw_mse_u 17.4126  raw_mse_v 17.1303  a0 0.33391  gnorm 46.97  (adaptive loss 1.9981 — flat by design)
[ train_imf ] step 70000  raw_mse_u 12.5772  raw_mse_v 12.5377  a0 0.34766  gnorm 48.05  (adaptive loss 1.9976 — flat by design)
[ train_imf ] step 70200  raw_mse_u 12.1182  raw_mse_v 9.3729  a0 0.23199  gnorm 41.44  (adaptive loss 1.9976 — flat by design)
[ train_imf ] step 70400  raw_mse_u 19.8894  raw_mse_v 16.9194  a0 0.38349  gnorm 38.67  (adaptive loss 1.9982 — flat by design)
[ train_imf ] step 70600  raw_mse_u 11.9919  raw_mse_v 12.9178  a0 0.20634  gnorm 43.15  (adaptive loss 1.9976 — flat by design)
[ train_imf ] step 70800  raw_mse_u 15.1808  raw_mse_v 13.6703  a0 0.39787  gnorm 29.72  (adaptive loss 1.9980 — flat by design)
[ train_imf ] step 71000  raw_mse_u 16.1036  raw_mse_v 12.8116  a0 0.33856  gnorm 33.53  (adaptive loss 1.9979 — flat by design)
[ train_imf ] step 71200  raw_mse_u 39.2173  raw_mse_v 18.0570  a0 1.27841  gnorm 45.34  (adaptive loss 1.9980 — flat by design)
[ train_imf ] step 71400  raw_mse_u 17.5849  raw_mse_v 14.3861  a0 0.33210  gnorm 43.07  (adaptive loss 1.9976 — flat by design)
[ train_imf ] step 71600  raw_mse_u 17.4906  raw_mse_v 13.7717  a0 0.37612  gnorm 43.94  (adaptive loss 1.9981 — flat by design)
[ train_imf ] step 71800  raw_mse_u 23.6225  raw_mse_v 20.5277  a0 0.52687  gnorm 30.32  (adaptive loss 1.9979 — flat by design)
[ train_imf ] step 72000  raw_mse_u 19.2176  raw_mse_v 17.9912  a0 0.28883  gnorm 35.93  (adaptive loss 1.9982 — flat by design)
[ train_imf ] step 72200  raw_mse_u 17.2905  raw_mse_v 16.3325  a0 0.44987  gnorm 44.71  (adaptive loss 1.9978 — flat by design)
[ train_imf ] step 72400  raw_mse_u 13.2385  raw_mse_v 10.7467  a0 0.24918  gnorm 49.71  (adaptive loss 1.9977 — flat by design)
[ train_imf ] step 72600  raw_mse_u 14.8150  raw_mse_v 14.0757  a0 0.37703  gnorm 45.31  (adaptive loss 1.9976 — flat by design)
[ train_imf ] step 72800  raw_mse_u 16.1800  raw_mse_v 13.7584  a0 0.37136  gnorm 40.02  (adaptive loss 1.9980 — flat by design)
[ train_imf ] step 73000  raw_mse_u 18.9079  raw_mse_v 15.5365  a0 0.40300  gnorm 38.53  (adaptive loss 1.9981 — flat by design)
[ train_imf ] step 73200  raw_mse_u 15.1534  raw_mse_v 15.7876  a0 0.46319  gnorm 26.66  (adaptive loss 1.9980 — flat by design)
[ train_imf ] step 73400  raw_mse_u 19.9771  raw_mse_v 16.5593  a0 0.52421  gnorm 43.21  (adaptive loss 1.9980 — flat by design)
[ train_imf ] step 73600  raw_mse_u 15.5695  raw_mse_v 13.1136  a0 0.23735  gnorm 33.22  (adaptive loss 1.9979 — flat by design)
[ train_imf ] step 73800  raw_mse_u 17.0853  raw_mse_v 13.0853  a0 0.25671  gnorm 23.52  (adaptive loss 1.9977 — flat by design)
[ train_imf ] step 74000  raw_mse_u 25.4906  raw_mse_v 19.9166  a0 0.54704  gnorm 48.57  (adaptive loss 1.9983 — flat by design)
[ train_imf ] step 74200  raw_mse_u 32.0714  raw_mse_v 17.9421  a0 0.87962  gnorm 63.32  (adaptive loss 1.9980 — flat by design)
[ train_imf ] step 74400  raw_mse_u 23.2759  raw_mse_v 18.0856  a0 0.34931  gnorm 33.92  (adaptive loss 1.9985 — flat by design)
[ train_imf ] step 74600  raw_mse_u 12.8512  raw_mse_v 12.5020  a0 0.28455  gnorm 29.53  (adaptive loss 1.9981 — flat by design)
[ train_imf ] step 74800  raw_mse_u 13.9027  raw_mse_v 13.6131  a0 0.29228  gnorm 46.34  (adaptive loss 1.9981 — flat by design)
[ train_imf ] step 75000  raw_mse_u 13.9555  raw_mse_v 14.2393  a0 0.24163  gnorm 44.67  (adaptive loss 1.9979 — flat by design)
[ train_imf ] step 75200  raw_mse_u 14.3726  raw_mse_v 15.9241  a0 0.33446  gnorm 35.21  (adaptive loss 1.9979 — flat by design)
[ train_imf ] step 75400  raw_mse_u 20.7350  raw_mse_v 16.1197  a0 0.68548  gnorm 36.79  (adaptive loss 1.9981 — flat by design)
[ train_imf ] step 75600  raw_mse_u 24.6827  raw_mse_v 17.6247  a0 0.60317  gnorm 39.73  (adaptive loss 1.9978 — flat by design)
[ train_imf ] step 75800  raw_mse_u 14.5919  raw_mse_v 15.4389  a0 0.24800  gnorm 36.70  (adaptive loss 1.9977 — flat by design)
[ train_imf ] step 76000  raw_mse_u 18.4101  raw_mse_v 17.6949  a0 0.45327  gnorm 46.51  (adaptive loss 1.9978 — flat by design)
[ train_imf ] step 76200  raw_mse_u 9.9682  raw_mse_v 9.6415  a0 0.15465  gnorm 73.00  (adaptive loss 1.9976 — flat by design)
[ train_imf ] step 76400  raw_mse_u 15.3978  raw_mse_v 13.6665  a0 0.34157  gnorm 60.08  (adaptive loss 1.9980 — flat by design)
[ train_imf ] step 76600  raw_mse_u 13.5866  raw_mse_v 13.6029  a0 0.18792  gnorm 27.58  (adaptive loss 1.9979 — flat by design)
[ train_imf ] step 76800  raw_mse_u 16.4421  raw_mse_v 15.1859  a0 0.28707  gnorm 45.28  (adaptive loss 1.9978 — flat by design)
[ train_imf ] step 77000  raw_mse_u 14.5261  raw_mse_v 12.2437  a0 0.23791  gnorm 49.49  (adaptive loss 1.9975 — flat by design)
[ train_imf ] step 77200  raw_mse_u 18.5946  raw_mse_v 15.1873  a0 0.58960  gnorm 58.06  (adaptive loss 1.9980 — flat by design)
[ train_imf ] step 77400  raw_mse_u 14.5494  raw_mse_v 13.0985  a0 0.20535  gnorm 38.56  (adaptive loss 1.9974 — flat by design)
[ train_imf ] step 77600  raw_mse_u 20.2729  raw_mse_v 19.2313  a0 0.89982  gnorm 53.10  (adaptive loss 1.9982 — flat by design)
[ train_imf ] step 77800  raw_mse_u 18.9034  raw_mse_v 16.1197  a0 0.65130  gnorm 38.09  (adaptive loss 1.9979 — flat by design)
[ train_imf ] step 78000  raw_mse_u 33.4841  raw_mse_v 12.4000  a0 1.29259  gnorm 55.16  (adaptive loss 1.9974 — flat by design)
[ train_imf ] step 78200  raw_mse_u 21.6058  raw_mse_v 15.7143  a0 0.68398  gnorm 32.47  (adaptive loss 1.9981 — flat by design)
[ train_imf ] step 78400  raw_mse_u 20.4256  raw_mse_v 19.4178  a0 0.43680  gnorm 28.82  (adaptive loss 1.9982 — flat by design)
[ train_imf ] step 78600  raw_mse_u 16.2283  raw_mse_v 13.8295  a0 0.43815  gnorm 45.60  (adaptive loss 1.9979 — flat by design)
[ train_imf ] step 78800  raw_mse_u 15.0402  raw_mse_v 14.6328  a0 0.22262  gnorm 30.25  (adaptive loss 1.9982 — flat by design)
[ train_imf ] step 79000  raw_mse_u 19.7511  raw_mse_v 15.6707  a0 0.51095  gnorm 34.75  (adaptive loss 1.9978 — flat by design)
[ train_imf ] step 79200  raw_mse_u 45.2328  raw_mse_v 13.4314  a0 1.55445  gnorm 37.39  (adaptive loss 1.9974 — flat by design)
[ train_imf ] step 79400  raw_mse_u 17.6109  raw_mse_v 14.8819  a0 0.30255  gnorm 24.77  (adaptive loss 1.9981 — flat by design)
[ train_imf ] step 79600  raw_mse_u 19.3522  raw_mse_v 16.0371  a0 0.38305  gnorm 35.53  (adaptive loss 1.9981 — flat by design)
[ train_imf ] step 79800  raw_mse_u 13.5968  raw_mse_v 14.2440  a0 0.29143  gnorm 40.42  (adaptive loss 1.9973 — flat by design)
[ train_imf ] step 80000  raw_mse_u 14.8788  raw_mse_v 13.9897  a0 0.29109  gnorm 30.96  (adaptive loss 1.9979 — flat by design)
[ train_imf ] step 80200  raw_mse_u 22.7845  raw_mse_v 20.7008  a0 0.44632  gnorm 49.61  (adaptive loss 1.9983 — flat by design)
[ train_imf ] step 80400  raw_mse_u 315.8078  raw_mse_v 13.2642  a0 1.12404  gnorm 51.67  (adaptive loss 1.9971 — flat by design)
[ train_imf ] step 80600  raw_mse_u 17.6230  raw_mse_v 14.2679  a0 0.49980  gnorm 29.21  (adaptive loss 1.9980 — flat by design)
[ train_imf ] step 80800  raw_mse_u 12.7415  raw_mse_v 11.2136  a0 0.35590  gnorm 60.61  (adaptive loss 1.9978 — flat by design)
[ train_imf ] step 81000  raw_mse_u 12.4130  raw_mse_v 11.6999  a0 0.19371  gnorm 46.21  (adaptive loss 1.9977 — flat by design)
[ train_imf ] step 81200  raw_mse_u 18.0001  raw_mse_v 14.8712  a0 0.15150  gnorm 35.24  (adaptive loss 1.9979 — flat by design)
[ train_imf ] step 81400  raw_mse_u 28.2605  raw_mse_v 17.0951  a0 0.35869  gnorm 34.45  (adaptive loss 1.9976 — flat by design)
[ train_imf ] step 81600  raw_mse_u 19.1057  raw_mse_v 15.3933  a0 0.55980  gnorm 24.62  (adaptive loss 1.9979 — flat by design)
[ train_imf ] step 81800  raw_mse_u 15.0631  raw_mse_v 13.8529  a0 0.20940  gnorm 37.93  (adaptive loss 1.9980 — flat by design)
[ train_imf ] step 82000  raw_mse_u 14.1128  raw_mse_v 12.7121  a0 0.40145  gnorm 32.61  (adaptive loss 1.9978 — flat by design)
[ train_imf ] step 82200  raw_mse_u 20.1907  raw_mse_v 13.5056  a0 0.27506  gnorm 28.01  (adaptive loss 1.9974 — flat by design)
[ train_imf ] step 82400  raw_mse_u 13.7101  raw_mse_v 12.9311  a0 0.39116  gnorm 34.13  (adaptive loss 1.9977 — flat by design)
[ train_imf ] step 82600  raw_mse_u 12.1736  raw_mse_v 11.1069  a0 0.33499  gnorm 29.77  (adaptive loss 1.9976 — flat by design)
[ train_imf ] step 82800  raw_mse_u 15.3303  raw_mse_v 12.5725  a0 0.35977  gnorm 39.04  (adaptive loss 1.9974 — flat by design)
[ train_imf ] step 83000  raw_mse_u 16.4112  raw_mse_v 15.9939  a0 0.30701  gnorm 36.97  (adaptive loss 1.9975 — flat by design)
[ train_imf ] step 83200  raw_mse_u 13.6256  raw_mse_v 14.0143  a0 0.18477  gnorm 50.15  (adaptive loss 1.9977 — flat by design)
[ train_imf ] step 83400  raw_mse_u 20.8669  raw_mse_v 18.9559  a0 0.36297  gnorm 30.58  (adaptive loss 1.9983 — flat by design)
[ train_imf ] step 83600  raw_mse_u 30.6784  raw_mse_v 16.0119  a0 0.51823  gnorm 30.99  (adaptive loss 1.9979 — flat by design)
[ train_imf ] step 83800  raw_mse_u 16.6657  raw_mse_v 16.2949  a0 0.30724  gnorm 36.28  (adaptive loss 1.9979 — flat by design)
[ train_imf ] step 84000  raw_mse_u 128.2443  raw_mse_v 9.6610  a0 2.52430  gnorm 41.23  (adaptive loss 1.9968 — flat by design)
[ train_imf ] step 84200  raw_mse_u 22.5837  raw_mse_v 20.7137  a0 0.39996  gnorm 42.64  (adaptive loss 1.9984 — flat by design)
[ train_imf ] step 84400  raw_mse_u 15.5251  raw_mse_v 13.7327  a0 0.21731  gnorm 24.03  (adaptive loss 1.9980 — flat by design)
[ train_imf ] step 84600  raw_mse_u 19.9710  raw_mse_v 13.1758  a0 0.51998  gnorm 29.88  (adaptive loss 1.9978 — flat by design)
[ train_imf ] step 84800  raw_mse_u 15.9385  raw_mse_v 17.8465  a0 0.31287  gnorm 39.98  (adaptive loss 1.9982 — flat by design)
[ train_imf ] step 85000  raw_mse_u 16.2338  raw_mse_v 14.5855  a0 0.30563  gnorm 36.14  (adaptive loss 1.9980 — flat by design)
[ train_imf ] step 85200  raw_mse_u 14.9362  raw_mse_v 15.3136  a0 0.32595  gnorm 42.10  (adaptive loss 1.9975 — flat by design)
[ train_imf ] step 85400  raw_mse_u 17.5765  raw_mse_v 13.4268  a0 0.54457  gnorm 29.19  (adaptive loss 1.9977 — flat by design)
[ train_imf ] step 85600  raw_mse_u 19.4017  raw_mse_v 16.9370  a0 0.43781  gnorm 25.37  (adaptive loss 1.9978 — flat by design)
[ train_imf ] step 85800  raw_mse_u 15.5928  raw_mse_v 14.8205  a0 0.56061  gnorm 33.10  (adaptive loss 1.9979 — flat by design)
[ train_imf ] step 86000  raw_mse_u 20.8144  raw_mse_v 18.0579  a0 0.45603  gnorm 28.77  (adaptive loss 1.9982 — flat by design)
[ train_imf ] step 86200  raw_mse_u 12.9347  raw_mse_v 12.3158  a0 0.30211  gnorm 37.25  (adaptive loss 1.9977 — flat by design)
[ train_imf ] step 86400  raw_mse_u 14.1293  raw_mse_v 12.8721  a0 0.40733  gnorm 37.07  (adaptive loss 1.9978 — flat by design)
[ train_imf ] step 86600  raw_mse_u 28.6833  raw_mse_v 13.8033  a0 0.71193  gnorm 38.14  (adaptive loss 1.9974 — flat by design)
[ train_imf ] step 86800  raw_mse_u 13.3754  raw_mse_v 13.2468  a0 0.38159  gnorm 56.44  (adaptive loss 1.9977 — flat by design)
[ train_imf ] step 87000  raw_mse_u 17.7093  raw_mse_v 16.1109  a0 0.38213  gnorm 47.90  (adaptive loss 1.9978 — flat by design)
[ train_imf ] step 87200  raw_mse_u 17.0881  raw_mse_v 13.2592  a0 0.62933  gnorm 40.69  (adaptive loss 1.9976 — flat by design)
[ train_imf ] step 87400  raw_mse_u 13.9833  raw_mse_v 12.8263  a0 0.18046  gnorm 30.31  (adaptive loss 1.9973 — flat by design)
[ train_imf ] step 87600  raw_mse_u 18.0036  raw_mse_v 10.5680  a0 0.60091  gnorm 72.48  (adaptive loss 1.9969 — flat by design)
[ train_imf ] step 87800  raw_mse_u 13.6733  raw_mse_v 13.8288  a0 0.29788  gnorm 58.44  (adaptive loss 1.9982 — flat by design)
[ train_imf ] step 88000  raw_mse_u 16.2728  raw_mse_v 13.8537  a0 0.54740  gnorm 37.15  (adaptive loss 1.9978 — flat by design)
[ train_imf ] step 88200  raw_mse_u 66.2426  raw_mse_v 16.5410  a0 1.88732  gnorm 35.03  (adaptive loss 1.9978 — flat by design)
[ train_imf ] step 88400  raw_mse_u 23.4737  raw_mse_v 16.3499  a0 0.51742  gnorm 47.47  (adaptive loss 1.9979 — flat by design)
[ train_imf ] step 88600  raw_mse_u 13.4189  raw_mse_v 13.7929  a0 0.36261  gnorm 28.35  (adaptive loss 1.9977 — flat by design)
[ train_imf ] step 88800  raw_mse_u 24.2561  raw_mse_v 20.0695  a0 0.35360  gnorm 55.95  (adaptive loss 1.9979 — flat by design)
[ train_imf ] step 89000  raw_mse_u 18.0759  raw_mse_v 13.4067  a0 0.41671  gnorm 42.90  (adaptive loss 1.9976 — flat by design)
[ train_imf ] step 89200  raw_mse_u 14.2236  raw_mse_v 14.9811  a0 0.19653  gnorm 43.07  (adaptive loss 1.9977 — flat by design)
[ train_imf ] step 89400  raw_mse_u 16.5524  raw_mse_v 16.6784  a0 0.29314  gnorm 33.70  (adaptive loss 1.9977 — flat by design)
[ train_imf ] step 89600  raw_mse_u 14.2292  raw_mse_v 13.5265  a0 0.31936  gnorm 49.91  (adaptive loss 1.9974 — flat by design)
[ train_imf ] step 89800  raw_mse_u 43.5666  raw_mse_v 12.2782  a0 0.98256  gnorm 44.97  (adaptive loss 1.9978 — flat by design)
[ train_imf ] step 90000  raw_mse_u 14.7400  raw_mse_v 14.5711  a0 0.29526  gnorm 52.35  (adaptive loss 1.9982 — flat by design)
[ train_imf ] step 90200  raw_mse_u 12.8098  raw_mse_v 12.9392  a0 0.24101  gnorm 38.60  (adaptive loss 1.9979 — flat by design)
[ train_imf ] step 90400  raw_mse_u 15.0718  raw_mse_v 12.9768  a0 0.19136  gnorm 38.45  (adaptive loss 1.9979 — flat by design)
[ train_imf ] step 90600  raw_mse_u 18.6208  raw_mse_v 14.1794  a0 0.34689  gnorm 33.57  (adaptive loss 1.9980 — flat by design)
[ train_imf ] step 90800  raw_mse_u 19.7814  raw_mse_v 16.1176  a0 0.36915  gnorm 39.26  (adaptive loss 1.9978 — flat by design)
[ train_imf ] step 91000  raw_mse_u 13.1602  raw_mse_v 12.3294  a0 0.14197  gnorm 28.29  (adaptive loss 1.9978 — flat by design)
[ train_imf ] step 91200  raw_mse_u 18.8014  raw_mse_v 15.5046  a0 0.21730  gnorm 34.89  (adaptive loss 1.9979 — flat by design)
[ train_imf ] step 91400  raw_mse_u 38.6832  raw_mse_v 14.2614  a0 0.66646  gnorm 63.87  (adaptive loss 1.9970 — flat by design)
[ train_imf ] step 91600  raw_mse_u 25.9942  raw_mse_v 15.6740  a0 0.43575  gnorm 33.90  (adaptive loss 1.9978 — flat by design)
[ train_imf ] step 91800  raw_mse_u 14.1988  raw_mse_v 13.2381  a0 0.33194  gnorm 37.33  (adaptive loss 1.9979 — flat by design)
[ train_imf ] step 92000  raw_mse_u 14.2903  raw_mse_v 12.8502  a0 0.25242  gnorm 28.80  (adaptive loss 1.9980 — flat by design)
[ train_imf ] step 92200  raw_mse_u 37.4962  raw_mse_v 12.0753  a0 0.21233  gnorm 24.63  (adaptive loss 1.9975 — flat by design)
[ train_imf ] step 92400  raw_mse_u 14.3195  raw_mse_v 12.4052  a0 0.43707  gnorm 48.77  (adaptive loss 1.9972 — flat by design)
[ train_imf ] step 92600  raw_mse_u 22.8246  raw_mse_v 14.4415  a0 0.43707  gnorm 34.04  (adaptive loss 1.9981 — flat by design)
[ train_imf ] step 92800  raw_mse_u 16.6089  raw_mse_v 15.2149  a0 0.58320  gnorm 56.86  (adaptive loss 1.9978 — flat by design)
[ train_imf ] step 93000  raw_mse_u 14.2352  raw_mse_v 13.9914  a0 0.25988  gnorm 30.43  (adaptive loss 1.9974 — flat by design)
[ train_imf ] step 93200  raw_mse_u 37.4636  raw_mse_v 13.2798  a0 0.59285  gnorm 44.52  (adaptive loss 1.9974 — flat by design)
[ train_imf ] step 93400  raw_mse_u 21.2949  raw_mse_v 19.5080  a0 0.94800  gnorm 34.67  (adaptive loss 1.9971 — flat by design)
[ train_imf ] step 93600  raw_mse_u 16.1735  raw_mse_v 13.8959  a0 0.26263  gnorm 44.68  (adaptive loss 1.9975 — flat by design)
[ train_imf ] step 93800  raw_mse_u 14.0260  raw_mse_v 13.9202  a0 0.18231  gnorm 29.18  (adaptive loss 1.9978 — flat by design)
[ train_imf ] step 94000  raw_mse_u 18.5279  raw_mse_v 14.2802  a0 0.43833  gnorm 32.98  (adaptive loss 1.9973 — flat by design)
[ train_imf ] step 94200  raw_mse_u 16.1369  raw_mse_v 13.0643  a0 0.19570  gnorm 40.17  (adaptive loss 1.9974 — flat by design)
[ train_imf ] step 94400  raw_mse_u 27.9920  raw_mse_v 24.3576  a0 0.67576  gnorm 34.38  (adaptive loss 1.9984 — flat by design)
[ train_imf ] step 94600  raw_mse_u 19.5210  raw_mse_v 19.5700  a0 0.28580  gnorm 25.31  (adaptive loss 1.9972 — flat by design)
[ train_imf ] step 94800  raw_mse_u 14.2571  raw_mse_v 12.6788  a0 0.39594  gnorm 38.16  (adaptive loss 1.9974 — flat by design)
[ train_imf ] step 95000  raw_mse_u 20.4673  raw_mse_v 13.3629  a0 0.34305  gnorm 55.45  (adaptive loss 1.9977 — flat by design)
[ train_imf ] step 95200  raw_mse_u 143.4011  raw_mse_v 10.0039  a0 7.29842  gnorm 45.44  (adaptive loss 1.9971 — flat by design)
[ train_imf ] step 95400  raw_mse_u 11.3717  raw_mse_v 10.5527  a0 0.31415  gnorm 33.68  (adaptive loss 1.9974 — flat by design)
[ train_imf ] step 95600  raw_mse_u 13.6220  raw_mse_v 12.3685  a0 0.22793  gnorm 38.60  (adaptive loss 1.9978 — flat by design)
[ train_imf ] step 95800  raw_mse_u 21.3578  raw_mse_v 17.2515  a0 0.45043  gnorm 37.37  (adaptive loss 1.9979 — flat by design)
[ train_imf ] step 96000  raw_mse_u 16.1690  raw_mse_v 11.3179  a0 0.38390  gnorm 42.24  (adaptive loss 1.9974 — flat by design)
[ train_imf ] step 96200  raw_mse_u 15.8209  raw_mse_v 13.0865  a0 0.43948  gnorm 46.24  (adaptive loss 1.9978 — flat by design)
[ train_imf ] step 96400  raw_mse_u 14.4524  raw_mse_v 11.5892  a0 0.25091  gnorm 33.46  (adaptive loss 1.9974 — flat by design)
[ train_imf ] step 96600  raw_mse_u 17.7486  raw_mse_v 13.8932  a0 0.33003  gnorm 40.03  (adaptive loss 1.9976 — flat by design)
[ train_imf ] step 96800  raw_mse_u 39.6746  raw_mse_v 11.9692  a0 0.54130  gnorm 44.57  (adaptive loss 1.9978 — flat by design)
[ train_imf ] step 97000  raw_mse_u 15.7008  raw_mse_v 12.4345  a0 0.25493  gnorm 36.56  (adaptive loss 1.9976 — flat by design)
[ train_imf ] step 97200  raw_mse_u 13.2074  raw_mse_v 12.2239  a0 0.26802  gnorm 36.84  (adaptive loss 1.9979 — flat by design)
[ train_imf ] step 97400  raw_mse_u 21.0377  raw_mse_v 14.1531  a0 0.38492  gnorm 40.86  (adaptive loss 1.9976 — flat by design)
[ train_imf ] step 97600  raw_mse_u 36.4422  raw_mse_v 19.3239  a0 0.56716  gnorm 27.25  (adaptive loss 1.9982 — flat by design)
[ train_imf ] step 97800  raw_mse_u 22.5511  raw_mse_v 13.2525  a0 0.91470  gnorm 30.75  (adaptive loss 1.9976 — flat by design)
[ train_imf ] step 98000  raw_mse_u 24.7111  raw_mse_v 14.9853  a0 0.29431  gnorm 36.77  (adaptive loss 1.9975 — flat by design)
[ train_imf ] step 98200  raw_mse_u 19.4966  raw_mse_v 16.7270  a0 0.76126  gnorm 43.28  (adaptive loss 1.9978 — flat by design)
[ train_imf ] step 98400  raw_mse_u 31.3990  raw_mse_v 13.6081  a0 0.71462  gnorm 52.28  (adaptive loss 1.9972 — flat by design)
[ train_imf ] step 98600  raw_mse_u 20.8245  raw_mse_v 21.2004  a0 0.47305  gnorm 42.71  (adaptive loss 1.9979 — flat by design)
[ train_imf ] step 98800  raw_mse_u 25.2771  raw_mse_v 15.6594  a0 1.04462  gnorm 34.66  (adaptive loss 1.9976 — flat by design)
[ train_imf ] step 99000  raw_mse_u 13.5468  raw_mse_v 12.2186  a0 0.39920  gnorm 71.62  (adaptive loss 1.9967 — flat by design)
[ train_imf ] step 99200  raw_mse_u 23.4107  raw_mse_v 15.8568  a0 0.27631  gnorm 50.00  (adaptive loss 1.9977 — flat by design)
[ train_imf ] step 99400  raw_mse_u 21.7946  raw_mse_v 17.4496  a0 0.62577  gnorm 40.78  (adaptive loss 1.9981 — flat by design)
[ train_imf ] step 99600  raw_mse_u 14.8511  raw_mse_v 11.3844  a0 0.25256  gnorm 22.25  (adaptive loss 1.9976 — flat by design)
[ train_imf ] step 99800  raw_mse_u 16.1267  raw_mse_v 13.4520  a0 0.27278  gnorm 27.15  (adaptive loss 1.9983 — flat by design)
[ train_imf ] step 100000  raw_mse_u 16.7825  raw_mse_v 15.3376  a0 0.40712  gnorm 32.86  (adaptive loss 1.9982 — flat by design)
[ train_imf ] step 100200  raw_mse_u 17.0407  raw_mse_v 13.1610  a0 0.47500  gnorm 32.49  (adaptive loss 1.9976 — flat by design)
[ train_imf ] step 100400  raw_mse_u 20.0352  raw_mse_v 17.2883  a0 0.47965  gnorm 52.69  (adaptive loss 1.9974 — flat by design)
[ train_imf ] step 100600  raw_mse_u 13.9375  raw_mse_v 13.6217  a0 0.34179  gnorm 28.99  (adaptive loss 1.9979 — flat by design)
[ train_imf ] step 100800  raw_mse_u 14.4294  raw_mse_v 12.4290  a0 0.34762  gnorm 42.80  (adaptive loss 1.9977 — flat by design)
[ train_imf ] step 101000  raw_mse_u 122.2287  raw_mse_v 18.6804  a0 8.53348  gnorm 24.60  (adaptive loss 1.9975 — flat by design)
[ train_imf ] step 101200  raw_mse_u 16.4362  raw_mse_v 14.9631  a0 0.32773  gnorm 38.81  (adaptive loss 1.9978 — flat by design)
[ train_imf ] step 101400  raw_mse_u 13.3670  raw_mse_v 12.0540  a0 0.36929  gnorm 44.80  (adaptive loss 1.9971 — flat by design)
[ train_imf ] step 101600  raw_mse_u 17.2877  raw_mse_v 11.7989  a0 0.38443  gnorm 23.12  (adaptive loss 1.9976 — flat by design)
[ train_imf ] step 101800  raw_mse_u 30.7748  raw_mse_v 17.5126  a0 0.71929  gnorm 35.17  (adaptive loss 1.9974 — flat by design)
[ train_imf ] step 102000  raw_mse_u 18.1517  raw_mse_v 14.1078  a0 0.27885  gnorm 28.75  (adaptive loss 1.9978 — flat by design)
[ train_imf ] step 102200  raw_mse_u 14.4656  raw_mse_v 12.3326  a0 0.31942  gnorm 28.56  (adaptive loss 1.9978 — flat by design)
[ train_imf ] step 102400  raw_mse_u 14.1361  raw_mse_v 12.3940  a0 0.25065  gnorm 26.66  (adaptive loss 1.9975 — flat by design)
[ train_imf ] step 102600  raw_mse_u 16.7157  raw_mse_v 15.2754  a0 0.28944  gnorm 29.16  (adaptive loss 1.9974 — flat by design)
[ train_imf ] step 102800  raw_mse_u 13.9374  raw_mse_v 12.4554  a0 0.43288  gnorm 33.68  (adaptive loss 1.9975 — flat by design)
[ train_imf ] step 103000  raw_mse_u 28.5064  raw_mse_v 12.1546  a0 0.22923  gnorm 34.56  (adaptive loss 1.9976 — flat by design)
[ train_imf ] step 103200  raw_mse_u 19.5755  raw_mse_v 17.8454  a0 0.37455  gnorm 29.02  (adaptive loss 1.9979 — flat by design)
[ train_imf ] step 103400  raw_mse_u 14.9384  raw_mse_v 14.6972  a0 0.31565  gnorm 36.71  (adaptive loss 1.9980 — flat by design)
[ train_imf ] step 103600  raw_mse_u 15.7844  raw_mse_v 13.7829  a0 0.24744  gnorm 35.54  (adaptive loss 1.9975 — flat by design)
[ train_imf ] step 103800  raw_mse_u 21.8019  raw_mse_v 15.0984  a0 0.40559  gnorm 39.21  (adaptive loss 1.9978 — flat by design)
[ train_imf ] step 104000  raw_mse_u 27.9801  raw_mse_v 13.2454  a0 0.61470  gnorm 41.12  (adaptive loss 1.9979 — flat by design)
[ train_imf ] step 104200  raw_mse_u 20.0826  raw_mse_v 9.9678  a0 0.20973  gnorm 33.26  (adaptive loss 1.9975 — flat by design)
[ train_imf ] step 104400  raw_mse_u 15.8616  raw_mse_v 18.0361  a0 0.53678  gnorm 31.96  (adaptive loss 1.9978 — flat by design)
[ train_imf ] step 104600  raw_mse_u 19.2952  raw_mse_v 11.4039  a0 0.59941  gnorm 37.38  (adaptive loss 1.9973 — flat by design)
[ train_imf ] step 104800  raw_mse_u 14.5465  raw_mse_v 13.5083  a0 0.22594  gnorm 24.36  (adaptive loss 1.9979 — flat by design)
[ train_imf ] step 105000  raw_mse_u 15.5931  raw_mse_v 13.2934  a0 0.17604  gnorm 26.00  (adaptive loss 1.9978 — flat by design)
[ train_imf ] step 105200  raw_mse_u 72.3693  raw_mse_v 11.8943  a0 1.20750  gnorm 69.43  (adaptive loss 1.9981 — flat by design)
[ train_imf ] step 105400  raw_mse_u 14.0045  raw_mse_v 11.7462  a0 0.19980  gnorm 38.02  (adaptive loss 1.9972 — flat by design)
[ train_imf ] step 105600  raw_mse_u 12.7097  raw_mse_v 12.9741  a0 0.59572  gnorm 26.04  (adaptive loss 1.9973 — flat by design)
[ train_imf ] step 105800  raw_mse_u 39.7503  raw_mse_v 12.8695  a0 1.12518  gnorm 38.38  (adaptive loss 1.9970 — flat by design)
[ train_imf ] step 106000  raw_mse_u 13.4910  raw_mse_v 10.6637  a0 0.23675  gnorm 31.17  (adaptive loss 1.9978 — flat by design)
[ train_imf ] step 106200  raw_mse_u 34.4761  raw_mse_v 14.9558  a0 1.03204  gnorm 42.03  (adaptive loss 1.9978 — flat by design)
[ train_imf ] step 106400  raw_mse_u 17.8006  raw_mse_v 12.6872  a0 0.38086  gnorm 50.67  (adaptive loss 1.9969 — flat by design)
[ train_imf ] step 106600  raw_mse_u 13.6140  raw_mse_v 14.0874  a0 0.26483  gnorm 23.53  (adaptive loss 1.9982 — flat by design)
[ train_imf ] step 106800  raw_mse_u 49.2713  raw_mse_v 13.3383  a0 0.39468  gnorm 38.03  (adaptive loss 1.9977 — flat by design)
[ train_imf ] step 107000  raw_mse_u 21.9439  raw_mse_v 11.9325  a0 0.38071  gnorm 52.98  (adaptive loss 1.9975 — flat by design)
[ train_imf ] step 107200  raw_mse_u 47.0806  raw_mse_v 14.0888  a0 1.26026  gnorm 52.97  (adaptive loss 1.9976 — flat by design)
[ train_imf ] step 107400  raw_mse_u 25.8599  raw_mse_v 16.8223  a0 0.71395  gnorm 34.26  (adaptive loss 1.9977 — flat by design)
[ train_imf ] step 107600  raw_mse_u 15.0269  raw_mse_v 14.9745  a0 0.34281  gnorm 30.32  (adaptive loss 1.9976 — flat by design)
[ train_imf ] step 107800  raw_mse_u 20.2420  raw_mse_v 17.0981  a0 0.52268  gnorm 23.19  (adaptive loss 1.9979 — flat by design)
[ train_imf ] step 108000  raw_mse_u 63.8359  raw_mse_v 13.9893  a0 1.60762  gnorm 47.56  (adaptive loss 1.9976 — flat by design)
[ train_imf ] step 108200  raw_mse_u 16.7430  raw_mse_v 13.5827  a0 0.32063  gnorm 39.23  (adaptive loss 1.9977 — flat by design)
[ train_imf ] step 108400  raw_mse_u 19.9919  raw_mse_v 13.1034  a0 0.59841  gnorm 33.04  (adaptive loss 1.9975 — flat by design)
[ train_imf ] step 108600  raw_mse_u 15.9264  raw_mse_v 13.9919  a0 0.38234  gnorm 43.69  (adaptive loss 1.9980 — flat by design)
[ train_imf ] step 108800  raw_mse_u 12.9717  raw_mse_v 11.3576  a0 0.24493  gnorm 26.90  (adaptive loss 1.9973 — flat by design)
[ train_imf ] step 109000  raw_mse_u 11.7028  raw_mse_v 10.4340  a0 0.27895  gnorm 33.11  (adaptive loss 1.9970 — flat by design)
[ train_imf ] step 109200  raw_mse_u 20.1870  raw_mse_v 13.7422  a0 1.03374  gnorm 35.50  (adaptive loss 1.9979 — flat by design)
[ train_imf ] step 109400  raw_mse_u 31.1527  raw_mse_v 14.1222  a0 0.87798  gnorm 24.30  (adaptive loss 1.9978 — flat by design)
[ train_imf ] step 109600  raw_mse_u 14.3884  raw_mse_v 15.8476  a0 0.30713  gnorm 113.49  (adaptive loss 1.9982 — flat by design)
[ train_imf ] step 109800  raw_mse_u 36.1282  raw_mse_v 16.2692  a0 1.39118  gnorm 49.87  (adaptive loss 1.9984 — flat by design)
[ train_imf ] step 110000  raw_mse_u 20.0751  raw_mse_v 11.9075  a0 0.51260  gnorm 41.77  (adaptive loss 1.9974 — flat by design)
[ train_imf ] step 110200  raw_mse_u 16.0320  raw_mse_v 13.3750  a0 0.44810  gnorm 42.95  (adaptive loss 1.9979 — flat by design)
[ train_imf ] step 110400  raw_mse_u 23.4332  raw_mse_v 12.1913  a0 0.49081  gnorm 34.25  (adaptive loss 1.9978 — flat by design)
[ train_imf ] step 110600  raw_mse_u 16.3069  raw_mse_v 15.7869  a0 0.32990  gnorm 30.97  (adaptive loss 1.9979 — flat by design)
[ train_imf ] step 110800  raw_mse_u 16.1047  raw_mse_v 13.9774  a0 0.33908  gnorm 28.03  (adaptive loss 1.9981 — flat by design)
[ train_imf ] step 111000  raw_mse_u 18.4250  raw_mse_v 17.0972  a0 0.40109  gnorm 25.59  (adaptive loss 1.9981 — flat by design)
[ train_imf ] step 111200  raw_mse_u 13.8381  raw_mse_v 12.7102  a0 0.17532  gnorm 29.44  (adaptive loss 1.9972 — flat by design)
[ train_imf ] step 111400  raw_mse_u 13.9249  raw_mse_v 11.8579  a0 0.37278  gnorm 25.94  (adaptive loss 1.9976 — flat by design)
[ train_imf ] step 111600  raw_mse_u 24.0685  raw_mse_v 12.8569  a0 0.37300  gnorm 29.41  (adaptive loss 1.9975 — flat by design)
[ train_imf ] step 111800  raw_mse_u 15.0388  raw_mse_v 11.2599  a0 0.34426  gnorm 35.48  (adaptive loss 1.9971 — flat by design)
[ train_imf ] step 112000  raw_mse_u 33.5791  raw_mse_v 12.5407  a0 0.51033  gnorm 63.44  (adaptive loss 1.9977 — flat by design)
[ train_imf ] step 112200  raw_mse_u 15.8685  raw_mse_v 13.6624  a0 0.14944  gnorm 27.43  (adaptive loss 1.9974 — flat by design)
[ train_imf ] step 112400  raw_mse_u 14.8027  raw_mse_v 16.1258  a0 0.22024  gnorm 58.11  (adaptive loss 1.9975 — flat by design)
[ train_imf ] step 112600  raw_mse_u 16.7682  raw_mse_v 10.8422  a0 0.25059  gnorm 27.26  (adaptive loss 1.9976 — flat by design)
[ train_imf ] step 112800  raw_mse_u 14.7425  raw_mse_v 13.5183  a0 0.27446  gnorm 31.31  (adaptive loss 1.9976 — flat by design)
[ train_imf ] step 113000  raw_mse_u 13.7336  raw_mse_v 14.7484  a0 0.24838  gnorm 36.56  (adaptive loss 1.9965 — flat by design)
[ train_imf ] step 113200  raw_mse_u 13.8545  raw_mse_v 12.9977  a0 0.23238  gnorm 45.24  (adaptive loss 1.9974 — flat by design)
[ train_imf ] step 113400  raw_mse_u 24.8750  raw_mse_v 12.2356  a0 0.85809  gnorm 36.12  (adaptive loss 1.9977 — flat by design)
[ train_imf ] step 113600  raw_mse_u 30.6486  raw_mse_v 11.5221  a0 1.43795  gnorm 52.25  (adaptive loss 1.9971 — flat by design)
[ train_imf ] step 113800  raw_mse_u 14.9409  raw_mse_v 14.0355  a0 0.29128  gnorm 27.99  (adaptive loss 1.9977 — flat by design)
[ train_imf ] step 114000  raw_mse_u 17.1632  raw_mse_v 14.1920  a0 0.34745  gnorm 41.31  (adaptive loss 1.9979 — flat by design)
[ train_imf ] step 114200  raw_mse_u 14.7632  raw_mse_v 12.9322  a0 0.38555  gnorm 35.32  (adaptive loss 1.9972 — flat by design)
[ train_imf ] step 114400  raw_mse_u 32.6088  raw_mse_v 15.5420  a0 1.03865  gnorm 33.86  (adaptive loss 1.9980 — flat by design)
[ train_imf ] step 114600  raw_mse_u 27.2682  raw_mse_v 15.7370  a0 0.37103  gnorm 33.28  (adaptive loss 1.9980 — flat by design)
[ train_imf ] step 114800  raw_mse_u 17.3259  raw_mse_v 13.4963  a0 0.67318  gnorm 42.48  (adaptive loss 1.9976 — flat by design)
[ train_imf ] step 115000  raw_mse_u 21.1382  raw_mse_v 18.8502  a0 0.27921  gnorm 28.46  (adaptive loss 1.9985 — flat by design)
[ train_imf ] step 115200  raw_mse_u 12.0683  raw_mse_v 9.5222  a0 0.20773  gnorm 38.43  (adaptive loss 1.9967 — flat by design)
[ train_imf ] step 115400  raw_mse_u 14.9656  raw_mse_v 12.2574  a0 0.39990  gnorm 75.44  (adaptive loss 1.9975 — flat by design)
[ train_imf ] step 115600  raw_mse_u 13.2114  raw_mse_v 12.6601  a0 0.28678  gnorm 62.77  (adaptive loss 1.9978 — flat by design)
[ train_imf ] step 115800  raw_mse_u 21.2817  raw_mse_v 20.0972  a0 0.60066  gnorm 25.93  (adaptive loss 1.9981 — flat by design)
[ train_imf ] step 116000  raw_mse_u 23.5864  raw_mse_v 11.8315  a0 0.78720  gnorm 39.91  (adaptive loss 1.9972 — flat by design)
[ train_imf ] step 116200  raw_mse_u 14.3619  raw_mse_v 14.3779  a0 0.36402  gnorm 40.45  (adaptive loss 1.9977 — flat by design)
[ train_imf ] step 116400  raw_mse_u 19.2901  raw_mse_v 17.8916  a0 0.44033  gnorm 32.44  (adaptive loss 1.9982 — flat by design)
[ train_imf ] step 116600  raw_mse_u 25.4527  raw_mse_v 11.5883  a0 0.82848  gnorm 30.98  (adaptive loss 1.9976 — flat by design)
[ train_imf ] step 116800  raw_mse_u 13.7370  raw_mse_v 13.3642  a0 0.39532  gnorm 49.95  (adaptive loss 1.9977 — flat by design)
[ train_imf ] step 117000  raw_mse_u 11.2186  raw_mse_v 10.6004  a0 0.17375  gnorm 31.66  (adaptive loss 1.9970 — flat by design)
[ train_imf ] step 117200  raw_mse_u 17.2483  raw_mse_v 15.9294  a0 0.30949  gnorm 28.70  (adaptive loss 1.9978 — flat by design)
[ train_imf ] step 117400  raw_mse_u 18.1377  raw_mse_v 16.8955  a0 0.28956  gnorm 37.89  (adaptive loss 1.9980 — flat by design)
[ train_imf ] step 117600  raw_mse_u 14.2286  raw_mse_v 15.4569  a0 0.32578  gnorm 28.73  (adaptive loss 1.9975 — flat by design)
[ train_imf ] step 117800  raw_mse_u 28.7638  raw_mse_v 12.6806  a0 0.45304  gnorm 28.10  (adaptive loss 1.9978 — flat by design)
[ train_imf ] step 118000  raw_mse_u 11.5671  raw_mse_v 10.6107  a0 0.18676  gnorm 36.14  (adaptive loss 1.9977 — flat by design)
[ train_imf ] step 118200  raw_mse_u 12.9085  raw_mse_v 11.3569  a0 0.21213  gnorm 28.06  (adaptive loss 1.9978 — flat by design)
[ train_imf ] step 118400  raw_mse_u 14.8517  raw_mse_v 14.3603  a0 0.20025  gnorm 25.83  (adaptive loss 1.9978 — flat by design)
[ train_imf ] step 118600  raw_mse_u 12.8459  raw_mse_v 13.5904  a0 0.26943  gnorm 32.67  (adaptive loss 1.9972 — flat by design)
[ train_imf ] step 118800  raw_mse_u 13.0475  raw_mse_v 11.9688  a0 0.22907  gnorm 29.36  (adaptive loss 1.9976 — flat by design)
[ train_imf ] step 119000  raw_mse_u 15.2268  raw_mse_v 13.4054  a0 0.26970  gnorm 29.93  (adaptive loss 1.9971 — flat by design)
[ train_imf ] step 119200  raw_mse_u 37.2891  raw_mse_v 17.4740  a0 0.77156  gnorm 30.28  (adaptive loss 1.9977 — flat by design)
[ train_imf ] step 119400  raw_mse_u 33.4966  raw_mse_v 10.4674  a0 0.22024  gnorm 35.06  (adaptive loss 1.9975 — flat by design)
[ train_imf ] step 119600  raw_mse_u 16.6660  raw_mse_v 15.4933  a0 0.34640  gnorm 33.72  (adaptive loss 1.9979 — flat by design)
[ train_imf ] step 119800  raw_mse_u 10.7335  raw_mse_v 9.6953  a0 0.18017  gnorm 28.31  (adaptive loss 1.9973 — flat by design)
[ train_imf ] step 120000  raw_mse_u 15.0749  raw_mse_v 14.3311  a0 0.39679  gnorm 36.00  (adaptive loss 1.9978 — flat by design)
[ train_imf ] step 120200  raw_mse_u 11.1310  raw_mse_v 8.6235  a0 0.28841  gnorm 34.70  (adaptive loss 1.9968 — flat by design)
[ train_imf ] step 120400  raw_mse_u 14.5573  raw_mse_v 10.3084  a0 0.17101  gnorm 30.40  (adaptive loss 1.9976 — flat by design)
[ train_imf ] step 120600  raw_mse_u 20.3162  raw_mse_v 16.1177  a0 0.32107  gnorm 27.74  (adaptive loss 1.9981 — flat by design)
[ train_imf ] step 120800  raw_mse_u 18.5193  raw_mse_v 11.9169  a0 0.66014  gnorm 22.34  (adaptive loss 1.9973 — flat by design)
[ train_imf ] step 121000  raw_mse_u 18.9481  raw_mse_v 12.3787  a0 0.49676  gnorm 36.82  (adaptive loss 1.9978 — flat by design)
[ train_imf ] step 121200  raw_mse_u 20.6654  raw_mse_v 12.2876  a0 0.43196  gnorm 30.67  (adaptive loss 1.9972 — flat by design)
[ train_imf ] step 121400  raw_mse_u 64.3442  raw_mse_v 19.2376  a0 0.71519  gnorm 43.91  (adaptive loss 1.9980 — flat by design)
[ train_imf ] step 121600  raw_mse_u 14.3814  raw_mse_v 14.0705  a0 0.54925  gnorm 35.52  (adaptive loss 1.9971 — flat by design)
[ train_imf ] step 121800  raw_mse_u 14.2579  raw_mse_v 11.5436  a0 0.16177  gnorm 31.45  (adaptive loss 1.9972 — flat by design)
[ train_imf ] step 122000  raw_mse_u 13.3769  raw_mse_v 10.6624  a0 0.21926  gnorm 47.00  (adaptive loss 1.9973 — flat by design)
[ train_imf ] step 122200  raw_mse_u 17.6159  raw_mse_v 16.5520  a0 0.20754  gnorm 50.24  (adaptive loss 1.9979 — flat by design)
[ train_imf ] step 122400  raw_mse_u 17.1502  raw_mse_v 14.2587  a0 0.47998  gnorm 51.04  (adaptive loss 1.9979 — flat by design)
[ train_imf ] step 122600  raw_mse_u 15.1328  raw_mse_v 13.9804  a0 0.35696  gnorm 24.78  (adaptive loss 1.9976 — flat by design)
[ train_imf ] step 122800  raw_mse_u 45.4585  raw_mse_v 13.0763  a0 0.91267  gnorm 37.81  (adaptive loss 1.9977 — flat by design)
[ train_imf ] step 123000  raw_mse_u 18.9054  raw_mse_v 18.6204  a0 0.35213  gnorm 27.16  (adaptive loss 1.9979 — flat by design)
[ train_imf ] step 123200  raw_mse_u 27.5230  raw_mse_v 14.2408  a0 0.43938  gnorm 74.63  (adaptive loss 1.9977 — flat by design)
[ train_imf ] step 123400  raw_mse_u 12.6272  raw_mse_v 10.5001  a0 0.26320  gnorm 31.08  (adaptive loss 1.9971 — flat by design)
[ train_imf ] step 123600  raw_mse_u 16.3178  raw_mse_v 16.7531  a0 0.34966  gnorm 35.01  (adaptive loss 1.9976 — flat by design)
[ train_imf ] step 123800  raw_mse_u 17.9496  raw_mse_v 12.5569  a0 0.59745  gnorm 35.56  (adaptive loss 1.9971 — flat by design)
[ train_imf ] step 124000  raw_mse_u 11.8797  raw_mse_v 11.3835  a0 0.46662  gnorm 27.98  (adaptive loss 1.9975 — flat by design)
[ train_imf ] step 124200  raw_mse_u 15.3167  raw_mse_v 12.5293  a0 0.31632  gnorm 42.05  (adaptive loss 1.9970 — flat by design)
[ train_imf ] step 124400  raw_mse_u 16.2572  raw_mse_v 12.7583  a0 0.53324  gnorm 39.82  (adaptive loss 1.9977 — flat by design)
[ train_imf ] step 124600  raw_mse_u 16.8023  raw_mse_v 14.6906  a0 0.28587  gnorm 28.95  (adaptive loss 1.9979 — flat by design)
[ train_imf ] step 124800  raw_mse_u 12.6899  raw_mse_v 13.2257  a0 0.18468  gnorm 31.65  (adaptive loss 1.9972 — flat by design)
[ train_imf ] step 125000  raw_mse_u 13.0264  raw_mse_v 12.2431  a0 0.26926  gnorm 30.09  (adaptive loss 1.9977 — flat by design)
[ train_imf ] step 125200  raw_mse_u 31.2956  raw_mse_v 16.6876  a0 0.50177  gnorm 57.64  (adaptive loss 1.9976 — flat by design)
[ train_imf ] step 125400  raw_mse_u 18.1615  raw_mse_v 11.1761  a0 0.18774  gnorm 41.68  (adaptive loss 1.9976 — flat by design)
[ train_imf ] step 125600  raw_mse_u 11.3696  raw_mse_v 11.0572  a0 0.32889  gnorm 29.67  (adaptive loss 1.9975 — flat by design)
[ train_imf ] step 125800  raw_mse_u 12.8897  raw_mse_v 13.3360  a0 0.30063  gnorm 40.09  (adaptive loss 1.9975 — flat by design)
[ train_imf ] step 126000  raw_mse_u 26.3203  raw_mse_v 15.7508  a0 0.30219  gnorm 28.94  (adaptive loss 1.9981 — flat by design)
[ train_imf ] step 126200  raw_mse_u 14.7584  raw_mse_v 13.1575  a0 0.33227  gnorm 44.10  (adaptive loss 1.9978 — flat by design)
[ train_imf ] step 126400  raw_mse_u 14.8101  raw_mse_v 14.0893  a0 0.48694  gnorm 34.17  (adaptive loss 1.9979 — flat by design)
[ train_imf ] step 126600  raw_mse_u 15.7864  raw_mse_v 13.3469  a0 0.20266  gnorm 28.54  (adaptive loss 1.9979 — flat by design)
[ train_imf ] step 126800  raw_mse_u 18.5724  raw_mse_v 13.0074  a0 0.34841  gnorm 41.87  (adaptive loss 1.9974 — flat by design)
[ train_imf ] step 127000  raw_mse_u 30.8311  raw_mse_v 12.5317  a0 1.23216  gnorm 26.33  (adaptive loss 1.9977 — flat by design)
[ train_imf ] step 127200  raw_mse_u 24.8746  raw_mse_v 11.2906  a0 0.68810  gnorm 45.18  (adaptive loss 1.9975 — flat by design)
[ train_imf ] step 127400  raw_mse_u 10.9636  raw_mse_v 10.7396  a0 0.21415  gnorm 41.50  (adaptive loss 1.9970 — flat by design)
[ train_imf ] step 127600  raw_mse_u 19.9766  raw_mse_v 14.0673  a0 0.32791  gnorm 40.30  (adaptive loss 1.9979 — flat by design)
[ train_imf ] step 127800  raw_mse_u 19.9308  raw_mse_v 18.6081  a0 0.45717  gnorm 32.03  (adaptive loss 1.9982 — flat by design)
[ train_imf ] step 128000  raw_mse_u 8.7494  raw_mse_v 8.8153  a0 0.13023  gnorm 37.07  (adaptive loss 1.9965 — flat by design)
[ train_imf ] step 128200  raw_mse_u 68.6507  raw_mse_v 14.5257  a0 1.27531  gnorm 44.93  (adaptive loss 1.9978 — flat by design)
[ train_imf ] step 128400  raw_mse_u 39.4640  raw_mse_v 13.6475  a0 0.61838  gnorm 53.07  (adaptive loss 1.9976 — flat by design)
[ train_imf ] step 128600  raw_mse_u 14.5319  raw_mse_v 11.5823  a0 0.22672  gnorm 30.59  (adaptive loss 1.9975 — flat by design)
[ train_imf ] step 128800  raw_mse_u 13.0899  raw_mse_v 11.0795  a0 0.28074  gnorm 20.66  (adaptive loss 1.9975 — flat by design)
[ train_imf ] step 129000  raw_mse_u 18.1564  raw_mse_v 16.9939  a0 0.56443  gnorm 22.98  (adaptive loss 1.9981 — flat by design)
[ train_imf ] step 129200  raw_mse_u 12.2738  raw_mse_v 12.0274  a0 0.25769  gnorm 30.93  (adaptive loss 1.9975 — flat by design)
[ train_imf ] step 129400  raw_mse_u 15.4459  raw_mse_v 13.8323  a0 0.23864  gnorm 41.83  (adaptive loss 1.9976 — flat by design)
[ train_imf ] step 129600  raw_mse_u 18.9868  raw_mse_v 12.1120  a0 0.46228  gnorm 37.08  (adaptive loss 1.9980 — flat by design)
[ train_imf ] step 129800  raw_mse_u 19.2739  raw_mse_v 12.0511  a0 0.16196  gnorm 28.58  (adaptive loss 1.9975 — flat by design)
[ train_imf ] step 130000  raw_mse_u 25.0075  raw_mse_v 22.7470  a0 0.29803  gnorm 32.98  (adaptive loss 1.9981 — flat by design)
[ train_imf ] step 130200  raw_mse_u 12.9315  raw_mse_v 11.6909  a0 0.30771  gnorm 22.62  (adaptive loss 1.9978 — flat by design)
[ train_imf ] step 130400  raw_mse_u 14.8318  raw_mse_v 14.1544  a0 0.23458  gnorm 31.59  (adaptive loss 1.9978 — flat by design)
[ train_imf ] step 130600  raw_mse_u 20.4203  raw_mse_v 18.6489  a0 0.42963  gnorm 92.33  (adaptive loss 1.9982 — flat by design)
[ train_imf ] step 130800  raw_mse_u 10.3401  raw_mse_v 10.6673  a0 0.16952  gnorm 39.92  (adaptive loss 1.9974 — flat by design)
[ train_imf ] step 131000  raw_mse_u 14.1120  raw_mse_v 11.8933  a0 0.26309  gnorm 33.92  (adaptive loss 1.9975 — flat by design)
[ train_imf ] step 131200  raw_mse_u 18.6680  raw_mse_v 12.8287  a0 0.27325  gnorm 57.23  (adaptive loss 1.9976 — flat by design)
[ train_imf ] step 131400  raw_mse_u 33.7041  raw_mse_v 9.6210  a0 1.37628  gnorm 56.77  (adaptive loss 1.9970 — flat by design)
[ train_imf ] step 131600  raw_mse_u 62.6906  raw_mse_v 10.6831  a0 1.57633  gnorm 46.36  (adaptive loss 1.9975 — flat by design)
[ train_imf ] step 131800  raw_mse_u 13.7240  raw_mse_v 13.0767  a0 0.40204  gnorm 66.23  (adaptive loss 1.9974 — flat by design)
[ train_imf ] step 132000  raw_mse_u 39.7114  raw_mse_v 17.6899  a0 0.54692  gnorm 26.91  (adaptive loss 1.9980 — flat by design)
[ train_imf ] step 132200  raw_mse_u 14.2525  raw_mse_v 13.5771  a0 0.22950  gnorm 44.70  (adaptive loss 1.9979 — flat by design)
[ train_imf ] step 132400  raw_mse_u 43.1767  raw_mse_v 12.5851  a0 1.16597  gnorm 32.19  (adaptive loss 1.9975 — flat by design)
[ train_imf ] step 132600  raw_mse_u 34.6800  raw_mse_v 15.6163  a0 1.28430  gnorm 61.29  (adaptive loss 1.9978 — flat by design)
[ train_imf ] step 132800  raw_mse_u 14.4186  raw_mse_v 12.8822  a0 0.25106  gnorm 26.63  (adaptive loss 1.9974 — flat by design)
[ train_imf ] step 133000  raw_mse_u 11.4832  raw_mse_v 9.8593  a0 0.22241  gnorm 27.94  (adaptive loss 1.9974 — flat by design)
[ train_imf ] step 133200  raw_mse_u 17.0398  raw_mse_v 15.2701  a0 0.38344  gnorm 35.18  (adaptive loss 1.9981 — flat by design)
[ train_imf ] step 133400  raw_mse_u 13.6418  raw_mse_v 11.5075  a0 0.28741  gnorm 27.63  (adaptive loss 1.9978 — flat by design)
[ train_imf ] step 133600  raw_mse_u 19.4277  raw_mse_v 17.6727  a0 0.32905  gnorm 29.83  (adaptive loss 1.9981 — flat by design)
[ train_imf ] step 133800  raw_mse_u 15.5723  raw_mse_v 14.6918  a0 0.23452  gnorm 65.84  (adaptive loss 1.9979 — flat by design)
[ train_imf ] step 134000  raw_mse_u 30.3877  raw_mse_v 18.3284  a0 1.24261  gnorm 55.75  (adaptive loss 1.9980 — flat by design)
[ train_imf ] step 134200  raw_mse_u 15.4102  raw_mse_v 13.9594  a0 0.23914  gnorm 21.77  (adaptive loss 1.9968 — flat by design)
[ train_imf ] step 134400  raw_mse_u 18.5304  raw_mse_v 15.6490  a0 0.33250  gnorm 31.53  (adaptive loss 1.9970 — flat by design)
[ train_imf ] step 134600  raw_mse_u 19.7459  raw_mse_v 20.2831  a0 0.45669  gnorm 34.49  (adaptive loss 1.9973 — flat by design)
[ train_imf ] step 134800  raw_mse_u 12.3114  raw_mse_v 9.6653  a0 0.24738  gnorm 40.17  (adaptive loss 1.9974 — flat by design)
[ train_imf ] step 135000  raw_mse_u 24.3331  raw_mse_v 17.3144  a0 0.37558  gnorm 63.41  (adaptive loss 1.9978 — flat by design)
[ train_imf ] step 135200  raw_mse_u 17.9497  raw_mse_v 10.8132  a0 0.34473  gnorm 29.45  (adaptive loss 1.9966 — flat by design)
[ train_imf ] step 135400  raw_mse_u 17.1991  raw_mse_v 12.9748  a0 0.28050  gnorm 30.52  (adaptive loss 1.9976 — flat by design)
[ train_imf ] step 135600  raw_mse_u 17.1942  raw_mse_v 12.4597  a0 0.40723  gnorm 28.79  (adaptive loss 1.9976 — flat by design)
[ train_imf ] step 135800  raw_mse_u 16.1748  raw_mse_v 13.6536  a0 0.37990  gnorm 35.25  (adaptive loss 1.9974 — flat by design)
[ train_imf ] step 136000  raw_mse_u 12.0913  raw_mse_v 10.3870  a0 0.23197  gnorm 24.27  (adaptive loss 1.9974 — flat by design)
[ train_imf ] step 136200  raw_mse_u 16.6228  raw_mse_v 11.4058  a0 0.18776  gnorm 21.83  (adaptive loss 1.9980 — flat by design)
[ train_imf ] step 136400  raw_mse_u 16.5182  raw_mse_v 12.9212  a0 0.40353  gnorm 31.69  (adaptive loss 1.9976 — flat by design)
[ train_imf ] step 136600  raw_mse_u 37.0102  raw_mse_v 17.6473  a0 0.88299  gnorm 41.98  (adaptive loss 1.9977 — flat by design)
[ train_imf ] step 136800  raw_mse_u 160.9173  raw_mse_v 17.3711  a0 5.23287  gnorm 85.86  (adaptive loss 1.9978 — flat by design)
[ train_imf ] step 137000  raw_mse_u 19.6294  raw_mse_v 13.4610  a0 0.49464  gnorm 35.64  (adaptive loss 1.9976 — flat by design)
[ train_imf ] step 137200  raw_mse_u 14.0444  raw_mse_v 11.6613  a0 0.23998  gnorm 42.10  (adaptive loss 1.9976 — flat by design)
[ train_imf ] step 137400  raw_mse_u 14.4829  raw_mse_v 12.3608  a0 0.12567  gnorm 34.89  (adaptive loss 1.9974 — flat by design)
[ train_imf ] step 137600  raw_mse_u 12.4804  raw_mse_v 11.5165  a0 0.22946  gnorm 28.03  (adaptive loss 1.9973 — flat by design)
[ train_imf ] step 137800  raw_mse_u 217.6837  raw_mse_v 9.5706  a0 2.44279  gnorm 51.61  (adaptive loss 1.9964 — flat by design)
[ train_imf ] step 138000  raw_mse_u 38.5939  raw_mse_v 14.0590  a0 0.70815  gnorm 64.55  (adaptive loss 1.9978 — flat by design)
[ train_imf ] step 138200  raw_mse_u 14.9602  raw_mse_v 15.0678  a0 0.30090  gnorm 41.27  (adaptive loss 1.9971 — flat by design)
[ train_imf ] step 138400  raw_mse_u 14.3879  raw_mse_v 12.5940  a0 0.41545  gnorm 32.61  (adaptive loss 1.9973 — flat by design)
[ train_imf ] step 138600  raw_mse_u 16.0329  raw_mse_v 13.0059  a0 0.24030  gnorm 34.66  (adaptive loss 1.9977 — flat by design)
[ train_imf ] step 138800  raw_mse_u 12.5489  raw_mse_v 12.2967  a0 0.22715  gnorm 26.22  (adaptive loss 1.9972 — flat by design)
[ train_imf ] step 139000  raw_mse_u 11.5906  raw_mse_v 9.9312  a0 0.22708  gnorm 29.27  (adaptive loss 1.9966 — flat by design)
[ train_imf ] step 139200  raw_mse_u 15.2439  raw_mse_v 14.0692  a0 0.22947  gnorm 33.00  (adaptive loss 1.9980 — flat by design)
[ train_imf ] step 139400  raw_mse_u 14.1927  raw_mse_v 13.3869  a0 0.23591  gnorm 31.06  (adaptive loss 1.9980 — flat by design)
[ train_imf ] step 139600  raw_mse_u 14.6948  raw_mse_v 14.4859  a0 0.16559  gnorm 35.02  (adaptive loss 1.9976 — flat by design)
[ train_imf ] step 139800  raw_mse_u 26.6259  raw_mse_v 11.0037  a0 0.26896  gnorm 38.85  (adaptive loss 1.9967 — flat by design)
[ train_imf ] step 140000  raw_mse_u 15.7955  raw_mse_v 13.1750  a0 0.18356  gnorm 22.47  (adaptive loss 1.9974 — flat by design)
[ train_imf ] step 140200  raw_mse_u 13.2331  raw_mse_v 12.1696  a0 0.26712  gnorm 38.33  (adaptive loss 1.9974 — flat by design)
[ train_imf ] step 140400  raw_mse_u 15.7426  raw_mse_v 13.8556  a0 0.63944  gnorm 45.28  (adaptive loss 1.9977 — flat by design)
[ train_imf ] step 140600  raw_mse_u 115.1944  raw_mse_v 12.5644  a0 4.95880  gnorm 81.00  (adaptive loss 1.9980 — flat by design)
[ train_imf ] step 140800  raw_mse_u 13.8601  raw_mse_v 13.3944  a0 0.18208  gnorm 29.11  (adaptive loss 1.9972 — flat by design)
[ train_imf ] step 141000  raw_mse_u 12.5987  raw_mse_v 12.0685  a0 0.28549  gnorm 25.46  (adaptive loss 1.9975 — flat by design)
[ train_imf ] step 141200  raw_mse_u 25.7602  raw_mse_v 15.6870  a0 0.64921  gnorm 61.41  (adaptive loss 1.9978 — flat by design)
[ train_imf ] step 141400  raw_mse_u 9.9150  raw_mse_v 10.5574  a0 0.22388  gnorm 26.10  (adaptive loss 1.9969 — flat by design)
[ train_imf ] step 141600  raw_mse_u 11.7146  raw_mse_v 10.2420  a0 0.13223  gnorm 48.57  (adaptive loss 1.9971 — flat by design)
[ train_imf ] step 141800  raw_mse_u 13.3426  raw_mse_v 12.4824  a0 0.24209  gnorm 42.00  (adaptive loss 1.9971 — flat by design)
[ train_imf ] step 142000  raw_mse_u 34.7569  raw_mse_v 11.2194  a0 1.07519  gnorm 34.04  (adaptive loss 1.9975 — flat by design)
[ train_imf ] step 142200  raw_mse_u 26.5487  raw_mse_v 16.7610  a0 0.79788  gnorm 44.54  (adaptive loss 1.9975 — flat by design)
[ train_imf ] step 142400  raw_mse_u 13.5122  raw_mse_v 13.1523  a0 0.24072  gnorm 27.67  (adaptive loss 1.9972 — flat by design)
[ train_imf ] step 142600  raw_mse_u 13.7648  raw_mse_v 10.3025  a0 0.24929  gnorm 30.24  (adaptive loss 1.9974 — flat by design)
[ train_imf ] step 142800  raw_mse_u 15.4597  raw_mse_v 14.3770  a0 0.30339  gnorm 30.06  (adaptive loss 1.9979 — flat by design)
[ train_imf ] step 143000  raw_mse_u 20.6501  raw_mse_v 22.7101  a0 0.47870  gnorm 43.42  (adaptive loss 1.9981 — flat by design)
[ train_imf ] step 143200  raw_mse_u 13.5954  raw_mse_v 13.2436  a0 0.18717  gnorm 26.03  (adaptive loss 1.9977 — flat by design)
[ train_imf ] step 143400  raw_mse_u 14.0262  raw_mse_v 11.9927  a0 0.35055  gnorm 26.34  (adaptive loss 1.9970 — flat by design)
[ train_imf ] step 143600  raw_mse_u 15.4584  raw_mse_v 14.7821  a0 0.19215  gnorm 32.36  (adaptive loss 1.9975 — flat by design)
[ train_imf ] step 143800  raw_mse_u 18.5937  raw_mse_v 13.8739  a0 0.35430  gnorm 33.25  (adaptive loss 1.9971 — flat by design)
[ train_imf ] step 144000  raw_mse_u 11.9110  raw_mse_v 11.5119  a0 0.23354  gnorm 25.95  (adaptive loss 1.9972 — flat by design)
[ train_imf ] step 144200  raw_mse_u 33.3648  raw_mse_v 10.6286  a0 0.67954  gnorm 24.06  (adaptive loss 1.9970 — flat by design)
[ train_imf ] step 144400  raw_mse_u 19.3506  raw_mse_v 11.3907  a0 0.32331  gnorm 25.00  (adaptive loss 1.9973 — flat by design)
[ train_imf ] step 144600  raw_mse_u 14.5842  raw_mse_v 14.3776  a0 0.26976  gnorm 22.00  (adaptive loss 1.9974 — flat by design)
[ train_imf ] step 144800  raw_mse_u 15.6718  raw_mse_v 14.8367  a0 0.37640  gnorm 32.82  (adaptive loss 1.9979 — flat by design)
[ train_imf ] step 145000  raw_mse_u 13.9930  raw_mse_v 12.2966  a0 0.49715  gnorm 89.64  (adaptive loss 1.9973 — flat by design)
[ train_imf ] step 145200  raw_mse_u 15.3514  raw_mse_v 14.1558  a0 0.36383  gnorm 27.18  (adaptive loss 1.9976 — flat by design)
[ train_imf ] step 145400  raw_mse_u 17.0080  raw_mse_v 16.8814  a0 0.57872  gnorm 30.81  (adaptive loss 1.9978 — flat by design)
[ train_imf ] step 145600  raw_mse_u 52.9355  raw_mse_v 17.4523  a0 1.16126  gnorm 65.39  (adaptive loss 1.9972 — flat by design)
[ train_imf ] step 145800  raw_mse_u 14.2969  raw_mse_v 13.3181  a0 0.21643  gnorm 27.07  (adaptive loss 1.9978 — flat by design)
[ train_imf ] step 146000  raw_mse_u 18.6155  raw_mse_v 15.9041  a0 0.34761  gnorm 25.22  (adaptive loss 1.9969 — flat by design)
[ train_imf ] step 146200  raw_mse_u 16.7003  raw_mse_v 12.6867  a0 0.41610  gnorm 37.41  (adaptive loss 1.9979 — flat by design)
[ train_imf ] step 146400  raw_mse_u 16.6964  raw_mse_v 17.0149  a0 0.28003  gnorm 23.75  (adaptive loss 1.9975 — flat by design)
[ train_imf ] step 146600  raw_mse_u 13.3771  raw_mse_v 12.8951  a0 0.25929  gnorm 25.10  (adaptive loss 1.9973 — flat by design)
[ train_imf ] step 146800  raw_mse_u 42.2843  raw_mse_v 16.4859  a0 1.05592  gnorm 61.87  (adaptive loss 1.9978 — flat by design)
[ train_imf ] step 147000  raw_mse_u 25.0503  raw_mse_v 15.6203  a0 0.69437  gnorm 29.55  (adaptive loss 1.9980 — flat by design)
[ train_imf ] step 147200  raw_mse_u 18.1089  raw_mse_v 14.0784  a0 0.34358  gnorm 51.44  (adaptive loss 1.9977 — flat by design)
[ train_imf ] step 147400  raw_mse_u 13.1818  raw_mse_v 12.0762  a0 0.22167  gnorm 36.85  (adaptive loss 1.9971 — flat by design)
[ train_imf ] step 147600  raw_mse_u 13.7542  raw_mse_v 12.4117  a0 0.27582  gnorm 40.96  (adaptive loss 1.9968 — flat by design)
[ train_imf ] step 147800  raw_mse_u 21.9829  raw_mse_v 14.5452  a0 0.39767  gnorm 29.63  (adaptive loss 1.9976 — flat by design)
[ train_imf ] step 148000  raw_mse_u 17.0965  raw_mse_v 14.4905  a0 0.22382  gnorm 40.71  (adaptive loss 1.9976 — flat by design)
[ train_imf ] step 148200  raw_mse_u 17.5985  raw_mse_v 13.7618  a0 0.35814  gnorm 26.85  (adaptive loss 1.9973 — flat by design)
[ train_imf ] step 148400  raw_mse_u 16.6561  raw_mse_v 12.1344  a0 0.24066  gnorm 41.20  (adaptive loss 1.9967 — flat by design)
[ train_imf ] step 148600  raw_mse_u 9.5795  raw_mse_v 9.5337  a0 0.12431  gnorm 58.60  (adaptive loss 1.9976 — flat by design)
[ train_imf ] step 148800  raw_mse_u 14.5314  raw_mse_v 12.9636  a0 0.25084  gnorm 31.91  (adaptive loss 1.9974 — flat by design)
[ train_imf ] step 149000  raw_mse_u 15.4628  raw_mse_v 15.4701  a0 0.17975  gnorm 30.82  (adaptive loss 1.9978 — flat by design)
[ train_imf ] step 149200  raw_mse_u 21.4087  raw_mse_v 13.5021  a0 0.45636  gnorm 28.66  (adaptive loss 1.9976 — flat by design)
[ train_imf ] step 149400  raw_mse_u 15.1491  raw_mse_v 13.3133  a0 0.31687  gnorm 28.76  (adaptive loss 1.9978 — flat by design)
[ train_imf ] step 149600  raw_mse_u 17.5546  raw_mse_v 14.5927  a0 0.28826  gnorm 45.30  (adaptive loss 1.9978 — flat by design)
[ train_imf ] step 149800  raw_mse_u 13.4815  raw_mse_v 14.5229  a0 0.29654  gnorm 37.59  (adaptive loss 1.9975 — flat by design)
[ train_imf ] step 150000  raw_mse_u 32.1004  raw_mse_v 13.6137  a0 1.03418  gnorm 36.34  (adaptive loss 1.9971 — flat by design)
[ train_imf ] step 150200  raw_mse_u 23.1909  raw_mse_v 14.4880  a0 0.59117  gnorm 25.18  (adaptive loss 1.9979 — flat by design)
[ train_imf ] step 150400  raw_mse_u 10.1667  raw_mse_v 9.3150  a0 0.13973  gnorm 22.42  (adaptive loss 1.9971 — flat by design)
[ train_imf ] step 150600  raw_mse_u 19.4795  raw_mse_v 18.2678  a0 0.35749  gnorm 33.77  (adaptive loss 1.9975 — flat by design)
[ train_imf ] step 150800  raw_mse_u 22.0905  raw_mse_v 18.0767  a0 0.64118  gnorm 33.36  (adaptive loss 1.9981 — flat by design)
[ train_imf ] step 151000  raw_mse_u 11.5012  raw_mse_v 10.5728  a0 0.25893  gnorm 30.68  (adaptive loss 1.9971 — flat by design)
[ train_imf ] step 151200  raw_mse_u 15.3872  raw_mse_v 13.1442  a0 0.27903  gnorm 33.00  (adaptive loss 1.9973 — flat by design)
[ train_imf ] step 151400  raw_mse_u 11.0969  raw_mse_v 11.2991  a0 0.24734  gnorm 25.24  (adaptive loss 1.9966 — flat by design)
[ train_imf ] step 151600  raw_mse_u 15.3168  raw_mse_v 13.4721  a0 0.31930  gnorm 23.71  (adaptive loss 1.9978 — flat by design)
[ train_imf ] step 151800  raw_mse_u 24.9418  raw_mse_v 16.0250  a0 0.34442  gnorm 31.41  (adaptive loss 1.9980 — flat by design)
[ train_imf ] step 152000  raw_mse_u 18.2515  raw_mse_v 18.9718  a0 0.32837  gnorm 43.32  (adaptive loss 1.9977 — flat by design)
[ train_imf ] step 152200  raw_mse_u 13.6301  raw_mse_v 12.2629  a0 0.19801  gnorm 29.38  (adaptive loss 1.9976 — flat by design)
[ train_imf ] step 152400  raw_mse_u 46.2843  raw_mse_v 13.0610  a0 0.53514  gnorm 37.86  (adaptive loss 1.9975 — flat by design)
[ train_imf ] step 152600  raw_mse_u 24.5927  raw_mse_v 11.9537  a0 0.58563  gnorm 41.34  (adaptive loss 1.9977 — flat by design)
[ train_imf ] step 152800  raw_mse_u 61.6118  raw_mse_v 11.3233  a0 1.33924  gnorm 32.73  (adaptive loss 1.9971 — flat by design)
[ train_imf ] step 153000  raw_mse_u 19.0801  raw_mse_v 17.3977  a0 0.29646  gnorm 36.05  (adaptive loss 1.9979 — flat by design)
[ train_imf ] step 153200  raw_mse_u 15.2192  raw_mse_v 14.2381  a0 0.29103  gnorm 38.10  (adaptive loss 1.9979 — flat by design)
[ train_imf ] step 153400  raw_mse_u 13.9984  raw_mse_v 11.9003  a0 0.29976  gnorm 27.10  (adaptive loss 1.9973 — flat by design)
[ train_imf ] step 153600  raw_mse_u 28.1560  raw_mse_v 16.3284  a0 0.36324  gnorm 35.51  (adaptive loss 1.9979 — flat by design)
[ train_imf ] step 153800  raw_mse_u 20.7099  raw_mse_v 11.8697  a0 0.37872  gnorm 42.18  (adaptive loss 1.9975 — flat by design)
[ train_imf ] step 154000  raw_mse_u 15.0895  raw_mse_v 12.2587  a0 0.22314  gnorm 26.74  (adaptive loss 1.9975 — flat by design)
[ train_imf ] step 154200  raw_mse_u 11.7776  raw_mse_v 10.0323  a0 0.22326  gnorm 24.44  (adaptive loss 1.9974 — flat by design)
[ train_imf ] step 154400  raw_mse_u 13.6001  raw_mse_v 10.8268  a0 0.20528  gnorm 43.74  (adaptive loss 1.9971 — flat by design)
[ train_imf ] step 154600  raw_mse_u 13.2962  raw_mse_v 13.2750  a0 0.30431  gnorm 29.35  (adaptive loss 1.9966 — flat by design)
[ train_imf ] step 154800  raw_mse_u 9.6902  raw_mse_v 8.9389  a0 0.24835  gnorm 31.26  (adaptive loss 1.9972 — flat by design)
[ train_imf ] step 155000  raw_mse_u 15.7498  raw_mse_v 11.6670  a0 0.28590  gnorm 32.38  (adaptive loss 1.9971 — flat by design)
[ train_imf ] step 155200  raw_mse_u 18.7632  raw_mse_v 14.9734  a0 0.39405  gnorm 44.41  (adaptive loss 1.9976 — flat by design)
[ train_imf ] step 155400  raw_mse_u 18.6701  raw_mse_v 15.7247  a0 0.30943  gnorm 17.70  (adaptive loss 1.9979 — flat by design)
[ train_imf ] step 155600  raw_mse_u 15.5685  raw_mse_v 17.5563  a0 0.29282  gnorm 26.60  (adaptive loss 1.9976 — flat by design)
[ train_imf ] step 155800  raw_mse_u 21.7399  raw_mse_v 18.7658  a0 0.32535  gnorm 31.33  (adaptive loss 1.9982 — flat by design)
[ train_imf ] step 156000  raw_mse_u 14.2627  raw_mse_v 11.1191  a0 0.33350  gnorm 25.95  (adaptive loss 1.9971 — flat by design)
[ train_imf ] step 156200  raw_mse_u 16.1102  raw_mse_v 14.7682  a0 0.27056  gnorm 39.61  (adaptive loss 1.9978 — flat by design)
[ train_imf ] step 156400  raw_mse_u 14.4191  raw_mse_v 10.1612  a0 0.44064  gnorm 32.04  (adaptive loss 1.9974 — flat by design)
[ train_imf ] step 156600  raw_mse_u 23.8069  raw_mse_v 10.9937  a0 0.27229  gnorm 31.47  (adaptive loss 1.9974 — flat by design)
[ train_imf ] step 156800  raw_mse_u 15.5213  raw_mse_v 11.4542  a0 0.61248  gnorm 28.89  (adaptive loss 1.9972 — flat by design)
[ train_imf ] step 157000  raw_mse_u 13.7464  raw_mse_v 13.9532  a0 0.40024  gnorm 33.03  (adaptive loss 1.9977 — flat by design)
[ train_imf ] step 157200  raw_mse_u 14.9161  raw_mse_v 13.8716  a0 0.30789  gnorm 81.88  (adaptive loss 1.9977 — flat by design)
[ train_imf ] step 157400  raw_mse_u 19.3161  raw_mse_v 13.2641  a0 0.46774  gnorm 38.49  (adaptive loss 1.9972 — flat by design)
[ train_imf ] step 157600  raw_mse_u 30.1900  raw_mse_v 12.9793  a0 1.45951  gnorm 60.97  (adaptive loss 1.9976 — flat by design)
[ train_imf ] step 157800  raw_mse_u 17.4372  raw_mse_v 10.0011  a0 0.36908  gnorm 62.53  (adaptive loss 1.9975 — flat by design)
[ train_imf ] step 158000  raw_mse_u 22.8108  raw_mse_v 14.9015  a0 0.68462  gnorm 40.67  (adaptive loss 1.9975 — flat by design)
[ train_imf ] step 158200  raw_mse_u 12.9532  raw_mse_v 12.0114  a0 0.27970  gnorm 27.49  (adaptive loss 1.9975 — flat by design)
[ train_imf ] step 158400  raw_mse_u 17.7039  raw_mse_v 13.0086  a0 0.25400  gnorm 52.26  (adaptive loss 1.9971 — flat by design)
[ train_imf ] step 158600  raw_mse_u 16.0524  raw_mse_v 13.5145  a0 0.24994  gnorm 25.51  (adaptive loss 1.9977 — flat by design)
[ train_imf ] step 158800  raw_mse_u 31.3112  raw_mse_v 16.3803  a0 0.59738  gnorm 28.89  (adaptive loss 1.9979 — flat by design)
[ train_imf ] step 159000  raw_mse_u 17.4246  raw_mse_v 15.9384  a0 0.39366  gnorm 21.67  (adaptive loss 1.9976 — flat by design)
[ train_imf ] step 159200  raw_mse_u 12.7993  raw_mse_v 11.8099  a0 0.20160  gnorm 29.69  (adaptive loss 1.9968 — flat by design)
[ train_imf ] step 159400  raw_mse_u 28.2312  raw_mse_v 15.4547  a0 1.28321  gnorm 29.48  (adaptive loss 1.9979 — flat by design)
[ train_imf ] step 159600  raw_mse_u 42.5670  raw_mse_v 13.1818  a0 0.94267  gnorm 31.95  (adaptive loss 1.9968 — flat by design)
[ train_imf ] step 159800  raw_mse_u 11.3720  raw_mse_v 11.9601  a0 0.06739  gnorm 29.78  (adaptive loss 1.9967 — flat by design)
[ train_imf ] step 160000  raw_mse_u 12.7737  raw_mse_v 13.4395  a0 0.23382  gnorm 23.38  (adaptive loss 1.9968 — flat by design)
[ train_imf ] step 160200  raw_mse_u 13.1965  raw_mse_v 12.0192  a0 0.33528  gnorm 33.20  (adaptive loss 1.9977 — flat by design)
[ train_imf ] step 160400  raw_mse_u 41.8553  raw_mse_v 16.3151  a0 0.94173  gnorm 41.54  (adaptive loss 1.9976 — flat by design)
[ train_imf ] step 160600  raw_mse_u 13.5298  raw_mse_v 11.3682  a0 0.41759  gnorm 22.86  (adaptive loss 1.9974 — flat by design)
[ train_imf ] step 160800  raw_mse_u 252.0924  raw_mse_v 12.5433  a0 10.96010  gnorm 41.63  (adaptive loss 1.9977 — flat by design)
[ train_imf ] step 161000  raw_mse_u 15.3836  raw_mse_v 12.5241  a0 0.29601  gnorm 39.47  (adaptive loss 1.9975 — flat by design)
[ train_imf ] step 161200  raw_mse_u 14.2906  raw_mse_v 13.0288  a0 0.29817  gnorm 31.10  (adaptive loss 1.9976 — flat by design)
[ train_imf ] step 161400  raw_mse_u 11.8786  raw_mse_v 9.0576  a0 0.31637  gnorm 36.29  (adaptive loss 1.9967 — flat by design)
[ train_imf ] step 161600  raw_mse_u 19.3335  raw_mse_v 14.2375  a0 0.53203  gnorm 55.36  (adaptive loss 1.9975 — flat by design)
[ train_imf ] step 161800  raw_mse_u 28.9303  raw_mse_v 11.1951  a0 0.40143  gnorm 55.48  (adaptive loss 1.9974 — flat by design)
[ train_imf ] step 162000  raw_mse_u 17.5760  raw_mse_v 12.6532  a0 0.30828  gnorm 42.34  (adaptive loss 1.9969 — flat by design)
[ train_imf ] step 162200  raw_mse_u 20.4060  raw_mse_v 17.9858  a0 0.48768  gnorm 35.41  (adaptive loss 1.9975 — flat by design)
[ train_imf ] step 162400  raw_mse_u 20.0269  raw_mse_v 16.7042  a0 0.45084  gnorm 25.91  (adaptive loss 1.9981 — flat by design)
[ train_imf ] step 162600  raw_mse_u 15.1932  raw_mse_v 13.2778  a0 0.45117  gnorm 33.61  (adaptive loss 1.9977 — flat by design)
[ train_imf ] step 162800  raw_mse_u 13.2504  raw_mse_v 12.6120  a0 0.14205  gnorm 34.91  (adaptive loss 1.9975 — flat by design)
[ train_imf ] step 163000  raw_mse_u 15.1413  raw_mse_v 15.2157  a0 0.24402  gnorm 36.15  (adaptive loss 1.9975 — flat by design)
[ train_imf ] step 163200  raw_mse_u 12.8994  raw_mse_v 10.8835  a0 0.28436  gnorm 17.86  (adaptive loss 1.9980 — flat by design)
[ train_imf ] step 163400  raw_mse_u 14.4666  raw_mse_v 13.7747  a0 0.18435  gnorm 31.18  (adaptive loss 1.9971 — flat by design)
[ train_imf ] step 163600  raw_mse_u 12.4493  raw_mse_v 11.7446  a0 0.35722  gnorm 30.84  (adaptive loss 1.9975 — flat by design)
[ train_imf ] step 163800  raw_mse_u 13.4086  raw_mse_v 12.8380  a0 0.23291  gnorm 32.27  (adaptive loss 1.9976 — flat by design)
[ train_imf ] step 164000  raw_mse_u 72.7362  raw_mse_v 14.3239  a0 0.41861  gnorm 53.11  (adaptive loss 1.9979 — flat by design)
[ train_imf ] step 164200  raw_mse_u 13.2969  raw_mse_v 13.0342  a0 0.32331  gnorm 43.15  (adaptive loss 1.9976 — flat by design)
[ train_imf ] step 164400  raw_mse_u 19.3018  raw_mse_v 15.3093  a0 0.20923  gnorm 40.35  (adaptive loss 1.9979 — flat by design)
[ train_imf ] step 164600  raw_mse_u 15.5594  raw_mse_v 14.8589  a0 0.37051  gnorm 28.84  (adaptive loss 1.9975 — flat by design)
[ train_imf ] step 164800  raw_mse_u 19.9702  raw_mse_v 12.0750  a0 0.40929  gnorm 32.11  (adaptive loss 1.9971 — flat by design)
[ train_imf ] step 165000  raw_mse_u 19.9102  raw_mse_v 17.7035  a0 0.30913  gnorm 47.58  (adaptive loss 1.9976 — flat by design)
[ train_imf ] step 165200  raw_mse_u 26.6575  raw_mse_v 15.3859  a0 0.59970  gnorm 32.42  (adaptive loss 1.9974 — flat by design)
[ train_imf ] step 165400  raw_mse_u 20.8399  raw_mse_v 10.7108  a0 0.48796  gnorm 36.56  (adaptive loss 1.9971 — flat by design)
[ train_imf ] step 165600  raw_mse_u 14.6070  raw_mse_v 15.6342  a0 0.22032  gnorm 30.01  (adaptive loss 1.9977 — flat by design)
[ train_imf ] step 165800  raw_mse_u 22.7598  raw_mse_v 14.2321  a0 0.45387  gnorm 25.55  (adaptive loss 1.9976 — flat by design)
[ train_imf ] step 166000  raw_mse_u 13.1657  raw_mse_v 11.0868  a0 0.30082  gnorm 31.89  (adaptive loss 1.9976 — flat by design)
[ train_imf ] step 166200  raw_mse_u 12.3904  raw_mse_v 11.8089  a0 0.19475  gnorm 33.20  (adaptive loss 1.9973 — flat by design)
[ train_imf ] step 166400  raw_mse_u 12.1415  raw_mse_v 11.2972  a0 0.42236  gnorm 22.12  (adaptive loss 1.9964 — flat by design)
[ train_imf ] step 166600  raw_mse_u 13.7590  raw_mse_v 11.9768  a0 0.24727  gnorm 25.91  (adaptive loss 1.9976 — flat by design)
[ train_imf ] step 166800  raw_mse_u 15.9376  raw_mse_v 11.1481  a0 0.32168  gnorm 43.28  (adaptive loss 1.9970 — flat by design)
[ train_imf ] step 167000  raw_mse_u 15.6878  raw_mse_v 12.4339  a0 0.50978  gnorm 29.24  (adaptive loss 1.9975 — flat by design)
[ train_imf ] step 167200  raw_mse_u 18.4085  raw_mse_v 15.2858  a0 0.31979  gnorm 39.50  (adaptive loss 1.9981 — flat by design)
[ train_imf ] step 167400  raw_mse_u 16.0292  raw_mse_v 12.3603  a0 0.17361  gnorm 23.42  (adaptive loss 1.9972 — flat by design)
[ train_imf ] step 167600  raw_mse_u 10.6907  raw_mse_v 10.2166  a0 0.22111  gnorm 25.52  (adaptive loss 1.9969 — flat by design)
[ train_imf ] step 167800  raw_mse_u 16.9399  raw_mse_v 14.8105  a0 0.51051  gnorm 36.55  (adaptive loss 1.9973 — flat by design)
[ train_imf ] step 168000  raw_mse_u 11.0335  raw_mse_v 10.9898  a0 0.17511  gnorm 30.56  (adaptive loss 1.9969 — flat by design)
[ train_imf ] step 168200  raw_mse_u 13.7687  raw_mse_v 10.2091  a0 0.34073  gnorm 28.43  (adaptive loss 1.9975 — flat by design)
[ train_imf ] step 168400  raw_mse_u 32.4517  raw_mse_v 16.3325  a0 1.20893  gnorm 40.94  (adaptive loss 1.9972 — flat by design)
[ train_imf ] step 168600  raw_mse_u 14.0083  raw_mse_v 11.6882  a0 0.27789  gnorm 29.42  (adaptive loss 1.9975 — flat by design)
[ train_imf ] step 168800  raw_mse_u 16.4779  raw_mse_v 16.0670  a0 0.44293  gnorm 31.59  (adaptive loss 1.9983 — flat by design)
[ train_imf ] step 169000  raw_mse_u 80.4567  raw_mse_v 16.3707  a0 4.00552  gnorm 43.79  (adaptive loss 1.9971 — flat by design)
[ train_imf ] step 169200  raw_mse_u 23.8004  raw_mse_v 14.1436  a0 0.68452  gnorm 28.83  (adaptive loss 1.9972 — flat by design)
[ train_imf ] step 169400  raw_mse_u 10.9059  raw_mse_v 11.9073  a0 0.16208  gnorm 37.64  (adaptive loss 1.9971 — flat by design)
[ train_imf ] step 169600  raw_mse_u 15.7520  raw_mse_v 13.1708  a0 0.08398  gnorm 20.22  (adaptive loss 1.9978 — flat by design)
[ train_imf ] step 169800  raw_mse_u 27.7670  raw_mse_v 18.9966  a0 0.44879  gnorm 45.82  (adaptive loss 1.9979 — flat by design)
[ train_imf ] step 170000  raw_mse_u 19.3737  raw_mse_v 13.2215  a0 0.33033  gnorm 56.07  (adaptive loss 1.9978 — flat by design)
[ train_imf ] step 170200  raw_mse_u 19.2561  raw_mse_v 13.8467  a0 0.28004  gnorm 32.96  (adaptive loss 1.9977 — flat by design)
[ train_imf ] step 170400  raw_mse_u 13.6910  raw_mse_v 13.7683  a0 0.28976  gnorm 21.75  (adaptive loss 1.9976 — flat by design)
[ train_imf ] step 170600  raw_mse_u 9.2793  raw_mse_v 8.4171  a0 0.23296  gnorm 36.69  (adaptive loss 1.9971 — flat by design)
[ train_imf ] step 170800  raw_mse_u 12.5730  raw_mse_v 13.2464  a0 0.12751  gnorm 32.25  (adaptive loss 1.9968 — flat by design)
[ train_imf ] step 171000  raw_mse_u 14.2719  raw_mse_v 11.4782  a0 0.23480  gnorm 38.14  (adaptive loss 1.9977 — flat by design)
[ train_imf ] step 171200  raw_mse_u 14.7947  raw_mse_v 15.5339  a0 0.22171  gnorm 29.18  (adaptive loss 1.9966 — flat by design)
[ train_imf ] step 171400  raw_mse_u 9.9098  raw_mse_v 9.7420  a0 0.14501  gnorm 26.36  (adaptive loss 1.9970 — flat by design)
[ train_imf ] step 171600  raw_mse_u 12.7459  raw_mse_v 11.1169  a0 0.19414  gnorm 25.78  (adaptive loss 1.9978 — flat by design)
[ train_imf ] step 171800  raw_mse_u 37.8352  raw_mse_v 14.0295  a0 0.54321  gnorm 48.65  (adaptive loss 1.9978 — flat by design)
[ train_imf ] step 172000  raw_mse_u 14.0826  raw_mse_v 13.2502  a0 0.28353  gnorm 24.43  (adaptive loss 1.9978 — flat by design)
[ train_imf ] step 172200  raw_mse_u 12.7342  raw_mse_v 11.1303  a0 0.13271  gnorm 26.09  (adaptive loss 1.9976 — flat by design)
[ train_imf ] step 172400  raw_mse_u 14.0401  raw_mse_v 13.6134  a0 0.19421  gnorm 34.13  (adaptive loss 1.9978 — flat by design)
[ train_imf ] step 172600  raw_mse_u 21.1971  raw_mse_v 17.9119  a0 0.35756  gnorm 53.03  (adaptive loss 1.9979 — flat by design)
[ train_imf ] step 172800  raw_mse_u 17.5730  raw_mse_v 16.2929  a0 0.53909  gnorm 38.86  (adaptive loss 1.9976 — flat by design)
[ train_imf ] step 173000  raw_mse_u 16.1910  raw_mse_v 16.1225  a0 0.39382  gnorm 25.95  (adaptive loss 1.9976 — flat by design)
[ train_imf ] step 173200  raw_mse_u 15.4857  raw_mse_v 11.3654  a0 0.20081  gnorm 26.37  (adaptive loss 1.9974 — flat by design)
[ train_imf ] step 173400  raw_mse_u 14.5971  raw_mse_v 11.7144  a0 0.53367  gnorm 26.95  (adaptive loss 1.9971 — flat by design)
[ train_imf ] step 173600  raw_mse_u 14.9284  raw_mse_v 11.8835  a0 0.35028  gnorm 39.87  (adaptive loss 1.9975 — flat by design)
[ train_imf ] step 173800  raw_mse_u 9.7173  raw_mse_v 9.1540  a0 0.21944  gnorm 23.28  (adaptive loss 1.9968 — flat by design)
[ train_imf ] step 174000  raw_mse_u 15.1154  raw_mse_v 12.3178  a0 0.40800  gnorm 45.30  (adaptive loss 1.9974 — flat by design)
[ train_imf ] step 174200  raw_mse_u 15.1090  raw_mse_v 14.1674  a0 0.32061  gnorm 20.99  (adaptive loss 1.9977 — flat by design)
[ train_imf ] step 174400  raw_mse_u 14.1118  raw_mse_v 13.4585  a0 0.29921  gnorm 28.62  (adaptive loss 1.9974 — flat by design)
[ train_imf ] step 174600  raw_mse_u 9.8266  raw_mse_v 9.2338  a0 0.14873  gnorm 33.09  (adaptive loss 1.9964 — flat by design)
[ train_imf ] step 174800  raw_mse_u 22.7406  raw_mse_v 14.0461  a0 0.86116  gnorm 23.73  (adaptive loss 1.9974 — flat by design)
[ train_imf ] step 175000  raw_mse_u 18.1042  raw_mse_v 14.9936  a0 0.53746  gnorm 51.71  (adaptive loss 1.9979 — flat by design)
[ train_imf ] step 175200  raw_mse_u 12.3050  raw_mse_v 12.0642  a0 0.23623  gnorm 39.57  (adaptive loss 1.9977 — flat by design)
[ train_imf ] step 175400  raw_mse_u 19.6725  raw_mse_v 15.5179  a0 0.55520  gnorm 27.74  (adaptive loss 1.9976 — flat by design)
[ train_imf ] step 175600  raw_mse_u 14.5174  raw_mse_v 13.7358  a0 0.20109  gnorm 37.06  (adaptive loss 1.9978 — flat by design)
[ train_imf ] step 175800  raw_mse_u 16.7443  raw_mse_v 15.1964  a0 0.19043  gnorm 24.91  (adaptive loss 1.9977 — flat by design)
[ train_imf ] step 176000  raw_mse_u 14.2070  raw_mse_v 13.2990  a0 0.26149  gnorm 24.75  (adaptive loss 1.9979 — flat by design)
[ train_imf ] step 176200  raw_mse_u 41.6709  raw_mse_v 11.2981  a0 0.82635  gnorm 34.41  (adaptive loss 1.9977 — flat by design)
[ train_imf ] step 176400  raw_mse_u 13.2821  raw_mse_v 11.4397  a0 0.22540  gnorm 28.42  (adaptive loss 1.9973 — flat by design)
[ train_imf ] step 176600  raw_mse_u 24.5200  raw_mse_v 14.2351  a0 0.47588  gnorm 34.78  (adaptive loss 1.9977 — flat by design)
[ train_imf ] step 176800  raw_mse_u 26.6088  raw_mse_v 19.4212  a0 0.92855  gnorm 32.42  (adaptive loss 1.9976 — flat by design)
[ train_imf ] step 177000  raw_mse_u 13.7009  raw_mse_v 13.2417  a0 0.37517  gnorm 36.38  (adaptive loss 1.9974 — flat by design)
[ train_imf ] step 177200  raw_mse_u 22.5057  raw_mse_v 12.3627  a0 0.45968  gnorm 30.66  (adaptive loss 1.9974 — flat by design)
[ train_imf ] step 177400  raw_mse_u 35.2906  raw_mse_v 13.5881  a0 0.90741  gnorm 34.41  (adaptive loss 1.9970 — flat by design)
[ train_imf ] step 177600  raw_mse_u 17.7714  raw_mse_v 16.0647  a0 0.20644  gnorm 29.91  (adaptive loss 1.9977 — flat by design)
[ train_imf ] step 177800  raw_mse_u 14.5260  raw_mse_v 13.7669  a0 0.27356  gnorm 34.18  (adaptive loss 1.9977 — flat by design)
[ train_imf ] step 178000  raw_mse_u 17.3534  raw_mse_v 15.2554  a0 0.31452  gnorm 28.99  (adaptive loss 1.9976 — flat by design)
[ train_imf ] step 178200  raw_mse_u 15.2271  raw_mse_v 13.1130  a0 0.31340  gnorm 33.72  (adaptive loss 1.9970 — flat by design)
[ train_imf ] step 178400  raw_mse_u 12.4164  raw_mse_v 11.2882  a0 0.45367  gnorm 39.48  (adaptive loss 1.9976 — flat by design)
[ train_imf ] step 178600  raw_mse_u 12.7606  raw_mse_v 10.5856  a0 0.23726  gnorm 39.22  (adaptive loss 1.9971 — flat by design)
[ train_imf ] step 178800  raw_mse_u 12.8062  raw_mse_v 11.0359  a0 0.20843  gnorm 62.91  (adaptive loss 1.9969 — flat by design)
[ train_imf ] step 179000  raw_mse_u 19.7144  raw_mse_v 17.5252  a0 0.34684  gnorm 18.83  (adaptive loss 1.9976 — flat by design)
[ train_imf ] step 179200  raw_mse_u 17.9889  raw_mse_v 17.5942  a0 0.50421  gnorm 43.49  (adaptive loss 1.9980 — flat by design)
[ train_imf ] step 179400  raw_mse_u 17.4722  raw_mse_v 12.6554  a0 0.35455  gnorm 44.59  (adaptive loss 1.9978 — flat by design)
[ train_imf ] step 179600  raw_mse_u 13.3725  raw_mse_v 13.5207  a0 0.28849  gnorm 24.02  (adaptive loss 1.9975 — flat by design)
[ train_imf ] step 179800  raw_mse_u 22.6131  raw_mse_v 20.5283  a0 0.38218  gnorm 41.78  (adaptive loss 1.9978 — flat by design)
[ train_imf ] step 180000  raw_mse_u 14.3512  raw_mse_v 13.5031  a0 0.23279  gnorm 37.30  (adaptive loss 1.9969 — flat by design)
[ train_imf ] step 180200  raw_mse_u 15.9644  raw_mse_v 15.6580  a0 0.31113  gnorm 21.47  (adaptive loss 1.9977 — flat by design)
[ train_imf ] step 180400  raw_mse_u 17.4800  raw_mse_v 14.0550  a0 0.75622  gnorm 25.55  (adaptive loss 1.9976 — flat by design)
[ train_imf ] step 180600  raw_mse_u 13.5766  raw_mse_v 12.8865  a0 0.18401  gnorm 31.89  (adaptive loss 1.9972 — flat by design)
[ train_imf ] step 180800  raw_mse_u 14.2244  raw_mse_v 12.1699  a0 0.39227  gnorm 25.65  (adaptive loss 1.9972 — flat by design)
[ train_imf ] step 181000  raw_mse_u 57.6497  raw_mse_v 13.7614  a0 0.33141  gnorm 23.01  (adaptive loss 1.9977 — flat by design)
[ train_imf ] step 181200  raw_mse_u 22.7538  raw_mse_v 12.0058  a0 0.35936  gnorm 41.99  (adaptive loss 1.9976 — flat by design)
[ train_imf ] step 181400  raw_mse_u 12.4098  raw_mse_v 10.3595  a0 0.29008  gnorm 42.00  (adaptive loss 1.9971 — flat by design)
[ train_imf ] step 181600  raw_mse_u 10.9796  raw_mse_v 10.5446  a0 0.26955  gnorm 32.15  (adaptive loss 1.9972 — flat by design)
[ train_imf ] step 181800  raw_mse_u 15.4882  raw_mse_v 12.1647  a0 0.34317  gnorm 25.22  (adaptive loss 1.9976 — flat by design)
[ train_imf ] step 182000  raw_mse_u 25.4982  raw_mse_v 13.7691  a0 0.78084  gnorm 75.27  (adaptive loss 1.9978 — flat by design)
[ train_imf ] step 182200  raw_mse_u 17.2243  raw_mse_v 14.2621  a0 0.21829  gnorm 23.72  (adaptive loss 1.9974 — flat by design)
[ train_imf ] step 182400  raw_mse_u 16.7921  raw_mse_v 10.7771  a0 0.24899  gnorm 32.05  (adaptive loss 1.9975 — flat by design)
[ train_imf ] step 182600  raw_mse_u 14.0046  raw_mse_v 14.0290  a0 0.51248  gnorm 28.26  (adaptive loss 1.9975 — flat by design)
[ train_imf ] step 182800  raw_mse_u 17.6709  raw_mse_v 14.8749  a0 0.53258  gnorm 27.73  (adaptive loss 1.9975 — flat by design)
[ train_imf ] step 183000  raw_mse_u 26.4216  raw_mse_v 10.5836  a0 0.37589  gnorm 33.17  (adaptive loss 1.9976 — flat by design)
[ train_imf ] step 183200  raw_mse_u 29.1463  raw_mse_v 15.2988  a0 1.12527  gnorm 31.82  (adaptive loss 1.9975 — flat by design)
[ train_imf ] step 183400  raw_mse_u 12.5011  raw_mse_v 11.3733  a0 0.25351  gnorm 24.15  (adaptive loss 1.9970 — flat by design)
[ train_imf ] step 183600  raw_mse_u 24.8160  raw_mse_v 15.3777  a0 0.34549  gnorm 34.77  (adaptive loss 1.9975 — flat by design)
[ train_imf ] step 183800  raw_mse_u 12.6850  raw_mse_v 10.6327  a0 0.27497  gnorm 26.12  (adaptive loss 1.9971 — flat by design)
[ train_imf ] step 184000  raw_mse_u 18.4077  raw_mse_v 14.9055  a0 0.37315  gnorm 28.88  (adaptive loss 1.9970 — flat by design)
[ train_imf ] step 184200  raw_mse_u 16.1872  raw_mse_v 12.0815  a0 0.28273  gnorm 29.73  (adaptive loss 1.9972 — flat by design)
[ train_imf ] step 184400  raw_mse_u 26.8866  raw_mse_v 11.2568  a0 0.39996  gnorm 54.22  (adaptive loss 1.9973 — flat by design)
[ train_imf ] step 184600  raw_mse_u 11.0722  raw_mse_v 10.9336  a0 0.16219  gnorm 34.27  (adaptive loss 1.9968 — flat by design)
[ train_imf ] step 184800  raw_mse_u 13.1823  raw_mse_v 10.1656  a0 0.14816  gnorm 40.32  (adaptive loss 1.9975 — flat by design)
[ train_imf ] step 185000  raw_mse_u 23.7278  raw_mse_v 11.3482  a0 0.46737  gnorm 43.86  (adaptive loss 1.9975 — flat by design)
[ train_imf ] step 185200  raw_mse_u 12.4415  raw_mse_v 13.8290  a0 0.15362  gnorm 21.26  (adaptive loss 1.9975 — flat by design)
[ train_imf ] step 185400  raw_mse_u 16.0425  raw_mse_v 14.0477  a0 0.52214  gnorm 25.12  (adaptive loss 1.9972 — flat by design)
[ train_imf ] step 185600  raw_mse_u 13.5621  raw_mse_v 12.0587  a0 0.34020  gnorm 34.59  (adaptive loss 1.9974 — flat by design)
[ train_imf ] step 185800  raw_mse_u 17.2779  raw_mse_v 14.4697  a0 0.22625  gnorm 44.36  (adaptive loss 1.9978 — flat by design)
[ train_imf ] step 186000  raw_mse_u 17.0649  raw_mse_v 15.3824  a0 0.16081  gnorm 59.05  (adaptive loss 1.9974 — flat by design)
[ train_imf ] step 186200  raw_mse_u 14.2620  raw_mse_v 14.0409  a0 0.36165  gnorm 21.46  (adaptive loss 1.9970 — flat by design)
[ train_imf ] step 186400  raw_mse_u 14.9280  raw_mse_v 12.2106  a0 0.33367  gnorm 23.82  (adaptive loss 1.9971 — flat by design)
[ train_imf ] step 186600  raw_mse_u 13.8792  raw_mse_v 11.6096  a0 0.29872  gnorm 24.28  (adaptive loss 1.9958 — flat by design)
[ train_imf ] step 186800  raw_mse_u 17.4886  raw_mse_v 16.1874  a0 0.22285  gnorm 30.04  (adaptive loss 1.9975 — flat by design)
[ train_imf ] step 187000  raw_mse_u 12.4533  raw_mse_v 12.1327  a0 0.26996  gnorm 34.20  (adaptive loss 1.9971 — flat by design)
[ train_imf ] step 187200  raw_mse_u 12.5556  raw_mse_v 12.4507  a0 0.28600  gnorm 29.24  (adaptive loss 1.9970 — flat by design)
[ train_imf ] step 187400  raw_mse_u 14.4053  raw_mse_v 12.7923  a0 0.19311  gnorm 31.53  (adaptive loss 1.9976 — flat by design)
[ train_imf ] step 187600  raw_mse_u 56.5661  raw_mse_v 14.9481  a0 1.67370  gnorm 43.72  (adaptive loss 1.9977 — flat by design)
[ train_imf ] step 187800  raw_mse_u 8.6002  raw_mse_v 7.9558  a0 0.15287  gnorm 30.41  (adaptive loss 1.9959 — flat by design)
[ train_imf ] step 188000  raw_mse_u 12.9149  raw_mse_v 12.9497  a0 0.22796  gnorm 38.84  (adaptive loss 1.9972 — flat by design)
[ train_imf ] step 188200  raw_mse_u 26.9851  raw_mse_v 14.0040  a0 0.56103  gnorm 28.70  (adaptive loss 1.9972 — flat by design)
[ train_imf ] step 188400  raw_mse_u 25.3505  raw_mse_v 10.2622  a0 0.70703  gnorm 25.41  (adaptive loss 1.9972 — flat by design)
[ train_imf ] step 188600  raw_mse_u 49.8741  raw_mse_v 14.5315  a0 2.96684  gnorm 29.57  (adaptive loss 1.9978 — flat by design)
[ train_imf ] step 188800  raw_mse_u 13.8365  raw_mse_v 13.9506  a0 0.15688  gnorm 41.40  (adaptive loss 1.9972 — flat by design)
[ train_imf ] step 189000  raw_mse_u 15.1378  raw_mse_v 15.0188  a0 0.28234  gnorm 23.68  (adaptive loss 1.9971 — flat by design)
[ train_imf ] step 189200  raw_mse_u 11.7231  raw_mse_v 9.8852  a0 0.13911  gnorm 40.09  (adaptive loss 1.9969 — flat by design)
[ train_imf ] step 189400  raw_mse_u 15.9882  raw_mse_v 12.9045  a0 0.42646  gnorm 34.67  (adaptive loss 1.9973 — flat by design)
[ train_imf ] step 189600  raw_mse_u 14.1019  raw_mse_v 9.5121  a0 0.26305  gnorm 30.07  (adaptive loss 1.9971 — flat by design)
[ train_imf ] step 189800  raw_mse_u 17.5783  raw_mse_v 14.9885  a0 0.32252  gnorm 33.36  (adaptive loss 1.9976 — flat by design)
[ train_imf ] step 190000  raw_mse_u 14.0377  raw_mse_v 11.3449  a0 0.15971  gnorm 40.09  (adaptive loss 1.9970 — flat by design)
[ train_imf ] step 190200  raw_mse_u 22.5012  raw_mse_v 17.4093  a0 0.45323  gnorm 33.86  (adaptive loss 1.9978 — flat by design)
[ train_imf ] step 190400  raw_mse_u 13.4982  raw_mse_v 12.1565  a0 0.15184  gnorm 24.73  (adaptive loss 1.9975 — flat by design)
[ train_imf ] step 190600  raw_mse_u 11.8960  raw_mse_v 10.5113  a0 0.22476  gnorm 40.43  (adaptive loss 1.9972 — flat by design)
[ train_imf ] step 190800  raw_mse_u 20.6339  raw_mse_v 13.8209  a0 0.24164  gnorm 26.82  (adaptive loss 1.9968 — flat by design)
[ train_imf ] step 191000  raw_mse_u 15.2320  raw_mse_v 11.2052  a0 0.32323  gnorm 48.81  (adaptive loss 1.9970 — flat by design)
[ train_imf ] step 191200  raw_mse_u 14.6367  raw_mse_v 11.4924  a0 0.20431  gnorm 38.48  (adaptive loss 1.9972 — flat by design)
[ train_imf ] step 191400  raw_mse_u 14.0495  raw_mse_v 12.9506  a0 0.25544  gnorm 33.13  (adaptive loss 1.9970 — flat by design)
[ train_imf ] step 191600  raw_mse_u 13.9204  raw_mse_v 14.2147  a0 0.31109  gnorm 30.60  (adaptive loss 1.9973 — flat by design)
[ train_imf ] step 191800  raw_mse_u 13.9910  raw_mse_v 13.6897  a0 0.25607  gnorm 27.39  (adaptive loss 1.9976 — flat by design)
[ train_imf ] step 192000  raw_mse_u 15.1685  raw_mse_v 14.4696  a0 0.23598  gnorm 33.60  (adaptive loss 1.9980 — flat by design)
[ train_imf ] step 192200  raw_mse_u 16.5918  raw_mse_v 14.5933  a0 0.29677  gnorm 26.01  (adaptive loss 1.9966 — flat by design)
[ train_imf ] step 192400  raw_mse_u 10.7665  raw_mse_v 10.2032  a0 0.09998  gnorm 22.10  (adaptive loss 1.9972 — flat by design)
[ train_imf ] step 192600  raw_mse_u 15.7339  raw_mse_v 15.0137  a0 0.27785  gnorm 49.80  (adaptive loss 1.9975 — flat by design)
[ train_imf ] step 192800  raw_mse_u 13.4718  raw_mse_v 13.0014  a0 0.21339  gnorm 29.47  (adaptive loss 1.9973 — flat by design)
[ train_imf ] step 193000  raw_mse_u 30.3435  raw_mse_v 11.6194  a0 1.05993  gnorm 55.96  (adaptive loss 1.9975 — flat by design)
[ train_imf ] step 193200  raw_mse_u 14.0411  raw_mse_v 13.6302  a0 0.28386  gnorm 30.29  (adaptive loss 1.9975 — flat by design)
[ train_imf ] step 193400  raw_mse_u 18.5383  raw_mse_v 15.2432  a0 0.34740  gnorm 29.38  (adaptive loss 1.9979 — flat by design)
[ train_imf ] step 193600  raw_mse_u 25.9584  raw_mse_v 17.5961  a0 0.52069  gnorm 27.08  (adaptive loss 1.9978 — flat by design)
[ train_imf ] step 193800  raw_mse_u 14.7071  raw_mse_v 15.2172  a0 0.19760  gnorm 33.04  (adaptive loss 1.9979 — flat by design)
[ train_imf ] step 194000  raw_mse_u 53.0315  raw_mse_v 15.6057  a0 0.65894  gnorm 57.28  (adaptive loss 1.9979 — flat by design)
[ train_imf ] step 194200  raw_mse_u 16.4003  raw_mse_v 14.1213  a0 0.39346  gnorm 38.43  (adaptive loss 1.9971 — flat by design)
[ train_imf ] step 194400  raw_mse_u 12.1208  raw_mse_v 12.3553  a0 0.22531  gnorm 37.56  (adaptive loss 1.9970 — flat by design)
[ train_imf ] step 194600  raw_mse_u 15.9211  raw_mse_v 12.6662  a0 0.16862  gnorm 23.98  (adaptive loss 1.9979 — flat by design)
[ train_imf ] step 194800  raw_mse_u 13.2660  raw_mse_v 15.5934  a0 0.29202  gnorm 35.52  (adaptive loss 1.9973 — flat by design)
[ train_imf ] step 195000  raw_mse_u 14.5801  raw_mse_v 13.4830  a0 0.42675  gnorm 25.91  (adaptive loss 1.9977 — flat by design)
[ train_imf ] step 195200  raw_mse_u 16.2325  raw_mse_v 10.2995  a0 0.31958  gnorm 27.05  (adaptive loss 1.9975 — flat by design)
[ train_imf ] step 195400  raw_mse_u 13.2117  raw_mse_v 10.0765  a0 0.18052  gnorm 36.23  (adaptive loss 1.9970 — flat by design)
[ train_imf ] step 195600  raw_mse_u 12.8049  raw_mse_v 13.2553  a0 0.21807  gnorm 58.28  (adaptive loss 1.9970 — flat by design)
[ train_imf ] step 195800  raw_mse_u 17.9166  raw_mse_v 15.6262  a0 0.42590  gnorm 32.94  (adaptive loss 1.9965 — flat by design)
[ train_imf ] step 196000  raw_mse_u 17.5258  raw_mse_v 16.0674  a0 0.23415  gnorm 34.68  (adaptive loss 1.9973 — flat by design)
[ train_imf ] step 196200  raw_mse_u 13.9389  raw_mse_v 12.5323  a0 0.18032  gnorm 29.39  (adaptive loss 1.9973 — flat by design)
[ train_imf ] step 196400  raw_mse_u 19.7948  raw_mse_v 17.9841  a0 0.24575  gnorm 28.77  (adaptive loss 1.9973 — flat by design)
[ train_imf ] step 196600  raw_mse_u 16.9404  raw_mse_v 13.3412  a0 0.29247  gnorm 39.77  (adaptive loss 1.9973 — flat by design)
[ train_imf ] step 196800  raw_mse_u 25.7585  raw_mse_v 11.6731  a0 0.28257  gnorm 49.37  (adaptive loss 1.9978 — flat by design)
[ train_imf ] step 197000  raw_mse_u 21.3179  raw_mse_v 15.8345  a0 0.67484  gnorm 57.05  (adaptive loss 1.9977 — flat by design)
[ train_imf ] step 197200  raw_mse_u 12.8182  raw_mse_v 9.9853  a0 0.19438  gnorm 22.74  (adaptive loss 1.9969 — flat by design)
[ train_imf ] step 197400  raw_mse_u 20.2985  raw_mse_v 15.0582  a0 0.23230  gnorm 20.97  (adaptive loss 1.9969 — flat by design)
[ train_imf ] step 197600  raw_mse_u 14.9238  raw_mse_v 11.9218  a0 0.37343  gnorm 45.97  (adaptive loss 1.9967 — flat by design)
[ train_imf ] step 197800  raw_mse_u 15.7615  raw_mse_v 11.1072  a0 0.41693  gnorm 37.24  (adaptive loss 1.9969 — flat by design)
[ train_imf ] step 198000  raw_mse_u 23.1572  raw_mse_v 10.8882  a0 0.29025  gnorm 44.38  (adaptive loss 1.9974 — flat by design)
[ train_imf ] step 198200  raw_mse_u 14.2046  raw_mse_v 13.9999  a0 0.28002  gnorm 37.17  (adaptive loss 1.9965 — flat by design)
[ train_imf ] step 198400  raw_mse_u 14.1417  raw_mse_v 13.4621  a0 0.24124  gnorm 42.07  (adaptive loss 1.9974 — flat by design)
[ train_imf ] step 198600  raw_mse_u 15.6699  raw_mse_v 12.4842  a0 0.43227  gnorm 27.76  (adaptive loss 1.9977 — flat by design)
[ train_imf ] step 198800  raw_mse_u 15.5557  raw_mse_v 13.1225  a0 0.38196  gnorm 67.03  (adaptive loss 1.9978 — flat by design)
[ train_imf ] step 199000  raw_mse_u 12.5768  raw_mse_v 11.9032  a0 0.23698  gnorm 20.20  (adaptive loss 1.9965 — flat by design)
[ train_imf ] step 199200  raw_mse_u 12.0259  raw_mse_v 10.9074  a0 0.13207  gnorm 29.44  (adaptive loss 1.9973 — flat by design)
[ train_imf ] step 199400  raw_mse_u 54.6619  raw_mse_v 11.3547  a0 1.38933  gnorm 38.35  (adaptive loss 1.9973 — flat by design)
[ train_imf ] step 199600  raw_mse_u 12.9089  raw_mse_v 13.3983  a0 0.16086  gnorm 29.88  (adaptive loss 1.9976 — flat by design)
[ train_imf ] step 199800  raw_mse_u 14.9525  raw_mse_v 14.1867  a0 0.23781  gnorm 22.21  (adaptive loss 1.9975 — flat by design)
[ train_imf ] step 200000  raw_mse_u 22.4250  raw_mse_v 14.0481  a0 1.15462  gnorm 34.63  (adaptive loss 1.9966 — flat by design)
[ train_imf ] step 200200  raw_mse_u 14.4688  raw_mse_v 12.9154  a0 0.32823  gnorm 28.10  (adaptive loss 1.9966 — flat by design)
[ train_imf ] step 200400  raw_mse_u 16.1661  raw_mse_v 12.1032  a0 0.29389  gnorm 23.82  (adaptive loss 1.9974 — flat by design)
[ train_imf ] step 200600  raw_mse_u 14.8096  raw_mse_v 14.5405  a0 0.23623  gnorm 39.50  (adaptive loss 1.9977 — flat by design)
[ train_imf ] step 200800  raw_mse_u 13.2980  raw_mse_v 12.6834  a0 0.12614  gnorm 28.66  (adaptive loss 1.9972 — flat by design)
[ train_imf ] step 201000  raw_mse_u 21.4884  raw_mse_v 8.1708  a0 0.47488  gnorm 21.31  (adaptive loss 1.9973 — flat by design)
[ train_imf ] step 201200  raw_mse_u 10.3848  raw_mse_v 10.2171  a0 0.13364  gnorm 36.62  (adaptive loss 1.9971 — flat by design)
[ train_imf ] step 201400  raw_mse_u 19.9701  raw_mse_v 15.1368  a0 0.49061  gnorm 34.00  (adaptive loss 1.9974 — flat by design)
[ train_imf ] step 201600  raw_mse_u 12.4043  raw_mse_v 10.3146  a0 0.30328  gnorm 32.02  (adaptive loss 1.9975 — flat by design)
[ train_imf ] step 201800  raw_mse_u 8.7057  raw_mse_v 8.0366  a0 0.21845  gnorm 33.58  (adaptive loss 1.9970 — flat by design)
[ train_imf ] step 202000  raw_mse_u 10.5417  raw_mse_v 10.6512  a0 0.23919  gnorm 20.37  (adaptive loss 1.9971 — flat by design)
[ train_imf ] step 202200  raw_mse_u 25.5240  raw_mse_v 12.7389  a0 0.99267  gnorm 31.35  (adaptive loss 1.9977 — flat by design)
[ train_imf ] step 202400  raw_mse_u 25.0567  raw_mse_v 18.6730  a0 0.34520  gnorm 35.14  (adaptive loss 1.9982 — flat by design)
[ train_imf ] step 202600  raw_mse_u 44.7125  raw_mse_v 15.6746  a0 1.13685  gnorm 37.39  (adaptive loss 1.9978 — flat by design)
[ train_imf ] step 202800  raw_mse_u 13.7036  raw_mse_v 12.5074  a0 0.28119  gnorm 27.57  (adaptive loss 1.9976 — flat by design)
[ train_imf ] step 203000  raw_mse_u 25.3333  raw_mse_v 16.5992  a0 0.44872  gnorm 27.92  (adaptive loss 1.9981 — flat by design)
[ train_imf ] step 203200  raw_mse_u 15.8455  raw_mse_v 11.8351  a0 0.31157  gnorm 24.47  (adaptive loss 1.9975 — flat by design)
[ train_imf ] step 203400  raw_mse_u 12.1509  raw_mse_v 9.8707  a0 0.19450  gnorm 35.41  (adaptive loss 1.9966 — flat by design)
[ train_imf ] step 203600  raw_mse_u 15.9360  raw_mse_v 14.1474  a0 0.54005  gnorm 30.52  (adaptive loss 1.9969 — flat by design)
[ train_imf ] step 203800  raw_mse_u 18.0366  raw_mse_v 10.5086  a0 0.69373  gnorm 38.81  (adaptive loss 1.9972 — flat by design)
[ train_imf ] step 204000  raw_mse_u 11.2188  raw_mse_v 11.0990  a0 0.12519  gnorm 21.98  (adaptive loss 1.9968 — flat by design)
[ train_imf ] step 204200  raw_mse_u 23.6351  raw_mse_v 12.3958  a0 0.56293  gnorm 70.49  (adaptive loss 1.9960 — flat by design)
[ train_imf ] step 204400  raw_mse_u 52.3237  raw_mse_v 13.2683  a0 0.51835  gnorm 47.40  (adaptive loss 1.9971 — flat by design)
[ train_imf ] step 204600  raw_mse_u 13.3466  raw_mse_v 12.3233  a0 0.21799  gnorm 41.51  (adaptive loss 1.9976 — flat by design)
[ train_imf ] step 204800  raw_mse_u 19.9942  raw_mse_v 13.8077  a0 0.84600  gnorm 47.97  (adaptive loss 1.9974 — flat by design)
[ train_imf ] step 205000  raw_mse_u 11.1666  raw_mse_v 10.3537  a0 0.34490  gnorm 37.14  (adaptive loss 1.9968 — flat by design)
[ train_imf ] step 205200  raw_mse_u 18.2144  raw_mse_v 10.8457  a0 0.20152  gnorm 26.67  (adaptive loss 1.9973 — flat by design)
[ train_imf ] step 205400  raw_mse_u 13.4883  raw_mse_v 12.1687  a0 0.34935  gnorm 32.62  (adaptive loss 1.9972 — flat by design)
[ train_imf ] step 205600  raw_mse_u 12.6473  raw_mse_v 10.9117  a0 0.21896  gnorm 25.83  (adaptive loss 1.9969 — flat by design)
[ train_imf ] step 205800  raw_mse_u 12.5533  raw_mse_v 11.5866  a0 0.23229  gnorm 32.60  (adaptive loss 1.9972 — flat by design)
[ train_imf ] step 206000  raw_mse_u 14.6341  raw_mse_v 11.7644  a0 0.32393  gnorm 22.92  (adaptive loss 1.9968 — flat by design)
[ train_imf ] step 206200  raw_mse_u 13.7943  raw_mse_v 12.0095  a0 0.20846  gnorm 28.16  (adaptive loss 1.9972 — flat by design)
[ train_imf ] step 206400  raw_mse_u 17.3514  raw_mse_v 12.9683  a0 0.30768  gnorm 27.34  (adaptive loss 1.9978 — flat by design)
[ train_imf ] step 206600  raw_mse_u 20.2680  raw_mse_v 13.1395  a0 0.76329  gnorm 24.57  (adaptive loss 1.9972 — flat by design)
[ train_imf ] step 206800  raw_mse_u 24.0933  raw_mse_v 13.4502  a0 0.65976  gnorm 41.89  (adaptive loss 1.9972 — flat by design)
[ train_imf ] step 207000  raw_mse_u 13.6254  raw_mse_v 12.1881  a0 0.21043  gnorm 31.76  (adaptive loss 1.9970 — flat by design)
[ train_imf ] step 207200  raw_mse_u 17.9099  raw_mse_v 14.2551  a0 0.43838  gnorm 24.04  (adaptive loss 1.9974 — flat by design)
[ train_imf ] step 207400  raw_mse_u 12.6187  raw_mse_v 11.5649  a0 0.33302  gnorm 43.52  (adaptive loss 1.9963 — flat by design)
[ train_imf ] step 207600  raw_mse_u 13.3571  raw_mse_v 11.9062  a0 0.26426  gnorm 26.82  (adaptive loss 1.9964 — flat by design)
[ train_imf ] step 207800  raw_mse_u 10.5631  raw_mse_v 10.7188  a0 0.24819  gnorm 26.15  (adaptive loss 1.9972 — flat by design)
[ train_imf ] step 208000  raw_mse_u 15.7443  raw_mse_v 13.9841  a0 0.20500  gnorm 19.66  (adaptive loss 1.9980 — flat by design)
[ train_imf ] step 208200  raw_mse_u 78.8468  raw_mse_v 11.5043  a0 2.38815  gnorm 24.10  (adaptive loss 1.9972 — flat by design)
[ train_imf ] step 208400  raw_mse_u 11.9389  raw_mse_v 11.7376  a0 0.20908  gnorm 23.16  (adaptive loss 1.9976 — flat by design)
[ train_imf ] step 208600  raw_mse_u 13.5531  raw_mse_v 10.4088  a0 0.16468  gnorm 25.98  (adaptive loss 1.9972 — flat by design)
[ train_imf ] step 208800  raw_mse_u 13.6346  raw_mse_v 12.9761  a0 0.33287  gnorm 35.03  (adaptive loss 1.9977 — flat by design)
[ train_imf ] step 209000  raw_mse_u 12.0381  raw_mse_v 11.8721  a0 0.38808  gnorm 28.68  (adaptive loss 1.9971 — flat by design)
[ train_imf ] step 209200  raw_mse_u 18.6947  raw_mse_v 16.0289  a0 0.22154  gnorm 30.00  (adaptive loss 1.9972 — flat by design)
[ train_imf ] step 209400  raw_mse_u 28.3967  raw_mse_v 13.2606  a0 0.90447  gnorm 30.46  (adaptive loss 1.9971 — flat by design)
[ train_imf ] step 209600  raw_mse_u 640.5720  raw_mse_v 10.7341  a0 8.37645  gnorm 29.48  (adaptive loss 1.9975 — flat by design)
[ train_imf ] step 209800  raw_mse_u 13.9495  raw_mse_v 13.6561  a0 0.34141  gnorm 30.06  (adaptive loss 1.9976 — flat by design)
[ train_imf ] step 210000  raw_mse_u 14.2538  raw_mse_v 8.8516  a0 0.18049  gnorm 43.13  (adaptive loss 1.9965 — flat by design)
[ train_imf ] step 210200  raw_mse_u 15.3795  raw_mse_v 15.4143  a0 0.21698  gnorm 34.52  (adaptive loss 1.9972 — flat by design)
[ train_imf ] step 210400  raw_mse_u 44.2953  raw_mse_v 10.7969  a0 0.79229  gnorm 32.09  (adaptive loss 1.9971 — flat by design)
[ train_imf ] step 210600  raw_mse_u 11.8629  raw_mse_v 10.6647  a0 0.17274  gnorm 36.99  (adaptive loss 1.9970 — flat by design)
[ train_imf ] step 210800  raw_mse_u 12.6225  raw_mse_v 10.5709  a0 0.16832  gnorm 30.01  (adaptive loss 1.9973 — flat by design)
[ train_imf ] step 211000  raw_mse_u 16.1455  raw_mse_v 12.2099  a0 0.21404  gnorm 32.84  (adaptive loss 1.9971 — flat by design)
[ train_imf ] step 211200  raw_mse_u 109.4956  raw_mse_v 16.4846  a0 2.32492  gnorm 41.93  (adaptive loss 1.9973 — flat by design)
[ train_imf ] step 211400  raw_mse_u 10.4192  raw_mse_v 9.4091  a0 0.17863  gnorm 40.41  (adaptive loss 1.9971 — flat by design)
[ train_imf ] step 211600  raw_mse_u 31.2393  raw_mse_v 18.4821  a0 1.35617  gnorm 21.54  (adaptive loss 1.9982 — flat by design)
[ train_imf ] step 211800  raw_mse_u 14.8378  raw_mse_v 13.4084  a0 0.24824  gnorm 60.61  (adaptive loss 1.9969 — flat by design)
[ train_imf ] step 212000  raw_mse_u 131.7818  raw_mse_v 11.0232  a0 5.72079  gnorm 43.39  (adaptive loss 1.9973 — flat by design)
[ train_imf ] step 212200  raw_mse_u 14.4336  raw_mse_v 10.0530  a0 0.20551  gnorm 32.14  (adaptive loss 1.9970 — flat by design)
[ train_imf ] step 212400  raw_mse_u 13.7748  raw_mse_v 11.9011  a0 0.37358  gnorm 27.93  (adaptive loss 1.9973 — flat by design)
[ train_imf ] step 212600  raw_mse_u 64.0206  raw_mse_v 11.5051  a0 0.77481  gnorm 37.04  (adaptive loss 1.9972 — flat by design)
[ train_imf ] step 212800  raw_mse_u 15.8839  raw_mse_v 11.3809  a0 0.29629  gnorm 27.62  (adaptive loss 1.9972 — flat by design)
[ train_imf ] step 213000  raw_mse_u 16.5023  raw_mse_v 17.1073  a0 0.39329  gnorm 39.38  (adaptive loss 1.9977 — flat by design)
[ train_imf ] step 213200  raw_mse_u 14.7554  raw_mse_v 10.2301  a0 0.14916  gnorm 24.61  (adaptive loss 1.9971 — flat by design)
[ train_imf ] step 213400  raw_mse_u 14.9421  raw_mse_v 15.8896  a0 0.23840  gnorm 23.90  (adaptive loss 1.9980 — flat by design)
[ train_imf ] step 213600  raw_mse_u 107.5316  raw_mse_v 11.3844  a0 2.70533  gnorm 23.48  (adaptive loss 1.9971 — flat by design)
[ train_imf ] step 213800  raw_mse_u 14.6064  raw_mse_v 9.7529  a0 0.32169  gnorm 24.34  (adaptive loss 1.9974 — flat by design)
[ train_imf ] step 214000  raw_mse_u 11.2630  raw_mse_v 10.1404  a0 0.23769  gnorm 30.11  (adaptive loss 1.9972 — flat by design)
[ train_imf ] step 214200  raw_mse_u 11.2277  raw_mse_v 11.3853  a0 0.24021  gnorm 26.93  (adaptive loss 1.9972 — flat by design)
[ train_imf ] step 214400  raw_mse_u 47.0910  raw_mse_v 10.2336  a0 1.00776  gnorm 37.91  (adaptive loss 1.9971 — flat by design)
[ train_imf ] step 214600  raw_mse_u 16.3322  raw_mse_v 15.3503  a0 0.41067  gnorm 35.97  (adaptive loss 1.9975 — flat by design)
[ train_imf ] step 214800  raw_mse_u 11.7261  raw_mse_v 10.5991  a0 0.24287  gnorm 33.08  (adaptive loss 1.9970 — flat by design)
[ train_imf ] step 215000  raw_mse_u 17.8681  raw_mse_v 16.7616  a0 0.35670  gnorm 26.27  (adaptive loss 1.9971 — flat by design)
[ train_imf ] step 215200  raw_mse_u 22.5653  raw_mse_v 12.5326  a0 1.10640  gnorm 30.58  (adaptive loss 1.9979 — flat by design)
[ train_imf ] step 215400  raw_mse_u 27.0328  raw_mse_v 12.6243  a0 0.39632  gnorm 58.83  (adaptive loss 1.9974 — flat by design)
[ train_imf ] step 215600  raw_mse_u 12.9994  raw_mse_v 12.7926  a0 0.20028  gnorm 28.03  (adaptive loss 1.9976 — flat by design)
[ train_imf ] step 215800  raw_mse_u 10.9634  raw_mse_v 9.7415  a0 0.38777  gnorm 28.11  (adaptive loss 1.9966 — flat by design)
[ train_imf ] step 216000  raw_mse_u 17.7247  raw_mse_v 17.0190  a0 0.21351  gnorm 25.50  (adaptive loss 1.9977 — flat by design)
[ train_imf ] step 216200  raw_mse_u 13.0966  raw_mse_v 13.2987  a0 0.29527  gnorm 33.28  (adaptive loss 1.9977 — flat by design)
[ train_imf ] step 216400  raw_mse_u 11.9022  raw_mse_v 11.1264  a0 0.33209  gnorm 27.29  (adaptive loss 1.9971 — flat by design)
[ train_imf ] step 216600  raw_mse_u 12.1344  raw_mse_v 9.0057  a0 0.20621  gnorm 30.28  (adaptive loss 1.9963 — flat by design)
[ train_imf ] step 216800  raw_mse_u 39.0782  raw_mse_v 15.6981  a0 0.85495  gnorm 91.36  (adaptive loss 1.9980 — flat by design)
[ train_imf ] step 217000  raw_mse_u 83.8341  raw_mse_v 12.4467  a0 1.51815  gnorm 26.30  (adaptive loss 1.9974 — flat by design)
[ train_imf ] step 217200  raw_mse_u 38.0961  raw_mse_v 10.8318  a0 1.16714  gnorm 23.29  (adaptive loss 1.9970 — flat by design)
[ train_imf ] step 217400  raw_mse_u 11.1785  raw_mse_v 9.7740  a0 0.32537  gnorm 29.24  (adaptive loss 1.9971 — flat by design)
[ train_imf ] step 217600  raw_mse_u 13.1959  raw_mse_v 10.4589  a0 0.32269  gnorm 24.04  (adaptive loss 1.9974 — flat by design)
[ train_imf ] step 217800  raw_mse_u 11.7279  raw_mse_v 10.7562  a0 0.28102  gnorm 24.17  (adaptive loss 1.9974 — flat by design)
[ train_imf ] step 218000  raw_mse_u 13.2605  raw_mse_v 12.1902  a0 0.23958  gnorm 29.91  (adaptive loss 1.9973 — flat by design)
[ train_imf ] step 218200  raw_mse_u 11.7164  raw_mse_v 10.8842  a0 0.37711  gnorm 29.03  (adaptive loss 1.9969 — flat by design)
[ train_imf ] step 218400  raw_mse_u 24.5409  raw_mse_v 17.0663  a0 0.45469  gnorm 23.19  (adaptive loss 1.9971 — flat by design)
[ train_imf ] step 218600  raw_mse_u 17.8055  raw_mse_v 16.3432  a0 0.48369  gnorm 39.82  (adaptive loss 1.9974 — flat by design)
[ train_imf ] step 218800  raw_mse_u 13.3428  raw_mse_v 12.2734  a0 0.34926  gnorm 29.36  (adaptive loss 1.9969 — flat by design)
[ train_imf ] step 219000  raw_mse_u 91.3470  raw_mse_v 12.4070  a0 1.99962  gnorm 36.65  (adaptive loss 1.9975 — flat by design)
[ train_imf ] step 219200  raw_mse_u 28.3145  raw_mse_v 15.9651  a0 0.21216  gnorm 27.88  (adaptive loss 1.9981 — flat by design)
[ train_imf ] step 219400  raw_mse_u 49.6174  raw_mse_v 15.3285  a0 1.91854  gnorm 28.08  (adaptive loss 1.9977 — flat by design)
[ train_imf ] step 219600  raw_mse_u 12.4679  raw_mse_v 12.9086  a0 0.19082  gnorm 19.65  (adaptive loss 1.9975 — flat by design)
[ train_imf ] step 219800  raw_mse_u 54.2659  raw_mse_v 12.0893  a0 0.52795  gnorm 27.26  (adaptive loss 1.9975 — flat by design)
[ train_imf ] step 220000  raw_mse_u 35.3782  raw_mse_v 13.4000  a0 1.11184  gnorm 22.10  (adaptive loss 1.9977 — flat by design)
[ train_imf ] step 220200  raw_mse_u 16.2167  raw_mse_v 13.9259  a0 0.45585  gnorm 22.91  (adaptive loss 1.9976 — flat by design)
[ train_imf ] step 220400  raw_mse_u 16.7891  raw_mse_v 11.4976  a0 0.30495  gnorm 32.64  (adaptive loss 1.9968 — flat by design)
[ train_imf ] step 220600  raw_mse_u 12.7430  raw_mse_v 11.1426  a0 0.16753  gnorm 46.08  (adaptive loss 1.9972 — flat by design)
[ train_imf ] step 220800  raw_mse_u 14.6506  raw_mse_v 14.2457  a0 0.34485  gnorm 27.66  (adaptive loss 1.9964 — flat by design)
[ train_imf ] step 221000  raw_mse_u 10.7051  raw_mse_v 9.5578  a0 0.12337  gnorm 31.12  (adaptive loss 1.9963 — flat by design)
[ train_imf ] step 221200  raw_mse_u 11.9889  raw_mse_v 10.0700  a0 0.20280  gnorm 22.09  (adaptive loss 1.9974 — flat by design)
[ train_imf ] step 221400  raw_mse_u 17.6075  raw_mse_v 16.2657  a0 0.23204  gnorm 35.86  (adaptive loss 1.9978 — flat by design)
[ train_imf ] step 221600  raw_mse_u 20.9193  raw_mse_v 18.5117  a0 0.39006  gnorm 45.97  (adaptive loss 1.9978 — flat by design)
[ train_imf ] step 221800  raw_mse_u 16.4586  raw_mse_v 14.6912  a0 0.29643  gnorm 23.23  (adaptive loss 1.9971 — flat by design)
[ train_imf ] step 222000  raw_mse_u 12.3825  raw_mse_v 11.0156  a0 0.20869  gnorm 32.63  (adaptive loss 1.9975 — flat by design)
[ train_imf ] step 222200  raw_mse_u 16.0344  raw_mse_v 12.3609  a0 0.30366  gnorm 35.58  (adaptive loss 1.9970 — flat by design)
[ train_imf ] step 222400  raw_mse_u 15.1534  raw_mse_v 10.5215  a0 0.36255  gnorm 24.79  (adaptive loss 1.9975 — flat by design)
[ train_imf ] step 222600  raw_mse_u 17.3541  raw_mse_v 10.9940  a0 0.40595  gnorm 26.98  (adaptive loss 1.9977 — flat by design)
[ train_imf ] step 222800  raw_mse_u 23.6245  raw_mse_v 16.8433  a0 0.32531  gnorm 24.40  (adaptive loss 1.9976 — flat by design)
[ train_imf ] step 223000  raw_mse_u 17.0465  raw_mse_v 13.4326  a0 0.22663  gnorm 28.58  (adaptive loss 1.9971 — flat by design)
[ train_imf ] step 223200  raw_mse_u 17.4377  raw_mse_v 16.6139  a0 0.53095  gnorm 42.84  (adaptive loss 1.9978 — flat by design)
[ train_imf ] step 223400  raw_mse_u 28.3087  raw_mse_v 13.8364  a0 0.74936  gnorm 38.07  (adaptive loss 1.9977 — flat by design)
[ train_imf ] step 223600  raw_mse_u 23.0276  raw_mse_v 15.7635  a0 0.83817  gnorm 31.64  (adaptive loss 1.9978 — flat by design)
[ train_imf ] step 223800  raw_mse_u 12.5360  raw_mse_v 11.2327  a0 0.12255  gnorm 64.58  (adaptive loss 1.9971 — flat by design)
[ train_imf ] step 224000  raw_mse_u 12.7970  raw_mse_v 11.5426  a0 0.60630  gnorm 17.82  (adaptive loss 1.9974 — flat by design)
[ train_imf ] step 224200  raw_mse_u 12.4945  raw_mse_v 10.2241  a0 0.17850  gnorm 22.04  (adaptive loss 1.9974 — flat by design)
[ train_imf ] step 224400  raw_mse_u 11.0379  raw_mse_v 10.2528  a0 0.31905  gnorm 26.51  (adaptive loss 1.9971 — flat by design)
[ train_imf ] step 224600  raw_mse_u 14.2414  raw_mse_v 13.1076  a0 0.23611  gnorm 19.90  (adaptive loss 1.9973 — flat by design)
[ train_imf ] step 224800  raw_mse_u 311.0494  raw_mse_v 12.0335  a0 17.42424  gnorm 22.85  (adaptive loss 1.9973 — flat by design)
[ train_imf ] step 225000  raw_mse_u 21.3882  raw_mse_v 12.9737  a0 0.40316  gnorm 49.20  (adaptive loss 1.9973 — flat by design)
[ train_imf ] step 225200  raw_mse_u 16.0615  raw_mse_v 14.7461  a0 0.27906  gnorm 25.15  (adaptive loss 1.9977 — flat by design)
[ train_imf ] step 225400  raw_mse_u 25.3523  raw_mse_v 10.1511  a0 0.29313  gnorm 32.32  (adaptive loss 1.9972 — flat by design)
[ train_imf ] step 225600  raw_mse_u 13.5918  raw_mse_v 10.2364  a0 0.13878  gnorm 27.45  (adaptive loss 1.9966 — flat by design)
[ train_imf ] step 225800  raw_mse_u 19.3875  raw_mse_v 14.4056  a0 0.69437  gnorm 41.22  (adaptive loss 1.9980 — flat by design)
[ train_imf ] step 226000  raw_mse_u 16.1692  raw_mse_v 14.5112  a0 0.30492  gnorm 27.81  (adaptive loss 1.9972 — flat by design)
[ train_imf ] step 226200  raw_mse_u 14.5578  raw_mse_v 15.1107  a0 0.27751  gnorm 24.97  (adaptive loss 1.9975 — flat by design)
[ train_imf ] step 226400  raw_mse_u 18.8786  raw_mse_v 13.4561  a0 0.34469  gnorm 24.58  (adaptive loss 1.9977 — flat by design)
[ train_imf ] step 226600  raw_mse_u 14.2706  raw_mse_v 11.7741  a0 0.13840  gnorm 23.17  (adaptive loss 1.9972 — flat by design)
[ train_imf ] step 226800  raw_mse_u 14.2196  raw_mse_v 12.9329  a0 0.18448  gnorm 27.14  (adaptive loss 1.9972 — flat by design)
[ train_imf ] step 227000  raw_mse_u 18.8497  raw_mse_v 11.4770  a0 0.40158  gnorm 38.88  (adaptive loss 1.9966 — flat by design)
[ train_imf ] step 227200  raw_mse_u 21.1948  raw_mse_v 11.1689  a0 0.32161  gnorm 33.20  (adaptive loss 1.9974 — flat by design)
[ train_imf ] step 227400  raw_mse_u 10.4415  raw_mse_v 9.7476  a0 0.20485  gnorm 22.20  (adaptive loss 1.9969 — flat by design)
[ train_imf ] step 227600  raw_mse_u 18.1724  raw_mse_v 11.4995  a0 0.29474  gnorm 22.13  (adaptive loss 1.9970 — flat by design)
[ train_imf ] step 227800  raw_mse_u 13.8801  raw_mse_v 13.9944  a0 0.13138  gnorm 19.66  (adaptive loss 1.9967 — flat by design)
[ train_imf ] step 228000  raw_mse_u 10.3125  raw_mse_v 9.6592  a0 0.21031  gnorm 32.16  (adaptive loss 1.9971 — flat by design)
[ train_imf ] step 228200  raw_mse_u 21.1354  raw_mse_v 20.1409  a0 0.39248  gnorm 36.34  (adaptive loss 1.9974 — flat by design)
[ train_imf ] step 228400  raw_mse_u 21.3271  raw_mse_v 16.0490  a0 0.39506  gnorm 33.11  (adaptive loss 1.9980 — flat by design)
[ train_imf ] step 228600  raw_mse_u 12.0612  raw_mse_v 12.0941  a0 0.10827  gnorm 25.92  (adaptive loss 1.9971 — flat by design)
[ train_imf ] step 228800  raw_mse_u 12.3376  raw_mse_v 12.7956  a0 0.26166  gnorm 78.94  (adaptive loss 1.9972 — flat by design)
[ train_imf ] step 229000  raw_mse_u 14.4503  raw_mse_v 11.7556  a0 0.10593  gnorm 27.15  (adaptive loss 1.9968 — flat by design)
[ train_imf ] step 229200  raw_mse_u 20.7001  raw_mse_v 17.1181  a0 0.19172  gnorm 27.17  (adaptive loss 1.9980 — flat by design)
[ train_imf ] step 229400  raw_mse_u 10.4305  raw_mse_v 9.8585  a0 0.28165  gnorm 31.25  (adaptive loss 1.9968 — flat by design)
[ train_imf ] step 229600  raw_mse_u 12.5440  raw_mse_v 10.5129  a0 0.15690  gnorm 26.08  (adaptive loss 1.9967 — flat by design)
[ train_imf ] step 229800  raw_mse_u 59.3210  raw_mse_v 16.4951  a0 3.08284  gnorm 35.96  (adaptive loss 1.9976 — flat by design)
[ train_imf ] step 230000  raw_mse_u 18.6596  raw_mse_v 11.1552  a0 0.21235  gnorm 24.08  (adaptive loss 1.9972 — flat by design)
[ train_imf ] step 230200  raw_mse_u 16.3472  raw_mse_v 15.6615  a0 0.31528  gnorm 45.57  (adaptive loss 1.9974 — flat by design)
[ train_imf ] step 230400  raw_mse_u 12.6174  raw_mse_v 11.1492  a0 0.22624  gnorm 21.05  (adaptive loss 1.9972 — flat by design)
[ train_imf ] step 230600  raw_mse_u 10.1417  raw_mse_v 9.4637  a0 0.13370  gnorm 24.54  (adaptive loss 1.9967 — flat by design)
[ train_imf ] step 230800  raw_mse_u 16.4956  raw_mse_v 15.5689  a0 0.18090  gnorm 49.32  (adaptive loss 1.9979 — flat by design)
[ train_imf ] step 231000  raw_mse_u 14.2135  raw_mse_v 13.1682  a0 0.43459  gnorm 45.59  (adaptive loss 1.9978 — flat by design)
[ train_imf ] step 231200  raw_mse_u 22.2942  raw_mse_v 20.7212  a0 0.49029  gnorm 86.26  (adaptive loss 1.9977 — flat by design)
[ train_imf ] step 231400  raw_mse_u 22.5518  raw_mse_v 23.0607  a0 0.58751  gnorm 25.81  (adaptive loss 1.9976 — flat by design)
[ train_imf ] step 231600  raw_mse_u 13.8785  raw_mse_v 12.5166  a0 0.23016  gnorm 35.15  (adaptive loss 1.9970 — flat by design)
[ train_imf ] step 231800  raw_mse_u 18.8463  raw_mse_v 13.3472  a0 0.43431  gnorm 23.85  (adaptive loss 1.9978 — flat by design)
[ train_imf ] step 232000  raw_mse_u 10.3821  raw_mse_v 9.8824  a0 0.13211  gnorm 31.44  (adaptive loss 1.9972 — flat by design)
[ train_imf ] step 232200  raw_mse_u 13.2701  raw_mse_v 13.3783  a0 0.17998  gnorm 39.95  (adaptive loss 1.9972 — flat by design)
[ train_imf ] step 232400  raw_mse_u 39.6104  raw_mse_v 14.5193  a0 1.56092  gnorm 33.22  (adaptive loss 1.9969 — flat by design)
[ train_imf ] step 232600  raw_mse_u 13.3339  raw_mse_v 11.8355  a0 0.27933  gnorm 21.50  (adaptive loss 1.9973 — flat by design)
[ train_imf ] step 232800  raw_mse_u 18.9921  raw_mse_v 12.6746  a0 0.41728  gnorm 26.64  (adaptive loss 1.9974 — flat by design)
[ train_imf ] step 233000  raw_mse_u 11.3729  raw_mse_v 10.1852  a0 0.24946  gnorm 33.36  (adaptive loss 1.9967 — flat by design)
[ train_imf ] step 233200  raw_mse_u 20.8070  raw_mse_v 17.4931  a0 0.50547  gnorm 23.03  (adaptive loss 1.9977 — flat by design)
[ train_imf ] step 233400  raw_mse_u 11.1357  raw_mse_v 9.4231  a0 0.15591  gnorm 25.49  (adaptive loss 1.9970 — flat by design)
[ train_imf ] step 233600  raw_mse_u 11.7552  raw_mse_v 11.3509  a0 0.15913  gnorm 29.63  (adaptive loss 1.9970 — flat by design)
[ train_imf ] step 233800  raw_mse_u 9.1131  raw_mse_v 8.7389  a0 0.16956  gnorm 22.27  (adaptive loss 1.9965 — flat by design)
[ train_imf ] step 234000  raw_mse_u 15.9285  raw_mse_v 16.2427  a0 0.22387  gnorm 21.42  (adaptive loss 1.9973 — flat by design)
[ train_imf ] step 234200  raw_mse_u 14.4120  raw_mse_v 10.3685  a0 0.20225  gnorm 39.27  (adaptive loss 1.9974 — flat by design)
[ train_imf ] step 234400  raw_mse_u 10.9848  raw_mse_v 10.4985  a0 0.25941  gnorm 34.14  (adaptive loss 1.9970 — flat by design)
[ train_imf ] step 234600  raw_mse_u 21.6501  raw_mse_v 15.8319  a0 0.62865  gnorm 20.05  (adaptive loss 1.9978 — flat by design)
[ train_imf ] step 234800  raw_mse_u 64.2626  raw_mse_v 15.9860  a0 0.50772  gnorm 41.52  (adaptive loss 1.9982 — flat by design)
[ train_imf ] step 235000  raw_mse_u 28.7875  raw_mse_v 14.6953  a0 0.50796  gnorm 30.49  (adaptive loss 1.9977 — flat by design)
[ train_imf ] step 235200  raw_mse_u 13.7840  raw_mse_v 12.2932  a0 0.12669  gnorm 23.79  (adaptive loss 1.9963 — flat by design)
[ train_imf ] step 235400  raw_mse_u 23.1603  raw_mse_v 12.3612  a0 0.28327  gnorm 38.15  (adaptive loss 1.9971 — flat by design)
[ train_imf ] step 235600  raw_mse_u 13.6555  raw_mse_v 10.9072  a0 0.29772  gnorm 24.40  (adaptive loss 1.9967 — flat by design)
[ train_imf ] step 235800  raw_mse_u 16.4029  raw_mse_v 13.5732  a0 0.25603  gnorm 30.05  (adaptive loss 1.9966 — flat by design)
[ train_imf ] step 236000  raw_mse_u 13.3974  raw_mse_v 11.7643  a0 0.31652  gnorm 22.75  (adaptive loss 1.9966 — flat by design)
[ train_imf ] step 236200  raw_mse_u 46.1970  raw_mse_v 11.7675  a0 1.75417  gnorm 28.68  (adaptive loss 1.9972 — flat by design)
[ train_imf ] step 236400  raw_mse_u 13.2727  raw_mse_v 11.7472  a0 0.19438  gnorm 38.59  (adaptive loss 1.9972 — flat by design)
[ train_imf ] step 236600  raw_mse_u 13.0602  raw_mse_v 11.1477  a0 0.17657  gnorm 28.35  (adaptive loss 1.9971 — flat by design)
[ train_imf ] step 236800  raw_mse_u 15.5297  raw_mse_v 10.4171  a0 0.21763  gnorm 38.94  (adaptive loss 1.9973 — flat by design)
[ train_imf ] step 237000  raw_mse_u 12.9577  raw_mse_v 10.5683  a0 0.18808  gnorm 38.55  (adaptive loss 1.9971 — flat by design)
[ train_imf ] step 237200  raw_mse_u 16.6896  raw_mse_v 15.7522  a0 0.33785  gnorm 24.28  (adaptive loss 1.9975 — flat by design)
[ train_imf ] step 237400  raw_mse_u 13.8700  raw_mse_v 13.8846  a0 0.25916  gnorm 24.69  (adaptive loss 1.9975 — flat by design)
[ train_imf ] step 237600  raw_mse_u 13.5937  raw_mse_v 14.4842  a0 0.27597  gnorm 84.45  (adaptive loss 1.9978 — flat by design)
[ train_imf ] step 237800  raw_mse_u 28.1777  raw_mse_v 16.0163  a0 0.78177  gnorm 25.17  (adaptive loss 1.9974 — flat by design)
[ train_imf ] step 238000  raw_mse_u 8.9002  raw_mse_v 8.3660  a0 0.13468  gnorm 20.48  (adaptive loss 1.9965 — flat by design)
[ train_imf ] step 238200  raw_mse_u 13.1711  raw_mse_v 12.1006  a0 0.15619  gnorm 37.42  (adaptive loss 1.9976 — flat by design)
[ train_imf ] step 238400  raw_mse_u 11.9555  raw_mse_v 10.7103  a0 0.14960  gnorm 34.09  (adaptive loss 1.9973 — flat by design)
[ train_imf ] step 238600  raw_mse_u 25.4263  raw_mse_v 13.5248  a0 0.38261  gnorm 30.66  (adaptive loss 1.9976 — flat by design)
[ train_imf ] step 238800  raw_mse_u 13.3605  raw_mse_v 9.8751  a0 0.23269  gnorm 29.66  (adaptive loss 1.9968 — flat by design)
[ train_imf ] step 239000  raw_mse_u 13.6738  raw_mse_v 13.8692  a0 0.36885  gnorm 30.31  (adaptive loss 1.9979 — flat by design)
[ train_imf ] step 239200  raw_mse_u 21.8560  raw_mse_v 14.0863  a0 0.52815  gnorm 45.88  (adaptive loss 1.9978 — flat by design)
[ train_imf ] step 239400  raw_mse_u 70.6430  raw_mse_v 11.6110  a0 3.31456  gnorm 48.83  (adaptive loss 1.9971 — flat by design)
[ train_imf ] step 239600  raw_mse_u 15.4911  raw_mse_v 10.3243  a0 0.14879  gnorm 26.51  (adaptive loss 1.9967 — flat by design)
[ train_imf ] step 239800  raw_mse_u 22.6250  raw_mse_v 13.4468  a0 0.36086  gnorm 57.73  (adaptive loss 1.9979 — flat by design)
[ train_imf ] step 240000  raw_mse_u 40.3519  raw_mse_v 11.1482  a0 1.66862  gnorm 74.68  (adaptive loss 1.9966 — flat by design)
[ train_imf ] step 240200  raw_mse_u 14.3002  raw_mse_v 12.2613  a0 0.23387  gnorm 21.03  (adaptive loss 1.9973 — flat by design)
[ train_imf ] step 240400  raw_mse_u 14.8737  raw_mse_v 14.1168  a0 0.38927  gnorm 27.97  (adaptive loss 1.9976 — flat by design)
[ train_imf ] step 240600  raw_mse_u 14.3208  raw_mse_v 12.8154  a0 0.37755  gnorm 33.85  (adaptive loss 1.9974 — flat by design)
[ train_imf ] step 240800  raw_mse_u 11.3625  raw_mse_v 12.0471  a0 0.26850  gnorm 23.68  (adaptive loss 1.9973 — flat by design)
[ train_imf ] step 241000  raw_mse_u 16.0308  raw_mse_v 13.9744  a0 0.27655  gnorm 24.36  (adaptive loss 1.9968 — flat by design)
[ train_imf ] step 241200  raw_mse_u 10.2289  raw_mse_v 9.1250  a0 0.16334  gnorm 23.34  (adaptive loss 1.9974 — flat by design)
[ train_imf ] step 241400  raw_mse_u 13.8634  raw_mse_v 13.5519  a0 0.19819  gnorm 23.13  (adaptive loss 1.9977 — flat by design)
[ train_imf ] step 241600  raw_mse_u 21.2212  raw_mse_v 16.4663  a0 0.38215  gnorm 30.21  (adaptive loss 1.9975 — flat by design)
[ train_imf ] step 241800  raw_mse_u 37.9475  raw_mse_v 12.7959  a0 0.93368  gnorm 50.50  (adaptive loss 1.9979 — flat by design)
[ train_imf ] step 242000  raw_mse_u 12.9659  raw_mse_v 12.4235  a0 0.17599  gnorm 29.07  (adaptive loss 1.9969 — flat by design)
[ train_imf ] step 242200  raw_mse_u 34.7375  raw_mse_v 14.5261  a0 0.77810  gnorm 44.69  (adaptive loss 1.9977 — flat by design)
[ train_imf ] step 242400  raw_mse_u 24.4698  raw_mse_v 15.9768  a0 0.49245  gnorm 23.65  (adaptive loss 1.9979 — flat by design)
[ train_imf ] step 242600  raw_mse_u 16.7205  raw_mse_v 13.7120  a0 0.38261  gnorm 28.62  (adaptive loss 1.9971 — flat by design)
[ train_imf ] step 242800  raw_mse_u 48.3450  raw_mse_v 12.8401  a0 0.59218  gnorm 29.51  (adaptive loss 1.9969 — flat by design)
[ train_imf ] step 243000  raw_mse_u 76.0318  raw_mse_v 11.8119  a0 1.48880  gnorm 53.29  (adaptive loss 1.9978 — flat by design)
[ train_imf ] step 243200  raw_mse_u 14.3540  raw_mse_v 13.9359  a0 0.22077  gnorm 51.26  (adaptive loss 1.9975 — flat by design)
[ train_imf ] step 243400  raw_mse_u 19.6817  raw_mse_v 8.9586  a0 0.18460  gnorm 106.62  (adaptive loss 1.9973 — flat by design)
[ train_imf ] step 243600  raw_mse_u 16.0324  raw_mse_v 12.4103  a0 0.37745  gnorm 59.75  (adaptive loss 1.9976 — flat by design)
[ train_imf ] step 243800  raw_mse_u 13.9816  raw_mse_v 11.8143  a0 0.29128  gnorm 38.18  (adaptive loss 1.9968 — flat by design)
[ train_imf ] step 244000  raw_mse_u 10.8258  raw_mse_v 10.3449  a0 0.17020  gnorm 31.05  (adaptive loss 1.9970 — flat by design)
[ train_imf ] step 244200  raw_mse_u 19.0262  raw_mse_v 14.5552  a0 0.22896  gnorm 29.59  (adaptive loss 1.9973 — flat by design)
[ train_imf ] step 244400  raw_mse_u 13.5095  raw_mse_v 11.4638  a0 0.09052  gnorm 43.57  (adaptive loss 1.9973 — flat by design)
[ train_imf ] step 244600  raw_mse_u 12.7682  raw_mse_v 10.6160  a0 0.27228  gnorm 37.36  (adaptive loss 1.9964 — flat by design)
[ train_imf ] step 244800  raw_mse_u 11.8195  raw_mse_v 11.0529  a0 0.16096  gnorm 21.33  (adaptive loss 1.9976 — flat by design)
[ train_imf ] step 245000  raw_mse_u 9.7563  raw_mse_v 9.5154  a0 0.11346  gnorm 27.15  (adaptive loss 1.9965 — flat by design)
[ train_imf ] step 245200  raw_mse_u 18.9099  raw_mse_v 15.0568  a0 0.33336  gnorm 28.22  (adaptive loss 1.9974 — flat by design)
[ train_imf ] step 245400  raw_mse_u 15.6359  raw_mse_v 12.5028  a0 0.35463  gnorm 22.93  (adaptive loss 1.9972 — flat by design)
[ train_imf ] step 245600  raw_mse_u 14.2101  raw_mse_v 10.8289  a0 0.42841  gnorm 30.79  (adaptive loss 1.9971 — flat by design)
[ train_imf ] step 245800  raw_mse_u 14.8820  raw_mse_v 9.0976  a0 0.21488  gnorm 28.89  (adaptive loss 1.9970 — flat by design)
[ train_imf ] step 246000  raw_mse_u 19.9893  raw_mse_v 14.2533  a0 0.37399  gnorm 47.31  (adaptive loss 1.9969 — flat by design)
[ train_imf ] step 246200  raw_mse_u 21.9133  raw_mse_v 11.7479  a0 0.27099  gnorm 26.07  (adaptive loss 1.9972 — flat by design)
[ train_imf ] step 246400  raw_mse_u 11.3003  raw_mse_v 10.4551  a0 0.21284  gnorm 29.89  (adaptive loss 1.9973 — flat by design)
[ train_imf ] step 246600  raw_mse_u 10.4265  raw_mse_v 9.6462  a0 0.12243  gnorm 18.34  (adaptive loss 1.9973 — flat by design)
[ train_imf ] step 246800  raw_mse_u 33.6346  raw_mse_v 18.0175  a0 0.39048  gnorm 34.66  (adaptive loss 1.9976 — flat by design)
[ train_imf ] step 247000  raw_mse_u 13.9152  raw_mse_v 12.1963  a0 0.17342  gnorm 28.28  (adaptive loss 1.9968 — flat by design)
[ train_imf ] step 247200  raw_mse_u 21.9230  raw_mse_v 12.0666  a0 0.78466  gnorm 23.42  (adaptive loss 1.9968 — flat by design)
[ train_imf ] step 247400  raw_mse_u 10.0494  raw_mse_v 10.2363  a0 0.25528  gnorm 24.30  (adaptive loss 1.9964 — flat by design)
[ train_imf ] step 247600  raw_mse_u 13.0908  raw_mse_v 12.7593  a0 0.25692  gnorm 22.57  (adaptive loss 1.9969 — flat by design)
[ train_imf ] step 247800  raw_mse_u 13.2395  raw_mse_v 12.2111  a0 0.28214  gnorm 51.27  (adaptive loss 1.9975 — flat by design)
[ train_imf ] step 248000  raw_mse_u 14.9079  raw_mse_v 10.9284  a0 0.16475  gnorm 28.97  (adaptive loss 1.9972 — flat by design)
[ train_imf ] step 248200  raw_mse_u 16.8967  raw_mse_v 16.4854  a0 0.32936  gnorm 21.81  (adaptive loss 1.9975 — flat by design)
[ train_imf ] step 248400  raw_mse_u 12.7961  raw_mse_v 10.8823  a0 0.24138  gnorm 28.33  (adaptive loss 1.9968 — flat by design)
[ train_imf ] step 248600  raw_mse_u 23.3592  raw_mse_v 14.3741  a0 0.52476  gnorm 23.07  (adaptive loss 1.9975 — flat by design)
[ train_imf ] step 248800  raw_mse_u 33.9797  raw_mse_v 12.2320  a0 1.00437  gnorm 47.61  (adaptive loss 1.9975 — flat by design)
[ train_imf ] step 249000  raw_mse_u 19.0117  raw_mse_v 10.0056  a0 0.76289  gnorm 25.04  (adaptive loss 1.9968 — flat by design)
[ train_imf ] step 249200  raw_mse_u 27.0336  raw_mse_v 16.6634  a0 0.48926  gnorm 22.91  (adaptive loss 1.9970 — flat by design)
[ train_imf ] step 249400  raw_mse_u 21.1791  raw_mse_v 20.4148  a0 0.43546  gnorm 25.56  (adaptive loss 1.9969 — flat by design)
[ train_imf ] step 249600  raw_mse_u 14.0798  raw_mse_v 13.0699  a0 0.20952  gnorm 20.59  (adaptive loss 1.9977 — flat by design)
[ train_imf ] step 249800  raw_mse_u 14.6700  raw_mse_v 13.8816  a0 0.27987  gnorm 28.63  (adaptive loss 1.9974 — flat by design)
[ train_imf ] step 250000  raw_mse_u 13.6718  raw_mse_v 13.7511  a0 0.13458  gnorm 45.39  (adaptive loss 1.9970 — flat by design)
[ train_imf ] step 250200  raw_mse_u 13.1361  raw_mse_v 12.4493  a0 0.18296  gnorm 26.46  (adaptive loss 1.9966 — flat by design)
[ train_imf ] step 250400  raw_mse_u 18.8482  raw_mse_v 14.5575  a0 0.20742  gnorm 22.97  (adaptive loss 1.9974 — flat by design)
[ train_imf ] step 250600  raw_mse_u 12.7694  raw_mse_v 13.2822  a0 0.22595  gnorm 23.23  (adaptive loss 1.9971 — flat by design)
[ train_imf ] step 250800  raw_mse_u 15.4063  raw_mse_v 13.6846  a0 0.38535  gnorm 23.18  (adaptive loss 1.9977 — flat by design)
[ train_imf ] step 251000  raw_mse_u 19.6903  raw_mse_v 10.3475  a0 0.75717  gnorm 31.73  (adaptive loss 1.9976 — flat by design)
[ train_imf ] step 251200  raw_mse_u 12.1818  raw_mse_v 11.3262  a0 0.21840  gnorm 24.12  (adaptive loss 1.9971 — flat by design)
[ train_imf ] step 251400  raw_mse_u 12.1742  raw_mse_v 11.4867  a0 0.20477  gnorm 19.25  (adaptive loss 1.9976 — flat by design)
[ train_imf ] step 251600  raw_mse_u 12.2963  raw_mse_v 11.1664  a0 0.24286  gnorm 46.62  (adaptive loss 1.9969 — flat by design)
[ train_imf ] step 251800  raw_mse_u 20.1077  raw_mse_v 12.3455  a0 0.39549  gnorm 26.65  (adaptive loss 1.9968 — flat by design)
[ train_imf ] step 252000  raw_mse_u 15.9942  raw_mse_v 14.2476  a0 0.35058  gnorm 26.54  (adaptive loss 1.9970 — flat by design)
[ train_imf ] step 252200  raw_mse_u 37.3744  raw_mse_v 16.7574  a0 0.84259  gnorm 44.91  (adaptive loss 1.9978 — flat by design)
[ train_imf ] step 252400  raw_mse_u 32.4729  raw_mse_v 11.0642  a0 0.42927  gnorm 40.79  (adaptive loss 1.9972 — flat by design)
[ train_imf ] step 252600  raw_mse_u 15.9584  raw_mse_v 13.9666  a0 0.29683  gnorm 24.90  (adaptive loss 1.9973 — flat by design)
[ train_imf ] step 252800  raw_mse_u 12.3653  raw_mse_v 11.5168  a0 0.15580  gnorm 23.70  (adaptive loss 1.9973 — flat by design)
[ train_imf ] step 253000  raw_mse_u 10.2111  raw_mse_v 9.7947  a0 0.19418  gnorm 45.02  (adaptive loss 1.9968 — flat by design)
[ train_imf ] step 253200  raw_mse_u 15.4856  raw_mse_v 12.3918  a0 0.45485  gnorm 36.30  (adaptive loss 1.9973 — flat by design)
[ train_imf ] step 253400  raw_mse_u 14.6751  raw_mse_v 9.9808  a0 0.38738  gnorm 33.61  (adaptive loss 1.9972 — flat by design)
[ train_imf ] step 253600  raw_mse_u 11.7308  raw_mse_v 10.9469  a0 0.27616  gnorm 29.03  (adaptive loss 1.9966 — flat by design)
[ train_imf ] step 253800  raw_mse_u 13.0129  raw_mse_v 12.9128  a0 0.30356  gnorm 25.46  (adaptive loss 1.9970 — flat by design)
[ train_imf ] step 254000  raw_mse_u 28.9359  raw_mse_v 13.0636  a0 0.73551  gnorm 42.38  (adaptive loss 1.9970 — flat by design)
[ train_imf ] step 254200  raw_mse_u 122.5933  raw_mse_v 10.7080  a0 3.68394  gnorm 27.15  (adaptive loss 1.9974 — flat by design)
[ train_imf ] step 254400  raw_mse_u 12.9514  raw_mse_v 11.4463  a0 0.17295  gnorm 25.13  (adaptive loss 1.9968 — flat by design)
[ train_imf ] step 254600  raw_mse_u 19.1077  raw_mse_v 14.9440  a0 0.30877  gnorm 24.81  (adaptive loss 1.9973 — flat by design)
[ train_imf ] step 254800  raw_mse_u 52.8590  raw_mse_v 14.4955  a0 0.44400  gnorm 49.85  (adaptive loss 1.9974 — flat by design)
[ train_imf ] step 255000  raw_mse_u 14.3574  raw_mse_v 11.6812  a0 0.22369  gnorm 40.63  (adaptive loss 1.9977 — flat by design)
[ train_imf ] step 255200  raw_mse_u 15.2723  raw_mse_v 13.2374  a0 0.20304  gnorm 24.29  (adaptive loss 1.9974 — flat by design)
[ train_imf ] step 255400  raw_mse_u 21.2683  raw_mse_v 13.7741  a0 0.18305  gnorm 27.31  (adaptive loss 1.9974 — flat by design)
[ train_imf ] step 255600  raw_mse_u 13.7716  raw_mse_v 13.6793  a0 0.18099  gnorm 39.60  (adaptive loss 1.9974 — flat by design)
[ train_imf ] step 255800  raw_mse_u 18.5915  raw_mse_v 14.6370  a0 0.29166  gnorm 31.84  (adaptive loss 1.9979 — flat by design)
[ train_imf ] step 256000  raw_mse_u 12.3271  raw_mse_v 10.6305  a0 0.19938  gnorm 30.95  (adaptive loss 1.9971 — flat by design)
[ train_imf ] step 256200  raw_mse_u 15.3694  raw_mse_v 16.3573  a0 0.28447  gnorm 34.76  (adaptive loss 1.9970 — flat by design)
[ train_imf ] step 256400  raw_mse_u 21.3882  raw_mse_v 19.0606  a0 0.32774  gnorm 26.37  (adaptive loss 1.9971 — flat by design)
[ train_imf ] step 256600  raw_mse_u 18.1004  raw_mse_v 12.5427  a0 0.27239  gnorm 26.54  (adaptive loss 1.9966 — flat by design)
[ train_imf ] step 256800  raw_mse_u 11.5209  raw_mse_v 9.8146  a0 0.32755  gnorm 37.66  (adaptive loss 1.9974 — flat by design)
[ train_imf ] step 257000  raw_mse_u 10.3080  raw_mse_v 8.4918  a0 0.39542  gnorm 24.05  (adaptive loss 1.9966 — flat by design)
[ train_imf ] step 257200  raw_mse_u 9.0221  raw_mse_v 7.4044  a0 0.09431  gnorm 37.06  (adaptive loss 1.9965 — flat by design)
[ train_imf ] step 257400  raw_mse_u 16.1852  raw_mse_v 11.0249  a0 0.57640  gnorm 30.47  (adaptive loss 1.9972 — flat by design)
[ train_imf ] step 257600  raw_mse_u 11.7543  raw_mse_v 10.5753  a0 0.14714  gnorm 27.48  (adaptive loss 1.9968 — flat by design)
[ train_imf ] step 257800  raw_mse_u 14.1805  raw_mse_v 11.7241  a0 0.18077  gnorm 72.84  (adaptive loss 1.9969 — flat by design)
[ train_imf ] step 258000  raw_mse_u 38.0958  raw_mse_v 14.4986  a0 2.12903  gnorm 45.69  (adaptive loss 1.9972 — flat by design)
[ train_imf ] step 258200  raw_mse_u 13.2995  raw_mse_v 11.4723  a0 0.24075  gnorm 28.80  (adaptive loss 1.9972 — flat by design)
[ train_imf ] step 258400  raw_mse_u 15.1279  raw_mse_v 14.5613  a0 0.23655  gnorm 19.19  (adaptive loss 1.9976 — flat by design)
[ train_imf ] step 258600  raw_mse_u 14.7424  raw_mse_v 13.1568  a0 0.42867  gnorm 33.53  (adaptive loss 1.9976 — flat by design)
[ train_imf ] step 258800  raw_mse_u 25.5853  raw_mse_v 19.5806  a0 0.40272  gnorm 29.50  (adaptive loss 1.9978 — flat by design)
[ train_imf ] step 259000  raw_mse_u 15.3352  raw_mse_v 14.2871  a0 0.21465  gnorm 26.47  (adaptive loss 1.9973 — flat by design)
[ train_imf ] step 259200  raw_mse_u 18.2999  raw_mse_v 13.1545  a0 0.27103  gnorm 23.07  (adaptive loss 1.9973 — flat by design)
[ train_imf ] step 259400  raw_mse_u 17.0666  raw_mse_v 16.3244  a0 0.50991  gnorm 25.28  (adaptive loss 1.9979 — flat by design)
[ train_imf ] step 259600  raw_mse_u 52.6280  raw_mse_v 10.2106  a0 0.64827  gnorm 33.42  (adaptive loss 1.9969 — flat by design)
[ train_imf ] step 259800  raw_mse_u 12.5410  raw_mse_v 11.5425  a0 0.23097  gnorm 28.61  (adaptive loss 1.9973 — flat by design)
[ train_imf ] step 260000  raw_mse_u 14.9774  raw_mse_v 13.8649  a0 0.37751  gnorm 23.87  (adaptive loss 1.9974 — flat by design)
[ train_imf ] step 260200  raw_mse_u 15.1527  raw_mse_v 13.6389  a0 0.33138  gnorm 27.38  (adaptive loss 1.9977 — flat by design)
[ train_imf ] step 260400  raw_mse_u 16.3717  raw_mse_v 15.4822  a0 0.33103  gnorm 58.75  (adaptive loss 1.9972 — flat by design)
[ train_imf ] step 260600  raw_mse_u 22.3710  raw_mse_v 14.3148  a0 0.42978  gnorm 18.64  (adaptive loss 1.9980 — flat by design)
[ train_imf ] step 260800  raw_mse_u 17.1849  raw_mse_v 15.4628  a0 0.35685  gnorm 42.39  (adaptive loss 1.9968 — flat by design)
[ train_imf ] step 261000  raw_mse_u 14.0062  raw_mse_v 12.8010  a0 0.29694  gnorm 28.91  (adaptive loss 1.9976 — flat by design)
[ train_imf ] step 261200  raw_mse_u 17.5297  raw_mse_v 16.0820  a0 0.27025  gnorm 27.69  (adaptive loss 1.9971 — flat by design)
[ train_imf ] step 261400  raw_mse_u 11.5938  raw_mse_v 11.2343  a0 0.39028  gnorm 46.32  (adaptive loss 1.9969 — flat by design)
[ train_imf ] step 261600  raw_mse_u 12.1267  raw_mse_v 10.4870  a0 0.09151  gnorm 18.93  (adaptive loss 1.9972 — flat by design)
[ train_imf ] step 261800  raw_mse_u 12.3894  raw_mse_v 10.1417  a0 0.28373  gnorm 43.20  (adaptive loss 1.9977 — flat by design)
[ train_imf ] step 262000  raw_mse_u 11.2140  raw_mse_v 9.7921  a0 0.16189  gnorm 23.27  (adaptive loss 1.9971 — flat by design)
[ train_imf ] step 262200  raw_mse_u 18.3290  raw_mse_v 14.2262  a0 0.17738  gnorm 31.21  (adaptive loss 1.9972 — flat by design)
[ train_imf ] step 262400  raw_mse_u 15.9746  raw_mse_v 13.1641  a0 0.31993  gnorm 24.28  (adaptive loss 1.9971 — flat by design)
[ train_imf ] step 262600  raw_mse_u 14.6993  raw_mse_v 10.9848  a0 0.21189  gnorm 29.88  (adaptive loss 1.9975 — flat by design)
[ train_imf ] step 262800  raw_mse_u 14.0325  raw_mse_v 12.3110  a0 0.24864  gnorm 22.94  (adaptive loss 1.9978 — flat by design)
[ train_imf ] step 263000  raw_mse_u 15.4040  raw_mse_v 13.4908  a0 0.22388  gnorm 35.11  (adaptive loss 1.9974 — flat by design)
[ train_imf ] step 263200  raw_mse_u 56.2033  raw_mse_v 8.7197  a0 3.13194  gnorm 32.60  (adaptive loss 1.9964 — flat by design)
[ train_imf ] step 263400  raw_mse_u 12.9222  raw_mse_v 11.7839  a0 0.32789  gnorm 57.40  (adaptive loss 1.9968 — flat by design)
[ train_imf ] step 263600  raw_mse_u 12.4621  raw_mse_v 11.3250  a0 0.22660  gnorm 54.65  (adaptive loss 1.9972 — flat by design)
[ train_imf ] step 263800  raw_mse_u 15.9568  raw_mse_v 13.3339  a0 0.47521  gnorm 36.59  (adaptive loss 1.9973 — flat by design)
[ train_imf ] step 264000  raw_mse_u 11.4807  raw_mse_v 10.2018  a0 0.16588  gnorm 35.01  (adaptive loss 1.9969 — flat by design)
[ train_imf ] step 264200  raw_mse_u 16.7117  raw_mse_v 14.9022  a0 0.30981  gnorm 20.70  (adaptive loss 1.9970 — flat by design)
[ train_imf ] step 264400  raw_mse_u 14.3093  raw_mse_v 11.7851  a0 0.31295  gnorm 18.41  (adaptive loss 1.9972 — flat by design)
[ train_imf ] step 264600  raw_mse_u 13.8768  raw_mse_v 13.1137  a0 0.28205  gnorm 44.83  (adaptive loss 1.9974 — flat by design)
[ train_imf ] step 264800  raw_mse_u 24.3981  raw_mse_v 16.2802  a0 0.33818  gnorm 21.35  (adaptive loss 1.9970 — flat by design)
[ train_imf ] step 265000  raw_mse_u 17.7601  raw_mse_v 9.8691  a0 0.57478  gnorm 28.69  (adaptive loss 1.9963 — flat by design)
[ train_imf ] step 265200  raw_mse_u 12.9586  raw_mse_v 9.1968  a0 0.23566  gnorm 22.64  (adaptive loss 1.9968 — flat by design)
[ train_imf ] step 265400  raw_mse_u 15.0511  raw_mse_v 12.8370  a0 0.21089  gnorm 30.27  (adaptive loss 1.9973 — flat by design)
[ train_imf ] step 265600  raw_mse_u 13.2230  raw_mse_v 12.6763  a0 0.24448  gnorm 44.90  (adaptive loss 1.9973 — flat by design)
[ train_imf ] step 265800  raw_mse_u 15.1581  raw_mse_v 15.1070  a0 0.31001  gnorm 67.07  (adaptive loss 1.9972 — flat by design)
[ train_imf ] step 266000  raw_mse_u 269.6774  raw_mse_v 13.8079  a0 19.22529  gnorm 29.82  (adaptive loss 1.9973 — flat by design)
[ train_imf ] step 266200  raw_mse_u 13.2500  raw_mse_v 11.5039  a0 0.45541  gnorm 23.32  (adaptive loss 1.9975 — flat by design)
[ train_imf ] step 266400  raw_mse_u 11.9628  raw_mse_v 12.8387  a0 0.24604  gnorm 28.95  (adaptive loss 1.9970 — flat by design)
[ train_imf ] step 266600  raw_mse_u 12.4132  raw_mse_v 10.4490  a0 0.31655  gnorm 25.52  (adaptive loss 1.9968 — flat by design)
[ train_imf ] step 266800  raw_mse_u 13.3725  raw_mse_v 10.0548  a0 0.27018  gnorm 26.59  (adaptive loss 1.9971 — flat by design)
[ train_imf ] step 267000  raw_mse_u 12.4330  raw_mse_v 11.4929  a0 0.14787  gnorm 25.01  (adaptive loss 1.9972 — flat by design)
[ train_imf ] step 267200  raw_mse_u 13.5769  raw_mse_v 12.4426  a0 0.26697  gnorm 29.32  (adaptive loss 1.9970 — flat by design)
[ train_imf ] step 267400  raw_mse_u 13.4601  raw_mse_v 12.5156  a0 0.35229  gnorm 25.31  (adaptive loss 1.9978 — flat by design)
[ train_imf ] step 267600  raw_mse_u 25.3445  raw_mse_v 16.8423  a0 0.42947  gnorm 23.90  (adaptive loss 1.9977 — flat by design)
[ train_imf ] step 267800  raw_mse_u 71.7435  raw_mse_v 9.4331  a0 0.18574  gnorm 28.08  (adaptive loss 1.9964 — flat by design)
[ train_imf ] step 268000  raw_mse_u 10.3237  raw_mse_v 9.3030  a0 0.27338  gnorm 27.39  (adaptive loss 1.9969 — flat by design)
[ train_imf ] step 268200  raw_mse_u 15.5140  raw_mse_v 11.9049  a0 0.35267  gnorm 64.19  (adaptive loss 1.9968 — flat by design)
[ train_imf ] step 268400  raw_mse_u 15.8062  raw_mse_v 11.0848  a0 0.22311  gnorm 37.16  (adaptive loss 1.9964 — flat by design)
[ train_imf ] step 268600  raw_mse_u 14.6325  raw_mse_v 9.3902  a0 0.74056  gnorm 26.20  (adaptive loss 1.9966 — flat by design)
[ train_imf ] step 268800  raw_mse_u 25.4302  raw_mse_v 14.8179  a0 0.29358  gnorm 30.25  (adaptive loss 1.9976 — flat by design)
[ train_imf ] step 269000  raw_mse_u 14.8251  raw_mse_v 12.7534  a0 0.35669  gnorm 78.13  (adaptive loss 1.9974 — flat by design)
[ train_imf ] step 269200  raw_mse_u 14.5701  raw_mse_v 13.7133  a0 0.23669  gnorm 48.03  (adaptive loss 1.9971 — flat by design)
[ train_imf ] step 269400  raw_mse_u 15.2740  raw_mse_v 11.6364  a0 0.44983  gnorm 30.95  (adaptive loss 1.9972 — flat by design)
[ train_imf ] step 269600  raw_mse_u 16.5518  raw_mse_v 14.5978  a0 0.32048  gnorm 37.04  (adaptive loss 1.9970 — flat by design)
[ train_imf ] step 269800  raw_mse_u 17.3375  raw_mse_v 16.5285  a0 0.26511  gnorm 17.91  (adaptive loss 1.9977 — flat by design)
[ train_imf ] step 270000  raw_mse_u 17.5730  raw_mse_v 11.4453  a0 0.36606  gnorm 34.84  (adaptive loss 1.9971 — flat by design)
[ train_imf ] step 270200  raw_mse_u 14.2996  raw_mse_v 12.9456  a0 0.24185  gnorm 26.40  (adaptive loss 1.9972 — flat by design)
[ train_imf ] step 270400  raw_mse_u 11.2964  raw_mse_v 9.8774  a0 0.16526  gnorm 25.29  (adaptive loss 1.9969 — flat by design)
[ train_imf ] step 270600  raw_mse_u 19.1569  raw_mse_v 9.1537  a0 0.24954  gnorm 30.39  (adaptive loss 1.9966 — flat by design)
[ train_imf ] step 270800  raw_mse_u 11.4236  raw_mse_v 10.4896  a0 0.19497  gnorm 16.23  (adaptive loss 1.9971 — flat by design)
[ train_imf ] step 271000  raw_mse_u 15.8867  raw_mse_v 14.1043  a0 0.24448  gnorm 24.65  (adaptive loss 1.9978 — flat by design)
[ train_imf ] step 271200  raw_mse_u 14.9843  raw_mse_v 12.0537  a0 0.29902  gnorm 47.27  (adaptive loss 1.9975 — flat by design)
[ train_imf ] step 271400  raw_mse_u 14.9020  raw_mse_v 13.9620  a0 0.25694  gnorm 35.59  (adaptive loss 1.9977 — flat by design)
[ train_imf ] step 271600  raw_mse_u 16.2353  raw_mse_v 12.0357  a0 0.16573  gnorm 26.20  (adaptive loss 1.9969 — flat by design)
[ train_imf ] step 271800  raw_mse_u 22.3321  raw_mse_v 12.0222  a0 0.21298  gnorm 25.11  (adaptive loss 1.9969 — flat by design)
[ train_imf ] step 272000  raw_mse_u 12.5119  raw_mse_v 10.8117  a0 0.23786  gnorm 40.50  (adaptive loss 1.9975 — flat by design)
[ train_imf ] step 272200  raw_mse_u 15.2315  raw_mse_v 13.9427  a0 0.27030  gnorm 44.57  (adaptive loss 1.9974 — flat by design)
[ train_imf ] step 272400  raw_mse_u 12.3717  raw_mse_v 10.3071  a0 0.13942  gnorm 25.51  (adaptive loss 1.9971 — flat by design)
[ train_imf ] step 272600  raw_mse_u 13.6753  raw_mse_v 11.2290  a0 0.47245  gnorm 31.17  (adaptive loss 1.9972 — flat by design)
[ train_imf ] step 272800  raw_mse_u 10.9213  raw_mse_v 8.5360  a0 0.25096  gnorm 37.69  (adaptive loss 1.9965 — flat by design)
[ train_imf ] step 273000  raw_mse_u 19.9022  raw_mse_v 12.6144  a0 0.19961  gnorm 47.59  (adaptive loss 1.9978 — flat by design)
[ train_imf ] step 273200  raw_mse_u 10.6381  raw_mse_v 9.8107  a0 0.09313  gnorm 22.22  (adaptive loss 1.9970 — flat by design)
[ train_imf ] step 273400  raw_mse_u 18.0816  raw_mse_v 12.2647  a0 0.46824  gnorm 27.47  (adaptive loss 1.9973 — flat by design)
[ train_imf ] step 273600  raw_mse_u 14.5132  raw_mse_v 14.1281  a0 0.18300  gnorm 19.85  (adaptive loss 1.9976 — flat by design)
[ train_imf ] step 273800  raw_mse_u 11.6579  raw_mse_v 11.8346  a0 0.28573  gnorm 24.14  (adaptive loss 1.9971 — flat by design)
[ train_imf ] step 274000  raw_mse_u 47.3569  raw_mse_v 11.9796  a0 0.71515  gnorm 105.38  (adaptive loss 1.9972 — flat by design)
[ train_imf ] step 274200  raw_mse_u 10.7744  raw_mse_v 10.0638  a0 0.15666  gnorm 31.59  (adaptive loss 1.9962 — flat by design)
[ train_imf ] step 274400  raw_mse_u 14.5833  raw_mse_v 12.8102  a0 0.28248  gnorm 22.71  (adaptive loss 1.9978 — flat by design)
[ train_imf ] step 274600  raw_mse_u 15.8482  raw_mse_v 13.4507  a0 0.27705  gnorm 29.18  (adaptive loss 1.9975 — flat by design)
[ train_imf ] step 274800  raw_mse_u 14.9578  raw_mse_v 11.9734  a0 0.15097  gnorm 59.17  (adaptive loss 1.9966 — flat by design)
[ train_imf ] step 275000  raw_mse_u 13.8802  raw_mse_v 9.8571  a0 0.53738  gnorm 95.34  (adaptive loss 1.9970 — flat by design)
[ train_imf ] step 275200  raw_mse_u 13.1741  raw_mse_v 11.7633  a0 0.34819  gnorm 52.92  (adaptive loss 1.9965 — flat by design)
[ train_imf ] step 275400  raw_mse_u 14.8514  raw_mse_v 12.5332  a0 0.29445  gnorm 27.19  (adaptive loss 1.9975 — flat by design)
[ train_imf ] step 275600  raw_mse_u 12.0703  raw_mse_v 9.4083  a0 0.30961  gnorm 24.23  (adaptive loss 1.9967 — flat by design)
[ train_imf ] step 275800  raw_mse_u 16.3813  raw_mse_v 14.4698  a0 0.15273  gnorm 26.13  (adaptive loss 1.9972 — flat by design)
[ train_imf ] step 276000  raw_mse_u 11.9819  raw_mse_v 12.5424  a0 0.09928  gnorm 23.59  (adaptive loss 1.9972 — flat by design)
[ train_imf ] step 276200  raw_mse_u 14.1908  raw_mse_v 12.0058  a0 0.24642  gnorm 25.01  (adaptive loss 1.9970 — flat by design)
[ train_imf ] step 276400  raw_mse_u 10.7792  raw_mse_v 10.4993  a0 0.28078  gnorm 35.08  (adaptive loss 1.9970 — flat by design)
[ train_imf ] step 276600  raw_mse_u 22.0108  raw_mse_v 11.1740  a0 0.34401  gnorm 27.70  (adaptive loss 1.9968 — flat by design)
[ train_imf ] step 276800  raw_mse_u 11.8612  raw_mse_v 11.3043  a0 0.23993  gnorm 27.89  (adaptive loss 1.9970 — flat by design)
[ train_imf ] step 277000  raw_mse_u 15.0594  raw_mse_v 12.9483  a0 0.18764  gnorm 25.85  (adaptive loss 1.9973 — flat by design)
[ train_imf ] step 277200  raw_mse_u 12.7168  raw_mse_v 12.8799  a0 0.37062  gnorm 27.71  (adaptive loss 1.9968 — flat by design)
[ train_imf ] step 277400  raw_mse_u 12.2655  raw_mse_v 11.5371  a0 0.19849  gnorm 21.66  (adaptive loss 1.9976 — flat by design)
[ train_imf ] step 277600  raw_mse_u 11.8370  raw_mse_v 10.0532  a0 0.21436  gnorm 27.96  (adaptive loss 1.9967 — flat by design)
[ train_imf ] step 277800  raw_mse_u 11.2123  raw_mse_v 10.5508  a0 0.15942  gnorm 27.74  (adaptive loss 1.9960 — flat by design)
[ train_imf ] step 278000  raw_mse_u 9.0682  raw_mse_v 9.3032  a0 0.14702  gnorm 25.66  (adaptive loss 1.9966 — flat by design)
[ train_imf ] step 278200  raw_mse_u 46.7137  raw_mse_v 12.5132  a0 1.55074  gnorm 46.54  (adaptive loss 1.9977 — flat by design)
[ train_imf ] step 278400  raw_mse_u 21.0778  raw_mse_v 17.4837  a0 0.38653  gnorm 40.19  (adaptive loss 1.9977 — flat by design)
[ train_imf ] step 278600  raw_mse_u 12.8612  raw_mse_v 11.7456  a0 0.16215  gnorm 32.23  (adaptive loss 1.9973 — flat by design)
[ train_imf ] step 278800  raw_mse_u 12.1149  raw_mse_v 10.0335  a0 0.25534  gnorm 59.66  (adaptive loss 1.9971 — flat by design)
[ train_imf ] step 279000  raw_mse_u 14.5502  raw_mse_v 13.5621  a0 0.23268  gnorm 53.55  (adaptive loss 1.9976 — flat by design)
[ train_imf ] step 279200  raw_mse_u 15.6818  raw_mse_v 13.8360  a0 0.37260  gnorm 25.82  (adaptive loss 1.9966 — flat by design)
[ train_imf ] step 279400  raw_mse_u 39.9943  raw_mse_v 16.7786  a0 1.41151  gnorm 37.66  (adaptive loss 1.9972 — flat by design)
[ train_imf ] step 279600  raw_mse_u 9.8596  raw_mse_v 8.7075  a0 0.26298  gnorm 26.89  (adaptive loss 1.9970 — flat by design)
[ train_imf ] step 279800  raw_mse_u 12.4484  raw_mse_v 12.0047  a0 0.20823  gnorm 31.02  (adaptive loss 1.9959 — flat by design)
[ train_imf ] step 280000  raw_mse_u 59.3078  raw_mse_v 13.3136  a0 0.29935  gnorm 58.33  (adaptive loss 1.9974 — flat by design)
[ train_imf ] step 280200  raw_mse_u 25.1438  raw_mse_v 11.6068  a0 0.35194  gnorm 35.77  (adaptive loss 1.9971 — flat by design)
[ train_imf ] step 280400  raw_mse_u 13.6569  raw_mse_v 10.7842  a0 0.32196  gnorm 24.35  (adaptive loss 1.9977 — flat by design)
[ train_imf ] step 280600  raw_mse_u 13.3762  raw_mse_v 11.6768  a0 0.13771  gnorm 22.40  (adaptive loss 1.9975 — flat by design)
[ train_imf ] step 280800  raw_mse_u 222.9733  raw_mse_v 11.9635  a0 8.10633  gnorm 27.65  (adaptive loss 1.9973 — flat by design)
[ train_imf ] step 281000  raw_mse_u 15.1343  raw_mse_v 12.0465  a0 0.12997  gnorm 23.60  (adaptive loss 1.9967 — flat by design)
[ train_imf ] step 281200  raw_mse_u 18.2661  raw_mse_v 11.7746  a0 0.44173  gnorm 28.02  (adaptive loss 1.9974 — flat by design)
[ train_imf ] step 281400  raw_mse_u 37.5779  raw_mse_v 9.5671  a0 0.85209  gnorm 32.93  (adaptive loss 1.9972 — flat by design)
[ train_imf ] step 281600  raw_mse_u 20.3635  raw_mse_v 12.7438  a0 0.61231  gnorm 24.50  (adaptive loss 1.9977 — flat by design)
[ train_imf ] step 281800  raw_mse_u 11.5717  raw_mse_v 9.7084  a0 0.15880  gnorm 39.70  (adaptive loss 1.9967 — flat by design)
[ train_imf ] step 282000  raw_mse_u 30.7527  raw_mse_v 16.9873  a0 0.92382  gnorm 26.56  (adaptive loss 1.9979 — flat by design)
[ train_imf ] step 282200  raw_mse_u 19.9699  raw_mse_v 10.2528  a0 0.66440  gnorm 30.86  (adaptive loss 1.9972 — flat by design)
[ train_imf ] step 282400  raw_mse_u 11.5532  raw_mse_v 10.5164  a0 0.19126  gnorm 39.09  (adaptive loss 1.9967 — flat by design)
[ train_imf ] step 282600  raw_mse_u 14.3078  raw_mse_v 14.1236  a0 0.32706  gnorm 24.70  (adaptive loss 1.9971 — flat by design)
[ train_imf ] step 282800  raw_mse_u 10.6515  raw_mse_v 10.3201  a0 0.13428  gnorm 34.92  (adaptive loss 1.9971 — flat by design)
[ train_imf ] step 283000  raw_mse_u 40.0990  raw_mse_v 11.0534  a0 0.67677  gnorm 42.79  (adaptive loss 1.9972 — flat by design)
[ train_imf ] step 283200  raw_mse_u 11.6957  raw_mse_v 11.1177  a0 0.14538  gnorm 26.87  (adaptive loss 1.9969 — flat by design)
[ train_imf ] step 283400  raw_mse_u 13.4917  raw_mse_v 9.7372  a0 0.27702  gnorm 29.11  (adaptive loss 1.9969 — flat by design)
[ train_imf ] step 283600  raw_mse_u 13.1258  raw_mse_v 11.2391  a0 0.19135  gnorm 34.70  (adaptive loss 1.9973 — flat by design)
[ train_imf ] step 283800  raw_mse_u 8.2248  raw_mse_v 7.7358  a0 0.07849  gnorm 59.31  (adaptive loss 1.9964 — flat by design)
[ train_imf ] step 284000  raw_mse_u 14.7171  raw_mse_v 12.0926  a0 0.11698  gnorm 33.74  (adaptive loss 1.9975 — flat by design)
[ train_imf ] step 284200  raw_mse_u 21.2477  raw_mse_v 12.6135  a0 0.40072  gnorm 25.99  (adaptive loss 1.9973 — flat by design)
[ train_imf ] step 284400  raw_mse_u 11.7138  raw_mse_v 10.8078  a0 0.11003  gnorm 27.15  (adaptive loss 1.9965 — flat by design)
[ train_imf ] step 284600  raw_mse_u 11.2792  raw_mse_v 8.9886  a0 0.27958  gnorm 24.26  (adaptive loss 1.9969 — flat by design)
[ train_imf ] step 284800  raw_mse_u 11.8712  raw_mse_v 11.0629  a0 0.21075  gnorm 25.29  (adaptive loss 1.9972 — flat by design)
[ train_imf ] step 285000  raw_mse_u 15.6609  raw_mse_v 11.3567  a0 0.36840  gnorm 44.14  (adaptive loss 1.9969 — flat by design)
[ train_imf ] step 285200  raw_mse_u 13.7043  raw_mse_v 12.6800  a0 0.14300  gnorm 26.74  (adaptive loss 1.9965 — flat by design)
[ train_imf ] step 285400  raw_mse_u 13.1885  raw_mse_v 12.0954  a0 0.20669  gnorm 46.92  (adaptive loss 1.9976 — flat by design)
[ train_imf ] step 285600  raw_mse_u 12.8142  raw_mse_v 12.2643  a0 0.22627  gnorm 27.18  (adaptive loss 1.9970 — flat by design)
[ train_imf ] step 285800  raw_mse_u 253.8035  raw_mse_v 13.1184  a0 13.48801  gnorm 43.37  (adaptive loss 1.9979 — flat by design)
[ train_imf ] step 286000  raw_mse_u 15.9035  raw_mse_v 10.9536  a0 0.44471  gnorm 23.45  (adaptive loss 1.9975 — flat by design)
[ train_imf ] step 286200  raw_mse_u 14.2135  raw_mse_v 13.0594  a0 0.33732  gnorm 27.55  (adaptive loss 1.9971 — flat by design)
[ train_imf ] step 286400  raw_mse_u 24.6153  raw_mse_v 13.2430  a0 0.37518  gnorm 23.93  (adaptive loss 1.9971 — flat by design)
[ train_imf ] step 286600  raw_mse_u 122.9458  raw_mse_v 9.0027  a0 1.72379  gnorm 22.54  (adaptive loss 1.9969 — flat by design)
[ train_imf ] step 286800  raw_mse_u 25.7174  raw_mse_v 12.7575  a0 0.39981  gnorm 23.15  (adaptive loss 1.9976 — flat by design)
[ train_imf ] step 287000  raw_mse_u 16.8293  raw_mse_v 11.5493  a0 0.17490  gnorm 19.55  (adaptive loss 1.9977 — flat by design)
[ train_imf ] step 287200  raw_mse_u 13.7185  raw_mse_v 10.0140  a0 0.22804  gnorm 36.46  (adaptive loss 1.9970 — flat by design)
[ train_imf ] step 287400  raw_mse_u 21.7501  raw_mse_v 16.9052  a0 0.61475  gnorm 40.29  (adaptive loss 1.9979 — flat by design)
[ train_imf ] step 287600  raw_mse_u 21.2447  raw_mse_v 14.5876  a0 0.39794  gnorm 34.21  (adaptive loss 1.9976 — flat by design)
[ train_imf ] step 287800  raw_mse_u 12.4463  raw_mse_v 11.4106  a0 0.15753  gnorm 54.04  (adaptive loss 1.9974 — flat by design)
[ train_imf ] step 288000  raw_mse_u 15.4864  raw_mse_v 14.6055  a0 0.24519  gnorm 24.34  (adaptive loss 1.9975 — flat by design)
[ train_imf ] step 288200  raw_mse_u 14.6080  raw_mse_v 14.0802  a0 0.29281  gnorm 46.10  (adaptive loss 1.9975 — flat by design)
[ train_imf ] step 288400  raw_mse_u 17.9023  raw_mse_v 11.4671  a0 0.31281  gnorm 25.23  (adaptive loss 1.9972 — flat by design)
[ train_imf ] step 288600  raw_mse_u 16.0416  raw_mse_v 11.2726  a0 0.27973  gnorm 21.23  (adaptive loss 1.9969 — flat by design)
[ train_imf ] step 288800  raw_mse_u 20.9390  raw_mse_v 16.2846  a0 0.60068  gnorm 96.85  (adaptive loss 1.9974 — flat by design)
[ train_imf ] step 289000  raw_mse_u 14.0976  raw_mse_v 12.4479  a0 0.24097  gnorm 25.27  (adaptive loss 1.9971 — flat by design)
[ train_imf ] step 289200  raw_mse_u 27.5229  raw_mse_v 8.1425  a0 0.19528  gnorm 38.28  (adaptive loss 1.9964 — flat by design)
[ train_imf ] step 289400  raw_mse_u 12.4451  raw_mse_v 11.8108  a0 0.26358  gnorm 25.25  (adaptive loss 1.9972 — flat by design)
[ train_imf ] step 289600  raw_mse_u 12.3194  raw_mse_v 9.8265  a0 0.12225  gnorm 21.46  (adaptive loss 1.9966 — flat by design)
[ train_imf ] step 289800  raw_mse_u 9.4224  raw_mse_v 8.5771  a0 0.21109  gnorm 25.00  (adaptive loss 1.9967 — flat by design)
[ train_imf ] step 290000  raw_mse_u 13.1603  raw_mse_v 11.5378  a0 0.27691  gnorm 29.33  (adaptive loss 1.9968 — flat by design)
[ train_imf ] step 290200  raw_mse_u 20.7992  raw_mse_v 14.1068  a0 0.70081  gnorm 39.85  (adaptive loss 1.9976 — flat by design)
[ train_imf ] step 290400  raw_mse_u 14.5493  raw_mse_v 11.3983  a0 0.24168  gnorm 35.72  (adaptive loss 1.9969 — flat by design)
[ train_imf ] step 290600  raw_mse_u 17.7278  raw_mse_v 14.0500  a0 0.15971  gnorm 38.26  (adaptive loss 1.9979 — flat by design)
[ train_imf ] step 290800  raw_mse_u 12.0921  raw_mse_v 9.7878  a0 0.28327  gnorm 27.32  (adaptive loss 1.9961 — flat by design)
[ train_imf ] step 291000  raw_mse_u 12.9347  raw_mse_v 11.4388  a0 0.24761  gnorm 32.77  (adaptive loss 1.9975 — flat by design)
[ train_imf ] step 291200  raw_mse_u 12.8791  raw_mse_v 11.7298  a0 0.20655  gnorm 28.87  (adaptive loss 1.9973 — flat by design)
[ train_imf ] step 291400  raw_mse_u 25.8387  raw_mse_v 11.7638  a0 0.33312  gnorm 30.39  (adaptive loss 1.9973 — flat by design)
[ train_imf ] step 291600  raw_mse_u 100.8244  raw_mse_v 18.5679  a0 2.29672  gnorm 24.98  (adaptive loss 1.9978 — flat by design)
[ train_imf ] step 291800  raw_mse_u 15.6520  raw_mse_v 14.6944  a0 0.50456  gnorm 31.67  (adaptive loss 1.9970 — flat by design)
[ train_imf ] step 292000  raw_mse_u 17.5565  raw_mse_v 16.3272  a0 0.26583  gnorm 28.66  (adaptive loss 1.9975 — flat by design)
[ train_imf ] step 292200  raw_mse_u 11.1057  raw_mse_v 10.2973  a0 0.07502  gnorm 37.33  (adaptive loss 1.9969 — flat by design)
[ train_imf ] step 292400  raw_mse_u 15.9822  raw_mse_v 13.2019  a0 0.16385  gnorm 25.89  (adaptive loss 1.9972 — flat by design)
[ train_imf ] step 292600  raw_mse_u 13.9489  raw_mse_v 10.7679  a0 0.23147  gnorm 31.57  (adaptive loss 1.9971 — flat by design)
[ train_imf ] step 292800  raw_mse_u 14.8109  raw_mse_v 8.4015  a0 0.25145  gnorm 53.36  (adaptive loss 1.9961 — flat by design)
[ train_imf ] step 293000  raw_mse_u 13.2628  raw_mse_v 10.2687  a0 0.19726  gnorm 59.54  (adaptive loss 1.9970 — flat by design)
[ train_imf ] step 293200  raw_mse_u 19.8054  raw_mse_v 13.1027  a0 0.33250  gnorm 34.35  (adaptive loss 1.9969 — flat by design)
[ train_imf ] step 293400  raw_mse_u 9.3679  raw_mse_v 11.6388  a0 0.14566  gnorm 50.65  (adaptive loss 1.9972 — flat by design)
[ train_imf ] step 293600  raw_mse_u 11.1923  raw_mse_v 9.7612  a0 0.21154  gnorm 36.80  (adaptive loss 1.9971 — flat by design)
[ train_imf ] step 293800  raw_mse_u 10.0095  raw_mse_v 9.0977  a0 0.12458  gnorm 23.47  (adaptive loss 1.9972 — flat by design)
[ train_imf ] step 294000  raw_mse_u 12.4039  raw_mse_v 12.4684  a0 0.22554  gnorm 26.09  (adaptive loss 1.9975 — flat by design)
[ train_imf ] step 294200  raw_mse_u 12.8401  raw_mse_v 11.6930  a0 0.16022  gnorm 26.44  (adaptive loss 1.9973 — flat by design)
[ train_imf ] step 294400  raw_mse_u 78.4899  raw_mse_v 9.2099  a0 4.39393  gnorm 31.69  (adaptive loss 1.9968 — flat by design)
[ train_imf ] step 294600  raw_mse_u 13.4494  raw_mse_v 11.8847  a0 0.26376  gnorm 31.25  (adaptive loss 1.9970 — flat by design)
[ train_imf ] step 294800  raw_mse_u 15.9363  raw_mse_v 14.5746  a0 0.30339  gnorm 47.02  (adaptive loss 1.9976 — flat by design)
[ train_imf ] step 295000  raw_mse_u 59.5474  raw_mse_v 15.2594  a0 2.53868  gnorm 76.29  (adaptive loss 1.9979 — flat by design)
[ train_imf ] step 295200  raw_mse_u 15.2854  raw_mse_v 12.4107  a0 0.20669  gnorm 24.30  (adaptive loss 1.9975 — flat by design)
[ train_imf ] step 295400  raw_mse_u 18.7675  raw_mse_v 12.4582  a0 0.60739  gnorm 41.74  (adaptive loss 1.9978 — flat by design)
[ train_imf ] step 295600  raw_mse_u 18.5956  raw_mse_v 15.6454  a0 0.63778  gnorm 42.95  (adaptive loss 1.9975 — flat by design)
[ train_imf ] step 295800  raw_mse_u 11.2311  raw_mse_v 10.7264  a0 0.11686  gnorm 26.22  (adaptive loss 1.9964 — flat by design)
[ train_imf ] step 296000  raw_mse_u 62.2172  raw_mse_v 17.7825  a0 1.06426  gnorm 42.48  (adaptive loss 1.9981 — flat by design)
[ train_imf ] step 296200  raw_mse_u 22.9696  raw_mse_v 17.2107  a0 0.59707  gnorm 35.05  (adaptive loss 1.9979 — flat by design)
[ train_imf ] step 296400  raw_mse_u 10.0235  raw_mse_v 9.6133  a0 0.25487  gnorm 40.61  (adaptive loss 1.9972 — flat by design)
[ train_imf ] step 296600  raw_mse_u 12.7881  raw_mse_v 9.4945  a0 0.15140  gnorm 34.51  (adaptive loss 1.9975 — flat by design)
[ train_imf ] step 296800  raw_mse_u 15.4446  raw_mse_v 13.7312  a0 0.42868  gnorm 21.71  (adaptive loss 1.9978 — flat by design)
[ train_imf ] step 297000  raw_mse_u 16.1929  raw_mse_v 14.9264  a0 0.50858  gnorm 25.06  (adaptive loss 1.9978 — flat by design)
[ train_imf ] step 297200  raw_mse_u 10.5645  raw_mse_v 10.1648  a0 0.10598  gnorm 27.76  (adaptive loss 1.9971 — flat by design)
[ train_imf ] step 297400  raw_mse_u 28.0873  raw_mse_v 9.8321  a0 0.81607  gnorm 34.95  (adaptive loss 1.9972 — flat by design)
[ train_imf ] step 297600  raw_mse_u 15.0985  raw_mse_v 13.2400  a0 0.35852  gnorm 29.63  (adaptive loss 1.9968 — flat by design)
[ train_imf ] step 297800  raw_mse_u 11.5395  raw_mse_v 10.4165  a0 0.12728  gnorm 32.42  (adaptive loss 1.9968 — flat by design)
[ train_imf ] step 298000  raw_mse_u 19.7800  raw_mse_v 11.9799  a0 0.24119  gnorm 39.36  (adaptive loss 1.9968 — flat by design)
[ train_imf ] step 298200  raw_mse_u 27.4995  raw_mse_v 10.7070  a0 0.07708  gnorm 27.66  (adaptive loss 1.9965 — flat by design)
[ train_imf ] step 298400  raw_mse_u 19.2652  raw_mse_v 11.3509  a0 0.27320  gnorm 37.03  (adaptive loss 1.9973 — flat by design)
[ train_imf ] step 298600  raw_mse_u 10.3412  raw_mse_v 9.5815  a0 0.17289  gnorm 26.42  (adaptive loss 1.9969 — flat by design)
[ train_imf ] step 298800  raw_mse_u 14.8433  raw_mse_v 13.4956  a0 0.22015  gnorm 31.99  (adaptive loss 1.9974 — flat by design)
[ train_imf ] step 299000  raw_mse_u 18.9735  raw_mse_v 13.2834  a0 0.35246  gnorm 45.45  (adaptive loss 1.9968 — flat by design)
[ train_imf ] step 299200  raw_mse_u 9.9226  raw_mse_v 10.2368  a0 0.19263  gnorm 27.65  (adaptive loss 1.9967 — flat by design)
[ train_imf ] step 299400  raw_mse_u 12.3074  raw_mse_v 11.5607  a0 0.16694  gnorm 27.86  (adaptive loss 1.9970 — flat by design)
[ train_imf ] step 299600  raw_mse_u 15.3268  raw_mse_v 14.3384  a0 0.43627  gnorm 43.85  (adaptive loss 1.9972 — flat by design)
[ train_imf ] step 299800  raw_mse_u 14.3192  raw_mse_v 13.2578  a0 0.17868  gnorm 25.66  (adaptive loss 1.9972 — flat by design)
[ train_imf ] step 300000  raw_mse_u 20.4416  raw_mse_v 13.1201  a0 0.17151  gnorm 25.45  (adaptive loss 1.9971 — flat by design)
[ train_imf ] step 300200  raw_mse_u 18.1690  raw_mse_v 14.6957  a0 0.51109  gnorm 44.18  (adaptive loss 1.9975 — flat by design)
[ train_imf ] step 300400  raw_mse_u 10.3536  raw_mse_v 9.2617  a0 0.24046  gnorm 23.33  (adaptive loss 1.9970 — flat by design)
[ train_imf ] step 300600  raw_mse_u 25.4473  raw_mse_v 16.5720  a0 0.39117  gnorm 68.71  (adaptive loss 1.9974 — flat by design)
[ train_imf ] step 300800  raw_mse_u 13.1785  raw_mse_v 12.2412  a0 0.30562  gnorm 31.30  (adaptive loss 1.9971 — flat by design)
[ train_imf ] step 301000  raw_mse_u 13.4815  raw_mse_v 12.0223  a0 0.20985  gnorm 30.90  (adaptive loss 1.9954 — flat by design)
[ train_imf ] step 301200  raw_mse_u 35.6004  raw_mse_v 14.2510  a0 0.98055  gnorm 45.50  (adaptive loss 1.9973 — flat by design)
[ train_imf ] step 301400  raw_mse_u 19.7662  raw_mse_v 17.8176  a0 0.64268  gnorm 27.21  (adaptive loss 1.9978 — flat by design)
[ train_imf ] step 301600  raw_mse_u 12.6836  raw_mse_v 9.9115  a0 0.21529  gnorm 28.92  (adaptive loss 1.9968 — flat by design)
[ train_imf ] step 301800  raw_mse_u 14.1817  raw_mse_v 10.6279  a0 0.44116  gnorm 36.22  (adaptive loss 1.9960 — flat by design)
[ train_imf ] step 302000  raw_mse_u 14.8785  raw_mse_v 13.2273  a0 0.33565  gnorm 51.53  (adaptive loss 1.9973 — flat by design)
[ train_imf ] step 302200  raw_mse_u 10.7142  raw_mse_v 10.5323  a0 0.25179  gnorm 23.61  (adaptive loss 1.9971 — flat by design)
[ train_imf ] step 302400  raw_mse_u 15.0130  raw_mse_v 11.5660  a0 0.37050  gnorm 29.57  (adaptive loss 1.9970 — flat by design)
[ train_imf ] step 302600  raw_mse_u 14.5939  raw_mse_v 12.7752  a0 0.33904  gnorm 32.65  (adaptive loss 1.9970 — flat by design)
[ train_imf ] step 302800  raw_mse_u 17.1697  raw_mse_v 11.7564  a0 0.17959  gnorm 44.10  (adaptive loss 1.9970 — flat by design)
[ train_imf ] step 303000  raw_mse_u 32.8264  raw_mse_v 13.2887  a0 0.90354  gnorm 31.43  (adaptive loss 1.9967 — flat by design)
[ train_imf ] step 303200  raw_mse_u 20.9437  raw_mse_v 12.6310  a0 0.29759  gnorm 29.86  (adaptive loss 1.9968 — flat by design)
[ train_imf ] step 303400  raw_mse_u 18.7651  raw_mse_v 12.1143  a0 0.39470  gnorm 20.66  (adaptive loss 1.9967 — flat by design)
[ train_imf ] step 303600  raw_mse_u 29.5855  raw_mse_v 14.3450  a0 0.49341  gnorm 19.69  (adaptive loss 1.9979 — flat by design)
[ train_imf ] step 303800  raw_mse_u 12.8541  raw_mse_v 10.8883  a0 0.13885  gnorm 23.92  (adaptive loss 1.9973 — flat by design)
[ train_imf ] step 304000  raw_mse_u 22.0947  raw_mse_v 15.5823  a0 0.90935  gnorm 24.15  (adaptive loss 1.9973 — flat by design)
[ train_imf ] step 304200  raw_mse_u 14.3473  raw_mse_v 11.2006  a0 0.26374  gnorm 29.17  (adaptive loss 1.9975 — flat by design)
[ train_imf ] step 304400  raw_mse_u 17.9039  raw_mse_v 13.7707  a0 0.34941  gnorm 34.81  (adaptive loss 1.9971 — flat by design)
[ train_imf ] step 304600  raw_mse_u 40.9278  raw_mse_v 20.3363  a0 0.34752  gnorm 32.30  (adaptive loss 1.9978 — flat by design)
[ train_imf ] step 304800  raw_mse_u 18.3992  raw_mse_v 13.8898  a0 0.27156  gnorm 78.97  (adaptive loss 1.9973 — flat by design)
[ train_imf ] step 305000  raw_mse_u 16.1566  raw_mse_v 11.9382  a0 0.24809  gnorm 33.66  (adaptive loss 1.9974 — flat by design)
[ train_imf ] step 305200  raw_mse_u 15.4084  raw_mse_v 14.6368  a0 0.21588  gnorm 36.85  (adaptive loss 1.9973 — flat by design)
[ train_imf ] step 305400  raw_mse_u 15.3948  raw_mse_v 12.3662  a0 0.29341  gnorm 29.28  (adaptive loss 1.9975 — flat by design)
[ train_imf ] step 305600  raw_mse_u 12.1659  raw_mse_v 10.4872  a0 0.28342  gnorm 24.41  (adaptive loss 1.9975 — flat by design)
[ train_imf ] step 305800  raw_mse_u 11.6211  raw_mse_v 8.9576  a0 0.15633  gnorm 38.60  (adaptive loss 1.9966 — flat by design)
[ train_imf ] step 306000  raw_mse_u 10.4762  raw_mse_v 9.6613  a0 0.20517  gnorm 31.13  (adaptive loss 1.9967 — flat by design)
[ train_imf ] step 306200  raw_mse_u 14.6478  raw_mse_v 12.6304  a0 0.23859  gnorm 30.70  (adaptive loss 1.9972 — flat by design)
[ train_imf ] step 306400  raw_mse_u 12.8262  raw_mse_v 12.0641  a0 0.19755  gnorm 22.40  (adaptive loss 1.9973 — flat by design)
[ train_imf ] step 306600  raw_mse_u 13.6619  raw_mse_v 12.2545  a0 0.18404  gnorm 20.28  (adaptive loss 1.9977 — flat by design)
[ train_imf ] step 306800  raw_mse_u 10.4667  raw_mse_v 9.7032  a0 0.22276  gnorm 26.09  (adaptive loss 1.9970 — flat by design)
[ train_imf ] step 307000  raw_mse_u 12.5574  raw_mse_v 13.7034  a0 0.42973  gnorm 59.63  (adaptive loss 1.9967 — flat by design)
[ train_imf ] step 307200  raw_mse_u 13.5250  raw_mse_v 13.3834  a0 0.22006  gnorm 27.74  (adaptive loss 1.9973 — flat by design)
[ train_imf ] step 307400  raw_mse_u 11.5810  raw_mse_v 9.7803  a0 0.27522  gnorm 27.09  (adaptive loss 1.9970 — flat by design)
[ train_imf ] step 307600  raw_mse_u 10.8369  raw_mse_v 9.2837  a0 0.08938  gnorm 27.07  (adaptive loss 1.9966 — flat by design)
[ train_imf ] step 307800  raw_mse_u 24.3981  raw_mse_v 14.1191  a0 0.22158  gnorm 23.06  (adaptive loss 1.9970 — flat by design)
[ train_imf ] step 308000  raw_mse_u 13.7783  raw_mse_v 13.8227  a0 0.21682  gnorm 33.44  (adaptive loss 1.9972 — flat by design)
[ train_imf ] step 308200  raw_mse_u 13.2119  raw_mse_v 11.1027  a0 0.18364  gnorm 21.54  (adaptive loss 1.9972 — flat by design)
[ train_imf ] step 308400  raw_mse_u 18.4911  raw_mse_v 13.7467  a0 0.25442  gnorm 47.76  (adaptive loss 1.9969 — flat by design)
[ train_imf ] step 308600  raw_mse_u 12.6282  raw_mse_v 11.7297  a0 0.16536  gnorm 28.29  (adaptive loss 1.9966 — flat by design)
[ train_imf ] step 308800  raw_mse_u 18.0718  raw_mse_v 18.2471  a0 0.29195  gnorm 58.63  (adaptive loss 1.9978 — flat by design)
[ train_imf ] step 309000  raw_mse_u 12.4319  raw_mse_v 9.2945  a0 0.19072  gnorm 23.29  (adaptive loss 1.9966 — flat by design)
[ train_imf ] step 309200  raw_mse_u 155.3128  raw_mse_v 12.5199  a0 1.16015  gnorm 36.14  (adaptive loss 1.9977 — flat by design)
[ train_imf ] step 309400  raw_mse_u 9.6987  raw_mse_v 8.7740  a0 0.19282  gnorm 39.32  (adaptive loss 1.9967 — flat by design)
[ train_imf ] step 309600  raw_mse_u 25.6948  raw_mse_v 13.4394  a0 0.63805  gnorm 75.16  (adaptive loss 1.9967 — flat by design)
[ train_imf ] step 309800  raw_mse_u 55.5675  raw_mse_v 16.5417  a0 2.26417  gnorm 31.40  (adaptive loss 1.9974 — flat by design)
[ train_imf ] step 310000  raw_mse_u 12.9119  raw_mse_v 10.2829  a0 0.41881  gnorm 23.11  (adaptive loss 1.9967 — flat by design)
[ train_imf ] step 310200  raw_mse_u 16.6800  raw_mse_v 13.6188  a0 0.27561  gnorm 51.26  (adaptive loss 1.9972 — flat by design)
[ train_imf ] step 310400  raw_mse_u 12.9909  raw_mse_v 12.5546  a0 0.12208  gnorm 29.21  (adaptive loss 1.9972 — flat by design)
[ train_imf ] step 310600  raw_mse_u 15.7297  raw_mse_v 14.0766  a0 0.42835  gnorm 33.30  (adaptive loss 1.9975 — flat by design)
[ train_imf ] step 310800  raw_mse_u 13.3756  raw_mse_v 12.6239  a0 0.17477  gnorm 67.54  (adaptive loss 1.9974 — flat by design)
[ train_imf ] step 311000  raw_mse_u 11.8897  raw_mse_v 11.1311  a0 0.13269  gnorm 25.17  (adaptive loss 1.9972 — flat by design)
[ train_imf ] step 311200  raw_mse_u 97.7508  raw_mse_v 11.0127  a0 2.63010  gnorm 27.53  (adaptive loss 1.9976 — flat by design)
[ train_imf ] step 311400  raw_mse_u 12.3361  raw_mse_v 11.3281  a0 0.18079  gnorm 30.32  (adaptive loss 1.9977 — flat by design)
[ train_imf ] step 311600  raw_mse_u 17.4346  raw_mse_v 14.0210  a0 0.44224  gnorm 36.37  (adaptive loss 1.9979 — flat by design)
[ train_imf ] step 311800  raw_mse_u 12.8899  raw_mse_v 11.0739  a0 0.23189  gnorm 25.82  (adaptive loss 1.9977 — flat by design)
[ train_imf ] step 312000  raw_mse_u 13.2538  raw_mse_v 11.2980  a0 0.15929  gnorm 24.01  (adaptive loss 1.9971 — flat by design)
[ train_imf ] step 312200  raw_mse_u 14.2101  raw_mse_v 14.5676  a0 0.22529  gnorm 16.31  (adaptive loss 1.9972 — flat by design)
[ train_imf ] step 312400  raw_mse_u 64.6682  raw_mse_v 7.7174  a0 3.71305  gnorm 25.12  (adaptive loss 1.9964 — flat by design)
[ train_imf ] step 312600  raw_mse_u 13.0696  raw_mse_v 12.8785  a0 0.30220  gnorm 27.01  (adaptive loss 1.9974 — flat by design)
[ train_imf ] step 312800  raw_mse_u 10.2114  raw_mse_v 9.4299  a0 0.12126  gnorm 24.51  (adaptive loss 1.9969 — flat by design)
[ train_imf ] step 313000  raw_mse_u 14.0732  raw_mse_v 14.0219  a0 0.26026  gnorm 25.74  (adaptive loss 1.9972 — flat by design)
[ train_imf ] step 313200  raw_mse_u 11.1133  raw_mse_v 10.4653  a0 0.10805  gnorm 79.02  (adaptive loss 1.9972 — flat by design)
[ train_imf ] step 313400  raw_mse_u 14.0963  raw_mse_v 12.1698  a0 0.48083  gnorm 28.43  (adaptive loss 1.9967 — flat by design)
[ train_imf ] step 313600  raw_mse_u 18.6386  raw_mse_v 9.3187  a0 0.19503  gnorm 31.22  (adaptive loss 1.9970 — flat by design)
[ train_imf ] step 313800  raw_mse_u 16.9101  raw_mse_v 14.1423  a0 0.24070  gnorm 23.54  (adaptive loss 1.9973 — flat by design)
[ train_imf ] step 314000  raw_mse_u 16.2801  raw_mse_v 12.7101  a0 0.85050  gnorm 31.17  (adaptive loss 1.9970 — flat by design)
[ train_imf ] step 314200  raw_mse_u 10.9102  raw_mse_v 9.2110  a0 0.14155  gnorm 22.62  (adaptive loss 1.9967 — flat by design)
[ train_imf ] step 314400  raw_mse_u 20.0698  raw_mse_v 17.9635  a0 0.15501  gnorm 50.26  (adaptive loss 1.9980 — flat by design)
[ train_imf ] step 314600  raw_mse_u 15.1161  raw_mse_v 12.1699  a0 0.43583  gnorm 29.38  (adaptive loss 1.9976 — flat by design)
[ train_imf ] step 314800  raw_mse_u 16.4778  raw_mse_v 13.4625  a0 0.20170  gnorm 57.52  (adaptive loss 1.9978 — flat by design)
[ train_imf ] step 315000  raw_mse_u 17.2466  raw_mse_v 15.6173  a0 0.33069  gnorm 44.53  (adaptive loss 1.9974 — flat by design)
[ train_imf ] step 315200  raw_mse_u 14.6489  raw_mse_v 14.1400  a0 0.37445  gnorm 29.58  (adaptive loss 1.9965 — flat by design)
[ train_imf ] step 315400  raw_mse_u 12.0330  raw_mse_v 11.7351  a0 0.43518  gnorm 34.94  (adaptive loss 1.9968 — flat by design)
[ train_imf ] step 315600  raw_mse_u 70.5381  raw_mse_v 7.6176  a0 0.19320  gnorm 72.31  (adaptive loss 1.9961 — flat by design)
[ train_imf ] step 315800  raw_mse_u 16.2050  raw_mse_v 10.1810  a0 0.40400  gnorm 54.69  (adaptive loss 1.9961 — flat by design)
[ train_imf ] step 316000  raw_mse_u 14.4957  raw_mse_v 13.1977  a0 0.20787  gnorm 23.53  (adaptive loss 1.9969 — flat by design)
[ train_imf ] step 316200  raw_mse_u 11.8491  raw_mse_v 9.9056  a0 0.27785  gnorm 23.75  (adaptive loss 1.9972 — flat by design)
[ train_imf ] step 316400  raw_mse_u 22.4175  raw_mse_v 12.4802  a0 0.17194  gnorm 23.14  (adaptive loss 1.9974 — flat by design)
[ train_imf ] step 316600  raw_mse_u 17.4627  raw_mse_v 15.8605  a0 0.53164  gnorm 40.48  (adaptive loss 1.9977 — flat by design)
[ train_imf ] step 316800  raw_mse_u 12.4968  raw_mse_v 9.2960  a0 0.13214  gnorm 21.45  (adaptive loss 1.9969 — flat by design)
[ train_imf ] step 317000  raw_mse_u 13.9520  raw_mse_v 13.0925  a0 0.38463  gnorm 30.78  (adaptive loss 1.9974 — flat by design)
[ train_imf ] step 317200  raw_mse_u 11.4988  raw_mse_v 8.5069  a0 0.17516  gnorm 27.07  (adaptive loss 1.9971 — flat by design)
[ train_imf ] step 317400  raw_mse_u 13.0092  raw_mse_v 11.8099  a0 0.14476  gnorm 32.46  (adaptive loss 1.9970 — flat by design)
[ train_imf ] step 317600  raw_mse_u 15.3085  raw_mse_v 14.2514  a0 0.29901  gnorm 23.73  (adaptive loss 1.9968 — flat by design)
[ train_imf ] step 317800  raw_mse_u 15.6370  raw_mse_v 12.7080  a0 0.43897  gnorm 30.81  (adaptive loss 1.9974 — flat by design)
[ train_imf ] step 318000  raw_mse_u 18.0715  raw_mse_v 17.6160  a0 0.27674  gnorm 20.43  (adaptive loss 1.9974 — flat by design)
[ train_imf ] step 318200  raw_mse_u 13.9576  raw_mse_v 12.9454  a0 0.29178  gnorm 34.50  (adaptive loss 1.9976 — flat by design)
[ train_imf ] step 318400  raw_mse_u 14.9553  raw_mse_v 13.4180  a0 0.41172  gnorm 30.23  (adaptive loss 1.9972 — flat by design)
[ train_imf ] step 318600  raw_mse_u 8.3580  raw_mse_v 6.9633  a0 0.23245  gnorm 26.89  (adaptive loss 1.9963 — flat by design)
[ train_imf ] step 318800  raw_mse_u 10.3491  raw_mse_v 7.6205  a0 0.19049  gnorm 30.28  (adaptive loss 1.9966 — flat by design)
[ train_imf ] step 319000  raw_mse_u 12.2207  raw_mse_v 9.9343  a0 0.43073  gnorm 53.63  (adaptive loss 1.9973 — flat by design)
[ train_imf ] step 319200  raw_mse_u 34.7620  raw_mse_v 14.1026  a0 0.26415  gnorm 29.92  (adaptive loss 1.9975 — flat by design)
[ train_imf ] step 319400  raw_mse_u 12.4605  raw_mse_v 12.7519  a0 0.23538  gnorm 34.73  (adaptive loss 1.9971 — flat by design)
[ train_imf ] step 319600  raw_mse_u 14.3726  raw_mse_v 11.2913  a0 0.18376  gnorm 45.69  (adaptive loss 1.9973 — flat by design)
[ train_imf ] step 319800  raw_mse_u 12.1497  raw_mse_v 11.5482  a0 0.20600  gnorm 24.63  (adaptive loss 1.9973 — flat by design)
[ train_imf ] step 320000  raw_mse_u 10.1318  raw_mse_v 8.5424  a0 0.09881  gnorm 27.82  (adaptive loss 1.9969 — flat by design)
[ train_imf ] step 320200  raw_mse_u 15.3177  raw_mse_v 11.3818  a0 0.11729  gnorm 25.56  (adaptive loss 1.9975 — flat by design)
[ train_imf ] step 320400  raw_mse_u 14.4033  raw_mse_v 12.7228  a0 0.22526  gnorm 20.99  (adaptive loss 1.9967 — flat by design)
[ train_imf ] step 320600  raw_mse_u 12.4757  raw_mse_v 10.5378  a0 0.11924  gnorm 30.49  (adaptive loss 1.9972 — flat by design)
[ train_imf ] step 320800  raw_mse_u 18.9388  raw_mse_v 12.3227  a0 0.29893  gnorm 30.66  (adaptive loss 1.9972 — flat by design)
[ train_imf ] step 321000  raw_mse_u 20.3511  raw_mse_v 15.7325  a0 0.37345  gnorm 21.17  (adaptive loss 1.9981 — flat by design)
[ train_imf ] step 321200  raw_mse_u 9.2472  raw_mse_v 8.6879  a0 0.20420  gnorm 25.58  (adaptive loss 1.9964 — flat by design)
[ train_imf ] step 321400  raw_mse_u 17.8211  raw_mse_v 16.1578  a0 0.25642  gnorm 26.73  (adaptive loss 1.9974 — flat by design)
[ train_imf ] step 321600  raw_mse_u 14.1688  raw_mse_v 15.5493  a0 0.23826  gnorm 47.67  (adaptive loss 1.9976 — flat by design)
[ train_imf ] step 321800  raw_mse_u 10.8455  raw_mse_v 9.6220  a0 0.27512  gnorm 66.06  (adaptive loss 1.9962 — flat by design)
[ train_imf ] step 322000  raw_mse_u 13.6977  raw_mse_v 11.4782  a0 0.35659  gnorm 35.98  (adaptive loss 1.9975 — flat by design)
[ train_imf ] step 322200  raw_mse_u 15.5864  raw_mse_v 11.6879  a0 0.11529  gnorm 28.65  (adaptive loss 1.9967 — flat by design)
[ train_imf ] step 322400  raw_mse_u 16.7375  raw_mse_v 13.3288  a0 0.27033  gnorm 23.30  (adaptive loss 1.9971 — flat by design)
[ train_imf ] step 322600  raw_mse_u 13.4471  raw_mse_v 12.9011  a0 0.21397  gnorm 28.60  (adaptive loss 1.9971 — flat by design)
[ train_imf ] step 322800  raw_mse_u 10.2575  raw_mse_v 9.6221  a0 0.18997  gnorm 28.96  (adaptive loss 1.9967 — flat by design)
[ train_imf ] step 323000  raw_mse_u 11.6429  raw_mse_v 9.7990  a0 0.31517  gnorm 37.60  (adaptive loss 1.9970 — flat by design)
[ train_imf ] step 323200  raw_mse_u 50.7881  raw_mse_v 17.3003  a0 3.30527  gnorm 23.85  (adaptive loss 1.9972 — flat by design)
[ train_imf ] step 323400  raw_mse_u 15.6553  raw_mse_v 15.6554  a0 0.21600  gnorm 22.49  (adaptive loss 1.9968 — flat by design)
[ train_imf ] step 323600  raw_mse_u 16.4648  raw_mse_v 11.5417  a0 0.37590  gnorm 56.30  (adaptive loss 1.9972 — flat by design)
[ train_imf ] step 323800  raw_mse_u 15.5430  raw_mse_v 12.9405  a0 0.17598  gnorm 29.88  (adaptive loss 1.9976 — flat by design)
[ train_imf ] step 324000  raw_mse_u 37.8657  raw_mse_v 12.8519  a0 1.18903  gnorm 23.63  (adaptive loss 1.9972 — flat by design)
[ train_imf ] step 324200  raw_mse_u 14.7130  raw_mse_v 13.3263  a0 0.32311  gnorm 25.71  (adaptive loss 1.9978 — flat by design)
[ train_imf ] step 324400  raw_mse_u 98.0335  raw_mse_v 9.7445  a0 0.71651  gnorm 75.18  (adaptive loss 1.9968 — flat by design)
[ train_imf ] step 324600  raw_mse_u 25.5357  raw_mse_v 14.0594  a0 1.03191  gnorm 38.66  (adaptive loss 1.9968 — flat by design)
[ train_imf ] step 324800  raw_mse_u 10.7191  raw_mse_v 11.5557  a0 0.11386  gnorm 46.09  (adaptive loss 1.9968 — flat by design)
[ train_imf ] step 325000  raw_mse_u 12.8730  raw_mse_v 12.6924  a0 0.23137  gnorm 41.44  (adaptive loss 1.9968 — flat by design)
[ train_imf ] step 325200  raw_mse_u 23.1950  raw_mse_v 11.4682  a0 0.79698  gnorm 42.44  (adaptive loss 1.9970 — flat by design)
[ train_imf ] step 325400  raw_mse_u 26.7778  raw_mse_v 13.9558  a0 0.32494  gnorm 43.36  (adaptive loss 1.9971 — flat by design)
[ train_imf ] step 325600  raw_mse_u 11.7704  raw_mse_v 10.5583  a0 0.25911  gnorm 28.33  (adaptive loss 1.9969 — flat by design)
[ train_imf ] step 325800  raw_mse_u 16.7571  raw_mse_v 15.7443  a0 0.37754  gnorm 70.95  (adaptive loss 1.9972 — flat by design)
[ train_imf ] step 326000  raw_mse_u 24.3274  raw_mse_v 10.2489  a0 0.52673  gnorm 24.11  (adaptive loss 1.9957 — flat by design)
[ train_imf ] step 326200  raw_mse_u 14.4724  raw_mse_v 13.7623  a0 0.35828  gnorm 24.41  (adaptive loss 1.9977 — flat by design)
[ train_imf ] step 326400  raw_mse_u 15.3254  raw_mse_v 11.7098  a0 0.37331  gnorm 20.25  (adaptive loss 1.9979 — flat by design)
[ train_imf ] step 326600  raw_mse_u 495.5511  raw_mse_v 13.4555  a0 8.77312  gnorm 59.53  (adaptive loss 1.9969 — flat by design)
[ train_imf ] step 326800  raw_mse_u 13.3916  raw_mse_v 10.4966  a0 0.49491  gnorm 23.03  (adaptive loss 1.9969 — flat by design)
[ train_imf ] step 327000  raw_mse_u 14.6395  raw_mse_v 11.9900  a0 0.29767  gnorm 28.04  (adaptive loss 1.9971 — flat by design)
[ train_imf ] step 327200  raw_mse_u 14.7516  raw_mse_v 13.0791  a0 0.22358  gnorm 25.76  (adaptive loss 1.9973 — flat by design)
[ train_imf ] step 327400  raw_mse_u 14.1934  raw_mse_v 13.2030  a0 0.17272  gnorm 21.83  (adaptive loss 1.9975 — flat by design)
[ train_imf ] step 327600  raw_mse_u 14.3579  raw_mse_v 14.1180  a0 0.30100  gnorm 48.15  (adaptive loss 1.9973 — flat by design)
[ train_imf ] step 327800  raw_mse_u 13.7203  raw_mse_v 11.6546  a0 0.14545  gnorm 22.23  (adaptive loss 1.9973 — flat by design)
[ train_imf ] step 328000  raw_mse_u 15.9690  raw_mse_v 13.5118  a0 0.44323  gnorm 28.06  (adaptive loss 1.9975 — flat by design)
[ train_imf ] step 328200  raw_mse_u 14.3338  raw_mse_v 12.5519  a0 0.25276  gnorm 19.63  (adaptive loss 1.9978 — flat by design)
[ train_imf ] step 328400  raw_mse_u 11.9168  raw_mse_v 11.5553  a0 0.16396  gnorm 58.14  (adaptive loss 1.9977 — flat by design)
[ train_imf ] step 328600  raw_mse_u 12.4079  raw_mse_v 11.5431  a0 0.11601  gnorm 27.98  (adaptive loss 1.9968 — flat by design)
[ train_imf ] step 328800  raw_mse_u 10.9502  raw_mse_v 10.4762  a0 0.12376  gnorm 33.76  (adaptive loss 1.9965 — flat by design)
[ train_imf ] step 329000  raw_mse_u 15.8886  raw_mse_v 12.4524  a0 0.56722  gnorm 30.35  (adaptive loss 1.9964 — flat by design)
[ train_imf ] step 329200  raw_mse_u 28.8862  raw_mse_v 11.5887  a0 0.49666  gnorm 27.89  (adaptive loss 1.9972 — flat by design)
[ train_imf ] step 329400  raw_mse_u 13.6309  raw_mse_v 11.1922  a0 0.20355  gnorm 53.03  (adaptive loss 1.9967 — flat by design)
[ train_imf ] step 329600  raw_mse_u 6.2359  raw_mse_v 5.9411  a0 0.05383  gnorm 37.01  (adaptive loss 1.9962 — flat by design)
[ train_imf ] step 329800  raw_mse_u 24.1119  raw_mse_v 14.2104  a0 0.22327  gnorm 31.35  (adaptive loss 1.9961 — flat by design)
[ train_imf ] step 330000  raw_mse_u 12.5068  raw_mse_v 10.9385  a0 0.20004  gnorm 29.33  (adaptive loss 1.9967 — flat by design)
[ train_imf ] step 330200  raw_mse_u 108.9497  raw_mse_v 13.7654  a0 5.10218  gnorm 54.39  (adaptive loss 1.9970 — flat by design)
[ train_imf ] step 330400  raw_mse_u 11.3015  raw_mse_v 10.8733  a0 0.23340  gnorm 30.99  (adaptive loss 1.9965 — flat by design)
[ train_imf ] step 330600  raw_mse_u 16.0331  raw_mse_v 10.4807  a0 0.26514  gnorm 32.97  (adaptive loss 1.9964 — flat by design)
[ train_imf ] step 330800  raw_mse_u 30.9196  raw_mse_v 10.7223  a0 1.01182  gnorm 30.13  (adaptive loss 1.9970 — flat by design)
[ train_imf ] step 331000  raw_mse_u 17.4124  raw_mse_v 16.5002  a0 0.46872  gnorm 25.82  (adaptive loss 1.9974 — flat by design)
[ train_imf ] step 331200  raw_mse_u 34.3176  raw_mse_v 18.3705  a0 0.93085  gnorm 29.93  (adaptive loss 1.9977 — flat by design)
[ train_imf ] step 331400  raw_mse_u 23.8467  raw_mse_v 12.6648  a0 0.42409  gnorm 31.41  (adaptive loss 1.9973 — flat by design)
[ train_imf ] step 331600  raw_mse_u 15.6662  raw_mse_v 14.8207  a0 0.37181  gnorm 21.69  (adaptive loss 1.9974 — flat by design)
[ train_imf ] step 331800  raw_mse_u 16.5568  raw_mse_v 13.4914  a0 0.37164  gnorm 30.17  (adaptive loss 1.9976 — flat by design)
[ train_imf ] step 332000  raw_mse_u 12.8902  raw_mse_v 11.8666  a0 0.24303  gnorm 24.06  (adaptive loss 1.9969 — flat by design)
[ train_imf ] step 332200  raw_mse_u 31.0418  raw_mse_v 12.1698  a0 0.36446  gnorm 49.29  (adaptive loss 1.9974 — flat by design)
[ train_imf ] step 332400  raw_mse_u 21.0247  raw_mse_v 12.3264  a0 0.47743  gnorm 98.78  (adaptive loss 1.9972 — flat by design)
[ train_imf ] step 332600  raw_mse_u 15.1830  raw_mse_v 12.8365  a0 0.43401  gnorm 26.82  (adaptive loss 1.9981 — flat by design)
[ train_imf ] step 332800  raw_mse_u 19.5346  raw_mse_v 11.6199  a0 0.24782  gnorm 24.30  (adaptive loss 1.9970 — flat by design)
[ train_imf ] step 333000  raw_mse_u 13.4459  raw_mse_v 11.5439  a0 0.23709  gnorm 24.77  (adaptive loss 1.9974 — flat by design)
[ train_imf ] step 333200  raw_mse_u 16.2840  raw_mse_v 13.4021  a0 0.23708  gnorm 38.72  (adaptive loss 1.9978 — flat by design)
[ train_imf ] step 333400  raw_mse_u 17.3095  raw_mse_v 10.6000  a0 0.13701  gnorm 25.27  (adaptive loss 1.9973 — flat by design)
[ train_imf ] step 333600  raw_mse_u 21.8307  raw_mse_v 17.8616  a0 0.64165  gnorm 84.04  (adaptive loss 1.9970 — flat by design)
[ train_imf ] step 333800  raw_mse_u 36.6601  raw_mse_v 11.5394  a0 1.34753  gnorm 59.70  (adaptive loss 1.9971 — flat by design)
[ train_imf ] step 334000  raw_mse_u 14.6208  raw_mse_v 13.3809  a0 0.24918  gnorm 35.05  (adaptive loss 1.9975 — flat by design)
[ train_imf ] step 334200  raw_mse_u 9.5179  raw_mse_v 7.8003  a0 0.15394  gnorm 35.93  (adaptive loss 1.9966 — flat by design)
[ train_imf ] step 334400  raw_mse_u 11.1460  raw_mse_v 9.9113  a0 0.13442  gnorm 26.69  (adaptive loss 1.9966 — flat by design)
[ train_imf ] step 334600  raw_mse_u 16.2444  raw_mse_v 14.0509  a0 0.17050  gnorm 31.25  (adaptive loss 1.9971 — flat by design)
[ train_imf ] step 334800  raw_mse_u 13.5075  raw_mse_v 11.5656  a0 0.18093  gnorm 28.74  (adaptive loss 1.9971 — flat by design)
[ train_imf ] step 335000  raw_mse_u 12.3616  raw_mse_v 11.6251  a0 0.39460  gnorm 27.56  (adaptive loss 1.9970 — flat by design)
[ train_imf ] step 335200  raw_mse_u 9.6731  raw_mse_v 8.9085  a0 0.21914  gnorm 24.43  (adaptive loss 1.9964 — flat by design)
[ train_imf ] step 335400  raw_mse_u 15.7398  raw_mse_v 12.7764  a0 0.31342  gnorm 39.15  (adaptive loss 1.9980 — flat by design)
[ train_imf ] step 335600  raw_mse_u 13.0650  raw_mse_v 13.3453  a0 0.08415  gnorm 42.99  (adaptive loss 1.9972 — flat by design)
[ train_imf ] step 335800  raw_mse_u 10.6334  raw_mse_v 10.6591  a0 0.27149  gnorm 28.17  (adaptive loss 1.9971 — flat by design)
[ train_imf ] step 336000  raw_mse_u 12.6723  raw_mse_v 9.3084  a0 0.22026  gnorm 32.13  (adaptive loss 1.9973 — flat by design)
[ train_imf ] step 336200  raw_mse_u 13.7800  raw_mse_v 11.9071  a0 0.19094  gnorm 36.03  (adaptive loss 1.9968 — flat by design)
[ train_imf ] step 336400  raw_mse_u 10.6943  raw_mse_v 9.7785  a0 0.10343  gnorm 123.01  (adaptive loss 1.9966 — flat by design)
[ train_imf ] step 336600  raw_mse_u 21.1278  raw_mse_v 17.3403  a0 0.86197  gnorm 29.86  (adaptive loss 1.9975 — flat by design)
[ train_imf ] step 336800  raw_mse_u 14.7477  raw_mse_v 13.2000  a0 0.19527  gnorm 38.00  (adaptive loss 1.9973 — flat by design)
[ train_imf ] step 337000  raw_mse_u 13.7918  raw_mse_v 12.0367  a0 0.23726  gnorm 27.28  (adaptive loss 1.9964 — flat by design)
[ train_imf ] step 337200  raw_mse_u 20.3808  raw_mse_v 16.8918  a0 0.29931  gnorm 38.22  (adaptive loss 1.9976 — flat by design)
[ train_imf ] step 337400  raw_mse_u 8.9463  raw_mse_v 8.5003  a0 0.10145  gnorm 28.85  (adaptive loss 1.9962 — flat by design)
[ train_imf ] step 337600  raw_mse_u 11.6763  raw_mse_v 11.0816  a0 0.21241  gnorm 23.68  (adaptive loss 1.9972 — flat by design)
[ train_imf ] step 337800  raw_mse_u 15.0675  raw_mse_v 12.1604  a0 0.20096  gnorm 94.89  (adaptive loss 1.9972 — flat by design)
[ train_imf ] step 338000  raw_mse_u 110.5883  raw_mse_v 11.3434  a0 4.84030  gnorm 29.56  (adaptive loss 1.9970 — flat by design)
[ train_imf ] step 338200  raw_mse_u 15.5461  raw_mse_v 10.5569  a0 0.23029  gnorm 32.18  (adaptive loss 1.9971 — flat by design)
[ train_imf ] step 338400  raw_mse_u 13.3959  raw_mse_v 11.1304  a0 0.36351  gnorm 32.47  (adaptive loss 1.9963 — flat by design)
[ train_imf ] step 338600  raw_mse_u 12.6450  raw_mse_v 11.2609  a0 0.15625  gnorm 24.20  (adaptive loss 1.9966 — flat by design)
[ train_imf ] step 338800  raw_mse_u 10.1307  raw_mse_v 10.3675  a0 0.21852  gnorm 36.22  (adaptive loss 1.9967 — flat by design)
[ train_imf ] step 339000  raw_mse_u 17.0722  raw_mse_v 11.6392  a0 0.34546  gnorm 34.32  (adaptive loss 1.9966 — flat by design)
[ train_imf ] step 339200  raw_mse_u 11.2402  raw_mse_v 10.9361  a0 0.18025  gnorm 27.62  (adaptive loss 1.9968 — flat by design)
[ train_imf ] step 339400  raw_mse_u 17.5518  raw_mse_v 15.1258  a0 0.29821  gnorm 29.50  (adaptive loss 1.9977 — flat by design)
[ train_imf ] step 339600  raw_mse_u 14.8536  raw_mse_v 10.1653  a0 0.37703  gnorm 29.98  (adaptive loss 1.9974 — flat by design)
[ train_imf ] step 339800  raw_mse_u 12.6750  raw_mse_v 11.5922  a0 0.33619  gnorm 24.16  (adaptive loss 1.9974 — flat by design)
[ train_imf ] step 340000  raw_mse_u 13.1764  raw_mse_v 10.7866  a0 0.31925  gnorm 25.17  (adaptive loss 1.9974 — flat by design)
[ train_imf ] step 340200  raw_mse_u 19.9939  raw_mse_v 10.8652  a0 0.27600  gnorm 29.64  (adaptive loss 1.9971 — flat by design)
[ train_imf ] step 340400  raw_mse_u 14.4449  raw_mse_v 13.0384  a0 0.17334  gnorm 29.96  (adaptive loss 1.9973 — flat by design)
[ train_imf ] step 340600  raw_mse_u 18.8812  raw_mse_v 15.8061  a0 0.33831  gnorm 32.90  (adaptive loss 1.9973 — flat by design)
[ train_imf ] step 340800  raw_mse_u 16.9755  raw_mse_v 13.1822  a0 0.24711  gnorm 46.27  (adaptive loss 1.9972 — flat by design)
[ train_imf ] step 341000  raw_mse_u 12.4994  raw_mse_v 12.0321  a0 0.31915  gnorm 24.51  (adaptive loss 1.9971 — flat by design)
[ train_imf ] step 341200  raw_mse_u 13.7596  raw_mse_v 11.9933  a0 0.42323  gnorm 17.45  (adaptive loss 1.9975 — flat by design)
[ train_imf ] step 341400  raw_mse_u 51.2895  raw_mse_v 12.8874  a0 1.47177  gnorm 27.26  (adaptive loss 1.9970 — flat by design)
[ train_imf ] step 341600  raw_mse_u 10.3004  raw_mse_v 9.7868  a0 0.17549  gnorm 23.46  (adaptive loss 1.9958 — flat by design)
[ train_imf ] step 341800  raw_mse_u 13.0315  raw_mse_v 10.9296  a0 0.20603  gnorm 27.81  (adaptive loss 1.9973 — flat by design)
[ train_imf ] step 342000  raw_mse_u 13.1141  raw_mse_v 12.1964  a0 0.25685  gnorm 28.50  (adaptive loss 1.9973 — flat by design)
[ train_imf ] step 342200  raw_mse_u 14.9909  raw_mse_v 13.8471  a0 0.17762  gnorm 25.58  (adaptive loss 1.9972 — flat by design)
[ train_imf ] step 342400  raw_mse_u 10.1331  raw_mse_v 8.8535  a0 0.16322  gnorm 63.69  (adaptive loss 1.9966 — flat by design)
[ train_imf ] step 342600  raw_mse_u 26.6539  raw_mse_v 13.9504  a0 0.25936  gnorm 47.21  (adaptive loss 1.9977 — flat by design)
[ train_imf ] step 342800  raw_mse_u 9.7671  raw_mse_v 8.4890  a0 0.08949  gnorm 21.79  (adaptive loss 1.9958 — flat by design)
[ train_imf ] step 343000  raw_mse_u 10.2279  raw_mse_v 8.3647  a0 0.23523  gnorm 32.00  (adaptive loss 1.9954 — flat by design)
[ train_imf ] step 343200  raw_mse_u 13.3179  raw_mse_v 10.6599  a0 0.33466  gnorm 27.93  (adaptive loss 1.9972 — flat by design)
[ train_imf ] step 343400  raw_mse_u 15.5508  raw_mse_v 12.9873  a0 0.15534  gnorm 30.85  (adaptive loss 1.9975 — flat by design)
[ train_imf ] step 343600  raw_mse_u 15.0214  raw_mse_v 13.6612  a0 0.40187  gnorm 26.10  (adaptive loss 1.9976 — flat by design)
[ train_imf ] step 343800  raw_mse_u 13.4254  raw_mse_v 10.7582  a0 0.09700  gnorm 26.66  (adaptive loss 1.9969 — flat by design)
[ train_imf ] step 344000  raw_mse_u 58.2311  raw_mse_v 11.1930  a0 0.86274  gnorm 65.10  (adaptive loss 1.9966 — flat by design)
[ train_imf ] step 344200  raw_mse_u 19.2393  raw_mse_v 12.7261  a0 0.20555  gnorm 25.57  (adaptive loss 1.9977 — flat by design)
[ train_imf ] step 344400  raw_mse_u 13.4663  raw_mse_v 11.2073  a0 0.17103  gnorm 31.07  (adaptive loss 1.9977 — flat by design)
[ train_imf ] step 344600  raw_mse_u 19.6942  raw_mse_v 8.7735  a0 0.79617  gnorm 38.52  (adaptive loss 1.9972 — flat by design)
[ train_imf ] step 344800  raw_mse_u 15.7948  raw_mse_v 11.0707  a0 0.31976  gnorm 60.28  (adaptive loss 1.9968 — flat by design)
[ train_imf ] step 345000  raw_mse_u 18.7619  raw_mse_v 13.9076  a0 0.23258  gnorm 32.74  (adaptive loss 1.9976 — flat by design)
[ train_imf ] step 345200  raw_mse_u 14.6793  raw_mse_v 10.4179  a0 0.41443  gnorm 82.64  (adaptive loss 1.9970 — flat by design)
[ train_imf ] step 345400  raw_mse_u 14.6772  raw_mse_v 13.4159  a0 0.23368  gnorm 21.46  (adaptive loss 1.9978 — flat by design)
[ train_imf ] step 345600  raw_mse_u 21.6717  raw_mse_v 11.7335  a0 0.25475  gnorm 16.69  (adaptive loss 1.9970 — flat by design)
[ train_imf ] step 345800  raw_mse_u 39.6740  raw_mse_v 13.6841  a0 0.62768  gnorm 26.21  (adaptive loss 1.9975 — flat by design)
[ train_imf ] step 346000  raw_mse_u 11.3121  raw_mse_v 9.9392  a0 0.14370  gnorm 39.34  (adaptive loss 1.9966 — flat by design)
[ train_imf ] step 346200  raw_mse_u 25.3536  raw_mse_v 9.9100  a0 0.53049  gnorm 26.75  (adaptive loss 1.9976 — flat by design)
[ train_imf ] step 346400  raw_mse_u 77.3899  raw_mse_v 10.0228  a0 0.21587  gnorm 25.34  (adaptive loss 1.9972 — flat by design)
[ train_imf ] step 346600  raw_mse_u 11.7092  raw_mse_v 8.6607  a0 0.15610  gnorm 30.18  (adaptive loss 1.9970 — flat by design)
[ train_imf ] step 346800  raw_mse_u 16.4007  raw_mse_v 12.9604  a0 0.31046  gnorm 26.71  (adaptive loss 1.9966 — flat by design)
[ train_imf ] step 347000  raw_mse_u 19.5890  raw_mse_v 11.4470  a0 0.56599  gnorm 22.02  (adaptive loss 1.9972 — flat by design)
[ train_imf ] step 347200  raw_mse_u 11.9663  raw_mse_v 11.5787  a0 0.15666  gnorm 32.24  (adaptive loss 1.9975 — flat by design)
[ train_imf ] step 347400  raw_mse_u 8.2511  raw_mse_v 7.2279  a0 0.27315  gnorm 29.63  (adaptive loss 1.9966 — flat by design)
[ train_imf ] step 347600  raw_mse_u 47.5571  raw_mse_v 15.6594  a0 0.61651  gnorm 26.38  (adaptive loss 1.9968 — flat by design)
[ train_imf ] step 347800  raw_mse_u 32.3040  raw_mse_v 19.8368  a0 0.57162  gnorm 22.71  (adaptive loss 1.9971 — flat by design)
[ train_imf ] step 348000  raw_mse_u 10.3535  raw_mse_v 9.6173  a0 0.13714  gnorm 26.06  (adaptive loss 1.9968 — flat by design)
[ train_imf ] step 348200  raw_mse_u 13.8429  raw_mse_v 8.8875  a0 0.17009  gnorm 23.99  (adaptive loss 1.9968 — flat by design)
[ train_imf ] step 348400  raw_mse_u 13.7156  raw_mse_v 10.7472  a0 0.21729  gnorm 66.47  (adaptive loss 1.9975 — flat by design)
[ train_imf ] step 348600  raw_mse_u 11.9262  raw_mse_v 11.3839  a0 0.14610  gnorm 31.67  (adaptive loss 1.9966 — flat by design)
[ train_imf ] step 348800  raw_mse_u 17.4037  raw_mse_v 16.2602  a0 0.32617  gnorm 22.90  (adaptive loss 1.9973 — flat by design)
[ train_imf ] step 349000  raw_mse_u 11.7277  raw_mse_v 9.4652  a0 0.17806  gnorm 38.31  (adaptive loss 1.9966 — flat by design)
[ train_imf ] step 349200  raw_mse_u 14.5733  raw_mse_v 12.2305  a0 0.36232  gnorm 27.90  (adaptive loss 1.9977 — flat by design)
[ train_imf ] step 349400  raw_mse_u 57.5664  raw_mse_v 12.5299  a0 1.92213  gnorm 30.76  (adaptive loss 1.9971 — flat by design)
[ train_imf ] step 349600  raw_mse_u 10.7999  raw_mse_v 8.9698  a0 0.18487  gnorm 26.99  (adaptive loss 1.9968 — flat by design)
[ train_imf ] step 349800  raw_mse_u 11.2706  raw_mse_v 9.1029  a0 0.17477  gnorm 32.32  (adaptive loss 1.9971 — flat by design)
[ train_imf ] step 350000  raw_mse_u 9.9703  raw_mse_v 9.8430  a0 0.10958  gnorm 29.38  (adaptive loss 1.9970 — flat by design)
[ train_imf ] step 350200  raw_mse_u 12.7955  raw_mse_v 9.2864  a0 0.33983  gnorm 30.33  (adaptive loss 1.9956 — flat by design)
[ train_imf ] step 350400  raw_mse_u 72.3587  raw_mse_v 14.0533  a0 0.30012  gnorm 36.32  (adaptive loss 1.9974 — flat by design)
[ train_imf ] step 350600  raw_mse_u 35.0048  raw_mse_v 26.6967  a0 0.52388  gnorm 23.36  (adaptive loss 1.9981 — flat by design)
[ train_imf ] step 350800  raw_mse_u 14.5701  raw_mse_v 14.9282  a0 0.35925  gnorm 19.72  (adaptive loss 1.9977 — flat by design)
[ train_imf ] step 351000  raw_mse_u 20.3951  raw_mse_v 11.8642  a0 0.58336  gnorm 39.11  (adaptive loss 1.9971 — flat by design)
[ train_imf ] step 351200  raw_mse_u 13.8996  raw_mse_v 11.7278  a0 0.21905  gnorm 35.29  (adaptive loss 1.9974 — flat by design)
[ train_imf ] step 351400  raw_mse_u 13.2681  raw_mse_v 12.3223  a0 0.23093  gnorm 35.05  (adaptive loss 1.9971 — flat by design)
[ train_imf ] step 351600  raw_mse_u 55.3979  raw_mse_v 17.0877  a0 1.59623  gnorm 42.56  (adaptive loss 1.9972 — flat by design)
[ train_imf ] step 351800  raw_mse_u 30.7659  raw_mse_v 15.0322  a0 0.57967  gnorm 34.33  (adaptive loss 1.9977 — flat by design)
[ train_imf ] step 352000  raw_mse_u 13.5122  raw_mse_v 11.0067  a0 0.13897  gnorm 29.92  (adaptive loss 1.9965 — flat by design)
[ train_imf ] step 352200  raw_mse_u 11.0657  raw_mse_v 7.9506  a0 0.06744  gnorm 29.02  (adaptive loss 1.9952 — flat by design)
[ train_imf ] step 352400  raw_mse_u 18.9202  raw_mse_v 10.8408  a0 0.30208  gnorm 37.13  (adaptive loss 1.9963 — flat by design)
[ train_imf ] step 352600  raw_mse_u 13.4001  raw_mse_v 11.2290  a0 0.17109  gnorm 20.35  (adaptive loss 1.9973 — flat by design)
[ train_imf ] step 352800  raw_mse_u 16.4605  raw_mse_v 10.6209  a0 0.16018  gnorm 27.44  (adaptive loss 1.9977 — flat by design)
[ train_imf ] step 353000  raw_mse_u 15.0517  raw_mse_v 10.8198  a0 0.34501  gnorm 32.23  (adaptive loss 1.9963 — flat by design)
[ train_imf ] step 353200  raw_mse_u 10.2316  raw_mse_v 9.5882  a0 0.24641  gnorm 16.92  (adaptive loss 1.9970 — flat by design)
[ train_imf ] step 353400  raw_mse_u 11.7481  raw_mse_v 9.3387  a0 0.15710  gnorm 26.78  (adaptive loss 1.9969 — flat by design)
[ train_imf ] step 353600  raw_mse_u 20.1618  raw_mse_v 11.0133  a0 0.16692  gnorm 33.45  (adaptive loss 1.9970 — flat by design)
[ train_imf ] step 353800  raw_mse_u 15.6766  raw_mse_v 9.5593  a0 0.39810  gnorm 48.26  (adaptive loss 1.9970 — flat by design)
[ train_imf ] step 354000  raw_mse_u 52.8632  raw_mse_v 12.7490  a0 0.45352  gnorm 28.58  (adaptive loss 1.9963 — flat by design)
[ train_imf ] step 354200  raw_mse_u 11.6916  raw_mse_v 10.5857  a0 0.43592  gnorm 33.15  (adaptive loss 1.9970 — flat by design)
[ train_imf ] step 354400  raw_mse_u 15.4699  raw_mse_v 14.3444  a0 0.34879  gnorm 18.27  (adaptive loss 1.9978 — flat by design)
[ train_imf ] step 354600  raw_mse_u 17.6569  raw_mse_v 11.1536  a0 0.39795  gnorm 26.20  (adaptive loss 1.9975 — flat by design)
[ train_imf ] step 354800  raw_mse_u 10.8853  raw_mse_v 8.8239  a0 0.14028  gnorm 29.77  (adaptive loss 1.9964 — flat by design)
[ train_imf ] step 355000  raw_mse_u 10.4526  raw_mse_v 9.6363  a0 0.19820  gnorm 26.80  (adaptive loss 1.9966 — flat by design)
[ train_imf ] step 355200  raw_mse_u 12.3473  raw_mse_v 11.7253  a0 0.25509  gnorm 65.94  (adaptive loss 1.9973 — flat by design)
[ train_imf ] step 355400  raw_mse_u 15.0422  raw_mse_v 12.4226  a0 0.13144  gnorm 29.36  (adaptive loss 1.9974 — flat by design)
[ train_imf ] step 355600  raw_mse_u 12.4701  raw_mse_v 10.9865  a0 0.19801  gnorm 38.74  (adaptive loss 1.9973 — flat by design)
[ train_imf ] step 355800  raw_mse_u 12.2175  raw_mse_v 10.0396  a0 0.25771  gnorm 29.21  (adaptive loss 1.9966 — flat by design)
[ train_imf ] step 356000  raw_mse_u 12.4251  raw_mse_v 10.8300  a0 0.14771  gnorm 21.53  (adaptive loss 1.9970 — flat by design)
[ train_imf ] step 356200  raw_mse_u 9.6320  raw_mse_v 10.2135  a0 0.14811  gnorm 25.54  (adaptive loss 1.9965 — flat by design)
[ train_imf ] step 356400  raw_mse_u 30.3053  raw_mse_v 13.4676  a0 0.32290  gnorm 23.70  (adaptive loss 1.9977 — flat by design)
[ train_imf ] step 356600  raw_mse_u 27.7752  raw_mse_v 14.8171  a0 0.86370  gnorm 37.99  (adaptive loss 1.9970 — flat by design)
[ train_imf ] step 356800  raw_mse_u 16.2101  raw_mse_v 14.2250  a0 0.28008  gnorm 26.47  (adaptive loss 1.9974 — flat by design)
[ train_imf ] step 357000  raw_mse_u 12.5553  raw_mse_v 9.4495  a0 0.26772  gnorm 55.52  (adaptive loss 1.9964 — flat by design)
[ train_imf ] step 357200  raw_mse_u 34.9685  raw_mse_v 11.5984  a0 0.44005  gnorm 25.52  (adaptive loss 1.9968 — flat by design)
[ train_imf ] step 357400  raw_mse_u 16.0978  raw_mse_v 10.8942  a0 0.20045  gnorm 56.79  (adaptive loss 1.9974 — flat by design)
[ train_imf ] step 357600  raw_mse_u 10.7559  raw_mse_v 9.3386  a0 0.27449  gnorm 38.43  (adaptive loss 1.9967 — flat by design)
[ train_imf ] step 357800  raw_mse_u 23.0325  raw_mse_v 13.3452  a0 0.47774  gnorm 150.17  (adaptive loss 1.9974 — flat by design)
[ train_imf ] step 358000  raw_mse_u 32.5087  raw_mse_v 11.1019  a0 1.14546  gnorm 62.33  (adaptive loss 1.9969 — flat by design)
[ train_imf ] step 358200  raw_mse_u 13.7168  raw_mse_v 12.3812  a0 0.48365  gnorm 27.12  (adaptive loss 1.9977 — flat by design)
[ train_imf ] step 358400  raw_mse_u 14.4914  raw_mse_v 11.6174  a0 0.21217  gnorm 34.49  (adaptive loss 1.9970 — flat by design)
[ train_imf ] step 358600  raw_mse_u 16.4442  raw_mse_v 12.1119  a0 0.34132  gnorm 38.04  (adaptive loss 1.9979 — flat by design)
[ train_imf ] step 358800  raw_mse_u 9.8805  raw_mse_v 8.9912  a0 0.14682  gnorm 28.32  (adaptive loss 1.9968 — flat by design)
[ train_imf ] step 359000  raw_mse_u 15.8935  raw_mse_v 11.7955  a0 0.35295  gnorm 31.49  (adaptive loss 1.9970 — flat by design)
[ train_imf ] step 359200  raw_mse_u 14.6658  raw_mse_v 12.2508  a0 0.32820  gnorm 27.20  (adaptive loss 1.9971 — flat by design)
[ train_imf ] step 359400  raw_mse_u 14.3727  raw_mse_v 12.5191  a0 0.22179  gnorm 29.65  (adaptive loss 1.9975 — flat by design)
[ train_imf ] step 359600  raw_mse_u 20.3395  raw_mse_v 14.5509  a0 0.39108  gnorm 45.71  (adaptive loss 1.9965 — flat by design)
[ train_imf ] step 359800  raw_mse_u 13.0766  raw_mse_v 9.9954  a0 0.31007  gnorm 23.35  (adaptive loss 1.9972 — flat by design)
[ train_imf ] step 360000  raw_mse_u 17.2723  raw_mse_v 15.5824  a0 0.38712  gnorm 30.79  (adaptive loss 1.9978 — flat by design)
[ train_imf ] step 360200  raw_mse_u 23.5113  raw_mse_v 12.7723  a0 0.17330  gnorm 34.47  (adaptive loss 1.9973 — flat by design)
[ train_imf ] step 360400  raw_mse_u 9.5136  raw_mse_v 10.0375  a0 0.08734  gnorm 21.60  (adaptive loss 1.9958 — flat by design)
[ train_imf ] step 360600  raw_mse_u 21.0104  raw_mse_v 12.2015  a0 0.68924  gnorm 44.94  (adaptive loss 1.9969 — flat by design)
[ train_imf ] step 360800  raw_mse_u 70.2258  raw_mse_v 15.3888  a0 2.00595  gnorm 21.40  (adaptive loss 1.9971 — flat by design)
[ train_imf ] step 361000  raw_mse_u 18.1249  raw_mse_v 15.4100  a0 0.26530  gnorm 25.31  (adaptive loss 1.9972 — flat by design)
[ train_imf ] step 361200  raw_mse_u 55.2033  raw_mse_v 12.6529  a0 0.34472  gnorm 22.80  (adaptive loss 1.9972 — flat by design)
[ train_imf ] step 361400  raw_mse_u 18.1200  raw_mse_v 15.8874  a0 0.33232  gnorm 26.59  (adaptive loss 1.9972 — flat by design)
[ train_imf ] step 361600  raw_mse_u 13.9547  raw_mse_v 10.7441  a0 0.13674  gnorm 31.91  (adaptive loss 1.9966 — flat by design)
[ train_imf ] step 361800  raw_mse_u 105.9660  raw_mse_v 15.1292  a0 6.50496  gnorm 54.70  (adaptive loss 1.9971 — flat by design)
[ train_imf ] step 362000  raw_mse_u 12.9172  raw_mse_v 9.4911  a0 0.16100  gnorm 27.25  (adaptive loss 1.9971 — flat by design)
[ train_imf ] step 362200  raw_mse_u 11.8073  raw_mse_v 9.2042  a0 0.23509  gnorm 34.61  (adaptive loss 1.9966 — flat by design)
[ train_imf ] step 362400  raw_mse_u 12.1826  raw_mse_v 10.8884  a0 0.25574  gnorm 44.97  (adaptive loss 1.9973 — flat by design)
[ train_imf ] step 362600  raw_mse_u 13.4420  raw_mse_v 10.3310  a0 0.22289  gnorm 27.35  (adaptive loss 1.9975 — flat by design)
[ train_imf ] step 362800  raw_mse_u 12.9175  raw_mse_v 11.9647  a0 0.26868  gnorm 23.99  (adaptive loss 1.9967 — flat by design)
[ train_imf ] step 363000  raw_mse_u 10.5404  raw_mse_v 10.0962  a0 0.13174  gnorm 23.55  (adaptive loss 1.9963 — flat by design)
[ train_imf ] step 363200  raw_mse_u 14.3692  raw_mse_v 11.7987  a0 0.22083  gnorm 19.67  (adaptive loss 1.9968 — flat by design)
[ train_imf ] step 363400  raw_mse_u 13.4555  raw_mse_v 10.5341  a0 0.17171  gnorm 35.19  (adaptive loss 1.9976 — flat by design)
[ train_imf ] step 363600  raw_mse_u 15.4548  raw_mse_v 9.9630  a0 0.20604  gnorm 56.20  (adaptive loss 1.9971 — flat by design)
[ train_imf ] step 363800  raw_mse_u 22.1284  raw_mse_v 7.6374  a0 1.09771  gnorm 35.11  (adaptive loss 1.9966 — flat by design)
[ train_imf ] step 364000  raw_mse_u 26.9185  raw_mse_v 10.0414  a0 0.35893  gnorm 45.44  (adaptive loss 1.9976 — flat by design)
[ train_imf ] step 364200  raw_mse_u 12.3237  raw_mse_v 11.3294  a0 0.27362  gnorm 32.92  (adaptive loss 1.9967 — flat by design)
[ train_imf ] step 364400  raw_mse_u 13.2256  raw_mse_v 9.6881  a0 0.38491  gnorm 34.32  (adaptive loss 1.9966 — flat by design)
[ train_imf ] step 364600  raw_mse_u 9.0919  raw_mse_v 9.1910  a0 0.11518  gnorm 29.46  (adaptive loss 1.9963 — flat by design)
[ train_imf ] step 364800  raw_mse_u 15.0856  raw_mse_v 12.6182  a0 0.32968  gnorm 25.15  (adaptive loss 1.9973 — flat by design)
[ train_imf ] step 365000  raw_mse_u 39.0613  raw_mse_v 19.1423  a0 1.05590  gnorm 19.95  (adaptive loss 1.9975 — flat by design)
[ train_imf ] step 365200  raw_mse_u 10.6984  raw_mse_v 9.6978  a0 0.14796  gnorm 61.56  (adaptive loss 1.9970 — flat by design)
[ train_imf ] step 365400  raw_mse_u 10.9134  raw_mse_v 9.1477  a0 0.11224  gnorm 26.60  (adaptive loss 1.9964 — flat by design)
[ train_imf ] step 365600  raw_mse_u 13.6635  raw_mse_v 9.8997  a0 0.16791  gnorm 30.51  (adaptive loss 1.9968 — flat by design)
[ train_imf ] step 365800  raw_mse_u 8.4702  raw_mse_v 5.6901  a0 0.20817  gnorm 45.39  (adaptive loss 1.9959 — flat by design)
[ train_imf ] step 366000  raw_mse_u 14.5567  raw_mse_v 11.2278  a0 0.14862  gnorm 23.42  (adaptive loss 1.9973 — flat by design)
[ train_imf ] step 366200  raw_mse_u 20.6668  raw_mse_v 13.4605  a0 0.43112  gnorm 24.64  (adaptive loss 1.9979 — flat by design)
[ train_imf ] step 366400  raw_mse_u 17.5738  raw_mse_v 12.6419  a0 0.34391  gnorm 39.78  (adaptive loss 1.9978 — flat by design)
[ train_imf ] step 366600  raw_mse_u 10.8250  raw_mse_v 11.9449  a0 0.15791  gnorm 30.64  (adaptive loss 1.9966 — flat by design)
[ train_imf ] step 366800  raw_mse_u 18.0388  raw_mse_v 11.2438  a0 0.34502  gnorm 37.77  (adaptive loss 1.9973 — flat by design)
[ train_imf ] step 367000  raw_mse_u 15.6030  raw_mse_v 12.5208  a0 0.30167  gnorm 23.10  (adaptive loss 1.9960 — flat by design)
[ train_imf ] step 367200  raw_mse_u 14.0958  raw_mse_v 11.1731  a0 0.28242  gnorm 46.85  (adaptive loss 1.9967 — flat by design)
[ train_imf ] step 367400  raw_mse_u 14.2398  raw_mse_v 8.9789  a0 0.51381  gnorm 31.31  (adaptive loss 1.9971 — flat by design)
[ train_imf ] step 367600  raw_mse_u 24.8984  raw_mse_v 9.4153  a0 1.41087  gnorm 31.51  (adaptive loss 1.9962 — flat by design)
[ train_imf ] step 367800  raw_mse_u 10.9556  raw_mse_v 11.4352  a0 0.18183  gnorm 32.63  (adaptive loss 1.9969 — flat by design)
[ train_imf ] step 368000  raw_mse_u 20.2276  raw_mse_v 18.1468  a0 0.18553  gnorm 24.16  (adaptive loss 1.9981 — flat by design)
[ train_imf ] step 368200  raw_mse_u 13.1953  raw_mse_v 12.0431  a0 0.16940  gnorm 19.89  (adaptive loss 1.9974 — flat by design)
[ train_imf ] step 368400  raw_mse_u 13.1302  raw_mse_v 11.7986  a0 0.28014  gnorm 31.42  (adaptive loss 1.9972 — flat by design)
[ train_imf ] step 368600  raw_mse_u 12.8421  raw_mse_v 9.5249  a0 0.45126  gnorm 32.24  (adaptive loss 1.9960 — flat by design)
[ train_imf ] step 368800  raw_mse_u 12.3883  raw_mse_v 9.6932  a0 0.30967  gnorm 27.49  (adaptive loss 1.9964 — flat by design)
[ train_imf ] step 369000  raw_mse_u 14.6976  raw_mse_v 11.3960  a0 0.26830  gnorm 22.05  (adaptive loss 1.9972 — flat by design)
[ train_imf ] step 369200  raw_mse_u 12.4985  raw_mse_v 12.4410  a0 0.19953  gnorm 21.86  (adaptive loss 1.9967 — flat by design)
[ train_imf ] step 369400  raw_mse_u 16.8606  raw_mse_v 15.3121  a0 0.29968  gnorm 55.65  (adaptive loss 1.9974 — flat by design)
[ train_imf ] step 369600  raw_mse_u 17.2088  raw_mse_v 12.9942  a0 0.22920  gnorm 34.32  (adaptive loss 1.9975 — flat by design)
[ train_imf ] step 369800  raw_mse_u 20.9981  raw_mse_v 11.8897  a0 0.43747  gnorm 31.78  (adaptive loss 1.9970 — flat by design)
[ train_imf ] step 370000  raw_mse_u 23.5095  raw_mse_v 13.2565  a0 0.26076  gnorm 30.22  (adaptive loss 1.9965 — flat by design)
[ train_imf ] step 370200  raw_mse_u 15.5844  raw_mse_v 9.5597  a0 0.31798  gnorm 27.63  (adaptive loss 1.9973 — flat by design)
[ train_imf ] step 370400  raw_mse_u 13.5415  raw_mse_v 12.1641  a0 0.27114  gnorm 19.55  (adaptive loss 1.9969 — flat by design)
[ train_imf ] step 370600  raw_mse_u 15.7836  raw_mse_v 12.0717  a0 0.08219  gnorm 31.44  (adaptive loss 1.9966 — flat by design)
[ train_imf ] step 370800  raw_mse_u 16.5226  raw_mse_v 12.9793  a0 0.38628  gnorm 33.88  (adaptive loss 1.9980 — flat by design)
[ train_imf ] step 371000  raw_mse_u 8.7542  raw_mse_v 7.8373  a0 0.13603  gnorm 27.77  (adaptive loss 1.9964 — flat by design)
[ train_imf ] step 371200  raw_mse_u 11.8553  raw_mse_v 10.7365  a0 0.25580  gnorm 21.94  (adaptive loss 1.9958 — flat by design)
[ train_imf ] step 371400  raw_mse_u 9.0639  raw_mse_v 8.3352  a0 0.17166  gnorm 22.08  (adaptive loss 1.9968 — flat by design)
[ train_imf ] step 371600  raw_mse_u 11.7588  raw_mse_v 11.3589  a0 0.22486  gnorm 43.45  (adaptive loss 1.9975 — flat by design)
[ train_imf ] step 371800  raw_mse_u 14.1711  raw_mse_v 13.7071  a0 0.20407  gnorm 58.32  (adaptive loss 1.9974 — flat by design)
[ train_imf ] step 372000  raw_mse_u 83.5510  raw_mse_v 9.2439  a0 0.61738  gnorm 21.33  (adaptive loss 1.9970 — flat by design)
[ train_imf ] step 372200  raw_mse_u 13.7967  raw_mse_v 9.4166  a0 0.19511  gnorm 37.66  (adaptive loss 1.9972 — flat by design)
[ train_imf ] step 372400  raw_mse_u 13.2191  raw_mse_v 12.9945  a0 0.18961  gnorm 24.66  (adaptive loss 1.9966 — flat by design)
[ train_imf ] step 372600  raw_mse_u 14.8036  raw_mse_v 14.4896  a0 0.13028  gnorm 30.96  (adaptive loss 1.9969 — flat by design)
[ train_imf ] step 372800  raw_mse_u 15.7662  raw_mse_v 14.3723  a0 0.28821  gnorm 32.52  (adaptive loss 1.9970 — flat by design)
[ train_imf ] step 373000  raw_mse_u 16.4339  raw_mse_v 14.8197  a0 0.15721  gnorm 18.26  (adaptive loss 1.9974 — flat by design)
[ train_imf ] step 373200  raw_mse_u 14.0055  raw_mse_v 12.6269  a0 0.25364  gnorm 26.54  (adaptive loss 1.9975 — flat by design)
[ train_imf ] step 373400  raw_mse_u 12.0341  raw_mse_v 10.9751  a0 0.17150  gnorm 22.64  (adaptive loss 1.9959 — flat by design)
[ train_imf ] step 373600  raw_mse_u 13.5568  raw_mse_v 11.1200  a0 0.31602  gnorm 26.73  (adaptive loss 1.9969 — flat by design)
[ train_imf ] step 373800  raw_mse_u 14.5656  raw_mse_v 10.3302  a0 0.21360  gnorm 31.25  (adaptive loss 1.9963 — flat by design)
[ train_imf ] step 374000  raw_mse_u 12.0740  raw_mse_v 10.8256  a0 0.20794  gnorm 24.63  (adaptive loss 1.9971 — flat by design)
[ train_imf ] step 374200  raw_mse_u 12.9582  raw_mse_v 10.9879  a0 0.39055  gnorm 24.33  (adaptive loss 1.9972 — flat by design)
[ train_imf ] step 374400  raw_mse_u 15.3523  raw_mse_v 11.8115  a0 0.24612  gnorm 28.04  (adaptive loss 1.9967 — flat by design)
[ train_imf ] step 374600  raw_mse_u 20.6289  raw_mse_v 16.6476  a0 0.47077  gnorm 62.24  (adaptive loss 1.9973 — flat by design)
[ train_imf ] step 374800  raw_mse_u 9.8618  raw_mse_v 8.7093  a0 0.14567  gnorm 31.30  (adaptive loss 1.9967 — flat by design)
[ train_imf ] step 375000  raw_mse_u 50.9918  raw_mse_v 14.8057  a0 0.58771  gnorm 49.20  (adaptive loss 1.9974 — flat by design)
[ train_imf ] step 375200  raw_mse_u 25.9537  raw_mse_v 19.7736  a0 0.69704  gnorm 43.48  (adaptive loss 1.9971 — flat by design)
[ train_imf ] step 375400  raw_mse_u 37.5869  raw_mse_v 14.4955  a0 0.96512  gnorm 24.81  (adaptive loss 1.9966 — flat by design)
[ train_imf ] step 375600  raw_mse_u 14.1377  raw_mse_v 13.3283  a0 0.14577  gnorm 36.41  (adaptive loss 1.9975 — flat by design)
[ train_imf ] step 375800  raw_mse_u 26.3732  raw_mse_v 14.0406  a0 0.54703  gnorm 69.81  (adaptive loss 1.9975 — flat by design)
[ train_imf ] step 376000  raw_mse_u 16.0689  raw_mse_v 14.3989  a0 0.30330  gnorm 25.65  (adaptive loss 1.9977 — flat by design)
[ train_imf ] step 376200  raw_mse_u 22.6609  raw_mse_v 14.4633  a0 0.19855  gnorm 110.79  (adaptive loss 1.9968 — flat by design)
[ train_imf ] step 376400  raw_mse_u 12.4370  raw_mse_v 11.7447  a0 0.26971  gnorm 27.19  (adaptive loss 1.9973 — flat by design)
[ train_imf ] step 376600  raw_mse_u 13.3018  raw_mse_v 11.5096  a0 0.33761  gnorm 89.88  (adaptive loss 1.9974 — flat by design)
[ train_imf ] step 376800  raw_mse_u 55.7355  raw_mse_v 10.8915  a0 0.59738  gnorm 36.02  (adaptive loss 1.9967 — flat by design)
[ train_imf ] step 377000  raw_mse_u 19.3400  raw_mse_v 12.8379  a0 0.43693  gnorm 43.06  (adaptive loss 1.9970 — flat by design)
[ train_imf ] step 377200  raw_mse_u 77.0924  raw_mse_v 12.2862  a0 2.12446  gnorm 28.30  (adaptive loss 1.9972 — flat by design)
[ train_imf ] step 377400  raw_mse_u 12.3471  raw_mse_v 10.7879  a0 0.39520  gnorm 41.90  (adaptive loss 1.9973 — flat by design)
[ train_imf ] step 377600  raw_mse_u 19.6803  raw_mse_v 9.5962  a0 0.43083  gnorm 54.28  (adaptive loss 1.9966 — flat by design)
[ train_imf ] step 377800  raw_mse_u 12.8560  raw_mse_v 11.4002  a0 0.21236  gnorm 27.95  (adaptive loss 1.9970 — flat by design)
[ train_imf ] step 378000  raw_mse_u 12.9891  raw_mse_v 12.6539  a0 0.11147  gnorm 31.91  (adaptive loss 1.9975 — flat by design)
[ train_imf ] step 378200  raw_mse_u 14.4597  raw_mse_v 14.2348  a0 0.36849  gnorm 27.86  (adaptive loss 1.9965 — flat by design)
[ train_imf ] step 378400  raw_mse_u 14.7582  raw_mse_v 14.1853  a0 0.32724  gnorm 34.34  (adaptive loss 1.9967 — flat by design)
[ train_imf ] step 378600  raw_mse_u 14.6437  raw_mse_v 13.1388  a0 0.22845  gnorm 22.32  (adaptive loss 1.9965 — flat by design)
[ train_imf ] step 378800  raw_mse_u 11.2254  raw_mse_v 10.1580  a0 0.19278  gnorm 26.27  (adaptive loss 1.9966 — flat by design)
[ train_imf ] step 379000  raw_mse_u 12.2684  raw_mse_v 11.4220  a0 0.20234  gnorm 25.36  (adaptive loss 1.9973 — flat by design)
[ train_imf ] step 379200  raw_mse_u 23.2626  raw_mse_v 10.1810  a0 0.34394  gnorm 24.67  (adaptive loss 1.9970 — flat by design)
[ train_imf ] step 379400  raw_mse_u 16.3857  raw_mse_v 12.9986  a0 0.34143  gnorm 39.22  (adaptive loss 1.9980 — flat by design)
[ train_imf ] step 379600  raw_mse_u 15.6151  raw_mse_v 15.9022  a0 0.37622  gnorm 36.29  (adaptive loss 1.9970 — flat by design)
[ train_imf ] step 379800  raw_mse_u 14.2440  raw_mse_v 11.9776  a0 0.32102  gnorm 33.29  (adaptive loss 1.9973 — flat by design)
[ train_imf ] step 380000  raw_mse_u 11.2812  raw_mse_v 10.0097  a0 0.13387  gnorm 31.43  (adaptive loss 1.9971 — flat by design)
[ train_imf ] step 380200  raw_mse_u 54.1294  raw_mse_v 12.6756  a0 1.05532  gnorm 29.84  (adaptive loss 1.9973 — flat by design)
[ train_imf ] step 380400  raw_mse_u 11.3156  raw_mse_v 10.2708  a0 0.18365  gnorm 41.18  (adaptive loss 1.9972 — flat by design)
[ train_imf ] step 380600  raw_mse_u 14.2265  raw_mse_v 12.8863  a0 0.25530  gnorm 27.64  (adaptive loss 1.9977 — flat by design)
[ train_imf ] step 380800  raw_mse_u 16.1345  raw_mse_v 13.6448  a0 0.14403  gnorm 19.77  (adaptive loss 1.9976 — flat by design)
[ train_imf ] step 381000  raw_mse_u 17.2923  raw_mse_v 15.0352  a0 0.23778  gnorm 22.79  (adaptive loss 1.9963 — flat by design)
[ train_imf ] step 381200  raw_mse_u 15.5054  raw_mse_v 11.8680  a0 0.16026  gnorm 24.75  (adaptive loss 1.9969 — flat by design)
[ train_imf ] step 381400  raw_mse_u 14.3403  raw_mse_v 13.5498  a0 0.26572  gnorm 19.89  (adaptive loss 1.9971 — flat by design)
[ train_imf ] step 381600  raw_mse_u 16.4430  raw_mse_v 15.2597  a0 0.21861  gnorm 30.51  (adaptive loss 1.9978 — flat by design)
[ train_imf ] step 381800  raw_mse_u 10.9504  raw_mse_v 9.1307  a0 0.21939  gnorm 35.42  (adaptive loss 1.9969 — flat by design)
[ train_imf ] step 382000  raw_mse_u 15.5258  raw_mse_v 12.3505  a0 0.14271  gnorm 25.69  (adaptive loss 1.9970 — flat by design)
[ train_imf ] step 382200  raw_mse_u 18.3463  raw_mse_v 12.1730  a0 0.08561  gnorm 29.18  (adaptive loss 1.9972 — flat by design)
[ train_imf ] step 382400  raw_mse_u 11.4451  raw_mse_v 9.7353  a0 0.22779  gnorm 28.64  (adaptive loss 1.9970 — flat by design)
[ train_imf ] step 382600  raw_mse_u 23.0334  raw_mse_v 14.9146  a0 0.83368  gnorm 46.26  (adaptive loss 1.9973 — flat by design)
[ train_imf ] step 382800  raw_mse_u 47.5351  raw_mse_v 9.5308  a0 2.26919  gnorm 27.14  (adaptive loss 1.9971 — flat by design)
[ train_imf ] step 383000  raw_mse_u 15.1256  raw_mse_v 13.4557  a0 0.32844  gnorm 28.52  (adaptive loss 1.9971 — flat by design)
[ train_imf ] step 383200  raw_mse_u 18.8273  raw_mse_v 15.0802  a0 0.44155  gnorm 48.34  (adaptive loss 1.9967 — flat by design)
[ train_imf ] step 383400  raw_mse_u 22.0427  raw_mse_v 17.1855  a0 0.30724  gnorm 42.47  (adaptive loss 1.9966 — flat by design)
[ train_imf ] step 383600  raw_mse_u 41.8563  raw_mse_v 9.3354  a0 1.38532  gnorm 26.82  (adaptive loss 1.9958 — flat by design)
[ train_imf ] step 383800  raw_mse_u 14.2100  raw_mse_v 12.3007  a0 0.31173  gnorm 21.55  (adaptive loss 1.9973 — flat by design)
[ train_imf ] step 384000  raw_mse_u 21.7136  raw_mse_v 19.9662  a0 0.45259  gnorm 24.49  (adaptive loss 1.9979 — flat by design)
[ train_imf ] step 384200  raw_mse_u 15.7944  raw_mse_v 12.8879  a0 0.26895  gnorm 35.93  (adaptive loss 1.9967 — flat by design)
[ train_imf ] step 384400  raw_mse_u 15.3155  raw_mse_v 12.2526  a0 0.31372  gnorm 43.44  (adaptive loss 1.9970 — flat by design)
[ train_imf ] step 384600  raw_mse_u 24.3722  raw_mse_v 11.2210  a0 1.62847  gnorm 31.27  (adaptive loss 1.9959 — flat by design)
[ train_imf ] step 384800  raw_mse_u 9.4452  raw_mse_v 7.7563  a0 0.08623  gnorm 22.25  (adaptive loss 1.9965 — flat by design)
[ train_imf ] step 385000  raw_mse_u 11.1698  raw_mse_v 10.7286  a0 0.14089  gnorm 64.31  (adaptive loss 1.9977 — flat by design)
[ train_imf ] step 385200  raw_mse_u 12.1357  raw_mse_v 9.8869  a0 0.21072  gnorm 36.78  (adaptive loss 1.9968 — flat by design)
[ train_imf ] step 385400  raw_mse_u 11.6415  raw_mse_v 9.9632  a0 0.15904  gnorm 47.91  (adaptive loss 1.9964 — flat by design)
[ train_imf ] step 385600  raw_mse_u 18.9281  raw_mse_v 14.7867  a0 0.51257  gnorm 35.43  (adaptive loss 1.9973 — flat by design)
[ train_imf ] step 385800  raw_mse_u 13.5804  raw_mse_v 10.7396  a0 0.28952  gnorm 47.34  (adaptive loss 1.9971 — flat by design)
[ train_imf ] step 386000  raw_mse_u 10.7369  raw_mse_v 10.7020  a0 0.29705  gnorm 29.77  (adaptive loss 1.9971 — flat by design)
[ train_imf ] step 386200  raw_mse_u 15.3236  raw_mse_v 10.4292  a0 0.35806  gnorm 27.29  (adaptive loss 1.9973 — flat by design)
[ train_imf ] step 386400  raw_mse_u 101.8150  raw_mse_v 12.8287  a0 0.80045  gnorm 50.92  (adaptive loss 1.9969 — flat by design)
[ train_imf ] step 386600  raw_mse_u 13.4177  raw_mse_v 12.2271  a0 0.15356  gnorm 24.57  (adaptive loss 1.9972 — flat by design)
[ train_imf ] step 386800  raw_mse_u 16.1500  raw_mse_v 12.7906  a0 0.26485  gnorm 33.95  (adaptive loss 1.9974 — flat by design)
[ train_imf ] step 387000  raw_mse_u 13.1747  raw_mse_v 10.4882  a0 0.22362  gnorm 27.30  (adaptive loss 1.9970 — flat by design)
[ train_imf ] step 387200  raw_mse_u 11.4439  raw_mse_v 9.7637  a0 0.15181  gnorm 80.33  (adaptive loss 1.9971 — flat by design)
[ train_imf ] step 387400  raw_mse_u 10.4031  raw_mse_v 10.7331  a0 0.32188  gnorm 41.60  (adaptive loss 1.9970 — flat by design)
[ train_imf ] step 387600  raw_mse_u 14.2983  raw_mse_v 13.7050  a0 0.24807  gnorm 17.77  (adaptive loss 1.9970 — flat by design)
[ train_imf ] step 387800  raw_mse_u 17.7435  raw_mse_v 12.5040  a0 0.34623  gnorm 22.59  (adaptive loss 1.9972 — flat by design)
[ train_imf ] step 388000  raw_mse_u 20.6772  raw_mse_v 11.3273  a0 0.25532  gnorm 82.70  (adaptive loss 1.9967 — flat by design)
[ train_imf ] step 388200  raw_mse_u 11.9215  raw_mse_v 10.9263  a0 0.18992  gnorm 28.98  (adaptive loss 1.9975 — flat by design)
[ train_imf ] step 388400  raw_mse_u 19.0989  raw_mse_v 13.8854  a0 0.12632  gnorm 26.32  (adaptive loss 1.9965 — flat by design)
[ train_imf ] step 388600  raw_mse_u 12.9849  raw_mse_v 12.2965  a0 0.21914  gnorm 35.08  (adaptive loss 1.9969 — flat by design)
[ train_imf ] step 388800  raw_mse_u 20.6159  raw_mse_v 17.3552  a0 0.23263  gnorm 18.97  (adaptive loss 1.9976 — flat by design)
[ train_imf ] step 389000  raw_mse_u 13.3801  raw_mse_v 12.3431  a0 0.26773  gnorm 32.53  (adaptive loss 1.9974 — flat by design)
[ train_imf ] step 389200  raw_mse_u 16.5286  raw_mse_v 11.7622  a0 0.32609  gnorm 25.31  (adaptive loss 1.9966 — flat by design)
[ train_imf ] step 389400  raw_mse_u 12.8565  raw_mse_v 11.1217  a0 0.23971  gnorm 28.62  (adaptive loss 1.9973 — flat by design)
[ train_imf ] step 389600  raw_mse_u 10.0343  raw_mse_v 9.5478  a0 0.12949  gnorm 38.09  (adaptive loss 1.9965 — flat by design)
[ train_imf ] step 389800  raw_mse_u 9.5213  raw_mse_v 8.1280  a0 0.12014  gnorm 29.34  (adaptive loss 1.9970 — flat by design)
[ train_imf ] step 390000  raw_mse_u 17.6295  raw_mse_v 11.0072  a0 0.24532  gnorm 41.28  (adaptive loss 1.9968 — flat by design)
[ train_imf ] step 390200  raw_mse_u 11.2878  raw_mse_v 10.3429  a0 0.22944  gnorm 29.78  (adaptive loss 1.9973 — flat by design)
[ train_imf ] step 390400  raw_mse_u 11.6167  raw_mse_v 10.6686  a0 0.32498  gnorm 48.69  (adaptive loss 1.9965 — flat by design)
[ train_imf ] step 390600  raw_mse_u 10.5308  raw_mse_v 9.4019  a0 0.12349  gnorm 31.97  (adaptive loss 1.9972 — flat by design)
[ train_imf ] step 390800  raw_mse_u 14.0672  raw_mse_v 10.4590  a0 0.19198  gnorm 20.75  (adaptive loss 1.9965 — flat by design)
[ train_imf ] step 391000  raw_mse_u 13.7073  raw_mse_v 12.1354  a0 0.26709  gnorm 60.13  (adaptive loss 1.9965 — flat by design)
[ train_imf ] step 391200  raw_mse_u 20.5201  raw_mse_v 16.5705  a0 0.34627  gnorm 35.02  (adaptive loss 1.9977 — flat by design)
[ train_imf ] step 391400  raw_mse_u 11.8414  raw_mse_v 10.0736  a0 0.20371  gnorm 27.14  (adaptive loss 1.9966 — flat by design)
[ train_imf ] step 391600  raw_mse_u 11.0752  raw_mse_v 10.8089  a0 0.11057  gnorm 39.92  (adaptive loss 1.9970 — flat by design)
[ train_imf ] step 391800  raw_mse_u 10.8627  raw_mse_v 9.2520  a0 0.16099  gnorm 30.16  (adaptive loss 1.9967 — flat by design)
[ train_imf ] step 392000  raw_mse_u 9.4287  raw_mse_v 8.3286  a0 0.13188  gnorm 43.11  (adaptive loss 1.9966 — flat by design)
[ train_imf ] step 392200  raw_mse_u 12.4000  raw_mse_v 11.1023  a0 0.19933  gnorm 28.72  (adaptive loss 1.9967 — flat by design)
[ train_imf ] step 392400  raw_mse_u 12.6259  raw_mse_v 10.7558  a0 0.10025  gnorm 38.94  (adaptive loss 1.9974 — flat by design)
[ train_imf ] step 392600  raw_mse_u 18.4694  raw_mse_v 11.0412  a0 0.45437  gnorm 37.98  (adaptive loss 1.9974 — flat by design)
[ train_imf ] step 392800  raw_mse_u 20.1291  raw_mse_v 11.6588  a0 0.60138  gnorm 55.03  (adaptive loss 1.9969 — flat by design)
[ train_imf ] step 393000  raw_mse_u 14.3964  raw_mse_v 12.2849  a0 0.22777  gnorm 21.91  (adaptive loss 1.9975 — flat by design)
[ train_imf ] step 393200  raw_mse_u 11.7453  raw_mse_v 10.1342  a0 0.30477  gnorm 22.55  (adaptive loss 1.9967 — flat by design)
[ train_imf ] step 393400  raw_mse_u 12.2967  raw_mse_v 10.9788  a0 0.25171  gnorm 93.72  (adaptive loss 1.9969 — flat by design)
[ train_imf ] step 393600  raw_mse_u 11.2992  raw_mse_v 9.9982  a0 0.24902  gnorm 30.85  (adaptive loss 1.9970 — flat by design)
[ train_imf ] step 393800  raw_mse_u 14.5299  raw_mse_v 11.1089  a0 0.22149  gnorm 27.73  (adaptive loss 1.9974 — flat by design)
[ train_imf ] step 394000  raw_mse_u 19.0416  raw_mse_v 18.2372  a0 0.41665  gnorm 28.20  (adaptive loss 1.9976 — flat by design)
[ train_imf ] step 394200  raw_mse_u 11.6171  raw_mse_v 11.9554  a0 0.12694  gnorm 49.37  (adaptive loss 1.9967 — flat by design)
[ train_imf ] step 394400  raw_mse_u 21.5220  raw_mse_v 13.5265  a0 0.30541  gnorm 32.42  (adaptive loss 1.9971 — flat by design)
[ train_imf ] step 394600  raw_mse_u 11.4607  raw_mse_v 11.1624  a0 0.17708  gnorm 24.04  (adaptive loss 1.9970 — flat by design)
[ train_imf ] step 394800  raw_mse_u 19.5327  raw_mse_v 12.6343  a0 0.47867  gnorm 37.40  (adaptive loss 1.9971 — flat by design)
[ train_imf ] step 395000  raw_mse_u 12.1307  raw_mse_v 10.2948  a0 0.18859  gnorm 77.84  (adaptive loss 1.9968 — flat by design)
[ train_imf ] step 395200  raw_mse_u 14.1918  raw_mse_v 9.9151  a0 0.18463  gnorm 45.29  (adaptive loss 1.9966 — flat by design)
[ train_imf ] step 395400  raw_mse_u 12.1289  raw_mse_v 11.1788  a0 0.24687  gnorm 48.10  (adaptive loss 1.9969 — flat by design)
[ train_imf ] step 395600  raw_mse_u 20.1058  raw_mse_v 16.6795  a0 0.52476  gnorm 53.18  (adaptive loss 1.9975 — flat by design)
[ train_imf ] step 395800  raw_mse_u 19.1904  raw_mse_v 10.9369  a0 1.09933  gnorm 66.65  (adaptive loss 1.9964 — flat by design)
[ train_imf ] step 396000  raw_mse_u 47.6440  raw_mse_v 14.4264  a0 2.03056  gnorm 41.67  (adaptive loss 1.9968 — flat by design)
[ train_imf ] step 396200  raw_mse_u 15.7455  raw_mse_v 15.9042  a0 0.30489  gnorm 35.67  (adaptive loss 1.9973 — flat by design)
[ train_imf ] step 396400  raw_mse_u 27.3906  raw_mse_v 14.2470  a0 0.43492  gnorm 31.19  (adaptive loss 1.9969 — flat by design)
[ train_imf ] step 396600  raw_mse_u 15.4224  raw_mse_v 13.8902  a0 0.34693  gnorm 20.81  (adaptive loss 1.9971 — flat by design)
[ train_imf ] step 396800  raw_mse_u 12.3757  raw_mse_v 9.4025  a0 0.22985  gnorm 38.30  (adaptive loss 1.9969 — flat by design)
[ train_imf ] step 397000  raw_mse_u 18.9584  raw_mse_v 11.1223  a0 0.46764  gnorm 37.34  (adaptive loss 1.9971 — flat by design)
[ train_imf ] step 397200  raw_mse_u 16.3935  raw_mse_v 9.9577  a0 0.64242  gnorm 27.49  (adaptive loss 1.9968 — flat by design)
[ train_imf ] step 397400  raw_mse_u 25.1802  raw_mse_v 14.1439  a0 1.15361  gnorm 33.04  (adaptive loss 1.9977 — flat by design)
wandb: ERROR Error while calling W&B API: context deadline exceeded (<Response [500]>)
wandb: ERROR Error while calling W&B API: context deadline exceeded (<Response [500]>)
[ train_imf ] step 397600  raw_mse_u 11.5591  raw_mse_v 11.0492  a0 0.26135  gnorm 41.38  (adaptive loss 1.9969 — flat by design)
wandb: Network error (ReadTimeout), entering retry loop.
[ train_imf ] step 397800  raw_mse_u 10.9482  raw_mse_v 10.4566  a0 0.17199  gnorm 25.72  (adaptive loss 1.9966 — flat by design)
[ train_imf ] step 398000  raw_mse_u 12.9889  raw_mse_v 10.1663  a0 0.44552  gnorm 42.17  (adaptive loss 1.9971 — flat by design)
[ train_imf ] step 398200  raw_mse_u 15.0732  raw_mse_v 11.7312  a0 0.12507  gnorm 33.43  (adaptive loss 1.9971 — flat by design)
[ train_imf ] step 398400  raw_mse_u 14.0046  raw_mse_v 11.6421  a0 0.22496  gnorm 18.57  (adaptive loss 1.9968 — flat by design)
[ train_imf ] step 398600  raw_mse_u 14.6890  raw_mse_v 13.3321  a0 0.12872  gnorm 22.65  (adaptive loss 1.9975 — flat by design)
[ train_imf ] step 398800  raw_mse_u 14.7728  raw_mse_v 13.8660  a0 0.24108  gnorm 26.18  (adaptive loss 1.9968 — flat by design)
[ train_imf ] step 399000  raw_mse_u 21.5509  raw_mse_v 12.3646  a0 0.94721  gnorm 26.86  (adaptive loss 1.9975 — flat by design)
[ train_imf ] step 399200  raw_mse_u 25.5481  raw_mse_v 10.8328  a0 0.41148  gnorm 33.07  (adaptive loss 1.9968 — flat by design)
[ train_imf ] step 399400  raw_mse_u 16.1842  raw_mse_v 14.8247  a0 0.22181  gnorm 36.97  (adaptive loss 1.9966 — flat by design)
[ train_imf ] step 399600  raw_mse_u 11.1830  raw_mse_v 10.4494  a0 0.17751  gnorm 59.90  (adaptive loss 1.9969 — flat by design)
[ train_imf ] step 399800  raw_mse_u 9.7156  raw_mse_v 9.0961  a0 0.10320  gnorm 28.71  (adaptive loss 1.9966 — flat by design)
[ train_imf ] step 400000  raw_mse_u 22.7235  raw_mse_v 11.6672  a0 0.33249  gnorm 24.66  (adaptive loss 1.9971 — flat by design)
[ train_imf ] step 400200  raw_mse_u 14.9116  raw_mse_v 10.2662  a0 0.24407  gnorm 25.36  (adaptive loss 1.9975 — flat by design)
[ train_imf ] step 400400  raw_mse_u 12.3569  raw_mse_v 12.2589  a0 0.20295  gnorm 34.14  (adaptive loss 1.9974 — flat by design)
[ train_imf ] step 400600  raw_mse_u 14.1222  raw_mse_v 12.1156  a0 0.21265  gnorm 36.41  (adaptive loss 1.9974 — flat by design)
[ train_imf ] step 400800  raw_mse_u 11.8298  raw_mse_v 9.3259  a0 0.22558  gnorm 29.90  (adaptive loss 1.9965 — flat by design)
[ train_imf ] step 401000  raw_mse_u 14.1048  raw_mse_v 11.8771  a0 0.19813  gnorm 28.37  (adaptive loss 1.9966 — flat by design)
[ train_imf ] step 401200  raw_mse_u 13.6011  raw_mse_v 12.6126  a0 0.33128  gnorm 25.32  (adaptive loss 1.9967 — flat by design)
[ train_imf ] step 401400  raw_mse_u 17.4778  raw_mse_v 9.9581  a0 0.15434  gnorm 30.76  (adaptive loss 1.9964 — flat by design)
[ train_imf ] step 401600  raw_mse_u 12.2136  raw_mse_v 8.5022  a0 0.19893  gnorm 33.47  (adaptive loss 1.9968 — flat by design)
[ train_imf ] step 401800  raw_mse_u 17.5221  raw_mse_v 16.8998  a0 0.30973  gnorm 34.12  (adaptive loss 1.9973 — flat by design)
[ train_imf ] step 402000  raw_mse_u 13.0700  raw_mse_v 8.4563  a0 0.09149  gnorm 46.30  (adaptive loss 1.9968 — flat by design)
[ train_imf ] step 402200  raw_mse_u 27.7352  raw_mse_v 14.3497  a0 0.95477  gnorm 63.13  (adaptive loss 1.9976 — flat by design)
[ train_imf ] step 402400  raw_mse_u 16.1246  raw_mse_v 13.3234  a0 0.25042  gnorm 25.90  (adaptive loss 1.9972 — flat by design)
[ train_imf ] step 402600  raw_mse_u 14.0009  raw_mse_v 13.8510  a0 0.23590  gnorm 104.68  (adaptive loss 1.9970 — flat by design)
[ train_imf ] step 402800  raw_mse_u 14.4614  raw_mse_v 12.3047  a0 0.24591  gnorm 30.26  (adaptive loss 1.9971 — flat by design)
[ train_imf ] step 403000  raw_mse_u 13.2661  raw_mse_v 13.9431  a0 0.29005  gnorm 41.59  (adaptive loss 1.9974 — flat by design)
[ train_imf ] step 403200  raw_mse_u 10.4767  raw_mse_v 9.2683  a0 0.17179  gnorm 39.16  (adaptive loss 1.9967 — flat by design)
[ train_imf ] step 403400  raw_mse_u 26.1765  raw_mse_v 11.6946  a0 0.67232  gnorm 24.03  (adaptive loss 1.9971 — flat by design)
[ train_imf ] step 403600  raw_mse_u 36.0114  raw_mse_v 15.7955  a0 0.56517  gnorm 89.00  (adaptive loss 1.9973 — flat by design)
[ train_imf ] step 403800  raw_mse_u 17.7479  raw_mse_v 16.1414  a0 0.15013  gnorm 21.76  (adaptive loss 1.9975 — flat by design)
[ train_imf ] step 404000  raw_mse_u 386.6257  raw_mse_v 12.4181  a0 21.69600  gnorm 40.74  (adaptive loss 1.9974 — flat by design)
[ train_imf ] step 404200  raw_mse_u 11.5587  raw_mse_v 11.3725  a0 0.32969  gnorm 21.03  (adaptive loss 1.9974 — flat by design)
[ train_imf ] step 404400  raw_mse_u 10.4753  raw_mse_v 9.0836  a0 0.14689  gnorm 84.99  (adaptive loss 1.9965 — flat by design)
[ train_imf ] step 404600  raw_mse_u 15.6849  raw_mse_v 14.5911  a0 0.14677  gnorm 32.97  (adaptive loss 1.9973 — flat by design)
[ train_imf ] step 404800  raw_mse_u 13.9878  raw_mse_v 9.8457  a0 0.15843  gnorm 52.55  (adaptive loss 1.9968 — flat by design)
[ train_imf ] step 405000  raw_mse_u 14.8291  raw_mse_v 14.0176  a0 0.25584  gnorm 32.24  (adaptive loss 1.9969 — flat by design)
[ train_imf ] step 405200  raw_mse_u 51.4417  raw_mse_v 12.9763  a0 0.54092  gnorm 26.94  (adaptive loss 1.9973 — flat by design)
[ train_imf ] step 405400  raw_mse_u 21.1621  raw_mse_v 17.5206  a0 0.59247  gnorm 42.71  (adaptive loss 1.9964 — flat by design)
[ train_imf ] step 405600  raw_mse_u 17.9637  raw_mse_v 9.5534  a0 0.12750  gnorm 20.21  (adaptive loss 1.9970 — flat by design)
[ train_imf ] step 405800  raw_mse_u 12.8495  raw_mse_v 8.4834  a0 0.26727  gnorm 29.62  (adaptive loss 1.9969 — flat by design)
[ train_imf ] step 406000  raw_mse_u 15.0851  raw_mse_v 13.4975  a0 0.26338  gnorm 53.74  (adaptive loss 1.9974 — flat by design)
[ train_imf ] step 406200  raw_mse_u 16.7527  raw_mse_v 16.0148  a0 0.23793  gnorm 27.88  (adaptive loss 1.9973 — flat by design)
[ train_imf ] step 406400  raw_mse_u 13.7838  raw_mse_v 11.0696  a0 0.15434  gnorm 27.95  (adaptive loss 1.9974 — flat by design)
[ train_imf ] step 406600  raw_mse_u 17.2655  raw_mse_v 10.9744  a0 0.21132  gnorm 61.15  (adaptive loss 1.9974 — flat by design)
[ train_imf ] step 406800  raw_mse_u 13.7575  raw_mse_v 12.1824  a0 0.06665  gnorm 17.45  (adaptive loss 1.9971 — flat by design)
[ train_imf ] step 407000  raw_mse_u 16.1583  raw_mse_v 10.3633  a0 0.16775  gnorm 25.80  (adaptive loss 1.9972 — flat by design)
[ train_imf ] step 407200  raw_mse_u 12.2874  raw_mse_v 8.3615  a0 0.15502  gnorm 27.09  (adaptive loss 1.9959 — flat by design)
[ train_imf ] step 407400  raw_mse_u 29.0670  raw_mse_v 9.3738  a0 0.56274  gnorm 33.41  (adaptive loss 1.9971 — flat by design)
[ train_imf ] step 407600  raw_mse_u 14.3573  raw_mse_v 9.4520  a0 0.23975  gnorm 27.14  (adaptive loss 1.9972 — flat by design)
[ train_imf ] step 407800  raw_mse_u 12.4072  raw_mse_v 10.4633  a0 0.19469  gnorm 26.22  (adaptive loss 1.9969 — flat by design)
[ train_imf ] step 408000  raw_mse_u 11.6612  raw_mse_v 11.0204  a0 0.10276  gnorm 38.26  (adaptive loss 1.9971 — flat by design)
[ train_imf ] step 408200  raw_mse_u 19.3591  raw_mse_v 8.9182  a0 0.49225  gnorm 27.96  (adaptive loss 1.9967 — flat by design)
[ train_imf ] step 408400  raw_mse_u 10.1509  raw_mse_v 8.8908  a0 0.06445  gnorm 29.43  (adaptive loss 1.9970 — flat by design)
[ train_imf ] step 408600  raw_mse_u 19.0427  raw_mse_v 12.4929  a0 0.22195  gnorm 25.29  (adaptive loss 1.9975 — flat by design)
[ train_imf ] step 408800  raw_mse_u 46.6879  raw_mse_v 14.0245  a0 0.74784  gnorm 53.45  (adaptive loss 1.9973 — flat by design)
[ train_imf ] step 409000  raw_mse_u 14.2562  raw_mse_v 11.4964  a0 0.12975  gnorm 43.09  (adaptive loss 1.9976 — flat by design)
[ train_imf ] step 409200  raw_mse_u 17.8714  raw_mse_v 15.2999  a0 0.45914  gnorm 34.93  (adaptive loss 1.9970 — flat by design)
[ train_imf ] step 409400  raw_mse_u 14.1665  raw_mse_v 12.2882  a0 0.13002  gnorm 36.79  (adaptive loss 1.9971 — flat by design)
[ train_imf ] step 409600  raw_mse_u 12.6864  raw_mse_v 11.3430  a0 0.20608  gnorm 36.64  (adaptive loss 1.9972 — flat by design)
[ train_imf ] step 409800  raw_mse_u 9.4804  raw_mse_v 7.9649  a0 0.16488  gnorm 25.95  (adaptive loss 1.9953 — flat by design)
[ train_imf ] step 410000  raw_mse_u 14.0558  raw_mse_v 12.5116  a0 0.18924  gnorm 36.82  (adaptive loss 1.9969 — flat by design)
[ train_imf ] step 410200  raw_mse_u 19.6491  raw_mse_v 10.7002  a0 0.26627  gnorm 28.32  (adaptive loss 1.9974 — flat by design)
[ train_imf ] step 410400  raw_mse_u 15.6923  raw_mse_v 12.7465  a0 0.30324  gnorm 42.55  (adaptive loss 1.9971 — flat by design)
[ train_imf ] step 410600  raw_mse_u 13.6320  raw_mse_v 10.5686  a0 0.26640  gnorm 32.12  (adaptive loss 1.9979 — flat by design)
[ train_imf ] step 410800  raw_mse_u 18.1007  raw_mse_v 8.8397  a0 0.61572  gnorm 69.94  (adaptive loss 1.9968 — flat by design)
[ train_imf ] step 411000  raw_mse_u 26.4484  raw_mse_v 13.4709  a0 0.58143  gnorm 38.24  (adaptive loss 1.9977 — flat by design)
[ train_imf ] step 411200  raw_mse_u 16.8982  raw_mse_v 14.3820  a0 0.46885  gnorm 23.73  (adaptive loss 1.9974 — flat by design)
[ train_imf ] step 411400  raw_mse_u 12.7877  raw_mse_v 12.1111  a0 0.20478  gnorm 28.01  (adaptive loss 1.9964 — flat by design)
[ train_imf ] step 411600  raw_mse_u 10.9139  raw_mse_v 11.7471  a0 0.13249  gnorm 23.80  (adaptive loss 1.9968 — flat by design)
[ train_imf ] step 411800  raw_mse_u 12.1329  raw_mse_v 9.0079  a0 0.25234  gnorm 35.93  (adaptive loss 1.9972 — flat by design)
[ train_imf ] step 412000  raw_mse_u 16.1642  raw_mse_v 10.5659  a0 0.24217  gnorm 26.62  (adaptive loss 1.9975 — flat by design)
[ train_imf ] step 412200  raw_mse_u 13.7591  raw_mse_v 11.6716  a0 0.29267  gnorm 24.35  (adaptive loss 1.9970 — flat by design)
[ train_imf ] step 412400  raw_mse_u 148.3803  raw_mse_v 13.3080  a0 1.85505  gnorm 30.89  (adaptive loss 1.9974 — flat by design)
[ train_imf ] step 412600  raw_mse_u 12.9689  raw_mse_v 12.2650  a0 0.12928  gnorm 33.36  (adaptive loss 1.9968 — flat by design)
[ train_imf ] step 412800  raw_mse_u 16.0283  raw_mse_v 13.5814  a0 0.23314  gnorm 25.65  (adaptive loss 1.9967 — flat by design)
[ train_imf ] step 413000  raw_mse_u 13.1825  raw_mse_v 9.8100  a0 0.13770  gnorm 24.88  (adaptive loss 1.9972 — flat by design)
[ train_imf ] step 413200  raw_mse_u 13.0242  raw_mse_v 11.8703  a0 0.22096  gnorm 26.82  (adaptive loss 1.9972 — flat by design)
[ train_imf ] step 413400  raw_mse_u 16.0471  raw_mse_v 13.3746  a0 0.32214  gnorm 24.06  (adaptive loss 1.9977 — flat by design)
[ train_imf ] step 413600  raw_mse_u 17.1796  raw_mse_v 10.5106  a0 0.35650  gnorm 25.85  (adaptive loss 1.9970 — flat by design)
[ train_imf ] step 413800  raw_mse_u 15.2426  raw_mse_v 11.0779  a0 0.35981  gnorm 47.40  (adaptive loss 1.9973 — flat by design)
[ train_imf ] step 414000  raw_mse_u 18.2488  raw_mse_v 11.4436  a0 0.18670  gnorm 35.56  (adaptive loss 1.9965 — flat by design)
[ train_imf ] step 414200  raw_mse_u 15.1390  raw_mse_v 10.4129  a0 0.25412  gnorm 27.21  (adaptive loss 1.9970 — flat by design)
[ train_imf ] step 414400  raw_mse_u 430.7466  raw_mse_v 12.7570  a0 3.76241  gnorm 33.96  (adaptive loss 1.9976 — flat by design)
[ train_imf ] step 414600  raw_mse_u 13.2720  raw_mse_v 9.1881  a0 0.18158  gnorm 81.16  (adaptive loss 1.9969 — flat by design)
[ train_imf ] step 414800  raw_mse_u 24.2242  raw_mse_v 12.1296  a0 0.39340  gnorm 40.70  (adaptive loss 1.9974 — flat by design)
[ train_imf ] step 415000  raw_mse_u 11.7900  raw_mse_v 11.7582  a0 0.17105  gnorm 24.61  (adaptive loss 1.9974 — flat by design)
[ train_imf ] step 415200  raw_mse_u 15.2310  raw_mse_v 13.0361  a0 0.32989  gnorm 51.94  (adaptive loss 1.9970 — flat by design)
[ train_imf ] step 415400  raw_mse_u 582.3182  raw_mse_v 14.2385  a0 19.80422  gnorm 30.04  (adaptive loss 1.9963 — flat by design)
[ train_imf ] step 415600  raw_mse_u 18.7614  raw_mse_v 11.6617  a0 0.47335  gnorm 23.91  (adaptive loss 1.9974 — flat by design)
[ train_imf ] step 415800  raw_mse_u 20.0463  raw_mse_v 17.3187  a0 0.42299  gnorm 40.34  (adaptive loss 1.9979 — flat by design)
[ train_imf ] step 416000  raw_mse_u 14.9356  raw_mse_v 10.3817  a0 0.21345  gnorm 70.38  (adaptive loss 1.9970 — flat by design)
[ train_imf ] step 416200  raw_mse_u 12.2950  raw_mse_v 9.9814  a0 0.17091  gnorm 43.80  (adaptive loss 1.9970 — flat by design)
[ train_imf ] step 416400  raw_mse_u 14.9946  raw_mse_v 10.6632  a0 0.13193  gnorm 83.47  (adaptive loss 1.9968 — flat by design)
[ train_imf ] step 416600  raw_mse_u 11.6904  raw_mse_v 10.7458  a0 0.16470  gnorm 43.39  (adaptive loss 1.9969 — flat by design)
[ train_imf ] step 416800  raw_mse_u 16.7766  raw_mse_v 15.4399  a0 0.26684  gnorm 28.76  (adaptive loss 1.9978 — flat by design)
[ train_imf ] step 417000  raw_mse_u 11.1368  raw_mse_v 9.8028  a0 0.09603  gnorm 27.26  (adaptive loss 1.9969 — flat by design)
[ train_imf ] step 417200  raw_mse_u 14.2763  raw_mse_v 13.8196  a0 0.15111  gnorm 34.46  (adaptive loss 1.9967 — flat by design)
[ train_imf ] step 417400  raw_mse_u 35.4650  raw_mse_v 12.9691  a0 0.70743  gnorm 30.71  (adaptive loss 1.9973 — flat by design)
[ train_imf ] step 417600  raw_mse_u 21.0430  raw_mse_v 9.4393  a0 0.21959  gnorm 34.07  (adaptive loss 1.9970 — flat by design)
[ train_imf ] step 417800  raw_mse_u 14.9961  raw_mse_v 9.6162  a0 0.17962  gnorm 31.54  (adaptive loss 1.9972 — flat by design)
[ train_imf ] step 418000  raw_mse_u 9.8740  raw_mse_v 8.9625  a0 0.12464  gnorm 29.33  (adaptive loss 1.9965 — flat by design)
[ train_imf ] step 418200  raw_mse_u 14.1694  raw_mse_v 10.8786  a0 0.19156  gnorm 30.13  (adaptive loss 1.9966 — flat by design)
[ train_imf ] step 418400  raw_mse_u 12.6587  raw_mse_v 10.0688  a0 0.12705  gnorm 34.72  (adaptive loss 1.9969 — flat by design)
[ train_imf ] step 418600  raw_mse_u 14.4659  raw_mse_v 12.6226  a0 0.52235  gnorm 38.38  (adaptive loss 1.9969 — flat by design)
[ train_imf ] step 418800  raw_mse_u 15.1371  raw_mse_v 10.9923  a0 0.33749  gnorm 31.26  (adaptive loss 1.9964 — flat by design)
[ train_imf ] step 419000  raw_mse_u 11.0301  raw_mse_v 9.7922  a0 0.17471  gnorm 46.15  (adaptive loss 1.9966 — flat by design)
[ train_imf ] step 419200  raw_mse_u 22.5312  raw_mse_v 19.0002  a0 0.62163  gnorm 30.29  (adaptive loss 1.9975 — flat by design)
[ train_imf ] step 419400  raw_mse_u 14.1650  raw_mse_v 11.0481  a0 0.23904  gnorm 30.72  (adaptive loss 1.9966 — flat by design)
[ train_imf ] step 419600  raw_mse_u 10.1342  raw_mse_v 10.0641  a0 0.07739  gnorm 42.06  (adaptive loss 1.9971 — flat by design)
[ train_imf ] step 419800  raw_mse_u 10.4795  raw_mse_v 9.4369  a0 0.26677  gnorm 25.87  (adaptive loss 1.9968 — flat by design)
[ train_imf ] step 420000  raw_mse_u 13.2821  raw_mse_v 11.3879  a0 0.25710  gnorm 68.18  (adaptive loss 1.9971 — flat by design)
[ train_imf ] step 420200  raw_mse_u 16.1747  raw_mse_v 14.2998  a0 0.24295  gnorm 42.26  (adaptive loss 1.9976 — flat by design)
[ train_imf ] step 420400  raw_mse_u 25.6620  raw_mse_v 13.1496  a0 0.82441  gnorm 29.31  (adaptive loss 1.9969 — flat by design)
[ train_imf ] step 420600  raw_mse_u 16.2266  raw_mse_v 9.9416  a0 0.22075  gnorm 30.27  (adaptive loss 1.9973 — flat by design)
[ train_imf ] step 420800  raw_mse_u 86.6320  raw_mse_v 14.4266  a0 2.85033  gnorm 47.91  (adaptive loss 1.9976 — flat by design)
[ train_imf ] step 421000  raw_mse_u 30.8917  raw_mse_v 11.8498  a0 1.95176  gnorm 48.63  (adaptive loss 1.9971 — flat by design)
[ train_imf ] step 421200  raw_mse_u 16.6049  raw_mse_v 16.7839  a0 0.50002  gnorm 23.28  (adaptive loss 1.9976 — flat by design)
[ train_imf ] step 421400  raw_mse_u 11.0594  raw_mse_v 9.3571  a0 0.23476  gnorm 25.83  (adaptive loss 1.9972 — flat by design)
[ train_imf ] step 421600  raw_mse_u 19.0333  raw_mse_v 16.8480  a0 0.55466  gnorm 38.29  (adaptive loss 1.9979 — flat by design)
[ train_imf ] step 421800  raw_mse_u 12.5768  raw_mse_v 10.0447  a0 0.22407  gnorm 40.15  (adaptive loss 1.9968 — flat by design)
[ train_imf ] step 422000  raw_mse_u 12.0533  raw_mse_v 9.3267  a0 0.30810  gnorm 31.83  (adaptive loss 1.9971 — flat by design)
[ train_imf ] step 422200  raw_mse_u 11.3027  raw_mse_v 9.2831  a0 0.21620  gnorm 56.23  (adaptive loss 1.9969 — flat by design)
[ train_imf ] step 422400  raw_mse_u 17.1332  raw_mse_v 8.7708  a0 0.15823  gnorm 41.62  (adaptive loss 1.9967 — flat by design)
[ train_imf ] step 422600  raw_mse_u 45.9537  raw_mse_v 14.6947  a0 0.65784  gnorm 42.69  (adaptive loss 1.9972 — flat by design)
[ train_imf ] step 422800  raw_mse_u 13.4261  raw_mse_v 11.6254  a0 0.17277  gnorm 27.55  (adaptive loss 1.9971 — flat by design)
[ train_imf ] step 423000  raw_mse_u 10.8488  raw_mse_v 9.2217  a0 0.22212  gnorm 31.60  (adaptive loss 1.9970 — flat by design)
[ train_imf ] step 423200  raw_mse_u 9.8524  raw_mse_v 9.6232  a0 0.18512  gnorm 22.85  (adaptive loss 1.9966 — flat by design)
[ train_imf ] step 423400  raw_mse_u 11.9627  raw_mse_v 10.7152  a0 0.23125  gnorm 25.41  (adaptive loss 1.9973 — flat by design)
[ train_imf ] step 423600  raw_mse_u 12.1732  raw_mse_v 11.2563  a0 0.38182  gnorm 45.30  (adaptive loss 1.9977 — flat by design)
[ train_imf ] step 423800  raw_mse_u 17.6793  raw_mse_v 14.9414  a0 0.42372  gnorm 26.50  (adaptive loss 1.9972 — flat by design)
[ train_imf ] step 424000  raw_mse_u 13.9177  raw_mse_v 11.0939  a0 0.17782  gnorm 30.72  (adaptive loss 1.9965 — flat by design)
[ train_imf ] step 424200  raw_mse_u 70.2881  raw_mse_v 17.0914  a0 1.48934  gnorm 27.33  (adaptive loss 1.9970 — flat by design)
[ train_imf ] step 424400  raw_mse_u 13.8355  raw_mse_v 7.8285  a0 0.14681  gnorm 21.44  (adaptive loss 1.9962 — flat by design)
[ train_imf ] step 424600  raw_mse_u 12.1384  raw_mse_v 10.1980  a0 0.39986  gnorm 41.53  (adaptive loss 1.9949 — flat by design)
[ train_imf ] step 424800  raw_mse_u 15.1022  raw_mse_v 10.0322  a0 0.20903  gnorm 47.24  (adaptive loss 1.9971 — flat by design)
[ train_imf ] step 425000  raw_mse_u 9.7790  raw_mse_v 8.7303  a0 0.16154  gnorm 42.53  (adaptive loss 1.9965 — flat by design)
[ train_imf ] step 425200  raw_mse_u 27.0791  raw_mse_v 12.5685  a0 0.27462  gnorm 41.02  (adaptive loss 1.9972 — flat by design)
[ train_imf ] step 425400  raw_mse_u 295.1675  raw_mse_v 14.9751  a0 6.66938  gnorm 51.06  (adaptive loss 1.9975 — flat by design)
[ train_imf ] step 425600  raw_mse_u 16.7831  raw_mse_v 9.4671  a0 0.21867  gnorm 39.14  (adaptive loss 1.9967 — flat by design)
[ train_imf ] step 425800  raw_mse_u 23.0473  raw_mse_v 11.2399  a0 0.17787  gnorm 30.57  (adaptive loss 1.9971 — flat by design)
[ train_imf ] step 426000  raw_mse_u 14.8400  raw_mse_v 13.7647  a0 0.16347  gnorm 35.64  (adaptive loss 1.9968 — flat by design)
[ train_imf ] step 426200  raw_mse_u 15.9689  raw_mse_v 11.6213  a0 0.41568  gnorm 41.79  (adaptive loss 1.9962 — flat by design)
[ train_imf ] step 426400  raw_mse_u 16.9097  raw_mse_v 14.4127  a0 0.37415  gnorm 34.12  (adaptive loss 1.9967 — flat by design)
[ train_imf ] step 426600  raw_mse_u 12.3777  raw_mse_v 10.6444  a0 0.20820  gnorm 29.07  (adaptive loss 1.9966 — flat by design)
[ train_imf ] step 426800  raw_mse_u 12.5278  raw_mse_v 12.1305  a0 0.25846  gnorm 36.80  (adaptive loss 1.9976 — flat by design)
[ train_imf ] step 427000  raw_mse_u 11.7550  raw_mse_v 8.3602  a0 0.12517  gnorm 24.75  (adaptive loss 1.9965 — flat by design)
[ train_imf ] step 427200  raw_mse_u 9.2352  raw_mse_v 8.9785  a0 0.14851  gnorm 33.45  (adaptive loss 1.9958 — flat by design)
[ train_imf ] step 427400  raw_mse_u 19.4011  raw_mse_v 7.2425  a0 0.95356  gnorm 35.00  (adaptive loss 1.9960 — flat by design)
[ train_imf ] step 427600  raw_mse_u 12.5025  raw_mse_v 10.3084  a0 0.29602  gnorm 36.69  (adaptive loss 1.9971 — flat by design)
[ train_imf ] step 427800  raw_mse_u 19.0645  raw_mse_v 13.8443  a0 0.31341  gnorm 25.55  (adaptive loss 1.9970 — flat by design)
[ train_imf ] step 428000  raw_mse_u 9.8325  raw_mse_v 9.0873  a0 0.20178  gnorm 23.56  (adaptive loss 1.9966 — flat by design)
[ train_imf ] step 428200  raw_mse_u 69.8948  raw_mse_v 10.6928  a0 1.73881  gnorm 83.52  (adaptive loss 1.9973 — flat by design)
[ train_imf ] step 428400  raw_mse_u 15.1871  raw_mse_v 12.3499  a0 0.41867  gnorm 41.34  (adaptive loss 1.9966 — flat by design)
[ train_imf ] step 428600  raw_mse_u 14.0882  raw_mse_v 12.6378  a0 0.19600  gnorm 40.35  (adaptive loss 1.9974 — flat by design)
[ train_imf ] step 428800  raw_mse_u 19.4067  raw_mse_v 15.0962  a0 0.37850  gnorm 35.35  (adaptive loss 1.9977 — flat by design)
[ train_imf ] step 429000  raw_mse_u 16.9202  raw_mse_v 13.4982  a0 0.32224  gnorm 40.90  (adaptive loss 1.9975 — flat by design)
[ train_imf ] step 429200  raw_mse_u 12.4885  raw_mse_v 11.0402  a0 0.22233  gnorm 28.44  (adaptive loss 1.9971 — flat by design)
[ train_imf ] step 429400  raw_mse_u 12.7018  raw_mse_v 10.7515  a0 0.19740  gnorm 29.10  (adaptive loss 1.9961 — flat by design)
[ train_imf ] step 429600  raw_mse_u 14.6610  raw_mse_v 12.4025  a0 0.35167  gnorm 40.62  (adaptive loss 1.9972 — flat by design)
[ train_imf ] step 429800  raw_mse_u 15.6365  raw_mse_v 13.8858  a0 0.35462  gnorm 56.60  (adaptive loss 1.9974 — flat by design)
[ train_imf ] step 430000  raw_mse_u 16.2028  raw_mse_v 14.6121  a0 0.30701  gnorm 40.36  (adaptive loss 1.9968 — flat by design)
[ train_imf ] step 430200  raw_mse_u 180.5036  raw_mse_v 15.7254  a0 10.12408  gnorm 47.21  (adaptive loss 1.9979 — flat by design)
[ train_imf ] step 430400  raw_mse_u 13.3093  raw_mse_v 12.3853  a0 0.19048  gnorm 39.12  (adaptive loss 1.9961 — flat by design)
[ train_imf ] step 430600  raw_mse_u 10.5275  raw_mse_v 10.0614  a0 0.21368  gnorm 26.51  (adaptive loss 1.9967 — flat by design)
[ train_imf ] step 430800  raw_mse_u 20.8528  raw_mse_v 12.1259  a0 0.27261  gnorm 20.72  (adaptive loss 1.9968 — flat by design)
[ train_imf ] step 431000  raw_mse_u 16.2198  raw_mse_v 14.7151  a0 0.12228  gnorm 34.60  (adaptive loss 1.9975 — flat by design)
[ train_imf ] step 431200  raw_mse_u 13.4126  raw_mse_v 10.4034  a0 0.19210  gnorm 19.34  (adaptive loss 1.9966 — flat by design)
[ train_imf ] step 431400  raw_mse_u 11.1299  raw_mse_v 9.4224  a0 0.18103  gnorm 29.83  (adaptive loss 1.9968 — flat by design)
[ train_imf ] step 431600  raw_mse_u 17.5272  raw_mse_v 15.8818  a0 0.42084  gnorm 31.76  (adaptive loss 1.9974 — flat by design)
[ train_imf ] step 431800  raw_mse_u 14.1543  raw_mse_v 11.9369  a0 0.23572  gnorm 32.51  (adaptive loss 1.9974 — flat by design)
[ train_imf ] step 432000  raw_mse_u 14.5793  raw_mse_v 10.7003  a0 0.28588  gnorm 32.39  (adaptive loss 1.9974 — flat by design)
[ train_imf ] step 432200  raw_mse_u 20.8069  raw_mse_v 11.7608  a0 0.13656  gnorm 24.35  (adaptive loss 1.9967 — flat by design)
[ train_imf ] step 432400  raw_mse_u 18.0239  raw_mse_v 16.1817  a0 0.19955  gnorm 45.77  (adaptive loss 1.9974 — flat by design)
[ train_imf ] step 432600  raw_mse_u 12.9640  raw_mse_v 10.4963  a0 0.30427  gnorm 29.38  (adaptive loss 1.9967 — flat by design)
[ train_imf ] step 432800  raw_mse_u 16.3718  raw_mse_v 15.5141  a0 0.40807  gnorm 42.97  (adaptive loss 1.9969 — flat by design)
[ train_imf ] step 433000  raw_mse_u 15.9011  raw_mse_v 12.3016  a0 0.34717  gnorm 32.06  (adaptive loss 1.9976 — flat by design)
[ train_imf ] step 433200  raw_mse_u 29.4254  raw_mse_v 14.8066  a0 0.81657  gnorm 93.79  (adaptive loss 1.9972 — flat by design)
[ train_imf ] step 433400  raw_mse_u 10.8639  raw_mse_v 8.7917  a0 0.17787  gnorm 28.14  (adaptive loss 1.9958 — flat by design)
[ train_imf ] step 433600  raw_mse_u 14.2171  raw_mse_v 12.3476  a0 0.29154  gnorm 29.71  (adaptive loss 1.9967 — flat by design)
[ train_imf ] step 433800  raw_mse_u 14.7819  raw_mse_v 12.5922  a0 0.24917  gnorm 25.03  (adaptive loss 1.9976 — flat by design)
[ train_imf ] step 434000  raw_mse_u 18.2802  raw_mse_v 13.4666  a0 0.19395  gnorm 43.78  (adaptive loss 1.9973 — flat by design)
[ train_imf ] step 434200  raw_mse_u 24.8786  raw_mse_v 9.7315  a0 0.24531  gnorm 28.19  (adaptive loss 1.9970 — flat by design)
[ train_imf ] step 434400  raw_mse_u 30.6053  raw_mse_v 12.4379  a0 1.03560  gnorm 36.98  (adaptive loss 1.9971 — flat by design)
[ train_imf ] step 434600  raw_mse_u 9.7977  raw_mse_v 9.3910  a0 0.26760  gnorm 61.09  (adaptive loss 1.9966 — flat by design)
[ train_imf ] step 434800  raw_mse_u 17.5161  raw_mse_v 14.8301  a0 0.50379  gnorm 25.90  (adaptive loss 1.9978 — flat by design)
[ train_imf ] step 435000  raw_mse_u 11.6004  raw_mse_v 8.8956  a0 0.28625  gnorm 24.71  (adaptive loss 1.9966 — flat by design)
[ train_imf ] step 435200  raw_mse_u 34.1677  raw_mse_v 11.2399  a0 1.34140  gnorm 75.83  (adaptive loss 1.9966 — flat by design)
[ train_imf ] step 435400  raw_mse_u 12.7742  raw_mse_v 11.4404  a0 0.31741  gnorm 30.94  (adaptive loss 1.9960 — flat by design)
[ train_imf ] step 435600  raw_mse_u 13.9421  raw_mse_v 13.9319  a0 0.32351  gnorm 23.34  (adaptive loss 1.9971 — flat by design)
[ train_imf ] step 435800  raw_mse_u 16.4988  raw_mse_v 12.3079  a0 0.30162  gnorm 37.91  (adaptive loss 1.9969 — flat by design)
[ train_imf ] step 436000  raw_mse_u 48.7136  raw_mse_v 10.2958  a0 3.08188  gnorm 97.34  (adaptive loss 1.9969 — flat by design)
[ train_imf ] step 436200  raw_mse_u 20.3854  raw_mse_v 13.9290  a0 0.25075  gnorm 54.48  (adaptive loss 1.9977 — flat by design)
[ train_imf ] step 436400  raw_mse_u 11.8778  raw_mse_v 10.8060  a0 0.11648  gnorm 25.99  (adaptive loss 1.9969 — flat by design)
[ train_imf ] step 436600  raw_mse_u 16.1785  raw_mse_v 13.9056  a0 0.34597  gnorm 21.19  (adaptive loss 1.9973 — flat by design)
[ train_imf ] step 436800  raw_mse_u 16.8879  raw_mse_v 11.3989  a0 0.26896  gnorm 35.58  (adaptive loss 1.9966 — flat by design)
[ train_imf ] step 437000  raw_mse_u 13.9918  raw_mse_v 12.5536  a0 0.11087  gnorm 22.03  (adaptive loss 1.9964 — flat by design)
[ train_imf ] step 437200  raw_mse_u 13.6286  raw_mse_v 12.1971  a0 0.17338  gnorm 28.87  (adaptive loss 1.9972 — flat by design)
[ train_imf ] step 437400  raw_mse_u 14.6038  raw_mse_v 11.1850  a0 0.25481  gnorm 26.58  (adaptive loss 1.9969 — flat by design)
[ train_imf ] step 437600  raw_mse_u 11.5433  raw_mse_v 8.8205  a0 0.14083  gnorm 40.38  (adaptive loss 1.9964 — flat by design)
[ train_imf ] step 437800  raw_mse_u 15.2149  raw_mse_v 13.7994  a0 0.23078  gnorm 24.23  (adaptive loss 1.9970 — flat by design)
[ train_imf ] step 438000  raw_mse_u 15.2686  raw_mse_v 14.8952  a0 0.38867  gnorm 40.93  (adaptive loss 1.9961 — flat by design)
[ train_imf ] step 438200  raw_mse_u 12.2838  raw_mse_v 9.8602  a0 0.07711  gnorm 42.47  (adaptive loss 1.9961 — flat by design)
[ train_imf ] step 438400  raw_mse_u 72.1920  raw_mse_v 14.0431  a0 3.79618  gnorm 32.61  (adaptive loss 1.9975 — flat by design)
[ train_imf ] step 438600  raw_mse_u 15.3028  raw_mse_v 13.4276  a0 0.23173  gnorm 43.01  (adaptive loss 1.9978 — flat by design)
[ train_imf ] step 438800  raw_mse_u 13.4693  raw_mse_v 9.5569  a0 0.26143  gnorm 23.55  (adaptive loss 1.9969 — flat by design)
[ train_imf ] step 439000  raw_mse_u 14.5435  raw_mse_v 11.4353  a0 0.33672  gnorm 32.95  (adaptive loss 1.9974 — flat by design)
[ train_imf ] step 439200  raw_mse_u 37.4272  raw_mse_v 13.4954  a0 0.62632  gnorm 51.95  (adaptive loss 1.9961 — flat by design)
[ train_imf ] step 439400  raw_mse_u 15.7928  raw_mse_v 12.4061  a0 0.26850  gnorm 27.43  (adaptive loss 1.9972 — flat by design)
[ train_imf ] step 439600  raw_mse_u 14.9675  raw_mse_v 12.8786  a0 0.42948  gnorm 37.77  (adaptive loss 1.9972 — flat by design)
[ train_imf ] step 439800  raw_mse_u 28.8134  raw_mse_v 19.6175  a0 0.36086  gnorm 29.18  (adaptive loss 1.9975 — flat by design)
[ train_imf ] step 440000  raw_mse_u 10.5821  raw_mse_v 9.6232  a0 0.12305  gnorm 33.28  (adaptive loss 1.9970 — flat by design)
[ train_imf ] step 440200  raw_mse_u 17.4366  raw_mse_v 10.4443  a0 0.34557  gnorm 61.89  (adaptive loss 1.9959 — flat by design)
[ train_imf ] step 440400  raw_mse_u 11.7592  raw_mse_v 11.4237  a0 0.17314  gnorm 46.62  (adaptive loss 1.9972 — flat by design)
[ train_imf ] step 440600  raw_mse_u 13.4446  raw_mse_v 10.8739  a0 0.25731  gnorm 54.96  (adaptive loss 1.9969 — flat by design)
[ train_imf ] step 440800  raw_mse_u 14.6459  raw_mse_v 14.4690  a0 0.27827  gnorm 21.77  (adaptive loss 1.9975 — flat by design)
[ train_imf ] step 441000  raw_mse_u 25.4117  raw_mse_v 10.1010  a0 0.18467  gnorm 37.97  (adaptive loss 1.9969 — flat by design)
[ train_imf ] step 441200  raw_mse_u 15.5640  raw_mse_v 14.4901  a0 0.24334  gnorm 18.12  (adaptive loss 1.9972 — flat by design)
[ train_imf ] step 441400  raw_mse_u 12.1286  raw_mse_v 8.9016  a0 0.10421  gnorm 42.34  (adaptive loss 1.9970 — flat by design)
[ train_imf ] step 441600  raw_mse_u 12.2963  raw_mse_v 10.8587  a0 0.29987  gnorm 58.93  (adaptive loss 1.9960 — flat by design)
[ train_imf ] step 441800  raw_mse_u 22.8846  raw_mse_v 11.2428  a0 0.31318  gnorm 65.67  (adaptive loss 1.9965 — flat by design)
[ train_imf ] step 442000  raw_mse_u 15.2875  raw_mse_v 12.1479  a0 0.78257  gnorm 32.86  (adaptive loss 1.9965 — flat by design)
[ train_imf ] step 442200  raw_mse_u 18.9618  raw_mse_v 9.2998  a0 0.24124  gnorm 32.72  (adaptive loss 1.9969 — flat by design)
[ train_imf ] step 442400  raw_mse_u 9.8074  raw_mse_v 9.2867  a0 0.18016  gnorm 30.97  (adaptive loss 1.9964 — flat by design)
[ train_imf ] step 442600  raw_mse_u 14.4705  raw_mse_v 10.0869  a0 0.21805  gnorm 31.68  (adaptive loss 1.9972 — flat by design)
[ train_imf ] step 442800  raw_mse_u 11.4139  raw_mse_v 10.4565  a0 0.08742  gnorm 53.71  (adaptive loss 1.9968 — flat by design)
[ train_imf ] step 443000  raw_mse_u 9.6181  raw_mse_v 9.0523  a0 0.07878  gnorm 43.10  (adaptive loss 1.9970 — flat by design)
[ train_imf ] step 443200  raw_mse_u 40.2701  raw_mse_v 18.3553  a0 0.62804  gnorm 24.84  (adaptive loss 1.9971 — flat by design)
[ train_imf ] step 443400  raw_mse_u 10.0252  raw_mse_v 8.4025  a0 0.09745  gnorm 44.98  (adaptive loss 1.9966 — flat by design)
[ train_imf ] step 443600  raw_mse_u 13.2917  raw_mse_v 11.0968  a0 0.26338  gnorm 27.56  (adaptive loss 1.9972 — flat by design)
[ train_imf ] step 443800  raw_mse_u 11.3930  raw_mse_v 9.9874  a0 0.17404  gnorm 20.50  (adaptive loss 1.9972 — flat by design)
[ train_imf ] step 444000  raw_mse_u 12.1561  raw_mse_v 9.9330  a0 0.15072  gnorm 25.56  (adaptive loss 1.9970 — flat by design)
[ train_imf ] step 444200  raw_mse_u 12.5164  raw_mse_v 11.4369  a0 0.19532  gnorm 24.60  (adaptive loss 1.9962 — flat by design)
[ train_imf ] step 444400  raw_mse_u 48.5157  raw_mse_v 11.1494  a0 0.88958  gnorm 27.12  (adaptive loss 1.9968 — flat by design)
[ train_imf ] step 444600  raw_mse_u 12.0574  raw_mse_v 11.0385  a0 0.11852  gnorm 46.66  (adaptive loss 1.9972 — flat by design)
[ train_imf ] step 444800  raw_mse_u 20.9382  raw_mse_v 15.8804  a0 0.80561  gnorm 48.71  (adaptive loss 1.9971 — flat by design)
[ train_imf ] step 445000  raw_mse_u 17.7767  raw_mse_v 13.6348  a0 0.46750  gnorm 25.70  (adaptive loss 1.9971 — flat by design)
[ train_imf ] step 445200  raw_mse_u 11.5088  raw_mse_v 9.9418  a0 0.16155  gnorm 29.48  (adaptive loss 1.9973 — flat by design)
[ train_imf ] step 445400  raw_mse_u 16.4006  raw_mse_v 15.3127  a0 0.29379  gnorm 29.61  (adaptive loss 1.9973 — flat by design)
[ train_imf ] step 445600  raw_mse_u 14.0251  raw_mse_v 10.5993  a0 0.12023  gnorm 28.52  (adaptive loss 1.9966 — flat by design)
[ train_imf ] step 445800  raw_mse_u 12.8304  raw_mse_v 10.4816  a0 0.19109  gnorm 28.67  (adaptive loss 1.9960 — flat by design)
[ train_imf ] step 446000  raw_mse_u 30.0456  raw_mse_v 16.1028  a0 0.63409  gnorm 36.25  (adaptive loss 1.9967 — flat by design)
[ train_imf ] step 446200  raw_mse_u 16.4733  raw_mse_v 14.3103  a0 0.46281  gnorm 49.35  (adaptive loss 1.9976 — flat by design)
[ train_imf ] step 446400  raw_mse_u 11.2496  raw_mse_v 10.1531  a0 0.25030  gnorm 70.80  (adaptive loss 1.9971 — flat by design)
[ train_imf ] step 446600  raw_mse_u 9.0728  raw_mse_v 8.4767  a0 0.22318  gnorm 25.10  (adaptive loss 1.9962 — flat by design)
[ train_imf ] step 446800  raw_mse_u 9.6045  raw_mse_v 8.4980  a0 0.14435  gnorm 29.38  (adaptive loss 1.9963 — flat by design)
[ train_imf ] step 447000  raw_mse_u 22.3800  raw_mse_v 10.2835  a0 0.64175  gnorm 36.83  (adaptive loss 1.9974 — flat by design)
[ train_imf ] step 447200  raw_mse_u 12.4162  raw_mse_v 10.2387  a0 0.13081  gnorm 40.17  (adaptive loss 1.9966 — flat by design)
[ train_imf ] step 447400  raw_mse_u 16.2961  raw_mse_v 12.3264  a0 0.31320  gnorm 22.77  (adaptive loss 1.9968 — flat by design)
[ train_imf ] step 447600  raw_mse_u 34.8268  raw_mse_v 11.7065  a0 1.96077  gnorm 26.12  (adaptive loss 1.9970 — flat by design)
[ train_imf ] step 447800  raw_mse_u 12.7306  raw_mse_v 9.8628  a0 0.14197  gnorm 39.85  (adaptive loss 1.9967 — flat by design)
[ train_imf ] step 448000  raw_mse_u 10.8725  raw_mse_v 10.6773  a0 0.19458  gnorm 89.78  (adaptive loss 1.9971 — flat by design)
[ train_imf ] step 448200  raw_mse_u 35.0915  raw_mse_v 12.9081  a0 0.34876  gnorm 53.66  (adaptive loss 1.9975 — flat by design)
[ train_imf ] step 448400  raw_mse_u 14.7466  raw_mse_v 11.8895  a0 0.46200  gnorm 30.36  (adaptive loss 1.9973 — flat by design)
[ train_imf ] step 448600  raw_mse_u 9.1270  raw_mse_v 8.9651  a0 0.14895  gnorm 23.76  (adaptive loss 1.9959 — flat by design)
[ train_imf ] step 448800  raw_mse_u 11.8613  raw_mse_v 11.4664  a0 0.11167  gnorm 36.18  (adaptive loss 1.9971 — flat by design)
[ train_imf ] step 449000  raw_mse_u 22.7446  raw_mse_v 10.0176  a0 0.82019  gnorm 61.04  (adaptive loss 1.9967 — flat by design)
[ train_imf ] step 449200  raw_mse_u 10.2744  raw_mse_v 9.1512  a0 0.16488  gnorm 31.92  (adaptive loss 1.9960 — flat by design)
[ train_imf ] step 449400  raw_mse_u 21.9513  raw_mse_v 15.4413  a0 0.30958  gnorm 26.91  (adaptive loss 1.9977 — flat by design)
[ train_imf ] step 449600  raw_mse_u 12.4138  raw_mse_v 12.0424  a0 0.23711  gnorm 25.01  (adaptive loss 1.9960 — flat by design)
[ train_imf ] step 449800  raw_mse_u 13.0217  raw_mse_v 10.8104  a0 0.31621  gnorm 34.48  (adaptive loss 1.9975 — flat by design)
[ train_imf ] step 450000  raw_mse_u 13.7900  raw_mse_v 12.9859  a0 0.35951  gnorm 77.77  (adaptive loss 1.9973 — flat by design)
[ train_imf ] step 450200  raw_mse_u 59.9130  raw_mse_v 10.6172  a0 1.70548  gnorm 41.81  (adaptive loss 1.9971 — flat by design)
[ train_imf ] step 450400  raw_mse_u 15.2934  raw_mse_v 10.2798  a0 0.22841  gnorm 48.14  (adaptive loss 1.9971 — flat by design)
[ train_imf ] step 450600  raw_mse_u 10.9472  raw_mse_v 8.9405  a0 0.21366  gnorm 52.91  (adaptive loss 1.9970 — flat by design)
[ train_imf ] step 450800  raw_mse_u 12.1384  raw_mse_v 9.6829  a0 0.26584  gnorm 28.39  (adaptive loss 1.9965 — flat by design)
[ train_imf ] step 451000  raw_mse_u 10.9040  raw_mse_v 7.8967  a0 0.12723  gnorm 19.65  (adaptive loss 1.9966 — flat by design)
[ train_imf ] step 451200  raw_mse_u 16.0217  raw_mse_v 12.0140  a0 0.32328  gnorm 26.30  (adaptive loss 1.9968 — flat by design)
[ train_imf ] step 451400  raw_mse_u 13.0424  raw_mse_v 11.8892  a0 0.15529  gnorm 25.79  (adaptive loss 1.9967 — flat by design)
[ train_imf ] step 451600  raw_mse_u 8.5522  raw_mse_v 7.2577  a0 0.23598  gnorm 29.15  (adaptive loss 1.9954 — flat by design)
[ train_imf ] step 451800  raw_mse_u 23.4764  raw_mse_v 14.8436  a0 0.59073  gnorm 54.01  (adaptive loss 1.9973 — flat by design)
[ train_imf ] step 452000  raw_mse_u 28.6076  raw_mse_v 13.4315  a0 0.54869  gnorm 25.90  (adaptive loss 1.9976 — flat by design)
[ train_imf ] step 452200  raw_mse_u 14.0873  raw_mse_v 12.4503  a0 0.29439  gnorm 27.46  (adaptive loss 1.9974 — flat by design)
[ train_imf ] step 452400  raw_mse_u 15.7161  raw_mse_v 14.0532  a0 0.21393  gnorm 30.14  (adaptive loss 1.9969 — flat by design)
[ train_imf ] step 452600  raw_mse_u 10.4491  raw_mse_v 10.7786  a0 0.12718  gnorm 33.76  (adaptive loss 1.9965 — flat by design)
[ train_imf ] step 452800  raw_mse_u 13.4802  raw_mse_v 9.8522  a0 0.13857  gnorm 25.81  (adaptive loss 1.9974 — flat by design)
[ train_imf ] step 453000  raw_mse_u 11.8855  raw_mse_v 9.6548  a0 0.09597  gnorm 30.33  (adaptive loss 1.9967 — flat by design)
[ train_imf ] step 453200  raw_mse_u 17.6035  raw_mse_v 15.4152  a0 0.30185  gnorm 26.97  (adaptive loss 1.9977 — flat by design)
[ train_imf ] step 453400  raw_mse_u 11.6931  raw_mse_v 6.6683  a0 0.16061  gnorm 39.63  (adaptive loss 1.9956 — flat by design)
[ train_imf ] step 453600  raw_mse_u 39.1598  raw_mse_v 13.5527  a0 2.61254  gnorm 27.37  (adaptive loss 1.9976 — flat by design)
[ train_imf ] step 453800  raw_mse_u 11.8877  raw_mse_v 10.7805  a0 0.20805  gnorm 62.83  (adaptive loss 1.9963 — flat by design)
[ train_imf ] step 454000  raw_mse_u 17.4707  raw_mse_v 8.7472  a0 0.31846  gnorm 22.16  (adaptive loss 1.9968 — flat by design)
[ train_imf ] step 454200  raw_mse_u 15.3566  raw_mse_v 9.2407  a0 0.39800  gnorm 72.46  (adaptive loss 1.9970 — flat by design)
[ train_imf ] step 454400  raw_mse_u 13.2711  raw_mse_v 12.5489  a0 0.28416  gnorm 27.67  (adaptive loss 1.9975 — flat by design)
[ train_imf ] step 454600  raw_mse_u 18.9201  raw_mse_v 9.3200  a0 0.49075  gnorm 34.39  (adaptive loss 1.9969 — flat by design)
[ train_imf ] step 454800  raw_mse_u 10.0471  raw_mse_v 8.9724  a0 0.30783  gnorm 31.62  (adaptive loss 1.9972 — flat by design)
[ train_imf ] step 455000  raw_mse_u 13.0882  raw_mse_v 12.6367  a0 0.19601  gnorm 22.52  (adaptive loss 1.9972 — flat by design)
[ train_imf ] step 455200  raw_mse_u 52.1914  raw_mse_v 11.9159  a0 0.21504  gnorm 23.14  (adaptive loss 1.9964 — flat by design)
[ train_imf ] step 455400  raw_mse_u 11.1038  raw_mse_v 10.7208  a0 0.40318  gnorm 91.25  (adaptive loss 1.9973 — flat by design)
[ train_imf ] step 455600  raw_mse_u 25.9224  raw_mse_v 11.1673  a0 1.84421  gnorm 52.12  (adaptive loss 1.9973 — flat by design)
[ train_imf ] step 455800  raw_mse_u 14.1498  raw_mse_v 11.0711  a0 0.35389  gnorm 26.36  (adaptive loss 1.9974 — flat by design)
[ train_imf ] step 456000  raw_mse_u 13.0636  raw_mse_v 9.0931  a0 0.47516  gnorm 23.48  (adaptive loss 1.9969 — flat by design)
[ train_imf ] step 456200  raw_mse_u 18.9106  raw_mse_v 12.5658  a0 0.44817  gnorm 30.76  (adaptive loss 1.9976 — flat by design)
[ train_imf ] step 456400  raw_mse_u 226.7253  raw_mse_v 13.1024  a0 2.35839  gnorm 32.63  (adaptive loss 1.9971 — flat by design)
[ train_imf ] step 456600  raw_mse_u 12.6060  raw_mse_v 9.2137  a0 0.25501  gnorm 27.45  (adaptive loss 1.9960 — flat by design)
[ train_imf ] step 456800  raw_mse_u 15.6895  raw_mse_v 13.0705  a0 0.20472  gnorm 47.71  (adaptive loss 1.9973 — flat by design)
[ train_imf ] step 457000  raw_mse_u 12.2141  raw_mse_v 10.9030  a0 0.09708  gnorm 51.37  (adaptive loss 1.9967 — flat by design)
[ train_imf ] step 457200  raw_mse_u 11.7854  raw_mse_v 12.2663  a0 0.13186  gnorm 71.99  (adaptive loss 1.9971 — flat by design)
[ train_imf ] step 457400  raw_mse_u 9.3785  raw_mse_v 8.2050  a0 0.13662  gnorm 66.64  (adaptive loss 1.9963 — flat by design)
[ train_imf ] step 457600  raw_mse_u 11.0983  raw_mse_v 10.2713  a0 0.31625  gnorm 34.29  (adaptive loss 1.9965 — flat by design)
[ train_imf ] step 457800  raw_mse_u 11.7670  raw_mse_v 9.3394  a0 0.21338  gnorm 28.32  (adaptive loss 1.9966 — flat by design)
[ train_imf ] step 458000  raw_mse_u 12.8313  raw_mse_v 10.6583  a0 0.18260  gnorm 54.03  (adaptive loss 1.9971 — flat by design)
[ train_imf ] step 458200  raw_mse_u 14.9840  raw_mse_v 13.0618  a0 0.36985  gnorm 47.93  (adaptive loss 1.9967 — flat by design)
[ train_imf ] step 458400  raw_mse_u 9.3436  raw_mse_v 8.9235  a0 0.14803  gnorm 21.88  (adaptive loss 1.9964 — flat by design)
[ train_imf ] step 458600  raw_mse_u 10.8371  raw_mse_v 8.0245  a0 0.18933  gnorm 37.21  (adaptive loss 1.9952 — flat by design)
[ train_imf ] step 458800  raw_mse_u 13.9621  raw_mse_v 10.1577  a0 0.34143  gnorm 22.21  (adaptive loss 1.9955 — flat by design)
[ train_imf ] step 459000  raw_mse_u 11.5880  raw_mse_v 11.2296  a0 0.19057  gnorm 22.42  (adaptive loss 1.9967 — flat by design)
[ train_imf ] step 459200  raw_mse_u 12.1232  raw_mse_v 10.9101  a0 0.24143  gnorm 31.48  (adaptive loss 1.9969 — flat by design)
[ train_imf ] step 459400  raw_mse_u 10.3628  raw_mse_v 10.3451  a0 0.17596  gnorm 78.59  (adaptive loss 1.9968 — flat by design)
[ train_imf ] step 459600  raw_mse_u 11.8577  raw_mse_v 10.7310  a0 0.18676  gnorm 31.20  (adaptive loss 1.9966 — flat by design)
[ train_imf ] step 459800  raw_mse_u 18.2173  raw_mse_v 10.9868  a0 0.27354  gnorm 46.36  (adaptive loss 1.9964 — flat by design)
[ train_imf ] step 460000  raw_mse_u 11.7439  raw_mse_v 9.7958  a0 0.22691  gnorm 50.52  (adaptive loss 1.9973 — flat by design)
[ train_imf ] step 460200  raw_mse_u 10.4819  raw_mse_v 9.9374  a0 0.11816  gnorm 31.10  (adaptive loss 1.9963 — flat by design)
[ train_imf ] step 460400  raw_mse_u 13.5957  raw_mse_v 13.1021  a0 0.13517  gnorm 43.25  (adaptive loss 1.9962 — flat by design)
[ train_imf ] step 460600  raw_mse_u 11.1178  raw_mse_v 10.2717  a0 0.24789  gnorm 27.57  (adaptive loss 1.9968 — flat by design)
[ train_imf ] step 460800  raw_mse_u 14.0889  raw_mse_v 9.3185  a0 0.11296  gnorm 73.67  (adaptive loss 1.9965 — flat by design)
[ train_imf ] step 461000  raw_mse_u 15.8074  raw_mse_v 9.3086  a0 0.74821  gnorm 34.86  (adaptive loss 1.9952 — flat by design)
[ train_imf ] step 461200  raw_mse_u 13.5652  raw_mse_v 12.1961  a0 0.23975  gnorm 39.66  (adaptive loss 1.9970 — flat by design)
[ train_imf ] step 461400  raw_mse_u 8.2159  raw_mse_v 7.4115  a0 0.14498  gnorm 26.99  (adaptive loss 1.9964 — flat by design)
[ train_imf ] step 461600  raw_mse_u 17.4964  raw_mse_v 9.5647  a0 0.43162  gnorm 31.17  (adaptive loss 1.9969 — flat by design)
[ train_imf ] step 461800  raw_mse_u 12.1235  raw_mse_v 11.1301  a0 0.13637  gnorm 21.68  (adaptive loss 1.9975 — flat by design)
[ train_imf ] step 462000  raw_mse_u 11.3873  raw_mse_v 10.0495  a0 0.15363  gnorm 29.24  (adaptive loss 1.9968 — flat by design)
[ train_imf ] step 462200  raw_mse_u 12.3459  raw_mse_v 11.5700  a0 0.24923  gnorm 27.45  (adaptive loss 1.9974 — flat by design)
[ train_imf ] step 462400  raw_mse_u 13.6272  raw_mse_v 13.2277  a0 0.28859  gnorm 22.60  (adaptive loss 1.9971 — flat by design)
[ train_imf ] step 462600  raw_mse_u 10.9675  raw_mse_v 9.1046  a0 0.39401  gnorm 35.84  (adaptive loss 1.9970 — flat by design)
[ train_imf ] step 462800  raw_mse_u 14.4962  raw_mse_v 12.0295  a0 0.37254  gnorm 24.95  (adaptive loss 1.9967 — flat by design)
[ train_imf ] step 463000  raw_mse_u 13.6999  raw_mse_v 11.9491  a0 0.27216  gnorm 26.01  (adaptive loss 1.9965 — flat by design)
[ train_imf ] step 463200  raw_mse_u 12.8827  raw_mse_v 10.3373  a0 0.15336  gnorm 25.93  (adaptive loss 1.9974 — flat by design)
[ train_imf ] step 463400  raw_mse_u 9.6809  raw_mse_v 8.1029  a0 0.24352  gnorm 75.53  (adaptive loss 1.9951 — flat by design)
[ train_imf ] step 463600  raw_mse_u 13.3523  raw_mse_v 11.8853  a0 0.25772  gnorm 25.40  (adaptive loss 1.9967 — flat by design)
[ train_imf ] step 463800  raw_mse_u 11.4388  raw_mse_v 8.9015  a0 0.23422  gnorm 34.76  (adaptive loss 1.9969 — flat by design)
[ train_imf ] step 464000  raw_mse_u 19.3014  raw_mse_v 16.2976  a0 0.42743  gnorm 26.61  (adaptive loss 1.9972 — flat by design)
[ train_imf ] step 464200  raw_mse_u 13.4327  raw_mse_v 11.3969  a0 0.14697  gnorm 26.05  (adaptive loss 1.9968 — flat by design)
[ train_imf ] step 464400  raw_mse_u 12.6342  raw_mse_v 10.3058  a0 0.20015  gnorm 44.73  (adaptive loss 1.9972 — flat by design)
[ train_imf ] step 464600  raw_mse_u 21.1289  raw_mse_v 12.1296  a0 0.23514  gnorm 30.20  (adaptive loss 1.9959 — flat by design)
[ train_imf ] step 464800  raw_mse_u 14.4566  raw_mse_v 10.3299  a0 0.20748  gnorm 42.60  (adaptive loss 1.9970 — flat by design)
[ train_imf ] step 465000  raw_mse_u 209.6034  raw_mse_v 12.7422  a0 1.22373  gnorm 59.09  (adaptive loss 1.9974 — flat by design)
[ train_imf ] step 465200  raw_mse_u 15.5204  raw_mse_v 11.2412  a0 0.37818  gnorm 35.91  (adaptive loss 1.9971 — flat by design)
[ train_imf ] step 465400  raw_mse_u 14.1890  raw_mse_v 10.0379  a0 0.37305  gnorm 28.99  (adaptive loss 1.9972 — flat by design)
[ train_imf ] step 465600  raw_mse_u 21.9568  raw_mse_v 10.9546  a0 0.22665  gnorm 31.83  (adaptive loss 1.9968 — flat by design)
[ train_imf ] step 465800  raw_mse_u 10.6898  raw_mse_v 9.8734  a0 0.20674  gnorm 65.46  (adaptive loss 1.9966 — flat by design)
[ train_imf ] step 466000  raw_mse_u 19.7903  raw_mse_v 10.9925  a0 0.66185  gnorm 41.61  (adaptive loss 1.9971 — flat by design)
[ train_imf ] step 466200  raw_mse_u 10.0319  raw_mse_v 8.0271  a0 0.17876  gnorm 24.20  (adaptive loss 1.9971 — flat by design)
[ train_imf ] step 466400  raw_mse_u 59.6212  raw_mse_v 13.2872  a0 2.25408  gnorm 27.89  (adaptive loss 1.9976 — flat by design)
[ train_imf ] step 466600  raw_mse_u 13.6728  raw_mse_v 12.6640  a0 0.24939  gnorm 26.47  (adaptive loss 1.9962 — flat by design)
[ train_imf ] step 466800  raw_mse_u 16.2951  raw_mse_v 14.9090  a0 0.34107  gnorm 35.30  (adaptive loss 1.9970 — flat by design)
[ train_imf ] step 467000  raw_mse_u 19.4279  raw_mse_v 16.0125  a0 0.28544  gnorm 34.58  (adaptive loss 1.9970 — flat by design)
[ train_imf ] step 467200  raw_mse_u 15.4804  raw_mse_v 14.5411  a0 0.34231  gnorm 29.33  (adaptive loss 1.9970 — flat by design)
[ train_imf ] step 467400  raw_mse_u 13.1944  raw_mse_v 10.2333  a0 0.27360  gnorm 38.99  (adaptive loss 1.9971 — flat by design)
[ train_imf ] step 467600  raw_mse_u 11.5197  raw_mse_v 7.8253  a0 0.18982  gnorm 44.93  (adaptive loss 1.9962 — flat by design)
[ train_imf ] step 467800  raw_mse_u 12.3560  raw_mse_v 9.1362  a0 0.37292  gnorm 24.28  (adaptive loss 1.9970 — flat by design)
[ train_imf ] step 468000  raw_mse_u 15.2113  raw_mse_v 12.4587  a0 0.21929  gnorm 37.06  (adaptive loss 1.9975 — flat by design)
[ train_imf ] step 468200  raw_mse_u 9.1026  raw_mse_v 8.3068  a0 0.12483  gnorm 26.53  (adaptive loss 1.9955 — flat by design)
[ train_imf ] step 468400  raw_mse_u 19.7868  raw_mse_v 15.9166  a0 0.33384  gnorm 38.63  (adaptive loss 1.9968 — flat by design)
[ train_imf ] step 468600  raw_mse_u 15.1464  raw_mse_v 12.4289  a0 0.21542  gnorm 24.12  (adaptive loss 1.9977 — flat by design)
[ train_imf ] step 468800  raw_mse_u 14.0430  raw_mse_v 12.9112  a0 0.18119  gnorm 26.08  (adaptive loss 1.9973 — flat by design)
[ train_imf ] step 469000  raw_mse_u 12.0519  raw_mse_v 8.3398  a0 0.34823  gnorm 34.86  (adaptive loss 1.9973 — flat by design)
[ train_imf ] step 469200  raw_mse_u 10.0147  raw_mse_v 9.9912  a0 0.14904  gnorm 25.89  (adaptive loss 1.9971 — flat by design)
[ train_imf ] step 469400  raw_mse_u 13.0617  raw_mse_v 10.5295  a0 0.16976  gnorm 23.41  (adaptive loss 1.9972 — flat by design)
[ train_imf ] step 469600  raw_mse_u 20.6400  raw_mse_v 9.1751  a0 0.23119  gnorm 41.80  (adaptive loss 1.9962 — flat by design)
[ train_imf ] step 469800  raw_mse_u 10.4797  raw_mse_v 9.8360  a0 0.20712  gnorm 26.88  (adaptive loss 1.9965 — flat by design)
[ train_imf ] step 470000  raw_mse_u 10.5940  raw_mse_v 9.3044  a0 0.14079  gnorm 28.59  (adaptive loss 1.9971 — flat by design)
[ train_imf ] step 470200  raw_mse_u 14.0876  raw_mse_v 11.0315  a0 0.36992  gnorm 37.99  (adaptive loss 1.9968 — flat by design)
[ train_imf ] step 470400  raw_mse_u 41.8872  raw_mse_v 11.3838  a0 1.69709  gnorm 27.44  (adaptive loss 1.9968 — flat by design)
[ train_imf ] step 470600  raw_mse_u 11.4029  raw_mse_v 9.4567  a0 0.13376  gnorm 60.76  (adaptive loss 1.9965 — flat by design)
[ train_imf ] step 470800  raw_mse_u 11.1402  raw_mse_v 10.3231  a0 0.19284  gnorm 51.31  (adaptive loss 1.9969 — flat by design)
[ train_imf ] step 471000  raw_mse_u 14.8313  raw_mse_v 12.2464  a0 0.24263  gnorm 41.23  (adaptive loss 1.9974 — flat by design)
[ train_imf ] step 471200  raw_mse_u 8.6390  raw_mse_v 7.3471  a0 0.21764  gnorm 43.72  (adaptive loss 1.9967 — flat by design)
[ train_imf ] step 471400  raw_mse_u 13.8672  raw_mse_v 11.1065  a0 0.24371  gnorm 23.16  (adaptive loss 1.9975 — flat by design)
[ train_imf ] step 471600  raw_mse_u 45.5266  raw_mse_v 12.4520  a0 0.35647  gnorm 28.06  (adaptive loss 1.9959 — flat by design)
[ train_imf ] step 471800  raw_mse_u 12.6257  raw_mse_v 8.5066  a0 0.14476  gnorm 43.32  (adaptive loss 1.9967 — flat by design)
[ train_imf ] step 472000  raw_mse_u 11.8328  raw_mse_v 9.0643  a0 0.24939  gnorm 29.09  (adaptive loss 1.9971 — flat by design)
[ train_imf ] step 472200  raw_mse_u 11.7463  raw_mse_v 9.3135  a0 0.14908  gnorm 35.55  (adaptive loss 1.9975 — flat by design)
[ train_imf ] step 472400  raw_mse_u 16.2379  raw_mse_v 12.1608  a0 0.25737  gnorm 29.87  (adaptive loss 1.9969 — flat by design)
[ train_imf ] step 472600  raw_mse_u 16.9141  raw_mse_v 15.1222  a0 0.23214  gnorm 106.22  (adaptive loss 1.9976 — flat by design)
[ train_imf ] step 472800  raw_mse_u 10.7558  raw_mse_v 8.3532  a0 0.18229  gnorm 64.92  (adaptive loss 1.9968 — flat by design)
[ train_imf ] step 473000  raw_mse_u 13.3092  raw_mse_v 11.5393  a0 0.45510  gnorm 115.34  (adaptive loss 1.9972 — flat by design)
[ train_imf ] step 473200  raw_mse_u 9.7648  raw_mse_v 8.9300  a0 0.09730  gnorm 28.92  (adaptive loss 1.9960 — flat by design)
[ train_imf ] step 473400  raw_mse_u 12.4352  raw_mse_v 10.1742  a0 0.12638  gnorm 28.98  (adaptive loss 1.9973 — flat by design)
[ train_imf ] step 473600  raw_mse_u 17.4593  raw_mse_v 12.2310  a0 0.41217  gnorm 35.86  (adaptive loss 1.9961 — flat by design)
[ train_imf ] step 473800  raw_mse_u 11.1599  raw_mse_v 9.4001  a0 0.14655  gnorm 30.37  (adaptive loss 1.9969 — flat by design)
[ train_imf ] step 474000  raw_mse_u 18.8331  raw_mse_v 13.1188  a0 0.22677  gnorm 32.49  (adaptive loss 1.9970 — flat by design)
[ train_imf ] step 474200  raw_mse_u 13.3393  raw_mse_v 11.3743  a0 0.34520  gnorm 31.57  (adaptive loss 1.9970 — flat by design)
[ train_imf ] step 474400  raw_mse_u 10.4032  raw_mse_v 5.9971  a0 0.22981  gnorm 51.82  (adaptive loss 1.9941 — flat by design)
[ train_imf ] step 474600  raw_mse_u 18.5545  raw_mse_v 9.4178  a0 0.13921  gnorm 22.68  (adaptive loss 1.9968 — flat by design)
[ train_imf ] step 474800  raw_mse_u 12.6634  raw_mse_v 12.6903  a0 0.10129  gnorm 22.75  (adaptive loss 1.9969 — flat by design)
[ train_imf ] step 475000  raw_mse_u 1920.1768  raw_mse_v 15.6497  a0 4.85776  gnorm 33.13  (adaptive loss 1.9968 — flat by design)
[ train_imf ] step 475200  raw_mse_u 13.7623  raw_mse_v 12.6293  a0 0.29221  gnorm 21.82  (adaptive loss 1.9969 — flat by design)
[ train_imf ] step 475400  raw_mse_u 13.3243  raw_mse_v 9.2550  a0 0.19076  gnorm 46.99  (adaptive loss 1.9972 — flat by design)
[ train_imf ] step 475600  raw_mse_u 23.8324  raw_mse_v 15.9070  a0 0.65567  gnorm 27.21  (adaptive loss 1.9968 — flat by design)
[ train_imf ] step 475800  raw_mse_u 15.5113  raw_mse_v 14.3879  a0 0.39314  gnorm 23.31  (adaptive loss 1.9974 — flat by design)
[ train_imf ] step 476000  raw_mse_u 14.0957  raw_mse_v 11.6831  a0 0.21913  gnorm 50.75  (adaptive loss 1.9972 — flat by design)
[ train_imf ] step 476200  raw_mse_u 9.8319  raw_mse_v 9.5764  a0 0.09334  gnorm 32.59  (adaptive loss 1.9969 — flat by design)
[ train_imf ] step 476400  raw_mse_u 15.8855  raw_mse_v 15.1562  a0 0.26975  gnorm 50.06  (adaptive loss 1.9970 — flat by design)
[ train_imf ] step 476600  raw_mse_u 13.5074  raw_mse_v 13.6964  a0 0.34727  gnorm 25.47  (adaptive loss 1.9972 — flat by design)
[ train_imf ] step 476800  raw_mse_u 38.0178  raw_mse_v 9.8092  a0 0.54280  gnorm 36.73  (adaptive loss 1.9964 — flat by design)
[ train_imf ] step 477000  raw_mse_u 15.9418  raw_mse_v 14.2961  a0 0.25247  gnorm 24.35  (adaptive loss 1.9975 — flat by design)
[ train_imf ] step 477200  raw_mse_u 9.5440  raw_mse_v 6.9354  a0 0.12674  gnorm 42.55  (adaptive loss 1.9958 — flat by design)
[ train_imf ] step 477400  raw_mse_u 10.3465  raw_mse_v 9.4762  a0 0.21091  gnorm 26.28  (adaptive loss 1.9968 — flat by design)
[ train_imf ] step 477600  raw_mse_u 11.5282  raw_mse_v 8.8817  a0 0.17329  gnorm 35.47  (adaptive loss 1.9971 — flat by design)
[ train_imf ] step 477800  raw_mse_u 17.7950  raw_mse_v 9.3730  a0 0.58324  gnorm 27.65  (adaptive loss 1.9971 — flat by design)
[ train_imf ] step 478000  raw_mse_u 13.1497  raw_mse_v 12.1316  a0 0.21548  gnorm 33.99  (adaptive loss 1.9962 — flat by design)
[ train_imf ] step 478200  raw_mse_u 21.0696  raw_mse_v 11.5002  a0 0.52486  gnorm 40.04  (adaptive loss 1.9972 — flat by design)
[ train_imf ] step 478400  raw_mse_u 13.2244  raw_mse_v 8.7656  a0 0.18370  gnorm 42.98  (adaptive loss 1.9964 — flat by design)
[ train_imf ] step 478600  raw_mse_u 10.7492  raw_mse_v 8.3718  a0 0.19921  gnorm 34.56  (adaptive loss 1.9961 — flat by design)
[ train_imf ] step 478800  raw_mse_u 11.2230  raw_mse_v 10.3834  a0 0.10050  gnorm 20.97  (adaptive loss 1.9964 — flat by design)
[ train_imf ] step 479000  raw_mse_u 12.4521  raw_mse_v 8.9916  a0 0.26735  gnorm 30.41  (adaptive loss 1.9964 — flat by design)
[ train_imf ] step 479200  raw_mse_u 11.3652  raw_mse_v 10.7768  a0 0.15142  gnorm 45.74  (adaptive loss 1.9971 — flat by design)
[ train_imf ] step 479400  raw_mse_u 17.1210  raw_mse_v 15.0332  a0 0.29652  gnorm 26.18  (adaptive loss 1.9972 — flat by design)
[ train_imf ] step 479600  raw_mse_u 13.1287  raw_mse_v 8.8592  a0 0.18393  gnorm 29.90  (adaptive loss 1.9968 — flat by design)
[ train_imf ] step 479800  raw_mse_u 20.6319  raw_mse_v 15.0391  a0 0.37916  gnorm 40.86  (adaptive loss 1.9979 — flat by design)
[ train_imf ] step 480000  raw_mse_u 12.3707  raw_mse_v 8.6795  a0 0.15583  gnorm 45.56  (adaptive loss 1.9964 — flat by design)
[ train_imf ] step 480200  raw_mse_u 13.6326  raw_mse_v 10.7946  a0 0.12942  gnorm 32.55  (adaptive loss 1.9970 — flat by design)
[ train_imf ] step 480400  raw_mse_u 13.3592  raw_mse_v 11.3124  a0 0.14227  gnorm 21.85  (adaptive loss 1.9966 — flat by design)
[ train_imf ] step 480600  raw_mse_u 10.8935  raw_mse_v 10.5052  a0 0.14304  gnorm 27.43  (adaptive loss 1.9968 — flat by design)
[ train_imf ] step 480800  raw_mse_u 13.0075  raw_mse_v 10.2919  a0 0.13985  gnorm 22.68  (adaptive loss 1.9972 — flat by design)
[ train_imf ] step 481000  raw_mse_u 23.9082  raw_mse_v 11.3317  a0 0.23570  gnorm 34.88  (adaptive loss 1.9967 — flat by design)
[ train_imf ] step 481200  raw_mse_u 15.4849  raw_mse_v 11.5108  a0 0.27796  gnorm 32.13  (adaptive loss 1.9967 — flat by design)
[ train_imf ] step 481400  raw_mse_u 15.7315  raw_mse_v 9.3598  a0 0.18579  gnorm 39.92  (adaptive loss 1.9967 — flat by design)
[ train_imf ] step 481600  raw_mse_u 13.0764  raw_mse_v 12.0574  a0 0.16354  gnorm 33.99  (adaptive loss 1.9965 — flat by design)
[ train_imf ] step 481800  raw_mse_u 13.5625  raw_mse_v 12.2872  a0 0.16533  gnorm 29.32  (adaptive loss 1.9966 — flat by design)
[ train_imf ] step 482000  raw_mse_u 13.0918  raw_mse_v 11.8494  a0 0.17339  gnorm 51.46  (adaptive loss 1.9968 — flat by design)
[ train_imf ] step 482200  raw_mse_u 15.9520  raw_mse_v 12.3536  a0 0.35527  gnorm 24.57  (adaptive loss 1.9970 — flat by design)
[ train_imf ] step 482400  raw_mse_u 16.9780  raw_mse_v 13.2211  a0 0.33547  gnorm 30.04  (adaptive loss 1.9977 — flat by design)
[ train_imf ] step 482600  raw_mse_u 10.3848  raw_mse_v 8.4287  a0 0.20881  gnorm 86.55  (adaptive loss 1.9964 — flat by design)
[ train_imf ] step 482800  raw_mse_u 17.3464  raw_mse_v 12.9833  a0 0.44331  gnorm 27.41  (adaptive loss 1.9975 — flat by design)
[ train_imf ] step 483000  raw_mse_u 40.5819  raw_mse_v 13.3460  a0 0.75867  gnorm 84.59  (adaptive loss 1.9970 — flat by design)
[ train_imf ] step 483200  raw_mse_u 15.3421  raw_mse_v 8.3519  a0 0.48563  gnorm 54.48  (adaptive loss 1.9957 — flat by design)
[ train_imf ] step 483400  raw_mse_u 22.3776  raw_mse_v 13.4750  a0 0.26665  gnorm 25.41  (adaptive loss 1.9968 — flat by design)
[ train_imf ] step 483600  raw_mse_u 13.6468  raw_mse_v 10.0740  a0 0.19305  gnorm 40.51  (adaptive loss 1.9971 — flat by design)
[ train_imf ] step 483800  raw_mse_u 7.7680  raw_mse_v 7.2433  a0 0.07507  gnorm 20.50  (adaptive loss 1.9961 — flat by design)
[ train_imf ] step 484000  raw_mse_u 40.5982  raw_mse_v 10.6295  a0 1.78341  gnorm 34.70  (adaptive loss 1.9965 — flat by design)
[ train_imf ] step 484200  raw_mse_u 16.1522  raw_mse_v 13.5406  a0 0.27389  gnorm 34.52  (adaptive loss 1.9972 — flat by design)
[ train_imf ] step 484400  raw_mse_u 13.2449  raw_mse_v 10.8869  a0 0.21054  gnorm 53.45  (adaptive loss 1.9970 — flat by design)
[ train_imf ] step 484600  raw_mse_u 12.5692  raw_mse_v 9.2556  a0 0.30740  gnorm 23.49  (adaptive loss 1.9972 — flat by design)
[ train_imf ] step 484800  raw_mse_u 12.1490  raw_mse_v 9.6036  a0 0.13652  gnorm 34.40  (adaptive loss 1.9969 — flat by design)
[ train_imf ] step 485000  raw_mse_u 9.5189  raw_mse_v 8.2763  a0 0.16719  gnorm 42.59  (adaptive loss 1.9966 — flat by design)
[ train_imf ] step 485200  raw_mse_u 14.3720  raw_mse_v 9.0482  a0 0.17061  gnorm 61.91  (adaptive loss 1.9969 — flat by design)
[ train_imf ] step 485400  raw_mse_u 15.1787  raw_mse_v 11.9504  a0 0.30395  gnorm 26.41  (adaptive loss 1.9965 — flat by design)
[ train_imf ] step 485600  raw_mse_u 12.3364  raw_mse_v 10.3514  a0 0.34506  gnorm 27.01  (adaptive loss 1.9973 — flat by design)
[ train_imf ] step 485800  raw_mse_u 9.0539  raw_mse_v 8.2176  a0 0.11204  gnorm 25.23  (adaptive loss 1.9966 — flat by design)
[ train_imf ] step 486000  raw_mse_u 28.1935  raw_mse_v 14.1024  a0 0.61647  gnorm 30.34  (adaptive loss 1.9975 — flat by design)
[ train_imf ] step 486200  raw_mse_u 16.4389  raw_mse_v 14.4150  a0 0.31740  gnorm 32.57  (adaptive loss 1.9969 — flat by design)
[ train_imf ] step 486400  raw_mse_u 14.9333  raw_mse_v 10.9712  a0 0.13196  gnorm 31.50  (adaptive loss 1.9970 — flat by design)
[ train_imf ] step 486600  raw_mse_u 13.1330  raw_mse_v 11.3069  a0 0.23977  gnorm 66.79  (adaptive loss 1.9971 — flat by design)
[ train_imf ] step 486800  raw_mse_u 29.4582  raw_mse_v 10.7487  a0 0.54944  gnorm 33.10  (adaptive loss 1.9967 — flat by design)
[ train_imf ] step 487000  raw_mse_u 31.9875  raw_mse_v 10.8916  a0 0.22088  gnorm 35.51  (adaptive loss 1.9975 — flat by design)
[ train_imf ] step 487200  raw_mse_u 13.9987  raw_mse_v 12.0826  a0 0.15601  gnorm 35.51  (adaptive loss 1.9964 — flat by design)
[ train_imf ] step 487400  raw_mse_u 16.3533  raw_mse_v 11.8629  a0 0.26342  gnorm 37.64  (adaptive loss 1.9973 — flat by design)
[ train_imf ] step 487600  raw_mse_u 14.6398  raw_mse_v 12.1429  a0 0.26297  gnorm 88.07  (adaptive loss 1.9969 — flat by design)
[ train_imf ] step 487800  raw_mse_u 10.6149  raw_mse_v 8.9525  a0 0.26014  gnorm 49.21  (adaptive loss 1.9967 — flat by design)
[ train_imf ] step 488000  raw_mse_u 17.6516  raw_mse_v 10.2147  a0 0.23159  gnorm 50.55  (adaptive loss 1.9973 — flat by design)
[ train_imf ] step 488200  raw_mse_u 16.3177  raw_mse_v 15.9989  a0 0.39208  gnorm 33.20  (adaptive loss 1.9973 — flat by design)
[ train_imf ] step 488400  raw_mse_u 11.5287  raw_mse_v 8.2639  a0 0.15183  gnorm 33.03  (adaptive loss 1.9968 — flat by design)
[ train_imf ] step 488600  raw_mse_u 10.3062  raw_mse_v 9.0579  a0 0.13085  gnorm 30.33  (adaptive loss 1.9960 — flat by design)
[ train_imf ] step 488800  raw_mse_u 12.7655  raw_mse_v 10.7950  a0 0.13282  gnorm 25.83  (adaptive loss 1.9968 — flat by design)
[ train_imf ] step 489000  raw_mse_u 9.9373  raw_mse_v 9.0413  a0 0.17586  gnorm 30.78  (adaptive loss 1.9972 — flat by design)
[ train_imf ] step 489200  raw_mse_u 13.1644  raw_mse_v 10.9374  a0 0.15213  gnorm 59.15  (adaptive loss 1.9969 — flat by design)
[ train_imf ] step 489400  raw_mse_u 16.4197  raw_mse_v 12.5420  a0 0.19643  gnorm 24.66  (adaptive loss 1.9966 — flat by design)
[ train_imf ] step 489600  raw_mse_u 17.2204  raw_mse_v 12.1822  a0 0.63341  gnorm 48.27  (adaptive loss 1.9965 — flat by design)
[ train_imf ] step 489800  raw_mse_u 12.8791  raw_mse_v 12.0043  a0 0.30161  gnorm 43.65  (adaptive loss 1.9976 — flat by design)
[ train_imf ] step 490000  raw_mse_u 10.4096  raw_mse_v 8.4283  a0 0.20189  gnorm 48.94  (adaptive loss 1.9966 — flat by design)
[ train_imf ] step 490200  raw_mse_u 17.9590  raw_mse_v 12.5656  a0 0.21974  gnorm 37.76  (adaptive loss 1.9981 — flat by design)
[ train_imf ] step 490400  raw_mse_u 10.8929  raw_mse_v 10.2796  a0 0.20805  gnorm 31.08  (adaptive loss 1.9973 — flat by design)
[ train_imf ] step 490600  raw_mse_u 14.7930  raw_mse_v 14.4664  a0 0.30531  gnorm 28.59  (adaptive loss 1.9977 — flat by design)
[ train_imf ] step 490800  raw_mse_u 13.4748  raw_mse_v 12.6234  a0 0.22425  gnorm 28.57  (adaptive loss 1.9974 — flat by design)
[ train_imf ] step 491000  raw_mse_u 14.1632  raw_mse_v 12.1953  a0 0.28274  gnorm 27.73  (adaptive loss 1.9976 — flat by design)
[ train_imf ] step 491200  raw_mse_u 16.2257  raw_mse_v 13.6381  a0 0.36287  gnorm 48.04  (adaptive loss 1.9973 — flat by design)
[ train_imf ] step 491400  raw_mse_u 9.0046  raw_mse_v 7.7894  a0 0.12098  gnorm 23.11  (adaptive loss 1.9966 — flat by design)
[ train_imf ] step 491600  raw_mse_u 22.3339  raw_mse_v 8.6375  a0 0.33344  gnorm 71.18  (adaptive loss 1.9966 — flat by design)
[ train_imf ] step 491800  raw_mse_u 16.4178  raw_mse_v 14.6809  a0 0.13534  gnorm 27.97  (adaptive loss 1.9975 — flat by design)
[ train_imf ] step 492000  raw_mse_u 10.7868  raw_mse_v 8.8722  a0 0.15297  gnorm 23.62  (adaptive loss 1.9971 — flat by design)
[ train_imf ] step 492200  raw_mse_u 16.0170  raw_mse_v 8.8425  a0 0.33770  gnorm 45.44  (adaptive loss 1.9973 — flat by design)
[ train_imf ] step 492400  raw_mse_u 11.6486  raw_mse_v 9.9746  a0 0.29198  gnorm 31.02  (adaptive loss 1.9969 — flat by design)
[ train_imf ] step 492600  raw_mse_u 13.7472  raw_mse_v 12.1764  a0 0.16505  gnorm 24.93  (adaptive loss 1.9972 — flat by design)
[ train_imf ] step 492800  raw_mse_u 24.9860  raw_mse_v 16.0048  a0 0.48197  gnorm 39.52  (adaptive loss 1.9971 — flat by design)
[ train_imf ] step 493000  raw_mse_u 11.9866  raw_mse_v 8.5782  a0 0.14678  gnorm 32.83  (adaptive loss 1.9965 — flat by design)
[ train_imf ] step 493200  raw_mse_u 10.9978  raw_mse_v 9.7647  a0 0.24577  gnorm 54.35  (adaptive loss 1.9969 — flat by design)
[ train_imf ] step 493400  raw_mse_u 8.8345  raw_mse_v 7.1561  a0 0.15430  gnorm 32.08  (adaptive loss 1.9956 — flat by design)
[ train_imf ] step 493600  raw_mse_u 11.7747  raw_mse_v 9.9114  a0 0.14604  gnorm 31.19  (adaptive loss 1.9967 — flat by design)
[ train_imf ] step 493800  raw_mse_u 13.3607  raw_mse_v 11.4683  a0 0.23182  gnorm 34.33  (adaptive loss 1.9966 — flat by design)
[ train_imf ] step 494000  raw_mse_u 18.1592  raw_mse_v 13.1013  a0 0.37123  gnorm 23.76  (adaptive loss 1.9970 — flat by design)
[ train_imf ] step 494200  raw_mse_u 15.7076  raw_mse_v 13.6979  a0 0.15094  gnorm 33.50  (adaptive loss 1.9970 — flat by design)
[ train_imf ] step 494400  raw_mse_u 12.5035  raw_mse_v 9.0173  a0 0.37735  gnorm 34.35  (adaptive loss 1.9959 — flat by design)
[ train_imf ] step 494600  raw_mse_u 10.5436  raw_mse_v 8.8872  a0 0.13522  gnorm 57.19  (adaptive loss 1.9965 — flat by design)
[ train_imf ] step 494800  raw_mse_u 13.6061  raw_mse_v 7.6488  a0 0.19201  gnorm 33.89  (adaptive loss 1.9964 — flat by design)
[ train_imf ] step 495000  raw_mse_u 18.4568  raw_mse_v 9.4800  a0 0.51112  gnorm 27.89  (adaptive loss 1.9964 — flat by design)
[ train_imf ] step 495200  raw_mse_u 15.3620  raw_mse_v 12.0153  a0 0.32521  gnorm 24.11  (adaptive loss 1.9968 — flat by design)
[ train_imf ] step 495400  raw_mse_u 17.0149  raw_mse_v 13.3680  a0 0.35279  gnorm 25.77  (adaptive loss 1.9973 — flat by design)
[ train_imf ] step 495600  raw_mse_u 19.2214  raw_mse_v 16.2525  a0 0.37863  gnorm 30.54  (adaptive loss 1.9971 — flat by design)
[ train_imf ] step 495800  raw_mse_u 10.3159  raw_mse_v 8.8206  a0 0.33958  gnorm 33.57  (adaptive loss 1.9968 — flat by design)
[ train_imf ] step 496000  raw_mse_u 28.4368  raw_mse_v 12.5608  a0 0.97994  gnorm 27.10  (adaptive loss 1.9961 — flat by design)
[ train_imf ] step 496200  raw_mse_u 17.1930  raw_mse_v 12.4353  a0 0.56021  gnorm 42.14  (adaptive loss 1.9975 — flat by design)
[ train_imf ] step 496400  raw_mse_u 21.9211  raw_mse_v 11.2939  a0 0.32131  gnorm 34.58  (adaptive loss 1.9963 — flat by design)
[ train_imf ] step 496600  raw_mse_u 15.6176  raw_mse_v 13.0814  a0 0.28568  gnorm 37.98  (adaptive loss 1.9978 — flat by design)
[ train_imf ] step 496800  raw_mse_u 13.0841  raw_mse_v 10.4580  a0 0.09320  gnorm 30.24  (adaptive loss 1.9972 — flat by design)
[ train_imf ] step 497000  raw_mse_u 17.3835  raw_mse_v 14.5921  a0 0.19018  gnorm 34.62  (adaptive loss 1.9959 — flat by design)
[ train_imf ] step 497200  raw_mse_u 9.4029  raw_mse_v 8.1170  a0 0.08349  gnorm 37.82  (adaptive loss 1.9963 — flat by design)
[ train_imf ] step 497400  raw_mse_u 37.1803  raw_mse_v 14.5599  a0 0.73507  gnorm 24.37  (adaptive loss 1.9973 — flat by design)
[ train_imf ] step 497600  raw_mse_u 17.4815  raw_mse_v 11.5054  a0 0.26476  gnorm 45.64  (adaptive loss 1.9970 — flat by design)
[ train_imf ] step 497800  raw_mse_u 37.7927  raw_mse_v 8.7292  a0 0.23710  gnorm 27.70  (adaptive loss 1.9970 — flat by design)
[ train_imf ] step 498000  raw_mse_u 14.2968  raw_mse_v 13.0489  a0 0.21469  gnorm 40.10  (adaptive loss 1.9969 — flat by design)
[ train_imf ] step 498200  raw_mse_u 11.4367  raw_mse_v 9.6813  a0 0.12634  gnorm 32.24  (adaptive loss 1.9967 — flat by design)
[ train_imf ] step 498400  raw_mse_u 53.6815  raw_mse_v 12.0149  a0 1.40290  gnorm 33.47  (adaptive loss 1.9970 — flat by design)
[ train_imf ] step 498600  raw_mse_u 61.1723  raw_mse_v 8.9248  a0 1.17343  gnorm 33.44  (adaptive loss 1.9969 — flat by design)
[ train_imf ] step 498800  raw_mse_u 27.8171  raw_mse_v 11.7929  a0 0.72406  gnorm 50.13  (adaptive loss 1.9969 — flat by design)
[ train_imf ] step 499000  raw_mse_u 186.0151  raw_mse_v 12.6682  a0 20.94024  gnorm 42.02  (adaptive loss 1.9972 — flat by design)
[ train_imf ] step 499200  raw_mse_u 28.2382  raw_mse_v 11.5060  a0 1.12196  gnorm 84.82  (adaptive loss 1.9968 — flat by design)
[ train_imf ] step 499400  raw_mse_u 113.1100  raw_mse_v 11.1172  a0 1.08144  gnorm 46.60  (adaptive loss 1.9966 — flat by design)
[ train_imf ] step 499600  raw_mse_u 9.9778  raw_mse_v 9.2534  a0 0.13539  gnorm 34.53  (adaptive loss 1.9956 — flat by design)
[ train_imf ] step 499800  raw_mse_u 33.8051  raw_mse_v 10.7679  a0 0.56778  gnorm 26.76  (adaptive loss 1.9968 — flat by design)
[ train_imf ] step 500000  raw_mse_u 16.3789  raw_mse_v 13.3563  a0 0.34068  gnorm 53.68  (adaptive loss 1.9967 — flat by design)
[ train_imf ] step 500200  raw_mse_u 16.3906  raw_mse_v 11.5516  a0 0.73895  gnorm 33.80  (adaptive loss 1.9972 — flat by design)
[ train_imf ] step 500400  raw_mse_u 10.3878  raw_mse_v 7.4177  a0 0.09808  gnorm 42.90  (adaptive loss 1.9958 — flat by design)
[ train_imf ] step 500600  raw_mse_u 13.7901  raw_mse_v 10.5238  a0 0.25064  gnorm 41.63  (adaptive loss 1.9971 — flat by design)
[ train_imf ] step 500800  raw_mse_u 13.6971  raw_mse_v 11.9908  a0 0.18953  gnorm 34.66  (adaptive loss 1.9977 — flat by design)
[ train_imf ] step 501000  raw_mse_u 12.6269  raw_mse_v 10.2556  a0 0.10946  gnorm 30.10  (adaptive loss 1.9948 — flat by design)
[ train_imf ] step 501200  raw_mse_u 11.1229  raw_mse_v 9.3859  a0 0.14228  gnorm 28.05  (adaptive loss 1.9967 — flat by design)
[ train_imf ] step 501400  raw_mse_u 20.9775  raw_mse_v 11.4952  a0 0.76019  gnorm 45.01  (adaptive loss 1.9966 — flat by design)
[ train_imf ] step 501600  raw_mse_u 10.2097  raw_mse_v 9.1088  a0 0.09542  gnorm 39.54  (adaptive loss 1.9969 — flat by design)
[ train_imf ] step 501800  raw_mse_u 16.7277  raw_mse_v 12.3722  a0 0.18365  gnorm 24.76  (adaptive loss 1.9970 — flat by design)
[ train_imf ] step 502000  raw_mse_u 11.4542  raw_mse_v 9.2708  a0 0.24623  gnorm 34.00  (adaptive loss 1.9972 — flat by design)
[ train_imf ] step 502200  raw_mse_u 42.1117  raw_mse_v 10.9435  a0 0.59452  gnorm 29.64  (adaptive loss 1.9973 — flat by design)
[ train_imf ] step 502400  raw_mse_u 9.3471  raw_mse_v 9.6609  a0 0.07421  gnorm 29.17  (adaptive loss 1.9967 — flat by design)
[ train_imf ] step 502600  raw_mse_u 10.4985  raw_mse_v 10.6932  a0 0.18150  gnorm 37.66  (adaptive loss 1.9964 — flat by design)
[ train_imf ] step 502800  raw_mse_u 13.0067  raw_mse_v 9.3805  a0 0.17866  gnorm 30.46  (adaptive loss 1.9964 — flat by design)
[ train_imf ] step 503000  raw_mse_u 12.1061  raw_mse_v 9.4573  a0 0.31791  gnorm 30.95  (adaptive loss 1.9973 — flat by design)
[ train_imf ] step 503200  raw_mse_u 11.6793  raw_mse_v 10.8008  a0 0.15024  gnorm 29.63  (adaptive loss 1.9963 — flat by design)
[ train_imf ] step 503400  raw_mse_u 13.6969  raw_mse_v 13.2175  a0 0.13876  gnorm 24.77  (adaptive loss 1.9961 — flat by design)
[ train_imf ] step 503600  raw_mse_u 11.7429  raw_mse_v 9.7356  a0 0.09116  gnorm 27.03  (adaptive loss 1.9968 — flat by design)
[ train_imf ] step 503800  raw_mse_u 65.9384  raw_mse_v 11.2414  a0 1.39454  gnorm 37.45  (adaptive loss 1.9967 — flat by design)
[ train_imf ] step 504000  raw_mse_u 11.4675  raw_mse_v 9.2548  a0 0.36945  gnorm 61.04  (adaptive loss 1.9966 — flat by design)
[ train_imf ] step 504200  raw_mse_u 21.9420  raw_mse_v 15.0302  a0 0.26493  gnorm 22.85  (adaptive loss 1.9972 — flat by design)
[ train_imf ] step 504400  raw_mse_u 14.0537  raw_mse_v 10.7584  a0 0.26422  gnorm 35.56  (adaptive loss 1.9973 — flat by design)
[ train_imf ] step 504600  raw_mse_u 23.5447  raw_mse_v 9.7137  a0 0.99411  gnorm 36.17  (adaptive loss 1.9966 — flat by design)
[ train_imf ] step 504800  raw_mse_u 18.5341  raw_mse_v 13.8485  a0 0.25553  gnorm 25.73  (adaptive loss 1.9971 — flat by design)
[ train_imf ] step 505000  raw_mse_u 12.9046  raw_mse_v 11.2391  a0 0.35255  gnorm 24.06  (adaptive loss 1.9973 — flat by design)
[ train_imf ] step 505200  raw_mse_u 15.4388  raw_mse_v 12.2554  a0 0.28032  gnorm 22.50  (adaptive loss 1.9972 — flat by design)
[ train_imf ] step 505400  raw_mse_u 9.2387  raw_mse_v 8.6029  a0 0.14656  gnorm 34.01  (adaptive loss 1.9965 — flat by design)
[ train_imf ] step 505600  raw_mse_u 13.1072  raw_mse_v 11.0485  a0 0.14288  gnorm 32.47  (adaptive loss 1.9955 — flat by design)
[ train_imf ] step 505800  raw_mse_u 9.4851  raw_mse_v 8.6879  a0 0.15333  gnorm 34.24  (adaptive loss 1.9958 — flat by design)
[ train_imf ] step 506000  raw_mse_u 12.4059  raw_mse_v 10.6832  a0 0.19180  gnorm 32.77  (adaptive loss 1.9969 — flat by design)
[ train_imf ] step 506200  raw_mse_u 16.5711  raw_mse_v 14.3442  a0 0.22318  gnorm 72.36  (adaptive loss 1.9967 — flat by design)
[ train_imf ] step 506400  raw_mse_u 19.2499  raw_mse_v 15.3746  a0 0.33760  gnorm 43.72  (adaptive loss 1.9973 — flat by design)
[ train_imf ] step 506600  raw_mse_u 8.0836  raw_mse_v 7.2845  a0 0.19391  gnorm 29.24  (adaptive loss 1.9965 — flat by design)
[ train_imf ] step 506800  raw_mse_u 12.5317  raw_mse_v 10.7586  a0 0.35785  gnorm 27.34  (adaptive loss 1.9966 — flat by design)
[ train_imf ] step 507000  raw_mse_u 13.0892  raw_mse_v 10.4508  a0 0.33092  gnorm 22.70  (adaptive loss 1.9963 — flat by design)
[ train_imf ] step 507200  raw_mse_u 77.5346  raw_mse_v 12.6809  a0 0.53489  gnorm 24.99  (adaptive loss 1.9972 — flat by design)
[ train_imf ] step 507400  raw_mse_u 11.5449  raw_mse_v 9.3577  a0 0.16098  gnorm 35.40  (adaptive loss 1.9969 — flat by design)
[ train_imf ] step 507600  raw_mse_u 12.1193  raw_mse_v 9.2427  a0 0.21360  gnorm 29.09  (adaptive loss 1.9967 — flat by design)
[ train_imf ] step 507800  raw_mse_u 13.9664  raw_mse_v 13.2415  a0 0.18845  gnorm 27.60  (adaptive loss 1.9969 — flat by design)
[ train_imf ] step 508000  raw_mse_u 23.8289  raw_mse_v 8.6971  a0 0.10723  gnorm 39.61  (adaptive loss 1.9967 — flat by design)
[ train_imf ] step 508200  raw_mse_u 14.3242  raw_mse_v 10.3422  a0 0.23049  gnorm 28.29  (adaptive loss 1.9968 — flat by design)
[ train_imf ] step 508400  raw_mse_u 9.5514  raw_mse_v 8.3365  a0 0.13912  gnorm 31.26  (adaptive loss 1.9966 — flat by design)
[ train_imf ] step 508600  raw_mse_u 13.1157  raw_mse_v 11.1580  a0 0.14710  gnorm 24.97  (adaptive loss 1.9963 — flat by design)
[ train_imf ] step 508800  raw_mse_u 11.3043  raw_mse_v 9.8208  a0 0.20353  gnorm 94.68  (adaptive loss 1.9976 — flat by design)
[ train_imf ] step 509000  raw_mse_u 10.6423  raw_mse_v 8.3878  a0 0.23989  gnorm 41.23  (adaptive loss 1.9965 — flat by design)
[ train_imf ] step 509200  raw_mse_u 15.5874  raw_mse_v 13.2341  a0 0.21796  gnorm 39.88  (adaptive loss 1.9970 — flat by design)
[ train_imf ] step 509400  raw_mse_u 9.4506  raw_mse_v 8.3883  a0 0.08919  gnorm 29.94  (adaptive loss 1.9963 — flat by design)
[ train_imf ] step 509600  raw_mse_u 20.7278  raw_mse_v 15.3739  a0 0.72401  gnorm 30.90  (adaptive loss 1.9976 — flat by design)
[ train_imf ] step 509800  raw_mse_u 58.7027  raw_mse_v 11.4016  a0 1.07852  gnorm 26.63  (adaptive loss 1.9969 — flat by design)
[ train_imf ] step 510000  raw_mse_u 14.9555  raw_mse_v 9.9756  a0 0.26618  gnorm 24.29  (adaptive loss 1.9964 — flat by design)
[ train_imf ] step 510200  raw_mse_u 17.3987  raw_mse_v 12.3349  a0 0.23112  gnorm 30.18  (adaptive loss 1.9972 — flat by design)
[ train_imf ] step 510400  raw_mse_u 17.1094  raw_mse_v 11.3176  a0 0.28276  gnorm 58.05  (adaptive loss 1.9972 — flat by design)
[ train_imf ] step 510600  raw_mse_u 12.4815  raw_mse_v 11.4952  a0 0.06892  gnorm 38.52  (adaptive loss 1.9969 — flat by design)
[ train_imf ] step 510800  raw_mse_u 54.9934  raw_mse_v 13.9406  a0 2.36298  gnorm 37.84  (adaptive loss 1.9976 — flat by design)
[ train_imf ] step 511000  raw_mse_u 16.6911  raw_mse_v 13.8553  a0 0.23161  gnorm 22.20  (adaptive loss 1.9977 — flat by design)
[ train_imf ] step 511200  raw_mse_u 16.6632  raw_mse_v 11.1967  a0 0.33929  gnorm 33.86  (adaptive loss 1.9966 — flat by design)
[ train_imf ] step 511400  raw_mse_u 32.1130  raw_mse_v 11.5679  a0 2.20714  gnorm 84.96  (adaptive loss 1.9972 — flat by design)
[ train_imf ] step 511600  raw_mse_u 15.6128  raw_mse_v 9.5930  a0 0.19375  gnorm 39.90  (adaptive loss 1.9967 — flat by design)
[ train_imf ] step 511800  raw_mse_u 14.1450  raw_mse_v 11.4090  a0 0.31743  gnorm 29.30  (adaptive loss 1.9973 — flat by design)
[ train_imf ] step 512000  raw_mse_u 16.6013  raw_mse_v 12.3528  a0 0.53760  gnorm 51.09  (adaptive loss 1.9966 — flat by design)
[ train_imf ] step 512200  raw_mse_u 11.4261  raw_mse_v 9.8975  a0 0.12647  gnorm 42.10  (adaptive loss 1.9962 — flat by design)
[ train_imf ] step 512400  raw_mse_u 11.1149  raw_mse_v 9.6881  a0 0.18667  gnorm 27.40  (adaptive loss 1.9965 — flat by design)
[ train_imf ] step 512600  raw_mse_u 15.3669  raw_mse_v 11.6328  a0 0.21525  gnorm 35.08  (adaptive loss 1.9970 — flat by design)
[ train_imf ] step 512800  raw_mse_u 17.6727  raw_mse_v 12.8135  a0 0.91974  gnorm 36.06  (adaptive loss 1.9975 — flat by design)
[ train_imf ] step 513000  raw_mse_u 16.8754  raw_mse_v 11.5941  a0 0.15933  gnorm 43.53  (adaptive loss 1.9965 — flat by design)
[ train_imf ] step 513200  raw_mse_u 12.1727  raw_mse_v 10.0280  a0 0.22535  gnorm 33.94  (adaptive loss 1.9960 — flat by design)
[ train_imf ] step 513400  raw_mse_u 10.7992  raw_mse_v 10.0124  a0 0.07334  gnorm 31.07  (adaptive loss 1.9963 — flat by design)
[ train_imf ] step 513600  raw_mse_u 12.2160  raw_mse_v 8.7078  a0 0.21172  gnorm 42.18  (adaptive loss 1.9971 — flat by design)
[ train_imf ] step 513800  raw_mse_u 18.4236  raw_mse_v 10.7081  a0 0.47714  gnorm 18.33  (adaptive loss 1.9970 — flat by design)
[ train_imf ] step 514000  raw_mse_u 13.8457  raw_mse_v 11.6271  a0 0.28244  gnorm 51.83  (adaptive loss 1.9971 — flat by design)
[ train_imf ] step 514200  raw_mse_u 12.0183  raw_mse_v 9.5620  a0 0.19715  gnorm 36.20  (adaptive loss 1.9971 — flat by design)
[ train_imf ] step 514400  raw_mse_u 12.4168  raw_mse_v 11.3424  a0 0.20715  gnorm 35.82  (adaptive loss 1.9961 — flat by design)
[ train_imf ] step 514600  raw_mse_u 25.3595  raw_mse_v 15.5588  a0 0.62057  gnorm 92.55  (adaptive loss 1.9967 — flat by design)
[ train_imf ] step 514800  raw_mse_u 14.5131  raw_mse_v 12.8018  a0 0.25051  gnorm 32.86  (adaptive loss 1.9967 — flat by design)
[ train_imf ] step 515000  raw_mse_u 12.0735  raw_mse_v 9.6731  a0 0.13917  gnorm 24.87  (adaptive loss 1.9970 — flat by design)
[ train_imf ] step 515200  raw_mse_u 13.3667  raw_mse_v 11.9120  a0 0.18122  gnorm 25.46  (adaptive loss 1.9975 — flat by design)
[ train_imf ] step 515400  raw_mse_u 9.8723  raw_mse_v 8.5576  a0 0.10664  gnorm 24.19  (adaptive loss 1.9964 — flat by design)
[ train_imf ] step 515600  raw_mse_u 15.9939  raw_mse_v 8.7339  a0 0.30004  gnorm 30.35  (adaptive loss 1.9966 — flat by design)
[ train_imf ] step 515800  raw_mse_u 16.0541  raw_mse_v 10.5507  a0 0.12930  gnorm 34.36  (adaptive loss 1.9962 — flat by design)
[ train_imf ] step 516000  raw_mse_u 12.6958  raw_mse_v 10.4770  a0 0.08818  gnorm 48.32  (adaptive loss 1.9972 — flat by design)
[ train_imf ] step 516200  raw_mse_u 11.4144  raw_mse_v 9.0543  a0 0.18675  gnorm 27.95  (adaptive loss 1.9972 — flat by design)
[ train_imf ] step 516400  raw_mse_u 23.7029  raw_mse_v 11.1865  a0 0.31099  gnorm 30.46  (adaptive loss 1.9974 — flat by design)
[ train_imf ] step 516600  raw_mse_u 10.7234  raw_mse_v 7.4146  a0 0.08500  gnorm 42.57  (adaptive loss 1.9965 — flat by design)
[ train_imf ] step 516800  raw_mse_u 13.2267  raw_mse_v 8.7555  a0 0.23892  gnorm 33.41  (adaptive loss 1.9962 — flat by design)
[ train_imf ] step 517000  raw_mse_u 11.3361  raw_mse_v 10.8447  a0 0.14672  gnorm 44.21  (adaptive loss 1.9963 — flat by design)
[ train_imf ] step 517200  raw_mse_u 15.0630  raw_mse_v 11.7646  a0 0.49632  gnorm 42.43  (adaptive loss 1.9959 — flat by design)
[ train_imf ] step 517400  raw_mse_u 12.5216  raw_mse_v 8.2478  a0 0.09933  gnorm 60.24  (adaptive loss 1.9956 — flat by design)
[ train_imf ] step 517600  raw_mse_u 11.0513  raw_mse_v 10.4727  a0 0.20955  gnorm 36.68  (adaptive loss 1.9972 — flat by design)
[ train_imf ] step 517800  raw_mse_u 18.4777  raw_mse_v 9.8298  a0 0.34936  gnorm 36.31  (adaptive loss 1.9971 — flat by design)
[ train_imf ] step 518000  raw_mse_u 63.8581  raw_mse_v 8.6075  a0 3.63589  gnorm 28.24  (adaptive loss 1.9967 — flat by design)
[ train_imf ] step 518200  raw_mse_u 17.3022  raw_mse_v 12.9272  a0 0.20961  gnorm 53.56  (adaptive loss 1.9966 — flat by design)
[ train_imf ] step 518400  raw_mse_u 11.7729  raw_mse_v 9.7386  a0 0.18493  gnorm 55.49  (adaptive loss 1.9958 — flat by design)
[ train_imf ] step 518600  raw_mse_u 27.9143  raw_mse_v 12.6609  a0 0.34125  gnorm 35.74  (adaptive loss 1.9975 — flat by design)
[ train_imf ] step 518800  raw_mse_u 13.7152  raw_mse_v 11.2537  a0 0.17669  gnorm 32.11  (adaptive loss 1.9960 — flat by design)
[ train_imf ] step 519000  raw_mse_u 29.8233  raw_mse_v 12.1839  a0 1.61968  gnorm 55.11  (adaptive loss 1.9962 — flat by design)
[ train_imf ] step 519200  raw_mse_u 14.1122  raw_mse_v 12.7056  a0 0.18920  gnorm 21.73  (adaptive loss 1.9977 — flat by design)
[ train_imf ] step 519400  raw_mse_u 8.6100  raw_mse_v 7.3051  a0 0.18901  gnorm 36.14  (adaptive loss 1.9958 — flat by design)
[ train_imf ] step 519600  raw_mse_u 18.2133  raw_mse_v 12.2028  a0 0.49169  gnorm 62.63  (adaptive loss 1.9962 — flat by design)
[ train_imf ] step 519800  raw_mse_u 13.3696  raw_mse_v 10.6916  a0 0.26416  gnorm 25.76  (adaptive loss 1.9970 — flat by design)
[ train_imf ] step 520000  raw_mse_u 13.0149  raw_mse_v 11.5127  a0 0.32955  gnorm 31.55  (adaptive loss 1.9966 — flat by design)
[ train_imf ] step 520200  raw_mse_u 24.6279  raw_mse_v 19.9517  a0 0.50907  gnorm 28.23  (adaptive loss 1.9971 — flat by design)
[ train_imf ] step 520400  raw_mse_u 17.7815  raw_mse_v 13.9098  a0 0.41223  gnorm 21.26  (adaptive loss 1.9977 — flat by design)
[ train_imf ] step 520600  raw_mse_u 20.8691  raw_mse_v 14.8769  a0 0.40766  gnorm 32.84  (adaptive loss 1.9976 — flat by design)
[ train_imf ] step 520800  raw_mse_u 29.7054  raw_mse_v 9.4843  a0 1.17226  gnorm 35.74  (adaptive loss 1.9962 — flat by design)
[ train_imf ] step 521000  raw_mse_u 12.5193  raw_mse_v 12.3118  a0 0.28334  gnorm 23.21  (adaptive loss 1.9966 — flat by design)
[ train_imf ] step 521200  raw_mse_u 14.6256  raw_mse_v 12.5980  a0 0.17616  gnorm 25.91  (adaptive loss 1.9971 — flat by design)
[ train_imf ] step 521400  raw_mse_u 10.8464  raw_mse_v 8.2845  a0 0.26012  gnorm 38.79  (adaptive loss 1.9965 — flat by design)
[ train_imf ] step 521600  raw_mse_u 13.7361  raw_mse_v 11.1750  a0 0.15967  gnorm 61.97  (adaptive loss 1.9964 — flat by design)
[ train_imf ] step 521800  raw_mse_u 16.5259  raw_mse_v 13.8995  a0 0.35560  gnorm 30.81  (adaptive loss 1.9972 — flat by design)
[ train_imf ] step 522000  raw_mse_u 11.0425  raw_mse_v 10.6904  a0 0.10256  gnorm 31.53  (adaptive loss 1.9968 — flat by design)
[ train_imf ] step 522200  raw_mse_u 15.5595  raw_mse_v 11.9676  a0 0.28184  gnorm 29.72  (adaptive loss 1.9970 — flat by design)
[ train_imf ] step 522400  raw_mse_u 16.9218  raw_mse_v 12.9530  a0 0.44534  gnorm 49.13  (adaptive loss 1.9968 — flat by design)
[ train_imf ] step 522600  raw_mse_u 10.6833  raw_mse_v 8.7443  a0 0.18168  gnorm 26.62  (adaptive loss 1.9966 — flat by design)
[ train_imf ] step 522800  raw_mse_u 66.6652  raw_mse_v 11.3812  a0 1.24583  gnorm 44.18  (adaptive loss 1.9971 — flat by design)
[ train_imf ] step 523000  raw_mse_u 14.9719  raw_mse_v 11.8122  a0 0.29856  gnorm 41.40  (adaptive loss 1.9965 — flat by design)
[ train_imf ] step 523200  raw_mse_u 27.1288  raw_mse_v 12.4526  a0 0.33204  gnorm 48.99  (adaptive loss 1.9973 — flat by design)
[ train_imf ] step 523400  raw_mse_u 13.3937  raw_mse_v 8.7274  a0 0.23875  gnorm 38.56  (adaptive loss 1.9970 — flat by design)
[ train_imf ] step 523600  raw_mse_u 9.8939  raw_mse_v 9.4926  a0 0.20340  gnorm 26.10  (adaptive loss 1.9969 — flat by design)
[ train_imf ] step 523800  raw_mse_u 11.1992  raw_mse_v 10.8814  a0 0.09661  gnorm 31.11  (adaptive loss 1.9963 — flat by design)
[ train_imf ] step 524000  raw_mse_u 10.6404  raw_mse_v 8.3066  a0 0.20011  gnorm 48.71  (adaptive loss 1.9952 — flat by design)
[ train_imf ] step 524200  raw_mse_u 12.6721  raw_mse_v 9.4259  a0 0.19616  gnorm 32.21  (adaptive loss 1.9970 — flat by design)
[ train_imf ] step 524400  raw_mse_u 11.3277  raw_mse_v 10.9240  a0 0.32454  gnorm 46.19  (adaptive loss 1.9975 — flat by design)
[ train_imf ] step 524600  raw_mse_u 26.6172  raw_mse_v 11.0231  a0 0.50446  gnorm 28.41  (adaptive loss 1.9970 — flat by design)
[ train_imf ] step 524800  raw_mse_u 11.0763  raw_mse_v 9.7805  a0 0.04275  gnorm 27.21  (adaptive loss 1.9971 — flat by design)
[ train_imf ] step 525000  raw_mse_u 13.3745  raw_mse_v 11.0894  a0 0.12433  gnorm 21.88  (adaptive loss 1.9973 — flat by design)
[ train_imf ] step 525200  raw_mse_u 16.7704  raw_mse_v 13.3135  a0 0.41265  gnorm 34.86  (adaptive loss 1.9974 — flat by design)
[ train_imf ] step 525400  raw_mse_u 12.8430  raw_mse_v 11.5294  a0 0.25096  gnorm 48.89  (adaptive loss 1.9968 — flat by design)
[ train_imf ] step 525600  raw_mse_u 200.9063  raw_mse_v 11.2177  a0 0.29856  gnorm 30.05  (adaptive loss 1.9970 — flat by design)
[ train_imf ] step 525800  raw_mse_u 23.6487  raw_mse_v 10.6235  a0 0.38364  gnorm 31.07  (adaptive loss 1.9963 — flat by design)
[ train_imf ] step 526000  raw_mse_u 13.5565  raw_mse_v 9.1447  a0 0.13132  gnorm 38.38  (adaptive loss 1.9969 — flat by design)
[ train_imf ] step 526200  raw_mse_u 9.2047  raw_mse_v 8.2747  a0 0.19025  gnorm 42.18  (adaptive loss 1.9971 — flat by design)
[ train_imf ] step 526400  raw_mse_u 31.4453  raw_mse_v 9.9618  a0 0.28684  gnorm 42.36  (adaptive loss 1.9972 — flat by design)
[ train_imf ] step 526600  raw_mse_u 17.4539  raw_mse_v 12.1646  a0 0.71012  gnorm 28.22  (adaptive loss 1.9971 — flat by design)
[ train_imf ] step 526800  raw_mse_u 119.4807  raw_mse_v 10.4055  a0 8.08259  gnorm 42.26  (adaptive loss 1.9965 — flat by design)
[ train_imf ] step 527000  raw_mse_u 12.7806  raw_mse_v 12.5443  a0 0.18063  gnorm 31.12  (adaptive loss 1.9965 — flat by design)
[ train_imf ] step 527200  raw_mse_u 12.6350  raw_mse_v 11.1172  a0 0.20168  gnorm 42.96  (adaptive loss 1.9971 — flat by design)
[ train_imf ] step 527400  raw_mse_u 20.9891  raw_mse_v 18.7165  a0 0.67393  gnorm 27.05  (adaptive loss 1.9975 — flat by design)
[ train_imf ] step 527600  raw_mse_u 13.5321  raw_mse_v 9.6235  a0 0.29458  gnorm 27.07  (adaptive loss 1.9963 — flat by design)
[ train_imf ] step 527800  raw_mse_u 13.3208  raw_mse_v 11.9591  a0 0.51513  gnorm 26.00  (adaptive loss 1.9968 — flat by design)
[ train_imf ] step 528000  raw_mse_u 14.8512  raw_mse_v 13.6327  a0 0.19882  gnorm 24.83  (adaptive loss 1.9967 — flat by design)
[ train_imf ] step 528200  raw_mse_u 34.9990  raw_mse_v 12.4235  a0 0.27953  gnorm 36.96  (adaptive loss 1.9974 — flat by design)
[ train_imf ] step 528400  raw_mse_u 18.2431  raw_mse_v 9.7814  a0 0.47164  gnorm 68.82  (adaptive loss 1.9965 — flat by design)
[ train_imf ] step 528600  raw_mse_u 11.7186  raw_mse_v 9.2666  a0 0.50225  gnorm 26.90  (adaptive loss 1.9968 — flat by design)
[ train_imf ] step 528800  raw_mse_u 112.4202  raw_mse_v 18.3257  a0 2.77041  gnorm 37.01  (adaptive loss 1.9973 — flat by design)
[ train_imf ] step 529000  raw_mse_u 21.2458  raw_mse_v 12.1941  a0 0.45505  gnorm 34.87  (adaptive loss 1.9965 — flat by design)
[ train_imf ] step 529200  raw_mse_u 12.4135  raw_mse_v 8.7457  a0 0.25586  gnorm 24.60  (adaptive loss 1.9967 — flat by design)
[ train_imf ] step 529400  raw_mse_u 11.6957  raw_mse_v 10.7059  a0 0.17538  gnorm 100.07  (adaptive loss 1.9969 — flat by design)
[ train_imf ] step 529600  raw_mse_u 29.3994  raw_mse_v 7.8446  a0 0.68548  gnorm 29.25  (adaptive loss 1.9960 — flat by design)
[ train_imf ] step 529800  raw_mse_u 11.3728  raw_mse_v 10.4317  a0 0.14740  gnorm 49.83  (adaptive loss 1.9969 — flat by design)
[ train_imf ] step 530000  raw_mse_u 10.0453  raw_mse_v 9.0771  a0 0.20979  gnorm 41.04  (adaptive loss 1.9954 — flat by design)
[ train_imf ] step 530200  raw_mse_u 14.0542  raw_mse_v 10.5875  a0 0.52120  gnorm 58.58  (adaptive loss 1.9964 — flat by design)
[ train_imf ] step 530400  raw_mse_u 27.0947  raw_mse_v 12.6265  a0 0.61935  gnorm 31.31  (adaptive loss 1.9965 — flat by design)
[ train_imf ] step 530600  raw_mse_u 20.3793  raw_mse_v 9.5887  a0 0.26767  gnorm 39.30  (adaptive loss 1.9962 — flat by design)
[ train_imf ] step 530800  raw_mse_u 13.6388  raw_mse_v 12.0132  a0 0.19975  gnorm 28.92  (adaptive loss 1.9971 — flat by design)
[ train_imf ] step 531000  raw_mse_u 12.4079  raw_mse_v 10.1128  a0 0.16046  gnorm 25.76  (adaptive loss 1.9966 — flat by design)
[ train_imf ] step 531200  raw_mse_u 39.5812  raw_mse_v 11.5122  a0 0.44435  gnorm 42.54  (adaptive loss 1.9967 — flat by design)
[ train_imf ] step 531400  raw_mse_u 13.5301  raw_mse_v 13.3651  a0 0.35875  gnorm 39.67  (adaptive loss 1.9977 — flat by design)
[ train_imf ] step 531600  raw_mse_u 68.1154  raw_mse_v 9.2994  a0 1.13428  gnorm 25.25  (adaptive loss 1.9971 — flat by design)
[ train_imf ] step 531800  raw_mse_u 15.0479  raw_mse_v 13.8881  a0 0.24603  gnorm 29.58  (adaptive loss 1.9972 — flat by design)
[ train_imf ] step 532000  raw_mse_u 12.4469  raw_mse_v 10.2727  a0 0.24894  gnorm 40.07  (adaptive loss 1.9968 — flat by design)
[ train_imf ] step 532200  raw_mse_u 71.9474  raw_mse_v 11.7147  a0 5.51028  gnorm 103.90  (adaptive loss 1.9965 — flat by design)
[ train_imf ] step 532400  raw_mse_u 9.5912  raw_mse_v 8.9337  a0 0.08409  gnorm 30.03  (adaptive loss 1.9961 — flat by design)
[ train_imf ] step 532600  raw_mse_u 25.6993  raw_mse_v 16.5930  a0 0.47236  gnorm 43.13  (adaptive loss 1.9976 — flat by design)
[ train_imf ] step 532800  raw_mse_u 10.0051  raw_mse_v 8.4729  a0 0.17217  gnorm 44.78  (adaptive loss 1.9967 — flat by design)
[ train_imf ] step 533000  raw_mse_u 13.5424  raw_mse_v 11.0900  a0 0.28720  gnorm 25.79  (adaptive loss 1.9965 — flat by design)
[ train_imf ] step 533200  raw_mse_u 13.3365  raw_mse_v 10.8467  a0 0.29692  gnorm 63.78  (adaptive loss 1.9962 — flat by design)
[ train_imf ] step 533400  raw_mse_u 16.4000  raw_mse_v 7.7882  a0 0.30462  gnorm 30.77  (adaptive loss 1.9960 — flat by design)
[ train_imf ] step 533600  raw_mse_u 64.9842  raw_mse_v 14.1313  a0 1.07193  gnorm 30.90  (adaptive loss 1.9975 — flat by design)
[ train_imf ] step 533800  raw_mse_u 9.2298  raw_mse_v 8.0959  a0 0.12839  gnorm 36.35  (adaptive loss 1.9969 — flat by design)
[ train_imf ] step 534000  raw_mse_u 105.3479  raw_mse_v 13.1840  a0 0.90310  gnorm 22.05  (adaptive loss 1.9971 — flat by design)
[ train_imf ] step 534200  raw_mse_u 15.8989  raw_mse_v 13.0921  a0 0.23034  gnorm 27.53  (adaptive loss 1.9976 — flat by design)
[ train_imf ] step 534400  raw_mse_u 12.2651  raw_mse_v 11.0266  a0 0.06841  gnorm 41.73  (adaptive loss 1.9964 — flat by design)
[ train_imf ] step 534600  raw_mse_u 19.3628  raw_mse_v 13.0168  a0 0.43421  gnorm 30.42  (adaptive loss 1.9973 — flat by design)
[ train_imf ] step 534800  raw_mse_u 11.6787  raw_mse_v 8.0233  a0 0.24112  gnorm 25.64  (adaptive loss 1.9966 — flat by design)
[ train_imf ] step 535000  raw_mse_u 16.1361  raw_mse_v 14.2818  a0 0.29998  gnorm 22.60  (adaptive loss 1.9970 — flat by design)
[ train_imf ] step 535200  raw_mse_u 8.7695  raw_mse_v 8.3103  a0 0.15524  gnorm 39.58  (adaptive loss 1.9963 — flat by design)
[ train_imf ] step 535400  raw_mse_u 14.7984  raw_mse_v 14.1148  a0 0.17006  gnorm 43.79  (adaptive loss 1.9972 — flat by design)
[ train_imf ] step 535600  raw_mse_u 33.7213  raw_mse_v 11.0366  a0 0.47249  gnorm 34.45  (adaptive loss 1.9974 — flat by design)
[ train_imf ] step 535800  raw_mse_u 13.8099  raw_mse_v 12.0072  a0 0.21699  gnorm 40.73  (adaptive loss 1.9958 — flat by design)
[ train_imf ] step 536000  raw_mse_u 25.6257  raw_mse_v 10.0066  a0 0.81036  gnorm 71.83  (adaptive loss 1.9967 — flat by design)
[ train_imf ] step 536200  raw_mse_u 17.3365  raw_mse_v 13.5191  a0 0.14723  gnorm 46.46  (adaptive loss 1.9972 — flat by design)
[ train_imf ] step 536400  raw_mse_u 19.9124  raw_mse_v 15.2290  a0 0.31370  gnorm 42.33  (adaptive loss 1.9964 — flat by design)
[ train_imf ] step 536600  raw_mse_u 17.3501  raw_mse_v 12.1349  a0 0.15489  gnorm 23.90  (adaptive loss 1.9970 — flat by design)
[ train_imf ] step 536800  raw_mse_u 16.9372  raw_mse_v 9.4043  a0 0.58298  gnorm 43.00  (adaptive loss 1.9960 — flat by design)
[ train_imf ] step 537000  raw_mse_u 14.9550  raw_mse_v 12.7315  a0 0.33332  gnorm 30.25  (adaptive loss 1.9973 — flat by design)
[ train_imf ] step 537200  raw_mse_u 19.1277  raw_mse_v 12.0543  a0 0.21087  gnorm 32.72  (adaptive loss 1.9942 — flat by design)
[ train_imf ] step 537400  raw_mse_u 13.4906  raw_mse_v 12.6885  a0 0.29505  gnorm 29.50  (adaptive loss 1.9975 — flat by design)
[ train_imf ] step 537600  raw_mse_u 14.8906  raw_mse_v 12.9084  a0 0.33011  gnorm 56.24  (adaptive loss 1.9968 — flat by design)
[ train_imf ] step 537800  raw_mse_u 17.3954  raw_mse_v 8.6012  a0 0.37635  gnorm 28.29  (adaptive loss 1.9973 — flat by design)
[ train_imf ] step 538000  raw_mse_u 12.5301  raw_mse_v 10.2171  a0 0.27345  gnorm 31.20  (adaptive loss 1.9959 — flat by design)
[ train_imf ] step 538200  raw_mse_u 10.8535  raw_mse_v 10.5643  a0 0.19540  gnorm 28.83  (adaptive loss 1.9968 — flat by design)
[ train_imf ] step 538400  raw_mse_u 14.2330  raw_mse_v 11.7867  a0 0.38617  gnorm 65.19  (adaptive loss 1.9974 — flat by design)
[ train_imf ] step 538600  raw_mse_u 10.6792  raw_mse_v 9.3847  a0 0.18084  gnorm 41.58  (adaptive loss 1.9965 — flat by design)
[ train_imf ] step 538800  raw_mse_u 56.2574  raw_mse_v 8.9238  a0 1.87197  gnorm 87.59  (adaptive loss 1.9969 — flat by design)
[ train_imf ] step 539000  raw_mse_u 10.1342  raw_mse_v 6.7711  a0 0.19387  gnorm 47.33  (adaptive loss 1.9950 — flat by design)
[ train_imf ] step 539200  raw_mse_u 16.1062  raw_mse_v 9.3230  a0 0.54632  gnorm 54.12  (adaptive loss 1.9968 — flat by design)
[ train_imf ] step 539400  raw_mse_u 12.5767  raw_mse_v 8.5707  a0 0.16912  gnorm 27.69  (adaptive loss 1.9968 — flat by design)
[ train_imf ] step 539600  raw_mse_u 217.4157  raw_mse_v 9.5533  a0 0.24429  gnorm 48.12  (adaptive loss 1.9969 — flat by design)
[ train_imf ] step 539800  raw_mse_u 12.6795  raw_mse_v 10.1724  a0 0.14022  gnorm 70.40  (adaptive loss 1.9966 — flat by design)
[ train_imf ] step 540000  raw_mse_u 11.3880  raw_mse_v 11.7638  a0 0.16095  gnorm 29.94  (adaptive loss 1.9967 — flat by design)
[ train_imf ] step 540200  raw_mse_u 12.6939  raw_mse_v 10.3546  a0 0.47501  gnorm 30.05  (adaptive loss 1.9967 — flat by design)
[ train_imf ] step 540400  raw_mse_u 15.0483  raw_mse_v 12.0408  a0 0.19892  gnorm 25.54  (adaptive loss 1.9974 — flat by design)
[ train_imf ] step 540600  raw_mse_u 13.1045  raw_mse_v 11.1203  a0 0.11389  gnorm 28.78  (adaptive loss 1.9970 — flat by design)
[ train_imf ] step 540800  raw_mse_u 20.3461  raw_mse_v 11.1905  a0 0.47291  gnorm 45.86  (adaptive loss 1.9962 — flat by design)
[ train_imf ] step 541000  raw_mse_u 64.5533  raw_mse_v 15.0941  a0 2.51201  gnorm 69.86  (adaptive loss 1.9980 — flat by design)
[ train_imf ] step 541200  raw_mse_u 13.8420  raw_mse_v 11.7755  a0 0.15616  gnorm 43.84  (adaptive loss 1.9973 — flat by design)
[ train_imf ] step 541400  raw_mse_u 15.9885  raw_mse_v 10.3778  a0 0.73540  gnorm 58.33  (adaptive loss 1.9972 — flat by design)
[ train_imf ] step 541600  raw_mse_u 10.1092  raw_mse_v 8.0594  a0 0.18550  gnorm 44.16  (adaptive loss 1.9956 — flat by design)
[ train_imf ] step 541800  raw_mse_u 21.4066  raw_mse_v 10.1694  a0 0.42075  gnorm 37.52  (adaptive loss 1.9970 — flat by design)
[ train_imf ] step 542000  raw_mse_u 14.9231  raw_mse_v 11.3727  a0 0.21266  gnorm 56.75  (adaptive loss 1.9962 — flat by design)
[ train_imf ] step 542200  raw_mse_u 20.9380  raw_mse_v 16.8066  a0 0.37329  gnorm 30.51  (adaptive loss 1.9969 — flat by design)
[ train_imf ] step 542400  raw_mse_u 13.2571  raw_mse_v 8.9030  a0 0.43145  gnorm 39.37  (adaptive loss 1.9964 — flat by design)
[ train_imf ] step 542600  raw_mse_u 24.2425  raw_mse_v 14.0535  a0 0.30535  gnorm 38.98  (adaptive loss 1.9956 — flat by design)
[ train_imf ] step 542800  raw_mse_u 9.8561  raw_mse_v 8.1366  a0 0.09002  gnorm 66.27  (adaptive loss 1.9968 — flat by design)
[ train_imf ] step 543000  raw_mse_u 14.4596  raw_mse_v 10.5819  a0 0.30410  gnorm 45.66  (adaptive loss 1.9966 — flat by design)
[ train_imf ] step 543200  raw_mse_u 10.6411  raw_mse_v 8.5404  a0 0.39464  gnorm 37.93  (adaptive loss 1.9965 — flat by design)
[ train_imf ] step 543400  raw_mse_u 12.3590  raw_mse_v 11.5556  a0 0.16562  gnorm 35.03  (adaptive loss 1.9974 — flat by design)
[ train_imf ] step 543600  raw_mse_u 21.0533  raw_mse_v 14.6704  a0 0.36620  gnorm 28.77  (adaptive loss 1.9970 — flat by design)
[ train_imf ] step 543800  raw_mse_u 14.3882  raw_mse_v 12.9329  a0 0.33405  gnorm 32.12  (adaptive loss 1.9968 — flat by design)
[ train_imf ] step 544000  raw_mse_u 82.8994  raw_mse_v 8.1431  a0 0.32945  gnorm 70.82  (adaptive loss 1.9960 — flat by design)
[ train_imf ] step 544200  raw_mse_u 10.8709  raw_mse_v 9.6866  a0 0.08582  gnorm 29.43  (adaptive loss 1.9965 — flat by design)
[ train_imf ] step 544400  raw_mse_u 10.4831  raw_mse_v 7.5065  a0 0.19567  gnorm 37.95  (adaptive loss 1.9961 — flat by design)
[ train_imf ] step 544600  raw_mse_u 14.0582  raw_mse_v 11.0294  a0 0.20048  gnorm 29.16  (adaptive loss 1.9973 — flat by design)
[ train_imf ] step 544800  raw_mse_u 13.5102  raw_mse_v 12.3633  a0 0.33078  gnorm 28.37  (adaptive loss 1.9967 — flat by design)
[ train_imf ] step 545000  raw_mse_u 25.3660  raw_mse_v 10.6324  a0 1.11262  gnorm 31.90  (adaptive loss 1.9974 — flat by design)
[ train_imf ] step 545200  raw_mse_u 34.2102  raw_mse_v 11.6518  a0 0.78279  gnorm 26.32  (adaptive loss 1.9967 — flat by design)
[ train_imf ] step 545400  raw_mse_u 15.8088  raw_mse_v 10.8821  a0 0.53481  gnorm 26.94  (adaptive loss 1.9967 — flat by design)
[ train_imf ] step 545600  raw_mse_u 10.3342  raw_mse_v 9.9287  a0 0.09600  gnorm 37.07  (adaptive loss 1.9961 — flat by design)
[ train_imf ] step 545800  raw_mse_u 12.1306  raw_mse_v 9.7713  a0 0.17806  gnorm 30.36  (adaptive loss 1.9968 — flat by design)
[ train_imf ] step 546000  raw_mse_u 13.8888  raw_mse_v 11.8553  a0 0.22586  gnorm 59.90  (adaptive loss 1.9969 — flat by design)
[ train_imf ] step 546200  raw_mse_u 11.1495  raw_mse_v 9.7015  a0 0.20350  gnorm 20.10  (adaptive loss 1.9971 — flat by design)
[ train_imf ] step 546400  raw_mse_u 16.4404  raw_mse_v 9.9947  a0 0.17459  gnorm 36.63  (adaptive loss 1.9972 — flat by design)
[ train_imf ] step 546600  raw_mse_u 22.3840  raw_mse_v 10.4930  a0 0.47214  gnorm 59.32  (adaptive loss 1.9965 — flat by design)
[ train_imf ] step 546800  raw_mse_u 9.3248  raw_mse_v 8.8355  a0 0.16800  gnorm 55.25  (adaptive loss 1.9965 — flat by design)
[ train_imf ] step 547000  raw_mse_u 11.6393  raw_mse_v 10.0774  a0 0.17186  gnorm 79.56  (adaptive loss 1.9966 — flat by design)
[ train_imf ] step 547200  raw_mse_u 17.3295  raw_mse_v 13.3915  a0 0.15381  gnorm 32.19  (adaptive loss 1.9977 — flat by design)
[ train_imf ] step 547400  raw_mse_u 12.9725  raw_mse_v 11.0711  a0 0.17785  gnorm 26.22  (adaptive loss 1.9967 — flat by design)
[ train_imf ] step 547600  raw_mse_u 11.0385  raw_mse_v 9.0006  a0 0.15500  gnorm 38.27  (adaptive loss 1.9967 — flat by design)
[ train_imf ] step 547800  raw_mse_u 17.5804  raw_mse_v 13.7381  a0 0.27451  gnorm 31.84  (adaptive loss 1.9968 — flat by design)
[ train_imf ] step 548000  raw_mse_u 12.7666  raw_mse_v 10.5226  a0 0.13661  gnorm 25.64  (adaptive loss 1.9965 — flat by design)
[ train_imf ] step 548200  raw_mse_u 13.1089  raw_mse_v 9.1228  a0 0.21257  gnorm 105.19  (adaptive loss 1.9970 — flat by design)
[ train_imf ] step 548400  raw_mse_u 40.3176  raw_mse_v 14.7465  a0 0.95347  gnorm 24.96  (adaptive loss 1.9967 — flat by design)
[ train_imf ] step 548600  raw_mse_u 12.4121  raw_mse_v 7.5678  a0 0.18659  gnorm 27.92  (adaptive loss 1.9964 — flat by design)
[ train_imf ] step 548800  raw_mse_u 17.0771  raw_mse_v 13.3784  a0 0.45933  gnorm 33.85  (adaptive loss 1.9979 — flat by design)
[ train_imf ] step 549000  raw_mse_u 15.0335  raw_mse_v 15.2074  a0 0.31270  gnorm 44.33  (adaptive loss 1.9974 — flat by design)
[ train_imf ] step 549200  raw_mse_u 10.9649  raw_mse_v 9.9467  a0 0.12346  gnorm 32.90  (adaptive loss 1.9960 — flat by design)
[ train_imf ] step 549400  raw_mse_u 15.9305  raw_mse_v 9.7398  a0 0.33934  gnorm 26.94  (adaptive loss 1.9974 — flat by design)
[ train_imf ] step 549600  raw_mse_u 9.6250  raw_mse_v 8.1905  a0 0.30462  gnorm 27.20  (adaptive loss 1.9963 — flat by design)
[ train_imf ] step 549800  raw_mse_u 13.7663  raw_mse_v 9.2137  a0 0.64813  gnorm 35.76  (adaptive loss 1.9969 — flat by design)
[ train_imf ] step 550000  raw_mse_u 9.5921  raw_mse_v 9.2245  a0 0.14064  gnorm 33.16  (adaptive loss 1.9967 — flat by design)
[ train_imf ] step 550200  raw_mse_u 10.7597  raw_mse_v 8.2533  a0 0.25718  gnorm 34.96  (adaptive loss 1.9966 — flat by design)
[ train_imf ] step 550400  raw_mse_u 11.9018  raw_mse_v 11.5866  a0 0.21324  gnorm 28.24  (adaptive loss 1.9973 — flat by design)
slurmstepd-i6-gpu-1: error: *** JOB 23684 ON i6-gpu-1 CANCELLED AT 2026-07-22T21:48:15 ***
================================================================================
JOB END: Wed Jul 22 21:48:15 UTC 2026
================================================================================
