Candidate,FolderName,FullPath,seed,split,geo,geo_base,tightened,variant,metric,mean,std,min,max,n,mask,LatestSnapshot
1,d3il_baseline_ddpm_encdec_vision,/u/home/llim/FMPCC/FM-PCC/logs/d3il_visual_aligning_baseline/_DA_VA_BRIDGE_d3il_baseline/d3il_baseline_ddpm_encdec_vision,42,test,none,none,False,d3il_baseline,n_success,0.0,0.0,0.0,0.0,1080,all,20260701_013505
1,d3il_baseline_ddpm_encdec_vision,/u/home/llim/FMPCC/FM-PCC/logs/d3il_visual_aligning_baseline/_DA_VA_BRIDGE_d3il_baseline/d3il_baseline_ddpm_encdec_vision,42,test,none,none,False,d3il_baseline,n_success_and_constraints,,,,,0,all,20260701_013505
1,d3il_baseline_ddpm_encdec_vision,/u/home/llim/FMPCC/FM-PCC/logs/d3il_visual_aligning_baseline/_DA_VA_BRIDGE_d3il_baseline/d3il_baseline_ddpm_encdec_vision,42,test,none,none,False,d3il_baseline,mean_dist_per_rollout,0.40088680340144456,0.12836184156651745,0.1436148065392836,0.7099894398716304,1080,all,20260701_013505
1,d3il_baseline_ddpm_encdec_vision,/u/home/llim/FMPCC/FM-PCC/logs/d3il_visual_aligning_baseline/_DA_VA_BRIDGE_d3il_baseline/d3il_baseline_ddpm_encdec_vision,42,test,none,none,False,d3il_baseline,n_steps,400.0,0.0,400.0,400.0,1080,all,20260701_013505
1,d3il_baseline_ddpm_encdec_vision,/u/home/llim/FMPCC/FM-PCC/logs/d3il_visual_aligning_baseline/_DA_VA_BRIDGE_d3il_baseline/d3il_baseline_ddpm_encdec_vision,42,test,none,none,False,d3il_baseline,avg_time,0.022660185185185183,0.00016294316618347803,0.0224,0.0248,1080,all,20260701_013505
1,d3il_baseline_ddpm_encdec_vision,/u/home/llim/FMPCC/FM-PCC/logs/d3il_visual_aligning_baseline/_DA_VA_BRIDGE_d3il_baseline/d3il_baseline_ddpm_encdec_vision,42,test,none,none,False,d3il_baseline,avg_time_ms,22.660185185185185,0.16294316618348126,22.4,24.8,1080,all,20260701_013505
1,d3il_baseline_ddpm_encdec_vision,/u/home/llim/FMPCC/FM-PCC/logs/d3il_visual_aligning_baseline/_DA_VA_BRIDGE_d3il_baseline/d3il_baseline_ddpm_encdec_vision,42,test,none,none,False,d3il_baseline,context_box_angle_deg,-11.862369660039743,52.359129078141294,-88.82698822021484,87.37451171875,1080,all,20260701_013505
1,d3il_baseline_ddpm_encdec_vision,/u/home/llim/FMPCC/FM-PCC/logs/d3il_visual_aligning_baseline/_DA_VA_BRIDGE_d3il_baseline/d3il_baseline_ddpm_encdec_vision,42,test,none,none,False,d3il_baseline,context_box_init_xy_x,0.5175060629844666,0.053381398783099526,0.4066753685474396,0.5958543419837952,1080,all,20260701_013505
1,d3il_baseline_ddpm_encdec_vision,/u/home/llim/FMPCC/FM-PCC/logs/d3il_visual_aligning_baseline/_DA_VA_BRIDGE_d3il_baseline/d3il_baseline_ddpm_encdec_vision,42,test,none,none,False,d3il_baseline,context_box_init_xy_y,-0.16934162105123202,0.044826397398034984,-0.24846355617046356,-0.10078199952840805,1080,all,20260701_013505
1,d3il_baseline_ddpm_encdec_vision,/u/home/llim/FMPCC/FM-PCC/logs/d3il_visual_aligning_baseline/_DA_VA_BRIDGE_d3il_baseline/d3il_baseline_ddpm_encdec_vision,42,test,none,none,False,d3il_baseline,context_final_box_angle_deg,-6.515042210319115,55.57650940425262,-168.12588607389537,170.34351340715565,1080,all,20260701_013505
1,d3il_baseline_ddpm_encdec_vision,/u/home/llim/FMPCC/FM-PCC/logs/d3il_visual_aligning_baseline/_DA_VA_BRIDGE_d3il_baseline/d3il_baseline_ddpm_encdec_vision,42,test,none,none,False,d3il_baseline,context_final_box_xy_x,0.5342906819219845,0.07453358492167622,0.40603218994333007,0.7535321986026887,1080,all,20260701_013505
1,d3il_baseline_ddpm_encdec_vision,/u/home/llim/FMPCC/FM-PCC/logs/d3il_visual_aligning_baseline/_DA_VA_BRIDGE_d3il_baseline/d3il_baseline_ddpm_encdec_vision,42,test,none,none,False,d3il_baseline,context_final_box_xy_y,-0.07473267663081525,0.24004551334540855,-0.2484635455230032,0.6746891417232052,1080,all,20260701_013505
1,d3il_baseline_ddpm_encdec_vision,/u/home/llim/FMPCC/FM-PCC/logs/d3il_visual_aligning_baseline/_DA_VA_BRIDGE_d3il_baseline/d3il_baseline_ddpm_encdec_vision,42,test,none,none,False,d3il_baseline,context_final_xy_dist,0.4274111908015834,0.08023540016917413,0.02871825992493869,0.606738052205102,1080,all,20260701_013505
1,d3il_baseline_ddpm_encdec_vision,/u/home/llim/FMPCC/FM-PCC/logs/d3il_visual_aligning_baseline/_DA_VA_BRIDGE_d3il_baseline/d3il_baseline_ddpm_encdec_vision,42,test,none,none,False,d3il_baseline,context_index,29.5,17.32612549453732,0.0,59.0,1080,all,20260701_013505
1,d3il_baseline_ddpm_encdec_vision,/u/home/llim/FMPCC/FM-PCC/logs/d3il_visual_aligning_baseline/_DA_VA_BRIDGE_d3il_baseline/d3il_baseline_ddpm_encdec_vision,42,test,none,none,False,d3il_baseline,context_init_xy_dist,0.44645914286375044,0.06240893131365128,0.3294336199760437,0.6067380905151367,1080,all,20260701_013505
1,d3il_baseline_ddpm_encdec_vision,/u/home/llim/FMPCC/FM-PCC/logs/d3il_visual_aligning_baseline/_DA_VA_BRIDGE_d3il_baseline/d3il_baseline_ddpm_encdec_vision,42,test,none,none,False,d3il_baseline,context_target_angle_deg,-0.10211116522550583,50.350280212338774,-88.81660461425781,89.41377258300781,1080,all,20260701_013505
1,d3il_baseline_ddpm_encdec_vision,/u/home/llim/FMPCC/FM-PCC/logs/d3il_visual_aligning_baseline/_DA_VA_BRIDGE_d3il_baseline/d3il_baseline_ddpm_encdec_vision,42,test,none,none,False,d3il_baseline,context_target_xy_x,0.49267314225435255,0.05966591603543977,0.40010973811149597,0.5921879410743713,1080,all,20260701_013505
1,d3il_baseline_ddpm_encdec_vision,/u/home/llim/FMPCC/FM-PCC/logs/d3il_visual_aligning_baseline/_DA_VA_BRIDGE_d3il_baseline/d3il_baseline_ddpm_encdec_vision,42,test,none,none,False,d3il_baseline,context_target_xy_y,0.2693596601486206,0.041875530016227264,0.20338557660579681,0.34286341071128845,1080,all,20260701_013505
1,d3il_baseline_ddpm_encdec_vision,/u/home/llim/FMPCC/FM-PCC/logs/d3il_visual_aligning_baseline/_DA_VA_BRIDGE_d3il_baseline/d3il_baseline_ddpm_encdec_vision,42,test,none,none,False,d3il_baseline,diagnostics_found,1.0,0.0,1.0,1.0,1080,all,20260701_013505
1,d3il_baseline_ddpm_encdec_vision,/u/home/llim/FMPCC/FM-PCC/logs/d3il_visual_aligning_baseline/_DA_VA_BRIDGE_d3il_baseline/d3il_baseline_ddpm_encdec_vision,42,test,none,none,False,d3il_baseline,frozen,0.0,0.0,0.0,0.0,1080,all,20260701_013505
1,d3il_baseline_ddpm_encdec_vision,/u/home/llim/FMPCC/FM-PCC/logs/d3il_visual_aligning_baseline/_DA_VA_BRIDGE_d3il_baseline/d3il_baseline_ddpm_encdec_vision,42,test,none,none,False,d3il_baseline,frozen_worst_overlap_m,,,,,0,all,20260701_013505
1,d3il_baseline_ddpm_encdec_vision,/u/home/llim/FMPCC/FM-PCC/logs/d3il_visual_aligning_baseline/_DA_VA_BRIDGE_d3il_baseline/d3il_baseline_ddpm_encdec_vision,42,test,none,none,False,d3il_baseline,mode_encoding,0.8953703703703704,0.30621739576302387,0.0,1.0,1080,all,20260701_013505
1,d3il_baseline_ddpm_encdec_vision,/u/home/llim/FMPCC/FM-PCC/logs/d3il_visual_aligning_baseline/_DA_VA_BRIDGE_d3il_baseline/d3il_baseline_ddpm_encdec_vision,42,test,none,none,False,d3il_baseline,success_strict,0.0,0.0,0.0,0.0,1080,all,20260701_013505
1,d3il_baseline_ddpm_encdec_vision,/u/home/llim/FMPCC/FM-PCC/logs/d3il_visual_aligning_baseline/_DA_VA_BRIDGE_d3il_baseline/d3il_baseline_ddpm_encdec_vision,42,test,none,none,False,d3il_baseline,total_violations,,,,,0,all,20260701_013505
1,d3il_baseline_ddpm_encdec_vision,/u/home/llim/FMPCC/FM-PCC/logs/d3il_visual_aligning_baseline/_DA_VA_BRIDGE_d3il_baseline/d3il_baseline_ddpm_encdec_vision,42,test,none,none,False,d3il_baseline,n_success,0.0,0.0,0.0,0.0,1080,unfrozen,20260701_013505
1,d3il_baseline_ddpm_encdec_vision,/u/home/llim/FMPCC/FM-PCC/logs/d3il_visual_aligning_baseline/_DA_VA_BRIDGE_d3il_baseline/d3il_baseline_ddpm_encdec_vision,42,test,none,none,False,d3il_baseline,n_success_and_constraints,,,,,0,unfrozen,20260701_013505
1,d3il_baseline_ddpm_encdec_vision,/u/home/llim/FMPCC/FM-PCC/logs/d3il_visual_aligning_baseline/_DA_VA_BRIDGE_d3il_baseline/d3il_baseline_ddpm_encdec_vision,42,test,none,none,False,d3il_baseline,mean_dist_per_rollout,0.40088680340144456,0.12836184156651745,0.1436148065392836,0.7099894398716304,1080,unfrozen,20260701_013505
1,d3il_baseline_ddpm_encdec_vision,/u/home/llim/FMPCC/FM-PCC/logs/d3il_visual_aligning_baseline/_DA_VA_BRIDGE_d3il_baseline/d3il_baseline_ddpm_encdec_vision,42,test,none,none,False,d3il_baseline,n_steps,400.0,0.0,400.0,400.0,1080,unfrozen,20260701_013505
1,d3il_baseline_ddpm_encdec_vision,/u/home/llim/FMPCC/FM-PCC/logs/d3il_visual_aligning_baseline/_DA_VA_BRIDGE_d3il_baseline/d3il_baseline_ddpm_encdec_vision,42,test,none,none,False,d3il_baseline,avg_time,0.022660185185185183,0.00016294316618347803,0.0224,0.0248,1080,unfrozen,20260701_013505
1,d3il_baseline_ddpm_encdec_vision,/u/home/llim/FMPCC/FM-PCC/logs/d3il_visual_aligning_baseline/_DA_VA_BRIDGE_d3il_baseline/d3il_baseline_ddpm_encdec_vision,42,test,none,none,False,d3il_baseline,avg_time_ms,22.660185185185185,0.16294316618348126,22.4,24.8,1080,unfrozen,20260701_013505
1,d3il_baseline_ddpm_encdec_vision,/u/home/llim/FMPCC/FM-PCC/logs/d3il_visual_aligning_baseline/_DA_VA_BRIDGE_d3il_baseline/d3il_baseline_ddpm_encdec_vision,42,test,none,none,False,d3il_baseline,context_box_angle_deg,-11.862369660039743,52.359129078141294,-88.82698822021484,87.37451171875,1080,unfrozen,20260701_013505
1,d3il_baseline_ddpm_encdec_vision,/u/home/llim/FMPCC/FM-PCC/logs/d3il_visual_aligning_baseline/_DA_VA_BRIDGE_d3il_baseline/d3il_baseline_ddpm_encdec_vision,42,test,none,none,False,d3il_baseline,context_box_init_xy_x,0.5175060629844666,0.053381398783099526,0.4066753685474396,0.5958543419837952,1080,unfrozen,20260701_013505
1,d3il_baseline_ddpm_encdec_vision,/u/home/llim/FMPCC/FM-PCC/logs/d3il_visual_aligning_baseline/_DA_VA_BRIDGE_d3il_baseline/d3il_baseline_ddpm_encdec_vision,42,test,none,none,False,d3il_baseline,context_box_init_xy_y,-0.16934162105123202,0.044826397398034984,-0.24846355617046356,-0.10078199952840805,1080,unfrozen,20260701_013505
1,d3il_baseline_ddpm_encdec_vision,/u/home/llim/FMPCC/FM-PCC/logs/d3il_visual_aligning_baseline/_DA_VA_BRIDGE_d3il_baseline/d3il_baseline_ddpm_encdec_vision,42,test,none,none,False,d3il_baseline,context_final_box_angle_deg,-6.515042210319115,55.57650940425262,-168.12588607389537,170.34351340715565,1080,unfrozen,20260701_013505
1,d3il_baseline_ddpm_encdec_vision,/u/home/llim/FMPCC/FM-PCC/logs/d3il_visual_aligning_baseline/_DA_VA_BRIDGE_d3il_baseline/d3il_baseline_ddpm_encdec_vision,42,test,none,none,False,d3il_baseline,context_final_box_xy_x,0.5342906819219845,0.07453358492167622,0.40603218994333007,0.7535321986026887,1080,unfrozen,20260701_013505
1,d3il_baseline_ddpm_encdec_vision,/u/home/llim/FMPCC/FM-PCC/logs/d3il_visual_aligning_baseline/_DA_VA_BRIDGE_d3il_baseline/d3il_baseline_ddpm_encdec_vision,42,test,none,none,False,d3il_baseline,context_final_box_xy_y,-0.07473267663081525,0.24004551334540855,-0.2484635455230032,0.6746891417232052,1080,unfrozen,20260701_013505
1,d3il_baseline_ddpm_encdec_vision,/u/home/llim/FMPCC/FM-PCC/logs/d3il_visual_aligning_baseline/_DA_VA_BRIDGE_d3il_baseline/d3il_baseline_ddpm_encdec_vision,42,test,none,none,False,d3il_baseline,context_final_xy_dist,0.4274111908015834,0.08023540016917413,0.02871825992493869,0.606738052205102,1080,unfrozen,20260701_013505
1,d3il_baseline_ddpm_encdec_vision,/u/home/llim/FMPCC/FM-PCC/logs/d3il_visual_aligning_baseline/_DA_VA_BRIDGE_d3il_baseline/d3il_baseline_ddpm_encdec_vision,42,test,none,none,False,d3il_baseline,context_index,29.5,17.32612549453732,0.0,59.0,1080,unfrozen,20260701_013505
1,d3il_baseline_ddpm_encdec_vision,/u/home/llim/FMPCC/FM-PCC/logs/d3il_visual_aligning_baseline/_DA_VA_BRIDGE_d3il_baseline/d3il_baseline_ddpm_encdec_vision,42,test,none,none,False,d3il_baseline,context_init_xy_dist,0.44645914286375044,0.06240893131365128,0.3294336199760437,0.6067380905151367,1080,unfrozen,20260701_013505
1,d3il_baseline_ddpm_encdec_vision,/u/home/llim/FMPCC/FM-PCC/logs/d3il_visual_aligning_baseline/_DA_VA_BRIDGE_d3il_baseline/d3il_baseline_ddpm_encdec_vision,42,test,none,none,False,d3il_baseline,context_target_angle_deg,-0.10211116522550583,50.350280212338774,-88.81660461425781,89.41377258300781,1080,unfrozen,20260701_013505
1,d3il_baseline_ddpm_encdec_vision,/u/home/llim/FMPCC/FM-PCC/logs/d3il_visual_aligning_baseline/_DA_VA_BRIDGE_d3il_baseline/d3il_baseline_ddpm_encdec_vision,42,test,none,none,False,d3il_baseline,context_target_xy_x,0.49267314225435255,0.05966591603543977,0.40010973811149597,0.5921879410743713,1080,unfrozen,20260701_013505
1,d3il_baseline_ddpm_encdec_vision,/u/home/llim/FMPCC/FM-PCC/logs/d3il_visual_aligning_baseline/_DA_VA_BRIDGE_d3il_baseline/d3il_baseline_ddpm_encdec_vision,42,test,none,none,False,d3il_baseline,context_target_xy_y,0.2693596601486206,0.041875530016227264,0.20338557660579681,0.34286341071128845,1080,unfrozen,20260701_013505
1,d3il_baseline_ddpm_encdec_vision,/u/home/llim/FMPCC/FM-PCC/logs/d3il_visual_aligning_baseline/_DA_VA_BRIDGE_d3il_baseline/d3il_baseline_ddpm_encdec_vision,42,test,none,none,False,d3il_baseline,diagnostics_found,1.0,0.0,1.0,1.0,1080,unfrozen,20260701_013505
1,d3il_baseline_ddpm_encdec_vision,/u/home/llim/FMPCC/FM-PCC/logs/d3il_visual_aligning_baseline/_DA_VA_BRIDGE_d3il_baseline/d3il_baseline_ddpm_encdec_vision,42,test,none,none,False,d3il_baseline,frozen,0.0,0.0,0.0,0.0,1080,unfrozen,20260701_013505
1,d3il_baseline_ddpm_encdec_vision,/u/home/llim/FMPCC/FM-PCC/logs/d3il_visual_aligning_baseline/_DA_VA_BRIDGE_d3il_baseline/d3il_baseline_ddpm_encdec_vision,42,test,none,none,False,d3il_baseline,frozen_worst_overlap_m,,,,,0,unfrozen,20260701_013505
1,d3il_baseline_ddpm_encdec_vision,/u/home/llim/FMPCC/FM-PCC/logs/d3il_visual_aligning_baseline/_DA_VA_BRIDGE_d3il_baseline/d3il_baseline_ddpm_encdec_vision,42,test,none,none,False,d3il_baseline,mode_encoding,0.8953703703703704,0.30621739576302387,0.0,1.0,1080,unfrozen,20260701_013505
1,d3il_baseline_ddpm_encdec_vision,/u/home/llim/FMPCC/FM-PCC/logs/d3il_visual_aligning_baseline/_DA_VA_BRIDGE_d3il_baseline/d3il_baseline_ddpm_encdec_vision,42,test,none,none,False,d3il_baseline,success_strict,0.0,0.0,0.0,0.0,1080,unfrozen,20260701_013505
1,d3il_baseline_ddpm_encdec_vision,/u/home/llim/FMPCC/FM-PCC/logs/d3il_visual_aligning_baseline/_DA_VA_BRIDGE_d3il_baseline/d3il_baseline_ddpm_encdec_vision,42,test,none,none,False,d3il_baseline,total_violations,,,,,0,unfrozen,20260701_013505
2,d3il_baseline_ddpm_encdec_vision__Bf_U3,/u/home/llim/FMPCC/FM-PCC/logs/d3il_visual_aligning_baseline/_DA_VA_BRIDGE_d3il_baseline_Bf_U3/d3il_baseline_ddpm_encdec_vision__Bf_U3,0,test,none,none,False,d3il_baseline,n_success,0.0,0.0,0.0,0.0,462,all,20260620_170326
2,d3il_baseline_ddpm_encdec_vision__Bf_U3,/u/home/llim/FMPCC/FM-PCC/logs/d3il_visual_aligning_baseline/_DA_VA_BRIDGE_d3il_baseline_Bf_U3/d3il_baseline_ddpm_encdec_vision__Bf_U3,0,test,none,none,False,d3il_baseline,n_success_and_constraints,,,,,0,all,20260620_170326
2,d3il_baseline_ddpm_encdec_vision__Bf_U3,/u/home/llim/FMPCC/FM-PCC/logs/d3il_visual_aligning_baseline/_DA_VA_BRIDGE_d3il_baseline_Bf_U3/d3il_baseline_ddpm_encdec_vision__Bf_U3,0,test,none,none,False,d3il_baseline,mean_dist_per_rollout,0.4025549966039545,0.13084795886857323,0.09509832959405873,0.7111677295417209,462,all,20260620_170326
2,d3il_baseline_ddpm_encdec_vision__Bf_U3,/u/home/llim/FMPCC/FM-PCC/logs/d3il_visual_aligning_baseline/_DA_VA_BRIDGE_d3il_baseline_Bf_U3/d3il_baseline_ddpm_encdec_vision__Bf_U3,0,test,none,none,False,d3il_baseline,n_steps,400.0,0.0,400.0,400.0,462,all,20260620_170326
2,d3il_baseline_ddpm_encdec_vision__Bf_U3,/u/home/llim/FMPCC/FM-PCC/logs/d3il_visual_aligning_baseline/_DA_VA_BRIDGE_d3il_baseline_Bf_U3/d3il_baseline_ddpm_encdec_vision__Bf_U3,0,test,none,none,False,d3il_baseline,avg_time,,,,,0,all,20260620_170326
2,d3il_baseline_ddpm_encdec_vision__Bf_U3,/u/home/llim/FMPCC/FM-PCC/logs/d3il_visual_aligning_baseline/_DA_VA_BRIDGE_d3il_baseline_Bf_U3/d3il_baseline_ddpm_encdec_vision__Bf_U3,0,test,none,none,False,d3il_baseline,avg_time_ms,,,,,0,all,20260620_170326
2,d3il_baseline_ddpm_encdec_vision__Bf_U3,/u/home/llim/FMPCC/FM-PCC/logs/d3il_visual_aligning_baseline/_DA_VA_BRIDGE_d3il_baseline_Bf_U3/d3il_baseline_ddpm_encdec_vision__Bf_U3,0,test,none,none,False,d3il_baseline,context_box_angle_deg,-27.646303954062525,47.6455476464829,-88.14921569824219,87.04790496826172,462,all,20260620_170326
2,d3il_baseline_ddpm_encdec_vision__Bf_U3,/u/home/llim/FMPCC/FM-PCC/logs/d3il_visual_aligning_baseline/_DA_VA_BRIDGE_d3il_baseline_Bf_U3/d3il_baseline_ddpm_encdec_vision__Bf_U3,0,test,none,none,False,d3il_baseline,context_box_init_xy_x,0.5261693732305006,0.049086216602650945,0.40844082832336426,0.5919983983039856,462,all,20260620_170326
2,d3il_baseline_ddpm_encdec_vision__Bf_U3,/u/home/llim/FMPCC/FM-PCC/logs/d3il_visual_aligning_baseline/_DA_VA_BRIDGE_d3il_baseline_Bf_U3/d3il_baseline_ddpm_encdec_vision__Bf_U3,0,test,none,none,False,d3il_baseline,context_box_init_xy_y,-0.17267940744951174,0.046192655677628126,-0.24710826575756073,-0.10121171176433563,462,all,20260620_170326
2,d3il_baseline_ddpm_encdec_vision__Bf_U3,/u/home/llim/FMPCC/FM-PCC/logs/d3il_visual_aligning_baseline/_DA_VA_BRIDGE_d3il_baseline_Bf_U3/d3il_baseline_ddpm_encdec_vision__Bf_U3,0,test,none,none,False,d3il_baseline,context_final_box_angle_deg,-27.570696157994572,57.58382098344549,-178.42183785256816,173.5926801733528,462,all,20260620_170326
2,d3il_baseline_ddpm_encdec_vision__Bf_U3,/u/home/llim/FMPCC/FM-PCC/logs/d3il_visual_aligning_baseline/_DA_VA_BRIDGE_d3il_baseline_Bf_U3/d3il_baseline_ddpm_encdec_vision__Bf_U3,0,test,none,none,False,d3il_baseline,context_final_box_xy_x,0.5399000755528045,0.0640947006877597,0.40844082832336426,0.7902889157236039,462,all,20260620_170326
2,d3il_baseline_ddpm_encdec_vision__Bf_U3,/u/home/llim/FMPCC/FM-PCC/logs/d3il_visual_aligning_baseline/_DA_VA_BRIDGE_d3il_baseline_Bf_U3/d3il_baseline_ddpm_encdec_vision__Bf_U3,0,test,none,none,False,d3il_baseline,context_final_box_xy_y,-0.0641026367089737,0.23035849111522944,-0.24710825683590215,0.6380774097697166,462,all,20260620_170326
2,d3il_baseline_ddpm_encdec_vision__Bf_U3,/u/home/llim/FMPCC/FM-PCC/logs/d3il_visual_aligning_baseline/_DA_VA_BRIDGE_d3il_baseline_Bf_U3/d3il_baseline_ddpm_encdec_vision__Bf_U3,0,test,none,none,False,d3il_baseline,context_final_xy_dist,0.40901545502719705,0.09486185163212935,0.05270501566093002,0.5573652908601883,462,all,20260620_170326
2,d3il_baseline_ddpm_encdec_vision__Bf_U3,/u/home/llim/FMPCC/FM-PCC/logs/d3il_visual_aligning_baseline/_DA_VA_BRIDGE_d3il_baseline_Bf_U3/d3il_baseline_ddpm_encdec_vision__Bf_U3,0,test,none,none,False,d3il_baseline,context_index,12.337662337662337,7.41917031970613,0.0,25.0,462,all,20260620_170326
2,d3il_baseline_ddpm_encdec_vision__Bf_U3,/u/home/llim/FMPCC/FM-PCC/logs/d3il_visual_aligning_baseline/_DA_VA_BRIDGE_d3il_baseline_Bf_U3/d3il_baseline_ddpm_encdec_vision__Bf_U3,0,test,none,none,False,d3il_baseline,context_init_xy_dist,0.44684769348664716,0.06084306704909721,0.34468892216682434,0.5573652982711792,462,all,20260620_170326
2,d3il_baseline_ddpm_encdec_vision__Bf_U3,/u/home/llim/FMPCC/FM-PCC/logs/d3il_visual_aligning_baseline/_DA_VA_BRIDGE_d3il_baseline_Bf_U3/d3il_baseline_ddpm_encdec_vision__Bf_U3,0,test,none,none,False,d3il_baseline,context_target_angle_deg,1.2874284967199547,47.306614686021554,-86.34280395507812,72.6987075805664,462,all,20260620_170326
2,d3il_baseline_ddpm_encdec_vision__Bf_U3,/u/home/llim/FMPCC/FM-PCC/logs/d3il_visual_aligning_baseline/_DA_VA_BRIDGE_d3il_baseline_Bf_U3/d3il_baseline_ddpm_encdec_vision__Bf_U3,0,test,none,none,False,d3il_baseline,context_target_xy_x,0.48558791891320957,0.0532825218791653,0.4179592430591583,0.5885487198829651,462,all,20260620_170326
2,d3il_baseline_ddpm_encdec_vision__Bf_U3,/u/home/llim/FMPCC/FM-PCC/logs/d3il_visual_aligning_baseline/_DA_VA_BRIDGE_d3il_baseline_Bf_U3/d3il_baseline_ddpm_encdec_vision__Bf_U3,0,test,none,none,False,d3il_baseline,context_target_xy_y,0.2658326447784127,0.03734853637497293,0.20338557660579681,0.33333876729011536,462,all,20260620_170326
2,d3il_baseline_ddpm_encdec_vision__Bf_U3,/u/home/llim/FMPCC/FM-PCC/logs/d3il_visual_aligning_baseline/_DA_VA_BRIDGE_d3il_baseline_Bf_U3/d3il_baseline_ddpm_encdec_vision__Bf_U3,0,test,none,none,False,d3il_baseline,diagnostics_found,1.0,0.0,1.0,1.0,462,all,20260620_170326
2,d3il_baseline_ddpm_encdec_vision__Bf_U3,/u/home/llim/FMPCC/FM-PCC/logs/d3il_visual_aligning_baseline/_DA_VA_BRIDGE_d3il_baseline_Bf_U3/d3il_baseline_ddpm_encdec_vision__Bf_U3,0,test,none,none,False,d3il_baseline,frozen,0.0,0.0,0.0,0.0,462,all,20260620_170326
2,d3il_baseline_ddpm_encdec_vision__Bf_U3,/u/home/llim/FMPCC/FM-PCC/logs/d3il_visual_aligning_baseline/_DA_VA_BRIDGE_d3il_baseline_Bf_U3/d3il_baseline_ddpm_encdec_vision__Bf_U3,0,test,none,none,False,d3il_baseline,frozen_worst_overlap_m,,,,,0,all,20260620_170326
2,d3il_baseline_ddpm_encdec_vision__Bf_U3,/u/home/llim/FMPCC/FM-PCC/logs/d3il_visual_aligning_baseline/_DA_VA_BRIDGE_d3il_baseline_Bf_U3/d3il_baseline_ddpm_encdec_vision__Bf_U3,0,test,none,none,False,d3il_baseline,mode_encoding,0.8679653679653679,0.3388953838982194,0.0,1.0,462,all,20260620_170326
2,d3il_baseline_ddpm_encdec_vision__Bf_U3,/u/home/llim/FMPCC/FM-PCC/logs/d3il_visual_aligning_baseline/_DA_VA_BRIDGE_d3il_baseline_Bf_U3/d3il_baseline_ddpm_encdec_vision__Bf_U3,0,test,none,none,False,d3il_baseline,success_strict,0.0,0.0,0.0,0.0,462,all,20260620_170326
2,d3il_baseline_ddpm_encdec_vision__Bf_U3,/u/home/llim/FMPCC/FM-PCC/logs/d3il_visual_aligning_baseline/_DA_VA_BRIDGE_d3il_baseline_Bf_U3/d3il_baseline_ddpm_encdec_vision__Bf_U3,0,test,none,none,False,d3il_baseline,total_violations,,,,,0,all,20260620_170326
2,d3il_baseline_ddpm_encdec_vision__Bf_U3,/u/home/llim/FMPCC/FM-PCC/logs/d3il_visual_aligning_baseline/_DA_VA_BRIDGE_d3il_baseline_Bf_U3/d3il_baseline_ddpm_encdec_vision__Bf_U3,0,test,none,none,False,d3il_baseline,n_success,0.0,0.0,0.0,0.0,462,unfrozen,20260620_170326
2,d3il_baseline_ddpm_encdec_vision__Bf_U3,/u/home/llim/FMPCC/FM-PCC/logs/d3il_visual_aligning_baseline/_DA_VA_BRIDGE_d3il_baseline_Bf_U3/d3il_baseline_ddpm_encdec_vision__Bf_U3,0,test,none,none,False,d3il_baseline,n_success_and_constraints,,,,,0,unfrozen,20260620_170326
2,d3il_baseline_ddpm_encdec_vision__Bf_U3,/u/home/llim/FMPCC/FM-PCC/logs/d3il_visual_aligning_baseline/_DA_VA_BRIDGE_d3il_baseline_Bf_U3/d3il_baseline_ddpm_encdec_vision__Bf_U3,0,test,none,none,False,d3il_baseline,mean_dist_per_rollout,0.4025549966039545,0.13084795886857323,0.09509832959405873,0.7111677295417209,462,unfrozen,20260620_170326
2,d3il_baseline_ddpm_encdec_vision__Bf_U3,/u/home/llim/FMPCC/FM-PCC/logs/d3il_visual_aligning_baseline/_DA_VA_BRIDGE_d3il_baseline_Bf_U3/d3il_baseline_ddpm_encdec_vision__Bf_U3,0,test,none,none,False,d3il_baseline,n_steps,400.0,0.0,400.0,400.0,462,unfrozen,20260620_170326
2,d3il_baseline_ddpm_encdec_vision__Bf_U3,/u/home/llim/FMPCC/FM-PCC/logs/d3il_visual_aligning_baseline/_DA_VA_BRIDGE_d3il_baseline_Bf_U3/d3il_baseline_ddpm_encdec_vision__Bf_U3,0,test,none,none,False,d3il_baseline,avg_time,,,,,0,unfrozen,20260620_170326
2,d3il_baseline_ddpm_encdec_vision__Bf_U3,/u/home/llim/FMPCC/FM-PCC/logs/d3il_visual_aligning_baseline/_DA_VA_BRIDGE_d3il_baseline_Bf_U3/d3il_baseline_ddpm_encdec_vision__Bf_U3,0,test,none,none,False,d3il_baseline,avg_time_ms,,,,,0,unfrozen,20260620_170326
2,d3il_baseline_ddpm_encdec_vision__Bf_U3,/u/home/llim/FMPCC/FM-PCC/logs/d3il_visual_aligning_baseline/_DA_VA_BRIDGE_d3il_baseline_Bf_U3/d3il_baseline_ddpm_encdec_vision__Bf_U3,0,test,none,none,False,d3il_baseline,context_box_angle_deg,-27.646303954062525,47.6455476464829,-88.14921569824219,87.04790496826172,462,unfrozen,20260620_170326
2,d3il_baseline_ddpm_encdec_vision__Bf_U3,/u/home/llim/FMPCC/FM-PCC/logs/d3il_visual_aligning_baseline/_DA_VA_BRIDGE_d3il_baseline_Bf_U3/d3il_baseline_ddpm_encdec_vision__Bf_U3,0,test,none,none,False,d3il_baseline,context_box_init_xy_x,0.5261693732305006,0.049086216602650945,0.40844082832336426,0.5919983983039856,462,unfrozen,20260620_170326
2,d3il_baseline_ddpm_encdec_vision__Bf_U3,/u/home/llim/FMPCC/FM-PCC/logs/d3il_visual_aligning_baseline/_DA_VA_BRIDGE_d3il_baseline_Bf_U3/d3il_baseline_ddpm_encdec_vision__Bf_U3,0,test,none,none,False,d3il_baseline,context_box_init_xy_y,-0.17267940744951174,0.046192655677628126,-0.24710826575756073,-0.10121171176433563,462,unfrozen,20260620_170326
2,d3il_baseline_ddpm_encdec_vision__Bf_U3,/u/home/llim/FMPCC/FM-PCC/logs/d3il_visual_aligning_baseline/_DA_VA_BRIDGE_d3il_baseline_Bf_U3/d3il_baseline_ddpm_encdec_vision__Bf_U3,0,test,none,none,False,d3il_baseline,context_final_box_angle_deg,-27.570696157994572,57.58382098344549,-178.42183785256816,173.5926801733528,462,unfrozen,20260620_170326
2,d3il_baseline_ddpm_encdec_vision__Bf_U3,/u/home/llim/FMPCC/FM-PCC/logs/d3il_visual_aligning_baseline/_DA_VA_BRIDGE_d3il_baseline_Bf_U3/d3il_baseline_ddpm_encdec_vision__Bf_U3,0,test,none,none,False,d3il_baseline,context_final_box_xy_x,0.5399000755528045,0.0640947006877597,0.40844082832336426,0.7902889157236039,462,unfrozen,20260620_170326
2,d3il_baseline_ddpm_encdec_vision__Bf_U3,/u/home/llim/FMPCC/FM-PCC/logs/d3il_visual_aligning_baseline/_DA_VA_BRIDGE_d3il_baseline_Bf_U3/d3il_baseline_ddpm_encdec_vision__Bf_U3,0,test,none,none,False,d3il_baseline,context_final_box_xy_y,-0.0641026367089737,0.23035849111522944,-0.24710825683590215,0.6380774097697166,462,unfrozen,20260620_170326
2,d3il_baseline_ddpm_encdec_vision__Bf_U3,/u/home/llim/FMPCC/FM-PCC/logs/d3il_visual_aligning_baseline/_DA_VA_BRIDGE_d3il_baseline_Bf_U3/d3il_baseline_ddpm_encdec_vision__Bf_U3,0,test,none,none,False,d3il_baseline,context_final_xy_dist,0.40901545502719705,0.09486185163212935,0.05270501566093002,0.5573652908601883,462,unfrozen,20260620_170326
2,d3il_baseline_ddpm_encdec_vision__Bf_U3,/u/home/llim/FMPCC/FM-PCC/logs/d3il_visual_aligning_baseline/_DA_VA_BRIDGE_d3il_baseline_Bf_U3/d3il_baseline_ddpm_encdec_vision__Bf_U3,0,test,none,none,False,d3il_baseline,context_index,12.337662337662337,7.41917031970613,0.0,25.0,462,unfrozen,20260620_170326
2,d3il_baseline_ddpm_encdec_vision__Bf_U3,/u/home/llim/FMPCC/FM-PCC/logs/d3il_visual_aligning_baseline/_DA_VA_BRIDGE_d3il_baseline_Bf_U3/d3il_baseline_ddpm_encdec_vision__Bf_U3,0,test,none,none,False,d3il_baseline,context_init_xy_dist,0.44684769348664716,0.06084306704909721,0.34468892216682434,0.5573652982711792,462,unfrozen,20260620_170326
2,d3il_baseline_ddpm_encdec_vision__Bf_U3,/u/home/llim/FMPCC/FM-PCC/logs/d3il_visual_aligning_baseline/_DA_VA_BRIDGE_d3il_baseline_Bf_U3/d3il_baseline_ddpm_encdec_vision__Bf_U3,0,test,none,none,False,d3il_baseline,context_target_angle_deg,1.2874284967199547,47.306614686021554,-86.34280395507812,72.6987075805664,462,unfrozen,20260620_170326
2,d3il_baseline_ddpm_encdec_vision__Bf_U3,/u/home/llim/FMPCC/FM-PCC/logs/d3il_visual_aligning_baseline/_DA_VA_BRIDGE_d3il_baseline_Bf_U3/d3il_baseline_ddpm_encdec_vision__Bf_U3,0,test,none,none,False,d3il_baseline,context_target_xy_x,0.48558791891320957,0.0532825218791653,0.4179592430591583,0.5885487198829651,462,unfrozen,20260620_170326
2,d3il_baseline_ddpm_encdec_vision__Bf_U3,/u/home/llim/FMPCC/FM-PCC/logs/d3il_visual_aligning_baseline/_DA_VA_BRIDGE_d3il_baseline_Bf_U3/d3il_baseline_ddpm_encdec_vision__Bf_U3,0,test,none,none,False,d3il_baseline,context_target_xy_y,0.2658326447784127,0.03734853637497293,0.20338557660579681,0.33333876729011536,462,unfrozen,20260620_170326
2,d3il_baseline_ddpm_encdec_vision__Bf_U3,/u/home/llim/FMPCC/FM-PCC/logs/d3il_visual_aligning_baseline/_DA_VA_BRIDGE_d3il_baseline_Bf_U3/d3il_baseline_ddpm_encdec_vision__Bf_U3,0,test,none,none,False,d3il_baseline,diagnostics_found,1.0,0.0,1.0,1.0,462,unfrozen,20260620_170326
2,d3il_baseline_ddpm_encdec_vision__Bf_U3,/u/home/llim/FMPCC/FM-PCC/logs/d3il_visual_aligning_baseline/_DA_VA_BRIDGE_d3il_baseline_Bf_U3/d3il_baseline_ddpm_encdec_vision__Bf_U3,0,test,none,none,False,d3il_baseline,frozen,0.0,0.0,0.0,0.0,462,unfrozen,20260620_170326
2,d3il_baseline_ddpm_encdec_vision__Bf_U3,/u/home/llim/FMPCC/FM-PCC/logs/d3il_visual_aligning_baseline/_DA_VA_BRIDGE_d3il_baseline_Bf_U3/d3il_baseline_ddpm_encdec_vision__Bf_U3,0,test,none,none,False,d3il_baseline,frozen_worst_overlap_m,,,,,0,unfrozen,20260620_170326
2,d3il_baseline_ddpm_encdec_vision__Bf_U3,/u/home/llim/FMPCC/FM-PCC/logs/d3il_visual_aligning_baseline/_DA_VA_BRIDGE_d3il_baseline_Bf_U3/d3il_baseline_ddpm_encdec_vision__Bf_U3,0,test,none,none,False,d3il_baseline,mode_encoding,0.8679653679653679,0.3388953838982194,0.0,1.0,462,unfrozen,20260620_170326
2,d3il_baseline_ddpm_encdec_vision__Bf_U3,/u/home/llim/FMPCC/FM-PCC/logs/d3il_visual_aligning_baseline/_DA_VA_BRIDGE_d3il_baseline_Bf_U3/d3il_baseline_ddpm_encdec_vision__Bf_U3,0,test,none,none,False,d3il_baseline,success_strict,0.0,0.0,0.0,0.0,462,unfrozen,20260620_170326
2,d3il_baseline_ddpm_encdec_vision__Bf_U3,/u/home/llim/FMPCC/FM-PCC/logs/d3il_visual_aligning_baseline/_DA_VA_BRIDGE_d3il_baseline_Bf_U3/d3il_baseline_ddpm_encdec_vision__Bf_U3,0,test,none,none,False,d3il_baseline,total_violations,,,,,0,unfrozen,20260620_170326
2,d3il_baseline_ddpm_encdec_vision__Bf_U3,/u/home/llim/FMPCC/FM-PCC/logs/d3il_visual_aligning_baseline/_DA_VA_BRIDGE_d3il_baseline_Bf_U3/d3il_baseline_ddpm_encdec_vision__Bf_U3,1,test,none,none,False,d3il_baseline,n_success,0.0021141649048625794,0.0459800489871703,0.0,1.0,473,all,20260620_135000
2,d3il_baseline_ddpm_encdec_vision__Bf_U3,/u/home/llim/FMPCC/FM-PCC/logs/d3il_visual_aligning_baseline/_DA_VA_BRIDGE_d3il_baseline_Bf_U3/d3il_baseline_ddpm_encdec_vision__Bf_U3,1,test,none,none,False,d3il_baseline,n_success_and_constraints,,,,,0,all,20260620_135000
2,d3il_baseline_ddpm_encdec_vision__Bf_U3,/u/home/llim/FMPCC/FM-PCC/logs/d3il_visual_aligning_baseline/_DA_VA_BRIDGE_d3il_baseline_Bf_U3/d3il_baseline_ddpm_encdec_vision__Bf_U3,1,test,none,none,False,d3il_baseline,mean_dist_per_rollout,0.40034253691291966,0.13203785504652588,0.013209326087736204,0.8847176040453353,473,all,20260620_135000
2,d3il_baseline_ddpm_encdec_vision__Bf_U3,/u/home/llim/FMPCC/FM-PCC/logs/d3il_visual_aligning_baseline/_DA_VA_BRIDGE_d3il_baseline_Bf_U3/d3il_baseline_ddpm_encdec_vision__Bf_U3,1,test,none,none,False,d3il_baseline,n_steps,399.4989429175476,10.897271609959367,163.0,400.0,473,all,20260620_135000
2,d3il_baseline_ddpm_encdec_vision__Bf_U3,/u/home/llim/FMPCC/FM-PCC/logs/d3il_visual_aligning_baseline/_DA_VA_BRIDGE_d3il_baseline_Bf_U3/d3il_baseline_ddpm_encdec_vision__Bf_U3,1,test,none,none,False,d3il_baseline,avg_time,,,,,0,all,20260620_135000
2,d3il_baseline_ddpm_encdec_vision__Bf_U3,/u/home/llim/FMPCC/FM-PCC/logs/d3il_visual_aligning_baseline/_DA_VA_BRIDGE_d3il_baseline_Bf_U3/d3il_baseline_ddpm_encdec_vision__Bf_U3,1,test,none,none,False,d3il_baseline,avg_time_ms,,,,,0,all,20260620_135000
2,d3il_baseline_ddpm_encdec_vision__Bf_U3,/u/home/llim/FMPCC/FM-PCC/logs/d3il_visual_aligning_baseline/_DA_VA_BRIDGE_d3il_baseline_Bf_U3/d3il_baseline_ddpm_encdec_vision__Bf_U3,1,test,none,none,False,d3il_baseline,context_box_angle_deg,-28.41825883736318,47.378125221997365,-88.14921569824219,87.04790496826172,473,all,20260620_135000
2,d3il_baseline_ddpm_encdec_vision__Bf_U3,/u/home/llim/FMPCC/FM-PCC/logs/d3il_visual_aligning_baseline/_DA_VA_BRIDGE_d3il_baseline_Bf_U3/d3il_baseline_ddpm_encdec_vision__Bf_U3,1,test,none,none,False,d3il_baseline,context_box_init_xy_x,0.5263123550072281,0.04855369319104271,0.40844082832336426,0.5919983983039856,473,all,20260620_135000
2,d3il_baseline_ddpm_encdec_vision__Bf_U3,/u/home/llim/FMPCC/FM-PCC/logs/d3il_visual_aligning_baseline/_DA_VA_BRIDGE_d3il_baseline_Bf_U3/d3il_baseline_ddpm_encdec_vision__Bf_U3,1,test,none,none,False,d3il_baseline,context_box_init_xy_y,-0.17293369499119846,0.04614588650115932,-0.24710826575756073,-0.10121171176433563,473,all,20260620_135000
2,d3il_baseline_ddpm_encdec_vision__Bf_U3,/u/home/llim/FMPCC/FM-PCC/logs/d3il_visual_aligning_baseline/_DA_VA_BRIDGE_d3il_baseline_Bf_U3/d3il_baseline_ddpm_encdec_vision__Bf_U3,1,test,none,none,False,d3il_baseline,context_final_box_angle_deg,-28.043545844735856,54.652570838143205,-172.2495730353857,162.43048816824367,473,all,20260620_135000
2,d3il_baseline_ddpm_encdec_vision__Bf_U3,/u/home/llim/FMPCC/FM-PCC/logs/d3il_visual_aligning_baseline/_DA_VA_BRIDGE_d3il_baseline_Bf_U3/d3il_baseline_ddpm_encdec_vision__Bf_U3,1,test,none,none,False,d3il_baseline,context_final_box_xy_x,0.555694707030724,0.08203492913408102,0.40632984496494207,1.0048784090237086,473,all,20260620_135000
2,d3il_baseline_ddpm_encdec_vision__Bf_U3,/u/home/llim/FMPCC/FM-PCC/logs/d3il_visual_aligning_baseline/_DA_VA_BRIDGE_d3il_baseline_Bf_U3/d3il_baseline_ddpm_encdec_vision__Bf_U3,1,test,none,none,False,d3il_baseline,context_final_box_xy_y,-0.07196542254343412,0.2176656186848468,-0.24758060027229978,0.5455504548814408,473,all,20260620_135000
2,d3il_baseline_ddpm_encdec_vision__Bf_U3,/u/home/llim/FMPCC/FM-PCC/logs/d3il_visual_aligning_baseline/_DA_VA_BRIDGE_d3il_baseline_Bf_U3/d3il_baseline_ddpm_encdec_vision__Bf_U3,1,test,none,none,False,d3il_baseline,context_final_xy_dist,0.4113131707680711,0.0923488680812268,0.013339842572265932,0.6042027585843144,473,all,20260620_135000
2,d3il_baseline_ddpm_encdec_vision__Bf_U3,/u/home/llim/FMPCC/FM-PCC/logs/d3il_visual_aligning_baseline/_DA_VA_BRIDGE_d3il_baseline_Bf_U3/d3il_baseline_ddpm_encdec_vision__Bf_U3,1,test,none,none,False,d3il_baseline,context_index,12.642706131078224,7.594966181979167,0.0,26.0,473,all,20260620_135000
2,d3il_baseline_ddpm_encdec_vision__Bf_U3,/u/home/llim/FMPCC/FM-PCC/logs/d3il_visual_aligning_baseline/_DA_VA_BRIDGE_d3il_baseline_Bf_U3/d3il_baseline_ddpm_encdec_vision__Bf_U3,1,test,none,none,False,d3il_baseline,context_init_xy_dist,0.4459182718969551,0.060651635891991754,0.34468892216682434,0.5573652982711792,473,all,20260620_135000
2,d3il_baseline_ddpm_encdec_vision__Bf_U3,/u/home/llim/FMPCC/FM-PCC/logs/d3il_visual_aligning_baseline/_DA_VA_BRIDGE_d3il_baseline_Bf_U3/d3il_baseline_ddpm_encdec_vision__Bf_U3,1,test,none,none,False,d3il_baseline,context_target_angle_deg,1.3636034911077068,47.56660703843389,-86.34280395507812,72.6987075805664,473,all,20260620_135000
2,d3il_baseline_ddpm_encdec_vision__Bf_U3,/u/home/llim/FMPCC/FM-PCC/logs/d3il_visual_aligning_baseline/_DA_VA_BRIDGE_d3il_baseline_Bf_U3/d3il_baseline_ddpm_encdec_vision__Bf_U3,1,test,none,none,False,d3il_baseline,context_target_xy_x,0.4855335876503152,0.0537792705884161,0.4179592430591583,0.5885487198829651,473,all,20260620_135000
2,d3il_baseline_ddpm_encdec_vision__Bf_U3,/u/home/llim/FMPCC/FM-PCC/logs/d3il_visual_aligning_baseline/_DA_VA_BRIDGE_d3il_baseline_Bf_U3/d3il_baseline_ddpm_encdec_vision__Bf_U3,1,test,none,none,False,d3il_baseline,context_target_xy_y,0.2646553834888446,0.03769378049789953,0.20338557660579681,0.33333876729011536,473,all,20260620_135000
2,d3il_baseline_ddpm_encdec_vision__Bf_U3,/u/home/llim/FMPCC/FM-PCC/logs/d3il_visual_aligning_baseline/_DA_VA_BRIDGE_d3il_baseline_Bf_U3/d3il_baseline_ddpm_encdec_vision__Bf_U3,1,test,none,none,False,d3il_baseline,diagnostics_found,1.0,0.0,1.0,1.0,473,all,20260620_135000
2,d3il_baseline_ddpm_encdec_vision__Bf_U3,/u/home/llim/FMPCC/FM-PCC/logs/d3il_visual_aligning_baseline/_DA_VA_BRIDGE_d3il_baseline_Bf_U3/d3il_baseline_ddpm_encdec_vision__Bf_U3,1,test,none,none,False,d3il_baseline,frozen,0.0,0.0,0.0,0.0,473,all,20260620_135000
2,d3il_baseline_ddpm_encdec_vision__Bf_U3,/u/home/llim/FMPCC/FM-PCC/logs/d3il_visual_aligning_baseline/_DA_VA_BRIDGE_d3il_baseline_Bf_U3/d3il_baseline_ddpm_encdec_vision__Bf_U3,1,test,none,none,False,d3il_baseline,frozen_worst_overlap_m,,,,,0,all,20260620_135000
2,d3il_baseline_ddpm_encdec_vision__Bf_U3,/u/home/llim/FMPCC/FM-PCC/logs/d3il_visual_aligning_baseline/_DA_VA_BRIDGE_d3il_baseline_Bf_U3/d3il_baseline_ddpm_encdec_vision__Bf_U3,1,test,none,none,False,d3il_baseline,mode_encoding,0.8372093023255814,0.3695654694157316,0.0,1.0,473,all,20260620_135000
2,d3il_baseline_ddpm_encdec_vision__Bf_U3,/u/home/llim/FMPCC/FM-PCC/logs/d3il_visual_aligning_baseline/_DA_VA_BRIDGE_d3il_baseline_Bf_U3/d3il_baseline_ddpm_encdec_vision__Bf_U3,1,test,none,none,False,d3il_baseline,success_strict,0.0021141649048625794,0.0459800489871703,0.0,1.0,473,all,20260620_135000
2,d3il_baseline_ddpm_encdec_vision__Bf_U3,/u/home/llim/FMPCC/FM-PCC/logs/d3il_visual_aligning_baseline/_DA_VA_BRIDGE_d3il_baseline_Bf_U3/d3il_baseline_ddpm_encdec_vision__Bf_U3,1,test,none,none,False,d3il_baseline,total_violations,,,,,0,all,20260620_135000
2,d3il_baseline_ddpm_encdec_vision__Bf_U3,/u/home/llim/FMPCC/FM-PCC/logs/d3il_visual_aligning_baseline/_DA_VA_BRIDGE_d3il_baseline_Bf_U3/d3il_baseline_ddpm_encdec_vision__Bf_U3,1,test,none,none,False,d3il_baseline,n_success,0.0021141649048625794,0.0459800489871703,0.0,1.0,473,unfrozen,20260620_135000
2,d3il_baseline_ddpm_encdec_vision__Bf_U3,/u/home/llim/FMPCC/FM-PCC/logs/d3il_visual_aligning_baseline/_DA_VA_BRIDGE_d3il_baseline_Bf_U3/d3il_baseline_ddpm_encdec_vision__Bf_U3,1,test,none,none,False,d3il_baseline,n_success_and_constraints,,,,,0,unfrozen,20260620_135000
2,d3il_baseline_ddpm_encdec_vision__Bf_U3,/u/home/llim/FMPCC/FM-PCC/logs/d3il_visual_aligning_baseline/_DA_VA_BRIDGE_d3il_baseline_Bf_U3/d3il_baseline_ddpm_encdec_vision__Bf_U3,1,test,none,none,False,d3il_baseline,mean_dist_per_rollout,0.40034253691291966,0.13203785504652588,0.013209326087736204,0.8847176040453353,473,unfrozen,20260620_135000
2,d3il_baseline_ddpm_encdec_vision__Bf_U3,/u/home/llim/FMPCC/FM-PCC/logs/d3il_visual_aligning_baseline/_DA_VA_BRIDGE_d3il_baseline_Bf_U3/d3il_baseline_ddpm_encdec_vision__Bf_U3,1,test,none,none,False,d3il_baseline,n_steps,399.4989429175476,10.897271609959367,163.0,400.0,473,unfrozen,20260620_135000
2,d3il_baseline_ddpm_encdec_vision__Bf_U3,/u/home/llim/FMPCC/FM-PCC/logs/d3il_visual_aligning_baseline/_DA_VA_BRIDGE_d3il_baseline_Bf_U3/d3il_baseline_ddpm_encdec_vision__Bf_U3,1,test,none,none,False,d3il_baseline,avg_time,,,,,0,unfrozen,20260620_135000
2,d3il_baseline_ddpm_encdec_vision__Bf_U3,/u/home/llim/FMPCC/FM-PCC/logs/d3il_visual_aligning_baseline/_DA_VA_BRIDGE_d3il_baseline_Bf_U3/d3il_baseline_ddpm_encdec_vision__Bf_U3,1,test,none,none,False,d3il_baseline,avg_time_ms,,,,,0,unfrozen,20260620_135000
2,d3il_baseline_ddpm_encdec_vision__Bf_U3,/u/home/llim/FMPCC/FM-PCC/logs/d3il_visual_aligning_baseline/_DA_VA_BRIDGE_d3il_baseline_Bf_U3/d3il_baseline_ddpm_encdec_vision__Bf_U3,1,test,none,none,False,d3il_baseline,context_box_angle_deg,-28.41825883736318,47.378125221997365,-88.14921569824219,87.04790496826172,473,unfrozen,20260620_135000
2,d3il_baseline_ddpm_encdec_vision__Bf_U3,/u/home/llim/FMPCC/FM-PCC/logs/d3il_visual_aligning_baseline/_DA_VA_BRIDGE_d3il_baseline_Bf_U3/d3il_baseline_ddpm_encdec_vision__Bf_U3,1,test,none,none,False,d3il_baseline,context_box_init_xy_x,0.5263123550072281,0.04855369319104271,0.40844082832336426,0.5919983983039856,473,unfrozen,20260620_135000
2,d3il_baseline_ddpm_encdec_vision__Bf_U3,/u/home/llim/FMPCC/FM-PCC/logs/d3il_visual_aligning_baseline/_DA_VA_BRIDGE_d3il_baseline_Bf_U3/d3il_baseline_ddpm_encdec_vision__Bf_U3,1,test,none,none,False,d3il_baseline,context_box_init_xy_y,-0.17293369499119846,0.04614588650115932,-0.24710826575756073,-0.10121171176433563,473,unfrozen,20260620_135000
2,d3il_baseline_ddpm_encdec_vision__Bf_U3,/u/home/llim/FMPCC/FM-PCC/logs/d3il_visual_aligning_baseline/_DA_VA_BRIDGE_d3il_baseline_Bf_U3/d3il_baseline_ddpm_encdec_vision__Bf_U3,1,test,none,none,False,d3il_baseline,context_final_box_angle_deg,-28.043545844735856,54.652570838143205,-172.2495730353857,162.43048816824367,473,unfrozen,20260620_135000
2,d3il_baseline_ddpm_encdec_vision__Bf_U3,/u/home/llim/FMPCC/FM-PCC/logs/d3il_visual_aligning_baseline/_DA_VA_BRIDGE_d3il_baseline_Bf_U3/d3il_baseline_ddpm_encdec_vision__Bf_U3,1,test,none,none,False,d3il_baseline,context_final_box_xy_x,0.555694707030724,0.08203492913408102,0.40632984496494207,1.0048784090237086,473,unfrozen,20260620_135000
2,d3il_baseline_ddpm_encdec_vision__Bf_U3,/u/home/llim/FMPCC/FM-PCC/logs/d3il_visual_aligning_baseline/_DA_VA_BRIDGE_d3il_baseline_Bf_U3/d3il_baseline_ddpm_encdec_vision__Bf_U3,1,test,none,none,False,d3il_baseline,context_final_box_xy_y,-0.07196542254343412,0.2176656186848468,-0.24758060027229978,0.5455504548814408,473,unfrozen,20260620_135000
2,d3il_baseline_ddpm_encdec_vision__Bf_U3,/u/home/llim/FMPCC/FM-PCC/logs/d3il_visual_aligning_baseline/_DA_VA_BRIDGE_d3il_baseline_Bf_U3/d3il_baseline_ddpm_encdec_vision__Bf_U3,1,test,none,none,False,d3il_baseline,context_final_xy_dist,0.4113131707680711,0.0923488680812268,0.013339842572265932,0.6042027585843144,473,unfrozen,20260620_135000
2,d3il_baseline_ddpm_encdec_vision__Bf_U3,/u/home/llim/FMPCC/FM-PCC/logs/d3il_visual_aligning_baseline/_DA_VA_BRIDGE_d3il_baseline_Bf_U3/d3il_baseline_ddpm_encdec_vision__Bf_U3,1,test,none,none,False,d3il_baseline,context_index,12.642706131078224,7.594966181979167,0.0,26.0,473,unfrozen,20260620_135000
2,d3il_baseline_ddpm_encdec_vision__Bf_U3,/u/home/llim/FMPCC/FM-PCC/logs/d3il_visual_aligning_baseline/_DA_VA_BRIDGE_d3il_baseline_Bf_U3/d3il_baseline_ddpm_encdec_vision__Bf_U3,1,test,none,none,False,d3il_baseline,context_init_xy_dist,0.4459182718969551,0.060651635891991754,0.34468892216682434,0.5573652982711792,473,unfrozen,20260620_135000
2,d3il_baseline_ddpm_encdec_vision__Bf_U3,/u/home/llim/FMPCC/FM-PCC/logs/d3il_visual_aligning_baseline/_DA_VA_BRIDGE_d3il_baseline_Bf_U3/d3il_baseline_ddpm_encdec_vision__Bf_U3,1,test,none,none,False,d3il_baseline,context_target_angle_deg,1.3636034911077068,47.56660703843389,-86.34280395507812,72.6987075805664,473,unfrozen,20260620_135000
2,d3il_baseline_ddpm_encdec_vision__Bf_U3,/u/home/llim/FMPCC/FM-PCC/logs/d3il_visual_aligning_baseline/_DA_VA_BRIDGE_d3il_baseline_Bf_U3/d3il_baseline_ddpm_encdec_vision__Bf_U3,1,test,none,none,False,d3il_baseline,context_target_xy_x,0.4855335876503152,0.0537792705884161,0.4179592430591583,0.5885487198829651,473,unfrozen,20260620_135000
2,d3il_baseline_ddpm_encdec_vision__Bf_U3,/u/home/llim/FMPCC/FM-PCC/logs/d3il_visual_aligning_baseline/_DA_VA_BRIDGE_d3il_baseline_Bf_U3/d3il_baseline_ddpm_encdec_vision__Bf_U3,1,test,none,none,False,d3il_baseline,context_target_xy_y,0.2646553834888446,0.03769378049789953,0.20338557660579681,0.33333876729011536,473,unfrozen,20260620_135000
2,d3il_baseline_ddpm_encdec_vision__Bf_U3,/u/home/llim/FMPCC/FM-PCC/logs/d3il_visual_aligning_baseline/_DA_VA_BRIDGE_d3il_baseline_Bf_U3/d3il_baseline_ddpm_encdec_vision__Bf_U3,1,test,none,none,False,d3il_baseline,diagnostics_found,1.0,0.0,1.0,1.0,473,unfrozen,20260620_135000
2,d3il_baseline_ddpm_encdec_vision__Bf_U3,/u/home/llim/FMPCC/FM-PCC/logs/d3il_visual_aligning_baseline/_DA_VA_BRIDGE_d3il_baseline_Bf_U3/d3il_baseline_ddpm_encdec_vision__Bf_U3,1,test,none,none,False,d3il_baseline,frozen,0.0,0.0,0.0,0.0,473,unfrozen,20260620_135000
2,d3il_baseline_ddpm_encdec_vision__Bf_U3,/u/home/llim/FMPCC/FM-PCC/logs/d3il_visual_aligning_baseline/_DA_VA_BRIDGE_d3il_baseline_Bf_U3/d3il_baseline_ddpm_encdec_vision__Bf_U3,1,test,none,none,False,d3il_baseline,frozen_worst_overlap_m,,,,,0,unfrozen,20260620_135000
2,d3il_baseline_ddpm_encdec_vision__Bf_U3,/u/home/llim/FMPCC/FM-PCC/logs/d3il_visual_aligning_baseline/_DA_VA_BRIDGE_d3il_baseline_Bf_U3/d3il_baseline_ddpm_encdec_vision__Bf_U3,1,test,none,none,False,d3il_baseline,mode_encoding,0.8372093023255814,0.3695654694157316,0.0,1.0,473,unfrozen,20260620_135000
2,d3il_baseline_ddpm_encdec_vision__Bf_U3,/u/home/llim/FMPCC/FM-PCC/logs/d3il_visual_aligning_baseline/_DA_VA_BRIDGE_d3il_baseline_Bf_U3/d3il_baseline_ddpm_encdec_vision__Bf_U3,1,test,none,none,False,d3il_baseline,success_strict,0.0021141649048625794,0.0459800489871703,0.0,1.0,473,unfrozen,20260620_135000
2,d3il_baseline_ddpm_encdec_vision__Bf_U3,/u/home/llim/FMPCC/FM-PCC/logs/d3il_visual_aligning_baseline/_DA_VA_BRIDGE_d3il_baseline_Bf_U3/d3il_baseline_ddpm_encdec_vision__Bf_U3,1,test,none,none,False,d3il_baseline,total_violations,,,,,0,unfrozen,20260620_135000
2,d3il_baseline_ddpm_encdec_vision__Bf_U3,/u/home/llim/FMPCC/FM-PCC/logs/d3il_visual_aligning_baseline/_DA_VA_BRIDGE_d3il_baseline_Bf_U3/d3il_baseline_ddpm_encdec_vision__Bf_U3,2,test,none,none,False,d3il_baseline,n_success,0.0,0.0,0.0,0.0,468,all,20260620_175026
2,d3il_baseline_ddpm_encdec_vision__Bf_U3,/u/home/llim/FMPCC/FM-PCC/logs/d3il_visual_aligning_baseline/_DA_VA_BRIDGE_d3il_baseline_Bf_U3/d3il_baseline_ddpm_encdec_vision__Bf_U3,2,test,none,none,False,d3il_baseline,n_success_and_constraints,,,,,0,all,20260620_175026
2,d3il_baseline_ddpm_encdec_vision__Bf_U3,/u/home/llim/FMPCC/FM-PCC/logs/d3il_visual_aligning_baseline/_DA_VA_BRIDGE_d3il_baseline_Bf_U3/d3il_baseline_ddpm_encdec_vision__Bf_U3,2,test,none,none,False,d3il_baseline,mean_dist_per_rollout,0.3983834583524387,0.1326531267403066,0.06912921458254428,0.697804675466995,468,all,20260620_175026
2,d3il_baseline_ddpm_encdec_vision__Bf_U3,/u/home/llim/FMPCC/FM-PCC/logs/d3il_visual_aligning_baseline/_DA_VA_BRIDGE_d3il_baseline_Bf_U3/d3il_baseline_ddpm_encdec_vision__Bf_U3,2,test,none,none,False,d3il_baseline,n_steps,400.0,0.0,400.0,400.0,468,all,20260620_175026
2,d3il_baseline_ddpm_encdec_vision__Bf_U3,/u/home/llim/FMPCC/FM-PCC/logs/d3il_visual_aligning_baseline/_DA_VA_BRIDGE_d3il_baseline_Bf_U3/d3il_baseline_ddpm_encdec_vision__Bf_U3,2,test,none,none,False,d3il_baseline,avg_time,,,,,0,all,20260620_175026
2,d3il_baseline_ddpm_encdec_vision__Bf_U3,/u/home/llim/FMPCC/FM-PCC/logs/d3il_visual_aligning_baseline/_DA_VA_BRIDGE_d3il_baseline_Bf_U3/d3il_baseline_ddpm_encdec_vision__Bf_U3,2,test,none,none,False,d3il_baseline,avg_time_ms,,,,,0,all,20260620_175026
2,d3il_baseline_ddpm_encdec_vision__Bf_U3,/u/home/llim/FMPCC/FM-PCC/logs/d3il_visual_aligning_baseline/_DA_VA_BRIDGE_d3il_baseline_Bf_U3/d3il_baseline_ddpm_encdec_vision__Bf_U3,2,test,none,none,False,d3il_baseline,context_box_angle_deg,-27.952806922105644,47.414989713732766,-88.14921569824219,87.04790496826172,468,all,20260620_175026
2,d3il_baseline_ddpm_encdec_vision__Bf_U3,/u/home/llim/FMPCC/FM-PCC/logs/d3il_visual_aligning_baseline/_DA_VA_BRIDGE_d3il_baseline_Bf_U3/d3il_baseline_ddpm_encdec_vision__Bf_U3,2,test,none,none,False,d3il_baseline,context_box_init_xy_x,0.5261090019574532,0.04877275146905937,0.40844082832336426,0.5919983983039856,468,all,20260620_175026
2,d3il_baseline_ddpm_encdec_vision__Bf_U3,/u/home/llim/FMPCC/FM-PCC/logs/d3il_visual_aligning_baseline/_DA_VA_BRIDGE_d3il_baseline_Bf_U3/d3il_baseline_ddpm_encdec_vision__Bf_U3,2,test,none,none,False,d3il_baseline,context_box_init_xy_y,-0.17231870557253176,0.04600420140409354,-0.24710826575756073,-0.10121171176433563,468,all,20260620_175026
2,d3il_baseline_ddpm_encdec_vision__Bf_U3,/u/home/llim/FMPCC/FM-PCC/logs/d3il_visual_aligning_baseline/_DA_VA_BRIDGE_d3il_baseline_Bf_U3/d3il_baseline_ddpm_encdec_vision__Bf_U3,2,test,none,none,False,d3il_baseline,context_final_box_angle_deg,-26.27951245589946,52.48250112294053,-164.835563507154,172.12209476169772,468,all,20260620_175026
2,d3il_baseline_ddpm_encdec_vision__Bf_U3,/u/home/llim/FMPCC/FM-PCC/logs/d3il_visual_aligning_baseline/_DA_VA_BRIDGE_d3il_baseline_Bf_U3/d3il_baseline_ddpm_encdec_vision__Bf_U3,2,test,none,none,False,d3il_baseline,context_final_box_xy_x,0.5381138065725418,0.05722371627215917,0.40730994281746047,0.7202126913230876,468,all,20260620_175026
2,d3il_baseline_ddpm_encdec_vision__Bf_U3,/u/home/llim/FMPCC/FM-PCC/logs/d3il_visual_aligning_baseline/_DA_VA_BRIDGE_d3il_baseline_Bf_U3/d3il_baseline_ddpm_encdec_vision__Bf_U3,2,test,none,none,False,d3il_baseline,context_final_box_xy_y,-0.09477149644891189,0.21055700763432011,-0.2679919127056285,0.5888284754596261,468,all,20260620_175026
2,d3il_baseline_ddpm_encdec_vision__Bf_U3,/u/home/llim/FMPCC/FM-PCC/logs/d3il_visual_aligning_baseline/_DA_VA_BRIDGE_d3il_baseline_Bf_U3/d3il_baseline_ddpm_encdec_vision__Bf_U3,2,test,none,none,False,d3il_baseline,context_final_xy_dist,0.4220949781368919,0.08753736687891699,0.08277756760437435,0.5573652908601883,468,all,20260620_175026
2,d3il_baseline_ddpm_encdec_vision__Bf_U3,/u/home/llim/FMPCC/FM-PCC/logs/d3il_visual_aligning_baseline/_DA_VA_BRIDGE_d3il_baseline_Bf_U3/d3il_baseline_ddpm_encdec_vision__Bf_U3,2,test,none,none,False,d3il_baseline,context_index,12.5,7.508025684479296,0.0,25.0,468,all,20260620_175026
2,d3il_baseline_ddpm_encdec_vision__Bf_U3,/u/home/llim/FMPCC/FM-PCC/logs/d3il_visual_aligning_baseline/_DA_VA_BRIDGE_d3il_baseline_Bf_U3/d3il_baseline_ddpm_encdec_vision__Bf_U3,2,test,none,none,False,d3il_baseline,context_init_xy_dist,0.4459395007445262,0.06097510865429261,0.34468892216682434,0.5573652982711792,468,all,20260620_175026
2,d3il_baseline_ddpm_encdec_vision__Bf_U3,/u/home/llim/FMPCC/FM-PCC/logs/d3il_visual_aligning_baseline/_DA_VA_BRIDGE_d3il_baseline_Bf_U3/d3il_baseline_ddpm_encdec_vision__Bf_U3,2,test,none,none,False,d3il_baseline,context_target_angle_deg,2.00029233785776,47.41704736200309,-86.34280395507812,72.6987075805664,468,all,20260620_175026
2,d3il_baseline_ddpm_encdec_vision__Bf_U3,/u/home/llim/FMPCC/FM-PCC/logs/d3il_visual_aligning_baseline/_DA_VA_BRIDGE_d3il_baseline_Bf_U3/d3il_baseline_ddpm_encdec_vision__Bf_U3,2,test,none,none,False,d3il_baseline,context_target_xy_x,0.48472088460738844,0.05348420325578214,0.4179592430591583,0.5885487198829651,468,all,20260620_175026
2,d3il_baseline_ddpm_encdec_vision__Bf_U3,/u/home/llim/FMPCC/FM-PCC/logs/d3il_visual_aligning_baseline/_DA_VA_BRIDGE_d3il_baseline_Bf_U3/d3il_baseline_ddpm_encdec_vision__Bf_U3,2,test,none,none,False,d3il_baseline,context_target_xy_y,0.265205795948322,0.03751416398605137,0.20338557660579681,0.33333876729011536,468,all,20260620_175026
2,d3il_baseline_ddpm_encdec_vision__Bf_U3,/u/home/llim/FMPCC/FM-PCC/logs/d3il_visual_aligning_baseline/_DA_VA_BRIDGE_d3il_baseline_Bf_U3/d3il_baseline_ddpm_encdec_vision__Bf_U3,2,test,none,none,False,d3il_baseline,diagnostics_found,1.0,0.0,1.0,1.0,468,all,20260620_175026
2,d3il_baseline_ddpm_encdec_vision__Bf_U3,/u/home/llim/FMPCC/FM-PCC/logs/d3il_visual_aligning_baseline/_DA_VA_BRIDGE_d3il_baseline_Bf_U3/d3il_baseline_ddpm_encdec_vision__Bf_U3,2,test,none,none,False,d3il_baseline,frozen,0.0,0.0,0.0,0.0,468,all,20260620_175026
2,d3il_baseline_ddpm_encdec_vision__Bf_U3,/u/home/llim/FMPCC/FM-PCC/logs/d3il_visual_aligning_baseline/_DA_VA_BRIDGE_d3il_baseline_Bf_U3/d3il_baseline_ddpm_encdec_vision__Bf_U3,2,test,none,none,False,d3il_baseline,frozen_worst_overlap_m,,,,,0,all,20260620_175026
2,d3il_baseline_ddpm_encdec_vision__Bf_U3,/u/home/llim/FMPCC/FM-PCC/logs/d3il_visual_aligning_baseline/_DA_VA_BRIDGE_d3il_baseline_Bf_U3/d3il_baseline_ddpm_encdec_vision__Bf_U3,2,test,none,none,False,d3il_baseline,mode_encoding,0.8974358974358975,0.3037133604303633,0.0,1.0,468,all,20260620_175026
2,d3il_baseline_ddpm_encdec_vision__Bf_U3,/u/home/llim/FMPCC/FM-PCC/logs/d3il_visual_aligning_baseline/_DA_VA_BRIDGE_d3il_baseline_Bf_U3/d3il_baseline_ddpm_encdec_vision__Bf_U3,2,test,none,none,False,d3il_baseline,success_strict,0.0,0.0,0.0,0.0,468,all,20260620_175026
2,d3il_baseline_ddpm_encdec_vision__Bf_U3,/u/home/llim/FMPCC/FM-PCC/logs/d3il_visual_aligning_baseline/_DA_VA_BRIDGE_d3il_baseline_Bf_U3/d3il_baseline_ddpm_encdec_vision__Bf_U3,2,test,none,none,False,d3il_baseline,total_violations,,,,,0,all,20260620_175026
2,d3il_baseline_ddpm_encdec_vision__Bf_U3,/u/home/llim/FMPCC/FM-PCC/logs/d3il_visual_aligning_baseline/_DA_VA_BRIDGE_d3il_baseline_Bf_U3/d3il_baseline_ddpm_encdec_vision__Bf_U3,2,test,none,none,False,d3il_baseline,n_success,0.0,0.0,0.0,0.0,468,unfrozen,20260620_175026
2,d3il_baseline_ddpm_encdec_vision__Bf_U3,/u/home/llim/FMPCC/FM-PCC/logs/d3il_visual_aligning_baseline/_DA_VA_BRIDGE_d3il_baseline_Bf_U3/d3il_baseline_ddpm_encdec_vision__Bf_U3,2,test,none,none,False,d3il_baseline,n_success_and_constraints,,,,,0,unfrozen,20260620_175026
2,d3il_baseline_ddpm_encdec_vision__Bf_U3,/u/home/llim/FMPCC/FM-PCC/logs/d3il_visual_aligning_baseline/_DA_VA_BRIDGE_d3il_baseline_Bf_U3/d3il_baseline_ddpm_encdec_vision__Bf_U3,2,test,none,none,False,d3il_baseline,mean_dist_per_rollout,0.3983834583524387,0.1326531267403066,0.06912921458254428,0.697804675466995,468,unfrozen,20260620_175026
2,d3il_baseline_ddpm_encdec_vision__Bf_U3,/u/home/llim/FMPCC/FM-PCC/logs/d3il_visual_aligning_baseline/_DA_VA_BRIDGE_d3il_baseline_Bf_U3/d3il_baseline_ddpm_encdec_vision__Bf_U3,2,test,none,none,False,d3il_baseline,n_steps,400.0,0.0,400.0,400.0,468,unfrozen,20260620_175026
2,d3il_baseline_ddpm_encdec_vision__Bf_U3,/u/home/llim/FMPCC/FM-PCC/logs/d3il_visual_aligning_baseline/_DA_VA_BRIDGE_d3il_baseline_Bf_U3/d3il_baseline_ddpm_encdec_vision__Bf_U3,2,test,none,none,False,d3il_baseline,avg_time,,,,,0,unfrozen,20260620_175026
2,d3il_baseline_ddpm_encdec_vision__Bf_U3,/u/home/llim/FMPCC/FM-PCC/logs/d3il_visual_aligning_baseline/_DA_VA_BRIDGE_d3il_baseline_Bf_U3/d3il_baseline_ddpm_encdec_vision__Bf_U3,2,test,none,none,False,d3il_baseline,avg_time_ms,,,,,0,unfrozen,20260620_175026
2,d3il_baseline_ddpm_encdec_vision__Bf_U3,/u/home/llim/FMPCC/FM-PCC/logs/d3il_visual_aligning_baseline/_DA_VA_BRIDGE_d3il_baseline_Bf_U3/d3il_baseline_ddpm_encdec_vision__Bf_U3,2,test,none,none,False,d3il_baseline,context_box_angle_deg,-27.952806922105644,47.414989713732766,-88.14921569824219,87.04790496826172,468,unfrozen,20260620_175026
2,d3il_baseline_ddpm_encdec_vision__Bf_U3,/u/home/llim/FMPCC/FM-PCC/logs/d3il_visual_aligning_baseline/_DA_VA_BRIDGE_d3il_baseline_Bf_U3/d3il_baseline_ddpm_encdec_vision__Bf_U3,2,test,none,none,False,d3il_baseline,context_box_init_xy_x,0.5261090019574532,0.04877275146905937,0.40844082832336426,0.5919983983039856,468,unfrozen,20260620_175026
2,d3il_baseline_ddpm_encdec_vision__Bf_U3,/u/home/llim/FMPCC/FM-PCC/logs/d3il_visual_aligning_baseline/_DA_VA_BRIDGE_d3il_baseline_Bf_U3/d3il_baseline_ddpm_encdec_vision__Bf_U3,2,test,none,none,False,d3il_baseline,context_box_init_xy_y,-0.17231870557253176,0.04600420140409354,-0.24710826575756073,-0.10121171176433563,468,unfrozen,20260620_175026
2,d3il_baseline_ddpm_encdec_vision__Bf_U3,/u/home/llim/FMPCC/FM-PCC/logs/d3il_visual_aligning_baseline/_DA_VA_BRIDGE_d3il_baseline_Bf_U3/d3il_baseline_ddpm_encdec_vision__Bf_U3,2,test,none,none,False,d3il_baseline,context_final_box_angle_deg,-26.27951245589946,52.48250112294053,-164.835563507154,172.12209476169772,468,unfrozen,20260620_175026
2,d3il_baseline_ddpm_encdec_vision__Bf_U3,/u/home/llim/FMPCC/FM-PCC/logs/d3il_visual_aligning_baseline/_DA_VA_BRIDGE_d3il_baseline_Bf_U3/d3il_baseline_ddpm_encdec_vision__Bf_U3,2,test,none,none,False,d3il_baseline,context_final_box_xy_x,0.5381138065725418,0.05722371627215917,0.40730994281746047,0.7202126913230876,468,unfrozen,20260620_175026
2,d3il_baseline_ddpm_encdec_vision__Bf_U3,/u/home/llim/FMPCC/FM-PCC/logs/d3il_visual_aligning_baseline/_DA_VA_BRIDGE_d3il_baseline_Bf_U3/d3il_baseline_ddpm_encdec_vision__Bf_U3,2,test,none,none,False,d3il_baseline,context_final_box_xy_y,-0.09477149644891189,0.21055700763432011,-0.2679919127056285,0.5888284754596261,468,unfrozen,20260620_175026
2,d3il_baseline_ddpm_encdec_vision__Bf_U3,/u/home/llim/FMPCC/FM-PCC/logs/d3il_visual_aligning_baseline/_DA_VA_BRIDGE_d3il_baseline_Bf_U3/d3il_baseline_ddpm_encdec_vision__Bf_U3,2,test,none,none,False,d3il_baseline,context_final_xy_dist,0.4220949781368919,0.08753736687891699,0.08277756760437435,0.5573652908601883,468,unfrozen,20260620_175026
2,d3il_baseline_ddpm_encdec_vision__Bf_U3,/u/home/llim/FMPCC/FM-PCC/logs/d3il_visual_aligning_baseline/_DA_VA_BRIDGE_d3il_baseline_Bf_U3/d3il_baseline_ddpm_encdec_vision__Bf_U3,2,test,none,none,False,d3il_baseline,context_index,12.5,7.508025684479296,0.0,25.0,468,unfrozen,20260620_175026
2,d3il_baseline_ddpm_encdec_vision__Bf_U3,/u/home/llim/FMPCC/FM-PCC/logs/d3il_visual_aligning_baseline/_DA_VA_BRIDGE_d3il_baseline_Bf_U3/d3il_baseline_ddpm_encdec_vision__Bf_U3,2,test,none,none,False,d3il_baseline,context_init_xy_dist,0.4459395007445262,0.06097510865429261,0.34468892216682434,0.5573652982711792,468,unfrozen,20260620_175026
2,d3il_baseline_ddpm_encdec_vision__Bf_U3,/u/home/llim/FMPCC/FM-PCC/logs/d3il_visual_aligning_baseline/_DA_VA_BRIDGE_d3il_baseline_Bf_U3/d3il_baseline_ddpm_encdec_vision__Bf_U3,2,test,none,none,False,d3il_baseline,context_target_angle_deg,2.00029233785776,47.41704736200309,-86.34280395507812,72.6987075805664,468,unfrozen,20260620_175026
2,d3il_baseline_ddpm_encdec_vision__Bf_U3,/u/home/llim/FMPCC/FM-PCC/logs/d3il_visual_aligning_baseline/_DA_VA_BRIDGE_d3il_baseline_Bf_U3/d3il_baseline_ddpm_encdec_vision__Bf_U3,2,test,none,none,False,d3il_baseline,context_target_xy_x,0.48472088460738844,0.05348420325578214,0.4179592430591583,0.5885487198829651,468,unfrozen,20260620_175026
2,d3il_baseline_ddpm_encdec_vision__Bf_U3,/u/home/llim/FMPCC/FM-PCC/logs/d3il_visual_aligning_baseline/_DA_VA_BRIDGE_d3il_baseline_Bf_U3/d3il_baseline_ddpm_encdec_vision__Bf_U3,2,test,none,none,False,d3il_baseline,context_target_xy_y,0.265205795948322,0.03751416398605137,0.20338557660579681,0.33333876729011536,468,unfrozen,20260620_175026
2,d3il_baseline_ddpm_encdec_vision__Bf_U3,/u/home/llim/FMPCC/FM-PCC/logs/d3il_visual_aligning_baseline/_DA_VA_BRIDGE_d3il_baseline_Bf_U3/d3il_baseline_ddpm_encdec_vision__Bf_U3,2,test,none,none,False,d3il_baseline,diagnostics_found,1.0,0.0,1.0,1.0,468,unfrozen,20260620_175026
2,d3il_baseline_ddpm_encdec_vision__Bf_U3,/u/home/llim/FMPCC/FM-PCC/logs/d3il_visual_aligning_baseline/_DA_VA_BRIDGE_d3il_baseline_Bf_U3/d3il_baseline_ddpm_encdec_vision__Bf_U3,2,test,none,none,False,d3il_baseline,frozen,0.0,0.0,0.0,0.0,468,unfrozen,20260620_175026
2,d3il_baseline_ddpm_encdec_vision__Bf_U3,/u/home/llim/FMPCC/FM-PCC/logs/d3il_visual_aligning_baseline/_DA_VA_BRIDGE_d3il_baseline_Bf_U3/d3il_baseline_ddpm_encdec_vision__Bf_U3,2,test,none,none,False,d3il_baseline,frozen_worst_overlap_m,,,,,0,unfrozen,20260620_175026
2,d3il_baseline_ddpm_encdec_vision__Bf_U3,/u/home/llim/FMPCC/FM-PCC/logs/d3il_visual_aligning_baseline/_DA_VA_BRIDGE_d3il_baseline_Bf_U3/d3il_baseline_ddpm_encdec_vision__Bf_U3,2,test,none,none,False,d3il_baseline,mode_encoding,0.8974358974358975,0.3037133604303633,0.0,1.0,468,unfrozen,20260620_175026
2,d3il_baseline_ddpm_encdec_vision__Bf_U3,/u/home/llim/FMPCC/FM-PCC/logs/d3il_visual_aligning_baseline/_DA_VA_BRIDGE_d3il_baseline_Bf_U3/d3il_baseline_ddpm_encdec_vision__Bf_U3,2,test,none,none,False,d3il_baseline,success_strict,0.0,0.0,0.0,0.0,468,unfrozen,20260620_175026
2,d3il_baseline_ddpm_encdec_vision__Bf_U3,/u/home/llim/FMPCC/FM-PCC/logs/d3il_visual_aligning_baseline/_DA_VA_BRIDGE_d3il_baseline_Bf_U3/d3il_baseline_ddpm_encdec_vision__Bf_U3,2,test,none,none,False,d3il_baseline,total_violations,,,,,0,unfrozen,20260620_175026
2,d3il_baseline_ddpm_encdec_vision__Bf_U3,/u/home/llim/FMPCC/FM-PCC/logs/d3il_visual_aligning_baseline/_DA_VA_BRIDGE_d3il_baseline_Bf_U3/d3il_baseline_ddpm_encdec_vision__Bf_U3,3,test,none,none,False,d3il_baseline,n_success,0.006437768240343348,0.08006296843471664,0.0,1.0,466,all,20260620_130306
2,d3il_baseline_ddpm_encdec_vision__Bf_U3,/u/home/llim/FMPCC/FM-PCC/logs/d3il_visual_aligning_baseline/_DA_VA_BRIDGE_d3il_baseline_Bf_U3/d3il_baseline_ddpm_encdec_vision__Bf_U3,3,test,none,none,False,d3il_baseline,n_success_and_constraints,,,,,0,all,20260620_130306
2,d3il_baseline_ddpm_encdec_vision__Bf_U3,/u/home/llim/FMPCC/FM-PCC/logs/d3il_visual_aligning_baseline/_DA_VA_BRIDGE_d3il_baseline_Bf_U3/d3il_baseline_ddpm_encdec_vision__Bf_U3,3,test,none,none,False,d3il_baseline,mean_dist_per_rollout,0.36217301981038513,0.1611722207145191,0.024924533913289394,0.7328797653166575,466,all,20260620_130306
2,d3il_baseline_ddpm_encdec_vision__Bf_U3,/u/home/llim/FMPCC/FM-PCC/logs/d3il_visual_aligning_baseline/_DA_VA_BRIDGE_d3il_baseline_Bf_U3/d3il_baseline_ddpm_encdec_vision__Bf_U3,3,test,none,none,False,d3il_baseline,n_steps,398.96351931330474,14.576338156046289,123.0,400.0,466,all,20260620_130306
2,d3il_baseline_ddpm_encdec_vision__Bf_U3,/u/home/llim/FMPCC/FM-PCC/logs/d3il_visual_aligning_baseline/_DA_VA_BRIDGE_d3il_baseline_Bf_U3/d3il_baseline_ddpm_encdec_vision__Bf_U3,3,test,none,none,False,d3il_baseline,avg_time,,,,,0,all,20260620_130306
2,d3il_baseline_ddpm_encdec_vision__Bf_U3,/u/home/llim/FMPCC/FM-PCC/logs/d3il_visual_aligning_baseline/_DA_VA_BRIDGE_d3il_baseline_Bf_U3/d3il_baseline_ddpm_encdec_vision__Bf_U3,3,test,none,none,False,d3il_baseline,avg_time_ms,,,,,0,all,20260620_130306
2,d3il_baseline_ddpm_encdec_vision__Bf_U3,/u/home/llim/FMPCC/FM-PCC/logs/d3il_visual_aligning_baseline/_DA_VA_BRIDGE_d3il_baseline_Bf_U3/d3il_baseline_ddpm_encdec_vision__Bf_U3,3,test,none,none,False,d3il_baseline,context_box_angle_deg,-27.851516241679377,47.49152439829981,-88.14921569824219,87.04790496826172,466,all,20260620_130306
2,d3il_baseline_ddpm_encdec_vision__Bf_U3,/u/home/llim/FMPCC/FM-PCC/logs/d3il_visual_aligning_baseline/_DA_VA_BRIDGE_d3il_baseline_Bf_U3/d3il_baseline_ddpm_encdec_vision__Bf_U3,3,test,none,none,False,d3il_baseline,context_box_init_xy_x,0.5261289529790183,0.04887657169639,0.40844082832336426,0.5919983983039856,466,all,20260620_130306
2,d3il_baseline_ddpm_encdec_vision__Bf_U3,/u/home/llim/FMPCC/FM-PCC/logs/d3il_visual_aligning_baseline/_DA_VA_BRIDGE_d3il_baseline_Bf_U3/d3il_baseline_ddpm_encdec_vision__Bf_U3,3,test,none,none,False,d3il_baseline,context_box_init_xy_y,-0.17243790748037494,0.046066877537879525,-0.24710826575756073,-0.10121171176433563,466,all,20260620_130306
2,d3il_baseline_ddpm_encdec_vision__Bf_U3,/u/home/llim/FMPCC/FM-PCC/logs/d3il_visual_aligning_baseline/_DA_VA_BRIDGE_d3il_baseline_Bf_U3/d3il_baseline_ddpm_encdec_vision__Bf_U3,3,test,none,none,False,d3il_baseline,context_final_box_angle_deg,-38.827820017876725,66.57164016984514,-176.48359460939,179.6050012846787,466,all,20260620_130306
2,d3il_baseline_ddpm_encdec_vision__Bf_U3,/u/home/llim/FMPCC/FM-PCC/logs/d3il_visual_aligning_baseline/_DA_VA_BRIDGE_d3il_baseline_Bf_U3/d3il_baseline_ddpm_encdec_vision__Bf_U3,3,test,none,none,False,d3il_baseline,context_final_box_xy_x,0.5844207617892124,0.09159627188027439,0.3567860477495524,0.9051365022242085,466,all,20260620_130306
2,d3il_baseline_ddpm_encdec_vision__Bf_U3,/u/home/llim/FMPCC/FM-PCC/logs/d3il_visual_aligning_baseline/_DA_VA_BRIDGE_d3il_baseline_Bf_U3/d3il_baseline_ddpm_encdec_vision__Bf_U3,3,test,none,none,False,d3il_baseline,context_final_box_xy_y,0.08592397547696078,0.2475869501156862,-0.29194198521511705,0.4630449512806218,466,all,20260620_130306
2,d3il_baseline_ddpm_encdec_vision__Bf_U3,/u/home/llim/FMPCC/FM-PCC/logs/d3il_visual_aligning_baseline/_DA_VA_BRIDGE_d3il_baseline_Bf_U3/d3il_baseline_ddpm_encdec_vision__Bf_U3,3,test,none,none,False,d3il_baseline,context_final_xy_dist,0.30453457323458455,0.15869390934937083,0.012031652594363361,0.6377078377759495,466,all,20260620_130306
2,d3il_baseline_ddpm_encdec_vision__Bf_U3,/u/home/llim/FMPCC/FM-PCC/logs/d3il_visual_aligning_baseline/_DA_VA_BRIDGE_d3il_baseline_Bf_U3/d3il_baseline_ddpm_encdec_vision__Bf_U3,3,test,none,none,False,d3il_baseline,context_index,12.446351931330472,7.479169466611019,0.0,25.0,466,all,20260620_130306
2,d3il_baseline_ddpm_encdec_vision__Bf_U3,/u/home/llim/FMPCC/FM-PCC/logs/d3il_visual_aligning_baseline/_DA_VA_BRIDGE_d3il_baseline_Bf_U3/d3il_baseline_ddpm_encdec_vision__Bf_U3,3,test,none,none,False,d3il_baseline,context_init_xy_dist,0.44623963310994813,0.06093300582915109,0.34468892216682434,0.5573652982711792,466,all,20260620_130306
2,d3il_baseline_ddpm_encdec_vision__Bf_U3,/u/home/llim/FMPCC/FM-PCC/logs/d3il_visual_aligning_baseline/_DA_VA_BRIDGE_d3il_baseline_Bf_U3/d3il_baseline_ddpm_encdec_vision__Bf_U3,3,test,none,none,False,d3il_baseline,context_target_angle_deg,1.7647107251212322,47.38177068530492,-86.34280395507812,72.6987075805664,466,all,20260620_130306
2,d3il_baseline_ddpm_encdec_vision__Bf_U3,/u/home/llim/FMPCC/FM-PCC/logs/d3il_visual_aligning_baseline/_DA_VA_BRIDGE_d3il_baseline_Bf_U3/d3il_baseline_ddpm_encdec_vision__Bf_U3,3,test,none,none,False,d3il_baseline,context_target_xy_x,0.48500741525781,0.053419198895464495,0.4179592430591583,0.5885487198829651,466,all,20260620_130306
2,d3il_baseline_ddpm_encdec_vision__Bf_U3,/u/home/llim/FMPCC/FM-PCC/logs/d3il_visual_aligning_baseline/_DA_VA_BRIDGE_d3il_baseline_Bf_U3/d3il_baseline_ddpm_encdec_vision__Bf_U3,3,test,none,none,False,d3il_baseline,context_target_xy_y,0.26541295199946785,0.0374606736725966,0.20338557660579681,0.33333876729011536,466,all,20260620_130306
2,d3il_baseline_ddpm_encdec_vision__Bf_U3,/u/home/llim/FMPCC/FM-PCC/logs/d3il_visual_aligning_baseline/_DA_VA_BRIDGE_d3il_baseline_Bf_U3/d3il_baseline_ddpm_encdec_vision__Bf_U3,3,test,none,none,False,d3il_baseline,diagnostics_found,1.0,0.0,1.0,1.0,466,all,20260620_130306
2,d3il_baseline_ddpm_encdec_vision__Bf_U3,/u/home/llim/FMPCC/FM-PCC/logs/d3il_visual_aligning_baseline/_DA_VA_BRIDGE_d3il_baseline_Bf_U3/d3il_baseline_ddpm_encdec_vision__Bf_U3,3,test,none,none,False,d3il_baseline,frozen,0.0,0.0,0.0,0.0,466,all,20260620_130306
2,d3il_baseline_ddpm_encdec_vision__Bf_U3,/u/home/llim/FMPCC/FM-PCC/logs/d3il_visual_aligning_baseline/_DA_VA_BRIDGE_d3il_baseline_Bf_U3/d3il_baseline_ddpm_encdec_vision__Bf_U3,3,test,none,none,False,d3il_baseline,frozen_worst_overlap_m,,,,,0,all,20260620_130306
2,d3il_baseline_ddpm_encdec_vision__Bf_U3,/u/home/llim/FMPCC/FM-PCC/logs/d3il_visual_aligning_baseline/_DA_VA_BRIDGE_d3il_baseline_Bf_U3/d3il_baseline_ddpm_encdec_vision__Bf_U3,3,test,none,none,False,d3il_baseline,mode_encoding,0.5107296137339056,0.5004220840629586,0.0,1.0,466,all,20260620_130306
2,d3il_baseline_ddpm_encdec_vision__Bf_U3,/u/home/llim/FMPCC/FM-PCC/logs/d3il_visual_aligning_baseline/_DA_VA_BRIDGE_d3il_baseline_Bf_U3/d3il_baseline_ddpm_encdec_vision__Bf_U3,3,test,none,none,False,d3il_baseline,success_strict,0.006437768240343348,0.08006296843471664,0.0,1.0,466,all,20260620_130306
2,d3il_baseline_ddpm_encdec_vision__Bf_U3,/u/home/llim/FMPCC/FM-PCC/logs/d3il_visual_aligning_baseline/_DA_VA_BRIDGE_d3il_baseline_Bf_U3/d3il_baseline_ddpm_encdec_vision__Bf_U3,3,test,none,none,False,d3il_baseline,total_violations,,,,,0,all,20260620_130306
2,d3il_baseline_ddpm_encdec_vision__Bf_U3,/u/home/llim/FMPCC/FM-PCC/logs/d3il_visual_aligning_baseline/_DA_VA_BRIDGE_d3il_baseline_Bf_U3/d3il_baseline_ddpm_encdec_vision__Bf_U3,3,test,none,none,False,d3il_baseline,n_success,0.006437768240343348,0.08006296843471664,0.0,1.0,466,unfrozen,20260620_130306
2,d3il_baseline_ddpm_encdec_vision__Bf_U3,/u/home/llim/FMPCC/FM-PCC/logs/d3il_visual_aligning_baseline/_DA_VA_BRIDGE_d3il_baseline_Bf_U3/d3il_baseline_ddpm_encdec_vision__Bf_U3,3,test,none,none,False,d3il_baseline,n_success_and_constraints,,,,,0,unfrozen,20260620_130306
2,d3il_baseline_ddpm_encdec_vision__Bf_U3,/u/home/llim/FMPCC/FM-PCC/logs/d3il_visual_aligning_baseline/_DA_VA_BRIDGE_d3il_baseline_Bf_U3/d3il_baseline_ddpm_encdec_vision__Bf_U3,3,test,none,none,False,d3il_baseline,mean_dist_per_rollout,0.36217301981038513,0.1611722207145191,0.024924533913289394,0.7328797653166575,466,unfrozen,20260620_130306
2,d3il_baseline_ddpm_encdec_vision__Bf_U3,/u/home/llim/FMPCC/FM-PCC/logs/d3il_visual_aligning_baseline/_DA_VA_BRIDGE_d3il_baseline_Bf_U3/d3il_baseline_ddpm_encdec_vision__Bf_U3,3,test,none,none,False,d3il_baseline,n_steps,398.96351931330474,14.576338156046289,123.0,400.0,466,unfrozen,20260620_130306
2,d3il_baseline_ddpm_encdec_vision__Bf_U3,/u/home/llim/FMPCC/FM-PCC/logs/d3il_visual_aligning_baseline/_DA_VA_BRIDGE_d3il_baseline_Bf_U3/d3il_baseline_ddpm_encdec_vision__Bf_U3,3,test,none,none,False,d3il_baseline,avg_time,,,,,0,unfrozen,20260620_130306
2,d3il_baseline_ddpm_encdec_vision__Bf_U3,/u/home/llim/FMPCC/FM-PCC/logs/d3il_visual_aligning_baseline/_DA_VA_BRIDGE_d3il_baseline_Bf_U3/d3il_baseline_ddpm_encdec_vision__Bf_U3,3,test,none,none,False,d3il_baseline,avg_time_ms,,,,,0,unfrozen,20260620_130306
2,d3il_baseline_ddpm_encdec_vision__Bf_U3,/u/home/llim/FMPCC/FM-PCC/logs/d3il_visual_aligning_baseline/_DA_VA_BRIDGE_d3il_baseline_Bf_U3/d3il_baseline_ddpm_encdec_vision__Bf_U3,3,test,none,none,False,d3il_baseline,context_box_angle_deg,-27.851516241679377,47.49152439829981,-88.14921569824219,87.04790496826172,466,unfrozen,20260620_130306
2,d3il_baseline_ddpm_encdec_vision__Bf_U3,/u/home/llim/FMPCC/FM-PCC/logs/d3il_visual_aligning_baseline/_DA_VA_BRIDGE_d3il_baseline_Bf_U3/d3il_baseline_ddpm_encdec_vision__Bf_U3,3,test,none,none,False,d3il_baseline,context_box_init_xy_x,0.5261289529790183,0.04887657169639,0.40844082832336426,0.5919983983039856,466,unfrozen,20260620_130306
2,d3il_baseline_ddpm_encdec_vision__Bf_U3,/u/home/llim/FMPCC/FM-PCC/logs/d3il_visual_aligning_baseline/_DA_VA_BRIDGE_d3il_baseline_Bf_U3/d3il_baseline_ddpm_encdec_vision__Bf_U3,3,test,none,none,False,d3il_baseline,context_box_init_xy_y,-0.17243790748037494,0.046066877537879525,-0.24710826575756073,-0.10121171176433563,466,unfrozen,20260620_130306
2,d3il_baseline_ddpm_encdec_vision__Bf_U3,/u/home/llim/FMPCC/FM-PCC/logs/d3il_visual_aligning_baseline/_DA_VA_BRIDGE_d3il_baseline_Bf_U3/d3il_baseline_ddpm_encdec_vision__Bf_U3,3,test,none,none,False,d3il_baseline,context_final_box_angle_deg,-38.827820017876725,66.57164016984514,-176.48359460939,179.6050012846787,466,unfrozen,20260620_130306
2,d3il_baseline_ddpm_encdec_vision__Bf_U3,/u/home/llim/FMPCC/FM-PCC/logs/d3il_visual_aligning_baseline/_DA_VA_BRIDGE_d3il_baseline_Bf_U3/d3il_baseline_ddpm_encdec_vision__Bf_U3,3,test,none,none,False,d3il_baseline,context_final_box_xy_x,0.5844207617892124,0.09159627188027439,0.3567860477495524,0.9051365022242085,466,unfrozen,20260620_130306
2,d3il_baseline_ddpm_encdec_vision__Bf_U3,/u/home/llim/FMPCC/FM-PCC/logs/d3il_visual_aligning_baseline/_DA_VA_BRIDGE_d3il_baseline_Bf_U3/d3il_baseline_ddpm_encdec_vision__Bf_U3,3,test,none,none,False,d3il_baseline,context_final_box_xy_y,0.08592397547696078,0.2475869501156862,-0.29194198521511705,0.4630449512806218,466,unfrozen,20260620_130306
2,d3il_baseline_ddpm_encdec_vision__Bf_U3,/u/home/llim/FMPCC/FM-PCC/logs/d3il_visual_aligning_baseline/_DA_VA_BRIDGE_d3il_baseline_Bf_U3/d3il_baseline_ddpm_encdec_vision__Bf_U3,3,test,none,none,False,d3il_baseline,context_final_xy_dist,0.30453457323458455,0.15869390934937083,0.012031652594363361,0.6377078377759495,466,unfrozen,20260620_130306
2,d3il_baseline_ddpm_encdec_vision__Bf_U3,/u/home/llim/FMPCC/FM-PCC/logs/d3il_visual_aligning_baseline/_DA_VA_BRIDGE_d3il_baseline_Bf_U3/d3il_baseline_ddpm_encdec_vision__Bf_U3,3,test,none,none,False,d3il_baseline,context_index,12.446351931330472,7.479169466611019,0.0,25.0,466,unfrozen,20260620_130306
2,d3il_baseline_ddpm_encdec_vision__Bf_U3,/u/home/llim/FMPCC/FM-PCC/logs/d3il_visual_aligning_baseline/_DA_VA_BRIDGE_d3il_baseline_Bf_U3/d3il_baseline_ddpm_encdec_vision__Bf_U3,3,test,none,none,False,d3il_baseline,context_init_xy_dist,0.44623963310994813,0.06093300582915109,0.34468892216682434,0.5573652982711792,466,unfrozen,20260620_130306
2,d3il_baseline_ddpm_encdec_vision__Bf_U3,/u/home/llim/FMPCC/FM-PCC/logs/d3il_visual_aligning_baseline/_DA_VA_BRIDGE_d3il_baseline_Bf_U3/d3il_baseline_ddpm_encdec_vision__Bf_U3,3,test,none,none,False,d3il_baseline,context_target_angle_deg,1.7647107251212322,47.38177068530492,-86.34280395507812,72.6987075805664,466,unfrozen,20260620_130306
2,d3il_baseline_ddpm_encdec_vision__Bf_U3,/u/home/llim/FMPCC/FM-PCC/logs/d3il_visual_aligning_baseline/_DA_VA_BRIDGE_d3il_baseline_Bf_U3/d3il_baseline_ddpm_encdec_vision__Bf_U3,3,test,none,none,False,d3il_baseline,context_target_xy_x,0.48500741525781,0.053419198895464495,0.4179592430591583,0.5885487198829651,466,unfrozen,20260620_130306
2,d3il_baseline_ddpm_encdec_vision__Bf_U3,/u/home/llim/FMPCC/FM-PCC/logs/d3il_visual_aligning_baseline/_DA_VA_BRIDGE_d3il_baseline_Bf_U3/d3il_baseline_ddpm_encdec_vision__Bf_U3,3,test,none,none,False,d3il_baseline,context_target_xy_y,0.26541295199946785,0.0374606736725966,0.20338557660579681,0.33333876729011536,466,unfrozen,20260620_130306
2,d3il_baseline_ddpm_encdec_vision__Bf_U3,/u/home/llim/FMPCC/FM-PCC/logs/d3il_visual_aligning_baseline/_DA_VA_BRIDGE_d3il_baseline_Bf_U3/d3il_baseline_ddpm_encdec_vision__Bf_U3,3,test,none,none,False,d3il_baseline,diagnostics_found,1.0,0.0,1.0,1.0,466,unfrozen,20260620_130306
2,d3il_baseline_ddpm_encdec_vision__Bf_U3,/u/home/llim/FMPCC/FM-PCC/logs/d3il_visual_aligning_baseline/_DA_VA_BRIDGE_d3il_baseline_Bf_U3/d3il_baseline_ddpm_encdec_vision__Bf_U3,3,test,none,none,False,d3il_baseline,frozen,0.0,0.0,0.0,0.0,466,unfrozen,20260620_130306
2,d3il_baseline_ddpm_encdec_vision__Bf_U3,/u/home/llim/FMPCC/FM-PCC/logs/d3il_visual_aligning_baseline/_DA_VA_BRIDGE_d3il_baseline_Bf_U3/d3il_baseline_ddpm_encdec_vision__Bf_U3,3,test,none,none,False,d3il_baseline,frozen_worst_overlap_m,,,,,0,unfrozen,20260620_130306
2,d3il_baseline_ddpm_encdec_vision__Bf_U3,/u/home/llim/FMPCC/FM-PCC/logs/d3il_visual_aligning_baseline/_DA_VA_BRIDGE_d3il_baseline_Bf_U3/d3il_baseline_ddpm_encdec_vision__Bf_U3,3,test,none,none,False,d3il_baseline,mode_encoding,0.5107296137339056,0.5004220840629586,0.0,1.0,466,unfrozen,20260620_130306
2,d3il_baseline_ddpm_encdec_vision__Bf_U3,/u/home/llim/FMPCC/FM-PCC/logs/d3il_visual_aligning_baseline/_DA_VA_BRIDGE_d3il_baseline_Bf_U3/d3il_baseline_ddpm_encdec_vision__Bf_U3,3,test,none,none,False,d3il_baseline,success_strict,0.006437768240343348,0.08006296843471664,0.0,1.0,466,unfrozen,20260620_130306
2,d3il_baseline_ddpm_encdec_vision__Bf_U3,/u/home/llim/FMPCC/FM-PCC/logs/d3il_visual_aligning_baseline/_DA_VA_BRIDGE_d3il_baseline_Bf_U3/d3il_baseline_ddpm_encdec_vision__Bf_U3,3,test,none,none,False,d3il_baseline,total_violations,,,,,0,unfrozen,20260620_130306
2,d3il_baseline_ddpm_encdec_vision__Bf_U3,/u/home/llim/FMPCC/FM-PCC/logs/d3il_visual_aligning_baseline/_DA_VA_BRIDGE_d3il_baseline_Bf_U3/d3il_baseline_ddpm_encdec_vision__Bf_U3,4,test,none,none,False,d3il_baseline,n_success,0.008565310492505354,0.09225057728083887,0.0,1.0,467,all,20260620_210858
2,d3il_baseline_ddpm_encdec_vision__Bf_U3,/u/home/llim/FMPCC/FM-PCC/logs/d3il_visual_aligning_baseline/_DA_VA_BRIDGE_d3il_baseline_Bf_U3/d3il_baseline_ddpm_encdec_vision__Bf_U3,4,test,none,none,False,d3il_baseline,n_success_and_constraints,,,,,0,all,20260620_210858
2,d3il_baseline_ddpm_encdec_vision__Bf_U3,/u/home/llim/FMPCC/FM-PCC/logs/d3il_visual_aligning_baseline/_DA_VA_BRIDGE_d3il_baseline_Bf_U3/d3il_baseline_ddpm_encdec_vision__Bf_U3,4,test,none,none,False,d3il_baseline,mean_dist_per_rollout,0.387207004405471,0.1344487106700854,0.011087843668918764,0.7823982992194213,467,all,20260620_210858
2,d3il_baseline_ddpm_encdec_vision__Bf_U3,/u/home/llim/FMPCC/FM-PCC/logs/d3il_visual_aligning_baseline/_DA_VA_BRIDGE_d3il_baseline_Bf_U3/d3il_baseline_ddpm_encdec_vision__Bf_U3,4,test,none,none,False,d3il_baseline,n_steps,397.83725910064237,23.384527352717143,117.0,400.0,467,all,20260620_210858
2,d3il_baseline_ddpm_encdec_vision__Bf_U3,/u/home/llim/FMPCC/FM-PCC/logs/d3il_visual_aligning_baseline/_DA_VA_BRIDGE_d3il_baseline_Bf_U3/d3il_baseline_ddpm_encdec_vision__Bf_U3,4,test,none,none,False,d3il_baseline,avg_time,,,,,0,all,20260620_210858
2,d3il_baseline_ddpm_encdec_vision__Bf_U3,/u/home/llim/FMPCC/FM-PCC/logs/d3il_visual_aligning_baseline/_DA_VA_BRIDGE_d3il_baseline_Bf_U3/d3il_baseline_ddpm_encdec_vision__Bf_U3,4,test,none,none,False,d3il_baseline,avg_time_ms,,,,,0,all,20260620_210858
2,d3il_baseline_ddpm_encdec_vision__Bf_U3,/u/home/llim/FMPCC/FM-PCC/logs/d3il_visual_aligning_baseline/_DA_VA_BRIDGE_d3il_baseline_Bf_U3/d3il_baseline_ddpm_encdec_vision__Bf_U3,4,test,none,none,False,d3il_baseline,context_box_angle_deg,-27.90227003015849,47.45321745099535,-88.14921569824219,87.04790496826172,467,all,20260620_210858
2,d3il_baseline_ddpm_encdec_vision__Bf_U3,/u/home/llim/FMPCC/FM-PCC/logs/d3il_visual_aligning_baseline/_DA_VA_BRIDGE_d3il_baseline_Bf_U3/d3il_baseline_ddpm_encdec_vision__Bf_U3,4,test,none,none,False,d3il_baseline,context_box_init_xy_x,0.5261189561073989,0.04882457880408073,0.40844082832336426,0.5919983983039856,467,all,20260620_210858
2,d3il_baseline_ddpm_encdec_vision__Bf_U3,/u/home/llim/FMPCC/FM-PCC/logs/d3il_visual_aligning_baseline/_DA_VA_BRIDGE_d3il_baseline_Bf_U3/d3il_baseline_ddpm_encdec_vision__Bf_U3,4,test,none,none,False,d3il_baseline,context_box_init_xy_y,-0.17237817890128435,0.04603552155287262,-0.24710826575756073,-0.10121171176433563,467,all,20260620_210858
2,d3il_baseline_ddpm_encdec_vision__Bf_U3,/u/home/llim/FMPCC/FM-PCC/logs/d3il_visual_aligning_baseline/_DA_VA_BRIDGE_d3il_baseline_Bf_U3/d3il_baseline_ddpm_encdec_vision__Bf_U3,4,test,none,none,False,d3il_baseline,context_final_box_angle_deg,-19.262873936279163,66.57874468309379,-179.53247522929075,178.8980699874902,467,all,20260620_210858
2,d3il_baseline_ddpm_encdec_vision__Bf_U3,/u/home/llim/FMPCC/FM-PCC/logs/d3il_visual_aligning_baseline/_DA_VA_BRIDGE_d3il_baseline_Bf_U3/d3il_baseline_ddpm_encdec_vision__Bf_U3,4,test,none,none,False,d3il_baseline,context_final_box_xy_x,0.5844243986862082,0.10372925903125449,0.2602508274593841,1.0008499553245231,467,all,20260620_210858
2,d3il_baseline_ddpm_encdec_vision__Bf_U3,/u/home/llim/FMPCC/FM-PCC/logs/d3il_visual_aligning_baseline/_DA_VA_BRIDGE_d3il_baseline_Bf_U3/d3il_baseline_ddpm_encdec_vision__Bf_U3,4,test,none,none,False,d3il_baseline,context_final_box_xy_y,0.19385273305015047,0.34434133201744094,-0.2471241353474923,0.8382473288167925,467,all,20260620_210858
2,d3il_baseline_ddpm_encdec_vision__Bf_U3,/u/home/llim/FMPCC/FM-PCC/logs/d3il_visual_aligning_baseline/_DA_VA_BRIDGE_d3il_baseline_Bf_U3/d3il_baseline_ddpm_encdec_vision__Bf_U3,4,test,none,none,False,d3il_baseline,context_final_xy_dist,0.3680485002355683,0.11103658973187265,0.009148126393773536,0.6410122343647382,467,all,20260620_210858
2,d3il_baseline_ddpm_encdec_vision__Bf_U3,/u/home/llim/FMPCC/FM-PCC/logs/d3il_visual_aligning_baseline/_DA_VA_BRIDGE_d3il_baseline_Bf_U3/d3il_baseline_ddpm_encdec_vision__Bf_U3,4,test,none,none,False,d3il_baseline,context_index,12.473233404710921,7.493690538830465,0.0,25.0,467,all,20260620_210858
2,d3il_baseline_ddpm_encdec_vision__Bf_U3,/u/home/llim/FMPCC/FM-PCC/logs/d3il_visual_aligning_baseline/_DA_VA_BRIDGE_d3il_baseline_Bf_U3/d3il_baseline_ddpm_encdec_vision__Bf_U3,4,test,none,none,False,d3il_baseline,context_init_xy_dist,0.44608924558637486,0.0609542911748942,0.34468892216682434,0.5573652982711792,467,all,20260620_210858
2,d3il_baseline_ddpm_encdec_vision__Bf_U3,/u/home/llim/FMPCC/FM-PCC/logs/d3il_visual_aligning_baseline/_DA_VA_BRIDGE_d3il_baseline_Bf_U3/d3il_baseline_ddpm_encdec_vision__Bf_U3,4,test,none,none,False,d3il_baseline,context_target_angle_deg,1.8827537601969226,47.39959682814476,-86.34280395507812,72.6987075805664,467,all,20260620_210858
2,d3il_baseline_ddpm_encdec_vision__Bf_U3,/u/home/llim/FMPCC/FM-PCC/logs/d3il_visual_aligning_baseline/_DA_VA_BRIDGE_d3il_baseline_Bf_U3/d3il_baseline_ddpm_encdec_vision__Bf_U3,4,test,none,none,False,d3il_baseline,context_target_xy_x,0.4848638431546009,0.05345197311028923,0.4179592430591583,0.5885487198829651,467,all,20260620_210858
2,d3il_baseline_ddpm_encdec_vision__Bf_U3,/u/home/llim/FMPCC/FM-PCC/logs/d3il_visual_aligning_baseline/_DA_VA_BRIDGE_d3il_baseline_Bf_U3/d3il_baseline_ddpm_encdec_vision__Bf_U3,4,test,none,none,False,d3il_baseline,context_target_xy_y,0.2653091521794076,0.03748762916220297,0.20338557660579681,0.33333876729011536,467,all,20260620_210858
2,d3il_baseline_ddpm_encdec_vision__Bf_U3,/u/home/llim/FMPCC/FM-PCC/logs/d3il_visual_aligning_baseline/_DA_VA_BRIDGE_d3il_baseline_Bf_U3/d3il_baseline_ddpm_encdec_vision__Bf_U3,4,test,none,none,False,d3il_baseline,diagnostics_found,1.0,0.0,1.0,1.0,467,all,20260620_210858
2,d3il_baseline_ddpm_encdec_vision__Bf_U3,/u/home/llim/FMPCC/FM-PCC/logs/d3il_visual_aligning_baseline/_DA_VA_BRIDGE_d3il_baseline_Bf_U3/d3il_baseline_ddpm_encdec_vision__Bf_U3,4,test,none,none,False,d3il_baseline,frozen,0.0,0.0,0.0,0.0,467,all,20260620_210858
2,d3il_baseline_ddpm_encdec_vision__Bf_U3,/u/home/llim/FMPCC/FM-PCC/logs/d3il_visual_aligning_baseline/_DA_VA_BRIDGE_d3il_baseline_Bf_U3/d3il_baseline_ddpm_encdec_vision__Bf_U3,4,test,none,none,False,d3il_baseline,frozen_worst_overlap_m,,,,,0,all,20260620_210858
2,d3il_baseline_ddpm_encdec_vision__Bf_U3,/u/home/llim/FMPCC/FM-PCC/logs/d3il_visual_aligning_baseline/_DA_VA_BRIDGE_d3il_baseline_Bf_U3/d3il_baseline_ddpm_encdec_vision__Bf_U3,4,test,none,none,False,d3il_baseline,mode_encoding,0.4989293361884368,0.5005350456319532,0.0,1.0,467,all,20260620_210858
2,d3il_baseline_ddpm_encdec_vision__Bf_U3,/u/home/llim/FMPCC/FM-PCC/logs/d3il_visual_aligning_baseline/_DA_VA_BRIDGE_d3il_baseline_Bf_U3/d3il_baseline_ddpm_encdec_vision__Bf_U3,4,test,none,none,False,d3il_baseline,success_strict,0.008565310492505354,0.09225057728083887,0.0,1.0,467,all,20260620_210858
2,d3il_baseline_ddpm_encdec_vision__Bf_U3,/u/home/llim/FMPCC/FM-PCC/logs/d3il_visual_aligning_baseline/_DA_VA_BRIDGE_d3il_baseline_Bf_U3/d3il_baseline_ddpm_encdec_vision__Bf_U3,4,test,none,none,False,d3il_baseline,total_violations,,,,,0,all,20260620_210858
2,d3il_baseline_ddpm_encdec_vision__Bf_U3,/u/home/llim/FMPCC/FM-PCC/logs/d3il_visual_aligning_baseline/_DA_VA_BRIDGE_d3il_baseline_Bf_U3/d3il_baseline_ddpm_encdec_vision__Bf_U3,4,test,none,none,False,d3il_baseline,n_success,0.008565310492505354,0.09225057728083887,0.0,1.0,467,unfrozen,20260620_210858
2,d3il_baseline_ddpm_encdec_vision__Bf_U3,/u/home/llim/FMPCC/FM-PCC/logs/d3il_visual_aligning_baseline/_DA_VA_BRIDGE_d3il_baseline_Bf_U3/d3il_baseline_ddpm_encdec_vision__Bf_U3,4,test,none,none,False,d3il_baseline,n_success_and_constraints,,,,,0,unfrozen,20260620_210858
2,d3il_baseline_ddpm_encdec_vision__Bf_U3,/u/home/llim/FMPCC/FM-PCC/logs/d3il_visual_aligning_baseline/_DA_VA_BRIDGE_d3il_baseline_Bf_U3/d3il_baseline_ddpm_encdec_vision__Bf_U3,4,test,none,none,False,d3il_baseline,mean_dist_per_rollout,0.387207004405471,0.1344487106700854,0.011087843668918764,0.7823982992194213,467,unfrozen,20260620_210858
2,d3il_baseline_ddpm_encdec_vision__Bf_U3,/u/home/llim/FMPCC/FM-PCC/logs/d3il_visual_aligning_baseline/_DA_VA_BRIDGE_d3il_baseline_Bf_U3/d3il_baseline_ddpm_encdec_vision__Bf_U3,4,test,none,none,False,d3il_baseline,n_steps,397.83725910064237,23.384527352717143,117.0,400.0,467,unfrozen,20260620_210858
2,d3il_baseline_ddpm_encdec_vision__Bf_U3,/u/home/llim/FMPCC/FM-PCC/logs/d3il_visual_aligning_baseline/_DA_VA_BRIDGE_d3il_baseline_Bf_U3/d3il_baseline_ddpm_encdec_vision__Bf_U3,4,test,none,none,False,d3il_baseline,avg_time,,,,,0,unfrozen,20260620_210858
2,d3il_baseline_ddpm_encdec_vision__Bf_U3,/u/home/llim/FMPCC/FM-PCC/logs/d3il_visual_aligning_baseline/_DA_VA_BRIDGE_d3il_baseline_Bf_U3/d3il_baseline_ddpm_encdec_vision__Bf_U3,4,test,none,none,False,d3il_baseline,avg_time_ms,,,,,0,unfrozen,20260620_210858
2,d3il_baseline_ddpm_encdec_vision__Bf_U3,/u/home/llim/FMPCC/FM-PCC/logs/d3il_visual_aligning_baseline/_DA_VA_BRIDGE_d3il_baseline_Bf_U3/d3il_baseline_ddpm_encdec_vision__Bf_U3,4,test,none,none,False,d3il_baseline,context_box_angle_deg,-27.90227003015849,47.45321745099535,-88.14921569824219,87.04790496826172,467,unfrozen,20260620_210858
2,d3il_baseline_ddpm_encdec_vision__Bf_U3,/u/home/llim/FMPCC/FM-PCC/logs/d3il_visual_aligning_baseline/_DA_VA_BRIDGE_d3il_baseline_Bf_U3/d3il_baseline_ddpm_encdec_vision__Bf_U3,4,test,none,none,False,d3il_baseline,context_box_init_xy_x,0.5261189561073989,0.04882457880408073,0.40844082832336426,0.5919983983039856,467,unfrozen,20260620_210858
2,d3il_baseline_ddpm_encdec_vision__Bf_U3,/u/home/llim/FMPCC/FM-PCC/logs/d3il_visual_aligning_baseline/_DA_VA_BRIDGE_d3il_baseline_Bf_U3/d3il_baseline_ddpm_encdec_vision__Bf_U3,4,test,none,none,False,d3il_baseline,context_box_init_xy_y,-0.17237817890128435,0.04603552155287262,-0.24710826575756073,-0.10121171176433563,467,unfrozen,20260620_210858
2,d3il_baseline_ddpm_encdec_vision__Bf_U3,/u/home/llim/FMPCC/FM-PCC/logs/d3il_visual_aligning_baseline/_DA_VA_BRIDGE_d3il_baseline_Bf_U3/d3il_baseline_ddpm_encdec_vision__Bf_U3,4,test,none,none,False,d3il_baseline,context_final_box_angle_deg,-19.262873936279163,66.57874468309379,-179.53247522929075,178.8980699874902,467,unfrozen,20260620_210858
2,d3il_baseline_ddpm_encdec_vision__Bf_U3,/u/home/llim/FMPCC/FM-PCC/logs/d3il_visual_aligning_baseline/_DA_VA_BRIDGE_d3il_baseline_Bf_U3/d3il_baseline_ddpm_encdec_vision__Bf_U3,4,test,none,none,False,d3il_baseline,context_final_box_xy_x,0.5844243986862082,0.10372925903125449,0.2602508274593841,1.0008499553245231,467,unfrozen,20260620_210858
2,d3il_baseline_ddpm_encdec_vision__Bf_U3,/u/home/llim/FMPCC/FM-PCC/logs/d3il_visual_aligning_baseline/_DA_VA_BRIDGE_d3il_baseline_Bf_U3/d3il_baseline_ddpm_encdec_vision__Bf_U3,4,test,none,none,False,d3il_baseline,context_final_box_xy_y,0.19385273305015047,0.34434133201744094,-0.2471241353474923,0.8382473288167925,467,unfrozen,20260620_210858
2,d3il_baseline_ddpm_encdec_vision__Bf_U3,/u/home/llim/FMPCC/FM-PCC/logs/d3il_visual_aligning_baseline/_DA_VA_BRIDGE_d3il_baseline_Bf_U3/d3il_baseline_ddpm_encdec_vision__Bf_U3,4,test,none,none,False,d3il_baseline,context_final_xy_dist,0.3680485002355683,0.11103658973187265,0.009148126393773536,0.6410122343647382,467,unfrozen,20260620_210858
2,d3il_baseline_ddpm_encdec_vision__Bf_U3,/u/home/llim/FMPCC/FM-PCC/logs/d3il_visual_aligning_baseline/_DA_VA_BRIDGE_d3il_baseline_Bf_U3/d3il_baseline_ddpm_encdec_vision__Bf_U3,4,test,none,none,False,d3il_baseline,context_index,12.473233404710921,7.493690538830465,0.0,25.0,467,unfrozen,20260620_210858
2,d3il_baseline_ddpm_encdec_vision__Bf_U3,/u/home/llim/FMPCC/FM-PCC/logs/d3il_visual_aligning_baseline/_DA_VA_BRIDGE_d3il_baseline_Bf_U3/d3il_baseline_ddpm_encdec_vision__Bf_U3,4,test,none,none,False,d3il_baseline,context_init_xy_dist,0.44608924558637486,0.0609542911748942,0.34468892216682434,0.5573652982711792,467,unfrozen,20260620_210858
2,d3il_baseline_ddpm_encdec_vision__Bf_U3,/u/home/llim/FMPCC/FM-PCC/logs/d3il_visual_aligning_baseline/_DA_VA_BRIDGE_d3il_baseline_Bf_U3/d3il_baseline_ddpm_encdec_vision__Bf_U3,4,test,none,none,False,d3il_baseline,context_target_angle_deg,1.8827537601969226,47.39959682814476,-86.34280395507812,72.6987075805664,467,unfrozen,20260620_210858
2,d3il_baseline_ddpm_encdec_vision__Bf_U3,/u/home/llim/FMPCC/FM-PCC/logs/d3il_visual_aligning_baseline/_DA_VA_BRIDGE_d3il_baseline_Bf_U3/d3il_baseline_ddpm_encdec_vision__Bf_U3,4,test,none,none,False,d3il_baseline,context_target_xy_x,0.4848638431546009,0.05345197311028923,0.4179592430591583,0.5885487198829651,467,unfrozen,20260620_210858
2,d3il_baseline_ddpm_encdec_vision__Bf_U3,/u/home/llim/FMPCC/FM-PCC/logs/d3il_visual_aligning_baseline/_DA_VA_BRIDGE_d3il_baseline_Bf_U3/d3il_baseline_ddpm_encdec_vision__Bf_U3,4,test,none,none,False,d3il_baseline,context_target_xy_y,0.2653091521794076,0.03748762916220297,0.20338557660579681,0.33333876729011536,467,unfrozen,20260620_210858
2,d3il_baseline_ddpm_encdec_vision__Bf_U3,/u/home/llim/FMPCC/FM-PCC/logs/d3il_visual_aligning_baseline/_DA_VA_BRIDGE_d3il_baseline_Bf_U3/d3il_baseline_ddpm_encdec_vision__Bf_U3,4,test,none,none,False,d3il_baseline,diagnostics_found,1.0,0.0,1.0,1.0,467,unfrozen,20260620_210858
2,d3il_baseline_ddpm_encdec_vision__Bf_U3,/u/home/llim/FMPCC/FM-PCC/logs/d3il_visual_aligning_baseline/_DA_VA_BRIDGE_d3il_baseline_Bf_U3/d3il_baseline_ddpm_encdec_vision__Bf_U3,4,test,none,none,False,d3il_baseline,frozen,0.0,0.0,0.0,0.0,467,unfrozen,20260620_210858
2,d3il_baseline_ddpm_encdec_vision__Bf_U3,/u/home/llim/FMPCC/FM-PCC/logs/d3il_visual_aligning_baseline/_DA_VA_BRIDGE_d3il_baseline_Bf_U3/d3il_baseline_ddpm_encdec_vision__Bf_U3,4,test,none,none,False,d3il_baseline,frozen_worst_overlap_m,,,,,0,unfrozen,20260620_210858
2,d3il_baseline_ddpm_encdec_vision__Bf_U3,/u/home/llim/FMPCC/FM-PCC/logs/d3il_visual_aligning_baseline/_DA_VA_BRIDGE_d3il_baseline_Bf_U3/d3il_baseline_ddpm_encdec_vision__Bf_U3,4,test,none,none,False,d3il_baseline,mode_encoding,0.4989293361884368,0.5005350456319532,0.0,1.0,467,unfrozen,20260620_210858
2,d3il_baseline_ddpm_encdec_vision__Bf_U3,/u/home/llim/FMPCC/FM-PCC/logs/d3il_visual_aligning_baseline/_DA_VA_BRIDGE_d3il_baseline_Bf_U3/d3il_baseline_ddpm_encdec_vision__Bf_U3,4,test,none,none,False,d3il_baseline,success_strict,0.008565310492505354,0.09225057728083887,0.0,1.0,467,unfrozen,20260620_210858
2,d3il_baseline_ddpm_encdec_vision__Bf_U3,/u/home/llim/FMPCC/FM-PCC/logs/d3il_visual_aligning_baseline/_DA_VA_BRIDGE_d3il_baseline_Bf_U3/d3il_baseline_ddpm_encdec_vision__Bf_U3,4,test,none,none,False,d3il_baseline,total_violations,,,,,0,unfrozen,20260620_210858
2,d3il_baseline_ddpm_encdec_vision__Bf_U3,/u/home/llim/FMPCC/FM-PCC/logs/d3il_visual_aligning_baseline/_DA_VA_BRIDGE_d3il_baseline_Bf_U3/d3il_baseline_ddpm_encdec_vision__Bf_U3,42,test,none,none,False,d3il_baseline,n_success,0.0,0.0,0.0,0.0,468,all,20260620_215600
2,d3il_baseline_ddpm_encdec_vision__Bf_U3,/u/home/llim/FMPCC/FM-PCC/logs/d3il_visual_aligning_baseline/_DA_VA_BRIDGE_d3il_baseline_Bf_U3/d3il_baseline_ddpm_encdec_vision__Bf_U3,42,test,none,none,False,d3il_baseline,n_success_and_constraints,,,,,0,all,20260620_215600
2,d3il_baseline_ddpm_encdec_vision__Bf_U3,/u/home/llim/FMPCC/FM-PCC/logs/d3il_visual_aligning_baseline/_DA_VA_BRIDGE_d3il_baseline_Bf_U3/d3il_baseline_ddpm_encdec_vision__Bf_U3,42,test,none,none,False,d3il_baseline,mean_dist_per_rollout,0.3997672197798684,0.13063766354247514,0.08743721257730715,0.7403076608480765,468,all,20260620_215600
2,d3il_baseline_ddpm_encdec_vision__Bf_U3,/u/home/llim/FMPCC/FM-PCC/logs/d3il_visual_aligning_baseline/_DA_VA_BRIDGE_d3il_baseline_Bf_U3/d3il_baseline_ddpm_encdec_vision__Bf_U3,42,test,none,none,False,d3il_baseline,n_steps,400.0,0.0,400.0,400.0,468,all,20260620_215600
2,d3il_baseline_ddpm_encdec_vision__Bf_U3,/u/home/llim/FMPCC/FM-PCC/logs/d3il_visual_aligning_baseline/_DA_VA_BRIDGE_d3il_baseline_Bf_U3/d3il_baseline_ddpm_encdec_vision__Bf_U3,42,test,none,none,False,d3il_baseline,avg_time,,,,,0,all,20260620_215600
2,d3il_baseline_ddpm_encdec_vision__Bf_U3,/u/home/llim/FMPCC/FM-PCC/logs/d3il_visual_aligning_baseline/_DA_VA_BRIDGE_d3il_baseline_Bf_U3/d3il_baseline_ddpm_encdec_vision__Bf_U3,42,test,none,none,False,d3il_baseline,avg_time_ms,,,,,0,all,20260620_215600
2,d3il_baseline_ddpm_encdec_vision__Bf_U3,/u/home/llim/FMPCC/FM-PCC/logs/d3il_visual_aligning_baseline/_DA_VA_BRIDGE_d3il_baseline_Bf_U3/d3il_baseline_ddpm_encdec_vision__Bf_U3,42,test,none,none,False,d3il_baseline,context_box_angle_deg,-27.952806922105644,47.414989713732766,-88.14921569824219,87.04790496826172,468,all,20260620_215600
2,d3il_baseline_ddpm_encdec_vision__Bf_U3,/u/home/llim/FMPCC/FM-PCC/logs/d3il_visual_aligning_baseline/_DA_VA_BRIDGE_d3il_baseline_Bf_U3/d3il_baseline_ddpm_encdec_vision__Bf_U3,42,test,none,none,False,d3il_baseline,context_box_init_xy_x,0.5261090019574532,0.04877275146905937,0.40844082832336426,0.5919983983039856,468,all,20260620_215600
2,d3il_baseline_ddpm_encdec_vision__Bf_U3,/u/home/llim/FMPCC/FM-PCC/logs/d3il_visual_aligning_baseline/_DA_VA_BRIDGE_d3il_baseline_Bf_U3/d3il_baseline_ddpm_encdec_vision__Bf_U3,42,test,none,none,False,d3il_baseline,context_box_init_xy_y,-0.17231870557253176,0.04600420140409354,-0.24710826575756073,-0.10121171176433563,468,all,20260620_215600
2,d3il_baseline_ddpm_encdec_vision__Bf_U3,/u/home/llim/FMPCC/FM-PCC/logs/d3il_visual_aligning_baseline/_DA_VA_BRIDGE_d3il_baseline_Bf_U3/d3il_baseline_ddpm_encdec_vision__Bf_U3,42,test,none,none,False,d3il_baseline,context_final_box_angle_deg,-30.766817744122083,53.233348972142636,-173.12428357885005,154.40517922300972,468,all,20260620_215600
2,d3il_baseline_ddpm_encdec_vision__Bf_U3,/u/home/llim/FMPCC/FM-PCC/logs/d3il_visual_aligning_baseline/_DA_VA_BRIDGE_d3il_baseline_Bf_U3/d3il_baseline_ddpm_encdec_vision__Bf_U3,42,test,none,none,False,d3il_baseline,context_final_box_xy_x,0.5445293327346725,0.06565860609209025,0.40762004122940465,0.7491531636539942,468,all,20260620_215600
2,d3il_baseline_ddpm_encdec_vision__Bf_U3,/u/home/llim/FMPCC/FM-PCC/logs/d3il_visual_aligning_baseline/_DA_VA_BRIDGE_d3il_baseline_Bf_U3/d3il_baseline_ddpm_encdec_vision__Bf_U3,42,test,none,none,False,d3il_baseline,context_final_box_xy_y,-0.07736063348772607,0.22102984999954642,-0.2657285047508093,0.5572501011754325,468,all,20260620_215600
2,d3il_baseline_ddpm_encdec_vision__Bf_U3,/u/home/llim/FMPCC/FM-PCC/logs/d3il_visual_aligning_baseline/_DA_VA_BRIDGE_d3il_baseline_Bf_U3/d3il_baseline_ddpm_encdec_vision__Bf_U3,42,test,none,none,False,d3il_baseline,context_final_xy_dist,0.41048930102845504,0.10401028532352766,0.09593220161209708,0.5581883246373935,468,all,20260620_215600
2,d3il_baseline_ddpm_encdec_vision__Bf_U3,/u/home/llim/FMPCC/FM-PCC/logs/d3il_visual_aligning_baseline/_DA_VA_BRIDGE_d3il_baseline_Bf_U3/d3il_baseline_ddpm_encdec_vision__Bf_U3,42,test,none,none,False,d3il_baseline,context_index,12.5,7.508025684479296,0.0,25.0,468,all,20260620_215600
2,d3il_baseline_ddpm_encdec_vision__Bf_U3,/u/home/llim/FMPCC/FM-PCC/logs/d3il_visual_aligning_baseline/_DA_VA_BRIDGE_d3il_baseline_Bf_U3/d3il_baseline_ddpm_encdec_vision__Bf_U3,42,test,none,none,False,d3il_baseline,context_init_xy_dist,0.4459395007445262,0.06097510865429261,0.34468892216682434,0.5573652982711792,468,all,20260620_215600
2,d3il_baseline_ddpm_encdec_vision__Bf_U3,/u/home/llim/FMPCC/FM-PCC/logs/d3il_visual_aligning_baseline/_DA_VA_BRIDGE_d3il_baseline_Bf_U3/d3il_baseline_ddpm_encdec_vision__Bf_U3,42,test,none,none,False,d3il_baseline,context_target_angle_deg,2.00029233785776,47.41704736200309,-86.34280395507812,72.6987075805664,468,all,20260620_215600
2,d3il_baseline_ddpm_encdec_vision__Bf_U3,/u/home/llim/FMPCC/FM-PCC/logs/d3il_visual_aligning_baseline/_DA_VA_BRIDGE_d3il_baseline_Bf_U3/d3il_baseline_ddpm_encdec_vision__Bf_U3,42,test,none,none,False,d3il_baseline,context_target_xy_x,0.48472088460738844,0.05348420325578214,0.4179592430591583,0.5885487198829651,468,all,20260620_215600
2,d3il_baseline_ddpm_encdec_vision__Bf_U3,/u/home/llim/FMPCC/FM-PCC/logs/d3il_visual_aligning_baseline/_DA_VA_BRIDGE_d3il_baseline_Bf_U3/d3il_baseline_ddpm_encdec_vision__Bf_U3,42,test,none,none,False,d3il_baseline,context_target_xy_y,0.265205795948322,0.03751416398605137,0.20338557660579681,0.33333876729011536,468,all,20260620_215600
2,d3il_baseline_ddpm_encdec_vision__Bf_U3,/u/home/llim/FMPCC/FM-PCC/logs/d3il_visual_aligning_baseline/_DA_VA_BRIDGE_d3il_baseline_Bf_U3/d3il_baseline_ddpm_encdec_vision__Bf_U3,42,test,none,none,False,d3il_baseline,diagnostics_found,1.0,0.0,1.0,1.0,468,all,20260620_215600
2,d3il_baseline_ddpm_encdec_vision__Bf_U3,/u/home/llim/FMPCC/FM-PCC/logs/d3il_visual_aligning_baseline/_DA_VA_BRIDGE_d3il_baseline_Bf_U3/d3il_baseline_ddpm_encdec_vision__Bf_U3,42,test,none,none,False,d3il_baseline,frozen,0.0,0.0,0.0,0.0,468,all,20260620_215600
2,d3il_baseline_ddpm_encdec_vision__Bf_U3,/u/home/llim/FMPCC/FM-PCC/logs/d3il_visual_aligning_baseline/_DA_VA_BRIDGE_d3il_baseline_Bf_U3/d3il_baseline_ddpm_encdec_vision__Bf_U3,42,test,none,none,False,d3il_baseline,frozen_worst_overlap_m,,,,,0,all,20260620_215600
2,d3il_baseline_ddpm_encdec_vision__Bf_U3,/u/home/llim/FMPCC/FM-PCC/logs/d3il_visual_aligning_baseline/_DA_VA_BRIDGE_d3il_baseline_Bf_U3/d3il_baseline_ddpm_encdec_vision__Bf_U3,42,test,none,none,False,d3il_baseline,mode_encoding,0.8504273504273504,0.35703368242401995,0.0,1.0,468,all,20260620_215600
2,d3il_baseline_ddpm_encdec_vision__Bf_U3,/u/home/llim/FMPCC/FM-PCC/logs/d3il_visual_aligning_baseline/_DA_VA_BRIDGE_d3il_baseline_Bf_U3/d3il_baseline_ddpm_encdec_vision__Bf_U3,42,test,none,none,False,d3il_baseline,success_strict,0.0,0.0,0.0,0.0,468,all,20260620_215600
2,d3il_baseline_ddpm_encdec_vision__Bf_U3,/u/home/llim/FMPCC/FM-PCC/logs/d3il_visual_aligning_baseline/_DA_VA_BRIDGE_d3il_baseline_Bf_U3/d3il_baseline_ddpm_encdec_vision__Bf_U3,42,test,none,none,False,d3il_baseline,total_violations,,,,,0,all,20260620_215600
2,d3il_baseline_ddpm_encdec_vision__Bf_U3,/u/home/llim/FMPCC/FM-PCC/logs/d3il_visual_aligning_baseline/_DA_VA_BRIDGE_d3il_baseline_Bf_U3/d3il_baseline_ddpm_encdec_vision__Bf_U3,42,test,none,none,False,d3il_baseline,n_success,0.0,0.0,0.0,0.0,468,unfrozen,20260620_215600
2,d3il_baseline_ddpm_encdec_vision__Bf_U3,/u/home/llim/FMPCC/FM-PCC/logs/d3il_visual_aligning_baseline/_DA_VA_BRIDGE_d3il_baseline_Bf_U3/d3il_baseline_ddpm_encdec_vision__Bf_U3,42,test,none,none,False,d3il_baseline,n_success_and_constraints,,,,,0,unfrozen,20260620_215600
2,d3il_baseline_ddpm_encdec_vision__Bf_U3,/u/home/llim/FMPCC/FM-PCC/logs/d3il_visual_aligning_baseline/_DA_VA_BRIDGE_d3il_baseline_Bf_U3/d3il_baseline_ddpm_encdec_vision__Bf_U3,42,test,none,none,False,d3il_baseline,mean_dist_per_rollout,0.3997672197798684,0.13063766354247514,0.08743721257730715,0.7403076608480765,468,unfrozen,20260620_215600
2,d3il_baseline_ddpm_encdec_vision__Bf_U3,/u/home/llim/FMPCC/FM-PCC/logs/d3il_visual_aligning_baseline/_DA_VA_BRIDGE_d3il_baseline_Bf_U3/d3il_baseline_ddpm_encdec_vision__Bf_U3,42,test,none,none,False,d3il_baseline,n_steps,400.0,0.0,400.0,400.0,468,unfrozen,20260620_215600
2,d3il_baseline_ddpm_encdec_vision__Bf_U3,/u/home/llim/FMPCC/FM-PCC/logs/d3il_visual_aligning_baseline/_DA_VA_BRIDGE_d3il_baseline_Bf_U3/d3il_baseline_ddpm_encdec_vision__Bf_U3,42,test,none,none,False,d3il_baseline,avg_time,,,,,0,unfrozen,20260620_215600
2,d3il_baseline_ddpm_encdec_vision__Bf_U3,/u/home/llim/FMPCC/FM-PCC/logs/d3il_visual_aligning_baseline/_DA_VA_BRIDGE_d3il_baseline_Bf_U3/d3il_baseline_ddpm_encdec_vision__Bf_U3,42,test,none,none,False,d3il_baseline,avg_time_ms,,,,,0,unfrozen,20260620_215600
2,d3il_baseline_ddpm_encdec_vision__Bf_U3,/u/home/llim/FMPCC/FM-PCC/logs/d3il_visual_aligning_baseline/_DA_VA_BRIDGE_d3il_baseline_Bf_U3/d3il_baseline_ddpm_encdec_vision__Bf_U3,42,test,none,none,False,d3il_baseline,context_box_angle_deg,-27.952806922105644,47.414989713732766,-88.14921569824219,87.04790496826172,468,unfrozen,20260620_215600
2,d3il_baseline_ddpm_encdec_vision__Bf_U3,/u/home/llim/FMPCC/FM-PCC/logs/d3il_visual_aligning_baseline/_DA_VA_BRIDGE_d3il_baseline_Bf_U3/d3il_baseline_ddpm_encdec_vision__Bf_U3,42,test,none,none,False,d3il_baseline,context_box_init_xy_x,0.5261090019574532,0.04877275146905937,0.40844082832336426,0.5919983983039856,468,unfrozen,20260620_215600
2,d3il_baseline_ddpm_encdec_vision__Bf_U3,/u/home/llim/FMPCC/FM-PCC/logs/d3il_visual_aligning_baseline/_DA_VA_BRIDGE_d3il_baseline_Bf_U3/d3il_baseline_ddpm_encdec_vision__Bf_U3,42,test,none,none,False,d3il_baseline,context_box_init_xy_y,-0.17231870557253176,0.04600420140409354,-0.24710826575756073,-0.10121171176433563,468,unfrozen,20260620_215600
2,d3il_baseline_ddpm_encdec_vision__Bf_U3,/u/home/llim/FMPCC/FM-PCC/logs/d3il_visual_aligning_baseline/_DA_VA_BRIDGE_d3il_baseline_Bf_U3/d3il_baseline_ddpm_encdec_vision__Bf_U3,42,test,none,none,False,d3il_baseline,context_final_box_angle_deg,-30.766817744122083,53.233348972142636,-173.12428357885005,154.40517922300972,468,unfrozen,20260620_215600
2,d3il_baseline_ddpm_encdec_vision__Bf_U3,/u/home/llim/FMPCC/FM-PCC/logs/d3il_visual_aligning_baseline/_DA_VA_BRIDGE_d3il_baseline_Bf_U3/d3il_baseline_ddpm_encdec_vision__Bf_U3,42,test,none,none,False,d3il_baseline,context_final_box_xy_x,0.5445293327346725,0.06565860609209025,0.40762004122940465,0.7491531636539942,468,unfrozen,20260620_215600
2,d3il_baseline_ddpm_encdec_vision__Bf_U3,/u/home/llim/FMPCC/FM-PCC/logs/d3il_visual_aligning_baseline/_DA_VA_BRIDGE_d3il_baseline_Bf_U3/d3il_baseline_ddpm_encdec_vision__Bf_U3,42,test,none,none,False,d3il_baseline,context_final_box_xy_y,-0.07736063348772607,0.22102984999954642,-0.2657285047508093,0.5572501011754325,468,unfrozen,20260620_215600
2,d3il_baseline_ddpm_encdec_vision__Bf_U3,/u/home/llim/FMPCC/FM-PCC/logs/d3il_visual_aligning_baseline/_DA_VA_BRIDGE_d3il_baseline_Bf_U3/d3il_baseline_ddpm_encdec_vision__Bf_U3,42,test,none,none,False,d3il_baseline,context_final_xy_dist,0.41048930102845504,0.10401028532352766,0.09593220161209708,0.5581883246373935,468,unfrozen,20260620_215600
2,d3il_baseline_ddpm_encdec_vision__Bf_U3,/u/home/llim/FMPCC/FM-PCC/logs/d3il_visual_aligning_baseline/_DA_VA_BRIDGE_d3il_baseline_Bf_U3/d3il_baseline_ddpm_encdec_vision__Bf_U3,42,test,none,none,False,d3il_baseline,context_index,12.5,7.508025684479296,0.0,25.0,468,unfrozen,20260620_215600
2,d3il_baseline_ddpm_encdec_vision__Bf_U3,/u/home/llim/FMPCC/FM-PCC/logs/d3il_visual_aligning_baseline/_DA_VA_BRIDGE_d3il_baseline_Bf_U3/d3il_baseline_ddpm_encdec_vision__Bf_U3,42,test,none,none,False,d3il_baseline,context_init_xy_dist,0.4459395007445262,0.06097510865429261,0.34468892216682434,0.5573652982711792,468,unfrozen,20260620_215600
2,d3il_baseline_ddpm_encdec_vision__Bf_U3,/u/home/llim/FMPCC/FM-PCC/logs/d3il_visual_aligning_baseline/_DA_VA_BRIDGE_d3il_baseline_Bf_U3/d3il_baseline_ddpm_encdec_vision__Bf_U3,42,test,none,none,False,d3il_baseline,context_target_angle_deg,2.00029233785776,47.41704736200309,-86.34280395507812,72.6987075805664,468,unfrozen,20260620_215600
2,d3il_baseline_ddpm_encdec_vision__Bf_U3,/u/home/llim/FMPCC/FM-PCC/logs/d3il_visual_aligning_baseline/_DA_VA_BRIDGE_d3il_baseline_Bf_U3/d3il_baseline_ddpm_encdec_vision__Bf_U3,42,test,none,none,False,d3il_baseline,context_target_xy_x,0.48472088460738844,0.05348420325578214,0.4179592430591583,0.5885487198829651,468,unfrozen,20260620_215600
2,d3il_baseline_ddpm_encdec_vision__Bf_U3,/u/home/llim/FMPCC/FM-PCC/logs/d3il_visual_aligning_baseline/_DA_VA_BRIDGE_d3il_baseline_Bf_U3/d3il_baseline_ddpm_encdec_vision__Bf_U3,42,test,none,none,False,d3il_baseline,context_target_xy_y,0.265205795948322,0.03751416398605137,0.20338557660579681,0.33333876729011536,468,unfrozen,20260620_215600
2,d3il_baseline_ddpm_encdec_vision__Bf_U3,/u/home/llim/FMPCC/FM-PCC/logs/d3il_visual_aligning_baseline/_DA_VA_BRIDGE_d3il_baseline_Bf_U3/d3il_baseline_ddpm_encdec_vision__Bf_U3,42,test,none,none,False,d3il_baseline,diagnostics_found,1.0,0.0,1.0,1.0,468,unfrozen,20260620_215600
2,d3il_baseline_ddpm_encdec_vision__Bf_U3,/u/home/llim/FMPCC/FM-PCC/logs/d3il_visual_aligning_baseline/_DA_VA_BRIDGE_d3il_baseline_Bf_U3/d3il_baseline_ddpm_encdec_vision__Bf_U3,42,test,none,none,False,d3il_baseline,frozen,0.0,0.0,0.0,0.0,468,unfrozen,20260620_215600
2,d3il_baseline_ddpm_encdec_vision__Bf_U3,/u/home/llim/FMPCC/FM-PCC/logs/d3il_visual_aligning_baseline/_DA_VA_BRIDGE_d3il_baseline_Bf_U3/d3il_baseline_ddpm_encdec_vision__Bf_U3,42,test,none,none,False,d3il_baseline,frozen_worst_overlap_m,,,,,0,unfrozen,20260620_215600
2,d3il_baseline_ddpm_encdec_vision__Bf_U3,/u/home/llim/FMPCC/FM-PCC/logs/d3il_visual_aligning_baseline/_DA_VA_BRIDGE_d3il_baseline_Bf_U3/d3il_baseline_ddpm_encdec_vision__Bf_U3,42,test,none,none,False,d3il_baseline,mode_encoding,0.8504273504273504,0.35703368242401995,0.0,1.0,468,unfrozen,20260620_215600
2,d3il_baseline_ddpm_encdec_vision__Bf_U3,/u/home/llim/FMPCC/FM-PCC/logs/d3il_visual_aligning_baseline/_DA_VA_BRIDGE_d3il_baseline_Bf_U3/d3il_baseline_ddpm_encdec_vision__Bf_U3,42,test,none,none,False,d3il_baseline,success_strict,0.0,0.0,0.0,0.0,468,unfrozen,20260620_215600
2,d3il_baseline_ddpm_encdec_vision__Bf_U3,/u/home/llim/FMPCC/FM-PCC/logs/d3il_visual_aligning_baseline/_DA_VA_BRIDGE_d3il_baseline_Bf_U3/d3il_baseline_ddpm_encdec_vision__Bf_U3,42,test,none,none,False,d3il_baseline,total_violations,,,,,0,unfrozen,20260620_215600
1,d3il_baseline_ddpm_encdec_vision,/u/home/llim/FMPCC/FM-PCC/logs/d3il_visual_aligning_baseline/_DA_VA_BRIDGE_d3il_baseline/d3il_baseline_ddpm_encdec_vision,42,test,none,none,False,d3il_baseline,success_rate,0.0,,0.0,0.0,1,all,20260701_013505
1,d3il_baseline_ddpm_encdec_vision,/u/home/llim/FMPCC/FM-PCC/logs/d3il_visual_aligning_baseline/_DA_VA_BRIDGE_d3il_baseline/d3il_baseline_ddpm_encdec_vision,42,test,none,none,False,d3il_baseline,entropy,0.0,,0.0,0.0,1,all,20260701_013505
1,d3il_baseline_ddpm_encdec_vision,/u/home/llim/FMPCC/FM-PCC/logs/d3il_visual_aligning_baseline/_DA_VA_BRIDGE_d3il_baseline/d3il_baseline_ddpm_encdec_vision,42,test,none,none,False,d3il_baseline,score,0.0,,0.0,0.0,1,all,20260701_013505
1,d3il_baseline_ddpm_encdec_vision,/u/home/llim/FMPCC/FM-PCC/logs/d3il_visual_aligning_baseline/_DA_VA_BRIDGE_d3il_baseline/d3il_baseline_ddpm_encdec_vision,42,test,none,none,False,d3il_baseline,n_rollouts,1080.0,,1080.0,1080.0,1,all,20260701_013505
1,d3il_baseline_ddpm_encdec_vision,/u/home/llim/FMPCC/FM-PCC/logs/d3il_visual_aligning_baseline/_DA_VA_BRIDGE_d3il_baseline/d3il_baseline_ddpm_encdec_vision,42,test,none,none,False,d3il_baseline,n_contexts,60.0,,60.0,60.0,1,all,20260701_013505
1,d3il_baseline_ddpm_encdec_vision,/u/home/llim/FMPCC/FM-PCC/logs/d3il_visual_aligning_baseline/_DA_VA_BRIDGE_d3il_baseline/d3il_baseline_ddpm_encdec_vision,42,test,none,none,False,d3il_baseline,n_trajectories_per_context,18.0,,18.0,18.0,1,all,20260701_013505
2,d3il_baseline_ddpm_encdec_vision__Bf_U3,/u/home/llim/FMPCC/FM-PCC/logs/d3il_visual_aligning_baseline/_DA_VA_BRIDGE_d3il_baseline_Bf_U3/d3il_baseline_ddpm_encdec_vision__Bf_U3,0,test,none,none,False,d3il_baseline,success_rate,0.0,,0.0,0.0,1,all,20260620_170326
2,d3il_baseline_ddpm_encdec_vision__Bf_U3,/u/home/llim/FMPCC/FM-PCC/logs/d3il_visual_aligning_baseline/_DA_VA_BRIDGE_d3il_baseline_Bf_U3/d3il_baseline_ddpm_encdec_vision__Bf_U3,0,test,none,none,False,d3il_baseline,entropy,0.0,,0.0,0.0,1,all,20260620_170326
2,d3il_baseline_ddpm_encdec_vision__Bf_U3,/u/home/llim/FMPCC/FM-PCC/logs/d3il_visual_aligning_baseline/_DA_VA_BRIDGE_d3il_baseline_Bf_U3/d3il_baseline_ddpm_encdec_vision__Bf_U3,0,test,none,none,False,d3il_baseline,score,0.0,,0.0,0.0,1,all,20260620_170326
2,d3il_baseline_ddpm_encdec_vision__Bf_U3,/u/home/llim/FMPCC/FM-PCC/logs/d3il_visual_aligning_baseline/_DA_VA_BRIDGE_d3il_baseline_Bf_U3/d3il_baseline_ddpm_encdec_vision__Bf_U3,0,test,none,none,False,d3il_baseline,n_rollouts,462.0,,462.0,462.0,1,all,20260620_170326
2,d3il_baseline_ddpm_encdec_vision__Bf_U3,/u/home/llim/FMPCC/FM-PCC/logs/d3il_visual_aligning_baseline/_DA_VA_BRIDGE_d3il_baseline_Bf_U3/d3il_baseline_ddpm_encdec_vision__Bf_U3,0,test,none,none,False,d3il_baseline,n_contexts,60.0,,60.0,60.0,1,all,20260620_170326
2,d3il_baseline_ddpm_encdec_vision__Bf_U3,/u/home/llim/FMPCC/FM-PCC/logs/d3il_visual_aligning_baseline/_DA_VA_BRIDGE_d3il_baseline_Bf_U3/d3il_baseline_ddpm_encdec_vision__Bf_U3,0,test,none,none,False,d3il_baseline,n_trajectories_per_context,18.0,,18.0,18.0,1,all,20260620_170326
2,d3il_baseline_ddpm_encdec_vision__Bf_U3,/u/home/llim/FMPCC/FM-PCC/logs/d3il_visual_aligning_baseline/_DA_VA_BRIDGE_d3il_baseline_Bf_U3/d3il_baseline_ddpm_encdec_vision__Bf_U3,1,test,none,none,False,d3il_baseline,success_rate,0.0021141649048625794,,0.0021141649048625794,0.0021141649048625794,1,all,20260620_135000
2,d3il_baseline_ddpm_encdec_vision__Bf_U3,/u/home/llim/FMPCC/FM-PCC/logs/d3il_visual_aligning_baseline/_DA_VA_BRIDGE_d3il_baseline_Bf_U3/d3il_baseline_ddpm_encdec_vision__Bf_U3,1,test,none,none,False,d3il_baseline,entropy,4.087625609270733e-13,,4.087625609270733e-13,4.087625609270733e-13,1,all,20260620_135000
2,d3il_baseline_ddpm_encdec_vision__Bf_U3,/u/home/llim/FMPCC/FM-PCC/logs/d3il_visual_aligning_baseline/_DA_VA_BRIDGE_d3il_baseline_Bf_U3/d3il_baseline_ddpm_encdec_vision__Bf_U3,1,test,none,none,False,d3il_baseline,score,0.001057082452635671,,0.001057082452635671,0.001057082452635671,1,all,20260620_135000
2,d3il_baseline_ddpm_encdec_vision__Bf_U3,/u/home/llim/FMPCC/FM-PCC/logs/d3il_visual_aligning_baseline/_DA_VA_BRIDGE_d3il_baseline_Bf_U3/d3il_baseline_ddpm_encdec_vision__Bf_U3,1,test,none,none,False,d3il_baseline,n_rollouts,473.0,,473.0,473.0,1,all,20260620_135000
2,d3il_baseline_ddpm_encdec_vision__Bf_U3,/u/home/llim/FMPCC/FM-PCC/logs/d3il_visual_aligning_baseline/_DA_VA_BRIDGE_d3il_baseline_Bf_U3/d3il_baseline_ddpm_encdec_vision__Bf_U3,1,test,none,none,False,d3il_baseline,n_contexts,60.0,,60.0,60.0,1,all,20260620_135000
2,d3il_baseline_ddpm_encdec_vision__Bf_U3,/u/home/llim/FMPCC/FM-PCC/logs/d3il_visual_aligning_baseline/_DA_VA_BRIDGE_d3il_baseline_Bf_U3/d3il_baseline_ddpm_encdec_vision__Bf_U3,1,test,none,none,False,d3il_baseline,n_trajectories_per_context,18.0,,18.0,18.0,1,all,20260620_135000
2,d3il_baseline_ddpm_encdec_vision__Bf_U3,/u/home/llim/FMPCC/FM-PCC/logs/d3il_visual_aligning_baseline/_DA_VA_BRIDGE_d3il_baseline_Bf_U3/d3il_baseline_ddpm_encdec_vision__Bf_U3,2,test,none,none,False,d3il_baseline,success_rate,0.0,,0.0,0.0,1,all,20260620_175026
2,d3il_baseline_ddpm_encdec_vision__Bf_U3,/u/home/llim/FMPCC/FM-PCC/logs/d3il_visual_aligning_baseline/_DA_VA_BRIDGE_d3il_baseline_Bf_U3/d3il_baseline_ddpm_encdec_vision__Bf_U3,2,test,none,none,False,d3il_baseline,entropy,0.0,,0.0,0.0,1,all,20260620_175026
2,d3il_baseline_ddpm_encdec_vision__Bf_U3,/u/home/llim/FMPCC/FM-PCC/logs/d3il_visual_aligning_baseline/_DA_VA_BRIDGE_d3il_baseline_Bf_U3/d3il_baseline_ddpm_encdec_vision__Bf_U3,2,test,none,none,False,d3il_baseline,score,0.0,,0.0,0.0,1,all,20260620_175026
2,d3il_baseline_ddpm_encdec_vision__Bf_U3,/u/home/llim/FMPCC/FM-PCC/logs/d3il_visual_aligning_baseline/_DA_VA_BRIDGE_d3il_baseline_Bf_U3/d3il_baseline_ddpm_encdec_vision__Bf_U3,2,test,none,none,False,d3il_baseline,n_rollouts,468.0,,468.0,468.0,1,all,20260620_175026
2,d3il_baseline_ddpm_encdec_vision__Bf_U3,/u/home/llim/FMPCC/FM-PCC/logs/d3il_visual_aligning_baseline/_DA_VA_BRIDGE_d3il_baseline_Bf_U3/d3il_baseline_ddpm_encdec_vision__Bf_U3,2,test,none,none,False,d3il_baseline,n_contexts,60.0,,60.0,60.0,1,all,20260620_175026
2,d3il_baseline_ddpm_encdec_vision__Bf_U3,/u/home/llim/FMPCC/FM-PCC/logs/d3il_visual_aligning_baseline/_DA_VA_BRIDGE_d3il_baseline_Bf_U3/d3il_baseline_ddpm_encdec_vision__Bf_U3,2,test,none,none,False,d3il_baseline,n_trajectories_per_context,18.0,,18.0,18.0,1,all,20260620_175026
2,d3il_baseline_ddpm_encdec_vision__Bf_U3,/u/home/llim/FMPCC/FM-PCC/logs/d3il_visual_aligning_baseline/_DA_VA_BRIDGE_d3il_baseline_Bf_U3/d3il_baseline_ddpm_encdec_vision__Bf_U3,3,test,none,none,False,d3il_baseline,success_rate,0.006437768240343348,,0.006437768240343348,0.006437768240343348,1,all,20260620_130306
2,d3il_baseline_ddpm_encdec_vision__Bf_U3,/u/home/llim/FMPCC/FM-PCC/logs/d3il_visual_aligning_baseline/_DA_VA_BRIDGE_d3il_baseline_Bf_U3/d3il_baseline_ddpm_encdec_vision__Bf_U3,3,test,none,none,False,d3il_baseline,entropy,6.011229834360242e-13,,6.011229834360242e-13,6.011229834360242e-13,1,all,20260620_130306
2,d3il_baseline_ddpm_encdec_vision__Bf_U3,/u/home/llim/FMPCC/FM-PCC/logs/d3il_visual_aligning_baseline/_DA_VA_BRIDGE_d3il_baseline_Bf_U3/d3il_baseline_ddpm_encdec_vision__Bf_U3,3,test,none,none,False,d3il_baseline,score,0.0032188841204722355,,0.0032188841204722355,0.0032188841204722355,1,all,20260620_130306
2,d3il_baseline_ddpm_encdec_vision__Bf_U3,/u/home/llim/FMPCC/FM-PCC/logs/d3il_visual_aligning_baseline/_DA_VA_BRIDGE_d3il_baseline_Bf_U3/d3il_baseline_ddpm_encdec_vision__Bf_U3,3,test,none,none,False,d3il_baseline,n_rollouts,466.0,,466.0,466.0,1,all,20260620_130306
2,d3il_baseline_ddpm_encdec_vision__Bf_U3,/u/home/llim/FMPCC/FM-PCC/logs/d3il_visual_aligning_baseline/_DA_VA_BRIDGE_d3il_baseline_Bf_U3/d3il_baseline_ddpm_encdec_vision__Bf_U3,3,test,none,none,False,d3il_baseline,n_contexts,60.0,,60.0,60.0,1,all,20260620_130306
2,d3il_baseline_ddpm_encdec_vision__Bf_U3,/u/home/llim/FMPCC/FM-PCC/logs/d3il_visual_aligning_baseline/_DA_VA_BRIDGE_d3il_baseline_Bf_U3/d3il_baseline_ddpm_encdec_vision__Bf_U3,3,test,none,none,False,d3il_baseline,n_trajectories_per_context,18.0,,18.0,18.0,1,all,20260620_130306
2,d3il_baseline_ddpm_encdec_vision__Bf_U3,/u/home/llim/FMPCC/FM-PCC/logs/d3il_visual_aligning_baseline/_DA_VA_BRIDGE_d3il_baseline_Bf_U3/d3il_baseline_ddpm_encdec_vision__Bf_U3,4,test,none,none,False,d3il_baseline,success_rate,0.008565310492505354,,0.008565310492505354,0.008565310492505354,1,all,20260620_210858
2,d3il_baseline_ddpm_encdec_vision__Bf_U3,/u/home/llim/FMPCC/FM-PCC/logs/d3il_visual_aligning_baseline/_DA_VA_BRIDGE_d3il_baseline_Bf_U3/d3il_baseline_ddpm_encdec_vision__Bf_U3,4,test,none,none,False,d3il_baseline,entropy,5.289871576148263e-13,,5.289871576148263e-13,5.289871576148263e-13,1,all,20260620_210858
2,d3il_baseline_ddpm_encdec_vision__Bf_U3,/u/home/llim/FMPCC/FM-PCC/logs/d3il_visual_aligning_baseline/_DA_VA_BRIDGE_d3il_baseline_Bf_U3/d3il_baseline_ddpm_encdec_vision__Bf_U3,4,test,none,none,False,d3il_baseline,score,0.00428265524651717,,0.00428265524651717,0.00428265524651717,1,all,20260620_210858
2,d3il_baseline_ddpm_encdec_vision__Bf_U3,/u/home/llim/FMPCC/FM-PCC/logs/d3il_visual_aligning_baseline/_DA_VA_BRIDGE_d3il_baseline_Bf_U3/d3il_baseline_ddpm_encdec_vision__Bf_U3,4,test,none,none,False,d3il_baseline,n_rollouts,467.0,,467.0,467.0,1,all,20260620_210858
2,d3il_baseline_ddpm_encdec_vision__Bf_U3,/u/home/llim/FMPCC/FM-PCC/logs/d3il_visual_aligning_baseline/_DA_VA_BRIDGE_d3il_baseline_Bf_U3/d3il_baseline_ddpm_encdec_vision__Bf_U3,4,test,none,none,False,d3il_baseline,n_contexts,60.0,,60.0,60.0,1,all,20260620_210858
2,d3il_baseline_ddpm_encdec_vision__Bf_U3,/u/home/llim/FMPCC/FM-PCC/logs/d3il_visual_aligning_baseline/_DA_VA_BRIDGE_d3il_baseline_Bf_U3/d3il_baseline_ddpm_encdec_vision__Bf_U3,4,test,none,none,False,d3il_baseline,n_trajectories_per_context,18.0,,18.0,18.0,1,all,20260620_210858
2,d3il_baseline_ddpm_encdec_vision__Bf_U3,/u/home/llim/FMPCC/FM-PCC/logs/d3il_visual_aligning_baseline/_DA_VA_BRIDGE_d3il_baseline_Bf_U3/d3il_baseline_ddpm_encdec_vision__Bf_U3,42,test,none,none,False,d3il_baseline,success_rate,0.0,,0.0,0.0,1,all,20260620_215600
2,d3il_baseline_ddpm_encdec_vision__Bf_U3,/u/home/llim/FMPCC/FM-PCC/logs/d3il_visual_aligning_baseline/_DA_VA_BRIDGE_d3il_baseline_Bf_U3/d3il_baseline_ddpm_encdec_vision__Bf_U3,42,test,none,none,False,d3il_baseline,entropy,0.0,,0.0,0.0,1,all,20260620_215600
2,d3il_baseline_ddpm_encdec_vision__Bf_U3,/u/home/llim/FMPCC/FM-PCC/logs/d3il_visual_aligning_baseline/_DA_VA_BRIDGE_d3il_baseline_Bf_U3/d3il_baseline_ddpm_encdec_vision__Bf_U3,42,test,none,none,False,d3il_baseline,score,0.0,,0.0,0.0,1,all,20260620_215600
2,d3il_baseline_ddpm_encdec_vision__Bf_U3,/u/home/llim/FMPCC/FM-PCC/logs/d3il_visual_aligning_baseline/_DA_VA_BRIDGE_d3il_baseline_Bf_U3/d3il_baseline_ddpm_encdec_vision__Bf_U3,42,test,none,none,False,d3il_baseline,n_rollouts,468.0,,468.0,468.0,1,all,20260620_215600
2,d3il_baseline_ddpm_encdec_vision__Bf_U3,/u/home/llim/FMPCC/FM-PCC/logs/d3il_visual_aligning_baseline/_DA_VA_BRIDGE_d3il_baseline_Bf_U3/d3il_baseline_ddpm_encdec_vision__Bf_U3,42,test,none,none,False,d3il_baseline,n_contexts,60.0,,60.0,60.0,1,all,20260620_215600
2,d3il_baseline_ddpm_encdec_vision__Bf_U3,/u/home/llim/FMPCC/FM-PCC/logs/d3il_visual_aligning_baseline/_DA_VA_BRIDGE_d3il_baseline_Bf_U3/d3il_baseline_ddpm_encdec_vision__Bf_U3,42,test,none,none,False,d3il_baseline,n_trajectories_per_context,18.0,,18.0,18.0,1,all,20260620_215600
