backend,method,n_trials,avg_ms,std_ms,p50_ms,p95_ms,min_ms,max_ms
legacy,euler,20,119.09876035001616,10.192452742436293,115.29097900029228,143.4978801500847,109.1660970000703,148.60468400001992
torchdiffeq,euler,20,117.83016524998402,8.828853328771231,114.55951600009939,133.82486984987736,109.18473499987158,147.2107279996635
legacy,midpoint,20,279.1686534999599,44.62038231027447,288.37674600003993,345.68559539973194,218.28776599977573,363.43162200000734
torchdiffeq,midpoint,20,238.96462580003117,25.75957039986995,232.42116199980956,285.16690600015414,219.8860590001459,337.1770310000102
legacy,rk4,20,525.932112099963,96.0758667202056,470.2252504998796,708.0803915501974,444.8131630001626,755.047642000136
torchdiffeq,rk4,20,468.66178665000007,31.39294810965063,458.08599449969734,505.3051667500768,443.1197409999186,583.666785999867
