backend,method,n_trials,avg_ms,std_ms,p50_ms,p95_ms,min_ms,max_ms
legacy_euler,euler,20,80.83261635006238,21.451534792020112,75.56960600049933,106.21464250016292,66.9401220002328,167.32486500040977
torchdiffeq,euler,20,80.3942129501138,12.71671432037605,75.72498150011597,106.31348889983201,68.90311000006477,113.4537249999994
torchdiffeq,midpoint,20,72.8475737998906,5.617392227462354,71.36772900003052,85.23163515001215,66.84470500022144,86.65707500040298
torchdiffeq,rk4,20,70.11171509998348,3.4344388708615456,68.6373410003398,77.27275054967322,66.32143299975723,78.81833499959612
torchdiffeq,dopri5,20,83.1899410501137,16.274178835566918,76.18428149953616,109.77828455020246,68.89961799970479,137.06563899995672
