backend,method,n_trials,avg_ms,std_ms,p50_ms,p95_ms,min_ms,max_ms
legacy_euler,euler,20,108.08712850011943,27.11909957934001,92.61452100008682,156.03589119950811,84.69964300002175,157.34685700044793
torchdiffeq,euler,20,89.65723985002114,4.608344529128493,88.27692449995084,98.41045769931043,83.67699600057676,100.02391300076852
torchdiffeq,midpoint,20,89.34904704988185,5.447440307219687,88.1808919998548,96.85916579960576,82.13331000024482,105.85976599941205
torchdiffeq,rk4,20,88.24259485008952,5.785521925899576,85.99264900067283,102.47826779987008,83.12551800008805,102.88053200019931
torchdiffeq,dopri5,20,93.18006365006113,9.663969545250334,90.13958349987661,110.80319620023148,84.11104199967667,123.88266700054373
