Candidate,FolderName,scene,engine,K,split,geo,variant,tightened,mask,n_success,success_relaxed,n_success_and_constraints,n_success_relaxed_and_constraints,collision_free_completed,phys_safe,goal_reached,goal_dist,n_violations,total_violations,n_steps,steps_to_goal,avg_time,avg_time_ms,fm_ms,proj_ms,total_ms_p95,over_budget_frac,track_err_mean,phys_contact_frac,phys_min_z,n_rollouts
2,corridor|K20|Gen11,corridor,,20,test,none,diffuser,False,all,0.0,,0.0,,,,,,0.0,0.0,256.4,,0.09398993206089533,93.98993206089533,93.98993206089533,0.0,99.60766082629561,1.0,0.5718540238101079,,,5
2,corridor|K20|Gen11,corridor,,20,test,none,diffuser,False,proj_valid,0.0,,0.0,,,,,,0.0,0.0,256.4,,0.09398993206089533,93.98993206089533,93.98993206089533,0.0,99.60766082629561,1.0,0.5718540238101079,,,5
2,corridor|K20|Gen11,corridor,,20,test,none,dpcc-r,False,all,0.2,,0.2,,,,,,0.0,0.0,256.4,,0.13831870111404546,138.31870111404547,90.31312325766228,48.00557785638317,143.933071102947,1.0,0.5369235764796177,,,5
2,corridor|K20|Gen11,corridor,,20,test,none,dpcc-r,False,proj_valid,0.2,,0.2,,,,,,0.0,0.0,256.4,,0.13831870111404546,138.31870111404547,90.31312325766228,48.00557785638317,143.933071102947,1.0,0.5369235764796177,,,5
2,corridor|K20|Gen11,corridor,,20,test,none,dpcc-c,False,all,0.2,,0.2,,,,,,0.0,0.0,256.4,,0.1400782841326161,140.07828413261612,91.49183509479639,48.58644903781974,147.02941780909896,1.0,0.5245768593799407,,,5
2,corridor|K20|Gen11,corridor,,20,test,none,dpcc-c,False,proj_valid,0.2,,0.2,,,,,,0.0,0.0,256.4,,0.1400782841326161,140.07828413261612,91.49183509479639,48.58644903781974,147.02941780909896,1.0,0.5245768593799407,,,5
2,corridor|K20|Gen11,corridor,,20,test,none,dpcc-t,False,all,0.2,,0.2,,,,,,0.0,0.0,256.4,,0.13912630355816777,139.12630355816776,90.90699133152302,48.21931222664475,144.17086267843843,1.0,0.5259458844417967,,,5
2,corridor|K20|Gen11,corridor,,20,test,none,dpcc-t,False,proj_valid,0.2,,0.2,,,,,,0.0,0.0,256.4,,0.13912630355816777,139.12630355816776,90.90699133152302,48.21931222664475,144.17086267843843,1.0,0.5259458844417967,,,5
2,corridor|K20|Gen11,corridor,,20,test,none,gradient,False,all,0.0,,0.0,,,,,,0.0,0.0,256.4,,0.09989996347507249,99.8999634750725,99.8999634750725,0.0,107.33724810183048,1.0,4.143515668630508,,,5
2,corridor|K20|Gen11,corridor,,20,test,none,gradient,False,proj_valid,0.0,,0.0,,,,,,0.0,0.0,256.4,,0.09989996347507249,99.8999634750725,99.8999634750725,0.0,107.33724810183048,1.0,4.143515668630508,,,5
2,corridor|K20|Gen11,corridor,,20,test,none,post_processing,False,all,0.0,,0.0,,,,,,0.0,0.0,256.4,,0.10627447451273335,106.27447451273333,92.66568428392004,13.6087902288133,126.78167531266809,1.0,2.135459703571354,,,5
2,corridor|K20|Gen11,corridor,,20,test,none,post_processing,False,proj_valid,0.0,,0.0,,,,,,0.0,0.0,256.4,,0.10627447451273335,106.27447451273333,92.66568428392004,13.6087902288133,126.78167531266809,1.0,2.135459703571354,,,5
2,corridor|K20|Gen11,corridor,,20,test,none,model_free,False,all,0.0,,0.0,,,,,,0.0,0.0,256.4,,0.12309142820613199,123.09142820613201,92.423893716708,30.667534489424007,153.0406143516302,1.0,44.939920475950565,,,5
2,corridor|K20|Gen11,corridor,,20,test,none,model_free,False,proj_valid,0.0,,0.0,,,,,,0.0,0.0,256.4,,0.12309142820613199,123.09142820613201,92.423893716708,30.667534489424007,153.0406143516302,1.0,44.939920475950565,,,5
7,corridor|K20|Gen11,corridor,,20,test,corridor_bounds+dynamics+geo_bounds+halfspace+obstacles,diffuser,False,all,0.0,0.1,0.0,0.0,0.3,0.8,0.0,0.8539768137015177,30.3,11.960221602136345,259.5,,0.08989746583926085,89.89746583926085,89.89746583926085,0.0,96.18924221023917,1.0,1.3672926291170198,0.010994959451004996,0.6451602925879579,10
7,corridor|K20|Gen11,corridor,,20,test,corridor_bounds+dynamics+geo_bounds+halfspace+obstacles,diffuser,False,proj_valid,0.0,0.1,0.0,0.0,0.3,0.8,0.0,0.8539768137015177,30.3,11.960221602136345,259.5,,0.08989746583926085,89.89746583926085,89.89746583926085,0.0,96.18924221023917,1.0,1.3672926291170198,0.010994959451004996,0.6451602925879579,10
7,corridor|K20|Gen11,corridor,,20,test,corridor_bounds+dynamics+geo_bounds+halfspace+obstacles,dpcc-r,False,all,0.3,0.3,0.3,0.3,1.0,1.0,0.3,0.5729510044763119,0.0,0.0,259.5,286.6666666666667,0.25132909626973604,251.32909626973606,90.07795920549184,161.25113706424423,323.6748413275927,1.0,0.5110871539912252,0.0,1.0645933321349001,10
7,corridor|K20|Gen11,corridor,,20,test,corridor_bounds+dynamics+geo_bounds+halfspace+obstacles,dpcc-r,False,proj_valid,0.3,0.3,0.3,0.3,1.0,1.0,0.3,0.5729510044763119,0.0,0.0,259.5,286.6666666666667,0.25132909626973604,251.32909626973606,90.07795920549184,161.25113706424423,323.6748413275927,1.0,0.5110871539912252,0.0,1.0645933321349001,10
7,corridor|K20|Gen11,corridor,,20,test,corridor_bounds+dynamics+geo_bounds+halfspace+obstacles,dpcc-r-tightened,True,all,0.4,0.4,0.0,0.0,0.6,1.0,0.4,0.642469099000133,4.8,0.07075092631578409,259.5,278.5,0.29577736177889913,295.77736177889915,90.47118915024099,205.30617262865812,610.9499347023666,1.0,0.5303241610182151,0.0006110049117738648,1.0407192925477597,10
7,corridor|K20|Gen11,corridor,,20,test,corridor_bounds+dynamics+geo_bounds+halfspace+obstacles,dpcc-r-tightened,True,proj_valid,0.4,0.4,0.0,0.0,0.6,1.0,0.4,0.642469099000133,4.8,0.07075092631578409,259.5,278.5,0.29577736177889913,295.77736177889915,90.47118915024099,205.30617262865812,610.9499347023666,1.0,0.5303241610182151,0.0006110049117738648,1.0407192925477597,10
7,corridor|K20|Gen11,corridor,,20,test,corridor_bounds+dynamics+geo_bounds+halfspace+obstacles,dpcc-c,False,all,0.3,0.3,0.3,0.3,1.0,1.0,0.3,0.5925341593899341,0.0,0.0,259.5,286.6666666666667,0.25076438891529274,250.76438891529278,90.5849722109471,160.17941670434567,322.9308312293142,1.0,0.5087184201346807,0.0,1.0592808028744174,10
7,corridor|K20|Gen11,corridor,,20,test,corridor_bounds+dynamics+geo_bounds+halfspace+obstacles,dpcc-c,False,proj_valid,0.3,0.3,0.3,0.3,1.0,1.0,0.3,0.5925341593899341,0.0,0.0,259.5,286.6666666666667,0.25076438891529274,250.76438891529278,90.5849722109471,160.17941670434567,322.9308312293142,1.0,0.5087184201346807,0.0,1.0592808028744174,10
7,corridor|K20|Gen11,corridor,,20,test,corridor_bounds+dynamics+geo_bounds+halfspace+obstacles,dpcc-c-tightened,True,all,0.0,0.2,0.0,0.0,0.6,0.8,0.0,1.018794201649689,23.0,6.641335518547562,259.5,,0.3525392516318503,352.53925163185033,90.51790965004123,262.0213419818091,592.4085076432673,1.0,2.6026330692356416,0.04469681037776729,0.8075632164919277,10
7,corridor|K20|Gen11,corridor,,20,test,corridor_bounds+dynamics+geo_bounds+halfspace+obstacles,dpcc-c-tightened,True,proj_valid,0.0,0.2,0.0,0.0,0.6,0.8,0.0,1.018794201649689,23.0,6.641335518547562,259.5,,0.3525392516318503,352.53925163185033,90.51790965004123,262.0213419818091,592.4085076432673,1.0,2.6026330692356416,0.04469681037776729,0.8075632164919277,10
7,corridor|K20|Gen11,corridor,,20,test,corridor_bounds+dynamics+geo_bounds+halfspace+obstacles,dpcc-t,False,all,0.3,0.3,0.3,0.3,1.0,1.0,0.3,0.567828932000047,0.0,0.0,259.5,286.6666666666667,0.2509807395911984,250.9807395911984,90.40392673019123,160.57681286100717,322.62319868430495,1.0,0.5108869848915554,0.0,1.0627971380060894,10
7,corridor|K20|Gen11,corridor,,20,test,corridor_bounds+dynamics+geo_bounds+halfspace+obstacles,dpcc-t,False,proj_valid,0.3,0.3,0.3,0.3,1.0,1.0,0.3,0.567828932000047,0.0,0.0,259.5,286.6666666666667,0.2509807395911984,250.9807395911984,90.40392673019123,160.57681286100717,322.62319868430495,1.0,0.5108869848915554,0.0,1.0627971380060894,10
7,corridor|K20|Gen11,corridor,,20,test,corridor_bounds+dynamics+geo_bounds+halfspace+obstacles,dpcc-t-tightened,True,all,0.4,0.4,0.0,0.0,0.6,1.0,0.4,0.682682697628884,7.3,0.14041522416790492,259.5,278.5,0.3976880368086529,397.6880368086529,90.06129581079094,307.62674099786193,716.3303527422248,1.0,0.5271839558054722,0.0009690973012720369,1.0510319581390686,10
7,corridor|K20|Gen11,corridor,,20,test,corridor_bounds+dynamics+geo_bounds+halfspace+obstacles,dpcc-t-tightened,True,proj_valid,0.4,0.4,0.0,0.0,0.6,1.0,0.4,0.682682697628884,7.3,0.14041522416790492,259.5,278.5,0.3976880368086529,397.6880368086529,90.06129581079094,307.62674099786193,716.3303527422248,1.0,0.5271839558054722,0.0009690973012720369,1.0510319581390686,10
7,corridor|K20|Gen11,corridor,,20,test,corridor_bounds+dynamics+geo_bounds+halfspace+obstacles,gradient,False,all,0.0,0.0,0.0,0.0,0.0,0.0,0.0,4.705693002689011,236.7,223.93297379936476,259.5,,0.09892746708569812,98.92746708569811,98.92746708569811,0.0,106.52589584700763,1.0,4.1259501577335,0.268630619304299,0.05547787349224187,10
7,corridor|K20|Gen11,corridor,,20,test,corridor_bounds+dynamics+geo_bounds+halfspace+obstacles,gradient,False,proj_valid,0.0,0.0,0.0,0.0,0.0,0.0,0.0,4.705693002689011,236.7,223.93297379936476,259.5,,0.09892746708569812,98.92746708569811,98.92746708569811,0.0,106.52589584700763,1.0,4.1259501577335,0.268630619304299,0.05547787349224187,10
7,corridor|K20|Gen11,corridor,,20,test,corridor_bounds+dynamics+geo_bounds+halfspace+obstacles,gradient-tightened,True,all,0.0,0.0,0.0,0.0,0.0,0.0,0.0,5.312752916780969,244.8,288.4964654484369,259.5,,0.09867375369745761,98.67375369745761,98.67375369745761,0.0,106.29997700452805,1.0,4.616931789676296,0.2494082190809551,0.06514288853928317,10
7,corridor|K20|Gen11,corridor,,20,test,corridor_bounds+dynamics+geo_bounds+halfspace+obstacles,gradient-tightened,True,proj_valid,0.0,0.0,0.0,0.0,0.0,0.0,0.0,5.312752916780969,244.8,288.4964654484369,259.5,,0.09867375369745761,98.67375369745761,98.67375369745761,0.0,106.29997700452805,1.0,4.616931789676296,0.2494082190809551,0.06514288853928317,10
7,corridor|K20|Gen11,corridor,,20,test,corridor_bounds+dynamics+geo_bounds+halfspace+obstacles,post_processing,False,all,0.2,0.2,0.2,0.2,1.0,1.0,0.2,0.6120126567984724,0.0,0.0,259.5,294.0,0.11501101601940233,115.01101601940233,87.4940619736098,27.516954045792524,148.04611641913652,1.0,0.5192616975781964,0.0,1.0391432135818408,10
7,corridor|K20|Gen11,corridor,,20,test,corridor_bounds+dynamics+geo_bounds+halfspace+obstacles,post_processing,False,proj_valid,0.2,0.2,0.2,0.2,1.0,1.0,0.2,0.6120126567984724,0.0,0.0,259.5,294.0,0.11501101601940233,115.01101601940233,87.4940619736098,27.516954045792524,148.04611641913652,1.0,0.5192616975781964,0.0,1.0391432135818408,10
7,corridor|K20|Gen11,corridor,,20,test,corridor_bounds+dynamics+geo_bounds+halfspace+obstacles,post_processing-tightened,True,all,0.2,0.2,0.1,0.1,0.3,0.5,0.3,2.098210572708088,54.1,33.050418431666635,259.5,261.6666666666667,0.17805314479397163,178.05314479397163,88.6104660086143,89.44267878535733,192.19924794510007,1.0,11.06588038781533,0.013957088970632558,0.628759455469487,10
7,corridor|K20|Gen11,corridor,,20,test,corridor_bounds+dynamics+geo_bounds+halfspace+obstacles,post_processing-tightened,True,proj_valid,0.2,0.2,0.1,0.1,0.3,0.5,0.3,2.098210572708088,54.1,33.050418431666635,259.5,261.6666666666667,0.17805314479397163,178.05314479397163,88.6104660086143,89.44267878535733,192.19924794510007,1.0,11.06588038781533,0.013957088970632558,0.628759455469487,10
7,corridor|K20|Gen11,corridor,,20,test,corridor_bounds+dynamics+geo_bounds+halfspace+obstacles,model_free,False,all,0.0,0.0,0.0,0.0,0.0,0.0,0.0,4.657844909024176,190.6,136.3433306218707,259.5,,0.1908211141618344,190.82111416183437,87.96920107752265,102.85191308431175,244.50199460610747,1.0,69.19727243220743,0.3301580363841909,0.2541507092129974,10
7,corridor|K20|Gen11,corridor,,20,test,corridor_bounds+dynamics+geo_bounds+halfspace+obstacles,model_free,False,proj_valid,0.0,0.0,0.0,0.0,0.0,0.0,0.0,4.657844909024176,190.6,136.3433306218707,259.5,,0.1908211141618344,190.82111416183437,87.96920107752265,102.85191308431175,244.50199460610747,1.0,69.19727243220743,0.3301580363841909,0.2541507092129974,10
7,corridor|K20|Gen11,corridor,,20,test,corridor_bounds+dynamics+geo_bounds+halfspace+obstacles,model_free-tightened,True,all,0.0,0.0,0.0,0.0,0.1,0.1,0.0,5.493658548516585,150.0,320.12557984326594,259.5,,0.18667809758315052,186.67809758315053,90.45760421553976,96.22049336761077,238.36529402062297,1.0,41.17482625204272,0.13098352887779174,0.2604103444426626,10
7,corridor|K20|Gen11,corridor,,20,test,corridor_bounds+dynamics+geo_bounds+halfspace+obstacles,model_free-tightened,True,proj_valid,0.0,0.0,0.0,0.0,0.1,0.1,0.0,5.493658548516585,150.0,320.12557984326594,259.5,,0.18667809758315052,186.67809758315053,90.45760421553976,96.22049336761077,238.36529402062297,1.0,41.17482625204272,0.13098352887779174,0.2604103444426626,10
7,corridor|K20|Gen11,corridor,,20,test,corridor_bounds+dynamics+geo_bounds+halfspace+obstacles,bounds_free,False,all,0.3,0.3,0.3,0.3,1.0,1.0,0.3,0.515171890303,0.0,0.0,259.5,286.6666666666667,0.22722093980330108,227.22093980330106,90.19235098961478,137.02858881368627,284.42220693454146,1.0,0.5156202224846604,0.0,1.0605383525945045,10
7,corridor|K20|Gen11,corridor,,20,test,corridor_bounds+dynamics+geo_bounds+halfspace+obstacles,bounds_free,False,proj_valid,0.3,0.3,0.3,0.3,1.0,1.0,0.3,0.515171890303,0.0,0.0,259.5,286.6666666666667,0.22722093980330108,227.22093980330106,90.19235098961478,137.02858881368627,284.42220693454146,1.0,0.5156202224846604,0.0,1.0605383525945045,10
7,corridor|K20|Gen11,corridor,,20,test,corridor_bounds+dynamics+geo_bounds+halfspace+obstacles,geo_free,False,all,0.3,0.3,0.1,0.1,0.6,1.0,0.3,0.5681806466255207,9.6,0.08343446826934801,259.5,286.6666666666667,0.14714319200677214,147.14319200677215,89.22657354480134,57.9166184619708,156.79590136744082,1.0,0.5302648457563099,0.0020256953828978554,0.9592628950284441,10
7,corridor|K20|Gen11,corridor,,20,test,corridor_bounds+dynamics+geo_bounds+halfspace+obstacles,geo_free,False,proj_valid,0.3,0.3,0.1,0.1,0.6,1.0,0.3,0.5681806466255207,9.6,0.08343446826934801,259.5,286.6666666666667,0.14714319200677214,147.14319200677215,89.22657354480134,57.9166184619708,156.79590136744082,1.0,0.5302648457563099,0.0020256953828978554,0.9592628950284441,10
7,corridor|K20|Gen11,corridor,,20,test,corridor_bounds+dynamics+geo_bounds+halfspace+obstacles,geo_free-bounds_free,False,all,0.3,0.3,0.0,0.0,0.4,1.0,0.3,0.5715929908362392,6.5,0.038906345665454777,259.5,286.6666666666667,0.13862162524001737,138.62162524001738,90.06890540691397,48.5527198331034,149.1342434938997,1.0,0.5258513354249483,0.0013571333472497276,0.9528486134215475,10
7,corridor|K20|Gen11,corridor,,20,test,corridor_bounds+dynamics+geo_bounds+halfspace+obstacles,geo_free-bounds_free,False,proj_valid,0.3,0.3,0.0,0.0,0.4,1.0,0.3,0.5715929908362392,6.5,0.038906345665454777,259.5,286.6666666666667,0.13862162524001737,138.62162524001738,90.06890540691397,48.5527198331034,149.1342434938997,1.0,0.5258513354249483,0.0013571333472497276,0.9528486134215475,10
7,corridor|K20|Gen11,corridor,,20,test,corridor_bounds+dynamics+geo_bounds+halfspace+obstacles,geo_free-model_free,False,all,0.0,0.0,0.0,0.0,0.0,0.0,0.0,4.771711652560572,189.1,171.7216155084559,259.5,,0.13285631658834535,132.85631658834532,90.0581813421954,42.798135246149926,151.31340675987303,1.0,68.71933367848382,0.2471658295393348,0.2546820104048525,10
7,corridor|K20|Gen11,corridor,,20,test,corridor_bounds+dynamics+geo_bounds+halfspace+obstacles,geo_free-model_free,False,proj_valid,0.0,0.0,0.0,0.0,0.0,0.0,0.0,4.771711652560572,189.1,171.7216155084559,259.5,,0.13285631658834535,132.85631658834532,90.0581813421954,42.798135246149926,151.31340675987303,1.0,68.71933367848382,0.2471658295393348,0.2546820104048525,10
9,empty|K20|Gen11,empty,,20,test,none,diffuser,False,all,1.0,,1.0,,,,,,0.0,0.0,151.8,,0.09191588675848947,91.91588675848945,91.91588675848945,0.0,95.87175384163857,1.0,0.13707312086338055,,,5
9,empty|K20|Gen11,empty,,20,test,none,diffuser,False,proj_valid,1.0,,1.0,,,,,,0.0,0.0,151.8,,0.09191588675848947,91.91588675848945,91.91588675848945,0.0,95.87175384163857,1.0,0.13707312086338055,,,5
9,empty|K20|Gen11,empty,,20,test,none,dpcc-r,False,all,1.0,,1.0,,,,,,0.0,0.0,151.8,,0.13974791093302028,139.74791093302028,91.16408391816785,48.583827014852446,145.03656713292003,1.0,0.1347748457992891,,,5
9,empty|K20|Gen11,empty,,20,test,none,dpcc-r,False,proj_valid,1.0,,1.0,,,,,,0.0,0.0,151.8,,0.13974791093302028,139.74791093302028,91.16408391816785,48.583827014852446,145.03656713292003,1.0,0.1347748457992891,,,5
9,empty|K20|Gen11,empty,,20,test,none,dpcc-c,False,all,1.0,,1.0,,,,,,0.0,0.0,151.8,,0.13969342154630593,139.69342154630593,91.16928915265882,48.52413239364711,145.3364003263414,1.0,0.1258084513471592,,,5
9,empty|K20|Gen11,empty,,20,test,none,dpcc-c,False,proj_valid,1.0,,1.0,,,,,,0.0,0.0,151.8,,0.13969342154630593,139.69342154630593,91.16928915265882,48.52413239364711,145.3364003263414,1.0,0.1258084513471592,,,5
9,empty|K20|Gen11,empty,,20,test,none,dpcc-t,False,all,1.0,,1.0,,,,,,0.0,0.0,151.8,,0.13948996036576683,139.48996036576685,91.0400138733441,48.44994649242276,145.07911631837487,1.0,0.14262712146240097,,,5
9,empty|K20|Gen11,empty,,20,test,none,dpcc-t,False,proj_valid,1.0,,1.0,,,,,,0.0,0.0,151.8,,0.13948996036576683,139.48996036576685,91.0400138733441,48.44994649242276,145.07911631837487,1.0,0.14262712146240097,,,5
9,empty|K20|Gen11,empty,,20,test,none,gradient,False,all,1.0,,1.0,,,,,,0.0,0.0,151.8,,0.09788985011633941,97.8898501163394,97.8898501163394,0.0,104.14664387702942,1.0,0.11168530273722652,,,5
9,empty|K20|Gen11,empty,,20,test,none,gradient,False,proj_valid,1.0,,1.0,,,,,,0.0,0.0,151.8,,0.09788985011633941,97.8898501163394,97.8898501163394,0.0,104.14664387702942,1.0,0.11168530273722652,,,5
9,empty|K20|Gen11,empty,,20,test,none,post_processing,False,all,1.0,,1.0,,,,,,0.0,0.0,151.8,,0.10092163835918737,100.92163835918738,91.06941964160275,9.852218717584629,105.79391021281481,1.0,0.13862067681031515,,,5
9,empty|K20|Gen11,empty,,20,test,none,post_processing,False,proj_valid,1.0,,1.0,,,,,,0.0,0.0,151.8,,0.10092163835918737,100.92163835918738,91.06941964160275,9.852218717584629,105.79391021281481,1.0,0.13862067681031515,,,5
9,empty|K20|Gen11,empty,,20,test,none,model_free,False,all,1.0,,1.0,,,,,,0.0,0.0,151.8,,0.11206542059017036,112.06542059017036,91.25508125433744,20.810339335832914,117.5627001747489,1.0,0.13094594173797025,,,5
9,empty|K20|Gen11,empty,,20,test,none,model_free,False,proj_valid,1.0,,1.0,,,,,,0.0,0.0,151.8,,0.11206542059017036,112.06542059017036,91.25508125433744,20.810339335832914,117.5627001747489,1.0,0.13094594173797025,,,5
16,pillars|K20|Gen11,pillars,,20,test,pillars_bounds+dynamics+geo_bounds+halfspace+obstacles,diffuser,False,all,0.0,0.5,0.0,0.0,0.0,0.8,0.0,1.3670991683097278,418.2,377.3929744098987,418.2,,0.08262698500141026,82.62698500141025,82.62698500141025,0.0,83.63470695912838,1.0,0.48757078995423353,0.0005982905982905983,0.8251522588313058,10
16,pillars|K20|Gen11,pillars,,20,test,pillars_bounds+dynamics+geo_bounds+halfspace+obstacles,diffuser,False,proj_valid,0.0,0.5,0.0,0.0,0.0,0.8,0.0,1.3670991683097278,418.2,377.3929744098987,418.2,,0.08262698500141026,82.62698500141025,82.62698500141025,0.0,83.63470695912838,1.0,0.48757078995423353,0.0005982905982905983,0.8251522588313058,10
16,pillars|K20|Gen11,pillars,,20,test,pillars_bounds+dynamics+geo_bounds+halfspace+obstacles,dpcc-r,False,all,0.0,0.0,0.0,0.0,0.0,0.0,0.0,3.394970584036473,398.2,345.1180428992012,418.2,,7.191970951878841,7191.9709518788395,86.19093336903782,7105.780018509802,25780.61100550927,1.0,3.6574595472244438,0.15385766589531316,0.021846584377161957,10
16,pillars|K20|Gen11,pillars,,20,test,pillars_bounds+dynamics+geo_bounds+halfspace+obstacles,dpcc-r,False,proj_valid,0.0,0.0,0.0,0.0,0.0,0.0,0.0,3.394970584036473,398.2,345.1180428992012,418.2,,7.191970951878841,7191.9709518788395,86.19093336903782,7105.780018509802,25780.61100550927,1.0,3.6574595472244438,0.15385766589531316,0.021846584377161957,10
16,pillars|K20|Gen11,pillars,,20,test,pillars_bounds+dynamics+geo_bounds+halfspace+obstacles,dpcc-r-tightened,True,all,0.0,0.0,0.0,0.0,0.0,0.0,0.0,4.49763836681292,416.25,241.25772985531424,,,8.036179031699493,8036.179031699492,87.19563390313087,7948.983397796362,30264.420644682832,,6.131908925565671,0.20548246504297116,0.0749413512264105,4
16,pillars|K20|Gen11,pillars,,20,test,pillars_bounds+dynamics+geo_bounds+halfspace+obstacles,dpcc-r-tightened,True,proj_valid,0.0,0.0,0.0,0.0,0.0,0.0,0.0,4.49763836681292,416.25,241.25772985531424,,,8.036179031699493,8036.179031699492,87.19563390313087,7948.983397796362,30264.420644682832,,6.131908925565671,0.20548246504297116,0.0749413512264105,4
16,pillars|K20|Gen11,pillars,,20,test,pillars_bounds+dynamics+geo_bounds+halfspace+obstacles,gradient,False,all,0.0,0.0,0.0,0.0,0.0,0.0,0.0,5.107374455494826,414.2,414.34496110932025,418.2,,0.09371339986236914,93.71339986236913,93.71339986236913,0.0,94.70230144448578,1.0,6.667056052570516,0.058186427039936,0.07029889950417786,10
16,pillars|K20|Gen11,pillars,,20,test,pillars_bounds+dynamics+geo_bounds+halfspace+obstacles,gradient,False,proj_valid,0.0,0.0,0.0,0.0,0.0,0.0,0.0,5.107374455494826,414.2,414.34496110932025,418.2,,0.09371339986236914,93.71339986236913,93.71339986236913,0.0,94.70230144448578,1.0,6.667056052570516,0.058186427039936,0.07029889950417786,10
16,pillars|K20|Gen11,pillars,,20,test,pillars_bounds+dynamics+geo_bounds+halfspace+obstacles,gradient-tightened,True,all,0.0,0.0,0.0,0.0,0.0,0.0,0.0,4.842556845796622,408.7,492.56457726603975,418.2,,0.09381543764603292,93.81543764603293,93.81543764603293,0.0,94.74948537535965,1.0,5.946477370286014,0.0790680606943544,0.046178138154208646,10
16,pillars|K20|Gen11,pillars,,20,test,pillars_bounds+dynamics+geo_bounds+halfspace+obstacles,gradient-tightened,True,proj_valid,0.0,0.0,0.0,0.0,0.0,0.0,0.0,4.842556845796622,408.7,492.56457726603975,418.2,,0.09381543764603292,93.81543764603293,93.81543764603293,0.0,94.74948537535965,1.0,5.946477370286014,0.0790680606943544,0.046178138154208646,10
16,pillars|K20|Gen11,pillars,,20,test,pillars_bounds+dynamics+geo_bounds+halfspace+obstacles,post_processing,False,all,0.0,0.0,0.0,0.0,0.0,0.0,0.0,2.097616285046491,290.2,154.65574478110062,418.2,,0.6961492112501046,696.1492112501046,82.95901834354751,613.1901929065571,3106.8785830214606,1.0,1.8049857132708187,0.027273722895608775,0.15525778588825961,10
16,pillars|K20|Gen11,pillars,,20,test,pillars_bounds+dynamics+geo_bounds+halfspace+obstacles,post_processing,False,proj_valid,0.0,0.0,0.0,0.0,0.0,0.0,0.0,2.097616285046491,290.2,154.65574478110062,418.2,,0.6961492112501046,696.1492112501046,82.95901834354751,613.1901929065571,3106.8785830214606,1.0,1.8049857132708187,0.027273722895608775,0.15525778588825961,10
16,pillars|K20|Gen11,pillars,,20,test,pillars_bounds+dynamics+geo_bounds+halfspace+obstacles,post_processing-tightened,True,all,0.0,0.0,0.0,0.0,0.0,0.0,0.0,3.150746826733143,325.7,158.31006875192494,418.2,,0.8785324090718885,878.5324090718884,82.91819050336365,795.6142185685248,4500.222798576577,1.0,2.1958436420562397,0.011807169608248834,0.11048973343980983,10
16,pillars|K20|Gen11,pillars,,20,test,pillars_bounds+dynamics+geo_bounds+halfspace+obstacles,post_processing-tightened,True,proj_valid,0.0,0.0,0.0,0.0,0.0,0.0,0.0,3.150746826733143,325.7,158.31006875192494,418.2,,0.8785324090718885,878.5324090718884,82.91819050336365,795.6142185685248,4500.222798576577,1.0,2.1958436420562397,0.011807169608248834,0.11048973343980983,10
16,pillars|K20|Gen11,pillars,,20,test,pillars_bounds+dynamics+geo_bounds+halfspace+obstacles,model_free,False,all,0.0,0.3,0.0,0.0,0.0,0.5,0.0,1.063798195533026,418.2,351.98139308949305,418.2,,0.38112261140546605,381.12261140546605,82.97763598107815,298.1449754243879,495.04901887848973,1.0,0.5390563375182165,0.0,0.4584512063709103,10
16,pillars|K20|Gen11,pillars,,20,test,pillars_bounds+dynamics+geo_bounds+halfspace+obstacles,model_free,False,proj_valid,0.0,0.3,0.0,0.0,0.0,0.5,0.0,1.063798195533026,418.2,351.98139308949305,418.2,,0.38112261140546605,381.12261140546605,82.97763598107815,298.1449754243879,495.04901887848973,1.0,0.5390563375182165,0.0,0.4584512063709103,10
16,pillars|K20|Gen11,pillars,,20,test,pillars_bounds+dynamics+geo_bounds+halfspace+obstacles,model_free-tightened,True,all,0.0,0.2,0.0,0.0,0.0,0.4,0.0,1.1259526696849902,418.2,353.7616132372295,418.2,,0.4106161138404934,410.61611384049337,83.9925318443272,326.6235819961662,539.7239396348596,1.0,0.5365662438650743,0.0,0.46043656505899655,10
16,pillars|K20|Gen11,pillars,,20,test,pillars_bounds+dynamics+geo_bounds+halfspace+obstacles,model_free-tightened,True,proj_valid,0.0,0.2,0.0,0.0,0.0,0.4,0.0,1.1259526696849902,418.2,353.7616132372295,418.2,,0.4106161138404934,410.61611384049337,83.9925318443272,326.6235819961662,539.7239396348596,1.0,0.5365662438650743,0.0,0.46043656505899655,10
16,pillars|K20|Gen11,pillars,,20,test,pillars_bounds+dynamics+geo_bounds+halfspace+obstacles,bounds_free,False,all,0.0,0.0,0.0,0.0,0.0,0.0,0.0,4.510003269615718,406.6,501.1376188124823,418.2,,6.649948730710568,6649.948730710569,84.70155105135505,6565.247179659214,30867.34450836665,1.0,5.1360863028942525,0.13907609102805163,0.07943499610225928,10
16,pillars|K20|Gen11,pillars,,20,test,pillars_bounds+dynamics+geo_bounds+halfspace+obstacles,bounds_free,False,proj_valid,0.0,0.0,0.0,0.0,0.0,0.0,0.0,4.510003269615718,406.6,501.1376188124823,418.2,,6.649948730710568,6649.948730710569,84.70155105135505,6565.247179659214,30867.34450836665,1.0,5.1360863028942525,0.13907609102805163,0.07943499610225928,10
16,pillars|K20|Gen11,pillars,,20,test,pillars_bounds+dynamics+geo_bounds+halfspace+obstacles,geo_free,False,all,0.0,0.8,0.0,0.0,0.0,1.0,0.0,0.8320436081005615,418.2,268.56852365362704,418.2,,0.13947811619868075,139.47811619868077,84.00874565294217,55.46937054573857,139.89180284552276,1.0,0.4690621013750472,0.0,0.825840802381185,10
16,pillars|K20|Gen11,pillars,,20,test,pillars_bounds+dynamics+geo_bounds+halfspace+obstacles,geo_free,False,proj_valid,0.0,0.8,0.0,0.0,0.0,1.0,0.0,0.8320436081005615,418.2,268.56852365362704,418.2,,0.13947811619868075,139.47811619868077,84.00874565294217,55.46937054573857,139.89180284552276,1.0,0.4690621013750472,0.0,0.825840802381185,10
16,pillars|K20|Gen11,pillars,,20,test,pillars_bounds+dynamics+geo_bounds+halfspace+obstacles,geo_free-bounds_free,False,all,0.0,0.8,0.0,0.0,0.0,1.0,0.0,0.8500889335988273,418.2,264.2700075845724,418.2,,0.13002972798695786,130.02972798695785,83.98831662016357,46.041411366794286,130.31732705421746,1.0,0.4691246942876136,0.0,0.7855585555104511,10
16,pillars|K20|Gen11,pillars,,20,test,pillars_bounds+dynamics+geo_bounds+halfspace+obstacles,geo_free-bounds_free,False,proj_valid,0.0,0.8,0.0,0.0,0.0,1.0,0.0,0.8500889335988273,418.2,264.2700075845724,418.2,,0.13002972798695786,130.02972798695785,83.98831662016357,46.041411366794286,130.31732705421746,1.0,0.4691246942876136,0.0,0.7855585555104511,10
16,pillars|K20|Gen11,pillars,,20,test,pillars_bounds+dynamics+geo_bounds+halfspace+obstacles,geo_free-model_free,False,all,0.0,0.3,0.0,0.0,0.0,0.4,0.0,1.0178098206038526,417.8,307.81193407637625,418.2,,0.10708297602247581,107.0829760224758,84.06256350051434,23.020412521961465,110.2515856642276,1.0,0.5082639308074778,0.0018951445702814508,0.6951272679942637,10
16,pillars|K20|Gen11,pillars,,20,test,pillars_bounds+dynamics+geo_bounds+halfspace+obstacles,geo_free-model_free,False,proj_valid,0.0,0.3,0.0,0.0,0.0,0.4,0.0,1.0178098206038526,417.8,307.81193407637625,418.2,,0.10708297602247581,107.0829760224758,84.06256350051434,23.020412521961465,110.2515856642276,1.0,0.5082639308074778,0.0018951445702814508,0.6951272679942637,10
17,pillars|K20|Gen11,pillars,,20,test,none,diffuser,False,all,0.0,,0.0,,,,,,0.0,0.0,423.0,,0.08703244891492881,87.0324489149288,87.0324489149288,0.0,88.28309265896678,1.0,1.1820306832962895,,,5
17,pillars|K20|Gen11,pillars,,20,test,none,diffuser,False,proj_valid,0.0,,0.0,,,,,,0.0,0.0,423.0,,0.08703244891492881,87.0324489149288,87.0324489149288,0.0,88.28309265896678,1.0,1.1820306832962895,,,5
17,pillars|K20|Gen11,pillars,,20,test,none,dpcc-r,False,all,0.0,,0.0,,,,,,0.0,0.0,423.0,,0.13398083777991868,133.98083777991866,87.32118533000285,46.659652449915825,134.88740330561996,1.0,0.6601162276361199,,,5
17,pillars|K20|Gen11,pillars,,20,test,none,dpcc-r,False,proj_valid,0.0,,0.0,,,,,,0.0,0.0,423.0,,0.13398083777991868,133.98083777991866,87.32118533000285,46.659652449915825,134.88740330561996,1.0,0.6601162276361199,,,5
17,pillars|K20|Gen11,pillars,,20,test,none,dpcc-c,False,all,0.0,,0.0,,,,,,0.0,0.0,423.0,,0.133922163817916,133.922163817916,87.29273687099729,46.629426946918706,135.3004971332848,1.0,0.6871064044613491,,,5
17,pillars|K20|Gen11,pillars,,20,test,none,dpcc-c,False,proj_valid,0.0,,0.0,,,,,,0.0,0.0,423.0,,0.133922163817916,133.922163817916,87.29273687099729,46.629426946918706,135.3004971332848,1.0,0.6871064044613491,,,5
17,pillars|K20|Gen11,pillars,,20,test,none,dpcc-t,False,all,0.0,,0.0,,,,,,0.0,0.0,423.0,,0.13417124199037356,134.17124199037355,87.49838971345245,46.67285227692109,136.10981557518244,1.0,0.6695638336727278,,,5
17,pillars|K20|Gen11,pillars,,20,test,none,dpcc-t,False,proj_valid,0.0,,0.0,,,,,,0.0,0.0,423.0,,0.13417124199037356,134.17124199037355,87.49838971345245,46.67285227692109,136.10981557518244,1.0,0.6695638336727278,,,5
17,pillars|K20|Gen11,pillars,,20,test,none,gradient,False,all,0.0,,0.0,,,,,,0.0,0.0,423.0,,0.09092358910715861,90.92358910715862,90.92358910715862,0.0,91.62207851186395,1.0,6.984261433839324,,,5
17,pillars|K20|Gen11,pillars,,20,test,none,gradient,False,proj_valid,0.0,,0.0,,,,,,0.0,0.0,423.0,,0.09092358910715861,90.92358910715862,90.92358910715862,0.0,91.62207851186395,1.0,6.984261433839324,,,5
17,pillars|K20|Gen11,pillars,,20,test,none,post_processing,False,all,0.0,,0.0,,,,,,0.0,0.0,423.0,,0.0966776993575404,96.6776993575404,87.02517998695839,9.652519370582013,97.99766277894378,1.0,0.6814122078922814,,,5
17,pillars|K20|Gen11,pillars,,20,test,none,post_processing,False,proj_valid,0.0,,0.0,,,,,,0.0,0.0,423.0,,0.0966776993575404,96.6776993575404,87.02517998695839,9.652519370582013,97.99766277894378,1.0,0.6814122078922814,,,5
17,pillars|K20|Gen11,pillars,,20,test,none,model_free,False,all,0.0,,0.0,,,,,,0.0,0.0,423.0,,0.10647218660605547,106.47218660605547,87.32608338840727,19.146103217648196,107.06492824479938,1.0,1.3445555629379442,,,5
17,pillars|K20|Gen11,pillars,,20,test,none,model_free,False,proj_valid,0.0,,0.0,,,,,,0.0,0.0,423.0,,0.10647218660605547,106.47218660605547,87.32608338840727,19.146103217648196,107.06492824479938,1.0,1.3445555629379442,,,5
18,pillars|K20|Gen11,pillars,,20,test,none,diffuser,False,all,0.0,,0.0,,,,,,0.0,0.0,423.0,,0.08472213898970213,84.72213898970213,84.72213898970213,0.0,86.40831232070923,1.0,0.2061790463928896,,,5
18,pillars|K20|Gen11,pillars,,20,test,none,diffuser,False,proj_valid,0.0,,0.0,,,,,,0.0,0.0,423.0,,0.08472213898970213,84.72213898970213,84.72213898970213,0.0,86.40831232070923,1.0,0.2061790463928896,,,5
18,pillars|K20|Gen11,pillars,,20,test,none,dpcc-r,False,all,0.0,,0.0,,,,,,0.0,0.0,423.0,,0.13096889224805935,130.96889224805938,84.79771304069807,46.17117920736129,131.41202775761485,1.0,0.1965126576293575,,,5
18,pillars|K20|Gen11,pillars,,20,test,none,dpcc-r,False,proj_valid,0.0,,0.0,,,,,,0.0,0.0,423.0,,0.13096889224805935,130.96889224805938,84.79771304069807,46.17117920736129,131.41202775761485,1.0,0.1965126576293575,,,5
18,pillars|K20|Gen11,pillars,,20,test,none,dpcc-c,False,all,0.0,,0.0,,,,,,0.0,0.0,423.0,,0.13097436070012453,130.97436070012452,84.79484019373947,46.17952050638505,131.41568707302213,1.0,0.19408995076652452,,,5
18,pillars|K20|Gen11,pillars,,20,test,none,dpcc-c,False,proj_valid,0.0,,0.0,,,,,,0.0,0.0,423.0,,0.13097436070012453,130.97436070012452,84.79484019373947,46.17952050638505,131.41568707302213,1.0,0.19408995076652452,,,5
18,pillars|K20|Gen11,pillars,,20,test,none,dpcc-t,False,all,0.0,,0.0,,,,,,0.0,0.0,423.0,,0.1309444179113341,130.94441791133409,84.77183169456374,46.17258621677036,131.3678016513586,1.0,0.19326794535062025,,,5
18,pillars|K20|Gen11,pillars,,20,test,none,dpcc-t,False,proj_valid,0.0,,0.0,,,,,,0.0,0.0,423.0,,0.1309444179113341,130.94441791133409,84.77183169456374,46.17258621677036,131.3678016513586,1.0,0.19326794535062025,,,5
18,pillars|K20|Gen11,pillars,,20,test,none,gradient,False,all,0.0,,0.0,,,,,,0.0,0.0,423.0,,0.08818859479447774,88.18859479447774,88.18859479447774,0.0,88.44662666320801,1.0,6.679533971699587,,,5
18,pillars|K20|Gen11,pillars,,20,test,none,gradient,False,proj_valid,0.0,,0.0,,,,,,0.0,0.0,423.0,,0.08818859479447774,88.18859479447774,88.18859479447774,0.0,88.44662666320801,1.0,6.679533971699587,,,5
18,pillars|K20|Gen11,pillars,,20,test,none,post_processing,False,all,0.0,,0.0,,,,,,0.0,0.0,423.0,,0.09379212933260603,93.79212933260604,84.45826569661688,9.333863635989166,94.99873591586947,1.0,0.18078469411753578,,,5
18,pillars|K20|Gen11,pillars,,20,test,none,post_processing,False,proj_valid,0.0,,0.0,,,,,,0.0,0.0,423.0,,0.09379212933260603,93.79212933260604,84.45826569661688,9.333863635989166,94.99873591586947,1.0,0.18078469411753578,,,5
18,pillars|K20|Gen11,pillars,,20,test,none,model_free,False,all,0.0,,0.0,,,,,,0.0,0.0,423.0,,0.10340064290975585,103.40064290975586,84.68494566230056,18.71569724745528,103.84549017995596,1.0,0.20944414366388192,,,5
18,pillars|K20|Gen11,pillars,,20,test,none,model_free,False,proj_valid,0.0,,0.0,,,,,,0.0,0.0,423.0,,0.10340064290975585,103.40064290975586,84.68494566230056,18.71569724745528,103.84549017995596,1.0,0.20944414366388192,,,5
19,pillars|K20|Gen11,pillars,,20,test,(Fix4_action+geo_bounds) pillars_bounds+dynamics+halfspace+obstacles,diffuser,False,all,0.0,,0.0,,,,,,418.2,377.3929744098987,418.2,,0.08417224221701883,84.1722422170188,84.1722422170188,0.0,87.95731936581433,1.0,0.48757078995423353,,,10
19,pillars|K20|Gen11,pillars,,20,test,(Fix4_action+geo_bounds) pillars_bounds+dynamics+halfspace+obstacles,diffuser,False,proj_valid,0.0,,0.0,,,,,,418.2,377.3929744098987,418.2,,0.08417224221701883,84.1722422170188,84.1722422170188,0.0,87.95731936581433,1.0,0.48757078995423353,,,10
19,pillars|K20|Gen11,pillars,,20,test,(Fix4_action+geo_bounds) pillars_bounds+dynamics+halfspace+obstacles,dpcc-r,False,all,0.0,,,,,,,,,,,,7.7038723260768505,7703.872326076851,84.20443855982924,7619.667887517021,28023.456439133726,,4.153916065881966,,,5
19,pillars|K20|Gen11,pillars,,20,test,(Fix4_action+geo_bounds) pillars_bounds+dynamics+halfspace+obstacles,dpcc-r,False,proj_valid,0.0,,,,,,,,,,,,7.7038723260768505,7703.872326076851,84.20443855982924,7619.667887517021,28023.456439133726,,4.153916065881966,,,5
19,pillars|K20|Gen11,pillars,,20,test,(Fix4_action+geo_bounds) pillars_bounds+dynamics+halfspace+obstacles,gradient,False,all,0.0,,0.0,,,,,,414.2,414.34496110932025,418.2,,0.09942546901224725,99.42546901224725,99.42546901224725,0.0,103.05130377411842,1.0,6.667056052570516,,,10
19,pillars|K20|Gen11,pillars,,20,test,(Fix4_action+geo_bounds) pillars_bounds+dynamics+halfspace+obstacles,gradient,False,proj_valid,0.0,,0.0,,,,,,414.2,414.34496110932025,418.2,,0.09942546901224725,99.42546901224725,99.42546901224725,0.0,103.05130377411842,1.0,6.667056052570516,,,10
19,pillars|K20|Gen11,pillars,,20,test,(Fix4_action+geo_bounds) pillars_bounds+dynamics+halfspace+obstacles,gradient-tightened,True,all,0.0,,0.0,,,,,,408.7,492.56457726603975,418.2,,0.09915142412515421,99.1514241251542,99.1514241251542,0.0,101.86490998603404,1.0,5.946477370286014,,,10
19,pillars|K20|Gen11,pillars,,20,test,(Fix4_action+geo_bounds) pillars_bounds+dynamics+halfspace+obstacles,gradient-tightened,True,proj_valid,0.0,,0.0,,,,,,408.7,492.56457726603975,418.2,,0.09915142412515421,99.1514241251542,99.1514241251542,0.0,101.86490998603404,1.0,5.946477370286014,,,10
19,pillars|K20|Gen11,pillars,,20,test,(Fix4_action+geo_bounds) pillars_bounds+dynamics+halfspace+obstacles,post_processing,False,all,0.0,,0.0,,,,,,290.2,154.65574478110062,418.2,,0.7096611184928,709.6611184928,87.45690126720733,622.2042172255926,3148.618949493392,1.0,1.8049857132708187,,,10
19,pillars|K20|Gen11,pillars,,20,test,(Fix4_action+geo_bounds) pillars_bounds+dynamics+halfspace+obstacles,post_processing,False,proj_valid,0.0,,0.0,,,,,,290.2,154.65574478110062,418.2,,0.7096611184928,709.6611184928,87.45690126720733,622.2042172255926,3148.618949493392,1.0,1.8049857132708187,,,10
19,pillars|K20|Gen11,pillars,,20,test,(Fix4_action+geo_bounds) pillars_bounds+dynamics+halfspace+obstacles,post_processing-tightened,True,all,0.0,,0.0,,,,,,325.7,158.31006875192494,418.2,,0.8934861578990578,893.4861578990578,87.33482611114411,806.1513317879137,4564.960173377765,1.0,2.1958436420562397,,,10
19,pillars|K20|Gen11,pillars,,20,test,(Fix4_action+geo_bounds) pillars_bounds+dynamics+halfspace+obstacles,post_processing-tightened,True,proj_valid,0.0,,0.0,,,,,,325.7,158.31006875192494,418.2,,0.8934861578990578,893.4861578990578,87.33482611114411,806.1513317879137,4564.960173377765,1.0,2.1958436420562397,,,10
19,pillars|K20|Gen11,pillars,,20,test,(Fix4_action+geo_bounds) pillars_bounds+dynamics+halfspace+obstacles,model_free,False,all,0.0,,0.0,,,,,,418.2,351.98139308949305,418.2,,0.3846677424848058,384.6677424848058,84.07263055324796,300.5951119315578,499.614170063287,1.0,0.5390563375182165,,,10
19,pillars|K20|Gen11,pillars,,20,test,(Fix4_action+geo_bounds) pillars_bounds+dynamics+halfspace+obstacles,model_free,False,proj_valid,0.0,,0.0,,,,,,418.2,351.98139308949305,418.2,,0.3846677424848058,384.6677424848058,84.07263055324796,300.5951119315578,499.614170063287,1.0,0.5390563375182165,,,10
19,pillars|K20|Gen11,pillars,,20,test,(Fix4_action+geo_bounds) pillars_bounds+dynamics+halfspace+obstacles,model_free-tightened,True,all,0.0,,0.0,,,,,,418.2,353.7616132372295,418.2,,0.41155658068158757,411.55658068158755,83.3293999671736,328.227180714414,541.0421603545547,1.0,0.5365662438650743,,,10
19,pillars|K20|Gen11,pillars,,20,test,(Fix4_action+geo_bounds) pillars_bounds+dynamics+halfspace+obstacles,model_free-tightened,True,proj_valid,0.0,,0.0,,,,,,418.2,353.7616132372295,418.2,,0.41155658068158757,411.55658068158755,83.3293999671736,328.227180714414,541.0421603545547,1.0,0.5365662438650743,,,10
19,pillars|K20|Gen11,pillars,,20,test,none,diffuser,False,all,0.0,,0.0,,,,,,0.0,0.0,423.0,,0.08476733191996313,84.76733191996314,84.76733191996314,0.0,87.27149274200201,1.0,0.49508716718175433,,,5
19,pillars|K20|Gen11,pillars,,20,test,none,diffuser,False,proj_valid,0.0,,0.0,,,,,,0.0,0.0,423.0,,0.08476733191996313,84.76733191996314,84.76733191996314,0.0,87.27149274200201,1.0,0.49508716718175433,,,5
19,pillars|K20|Gen11,pillars,,20,test,none,dpcc-r,False,all,0.0,,0.0,,,,,,0.0,0.0,423.0,,0.13031580277161564,130.31580277161564,84.23153658220497,46.08426618941068,131.65183452889323,1.0,0.4574960957081752,,,5
19,pillars|K20|Gen11,pillars,,20,test,none,dpcc-r,False,proj_valid,0.0,,0.0,,,,,,0.0,0.0,423.0,,0.13031580277161564,130.31580277161564,84.23153658220497,46.08426618941068,131.65183452889323,1.0,0.4574960957081752,,,5
19,pillars|K20|Gen11,pillars,,20,test,none,dpcc-c,False,all,0.0,,0.0,,,,,,0.0,0.0,423.0,,0.13029850246717337,130.29850246717336,84.23645831955133,46.062044147622046,131.56476808711886,1.0,0.45762556946416455,,,5
19,pillars|K20|Gen11,pillars,,20,test,none,dpcc-c,False,proj_valid,0.0,,0.0,,,,,,0.0,0.0,423.0,,0.13029850246717337,130.29850246717336,84.23645831955133,46.062044147622046,131.56476808711886,1.0,0.45762556946416455,,,5
19,pillars|K20|Gen11,pillars,,20,test,none,dpcc-t,False,all,0.0,,0.0,,,,,,0.0,0.0,423.0,,0.13031461041752584,130.31461041752587,84.1909907993147,46.12361961821116,131.45302822813392,1.0,0.4623668760011751,,,5
19,pillars|K20|Gen11,pillars,,20,test,none,dpcc-t,False,proj_valid,0.0,,0.0,,,,,,0.0,0.0,423.0,,0.13031461041752584,130.31461041752587,84.1909907993147,46.12361961821116,131.45302822813392,1.0,0.4623668760011751,,,5
19,pillars|K20|Gen11,pillars,,20,test,none,gradient,False,all,0.0,,0.0,,,,,,0.0,0.0,423.0,,0.08856335925566687,88.56335925566688,88.56335925566688,0.0,91.47610360756516,1.0,3.635453891434735,,,5
19,pillars|K20|Gen11,pillars,,20,test,none,gradient,False,proj_valid,0.0,,0.0,,,,,,0.0,0.0,423.0,,0.08856335925566687,88.56335925566688,88.56335925566688,0.0,91.47610360756516,1.0,3.635453891434735,,,5
19,pillars|K20|Gen11,pillars,,20,test,none,post_processing,False,all,0.0,,0.0,,,,,,0.0,0.0,423.0,,0.0933401334646141,93.34013346461411,84.03502208267113,9.30511138194298,95.47894233837724,1.0,0.45726999712139466,,,5
19,pillars|K20|Gen11,pillars,,20,test,none,post_processing,False,proj_valid,0.0,,0.0,,,,,,0.0,0.0,423.0,,0.0933401334646141,93.34013346461411,84.03502208267113,9.30511138194298,95.47894233837724,1.0,0.45726999712139466,,,5
19,pillars|K20|Gen11,pillars,,20,test,none,model_free,False,all,0.0,,0.0,,,,,,0.0,0.0,423.0,,0.10280094921321119,102.8009492132112,84.17307466687154,18.627874546339662,103.98913647979498,1.0,0.4932640818146745,,,5
19,pillars|K20|Gen11,pillars,,20,test,none,model_free,False,proj_valid,0.0,,0.0,,,,,,0.0,0.0,423.0,,0.10280094921321119,102.8009492132112,84.17307466687154,18.627874546339662,103.98913647979498,1.0,0.4932640818146745,,,5
22,pillars|K20|Gen11,pillars,,20,test,pillars_bounds+dynamics+geo_bounds+obstacles,diffuser,False,all,0.0,0.0,0.0,0.0,0.0,0.0,0.0,1.4998758173880333,522.1,330.11413385947674,634.0,,0.08622067537252741,86.22067537252741,86.22067537252741,0.0,89.20889016240835,1.0,0.6649377165132783,0.0008412197686645636,-0.005025026046688104,10
22,pillars|K20|Gen11,pillars,,20,test,pillars_bounds+dynamics+geo_bounds+obstacles,diffuser,False,proj_valid,0.0,0.0,0.0,0.0,0.0,0.0,0.0,1.4998758173880333,522.1,330.11413385947674,634.0,,0.08622067537252741,86.22067537252741,86.22067537252741,0.0,89.20889016240835,1.0,0.6649377165132783,0.0008412197686645636,-0.005025026046688104,10
22,pillars|K20|Gen11,pillars,,20,test,pillars_bounds+dynamics+geo_bounds+obstacles,gradient,False,all,0.0,0.0,0.0,0.0,0.0,0.0,0.0,3.723234081947793,571.7,451.3632019031811,634.0,,0.09756488128820852,97.56488128820851,97.56488128820851,0.0,101.09006294049323,1.0,6.510967911019614,0.25304942166140904,0.03180065472160721,10
22,pillars|K20|Gen11,pillars,,20,test,pillars_bounds+dynamics+geo_bounds+obstacles,gradient,False,proj_valid,0.0,0.0,0.0,0.0,0.0,0.0,0.0,3.723234081947793,571.7,451.3632019031811,634.0,,0.09756488128820852,97.56488128820851,97.56488128820851,0.0,101.09006294049323,1.0,6.510967911019614,0.25304942166140904,0.03180065472160721,10
22,pillars|K20|Gen11,pillars,,20,test,pillars_bounds+dynamics+geo_bounds+obstacles,gradient-tightened,True,all,0.0,0.0,0.0,0.0,0.0,0.0,0.2,3.614732674641604,514.1,403.8269496033479,564.8,288.0,0.09748688044820583,97.48688044820584,97.48688044820584,0.0,99.84175637364388,1.0,6.8810780571375245,0.02467821900308023,0.04385437385531114,10
22,pillars|K20|Gen11,pillars,,20,test,pillars_bounds+dynamics+geo_bounds+obstacles,gradient-tightened,True,proj_valid,0.0,0.0,0.0,0.0,0.0,0.0,0.2,3.614732674641604,514.1,403.8269496033479,564.8,288.0,0.09748688044820583,97.48688044820584,97.48688044820584,0.0,99.84175637364388,1.0,6.8810780571375245,0.02467821900308023,0.04385437385531114,10
22,pillars|K20|Gen11,pillars,,20,test,pillars_bounds+dynamics+geo_bounds+obstacles,post_processing,False,all,0.1,0.1,0.0,0.0,0.0,0.1,0.3,1.1465340820017482,257.9,128.7750241971699,587.8,480.0,0.3065781750952417,306.5781750952417,86.15496333825222,220.42321175698947,920.4329781327403,1.0,1.0678286219825914,0.04102013394142549,0.19870086183999797,10
22,pillars|K20|Gen11,pillars,,20,test,pillars_bounds+dynamics+geo_bounds+obstacles,post_processing,False,proj_valid,0.1,0.1,0.0,0.0,0.0,0.1,0.3,1.1465340820017482,257.9,128.7750241971699,587.8,480.0,0.3065781750952417,306.5781750952417,86.15496333825222,220.42321175698947,920.4329781327403,1.0,1.0678286219825914,0.04102013394142549,0.19870086183999797,10
22,pillars|K20|Gen11,pillars,,20,test,pillars_bounds+dynamics+geo_bounds+obstacles,post_processing-tightened,True,all,0.1,0.1,0.0,0.0,0.0,0.1,0.3,1.5374511697256241,257.5,204.42308877534177,585.6,472.6666666666667,0.3413800458131797,341.3800458131797,86.53724801817226,254.84279779500744,981.2977651506678,1.0,1.1159630935133413,0.00565233804703094,0.17680474896104892,10
22,pillars|K20|Gen11,pillars,,20,test,pillars_bounds+dynamics+geo_bounds+obstacles,post_processing-tightened,True,proj_valid,0.1,0.1,0.0,0.0,0.0,0.1,0.3,1.5374511697256241,257.5,204.42308877534177,585.6,472.6666666666667,0.3413800458131797,341.3800458131797,86.53724801817226,254.84279779500744,981.2977651506678,1.0,1.1159630935133413,0.00565233804703094,0.17680474896104892,10
22,pillars|K20|Gen11,pillars,,20,test,pillars_bounds+dynamics+geo_bounds+obstacles,model_free,False,all,0.0,0.0,0.0,0.0,0.0,0.0,0.0,1.3140335467256201,454.2,237.88989216247734,634.0,,0.25495129659777793,254.95129659777794,87.06693814168405,167.8843584560939,335.8323226775974,1.0,0.6210432298669395,0.0015247108307045215,-0.004908086056070843,10
22,pillars|K20|Gen11,pillars,,20,test,pillars_bounds+dynamics+geo_bounds+obstacles,model_free,False,proj_valid,0.0,0.0,0.0,0.0,0.0,0.0,0.0,1.3140335467256201,454.2,237.88989216247734,634.0,,0.25495129659777793,254.95129659777794,87.06693814168405,167.8843584560939,335.8323226775974,1.0,0.6210432298669395,0.0015247108307045215,-0.004908086056070843,10
22,pillars|K20|Gen11,pillars,,20,test,pillars_bounds+dynamics+geo_bounds+obstacles,model_free-tightened,True,all,0.1,0.1,0.0,0.0,0.0,0.1,0.2,1.037526644557499,450.8,205.93008219674275,596.4,446.0,0.2701384037005761,270.1384037005761,87.48132692254623,182.65707677802988,355.44216375797987,1.0,0.6079049927974498,0.0008082236484281517,0.16770296739158547,10
22,pillars|K20|Gen11,pillars,,20,test,pillars_bounds+dynamics+geo_bounds+obstacles,model_free-tightened,True,proj_valid,0.1,0.1,0.0,0.0,0.0,0.1,0.2,1.037526644557499,450.8,205.93008219674275,596.4,446.0,0.2701384037005761,270.1384037005761,87.48132692254623,182.65707677802988,355.44216375797987,1.0,0.6079049927974498,0.0008082236484281517,0.16770296739158547,10
22,pillars|K20|Gen11,pillars,,20,test,pillars_bounds+dynamics+geo_bounds+obstacles,bounds_free,False,all,0.0,0.0,0.0,0.0,0.0,0.0,0.3,2.0218072168253927,319.0,416.3374047151386,578.7,449.6666666666667,4.05415107288191,4054.15107288191,87.80285630469955,3966.348216577211,20208.33423278294,1.0,2.3364112552059604,0.15311867960462108,0.11586550866838141,10
22,pillars|K20|Gen11,pillars,,20,test,pillars_bounds+dynamics+geo_bounds+obstacles,bounds_free,False,proj_valid,0.0,0.0,0.0,0.0,0.0,0.0,0.3,2.0218072168253927,319.0,416.3374047151386,578.7,449.6666666666667,4.05415107288191,4054.15107288191,87.80285630469955,3966.348216577211,20208.33423278294,1.0,2.3364112552059604,0.15311867960462108,0.11586550866838141,10
22,pillars|K20|Gen11,pillars,,20,test,pillars_bounds+dynamics+geo_bounds+obstacles,bounds_free-tightened,True,all,0.0,0.0,0.0,0.0,0.0,0.0,0.3,1.826196806963522,335.4,243.90552314484574,577.7,446.3333333333333,6.489698400640258,6489.698400640257,87.60935018768306,6402.089050452574,29350.296026607975,1.0,1.997571307341221,0.10379255172702526,0.06760213153179483,10
22,pillars|K20|Gen11,pillars,,20,test,pillars_bounds+dynamics+geo_bounds+obstacles,bounds_free-tightened,True,proj_valid,0.0,0.0,0.0,0.0,0.0,0.0,0.3,1.826196806963522,335.4,243.90552314484574,577.7,446.3333333333333,6.489698400640258,6489.698400640257,87.60935018768306,6402.089050452574,29350.296026607975,1.0,1.997571307341221,0.10379255172702526,0.06760213153179483,10
22,pillars|K20|Gen11,pillars,,20,test,pillars_bounds+dynamics+geo_bounds+obstacles,geo_free,False,all,0.0,1.0,0.0,0.0,0.0,1.0,0.0,0.6968686280638756,494.1,143.89790836882577,634.0,,0.141100518288508,141.100518288508,85.22931120948931,55.8712070790187,141.8383311200887,1.0,0.33439135032221234,0.0,0.7500649897061507,10
22,pillars|K20|Gen11,pillars,,20,test,pillars_bounds+dynamics+geo_bounds+obstacles,geo_free,False,proj_valid,0.0,1.0,0.0,0.0,0.0,1.0,0.0,0.6968686280638756,494.1,143.89790836882577,634.0,,0.141100518288508,141.100518288508,85.22931120948931,55.8712070790187,141.8383311200887,1.0,0.33439135032221234,0.0,0.7500649897061507,10
22,pillars|K20|Gen11,pillars,,20,test,pillars_bounds+dynamics+geo_bounds+obstacles,geo_free-bounds_free,False,all,0.0,1.0,0.0,0.0,0.0,1.0,0.0,0.6854943493081719,491.7,137.64623220550988,634.0,,0.13178068854455316,131.78068854455316,85.4390152677165,46.34167327683666,133.11373645439744,1.0,0.33336415438241507,0.0,0.7564375289939386,10
22,pillars|K20|Gen11,pillars,,20,test,pillars_bounds+dynamics+geo_bounds+obstacles,geo_free-bounds_free,False,proj_valid,0.0,1.0,0.0,0.0,0.0,1.0,0.0,0.6854943493081719,491.7,137.64623220550988,634.0,,0.13178068854455316,131.78068854455316,85.4390152677165,46.34167327683666,133.11373645439744,1.0,0.33336415438241507,0.0,0.7564375289939386,10
22,pillars|K20|Gen11,pillars,,20,test,pillars_bounds+dynamics+geo_bounds+obstacles,geo_free-model_free,False,all,0.0,0.0,0.0,0.0,0.0,0.0,0.0,1.3352078110901249,501.7,282.8450746894727,634.0,,0.11262455959995321,112.6245595999532,85.98798922959375,26.636570370359472,124.33591099455953,1.0,0.616749201433808,0.00010515247108307045,-0.005256269792204051,10
22,pillars|K20|Gen11,pillars,,20,test,pillars_bounds+dynamics+geo_bounds+obstacles,geo_free-model_free,False,proj_valid,0.0,0.0,0.0,0.0,0.0,0.0,0.0,1.3352078110901249,501.7,282.8450746894727,634.0,,0.11262455959995321,112.6245595999532,85.98798922959375,26.636570370359472,124.33591099455953,1.0,0.616749201433808,0.00010515247108307045,-0.005256269792204051,10
22,pillars|K20|Gen11,pillars,,20,test,pillars_bounds+dynamics+geo_bounds+obstacles,model_free-bounds_free,False,all,0.0,0.0,0.0,0.0,0.0,0.0,0.0,1.1435552942303464,476.8,212.65915826710966,634.0,,0.24403530901579967,244.0353090157997,87.52491907348815,156.51038994231152,315.2644904330373,1.0,0.6435060107844996,0.0010515247108307045,-0.005114201374522996,10
22,pillars|K20|Gen11,pillars,,20,test,pillars_bounds+dynamics+geo_bounds+obstacles,model_free-bounds_free,False,proj_valid,0.0,0.0,0.0,0.0,0.0,0.0,0.0,1.1435552942303464,476.8,212.65915826710966,634.0,,0.24403530901579967,244.0353090157997,87.52491907348815,156.51038994231152,315.2644904330373,1.0,0.6435060107844996,0.0010515247108307045,-0.005114201374522996,10
22,pillars|K20|Gen11,pillars,,20,test,pillars_bounds+dynamics+geo_bounds+obstacles,model_free-bounds_free-tightened,True,all,0.0,0.0,0.0,0.0,0.0,0.0,0.0,1.6116373021815058,443.3,296.11487220922504,634.0,,0.2546492201502344,254.64922015023438,87.39880360574799,167.2504165444864,332.8651716839522,1.0,0.7802865022878475,0.011514195583596214,0.0010575916660977712,10
22,pillars|K20|Gen11,pillars,,20,test,pillars_bounds+dynamics+geo_bounds+obstacles,model_free-bounds_free-tightened,True,proj_valid,0.0,0.0,0.0,0.0,0.0,0.0,0.0,1.6116373021815058,443.3,296.11487220922504,634.0,,0.2546492201502344,254.64922015023438,87.39880360574799,167.2504165444864,332.8651716839522,1.0,0.7802865022878475,0.011514195583596214,0.0010575916660977712,10
24,s_curve|K20|Gen11,s_curve,,20,test,none,diffuser,False,all,0.0,,0.0,,,,,,0.0,0.0,632.4,,0.08459342154341457,84.59342154341456,84.59342154341456,0.0,86.28874649759382,1.0,134.61111728110214,,,20
24,s_curve|K20|Gen11,s_curve,,20,test,none,diffuser,False,proj_valid,0.0,,0.0,,,,,,0.0,0.0,632.4,,0.08459342154341457,84.59342154341456,84.59342154341456,0.0,86.28874649759382,1.0,134.61111728110214,,,20
24,s_curve|K20|Gen11,s_curve,,20,test,none,dpcc-r,False,all,0.0,,0.0,,,,,,0.0,0.0,632.4,,0.12469449455468036,124.69449455468035,85.61513382737424,39.07936072730611,127.73585124872625,1.0,0.44439369013201224,,,20
24,s_curve|K20|Gen11,s_curve,,20,test,none,dpcc-r,False,proj_valid,0.0,,0.0,,,,,,0.0,0.0,632.4,,0.12469449455468036,124.69449455468035,85.61513382737424,39.07936072730611,127.73585124872625,1.0,0.44439369013201224,,,20
24,s_curve|K20|Gen11,s_curve,,20,test,none,dpcc-c,False,all,0.0,,0.0,,,,,,0.0,0.0,632.4,,0.12316597264228782,123.16597264228783,84.44558445827889,38.720388184008925,124.44582849275321,1.0,0.38654718251356746,,,20
24,s_curve|K20|Gen11,s_curve,,20,test,none,dpcc-c,False,proj_valid,0.0,,0.0,,,,,,0.0,0.0,632.4,,0.12316597264228782,123.16597264228783,84.44558445827889,38.720388184008925,124.44582849275321,1.0,0.38654718251356746,,,20
24,s_curve|K20|Gen11,s_curve,,20,test,none,dpcc-t,False,all,0.0,,0.0,,,,,,0.0,0.0,632.4,,0.12414448753087734,124.14448753087734,85.15685594007594,38.9876315908014,127.6638392265886,1.0,0.43623844287548535,,,20
24,s_curve|K20|Gen11,s_curve,,20,test,none,dpcc-t,False,proj_valid,0.0,,0.0,,,,,,0.0,0.0,632.4,,0.12414448753087734,124.14448753087734,85.15685594007594,38.9876315908014,127.6638392265886,1.0,0.43623844287548535,,,20
24,s_curve|K20|Gen11,s_curve,,20,test,none,gradient,False,all,0.0,,0.0,,,,,,0.0,0.0,632.4,,0.08975271932615167,89.75271932615168,89.75271932615168,0.0,92.62009080965072,1.0,3.2721446079484062,,,20
24,s_curve|K20|Gen11,s_curve,,20,test,none,gradient,False,proj_valid,0.0,,0.0,,,,,,0.0,0.0,632.4,,0.08975271932615167,89.75271932615168,89.75271932615168,0.0,92.62009080965072,1.0,3.2721446079484062,,,20
24,s_curve|K20|Gen11,s_curve,,20,test,none,post_processing,False,all,0.0,,0.0,,,,,,0.0,0.0,632.4,,0.09274518422064373,92.74518422064372,84.85568701325138,7.889497207392343,94.47099537588656,1.0,0.4278781560485768,,,20
24,s_curve|K20|Gen11,s_curve,,20,test,none,post_processing,False,proj_valid,0.0,,0.0,,,,,,0.0,0.0,632.4,,0.09274518422064373,92.74518422064372,84.85568701325138,7.889497207392343,94.47099537588656,1.0,0.4278781560485768,,,20
24,s_curve|K20|Gen11,s_curve,,20,test,none,model_free,False,all,0.0,,0.0,,,,,,0.0,0.0,632.4,,0.1191352081905693,119.1352081905693,86.47373942571198,32.66146876485732,147.9661086993292,1.0,135.22996768508034,,,20
24,s_curve|K20|Gen11,s_curve,,20,test,none,model_free,False,proj_valid,0.0,,0.0,,,,,,0.0,0.0,632.4,,0.1191352081905693,119.1352081905693,86.47373942571198,32.66146876485732,147.9661086993292,1.0,135.22996768508034,,,20
25,s_curve|K20|Gen11,s_curve,,20,test,none,diffuser,False,all,0.0,,0.0,,,,,,0.0,0.0,632.4,,0.08455957287992859,84.5595728799286,84.5595728799286,0.0,84.76408739108592,1.0,0.004263682878100495,,,20
25,s_curve|K20|Gen11,s_curve,,20,test,none,diffuser,False,proj_valid,0.0,,0.0,,,,,,0.0,0.0,632.4,,0.08455957287992859,84.5595728799286,84.5595728799286,0.0,84.76408739108592,1.0,0.004263682878100495,,,20
25,s_curve|K20|Gen11,s_curve,,20,test,none,dpcc-r,False,all,0.0,,0.0,,,,,,0.0,0.0,632.4,,0.12397596339209827,123.97596339209827,85.25231816020715,38.72364523189112,124.38177033793181,1.0,0.0015901690237926328,,,20
25,s_curve|K20|Gen11,s_curve,,20,test,none,dpcc-r,False,proj_valid,0.0,,0.0,,,,,,0.0,0.0,632.4,,0.12397596339209827,123.97596339209827,85.25231816020715,38.72364523189112,124.38177033793181,1.0,0.0015901690237926328,,,20
25,s_curve|K20|Gen11,s_curve,,20,test,none,dpcc-c,False,all,0.0,,0.0,,,,,,0.0,0.0,632.4,,0.12396512673454692,123.96512673454693,85.23578823261685,38.72933850193006,124.35521357692778,1.0,0.0015847910387263328,,,20
25,s_curve|K20|Gen11,s_curve,,20,test,none,dpcc-c,False,proj_valid,0.0,,0.0,,,,,,0.0,0.0,632.4,,0.12396512673454692,123.96512673454693,85.23578823261685,38.72933850193006,124.35521357692778,1.0,0.0015847910387263328,,,20
25,s_curve|K20|Gen11,s_curve,,20,test,none,dpcc-t,False,all,0.0,,0.0,,,,,,0.0,0.0,632.4,,0.12394011299169545,123.94011299169547,85.18535088780291,38.754762103892546,124.31077186949551,1.0,0.001654107124102171,,,20
25,s_curve|K20|Gen11,s_curve,,20,test,none,dpcc-t,False,proj_valid,0.0,,0.0,,,,,,0.0,0.0,632.4,,0.12394011299169545,123.94011299169547,85.18535088780291,38.754762103892546,124.31077186949551,1.0,0.001654107124102171,,,20
25,s_curve|K20|Gen11,s_curve,,20,test,none,gradient,False,all,0.0,,0.0,,,,,,0.0,0.0,632.4,,0.08851422129271726,88.51422129271725,88.51422129271725,0.0,88.82655572611839,1.0,0.9991484038096996,,,20
25,s_curve|K20|Gen11,s_curve,,20,test,none,gradient,False,proj_valid,0.0,,0.0,,,,,,0.0,0.0,632.4,,0.08851422129271726,88.51422129271725,88.51422129271725,0.0,88.82655572611839,1.0,0.9991484038096996,,,20
25,s_curve|K20|Gen11,s_curve,,20,test,none,post_processing,False,all,0.0,,0.0,,,,,,0.0,0.0,632.4,,0.0927227958891288,92.72279588912879,84.8980400783582,7.824755810770592,93.13380597159266,1.0,0.0015411788703119174,,,20
25,s_curve|K20|Gen11,s_curve,,20,test,none,post_processing,False,proj_valid,0.0,,0.0,,,,,,0.0,0.0,632.4,,0.0927227958891288,92.72279588912879,84.8980400783582,7.824755810770592,93.13380597159266,1.0,0.0015411788703119174,,,20
25,s_curve|K20|Gen11,s_curve,,20,test,none,model_free,False,all,0.0,,0.0,,,,,,0.0,0.0,632.4,,0.10360810558209943,103.60810558209944,85.04728294198637,18.560822640113066,103.98439170327038,1.0,0.004293727697888535,,,20
25,s_curve|K20|Gen11,s_curve,,20,test,none,model_free,False,proj_valid,0.0,,0.0,,,,,,0.0,0.0,632.4,,0.10360810558209943,103.60810558209944,85.04728294198637,18.560822640113066,103.98439170327038,1.0,0.004293727697888535,,,20
28,s_curve|K20|Gen11,s_curve,,20,test,(Bf_U13)s_curve_bounds+dynamics+geo_bounds+halfspace+obstacles,diffuser,False,all,0.0,,0.0,,,,,,640.5,988.3657451892556,645.6,,0.08449012020025659,84.4901202002566,84.4901202002566,0.0,86.9967984687537,1.0,146.86528729825818,,,10
28,s_curve|K20|Gen11,s_curve,,20,test,(Bf_U13)s_curve_bounds+dynamics+geo_bounds+halfspace+obstacles,diffuser,False,proj_valid,0.0,,0.0,,,,,,640.5,988.3657451892556,645.6,,0.08449012020025659,84.4901202002566,84.4901202002566,0.0,86.9967984687537,1.0,146.86528729825818,,,10
28,s_curve|K20|Gen11,s_curve,,20,test,(Bf_U13)s_curve_bounds+dynamics+geo_bounds+halfspace+obstacles,dpcc-r,False,all,0.0,,0.0,,,,,,427.1,10687.402480367717,645.6,,1.0144378184825824,1014.4378184825824,84.82972189413033,929.6080965884521,3430.582386329769,1.0,37.20683734215077,,,10
28,s_curve|K20|Gen11,s_curve,,20,test,(Bf_U13)s_curve_bounds+dynamics+geo_bounds+halfspace+obstacles,dpcc-r,False,proj_valid,0.0,,0.0,,,,,,427.1,10687.402480367717,645.6,,1.0144378184825824,1014.4378184825824,84.82972189413033,929.6080965884521,3430.582386329769,1.0,37.20683734215077,,,10
28,s_curve|K20|Gen11,s_curve,,20,test,(Bf_U13)s_curve_bounds+dynamics+geo_bounds+halfspace+obstacles,dpcc-r-tightened,True,all,0.0,,,,,,,,,,,,1.054061403263025,1054.061403263025,84.87942598485199,969.1819772781732,3408.283786394167,,53.71396846197667,,,8
28,s_curve|K20|Gen11,s_curve,,20,test,(Bf_U13)s_curve_bounds+dynamics+geo_bounds+halfspace+obstacles,dpcc-r-tightened,True,proj_valid,0.0,,,,,,,,,,,,1.054061403263025,1054.061403263025,84.87942598485199,969.1819772781732,3408.283786394167,,53.71396846197667,,,8
28,s_curve|K20|Gen11,s_curve,,20,test,(Bf_U13)s_curve_bounds+dynamics+geo_bounds+halfspace+obstacles,gradient,False,all,0.0,,0.0,,,,,,636.5,411.37288961573176,645.6,,0.09147458963047955,91.47458963047956,91.47458963047956,0.0,92.30253187008202,1.0,5.5972375996481905,,,10
28,s_curve|K20|Gen11,s_curve,,20,test,(Bf_U13)s_curve_bounds+dynamics+geo_bounds+halfspace+obstacles,gradient,False,proj_valid,0.0,,0.0,,,,,,636.5,411.37288961573176,645.6,,0.09147458963047955,91.47458963047956,91.47458963047956,0.0,92.30253187008202,1.0,5.5972375996481905,,,10
28,s_curve|K20|Gen11,s_curve,,20,test,(Bf_U13)s_curve_bounds+dynamics+geo_bounds+halfspace+obstacles,gradient-tightened,True,all,0.0,,0.0,,,,,,632.9,618.1829602868245,645.6,,0.09148690597885886,91.48690597885886,91.48690597885886,0.0,91.79458347149193,1.0,4.999832488599589,,,10
28,s_curve|K20|Gen11,s_curve,,20,test,(Bf_U13)s_curve_bounds+dynamics+geo_bounds+halfspace+obstacles,gradient-tightened,True,proj_valid,0.0,,0.0,,,,,,632.9,618.1829602868245,645.6,,0.09148690597885886,91.48690597885886,91.48690597885886,0.0,91.79458347149193,1.0,4.999832488599589,,,10
28,s_curve|K20|Gen11,s_curve,,20,test,(Bf_U13)s_curve_bounds+dynamics+geo_bounds+halfspace+obstacles,post_processing,False,all,0.0,,0.0,,,,,,383.2,7694.001299981433,645.6,,0.16744763592434087,167.4476359243409,84.28256757192065,83.1650683524202,285.0331321079284,1.0,19.18654229938793,,,10
28,s_curve|K20|Gen11,s_curve,,20,test,(Bf_U13)s_curve_bounds+dynamics+geo_bounds+halfspace+obstacles,post_processing,False,proj_valid,0.0,,0.0,,,,,,383.2,7694.001299981433,645.6,,0.16744763592434087,167.4476359243409,84.28256757192065,83.1650683524202,285.0331321079284,1.0,19.18654229938793,,,10
28,s_curve|K20|Gen11,s_curve,,20,test,(Bf_U13)s_curve_bounds+dynamics+geo_bounds+halfspace+obstacles,post_processing-tightened,True,all,0.0,,0.0,,,,,,391.6,12758.08711074791,645.6,,0.17796124186736917,177.96124186736918,84.36580342412466,93.59543844324452,296.6625715326517,1.0,27.723393312356762,,,10
28,s_curve|K20|Gen11,s_curve,,20,test,(Bf_U13)s_curve_bounds+dynamics+geo_bounds+halfspace+obstacles,post_processing-tightened,True,proj_valid,0.0,,0.0,,,,,,391.6,12758.08711074791,645.6,,0.17796124186736917,177.96124186736918,84.36580342412466,93.59543844324452,296.6625715326517,1.0,27.723393312356762,,,10
28,s_curve|K20|Gen11,s_curve,,20,test,(Bf_U13)s_curve_bounds+dynamics+geo_bounds+halfspace+obstacles,model_free,False,all,0.0,,0.0,,,,,,643.7,332.0885931108876,645.6,,0.2289814998154466,228.98149981544657,84.59701967274547,144.3844801427011,300.3852570615709,1.0,171.64363615265657,,,10
28,s_curve|K20|Gen11,s_curve,,20,test,(Bf_U13)s_curve_bounds+dynamics+geo_bounds+halfspace+obstacles,model_free,False,proj_valid,0.0,,0.0,,,,,,643.7,332.0885931108876,645.6,,0.2289814998154466,228.98149981544657,84.59701967274547,144.3844801427011,300.3852570615709,1.0,171.64363615265657,,,10
28,s_curve|K20|Gen11,s_curve,,20,test,(Bf_U13)s_curve_bounds+dynamics+geo_bounds+halfspace+obstacles,model_free-tightened,True,all,0.0,,0.0,,,,,,644.3,287.6317800557272,645.6,,0.2449299481883608,244.92994818836078,84.6780061019676,160.2519420863932,313.00402933731675,1.0,173.39328350734348,,,10
28,s_curve|K20|Gen11,s_curve,,20,test,(Bf_U13)s_curve_bounds+dynamics+geo_bounds+halfspace+obstacles,model_free-tightened,True,proj_valid,0.0,,0.0,,,,,,644.3,287.6317800557272,645.6,,0.2449299481883608,244.92994818836078,84.6780061019676,160.2519420863932,313.00402933731675,1.0,173.39328350734348,,,10
28,s_curve|K20|Gen11,s_curve,,20,test,(Bf_U13)s_curve_bounds+dynamics+geo_bounds+halfspace+obstacles,bounds_free,False,all,0.0,,0.0,,,,,,449.0,7076.2129892061475,645.6,,0.8485441083306166,848.5441083306165,84.71048130755375,763.8336270230627,2637.9702229611557,1.0,61.57811092321407,,,10
28,s_curve|K20|Gen11,s_curve,,20,test,(Bf_U13)s_curve_bounds+dynamics+geo_bounds+halfspace+obstacles,bounds_free,False,proj_valid,0.0,,0.0,,,,,,449.0,7076.2129892061475,645.6,,0.8485441083306166,848.5441083306165,84.71048130755375,763.8336270230627,2637.9702229611557,1.0,61.57811092321407,,,10
28,s_curve|K20|Gen11,s_curve,,20,test,(Bf_U13)s_curve_bounds+dynamics+geo_bounds+halfspace+obstacles,geo_free,False,all,0.1,,0.0,,,,,,541.9,165.59308714761818,645.6,,0.16279292692024055,162.79292692024055,84.61353184514266,78.1793950750979,223.82812767289573,1.0,5.148531157398091,,,10
28,s_curve|K20|Gen11,s_curve,,20,test,(Bf_U13)s_curve_bounds+dynamics+geo_bounds+halfspace+obstacles,geo_free,False,proj_valid,0.1,,0.0,,,,,,541.9,165.59308714761818,645.6,,0.16279292692024055,162.79292692024055,84.61353184514266,78.1793950750979,223.82812767289573,1.0,5.148531157398091,,,10
28,s_curve|K20|Gen11,s_curve,,20,test,(Bf_U13)s_curve_bounds+dynamics+geo_bounds+halfspace+obstacles,geo_free-bounds_free,False,all,0.1,,0.0,,,,,,540.5,920.0775564423788,645.6,,0.1391233940356815,139.12339403568149,84.6374001215519,54.48599391412959,161.25614640302956,1.0,1.7961180057346233,,,10
28,s_curve|K20|Gen11,s_curve,,20,test,(Bf_U13)s_curve_bounds+dynamics+geo_bounds+halfspace+obstacles,geo_free-bounds_free,False,proj_valid,0.1,,0.0,,,,,,540.5,920.0775564423788,645.6,,0.1391233940356815,139.12339403568149,84.6374001215519,54.48599391412959,161.25614640302956,1.0,1.7961180057346233,,,10
28,s_curve|K20|Gen11,s_curve,,20,test,(Bf_U13)s_curve_bounds+dynamics+geo_bounds+halfspace+obstacles,geo_free-model_free,False,all,0.0,,0.0,,,,,,642.1,796.004824445867,645.6,,0.12778847022338619,127.78847022338618,84.6161161870912,43.172354036295,133.99047188460827,1.0,156.43244268658913,,,10
28,s_curve|K20|Gen11,s_curve,,20,test,(Bf_U13)s_curve_bounds+dynamics+geo_bounds+halfspace+obstacles,geo_free-model_free,False,proj_valid,0.0,,0.0,,,,,,642.1,796.004824445867,645.6,,0.12778847022338619,127.78847022338618,84.6161161870912,43.172354036295,133.99047188460827,1.0,156.43244268658913,,,10
28,s_curve|K20|Gen11,s_curve,,20,test,legacy(Bf_U8_debug)/s_curve_bounds+dynamics,diffuser,False,all,0.0,,0.0,,,,,,0.0,0.0,645.6,,0.08439300930652593,84.39300930652594,84.39300930652594,0.0,87.57354320958257,1.0,153.70639990718482,,,10
28,s_curve|K20|Gen11,s_curve,,20,test,legacy(Bf_U8_debug)/s_curve_bounds+dynamics,diffuser,False,proj_valid,0.0,,0.0,,,,,,0.0,0.0,645.6,,0.08439300930652593,84.39300930652594,84.39300930652594,0.0,87.57354320958257,1.0,153.70639990718482,,,10
28,s_curve|K20|Gen11,s_curve,,20,test,legacy(Bf_U8_debug)/s_curve_bounds+dynamics,dpcc-r,False,all,0.1,,0.1,,,,,,0.0,0.0,645.6,,0.15575976135112668,155.75976135112666,87.14239988149157,68.61736146963509,186.63875937461853,1.0,2.7454889009350154,,,10
28,s_curve|K20|Gen11,s_curve,,20,test,legacy(Bf_U8_debug)/s_curve_bounds+dynamics,dpcc-r,False,proj_valid,0.1,,0.1,,,,,,0.0,0.0,645.6,,0.15575976135112668,155.75976135112666,87.14239988149157,68.61736146963509,186.63875937461853,1.0,2.7454889009350154,,,10
28,s_curve|K20|Gen11,s_curve,,20,test,legacy(Bf_U8_debug)/s_curve_bounds+dynamics,dpcc-c,False,all,0.1,,0.1,,,,,,0.0,0.0,645.6,,0.14448049470185484,144.48049470185487,87.02710163943729,57.45339306241756,147.01433781534433,1.0,0.4991217400108542,,,10
28,s_curve|K20|Gen11,s_curve,,20,test,legacy(Bf_U8_debug)/s_curve_bounds+dynamics,dpcc-c,False,proj_valid,0.1,,0.1,,,,,,0.0,0.0,645.6,,0.14448049470185484,144.48049470185487,87.02710163943729,57.45339306241756,147.01433781534433,1.0,0.4991217400108542,,,10
28,s_curve|K20|Gen11,s_curve,,20,test,legacy(Bf_U8_debug)/s_curve_bounds+dynamics,dpcc-t,False,all,0.1,,0.1,,,,,,0.0,0.0,645.6,,0.1655549836759877,165.55498367598767,85.28759935303847,80.26738432294921,222.92259738780558,1.0,6.4705286172899905,,,10
28,s_curve|K20|Gen11,s_curve,,20,test,legacy(Bf_U8_debug)/s_curve_bounds+dynamics,dpcc-t,False,proj_valid,0.1,,0.1,,,,,,0.0,0.0,645.6,,0.1655549836759877,165.55498367598767,85.28759935303847,80.26738432294921,222.92259738780558,1.0,6.4705286172899905,,,10
28,s_curve|K20|Gen11,s_curve,,20,test,legacy(Bf_U8_debug)/s_curve_bounds+dynamics,gradient,False,all,0.0,,0.0,,,,,,0.0,0.0,645.6,,0.09095691179426248,90.95691179426248,90.95691179426248,0.0,93.05908971466124,1.0,5.291884567135444,,,10
28,s_curve|K20|Gen11,s_curve,,20,test,legacy(Bf_U8_debug)/s_curve_bounds+dynamics,gradient,False,proj_valid,0.0,,0.0,,,,,,0.0,0.0,645.6,,0.09095691179426248,90.95691179426248,90.95691179426248,0.0,93.05908971466124,1.0,5.291884567135444,,,10
28,s_curve|K20|Gen11,s_curve,,20,test,legacy(Bf_U8_debug)/s_curve_bounds+dynamics,post_processing,False,all,0.0,,0.0,,,,,,0.0,0.0,645.6,,0.10011254308129243,100.11254308129242,83.90226987014452,16.210273211147904,115.15511630102992,1.0,3.7293512798835726,,,10
28,s_curve|K20|Gen11,s_curve,,20,test,legacy(Bf_U8_debug)/s_curve_bounds+dynamics,post_processing,False,proj_valid,0.0,,0.0,,,,,,0.0,0.0,645.6,,0.10011254308129243,100.11254308129242,83.90226987014452,16.210273211147904,115.15511630102992,1.0,3.7293512798835726,,,10
28,s_curve|K20|Gen11,s_curve,,20,test,legacy(Bf_U8_debug)/s_curve_bounds+dynamics,model_free,False,all,0.0,,0.0,,,,,,0.0,0.0,645.6,,0.13026969706805405,130.26969706805406,86.26254415820978,44.00715290984427,136.94971894845366,1.0,156.43244268658913,,,10
28,s_curve|K20|Gen11,s_curve,,20,test,legacy(Bf_U8_debug)/s_curve_bounds+dynamics,model_free,False,proj_valid,0.0,,0.0,,,,,,0.0,0.0,645.6,,0.13026969706805405,130.26969706805406,86.26254415820978,44.00715290984427,136.94971894845366,1.0,156.43244268658913,,,10
28,s_curve|K20|Gen11,s_curve,,20,test,legacy(Bf_U8_debug)/s_curve_bounds+dynamics+geo_bounds+halfspace+obstacles,diffuser,False,all,0.0,,0.0,,,,,,640.5,988.3657451892556,645.6,,0.0834699274664624,83.46992746646241,83.46992746646241,0.0,86.39982338994741,1.0,146.86528729825818,,,10
28,s_curve|K20|Gen11,s_curve,,20,test,legacy(Bf_U8_debug)/s_curve_bounds+dynamics+geo_bounds+halfspace+obstacles,diffuser,False,proj_valid,0.0,,0.0,,,,,,640.5,988.3657451892556,645.6,,0.0834699274664624,83.46992746646241,83.46992746646241,0.0,86.39982338994741,1.0,146.86528729825818,,,10
28,s_curve|K20|Gen11,s_curve,,20,test,legacy(Bf_U8_debug)/s_curve_bounds+dynamics+geo_bounds+halfspace+obstacles,gradient,False,all,0.0,,0.0,,,,,,622.2,531.7164206400083,645.6,,0.09158833577767345,91.58833577767345,91.58833577767345,0.0,94.50714877806604,1.0,5.202385682315603,,,10
28,s_curve|K20|Gen11,s_curve,,20,test,legacy(Bf_U8_debug)/s_curve_bounds+dynamics+geo_bounds+halfspace+obstacles,gradient,False,proj_valid,0.0,,0.0,,,,,,622.2,531.7164206400083,645.6,,0.09158833577767345,91.58833577767345,91.58833577767345,0.0,94.50714877806604,1.0,5.202385682315603,,,10
28,s_curve|K20|Gen11,s_curve,,20,test,legacy(Bf_U8_debug)/s_curve_bounds+dynamics+geo_bounds+halfspace+obstacles,gradient-tightened,True,all,0.0,,0.0,,,,,,626.6,323.4894816051423,645.6,,0.09066266241677658,90.66266241677657,90.66266241677657,0.0,93.38982627727091,1.0,6.040585681862419,,,10
28,s_curve|K20|Gen11,s_curve,,20,test,legacy(Bf_U8_debug)/s_curve_bounds+dynamics+geo_bounds+halfspace+obstacles,gradient-tightened,True,proj_valid,0.0,,0.0,,,,,,626.6,323.4894816051423,645.6,,0.09066266241677658,90.66266241677657,90.66266241677657,0.0,93.38982627727091,1.0,6.040585681862419,,,10
28,s_curve|K20|Gen11,s_curve,,20,test,legacy(Bf_U8_debug)/s_curve_bounds+dynamics+geo_bounds+halfspace+obstacles,post_processing,False,all,0.0,,0.0,,,,,,382.1,10158.964523716495,645.6,,0.1672427035337179,167.2427035337179,83.52606871694103,83.71663481677687,278.3058618474751,1.0,21.296279221073114,,,10
28,s_curve|K20|Gen11,s_curve,,20,test,legacy(Bf_U8_debug)/s_curve_bounds+dynamics+geo_bounds+halfspace+obstacles,post_processing,False,proj_valid,0.0,,0.0,,,,,,382.1,10158.964523716495,645.6,,0.1672427035337179,167.2427035337179,83.52606871694103,83.71663481677687,278.3058618474751,1.0,21.296279221073114,,,10
28,s_curve|K20|Gen11,s_curve,,20,test,legacy(Bf_U8_debug)/s_curve_bounds+dynamics+geo_bounds+halfspace+obstacles,post_processing-tightened,True,all,0.0,,0.0,,,,,,389.8,8522.782605435365,645.6,,0.1829102382328744,182.9102382328744,83.64036380228274,99.26987443059166,299.1047904547303,1.0,25.688175158930346,,,10
28,s_curve|K20|Gen11,s_curve,,20,test,legacy(Bf_U8_debug)/s_curve_bounds+dynamics+geo_bounds+halfspace+obstacles,post_processing-tightened,True,proj_valid,0.0,,0.0,,,,,,389.8,8522.782605435365,645.6,,0.1829102382328744,182.9102382328744,83.64036380228274,99.26987443059166,299.1047904547303,1.0,25.688175158930346,,,10
28,s_curve|K20|Gen11,s_curve,,20,test,legacy(Bf_U8_debug)/s_curve_bounds+dynamics+geo_bounds+halfspace+obstacles,model_free,False,all,0.0,,0.0,,,,,,644.0,348.8650152107176,645.6,,0.22687899041902532,226.87899041902534,83.7546652294744,143.12432518955092,290.01245776191354,1.0,173.9283146871124,,,10
28,s_curve|K20|Gen11,s_curve,,20,test,legacy(Bf_U8_debug)/s_curve_bounds+dynamics+geo_bounds+halfspace+obstacles,model_free,False,proj_valid,0.0,,0.0,,,,,,644.0,348.8650152107176,645.6,,0.22687899041902532,226.87899041902534,83.7546652294744,143.12432518955092,290.01245776191354,1.0,173.9283146871124,,,10
28,s_curve|K20|Gen11,s_curve,,20,test,legacy(Bf_U8_debug)/s_curve_bounds+dynamics+geo_bounds+halfspace+obstacles,model_free-tightened,True,all,0.0,,0.0,,,,,,644.4,422.5328204335143,645.6,,0.23180745501913122,231.8074550191312,83.70340611069899,148.10404890843222,302.8986568469554,1.0,175.37299761286187,,,10
28,s_curve|K20|Gen11,s_curve,,20,test,legacy(Bf_U8_debug)/s_curve_bounds+dynamics+geo_bounds+halfspace+obstacles,model_free-tightened,True,proj_valid,0.0,,0.0,,,,,,644.4,422.5328204335143,645.6,,0.23180745501913122,231.8074550191312,83.70340611069899,148.10404890843222,302.8986568469554,1.0,175.37299761286187,,,10
28,s_curve|K20|Gen11,s_curve,,20,test,legacy(Bf_U8_debug)/s_curve_bounds+dynamics+geo_bounds+halfspace+obstacles/s_curve_bounds+dynamics+geo_bounds+halfspace+obstacles,gradient,False,all,0.0,,,,,,,,,,,,0.09038302947315827,90.38302947315826,90.38302947315826,0.0,92.40616535767913,,6.016718256977261,,,5
28,s_curve|K20|Gen11,s_curve,,20,test,legacy(Bf_U8_debug)/s_curve_bounds+dynamics+geo_bounds+halfspace+obstacles/s_curve_bounds+dynamics+geo_bounds+halfspace+obstacles,gradient,False,proj_valid,0.0,,,,,,,,,,,,0.09038302947315827,90.38302947315826,90.38302947315826,0.0,92.40616535767913,,6.016718256977261,,,5
28,s_curve|K20|Gen11,s_curve,,20,test,legacy(Bf_U8_debug)/s_curve_dynamics,diffuser,False,all,0.0,,0.0,,,,,,0.0,0.0,645.6,,0.08344369699192335,83.44369699192335,83.44369699192335,0.0,86.35317984968424,1.0,146.86528729825818,,,10
28,s_curve|K20|Gen11,s_curve,,20,test,legacy(Bf_U8_debug)/s_curve_dynamics,diffuser,False,proj_valid,0.0,,0.0,,,,,,0.0,0.0,645.6,,0.08344369699192335,83.44369699192335,83.44369699192335,0.0,86.35317984968424,1.0,146.86528729825818,,,10
28,s_curve|K20|Gen11,s_curve,,20,test,legacy(Bf_U8_debug)/s_curve_dynamics,dpcc-r,False,all,0.1,,0.1,,,,,,0.0,0.0,645.6,,0.1294625702496986,129.4625702496986,83.43990003261356,46.02267021708503,132.4078770261258,1.0,0.5288337944961592,,,10
28,s_curve|K20|Gen11,s_curve,,20,test,legacy(Bf_U8_debug)/s_curve_dynamics,dpcc-r,False,proj_valid,0.1,,0.1,,,,,,0.0,0.0,645.6,,0.1294625702496986,129.4625702496986,83.43990003261356,46.02267021708503,132.4078770261258,1.0,0.5288337944961592,,,10
28,s_curve|K20|Gen11,s_curve,,20,test,legacy(Bf_U8_debug)/s_curve_dynamics,dpcc-c,False,all,0.1,,0.1,,,,,,0.0,0.0,645.6,,0.14619521467085256,146.19521467085258,83.22585622731242,62.969358443540145,194.484074851498,1.0,3.6375027607396917,,,10
28,s_curve|K20|Gen11,s_curve,,20,test,legacy(Bf_U8_debug)/s_curve_dynamics,dpcc-c,False,proj_valid,0.1,,0.1,,,,,,0.0,0.0,645.6,,0.14619521467085256,146.19521467085258,83.22585622731242,62.969358443540145,194.484074851498,1.0,3.6375027607396917,,,10
28,s_curve|K20|Gen11,s_curve,,20,test,legacy(Bf_U8_debug)/s_curve_dynamics,dpcc-t,False,all,0.1,,0.1,,,,,,0.0,0.0,645.6,,0.14853484435550457,148.53484435550456,84.05400632842172,64.48083802708285,195.28958429582417,1.0,4.073068746315946,,,10
28,s_curve|K20|Gen11,s_curve,,20,test,legacy(Bf_U8_debug)/s_curve_dynamics,dpcc-t,False,proj_valid,0.1,,0.1,,,,,,0.0,0.0,645.6,,0.14853484435550457,148.53484435550456,84.05400632842172,64.48083802708285,195.28958429582417,1.0,4.073068746315946,,,10
28,s_curve|K20|Gen11,s_curve,,20,test,legacy(Bf_U8_debug)/s_curve_dynamics,gradient,False,all,0.0,,0.0,,,,,,0.0,0.0,645.6,,0.0874855447389412,87.48554473894121,87.48554473894121,0.0,90.75990139506757,1.0,5.294707646935471,,,10
28,s_curve|K20|Gen11,s_curve,,20,test,legacy(Bf_U8_debug)/s_curve_dynamics,gradient,False,proj_valid,0.0,,0.0,,,,,,0.0,0.0,645.6,,0.0874855447389412,87.48554473894121,87.48554473894121,0.0,90.75990139506757,1.0,5.294707646935471,,,10
28,s_curve|K20|Gen11,s_curve,,20,test,legacy(Bf_U8_debug)/s_curve_dynamics,post_processing,False,all,0.0,,0.0,,,,,,0.0,0.0,645.6,,0.09465149561150096,94.65149561150096,82.91652788871248,11.734967722788468,101.04853588156402,1.0,2.732047511460145,,,10
28,s_curve|K20|Gen11,s_curve,,20,test,legacy(Bf_U8_debug)/s_curve_dynamics,post_processing,False,proj_valid,0.0,,0.0,,,,,,0.0,0.0,645.6,,0.09465149561150096,94.65149561150096,82.91652788871248,11.734967722788468,101.04853588156402,1.0,2.732047511460145,,,10
28,s_curve|K20|Gen11,s_curve,,20,test,legacy(Bf_U8_debug)/s_curve_dynamics,model_free,False,all,0.0,,0.0,,,,,,0.0,0.0,645.6,,0.11744161566229545,117.44161566229545,84.22105559812965,33.22056006416582,145.52307941950858,1.0,150.36715455715878,,,10
28,s_curve|K20|Gen11,s_curve,,20,test,legacy(Bf_U8_debug)/s_curve_dynamics,model_free,False,proj_valid,0.0,,0.0,,,,,,0.0,0.0,645.6,,0.11744161566229545,117.44161566229545,84.22105559812965,33.22056006416582,145.52307941950858,1.0,150.36715455715878,,,10
28,s_curve|K20|Gen11,s_curve,,20,test,s_curve_bounds+dynamics+geo_bounds+halfspace+obstacles,diffuser,False,all,0.0,0.0,0.0,0.0,0.0,0.0,0.0,6.338442832540752,818.6,330.32374594227065,871.0,,0.08555453561875118,85.55453561875117,85.55453561875117,0.0,89.38342593610287,1.0,252.7613335993211,0.798124760811328,-0.008245109552834435,10
28,s_curve|K20|Gen11,s_curve,,20,test,s_curve_bounds+dynamics+geo_bounds+halfspace+obstacles,diffuser,False,proj_valid,0.0,0.0,0.0,0.0,0.0,0.0,0.0,6.338442832540752,818.6,330.32374594227065,871.0,,0.08555453561875118,85.55453561875117,85.55453561875117,0.0,89.38342593610287,1.0,252.7613335993211,0.798124760811328,-0.008245109552834435,10
28,s_curve|K20|Gen11,s_curve,,20,test,s_curve_bounds+dynamics+geo_bounds+halfspace+obstacles,dpcc-r,False,all,0.0,0.0,0.0,0.0,0.0,0.1,0.0,25.2663260168624,468.8,15637.700350005834,871.0,,0.8546932959383788,854.6932959383788,85.66593941211289,769.0273565262659,2631.4755021594465,1.0,48.53572804623441,0.13379257558362037,0.037991241918420814,10
28,s_curve|K20|Gen11,s_curve,,20,test,s_curve_bounds+dynamics+geo_bounds+halfspace+obstacles,dpcc-r,False,proj_valid,0.0,0.0,0.0,0.0,0.0,0.1,0.0,25.2663260168624,468.8,15637.700350005834,871.0,,0.8546932959383788,854.6932959383788,85.66593941211289,769.0273565262659,2631.4755021594465,1.0,48.53572804623441,0.13379257558362037,0.037991241918420814,10
28,s_curve|K20|Gen11,s_curve,,20,test,s_curve_bounds+dynamics+geo_bounds+halfspace+obstacles,dpcc-r-tightened,True,all,0.0,0.0,0.0,0.0,0.0,0.0,0.0,24.859637745865204,487.7,9756.854759039841,871.0,,0.8193889619637147,819.3889619637148,86.19642846872249,733.1925334949923,2460.9811500646174,1.0,48.33216741061946,0.11259089169536932,0.03727379362469781,10
28,s_curve|K20|Gen11,s_curve,,20,test,s_curve_bounds+dynamics+geo_bounds+halfspace+obstacles,dpcc-r-tightened,True,proj_valid,0.0,0.0,0.0,0.0,0.0,0.0,0.0,24.859637745865204,487.7,9756.854759039841,871.0,,0.8193889619637147,819.3889619637148,86.19642846872249,733.1925334949923,2460.9811500646174,1.0,48.33216741061946,0.11259089169536932,0.03727379362469781,10
28,s_curve|K20|Gen11,s_curve,,20,test,s_curve_bounds+dynamics+geo_bounds+halfspace+obstacles,dpcc-c,False,all,0.0,0.1,0.0,0.0,0.0,0.1,0.0,18.23779506780742,473.1,9830.65083891332,871.0,,0.9390779175674788,939.0779175674788,85.65640423134671,853.4215133361322,3152.008426375687,1.0,42.7182526480979,0.08939915805587448,0.13140501452530612,10
28,s_curve|K20|Gen11,s_curve,,20,test,s_curve_bounds+dynamics+geo_bounds+halfspace+obstacles,dpcc-c,False,proj_valid,0.0,0.1,0.0,0.0,0.0,0.1,0.0,18.23779506780742,473.1,9830.65083891332,871.0,,0.9390779175674788,939.0779175674788,85.65640423134671,853.4215133361322,3152.008426375687,1.0,42.7182526480979,0.08939915805587448,0.13140501452530612,10
28,s_curve|K20|Gen11,s_curve,,20,test,s_curve_bounds+dynamics+geo_bounds+halfspace+obstacles,dpcc-c-tightened,True,all,0.0,0.0,0.0,0.0,0.0,0.0,0.0,7.590481926759733,474.9,5352.2958678001705,871.0,,1.0098282766285707,1009.8282766285705,85.43716842344995,924.3911082051206,3277.0793786272407,1.0,40.271868458785455,0.14010715652506697,0.1496606730412689,10
28,s_curve|K20|Gen11,s_curve,,20,test,s_curve_bounds+dynamics+geo_bounds+halfspace+obstacles,dpcc-c-tightened,True,proj_valid,0.0,0.0,0.0,0.0,0.0,0.0,0.0,7.590481926759733,474.9,5352.2958678001705,871.0,,1.0098282766285707,1009.8282766285705,85.43716842344995,924.3911082051206,3277.0793786272407,1.0,40.271868458785455,0.14010715652506697,0.1496606730412689,10
28,s_curve|K20|Gen11,s_curve,,20,test,s_curve_bounds+dynamics+geo_bounds+halfspace+obstacles,dpcc-t,False,all,0.0,0.0,0.0,0.0,0.0,0.0,0.1,15.009558550858264,420.0,5721.926857465423,847.2,633.0,1.0921326816851882,1092.1326816851883,85.10343373566997,1007.0292479495183,3959.31455694139,1.0,42.9002960721322,0.20237051466449502,0.174022591408069,10
28,s_curve|K20|Gen11,s_curve,,20,test,s_curve_bounds+dynamics+geo_bounds+halfspace+obstacles,dpcc-t,False,proj_valid,0.0,0.0,0.0,0.0,0.0,0.0,0.1,15.009558550858264,420.0,5721.926857465423,847.2,633.0,1.0921326816851882,1092.1326816851883,85.10343373566997,1007.0292479495183,3959.31455694139,1.0,42.9002960721322,0.20237051466449502,0.174022591408069,10
28,s_curve|K20|Gen11,s_curve,,20,test,s_curve_bounds+dynamics+geo_bounds+halfspace+obstacles,dpcc-t-tightened,True,all,0.0,0.0,0.0,0.0,0.0,0.0,0.1,32.64197173027005,437.2,9086.98712800888,834.9,510.0,1.325352967987205,1325.352967987205,85.11378692453144,1240.2391810626737,4838.922245185822,1.0,46.5108057192532,0.2872829667649685,0.17361174336655721,10
28,s_curve|K20|Gen11,s_curve,,20,test,s_curve_bounds+dynamics+geo_bounds+halfspace+obstacles,dpcc-t-tightened,True,proj_valid,0.0,0.0,0.0,0.0,0.0,0.0,0.1,32.64197173027005,437.2,9086.98712800888,834.9,510.0,1.325352967987205,1325.352967987205,85.11378692453144,1240.2391810626737,4838.922245185822,1.0,46.5108057192532,0.2872829667649685,0.17361174336655721,10
28,s_curve|K20|Gen11,s_curve,,20,test,s_curve_bounds+dynamics+geo_bounds+halfspace+obstacles,gradient,False,all,0.0,0.0,0.0,0.0,0.0,0.0,0.0,5.6413112132568966,834.0,423.69253928427497,871.0,,0.09165190658526737,91.65190658526737,91.65190658526737,0.0,93.35286654531956,1.0,7.874047167556421,0.8862610026789131,0.037454839706890404,10
28,s_curve|K20|Gen11,s_curve,,20,test,s_curve_bounds+dynamics+geo_bounds+halfspace+obstacles,gradient,False,proj_valid,0.0,0.0,0.0,0.0,0.0,0.0,0.0,5.6413112132568966,834.0,423.69253928427497,871.0,,0.09165190658526737,91.65190658526737,91.65190658526737,0.0,93.35286654531956,1.0,7.874047167556421,0.8862610026789131,0.037454839706890404,10
28,s_curve|K20|Gen11,s_curve,,20,test,s_curve_bounds+dynamics+geo_bounds+halfspace+obstacles,gradient-tightened,True,all,0.0,0.0,0.0,0.0,0.0,0.0,0.0,5.1501915744373195,830.3,892.8462894666094,871.0,,0.09138654032134025,91.38654032134025,91.38654032134025,0.0,92.02828407287598,1.0,6.741372621860387,0.5388059701492537,0.07200794557661942,10
28,s_curve|K20|Gen11,s_curve,,20,test,s_curve_bounds+dynamics+geo_bounds+halfspace+obstacles,gradient-tightened,True,proj_valid,0.0,0.0,0.0,0.0,0.0,0.0,0.0,5.1501915744373195,830.3,892.8462894666094,871.0,,0.09138654032134025,91.38654032134025,91.38654032134025,0.0,92.02828407287598,1.0,6.741372621860387,0.5388059701492537,0.07200794557661942,10
28,s_curve|K20|Gen11,s_curve,,20,test,s_curve_bounds+dynamics+geo_bounds+halfspace+obstacles,post_processing,False,all,0.0,0.0,0.0,0.0,0.0,0.0,0.0,12.646684332048096,459.8,5035.6891427285445,871.0,,0.15492996389129715,154.92996389129715,84.34515051740456,70.58481337389257,258.7761564180255,1.0,30.60744943321219,0.046995790279372375,0.03331497072290427,10
28,s_curve|K20|Gen11,s_curve,,20,test,s_curve_bounds+dynamics+geo_bounds+halfspace+obstacles,post_processing,False,proj_valid,0.0,0.0,0.0,0.0,0.0,0.0,0.0,12.646684332048096,459.8,5035.6891427285445,871.0,,0.15492996389129715,154.92996389129715,84.34515051740456,70.58481337389257,258.7761564180255,1.0,30.60744943321219,0.046995790279372375,0.03331497072290427,10
28,s_curve|K20|Gen11,s_curve,,20,test,s_curve_bounds+dynamics+geo_bounds+halfspace+obstacles,post_processing-tightened,True,all,0.0,0.0,0.0,0.0,0.0,0.0,0.0,25.90609849378317,456.4,7748.853772768559,871.0,,0.15877714592013956,158.7771459201396,84.38914785531577,74.38799806482379,269.7911759838462,1.0,33.04234086994382,0.036624569460390353,0.012567595635058016,10
28,s_curve|K20|Gen11,s_curve,,20,test,s_curve_bounds+dynamics+geo_bounds+halfspace+obstacles,post_processing-tightened,True,proj_valid,0.0,0.0,0.0,0.0,0.0,0.0,0.0,25.90609849378317,456.4,7748.853772768559,871.0,,0.15877714592013956,158.7771459201396,84.38914785531577,74.38799806482379,269.7911759838462,1.0,33.04234086994382,0.036624569460390353,0.012567595635058016,10
28,s_curve|K20|Gen11,s_curve,,20,test,s_curve_bounds+dynamics+geo_bounds+halfspace+obstacles,model_free,False,all,0.0,0.0,0.0,0.0,0.0,0.0,0.0,5.989278249450921,813.8,720.2221745081545,871.0,,0.20867285877594513,208.67285877594514,84.86756698498941,123.80529179095572,261.02996384724975,1.0,250.13333354037604,0.5365862992728665,-0.019958403457292863,10
28,s_curve|K20|Gen11,s_curve,,20,test,s_curve_bounds+dynamics+geo_bounds+halfspace+obstacles,model_free,False,proj_valid,0.0,0.0,0.0,0.0,0.0,0.0,0.0,5.989278249450921,813.8,720.2221745081545,871.0,,0.20867285877594513,208.67285877594514,84.86756698498941,123.80529179095572,261.02996384724975,1.0,250.13333354037604,0.5365862992728665,-0.019958403457292863,10
28,s_curve|K20|Gen11,s_curve,,20,test,s_curve_bounds+dynamics+geo_bounds+halfspace+obstacles,model_free-tightened,True,all,0.0,0.0,0.0,0.0,0.0,0.0,0.0,6.284289662623047,817.7,357.0815515901135,871.0,,0.22404507131996887,224.04507131996883,84.84280474556677,139.20226657440207,275.58244029060006,1.0,264.7658507981027,0.6316877152698048,-0.005198118664860062,10
28,s_curve|K20|Gen11,s_curve,,20,test,s_curve_bounds+dynamics+geo_bounds+halfspace+obstacles,model_free-tightened,True,proj_valid,0.0,0.0,0.0,0.0,0.0,0.0,0.0,6.284289662623047,817.7,357.0815515901135,871.0,,0.22404507131996887,224.04507131996883,84.84280474556677,139.20226657440207,275.58244029060006,1.0,264.7658507981027,0.6316877152698048,-0.005198118664860062,10
28,s_curve|K20|Gen11,s_curve,,20,test,s_curve_bounds+dynamics+geo_bounds+halfspace+obstacles,bounds_free,False,all,0.0,0.0,0.0,0.0,0.0,0.0,0.0,16.6483549515731,509.9,8678.06530055329,871.0,,0.6033342530386336,603.3342530386337,84.92996494695288,518.4042880916808,1092.9479863494635,1.0,58.20509312854974,0.11201683888251053,-1143.7834452571158,10
28,s_curve|K20|Gen11,s_curve,,20,test,s_curve_bounds+dynamics+geo_bounds+halfspace+obstacles,bounds_free,False,proj_valid,0.0,0.0,0.0,0.0,0.0,0.0,0.0,16.6483549515731,509.9,8678.06530055329,871.0,,0.6033342530386336,603.3342530386337,84.92996494695288,518.4042880916808,1092.9479863494635,1.0,58.20509312854974,0.11201683888251053,-1143.7834452571158,10
28,s_curve|K20|Gen11,s_curve,,20,test,s_curve_bounds+dynamics+geo_bounds+halfspace+obstacles,geo_free,False,all,0.1,0.7,0.0,0.0,0.0,0.7,0.1,0.8868107785697544,509.6,124.00797549444383,843.8,599.0,0.1743645501526662,174.3645501526662,84.66090901150437,89.7036411411618,230.02057258039713,1.0,14.163824764954796,0.15127502336781481,0.8295317684161578,10
28,s_curve|K20|Gen11,s_curve,,20,test,s_curve_bounds+dynamics+geo_bounds+halfspace+obstacles,geo_free,False,proj_valid,0.1,0.7,0.0,0.0,0.0,0.7,0.1,0.8868107785697544,509.6,124.00797549444383,843.8,599.0,0.1743645501526662,174.3645501526662,84.66090901150437,89.7036411411618,230.02057258039713,1.0,14.163824764954796,0.15127502336781481,0.8295317684161578,10
28,s_curve|K20|Gen11,s_curve,,20,test,s_curve_bounds+dynamics+geo_bounds+halfspace+obstacles,geo_free-bounds_free,False,all,0.1,0.7,0.0,0.0,0.0,0.7,0.1,0.9863864356799377,512.1,124.86275805416524,844.1,602.0,0.15867592679622114,158.67592679622112,84.64341446025412,74.032512335967,201.25243867747486,1.0,15.465843460855671,0.14572473690835372,0.8337303536642148,10
28,s_curve|K20|Gen11,s_curve,,20,test,s_curve_bounds+dynamics+geo_bounds+halfspace+obstacles,geo_free-bounds_free,False,proj_valid,0.1,0.7,0.0,0.0,0.0,0.7,0.1,0.9863864356799377,512.1,124.86275805416524,844.1,602.0,0.15867592679622114,158.67592679622112,84.64341446025412,74.032512335967,201.25243867747486,1.0,15.465843460855671,0.14572473690835372,0.8337303536642148,10
28,s_curve|K20|Gen11,s_curve,,20,test,s_curve_bounds+dynamics+geo_bounds+halfspace+obstacles,geo_free-model_free,False,all,0.0,0.0,0.0,0.0,0.0,0.0,0.0,6.002430441145603,815.6,764.5513027753826,871.0,,0.12846840336409865,128.46840336409863,84.56420936246415,43.90419400163448,133.31321021541953,1.0,242.56230881775258,0.6678147722923843,0.003442307188489717,10
28,s_curve|K20|Gen11,s_curve,,20,test,s_curve_bounds+dynamics+geo_bounds+halfspace+obstacles,geo_free-model_free,False,proj_valid,0.0,0.0,0.0,0.0,0.0,0.0,0.0,6.002430441145603,815.6,764.5513027753826,871.0,,0.12846840336409865,128.46840336409863,84.56420936246415,43.90419400163448,133.31321021541953,1.0,242.56230881775258,0.6678147722923843,0.003442307188489717,10
29,corridor|af|K1|bbsit,corridor,af,1,test,corridor_bounds+dynamics+geo_bounds+halfspace+obstacles,diffuser,False,all,0.0,0.0,0.0,0.0,0.0,0.1,0.0,9.427793513288808,353.8,1745.7274126124332,396.0,,0.006382428212655765,6.382428212655765,6.382428212655765,0.0,6.374750100076199,0.0002525252525252525,4.507635037966162,0.21994949494949495,0.16829649402196906,10
29,corridor|af|K1|bbsit,corridor,af,1,test,corridor_bounds+dynamics+geo_bounds+halfspace+obstacles,diffuser,False,proj_valid,0.0,0.0,0.0,0.0,0.0,0.1,0.0,9.427793513288808,353.8,1745.7274126124332,396.0,,0.006382428212655765,6.382428212655765,6.382428212655765,0.0,6.374750100076199,0.0002525252525252525,4.507635037966162,0.21994949494949495,0.16829649402196906,10
29,corridor|af|K1|bbsit,corridor,af,1,test,corridor_bounds+dynamics+geo_bounds+halfspace+obstacles,dpcc-r,False,all,0.5,0.5,0.2,0.2,0.2,0.5,0.6,1.687246169458526,111.7,96.33688414232594,324.7,277.1666666666667,0.06877483307687553,68.77483307687552,6.392331218044121,62.38250185883142,132.69823658280072,0.44147005266061673,2.566437894823349,0.0720967321701697,0.5121039892764321,10
29,corridor|af|K1|bbsit,corridor,af,1,test,corridor_bounds+dynamics+geo_bounds+halfspace+obstacles,dpcc-r,False,proj_valid,0.5,0.5,0.2,0.2,0.2,0.5,0.6,1.687246169458526,111.7,96.33688414232594,324.7,277.1666666666667,0.06877483307687553,68.77483307687552,6.392331218044121,62.38250185883142,132.69823658280072,0.44147005266061673,2.566437894823349,0.0720967321701697,0.5121039892764321,10
29,corridor|af|K1|bbsit,corridor,af,1,test,corridor_bounds+dynamics+geo_bounds+halfspace+obstacles,dpcc-r-tightened,True,all,0.1,0.1,0.0,0.0,0.0,0.1,0.1,3.399441857471244,261.7,271.959119699025,383.9,275.0,0.1600011749813954,160.0011749813954,6.399843817501507,153.6013311638939,261.96361591108143,0.7522121212121212,5.0053917691815615,0.20726599326599326,0.12229457548919331,10
29,corridor|af|K1|bbsit,corridor,af,1,test,corridor_bounds+dynamics+geo_bounds+halfspace+obstacles,dpcc-r-tightened,True,proj_valid,0.1,0.1,0.0,0.0,0.0,0.1,0.1,3.399441857471244,261.7,271.959119699025,383.9,275.0,0.1600011749813954,160.0011749813954,6.399843817501507,153.6013311638939,261.96361591108143,0.7522121212121212,5.0053917691815615,0.20726599326599326,0.12229457548919331,10
29,corridor|af|K1|bbsit,corridor,af,1,test,corridor_bounds+dynamics+geo_bounds+halfspace+obstacles,dpcc-c,False,all,0.7,0.7,0.4,0.4,0.4,0.7,0.7,0.9424816871948783,61.2,55.06269487701813,305.2,266.2857142857143,0.043953614245383646,43.95361424538364,6.412688009758535,37.54092623562511,91.79953766055405,0.27612541844489386,1.1650110991000415,0.07380363761181694,0.7127177172273594,10
29,corridor|af|K1|bbsit,corridor,af,1,test,corridor_bounds+dynamics+geo_bounds+halfspace+obstacles,dpcc-c,False,proj_valid,0.7,0.7,0.4,0.4,0.4,0.7,0.7,0.9424816871948783,61.2,55.06269487701813,305.2,266.2857142857143,0.043953614245383646,43.95361424538364,6.412688009758535,37.54092623562511,91.79953766055405,0.27612541844489386,1.1650110991000415,0.07380363761181694,0.7127177172273594,10
29,corridor|af|K1|bbsit,corridor,af,1,test,corridor_bounds+dynamics+geo_bounds+halfspace+obstacles,dpcc-c-tightened,True,all,0.3,0.3,0.3,0.3,0.3,0.3,0.3,2.903129065625737,218.5,191.85394081922158,356.5,264.3333333333333,0.14154178885589525,141.54178885589525,7.337782462292148,134.2040063936031,226.5832741279155,0.6686397598075272,2.821205005604598,0.1367003367003367,0.3431838142545119,10
29,corridor|af|K1|bbsit,corridor,af,1,test,corridor_bounds+dynamics+geo_bounds+halfspace+obstacles,dpcc-c-tightened,True,proj_valid,0.3,0.3,0.3,0.3,0.3,0.3,0.3,2.903129065625737,218.5,191.85394081922158,356.5,264.3333333333333,0.14154178885589525,141.54178885589525,7.337782462292148,134.2040063936031,226.5832741279155,0.6686397598075272,2.821205005604598,0.1367003367003367,0.3431838142545119,10
29,corridor|af|K1|bbsit,corridor,af,1,test,corridor_bounds+dynamics+geo_bounds+halfspace+obstacles,dpcc-t,False,all,0.5,0.5,0.4,0.4,0.4,0.5,0.5,1.5800274986433385,116.7,152.41732991577214,332.8,269.6,0.08244029260250513,82.44029260250514,7.4622658538033875,74.97802674870175,149.17530968785286,0.47481640649716594,1.4599360323003814,0.14521497021497023,0.5093698325695056,10
29,corridor|af|K1|bbsit,corridor,af,1,test,corridor_bounds+dynamics+geo_bounds+halfspace+obstacles,dpcc-t,False,proj_valid,0.5,0.5,0.4,0.4,0.4,0.5,0.5,1.5800274986433385,116.7,152.41732991577214,332.8,269.6,0.08244029260250513,82.44029260250514,7.4622658538033875,74.97802674870175,149.17530968785286,0.47481640649716594,1.4599360323003814,0.14521497021497023,0.5093698325695056,10
29,corridor|af|K1|bbsit,corridor,af,1,test,corridor_bounds+dynamics+geo_bounds+halfspace+obstacles,dpcc-t-tightened,True,all,0.2,0.2,0.2,0.2,0.2,0.2,0.3,3.1787856360219147,202.0,337.80846268848114,357.8,268.6666666666667,0.13719171088002607,137.19171088002605,7.065149763133782,130.1265611168923,247.0685702841729,0.6561185739620854,3.3385763624730354,0.12752886002886005,0.3312921131325518,10
29,corridor|af|K1|bbsit,corridor,af,1,test,corridor_bounds+dynamics+geo_bounds+halfspace+obstacles,dpcc-t-tightened,True,proj_valid,0.2,0.2,0.2,0.2,0.2,0.2,0.3,3.1787856360219147,202.0,337.80846268848114,357.8,268.6666666666667,0.13719171088002607,137.19171088002605,7.065149763133782,130.1265611168923,247.0685702841729,0.6561185739620854,3.3385763624730354,0.12752886002886005,0.3312921131325518,10
29,corridor|af|K1|bbsit,corridor,af,1,test,corridor_bounds+dynamics+geo_bounds+halfspace+obstacles,hardflow_new-c,False,all,0.8,0.8,0.2,0.2,0.2,0.8,0.8,0.9776118677159712,34.9,54.38984181213306,293.9,268.375,0.28768447776028816,287.68447776028813,14.562556703947033,273.1219210563412,838.3614659775048,1.0,2.4133907324193036,0.006217231544839945,0.7413912200417899,10
29,corridor|af|K1|bbsit,corridor,af,1,test,corridor_bounds+dynamics+geo_bounds+halfspace+obstacles,hardflow_new-c,False,proj_valid,0.8,0.8,0.2,0.2,0.2,0.8,0.8,0.9776118677159712,34.9,54.38984181213306,293.9,268.375,0.28768447776028816,287.68447776028813,14.562556703947033,273.1219210563412,838.3614659775048,1.0,2.4133907324193036,0.006217231544839945,0.7413912200417899,10
29,corridor|af|K1|bbsit,corridor,af,1,test,corridor_bounds+dynamics+geo_bounds+halfspace+obstacles,hardflow_new-t,False,all,0.7,0.7,0.4,0.4,0.4,0.7,0.8,0.6919670286149083,51.4,20.012099000036404,300.7,276.875,0.17386798501845807,173.86798501845806,14.533023097076764,159.3349619213813,308.5881643556058,1.0,4.589977595346141,0.1008620981782872,0.707322115634021,10
29,corridor|af|K1|bbsit,corridor,af,1,test,corridor_bounds+dynamics+geo_bounds+halfspace+obstacles,hardflow_new-t,False,proj_valid,0.7,0.7,0.4,0.4,0.4,0.7,0.8,0.6919670286149083,51.4,20.012099000036404,300.7,276.875,0.17386798501845807,173.86798501845806,14.533023097076764,159.3349619213813,308.5881643556058,1.0,4.589977595346141,0.1008620981782872,0.707322115634021,10
29,corridor|af|K1|bbsit,corridor,af,1,test,corridor_bounds+dynamics+geo_bounds+halfspace+obstacles,gradient,False,all,0.0,0.0,0.0,0.0,0.0,0.0,0.0,4.542515220752781,364.7,439.2340525063044,396.0,,0.008369388068188922,8.369388068188922,6.414537729149816,1.9548503390391065,8.446971932426095,0.0002525252525252525,4.11682988765499,0.5048821548821548,0.07839082684541074,10
29,corridor|af|K1|bbsit,corridor,af,1,test,corridor_bounds+dynamics+geo_bounds+halfspace+obstacles,gradient,False,proj_valid,0.0,0.0,0.0,0.0,0.0,0.0,0.0,4.542515220752781,364.7,439.2340525063044,396.0,,0.008369388068188922,8.369388068188922,6.414537729149816,1.9548503390391065,8.446971932426095,0.0002525252525252525,4.11682988765499,0.5048821548821548,0.07839082684541074,10
29,corridor|af|K1|bbsit,corridor,af,1,test,corridor_bounds+dynamics+geo_bounds+halfspace+obstacles,gradient-tightened,True,all,0.0,0.0,0.0,0.0,0.0,0.0,0.0,3.2479298117425586,363.0,267.216337586899,396.0,,0.008252701326978928,8.25270132697893,6.336080217545833,1.9166211094330958,8.29939623363316,0.0,3.3382314166715945,0.4244107744107744,0.054039777779692155,10
29,corridor|af|K1|bbsit,corridor,af,1,test,corridor_bounds+dynamics+geo_bounds+halfspace+obstacles,gradient-tightened,True,proj_valid,0.0,0.0,0.0,0.0,0.0,0.0,0.0,3.2479298117425586,363.0,267.216337586899,396.0,,0.008252701326978928,8.25270132697893,6.336080217545833,1.9166211094330958,8.29939623363316,0.0,3.3382314166715945,0.4244107744107744,0.054039777779692155,10
29,corridor|af|K1|bbsit,corridor,af,1,test,corridor_bounds+dynamics+geo_bounds+halfspace+obstacles,post_processing,False,all,0.3,0.3,0.2,0.2,0.2,0.3,0.3,2.2424839592563917,149.3,245.1427327824389,358.0,269.3333333333333,0.09111325698143123,91.11325698143123,6.385522333582722,84.72773464784851,166.00556302815676,0.5208139240214711,2.363517938418498,0.17032547699214368,0.3068652479723066,10
29,corridor|af|K1|bbsit,corridor,af,1,test,corridor_bounds+dynamics+geo_bounds+halfspace+obstacles,post_processing,False,proj_valid,0.3,0.3,0.2,0.2,0.2,0.3,0.3,2.2424839592563917,149.3,245.1427327824389,358.0,269.3333333333333,0.09111325698143123,91.11325698143123,6.385522333582722,84.72773464784851,166.00556302815676,0.5208139240214711,2.363517938418498,0.17032547699214368,0.3068652479723066,10
29,corridor|af|K1|bbsit,corridor,af,1,test,corridor_bounds+dynamics+geo_bounds+halfspace+obstacles,post_processing-tightened,True,all,0.3,0.3,0.3,0.3,0.3,0.3,0.3,3.3930048081856996,224.8,186.59004891025575,358.4,270.6666666666667,0.13996514267152507,139.96514267152506,6.390421768306606,133.57472090321846,198.14358509145677,0.6852163961714524,2.8187392527979926,0.17525252525252527,0.32646713177473247,10
29,corridor|af|K1|bbsit,corridor,af,1,test,corridor_bounds+dynamics+geo_bounds+halfspace+obstacles,post_processing-tightened,True,proj_valid,0.3,0.3,0.3,0.3,0.3,0.3,0.3,3.3930048081856996,224.8,186.59004891025575,358.4,270.6666666666667,0.13996514267152507,139.96514267152506,6.390421768306606,133.57472090321846,198.14358509145677,0.6852163961714524,2.8187392527979926,0.17525252525252527,0.32646713177473247,10
29,corridor|af|K1|bbsit,corridor,af,1,test,corridor_bounds+dynamics+geo_bounds+halfspace+obstacles,model_free,False,all,0.0,0.0,0.0,0.0,0.0,0.1,0.0,8.181995505433978,352.7,1509.5264169311563,396.0,,0.02966773736083673,29.667737360836732,6.474376978785402,23.19336038205133,54.71110688522458,0.30126262626262623,5.832890734837812,0.001430976430976431,0.12636712131357045,10
29,corridor|af|K1|bbsit,corridor,af,1,test,corridor_bounds+dynamics+geo_bounds+halfspace+obstacles,model_free,False,proj_valid,0.0,0.0,0.0,0.0,0.0,0.1,0.0,8.181995505433978,352.7,1509.5264169311563,396.0,,0.02966773736083673,29.667737360836732,6.474376978785402,23.19336038205133,54.71110688522458,0.30126262626262623,5.832890734837812,0.001430976430976431,0.12636712131357045,10
29,corridor|af|K1|bbsit,corridor,af,1,test,corridor_bounds+dynamics+geo_bounds+halfspace+obstacles,model_free-tightened,True,all,0.0,0.0,0.0,0.0,0.0,0.1,0.0,9.263130040719401,344.8,1509.4858114917295,396.0,,0.029151723612419734,29.151723612419733,6.525779660847602,22.625943951572133,52.896553464233875,0.29646464646464643,5.989501108365233,0.1186026936026936,0.1522474451742835,10
29,corridor|af|K1|bbsit,corridor,af,1,test,corridor_bounds+dynamics+geo_bounds+halfspace+obstacles,model_free-tightened,True,proj_valid,0.0,0.0,0.0,0.0,0.0,0.1,0.0,9.263130040719401,344.8,1509.4858114917295,396.0,,0.029151723612419734,29.151723612419733,6.525779660847602,22.625943951572133,52.896553464233875,0.29646464646464643,5.989501108365233,0.1186026936026936,0.1522474451742835,10
29,corridor|af|K1|bbsit,corridor,af,1,test,corridor_bounds+dynamics+geo_bounds+halfspace+obstacles,bounds_free,False,all,0.4,0.4,0.0,0.0,0.0,0.4,0.4,2.692022726125834,168.2,321.10285076833645,344.9,268.25,0.08068419670822939,80.6841967082294,6.596047857352623,74.08814885087676,145.941706802696,0.5608226947969817,3.8942848770861085,0.12914249428284516,0.4158989821470689,10
29,corridor|af|K1|bbsit,corridor,af,1,test,corridor_bounds+dynamics+geo_bounds+halfspace+obstacles,bounds_free,False,proj_valid,0.4,0.4,0.0,0.0,0.0,0.4,0.4,2.692022726125834,168.2,321.10285076833645,344.9,268.25,0.08068419670822939,80.6841967082294,6.596047857352623,74.08814885087676,145.941706802696,0.5608226947969817,3.8942848770861085,0.12914249428284516,0.4158989821470689,10
29,corridor|af|K1|bbsit,corridor,af,1,test,corridor_bounds+dynamics+geo_bounds+halfspace+obstacles,bounds_free-tightened,True,all,0.1,0.1,0.1,0.1,0.1,0.1,0.1,4.09387292277994,267.0,273.7834303676509,383.6,272.0,0.15811388608823856,158.11388608823853,6.3642610077590165,151.74962508047955,236.5665225777775,0.7626448306595366,4.524713288254804,0.2721380471380471,0.1518686948275341,10
29,corridor|af|K1|bbsit,corridor,af,1,test,corridor_bounds+dynamics+geo_bounds+halfspace+obstacles,bounds_free-tightened,True,proj_valid,0.1,0.1,0.1,0.1,0.1,0.1,0.1,4.09387292277994,267.0,273.7834303676509,383.6,272.0,0.15811388608823856,158.11388608823853,6.3642610077590165,151.74962508047955,236.5665225777775,0.7626448306595366,4.524713288254804,0.2721380471380471,0.1518686948275341,10
29,corridor|af|K1|bbsit,corridor,af,1,test,corridor_bounds+dynamics+geo_bounds+halfspace+obstacles,geo_free,False,all,0.5,0.6,0.4,0.4,0.4,0.6,0.6,2.3741222238204185,121.5,237.90487579945392,325.8,279.0,0.040944178606146006,40.944178606146,6.342999407116837,34.60117919902917,73.34783534519374,0.32525252525252524,2.3656574908565715,0.08495835402072495,0.5834118417937784,10
29,corridor|af|K1|bbsit,corridor,af,1,test,corridor_bounds+dynamics+geo_bounds+halfspace+obstacles,geo_free,False,proj_valid,0.5,0.6,0.4,0.4,0.4,0.6,0.6,2.3741222238204185,121.5,237.90487579945392,325.8,279.0,0.040944178606146006,40.944178606146,6.342999407116837,34.60117919902917,73.34783534519374,0.32525252525252524,2.3656574908565715,0.08495835402072495,0.5834118417937784,10
29,corridor|af|K1|bbsit,corridor,af,1,test,corridor_bounds+dynamics+geo_bounds+halfspace+obstacles,geo_free-bounds_free,False,all,0.2,0.3,0.1,0.1,0.1,0.3,0.2,4.804202852326679,217.7,363.58335690254023,373.4,283.0,0.046721168954216644,46.721168954216644,6.385214549124239,40.33595440509241,91.10164296813309,0.5351993620414672,3.682733530006865,0.18547215931557567,0.30155127014037897,10
29,corridor|af|K1|bbsit,corridor,af,1,test,corridor_bounds+dynamics+geo_bounds+halfspace+obstacles,geo_free-bounds_free,False,proj_valid,0.2,0.3,0.1,0.1,0.1,0.3,0.2,4.804202852326679,217.7,363.58335690254023,373.4,283.0,0.046721168954216644,46.721168954216644,6.385214549124239,40.33595440509241,91.10164296813309,0.5351993620414672,3.682733530006865,0.18547215931557567,0.30155127014037897,10
29,corridor|af|K1|bbsit,corridor,af,1,test,corridor_bounds+dynamics+geo_bounds+halfspace+obstacles,geo_free-model_free,False,all,0.0,0.0,0.0,0.0,0.0,0.0,0.0,7.86339003441311,355.6,1194.3905419181744,396.0,,0.01307636855612274,13.07636855612274,6.327636878128455,6.748731677994283,15.284199779853225,0.0,6.130737246398104,0.15050505050505053,0.0669760274258297,10
29,corridor|af|K1|bbsit,corridor,af,1,test,corridor_bounds+dynamics+geo_bounds+halfspace+obstacles,geo_free-model_free,False,proj_valid,0.0,0.0,0.0,0.0,0.0,0.0,0.0,7.86339003441311,355.6,1194.3905419181744,396.0,,0.01307636855612274,13.07636855612274,6.327636878128455,6.748731677994283,15.284199779853225,0.0,6.130737246398104,0.15050505050505053,0.0669760274258297,10
29,corridor|af|K1|bbsit,corridor,af,1,test,corridor_bounds+dynamics+geo_bounds+halfspace+obstacles,model_free-bounds_free,False,all,0.0,0.0,0.0,0.0,0.0,0.0,0.0,6.52541889955599,346.3,743.769545855648,396.0,,0.027230426658302394,27.230426658302395,6.925828099213165,20.304598559089232,50.15730895102024,0.22803030303030303,5.319555462731019,0.00824915824915825,0.07173442726812189,10
29,corridor|af|K1|bbsit,corridor,af,1,test,corridor_bounds+dynamics+geo_bounds+halfspace+obstacles,model_free-bounds_free,False,proj_valid,0.0,0.0,0.0,0.0,0.0,0.0,0.0,6.52541889955599,346.3,743.769545855648,396.0,,0.027230426658302394,27.230426658302395,6.925828099213165,20.304598559089232,50.15730895102024,0.22803030303030303,5.319555462731019,0.00824915824915825,0.07173442726812189,10
29,corridor|af|K1|bbsit,corridor,af,1,test,corridor_bounds+dynamics+geo_bounds+halfspace+obstacles,model_free-bounds_free-tightened,True,all,0.0,0.0,0.0,0.0,0.0,0.1,0.0,10.648914717078517,350.0,1555.7627210758615,396.0,,0.02672006432437385,26.72006432437385,6.369297030955704,20.350767293418148,53.87222454883158,0.21439393939393941,6.245709419534885,0.176010101010101,0.13627013294857604,10
29,corridor|af|K1|bbsit,corridor,af,1,test,corridor_bounds+dynamics+geo_bounds+halfspace+obstacles,model_free-bounds_free-tightened,True,proj_valid,0.0,0.0,0.0,0.0,0.0,0.1,0.0,10.648914717078517,350.0,1555.7627210758615,396.0,,0.02672006432437385,26.72006432437385,6.369297030955704,20.350767293418148,53.87222454883158,0.21439393939393941,6.245709419534885,0.176010101010101,0.13627013294857604,10
29,corridor|af|K1|bbsit,corridor,af,1,test,corridor_bounds+dynamics+geo_bounds+halfspace+obstacles,hardflow_new-r,False,all,0.2,0.2,0.2,0.2,0.2,0.2,0.2,3.14196597190018,199.2,244.18510121162603,370.6,269.0,1.3115820021560212,1311.582002156021,15.530875645646779,1296.0511265103744,5415.785117419437,1.0,29.14409775418423,0.3241582491582492,0.2559373020736105,10
29,corridor|af|K1|bbsit,corridor,af,1,test,corridor_bounds+dynamics+geo_bounds+halfspace+obstacles,hardflow_new-r,False,proj_valid,0.2,0.2,0.2,0.2,0.2,0.2,0.2,3.14196597190018,199.2,244.18510121162603,370.6,269.0,1.3115820021560212,1311.582002156021,15.530875645646779,1296.0511265103744,5415.785117419437,1.0,29.14409775418423,0.3241582491582492,0.2559373020736105,10
30,corridor|af|K2|bbsit,corridor,af,2,test,corridor_bounds+dynamics+geo_bounds+halfspace+obstacles,diffuser,False,all,0.3,0.9,0.0,0.0,0.0,0.9,0.3,0.4471208966005326,160.5,47.93637700232272,370.7,311.6666666666667,0.012261378277713232,12.26137827771323,12.26137827771323,0.0,12.500128764659166,0.0002525252525252525,0.470009159861557,0.0007191345094570902,0.904865417417185,10
30,corridor|af|K2|bbsit,corridor,af,2,test,corridor_bounds+dynamics+geo_bounds+halfspace+obstacles,diffuser,False,proj_valid,0.3,0.9,0.0,0.0,0.0,0.9,0.3,0.4471208966005326,160.5,47.93637700232272,370.7,311.6666666666667,0.012261378277713232,12.26137827771323,12.26137827771323,0.0,12.500128764659166,0.0002525252525252525,0.470009159861557,0.0007191345094570902,0.904865417417185,10
30,corridor|af|K2|bbsit,corridor,af,2,test,corridor_bounds+dynamics+geo_bounds+halfspace+obstacles,dpcc-r,False,all,0.5,0.5,0.4,0.4,0.4,0.5,0.5,2.0899051929971493,132.4,150.19713329987553,333.6,271.2,0.0917350148082163,91.73501480821632,12.15764282024499,79.57737198797132,159.03616997413337,0.5263288019421427,4.855511924465491,0.06237373737373737,0.4789899430524094,10
30,corridor|af|K2|bbsit,corridor,af,2,test,corridor_bounds+dynamics+geo_bounds+halfspace+obstacles,dpcc-r,False,proj_valid,0.5,0.5,0.4,0.4,0.4,0.5,0.5,2.0899051929971493,132.4,150.19713329987553,333.6,271.2,0.0917350148082163,91.73501480821632,12.15764282024499,79.57737198797132,159.03616997413337,0.5263288019421427,4.855511924465491,0.06237373737373737,0.4789899430524094,10
30,corridor|af|K2|bbsit,corridor,af,2,test,corridor_bounds+dynamics+geo_bounds+halfspace+obstacles,dpcc-r-tightened,True,all,0.1,0.1,0.1,0.1,0.1,0.1,0.1,4.254289453129294,274.7,395.9324249962348,382.7,263.0,0.15451737004208482,154.51737004208482,12.19489539308095,142.32247464900388,254.19608562253416,0.790873564542766,4.676046887027625,0.2589225589225589,0.13917014200218664,10
30,corridor|af|K2|bbsit,corridor,af,2,test,corridor_bounds+dynamics+geo_bounds+halfspace+obstacles,dpcc-r-tightened,True,proj_valid,0.1,0.1,0.1,0.1,0.1,0.1,0.1,4.254289453129294,274.7,395.9324249962348,382.7,263.0,0.15451737004208482,154.51737004208482,12.19489539308095,142.32247464900388,254.19608562253416,0.790873564542766,4.676046887027625,0.2589225589225589,0.13917014200218664,10
30,corridor|af|K2|bbsit,corridor,af,2,test,corridor_bounds+dynamics+geo_bounds+halfspace+obstacles,dpcc-c,False,all,1.0,1.0,0.8,0.8,0.8,1.0,1.0,0.29224784891911904,6.6,0.26138447685637156,276.0,276.0,0.033640712102769754,33.640712102769754,12.133903533010997,21.506808569758753,56.68624822050331,0.17348775869076297,0.564568243589571,0.0003175710922189795,0.957224314386926,10
30,corridor|af|K2|bbsit,corridor,af,2,test,corridor_bounds+dynamics+geo_bounds+halfspace+obstacles,dpcc-c,False,proj_valid,1.0,1.0,0.8,0.8,0.8,1.0,1.0,0.29224784891911904,6.6,0.26138447685637156,276.0,276.0,0.033640712102769754,33.640712102769754,12.133903533010997,21.506808569758753,56.68624822050331,0.17348775869076297,0.564568243589571,0.0003175710922189795,0.957224314386926,10
30,corridor|af|K2|bbsit,corridor,af,2,test,corridor_bounds+dynamics+geo_bounds+halfspace+obstacles,dpcc-c-tightened,True,all,0.3,0.3,0.3,0.3,0.3,0.4,0.3,5.2344989180639345,226.0,676.05524255539,356.0,262.6666666666667,0.121335520376021,121.33552037602098,12.250500627200196,109.08501974882081,216.25464388169348,0.7052127315210426,4.628788090187241,0.09494949494949495,0.3622843540259271,10
30,corridor|af|K2|bbsit,corridor,af,2,test,corridor_bounds+dynamics+geo_bounds+halfspace+obstacles,dpcc-c-tightened,True,proj_valid,0.3,0.3,0.3,0.3,0.3,0.4,0.3,5.2344989180639345,226.0,676.05524255539,356.0,262.6666666666667,0.121335520376021,121.33552037602098,12.250500627200196,109.08501974882081,216.25464388169348,0.7052127315210426,4.628788090187241,0.09494949494949495,0.3622843540259271,10
30,corridor|af|K2|bbsit,corridor,af,2,test,corridor_bounds+dynamics+geo_bounds+halfspace+obstacles,dpcc-t,False,all,0.8,0.8,0.7,0.7,0.7,0.8,0.9,0.39888715908735517,24.0,23.64670905600721,290.4,278.6666666666667,0.04702298781120034,47.02298781120034,12.242004786295325,34.78098302490501,85.20349994301793,0.3260668266008918,0.840679730601901,0.006290582366699734,0.7457316469567503,10
30,corridor|af|K2|bbsit,corridor,af,2,test,corridor_bounds+dynamics+geo_bounds+halfspace+obstacles,dpcc-t,False,proj_valid,0.8,0.8,0.7,0.7,0.7,0.8,0.9,0.39888715908735517,24.0,23.64670905600721,290.4,278.6666666666667,0.04702298781120034,47.02298781120034,12.242004786295325,34.78098302490501,85.20349994301793,0.3260668266008918,0.840679730601901,0.006290582366699734,0.7457316469567503,10
30,corridor|af|K2|bbsit,corridor,af,2,test,corridor_bounds+dynamics+geo_bounds+halfspace+obstacles,dpcc-t-tightened,True,all,0.2,0.2,0.2,0.2,0.2,0.2,0.2,3.8110735167068923,236.6,224.46005243152723,370.6,269.0,0.12628738271635168,126.28738271635166,12.243997915006496,114.04338480134516,223.74978471547365,0.7192595105281672,4.5235477948550455,0.26936026936026936,0.25599297314626657,10
30,corridor|af|K2|bbsit,corridor,af,2,test,corridor_bounds+dynamics+geo_bounds+halfspace+obstacles,dpcc-t-tightened,True,proj_valid,0.2,0.2,0.2,0.2,0.2,0.2,0.2,3.8110735167068923,236.6,224.46005243152723,370.6,269.0,0.12628738271635168,126.28738271635166,12.243997915006496,114.04338480134516,223.74978471547365,0.7192595105281672,4.5235477948550455,0.26936026936026936,0.25599297314626657,10
30,corridor|af|K2|bbsit,corridor,af,2,test,corridor_bounds+dynamics+geo_bounds+halfspace+obstacles,hardflow_new-c,False,all,1.0,1.0,0.7,0.7,0.7,1.0,1.0,0.2930390485324702,1.4,0.009084629356861097,274.4,274.4,0.13899970858763078,138.99970858763078,19.96579486870047,119.03391371893031,208.21359966881573,1.0,0.5733385581855572,0.0005680280232465567,0.9479582637248736,10
30,corridor|af|K2|bbsit,corridor,af,2,test,corridor_bounds+dynamics+geo_bounds+halfspace+obstacles,hardflow_new-c,False,proj_valid,1.0,1.0,0.7,0.7,0.7,1.0,1.0,0.2930390485324702,1.4,0.009084629356861097,274.4,274.4,0.13899970858763078,138.99970858763078,19.96579486870047,119.03391371893031,208.21359966881573,1.0,0.5733385581855572,0.0005680280232465567,0.9479582637248736,10
30,corridor|af|K2|bbsit,corridor,af,2,test,corridor_bounds+dynamics+geo_bounds+halfspace+obstacles,hardflow_new-t,False,all,0.9,0.9,0.9,0.9,0.9,0.9,0.9,0.7574606466827016,27.1,9.501469159647886,283.2,270.6666666666667,0.16385222853064063,163.85222853064064,20.12302425328461,143.72920427735602,266.595530891791,1.0,3.7294858184134796,0.05067340067340067,0.8363005789052567,10
30,corridor|af|K2|bbsit,corridor,af,2,test,corridor_bounds+dynamics+geo_bounds+halfspace+obstacles,hardflow_new-t,False,proj_valid,0.9,0.9,0.9,0.9,0.9,0.9,0.9,0.7574606466827016,27.1,9.501469159647886,283.2,270.6666666666667,0.16385222853064063,163.85222853064064,20.12302425328461,143.72920427735602,266.595530891791,1.0,3.7294858184134796,0.05067340067340067,0.8363005789052567,10
30,corridor|af|K2|bbsit,corridor,af,2,test,corridor_bounds+dynamics+geo_bounds+halfspace+obstacles,gradient,False,all,0.0,0.0,0.0,0.0,0.0,0.0,0.0,3.5770146340012277,357.8,179.2233397116682,396.0,,0.014025466017086397,14.025466017086398,12.114990366190069,1.9104756508963276,14.195036515593529,0.0002525252525252525,3.410809758493392,0.46069023569023565,0.07397664354306861,10
30,corridor|af|K2|bbsit,corridor,af,2,test,corridor_bounds+dynamics+geo_bounds+halfspace+obstacles,gradient,False,proj_valid,0.0,0.0,0.0,0.0,0.0,0.0,0.0,3.5770146340012277,357.8,179.2233397116682,396.0,,0.014025466017086397,14.025466017086398,12.114990366190069,1.9104756508963276,14.195036515593529,0.0002525252525252525,3.410809758493392,0.46069023569023565,0.07397664354306861,10
30,corridor|af|K2|bbsit,corridor,af,2,test,corridor_bounds+dynamics+geo_bounds+halfspace+obstacles,gradient-tightened,True,all,0.0,0.0,0.0,0.0,0.0,0.0,0.2,3.1414205145258416,332.3,201.864501190672,381.7,324.5,0.013980832707686078,13.98083270768608,12.087450447689694,1.8933822599963839,14.192127389833331,0.0,3.412917477573641,0.2716046962788984,0.02577663896080031,10
30,corridor|af|K2|bbsit,corridor,af,2,test,corridor_bounds+dynamics+geo_bounds+halfspace+obstacles,gradient-tightened,True,proj_valid,0.0,0.0,0.0,0.0,0.0,0.0,0.2,3.1414205145258416,332.3,201.864501190672,381.7,324.5,0.013980832707686078,13.98083270768608,12.087450447689694,1.8933822599963839,14.192127389833331,0.0,3.412917477573641,0.2716046962788984,0.02577663896080031,10
30,corridor|af|K2|bbsit,corridor,af,2,test,corridor_bounds+dynamics+geo_bounds+halfspace+obstacles,post_processing,False,all,0.5,0.5,0.4,0.4,0.4,0.5,0.5,1.5888568259530165,117.8,81.65830401147291,330.8,265.6,0.07046883833930664,70.46883833930664,12.187216474094686,58.281621865211946,143.56218463741243,0.4802702671046535,2.389605127110245,0.16246378513820375,0.4694647163757506,10
30,corridor|af|K2|bbsit,corridor,af,2,test,corridor_bounds+dynamics+geo_bounds+halfspace+obstacles,post_processing,False,proj_valid,0.5,0.5,0.4,0.4,0.4,0.5,0.5,1.5888568259530165,117.8,81.65830401147291,330.8,265.6,0.07046883833930664,70.46883833930664,12.187216474094686,58.281621865211946,143.56218463741243,0.4802702671046535,2.389605127110245,0.16246378513820375,0.4694647163757506,10
30,corridor|af|K2|bbsit,corridor,af,2,test,corridor_bounds+dynamics+geo_bounds+halfspace+obstacles,post_processing-tightened,True,all,0.1,0.1,0.1,0.1,0.1,0.1,0.1,2.9263907883067715,258.1,131.8873262155103,383.3,269.0,0.160399604535636,160.399604535636,12.239935045850576,148.15966948978544,321.3073792681098,0.7953334459840036,4.022401312410371,0.3500841750841751,0.12651988582037305,10
30,corridor|af|K2|bbsit,corridor,af,2,test,corridor_bounds+dynamics+geo_bounds+halfspace+obstacles,post_processing-tightened,True,proj_valid,0.1,0.1,0.1,0.1,0.1,0.1,0.1,2.9263907883067715,258.1,131.8873262155103,383.3,269.0,0.160399604535636,160.399604535636,12.239935045850576,148.15966948978544,321.3073792681098,0.7953334459840036,4.022401312410371,0.3500841750841751,0.12651988582037305,10
30,corridor|af|K2|bbsit,corridor,af,2,test,corridor_bounds+dynamics+geo_bounds+halfspace+obstacles,model_free,False,all,0.3,0.7,0.0,0.0,0.0,0.7,0.3,0.929046763035528,120.3,56.961775434556785,361.7,281.6666666666667,0.02794640801297918,27.94640801297918,12.391327653979449,15.555080358999728,43.33036702126263,0.20413480764037467,0.7111737727126067,0.014710284464156944,0.5605317483072672,10
30,corridor|af|K2|bbsit,corridor,af,2,test,corridor_bounds+dynamics+geo_bounds+halfspace+obstacles,model_free,False,proj_valid,0.3,0.7,0.0,0.0,0.0,0.7,0.3,0.929046763035528,120.3,56.961775434556785,361.7,281.6666666666667,0.02794640801297918,27.94640801297918,12.391327653979449,15.555080358999728,43.33036702126263,0.20413480764037467,0.7111737727126067,0.014710284464156944,0.5605317483072672,10
30,corridor|af|K2|bbsit,corridor,af,2,test,corridor_bounds+dynamics+geo_bounds+halfspace+obstacles,model_free-tightened,True,all,0.6,0.8,0.0,0.0,0.0,0.8,0.6,0.7830600265872503,102.3,48.54576815917251,338.4,300.0,0.031158504726579724,31.158504726579718,12.358673088805734,18.799831637773984,60.86552076041697,0.2191040912614913,0.7932943182620689,0.048240264714468586,0.6168186501986515,10
30,corridor|af|K2|bbsit,corridor,af,2,test,corridor_bounds+dynamics+geo_bounds+halfspace+obstacles,model_free-tightened,True,proj_valid,0.6,0.8,0.0,0.0,0.0,0.8,0.6,0.7830600265872503,102.3,48.54576815917251,338.4,300.0,0.031158504726579724,31.158504726579718,12.358673088805734,18.799831637773984,60.86552076041697,0.2191040912614913,0.7932943182620689,0.048240264714468586,0.6168186501986515,10
30,corridor|af|K2|bbsit,corridor,af,2,test,corridor_bounds+dynamics+geo_bounds+halfspace+obstacles,bounds_free,False,all,0.7,0.7,0.7,0.7,0.7,0.7,0.7,1.362143756265805,74.9,31.547969268348332,311.2,274.85714285714283,0.060900513181587776,60.90051318158778,12.27446172032177,48.62605146126601,100.08455546572804,0.3816760684747038,1.6380990913582618,0.12861952861952863,0.6675949817812088,10
30,corridor|af|K2|bbsit,corridor,af,2,test,corridor_bounds+dynamics+geo_bounds+halfspace+obstacles,bounds_free,False,proj_valid,0.7,0.7,0.7,0.7,0.7,0.7,0.7,1.362143756265805,74.9,31.547969268348332,311.2,274.85714285714283,0.060900513181587776,60.90051318158778,12.27446172032177,48.62605146126601,100.08455546572804,0.3816760684747038,1.6380990913582618,0.12861952861952863,0.6675949817812088,10
30,corridor|af|K2|bbsit,corridor,af,2,test,corridor_bounds+dynamics+geo_bounds+halfspace+obstacles,bounds_free-tightened,True,all,0.3,0.3,0.1,0.1,0.1,0.3,0.3,2.8987271191356667,215.9,222.11895924665083,358.7,271.6666666666667,0.11819526426056352,118.19526426056352,12.180960172443026,106.0143040881205,185.6299770437181,0.6693959586884115,4.780102157693736,0.1754112554112554,-2.5839640815985385,10
30,corridor|af|K2|bbsit,corridor,af,2,test,corridor_bounds+dynamics+geo_bounds+halfspace+obstacles,bounds_free-tightened,True,proj_valid,0.3,0.3,0.1,0.1,0.1,0.3,0.3,2.8987271191356667,215.9,222.11895924665083,358.7,271.6666666666667,0.11819526426056352,118.19526426056352,12.180960172443026,106.0143040881205,185.6299770437181,0.6693959586884115,4.780102157693736,0.1754112554112554,-2.5839640815985385,10
30,corridor|af|K2|bbsit,corridor,af,2,test,corridor_bounds+dynamics+geo_bounds+halfspace+obstacles,geo_free,False,all,0.3,0.3,0.3,0.3,0.3,0.3,0.3,1.6463657981178517,139.0,98.76800467990867,359.6,274.6666666666667,0.048357270447313326,48.357270447313326,12.128274047558724,36.2289963997546,93.23629423975945,0.3383838383838384,1.9817471990758744,0.16897512293195743,0.36447191706895593,10
30,corridor|af|K2|bbsit,corridor,af,2,test,corridor_bounds+dynamics+geo_bounds+halfspace+obstacles,geo_free,False,proj_valid,0.3,0.3,0.3,0.3,0.3,0.3,0.3,1.6463657981178517,139.0,98.76800467990867,359.6,274.6666666666667,0.048357270447313326,48.357270447313326,12.128274047558724,36.2289963997546,93.23629423975945,0.3383838383838384,1.9817471990758744,0.16897512293195743,0.36447191706895593,10
30,corridor|af|K2|bbsit,corridor,af,2,test,corridor_bounds+dynamics+geo_bounds+halfspace+obstacles,geo_free-bounds_free,False,all,0.3,0.3,0.3,0.3,0.3,0.3,0.3,2.541383860319746,206.0,211.82609872835383,358.6,271.3333333333333,0.05293365233607633,52.93365233607633,12.127736746946097,40.80591558913024,88.3467345032841,0.4412836227442969,2.656029373127086,0.28265993265993267,0.34691783026337464,10
30,corridor|af|K2|bbsit,corridor,af,2,test,corridor_bounds+dynamics+geo_bounds+halfspace+obstacles,geo_free-bounds_free,False,proj_valid,0.3,0.3,0.3,0.3,0.3,0.3,0.3,2.541383860319746,206.0,211.82609872835383,358.6,271.3333333333333,0.05293365233607633,52.93365233607633,12.127736746946097,40.80591558913024,88.3467345032841,0.4412836227442969,2.656029373127086,0.28265993265993267,0.34691783026337464,10
30,corridor|af|K2|bbsit,corridor,af,2,test,corridor_bounds+dynamics+geo_bounds+halfspace+obstacles,geo_free-model_free,False,all,0.2,0.6,0.0,0.0,0.0,0.6,0.2,1.341760455863614,141.7,128.52281424709207,376.8,300.0,0.017712702333353807,17.71270233335381,12.175967204895546,5.536735128458265,20.625161677598953,0.00036231884057971015,0.7807384515737189,0.006844613607898632,0.5183576075055962,10
30,corridor|af|K2|bbsit,corridor,af,2,test,corridor_bounds+dynamics+geo_bounds+halfspace+obstacles,geo_free-model_free,False,proj_valid,0.2,0.6,0.0,0.0,0.0,0.6,0.2,1.341760455863614,141.7,128.52281424709207,376.8,300.0,0.017712702333353807,17.71270233335381,12.175967204895546,5.536735128458265,20.625161677598953,0.00036231884057971015,0.7807384515737189,0.006844613607898632,0.5183576075055962,10
30,corridor|af|K2|bbsit,corridor,af,2,test,corridor_bounds+dynamics+geo_bounds+halfspace+obstacles,model_free-bounds_free,False,all,0.3,0.9,0.0,0.0,0.0,0.9,0.3,1.212902448175805,130.1,78.15012902996122,362.8,285.3333333333333,0.025189577859628477,25.18957785962848,12.109492316149577,13.080085543478901,34.219074854627266,0.061407302433361066,0.7805263049286951,0.0024109862110419126,0.7028209813318792,10
30,corridor|af|K2|bbsit,corridor,af,2,test,corridor_bounds+dynamics+geo_bounds+halfspace+obstacles,model_free-bounds_free,False,proj_valid,0.3,0.9,0.0,0.0,0.0,0.9,0.3,1.212902448175805,130.1,78.15012902996122,362.8,285.3333333333333,0.025189577859628477,25.18957785962848,12.109492316149577,13.080085543478901,34.219074854627266,0.061407302433361066,0.7805263049286951,0.0024109862110419126,0.7028209813318792,10
30,corridor|af|K2|bbsit,corridor,af,2,test,corridor_bounds+dynamics+geo_bounds+halfspace+obstacles,model_free-bounds_free-tightened,True,all,0.2,0.6,0.0,0.0,0.0,0.6,0.2,1.088147102132473,156.9,99.66424159736542,382.9,330.5,0.027791832859819544,27.791832859819543,12.116963086471069,15.674869773348473,44.642993696033955,0.11027102458905409,1.0444344160103398,0.08340165506720466,0.5472286392702232,10
30,corridor|af|K2|bbsit,corridor,af,2,test,corridor_bounds+dynamics+geo_bounds+halfspace+obstacles,model_free-bounds_free-tightened,True,proj_valid,0.2,0.6,0.0,0.0,0.0,0.6,0.2,1.088147102132473,156.9,99.66424159736542,382.9,330.5,0.027791832859819544,27.791832859819543,12.116963086471069,15.674869773348473,44.642993696033955,0.11027102458905409,1.0444344160103398,0.08340165506720466,0.5472286392702232,10
30,corridor|af|K2|bbsit,corridor,af,2,test,corridor_bounds+dynamics+geo_bounds+halfspace+obstacles,hardflow_new-r,False,all,0.2,0.2,0.2,0.2,0.2,0.2,0.3,2.4493163826476385,181.4,145.03100595007143,359.8,275.3333333333333,0.5718703982965635,571.8703982965635,20.35446505448627,551.5159332420773,1489.1494634374983,1.0,24.040882478681503,0.22353198653198653,0.2212262750414289,10
30,corridor|af|K2|bbsit,corridor,af,2,test,corridor_bounds+dynamics+geo_bounds+halfspace+obstacles,hardflow_new-r,False,proj_valid,0.2,0.2,0.2,0.2,0.2,0.2,0.3,2.4493163826476385,181.4,145.03100595007143,359.8,275.3333333333333,0.5718703982965635,571.8703982965635,20.35446505448627,551.5159332420773,1489.1494634374983,1.0,24.040882478681503,0.22353198653198653,0.2212262750414289,10
31,corridor|af|K5|bbsit,corridor,af,5,test,corridor_bounds+dynamics+geo_bounds+halfspace+obstacles,diffuser,False,all,0.6,0.9,0.3,0.3,0.3,0.9,0.6,0.6690292544003542,67.3,24.994288225096142,322.0,272.6666666666667,0.030122789842434806,30.122789842434806,30.122789842434806,0.0,30.23395001888275,0.03286355939988726,0.7464408147771331,0.003573141910759759,0.7934944813149158,10
31,corridor|af|K5|bbsit,corridor,af,5,test,corridor_bounds+dynamics+geo_bounds+halfspace+obstacles,diffuser,False,proj_valid,0.6,0.9,0.3,0.3,0.3,0.9,0.6,0.6690292544003542,67.3,24.994288225096142,322.0,272.6666666666667,0.030122789842434806,30.122789842434806,30.122789842434806,0.0,30.23395001888275,0.03286355939988726,0.7464408147771331,0.003573141910759759,0.7934944813149158,10
31,corridor|af|K5|bbsit,corridor,af,5,test,corridor_bounds+dynamics+geo_bounds+halfspace+obstacles,dpcc-r,False,all,1.0,1.0,1.0,1.0,1.0,1.0,1.0,0.29315983750631475,0.0,0.0,266.5,266.5,0.1694792081135779,169.47920811357787,30.257753644045835,139.22145446953203,224.9383294954896,1.0,0.5473883696809458,0.0,1.0097574690758508,10
31,corridor|af|K5|bbsit,corridor,af,5,test,corridor_bounds+dynamics+geo_bounds+halfspace+obstacles,dpcc-r,False,proj_valid,1.0,1.0,1.0,1.0,1.0,1.0,1.0,0.29315983750631475,0.0,0.0,266.5,266.5,0.1694792081135779,169.47920811357787,30.257753644045835,139.22145446953203,224.9383294954896,1.0,0.5473883696809458,0.0,1.0097574690758508,10
31,corridor|af|K5|bbsit,corridor,af,5,test,corridor_bounds+dynamics+geo_bounds+halfspace+obstacles,dpcc-r-tightened,True,all,0.4,0.4,0.3,0.3,0.3,0.4,0.7,1.394528215859713,100.5,43.56362294427198,311.1,274.7142857142857,0.3336979543371422,333.6979543371422,30.249985079291083,303.4479692578511,442.5068557448685,1.0,1.9992034843995932,0.0859721921448513,0.6711680074119871,10
31,corridor|af|K5|bbsit,corridor,af,5,test,corridor_bounds+dynamics+geo_bounds+halfspace+obstacles,dpcc-r-tightened,True,proj_valid,0.4,0.4,0.3,0.3,0.3,0.4,0.7,1.394528215859713,100.5,43.56362294427198,311.1,274.7142857142857,0.3336979543371422,333.6979543371422,30.249985079291083,303.4479692578511,442.5068557448685,1.0,1.9992034843995932,0.0859721921448513,0.6711680074119871,10
31,corridor|af|K5|bbsit,corridor,af,5,test,corridor_bounds+dynamics+geo_bounds+halfspace+obstacles,dpcc-c,False,all,1.0,1.0,1.0,1.0,1.0,1.0,1.0,0.291707969899822,0.0,0.0,263.7,263.7,0.16923035416504395,169.23035416504393,30.090157536829338,139.1401966282146,223.40311686508358,1.0,0.5458845238046598,0.0,1.021308131877151,10
31,corridor|af|K5|bbsit,corridor,af,5,test,corridor_bounds+dynamics+geo_bounds+halfspace+obstacles,dpcc-c,False,proj_valid,1.0,1.0,1.0,1.0,1.0,1.0,1.0,0.291707969899822,0.0,0.0,263.7,263.7,0.16923035416504395,169.23035416504393,30.090157536829338,139.1401966282146,223.40311686508358,1.0,0.5458845238046598,0.0,1.021308131877151,10
31,corridor|af|K5|bbsit,corridor,af,5,test,corridor_bounds+dynamics+geo_bounds+halfspace+obstacles,dpcc-c-tightened,True,all,0.4,0.4,0.3,0.3,0.3,0.4,0.6,1.7124964037243025,136.2,177.92003872482752,323.4,275.0,0.33927278380927006,339.27278380927004,30.064729689573063,309.208054119697,409.89484938792884,1.0,3.2722186333884986,0.1602729649465679,0.4928842601714122,10
31,corridor|af|K5|bbsit,corridor,af,5,test,corridor_bounds+dynamics+geo_bounds+halfspace+obstacles,dpcc-c-tightened,True,proj_valid,0.4,0.4,0.3,0.3,0.3,0.4,0.6,1.7124964037243025,136.2,177.92003872482752,323.4,275.0,0.33927278380927006,339.27278380927004,30.064729689573063,309.208054119697,409.89484938792884,1.0,3.2722186333884986,0.1602729649465679,0.4928842601714122,10
31,corridor|af|K5|bbsit,corridor,af,5,test,corridor_bounds+dynamics+geo_bounds+halfspace+obstacles,dpcc-t,False,all,1.0,1.0,1.0,1.0,1.0,1.0,1.0,0.29256067490491694,0.0,0.0,264.5,264.5,0.16929532275459536,169.29532275459536,30.09556502838055,139.1997577262148,224.24133805558085,1.0,0.544082987810439,0.0,1.0165171045450399,10
31,corridor|af|K5|bbsit,corridor,af,5,test,corridor_bounds+dynamics+geo_bounds+halfspace+obstacles,dpcc-t,False,proj_valid,1.0,1.0,1.0,1.0,1.0,1.0,1.0,0.29256067490491694,0.0,0.0,264.5,264.5,0.16929532275459536,169.29532275459536,30.09556502838055,139.1997577262148,224.24133805558085,1.0,0.544082987810439,0.0,1.0165171045450399,10
31,corridor|af|K5|bbsit,corridor,af,5,test,corridor_bounds+dynamics+geo_bounds+halfspace+obstacles,dpcc-t-tightened,True,all,0.4,0.4,0.3,0.3,0.3,0.4,0.5,1.6889516849871118,136.6,80.17271935257598,331.7,267.4,0.31365592157159045,313.65592157159045,30.239392749944265,283.4165288216462,412.48106435872614,1.0,2.8900441818756595,0.2111193781933777,0.5267099963755506,10
31,corridor|af|K5|bbsit,corridor,af,5,test,corridor_bounds+dynamics+geo_bounds+halfspace+obstacles,dpcc-t-tightened,True,proj_valid,0.4,0.4,0.3,0.3,0.3,0.4,0.5,1.6889516849871118,136.6,80.17271935257598,331.7,267.4,0.31365592157159045,313.65592157159045,30.239392749944265,283.4165288216462,412.48106435872614,1.0,2.8900441818756595,0.2111193781933777,0.5267099963755506,10
31,corridor|af|K5|bbsit,corridor,af,5,test,corridor_bounds+dynamics+geo_bounds+halfspace+obstacles,hardflow_new-c,False,all,1.0,1.0,1.0,1.0,1.0,1.0,1.0,0.2933665373295473,0.0,0.0,266.0,266.0,0.3808925617436915,380.89256174369154,52.111378343873604,328.7811833998179,598.443152224645,1.0,0.5461045914569411,0.0,1.0075102175039707,10
31,corridor|af|K5|bbsit,corridor,af,5,test,corridor_bounds+dynamics+geo_bounds+halfspace+obstacles,hardflow_new-c,False,proj_valid,1.0,1.0,1.0,1.0,1.0,1.0,1.0,0.2933665373295473,0.0,0.0,266.0,266.0,0.3808925617436915,380.89256174369154,52.111378343873604,328.7811833998179,598.443152224645,1.0,0.5461045914569411,0.0,1.0075102175039707,10
31,corridor|af|K5|bbsit,corridor,af,5,test,corridor_bounds+dynamics+geo_bounds+halfspace+obstacles,hardflow_new-t,False,all,1.0,1.0,1.0,1.0,1.0,1.0,1.0,0.2907314320501668,0.0,0.0,268.1,268.1,0.3834261422317008,383.4261422317008,52.21126762625246,331.21487460544836,599.6752006467431,1.0,0.5571760626979071,0.0,0.996619957921775,10
31,corridor|af|K5|bbsit,corridor,af,5,test,corridor_bounds+dynamics+geo_bounds+halfspace+obstacles,hardflow_new-t,False,proj_valid,1.0,1.0,1.0,1.0,1.0,1.0,1.0,0.2907314320501668,0.0,0.0,268.1,268.1,0.3834261422317008,383.4261422317008,52.21126762625246,331.21487460544836,599.6752006467431,1.0,0.5571760626979071,0.0,0.996619957921775,10
31,corridor|af|K5|bbsit,corridor,af,5,test,corridor_bounds+dynamics+geo_bounds+halfspace+obstacles,gradient,False,all,0.0,0.0,0.0,0.0,0.0,0.0,0.0,4.525341126469516,375.0,376.09346798014786,396.0,,0.03582342160263598,35.823421602635975,30.12162484087502,5.701796761760958,36.30040846765041,1.0,4.772942568043194,0.3875420875420875,0.06154869157631408,10
31,corridor|af|K5|bbsit,corridor,af,5,test,corridor_bounds+dynamics+geo_bounds+halfspace+obstacles,gradient,False,proj_valid,0.0,0.0,0.0,0.0,0.0,0.0,0.0,4.525341126469516,375.0,376.09346798014786,396.0,,0.03582342160263598,35.823421602635975,30.12162484087502,5.701796761760958,36.30040846765041,1.0,4.772942568043194,0.3875420875420875,0.06154869157631408,10
31,corridor|af|K5|bbsit,corridor,af,5,test,corridor_bounds+dynamics+geo_bounds+halfspace+obstacles,gradient-tightened,True,all,0.0,0.0,0.0,0.0,0.0,0.0,0.0,4.311364664113255,373.2,574.8920548881189,396.0,,0.035819988660138066,35.819988660138065,30.125388795171272,5.694599864966792,36.297107161954045,1.0,5.185152543904355,0.4404040404040404,0.037879220996133736,10
31,corridor|af|K5|bbsit,corridor,af,5,test,corridor_bounds+dynamics+geo_bounds+halfspace+obstacles,gradient-tightened,True,proj_valid,0.0,0.0,0.0,0.0,0.0,0.0,0.0,4.311364664113255,373.2,574.8920548881189,396.0,,0.035819988660138066,35.819988660138065,30.125388795171272,5.694599864966792,36.297107161954045,1.0,5.185152543904355,0.4404040404040404,0.037879220996133736,10
31,corridor|af|K5|bbsit,corridor,af,5,test,corridor_bounds+dynamics+geo_bounds+halfspace+obstacles,post_processing,False,all,0.7,0.7,0.7,0.7,0.7,0.7,0.7,1.4696849249989579,70.1,115.28745691265117,308.6,271.14285714285717,0.07830400090744744,78.30400090744743,30.0941944814284,48.20980642601903,120.19512405619025,1.0,1.3020735017882863,0.007575757575757574,0.6493769756415289,10
31,corridor|af|K5|bbsit,corridor,af,5,test,corridor_bounds+dynamics+geo_bounds+halfspace+obstacles,post_processing,False,proj_valid,0.7,0.7,0.7,0.7,0.7,0.7,0.7,1.4696849249989579,70.1,115.28745691265117,308.6,271.14285714285717,0.07830400090744744,78.30400090744743,30.0941944814284,48.20980642601903,120.19512405619025,1.0,1.3020735017882863,0.007575757575757574,0.6493769756415289,10
31,corridor|af|K5|bbsit,corridor,af,5,test,corridor_bounds+dynamics+geo_bounds+halfspace+obstacles,post_processing-tightened,True,all,0.3,0.3,0.3,0.3,0.3,0.3,0.3,2.8152983742498012,202.8,105.56911591453441,356.6,264.6666666666667,0.12837506769517293,128.37506769517293,30.135401569242696,98.23966612593024,219.56697347573936,1.0,3.091171194599455,0.288973063973064,0.3641375900388629,10
31,corridor|af|K5|bbsit,corridor,af,5,test,corridor_bounds+dynamics+geo_bounds+halfspace+obstacles,post_processing-tightened,True,proj_valid,0.3,0.3,0.3,0.3,0.3,0.3,0.3,2.8152983742498012,202.8,105.56911591453441,356.6,264.6666666666667,0.12837506769517293,128.37506769517293,30.135401569242696,98.23966612593024,219.56697347573936,1.0,3.091171194599455,0.288973063973064,0.3641375900388629,10
31,corridor|af|K5|bbsit,corridor,af,5,test,corridor_bounds+dynamics+geo_bounds+halfspace+obstacles,model_free,False,all,0.5,0.8,0.1,0.1,0.1,0.8,0.6,0.41250354959520835,90.7,22.272969945942233,344.1,309.5,0.07221654143189606,72.21654143189605,30.221033566115686,41.99550786578037,100.20929357036948,1.0,0.8644321282381228,0.028025935530453117,0.7298343177693951,10
31,corridor|af|K5|bbsit,corridor,af,5,test,corridor_bounds+dynamics+geo_bounds+halfspace+obstacles,model_free,False,proj_valid,0.5,0.8,0.1,0.1,0.1,0.8,0.6,0.41250354959520835,90.7,22.272969945942233,344.1,309.5,0.07221654143189606,72.21654143189605,30.221033566115686,41.99550786578037,100.20929357036948,1.0,0.8644321282381228,0.028025935530453117,0.7298343177693951,10
31,corridor|af|K5|bbsit,corridor,af,5,test,corridor_bounds+dynamics+geo_bounds+halfspace+obstacles,model_free-tightened,True,all,0.4,0.7,0.0,0.0,0.0,0.7,0.4,0.6878086420844787,105.1,62.98772351261071,358.2,301.5,0.07808479544011679,78.08479544011679,30.225274331915898,47.859521108200894,113.58992378227413,1.0,0.7101932111194381,0.009325479981723788,0.6674776615069803,10
31,corridor|af|K5|bbsit,corridor,af,5,test,corridor_bounds+dynamics+geo_bounds+halfspace+obstacles,model_free-tightened,True,proj_valid,0.4,0.7,0.0,0.0,0.0,0.7,0.4,0.6878086420844787,105.1,62.98772351261071,358.2,301.5,0.07808479544011679,78.08479544011679,30.225274331915898,47.859521108200894,113.58992378227413,1.0,0.7101932111194381,0.009325479981723788,0.6674776615069803,10
31,corridor|af|K5|bbsit,corridor,af,5,test,corridor_bounds+dynamics+geo_bounds+halfspace+obstacles,bounds_free,False,all,1.0,1.0,1.0,1.0,1.0,1.0,1.0,0.2911544107473648,0.0,0.0,264.5,264.5,0.14621874658961223,146.2187465896122,30.261198970825028,115.95754761878717,190.5153841059655,1.0,0.5513455624137872,0.0,1.01941297773312,10
31,corridor|af|K5|bbsit,corridor,af,5,test,corridor_bounds+dynamics+geo_bounds+halfspace+obstacles,bounds_free,False,proj_valid,1.0,1.0,1.0,1.0,1.0,1.0,1.0,0.2911544107473648,0.0,0.0,264.5,264.5,0.14621874658961223,146.2187465896122,30.261198970825028,115.95754761878717,190.5153841059655,1.0,0.5513455624137872,0.0,1.01941297773312,10
31,corridor|af|K5|bbsit,corridor,af,5,test,corridor_bounds+dynamics+geo_bounds+halfspace+obstacles,bounds_free-tightened,True,all,0.5,0.5,0.3,0.3,0.3,0.5,0.5,4.577112179961676,153.1,660.8158007717676,331.7,267.4,0.27026091001501895,270.2609100150189,30.25673617239453,240.00417384262437,386.2892814259976,1.0,4.012042624897526,0.07032921379695574,0.5634131283757808,10
31,corridor|af|K5|bbsit,corridor,af,5,test,corridor_bounds+dynamics+geo_bounds+halfspace+obstacles,bounds_free-tightened,True,proj_valid,0.5,0.5,0.3,0.3,0.3,0.5,0.5,4.577112179961676,153.1,660.8158007717676,331.7,267.4,0.27026091001501895,270.2609100150189,30.25673617239453,240.00417384262437,386.2892814259976,1.0,4.012042624897526,0.07032921379695574,0.5634131283757808,10
31,corridor|af|K5|bbsit,corridor,af,5,test,corridor_bounds+dynamics+geo_bounds+halfspace+obstacles,geo_free,False,all,1.0,1.0,1.0,1.0,1.0,1.0,1.0,0.28975591095978054,0.0,0.0,264.7,264.7,0.06371749514021388,63.7174951402139,30.233067350296587,33.484427789917305,63.97588265128434,1.0,0.5496443828578528,0.0,1.0182471735523493,10
31,corridor|af|K5|bbsit,corridor,af,5,test,corridor_bounds+dynamics+geo_bounds+halfspace+obstacles,geo_free,False,proj_valid,1.0,1.0,1.0,1.0,1.0,1.0,1.0,0.28975591095978054,0.0,0.0,264.7,264.7,0.06371749514021388,63.7174951402139,30.233067350296587,33.484427789917305,63.97588265128434,1.0,0.5496443828578528,0.0,1.0182471735523493,10
31,corridor|af|K5|bbsit,corridor,af,5,test,corridor_bounds+dynamics+geo_bounds+halfspace+obstacles,geo_free-bounds_free,False,all,1.0,1.0,1.0,1.0,1.0,1.0,1.0,0.29268482879551316,0.0,0.0,265.5,265.5,0.058086413658333516,58.08641365833351,30.19133901488733,27.895074643446186,58.2429398689419,1.0,0.5483853559220313,0.0,1.003614697926053,10
31,corridor|af|K5|bbsit,corridor,af,5,test,corridor_bounds+dynamics+geo_bounds+halfspace+obstacles,geo_free-bounds_free,False,proj_valid,1.0,1.0,1.0,1.0,1.0,1.0,1.0,0.29268482879551316,0.0,0.0,265.5,265.5,0.058086413658333516,58.08641365833351,30.19133901488733,27.895074643446186,58.2429398689419,1.0,0.5483853559220313,0.0,1.003614697926053,10
31,corridor|af|K5|bbsit,corridor,af,5,test,corridor_bounds+dynamics+geo_bounds+halfspace+obstacles,geo_free-model_free,False,all,0.5,0.8,0.2,0.2,0.2,0.8,0.5,0.9186540073551482,78.1,80.12119058731083,333.5,271.0,0.0464673913014728,46.4673913014728,30.19526924468816,16.272122056784642,50.96461952663958,1.0,0.6757615079682358,0.0032492573840962997,0.7709648226953421,10
31,corridor|af|K5|bbsit,corridor,af,5,test,corridor_bounds+dynamics+geo_bounds+halfspace+obstacles,geo_free-model_free,False,proj_valid,0.5,0.8,0.2,0.2,0.2,0.8,0.5,0.9186540073551482,78.1,80.12119058731083,333.5,271.0,0.0464673913014728,46.4673913014728,30.19526924468816,16.272122056784642,50.96461952663958,1.0,0.6757615079682358,0.0032492573840962997,0.7709648226953421,10
31,corridor|af|K5|bbsit,corridor,af,5,test,corridor_bounds+dynamics+geo_bounds+halfspace+obstacles,model_free-bounds_free,False,all,0.4,0.7,0.1,0.1,0.1,0.7,0.4,0.6255237172261725,92.8,52.904476761286126,346.3,271.75,0.06615534042599956,66.15534042599957,30.24333744674907,35.912002979250495,91.01416446268559,1.0,0.8295494322879658,0.009749910860991823,0.6774880396276939,10
31,corridor|af|K5|bbsit,corridor,af,5,test,corridor_bounds+dynamics+geo_bounds+halfspace+obstacles,model_free-bounds_free,False,proj_valid,0.4,0.7,0.1,0.1,0.1,0.7,0.4,0.6255237172261725,92.8,52.904476761286126,346.3,271.75,0.06615534042599956,66.15534042599957,30.24333744674907,35.912002979250495,91.01416446268559,1.0,0.8295494322879658,0.009749910860991823,0.6774880396276939,10
31,corridor|af|K5|bbsit,corridor,af,5,test,corridor_bounds+dynamics+geo_bounds+halfspace+obstacles,model_free-bounds_free-tightened,True,all,0.5,0.9,0.0,0.0,0.0,0.9,0.5,0.40427713569991364,75.7,17.693935562751257,332.4,268.8,0.071850643201519,71.850643201519,30.193724828017963,41.656918373501036,97.88158249109983,1.0,0.5595540400505052,0.002451634332632142,0.8140911720224782,10
31,corridor|af|K5|bbsit,corridor,af,5,test,corridor_bounds+dynamics+geo_bounds+halfspace+obstacles,model_free-bounds_free-tightened,True,proj_valid,0.5,0.9,0.0,0.0,0.0,0.9,0.5,0.40427713569991364,75.7,17.693935562751257,332.4,268.8,0.071850643201519,71.850643201519,30.193724828017963,41.656918373501036,97.88158249109983,1.0,0.5595540400505052,0.002451634332632142,0.8140911720224782,10
31,corridor|af|K5|bbsit,corridor,af,5,test,corridor_bounds+dynamics+geo_bounds+halfspace+obstacles,hardflow_new-r,False,all,1.0,1.0,1.0,1.0,1.0,1.0,1.0,0.29360129029974147,0.0,0.0,270.7,270.7,0.382311702877053,382.31170287705305,52.02893967730294,330.2827631997501,592.5868419650942,1.0,0.5636005571379578,0.0,0.9861288892190805,10
31,corridor|af|K5|bbsit,corridor,af,5,test,corridor_bounds+dynamics+geo_bounds+halfspace+obstacles,hardflow_new-r,False,proj_valid,1.0,1.0,1.0,1.0,1.0,1.0,1.0,0.29360129029974147,0.0,0.0,270.7,270.7,0.382311702877053,382.31170287705305,52.02893967730294,330.2827631997501,592.5868419650942,1.0,0.5636005571379578,0.0,0.9861288892190805,10
32,corridor|fm|K10,corridor,fm,10,test,corridor_bounds+dynamics+geo_bounds+halfspace+obstacles,diffuser,False,all,0.4,0.7,0.0,0.0,0.0,0.7,0.4,0.8022352980276743,127.4,38.133322784750234,363.1,313.75,0.08568158786041565,85.68158786041565,85.68158786041565,0.0,86.0296495910734,1.0,16.832469720117977,0.12735690235690236,0.41849181044134054,10
32,corridor|fm|K10,corridor,fm,10,test,corridor_bounds+dynamics+geo_bounds+halfspace+obstacles,diffuser,False,proj_valid,0.4,0.7,0.0,0.0,0.0,0.7,0.4,0.8022352980276743,127.4,38.133322784750234,363.1,313.75,0.08568158786041565,85.68158786041565,85.68158786041565,0.0,86.0296495910734,1.0,16.832469720117977,0.12735690235690236,0.41849181044134054,10
32,corridor|fm|K10,corridor,fm,10,test,corridor_bounds+dynamics+geo_bounds+halfspace+obstacles,dpcc-r,False,all,1.0,1.0,1.0,1.0,1.0,1.0,1.0,0.2945512588980127,0.0,0.0,265.9,265.9,0.24183054191682118,241.83054191682118,85.12964568274568,156.70089623407551,306.4333136193454,1.0,0.5187915837801566,0.0,1.065940121940005,10
32,corridor|fm|K10,corridor,fm,10,test,corridor_bounds+dynamics+geo_bounds+halfspace+obstacles,dpcc-r,False,proj_valid,1.0,1.0,1.0,1.0,1.0,1.0,1.0,0.2945512588980127,0.0,0.0,265.9,265.9,0.24183054191682118,241.83054191682118,85.12964568274568,156.70089623407551,306.4333136193454,1.0,0.5187915837801566,0.0,1.065940121940005,10
32,corridor|fm|K10,corridor,fm,10,test,corridor_bounds+dynamics+geo_bounds+halfspace+obstacles,dpcc-r-tightened,True,all,0.9,0.9,0.7,0.7,0.7,0.9,0.9,0.40586940716023534,23.4,9.07082628013192,278.0,264.8888888888889,0.2812082693220811,281.2082693220811,84.92922361024432,196.27904571183677,380.74020735919476,1.0,4.896071274340674,0.045191543036108915,0.9350911545015463,10
32,corridor|fm|K10,corridor,fm,10,test,corridor_bounds+dynamics+geo_bounds+halfspace+obstacles,dpcc-r-tightened,True,proj_valid,0.9,0.9,0.7,0.7,0.7,0.9,0.9,0.40586940716023534,23.4,9.07082628013192,278.0,264.8888888888889,0.2812082693220811,281.2082693220811,84.92922361024432,196.27904571183677,380.74020735919476,1.0,4.896071274340674,0.045191543036108915,0.9350911545015463,10
32,corridor|fm|K10,corridor,fm,10,test,corridor_bounds+dynamics+geo_bounds+halfspace+obstacles,dpcc-c,False,all,1.0,1.0,1.0,1.0,1.0,1.0,1.0,0.2903531141181611,0.0,0.0,270.5,270.5,0.2419217162337815,241.9217162337815,85.02807760532828,156.8936386284532,304.8627339489758,1.0,0.5102378976583765,0.0,1.0580609180280902,10
32,corridor|fm|K10,corridor,fm,10,test,corridor_bounds+dynamics+geo_bounds+halfspace+obstacles,dpcc-c,False,proj_valid,1.0,1.0,1.0,1.0,1.0,1.0,1.0,0.2903531141181611,0.0,0.0,270.5,270.5,0.2419217162337815,241.9217162337815,85.02807760532828,156.8936386284532,304.8627339489758,1.0,0.5102378976583765,0.0,1.0580609180280902,10
32,corridor|fm|K10,corridor,fm,10,test,corridor_bounds+dynamics+geo_bounds+halfspace+obstacles,dpcc-c-tightened,True,all,0.8,0.8,0.6,0.6,0.6,0.8,0.9,0.4403295150155813,24.9,31.743740204437067,281.3,268.55555555555554,0.27902649287863107,279.0264928786311,84.97872402458484,194.0477688540462,376.5303998719901,1.0,5.389341046918583,0.009048227126529577,0.9475331085133405,10
32,corridor|fm|K10,corridor,fm,10,test,corridor_bounds+dynamics+geo_bounds+halfspace+obstacles,dpcc-c-tightened,True,proj_valid,0.8,0.8,0.6,0.6,0.6,0.8,0.9,0.4403295150155813,24.9,31.743740204437067,281.3,268.55555555555554,0.27902649287863107,279.0264928786311,84.97872402458484,194.0477688540462,376.5303998719901,1.0,5.389341046918583,0.009048227126529577,0.9475331085133405,10
32,corridor|fm|K10,corridor,fm,10,test,corridor_bounds+dynamics+geo_bounds+halfspace+obstacles,dpcc-t,False,all,1.0,1.0,1.0,1.0,1.0,1.0,1.0,0.29317656421564847,0.0,0.0,268.2,268.2,0.240771598585672,240.77159858567202,84.97421882058357,155.79737976508844,303.86345498263836,1.0,0.5144439207735048,0.0,1.0642782896443292,10
32,corridor|fm|K10,corridor,fm,10,test,corridor_bounds+dynamics+geo_bounds+halfspace+obstacles,dpcc-t,False,proj_valid,1.0,1.0,1.0,1.0,1.0,1.0,1.0,0.29317656421564847,0.0,0.0,268.2,268.2,0.240771598585672,240.77159858567202,84.97421882058357,155.79737976508844,303.86345498263836,1.0,0.5144439207735048,0.0,1.0642782896443292,10
32,corridor|fm|K10,corridor,fm,10,test,corridor_bounds+dynamics+geo_bounds+halfspace+obstacles,dpcc-t-tightened,True,all,0.9,0.9,0.7,0.7,0.7,0.9,0.9,0.3751970143880642,18.7,27.42741645449408,281.4,268.6666666666667,0.2855559310018335,285.5559310018335,84.90388544148469,200.65204556034882,359.5671035349369,1.0,2.6924377173374667,0.0015925925925925927,0.9593106400545803,10
32,corridor|fm|K10,corridor,fm,10,test,corridor_bounds+dynamics+geo_bounds+halfspace+obstacles,dpcc-t-tightened,True,proj_valid,0.9,0.9,0.7,0.7,0.7,0.9,0.9,0.3751970143880642,18.7,27.42741645449408,281.4,268.6666666666667,0.2855559310018335,285.5559310018335,84.90388544148469,200.65204556034882,359.5671035349369,1.0,2.6924377173374667,0.0015925925925925927,0.9593106400545803,10
32,corridor|fm|K10,corridor,fm,10,test,corridor_bounds+dynamics+geo_bounds+halfspace+obstacles,hardflow_new,False,all,1.0,1.0,1.0,1.0,1.0,1.0,1.0,0.2924544600357901,0.0,0.0,273.4,273.4,0.7197725978887425,719.7725978887424,136.2871808864285,583.485417002314,1069.4361328240484,1.0,0.5062845029651102,0.0,1.064677558473093,10
32,corridor|fm|K10,corridor,fm,10,test,corridor_bounds+dynamics+geo_bounds+halfspace+obstacles,hardflow_new,False,proj_valid,1.0,1.0,1.0,1.0,1.0,1.0,1.0,0.2924544600357901,0.0,0.0,273.4,273.4,0.7197725978887425,719.7725978887424,136.2871808864285,583.485417002314,1069.4361328240484,1.0,0.5062845029651102,0.0,1.064677558473093,10
32,corridor|fm|K10,corridor,fm,10,test,corridor_bounds+dynamics+geo_bounds+halfspace+obstacles,hardflow_new-c,False,all,1.0,1.0,1.0,1.0,1.0,1.0,1.0,0.29203953955716033,0.0,0.0,276.9,276.9,0.7564130843354457,756.4130843354458,136.86161826158565,619.5514660738602,1080.1055772043765,1.0,0.498364487710451,0.0,1.056940889109645,10
32,corridor|fm|K10,corridor,fm,10,test,corridor_bounds+dynamics+geo_bounds+halfspace+obstacles,hardflow_new-c,False,proj_valid,1.0,1.0,1.0,1.0,1.0,1.0,1.0,0.29203953955716033,0.0,0.0,276.9,276.9,0.7564130843354457,756.4130843354458,136.86161826158565,619.5514660738602,1080.1055772043765,1.0,0.498364487710451,0.0,1.056940889109645,10
32,corridor|fm|K10,corridor,fm,10,test,corridor_bounds+dynamics+geo_bounds+halfspace+obstacles,hardflow_new-t,False,all,1.0,1.0,1.0,1.0,1.0,1.0,1.0,0.29121727200684594,0.0,0.0,275.2,275.2,0.7253976951045213,725.3976951045214,136.95016811399358,588.4475269905278,1056.1380450613797,1.0,0.5022703207349201,0.0,1.064648240684359,10
32,corridor|fm|K10,corridor,fm,10,test,corridor_bounds+dynamics+geo_bounds+halfspace+obstacles,hardflow_new-t,False,proj_valid,1.0,1.0,1.0,1.0,1.0,1.0,1.0,0.29121727200684594,0.0,0.0,275.2,275.2,0.7253976951045213,725.3976951045214,136.95016811399358,588.4475269905278,1056.1380450613797,1.0,0.5022703207349201,0.0,1.064648240684359,10
32,corridor|fm|K10,corridor,fm,10,test,corridor_bounds+dynamics+geo_bounds+halfspace+obstacles,gradient,False,all,0.0,0.0,0.0,0.0,0.0,0.0,0.0,4.820249403573005,374.9,326.58243818177414,396.0,,0.09392247195920031,93.92247195920032,93.92247195920032,0.0,94.24923700280488,1.0,4.987125816928986,0.3725589225589226,0.054228992731272366,10
32,corridor|fm|K10,corridor,fm,10,test,corridor_bounds+dynamics+geo_bounds+halfspace+obstacles,gradient,False,proj_valid,0.0,0.0,0.0,0.0,0.0,0.0,0.0,4.820249403573005,374.9,326.58243818177414,396.0,,0.09392247195920031,93.92247195920032,93.92247195920032,0.0,94.24923700280488,1.0,4.987125816928986,0.3725589225589226,0.054228992731272366,10
32,corridor|fm|K10,corridor,fm,10,test,corridor_bounds+dynamics+geo_bounds+halfspace+obstacles,gradient-tightened,True,all,0.0,0.0,0.0,0.0,0.0,0.0,0.0,4.301074170995266,367.4,252.12174145108534,396.0,,0.09394832170436704,93.94832170436705,93.94832170436705,0.0,94.31309062056243,1.0,4.723639023921512,0.3037037037037037,0.045824503953977025,10
32,corridor|fm|K10,corridor,fm,10,test,corridor_bounds+dynamics+geo_bounds+halfspace+obstacles,gradient-tightened,True,proj_valid,0.0,0.0,0.0,0.0,0.0,0.0,0.0,4.301074170995266,367.4,252.12174145108534,396.0,,0.09394832170436704,93.94832170436705,93.94832170436705,0.0,94.31309062056243,1.0,4.723639023921512,0.3037037037037037,0.045824503953977025,10
32,corridor|fm|K10,corridor,fm,10,test,corridor_bounds+dynamics+geo_bounds+halfspace+obstacles,post_processing,False,all,1.0,1.0,1.0,1.0,1.0,1.0,1.0,0.29280462901444165,0.0,0.0,270.7,270.7,0.11186835377679649,111.8683537767965,84.59810824120594,27.27024553559057,142.32246316969395,1.0,0.5226950325007584,0.0,1.039809627356841,10
32,corridor|fm|K10,corridor,fm,10,test,corridor_bounds+dynamics+geo_bounds+halfspace+obstacles,post_processing,False,proj_valid,1.0,1.0,1.0,1.0,1.0,1.0,1.0,0.29280462901444165,0.0,0.0,270.7,270.7,0.11186835377679649,111.8683537767965,84.59810824120594,27.27024553559057,142.32246316969395,1.0,0.5226950325007584,0.0,1.039809627356841,10
32,corridor|fm|K10,corridor,fm,10,test,corridor_bounds+dynamics+geo_bounds+halfspace+obstacles,post_processing-tightened,True,all,0.4,0.4,0.3,0.3,0.3,0.4,0.4,7.651808249965407,180.5,886.568269245824,345.1,268.75,0.173740772676137,173.740772676137,84.7201108443341,89.0206618318029,233.8976216968149,1.0,127.21186760680408,0.1064253647586981,-14808.08396384789,10
32,corridor|fm|K10,corridor,fm,10,test,corridor_bounds+dynamics+geo_bounds+halfspace+obstacles,post_processing-tightened,True,proj_valid,0.4,0.4,0.3,0.3,0.3,0.4,0.4,7.651808249965407,180.5,886.568269245824,345.1,268.75,0.173740772676137,173.740772676137,84.7201108443341,89.0206618318029,233.8976216968149,1.0,127.21186760680408,0.1064253647586981,-14808.08396384789,10
32,corridor|fm|K10,corridor,fm,10,test,corridor_bounds+dynamics+geo_bounds+halfspace+obstacles,model_free,False,all,0.0,0.0,0.0,0.0,0.0,0.0,0.0,5.611192258134327,306.1,467.2377770675689,396.0,,0.18858290252633242,188.58290252633242,85.05657323955963,103.52632928677278,235.85295444354415,1.0,125.37086806295069,0.19276094276094274,0.2045046024051917,10
32,corridor|fm|K10,corridor,fm,10,test,corridor_bounds+dynamics+geo_bounds+halfspace+obstacles,model_free,False,proj_valid,0.0,0.0,0.0,0.0,0.0,0.0,0.0,5.611192258134327,306.1,467.2377770675689,396.0,,0.18858290252633242,188.58290252633242,85.05657323955963,103.52632928677278,235.85295444354415,1.0,125.37086806295069,0.19276094276094274,0.2045046024051917,10
32,corridor|fm|K10,corridor,fm,10,test,corridor_bounds+dynamics+geo_bounds+halfspace+obstacles,model_free-tightened,True,all,0.0,0.0,0.0,0.0,0.0,0.0,0.0,7.287615058374837,323.3,85543.5384486453,396.0,,0.20799976556251445,207.99976556251445,85.02639899867577,122.97336656383868,236.3821423612535,1.0,183.2137961448697,0.2505050505050505,-9756.942647113181,10
32,corridor|fm|K10,corridor,fm,10,test,corridor_bounds+dynamics+geo_bounds+halfspace+obstacles,model_free-tightened,True,proj_valid,0.0,0.0,0.0,0.0,0.0,0.0,0.0,7.287615058374837,323.3,85543.5384486453,396.0,,0.20799976556251445,207.99976556251445,85.02639899867577,122.97336656383868,236.3821423612535,1.0,183.2137961448697,0.2505050505050505,-9756.942647113181,10
32,corridor|fm|K10,corridor,fm,10,test,corridor_bounds+dynamics+geo_bounds+halfspace+obstacles,bounds_free,False,all,1.0,1.0,1.0,1.0,1.0,1.0,1.0,0.29322556270056255,0.0,0.0,268.2,268.2,0.21725190706478034,217.25190706478034,84.92456563478537,132.327341429995,267.2618695255369,1.0,0.5151953951357536,0.0,1.0625077485175327,10
32,corridor|fm|K10,corridor,fm,10,test,corridor_bounds+dynamics+geo_bounds+halfspace+obstacles,bounds_free,False,proj_valid,1.0,1.0,1.0,1.0,1.0,1.0,1.0,0.29322556270056255,0.0,0.0,268.2,268.2,0.21725190706478034,217.25190706478034,84.92456563478537,132.327341429995,267.2618695255369,1.0,0.5151953951357536,0.0,1.0625077485175327,10
32,corridor|fm|K10,corridor,fm,10,test,corridor_bounds+dynamics+geo_bounds+halfspace+obstacles,bounds_free-tightened,True,all,1.0,1.0,0.6,0.6,0.6,1.0,1.0,0.28936636275646477,2.8,0.044565308272838555,263.8,263.8,0.25815442313586606,258.15442313586607,85.18961632509253,172.96480681077358,271.9664910528809,1.0,0.5590121694257892,0.001488968108473862,1.0044846338219595,10
32,corridor|fm|K10,corridor,fm,10,test,corridor_bounds+dynamics+geo_bounds+halfspace+obstacles,bounds_free-tightened,True,proj_valid,1.0,1.0,0.6,0.6,0.6,1.0,1.0,0.28936636275646477,2.8,0.044565308272838555,263.8,263.8,0.25815442313586606,258.15442313586607,85.18961632509253,172.96480681077358,271.9664910528809,1.0,0.5590121694257892,0.001488968108473862,1.0044846338219595,10
32,corridor|fm|K10,corridor,fm,10,test,corridor_bounds+dynamics+geo_bounds+halfspace+obstacles,geo_free,False,all,0.8,0.8,0.4,0.4,0.4,0.8,0.8,6.782226514862144,40.9,449.87050386569297,292.6,266.75,0.16409137828323284,164.0913782832328,85.29803868508358,78.79333959814926,225.55804586037993,1.0,3.2295463614957036,0.0033761509658484434,0.7791893793410523,10
32,corridor|fm|K10,corridor,fm,10,test,corridor_bounds+dynamics+geo_bounds+halfspace+obstacles,geo_free,False,proj_valid,0.8,0.8,0.4,0.4,0.4,0.8,0.8,6.782226514862144,40.9,449.87050386569297,292.6,266.75,0.16409137828323284,164.0913782832328,85.29803868508358,78.79333959814926,225.55804586037993,1.0,3.2295463614957036,0.0033761509658484434,0.7791893793410523,10
32,corridor|fm|K10,corridor,fm,10,test,corridor_bounds+dynamics+geo_bounds+halfspace+obstacles,geo_free-bounds_free,False,all,1.0,1.0,0.6,0.6,0.6,1.0,1.0,0.29084439476336393,7.5,0.03797299563884725,268.4,268.4,0.13191918747744485,131.91918747744484,85.17592524033955,46.7432622371053,132.53156513907015,1.0,0.5360454943402441,0.002220906362457825,0.9667102415606849,10
32,corridor|fm|K10,corridor,fm,10,test,corridor_bounds+dynamics+geo_bounds+halfspace+obstacles,geo_free-bounds_free,False,proj_valid,1.0,1.0,0.6,0.6,0.6,1.0,1.0,0.29084439476336393,7.5,0.03797299563884725,268.4,268.4,0.13191918747744485,131.91918747744484,85.17592524033955,46.7432622371053,132.53156513907015,1.0,0.5360454943402441,0.002220906362457825,0.9667102415606849,10
32,corridor|fm|K10,corridor,fm,10,test,corridor_bounds+dynamics+geo_bounds+halfspace+obstacles,geo_free-model_free,False,all,0.0,0.0,0.0,0.0,0.0,0.0,0.0,5.31648741081379,309.4,450.70947105247285,396.0,,0.12827023134068255,128.27023134068256,85.14147691306366,43.1287544276189,137.61275578290224,1.0,133.45142663430917,0.3823232323232323,0.23742301652082648,10
32,corridor|fm|K10,corridor,fm,10,test,corridor_bounds+dynamics+geo_bounds+halfspace+obstacles,geo_free-model_free,False,proj_valid,0.0,0.0,0.0,0.0,0.0,0.0,0.0,5.31648741081379,309.4,450.70947105247285,396.0,,0.12827023134068255,128.27023134068256,85.14147691306366,43.1287544276189,137.61275578290224,1.0,133.45142663430917,0.3823232323232323,0.23742301652082648,10
32,corridor|fm|K10,corridor,fm,10,test,corridor_bounds+dynamics+geo_bounds+halfspace+obstacles,model_free-bounds_free,False,all,0.0,0.0,0.0,0.0,0.0,0.0,0.0,4.633777808488739,319.7,279.5308872419387,396.0,,0.1728371229333182,172.8371229333182,85.07824639714502,87.7588765361732,207.23686749115586,1.0,129.9850681830532,0.39646464646464646,0.2785665328461584,10
32,corridor|fm|K10,corridor,fm,10,test,corridor_bounds+dynamics+geo_bounds+halfspace+obstacles,model_free-bounds_free,False,proj_valid,0.0,0.0,0.0,0.0,0.0,0.0,0.0,4.633777808488739,319.7,279.5308872419387,396.0,,0.1728371229333182,172.8371229333182,85.07824639714502,87.7588765361732,207.23686749115586,1.0,129.9850681830532,0.39646464646464646,0.2785665328461584,10
32,corridor|fm|K10,corridor,fm,10,test,corridor_bounds+dynamics+geo_bounds+halfspace+obstacles,model_free-bounds_free-tightened,True,all,0.0,0.0,0.0,0.0,0.0,0.0,0.0,6.401818737413191,306.6,851.9173910199333,396.0,,0.17296544570861516,172.96544570861516,85.10652634296378,87.85891936565137,207.68067562021315,1.0,121.13025012028329,0.2602693602693603,0.2811817728154203,10
32,corridor|fm|K10,corridor,fm,10,test,corridor_bounds+dynamics+geo_bounds+halfspace+obstacles,model_free-bounds_free-tightened,True,proj_valid,0.0,0.0,0.0,0.0,0.0,0.0,0.0,6.401818737413191,306.6,851.9173910199333,396.0,,0.17296544570861516,172.96544570861516,85.10652634296378,87.85891936565137,207.68067562021315,1.0,121.13025012028329,0.2602693602693603,0.2811817728154203,10
33,corridor|fm|K1,corridor,fm,1,test,corridor_bounds+dynamics+geo_bounds+halfspace+obstacles,diffuser,False,all,0.0,0.0,0.0,0.0,0.0,0.0,0.0,60.658916371465544,367.7,15929.19120277866,396.0,,0.00913261529904875,9.132615299048748,9.132615299048748,0.0,9.23460517078638,0.0002525252525252525,174.58282629289974,0.0,-275.35447903563534,10
33,corridor|fm|K1,corridor,fm,1,test,corridor_bounds+dynamics+geo_bounds+halfspace+obstacles,diffuser,False,proj_valid,0.0,0.0,0.0,0.0,0.0,0.0,0.0,60.658916371465544,367.7,15929.19120277866,396.0,,0.00913261529904875,9.132615299048748,9.132615299048748,0.0,9.23460517078638,0.0002525252525252525,174.58282629289974,0.0,-275.35447903563534,10
33,corridor|fm|K1,corridor,fm,1,test,corridor_bounds+dynamics+geo_bounds+halfspace+obstacles,dpcc-r,False,all,0.0,0.1,0.0,0.0,0.0,0.1,0.0,6.152752217563185,217.6,371.3276953324997,396.0,,0.20470985867967356,204.70985867967357,9.03466164012148,195.67519703955207,449.3524466175586,0.7356060606060606,42.11520188977756,0.42878787878787883,0.21431667608642538,10
33,corridor|fm|K1,corridor,fm,1,test,corridor_bounds+dynamics+geo_bounds+halfspace+obstacles,dpcc-r,False,proj_valid,0.0,0.1,0.0,0.0,0.0,0.1,0.0,6.152752217563185,217.6,371.3276953324997,396.0,,0.20470985867967356,204.70985867967357,9.03466164012148,195.67519703955207,449.3524466175586,0.7356060606060606,42.11520188977756,0.42878787878787883,0.21431667608642538,10
33,corridor|fm|K1,corridor,fm,1,test,corridor_bounds+dynamics+geo_bounds+halfspace+obstacles,dpcc-r-tightened,True,all,0.1,0.1,0.0,0.0,0.0,0.1,0.3,4.981075699405342,180.4,269.3627093351107,358.2,270.0,0.14867122960310972,148.6712296031097,9.050735804198178,139.62049379891153,213.6154740769416,0.7141881830792933,40.04610138683355,0.31581819966793,0.37189640069786145,10
33,corridor|fm|K1,corridor,fm,1,test,corridor_bounds+dynamics+geo_bounds+halfspace+obstacles,dpcc-r-tightened,True,proj_valid,0.1,0.1,0.0,0.0,0.0,0.1,0.3,4.981075699405342,180.4,269.3627093351107,358.2,270.0,0.14867122960310972,148.6712296031097,9.050735804198178,139.62049379891153,213.6154740769416,0.7141881830792933,40.04610138683355,0.31581819966793,0.37189640069786145,10
33,corridor|fm|K1,corridor,fm,1,test,corridor_bounds+dynamics+geo_bounds+halfspace+obstacles,dpcc-c,False,all,0.0,0.0,0.0,0.0,0.0,0.0,0.0,9.5490254996434,192.5,716.4176656800003,396.0,,0.10723881789605424,107.23881789605426,9.071835668080233,98.16698222797402,287.51395707949996,0.6755050505050505,36.38053924199963,0.28114478114478114,0.2132665956081504,10
33,corridor|fm|K1,corridor,fm,1,test,corridor_bounds+dynamics+geo_bounds+halfspace+obstacles,dpcc-c,False,proj_valid,0.0,0.0,0.0,0.0,0.0,0.0,0.0,9.5490254996434,192.5,716.4176656800003,396.0,,0.10723881789605424,107.23881789605426,9.071835668080233,98.16698222797402,287.51395707949996,0.6755050505050505,36.38053924199963,0.28114478114478114,0.2132665956081504,10
33,corridor|fm|K1,corridor,fm,1,test,corridor_bounds+dynamics+geo_bounds+halfspace+obstacles,dpcc-c-tightened,True,all,0.0,0.0,0.0,0.0,0.0,0.0,0.0,7.874798069085637,282.6,493.80673776004915,396.0,,0.14092156266219763,140.92156266219763,9.06070757920694,131.8608550829907,245.14742488972843,0.8507575757575758,82.19860252015442,0.4786195286195286,0.1543242931980649,10
33,corridor|fm|K1,corridor,fm,1,test,corridor_bounds+dynamics+geo_bounds+halfspace+obstacles,dpcc-c-tightened,True,proj_valid,0.0,0.0,0.0,0.0,0.0,0.0,0.0,7.874798069085637,282.6,493.80673776004915,396.0,,0.14092156266219763,140.92156266219763,9.06070757920694,131.8608550829907,245.14742488972843,0.8507575757575758,82.19860252015442,0.4786195286195286,0.1543242931980649,10
33,corridor|fm|K1,corridor,fm,1,test,corridor_bounds+dynamics+geo_bounds+halfspace+obstacles,dpcc-t,False,all,0.0,0.0,0.0,0.0,0.0,0.0,0.0,13.73457881542286,196.0,1386.63469900335,396.0,,0.11803808243230288,118.03808243230287,9.187542791525372,108.8505396407775,350.37358114495873,0.6946969696969697,35.96853846270638,0.30513468013468015,0.23489124036359826,10
33,corridor|fm|K1,corridor,fm,1,test,corridor_bounds+dynamics+geo_bounds+halfspace+obstacles,dpcc-t,False,proj_valid,0.0,0.0,0.0,0.0,0.0,0.0,0.0,13.73457881542286,196.0,1386.63469900335,396.0,,0.11803808243230288,118.03808243230287,9.187542791525372,108.8505396407775,350.37358114495873,0.6946969696969697,35.96853846270638,0.30513468013468015,0.23489124036359826,10
33,corridor|fm|K1,corridor,fm,1,test,corridor_bounds+dynamics+geo_bounds+halfspace+obstacles,dpcc-t-tightened,True,all,0.2,0.2,0.0,0.0,0.0,0.2,0.3,5.381089747771075,171.0,372.242164909402,355.9,262.3333333333333,0.1333828093818836,133.38280938188362,9.22535299584443,124.15745638603919,196.60580959171057,0.7022396351426226,35.63013913410192,0.2521990825814847,0.40869191323322884,10
33,corridor|fm|K1,corridor,fm,1,test,corridor_bounds+dynamics+geo_bounds+halfspace+obstacles,dpcc-t-tightened,True,proj_valid,0.2,0.2,0.0,0.0,0.0,0.2,0.3,5.381089747771075,171.0,372.242164909402,355.9,262.3333333333333,0.1333828093818836,133.38280938188362,9.22535299584443,124.15745638603919,196.60580959171057,0.7022396351426226,35.63013913410192,0.2521990825814847,0.40869191323322884,10
33,corridor|fm|K1,corridor,fm,1,test,corridor_bounds+dynamics+geo_bounds+halfspace+obstacles,hardflow_new,False,all,0.0,0.0,0.0,0.0,0.0,0.0,0.2,3.418646036743143,164.8,266.10680975997235,371.6,274.0,0.9466094401211482,946.6094401211482,20.61697157338012,925.9924685477681,4490.42992465198,1.0,12.391819498168127,0.20009643886955453,0.16911556998076369,10
33,corridor|fm|K1,corridor,fm,1,test,corridor_bounds+dynamics+geo_bounds+halfspace+obstacles,hardflow_new,False,proj_valid,0.0,0.0,0.0,0.0,0.0,0.0,0.2,3.418646036743143,164.8,266.10680975997235,371.6,274.0,0.9466094401211482,946.6094401211482,20.61697157338012,925.9924685477681,4490.42992465198,1.0,12.391819498168127,0.20009643886955453,0.16911556998076369,10
33,corridor|fm|K1,corridor,fm,1,test,corridor_bounds+dynamics+geo_bounds+halfspace+obstacles,hardflow_new-c,False,all,0.0,0.0,0.0,0.0,0.0,0.0,0.0,1.7434867416965119,187.9,117.4850137796328,396.0,,0.6122780539349398,612.2780539349399,20.449499019675635,591.8285549152642,1742.0915779657662,1.0,15.014696831490301,0.3429292929292929,0.1405703892237835,10
33,corridor|fm|K1,corridor,fm,1,test,corridor_bounds+dynamics+geo_bounds+halfspace+obstacles,hardflow_new-c,False,proj_valid,0.0,0.0,0.0,0.0,0.0,0.0,0.0,1.7434867416965119,187.9,117.4850137796328,396.0,,0.6122780539349398,612.2780539349399,20.449499019675635,591.8285549152642,1742.0915779657662,1.0,15.014696831490301,0.3429292929292929,0.1405703892237835,10
33,corridor|fm|K1,corridor,fm,1,test,corridor_bounds+dynamics+geo_bounds+halfspace+obstacles,hardflow_new-t,False,all,0.1,0.1,0.0,0.0,0.0,0.1,0.1,2.730339984523986,177.8,289.9406996944775,384.9,285.0,1.1014067132543506,1101.4067132543507,20.675725792091516,1080.7309874622592,4407.856046948582,1.0,13.809469227477743,0.23083643452064506,0.2313816381885025,10
33,corridor|fm|K1,corridor,fm,1,test,corridor_bounds+dynamics+geo_bounds+halfspace+obstacles,hardflow_new-t,False,proj_valid,0.1,0.1,0.0,0.0,0.0,0.1,0.1,2.730339984523986,177.8,289.9406996944775,384.9,285.0,1.1014067132543506,1101.4067132543507,20.675725792091516,1080.7309874622592,4407.856046948582,1.0,13.809469227477743,0.23083643452064506,0.2313816381885025,10
33,corridor|fm|K1,corridor,fm,1,test,corridor_bounds+dynamics+geo_bounds+halfspace+obstacles,gradient,False,all,0.0,0.0,0.0,0.0,0.0,0.0,0.0,5.399136886725192,384.1,470.7056707780956,396.0,,0.010817205636395199,10.817205636395197,10.817205636395197,0.0,10.828566271811724,0.0002525252525252525,7.417507804146183,0.22702020202020198,0.06291203799921637,10
33,corridor|fm|K1,corridor,fm,1,test,corridor_bounds+dynamics+geo_bounds+halfspace+obstacles,gradient,False,proj_valid,0.0,0.0,0.0,0.0,0.0,0.0,0.0,5.399136886725192,384.1,470.7056707780956,396.0,,0.010817205636395199,10.817205636395197,10.817205636395197,0.0,10.828566271811724,0.0002525252525252525,7.417507804146183,0.22702020202020198,0.06291203799921637,10
33,corridor|fm|K1,corridor,fm,1,test,corridor_bounds+dynamics+geo_bounds+halfspace+obstacles,gradient-tightened,True,all,0.0,0.0,0.0,0.0,0.0,0.0,0.0,5.519941243059511,384.6,466.3715884945068,396.0,,0.010786756226849376,10.786756226849375,10.786756226849375,0.0,10.840495908632874,0.0,7.4314820770344925,0.06523569023569023,0.049988648740816356,10
33,corridor|fm|K1,corridor,fm,1,test,corridor_bounds+dynamics+geo_bounds+halfspace+obstacles,gradient-tightened,True,proj_valid,0.0,0.0,0.0,0.0,0.0,0.0,0.0,5.519941243059511,384.6,466.3715884945068,396.0,,0.010786756226849376,10.786756226849375,10.786756226849375,0.0,10.840495908632874,0.0,7.4314820770344925,0.06523569023569023,0.049988648740816356,10
33,corridor|fm|K1,corridor,fm,1,test,corridor_bounds+dynamics+geo_bounds+halfspace+obstacles,post_processing,False,all,0.0,0.0,0.0,0.0,0.0,0.0,0.0,8.355215991609336,209.2,520.9498299875139,396.0,,0.10147969282439184,101.47969282439185,9.020700836742316,92.45899198764954,233.14188015647233,0.7116161616161616,45.42493020379439,0.36102693602693603,0.18225419898817413,10
33,corridor|fm|K1,corridor,fm,1,test,corridor_bounds+dynamics+geo_bounds+halfspace+obstacles,post_processing,False,proj_valid,0.0,0.0,0.0,0.0,0.0,0.0,0.0,8.355215991609336,209.2,520.9498299875139,396.0,,0.10147969282439184,101.47969282439185,9.020700836742316,92.45899198764954,233.14188015647233,0.7116161616161616,45.42493020379439,0.36102693602693603,0.18225419898817413,10
33,corridor|fm|K1,corridor,fm,1,test,corridor_bounds+dynamics+geo_bounds+halfspace+obstacles,post_processing-tightened,True,all,0.3,0.3,0.0,0.0,0.0,0.3,0.3,4.610043041674946,163.1,268.03694235935836,355.7,261.6666666666667,0.13649128243762182,136.4912824376218,9.033171589584573,127.45811084803725,187.71122923120856,0.6935166419038381,30.376910484552155,0.258566690132191,0.3861635366271023,10
33,corridor|fm|K1,corridor,fm,1,test,corridor_bounds+dynamics+geo_bounds+halfspace+obstacles,post_processing-tightened,True,proj_valid,0.3,0.3,0.0,0.0,0.0,0.3,0.3,4.610043041674946,163.1,268.03694235935836,355.7,261.6666666666667,0.13649128243762182,136.4912824376218,9.033171589584573,127.45811084803725,187.71122923120856,0.6935166419038381,30.376910484552155,0.258566690132191,0.3861635366271023,10
33,corridor|fm|K1,corridor,fm,1,test,corridor_bounds+dynamics+geo_bounds+halfspace+obstacles,model_free,False,all,0.0,0.0,0.0,0.0,0.0,0.0,0.0,26.844039920476142,370.2,7361.298916202749,396.0,,0.06821538014337421,68.2153801433742,9.049492836882822,59.16588730649139,99.52376605942845,0.944949494949495,133.19457279220552,0.0,0.06321660257989417,10
33,corridor|fm|K1,corridor,fm,1,test,corridor_bounds+dynamics+geo_bounds+halfspace+obstacles,model_free,False,proj_valid,0.0,0.0,0.0,0.0,0.0,0.0,0.0,26.844039920476142,370.2,7361.298916202749,396.0,,0.06821538014337421,68.2153801433742,9.049492836882822,59.16588730649139,99.52376605942845,0.944949494949495,133.19457279220552,0.0,0.06321660257989417,10
33,corridor|fm|K1,corridor,fm,1,test,corridor_bounds+dynamics+geo_bounds+halfspace+obstacles,model_free-tightened,True,all,0.0,0.0,0.0,0.0,0.0,0.0,0.0,44.6488607590117,369.1,12064.369299510425,396.0,,0.06659530079782461,66.5953007978246,9.036751569841396,57.558549227983214,98.0442174244672,0.9436868686868687,144.82224742852162,0.07205387205387206,0.08315498976102119,10
33,corridor|fm|K1,corridor,fm,1,test,corridor_bounds+dynamics+geo_bounds+halfspace+obstacles,model_free-tightened,True,proj_valid,0.0,0.0,0.0,0.0,0.0,0.0,0.0,44.6488607590117,369.1,12064.369299510425,396.0,,0.06659530079782461,66.5953007978246,9.036751569841396,57.558549227983214,98.0442174244672,0.9436868686868687,144.82224742852162,0.07205387205387206,0.08315498976102119,10
33,corridor|fm|K1,corridor,fm,1,test,corridor_bounds+dynamics+geo_bounds+halfspace+obstacles,bounds_free,False,all,0.0,0.0,0.0,0.0,0.0,0.0,0.0,2.105874938616105,214.1,120.57171625655974,396.0,,0.08907568785267873,89.07568785267873,9.064194529477243,80.01149332320149,213.24096573516726,0.6909090909090909,46.942290907086104,0.41456228956228963,0.22856274542504643,10
33,corridor|fm|K1,corridor,fm,1,test,corridor_bounds+dynamics+geo_bounds+halfspace+obstacles,bounds_free,False,proj_valid,0.0,0.0,0.0,0.0,0.0,0.0,0.0,2.105874938616105,214.1,120.57171625655974,396.0,,0.08907568785267873,89.07568785267873,9.064194529477243,80.01149332320149,213.24096573516726,0.6909090909090909,46.942290907086104,0.41456228956228963,0.22856274542504643,10
33,corridor|fm|K1,corridor,fm,1,test,corridor_bounds+dynamics+geo_bounds+halfspace+obstacles,bounds_free-tightened,True,all,0.0,0.0,0.0,0.0,0.0,0.0,0.0,12.9441227779244,279.0,2449.2884449134153,396.0,,0.12143315358576601,121.433153585766,9.029477983336857,112.40367560242915,198.8401377107948,0.8265151515151515,74.81967139750891,0.37222222222222223,0.06797261232075721,10
33,corridor|fm|K1,corridor,fm,1,test,corridor_bounds+dynamics+geo_bounds+halfspace+obstacles,bounds_free-tightened,True,proj_valid,0.0,0.0,0.0,0.0,0.0,0.0,0.0,12.9441227779244,279.0,2449.2884449134153,396.0,,0.12143315358576601,121.433153585766,9.029477983336857,112.40367560242915,198.8401377107948,0.8265151515151515,74.81967139750891,0.37222222222222223,0.06797261232075721,10
33,corridor|fm|K1,corridor,fm,1,test,corridor_bounds+dynamics+geo_bounds+halfspace+obstacles,geo_free,False,all,0.0,0.0,0.0,0.0,0.0,0.0,0.0,3.562917491520762,340.8,111.42856409872873,396.0,,0.02791893964426385,27.91893964426385,8.979268342425877,18.939671301837972,41.74292921088636,0.09621212121212121,12.199698894446504,0.5521885521885521,0.22112264382503377,10
33,corridor|fm|K1,corridor,fm,1,test,corridor_bounds+dynamics+geo_bounds+halfspace+obstacles,geo_free,False,proj_valid,0.0,0.0,0.0,0.0,0.0,0.0,0.0,3.562917491520762,340.8,111.42856409872873,396.0,,0.02791893964426385,27.91893964426385,8.979268342425877,18.939671301837972,41.74292921088636,0.09621212121212121,12.199698894446504,0.5521885521885521,0.22112264382503377,10
33,corridor|fm|K1,corridor,fm,1,test,corridor_bounds+dynamics+geo_bounds+halfspace+obstacles,geo_free-bounds_free,False,all,0.0,0.0,0.0,0.0,0.0,0.0,0.0,2.9736090967707387,317.4,101.29770953336372,396.0,,0.025350468680544785,25.350468680544786,8.972507965459366,16.37796071508542,41.62878976203501,0.1318181818181818,14.21524139357282,0.506986531986532,0.2228543531295856,10
33,corridor|fm|K1,corridor,fm,1,test,corridor_bounds+dynamics+geo_bounds+halfspace+obstacles,geo_free-bounds_free,False,proj_valid,0.0,0.0,0.0,0.0,0.0,0.0,0.0,2.9736090967707387,317.4,101.29770953336372,396.0,,0.025350468680544785,25.350468680544786,8.972507965459366,16.37796071508542,41.62878976203501,0.1318181818181818,14.21524139357282,0.506986531986532,0.2228543531295856,10
33,corridor|fm|K1,corridor,fm,1,test,corridor_bounds+dynamics+geo_bounds+halfspace+obstacles,geo_free-model_free,False,all,0.0,0.0,0.0,0.0,0.0,0.0,0.0,22.42893169365171,366.0,6165.868602603015,396.0,,0.018998424091254067,18.99842409125407,8.96745046619514,10.03097362505893,20.35338580608368,0.000505050505050505,155.0907617866885,0.1356902356902357,0.069841317846752,10
33,corridor|fm|K1,corridor,fm,1,test,corridor_bounds+dynamics+geo_bounds+halfspace+obstacles,geo_free-model_free,False,proj_valid,0.0,0.0,0.0,0.0,0.0,0.0,0.0,22.42893169365171,366.0,6165.868602603015,396.0,,0.018998424091254067,18.99842409125407,8.96745046619514,10.03097362505893,20.35338580608368,0.000505050505050505,155.0907617866885,0.1356902356902357,0.069841317846752,10
33,corridor|fm|K1,corridor,fm,1,test,corridor_bounds+dynamics+geo_bounds+halfspace+obstacles,model_free-bounds_free,False,all,0.0,0.0,0.0,0.0,0.0,0.0,0.0,49.13953685753465,369.0,12770.933285563558,396.0,,0.054096168435808986,54.09616843580899,9.031629550618806,45.064538885190174,78.75029062852263,0.9275252525252526,146.03809263228646,0.06624579124579125,0.06459792145274161,10
33,corridor|fm|K1,corridor,fm,1,test,corridor_bounds+dynamics+geo_bounds+halfspace+obstacles,model_free-bounds_free,False,proj_valid,0.0,0.0,0.0,0.0,0.0,0.0,0.0,49.13953685753465,369.0,12770.933285563558,396.0,,0.054096168435808986,54.09616843580899,9.031629550618806,45.064538885190174,78.75029062852263,0.9275252525252526,146.03809263228646,0.06624579124579125,0.06459792145274161,10
33,corridor|fm|K1,corridor,fm,1,test,corridor_bounds+dynamics+geo_bounds+halfspace+obstacles,model_free-bounds_free-tightened,True,all,0.0,0.1,0.0,0.0,0.0,0.1,0.0,39.94263987973981,369.8,102531.58331062527,396.0,,0.056683198301911805,56.68319830191181,9.03031203067965,47.652886271232155,80.47584253363311,0.9431818181818181,211.4389827160951,0.07281144781144781,-7.772549516098903,10
33,corridor|fm|K1,corridor,fm,1,test,corridor_bounds+dynamics+geo_bounds+halfspace+obstacles,model_free-bounds_free-tightened,True,proj_valid,0.0,0.1,0.0,0.0,0.0,0.1,0.0,39.94263987973981,369.8,102531.58331062527,396.0,,0.056683198301911805,56.68319830191181,9.03031203067965,47.652886271232155,80.47584253363311,0.9431818181818181,211.4389827160951,0.07281144781144781,-7.772549516098903,10
34,corridor|fm|K20,corridor,fm,20,test,corridor_bounds+dynamics+geo_bounds+halfspace+obstacles,diffuser,False,all,0.4,0.4,0.4,0.4,0.4,0.4,0.4,1.2735857027634698,131.0,56.60728142853435,349.4,279.5,0.17194342914108027,171.9434291410803,171.9434291410803,0.0,173.3091040328145,1.0,28.928100009404808,0.17887205387205388,0.5720377031226557,10
34,corridor|fm|K20,corridor,fm,20,test,corridor_bounds+dynamics+geo_bounds+halfspace+obstacles,diffuser,False,proj_valid,0.4,0.4,0.4,0.4,0.4,0.4,0.4,1.2735857027634698,131.0,56.60728142853435,349.4,279.5,0.17194342914108027,171.9434291410803,171.9434291410803,0.0,173.3091040328145,1.0,28.928100009404808,0.17887205387205388,0.5720377031226557,10
34,corridor|fm|K20,corridor,fm,20,test,corridor_bounds+dynamics+geo_bounds+halfspace+obstacles,dpcc-r,False,all,1.0,1.0,1.0,1.0,1.0,1.0,1.0,0.293019336811845,0.0,0.0,267.2,267.2,0.41444883388544473,414.44883388544474,170.74577444333096,243.7030594421138,471.8576061166823,1.0,0.5171274306790135,0.0,1.0648112381062471,10
34,corridor|fm|K20,corridor,fm,20,test,corridor_bounds+dynamics+geo_bounds+halfspace+obstacles,dpcc-r,False,proj_valid,1.0,1.0,1.0,1.0,1.0,1.0,1.0,0.293019336811845,0.0,0.0,267.2,267.2,0.41444883388544473,414.44883388544474,170.74577444333096,243.7030594421138,471.8576061166823,1.0,0.5171274306790135,0.0,1.0648112381062471,10
34,corridor|fm|K20,corridor,fm,20,test,corridor_bounds+dynamics+geo_bounds+halfspace+obstacles,dpcc-r-tightened,True,all,1.0,1.0,1.0,1.0,1.0,1.0,1.0,0.2921631988468101,0.0,0.0,264.8,264.8,0.4168428106005898,416.84281060058976,170.83664635115653,246.00616424943323,478.93903628923,1.0,0.5353419246342186,0.0,1.0634869416185975,10
34,corridor|fm|K20,corridor,fm,20,test,corridor_bounds+dynamics+geo_bounds+halfspace+obstacles,dpcc-r-tightened,True,proj_valid,1.0,1.0,1.0,1.0,1.0,1.0,1.0,0.2921631988468101,0.0,0.0,264.8,264.8,0.4168428106005898,416.84281060058976,170.83664635115653,246.00616424943323,478.93903628923,1.0,0.5353419246342186,0.0,1.0634869416185975,10
34,corridor|fm|K20,corridor,fm,20,test,corridor_bounds+dynamics+geo_bounds+halfspace+obstacles,dpcc-c,False,all,1.0,1.0,1.0,1.0,1.0,1.0,1.0,0.2917319642680236,0.0,0.0,271.7,271.7,0.41547489681350036,415.4748968135003,170.71539045232095,244.75950636117946,474.7645155712962,1.0,0.5081401358267561,0.0,1.059422261807311,10
34,corridor|fm|K20,corridor,fm,20,test,corridor_bounds+dynamics+geo_bounds+halfspace+obstacles,dpcc-c,False,proj_valid,1.0,1.0,1.0,1.0,1.0,1.0,1.0,0.2917319642680236,0.0,0.0,271.7,271.7,0.41547489681350036,415.4748968135003,170.71539045232095,244.75950636117946,474.7645155712962,1.0,0.5081401358267561,0.0,1.059422261807311,10
34,corridor|fm|K20,corridor,fm,20,test,corridor_bounds+dynamics+geo_bounds+halfspace+obstacles,dpcc-c-tightened,True,all,1.0,1.0,1.0,1.0,1.0,1.0,1.0,0.29284499605232195,0.0,0.0,266.8,266.8,0.41710486451053413,417.1048645105341,170.9010692336364,246.20379527689775,479.8540785256773,1.0,0.531911908608026,0.0,1.0582778449325265,10
34,corridor|fm|K20,corridor,fm,20,test,corridor_bounds+dynamics+geo_bounds+halfspace+obstacles,dpcc-c-tightened,True,proj_valid,1.0,1.0,1.0,1.0,1.0,1.0,1.0,0.29284499605232195,0.0,0.0,266.8,266.8,0.41710486451053413,417.1048645105341,170.9010692336364,246.20379527689775,479.8540785256773,1.0,0.531911908608026,0.0,1.0582778449325265,10
34,corridor|fm|K20,corridor,fm,20,test,corridor_bounds+dynamics+geo_bounds+halfspace+obstacles,dpcc-t,False,all,1.0,1.0,1.0,1.0,1.0,1.0,1.0,0.2926406339235267,0.0,0.0,269.3,269.3,0.41548849521457454,415.4884952145745,171.09694520066824,244.39155001390628,474.416428450495,1.0,0.5128561784300876,0.0,1.065288519611902,10
34,corridor|fm|K20,corridor,fm,20,test,corridor_bounds+dynamics+geo_bounds+halfspace+obstacles,dpcc-t,False,proj_valid,1.0,1.0,1.0,1.0,1.0,1.0,1.0,0.2926406339235267,0.0,0.0,269.3,269.3,0.41548849521457454,415.4884952145745,171.09694520066824,244.39155001390628,474.416428450495,1.0,0.5128561784300876,0.0,1.065288519611902,10
34,corridor|fm|K20,corridor,fm,20,test,corridor_bounds+dynamics+geo_bounds+halfspace+obstacles,dpcc-t-tightened,True,all,1.0,1.0,1.0,1.0,1.0,1.0,1.0,0.29125752915972714,0.0,0.0,264.8,264.8,0.41742138326077416,417.4213832607742,171.11746965020782,246.3039136105664,478.99796141311526,1.0,0.5350433651622425,0.0,1.0634211614687152,10
34,corridor|fm|K20,corridor,fm,20,test,corridor_bounds+dynamics+geo_bounds+halfspace+obstacles,dpcc-t-tightened,True,proj_valid,1.0,1.0,1.0,1.0,1.0,1.0,1.0,0.29125752915972714,0.0,0.0,264.8,264.8,0.41742138326077416,417.4213832607742,171.11746965020782,246.3039136105664,478.99796141311526,1.0,0.5350433651622425,0.0,1.0634211614687152,10
34,corridor|fm|K20,corridor,fm,20,test,corridor_bounds+dynamics+geo_bounds+halfspace+obstacles,hardflow_new,False,all,1.0,1.0,1.0,1.0,1.0,1.0,1.0,0.2933720774633394,0.0,0.0,273.5,273.5,1.3599057073565903,1359.9057073565903,275.01199365024,1084.8937137063504,2018.0291233304888,1.0,0.5064722084051217,0.0,1.0651955559127346,10
34,corridor|fm|K20,corridor,fm,20,test,corridor_bounds+dynamics+geo_bounds+halfspace+obstacles,hardflow_new,False,proj_valid,1.0,1.0,1.0,1.0,1.0,1.0,1.0,0.2933720774633394,0.0,0.0,273.5,273.5,1.3599057073565903,1359.9057073565903,275.01199365024,1084.8937137063504,2018.0291233304888,1.0,0.5064722084051217,0.0,1.0651955559127346,10
34,corridor|fm|K20,corridor,fm,20,test,corridor_bounds+dynamics+geo_bounds+halfspace+obstacles,hardflow_new-c,False,all,1.0,1.0,1.0,1.0,1.0,1.0,1.0,0.29135736620886943,0.0,0.0,276.3,276.3,1.376614098798817,1376.614098798817,273.9826328388524,1102.6314659599643,2026.6693453956395,1.0,0.5006058965818543,0.0,1.062651733654448,10
34,corridor|fm|K20,corridor,fm,20,test,corridor_bounds+dynamics+geo_bounds+halfspace+obstacles,hardflow_new-c,False,proj_valid,1.0,1.0,1.0,1.0,1.0,1.0,1.0,0.29135736620886943,0.0,0.0,276.3,276.3,1.376614098798817,1376.614098798817,273.9826328388524,1102.6314659599643,2026.6693453956395,1.0,0.5006058965818543,0.0,1.062651733654448,10
34,corridor|fm|K20,corridor,fm,20,test,corridor_bounds+dynamics+geo_bounds+halfspace+obstacles,hardflow_new-t,False,all,1.0,1.0,1.0,1.0,1.0,1.0,1.0,0.2962808030220952,0.0,0.0,,,1.4021791187299935,1402.1791187299934,272.17961691777197,1129.9995018122213,2208.150202035904,,0.49921964652065753,0.0,1.0953964782602772,1
34,corridor|fm|K20,corridor,fm,20,test,corridor_bounds+dynamics+geo_bounds+halfspace+obstacles,hardflow_new-t,False,proj_valid,1.0,1.0,1.0,1.0,1.0,1.0,1.0,0.2962808030220952,0.0,0.0,,,1.4021791187299935,1402.1791187299934,272.17961691777197,1129.9995018122213,2208.150202035904,,0.49921964652065753,0.0,1.0953964782602772,1
34,corridor|fm|K20,corridor,fm,20,test,corridor_bounds+dynamics+geo_bounds+halfspace+obstacles,gradient,False,all,0.0,0.0,0.0,0.0,0.0,0.0,0.0,14.355700450050975,385.9,4123.113337534357,396.0,,0.188153511149376,188.15351114937602,188.15351114937602,0.0,188.99852051399648,1.0,273.60971003735426,0.0,0.08391818395092684,10
34,corridor|fm|K20,corridor,fm,20,test,corridor_bounds+dynamics+geo_bounds+halfspace+obstacles,gradient,False,proj_valid,0.0,0.0,0.0,0.0,0.0,0.0,0.0,14.355700450050975,385.9,4123.113337534357,396.0,,0.188153511149376,188.15351114937602,188.15351114937602,0.0,188.99852051399648,1.0,273.60971003735426,0.0,0.08391818395092684,10
34,corridor|fm|K20,corridor,fm,20,test,corridor_bounds+dynamics+geo_bounds+halfspace+obstacles,gradient-tightened,True,all,0.0,0.2,0.0,0.0,0.0,0.2,0.0,43.186231931273014,386.8,11683.081320056539,396.0,,0.1890199312737983,189.0199312737983,189.0199312737983,0.0,191.64351341314614,1.0,272.1610790522508,0.0,0.2994484481912575,10
34,corridor|fm|K20,corridor,fm,20,test,corridor_bounds+dynamics+geo_bounds+halfspace+obstacles,gradient-tightened,True,proj_valid,0.0,0.2,0.0,0.0,0.0,0.2,0.0,43.186231931273014,386.8,11683.081320056539,396.0,,0.1890199312737983,189.0199312737983,189.0199312737983,0.0,191.64351341314614,1.0,272.1610790522508,0.0,0.2994484481912575,10
34,corridor|fm|K20,corridor,fm,20,test,corridor_bounds+dynamics+geo_bounds+halfspace+obstacles,post_processing,False,all,1.0,1.0,1.0,1.0,1.0,1.0,1.0,0.29413177597069723,0.0,0.0,271.2,271.2,0.1959914019108973,195.9914019108973,169.98328344423143,26.008118466665877,223.2733187172562,1.0,0.5204943087351274,0.0,1.0375994247458067,10
34,corridor|fm|K20,corridor,fm,20,test,corridor_bounds+dynamics+geo_bounds+halfspace+obstacles,post_processing,False,proj_valid,1.0,1.0,1.0,1.0,1.0,1.0,1.0,0.29413177597069723,0.0,0.0,271.2,271.2,0.1959914019108973,195.9914019108973,169.98328344423143,26.008118466665877,223.2733187172562,1.0,0.5204943087351274,0.0,1.0375994247458067,10
34,corridor|fm|K20,corridor,fm,20,test,corridor_bounds+dynamics+geo_bounds+halfspace+obstacles,post_processing-tightened,True,all,0.4,0.4,0.3,0.3,0.3,0.4,0.4,6.149690554435393,185.7,611.6308056888163,344.8,268.0,0.27458215601191294,274.58215601191296,169.55252269753188,105.02963331438104,322.2665929514915,1.0,62.83820330185647,0.1563387498170107,0.480590368865587,10
34,corridor|fm|K20,corridor,fm,20,test,corridor_bounds+dynamics+geo_bounds+halfspace+obstacles,post_processing-tightened,True,proj_valid,0.4,0.4,0.3,0.3,0.3,0.4,0.4,6.149690554435393,185.7,611.6308056888163,344.8,268.0,0.27458215601191294,274.58215601191296,169.55252269753188,105.02963331438104,322.2665929514915,1.0,62.83820330185647,0.1563387498170107,0.480590368865587,10
34,corridor|fm|K20,corridor,fm,20,test,corridor_bounds+dynamics+geo_bounds+halfspace+obstacles,model_free,False,all,0.0,0.0,0.0,0.0,0.0,0.0,0.0,4.481498202888094,306.5,322.54658074950606,396.0,,0.3472425376488404,347.24253764884037,170.24410653276124,176.99843111607916,402.00218190439045,1.0,117.78231114743028,0.2500841750841751,0.24002810617559628,10
34,corridor|fm|K20,corridor,fm,20,test,corridor_bounds+dynamics+geo_bounds+halfspace+obstacles,model_free,False,proj_valid,0.0,0.0,0.0,0.0,0.0,0.0,0.0,4.481498202888094,306.5,322.54658074950606,396.0,,0.3472425376488404,347.24253764884037,170.24410653276124,176.99843111607916,402.00218190439045,1.0,117.78231114743028,0.2500841750841751,0.24002810617559628,10
34,corridor|fm|K20,corridor,fm,20,test,corridor_bounds+dynamics+geo_bounds+halfspace+obstacles,model_free-tightened,True,all,0.0,0.0,0.0,0.0,0.0,0.0,0.0,4.548261510301308,313.7,189.84291173621477,396.0,,0.3557434667513301,355.7434667513301,170.45443989007236,185.28902686125778,405.7580003980547,1.0,124.08257067304268,0.38872053872053874,0.27978113745402355,10
34,corridor|fm|K20,corridor,fm,20,test,corridor_bounds+dynamics+geo_bounds+halfspace+obstacles,model_free-tightened,True,proj_valid,0.0,0.0,0.0,0.0,0.0,0.0,0.0,4.548261510301308,313.7,189.84291173621477,396.0,,0.3557434667513301,355.7434667513301,170.45443989007236,185.28902686125778,405.7580003980547,1.0,124.08257067304268,0.38872053872053874,0.27978113745402355,10
34,corridor|fm|K20,corridor,fm,20,test,corridor_bounds+dynamics+geo_bounds+halfspace+obstacles,bounds_free,False,all,1.0,1.0,1.0,1.0,1.0,1.0,1.0,0.29207842999419914,0.0,0.0,267.7,267.7,0.38267067507724717,382.67067507724715,170.24655528673597,212.42411979051116,430.3221334051341,1.0,0.5162915532594672,0.0,1.0632417274595585,10
34,corridor|fm|K20,corridor,fm,20,test,corridor_bounds+dynamics+geo_bounds+halfspace+obstacles,bounds_free,False,proj_valid,1.0,1.0,1.0,1.0,1.0,1.0,1.0,0.29207842999419914,0.0,0.0,267.7,267.7,0.38267067507724717,382.67067507724715,170.24655528673597,212.42411979051116,430.3221334051341,1.0,0.5162915532594672,0.0,1.0632417274595585,10
34,corridor|fm|K20,corridor,fm,20,test,corridor_bounds+dynamics+geo_bounds+halfspace+obstacles,bounds_free-tightened,True,all,1.0,1.0,1.0,1.0,1.0,1.0,1.0,0.29131977233422823,0.0,0.0,264.1,264.1,0.38524811095752953,385.24811095752955,170.61691483223302,214.63119612529653,435.72318693622947,1.0,0.5360360537773486,0.0,1.0609567381959883,10
34,corridor|fm|K20,corridor,fm,20,test,corridor_bounds+dynamics+geo_bounds+halfspace+obstacles,bounds_free-tightened,True,proj_valid,1.0,1.0,1.0,1.0,1.0,1.0,1.0,0.29131977233422823,0.0,0.0,264.1,264.1,0.38524811095752953,385.24811095752955,170.61691483223302,214.63119612529653,435.72318693622947,1.0,0.5360360537773486,0.0,1.0609567381959883,10
34,corridor|fm|K20,corridor,fm,20,test,corridor_bounds+dynamics+geo_bounds+halfspace+obstacles,geo_free,False,all,1.0,1.0,1.0,1.0,1.0,1.0,1.0,0.2940392092521166,0.0,0.0,267.0,267.0,0.2830476229591644,283.0476229591644,170.46207451455842,112.58554844460598,283.89704746194184,1.0,0.5174469418290464,0.0,1.0656920634809328,10
34,corridor|fm|K20,corridor,fm,20,test,corridor_bounds+dynamics+geo_bounds+halfspace+obstacles,geo_free,False,proj_valid,1.0,1.0,1.0,1.0,1.0,1.0,1.0,0.2940392092521166,0.0,0.0,267.0,267.0,0.2830476229591644,283.0476229591644,170.46207451455842,112.58554844460598,283.89704746194184,1.0,0.5174469418290464,0.0,1.0656920634809328,10
34,corridor|fm|K20,corridor,fm,20,test,corridor_bounds+dynamics+geo_bounds+halfspace+obstacles,geo_free-bounds_free,False,all,1.0,1.0,1.0,1.0,1.0,1.0,1.0,0.2928608273420049,0.0,0.0,268.8,268.8,0.2633651783435807,263.3651783435806,170.6852196962112,92.67995864736947,264.044054010883,1.0,0.5143161302658661,0.0,1.0611042224489493,10
34,corridor|fm|K20,corridor,fm,20,test,corridor_bounds+dynamics+geo_bounds+halfspace+obstacles,geo_free-bounds_free,False,proj_valid,1.0,1.0,1.0,1.0,1.0,1.0,1.0,0.2928608273420049,0.0,0.0,268.8,268.8,0.2633651783435807,263.3651783435806,170.6852196962112,92.67995864736947,264.044054010883,1.0,0.5143161302658661,0.0,1.0611042224489493,10
34,corridor|fm|K20,corridor,fm,20,test,corridor_bounds+dynamics+geo_bounds+halfspace+obstacles,geo_free-model_free,False,all,0.0,0.0,0.0,0.0,0.0,0.0,0.0,5.350144899643857,302.5,401.3979037424915,396.0,,0.2538352376438038,253.83523764380374,170.75943671345635,83.07580093034741,275.25665680877864,1.0,120.39867948371929,0.25202020202020203,0.2266551773744765,10
34,corridor|fm|K20,corridor,fm,20,test,corridor_bounds+dynamics+geo_bounds+halfspace+obstacles,geo_free-model_free,False,proj_valid,0.0,0.0,0.0,0.0,0.0,0.0,0.0,5.350144899643857,302.5,401.3979037424915,396.0,,0.2538352376438038,253.83523764380374,170.75943671345635,83.07580093034741,275.25665680877864,1.0,120.39867948371929,0.25202020202020203,0.2266551773744765,10
34,corridor|fm|K20,corridor,fm,20,test,corridor_bounds+dynamics+geo_bounds+halfspace+obstacles,model_free-bounds_free,False,all,0.0,0.0,0.0,0.0,0.0,0.0,0.0,4.394796577961491,324.0,154.97805182698724,396.0,,0.32151068205841715,321.5106820584171,171.16639747265538,150.34428458576176,357.295113382861,1.0,123.40941431414399,0.4239057239057239,0.2525482552216502,10
34,corridor|fm|K20,corridor,fm,20,test,corridor_bounds+dynamics+geo_bounds+halfspace+obstacles,model_free-bounds_free,False,proj_valid,0.0,0.0,0.0,0.0,0.0,0.0,0.0,4.394796577961491,324.0,154.97805182698724,396.0,,0.32151068205841715,321.5106820584171,171.16639747265538,150.34428458576176,357.295113382861,1.0,123.40941431414399,0.4239057239057239,0.2525482552216502,10
34,corridor|fm|K20,corridor,fm,20,test,corridor_bounds+dynamics+geo_bounds+halfspace+obstacles,model_free-bounds_free-tightened,True,all,0.0,0.0,0.0,0.0,0.0,0.0,0.0,6.20272924250198,319.2,749.0781593353246,396.0,,0.33172341461312216,331.72341461312215,171.02993240561148,160.69348220751067,374.07754324376583,1.0,124.04941678140972,0.057744107744107744,0.0911939635101455,10
34,corridor|fm|K20,corridor,fm,20,test,corridor_bounds+dynamics+geo_bounds+halfspace+obstacles,model_free-bounds_free-tightened,True,proj_valid,0.0,0.0,0.0,0.0,0.0,0.0,0.0,6.20272924250198,319.2,749.0781593353246,396.0,,0.33172341461312216,331.72341461312215,171.02993240561148,160.69348220751067,374.07754324376583,1.0,124.04941678140972,0.057744107744107744,0.0911939635101455,10
35,corridor|fm|K2,corridor,fm,2,test,corridor_bounds+dynamics+geo_bounds+halfspace+obstacles,diffuser,False,all,0.3,0.5,0.0,0.0,0.0,0.5,0.3,24.67531668785805,267.2,4644.115119895747,355.2,260.0,0.01763901312198003,17.639013121980028,17.639013121980028,0.0,18.061060030013323,0.0002525252525252525,48.42853637157167,0.10060298182866276,0.2901612247940629,10
35,corridor|fm|K2,corridor,fm,2,test,corridor_bounds+dynamics+geo_bounds+halfspace+obstacles,diffuser,False,proj_valid,0.3,0.5,0.0,0.0,0.0,0.5,0.3,24.67531668785805,267.2,4644.115119895747,355.2,260.0,0.01763901312198003,17.639013121980028,17.639013121980028,0.0,18.061060030013323,0.0002525252525252525,48.42853637157167,0.10060298182866276,0.2901612247940629,10
35,corridor|fm|K2,corridor,fm,2,test,corridor_bounds+dynamics+geo_bounds+halfspace+obstacles,dpcc-r,False,all,0.2,0.3,0.0,0.0,0.0,0.3,0.2,14.33901552435963,125.0,1120.2393304705618,370.3,267.5,0.1006105749860455,100.61057498604552,17.349924950022285,83.26065003602324,192.475647861138,1.0,18.700015709540278,0.07852260657895406,0.40470381154733737,10
35,corridor|fm|K2,corridor,fm,2,test,corridor_bounds+dynamics+geo_bounds+halfspace+obstacles,dpcc-r,False,proj_valid,0.2,0.3,0.0,0.0,0.0,0.3,0.2,14.33901552435963,125.0,1120.2393304705618,370.3,267.5,0.1006105749860455,100.61057498604552,17.349924950022285,83.26065003602324,192.475647861138,1.0,18.700015709540278,0.07852260657895406,0.40470381154733737,10
35,corridor|fm|K2,corridor,fm,2,test,corridor_bounds+dynamics+geo_bounds+halfspace+obstacles,dpcc-r-tightened,True,all,0.2,0.2,0.0,0.0,0.0,0.2,0.4,5.34112554407516,135.4,321.1514259627111,341.6,260.0,0.13729034980522228,137.2903498052223,17.378459087686487,119.91189071753578,191.81452519260347,1.0,21.468018820323515,0.1737447231227735,0.4650315998710776,10
35,corridor|fm|K2,corridor,fm,2,test,corridor_bounds+dynamics+geo_bounds+halfspace+obstacles,dpcc-r-tightened,True,proj_valid,0.2,0.2,0.0,0.0,0.0,0.2,0.4,5.34112554407516,135.4,321.1514259627111,341.6,260.0,0.13729034980522228,137.2903498052223,17.378459087686487,119.91189071753578,191.81452519260347,1.0,21.468018820323515,0.1737447231227735,0.4650315998710776,10
35,corridor|fm|K2,corridor,fm,2,test,corridor_bounds+dynamics+geo_bounds+halfspace+obstacles,dpcc-c,False,all,0.7,0.7,0.0,0.0,0.0,0.7,0.7,5.551467362001411,58.0,432.26937768185144,311.1,274.7142857142857,0.06905540128298111,69.05540128298111,17.257226563774353,51.79817471920675,129.12544213235378,1.0,8.803536713731948,0.04776141646822797,0.5927085466020475,10
35,corridor|fm|K2,corridor,fm,2,test,corridor_bounds+dynamics+geo_bounds+halfspace+obstacles,dpcc-c,False,proj_valid,0.7,0.7,0.0,0.0,0.0,0.7,0.7,5.551467362001411,58.0,432.26937768185144,311.1,274.7142857142857,0.06905540128298111,69.05540128298111,17.257226563774353,51.79817471920675,129.12544213235378,1.0,8.803536713731948,0.04776141646822797,0.5927085466020475,10
35,corridor|fm|K2,corridor,fm,2,test,corridor_bounds+dynamics+geo_bounds+halfspace+obstacles,dpcc-c-tightened,True,all,0.2,0.3,0.0,0.0,0.0,0.3,0.5,3.2723040509245833,106.8,148.4572683676919,327.0,258.0,0.10023346077855295,100.23346077855294,17.32051882452817,82.91294195402477,195.62143101356924,1.0,15.11773104124416,0.1440992173033953,0.4945086683197565,10
35,corridor|fm|K2,corridor,fm,2,test,corridor_bounds+dynamics+geo_bounds+halfspace+obstacles,dpcc-c-tightened,True,proj_valid,0.2,0.3,0.0,0.0,0.0,0.3,0.5,3.2723040509245833,106.8,148.4572683676919,327.0,258.0,0.10023346077855295,100.23346077855294,17.32051882452817,82.91294195402477,195.62143101356924,1.0,15.11773104124416,0.1440992173033953,0.4945086683197565,10
35,corridor|fm|K2,corridor,fm,2,test,corridor_bounds+dynamics+geo_bounds+halfspace+obstacles,dpcc-t,False,all,0.5,0.7,0.0,0.0,0.0,0.7,0.6,8.041006117190422,64.5,673.9364717058909,322.7,273.8333333333333,0.07888893818242944,78.88893818242943,17.42241496242689,61.46652322000254,129.56475612707436,1.0,7.757933441160107,0.009335904878789512,0.6653316234441183,10
35,corridor|fm|K2,corridor,fm,2,test,corridor_bounds+dynamics+geo_bounds+halfspace+obstacles,dpcc-t,False,proj_valid,0.5,0.7,0.0,0.0,0.0,0.7,0.6,8.041006117190422,64.5,673.9364717058909,322.7,273.8333333333333,0.07888893818242944,78.88893818242943,17.42241496242689,61.46652322000254,129.56475612707436,1.0,7.757933441160107,0.009335904878789512,0.6653316234441183,10
35,corridor|fm|K2,corridor,fm,2,test,corridor_bounds+dynamics+geo_bounds+halfspace+obstacles,dpcc-t-tightened,True,all,0.5,0.5,0.0,0.0,0.0,0.5,0.5,2.8648629959554635,143.7,165.68338905713648,330.5,265.0,0.14707930356044957,147.07930356044955,17.33079208635968,129.74851147408987,171.77099232561886,1.0,35.32707227378111,0.1528436370018647,0.5805101112342479,10
35,corridor|fm|K2,corridor,fm,2,test,corridor_bounds+dynamics+geo_bounds+halfspace+obstacles,dpcc-t-tightened,True,proj_valid,0.5,0.5,0.0,0.0,0.0,0.5,0.5,2.8648629959554635,143.7,165.68338905713648,330.5,265.0,0.14707930356044957,147.07930356044955,17.33079208635968,129.74851147408987,171.77099232561886,1.0,35.32707227378111,0.1528436370018647,0.5805101112342479,10
35,corridor|fm|K2,corridor,fm,2,test,corridor_bounds+dynamics+geo_bounds+halfspace+obstacles,hardflow_new,False,all,0.7,0.7,0.1,0.1,0.1,0.7,0.8,1.1326546598000042,43.8,75.12280857936686,299.1,274.875,0.5137900064979505,513.7900064979505,28.475273125992846,485.3147333719576,2204.122875062749,1.0,1.9992718545811445,0.010984195498408972,0.7067073136967094,10
35,corridor|fm|K2,corridor,fm,2,test,corridor_bounds+dynamics+geo_bounds+halfspace+obstacles,hardflow_new,False,proj_valid,0.7,0.7,0.1,0.1,0.1,0.7,0.8,1.1326546598000042,43.8,75.12280857936686,299.1,274.875,0.5137900064979505,513.7900064979505,28.475273125992846,485.3147333719576,2204.122875062749,1.0,1.9992718545811445,0.010984195498408972,0.7067073136967094,10
35,corridor|fm|K2,corridor,fm,2,test,corridor_bounds+dynamics+geo_bounds+halfspace+obstacles,hardflow_new-c,False,all,0.8,0.8,0.0,0.0,0.0,0.8,0.9,0.46939475804684105,30.4,35.84506642819856,287.0,274.8888888888889,0.2967057803984402,296.7057803984402,28.34255544790908,268.3632249505311,713.5652726888657,1.0,1.7630543739949878,0.011175428295410442,0.6478741687512743,10
35,corridor|fm|K2,corridor,fm,2,test,corridor_bounds+dynamics+geo_bounds+halfspace+obstacles,hardflow_new-c,False,proj_valid,0.8,0.8,0.0,0.0,0.0,0.8,0.9,0.46939475804684105,30.4,35.84506642819856,287.0,274.8888888888889,0.2967057803984402,296.7057803984402,28.34255544790908,268.3632249505311,713.5652726888657,1.0,1.7630543739949878,0.011175428295410442,0.6478741687512743,10
35,corridor|fm|K2,corridor,fm,2,test,corridor_bounds+dynamics+geo_bounds+halfspace+obstacles,hardflow_new-t,False,all,0.7,0.7,0.0,0.0,0.0,0.7,0.7,1.7840787662722366,59.9,99.03641026543433,309.0,271.7142857142857,0.6304280617093971,630.4280617093971,28.571742700350292,601.8563190090468,2967.1777980122715,1.0,3.8875658587268482,0.057683078415999386,0.6380651979509505,10
35,corridor|fm|K2,corridor,fm,2,test,corridor_bounds+dynamics+geo_bounds+halfspace+obstacles,hardflow_new-t,False,proj_valid,0.7,0.7,0.0,0.0,0.0,0.7,0.7,1.7840787662722366,59.9,99.03641026543433,309.0,271.7142857142857,0.6304280617093971,630.4280617093971,28.571742700350292,601.8563190090468,2967.1777980122715,1.0,3.8875658587268482,0.057683078415999386,0.6380651979509505,10
35,corridor|fm|K2,corridor,fm,2,test,corridor_bounds+dynamics+geo_bounds+halfspace+obstacles,gradient,False,all,0.0,0.0,0.0,0.0,0.0,0.0,0.0,5.107712175151846,384.1,420.1021593342392,396.0,,0.019185572710697246,19.185572710697247,19.185572710697247,0.0,19.52270711772144,0.00101010101010101,5.897149469352373,0.2574915824915825,0.05222392170864926,10
35,corridor|fm|K2,corridor,fm,2,test,corridor_bounds+dynamics+geo_bounds+halfspace+obstacles,gradient,False,proj_valid,0.0,0.0,0.0,0.0,0.0,0.0,0.0,5.107712175151846,384.1,420.1021593342392,396.0,,0.019185572710697246,19.185572710697247,19.185572710697247,0.0,19.52270711772144,0.00101010101010101,5.897149469352373,0.2574915824915825,0.05222392170864926,10
35,corridor|fm|K2,corridor,fm,2,test,corridor_bounds+dynamics+geo_bounds+halfspace+obstacles,gradient-tightened,True,all,0.0,0.0,0.0,0.0,0.0,0.0,0.0,5.40530949863325,381.5,441.5858355836398,396.0,,0.019212124553612535,19.212124553612536,19.212124553612536,0.0,19.637545384466648,0.0007575757575757577,6.513449874677569,0.157996632996633,0.04044477480681331,10
35,corridor|fm|K2,corridor,fm,2,test,corridor_bounds+dynamics+geo_bounds+halfspace+obstacles,gradient-tightened,True,proj_valid,0.0,0.0,0.0,0.0,0.0,0.0,0.0,5.40530949863325,381.5,441.5858355836398,396.0,,0.019212124553612535,19.212124553612536,19.212124553612536,0.0,19.637545384466648,0.0007575757575757577,6.513449874677569,0.157996632996633,0.04044477480681331,10
35,corridor|fm|K2,corridor,fm,2,test,corridor_bounds+dynamics+geo_bounds+halfspace+obstacles,post_processing,False,all,0.5,0.6,0.1,0.1,0.1,0.7,0.5,7.084290590274364,86.2,667.6191237707516,334.9,273.8,0.07887090399529735,78.87090399529735,17.36524156237406,61.505662432923295,167.59263068437576,1.0,12.013464796636772,0.08539811862121414,0.5716194477547643,10
35,corridor|fm|K2,corridor,fm,2,test,corridor_bounds+dynamics+geo_bounds+halfspace+obstacles,post_processing,False,proj_valid,0.5,0.6,0.1,0.1,0.1,0.7,0.5,7.084290590274364,86.2,667.6191237707516,334.9,273.8,0.07887090399529735,78.87090399529735,17.36524156237406,61.505662432923295,167.59263068437576,1.0,12.013464796636772,0.08539811862121414,0.5716194477547643,10
35,corridor|fm|K2,corridor,fm,2,test,corridor_bounds+dynamics+geo_bounds+halfspace+obstacles,post_processing-tightened,True,all,0.4,0.4,0.0,0.0,0.0,0.4,0.6,2.1408428112230053,125.3,112.87218776701982,313.5,258.5,0.1116836307647345,111.68363076473449,17.34211623979471,94.3415145249398,144.05941728502512,1.0,32.0098049161016,0.12751413995075905,0.561195676149974,10
35,corridor|fm|K2,corridor,fm,2,test,corridor_bounds+dynamics+geo_bounds+halfspace+obstacles,post_processing-tightened,True,proj_valid,0.4,0.4,0.0,0.0,0.0,0.4,0.6,2.1408428112230053,125.3,112.87218776701982,313.5,258.5,0.1116836307647345,111.68363076473449,17.34211623979471,94.3415145249398,144.05941728502512,1.0,32.0098049161016,0.12751413995075905,0.561195676149974,10
35,corridor|fm|K2,corridor,fm,2,test,corridor_bounds+dynamics+geo_bounds+halfspace+obstacles,model_free,False,all,0.0,0.0,0.0,0.0,0.0,0.0,0.0,14.408823075480905,362.2,3567.2126228623274,396.0,,0.07234823720322715,72.34823720322716,17.28398985455208,55.064247348675075,104.4877388048917,0.9702020202020203,152.1444145965731,0.00016835016835016833,0.0706951073593409,10
35,corridor|fm|K2,corridor,fm,2,test,corridor_bounds+dynamics+geo_bounds+halfspace+obstacles,model_free,False,proj_valid,0.0,0.0,0.0,0.0,0.0,0.0,0.0,14.408823075480905,362.2,3567.2126228623274,396.0,,0.07234823720322715,72.34823720322716,17.28398985455208,55.064247348675075,104.4877388048917,0.9702020202020203,152.1444145965731,0.00016835016835016833,0.0706951073593409,10
35,corridor|fm|K2,corridor,fm,2,test,corridor_bounds+dynamics+geo_bounds+halfspace+obstacles,model_free-tightened,True,all,0.0,0.0,0.0,0.0,0.0,0.0,0.0,15.97403913091936,363.2,5741.007520078976,396.0,,0.07548085239179658,75.48085239179657,17.336685654490886,58.144166737305696,108.50854301825166,0.9744949494949495,146.94548485598992,0.1424242424242424,0.09040837480571311,10
35,corridor|fm|K2,corridor,fm,2,test,corridor_bounds+dynamics+geo_bounds+halfspace+obstacles,model_free-tightened,True,proj_valid,0.0,0.0,0.0,0.0,0.0,0.0,0.0,15.97403913091936,363.2,5741.007520078976,396.0,,0.07548085239179658,75.48085239179657,17.336685654490886,58.144166737305696,108.50854301825166,0.9744949494949495,146.94548485598992,0.1424242424242424,0.09040837480571311,10
35,corridor|fm|K2,corridor,fm,2,test,corridor_bounds+dynamics+geo_bounds+halfspace+obstacles,bounds_free,False,all,0.7,0.7,0.0,0.0,0.0,0.7,0.8,0.4756483248435778,44.6,20.370523718316047,295.8,270.75,0.05350660943273548,53.50660943273549,17.29108071628272,36.215528716452766,95.74945332482457,1.0,7.667273563895961,0.08832046741868835,0.7593623790329784,10
35,corridor|fm|K2,corridor,fm,2,test,corridor_bounds+dynamics+geo_bounds+halfspace+obstacles,bounds_free,False,proj_valid,0.7,0.7,0.0,0.0,0.0,0.7,0.8,0.4756483248435778,44.6,20.370523718316047,295.8,270.75,0.05350660943273548,53.50660943273549,17.29108071628272,36.215528716452766,95.74945332482457,1.0,7.667273563895961,0.08832046741868835,0.7593623790329784,10
35,corridor|fm|K2,corridor,fm,2,test,corridor_bounds+dynamics+geo_bounds+halfspace+obstacles,bounds_free-tightened,True,all,0.5,0.5,0.0,0.0,0.0,0.5,0.5,4.150655124288798,129.2,206.17776001611128,330.6,265.2,0.11153969444198672,111.53969444198674,17.338031170407067,94.20166327157966,136.63123641163108,1.0,26.582254802511624,0.21422041366899275,0.46570946508183136,10
35,corridor|fm|K2,corridor,fm,2,test,corridor_bounds+dynamics+geo_bounds+halfspace+obstacles,bounds_free-tightened,True,proj_valid,0.5,0.5,0.0,0.0,0.0,0.5,0.5,4.150655124288798,129.2,206.17776001611128,330.6,265.2,0.11153969444198672,111.53969444198674,17.338031170407067,94.20166327157966,136.63123641163108,1.0,26.582254802511624,0.21422041366899275,0.46570946508183136,10
35,corridor|fm|K2,corridor,fm,2,test,corridor_bounds+dynamics+geo_bounds+halfspace+obstacles,geo_free,False,all,0.0,0.0,0.0,0.0,0.0,0.0,0.0,6.133070145013887,290.7,387.20909324509194,396.0,,0.03559379877494366,35.593798774943664,17.347777620748136,18.24602115419552,50.99489474669099,0.09924242424242424,10.799269153957566,0.46641414141414145,0.2666782580512611,10
35,corridor|fm|K2,corridor,fm,2,test,corridor_bounds+dynamics+geo_bounds+halfspace+obstacles,geo_free,False,proj_valid,0.0,0.0,0.0,0.0,0.0,0.0,0.0,6.133070145013887,290.7,387.20909324509194,396.0,,0.03559379877494366,35.593798774943664,17.347777620748136,18.24602115419552,50.99489474669099,0.09924242424242424,10.799269153957566,0.46641414141414145,0.2666782580512611,10
35,corridor|fm|K2,corridor,fm,2,test,corridor_bounds+dynamics+geo_bounds+halfspace+obstacles,geo_free-bounds_free,False,all,0.0,0.1,0.0,0.0,0.0,0.1,0.0,3.1626067981152572,291.4,301.54594520378333,396.0,,0.03460725167239405,34.60725167239404,17.331392714998337,17.27585895739571,50.87110148742795,0.14419191919191918,13.25550338754903,0.4446127946127946,0.25273130047584147,10
35,corridor|fm|K2,corridor,fm,2,test,corridor_bounds+dynamics+geo_bounds+halfspace+obstacles,geo_free-bounds_free,False,proj_valid,0.0,0.1,0.0,0.0,0.0,0.1,0.0,3.1626067981152572,291.4,301.54594520378333,396.0,,0.03460725167239405,34.60725167239404,17.331392714998337,17.27585895739571,50.87110148742795,0.14419191919191918,13.25550338754903,0.4446127946127946,0.25273130047584147,10
35,corridor|fm|K2,corridor,fm,2,test,corridor_bounds+dynamics+geo_bounds+halfspace+obstacles,geo_free-model_free,False,all,0.0,0.1,0.0,0.0,0.0,0.1,0.0,20.910621256642408,360.1,7111.337026660748,396.0,,0.027456889054596877,27.45688905459688,17.366801131272105,10.09008792332477,28.94715811125934,0.023737373737373738,138.9512104105756,0.0701178451178451,0.14574821208125405,10
35,corridor|fm|K2,corridor,fm,2,test,corridor_bounds+dynamics+geo_bounds+halfspace+obstacles,geo_free-model_free,False,proj_valid,0.0,0.1,0.0,0.0,0.0,0.1,0.0,20.910621256642408,360.1,7111.337026660748,396.0,,0.027456889054596877,27.45688905459688,17.366801131272105,10.09008792332477,28.94715811125934,0.023737373737373738,138.9512104105756,0.0701178451178451,0.14574821208125405,10
35,corridor|fm|K2,corridor,fm,2,test,corridor_bounds+dynamics+geo_bounds+halfspace+obstacles,model_free-bounds_free,False,all,0.0,0.0,0.0,0.0,0.0,0.0,0.0,10.352219003991548,359.8,3449.697575705006,396.0,,0.06035190631089864,60.35190631089864,17.332746808163144,43.01915950273549,84.7816766705364,0.961111111111111,164.1875789797747,0.0707070707070707,-0.3091971396765426,10
35,corridor|fm|K2,corridor,fm,2,test,corridor_bounds+dynamics+geo_bounds+halfspace+obstacles,model_free-bounds_free,False,proj_valid,0.0,0.0,0.0,0.0,0.0,0.0,0.0,10.352219003991548,359.8,3449.697575705006,396.0,,0.06035190631089864,60.35190631089864,17.332746808163144,43.01915950273549,84.7816766705364,0.961111111111111,164.1875789797747,0.0707070707070707,-0.3091971396765426,10
35,corridor|fm|K2,corridor,fm,2,test,corridor_bounds+dynamics+geo_bounds+halfspace+obstacles,model_free-bounds_free-tightened,True,all,0.0,0.1,0.0,0.0,0.0,0.1,0.0,24.78124742462036,361.9,6679.018971711844,396.0,,0.06410600957507737,64.10600957507738,17.34129016739175,46.76471940768563,91.27892507240176,0.9744949494949495,147.10634470372287,0.0006734006734006733,0.13445466696175273,10
35,corridor|fm|K2,corridor,fm,2,test,corridor_bounds+dynamics+geo_bounds+halfspace+obstacles,model_free-bounds_free-tightened,True,proj_valid,0.0,0.1,0.0,0.0,0.0,0.1,0.0,24.78124742462036,361.9,6679.018971711844,396.0,,0.06410600957507737,64.10600957507738,17.34129016739175,46.76471940768563,91.27892507240176,0.9744949494949495,147.10634470372287,0.0006734006734006733,0.13445466696175273,10
36,corridor|fm|K5,corridor,fm,5,test,corridor_bounds+dynamics+geo_bounds+halfspace+obstacles,diffuser,False,all,0.9,0.9,0.0,0.0,0.0,0.9,0.9,0.3635593804900431,124.6,31.448330880974414,324.7,316.77777777777777,0.04407695954743632,44.07695954743632,44.07695954743632,0.0,44.04382728040218,1.0,1.171877578322468,0.001520026154189655,0.3546385767509301,10
36,corridor|fm|K5,corridor,fm,5,test,corridor_bounds+dynamics+geo_bounds+halfspace+obstacles,diffuser,False,proj_valid,0.9,0.9,0.0,0.0,0.0,0.9,0.9,0.3635593804900431,124.6,31.448330880974414,324.7,316.77777777777777,0.04407695954743632,44.07695954743632,44.07695954743632,0.0,44.04382728040218,1.0,1.171877578322468,0.001520026154189655,0.3546385767509301,10
36,corridor|fm|K5,corridor,fm,5,test,corridor_bounds+dynamics+geo_bounds+halfspace+obstacles,dpcc-r,False,all,1.0,1.0,0.9,0.9,0.9,1.0,1.0,0.2932399676898224,0.6,0.0009035724997520367,267.6,267.6,0.1646587950126789,164.65879501267892,43.650225706292574,121.00856930638633,226.13413442857563,1.0,0.5193932053678745,0.0,1.0636889307165436,10
36,corridor|fm|K5,corridor,fm,5,test,corridor_bounds+dynamics+geo_bounds+halfspace+obstacles,dpcc-r,False,proj_valid,1.0,1.0,0.9,0.9,0.9,1.0,1.0,0.2932399676898224,0.6,0.0009035724997520367,267.6,267.6,0.1646587950126789,164.65879501267892,43.650225706292574,121.00856930638633,226.13413442857563,1.0,0.5193932053678745,0.0,1.0636889307165436,10
36,corridor|fm|K5,corridor,fm,5,test,corridor_bounds+dynamics+geo_bounds+halfspace+obstacles,dpcc-r-tightened,True,all,0.8,0.8,0.3,0.3,0.3,0.8,0.8,0.6325809149986832,43.9,19.944077286137098,288.7,261.875,0.2804773603281282,280.4773603281282,43.68690699643335,236.7904533316949,782.5712619628757,1.0,6.062670535480408,0.05570551167439528,0.792373284730427,10
36,corridor|fm|K5,corridor,fm,5,test,corridor_bounds+dynamics+geo_bounds+halfspace+obstacles,dpcc-r-tightened,True,proj_valid,0.8,0.8,0.3,0.3,0.3,0.8,0.8,0.6325809149986832,43.9,19.944077286137098,288.7,261.875,0.2804773603281282,280.4773603281282,43.68690699643335,236.7904533316949,782.5712619628757,1.0,6.062670535480408,0.05570551167439528,0.792373284730427,10
36,corridor|fm|K5,corridor,fm,5,test,corridor_bounds+dynamics+geo_bounds+halfspace+obstacles,dpcc-c,False,all,1.0,1.0,0.9,0.9,0.9,1.0,1.0,0.28992673815753717,0.9,0.0012462859749793886,270.3,270.3,0.16695739052016154,166.95739052016154,43.7142745283483,123.24311599181326,230.39278524927795,1.0,0.5164198954452086,0.0,1.0532552602928795,10
36,corridor|fm|K5,corridor,fm,5,test,corridor_bounds+dynamics+geo_bounds+halfspace+obstacles,dpcc-c,False,proj_valid,1.0,1.0,0.9,0.9,0.9,1.0,1.0,0.28992673815753717,0.9,0.0012462859749793886,270.3,270.3,0.16695739052016154,166.95739052016154,43.7142745283483,123.24311599181326,230.39278524927795,1.0,0.5164198954452086,0.0,1.0532552602928795,10
36,corridor|fm|K5,corridor,fm,5,test,corridor_bounds+dynamics+geo_bounds+halfspace+obstacles,dpcc-c-tightened,True,all,0.6,0.6,0.3,0.3,0.3,0.6,0.7,6.7124614920630705,73.3,368.65001133557746,304.1,264.7142857142857,0.26489894600013303,264.89894600013304,43.70160167735941,221.1973443227736,364.6891592442989,1.0,17.38064419100228,0.1061024484873585,0.6871605594120579,10
36,corridor|fm|K5,corridor,fm,5,test,corridor_bounds+dynamics+geo_bounds+halfspace+obstacles,dpcc-c-tightened,True,proj_valid,0.6,0.6,0.3,0.3,0.3,0.6,0.7,6.7124614920630705,73.3,368.65001133557746,304.1,264.7142857142857,0.26489894600013303,264.89894600013304,43.70160167735941,221.1973443227736,364.6891592442989,1.0,17.38064419100228,0.1061024484873585,0.6871605594120579,10
36,corridor|fm|K5,corridor,fm,5,test,corridor_bounds+dynamics+geo_bounds+halfspace+obstacles,dpcc-t,False,all,1.0,1.0,0.9,0.9,0.9,1.0,1.0,0.29308554528552,0.7,0.001374340474605551,267.3,267.3,0.1638327474051305,163.83274740513053,43.43892674362596,120.39382066150456,224.952500090003,1.0,0.5196583630503586,0.0,1.0623953837550517,10
36,corridor|fm|K5,corridor,fm,5,test,corridor_bounds+dynamics+geo_bounds+halfspace+obstacles,dpcc-t,False,proj_valid,1.0,1.0,0.9,0.9,0.9,1.0,1.0,0.29308554528552,0.7,0.001374340474605551,267.3,267.3,0.1638327474051305,163.83274740513053,43.43892674362596,120.39382066150456,224.952500090003,1.0,0.5196583630503586,0.0,1.0623953837550517,10
36,corridor|fm|K5,corridor,fm,5,test,corridor_bounds+dynamics+geo_bounds+halfspace+obstacles,dpcc-t-tightened,True,all,0.7,0.7,0.3,0.3,0.3,0.7,0.7,3.108184817234206,65.5,192.52338631248136,300.5,259.57142857142856,0.2806986145389727,280.6986145389727,43.655610004637445,237.04300453433524,334.5857080910355,1.0,10.641059541409037,0.05818165823967849,0.7137657291729381,10
36,corridor|fm|K5,corridor,fm,5,test,corridor_bounds+dynamics+geo_bounds+halfspace+obstacles,dpcc-t-tightened,True,proj_valid,0.7,0.7,0.3,0.3,0.3,0.7,0.7,3.108184817234206,65.5,192.52338631248136,300.5,259.57142857142856,0.2806986145389727,280.6986145389727,43.655610004637445,237.04300453433524,334.5857080910355,1.0,10.641059541409037,0.05818165823967849,0.7137657291729381,10
36,corridor|fm|K5,corridor,fm,5,test,corridor_bounds+dynamics+geo_bounds+halfspace+obstacles,hardflow_new,False,all,1.0,1.0,1.0,1.0,1.0,1.0,1.0,0.29286949595107387,0.0,0.0,275.5,275.5,0.47465604860451605,474.65604860451606,75.49196108416069,399.16408752035534,671.7486774921417,1.0,0.5067461678890532,0.0,1.0614875579016907,10
36,corridor|fm|K5,corridor,fm,5,test,corridor_bounds+dynamics+geo_bounds+halfspace+obstacles,hardflow_new,False,proj_valid,1.0,1.0,1.0,1.0,1.0,1.0,1.0,0.29286949595107387,0.0,0.0,275.5,275.5,0.47465604860451605,474.65604860451606,75.49196108416069,399.16408752035534,671.7486774921417,1.0,0.5067461678890532,0.0,1.0614875579016907,10
36,corridor|fm|K5,corridor,fm,5,test,corridor_bounds+dynamics+geo_bounds+halfspace+obstacles,hardflow_new-c,False,all,1.0,1.0,1.0,1.0,1.0,1.0,1.0,0.2942881003913951,0.0,0.0,275.8,275.8,0.49287909694556264,492.87909694556265,75.4874061378313,417.39169080773127,676.9241012446582,1.0,0.5043482096943701,0.0,1.0449857659755302,10
36,corridor|fm|K5,corridor,fm,5,test,corridor_bounds+dynamics+geo_bounds+halfspace+obstacles,hardflow_new-c,False,proj_valid,1.0,1.0,1.0,1.0,1.0,1.0,1.0,0.2942881003913951,0.0,0.0,275.8,275.8,0.49287909694556264,492.87909694556265,75.4874061378313,417.39169080773127,676.9241012446582,1.0,0.5043482096943701,0.0,1.0449857659755302,10
36,corridor|fm|K5,corridor,fm,5,test,corridor_bounds+dynamics+geo_bounds+halfspace+obstacles,hardflow_new-t,False,all,1.0,1.0,1.0,1.0,1.0,1.0,1.0,0.29303130362968854,0.0,0.0,273.6,273.6,0.4775455645653193,477.54556456531935,75.61044703737397,401.93511752794535,664.7705006413162,1.0,0.5074446727051863,0.0,1.0625943561047555,10
36,corridor|fm|K5,corridor,fm,5,test,corridor_bounds+dynamics+geo_bounds+halfspace+obstacles,hardflow_new-t,False,proj_valid,1.0,1.0,1.0,1.0,1.0,1.0,1.0,0.29303130362968854,0.0,0.0,273.6,273.6,0.4775455645653193,477.54556456531935,75.61044703737397,401.93511752794535,664.7705006413162,1.0,0.5074446727051863,0.0,1.0625943561047555,10
36,corridor|fm|K5,corridor,fm,5,test,corridor_bounds+dynamics+geo_bounds+halfspace+obstacles,gradient,False,all,0.0,0.0,0.0,0.0,0.0,0.0,0.0,4.177482279477058,375.8,273.33952528961294,396.0,,0.049042746593065636,49.04274659306564,49.04274659306564,0.0,49.22055872157216,1.0,4.457834188657718,0.5392255892255892,0.019697010664494214,10
36,corridor|fm|K5,corridor,fm,5,test,corridor_bounds+dynamics+geo_bounds+halfspace+obstacles,gradient,False,proj_valid,0.0,0.0,0.0,0.0,0.0,0.0,0.0,4.177482279477058,375.8,273.33952528961294,396.0,,0.049042746593065636,49.04274659306564,49.04274659306564,0.0,49.22055872157216,1.0,4.457834188657718,0.5392255892255892,0.019697010664494214,10
36,corridor|fm|K5,corridor,fm,5,test,corridor_bounds+dynamics+geo_bounds+halfspace+obstacles,gradient-tightened,True,all,0.0,0.0,0.0,0.0,0.0,0.0,0.0,4.109847695875678,373.6,262.99119491916923,396.0,,0.04903147324938515,49.03147324938515,49.03147324938515,0.0,49.187640054151416,1.0,4.45465701395403,0.33989898989898987,0.03159705823771549,10
36,corridor|fm|K5,corridor,fm,5,test,corridor_bounds+dynamics+geo_bounds+halfspace+obstacles,gradient-tightened,True,proj_valid,0.0,0.0,0.0,0.0,0.0,0.0,0.0,4.109847695875678,373.6,262.99119491916923,396.0,,0.04903147324938515,49.03147324938515,49.03147324938515,0.0,49.187640054151416,1.0,4.45465701395403,0.33989898989898987,0.03159705823771549,10
36,corridor|fm|K5,corridor,fm,5,test,corridor_bounds+dynamics+geo_bounds+halfspace+obstacles,post_processing,False,all,1.0,1.0,0.8,0.8,0.8,1.0,1.0,0.2938067810926694,1.8,0.0035835455656051396,271.1,271.1,0.07072182362454563,70.72182362454564,43.52605141364599,27.195772210899634,100.43670441955328,1.0,0.5283621385208112,0.0002583979328165375,1.0082258390674832,10
36,corridor|fm|K5,corridor,fm,5,test,corridor_bounds+dynamics+geo_bounds+halfspace+obstacles,post_processing,False,proj_valid,1.0,1.0,0.8,0.8,0.8,1.0,1.0,0.2938067810926694,1.8,0.0035835455656051396,271.1,271.1,0.07072182362454563,70.72182362454564,43.52605141364599,27.195772210899634,100.43670441955328,1.0,0.5283621385208112,0.0002583979328165375,1.0082258390674832,10
36,corridor|fm|K5,corridor,fm,5,test,corridor_bounds+dynamics+geo_bounds+halfspace+obstacles,post_processing-tightened,True,all,0.5,0.5,0.3,0.3,0.3,0.5,0.6,1.515724171975815,105.0,55.29394267039447,319.1,267.8333333333333,0.1533711888340114,153.3711888340114,43.48857938922509,109.88260944478631,177.51108596101403,1.0,23.34340256110833,0.1369366029023905,-0.49763290295924334,10
36,corridor|fm|K5,corridor,fm,5,test,corridor_bounds+dynamics+geo_bounds+halfspace+obstacles,post_processing-tightened,True,proj_valid,0.5,0.5,0.3,0.3,0.3,0.5,0.6,1.515724171975815,105.0,55.29394267039447,319.1,267.8333333333333,0.1533711888340114,153.3711888340114,43.48857938922509,109.88260944478631,177.51108596101403,1.0,23.34340256110833,0.1369366029023905,-0.49763290295924334,10
36,corridor|fm|K5,corridor,fm,5,test,corridor_bounds+dynamics+geo_bounds+halfspace+obstacles,model_free,False,all,0.0,0.0,0.0,0.0,0.0,0.0,0.0,5.387681108018143,338.1,449.0778954759714,396.0,,0.12308336366673536,123.08336366673537,43.668656476839175,79.41470718989619,165.3372340835631,1.0,153.64401786038982,0.06885521885521886,0.09922578666169582,10
36,corridor|fm|K5,corridor,fm,5,test,corridor_bounds+dynamics+geo_bounds+halfspace+obstacles,model_free,False,proj_valid,0.0,0.0,0.0,0.0,0.0,0.0,0.0,5.387681108018143,338.1,449.0778954759714,396.0,,0.12308336366673536,123.08336366673537,43.668656476839175,79.41470718989619,165.3372340835631,1.0,153.64401786038982,0.06885521885521886,0.09922578666169582,10
36,corridor|fm|K5,corridor,fm,5,test,corridor_bounds+dynamics+geo_bounds+halfspace+obstacles,model_free-tightened,True,all,0.0,0.0,0.0,0.0,0.0,0.0,0.0,5.037140094973671,330.6,363.55061501336655,396.0,,0.12362133694361106,123.62133694361106,43.68123638189652,79.94010056171453,167.65804332681,1.0,149.0521544880572,0.1856060606060606,0.12058348362042934,10
36,corridor|fm|K5,corridor,fm,5,test,corridor_bounds+dynamics+geo_bounds+halfspace+obstacles,model_free-tightened,True,proj_valid,0.0,0.0,0.0,0.0,0.0,0.0,0.0,5.037140094973671,330.6,363.55061501336655,396.0,,0.12362133694361106,123.62133694361106,43.68123638189652,79.94010056171453,167.65804332681,1.0,149.0521544880572,0.1856060606060606,0.12058348362042934,10
36,corridor|fm|K5,corridor,fm,5,test,corridor_bounds+dynamics+geo_bounds+halfspace+obstacles,bounds_free,False,all,1.0,1.0,0.9,0.9,0.9,1.0,1.0,0.2943857107277678,0.2,0.0003185422420501682,268.3,268.3,0.1455133794997246,145.5133794997246,43.63741256553978,101.8759669341848,196.4013705495745,1.0,0.5213966992823226,0.0005089058524173028,1.056222669013931,10
36,corridor|fm|K5,corridor,fm,5,test,corridor_bounds+dynamics+geo_bounds+halfspace+obstacles,bounds_free,False,proj_valid,1.0,1.0,0.9,0.9,0.9,1.0,1.0,0.2943857107277678,0.2,0.0003185422420501682,268.3,268.3,0.1455133794997246,145.5133794997246,43.63741256553978,101.8759669341848,196.4013705495745,1.0,0.5213966992823226,0.0005089058524173028,1.056222669013931,10
36,corridor|fm|K5,corridor,fm,5,test,corridor_bounds+dynamics+geo_bounds+halfspace+obstacles,bounds_free-tightened,True,all,0.4,0.4,0.3,0.3,0.3,0.4,0.5,1.672818689339295,116.9,70.04835590193595,330.8,265.6,0.26121243467930566,261.21243467930566,43.66960720096382,217.54282747834185,341.21922777965665,1.0,28.14363186273166,0.16774628014184095,0.5551805740165509,10
36,corridor|fm|K5,corridor,fm,5,test,corridor_bounds+dynamics+geo_bounds+halfspace+obstacles,bounds_free-tightened,True,proj_valid,0.4,0.4,0.3,0.3,0.3,0.4,0.5,1.672818689339295,116.9,70.04835590193595,330.8,265.6,0.26121243467930566,261.21243467930566,43.66960720096382,217.54282747834185,341.21922777965665,1.0,28.14363186273166,0.16774628014184095,0.5551805740165509,10
36,corridor|fm|K5,corridor,fm,5,test,corridor_bounds+dynamics+geo_bounds+halfspace+obstacles,geo_free,False,all,0.9,0.9,0.2,0.2,0.2,0.9,1.0,0.2924443436763767,53.4,2.197843939602374,267.4,267.4,0.07707534510941436,77.07534510941434,43.68025734034735,33.395087769067,77.35567525029182,1.0,0.5944654576592948,0.011023257131301836,0.7202431514805362,10
36,corridor|fm|K5,corridor,fm,5,test,corridor_bounds+dynamics+geo_bounds+halfspace+obstacles,geo_free,False,proj_valid,0.9,0.9,0.2,0.2,0.2,0.9,1.0,0.2924443436763767,53.4,2.197843939602374,267.4,267.4,0.07707534510941436,77.07534510941434,43.68025734034735,33.395087769067,77.35567525029182,1.0,0.5944654576592948,0.011023257131301836,0.7202431514805362,10
36,corridor|fm|K5,corridor,fm,5,test,corridor_bounds+dynamics+geo_bounds+halfspace+obstacles,geo_free-bounds_free,False,all,0.8,0.9,0.1,0.1,0.1,0.9,0.9,0.3094628764299494,62.5,3.630593370132284,281.9,269.22222222222223,0.07166087019353488,71.66087019353489,43.559311499120795,28.10155869441409,71.77912368439138,1.0,0.5621125400708472,0.008431738874428671,0.7524265608251384,10
36,corridor|fm|K5,corridor,fm,5,test,corridor_bounds+dynamics+geo_bounds+halfspace+obstacles,geo_free-bounds_free,False,proj_valid,0.8,0.9,0.1,0.1,0.1,0.9,0.9,0.3094628764299494,62.5,3.630593370132284,281.9,269.22222222222223,0.07166087019353488,71.66087019353489,43.559311499120795,28.10155869441409,71.77912368439138,1.0,0.5621125400708472,0.008431738874428671,0.7524265608251384,10
36,corridor|fm|K5,corridor,fm,5,test,corridor_bounds+dynamics+geo_bounds+halfspace+obstacles,geo_free-model_free,False,all,0.0,0.0,0.0,0.0,0.0,0.0,0.0,5.065667486291876,336.2,482.79151559109107,396.0,,0.07112809987221327,71.12809987221327,43.57626934234768,27.551830529865594,76.77621976472437,1.0,150.89190012651233,0.14191919191919194,0.12059165243454298,10
36,corridor|fm|K5,corridor,fm,5,test,corridor_bounds+dynamics+geo_bounds+halfspace+obstacles,geo_free-model_free,False,proj_valid,0.0,0.0,0.0,0.0,0.0,0.0,0.0,5.065667486291876,336.2,482.79151559109107,396.0,,0.07112809987221327,71.12809987221327,43.57626934234768,27.551830529865594,76.77621976472437,1.0,150.89190012651233,0.14191919191919194,0.12059165243454298,10
36,corridor|fm|K5,corridor,fm,5,test,corridor_bounds+dynamics+geo_bounds+halfspace+obstacles,model_free-bounds_free,False,all,0.0,0.0,0.0,0.0,0.0,0.0,0.0,8.273352337797668,341.2,1765.6462987053542,396.0,,0.10745956712835139,107.45956712835138,43.711173022165895,63.74839410618549,139.56743464805186,1.0,144.17002594256934,0.26590909090909093,0.1559041043658736,10
36,corridor|fm|K5,corridor,fm,5,test,corridor_bounds+dynamics+geo_bounds+halfspace+obstacles,model_free-bounds_free,False,proj_valid,0.0,0.0,0.0,0.0,0.0,0.0,0.0,8.273352337797668,341.2,1765.6462987053542,396.0,,0.10745956712835139,107.45956712835138,43.711173022165895,63.74839410618549,139.56743464805186,1.0,144.17002594256934,0.26590909090909093,0.1559041043658736,10
36,corridor|fm|K5,corridor,fm,5,test,corridor_bounds+dynamics+geo_bounds+halfspace+obstacles,model_free-bounds_free-tightened,True,all,0.0,0.0,0.0,0.0,0.0,0.0,0.0,5.0075734008582575,340.9,351.2755562800162,396.0,,0.11087507814441741,110.87507814441742,43.69899504770986,67.17608309670756,146.0099139250815,1.0,153.64901172224148,0.1430976430976431,0.14645521772564107,10
36,corridor|fm|K5,corridor,fm,5,test,corridor_bounds+dynamics+geo_bounds+halfspace+obstacles,model_free-bounds_free-tightened,True,proj_valid,0.0,0.0,0.0,0.0,0.0,0.0,0.0,5.0075734008582575,340.9,351.2755562800162,396.0,,0.11087507814441741,110.87507814441742,43.69899504770986,67.17608309670756,146.0099139250815,1.0,153.64901172224148,0.1430976430976431,0.14645521772564107,10
37,corridor|mf|K10|bbunet|dp0.5,corridor,mf,10,test,corridor_bounds+dynamics+geo_bounds+halfspace+obstacles,diffuser,False,all,0.0,0.0,0.0,0.0,0.0,0.0,0.0,29.82622664541658,368.4,9151.880641613032,396.0,,0.0893893106544221,89.3893106544221,89.3893106544221,0.0,91.8398505076766,1.0,98.99385887769806,0.0,0.08414112905352775,10
37,corridor|mf|K10|bbunet|dp0.5,corridor,mf,10,test,corridor_bounds+dynamics+geo_bounds+halfspace+obstacles,diffuser,False,proj_valid,0.0,0.0,0.0,0.0,0.0,0.0,0.0,29.82622664541658,368.4,9151.880641613032,396.0,,0.0893893106544221,89.3893106544221,89.3893106544221,0.0,91.8398505076766,1.0,98.99385887769806,0.0,0.08414112905352775,10
37,corridor|mf|K10|bbunet|dp0.5,corridor,mf,10,test,corridor_bounds+dynamics+geo_bounds+halfspace+obstacles,dpcc-r,False,all,0.9,0.9,0.8,0.8,0.8,0.9,0.9,0.47803078917322034,16.7,16.196883147090517,284.3,271.8888888888889,0.2977063182833301,297.7063182833301,94.36221133980784,203.3441069435223,387.8764599561691,1.0,2.239631065863967,0.006260521885521886,0.9471146575300324,10
37,corridor|mf|K10|bbunet|dp0.5,corridor,mf,10,test,corridor_bounds+dynamics+geo_bounds+halfspace+obstacles,dpcc-r,False,proj_valid,0.9,0.9,0.8,0.8,0.8,0.9,0.9,0.47803078917322034,16.7,16.196883147090517,284.3,271.8888888888889,0.2977063182833301,297.7063182833301,94.36221133980784,203.3441069435223,387.8764599561691,1.0,2.239631065863967,0.006260521885521886,0.9471146575300324,10
37,corridor|mf|K10|bbunet|dp0.5,corridor,mf,10,test,corridor_bounds+dynamics+geo_bounds+halfspace+obstacles,dpcc-r-tightened,True,all,0.4,0.4,0.2,0.2,0.2,0.4,0.5,9.603855483963885,143.2,2212.031989012833,328.2,260.4,0.5117729081119958,511.7729081119959,89.5104839057464,422.2624242062495,656.4260018616915,1.0,26.256986423163188,0.11827559716269394,0.5670216110903296,10
37,corridor|mf|K10|bbunet|dp0.5,corridor,mf,10,test,corridor_bounds+dynamics+geo_bounds+halfspace+obstacles,dpcc-r-tightened,True,proj_valid,0.4,0.4,0.2,0.2,0.2,0.4,0.5,9.603855483963885,143.2,2212.031989012833,328.2,260.4,0.5117729081119958,511.7729081119959,89.5104839057464,422.2624242062495,656.4260018616915,1.0,26.256986423163188,0.11827559716269394,0.5670216110903296,10
37,corridor|mf|K10|bbunet|dp0.5,corridor,mf,10,test,corridor_bounds+dynamics+geo_bounds+halfspace+obstacles,dpcc-c,False,all,0.9,0.9,0.6,0.6,0.6,0.9,0.9,0.78159767123366,40.6,18.57397388586107,290.9,279.22222222222223,0.3394054611641737,339.4054611641737,90.06534992283572,249.34011124133798,398.9673438575119,1.0,9.184414602033032,0.0740520809599757,0.9681683121687664,10
37,corridor|mf|K10|bbunet|dp0.5,corridor,mf,10,test,corridor_bounds+dynamics+geo_bounds+halfspace+obstacles,dpcc-c,False,proj_valid,0.9,0.9,0.6,0.6,0.6,0.9,0.9,0.78159767123366,40.6,18.57397388586107,290.9,279.22222222222223,0.3394054611641737,339.4054611641737,90.06534992283572,249.34011124133798,398.9673438575119,1.0,9.184414602033032,0.0740520809599757,0.9681683121687664,10
37,corridor|mf|K10|bbunet|dp0.5,corridor,mf,10,test,corridor_bounds+dynamics+geo_bounds+halfspace+obstacles,dpcc-c-tightened,True,all,0.6,0.6,0.3,0.3,0.3,0.6,0.6,2.8414878415713742,124.3,574.579174566407,317.8,265.6666666666667,0.48246197104308947,482.4619710430895,89.26442777219913,393.1975432708903,551.743626371026,1.0,28.747086299771297,0.044792161496675954,0.6433141575602446,10
37,corridor|mf|K10|bbunet|dp0.5,corridor,mf,10,test,corridor_bounds+dynamics+geo_bounds+halfspace+obstacles,dpcc-c-tightened,True,proj_valid,0.6,0.6,0.3,0.3,0.3,0.6,0.6,2.8414878415713742,124.3,574.579174566407,317.8,265.6666666666667,0.48246197104308947,482.4619710430895,89.26442777219913,393.1975432708903,551.743626371026,1.0,28.747086299771297,0.044792161496675954,0.6433141575602446,10
37,corridor|mf|K10|bbunet|dp0.5,corridor,mf,10,test,corridor_bounds+dynamics+geo_bounds+halfspace+obstacles,dpcc-t,False,all,0.9,0.9,0.8,0.8,0.8,0.9,0.9,0.505080184089684,24.0,10.578635328268488,287.0,274.8888888888889,0.29710161001282165,297.10161001282165,89.54871751964471,207.5528924931769,387.82331814058125,1.0,3.7870093304907337,0.04776257195612034,0.9698675483187387,10
37,corridor|mf|K10|bbunet|dp0.5,corridor,mf,10,test,corridor_bounds+dynamics+geo_bounds+halfspace+obstacles,dpcc-t,False,proj_valid,0.9,0.9,0.8,0.8,0.8,0.9,0.9,0.505080184089684,24.0,10.578635328268488,287.0,274.8888888888889,0.29710161001282165,297.10161001282165,89.54871751964471,207.5528924931769,387.82331814058125,1.0,3.7870093304907337,0.04776257195612034,0.9698675483187387,10
37,corridor|mf|K10|bbunet|dp0.5,corridor,mf,10,test,corridor_bounds+dynamics+geo_bounds+halfspace+obstacles,dpcc-t-tightened,True,all,0.4,0.4,0.2,0.2,0.2,0.4,0.4,5.291954271448381,188.3,939.1202276136825,341.0,258.5,0.554071084288275,554.071084288275,90.87306411370547,463.1980201745695,681.6533782333136,1.0,39.56570314621548,0.05435306680169747,0.487991278036285,10
37,corridor|mf|K10|bbunet|dp0.5,corridor,mf,10,test,corridor_bounds+dynamics+geo_bounds+halfspace+obstacles,dpcc-t-tightened,True,proj_valid,0.4,0.4,0.2,0.2,0.2,0.4,0.4,5.291954271448381,188.3,939.1202276136825,341.0,258.5,0.554071084288275,554.071084288275,90.87306411370547,463.1980201745695,681.6533782333136,1.0,39.56570314621548,0.05435306680169747,0.487991278036285,10
37,corridor|mf|K10|bbunet|dp0.5,corridor,mf,10,test,corridor_bounds+dynamics+geo_bounds+halfspace+obstacles,hardflow_new,False,all,1.0,1.0,1.0,1.0,1.0,1.0,1.0,0.2950135101411174,0.0,0.0,271.2,271.2,0.7798477867338833,779.8477867338834,144.26371525843194,635.5840714754514,1054.8554286919534,1.0,0.533197275615502,0.0,1.0570903913778393,10
37,corridor|mf|K10|bbunet|dp0.5,corridor,mf,10,test,corridor_bounds+dynamics+geo_bounds+halfspace+obstacles,hardflow_new,False,proj_valid,1.0,1.0,1.0,1.0,1.0,1.0,1.0,0.2950135101411174,0.0,0.0,271.2,271.2,0.7798477867338833,779.8477867338834,144.26371525843194,635.5840714754514,1054.8554286919534,1.0,0.533197275615502,0.0,1.0570903913778393,10
37,corridor|mf|K10|bbunet|dp0.5,corridor,mf,10,test,corridor_bounds+dynamics+geo_bounds+halfspace+obstacles,hardflow_new-c,False,all,1.0,1.0,1.0,1.0,1.0,1.0,1.0,0.29368208886737923,0.0,0.0,274.2,274.2,0.7723337226296898,772.3337226296898,144.95553012688526,627.3781925028045,1064.901815103367,1.0,0.5204989932171351,0.0,1.056347724974149,10
37,corridor|mf|K10|bbunet|dp0.5,corridor,mf,10,test,corridor_bounds+dynamics+geo_bounds+halfspace+obstacles,hardflow_new-c,False,proj_valid,1.0,1.0,1.0,1.0,1.0,1.0,1.0,0.29368208886737923,0.0,0.0,274.2,274.2,0.7723337226296898,772.3337226296898,144.95553012688526,627.3781925028045,1064.901815103367,1.0,0.5204989932171351,0.0,1.056347724974149,10
37,corridor|mf|K10|bbunet|dp0.5,corridor,mf,10,test,corridor_bounds+dynamics+geo_bounds+halfspace+obstacles,hardflow_new-t,False,all,1.0,1.0,0.9,0.9,0.9,1.0,1.0,0.2927042248721382,1.1,0.00964408135414122,268.6,268.6,0.7832580041226069,783.2580041226071,145.37372667409767,637.8842774485095,1077.6390607096255,1.0,0.5363912070662963,0.0,1.0546219315140135,10
37,corridor|mf|K10|bbunet|dp0.5,corridor,mf,10,test,corridor_bounds+dynamics+geo_bounds+halfspace+obstacles,hardflow_new-t,False,proj_valid,1.0,1.0,0.9,0.9,0.9,1.0,1.0,0.2927042248721382,1.1,0.00964408135414122,268.6,268.6,0.7832580041226069,783.2580041226071,145.37372667409767,637.8842774485095,1077.6390607096255,1.0,0.5363912070662963,0.0,1.0546219315140135,10
37,corridor|mf|K10|bbunet|dp0.5,corridor,mf,10,test,corridor_bounds+dynamics+geo_bounds+halfspace+obstacles,gradient,False,all,0.0,0.0,0.0,0.0,0.0,0.0,0.0,4.782562214846875,371.7,372.9853456962145,396.0,,0.09845235128087378,98.45235128087377,89.1932575728255,9.259093708048265,99.68908340670168,1.0,5.517241852430593,0.5271043771043771,0.0663717326128377,10
37,corridor|mf|K10|bbunet|dp0.5,corridor,mf,10,test,corridor_bounds+dynamics+geo_bounds+halfspace+obstacles,gradient,False,proj_valid,0.0,0.0,0.0,0.0,0.0,0.0,0.0,4.782562214846875,371.7,372.9853456962145,396.0,,0.09845235128087378,98.45235128087377,89.1932575728255,9.259093708048265,99.68908340670168,1.0,5.517241852430593,0.5271043771043771,0.0663717326128377,10
37,corridor|mf|K10|bbunet|dp0.5,corridor,mf,10,test,corridor_bounds+dynamics+geo_bounds+halfspace+obstacles,gradient-tightened,True,all,0.0,0.0,0.0,0.0,0.0,0.0,0.0,4.495462733656802,368.4,719.5947105717089,396.0,,0.0981893470581395,98.18934705813952,88.97328544125864,9.216061616880875,100.23569646291435,1.0,6.080526237777119,0.5248316498316499,0.0640742110669235,10
37,corridor|mf|K10|bbunet|dp0.5,corridor,mf,10,test,corridor_bounds+dynamics+geo_bounds+halfspace+obstacles,gradient-tightened,True,proj_valid,0.0,0.0,0.0,0.0,0.0,0.0,0.0,4.495462733656802,368.4,719.5947105717089,396.0,,0.0981893470581395,98.18934705813952,88.97328544125864,9.216061616880875,100.23569646291435,1.0,6.080526237777119,0.5248316498316499,0.0640742110669235,10
37,corridor|mf|K10|bbunet|dp0.5,corridor,mf,10,test,corridor_bounds+dynamics+geo_bounds+halfspace+obstacles,post_processing,False,all,0.2,0.2,0.0,0.0,0.0,0.2,0.2,10.836395622314187,239.4,2316.911477839805,371.9,275.5,0.18719591832547983,187.19591832547982,88.90019365032012,98.2957246751597,271.201995909214,1.0,48.16412853644667,0.25268428012469324,0.39032811706867954,10
37,corridor|mf|K10|bbunet|dp0.5,corridor,mf,10,test,corridor_bounds+dynamics+geo_bounds+halfspace+obstacles,post_processing,False,proj_valid,0.2,0.2,0.0,0.0,0.0,0.2,0.2,10.836395622314187,239.4,2316.911477839805,371.9,275.5,0.18719591832547983,187.19591832547982,88.90019365032012,98.2957246751597,271.201995909214,1.0,48.16412853644667,0.25268428012469324,0.39032811706867954,10
37,corridor|mf|K10|bbunet|dp0.5,corridor,mf,10,test,corridor_bounds+dynamics+geo_bounds+halfspace+obstacles,post_processing-tightened,True,all,0.0,0.0,0.0,0.0,0.0,0.0,0.1,12.751402988775087,304.8,2434.5073228920487,382.3,259.0,0.2039255768402961,203.9255768402961,88.96120622293938,114.9643706173567,283.7487487215549,1.0,68.53111068531662,0.2937008437008437,0.23760461337133085,10
37,corridor|mf|K10|bbunet|dp0.5,corridor,mf,10,test,corridor_bounds+dynamics+geo_bounds+halfspace+obstacles,post_processing-tightened,True,proj_valid,0.0,0.0,0.0,0.0,0.0,0.0,0.1,12.751402988775087,304.8,2434.5073228920487,382.3,259.0,0.2039255768402961,203.9255768402961,88.96120622293938,114.9643706173567,283.7487487215549,1.0,68.53111068531662,0.2937008437008437,0.23760461337133085,10
37,corridor|mf|K10|bbunet|dp0.5,corridor,mf,10,test,corridor_bounds+dynamics+geo_bounds+halfspace+obstacles,model_free,False,all,0.0,0.3,0.0,0.0,0.0,0.3,0.0,39.39829411644507,380.9,9497.449474113211,396.0,,0.261235759037575,261.23575903757506,90.53261123945693,170.7031477981181,316.46076044999063,1.0,87.5336567492229,0.0006734006734006734,0.37524620868888353,10
37,corridor|mf|K10|bbunet|dp0.5,corridor,mf,10,test,corridor_bounds+dynamics+geo_bounds+halfspace+obstacles,model_free,False,proj_valid,0.0,0.3,0.0,0.0,0.0,0.3,0.0,39.39829411644507,380.9,9497.449474113211,396.0,,0.261235759037575,261.23575903757506,90.53261123945693,170.7031477981181,316.46076044999063,1.0,87.5336567492229,0.0006734006734006734,0.37524620868888353,10
37,corridor|mf|K10|bbunet|dp0.5,corridor,mf,10,test,corridor_bounds+dynamics+geo_bounds+halfspace+obstacles,model_free-tightened,True,all,0.0,0.2,0.0,0.0,0.0,0.2,0.0,35.81873818692931,374.0,9728.155302281346,396.0,,0.2614026604234382,261.4026604234382,89.90625681571963,171.49640360771858,316.610015463084,1.0,82.36437926124249,0.14587542087542088,0.3247342335190701,10
37,corridor|mf|K10|bbunet|dp0.5,corridor,mf,10,test,corridor_bounds+dynamics+geo_bounds+halfspace+obstacles,model_free-tightened,True,proj_valid,0.0,0.2,0.0,0.0,0.0,0.2,0.0,35.81873818692931,374.0,9728.155302281346,396.0,,0.2614026604234382,261.4026604234382,89.90625681571963,171.49640360771858,316.610015463084,1.0,82.36437926124249,0.14587542087542088,0.3247342335190701,10
37,corridor|mf|K10|bbunet|dp0.5,corridor,mf,10,test,corridor_bounds+dynamics+geo_bounds+halfspace+obstacles,bounds_free,False,all,0.9,0.9,0.5,0.5,0.5,0.9,0.9,2.8501199683109912,18.0,112.23866402597434,285.1,272.77777777777777,0.258747885319801,258.747885319801,89.66855804188113,169.07932727791984,347.3143013659864,1.0,1.345622063414833,0.004119738785279925,0.9348270053747658,10
37,corridor|mf|K10|bbunet|dp0.5,corridor,mf,10,test,corridor_bounds+dynamics+geo_bounds+halfspace+obstacles,bounds_free,False,proj_valid,0.9,0.9,0.5,0.5,0.5,0.9,0.9,2.8501199683109912,18.0,112.23866402597434,285.1,272.77777777777777,0.258747885319801,258.747885319801,89.66855804188113,169.07932727791984,347.3143013659864,1.0,1.345622063414833,0.004119738785279925,0.9348270053747658,10
37,corridor|mf|K10|bbunet|dp0.5,corridor,mf,10,test,corridor_bounds+dynamics+geo_bounds+halfspace+obstacles,bounds_free-tightened,True,all,0.2,0.2,0.1,0.1,0.1,0.2,0.3,11.618475336430981,187.6,2414.433505500775,354.5,257.6666666666667,0.5602816823929986,560.2816823929985,91.60076712996832,468.6809152630302,670.1068232860416,1.0,31.37332391288866,0.21474214131958758,-6.935672189526542,10
37,corridor|mf|K10|bbunet|dp0.5,corridor,mf,10,test,corridor_bounds+dynamics+geo_bounds+halfspace+obstacles,bounds_free-tightened,True,proj_valid,0.2,0.2,0.1,0.1,0.1,0.2,0.3,11.618475336430981,187.6,2414.433505500775,354.5,257.6666666666667,0.5602816823929986,560.2816823929985,91.60076712996832,468.6809152630302,670.1068232860416,1.0,31.37332391288866,0.21474214131958758,-6.935672189526542,10
37,corridor|mf|K10|bbunet|dp0.5,corridor,mf,10,test,corridor_bounds+dynamics+geo_bounds+halfspace+obstacles,geo_free,False,all,0.9,0.9,0.5,0.5,0.5,0.9,0.9,0.5400260242669018,43.7,14.318110545098758,286.0,273.77777777777777,0.16755561433596483,167.5556143359648,90.14497821610917,77.41063611985564,189.03339471668005,1.0,5.419586984925916,0.06047275731290601,0.9828730005967665,10
37,corridor|mf|K10|bbunet|dp0.5,corridor,mf,10,test,corridor_bounds+dynamics+geo_bounds+halfspace+obstacles,geo_free,False,proj_valid,0.9,0.9,0.5,0.5,0.5,0.9,0.9,0.5400260242669018,43.7,14.318110545098758,286.0,273.77777777777777,0.16755561433596483,167.5556143359648,90.14497821610917,77.41063611985564,189.03339471668005,1.0,5.419586984925916,0.06047275731290601,0.9828730005967665,10
37,corridor|mf|K10|bbunet|dp0.5,corridor,mf,10,test,corridor_bounds+dynamics+geo_bounds+halfspace+obstacles,geo_free-bounds_free,False,all,0.9,0.9,0.5,0.5,0.5,0.9,0.9,0.4892576910288273,37.6,10.308008759736994,288.2,276.22222222222223,0.1522302034596747,152.23020345967467,90.05435127032712,62.17585218934757,171.89028535969555,1.0,4.312716023453184,0.052901192374876595,0.9913062189648608,10
37,corridor|mf|K10|bbunet|dp0.5,corridor,mf,10,test,corridor_bounds+dynamics+geo_bounds+halfspace+obstacles,geo_free-bounds_free,False,proj_valid,0.9,0.9,0.5,0.5,0.5,0.9,0.9,0.4892576910288273,37.6,10.308008759736994,288.2,276.22222222222223,0.1522302034596747,152.23020345967467,90.05435127032712,62.17585218934757,171.89028535969555,1.0,4.312716023453184,0.052901192374876595,0.9913062189648608,10
37,corridor|mf|K10|bbunet|dp0.5,corridor,mf,10,test,corridor_bounds+dynamics+geo_bounds+halfspace+obstacles,geo_free-model_free,False,all,0.0,0.1,0.0,0.0,0.0,0.1,0.0,32.09174601500994,371.1,9814.284063898394,396.0,,0.14427599215296785,144.27599215296783,90.68446272673705,53.59152942623077,151.78161971271038,1.0,99.5171968491143,0.00042087542087542086,0.17805581117882957,10
37,corridor|mf|K10|bbunet|dp0.5,corridor,mf,10,test,corridor_bounds+dynamics+geo_bounds+halfspace+obstacles,geo_free-model_free,False,proj_valid,0.0,0.1,0.0,0.0,0.0,0.1,0.0,32.09174601500994,371.1,9814.284063898394,396.0,,0.14427599215296785,144.27599215296783,90.68446272673705,53.59152942623077,151.78161971271038,1.0,99.5171968491143,0.00042087542087542086,0.17805581117882957,10
37,corridor|mf|K10|bbunet|dp0.5,corridor,mf,10,test,corridor_bounds+dynamics+geo_bounds+halfspace+obstacles,model_free-bounds_free,False,all,0.0,0.1,0.0,0.0,0.0,0.1,0.0,26.541457101128636,378.8,6187.3209819644635,396.0,,0.21750906097439276,217.50906097439278,90.52600121511279,126.98305975928,247.63217866420746,1.0,99.28750769299054,0.006228956228956229,0.181139101055465,10
37,corridor|mf|K10|bbunet|dp0.5,corridor,mf,10,test,corridor_bounds+dynamics+geo_bounds+halfspace+obstacles,model_free-bounds_free,False,proj_valid,0.0,0.1,0.0,0.0,0.0,0.1,0.0,26.541457101128636,378.8,6187.3209819644635,396.0,,0.21750906097439276,217.50906097439278,90.52600121511279,126.98305975928,247.63217866420746,1.0,99.28750769299054,0.006228956228956229,0.181139101055465,10
37,corridor|mf|K10|bbunet|dp0.5,corridor,mf,10,test,corridor_bounds+dynamics+geo_bounds+halfspace+obstacles,model_free-bounds_free-tightened,True,all,0.0,0.0,0.0,0.0,0.0,0.0,0.0,16.26258271519631,378.7,3247.94131324892,396.0,,0.21936255666436724,219.36255666436722,91.33068376851051,128.03187289585668,251.08910272829235,1.0,105.76938470980863,0.07861952861952862,0.10246009144423607,10
37,corridor|mf|K10|bbunet|dp0.5,corridor,mf,10,test,corridor_bounds+dynamics+geo_bounds+halfspace+obstacles,model_free-bounds_free-tightened,True,proj_valid,0.0,0.0,0.0,0.0,0.0,0.0,0.0,16.26258271519631,378.7,3247.94131324892,396.0,,0.21936255666436724,219.36255666436722,91.33068376851051,128.03187289585668,251.08910272829235,1.0,105.76938470980863,0.07861952861952862,0.10246009144423607,10
38,corridor|mf|K1|bbunet|dp0.5,corridor,mf,1,test,corridor_bounds+dynamics+geo_bounds+halfspace+obstacles,diffuser,False,all,0.0,0.0,0.0,0.0,0.0,0.0,0.0,31.50750145867162,379.0,9273.165994655748,396.0,,0.009501528956767435,9.501528956767434,9.501528956767434,0.0,9.440121660009027,0.0002525252525252525,114.24237046628778,0.00042087542087542086,0.08241766698933671,10
38,corridor|mf|K1|bbunet|dp0.5,corridor,mf,1,test,corridor_bounds+dynamics+geo_bounds+halfspace+obstacles,diffuser,False,proj_valid,0.0,0.0,0.0,0.0,0.0,0.0,0.0,31.50750145867162,379.0,9273.165994655748,396.0,,0.009501528956767435,9.501528956767434,9.501528956767434,0.0,9.440121660009027,0.0002525252525252525,114.24237046628778,0.00042087542087542086,0.08241766698933671,10
38,corridor|mf|K1|bbunet|dp0.5,corridor,mf,1,test,corridor_bounds+dynamics+geo_bounds+halfspace+obstacles,dpcc-r,False,all,0.3,0.3,0.0,0.0,0.0,0.3,0.3,12.395130077622863,218.0,2675.6242525210337,357.8,268.6666666666667,0.09050870193178304,90.50870193178302,9.502325069880133,81.00637686190291,171.0859571956098,0.8209487487699306,51.409381702209814,0.1116517756752095,0.4276762902895005,10
38,corridor|mf|K1|bbunet|dp0.5,corridor,mf,1,test,corridor_bounds+dynamics+geo_bounds+halfspace+obstacles,dpcc-r,False,proj_valid,0.3,0.3,0.0,0.0,0.0,0.3,0.3,12.395130077622863,218.0,2675.6242525210337,357.8,268.6666666666667,0.09050870193178304,90.50870193178302,9.502325069880133,81.00637686190291,171.0859571956098,0.8209487487699306,51.409381702209814,0.1116517756752095,0.4276762902895005,10
38,corridor|mf|K1|bbunet|dp0.5,corridor,mf,1,test,corridor_bounds+dynamics+geo_bounds+halfspace+obstacles,dpcc-r-tightened,True,all,0.0,0.0,0.0,0.0,0.0,0.0,0.0,16.784779065177265,347.5,4348.658817855243,396.0,,0.13001159911486085,130.01159911486087,9.508294342650156,120.50330477221068,209.69262304715812,0.9623737373737373,90.16532651228701,0.08114478114478114,0.09885496093862499,10
38,corridor|mf|K1|bbunet|dp0.5,corridor,mf,1,test,corridor_bounds+dynamics+geo_bounds+halfspace+obstacles,dpcc-r-tightened,True,proj_valid,0.0,0.0,0.0,0.0,0.0,0.0,0.0,16.784779065177265,347.5,4348.658817855243,396.0,,0.13001159911486085,130.01159911486087,9.508294342650156,120.50330477221068,209.69262304715812,0.9623737373737373,90.16532651228701,0.08114478114478114,0.09885496093862499,10
38,corridor|mf|K1|bbunet|dp0.5,corridor,mf,1,test,corridor_bounds+dynamics+geo_bounds+halfspace+obstacles,dpcc-c,False,all,0.8,0.8,0.8,0.8,0.8,0.8,0.8,1.0025234632664257,56.8,20.468414120583773,298.9,274.625,0.058872202231223525,58.872202231223525,9.490602937525525,49.381599293698,103.66195960901678,0.6364646163010313,13.497457418573958,0.1292929292929293,0.9268534457681679,10
38,corridor|mf|K1|bbunet|dp0.5,corridor,mf,1,test,corridor_bounds+dynamics+geo_bounds+halfspace+obstacles,dpcc-c,False,proj_valid,0.8,0.8,0.8,0.8,0.8,0.8,0.8,1.0025234632664257,56.8,20.468414120583773,298.9,274.625,0.058872202231223525,58.872202231223525,9.490602937525525,49.381599293698,103.66195960901678,0.6364646163010313,13.497457418573958,0.1292929292929293,0.9268534457681679,10
38,corridor|mf|K1|bbunet|dp0.5,corridor,mf,1,test,corridor_bounds+dynamics+geo_bounds+halfspace+obstacles,dpcc-c-tightened,True,all,0.2,0.2,0.1,0.1,0.1,0.2,0.2,17.72695366684396,261.9,4237.619498294563,371.2,272.0,0.11166260802834324,111.66260802834324,9.509828277377014,102.15277975096623,197.68158124759793,0.8908339757654826,62.50646916173817,0.21091871091871095,0.3595254375382618,10
38,corridor|mf|K1|bbunet|dp0.5,corridor,mf,1,test,corridor_bounds+dynamics+geo_bounds+halfspace+obstacles,dpcc-c-tightened,True,proj_valid,0.2,0.2,0.1,0.1,0.1,0.2,0.2,17.72695366684396,261.9,4237.619498294563,371.2,272.0,0.11166260802834324,111.66260802834324,9.509828277377014,102.15277975096623,197.68158124759793,0.8908339757654826,62.50646916173817,0.21091871091871095,0.3595254375382618,10
38,corridor|mf|K1|bbunet|dp0.5,corridor,mf,1,test,corridor_bounds+dynamics+geo_bounds+halfspace+obstacles,dpcc-t,False,all,0.4,0.4,0.3,0.3,0.3,0.4,0.4,5.9623482868158,163.3,933.4656650741838,343.7,265.25,0.08008027974592886,80.08027974592886,9.508782015434246,70.5714977304946,151.7850351613015,0.7734178320685228,33.60587484192919,0.1534663908157884,0.5391565954202125,10
38,corridor|mf|K1|bbunet|dp0.5,corridor,mf,1,test,corridor_bounds+dynamics+geo_bounds+halfspace+obstacles,dpcc-t,False,proj_valid,0.4,0.4,0.3,0.3,0.3,0.4,0.4,5.9623482868158,163.3,933.4656650741838,343.7,265.25,0.08008027974592886,80.08027974592886,9.508782015434246,70.5714977304946,151.7850351613015,0.7734178320685228,33.60587484192919,0.1534663908157884,0.5391565954202125,10
38,corridor|mf|K1|bbunet|dp0.5,corridor,mf,1,test,corridor_bounds+dynamics+geo_bounds+halfspace+obstacles,dpcc-t-tightened,True,all,0.1,0.1,0.0,0.0,0.0,0.1,0.1,15.15811035226552,309.3,3713.701923196867,382.8,264.0,0.12226227762770248,122.26227762770245,9.534737327126692,112.72754030057577,198.71984876692295,0.930050505050505,82.7561047868749,0.1448232323232323,0.21238675826442915,10
38,corridor|mf|K1|bbunet|dp0.5,corridor,mf,1,test,corridor_bounds+dynamics+geo_bounds+halfspace+obstacles,dpcc-t-tightened,True,proj_valid,0.1,0.1,0.0,0.0,0.0,0.1,0.1,15.15811035226552,309.3,3713.701923196867,382.8,264.0,0.12226227762770248,122.26227762770245,9.534737327126692,112.72754030057577,198.71984876692295,0.930050505050505,82.7561047868749,0.1448232323232323,0.21238675826442915,10
38,corridor|mf|K1|bbunet|dp0.5,corridor,mf,1,test,corridor_bounds+dynamics+geo_bounds+halfspace+obstacles,hardflow_new,False,all,0.2,0.2,0.1,0.1,0.1,0.2,0.2,3.3897647391108388,204.9,298.81217485639417,369.9,265.5,1.6146242002831994,1614.6242002831993,21.60804052311033,1593.0161597600888,4638.849703017622,1.0,32.55396727868669,0.17356341189674523,0.30775384742074174,10
38,corridor|mf|K1|bbunet|dp0.5,corridor,mf,1,test,corridor_bounds+dynamics+geo_bounds+halfspace+obstacles,hardflow_new,False,proj_valid,0.2,0.2,0.1,0.1,0.1,0.2,0.2,3.3897647391108388,204.9,298.81217485639417,369.9,265.5,1.6146242002831994,1614.6242002831993,21.60804052311033,1593.0161597600888,4638.849703017622,1.0,32.55396727868669,0.17356341189674523,0.30775384742074174,10
38,corridor|mf|K1|bbunet|dp0.5,corridor,mf,1,test,corridor_bounds+dynamics+geo_bounds+halfspace+obstacles,hardflow_new-c,False,all,0.6,0.6,0.5,0.5,0.5,0.6,0.6,2.6343697224439233,111.1,233.59323189561664,323.3,274.8333333333333,1.0156769050999124,1015.6769050999125,21.35963713034412,994.3172679695683,4311.592869227752,1.0,9.320303870100267,0.1291496345844172,0.6655449272896703,10
38,corridor|mf|K1|bbunet|dp0.5,corridor,mf,1,test,corridor_bounds+dynamics+geo_bounds+halfspace+obstacles,hardflow_new-c,False,proj_valid,0.6,0.6,0.5,0.5,0.5,0.6,0.6,2.6343697224439233,111.1,233.59323189561664,323.3,274.8333333333333,1.0156769050999124,1015.6769050999125,21.35963713034412,994.3172679695683,4311.592869227752,1.0,9.320303870100267,0.1291496345844172,0.6655449272896703,10
38,corridor|mf|K1|bbunet|dp0.5,corridor,mf,1,test,corridor_bounds+dynamics+geo_bounds+halfspace+obstacles,hardflow_new-t,False,all,0.4,0.4,0.4,0.4,0.4,0.4,0.4,2.3724468880522407,158.3,242.89867620656338,349.7,280.25,1.2164618438268053,1216.4618438268055,21.45200333493414,1195.0098404918713,3651.985117821023,1.0,19.615931922081185,0.19486531986531988,0.5083988709351103,10
38,corridor|mf|K1|bbunet|dp0.5,corridor,mf,1,test,corridor_bounds+dynamics+geo_bounds+halfspace+obstacles,hardflow_new-t,False,proj_valid,0.4,0.4,0.4,0.4,0.4,0.4,0.4,2.3724468880522407,158.3,242.89867620656338,349.7,280.25,1.2164618438268053,1216.4618438268055,21.45200333493414,1195.0098404918713,3651.985117821023,1.0,19.615931922081185,0.19486531986531988,0.5083988709351103,10
38,corridor|mf|K1|bbunet|dp0.5,corridor,mf,1,test,corridor_bounds+dynamics+geo_bounds+halfspace+obstacles,gradient,False,all,0.0,0.0,0.0,0.0,0.0,0.0,0.0,3.4365797879602327,374.1,325.9937499342911,396.0,,0.011267426118931988,11.267426118931988,9.380139244927301,1.8872868740046869,11.332674464210868,0.0002525252525252525,2.3281625280869735,0.41119528619528617,0.01928546442396639,10
38,corridor|mf|K1|bbunet|dp0.5,corridor,mf,1,test,corridor_bounds+dynamics+geo_bounds+halfspace+obstacles,gradient,False,proj_valid,0.0,0.0,0.0,0.0,0.0,0.0,0.0,3.4365797879602327,374.1,325.9937499342911,396.0,,0.011267426118931988,11.267426118931988,9.380139244927301,1.8872868740046869,11.332674464210868,0.0002525252525252525,2.3281625280869735,0.41119528619528617,0.01928546442396639,10
38,corridor|mf|K1|bbunet|dp0.5,corridor,mf,1,test,corridor_bounds+dynamics+geo_bounds+halfspace+obstacles,gradient-tightened,True,all,0.0,0.0,0.0,0.0,0.0,0.0,0.0,3.8077431919599576,369.4,267.93791950175415,396.0,,0.011284349545497787,11.284349545497786,9.39324747846283,1.891102067034955,11.454640934243798,0.0,1.9310818671354493,0.41102693602693596,0.04177663768007747,10
38,corridor|mf|K1|bbunet|dp0.5,corridor,mf,1,test,corridor_bounds+dynamics+geo_bounds+halfspace+obstacles,gradient-tightened,True,proj_valid,0.0,0.0,0.0,0.0,0.0,0.0,0.0,3.8077431919599576,369.4,267.93791950175415,396.0,,0.011284349545497787,11.284349545497786,9.39324747846283,1.891102067034955,11.454640934243798,0.0,1.9310818671354493,0.41102693602693596,0.04177663768007747,10
38,corridor|mf|K1|bbunet|dp0.5,corridor,mf,1,test,corridor_bounds+dynamics+geo_bounds+halfspace+obstacles,post_processing,False,all,0.3,0.3,0.1,0.1,0.1,0.3,0.3,12.21729267023523,187.9,2145.7529483037265,357.8,268.6666666666667,0.09296815882084936,92.96815882084937,9.50934647027759,83.45881235057178,177.13272839784622,0.8053915716833421,38.04076170239842,0.28018540014660914,0.6224581627569238,10
38,corridor|mf|K1|bbunet|dp0.5,corridor,mf,1,test,corridor_bounds+dynamics+geo_bounds+halfspace+obstacles,post_processing,False,proj_valid,0.3,0.3,0.1,0.1,0.1,0.3,0.3,12.21729267023523,187.9,2145.7529483037265,357.8,268.6666666666667,0.09296815882084936,92.96815882084937,9.50934647027759,83.45881235057178,177.13272839784622,0.8053915716833421,38.04076170239842,0.28018540014660914,0.6224581627569238,10
38,corridor|mf|K1|bbunet|dp0.5,corridor,mf,1,test,corridor_bounds+dynamics+geo_bounds+halfspace+obstacles,post_processing-tightened,True,all,0.1,0.1,0.0,0.0,0.0,0.1,0.1,18.79771905695595,293.7,4614.888239822476,381.1,247.0,0.11980819379718606,119.80819379718605,9.518068128092185,110.29012566909387,204.31245451793075,0.9354649736228684,74.21783132579046,0.1444124102018839,0.2998037399888377,10
38,corridor|mf|K1|bbunet|dp0.5,corridor,mf,1,test,corridor_bounds+dynamics+geo_bounds+halfspace+obstacles,post_processing-tightened,True,proj_valid,0.1,0.1,0.0,0.0,0.0,0.1,0.1,18.79771905695595,293.7,4614.888239822476,381.1,247.0,0.11980819379718606,119.80819379718605,9.518068128092185,110.29012566909387,204.31245451793075,0.9354649736228684,74.21783132579046,0.1444124102018839,0.2998037399888377,10
38,corridor|mf|K1|bbunet|dp0.5,corridor,mf,1,test,corridor_bounds+dynamics+geo_bounds+halfspace+obstacles,model_free,False,all,0.0,0.0,0.0,0.0,0.0,0.0,0.0,52.25468525529182,380.6,12386.246654454097,396.0,,0.10737540880265184,107.37540880265185,9.504349028334172,97.87105977431767,135.83580488339067,0.9835858585858587,107.4885257447731,0.0,0.0680535255202462,10
38,corridor|mf|K1|bbunet|dp0.5,corridor,mf,1,test,corridor_bounds+dynamics+geo_bounds+halfspace+obstacles,model_free,False,proj_valid,0.0,0.0,0.0,0.0,0.0,0.0,0.0,52.25468525529182,380.6,12386.246654454097,396.0,,0.10737540880265184,107.37540880265185,9.504349028334172,97.87105977431767,135.83580488339067,0.9835858585858587,107.4885257447731,0.0,0.0680535255202462,10
38,corridor|mf|K1|bbunet|dp0.5,corridor,mf,1,test,corridor_bounds+dynamics+geo_bounds+halfspace+obstacles,model_free-tightened,True,all,0.0,0.0,0.0,0.0,0.0,0.1,0.0,38.718553179215064,380.4,11175.912566120558,396.0,,0.10782848054759506,107.82848054759506,9.511571886450655,98.3169086611444,139.64669941924512,0.9853535353535353,116.30155798566084,0.0,0.08175239787513511,10
38,corridor|mf|K1|bbunet|dp0.5,corridor,mf,1,test,corridor_bounds+dynamics+geo_bounds+halfspace+obstacles,model_free-tightened,True,proj_valid,0.0,0.0,0.0,0.0,0.0,0.1,0.0,38.718553179215064,380.4,11175.912566120558,396.0,,0.10782848054759506,107.82848054759506,9.511571886450655,98.3169086611444,139.64669941924512,0.9853535353535353,116.30155798566084,0.0,0.08175239787513511,10
38,corridor|mf|K1|bbunet|dp0.5,corridor,mf,1,test,corridor_bounds+dynamics+geo_bounds+halfspace+obstacles,bounds_free,False,all,0.2,0.2,0.0,0.0,0.0,0.2,0.2,11.757636713144809,236.0,2622.393972117016,371.9,275.5,0.08911715703665826,89.11715703665827,9.472216829841337,79.64494020681693,159.2605025228113,0.8375481286246496,54.08143949287755,0.1806933002394029,0.3329329338181912,10
38,corridor|mf|K1|bbunet|dp0.5,corridor,mf,1,test,corridor_bounds+dynamics+geo_bounds+halfspace+obstacles,bounds_free,False,proj_valid,0.2,0.2,0.0,0.0,0.0,0.2,0.2,11.757636713144809,236.0,2622.393972117016,371.9,275.5,0.08911715703665826,89.11715703665827,9.472216829841337,79.64494020681693,159.2605025228113,0.8375481286246496,54.08143949287755,0.1806933002394029,0.3329329338181912,10
38,corridor|mf|K1|bbunet|dp0.5,corridor,mf,1,test,corridor_bounds+dynamics+geo_bounds+halfspace+obstacles,bounds_free-tightened,True,all,0.0,0.0,0.0,0.0,0.0,0.0,0.0,26.923860763219515,329.2,6276.357078578314,396.0,,0.10340690986121619,103.40690986121619,9.487224262057229,93.91968559915895,184.84866339713335,0.9404040404040405,79.99186204763399,0.18914141414141414,0.19639018332316063,10
38,corridor|mf|K1|bbunet|dp0.5,corridor,mf,1,test,corridor_bounds+dynamics+geo_bounds+halfspace+obstacles,bounds_free-tightened,True,proj_valid,0.0,0.0,0.0,0.0,0.0,0.0,0.0,26.923860763219515,329.2,6276.357078578314,396.0,,0.10340690986121619,103.40690986121619,9.487224262057229,93.91968559915895,184.84866339713335,0.9404040404040405,79.99186204763399,0.18914141414141414,0.19639018332316063,10
38,corridor|mf|K1|bbunet|dp0.5,corridor,mf,1,test,corridor_bounds+dynamics+geo_bounds+halfspace+obstacles,geo_free,False,all,0.3,0.4,0.1,0.1,0.1,0.4,0.3,1.9646518877888564,190.2,97.65192611551777,360.2,276.6666666666667,0.04318251676507939,43.18251676507939,9.453391800595703,33.72912496448369,79.07353268004954,0.3287878787878788,26.783269162961858,0.28989898989898993,0.5903624588828819,10
38,corridor|mf|K1|bbunet|dp0.5,corridor,mf,1,test,corridor_bounds+dynamics+geo_bounds+halfspace+obstacles,geo_free,False,proj_valid,0.3,0.4,0.1,0.1,0.1,0.4,0.3,1.9646518877888564,190.2,97.65192611551777,360.2,276.6666666666667,0.04318251676507939,43.18251676507939,9.453391800595703,33.72912496448369,79.07353268004954,0.3287878787878788,26.783269162961858,0.28989898989898993,0.5903624588828819,10
38,corridor|mf|K1|bbunet|dp0.5,corridor,mf,1,test,corridor_bounds+dynamics+geo_bounds+halfspace+obstacles,geo_free-bounds_free,False,all,0.1,0.1,0.0,0.0,0.0,0.1,0.1,2.845224732952784,248.9,200.57215153413773,383.9,275.0,0.04738570864325521,47.38570864325521,9.434857970893834,37.950850672361376,88.16852842457592,0.5656565656565656,49.690554021225054,0.40269360269360266,0.4215910379145022,10
38,corridor|mf|K1|bbunet|dp0.5,corridor,mf,1,test,corridor_bounds+dynamics+geo_bounds+halfspace+obstacles,geo_free-bounds_free,False,proj_valid,0.1,0.1,0.0,0.0,0.0,0.1,0.1,2.845224732952784,248.9,200.57215153413773,383.9,275.0,0.04738570864325521,47.38570864325521,9.434857970893834,37.950850672361376,88.16852842457592,0.5656565656565656,49.690554021225054,0.40269360269360266,0.4215910379145022,10
38,corridor|mf|K1|bbunet|dp0.5,corridor,mf,1,test,corridor_bounds+dynamics+geo_bounds+halfspace+obstacles,geo_free-model_free,False,all,0.0,0.0,0.0,0.0,0.0,0.0,0.0,41.270880658939255,380.2,12120.388576109908,396.0,,0.02101406111344319,21.014061113443187,9.424795921553265,11.589265191889924,22.40402353927493,0.00202020202020202,112.75240777195742,0.0,0.07677386072445336,10
38,corridor|mf|K1|bbunet|dp0.5,corridor,mf,1,test,corridor_bounds+dynamics+geo_bounds+halfspace+obstacles,geo_free-model_free,False,proj_valid,0.0,0.0,0.0,0.0,0.0,0.0,0.0,41.270880658939255,380.2,12120.388576109908,396.0,,0.02101406111344319,21.014061113443187,9.424795921553265,11.589265191889924,22.40402353927493,0.00202020202020202,112.75240777195742,0.0,0.07677386072445336,10
38,corridor|mf|K1|bbunet|dp0.5,corridor,mf,1,test,corridor_bounds+dynamics+geo_bounds+halfspace+obstacles,model_free-bounds_free,False,all,0.0,0.0,0.0,0.0,0.0,0.0,0.0,35.094356292580564,380.9,10188.769408290329,396.0,,0.08257846567365859,82.57846567365858,9.458911646571424,73.11955402708716,106.9075983017683,0.98510101010101,122.80649740708789,0.0,-1.0611461727716907,10
38,corridor|mf|K1|bbunet|dp0.5,corridor,mf,1,test,corridor_bounds+dynamics+geo_bounds+halfspace+obstacles,model_free-bounds_free,False,proj_valid,0.0,0.0,0.0,0.0,0.0,0.0,0.0,35.094356292580564,380.9,10188.769408290329,396.0,,0.08257846567365859,82.57846567365858,9.458911646571424,73.11955402708716,106.9075983017683,0.98510101010101,122.80649740708789,0.0,-1.0611461727716907,10
38,corridor|mf|K1|bbunet|dp0.5,corridor,mf,1,test,corridor_bounds+dynamics+geo_bounds+halfspace+obstacles,model_free-bounds_free-tightened,True,all,0.0,0.0,0.0,0.0,0.0,0.0,0.0,44.84497822862649,381.8,13179.182787982727,396.0,,0.08574751210634154,85.74751210634155,9.459695590170798,76.28781651617075,109.86407692544162,0.9863636363636363,113.07771144565159,0.0,0.0833676456497446,10
38,corridor|mf|K1|bbunet|dp0.5,corridor,mf,1,test,corridor_bounds+dynamics+geo_bounds+halfspace+obstacles,model_free-bounds_free-tightened,True,proj_valid,0.0,0.0,0.0,0.0,0.0,0.0,0.0,44.84497822862649,381.8,13179.182787982727,396.0,,0.08574751210634154,85.74751210634155,9.459695590170798,76.28781651617075,109.86407692544162,0.9863636363636363,113.07771144565159,0.0,0.0833676456497446,10
39,corridor|mf|K20|bbunet|dp0.5,corridor,mf,20,test,corridor_bounds+dynamics+geo_bounds+halfspace+obstacles,diffuser,False,all,0.0,0.0,0.0,0.0,0.0,0.0,0.0,30.111488821641018,366.1,8929.044896264622,396.0,,0.18189187807341417,181.89187807341415,181.89187807341415,0.0,187.36242256127298,1.0,94.29140493784898,0.00016835016835016833,0.05643787924327488,10
39,corridor|mf|K20|bbunet|dp0.5,corridor,mf,20,test,corridor_bounds+dynamics+geo_bounds+halfspace+obstacles,diffuser,False,proj_valid,0.0,0.0,0.0,0.0,0.0,0.0,0.0,30.111488821641018,366.1,8929.044896264622,396.0,,0.18189187807341417,181.89187807341415,181.89187807341415,0.0,187.36242256127298,1.0,94.29140493784898,0.00016835016835016833,0.05643787924327488,10
39,corridor|mf|K20|bbunet|dp0.5,corridor,mf,20,test,corridor_bounds+dynamics+geo_bounds+halfspace+obstacles,dpcc-r,False,all,1.0,1.0,0.7,0.7,0.7,1.0,1.0,0.29139474650927305,5.3,0.03543450013571499,274.7,274.7,0.45447868181092577,454.4786818109258,179.07528735560697,275.4033944553188,511.5159416478127,1.0,0.5317601526962592,0.0016468489240228368,1.0495345838148644,10
39,corridor|mf|K20|bbunet|dp0.5,corridor,mf,20,test,corridor_bounds+dynamics+geo_bounds+halfspace+obstacles,dpcc-r,False,proj_valid,1.0,1.0,0.7,0.7,0.7,1.0,1.0,0.29139474650927305,5.3,0.03543450013571499,274.7,274.7,0.45447868181092577,454.4786818109258,179.07528735560697,275.4033944553188,511.5159416478127,1.0,0.5317601526962592,0.0016468489240228368,1.0495345838148644,10
39,corridor|mf|K20|bbunet|dp0.5,corridor,mf,20,test,corridor_bounds+dynamics+geo_bounds+halfspace+obstacles,dpcc-r-tightened,True,all,0.3,0.3,0.1,0.1,0.1,0.3,0.3,5.669820754788748,155.9,386.914458045023,355.0,259.3333333333333,0.8400079660629437,840.0079660629438,179.03027073814403,660.9776953247997,1335.298212049529,1.0,23.499057611898372,0.07921321809947177,0.3806588496890335,10
39,corridor|mf|K20|bbunet|dp0.5,corridor,mf,20,test,corridor_bounds+dynamics+geo_bounds+halfspace+obstacles,dpcc-r-tightened,True,proj_valid,0.3,0.3,0.1,0.1,0.1,0.3,0.3,5.669820754788748,155.9,386.914458045023,355.0,259.3333333333333,0.8400079660629437,840.0079660629438,179.03027073814403,660.9776953247997,1335.298212049529,1.0,23.499057611898372,0.07921321809947177,0.3806588496890335,10
39,corridor|mf|K20|bbunet|dp0.5,corridor,mf,20,test,corridor_bounds+dynamics+geo_bounds+halfspace+obstacles,dpcc-c,False,all,1.0,1.0,0.9,0.9,0.9,1.0,1.0,0.2911516550772397,0.4,0.000552617251873011,274.7,274.7,0.4527861013537938,452.78610135379387,178.9590229319984,273.8270784217954,509.17303640395403,1.0,0.5254868193578554,0.0,1.0619463574407706,10
39,corridor|mf|K20|bbunet|dp0.5,corridor,mf,20,test,corridor_bounds+dynamics+geo_bounds+halfspace+obstacles,dpcc-c,False,proj_valid,1.0,1.0,0.9,0.9,0.9,1.0,1.0,0.2911516550772397,0.4,0.000552617251873011,274.7,274.7,0.4527861013537938,452.78610135379387,178.9590229319984,273.8270784217954,509.17303640395403,1.0,0.5254868193578554,0.0,1.0619463574407706,10
39,corridor|mf|K20|bbunet|dp0.5,corridor,mf,20,test,corridor_bounds+dynamics+geo_bounds+halfspace+obstacles,dpcc-c-tightened,True,all,0.5,0.5,0.4,0.4,0.4,0.5,0.5,13.705199456254263,148.2,3137.326483642815,328.9,261.8,0.9536146715044904,953.6146715044904,178.94840989731864,774.6662616071719,1154.1533780097961,1.0,31.327005662595802,0.002678526559123574,0.561391351828672,10
39,corridor|mf|K20|bbunet|dp0.5,corridor,mf,20,test,corridor_bounds+dynamics+geo_bounds+halfspace+obstacles,dpcc-c-tightened,True,proj_valid,0.5,0.5,0.4,0.4,0.4,0.5,0.5,13.705199456254263,148.2,3137.326483642815,328.9,261.8,0.9536146715044904,953.6146715044904,178.94840989731864,774.6662616071719,1154.1533780097961,1.0,31.327005662595802,0.002678526559123574,0.561391351828672,10
39,corridor|mf|K20|bbunet|dp0.5,corridor,mf,20,test,corridor_bounds+dynamics+geo_bounds+halfspace+obstacles,dpcc-t,False,all,1.0,1.0,0.8,0.8,0.8,1.0,1.0,0.29129359483534484,1.9,0.009661137700080846,275.6,275.6,0.4534732458784482,453.47324587844815,179.09982416287176,274.37342171557634,509.5704509317875,1.0,0.5215318139547835,0.0002564102564102564,1.061994032851898,10
39,corridor|mf|K20|bbunet|dp0.5,corridor,mf,20,test,corridor_bounds+dynamics+geo_bounds+halfspace+obstacles,dpcc-t,False,proj_valid,1.0,1.0,0.8,0.8,0.8,1.0,1.0,0.29129359483534484,1.9,0.009661137700080846,275.6,275.6,0.4534732458784482,453.47324587844815,179.09982416287176,274.37342171557634,509.5704509317875,1.0,0.5215318139547835,0.0002564102564102564,1.061994032851898,10
39,corridor|mf|K20|bbunet|dp0.5,corridor,mf,20,test,corridor_bounds+dynamics+geo_bounds+halfspace+obstacles,dpcc-t-tightened,True,all,1.0,1.0,0.5,0.5,0.5,1.0,1.0,0.28550341566976944,1.0,0.006626591682434069,,,0.45996322675121226,459.9632267512123,178.87167028204627,281.091556469166,525.244609080255,,0.5431548458255794,0.0011614401858304297,1.0650023555440171,2
39,corridor|mf|K20|bbunet|dp0.5,corridor,mf,20,test,corridor_bounds+dynamics+geo_bounds+halfspace+obstacles,dpcc-t-tightened,True,proj_valid,1.0,1.0,0.5,0.5,0.5,1.0,1.0,0.28550341566976944,1.0,0.006626591682434069,,,0.45996322675121226,459.9632267512123,178.87167028204627,281.091556469166,525.244609080255,,0.5431548458255794,0.0011614401858304297,1.0650023555440171,2
39,corridor|mf|K20|bbunet|dp0.5,corridor,mf,20,test,corridor_bounds+dynamics+geo_bounds+halfspace+obstacles,gradient,False,all,0.0,0.1,0.0,0.0,0.0,0.1,0.0,33.45971165706727,385.8,8504.977501654586,396.0,,0.1980383400584223,198.0383400584223,179.49081388339778,18.547526175024533,206.8962181918323,1.0,271.26518256934276,0.0,0.20999081522469068,10
39,corridor|mf|K20|bbunet|dp0.5,corridor,mf,20,test,corridor_bounds+dynamics+geo_bounds+halfspace+obstacles,gradient,False,proj_valid,0.0,0.1,0.0,0.0,0.0,0.1,0.0,33.45971165706727,385.8,8504.977501654586,396.0,,0.1980383400584223,198.0383400584223,179.49081388339778,18.547526175024533,206.8962181918323,1.0,271.26518256934276,0.0,0.20999081522469068,10
39,corridor|mf|K20|bbunet|dp0.5,corridor,mf,20,test,corridor_bounds+dynamics+geo_bounds+halfspace+obstacles,gradient-tightened,True,all,0.0,0.0,0.0,0.0,0.0,0.0,0.0,17.88598387722502,386.5,5518.87347370534,396.0,,0.1985263290363505,198.5263290363505,179.95875137716982,18.56757765918067,207.33522945083678,1.0,271.7973287059922,0.0,0.08186003591594178,10
39,corridor|mf|K20|bbunet|dp0.5,corridor,mf,20,test,corridor_bounds+dynamics+geo_bounds+halfspace+obstacles,gradient-tightened,True,proj_valid,0.0,0.0,0.0,0.0,0.0,0.0,0.0,17.88598387722502,386.5,5518.87347370534,396.0,,0.1985263290363505,198.5263290363505,179.95875137716982,18.56757765918067,207.33522945083678,1.0,271.7973287059922,0.0,0.08186003591594178,10
39,corridor|mf|K20|bbunet|dp0.5,corridor,mf,20,test,corridor_bounds+dynamics+geo_bounds+halfspace+obstacles,post_processing,False,all,0.3,0.3,0.3,0.3,0.3,0.3,0.3,10.180858574960343,200.0,2274.8249912174433,356.5,264.3333333333333,0.2678545503510774,267.8545503510774,177.9200375590971,89.93451279198032,338.538186205551,1.0,41.21493109584743,0.19452861952861952,0.3988379322959382,10
39,corridor|mf|K20|bbunet|dp0.5,corridor,mf,20,test,corridor_bounds+dynamics+geo_bounds+halfspace+obstacles,post_processing,False,proj_valid,0.3,0.3,0.3,0.3,0.3,0.3,0.3,10.180858574960343,200.0,2274.8249912174433,356.5,264.3333333333333,0.2678545503510774,267.8545503510774,177.9200375590971,89.93451279198032,338.538186205551,1.0,41.21493109584743,0.19452861952861952,0.3988379322959382,10
39,corridor|mf|K20|bbunet|dp0.5,corridor,mf,20,test,corridor_bounds+dynamics+geo_bounds+halfspace+obstacles,post_processing-tightened,True,all,0.1,0.1,0.0,0.0,0.0,0.1,0.1,21.02155923395718,290.7,4886.796121713057,387.5,311.0,0.289958913436909,289.95891343690903,178.04009133763,111.91882209927898,370.4480079934001,1.0,58.52484165125052,0.1197278248725194,0.21912325115858872,10
39,corridor|mf|K20|bbunet|dp0.5,corridor,mf,20,test,corridor_bounds+dynamics+geo_bounds+halfspace+obstacles,post_processing-tightened,True,proj_valid,0.1,0.1,0.0,0.0,0.0,0.1,0.1,21.02155923395718,290.7,4886.796121713057,387.5,311.0,0.289958913436909,289.95891343690903,178.04009133763,111.91882209927898,370.4480079934001,1.0,58.52484165125052,0.1197278248725194,0.21912325115858872,10
39,corridor|mf|K20|bbunet|dp0.5,corridor,mf,20,test,corridor_bounds+dynamics+geo_bounds+halfspace+obstacles,model_free,False,all,0.0,0.2,0.0,0.0,0.0,0.2,0.0,23.188377688863035,378.1,4279.774900936785,396.0,,0.42355936921220455,423.5593692122046,178.65424206329868,244.90512714890593,467.6557411905378,1.0,87.58450942079101,0.22196969696969698,0.2934594409499661,10
39,corridor|mf|K20|bbunet|dp0.5,corridor,mf,20,test,corridor_bounds+dynamics+geo_bounds+halfspace+obstacles,model_free,False,proj_valid,0.0,0.2,0.0,0.0,0.0,0.2,0.0,23.188377688863035,378.1,4279.774900936785,396.0,,0.42355936921220455,423.5593692122046,178.65424206329868,244.90512714890593,467.6557411905378,1.0,87.58450942079101,0.22196969696969698,0.2934594409499661,10
39,corridor|mf|K20|bbunet|dp0.5,corridor,mf,20,test,corridor_bounds+dynamics+geo_bounds+halfspace+obstacles,model_free-tightened,True,all,0.0,0.1,0.0,0.0,0.0,0.1,0.0,16.170293889376545,378.6,3163.6707640354643,396.0,,0.4329631867907904,432.9631867907904,178.83683667856863,254.1263501122218,478.4281349275261,1.0,100.312807556857,0.08173400673400674,0.17573483581244906,10
39,corridor|mf|K20|bbunet|dp0.5,corridor,mf,20,test,corridor_bounds+dynamics+geo_bounds+halfspace+obstacles,model_free-tightened,True,proj_valid,0.0,0.1,0.0,0.0,0.0,0.1,0.0,16.170293889376545,378.6,3163.6707640354643,396.0,,0.4329631867907904,432.9631867907904,178.83683667856863,254.1263501122218,478.4281349275261,1.0,100.312807556857,0.08173400673400674,0.17573483581244906,10
39,corridor|mf|K20|bbunet|dp0.5,corridor,mf,20,test,corridor_bounds+dynamics+geo_bounds+halfspace+obstacles,bounds_free,False,all,0.8,0.8,0.6,0.6,0.6,0.8,0.8,0.7139964488667823,46.0,26.070732920577107,298.3,273.875,0.5029801194268357,502.9801194268357,178.87900295459218,324.1011164722435,658.5201791580766,1.0,6.9997126506232075,0.06144781144781145,0.863131574504186,10
39,corridor|mf|K20|bbunet|dp0.5,corridor,mf,20,test,corridor_bounds+dynamics+geo_bounds+halfspace+obstacles,bounds_free,False,proj_valid,0.8,0.8,0.6,0.6,0.6,0.8,0.8,0.7139964488667823,46.0,26.070732920577107,298.3,273.875,0.5029801194268357,502.9801194268357,178.87900295459218,324.1011164722435,658.5201791580766,1.0,6.9997126506232075,0.06144781144781145,0.863131574504186,10
39,corridor|mf|K20|bbunet|dp0.5,corridor,mf,20,test,corridor_bounds+dynamics+geo_bounds+halfspace+obstacles,bounds_free-tightened,True,all,0.7,0.7,0.2,0.2,0.2,0.7,0.8,2.1432596500962573,53.8,411.5882468716735,294.7,269.375,0.6404245743465438,640.4245743465437,178.89940291848495,461.52517142805874,684.503752104938,1.0,8.19110960405367,0.011218210749744122,0.8480701472016285,10
39,corridor|mf|K20|bbunet|dp0.5,corridor,mf,20,test,corridor_bounds+dynamics+geo_bounds+halfspace+obstacles,bounds_free-tightened,True,proj_valid,0.7,0.7,0.2,0.2,0.2,0.7,0.8,2.1432596500962573,53.8,411.5882468716735,294.7,269.375,0.6404245743465438,640.4245743465437,178.89940291848495,461.52517142805874,684.503752104938,1.0,8.19110960405367,0.011218210749744122,0.8480701472016285,10
39,corridor|mf|K20|bbunet|dp0.5,corridor,mf,20,test,corridor_bounds+dynamics+geo_bounds+halfspace+obstacles,geo_free,False,all,0.9,0.9,0.6,0.6,0.6,0.9,0.9,0.48163381057197113,36.4,12.529330163985467,285.8,273.55555555555554,0.32815846883927013,328.15846883927014,178.8894521815935,149.26901665767667,375.1697165891528,1.0,3.8148345365443626,0.04882154882154882,0.9594466084909484,10
39,corridor|mf|K20|bbunet|dp0.5,corridor,mf,20,test,corridor_bounds+dynamics+geo_bounds+halfspace+obstacles,geo_free,False,proj_valid,0.9,0.9,0.6,0.6,0.6,0.9,0.9,0.48163381057197113,36.4,12.529330163985467,285.8,273.55555555555554,0.32815846883927013,328.15846883927014,178.8894521815935,149.26901665767667,375.1697165891528,1.0,3.8148345365443626,0.04882154882154882,0.9594466084909484,10
39,corridor|mf|K20|bbunet|dp0.5,corridor,mf,20,test,corridor_bounds+dynamics+geo_bounds+halfspace+obstacles,geo_free-bounds_free,False,all,0.9,0.9,0.8,0.8,0.8,0.9,0.9,0.5405771095564946,32.9,11.4179463432431,286.3,274.1111111111111,0.3030873496402688,303.0873496402688,178.67054209999864,124.41680754027016,335.59596952050924,1.0,5.009628329058463,0.055892255892255896,0.9860014652488251,10
39,corridor|mf|K20|bbunet|dp0.5,corridor,mf,20,test,corridor_bounds+dynamics+geo_bounds+halfspace+obstacles,geo_free-bounds_free,False,proj_valid,0.9,0.9,0.8,0.8,0.8,0.9,0.9,0.5405771095564946,32.9,11.4179463432431,286.3,274.1111111111111,0.3030873496402688,303.0873496402688,178.67054209999864,124.41680754027016,335.59596952050924,1.0,5.009628329058463,0.055892255892255896,0.9860014652488251,10
39,corridor|mf|K20|bbunet|dp0.5,corridor,mf,20,test,corridor_bounds+dynamics+geo_bounds+halfspace+obstacles,geo_free-model_free,False,all,0.0,0.0,0.0,0.0,0.0,0.0,0.0,40.067925829877815,379.8,11308.831324218452,396.0,,0.2851688940924677,285.16889409246767,179.03229623393278,106.13659785853493,299.739625537768,1.0,93.53720647703838,0.002441077441077441,0.07668454875625809,10
39,corridor|mf|K20|bbunet|dp0.5,corridor,mf,20,test,corridor_bounds+dynamics+geo_bounds+halfspace+obstacles,geo_free-model_free,False,proj_valid,0.0,0.0,0.0,0.0,0.0,0.0,0.0,40.067925829877815,379.8,11308.831324218452,396.0,,0.2851688940924677,285.16889409246767,179.03229623393278,106.13659785853493,299.739625537768,1.0,93.53720647703838,0.002441077441077441,0.07668454875625809,10
39,corridor|mf|K20|bbunet|dp0.5,corridor,mf,20,test,corridor_bounds+dynamics+geo_bounds+halfspace+obstacles,model_free-bounds_free,False,all,0.0,0.0,0.0,0.0,0.0,0.0,0.0,17.10254092144216,378.3,4533.199243432764,396.0,,0.38290282247795,382.90282247795,178.77378585804817,204.1290366199018,414.1257586888969,1.0,105.99946712626188,0.08013468013468014,0.11052704898565827,10
39,corridor|mf|K20|bbunet|dp0.5,corridor,mf,20,test,corridor_bounds+dynamics+geo_bounds+halfspace+obstacles,model_free-bounds_free,False,proj_valid,0.0,0.0,0.0,0.0,0.0,0.0,0.0,17.10254092144216,378.3,4533.199243432764,396.0,,0.38290282247795,382.90282247795,178.77378585804817,204.1290366199018,414.1257586888969,1.0,105.99946712626188,0.08013468013468014,0.11052704898565827,10
39,corridor|mf|K20|bbunet|dp0.5,corridor,mf,20,test,corridor_bounds+dynamics+geo_bounds+halfspace+obstacles,model_free-bounds_free-tightened,True,all,0.0,0.1,0.0,0.0,0.0,0.1,0.0,32.83878800621586,376.4,7011.236661044235,396.0,,0.38174133749979766,381.7413374997976,178.53964350816577,203.20169399163188,415.8742296975106,1.0,86.53254380635863,0.07306397306397307,0.20703305507482656,10
39,corridor|mf|K20|bbunet|dp0.5,corridor,mf,20,test,corridor_bounds+dynamics+geo_bounds+halfspace+obstacles,model_free-bounds_free-tightened,True,proj_valid,0.0,0.1,0.0,0.0,0.0,0.1,0.0,32.83878800621586,376.4,7011.236661044235,396.0,,0.38174133749979766,381.7413374997976,178.53964350816577,203.20169399163188,415.8742296975106,1.0,86.53254380635863,0.07306397306397307,0.20703305507482656,10
40,corridor|mf|K2|bbunet|dp0.5,corridor,mf,2,test,corridor_bounds+dynamics+geo_bounds+halfspace+obstacles,diffuser,False,all,0.0,0.0,0.0,0.0,0.0,0.0,0.0,31.216681371168487,374.4,9603.924143519462,396.0,,0.018180347873236646,18.180347873236645,18.180347873236645,0.0,18.59792466275394,0.0002525252525252525,109.45304836102085,0.0,0.08179160121653228,10
40,corridor|mf|K2|bbunet|dp0.5,corridor,mf,2,test,corridor_bounds+dynamics+geo_bounds+halfspace+obstacles,diffuser,False,proj_valid,0.0,0.0,0.0,0.0,0.0,0.0,0.0,31.216681371168487,374.4,9603.924143519462,396.0,,0.018180347873236646,18.180347873236645,18.180347873236645,0.0,18.59792466275394,0.0002525252525252525,109.45304836102085,0.0,0.08179160121653228,10
40,corridor|mf|K2|bbunet|dp0.5,corridor,mf,2,test,corridor_bounds+dynamics+geo_bounds+halfspace+obstacles,dpcc-r,False,all,0.2,0.2,0.1,0.1,0.1,0.2,0.2,12.661393702063018,250.4,3211.1161059768665,371.0,271.0,0.11158963285100451,111.58963285100451,18.475965129979606,93.1136677210249,191.1535631865263,1.0,59.70210932355758,0.24528619528619527,0.3736304920663096,10
40,corridor|mf|K2|bbunet|dp0.5,corridor,mf,2,test,corridor_bounds+dynamics+geo_bounds+halfspace+obstacles,dpcc-r,False,proj_valid,0.2,0.2,0.1,0.1,0.1,0.2,0.2,12.661393702063018,250.4,3211.1161059768665,371.0,271.0,0.11158963285100451,111.58963285100451,18.475965129979606,93.1136677210249,191.1535631865263,1.0,59.70210932355758,0.24528619528619527,0.3736304920663096,10
40,corridor|mf|K2|bbunet|dp0.5,corridor,mf,2,test,corridor_bounds+dynamics+geo_bounds+halfspace+obstacles,dpcc-r-tightened,True,all,0.0,0.0,0.0,0.0,0.0,0.0,0.0,31.348181313215303,346.8,8152.952727708177,396.0,,0.14576648701631437,145.76648701631436,18.199557888632018,127.56692912768236,228.18646617233753,1.0,89.96388042483511,0.08072390572390573,0.0815663071534638,10
40,corridor|mf|K2|bbunet|dp0.5,corridor,mf,2,test,corridor_bounds+dynamics+geo_bounds+halfspace+obstacles,dpcc-r-tightened,True,proj_valid,0.0,0.0,0.0,0.0,0.0,0.0,0.0,31.348181313215303,346.8,8152.952727708177,396.0,,0.14576648701631437,145.76648701631436,18.199557888632018,127.56692912768236,228.18646617233753,1.0,89.96388042483511,0.08072390572390573,0.0815663071534638,10
40,corridor|mf|K2|bbunet|dp0.5,corridor,mf,2,test,corridor_bounds+dynamics+geo_bounds+halfspace+obstacles,dpcc-c,False,all,0.8,0.8,0.8,0.8,0.8,0.8,0.8,6.992511881519812,71.2,1899.5352394223505,297.3,272.625,0.06480522666798194,64.80522666798194,18.138707610242683,46.66651905773926,108.0823127552867,1.0,19.19600752493401,0.0,0.841062012172741,10
40,corridor|mf|K2|bbunet|dp0.5,corridor,mf,2,test,corridor_bounds+dynamics+geo_bounds+halfspace+obstacles,dpcc-c,False,proj_valid,0.8,0.8,0.8,0.8,0.8,0.8,0.8,6.992511881519812,71.2,1899.5352394223505,297.3,272.625,0.06480522666798194,64.80522666798194,18.138707610242683,46.66651905773926,108.0823127552867,1.0,19.19600752493401,0.0,0.841062012172741,10
40,corridor|mf|K2|bbunet|dp0.5,corridor,mf,2,test,corridor_bounds+dynamics+geo_bounds+halfspace+obstacles,dpcc-c-tightened,True,all,0.5,0.5,0.5,0.5,0.5,0.5,0.5,8.170426275970625,156.6,1290.3959601889678,332.8,269.6,0.0920179792964997,92.0179792964997,18.193518027706325,73.82446126879339,155.88696823455393,1.0,32.51660760431009,0.12247474747474747,0.5637813931741059,10
40,corridor|mf|K2|bbunet|dp0.5,corridor,mf,2,test,corridor_bounds+dynamics+geo_bounds+halfspace+obstacles,dpcc-c-tightened,True,proj_valid,0.5,0.5,0.5,0.5,0.5,0.5,0.5,8.170426275970625,156.6,1290.3959601889678,332.8,269.6,0.0920179792964997,92.0179792964997,18.193518027706325,73.82446126879339,155.88696823455393,1.0,32.51660760431009,0.12247474747474747,0.5637813931741059,10
40,corridor|mf|K2|bbunet|dp0.5,corridor,mf,2,test,corridor_bounds+dynamics+geo_bounds+halfspace+obstacles,dpcc-t,False,all,0.5,0.5,0.2,0.2,0.2,0.5,0.5,12.718841049036977,164.2,3156.9836106250154,335.6,275.2,0.0937962917898256,93.79629178982559,18.296065955627977,75.50022583419761,157.01096180826426,1.0,37.74589456987589,0.044768041902944,0.5791709137403153,10
40,corridor|mf|K2|bbunet|dp0.5,corridor,mf,2,test,corridor_bounds+dynamics+geo_bounds+halfspace+obstacles,dpcc-t,False,proj_valid,0.5,0.5,0.2,0.2,0.2,0.5,0.5,12.718841049036977,164.2,3156.9836106250154,335.6,275.2,0.0937962917898256,93.79629178982559,18.296065955627977,75.50022583419761,157.01096180826426,1.0,37.74589456987589,0.044768041902944,0.5791709137403153,10
40,corridor|mf|K2|bbunet|dp0.5,corridor,mf,2,test,corridor_bounds+dynamics+geo_bounds+halfspace+obstacles,dpcc-t-tightened,True,all,0.1,0.1,0.0,0.0,0.0,0.1,0.1,32.21482846090785,306.2,7163.669002091507,383.9,275.0,0.12341893227328782,123.41893227328782,18.406266064072646,105.01266620921517,212.59043768048286,1.0,71.45337142122447,0.06285521885521886,0.22223008687053675,10
40,corridor|mf|K2|bbunet|dp0.5,corridor,mf,2,test,corridor_bounds+dynamics+geo_bounds+halfspace+obstacles,dpcc-t-tightened,True,proj_valid,0.1,0.1,0.0,0.0,0.0,0.1,0.1,32.21482846090785,306.2,7163.669002091507,383.9,275.0,0.12341893227328782,123.41893227328782,18.406266064072646,105.01266620921517,212.59043768048286,1.0,71.45337142122447,0.06285521885521886,0.22223008687053675,10
40,corridor|mf|K2|bbunet|dp0.5,corridor,mf,2,test,corridor_bounds+dynamics+geo_bounds+halfspace+obstacles,hardflow_new,False,all,0.2,0.2,0.1,0.1,0.1,0.2,0.3,3.716739180706386,203.3,564.4449261705093,356.7,265.0,1.2397352979526928,1239.7352979526927,30.345323227661034,1209.3899747250318,3188.0220545921475,1.0,21.54206617700322,0.30033746174284465,0.3054134248368151,10
40,corridor|mf|K2|bbunet|dp0.5,corridor,mf,2,test,corridor_bounds+dynamics+geo_bounds+halfspace+obstacles,hardflow_new,False,proj_valid,0.2,0.2,0.1,0.1,0.1,0.2,0.3,3.716739180706386,203.3,564.4449261705093,356.7,265.0,1.2397352979526928,1239.7352979526927,30.345323227661034,1209.3899747250318,3188.0220545921475,1.0,21.54206617700322,0.30033746174284465,0.3054134248368151,10
40,corridor|mf|K2|bbunet|dp0.5,corridor,mf,2,test,corridor_bounds+dynamics+geo_bounds+halfspace+obstacles,hardflow_new-c,False,all,0.5,0.5,0.5,0.5,0.5,0.5,0.5,1.7112762310001535,113.5,71.8696030989119,332.4,268.8,0.4595725617830526,459.5725617830526,30.282176444416553,429.29038533863604,828.2748186029494,1.0,15.998457503949592,0.16759259259259257,0.6032573572400871,10
40,corridor|mf|K2|bbunet|dp0.5,corridor,mf,2,test,corridor_bounds+dynamics+geo_bounds+halfspace+obstacles,hardflow_new-c,False,proj_valid,0.5,0.5,0.5,0.5,0.5,0.5,0.5,1.7112762310001535,113.5,71.8696030989119,332.4,268.8,0.4595725617830526,459.5725617830526,30.282176444416553,429.29038533863604,828.2748186029494,1.0,15.998457503949592,0.16759259259259257,0.6032573572400871,10
40,corridor|mf|K2|bbunet|dp0.5,corridor,mf,2,test,corridor_bounds+dynamics+geo_bounds+halfspace+obstacles,hardflow_new-t,False,all,0.3,0.3,0.2,0.2,0.2,0.3,0.3,5.229613242658335,199.6,579.7305784624174,356.3,263.6666666666667,2.391525712413345,2391.525712413345,31.497176104608762,2360.0285363087364,7510.398709885776,1.0,36.28029905769579,0.08361279461279461,0.355359132239797,10
40,corridor|mf|K2|bbunet|dp0.5,corridor,mf,2,test,corridor_bounds+dynamics+geo_bounds+halfspace+obstacles,hardflow_new-t,False,proj_valid,0.3,0.3,0.2,0.2,0.2,0.3,0.3,5.229613242658335,199.6,579.7305784624174,356.3,263.6666666666667,2.391525712413345,2391.525712413345,31.497176104608762,2360.0285363087364,7510.398709885776,1.0,36.28029905769579,0.08361279461279461,0.355359132239797,10
40,corridor|mf|K2|bbunet|dp0.5,corridor,mf,2,test,corridor_bounds+dynamics+geo_bounds+halfspace+obstacles,gradient,False,all,0.0,0.0,0.0,0.0,0.0,0.0,0.0,3.190699748111098,369.0,312.95206805068005,396.0,,0.019938734345928286,19.93873434592829,18.04608266396128,1.8926516819670045,20.06134861148894,0.0002525252525252525,2.242565795401118,0.43863636363636366,0.047089022759712454,10
40,corridor|mf|K2|bbunet|dp0.5,corridor,mf,2,test,corridor_bounds+dynamics+geo_bounds+halfspace+obstacles,gradient,False,proj_valid,0.0,0.0,0.0,0.0,0.0,0.0,0.0,3.190699748111098,369.0,312.95206805068005,396.0,,0.019938734345928286,19.93873434592829,18.04608266396128,1.8926516819670045,20.06134861148894,0.0002525252525252525,2.242565795401118,0.43863636363636366,0.047089022759712454,10
40,corridor|mf|K2|bbunet|dp0.5,corridor,mf,2,test,corridor_bounds+dynamics+geo_bounds+halfspace+obstacles,gradient-tightened,True,all,0.0,0.0,0.0,0.0,0.0,0.0,0.0,3.334162516415327,371.9,327.77896334375157,396.0,,0.01992551366177698,19.925513661776982,18.04229973984713,1.8832139219298507,20.055290265008807,0.0,2.156809306077711,0.2750841750841751,0.015804785667154604,10
40,corridor|mf|K2|bbunet|dp0.5,corridor,mf,2,test,corridor_bounds+dynamics+geo_bounds+halfspace+obstacles,gradient-tightened,True,proj_valid,0.0,0.0,0.0,0.0,0.0,0.0,0.0,3.334162516415327,371.9,327.77896334375157,396.0,,0.01992551366177698,19.925513661776982,18.04229973984713,1.8832139219298507,20.055290265008807,0.0,2.156809306077711,0.2750841750841751,0.015804785667154604,10
40,corridor|mf|K2|bbunet|dp0.5,corridor,mf,2,test,corridor_bounds+dynamics+geo_bounds+halfspace+obstacles,post_processing,False,all,0.2,0.2,0.1,0.1,0.1,0.2,0.2,6.769113092890751,224.7,1685.3267289648786,375.2,292.0,0.1102636869267694,110.2636869267694,18.14713385907716,92.11655306769224,189.11440121009946,1.0,52.44899302769447,0.22855076587470952,-3138.924747848615,10
40,corridor|mf|K2|bbunet|dp0.5,corridor,mf,2,test,corridor_bounds+dynamics+geo_bounds+halfspace+obstacles,post_processing,False,proj_valid,0.2,0.2,0.1,0.1,0.1,0.2,0.2,6.769113092890751,224.7,1685.3267289648786,375.2,292.0,0.1102636869267694,110.2636869267694,18.14713385907716,92.11655306769224,189.11440121009946,1.0,52.44899302769447,0.22855076587470952,-3138.924747848615,10
40,corridor|mf|K2|bbunet|dp0.5,corridor,mf,2,test,corridor_bounds+dynamics+geo_bounds+halfspace+obstacles,post_processing-tightened,True,all,0.0,0.0,0.0,0.0,0.0,0.0,0.0,14.433616241600081,333.6,4056.944121347225,396.0,,0.139157227699579,139.157227699579,18.17656105685264,120.98066664272638,204.28088419139385,1.0,83.69871535301607,0.07887205387205387,0.09410104040702158,10
40,corridor|mf|K2|bbunet|dp0.5,corridor,mf,2,test,corridor_bounds+dynamics+geo_bounds+halfspace+obstacles,post_processing-tightened,True,proj_valid,0.0,0.0,0.0,0.0,0.0,0.0,0.0,14.433616241600081,333.6,4056.944121347225,396.0,,0.139157227699579,139.157227699579,18.17656105685264,120.98066664272638,204.28088419139385,1.0,83.69871535301607,0.07887205387205387,0.09410104040702158,10
40,corridor|mf|K2|bbunet|dp0.5,corridor,mf,2,test,corridor_bounds+dynamics+geo_bounds+halfspace+obstacles,model_free,False,all,0.0,0.0,0.0,0.0,0.0,0.0,0.0,27.12066774718725,379.7,8159.551696606405,396.0,,0.1130224196066271,113.0224196066271,18.154742596012476,94.86767701061461,143.5909328982234,0.997979797979798,112.51103549757008,0.0,0.06434841806519327,10
40,corridor|mf|K2|bbunet|dp0.5,corridor,mf,2,test,corridor_bounds+dynamics+geo_bounds+halfspace+obstacles,model_free,False,proj_valid,0.0,0.0,0.0,0.0,0.0,0.0,0.0,27.12066774718725,379.7,8159.551696606405,396.0,,0.1130224196066271,113.0224196066271,18.154742596012476,94.86767701061461,143.5909328982234,0.997979797979798,112.51103549757008,0.0,0.06434841806519327,10
40,corridor|mf|K2|bbunet|dp0.5,corridor,mf,2,test,corridor_bounds+dynamics+geo_bounds+halfspace+obstacles,model_free-tightened,True,all,0.0,0.0,0.0,0.0,0.0,0.0,0.0,39.553234155989664,379.9,10996.858178798104,396.0,,0.11546619690230324,115.46619690230322,18.16037779796229,97.30581910434094,146.10459739342332,0.998989898989899,106.64128668909325,0.0,0.07135588789457868,10
40,corridor|mf|K2|bbunet|dp0.5,corridor,mf,2,test,corridor_bounds+dynamics+geo_bounds+halfspace+obstacles,model_free-tightened,True,proj_valid,0.0,0.0,0.0,0.0,0.0,0.0,0.0,39.553234155989664,379.9,10996.858178798104,396.0,,0.11546619690230324,115.46619690230322,18.16037779796229,97.30581910434094,146.10459739342332,0.998989898989899,106.64128668909325,0.0,0.07135588789457868,10
40,corridor|mf|K2|bbunet|dp0.5,corridor,mf,2,test,corridor_bounds+dynamics+geo_bounds+halfspace+obstacles,bounds_free,False,all,0.2,0.2,0.2,0.2,0.2,0.2,0.2,12.058128593095848,220.9,2956.036624104802,372.2,277.0,0.09587645012069762,95.87645012069761,18.09944804674229,77.77700207395533,162.54328557290137,1.0,48.85022273135563,0.22508417508417508,0.4791785763907204,10
40,corridor|mf|K2|bbunet|dp0.5,corridor,mf,2,test,corridor_bounds+dynamics+geo_bounds+halfspace+obstacles,bounds_free,False,proj_valid,0.2,0.2,0.2,0.2,0.2,0.2,0.2,12.058128593095848,220.9,2956.036624104802,372.2,277.0,0.09587645012069762,95.87645012069761,18.09944804674229,77.77700207395533,162.54328557290137,1.0,48.85022273135563,0.22508417508417508,0.4791785763907204,10
40,corridor|mf|K2|bbunet|dp0.5,corridor,mf,2,test,corridor_bounds+dynamics+geo_bounds+halfspace+obstacles,bounds_free-tightened,True,all,0.0,0.0,0.0,0.0,0.0,0.0,0.0,32.63018040140738,340.9,8093.153278315348,396.0,,0.12556137068319426,125.56137068319427,18.16084268691037,107.40052799628388,196.10299337655306,1.0,81.419138215207,0.1452020202020202,0.18219597001191146,10
40,corridor|mf|K2|bbunet|dp0.5,corridor,mf,2,test,corridor_bounds+dynamics+geo_bounds+halfspace+obstacles,bounds_free-tightened,True,proj_valid,0.0,0.0,0.0,0.0,0.0,0.0,0.0,32.63018040140738,340.9,8093.153278315348,396.0,,0.12556137068319426,125.56137068319427,18.16084268691037,107.40052799628388,196.10299337655306,1.0,81.419138215207,0.1452020202020202,0.18219597001191146,10
40,corridor|mf|K2|bbunet|dp0.5,corridor,mf,2,test,corridor_bounds+dynamics+geo_bounds+halfspace+obstacles,geo_free,False,all,0.3,0.3,0.2,0.2,0.2,0.3,0.3,3.012250813683795,194.8,191.72818148655736,358.0,269.3333333333333,0.05254484708355468,52.54484708355468,18.167561079669763,34.37728600388492,96.36602260172367,0.38700443613234314,25.316963421459675,0.253493265993266,0.487394529549879,10
40,corridor|mf|K2|bbunet|dp0.5,corridor,mf,2,test,corridor_bounds+dynamics+geo_bounds+halfspace+obstacles,geo_free,False,proj_valid,0.3,0.3,0.2,0.2,0.2,0.3,0.3,3.012250813683795,194.8,191.72818148655736,358.0,269.3333333333333,0.05254484708355468,52.54484708355468,18.167561079669763,34.37728600388492,96.36602260172367,0.38700443613234314,25.316963421459675,0.253493265993266,0.487394529549879,10
40,corridor|mf|K2|bbunet|dp0.5,corridor,mf,2,test,corridor_bounds+dynamics+geo_bounds+halfspace+obstacles,geo_free-bounds_free,False,all,0.3,0.4,0.1,0.1,0.1,0.4,0.4,2.885121667567597,174.6,262.74434184448603,349.0,278.5,0.04181640957795608,41.81640957795607,18.304971135593266,23.51143844236281,64.29088830016553,0.29276751489806896,21.094302326885614,0.17086466538786693,0.5404137590187355,10
40,corridor|mf|K2|bbunet|dp0.5,corridor,mf,2,test,corridor_bounds+dynamics+geo_bounds+halfspace+obstacles,geo_free-bounds_free,False,proj_valid,0.3,0.4,0.1,0.1,0.1,0.4,0.4,2.885121667567597,174.6,262.74434184448603,349.0,278.5,0.04181640957795608,41.81640957795607,18.304971135593266,23.51143844236281,64.29088830016553,0.29276751489806896,21.094302326885614,0.17086466538786693,0.5404137590187355,10
40,corridor|mf|K2|bbunet|dp0.5,corridor,mf,2,test,corridor_bounds+dynamics+geo_bounds+halfspace+obstacles,geo_free-model_free,False,all,0.0,0.0,0.0,0.0,0.0,0.0,0.0,45.56238239812998,380.7,12550.84614954687,396.0,,0.030096864918566713,30.096864918566713,18.378719064228314,11.7181458543384,31.94402945227921,0.2507575757575758,110.46888379515549,0.0,0.07555661444611192,10
40,corridor|mf|K2|bbunet|dp0.5,corridor,mf,2,test,corridor_bounds+dynamics+geo_bounds+halfspace+obstacles,geo_free-model_free,False,proj_valid,0.0,0.0,0.0,0.0,0.0,0.0,0.0,45.56238239812998,380.7,12550.84614954687,396.0,,0.030096864918566713,30.096864918566713,18.378719064228314,11.7181458543384,31.94402945227921,0.2507575757575758,110.46888379515549,0.0,0.07555661444611192,10
40,corridor|mf|K2|bbunet|dp0.5,corridor,mf,2,test,corridor_bounds+dynamics+geo_bounds+halfspace+obstacles,model_free-bounds_free,False,all,0.0,0.0,0.0,0.0,0.0,0.0,0.0,30.18630240204942,377.2,8280.470410823546,396.0,,0.09028555481986264,90.28555481986265,18.465633416134448,71.8199214037282,112.97015734016895,0.9987373737373737,114.92992803594723,0.0,-5.380951033529355,10
40,corridor|mf|K2|bbunet|dp0.5,corridor,mf,2,test,corridor_bounds+dynamics+geo_bounds+halfspace+obstacles,model_free-bounds_free,False,proj_valid,0.0,0.0,0.0,0.0,0.0,0.0,0.0,30.18630240204942,377.2,8280.470410823546,396.0,,0.09028555481986264,90.28555481986265,18.465633416134448,71.8199214037282,112.97015734016895,0.9987373737373737,114.92992803594723,0.0,-5.380951033529355,10
40,corridor|mf|K2|bbunet|dp0.5,corridor,mf,2,test,corridor_bounds+dynamics+geo_bounds+halfspace+obstacles,model_free-bounds_free-tightened,True,all,0.0,0.0,0.0,0.0,0.0,0.0,0.0,29.50162672293241,378.0,9436.688434220861,396.0,,0.09304244045045866,93.04244045045866,18.217337647020216,74.82510280343845,117.96012506820261,0.9967171717171718,111.36573756378672,0.0,0.0721817135621747,10
40,corridor|mf|K2|bbunet|dp0.5,corridor,mf,2,test,corridor_bounds+dynamics+geo_bounds+halfspace+obstacles,model_free-bounds_free-tightened,True,proj_valid,0.0,0.0,0.0,0.0,0.0,0.0,0.0,29.50162672293241,378.0,9436.688434220861,396.0,,0.09304244045045866,93.04244045045866,18.217337647020216,74.82510280343845,117.96012506820261,0.9967171717171718,111.36573756378672,0.0,0.0721817135621747,10
41,corridor|mf|K5|bbunet|dp0.5,corridor,mf,5,test,corridor_bounds+dynamics+geo_bounds+halfspace+obstacles,diffuser,False,all,0.0,0.0,0.0,0.0,0.0,0.0,0.0,31.743004780848196,367.6,9553.215498110998,396.0,,0.044586519598302364,44.58651959830236,44.58651959830236,0.0,44.64136017486453,1.0,99.54047800630812,0.0,0.07405156045717805,10
41,corridor|mf|K5|bbunet|dp0.5,corridor,mf,5,test,corridor_bounds+dynamics+geo_bounds+halfspace+obstacles,diffuser,False,proj_valid,0.0,0.0,0.0,0.0,0.0,0.0,0.0,31.743004780848196,367.6,9553.215498110998,396.0,,0.044586519598302364,44.58651959830236,44.58651959830236,0.0,44.64136017486453,1.0,99.54047800630812,0.0,0.07405156045717805,10
41,corridor|mf|K5|bbunet|dp0.5,corridor,mf,5,test,corridor_bounds+dynamics+geo_bounds+halfspace+obstacles,dpcc-r,False,all,0.7,0.7,0.5,0.5,0.5,0.7,0.8,0.9869472824791311,68.9,18.044079738778684,301.0,277.25,0.23830554308294433,238.30554308294435,45.009204354922474,193.29633872802185,333.06995443068445,1.0,11.928742781145882,0.13274784059645534,0.8909506101735232,10
41,corridor|mf|K5|bbunet|dp0.5,corridor,mf,5,test,corridor_bounds+dynamics+geo_bounds+halfspace+obstacles,dpcc-r,False,proj_valid,0.7,0.7,0.5,0.5,0.5,0.7,0.8,0.9869472824791311,68.9,18.044079738778684,301.0,277.25,0.23830554308294433,238.30554308294435,45.009204354922474,193.29633872802185,333.06995443068445,1.0,11.928742781145882,0.13274784059645534,0.8909506101735232,10
41,corridor|mf|K5|bbunet|dp0.5,corridor,mf,5,test,corridor_bounds+dynamics+geo_bounds+halfspace+obstacles,dpcc-r-tightened,True,all,0.3,0.3,0.0,0.0,0.0,0.3,0.3,13.239091677612322,240.3,3465.8971730422163,355.6,261.3333333333333,0.3643028515494116,364.3028515494116,45.014406026469466,319.28844552294214,485.59173190034926,1.0,54.24450139932983,0.13829608265092136,0.4072016477639808,10
41,corridor|mf|K5|bbunet|dp0.5,corridor,mf,5,test,corridor_bounds+dynamics+geo_bounds+halfspace+obstacles,dpcc-r-tightened,True,proj_valid,0.3,0.3,0.0,0.0,0.0,0.3,0.3,13.239091677612322,240.3,3465.8971730422163,355.6,261.3333333333333,0.3643028515494116,364.3028515494116,45.014406026469466,319.28844552294214,485.59173190034926,1.0,54.24450139932983,0.13829608265092136,0.4072016477639808,10
41,corridor|mf|K5|bbunet|dp0.5,corridor,mf,5,test,corridor_bounds+dynamics+geo_bounds+halfspace+obstacles,dpcc-c,False,all,0.8,0.8,0.6,0.6,0.6,0.8,0.9,0.8507781924180342,41.3,33.58700985179932,288.8,276.8888888888889,0.22465730303748827,224.65730303748828,44.9929471172117,179.6643559202766,277.9992309305817,1.0,7.550393427056616,0.005261710355402844,0.9389722988494311,10
41,corridor|mf|K5|bbunet|dp0.5,corridor,mf,5,test,corridor_bounds+dynamics+geo_bounds+halfspace+obstacles,dpcc-c,False,proj_valid,0.8,0.8,0.6,0.6,0.6,0.8,0.9,0.8507781924180342,41.3,33.58700985179932,288.8,276.8888888888889,0.22465730303748827,224.65730303748828,44.9929471172117,179.6643559202766,277.9992309305817,1.0,7.550393427056616,0.005261710355402844,0.9389722988494311,10
41,corridor|mf|K5|bbunet|dp0.5,corridor,mf,5,test,corridor_bounds+dynamics+geo_bounds+halfspace+obstacles,dpcc-c-tightened,True,all,0.4,0.4,0.0,0.0,0.0,0.4,0.4,10.016876831369752,196.6,2353.9805934578226,342.4,262.0,0.32465529445605024,324.6552944560502,45.05822622219117,279.597068233859,430.0666238274425,1.0,42.98988439079291,0.058651801733447875,0.45524869958583924,10
41,corridor|mf|K5|bbunet|dp0.5,corridor,mf,5,test,corridor_bounds+dynamics+geo_bounds+halfspace+obstacles,dpcc-c-tightened,True,proj_valid,0.4,0.4,0.0,0.0,0.0,0.4,0.4,10.016876831369752,196.6,2353.9805934578226,342.4,262.0,0.32465529445605024,324.6552944560502,45.05822622219117,279.597068233859,430.0666238274425,1.0,42.98988439079291,0.058651801733447875,0.45524869958583924,10
41,corridor|mf|K5|bbunet|dp0.5,corridor,mf,5,test,corridor_bounds+dynamics+geo_bounds+halfspace+obstacles,dpcc-t,False,all,0.7,0.7,0.5,0.5,0.5,0.7,0.7,3.0767146161097,65.5,109.76444317210917,313.1,277.57142857142856,0.2697162406146279,269.7162406146279,45.08067776178611,224.63556285284176,337.66428127884865,1.0,9.590253636189953,0.0781163684178672,0.8314355769543151,10
41,corridor|mf|K5|bbunet|dp0.5,corridor,mf,5,test,corridor_bounds+dynamics+geo_bounds+halfspace+obstacles,dpcc-t,False,proj_valid,0.7,0.7,0.5,0.5,0.5,0.7,0.7,3.0767146161097,65.5,109.76444317210917,313.1,277.57142857142856,0.2697162406146279,269.7162406146279,45.08067776178611,224.63556285284176,337.66428127884865,1.0,9.590253636189953,0.0781163684178672,0.8314355769543151,10
41,corridor|mf|K5|bbunet|dp0.5,corridor,mf,5,test,corridor_bounds+dynamics+geo_bounds+halfspace+obstacles,dpcc-t-tightened,True,all,0.3,0.3,0.0,0.0,0.0,0.3,0.5,4.5851322945852315,164.1,990.950565469812,330.1,264.2,0.3163281917510653,316.3281917510652,45.154257023092086,271.1739347279732,413.669880470261,1.0,34.97427484539731,0.12915672730056957,0.5887663961993914,10
41,corridor|mf|K5|bbunet|dp0.5,corridor,mf,5,test,corridor_bounds+dynamics+geo_bounds+halfspace+obstacles,dpcc-t-tightened,True,proj_valid,0.3,0.3,0.0,0.0,0.0,0.3,0.5,4.5851322945852315,164.1,990.950565469812,330.1,264.2,0.3163281917510653,316.3281917510652,45.154257023092086,271.1739347279732,413.669880470261,1.0,34.97427484539731,0.12915672730056957,0.5887663961993914,10
41,corridor|mf|K5|bbunet|dp0.5,corridor,mf,5,test,corridor_bounds+dynamics+geo_bounds+halfspace+obstacles,hardflow_new,False,all,0.8,0.8,0.5,0.5,0.5,0.8,0.9,0.9088318644362353,26.8,32.855837859100866,288.9,277.0,0.8510456619300012,851.0456619300012,78.38997800160556,772.6556839283957,2718.4950504731387,1.0,0.9425038501599557,0.010279957023144857,0.9059449913855475,10
41,corridor|mf|K5|bbunet|dp0.5,corridor,mf,5,test,corridor_bounds+dynamics+geo_bounds+halfspace+obstacles,hardflow_new,False,proj_valid,0.8,0.8,0.5,0.5,0.5,0.8,0.9,0.9088318644362353,26.8,32.855837859100866,288.9,277.0,0.8510456619300012,851.0456619300012,78.38997800160556,772.6556839283957,2718.4950504731387,1.0,0.9425038501599557,0.010279957023144857,0.9059449913855475,10
41,corridor|mf|K5|bbunet|dp0.5,corridor,mf,5,test,corridor_bounds+dynamics+geo_bounds+halfspace+obstacles,hardflow_new-c,False,all,1.0,1.0,0.8,0.8,0.8,1.0,1.0,0.29073863141180956,0.9,0.001178718149662006,273.4,273.4,0.4804762824880543,480.4762824880543,78.13423492104066,402.3420475670136,664.1875619534403,1.0,0.5267113999658871,0.0,1.0507725460396145,10
41,corridor|mf|K5|bbunet|dp0.5,corridor,mf,5,test,corridor_bounds+dynamics+geo_bounds+halfspace+obstacles,hardflow_new-c,False,proj_valid,1.0,1.0,0.8,0.8,0.8,1.0,1.0,0.29073863141180956,0.9,0.001178718149662006,273.4,273.4,0.4804762824880543,480.4762824880543,78.13423492104066,402.3420475670136,664.1875619534403,1.0,0.5267113999658871,0.0,1.0507725460396145,10
41,corridor|mf|K5|bbunet|dp0.5,corridor,mf,5,test,corridor_bounds+dynamics+geo_bounds+halfspace+obstacles,hardflow_new-t,False,all,0.9,0.9,0.8,0.8,0.8,0.9,1.0,0.29332169757771054,5.9,0.05708547472348311,272.9,272.9,0.5010765138807175,501.0765138807175,78.06900069574435,423.00751318497316,666.9065194111317,1.0,0.538219353774926,0.0030388909336277756,1.0151592336720738,10
41,corridor|mf|K5|bbunet|dp0.5,corridor,mf,5,test,corridor_bounds+dynamics+geo_bounds+halfspace+obstacles,hardflow_new-t,False,proj_valid,0.9,0.9,0.8,0.8,0.8,0.9,1.0,0.29332169757771054,5.9,0.05708547472348311,272.9,272.9,0.5010765138807175,501.0765138807175,78.06900069574435,423.00751318497316,666.9065194111317,1.0,0.538219353774926,0.0030388909336277756,1.0151592336720738,10
41,corridor|mf|K5|bbunet|dp0.5,corridor,mf,5,test,corridor_bounds+dynamics+geo_bounds+halfspace+obstacles,gradient,False,all,0.0,0.0,0.0,0.0,0.0,0.0,0.0,3.9593458776131683,373.9,303.32796283910085,396.0,,0.05018408060440738,50.18408060440737,44.60936400503146,5.574716599375913,50.31451731920242,1.0,4.6081955079611445,0.4891414141414142,0.09636340394365399,10
41,corridor|mf|K5|bbunet|dp0.5,corridor,mf,5,test,corridor_bounds+dynamics+geo_bounds+halfspace+obstacles,gradient,False,proj_valid,0.0,0.0,0.0,0.0,0.0,0.0,0.0,3.9593458776131683,373.9,303.32796283910085,396.0,,0.05018408060440738,50.18408060440737,44.60936400503146,5.574716599375913,50.31451731920242,1.0,4.6081955079611445,0.4891414141414142,0.09636340394365399,10
41,corridor|mf|K5|bbunet|dp0.5,corridor,mf,5,test,corridor_bounds+dynamics+geo_bounds+halfspace+obstacles,gradient-tightened,True,all,0.0,0.0,0.0,0.0,0.0,0.0,0.0,3.893878033070807,364.1,294.3605510199561,396.0,,0.05017557081700576,50.17557081700575,44.602301058763956,5.573269758241797,50.32455055043101,1.0,4.579359138419411,0.6403198653198653,0.10358902629735027,10
41,corridor|mf|K5|bbunet|dp0.5,corridor,mf,5,test,corridor_bounds+dynamics+geo_bounds+halfspace+obstacles,gradient-tightened,True,proj_valid,0.0,0.0,0.0,0.0,0.0,0.0,0.0,3.893878033070807,364.1,294.3605510199561,396.0,,0.05017557081700576,50.17557081700575,44.602301058763956,5.573269758241797,50.32455055043101,1.0,4.579359138419411,0.6403198653198653,0.10358902629735027,10
41,corridor|mf|K5|bbunet|dp0.5,corridor,mf,5,test,corridor_bounds+dynamics+geo_bounds+halfspace+obstacles,post_processing,False,all,0.3,0.4,0.3,0.3,0.3,0.4,0.3,19.277736992189794,207.6,4362.786637546168,356.8,265.3333333333333,0.13451354461798162,134.5135446179816,44.73658408768951,89.77696053029211,214.0608884766698,1.0,40.62079077138744,0.16405723905723907,0.6353822080271588,10
41,corridor|mf|K5|bbunet|dp0.5,corridor,mf,5,test,corridor_bounds+dynamics+geo_bounds+halfspace+obstacles,post_processing,False,proj_valid,0.3,0.4,0.3,0.3,0.3,0.4,0.3,19.277736992189794,207.6,4362.786637546168,356.8,265.3333333333333,0.13451354461798162,134.5135446179816,44.73658408768951,89.77696053029211,214.0608884766698,1.0,40.62079077138744,0.16405723905723907,0.6353822080271588,10
41,corridor|mf|K5|bbunet|dp0.5,corridor,mf,5,test,corridor_bounds+dynamics+geo_bounds+halfspace+obstacles,post_processing-tightened,True,all,0.1,0.1,0.1,0.1,0.1,0.1,0.1,21.69938693991541,294.5,4967.701598985144,381.5,251.0,0.16094191019420906,160.94191019420907,44.73241968354937,116.2094905106597,238.7083419598639,1.0,67.49635441749975,0.127020202020202,0.21477092371617917,10
41,corridor|mf|K5|bbunet|dp0.5,corridor,mf,5,test,corridor_bounds+dynamics+geo_bounds+halfspace+obstacles,post_processing-tightened,True,proj_valid,0.1,0.1,0.1,0.1,0.1,0.1,0.1,21.69938693991541,294.5,4967.701598985144,381.5,251.0,0.16094191019420906,160.94191019420907,44.73241968354937,116.2094905106597,238.7083419598639,1.0,67.49635441749975,0.127020202020202,0.21477092371617917,10
41,corridor|mf|K5|bbunet|dp0.5,corridor,mf,5,test,corridor_bounds+dynamics+geo_bounds+halfspace+obstacles,model_free,False,all,0.0,0.1,0.0,0.0,0.0,0.1,0.0,36.12550691626898,374.6,9048.458391192671,396.0,,0.19296696049659842,192.96696049659843,44.8469082326299,148.12005226396852,251.18108852766454,1.0,93.26519282404645,0.0007575757575757575,-26.59360598216051,10
41,corridor|mf|K5|bbunet|dp0.5,corridor,mf,5,test,corridor_bounds+dynamics+geo_bounds+halfspace+obstacles,model_free,False,proj_valid,0.0,0.1,0.0,0.0,0.0,0.1,0.0,36.12550691626898,374.6,9048.458391192671,396.0,,0.19296696049659842,192.96696049659843,44.8469082326299,148.12005226396852,251.18108852766454,1.0,93.26519282404645,0.0007575757575757575,-26.59360598216051,10
41,corridor|mf|K5|bbunet|dp0.5,corridor,mf,5,test,corridor_bounds+dynamics+geo_bounds+halfspace+obstacles,model_free-tightened,True,all,0.0,0.0,0.0,0.0,0.0,0.0,0.0,31.02332421814155,379.2,8993.230454832174,396.0,,0.1971603146246211,197.1603146246211,44.89519863972684,152.26511598489427,257.5407420285046,1.0,99.42219081914104,0.0787037037037037,0.09604232840809081,10
41,corridor|mf|K5|bbunet|dp0.5,corridor,mf,5,test,corridor_bounds+dynamics+geo_bounds+halfspace+obstacles,model_free-tightened,True,proj_valid,0.0,0.0,0.0,0.0,0.0,0.0,0.0,31.02332421814155,379.2,8993.230454832174,396.0,,0.1971603146246211,197.1603146246211,44.89519863972684,152.26511598489427,257.5407420285046,1.0,99.42219081914104,0.0787037037037037,0.09604232840809081,10
41,corridor|mf|K5|bbunet|dp0.5,corridor,mf,5,test,corridor_bounds+dynamics+geo_bounds+halfspace+obstacles,bounds_free,False,all,0.8,0.8,0.7,0.7,0.7,0.8,0.8,6.209978551227829,70.0,1618.9142940459,302.4,279.0,0.21542313029429425,215.42313029429425,44.885797843575645,170.5373324507186,272.52248123288155,1.0,16.09999682294184,0.0002525252525252525,0.8522605161637802,10
41,corridor|mf|K5|bbunet|dp0.5,corridor,mf,5,test,corridor_bounds+dynamics+geo_bounds+halfspace+obstacles,bounds_free,False,proj_valid,0.8,0.8,0.7,0.7,0.7,0.8,0.8,6.209978551227829,70.0,1618.9142940459,302.4,279.0,0.21542313029429425,215.42313029429425,44.885797843575645,170.5373324507186,272.52248123288155,1.0,16.09999682294184,0.0002525252525252525,0.8522605161637802,10
41,corridor|mf|K5|bbunet|dp0.5,corridor,mf,5,test,corridor_bounds+dynamics+geo_bounds+halfspace+obstacles,bounds_free-tightened,True,all,0.2,0.3,0.1,0.1,0.1,0.3,0.3,18.769834005958536,217.1,3559.4153748343547,357.7,268.3333333333333,0.30804974663149814,308.0497466314981,44.88924071493575,263.1605059165624,413.15758152864873,1.0,43.72686273040822,0.12567166347654152,0.5074672329727821,10
41,corridor|mf|K5|bbunet|dp0.5,corridor,mf,5,test,corridor_bounds+dynamics+geo_bounds+halfspace+obstacles,bounds_free-tightened,True,proj_valid,0.2,0.3,0.1,0.1,0.1,0.3,0.3,18.769834005958536,217.1,3559.4153748343547,357.7,268.3333333333333,0.30804974663149814,308.0497466314981,44.88924071493575,263.1605059165624,413.15758152864873,1.0,43.72686273040822,0.12567166347654152,0.5074672329727821,10
41,corridor|mf|K5|bbunet|dp0.5,corridor,mf,5,test,corridor_bounds+dynamics+geo_bounds+halfspace+obstacles,geo_free,False,all,0.6,0.6,0.3,0.3,0.3,0.6,0.6,1.2624366682373702,126.2,37.937176450267245,326.2,279.6666666666667,0.0980515619022991,98.05156190229911,44.88911523306005,53.16244666923907,129.6942107193172,1.0,6.7843707712494155,0.19686856789330287,0.7657187564855994,10
41,corridor|mf|K5|bbunet|dp0.5,corridor,mf,5,test,corridor_bounds+dynamics+geo_bounds+halfspace+obstacles,geo_free,False,proj_valid,0.6,0.6,0.3,0.3,0.3,0.6,0.6,1.2624366682373702,126.2,37.937176450267245,326.2,279.6666666666667,0.0980515619022991,98.05156190229911,44.88911523306005,53.16244666923907,129.6942107193172,1.0,6.7843707712494155,0.19686856789330287,0.7657187564855994,10
41,corridor|mf|K5|bbunet|dp0.5,corridor,mf,5,test,corridor_bounds+dynamics+geo_bounds+halfspace+obstacles,geo_free-bounds_free,False,all,0.5,0.5,0.3,0.3,0.3,0.5,0.5,1.434581403645434,151.6,50.167023906215704,341.2,286.4,0.11415337032137177,114.15337032137177,44.83386230981399,69.31950801155779,175.80607445910573,1.0,17.87892422136765,0.2404040404040404,0.6324233520918223,10
41,corridor|mf|K5|bbunet|dp0.5,corridor,mf,5,test,corridor_bounds+dynamics+geo_bounds+halfspace+obstacles,geo_free-bounds_free,False,proj_valid,0.5,0.5,0.3,0.3,0.3,0.5,0.5,1.434581403645434,151.6,50.167023906215704,341.2,286.4,0.11415337032137177,114.15337032137177,44.83386230981399,69.31950801155779,175.80607445910573,1.0,17.87892422136765,0.2404040404040404,0.6324233520918223,10
41,corridor|mf|K5|bbunet|dp0.5,corridor,mf,5,test,corridor_bounds+dynamics+geo_bounds+halfspace+obstacles,geo_free-model_free,False,all,0.0,0.0,0.0,0.0,0.0,0.0,0.0,35.99624899205692,379.4,10604.044130924765,396.0,,0.07753353763719777,77.53353763719777,44.803752630685615,32.729785006512145,81.72859260812402,1.0,110.39488986136102,0.0,0.08645630457476103,10
41,corridor|mf|K5|bbunet|dp0.5,corridor,mf,5,test,corridor_bounds+dynamics+geo_bounds+halfspace+obstacles,geo_free-model_free,False,proj_valid,0.0,0.0,0.0,0.0,0.0,0.0,0.0,35.99624899205692,379.4,10604.044130924765,396.0,,0.07753353763719777,77.53353763719777,44.803752630685615,32.729785006512145,81.72859260812402,1.0,110.39488986136102,0.0,0.08645630457476103,10
41,corridor|mf|K5|bbunet|dp0.5,corridor,mf,5,test,corridor_bounds+dynamics+geo_bounds+halfspace+obstacles,model_free-bounds_free,False,all,0.0,0.0,0.0,0.0,0.0,0.0,0.0,16.6376441216284,375.6,4482.59108930304,396.0,,0.164062527886526,164.062527886526,44.874825461231396,119.1877024252946,202.56738369353116,1.0,113.39675224632212,0.0,0.08362242104762442,10
41,corridor|mf|K5|bbunet|dp0.5,corridor,mf,5,test,corridor_bounds+dynamics+geo_bounds+halfspace+obstacles,model_free-bounds_free,False,proj_valid,0.0,0.0,0.0,0.0,0.0,0.0,0.0,16.6376441216284,375.6,4482.59108930304,396.0,,0.164062527886526,164.062527886526,44.874825461231396,119.1877024252946,202.56738369353116,1.0,113.39675224632212,0.0,0.08362242104762442,10
41,corridor|mf|K5|bbunet|dp0.5,corridor,mf,5,test,corridor_bounds+dynamics+geo_bounds+halfspace+obstacles,model_free-bounds_free-tightened,True,all,0.0,0.1,0.0,0.0,0.0,0.1,0.0,27.65086013771333,381.0,7721.269396754668,396.0,,0.1657882188014084,165.7882188014084,44.91664361340379,120.87157518800461,208.23584045283496,1.0,100.84104219520557,0.0,0.19012775803411827,10
41,corridor|mf|K5|bbunet|dp0.5,corridor,mf,5,test,corridor_bounds+dynamics+geo_bounds+halfspace+obstacles,model_free-bounds_free-tightened,True,proj_valid,0.0,0.1,0.0,0.0,0.0,0.1,0.0,27.65086013771333,381.0,7721.269396754668,396.0,,0.1657882188014084,165.7882188014084,44.91664361340379,120.87157518800461,208.23584045283496,1.0,100.84104219520557,0.0,0.19012775803411827,10
42,pillars|af|K1|bbsit,pillars,af,1,test,pillars_bounds+dynamics+geo_bounds+obstacles,diffuser,False,all,0.0,0.8,0.0,0.0,0.0,0.8,0.0,1.2980024797298153,420.7,179.7819388628403,634.0,,0.006207140393999379,6.207140393999379,6.207140393999379,0.0,6.3105640187859535,0.00015772870662460566,0.5193676205937707,0.04610410094637224,0.41448658612474454,10
42,pillars|af|K1|bbsit,pillars,af,1,test,pillars_bounds+dynamics+geo_bounds+obstacles,diffuser,False,proj_valid,0.0,0.8,0.0,0.0,0.0,0.8,0.0,1.2980024797298153,420.7,179.7819388628403,634.0,,0.006207140393999379,6.207140393999379,6.207140393999379,0.0,6.3105640187859535,0.00015772870662460566,0.5193676205937707,0.04610410094637224,0.41448658612474454,10
42,pillars|af|K1|bbsit,pillars,af,1,test,pillars_bounds+dynamics+geo_bounds+obstacles,dpcc-r,False,all,0.0,0.0,0.0,0.0,0.0,0.0,0.3,1.3069594660322743,111.3,27.827396353202865,599.5,519.0,0.11808590957461174,118.08590957461175,6.303091733437759,111.78281784117397,377.5412823632359,0.31838631352555374,0.6312029449740159,0.030430587367180923,0.6766870568324567,10
42,pillars|af|K1|bbsit,pillars,af,1,test,pillars_bounds+dynamics+geo_bounds+obstacles,dpcc-r,False,proj_valid,0.0,0.0,0.0,0.0,0.0,0.0,0.3,1.3069594660322743,111.3,27.827396353202865,599.5,519.0,0.11808590957461174,118.08590957461175,6.303091733437759,111.78281784117397,377.5412823632359,0.31838631352555374,0.6312029449740159,0.030430587367180923,0.6766870568324567,10
42,pillars|af|K1|bbsit,pillars,af,1,test,pillars_bounds+dynamics+geo_bounds+obstacles,dpcc-r-tightened,True,all,0.0,0.0,0.0,0.0,0.0,0.0,0.6,0.8825580432201907,75.2,10.89971120006808,575.4,536.3333333333334,0.09999163310109026,99.99163310109027,6.295687079640624,93.69594602144964,296.2192339170722,0.3548108601824868,0.4924515835977731,0.007770071878610486,0.8596236990613747,10
42,pillars|af|K1|bbsit,pillars,af,1,test,pillars_bounds+dynamics+geo_bounds+obstacles,dpcc-r-tightened,True,proj_valid,0.0,0.0,0.0,0.0,0.0,0.0,0.6,0.8825580432201907,75.2,10.89971120006808,575.4,536.3333333333334,0.09999163310109026,99.99163310109027,6.295687079640624,93.69594602144964,296.2192339170722,0.3548108601824868,0.4924515835977731,0.007770071878610486,0.8596236990613747,10
42,pillars|af|K1|bbsit,pillars,af,1,test,pillars_bounds+dynamics+geo_bounds+obstacles,dpcc-c,False,all,0.2,0.2,0.0,0.0,0.0,0.2,0.7,0.5995872319058864,38.4,1.3761040529525002,537.4,496.0,0.05784008323631581,57.840083236315806,6.296835515997074,51.54324772031873,161.43936790525908,0.2053088110079771,0.42687408589045894,0.0034160087969138985,0.9702998508079249,10
42,pillars|af|K1|bbsit,pillars,af,1,test,pillars_bounds+dynamics+geo_bounds+obstacles,dpcc-c,False,proj_valid,0.2,0.2,0.0,0.0,0.0,0.2,0.7,0.5995872319058864,38.4,1.3761040529525002,537.4,496.0,0.05784008323631581,57.840083236315806,6.296835515997074,51.54324772031873,161.43936790525908,0.2053088110079771,0.42687408589045894,0.0034160087969138985,0.9702998508079249,10
42,pillars|af|K1|bbsit,pillars,af,1,test,pillars_bounds+dynamics+geo_bounds+obstacles,dpcc-c-tightened,True,all,0.1,0.1,0.0,0.0,0.0,0.1,0.2,2.179740531017661,71.5,19.373306120245186,607.8,503.0,0.09942232007088923,99.42232007088924,6.314281401299919,93.10803866958932,331.297589400783,0.28515830176518886,0.49430429038058793,0.006314570433534526,0.7282229942316174,10
42,pillars|af|K1|bbsit,pillars,af,1,test,pillars_bounds+dynamics+geo_bounds+obstacles,dpcc-c-tightened,True,proj_valid,0.1,0.1,0.0,0.0,0.0,0.1,0.2,2.179740531017661,71.5,19.373306120245186,607.8,503.0,0.09942232007088923,99.42232007088924,6.314281401299919,93.10803866958932,331.297589400783,0.28515830176518886,0.49430429038058793,0.006314570433534526,0.7282229942316174,10
42,pillars|af|K1|bbsit,pillars,af,1,test,pillars_bounds+dynamics+geo_bounds+obstacles,dpcc-t,False,all,0.5,0.5,0.0,0.0,0.0,0.5,0.6,0.6829188856923892,70.2,7.7006676664784095,523.6,450.0,0.07508910542739294,75.08910542739294,6.330798483827766,68.75830694356517,261.33576508611407,0.22613168548288418,0.5965480694435358,0.014301905594001647,0.8787925970889858,10
42,pillars|af|K1|bbsit,pillars,af,1,test,pillars_bounds+dynamics+geo_bounds+obstacles,dpcc-t,False,proj_valid,0.5,0.5,0.0,0.0,0.0,0.5,0.6,0.6829188856923892,70.2,7.7006676664784095,523.6,450.0,0.07508910542739294,75.08910542739294,6.330798483827766,68.75830694356517,261.33576508611407,0.22613168548288418,0.5965480694435358,0.014301905594001647,0.8787925970889858,10
42,pillars|af|K1|bbsit,pillars,af,1,test,pillars_bounds+dynamics+geo_bounds+obstacles,dpcc-t-tightened,True,all,0.4,0.5,0.0,0.0,0.0,0.5,0.5,0.7383741312894915,77.2,9.603566823897248,554.7,475.4,0.08373867871962076,83.73867871962076,6.325951192705308,77.41272752691546,306.2176271062343,0.30578708988869424,0.5038437668578591,0.004430011066370325,0.9654128007687433,10
42,pillars|af|K1|bbsit,pillars,af,1,test,pillars_bounds+dynamics+geo_bounds+obstacles,dpcc-t-tightened,True,proj_valid,0.4,0.5,0.0,0.0,0.0,0.5,0.5,0.7383741312894915,77.2,9.603566823897248,554.7,475.4,0.08373867871962076,83.73867871962076,6.325951192705308,77.41272752691546,306.2176271062343,0.30578708988869424,0.5038437668578591,0.004430011066370325,0.9654128007687433,10
42,pillars|af|K1|bbsit,pillars,af,1,test,pillars_bounds+dynamics+geo_bounds+obstacles,hardflow_sls,False,all,0.1,0.1,0.0,0.0,0.0,0.1,0.8,0.7399207424843799,56.3,4.901008964464316,563.1,545.375,0.019917230348853985,19.917230348853984,6.585538578060456,13.33169177079353,51.24447020702057,0.06181683249492986,0.4723504333502824,0.011137416318185269,0.7760084481709126,10
42,pillars|af|K1|bbsit,pillars,af,1,test,pillars_bounds+dynamics+geo_bounds+obstacles,hardflow_sls,False,proj_valid,0.1,0.1,0.0,0.0,0.0,0.1,0.8,0.7399207424843799,56.3,4.901008964464316,563.1,545.375,0.019917230348853985,19.917230348853984,6.585538578060456,13.33169177079353,51.24447020702057,0.06181683249492986,0.4723504333502824,0.011137416318185269,0.7760084481709126,10
42,pillars|af|K1|bbsit,pillars,af,1,test,pillars_bounds+dynamics+geo_bounds+obstacles,hardflow_sls-c,False,all,0.0,0.0,0.0,0.0,0.0,0.0,0.5,1.1159538822935124,51.4,1.7619570284966872,582.4,530.8,0.07904003888117156,79.04003888117155,7.443542504860503,71.59649637631105,207.57470994256423,0.21316323498569445,0.43710015463549245,0.005833787957459737,0.8706808291403906,10
42,pillars|af|K1|bbsit,pillars,af,1,test,pillars_bounds+dynamics+geo_bounds+obstacles,hardflow_sls-c,False,proj_valid,0.0,0.0,0.0,0.0,0.0,0.0,0.5,1.1159538822935124,51.4,1.7619570284966872,582.4,530.8,0.07904003888117156,79.04003888117155,7.443542504860503,71.59649637631105,207.57470994256423,0.21316323498569445,0.43710015463549245,0.005833787957459737,0.8706808291403906,10
42,pillars|af|K1|bbsit,pillars,af,1,test,pillars_bounds+dynamics+geo_bounds+obstacles,hardflow_sls-t,False,all,0.7,0.7,0.0,0.0,0.0,0.7,0.9,0.3474745219143945,73.5,6.538555317521899,485.3,468.77777777777777,0.05716052134764484,57.16052134764484,7.449636995690076,49.71088435195476,212.73893765173838,0.23466374128541861,0.5041113554538899,0.0030041419355206407,0.9949610101285831,10
42,pillars|af|K1|bbsit,pillars,af,1,test,pillars_bounds+dynamics+geo_bounds+obstacles,hardflow_sls-t,False,proj_valid,0.7,0.7,0.0,0.0,0.0,0.7,0.9,0.3474745219143945,73.5,6.538555317521899,485.3,468.77777777777777,0.05716052134764484,57.16052134764484,7.449636995690076,49.71088435195476,212.73893765173838,0.23466374128541861,0.5041113554538899,0.0030041419355206407,0.9949610101285831,10
42,pillars|af|K1|bbsit,pillars,af,1,test,pillars_bounds+dynamics+geo_bounds+obstacles,dpcc-c-geo_free,False,all,0.0,1.0,0.0,0.0,0.0,1.0,0.0,0.8530991168175868,439.0,183.22890737533584,634.0,,0.01765137651570917,17.651376515709167,6.291865332093243,11.359511183615925,18.115181159228086,0.00015772870662460566,0.3392271013446423,0.0,1.000852470627405,10
42,pillars|af|K1|bbsit,pillars,af,1,test,pillars_bounds+dynamics+geo_bounds+obstacles,dpcc-c-geo_free,False,proj_valid,0.0,1.0,0.0,0.0,0.0,1.0,0.0,0.8530991168175868,439.0,183.22890737533584,634.0,,0.01765137651570917,17.651376515709167,6.291865332093243,11.359511183615925,18.115181159228086,0.00015772870662460566,0.3392271013446423,0.0,1.000852470627405,10
42,pillars|af|K1|bbsit,pillars,af,1,test,pillars_bounds+dynamics+geo_bounds+obstacles,dpcc-r-geo_free,False,all,0.0,1.0,0.0,0.0,0.0,1.0,0.0,0.9293185384919844,451.7,201.67538162803683,634.0,,0.017700964027328257,17.700964027328258,6.299548980718249,11.401415046610008,18.133377907797694,0.0003154574132492113,0.3428474689760229,0.0,1.0074458134817568,10
42,pillars|af|K1|bbsit,pillars,af,1,test,pillars_bounds+dynamics+geo_bounds+obstacles,dpcc-r-geo_free,False,proj_valid,0.0,1.0,0.0,0.0,0.0,1.0,0.0,0.9293185384919844,451.7,201.67538162803683,634.0,,0.017700964027328257,17.700964027328258,6.299548980718249,11.401415046610008,18.133377907797694,0.0003154574132492113,0.3428474689760229,0.0,1.0074458134817568,10
42,pillars|af|K1|bbsit,pillars,af,1,test,pillars_bounds+dynamics+geo_bounds+obstacles,dpcc-t-geo_free,False,all,0.0,1.0,0.0,0.0,0.0,1.0,0.0,0.9219985719668209,467.2,199.43036105108294,634.0,,0.01764703140203321,17.64703140203321,6.312568642915894,11.334462759117317,18.10373236425221,0.00015772870662460566,0.33901120015898417,0.0,1.055423423291428,10
42,pillars|af|K1|bbsit,pillars,af,1,test,pillars_bounds+dynamics+geo_bounds+obstacles,dpcc-t-geo_free,False,proj_valid,0.0,1.0,0.0,0.0,0.0,1.0,0.0,0.9219985719668209,467.2,199.43036105108294,634.0,,0.01764703140203321,17.64703140203321,6.312568642915894,11.334462759117317,18.10373236425221,0.00015772870662460566,0.33901120015898417,0.0,1.055423423291428,10
42,pillars|af|K1|bbsit,pillars,af,1,test,pillars_bounds+dynamics+geo_bounds+obstacles,hardflow_sls-c-geo_free,False,all,0.0,0.8,0.0,0.0,0.0,0.8,0.0,1.2122649550084945,404.7,170.00596652602783,634.0,,0.01903072730939722,19.030727309397218,7.396102936579055,11.634624372818163,19.46128746494651,0.0,0.43150946210346824,0.01202172011204865,0.8081496429877649,10
42,pillars|af|K1|bbsit,pillars,af,1,test,pillars_bounds+dynamics+geo_bounds+obstacles,hardflow_sls-c-geo_free,False,proj_valid,0.0,0.8,0.0,0.0,0.0,0.8,0.0,1.2122649550084945,404.7,170.00596652602783,634.0,,0.01903072730939722,19.030727309397218,7.396102936579055,11.634624372818163,19.46128746494651,0.0,0.43150946210346824,0.01202172011204865,0.8081496429877649,10
42,pillars|af|K1|bbsit,pillars,af,1,test,pillars_bounds+dynamics+geo_bounds+obstacles,hardflow_sls-r,False,all,0.0,0.0,0.0,0.0,0.0,0.0,0.5,1.9630740107734326,58.8,4.7476173380466555,604.0,574.0,0.09686062104110893,96.86062104110893,7.429588744283718,89.43103229682521,312.5250904448329,0.2327888688309801,0.5252958899837805,0.026109019846855208,0.7360544490845904,10
42,pillars|af|K1|bbsit,pillars,af,1,test,pillars_bounds+dynamics+geo_bounds+obstacles,hardflow_sls-r,False,proj_valid,0.0,0.0,0.0,0.0,0.0,0.0,0.5,1.9630740107734326,58.8,4.7476173380466555,604.0,574.0,0.09686062104110893,96.86062104110893,7.429588744283718,89.43103229682521,312.5250904448329,0.2327888688309801,0.5252958899837805,0.026109019846855208,0.7360544490845904,10
42,pillars|af|K1|bbsit,pillars,af,1,test,pillars_bounds+dynamics+geo_bounds+obstacles,hardflow_sls-r-geo_free,False,all,0.0,1.0,0.0,0.0,0.0,1.0,0.0,0.9318509532948479,447.7,202.64543149662046,634.0,,0.019067090678348997,19.067090678348997,7.402947969875688,11.664142708473307,19.55910629592836,0.0,0.3424968784179301,0.0,1.0147838218113212,10
42,pillars|af|K1|bbsit,pillars,af,1,test,pillars_bounds+dynamics+geo_bounds+obstacles,hardflow_sls-r-geo_free,False,proj_valid,0.0,1.0,0.0,0.0,0.0,1.0,0.0,0.9318509532948479,447.7,202.64543149662046,634.0,,0.019067090678348997,19.067090678348997,7.402947969875688,11.664142708473307,19.55910629592836,0.0,0.3424968784179301,0.0,1.0147838218113212,10
42,pillars|af|K1|bbsit,pillars,af,1,test,pillars_bounds+dynamics+geo_bounds+obstacles,hardflow_sls-t-geo_free,False,all,0.0,1.0,0.0,0.0,0.0,1.0,0.0,0.9301432834782293,465.6,200.83241790866884,634.0,,0.019163120378466906,19.163120378466907,7.434116244280846,11.72900413418606,19.59591663442552,0.0003154574132492113,0.3394713723493919,0.0,1.0520990986946903,10
42,pillars|af|K1|bbsit,pillars,af,1,test,pillars_bounds+dynamics+geo_bounds+obstacles,hardflow_sls-t-geo_free,False,proj_valid,0.0,1.0,0.0,0.0,0.0,1.0,0.0,0.9301432834782293,465.6,200.83241790866884,634.0,,0.019163120378466906,19.163120378466907,7.434116244280846,11.72900413418606,19.59591663442552,0.0003154574132492113,0.3394713723493919,0.0,1.0520990986946903,10
43,pillars|af|K2|bbsit,pillars,af,2,test,pillars_bounds+dynamics+geo_bounds+obstacles,diffuser,False,all,0.0,0.6,0.0,0.0,0.0,0.6,0.0,1.5589562295330686,399.9,195.1342013477805,634.0,,0.012064295152466518,12.064295152466517,12.064295152466517,0.0,12.208663811907172,0.00015772870662460566,0.44307719292153236,0.0,0.2392195196321129,10
43,pillars|af|K2|bbsit,pillars,af,2,test,pillars_bounds+dynamics+geo_bounds+obstacles,diffuser,False,proj_valid,0.0,0.6,0.0,0.0,0.0,0.6,0.0,1.5589562295330686,399.9,195.1342013477805,634.0,,0.012064295152466518,12.064295152466517,12.064295152466517,0.0,12.208663811907172,0.00015772870662460566,0.44307719292153236,0.0,0.2392195196321129,10
43,pillars|af|K2|bbsit,pillars,af,2,test,pillars_bounds+dynamics+geo_bounds+obstacles,dpcc-r,False,all,0.0,0.0,0.0,0.0,0.0,0.0,0.6,0.9607923730716047,80.2,8.831343470281036,566.9,522.1666666666666,0.0767417947545497,76.74179475454972,12.110827846518262,64.63096690803145,256.6053675394504,0.9164037854889588,0.5354473530550624,0.03230086599224532,0.7716774453089863,10
43,pillars|af|K2|bbsit,pillars,af,2,test,pillars_bounds+dynamics+geo_bounds+obstacles,dpcc-r,False,proj_valid,0.0,0.0,0.0,0.0,0.0,0.0,0.6,0.9607923730716047,80.2,8.831343470281036,566.9,522.1666666666666,0.0767417947545497,76.74179475454972,12.110827846518262,64.63096690803145,256.6053675394504,0.9164037854889588,0.5354473530550624,0.03230086599224532,0.7716774453089863,10
43,pillars|af|K2|bbsit,pillars,af,2,test,pillars_bounds+dynamics+geo_bounds+obstacles,dpcc-r-tightened,True,all,0.0,0.0,0.0,0.0,0.0,0.0,0.6,1.444457040073573,64.0,11.554032641006229,575.9,537.1666666666666,0.10115132103497215,101.15132103497216,12.096287247264067,89.0550337877081,328.06232192553546,0.8485804416403786,0.5195042427106147,0.01102674326731773,0.8387604759280196,10
43,pillars|af|K2|bbsit,pillars,af,2,test,pillars_bounds+dynamics+geo_bounds+obstacles,dpcc-r-tightened,True,proj_valid,0.0,0.0,0.0,0.0,0.0,0.0,0.6,1.444457040073573,64.0,11.554032641006229,575.9,537.1666666666666,0.10115132103497215,101.15132103497216,12.096287247264067,89.0550337877081,328.06232192553546,0.8485804416403786,0.5195042427106147,0.01102674326731773,0.8387604759280196,10
43,pillars|af|K2|bbsit,pillars,af,2,test,pillars_bounds+dynamics+geo_bounds+obstacles,dpcc-c,False,all,0.0,0.0,0.0,0.0,0.0,0.0,1.0,0.2926840951480748,47.0,4.067684433533862,514.8,514.8,0.05055848415972537,50.55848415972536,12.097798347582325,38.46068581214304,145.12188374064857,1.0,0.45454106743198713,0.0029784893479347725,1.028202366933709,10
43,pillars|af|K2|bbsit,pillars,af,2,test,pillars_bounds+dynamics+geo_bounds+obstacles,dpcc-c,False,proj_valid,0.0,0.0,0.0,0.0,0.0,0.0,1.0,0.2926840951480748,47.0,4.067684433533862,514.8,514.8,0.05055848415972537,50.55848415972536,12.097798347582325,38.46068581214304,145.12188374064857,1.0,0.45454106743198713,0.0029784893479347725,1.028202366933709,10
43,pillars|af|K2|bbsit,pillars,af,2,test,pillars_bounds+dynamics+geo_bounds+obstacles,dpcc-c-tightened,True,all,0.0,0.0,0.0,0.0,0.0,0.0,0.9,0.3242644588058385,41.2,4.509988049331884,525.7,513.6666666666666,0.06200324900620964,62.003249006209636,12.099618696493481,49.903630309716156,197.61809005402017,1.0,0.45150757793177315,0.0030314448557015373,0.9736368963242785,10
43,pillars|af|K2|bbsit,pillars,af,2,test,pillars_bounds+dynamics+geo_bounds+obstacles,dpcc-c-tightened,True,proj_valid,0.0,0.0,0.0,0.0,0.0,0.0,0.9,0.3242644588058385,41.2,4.509988049331884,525.7,513.6666666666666,0.06200324900620964,62.003249006209636,12.099618696493481,49.903630309716156,197.61809005402017,1.0,0.45150757793177315,0.0030314448557015373,0.9736368963242785,10
43,pillars|af|K2|bbsit,pillars,af,2,test,pillars_bounds+dynamics+geo_bounds+obstacles,dpcc-t,False,all,0.2,0.2,0.0,0.0,0.0,0.2,0.6,0.9951453559637589,85.1,11.534977667385728,556.6,505.0,0.12899263667016192,128.99263667016191,12.128710098024928,116.86392657213699,386.44819782115485,0.8389589905362775,0.5526332071736444,0.015365228988404872,0.8187882734046262,10
43,pillars|af|K2|bbsit,pillars,af,2,test,pillars_bounds+dynamics+geo_bounds+obstacles,dpcc-t,False,proj_valid,0.2,0.2,0.0,0.0,0.0,0.2,0.6,0.9951453559637589,85.1,11.534977667385728,556.6,505.0,0.12899263667016192,128.99263667016191,12.128710098024928,116.86392657213699,386.44819782115485,0.8389589905362775,0.5526332071736444,0.015365228988404872,0.8187882734046262,10
43,pillars|af|K2|bbsit,pillars,af,2,test,pillars_bounds+dynamics+geo_bounds+obstacles,dpcc-t-tightened,True,all,0.3,0.3,0.0,0.0,0.0,0.3,0.7,0.771359592943582,121.9,29.176799529219117,524.3,477.2857142857143,0.09962923607293905,99.62923607293905,12.118648683636376,87.51058738930269,298.27351292595256,0.9686119873817034,0.5468682088896346,0.0034500843596750284,0.7308412102627011,10
43,pillars|af|K2|bbsit,pillars,af,2,test,pillars_bounds+dynamics+geo_bounds+obstacles,dpcc-t-tightened,True,proj_valid,0.3,0.3,0.0,0.0,0.0,0.3,0.7,0.771359592943582,121.9,29.176799529219117,524.3,477.2857142857143,0.09962923607293905,99.62923607293905,12.118648683636376,87.51058738930269,298.27351292595256,0.9686119873817034,0.5468682088896346,0.0034500843596750284,0.7308412102627011,10
43,pillars|af|K2|bbsit,pillars,af,2,test,pillars_bounds+dynamics+geo_bounds+obstacles,hardflow_sls,False,all,0.0,0.0,0.0,0.0,0.0,0.0,0.9,0.3397278993825832,70.8,11.215926013454665,527.1,515.2222222222222,0.024783308111221487,24.783308111221487,12.153953445686728,12.629354665534757,53.0120231490582,0.11769002737688765,0.48553795142605616,0.008478900261790916,0.8942721443636114,10
43,pillars|af|K2|bbsit,pillars,af,2,test,pillars_bounds+dynamics+geo_bounds+obstacles,hardflow_sls,False,proj_valid,0.0,0.0,0.0,0.0,0.0,0.0,0.9,0.3397278993825832,70.8,11.215926013454665,527.1,515.2222222222222,0.024783308111221487,24.783308111221487,12.153953445686728,12.629354665534757,53.0120231490582,0.11769002737688765,0.48553795142605616,0.008478900261790916,0.8942721443636114,10
43,pillars|af|K2|bbsit,pillars,af,2,test,pillars_bounds+dynamics+geo_bounds+obstacles,hardflow_sls-c,False,all,0.0,0.0,0.0,0.0,0.0,0.0,0.7,0.3565413893975697,88.8,15.389642495088122,561.8,530.8571428571429,0.07190116859091612,71.90116859091611,13.292403105803748,58.60876548511237,231.36848352849478,1.0,0.44409075332416953,0.004916912535987193,0.9800138304536727,10
43,pillars|af|K2|bbsit,pillars,af,2,test,pillars_bounds+dynamics+geo_bounds+obstacles,hardflow_sls-c,False,proj_valid,0.0,0.0,0.0,0.0,0.0,0.0,0.7,0.3565413893975697,88.8,15.389642495088122,561.8,530.8571428571429,0.07190116859091612,71.90116859091611,13.292403105803748,58.60876548511237,231.36848352849478,1.0,0.44409075332416953,0.004916912535987193,0.9800138304536727,10
43,pillars|af|K2|bbsit,pillars,af,2,test,pillars_bounds+dynamics+geo_bounds+obstacles,hardflow_sls-t,False,all,0.4,0.4,0.0,0.0,0.0,0.4,0.8,0.7914143020734452,97.1,16.655950662909962,511.9,481.375,0.08024593822326945,80.24593822326945,13.356736009051687,66.88920221421776,273.1520208157598,0.9556782334384858,0.5685527207778269,0.011389897672890814,0.8049611573224411,10
43,pillars|af|K2|bbsit,pillars,af,2,test,pillars_bounds+dynamics+geo_bounds+obstacles,hardflow_sls-t,False,proj_valid,0.4,0.4,0.0,0.0,0.0,0.4,0.8,0.7914143020734452,97.1,16.655950662909962,511.9,481.375,0.08024593822326945,80.24593822326945,13.356736009051687,66.88920221421776,273.1520208157598,0.9556782334384858,0.5685527207778269,0.011389897672890814,0.8049611573224411,10
43,pillars|af|K2|bbsit,pillars,af,2,test,pillars_bounds+dynamics+geo_bounds+obstacles,dpcc-c-geo_free,False,all,0.0,1.0,0.0,0.0,0.0,1.0,0.0,0.7103707704343485,425.2,127.99606758785202,634.0,,0.023472784042405402,23.472784042405404,12.162711367316614,11.31007267508879,23.99553476832807,0.0,0.32836042528001264,0.0,1.003492599001235,10
43,pillars|af|K2|bbsit,pillars,af,2,test,pillars_bounds+dynamics+geo_bounds+obstacles,dpcc-c-geo_free,False,proj_valid,0.0,1.0,0.0,0.0,0.0,1.0,0.0,0.7103707704343485,425.2,127.99606758785202,634.0,,0.023472784042405402,23.472784042405404,12.162711367316614,11.31007267508879,23.99553476832807,0.0,0.32836042528001264,0.0,1.003492599001235,10
43,pillars|af|K2|bbsit,pillars,af,2,test,pillars_bounds+dynamics+geo_bounds+obstacles,dpcc-r-geo_free,False,all,0.0,1.0,0.0,0.0,0.0,1.0,0.0,0.7274263176639519,428.5,132.31435822010002,634.0,,0.023484659602142847,23.484659602142848,12.123760928866991,11.360898673275855,23.915655352175236,0.0003154574132492113,0.3291817212226727,0.0,1.0074578684981057,10
43,pillars|af|K2|bbsit,pillars,af,2,test,pillars_bounds+dynamics+geo_bounds+obstacles,dpcc-r-geo_free,False,proj_valid,0.0,1.0,0.0,0.0,0.0,1.0,0.0,0.7274263176639519,428.5,132.31435822010002,634.0,,0.023484659602142847,23.484659602142848,12.123760928866991,11.360898673275855,23.915655352175236,0.0003154574132492113,0.3291817212226727,0.0,1.0074578684981057,10
43,pillars|af|K2|bbsit,pillars,af,2,test,pillars_bounds+dynamics+geo_bounds+obstacles,dpcc-t-geo_free,False,all,0.0,1.0,0.0,0.0,0.0,1.0,0.0,0.7134026705306786,432.9,133.04093629026372,634.0,,0.023570199878386894,23.570199878386894,12.18067844066334,11.389521437723554,24.033587966114283,0.0003154574132492113,0.3273595568724781,0.0,1.003883993945011,10
43,pillars|af|K2|bbsit,pillars,af,2,test,pillars_bounds+dynamics+geo_bounds+obstacles,dpcc-t-geo_free,False,proj_valid,0.0,1.0,0.0,0.0,0.0,1.0,0.0,0.7134026705306786,432.9,133.04093629026372,634.0,,0.023570199878386894,23.570199878386894,12.18067844066334,11.389521437723554,24.033587966114283,0.0003154574132492113,0.3273595568724781,0.0,1.003883993945011,10
43,pillars|af|K2|bbsit,pillars,af,2,test,pillars_bounds+dynamics+geo_bounds+obstacles,hardflow_sls-c-geo_free,False,all,0.0,1.0,0.0,0.0,0.0,1.0,0.0,0.7100836781233498,424.5,128.17455974101978,634.0,,0.025052975830607328,25.05297583060733,13.352300018095633,11.700675812511696,25.58386822231114,0.0,0.3285107301700269,0.0,0.9998969730754018,10
43,pillars|af|K2|bbsit,pillars,af,2,test,pillars_bounds+dynamics+geo_bounds+obstacles,hardflow_sls-c-geo_free,False,proj_valid,0.0,1.0,0.0,0.0,0.0,1.0,0.0,0.7100836781233498,424.5,128.17455974101978,634.0,,0.025052975830607328,25.05297583060733,13.352300018095633,11.700675812511696,25.58386822231114,0.0,0.3285107301700269,0.0,0.9998969730754018,10
43,pillars|af|K2|bbsit,pillars,af,2,test,pillars_bounds+dynamics+geo_bounds+obstacles,hardflow_sls-r,False,all,0.0,0.0,0.0,0.0,0.0,0.0,0.5,1.2817365549779518,86.9,18.253838630611206,584.6,535.2,0.10269422971488029,102.6942297148803,13.31194994377725,89.38227977110304,333.5962583217769,0.8561514195583596,0.5797627217682291,0.022440116788046898,0.68964582665901,10
43,pillars|af|K2|bbsit,pillars,af,2,test,pillars_bounds+dynamics+geo_bounds+obstacles,hardflow_sls-r,False,proj_valid,0.0,0.0,0.0,0.0,0.0,0.0,0.5,1.2817365549779518,86.9,18.253838630611206,584.6,535.2,0.10269422971488029,102.6942297148803,13.31194994377725,89.38227977110304,333.5962583217769,0.8561514195583596,0.5797627217682291,0.022440116788046898,0.68964582665901,10
43,pillars|af|K2|bbsit,pillars,af,2,test,pillars_bounds+dynamics+geo_bounds+obstacles,hardflow_sls-r-geo_free,False,all,0.0,1.0,0.0,0.0,0.0,1.0,0.0,0.7324427925710296,427.5,132.51053514003712,634.0,,0.024916942108257994,24.91694210825799,13.278239442487996,11.638702665769998,25.43483678251505,0.0,0.32935782331573926,0.0,1.0038474518781555,10
43,pillars|af|K2|bbsit,pillars,af,2,test,pillars_bounds+dynamics+geo_bounds+obstacles,hardflow_sls-r-geo_free,False,proj_valid,0.0,1.0,0.0,0.0,0.0,1.0,0.0,0.7324427925710296,427.5,132.51053514003712,634.0,,0.024916942108257994,24.91694210825799,13.278239442487996,11.638702665769998,25.43483678251505,0.0,0.32935782331573926,0.0,1.0038474518781555,10
43,pillars|af|K2|bbsit,pillars,af,2,test,pillars_bounds+dynamics+geo_bounds+obstacles,hardflow_sls-t-geo_free,False,all,0.0,1.0,0.0,0.0,0.0,1.0,0.0,0.7158055008148223,433.1,132.92310536003072,634.0,,0.024982871644328164,24.982871644328164,13.28729334542945,11.695578298898713,25.456852773204446,0.0003154574132492113,0.32750516250393436,0.0,1.010606498328686,10
43,pillars|af|K2|bbsit,pillars,af,2,test,pillars_bounds+dynamics+geo_bounds+obstacles,hardflow_sls-t-geo_free,False,proj_valid,0.0,1.0,0.0,0.0,0.0,1.0,0.0,0.7158055008148223,433.1,132.92310536003072,634.0,,0.024982871644328164,24.982871644328164,13.28729334542945,11.695578298898713,25.456852773204446,0.0003154574132492113,0.32750516250393436,0.0,1.010606498328686,10
44,pillars|af|K5|bbsit,pillars,af,5,test,pillars_bounds+dynamics+geo_bounds+obstacles,diffuser,False,all,0.0,0.7,0.0,0.0,0.0,0.7,0.0,1.1315455547094575,412.5,216.4181022120959,634.0,,0.029637709135892004,29.637709135892003,29.637709135892003,0.0,30.381577210500836,0.14763406940063092,0.36722130340740594,0.0,0.23178473483148815,10
44,pillars|af|K5|bbsit,pillars,af,5,test,pillars_bounds+dynamics+geo_bounds+obstacles,diffuser,False,proj_valid,0.0,0.7,0.0,0.0,0.0,0.7,0.0,1.1315455547094575,412.5,216.4181022120959,634.0,,0.029637709135892004,29.637709135892003,29.637709135892003,0.0,30.381577210500836,0.14763406940063092,0.36722130340740594,0.0,0.23178473483148815,10
44,pillars|af|K5|bbsit,pillars,af,5,test,pillars_bounds+dynamics+geo_bounds+obstacles,dpcc-r,False,all,0.0,0.0,0.0,0.0,0.0,0.0,0.3,2.209808127826515,103.7,18.079071485052545,602.2,528.0,1.6831515752601056,1683.1515752601058,29.701735130954596,1653.4498401291512,7678.394374120976,0.7145110410094637,0.6247076987975241,0.025996140182752103,0.5530846338877273,10
44,pillars|af|K5|bbsit,pillars,af,5,test,pillars_bounds+dynamics+geo_bounds+obstacles,dpcc-r,False,proj_valid,0.0,0.0,0.0,0.0,0.0,0.0,0.3,2.209808127826515,103.7,18.079071485052545,602.2,528.0,1.6831515752601056,1683.1515752601058,29.701735130954596,1653.4498401291512,7678.394374120976,0.7145110410094637,0.6247076987975241,0.025996140182752103,0.5530846338877273,10
44,pillars|af|K5|bbsit,pillars,af,5,test,pillars_bounds+dynamics+geo_bounds+obstacles,dpcc-r-tightened,True,all,0.0,0.0,0.0,0.0,0.0,0.0,0.6,1.4806120732080554,58.7,9.07893692467675,565.0,519.0,1.6601749576152003,1660.1749576152004,29.7240909477135,1630.450866667487,7589.972227877003,0.7810725552050474,0.5128312083698825,0.009853661778515575,0.7438370930064189,10
44,pillars|af|K5|bbsit,pillars,af,5,test,pillars_bounds+dynamics+geo_bounds+obstacles,dpcc-r-tightened,True,proj_valid,0.0,0.0,0.0,0.0,0.0,0.0,0.6,1.4806120732080554,58.7,9.07893692467675,565.0,519.0,1.6601749576152003,1660.1749576152004,29.7240909477135,1630.450866667487,7589.972227877003,0.7810725552050474,0.5128312083698825,0.009853661778515575,0.7438370930064189,10
44,pillars|af|K5|bbsit,pillars,af,5,test,pillars_bounds+dynamics+geo_bounds+obstacles,dpcc-c,False,all,0.0,0.0,0.0,0.0,0.0,0.0,0.8,0.5388870165125903,76.3,10.25491917904886,519.0,490.25,1.498568045494664,1498.568045494664,29.749402021257776,1468.8186434734062,7167.013605749232,0.960410094637224,0.530781436858047,0.013310283198494121,0.8168233072032326,10
44,pillars|af|K5|bbsit,pillars,af,5,test,pillars_bounds+dynamics+geo_bounds+obstacles,dpcc-c,False,proj_valid,0.0,0.0,0.0,0.0,0.0,0.0,0.8,0.5388870165125903,76.3,10.25491917904886,519.0,490.25,1.498568045494664,1498.568045494664,29.749402021257776,1468.8186434734062,7167.013605749232,0.960410094637224,0.530781436858047,0.013310283198494121,0.8168233072032326,10
44,pillars|af|K5|bbsit,pillars,af,5,test,pillars_bounds+dynamics+geo_bounds+obstacles,dpcc-c-tightened,True,all,0.0,0.0,0.0,0.0,0.0,0.0,0.8,0.9227174010669875,53.2,4.691448399834729,528.7,502.375,1.5692315378588906,1569.2315378588908,29.744279160377857,1539.4872586985127,7251.091028116642,0.9119873817034699,0.46383619877259774,0.009521121163312985,0.8068770610146065,10
44,pillars|af|K5|bbsit,pillars,af,5,test,pillars_bounds+dynamics+geo_bounds+obstacles,dpcc-c-tightened,True,proj_valid,0.0,0.0,0.0,0.0,0.0,0.0,0.8,0.9227174010669875,53.2,4.691448399834729,528.7,502.375,1.5692315378588906,1569.2315378588908,29.744279160377857,1539.4872586985127,7251.091028116642,0.9119873817034699,0.46383619877259774,0.009521121163312985,0.8068770610146065,10
44,pillars|af|K5|bbsit,pillars,af,5,test,pillars_bounds+dynamics+geo_bounds+obstacles,dpcc-t,False,all,0.0,0.0,0.0,0.0,0.0,0.0,0.6,1.491996880034851,64.6,8.56497316379938,527.2,456.0,1.5948312402875502,1594.8312402875501,29.789269982738414,1565.0419703048117,7516.697161793706,0.7826498422712934,0.6814847248156575,0.02412213072569657,0.7575564865193092,10
44,pillars|af|K5|bbsit,pillars,af,5,test,pillars_bounds+dynamics+geo_bounds+obstacles,dpcc-t,False,proj_valid,0.0,0.0,0.0,0.0,0.0,0.0,0.6,1.491996880034851,64.6,8.56497316379938,527.2,456.0,1.5948312402875502,1594.8312402875501,29.789269982738414,1565.0419703048117,7516.697161793706,0.7826498422712934,0.6814847248156575,0.02412213072569657,0.7575564865193092,10
44,pillars|af|K5|bbsit,pillars,af,5,test,pillars_bounds+dynamics+geo_bounds+obstacles,dpcc-t-tightened,True,all,0.1,0.1,0.0,0.0,0.0,0.1,0.6,0.9581666598753547,78.5,12.311713188750979,537.5,473.1666666666667,1.632739015196469,1632.739015196469,29.680585122758977,1603.05843007371,7224.529844839124,0.872397476340694,0.5895437308945292,0.023364995249785036,0.6632336282991457,10
44,pillars|af|K5|bbsit,pillars,af,5,test,pillars_bounds+dynamics+geo_bounds+obstacles,dpcc-t-tightened,True,proj_valid,0.1,0.1,0.0,0.0,0.0,0.1,0.6,0.9581666598753547,78.5,12.311713188750979,537.5,473.1666666666667,1.632739015196469,1632.739015196469,29.680585122758977,1603.05843007371,7224.529844839124,0.872397476340694,0.5895437308945292,0.023364995249785036,0.6632336282991457,10
44,pillars|af|K5|bbsit,pillars,af,5,test,pillars_bounds+dynamics+geo_bounds+obstacles,hardflow_sls,False,all,0.0,0.0,0.0,0.0,0.0,0.0,0.4,1.4438576056447485,86.8,11.657645297095183,596.9,541.25,0.10597766286093227,105.97766286093227,40.337051812278716,65.64061104865354,285.9941347036508,0.883596214511041,0.6123880282754736,0.054136205841284334,0.7441071383105621,10
44,pillars|af|K5|bbsit,pillars,af,5,test,pillars_bounds+dynamics+geo_bounds+obstacles,hardflow_sls,False,proj_valid,0.0,0.0,0.0,0.0,0.0,0.0,0.4,1.4438576056447485,86.8,11.657645297095183,596.9,541.25,0.10597766286093227,105.97766286093227,40.337051812278716,65.64061104865354,285.9941347036508,0.883596214511041,0.6123880282754736,0.054136205841284334,0.7441071383105621,10
44,pillars|af|K5|bbsit,pillars,af,5,test,pillars_bounds+dynamics+geo_bounds+obstacles,hardflow_sls-c,False,all,0.0,0.0,0.0,0.0,0.0,0.0,0.8,0.4381123733224975,57.6,5.761241457788424,533.9,508.875,0.22799483203180815,227.99483203180816,43.781265706184946,184.2135663256232,596.2459095567465,1.0,0.5173180055976878,0.011394523484043732,0.905027785715494,10
44,pillars|af|K5|bbsit,pillars,af,5,test,pillars_bounds+dynamics+geo_bounds+obstacles,hardflow_sls-c,False,proj_valid,0.0,0.0,0.0,0.0,0.0,0.0,0.8,0.4381123733224975,57.6,5.761241457788424,533.9,508.875,0.22799483203180815,227.99483203180816,43.781265706184946,184.2135663256232,596.2459095567465,1.0,0.5173180055976878,0.011394523484043732,0.905027785715494,10
44,pillars|af|K5|bbsit,pillars,af,5,test,pillars_bounds+dynamics+geo_bounds+obstacles,hardflow_sls-t,False,all,0.1,0.1,0.0,0.0,0.0,0.1,0.6,1.176175457382189,109.0,20.100135123374972,562.3,514.5,0.30506472076829766,305.06472076829766,43.87909723554486,261.18562353275286,998.0605285614723,0.9277602523659306,0.6769627595287611,0.034981456506889025,0.6895893562450248,10
44,pillars|af|K5|bbsit,pillars,af,5,test,pillars_bounds+dynamics+geo_bounds+obstacles,hardflow_sls-t,False,proj_valid,0.1,0.1,0.0,0.0,0.0,0.1,0.6,1.176175457382189,109.0,20.100135123374972,562.3,514.5,0.30506472076829766,305.06472076829766,43.87909723554486,261.18562353275286,998.0605285614723,0.9277602523659306,0.6769627595287611,0.034981456506889025,0.6895893562450248,10
44,pillars|af|K5|bbsit,pillars,af,5,test,pillars_bounds+dynamics+geo_bounds+obstacles,dpcc-c-geo_free,False,all,0.0,1.0,0.0,0.0,0.0,1.0,0.0,0.8041783847141645,432.5,145.63334943056083,634.0,,0.06345833664501456,63.45833664501456,29.748151715468815,33.71018492954575,64.04983861371875,1.0,0.3313486242909491,0.0,1.022442208325023,10
44,pillars|af|K5|bbsit,pillars,af,5,test,pillars_bounds+dynamics+geo_bounds+obstacles,dpcc-c-geo_free,False,proj_valid,0.0,1.0,0.0,0.0,0.0,1.0,0.0,0.8041783847141645,432.5,145.63334943056083,634.0,,0.06345833664501456,63.45833664501456,29.748151715468815,33.71018492954575,64.04983861371875,1.0,0.3313486242909491,0.0,1.022442208325023,10
44,pillars|af|K5|bbsit,pillars,af,5,test,pillars_bounds+dynamics+geo_bounds+obstacles,dpcc-r-geo_free,False,all,0.0,1.0,0.0,0.0,0.0,1.0,0.0,0.7956562242195847,431.1,142.45726506328555,634.0,,0.06331442789959044,63.31442789959043,29.691466147650022,33.6229617519404,63.962544379755855,1.0,0.3310088350725,0.0,1.0221925245162153,10
44,pillars|af|K5|bbsit,pillars,af,5,test,pillars_bounds+dynamics+geo_bounds+obstacles,dpcc-r-geo_free,False,proj_valid,0.0,1.0,0.0,0.0,0.0,1.0,0.0,0.7956562242195847,431.1,142.45726506328555,634.0,,0.06331442789959044,63.31442789959043,29.691466147650022,33.6229617519404,63.962544379755855,1.0,0.3310088350725,0.0,1.0221925245162153,10
44,pillars|af|K5|bbsit,pillars,af,5,test,pillars_bounds+dynamics+geo_bounds+obstacles,dpcc-t-geo_free,False,all,0.0,1.0,0.0,0.0,0.0,1.0,0.0,0.7716474692739829,439.4,142.23946148538562,634.0,,0.0634340785396776,63.4340785396776,29.760377976032743,33.67370056364486,64.10199273377657,1.0,0.3291167928014035,0.0,1.0254627534929583,10
44,pillars|af|K5|bbsit,pillars,af,5,test,pillars_bounds+dynamics+geo_bounds+obstacles,dpcc-t-geo_free,False,proj_valid,0.0,1.0,0.0,0.0,0.0,1.0,0.0,0.7716474692739829,439.4,142.23946148538562,634.0,,0.0634340785396776,63.4340785396776,29.760377976032743,33.67370056364486,64.10199273377657,1.0,0.3291167928014035,0.0,1.0254627534929583,10
44,pillars|af|K5|bbsit,pillars,af,5,test,pillars_bounds+dynamics+geo_bounds+obstacles,hardflow_sls-c-geo_free,False,all,0.0,1.0,0.0,0.0,0.0,1.0,0.0,0.762865970174935,423.2,131.22069975566825,634.0,,0.07851365589733568,78.51365589733567,43.6998255683068,34.813830329028875,79.80634910054505,1.0,0.329425518918737,0.0,1.0292986897633878,10
44,pillars|af|K5|bbsit,pillars,af,5,test,pillars_bounds+dynamics+geo_bounds+obstacles,hardflow_sls-c-geo_free,False,proj_valid,0.0,1.0,0.0,0.0,0.0,1.0,0.0,0.762865970174935,423.2,131.22069975566825,634.0,,0.07851365589733568,78.51365589733567,43.6998255683068,34.813830329028875,79.80634910054505,1.0,0.329425518918737,0.0,1.0292986897633878,10
44,pillars|af|K5|bbsit,pillars,af,5,test,pillars_bounds+dynamics+geo_bounds+obstacles,hardflow_sls-r,False,all,0.0,0.0,0.0,0.0,0.0,0.0,0.5,1.485891761855651,72.9,10.306256978566376,581.5,529.0,0.317352187504719,317.3521875047189,43.8070904689359,273.54509703578304,944.5061643794173,0.8108832807570978,0.5328665379702696,0.011915356026303472,0.7673761506939136,10
44,pillars|af|K5|bbsit,pillars,af,5,test,pillars_bounds+dynamics+geo_bounds+obstacles,hardflow_sls-r,False,proj_valid,0.0,0.0,0.0,0.0,0.0,0.0,0.5,1.485891761855651,72.9,10.306256978566376,581.5,529.0,0.317352187504719,317.3521875047189,43.8070904689359,273.54509703578304,944.5061643794173,0.8108832807570978,0.5328665379702696,0.011915356026303472,0.7673761506939136,10
44,pillars|af|K5|bbsit,pillars,af,5,test,pillars_bounds+dynamics+geo_bounds+obstacles,hardflow_sls-r-geo_free,False,all,0.0,1.0,0.0,0.0,0.0,1.0,0.0,0.7776956201539351,427.8,136.64178383398024,634.0,,0.07857501604373947,78.57501604373945,43.712989002912764,34.86202704082669,79.8514530993998,1.0,0.33006737684533605,0.0,1.0243493677138158,10
44,pillars|af|K5|bbsit,pillars,af,5,test,pillars_bounds+dynamics+geo_bounds+obstacles,hardflow_sls-r-geo_free,False,proj_valid,0.0,1.0,0.0,0.0,0.0,1.0,0.0,0.7776956201539351,427.8,136.64178383398024,634.0,,0.07857501604373947,78.57501604373945,43.712989002912764,34.86202704082669,79.8514530993998,1.0,0.33006737684533605,0.0,1.0243493677138158,10
44,pillars|af|K5|bbsit,pillars,af,5,test,pillars_bounds+dynamics+geo_bounds+obstacles,hardflow_sls-t-geo_free,False,all,0.0,1.0,0.0,0.0,0.0,1.0,0.0,0.7480730491287632,436.7,135.84676480483972,634.0,,0.07844019112227138,78.44019112227139,43.666605869372745,34.77358525289863,79.64656358584762,1.0,0.3281127263702717,0.0,1.0295661911887697,10
44,pillars|af|K5|bbsit,pillars,af,5,test,pillars_bounds+dynamics+geo_bounds+obstacles,hardflow_sls-t-geo_free,False,proj_valid,0.0,1.0,0.0,0.0,0.0,1.0,0.0,0.7480730491287632,436.7,135.84676480483972,634.0,,0.07844019112227138,78.44019112227139,43.666605869372745,34.77358525289863,79.64656358584762,1.0,0.3281127263702717,0.0,1.0295661911887697,10
45,pillars|fm|K10,pillars,fm,10,test,pillars_bounds+dynamics+geo_bounds+obstacles,diffuser,False,all,0.0,0.0,0.0,0.0,0.0,0.0,0.0,1.2290524506267093,514.0,319.2082761608919,634.0,,0.08876911245803538,88.7691124580354,88.7691124580354,0.0,93.38762555271387,1.0,0.6742118832916115,0.04766912022432527,0.3510509147282171,3
45,pillars|fm|K10,pillars,fm,10,test,pillars_bounds+dynamics+geo_bounds+obstacles,diffuser,False,proj_valid,0.0,0.0,0.0,0.0,0.0,0.0,0.0,1.2290524506267093,514.0,319.2082761608919,634.0,,0.08876911245803538,88.7691124580354,88.7691124580354,0.0,93.38762555271387,1.0,0.6742118832916115,0.04766912022432527,0.3510509147282171,3
45,pillars|fm|K10,pillars,fm,10,test,pillars_bounds+dynamics+geo_bounds+obstacles,dpcc-r,False,all,0.0,0.0,0.0,0.0,0.0,0.0,0.3333333333333333,2.5940571112740973,352.3333333333333,400.55862375950556,596.3333333333334,521.0,3.135555899341277,3135.5558993412774,86.11257179363243,3049.4433275476454,15476.671767483162,1.0,3.3532518224495047,0.031267218464854654,0.24509939538225967,3
45,pillars|fm|K10,pillars,fm,10,test,pillars_bounds+dynamics+geo_bounds+obstacles,dpcc-r,False,proj_valid,0.0,0.0,0.0,0.0,0.0,0.0,0.5,2.289293584508747,291.0,124.16308700481858,577.5,521.0,2.706340991725403,2706.340991725403,85.99069235749681,2620.3502993679067,13424.798063281933,1.0,4.085226461591208,0.0169323734386069,0.34941118650659125,2
45,pillars|fm|K10,pillars,fm,10,test,pillars_bounds+dynamics+geo_bounds+obstacles,dpcc-r-tightened,True,all,0.0,0.0,0.0,0.0,0.0,0.0,0.3333333333333333,1.6641464647977777,282.6666666666667,359.38779962040616,608.3333333333334,557.0,3.426009227780002,3426.0092277800018,86.96498373353018,3339.0442440464717,14713.903621180603,1.0,0.9189057277528511,0.013005932210322563,0.20115639215036837,3
45,pillars|fm|K10,pillars,fm,10,test,pillars_bounds+dynamics+geo_bounds+obstacles,dpcc-r-tightened,True,proj_valid,0.0,0.0,0.0,0.0,0.0,0.0,0.5,1.0207092853480235,206.0,147.96209534215842,595.5,557.0,3.0042359645589207,3004.235964558921,87.26375277027913,2916.9722117886417,13132.35386507585,1.0,0.7307797211660465,0.01083381945113053,0.3058432121355161,2
45,pillars|fm|K10,pillars,fm,10,test,pillars_bounds+dynamics+geo_bounds+obstacles,dpcc-c,False,all,0.0,0.0,0.0,0.0,0.0,0.0,0.0,1.4052676979656222,390.0,302.3327135567845,634.0,,4.136284399630754,4136.284399630755,86.70566728501164,4049.578732345743,17363.56614530087,1.0,2.331837497067316,0.12390466175955135,0.01348899220531216,3
45,pillars|fm|K10,pillars,fm,10,test,pillars_bounds+dynamics+geo_bounds+obstacles,dpcc-c,False,proj_valid,0.0,0.0,0.0,0.0,0.0,0.0,0.0,1.4052676979656222,390.0,302.3327135567845,634.0,,4.136284399630754,4136.284399630755,86.70566728501164,4049.578732345743,17363.56614530087,1.0,2.331837497067316,0.12390466175955135,0.01348899220531216,3
45,pillars|fm|K10,pillars,fm,10,test,pillars_bounds+dynamics+geo_bounds+obstacles,dpcc-c-tightened,True,all,0.0,0.0,0.0,0.0,0.0,0.0,0.0,1.8225422875074573,437.0,262.39047488139005,634.0,,4.657602430352614,4657.602430352615,86.45929082969575,4571.143139522918,19796.192536254734,1.0,2.4213298782700856,0.02856642131090081,0.0571007927408422,3
45,pillars|fm|K10,pillars,fm,10,test,pillars_bounds+dynamics+geo_bounds+obstacles,dpcc-c-tightened,True,proj_valid,0.0,0.0,0.0,0.0,0.0,0.0,0.0,1.4478214143376333,423.5,228.72568745151176,634.0,,4.726155298794341,4726.1552987943405,86.63488942718467,4639.5204093671555,21679.26507145167,1.0,1.9836576426374917,0.04048370136698212,0.04256013016992106,2
45,pillars|fm|K10,pillars,fm,10,test,pillars_bounds+dynamics+geo_bounds+obstacles,dpcc-t,False,all,0.0,0.0,0.0,0.0,0.0,0.0,0.0,2.143544987740244,417.3333333333333,609.2377739095223,634.0,,4.130347844453177,4130.347844453178,88.20988695684638,4042.1379574963316,14618.648568230376,1.0,0.9877082405331928,0.018226428321065545,0.16798059542516056,3
45,pillars|fm|K10,pillars,fm,10,test,pillars_bounds+dynamics+geo_bounds+obstacles,dpcc-t,False,proj_valid,0.0,0.0,0.0,0.0,0.0,0.0,0.0,0.8512269816616882,403.5,181.7631088181114,634.0,,4.65926138445594,4659.26138445594,87.88885556937016,4571.37252888657,15555.93770197593,1.0,0.5888477004849554,0.02260778128286015,0.2506185604054548,2
45,pillars|fm|K10,pillars,fm,10,test,pillars_bounds+dynamics+geo_bounds+obstacles,dpcc-t-tightened,True,all,0.0,0.0,0.0,0.0,0.0,0.0,0.0,3.932700296443638,452.6666666666667,394.1551778164646,634.0,,3.6181068341086147,3618.106834108615,86.07577551136696,3532.031058597248,17516.71001718691,1.0,6.953209390298997,0.09060637924991237,0.05864520298272543,3
45,pillars|fm|K10,pillars,fm,10,test,pillars_bounds+dynamics+geo_bounds+obstacles,dpcc-t-tightened,True,proj_valid,0.0,0.0,0.0,0.0,0.0,0.0,0.0,4.839214260313582,465.0,233.19064096036436,634.0,,3.3534045998236217,3353.4045998236215,86.0488883907134,3267.3557114329087,15500.149116385735,1.0,9.809636832824026,0.13485804416403785,0.08669357007839297,2
45,pillars|fm|K10,pillars,fm,10,test,pillars_bounds+dynamics+geo_bounds+obstacles,hardflow_new,False,all,0.0,0.0,0.0,0.0,0.0,0.0,0.0,3.399703827246979,355.6666666666667,416.3848107120009,634.0,,5.956431622260479,5956.431622260478,142.10395894740972,5814.327663313069,15999.403643887492,1.0,25.99155439994871,0.09744128987031196,0.3142559226481974,3
45,pillars|fm|K10,pillars,fm,10,test,pillars_bounds+dynamics+geo_bounds+obstacles,hardflow_new,False,proj_valid,0.0,0.0,0.0,0.0,0.0,0.0,0.0,3.399703827246979,355.6666666666667,416.3848107120009,634.0,,5.956431622260479,5956.431622260478,142.10395894740972,5814.327663313069,15999.403643887492,1.0,25.99155439994871,0.09744128987031196,0.3142559226481974,3
45,pillars|fm|K10,pillars,fm,10,test,pillars_bounds+dynamics+geo_bounds+obstacles,hardflow_new-c,False,all,0.0,0.0,0.0,0.0,0.0,0.0,0.0,3.1929811194833526,328.6666666666667,338.2465128621018,634.0,,5.966988665919426,5966.988665919426,140.24753924988048,5826.741126669545,22174.925495249536,1.0,19.331331021299295,0.18016123378899404,0.15686682631805593,3
45,pillars|fm|K10,pillars,fm,10,test,pillars_bounds+dynamics+geo_bounds+obstacles,hardflow_new-c,False,proj_valid,0.0,0.0,0.0,0.0,0.0,0.0,0.0,3.1929811194833526,328.6666666666667,338.2465128621018,634.0,,5.966988665919426,5966.988665919426,140.24753924988048,5826.741126669545,22174.925495249536,1.0,19.331331021299295,0.18016123378899404,0.15686682631805593,3
45,pillars|fm|K10,pillars,fm,10,test,pillars_bounds+dynamics+geo_bounds+obstacles,hardflow_new-t,False,all,0.0,0.0,0.0,0.0,0.0,0.0,0.0,2.736826640005546,311.0,68.57762796289138,,,2.520620692311272,2520.6206923112723,139.37415343588833,2381.2465388753835,5913.942964468151,,5.566692406395386,0.240273396424816,0.49683766717618993,2
45,pillars|fm|K10,pillars,fm,10,test,pillars_bounds+dynamics+geo_bounds+obstacles,hardflow_new-t,False,proj_valid,0.0,0.0,0.0,0.0,0.0,0.0,0.0,2.736826640005546,311.0,68.57762796289138,,,2.520620692311272,2520.6206923112723,139.37415343588833,2381.2465388753835,5913.942964468151,,5.566692406395386,0.240273396424816,0.49683766717618993,2
45,pillars|fm|K10,pillars,fm,10,test,pillars_bounds+dynamics+geo_bounds+obstacles,gradient,False,all,0.0,0.0,0.0,0.0,0.0,0.0,0.0,5.831622718768808,604.0,341.8223978499375,634.0,,0.09824997881969944,98.24997881969944,98.24997881969944,0.0,103.27141030381124,1.0,10.295941157238131,0.6000701016473887,0.08234758650857926,3
45,pillars|fm|K10,pillars,fm,10,test,pillars_bounds+dynamics+geo_bounds+obstacles,gradient,False,proj_valid,0.0,0.0,0.0,0.0,0.0,0.0,0.0,5.831622718768808,604.0,341.8223978499375,634.0,,0.09824997881969944,98.24997881969944,98.24997881969944,0.0,103.27141030381124,1.0,10.295941157238131,0.6000701016473887,0.08234758650857926,3
45,pillars|fm|K10,pillars,fm,10,test,pillars_bounds+dynamics+geo_bounds+obstacles,gradient-tightened,True,all,0.0,0.0,0.0,0.0,0.0,0.0,0.0,2.5988680719694446,567.0,474.81626787944134,634.0,,0.09833099264710295,98.33099264710296,98.33099264710296,0.0,103.92234558239579,1.0,6.334603046128616,0.2204696810375044,0.06870985345317711,3
45,pillars|fm|K10,pillars,fm,10,test,pillars_bounds+dynamics+geo_bounds+obstacles,gradient-tightened,True,proj_valid,0.0,0.0,0.0,0.0,0.0,0.0,0.0,2.5988680719694446,567.0,474.81626787944134,634.0,,0.09833099264710295,98.33099264710296,98.33099264710296,0.0,103.92234558239579,1.0,6.334603046128616,0.2204696810375044,0.06870985345317711,3
45,pillars|fm|K10,pillars,fm,10,test,pillars_bounds+dynamics+geo_bounds+obstacles,post_processing,False,all,0.0,0.0,0.0,0.0,0.0,0.0,0.3333333333333333,1.15650223479161,278.0,160.03135342125321,577.6666666666666,465.0,0.2673988150029147,267.39881500291466,87.01576768299401,180.38304731992062,576.2990604775645,1.0,0.7642842423427131,0.005591925496270668,0.0031679048639505062,3
45,pillars|fm|K10,pillars,fm,10,test,pillars_bounds+dynamics+geo_bounds+obstacles,post_processing,False,proj_valid,0.0,0.0,0.0,0.0,0.0,0.0,0.3333333333333333,1.15650223479161,278.0,160.03135342125321,577.6666666666666,465.0,0.2673988150029147,267.39881500291466,87.01576768299401,180.38304731992062,576.2990604775645,1.0,0.7642842423427131,0.005591925496270668,0.0031679048639505062,3
45,pillars|fm|K10,pillars,fm,10,test,pillars_bounds+dynamics+geo_bounds+obstacles,post_processing-tightened,True,all,0.0,0.0,0.0,0.0,0.0,0.0,0.0,1.3730525280485335,298.0,233.66101699730368,634.0,,0.30461442026629904,304.614420266299,87.19693719811903,217.41748306818,631.9259486782055,1.0,0.9784282131618814,0.010164738871363477,0.05198064759128018,3
45,pillars|fm|K10,pillars,fm,10,test,pillars_bounds+dynamics+geo_bounds+obstacles,post_processing-tightened,True,proj_valid,0.0,0.0,0.0,0.0,0.0,0.0,0.0,1.3730525280485335,298.0,233.66101699730368,634.0,,0.30461442026629904,304.614420266299,87.19693719811903,217.41748306818,631.9259486782055,1.0,0.9784282131618814,0.010164738871363477,0.05198064759128018,3
45,pillars|fm|K10,pillars,fm,10,test,pillars_bounds+dynamics+geo_bounds+obstacles,model_free,False,all,0.0,0.3333333333333333,0.0,0.0,0.0,0.3333333333333333,0.0,1.1339783136465442,534.6666666666666,281.3030362198029,634.0,,0.2582445140256224,258.24451402562244,88.09066108368204,170.1538529419404,347.78242896621435,1.0,0.5739965349502786,0.0,0.35851967692136827,3
45,pillars|fm|K10,pillars,fm,10,test,pillars_bounds+dynamics+geo_bounds+obstacles,model_free,False,proj_valid,0.0,0.3333333333333333,0.0,0.0,0.0,0.3333333333333333,0.0,1.1339783136465442,534.6666666666666,281.3030362198029,634.0,,0.2582445140256224,258.24451402562244,88.09066108368204,170.1538529419404,347.78242896621435,1.0,0.5739965349502786,0.0,0.35851967692136827,3
45,pillars|fm|K10,pillars,fm,10,test,pillars_bounds+dynamics+geo_bounds+obstacles,model_free-tightened,True,all,0.0,0.0,0.0,0.0,0.0,0.0,0.0,1.3850450755790449,542.3333333333334,338.067443397046,634.0,,0.2861338026751103,286.1338026751103,89.18212093980874,196.95168173530155,378.4078565426171,1.0,0.6906178746197754,0.0,-0.004918951638316648,3
45,pillars|fm|K10,pillars,fm,10,test,pillars_bounds+dynamics+geo_bounds+obstacles,model_free-tightened,True,proj_valid,0.0,0.0,0.0,0.0,0.0,0.0,0.0,1.3850450755790449,542.3333333333334,338.067443397046,634.0,,0.2861338026751103,286.1338026751103,89.18212093980874,196.95168173530155,378.4078565426171,1.0,0.6906178746197754,0.0,-0.004918951638316648,3
45,pillars|fm|K10,pillars,fm,10,test,pillars_bounds+dynamics+geo_bounds+obstacles,bounds_free,False,all,0.0,0.0,0.0,0.0,0.0,0.0,0.6666666666666666,1.47030471947727,277.3333333333333,105.02666279269455,507.3333333333333,444.0,3.622201387395004,3622.201387395004,89.03222739613402,3533.1691599988703,15100.655445860079,1.0,2.326679411368891,0.030512718441225998,0.027977940999639118,3
45,pillars|fm|K10,pillars,fm,10,test,pillars_bounds+dynamics+geo_bounds+obstacles,bounds_free,False,proj_valid,0.0,0.0,0.0,0.0,0.0,0.0,0.6666666666666666,1.47030471947727,277.3333333333333,105.02666279269455,507.3333333333333,444.0,3.622201387395004,3622.201387395004,89.03222739613402,3533.1691599988703,15100.655445860079,1.0,2.326679411368891,0.030512718441225998,0.027977940999639118,3
45,pillars|fm|K10,pillars,fm,10,test,pillars_bounds+dynamics+geo_bounds+obstacles,bounds_free-tightened,True,all,0.0,0.0,0.0,0.0,0.0,0.0,0.3333333333333333,2.3149064142133833,355.0,330.38377560856753,588.3333333333334,497.0,2.873397615863222,2873.3976158632217,86.27182427512929,2787.1257915880924,13558.579746664813,1.0,4.997247698306874,0.24820144138578404,0.23756995311811868,3
45,pillars|fm|K10,pillars,fm,10,test,pillars_bounds+dynamics+geo_bounds+obstacles,bounds_free-tightened,True,proj_valid,0.0,0.0,0.0,0.0,0.0,0.0,0.5,1.807110814823397,299.0,113.79069950998094,565.5,497.0,1.9593079951983268,1959.3079951983268,86.24995846244403,1873.0580367358828,9427.668313262984,1.0,3.063468513595653,0.3641528455697381,0.3465182985481781,2
45,pillars|fm|K10,pillars,fm,10,test,pillars_bounds+dynamics+geo_bounds+obstacles,geo_free,False,all,0.0,1.0,0.0,0.0,0.0,1.0,0.0,0.6901153974674742,457.0,115.54136868794741,634.0,,0.14146125888438224,141.46125888438223,85.43334906523192,56.027909819150324,142.25265886634588,1.0,0.3308534582506359,0.0,0.7386184365256939,3
45,pillars|fm|K10,pillars,fm,10,test,pillars_bounds+dynamics+geo_bounds+obstacles,geo_free,False,proj_valid,0.0,1.0,0.0,0.0,0.0,1.0,0.0,0.6901153974674742,457.0,115.54136868794741,634.0,,0.14146125888438224,141.46125888438223,85.43334906523192,56.027909819150324,142.25265886634588,1.0,0.3308534582506359,0.0,0.7386184365256939,3
45,pillars|fm|K10,pillars,fm,10,test,pillars_bounds+dynamics+geo_bounds+obstacles,geo_free-bounds_free,False,all,0.0,1.0,0.0,0.0,0.0,1.0,0.0,0.7181868810172745,476.0,129.3621979614095,634.0,,0.13164845712533854,131.64845712533852,85.40882882843289,46.239628296905636,132.2871967839698,1.0,0.33272695853094797,0.0,0.7199256461642393,3
45,pillars|fm|K10,pillars,fm,10,test,pillars_bounds+dynamics+geo_bounds+obstacles,geo_free-bounds_free,False,proj_valid,0.0,1.0,0.0,0.0,0.0,1.0,0.0,0.7181868810172745,476.0,129.3621979614095,634.0,,0.13164845712533854,131.64845712533852,85.40882882843289,46.239628296905636,132.2871967839698,1.0,0.33272695853094797,0.0,0.7199256461642393,3
45,pillars|fm|K10,pillars,fm,10,test,pillars_bounds+dynamics+geo_bounds+obstacles,geo_free-model_free,False,all,0.0,0.0,0.0,0.0,0.0,0.0,0.0,0.9740807788575481,529.3333333333334,250.9816038904247,634.0,,0.11113321966933308,111.13321966933307,85.70174518953048,25.43147447980259,121.9360130528609,1.0,0.4727250171417419,0.0015772870662460567,0.7086096464419605,3
45,pillars|fm|K10,pillars,fm,10,test,pillars_bounds+dynamics+geo_bounds+obstacles,geo_free-model_free,False,proj_valid,0.0,0.0,0.0,0.0,0.0,0.0,0.0,0.9740807788575481,529.3333333333334,250.9816038904247,634.0,,0.11113321966933308,111.13321966933307,85.70174518953048,25.43147447980259,121.9360130528609,1.0,0.4727250171417419,0.0015772870662460567,0.7086096464419605,3
45,pillars|fm|K10,pillars,fm,10,test,pillars_bounds+dynamics+geo_bounds+obstacles,model_free-bounds_free,False,all,0.0,0.0,0.0,0.0,0.0,0.0,0.0,1.8603403493211983,538.0,429.8713193251586,634.0,,0.24861565334222954,248.6156533422295,85.61483182925751,163.000821512972,324.83276271571714,1.0,0.7162096874124556,0.0,-0.002681382625631844,3
45,pillars|fm|K10,pillars,fm,10,test,pillars_bounds+dynamics+geo_bounds+obstacles,model_free-bounds_free,False,proj_valid,0.0,0.0,0.0,0.0,0.0,0.0,0.0,1.8603403493211983,538.0,429.8713193251586,634.0,,0.24861565334222954,248.6156533422295,85.61483182925751,163.000821512972,324.83276271571714,1.0,0.7162096874124556,0.0,-0.002681382625631844,3
45,pillars|fm|K10,pillars,fm,10,test,pillars_bounds+dynamics+geo_bounds+obstacles,model_free-bounds_free-tightened,True,all,0.0,0.0,0.0,0.0,0.0,0.0,0.0,1.1698248890155718,479.6666666666667,250.3485697220086,634.0,,0.2469368967884754,246.93689678847542,85.64702615329895,161.2898706351764,321.4231384607653,1.0,0.6273349986865456,0.0008762705923589204,-0.0047301284935035185,3
45,pillars|fm|K10,pillars,fm,10,test,pillars_bounds+dynamics+geo_bounds+obstacles,model_free-bounds_free-tightened,True,proj_valid,0.0,0.0,0.0,0.0,0.0,0.0,0.0,1.1698248890155718,479.6666666666667,250.3485697220086,634.0,,0.2469368967884754,246.93689678847542,85.64702615329895,161.2898706351764,321.4231384607653,1.0,0.6273349986865456,0.0008762705923589204,-0.0047301284935035185,3
46,pillars|fm|K1,pillars,fm,1,test,pillars_bounds+dynamics+geo_bounds+obstacles,diffuser,False,all,0.0,0.0,0.0,0.0,0.0,0.0,0.0,2.111392589561569,275.3,160.31556295573915,634.0,,0.00900251738048511,9.002517380485111,9.002517380485111,0.0,9.038794972002506,0.00015772870662460566,0.5942362166644121,0.0,0.2121603646763329,10
46,pillars|fm|K1,pillars,fm,1,test,pillars_bounds+dynamics+geo_bounds+obstacles,diffuser,False,proj_valid,0.0,0.0,0.0,0.0,0.0,0.0,0.0,2.111392589561569,275.3,160.31556295573915,634.0,,0.00900251738048511,9.002517380485111,9.002517380485111,0.0,9.038794972002506,0.00015772870662460566,0.5942362166644121,0.0,0.2121603646763329,10
46,pillars|fm|K1,pillars,fm,1,test,pillars_bounds+dynamics+geo_bounds+obstacles,dpcc-r,False,all,0.0,0.0,0.0,0.0,0.0,0.0,0.0,3.5823552737273436,107.3,20.4496350903892,634.0,,0.13125659307018445,131.25659307018446,9.01310893648439,122.24348413370008,415.116293178871,0.2367507886435331,0.6356464908466887,0.01905091700567827,0.2896602218598683,10
46,pillars|fm|K1,pillars,fm,1,test,pillars_bounds+dynamics+geo_bounds+obstacles,dpcc-r,False,proj_valid,0.0,0.0,0.0,0.0,0.0,0.0,0.0,3.5823552737273436,107.3,20.4496350903892,634.0,,0.13125659307018445,131.25659307018446,9.01310893648439,122.24348413370008,415.116293178871,0.2367507886435331,0.6356464908466887,0.01905091700567827,0.2896602218598683,10
46,pillars|fm|K1,pillars,fm,1,test,pillars_bounds+dynamics+geo_bounds+obstacles,dpcc-r-tightened,True,all,0.0,0.0,0.0,0.0,0.0,0.0,0.0,3.410945556116039,176.9,87.68301748985618,634.0,,0.16163493739329143,161.6349373932914,8.998322317316873,152.63661507597453,466.3211988378319,0.355993690851735,0.5640766896631189,0.006559856070370194,0.10646459170062868,10
46,pillars|fm|K1,pillars,fm,1,test,pillars_bounds+dynamics+geo_bounds+obstacles,dpcc-r-tightened,True,proj_valid,0.0,0.0,0.0,0.0,0.0,0.0,0.0,3.410945556116039,176.9,87.68301748985618,634.0,,0.16163493739329143,161.6349373932914,8.998322317316873,152.63661507597453,466.3211988378319,0.355993690851735,0.5640766896631189,0.006559856070370194,0.10646459170062868,10
46,pillars|fm|K1,pillars,fm,1,test,pillars_bounds+dynamics+geo_bounds+obstacles,dpcc-c,False,all,0.0,0.0,0.0,0.0,0.0,0.0,0.0,3.244660021169262,181.5,79.21147716974757,634.0,,0.12504665333806658,125.04665333806656,9.011698965480662,116.03495437258591,376.46500231698155,0.36025236593059934,0.5375546646215057,0.005271651686541693,0.049403217302374285,10
46,pillars|fm|K1,pillars,fm,1,test,pillars_bounds+dynamics+geo_bounds+obstacles,dpcc-c,False,proj_valid,0.0,0.0,0.0,0.0,0.0,0.0,0.0,3.244660021169262,181.5,79.21147716974757,634.0,,0.12504665333806658,125.04665333806656,9.011698965480662,116.03495437258591,376.46500231698155,0.36025236593059934,0.5375546646215057,0.005271651686541693,0.049403217302374285,10
46,pillars|fm|K1,pillars,fm,1,test,pillars_bounds+dynamics+geo_bounds+obstacles,dpcc-c-tightened,True,all,0.0,0.0,0.0,0.0,0.0,0.0,0.0,3.576898346689404,168.8,62.472561755670554,634.0,,0.17316748092087,173.16748092087,9.032350849044667,164.13513007182533,469.09362500533445,0.33817034700315457,0.8204084663295085,0.05623993292229795,0.06241297285485149,10
46,pillars|fm|K1,pillars,fm,1,test,pillars_bounds+dynamics+geo_bounds+obstacles,dpcc-c-tightened,True,proj_valid,0.0,0.0,0.0,0.0,0.0,0.0,0.0,3.576898346689404,168.8,62.472561755670554,634.0,,0.17316748092087,173.16748092087,9.032350849044667,164.13513007182533,469.09362500533445,0.33817034700315457,0.8204084663295085,0.05623993292229795,0.06241297285485149,10
46,pillars|fm|K1,pillars,fm,1,test,pillars_bounds+dynamics+geo_bounds+obstacles,dpcc-t,False,all,0.0,0.0,0.0,0.0,0.0,0.0,0.0,3.6393597603703256,116.2,34.99391699087992,634.0,,0.19361582783456407,193.61582783456407,9.079638562035807,184.53618927252828,630.9315760526808,0.2577287066246057,0.8622826065994518,0.04773469450128348,0.30707629948773735,10
46,pillars|fm|K1,pillars,fm,1,test,pillars_bounds+dynamics+geo_bounds+obstacles,dpcc-t,False,proj_valid,0.0,0.0,0.0,0.0,0.0,0.0,0.0,3.6393597603703256,116.2,34.99391699087992,634.0,,0.19361582783456407,193.61582783456407,9.079638562035807,184.53618927252828,630.9315760526808,0.2577287066246057,0.8622826065994518,0.04773469450128348,0.30707629948773735,10
46,pillars|fm|K1,pillars,fm,1,test,pillars_bounds+dynamics+geo_bounds+obstacles,dpcc-t-tightened,True,all,0.0,0.0,0.0,0.0,0.0,0.0,0.0,2.1323312945911512,223.8,107.66003076129368,634.0,,0.24376369654394664,243.76369654394665,9.370424322879636,234.39327222106704,947.1574591007084,0.5003154574132492,0.7175351036632348,0.01386467706815002,0.109978776272845,10
46,pillars|fm|K1,pillars,fm,1,test,pillars_bounds+dynamics+geo_bounds+obstacles,dpcc-t-tightened,True,proj_valid,0.0,0.0,0.0,0.0,0.0,0.0,0.0,2.1323312945911512,223.8,107.66003076129368,634.0,,0.24376369654394664,243.76369654394665,9.370424322879636,234.39327222106704,947.1574591007084,0.5003154574132492,0.7175351036632348,0.01386467706815002,0.109978776272845,10
46,pillars|fm|K1,pillars,fm,1,test,pillars_bounds+dynamics+geo_bounds+obstacles,hardflow_new,False,all,0.0,0.0,0.0,0.0,0.0,0.0,0.0,3.7533999410794103,65.7,7.009154046611139,634.0,,0.07389699883387058,73.89699883387057,11.22879610656923,62.66820272730134,158.83696948178107,0.4742902208201893,0.4997048513880986,0.005688091722185842,0.6555228882134004,10
46,pillars|fm|K1,pillars,fm,1,test,pillars_bounds+dynamics+geo_bounds+obstacles,hardflow_new,False,proj_valid,0.0,0.0,0.0,0.0,0.0,0.0,0.0,3.7533999410794103,65.7,7.009154046611139,634.0,,0.07389699883387058,73.89699883387057,11.22879610656923,62.66820272730134,158.83696948178107,0.4742902208201893,0.4997048513880986,0.005688091722185842,0.6555228882134004,10
46,pillars|fm|K1,pillars,fm,1,test,pillars_bounds+dynamics+geo_bounds+obstacles,hardflow_new-c,False,all,0.0,0.0,0.0,0.0,0.0,0.0,0.0,2.279915122846373,112.3,18.449830168162055,634.0,,0.3326337006068377,332.63370060683775,13.29392026159491,319.3397803452428,933.5857631079853,0.7001577287066245,0.7475423667943567,0.0075440150935009625,0.48174841760457665,10
46,pillars|fm|K1,pillars,fm,1,test,pillars_bounds+dynamics+geo_bounds+obstacles,hardflow_new-c,False,proj_valid,0.0,0.0,0.0,0.0,0.0,0.0,0.0,2.279915122846373,112.3,18.449830168162055,634.0,,0.3326337006068377,332.63370060683775,13.29392026159491,319.3397803452428,933.5857631079853,0.7001577287066245,0.7475423667943567,0.0075440150935009625,0.48174841760457665,10
46,pillars|fm|K1,pillars,fm,1,test,pillars_bounds+dynamics+geo_bounds+obstacles,hardflow_new-t,False,all,0.0,0.0,0.0,0.0,0.0,0.0,0.0,2.992310689627373,126.2,31.818770450008667,634.0,,0.4395433480048931,439.5433480048931,13.398291980877394,426.1450560240157,1275.4905306268479,0.6444794952681387,2.9551735777098287,0.05142033496360138,0.4414122575359526,10
46,pillars|fm|K1,pillars,fm,1,test,pillars_bounds+dynamics+geo_bounds+obstacles,hardflow_new-t,False,proj_valid,0.0,0.0,0.0,0.0,0.0,0.0,0.0,2.992310689627373,126.2,31.818770450008667,634.0,,0.4395433480048931,439.5433480048931,13.398291980877394,426.1450560240157,1275.4905306268479,0.6444794952681387,2.9551735777098287,0.05142033496360138,0.4414122575359526,10
46,pillars|fm|K1,pillars,fm,1,test,pillars_bounds+dynamics+geo_bounds+obstacles,dpcc-c-geo_free,False,all,0.0,1.0,0.0,0.0,0.0,1.0,0.0,0.681446336749654,520.0,106.52328730154022,634.0,,0.020779542474822384,20.779542474822385,9.36634442489888,11.413198049923505,21.325774900615215,0.0,0.3370846450349171,0.0,1.0627419677390353,10
46,pillars|fm|K1,pillars,fm,1,test,pillars_bounds+dynamics+geo_bounds+obstacles,dpcc-c-geo_free,False,proj_valid,0.0,1.0,0.0,0.0,0.0,1.0,0.0,0.681446336749654,520.0,106.52328730154022,634.0,,0.020779542474822384,20.779542474822385,9.36634442489888,11.413198049923505,21.325774900615215,0.0,0.3370846450349171,0.0,1.0627419677390353,10
46,pillars|fm|K1,pillars,fm,1,test,pillars_bounds+dynamics+geo_bounds+obstacles,dpcc-r-geo_free,False,all,0.0,1.0,0.0,0.0,0.0,1.0,0.0,0.6589697873091659,533.2,104.2985879182814,634.0,,0.021204880463717393,21.204880463717394,9.639405240290078,11.565475223427315,21.80982179939747,0.00015772870662460566,0.33332546938187335,0.0,1.0648384653048386,10
46,pillars|fm|K1,pillars,fm,1,test,pillars_bounds+dynamics+geo_bounds+obstacles,dpcc-r-geo_free,False,proj_valid,0.0,1.0,0.0,0.0,0.0,1.0,0.0,0.6589697873091659,533.2,104.2985879182814,634.0,,0.021204880463717393,21.204880463717394,9.639405240290078,11.565475223427315,21.80982179939747,0.00015772870662460566,0.33332546938187335,0.0,1.0648384653048386,10
46,pillars|fm|K1,pillars,fm,1,test,pillars_bounds+dynamics+geo_bounds+obstacles,dpcc-t-geo_free,False,all,0.0,1.0,0.0,0.0,0.0,1.0,0.0,0.6525337831228561,527.3,102.53077961778627,634.0,,0.020795979593184185,20.795979593184185,9.365157233933076,11.430822359251112,21.347074527293444,0.00015772870662460566,0.3319865767953495,0.0,1.0623315754286544,10
46,pillars|fm|K1,pillars,fm,1,test,pillars_bounds+dynamics+geo_bounds+obstacles,dpcc-t-geo_free,False,proj_valid,0.0,1.0,0.0,0.0,0.0,1.0,0.0,0.6525337831228561,527.3,102.53077961778627,634.0,,0.020795979593184185,20.795979593184185,9.365157233933076,11.430822359251112,21.347074527293444,0.00015772870662460566,0.3319865767953495,0.0,1.0623315754286544,10
46,pillars|fm|K1,pillars,fm,1,test,pillars_bounds+dynamics+geo_bounds+obstacles,hardflow_new-c-geo_free,False,all,0.0,1.0,0.0,0.0,0.0,1.0,0.0,0.6605487414725407,526.8,103.77761107492434,634.0,,0.07841935654520424,78.41935654520424,12.430307495022891,65.98904905018135,123.10579875484109,1.0,0.33259015773313577,0.0,1.0633100865998704,10
46,pillars|fm|K1,pillars,fm,1,test,pillars_bounds+dynamics+geo_bounds+obstacles,hardflow_new-c-geo_free,False,proj_valid,0.0,1.0,0.0,0.0,0.0,1.0,0.0,0.6605487414725407,526.8,103.77761107492434,634.0,,0.07841935654520424,78.41935654520424,12.430307495022891,65.98904905018135,123.10579875484109,1.0,0.33259015773313577,0.0,1.0633100865998704,10
46,pillars|fm|K1,pillars,fm,1,test,pillars_bounds+dynamics+geo_bounds+obstacles,hardflow_new-r,False,all,0.0,0.0,0.0,0.0,0.0,0.0,0.0,4.212293995312999,57.4,6.971237769410017,634.0,,0.258761677953694,258.76167795369395,13.119245810053807,245.64243214364018,651.6777573619036,0.4134069400630914,0.5497431815256204,0.0004664289958407605,0.6113343514481611,10
46,pillars|fm|K1,pillars,fm,1,test,pillars_bounds+dynamics+geo_bounds+obstacles,hardflow_new-r,False,proj_valid,0.0,0.0,0.0,0.0,0.0,0.0,0.0,4.212293995312999,57.4,6.971237769410017,634.0,,0.258761677953694,258.76167795369395,13.119245810053807,245.64243214364018,651.6777573619036,0.4134069400630914,0.5497431815256204,0.0004664289958407605,0.6113343514481611,10
46,pillars|fm|K1,pillars,fm,1,test,pillars_bounds+dynamics+geo_bounds+obstacles,hardflow_new-r-geo_free,False,all,0.0,1.0,0.0,0.0,0.0,1.0,0.0,0.6577083365119382,525.7,102.75722854900343,634.0,,0.07804924458212423,78.04924458212422,12.544591221605847,65.50465336051836,122.56010952405632,1.0,0.3329017444208679,0.0,1.0661629732206828,10
46,pillars|fm|K1,pillars,fm,1,test,pillars_bounds+dynamics+geo_bounds+obstacles,hardflow_new-r-geo_free,False,proj_valid,0.0,1.0,0.0,0.0,0.0,1.0,0.0,0.6577083365119382,525.7,102.75722854900343,634.0,,0.07804924458212423,78.04924458212422,12.544591221605847,65.50465336051836,122.56010952405632,1.0,0.3329017444208679,0.0,1.0661629732206828,10
46,pillars|fm|K1,pillars,fm,1,test,pillars_bounds+dynamics+geo_bounds+obstacles,hardflow_new-t-geo_free,False,all,0.0,1.0,0.0,0.0,0.0,1.0,0.0,0.6530535613700292,526.8,100.71261940717686,634.0,,0.07854767844744896,78.54767844744897,12.380657798966116,66.16702064848285,122.89474952965975,1.0,0.331165543692152,0.0,1.0621887713905507,10
46,pillars|fm|K1,pillars,fm,1,test,pillars_bounds+dynamics+geo_bounds+obstacles,hardflow_new-t-geo_free,False,proj_valid,0.0,1.0,0.0,0.0,0.0,1.0,0.0,0.6530535613700292,526.8,100.71261940717686,634.0,,0.07854767844744896,78.54767844744897,12.380657798966116,66.16702064848285,122.89474952965975,1.0,0.331165543692152,0.0,1.0621887713905507,10
47,pillars|fm|K20,pillars,fm,20,test,pillars_bounds+dynamics+geo_bounds+obstacles,diffuser,False,all,0.0,0.0,0.0,0.0,0.0,0.0,0.1,0.9982575133988553,338.9,166.85471154832283,617.4,468.0,0.1668911112286903,166.89111122869028,166.89111122869028,0.0,168.59510890208185,0.7790220820189274,0.5171057169105154,0.0011822865481402067,0.07684747178746278,10
47,pillars|fm|K20,pillars,fm,20,test,pillars_bounds+dynamics+geo_bounds+obstacles,diffuser,False,proj_valid,0.0,0.0,0.0,0.0,0.0,0.0,0.1,0.9982575133988553,338.9,166.85471154832283,617.4,468.0,0.1668911112286903,166.89111122869028,166.89111122869028,0.0,168.59510890208185,0.7790220820189274,0.5171057169105154,0.0011822865481402067,0.07684747178746278,10
47,pillars|fm|K20,pillars,fm,20,test,pillars_bounds+dynamics+geo_bounds+obstacles,dpcc-r,False,all,0.0,0.0,0.0,0.0,0.0,0.0,0.0,2.202630835311008,107.1,38.61440033773919,634.0,,6.766080007378767,6766.080007378766,174.2952331104463,6591.78477426832,24308.159348927435,0.5630914826498422,0.5732030032021489,0.016709029885449096,0.7418165784174902,10
47,pillars|fm|K20,pillars,fm,20,test,pillars_bounds+dynamics+geo_bounds+obstacles,dpcc-r,False,proj_valid,0.0,0.0,0.0,0.0,0.0,0.0,0.0,2.5306428101960794,82.5,21.333832739993852,634.0,,6.202279696051066,6202.279696051066,169.44859849547856,6032.831097555587,20851.835579518236,0.5394321766561514,0.5171217024441077,0.01739923583843729,0.9275468278100638,4
47,pillars|fm|K20,pillars,fm,20,test,pillars_bounds+dynamics+geo_bounds+obstacles,dpcc-r-tightened,True,all,0.0,0.0,0.0,0.0,0.0,0.0,0.2,2.776547738137327,122.8,52.174587221487215,608.9,508.5,9.473920868262656,9473.920868262658,180.38450941027298,9293.536358852383,33551.701444657505,0.626813880126183,0.8780292528703875,0.05007662796741358,0.5717386445017381,10
47,pillars|fm|K20,pillars,fm,20,test,pillars_bounds+dynamics+geo_bounds+obstacles,dpcc-r-tightened,True,proj_valid,0.0,0.0,0.0,0.0,0.0,0.0,0.25,2.371057089881714,126.0,81.82855583047339,594.25,475.0,8.55737619326038,8557.37619326038,183.1351836521456,8374.241009608235,30682.51668903976,0.6920347003154574,0.7098243782185215,0.029634540852501598,0.5873568125753907,4
47,pillars|fm|K20,pillars,fm,20,test,pillars_bounds+dynamics+geo_bounds+obstacles,dpcc-c,False,all,0.2,0.2,0.0,0.0,0.0,0.2,0.6,1.7706230985382727,91.3,20.068067231919713,521.9,447.1666666666667,7.069944005495094,7069.944005495093,189.88720494430532,6880.0568005507885,22503.23714114725,0.7553627760252366,0.547931098788805,0.0028275884193752114,0.8065759614106248,10
47,pillars|fm|K20,pillars,fm,20,test,pillars_bounds+dynamics+geo_bounds+obstacles,dpcc-c,False,proj_valid,0.2857142857142857,0.2857142857142857,0.0,0.0,0.0,0.2857142857142857,0.7142857142857143,1.2817994627593945,91.0,18.7246234831004,500.42857142857144,447.0,6.542497997526473,6542.497997526473,188.2005545656106,6354.297442960863,20877.03087196818,0.8298783235691752,0.5305063322485936,0.0017156376903577383,0.8697883479247245,7
48,pillars|fm|K2,pillars,fm,2,test,pillars_bounds+dynamics+geo_bounds+obstacles,diffuser,False,all,0.0,0.0,0.0,0.0,0.0,0.0,0.0,1.1892208829747972,474.8,270.34074102720496,634.0,,0.017783538854977687,17.783538854977685,17.783538854977685,0.0,18.24682917445898,0.00015772870662460566,0.42081045904325043,0.0,-0.001749564709949501,10
48,pillars|fm|K2,pillars,fm,2,test,pillars_bounds+dynamics+geo_bounds+obstacles,diffuser,False,proj_valid,0.0,0.0,0.0,0.0,0.0,0.0,0.0,1.1892208829747972,474.8,270.34074102720496,634.0,,0.017783538854977687,17.783538854977685,17.783538854977685,0.0,18.24682917445898,0.00015772870662460566,0.42081045904325043,0.0,-0.001749564709949501,10
48,pillars|fm|K2,pillars,fm,2,test,pillars_bounds+dynamics+geo_bounds+obstacles,dpcc-r,False,all,0.0,0.5,0.0,0.0,0.0,0.5,0.0,0.968632339455407,242.2,53.89164275424512,634.0,,0.17166093039220576,171.66093039220576,18.125309441196755,153.53562095100898,569.2781064566226,0.9637223974763407,0.493676369076154,0.009132127723813391,0.34495034575220285,10
48,pillars|fm|K2,pillars,fm,2,test,pillars_bounds+dynamics+geo_bounds+obstacles,dpcc-r,False,proj_valid,0.0,0.5,0.0,0.0,0.0,0.5,0.0,0.968632339455407,242.2,53.89164275424512,634.0,,0.17166093039220576,171.66093039220576,18.125309441196755,153.53562095100898,569.2781064566226,0.9637223974763407,0.493676369076154,0.009132127723813391,0.34495034575220285,10
48,pillars|fm|K2,pillars,fm,2,test,pillars_bounds+dynamics+geo_bounds+obstacles,dpcc-r-tightened,True,all,0.0,0.2,0.0,0.0,0.0,0.2,0.2,1.1737652870003292,142.6,41.43398242674146,605.3,490.5,0.15970728687850538,159.70728687850539,18.304407800232468,141.4028790782729,545.9594054426999,0.8476340694006309,0.5821004076445654,0.003510642180140418,0.3497513439320547,10
48,pillars|fm|K2,pillars,fm,2,test,pillars_bounds+dynamics+geo_bounds+obstacles,dpcc-r-tightened,True,proj_valid,0.0,0.2,0.0,0.0,0.0,0.2,0.2,1.1737652870003292,142.6,41.43398242674146,605.3,490.5,0.15970728687850538,159.70728687850539,18.304407800232468,141.4028790782729,545.9594054426999,0.8476340694006309,0.5821004076445654,0.003510642180140418,0.3497513439320547,10
48,pillars|fm|K2,pillars,fm,2,test,pillars_bounds+dynamics+geo_bounds+obstacles,dpcc-c,False,all,0.0,0.3,0.0,0.0,0.0,0.3,0.0,0.9926307824799535,179.9,39.73294287820814,634.0,,0.137426867832085,137.42686783208498,18.314225279804848,119.11264255228014,394.22478112392116,0.8657728706624607,0.543261525400553,0.0006089975042124333,0.38775132728883427,10
48,pillars|fm|K2,pillars,fm,2,test,pillars_bounds+dynamics+geo_bounds+obstacles,dpcc-c,False,proj_valid,0.0,0.3,0.0,0.0,0.0,0.3,0.0,0.9926307824799535,179.9,39.73294287820814,634.0,,0.137426867832085,137.42686783208498,18.314225279804848,119.11264255228014,394.22478112392116,0.8657728706624607,0.543261525400553,0.0006089975042124333,0.38775132728883427,10
48,pillars|fm|K2,pillars,fm,2,test,pillars_bounds+dynamics+geo_bounds+obstacles,dpcc-c-tightened,True,all,0.2,0.3,0.0,0.0,0.0,0.3,0.2,1.2938879986753131,162.3,60.03492643192279,602.5,476.5,0.18917411676176882,189.1741167617688,18.30416629949488,170.86995046227392,579.4094325136391,0.8361198738170348,0.6033948555567299,0.0025558458864606334,0.39362066399765777,10
48,pillars|fm|K2,pillars,fm,2,test,pillars_bounds+dynamics+geo_bounds+obstacles,dpcc-c-tightened,True,proj_valid,0.2,0.3,0.0,0.0,0.0,0.3,0.2,1.2938879986753131,162.3,60.03492643192279,602.5,476.5,0.18917411676176882,189.1741167617688,18.30416629949488,170.86995046227392,579.4094325136391,0.8361198738170348,0.6033948555567299,0.0025558458864606334,0.39362066399765777,10
48,pillars|fm|K2,pillars,fm,2,test,pillars_bounds+dynamics+geo_bounds+obstacles,dpcc-t,False,all,0.0,0.6,0.0,0.0,0.0,0.6,0.2,0.6758377911698235,213.8,51.47339910930485,624.4,586.0,0.1600466796781889,160.0466796781889,18.240124351652632,141.80655532653628,554.4723914191129,1.0,0.46852106658280385,0.0006701967562463462,0.39481926678359824,10
48,pillars|fm|K2,pillars,fm,2,test,pillars_bounds+dynamics+geo_bounds+obstacles,dpcc-t,False,proj_valid,0.0,0.6,0.0,0.0,0.0,0.6,0.2,0.6758377911698235,213.8,51.47339910930485,624.4,586.0,0.1600466796781889,160.0466796781889,18.240124351652632,141.80655532653628,554.4723914191129,1.0,0.46852106658280385,0.0006701967562463462,0.39481926678359824,10
48,pillars|fm|K2,pillars,fm,2,test,pillars_bounds+dynamics+geo_bounds+obstacles,dpcc-t-tightened,True,all,0.0,0.2,0.0,0.0,0.0,0.3,0.0,1.539413541322781,161.3,50.751611418901796,634.0,,0.17292113851173532,172.9211385117353,18.258909835419857,154.66222867631546,591.3980038370943,0.8287066246056783,0.5766620718219958,0.004833350142696769,0.3407495837110124,10
48,pillars|fm|K2,pillars,fm,2,test,pillars_bounds+dynamics+geo_bounds+obstacles,dpcc-t-tightened,True,proj_valid,0.0,0.2,0.0,0.0,0.0,0.3,0.0,1.539413541322781,161.3,50.751611418901796,634.0,,0.17292113851173532,172.9211385117353,18.258909835419857,154.66222867631546,591.3980038370943,0.8287066246056783,0.5766620718219958,0.004833350142696769,0.3407495837110124,10
48,pillars|fm|K2,pillars,fm,2,test,pillars_bounds+dynamics+geo_bounds+obstacles,hardflow_new,False,all,0.1,0.1,0.0,0.0,0.0,0.1,0.1,3.6922722802491847,86.3,10.789139981609303,618.9,483.0,0.08723026426121028,87.2302642612103,19.581453155394,67.64881110581629,204.87094652838996,0.5110410094637224,0.8190795847623422,0.02739083760595732,0.4839316571542131,10
48,pillars|fm|K2,pillars,fm,2,test,pillars_bounds+dynamics+geo_bounds+obstacles,hardflow_new,False,proj_valid,0.1,0.1,0.0,0.0,0.0,0.1,0.1,3.6922722802491847,86.3,10.789139981609303,618.9,483.0,0.08723026426121028,87.2302642612103,19.581453155394,67.64881110581629,204.87094652838996,0.5110410094637224,0.8190795847623422,0.02739083760595732,0.4839316571542131,10
48,pillars|fm|K2,pillars,fm,2,test,pillars_bounds+dynamics+geo_bounds+obstacles,hardflow_new-c,False,all,0.0,0.0,0.0,0.0,0.0,0.0,0.0,3.083846779514218,86.5,9.96001082628403,634.0,,0.26865354165287514,268.6535416528751,21.54477372723212,247.108767925643,648.9848446752875,0.5037854889589906,0.618131041366612,0.01341650148108511,0.5494037074281393,10
48,pillars|fm|K2,pillars,fm,2,test,pillars_bounds+dynamics+geo_bounds+obstacles,hardflow_new-c,False,proj_valid,0.0,0.0,0.0,0.0,0.0,0.0,0.0,3.083846779514218,86.5,9.96001082628403,634.0,,0.26865354165287514,268.6535416528751,21.54477372723212,247.108767925643,648.9848446752875,0.5037854889589906,0.618131041366612,0.01341650148108511,0.5494037074281393,10
48,pillars|fm|K2,pillars,fm,2,test,pillars_bounds+dynamics+geo_bounds+obstacles,hardflow_new-t,False,all,0.0,0.0,0.0,0.0,0.0,0.0,0.0,3.290507580553522,94.0,23.42302363899632,634.0,,0.31318584184291465,313.1858418429147,21.672536297546085,291.5133055453686,1005.1432363409549,0.5593059936908518,0.96677212238926,0.0016385512777447697,0.35461642565269963,10
48,pillars|fm|K2,pillars,fm,2,test,pillars_bounds+dynamics+geo_bounds+obstacles,hardflow_new-t,False,proj_valid,0.0,0.0,0.0,0.0,0.0,0.0,0.0,3.290507580553522,94.0,23.42302363899632,634.0,,0.31318584184291465,313.1858418429147,21.672536297546085,291.5133055453686,1005.1432363409549,0.5593059936908518,0.96677212238926,0.0016385512777447697,0.35461642565269963,10
48,pillars|fm|K2,pillars,fm,2,test,pillars_bounds+dynamics+geo_bounds+obstacles,dpcc-c-geo_free,False,all,0.0,0.9,0.0,0.0,0.0,0.9,0.0,1.1028623180464798,497.0,145.60067992613418,634.0,,0.029549887370252197,29.549887370252197,17.940030005995975,11.609857364256222,30.26617213152349,0.07097791798107256,0.35044460819844236,0.021473158551810236,0.9941032305175043,10
48,pillars|fm|K2,pillars,fm,2,test,pillars_bounds+dynamics+geo_bounds+obstacles,dpcc-c-geo_free,False,proj_valid,0.0,0.9,0.0,0.0,0.0,0.9,0.0,1.1028623180464798,497.0,145.60067992613418,634.0,,0.029549887370252197,29.549887370252197,17.940030005995975,11.609857364256222,30.26617213152349,0.07097791798107256,0.35044460819844236,0.021473158551810236,0.9941032305175043,10
48,pillars|fm|K2,pillars,fm,2,test,pillars_bounds+dynamics+geo_bounds+obstacles,dpcc-r-geo_free,False,all,0.0,0.9,0.0,0.0,0.0,0.9,0.0,0.950177857664395,496.2,144.20903330048762,634.0,,0.030068491184192286,30.068491184192283,18.295485032076805,11.773006152115482,31.1824116948992,0.3641955835962145,0.34477864045014484,0.0013513513513513514,0.9910185693289251,10
48,pillars|fm|K2,pillars,fm,2,test,pillars_bounds+dynamics+geo_bounds+obstacles,dpcc-r-geo_free,False,proj_valid,0.0,0.9,0.0,0.0,0.0,0.9,0.0,0.950177857664395,496.2,144.20903330048762,634.0,,0.030068491184192286,30.068491184192283,18.295485032076805,11.773006152115482,31.1824116948992,0.3641955835962145,0.34477864045014484,0.0013513513513513514,0.9910185693289251,10
48,pillars|fm|K2,pillars,fm,2,test,pillars_bounds+dynamics+geo_bounds+obstacles,dpcc-t-geo_free,False,all,0.0,0.9,0.0,0.0,0.0,0.9,0.0,0.6272894465954495,531.6,152.9730428867337,634.0,,0.029548799127857395,29.548799127857393,17.94738451441991,11.601414613437484,30.353678856045008,0.10883280757097794,0.32836875752561373,0.00015772870662460566,0.9925395931223326,10
48,pillars|fm|K2,pillars,fm,2,test,pillars_bounds+dynamics+geo_bounds+obstacles,dpcc-t-geo_free,False,proj_valid,0.0,0.9,0.0,0.0,0.0,0.9,0.0,0.6272894465954495,531.6,152.9730428867337,634.0,,0.029548799127857395,29.548799127857393,17.94738451441991,11.601414613437484,30.353678856045008,0.10883280757097794,0.32836875752561373,0.00015772870662460566,0.9925395931223326,10
48,pillars|fm|K2,pillars,fm,2,test,pillars_bounds+dynamics+geo_bounds+obstacles,hardflow_new-c-geo_free,False,all,0.0,0.9,0.0,0.0,0.0,0.9,0.0,1.0653070086763576,496.7,143.03052269350474,634.0,,0.08469970483245964,84.69970483245964,21.1264282153069,63.57327661715275,124.25430581904948,0.9339116719242903,0.3411786600920478,0.01937984496124031,1.0410103009864358,10
48,pillars|fm|K2,pillars,fm,2,test,pillars_bounds+dynamics+geo_bounds+obstacles,hardflow_new-c-geo_free,False,proj_valid,0.0,0.9,0.0,0.0,0.0,0.9,0.0,1.0653070086763576,496.7,143.03052269350474,634.0,,0.08469970483245964,84.69970483245964,21.1264282153069,63.57327661715275,124.25430581904948,0.9339116719242903,0.3411786600920478,0.01937984496124031,1.0410103009864358,10
48,pillars|fm|K2,pillars,fm,2,test,pillars_bounds+dynamics+geo_bounds+obstacles,hardflow_new-r,False,all,0.0,0.0,0.0,0.0,0.0,0.0,0.0,4.0777906317180665,50.4,3.573403175035724,634.0,,0.22783554448877133,227.8355444887713,21.70926980053884,206.12627468823248,489.87547761760635,0.38154574132492114,0.5326210641513178,0.001301024195911544,0.6358623533580291,10
48,pillars|fm|K2,pillars,fm,2,test,pillars_bounds+dynamics+geo_bounds+obstacles,hardflow_new-r,False,proj_valid,0.0,0.0,0.0,0.0,0.0,0.0,0.0,4.0777906317180665,50.4,3.573403175035724,634.0,,0.22783554448877133,227.8355444887713,21.70926980053884,206.12627468823248,489.87547761760635,0.38154574132492114,0.5326210641513178,0.001301024195911544,0.6358623533580291,10
48,pillars|fm|K2,pillars,fm,2,test,pillars_bounds+dynamics+geo_bounds+obstacles,hardflow_new-r-geo_free,False,all,0.0,0.9,0.0,0.0,0.0,0.9,0.0,0.758002504792948,525.1,186.5719971470195,634.0,,0.08482630030907197,84.82630030907197,20.744544079333355,64.0817562297386,125.09842285886407,1.0,0.365786883940674,0.0035751840168243955,0.938237779612076,10
48,pillars|fm|K2,pillars,fm,2,test,pillars_bounds+dynamics+geo_bounds+obstacles,hardflow_new-r-geo_free,False,proj_valid,0.0,0.9,0.0,0.0,0.0,0.9,0.0,0.758002504792948,525.1,186.5719971470195,634.0,,0.08482630030907197,84.82630030907197,20.744544079333355,64.0817562297386,125.09842285886407,1.0,0.365786883940674,0.0035751840168243955,0.938237779612076,10
48,pillars|fm|K2,pillars,fm,2,test,pillars_bounds+dynamics+geo_bounds+obstacles,hardflow_new-t-geo_free,False,all,0.0,1.0,0.0,0.0,0.0,1.0,0.0,0.6248693894656333,509.7,142.83502824521037,634.0,,0.08531694059445279,85.31694059445279,20.941153703968418,64.37578689048436,127.47398820705712,1.0,0.3267113883373485,0.0,0.9467525375045318,10
48,pillars|fm|K2,pillars,fm,2,test,pillars_bounds+dynamics+geo_bounds+obstacles,hardflow_new-t-geo_free,False,proj_valid,0.0,1.0,0.0,0.0,0.0,1.0,0.0,0.6248693894656333,509.7,142.83502824521037,634.0,,0.08531694059445279,85.31694059445279,20.941153703968418,64.37578689048436,127.47398820705712,1.0,0.3267113883373485,0.0,0.9467525375045318,10
49,pillars|fm|K5,pillars,fm,5,test,pillars_bounds+dynamics+geo_bounds+obstacles,diffuser,False,all,0.0,0.8,0.0,0.0,0.0,0.8,0.0,1.1794703757522242,449.3,204.23403754087525,634.0,,0.04258785046933462,42.587850469334626,42.587850469334626,0.0,42.65090034343302,0.9766561514195583,0.5324462055273333,0.0017717975014388148,0.31748814542993253,10
49,pillars|fm|K5,pillars,fm,5,test,pillars_bounds+dynamics+geo_bounds+obstacles,diffuser,False,proj_valid,0.0,0.8,0.0,0.0,0.0,0.8,0.0,1.1794703757522242,449.3,204.23403754087525,634.0,,0.04258785046933462,42.587850469334626,42.587850469334626,0.0,42.65090034343302,0.9766561514195583,0.5324462055273333,0.0017717975014388148,0.31748814542993253,10
49,pillars|fm|K5,pillars,fm,5,test,pillars_bounds+dynamics+geo_bounds+obstacles,dpcc-r,False,all,0.0,0.0,0.0,0.0,0.0,0.0,0.4,1.7513076363004356,110.3,22.214356656702336,557.9,443.75,1.444366310074239,1444.366310074239,43.06075230076612,1401.3055577734729,6509.712099498133,0.7075709779179811,0.5743458007658085,0.010674219032227077,0.7682543383186199,10
49,pillars|fm|K5,pillars,fm,5,test,pillars_bounds+dynamics+geo_bounds+obstacles,dpcc-r,False,proj_valid,0.0,0.0,0.0,0.0,0.0,0.0,0.4,1.7513076363004356,110.3,22.214356656702336,557.9,443.75,1.444366310074239,1444.366310074239,43.06075230076612,1401.3055577734729,6509.712099498133,0.7075709779179811,0.5743458007658085,0.010674219032227077,0.7682543383186199,10
49,pillars|fm|K5,pillars,fm,5,test,pillars_bounds+dynamics+geo_bounds+obstacles,dpcc-r-tightened,True,all,0.0,0.0,0.0,0.0,0.0,0.0,0.1,1.4255600722450112,148.7,41.6446055745192,616.7,461.0,1.658542659230973,1658.542659230973,43.13368732445417,1615.4089719065187,7434.781167274341,0.73801261829653,0.6477042879301241,0.0194405459520324,0.279780652475097,10
49,pillars|fm|K5,pillars,fm,5,test,pillars_bounds+dynamics+geo_bounds+obstacles,dpcc-r-tightened,True,proj_valid,0.0,0.0,0.0,0.0,0.0,0.0,0.1,1.4255600722450112,148.7,41.6446055745192,616.7,461.0,1.658542659230973,1658.542659230973,43.13368732445417,1615.4089719065187,7434.781167274341,0.73801261829653,0.6477042879301241,0.0194405459520324,0.279780652475097,10
49,pillars|fm|K5,pillars,fm,5,test,pillars_bounds+dynamics+geo_bounds+obstacles,dpcc-c,False,all,0.1,0.4,0.0,0.0,0.0,0.4,0.2,1.4576818063896848,104.1,15.667689944552109,608.2,505.0,1.209397935320256,1209.397935320256,43.11188140554567,1166.2860539147102,4963.503079358487,0.7957413249211356,0.5204093665183707,0.008188817749023414,0.5742440153561545,10
49,pillars|fm|K5,pillars,fm,5,test,pillars_bounds+dynamics+geo_bounds+obstacles,dpcc-c,False,proj_valid,0.1,0.4,0.0,0.0,0.0,0.4,0.2,1.4576818063896848,104.1,15.667689944552109,608.2,505.0,1.209397935320256,1209.397935320256,43.11188140554567,1166.2860539147102,4963.503079358487,0.7957413249211356,0.5204093665183707,0.008188817749023414,0.5742440153561545,10
49,pillars|fm|K5,pillars,fm,5,test,pillars_bounds+dynamics+geo_bounds+obstacles,dpcc-c-tightened,True,all,0.0,0.0,0.0,0.0,0.0,0.0,0.5,1.5429723216885054,100.6,25.2757090035325,539.5,445.0,1.4379965274007973,1437.9965274007975,43.14327843720486,1394.8532489635925,6142.497898163273,0.7629337539432177,0.5746493152494568,0.003513484579829211,0.6852936972962824,10
49,pillars|fm|K5,pillars,fm,5,test,pillars_bounds+dynamics+geo_bounds+obstacles,dpcc-c-tightened,True,proj_valid,0.0,0.0,0.0,0.0,0.0,0.0,0.5,1.5429723216885054,100.6,25.2757090035325,539.5,445.0,1.4379965274007973,1437.9965274007975,43.14327843720486,1394.8532489635925,6142.497898163273,0.7629337539432177,0.5746493152494568,0.003513484579829211,0.6852936972962824,10
49,pillars|fm|K5,pillars,fm,5,test,pillars_bounds+dynamics+geo_bounds+obstacles,dpcc-t,False,all,0.0,0.0,0.0,0.0,0.0,0.0,0.2,1.2485853670023415,139.9,28.710807991969347,602.3,475.5,1.6294682558275415,1629.4682558275415,43.22685096021416,1586.2414048673274,6942.138508595524,0.7250788643533124,0.6327551091792458,0.01644351057161699,0.46811768521034464,10
49,pillars|fm|K5,pillars,fm,5,test,pillars_bounds+dynamics+geo_bounds+obstacles,dpcc-t,False,proj_valid,0.0,0.0,0.0,0.0,0.0,0.0,0.2,1.2485853670023415,139.9,28.710807991969347,602.3,475.5,1.6294682558275415,1629.4682558275415,43.22685096021416,1586.2414048673274,6942.138508595524,0.7250788643533124,0.6327551091792458,0.01644351057161699,0.46811768521034464,10
49,pillars|fm|K5,pillars,fm,5,test,pillars_bounds+dynamics+geo_bounds+obstacles,dpcc-t-tightened,True,all,0.0,0.0,0.0,0.0,0.0,0.0,0.2,1.7668038615121808,104.3,37.09505741849991,593.6,432.0,1.543130352462433,1543.130352462433,43.22008004757967,1499.9102724148531,6081.416785400359,0.7159305993690852,0.6158500980711228,0.007155322279778874,0.6592612674240985,10
49,pillars|fm|K5,pillars,fm,5,test,pillars_bounds+dynamics+geo_bounds+obstacles,dpcc-t-tightened,True,proj_valid,0.0,0.0,0.0,0.0,0.0,0.0,0.2,1.7668038615121808,104.3,37.09505741849991,593.6,432.0,1.543130352462433,1543.130352462433,43.22008004757967,1499.9102724148531,6081.416785400359,0.7159305993690852,0.6158500980711228,0.007155322279778874,0.6592612674240985,10
49,pillars|fm|K5,pillars,fm,5,test,pillars_bounds+dynamics+geo_bounds+obstacles,hardflow_sls,False,all,0.0,0.2,0.0,0.0,0.0,0.2,0.2,1.3244923244563278,127.6,29.214853362424122,602.2,475.0,0.18502772304212997,185.02772304213,60.80051769998139,124.2272053421486,495.9209620859472,0.7900630914826499,0.5698142113171618,0.0032373613092688395,0.5849733926894107,10
49,pillars|fm|K5,pillars,fm,5,test,pillars_bounds+dynamics+geo_bounds+obstacles,hardflow_sls,False,proj_valid,0.0,0.2,0.0,0.0,0.0,0.2,0.2,1.3244923244563278,127.6,29.214853362424122,602.2,475.0,0.18502772304212997,185.02772304213,60.80051769998139,124.2272053421486,495.9209620859472,0.7900630914826499,0.5698142113171618,0.0032373613092688395,0.5849733926894107,10
49,pillars|fm|K5,pillars,fm,5,test,pillars_bounds+dynamics+geo_bounds+obstacles,hardflow_sls-c,False,all,0.0,0.3,0.0,0.0,0.0,0.3,0.0,1.0866933321439824,201.9,71.30368645590315,634.0,,0.5873676715244842,587.3676715244842,62.514635611793175,524.853035912691,2283.4623126499364,0.88596214511041,0.5328092137439956,0.0026435633304680546,0.44426534520171224,10
49,pillars|fm|K5,pillars,fm,5,test,pillars_bounds+dynamics+geo_bounds+obstacles,hardflow_sls-c,False,proj_valid,0.0,0.3,0.0,0.0,0.0,0.3,0.0,1.0866933321439824,201.9,71.30368645590315,634.0,,0.5873676715244842,587.3676715244842,62.514635611793175,524.853035912691,2283.4623126499364,0.88596214511041,0.5328092137439956,0.0026435633304680546,0.44426534520171224,10
49,pillars|fm|K5,pillars,fm,5,test,pillars_bounds+dynamics+geo_bounds+obstacles,hardflow_sls-t,False,all,0.1,0.3,0.0,0.0,0.0,0.3,0.2,1.3647079503950559,151.2,42.336770958690806,592.1,424.5,0.539101980968142,539.101980968142,62.40353326965179,476.6984476984902,1941.1740967910723,0.8146687697160884,0.6892124488000467,0.022317822438898287,0.5022964998667285,10
49,pillars|fm|K5,pillars,fm,5,test,pillars_bounds+dynamics+geo_bounds+obstacles,hardflow_sls-t,False,proj_valid,0.1,0.3,0.0,0.0,0.0,0.3,0.2,1.3647079503950559,151.2,42.336770958690806,592.1,424.5,0.539101980968142,539.101980968142,62.40353326965179,476.6984476984902,1941.1740967910723,0.8146687697160884,0.6892124488000467,0.022317822438898287,0.5022964998667285,10
49,pillars|fm|K5,pillars,fm,5,test,pillars_bounds+dynamics+geo_bounds+obstacles,dpcc-c-geo_free,False,all,0.0,0.7,0.0,0.0,0.0,0.7,0.0,1.20607048044604,474.8,118.17350258262596,634.0,,0.07672304535884347,76.72304535884348,43.02631280845591,33.69673255038756,77.23382690921426,0.9447949526813879,0.35161360030539596,0.021183039350720516,0.800340154804563,10
49,pillars|fm|K5,pillars,fm,5,test,pillars_bounds+dynamics+geo_bounds+obstacles,dpcc-c-geo_free,False,proj_valid,0.0,0.7,0.0,0.0,0.0,0.7,0.0,1.20607048044604,474.8,118.17350258262596,634.0,,0.07672304535884347,76.72304535884348,43.02631280845591,33.69673255038756,77.23382690921426,0.9447949526813879,0.35161360030539596,0.021183039350720516,0.800340154804563,10
49,pillars|fm|K5,pillars,fm,5,test,pillars_bounds+dynamics+geo_bounds+obstacles,dpcc-r-geo_free,False,all,0.0,0.7,0.0,0.0,0.0,0.7,0.0,1.2083901416728549,468.3,116.95490303004105,634.0,,0.07672116304913232,76.72116304913231,43.015083001376006,33.7060800477563,77.16489071957767,0.9381703470031546,0.36072745482435564,0.022438320688965945,0.7718228654392647,10
49,pillars|fm|K5,pillars,fm,5,test,pillars_bounds+dynamics+geo_bounds+obstacles,dpcc-r-geo_free,False,proj_valid,0.0,0.7,0.0,0.0,0.0,0.7,0.0,1.2083901416728549,468.3,116.95490303004105,634.0,,0.07672116304913232,76.72116304913231,43.015083001376006,33.7060800477563,77.16489071957767,0.9381703470031546,0.36072745482435564,0.022438320688965945,0.7718228654392647,10
49,pillars|fm|K5,pillars,fm,5,test,pillars_bounds+dynamics+geo_bounds+obstacles,dpcc-t-geo_free,False,all,0.0,0.7,0.0,0.0,0.0,0.7,0.0,1.3095758802940387,463.1,128.56323389569667,634.0,,0.07656065744603421,76.56065744603421,43.03032942758794,33.53032801844627,77.04083912074566,0.9376971608832807,0.4529359243307958,0.05682215153395017,0.7712171596578654,10
49,pillars|fm|K5,pillars,fm,5,test,pillars_bounds+dynamics+geo_bounds+obstacles,dpcc-t-geo_free,False,proj_valid,0.0,0.7,0.0,0.0,0.0,0.7,0.0,1.3095758802940387,463.1,128.56323389569667,634.0,,0.07656065744603421,76.56065744603421,43.03032942758794,33.53032801844627,77.04083912074566,0.9376971608832807,0.4529359243307958,0.05682215153395017,0.7712171596578654,10
49,pillars|fm|K5,pillars,fm,5,test,pillars_bounds+dynamics+geo_bounds+obstacles,hardflow_sls-c-geo_free,False,all,0.0,0.6,0.0,0.0,0.0,0.6,0.1,1.056356218154328,431.9,112.60218673089625,616.3,457.0,0.09718441600796815,97.18441600796814,62.262038866511695,34.92237714145644,98.37523800320923,0.939589905362776,0.3554948134312863,0.019031774523371424,0.9529982691898577,10
49,pillars|fm|K5,pillars,fm,5,test,pillars_bounds+dynamics+geo_bounds+obstacles,hardflow_sls-c-geo_free,False,proj_valid,0.0,0.6,0.0,0.0,0.0,0.6,0.1,1.056356218154328,431.9,112.60218673089625,616.3,457.0,0.09718441600796815,97.18441600796814,62.262038866511695,34.92237714145644,98.37523800320923,0.939589905362776,0.3554948134312863,0.019031774523371424,0.9529982691898577,10
49,pillars|fm|K5,pillars,fm,5,test,pillars_bounds+dynamics+geo_bounds+obstacles,hardflow_sls-r,False,all,0.0,0.1,0.0,0.0,0.0,0.1,0.2,1.536016803621196,128.5,33.22790470631459,615.1,539.5,0.5303877308681128,530.3877308681128,62.5366979729147,467.8510328951981,1454.0986666921513,0.7279179810725551,0.6054973434794639,0.004098816132717468,0.5576117378387038,10
49,pillars|fm|K5,pillars,fm,5,test,pillars_bounds+dynamics+geo_bounds+obstacles,hardflow_sls-r,False,proj_valid,0.0,0.1,0.0,0.0,0.0,0.1,0.2,1.536016803621196,128.5,33.22790470631459,615.1,539.5,0.5303877308681128,530.3877308681128,62.5366979729147,467.8510328951981,1454.0986666921513,0.7279179810725551,0.6054973434794639,0.004098816132717468,0.5576117378387038,10
49,pillars|fm|K5,pillars,fm,5,test,pillars_bounds+dynamics+geo_bounds+obstacles,hardflow_sls-r-geo_free,False,all,0.0,0.6,0.0,0.0,0.0,0.6,0.3,0.8352393919619778,410.5,110.68191457745574,584.3,468.3333333333333,0.09701155248463247,97.01155248463247,62.24025106184026,34.77130142279221,98.26074876822531,0.9556782334384858,0.4162008513390161,0.024469726735747342,0.9385742932540364,10
49,pillars|fm|K5,pillars,fm,5,test,pillars_bounds+dynamics+geo_bounds+obstacles,hardflow_sls-r-geo_free,False,proj_valid,0.0,0.6,0.0,0.0,0.0,0.6,0.3,0.8352393919619778,410.5,110.68191457745574,584.3,468.3333333333333,0.09701155248463247,97.01155248463247,62.24025106184026,34.77130142279221,98.26074876822531,0.9556782334384858,0.4162008513390161,0.024469726735747342,0.9385742932540364,10
49,pillars|fm|K5,pillars,fm,5,test,pillars_bounds+dynamics+geo_bounds+obstacles,hardflow_sls-t-geo_free,False,all,0.0,0.4,0.0,0.0,0.0,0.4,0.3,0.9639100443157252,404.4,94.32935026825575,581.0,457.3333333333333,0.0974672754926348,97.4672754926348,62.65038108675403,34.816894405880774,98.49483342841268,0.9388012618296531,0.38560927198968664,0.017212767476671227,1.012007908310743,10
49,pillars|fm|K5,pillars,fm,5,test,pillars_bounds+dynamics+geo_bounds+obstacles,hardflow_sls-t-geo_free,False,proj_valid,0.0,0.4,0.0,0.0,0.0,0.4,0.3,0.9639100443157252,404.4,94.32935026825575,581.0,457.3333333333333,0.0974672754926348,97.4672754926348,62.65038108675403,34.816894405880774,98.49483342841268,0.9388012618296531,0.38560927198968664,0.017212767476671227,1.012007908310743,10
50,pillars|mf|K10|bbunet|dp0.5,pillars,mf,10,test,pillars_bounds+dynamics+geo_bounds+obstacles,diffuser,False,all,0.0,0.0,0.0,0.0,0.0,0.0,0.0,118.07051669575345,593.0,46637.30646742106,634.0,,0.08914523062587065,89.14523062587067,89.14523062587067,0.0,91.61286462719242,1.0,190.47277572418557,0.0,-0.012514784126472054,3
50,pillars|mf|K10|bbunet|dp0.5,pillars,mf,10,test,pillars_bounds+dynamics+geo_bounds+obstacles,diffuser,False,proj_valid,0.0,0.0,0.0,0.0,0.0,0.0,0.0,118.07051669575345,593.0,46637.30646742106,634.0,,0.08914523062587065,89.14523062587067,89.14523062587067,0.0,91.61286462719242,1.0,190.47277572418557,0.0,-0.012514784126472054,3
50,pillars|mf|K10|bbunet|dp0.5,pillars,mf,10,test,pillars_bounds+dynamics+geo_bounds+obstacles,dpcc-r,False,all,0.0,0.0,0.0,0.0,0.0,0.0,0.0,65.26807253738826,479.6666666666667,14626.764396407154,634.0,,1.3182378550717209,1318.237855071721,95.62513183265706,1222.6127232390638,3823.625459025306,1.0,52.67788834699667,0.008762705923589204,0.007419886302937999,3
50,pillars|mf|K10|bbunet|dp0.5,pillars,mf,10,test,pillars_bounds+dynamics+geo_bounds+obstacles,dpcc-r,False,proj_valid,0.0,0.0,0.0,0.0,0.0,0.0,0.0,65.26807253738826,479.6666666666667,14626.764396407154,634.0,,1.3182378550717209,1318.237855071721,95.62513183265706,1222.6127232390638,3823.625459025306,1.0,52.67788834699667,0.008762705923589204,0.007419886302937999,3
50,pillars|mf|K10|bbunet|dp0.5,pillars,mf,10,test,pillars_bounds+dynamics+geo_bounds+obstacles,dpcc-r-tightened,True,all,0.0,0.0,0.0,0.0,0.0,0.0,0.0,43.07200395489551,472.0,12013.875717606463,634.0,,1.3759300908255934,1375.9300908255934,95.62056477658537,1280.3095260490081,4043.9901981502794,1.0,51.673640670980284,0.006659656501927795,-2.2813782932883093,3
50,pillars|mf|K10|bbunet|dp0.5,pillars,mf,10,test,pillars_bounds+dynamics+geo_bounds+obstacles,dpcc-r-tightened,True,proj_valid,0.0,0.0,0.0,0.0,0.0,0.0,0.0,43.07200395489551,472.0,12013.875717606463,634.0,,1.3759300908255934,1375.9300908255934,95.62056477658537,1280.3095260490081,4043.9901981502794,1.0,51.673640670980284,0.006659656501927795,-2.2813782932883093,3
50,pillars|mf|K10|bbunet|dp0.5,pillars,mf,10,test,pillars_bounds+dynamics+geo_bounds+obstacles,dpcc-c,False,all,0.0,0.0,0.0,0.0,0.0,0.0,0.0,3.436589835504545,398.0,196.23456411761072,634.0,,1.8054199754069515,1805.4199754069516,95.42167436264917,1709.9983010443023,6624.124443562086,1.0,43.565962211298,0.0008762705923589204,0.08591638870578933,3
50,pillars|mf|K10|bbunet|dp0.5,pillars,mf,10,test,pillars_bounds+dynamics+geo_bounds+obstacles,dpcc-c,False,proj_valid,0.0,0.0,0.0,0.0,0.0,0.0,0.0,3.436589835504545,398.0,196.23456411761072,634.0,,1.8054199754069515,1805.4199754069516,95.42167436264917,1709.9983010443023,6624.124443562086,1.0,43.565962211298,0.0008762705923589204,0.08591638870578933,3
50,pillars|mf|K10|bbunet|dp0.5,pillars,mf,10,test,pillars_bounds+dynamics+geo_bounds+obstacles,dpcc-c-tightened,True,all,0.0,0.0,0.0,0.0,0.0,0.0,0.0,104.78610075841067,476.6666666666667,28331.033104723883,634.0,,1.3087109910582753,1308.7109910582753,95.46762403515955,1213.2433670231158,3883.390360170355,1.0,89.50690777438096,0.0005257623554153522,-0.005201219042339603,3
50,pillars|mf|K10|bbunet|dp0.5,pillars,mf,10,test,pillars_bounds+dynamics+geo_bounds+obstacles,dpcc-c-tightened,True,proj_valid,0.0,0.0,0.0,0.0,0.0,0.0,0.0,104.78610075841067,476.6666666666667,28331.033104723883,634.0,,1.3087109910582753,1308.7109910582753,95.46762403515955,1213.2433670231158,3883.390360170355,1.0,89.50690777438096,0.0005257623554153522,-0.005201219042339603,3
50,pillars|mf|K10|bbunet|dp0.5,pillars,mf,10,test,pillars_bounds+dynamics+geo_bounds+obstacles,dpcc-t,False,all,0.0,0.0,0.0,0.0,0.0,0.0,0.0,50.38796046880344,311.6666666666667,10396.831507325916,634.0,,1.9718907983997127,1971.8907983997126,95.30665777079157,1876.5841406289212,7839.3886042448385,1.0,29.23549340423314,0.012092534174553101,0.31876783224316246,3
50,pillars|mf|K10|bbunet|dp0.5,pillars,mf,10,test,pillars_bounds+dynamics+geo_bounds+obstacles,dpcc-t,False,proj_valid,0.0,0.0,0.0,0.0,0.0,0.0,0.0,50.38796046880344,311.6666666666667,10396.831507325916,634.0,,1.9718907983997127,1971.8907983997126,95.30665777079157,1876.5841406289212,7839.3886042448385,1.0,29.23549340423314,0.012092534174553101,0.31876783224316246,3
50,pillars|mf|K10|bbunet|dp0.5,pillars,mf,10,test,pillars_bounds+dynamics+geo_bounds+obstacles,dpcc-t-tightened,True,all,0.0,0.0,0.0,0.0,0.0,0.0,0.0,2.5690993649167155,455.3333333333333,517.0978019627274,634.0,,2.0090053638866414,2009.0053638866411,95.39909596769404,1913.6062679189472,8248.549638005597,1.0,2.4375233452359506,0.11934805467928496,-0.003272614313464114,3
50,pillars|mf|K10|bbunet|dp0.5,pillars,mf,10,test,pillars_bounds+dynamics+geo_bounds+obstacles,dpcc-t-tightened,True,proj_valid,0.0,0.0,0.0,0.0,0.0,0.0,0.0,2.5690993649167155,455.3333333333333,517.0978019627274,634.0,,2.0090053638866414,2009.0053638866411,95.39909596769404,1913.6062679189472,8248.549638005597,1.0,2.4375233452359506,0.11934805467928496,-0.003272614313464114,3
50,pillars|mf|K10|bbunet|dp0.5,pillars,mf,10,test,pillars_bounds+dynamics+geo_bounds+obstacles,hardflow_new,False,all,0.0,0.0,0.0,0.0,0.0,0.0,1.0,0.2936041801610692,41.333333333333336,1.4244731640813761,506.3333333333333,506.3333333333333,0.9398337350546914,939.8337350546914,153.74138013813157,786.0923549165599,1631.603454084446,1.0,0.46230131405224134,0.005046495717055691,0.899088753460476,3
50,pillars|mf|K10|bbunet|dp0.5,pillars,mf,10,test,pillars_bounds+dynamics+geo_bounds+obstacles,hardflow_new,False,proj_valid,0.0,0.0,0.0,0.0,0.0,0.0,1.0,0.2936041801610692,41.333333333333336,1.4244731640813761,506.3333333333333,506.3333333333333,0.9398337350546914,939.8337350546914,153.74138013813157,786.0923549165599,1631.603454084446,1.0,0.46230131405224134,0.005046495717055691,0.899088753460476,3
50,pillars|mf|K10|bbunet|dp0.5,pillars,mf,10,test,pillars_bounds+dynamics+geo_bounds+obstacles,hardflow_new-c,False,all,0.0,0.0,0.0,0.0,0.0,0.0,0.6666666666666666,0.5082497435918797,36.333333333333336,0.9445671030142977,538.3333333333334,490.5,0.9256912738806506,925.6912738806508,153.8247806399048,771.866493240746,1386.9815555711582,1.0,0.39704280797291336,0.0029555171560607745,0.9032074921489848,3
50,pillars|mf|K10|bbunet|dp0.5,pillars,mf,10,test,pillars_bounds+dynamics+geo_bounds+obstacles,hardflow_new-c,False,proj_valid,0.0,0.0,0.0,0.0,0.0,0.0,0.6666666666666666,0.5082497435918797,36.333333333333336,0.9445671030142977,538.3333333333334,490.5,0.9256912738806506,925.6912738806508,153.8247806399048,771.866493240746,1386.9815555711582,1.0,0.39704280797291336,0.0029555171560607745,0.9032074921489848,3
50,pillars|mf|K10|bbunet|dp0.5,pillars,mf,10,test,pillars_bounds+dynamics+geo_bounds+obstacles,hardflow_new-t,False,all,0.6666666666666666,0.6666666666666666,0.0,0.0,0.0,0.6666666666666666,0.6666666666666666,0.7815335124063768,149.33333333333334,34.73789274855863,506.3333333333333,442.5,1.6526619102845403,1652.6619102845405,155.42290103731605,1497.2390092472242,3549.9348929151893,1.0,3.8605421306198004,0.07753619429787542,0.6605326921681072,3
50,pillars|mf|K10|bbunet|dp0.5,pillars,mf,10,test,pillars_bounds+dynamics+geo_bounds+obstacles,hardflow_new-t,False,proj_valid,0.6666666666666666,0.6666666666666666,0.0,0.0,0.0,0.6666666666666666,0.6666666666666666,0.7815335124063768,149.33333333333334,34.73789274855863,506.3333333333333,442.5,1.6526619102845403,1652.6619102845405,155.42290103731605,1497.2390092472242,3549.9348929151893,1.0,3.8605421306198004,0.07753619429787542,0.6605326921681072,3
50,pillars|mf|K10|bbunet|dp0.5,pillars,mf,10,test,pillars_bounds+dynamics+geo_bounds+obstacles,gradient,False,all,0.0,0.0,0.0,0.0,0.0,0.0,0.0,5.580554107256006,597.0,311.21517003611376,634.0,,0.10018923671056294,100.18923671056295,88.8560321113461,11.333204599216847,100.57010818272829,1.0,7.430610804922495,0.5676480897301087,0.1289215873685959,3
50,pillars|mf|K10|bbunet|dp0.5,pillars,mf,10,test,pillars_bounds+dynamics+geo_bounds+obstacles,gradient,False,proj_valid,0.0,0.0,0.0,0.0,0.0,0.0,0.0,5.580554107256006,597.0,311.21517003611376,634.0,,0.10018923671056294,100.18923671056295,88.8560321113461,11.333204599216847,100.57010818272829,1.0,7.430610804922495,0.5676480897301087,0.1289215873685959,3
50,pillars|mf|K10|bbunet|dp0.5,pillars,mf,10,test,pillars_bounds+dynamics+geo_bounds+obstacles,gradient-tightened,True,all,0.0,0.0,0.0,0.0,0.0,0.0,0.0,5.342068079751267,590.0,338.8521416507116,634.0,,0.10030663564221465,100.30663564221466,88.97104924084415,11.335586401370485,100.63793423275153,1.0,7.496965495770649,0.2618296529968454,0.09598204124961236,3
50,pillars|mf|K10|bbunet|dp0.5,pillars,mf,10,test,pillars_bounds+dynamics+geo_bounds+obstacles,gradient-tightened,True,proj_valid,0.0,0.0,0.0,0.0,0.0,0.0,0.0,5.342068079751267,590.0,338.8521416507116,634.0,,0.10030663564221465,100.30663564221466,88.97104924084415,11.335586401370485,100.63793423275153,1.0,7.496965495770649,0.2618296529968454,0.09598204124961236,3
50,pillars|mf|K10|bbunet|dp0.5,pillars,mf,10,test,pillars_bounds+dynamics+geo_bounds+obstacles,post_processing,False,all,0.0,0.0,0.0,0.0,0.0,0.0,0.3333333333333333,24.166706421832014,143.66666666666666,4022.6817909570987,593.3333333333334,512.0,0.15720130424770976,157.20130424770977,88.97788557956774,68.223418668142,274.87179276843864,1.0,14.807562745828292,0.006101033999298983,0.46196332732551504,3
50,pillars|mf|K10|bbunet|dp0.5,pillars,mf,10,test,pillars_bounds+dynamics+geo_bounds+obstacles,post_processing,False,proj_valid,0.0,0.0,0.0,0.0,0.0,0.0,0.3333333333333333,24.166706421832014,143.66666666666666,4022.6817909570987,593.3333333333334,512.0,0.15720130424770976,157.20130424770977,88.97788557956774,68.223418668142,274.87179276843864,1.0,14.807562745828292,0.006101033999298983,0.46196332732551504,3
50,pillars|mf|K10|bbunet|dp0.5,pillars,mf,10,test,pillars_bounds+dynamics+geo_bounds+obstacles,post_processing-tightened,True,all,0.0,0.0,0.0,0.0,0.0,0.0,0.0,1.9007608192104908,241.33333333333334,122.54175770946301,634.0,,0.23315535017145264,233.15535017145262,89.54097774784647,143.61437242360614,417.5130154316625,1.0,12.76190617104219,0.006659656501927795,0.05428737908866399,3
50,pillars|mf|K10|bbunet|dp0.5,pillars,mf,10,test,pillars_bounds+dynamics+geo_bounds+obstacles,post_processing-tightened,True,proj_valid,0.0,0.0,0.0,0.0,0.0,0.0,0.0,1.9007608192104908,241.33333333333334,122.54175770946301,634.0,,0.23315535017145264,233.15535017145262,89.54097774784647,143.61437242360614,417.5130154316625,1.0,12.76190617104219,0.006659656501927795,0.05428737908866399,3
50,pillars|mf|K10|bbunet|dp0.5,pillars,mf,10,test,pillars_bounds+dynamics+geo_bounds+obstacles,model_free,False,all,0.0,0.3333333333333333,0.0,0.0,0.0,0.3333333333333333,0.0,151.17574550106423,589.0,65032.591932331765,634.0,,0.3334805002645614,333.4805002645614,89.7453119243827,243.73518834017867,415.7038704492152,1.0,202.6789617364524,0.0,0.43177651717525006,3
50,pillars|mf|K10|bbunet|dp0.5,pillars,mf,10,test,pillars_bounds+dynamics+geo_bounds+obstacles,model_free,False,proj_valid,0.0,0.3333333333333333,0.0,0.0,0.0,0.3333333333333333,0.0,151.17574550106423,589.0,65032.591932331765,634.0,,0.3334805002645614,333.4805002645614,89.7453119243827,243.73518834017867,415.7038704492152,1.0,202.6789617364524,0.0,0.43177651717525006,3
50,pillars|mf|K10|bbunet|dp0.5,pillars,mf,10,test,pillars_bounds+dynamics+geo_bounds+obstacles,model_free-tightened,True,all,0.0,0.0,0.0,0.0,0.0,0.0,0.0,120.64714393284082,599.6666666666666,54669.98354263667,634.0,,0.3566619039049958,356.66190390499577,92.58468195670662,264.07722194828915,438.38694595421356,1.0,221.17416480477075,0.0,0.10412638230628034,3
50,pillars|mf|K10|bbunet|dp0.5,pillars,mf,10,test,pillars_bounds+dynamics+geo_bounds+obstacles,model_free-tightened,True,proj_valid,0.0,0.0,0.0,0.0,0.0,0.0,0.0,120.64714393284082,599.6666666666666,54669.98354263667,634.0,,0.3566619039049958,356.66190390499577,92.58468195670662,264.07722194828915,438.38694595421356,1.0,221.17416480477075,0.0,0.10412638230628034,3
50,pillars|mf|K10|bbunet|dp0.5,pillars,mf,10,test,pillars_bounds+dynamics+geo_bounds+obstacles,bounds_free,False,all,0.0,0.0,0.0,0.0,0.0,0.0,0.0,40.854496593783935,489.3333333333333,9957.577162628948,634.0,,1.2264184151716397,1226.4184151716397,95.48072734324715,1130.9376878283927,2671.4850867477594,1.0,50.266587834374405,0.30564318261479145,0.13811441409568911,3
50,pillars|mf|K10|bbunet|dp0.5,pillars,mf,10,test,pillars_bounds+dynamics+geo_bounds+obstacles,bounds_free,False,proj_valid,0.0,0.0,0.0,0.0,0.0,0.0,0.0,40.854496593783935,489.3333333333333,9957.577162628948,634.0,,1.2264184151716397,1226.4184151716397,95.48072734324715,1130.9376878283927,2671.4850867477594,1.0,50.266587834374405,0.30564318261479145,0.13811441409568911,3
50,pillars|mf|K10|bbunet|dp0.5,pillars,mf,10,test,pillars_bounds+dynamics+geo_bounds+obstacles,bounds_free-tightened,True,all,0.0,0.0,0.0,0.0,0.0,0.0,0.0,72.1885895046142,406.6666666666667,16167.00556210006,634.0,,0.9825367489232281,982.5367489232282,95.15619518080594,887.3805537424222,1863.5503665233657,1.0,78.88021716867708,0.2344900105152471,0.3671478659214478,3
50,pillars|mf|K10|bbunet|dp0.5,pillars,mf,10,test,pillars_bounds+dynamics+geo_bounds+obstacles,bounds_free-tightened,True,proj_valid,0.0,0.0,0.0,0.0,0.0,0.0,0.0,72.1885895046142,406.6666666666667,16167.00556210006,634.0,,0.9825367489232281,982.5367489232282,95.15619518080594,887.3805537424222,1863.5503665233657,1.0,78.88021716867708,0.2344900105152471,0.3671478659214478,3
50,pillars|mf|K10|bbunet|dp0.5,pillars,mf,10,test,pillars_bounds+dynamics+geo_bounds+obstacles,geo_free,False,all,0.0,1.0,0.0,0.0,0.0,1.0,0.0,0.5935537610585907,267.6666666666667,19.706681349277584,634.0,,0.1503057299401184,150.30572994011843,92.66429198230104,57.64143795781738,156.16242348526916,1.0,0.3119554848315431,0.0,0.586581798094897,3
50,pillars|mf|K10|bbunet|dp0.5,pillars,mf,10,test,pillars_bounds+dynamics+geo_bounds+obstacles,geo_free,False,proj_valid,0.0,1.0,0.0,0.0,0.0,1.0,0.0,0.5935537610585907,267.6666666666667,19.706681349277584,634.0,,0.1503057299401184,150.30572994011843,92.66429198230104,57.64143795781738,156.16242348526916,1.0,0.3119554848315431,0.0,0.586581798094897,3
50,pillars|mf|K10|bbunet|dp0.5,pillars,mf,10,test,pillars_bounds+dynamics+geo_bounds+obstacles,geo_free-bounds_free,False,all,0.0,1.0,0.0,0.0,0.0,1.0,0.0,0.5691094446674242,270.3333333333333,20.401020828088235,634.0,,0.14116352935812262,141.16352935812264,93.18070634553203,47.98282301259059,147.25364400073886,1.0,0.3117590755426706,0.0,0.6144357951742957,3
50,pillars|mf|K10|bbunet|dp0.5,pillars,mf,10,test,pillars_bounds+dynamics+geo_bounds+obstacles,geo_free-bounds_free,False,proj_valid,0.0,1.0,0.0,0.0,0.0,1.0,0.0,0.5691094446674242,270.3333333333333,20.401020828088235,634.0,,0.14116352935812262,141.16352935812264,93.18070634553203,47.98282301259059,147.25364400073886,1.0,0.3117590755426706,0.0,0.6144357951742957,3
50,pillars|mf|K10|bbunet|dp0.5,pillars,mf,10,test,pillars_bounds+dynamics+geo_bounds+obstacles,geo_free-model_free,False,all,0.0,0.0,0.0,0.0,0.0,0.0,0.0,102.64130125568117,589.0,45425.86441468023,634.0,,0.14540159095815147,145.40159095815147,92.74803481008917,52.65355614806231,155.6169781833887,1.0,226.52242458324554,0.0,-1.4754960010145457,3
50,pillars|mf|K10|bbunet|dp0.5,pillars,mf,10,test,pillars_bounds+dynamics+geo_bounds+obstacles,geo_free-model_free,False,proj_valid,0.0,0.0,0.0,0.0,0.0,0.0,0.0,102.64130125568117,589.0,45425.86441468023,634.0,,0.14540159095815147,145.40159095815147,92.74803481008917,52.65355614806231,155.6169781833887,1.0,226.52242458324554,0.0,-1.4754960010145457,3
50,pillars|mf|K10|bbunet|dp0.5,pillars,mf,10,test,pillars_bounds+dynamics+geo_bounds+obstacles,model_free-bounds_free,False,all,0.0,0.3333333333333333,0.0,0.0,0.0,0.6666666666666666,0.0,138.52395896670248,595.3333333333334,60498.33450412627,634.0,,0.2969484357623585,296.94843576235854,94.00041518021926,202.94802058213926,356.1898009541134,1.0,210.03723992311052,0.0,0.7972067304480265,3
50,pillars|mf|K10|bbunet|dp0.5,pillars,mf,10,test,pillars_bounds+dynamics+geo_bounds+obstacles,model_free-bounds_free,False,proj_valid,0.0,0.3333333333333333,0.0,0.0,0.0,0.6666666666666666,0.0,138.52395896670248,595.3333333333334,60498.33450412627,634.0,,0.2969484357623585,296.94843576235854,94.00041518021926,202.94802058213926,356.1898009541134,1.0,210.03723992311052,0.0,0.7972067304480265,3
50,pillars|mf|K10|bbunet|dp0.5,pillars,mf,10,test,pillars_bounds+dynamics+geo_bounds+obstacles,model_free-bounds_free-tightened,True,all,0.0,0.0,0.0,0.0,0.0,0.3333333333333333,0.0,135.97630406251537,596.6666666666666,56432.90093920828,634.0,,0.30201448672416803,302.014486724168,94.12650985997777,207.88797686419025,359.418913628906,1.0,191.78738574526503,0.0,0.41153924836139444,3
50,pillars|mf|K10|bbunet|dp0.5,pillars,mf,10,test,pillars_bounds+dynamics+geo_bounds+obstacles,model_free-bounds_free-tightened,True,proj_valid,0.0,0.0,0.0,0.0,0.0,0.3333333333333333,0.0,135.97630406251537,596.6666666666666,56432.90093920828,634.0,,0.30201448672416803,302.014486724168,94.12650985997777,207.88797686419025,359.418913628906,1.0,191.78738574526503,0.0,0.41153924836139444,3
51,pillars|mf|K1|bbunet|dp0.5,pillars,mf,1,test,pillars_bounds+dynamics+geo_bounds+obstacles,diffuser,False,all,0.0,0.0,0.0,0.0,0.0,0.0,0.0,6.502868080555885,28.5,16.266301224044987,634.0,,0.009717523348752593,9.717523348752593,9.717523348752593,0.0,9.318210976198316,0.00015772870662460566,1.0062111445900563,0.0,0.5556100976147939,10
51,pillars|mf|K1|bbunet|dp0.5,pillars,mf,1,test,pillars_bounds+dynamics+geo_bounds+obstacles,diffuser,False,proj_valid,0.0,0.0,0.0,0.0,0.0,0.0,0.0,6.502868080555885,28.5,16.266301224044987,634.0,,0.009717523348752593,9.717523348752593,9.717523348752593,0.0,9.318210976198316,0.00015772870662460566,1.0062111445900563,0.0,0.5556100976147939,10
51,pillars|mf|K1|bbunet|dp0.5,pillars,mf,1,test,pillars_bounds+dynamics+geo_bounds+obstacles,dpcc-r,False,all,0.3,0.3,0.0,0.0,0.0,0.3,0.5,1.4371409586139618,66.2,20.44291392159802,574.9,515.8,0.08470702345584284,84.70702345584284,9.386162350060358,75.32086110578248,284.35921905562276,0.43227027551198727,0.5238167753815028,0.006673786741491885,0.615585362786734,10
51,pillars|mf|K1|bbunet|dp0.5,pillars,mf,1,test,pillars_bounds+dynamics+geo_bounds+obstacles,dpcc-r,False,proj_valid,0.3,0.3,0.0,0.0,0.0,0.3,0.5,1.4371409586139618,66.2,20.44291392159802,574.9,515.8,0.08470702345584284,84.70702345584284,9.386162350060358,75.32086110578248,284.35921905562276,0.43227027551198727,0.5238167753815028,0.006673786741491885,0.615585362786734,10
51,pillars|mf|K1|bbunet|dp0.5,pillars,mf,1,test,pillars_bounds+dynamics+geo_bounds+obstacles,dpcc-r-tightened,True,all,0.2,0.2,0.0,0.0,0.0,0.2,0.5,1.465478367744851,43.9,5.162947945321989,579.7,525.4,0.10931879173845667,109.31879173845667,9.40183545947807,99.9169562789786,376.7254326120014,0.3948189596694809,0.492968435677556,0.006669429007528133,0.6570386902433273,10
51,pillars|mf|K1|bbunet|dp0.5,pillars,mf,1,test,pillars_bounds+dynamics+geo_bounds+obstacles,dpcc-r-tightened,True,proj_valid,0.2,0.2,0.0,0.0,0.0,0.2,0.5,1.465478367744851,43.9,5.162947945321989,579.7,525.4,0.10931879173845667,109.31879173845667,9.40183545947807,99.9169562789786,376.7254326120014,0.3948189596694809,0.492968435677556,0.006669429007528133,0.6570386902433273,10
51,pillars|mf|K1|bbunet|dp0.5,pillars,mf,1,test,pillars_bounds+dynamics+geo_bounds+obstacles,dpcc-c,False,all,0.1,0.1,0.0,0.0,0.0,0.1,0.4,0.9260037332261373,50.3,7.013201216880235,585.1,511.75,0.08537779682805655,85.37779682805653,9.434654627891184,75.94314220016534,266.2806460447609,0.4145066288525808,0.45223488583323795,0.0038930873134629266,0.7339154109790196,10
51,pillars|mf|K1|bbunet|dp0.5,pillars,mf,1,test,pillars_bounds+dynamics+geo_bounds+obstacles,dpcc-c,False,proj_valid,0.1,0.1,0.0,0.0,0.0,0.1,0.4,0.9260037332261373,50.3,7.013201216880235,585.1,511.75,0.08537779682805655,85.37779682805653,9.434654627891184,75.94314220016534,266.2806460447609,0.4145066288525808,0.45223488583323795,0.0038930873134629266,0.7339154109790196,10
51,pillars|mf|K1|bbunet|dp0.5,pillars,mf,1,test,pillars_bounds+dynamics+geo_bounds+obstacles,dpcc-c-tightened,True,all,0.2,0.2,0.0,0.0,0.0,0.2,0.4,1.1464467132717788,53.5,9.096874731407063,590.4,525.0,0.10331208014584696,103.31208014584695,9.445393645120012,93.86668650072694,344.72773915156705,0.42406822871732686,0.4940163060050692,0.009060919455411692,0.6385050422337795,10
51,pillars|mf|K1|bbunet|dp0.5,pillars,mf,1,test,pillars_bounds+dynamics+geo_bounds+obstacles,dpcc-c-tightened,True,proj_valid,0.2,0.2,0.0,0.0,0.0,0.2,0.4,1.1464467132717788,53.5,9.096874731407063,590.4,525.0,0.10331208014584696,103.31208014584695,9.445393645120012,93.86668650072694,344.72773915156705,0.42406822871732686,0.4940163060050692,0.009060919455411692,0.6385050422337795,10
51,pillars|mf|K1|bbunet|dp0.5,pillars,mf,1,test,pillars_bounds+dynamics+geo_bounds+obstacles,dpcc-t,False,all,0.0,0.0,0.0,0.0,0.0,0.0,0.1,2.4625841537490487,67.9,18.595886564997254,614.4,438.0,0.10890925371483633,108.90925371483631,9.483024570990752,99.42622914384557,382.26368939504016,0.34227993604425044,0.6006658257595587,0.004638656425894264,0.6385915748458173,10
51,pillars|mf|K1|bbunet|dp0.5,pillars,mf,1,test,pillars_bounds+dynamics+geo_bounds+obstacles,dpcc-t,False,proj_valid,0.0,0.0,0.0,0.0,0.0,0.0,0.1,2.4625841537490487,67.9,18.595886564997254,614.4,438.0,0.10890925371483633,108.90925371483631,9.483024570990752,99.42622914384557,382.26368939504016,0.34227993604425044,0.6006658257595587,0.004638656425894264,0.6385915748458173,10
51,pillars|mf|K1|bbunet|dp0.5,pillars,mf,1,test,pillars_bounds+dynamics+geo_bounds+obstacles,dpcc-t-tightened,True,all,0.0,0.0,0.0,0.0,0.0,0.0,0.3,1.1308059754282023,80.6,11.475393596472978,594.2,501.3333333333333,0.1740960045937893,174.09600459378927,9.498913162151505,164.59709143163778,542.5596756208681,0.4956487855775438,0.6353102506208907,0.024351486906643644,0.5587689548295175,10
51,pillars|mf|K1|bbunet|dp0.5,pillars,mf,1,test,pillars_bounds+dynamics+geo_bounds+obstacles,dpcc-t-tightened,True,proj_valid,0.0,0.0,0.0,0.0,0.0,0.0,0.3,1.1308059754282023,80.6,11.475393596472978,594.2,501.3333333333333,0.1740960045937893,174.09600459378927,9.498913162151505,164.59709143163778,542.5596756208681,0.4956487855775438,0.6353102506208907,0.024351486906643644,0.5587689548295175,10
51,pillars|mf|K1|bbunet|dp0.5,pillars,mf,1,test,pillars_bounds+dynamics+geo_bounds+obstacles,hardflow_sls,False,all,0.1,0.1,0.0,0.0,0.0,0.1,0.7,0.5912793790916433,42.6,3.3504275644056625,546.3,508.7142857142857,0.026970762398695863,26.970762398695864,10.033021886937634,16.93774051175823,57.413650499656754,0.08390993246847968,0.43456799248274225,0.005143092920275045,0.8339662261794363,10
51,pillars|mf|K1|bbunet|dp0.5,pillars,mf,1,test,pillars_bounds+dynamics+geo_bounds+obstacles,hardflow_sls,False,proj_valid,0.1,0.1,0.0,0.0,0.0,0.1,0.7,0.5912793790916433,42.6,3.3504275644056625,546.3,508.7142857142857,0.026970762398695863,26.970762398695864,10.033021886937634,16.93774051175823,57.413650499656754,0.08390993246847968,0.43456799248274225,0.005143092920275045,0.8339662261794363,10
51,pillars|mf|K1|bbunet|dp0.5,pillars,mf,1,test,pillars_bounds+dynamics+geo_bounds+obstacles,hardflow_sls-c,False,all,0.0,0.0,0.0,0.0,0.0,0.0,0.3,1.6535792786918655,66.3,15.388460623372467,592.0,494.0,0.10307462031777,103.07462031777,10.678621420554354,92.39599889721565,326.9795279204843,0.8515772870662461,0.5622686094363598,0.006821342729268443,0.686485450682611,10
51,pillars|mf|K1|bbunet|dp0.5,pillars,mf,1,test,pillars_bounds+dynamics+geo_bounds+obstacles,hardflow_sls-c,False,proj_valid,0.0,0.0,0.0,0.0,0.0,0.0,0.3,1.6535792786918655,66.3,15.388460623372467,592.0,494.0,0.10307462031777,103.07462031777,10.678621420554354,92.39599889721565,326.9795279204843,0.8515772870662461,0.5622686094363598,0.006821342729268443,0.686485450682611,10
51,pillars|mf|K1|bbunet|dp0.5,pillars,mf,1,test,pillars_bounds+dynamics+geo_bounds+obstacles,hardflow_sls-t,False,all,0.2,0.2,0.0,0.0,0.0,0.3,0.2,2.191328028279187,57.3,9.967632254949217,595.9,443.5,0.09795982035426784,97.95982035426785,10.702721403750981,87.25709895051685,310.04834439605463,0.7217665615141955,0.5179816235551522,0.002782916453751598,0.600785508628575,10
51,pillars|mf|K1|bbunet|dp0.5,pillars,mf,1,test,pillars_bounds+dynamics+geo_bounds+obstacles,hardflow_sls-t,False,proj_valid,0.2,0.2,0.0,0.0,0.0,0.3,0.2,2.191328028279187,57.3,9.967632254949217,595.9,443.5,0.09795982035426784,97.95982035426785,10.702721403750981,87.25709895051685,310.04834439605463,0.7217665615141955,0.5179816235551522,0.002782916453751598,0.600785508628575,10
51,pillars|mf|K1|bbunet|dp0.5,pillars,mf,1,test,pillars_bounds+dynamics+geo_bounds+obstacles,dpcc-c-geo_free,False,all,0.0,1.0,0.0,0.0,0.0,1.0,0.0,0.6792436768157144,296.9,104.15713229083981,634.0,,0.02058902541204864,20.58902541204864,9.365641111537391,11.223384300511247,20.88509681634605,0.0,0.32899697906948,0.0,1.0541658592905463,10
51,pillars|mf|K1|bbunet|dp0.5,pillars,mf,1,test,pillars_bounds+dynamics+geo_bounds+obstacles,dpcc-c-geo_free,False,proj_valid,0.0,1.0,0.0,0.0,0.0,1.0,0.0,0.6792436768157144,296.9,104.15713229083981,634.0,,0.02058902541204864,20.58902541204864,9.365641111537391,11.223384300511247,20.88509681634605,0.0,0.32899697906948,0.0,1.0541658592905463,10
51,pillars|mf|K1|bbunet|dp0.5,pillars,mf,1,test,pillars_bounds+dynamics+geo_bounds+obstacles,dpcc-r-geo_free,False,all,0.0,1.0,0.0,0.0,0.0,1.0,0.0,0.6484128800697643,291.7,97.36515666437126,634.0,,0.020626032157369217,20.626032157369217,9.38536417743996,11.240667979929254,20.90586177073419,0.00015772870662460566,0.3290022928023631,0.0,0.9730945388469283,10
51,pillars|mf|K1|bbunet|dp0.5,pillars,mf,1,test,pillars_bounds+dynamics+geo_bounds+obstacles,dpcc-r-geo_free,False,proj_valid,0.0,1.0,0.0,0.0,0.0,1.0,0.0,0.6484128800697643,291.7,97.36515666437126,634.0,,0.020626032157369217,20.626032157369217,9.38536417743996,11.240667979929254,20.90586177073419,0.00015772870662460566,0.3290022928023631,0.0,0.9730945388469283,10
51,pillars|mf|K1|bbunet|dp0.5,pillars,mf,1,test,pillars_bounds+dynamics+geo_bounds+obstacles,dpcc-t-geo_free,False,all,0.0,1.0,0.0,0.0,0.0,1.0,0.0,0.5765666323321078,285.5,84.45875548601137,634.0,,0.02064955193778553,20.649551937785528,9.392198910848576,11.257353026936952,20.931712351739407,0.00015772870662460566,0.32501688645305565,0.0,1.0607418429460966,10
51,pillars|mf|K1|bbunet|dp0.5,pillars,mf,1,test,pillars_bounds+dynamics+geo_bounds+obstacles,dpcc-t-geo_free,False,proj_valid,0.0,1.0,0.0,0.0,0.0,1.0,0.0,0.5765666323321078,285.5,84.45875548601137,634.0,,0.02064955193778553,20.649551937785528,9.392198910848576,11.257353026936952,20.931712351739407,0.00015772870662460566,0.32501688645305565,0.0,1.0607418429460966,10
51,pillars|mf|K1|bbunet|dp0.5,pillars,mf,1,test,pillars_bounds+dynamics+geo_bounds+obstacles,hardflow_sls-c-geo_free,False,all,0.2,1.0,0.0,0.0,0.0,1.0,0.2,0.6235208729250579,264.6,90.18753512239437,593.0,429.0,0.022191765974649374,22.19176597464938,10.59818669123725,11.593579283412124,22.43962944485247,0.00023094688221709007,0.3539072993401411,0.0,1.0586052209655004,10
51,pillars|mf|K1|bbunet|dp0.5,pillars,mf,1,test,pillars_bounds+dynamics+geo_bounds+obstacles,hardflow_sls-c-geo_free,False,proj_valid,0.2,1.0,0.0,0.0,0.0,1.0,0.2,0.6235208729250579,264.6,90.18753512239437,593.0,429.0,0.022191765974649374,22.19176597464938,10.59818669123725,11.593579283412124,22.43962944485247,0.00023094688221709007,0.3539072993401411,0.0,1.0586052209655004,10
51,pillars|mf|K1|bbunet|dp0.5,pillars,mf,1,test,pillars_bounds+dynamics+geo_bounds+obstacles,hardflow_sls-r,False,all,0.2,0.2,0.0,0.0,0.0,0.2,1.0,0.29245345956823976,50.1,4.093275472804438,521.2,521.2,0.10411420190142243,104.11420190142242,10.661740960868823,93.4524609405536,285.66624270752055,1.0,0.46203798910375793,0.004639584761195911,0.7814623033809001,10
51,pillars|mf|K1|bbunet|dp0.5,pillars,mf,1,test,pillars_bounds+dynamics+geo_bounds+obstacles,hardflow_sls-r,False,proj_valid,0.2,0.2,0.0,0.0,0.0,0.2,1.0,0.29245345956823976,50.1,4.093275472804438,521.2,521.2,0.10411420190142243,104.11420190142242,10.661740960868823,93.4524609405536,285.66624270752055,1.0,0.46203798910375793,0.004639584761195911,0.7814623033809001,10
51,pillars|mf|K1|bbunet|dp0.5,pillars,mf,1,test,pillars_bounds+dynamics+geo_bounds+obstacles,hardflow_sls-r-geo_free,False,all,0.0,1.0,0.0,0.0,0.0,1.0,0.0,0.6893883303640995,295.4,105.91107833528488,634.0,,0.02217745518999333,22.177455189993328,10.615569051084835,11.561886138908495,22.475574109703302,0.0,0.3310416252566604,0.0,1.0105127757722485,10
51,pillars|mf|K1|bbunet|dp0.5,pillars,mf,1,test,pillars_bounds+dynamics+geo_bounds+obstacles,hardflow_sls-r-geo_free,False,proj_valid,0.0,1.0,0.0,0.0,0.0,1.0,0.0,0.6893883303640995,295.4,105.91107833528488,634.0,,0.02217745518999333,22.177455189993328,10.615569051084835,11.561886138908495,22.475574109703302,0.0,0.3310416252566604,0.0,1.0105127757722485,10
51,pillars|mf|K1|bbunet|dp0.5,pillars,mf,1,test,pillars_bounds+dynamics+geo_bounds+obstacles,hardflow_sls-t-geo_free,False,all,0.1,1.0,0.0,0.0,0.0,1.0,0.1,0.6762104616719461,304.9,105.69769474410973,613.2,426.0,0.022222349889191827,22.222349889191825,10.633322611856169,11.58902727733566,22.51330121420324,0.0,0.3429189778517157,0.0,1.0251664540344496,10
51,pillars|mf|K1|bbunet|dp0.5,pillars,mf,1,test,pillars_bounds+dynamics+geo_bounds+obstacles,hardflow_sls-t-geo_free,False,proj_valid,0.1,1.0,0.0,0.0,0.0,1.0,0.1,0.6762104616719461,304.9,105.69769474410973,613.2,426.0,0.022222349889191827,22.222349889191825,10.633322611856169,11.58902727733566,22.51330121420324,0.0,0.3429189778517157,0.0,1.0251664540344496,10
52,pillars|mf|K2|bbunet|dp0.5,pillars,mf,2,test,pillars_bounds+dynamics+geo_bounds+obstacles,diffuser,False,all,0.0,0.0,0.0,0.0,0.0,0.0,0.0,6.463773426217709,28.2,14.944956273681834,634.0,,0.01836066412585527,18.36066412585527,18.36066412585527,0.0,18.17301256582141,0.00015772870662460566,0.7975736305588542,0.0,0.32599099805045617,10
52,pillars|mf|K2|bbunet|dp0.5,pillars,mf,2,test,pillars_bounds+dynamics+geo_bounds+obstacles,diffuser,False,proj_valid,0.0,0.0,0.0,0.0,0.0,0.0,0.0,6.463773426217709,28.2,14.944956273681834,634.0,,0.01836066412585527,18.36066412585527,18.36066412585527,0.0,18.17301256582141,0.00015772870662460566,0.7975736305588542,0.0,0.32599099805045617,10
52,pillars|mf|K2|bbunet|dp0.5,pillars,mf,2,test,pillars_bounds+dynamics+geo_bounds+obstacles,dpcc-r,False,all,0.2,0.2,0.0,0.0,0.0,0.2,0.5,1.74881371552194,55.1,14.206285371402704,579.8,525.6,0.09059298035014168,90.59298035014169,18.142100231345836,72.45088011879585,300.32712303102,0.7960567823343848,0.46984046746356556,0.013918486642068956,0.733043907198568,10
52,pillars|mf|K2|bbunet|dp0.5,pillars,mf,2,test,pillars_bounds+dynamics+geo_bounds+obstacles,dpcc-r,False,proj_valid,0.2,0.2,0.0,0.0,0.0,0.2,0.5,1.74881371552194,55.1,14.206285371402704,579.8,525.6,0.09059298035014168,90.59298035014169,18.142100231345836,72.45088011879585,300.32712303102,0.7960567823343848,0.46984046746356556,0.013918486642068956,0.733043907198568,10
52,pillars|mf|K2|bbunet|dp0.5,pillars,mf,2,test,pillars_bounds+dynamics+geo_bounds+obstacles,dpcc-r-tightened,True,all,0.0,0.0,0.0,0.0,0.0,0.0,0.6,1.1693047918376072,61.2,17.53688863272506,561.4,513.0,0.09124491217510583,91.24491217510584,18.179533766954485,73.06537840815135,306.3565715588627,0.9026813880126182,0.5722739292764765,0.009449783073380999,0.6949387704944066,10
52,pillars|mf|K2|bbunet|dp0.5,pillars,mf,2,test,pillars_bounds+dynamics+geo_bounds+obstacles,dpcc-r-tightened,True,proj_valid,0.0,0.0,0.0,0.0,0.0,0.0,0.6,1.1693047918376072,61.2,17.53688863272506,561.4,513.0,0.09124491217510583,91.24491217510584,18.179533766954485,73.06537840815135,306.3565715588627,0.9026813880126182,0.5722739292764765,0.009449783073380999,0.6949387704944066,10
52,pillars|mf|K2|bbunet|dp0.5,pillars,mf,2,test,pillars_bounds+dynamics+geo_bounds+obstacles,dpcc-c,False,all,0.1,0.1,0.0,0.0,0.0,0.1,0.6,0.9047318560158896,52.6,12.03812482591577,573.3,532.8333333333334,0.09664696977025158,96.64696977025157,18.26045051117532,78.38651925907625,247.70260638557357,0.945583596214511,0.4710138271121707,0.0036478052120281776,0.9083837504983105,10
52,pillars|mf|K2|bbunet|dp0.5,pillars,mf,2,test,pillars_bounds+dynamics+geo_bounds+obstacles,dpcc-c,False,proj_valid,0.1,0.1,0.0,0.0,0.0,0.1,0.6,0.9047318560158896,52.6,12.03812482591577,573.3,532.8333333333334,0.09664696977025158,96.64696977025157,18.26045051117532,78.38651925907625,247.70260638557357,0.945583596214511,0.4710138271121707,0.0036478052120281776,0.9083837504983105,10
52,pillars|mf|K2|bbunet|dp0.5,pillars,mf,2,test,pillars_bounds+dynamics+geo_bounds+obstacles,dpcc-c-tightened,True,all,0.0,0.0,0.0,0.0,0.0,0.0,0.5,0.9355367939503451,63.2,22.588045730289732,574.9,515.8,0.11802634565430611,118.02634565430613,18.217313500768675,99.80903215353744,319.45946353487665,0.9249211356466877,0.4884236529733177,0.006309072196030256,0.8434340728155165,10
52,pillars|mf|K2|bbunet|dp0.5,pillars,mf,2,test,pillars_bounds+dynamics+geo_bounds+obstacles,dpcc-c-tightened,True,proj_valid,0.0,0.0,0.0,0.0,0.0,0.0,0.5,0.9355367939503451,63.2,22.588045730289732,574.9,515.8,0.11802634565430611,118.02634565430613,18.217313500768675,99.80903215353744,319.45946353487665,0.9249211356466877,0.4884236529733177,0.006309072196030256,0.8434340728155165,10
52,pillars|mf|K2|bbunet|dp0.5,pillars,mf,2,test,pillars_bounds+dynamics+geo_bounds+obstacles,dpcc-t,False,all,0.1,0.1,0.0,0.0,0.0,0.1,0.2,1.6923842256076853,54.9,5.068219436791152,600.9,468.5,0.11163771359051715,111.63771359051714,18.306779968122722,93.33093362239443,354.67574729584146,0.7269716088328075,0.5254666481885348,0.003218539377307252,0.6402354633236365,10
52,pillars|mf|K2|bbunet|dp0.5,pillars,mf,2,test,pillars_bounds+dynamics+geo_bounds+obstacles,dpcc-t,False,proj_valid,0.1,0.1,0.0,0.0,0.0,0.1,0.2,1.6923842256076853,54.9,5.068219436791152,600.9,468.5,0.11163771359051715,111.63771359051714,18.306779968122722,93.33093362239443,354.67574729584146,0.7269716088328075,0.5254666481885348,0.003218539377307252,0.6402354633236365,10
52,pillars|mf|K2|bbunet|dp0.5,pillars,mf,2,test,pillars_bounds+dynamics+geo_bounds+obstacles,dpcc-t-tightened,True,all,0.0,0.0,0.0,0.0,0.0,0.0,0.1,1.9559855044580434,54.7,9.247954936011919,613.9,433.0,0.15732379522714868,157.32379522714865,18.309624428685296,139.01417079846337,395.67838560789806,0.7141955835962145,0.5052804961762711,0.004946985997229631,0.7685801187888602,10
52,pillars|mf|K2|bbunet|dp0.5,pillars,mf,2,test,pillars_bounds+dynamics+geo_bounds+obstacles,dpcc-t-tightened,True,proj_valid,0.0,0.0,0.0,0.0,0.0,0.0,0.1,1.9559855044580434,54.7,9.247954936011919,613.9,433.0,0.15732379522714868,157.32379522714865,18.309624428685296,139.01417079846337,395.67838560789806,0.7141955835962145,0.5052804961762711,0.004946985997229631,0.7685801187888602,10
52,pillars|mf|K2|bbunet|dp0.5,pillars,mf,2,test,pillars_bounds+dynamics+geo_bounds+obstacles,hardflow_sls,False,all,0.3,0.3,0.0,0.0,0.0,0.3,0.6,1.458392269147025,58.1,8.732192132920563,564.7,518.5,0.039178320897637765,39.17832089763776,18.93448588293607,20.243835014701695,73.13285453245041,0.2400157959353541,0.5268162578843328,0.011700544132990829,0.7876912047647349,10
52,pillars|mf|K2|bbunet|dp0.5,pillars,mf,2,test,pillars_bounds+dynamics+geo_bounds+obstacles,hardflow_sls,False,proj_valid,0.3,0.3,0.0,0.0,0.0,0.3,0.6,1.458392269147025,58.1,8.732192132920563,564.7,518.5,0.039178320897637765,39.17832089763776,18.93448588293607,20.243835014701695,73.13285453245041,0.2400157959353541,0.5268162578843328,0.011700544132990829,0.7876912047647349,10
52,pillars|mf|K2|bbunet|dp0.5,pillars,mf,2,test,pillars_bounds+dynamics+geo_bounds+obstacles,hardflow_sls-c,False,all,0.0,0.0,0.0,0.0,0.0,0.0,0.5,0.8835189942317042,62.1,15.708933876457744,576.7,519.4,0.08960894939894844,89.60894939894844,19.609273635783545,69.9996757631649,299.59067737683637,0.9383280757097792,0.47506839815118784,0.006641019197483357,0.6986423018727475,10
52,pillars|mf|K2|bbunet|dp0.5,pillars,mf,2,test,pillars_bounds+dynamics+geo_bounds+obstacles,hardflow_sls-c,False,proj_valid,0.0,0.0,0.0,0.0,0.0,0.0,0.5,0.8835189942317042,62.1,15.708933876457744,576.7,519.4,0.08960894939894844,89.60894939894844,19.609273635783545,69.9996757631649,299.59067737683637,0.9383280757097792,0.47506839815118784,0.006641019197483357,0.6986423018727475,10
52,pillars|mf|K2|bbunet|dp0.5,pillars,mf,2,test,pillars_bounds+dynamics+geo_bounds+obstacles,hardflow_sls-t,False,all,0.3,0.4,0.0,0.0,0.0,0.4,0.3,1.6915493372251504,69.9,6.795880724758463,584.6,469.3333333333333,0.11118961362260697,111.18961362260697,19.63935892074702,91.55025470185996,372.2603907063602,0.7503154574132492,0.6552199665016232,0.021995186372170978,0.70860214538902,10
52,pillars|mf|K2|bbunet|dp0.5,pillars,mf,2,test,pillars_bounds+dynamics+geo_bounds+obstacles,hardflow_sls-t,False,proj_valid,0.3,0.4,0.0,0.0,0.0,0.4,0.3,1.6915493372251504,69.9,6.795880724758463,584.6,469.3333333333333,0.11118961362260697,111.18961362260697,19.63935892074702,91.55025470185996,372.2603907063602,0.7503154574132492,0.6552199665016232,0.021995186372170978,0.70860214538902,10
52,pillars|mf|K2|bbunet|dp0.5,pillars,mf,2,test,pillars_bounds+dynamics+geo_bounds+obstacles,dpcc-c-geo_free,False,all,0.1,1.0,0.0,0.0,0.0,1.0,0.1,0.6950033739656754,346.5,110.58462643623311,615.3,447.0,0.029488184334812338,29.48818433481234,18.211553063509843,11.276631271302497,29.96165699325502,0.008399847564202994,0.3413142528319139,0.0,0.9714489167157326,10
52,pillars|mf|K2|bbunet|dp0.5,pillars,mf,2,test,pillars_bounds+dynamics+geo_bounds+obstacles,dpcc-c-geo_free,False,proj_valid,0.1,1.0,0.0,0.0,0.0,1.0,0.1,0.6950033739656754,346.5,110.58462643623311,615.3,447.0,0.029488184334812338,29.48818433481234,18.211553063509843,11.276631271302497,29.96165699325502,0.008399847564202994,0.3413142528319139,0.0,0.9714489167157326,10
52,pillars|mf|K2|bbunet|dp0.5,pillars,mf,2,test,pillars_bounds+dynamics+geo_bounds+obstacles,dpcc-r-geo_free,False,all,0.3,1.0,0.0,0.0,0.0,1.0,0.3,0.5318385348938779,266.0,72.74515619277933,575.2,438.0,0.029471698424839692,29.47169842483969,18.22247267781291,11.249225747026781,29.873382607474923,0.005629004386308372,0.36119588685724296,0.0,0.953387925039593,10
52,pillars|mf|K2|bbunet|dp0.5,pillars,mf,2,test,pillars_bounds+dynamics+geo_bounds+obstacles,dpcc-r-geo_free,False,proj_valid,0.3,1.0,0.0,0.0,0.0,1.0,0.3,0.5318385348938779,266.0,72.74515619277933,575.2,438.0,0.029471698424839692,29.47169842483969,18.22247267781291,11.249225747026781,29.873382607474923,0.005629004386308372,0.36119588685724296,0.0,0.953387925039593,10
52,pillars|mf|K2|bbunet|dp0.5,pillars,mf,2,test,pillars_bounds+dynamics+geo_bounds+obstacles,dpcc-t-geo_free,False,all,0.4,1.0,0.0,0.0,0.0,1.0,0.4,0.5387755401700817,252.0,72.01292253732656,547.8,418.5,0.02948061453320589,29.48061453320589,18.236899515644687,11.243715017561202,29.893169403076172,0.007668713295940427,0.38057644447655786,0.0,1.003311911228063,10
52,pillars|mf|K2|bbunet|dp0.5,pillars,mf,2,test,pillars_bounds+dynamics+geo_bounds+obstacles,dpcc-t-geo_free,False,proj_valid,0.4,1.0,0.0,0.0,0.0,1.0,0.4,0.5387755401700817,252.0,72.01292253732656,547.8,418.5,0.02948061453320589,29.48061453320589,18.236899515644687,11.243715017561202,29.893169403076172,0.007668713295940427,0.38057644447655786,0.0,1.003311911228063,10
52,pillars|mf|K2|bbunet|dp0.5,pillars,mf,2,test,pillars_bounds+dynamics+geo_bounds+obstacles,hardflow_sls-c-geo_free,False,all,0.4,1.0,0.0,0.0,0.0,1.0,0.4,0.578477165620303,274.9,79.4387410678861,551.6,428.0,0.031171882423167114,31.171882423167112,19.560417629087375,11.611464794079739,31.532031586393714,1.0,0.37907513404154713,0.0,0.9646375557755263,10
52,pillars|mf|K2|bbunet|dp0.5,pillars,mf,2,test,pillars_bounds+dynamics+geo_bounds+obstacles,hardflow_sls-c-geo_free,False,proj_valid,0.4,1.0,0.0,0.0,0.0,1.0,0.4,0.578477165620303,274.9,79.4387410678861,551.6,428.0,0.031171882423167114,31.171882423167112,19.560417629087375,11.611464794079739,31.532031586393714,1.0,0.37907513404154713,0.0,0.9646375557755263,10
52,pillars|mf|K2|bbunet|dp0.5,pillars,mf,2,test,pillars_bounds+dynamics+geo_bounds+obstacles,hardflow_sls-r,False,all,0.0,0.0,0.0,0.0,0.0,0.0,0.5,1.0859117875440991,70.7,14.372550868634391,579.7,525.4,0.09313430152059847,93.13430152059848,19.652000516492368,73.48230100410612,296.4407291263341,0.9227129337539433,0.527065991888921,0.008273561677095915,0.6926677138567187,10
52,pillars|mf|K2|bbunet|dp0.5,pillars,mf,2,test,pillars_bounds+dynamics+geo_bounds+obstacles,hardflow_sls-r,False,proj_valid,0.0,0.0,0.0,0.0,0.0,0.0,0.5,1.0859117875440991,70.7,14.372550868634391,579.7,525.4,0.09313430152059847,93.13430152059848,19.652000516492368,73.48230100410612,296.4407291263341,0.9227129337539433,0.527065991888921,0.008273561677095915,0.6926677138567187,10
52,pillars|mf|K2|bbunet|dp0.5,pillars,mf,2,test,pillars_bounds+dynamics+geo_bounds+obstacles,hardflow_sls-r-geo_free,False,all,0.5,1.0,0.0,0.0,0.0,1.0,0.5,0.4707400666325592,214.3,54.19379345226273,531.2,428.4,0.031167223755320765,31.16722375532077,19.591522873099827,11.57570088222094,31.498633660376072,1.0,0.3888205876032491,0.0,0.9635054102491194,10
52,pillars|mf|K2|bbunet|dp0.5,pillars,mf,2,test,pillars_bounds+dynamics+geo_bounds+obstacles,hardflow_sls-r-geo_free,False,proj_valid,0.5,1.0,0.0,0.0,0.0,1.0,0.5,0.4707400666325592,214.3,54.19379345226273,531.2,428.4,0.031167223755320765,31.16722375532077,19.591522873099827,11.57570088222094,31.498633660376072,1.0,0.3888205876032491,0.0,0.9635054102491194,10
52,pillars|mf|K2|bbunet|dp0.5,pillars,mf,2,test,pillars_bounds+dynamics+geo_bounds+obstacles,hardflow_sls-t-geo_free,False,all,0.4,1.0,0.0,0.0,0.0,1.0,0.4,0.5360267589150116,249.1,70.29211000776267,549.3,422.25,0.03123642743632213,31.236427436322128,19.639552885667356,11.596874550654773,31.600364474579692,1.0,0.37890123694895755,0.0,0.9865802630715917,10
52,pillars|mf|K2|bbunet|dp0.5,pillars,mf,2,test,pillars_bounds+dynamics+geo_bounds+obstacles,hardflow_sls-t-geo_free,False,proj_valid,0.4,1.0,0.0,0.0,0.0,1.0,0.4,0.5360267589150116,249.1,70.29211000776267,549.3,422.25,0.03123642743632213,31.236427436322128,19.639552885667356,11.596874550654773,31.600364474579692,1.0,0.37890123694895755,0.0,0.9865802630715917,10
53,pillars|mf|K5|bbunet|dp0.5,pillars,mf,5,test,pillars_bounds+dynamics+geo_bounds+obstacles,diffuser,False,all,0.0,0.0,0.0,0.0,0.0,0.0,0.0,6.4858913293993625,48.7,32.575389816108945,634.0,,0.04453868835895404,44.53868835895405,44.53868835895405,0.0,44.49429590255022,0.14810725552050472,1.0023785168688941,0.0,0.6714719225793777,10
53,pillars|mf|K5|bbunet|dp0.5,pillars,mf,5,test,pillars_bounds+dynamics+geo_bounds+obstacles,diffuser,False,proj_valid,0.0,0.0,0.0,0.0,0.0,0.0,0.0,6.4858913293993625,48.7,32.575389816108945,634.0,,0.04453868835895404,44.53868835895405,44.53868835895405,0.0,44.49429590255022,0.14810725552050472,1.0023785168688941,0.0,0.6714719225793777,10
53,pillars|mf|K5|bbunet|dp0.5,pillars,mf,5,test,pillars_bounds+dynamics+geo_bounds+obstacles,dpcc-r,False,all,0.0,0.0,0.0,0.0,0.0,0.0,0.0,4.991914195250191,44.9,19.091459211255096,634.0,,1.4852527765593952,1485.2527765593954,44.98071989025077,1440.2720566691446,6425.134110823268,0.272397476340694,0.5049362067124978,0.01396557607346621,0.8659866085331401,10
53,pillars|mf|K5|bbunet|dp0.5,pillars,mf,5,test,pillars_bounds+dynamics+geo_bounds+obstacles,dpcc-r,False,proj_valid,0.0,0.0,0.0,0.0,0.0,0.0,0.0,4.991914195250191,44.9,19.091459211255096,634.0,,1.4852527765593952,1485.2527765593954,44.98071989025077,1440.2720566691446,6425.134110823268,0.272397476340694,0.5049362067124978,0.01396557607346621,0.8659866085331401,10
53,pillars|mf|K5|bbunet|dp0.5,pillars,mf,5,test,pillars_bounds+dynamics+geo_bounds+obstacles,dpcc-r-tightened,True,all,0.0,0.0,0.0,0.0,0.0,0.0,0.1,3.825356255936174,139.1,80.48044137171712,608.8,382.0,1.5673636658785317,1567.3636658785315,44.95966167756232,1522.4040042009692,7226.204920047891,0.48391167192429024,0.7118220703739985,0.02206556714340883,0.2117270414774505,10
53,pillars|mf|K5|bbunet|dp0.5,pillars,mf,5,test,pillars_bounds+dynamics+geo_bounds+obstacles,dpcc-r-tightened,True,proj_valid,0.0,0.0,0.0,0.0,0.0,0.0,0.1,3.825356255936174,139.1,80.48044137171712,608.8,382.0,1.5673636658785317,1567.3636658785315,44.95966167756232,1522.4040042009692,7226.204920047891,0.48391167192429024,0.7118220703739985,0.02206556714340883,0.2117270414774505,10
53,pillars|mf|K5|bbunet|dp0.5,pillars,mf,5,test,pillars_bounds+dynamics+geo_bounds+obstacles,dpcc-c,False,all,0.0,0.0,0.0,0.0,0.1,0.0,0.0,3.0151616143963857,79.5,24.139781663539004,634.0,,1.4701949733643431,1470.194973364343,45.1723331570495,1425.0226402072935,6540.818823724983,0.527602523659306,0.6355446334733538,0.0025166577026004915,0.37866550631521584,10
53,pillars|mf|K5|bbunet|dp0.5,pillars,mf,5,test,pillars_bounds+dynamics+geo_bounds+obstacles,dpcc-c,False,proj_valid,0.0,0.0,0.0,0.0,0.1,0.0,0.0,3.0151616143963857,79.5,24.139781663539004,634.0,,1.4701949733643431,1470.194973364343,45.1723331570495,1425.0226402072935,6540.818823724983,0.527602523659306,0.6355446334733538,0.0025166577026004915,0.37866550631521584,10
53,pillars|mf|K5|bbunet|dp0.5,pillars,mf,5,test,pillars_bounds+dynamics+geo_bounds+obstacles,dpcc-c-tightened,True,all,0.0,0.0,0.0,0.0,0.1,0.0,0.1,3.4813856276603836,66.1,26.97991721290226,614.9,443.0,1.4579578472546921,1457.9578472546923,45.49199136645402,1412.4658558882381,6075.393602428956,0.4867507886435331,0.6968738108796708,0.0018838065094348142,0.25469485309443085,10
53,pillars|mf|K5|bbunet|dp0.5,pillars,mf,5,test,pillars_bounds+dynamics+geo_bounds+obstacles,dpcc-c-tightened,True,proj_valid,0.0,0.0,0.0,0.0,0.1,0.0,0.1,3.4813856276603836,66.1,26.97991721290226,614.9,443.0,1.4579578472546921,1457.9578472546923,45.49199136645402,1412.4658558882381,6075.393602428956,0.4867507886435331,0.6968738108796708,0.0018838065094348142,0.25469485309443085,10
53,pillars|mf|K5|bbunet|dp0.5,pillars,mf,5,test,pillars_bounds+dynamics+geo_bounds+obstacles,dpcc-t,False,all,0.0,0.0,0.0,0.0,0.0,0.0,0.1,1.6763233748817161,98.7,28.479679990777953,621.9,513.0,1.548850068210042,1548.8500682100419,45.13606376862204,1503.71400444142,6662.137910295276,0.6682965299684542,0.7342787276539153,0.0154346112350647,0.3788738524983819,10
53,pillars|mf|K5|bbunet|dp0.5,pillars,mf,5,test,pillars_bounds+dynamics+geo_bounds+obstacles,dpcc-t,False,proj_valid,0.0,0.0,0.0,0.0,0.0,0.0,0.1,1.6763233748817161,98.7,28.479679990777953,621.9,513.0,1.548850068210042,1548.8500682100419,45.13606376862204,1503.71400444142,6662.137910295276,0.6682965299684542,0.7342787276539153,0.0154346112350647,0.3788738524983819,10
53,pillars|mf|K5|bbunet|dp0.5,pillars,mf,5,test,pillars_bounds+dynamics+geo_bounds+obstacles,dpcc-t-tightened,True,all,0.0,0.0,0.0,0.0,0.0,0.0,0.0,2.9910324428197597,69.7,17.77822958597324,634.0,,1.6480007839451865,1648.0007839451864,45.15574109391051,1602.845042851276,7004.948683464895,0.42208201892744485,0.6764948800147162,0.003916894356504113,0.31915945705583015,10
53,pillars|mf|K5|bbunet|dp0.5,pillars,mf,5,test,pillars_bounds+dynamics+geo_bounds+obstacles,dpcc-t-tightened,True,proj_valid,0.0,0.0,0.0,0.0,0.0,0.0,0.0,2.9910324428197597,69.7,17.77822958597324,634.0,,1.6480007839451865,1648.0007839451864,45.15574109391051,1602.845042851276,7004.948683464895,0.42208201892744485,0.6764948800147162,0.003916894356504113,0.31915945705583015,10
53,pillars|mf|K5|bbunet|dp0.5,pillars,mf,5,test,pillars_bounds+dynamics+geo_bounds+obstacles,hardflow_sls,False,all,0.2,0.2,0.0,0.0,0.0,0.3,0.6,0.8124257376358213,58.8,9.007379354883346,566.4,521.3333333333334,0.1191272276295789,119.1272276295789,64.05800563286785,55.069221996711065,222.90814517997197,0.9004731861198738,0.5277969817452645,0.0034737451946343324,0.6722794841604556,10
53,pillars|mf|K5|bbunet|dp0.5,pillars,mf,5,test,pillars_bounds+dynamics+geo_bounds+obstacles,hardflow_sls,False,proj_valid,0.2,0.2,0.0,0.0,0.0,0.3,0.6,0.8124257376358213,58.8,9.007379354883346,566.4,521.3333333333334,0.1191272276295789,119.1272276295789,64.05800563286785,55.069221996711065,222.90814517997197,0.9004731861198738,0.5277969817452645,0.0034737451946343324,0.6722794841604556,10
53,pillars|mf|K5|bbunet|dp0.5,pillars,mf,5,test,pillars_bounds+dynamics+geo_bounds+obstacles,hardflow_sls-c,False,all,0.1,0.1,0.0,0.0,0.0,0.1,0.7,1.3007920864250413,87.2,11.51091142964992,540.5,500.42857142857144,0.3042092090247807,304.20920902478076,65.84065801578132,238.36855100899942,916.1843472253528,0.9347003154574132,7.863374267545704,0.06172970517671957,0.7249481018574715,10
53,pillars|mf|K5|bbunet|dp0.5,pillars,mf,5,test,pillars_bounds+dynamics+geo_bounds+obstacles,hardflow_sls-c,False,proj_valid,0.1,0.1,0.0,0.0,0.0,0.1,0.7,1.3007920864250413,87.2,11.51091142964992,540.5,500.42857142857144,0.3042092090247807,304.20920902478076,65.84065801578132,238.36855100899942,916.1843472253528,0.9347003154574132,7.863374267545704,0.06172970517671957,0.7249481018574715,10
53,pillars|mf|K5|bbunet|dp0.5,pillars,mf,5,test,pillars_bounds+dynamics+geo_bounds+obstacles,hardflow_sls-t,False,all,0.1,0.1,0.0,0.0,0.0,0.1,0.2,2.0696824267103424,107.5,24.57146598550791,597.8,453.0,0.37365917879012,373.65917879012005,65.88582736536705,307.77335142475295,1103.630074234679,0.727602523659306,7.458516862961,0.06263813746014682,0.6234291244974386,10
53,pillars|mf|K5|bbunet|dp0.5,pillars,mf,5,test,pillars_bounds+dynamics+geo_bounds+obstacles,hardflow_sls-t,False,proj_valid,0.1,0.1,0.0,0.0,0.0,0.1,0.2,2.0696824267103424,107.5,24.57146598550791,597.8,453.0,0.37365917879012,373.65917879012005,65.88582736536705,307.77335142475295,1103.630074234679,0.727602523659306,7.458516862961,0.06263813746014682,0.6234291244974386,10
53,pillars|mf|K5|bbunet|dp0.5,pillars,mf,5,test,pillars_bounds+dynamics+geo_bounds+obstacles,dpcc-c-geo_free,False,all,0.4,1.0,0.0,0.0,0.0,1.0,0.4,0.7436952847946121,295.9,100.8492286105153,549.8,423.5,0.07854641882064325,78.54641882064325,44.86067873198634,33.6857400886569,79.17370479553938,1.0,0.3846668396404862,0.0,0.7647325314317733,10
53,pillars|mf|K5|bbunet|dp0.5,pillars,mf,5,test,pillars_bounds+dynamics+geo_bounds+obstacles,dpcc-c-geo_free,False,proj_valid,0.4,1.0,0.0,0.0,0.0,1.0,0.4,0.7436952847946121,295.9,100.8492286105153,549.8,423.5,0.07854641882064325,78.54641882064325,44.86067873198634,33.6857400886569,79.17370479553938,1.0,0.3846668396404862,0.0,0.7647325314317733,10
53,pillars|mf|K5|bbunet|dp0.5,pillars,mf,5,test,pillars_bounds+dynamics+geo_bounds+obstacles,dpcc-r-geo_free,False,all,0.2,1.0,0.0,0.0,0.0,1.0,0.2,0.5534910004782105,272.2,46.1828673892022,592.7,427.5,0.07853179755851163,78.53179755851163,44.87002875864914,33.661768799862486,79.3959894310683,1.0,0.3445951254606797,0.0,0.7598092850669602,10
53,pillars|mf|K5|bbunet|dp0.5,pillars,mf,5,test,pillars_bounds+dynamics+geo_bounds+obstacles,dpcc-r-geo_free,False,proj_valid,0.2,1.0,0.0,0.0,0.0,1.0,0.2,0.5534910004782105,272.2,46.1828673892022,592.7,427.5,0.07853179755851163,78.53179755851163,44.87002875864914,33.661768799862486,79.3959894310683,1.0,0.3445951254606797,0.0,0.7598092850669602,10
53,pillars|mf|K5|bbunet|dp0.5,pillars,mf,5,test,pillars_bounds+dynamics+geo_bounds+obstacles,dpcc-t-geo_free,False,all,0.3,1.0,0.0,0.0,0.0,1.0,0.3,0.7082254992111141,307.0,99.62907246839978,569.2,418.0,0.07860723948473804,78.60723948473803,44.848786083114426,33.75845340162361,79.22276564873755,1.0,0.3705838341563989,0.0,0.7556249452459924,10
53,pillars|mf|K5|bbunet|dp0.5,pillars,mf,5,test,pillars_bounds+dynamics+geo_bounds+obstacles,dpcc-t-geo_free,False,proj_valid,0.3,1.0,0.0,0.0,0.0,1.0,0.3,0.7082254992111141,307.0,99.62907246839978,569.2,418.0,0.07860723948473804,78.60723948473803,44.848786083114426,33.75845340162361,79.22276564873755,1.0,0.3705838341563989,0.0,0.7556249452459924,10
53,pillars|mf|K5|bbunet|dp0.5,pillars,mf,5,test,pillars_bounds+dynamics+geo_bounds+obstacles,hardflow_sls-c-geo_free,False,all,0.7,1.0,0.0,0.0,0.0,1.0,0.7,0.4522606023104693,192.4,45.940783607006004,490.8,429.42857142857144,0.10042882923893867,100.42882923893868,65.77398462578768,34.65484461315101,101.33390142582357,1.0,0.4151311890039306,0.0,0.9514719466444618,10
53,pillars|mf|K5|bbunet|dp0.5,pillars,mf,5,test,pillars_bounds+dynamics+geo_bounds+obstacles,hardflow_sls-c-geo_free,False,proj_valid,0.7,1.0,0.0,0.0,0.0,1.0,0.7,0.4522606023104693,192.4,45.940783607006004,490.8,429.42857142857144,0.10042882923893867,100.42882923893868,65.77398462578768,34.65484461315101,101.33390142582357,1.0,0.4151311890039306,0.0,0.9514719466444618,10
53,pillars|mf|K5|bbunet|dp0.5,pillars,mf,5,test,pillars_bounds+dynamics+geo_bounds+obstacles,hardflow_sls-r,False,all,0.0,0.0,0.0,0.0,0.0,0.0,0.4,0.9541534423632214,74.8,16.33604761837596,583.7,508.25,0.26124731416812264,261.24731416812267,65.75840944200657,195.4889047261161,701.6702657472337,0.8847003154574132,0.5311015018010805,0.013663155471662702,0.5135500161662535,10
53,pillars|mf|K5|bbunet|dp0.5,pillars,mf,5,test,pillars_bounds+dynamics+geo_bounds+obstacles,hardflow_sls-r,False,proj_valid,0.0,0.0,0.0,0.0,0.0,0.0,0.4,0.9541534423632214,74.8,16.33604761837596,583.7,508.25,0.26124731416812264,261.24731416812267,65.75840944200657,195.4889047261161,701.6702657472337,0.8847003154574132,0.5311015018010805,0.013663155471662702,0.5135500161662535,10
53,pillars|mf|K5|bbunet|dp0.5,pillars,mf,5,test,pillars_bounds+dynamics+geo_bounds+obstacles,hardflow_sls-r-geo_free,False,all,0.6,1.0,0.0,0.0,0.0,1.0,0.6,0.518723739625933,227.0,63.382428829669905,512.7,431.8333333333333,0.10067971742648123,100.67971742648123,65.84387488152838,34.835842544952854,101.81525345891714,1.0,0.4028391623403101,0.0,0.973683200654826,10
53,pillars|mf|K5|bbunet|dp0.5,pillars,mf,5,test,pillars_bounds+dynamics+geo_bounds+obstacles,hardflow_sls-r-geo_free,False,proj_valid,0.6,1.0,0.0,0.0,0.0,1.0,0.6,0.518723739625933,227.0,63.382428829669905,512.7,431.8333333333333,0.10067971742648123,100.67971742648123,65.84387488152838,34.835842544952854,101.81525345891714,1.0,0.4028391623403101,0.0,0.973683200654826,10
53,pillars|mf|K5|bbunet|dp0.5,pillars,mf,5,test,pillars_bounds+dynamics+geo_bounds+obstacles,hardflow_sls-t-geo_free,False,all,0.8,1.0,0.0,0.0,0.0,1.0,0.8,0.3917835522835119,166.3,32.68220724153515,461.9,418.875,0.1004218240314368,100.42182403143681,65.79042109293535,34.631402938501466,101.35702677071095,1.0,0.4336195907803644,0.0,0.9827284950922731,10
53,pillars|mf|K5|bbunet|dp0.5,pillars,mf,5,test,pillars_bounds+dynamics+geo_bounds+obstacles,hardflow_sls-t-geo_free,False,proj_valid,0.8,1.0,0.0,0.0,0.0,1.0,0.8,0.3917835522835119,166.3,32.68220724153515,461.9,418.875,0.1004218240314368,100.42182403143681,65.79042109293535,34.631402938501466,101.35702677071095,1.0,0.4336195907803644,0.0,0.9827284950922731,10
54,s_curve|diffusion|K20,s_curve,diffusion,20,test,s_curve_bounds+dynamics+geo_bounds+halfspace+obstacles,diffuser,False,all,0.0,0.0,0.0,0.0,0.0,0.0,0.0,2.7918854546487095,15.0,1.3657285931117606,871.0,,0.17867719071571647,178.67719071571648,178.67719071571648,0.0,183.3514580503106,0.46222732491389207,0.312854870803067,0.043526533835682994,1.0245453077013453,5
54,s_curve|diffusion|K20,s_curve,diffusion,20,test,s_curve_bounds+dynamics+geo_bounds+halfspace+obstacles,diffuser,False,proj_valid,0.0,0.0,0.0,0.0,0.0,0.0,0.0,2.7918854546487095,15.0,1.3657285931117606,871.0,,0.17867719071571647,178.67719071571648,178.67719071571648,0.0,183.3514580503106,0.46222732491389207,0.312854870803067,0.043526533835682994,1.0245453077013453,5
54,s_curve|diffusion|K20,s_curve,diffusion,20,test,s_curve_bounds+dynamics+geo_bounds+halfspace+obstacles,dpcc-r,False,all,0.0,0.0,0.0,0.0,0.0,0.0,0.0,2.356145299326532,78.4,71.70215718510924,871.0,,3.51704858424176,3517.0485842417593,176.35059439084193,3340.6979898509176,12847.693099137392,0.5276693455797934,0.5079535845014445,0.10465962073845518,0.5723266049528609,5
54,s_curve|diffusion|K20,s_curve,diffusion,20,test,s_curve_bounds+dynamics+geo_bounds+halfspace+obstacles,dpcc-r,False,proj_valid,0.0,0.0,0.0,0.0,0.0,0.0,0.0,2.356145299326532,78.4,71.70215718510924,871.0,,3.51704858424176,3517.0485842417593,176.35059439084193,3340.6979898509176,12847.693099137392,0.5276693455797934,0.5079535845014445,0.10465962073845518,0.5723266049528609,5
54,s_curve|diffusion|K20,s_curve,diffusion,20,test,s_curve_bounds+dynamics+geo_bounds+halfspace+obstacles,dpcc-r-tightened,True,all,0.0,0.0,0.0,0.0,0.0,0.0,0.0,2.290883169895921,242.0,248.2626588688564,871.0,,5.545919539316418,5545.919539316417,177.1782269343738,5368.741312382044,21250.309406239532,0.7249138920780711,1.1663476742154955,0.2526723416751517,0.29922397810085316,5
54,s_curve|diffusion|K20,s_curve,diffusion,20,test,s_curve_bounds+dynamics+geo_bounds+halfspace+obstacles,dpcc-r-tightened,True,proj_valid,0.0,0.0,0.0,0.0,0.0,0.0,0.0,2.290883169895921,242.0,248.2626588688564,871.0,,5.545919539316418,5545.919539316417,177.1782269343738,5368.741312382044,21250.309406239532,0.7249138920780711,1.1663476742154955,0.2526723416751517,0.29922397810085316,5
54,s_curve|diffusion|K20,s_curve,diffusion,20,test,s_curve_bounds+dynamics+geo_bounds+halfspace+obstacles,dpcc-c,False,all,0.0,0.0,0.0,0.0,0.0,0.0,0.0,2.343688340908253,203.0,131.42347968657398,871.0,,5.347458559543047,5347.458559543047,176.7921474096401,5170.666412133407,20332.46694380417,0.6654420206659013,0.8275787609649932,0.2096562948635122,0.5402569511852872,5
54,s_curve|diffusion|K20,s_curve,diffusion,20,test,s_curve_bounds+dynamics+geo_bounds+halfspace+obstacles,dpcc-c,False,proj_valid,0.0,0.0,0.0,0.0,0.0,0.0,0.0,2.343688340908253,203.0,131.42347968657398,871.0,,5.347458559543047,5347.458559543047,176.7921474096401,5170.666412133407,20332.46694380417,0.6654420206659013,0.8275787609649932,0.2096562948635122,0.5402569511852872,5
54,s_curve|diffusion|K20,s_curve,diffusion,20,test,s_curve_bounds+dynamics+geo_bounds+halfspace+obstacles,dpcc-c-tightened,True,all,0.0,0.0,0.0,0.0,0.0,0.0,0.0,2.5876428070397672,132.4,129.51072604518677,871.0,,3.6443250448930167,3644.3250448930166,176.40160958552767,3467.923435307489,11275.501033812754,0.5898966704936854,0.6947239951508567,0.10180620619638565,0.712196750291785,5
54,s_curve|diffusion|K20,s_curve,diffusion,20,test,s_curve_bounds+dynamics+geo_bounds+halfspace+obstacles,dpcc-c-tightened,True,proj_valid,0.0,0.0,0.0,0.0,0.0,0.0,0.0,2.5876428070397672,132.4,129.51072604518677,871.0,,3.6443250448930167,3644.3250448930166,176.40160958552767,3467.923435307489,11275.501033812754,0.5898966704936854,0.6947239951508567,0.10180620619638565,0.712196750291785,5
54,s_curve|diffusion|K20,s_curve,diffusion,20,test,s_curve_bounds+dynamics+geo_bounds+halfspace+obstacles,dpcc-t,False,all,0.0,0.0,0.0,0.0,0.0,0.0,0.0,2.583990935831679,102.2,85.76992762952378,871.0,,4.0261378216239,4026.1378216239004,176.4428880831029,3849.6949335407976,15481.210929900411,0.5398392652123996,0.6532486897605715,0.1494233821875478,0.7685916870048015,5
54,s_curve|diffusion|K20,s_curve,diffusion,20,test,s_curve_bounds+dynamics+geo_bounds+halfspace+obstacles,dpcc-t,False,proj_valid,0.0,0.0,0.0,0.0,0.0,0.0,0.0,2.583990935831679,102.2,85.76992762952378,871.0,,4.0261378216239,4026.1378216239004,176.4428880831029,3849.6949335407976,15481.210929900411,0.5398392652123996,0.6532486897605715,0.1494233821875478,0.7685916870048015,5
54,s_curve|diffusion|K20,s_curve,diffusion,20,test,s_curve_bounds+dynamics+geo_bounds+halfspace+obstacles,dpcc-t-tightened,True,all,0.0,0.0,0.0,0.0,0.0,0.0,0.0,2.515770974380147,72.0,73.15574040346705,,,3.5178409296212036,3517.840929621204,176.26715830090546,3341.573771320298,11850.527809653428,,0.49416205150319203,0.1181700225060278,0.5805176699161815,2
54,s_curve|diffusion|K20,s_curve,diffusion,20,test,s_curve_bounds+dynamics+geo_bounds+halfspace+obstacles,dpcc-t-tightened,True,proj_valid,0.0,0.0,0.0,0.0,0.0,0.0,0.0,2.515770974380147,72.0,73.15574040346705,,,3.5178409296212036,3517.840929621204,176.26715830090546,3341.573771320298,11850.527809653428,,0.49416205150319203,0.1181700225060278,0.5805176699161815,2
54,s_curve|diffusion|K20,s_curve,diffusion,20,test,s_curve_bounds+dynamics+geo_bounds+halfspace+obstacles,gradient,False,all,0.0,0.0,0.0,0.0,1.0,0.0,0.0,6.601017316418836,0.0,0.0,871.0,,0.19945445725073416,199.45445725073415,83.07682064672312,116.37763660401106,205.0414154306054,0.006888633754305396,3.4716471077934825,0.0,1.0947075149515721,5
54,s_curve|diffusion|K20,s_curve,diffusion,20,test,s_curve_bounds+dynamics+geo_bounds+halfspace+obstacles,gradient,False,proj_valid,0.0,0.0,0.0,0.0,1.0,0.0,0.0,6.601017316418836,0.0,0.0,871.0,,0.19945445725073416,199.45445725073415,83.07682064672312,116.37763660401106,205.0414154306054,0.006888633754305396,3.4716471077934825,0.0,1.0947075149515721,5
54,s_curve|diffusion|K20,s_curve,diffusion,20,test,s_curve_bounds+dynamics+geo_bounds+halfspace+obstacles,gradient-tightened,True,all,0.0,0.0,0.0,0.0,1.0,0.0,0.0,6.600391715806152,0.0,0.0,871.0,,0.20030207820236684,200.30207820236683,84.1152956088384,116.18678259352843,202.12150812149048,0.006888633754305396,3.467230518477242,0.0,1.1154661365167353,5
54,s_curve|diffusion|K20,s_curve,diffusion,20,test,s_curve_bounds+dynamics+geo_bounds+halfspace+obstacles,gradient-tightened,True,proj_valid,0.0,0.0,0.0,0.0,1.0,0.0,0.0,6.600391715806152,0.0,0.0,871.0,,0.20030207820236684,200.30207820236683,84.1152956088384,116.18678259352843,202.12150812149048,0.006888633754305396,3.467230518477242,0.0,1.1154661365167353,5
54,s_curve|diffusion|K20,s_curve,diffusion,20,test,s_curve_bounds+dynamics+geo_bounds+halfspace+obstacles,post_processing,False,all,0.0,0.0,0.0,0.0,0.0,0.0,0.0,2.8534272189815697,11.4,1.234527401789729,871.0,,0.21404857519541926,214.04857519541923,177.10347550583197,36.9450996895873,347.72723613306846,0.45648679678530424,0.297185003751584,0.05603202741640152,1.1210334088713414,5
54,s_curve|diffusion|K20,s_curve,diffusion,20,test,s_curve_bounds+dynamics+geo_bounds+halfspace+obstacles,post_processing,False,proj_valid,0.0,0.0,0.0,0.0,0.0,0.0,0.0,2.8534272189815697,11.4,1.234527401789729,871.0,,0.21404857519541926,214.04857519541923,177.10347550583197,36.9450996895873,347.72723613306846,0.45648679678530424,0.297185003751584,0.05603202741640152,1.1210334088713414,5
54,s_curve|diffusion|K20,s_curve,diffusion,20,test,s_curve_bounds+dynamics+geo_bounds+halfspace+obstacles,post_processing-tightened,True,all,0.0,0.0,0.0,0.0,0.0,0.0,0.0,2.824490899305813,120.4,68.1113916488997,871.0,,0.2803603047807154,280.3603047807154,175.4059475900746,104.95435719064085,488.72414831072035,0.6013777267508611,0.5825223074988262,0.1306715634172078,0.6428703688584535,5
54,s_curve|diffusion|K20,s_curve,diffusion,20,test,s_curve_bounds+dynamics+geo_bounds+halfspace+obstacles,post_processing-tightened,True,proj_valid,0.0,0.0,0.0,0.0,0.0,0.0,0.0,2.824490899305813,120.4,68.1113916488997,871.0,,0.2803603047807154,280.3603047807154,175.4059475900746,104.95435719064085,488.72414831072035,0.6013777267508611,0.5825223074988262,0.1306715634172078,0.6428703688584535,5
54,s_curve|diffusion|K20,s_curve,diffusion,20,test,s_curve_bounds+dynamics+geo_bounds+halfspace+obstacles,model_free,False,all,0.0,0.0,0.0,0.0,0.0,0.0,0.0,2.0253495181507684,197.8,46.267276671165206,871.0,,0.3746947117581852,374.6947117581852,174.97280098921158,199.7219107689736,552.2995438985527,0.6778415614236509,0.3031676051326748,0.04308024334013492,0.6937015104611636,5
54,s_curve|diffusion|K20,s_curve,diffusion,20,test,s_curve_bounds+dynamics+geo_bounds+halfspace+obstacles,model_free,False,proj_valid,0.0,0.0,0.0,0.0,0.0,0.0,0.0,2.0253495181507684,197.8,46.267276671165206,871.0,,0.3746947117581852,374.6947117581852,174.97280098921158,199.7219107689736,552.2995438985527,0.6778415614236509,0.3031676051326748,0.04308024334013492,0.6937015104611636,5
54,s_curve|diffusion|K20,s_curve,diffusion,20,test,s_curve_bounds+dynamics+geo_bounds+halfspace+obstacles,model_free-tightened,True,all,0.0,0.0,0.0,0.0,0.0,0.0,0.0,2.4491055897626954,89.4,18.708470729846802,871.0,,0.37118503915759454,371.1850391575946,175.03753126802852,196.14750788956604,575.4252606257796,0.5623421354764638,0.299808569917997,0.033275070068346846,0.9245506162835847,5
54,s_curve|diffusion|K20,s_curve,diffusion,20,test,s_curve_bounds+dynamics+geo_bounds+halfspace+obstacles,model_free-tightened,True,proj_valid,0.0,0.0,0.0,0.0,0.0,0.0,0.0,2.4491055897626954,89.4,18.708470729846802,871.0,,0.37118503915759454,371.1850391575946,175.03753126802852,196.14750788956604,575.4252606257796,0.5623421354764638,0.299808569917997,0.033275070068346846,0.9245506162835847,5
54,s_curve|diffusion|K20,s_curve,diffusion,20,test,s_curve_bounds+dynamics+geo_bounds+halfspace+obstacles,bounds_free,False,all,0.0,0.0,0.0,0.0,0.0,0.0,0.0,2.9725152859998927,18.8,2.4921832553899326,871.0,,1.6043012156692793,1604.3012156692791,175.39732896449343,1428.903886704786,7235.154417306183,0.43076923076923074,0.35382430302292095,0.024738948871495962,0.9112702617841549,5
54,s_curve|diffusion|K20,s_curve,diffusion,20,test,s_curve_bounds+dynamics+geo_bounds+halfspace+obstacles,bounds_free,False,proj_valid,0.0,0.0,0.0,0.0,0.0,0.0,0.0,2.9725152859998927,18.8,2.4921832553899326,871.0,,1.6043012156692793,1604.3012156692791,175.39732896449343,1428.903886704786,7235.154417306183,0.43076923076923074,0.35382430302292095,0.024738948871495962,0.9112702617841549,5
54,s_curve|diffusion|K20,s_curve,diffusion,20,test,s_curve_bounds+dynamics+geo_bounds+halfspace+obstacles,bounds_free-tightened,True,all,0.0,0.0,0.0,0.0,0.0,0.0,0.0,2.6081124277542687,46.0,39.983018216154804,871.0,,2.378350421375817,2378.3504213758174,175.60748239686845,2202.742938978949,11441.190349478255,0.47141216991963264,0.46021463163915044,0.09774952094059146,0.8342803518497408,5
54,s_curve|diffusion|K20,s_curve,diffusion,20,test,s_curve_bounds+dynamics+geo_bounds+halfspace+obstacles,bounds_free-tightened,True,proj_valid,0.0,0.0,0.0,0.0,0.0,0.0,0.0,2.6081124277542687,46.0,39.983018216154804,871.0,,2.378350421375817,2378.3504213758174,175.60748239686845,2202.742938978949,11441.190349478255,0.47141216991963264,0.46021463163915044,0.09774952094059146,0.8342803518497408,5
54,s_curve|diffusion|K20,s_curve,diffusion,20,test,s_curve_bounds+dynamics+geo_bounds+halfspace+obstacles,geo_free,False,all,0.0,0.0,0.0,0.0,0.0,0.0,0.0,2.284276817374363,86.0,20.563026994805142,871.0,,0.3179977890932937,317.9977890932937,175.31669777786422,142.68109131542946,302.1457501873374,0.5843857634902412,0.34322282868370946,0.03927562325087358,0.6843085533495239,5
54,s_curve|diffusion|K20,s_curve,diffusion,20,test,s_curve_bounds+dynamics+geo_bounds+halfspace+obstacles,geo_free,False,proj_valid,0.0,0.0,0.0,0.0,0.0,0.0,0.0,2.284276817374363,86.0,20.563026994805142,871.0,,0.3179977890932937,317.9977890932937,175.31669777786422,142.68109131542946,302.1457501873374,0.5843857634902412,0.34322282868370946,0.03927562325087358,0.6843085533495239,5
54,s_curve|diffusion|K20,s_curve,diffusion,20,test,s_curve_bounds+dynamics+geo_bounds+halfspace+obstacles,geo_free-bounds_free,False,all,0.0,0.0,0.0,0.0,0.0,0.0,0.0,2.5514041455546694,42.6,9.89643792651272,871.0,,0.27874521260815455,278.74521260815453,174.7678322465268,103.97738036162772,277.2270682454109,0.4838117106773823,0.3791358752452084,0.06787392662739214,0.9331189742707935,5
54,s_curve|diffusion|K20,s_curve,diffusion,20,test,s_curve_bounds+dynamics+geo_bounds+halfspace+obstacles,geo_free-bounds_free,False,proj_valid,0.0,0.0,0.0,0.0,0.0,0.0,0.0,2.5514041455546694,42.6,9.89643792651272,871.0,,0.27874521260815455,278.74521260815453,174.7678322465268,103.97738036162772,277.2270682454109,0.4838117106773823,0.3791358752452084,0.06787392662739214,0.9331189742707935,5
54,s_curve|diffusion|K20,s_curve,diffusion,20,test,s_curve_bounds+dynamics+geo_bounds+halfspace+obstacles,geo_free-model_free,False,all,0.0,0.0,0.0,0.0,0.0,0.0,0.0,2.544790202712101,22.8,4.282198566528139,871.0,,0.25755058253304625,257.5505825330462,174.58312030276068,82.96746223028558,264.9450742825866,0.4741676234213548,0.3163435945817906,0.04134588164107071,0.860431511354645,5
54,s_curve|diffusion|K20,s_curve,diffusion,20,test,s_curve_bounds+dynamics+geo_bounds+halfspace+obstacles,geo_free-model_free,False,proj_valid,0.0,0.0,0.0,0.0,0.0,0.0,0.0,2.544790202712101,22.8,4.282198566528139,871.0,,0.25755058253304625,257.5505825330462,174.58312030276068,82.96746223028558,264.9450742825866,0.4741676234213548,0.3163435945817906,0.04134588164107071,0.860431511354645,5
54,s_curve|diffusion|K20,s_curve,diffusion,20,test,s_curve_bounds+dynamics+geo_bounds+halfspace+obstacles,model_free-bounds_free,False,all,0.0,0.0,0.0,0.0,0.0,0.0,0.0,2.387553812765863,84.8,29.37779695236394,871.0,,0.3274561493626975,327.4561493626975,174.93408234649465,152.5220670162029,493.1674397177994,0.5419058553386912,0.4599455116040563,0.10877288793792914,0.8069162575543259,5
54,s_curve|diffusion|K20,s_curve,diffusion,20,test,s_curve_bounds+dynamics+geo_bounds+halfspace+obstacles,model_free-bounds_free,False,proj_valid,0.0,0.0,0.0,0.0,0.0,0.0,0.0,2.387553812765863,84.8,29.37779695236394,871.0,,0.3274561493626975,327.4561493626975,174.93408234649465,152.5220670162029,493.1674397177994,0.5419058553386912,0.4599455116040563,0.10877288793792914,0.8069162575543259,5
54,s_curve|diffusion|K20,s_curve,diffusion,20,test,s_curve_bounds+dynamics+geo_bounds+halfspace+obstacles,model_free-bounds_free-tightened,True,all,0.0,0.0,0.0,0.0,0.0,0.0,0.0,2.476744368802758,101.0,47.79380392168933,871.0,,0.33673623660591345,336.73623660591346,175.1132325707934,161.6230040351201,506.10136065632105,0.5648679678530425,0.5361106155347816,0.08823591802462545,0.77494432474509,5
54,s_curve|diffusion|K20,s_curve,diffusion,20,test,s_curve_bounds+dynamics+geo_bounds+halfspace+obstacles,model_free-bounds_free-tightened,True,proj_valid,0.0,0.0,0.0,0.0,0.0,0.0,0.0,2.476744368802758,101.0,47.79380392168933,871.0,,0.33673623660591345,336.73623660591346,175.1132325707934,161.6230040351201,506.10136065632105,0.5648679678530425,0.5361106155347816,0.08823591802462545,0.77494432474509,5
55,s_curve|fm|K10,s_curve,fm,10,test,s_curve_bounds+dynamics+geo_bounds+halfspace+obstacles,diffuser,False,all,0.0,0.0,0.0,0.0,0.0,0.0,0.0,6.4582337049440515,26.8,11.015175802174488,871.0,,0.09230413987618291,92.30413987618292,92.30413987618292,0.0,100.7718594186008,0.11182548794489093,0.7841696952930249,0.0,-0.009781188634763942,5
55,s_curve|fm|K10,s_curve,fm,10,test,s_curve_bounds+dynamics+geo_bounds+halfspace+obstacles,diffuser,False,proj_valid,0.0,0.0,0.0,0.0,0.0,0.0,0.0,6.4582337049440515,26.8,11.015175802174488,871.0,,0.09230413987618291,92.30413987618292,92.30413987618292,0.0,100.7718594186008,0.11182548794489093,0.7841696952930249,0.0,-0.009781188634763942,5
55,s_curve|fm|K10,s_curve,fm,10,test,s_curve_bounds+dynamics+geo_bounds+halfspace+obstacles,dpcc-r,False,all,0.0,0.0,0.0,0.0,0.0,0.0,0.0,2.7041998480155653,22.2,3.605781514955227,871.0,,1.2051901282614614,1205.1901282614613,90.05047342289905,1115.1396548385624,4582.34116949141,0.478300803673938,0.36926973998435353,0.03470260309088113,1.0563957758669535,5
55,s_curve|fm|K10,s_curve,fm,10,test,s_curve_bounds+dynamics+geo_bounds+halfspace+obstacles,dpcc-r,False,proj_valid,0.0,0.0,0.0,0.0,0.0,0.0,0.0,2.7041998480155653,22.2,3.605781514955227,871.0,,1.2051901282614614,1205.1901282614613,90.05047342289905,1115.1396548385624,4582.34116949141,0.478300803673938,0.36926973998435353,0.03470260309088113,1.0563957758669535,5
55,s_curve|fm|K10,s_curve,fm,10,test,s_curve_bounds+dynamics+geo_bounds+halfspace+obstacles,dpcc-r-tightened,True,all,0.0,0.0,0.0,0.0,0.2,0.0,0.0,3.268156485996547,6.2,1.0291307796172533,871.0,,1.060711752970001,1060.711752970001,88.48342909879246,972.2283238712085,3837.9144382104264,0.4206659012629162,0.3588133890933263,0.008364898124669718,0.9712187230113163,5
55,s_curve|fm|K10,s_curve,fm,10,test,s_curve_bounds+dynamics+geo_bounds+halfspace+obstacles,dpcc-r-tightened,True,proj_valid,0.0,0.0,0.0,0.0,0.2,0.0,0.0,3.268156485996547,6.2,1.0291307796172533,871.0,,1.060711752970001,1060.711752970001,88.48342909879246,972.2283238712085,3837.9144382104264,0.4206659012629162,0.3588133890933263,0.008364898124669718,0.9712187230113163,5
55,s_curve|fm|K10,s_curve,fm,10,test,s_curve_bounds+dynamics+geo_bounds+halfspace+obstacles,dpcc-c,False,all,0.0,0.0,0.0,0.0,0.0,0.0,0.0,3.124192538837353,12.6,2.6353186778959667,871.0,,0.987535840638721,987.535840638721,85.41917249888422,902.1166681398369,3667.8283586166785,0.4560275545350172,0.3558386502806007,0.009417603908901359,1.1715407051032893,5
55,s_curve|fm|K10,s_curve,fm,10,test,s_curve_bounds+dynamics+geo_bounds+halfspace+obstacles,dpcc-c,False,proj_valid,0.0,0.0,0.0,0.0,0.0,0.0,0.0,3.124192538837353,12.6,2.6353186778959667,871.0,,0.987535840638721,987.535840638721,85.41917249888422,902.1166681398369,3667.8283586166785,0.4560275545350172,0.3558386502806007,0.009417603908901359,1.1715407051032893,5
55,s_curve|fm|K10,s_curve,fm,10,test,s_curve_bounds+dynamics+geo_bounds+halfspace+obstacles,dpcc-c-tightened,True,all,0.0,0.0,0.0,0.0,0.0,0.0,0.0,3.150837588149182,10.8,1.8541030959395755,871.0,,1.089384743815198,1089.384743815198,85.37750662323589,1004.0072371919621,4115.935919377951,0.452353616532721,0.35051677702448597,0.0028819771870874705,1.1715405173438902,5
55,s_curve|fm|K10,s_curve,fm,10,test,s_curve_bounds+dynamics+geo_bounds+halfspace+obstacles,dpcc-c-tightened,True,proj_valid,0.0,0.0,0.0,0.0,0.0,0.0,0.0,3.150837588149182,10.8,1.8541030959395755,871.0,,1.089384743815198,1089.384743815198,85.37750662323589,1004.0072371919621,4115.935919377951,0.452353616532721,0.35051677702448597,0.0028819771870874705,1.1715405173438902,5
55,s_curve|fm|K10,s_curve,fm,10,test,s_curve_bounds+dynamics+geo_bounds+halfspace+obstacles,dpcc-t,False,all,0.0,0.0,0.0,0.0,0.0,0.0,0.2,1.946314648162194,41.6,9.511430603795322,823.0,631.0,1.5400505231184725,1540.0505231184725,85.24961960161929,1454.8009035168532,6415.438382849093,0.6206659012629162,0.43159559163494665,0.04656261625836655,0.8507748018459447,5
55,s_curve|fm|K10,s_curve,fm,10,test,s_curve_bounds+dynamics+geo_bounds+halfspace+obstacles,dpcc-t,False,proj_valid,0.0,0.0,0.0,0.0,0.0,0.0,0.2,1.946314648162194,41.6,9.511430603795322,823.0,631.0,1.5400505231184725,1540.0505231184725,85.24961960161929,1454.8009035168532,6415.438382849093,0.6206659012629162,0.43159559163494665,0.04656261625836655,0.8507748018459447,5
55,s_curve|fm|K10,s_curve,fm,10,test,s_curve_bounds+dynamics+geo_bounds+halfspace+obstacles,dpcc-t-tightened,True,all,0.0,0.0,0.0,0.0,0.0,0.0,0.0,2.4604806080742305,38.0,8.34776937582583,871.0,,1.6263975192038949,1626.3975192038947,85.38766715444744,1541.0098520494473,6767.681797035031,0.5253731343283581,0.4256276266700313,0.018153178098582468,0.7832086291994349,5
55,s_curve|fm|K10,s_curve,fm,10,test,s_curve_bounds+dynamics+geo_bounds+halfspace+obstacles,dpcc-t-tightened,True,proj_valid,0.0,0.0,0.0,0.0,0.0,0.0,0.0,2.4604806080742305,38.0,8.34776937582583,871.0,,1.6263975192038949,1626.3975192038947,85.38766715444744,1541.0098520494473,6767.681797035031,0.5253731343283581,0.4256276266700313,0.018153178098582468,0.7832086291994349,5
55,s_curve|fm|K10,s_curve,fm,10,test,s_curve_bounds+dynamics+geo_bounds+halfspace+obstacles,gradient,False,all,0.0,0.0,0.0,0.0,0.0,0.0,0.0,6.154942731950935,55.0,24.1177171018794,871.0,,0.09946921794398163,99.46921794398163,99.46921794398163,0.0,108.71473958715796,0.0939150401836969,1.386702808824625,0.11674583895636528,0.7033385163824639,5
55,s_curve|fm|K10,s_curve,fm,10,test,s_curve_bounds+dynamics+geo_bounds+halfspace+obstacles,gradient,False,proj_valid,0.0,0.0,0.0,0.0,0.0,0.0,0.0,6.154942731950935,55.0,24.1177171018794,871.0,,0.09946921794398163,99.46921794398163,99.46921794398163,0.0,108.71473958715796,0.0939150401836969,1.386702808824625,0.11674583895636528,0.7033385163824639,5
55,s_curve|fm|K10,s_curve,fm,10,test,s_curve_bounds+dynamics+geo_bounds+halfspace+obstacles,gradient-tightened,True,all,0.0,0.0,0.0,0.0,0.2,0.0,0.0,5.904690105680107,54.8,21.084959698840994,871.0,,0.1084186015915328,108.41860159153279,108.41860159153279,0.0,116.33916832506657,0.11136624569460389,1.3153585284242193,0.17384336499948339,0.6876674326045076,5
55,s_curve|fm|K10,s_curve,fm,10,test,s_curve_bounds+dynamics+geo_bounds+halfspace+obstacles,gradient-tightened,True,proj_valid,0.0,0.0,0.0,0.0,0.2,0.0,0.0,5.904690105680107,54.8,21.084959698840994,871.0,,0.1084186015915328,108.41860159153279,108.41860159153279,0.0,116.33916832506657,0.11136624569460389,1.3153585284242193,0.17384336499948339,0.6876674326045076,5
55,s_curve|fm|K10,s_curve,fm,10,test,s_curve_bounds+dynamics+geo_bounds+halfspace+obstacles,post_processing,False,all,0.0,0.0,0.0,0.0,0.0,0.0,0.0,3.128319112685746,15.8,2.860760853561348,871.0,,0.13262106906982898,132.621069069829,96.61261405205555,36.008455017773436,175.92042354866814,0.4725602755453502,0.3382951940938126,0.0011522633744855966,1.1630994131022256,5
55,s_curve|fm|K10,s_curve,fm,10,test,s_curve_bounds+dynamics+geo_bounds+halfspace+obstacles,post_processing,False,proj_valid,0.0,0.0,0.0,0.0,0.0,0.0,0.0,3.128319112685746,15.8,2.860760853561348,871.0,,0.13262106906982898,132.621069069829,96.61261405205555,36.008455017773436,175.92042354866814,0.4725602755453502,0.3382951940938126,0.0011522633744855966,1.1630994131022256,5
55,s_curve|fm|K10,s_curve,fm,10,test,s_curve_bounds+dynamics+geo_bounds+halfspace+obstacles,post_processing-tightened,True,all,0.0,0.0,0.0,0.0,0.0,0.0,0.0,3.1450969482822115,13.6,2.6265708923169546,871.0,,0.12740642251621678,127.40642251621678,96.37164226223612,31.03478025398066,181.90790787339202,0.47210103329506314,0.3432764106070211,0.0016380157289861918,1.1643788284071306,5
55,s_curve|fm|K10,s_curve,fm,10,test,s_curve_bounds+dynamics+geo_bounds+halfspace+obstacles,post_processing-tightened,True,proj_valid,0.0,0.0,0.0,0.0,0.0,0.0,0.0,3.1450969482822115,13.6,2.6265708923169546,871.0,,0.12740642251621678,127.40642251621678,96.37164226223612,31.03478025398066,181.90790787339202,0.47210103329506314,0.3432764106070211,0.0016380157289861918,1.1643788284071306,5
55,s_curve|fm|K10,s_curve,fm,10,test,s_curve_bounds+dynamics+geo_bounds+halfspace+obstacles,model_free,False,all,0.0,0.0,0.0,0.0,0.0,0.0,0.0,6.418539851350262,26.8,10.135651185416382,871.0,,0.1803011839065933,180.3011839065933,99.87760491420485,80.42357899238847,290.351356882602,0.11894374282433984,0.6618079594513521,0.0,0.23423148382710565,5
55,s_curve|fm|K10,s_curve,fm,10,test,s_curve_bounds+dynamics+geo_bounds+halfspace+obstacles,model_free,False,proj_valid,0.0,0.0,0.0,0.0,0.0,0.0,0.0,6.418539851350262,26.8,10.135651185416382,871.0,,0.1803011839065933,180.3011839065933,99.87760491420485,80.42357899238847,290.351356882602,0.11894374282433984,0.6618079594513521,0.0,0.23423148382710565,5
55,s_curve|fm|K10,s_curve,fm,10,test,s_curve_bounds+dynamics+geo_bounds+halfspace+obstacles,model_free-tightened,True,all,0.0,0.0,0.0,0.0,0.0,0.0,0.0,6.415852784115995,25.6,10.040837684040538,871.0,,0.1756706883478249,175.6706883478249,96.51973822910199,79.15095011872292,285.5780600570142,0.12101033295063146,0.6807199116785906,0.0,0.23866477122388394,5
55,s_curve|fm|K10,s_curve,fm,10,test,s_curve_bounds+dynamics+geo_bounds+halfspace+obstacles,model_free-tightened,True,proj_valid,0.0,0.0,0.0,0.0,0.0,0.0,0.0,6.415852784115995,25.6,10.040837684040538,871.0,,0.1756706883478249,175.6706883478249,96.51973822910199,79.15095011872292,285.5780600570142,0.12101033295063146,0.6807199116785906,0.0,0.23866477122388394,5
55,s_curve|fm|K10,s_curve,fm,10,test,s_curve_bounds+dynamics+geo_bounds+halfspace+obstacles,bounds_free,False,all,0.0,0.0,0.0,0.0,0.0,0.0,0.0,3.0334642955456737,11.8,1.9292717955281258,871.0,,0.49226253841809386,492.26253841809387,100.35726160024618,391.9052768178477,1565.94560490921,0.43076923076923074,0.3785933016346885,0.020331883231246337,1.0504346671332998,5
55,s_curve|fm|K10,s_curve,fm,10,test,s_curve_bounds+dynamics+geo_bounds+halfspace+obstacles,bounds_free,False,proj_valid,0.0,0.0,0.0,0.0,0.0,0.0,0.0,3.0334642955456737,11.8,1.9292717955281258,871.0,,0.49226253841809386,492.26253841809387,100.35726160024618,391.9052768178477,1565.94560490921,0.43076923076923074,0.3785933016346885,0.020331883231246337,1.0504346671332998,5
55,s_curve|fm|K10,s_curve,fm,10,test,s_curve_bounds+dynamics+geo_bounds+halfspace+obstacles,bounds_free-tightened,True,all,0.0,0.0,0.0,0.0,0.4,0.0,0.0,3.056049867392524,7.0,1.064173660606966,871.0,,0.484895738210231,484.89573821023095,99.67557411498649,385.2201640952445,1312.7502536773673,0.42250287026406425,0.3650545125047801,0.02125659606502472,1.0240852828378444,5
55,s_curve|fm|K10,s_curve,fm,10,test,s_curve_bounds+dynamics+geo_bounds+halfspace+obstacles,bounds_free-tightened,True,proj_valid,0.0,0.0,0.0,0.0,0.4,0.0,0.0,3.056049867392524,7.0,1.064173660606966,871.0,,0.484895738210231,484.89573821023095,99.67557411498649,385.2201640952445,1312.7502536773673,0.42250287026406425,0.3650545125047801,0.02125659606502472,1.0240852828378444,5
55,s_curve|fm|K10,s_curve,fm,10,test,s_curve_bounds+dynamics+geo_bounds+halfspace+obstacles,geo_free,False,all,0.2,0.4,0.0,0.0,0.0,0.8,0.2,0.9679097427581362,258.0,50.67376261111186,818.8,610.0,0.1636228868729854,163.62288687298542,99.93468551705332,63.68820135593209,175.56484853848815,0.8916188289322617,0.2586821471415893,0.009197566828051163,1.1469371564791744,5
55,s_curve|fm|K10,s_curve,fm,10,test,s_curve_bounds+dynamics+geo_bounds+halfspace+obstacles,geo_free,False,proj_valid,0.2,0.4,0.0,0.0,0.0,0.8,0.2,0.9679097427581362,258.0,50.67376261111186,818.8,610.0,0.1636228868729854,163.62288687298542,99.93468551705332,63.68820135593209,175.56484853848815,0.8916188289322617,0.2586821471415893,0.009197566828051163,1.1469371564791744,5
55,s_curve|fm|K10,s_curve,fm,10,test,s_curve_bounds+dynamics+geo_bounds+halfspace+obstacles,geo_free-bounds_free,False,all,0.0,0.2,0.0,0.0,0.0,0.8,0.0,1.0125030009490494,344.6,69.95120878111489,871.0,,0.1526787649469165,152.6787649469165,100.06778994290312,52.61097500401338,163.72129909694195,0.8913892078071182,0.2405263571920942,0.00871464094294665,1.1715394370013967,5
55,s_curve|fm|K10,s_curve,fm,10,test,s_curve_bounds+dynamics+geo_bounds+halfspace+obstacles,geo_free-bounds_free,False,proj_valid,0.0,0.2,0.0,0.0,0.0,0.8,0.0,1.0125030009490494,344.6,69.95120878111489,871.0,,0.1526787649469165,152.6787649469165,100.06778994290312,52.61097500401338,163.72129909694195,0.8913892078071182,0.2405263571920942,0.00871464094294665,1.1715394370013967,5
55,s_curve|fm|K10,s_curve,fm,10,test,s_curve_bounds+dynamics+geo_bounds+halfspace+obstacles,geo_free-model_free,False,all,0.0,0.0,0.0,0.0,0.0,0.0,0.0,6.389905428962983,28.2,11.240748497480292,871.0,,0.13566707499086986,135.66707499086982,100.52893256213096,35.138142428738874,146.41948929056525,0.11848450057405283,0.7255144979909778,0.0,-0.011864917829377385,5
55,s_curve|fm|K10,s_curve,fm,10,test,s_curve_bounds+dynamics+geo_bounds+halfspace+obstacles,geo_free-model_free,False,proj_valid,0.0,0.0,0.0,0.0,0.0,0.0,0.0,6.389905428962983,28.2,11.240748497480292,871.0,,0.13566707499086986,135.66707499086982,100.52893256213096,35.138142428738874,146.41948929056525,0.11848450057405283,0.7255144979909778,0.0,-0.011864917829377385,5
55,s_curve|fm|K10,s_curve,fm,10,test,s_curve_bounds+dynamics+geo_bounds+halfspace+obstacles,model_free-bounds_free,False,all,0.0,0.0,0.0,0.0,0.0,0.0,0.0,6.3896770813456625,28.0,11.005750656144372,871.0,,0.1633133604987997,163.31336049879968,95.73124137757895,67.58211912122071,276.63911486044526,0.11848450057405283,0.7281744839787305,0.0,-0.015626666548970082,5
55,s_curve|fm|K10,s_curve,fm,10,test,s_curve_bounds+dynamics+geo_bounds+halfspace+obstacles,model_free-bounds_free,False,proj_valid,0.0,0.0,0.0,0.0,0.0,0.0,0.0,6.3896770813456625,28.0,11.005750656144372,871.0,,0.1633133604987997,163.31336049879968,95.73124137757895,67.58211912122071,276.63911486044526,0.11848450057405283,0.7281744839787305,0.0,-0.015626666548970082,5
55,s_curve|fm|K10,s_curve,fm,10,test,s_curve_bounds+dynamics+geo_bounds+halfspace+obstacles,model_free-bounds_free-tightened,True,all,0.0,0.0,0.0,0.0,0.0,0.0,0.0,6.456633080304378,27.0,9.931387419056437,871.0,,0.16252733913993572,162.52733913993572,96.51130249594392,66.01603664399181,253.28944960609078,0.11182548794489093,0.692995420833055,0.0,0.2349511283939508,5
55,s_curve|fm|K10,s_curve,fm,10,test,s_curve_bounds+dynamics+geo_bounds+halfspace+obstacles,model_free-bounds_free-tightened,True,proj_valid,0.0,0.0,0.0,0.0,0.0,0.0,0.0,6.456633080304378,27.0,9.931387419056437,871.0,,0.16252733913993572,162.52733913993572,96.51130249594392,66.01603664399181,253.28944960609078,0.11182548794489093,0.692995420833055,0.0,0.2349511283939508,5
56,s_curve|fm|K1,s_curve,fm,1,test,s_curve_bounds+dynamics+geo_bounds+halfspace+obstacles,diffuser,False,all,0.0,0.0,0.0,0.0,0.0,0.0,0.0,6.579880564641426,21.6,7.206684367353094,871.0,,0.011343976616245501,11.343976616245502,11.343976616245502,0.0,11.793084982782602,0.0002296211251435132,0.8779695693419203,0.0,0.5492075745163983,5
56,s_curve|fm|K1,s_curve,fm,1,test,s_curve_bounds+dynamics+geo_bounds+halfspace+obstacles,diffuser,False,proj_valid,0.0,0.0,0.0,0.0,0.0,0.0,0.0,6.579880564641426,21.6,7.206684367353094,871.0,,0.011343976616245501,11.343976616245502,11.343976616245502,0.0,11.793084982782602,0.0002296211251435132,0.8779695693419203,0.0,0.5492075745163983,5
56,s_curve|fm|K1,s_curve,fm,1,test,s_curve_bounds+dynamics+geo_bounds+halfspace+obstacles,dpcc-r,False,all,0.0,0.0,0.0,0.0,0.0,0.0,0.0,3.080963899033305,53.2,1.1903402314783305,871.0,,0.05701048961736506,57.01048961736505,11.105479907956774,45.90500970940828,158.73781977221364,0.1857634902411022,0.3528790515651764,0.0028933563164539712,1.0090681443932072,5
56,s_curve|fm|K1,s_curve,fm,1,test,s_curve_bounds+dynamics+geo_bounds+halfspace+obstacles,dpcc-r,False,proj_valid,0.0,0.0,0.0,0.0,0.0,0.0,0.0,3.080963899033305,53.2,1.1903402314783305,871.0,,0.05701048961736506,57.01048961736505,11.105479907956774,45.90500970940828,158.73781977221364,0.1857634902411022,0.3528790515651764,0.0028933563164539712,1.0090681443932072,5
56,s_curve|fm|K1,s_curve,fm,1,test,s_curve_bounds+dynamics+geo_bounds+halfspace+obstacles,dpcc-r-tightened,True,all,0.0,0.0,0.0,0.0,0.0,0.0,0.0,3.1531944835126913,20.0,1.3011276304775603,871.0,,0.06843116121579043,68.43116121579044,11.037823013330245,57.3933382024602,161.77051741629788,0.19357060849598165,0.36227570923171254,0.0010853415930094936,1.1046316162388103,5
56,s_curve|fm|K1,s_curve,fm,1,test,s_curve_bounds+dynamics+geo_bounds+halfspace+obstacles,dpcc-r-tightened,True,proj_valid,0.0,0.0,0.0,0.0,0.0,0.0,0.0,3.1531944835126913,20.0,1.3011276304775603,871.0,,0.06843116121579043,68.43116121579044,11.037823013330245,57.3933382024602,161.77051741629788,0.19357060849598165,0.36227570923171254,0.0010853415930094936,1.1046316162388103,5
56,s_curve|fm|K1,s_curve,fm,1,test,s_curve_bounds+dynamics+geo_bounds+halfspace+obstacles,dpcc-c,False,all,0.0,0.0,0.0,0.0,0.0,0.0,0.0,2.6003856742996936,63.2,1.9936183655601056,871.0,,0.06436455919743499,64.36455919743499,10.929241885511505,53.435317311923484,219.40558224916444,0.19977037887485646,0.36741649268059434,0.010464519019006618,0.929111194985533,5
56,s_curve|fm|K1,s_curve,fm,1,test,s_curve_bounds+dynamics+geo_bounds+halfspace+obstacles,dpcc-c,False,proj_valid,0.0,0.0,0.0,0.0,0.0,0.0,0.0,2.6003856742996936,63.2,1.9936183655601056,871.0,,0.06436455919743499,64.36455919743499,10.929241885511505,53.435317311923484,219.40558224916444,0.19977037887485646,0.36741649268059434,0.010464519019006618,0.929111194985533,5
56,s_curve|fm|K1,s_curve,fm,1,test,s_curve_bounds+dynamics+geo_bounds+halfspace+obstacles,dpcc-c-tightened,True,all,0.0,0.0,0.0,0.0,0.0,0.0,0.0,2.937858643777055,15.8,0.5841050450433408,871.0,,0.06635909834738016,66.35909834738015,11.132661214700274,55.226437132679884,152.67444141209117,0.22411021814006887,0.3616126136477744,0.006702201538579656,0.9647251387149236,5
56,s_curve|fm|K1,s_curve,fm,1,test,s_curve_bounds+dynamics+geo_bounds+halfspace+obstacles,dpcc-c-tightened,True,proj_valid,0.0,0.0,0.0,0.0,0.0,0.0,0.0,2.937858643777055,15.8,0.5841050450433408,871.0,,0.06635909834738016,66.35909834738015,11.132661214700274,55.226437132679884,152.67444141209117,0.22411021814006887,0.3616126136477744,0.006702201538579656,0.9647251387149236,5
56,s_curve|fm|K1,s_curve,fm,1,test,s_curve_bounds+dynamics+geo_bounds+halfspace+obstacles,dpcc-t,False,all,0.2,0.2,0.0,0.0,0.0,0.2,0.2,1.8811589119928769,68.4,2.0485444887663387,827.0,651.0,0.09836808349976664,98.36808349976664,11.237714769934398,87.13036872983223,331.3199903443454,0.3270319794152245,0.36626505495136197,0.004159379204338017,0.7573005334090436,5
56,s_curve|fm|K1,s_curve,fm,1,test,s_curve_bounds+dynamics+geo_bounds+halfspace+obstacles,dpcc-t,False,proj_valid,0.2,0.2,0.0,0.0,0.0,0.2,0.2,1.8811589119928769,68.4,2.0485444887663387,827.0,651.0,0.09836808349976664,98.36808349976664,11.237714769934398,87.13036872983223,331.3199903443454,0.3270319794152245,0.36626505495136197,0.004159379204338017,0.7573005334090436,5
56,s_curve|fm|K1,s_curve,fm,1,test,s_curve_bounds+dynamics+geo_bounds+halfspace+obstacles,dpcc-t-tightened,True,all,0.0,0.0,0.0,0.0,0.0,0.0,0.0,3.094612981784949,21.0,0.5895342820949299,871.0,,0.07761131440692023,77.61131440692023,11.16004493492761,66.45126947199262,180.21927962079639,0.1951779563719862,0.36081524094806017,0.001862376407246367,0.9832618343931827,5
56,s_curve|fm|K1,s_curve,fm,1,test,s_curve_bounds+dynamics+geo_bounds+halfspace+obstacles,dpcc-t-tightened,True,proj_valid,0.0,0.0,0.0,0.0,0.0,0.0,0.0,3.094612981784949,21.0,0.5895342820949299,871.0,,0.07761131440692023,77.61131440692023,11.16004493492761,66.45126947199262,180.21927962079639,0.1951779563719862,0.36081524094806017,0.001862376407246367,0.9832618343931827,5
56,s_curve|fm|K1,s_curve,fm,1,test,s_curve_bounds+dynamics+geo_bounds+halfspace+obstacles,gradient,False,all,0.0,1.0,0.0,0.0,0.0,1.0,0.0,0.45245044907534615,477.0,33.60206869892232,871.0,,0.012693665225388126,12.693665225388125,12.693665225388125,0.0,14.408623799681664,0.0002296211251435132,0.41808104200150337,0.0015308075009567545,0.39206996697027713,5
56,s_curve|fm|K1,s_curve,fm,1,test,s_curve_bounds+dynamics+geo_bounds+halfspace+obstacles,gradient,False,proj_valid,0.0,1.0,0.0,0.0,0.0,1.0,0.0,0.45245044907534615,477.0,33.60206869892232,871.0,,0.012693665225388126,12.693665225388125,12.693665225388125,0.0,14.408623799681664,0.0002296211251435132,0.41808104200150337,0.0015308075009567545,0.39206996697027713,5
56,s_curve|fm|K1,s_curve,fm,1,test,s_curve_bounds+dynamics+geo_bounds+halfspace+obstacles,gradient-tightened,True,all,0.2,0.6,0.0,0.0,0.0,0.6,0.2,0.4570690934267894,454.4,40.62865887699452,840.6,719.0,0.012650473326584871,12.65047332658487,12.65047332658487,0.0,14.274845980107784,0.0,0.4234680870790191,0.013011863758132416,0.242170406268776,5
56,s_curve|fm|K1,s_curve,fm,1,test,s_curve_bounds+dynamics+geo_bounds+halfspace+obstacles,gradient-tightened,True,proj_valid,0.2,0.6,0.0,0.0,0.0,0.6,0.2,0.4570690934267894,454.4,40.62865887699452,840.6,719.0,0.012650473326584871,12.65047332658487,12.65047332658487,0.0,14.274845980107784,0.0,0.4234680870790191,0.013011863758132416,0.242170406268776,5
56,s_curve|fm|K1,s_curve,fm,1,test,s_curve_bounds+dynamics+geo_bounds+halfspace+obstacles,post_processing,False,all,0.0,0.0,0.0,0.0,0.0,0.0,0.0,2.3733004540809683,66.6,2.694343090824269,871.0,,0.07382840916732272,73.82840916732273,10.939065245375275,62.88934392194746,213.5352639481423,0.2342135476463835,0.37820395907035415,0.002665949986686674,0.8382378008984768,5
56,s_curve|fm|K1,s_curve,fm,1,test,s_curve_bounds+dynamics+geo_bounds+halfspace+obstacles,post_processing,False,proj_valid,0.0,0.0,0.0,0.0,0.0,0.0,0.0,2.3733004540809683,66.6,2.694343090824269,871.0,,0.07382840916732272,73.82840916732273,10.939065245375275,62.88934392194746,213.5352639481423,0.2342135476463835,0.37820395907035415,0.002665949986686674,0.8382378008984768,5
56,s_curve|fm|K1,s_curve,fm,1,test,s_curve_bounds+dynamics+geo_bounds+halfspace+obstacles,post_processing-tightened,True,all,0.0,0.0,0.0,0.0,0.0,0.0,0.0,3.063374277296908,20.6,0.7920621530093657,871.0,,0.07910220485419518,79.10220485419518,11.002220770356345,68.09998408383885,215.7382284849877,0.18208955223880596,0.36100567814885415,0.004984656992770583,0.920991370971614,5
56,s_curve|fm|K1,s_curve,fm,1,test,s_curve_bounds+dynamics+geo_bounds+halfspace+obstacles,post_processing-tightened,True,proj_valid,0.0,0.0,0.0,0.0,0.0,0.0,0.0,3.063374277296908,20.6,0.7920621530093657,871.0,,0.07910220485419518,79.10220485419518,11.002220770356345,68.09998408383885,215.7382284849877,0.18208955223880596,0.36100567814885415,0.004984656992770583,0.920991370971614,5
56,s_curve|fm|K1,s_curve,fm,1,test,s_curve_bounds+dynamics+geo_bounds+halfspace+obstacles,model_free,False,all,0.0,0.0,0.0,0.0,0.0,0.0,0.0,6.496027367396526,20.4,7.51282418745721,871.0,,0.031728444558750575,31.728444558750574,10.756477232293026,20.97196732645755,61.338741052895784,0.016762342135476466,0.8054864053155011,0.0,0.3814084332682118,5
56,s_curve|fm|K1,s_curve,fm,1,test,s_curve_bounds+dynamics+geo_bounds+halfspace+obstacles,model_free,False,proj_valid,0.0,0.0,0.0,0.0,0.0,0.0,0.0,6.496027367396526,20.4,7.51282418745721,871.0,,0.031728444558750575,31.728444558750574,10.756477232293026,20.97196732645755,61.338741052895784,0.016762342135476466,0.8054864053155011,0.0,0.3814084332682118,5
56,s_curve|fm|K1,s_curve,fm,1,test,s_curve_bounds+dynamics+geo_bounds+halfspace+obstacles,model_free-tightened,True,all,0.0,0.0,0.0,0.0,0.0,0.0,0.0,6.502704616109554,29.8,12.748866987337818,871.0,,0.03552278699094187,35.52278699094187,11.23680966883864,24.285977322103225,71.00788015872237,0.028243398392652126,0.9982558066435285,0.0007246376811594203,0.2265138057511244,5
56,s_curve|fm|K1,s_curve,fm,1,test,s_curve_bounds+dynamics+geo_bounds+halfspace+obstacles,model_free-tightened,True,proj_valid,0.0,0.0,0.0,0.0,0.0,0.0,0.0,6.502704616109554,29.8,12.748866987337818,871.0,,0.03552278699094187,35.52278699094187,11.23680966883864,24.285977322103225,71.00788015872237,0.028243398392652126,0.9982558066435285,0.0007246376811594203,0.2265138057511244,5
56,s_curve|fm|K1,s_curve,fm,1,test,s_curve_bounds+dynamics+geo_bounds+halfspace+obstacles,bounds_free,False,all,0.0,0.2,0.0,0.0,0.0,0.2,0.0,2.1584101466577876,90.2,4.034853961166171,871.0,,0.08192526990310349,81.9252699031035,10.999548480586503,70.925721422517,389.159710556267,0.19081515499425947,0.356648114055815,0.015844679622285942,0.6848758249284082,5
56,s_curve|fm|K1,s_curve,fm,1,test,s_curve_bounds+dynamics+geo_bounds+halfspace+obstacles,bounds_free,False,proj_valid,0.0,0.2,0.0,0.0,0.0,0.2,0.0,2.1584101466577876,90.2,4.034853961166171,871.0,,0.08192526990310349,81.9252699031035,10.999548480586503,70.925721422517,389.159710556267,0.19081515499425947,0.356648114055815,0.015844679622285942,0.6848758249284082,5
56,s_curve|fm|K1,s_curve,fm,1,test,s_curve_bounds+dynamics+geo_bounds+halfspace+obstacles,bounds_free-tightened,True,all,0.0,0.0,0.0,0.0,0.0,0.0,0.0,2.3029849149507315,56.2,2.9614724545172697,871.0,,0.08492977077951122,84.9297707795112,10.888735979510558,74.04103480000065,221.8001978285606,0.20688863375430538,0.39869421563461527,0.015376264945527737,0.6397336693867277,5
56,s_curve|fm|K1,s_curve,fm,1,test,s_curve_bounds+dynamics+geo_bounds+halfspace+obstacles,bounds_free-tightened,True,proj_valid,0.0,0.0,0.0,0.0,0.0,0.0,0.0,2.3029849149507315,56.2,2.9614724545172697,871.0,,0.08492977077951122,84.9297707795112,10.888735979510558,74.04103480000065,221.8001978285606,0.20688863375430538,0.39869421563461527,0.015376264945527737,0.6397336693867277,5
56,s_curve|fm|K1,s_curve,fm,1,test,s_curve_bounds+dynamics+geo_bounds+halfspace+obstacles,geo_free,False,all,0.6,0.8,0.0,0.0,0.0,0.8,0.6,1.6684326883992604,501.4,31.275031366829875,773.4,708.3333333333334,0.02384846431517048,23.84846431517048,10.915662218462964,12.932802096707519,26.686929501593113,0.002172303712302463,0.3234545412602701,0.005930555428017311,0.9744420919332581,5
56,s_curve|fm|K1,s_curve,fm,1,test,s_curve_bounds+dynamics+geo_bounds+halfspace+obstacles,geo_free,False,proj_valid,0.6,0.8,0.0,0.0,0.0,0.8,0.6,1.6684326883992604,501.4,31.275031366829875,773.4,708.3333333333334,0.02384846431517048,23.84846431517048,10.915662218462964,12.932802096707519,26.686929501593113,0.002172303712302463,0.3234545412602701,0.005930555428017311,0.9744420919332581,5
56,s_curve|fm|K1,s_curve,fm,1,test,s_curve_bounds+dynamics+geo_bounds+halfspace+obstacles,geo_free-bounds_free,False,all,0.6,1.0,0.0,0.0,0.0,1.0,0.6,0.3075382321437871,600.0,25.401439403533836,773.2,708.0,0.021562225479756957,21.562225479756957,10.97603925489015,10.586186224866807,24.20373573899269,0.0007377937823204526,0.26305360315682974,0.007399408436380895,1.17154576583327,5
56,s_curve|fm|K1,s_curve,fm,1,test,s_curve_bounds+dynamics+geo_bounds+halfspace+obstacles,geo_free-bounds_free,False,proj_valid,0.6,1.0,0.0,0.0,0.0,1.0,0.6,0.3075382321437871,600.0,25.401439403533836,773.2,708.0,0.021562225479756957,21.562225479756957,10.97603925489015,10.586186224866807,24.20373573899269,0.0007377937823204526,0.26305360315682974,0.007399408436380895,1.17154576583327,5
56,s_curve|fm|K1,s_curve,fm,1,test,s_curve_bounds+dynamics+geo_bounds+halfspace+obstacles,geo_free-model_free,False,all,0.0,0.0,0.0,0.0,0.0,0.0,0.0,6.470171637546018,37.8,15.414617350736625,871.0,,0.020801201944871794,20.801201944871792,10.964958716377422,9.836243228494371,24.425115808844563,0.0,0.8289188497378117,0.0,-0.006733177840130733,5
56,s_curve|fm|K1,s_curve,fm,1,test,s_curve_bounds+dynamics+geo_bounds+halfspace+obstacles,geo_free-model_free,False,proj_valid,0.0,0.0,0.0,0.0,0.0,0.0,0.0,6.470171637546018,37.8,15.414617350736625,871.0,,0.020801201944871794,20.801201944871792,10.964958716377422,9.836243228494371,24.425115808844563,0.0,0.8289188497378117,0.0,-0.006733177840130733,5
56,s_curve|fm|K1,s_curve,fm,1,test,s_curve_bounds+dynamics+geo_bounds+halfspace+obstacles,model_free-bounds_free,False,all,0.0,0.0,0.0,0.0,0.0,0.0,0.0,6.467639164520717,41.2,18.357442094691088,871.0,,0.02698121251211477,26.98121251211477,11.022795561028563,15.958416951086207,39.011947438120835,0.01423650975889782,0.7646892099837631,0.0,0.23867070821965478,5
56,s_curve|fm|K1,s_curve,fm,1,test,s_curve_bounds+dynamics+geo_bounds+halfspace+obstacles,model_free-bounds_free,False,proj_valid,0.0,0.0,0.0,0.0,0.0,0.0,0.0,6.467639164520717,41.2,18.357442094691088,871.0,,0.02698121251211477,26.98121251211477,11.022795561028563,15.958416951086207,39.011947438120835,0.01423650975889782,0.7646892099837631,0.0,0.23867070821965478,5
56,s_curve|fm|K1,s_curve,fm,1,test,s_curve_bounds+dynamics+geo_bounds+halfspace+obstacles,model_free-bounds_free-tightened,True,all,0.0,0.0,0.0,0.0,0.0,0.0,0.0,6.463417808378184,29.8,11.12165745974937,871.0,,0.02988386304280686,29.88386304280686,11.08400921944234,18.799853823364522,60.02590397372842,0.017451205510907,0.8187800580499666,0.010958904109589041,0.24344804903285996,5
56,s_curve|fm|K1,s_curve,fm,1,test,s_curve_bounds+dynamics+geo_bounds+halfspace+obstacles,model_free-bounds_free-tightened,True,proj_valid,0.0,0.0,0.0,0.0,0.0,0.0,0.0,6.463417808378184,29.8,11.12165745974937,871.0,,0.02988386304280686,29.88386304280686,11.08400921944234,18.799853823364522,60.02590397372842,0.017451205510907,0.8187800580499666,0.010958904109589041,0.24344804903285996,5
57,s_curve|fm|K20,s_curve,fm,20,test,s_curve_bounds+dynamics+geo_bounds+halfspace+obstacles,diffuser,False,all,0.0,0.0,0.0,0.0,0.0,0.0,0.0,6.414310217062749,24.6,9.69739327552344,871.0,,0.16736766560354105,167.36766560354107,167.36766560354107,0.0,167.93828520923853,0.1272101033295063,0.658297023940142,0.0,0.23873237582431264,5
57,s_curve|fm|K20,s_curve,fm,20,test,s_curve_bounds+dynamics+geo_bounds+halfspace+obstacles,diffuser,False,proj_valid,0.0,0.0,0.0,0.0,0.0,0.0,0.0,6.414310217062749,24.6,9.69739327552344,871.0,,0.16736766560354105,167.36766560354107,167.36766560354107,0.0,167.93828520923853,0.1272101033295063,0.658297023940142,0.0,0.23873237582431264,5
57,s_curve|fm|K20,s_curve,fm,20,test,s_curve_bounds+dynamics+geo_bounds+halfspace+obstacles,dpcc-r,False,all,0.0,0.0,0.0,0.0,0.0,0.0,0.0,3.7902506148147714,7.8,3.7076666195690606,871.0,,2.4200764617184274,2420.0764617184273,169.19351962251193,2250.882942095915,8253.206696026024,0.3563719862227325,0.394547973528081,0.0014571948998178506,1.1184006576230408,5
57,s_curve|fm|K20,s_curve,fm,20,test,s_curve_bounds+dynamics+geo_bounds+halfspace+obstacles,dpcc-r,False,proj_valid,0.0,0.0,0.0,0.0,0.0,0.0,0.0,3.7902506148147714,7.8,3.7076666195690606,871.0,,2.4200764617184274,2420.0764617184273,169.19351962251193,2250.882942095915,8253.206696026024,0.3563719862227325,0.394547973528081,0.0014571948998178506,1.1184006576230408,5
57,s_curve|fm|K20,s_curve,fm,20,test,s_curve_bounds+dynamics+geo_bounds+halfspace+obstacles,dpcc-r-tightened,True,all,0.0,0.0,0.0,0.0,0.6,0.0,0.0,2.961212153151285,3.2,0.5404549723954448,871.0,,3.396593160646251,3396.593160646251,169.48132876109187,3227.111831885159,10979.383554272357,0.43099885189437426,0.36958936107625695,0.02174138459763746,0.876418802975709,5
57,s_curve|fm|K20,s_curve,fm,20,test,s_curve_bounds+dynamics+geo_bounds+halfspace+obstacles,dpcc-r-tightened,True,proj_valid,0.0,0.0,0.0,0.0,0.6,0.0,0.0,2.961212153151285,3.2,0.5404549723954448,871.0,,3.396593160646251,3396.593160646251,169.48132876109187,3227.111831885159,10979.383554272357,0.43099885189437426,0.36958936107625695,0.02174138459763746,0.876418802975709,5
57,s_curve|fm|K20,s_curve,fm,20,test,s_curve_bounds+dynamics+geo_bounds+halfspace+obstacles,dpcc-c,False,all,0.0,0.0,0.0,0.0,0.0,0.0,0.0,2.9909557924741623,14.4,2.869385510501887,871.0,,3.046768350915465,3046.7683509154645,169.3639350140715,2877.404415901393,9848.332468718285,0.4594718714121699,0.32700045975148745,0.033192526838174086,1.1715400935691709,5
57,s_curve|fm|K20,s_curve,fm,20,test,s_curve_bounds+dynamics+geo_bounds+halfspace+obstacles,dpcc-c,False,proj_valid,0.0,0.0,0.0,0.0,0.0,0.0,0.0,2.9909557924741623,14.4,2.869385510501887,871.0,,3.046768350915465,3046.7683509154645,169.3639350140715,2877.404415901393,9848.332468718285,0.4594718714121699,0.32700045975148745,0.033192526838174086,1.1715400935691709,5
57,s_curve|fm|K20,s_curve,fm,20,test,s_curve_bounds+dynamics+geo_bounds+halfspace+obstacles,dpcc-c-tightened,True,all,0.0,0.0,0.0,0.0,0.0,0.0,0.0,3.1715072566915183,26.8,7.954238159422206,871.0,,3.7498896152301002,3749.8896152301,169.2312599925247,3580.6583552375755,12023.885384295132,0.4732491389207807,0.3687092704162696,0.007956378006258627,0.9549922544227343,5
57,s_curve|fm|K20,s_curve,fm,20,test,s_curve_bounds+dynamics+geo_bounds+halfspace+obstacles,dpcc-c-tightened,True,proj_valid,0.0,0.0,0.0,0.0,0.0,0.0,0.0,3.1715072566915183,26.8,7.954238159422206,871.0,,3.7498896152301002,3749.8896152301,169.2312599925247,3580.6583552375755,12023.885384295132,0.4732491389207807,0.3687092704162696,0.007956378006258627,0.9549922544227343,5
57,s_curve|fm|K20,s_curve,fm,20,test,s_curve_bounds+dynamics+geo_bounds+halfspace+obstacles,dpcc-t,False,all,0.0,0.0,0.0,0.0,0.0,0.0,0.0,2.9185163541424406,12.4,2.3348377705807937,871.0,,3.1689027978995035,3168.9027978995036,169.35733026720064,2999.5454676323034,10010.904145725071,0.4291618828932262,0.3353507841394353,0.028442389634681115,1.1715402911154835,5
57,s_curve|fm|K20,s_curve,fm,20,test,s_curve_bounds+dynamics+geo_bounds+halfspace+obstacles,dpcc-t,False,proj_valid,0.0,0.0,0.0,0.0,0.0,0.0,0.0,2.9185163541424406,12.4,2.3348377705807937,871.0,,3.1689027978995035,3168.9027978995036,169.35733026720064,2999.5454676323034,10010.904145725071,0.4291618828932262,0.3353507841394353,0.028442389634681115,1.1715402911154835,5
57,s_curve|fm|K20,s_curve,fm,20,test,s_curve_bounds+dynamics+geo_bounds+halfspace+obstacles,dpcc-t-tightened,True,all,0.0,0.0,0.0,0.0,0.0,0.0,0.0,2.9591425886986014,21.2,5.367824891816367,871.0,,3.6950688154602225,3695.0688154602226,169.69330276557622,3525.3755126946467,12565.676522869615,0.4516647531572905,0.3933998557170403,0.01711829893755947,1.0771887726654736,5
57,s_curve|fm|K20,s_curve,fm,20,test,s_curve_bounds+dynamics+geo_bounds+halfspace+obstacles,dpcc-t-tightened,True,proj_valid,0.0,0.0,0.0,0.0,0.0,0.0,0.0,2.9591425886986014,21.2,5.367824891816367,871.0,,3.6950688154602225,3695.0688154602226,169.69330276557622,3525.3755126946467,12565.676522869615,0.4516647531572905,0.3933998557170403,0.01711829893755947,1.0771887726654736,5
57,s_curve|fm|K20,s_curve,fm,20,test,s_curve_bounds+dynamics+geo_bounds+halfspace+obstacles,gradient,False,all,0.0,0.0,0.0,0.0,1.0,0.0,0.0,6.598140598928848,0.0,0.0,871.0,,0.19076628528224926,190.76628528224927,190.76628528224927,0.0,197.52326117828488,0.008266360505166475,3.013820337357257,0.0,1.112265934636914,5
57,s_curve|fm|K20,s_curve,fm,20,test,s_curve_bounds+dynamics+geo_bounds+halfspace+obstacles,gradient,False,proj_valid,0.0,0.0,0.0,0.0,1.0,0.0,0.0,6.598140598928848,0.0,0.0,871.0,,0.19076628528224926,190.76628528224927,190.76628528224927,0.0,197.52326117828488,0.008266360505166475,3.013820337357257,0.0,1.112265934636914,5
57,s_curve|fm|K20,s_curve,fm,20,test,s_curve_bounds+dynamics+geo_bounds+halfspace+obstacles,gradient-tightened,True,all,0.0,0.0,0.0,0.0,1.0,0.0,0.0,6.598691710985241,0.0,0.0,871.0,,0.18409719603757063,184.09719603757065,184.09719603757065,0.0,185.25646356865764,0.006888633754305396,3.445113248246075,0.0,1.1457214461607808,5
57,s_curve|fm|K20,s_curve,fm,20,test,s_curve_bounds+dynamics+geo_bounds+halfspace+obstacles,gradient-tightened,True,proj_valid,0.0,0.0,0.0,0.0,1.0,0.0,0.0,6.598691710985241,0.0,0.0,871.0,,0.18409719603757063,184.09719603757065,184.09719603757065,0.0,185.25646356865764,0.006888633754305396,3.445113248246075,0.0,1.1457214461607808,5
57,s_curve|fm|K20,s_curve,fm,20,test,s_curve_bounds+dynamics+geo_bounds+halfspace+obstacles,post_processing,False,all,0.0,0.0,0.0,0.0,0.0,0.0,0.0,3.177137353147562,12.4,3.0825532638980677,871.0,,0.19752618963911753,197.52618963911752,169.29142622290124,28.234763416216293,247.75876037776453,0.469804822043628,0.3489720788837414,0.003246735107887447,1.1571464917731114,5
57,s_curve|fm|K20,s_curve,fm,20,test,s_curve_bounds+dynamics+geo_bounds+halfspace+obstacles,post_processing,False,proj_valid,0.0,0.0,0.0,0.0,0.0,0.0,0.0,3.177137353147562,12.4,3.0825532638980677,871.0,,0.19752618963911753,197.52618963911752,169.29142622290124,28.234763416216293,247.75876037776453,0.469804822043628,0.3489720788837414,0.003246735107887447,1.1571464917731114,5
57,s_curve|fm|K20,s_curve,fm,20,test,s_curve_bounds+dynamics+geo_bounds+halfspace+obstacles,post_processing-tightened,True,all,0.0,0.0,0.0,0.0,0.0,0.0,0.0,3.152417466188525,10.4,1.7982332313258962,871.0,,0.20749357410161764,207.49357410161764,169.00708431546482,38.48648978615283,248.33784770220512,0.4677382319173364,0.34398025151317085,0.0019698650287236366,1.15776033046749,5
57,s_curve|fm|K20,s_curve,fm,20,test,s_curve_bounds+dynamics+geo_bounds+halfspace+obstacles,post_processing-tightened,True,proj_valid,0.0,0.0,0.0,0.0,0.0,0.0,0.0,3.152417466188525,10.4,1.7982332313258962,871.0,,0.20749357410161764,207.49357410161764,169.00708431546482,38.48648978615283,248.33784770220512,0.4677382319173364,0.34398025151317085,0.0019698650287236366,1.15776033046749,5
57,s_curve|fm|K20,s_curve,fm,20,test,s_curve_bounds+dynamics+geo_bounds+halfspace+obstacles,model_free,False,all,0.0,0.0,0.0,0.0,0.0,0.0,0.0,6.453277219069719,19.8,7.472272010410205,871.0,,0.29457822569202996,294.57822569203,169.0002847710254,125.57794092100455,431.3536404259501,0.11710677382319172,0.6526240791045369,0.0,0.25246507132647056,5
57,s_curve|fm|K20,s_curve,fm,20,test,s_curve_bounds+dynamics+geo_bounds+halfspace+obstacles,model_free,False,proj_valid,0.0,0.0,0.0,0.0,0.0,0.0,0.0,6.453277219069719,19.8,7.472272010410205,871.0,,0.29457822569202996,294.57822569203,169.0002847710254,125.57794092100455,431.3536404259501,0.11710677382319172,0.6526240791045369,0.0,0.25246507132647056,5
57,s_curve|fm|K20,s_curve,fm,20,test,s_curve_bounds+dynamics+geo_bounds+halfspace+obstacles,model_free-tightened,True,all,0.0,0.0,0.0,0.0,0.0,0.0,0.0,6.392111599167236,24.6,9.274978290053083,871.0,,0.2997293444973871,299.72934449738705,169.21346827491078,130.5158762224763,431.0555099695921,0.12629161882893225,0.6264764852838328,0.0,0.23768542433996057,5
57,s_curve|fm|K20,s_curve,fm,20,test,s_curve_bounds+dynamics+geo_bounds+halfspace+obstacles,model_free-tightened,True,proj_valid,0.0,0.0,0.0,0.0,0.0,0.0,0.0,6.392111599167236,24.6,9.274978290053083,871.0,,0.2997293444973871,299.72934449738705,169.21346827491078,130.5158762224763,431.0555099695921,0.12629161882893225,0.6264764852838328,0.0,0.23768542433996057,5
57,s_curve|fm|K20,s_curve,fm,20,test,s_curve_bounds+dynamics+geo_bounds+halfspace+obstacles,bounds_free,False,all,0.0,0.0,0.0,0.0,0.4,0.0,0.0,3.061757914492451,8.6,1.6013285929905177,871.0,,1.55372334726231,1553.72334726231,169.46350014258948,1384.2598471197205,5906.305634621531,0.37634902411021814,0.43215870118008554,0.011105567954021341,0.9658599468032307,5
57,s_curve|fm|K20,s_curve,fm,20,test,s_curve_bounds+dynamics+geo_bounds+halfspace+obstacles,bounds_free,False,proj_valid,0.0,0.0,0.0,0.0,0.4,0.0,0.0,3.061757914492451,8.6,1.6013285929905177,871.0,,1.55372334726231,1553.72334726231,169.46350014258948,1384.2598471197205,5906.305634621531,0.37634902411021814,0.43215870118008554,0.011105567954021341,0.9658599468032307,5
57,s_curve|fm|K20,s_curve,fm,20,test,s_curve_bounds+dynamics+geo_bounds+halfspace+obstacles,bounds_free-tightened,True,all,0.0,0.0,0.0,0.0,0.0,0.0,0.0,3.0039539211077866,12.0,1.3828277208580855,871.0,,1.832748102558255,1832.7481025582551,169.73958248722926,1663.008520071026,6796.4138358272585,0.3979334098737084,0.4130165252011775,0.02211341305719237,0.9905803065996434,5
57,s_curve|fm|K20,s_curve,fm,20,test,s_curve_bounds+dynamics+geo_bounds+halfspace+obstacles,bounds_free-tightened,True,proj_valid,0.0,0.0,0.0,0.0,0.0,0.0,0.0,3.0039539211077866,12.0,1.3828277208580855,871.0,,1.832748102558255,1832.7481025582551,169.73958248722926,1663.008520071026,6796.4138358272585,0.3979334098737084,0.4130165252011775,0.02211341305719237,0.9905803065996434,5
57,s_curve|fm|K20,s_curve,fm,20,test,s_curve_bounds+dynamics+geo_bounds+halfspace+obstacles,geo_free,False,all,0.4,0.4,0.0,0.0,0.0,0.4,0.4,1.8061281552322939,21.0,2.7193772122766555,766.8,610.5,0.2813906868054556,281.39068680545563,169.38185826226248,112.00882854319312,284.427978284657,0.6817451205510907,0.31539386141919085,0.01152673629058795,1.17154027547301,5
57,s_curve|fm|K20,s_curve,fm,20,test,s_curve_bounds+dynamics+geo_bounds+halfspace+obstacles,geo_free,False,proj_valid,0.4,0.4,0.0,0.0,0.0,0.4,0.4,1.8061281552322939,21.0,2.7193772122766555,766.8,610.5,0.2813906868054556,281.39068680545563,169.38185826226248,112.00882854319312,284.427978284657,0.6817451205510907,0.31539386141919085,0.01152673629058795,1.17154027547301,5
57,s_curve|fm|K20,s_curve,fm,20,test,s_curve_bounds+dynamics+geo_bounds+halfspace+obstacles,geo_free-bounds_free,False,all,0.4,0.6,0.0,0.0,0.0,0.6,0.4,1.34943234456517,60.4,8.181957608771965,764.4,604.5,0.26143886802790284,261.43886802790286,168.88090814459426,92.5579598833086,263.0775460600853,0.7836969001148105,0.2951469699617295,0.018013226697918543,1.1715401198715085,5
57,s_curve|fm|K20,s_curve,fm,20,test,s_curve_bounds+dynamics+geo_bounds+halfspace+obstacles,geo_free-bounds_free,False,proj_valid,0.4,0.6,0.0,0.0,0.0,0.6,0.4,1.34943234456517,60.4,8.181957608771965,764.4,604.5,0.26143886802790284,261.43886802790286,168.88090814459426,92.5579598833086,263.0775460600853,0.7836969001148105,0.2951469699617295,0.018013226697918543,1.1715401198715085,5
57,s_curve|fm|K20,s_curve,fm,20,test,s_curve_bounds+dynamics+geo_bounds+halfspace+obstacles,geo_free-model_free,False,all,0.0,0.0,0.0,0.0,0.0,0.0,0.0,6.390716570544873,25.0,9.73762800881965,871.0,,0.22279126865876409,222.7912686587641,168.31396631089436,54.47730234786974,240.87431855499744,0.13501722158438575,0.627986814480904,0.0,0.239644278900606,5
57,s_curve|fm|K20,s_curve,fm,20,test,s_curve_bounds+dynamics+geo_bounds+halfspace+obstacles,geo_free-model_free,False,proj_valid,0.0,0.0,0.0,0.0,0.0,0.0,0.0,6.390716570544873,25.0,9.73762800881965,871.0,,0.22279126865876409,222.7912686587641,168.31396631089436,54.47730234786974,240.87431855499744,0.13501722158438575,0.627986814480904,0.0,0.239644278900606,5
57,s_curve|fm|K20,s_curve,fm,20,test,s_curve_bounds+dynamics+geo_bounds+halfspace+obstacles,model_free-bounds_free,False,all,0.0,0.0,0.0,0.0,0.0,0.0,0.0,6.444549759875597,22.8,8.440262525344266,871.0,,0.27366304921790074,273.6630492179008,168.10522553611628,105.55782368178453,390.1738081872463,0.12192881745120551,0.6507380125694767,0.0,0.26550219761305616,5
57,s_curve|fm|K20,s_curve,fm,20,test,s_curve_bounds+dynamics+geo_bounds+halfspace+obstacles,model_free-bounds_free,False,proj_valid,0.0,0.0,0.0,0.0,0.0,0.0,0.0,6.444549759875597,22.8,8.440262525344266,871.0,,0.27366304921790074,273.6630492179008,168.10522553611628,105.55782368178453,390.1738081872463,0.12192881745120551,0.6507380125694767,0.0,0.26550219761305616,5
57,s_curve|fm|K20,s_curve,fm,20,test,s_curve_bounds+dynamics+geo_bounds+halfspace+obstacles,model_free-bounds_free-tightened,True,all,0.0,0.0,0.0,0.0,0.0,0.0,0.0,6.352381644964575,22.4,7.4712894171078235,871.0,,0.2764803611373221,276.4803611373221,168.18043973341008,108.29992140391202,393.0842605419457,0.12468427095292767,0.6288642688091707,0.0,0.29966625516132617,5
57,s_curve|fm|K20,s_curve,fm,20,test,s_curve_bounds+dynamics+geo_bounds+halfspace+obstacles,model_free-bounds_free-tightened,True,proj_valid,0.0,0.0,0.0,0.0,0.0,0.0,0.0,6.352381644964575,22.4,7.4712894171078235,871.0,,0.2764803611373221,276.4803611373221,168.18043973341008,108.29992140391202,393.0842605419457,0.12468427095292767,0.6288642688091707,0.0,0.29966625516132617,5
58,s_curve|fm|K2,s_curve,fm,2,test,s_curve_bounds+dynamics+geo_bounds+halfspace+obstacles,diffuser,False,all,0.0,0.0,0.0,0.0,0.0,0.0,0.0,6.525558748465643,24.8,10.355798877349413,871.0,,0.021243373566843325,21.243373566843324,21.243373566843324,0.0,23.218213133513927,0.0004592422502870264,1.079284469836412,0.0,-0.009344472912769507,5
58,s_curve|fm|K2,s_curve,fm,2,test,s_curve_bounds+dynamics+geo_bounds+halfspace+obstacles,diffuser,False,proj_valid,0.0,0.0,0.0,0.0,0.0,0.0,0.0,6.525558748465643,24.8,10.355798877349413,871.0,,0.021243373566843325,21.243373566843324,21.243373566843324,0.0,23.218213133513927,0.0004592422502870264,1.079284469836412,0.0,-0.009344472912769507,5
58,s_curve|fm|K2,s_curve,fm,2,test,s_curve_bounds+dynamics+geo_bounds+halfspace+obstacles,dpcc-r,False,all,0.2,0.2,0.0,0.0,0.0,0.2,0.2,2.0927601822811828,53.8,2.291932620762352,832.8,680.0,0.076324623977444,76.324623977444,20.756419736545077,55.56820424089892,165.94648161902978,0.6342135476463835,0.3344403425561454,0.009427079580635139,0.9418217462658898,5
58,s_curve|fm|K2,s_curve,fm,2,test,s_curve_bounds+dynamics+geo_bounds+halfspace+obstacles,dpcc-r,False,proj_valid,0.2,0.2,0.0,0.0,0.0,0.2,0.2,2.0927601822811828,53.8,2.291932620762352,832.8,680.0,0.076324623977444,76.324623977444,20.756419736545077,55.56820424089892,165.94648161902978,0.6342135476463835,0.3344403425561454,0.009427079580635139,0.9418217462658898,5
58,s_curve|fm|K2,s_curve,fm,2,test,s_curve_bounds+dynamics+geo_bounds+halfspace+obstacles,dpcc-r-tightened,True,all,0.0,0.0,0.0,0.0,0.0,0.0,0.0,3.1907938347396088,22.8,2.1221070006892075,871.0,,0.08019838530162068,80.19838530162069,20.947860362018726,59.25052493960195,152.05119181424374,0.4991963260619977,0.3500931664256416,0.0011013846296812565,0.9406949749014221,5
58,s_curve|fm|K2,s_curve,fm,2,test,s_curve_bounds+dynamics+geo_bounds+halfspace+obstacles,dpcc-r-tightened,True,proj_valid,0.0,0.0,0.0,0.0,0.0,0.0,0.0,3.1907938347396088,22.8,2.1221070006892075,871.0,,0.08019838530162068,80.19838530162069,20.947860362018726,59.25052493960195,152.05119181424374,0.4991963260619977,0.3500931664256416,0.0011013846296812565,0.9406949749014221,5
58,s_curve|fm|K2,s_curve,fm,2,test,s_curve_bounds+dynamics+geo_bounds+halfspace+obstacles,dpcc-c,False,all,0.0,0.0,0.0,0.0,0.0,0.0,0.0,2.7869486568567794,49.6,2.269635336218437,871.0,,0.07642386225998025,76.42386225998027,20.807502835931025,55.616359424049236,108.78433618694521,0.5288174512055109,0.3512144708590679,0.0015441002318231734,0.9808911392122655,5
58,s_curve|fm|K2,s_curve,fm,2,test,s_curve_bounds+dynamics+geo_bounds+halfspace+obstacles,dpcc-c,False,proj_valid,0.0,0.0,0.0,0.0,0.0,0.0,0.0,2.7869486568567794,49.6,2.269635336218437,871.0,,0.07642386225998025,76.42386225998027,20.807502835931025,55.616359424049236,108.78433618694521,0.5288174512055109,0.3512144708590679,0.0015441002318231734,0.9808911392122655,5
58,s_curve|fm|K2,s_curve,fm,2,test,s_curve_bounds+dynamics+geo_bounds+halfspace+obstacles,dpcc-c-tightened,True,all,0.0,0.0,0.0,0.0,0.0,0.0,0.0,3.1028907090198574,21.8,2.0531828850660703,871.0,,0.07644780225269718,76.44780225269719,20.91912063540277,55.528681617294424,188.17402532324172,0.5074626865671642,0.33821570563973313,0.009299751662912411,1.056199799000273,5
58,s_curve|fm|K2,s_curve,fm,2,test,s_curve_bounds+dynamics+geo_bounds+halfspace+obstacles,dpcc-c-tightened,True,proj_valid,0.0,0.0,0.0,0.0,0.0,0.0,0.0,3.1028907090198574,21.8,2.0531828850660703,871.0,,0.07644780225269718,76.44780225269719,20.91912063540277,55.528681617294424,188.17402532324172,0.5074626865671642,0.33821570563973313,0.009299751662912411,1.056199799000273,5
58,s_curve|fm|K2,s_curve,fm,2,test,s_curve_bounds+dynamics+geo_bounds+halfspace+obstacles,dpcc-t,False,all,0.0,0.0,0.0,0.0,0.0,0.0,0.0,3.0810068923076472,50.2,3.4289646829627927,871.0,,0.08402773380302828,84.02773380302827,21.064006178791356,62.963727624236924,155.7752568461001,0.5021814006888634,0.33552394506696115,0.003767154207295052,1.0565844752839,5
58,s_curve|fm|K2,s_curve,fm,2,test,s_curve_bounds+dynamics+geo_bounds+halfspace+obstacles,dpcc-t,False,proj_valid,0.0,0.0,0.0,0.0,0.0,0.0,0.0,3.0810068923076472,50.2,3.4289646829627927,871.0,,0.08402773380302828,84.02773380302827,21.064006178791356,62.963727624236924,155.7752568461001,0.5021814006888634,0.33552394506696115,0.003767154207295052,1.0565844752839,5
58,s_curve|fm|K2,s_curve,fm,2,test,s_curve_bounds+dynamics+geo_bounds+halfspace+obstacles,dpcc-t-tightened,True,all,0.0,0.0,0.0,0.0,0.0,0.0,0.0,3.1217787073872545,16.0,0.9545854849664085,871.0,,0.0560217052848256,56.0217052848256,20.789487801834692,35.2322174829909,96.09968818724147,0.48955223880597015,0.34330983408523724,0.0017152472452912119,1.0421168995455115,5
58,s_curve|fm|K2,s_curve,fm,2,test,s_curve_bounds+dynamics+geo_bounds+halfspace+obstacles,dpcc-t-tightened,True,proj_valid,0.0,0.0,0.0,0.0,0.0,0.0,0.0,3.1217787073872545,16.0,0.9545854849664085,871.0,,0.0560217052848256,56.0217052848256,20.789487801834692,35.2322174829909,96.09968818724147,0.48955223880597015,0.34330983408523724,0.0017152472452912119,1.0421168995455115,5
58,s_curve|fm|K2,s_curve,fm,2,test,s_curve_bounds+dynamics+geo_bounds+halfspace+obstacles,gradient,False,all,0.0,1.0,0.0,0.0,0.0,1.0,0.0,0.443041847701959,341.6,24.446366256881326,871.0,,0.022267253798711726,22.267253798711724,22.267253798711724,0.0,25.181059911847115,0.0018369690011481056,0.30828056204578225,0.0013011863758132414,0.3821299223384268,5
58,s_curve|fm|K2,s_curve,fm,2,test,s_curve_bounds+dynamics+geo_bounds+halfspace+obstacles,gradient,False,proj_valid,0.0,1.0,0.0,0.0,0.0,1.0,0.0,0.443041847701959,341.6,24.446366256881326,871.0,,0.022267253798711726,22.267253798711724,22.267253798711724,0.0,25.181059911847115,0.0018369690011481056,0.30828056204578225,0.0013011863758132414,0.3821299223384268,5
58,s_curve|fm|K2,s_curve,fm,2,test,s_curve_bounds+dynamics+geo_bounds+halfspace+obstacles,gradient-tightened,True,all,0.0,1.0,0.0,0.0,0.0,1.0,0.0,0.4174569852166433,297.2,21.699876450290304,871.0,,0.022437852337083918,22.437852337083918,22.437852337083918,0.0,25.25346241891384,0.0025258323765786454,0.30658177876498566,0.0010715652506697285,0.37141353215960715,5
58,s_curve|fm|K2,s_curve,fm,2,test,s_curve_bounds+dynamics+geo_bounds+halfspace+obstacles,gradient-tightened,True,proj_valid,0.0,1.0,0.0,0.0,0.0,1.0,0.0,0.4174569852166433,297.2,21.699876450290304,871.0,,0.022437852337083918,22.437852337083918,22.437852337083918,0.0,25.25346241891384,0.0025258323765786454,0.30658177876498566,0.0010715652506697285,0.37141353215960715,5
58,s_curve|fm|K2,s_curve,fm,2,test,s_curve_bounds+dynamics+geo_bounds+halfspace+obstacles,post_processing,False,all,0.0,0.0,0.0,0.0,0.0,0.0,0.0,2.692529792509373,55.0,4.364605667307704,871.0,,0.08745638144561166,87.45638144561164,20.78669899432827,66.66968245128339,198.04615341126902,0.547187141216992,0.3657910532129986,0.008449214101897596,0.9543639692198271,5
58,s_curve|fm|K2,s_curve,fm,2,test,s_curve_bounds+dynamics+geo_bounds+halfspace+obstacles,post_processing,False,proj_valid,0.0,0.0,0.0,0.0,0.0,0.0,0.0,2.692529792509373,55.0,4.364605667307704,871.0,,0.08745638144561166,87.45638144561164,20.78669899432827,66.66968245128339,198.04615341126902,0.547187141216992,0.3657910532129986,0.008449214101897596,0.9543639692198271,5
58,s_curve|fm|K2,s_curve,fm,2,test,s_curve_bounds+dynamics+geo_bounds+halfspace+obstacles,post_processing-tightened,True,all,0.0,0.0,0.0,0.0,0.2,0.0,0.0,2.8965587222662683,18.6,1.4169825644165968,871.0,,0.06758710992194075,67.58710992194077,20.920360008315306,46.66674991362545,160.12367449700827,0.5047072330654421,0.33241549502169676,0.013830687235369557,1.0512133688535097,5
58,s_curve|fm|K2,s_curve,fm,2,test,s_curve_bounds+dynamics+geo_bounds+halfspace+obstacles,post_processing-tightened,True,proj_valid,0.0,0.0,0.0,0.0,0.2,0.0,0.0,2.8965587222662683,18.6,1.4169825644165968,871.0,,0.06758710992194075,67.58710992194077,20.920360008315306,46.66674991362545,160.12367449700827,0.5047072330654421,0.33241549502169676,0.013830687235369557,1.0512133688535097,5
58,s_curve|fm|K2,s_curve,fm,2,test,s_curve_bounds+dynamics+geo_bounds+halfspace+obstacles,model_free,False,all,0.0,0.0,0.0,0.0,0.0,0.0,0.0,6.588557279895824,22.6,9.485948139779735,871.0,,0.040607299968310334,40.607299968310336,20.338945628963582,20.268354339346754,64.93510596454142,0.07003444316877153,1.1424941097987529,0.0,-0.013864089723281223,5
58,s_curve|fm|K2,s_curve,fm,2,test,s_curve_bounds+dynamics+geo_bounds+halfspace+obstacles,model_free,False,proj_valid,0.0,0.0,0.0,0.0,0.0,0.0,0.0,6.588557279895824,22.6,9.485948139779735,871.0,,0.040607299968310334,40.607299968310336,20.338945628963582,20.268354339346754,64.93510596454142,0.07003444316877153,1.1424941097987529,0.0,-0.013864089723281223,5
58,s_curve|fm|K2,s_curve,fm,2,test,s_curve_bounds+dynamics+geo_bounds+halfspace+obstacles,model_free-tightened,True,all,0.0,0.0,0.0,0.0,0.0,0.0,0.0,6.559007828673198,22.8,9.380132682614029,871.0,,0.04198429344481996,41.984293444819954,20.625174876509334,21.359118568310627,69.30327294394372,0.08082663605051664,1.0247555143188434,0.0,-0.012163253031142143,5
58,s_curve|fm|K2,s_curve,fm,2,test,s_curve_bounds+dynamics+geo_bounds+halfspace+obstacles,model_free-tightened,True,proj_valid,0.0,0.0,0.0,0.0,0.0,0.0,0.0,6.559007828673198,22.8,9.380132682614029,871.0,,0.04198429344481996,41.984293444819954,20.625174876509334,21.359118568310627,69.30327294394372,0.08082663605051664,1.0247555143188434,0.0,-0.012163253031142143,5
58,s_curve|fm|K2,s_curve,fm,2,test,s_curve_bounds+dynamics+geo_bounds+halfspace+obstacles,bounds_free,False,all,0.0,0.0,0.0,0.0,0.0,0.0,0.0,1.8889199476351581,98.8,9.880390556320247,871.0,,0.1446079400743227,144.6079400743227,20.760036518267423,123.84790355605529,521.6134274005888,0.6270952927669345,0.3794539675336164,0.020532660189109618,0.4955341776506083,5
58,s_curve|fm|K2,s_curve,fm,2,test,s_curve_bounds+dynamics+geo_bounds+halfspace+obstacles,bounds_free,False,proj_valid,0.0,0.0,0.0,0.0,0.0,0.0,0.0,1.8889199476351581,98.8,9.880390556320247,871.0,,0.1446079400743227,144.6079400743227,20.760036518267423,123.84790355605529,521.6134274005888,0.6270952927669345,0.3794539675336164,0.020532660189109618,0.4955341776506083,5
58,s_curve|fm|K2,s_curve,fm,2,test,s_curve_bounds+dynamics+geo_bounds+halfspace+obstacles,bounds_free-tightened,True,all,0.0,0.0,0.0,0.0,0.0,0.0,0.0,2.3868006449822636,52.4,8.371538442526813,871.0,,0.10749841693360555,107.49841693360554,20.87777448378903,86.62064244981651,234.23236813395724,0.6032146957520091,0.3649300471656467,0.03563675307860073,0.8170958292374625,5
58,s_curve|fm|K2,s_curve,fm,2,test,s_curve_bounds+dynamics+geo_bounds+halfspace+obstacles,bounds_free-tightened,True,proj_valid,0.0,0.0,0.0,0.0,0.0,0.0,0.0,2.3868006449822636,52.4,8.371538442526813,871.0,,0.10749841693360555,107.49841693360554,20.87777448378903,86.62064244981651,234.23236813395724,0.6032146957520091,0.3649300471656467,0.03563675307860073,0.8170958292374625,5
58,s_curve|fm|K2,s_curve,fm,2,test,s_curve_bounds+dynamics+geo_bounds+halfspace+obstacles,geo_free,False,all,0.0,0.0,0.0,0.0,0.0,0.8,0.0,0.859405374673746,621.0,82.8676506846634,871.0,,0.03382472412899808,33.82472412899808,20.677192488289545,13.147531640708532,37.585878781974316,0.8452353616532721,0.24293273746654037,0.007547169811320755,1.0720794699738392,5
58,s_curve|fm|K2,s_curve,fm,2,test,s_curve_bounds+dynamics+geo_bounds+halfspace+obstacles,geo_free,False,proj_valid,0.0,0.0,0.0,0.0,0.0,0.8,0.0,0.859405374673746,621.0,82.8676506846634,871.0,,0.03382472412899808,33.82472412899808,20.677192488289545,13.147531640708532,37.585878781974316,0.8452353616532721,0.24293273746654037,0.007547169811320755,1.0720794699738392,5
58,s_curve|fm|K2,s_curve,fm,2,test,s_curve_bounds+dynamics+geo_bounds+halfspace+obstacles,geo_free-bounds_free,False,all,0.0,0.2,0.0,0.0,0.0,1.0,0.0,0.40604044860037714,633.6,83.27521881243558,871.0,,0.03144109266436949,31.441092664369485,20.732931793163758,10.70816087120573,35.06405632942915,0.714121699196326,0.23013618500436744,0.0003827018752391887,1.0503193195073908,5
58,s_curve|fm|K2,s_curve,fm,2,test,s_curve_bounds+dynamics+geo_bounds+halfspace+obstacles,geo_free-bounds_free,False,proj_valid,0.0,0.2,0.0,0.0,0.0,1.0,0.0,0.40604044860037714,633.6,83.27521881243558,871.0,,0.03144109266436949,31.441092664369485,20.732931793163758,10.70816087120573,35.06405632942915,0.714121699196326,0.23013618500436744,0.0003827018752391887,1.0503193195073908,5
58,s_curve|fm|K2,s_curve,fm,2,test,s_curve_bounds+dynamics+geo_bounds+halfspace+obstacles,geo_free-model_free,False,all,0.0,0.0,0.0,0.0,0.0,0.0,0.0,6.564560574497733,23.2,9.697126941608031,871.0,,0.03148619515091937,31.48619515091938,21.158136195426053,10.328058955493322,34.52592292800546,0.05281285878300803,1.1939992623578566,0.0,-0.011391620255302295,5
58,s_curve|fm|K2,s_curve,fm,2,test,s_curve_bounds+dynamics+geo_bounds+halfspace+obstacles,geo_free-model_free,False,proj_valid,0.0,0.0,0.0,0.0,0.0,0.0,0.0,6.564560574497733,23.2,9.697126941608031,871.0,,0.03148619515091937,31.48619515091938,21.158136195426053,10.328058955493322,34.52592292800546,0.05281285878300803,1.1939992623578566,0.0,-0.011391620255302295,5
58,s_curve|fm|K2,s_curve,fm,2,test,s_curve_bounds+dynamics+geo_bounds+halfspace+obstacles,model_free-bounds_free,False,all,0.0,0.0,0.0,0.0,0.0,0.0,0.0,6.559172820663784,23.6,9.977451106528402,871.0,,0.03565845368664567,35.65845368664567,20.51771951438912,15.140734172256552,56.87180338427423,0.05878300803673938,0.9914260211061438,0.0,-0.005867151287306235,5
58,s_curve|fm|K2,s_curve,fm,2,test,s_curve_bounds+dynamics+geo_bounds+halfspace+obstacles,model_free-bounds_free,False,proj_valid,0.0,0.0,0.0,0.0,0.0,0.0,0.0,6.559172820663784,23.6,9.977451106528402,871.0,,0.03565845368664567,35.65845368664567,20.51771951438912,15.140734172256552,56.87180338427423,0.05878300803673938,0.9914260211061438,0.0,-0.005867151287306235,5
58,s_curve|fm|K2,s_curve,fm,2,test,s_curve_bounds+dynamics+geo_bounds+halfspace+obstacles,model_free-bounds_free-tightened,True,all,0.0,0.0,0.0,0.0,0.0,0.0,0.0,6.574900332848839,23.2,9.753096021552803,871.0,,0.03766199708255649,37.66199708255649,20.96008115939557,16.701915923160918,59.34063402935861,0.06819747416762342,1.023783722593206,0.0,-0.012768457676797513,5
58,s_curve|fm|K2,s_curve,fm,2,test,s_curve_bounds+dynamics+geo_bounds+halfspace+obstacles,model_free-bounds_free-tightened,True,proj_valid,0.0,0.0,0.0,0.0,0.0,0.0,0.0,6.574900332848839,23.2,9.753096021552803,871.0,,0.03766199708255649,37.66199708255649,20.96008115939557,16.701915923160918,59.34063402935861,0.06819747416762342,1.023783722593206,0.0,-0.012768457676797513,5
59,s_curve|fm|K5,s_curve,fm,5,test,s_curve_bounds+dynamics+geo_bounds+halfspace+obstacles,diffuser,False,all,0.0,0.0,0.0,0.0,0.0,0.0,0.0,6.4579236730791205,27.4,11.072178106045698,871.0,,0.04957375129444914,49.57375129444914,49.57375129444914,0.0,54.584197998046875,0.0989667049368542,0.8281391909853151,0.0,-0.006637685907165597,5
59,s_curve|fm|K5,s_curve,fm,5,test,s_curve_bounds+dynamics+geo_bounds+halfspace+obstacles,diffuser,False,proj_valid,0.0,0.0,0.0,0.0,0.0,0.0,0.0,6.4579236730791205,27.4,11.072178106045698,871.0,,0.04957375129444914,49.57375129444914,49.57375129444914,0.0,54.584197998046875,0.0989667049368542,0.8281391909853151,0.0,-0.006637685907165597,5
59,s_curve|fm|K5,s_curve,fm,5,test,s_curve_bounds+dynamics+geo_bounds+halfspace+obstacles,dpcc-r,False,all,0.0,0.0,0.0,0.0,0.0,0.0,0.0,3.15031865058258,20.0,5.047174199632302,871.0,,0.6943139288079235,694.3139288079235,51.438565975629714,642.8753628322938,2411.5791876427816,0.4587830080367394,0.3453025963138562,0.0021345057417560807,1.1715414541190976,5
59,s_curve|fm|K5,s_curve,fm,5,test,s_curve_bounds+dynamics+geo_bounds+halfspace+obstacles,dpcc-r,False,proj_valid,0.0,0.0,0.0,0.0,0.0,0.0,0.0,3.15031865058258,20.0,5.047174199632302,871.0,,0.6943139288079235,694.3139288079235,51.438565975629714,642.8753628322938,2411.5791876427816,0.4587830080367394,0.3453025963138562,0.0021345057417560807,1.1715414541190976,5
59,s_curve|fm|K5,s_curve,fm,5,test,s_curve_bounds+dynamics+geo_bounds+halfspace+obstacles,dpcc-r-tightened,True,all,0.0,0.0,0.0,0.0,0.0,0.0,0.0,3.130089320705229,12.4,2.244223414350843,871.0,,0.7240510298836674,724.0510298836674,51.56867215558244,672.4823577280849,2507.626167759295,0.45304247990815155,0.35997121526866555,0.002810489155047498,1.1183639709345659,5
59,s_curve|fm|K5,s_curve,fm,5,test,s_curve_bounds+dynamics+geo_bounds+halfspace+obstacles,dpcc-r-tightened,True,proj_valid,0.0,0.0,0.0,0.0,0.0,0.0,0.0,3.130089320705229,12.4,2.244223414350843,871.0,,0.7240510298836674,724.0510298836674,51.56867215558244,672.4823577280849,2507.626167759295,0.45304247990815155,0.35997121526866555,0.002810489155047498,1.1183639709345659,5
59,s_curve|fm|K5,s_curve,fm,5,test,s_curve_bounds+dynamics+geo_bounds+halfspace+obstacles,dpcc-c,False,all,0.0,0.0,0.0,0.0,0.0,0.0,0.0,3.1418085645896947,16.4,3.2986134731638863,871.0,,0.6513405732628463,651.3405732628463,52.15006941624622,599.1905038466001,2180.9911424852853,0.460390355912744,0.34703413283331735,0.0011358780800455775,1.1715412981012403,5
59,s_curve|fm|K5,s_curve,fm,5,test,s_curve_bounds+dynamics+geo_bounds+halfspace+obstacles,dpcc-c,False,proj_valid,0.0,0.0,0.0,0.0,0.0,0.0,0.0,3.1418085645896947,16.4,3.2986134731638863,871.0,,0.6513405732628463,651.3405732628463,52.15006941624622,599.1905038466001,2180.9911424852853,0.460390355912744,0.34703413283331735,0.0011358780800455775,1.1715412981012403,5
59,s_curve|fm|K5,s_curve,fm,5,test,s_curve_bounds+dynamics+geo_bounds+halfspace+obstacles,dpcc-c-tightened,True,all,0.0,0.0,0.0,0.0,0.0,0.0,0.0,3.1447251458685246,13.2,2.3692441319502247,871.0,,0.6920679763413722,692.0679763413722,51.49109256465791,640.5768837767143,2355.280498079955,0.4539609644087256,0.3487424554652529,0.0006633499170812604,1.1715408379882688,5
59,s_curve|fm|K5,s_curve,fm,5,test,s_curve_bounds+dynamics+geo_bounds+halfspace+obstacles,dpcc-c-tightened,True,proj_valid,0.0,0.0,0.0,0.0,0.0,0.0,0.0,3.1447251458685246,13.2,2.3692441319502247,871.0,,0.6920679763413722,692.0679763413722,51.49109256465791,640.5768837767143,2355.280498079955,0.4539609644087256,0.3487424554652529,0.0006633499170812604,1.1715408379882688,5
59,s_curve|fm|K5,s_curve,fm,5,test,s_curve_bounds+dynamics+geo_bounds+halfspace+obstacles,dpcc-t,False,all,0.0,0.0,0.0,0.0,0.0,0.0,0.0,2.9828153234226886,24.2,4.387492760317339,871.0,,0.719763483472155,719.763483472155,51.63214625950305,668.131337212652,2841.9601888023303,0.459931113662457,0.37628029794381296,0.0022695035460992908,1.0336840909499874,5
59,s_curve|fm|K5,s_curve,fm,5,test,s_curve_bounds+dynamics+geo_bounds+halfspace+obstacles,dpcc-t,False,proj_valid,0.0,0.0,0.0,0.0,0.0,0.0,0.0,2.9828153234226886,24.2,4.387492760317339,871.0,,0.719763483472155,719.763483472155,51.63214625950305,668.131337212652,2841.9601888023303,0.459931113662457,0.37628029794381296,0.0022695035460992908,1.0336840909499874,5
59,s_curve|fm|K5,s_curve,fm,5,test,s_curve_bounds+dynamics+geo_bounds+halfspace+obstacles,dpcc-t-tightened,True,all,0.0,0.0,0.0,0.0,0.0,0.0,0.0,2.798833994956012,32.0,5.340554695972883,871.0,,0.9475706428433159,947.5706428433161,51.64718709667195,895.9234557466441,3899.2567970976233,0.48817451205510914,0.4002308558368239,0.020023649980291682,0.9144272430309851,5
59,s_curve|fm|K5,s_curve,fm,5,test,s_curve_bounds+dynamics+geo_bounds+halfspace+obstacles,dpcc-t-tightened,True,proj_valid,0.0,0.0,0.0,0.0,0.0,0.0,0.0,2.798833994956012,32.0,5.340554695972883,871.0,,0.9475706428433159,947.5706428433161,51.64718709667195,895.9234557466441,3899.2567970976233,0.48817451205510914,0.4002308558368239,0.020023649980291682,0.9144272430309851,5
59,s_curve|fm|K5,s_curve,fm,5,test,s_curve_bounds+dynamics+geo_bounds+halfspace+obstacles,gradient,False,all,0.0,0.0,0.0,0.0,0.0,0.0,0.0,5.422415310659945,136.8,65.12601334128328,871.0,,0.0551349600231462,55.1349600231462,55.1349600231462,0.0,60.27962412685156,0.21836969001148104,1.448028368511474,0.34577310083389035,0.24503778103522905,5
59,s_curve|fm|K5,s_curve,fm,5,test,s_curve_bounds+dynamics+geo_bounds+halfspace+obstacles,gradient,False,proj_valid,0.0,0.0,0.0,0.0,0.0,0.0,0.0,5.422415310659945,136.8,65.12601334128328,871.0,,0.0551349600231462,55.1349600231462,55.1349600231462,0.0,60.27962412685156,0.21836969001148104,1.448028368511474,0.34577310083389035,0.24503778103522905,5
59,s_curve|fm|K5,s_curve,fm,5,test,s_curve_bounds+dynamics+geo_bounds+halfspace+obstacles,gradient-tightened,True,all,0.0,0.0,0.0,0.0,0.4,0.0,0.0,5.880454575756977,72.6,30.030260763332155,871.0,,0.053642592180835405,53.6425921808354,53.6425921808354,0.0,59.24092501401901,0.1269804822043628,1.1182685161032824,0.17290802388267648,0.6731937800893693,5
59,s_curve|fm|K5,s_curve,fm,5,test,s_curve_bounds+dynamics+geo_bounds+halfspace+obstacles,gradient-tightened,True,proj_valid,0.0,0.0,0.0,0.0,0.4,0.0,0.0,5.880454575756977,72.6,30.030260763332155,871.0,,0.053642592180835405,53.6425921808354,53.6425921808354,0.0,59.24092501401901,0.1269804822043628,1.1182685161032824,0.17290802388267648,0.6731937800893693,5
59,s_curve|fm|K5,s_curve,fm,5,test,s_curve_bounds+dynamics+geo_bounds+halfspace+obstacles,post_processing,False,all,0.0,0.0,0.0,0.0,0.0,0.0,0.0,3.1283396704451696,17.8,2.5798350611229353,871.0,,0.09297638090515174,92.97638090515174,49.40186950370795,43.574511401443786,132.00920162722463,0.478300803673938,0.33677082425006943,0.0012959383763982402,1.1491114672931064,5
59,s_curve|fm|K5,s_curve,fm,5,test,s_curve_bounds+dynamics+geo_bounds+halfspace+obstacles,post_processing,False,proj_valid,0.0,0.0,0.0,0.0,0.0,0.0,0.0,3.1283396704451696,17.8,2.5798350611229353,871.0,,0.09297638090515174,92.97638090515174,49.40186950370795,43.574511401443786,132.00920162722463,0.478300803673938,0.33677082425006943,0.0012959383763982402,1.1491114672931064,5
59,s_curve|fm|K5,s_curve,fm,5,test,s_curve_bounds+dynamics+geo_bounds+halfspace+obstacles,post_processing-tightened,True,all,0.0,0.0,0.0,0.0,0.0,0.0,0.0,3.132678298591588,9.0,1.4608849781392004,871.0,,0.07795544631095962,77.95544631095962,48.66141056412004,29.294035746839576,113.96992407739151,0.4739380022962113,0.33080097842099226,0.002274237745516705,1.158331221537002,5
59,s_curve|fm|K5,s_curve,fm,5,test,s_curve_bounds+dynamics+geo_bounds+halfspace+obstacles,post_processing-tightened,True,proj_valid,0.0,0.0,0.0,0.0,0.0,0.0,0.0,3.132678298591588,9.0,1.4608849781392004,871.0,,0.07795544631095962,77.95544631095962,48.66141056412004,29.294035746839576,113.96992407739151,0.4739380022962113,0.33080097842099226,0.002274237745516705,1.158331221537002,5
59,s_curve|fm|K5,s_curve,fm,5,test,s_curve_bounds+dynamics+geo_bounds+halfspace+obstacles,model_free,False,all,0.0,0.0,0.0,0.0,0.0,0.0,0.0,6.473561584870017,28.4,11.697397205855506,871.0,,0.10631162706868094,106.31162706868092,49.70796003604797,56.60366703263296,174.1596357896924,0.0955223880597015,0.8685762669391888,0.0,-0.003633804010504827,5
59,s_curve|fm|K5,s_curve,fm,5,test,s_curve_bounds+dynamics+geo_bounds+halfspace+obstacles,model_free,False,proj_valid,0.0,0.0,0.0,0.0,0.0,0.0,0.0,6.473561584870017,28.4,11.697397205855506,871.0,,0.10631162706868094,106.31162706868092,49.70796003604797,56.60366703263296,174.1596357896924,0.0955223880597015,0.8685762669391888,0.0,-0.003633804010504827,5
59,s_curve|fm|K5,s_curve,fm,5,test,s_curve_bounds+dynamics+geo_bounds+halfspace+obstacles,model_free-tightened,True,all,0.0,0.0,0.0,0.0,0.0,0.0,0.0,6.449865683431097,26.8,10.295303029947215,871.0,,0.11053484803597809,110.5348480359781,51.17586245789049,59.3589855780876,184.05008057132358,0.0955223880597015,0.730470704930584,0.0,-0.011269724717883392,5
59,s_curve|fm|K5,s_curve,fm,5,test,s_curve_bounds+dynamics+geo_bounds+halfspace+obstacles,model_free-tightened,True,proj_valid,0.0,0.0,0.0,0.0,0.0,0.0,0.0,6.449865683431097,26.8,10.295303029947215,871.0,,0.11053484803597809,110.5348480359781,51.17586245789049,59.3589855780876,184.05008057132358,0.0955223880597015,0.730470704930584,0.0,-0.011269724717883392,5
59,s_curve|fm|K5,s_curve,fm,5,test,s_curve_bounds+dynamics+geo_bounds+halfspace+obstacles,bounds_free,False,all,0.0,0.0,0.0,0.0,0.0,0.0,0.0,3.1043094300154257,9.6,1.042748013800946,871.0,,0.2661860220617561,266.1860220617561,51.153712927983676,215.03230913377246,620.8110492303965,0.4257175660160735,0.3731709807736537,0.002321840728996519,1.042343156004235,5
59,s_curve|fm|K5,s_curve,fm,5,test,s_curve_bounds+dynamics+geo_bounds+halfspace+obstacles,bounds_free,False,proj_valid,0.0,0.0,0.0,0.0,0.0,0.0,0.0,3.1043094300154257,9.6,1.042748013800946,871.0,,0.2661860220617561,266.1860220617561,51.153712927983676,215.03230913377246,620.8110492303965,0.4257175660160735,0.3731709807736537,0.002321840728996519,1.042343156004235,5
59,s_curve|fm|K5,s_curve,fm,5,test,s_curve_bounds+dynamics+geo_bounds+halfspace+obstacles,bounds_free-tightened,True,all,0.0,0.0,0.0,0.0,0.0,0.0,0.0,3.110398979453974,7.8,0.9376590370245754,871.0,,0.2768484483074867,276.8484483074867,51.51490497242402,225.33354333506267,679.189822040498,0.4298507462686567,0.3713855439652886,0.002365610192253736,1.0681503743973644,5
59,s_curve|fm|K5,s_curve,fm,5,test,s_curve_bounds+dynamics+geo_bounds+halfspace+obstacles,bounds_free-tightened,True,proj_valid,0.0,0.0,0.0,0.0,0.0,0.0,0.0,3.110398979453974,7.8,0.9376590370245754,871.0,,0.2768484483074867,276.8484483074867,51.51490497242402,225.33354333506267,679.189822040498,0.4298507462686567,0.3713855439652886,0.002365610192253736,1.0681503743973644,5
59,s_curve|fm|K5,s_curve,fm,5,test,s_curve_bounds+dynamics+geo_bounds+halfspace+obstacles,geo_free,False,all,0.0,0.0,0.0,0.0,0.0,1.0,0.0,0.548483986577397,674.4,131.90083760755974,871.0,,0.08979301694759204,89.79301694759204,51.07394964931411,38.71906729827792,97.13193196803331,1.0,0.2229693774942852,0.0,1.1715299312474463,5
59,s_curve|fm|K5,s_curve,fm,5,test,s_curve_bounds+dynamics+geo_bounds+halfspace+obstacles,geo_free,False,proj_valid,0.0,0.0,0.0,0.0,0.0,1.0,0.0,0.548483986577397,674.4,131.90083760755974,871.0,,0.08979301694759204,89.79301694759204,51.07394964931411,38.71906729827792,97.13193196803331,1.0,0.2229693774942852,0.0,1.1715299312474463,5
59,s_curve|fm|K5,s_curve,fm,5,test,s_curve_bounds+dynamics+geo_bounds+halfspace+obstacles,geo_free-bounds_free,False,all,0.0,0.0,0.0,0.0,0.0,1.0,0.0,0.5429403950279784,678.6,131.68480452143325,871.0,,0.08278598485794667,82.78598485794666,51.0301329935425,31.75585186440416,89.956970885396,1.0,0.22297543652279508,0.0,1.1715406541198605,5
59,s_curve|fm|K5,s_curve,fm,5,test,s_curve_bounds+dynamics+geo_bounds+halfspace+obstacles,geo_free-bounds_free,False,proj_valid,0.0,0.0,0.0,0.0,0.0,1.0,0.0,0.5429403950279784,678.6,131.68480452143325,871.0,,0.08278598485794667,82.78598485794666,51.0301329935425,31.75585186440416,89.956970885396,1.0,0.22297543652279508,0.0,1.1715406541198605,5
59,s_curve|fm|K5,s_curve,fm,5,test,s_curve_bounds+dynamics+geo_bounds+halfspace+obstacles,geo_free-model_free,False,all,0.0,0.0,0.0,0.0,0.0,0.0,0.0,6.421739672290608,28.6,11.351664319486122,871.0,,0.07331357804818986,73.31357804818987,50.603508803910145,22.71006924427973,80.72377039119601,0.1026406429391504,0.7874751517222477,0.0,-0.009365728508406407,5
59,s_curve|fm|K5,s_curve,fm,5,test,s_curve_bounds+dynamics+geo_bounds+halfspace+obstacles,geo_free-model_free,False,proj_valid,0.0,0.0,0.0,0.0,0.0,0.0,0.0,6.421739672290608,28.6,11.351664319486122,871.0,,0.07331357804818986,73.31357804818987,50.603508803910145,22.71006924427973,80.72377039119601,0.1026406429391504,0.7874751517222477,0.0,-0.009365728508406407,5
59,s_curve|fm|K5,s_curve,fm,5,test,s_curve_bounds+dynamics+geo_bounds+halfspace+obstacles,model_free-bounds_free,False,all,0.0,0.0,0.0,0.0,0.0,0.0,0.0,6.441149411499606,28.0,11.014040180930632,871.0,,0.09760111524743033,97.60111524743033,50.43429853502266,47.16681671240766,163.99037817493078,0.09529276693455799,0.8147607735713859,0.0,-0.010300243574497958,5
59,s_curve|fm|K5,s_curve,fm,5,test,s_curve_bounds+dynamics+geo_bounds+halfspace+obstacles,model_free-bounds_free,False,proj_valid,0.0,0.0,0.0,0.0,0.0,0.0,0.0,6.441149411499606,28.0,11.014040180930632,871.0,,0.09760111524743033,97.60111524743033,50.43429853502266,47.16681671240766,163.99037817493078,0.09529276693455799,0.8147607735713859,0.0,-0.010300243574497958,5
59,s_curve|fm|K5,s_curve,fm,5,test,s_curve_bounds+dynamics+geo_bounds+halfspace+obstacles,model_free-bounds_free-tightened,True,all,0.0,0.0,0.0,0.0,0.0,0.0,0.0,6.4432785258574885,27.6,10.808380909934172,871.0,,0.09644444215437971,96.4444421543797,48.73938737733554,47.70505477704417,167.40761205554008,0.09644087256027555,0.8297027908628607,0.0,-0.011296441287218321,5
59,s_curve|fm|K5,s_curve,fm,5,test,s_curve_bounds+dynamics+geo_bounds+halfspace+obstacles,model_free-bounds_free-tightened,True,proj_valid,0.0,0.0,0.0,0.0,0.0,0.0,0.0,6.4432785258574885,27.6,10.808380909934172,871.0,,0.09644444215437971,96.4444421543797,48.73938737733554,47.70505477704417,167.40761205554008,0.09644087256027555,0.8297027908628607,0.0,-0.011296441287218321,5
60,s_curve|mf|K10|bbunet|dp0.5,s_curve,mf,10,test,s_curve_bounds+dynamics+geo_bounds+halfspace+obstacles,diffuser,False,all,0.0,0.0,0.0,0.0,1.0,0.0,0.0,6.588021416776499,0.0,0.0,871.0,,0.08969169128185199,89.69169128185199,89.69169128185199,0.0,88.0844976566732,0.03168771526980482,0.9712351223867832,0.0,0.857136537465732,5
60,s_curve|mf|K10|bbunet|dp0.5,s_curve,mf,10,test,s_curve_bounds+dynamics+geo_bounds+halfspace+obstacles,diffuser,False,proj_valid,0.0,0.0,0.0,0.0,1.0,0.0,0.0,6.588021416776499,0.0,0.0,871.0,,0.08969169128185199,89.69169128185199,89.69169128185199,0.0,88.0844976566732,0.03168771526980482,0.9712351223867832,0.0,0.857136537465732,5
60,s_curve|mf|K10|bbunet|dp0.5,s_curve,mf,10,test,s_curve_bounds+dynamics+geo_bounds+halfspace+obstacles,dpcc-r,False,all,0.0,0.0,0.0,0.0,0.8,0.0,0.0,3.3795548637166037,2.6,0.07631528472900392,871.0,,1.7782705138477908,1778.2705138477909,92.61777181726526,1685.6527420305254,5676.116491928695,0.3522388059701492,0.37323993765753,0.0018019751462519315,0.9202495221977527,5
60,s_curve|mf|K10|bbunet|dp0.5,s_curve,mf,10,test,s_curve_bounds+dynamics+geo_bounds+halfspace+obstacles,dpcc-r,False,proj_valid,0.0,0.0,0.0,0.0,0.8,0.0,0.0,3.3795548637166037,2.6,0.07631528472900392,871.0,,1.7782705138477908,1778.2705138477909,92.61777181726526,1685.6527420305254,5676.116491928695,0.3522388059701492,0.37323993765753,0.0018019751462519315,0.9202495221977527,5
60,s_curve|mf|K10|bbunet|dp0.5,s_curve,mf,10,test,s_curve_bounds+dynamics+geo_bounds+halfspace+obstacles,dpcc-r-tightened,True,all,0.0,0.0,0.0,0.0,0.8,0.0,0.0,3.1082887548656983,1.2,0.005045783276349991,871.0,,1.9224184196778649,1922.418419677865,91.19625349389561,1831.2221661839692,5774.6539151482275,0.3614236509758898,0.382134936110336,0.0028871073800388284,1.0046574202624774,5
60,s_curve|mf|K10|bbunet|dp0.5,s_curve,mf,10,test,s_curve_bounds+dynamics+geo_bounds+halfspace+obstacles,dpcc-r-tightened,True,proj_valid,0.0,0.0,0.0,0.0,0.8,0.0,0.0,3.1082887548656983,1.2,0.005045783276349991,871.0,,1.9224184196778649,1922.418419677865,91.19625349389561,1831.2221661839692,5774.6539151482275,0.3614236509758898,0.382134936110336,0.0028871073800388284,1.0046574202624774,5
60,s_curve|mf|K10|bbunet|dp0.5,s_curve,mf,10,test,s_curve_bounds+dynamics+geo_bounds+halfspace+obstacles,dpcc-c,False,all,0.0,0.0,0.0,0.0,1.0,0.0,0.0,3.060437702726131,0.0,0.0,871.0,,1.776693570524591,1776.693570524591,91.75742842174202,1684.9361421028486,5716.584415100515,0.4029850746268657,0.3512597903697999,0.0028498339864685817,0.9926155025099493,5
60,s_curve|mf|K10|bbunet|dp0.5,s_curve,mf,10,test,s_curve_bounds+dynamics+geo_bounds+halfspace+obstacles,dpcc-c,False,proj_valid,0.0,0.0,0.0,0.0,1.0,0.0,0.0,3.060437702726131,0.0,0.0,871.0,,1.776693570524591,1776.693570524591,91.75742842174202,1684.9361421028486,5716.584415100515,0.4029850746268657,0.3512597903697999,0.0028498339864685817,0.9926155025099493,5
60,s_curve|mf|K10|bbunet|dp0.5,s_curve,mf,10,test,s_curve_bounds+dynamics+geo_bounds+halfspace+obstacles,dpcc-c-tightened,True,all,0.0,0.0,0.0,0.0,1.0,0.0,0.0,3.040843173462264,0.0,0.0,871.0,,1.9394647762838346,1939.4647762838347,91.95666476852705,1847.5081115153075,5943.387012369931,0.40091848450057405,0.35614550032367503,0.0026760753321902744,0.9923791284295636,5
60,s_curve|mf|K10|bbunet|dp0.5,s_curve,mf,10,test,s_curve_bounds+dynamics+geo_bounds+halfspace+obstacles,dpcc-c-tightened,True,proj_valid,0.0,0.0,0.0,0.0,1.0,0.0,0.0,3.040843173462264,0.0,0.0,871.0,,1.9394647762838346,1939.4647762838347,91.95666476852705,1847.5081115153075,5943.387012369931,0.40091848450057405,0.35614550032367503,0.0026760753321902744,0.9923791284295636,5
60,s_curve|mf|K10|bbunet|dp0.5,s_curve,mf,10,test,s_curve_bounds+dynamics+geo_bounds+halfspace+obstacles,dpcc-t,False,all,0.0,0.0,0.0,0.0,0.8,0.0,0.0,3.0796069611115966,0.4,0.004623998109011529,871.0,,1.9692328024082013,1969.2328024082012,92.8557987064335,1876.3770037017675,6400.583513919262,0.36693455797933405,0.3953921563653692,0.003078184454754565,0.9747688423758601,5
60,s_curve|mf|K10|bbunet|dp0.5,s_curve,mf,10,test,s_curve_bounds+dynamics+geo_bounds+halfspace+obstacles,dpcc-t,False,proj_valid,0.0,0.0,0.0,0.0,0.8,0.0,0.0,3.0796069611115966,0.4,0.004623998109011529,871.0,,1.9692328024082013,1969.2328024082012,92.8557987064335,1876.3770037017675,6400.583513919262,0.36693455797933405,0.3953921563653692,0.003078184454754565,0.9747688423758601,5
60,s_curve|mf|K10|bbunet|dp0.5,s_curve,mf,10,test,s_curve_bounds+dynamics+geo_bounds+halfspace+obstacles,dpcc-t-tightened,True,all,0.0,0.0,0.0,0.0,1.0,0.0,0.0,3.0748379969142987,0.0,0.0,871.0,,2.0328089772787283,2032.8089772787284,92.32744208560617,1940.4815351931222,6212.525770999491,0.36394948335246846,0.3910891438997418,0.002315968310102302,0.9796407515411752,5
60,s_curve|mf|K10|bbunet|dp0.5,s_curve,mf,10,test,s_curve_bounds+dynamics+geo_bounds+halfspace+obstacles,dpcc-t-tightened,True,proj_valid,0.0,0.0,0.0,0.0,1.0,0.0,0.0,3.0748379969142987,0.0,0.0,871.0,,2.0328089772787283,2032.8089772787284,92.32744208560617,1940.4815351931222,6212.525770999491,0.36394948335246846,0.3910891438997418,0.002315968310102302,0.9796407515411752,5
60,s_curve|mf|K10|bbunet|dp0.5,s_curve,mf,10,test,s_curve_bounds+dynamics+geo_bounds+halfspace+obstacles,hardflow_new,False,all,0.0,0.0,0.0,0.0,0.0,0.0,0.0,6.311024187090099,850.6666666666666,333.64417888834566,871.0,,5.321897177860409,5321.897177860409,149.9677784705283,5171.92939938988,7280.158520676196,1.0,166.39564914101956,0.6371986222732492,0.18905244898527399,3
60,s_curve|mf|K10|bbunet|dp0.5,s_curve,mf,10,test,s_curve_bounds+dynamics+geo_bounds+halfspace+obstacles,hardflow_new,False,proj_valid,0.0,0.0,0.0,0.0,0.0,0.0,0.0,6.311024187090099,850.6666666666666,333.64417888834566,871.0,,5.321897177860409,5321.897177860409,149.9677784705283,5171.92939938988,7280.158520676196,1.0,166.39564914101956,0.6371986222732492,0.18905244898527399,3
60,s_curve|mf|K10|bbunet|dp0.5,s_curve,mf,10,test,s_curve_bounds+dynamics+geo_bounds+halfspace+obstacles,hardflow_new-c,False,all,0.0,0.0,0.0,0.0,0.0,0.0,0.0,6.174153904950878,847.6666666666666,1065.8469622064797,871.0,,8.764666397856614,8764.666397856614,151.40318089630634,8613.263216960308,16778.841705992818,1.0,203.84938887919898,0.31777012374027297,0.14270488864097872,3
60,s_curve|mf|K10|bbunet|dp0.5,s_curve,mf,10,test,s_curve_bounds+dynamics+geo_bounds+halfspace+obstacles,hardflow_new-c,False,proj_valid,0.0,0.0,0.0,0.0,0.0,0.0,0.0,6.174153904950878,847.6666666666666,1065.8469622064797,871.0,,8.764666397856614,8764.666397856614,151.40318089630634,8613.263216960308,16778.841705992818,1.0,203.84938887919898,0.31777012374027297,0.14270488864097872,3
60,s_curve|mf|K10|bbunet|dp0.5,s_curve,mf,10,test,s_curve_bounds+dynamics+geo_bounds+halfspace+obstacles,hardflow_new-t,False,all,0.0,0.0,0.0,0.0,0.0,0.0,0.0,5.70811178683801,849.0,444.1553755468088,,,5.481373131283731,5481.373131283731,149.56884330564128,5331.80428797809,10166.29729885608,,171.6136355497538,0.9494833524684271,0.21081127289165996,1
60,s_curve|mf|K10|bbunet|dp0.5,s_curve,mf,10,test,s_curve_bounds+dynamics+geo_bounds+halfspace+obstacles,hardflow_new-t,False,proj_valid,0.0,0.0,0.0,0.0,0.0,0.0,0.0,5.70811178683801,849.0,444.1553755468088,,,5.481373131283731,5481.373131283731,149.56884330564128,5331.80428797809,10166.29729885608,,171.6136355497538,0.9494833524684271,0.21081127289165996,1
60,s_curve|mf|K10|bbunet|dp0.5,s_curve,mf,10,test,s_curve_bounds+dynamics+geo_bounds+halfspace+obstacles,gradient,False,all,0.0,0.0,0.0,0.0,0.4,0.0,0.0,6.456561584907236,10.8,2.467208348751068,871.0,,0.09529227716457744,95.29227716457744,87.86308834070647,7.4291888238709785,95.78651029616594,0.04247990815154994,0.8426483326714009,0.017016926428691133,1.12149819522674,5
60,s_curve|mf|K10|bbunet|dp0.5,s_curve,mf,10,test,s_curve_bounds+dynamics+geo_bounds+halfspace+obstacles,gradient,False,proj_valid,0.0,0.0,0.0,0.0,0.4,0.0,0.0,6.456561584907236,10.8,2.467208348751068,871.0,,0.09529227716457744,95.29227716457744,87.86308834070647,7.4291888238709785,95.78651029616594,0.04247990815154994,0.8426483326714009,0.017016926428691133,1.12149819522674,5
60,s_curve|mf|K10|bbunet|dp0.5,s_curve,mf,10,test,s_curve_bounds+dynamics+geo_bounds+halfspace+obstacles,gradient-tightened,True,all,0.0,0.0,0.0,0.0,0.2,0.0,0.0,6.434011212155572,6.8,0.727989602088928,871.0,,0.09514720004924115,95.14720004924115,87.95161598968127,7.195584059559873,96.11475506797433,0.04316877152698048,0.7784653674743357,0.07158730158730157,1.1195817810257425,5
60,s_curve|mf|K10|bbunet|dp0.5,s_curve,mf,10,test,s_curve_bounds+dynamics+geo_bounds+halfspace+obstacles,gradient-tightened,True,proj_valid,0.0,0.0,0.0,0.0,0.2,0.0,0.0,6.434011212155572,6.8,0.727989602088928,871.0,,0.09514720004924115,95.14720004924115,87.95161598968127,7.195584059559873,96.11475506797433,0.04316877152698048,0.7784653674743357,0.07158730158730157,1.1195817810257425,5
60,s_curve|mf|K10|bbunet|dp0.5,s_curve,mf,10,test,s_curve_bounds+dynamics+geo_bounds+halfspace+obstacles,post_processing,False,all,0.0,0.0,0.0,0.0,1.0,0.0,0.0,3.07077950506262,0.0,0.0,871.0,,0.11983474841371286,119.83474841371287,87.48561500620721,32.34913340750565,121.37972859665751,0.44087256027554533,0.32927849536451004,0.004341373129911194,1.0285986904523508,5
60,s_curve|mf|K10|bbunet|dp0.5,s_curve,mf,10,test,s_curve_bounds+dynamics+geo_bounds+halfspace+obstacles,post_processing,False,proj_valid,0.0,0.0,0.0,0.0,1.0,0.0,0.0,3.07077950506262,0.0,0.0,871.0,,0.11983474841371286,119.83474841371287,87.48561500620721,32.34913340750565,121.37972859665751,0.44087256027554533,0.32927849536451004,0.004341373129911194,1.0285986904523508,5
60,s_curve|mf|K10|bbunet|dp0.5,s_curve,mf,10,test,s_curve_bounds+dynamics+geo_bounds+halfspace+obstacles,post_processing-tightened,True,all,0.0,0.0,0.0,0.0,1.0,0.0,0.0,3.059624144524976,0.0,0.0,871.0,,0.11637819018973802,116.37819018973804,87.5733448440696,28.80484534566844,125.50217073410747,0.4422502870264064,0.32810199299411014,0.004161538576525223,1.0271263291377801,5
60,s_curve|mf|K10|bbunet|dp0.5,s_curve,mf,10,test,s_curve_bounds+dynamics+geo_bounds+halfspace+obstacles,post_processing-tightened,True,proj_valid,0.0,0.0,0.0,0.0,1.0,0.0,0.0,3.059624144524976,0.0,0.0,871.0,,0.11637819018973802,116.37819018973804,87.5733448440696,28.80484534566844,125.50217073410747,0.4422502870264064,0.32810199299411014,0.004161538576525223,1.0271263291377801,5
60,s_curve|mf|K10|bbunet|dp0.5,s_curve,mf,10,test,s_curve_bounds+dynamics+geo_bounds+halfspace+obstacles,model_free,False,all,0.0,0.0,0.0,0.0,1.0,0.0,0.0,6.586315117110419,0.0,0.0,871.0,,0.1552263418957224,155.2263418957224,88.24224376535327,66.98409813036912,190.97041033208367,0.03008036739380023,0.9751032841647348,0.0,0.9435132792551532,5
60,s_curve|mf|K10|bbunet|dp0.5,s_curve,mf,10,test,s_curve_bounds+dynamics+geo_bounds+halfspace+obstacles,model_free,False,proj_valid,0.0,0.0,0.0,0.0,1.0,0.0,0.0,6.586315117110419,0.0,0.0,871.0,,0.1552263418957224,155.2263418957224,88.24224376535327,66.98409813036912,190.97041033208367,0.03008036739380023,0.9751032841647348,0.0,0.9435132792551532,5
60,s_curve|mf|K10|bbunet|dp0.5,s_curve,mf,10,test,s_curve_bounds+dynamics+geo_bounds+halfspace+obstacles,model_free-tightened,True,all,0.0,0.0,0.0,0.0,1.0,0.0,0.0,6.591195742933342,0.0,0.0,871.0,,0.15697305108710297,156.97305108710296,88.09423805980218,68.87881302730077,185.1769612915814,0.027784156142365096,1.0882521619074228,0.0,0.8649769608076705,5
60,s_curve|mf|K10|bbunet|dp0.5,s_curve,mf,10,test,s_curve_bounds+dynamics+geo_bounds+halfspace+obstacles,model_free-tightened,True,proj_valid,0.0,0.0,0.0,0.0,1.0,0.0,0.0,6.591195742933342,0.0,0.0,871.0,,0.15697305108710297,156.97305108710296,88.09423805980218,68.87881302730077,185.1769612915814,0.027784156142365096,1.0882521619074228,0.0,0.8649769608076705,5
60,s_curve|mf|K10|bbunet|dp0.5,s_curve,mf,10,test,s_curve_bounds+dynamics+geo_bounds+halfspace+obstacles,bounds_free,False,all,0.0,0.0,0.0,0.0,0.2,0.0,0.0,3.3603221497460396,8.6,1.0370096028531313,871.0,,0.9102725542717762,910.2725542717762,88.22080881308369,822.0517454586925,2815.4655482992503,0.3028702640642939,0.4777291433782552,0.027237066010145222,0.9428199699200583,5
60,s_curve|mf|K10|bbunet|dp0.5,s_curve,mf,10,test,s_curve_bounds+dynamics+geo_bounds+halfspace+obstacles,bounds_free,False,proj_valid,0.0,0.0,0.0,0.0,0.2,0.0,0.0,3.3603221497460396,8.6,1.0370096028531313,871.0,,0.9102725542717762,910.2725542717762,88.22080881308369,822.0517454586925,2815.4655482992503,0.3028702640642939,0.4777291433782552,0.027237066010145222,0.9428199699200583,5
60,s_curve|mf|K10|bbunet|dp0.5,s_curve,mf,10,test,s_curve_bounds+dynamics+geo_bounds+halfspace+obstacles,bounds_free-tightened,True,all,0.0,0.0,0.0,0.0,0.2,0.0,0.0,4.420418940492376,6.8,0.25135216669497124,871.0,,0.7392395544658268,739.2395544658268,89.7295816835536,649.5099727822732,2351.0417720116675,0.21262916188289321,0.46086182122129066,0.006191150999842544,1.081670571257249,5
60,s_curve|mf|K10|bbunet|dp0.5,s_curve,mf,10,test,s_curve_bounds+dynamics+geo_bounds+halfspace+obstacles,bounds_free-tightened,True,proj_valid,0.0,0.0,0.0,0.0,0.2,0.0,0.0,4.420418940492376,6.8,0.25135216669497124,871.0,,0.7392395544658268,739.2395544658268,89.7295816835536,649.5099727822732,2351.0417720116675,0.21262916188289321,0.46086182122129066,0.006191150999842544,1.081670571257249,5
60,s_curve|mf|K10|bbunet|dp0.5,s_curve,mf,10,test,s_curve_bounds+dynamics+geo_bounds+halfspace+obstacles,geo_free,False,all,0.2,0.4,0.0,0.0,0.0,0.4,0.2,1.8606312438699195,14.2,0.8309067202715431,819.4,613.0,0.1476072116728503,147.60721167285027,90.26961910890108,57.337592563949194,149.44506265223026,0.6757749712973593,0.28975627837431367,0.0254958611193305,0.9483004184054359,5
60,s_curve|mf|K10|bbunet|dp0.5,s_curve,mf,10,test,s_curve_bounds+dynamics+geo_bounds+halfspace+obstacles,geo_free,False,proj_valid,0.2,0.4,0.0,0.0,0.0,0.4,0.2,1.8606312438699195,14.2,0.8309067202715431,819.4,613.0,0.1476072116728503,147.60721167285027,90.26961910890108,57.337592563949194,149.44506265223026,0.6757749712973593,0.28975627837431367,0.0254958611193305,0.9483004184054359,5
60,s_curve|mf|K10|bbunet|dp0.5,s_curve,mf,10,test,s_curve_bounds+dynamics+geo_bounds+halfspace+obstacles,geo_free-bounds_free,False,all,0.4,0.4,0.0,0.0,0.0,0.4,0.4,1.8149338251218041,11.8,0.6729495450569124,768.4,614.5,0.13819258548970897,138.19258548970896,90.74029258038885,47.45229290932012,139.64359112083912,0.6771526980482204,0.30616686534132664,0.02549461765076271,1.0097915449732853,5
60,s_curve|mf|K10|bbunet|dp0.5,s_curve,mf,10,test,s_curve_bounds+dynamics+geo_bounds+halfspace+obstacles,geo_free-bounds_free,False,proj_valid,0.4,0.4,0.0,0.0,0.0,0.4,0.4,1.8149338251218041,11.8,0.6729495450569124,768.4,614.5,0.13819258548970897,138.19258548970896,90.74029258038885,47.45229290932012,139.64359112083912,0.6771526980482204,0.30616686534132664,0.02549461765076271,1.0097915449732853,5
60,s_curve|mf|K10|bbunet|dp0.5,s_curve,mf,10,test,s_curve_bounds+dynamics+geo_bounds+halfspace+obstacles,geo_free-model_free,False,all,0.0,0.0,0.0,0.0,1.0,0.0,0.0,6.590435934736755,0.0,0.0,871.0,,0.1276632427457394,127.6632427457394,91.84813252075597,35.81511022498342,139.1437815874815,0.03008036739380023,1.0791747183575384,0.0,0.8326715643761251,5
60,s_curve|mf|K10|bbunet|dp0.5,s_curve,mf,10,test,s_curve_bounds+dynamics+geo_bounds+halfspace+obstacles,geo_free-model_free,False,proj_valid,0.0,0.0,0.0,0.0,1.0,0.0,0.0,6.590435934736755,0.0,0.0,871.0,,0.1276632427457394,127.6632427457394,91.84813252075597,35.81511022498342,139.1437815874815,0.03008036739380023,1.0791747183575384,0.0,0.8326715643761251,5
60,s_curve|mf|K10|bbunet|dp0.5,s_curve,mf,10,test,s_curve_bounds+dynamics+geo_bounds+halfspace+obstacles,model_free-bounds_free,False,all,0.0,0.0,0.0,0.0,1.0,0.0,0.0,6.590977369146001,0.0,0.0,871.0,,0.14363760787051116,143.63760787051115,91.17388072283424,52.463727147676934,167.48657375574112,0.027095292766934558,1.0831828215638453,0.0,0.9837321833275136,5
60,s_curve|mf|K10|bbunet|dp0.5,s_curve,mf,10,test,s_curve_bounds+dynamics+geo_bounds+halfspace+obstacles,model_free-bounds_free,False,proj_valid,0.0,0.0,0.0,0.0,1.0,0.0,0.0,6.590977369146001,0.0,0.0,871.0,,0.14363760787051116,143.63760787051115,91.17388072283424,52.463727147676934,167.48657375574112,0.027095292766934558,1.0831828215638453,0.0,0.9837321833275136,5
60,s_curve|mf|K10|bbunet|dp0.5,s_curve,mf,10,test,s_curve_bounds+dynamics+geo_bounds+halfspace+obstacles,model_free-bounds_free-tightened,True,all,0.0,0.0,0.0,0.0,1.0,0.0,0.0,6.590151379662318,0.0,0.0,871.0,,0.14349121192062037,143.49121192062037,90.68181321828686,52.80939870233351,173.2219703681767,0.029850746268656712,1.0480907499170276,0.0,0.8490525437016675,5
60,s_curve|mf|K10|bbunet|dp0.5,s_curve,mf,10,test,s_curve_bounds+dynamics+geo_bounds+halfspace+obstacles,model_free-bounds_free-tightened,True,proj_valid,0.0,0.0,0.0,0.0,1.0,0.0,0.0,6.590151379662318,0.0,0.0,871.0,,0.14349121192062037,143.49121192062037,90.68181321828686,52.80939870233351,173.2219703681767,0.029850746268656712,1.0480907499170276,0.0,0.8490525437016675,5
61,s_curve|mf|K1|bbunet|dp0.5,s_curve,mf,1,test,s_curve_bounds+dynamics+geo_bounds+halfspace+obstacles,diffuser,False,all,0.0,0.0,0.0,0.0,1.0,0.0,0.0,6.600429815805026,0.0,0.0,871.0,,0.013490333975389266,13.490333975389266,13.490333975389266,0.0,25.99586073309183,0.0002296211251435132,1.4029811798499918,0.0,1.1714127871272422,5
61,s_curve|mf|K1|bbunet|dp0.5,s_curve,mf,1,test,s_curve_bounds+dynamics+geo_bounds+halfspace+obstacles,diffuser,False,proj_valid,0.0,0.0,0.0,0.0,1.0,0.0,0.0,6.600429815805026,0.0,0.0,871.0,,0.013490333975389266,13.490333975389266,13.490333975389266,0.0,25.99586073309183,0.0002296211251435132,1.4029811798499918,0.0,1.1714127871272422,5
61,s_curve|mf|K1|bbunet|dp0.5,s_curve,mf,1,test,s_curve_bounds+dynamics+geo_bounds+halfspace+obstacles,dpcc-r,False,all,0.0,0.0,0.0,0.0,0.6,0.0,0.0,3.0833755949198727,3.2,0.17275274078793496,871.0,,0.04168696433970979,41.68696433970979,9.279056628140392,32.40790771156939,74.02004323899732,0.1024110218140069,0.3334818752296209,0.0031347926198527416,1.1395706249677522,5
61,s_curve|mf|K1|bbunet|dp0.5,s_curve,mf,1,test,s_curve_bounds+dynamics+geo_bounds+halfspace+obstacles,dpcc-r,False,proj_valid,0.0,0.0,0.0,0.0,0.6,0.0,0.0,3.0833755949198727,3.2,0.17275274078793496,871.0,,0.04168696433970979,41.68696433970979,9.279056628140392,32.40790771156939,74.02004323899732,0.1024110218140069,0.3334818752296209,0.0031347926198527416,1.1395706249677522,5
61,s_curve|mf|K1|bbunet|dp0.5,s_curve,mf,1,test,s_curve_bounds+dynamics+geo_bounds+halfspace+obstacles,dpcc-r-tightened,True,all,0.0,0.0,0.0,0.0,1.0,0.0,0.0,3.090083180654006,0.0,0.0,871.0,,0.04491866288562034,44.91866288562034,9.30539281560241,35.613270070017926,95.68085025995948,0.1044776119402985,0.3359782337949167,0.004902303036525798,1.124027360199977,5
61,s_curve|mf|K1|bbunet|dp0.5,s_curve,mf,1,test,s_curve_bounds+dynamics+geo_bounds+halfspace+obstacles,dpcc-r-tightened,True,proj_valid,0.0,0.0,0.0,0.0,1.0,0.0,0.0,3.090083180654006,0.0,0.0,871.0,,0.04491866288562034,44.91866288562034,9.30539281560241,35.613270070017926,95.68085025995948,0.1044776119402985,0.3359782337949167,0.004902303036525798,1.124027360199977,5
61,s_curve|mf|K1|bbunet|dp0.5,s_curve,mf,1,test,s_curve_bounds+dynamics+geo_bounds+halfspace+obstacles,dpcc-c,False,all,0.0,0.0,0.0,0.0,1.0,0.0,0.0,3.076274356572328,0.0,0.0,871.0,,0.03999534092766839,39.995340927668394,9.335249063300399,30.660091864367995,60.35071775317188,0.09575200918484501,0.3307946911311233,0.0040264846061370905,1.158654654916615,5
61,s_curve|mf|K1|bbunet|dp0.5,s_curve,mf,1,test,s_curve_bounds+dynamics+geo_bounds+halfspace+obstacles,dpcc-c,False,proj_valid,0.0,0.0,0.0,0.0,1.0,0.0,0.0,3.076274356572328,0.0,0.0,871.0,,0.03999534092766839,39.995340927668394,9.335249063300399,30.660091864367995,60.35071775317188,0.09575200918484501,0.3307946911311233,0.0040264846061370905,1.158654654916615,5
61,s_curve|mf|K1|bbunet|dp0.5,s_curve,mf,1,test,s_curve_bounds+dynamics+geo_bounds+halfspace+obstacles,dpcc-c-tightened,True,all,0.0,0.0,0.0,0.0,0.8,0.0,0.0,3.0512818317630552,1.6,0.14570749526307164,871.0,,0.04674022052849654,46.740220528496536,9.329835072882618,37.41038545561392,114.8920213989913,0.10378874856486797,0.3362232880017392,0.014451265962466242,1.1592248265035954,5
61,s_curve|mf|K1|bbunet|dp0.5,s_curve,mf,1,test,s_curve_bounds+dynamics+geo_bounds+halfspace+obstacles,dpcc-c-tightened,True,proj_valid,0.0,0.0,0.0,0.0,0.8,0.0,0.0,3.0512818317630552,1.6,0.14570749526307164,871.0,,0.04674022052849654,46.740220528496536,9.329835072882618,37.41038545561392,114.8920213989913,0.10378874856486797,0.3362232880017392,0.014451265962466242,1.1592248265035954,5
61,s_curve|mf|K1|bbunet|dp0.5,s_curve,mf,1,test,s_curve_bounds+dynamics+geo_bounds+halfspace+obstacles,dpcc-t,False,all,0.0,0.0,0.0,0.0,0.4,0.0,0.0,3.067220551501051,3.8,0.17478582341216153,871.0,,0.05018313351106426,50.183133511064256,9.321711204944032,40.861422306120225,119.15384769439643,0.09965556831228473,0.33719914074642204,0.0057731073386655144,1.1548792887034287,5
61,s_curve|mf|K1|bbunet|dp0.5,s_curve,mf,1,test,s_curve_bounds+dynamics+geo_bounds+halfspace+obstacles,dpcc-t,False,proj_valid,0.0,0.0,0.0,0.0,0.4,0.0,0.0,3.067220551501051,3.8,0.17478582341216153,871.0,,0.05018313351106426,50.183133511064256,9.321711204944032,40.861422306120225,119.15384769439643,0.09965556831228473,0.33719914074642204,0.0057731073386655144,1.1548792887034287,5
61,s_curve|mf|K1|bbunet|dp0.5,s_curve,mf,1,test,s_curve_bounds+dynamics+geo_bounds+halfspace+obstacles,dpcc-t-tightened,True,all,0.0,0.0,0.0,0.0,0.8,0.0,0.0,3.092538812620451,0.2,2.0845661918000857e-05,871.0,,0.043156381009476864,43.15638100947687,9.315586428363671,33.840794581113194,86.91441280767322,0.10057405281285878,0.3337234331016755,0.003912784283818044,1.163687700841431,5
61,s_curve|mf|K1|bbunet|dp0.5,s_curve,mf,1,test,s_curve_bounds+dynamics+geo_bounds+halfspace+obstacles,dpcc-t-tightened,True,proj_valid,0.0,0.0,0.0,0.0,0.8,0.0,0.0,3.092538812620451,0.2,2.0845661918000857e-05,871.0,,0.043156381009476864,43.15638100947687,9.315586428363671,33.840794581113194,86.91441280767322,0.10057405281285878,0.3337234331016755,0.003912784283818044,1.163687700841431,5
61,s_curve|mf|K1|bbunet|dp0.5,s_curve,mf,1,test,s_curve_bounds+dynamics+geo_bounds+halfspace+obstacles,gradient,False,all,0.8,0.8,0.0,0.0,0.0,0.8,0.8,0.6773783552786122,147.8,47.365359640356345,648.6,593.0,0.010635861241840433,10.635861241840432,9.18452004426784,1.451341197572592,10.745645333081484,0.0003401360544217687,0.7910518533435213,0.10493022095399282,0.8067151517015863,5
61,s_curve|mf|K1|bbunet|dp0.5,s_curve,mf,1,test,s_curve_bounds+dynamics+geo_bounds+halfspace+obstacles,gradient,False,proj_valid,0.8,0.8,0.0,0.0,0.0,0.8,0.8,0.6773783552786122,147.8,47.365359640356345,648.6,593.0,0.010635861241840433,10.635861241840432,9.18452004426784,1.451341197572592,10.745645333081484,0.0003401360544217687,0.7910518533435213,0.10493022095399282,0.8067151517015863,5
61,s_curve|mf|K1|bbunet|dp0.5,s_curve,mf,1,test,s_curve_bounds+dynamics+geo_bounds+halfspace+obstacles,gradient-tightened,True,all,0.8,0.8,0.0,0.0,0.0,0.8,0.8,0.6086391139518572,31.2,1.4596683462492206,648.4,592.75,0.010649492554404871,10.64949255440487,9.209172078199163,1.4403204762057087,10.78889349475503,0.0,0.5943022868278586,0.009714935438031109,0.954914485903533,5
61,s_curve|mf|K1|bbunet|dp0.5,s_curve,mf,1,test,s_curve_bounds+dynamics+geo_bounds+halfspace+obstacles,gradient-tightened,True,proj_valid,0.8,0.8,0.0,0.0,0.0,0.8,0.8,0.6086391139518572,31.2,1.4596683462492206,648.4,592.75,0.010649492554404871,10.64949255440487,9.209172078199163,1.4403204762057087,10.78889349475503,0.0,0.5943022868278586,0.009714935438031109,0.954914485903533,5
61,s_curve|mf|K1|bbunet|dp0.5,s_curve,mf,1,test,s_curve_bounds+dynamics+geo_bounds+halfspace+obstacles,post_processing,False,all,0.0,0.0,0.0,0.0,0.8,0.0,0.0,3.0689844273627997,1.4,0.053199309019970734,871.0,,0.04341027248275473,43.41027248275473,9.265959709010279,34.14431277374445,67.22177928313612,0.09758897818599312,0.3337410265280457,0.00301475550132608,1.138782161030242,5
61,s_curve|mf|K1|bbunet|dp0.5,s_curve,mf,1,test,s_curve_bounds+dynamics+geo_bounds+halfspace+obstacles,post_processing,False,proj_valid,0.0,0.0,0.0,0.0,0.8,0.0,0.0,3.0689844273627997,1.4,0.053199309019970734,871.0,,0.04341027248275473,43.41027248275473,9.265959709010279,34.14431277374445,67.22177928313612,0.09758897818599312,0.3337410265280457,0.00301475550132608,1.138782161030242,5
61,s_curve|mf|K1|bbunet|dp0.5,s_curve,mf,1,test,s_curve_bounds+dynamics+geo_bounds+halfspace+obstacles,post_processing-tightened,True,all,0.0,0.0,0.0,0.0,0.8,0.0,0.0,3.0471274891378135,1.8,0.21498649899915506,871.0,,0.0440635558114724,44.0635558114724,9.283108472982045,34.78044733849036,104.74674731492992,0.10470723306544202,0.3341758646615138,0.010302385196892937,1.1276007264332528,5
61,s_curve|mf|K1|bbunet|dp0.5,s_curve,mf,1,test,s_curve_bounds+dynamics+geo_bounds+halfspace+obstacles,post_processing-tightened,True,proj_valid,0.0,0.0,0.0,0.0,0.8,0.0,0.0,3.0471274891378135,1.8,0.21498649899915506,871.0,,0.0440635558114724,44.0635558114724,9.283108472982045,34.78044733849036,104.74674731492992,0.10470723306544202,0.3341758646615138,0.010302385196892937,1.1276007264332528,5
61,s_curve|mf|K1|bbunet|dp0.5,s_curve,mf,1,test,s_curve_bounds+dynamics+geo_bounds+halfspace+obstacles,model_free,False,all,0.0,0.0,0.0,0.0,1.0,0.0,0.0,6.598777587221058,0.0,0.0,871.0,,0.02737452676308443,27.37452676308443,9.584003122319945,17.790523640764484,44.49025982990862,0.0034443168771526983,1.2479525183968432,0.0,1.1256490658548124,5
61,s_curve|mf|K1|bbunet|dp0.5,s_curve,mf,1,test,s_curve_bounds+dynamics+geo_bounds+halfspace+obstacles,model_free,False,proj_valid,0.0,0.0,0.0,0.0,1.0,0.0,0.0,6.598777587221058,0.0,0.0,871.0,,0.02737452676308443,27.37452676308443,9.584003122319945,17.790523640764484,44.49025982990862,0.0034443168771526983,1.2479525183968432,0.0,1.1256490658548124,5
61,s_curve|mf|K1|bbunet|dp0.5,s_curve,mf,1,test,s_curve_bounds+dynamics+geo_bounds+halfspace+obstacles,model_free-tightened,True,all,0.0,0.0,0.0,0.0,1.0,0.0,0.0,6.599107012416702,0.0,0.0,871.0,,0.02810229343977405,28.102293439774048,9.67409189080359,18.428201548970456,49.22049487009643,0.0041331802525832375,1.2625169488436663,0.0,1.129186107944236,5
61,s_curve|mf|K1|bbunet|dp0.5,s_curve,mf,1,test,s_curve_bounds+dynamics+geo_bounds+halfspace+obstacles,model_free-tightened,True,proj_valid,0.0,0.0,0.0,0.0,1.0,0.0,0.0,6.599107012416702,0.0,0.0,871.0,,0.02810229343977405,28.102293439774048,9.67409189080359,18.428201548970456,49.22049487009643,0.0041331802525832375,1.2625169488436663,0.0,1.129186107944236,5
61,s_curve|mf|K1|bbunet|dp0.5,s_curve,mf,1,test,s_curve_bounds+dynamics+geo_bounds+halfspace+obstacles,bounds_free,False,all,0.0,0.0,0.0,0.0,0.2,0.0,0.0,3.0186308600217253,5.0,0.27443343138774123,871.0,,0.04053769752346599,40.53769752346599,9.26407183264627,31.273625690819717,100.52572133019547,0.09690011481056257,0.33332333943419784,0.01381987331413811,1.1025892807006836,5
61,s_curve|mf|K1|bbunet|dp0.5,s_curve,mf,1,test,s_curve_bounds+dynamics+geo_bounds+halfspace+obstacles,bounds_free,False,proj_valid,0.0,0.0,0.0,0.0,0.2,0.0,0.0,3.0186308600217253,5.0,0.27443343138774123,871.0,,0.04053769752346599,40.53769752346599,9.26407183264627,31.273625690819717,100.52572133019547,0.09690011481056257,0.33332333943419784,0.01381987331413811,1.1025892807006836,5
61,s_curve|mf|K1|bbunet|dp0.5,s_curve,mf,1,test,s_curve_bounds+dynamics+geo_bounds+halfspace+obstacles,bounds_free-tightened,True,all,0.0,0.0,0.0,0.0,0.0,0.0,0.0,3.0080357818721977,7.6,0.4155787082138945,871.0,,0.03833868938829874,38.33868938829874,9.29318067193394,29.045508716364804,107.1404399350284,0.10378874856486797,0.32731986437578614,0.017854487375324003,1.13237673906817,5
61,s_curve|mf|K1|bbunet|dp0.5,s_curve,mf,1,test,s_curve_bounds+dynamics+geo_bounds+halfspace+obstacles,bounds_free-tightened,True,proj_valid,0.0,0.0,0.0,0.0,0.0,0.0,0.0,3.0080357818721977,7.6,0.4155787082138945,871.0,,0.03833868938829874,38.33868938829874,9.29318067193394,29.045508716364804,107.1404399350284,0.10378874856486797,0.32731986437578614,0.017854487375324003,1.13237673906817,5
61,s_curve|mf|K1|bbunet|dp0.5,s_curve,mf,1,test,s_curve_bounds+dynamics+geo_bounds+halfspace+obstacles,geo_free,False,all,0.4,0.4,0.0,0.0,0.0,0.4,0.4,1.6319490606451996,20.4,1.871263969184391,764.6,605.0,0.020687143052747353,20.687143052747352,9.263407294641203,11.423735758106151,20.855009276419878,0.0,0.31174984723981386,0.02545137168025486,1.0775649972720476,5
61,s_curve|mf|K1|bbunet|dp0.5,s_curve,mf,1,test,s_curve_bounds+dynamics+geo_bounds+halfspace+obstacles,geo_free,False,proj_valid,0.4,0.4,0.0,0.0,0.0,0.4,0.4,1.6319490606451996,20.4,1.871263969184391,764.6,605.0,0.020687143052747353,20.687143052747352,9.263407294641203,11.423735758106151,20.855009276419878,0.0,0.31174984723981386,0.02545137168025486,1.0775649972720476,5
61,s_curve|mf|K1|bbunet|dp0.5,s_curve,mf,1,test,s_curve_bounds+dynamics+geo_bounds+halfspace+obstacles,geo_free-bounds_free,False,all,0.2,0.2,0.0,0.0,0.0,0.2,0.2,2.3026177691927447,13.4,1.3311234454355088,816.6,599.0,0.018502635189734756,18.502635189734754,9.2562556650375,9.246379524697257,18.618159871548414,0.0,0.3061245292742264,0.032181275077273794,1.0963837911583472,5
61,s_curve|mf|K1|bbunet|dp0.5,s_curve,mf,1,test,s_curve_bounds+dynamics+geo_bounds+halfspace+obstacles,geo_free-bounds_free,False,proj_valid,0.2,0.2,0.0,0.0,0.0,0.2,0.2,2.3026177691927447,13.4,1.3311234454355088,816.6,599.0,0.018502635189734756,18.502635189734754,9.2562556650375,9.246379524697257,18.618159871548414,0.0,0.3061245292742264,0.032181275077273794,1.0963837911583472,5
61,s_curve|mf|K1|bbunet|dp0.5,s_curve,mf,1,test,s_curve_bounds+dynamics+geo_bounds+halfspace+obstacles,geo_free-model_free,False,all,0.0,0.0,0.0,0.0,1.0,0.0,0.0,6.597389536715051,0.0,0.0,871.0,,0.019618928879417706,19.618928879417705,9.72731722546002,9.891611653957687,24.16385507211089,0.0,1.1399766731088585,0.0,1.133001257421371,5
61,s_curve|mf|K1|bbunet|dp0.5,s_curve,mf,1,test,s_curve_bounds+dynamics+geo_bounds+halfspace+obstacles,geo_free-model_free,False,proj_valid,0.0,0.0,0.0,0.0,1.0,0.0,0.0,6.597389536715051,0.0,0.0,871.0,,0.019618928879417706,19.618928879417705,9.72731722546002,9.891611653957687,24.16385507211089,0.0,1.1399766731088585,0.0,1.133001257421371,5
61,s_curve|mf|K1|bbunet|dp0.5,s_curve,mf,1,test,s_curve_bounds+dynamics+geo_bounds+halfspace+obstacles,model_free-bounds_free,False,all,0.0,0.0,0.0,0.0,1.0,0.0,0.0,6.598263667814967,0.0,0.0,871.0,,0.02233745745218852,22.33745745218852,9.61539142223355,12.72206602995497,35.30689004808664,0.0016073478760045925,1.2354526216663753,0.0,1.0801893161167806,5
61,s_curve|mf|K1|bbunet|dp0.5,s_curve,mf,1,test,s_curve_bounds+dynamics+geo_bounds+halfspace+obstacles,model_free-bounds_free,False,proj_valid,0.0,0.0,0.0,0.0,1.0,0.0,0.0,6.598263667814967,0.0,0.0,871.0,,0.02233745745218852,22.33745745218852,9.61539142223355,12.72206602995497,35.30689004808664,0.0016073478760045925,1.2354526216663753,0.0,1.0801893161167806,5
61,s_curve|mf|K1|bbunet|dp0.5,s_curve,mf,1,test,s_curve_bounds+dynamics+geo_bounds+halfspace+obstacles,model_free-bounds_free-tightened,True,all,0.0,0.0,0.0,0.0,1.0,0.0,0.0,6.594160184053703,0.0,0.0,871.0,,0.022573344716355755,22.573344716355756,9.641358663378407,12.93198605297735,34.25220621749758,0.0013777267508610792,1.150623926048999,0.0,1.0720603180636745,5
61,s_curve|mf|K1|bbunet|dp0.5,s_curve,mf,1,test,s_curve_bounds+dynamics+geo_bounds+halfspace+obstacles,model_free-bounds_free-tightened,True,proj_valid,0.0,0.0,0.0,0.0,1.0,0.0,0.0,6.594160184053703,0.0,0.0,871.0,,0.022573344716355755,22.573344716355756,9.641358663378407,12.93198605297735,34.25220621749758,0.0013777267508610792,1.150623926048999,0.0,1.0720603180636745,5
62,s_curve|mf|K20|bbunet|dp0.5,s_curve,mf,20,test,s_curve_bounds+dynamics+geo_bounds+halfspace+obstacles,diffuser,False,all,0.0,0.0,0.0,0.0,1.0,0.0,0.0,6.590364571430183,0.0,0.0,871.0,,0.20206018699270983,202.06018699270982,202.06018699270982,0.0,207.7293467335403,0.02801377726750861,1.1269047473701979,0.0,0.8466084750485854,5
62,s_curve|mf|K20|bbunet|dp0.5,s_curve,mf,20,test,s_curve_bounds+dynamics+geo_bounds+halfspace+obstacles,diffuser,False,proj_valid,0.0,0.0,0.0,0.0,1.0,0.0,0.0,6.590364571430183,0.0,0.0,871.0,,0.20206018699270983,202.06018699270982,202.06018699270982,0.0,207.7293467335403,0.02801377726750861,1.1269047473701979,0.0,0.8466084750485854,5
62,s_curve|mf|K20|bbunet|dp0.5,s_curve,mf,20,test,s_curve_bounds+dynamics+geo_bounds+halfspace+obstacles,dpcc-r,False,all,0.0,0.0,0.0,0.0,1.0,0.0,0.0,3.085940035543428,0.0,0.0,871.0,,5.1054679320049425,5105.467932004942,198.30442724183905,4907.163504763103,13095.536797009407,0.36991963260619976,0.3821219506368422,0.0034131013662786237,0.9122456425074091,5
62,s_curve|mf|K20|bbunet|dp0.5,s_curve,mf,20,test,s_curve_bounds+dynamics+geo_bounds+halfspace+obstacles,dpcc-r,False,proj_valid,0.0,0.0,0.0,0.0,1.0,0.0,0.0,3.085940035543428,0.0,0.0,871.0,,5.1054679320049425,5105.467932004942,198.30442724183905,4907.163504763103,13095.536797009407,0.36991963260619976,0.3821219506368422,0.0034131013662786237,0.9122456425074091,5
62,s_curve|mf|K20|bbunet|dp0.5,s_curve,mf,20,test,s_curve_bounds+dynamics+geo_bounds+halfspace+obstacles,dpcc-r-tightened,True,all,0.0,0.0,0.0,0.0,1.0,0.0,0.0,3.048639725593518,0.0,0.0,871.0,,5.305948526230293,5305.948526230293,198.16388416065487,5107.784642069638,13670.440357346088,0.3774971297359357,0.37187168267327825,0.0033571878772034234,1.0103371461184416,5
62,s_curve|mf|K20|bbunet|dp0.5,s_curve,mf,20,test,s_curve_bounds+dynamics+geo_bounds+halfspace+obstacles,dpcc-r-tightened,True,proj_valid,0.0,0.0,0.0,0.0,1.0,0.0,0.0,3.048639725593518,0.0,0.0,871.0,,5.305948526230293,5305.948526230293,198.16388416065487,5107.784642069638,13670.440357346088,0.3774971297359357,0.37187168267327825,0.0033571878772034234,1.0103371461184416,5
62,s_curve|mf|K20|bbunet|dp0.5,s_curve,mf,20,test,s_curve_bounds+dynamics+geo_bounds+halfspace+obstacles,dpcc-c,False,all,0.0,0.0,0.0,0.0,1.0,0.0,0.0,3.0561494229042765,0.0,0.0,871.0,,4.976554309669581,4976.554309669581,211.9311191835799,4764.623190486001,13453.28307760879,0.40597014925373137,0.3573938620825325,0.0028270988422312046,0.9957624591194421,5
62,s_curve|mf|K20|bbunet|dp0.5,s_curve,mf,20,test,s_curve_bounds+dynamics+geo_bounds+halfspace+obstacles,dpcc-c,False,proj_valid,0.0,0.0,0.0,0.0,1.0,0.0,0.0,3.0561494229042765,0.0,0.0,871.0,,4.976554309669581,4976.554309669581,211.9311191835799,4764.623190486001,13453.28307760879,0.40597014925373137,0.3573938620825325,0.0028270988422312046,0.9957624591194421,5
62,s_curve|mf|K20|bbunet|dp0.5,s_curve,mf,20,test,s_curve_bounds+dynamics+geo_bounds+halfspace+obstacles,dpcc-c-tightened,True,all,0.0,0.0,0.0,0.0,1.0,0.0,0.0,3.034639391754475,0.0,0.0,871.0,,5.465932596758011,5465.93259675801,215.46061072722281,5250.471986030787,14128.242504410446,0.399540757749713,0.36231526114511203,0.003253185065000713,0.9950609337104648,5
62,s_curve|mf|K20|bbunet|dp0.5,s_curve,mf,20,test,s_curve_bounds+dynamics+geo_bounds+halfspace+obstacles,dpcc-c-tightened,True,proj_valid,0.0,0.0,0.0,0.0,1.0,0.0,0.0,3.034639391754475,0.0,0.0,871.0,,5.465932596758011,5465.93259675801,215.46061072722281,5250.471986030787,14128.242504410446,0.399540757749713,0.36231526114511203,0.003253185065000713,0.9950609337104648,5
62,s_curve|mf|K20|bbunet|dp0.5,s_curve,mf,20,test,s_curve_bounds+dynamics+geo_bounds+halfspace+obstacles,dpcc-t,False,all,0.0,0.0,0.0,0.0,0.8,0.0,0.0,3.061662345574192,0.8,0.017334992652865765,871.0,,5.6859485848629365,5685.948584862936,213.43351083354673,5472.515074029388,15008.558519463983,0.36073478760045924,0.4070138702291807,0.010479256470455495,0.9817141533122321,5
62,s_curve|mf|K20|bbunet|dp0.5,s_curve,mf,20,test,s_curve_bounds+dynamics+geo_bounds+halfspace+obstacles,dpcc-t,False,proj_valid,0.0,0.0,0.0,0.0,0.8,0.0,0.0,3.061662345574192,0.8,0.017334992652865765,871.0,,5.6859485848629365,5685.948584862936,213.43351083354673,5472.515074029388,15008.558519463983,0.36073478760045924,0.4070138702291807,0.010479256470455495,0.9817141533122321,5
62,s_curve|mf|K20|bbunet|dp0.5,s_curve,mf,20,test,s_curve_bounds+dynamics+geo_bounds+halfspace+obstacles,dpcc-t-tightened,True,all,0.0,0.0,0.0,0.0,1.0,0.0,0.0,3.0718567454254866,0.0,0.0,871.0,,5.676886833109926,5676.886833109926,212.89067169186097,5463.996161418065,13970.217464808371,0.3575200918484501,0.40520048453219176,0.0036488213805744183,0.9806279790289733,5
62,s_curve|mf|K20|bbunet|dp0.5,s_curve,mf,20,test,s_curve_bounds+dynamics+geo_bounds+halfspace+obstacles,dpcc-t-tightened,True,proj_valid,0.0,0.0,0.0,0.0,1.0,0.0,0.0,3.0718567454254866,0.0,0.0,871.0,,5.676886833109926,5676.886833109926,212.89067169186097,5463.996161418065,13970.217464808371,0.3575200918484501,0.40520048453219176,0.0036488213805744183,0.9806279790289733,5
62,s_curve|mf|K20|bbunet|dp0.5,s_curve,mf,20,test,s_curve_bounds+dynamics+geo_bounds+halfspace+obstacles,gradient,False,all,0.0,0.0,0.0,0.0,1.0,0.0,0.0,6.599012235282743,0.0,0.0,871.0,,0.2009662643695871,200.96626436958712,184.44491165379682,16.52135271579027,216.77839709445834,0.006888633754305396,3.450003408922844,0.0,1.1285429459994396,5
62,s_curve|mf|K20|bbunet|dp0.5,s_curve,mf,20,test,s_curve_bounds+dynamics+geo_bounds+halfspace+obstacles,gradient,False,proj_valid,0.0,0.0,0.0,0.0,1.0,0.0,0.0,6.599012235282743,0.0,0.0,871.0,,0.2009662643695871,200.96626436958712,184.44491165379682,16.52135271579027,216.77839709445834,0.006888633754305396,3.450003408922844,0.0,1.1285429459994396,5
62,s_curve|mf|K20|bbunet|dp0.5,s_curve,mf,20,test,s_curve_bounds+dynamics+geo_bounds+halfspace+obstacles,gradient-tightened,True,all,0.0,0.0,0.0,0.0,1.0,0.0,0.0,6.598512768469303,0.0,0.0,871.0,,0.21281887777149677,212.81887777149677,196.27361639092365,16.545261380573113,220.05583811551332,0.006888633754305396,3.444540129271347,0.0,1.1435050354527656,5
62,s_curve|mf|K20|bbunet|dp0.5,s_curve,mf,20,test,s_curve_bounds+dynamics+geo_bounds+halfspace+obstacles,gradient-tightened,True,proj_valid,0.0,0.0,0.0,0.0,1.0,0.0,0.0,6.598512768469303,0.0,0.0,871.0,,0.21281887777149677,212.81887777149677,196.27361639092365,16.545261380573113,220.05583811551332,0.006888633754305396,3.444540129271347,0.0,1.1435050354527656,5
62,s_curve|mf|K20|bbunet|dp0.5,s_curve,mf,20,test,s_curve_bounds+dynamics+geo_bounds+halfspace+obstacles,post_processing,False,all,0.0,0.0,0.0,0.0,1.0,0.0,0.0,3.0640315031107086,0.0,0.0,871.0,,0.21178050197732637,211.78050197732637,182.78516862837745,28.995333348948883,214.91550644859672,0.4436280137772675,0.3273818615941839,0.003970757904271272,1.0235691307363604,5
62,s_curve|mf|K20|bbunet|dp0.5,s_curve,mf,20,test,s_curve_bounds+dynamics+geo_bounds+halfspace+obstacles,post_processing,False,proj_valid,0.0,0.0,0.0,0.0,1.0,0.0,0.0,3.0640315031107086,0.0,0.0,871.0,,0.21178050197732637,211.78050197732637,182.78516862837745,28.995333348948883,214.91550644859672,0.4436280137772675,0.3273818615941839,0.003970757904271272,1.0235691307363604,5
62,s_curve|mf|K20|bbunet|dp0.5,s_curve,mf,20,test,s_curve_bounds+dynamics+geo_bounds+halfspace+obstacles,post_processing-tightened,True,all,0.0,0.0,0.0,0.0,1.0,0.0,0.0,3.0658948890114304,0.0,0.0,871.0,,0.22778487876853873,227.78487876853873,199.98513968261753,27.799739085921203,242.03635582700372,0.4461538461538462,0.3209584281250183,0.003774202522272263,1.02359912385614,5
62,s_curve|mf|K20|bbunet|dp0.5,s_curve,mf,20,test,s_curve_bounds+dynamics+geo_bounds+halfspace+obstacles,post_processing-tightened,True,proj_valid,0.0,0.0,0.0,0.0,1.0,0.0,0.0,3.0658948890114304,0.0,0.0,871.0,,0.22778487876853873,227.78487876853873,199.98513968261753,27.799739085921203,242.03635582700372,0.4461538461538462,0.3209584281250183,0.003774202522272263,1.02359912385614,5
62,s_curve|mf|K20|bbunet|dp0.5,s_curve,mf,20,test,s_curve_bounds+dynamics+geo_bounds+halfspace+obstacles,model_free,False,all,0.0,0.0,0.0,0.0,1.0,0.0,0.0,6.589972751164427,0.0,0.0,871.0,,0.35548908158847026,355.48908158847024,206.04293131917993,149.44615026929037,411.4087129198015,0.02893226176808266,1.0496952197388367,0.0,0.8507785164290702,5
62,s_curve|mf|K20|bbunet|dp0.5,s_curve,mf,20,test,s_curve_bounds+dynamics+geo_bounds+halfspace+obstacles,model_free,False,proj_valid,0.0,0.0,0.0,0.0,1.0,0.0,0.0,6.589972751164427,0.0,0.0,871.0,,0.35548908158847026,355.48908158847024,206.04293131917993,149.44615026929037,411.4087129198015,0.02893226176808266,1.0496952197388367,0.0,0.8507785164290702,5
62,s_curve|mf|K20|bbunet|dp0.5,s_curve,mf,20,test,s_curve_bounds+dynamics+geo_bounds+halfspace+obstacles,model_free-tightened,True,all,0.0,0.0,0.0,0.0,1.0,0.0,0.0,6.587975124972006,0.0,0.0,871.0,,0.3317820197573945,331.78201975739455,185.27333098727772,146.50868877011678,381.3860875554383,0.029621125143513206,1.1495910594648244,0.0,0.8154625042438525,5
62,s_curve|mf|K20|bbunet|dp0.5,s_curve,mf,20,test,s_curve_bounds+dynamics+geo_bounds+halfspace+obstacles,model_free-tightened,True,proj_valid,0.0,0.0,0.0,0.0,1.0,0.0,0.0,6.587975124972006,0.0,0.0,871.0,,0.3317820197573945,331.78201975739455,185.27333098727772,146.50868877011678,381.3860875554383,0.029621125143513206,1.1495910594648244,0.0,0.8154625042438525,5
62,s_curve|mf|K20|bbunet|dp0.5,s_curve,mf,20,test,s_curve_bounds+dynamics+geo_bounds+halfspace+obstacles,bounds_free,False,all,0.0,0.0,0.0,0.0,0.2,0.0,0.0,4.284814823113369,9.2,0.5062338703895116,871.0,,2.5001221617909097,2500.1221617909096,192.47800370450815,2307.644158086401,9060.793725643303,0.20803673938002296,0.5520948379482243,0.01605946381783568,0.9415369311224211,5
62,s_curve|mf|K20|bbunet|dp0.5,s_curve,mf,20,test,s_curve_bounds+dynamics+geo_bounds+halfspace+obstacles,bounds_free,False,proj_valid,0.0,0.0,0.0,0.0,0.2,0.0,0.0,4.284814823113369,9.2,0.5062338703895116,871.0,,2.5001221617909097,2500.1221617909096,192.47800370450815,2307.644158086401,9060.793725643303,0.20803673938002296,0.5520948379482243,0.01605946381783568,0.9415369311224211,5
62,s_curve|mf|K20|bbunet|dp0.5,s_curve,mf,20,test,s_curve_bounds+dynamics+geo_bounds+halfspace+obstacles,bounds_free-tightened,True,all,0.0,0.0,0.0,0.0,0.4,0.0,0.0,4.493881324302951,5.6,0.5132298553893813,871.0,,2.1501890788999107,2150.189078899911,199.55275509665225,1950.6363238032586,6884.217511992902,0.18392652123995407,0.5717681626288987,0.013616653834456576,1.100936530220568,5
62,s_curve|mf|K20|bbunet|dp0.5,s_curve,mf,20,test,s_curve_bounds+dynamics+geo_bounds+halfspace+obstacles,bounds_free-tightened,True,proj_valid,0.0,0.0,0.0,0.0,0.4,0.0,0.0,4.493881324302951,5.6,0.5132298553893813,871.0,,2.1501890788999107,2150.189078899911,199.55275509665225,1950.6363238032586,6884.217511992902,0.18392652123995407,0.5717681626288987,0.013616653834456576,1.100936530220568,5
62,s_curve|mf|K20|bbunet|dp0.5,s_curve,mf,20,test,s_curve_bounds+dynamics+geo_bounds+halfspace+obstacles,geo_free,False,all,0.2,0.2,0.0,0.0,0.0,0.2,0.2,2.1146103521789685,17.0,2.088339667088591,820.4,618.0,0.33076768409418167,330.7676840941816,203.99508166417382,126.77260243000782,343.23569998145103,0.5804822043628014,0.3151965653475262,0.03552370224754411,0.8012537871935643,5
62,s_curve|mf|K20|bbunet|dp0.5,s_curve,mf,20,test,s_curve_bounds+dynamics+geo_bounds+halfspace+obstacles,geo_free,False,proj_valid,0.2,0.2,0.0,0.0,0.0,0.2,0.2,2.1146103521789685,17.0,2.088339667088591,820.4,618.0,0.33076768409418167,330.7676840941816,203.99508166417382,126.77260243000782,343.23569998145103,0.5804822043628014,0.3151965653475262,0.03552370224754411,0.8012537871935643,5
62,s_curve|mf|K20|bbunet|dp0.5,s_curve,mf,20,test,s_curve_bounds+dynamics+geo_bounds+halfspace+obstacles,geo_free-bounds_free,False,all,0.2,0.2,0.0,0.0,0.0,0.2,0.2,2.064416508027735,25.2,5.056712701630123,820.6,619.0,0.3113320480321143,311.3320480321143,204.86727338871418,106.46477464340009,322.85951929166913,0.5926521239954076,0.33537128095082647,0.02471412604748556,0.8202345506266703,5
62,s_curve|mf|K20|bbunet|dp0.5,s_curve,mf,20,test,s_curve_bounds+dynamics+geo_bounds+halfspace+obstacles,geo_free-bounds_free,False,proj_valid,0.2,0.2,0.0,0.0,0.0,0.2,0.2,2.064416508027735,25.2,5.056712701630123,820.6,619.0,0.3113320480321143,311.3320480321143,204.86727338871418,106.46477464340009,322.85951929166913,0.5926521239954076,0.33537128095082647,0.02471412604748556,0.8202345506266703,5
62,s_curve|mf|K20|bbunet|dp0.5,s_curve,mf,20,test,s_curve_bounds+dynamics+geo_bounds+halfspace+obstacles,geo_free-model_free,False,all,0.0,0.0,0.0,0.0,1.0,0.0,0.0,6.5930523224725,0.0,0.0,871.0,,0.2811825518580829,281.18255185808283,205.50652809827116,75.67602375981168,309.1671805270016,0.027554535017221583,1.0859209532409881,0.0,0.8583562959111017,5
62,s_curve|mf|K20|bbunet|dp0.5,s_curve,mf,20,test,s_curve_bounds+dynamics+geo_bounds+halfspace+obstacles,geo_free-model_free,False,proj_valid,0.0,0.0,0.0,0.0,1.0,0.0,0.0,6.5930523224725,0.0,0.0,871.0,,0.2811825518580829,281.18255185808283,205.50652809827116,75.67602375981168,309.1671805270016,0.027554535017221583,1.0859209532409881,0.0,0.8583562959111017,5
62,s_curve|mf|K20|bbunet|dp0.5,s_curve,mf,20,test,s_curve_bounds+dynamics+geo_bounds+halfspace+obstacles,model_free-bounds_free,False,all,0.0,0.0,0.0,0.0,1.0,0.0,0.0,6.587204538455883,0.0,0.0,871.0,,0.30429364534874787,304.2936453487479,193.37757795967488,110.91606738907299,346.01354541257024,0.030539609644087258,1.0464739910616103,0.0,0.8440398067072905,5
62,s_curve|mf|K20|bbunet|dp0.5,s_curve,mf,20,test,s_curve_bounds+dynamics+geo_bounds+halfspace+obstacles,model_free-bounds_free,False,proj_valid,0.0,0.0,0.0,0.0,1.0,0.0,0.0,6.587204538455883,0.0,0.0,871.0,,0.30429364534874787,304.2936453487479,193.37757795967488,110.91606738907299,346.01354541257024,0.030539609644087258,1.0464739910616103,0.0,0.8440398067072905,5
62,s_curve|mf|K20|bbunet|dp0.5,s_curve,mf,20,test,s_curve_bounds+dynamics+geo_bounds+halfspace+obstacles,model_free-bounds_free-tightened,True,all,0.0,0.0,0.0,0.0,1.0,0.0,0.0,6.589373353704277,0.0,0.0,871.0,,0.3349641370397446,334.96413703974457,206.6488128601198,128.31532417962484,377.2512922435999,0.03214695752009185,1.093695032889929,0.0,0.8051235536220798,5
62,s_curve|mf|K20|bbunet|dp0.5,s_curve,mf,20,test,s_curve_bounds+dynamics+geo_bounds+halfspace+obstacles,model_free-bounds_free-tightened,True,proj_valid,0.0,0.0,0.0,0.0,1.0,0.0,0.0,6.589373353704277,0.0,0.0,871.0,,0.3349641370397446,334.96413703974457,206.6488128601198,128.31532417962484,377.2512922435999,0.03214695752009185,1.093695032889929,0.0,0.8051235536220798,5
63,s_curve|mf|K2|bbunet|dp0.5,s_curve,mf,2,test,s_curve_bounds+dynamics+geo_bounds+halfspace+obstacles,diffuser,False,all,0.0,0.0,0.0,0.0,1.0,0.0,0.0,6.591854544796208,0.0,0.0,871.0,,0.02105672419235135,21.056724192351346,21.056724192351346,0.0,18.656080178916454,0.0002296211251435132,0.8645465072623463,0.0,1.02970281512123,5
63,s_curve|mf|K2|bbunet|dp0.5,s_curve,mf,2,test,s_curve_bounds+dynamics+geo_bounds+halfspace+obstacles,diffuser,False,proj_valid,0.0,0.0,0.0,0.0,1.0,0.0,0.0,6.591854544796208,0.0,0.0,871.0,,0.02105672419235135,21.056724192351346,21.056724192351346,0.0,18.656080178916454,0.0002296211251435132,0.8645465072623463,0.0,1.02970281512123,5
63,s_curve|mf|K2|bbunet|dp0.5,s_curve,mf,2,test,s_curve_bounds+dynamics+geo_bounds+halfspace+obstacles,dpcc-r,False,all,0.0,0.0,0.0,0.0,1.0,0.0,0.0,3.071558857084643,0.0,0.0,871.0,,0.04749162663673754,47.491626636737536,18.08868681951245,29.402939817225093,54.97104333713649,0.43926521239954075,0.33508934537956364,0.005234435223555679,1.0897961059749917,5
63,s_curve|mf|K2|bbunet|dp0.5,s_curve,mf,2,test,s_curve_bounds+dynamics+geo_bounds+halfspace+obstacles,dpcc-r,False,proj_valid,0.0,0.0,0.0,0.0,1.0,0.0,0.0,3.071558857084643,0.0,0.0,871.0,,0.04749162663673754,47.491626636737536,18.08868681951245,29.402939817225093,54.97104333713649,0.43926521239954075,0.33508934537956364,0.005234435223555679,1.0897961059749917,5
63,s_curve|mf|K2|bbunet|dp0.5,s_curve,mf,2,test,s_curve_bounds+dynamics+geo_bounds+halfspace+obstacles,dpcc-r-tightened,True,all,0.0,0.0,0.0,0.0,1.0,0.0,0.0,3.067841896601207,0.0,0.0,871.0,,0.046503249364638274,46.50324936463828,18.1910927480291,28.312156616609183,61.1070836521685,0.44018369690011483,0.332573109560244,0.0041662629229510485,1.0698621510670112,5
63,s_curve|mf|K2|bbunet|dp0.5,s_curve,mf,2,test,s_curve_bounds+dynamics+geo_bounds+halfspace+obstacles,dpcc-r-tightened,True,proj_valid,0.0,0.0,0.0,0.0,1.0,0.0,0.0,3.067841896601207,0.0,0.0,871.0,,0.046503249364638274,46.50324936463828,18.1910927480291,28.312156616609183,61.1070836521685,0.44018369690011483,0.332573109560244,0.0041662629229510485,1.0698621510670112,5
63,s_curve|mf|K2|bbunet|dp0.5,s_curve,mf,2,test,s_curve_bounds+dynamics+geo_bounds+halfspace+obstacles,dpcc-c,False,all,0.0,0.0,0.0,0.0,1.0,0.0,0.0,3.0745912993884454,0.0,0.0,871.0,,0.04829271367734132,48.292713677341325,18.138171053860383,30.154542623480943,58.77673333510749,0.4420206659012629,0.33322905283557314,0.006583256414084003,1.0723995579951504,5
63,s_curve|mf|K2|bbunet|dp0.5,s_curve,mf,2,test,s_curve_bounds+dynamics+geo_bounds+halfspace+obstacles,dpcc-c,False,proj_valid,0.0,0.0,0.0,0.0,1.0,0.0,0.0,3.0745912993884454,0.0,0.0,871.0,,0.04829271367734132,48.292713677341325,18.138171053860383,30.154542623480943,58.77673333510749,0.4420206659012629,0.33322905283557314,0.006583256414084003,1.0723995579951504,5
63,s_curve|mf|K2|bbunet|dp0.5,s_curve,mf,2,test,s_curve_bounds+dynamics+geo_bounds+halfspace+obstacles,dpcc-c-tightened,True,all,0.0,0.0,0.0,0.0,1.0,0.0,0.0,3.0782426441644075,0.0,0.0,871.0,,0.048072156357183926,48.07215635718392,18.22368093930193,29.848475417881993,62.89954122155903,0.4413318025258324,0.3350880716839489,0.004864259699422037,1.0782067198109977,5
63,s_curve|mf|K2|bbunet|dp0.5,s_curve,mf,2,test,s_curve_bounds+dynamics+geo_bounds+halfspace+obstacles,dpcc-c-tightened,True,proj_valid,0.0,0.0,0.0,0.0,1.0,0.0,0.0,3.0782426441644075,0.0,0.0,871.0,,0.048072156357183926,48.07215635718392,18.22368093930193,29.848475417881993,62.89954122155903,0.4413318025258324,0.3350880716839489,0.004864259699422037,1.0782067198109977,5
63,s_curve|mf|K2|bbunet|dp0.5,s_curve,mf,2,test,s_curve_bounds+dynamics+geo_bounds+halfspace+obstacles,dpcc-t,False,all,0.0,0.0,0.0,0.0,1.0,0.0,0.0,3.0885552842760005,0.0,0.0,871.0,,0.04965725953823584,49.657259538235834,18.191781938542313,31.465477599693525,60.1815380714833,0.4374282433983926,0.33259604942241794,0.0049112061456875414,1.0782152431281715,5
63,s_curve|mf|K2|bbunet|dp0.5,s_curve,mf,2,test,s_curve_bounds+dynamics+geo_bounds+halfspace+obstacles,dpcc-t,False,proj_valid,0.0,0.0,0.0,0.0,1.0,0.0,0.0,3.0885552842760005,0.0,0.0,871.0,,0.04965725953823584,49.657259538235834,18.191781938542313,31.465477599693525,60.1815380714833,0.4374282433983926,0.33259604942241794,0.0049112061456875414,1.0782152431281715,5
63,s_curve|mf|K2|bbunet|dp0.5,s_curve,mf,2,test,s_curve_bounds+dynamics+geo_bounds+halfspace+obstacles,dpcc-t-tightened,True,all,0.0,0.0,0.0,0.0,1.0,0.0,0.0,3.092932561594666,0.0,0.0,871.0,,0.052441447145008646,52.441447145008645,18.140213290484883,34.301233854523765,68.92137082293627,0.43696900114810566,0.3382162689826892,0.0042058433412752805,1.0841855493854493,5
63,s_curve|mf|K2|bbunet|dp0.5,s_curve,mf,2,test,s_curve_bounds+dynamics+geo_bounds+halfspace+obstacles,dpcc-t-tightened,True,proj_valid,0.0,0.0,0.0,0.0,1.0,0.0,0.0,3.092932561594666,0.0,0.0,871.0,,0.052441447145008646,52.441447145008645,18.140213290484883,34.301233854523765,68.92137082293627,0.43696900114810566,0.3382162689826892,0.0042058433412752805,1.0841855493854493,5
63,s_curve|mf|K2|bbunet|dp0.5,s_curve,mf,2,test,s_curve_bounds+dynamics+geo_bounds+halfspace+obstacles,gradient,False,all,0.6,0.6,0.0,0.0,0.0,0.6,0.6,1.12895968506534,27.6,1.2589587136934342,700.0,586.0,0.01951972675493335,19.51972675493335,18.055376246896515,1.464350508036836,19.820126108825207,0.00034423407917383823,0.595613026239797,0.012293577425585872,1.0340901258105695,5
63,s_curve|mf|K2|bbunet|dp0.5,s_curve,mf,2,test,s_curve_bounds+dynamics+geo_bounds+halfspace+obstacles,gradient,False,proj_valid,0.6,0.6,0.0,0.0,0.0,0.6,0.6,1.12895968506534,27.6,1.2589587136934342,700.0,586.0,0.01951972675493335,19.51972675493335,18.055376246896515,1.464350508036836,19.820126108825207,0.00034423407917383823,0.595613026239797,0.012293577425585872,1.0340901258105695,5
63,s_curve|mf|K2|bbunet|dp0.5,s_curve,mf,2,test,s_curve_bounds+dynamics+geo_bounds+halfspace+obstacles,gradient-tightened,True,all,0.6,0.6,0.0,0.0,0.0,0.6,0.6,0.6943550967181945,131.4,20.75417206872865,704.2,593.0,0.019471000492246357,19.471000492246354,18.02388870744475,1.4471117848016057,19.636249095201492,0.0,0.5943395004113501,0.015388218330966489,0.6392297941689629,5
63,s_curve|mf|K2|bbunet|dp0.5,s_curve,mf,2,test,s_curve_bounds+dynamics+geo_bounds+halfspace+obstacles,gradient-tightened,True,proj_valid,0.6,0.6,0.0,0.0,0.0,0.6,0.6,0.6943550967181945,131.4,20.75417206872865,704.2,593.0,0.019471000492246357,19.471000492246354,18.02388870744475,1.4471117848016057,19.636249095201492,0.0,0.5943395004113501,0.015388218330966489,0.6392297941689629,5
63,s_curve|mf|K2|bbunet|dp0.5,s_curve,mf,2,test,s_curve_bounds+dynamics+geo_bounds+halfspace+obstacles,post_processing,False,all,0.0,0.0,0.0,0.0,1.0,0.0,0.0,3.074316873983905,0.0,0.0,871.0,,0.048228102752914156,48.228102752914154,18.164784296547378,30.06331845636678,58.72346796095367,0.44018369690011483,0.3275347546950794,0.006439019107463008,1.0768882946927227,5
63,s_curve|mf|K2|bbunet|dp0.5,s_curve,mf,2,test,s_curve_bounds+dynamics+geo_bounds+halfspace+obstacles,post_processing,False,proj_valid,0.0,0.0,0.0,0.0,1.0,0.0,0.0,3.074316873983905,0.0,0.0,871.0,,0.048228102752914156,48.228102752914154,18.164784296547378,30.06331845636678,58.72346796095367,0.44018369690011483,0.3275347546950794,0.006439019107463008,1.0768882946927227,5
63,s_curve|mf|K2|bbunet|dp0.5,s_curve,mf,2,test,s_curve_bounds+dynamics+geo_bounds+halfspace+obstacles,post_processing-tightened,True,all,0.0,0.0,0.0,0.0,1.0,0.0,0.0,3.0705790970496967,0.0,0.0,871.0,,0.046169763735335954,46.169763735335955,18.15973282381517,28.01003091152079,60.64446797594428,0.44064293915040187,0.3323859934061453,0.003994075821930067,1.0791071294951045,5
63,s_curve|mf|K2|bbunet|dp0.5,s_curve,mf,2,test,s_curve_bounds+dynamics+geo_bounds+halfspace+obstacles,post_processing-tightened,True,proj_valid,0.0,0.0,0.0,0.0,1.0,0.0,0.0,3.0705790970496967,0.0,0.0,871.0,,0.046169763735335954,46.169763735335955,18.15973282381517,28.01003091152079,60.64446797594428,0.44064293915040187,0.3323859934061453,0.003994075821930067,1.0791071294951045,5
63,s_curve|mf|K2|bbunet|dp0.5,s_curve,mf,2,test,s_curve_bounds+dynamics+geo_bounds+halfspace+obstacles,model_free,False,all,0.0,0.0,0.0,0.0,1.0,0.0,0.0,6.594903922464425,0.0,0.0,871.0,,0.03386710326560514,33.86710326560514,18.480473181115812,15.386630084489322,45.69386284798383,0.018140068886337544,0.9911214633193678,0.0,1.0619267066058178,5
63,s_curve|mf|K2|bbunet|dp0.5,s_curve,mf,2,test,s_curve_bounds+dynamics+geo_bounds+halfspace+obstacles,model_free,False,proj_valid,0.0,0.0,0.0,0.0,1.0,0.0,0.0,6.594903922464425,0.0,0.0,871.0,,0.03386710326560514,33.86710326560514,18.480473181115812,15.386630084489322,45.69386284798383,0.018140068886337544,0.9911214633193678,0.0,1.0619267066058178,5
63,s_curve|mf|K2|bbunet|dp0.5,s_curve,mf,2,test,s_curve_bounds+dynamics+geo_bounds+halfspace+obstacles,model_free-tightened,True,all,0.0,0.0,0.0,0.0,1.0,0.0,0.0,6.5958903185647175,0.0,0.0,871.0,,0.033573126944614,33.573126944614,18.472552120534754,15.10057482407925,45.42220067232846,0.016762342135476463,0.994697673661135,0.0,1.0190940502376562,5
63,s_curve|mf|K2|bbunet|dp0.5,s_curve,mf,2,test,s_curve_bounds+dynamics+geo_bounds+halfspace+obstacles,model_free-tightened,True,proj_valid,0.0,0.0,0.0,0.0,1.0,0.0,0.0,6.5958903185647175,0.0,0.0,871.0,,0.033573126944614,33.573126944614,18.472552120534754,15.10057482407925,45.42220067232846,0.016762342135476463,0.994697673661135,0.0,1.0190940502376562,5
63,s_curve|mf|K2|bbunet|dp0.5,s_curve,mf,2,test,s_curve_bounds+dynamics+geo_bounds+halfspace+obstacles,bounds_free,False,all,0.0,0.0,0.0,0.0,0.0,0.0,0.0,2.896227364760027,8.8,0.7857825973829065,871.0,,0.05197690647368138,51.97690647368138,18.17774940671969,33.79915706696168,91.52771241962894,0.4597014925373134,0.3299553325219899,0.028688642449531277,1.051460509575959,5
63,s_curve|mf|K2|bbunet|dp0.5,s_curve,mf,2,test,s_curve_bounds+dynamics+geo_bounds+halfspace+obstacles,bounds_free,False,proj_valid,0.0,0.0,0.0,0.0,0.0,0.0,0.0,2.896227364760027,8.8,0.7857825973829065,871.0,,0.05197690647368138,51.97690647368138,18.17774940671969,33.79915706696168,91.52771241962894,0.4597014925373134,0.3299553325219899,0.028688642449531277,1.051460509575959,5
63,s_curve|mf|K2|bbunet|dp0.5,s_curve,mf,2,test,s_curve_bounds+dynamics+geo_bounds+halfspace+obstacles,bounds_free-tightened,True,all,0.0,0.0,0.0,0.0,0.0,0.0,0.0,2.907961564835637,10.2,0.781156543359955,871.0,,0.04461963924068988,44.61963924068988,18.14925861293083,26.47038062775905,77.31875386089084,0.4606199770378875,0.3184850735205069,0.030823788103568846,1.0782082384418423,5
63,s_curve|mf|K2|bbunet|dp0.5,s_curve,mf,2,test,s_curve_bounds+dynamics+geo_bounds+halfspace+obstacles,bounds_free-tightened,True,proj_valid,0.0,0.0,0.0,0.0,0.0,0.0,0.0,2.907961564835637,10.2,0.781156543359955,871.0,,0.04461963924068988,44.61963924068988,18.14925861293083,26.47038062775905,77.31875386089084,0.4606199770378875,0.3184850735205069,0.030823788103568846,1.0782082384418423,5
63,s_curve|mf|K2|bbunet|dp0.5,s_curve,mf,2,test,s_curve_bounds+dynamics+geo_bounds+halfspace+obstacles,geo_free,False,all,0.4,0.4,0.2,0.2,0.2,0.4,0.4,1.8172812590402478,9.6,0.7132176545038331,764.8,605.5,0.02951403015991863,29.514030159918633,18.08705589020464,11.426974269713993,29.771426878869534,0.005396277443155982,0.31018849676816485,0.02495731978295872,1.057380472684655,5
63,s_curve|mf|K2|bbunet|dp0.5,s_curve,mf,2,test,s_curve_bounds+dynamics+geo_bounds+halfspace+obstacles,geo_free,False,proj_valid,0.4,0.4,0.2,0.2,0.2,0.4,0.4,1.8172812590402478,9.6,0.7132176545038331,764.8,605.5,0.02951403015991863,29.514030159918633,18.08705589020464,11.426974269713993,29.771426878869534,0.005396277443155982,0.31018849676816485,0.02495731978295872,1.057380472684655,5
63,s_curve|mf|K2|bbunet|dp0.5,s_curve,mf,2,test,s_curve_bounds+dynamics+geo_bounds+halfspace+obstacles,geo_free-bounds_free,False,all,0.2,0.2,0.0,0.0,0.0,0.2,0.2,2.3050181965777057,10.8,0.8015893096338187,818.2,607.0,0.027321004347060855,27.321004347060857,18.05097081548491,9.270033531575946,27.461785841733217,0.002495947584344152,0.3060254960892745,0.033097446368588086,1.0719244813176467,5
63,s_curve|mf|K2|bbunet|dp0.5,s_curve,mf,2,test,s_curve_bounds+dynamics+geo_bounds+halfspace+obstacles,geo_free-bounds_free,False,proj_valid,0.2,0.2,0.0,0.0,0.0,0.2,0.2,2.3050181965777057,10.8,0.8015893096338187,818.2,607.0,0.027321004347060855,27.321004347060857,18.05097081548491,9.270033531575946,27.461785841733217,0.002495947584344152,0.3060254960892745,0.033097446368588086,1.0719244813176467,5
63,s_curve|mf|K2|bbunet|dp0.5,s_curve,mf,2,test,s_curve_bounds+dynamics+geo_bounds+halfspace+obstacles,geo_free-model_free,False,all,0.0,0.0,0.0,0.0,1.0,0.0,0.0,6.597248862706692,0.0,0.0,871.0,,0.03184005120044372,31.840051200443718,18.680709223941925,13.159341976501793,47.60016916319728,0.0025258323765786454,1.1826338759874928,0.0,1.0724291576881164,5
63,s_curve|mf|K2|bbunet|dp0.5,s_curve,mf,2,test,s_curve_bounds+dynamics+geo_bounds+halfspace+obstacles,geo_free-model_free,False,proj_valid,0.0,0.0,0.0,0.0,1.0,0.0,0.0,6.597248862706692,0.0,0.0,871.0,,0.03184005120044372,31.840051200443718,18.680709223941925,13.159341976501793,47.60016916319728,0.0025258323765786454,1.1826338759874928,0.0,1.0724291576881164,5
63,s_curve|mf|K2|bbunet|dp0.5,s_curve,mf,2,test,s_curve_bounds+dynamics+geo_bounds+halfspace+obstacles,model_free-bounds_free,False,all,0.0,0.0,0.0,0.0,1.0,0.0,0.0,6.5958133938260035,0.0,0.0,871.0,,0.029675269928417253,29.675269928417247,18.573995258952785,11.101274669464464,40.66753979772328,0.008266360505166475,1.109526757392528,0.0,1.0815978349366786,5
63,s_curve|mf|K2|bbunet|dp0.5,s_curve,mf,2,test,s_curve_bounds+dynamics+geo_bounds+halfspace+obstacles,model_free-bounds_free,False,proj_valid,0.0,0.0,0.0,0.0,1.0,0.0,0.0,6.5958133938260035,0.0,0.0,871.0,,0.029675269928417253,29.675269928417247,18.573995258952785,11.101274669464464,40.66753979772328,0.008266360505166475,1.109526757392528,0.0,1.0815978349366786,5
63,s_curve|mf|K2|bbunet|dp0.5,s_curve,mf,2,test,s_curve_bounds+dynamics+geo_bounds+halfspace+obstacles,model_free-bounds_free-tightened,True,all,0.0,0.0,0.0,0.0,1.0,0.0,0.0,6.594827390429191,0.0,0.0,871.0,,0.031067599827437443,31.06759982743744,18.511140624394738,12.556459203042703,43.73540230095379,0.007577497129735935,0.9918955907504999,0.0,1.0297097486539972,5
63,s_curve|mf|K2|bbunet|dp0.5,s_curve,mf,2,test,s_curve_bounds+dynamics+geo_bounds+halfspace+obstacles,model_free-bounds_free-tightened,True,proj_valid,0.0,0.0,0.0,0.0,1.0,0.0,0.0,6.594827390429191,0.0,0.0,871.0,,0.031067599827437443,31.06759982743744,18.511140624394738,12.556459203042703,43.73540230095379,0.007577497129735935,0.9918955907504999,0.0,1.0297097486539972,5
64,s_curve|mf|K5|bbunet|dp0.5,s_curve,mf,5,test,s_curve_bounds+dynamics+geo_bounds+halfspace+obstacles,diffuser,False,all,0.0,0.0,0.0,0.0,1.0,0.0,0.0,6.591014845160069,0.0,0.0,871.0,,0.046289933163709385,46.28993316370939,46.28993316370939,0.0,48.26711883768438,0.03168771526980482,0.8934003257325454,0.0,0.9910108705312377,5
64,s_curve|mf|K5|bbunet|dp0.5,s_curve,mf,5,test,s_curve_bounds+dynamics+geo_bounds+halfspace+obstacles,diffuser,False,proj_valid,0.0,0.0,0.0,0.0,1.0,0.0,0.0,6.591014845160069,0.0,0.0,871.0,,0.046289933163709385,46.28993316370939,46.28993316370939,0.0,48.26711883768438,0.03168771526980482,0.8934003257325454,0.0,0.9910108705312377,5
64,s_curve|mf|K5|bbunet|dp0.5,s_curve,mf,5,test,s_curve_bounds+dynamics+geo_bounds+halfspace+obstacles,dpcc-r,False,all,0.0,0.0,0.0,0.0,0.6,0.0,0.0,3.0215935280205652,2.2,0.12743694708379044,871.0,,1.0993825347643749,1099.3825347643751,44.391556677107516,1054.9909780872676,3994.2226431891313,0.38645235361653274,0.37381971328282404,0.008929633209569198,0.9783664289401944,5
64,s_curve|mf|K5|bbunet|dp0.5,s_curve,mf,5,test,s_curve_bounds+dynamics+geo_bounds+halfspace+obstacles,dpcc-r,False,proj_valid,0.0,0.0,0.0,0.0,0.6,0.0,0.0,3.0215935280205652,2.2,0.12743694708379044,871.0,,1.0993825347643749,1099.3825347643751,44.391556677107516,1054.9909780872676,3994.2226431891313,0.38645235361653274,0.37381971328282404,0.008929633209569198,0.9783664289401944,5
64,s_curve|mf|K5|bbunet|dp0.5,s_curve,mf,5,test,s_curve_bounds+dynamics+geo_bounds+halfspace+obstacles,dpcc-r-tightened,True,all,0.0,0.0,0.0,0.0,1.0,0.0,0.0,3.0653077447185924,0.0,0.0,871.0,,1.2344970061560807,1234.4970061560805,44.59590838018228,1189.9010977758983,4541.941493861375,0.38163030998851893,0.37284023159288393,0.0032055640943492044,0.9831585255893873,5
64,s_curve|mf|K5|bbunet|dp0.5,s_curve,mf,5,test,s_curve_bounds+dynamics+geo_bounds+halfspace+obstacles,dpcc-r-tightened,True,proj_valid,0.0,0.0,0.0,0.0,1.0,0.0,0.0,3.0653077447185924,0.0,0.0,871.0,,1.2344970061560807,1234.4970061560805,44.59590838018228,1189.9010977758983,4541.941493861375,0.38163030998851893,0.37284023159288393,0.0032055640943492044,0.9831585255893873,5
64,s_curve|mf|K5|bbunet|dp0.5,s_curve,mf,5,test,s_curve_bounds+dynamics+geo_bounds+halfspace+obstacles,dpcc-c,False,all,0.0,0.0,0.0,0.0,1.0,0.0,0.0,3.0653560573666008,0.0,0.0,871.0,,1.1524310323333657,1152.4310323333657,44.63044129136561,1107.8005910420002,4447.116155494003,0.3977037887485649,0.36053081915725416,0.003464443511549243,0.9747826260674352,5
64,s_curve|mf|K5|bbunet|dp0.5,s_curve,mf,5,test,s_curve_bounds+dynamics+geo_bounds+halfspace+obstacles,dpcc-c,False,proj_valid,0.0,0.0,0.0,0.0,1.0,0.0,0.0,3.0653560573666008,0.0,0.0,871.0,,1.1524310323333657,1152.4310323333657,44.63044129136561,1107.8005910420002,4447.116155494003,0.3977037887485649,0.36053081915725416,0.003464443511549243,0.9747826260674352,5
64,s_curve|mf|K5|bbunet|dp0.5,s_curve,mf,5,test,s_curve_bounds+dynamics+geo_bounds+halfspace+obstacles,dpcc-c-tightened,True,all,0.0,0.0,0.0,0.0,1.0,0.0,0.0,3.0711530399220313,0.0,0.0,871.0,,1.2024211094757375,1202.4211094757377,44.613658633163325,1157.8074508425743,4294.3948503397405,0.39678530424799086,0.3664688396801671,0.003271706517359623,0.9799800244619034,5
64,s_curve|mf|K5|bbunet|dp0.5,s_curve,mf,5,test,s_curve_bounds+dynamics+geo_bounds+halfspace+obstacles,dpcc-c-tightened,True,proj_valid,0.0,0.0,0.0,0.0,1.0,0.0,0.0,3.0711530399220313,0.0,0.0,871.0,,1.2024211094757375,1202.4211094757377,44.613658633163325,1157.8074508425743,4294.3948503397405,0.39678530424799086,0.3664688396801671,0.003271706517359623,0.9799800244619034,5
64,s_curve|mf|K5|bbunet|dp0.5,s_curve,mf,5,test,s_curve_bounds+dynamics+geo_bounds+halfspace+obstacles,dpcc-t,False,all,0.0,0.0,0.0,0.0,0.8,0.0,0.0,3.0824132908379114,0.6,0.0137917091015488,871.0,,1.1263229498082874,1126.3229498082874,44.46358311475813,1081.8593666935292,3933.0253431945976,0.37979334098737083,0.3839435761969657,0.0028214484385940893,0.9600349574632003,5
64,s_curve|mf|K5|bbunet|dp0.5,s_curve,mf,5,test,s_curve_bounds+dynamics+geo_bounds+halfspace+obstacles,dpcc-t,False,proj_valid,0.0,0.0,0.0,0.0,0.8,0.0,0.0,3.0824132908379114,0.6,0.0137917091015488,871.0,,1.1263229498082874,1126.3229498082874,44.46358311475813,1081.8593666935292,3933.0253431945976,0.37979334098737083,0.3839435761969657,0.0028214484385940893,0.9600349574632003,5
64,s_curve|mf|K5|bbunet|dp0.5,s_curve,mf,5,test,s_curve_bounds+dynamics+geo_bounds+halfspace+obstacles,dpcc-t-tightened,True,all,0.0,0.0,0.0,0.0,1.0,0.0,0.0,3.083187280775481,0.0,0.0,871.0,,1.2695404104136567,1269.5404104136567,44.52815968275249,1225.0122507309043,4571.736151967198,0.36785304247990813,0.3913128393416506,0.003329855670316813,0.9732983482502655,5
64,s_curve|mf|K5|bbunet|dp0.5,s_curve,mf,5,test,s_curve_bounds+dynamics+geo_bounds+halfspace+obstacles,dpcc-t-tightened,True,proj_valid,0.0,0.0,0.0,0.0,1.0,0.0,0.0,3.083187280775481,0.0,0.0,871.0,,1.2695404104136567,1269.5404104136567,44.52815968275249,1225.0122507309043,4571.736151967198,0.36785304247990813,0.3913128393416506,0.003329855670316813,0.9732983482502655,5
64,s_curve|mf|K5|bbunet|dp0.5,s_curve,mf,5,test,s_curve_bounds+dynamics+geo_bounds+halfspace+obstacles,gradient,False,all,0.0,0.0,0.0,0.0,0.0,0.0,0.0,6.222328792971632,37.0,16.733302638694653,871.0,,0.048681285734424914,48.68128573442492,44.13942562471717,4.54186010970774,48.95678546279669,0.09667049368541906,0.963005738451211,0.15853144867308538,0.8733929326056874,5
64,s_curve|mf|K5|bbunet|dp0.5,s_curve,mf,5,test,s_curve_bounds+dynamics+geo_bounds+halfspace+obstacles,gradient,False,proj_valid,0.0,0.0,0.0,0.0,0.0,0.0,0.0,6.222328792971632,37.0,16.733302638694653,871.0,,0.048681285734424914,48.68128573442492,44.13942562471717,4.54186010970774,48.95678546279669,0.09667049368541906,0.963005738451211,0.15853144867308538,0.8733929326056874,5
64,s_curve|mf|K5|bbunet|dp0.5,s_curve,mf,5,test,s_curve_bounds+dynamics+geo_bounds+halfspace+obstacles,gradient-tightened,True,all,0.0,0.0,0.0,0.0,0.2,0.0,0.0,6.500256265781394,31.4,15.859747479759156,871.0,,0.04856459201168846,48.56459201168846,44.265290724589455,4.299301287099011,49.213002268224955,0.07692307692307693,1.109061930644586,0.037769060331989394,0.6919243480632253,5
64,s_curve|mf|K5|bbunet|dp0.5,s_curve,mf,5,test,s_curve_bounds+dynamics+geo_bounds+halfspace+obstacles,gradient-tightened,True,proj_valid,0.0,0.0,0.0,0.0,0.2,0.0,0.0,6.500256265781394,31.4,15.859747479759156,871.0,,0.04856459201168846,48.56459201168846,44.265290724589455,4.299301287099011,49.213002268224955,0.07692307692307693,1.109061930644586,0.037769060331989394,0.6919243480632253,5
64,s_curve|mf|K5|bbunet|dp0.5,s_curve,mf,5,test,s_curve_bounds+dynamics+geo_bounds+halfspace+obstacles,post_processing,False,all,0.0,0.0,0.0,0.0,0.8,0.0,0.0,3.0562936881548035,0.2,0.0023269269918624767,871.0,,0.07710888221808318,77.1088822180832,44.08370353073991,33.02517868734328,83.70983157306905,0.4422502870264064,0.32358076080800724,0.004320848667389842,1.0347506797948522,5
64,s_curve|mf|K5|bbunet|dp0.5,s_curve,mf,5,test,s_curve_bounds+dynamics+geo_bounds+halfspace+obstacles,post_processing,False,proj_valid,0.0,0.0,0.0,0.0,0.8,0.0,0.0,3.0562936881548035,0.2,0.0023269269918624767,871.0,,0.07710888221808318,77.1088822180832,44.08370353073991,33.02517868734328,83.70983157306905,0.4422502870264064,0.32358076080800724,0.004320848667389842,1.0347506797948522,5
64,s_curve|mf|K5|bbunet|dp0.5,s_curve,mf,5,test,s_curve_bounds+dynamics+geo_bounds+halfspace+obstacles,post_processing-tightened,True,all,0.0,0.0,0.0,0.0,1.0,0.0,0.0,3.064156960310326,0.0,0.0,871.0,,0.07289950816989021,72.89950816989021,44.12138804796739,28.778120121922814,82.45896376669407,0.4424799081515499,0.33145935599649334,0.0032815597840042494,1.0416146292350965,5
64,s_curve|mf|K5|bbunet|dp0.5,s_curve,mf,5,test,s_curve_bounds+dynamics+geo_bounds+halfspace+obstacles,post_processing-tightened,True,proj_valid,0.0,0.0,0.0,0.0,1.0,0.0,0.0,3.064156960310326,0.0,0.0,871.0,,0.07289950816989021,72.89950816989021,44.12138804796739,28.778120121922814,82.45896376669407,0.4424799081515499,0.33145935599649334,0.0032815597840042494,1.0416146292350965,5
64,s_curve|mf|K5|bbunet|dp0.5,s_curve,mf,5,test,s_curve_bounds+dynamics+geo_bounds+halfspace+obstacles,model_free,False,all,0.0,0.0,0.0,0.0,1.0,0.0,0.0,6.590579972023589,0.0,0.0,871.0,,0.08881789927999792,88.81789927999792,44.61438922994686,44.20351005005106,104.82317626476288,0.030539609644087258,0.9347705250085356,0.0,1.016348239456372,5
64,s_curve|mf|K5|bbunet|dp0.5,s_curve,mf,5,test,s_curve_bounds+dynamics+geo_bounds+halfspace+obstacles,model_free,False,proj_valid,0.0,0.0,0.0,0.0,1.0,0.0,0.0,6.590579972023589,0.0,0.0,871.0,,0.08881789927999792,88.81789927999792,44.61438922994686,44.20351005005106,104.82317626476288,0.030539609644087258,0.9347705250085356,0.0,1.016348239456372,5
64,s_curve|mf|K5|bbunet|dp0.5,s_curve,mf,5,test,s_curve_bounds+dynamics+geo_bounds+halfspace+obstacles,model_free-tightened,True,all,0.0,0.0,0.0,0.0,1.0,0.0,0.0,6.597427406694083,0.0,0.0,871.0,,0.09114277255634216,91.14277255634217,44.65901515932647,46.48375739701569,110.8519497141242,0.027324913892078074,0.9603593486922121,0.0,1.1129944831431686,5
64,s_curve|mf|K5|bbunet|dp0.5,s_curve,mf,5,test,s_curve_bounds+dynamics+geo_bounds+halfspace+obstacles,model_free-tightened,True,proj_valid,0.0,0.0,0.0,0.0,1.0,0.0,0.0,6.597427406694083,0.0,0.0,871.0,,0.09114277255634216,91.14277255634217,44.65901515932647,46.48375739701569,110.8519497141242,0.027324913892078074,0.9603593486922121,0.0,1.1129944831431686,5
64,s_curve|mf|K5|bbunet|dp0.5,s_curve,mf,5,test,s_curve_bounds+dynamics+geo_bounds+halfspace+obstacles,bounds_free,False,all,0.0,0.0,0.0,0.0,0.2,0.0,0.0,4.147127713392402,9.2,0.9239260526348835,871.0,,0.4814590205345242,481.45902053452426,44.38254799864163,437.07647253588266,1339.870632737874,0.24064293915040183,0.5381123557272274,0.013502470086358872,0.95860062799257,5
64,s_curve|mf|K5|bbunet|dp0.5,s_curve,mf,5,test,s_curve_bounds+dynamics+geo_bounds+halfspace+obstacles,bounds_free,False,proj_valid,0.0,0.0,0.0,0.0,0.2,0.0,0.0,4.147127713392402,9.2,0.9239260526348835,871.0,,0.4814590205345242,481.45902053452426,44.38254799864163,437.07647253588266,1339.870632737874,0.24064293915040183,0.5381123557272274,0.013502470086358872,0.95860062799257,5
64,s_curve|mf|K5|bbunet|dp0.5,s_curve,mf,5,test,s_curve_bounds+dynamics+geo_bounds+halfspace+obstacles,bounds_free-tightened,True,all,0.0,0.0,0.0,0.0,0.2,0.0,0.0,4.208587663380724,5.4,0.33734876775741574,871.0,,0.4484228951544047,448.4228951544047,44.36277426934909,404.0601208850556,1069.2421895451848,0.21630309988518945,0.5009378040953767,0.009264953924571138,1.094415334068725,5
64,s_curve|mf|K5|bbunet|dp0.5,s_curve,mf,5,test,s_curve_bounds+dynamics+geo_bounds+halfspace+obstacles,bounds_free-tightened,True,proj_valid,0.0,0.0,0.0,0.0,0.2,0.0,0.0,4.208587663380724,5.4,0.33734876775741574,871.0,,0.4484228951544047,448.4228951544047,44.36277426934909,404.0601208850556,1069.2421895451848,0.21630309988518945,0.5009378040953767,0.009264953924571138,1.094415334068725,5
64,s_curve|mf|K5|bbunet|dp0.5,s_curve,mf,5,test,s_curve_bounds+dynamics+geo_bounds+halfspace+obstacles,geo_free,False,all,0.2,0.2,0.0,0.0,0.0,0.2,0.2,2.215123115271491,17.6,1.327733737823798,820.8,620.0,0.07802270643373593,78.02270643373593,44.209494031663105,33.813212402072836,78.27660853043199,0.5809414466130884,0.30837316486260374,0.02472752627647229,0.9053006864917214,5
64,s_curve|mf|K5|bbunet|dp0.5,s_curve,mf,5,test,s_curve_bounds+dynamics+geo_bounds+halfspace+obstacles,geo_free,False,proj_valid,0.2,0.2,0.0,0.0,0.0,0.2,0.2,2.215123115271491,17.6,1.327733737823798,820.8,620.0,0.07802270643373593,78.02270643373593,44.209494031663105,33.813212402072836,78.27660853043199,0.5809414466130884,0.30837316486260374,0.02472752627647229,0.9053006864917214,5
64,s_curve|mf|K5|bbunet|dp0.5,s_curve,mf,5,test,s_curve_bounds+dynamics+geo_bounds+halfspace+obstacles,geo_free-bounds_free,False,all,0.2,0.2,0.0,0.0,0.0,0.2,0.2,2.315133337883919,9.0,0.6888029993977105,820.4,618.0,0.0718723267688137,71.87232676881369,44.24795019824528,27.624376570568415,72.02098809182644,0.572675086107922,0.3001735596339018,0.030271848351816226,0.9826953959781608,5
64,s_curve|mf|K5|bbunet|dp0.5,s_curve,mf,5,test,s_curve_bounds+dynamics+geo_bounds+halfspace+obstacles,geo_free-bounds_free,False,proj_valid,0.2,0.2,0.0,0.0,0.0,0.2,0.2,2.315133337883919,9.0,0.6888029993977105,820.4,618.0,0.0718723267688137,71.87232676881369,44.24795019824528,27.624376570568415,72.02098809182644,0.572675086107922,0.3001735596339018,0.030271848351816226,0.9826953959781608,5
64,s_curve|mf|K5|bbunet|dp0.5,s_curve,mf,5,test,s_curve_bounds+dynamics+geo_bounds+halfspace+obstacles,geo_free-model_free,False,all,0.0,0.0,0.0,0.0,1.0,0.0,0.0,6.594416461121322,0.0,0.0,871.0,,0.06763229789251696,67.63229789251696,44.623122572989246,23.009175319527717,73.44113510102034,0.027324913892078074,1.0344563310453494,0.0,0.9975505898623547,5
64,s_curve|mf|K5|bbunet|dp0.5,s_curve,mf,5,test,s_curve_bounds+dynamics+geo_bounds+halfspace+obstacles,geo_free-model_free,False,proj_valid,0.0,0.0,0.0,0.0,1.0,0.0,0.0,6.594416461121322,0.0,0.0,871.0,,0.06763229789251696,67.63229789251696,44.623122572989246,23.009175319527717,73.44113510102034,0.027324913892078074,1.0344563310453494,0.0,0.9975505898623547,5
64,s_curve|mf|K5|bbunet|dp0.5,s_curve,mf,5,test,s_curve_bounds+dynamics+geo_bounds+halfspace+obstacles,model_free-bounds_free,False,all,0.0,0.0,0.0,0.0,1.0,0.0,0.0,6.595048099072582,0.0,0.0,871.0,,0.07696062112466565,76.96062112466566,44.698777843821084,32.261843280844566,91.64625791832805,0.02893226176808266,0.9838115565719818,0.0,1.0613003062748603,5
64,s_curve|mf|K5|bbunet|dp0.5,s_curve,mf,5,test,s_curve_bounds+dynamics+geo_bounds+halfspace+obstacles,model_free-bounds_free,False,proj_valid,0.0,0.0,0.0,0.0,1.0,0.0,0.0,6.595048099072582,0.0,0.0,871.0,,0.07696062112466565,76.96062112466566,44.698777843821084,32.261843280844566,91.64625791832805,0.02893226176808266,0.9838115565719818,0.0,1.0613003062748603,5
64,s_curve|mf|K5|bbunet|dp0.5,s_curve,mf,5,test,s_curve_bounds+dynamics+geo_bounds+halfspace+obstacles,model_free-bounds_free-tightened,True,all,0.0,0.0,0.0,0.0,1.0,0.0,0.0,6.587395665706865,0.0,0.0,871.0,,0.07786462424195091,77.8646242419509,44.55151834079463,33.31310590115627,92.22766555845737,0.030539609644087258,0.9188373842578675,0.0,0.9728839190598773,5
64,s_curve|mf|K5|bbunet|dp0.5,s_curve,mf,5,test,s_curve_bounds+dynamics+geo_bounds+halfspace+obstacles,model_free-bounds_free-tightened,True,proj_valid,0.0,0.0,0.0,0.0,1.0,0.0,0.0,6.587395665706865,0.0,0.0,871.0,,0.07786462424195091,77.8646242419509,44.55151834079463,33.31310590115627,92.22766555845737,0.030539609644087258,0.9188373842578675,0.0,0.9728839190598773,5
65,s_curve|diffusion|K20,s_curve,diffusion,20,test,s_curve_bounds+dynamics+geo_bounds+halfspace+obstacles,diffuser,False,all,0.0,0.0,0.0,0.0,0.0,0.0,0.0,2.7918854546487095,15.0,1.3657285931117606,871.0,,0.17436978641224637,174.36978641224636,174.36978641224636,0.0,174.93992945179343,0.46222732491389207,0.312854870803067,0.043526533835682994,1.0245453077013453,5
65,s_curve|diffusion|K20,s_curve,diffusion,20,test,s_curve_bounds+dynamics+geo_bounds+halfspace+obstacles,diffuser,False,proj_valid,0.0,0.0,0.0,0.0,0.0,0.0,0.0,2.7918854546487095,15.0,1.3657285931117606,871.0,,0.17436978641224637,174.36978641224636,174.36978641224636,0.0,174.93992945179343,0.46222732491389207,0.312854870803067,0.043526533835682994,1.0245453077013453,5
65,s_curve|diffusion|K20,s_curve,diffusion,20,test,s_curve_bounds+dynamics+geo_bounds+halfspace+obstacles,dpcc-r,False,all,0.0,0.0,0.0,0.0,0.0,0.0,0.0,2.3621219207640416,125.0,132.72255413402013,871.0,,3.9538734040738577,3953.8734040738577,176.61730009602394,3777.256103977834,13394.933540076014,0.58300803673938,0.6732412949256033,0.1280100051379201,0.4880437376680405,5
65,s_curve|diffusion|K20,s_curve,diffusion,20,test,s_curve_bounds+dynamics+geo_bounds+halfspace+obstacles,dpcc-r,False,proj_valid,0.0,0.0,0.0,0.0,0.0,0.0,0.0,2.3621219207640416,125.0,132.72255413402013,871.0,,3.9538734040738577,3953.8734040738577,176.61730009602394,3777.256103977834,13394.933540076014,0.58300803673938,0.6732412949256033,0.1280100051379201,0.4880437376680405,5
65,s_curve|diffusion|K20,s_curve,diffusion,20,test,s_curve_bounds+dynamics+geo_bounds+halfspace+obstacles,dpcc-r-tightened,True,all,0.0,0.0,0.0,0.0,0.0,0.0,0.0,2.3043331090165835,177.2,148.6639706985872,871.0,,4.486893478633698,4486.893478633698,176.68194843967953,4310.211530194018,16982.034435719244,0.6378874856486797,0.9178121003115824,0.19496168011093382,0.4288445597691382,5
65,s_curve|diffusion|K20,s_curve,diffusion,20,test,s_curve_bounds+dynamics+geo_bounds+halfspace+obstacles,dpcc-r-tightened,True,proj_valid,0.0,0.0,0.0,0.0,0.0,0.0,0.0,2.3043331090165835,177.2,148.6639706985872,871.0,,4.486893478633698,4486.893478633698,176.68194843967953,4310.211530194018,16982.034435719244,0.6378874856486797,0.9178121003115824,0.19496168011093382,0.4288445597691382,5
65,s_curve|diffusion|K20,s_curve,diffusion,20,test,s_curve_bounds+dynamics+geo_bounds+halfspace+obstacles,dpcc-c,False,all,0.0,0.0,0.0,0.0,0.0,0.0,0.0,2.520385013972071,134.6,104.86496052363177,871.0,,3.6852767795727686,3685.276779572769,176.8660625354544,3508.4107170373145,14358.760299887508,0.583467278989667,0.7719929221633247,0.14266475771623935,0.7493077955842201,5
65,s_curve|diffusion|K20,s_curve,diffusion,20,test,s_curve_bounds+dynamics+geo_bounds+halfspace+obstacles,dpcc-c,False,proj_valid,0.0,0.0,0.0,0.0,0.0,0.0,0.0,2.520385013972071,134.6,104.86496052363177,871.0,,3.6852767795727686,3685.276779572769,176.8660625354544,3508.4107170373145,14358.760299887508,0.583467278989667,0.7719929221633247,0.14266475771623935,0.7493077955842201,5
65,s_curve|diffusion|K20,s_curve,diffusion,20,test,s_curve_bounds+dynamics+geo_bounds+halfspace+obstacles,dpcc-c-tightened,True,all,0.0,0.0,0.0,0.0,0.0,0.0,0.0,2.2033281147958492,171.2,148.12271283130767,871.0,,4.537973123836997,4537.973123836998,177.03253375226546,4360.940590084732,16426.619850844138,0.6355912743972445,0.8959564809555408,0.21021839297444028,0.32513224571194327,5
65,s_curve|diffusion|K20,s_curve,diffusion,20,test,s_curve_bounds+dynamics+geo_bounds+halfspace+obstacles,dpcc-c-tightened,True,proj_valid,0.0,0.0,0.0,0.0,0.0,0.0,0.0,2.2033281147958492,171.2,148.12271283130767,871.0,,4.537973123836997,4537.973123836998,177.03253375226546,4360.940590084732,16426.619850844138,0.6355912743972445,0.8959564809555408,0.21021839297444028,0.32513224571194327,5
65,s_curve|diffusion|K20,s_curve,diffusion,20,test,s_curve_bounds+dynamics+geo_bounds+halfspace+obstacles,dpcc-t,False,all,0.0,0.0,0.0,0.0,0.0,0.0,0.0,2.2187524441978494,158.2,134.39835264552707,871.0,,4.239687277874943,4239.687277874943,177.07248311978222,4062.6147947551603,15677.344631552685,0.6369690011481056,0.8833243477092317,0.2016319072567488,0.5952302290530017,5
65,s_curve|diffusion|K20,s_curve,diffusion,20,test,s_curve_bounds+dynamics+geo_bounds+halfspace+obstacles,dpcc-t,False,proj_valid,0.0,0.0,0.0,0.0,0.0,0.0,0.0,2.2187524441978494,158.2,134.39835264552707,871.0,,4.239687277874943,4239.687277874943,177.07248311978222,4062.6147947551603,15677.344631552685,0.6369690011481056,0.8833243477092317,0.2016319072567488,0.5952302290530017,5
65,s_curve|diffusion|K20,s_curve,diffusion,20,test,s_curve_bounds+dynamics+geo_bounds+halfspace+obstacles,dpcc-t-tightened,True,all,0.0,0.0,0.0,0.0,0.0,0.0,0.0,2.3780973094324787,286.4,202.64985563624708,871.0,,5.641574910697496,5641.574910697496,176.71164849976356,5464.863262197733,19851.055321991444,0.7648679678530425,1.1675220815200413,0.28998009373653966,0.5135767212360351,5
65,s_curve|diffusion|K20,s_curve,diffusion,20,test,s_curve_bounds+dynamics+geo_bounds+halfspace+obstacles,dpcc-t-tightened,True,proj_valid,0.0,0.0,0.0,0.0,0.0,0.0,0.0,2.3780973094324787,286.4,202.64985563624708,871.0,,5.641574910697496,5641.574910697496,176.71164849976356,5464.863262197733,19851.055321991444,0.7648679678530425,1.1675220815200413,0.28998009373653966,0.5135767212360351,5
65,s_curve|diffusion|K20,s_curve,diffusion,20,test,s_curve_bounds+dynamics+geo_bounds+halfspace+obstacles,dpcc-r-geo_free,False,all,0.0,0.0,0.0,0.0,0.0,0.0,0.0,2.874900528729835,16.2,1.5036222270244495,871.0,,0.3001136070380498,300.11360703804974,175.88120101313734,124.2324060249124,301.230625808239,0.45350172215843865,0.31704188852823856,0.04510797128521654,1.153090311686774,5
65,s_curve|diffusion|K20,s_curve,diffusion,20,test,s_curve_bounds+dynamics+geo_bounds+halfspace+obstacles,dpcc-r-geo_free,False,proj_valid,0.0,0.0,0.0,0.0,0.0,0.0,0.0,2.874900528729835,16.2,1.5036222270244495,871.0,,0.3001136070380498,300.11360703804974,175.88120101313734,124.2324060249124,301.230625808239,0.45350172215843865,0.31704188852823856,0.04510797128521654,1.153090311686774,5
