backend,method,n_trials,avg_ms,std_ms,p50_ms,p95_ms,min_ms,max_ms
torchdiffeq,euler,1,142.01641299951007,0.0,142.01641299951007,142.01641299951007,142.01641299951007,142.01641299951007
torchdiffeq,midpoint,1,313.1784230008634,0.0,313.1784230008634,313.1784230008634,313.1784230008634,313.1784230008634
torchdiffeq,rk4,1,690.3662599997915,0.0,690.3662599997915,690.3662599997915,690.3662599997915,690.3662599997915
