backend,method,n_trials,avg_ms,std_ms,p50_ms,p95_ms,min_ms,max_ms
legacy_euler,euler,20,51.84328469999855,3.6752733318717934,50.62850200010871,57.71709400005421,48.40639999929408,63.361841999721946
torchdiffeq,euler,20,50.74633664994508,3.921708675152984,49.53263199968205,59.69382645025689,47.77080499934527,63.49328400028753
torchdiffeq,midpoint,20,69.70790955006123,10.306731842854806,65.58734849977554,88.39798464996422,60.07508700076869,103.35975599991798
torchdiffeq,rk4,20,68.76069724994522,7.172921348883489,66.33153050006513,81.44428054984019,61.018245999548526,86.09742899989214
torchdiffeq,dopri5,20,69.62524475002283,15.757260175474302,73.82893400017565,87.81453290030186,46.380669999962265,95.79931899952498
